-0.79,1.44,-0.15,-0.79,1.44,-0.15,-0.85,1.09,0.11,0.32886,-0.07514,-0.15902,-0.92786,-0.86,1.05,0.06,0.32886,-0.07514,-0.15902,-0.92786,-0.82,1.07,0.09,0.46829,-0.15939,0.48077,-0.72398,-0.8,1.09,0.11,0.20257,0.00214,0.42923,-0.88018,-0.8,1.1,0.14,0.08061,0.02116,0.50445,-0.85941,-0.8,1.1,0.16,0.08061,0.02116,0.50445,-0.85941,-0.84,1.07,0.09,0.32886,-0.07514,-0.15902,-0.92786,-0.83,1.11,0.13,0.09256,-0.12212,-0.08707,-0.98435,-0.82,1.12,0.17,-0.26462,-0.14975,-0.06358,-0.95053,-0.82,1.11,0.19,-0.428,-0.13219,-0.04702,-0.89282,-0.81,1.09,0.2,-0.428,-0.13219,-0.04702,-0.89282,-0.85,1.07,0.09,0.32886,-0.07514,-0.15902,-0.92786,-0.85,1.11,0.14,0.16715,-0.08861,-0.15911,-0.96896,-0.85,1.12,0.17,-0.21466,-0.14479,-0.1259,-0.95766,-0.84,1.11,0.2,-0.38335,-0.15782,-0.15769,-0.89625,-0.83,1.1,0.21,-0.38335,-0.15782,-0.15769,-0.89625,-0.87,1.07,0.1,0.32886,-0.07514,-0.15902,-0.92786,-0.87,1.1,0.14,0.24254,-0.05998,-0.21895,-0.94321,-0.87,1.12,0.17,-0.18285,-0.16842,-0.20819,-0.94597,-0.86,1.11,0.19,-0.39885,-0.23809,-0.1823,-0.8666,-0.85,1.1,0.21,-0.39885,-0.23809,-0.1823,-0.8666,-0.87,1.06,0.1,0.26349,-0.01352,-0.39082,-0.88185,-0.88,1.08,0.14,0.24962,-0.06535,-0.28878,-0.92197,-0.88,1.1,0.16,-0.14641,-0.16953,-0.30937,-0.92419,-0.88,1.09,0.18,-0.33823,-0.27975,-0.26777,-0.8577,-0.86,1.09,0.19,-0.33823,-0.27975,-0.26777,-0.8577,-0.7,1.1,0.11,-0.43152,-0.15139,-0.1138,0.882,-0.69,1.05,0.07,-0.43152,-0.15139,-0.1138,0.882,-0.72,1.07,0.09,-0.44649,-0.16232,0.62985,0.61449,-0.75,1.08,0.11,-0.25369,0.02442,0.5789,0.77454,-0.76,1.1,0.14,-0.12381,0.07754,0.64249,0.75224,-0.76,1.11,0.16,-0.12381,0.07754,0.64249,0.75224,-0.71,1.08,0.09,-0.43152,-0.15139,-0.1138,0.882,-0.73,1.13,0.12,-0.14158,-0.17984,-0.00954,0.97341,-0.74,1.14,0.15,0.27275,-0.17551,0.04026,0.94508,-0.75,1.12,0.17,0.4291,-0.13992,0.05921,0.89039,-0.75,1.11,0.19,0.4291,-0.13992,0.05921,0.89039,-0.7,1.08,0.09,-0.43152,-0.15139,-0.1138,0.882,-0.7,1.13,0.12,-0.06549,-0.1704,-0.07146,0.9806,-0.72,1.13,0.16,0.42646,-0.18606,0.00882,0.88512,-0.73,1.11,0.18,0.68603,-0.15506,-0.00381,0.71085,-0.73,1.09,0.18,0.68603,-0.15506,-0.00381,0.71085,-0.68,1.08,0.1,-0.43152,-0.15139,-0.1138,0.882,-0.69,1.12,0.13,-0.08298,-0.16237,-0.14057,0.97313,-0.7,1.13,0.17,0.49852,-0.23346,-0.06027,0.83267,-0.71,1.11,0.18,0.79628,-0.24999,0.0058,0.55083,-0.72,1.08,0.17,0.79628,-0.24999,0.0058,0.55083,-0.67,1.07,0.1,-0.35426,-0.11419,-0.35055,0.8594,-0.67,1.1,0.14,-0.22,-0.14055,-0.25136,0.93202,-0.68,1.12,0.16,0.42025,-0.27563,-0.18995,0.84341,-0.69,1.11,0.17,0.74018,-0.36873,-0.06504,0.55851,-0.7,1.09,0.16,0.74018,-0.36873,-0.06504,0.55851,-0.81,1.08,0.19
-0.79,1.44,-0.15,-0.79,1.44,-0.15,-0.85,1.09,0.11,0.32778,-0.07556,-0.15765,-0.92844,-0.86,1.05,0.06,0.32778,-0.07556,-0.15765,-0.92844,-0.82,1.07,0.09,0.46851,-0.16085,0.48046,-0.72373,-0.8,1.09,0.11,0.20085,0.00158,0.42957,-0.88041,-0.8,1.1,0.14,0.07547,0.0225,0.5044,-0.85987,-0.8,1.1,0.16,0.07547,0.0225,0.5044,-0.85987,-0.84,1.07,0.09,0.32778,-0.07556,-0.15765,-0.92844,-0.83,1.11,0.13,0.09137,-0.11997,-0.08704,-0.98472,-0.82,1.12,0.17,-0.26875,-0.14791,-0.06386,-0.94964,-0.82,1.11,0.19,-0.43162,-0.13036,-0.04756,-0.89132,-0.81,1.09,0.2,-0.43162,-0.13036,-0.04756,-0.89132,-0.85,1.07,0.09,0.32778,-0.07556,-0.15765,-0.92844,-0.85,1.11,0.14,0.16279,-0.08808,-0.15797,-0.96994,-0.85,1.12,0.17,-0.21889,-0.14379,-0.12508,-0.95696,-0.84,1.11,0.2,-0.38447,-0.15607,-0.15726,-0.89615,-0.83,1.1,0.21,-0.38447,-0.15607,-0.15726,-0.89615,-0.87,1.07,0.1,0.32778,-0.07556,-0.15765,-0.92844,-0.87,1.1,0.14,0.23602,-0.0598,-0.21775,-0.94515,-0.87,1.12,0.17,-0.18472,-0.16646,-0.20808,-0.94598,-0.86,1.11,0.19,-0.39559,-0.23526,-0.18368,-0.86858,-0.85,1.1,0.21,-0.39559,-0.23526,-0.18368,-0.86858,-0.87,1.06,0.1,0.26254,-0.0136,-0.38945,-0.88274,-0.88,1.08,0.14,0.24108,-0.06586,-0.28787,-0.92449,-0.88,1.1,0.16,-0.14798,-0.16662,-0.30929,-0.92449,-0.88,1.09,0.18,-0.32969,-0.27397,-0.27118,-0.86181,-0.86,1.09,0.2,-0.32969,-0.27397,-0.27118,-0.86181,-0.7,1.1,0.11,-0.41058,-0.14417,-0.09926,0.89487,-0.69,1.05,0.07,-0.41058,-0.14417,-0.09926,0.89487,-0.72,1.07,0.1,-0.42415,-0.17386,0.6388,0.6179,-0.75,1.08,0.11,-0.23149,0.01761,0.5915,0.77216,-0.76,1.09,0.14,-0.10234,0.07052,0.65453,0.74575,-0.76,1.1,0.17,-0.10234,0.07052,0.65453,0.74575,-0.71,1.08,0.09,-0.41058,-0.14417,-0.09926,0.89487,-0.73,1.12,0.13,-0.11918,-0.17109,0.00283,0.97802,-0.74,1.13,0.16,0.29228,-0.16205,0.04731,0.94131,-0.75,1.12,0.18,0.44736,-0.12522,0.06442,0.8832,-0.75,1.1,0.19,0.44736,-0.12522,0.06442,0.8832,-0.7,1.07,0.1,-0.41058,-0.14417,-0.09926,0.89487,-0.7,1.12,0.13,-0.04584,-0.15734,-0.0612,0.98458,-0.72,1.13,0.17,0.44385,-0.16942,0.01097,0.87987,-0.73,1.11,0.18,0.69813,-0.13743,-0.00681,0.70262,-0.73,1.08,0.18,0.69813,-0.13743,-0.00681,0.70262,-0.68,1.08,0.1,-0.41058,-0.14417,-0.09926,0.89487,-0.69,1.11,0.13,-0.06696,-0.14759,-0.13025,0.97815,-0.7,1.12,0.17,0.50498,-0.21432,-0.06299,0.83372,-0.71,1.1,0.18,0.79771,-0.23391,-0.00611,0.5558,-0.72,1.08,0.17,0.79771,-0.23391,-0.00611,0.5558,-0.67,1.07,0.1,-0.33729,-0.1008,-0.33634,0.87347,-0.67,1.1,0.14,-0.19938,-0.12744,-0.23793,0.94202,-0.68,1.11,0.16,0.42848,-0.25269,-0.19151,0.8461,-0.69,1.1,0.17,0.74441,-0.34867,-0.07934,0.5639,-0.7,1.09,0.17,0.74441,-0.34867,-0.07934,0.5639,-0.81,1.08,0.19
-0.8,1.44,-0.15,-0.8,1.44,-0.15,-0.85,1.09,0.11,0.32857,-0.07617,-0.15845,-0.92797,-0.86,1.05,0.06,0.32857,-0.07617,-0.15845,-0.92797,-0.82,1.07,0.09,0.46932,-0.16057,0.48011,-0.72349,-0.8,1.09,0.11,0.20117,0.00193,0.42917,-0.88053,-0.8,1.1,0.14,0.07244,0.02475,0.50362,-0.86053,-0.8,1.1,0.16,0.07244,0.02475,0.50362,-0.86053,-0.84,1.07,0.09,0.32857,-0.07617,-0.15845,-0.92797,-0.83,1.11,0.13,0.09176,-0.12033,-0.08784,-0.98457,-0.82,1.12,0.17,-0.26944,-0.14862,-0.0643,-0.94931,-0.81,1.11,0.19,-0.43203,-0.13111,-0.04789,-0.89099,-0.81,1.09,0.2,-0.43203,-0.13111,-0.04789,-0.89099,-0.85,1.07,0.09,0.32857,-0.07617,-0.15845,-0.92797,-0.85,1.11,0.14,0.16207,-0.08791,-0.1591,-0.96989,-0.85,1.12,0.17,-0.22109,-0.14426,-0.12597,-0.95626,-0.84,1.11,0.2,-0.38672,-0.15656,-0.15802,-0.89497,-0.83,1.1,0.21,-0.38672,-0.15656,-0.15802,-0.89497,-0.87,1.07,0.1,0.32857,-0.07617,-0.15845,-0.92797,-0.87,1.1,0.14,0.23366,-0.05941,-0.21899,-0.94547,-0.87,1.12,0.17,-0.18708,-0.16657,-0.20939,-0.94521,-0.86,1.11,0.19,-0.39711,-0.23551,-0.18509,-0.86751,-0.85,1.09,0.21,-0.39711,-0.23551,-0.18509,-0.86751,-0.87,1.06,0.1,0.26307,-0.01443,-0.39022,-0.88222,-0.88,1.08,0.14,0.23697,-0.06526,-0.28944,-0.9251,-0.88,1.1,0.16,-0.15106,-0.16608,-0.31103,-0.9235,-0.88,1.09,0.18,-0.33028,-0.27315,-0.2737,-0.86104,-0.86,1.08,0.2,-0.33028,-0.27315,-0.2737,-0.86104,-0.7,1.1,0.11,-0.4243,-0.1458,-0.10325,0.88772,-0.69,1.05,0.07,-0.4243,-0.1458,-0.10325,0.88772,-0.72,1.07,0.09,-0.43855,-0.16311,0.63465,0.61505,-0.75,1.08,0.11,-0.24717,0.02495,0.58395,0.77284,-0.76,1.1,0.14,-0.11758,0.078,0.64701,0.74931,-0.76,1.1,0.16,-0.11758,0.078,0.64701,0.74931,-0.71,1.08,0.09,-0.4243,-0.1458,-0.10325,0.88772,-0.73,1.12,0.12,-0.13116,-0.17578,0.00276,0.97565,-0.74,1.13,0.16,0.27927,-0.16673,0.04903,0.94435,-0.75,1.12,0.17,0.43416,-0.12976,0.06639,0.88896,-0.75,1.1,0.19,0.43416,-0.12976,0.06639,0.88896,-0.7,1.08,0.1,-0.4243,-0.1458,-0.10325,0.88772,-0.7,1.13,0.13,-0.06404,-0.16075,-0.06474,0.98278,-0.72,1.13,0.17,0.4263,-0.17437,0.00944,0.88757,-0.73,1.11,0.18,0.68387,-0.14396,-0.00712,0.71523,-0.73,1.09,0.18,0.68387,-0.14396,-0.00712,0.71523,-0.68,1.08,0.1,-0.4243,-0.1458,-0.10325,0.88772,-0.69,1.12,0.13,-0.0887,-0.15179,-0.13403,0.97526,-0.7,1.12,0.17,0.4821,-0.22057,-0.06406,0.84547,-0.71,1.1,0.18,0.78028,-0.24103,-0.00462,0.5771,-0.72,1.08,0.17,0.78028,-0.24103,-0.00462,0.5771,-0.67,1.07,0.1,-0.34981,-0.10629,-0.34062,0.86621,-0.67,1.1,0.14,-0.21514,-0.13263,-0.24162,0.93688,-0.68,1.12,0.16,0.40699,-0.25912,-0.19261,0.85447,-0.69,1.11,0.17,0.7263,-0.35509,-0.07788,0.58339,-0.7,1.09,0.17,0.7263,-0.35509,-0.07788,0.58339,-0.81,1.08,0.19
-0.8,1.44,-0.15,-0.8,1.44,-0.15,-0.85,1.09,0.11,0.33127,-0.07572,-0.15807,-0.92711,-0.86,1.05,0.06,0.33127,-0.07572,-0.15807,-0.92711,-0.82,1.07,0.09,0.46993,-0.15799,0.48189,-0.72249,-0.8,1.08,0.11,0.2024,0.00484,0.43002,-0.87983,-0.8,1.1,0.14,0.072,0.02871,0.50395,-0.86025,-0.8,1.1,0.16,0.072,0.02871,0.50395,-0.86025,-0.84,1.07,0.09,0.33127,-0.07572,-0.15807,-0.92711,-0.83,1.11,0.13,0.09023,-0.11827,-0.08802,-0.98495,-0.82,1.12,0.17,-0.27398,-0.14692,-0.06475,-0.94824,-0.82,1.11,0.19,-0.43616,-0.12946,-0.04852,-0.88918,-0.81,1.09,0.2,-0.43616,-0.12946,-0.04852,-0.88918,-0.85,1.07,0.09,0.33127,-0.07572,-0.15807,-0.92711,-0.85,1.11,0.14,0.15748,-0.08719,-0.15889,-0.97075,-0.85,1.12,0.17,-0.23005,-0.14403,-0.1254,-0.95426,-0.84,1.11,0.2,-0.39612,-0.15582,-0.15737,-0.89109,-0.83,1.1,0.21,-0.39612,-0.15582,-0.15737,-0.89109,-0.87,1.06,0.1,0.33127,-0.07572,-0.15807,-0.92711,-0.87,1.1,0.14,0.22917,-0.05874,-0.21903,-0.9466,-0.87,1.11,0.17,-0.19362,-0.16624,-0.2095,-0.94392,-0.86,1.11,0.19,-0.40357,-0.23515,-0.18537,-0.86457,-0.85,1.09,0.21,-0.40357,-0.23515,-0.18537,-0.86457,-0.87,1.06,0.1,0.26585,-0.01466,-0.39007,-0.88145,-0.88,1.08,0.14,0.23254,-0.0634,-0.29037,-0.92606,-0.88,1.09,0.16,-0.15635,-0.16471,-0.31244,-0.92239,-0.88,1.09,0.18,-0.33422,-0.27179,-0.27587,-0.85926,-0.86,1.08,0.2,-0.33422,-0.27179,-0.27587,-0.85926,-0.7,1.11,0.11,-0.45907,-0.15655,-0.12163,0.866,-0.69,1.06,0.07,-0.45907,-0.15655,-0.12163,0.866,-0.72,1.08,0.09,-0.47688,-0.14161,0.62015,0.60659,-0.75,1.09,0.11,-0.28797,0.03708,0.56281,0.77392,-0.76,1.11,0.13,-0.15654,0.09161,0.62647,0.75805,-0.76,1.12,0.16,-0.15654,0.09161,0.62647,0.75805,-0.71,1.08,0.09,-0.45907,-0.15655,-0.12163,0.866,-0.72,1.13,0.11,-0.17307,-0.19033,-0.0107,0.96629,-0.74,1.14,0.15,0.24001,-0.1864,0.04351,0.95171,-0.75,1.13,0.17,0.39773,-0.15053,0.06331,0.90285,-0.75,1.12,0.18,0.39773,-0.15053,0.06331,0.90285,-0.7,1.08,0.09,-0.45907,-0.15655,-0.12163,0.866,-0.7,1.13,0.12,-0.10624,-0.17792,-0.07916,0.97509,-0.72,1.14,0.16,0.38796,-0.19691,0.00586,0.90038,-0.73,1.12,0.17,0.65433,-0.16923,-0.004,0.73702,-0.73,1.1,0.18,0.65433,-0.16923,-0.004,0.73702,-0.68,1.08,0.1,-0.45907,-0.15655,-0.12163,0.866,-0.69,1.12,0.13,-0.12536,-0.17217,-0.14753,0.96586,-0.7,1.13,0.16,0.44724,-0.24636,-0.06266,0.85753,-0.71,1.12,0.17,0.75401,-0.26526,0.0077,0.60088,-0.72,1.09,0.17,0.75401,-0.26526,0.0077,0.60088,-0.67,1.08,0.1,-0.37906,-0.12728,-0.3586,0.84351,-0.67,1.11,0.13,-0.24236,-0.15601,-0.25665,0.92252,-0.68,1.13,0.16,0.37641,-0.28868,-0.19025,0.85953,-0.69,1.12,0.17,0.69985,-0.38081,-0.06228,0.6011,-0.7,1.1,0.16,0.69985,-0.38081,-0.06228,0.6011,-0.81,1.08,0.19
-0.8,1.44,-0.15,-0.8,1.44,-0.15,-0.85,1.09,0.11,0.34459,-0.06905,-0.158,-0.92278,-0.86,1.05,0.06,0.34459,-0.06905,-0.158,-0.92278,-0.82,1.07,0.09,0.47328,-0.1424,0.48743,-0.71982,-0.8,1.08,0.11,0.21012,0.01982,0.42994,-0.87785,-0.8,1.1,0.14,0.07909,0.04397,0.50234,-0.85992,-0.8,1.1,0.16,0.07909,0.04397,0.50234,-0.85992,-0.84,1.07,0.09,0.34459,-0.06905,-0.158,-0.92278,-0.83,1.11,0.13,0.09304,-0.10945,-0.08975,-0.98555,-0.83,1.12,0.17,-0.28121,-0.14012,-0.06807,-0.94692,-0.82,1.11,0.19,-0.44217,-0.12318,-0.0529,-0.88686,-0.81,1.09,0.2,-0.44217,-0.12318,-0.0529,-0.88686,-0.85,1.07,0.09,0.34459,-0.06905,-0.158,-0.92278,-0.85,1.11,0.14,0.14754,-0.08479,-0.15803,-0.97266,-0.85,1.12,0.17,-0.25531,-0.14337,-0.12329,-0.94819,-0.84,1.11,0.2,-0.42654,-0.1541,-0.15471,-0.87771,-0.83,1.09,0.21,-0.42654,-0.1541,-0.15471,-0.87771,-0.87,1.06,0.1,0.34459,-0.06905,-0.158,-0.92278,-0.87,1.1,0.14,0.22511,-0.05706,-0.21892,-0.9477,-0.87,1.11,0.17,-0.21146,-0.1675,-0.20809,-0.94017,-0.86,1.11,0.19,-0.42523,-0.23656,-0.18318,-0.8542,-0.85,1.09,0.21,-0.42523,-0.23656,-0.18318,-0.8542,-0.88,1.06,0.1,0.28021,-0.01157,-0.39109,-0.87658,-0.88,1.08,0.14,0.23847,-0.0609,-0.29131,-0.92443,-0.89,1.1,0.16,-0.16368,-0.1677,-0.31249,-0.92056,-0.88,1.09,0.18,-0.34768,-0.27664,-0.27381,-0.853,-0.86,1.08,0.19,-0.34768,-0.27664,-0.27381,-0.853,-0.7,1.1,0.11,-0.43523,-0.15657,-0.11261,0.87942,-0.69,1.06,0.07,-0.43523,-0.15657,-0.11261,0.87942,-0.72,1.07,0.09,-0.45614,-0.16163,0.62686,0.61062,-0.75,1.09,0.11,-0.26764,0.02041,0.57561,0.77241,-0.76,1.1,0.14,-0.13767,0.07493,0.64014,0.7521,-0.76,1.11,0.16,-0.13767,0.07493,0.64014,0.7521,-0.71,1.08,0.09,-0.43523,-0.15657,-0.11261,0.87942,-0.73,1.13,0.12,-0.14568,-0.18724,-0.00384,0.97144,-0.74,1.14,0.15,0.26759,-0.18008,0.04839,0.94532,-0.75,1.13,0.17,0.42382,-0.14315,0.06784,0.89179,-0.75,1.11,0.18,0.42382,-0.14315,0.06784,0.89179,-0.7,1.08,0.09,-0.43523,-0.15657,-0.11261,0.87942,-0.71,1.13,0.12,-0.07606,-0.17346,-0.07063,0.97936,-0.72,1.14,0.16,0.41747,-0.18843,0.01124,0.88887,-0.73,1.12,0.18,0.67806,-0.15734,-0.00104,0.71797,-0.73,1.09,0.18,0.67806,-0.15734,-0.00104,0.71797,-0.68,1.08,0.1,-0.43523,-0.15657,-0.11261,0.87942,-0.69,1.12,0.13,-0.09107,-0.16708,-0.13803,0.97198,-0.7,1.13,0.16,0.47922,-0.23549,-0.05844,0.84349,-0.71,1.11,0.18,0.77741,-0.2525,0.00658,0.57605,-0.72,1.09,0.17,0.77741,-0.2525,0.00658,0.57605,-0.67,1.08,0.1,-0.357,-0.12032,-0.3493,0.85794,-0.67,1.11,0.13,-0.20778,-0.15244,-0.24631,0.9343,-0.68,1.12,0.16,0.40738,-0.276,-0.18568,0.85053,-0.69,1.11,0.17,0.7223,-0.36697,-0.06603,0.58246,-0.7,1.09,0.16,0.7223,-0.36697,-0.06603,0.58246,-0.81,1.08,0.19
-0.8,1.44,-0.15,-0.8,1.44,-0.15,-0.85,1.09,0.11,0.35142,-0.05949,-0.16317,-0.91997,-0.86,1.05,0.06,0.35142,-0.05949,-0.16317,-0.91997,-0.83,1.07,0.09,0.46999,-0.1259,0.4899,-0.72337,-0.8,1.09,0.11,0.21513,0.03258,0.42634,-0.87801,-0.8,1.1,0.14,0.08303,0.05663,0.49749,-0.86163,-0.8,1.1,0.16,0.08303,0.05663,0.49749,-0.86163,-0.84,1.07,0.09,0.35142,-0.05949,-0.16317,-0.91997,-0.83,1.11,0.13,0.07706,-0.10023,-0.09641,-0.98728,-0.83,1.12,0.17,-0.31682,-0.13529,-0.0748,-0.9358,-0.82,1.1,0.19,-0.47482,-0.11916,-0.05945,-0.86995,-0.82,1.09,0.2,-0.47482,-0.11916,-0.05945,-0.86995,-0.85,1.07,0.09,0.35142,-0.05949,-0.16317,-0.91997,-0.86,1.11,0.14,0.11988,-0.08367,-0.16133,-0.97601,-0.85,1.12,0.18,-0.30782,-0.14673,-0.12287,-0.932,-0.84,1.11,0.2,-0.49075,-0.15592,-0.15182,-0.84368,-0.83,1.09,0.21,-0.49075,-0.15592,-0.15182,-0.84368,-0.87,1.06,0.1,0.35142,-0.05949,-0.16317,-0.91997,-0.87,1.1,0.14,0.20632,-0.05531,-0.22345,-0.95102,-0.87,1.11,0.17,-0.25882,-0.17359,-0.20862,-0.92702,-0.86,1.1,0.19,-0.48153,-0.24376,-0.18059,-0.82225,-0.85,1.09,0.2,-0.48153,-0.24376,-0.18059,-0.82225,-0.88,1.06,0.1,0.28813,-0.00422,-0.39665,-0.87157,-0.89,1.08,0.14,0.23561,-0.05671,-0.29719,-0.92355,-0.89,1.09,0.16,-0.19498,-0.17583,-0.31531,-0.91195,-0.88,1.09,0.18,-0.39376,-0.29016,-0.27107,-0.82902,-0.86,1.08,0.19,-0.39376,-0.29016,-0.27107,-0.82902,-0.7,1.1,0.11,-0.43831,-0.15396,-0.12231,0.87705,-0.69,1.06,0.07,-0.43831,-0.15396,-0.12231,0.87705,-0.72,1.08,0.09,-0.46161,-0.15621,0.61871,0.61621,-0.75,1.09,0.11,-0.27421,0.02077,0.56546,0.77758,-0.76,1.1,0.14,-0.14703,0.07178,0.63136,0.75804,-0.76,1.11,0.16,-0.14703,0.07178,0.63136,0.75804,-0.71,1.08,0.09,-0.43831,-0.15396,-0.12231,0.87705,-0.72,1.13,0.12,-0.14681,-0.18773,-0.01319,0.9711,-0.74,1.14,0.15,0.26142,-0.18457,0.03908,0.94661,-0.75,1.13,0.17,0.41592,-0.14934,0.05882,0.89512,-0.75,1.11,0.18,0.41592,-0.14934,0.05882,0.89512,-0.7,1.08,0.09,-0.43831,-0.15396,-0.12231,0.87705,-0.7,1.13,0.12,-0.08261,-0.17391,-0.08175,0.97788,-0.72,1.14,0.16,0.40447,-0.1944,0.0004,0.89365,-0.73,1.12,0.18,0.66093,-0.16773,-0.01057,0.73139,-0.73,1.09,0.18,0.66093,-0.16773,-0.01057,0.73139,-0.68,1.08,0.1,-0.43831,-0.15396,-0.12231,0.87705,-0.69,1.12,0.13,-0.09189,-0.16814,-0.14803,0.97024,-0.7,1.13,0.16,0.47542,-0.24189,-0.06654,0.84323,-0.71,1.11,0.18,0.77041,-0.26199,0.00059,0.58124,-0.72,1.09,0.17,0.77041,-0.26199,0.00059,0.58124,-0.67,1.08,0.1,-0.3592,-0.11894,-0.35868,0.85333,-0.67,1.11,0.13,-0.20576,-0.15435,-0.25532,0.93201,-0.68,1.12,0.16,0.40504,-0.28219,-0.19231,0.84813,-0.69,1.11,0.17,0.71248,-0.37488,-0.07297,0.58865,-0.7,1.09,0.17,0.71248,-0.37488,-0.07297,0.58865,-0.81,1.08,0.19
-0.8,1.44,-0.15,-0.8,1.44,-0.15,-0.86,1.09,0.11,0.36467,-0.05734,-0.17472,-0.9128,-0.86,1.05,0.06,0.36467,-0.05734,-0.17472,-0.9128,-0.83,1.07,0.09,0.46991,-0.11106,0.49337,-0.72349,-0.81,1.09,0.11,0.227,0.04235,0.42457,-0.87545,-0.8,1.1,0.14,0.09495,0.06683,0.49505,-0.86107,-0.8,1.11,0.16,0.09495,0.06683,0.49505,-0.86107,-0.84,1.07,0.09,0.36467,-0.05734,-0.17472,-0.9128,-0.84,1.11,0.13,0.04247,-0.10477,-0.10246,-0.98829,-0.83,1.12,0.17,-0.38899,-0.14426,-0.07245,-0.90699,-0.82,1.1,0.18,-0.54348,-0.12722,-0.05306,-0.82802,-0.82,1.08,0.19,-0.54348,-0.12722,-0.05306,-0.82802,-0.85,1.07,0.09,0.36467,-0.05734,-0.17472,-0.9128,-0.86,1.11,0.13,0.09306,-0.09276,-0.16859,-0.97689,-0.85,1.12,0.17,-0.37873,-0.16382,-0.11757,-0.90327,-0.84,1.1,0.19,-0.58671,-0.17026,-0.13858,-0.77947,-0.83,1.08,0.2,-0.58671,-0.17026,-0.13858,-0.77947,-0.87,1.06,0.1,0.36467,-0.05734,-0.17472,-0.9128,-0.87,1.1,0.14,0.17733,-0.06674,-0.23209,-0.95406,-0.87,1.11,0.17,-0.32761,-0.19564,-0.2037,-0.90161,-0.86,1.1,0.19,-0.57145,-0.26663,-0.16424,-0.75854,-0.85,1.08,0.2,-0.57145,-0.26663,-0.16424,-0.75854,-0.88,1.06,0.1,0.29991,-0.0061,-0.40824,-0.86218,-0.89,1.08,0.14,0.21993,-0.06751,-0.30836,-0.92303,-0.89,1.1,0.16,-0.25537,-0.20455,-0.31251,-0.89179,-0.88,1.09,0.18,-0.4879,-0.32841,-0.24979,-0.76923,-0.86,1.08,0.19,-0.4879,-0.32841,-0.24979,-0.76923,-0.7,1.11,0.11,-0.44731,-0.14171,-0.12625,0.87401,-0.68,1.06,0.07,-0.44731,-0.14171,-0.12625,0.87401,-0.72,1.08,0.09,-0.46467,-0.1428,0.61534,0.62052,-0.75,1.09,0.11,-0.27604,0.03307,0.55789,0.78196,-0.75,1.11,0.14,-0.14898,0.08192,0.62307,0.76347,-0.76,1.11,0.16,-0.14898,0.08192,0.62307,0.76347,-0.71,1.08,0.09,-0.44731,-0.14171,-0.12625,0.87401,-0.72,1.13,0.12,-0.1587,-0.1775,-0.02068,0.97102,-0.73,1.14,0.15,0.24261,-0.17874,0.02672,0.95314,-0.74,1.13,0.17,0.39563,-0.14593,0.04457,0.90565,-0.75,1.12,0.19,0.39563,-0.14593,0.04457,0.90565,-0.69,1.08,0.09,-0.44731,-0.14171,-0.12625,0.87401,-0.7,1.13,0.12,-0.10849,-0.16246,-0.09305,0.97631,-0.71,1.14,0.16,0.37068,-0.19003,-0.01709,0.90895,-0.72,1.12,0.18,0.62089,-0.17173,-0.03067,0.76424,-0.73,1.1,0.18,0.62089,-0.17173,-0.03067,0.76424,-0.68,1.08,0.1,-0.44731,-0.14171,-0.12625,0.87401,-0.68,1.12,0.13,-0.10508,-0.1579,-0.15714,0.96919,-0.69,1.13,0.16,0.45729,-0.23861,-0.08112,0.85286,-0.71,1.11,0.18,0.7493,-0.26589,-0.01651,0.60628,-0.71,1.09,0.17,0.7493,-0.26589,-0.01651,0.60628,-0.67,1.08,0.1,-0.36995,-0.10944,-0.36335,0.84802,-0.67,1.11,0.13,-0.21704,-0.14532,-0.26181,0.9291,-0.67,1.12,0.16,0.38417,-0.27776,-0.20537,0.85621,-0.69,1.11,0.17,0.68328,-0.37542,-0.09295,0.61931,-0.7,1.09,0.17,0.68328,-0.37542,-0.09295,0.61931,-0.81,1.08,0.19
-0.8,1.44,-0.15,-0.8,1.44,-0.15,-0.86,1.09,0.11,0.36562,-0.05685,-0.17806,-0.9118,-0.86,1.05,0.06,0.36562,-0.05685,-0.17806,-0.9118,-0.83,1.07,0.09,0.45599,-0.1131,0.50579,-0.7235,-0.81,1.09,0.11,0.22266,0.04106,0.43735,-0.87032,-0.8,1.1,0.14,0.0919,0.06631,0.50741,-0.85422,-0.8,1.11,0.16,0.0919,0.06631,0.50741,-0.85422,-0.84,1.07,0.09,0.36562,-0.05685,-0.17806,-0.9118,-0.84,1.12,0.13,0.01236,-0.10824,-0.10177,-0.98883,-0.83,1.12,0.17,-0.44918,-0.14886,-0.06497,-0.87856,-0.82,1.1,0.18,-0.60781,-0.13078,-0.04116,-0.78215,-0.82,1.08,0.19,-0.60781,-0.13078,-0.04116,-0.78215,-0.85,1.07,0.09,0.36562,-0.05685,-0.17806,-0.9118,-0.86,1.11,0.13,0.06597,-0.0982,-0.169,-0.97849,-0.85,1.12,0.17,-0.43487,-0.17241,-0.10945,-0.87703,-0.84,1.1,0.19,-0.66324,-0.1751,-0.12374,-0.71703,-0.83,1.08,0.19,-0.66324,-0.1751,-0.12374,-0.71703,-0.87,1.07,0.1,0.36562,-0.05685,-0.17806,-0.9118,-0.87,1.1,0.14,0.14527,-0.07516,-0.23261,-0.95872,-0.87,1.11,0.17,-0.38819,-0.20835,-0.19425,-0.87645,-0.86,1.1,0.19,-0.65131,-0.27817,-0.14405,-0.69113,-0.84,1.08,0.19,-0.65131,-0.27817,-0.14405,-0.69113,-0.88,1.06,0.1,0.30048,-0.00603,-0.41141,-0.86047,-0.89,1.08,0.14,0.19293,-0.07637,-0.31121,-0.92741,-0.89,1.1,0.16,-0.3215,-0.22467,-0.30264,-0.86866,-0.88,1.09,0.18,-0.58684,-0.35552,-0.2193,-0.69364,-0.86,1.07,0.18,-0.58684,-0.35552,-0.2193,-0.69364,-0.7,1.1,0.11,-0.44429,-0.14624,-0.11628,0.87618,-0.68,1.06,0.07,-0.44429,-0.14624,-0.11628,0.87618,-0.72,1.08,0.09,-0.46405,-0.15127,0.62061,0.61369,-0.75,1.09,0.11,-0.27642,0.02672,0.56598,0.77624,-0.76,1.1,0.14,-0.15026,0.07683,0.63141,0.75686,-0.76,1.11,0.16,-0.15026,0.07683,0.63141,0.75686,-0.71,1.08,0.09,-0.44429,-0.14624,-0.11628,0.87618,-0.72,1.13,0.12,-0.15023,-0.181,-0.0067,0.97192,-0.74,1.14,0.15,0.25124,-0.1762,0.04095,0.95087,-0.74,1.13,0.17,0.40105,-0.14115,0.05802,0.90325,-0.75,1.11,0.19,0.40105,-0.14115,0.05802,0.90325,-0.7,1.08,0.09,-0.44429,-0.14624,-0.11628,0.87618,-0.7,1.13,0.12,-0.12624,-0.16174,-0.08531,0.975,-0.71,1.14,0.16,0.3523,-0.18593,-0.01102,0.91717,-0.72,1.12,0.18,0.60126,-0.16764,-0.02682,0.78081,-0.73,1.1,0.19,0.60126,-0.16764,-0.02682,0.78081,-0.68,1.08,0.1,-0.44429,-0.14624,-0.11628,0.87618,-0.68,1.12,0.13,-0.14257,-0.15194,-0.15335,0.96596,-0.69,1.13,0.16,0.41277,-0.23212,-0.08333,0.87681,-0.71,1.12,0.18,0.70853,-0.26282,-0.02296,0.6545,-0.72,1.09,0.18,0.70853,-0.26282,-0.02296,0.6545,-0.67,1.08,0.1,-0.36745,-0.11272,-0.35364,0.85277,-0.67,1.11,0.13,-0.24763,-0.13679,-0.25522,0.92457,-0.67,1.12,0.16,0.34578,-0.26739,-0.20769,0.8751,-0.69,1.11,0.17,0.64903,-0.36695,-0.10072,0.65876,-0.7,1.1,0.17,0.64903,-0.36695,-0.10072,0.65876,-0.81,1.08,0.19
-0.8,1.44,-0.15,-0.8,1.44,-0.15,-0.86,1.09,0.11,0.3587,-0.05945,-0.17432,-0.9151,-0.86,1.05,0.06,0.3587,-0.05945,-0.17432,-0.9151,-0.83,1.07,0.09,0.44104,-0.12396,0.51785,-0.72246,-0.81,1.09,0.11,0.21336,0.03296,0.45266,-0.86515,-0.8,1.1,0.14,0.08537,0.0583,0.52296,-0.84606,-0.8,1.11,0.16,0.08537,0.0583,0.52296,-0.84606,-0.84,1.08,0.09,0.3587,-0.05945,-0.17432,-0.9151,-0.84,1.12,0.13,0.0057,-0.10982,-0.09714,-0.98918,-0.83,1.12,0.17,-0.46274,-0.14846,-0.05891,-0.87199,-0.82,1.1,0.18,-0.63023,-0.12983,-0.03287,-0.76477,-0.82,1.08,0.19,-0.63023,-0.12983,-0.03287,-0.76477,-0.85,1.07,0.09,0.3587,-0.05945,-0.17432,-0.9151,-0.86,1.11,0.13,0.05348,-0.09977,-0.16438,-0.97988,-0.85,1.12,0.17,-0.45567,-0.17239,-0.10289,-0.86722,-0.84,1.1,0.19,-0.69582,-0.17283,-0.11478,-0.6876,-0.83,1.08,0.19,-0.69582,-0.17283,-0.11478,-0.6876,-0.87,1.07,0.1,0.3587,-0.05945,-0.17432,-0.9151,-0.87,1.1,0.14,0.12896,-0.0777,-0.22792,-0.96197,-0.87,1.11,0.17,-0.41651,-0.20994,-0.18658,-0.86466,-0.86,1.1,0.19,-0.69117,-0.27827,-0.13134,-0.65391,-0.84,1.08,0.19,-0.69117,-0.27827,-0.13134,-0.65391,-0.88,1.06,0.1,0.29371,-0.00657,-0.40746,-0.86468,-0.89,1.09,0.14,0.18292,-0.07287,-0.30939,-0.93033,-0.89,1.1,0.16,-0.35987,-0.22927,-0.29683,-0.8543,-0.87,1.09,0.18,-0.64327,-0.36395,-0.20167,-0.64271,-0.86,1.07,0.18,-0.64327,-0.36395,-0.20167,-0.64271,-0.7,1.1,0.11,-0.44004,-0.14868,-0.11044,0.87867,-0.68,1.06,0.07,-0.44004,-0.14868,-0.11044,0.87867,-0.72,1.07,0.09,-0.47137,-0.16365,0.61589,0.60968,-0.75,1.09,0.11,-0.2793,0.01587,0.56532,0.77599,-0.76,1.1,0.14,-0.1521,0.06785,0.63184,0.757,-0.76,1.11,0.16,-0.1521,0.06785,0.63184,0.757,-0.71,1.08,0.09,-0.44004,-0.14868,-0.11044,0.87867,-0.72,1.13,0.12,-0.14517,-0.18726,0.00493,0.97151,-0.74,1.14,0.15,0.25523,-0.17725,0.05397,0.94896,-0.74,1.13,0.17,0.40589,-0.13999,0.07142,0.90031,-0.75,1.11,0.19,0.40589,-0.13999,0.07142,0.90031,-0.7,1.08,0.1,-0.44004,-0.14868,-0.11044,0.87867,-0.7,1.13,0.13,-0.19509,-0.15518,-0.09173,0.96408,-0.71,1.15,0.16,0.28681,-0.18406,-0.01945,0.93994,-0.72,1.13,0.18,0.5465,-0.17287,-0.036,0.81863,-0.73,1.11,0.19,0.5465,-0.17287,-0.036,0.81863,-0.68,1.08,0.1,-0.44004,-0.14868,-0.11044,0.87867,-0.69,1.12,0.13,-0.25269,-0.13194,-0.16618,0.94399,-0.69,1.14,0.16,0.30041,-0.22593,-0.10394,0.92082,-0.7,1.13,0.18,0.6151,-0.26837,-0.04334,0.7401,-0.71,1.11,0.19,0.6151,-0.26837,-0.04334,0.7401,-0.67,1.08,0.1,-0.36361,-0.11374,-0.34786,0.85665,-0.67,1.11,0.14,-0.34585,-0.10144,-0.2604,0.89571,-0.67,1.13,0.16,0.2282,-0.24565,-0.23519,0.91229,-0.68,1.12,0.17,0.55384,-0.35906,-0.12926,0.74002,-0.7,1.11,0.18,0.55384,-0.35906,-0.12926,0.74002,-0.81,1.08,0.19
-0.8,1.44,-0.15,-0.8,1.44,-0.15,-0.85,1.09,0.11,0.34331,-0.06459,-0.15855,-0.92349,-0.86,1.05,0.06,0.34331,-0.06459,-0.15855,-0.92349,-0.82,1.07,0.09,0.42305,-0.14207,0.53347,-0.7185,-0.8,1.09,0.11,0.19946,0.02015,0.47389,-0.85746,-0.8,1.1,0.14,0.0787,0.04334,0.54499,-0.83361,-0.8,1.1,0.17,0.0787,0.04334,0.54499,-0.83361,-0.84,1.08,0.09,0.34331,-0.06459,-0.15855,-0.92349,-0.83,1.12,0.13,-0.00867,-0.11096,-0.07948,-0.9906,-0.82,1.12,0.17,-0.47154,-0.14057,-0.04369,-0.86947,-0.82,1.1,0.18,-0.63826,-0.119,-0.01921,-0.76032,-0.81,1.08,0.19,-0.63826,-0.119,-0.01921,-0.76032,-0.85,1.07,0.09,0.34331,-0.06459,-0.15855,-0.92349,-0.85,1.11,0.14,0.03759,-0.09903,-0.14794,-0.98331,-0.85,1.12,0.18,-0.4653,-0.16256,-0.0903,-0.8654,-0.84,1.1,0.19,-0.70207,-0.15902,-0.10582,-0.68602,-0.83,1.07,0.19,-0.70207,-0.15902,-0.10582,-0.68602,-0.87,1.07,0.1,0.34331,-0.06459,-0.15855,-0.92349,-0.87,1.1,0.14,0.11244,-0.07687,-0.21179,-0.96778,-0.87,1.11,0.17,-0.43042,-0.19922,-0.17472,-0.86286,-0.85,1.09,0.19,-0.70349,-0.26373,-0.12441,-0.64813,-0.84,1.07,0.19,-0.70349,-0.26373,-0.12441,-0.64813,-0.88,1.06,0.1,0.27981,-0.0069,-0.39168,-0.8765,-0.88,1.09,0.14,0.16647,-0.06613,-0.29614,-0.9382,-0.88,1.1,0.17,-0.3772,-0.21504,-0.28975,-0.85295,-0.87,1.09,0.18,-0.65726,-0.3476,-0.20223,-0.6374,-0.86,1.07,0.18,-0.65726,-0.3476,-0.20223,-0.6374,-0.71,1.1,0.12,-0.37159,-0.18144,-0.09369,0.90566,-0.69,1.05,0.07,-0.37159,-0.18144,-0.09369,0.90566,-0.73,1.07,0.09,-0.4501,-0.24616,0.60583,0.6081,-0.75,1.08,0.11,-0.25519,-0.06599,0.58095,0.77008,-0.77,1.09,0.14,-0.13923,-0.01669,0.65587,0.74173,-0.77,1.09,0.16,-0.13923,-0.01669,0.65587,0.74173,-0.72,1.07,0.09,-0.37159,-0.18144,-0.09369,0.90566,-0.73,1.12,0.13,-0.10473,-0.22998,0.03097,0.96705,-0.75,1.12,0.16,0.2734,-0.20696,0.09061,0.93499,-0.76,1.11,0.18,0.42143,-0.16342,0.11304,0.88482,-0.76,1.09,0.19,0.42143,-0.16342,0.11304,0.88482,-0.7,1.07,0.1,-0.37159,-0.18144,-0.09369,0.90566,-0.71,1.12,0.13,-0.19623,-0.17331,-0.08107,0.96171,-0.72,1.14,0.17,0.29548,-0.19499,0.00072,0.93524,-0.73,1.12,0.19,0.5624,-0.17674,-0.01249,0.80766,-0.74,1.1,0.2,0.5624,-0.17674,-0.01249,0.80766,-0.68,1.07,0.1,-0.37159,-0.18144,-0.09369,0.90566,-0.69,1.11,0.14,-0.24767,-0.13937,-0.1544,0.94625,-0.7,1.13,0.17,0.31974,-0.22682,-0.08721,0.91581,-0.71,1.12,0.19,0.63469,-0.2625,-0.02709,0.72631,-0.72,1.09,0.19,0.63469,-0.2625,-0.02709,0.72631,-0.68,1.07,0.11,-0.29242,-0.12718,-0.32703,0.88959,-0.68,1.1,0.14,-0.31102,-0.10256,-0.24236,0.91324,-0.68,1.12,0.17,0.25774,-0.2314,-0.22249,0.91133,-0.69,1.11,0.18,0.58181,-0.34109,-0.12421,0.72782,-0.7,1.09,0.19,0.58181,-0.34109,-0.12421,0.72782,-0.81,1.08,0.19
-0.8,1.44,-0.15,-0.8,1.44,-0.15,-0.85,1.09,0.11,0.33627,-0.05866,-0.14903,-0.92805,-0.86,1.06,0.06,0.33627,-0.05866,-0.14903,-0.92805,-0.82,1.07,0.09,0.41113,-0.1439,0.54172,-0.71889,-0.8,1.09,0.11,0.18863,0.0216,0.48273,-0.85494,-0.8,1.1,0.14,0.07185,0.04224,0.5534,-0.82874,-0.8,1.1,0.17,0.07185,0.04224,0.5534,-0.82874,-0.84,1.08,0.09,0.33627,-0.05866,-0.14903,-0.92805,-0.83,1.12,0.13,-0.01489,-0.10419,-0.07134,-0.99188,-0.82,1.12,0.17,-0.45977,-0.12979,-0.04239,-0.87748,-0.82,1.1,0.18,-0.62346,-0.10799,-0.02124,-0.77407,-0.81,1.08,0.19,-0.62346,-0.10799,-0.02124,-0.77407,-0.85,1.07,0.09,0.33627,-0.05866,-0.14903,-0.92805,-0.85,1.11,0.14,0.03356,-0.0899,-0.14091,-0.98536,-0.85,1.12,0.18,-0.45051,-0.14911,-0.09215,-0.8754,-0.84,1.1,0.19,-0.68001,-0.14722,-0.11302,-0.70932,-0.83,1.07,0.19,-0.68001,-0.14722,-0.11302,-0.70932,-0.87,1.07,0.09,0.33627,-0.05866,-0.14903,-0.92805,-0.87,1.1,0.14,0.1112,-0.06624,-0.20477,-0.97022,-0.87,1.11,0.17,-0.41734,-0.1836,-0.17758,-0.87212,-0.86,1.09,0.19,-0.68587,-0.24967,-0.13475,-0.67014,-0.84,1.07,0.19,-0.68587,-0.24967,-0.13475,-0.67014,-0.88,1.06,0.1,0.27547,0.00112,-0.38252,-0.88192,-0.88,1.09,0.14,0.1664,-0.0528,-0.28913,-0.94124,-0.88,1.1,0.16,-0.36675,-0.19655,-0.29335,-0.8607,-0.87,1.09,0.18,-0.64029,-0.3294,-0.21659,-0.65925,-0.86,1.07,0.18,-0.64029,-0.3294,-0.21659,-0.65925,-0.71,1.09,0.12,-0.33023,-0.20074,-0.08577,0.91831,-0.69,1.05,0.07,-0.33023,-0.20074,-0.08577,0.91831,-0.73,1.06,0.09,-0.43315,-0.28453,0.59989,0.60955,-0.75,1.07,0.11,-0.24207,-0.1082,0.58579,0.76586,-0.77,1.08,0.14,-0.1379,-0.06583,0.66454,0.73146,-0.78,1.08,0.16,-0.1379,-0.06583,0.66454,0.73146,-0.72,1.07,0.1,-0.33023,-0.20074,-0.08577,0.91831,-0.74,1.11,0.13,-0.07188,-0.2535,0.04265,0.96372,-0.76,1.11,0.16,0.2896,-0.22507,0.10693,0.92414,-0.76,1.1,0.18,0.4332,-0.17898,0.13206,0.87342,-0.77,1.08,0.19,0.4332,-0.17898,0.13206,0.87342,-0.7,1.07,0.1,-0.33023,-0.20074,-0.08577,0.91831,-0.72,1.11,0.14,-0.15423,-0.1893,-0.06926,0.96726,-0.73,1.12,0.18,0.33988,-0.20263,0.01969,0.91817,-0.74,1.11,0.19,0.60013,-0.1754,0.0084,0.78039,-0.75,1.08,0.2,0.60013,-0.1754,0.0084,0.78039,-0.68,1.07,0.11,-0.33023,-0.20074,-0.08577,0.91831,-0.7,1.1,0.14,-0.2055,-0.15285,-0.14247,0.95609,-0.71,1.12,0.18,0.37269,-0.23063,-0.06822,0.89624,-0.72,1.1,0.19,0.6777,-0.25738,-0.00905,0.68876,-0.73,1.08,0.19,0.6777,-0.25738,-0.00905,0.68876,-0.68,1.07,0.11,-0.24926,-0.13539,-0.31582,0.90543,-0.68,1.09,0.15,-0.26876,-0.11332,-0.23045,0.92834,-0.68,1.11,0.17,0.30456,-0.23071,-0.20674,0.90071,-0.7,1.1,0.19,0.6225,-0.33406,-0.11168,0.69888,-0.71,1.08,0.19,0.6225,-0.33406,-0.11168,0.69888,-0.81,1.08,0.19
-0.8,1.44,-0.15,-0.8,1.44,-0.15,-0.85,1.09,0.11,0.33333,-0.05291,-0.14619,-0.9299,-0.86,1.06,0.06,0.33333,-0.05291,-0.14619,-0.9299,-0.82,1.07,0.09,0.40415,-0.14199,0.54499,-0.72075,-0.8,1.09,0.11,0.18193,0.0249,0.48541,-0.85479,-0.8,1.1,0.14,0.06793,0.0432,0.55578,-0.82742,-0.8,1.1,0.17,0.06793,0.0432,0.55578,-0.82742,-0.84,1.08,0.09,0.33333,-0.05291,-0.14619,-0.9299,-0.83,1.12,0.13,-0.01752,-0.10048,-0.06883,-0.9924,-0.82,1.12,0.17,-0.43994,-0.12415,-0.04504,-0.88826,-0.82,1.1,0.18,-0.59679,-0.10262,-0.02695,-0.79535,-0.81,1.08,0.19,-0.59679,-0.10262,-0.02695,-0.79535,-0.85,1.07,0.09,0.33333,-0.05291,-0.14619,-0.9299,-0.85,1.11,0.14,0.03686,-0.08275,-0.1404,-0.98594,-0.85,1.12,0.18,-0.42113,-0.13975,-0.09939,-0.89064,-0.84,1.1,0.19,-0.63543,-0.14079,-0.12506,-0.74884,-0.83,1.08,0.2,-0.63543,-0.14079,-0.12506,-0.74884,-0.87,1.07,0.09,0.33333,-0.05291,-0.14619,-0.9299,-0.87,1.1,0.14,0.11688,-0.05694,-0.20441,-0.97021,-0.87,1.11,0.17,-0.38679,-0.17073,-0.1865,-0.88683,-0.86,1.1,0.19,-0.64323,-0.2391,-0.15165,-0.7114,-0.84,1.08,0.19,-0.64323,-0.2391,-0.15165,-0.7114,-0.87,1.07,0.1,0.27417,0.0076,-0.37986,-0.88345,-0.88,1.09,0.14,0.17258,-0.041,-0.28827,-0.94097,-0.89,1.1,0.16,-0.33361,-0.1779,-0.30333,-0.87467,-0.88,1.09,0.18,-0.58973,-0.30908,-0.24075,-0.7062,-0.86,1.07,0.18,-0.58973,-0.30908,-0.24075,-0.7062,-0.71,1.09,0.12,-0.3062,-0.20746,-0.08399,0.92528,-0.68,1.05,0.07,-0.3062,-0.20746,-0.08399,0.92528,-0.73,1.06,0.09,-0.42511,-0.2983,0.59192,0.61638,-0.75,1.07,0.11,-0.2413,-0.13076,0.57949,0.76737,-0.77,1.07,0.14,-0.14926,-0.09789,0.6603,0.72948,-0.78,1.08,0.16,-0.14926,-0.09789,0.6603,0.72948,-0.72,1.07,0.1,-0.3062,-0.20746,-0.08399,0.92528,-0.74,1.1,0.14,-0.05167,-0.26356,0.04531,0.96219,-0.76,1.11,0.17,0.30358,-0.23351,0.11188,0.91695,-0.76,1.09,0.18,0.44452,-0.18665,0.1384,0.86511,-0.77,1.08,0.2,0.44452,-0.18665,0.1384,0.86511,-0.7,1.07,0.1,-0.3062,-0.20746,-0.08399,0.92528,-0.72,1.11,0.14,-0.12192,-0.19515,-0.06435,0.97104,-0.73,1.12,0.18,0.37605,-0.20474,0.02808,0.90326,-0.74,1.1,0.2,0.63316,-0.17209,0.01794,0.75444,-0.75,1.08,0.2,0.63316,-0.17209,0.01794,0.75444,-0.68,1.07,0.11,-0.3062,-0.20746,-0.08399,0.92528,-0.7,1.1,0.15,-0.17093,-0.15791,-0.13706,0.96284,-0.71,1.11,0.18,0.41932,-0.23123,-0.05841,0.87595,-0.72,1.1,0.19,0.71909,-0.25233,0.00094,0.64748,-0.73,1.07,0.19,0.71909,-0.25233,0.00094,0.64748,-0.68,1.06,0.11,-0.22473,-0.1359,-0.31205,0.91304,-0.68,1.09,0.15,-0.23817,-0.11608,-0.22602,0.9374,-0.69,1.1,0.18,0.354,-0.23182,-0.19786,0.88419,-0.7,1.09,0.19,0.67261,-0.33211,-0.10055,0.65359,-0.71,1.07,0.19,0.67261,-0.33211,-0.10055,0.65359,-0.81,1.08,0.19
-0.8,1.44,-0.15,-0.8,1.44,-0.15,-0.85,1.09,0.11,0.33576,-0.0519,-0.15237,-0.92809,-0.86,1.06,0.06,0.33576,-0.0519,-0.15237,-0.92809,-0.82,1.07,0.09,0.40565,-0.13896,0.54171,-0.72297,-0.8,1.09,0.11,0.18235,0.02705,0.48116,-0.85703,-0.8,1.1,0.14,0.0694,0.044,0.55173,-0.82996,-0.8,1.1,0.17,0.0694,0.044,0.55173,-0.82996,-0.84,1.08,0.09,0.33576,-0.0519,-0.15237,-0.92809,-0.83,1.12,0.13,-0.01497,-0.10287,-0.07397,-0.99183,-0.82,1.12,0.17,-0.43434,-0.12839,-0.0491,-0.8902,-0.82,1.1,0.18,-0.5907,-0.10751,-0.03051,-0.79912,-0.81,1.08,0.19,-0.5907,-0.10751,-0.03051,-0.79912,-0.85,1.07,0.09,0.33576,-0.0519,-0.15237,-0.92809,-0.85,1.11,0.13,0.04156,-0.08351,-0.14672,-0.98477,-0.85,1.12,0.18,-0.41029,-0.14267,-0.1056,-0.89452,-0.84,1.1,0.19,-0.6217,-0.14551,-0.1309,-0.75841,-0.83,1.08,0.2,-0.6217,-0.14551,-0.1309,-0.75841,-0.87,1.07,0.09,0.33576,-0.0519,-0.15237,-0.92809,-0.87,1.1,0.14,0.12287,-0.05625,-0.21115,-0.96807,-0.87,1.11,0.17,-0.37364,-0.17235,-0.19365,-0.89061,-0.86,1.1,0.19,-0.62623,-0.24242,-0.15902,-0.72373,-0.84,1.08,0.19,-0.62623,-0.24242,-0.15902,-0.72373,-0.87,1.07,0.1,0.27591,0.00771,-0.38582,-0.88032,-0.88,1.09,0.14,0.18006,-0.03877,-0.29475,-0.93766,-0.89,1.1,0.16,-0.31603,-0.17673,-0.31136,-0.8786,-0.88,1.09,0.18,-0.56737,-0.30874,-0.25044,-0.72114,-0.86,1.08,0.18,-0.56737,-0.30874,-0.25044,-0.72114,-0.71,1.09,0.12,-0.30399,-0.1949,-0.09084,0.92809,-0.68,1.05,0.07,-0.30399,-0.1949,-0.09084,0.92809,-0.72,1.06,0.1,-0.41955,-0.28906,0.58809,0.62815,-0.75,1.07,0.11,-0.24145,-0.1282,0.57072,0.7743,-0.77,1.08,0.14,-0.15517,-0.10177,0.65163,0.73549,-0.78,1.08,0.16,-0.15517,-0.10177,0.65163,0.73549,-0.71,1.07,0.1,-0.30399,-0.1949,-0.09084,0.92809,-0.73,1.11,0.14,-0.03609,-0.25329,0.039,0.96593,-0.75,1.11,0.17,0.3238,-0.22527,0.10332,0.91309,-0.76,1.09,0.18,0.46466,-0.17951,0.12936,0.8574,-0.76,1.07,0.2,0.46466,-0.17951,0.12936,0.8574,-0.7,1.07,0.1,-0.30399,-0.1949,-0.09084,0.92809,-0.71,1.11,0.14,-0.10205,-0.18599,-0.06965,0.97475,-0.73,1.12,0.18,0.39508,-0.19915,0.01888,0.8966,-0.74,1.1,0.2,0.65193,-0.16769,0.00816,0.73946,-0.74,1.07,0.2,0.65193,-0.16769,0.00816,0.73946,-0.68,1.07,0.11,-0.30399,-0.1949,-0.09084,0.92809,-0.7,1.1,0.15,-0.1574,-0.14793,-0.14341,0.9658,-0.7,1.11,0.18,0.43316,-0.22634,-0.06931,0.86968,-0.72,1.09,0.2,0.73366,-0.25107,-0.00985,0.63136,-0.72,1.07,0.19,0.73366,-0.25107,-0.00985,0.63136,-0.68,1.07,0.11,-0.22418,-0.12302,-0.31918,0.91254,-0.68,1.09,0.15,-0.23204,-0.10447,-0.23287,0.93862,-0.68,1.1,0.18,0.37899,-0.23009,-0.20583,0.87239,-0.69,1.09,0.19,0.70312,-0.33478,-0.10355,0.61873,-0.71,1.07,0.18,0.70312,-0.33478,-0.10355,0.61873,-0.81,1.08,0.19
-0.8,1.44,-0.15,-0.8,1.44,-0.15,-0.85,1.09,0.11,0.33252,-0.05947,-0.1635,-0.92691,-0.86,1.06,0.06,0.33252,-0.05947,-0.1635,-0.92691,-0.82,1.07,0.09,0.4101,-0.14608,0.53228,-0.72606,-0.8,1.09,0.11,0.18377,0.01778,0.47392,-0.86099,-0.8,1.1,0.14,0.07339,0.03281,0.54609,-0.83386,-0.8,1.1,0.17,0.07339,0.03281,0.54609,-0.83386,-0.83,1.08,0.09,0.33252,-0.05947,-0.1635,-0.92691,-0.83,1.12,0.13,-0.01832,-0.11486,-0.08099,-0.98991,-0.82,1.12,0.17,-0.44043,-0.14233,-0.04979,-0.88503,-0.82,1.1,0.18,-0.59749,-0.12143,-0.02819,-0.79212,-0.81,1.08,0.19,-0.59749,-0.12143,-0.02819,-0.79212,-0.85,1.07,0.09,0.33252,-0.05947,-0.1635,-0.92691,-0.85,1.11,0.14,0.03457,-0.09492,-0.15444,-0.98283,-0.85,1.12,0.18,-0.41797,-0.15651,-0.1069,-0.88847,-0.84,1.1,0.19,-0.63041,-0.15882,-0.12829,-0.74894,-0.83,1.08,0.2,-0.63041,-0.15882,-0.12829,-0.74894,-0.87,1.07,0.09,0.33252,-0.05947,-0.1635,-0.92691,-0.87,1.1,0.14,0.11663,-0.06636,-0.21999,-0.96623,-0.87,1.11,0.17,-0.38042,-0.18564,-0.19594,-0.88455,-0.85,1.1,0.19,-0.63253,-0.25568,-0.15678,-0.71411,-0.84,1.08,0.19,-0.63253,-0.25568,-0.15678,-0.71411,-0.87,1.06,0.1,0.26966,0.00068,-0.39576,-0.87787,-0.88,1.09,0.14,0.17477,-0.04736,-0.30419,-0.93524,-0.88,1.1,0.16,-0.32328,-0.1895,-0.3145,-0.87217,-0.87,1.09,0.18,-0.57466,-0.32237,-0.24856,-0.70997,-0.86,1.07,0.18,-0.57466,-0.32237,-0.24856,-0.70997,-0.7,1.09,0.12,-0.32938,-0.17755,-0.11585,0.92009,-0.68,1.05,0.07,-0.32938,-0.17755,-0.11585,0.92009,-0.72,1.07,0.1,-0.42799,-0.24939,0.58388,0.6432,-0.75,1.07,0.11,-0.25509,-0.09592,0.55343,0.78705,-0.76,1.08,0.14,-0.16657,-0.07126,0.63354,0.7522,-0.77,1.09,0.16,-0.16657,-0.07126,0.63354,0.7522,-0.71,1.07,0.1,-0.32938,-0.17755,-0.11585,0.92009,-0.73,1.11,0.13,-0.02344,-0.23568,0.01799,0.97138,-0.75,1.11,0.17,0.36887,-0.21336,0.08479,0.90068,-0.75,1.1,0.18,0.51079,-0.16978,0.11121,0.8354,-0.76,1.08,0.19,0.51079,-0.16978,0.11121,0.8354,-0.7,1.07,0.1,-0.32938,-0.17755,-0.11585,0.92009,-0.71,1.11,0.14,-0.0859,-0.1799,-0.08972,0.97581,-0.72,1.12,0.18,0.41799,-0.20356,0.0003,0.88535,-0.73,1.1,0.19,0.67588,-0.17514,-0.00701,0.71587,-0.74,1.08,0.2,0.67588,-0.17514,-0.00701,0.71587,-0.68,1.07,0.11,-0.32938,-0.17755,-0.11585,0.92009,-0.69,1.1,0.14,-0.14976,-0.14634,-0.1648,0.96384,-0.7,1.12,0.18,0.44831,-0.23797,-0.08507,0.85741,-0.71,1.1,0.19,0.74867,-0.26676,-0.01813,0.60663,-0.72,1.08,0.19,0.74867,-0.26676,-0.01813,0.60663,-0.67,1.07,0.11,-0.24899,-0.11306,-0.34562,0.89765,-0.67,1.09,0.15,-0.24175,-0.1024,-0.25815,0.92975,-0.68,1.11,0.17,0.39675,-0.25149,-0.21938,0.85511,-0.69,1.09,0.18,0.72366,-0.36063,-0.10068,0.57976,-0.7,1.08,0.18,0.72366,-0.36063,-0.10068,0.57976,-0.81,1.08,0.19
-0.8,1.44,-0.15,-0.8,1.44,-0.15,-0.85,1.1,0.11,0.33831,-0.08084,-0.18976,-0.91815,-0.86,1.06,0.06,0.33831,-0.08084,-0.18976,-0.91815,-0.82,1.08,0.09,0.43467,-0.15355,0.50844,-0.72731,-0.8,1.09,0.11,0.20364,0.00245,0.45246,-0.86822,-0.8,1.1,0.14,0.09458,0.01687,0.52789,-0.84386,-0.79,1.11,0.16,0.09458,0.01687,0.52789,-0.84386,-0.83,1.08,0.09,0.33831,-0.08084,-0.18976,-0.91815,-0.83,1.12,0.13,-0.02299,-0.1449,-0.09573,-0.98454,-0.82,1.12,0.17,-0.45862,-0.17652,-0.04705,-0.86965,-0.81,1.1,0.18,-0.61545,-0.15467,-0.01808,-0.77264,-0.81,1.08,0.18,-0.61545,-0.15467,-0.01808,-0.77264,-0.85,1.07,0.09,0.33831,-0.08084,-0.18976,-0.91815,-0.85,1.12,0.13,0.01204,-0.13059,-0.16754,-0.9771,-0.84,1.12,0.17,-0.44579,-0.19507,-0.10007,-0.86787,-0.83,1.1,0.19,-0.66138,-0.19282,-0.11012,-0.71643,-0.82,1.08,0.19,-0.66138,-0.19282,-0.11012,-0.71643,-0.87,1.07,0.1,0.33831,-0.08084,-0.18976,-0.91815,-0.87,1.1,0.14,0.09849,-0.10079,-0.23742,-0.96113,-0.86,1.11,0.17,-0.40457,-0.22537,-0.1916,-0.86534,-0.85,1.1,0.19,-0.65665,-0.29187,-0.13863,-0.68147,-0.83,1.08,0.19,-0.65665,-0.29187,-0.13863,-0.68147,-0.87,1.07,0.1,0.26732,-0.02292,-0.41978,-0.86706,-0.88,1.09,0.14,0.16679,-0.07858,-0.32523,-0.92749,-0.88,1.1,0.17,-0.34559,-0.23215,-0.31277,-0.85373,-0.87,1.09,0.18,-0.60125,-0.36465,-0.22859,-0.67326,-0.85,1.08,0.18,-0.60125,-0.36465,-0.22859,-0.67326,-0.7,1.1,0.12,-0.36805,-0.1653,-0.13589,0.90485,-0.68,1.05,0.07,-0.36805,-0.1653,-0.13589,0.90485,-0.72,1.07,0.1,-0.44039,-0.19718,0.58801,0.64917,-0.74,1.08,0.11,-0.27555,-0.04935,0.54232,0.79217,-0.76,1.09,0.14,-0.18032,-0.02225,0.62004,0.76325,-0.76,1.1,0.16,-0.18032,-0.02225,0.62004,0.76325,-0.71,1.08,0.1,-0.36805,-0.1653,-0.13589,0.90485,-0.72,1.12,0.13,-0.03821,-0.21347,-0.00933,0.97616,-0.74,1.12,0.16,0.39923,-0.20157,0.06055,0.89237,-0.75,1.1,0.18,0.54699,-0.16106,0.08782,0.81679,-0.75,1.09,0.19,0.54699,-0.16106,0.08782,0.81679,-0.69,1.07,0.1,-0.36805,-0.1653,-0.13589,0.90485,-0.7,1.12,0.14,-0.07752,-0.18267,-0.10128,0.97487,-0.72,1.13,0.17,0.43431,-0.21171,-0.00602,0.87551,-0.73,1.11,0.19,0.69083,-0.18336,-0.00981,0.69932,-0.73,1.08,0.19,0.69083,-0.18336,-0.00981,0.69932,-0.68,1.07,0.1,-0.36805,-0.1653,-0.13589,0.90485,-0.69,1.11,0.14,-0.14206,-0.15749,-0.17637,0.9612,-0.69,1.12,0.18,0.45993,-0.25401,-0.08605,0.84648,-0.71,1.1,0.19,0.75684,-0.28123,-0.01236,0.58987,-0.72,1.08,0.18,0.75684,-0.28123,-0.01236,0.58987,-0.67,1.07,0.11,-0.28642,-0.11172,-0.36751,0.87774,-0.67,1.1,0.14,-0.25385,-0.11747,-0.27592,0.91958,-0.67,1.11,0.17,0.3956,-0.27847,-0.21956,0.8472,-0.69,1.1,0.18,0.72089,-0.3847,-0.08777,0.56976,-0.7,1.08,0.17,0.72089,-0.3847,-0.08777,0.56976,-0.81,1.08,0.19
-0.79,1.44,-0.15,-0.79,1.44,-0.15,-0.85,1.1,0.11,0.34292,-0.09491,-0.21153,-0.9103,-0.86,1.06,0.06,0.34292,-0.09491,-0.21153,-0.9103,-0.82,1.08,0.09,0.45223,-0.1566,0.48904,-0.72925,-0.8,1.09,0.11,0.21602,-0.00622,0.43427,-0.87448,-0.79,1.11,0.14,0.10639,0.00807,0.5117,-0.85251,-0.79,1.11,0.16,0.10639,0.00807,0.5117,-0.85251,-0.83,1.08,0.09,0.34292,-0.09491,-0.21153,-0.9103,-0.83,1.12,0.13,-0.03898,-0.16764,-0.10674,-0.97928,-0.82,1.12,0.16,-0.47858,-0.20174,-0.04507,-0.85336,-0.81,1.1,0.17,-0.63432,-0.17917,-0.01025,-0.75196,-0.8,1.08,0.18,-0.63432,-0.17917,-0.01025,-0.75196,-0.85,1.07,0.09,0.34292,-0.09491,-0.21153,-0.9103,-0.85,1.12,0.13,-0.01277,-0.16005,-0.1758,-0.97124,-0.84,1.12,0.17,-0.47436,-0.22563,-0.09127,-0.84602,-0.83,1.1,0.18,-0.69476,-0.21826,-0.09077,-0.67929,-0.82,1.08,0.18,-0.69476,-0.21826,-0.09077,-0.67929,-0.87,1.07,0.09,0.34292,-0.09491,-0.21153,-0.9103,-0.87,1.1,0.14,0.07967,-0.12818,-0.2506,-0.95625,-0.86,1.11,0.17,-0.43019,-0.25706,-0.18604,-0.84513,-0.84,1.1,0.19,-0.68442,-0.32001,-0.12,-0.64403,-0.83,1.08,0.18,-0.68442,-0.32001,-0.12,-0.64403,-0.87,1.07,0.1,0.26596,-0.03899,-0.43962,-0.85702,-0.88,1.09,0.14,0.15933,-0.10163,-0.34262,-0.92027,-0.88,1.1,0.17,-0.36932,-0.26692,-0.31006,-0.8344,-0.86,1.09,0.18,-0.63011,-0.39918,-0.20794,-0.63275,-0.85,1.08,0.18,-0.63011,-0.39918,-0.20794,-0.63275,-0.7,1.1,0.12,-0.36815,-0.17518,-0.12594,0.90439,-0.68,1.05,0.07,-0.36815,-0.17518,-0.12594,0.90439,-0.72,1.07,0.1,-0.43561,-0.20136,0.60123,0.63892,-0.75,1.08,0.11,-0.27497,-0.05109,0.557,0.78201,-0.76,1.09,0.14,-0.17944,-0.02177,0.63388,0.75202,-0.77,1.1,0.16,-0.17944,-0.02177,0.63388,0.75202,-0.71,1.07,0.1,-0.36815,-0.17518,-0.12594,0.90439,-0.73,1.12,0.13,-0.04018,-0.2106,-0.00459,0.97673,-0.74,1.12,0.16,0.40121,-0.19672,0.06434,0.89229,-0.75,1.1,0.18,0.55403,-0.15509,0.0919,0.81274,-0.75,1.08,0.19,0.55403,-0.15509,0.0919,0.81274,-0.69,1.07,0.1,-0.36815,-0.17518,-0.12594,0.90439,-0.71,1.12,0.14,-0.07262,-0.19211,-0.08587,0.97491,-0.72,1.13,0.17,0.43133,-0.21198,0.01026,0.87688,-0.73,1.11,0.19,0.68317,-0.17949,0.00486,0.70784,-0.74,1.08,0.19,0.68317,-0.17949,0.00486,0.70784,-0.68,1.07,0.1,-0.36815,-0.17518,-0.12594,0.90439,-0.69,1.11,0.14,-0.13319,-0.16994,-0.16072,0.96309,-0.7,1.12,0.18,0.46053,-0.25381,-0.06866,0.84781,-0.71,1.1,0.19,0.7535,-0.27477,0.00168,0.59728,-0.72,1.08,0.18,0.7535,-0.27477,0.00168,0.59728,-0.67,1.07,0.11,-0.28588,-0.12118,-0.35762,0.88074,-0.67,1.1,0.14,-0.24917,-0.13522,-0.26214,0.92245,-0.68,1.11,0.17,0.39917,-0.28239,-0.19887,0.84933,-0.69,1.1,0.18,0.72212,-0.37886,-0.06994,0.57456,-0.7,1.08,0.17,0.72212,-0.37886,-0.06994,0.57456,-0.81,1.08,0.19
-0.8,1.44,-0.15,-0.8,1.44,-0.15,-0.85,1.1,0.11,0.34623,-0.10065,-0.21872,-0.90673,-0.86,1.06,0.06,0.34623,-0.10065,-0.21872,-0.90673,-0.82,1.08,0.09,0.45727,-0.15861,0.4853,-0.72817,-0.8,1.09,0.1,0.21776,-0.00815,0.43145,-0.87543,-0.8,1.11,0.13,0.10318,0.00899,0.50879,-0.85464,-0.79,1.11,0.16,0.10318,0.00899,0.50879,-0.85464,-0.84,1.08,0.09,0.34623,-0.10065,-0.21872,-0.90673,-0.83,1.12,0.13,-0.05782,-0.17807,-0.10627,-0.97655,-0.82,1.12,0.16,-0.4973,-0.21049,-0.03927,-0.84074,-0.81,1.1,0.17,-0.65151,-0.18666,-0.00196,-0.73532,-0.8,1.08,0.17,-0.65151,-0.18666,-0.00196,-0.73532,-0.85,1.08,0.09,0.34623,-0.10065,-0.21872,-0.90673,-0.85,1.12,0.13,-0.03032,-0.17421,-0.17463,-0.96863,-0.84,1.12,0.17,-0.4936,-0.23777,-0.08213,-0.83252,-0.83,1.1,0.18,-0.71958,-0.22616,-0.07591,-0.65214,-0.82,1.08,0.18,-0.71958,-0.22616,-0.07591,-0.65214,-0.87,1.07,0.09,0.34623,-0.10065,-0.21872,-0.90673,-0.87,1.11,0.13,0.07006,-0.14065,-0.25316,-0.95458,-0.86,1.11,0.17,-0.44704,-0.27043,-0.17913,-0.83363,-0.84,1.1,0.18,-0.70718,-0.33051,-0.10488,-0.61617,-0.83,1.08,0.18,-0.70718,-0.33051,-0.10488,-0.61617,-0.87,1.07,0.1,0.26703,-0.04587,-0.4462,-0.85293,-0.88,1.09,0.14,0.16012,-0.10923,-0.34858,-0.91702,-0.88,1.1,0.16,-0.38533,-0.28275,-0.30567,-0.82349,-0.86,1.09,0.18,-0.65434,-0.41532,-0.19087,-0.60242,-0.85,1.08,0.17,-0.65434,-0.41532,-0.19087,-0.60242,-0.7,1.09,0.12,-0.34291,-0.18959,-0.11312,0.91306,-0.68,1.06,0.07,-0.34291,-0.18959,-0.11312,0.91306,-0.72,1.07,0.1,-0.42212,-0.23665,0.60658,0.63077,-0.75,1.07,0.11,-0.26386,-0.08502,0.57171,0.7722,-0.76,1.09,0.14,-0.17786,-0.06021,0.65007,0.73631,-0.77,1.09,0.16,-0.17786,-0.06021,0.65007,0.73631,-0.71,1.07,0.1,-0.34291,-0.18959,-0.11312,0.91306,-0.73,1.11,0.13,-0.09991,-0.22192,-0.00968,0.96989,-0.75,1.12,0.16,0.28187,-0.21451,0.05061,0.9338,-0.76,1.11,0.18,0.43706,-0.17669,0.07643,0.87859,-0.76,1.09,0.19,0.43706,-0.17669,0.07643,0.87859,-0.7,1.07,0.1,-0.34291,-0.18959,-0.11312,0.91306,-0.71,1.12,0.14,-0.07717,-0.19948,-0.07527,0.97395,-0.73,1.12,0.18,0.38939,-0.21388,0.01417,0.89578,-0.74,1.1,0.19,0.63016,-0.18505,0.0056,0.75407,-0.74,1.08,0.2,0.63016,-0.18505,0.0056,0.75407,-0.68,1.07,0.11,-0.34291,-0.18959,-0.11312,0.91306,-0.69,1.11,0.14,-0.129,-0.17429,-0.14912,0.96475,-0.7,1.12,0.18,0.4375,-0.24877,-0.06431,0.86173,-0.72,1.1,0.19,0.72428,-0.27055,-0.00044,0.63421,-0.73,1.08,0.19,0.72428,-0.27055,-0.00044,0.63421,-0.68,1.07,0.11,-0.2601,-0.12846,-0.34319,0.89334,-0.68,1.09,0.15,-0.24407,-0.13647,-0.24956,0.92711,-0.68,1.11,0.17,0.39687,-0.27318,-0.1912,0.85517,-0.69,1.1,0.18,0.71598,-0.36706,-0.07096,0.58958,-0.71,1.08,0.18,0.71598,-0.36706,-0.07096,0.58958,-0.81,1.08,0.19
-0.8,1.44,-0.15,-0.8,1.44,-0.15,-0.85,1.1,0.11,0.34364,-0.09427,-0.21618,-0.90901,-0.86,1.06,0.06,0.34364,-0.09427,-0.21618,-0.90901,-0.82,1.08,0.09,0.44917,-0.15826,0.48998,-0.73015,-0.8,1.09,0.1,0.20715,-0.00435,0.43614,-0.8757,-0.8,1.11,0.13,0.08408,0.01712,0.5117,-0.85487,-0.8,1.11,0.16,0.08408,0.01712,0.5117,-0.85487,-0.84,1.08,0.09,0.34364,-0.09427,-0.21618,-0.90901,-0.83,1.12,0.13,-0.0881,-0.17439,-0.10089,-0.97553,-0.82,1.12,0.16,-0.53733,-0.20459,-0.03287,-0.81752,-0.81,1.1,0.17,-0.69354,-0.17959,0.00656,-0.69764,-0.81,1.08,0.17,-0.69354,-0.17959,0.00656,-0.69764,-0.85,1.08,0.09,0.34364,-0.09427,-0.21618,-0.90901,-0.85,1.12,0.13,-0.05562,-0.17171,-0.17033,-0.96872,-0.84,1.12,0.17,-0.53916,-0.23535,-0.07293,-0.80536,-0.83,1.09,0.18,-0.77776,-0.21743,-0.06076,-0.58662,-0.82,1.07,0.17,-0.77776,-0.21743,-0.06076,-0.58662,-0.87,1.07,0.09,0.34364,-0.09427,-0.21618,-0.90901,-0.87,1.11,0.13,0.053,-0.1381,-0.24984,-0.95692,-0.86,1.11,0.17,-0.49231,-0.27169,-0.16902,-0.80947,-0.84,1.09,0.18,-0.76389,-0.32782,-0.08503,-0.54934,-0.83,1.07,0.17,-0.76389,-0.32782,-0.08503,-0.54934,-0.87,1.07,0.1,0.26615,-0.03879,-0.44397,-0.85472,-0.88,1.09,0.14,0.15576,-0.10202,-0.34752,-0.919,-0.88,1.1,0.16,-0.42106,-0.28672,-0.29951,-0.80672,-0.87,1.09,0.17,-0.70589,-0.42215,-0.16853,-0.54323,-0.85,1.08,0.17,-0.70589,-0.42215,-0.16853,-0.54323,-0.71,1.09,0.12,-0.31759,-0.1942,-0.10489,0.92218,-0.68,1.06,0.07,-0.31759,-0.1942,-0.10489,0.92218,-0.72,1.07,0.09,-0.41049,-0.26572,0.60289,0.63041,-0.75,1.07,0.11,-0.25402,-0.11605,0.57497,0.76904,-0.77,1.08,0.14,-0.18132,-0.10062,0.65443,0.72714,-0.78,1.08,0.16,-0.18132,-0.10062,0.65443,0.72714,-0.71,1.07,0.1,-0.31759,-0.1942,-0.10489,0.92218,-0.73,1.11,0.13,-0.11799,-0.239,-0.00469,0.96381,-0.75,1.12,0.16,0.20708,-0.23212,0.04804,0.94917,-0.76,1.11,0.18,0.34533,-0.1969,0.06991,0.91493,-0.77,1.1,0.2,0.34533,-0.1969,0.06991,0.91493,-0.7,1.07,0.1,-0.31759,-0.1942,-0.10489,0.92218,-0.71,1.11,0.14,-0.12773,-0.19328,-0.08304,0.96924,-0.73,1.12,0.18,0.3105,-0.21274,-0.00275,0.92646,-0.74,1.11,0.2,0.54843,-0.19494,-0.01414,0.81304,-0.75,1.09,0.21,0.54843,-0.19494,-0.01414,0.81304,-0.68,1.07,0.11,-0.31759,-0.1942,-0.10489,0.92218,-0.7,1.1,0.14,-0.17265,-0.15809,-0.15495,0.95979,-0.7,1.12,0.18,0.37757,-0.23875,-0.08226,0.89089,-0.72,1.1,0.19,0.66966,-0.27026,-0.02236,0.69139,-0.73,1.08,0.19,0.66966,-0.27026,-0.02236,0.69139,-0.68,1.07,0.11,-0.23563,-0.12624,-0.33348,0.90407,-0.68,1.09,0.15,-0.26571,-0.11046,-0.24696,0.92531,-0.68,1.11,0.17,0.35435,-0.24828,-0.21064,0.8766,-0.69,1.1,0.19,0.67853,-0.35301,-0.101,0.63622,-0.71,1.08,0.18,0.67853,-0.35301,-0.101,0.63622,-0.81,1.08,0.19
-0.8,1.44,-0.15,-0.8,1.44,-0.15,-0.86,1.1,0.11,0.34607,-0.07975,-0.2224,-0.90797,-0.86,1.06,0.06,0.34607,-0.07975,-0.2224,-0.90797,-0.83,1.08,0.09,0.44379,-0.14743,0.48753,-0.73731,-0.8,1.1,0.11,0.1979,0.00724,0.43028,-0.8807,-0.8,1.11,0.14,0.06495,0.03205,0.50349,-0.86096,-0.8,1.11,0.16,0.06495,0.03205,0.50349,-0.86096,-0.84,1.08,0.09,0.34607,-0.07975,-0.2224,-0.90797,-0.84,1.13,0.13,-0.10243,-0.16531,-0.11028,-0.97469,-0.82,1.12,0.16,-0.57312,-0.20188,-0.03944,-0.79323,-0.81,1.1,0.17,-0.73962,-0.17848,0.00542,-0.6489,-0.81,1.08,0.17,-0.73962,-0.17848,0.00542,-0.6489,-0.85,1.08,0.09,0.34607,-0.07975,-0.2224,-0.90797,-0.86,1.12,0.13,-0.07038,-0.16421,-0.1789,-0.96751,-0.84,1.12,0.17,-0.57434,-0.23535,-0.07729,-0.78024,-0.83,1.09,0.18,-0.82654,-0.21511,-0.05667,-0.51705,-0.82,1.07,0.17,-0.82654,-0.21511,-0.05667,-0.51705,-0.87,1.07,0.09,0.34607,-0.07975,-0.2224,-0.90797,-0.87,1.11,0.13,0.04278,-0.13083,-0.2574,-0.95645,-0.86,1.11,0.17,-0.53074,-0.27571,-0.1697,-0.78326,-0.85,1.09,0.18,-0.81322,-0.33096,-0.07124,-0.47336,-0.84,1.08,0.17,-0.81322,-0.33096,-0.07124,-0.47336,-0.88,1.07,0.1,0.27066,-0.0255,-0.45039,-0.85044,-0.88,1.09,0.14,0.15626,-0.09135,-0.35556,-0.91696,-0.88,1.1,0.16,-0.44258,-0.29134,-0.30467,-0.79147,-0.87,1.09,0.17,-0.74395,-0.43409,-0.15259,-0.48458,-0.85,1.08,0.16,-0.74395,-0.43409,-0.15259,-0.48458,-0.71,1.09,0.12,-0.30484,-0.19355,-0.10296,0.92683,-0.68,1.06,0.07,-0.30484,-0.19355,-0.10296,0.92683,-0.72,1.07,0.09,-0.41296,-0.27929,0.59041,0.63473,-0.75,1.07,0.11,-0.25448,-0.13275,0.56547,0.77322,-0.77,1.08,0.14,-0.1855,-0.1198,0.64625,0.73048,-0.78,1.08,0.16,-0.1855,-0.1198,0.64625,0.73048,-0.71,1.07,0.1,-0.30484,-0.19355,-0.10296,0.92683,-0.73,1.11,0.13,-0.10116,-0.26294,0.01178,0.95942,-0.75,1.12,0.17,0.22661,-0.24864,0.07264,0.93891,-0.76,1.11,0.18,0.36144,-0.20972,0.09689,0.90332,-0.77,1.09,0.2,0.36144,-0.20972,0.09689,0.90332,-0.7,1.07,0.1,-0.30484,-0.19355,-0.10296,0.92683,-0.71,1.11,0.14,-0.16296,-0.18508,-0.09207,0.96473,-0.73,1.13,0.18,0.27256,-0.20969,-0.01528,0.93889,-0.74,1.11,0.2,0.51133,-0.19793,-0.02788,0.83582,-0.75,1.09,0.21,0.51133,-0.19793,-0.02788,0.83582,-0.68,1.07,0.11,-0.30484,-0.19355,-0.10296,0.92683,-0.7,1.1,0.15,-0.21252,-0.1399,-0.16405,0.95307,-0.7,1.12,0.18,0.32909,-0.22888,-0.10122,0.91053,-0.72,1.11,0.2,0.62318,-0.26934,-0.04465,0.73288,-0.73,1.08,0.2,0.62318,-0.26934,-0.04465,0.73288,-0.68,1.07,0.11,-0.2236,-0.12229,-0.33079,0.90864,-0.68,1.09,0.15,-0.2849,-0.08121,-0.24912,0.92205,-0.68,1.11,0.17,0.30736,-0.22129,-0.23541,0.89507,-0.69,1.1,0.19,0.63194,-0.33799,-0.13737,0.68378,-0.7,1.08,0.19,0.63194,-0.33799,-0.13737,0.68378,-0.81,1.08,0.19
-0.8,1.44,-0.15,-0.8,1.44,-0.15,-0.86,1.1,0.11,0.35692,-0.06844,-0.22365,-0.90438,-0.86,1.06,0.06,0.35692,-0.06844,-0.22365,-0.90438,-0.83,1.08,0.09,0.44548,-0.13373,0.489,-0.73793,-0.81,1.1,0.11,0.1969,0.02232,0.42744,-0.88206,-0.8,1.11,0.14,0.05777,0.0493,0.49818,-0.86374,-0.8,1.12,0.16,0.05777,0.0493,0.49818,-0.86374,-0.84,1.09,0.09,0.35692,-0.06844,-0.22365,-0.90438,-0.84,1.13,0.13,-0.09472,-0.15509,-0.11662,-0.97641,-0.83,1.12,0.16,-0.57609,-0.1969,-0.04771,-0.79188,-0.82,1.1,0.17,-0.75126,-0.1757,-0.001,-0.63619,-0.81,1.08,0.17,-0.75126,-0.1757,-0.001,-0.63619,-0.85,1.08,0.09,0.35692,-0.06844,-0.22365,-0.90438,-0.86,1.12,0.13,-0.0658,-0.15611,-0.18349,-0.96831,-0.85,1.12,0.17,-0.57917,-0.23187,-0.08301,-0.77712,-0.83,1.1,0.18,-0.84037,-0.21305,-0.05969,-0.49479,-0.83,1.08,0.16,-0.84037,-0.21305,-0.05969,-0.49479,-0.87,1.07,0.09,0.35692,-0.06844,-0.22365,-0.90438,-0.87,1.11,0.13,0.04809,-0.12414,-0.26051,-0.95625,-0.87,1.12,0.17,-0.53798,-0.27484,-0.17217,-0.77807,-0.85,1.1,0.18,-0.82855,-0.33107,-0.06711,-0.44654,-0.84,1.08,0.16,-0.82855,-0.33107,-0.06711,-0.44654,-0.88,1.07,0.1,0.2834,-0.01732,-0.45258,-0.84531,-0.89,1.09,0.13,0.16558,-0.08549,-0.35807,-0.91491,-0.88,1.1,0.16,-0.44295,-0.29242,-0.30713,-0.78991,-0.87,1.09,0.17,-0.75599,-0.43903,-0.14372,-0.46375,-0.86,1.08,0.16,-0.75599,-0.43903,-0.14372,-0.46375,-0.71,1.09,0.12,-0.29797,-0.19212,-0.09964,0.92972,-0.68,1.06,0.07,-0.29797,-0.19212,-0.09964,0.92972,-0.72,1.07,0.09,-0.41817,-0.28357,0.58042,0.63862,-0.75,1.07,0.11,-0.25693,-0.13887,0.55647,0.77785,-0.77,1.08,0.14,-0.18816,-0.12609,0.63823,0.73577,-0.78,1.08,0.16,-0.18816,-0.12609,0.63823,0.73577,-0.71,1.07,0.09,-0.29797,-0.19212,-0.09964,0.92972,-0.73,1.11,0.13,-0.07656,-0.27533,0.02822,0.95788,-0.75,1.11,0.17,0.27301,-0.2519,0.09866,0.92319,-0.76,1.1,0.18,0.41651,-0.20718,0.12756,0.87597,-0.77,1.08,0.2,0.41651,-0.20718,0.12756,0.87597,-0.7,1.07,0.1,-0.29797,-0.19212,-0.09964,0.92972,-0.71,1.11,0.14,-0.16467,-0.18017,-0.09147,0.96543,-0.73,1.13,0.18,0.27966,-0.20516,-0.01506,0.9378,-0.74,1.11,0.2,0.51982,-0.19296,-0.02851,0.83171,-0.75,1.09,0.21,0.51982,-0.19296,-0.02851,0.83171,-0.68,1.07,0.1,-0.29797,-0.19212,-0.09964,0.92972,-0.7,1.1,0.15,-0.21795,-0.12874,-0.16454,0.95334,-0.7,1.12,0.18,0.3216,-0.21964,-0.10805,0.91469,-0.71,1.11,0.2,0.61261,-0.26324,-0.05534,0.74321,-0.72,1.08,0.2,0.61261,-0.26324,-0.05534,0.74321,-0.68,1.07,0.11,-0.21766,-0.11902,-0.32725,0.91179,-0.68,1.09,0.15,-0.28542,-0.05841,-0.24811,0.92389,-0.68,1.11,0.17,0.2874,-0.1973,-0.25111,0.90301,-0.69,1.1,0.19,0.59892,-0.31948,-0.16744,0.71498,-0.7,1.08,0.19,0.59892,-0.31948,-0.16744,0.71498,-0.81,1.08,0.19
-0.8,1.44,-0.15,-0.8,1.44,-0.15,-0.86,1.1,0.11,0.3676,-0.06739,-0.21042,-0.90335,-0.86,1.06,0.06,0.3676,-0.06739,-0.21042,-0.90335,-0.83,1.08,0.09,0.45003,-0.12786,0.49995,-0.72881,-0.81,1.1,0.11,0.20122,0.03253,0.4366,-0.87626,-0.8,1.11,0.14,0.05838,0.06304,0.50517,-0.85873,-0.8,1.12,0.16,0.05838,0.06304,0.50517,-0.85873,-0.84,1.08,0.09,0.3676,-0.06739,-0.21042,-0.90335,-0.84,1.13,0.13,-0.06458,-0.14538,-0.10885,-0.98125,-0.83,1.12,0.16,-0.54805,-0.18514,-0.04678,-0.81436,-0.82,1.1,0.17,-0.72754,-0.16401,-0.00429,-0.66616,-0.81,1.08,0.17,-0.72754,-0.16401,-0.00429,-0.66616,-0.85,1.08,0.09,0.3676,-0.06739,-0.21042,-0.90335,-0.86,1.12,0.13,-0.04389,-0.14764,-0.17378,-0.97267,-0.85,1.12,0.17,-0.56179,-0.21967,-0.07973,-0.79359,-0.83,1.1,0.18,-0.82925,-0.20215,-0.06224,-0.51731,-0.83,1.08,0.17,-0.82925,-0.20215,-0.06224,-0.51731,-0.87,1.07,0.09,0.3676,-0.06739,-0.21042,-0.90335,-0.87,1.11,0.13,0.06297,-0.11961,-0.2485,-0.95915,-0.87,1.12,0.17,-0.52571,-0.26426,-0.16586,-0.79138,-0.85,1.1,0.18,-0.82279,-0.31947,-0.06647,-0.46534,-0.84,1.08,0.17,-0.82279,-0.31947,-0.06647,-0.46534,-0.88,1.07,0.1,0.29583,-0.01842,-0.44108,-0.84711,-0.89,1.09,0.13,0.17663,-0.08619,-0.34504,-0.91778,-0.88,1.1,0.16,-0.43291,-0.28481,-0.29777,-0.80175,-0.87,1.09,0.17,-0.75262,-0.42817,-0.13939,-0.48042,-0.86,1.08,0.16,-0.75262,-0.42817,-0.13939,-0.48042,-0.71,1.09,0.12,-0.29658,-0.19173,-0.09177,0.93105,-0.68,1.06,0.07,-0.29658,-0.19173,-0.09177,0.93105,-0.72,1.07,0.09,-0.42649,-0.28214,0.57443,0.63917,-0.75,1.07,0.11,-0.26333,-0.13858,0.55022,0.7802,-0.77,1.08,0.14,-0.19325,-0.1246,0.63267,0.7395,-0.78,1.09,0.16,-0.19325,-0.1246,0.63267,0.7395,-0.71,1.07,0.09,-0.29658,-0.19173,-0.09177,0.93105,-0.73,1.11,0.13,-0.02511,-0.27389,0.05331,0.95995,-0.75,1.11,0.17,0.35754,-0.23541,0.13094,0.89421,-0.76,1.09,0.18,0.51409,-0.18145,0.16408,0.82211,-0.76,1.07,0.19,0.51409,-0.18145,0.16408,0.82211,-0.7,1.07,0.1,-0.29658,-0.19173,-0.09177,0.93105,-0.71,1.11,0.14,-0.15397,-0.17728,-0.08288,0.9685,-0.73,1.12,0.18,0.31136,-0.19878,-0.00429,0.92926,-0.74,1.11,0.2,0.55625,-0.18153,-0.01846,0.81074,-0.74,1.09,0.21,0.55625,-0.18153,-0.01846,0.81074,-0.68,1.07,0.1,-0.29658,-0.19173,-0.09177,0.93105,-0.7,1.1,0.15,-0.21126,-0.12312,-0.15765,0.95674,-0.7,1.12,0.18,0.32956,-0.21108,-0.10529,0.91419,-0.71,1.1,0.2,0.61837,-0.25406,-0.05624,0.74156,-0.72,1.08,0.2,0.61837,-0.25406,-0.05624,0.74156,-0.68,1.07,0.11,-0.21748,-0.11802,-0.31971,0.91464,-0.68,1.09,0.15,-0.2783,-0.04726,-0.24199,0.92831,-0.68,1.11,0.17,0.28195,-0.18067,-0.25453,0.90724,-0.69,1.1,0.19,0.57805,-0.30204,-0.18302,0.73562,-0.7,1.08,0.19,0.57805,-0.30204,-0.18302,0.73562,-0.81,1.08,0.19
-0.8,1.44,-0.15,-0.8,1.44,-0.15,-0.85,1.1,0.11,0.373,-0.06593,-0.19777,-0.90411,-0.86,1.06,0.06,0.373,-0.06593,-0.19777,-0.90411,-0.82,1.08,0.09,0.44993,-0.12491,0.51056,-0.72201,-0.8,1.1,0.11,0.20084,0.04008,0.44628,-0.87115,-0.8,1.11,0.14,0.05807,0.07172,0.51337,-0.85319,-0.8,1.11,0.16,0.05807,0.07172,0.51337,-0.85319,-0.84,1.08,0.09,0.373,-0.06593,-0.19777,-0.90411,-0.84,1.13,0.13,-0.03488,-0.13692,-0.10107,-0.98479,-0.83,1.12,0.16,-0.49778,-0.17321,-0.04961,-0.84838,-0.82,1.1,0.17,-0.6756,-0.1528,-0.01407,-0.72112,-0.81,1.08,0.18,-0.6756,-0.1528,-0.01407,-0.72112,-0.85,1.08,0.09,0.373,-0.06593,-0.19777,-0.90411,-0.86,1.12,0.13,0.00524,-0.13344,-0.16948,-0.97645,-0.85,1.12,0.17,-0.50677,-0.20445,-0.08747,-0.8329,-0.83,1.1,0.18,-0.77874,-0.19572,-0.08016,-0.59062,-0.83,1.08,0.18,-0.77874,-0.19572,-0.08016,-0.59062,-0.87,1.07,0.09,0.373,-0.06593,-0.19777,-0.90411,-0.87,1.11,0.13,0.10069,-0.10651,-0.24127,-0.95933,-0.87,1.12,0.17,-0.47787,-0.24769,-0.17214,-0.82502,-0.85,1.1,0.18,-0.78143,-0.30904,-0.08515,-0.53537,-0.84,1.08,0.17,-0.78143,-0.30904,-0.08515,-0.53537,-0.88,1.07,0.1,0.30312,-0.01778,-0.42977,-0.85035,-0.89,1.09,0.13,0.19313,-0.07989,-0.33371,-0.91922,-0.88,1.1,0.16,-0.39808,-0.26693,-0.29919,-0.82508,-0.87,1.09,0.17,-0.71982,-0.41117,-0.1574,-0.53668,-0.86,1.08,0.17,-0.71982,-0.41117,-0.1574,-0.53668,-0.71,1.09,0.12,-0.2898,-0.18356,-0.0872,0.93526,-0.68,1.06,0.07,-0.2898,-0.18356,-0.0872,0.93526,-0.72,1.07,0.09,-0.42848,-0.27739,0.56563,0.64771,-0.75,1.07,0.11,-0.26523,-0.13733,0.53928,0.78738,-0.77,1.08,0.14,-0.19613,-0.12505,0.62234,0.74739,-0.78,1.09,0.16,-0.19613,-0.12505,0.62234,0.74739,-0.71,1.07,0.09,-0.2898,-0.18356,-0.0872,0.93526,-0.73,1.11,0.14,0.00257,-0.26679,0.06246,0.96172,-0.75,1.11,0.17,0.38264,-0.22475,0.13622,0.88573,-0.76,1.09,0.18,0.53881,-0.16942,0.1685,0.80783,-0.76,1.07,0.19,0.53881,-0.16942,0.1685,0.80783,-0.7,1.07,0.1,-0.2898,-0.18356,-0.0872,0.93526,-0.71,1.11,0.14,-0.13916,-0.16854,-0.07819,0.97268,-0.73,1.12,0.18,0.31858,-0.18863,-0.00578,0.92892,-0.74,1.11,0.2,0.55857,-0.17181,-0.02303,0.81115,-0.74,1.09,0.21,0.55857,-0.17181,-0.02303,0.81115,-0.68,1.07,0.1,-0.2898,-0.18356,-0.0872,0.93526,-0.7,1.1,0.15,-0.20632,-0.11206,-0.15395,0.95978,-0.7,1.12,0.18,0.32284,-0.19824,-0.11055,0.91883,-0.71,1.1,0.2,0.60479,-0.24379,-0.06743,0.75515,-0.72,1.08,0.2,0.60479,-0.24379,-0.06743,0.75515,-0.68,1.07,0.11,-0.21317,-0.10804,-0.31536,0.91839,-0.68,1.09,0.15,-0.27768,-0.03104,-0.23722,0.93041,-0.68,1.11,0.17,0.26983,-0.1611,-0.26121,0.91269,-0.68,1.1,0.19,0.55999,-0.28455,-0.19852,0.75235,-0.7,1.08,0.19,0.55999,-0.28455,-0.19852,0.75235,-0.81,1.08,0.19
-0.8,1.44,-0.15,-0.8,1.44,-0.15,-0.85,1.1,0.11,0.37342,-0.06508,-0.19537,-0.90452,-0.86,1.06,0.06,0.37342,-0.06508,-0.19537,-0.90452,-0.82,1.08,0.09,0.44814,-0.12301,0.51336,-0.72146,-0.8,1.09,0.11,0.19871,0.04337,0.44843,-0.87037,-0.8,1.11,0.14,0.06066,0.07213,0.51575,-0.85154,-0.8,1.11,0.16,0.06066,0.07213,0.51575,-0.85154,-0.84,1.08,0.09,0.37342,-0.06508,-0.19537,-0.90452,-0.84,1.12,0.13,-0.02521,-0.13552,-0.09949,-0.98544,-0.83,1.12,0.16,-0.45943,-0.16963,-0.05487,-0.87014,-0.82,1.11,0.18,-0.62349,-0.14969,-0.02549,-0.76694,-0.81,1.08,0.18,-0.62349,-0.14969,-0.02549,-0.76694,-0.85,1.08,0.09,0.37342,-0.06508,-0.19537,-0.90452,-0.86,1.12,0.13,0.03682,-0.12604,-0.17211,-0.97629,-0.85,1.13,0.17,-0.44337,-0.19585,-0.10179,-0.86874,-0.84,1.11,0.19,-0.6956,-0.19631,-0.10521,-0.68304,-0.83,1.08,0.19,-0.6956,-0.19631,-0.10521,-0.68304,-0.87,1.07,0.09,0.37342,-0.06508,-0.19537,-0.90452,-0.87,1.11,0.13,0.1322,-0.09642,-0.24332,-0.95604,-0.87,1.12,0.17,-0.41017,-0.23386,-0.18918,-0.86097,-0.85,1.1,0.18,-0.70071,-0.3033,-0.11894,-0.63472,-0.84,1.08,0.18,-0.70071,-0.3033,-0.11894,-0.63472,-0.88,1.07,0.1,0.30403,-0.01695,-0.42761,-0.85113,-0.89,1.09,0.13,0.21181,-0.07333,-0.33164,-0.91639,-0.89,1.1,0.16,-0.34068,-0.24838,-0.31159,-0.85156,-0.87,1.1,0.17,-0.648,-0.39341,-0.19378,-0.62271,-0.86,1.08,0.17,-0.648,-0.39341,-0.19378,-0.62271,-0.71,1.09,0.12,-0.28475,-0.17548,-0.09075,0.93802,-0.68,1.06,0.07,-0.28475,-0.17548,-0.09075,0.93802,-0.72,1.07,0.09,-0.43141,-0.27026,0.55371,0.65898,-0.75,1.08,0.11,-0.27048,-0.13647,0.52379,0.79616,-0.77,1.09,0.13,-0.20961,-0.13139,0.60721,0.75505,-0.78,1.09,0.16,-0.20961,-0.13139,0.60721,0.75505,-0.71,1.07,0.09,-0.28475,-0.17548,-0.09075,0.93802,-0.73,1.11,0.14,0.01622,-0.26217,0.0599,0.96303,-0.75,1.11,0.17,0.38327,-0.22294,0.12887,0.88701,-0.76,1.09,0.18,0.53402,-0.17001,0.1596,0.81268,-0.76,1.07,0.19,0.53402,-0.17001,0.1596,0.81268,-0.7,1.07,0.1,-0.28475,-0.17548,-0.09075,0.93802,-0.71,1.11,0.14,-0.10355,-0.1676,-0.07561,0.97748,-0.73,1.12,0.18,0.3161,-0.1859,-0.01127,0.93027,-0.73,1.1,0.2,0.53108,-0.17144,-0.03183,0.82918,-0.74,1.08,0.21,0.53108,-0.17144,-0.03183,0.82918,-0.68,1.07,0.1,-0.28475,-0.17548,-0.09075,0.93802,-0.69,1.1,0.15,-0.18929,-0.10824,-0.15542,0.96348,-0.7,1.12,0.18,0.31253,-0.19193,-0.11918,0.92265,-0.71,1.1,0.2,0.57786,-0.24016,-0.08159,0.77572,-0.72,1.08,0.21,0.57786,-0.24016,-0.08159,0.77572,-0.68,1.07,0.11,-0.20941,-0.09884,-0.3188,0.9191,-0.68,1.09,0.15,-0.29027,-0.01579,-0.23945,0.92637,-0.67,1.11,0.17,0.24358,-0.14706,-0.27254,0.91911,-0.68,1.1,0.19,0.52513,-0.2727,-0.2165,0.77653,-0.7,1.08,0.2,0.52513,-0.2727,-0.2165,0.77653,-0.81,1.08,0.19
-0.8,1.44,-0.15,-0.8,1.44,-0.15,-0.85,1.1,0.11,0.36896,-0.06356,-0.19891,-0.90568,-0.86,1.06,0.06,0.36896,-0.06356,-0.19891,-0.90568,-0.82,1.08,0.09,0.44466,-0.12239,0.51043,-0.72578,-0.8,1.09,0.11,0.19509,0.04286,0.44524,-0.87285,-0.8,1.11,0.14,0.06257,0.06746,0.51361,-0.85308,-0.8,1.11,0.16,0.06257,0.06746,0.51361,-0.85308,-0.84,1.08,0.09,0.36896,-0.06356,-0.19891,-0.90568,-0.84,1.12,0.13,-0.02644,-0.13473,-0.10465,-0.98499,-0.83,1.12,0.16,-0.44486,-0.17006,-0.06288,-0.87706,-0.82,1.1,0.18,-0.59911,-0.15105,-0.03622,-0.78546,-0.81,1.08,0.18,-0.59911,-0.15105,-0.03622,-0.78546,-0.85,1.08,0.09,0.36896,-0.06356,-0.19891,-0.90568,-0.86,1.12,0.13,0.04003,-0.12352,-0.17768,-0.97548,-0.85,1.12,0.17,-0.41864,-0.19371,-0.11261,-0.88008,-0.84,1.11,0.19,-0.64984,-0.19755,-0.12111,-0.72389,-0.83,1.08,0.19,-0.64984,-0.19755,-0.12111,-0.72389,-0.87,1.07,0.09,0.36896,-0.06356,-0.19891,-0.90568,-0.87,1.11,0.13,0.13286,-0.09347,-0.24799,-0.95505,-0.87,1.12,0.17,-0.383,-0.22833,-0.20094,-0.87224,-0.85,1.1,0.19,-0.65368,-0.30032,-0.14065,-0.68024,-0.84,1.08,0.19,-0.65368,-0.30032,-0.14065,-0.68024,-0.88,1.07,0.1,0.29951,-0.01446,-0.43068,-0.85123,-0.89,1.09,0.14,0.2092,-0.07431,-0.33375,-0.91614,-0.89,1.1,0.16,-0.31271,-0.23968,-0.31992,-0.86164,-0.87,1.09,0.18,-0.59721,-0.38141,-0.21906,-0.67073,-0.86,1.08,0.18,-0.59721,-0.38141,-0.21906,-0.67073,-0.7,1.09,0.12,-0.29243,-0.16686,-0.10218,0.93605,-0.69,1.06,0.07,-0.29243,-0.16686,-0.10218,0.93605,-0.73,1.07,0.09,-0.43686,-0.25519,0.54661,0.66727,-0.75,1.08,0.11,-0.27521,-0.12388,0.51238,0.80398,-0.77,1.09,0.13,-0.22036,-0.12463,0.59561,0.76234,-0.78,1.09,0.15,-0.22036,-0.12463,0.59561,0.76234,-0.71,1.08,0.09,-0.29243,-0.16686,-0.10218,0.93605,-0.73,1.11,0.14,0.02622,-0.25694,0.05305,0.96461,-0.75,1.11,0.17,0.37885,-0.22229,0.11694,0.89072,-0.76,1.09,0.18,0.51872,-0.17342,0.14482,0.82455,-0.76,1.07,0.19,0.51872,-0.17342,0.14482,0.82455,-0.7,1.07,0.1,-0.29243,-0.16686,-0.10218,0.93605,-0.71,1.11,0.14,-0.03397,-0.18156,-0.067,0.98051,-0.73,1.12,0.18,0.34574,-0.19406,-0.00509,0.91803,-0.74,1.1,0.2,0.53282,-0.17677,-0.02632,0.82714,-0.74,1.08,0.21,0.53282,-0.17677,-0.02632,0.82714,-0.68,1.07,0.1,-0.29243,-0.16686,-0.10218,0.93605,-0.69,1.1,0.14,-0.13925,-0.12112,-0.15717,0.97017,-0.7,1.12,0.18,0.33499,-0.199,-0.12023,0.91309,-0.71,1.1,0.2,0.58028,-0.24573,-0.08479,0.77182,-0.72,1.08,0.2,0.58028,-0.24573,-0.08479,0.77182,-0.68,1.07,0.11,-0.21706,-0.09258,-0.3307,0.91376,-0.68,1.09,0.15,-0.3092,-0.00414,-0.25093,0.91728,-0.67,1.11,0.17,0.2185,-0.14376,-0.28835,0.92111,-0.68,1.1,0.19,0.48852,-0.27156,-0.23515,0.79518,-0.69,1.09,0.2,0.48852,-0.27156,-0.23515,0.79518,-0.81,1.08,0.19
-0.8,1.44,-0.15,-0.8,1.44,-0.15,-0.86,1.1,0.11,0.36302,-0.06016,-0.20189,-0.90765,-0.86,1.06,0.06,0.36302,-0.06016,-0.20189,-0.90765,-0.83,1.08,0.09,0.43916,-0.12326,0.50793,-0.73073,-0.81,1.09,0.11,0.18976,0.04102,0.44296,-0.87527,-0.8,1.11,0.14,0.05837,0.06418,0.51167,-0.85479,-0.8,1.11,0.16,0.05837,0.06418,0.51167,-0.85479,-0.84,1.08,0.09,0.36302,-0.06016,-0.20189,-0.90765,-0.84,1.12,0.13,-0.03121,-0.13159,-0.11032,-0.98465,-0.83,1.12,0.17,-0.44596,-0.16926,-0.06994,-0.87612,-0.82,1.1,0.18,-0.5988,-0.15143,-0.04355,-0.78524,-0.81,1.08,0.19,-0.5988,-0.15143,-0.04355,-0.78524,-0.85,1.07,0.09,0.36302,-0.06016,-0.20189,-0.90765,-0.86,1.12,0.13,0.03833,-0.11886,-0.1834,-0.97507,-0.85,1.12,0.17,-0.41506,-0.19156,-0.12088,-0.88114,-0.84,1.11,0.19,-0.64036,-0.19741,-0.1307,-0.73067,-0.83,1.08,0.19,-0.64036,-0.19741,-0.1307,-0.73067,-0.87,1.07,0.09,0.36302,-0.06016,-0.20189,-0.90765,-0.87,1.11,0.13,0.12945,-0.08861,-0.25249,-0.9548,-0.87,1.12,0.17,-0.3783,-0.22474,-0.20904,-0.87332,-0.86,1.1,0.19,-0.64209,-0.29877,-0.15188,-0.68949,-0.84,1.08,0.19,-0.64209,-0.29877,-0.15188,-0.68949,-0.88,1.07,0.1,0.29401,-0.00971,-0.4332,-0.85194,-0.89,1.09,0.14,0.20391,-0.0711,-0.33664,-0.91654,-0.89,1.1,0.16,-0.30716,-0.23446,-0.32626,-0.86269,-0.87,1.09,0.18,-0.58347,-0.37646,-0.23098,-0.68153,-0.86,1.08,0.18,-0.58347,-0.37646,-0.23098,-0.68153,-0.7,1.1,0.12,-0.31469,-0.16054,-0.11225,0.92876,-0.68,1.06,0.07,-0.31469,-0.16054,-0.11225,0.92876,-0.72,1.07,0.09,-0.45026,-0.2341,0.54515,0.66729,-0.75,1.08,0.11,-0.28611,-0.10245,0.50618,0.80711,-0.76,1.09,0.13,-0.22807,-0.10169,0.58949,0.76821,-0.78,1.1,0.15,-0.22807,-0.10169,0.58949,0.76821,-0.71,1.08,0.09,-0.31469,-0.16054,-0.11225,0.92876,-0.73,1.12,0.13,0.00991,-0.24962,0.04338,0.96732,-0.75,1.11,0.17,0.36199,-0.21966,0.10467,0.89986,-0.75,1.1,0.18,0.49834,-0.17368,0.1305,0.83932,-0.76,1.08,0.19,0.49834,-0.17368,0.1305,0.83932,-0.7,1.08,0.1,-0.31469,-0.16054,-0.11225,0.92876,-0.71,1.12,0.14,-0.00128,-0.19388,-0.05971,0.97921,-0.72,1.12,0.18,0.36203,-0.20233,0.00336,0.90994,-0.73,1.1,0.2,0.53862,-0.18248,-0.01716,0.82237,-0.74,1.08,0.2,0.53862,-0.18248,-0.01716,0.82237,-0.68,1.08,0.1,-0.31469,-0.16054,-0.11225,0.92876,-0.69,1.11,0.14,-0.11276,-0.13869,-0.15666,0.97134,-0.7,1.12,0.18,0.34802,-0.21183,-0.1144,0.90605,-0.71,1.1,0.2,0.58531,-0.25569,-0.07729,0.76555,-0.72,1.08,0.2,0.58531,-0.25569,-0.07729,0.76555,-0.67,1.07,0.11,-0.23864,-0.09228,-0.34217,0.90413,-0.67,1.09,0.14,-0.33207,-0.00292,-0.26348,0.9057,-0.67,1.11,0.17,0.1959,-0.1521,-0.29878,0.92153,-0.68,1.11,0.19,0.46295,-0.28174,-0.24244,0.80469,-0.69,1.09,0.2,0.46295,-0.28174,-0.24244,0.80469,-0.81,1.08,0.19
-0.8,1.44,-0.15,-0.8,1.44,-0.15,-0.86,1.1,0.11,0.36085,-0.05388,-0.19992,-0.90935,-0.86,1.06,0.06,0.36085,-0.05388,-0.19992,-0.90935,-0.83,1.08,0.09,0.43363,-0.12109,0.50987,-0.73303,-0.81,1.09,0.11,0.18537,0.04354,0.44411,-0.87551,-0.8,1.11,0.14,0.0528,0.06701,0.51215,-0.85465,-0.8,1.11,0.17,0.0528,0.06701,0.51215,-0.85465,-0.84,1.08,0.09,0.36085,-0.05388,-0.19992,-0.90935,-0.84,1.12,0.13,-0.02876,-0.12207,-0.11419,-0.98551,-0.83,1.12,0.17,-0.44381,-0.16233,-0.07748,-0.87788,-0.82,1.1,0.18,-0.59826,-0.14605,-0.05203,-0.78616,-0.81,1.08,0.19,-0.59826,-0.14605,-0.05203,-0.78616,-0.85,1.07,0.09,0.36085,-0.05388,-0.19992,-0.90935,-0.86,1.12,0.13,0.04045,-0.10836,-0.18653,-0.97562,-0.85,1.12,0.17,-0.41327,-0.18369,-0.12849,-0.88259,-0.84,1.1,0.19,-0.63794,-0.19189,-0.14022,-0.7325,-0.83,1.08,0.19,-0.63794,-0.19189,-0.14022,-0.7325,-0.87,1.07,0.09,0.36085,-0.05388,-0.19992,-0.90935,-0.87,1.1,0.13,0.13018,-0.07881,-0.25369,-0.95524,-0.87,1.12,0.17,-0.37579,-0.21659,-0.21547,-0.8749,-0.86,1.1,0.19,-0.63861,-0.29308,-0.16102,-0.69308,-0.84,1.08,0.19,-0.63861,-0.29308,-0.16102,-0.69308,-0.88,1.06,0.1,0.29345,-0.0029,-0.43145,-0.85307,-0.89,1.09,0.14,0.20221,-0.0634,-0.33608,-0.91768,-0.89,1.1,0.16,-0.30749,-0.22705,-0.33004,-0.86312,-0.88,1.09,0.18,-0.58193,-0.37039,-0.23809,-0.68372,-0.86,1.08,0.18,-0.58193,-0.37039,-0.23809,-0.68372,-0.7,1.1,0.12,-0.354,-0.15213,-0.11845,0.91516,-0.68,1.06,0.07,-0.354,-0.15213,-0.11845,0.91516,-0.72,1.07,0.09,-0.46417,-0.20289,0.55772,0.65751,-0.75,1.09,0.11,-0.29276,-0.06273,0.51299,0.80449,-0.76,1.1,0.13,-0.21599,-0.04992,0.59447,0.77296,-0.77,1.11,0.16,-0.21599,-0.04992,0.59447,0.77296,-0.71,1.08,0.09,-0.354,-0.15213,-0.11845,0.91516,-0.73,1.12,0.13,-0.03841,-0.22814,0.02486,0.97255,-0.74,1.12,0.16,0.33689,-0.20585,0.08393,0.91492,-0.75,1.11,0.18,0.47779,-0.16314,0.1074,0.85648,-0.75,1.09,0.19,0.47779,-0.16314,0.1074,0.85648,-0.7,1.08,0.1,-0.354,-0.15213,-0.11845,0.91516,-0.7,1.12,0.13,-0.03046,-0.19264,-0.06252,0.9788,-0.72,1.13,0.17,0.3459,-0.20256,0.00273,0.91614,-0.73,1.11,0.19,0.52966,-0.18364,-0.01729,0.82791,-0.74,1.09,0.2,0.52966,-0.18364,-0.01729,0.82791,-0.68,1.08,0.1,-0.354,-0.15213,-0.11845,0.91516,-0.69,1.11,0.14,-0.13704,-0.14252,-0.16074,0.96699,-0.7,1.13,0.17,0.33156,-0.21887,-0.11427,0.91055,-0.71,1.11,0.19,0.57512,-0.263,-0.07372,0.77112,-0.72,1.09,0.2,0.57512,-0.263,-0.07372,0.77112,-0.67,1.07,0.11,-0.27781,-0.09429,-0.35103,0.88922,-0.67,1.1,0.14,-0.36888,-0.00454,-0.27458,0.88798,-0.67,1.12,0.16,0.17142,-0.16749,-0.30445,0.92189,-0.67,1.11,0.18,0.44413,-0.29931,-0.24037,0.80956,-0.69,1.1,0.19,0.44413,-0.29931,-0.24037,0.80956,-0.81,1.08,0.19
-0.8,1.44,-0.15,-0.8,1.44,-0.15,-0.86,1.1,0.11,0.35984,-0.0495,-0.19984,-0.91001,-0.86,1.05,0.06,0.35984,-0.0495,-0.19984,-0.91001,-0.83,1.08,0.09,0.43134,-0.11991,0.50954,-0.7348,-0.81,1.09,0.11,0.18344,0.04442,0.44336,-0.87625,-0.8,1.1,0.14,0.04829,0.06908,0.51086,-0.85552,-0.8,1.11,0.17,0.04829,0.06908,0.51086,-0.85552,-0.84,1.08,0.09,0.35984,-0.0495,-0.19984,-0.91001,-0.84,1.12,0.13,-0.02191,-0.11467,-0.11929,-0.98597,-0.83,1.12,0.17,-0.43836,-0.15802,-0.08506,-0.8807,-0.82,1.1,0.18,-0.59564,-0.14339,-0.05999,-0.78807,-0.82,1.08,0.19,-0.59564,-0.14339,-0.05999,-0.78807,-0.85,1.07,0.09,0.35984,-0.0495,-0.19984,-0.91001,-0.86,1.12,0.13,0.04325,-0.10048,-0.19056,-0.97556,-0.85,1.12,0.17,-0.41145,-0.1787,-0.13553,-0.8834,-0.84,1.1,0.19,-0.63627,-0.18907,-0.14828,-0.73309,-0.83,1.08,0.19,-0.63627,-0.18907,-0.14828,-0.73309,-0.87,1.07,0.09,0.35984,-0.0495,-0.19984,-0.91001,-0.88,1.1,0.13,0.13216,-0.0714,-0.25619,-0.95488,-0.87,1.12,0.17,-0.37281,-0.2114,-0.22153,-0.87593,-0.86,1.1,0.19,-0.6353,-0.29016,-0.16855,-0.69555,-0.84,1.08,0.19,-0.6353,-0.29016,-0.16855,-0.69555,-0.88,1.06,0.1,0.29338,0.00164,-0.43146,-0.85309,-0.89,1.09,0.14,0.20163,-0.05676,-0.33755,-0.91771,-0.89,1.1,0.16,-0.3078,-0.22218,-0.33462,-0.86251,-0.88,1.09,0.18,-0.58065,-0.36712,-0.24468,-0.68425,-0.86,1.08,0.18,-0.58065,-0.36712,-0.24468,-0.68425,-0.7,1.1,0.11,-0.36558,-0.15391,-0.10165,0.91232,-0.69,1.06,0.07,-0.36558,-0.15391,-0.10165,0.91232,-0.72,1.07,0.09,-0.45138,-0.20617,0.58754,0.63918,-0.75,1.08,0.11,-0.27666,-0.05142,0.54594,0.78915,-0.76,1.1,0.14,-0.18756,-0.02846,0.62392,0.75811,-0.77,1.1,0.16,-0.18756,-0.02846,0.62392,0.75811,-0.71,1.08,0.09,-0.36558,-0.15391,-0.10165,0.91232,-0.73,1.12,0.13,-0.08059,-0.21187,0.02349,0.97369,-0.74,1.13,0.16,0.33103,-0.18955,0.08354,0.9206,-0.75,1.11,0.18,0.4812,-0.14613,0.10587,0.85784,-0.75,1.09,0.19,0.4812,-0.14613,0.10587,0.85784,-0.7,1.08,0.1,-0.36558,-0.15391,-0.10165,0.91232,-0.71,1.12,0.13,-0.03785,-0.18879,-0.04527,0.98024,-0.72,1.13,0.17,0.37691,-0.19165,0.025,0.90586,-0.73,1.11,0.19,0.57877,-0.16509,0.00502,0.79859,-0.74,1.09,0.2,0.57877,-0.16509,0.00502,0.79859,-0.68,1.08,0.1,-0.36558,-0.15391,-0.10165,0.91232,-0.69,1.11,0.14,-0.13886,-0.14323,-0.14278,0.96944,-0.7,1.13,0.17,0.36344,-0.21433,-0.09136,0.90201,-0.71,1.11,0.19,0.62345,-0.25149,-0.04886,0.7387,-0.72,1.09,0.19,0.62345,-0.25149,-0.04886,0.7387,-0.67,1.07,0.11,-0.29106,-0.09851,-0.33577,0.89042,-0.67,1.1,0.14,-0.37523,-0.01408,-0.25997,0.88962,-0.67,1.12,0.16,0.20605,-0.17957,-0.28181,0.91972,-0.68,1.11,0.18,0.50181,-0.30925,-0.2084,0.78046,-0.69,1.1,0.19,0.50181,-0.30925,-0.2084,0.78046,-0.81,1.08,0.19
-0.8,1.44,-0.15,-0.8,1.44,-0.15,-0.86,1.09,0.11,0.35818,-0.0491,-0.20356,-0.90987,-0.86,1.05,0.06,0.35818,-0.0491,-0.20356,-0.90987,-0.83,1.08,0.09,0.42936,-0.12119,0.50786,-0.73691,-0.81,1.09,0.11,0.18305,0.04173,0.44204,-0.87712,-0.8,1.1,0.14,0.0459,0.06748,0.50959,-0.85654,-0.8,1.11,0.17,0.0459,0.06748,0.50959,-0.85654,-0.84,1.08,0.09,0.35818,-0.0491,-0.20356,-0.90987,-0.84,1.12,0.13,-0.01697,-0.11403,-0.12472,-0.98547,-0.83,1.12,0.17,-0.43663,-0.16016,-0.08966,-0.88072,-0.82,1.1,0.18,-0.59618,-0.14657,-0.06373,-0.78678,-0.81,1.08,0.19,-0.59618,-0.14657,-0.06373,-0.78678,-0.85,1.07,0.09,0.35818,-0.0491,-0.20356,-0.90987,-0.86,1.12,0.13,0.04323,-0.09994,-0.19513,-0.97471,-0.85,1.12,0.17,-0.41325,-0.18067,-0.13938,-0.88157,-0.84,1.1,0.19,-0.63766,-0.19183,-0.15137,-0.73053,-0.83,1.08,0.19,-0.63766,-0.19183,-0.15137,-0.73053,-0.87,1.07,0.1,0.35818,-0.0491,-0.20356,-0.90987,-0.88,1.1,0.14,0.13207,-0.07001,-0.26069,-0.95378,-0.87,1.11,0.17,-0.37226,-0.21249,-0.22605,-0.87474,-0.86,1.1,0.19,-0.63343,-0.29249,-0.17271,-0.69526,-0.84,1.08,0.19,-0.63343,-0.29249,-0.17271,-0.69526,-0.88,1.06,0.1,0.29134,0.00228,-0.4348,-0.85209,-0.89,1.09,0.14,0.20152,-0.05348,-0.34215,-0.91622,-0.89,1.1,0.16,-0.30641,-0.22154,-0.34024,-0.86097,-0.88,1.09,0.18,-0.57665,-0.36786,-0.25099,-0.68495,-0.86,1.08,0.18,-0.57665,-0.36786,-0.25099,-0.68495,-0.71,1.09,0.13,-0.27133,-0.15628,-0.02506,0.94938,-0.69,1.06,0.07,-0.27133,-0.15628,-0.02506,0.94938,-0.73,1.06,0.1,-0.38167,-0.29034,0.61023,0.6306,-0.76,1.07,0.12,-0.21528,-0.12838,0.59154,0.76632,-0.77,1.07,0.15,-0.14002,-0.11203,0.66955,0.7208,-0.78,1.08,0.17,-0.14002,-0.11203,0.66955,0.7208,-0.72,1.07,0.1,-0.27133,-0.15628,-0.02506,0.94938,-0.74,1.1,0.15,-0.06856,-0.20707,0.07136,0.97331,-0.76,1.11,0.18,0.30609,-0.16996,0.11861,0.92917,-0.76,1.09,0.2,0.45645,-0.12127,0.13637,0.87083,-0.77,1.07,0.21,0.45645,-0.12127,0.13637,0.87083,-0.71,1.07,0.1,-0.27133,-0.15628,-0.02506,0.94938,-0.72,1.11,0.15,-0.03814,-0.15852,0.00442,0.98661,-0.74,1.11,0.19,0.39881,-0.14211,0.06052,0.90393,-0.74,1.09,0.21,0.62554,-0.10442,0.02969,0.7726,-0.74,1.07,0.21,0.62554,-0.10442,0.02969,0.7726,-0.69,1.07,0.11,-0.27133,-0.15628,-0.02506,0.94938,-0.7,1.1,0.15,-0.09452,-0.11011,-0.07439,0.98661,-0.71,1.11,0.19,0.46233,-0.15225,-0.04202,0.87253,-0.72,1.09,0.2,0.7431,-0.17281,-0.01705,0.64626,-0.72,1.07,0.2,0.7431,-0.17281,-0.01705,0.64626,-0.68,1.07,0.11,-0.2094,-0.07468,-0.25603,0.94076,-0.68,1.09,0.15,-0.28909,-0.00448,-0.17235,0.94165,-0.68,1.11,0.18,0.35567,-0.12532,-0.21451,0.90099,-0.69,1.09,0.19,0.69179,-0.2445,-0.15543,0.66143,-0.7,1.08,0.19,0.69179,-0.2445,-0.15543,0.66143,-0.81,1.08,0.19
-0.8,1.44,-0.15,-0.8,1.44,-0.15,-0.86,1.09,0.11,0.35724,-0.0503,-0.20467,-0.90992,-0.86,1.05,0.06,0.35724,-0.0503,-0.20467,-0.90992,-0.83,1.08,0.09,0.42689,-0.12336,0.50925,-0.73703,-0.81,1.09,0.11,0.18277,0.03918,0.44409,-0.87627,-0.8,1.1,0.14,0.0449,0.06579,0.51169,-0.85547,-0.8,1.11,0.17,0.0449,0.06579,0.51169,-0.85547,-0.84,1.08,0.09,0.35724,-0.0503,-0.20467,-0.90992,-0.84,1.12,0.13,-0.01332,-0.11526,-0.12575,-0.98525,-0.83,1.12,0.17,-0.43557,-0.16204,-0.08962,-0.8809,-0.82,1.1,0.18,-0.59594,-0.1485,-0.06322,-0.78665,-0.81,1.08,0.19,-0.59594,-0.1485,-0.06322,-0.78665,-0.85,1.07,0.09,0.35724,-0.0503,-0.20467,-0.90992,-0.86,1.12,0.13,0.0456,-0.10043,-0.19639,-0.9743,-0.85,1.12,0.18,-0.4119,-0.18186,-0.14007,-0.88185,-0.84,1.1,0.19,-0.63567,-0.19315,-0.15187,-0.73181,-0.83,1.08,0.2,-0.63567,-0.19315,-0.15187,-0.73181,-0.87,1.07,0.1,0.35724,-0.0503,-0.20467,-0.90992,-0.87,1.1,0.14,0.13534,-0.06905,-0.26247,-0.9529,-0.87,1.11,0.17,-0.36868,-0.21263,-0.22803,-0.87571,-0.86,1.1,0.19,-0.62897,-0.29313,-0.1749,-0.69849,-0.84,1.08,0.19,-0.62897,-0.29313,-0.1749,-0.69849,-0.88,1.06,0.1,0.29003,0.0013,-0.43573,-0.85207,-0.89,1.09,0.14,0.20491,-0.05027,-0.3441,-0.91492,-0.89,1.1,0.16,-0.30178,-0.21976,-0.34368,-0.8617,-0.88,1.09,0.18,-0.5702,-0.36673,-0.25569,-0.68921,-0.86,1.08,0.18,-0.5702,-0.36673,-0.25569,-0.68921,-0.72,1.08,0.14,-0.17308,-0.13264,0.03576,0.97528,-0.7,1.06,0.08,-0.17308,-0.13264,0.03576,0.97528,-0.74,1.06,0.1,-0.33663,-0.34212,0.5779,0.66005,-0.76,1.06,0.12,-0.19171,-0.20621,0.56248,0.7774,-0.78,1.06,0.15,-0.15436,-0.21983,0.63951,0.72033,-0.79,1.06,0.17,-0.15436,-0.21983,0.63951,0.72033,-0.73,1.06,0.11,-0.17308,-0.13264,0.03576,0.97528,-0.75,1.08,0.16,0.0069,-0.22147,0.12565,0.96701,-0.76,1.08,0.19,0.27044,-0.17962,0.15472,0.93309,-0.77,1.07,0.21,0.3944,-0.13022,0.16823,0.89397,-0.77,1.05,0.23,0.3944,-0.13022,0.16823,0.89397,-0.71,1.07,0.11,-0.17308,-0.13264,0.03576,0.97528,-0.73,1.09,0.16,-0.06564,-0.11174,0.03743,0.99086,-0.74,1.1,0.2,0.4082,-0.08339,0.07272,0.90616,-0.74,1.08,0.22,0.67696,-0.03871,0.02429,0.7346,-0.74,1.05,0.22,0.67696,-0.03871,0.02429,0.7346,-0.69,1.07,0.11,-0.17308,-0.13264,0.03576,0.97528,-0.71,1.09,0.16,-0.13678,-0.05085,-0.02661,0.98894,-0.71,1.1,0.2,0.46921,-0.07948,-0.03093,0.87896,-0.71,1.08,0.21,0.78215,-0.09959,-0.03026,0.61434,-0.72,1.05,0.21,0.78215,-0.09959,-0.03026,0.61434,-0.69,1.07,0.12,-0.12725,-0.02671,-0.18917,0.9733,-0.69,1.08,0.16,-0.25816,0.04562,-0.09188,0.96064,-0.68,1.09,0.18,0.37357,-0.03133,-0.18354,0.90872,-0.69,1.08,0.2,0.74697,-0.15355,-0.16142,0.62642,-0.7,1.06,0.2,0.74697,-0.15355,-0.16142,0.62642,-0.81,1.08,0.19
-0.8,1.44,-0.15,-0.8,1.44,-0.15,-0.86,1.09,0.11,0.35456,-0.05444,-0.20118,-0.91151,-0.86,1.05,0.06,0.35456,-0.05444,-0.20118,-0.91151,-0.83,1.07,0.09,0.42495,-0.12943,0.51273,-0.73469,-0.81,1.09,0.11,0.1835,0.03345,0.44948,-0.8736,-0.8,1.1,0.14,0.04534,0.06149,0.51745,-0.8523,-0.8,1.11,0.17,0.04534,0.06149,0.51745,-0.8523,-0.84,1.08,0.09,0.35456,-0.05444,-0.20118,-0.91151,-0.84,1.12,0.13,-0.01116,-0.11726,-0.12166,-0.98556,-0.83,1.12,0.17,-0.43416,-0.16219,-0.085,-0.88203,-0.82,1.1,0.18,-0.59513,-0.14783,-0.0586,-0.78774,-0.81,1.08,0.19,-0.59513,-0.14783,-0.0586,-0.78774,-0.85,1.07,0.09,0.35456,-0.05444,-0.20118,-0.91151,-0.86,1.12,0.13,0.04661,-0.10216,-0.19235,-0.97488,-0.85,1.12,0.18,-0.40907,-0.18119,-0.13615,-0.88391,-0.84,1.1,0.19,-0.63077,-0.1914,-0.1488,-0.73713,-0.83,1.08,0.2,-0.63077,-0.1914,-0.1488,-0.73713,-0.87,1.07,0.1,0.35456,-0.05444,-0.20118,-0.91151,-0.87,1.1,0.14,0.13569,-0.07054,-0.25875,-0.95376,-0.87,1.11,0.17,-0.36617,-0.21137,-0.22472,-0.87792,-0.86,1.1,0.19,-0.62499,-0.29057,-0.17293,-0.70361,-0.84,1.08,0.19,-0.62499,-0.29057,-0.17293,-0.70361,-0.88,1.06,0.1,0.28704,-0.00187,-0.43223,-0.85486,-0.89,1.08,0.14,0.20387,-0.0508,-0.34084,-0.91634,-0.89,1.1,0.16,-0.302,-0.21792,-0.34099,-0.86315,-0.88,1.09,0.18,-0.56862,-0.36335,-0.25497,-0.69256,-0.86,1.08,0.18,-0.56862,-0.36335,-0.25497,-0.69256,-0.72,1.08,0.14,-0.13716,-0.11148,0.00492,0.98424,-0.7,1.07,0.08,-0.13716,-0.11148,0.00492,0.98424,-0.74,1.06,0.11,-0.34728,-0.31568,0.51289,0.71881,-0.76,1.07,0.12,-0.2173,-0.20941,0.47927,0.82415,-0.78,1.08,0.15,-0.22434,-0.25373,0.55309,0.76118,-0.8,1.08,0.17,-0.22434,-0.25373,0.55309,0.76118,-0.73,1.07,0.11,-0.13716,-0.11148,0.00492,0.98424,-0.74,1.09,0.16,0.05691,-0.23336,0.09937,0.96562,-0.76,1.08,0.2,0.29369,-0.20026,0.12721,0.92599,-0.76,1.07,0.21,0.40118,-0.15665,0.14126,0.89138,-0.77,1.05,0.23,0.40118,-0.15665,0.14126,0.89138,-0.71,1.07,0.11,-0.13716,-0.11148,0.00492,0.98424,-0.72,1.09,0.17,-0.06693,-0.09044,0.0007,0.99365,-0.73,1.1,0.21,0.4371,-0.08078,0.03282,0.89518,-0.73,1.08,0.22,0.72143,-0.04483,-0.01459,0.69088,-0.73,1.05,0.22,0.72143,-0.04483,-0.01459,0.69088,-0.69,1.07,0.12,-0.13716,-0.11148,0.00492,0.98424,-0.7,1.09,0.17,-0.15214,-0.02296,-0.05717,0.98644,-0.7,1.1,0.2,0.47164,-0.0766,-0.07047,0.87562,-0.71,1.08,0.22,0.79336,-0.11274,-0.06635,0.59453,-0.71,1.06,0.21,0.79336,-0.11274,-0.06635,0.59453,-0.68,1.07,0.12,-0.09236,0.0019,-0.21622,0.97197,-0.68,1.08,0.16,-0.24782,0.07774,-0.10988,0.95941,-0.68,1.09,0.19,0.35109,-0.00986,-0.21618,0.91099,-0.68,1.08,0.2,0.72942,-0.15058,-0.19881,0.63699,-0.69,1.06,0.2,0.72942,-0.15058,-0.19881,0.63699,-0.81,1.08,0.19
-0.8,1.44,-0.15,-0.8,1.44,-0.15,-0.85,1.09,0.11,0.34423,-0.05825,-0.19383,-0.91681,-0.86,1.05,0.06,0.34423,-0.05825,-0.19383,-0.91681,-0.82,1.07,0.09,0.41777,-0.14044,0.51717,-0.73368,-0.8,1.09,0.11,0.1793,0.02335,0.45737,-0.8707,-0.8,1.1,0.14,0.04162,0.05254,0.52603,-0.84782,-0.8,1.1,0.17,0.04162,0.05254,0.52603,-0.84782,-0.84,1.08,0.09,0.34423,-0.05825,-0.19383,-0.91681,-0.84,1.12,0.13,-0.01688,-0.1177,-0.11427,-0.98631,-0.83,1.12,0.17,-0.43652,-0.15899,-0.07876,-0.88203,-0.82,1.1,0.18,-0.59648,-0.14342,-0.05318,-0.78792,-0.81,1.08,0.19,-0.59648,-0.14342,-0.05318,-0.78792,-0.85,1.07,0.09,0.34423,-0.05825,-0.19383,-0.91681,-0.86,1.11,0.14,0.03727,-0.10259,-0.18446,-0.97676,-0.85,1.12,0.18,-0.41146,-0.17684,-0.13033,-0.88456,-0.84,1.1,0.19,-0.62724,-0.18492,-0.14523,-0.74248,-0.83,1.08,0.2,-0.62724,-0.18492,-0.14523,-0.74248,-0.87,1.07,0.1,0.34423,-0.05825,-0.19383,-0.91681,-0.87,1.1,0.14,0.12584,-0.07115,-0.25082,-0.95718,-0.87,1.11,0.17,-0.3714,-0.2063,-0.21895,-0.87839,-0.86,1.1,0.19,-0.62634,-0.28319,-0.17046,-0.70601,-0.84,1.08,0.19,-0.62634,-0.28319,-0.17046,-0.70601,-0.88,1.06,0.1,0.27718,-0.00254,-0.42469,-0.86186,-0.89,1.08,0.14,0.19414,-0.05,-0.33351,-0.92118,-0.89,1.1,0.17,-0.31277,-0.21272,-0.33531,-0.86284,-0.87,1.09,0.18,-0.57723,-0.35597,-0.25273,-0.69009,-0.86,1.07,0.18,-0.57723,-0.35597,-0.25273,-0.69009,-0.71,1.09,0.14,-0.19263,-0.0947,-0.06052,0.97481,-0.69,1.07,0.08,-0.19263,-0.0947,-0.06052,0.97481,-0.73,1.08,0.11,-0.4125,-0.23775,0.4644,0.74676,-0.75,1.09,0.12,-0.27985,-0.1452,0.41241,0.8547,-0.77,1.1,0.15,-0.28839,-0.18621,0.49434,0.79861,-0.78,1.11,0.17,-0.28839,-0.18621,0.49434,0.79861,-0.72,1.08,0.11,-0.19263,-0.0947,-0.06052,0.97481,-0.73,1.1,0.16,0.00968,-0.2128,0.03915,0.97626,-0.75,1.1,0.19,0.29116,-0.19309,0.07213,0.93421,-0.75,1.09,0.21,0.41439,-0.15469,0.0882,0.89251,-0.76,1.07,0.23,0.41439,-0.15469,0.0882,0.89251,-0.7,1.08,0.11,-0.19263,-0.0947,-0.06052,0.97481,-0.71,1.11,0.16,-0.10676,-0.07921,-0.06578,0.98894,-0.72,1.12,0.2,0.39813,-0.10454,-0.03051,0.91084,-0.72,1.1,0.22,0.68262,-0.09184,-0.06668,0.72191,-0.73,1.07,0.22,0.68262,-0.09184,-0.06668,0.72191,-0.68,1.08,0.11,-0.19263,-0.0947,-0.06052,0.97481,-0.69,1.1,0.16,-0.18861,-0.01373,-0.12605,0.97383,-0.69,1.11,0.2,0.42103,-0.11028,-0.13106,0.89072,-0.7,1.09,0.21,0.74097,-0.16932,-0.10845,0.64073,-0.71,1.07,0.21,0.74097,-0.16932,-0.10845,0.64073,-0.68,1.08,0.12,-0.14052,0.00414,-0.28571,0.94795,-0.67,1.09,0.16,-0.29002,0.08793,-0.18204,0.93543,-0.67,1.1,0.18,0.27086,-0.03793,-0.27911,0.92049,-0.67,1.09,0.2,0.63166,-0.19656,-0.24444,0.70896,-0.68,1.08,0.2,0.63166,-0.19656,-0.24444,0.70896,-0.81,1.08,0.19
-0.8,1.44,-0.15,-0.8,1.44,-0.15,-0.85,1.09,0.11,0.34637,-0.06127,-0.1864,-0.91735,-0.86,1.05,0.06,0.34637,-0.06127,-0.1864,-0.91735,-0.82,1.07,0.09,0.41666,-0.14113,0.52502,-0.72858,-0.8,1.09,0.11,0.18228,0.02379,0.46538,-0.86581,-0.8,1.1,0.14,0.04459,0.05458,0.53362,-0.84278,-0.8,1.1,0.17,0.04459,0.05458,0.53362,-0.84278,-0.84,1.08,0.09,0.34637,-0.06127,-0.1864,-0.91735,-0.83,1.12,0.13,-0.01097,-0.11667,-0.10728,-0.9873,-0.83,1.12,0.17,-0.42762,-0.15491,-0.07358,-0.88754,-0.82,1.1,0.18,-0.58809,-0.13845,-0.04923,-0.79534,-0.81,1.08,0.19,-0.58809,-0.13845,-0.04923,-0.79534,-0.85,1.07,0.09,0.34637,-0.06127,-0.1864,-0.91735,-0.86,1.11,0.13,0.03931,-0.10304,-0.1766,-0.97808,-0.85,1.12,0.18,-0.40454,-0.17291,-0.12425,-0.88939,-0.84,1.1,0.19,-0.61723,-0.17967,-0.14118,-0.75287,-0.83,1.08,0.2,-0.61723,-0.17967,-0.14118,-0.75287,-0.87,1.07,0.1,0.34637,-0.06127,-0.1864,-0.91735,-0.87,1.1,0.14,0.12855,-0.07223,-0.24328,-0.95868,-0.87,1.11,0.17,-0.36412,-0.20222,-0.21313,-0.8838,-0.86,1.1,0.19,-0.61774,-0.27722,-0.16716,-0.71666,-0.84,1.08,0.19,-0.61774,-0.27722,-0.16716,-0.71666,-0.87,1.06,0.1,0.27966,-0.00569,-0.41786,-0.86438,-0.88,1.08,0.14,0.19766,-0.05065,-0.32654,-0.9229,-0.89,1.1,0.16,-0.31008,-0.2098,-0.32929,-0.86683,-0.87,1.09,0.18,-0.5744,-0.3507,-0.24886,-0.69652,-0.86,1.08,0.18,-0.5744,-0.3507,-0.24886,-0.69652,-0.71,1.1,0.13,-0.2378,-0.10791,-0.07309,0.96253,-0.69,1.07,0.08,-0.2378,-0.10791,-0.07309,0.96253,-0.73,1.08,0.1,-0.44653,-0.22148,0.47137,0.72758,-0.75,1.09,0.12,-0.30901,-0.12703,0.4182,0.84468,-0.77,1.1,0.15,-0.30225,-0.15758,0.50313,0.79415,-0.78,1.11,0.16,-0.30225,-0.15758,0.50313,0.79415,-0.72,1.08,0.11,-0.2378,-0.10791,-0.07309,0.96253,-0.73,1.11,0.16,-0.01894,-0.19216,0.02497,0.98086,-0.75,1.11,0.19,0.3478,-0.17272,0.06843,0.91898,-0.75,1.1,0.21,0.50649,-0.13098,0.09016,0.84746,-0.76,1.08,0.22,0.50649,-0.13098,0.09016,0.84746,-0.7,1.08,0.11,-0.2378,-0.10791,-0.07309,0.96253,-0.71,1.11,0.16,-0.13558,-0.09574,-0.07628,0.98318,-0.72,1.12,0.2,0.36549,-0.12429,-0.03197,0.92192,-0.73,1.11,0.22,0.63285,-0.11346,-0.06316,0.76331,-0.73,1.08,0.22,0.63285,-0.11346,-0.06316,0.76331,-0.69,1.08,0.11,-0.2378,-0.10791,-0.07309,0.96253,-0.69,1.1,0.16,-0.2233,-0.03791,-0.14064,0.96381,-0.69,1.12,0.19,0.35004,-0.1346,-0.13238,0.91751,-0.7,1.11,0.21,0.65043,-0.19193,-0.10555,0.7273,-0.71,1.08,0.21,0.65043,-0.19193,-0.10555,0.7273,-0.68,1.08,0.12,-0.17997,-0.01994,-0.30143,0.93614,-0.68,1.09,0.16,-0.32859,0.0613,-0.20391,0.92016,-0.67,1.11,0.18,0.21584,-0.07046,-0.28244,0.93203,-0.67,1.1,0.2,0.53623,-0.21375,-0.24308,0.77954,-0.69,1.09,0.21,0.53623,-0.21375,-0.24308,0.77954,-0.81,1.08,0.19
-0.8,1.44,-0.15,-0.8,1.44,-0.15,-0.85,1.09,0.11,0.34611,-0.06153,-0.18357,-0.918,-0.86,1.05,0.06,0.34611,-0.06153,-0.18357,-0.918,-0.82,1.07,0.09,0.4146,-0.13989,0.52821,-0.72769,-0.8,1.09,0.11,0.18213,0.02535,0.46813,-0.86431,-0.8,1.1,0.14,0.0444,0.05652,0.53602,-0.84114,-0.8,1.1,0.17,0.0444,0.05652,0.53602,-0.84114,-0.84,1.08,0.09,0.34611,-0.06153,-0.18357,-0.918,-0.83,1.12,0.13,-0.0087,-0.11492,-0.10549,-0.98772,-0.83,1.12,0.17,-0.4225,-0.15237,-0.07325,-0.89045,-0.82,1.1,0.18,-0.58335,-0.1359,-0.04958,-0.79923,-0.81,1.08,0.19,-0.58335,-0.1359,-0.04958,-0.79923,-0.85,1.07,0.09,0.34611,-0.06153,-0.18357,-0.918,-0.86,1.11,0.13,0.03924,-0.10237,-0.17385,-0.97865,-0.85,1.12,0.18,-0.39851,-0.17021,-0.12329,-0.89276,-0.84,1.1,0.19,-0.60881,-0.17692,-0.14149,-0.76028,-0.83,1.08,0.2,-0.60881,-0.17692,-0.14149,-0.76028,-0.87,1.07,0.1,0.34611,-0.06153,-0.18357,-0.918,-0.87,1.1,0.14,0.12972,-0.07158,-0.24055,-0.95926,-0.87,1.11,0.17,-0.35871,-0.19929,-0.21204,-0.88693,-0.86,1.1,0.19,-0.61109,-0.2739,-0.16767,-0.72349,-0.84,1.08,0.19,-0.61109,-0.2739,-0.16767,-0.72349,-0.87,1.06,0.1,0.27973,-0.00575,-0.41521,-0.86563,-0.88,1.08,0.14,0.19838,-0.04998,-0.32386,-0.92372,-0.89,1.1,0.16,-0.30868,-0.20751,-0.32763,-0.86851,-0.87,1.09,0.18,-0.57277,-0.34776,-0.24846,-0.69948,-0.86,1.08,0.18,-0.57277,-0.34776,-0.24846,-0.69948,-0.71,1.1,0.13,-0.26342,-0.11425,-0.07786,0.95472,-0.69,1.07,0.08,-0.26342,-0.11425,-0.07786,0.95472,-0.73,1.07,0.1,-0.46015,-0.21263,0.48253,0.71429,-0.76,1.09,0.12,-0.31328,-0.11117,0.4305,0.83915,-0.77,1.1,0.14,-0.28436,-0.12902,0.51707,0.79695,-0.78,1.11,0.16,-0.28436,-0.12902,0.51707,0.79695,-0.72,1.08,0.1,-0.26342,-0.11425,-0.07786,0.95472,-0.73,1.11,0.15,-0.04427,-0.17365,0.01206,0.98374,-0.75,1.11,0.19,0.36017,-0.15891,0.05582,0.91755,-0.75,1.1,0.2,0.53698,-0.11799,0.07864,0.83159,-0.76,1.08,0.21,0.53698,-0.11799,0.07864,0.83159,-0.71,1.08,0.11,-0.26342,-0.11425,-0.07786,0.95472,-0.71,1.11,0.15,-0.1367,-0.10572,-0.0778,0.98188,-0.72,1.13,0.19,0.32071,-0.13232,-0.03449,0.93726,-0.73,1.11,0.21,0.55047,-0.12473,-0.06621,0.82283,-0.74,1.09,0.22,0.55047,-0.12473,-0.06621,0.82283,-0.69,1.08,0.11,-0.26342,-0.11425,-0.07786,0.95472,-0.7,1.1,0.16,-0.21995,-0.05792,-0.14364,0.96314,-0.7,1.12,0.19,0.30853,-0.14696,-0.13001,0.93076,-0.71,1.11,0.21,0.57953,-0.20127,-0.10485,0.78272,-0.72,1.09,0.22,0.57953,-0.20127,-0.10485,0.78272,-0.68,1.07,0.11,-0.20294,-0.03258,-0.30791,0.92895,-0.68,1.09,0.15,-0.34516,0.04395,-0.21398,0.91277,-0.67,1.11,0.18,0.19127,-0.08948,-0.28166,0.93599,-0.68,1.1,0.2,0.48263,-0.22264,-0.24168,0.81184,-0.69,1.09,0.21,0.48263,-0.22264,-0.24168,0.81184,-0.81,1.08,0.19
-0.8,1.44,-0.15,-0.8,1.44,-0.15,-0.85,1.09,0.11,0.34355,-0.05978,-0.18486,-0.91882,-0.86,1.05,0.06,0.34355,-0.05978,-0.18486,-0.91882,-0.82,1.07,0.09,0.41406,-0.13689,0.52526,-0.7307,-0.8,1.09,0.11,0.1815,0.02709,0.46417,-0.86653,-0.8,1.1,0.14,0.04487,0.05674,0.53223,-0.8435,-0.8,1.1,0.17,0.04487,0.05674,0.53223,-0.8435,-0.84,1.08,0.09,0.34355,-0.05978,-0.18486,-0.91882,-0.83,1.12,0.13,-0.0122,-0.11329,-0.10776,-0.98763,-0.83,1.12,0.17,-0.42283,-0.15151,-0.07647,-0.89017,-0.82,1.1,0.18,-0.58311,-0.13559,-0.053,-0.79924,-0.81,1.08,0.19,-0.58311,-0.13559,-0.053,-0.79924,-0.85,1.07,0.09,0.34355,-0.05978,-0.18486,-0.91882,-0.86,1.11,0.14,0.0368,-0.10109,-0.17555,-0.97857,-0.85,1.12,0.18,-0.39579,-0.1691,-0.1263,-0.89376,-0.84,1.1,0.19,-0.60355,-0.17645,-0.14507,-0.76391,-0.83,1.08,0.2,-0.60355,-0.17645,-0.14507,-0.76391,-0.87,1.07,0.1,0.34355,-0.05978,-0.18486,-0.91882,-0.87,1.1,0.14,0.12823,-0.07018,-0.24191,-0.95922,-0.87,1.11,0.17,-0.35691,-0.19799,-0.21453,-0.88735,-0.86,1.1,0.19,-0.60776,-0.27319,-0.17087,-0.7258,-0.84,1.08,0.2,-0.60776,-0.27319,-0.17087,-0.7258,-0.88,1.06,0.1,0.27743,-0.00343,-0.4163,-0.86586,-0.89,1.08,0.14,0.19633,-0.05012,-0.3244,-0.92396,-0.89,1.1,0.16,-0.30721,-0.20654,-0.32865,-0.86888,-0.88,1.09,0.18,-0.57025,-0.34682,-0.25021,-0.70137,-0.86,1.08,0.18,-0.57025,-0.34682,-0.25021,-0.70137,-0.71,1.09,0.13,-0.27368,-0.11955,-0.07232,0.95162,-0.69,1.06,0.08,-0.27368,-0.11955,-0.07232,0.95162,-0.73,1.07,0.1,-0.45114,-0.2175,0.50902,0.70005,-0.76,1.09,0.12,-0.29983,-0.10562,0.46064,0.82871,-0.77,1.1,0.14,-0.26172,-0.1189,0.54583,0.78704,-0.78,1.11,0.16,-0.26172,-0.1189,0.54583,0.78704,-0.72,1.08,0.1,-0.27368,-0.11955,-0.07232,0.95162,-0.74,1.11,0.15,-0.05991,-0.1745,0.01682,0.98269,-0.75,1.11,0.18,0.35023,-0.15787,0.06143,0.92122,-0.75,1.1,0.2,0.52864,-0.11587,0.08377,0.83672,-0.76,1.08,0.21,0.52864,-0.11587,0.08377,0.83672,-0.71,1.08,0.11,-0.27368,-0.11955,-0.07232,0.95162,-0.71,1.11,0.15,-0.13088,-0.11549,-0.06829,0.98228,-0.72,1.12,0.19,0.31316,-0.13638,-0.02349,0.93956,-0.73,1.11,0.21,0.53132,-0.12642,-0.05533,0.83586,-0.74,1.09,0.22,0.53132,-0.12642,-0.05533,0.83586,-0.69,1.08,0.11,-0.27368,-0.11955,-0.07232,0.95162,-0.7,1.1,0.15,-0.20273,-0.07214,-0.13514,0.96718,-0.7,1.12,0.19,0.31986,-0.15336,-0.11672,0.92766,-0.71,1.11,0.21,0.5833,-0.20256,-0.0917,0.78123,-0.72,1.09,0.22,0.5833,-0.20256,-0.0917,0.78123,-0.68,1.07,0.11,-0.21261,-0.04017,-0.30325,0.92802,-0.68,1.09,0.15,-0.34543,0.03574,-0.21166,0.91357,-0.67,1.11,0.18,0.20063,-0.09762,-0.27494,0.93521,-0.68,1.1,0.19,0.49214,-0.22818,-0.23289,0.80715,-0.69,1.09,0.2,0.49214,-0.22818,-0.23289,0.80715,-0.81,1.08,0.19
-0.8,1.44,-0.15,-0.8,1.44,-0.15,-0.85,1.09,0.11,0.34291,-0.05827,-0.18436,-0.91925,-0.86,1.05,0.06,0.34291,-0.05827,-0.18436,-0.91925,-0.82,1.07,0.09,0.41305,-0.13393,0.52526,-0.73182,-0.8,1.09,0.11,0.18124,0.02958,0.46319,-0.86702,-0.8,1.1,0.14,0.04546,0.05838,0.53113,-0.84405,-0.8,1.1,0.17,0.04546,0.05838,0.53113,-0.84405,-0.84,1.08,0.09,0.34291,-0.05827,-0.18436,-0.91925,-0.84,1.12,0.13,-0.01462,-0.11129,-0.1081,-0.98778,-0.83,1.12,0.17,-0.42131,-0.14944,-0.07826,-0.89109,-0.82,1.1,0.18,-0.5803,-0.13377,-0.05547,-0.80142,-0.81,1.08,0.19,-0.5803,-0.13377,-0.05547,-0.80142,-0.85,1.07,0.09,0.34291,-0.05827,-0.18436,-0.91925,-0.86,1.11,0.13,0.0358,-0.09965,-0.17542,-0.97878,-0.85,1.12,0.18,-0.39233,-0.16711,-0.12763,-0.89546,-0.84,1.1,0.19,-0.59698,-0.17468,-0.14736,-0.76902,-0.83,1.08,0.2,-0.59698,-0.17468,-0.14736,-0.76902,-0.87,1.07,0.1,0.34291,-0.05827,-0.18436,-0.91925,-0.87,1.1,0.14,0.12708,-0.06931,-0.24135,-0.95958,-0.87,1.11,0.17,-0.35463,-0.19611,-0.21518,-0.88853,-0.86,1.1,0.19,-0.60322,-0.27123,-0.17279,-0.72987,-0.84,1.08,0.2,-0.60322,-0.27123,-0.17279,-0.72987,-0.88,1.06,0.1,0.27718,-0.00177,-0.41584,-0.86617,-0.89,1.08,0.14,0.19453,-0.05152,-0.32313,-0.92471,-0.89,1.1,0.16,-0.30403,-0.20509,-0.32786,-0.87064,-0.88,1.09,0.18,-0.5652,-0.34443,-0.251,-0.70634,-0.86,1.08,0.18,-0.5652,-0.34443,-0.251,-0.70634,-0.71,1.09,0.13,-0.27497,-0.12569,-0.06917,0.95069,-0.69,1.06,0.08,-0.27497,-0.12569,-0.06917,0.95069,-0.73,1.07,0.1,-0.43876,-0.21938,0.52949,0.6921,-0.76,1.08,0.12,-0.28389,-0.09855,0.48348,0.82216,-0.77,1.09,0.15,-0.23323,-0.10476,0.56751,0.78266,-0.78,1.1,0.17,-0.23323,-0.10476,0.56751,0.78266,-0.72,1.08,0.1,-0.27497,-0.12569,-0.06917,0.95069,-0.74,1.11,0.15,-0.06046,-0.18135,0.02241,0.9813,-0.75,1.11,0.18,0.35245,-0.16162,0.06991,0.91912,-0.76,1.1,0.2,0.52979,-0.11791,0.09284,0.83475,-0.76,1.08,0.21,0.52979,-0.11791,0.09284,0.83475,-0.71,1.07,0.11,-0.27497,-0.12569,-0.06917,0.95069,-0.71,1.11,0.15,-0.11685,-0.1278,-0.05986,0.98307,-0.72,1.12,0.19,0.32356,-0.14356,-0.01097,0.93519,-0.73,1.1,0.21,0.53853,-0.12978,-0.04147,0.83152,-0.74,1.08,0.22,0.53853,-0.12978,-0.04147,0.83152,-0.69,1.07,0.11,-0.27497,-0.12569,-0.06917,0.95069,-0.7,1.1,0.15,-0.19247,-0.08226,-0.12985,0.96919,-0.7,1.12,0.19,0.32954,-0.1589,-0.10734,0.92446,-0.71,1.1,0.21,0.59226,-0.20475,-0.08126,0.77505,-0.72,1.08,0.21,0.59226,-0.20475,-0.08126,0.77505,-0.68,1.07,0.11,-0.21304,-0.04645,-0.30008,0.92866,-0.68,1.09,0.15,-0.34645,0.03492,-0.20961,0.91368,-0.67,1.11,0.18,0.21535,-0.10163,-0.27185,0.93241,-0.68,1.1,0.19,0.51157,-0.23243,-0.22777,0.79523,-0.69,1.09,0.2,0.51157,-0.23243,-0.22777,0.79523,-0.81,1.08,0.19
-0.8,1.44,-0.15,-0.8,1.44,-0.15,-0.85,1.09,0.11,0.34739,-0.05995,-0.18047,-0.91823,-0.86,1.05,0.06,0.34739,-0.05995,-0.18047,-0.91823,-0.83,1.07,0.09,0.41478,-0.13174,0.52982,-0.72794,-0.8,1.09,0.11,0.18501,0.03242,0.46708,-0.86404,-0.8,1.1,0.14,0.04943,0.06192,0.53462,-0.84137,-0.8,1.1,0.17,0.04943,0.06192,0.53462,-0.84137,-0.84,1.08,0.09,0.34739,-0.05995,-0.18047,-0.91823,-0.83,1.12,0.13,-0.0119,-0.11147,-0.10359,-0.98828,-0.83,1.12,0.17,-0.41863,-0.14778,-0.07415,-0.89298,-0.82,1.1,0.18,-0.57705,-0.13133,-0.05198,-0.8044,-0.81,1.08,0.19,-0.57705,-0.13133,-0.05198,-0.8044,-0.85,1.07,0.09,0.34739,-0.05995,-0.18047,-0.91823,-0.86,1.11,0.13,0.03953,-0.10059,-0.17095,-0.97933,-0.85,1.12,0.18,-0.38767,-0.16586,-0.12348,-0.89831,-0.84,1.1,0.19,-0.59126,-0.17265,-0.14398,-0.77452,-0.83,1.08,0.2,-0.59126,-0.17265,-0.14398,-0.77452,-0.87,1.07,0.1,0.34739,-0.05995,-0.18047,-0.91823,-0.87,1.1,0.14,0.12943,-0.07126,-0.23705,-0.9602,-0.87,1.11,0.17,-0.35125,-0.19543,-0.21083,-0.89106,-0.86,1.1,0.19,-0.59927,-0.26915,-0.16925,-0.7347,-0.84,1.08,0.19,-0.59927,-0.26915,-0.16925,-0.7347,-0.88,1.06,0.1,0.28173,-0.00439,-0.41247,-0.8663,-0.89,1.09,0.14,0.19586,-0.05521,-0.31903,-0.92564,-0.89,1.1,0.16,-0.30255,-0.20595,-0.32277,-0.87285,-0.88,1.09,0.18,-0.56322,-0.34314,-0.24653,-0.71012,-0.86,1.08,0.18,-0.56322,-0.34314,-0.24653,-0.71012,-0.71,1.09,0.13,-0.29701,-0.13335,-0.09644,0.94059,-0.69,1.06,0.07,-0.29701,-0.13335,-0.09644,0.94059,-0.73,1.07,0.1,-0.45172,-0.20573,0.52594,0.69066,-0.75,1.08,0.12,-0.29032,-0.0827,0.4778,0.82497,-0.77,1.1,0.14,-0.22501,-0.0796,0.56221,0.79181,-0.78,1.1,0.16,-0.22501,-0.0796,0.56221,0.79181,-0.72,1.08,0.1,-0.29701,-0.13335,-0.09644,0.94059,-0.73,1.11,0.14,-0.07565,-0.19643,0.00271,0.97759,-0.75,1.12,0.18,0.34885,-0.1831,0.06061,0.91712,-0.75,1.1,0.19,0.52609,-0.14094,0.08789,0.83405,-0.76,1.08,0.2,0.52609,-0.14094,0.08789,0.83405,-0.7,1.08,0.1,-0.29701,-0.13335,-0.09644,0.94059,-0.71,1.11,0.15,-0.13625,-0.14351,-0.08366,0.97665,-0.72,1.13,0.19,0.30315,-0.16829,-0.02552,0.93762,-0.73,1.11,0.21,0.52056,-0.15849,-0.0499,0.8375,-0.74,1.09,0.22,0.52056,-0.15849,-0.0499,0.8375,-0.68,1.08,0.11,-0.29701,-0.13335,-0.09644,0.94059,-0.69,1.11,0.15,-0.20665,-0.09633,-0.15607,0.96107,-0.7,1.12,0.18,0.31783,-0.18535,-0.1214,0.9219,-0.71,1.11,0.2,0.58378,-0.23451,-0.08555,0.77259,-0.72,1.09,0.21,0.58378,-0.23451,-0.08555,0.77259,-0.68,1.07,0.11,-0.22916,-0.06034,-0.32733,0.91471,-0.68,1.09,0.15,-0.3601,0.0303,-0.24044,0.90089,-0.67,1.11,0.17,0.22423,-0.13178,-0.29162,0.92049,-0.68,1.1,0.19,0.53391,-0.27209,-0.23061,0.76663,-0.69,1.09,0.2,0.53391,-0.27209,-0.23061,0.76663,-0.81,1.08,0.19
-0.8,1.44,-0.15,-0.8,1.44,-0.15,-0.85,1.09,0.11,0.35134,-0.0614,-0.1773,-0.91725,-0.86,1.05,0.06,0.35134,-0.0614,-0.1773,-0.91725,-0.83,1.07,0.09,0.417,-0.13053,0.53309,-0.72449,-0.8,1.09,0.11,0.18883,0.03399,0.46998,-0.86157,-0.8,1.1,0.14,0.05358,0.06404,0.53734,-0.83922,-0.8,1.1,0.17,0.05358,0.06404,0.53734,-0.83922,-0.84,1.08,0.09,0.35134,-0.0614,-0.1773,-0.91725,-0.83,1.12,0.13,-0.00789,-0.11186,-0.0998,-0.98867,-0.83,1.12,0.17,-0.41524,-0.1467,-0.07052,-0.89503,-0.82,1.1,0.18,-0.57369,-0.1296,-0.04876,-0.80729,-0.81,1.08,0.19,-0.57369,-0.1296,-0.04876,-0.80729,-0.85,1.07,0.09,0.35134,-0.0614,-0.1773,-0.91725,-0.86,1.12,0.13,0.04177,-0.10197,-0.16691,-0.9798,-0.85,1.12,0.17,-0.38503,-0.16528,-0.1194,-0.9001,-0.84,1.1,0.19,-0.5884,-0.17126,-0.14032,-0.77767,-0.83,1.08,0.2,-0.5884,-0.17126,-0.14032,-0.77767,-0.87,1.07,0.1,0.35134,-0.0614,-0.1773,-0.91725,-0.87,1.1,0.14,0.13011,-0.07349,-0.2333,-0.96085,-0.87,1.11,0.17,-0.35009,-0.19538,-0.20669,-0.89249,-0.86,1.1,0.19,-0.59835,-0.26786,-0.16541,-0.7368,-0.84,1.08,0.19,-0.59835,-0.26786,-0.16541,-0.7368,-0.88,1.06,0.1,0.28572,-0.00669,-0.40973,-0.86628,-0.89,1.09,0.14,0.19672,-0.05788,-0.3159,-0.92637,-0.89,1.1,0.16,-0.30268,-0.20688,-0.31874,-0.87407,-0.87,1.09,0.18,-0.56366,-0.34262,-0.24254,-0.71139,-0.86,1.08,0.18,-0.56366,-0.34262,-0.24254,-0.71139,-0.71,1.1,0.12,-0.31583,-0.15813,-0.11437,0.92853,-0.69,1.06,0.07,-0.31583,-0.15813,-0.11437,0.92853,-0.73,1.07,0.1,-0.46895,-0.20603,0.52563,0.67923,-0.75,1.09,0.11,-0.30605,-0.08287,0.47825,0.81899,-0.77,1.1,0.14,-0.2389,-0.07674,0.56308,0.78738,-0.78,1.11,0.16,-0.2389,-0.07674,0.56308,0.78738,-0.72,1.08,0.1,-0.31583,-0.15813,-0.11437,0.92853,-0.73,1.12,0.14,-0.04,-0.22863,0.01138,0.97263,-0.75,1.12,0.17,0.4132,-0.2045,0.08979,0.88283,-0.76,1.1,0.18,0.58927,-0.15472,0.12436,0.78317,-0.76,1.08,0.19,0.58927,-0.15472,0.12436,0.78317,-0.7,1.08,0.1,-0.31583,-0.15813,-0.11437,0.92853,-0.71,1.12,0.14,-0.14024,-0.17536,-0.09296,0.97002,-0.72,1.13,0.18,0.29202,-0.20095,-0.02106,0.93483,-0.73,1.11,0.2,0.51114,-0.18987,-0.03778,0.83741,-0.74,1.09,0.21,0.51114,-0.18987,-0.03778,0.83741,-0.68,1.08,0.11,-0.31583,-0.15813,-0.11437,0.92853,-0.69,1.11,0.15,-0.22291,-0.12416,-0.17239,0.95141,-0.7,1.13,0.18,0.29927,-0.21805,-0.12058,0.92106,-0.71,1.11,0.2,0.57059,-0.26586,-0.07317,0.77356,-0.72,1.09,0.2,0.57059,-0.26586,-0.07317,0.77356,-0.68,1.07,0.11,-0.23994,-0.09025,-0.34438,0.90315,-0.68,1.09,0.15,-0.3772,0.01935,-0.26347,0.88765,-0.67,1.11,0.17,0.21106,-0.15777,-0.30233,0.91606,-0.68,1.11,0.19,0.52987,-0.30267,-0.22683,0.75906,-0.69,1.09,0.19,0.52987,-0.30267,-0.22683,0.75906,-0.81,1.08,0.19
-0.8,1.44,-0.15,-0.8,1.44,-0.15,-0.85,1.09,0.11,0.35347,-0.0616,-0.17679,-0.91652,-0.86,1.05,0.06,0.35347,-0.0616,-0.17679,-0.91652,-0.83,1.07,0.09,0.41879,-0.12949,0.53343,-0.7234,-0.8,1.09,0.11,0.19177,0.03443,0.46998,-0.86091,-0.8,1.1,0.14,0.05636,0.06485,0.53735,-0.83897,-0.8,1.1,0.17,0.05636,0.06485,0.53735,-0.83897,-0.84,1.08,0.09,0.35347,-0.0616,-0.17679,-0.91652,-0.83,1.12,0.13,-0.00527,-0.11207,-0.09903,-0.98874,-0.83,1.12,0.17,-0.41217,-0.14659,-0.06984,-0.89652,-0.82,1.1,0.18,-0.5702,-0.12933,-0.04834,-0.80982,-0.81,1.08,0.19,-0.5702,-0.12933,-0.04834,-0.80982,-0.85,1.07,0.09,0.35347,-0.0616,-0.17679,-0.91652,-0.86,1.12,0.13,0.04289,-0.1027,-0.16591,-0.97984,-0.85,1.12,0.17,-0.38293,-0.16538,-0.11838,-0.90111,-0.84,1.1,0.19,-0.58649,-0.17126,-0.13937,-0.77928,-0.83,1.08,0.2,-0.58649,-0.17126,-0.13937,-0.77928,-0.87,1.07,0.1,0.35347,-0.0616,-0.17679,-0.91652,-0.87,1.1,0.14,0.13121,-0.07452,-0.23243,-0.96084,-0.87,1.11,0.17,-0.34867,-0.19579,-0.20551,-0.89323,-0.86,1.1,0.19,-0.59722,-0.26795,-0.16415,-0.73797,-0.84,1.08,0.19,-0.59722,-0.26795,-0.16415,-0.73797,-0.88,1.06,0.1,0.28782,-0.00742,-0.40937,-0.86575,-0.89,1.09,0.14,0.19725,-0.05899,-0.31539,-0.92636,-0.89,1.1,0.16,-0.30243,-0.20766,-0.31773,-0.87434,-0.88,1.09,0.18,-0.56371,-0.34308,-0.24125,-0.71157,-0.86,1.08,0.18,-0.56371,-0.34308,-0.24125,-0.71157,-0.7,1.1,0.12,-0.32196,-0.16616,-0.11718,0.92467,-0.69,1.06,0.07,-0.32196,-0.16616,-0.11718,0.92467,-0.73,1.07,0.09,-0.46573,-0.20245,0.53728,0.67338,-0.75,1.08,0.11,-0.30893,-0.07913,0.48871,0.81207,-0.76,1.1,0.14,-0.25178,-0.07923,0.57274,0.77608,-0.77,1.11,0.16,-0.25178,-0.07923,0.57274,0.77608,-0.71,1.08,0.1,-0.32196,-0.16616,-0.11718,0.92467,-0.73,1.12,0.13,0.00693,-0.23967,0.02986,0.97037,-0.75,1.11,0.17,0.45936,-0.20406,0.11228,0.85717,-0.75,1.09,0.18,0.62748,-0.14958,0.14747,0.74977,-0.76,1.07,0.18,0.62748,-0.14958,0.14747,0.74977,-0.7,1.07,0.1,-0.32196,-0.16616,-0.11718,0.92467,-0.71,1.12,0.14,-0.07893,-0.19675,-0.07647,0.97427,-0.73,1.12,0.18,0.33579,-0.21243,-0.00025,0.91767,-0.74,1.11,0.2,0.5466,-0.19342,-0.0148,0.81461,-0.74,1.09,0.21,0.5466,-0.19342,-0.0148,0.81461,-0.68,1.07,0.1,-0.32196,-0.16616,-0.11718,0.92467,-0.69,1.11,0.14,-0.19414,-0.14053,-0.16889,0.95605,-0.7,1.12,0.18,0.31792,-0.22812,-0.11188,0.91344,-0.71,1.11,0.2,0.58512,-0.27212,-0.06253,0.76136,-0.72,1.09,0.2,0.58512,-0.27212,-0.06253,0.76136,-0.68,1.07,0.11,-0.24389,-0.09988,-0.34702,0.90007,-0.68,1.09,0.15,-0.3885,0.02951,-0.26832,0.88102,-0.67,1.11,0.17,0.19157,-0.15149,-0.31243,0.91801,-0.68,1.11,0.19,0.50645,-0.29919,-0.23959,0.77239,-0.69,1.1,0.19,0.50645,-0.29919,-0.23959,0.77239,-0.81,1.08,0.19
-0.8,1.44,-0.15,-0.8,1.44,-0.15,-0.85,1.09,0.11,0.35417,-0.06648,-0.17428,-0.91639,-0.86,1.05,0.06,0.35417,-0.06648,-0.17428,-0.91639,-0.82,1.07,0.09,0.42329,-0.13553,0.53345,-0.71964,-0.8,1.09,0.11,0.19779,0.02757,0.4719,-0.85874,-0.8,1.1,0.14,0.06344,0.05863,0.54029,-0.83703,-0.8,1.1,0.17,0.06344,0.05863,0.54029,-0.83703,-0.84,1.08,0.09,0.35417,-0.06648,-0.17428,-0.91639,-0.83,1.12,0.13,0.00343,-0.11496,-0.096,-0.98871,-0.83,1.12,0.17,-0.40095,-0.14796,-0.06641,-0.90163,-0.82,1.1,0.18,-0.55885,-0.13005,-0.04529,-0.81775,-0.81,1.08,0.19,-0.55885,-0.13005,-0.04529,-0.81775,-0.85,1.07,0.09,0.35417,-0.06648,-0.17428,-0.91639,-0.86,1.12,0.13,0.04662,-0.10589,-0.16246,-0.97991,-0.85,1.12,0.17,-0.37603,-0.16637,-0.11456,-0.90432,-0.84,1.1,0.19,-0.58031,-0.1718,-0.13561,-0.78443,-0.83,1.08,0.2,-0.58031,-0.1718,-0.13561,-0.78443,-0.87,1.07,0.1,0.35417,-0.06648,-0.17428,-0.91639,-0.87,1.1,0.14,0.1334,-0.07845,-0.22905,-0.96103,-0.87,1.11,0.17,-0.34425,-0.19709,-0.20119,-0.89564,-0.86,1.1,0.19,-0.59329,-0.26796,-0.15972,-0.74209,-0.84,1.08,0.19,-0.59329,-0.26796,-0.15972,-0.74209,-0.88,1.06,0.1,0.28784,-0.01226,-0.40692,-0.86684,-0.88,1.09,0.14,0.19972,-0.06214,-0.31259,-0.92657,-0.89,1.1,0.16,-0.29855,-0.20847,-0.31419,-0.87675,-0.87,1.09,0.18,-0.56006,-0.34247,-0.23788,-0.71586,-0.86,1.08,0.18,-0.56006,-0.34247,-0.23788,-0.71586,-0.7,1.1,0.12,-0.33943,-0.17517,-0.12351,0.91589,-0.68,1.06,0.07,-0.33943,-0.17517,-0.12351,0.91589,-0.72,1.07,0.09,-0.47844,-0.19092,0.53953,0.666,-0.75,1.09,0.11,-0.33603,-0.07652,0.48633,0.80294,-0.76,1.1,0.13,-0.2974,-0.08704,0.57066,0.76048,-0.78,1.11,0.15,-0.2974,-0.08704,0.57066,0.76048,-0.71,1.08,0.09,-0.33943,-0.17517,-0.12351,0.91589,-0.73,1.12,0.13,-0.00784,-0.25049,0.03123,0.96758,-0.75,1.12,0.16,0.44118,-0.21394,0.11762,0.86357,-0.75,1.1,0.18,0.60707,-0.15905,0.1533,0.76332,-0.76,1.08,0.18,0.60707,-0.15905,0.1533,0.76332,-0.7,1.08,0.1,-0.33943,-0.17517,-0.12351,0.91589,-0.71,1.12,0.14,-0.00847,-0.22188,-0.05355,0.97357,-0.73,1.12,0.18,0.38405,-0.22536,0.02704,0.89498,-0.74,1.1,0.19,0.58064,-0.19733,0.01433,0.78976,-0.74,1.08,0.2,0.58064,-0.19733,0.01433,0.78976,-0.68,1.08,0.1,-0.33943,-0.17517,-0.12351,0.91589,-0.69,1.11,0.14,-0.12676,-0.16892,-0.1584,0.96452,-0.7,1.12,0.18,0.36241,-0.24284,-0.09464,0.89484,-0.72,1.11,0.19,0.61609,-0.27944,-0.04444,0.7351,-0.73,1.08,0.2,0.61609,-0.27944,-0.04444,0.7351,-0.68,1.07,0.11,-0.25822,-0.11357,-0.35361,0.89184,-0.68,1.1,0.15,-0.39603,0.02405,-0.27954,0.87432,-0.67,1.12,0.17,0.15947,-0.15544,-0.32086,0.92058,-0.68,1.11,0.18,0.45136,-0.29876,-0.253,0.80188,-0.69,1.1,0.19,0.45136,-0.29876,-0.253,0.80188,-0.81,1.08,0.19
-0.8,1.44,-0.15,-0.8,1.44,-0.15,-0.85,1.09,0.11,0.33488,-0.0706,-0.15197,-0.92724,-0.86,1.05,0.06,0.33488,-0.0706,-0.15197,-0.92724,-0.82,1.07,0.09,0.41252,-0.1652,0.54261,-0.71283,-0.8,1.08,0.11,0.18438,0.00462,0.49069,-0.85159,-0.8,1.09,0.14,0.05827,0.03331,0.56127,-0.82491,-0.79,1.1,0.17,0.05827,0.03331,0.56127,-0.82491,-0.83,1.07,0.09,0.33488,-0.0706,-0.15197,-0.92724,-0.83,1.11,0.13,0.05317,-0.10831,-0.08195,-0.98931,-0.82,1.12,0.17,-0.33008,-0.13584,-0.05992,-0.9322,-0.82,1.1,0.19,-0.49511,-0.11755,-0.04304,-0.85976,-0.81,1.09,0.2,-0.49511,-0.11755,-0.04304,-0.85976,-0.85,1.07,0.09,0.33488,-0.0706,-0.15197,-0.92724,-0.85,1.11,0.14,0.08752,-0.09122,-0.14766,-0.98093,-0.85,1.12,0.18,-0.31215,-0.14415,-0.11159,-0.93238,-0.84,1.11,0.2,-0.51512,-0.15308,-0.13968,-0.83169,-0.83,1.09,0.21,-0.51512,-0.15308,-0.13968,-0.83169,-0.87,1.07,0.1,0.33488,-0.0706,-0.15197,-0.92724,-0.87,1.1,0.14,0.17102,-0.0606,-0.2122,-0.96024,-0.87,1.11,0.17,-0.28736,-0.17018,-0.19824,-0.9215,-0.86,1.1,0.19,-0.53724,-0.24182,-0.1658,-0.79083,-0.84,1.08,0.2,-0.53724,-0.24182,-0.1658,-0.79083,-0.87,1.06,0.1,0.27125,-0.01033,-0.38479,-0.88218,-0.88,1.09,0.14,0.22218,-0.04254,-0.29175,-0.92936,-0.88,1.1,0.16,-0.24691,-0.17244,-0.31136,-0.90131,-0.88,1.09,0.18,-0.50191,-0.30346,-0.25114,-0.77001,-0.86,1.08,0.19,-0.50191,-0.30346,-0.25114,-0.77001,-0.7,1.1,0.12,-0.35458,-0.17942,-0.10727,0.91136,-0.68,1.06,0.07,-0.35458,-0.17942,-0.10727,0.91136,-0.72,1.07,0.09,-0.49348,-0.18797,0.54547,0.65085,-0.75,1.09,0.11,-0.36745,-0.08298,0.48974,0.78629,-0.76,1.1,0.13,-0.3385,-0.09657,0.57428,0.73912,-0.78,1.11,0.15,-0.3385,-0.09657,0.57428,0.73912,-0.71,1.08,0.09,-0.35458,-0.17942,-0.10727,0.91136,-0.73,1.12,0.13,-0.05728,-0.25312,0.04204,0.96482,-0.75,1.12,0.16,0.35407,-0.21837,0.11854,0.90161,-0.76,1.11,0.18,0.52345,-0.16489,0.15117,0.82217,-0.76,1.09,0.19,0.52345,-0.16489,0.15117,0.82217,-0.7,1.08,0.1,-0.35458,-0.17942,-0.10727,0.91136,-0.71,1.12,0.13,-0.01775,-0.22507,-0.03123,0.97368,-0.73,1.12,0.17,0.32238,-0.22202,0.03596,0.9195,-0.74,1.11,0.19,0.50403,-0.19807,0.01836,0.84046,-0.74,1.09,0.2,0.50403,-0.19807,0.01836,0.84046,-0.68,1.08,0.1,-0.35458,-0.17942,-0.10727,0.91136,-0.69,1.11,0.14,-0.12261,-0.17439,-0.13805,0.96721,-0.7,1.12,0.17,0.31778,-0.2336,-0.08622,0.91489,-0.71,1.11,0.19,0.56339,-0.26959,-0.04257,0.77981,-0.73,1.09,0.2,0.56339,-0.26959,-0.04257,0.77981,-0.67,1.07,0.11,-0.27436,-0.12116,-0.339,0.8917,-0.67,1.1,0.14,-0.3975,0.01283,-0.2686,0.87732,-0.67,1.12,0.16,0.13594,-0.15077,-0.30882,0.9292,-0.67,1.12,0.18,0.41182,-0.28492,-0.24849,0.82914,-0.69,1.11,0.19,0.41182,-0.28492,-0.24849,0.82914,-0.81,1.08,0.19
-0.8,1.44,-0.15,-0.8,1.44,-0.15,-0.85,1.09,0.11,0.3138,-0.07697,-0.13657,-0.93646,-0.86,1.05,0.06,0.3138,-0.07697,-0.13657,-0.93646,-0.82,1.07,0.09,0.41064,-0.19347,0.53811,-0.7102,-0.8,1.08,0.11,0.17137,-0.01779,0.49618,-0.85096,-0.79,1.09,0.14,0.05214,0.00723,0.56909,-0.82059,-0.79,1.09,0.16,0.05214,0.00723,0.56909,-0.82059,-0.83,1.07,0.09,0.3138,-0.07697,-0.13657,-0.93646,-0.83,1.11,0.14,0.07596,-0.11128,-0.06964,-0.98843,-0.82,1.12,0.17,-0.27591,-0.13273,-0.05203,-0.95055,-0.81,1.1,0.19,-0.44364,-0.11353,-0.03757,-0.88819,-0.81,1.09,0.2,-0.44364,-0.11353,-0.03757,-0.88819,-0.85,1.07,0.09,0.3138,-0.07697,-0.13657,-0.93646,-0.85,1.11,0.14,0.12804,-0.07941,-0.13945,-0.9787,-0.84,1.12,0.18,-0.25063,-0.12787,-0.11185,-0.95306,-0.84,1.11,0.2,-0.43918,-0.13917,-0.14546,-0.87555,-0.83,1.09,0.22,-0.43918,-0.13917,-0.14546,-0.87555,-0.87,1.07,0.1,0.3138,-0.07697,-0.13657,-0.93646,-0.87,1.1,0.14,0.20835,-0.04684,-0.2008,-0.95607,-0.87,1.11,0.17,-0.22338,-0.14848,-0.19771,-0.94285,-0.86,1.11,0.2,-0.45842,-0.21895,-0.17432,-0.84352,-0.84,1.09,0.21,-0.45842,-0.21895,-0.17432,-0.84352,-0.87,1.06,0.1,0.25152,-0.01056,-0.36872,-0.8948,-0.88,1.08,0.14,0.23379,-0.03208,-0.27561,-0.93186,-0.88,1.1,0.16,-0.1909,-0.14182,-0.3078,-0.92125,-0.88,1.09,0.18,-0.41439,-0.2623,-0.26607,-0.82987,-0.86,1.08,0.19,-0.41439,-0.2623,-0.26607,-0.82987,-0.71,1.09,0.12,-0.31279,-0.20118,-0.08735,0.92415,-0.68,1.06,0.07,-0.31279,-0.20118,-0.08735,0.92415,-0.72,1.07,0.09,-0.47442,-0.2407,0.5476,0.64585,-0.75,1.08,0.1,-0.34572,-0.13278,0.50353,0.78058,-0.77,1.09,0.13,-0.31664,-0.14481,0.58692,0.73095,-0.78,1.1,0.14,-0.31664,-0.14481,0.58692,0.73095,-0.71,1.07,0.09,-0.31279,-0.20118,-0.08735,0.92415,-0.73,1.11,0.13,-0.00918,-0.28032,0.07439,0.95697,-0.75,1.11,0.16,0.37131,-0.23271,0.15288,0.88578,-0.76,1.09,0.18,0.52209,-0.17554,0.1848,0.81392,-0.76,1.07,0.19,0.52209,-0.17554,0.1848,0.81392,-0.7,1.07,0.1,-0.31279,-0.20118,-0.08735,0.92415,-0.71,1.11,0.14,-0.04978,-0.23714,-0.02531,0.96987,-0.73,1.12,0.17,0.27098,-0.23266,0.04073,0.93316,-0.74,1.1,0.19,0.43984,-0.21214,0.02217,0.87238,-0.75,1.08,0.21,0.43984,-0.21214,0.02217,0.87238,-0.68,1.07,0.1,-0.31279,-0.20118,-0.08735,0.92415,-0.7,1.1,0.14,-0.1337,-0.18021,-0.1239,0.96659,-0.71,1.12,0.18,0.29805,-0.2324,-0.07307,0.92294,-0.72,1.1,0.19,0.53593,-0.26547,-0.03265,0.80078,-0.73,1.08,0.2,0.53593,-0.26547,-0.03265,0.80078,-0.68,1.07,0.11,-0.23196,-0.13141,-0.31611,0.9105,-0.68,1.09,0.14,-0.34335,-0.0076,-0.24408,0.90691,-0.67,1.11,0.17,0.20141,-0.15097,-0.27848,0.92687,-0.68,1.11,0.18,0.47592,-0.27576,-0.22233,0.805,-0.7,1.09,0.19,0.47592,-0.27576,-0.22233,0.805,-0.81,1.08,0.19
-0.8,1.44,-0.15,-0.8,1.44,-0.15,-0.85,1.09,0.11,0.30573,-0.08304,-0.13819,-0.93837,-0.86,1.05,0.06,0.30573,-0.08304,-0.13819,-0.93837,-0.82,1.07,0.09,0.41469,-0.20236,0.52912,-0.71212,-0.8,1.08,0.11,0.16762,-0.02578,0.49076,-0.85463,-0.79,1.09,0.14,0.04852,-0.00148,0.56467,-0.82389,-0.79,1.09,0.16,0.04852,-0.00148,0.56467,-0.82389,-0.83,1.07,0.09,0.30573,-0.08304,-0.13819,-0.93837,-0.83,1.11,0.14,0.07455,-0.11866,-0.07006,-0.98765,-0.82,1.12,0.17,-0.26933,-0.13934,-0.051,-0.95155,-0.81,1.1,0.19,-0.4351,-0.11982,-0.03592,-0.89165,-0.81,1.09,0.2,-0.4351,-0.11982,-0.03592,-0.89165,-0.85,1.07,0.09,0.30573,-0.08304,-0.13819,-0.93837,-0.85,1.11,0.14,0.1344,-0.07967,-0.14283,-0.97734,-0.84,1.12,0.18,-0.24345,-0.12938,-0.11497,-0.95435,-0.83,1.11,0.2,-0.4245,-0.14076,-0.14874,-0.88197,-0.83,1.09,0.22,-0.4245,-0.14076,-0.14874,-0.88197,-0.87,1.07,0.1,0.30573,-0.08304,-0.13819,-0.93837,-0.87,1.1,0.14,0.21289,-0.04763,-0.20294,-0.95458,-0.86,1.11,0.17,-0.21702,-0.14994,-0.19941,-0.94375,-0.86,1.1,0.2,-0.44477,-0.21967,-0.17679,-0.8501,-0.84,1.09,0.21,-0.44477,-0.21967,-0.17679,-0.8501,-0.87,1.06,0.1,0.24219,-0.01452,-0.36944,-0.89702,-0.88,1.08,0.14,0.22914,-0.03564,-0.27629,-0.93268,-0.88,1.1,0.17,-0.18636,-0.14195,-0.30789,-0.92213,-0.87,1.09,0.18,-0.39757,-0.25876,-0.26924,-0.83815,-0.86,1.08,0.2,-0.39757,-0.25876,-0.26924,-0.83815,-0.7,1.09,0.12,-0.31464,-0.19705,-0.09889,0.92325,-0.68,1.06,0.07,-0.31464,-0.19705,-0.09889,0.92325,-0.72,1.07,0.09,-0.48209,-0.2378,0.53288,0.65352,-0.75,1.08,0.1,-0.35028,-0.13247,0.48778,0.78856,-0.77,1.09,0.13,-0.31895,-0.14256,0.5725,0.74175,-0.78,1.1,0.14,-0.31895,-0.14256,0.5725,0.74175,-0.71,1.07,0.09,-0.31464,-0.19705,-0.09889,0.92325,-0.73,1.11,0.13,-0.00867,-0.28525,0.0677,0.95602,-0.75,1.11,0.16,0.37012,-0.24007,0.14827,0.8851,-0.76,1.09,0.17,0.51695,-0.18448,0.18054,0.81617,-0.76,1.07,0.18,0.51695,-0.18448,0.18054,0.81617,-0.7,1.07,0.09,-0.31464,-0.19705,-0.09889,0.92325,-0.71,1.11,0.14,-0.06591,-0.23468,-0.04164,0.96894,-0.73,1.12,0.17,0.2713,-0.23539,0.02846,0.93283,-0.74,1.1,0.19,0.44474,-0.21662,0.01126,0.86899,-0.75,1.09,0.21,0.44474,-0.21662,0.01126,0.86899,-0.68,1.07,0.1,-0.31464,-0.19705,-0.09889,0.92325,-0.69,1.1,0.14,-0.14358,-0.17568,-0.13826,0.96406,-0.71,1.12,0.17,0.30124,-0.23599,-0.08463,0.92,-0.72,1.1,0.19,0.54121,-0.27188,-0.04201,0.79461,-0.73,1.08,0.2,0.54121,-0.27188,-0.04201,0.79461,-0.67,1.07,0.11,-0.23301,-0.12814,-0.32742,0.90669,-0.68,1.09,0.14,-0.33633,-0.00198,-0.25578,0.90634,-0.67,1.11,0.17,0.21315,-0.1539,-0.29041,0.92008,-0.68,1.1,0.18,0.48756,-0.28294,-0.23222,0.79265,-0.7,1.09,0.19,0.48756,-0.28294,-0.23222,0.79265,-0.81,1.08,0.19
-0.8,1.44,-0.15,-0.8,1.44,-0.15,-0.85,1.09,0.11,0.31781,-0.08509,-0.1498,-0.93237,-0.86,1.05,0.06,0.31781,-0.08509,-0.1498,-0.93237,-0.82,1.07,0.09,0.43117,-0.19195,0.51831,-0.71317,-0.8,1.08,0.11,0.17825,-0.01787,0.47693,-0.86049,-0.79,1.09,0.14,0.05399,0.00831,0.55071,-0.83291,-0.79,1.1,0.16,0.05399,0.00831,0.55071,-0.83291,-0.83,1.07,0.09,0.31781,-0.08509,-0.1498,-0.93237,-0.83,1.11,0.13,0.08433,-0.12359,-0.08,-0.9855,-0.82,1.12,0.17,-0.26303,-0.14783,-0.05804,-0.95163,-0.81,1.11,0.19,-0.42899,-0.12949,-0.04154,-0.89301,-0.81,1.09,0.2,-0.42899,-0.12949,-0.04154,-0.89301,-0.85,1.07,0.09,0.31781,-0.08509,-0.1498,-0.93237,-0.85,1.11,0.14,0.14484,-0.08175,-0.1553,-0.97377,-0.84,1.12,0.18,-0.25127,-0.13856,-0.12302,-0.95002,-0.84,1.11,0.2,-0.43627,-0.15132,-0.15438,-0.87346,-0.83,1.09,0.21,-0.43627,-0.15132,-0.15438,-0.87346,-0.87,1.07,0.1,0.31781,-0.08509,-0.1498,-0.93237,-0.87,1.1,0.14,0.22276,-0.04965,-0.21554,-0.94945,-0.87,1.12,0.17,-0.22,-0.16057,-0.20752,-0.93955,-0.86,1.11,0.19,-0.44952,-0.23233,-0.18139,-0.84324,-0.84,1.09,0.21,-0.44952,-0.23233,-0.18139,-0.84324,-0.87,1.06,0.1,0.25194,-0.02006,-0.38109,-0.88932,-0.88,1.08,0.14,0.23763,-0.0413,-0.28802,-0.92675,-0.88,1.1,0.16,-0.17932,-0.15349,-0.31567,-0.91904,-0.87,1.09,0.18,-0.39005,-0.27185,-0.2734,-0.83619,-0.86,1.08,0.19,-0.39005,-0.27185,-0.2734,-0.83619,-0.7,1.1,0.11,-0.3363,-0.18247,-0.11071,0.91725,-0.68,1.06,0.07,-0.3363,-0.18247,-0.11071,0.91725,-0.72,1.07,0.09,-0.50087,-0.20711,0.51958,0.66051,-0.75,1.08,0.1,-0.36758,-0.1054,0.46751,0.797,-0.76,1.1,0.13,-0.33051,-0.11191,0.55395,0.75589,-0.78,1.11,0.14,-0.33051,-0.11191,0.55395,0.75589,-0.71,1.08,0.09,-0.3363,-0.18247,-0.11071,0.91725,-0.73,1.12,0.13,-0.02818,-0.27842,0.05865,0.95825,-0.75,1.12,0.16,0.35965,-0.23674,0.13914,0.89177,-0.76,1.1,0.18,0.50934,-0.18252,0.17096,0.82343,-0.76,1.08,0.19,0.50934,-0.18252,0.17096,0.82343,-0.7,1.07,0.09,-0.3363,-0.18247,-0.11071,0.91725,-0.71,1.12,0.13,-0.10315,-0.21966,-0.06186,0.96813,-0.73,1.13,0.17,0.29278,-0.22792,0.01809,0.92844,-0.74,1.11,0.19,0.49958,-0.2078,0.00493,0.84096,-0.74,1.09,0.2,0.49958,-0.2078,0.00493,0.84096,-0.68,1.07,0.1,-0.3363,-0.18247,-0.11071,0.91725,-0.69,1.11,0.14,-0.17257,-0.16039,-0.15598,0.95925,-0.7,1.12,0.17,0.31722,-0.23582,-0.09637,0.9135,-0.71,1.11,0.19,0.57713,-0.27465,-0.04758,0.76761,-0.72,1.09,0.2,0.57713,-0.27465,-0.04758,0.76761,-0.67,1.07,0.11,-0.25544,-0.11956,-0.34094,0.89678,-0.67,1.09,0.14,-0.34747,0.00944,-0.27115,0.89758,-0.67,1.11,0.17,0.21248,-0.15826,-0.30717,0.91403,-0.68,1.11,0.18,0.49611,-0.29557,-0.24273,0.77948,-0.69,1.09,0.19,0.49611,-0.29557,-0.24273,0.77948,-0.81,1.08,0.19
-0.8,1.44,-0.15,-0.8,1.44,-0.15,-0.85,1.09,0.11,0.32816,-0.08257,-0.15114,-0.92879,-0.86,1.05,0.06,0.32816,-0.08257,-0.15114,-0.92879,-0.82,1.07,0.09,0.4397,-0.18412,0.51702,-0.71095,-0.8,1.09,0.11,0.18372,-0.00951,0.47332,-0.86147,-0.79,1.1,0.14,0.05255,0.0206,0.54586,-0.83597,-0.79,1.1,0.16,0.05255,0.0206,0.54586,-0.83597,-0.83,1.08,0.09,0.32816,-0.08257,-0.15114,-0.92879,-0.83,1.11,0.13,0.09252,-0.12344,-0.08008,-0.98478,-0.82,1.12,0.17,-0.26125,-0.1483,-0.05716,-0.9521,-0.81,1.11,0.19,-0.42842,-0.12988,-0.04045,-0.89328,-0.81,1.09,0.2,-0.42842,-0.12988,-0.04045,-0.89328,-0.85,1.07,0.09,0.32816,-0.08257,-0.15114,-0.92879,-0.85,1.11,0.14,0.15525,-0.07893,-0.15777,-0.972,-0.85,1.13,0.17,-0.26497,-0.14021,-0.12292,-0.94605,-0.84,1.11,0.2,-0.46392,-0.15389,-0.15266,-0.85895,-0.83,1.1,0.21,-0.46392,-0.15389,-0.15266,-0.85895,-0.87,1.07,0.1,0.32816,-0.08257,-0.15114,-0.92879,-0.87,1.1,0.14,0.23221,-0.04639,-0.21825,-0.94673,-0.87,1.12,0.17,-0.23281,-0.16412,-0.20778,-0.93578,-0.86,1.11,0.19,-0.47143,-0.23728,-0.17893,-0.83032,-0.84,1.09,0.2,-0.47143,-0.23728,-0.17893,-0.83032,-0.87,1.06,0.1,0.26236,-0.02029,-0.38314,-0.88541,-0.88,1.09,0.14,0.24805,-0.04059,-0.29002,-0.92342,-0.88,1.1,0.16,-0.17137,-0.15547,-0.31742,-0.91962,-0.88,1.1,0.18,-0.3861,-0.27533,-0.27319,-0.83695,-0.86,1.09,0.19,-0.3861,-0.27533,-0.27319,-0.83695,-0.7,1.09,0.12,-0.32266,-0.18074,-0.10429,0.92323,-0.68,1.06,0.07,-0.32266,-0.18074,-0.10429,0.92323,-0.72,1.07,0.09,-0.4829,-0.21334,0.53079,0.66299,-0.75,1.08,0.11,-0.3421,-0.10285,0.48193,0.80008,-0.76,1.1,0.13,-0.29081,-0.102,0.56775,0.76334,-0.78,1.1,0.15,-0.29081,-0.102,0.56775,0.76334,-0.71,1.07,0.09,-0.32266,-0.18074,-0.10429,0.92323,-0.73,1.11,0.13,-0.00292,-0.27548,0.06613,0.95903,-0.75,1.11,0.16,0.40117,-0.22742,0.14948,0.87464,-0.76,1.09,0.18,0.5525,-0.17003,0.18209,0.79541,-0.76,1.07,0.18,0.5525,-0.17003,0.18209,0.79541,-0.7,1.07,0.1,-0.32266,-0.18074,-0.10429,0.92323,-0.71,1.11,0.14,-0.09858,-0.21103,-0.0616,0.97054,-0.73,1.12,0.17,0.33698,-0.21899,0.0241,0.91537,-0.74,1.11,0.19,0.56701,-0.19269,0.01314,0.80074,-0.74,1.08,0.2,0.56701,-0.19269,0.01314,0.80074,-0.68,1.07,0.1,-0.32266,-0.18074,-0.10429,0.92323,-0.69,1.11,0.14,-0.17164,-0.14901,-0.15415,0.96155,-0.7,1.12,0.18,0.34739,-0.22779,-0.0939,0.90477,-0.71,1.1,0.19,0.6188,-0.26544,-0.0441,0.73803,-0.72,1.08,0.2,0.6188,-0.26544,-0.0441,0.73803,-0.67,1.07,0.11,-0.24338,-0.11411,-0.33407,0.90341,-0.68,1.09,0.15,-0.33365,0.01272,-0.26244,0.90534,-0.67,1.11,0.17,0.23696,-0.15237,-0.30112,0.91102,-0.68,1.1,0.19,0.52408,-0.28947,-0.23832,0.76469,-0.69,1.09,0.19,0.52408,-0.28947,-0.23832,0.76469,-0.81,1.08,0.19
-0.8,1.44,-0.15,-0.8,1.44,-0.15,-0.85,1.09,0.11,0.32325,-0.08012,-0.13872,-0.93265,-0.86,1.06,0.06,0.32325,-0.08012,-0.13872,-0.93265,-0.82,1.07,0.09,0.4377,-0.19051,0.52018,-0.70819,-0.8,1.08,0.11,0.1803,-0.01323,0.47888,-0.85907,-0.79,1.09,0.14,0.04878,0.01793,0.55137,-0.83264,-0.79,1.1,0.16,0.04878,0.01793,0.55137,-0.83264,-0.83,1.07,0.09,0.32325,-0.08012,-0.13872,-0.93265,-0.83,1.11,0.13,0.09333,-0.12665,-0.06435,-0.98545,-0.82,1.12,0.17,-0.25628,-0.14561,-0.04203,-0.95465,-0.81,1.11,0.19,-0.42477,-0.12465,-0.026,-0.8963,-0.81,1.09,0.2,-0.42477,-0.12465,-0.026,-0.8963,-0.85,1.07,0.09,0.32325,-0.08012,-0.13872,-0.93265,-0.85,1.11,0.14,0.17739,-0.07092,-0.14763,-0.97042,-0.85,1.13,0.18,-0.23732,-0.12816,-0.1179,-0.95569,-0.84,1.12,0.2,-0.44311,-0.1435,-0.15033,-0.87204,-0.83,1.1,0.21,-0.44311,-0.1435,-0.15033,-0.87204,-0.87,1.07,0.1,0.32325,-0.08012,-0.13872,-0.93265,-0.87,1.1,0.14,0.25062,-0.03779,-0.20705,-0.94493,-0.87,1.12,0.17,-0.21319,-0.15158,-0.20186,-0.94384,-0.86,1.11,0.19,-0.46078,-0.22519,-0.175,-0.84044,-0.85,1.1,0.21,-0.46078,-0.22519,-0.175,-0.84044,-0.87,1.06,0.1,0.25979,-0.01614,-0.37128,-0.89129,-0.88,1.09,0.14,0.25585,-0.03339,-0.27768,-0.92538,-0.88,1.1,0.16,-0.1648,-0.14445,-0.30953,-0.92529,-0.88,1.1,0.18,-0.3895,-0.26523,-0.266,-0.84095,-0.86,1.09,0.19,-0.3895,-0.26523,-0.266,-0.84095,-0.7,1.09,0.12,-0.32175,-0.18393,-0.11101,0.92213,-0.68,1.06,0.07,-0.32175,-0.18393,-0.11101,0.92213,-0.72,1.07,0.09,-0.47143,-0.22243,0.54064,0.66029,-0.75,1.08,0.11,-0.32346,-0.10374,0.49581,0.79924,-0.76,1.09,0.13,-0.26064,-0.0959,0.58095,0.76509,-0.78,1.1,0.15,-0.26064,-0.0959,0.58095,0.76509,-0.71,1.07,0.09,-0.32175,-0.18393,-0.11101,0.92213,-0.73,1.11,0.13,0.00897,-0.27728,0.0626,0.9587,-0.75,1.11,0.16,0.41251,-0.23012,0.14714,0.86904,-0.76,1.09,0.18,0.56247,-0.1731,0.18057,0.78808,-0.76,1.07,0.18,0.56247,-0.1731,0.18057,0.78808,-0.7,1.07,0.1,-0.32175,-0.18393,-0.11101,0.92213,-0.71,1.11,0.14,-0.10336,-0.20944,-0.07218,0.96966,-0.73,1.12,0.17,0.34099,-0.22207,0.016,0.91332,-0.74,1.11,0.19,0.57224,-0.19726,0.00643,0.79598,-0.74,1.09,0.2,0.57224,-0.19726,0.00643,0.79598,-0.68,1.07,0.1,-0.32175,-0.18393,-0.11101,0.92213,-0.69,1.11,0.14,-0.17116,-0.14922,-0.16204,0.9603,-0.7,1.12,0.18,0.3504,-0.2323,-0.09975,0.90184,-0.71,1.11,0.19,0.62095,-0.27142,-0.04815,0.73378,-0.72,1.08,0.2,0.62095,-0.27142,-0.04815,0.73378,-0.67,1.07,0.11,-0.24092,-0.11729,-0.34016,0.90138,-0.68,1.09,0.15,-0.3259,0.00845,-0.26916,0.90624,-0.67,1.11,0.17,0.23935,-0.15744,-0.30485,0.90829,-0.68,1.1,0.19,0.52263,-0.29467,-0.24104,0.76284,-0.69,1.09,0.19,0.52263,-0.29467,-0.24104,0.76284,-0.81,1.08,0.19
-0.8,1.44,-0.15,-0.8,1.44,-0.15,-0.85,1.08,0.12,0.26418,-0.0779,-0.0977,-0.95634,-0.86,1.06,0.06,0.26418,-0.0779,-0.0977,-0.95634,-0.82,1.07,0.09,0.39933,-0.23448,0.52495,-0.71413,-0.8,1.08,0.11,0.14321,-0.05218,0.49845,-0.85342,-0.79,1.08,0.14,0.02002,-0.02431,0.57354,-0.81857,-0.79,1.08,0.17,0.02002,-0.02431,0.57354,-0.81857,-0.83,1.07,0.09,0.26418,-0.0779,-0.0977,-0.95634,-0.82,1.1,0.14,0.0458,-0.136,-0.01929,-0.98946,-0.81,1.11,0.18,-0.26486,-0.13757,-0.00229,-0.95442,-0.81,1.09,0.2,-0.42905,-0.10957,0.01142,-0.89654,-0.8,1.08,0.21,-0.42905,-0.10957,0.01142,-0.89654,-0.85,1.07,0.09,0.26418,-0.0779,-0.0977,-0.95634,-0.85,1.1,0.14,0.17304,-0.05674,-0.10873,-0.97725,-0.84,1.12,0.18,-0.18486,-0.09367,-0.09411,-0.97375,-0.84,1.11,0.21,-0.38457,-0.1073,-0.13541,-0.90678,-0.83,1.09,0.22,-0.38457,-0.1073,-0.13541,-0.90678,-0.87,1.07,0.1,0.26418,-0.0779,-0.0977,-0.95634,-0.86,1.09,0.14,0.26284,-0.01716,-0.16547,-0.95039,-0.87,1.11,0.18,-0.16478,-0.10755,-0.17832,-0.9641,-0.86,1.1,0.2,-0.41586,-0.17728,-0.16389,-0.87679,-0.85,1.09,0.21,-0.41586,-0.17728,-0.16389,-0.87679,-0.87,1.06,0.1,0.20839,0.00233,-0.32822,-0.92132,-0.88,1.08,0.14,0.26767,0.00138,-0.23255,-0.93502,-0.88,1.09,0.17,-0.1439,-0.09157,-0.28479,-0.94329,-0.88,1.09,0.18,-0.38694,-0.21168,-0.25295,-0.8611,-0.87,1.08,0.2,-0.38694,-0.21168,-0.25295,-0.8611,-0.7,1.1,0.12,-0.34985,-0.17941,-0.12938,0.91032,-0.68,1.06,0.07,-0.34985,-0.17941,-0.12938,0.91032,-0.72,1.07,0.09,-0.48468,-0.21251,0.53907,0.65523,-0.75,1.09,0.1,-0.32523,-0.08737,0.49426,0.80144,-0.76,1.1,0.13,-0.24777,-0.07018,0.57902,0.77358,-0.77,1.11,0.15,-0.24777,-0.07018,0.57902,0.77358,-0.71,1.08,0.09,-0.34985,-0.17941,-0.12938,0.91032,-0.73,1.12,0.13,-0.05177,-0.27271,0.03217,0.96016,-0.75,1.12,0.16,0.35866,-0.23998,0.11805,0.89434,-0.75,1.11,0.17,0.51959,-0.18755,0.15327,0.81937,-0.76,1.09,0.18,0.51959,-0.18755,0.15327,0.81937,-0.7,1.08,0.1,-0.34985,-0.17941,-0.12938,0.91032,-0.71,1.12,0.13,-0.16032,-0.20178,-0.0999,0.96104,-0.72,1.14,0.17,0.27968,-0.22818,-0.0136,0.93249,-0.73,1.12,0.19,0.51539,-0.21491,-0.02168,0.82928,-0.74,1.1,0.2,0.51539,-0.21491,-0.02168,0.82928,-0.68,1.08,0.1,-0.34985,-0.17941,-0.12938,0.91032,-0.69,1.11,0.14,-0.21567,-0.14438,-0.18585,0.94768,-0.7,1.13,0.17,0.29743,-0.24107,-0.12334,0.91554,-0.71,1.12,0.19,0.57218,-0.2886,-0.06712,0.76473,-0.72,1.1,0.2,0.57218,-0.2886,-0.06712,0.76473,-0.67,1.07,0.11,-0.2667,-0.12073,-0.35952,0.88602,-0.67,1.1,0.14,-0.34801,0.00561,-0.29167,0.89095,-0.67,1.12,0.17,0.19859,-0.16939,-0.32299,0.9097,-0.68,1.11,0.18,0.4801,-0.31097,-0.25343,0.78011,-0.69,1.1,0.19,0.4801,-0.31097,-0.25343,0.78011,-0.81,1.08,0.19
-0.8,1.44,-0.15,-0.8,1.44,-0.15,-0.85,1.08,0.12,0.22341,-0.0813,-0.09394,-0.96678,-0.86,1.06,0.06,0.22341,-0.0813,-0.09394,-0.96678,-0.82,1.06,0.09,0.39199,-0.25813,0.49599,-0.73055,-0.8,1.07,0.11,0.13439,-0.08637,0.47687,-0.86434,-0.79,1.08,0.14,0.02157,-0.06708,0.5567,-0.82772,-0.78,1.08,0.16,0.02157,-0.06708,0.5567,-0.82772,-0.83,1.07,0.09,0.22341,-0.0813,-0.09394,-0.96678,-0.82,1.1,0.14,0.01289,-0.15336,-0.01256,-0.98801,-0.81,1.1,0.18,-0.26205,-0.15137,0.00395,-0.9531,-0.81,1.09,0.2,-0.41665,-0.12225,0.01842,-0.90062,-0.8,1.07,0.21,-0.41665,-0.12225,0.01842,-0.90062,-0.85,1.07,0.09,0.22341,-0.0813,-0.09394,-0.96678,-0.84,1.1,0.15,0.15774,-0.06,-0.10415,-0.98014,-0.84,1.11,0.19,-0.1683,-0.09196,-0.09171,-0.97714,-0.84,1.1,0.21,-0.35264,-0.10446,-0.13377,-0.92024,-0.83,1.09,0.23,-0.35264,-0.10446,-0.13377,-0.92024,-0.87,1.07,0.1,0.22341,-0.0813,-0.09394,-0.96678,-0.86,1.09,0.15,0.24913,-0.01881,-0.15916,-0.95512,-0.86,1.11,0.18,-0.15861,-0.10223,-0.17404,-0.96649,-0.86,1.1,0.2,-0.40698,-0.17065,-0.16149,-0.88271,-0.85,1.08,0.22,-0.40698,-0.17065,-0.16149,-0.88271,-0.87,1.06,0.1,0.16855,0.00901,-0.32096,-0.93193,-0.88,1.08,0.14,0.2615,0.01219,-0.22373,-0.93884,-0.88,1.09,0.17,-0.15035,-0.07768,-0.28131,-0.94458,-0.88,1.08,0.19,-0.41796,-0.20399,-0.24924,-0.84946,-0.87,1.07,0.2,-0.41796,-0.20399,-0.24924,-0.84946,-0.7,1.1,0.11,-0.34796,-0.18122,-0.12486,0.91131,-0.68,1.06,0.07,-0.34796,-0.18122,-0.12486,0.91131,-0.72,1.07,0.09,-0.48729,-0.23314,0.53668,0.6482,-0.75,1.09,0.1,-0.30772,-0.09539,0.50112,0.80317,-0.76,1.1,0.13,-0.21778,-0.06991,0.58573,0.77756,-0.77,1.11,0.15,-0.21778,-0.06991,0.58573,0.77756,-0.71,1.08,0.09,-0.34796,-0.18122,-0.12486,0.91131,-0.73,1.12,0.13,-0.14931,-0.25168,-0.01117,0.95616,-0.75,1.13,0.16,0.28803,-0.23973,0.07577,0.92403,-0.75,1.12,0.18,0.48154,-0.19268,0.1158,0.8471,-0.76,1.1,0.19,0.48154,-0.19268,0.1158,0.8471,-0.7,1.08,0.1,-0.34796,-0.18122,-0.12486,0.91131,-0.71,1.12,0.13,-0.18871,-0.19212,-0.1058,0.95723,-0.72,1.14,0.17,0.24297,-0.22221,-0.02525,0.9439,-0.73,1.13,0.19,0.47061,-0.21472,-0.03654,0.85504,-0.74,1.11,0.2,0.47061,-0.21472,-0.03654,0.85504,-0.68,1.08,0.1,-0.34796,-0.18122,-0.12486,0.91131,-0.69,1.11,0.14,-0.21497,-0.14506,-0.18134,0.94861,-0.7,1.13,0.17,0.28507,-0.23768,-0.12235,0.92048,-0.71,1.12,0.19,0.55283,-0.28517,-0.06958,0.77988,-0.72,1.1,0.2,0.55283,-0.28517,-0.06958,0.77988,-0.67,1.07,0.11,-0.26511,-0.12186,-0.35506,0.88814,-0.67,1.1,0.14,-0.33205,-0.02024,-0.28498,0.89896,-0.67,1.12,0.17,0.21417,-0.18461,-0.30438,0.90962,-0.68,1.11,0.18,0.49045,-0.31763,-0.23332,0.77726,-0.69,1.1,0.19,0.49045,-0.31763,-0.23332,0.77726,-0.81,1.08,0.19
-0.8,1.44,-0.15,-0.8,1.44,-0.15,-0.85,1.09,0.12,0.22485,-0.08255,-0.1135,-0.96423,-0.86,1.06,0.06,0.22485,-0.08255,-0.1135,-0.96423,-0.82,1.07,0.09,0.41069,-0.24797,0.46795,-0.7422,-0.8,1.08,0.11,0.14993,-0.08783,0.44517,-0.87843,-0.79,1.09,0.14,0.04342,-0.07531,0.52738,-0.84517,-0.78,1.09,0.16,0.04342,-0.07531,0.52738,-0.84517,-0.83,1.07,0.09,0.22485,-0.08255,-0.1135,-0.96423,-0.82,1.1,0.14,0.01097,-0.16159,-0.02905,-0.98637,-0.81,1.1,0.18,-0.26996,-0.16381,-0.00851,-0.9488,-0.8,1.09,0.2,-0.42521,-0.13651,0.00859,-0.8947,-0.8,1.08,0.21,-0.42521,-0.13651,0.00859,-0.8947,-0.85,1.07,0.09,0.22485,-0.08255,-0.1135,-0.96423,-0.85,1.1,0.15,0.15242,-0.07088,-0.12119,-0.97829,-0.84,1.12,0.18,-0.15875,-0.10618,-0.10581,-0.97587,-0.84,1.11,0.21,-0.33098,-0.12007,-0.14521,-0.92463,-0.83,1.09,0.23,-0.33098,-0.12007,-0.14521,-0.92463,-0.87,1.07,0.1,0.22485,-0.08255,-0.1135,-0.96423,-0.86,1.09,0.14,0.24807,-0.03207,-0.17696,-0.9519,-0.86,1.11,0.18,-0.1549,-0.12078,-0.18518,-0.96287,-0.86,1.1,0.2,-0.40134,-0.19128,-0.16726,-0.87998,-0.85,1.09,0.22,-0.40134,-0.19128,-0.16726,-0.87998,-0.87,1.06,0.1,0.16699,0.00678,-0.33955,-0.92562,-0.88,1.08,0.14,0.2735,0.00533,-0.24174,-0.93098,-0.88,1.09,0.17,-0.16799,-0.1017,-0.29281,-0.93579,-0.88,1.09,0.19,-0.46269,-0.23854,-0.24635,-0.81752,-0.86,1.08,0.2,-0.46269,-0.23854,-0.24635,-0.81752,-0.7,1.1,0.12,-0.33011,-0.1919,-0.12142,0.91622,-0.68,1.06,0.07,-0.33011,-0.1919,-0.12142,0.91622,-0.72,1.07,0.09,-0.48457,-0.26047,0.52887,0.64625,-0.75,1.08,0.1,-0.29136,-0.11588,0.5035,0.80509,-0.77,1.09,0.13,-0.17193,-0.0689,0.5897,0.7861,-0.77,1.1,0.15,-0.17193,-0.0689,0.5897,0.7861,-0.71,1.08,0.09,-0.33011,-0.1919,-0.12142,0.91622,-0.73,1.12,0.13,-0.20235,-0.21644,-0.05172,0.95369,-0.75,1.13,0.16,0.27502,-0.2259,0.03323,0.93393,-0.76,1.12,0.18,0.49932,-0.1862,0.07756,0.84261,-0.76,1.1,0.19,0.49932,-0.1862,0.07756,0.84261,-0.7,1.07,0.1,-0.33011,-0.1919,-0.12142,0.91622,-0.71,1.12,0.14,-0.17345,-0.19186,-0.10622,0.96011,-0.72,1.13,0.17,0.24732,-0.22166,-0.02828,0.94281,-0.74,1.12,0.19,0.4494,-0.2147,-0.04331,0.86606,-0.75,1.1,0.21,0.4494,-0.2147,-0.04331,0.86606,-0.68,1.07,0.1,-0.33011,-0.1919,-0.12142,0.91622,-0.69,1.11,0.14,-0.17483,-0.15875,-0.17138,0.95648,-0.7,1.12,0.18,0.32212,-0.24284,-0.10842,0.90858,-0.72,1.11,0.19,0.57279,-0.28458,-0.05914,0.76644,-0.73,1.09,0.2,0.57279,-0.28458,-0.05914,0.76644,-0.67,1.07,0.11,-0.24601,-0.12775,-0.35005,0.89478,-0.68,1.09,0.15,-0.28334,-0.06498,-0.2742,0.91668,-0.68,1.11,0.17,0.31012,-0.22398,-0.26355,0.88555,-0.69,1.1,0.18,0.57834,-0.34097,-0.18466,0.71775,-0.7,1.09,0.19,0.57834,-0.34097,-0.18466,0.71775,-0.81,1.08,0.19
-0.8,1.44,-0.15,-0.8,1.44,-0.15,-0.85,1.09,0.12,0.26777,-0.07964,-0.14212,-0.94961,-0.86,1.06,0.06,0.26777,-0.07964,-0.14212,-0.94961,-0.82,1.07,0.09,0.44687,-0.21446,0.45603,-0.73916,-0.8,1.09,0.1,0.18608,-0.06244,0.42219,-0.885,-0.79,1.1,0.13,0.07363,-0.04759,0.50434,-0.85904,-0.79,1.1,0.16,0.07363,-0.04759,0.50434,-0.85904,-0.83,1.08,0.09,0.26777,-0.07964,-0.14212,-0.94961,-0.83,1.11,0.14,0.05021,-0.15843,-0.05591,-0.98451,-0.82,1.11,0.17,-0.25921,-0.17029,-0.03015,-0.95021,-0.81,1.1,0.19,-0.42326,-0.14679,-0.0105,-0.89397,-0.8,1.09,0.21,-0.42326,-0.14679,-0.0105,-0.89397,-0.85,1.07,0.09,0.26777,-0.07964,-0.14212,-0.94961,-0.85,1.11,0.14,0.16624,-0.08021,-0.14666,-0.97181,-0.84,1.12,0.18,-0.15785,-0.12493,-0.1253,-0.97148,-0.84,1.12,0.2,-0.3336,-0.14236,-0.16067,-0.91795,-0.83,1.1,0.22,-0.3336,-0.14236,-0.16067,-0.91795,-0.87,1.07,0.1,0.26777,-0.07964,-0.14212,-0.94961,-0.87,1.1,0.14,0.25001,-0.04582,-0.20397,-0.94541,-0.87,1.12,0.17,-0.1736,-0.14895,-0.2011,-0.95249,-0.86,1.11,0.2,-0.42455,-0.22332,-0.17408,-0.85999,-0.85,1.09,0.21,-0.42455,-0.22332,-0.17408,-0.85999,-0.87,1.07,0.1,0.20539,-0.00187,-0.3703,-0.90592,-0.88,1.08,0.14,0.28993,-0.01715,-0.27212,-0.91739,-0.88,1.1,0.16,-0.17897,-0.14611,-0.30637,-0.92345,-0.88,1.09,0.18,-0.48345,-0.2885,-0.23975,-0.79093,-0.86,1.08,0.19,-0.48345,-0.2885,-0.23975,-0.79093,-0.71,1.09,0.12,-0.29005,-0.17499,-0.08273,0.93723,-0.68,1.06,0.07,-0.29005,-0.17499,-0.08273,0.93723,-0.72,1.07,0.1,-0.43861,-0.27105,0.55356,0.65401,-0.75,1.08,0.11,-0.24637,-0.11587,0.53127,0.80226,-0.77,1.08,0.14,-0.13168,-0.07288,0.61464,0.77432,-0.77,1.09,0.16,-0.13168,-0.07288,0.61464,0.77432,-0.71,1.07,0.1,-0.29005,-0.17499,-0.08273,0.93723,-0.73,1.11,0.14,-0.17751,-0.18456,-0.02524,0.96633,-0.75,1.12,0.17,0.29487,-0.18508,0.03968,0.9366,-0.75,1.11,0.19,0.51281,-0.14508,0.07306,0.843,-0.76,1.09,0.2,0.51281,-0.14508,0.07306,0.843,-0.7,1.07,0.1,-0.29005,-0.17499,-0.08273,0.93723,-0.71,1.11,0.15,-0.09401,-0.1722,-0.06255,0.97857,-0.73,1.12,0.18,0.32676,-0.1845,0.00279,0.92692,-0.74,1.1,0.2,0.517,-0.16705,-0.02077,0.83927,-0.74,1.08,0.21,0.517,-0.16705,-0.02077,0.83927,-0.68,1.07,0.11,-0.29005,-0.17499,-0.08273,0.93723,-0.69,1.1,0.15,-0.09503,-0.14162,-0.12629,0.97722,-0.7,1.11,0.18,0.4065,-0.20313,-0.07858,0.88731,-0.71,1.09,0.2,0.64854,-0.23579,-0.04395,0.7224,-0.72,1.07,0.2,0.64854,-0.23579,-0.04395,0.7224,-0.68,1.07,0.11,-0.21578,-0.09943,-0.31163,0.92002,-0.68,1.09,0.15,-0.26392,-0.05077,-0.22954,0.93546,-0.68,1.1,0.18,0.35741,-0.19022,-0.23321,0.88413,-0.69,1.09,0.19,0.63391,-0.30099,-0.1659,0.69285,-0.7,1.08,0.19,0.63391,-0.30099,-0.1659,0.69285,-0.81,1.08,0.19
-0.8,1.44,-0.15,-0.8,1.44,-0.15,-0.85,1.09,0.11,0.29295,-0.07492,-0.16407,-0.93896,-0.86,1.06,0.06,0.29295,-0.07492,-0.16407,-0.93896,-0.82,1.07,0.09,0.46221,-0.19106,0.45108,-0.73918,-0.8,1.09,0.1,0.19764,-0.04099,0.40995,-0.88949,-0.79,1.1,0.13,0.07018,-0.01955,0.49014,-0.8686,-0.79,1.1,0.16,0.07018,-0.01955,0.49014,-0.8686,-0.84,1.08,0.09,0.29295,-0.07492,-0.16407,-0.93896,-0.83,1.11,0.14,0.06732,-0.14818,-0.08067,-0.98336,-0.82,1.12,0.17,-0.26028,-0.16965,-0.05357,-0.949,-0.81,1.11,0.19,-0.42596,-0.15029,-0.03337,-0.89155,-0.81,1.09,0.2,-0.42596,-0.15029,-0.03337,-0.89155,-0.85,1.07,0.09,0.29295,-0.07492,-0.16407,-0.93896,-0.85,1.11,0.14,0.14739,-0.09015,-0.1634,-0.97131,-0.85,1.12,0.18,-0.21527,-0.14506,-0.13213,-0.95664,-0.84,1.11,0.2,-0.399,-0.16122,-0.16248,-0.88792,-0.83,1.1,0.22,-0.399,-0.16122,-0.16248,-0.88792,-0.87,1.07,0.09,0.29295,-0.07492,-0.16407,-0.93896,-0.87,1.1,0.14,0.22687,-0.0581,-0.22259,-0.94637,-0.87,1.12,0.17,-0.23796,-0.1763,-0.20621,-0.93262,-0.86,1.11,0.19,-0.49692,-0.2518,-0.16953,-0.81297,-0.84,1.09,0.2,-0.49692,-0.2518,-0.16953,-0.81297,-0.87,1.06,0.1,0.22786,-0.0044,-0.39297,-0.89086,-0.88,1.08,0.14,0.27723,-0.03776,-0.29352,-0.91409,-0.88,1.1,0.16,-0.21158,-0.18032,-0.31202,-0.9085,-0.88,1.09,0.18,-0.5163,-0.32399,-0.23126,-0.75828,-0.86,1.08,0.19,-0.5163,-0.32399,-0.23126,-0.75828,-0.71,1.09,0.13,-0.26733,-0.15928,-0.04394,0.94933,-0.69,1.06,0.07,-0.26733,-0.15928,-0.04394,0.94933,-0.73,1.06,0.1,-0.41787,-0.25419,0.57049,0.65978,-0.75,1.07,0.12,-0.23423,-0.09823,0.54204,0.80105,-0.77,1.08,0.15,-0.14419,-0.07585,0.62247,0.7655,-0.77,1.09,0.17,-0.14419,-0.07585,0.62247,0.7655,-0.72,1.07,0.1,-0.26733,-0.15928,-0.04394,0.94933,-0.74,1.1,0.15,-0.07637,-0.17275,0.03105,0.98151,-0.75,1.11,0.18,0.35942,-0.14889,0.07786,0.91793,-0.75,1.09,0.2,0.53538,-0.10382,0.09817,0.83244,-0.76,1.07,0.21,0.53538,-0.10382,0.09817,0.83244,-0.7,1.07,0.1,-0.26733,-0.15928,-0.04394,0.94933,-0.72,1.11,0.15,-0.03989,-0.15271,-0.02089,0.98725,-0.73,1.11,0.19,0.37819,-0.1487,0.03212,0.91314,-0.74,1.09,0.21,0.56112,-0.12293,0.00109,0.81855,-0.74,1.07,0.22,0.56112,-0.12293,0.00109,0.81855,-0.68,1.07,0.11,-0.26733,-0.15928,-0.04394,0.94933,-0.7,1.1,0.15,-0.08656,-0.11841,-0.09091,0.985,-0.71,1.11,0.19,0.42971,-0.1659,-0.05782,0.88571,-0.71,1.09,0.2,0.67149,-0.19366,-0.03536,0.71438,-0.72,1.07,0.21,0.67149,-0.19366,-0.03536,0.71438,-0.68,1.07,0.11,-0.20226,-0.07711,-0.27369,0.93715,-0.68,1.09,0.15,-0.27586,-0.02769,-0.18826,0.94217,-0.68,1.1,0.18,0.36372,-0.15113,-0.21318,0.8941,-0.69,1.09,0.19,0.65944,-0.26062,-0.15631,0.6876,-0.7,1.08,0.19,0.65944,-0.26062,-0.15631,0.6876,-0.81,1.08,0.19
-0.8,1.44,-0.15,-0.8,1.44,-0.15,-0.85,1.09,0.11,0.31172,-0.06997,-0.17537,-0.93123,-0.86,1.06,0.06,0.31172,-0.06997,-0.17537,-0.93123,-0.82,1.07,0.09,0.45528,-0.17052,0.46876,-0.7375,-0.8,1.09,0.1,0.19241,-0.01465,0.42047,-0.88655,-0.8,1.1,0.14,0.05481,0.012,0.49609,-0.86646,-0.79,1.1,0.16,0.05481,0.012,0.49609,-0.86646,-0.84,1.08,0.09,0.31172,-0.06997,-0.17537,-0.93123,-0.83,1.11,0.13,0.04553,-0.1369,-0.09214,-0.98524,-0.82,1.12,0.17,-0.29252,-0.16298,-0.06619,-0.93994,-0.81,1.11,0.19,-0.45009,-0.14519,-0.04723,-0.87984,-0.81,1.09,0.2,-0.45009,-0.14519,-0.04723,-0.87984,-0.85,1.07,0.09,0.31172,-0.06997,-0.17537,-0.93123,-0.85,1.11,0.14,0.09537,-0.1013,-0.16736,-0.97603,-0.85,1.12,0.18,-0.32576,-0.16435,-0.12164,-0.92308,-0.84,1.11,0.2,-0.52834,-0.17408,-0.14451,-0.81834,-0.83,1.09,0.21,-0.52834,-0.17408,-0.14451,-0.81834,-0.87,1.07,0.09,0.31172,-0.06997,-0.17537,-0.93123,-0.87,1.1,0.14,0.18672,-0.0698,-0.23003,-0.95255,-0.87,1.11,0.17,-0.32583,-0.19908,-0.19884,-0.90259,-0.86,1.1,0.19,-0.5891,-0.2713,-0.15337,-0.74555,-0.84,1.08,0.2,-0.5891,-0.2713,-0.15337,-0.74555,-0.87,1.06,0.1,0.24561,-0.00479,-0.40502,-0.88069,-0.88,1.08,0.14,0.26087,-0.0536,-0.30369,-0.91479,-0.89,1.1,0.16,-0.25506,-0.20688,-0.308,-0.89291,-0.87,1.09,0.18,-0.55571,-0.34777,-0.2178,-0.72306,-0.86,1.08,0.18,-0.55571,-0.34777,-0.2178,-0.72306,-0.71,1.09,0.13,-0.23966,-0.11906,-0.02579,0.96318,-0.69,1.06,0.08,-0.23966,-0.11906,-0.02579,0.96318,-0.73,1.06,0.11,-0.38696,-0.23265,0.57378,0.68331,-0.75,1.07,0.12,-0.22014,-0.08668,0.53575,0.81056,-0.76,1.08,0.15,-0.16454,-0.09425,0.61454,0.76576,-0.77,1.08,0.18,-0.16454,-0.09425,0.61454,0.76576,-0.72,1.07,0.11,-0.23966,-0.11906,-0.02579,0.96318,-0.73,1.1,0.15,0.00571,-0.16493,0.0664,0.98405,-0.75,1.1,0.19,0.38282,-0.13032,0.09847,0.90927,-0.75,1.08,0.2,0.53803,-0.08354,0.11318,0.8311,-0.75,1.06,0.21,0.53803,-0.08354,0.11318,0.8311,-0.7,1.07,0.11,-0.23966,-0.11906,-0.02579,0.96318,-0.71,1.1,0.16,-0.0301,-0.11636,-0.01098,0.99269,-0.72,1.11,0.2,0.37252,-0.11188,0.0239,0.92095,-0.73,1.09,0.22,0.55751,-0.08885,-0.0147,0.82527,-0.73,1.07,0.23,0.55751,-0.08885,-0.0147,0.82527,-0.68,1.07,0.11,-0.23966,-0.11906,-0.02579,0.96318,-0.69,1.1,0.16,-0.14478,-0.06876,-0.08503,0.9834,-0.7,1.11,0.19,0.36642,-0.12182,-0.07824,0.91912,-0.7,1.09,0.21,0.61949,-0.15966,-0.06653,0.76571,-0.71,1.07,0.22,0.61949,-0.15966,-0.06653,0.76571,-0.68,1.07,0.11,-0.18609,-0.03017,-0.25583,0.94816,-0.68,1.09,0.16,-0.34277,0.04351,-0.1593,0.92479,-0.67,1.1,0.18,0.25682,-0.07436,-0.23463,0.93459,-0.67,1.1,0.2,0.57999,-0.20024,-0.19863,0.76424,-0.69,1.08,0.2,0.57999,-0.20024,-0.19863,0.76424,-0.81,1.08,0.19
-0.8,1.44,-0.15,-0.8,1.44,-0.15,-0.85,1.09,0.11,0.33307,-0.06378,-0.1796,-0.92344,-0.86,1.05,0.06,0.33307,-0.06378,-0.1796,-0.92344,-0.82,1.07,0.09,0.43774,-0.14538,0.49991,-0.73303,-0.8,1.09,0.11,0.18362,0.01883,0.44247,-0.87758,-0.8,1.1,0.14,0.0429,0.04808,0.51221,-0.85644,-0.8,1.1,0.16,0.0429,0.04808,0.51221,-0.85644,-0.84,1.08,0.09,0.33307,-0.06378,-0.1796,-0.92344,-0.83,1.12,0.13,-0.02297,-0.13026,-0.08941,-0.98717,-0.82,1.11,0.17,-0.39626,-0.15673,-0.05934,-0.90271,-0.82,1.1,0.18,-0.53748,-0.13645,-0.04007,-0.8312,-0.81,1.08,0.19,-0.53748,-0.13645,-0.04007,-0.8312,-0.85,1.07,0.09,0.33307,-0.06378,-0.1796,-0.92344,-0.86,1.11,0.13,0.04404,-0.10946,-0.16464,-0.97927,-0.85,1.12,0.18,-0.43363,-0.17727,-0.10428,-0.87731,-0.84,1.1,0.19,-0.65805,-0.17815,-0.11813,-0.72199,-0.83,1.08,0.19,-0.65805,-0.17815,-0.11813,-0.72199,-0.87,1.07,0.09,0.33307,-0.06378,-0.1796,-0.92344,-0.87,1.1,0.14,0.14384,-0.08065,-0.23022,-0.95907,-0.87,1.11,0.17,-0.41386,-0.21653,-0.18399,-0.86486,-0.85,1.1,0.19,-0.68688,-0.28336,-0.12726,-0.65704,-0.84,1.08,0.19,-0.68688,-0.28336,-0.12726,-0.65704,-0.87,1.06,0.1,0.26711,-0.00439,-0.41062,-0.87179,-0.88,1.08,0.14,0.23582,-0.06699,-0.30773,-0.91935,-0.89,1.1,0.16,-0.31819,-0.23074,-0.29656,-0.87038,-0.87,1.09,0.18,-0.62388,-0.36903,-0.19255,-0.66145,-0.86,1.08,0.18,-0.62388,-0.36903,-0.19255,-0.66145,-0.71,1.09,0.13,-0.24298,-0.11778,-0.03955,0.96204,-0.69,1.06,0.08,-0.24298,-0.11778,-0.03955,0.96204,-0.73,1.06,0.1,-0.40031,-0.22376,0.55602,0.6932,-0.75,1.07,0.12,-0.2462,-0.09311,0.51225,0.81751,-0.77,1.08,0.15,-0.22766,-0.1261,0.59125,0.76335,-0.78,1.09,0.17,-0.22766,-0.1261,0.59125,0.76335,-0.72,1.07,0.11,-0.24298,-0.11778,-0.03955,0.96204,-0.73,1.1,0.15,0.00901,-0.19817,0.0705,0.97759,-0.75,1.1,0.19,0.34281,-0.16445,0.10756,0.91862,-0.75,1.08,0.2,0.48208,-0.11849,0.12415,0.85915,-0.76,1.06,0.22,0.48208,-0.11849,0.12415,0.85915,-0.7,1.07,0.11,-0.24298,-0.11778,-0.03955,0.96204,-0.71,1.1,0.16,-0.07092,-0.12669,-0.02546,0.98908,-0.72,1.11,0.2,0.32749,-0.12777,0.014,0.93607,-0.73,1.09,0.22,0.52406,-0.1091,-0.02152,0.84439,-0.73,1.07,0.23,0.52406,-0.1091,-0.02152,0.84439,-0.68,1.07,0.11,-0.24298,-0.11778,-0.03955,0.96204,-0.69,1.1,0.16,-0.17603,-0.0712,-0.09986,0.97671,-0.7,1.11,0.19,0.33571,-0.13251,-0.08917,0.92833,-0.71,1.1,0.21,0.5977,-0.17408,-0.07239,0.77924,-0.71,1.07,0.22,0.5977,-0.17408,-0.07239,0.77924,-0.68,1.07,0.11,-0.18766,-0.03003,-0.26941,0.94409,-0.68,1.09,0.16,-0.35767,0.06279,-0.17114,0.91588,-0.67,1.1,0.18,0.1999,-0.05698,-0.25564,0.94416,-0.67,1.1,0.2,0.52861,-0.19208,-0.22231,0.7964,-0.68,1.08,0.2,0.52861,-0.19208,-0.22231,0.7964,-0.81,1.08,0.19
-0.8,1.44,-0.15,-0.8,1.44,-0.15,-0.85,1.09,0.11,0.35127,-0.05657,-0.17044,-0.91889,-0.86,1.05,0.06,0.35127,-0.05657,-0.17044,-0.91889,-0.82,1.07,0.09,0.42803,-0.12647,0.5251,-0.72461,-0.8,1.09,0.11,0.18963,0.03981,0.46095,-0.86601,-0.8,1.1,0.14,0.05163,0.06987,0.52773,-0.84496,-0.8,1.11,0.17,0.05163,0.06987,0.52773,-0.84496,-0.84,1.08,0.09,0.35127,-0.05657,-0.17044,-0.91889,-0.83,1.12,0.13,-0.04001,-0.1198,-0.08004,-0.98876,-0.83,1.12,0.17,-0.44676,-0.14512,-0.04906,-0.88144,-0.82,1.1,0.18,-0.58724,-0.1232,-0.02957,-0.79944,-0.81,1.08,0.19,-0.58724,-0.1232,-0.02957,-0.79944,-0.85,1.07,0.09,0.35127,-0.05657,-0.17044,-0.91889,-0.86,1.12,0.13,0.03815,-0.10313,-0.15609,-0.9816,-0.85,1.12,0.17,-0.45266,-0.16898,-0.09743,-0.87009,-0.84,1.1,0.19,-0.69184,-0.16813,-0.11097,-0.69338,-0.83,1.08,0.19,-0.69184,-0.16813,-0.11097,-0.69338,-0.87,1.07,0.1,0.35127,-0.05657,-0.17044,-0.91889,-0.87,1.1,0.14,0.1324,-0.07802,-0.22152,-0.96297,-0.87,1.11,0.17,-0.43426,-0.21078,-0.17667,-0.85777,-0.86,1.1,0.19,-0.71885,-0.27634,-0.11757,-0.62695,-0.84,1.08,0.18,-0.71885,-0.27634,-0.11757,-0.62695,-0.88,1.06,0.1,0.28759,-0.00165,-0.4035,-0.86861,-0.89,1.09,0.14,0.22403,-0.06789,-0.3007,-0.92454,-0.89,1.1,0.16,-0.34697,-0.23165,-0.28697,-0.86232,-0.87,1.09,0.18,-0.66243,-0.36921,-0.17693,-0.62734,-0.86,1.08,0.17,-0.66243,-0.36921,-0.17693,-0.62734,-0.71,1.1,0.12,-0.3102,-0.14948,-0.09279,0.93425,-0.69,1.06,0.07,-0.3102,-0.14948,-0.09279,0.93425,-0.73,1.07,0.1,-0.4759,-0.19825,0.51989,0.68112,-0.75,1.09,0.11,-0.31495,-0.07849,0.47003,0.8208,-0.77,1.1,0.14,-0.29653,-0.10515,0.55388,0.77087,-0.78,1.11,0.16,-0.29653,-0.10515,0.55388,0.77087,-0.72,1.08,0.1,-0.3102,-0.14948,-0.09279,0.93425,-0.73,1.12,0.14,-0.0864,-0.2368,0.02776,0.96731,-0.75,1.12,0.17,0.24953,-0.21775,0.08056,0.94012,-0.76,1.11,0.19,0.38855,-0.17709,0.1019,0.89849,-0.77,1.09,0.21,0.38855,-0.17709,0.1019,0.89849,-0.7,1.08,0.1,-0.3102,-0.14948,-0.09279,0.93425,-0.71,1.12,0.15,-0.14008,-0.17125,-0.06993,0.97271,-0.73,1.13,0.18,0.26252,-0.1872,-0.00811,0.94656,-0.74,1.12,0.2,0.46883,-0.17588,-0.03049,0.86507,-0.74,1.1,0.22,0.46883,-0.17588,-0.03049,0.86507,-0.69,1.08,0.11,-0.3102,-0.14948,-0.09279,0.93425,-0.69,1.11,0.15,-0.21749,-0.11836,-0.14962,0.95724,-0.7,1.13,0.18,0.29278,-0.19975,-0.10709,0.92893,-0.71,1.11,0.2,0.55881,-0.2444,-0.06785,0.78955,-0.72,1.09,0.21,0.55881,-0.2444,-0.06785,0.78955,-0.68,1.07,0.11,-0.23921,-0.07951,-0.32404,0.91184,-0.68,1.1,0.15,-0.38882,0.02309,-0.23968,0.88929,-0.67,1.12,0.17,0.15433,-0.12763,-0.29023,0.93577,-0.68,1.11,0.19,0.46872,-0.26677,-0.22932,0.81028,-0.69,1.1,0.2,0.46872,-0.26677,-0.22932,0.81028,-0.81,1.08,0.19
-0.8,1.44,-0.15,-0.8,1.44,-0.15,-0.85,1.09,0.11,0.3492,-0.05431,-0.16107,-0.9215,-0.86,1.05,0.06,0.3492,-0.05431,-0.16107,-0.9215,-0.82,1.07,0.09,0.41575,-0.12617,0.53876,-0.72178,-0.8,1.09,0.11,0.18753,0.04069,0.47435,-0.85917,-0.8,1.1,0.14,0.06065,0.06553,0.54204,-0.8356,-0.8,1.1,0.17,0.06065,0.06553,0.54204,-0.8356,-0.84,1.08,0.09,0.3492,-0.05431,-0.16107,-0.9215,-0.83,1.12,0.13,-0.04244,-0.11355,-0.07287,-0.98995,-0.82,1.12,0.17,-0.46114,-0.13702,-0.04328,-0.87561,-0.82,1.1,0.18,-0.60834,-0.11454,-0.02341,-0.78502,-0.81,1.08,0.19,-0.60834,-0.11454,-0.02341,-0.78502,-0.85,1.07,0.09,0.3492,-0.05431,-0.16107,-0.9215,-0.86,1.12,0.13,0.02933,-0.09752,-0.14831,-0.98368,-0.85,1.12,0.18,-0.45894,-0.1599,-0.0939,-0.8689,-0.84,1.1,0.19,-0.69913,-0.15813,-0.10989,-0.68858,-0.83,1.08,0.19,-0.69913,-0.15813,-0.10989,-0.68858,-0.87,1.07,0.1,0.3492,-0.05431,-0.16107,-0.9215,-0.87,1.1,0.14,0.11658,-0.07352,-0.21357,-0.96716,-0.87,1.11,0.17,-0.44626,-0.20135,-0.17381,-0.85446,-0.86,1.1,0.19,-0.73012,-0.26632,-0.11816,-0.61809,-0.84,1.07,0.18,-0.73012,-0.26632,-0.11816,-0.61809,-0.88,1.06,0.1,0.28732,0.0015,-0.39472,-0.87272,-0.89,1.09,0.14,0.20478,-0.06029,-0.29547,-0.9312,-0.89,1.1,0.16,-0.36825,-0.22155,-0.28674,-0.8562,-0.87,1.09,0.18,-0.6796,-0.35983,-0.18171,-0.61291,-0.86,1.07,0.17,-0.6796,-0.35983,-0.18171,-0.61291,-0.71,1.1,0.12,-0.34166,-0.1668,-0.11533,0.91768,-0.69,1.06,0.07,-0.34166,-0.1668,-0.11533,0.91768,-0.73,1.08,0.09,-0.49786,-0.19489,0.51909,0.66685,-0.75,1.09,0.11,-0.31447,-0.06258,0.47249,0.82094,-0.76,1.1,0.13,-0.27419,-0.0755,0.55687,0.7804,-0.78,1.11,0.15,-0.27419,-0.0755,0.55687,0.7804,-0.72,1.08,0.09,-0.34166,-0.1668,-0.11533,0.91768,-0.73,1.12,0.13,-0.14978,-0.24333,-0.00355,0.9583,-0.75,1.13,0.16,0.21223,-0.23453,0.05995,0.94676,-0.76,1.12,0.18,0.35907,-0.19675,0.08439,0.90842,-0.77,1.11,0.2,0.35907,-0.19675,0.08439,0.90842,-0.7,1.08,0.1,-0.34166,-0.1668,-0.11533,0.91768,-0.71,1.12,0.14,-0.14648,-0.19583,-0.08249,0.96612,-0.73,1.14,0.17,0.26026,-0.21489,-0.00838,0.94129,-0.74,1.12,0.2,0.46496,-0.20308,-0.02482,0.86137,-0.75,1.1,0.21,0.46496,-0.20308,-0.02482,0.86137,-0.68,1.08,0.1,-0.34166,-0.1668,-0.11533,0.91768,-0.69,1.11,0.14,-0.19666,-0.15227,-0.16175,0.95497,-0.7,1.13,0.18,0.30895,-0.23404,-0.10131,0.91625,-0.71,1.12,0.19,0.56922,-0.27466,-0.05281,0.77315,-0.73,1.1,0.2,0.56922,-0.27466,-0.05281,0.77315,-0.68,1.07,0.11,-0.26322,-0.10553,-0.34654,0.89414,-0.68,1.1,0.15,-0.37811,-0.01995,-0.26862,0.88571,-0.67,1.12,0.17,0.17657,-0.18194,-0.2892,0.92308,-0.68,1.12,0.18,0.47919,-0.31513,-0.2117,0.79136,-0.7,1.1,0.19,0.47919,-0.31513,-0.2117,0.79136,-0.81,1.08,0.19
-0.8,1.44,-0.15,-0.8,1.44,-0.15,-0.85,1.09,0.12,0.33655,-0.05408,-0.14989,-0.92809,-0.86,1.06,0.06,0.33655,-0.05408,-0.14989,-0.92809,-0.82,1.07,0.09,0.4037,-0.1347,0.5462,-0.72149,-0.8,1.09,0.11,0.17889,0.03402,0.48444,-0.85566,-0.8,1.1,0.15,0.06418,0.05183,0.55383,-0.82854,-0.8,1.1,0.17,0.06418,0.05183,0.55383,-0.82854,-0.83,1.08,0.09,0.33655,-0.05408,-0.14989,-0.92809,-0.83,1.12,0.14,-0.04948,-0.10953,-0.06336,-0.99073,-0.82,1.11,0.17,-0.46596,-0.12909,-0.0367,-0.87457,-0.82,1.09,0.18,-0.61458,-0.10562,-0.01786,-0.78155,-0.81,1.07,0.19,-0.61458,-0.10562,-0.01786,-0.78155,-0.85,1.07,0.09,0.33655,-0.05408,-0.14989,-0.92809,-0.85,1.11,0.14,0.0179,-0.09293,-0.13814,-0.98588,-0.85,1.12,0.18,-0.45874,-0.14963,-0.08927,-0.87132,-0.84,1.1,0.19,-0.69111,-0.14657,-0.10947,-0.69921,-0.83,1.07,0.19,-0.69111,-0.14657,-0.10947,-0.69921,-0.87,1.07,0.1,0.33655,-0.05408,-0.14989,-0.92809,-0.87,1.1,0.14,0.10414,-0.0678,-0.2037,-0.97111,-0.87,1.11,0.17,-0.44193,-0.18749,-0.17254,-0.8601,-0.85,1.09,0.19,-0.71867,-0.25227,-0.12504,-0.6358,-0.84,1.07,0.19,-0.71867,-0.25227,-0.12504,-0.6358,-0.87,1.07,0.1,0.27657,0.00547,-0.38349,-0.88115,-0.88,1.09,0.14,0.1885,-0.04918,-0.28786,-0.93765,-0.89,1.1,0.16,-0.37645,-0.20427,-0.28862,-0.85631,-0.87,1.09,0.18,-0.67344,-0.34146,-0.19777,-0.62511,-0.86,1.07,0.18,-0.67344,-0.34146,-0.19777,-0.62511,-0.7,1.1,0.12,-0.34666,-0.16955,-0.11067,0.91588,-0.69,1.06,0.07,-0.34666,-0.16955,-0.11067,0.91588,-0.73,1.07,0.09,-0.47164,-0.20973,0.55519,0.65217,-0.75,1.09,0.11,-0.27768,-0.05552,0.51573,0.8086,-0.76,1.1,0.14,-0.20498,-0.04772,0.59635,0.77464,-0.77,1.11,0.16,-0.20498,-0.04772,0.59635,0.77464,-0.72,1.08,0.09,-0.34666,-0.16955,-0.11067,0.91588,-0.73,1.12,0.13,-0.15062,-0.2216,-0.01142,0.96337,-0.75,1.13,0.16,0.26865,-0.21415,0.05753,0.93737,-0.76,1.12,0.18,0.42764,-0.17505,0.08353,0.88289,-0.76,1.1,0.2,0.42764,-0.17505,0.08353,0.88289,-0.7,1.08,0.1,-0.34666,-0.16955,-0.11067,0.91588,-0.71,1.12,0.14,-0.09192,-0.20251,-0.06425,0.97284,-0.73,1.13,0.17,0.31884,-0.21282,0.01223,0.92352,-0.74,1.11,0.19,0.51423,-0.19311,-0.00508,0.83562,-0.74,1.09,0.2,0.51423,-0.19311,-0.00508,0.83562,-0.68,1.08,0.1,-0.34666,-0.16955,-0.11067,0.91588,-0.69,1.11,0.14,-0.16196,-0.16202,-0.14947,0.96186,-0.7,1.13,0.18,0.34469,-0.23517,-0.0862,0.90469,-0.72,1.11,0.19,0.60031,-0.27023,-0.0389,0.75173,-0.73,1.09,0.2,0.60031,-0.27023,-0.0389,0.75173,-0.68,1.07,0.11,-0.26818,-0.1094,-0.34229,0.89384,-0.68,1.1,0.15,-0.37341,-0.03831,-0.26361,0.8886,-0.67,1.12,0.17,0.22769,-0.20654,-0.26755,0.91319,-0.68,1.11,0.18,0.53177,-0.33157,-0.18226,0.75766,-0.7,1.1,0.19,0.53177,-0.33157,-0.18226,0.75766,-0.81,1.08,0.19
-0.8,1.44,-0.15,-0.8,1.44,-0.15,-0.85,1.09,0.12,0.33371,-0.05579,-0.14975,-0.92903,-0.86,1.06,0.06,0.33371,-0.05579,-0.14975,-0.92903,-0.82,1.07,0.09,0.40545,-0.13639,0.54333,-0.72236,-0.8,1.09,0.11,0.18044,0.03122,0.48207,-0.85678,-0.8,1.1,0.15,0.06831,0.04732,0.55226,-0.82952,-0.8,1.1,0.17,0.06831,0.04732,0.55226,-0.82952,-0.83,1.08,0.09,0.33371,-0.05579,-0.14975,-0.92903,-0.83,1.12,0.14,-0.04424,-0.11085,-0.06359,-0.99081,-0.82,1.11,0.17,-0.45936,-0.13044,-0.03663,-0.87786,-0.82,1.09,0.18,-0.60827,-0.10696,-0.01782,-0.78629,-0.81,1.07,0.19,-0.60827,-0.10696,-0.01782,-0.78629,-0.85,1.07,0.09,0.33371,-0.05579,-0.14975,-0.92903,-0.85,1.11,0.14,0.01597,-0.09409,-0.13771,-0.98586,-0.85,1.12,0.18,-0.45033,-0.14939,-0.09006,-0.87566,-0.84,1.1,0.19,-0.67504,-0.14663,-0.11148,-0.71442,-0.83,1.07,0.2,-0.67504,-0.14663,-0.11148,-0.71442,-0.87,1.07,0.1,0.33371,-0.05579,-0.14975,-0.92903,-0.87,1.1,0.14,0.10128,-0.06785,-0.20388,-0.97138,-0.87,1.11,0.17,-0.43205,-0.18516,-0.17512,-0.86509,-0.85,1.09,0.19,-0.70125,-0.25025,-0.13106,-0.65456,-0.84,1.07,0.19,-0.70125,-0.25025,-0.13106,-0.65456,-0.87,1.07,0.1,0.27346,0.00454,-0.38312,-0.88228,-0.88,1.09,0.14,0.18393,-0.04557,-0.28942,-0.93826,-0.88,1.1,0.17,-0.36984,-0.19846,-0.29386,-0.85876,-0.87,1.09,0.18,-0.65521,-0.33481,-0.21069,-0.64359,-0.86,1.07,0.18,-0.65521,-0.33481,-0.21069,-0.64359,-0.7,1.1,0.12,-0.33453,-0.16009,-0.10344,0.92291,-0.69,1.06,0.07,-0.33453,-0.16009,-0.10344,0.92291,-0.72,1.07,0.1,-0.44864,-0.21706,0.56812,0.65486,-0.75,1.08,0.11,-0.25425,-0.05651,0.53102,0.80634,-0.76,1.09,0.14,-0.17647,-0.04605,0.61002,0.77111,-0.77,1.1,0.16,-0.17647,-0.04605,0.61002,0.77111,-0.71,1.08,0.1,-0.33453,-0.16009,-0.10344,0.92291,-0.73,1.12,0.13,-0.13081,-0.20345,-0.01039,0.97025,-0.74,1.13,0.17,0.30556,-0.19582,0.05418,0.93024,-0.75,1.11,0.19,0.47051,-0.15647,0.07967,0.86475,-0.76,1.09,0.2,0.47051,-0.15647,0.07967,0.86475,-0.7,1.08,0.1,-0.33453,-0.16009,-0.10344,0.92291,-0.71,1.12,0.14,-0.05946,-0.19284,-0.05592,0.97783,-0.72,1.12,0.18,0.35365,-0.2001,0.01647,0.91358,-0.73,1.11,0.2,0.54589,-0.17752,-0.00316,0.81883,-0.74,1.08,0.21,0.54589,-0.17752,-0.00316,0.81883,-0.68,1.08,0.1,-0.33453,-0.16009,-0.10344,0.92291,-0.69,1.11,0.14,-0.14023,-0.15169,-0.14236,0.96802,-0.7,1.12,0.18,0.37601,-0.2227,-0.08358,0.89557,-0.71,1.1,0.19,0.63177,-0.25667,-0.03968,0.73035,-0.72,1.08,0.2,0.63177,-0.25667,-0.03968,0.73035,-0.68,1.07,0.11,-0.25928,-0.09661,-0.33522,0.90059,-0.68,1.1,0.15,-0.36448,-0.0287,-0.25426,0.89537,-0.67,1.12,0.17,0.26779,-0.20069,-0.26108,0.90546,-0.68,1.11,0.18,0.58296,-0.32682,-0.17379,0.72329,-0.7,1.09,0.19,0.58296,-0.32682,-0.17379,0.72329,-0.81,1.08,0.19
-0.8,1.44,-0.15,-0.8,1.44,-0.15,-0.85,1.09,0.11,0.33237,-0.05545,-0.14586,-0.93015,-0.86,1.06,0.06,0.33237,-0.05545,-0.14586,-0.93015,-0.82,1.07,0.09,0.40592,-0.136,0.54394,-0.72171,-0.8,1.09,0.11,0.18037,0.03215,0.48258,-0.85647,-0.8,1.1,0.15,0.06737,0.04883,0.55254,-0.82932,-0.8,1.1,0.17,0.06737,0.04883,0.55254,-0.82932,-0.83,1.08,0.09,0.33237,-0.05545,-0.14586,-0.93015,-0.83,1.12,0.14,-0.03575,-0.10882,-0.06128,-0.99153,-0.82,1.11,0.17,-0.44963,-0.12774,-0.03571,-0.88331,-0.82,1.1,0.19,-0.59871,-0.10415,-0.01783,-0.79397,-0.81,1.07,0.19,-0.59871,-0.10415,-0.01783,-0.79397,-0.85,1.07,0.09,0.33237,-0.05545,-0.14586,-0.93015,-0.85,1.11,0.14,0.01571,-0.09267,-0.134,-0.98651,-0.85,1.12,0.18,-0.44095,-0.14541,-0.08908,-0.88118,-0.84,1.1,0.19,-0.65597,-0.14251,-0.11297,-0.73255,-0.83,1.07,0.2,-0.65597,-0.14251,-0.11297,-0.73255,-0.87,1.07,0.1,0.33237,-0.05545,-0.14586,-0.93015,-0.87,1.1,0.14,0.10034,-0.06524,-0.20087,-0.97228,-0.87,1.11,0.17,-0.41968,-0.17875,-0.17652,-0.87221,-0.85,1.09,0.19,-0.67959,-0.24368,-0.13781,-0.67808,-0.84,1.07,0.19,-0.67959,-0.24368,-0.13781,-0.67808,-0.87,1.07,0.1,0.27277,0.00538,-0.3794,-0.8841,-0.88,1.09,0.14,0.18106,-0.03943,-0.2878,-0.93959,-0.88,1.1,0.17,-0.35994,-0.18817,-0.29813,-0.8638,-0.87,1.09,0.18,-0.63106,-0.32237,-0.2254,-0.6686,-0.86,1.07,0.18,-0.63106,-0.32237,-0.2254,-0.6686,-0.7,1.1,0.12,-0.35295,-0.15191,-0.12395,0.91487,-0.68,1.06,0.07,-0.35295,-0.15191,-0.12395,0.91487,-0.72,1.07,0.1,-0.4505,-0.20096,0.56772,0.65906,-0.75,1.08,0.11,-0.25632,-0.04131,0.52571,0.81007,-0.76,1.09,0.14,-0.16236,-0.02001,0.60344,0.78045,-0.76,1.1,0.16,-0.16236,-0.02001,0.60344,0.78045,-0.71,1.08,0.1,-0.35295,-0.15191,-0.12395,0.91487,-0.72,1.12,0.13,-0.15095,-0.19043,-0.03713,0.96932,-0.74,1.13,0.17,0.31875,-0.19517,0.0314,0.927,-0.74,1.11,0.18,0.50029,-0.15882,0.06103,0.84898,-0.75,1.1,0.19,0.50029,-0.15882,0.06103,0.84898,-0.69,1.07,0.1,-0.35295,-0.15191,-0.12395,0.91487,-0.7,1.12,0.14,-0.04521,-0.1926,-0.07141,0.97763,-0.72,1.12,0.18,0.38826,-0.20598,0.00719,0.8982,-0.73,1.1,0.19,0.59844,-0.18157,-0.00751,0.78028,-0.73,1.08,0.2,0.59844,-0.18157,-0.00751,0.78028,-0.68,1.07,0.1,-0.35295,-0.15191,-0.12395,0.91487,-0.69,1.11,0.14,-0.14794,-0.14895,-0.16365,0.96392,-0.69,1.12,0.18,0.39142,-0.23395,-0.09716,0.88466,-0.71,1.1,0.19,0.66556,-0.27077,-0.04267,0.69419,-0.72,1.08,0.19,0.66556,-0.27077,-0.04267,0.69419,-0.67,1.07,0.11,-0.27607,-0.094,-0.35615,0.88775,-0.67,1.09,0.15,-0.39673,-0.01187,-0.27613,0.87534,-0.66,1.11,0.17,0.2582,-0.21256,-0.28183,0.89929,-0.67,1.11,0.18,0.60178,-0.35205,-0.1744,0.69534,-0.69,1.09,0.18,0.60178,-0.35205,-0.1744,0.69534,-0.81,1.08,0.19
-0.8,1.44,-0.15,-0.8,1.44,-0.15,-0.85,1.09,0.11,0.33339,-0.05693,-0.14543,-0.92977,-0.86,1.06,0.06,0.33339,-0.05693,-0.14543,-0.92977,-0.82,1.07,0.09,0.40881,-0.13594,0.54294,-0.72084,-0.8,1.09,0.11,0.18299,0.03184,0.48157,-0.8565,-0.8,1.1,0.14,0.06505,0.05193,0.55099,-0.83035,-0.8,1.1,0.17,0.06505,0.05193,0.55099,-0.83035,-0.83,1.08,0.09,0.33339,-0.05693,-0.14543,-0.92977,-0.83,1.12,0.13,-0.03034,-0.10984,-0.06082,-0.99162,-0.82,1.11,0.17,-0.44329,-0.12856,-0.03506,-0.88642,-0.82,1.1,0.18,-0.59182,-0.10483,-0.01743,-0.79904,-0.81,1.08,0.19,-0.59182,-0.10483,-0.01743,-0.79904,-0.85,1.07,0.09,0.33339,-0.05693,-0.14543,-0.92977,-0.85,1.11,0.14,0.01824,-0.09399,-0.1331,-0.98647,-0.85,1.12,0.18,-0.43564,-0.1459,-0.08817,-0.88383,-0.84,1.1,0.19,-0.64748,-0.14287,-0.11247,-0.74008,-0.83,1.07,0.2,-0.64748,-0.14287,-0.11247,-0.74008,-0.87,1.07,0.1,0.33339,-0.05693,-0.14543,-0.92977,-0.87,1.1,0.14,0.10204,-0.06597,-0.20049,-0.97213,-0.87,1.11,0.17,-0.41382,-0.17842,-0.17657,-0.87507,-0.85,1.09,0.19,-0.67056,-0.24303,-0.13906,-0.68699,-0.84,1.07,0.19,-0.67056,-0.24303,-0.13906,-0.68699,-0.87,1.07,0.1,0.27351,0.00369,-0.37902,-0.88404,-0.88,1.09,0.14,0.18069,-0.03919,-0.28805,-0.9396,-0.88,1.1,0.16,-0.35519,-0.18644,-0.29932,-0.86573,-0.87,1.09,0.18,-0.62159,-0.31962,-0.22929,-0.67742,-0.86,1.07,0.18,-0.62159,-0.31962,-0.22929,-0.67742,-0.7,1.1,0.12,-0.37068,-0.15617,-0.14081,0.90464,-0.68,1.05,0.07,-0.37068,-0.15617,-0.14081,0.90464,-0.72,1.07,0.09,-0.4645,-0.18267,0.56143,0.66005,-0.74,1.08,0.11,-0.27032,-0.02646,0.51395,0.81369,-0.75,1.1,0.14,-0.16308,0.00368,0.59055,0.79034,-0.76,1.1,0.16,-0.16308,0.00368,0.59055,0.79034,-0.71,1.08,0.09,-0.37068,-0.15617,-0.14081,0.90464,-0.72,1.12,0.13,-0.13128,-0.19776,-0.04389,0.97043,-0.74,1.13,0.16,0.3756,-0.20293,0.0374,0.90352,-0.74,1.11,0.18,0.56529,-0.16373,0.07328,0.80515,-0.75,1.09,0.19,0.56529,-0.16373,0.07328,0.80515,-0.69,1.07,0.1,-0.37068,-0.15617,-0.14081,0.90464,-0.7,1.12,0.13,-0.0497,-0.20271,-0.08304,0.97445,-0.72,1.12,0.17,0.39938,-0.22014,0.00519,0.88995,-0.73,1.11,0.19,0.62308,-0.19391,-0.00347,0.75773,-0.73,1.08,0.19,0.62308,-0.19391,-0.00347,0.75773,-0.68,1.07,0.1,-0.37068,-0.15617,-0.14081,0.90464,-0.68,1.11,0.14,-0.16805,-0.15656,-0.18054,0.95638,-0.69,1.12,0.17,0.37907,-0.25102,-0.10454,0.88451,-0.71,1.11,0.19,0.66243,-0.28947,-0.04079,0.68974,-0.72,1.09,0.19,0.66243,-0.28947,-0.04079,0.68974,-0.67,1.07,0.11,-0.29017,-0.10354,-0.37277,0.87528,-0.67,1.09,0.14,-0.4238,-0.00947,-0.2951,0.85628,-0.66,1.12,0.16,0.23127,-0.22718,-0.29522,0.89875,-0.67,1.11,0.18,0.5855,-0.37274,-0.1749,0.69832,-0.69,1.1,0.18,0.5855,-0.37274,-0.1749,0.69832,-0.81,1.08,0.19
-0.8,1.44,-0.15,-0.8,1.44,-0.15,-0.85,1.09,0.11,0.33454,-0.05941,-0.14731,-0.9289,-0.86,1.06,0.06,0.33454,-0.05941,-0.14731,-0.9289,-0.82,1.07,0.09,0.41252,-0.13648,0.54042,-0.72052,-0.8,1.09,0.11,0.18618,0.03042,0.47922,-0.85718,-0.8,1.1,0.14,0.05697,0.05798,0.54732,-0.83297,-0.8,1.1,0.17,0.05697,0.05798,0.54732,-0.83297,-0.83,1.08,0.09,0.33454,-0.05941,-0.14731,-0.9289,-0.83,1.12,0.13,-0.02627,-0.11247,-0.06214,-0.99136,-0.82,1.12,0.17,-0.43502,-0.13141,-0.03582,-0.89006,-0.82,1.1,0.18,-0.58203,-0.10775,-0.0183,-0.80579,-0.81,1.08,0.19,-0.58203,-0.10775,-0.0183,-0.80579,-0.85,1.07,0.09,0.33454,-0.05941,-0.14731,-0.9289,-0.85,1.11,0.14,0.02218,-0.09645,-0.13448,-0.98596,-0.84,1.12,0.18,-0.42948,-0.14853,-0.08867,-0.88635,-0.84,1.1,0.19,-0.63898,-0.14576,-0.11273,-0.74683,-0.83,1.08,0.2,-0.63898,-0.14576,-0.11273,-0.74683,-0.87,1.07,0.1,0.33454,-0.05941,-0.14731,-0.9289,-0.87,1.1,0.14,0.10578,-0.06747,-0.20247,-0.97122,-0.87,1.11,0.17,-0.40654,-0.18016,-0.17807,-0.87781,-0.85,1.1,0.19,-0.66146,-0.245,-0.14058,-0.69475,-0.84,1.07,0.19,-0.66146,-0.245,-0.14058,-0.69475,-0.87,1.07,0.1,0.27387,0.00089,-0.38078,-0.88318,-0.88,1.09,0.14,0.18039,-0.04098,-0.29009,-0.93895,-0.88,1.1,0.16,-0.35074,-0.18755,-0.30081,-0.86679,-0.87,1.09,0.18,-0.61419,-0.32019,-0.23157,-0.6831,-0.86,1.07,0.18,-0.61419,-0.32019,-0.23157,-0.6831,-0.7,1.1,0.11,-0.38937,-0.16301,-0.14743,0.89447,-0.68,1.05,0.07,-0.38937,-0.16301,-0.14743,0.89447,-0.72,1.07,0.09,-0.4849,-0.16,0.555,0.65669,-0.74,1.08,0.11,-0.2912,-0.00767,0.50094,0.81499,-0.75,1.1,0.14,-0.16751,0.0334,0.57518,0.8,-0.76,1.11,0.16,-0.16751,0.0334,0.57518,0.8,-0.71,1.07,0.09,-0.38937,-0.16301,-0.14743,0.89447,-0.72,1.12,0.13,-0.06445,-0.20896,-0.02594,0.97545,-0.74,1.13,0.16,0.48307,-0.19864,0.06892,0.84996,-0.74,1.1,0.17,0.67106,-0.1503,0.10943,0.71771,-0.75,1.08,0.17,0.67106,-0.1503,0.10943,0.71771,-0.69,1.07,0.1,-0.38937,-0.16301,-0.14743,0.89447,-0.7,1.12,0.13,-0.05949,-0.21294,-0.08379,0.97165,-0.72,1.13,0.17,0.3823,-0.22979,0.00737,0.89498,-0.73,1.11,0.19,0.60524,-0.20413,0.00036,0.76942,-0.74,1.09,0.19,0.60524,-0.20413,0.00036,0.76942,-0.68,1.07,0.1,-0.38937,-0.16301,-0.14743,0.89447,-0.68,1.11,0.14,-0.19681,-0.16624,-0.18656,0.94806,-0.69,1.13,0.17,0.34117,-0.26246,-0.10615,0.89635,-0.71,1.11,0.19,0.6273,-0.30192,-0.03879,0.71683,-0.72,1.09,0.19,0.6273,-0.30192,-0.03879,0.71683,-0.67,1.07,0.11,-0.3061,-0.11558,-0.37957,0.86537,-0.67,1.09,0.14,-0.44818,-0.01547,-0.30444,0.84037,-0.66,1.12,0.16,0.20211,-0.23966,-0.29749,0.90178,-0.67,1.11,0.18,0.55943,-0.38482,-0.17073,0.714,-0.69,1.1,0.18,0.55943,-0.38482,-0.17073,0.714,-0.81,1.08,0.19
-0.8,1.44,-0.15,-0.8,1.44,-0.15,-0.85,1.09,0.11,0.33332,-0.06447,-0.15497,-0.92775,-0.86,1.06,0.06,0.33332,-0.06447,-0.15497,-0.92775,-0.82,1.07,0.09,0.41605,-0.14045,0.53411,-0.72243,-0.8,1.09,0.11,0.18797,0.02478,0.47415,-0.85979,-0.8,1.1,0.14,0.04869,0.05857,0.54169,-0.83712,-0.8,1.1,0.17,0.04869,0.05857,0.54169,-0.83712,-0.83,1.08,0.09,0.33332,-0.06447,-0.15497,-0.92775,-0.83,1.12,0.13,-0.02685,-0.11989,-0.06754,-0.99012,-0.82,1.12,0.17,-0.43166,-0.14023,-0.03822,-0.89025,-0.81,1.1,0.18,-0.57735,-0.11682,-0.01952,-0.80786,-0.81,1.08,0.19,-0.57735,-0.11682,-0.01952,-0.80786,-0.85,1.07,0.09,0.33332,-0.06447,-0.15497,-0.92775,-0.85,1.11,0.14,0.02358,-0.10273,-0.14082,-0.98441,-0.84,1.12,0.18,-0.42685,-0.15694,-0.09156,-0.88588,-0.83,1.1,0.19,-0.63579,-0.15469,-0.11355,-0.74763,-0.83,1.08,0.2,-0.63579,-0.15469,-0.11355,-0.74763,-0.87,1.07,0.1,0.33332,-0.06447,-0.15497,-0.92775,-0.87,1.1,0.14,0.10676,-0.07257,-0.20939,-0.96927,-0.87,1.11,0.17,-0.40368,-0.18787,-0.18152,-0.87681,-0.85,1.1,0.19,-0.65738,-0.25329,-0.14162,-0.69544,-0.84,1.08,0.19,-0.65738,-0.25329,-0.14162,-0.69544,-0.87,1.07,0.1,0.27058,-0.00405,-0.3877,-0.88117,-0.88,1.09,0.14,0.17765,-0.04603,-0.297,-0.93708,-0.88,1.1,0.17,-0.35018,-0.19449,-0.30421,-0.86429,-0.87,1.09,0.18,-0.61171,-0.32748,-0.23273,-0.68147,-0.86,1.07,0.18,-0.61171,-0.32748,-0.23273,-0.68147,-0.7,1.1,0.11,-0.39894,-0.17132,-0.14712,0.88873,-0.68,1.05,0.07,-0.39894,-0.17132,-0.14712,0.88873,-0.72,1.07,0.09,-0.50143,-0.15504,0.54914,0.65037,-0.75,1.08,0.11,-0.30799,-0.00559,0.49379,0.81319,-0.76,1.1,0.13,-0.1777,0.04075,0.56767,0.80281,-0.76,1.11,0.16,-0.1777,0.04075,0.56767,0.80281,-0.71,1.07,0.09,-0.39894,-0.17132,-0.14712,0.88873,-0.72,1.12,0.13,-0.01686,-0.2221,-0.00204,0.97488,-0.74,1.12,0.16,0.55216,-0.19194,0.10269,0.80482,-0.74,1.1,0.17,0.74399,-0.13217,0.14687,0.63831,-0.74,1.08,0.16,0.74399,-0.13217,0.14687,0.63831,-0.7,1.07,0.1,-0.39894,-0.17132,-0.14712,0.88873,-0.7,1.12,0.13,-0.08419,-0.22249,-0.081,0.96791,-0.72,1.13,0.17,0.2369,-0.23732,-0.01687,0.94195,-0.73,1.12,0.19,0.40392,-0.22867,-0.03458,0.88508,-0.74,1.1,0.2,0.40392,-0.22867,-0.03458,0.88508,-0.68,1.07,0.1,-0.39894,-0.17132,-0.14712,0.88873,-0.69,1.11,0.14,-0.24678,-0.17204,-0.18972,0.93462,-0.7,1.13,0.17,0.20096,-0.26007,-0.1284,0.93568,-0.71,1.12,0.19,0.45681,-0.30951,-0.0724,0.83084,-0.72,1.11,0.2,0.45681,-0.30951,-0.0724,0.83084,-0.67,1.07,0.11,-0.3138,-0.12641,-0.37927,0.86122,-0.67,1.1,0.14,-0.46315,-0.02338,-0.30613,0.8314,-0.66,1.12,0.16,0.14301,-0.23467,-0.30233,0.91273,-0.67,1.12,0.18,0.47106,-0.37458,-0.19214,0.77516,-0.69,1.11,0.18,0.47106,-0.37458,-0.19214,0.77516,-0.81,1.08,0.19
