-0.8,1.44,-0.15,-0.8,1.44,-0.15,-0.85,1.09,0.11,0.29356,-0.11129,-0.13833,-0.93931,-0.86,1.06,0.06,0.29356,-0.11129,-0.13833,-0.93931,-0.82,1.07,0.08,0.45205,-0.24195,0.49009,-0.70493,-0.8,1.08,0.1,0.22058,-0.09021,0.46234,-0.85407,-0.78,1.09,0.12,0.10292,-0.06116,0.54629,-0.829,-0.78,1.1,0.15,0.10292,-0.06116,0.54629,-0.829,-0.83,1.08,0.08,0.29356,-0.11129,-0.13833,-0.93931,-0.82,1.11,0.13,-0.0042,-0.19601,-0.02029,-0.98038,-0.81,1.11,0.16,-0.34571,-0.19295,0.02273,-0.91801,-0.8,1.1,0.18,-0.5004,-0.15928,0.04766,-0.84968,-0.79,1.08,0.19,-0.5004,-0.15928,0.04766,-0.84968,-0.85,1.07,0.08,0.29356,-0.11129,-0.13833,-0.93931,-0.84,1.11,0.13,0.16352,-0.09996,-0.14301,-0.97099,-0.84,1.12,0.17,-0.2728,-0.1549,-0.09823,-0.94442,-0.83,1.11,0.19,-0.50043,-0.16505,-0.12283,-0.84098,-0.82,1.09,0.2,-0.50043,-0.16505,-0.12283,-0.84098,-0.86,1.07,0.09,0.29356,-0.11129,-0.13833,-0.93931,-0.86,1.1,0.13,0.24317,-0.05628,-0.20629,-0.94612,-0.86,1.12,0.17,-0.24457,-0.17194,-0.18909,-0.93534,-0.85,1.11,0.19,-0.51225,-0.24368,-0.15298,-0.80921,-0.84,1.09,0.2,-0.51225,-0.24368,-0.15298,-0.80921,-0.87,1.07,0.09,0.22452,-0.03922,-0.36754,-0.90165,-0.88,1.08,0.13,0.22277,-0.03834,-0.27882,-0.93336,-0.88,1.1,0.16,-0.2131,-0.15158,-0.30662,-0.9152,-0.87,1.09,0.18,-0.45769,-0.27797,-0.25662,-0.80461,-0.85,1.08,0.19,-0.45769,-0.27797,-0.25662,-0.80461,-0.7,1.09,0.12,-0.3313,-0.17504,-0.12129,0.91918,-0.68,1.05,0.07,-0.3313,-0.17504,-0.12129,0.91918,-0.72,1.06,0.1,-0.42453,-0.23116,0.58631,0.65006,-0.75,1.07,0.11,-0.26196,-0.08465,0.54895,0.78922,-0.76,1.08,0.14,-0.1868,-0.07154,0.62867,0.75151,-0.77,1.09,0.16,-0.1868,-0.07154,0.62867,0.75151,-0.71,1.07,0.1,-0.3313,-0.17504,-0.12129,0.91918,-0.73,1.11,0.13,0.00871,-0.23881,0.02537,0.9707,-0.74,1.11,0.17,0.37034,-0.21525,0.08597,0.89952,-0.75,1.09,0.18,0.50063,-0.17283,0.11013,0.84105,-0.76,1.07,0.19,0.50063,-0.17283,0.11013,0.84105,-0.7,1.07,0.1,-0.3313,-0.17504,-0.12129,0.91918,-0.71,1.11,0.14,-0.0527,-0.20898,-0.07026,0.97397,-0.72,1.12,0.18,0.40187,-0.21986,0.02073,0.88867,-0.73,1.1,0.19,0.64832,-0.18732,0.01501,0.73781,-0.74,1.07,0.2,0.64832,-0.18732,0.01501,0.73781,-0.68,1.07,0.11,-0.3313,-0.17504,-0.12129,0.91918,-0.69,1.1,0.14,-0.14221,-0.17605,-0.15392,0.96182,-0.7,1.11,0.18,0.43565,-0.2541,-0.06407,0.86112,-0.71,1.09,0.19,0.7375,-0.27405,0.00707,0.61721,-0.72,1.07,0.19,0.7375,-0.27405,0.00707,0.61721,-0.67,1.06,0.11,-0.25061,-0.11126,-0.35101,0.89532,-0.67,1.09,0.15,-0.27204,-0.12833,-0.25578,0.91875,-0.68,1.1,0.17,0.3809,-0.27554,-0.1975,0.86022,-0.69,1.09,0.18,0.73379,-0.37377,-0.0574,0.56441,-0.7,1.08,0.18,0.73379,-0.37377,-0.0574,0.56441,-0.81,1.08,0.19
-0.8,1.45,-0.15,-0.8,1.45,-0.15,-0.85,1.09,0.11,0.28639,-0.08711,-0.17814,-0.93737,-0.86,1.06,0.06,0.28639,-0.08711,-0.17814,-0.93737,-0.82,1.07,0.08,0.44877,-0.2171,0.45808,-0.73595,-0.8,1.09,0.1,0.21741,-0.07885,0.42084,-0.87716,-0.79,1.1,0.13,0.10236,-0.0585,0.50566,-0.85464,-0.78,1.1,0.15,0.10236,-0.0585,0.50566,-0.85464,-0.83,1.08,0.08,0.28639,-0.08711,-0.17814,-0.93737,-0.83,1.11,0.13,-0.01839,-0.1861,-0.06447,-0.98024,-0.81,1.11,0.16,-0.36033,-0.19849,-0.02181,-0.9112,-0.81,1.1,0.18,-0.51514,-0.17227,0.00529,-0.8396,-0.8,1.08,0.19,-0.51514,-0.17227,0.00529,-0.8396,-0.85,1.07,0.09,0.28639,-0.08711,-0.17814,-0.93737,-0.85,1.11,0.13,0.14885,-0.08295,-0.1845,-0.96795,-0.84,1.12,0.17,-0.28574,-0.15747,-0.14276,-0.93444,-0.83,1.11,0.19,-0.51169,-0.17748,-0.16465,-0.82436,-0.82,1.09,0.21,-0.51169,-0.17748,-0.16465,-0.82436,-0.87,1.07,0.09,0.28639,-0.08711,-0.17814,-0.93737,-0.87,1.1,0.13,0.22935,-0.03488,-0.24576,-0.94116,-0.87,1.12,0.17,-0.26093,-0.17368,-0.2326,-0.92068,-0.86,1.1,0.19,-0.52555,-0.25833,-0.19331,-0.78721,-0.84,1.09,0.2,-0.52555,-0.25833,-0.19331,-0.78721,-0.87,1.06,0.09,0.21704,-0.01533,-0.40511,-0.888,-0.88,1.08,0.13,0.21035,-0.01821,-0.3177,-0.92439,-0.88,1.09,0.16,-0.23493,-0.15532,-0.34744,-0.89441,-0.87,1.09,0.18,-0.47996,-0.29586,-0.29245,-0.77238,-0.86,1.08,0.19,-0.47996,-0.29586,-0.29245,-0.77238,-0.7,1.09,0.12,-0.33102,-0.17548,-0.12123,0.9192,-0.68,1.05,0.07,-0.33102,-0.17548,-0.12123,0.9192,-0.72,1.06,0.1,-0.42571,-0.2316,0.58521,0.65013,-0.75,1.07,0.11,-0.26257,-0.08513,0.54801,0.78962,-0.76,1.08,0.14,-0.19332,-0.07677,0.62773,0.75012,-0.77,1.09,0.16,-0.19332,-0.07677,0.62773,0.75012,-0.71,1.07,0.1,-0.33102,-0.17548,-0.12123,0.9192,-0.73,1.11,0.13,0.01018,-0.23974,0.0264,0.97042,-0.75,1.11,0.17,0.36995,-0.21586,0.08686,0.89944,-0.75,1.09,0.18,0.49844,-0.17353,0.11069,0.84213,-0.76,1.07,0.19,0.49844,-0.17353,0.11069,0.84213,-0.7,1.07,0.1,-0.33102,-0.17548,-0.12123,0.9192,-0.71,1.11,0.14,-0.05199,-0.20961,-0.06985,0.9739,-0.72,1.12,0.18,0.40164,-0.22024,0.02117,0.88867,-0.73,1.1,0.19,0.64691,-0.1877,0.01536,0.73895,-0.74,1.07,0.2,0.64691,-0.1877,0.01536,0.73895,-0.68,1.07,0.11,-0.33102,-0.17548,-0.12123,0.9192,-0.69,1.1,0.14,-0.14158,-0.17643,-0.15375,0.96187,-0.7,1.11,0.18,0.4356,-0.25425,-0.06389,0.86112,-0.71,1.09,0.19,0.73639,-0.27422,0.00691,0.61845,-0.72,1.07,0.19,0.73639,-0.27422,0.00691,0.61845,-0.67,1.06,0.11,-0.25027,-0.11162,-0.35091,0.89542,-0.67,1.09,0.15,-0.27069,-0.12908,-0.25558,0.9191,-0.68,1.1,0.17,0.38043,-0.2755,-0.19738,0.86047,-0.69,1.09,0.18,0.73107,-0.37358,-0.05874,0.56791,-0.7,1.08,0.18,0.73107,-0.37358,-0.05874,0.56791,-0.81,1.08,0.19
-0.8,1.45,-0.15,-0.8,1.45,-0.15,-0.85,1.1,0.11,0.30609,-0.06375,-0.19278,-0.9301,-0.86,1.06,0.06,0.30609,-0.06375,-0.19278,-0.9301,-0.82,1.08,0.09,0.45375,-0.18337,0.45462,-0.74418,-0.8,1.1,0.1,0.22913,-0.051,0.40607,-0.88318,-0.79,1.11,0.13,0.11724,-0.03496,0.48927,-0.86351,-0.79,1.11,0.15,0.11724,-0.03496,0.48927,-0.86351,-0.84,1.08,0.09,0.30609,-0.06375,-0.19278,-0.9301,-0.83,1.12,0.13,0.02228,-0.16034,-0.09256,-0.98246,-0.82,1.12,0.17,-0.32529,-0.18528,-0.05639,-0.92557,-0.81,1.11,0.18,-0.48286,-0.16542,-0.03225,-0.85933,-0.81,1.09,0.2,-0.48286,-0.16542,-0.03225,-0.85933,-0.85,1.08,0.09,0.30609,-0.06375,-0.19278,-0.9301,-0.85,1.11,0.13,0.13574,-0.07126,-0.19935,-0.96786,-0.85,1.13,0.17,-0.32315,-0.15761,-0.15693,-0.91984,-0.84,1.11,0.19,-0.55651,-0.18029,-0.17621,-0.79167,-0.83,1.09,0.2,-0.55651,-0.18029,-0.17621,-0.79167,-0.87,1.07,0.09,0.30609,-0.06375,-0.19278,-0.9301,-0.87,1.1,0.14,0.20269,-0.02866,-0.26036,-0.94356,-0.87,1.12,0.17,-0.30216,-0.17894,-0.24584,-0.90346,-0.86,1.11,0.19,-0.56645,-0.2676,-0.20325,-0.75247,-0.85,1.09,0.2,-0.56645,-0.2676,-0.20325,-0.75247,-0.87,1.07,0.09,0.23902,0.00192,-0.42097,-0.87501,-0.88,1.08,0.13,0.20559,-0.01428,-0.33427,-0.91967,-0.89,1.1,0.16,-0.25209,-0.16491,-0.36147,-0.88238,-0.88,1.09,0.18,-0.4962,-0.31028,-0.30216,-0.75247,-0.86,1.08,0.19,-0.4962,-0.31028,-0.30216,-0.75247,-0.7,1.09,0.12,-0.32582,-0.17494,-0.12118,0.92117,-0.68,1.05,0.07,-0.32582,-0.17494,-0.12118,0.92117,-0.72,1.06,0.1,-0.42269,-0.23514,0.58381,0.65208,-0.75,1.07,0.11,-0.25911,-0.08875,0.54745,0.79075,-0.76,1.08,0.14,-0.1926,-0.08272,0.62722,0.75011,-0.77,1.09,0.16,-0.1926,-0.08272,0.62722,0.75011,-0.71,1.07,0.1,-0.32582,-0.17494,-0.12118,0.92117,-0.73,1.11,0.14,-0.01478,-0.23909,0.01651,0.97075,-0.75,1.11,0.17,0.33271,-0.22068,0.07405,0.91385,-0.75,1.09,0.18,0.46156,-0.18071,0.09702,0.86307,-0.76,1.08,0.2,0.46156,-0.18071,0.09702,0.86307,-0.7,1.07,0.1,-0.32582,-0.17494,-0.12118,0.92117,-0.71,1.11,0.14,-0.05183,-0.20793,-0.07168,0.97414,-0.72,1.12,0.18,0.39739,-0.21968,0.01769,0.89079,-0.73,1.1,0.19,0.63897,-0.18887,0.01109,0.7456,-0.74,1.07,0.2,0.63897,-0.18887,0.01109,0.7456,-0.68,1.07,0.11,-0.32582,-0.17494,-0.12118,0.92117,-0.69,1.1,0.15,-0.13874,-0.17385,-0.15484,0.96258,-0.7,1.11,0.18,0.43199,-0.25223,-0.06801,0.86322,-0.71,1.09,0.19,0.72867,-0.27453,0.00063,0.62743,-0.72,1.07,0.19,0.72867,-0.27453,0.00063,0.62743,-0.67,1.06,0.11,-0.24532,-0.10974,-0.35054,0.89716,-0.67,1.09,0.15,-0.26644,-0.12692,-0.25551,0.92066,-0.68,1.1,0.17,0.37842,-0.27214,-0.20041,0.86172,-0.69,1.09,0.18,0.72466,-0.37183,-0.06589,0.57642,-0.7,1.08,0.18,0.72466,-0.37183,-0.06589,0.57642,-0.81,1.08,0.19
-0.8,1.45,-0.15,-0.8,1.45,-0.15,-0.86,1.1,0.11,0.30583,-0.03735,-0.16837,-0.93634,-0.86,1.06,0.06,0.30583,-0.03735,-0.16837,-0.93634,-0.83,1.08,0.09,0.43354,-0.17065,0.47792,-0.74466,-0.8,1.09,0.11,0.21215,-0.03085,0.42555,-0.87918,-0.8,1.1,0.14,0.0966,-0.01316,0.50513,-0.85752,-0.79,1.11,0.16,0.0966,-0.01316,0.50513,-0.85752,-0.84,1.08,0.09,0.30583,-0.03735,-0.16837,-0.93634,-0.84,1.12,0.14,0.05051,-0.10698,-0.094,-0.98852,-0.83,1.12,0.17,-0.29608,-0.13624,-0.07694,-0.94226,-0.82,1.11,0.19,-0.45258,-0.12042,-0.06245,-0.88135,-0.82,1.09,0.2,-0.45258,-0.12042,-0.06245,-0.88135,-0.85,1.08,0.09,0.30583,-0.03735,-0.16837,-0.93634,-0.86,1.11,0.14,0.13823,-0.04034,-0.18005,-0.97306,-0.86,1.13,0.18,-0.32071,-0.12096,-0.15428,-0.92667,-0.85,1.11,0.2,-0.55058,-0.14405,-0.18373,-0.80147,-0.84,1.09,0.21,-0.55058,-0.14405,-0.18373,-0.80147,-0.87,1.07,0.09,0.30583,-0.03735,-0.16837,-0.93634,-0.87,1.1,0.14,0.19921,-0.00305,-0.23819,-0.95056,-0.88,1.12,0.17,-0.30422,-0.14465,-0.24062,-0.91029,-0.87,1.1,0.19,-0.56675,-0.23289,-0.20999,-0.76188,-0.85,1.09,0.2,-0.56675,-0.23289,-0.20999,-0.76188,-0.88,1.07,0.1,0.24755,0.02885,-0.39909,-0.88239,-0.89,1.09,0.13,0.20434,0.00144,-0.31052,-0.92834,-0.89,1.1,0.16,-0.24918,-0.13737,-0.34911,-0.89284,-0.88,1.09,0.18,-0.49047,-0.27835,-0.30097,-0.76901,-0.87,1.08,0.19,-0.49047,-0.27835,-0.30097,-0.76901,-0.7,1.09,0.12,-0.30789,-0.17241,-0.11811,0.92819,-0.68,1.05,0.07,-0.30789,-0.17241,-0.11811,0.92819,-0.72,1.06,0.1,-0.41751,-0.25029,0.57448,0.65804,-0.75,1.07,0.11,-0.25149,-0.10529,0.54177,0.79508,-0.76,1.08,0.14,-0.18569,-0.09971,0.62241,0.75378,-0.77,1.09,0.16,-0.18569,-0.09971,0.62241,0.75378,-0.71,1.07,0.1,-0.30789,-0.17241,-0.11811,0.92819,-0.73,1.11,0.14,-0.10647,-0.23278,-0.01587,0.96655,-0.75,1.12,0.17,0.19789,-0.23028,0.03029,0.95231,-0.76,1.11,0.19,0.32825,-0.19815,0.04972,0.92223,-0.76,1.09,0.21,0.32825,-0.19815,0.04972,0.92223,-0.7,1.07,0.1,-0.30789,-0.17241,-0.11811,0.92819,-0.71,1.11,0.14,-0.06647,-0.19885,-0.07876,0.9746,-0.73,1.12,0.18,0.36795,-0.21509,0.00338,0.90462,-0.74,1.1,0.2,0.60718,-0.19101,-0.0055,0.77124,-0.74,1.08,0.2,0.60718,-0.19101,-0.0055,0.77124,-0.68,1.07,0.11,-0.30789,-0.17241,-0.11811,0.92819,-0.69,1.1,0.15,-0.13754,-0.16217,-0.15727,0.96439,-0.7,1.11,0.18,0.42023,-0.2429,-0.08008,0.87063,-0.71,1.09,0.2,0.71421,-0.27126,-0.01583,0.64504,-0.72,1.07,0.19,0.71421,-0.27126,-0.01583,0.64504,-0.67,1.06,0.11,-0.22878,-0.10255,-0.34656,0.9039,-0.68,1.09,0.15,-0.26041,-0.1152,-0.25334,0.92452,-0.68,1.1,0.18,0.37873,-0.25988,-0.20775,0.86363,-0.69,1.09,0.19,0.72259,-0.36422,-0.07973,0.5821,-0.7,1.07,0.18,0.72259,-0.36422,-0.07973,0.5821,-0.81,1.08,0.19
-0.8,1.45,-0.15,-0.8,1.45,-0.15,-0.85,1.09,0.12,0.2633,-0.04232,-0.11593,-0.95679,-0.86,1.06,0.06,0.2633,-0.04232,-0.11593,-0.95679,-0.82,1.07,0.09,0.40888,-0.21581,0.49203,-0.73766,-0.8,1.08,0.11,0.18637,-0.06772,0.45355,-0.86889,-0.79,1.09,0.14,0.06701,-0.044,0.53446,-0.84138,-0.79,1.09,0.16,0.06701,-0.044,0.53446,-0.84138,-0.84,1.07,0.09,0.2633,-0.04232,-0.11593,-0.95679,-0.83,1.11,0.14,0.02219,-0.07169,-0.06014,-0.99537,-0.83,1.11,0.18,-0.31789,-0.09033,-0.05819,-0.94202,-0.82,1.09,0.2,-0.4701,-0.0715,-0.05138,-0.87821,-0.82,1.08,0.21,-0.4701,-0.0715,-0.05138,-0.87821,-0.85,1.07,0.09,0.2633,-0.04232,-0.11593,-0.95679,-0.85,1.11,0.14,0.13194,-0.02203,-0.13101,-0.98231,-0.85,1.12,0.18,-0.3023,-0.07867,-0.12146,-0.94216,-0.85,1.1,0.2,-0.5061,-0.09254,-0.16404,-0.84166,-0.84,1.08,0.22,-0.5061,-0.09254,-0.16404,-0.84166,-0.87,1.07,0.1,0.2633,-0.04232,-0.11593,-0.95679,-0.87,1.1,0.14,0.19115,0.00807,-0.18424,-0.96408,-0.87,1.11,0.18,-0.2919,-0.10217,-0.20279,-0.9291,-0.87,1.1,0.2,-0.53577,-0.17696,-0.19093,-0.80323,-0.86,1.08,0.21,-0.53577,-0.17696,-0.19093,-0.80323,-0.88,1.06,0.1,0.21234,0.03668,-0.34649,-0.91297,-0.89,1.08,0.14,0.19015,0.00288,-0.25287,-0.94863,-0.89,1.09,0.17,-0.23107,-0.09607,-0.30248,-0.91972,-0.88,1.08,0.18,-0.45079,-0.21616,-0.2755,-0.82107,-0.87,1.07,0.19,-0.45079,-0.21616,-0.2755,-0.82107,-0.7,1.09,0.13,-0.26913,-0.16531,-0.102,0.94331,-0.68,1.05,0.07,-0.26913,-0.16531,-0.102,0.94331,-0.72,1.06,0.1,-0.41205,-0.26965,0.55132,0.67346,-0.75,1.07,0.11,-0.23958,-0.12824,0.52314,0.80776,-0.77,1.08,0.14,-0.17532,-0.12461,0.60554,0.7662,-0.78,1.08,0.16,-0.17532,-0.12461,0.60554,0.7662,-0.71,1.07,0.1,-0.26913,-0.16531,-0.102,0.94331,-0.73,1.1,0.14,-0.1623,-0.20372,-0.03708,0.96477,-0.75,1.11,0.17,0.09198,-0.21025,-0.00988,0.97326,-0.76,1.11,0.2,0.20931,-0.18503,0.0006,0.96019,-0.76,1.1,0.21,0.20931,-0.18503,0.0006,0.96019,-0.7,1.07,0.1,-0.26913,-0.16531,-0.102,0.94331,-0.71,1.1,0.15,-0.09888,-0.16967,-0.08508,0.97683,-0.72,1.11,0.19,0.32398,-0.19175,-0.0182,0.92625,-0.73,1.1,0.21,0.5679,-0.17748,-0.03351,0.80304,-0.74,1.08,0.21,0.5679,-0.17748,-0.03351,0.80304,-0.68,1.07,0.11,-0.26913,-0.16531,-0.102,0.94331,-0.69,1.09,0.15,-0.15297,-0.13294,-0.15324,0.96718,-0.7,1.11,0.19,0.40639,-0.21687,-0.09298,0.88271,-0.71,1.09,0.2,0.70469,-0.25249,-0.03732,0.66202,-0.72,1.07,0.2,0.70469,-0.25249,-0.03732,0.66202,-0.68,1.06,0.11,-0.19471,-0.08522,-0.32878,0.92018,-0.68,1.08,0.15,-0.25895,-0.09145,-0.23755,0.93175,-0.68,1.1,0.18,0.38159,-0.23123,-0.21078,0.86977,-0.69,1.09,0.19,0.72936,-0.34061,-0.09489,0.58567,-0.7,1.07,0.18,0.72936,-0.34061,-0.09489,0.58567,-0.81,1.08,0.19
-0.8,1.45,-0.15,-0.8,1.45,-0.15,-0.85,1.09,0.12,0.26578,-0.05736,-0.11667,-0.95523,-0.86,1.06,0.06,0.26578,-0.05736,-0.11667,-0.95523,-0.82,1.07,0.09,0.43372,-0.22497,0.4727,-0.73337,-0.8,1.09,0.11,0.20697,-0.08267,0.43738,-0.87122,-0.79,1.1,0.14,0.07861,-0.05279,0.52122,-0.84815,-0.78,1.1,0.16,0.07861,-0.05279,0.52122,-0.84815,-0.84,1.08,0.09,0.26578,-0.05736,-0.11667,-0.95523,-0.83,1.11,0.14,0.02331,-0.07004,-0.06533,-0.99513,-0.82,1.11,0.18,-0.32075,-0.09085,-0.06323,-0.94067,-0.82,1.1,0.2,-0.47645,-0.07309,-0.05579,-0.87438,-0.82,1.08,0.21,-0.47645,-0.07309,-0.05579,-0.87438,-0.85,1.07,0.09,0.26578,-0.05736,-0.11667,-0.95523,-0.85,1.11,0.14,0.15431,-0.02564,-0.13373,-0.97859,-0.85,1.12,0.18,-0.25028,-0.07947,-0.12482,-0.9568,-0.85,1.11,0.21,-0.43535,-0.09425,-0.16789,-0.87943,-0.84,1.09,0.22,-0.43535,-0.09425,-0.16789,-0.87943,-0.87,1.07,0.1,0.26578,-0.05736,-0.11667,-0.95523,-0.87,1.1,0.14,0.23258,0.00022,-0.18458,-0.9549,-0.87,1.11,0.18,-0.22569,-0.10551,-0.20076,-0.94743,-0.86,1.1,0.2,-0.45693,-0.17766,-0.18917,-0.8508,-0.85,1.09,0.21,-0.45693,-0.17766,-0.18917,-0.8508,-0.88,1.07,0.1,0.21154,0.02137,-0.34695,-0.91346,-0.88,1.08,0.14,0.23961,-0.0072,-0.24927,-0.93829,-0.89,1.1,0.17,-0.17654,-0.1056,-0.29577,-0.93285,-0.88,1.09,0.18,-0.39706,-0.22269,-0.26499,-0.85002,-0.87,1.08,0.2,-0.39706,-0.22269,-0.26499,-0.85002,-0.71,1.08,0.13,-0.2233,-0.15919,-0.06761,0.95928,-0.69,1.06,0.07,-0.2233,-0.15919,-0.06761,0.95928,-0.73,1.06,0.1,-0.41231,-0.27848,0.5219,0.69287,-0.75,1.07,0.11,-0.24107,-0.14804,0.49328,0.82258,-0.77,1.08,0.14,-0.18353,-0.14963,0.57778,0.78108,-0.78,1.08,0.16,-0.18353,-0.14963,0.57778,0.78108,-0.72,1.06,0.1,-0.2233,-0.15919,-0.06761,0.95928,-0.73,1.09,0.15,-0.09971,-0.18055,-0.00689,0.97847,-0.75,1.1,0.18,0.1568,-0.17855,0.01341,0.97126,-0.76,1.09,0.2,0.27076,-0.1498,0.0213,0.95068,-0.76,1.08,0.22,0.27076,-0.1498,0.0213,0.95068,-0.7,1.06,0.1,-0.2233,-0.15919,-0.06761,0.95928,-0.71,1.1,0.15,-0.1146,-0.13947,-0.06644,0.98133,-0.72,1.11,0.19,0.31028,-0.1567,-0.01423,0.93753,-0.73,1.09,0.21,0.5539,-0.14379,-0.03962,0.81912,-0.74,1.07,0.22,0.5539,-0.14379,-0.03962,0.81912,-0.68,1.07,0.11,-0.2233,-0.15919,-0.06761,0.95928,-0.69,1.09,0.16,-0.1836,-0.10525,-0.12857,0.96886,-0.7,1.1,0.19,0.3941,-0.18265,-0.08481,0.89674,-0.71,1.09,0.21,0.69814,-0.21836,-0.04224,0.68055,-0.72,1.06,0.21,0.69814,-0.21836,-0.04224,0.68055,-0.68,1.06,0.11,-0.15615,-0.06695,-0.29248,0.94106,-0.68,1.08,0.15,-0.26252,-0.07104,-0.20165,0.94094,-0.68,1.09,0.18,0.37949,-0.19275,-0.19657,0.88329,-0.69,1.08,0.19,0.73673,-0.30078,-0.09888,0.59748,-0.7,1.06,0.19,0.73673,-0.30078,-0.09888,0.59748,-0.81,1.08,0.19
-0.8,1.45,-0.15,-0.8,1.45,-0.15,-0.85,1.09,0.11,0.29552,-0.06104,-0.13039,-0.94442,-0.86,1.06,0.06,0.29552,-0.06104,-0.13039,-0.94442,-0.82,1.08,0.09,0.46143,-0.20204,0.46648,-0.72709,-0.8,1.09,0.1,0.23344,-0.06338,0.42468,-0.87243,-0.79,1.1,0.13,0.09587,-0.02878,0.50727,-0.85596,-0.79,1.11,0.16,0.09587,-0.02878,0.50727,-0.85596,-0.84,1.08,0.09,0.29552,-0.06104,-0.13039,-0.94442,-0.83,1.11,0.14,0.03253,-0.0683,-0.08125,-0.99382,-0.83,1.12,0.17,-0.35195,-0.09824,-0.07447,-0.92786,-0.82,1.1,0.19,-0.52162,-0.08344,-0.06278,-0.84677,-0.82,1.08,0.2,-0.52162,-0.08344,-0.06278,-0.84677,-0.85,1.07,0.09,0.29552,-0.06104,-0.13039,-0.94442,-0.85,1.11,0.14,0.16676,-0.03331,-0.148,-0.97426,-0.85,1.13,0.18,-0.23573,-0.09216,-0.13491,-0.95799,-0.85,1.12,0.2,-0.41696,-0.10878,-0.17538,-0.88519,-0.84,1.1,0.22,-0.41696,-0.10878,-0.17538,-0.88519,-0.87,1.07,0.09,0.29552,-0.06104,-0.13039,-0.94442,-0.87,1.1,0.14,0.25983,-0.01045,-0.19881,-0.94491,-0.87,1.12,0.17,-0.19287,-0.12156,-0.20825,-0.95113,-0.86,1.11,0.2,-0.41937,-0.19449,-0.19239,-0.86562,-0.85,1.1,0.21,-0.41937,-0.19449,-0.19239,-0.86562,-0.88,1.07,0.1,0.23785,0.00988,-0.36211,-0.90123,-0.88,1.09,0.14,0.27916,-0.02118,-0.26187,-0.9236,-0.89,1.1,0.16,-0.13842,-0.12746,-0.30103,-0.93487,-0.88,1.1,0.18,-0.35907,-0.24476,-0.26296,-0.8614,-0.87,1.09,0.2,-0.35907,-0.24476,-0.26296,-0.8614,-0.71,1.08,0.13,-0.2018,-0.15588,-0.04552,0.96587,-0.69,1.06,0.07,-0.2018,-0.15588,-0.04552,0.96587,-0.73,1.06,0.1,-0.41555,-0.27681,0.50544,0.70372,-0.75,1.07,0.11,-0.26068,-0.16175,0.47081,0.82717,-0.77,1.08,0.14,-0.22724,-0.17791,0.5547,0.78039,-0.78,1.08,0.16,-0.22724,-0.17791,0.5547,0.78039,-0.72,1.06,0.1,-0.2018,-0.15588,-0.04552,0.96587,-0.74,1.09,0.15,-0.01579,-0.17211,0.02648,0.9846,-0.75,1.09,0.19,0.28205,-0.15761,0.05063,0.94501,-0.75,1.08,0.2,0.41233,-0.12197,0.06265,0.90065,-0.76,1.06,0.22,0.41233,-0.12197,0.06265,0.90065,-0.7,1.07,0.1,-0.2018,-0.15588,-0.04552,0.96587,-0.72,1.09,0.16,-0.11142,-0.12705,-0.04827,0.98444,-0.73,1.1,0.19,0.33478,-0.13778,-4e-05,0.93217,-0.73,1.09,0.21,0.57739,-0.12007,-0.03067,0.80701,-0.74,1.06,0.22,0.57739,-0.12007,-0.03067,0.80701,-0.68,1.07,0.11,-0.2018,-0.15588,-0.04552,0.96587,-0.7,1.09,0.16,-0.19968,-0.09469,-0.1096,0.9691,-0.7,1.1,0.19,0.39547,-0.165,-0.07247,0.90062,-0.71,1.08,0.21,0.69922,-0.19754,-0.03774,0.68604,-0.72,1.06,0.21,0.69922,-0.19754,-0.03774,0.68604,-0.68,1.06,0.11,-0.13901,-0.05796,-0.2695,0.95115,-0.68,1.08,0.16,-0.27069,-0.06279,-0.17845,0.9439,-0.68,1.09,0.18,0.36416,-0.17087,-0.18518,0.8966,-0.69,1.08,0.19,0.72597,-0.27627,-0.0998,0.62184,-0.7,1.06,0.19,0.72597,-0.27627,-0.0998,0.62184,-0.81,1.08,0.19
-0.8,1.45,-0.15,-0.8,1.45,-0.15,-0.85,1.1,0.11,0.35526,-0.06981,-0.12952,-0.92311,-0.86,1.06,0.06,0.35526,-0.06981,-0.12952,-0.92311,-0.82,1.08,0.09,0.4889,-0.16086,0.49627,-0.69916,-0.8,1.1,0.1,0.26794,-0.0166,0.4426,-0.85559,-0.79,1.11,0.13,0.12675,0.02388,0.51883,-0.84509,-0.79,1.12,0.15,0.12675,0.02388,0.51883,-0.84509,-0.84,1.08,0.09,0.35526,-0.06981,-0.12952,-0.92311,-0.83,1.12,0.13,0.08141,-0.07342,-0.0799,-0.99076,-0.83,1.13,0.17,-0.34777,-0.10682,-0.06622,-0.92912,-0.82,1.12,0.18,-0.5318,-0.09143,-0.05138,-0.84035,-0.82,1.1,0.19,-0.5318,-0.09143,-0.05138,-0.84035,-0.85,1.08,0.09,0.35526,-0.06981,-0.12952,-0.92311,-0.85,1.12,0.13,0.16095,-0.05922,-0.142,-0.9749,-0.85,1.14,0.17,-0.25584,-0.1152,-0.11743,-0.95262,-0.84,1.12,0.19,-0.43849,-0.12693,-0.15365,-0.87636,-0.83,1.11,0.21,-0.43849,-0.12693,-0.15365,-0.87636,-0.87,1.08,0.09,0.35526,-0.06981,-0.12952,-0.92311,-0.87,1.11,0.13,0.25542,-0.04432,-0.19542,-0.94584,-0.87,1.13,0.16,-0.20256,-0.15081,-0.1895,-0.94885,-0.86,1.12,0.19,-0.42624,-0.21745,-0.16772,-0.86192,-0.85,1.11,0.2,-0.42624,-0.21745,-0.16772,-0.86192,-0.88,1.07,0.1,0.29438,-0.01395,-0.36508,-0.8831,-0.89,1.1,0.13,0.31521,-0.05556,-0.26013,-0.91098,-0.89,1.11,0.16,-0.10298,-0.16078,-0.28505,-0.9393,-0.88,1.11,0.17,-0.31373,-0.2697,-0.24068,-0.87802,-0.87,1.1,0.19,-0.31373,-0.2697,-0.24068,-0.87802,-0.71,1.08,0.13,-0.21919,-0.16741,-0.06665,0.9589,-0.69,1.06,0.07,-0.21919,-0.16741,-0.06665,0.9589,-0.73,1.06,0.1,-0.44112,-0.26615,0.48769,0.70479,-0.75,1.07,0.11,-0.29446,-0.16236,0.4475,0.82866,-0.77,1.09,0.14,-0.2934,-0.19629,0.52886,0.77181,-0.79,1.09,0.15,-0.2934,-0.19629,0.52886,0.77181,-0.72,1.07,0.1,-0.21919,-0.16741,-0.06665,0.9589,-0.74,1.1,0.15,-0.03219,-0.20664,0.0169,0.97774,-0.75,1.1,0.18,0.32398,-0.19022,0.06414,0.92452,-0.76,1.08,0.2,0.48805,-0.14891,0.08912,0.85539,-0.76,1.07,0.21,0.48805,-0.14891,0.08912,0.85539,-0.7,1.07,0.1,-0.21919,-0.16741,-0.06665,0.9589,-0.72,1.1,0.15,-0.1195,-0.14385,-0.06676,0.98009,-0.73,1.11,0.19,0.34493,-0.16124,-0.00591,0.92466,-0.74,1.09,0.21,0.59612,-0.1431,-0.02896,0.78951,-0.74,1.07,0.22,0.59612,-0.1431,-0.02896,0.78951,-0.68,1.07,0.11,-0.21919,-0.16741,-0.06665,0.9589,-0.7,1.09,0.15,-0.20315,-0.10817,-0.13039,0.96438,-0.7,1.11,0.19,0.3883,-0.18788,-0.08181,0.89846,-0.71,1.09,0.21,0.68975,-0.22237,-0.03832,0.68798,-0.72,1.07,0.21,0.68975,-0.22237,-0.03832,0.68798,-0.68,1.07,0.11,-0.15061,-0.07408,-0.29074,0.94196,-0.68,1.08,0.15,-0.28101,-0.06291,-0.2019,0.93612,-0.68,1.1,0.18,0.34179,-0.18408,-0.20467,0.89856,-0.69,1.09,0.19,0.69774,-0.29594,-0.11352,0.64241,-0.7,1.07,0.19,0.69774,-0.29594,-0.11352,0.64241,-0.81,1.08,0.19
-0.8,1.45,-0.15,-0.8,1.45,-0.15,-0.85,1.1,0.11,0.35475,-0.06632,-0.11033,-0.92606,-0.86,1.06,0.06,0.35475,-0.06632,-0.11033,-0.92606,-0.82,1.08,0.09,0.47327,-0.16125,0.52042,-0.69223,-0.8,1.09,0.1,0.25223,-0.0067,0.46723,-0.84737,-0.79,1.11,0.13,0.11255,0.03483,0.54062,-0.83298,-0.79,1.11,0.16,0.11255,0.03483,0.54062,-0.83298,-0.84,1.08,0.09,0.35475,-0.06632,-0.11033,-0.92606,-0.83,1.12,0.13,0.09106,-0.06502,-0.06272,-0.99174,-0.83,1.13,0.17,-0.34883,-0.09273,-0.05324,-0.93107,-0.82,1.11,0.18,-0.53956,-0.07538,-0.04078,-0.83758,-0.82,1.1,0.19,-0.53956,-0.07538,-0.04078,-0.83758,-0.85,1.08,0.09,0.35475,-0.06632,-0.11033,-0.92606,-0.85,1.12,0.13,0.15387,-0.05609,-0.12161,-0.97897,-0.85,1.14,0.17,-0.28099,-0.10562,-0.09835,-0.9488,-0.84,1.12,0.19,-0.47017,-0.11319,-0.13649,-0.86458,-0.84,1.1,0.21,-0.47017,-0.11319,-0.13649,-0.86458,-0.87,1.08,0.09,0.35475,-0.06632,-0.11033,-0.92606,-0.87,1.11,0.13,0.22509,-0.04597,-0.17455,-0.95747,-0.87,1.13,0.17,-0.24047,-0.14259,-0.17038,-0.94489,-0.86,1.12,0.19,-0.46638,-0.2046,-0.15164,-0.84713,-0.85,1.1,0.2,-0.46638,-0.2046,-0.15164,-0.84713,-0.88,1.07,0.09,0.29724,-0.0097,-0.34711,-0.88942,-0.89,1.1,0.13,0.28107,-0.06082,-0.24118,-0.9269,-0.89,1.11,0.16,-0.13746,-0.15403,-0.26642,-0.94149,-0.88,1.11,0.18,-0.34345,-0.25759,-0.22716,-0.87412,-0.87,1.1,0.19,-0.34345,-0.25759,-0.22716,-0.87412,-0.71,1.09,0.12,-0.23615,-0.19951,-0.09281,0.94648,-0.69,1.06,0.07,-0.23615,-0.19951,-0.09281,0.94648,-0.73,1.07,0.09,-0.46966,-0.27851,0.46935,0.69395,-0.75,1.08,0.1,-0.3187,-0.17884,0.43255,0.82423,-0.77,1.09,0.13,-0.31525,-0.20736,0.51565,0.76923,-0.79,1.1,0.14,-0.31525,-0.20736,0.51565,0.76923,-0.72,1.07,0.09,-0.23615,-0.19951,-0.09281,0.94648,-0.74,1.1,0.14,-0.05308,-0.26718,0.00953,0.96214,-0.76,1.11,0.17,0.30871,-0.24918,0.08156,0.91431,-0.77,1.09,0.19,0.48055,-0.20307,0.11907,0.84478,-0.77,1.07,0.2,0.48055,-0.20307,0.11907,0.84478,-0.7,1.07,0.1,-0.23615,-0.19951,-0.09281,0.94648,-0.72,1.1,0.15,-0.13152,-0.18114,-0.08854,0.97059,-0.73,1.12,0.18,0.33687,-0.20455,-0.00659,0.91904,-0.74,1.1,0.2,0.59857,-0.18485,-0.01604,0.77929,-0.75,1.08,0.21,0.59857,-0.18485,-0.01604,0.77929,-0.69,1.07,0.11,-0.23615,-0.19951,-0.09281,0.94648,-0.7,1.1,0.15,-0.1968,-0.1408,-0.15482,0.95785,-0.71,1.11,0.18,0.38658,-0.22785,-0.08391,0.88972,-0.72,1.09,0.2,0.68722,-0.26007,-0.02507,0.67783,-0.73,1.07,0.2,0.68722,-0.26007,-0.02507,0.67783,-0.68,1.07,0.11,-0.15694,-0.11089,-0.31529,0.92934,-0.68,1.08,0.15,-0.27382,-0.07764,-0.23184,0.93019,-0.68,1.1,0.18,0.33308,-0.21033,-0.22158,0.89203,-0.7,1.09,0.19,0.68033,-0.32587,-0.11919,0.64556,-0.71,1.07,0.19,0.68033,-0.32587,-0.11919,0.64556,-0.81,1.08,0.19
-0.8,1.45,-0.15,-0.8,1.45,-0.15,-0.85,1.1,0.11,0.3149,-0.06706,-0.13234,-0.93746,-0.86,1.06,0.06,0.3149,-0.06706,-0.13234,-0.93746,-0.82,1.08,0.09,0.44746,-0.18569,0.50122,-0.71699,-0.8,1.09,0.1,0.21607,-0.03173,0.45554,-0.86301,-0.79,1.1,0.13,0.08794,-0.00167,0.53284,-0.84164,-0.79,1.11,0.16,0.08794,-0.00167,0.53284,-0.84164,-0.84,1.08,0.09,0.3149,-0.06706,-0.13234,-0.93746,-0.83,1.12,0.13,0.06598,-0.0731,-0.08337,-0.99164,-0.83,1.12,0.17,-0.36855,-0.1081,-0.06881,-0.92073,-0.82,1.11,0.19,-0.5565,-0.0935,-0.05226,-0.82392,-0.82,1.09,0.2,-0.5565,-0.0935,-0.05226,-0.82392,-0.85,1.08,0.09,0.3149,-0.06706,-0.13234,-0.93746,-0.85,1.12,0.13,0.11392,-0.06173,-0.14082,-0.98152,-0.85,1.13,0.18,-0.32199,-0.11889,-0.11289,-0.93244,-0.84,1.11,0.2,-0.51117,-0.12678,-0.14719,-0.83724,-0.83,1.09,0.21,-0.51117,-0.12678,-0.14719,-0.83724,-0.87,1.07,0.09,0.3149,-0.06706,-0.13234,-0.93746,-0.87,1.11,0.14,0.16995,-0.04866,-0.19399,-0.96494,-0.87,1.12,0.17,-0.29129,-0.15146,-0.18759,-0.92575,-0.86,1.11,0.19,-0.51247,-0.21642,-0.16687,-0.81406,-0.85,1.09,0.2,-0.51247,-0.21642,-0.16687,-0.81406,-0.88,1.07,0.1,0.25521,-0.00097,-0.36516,-0.89528,-0.88,1.09,0.13,0.2034,-0.06497,-0.26219,-0.9411,-0.88,1.1,0.16,-0.2059,-0.15803,-0.28414,-0.92298,-0.88,1.1,0.18,-0.39633,-0.26266,-0.24888,-0.84379,-0.86,1.09,0.19,-0.39633,-0.26266,-0.24888,-0.84379,-0.71,1.09,0.12,-0.22493,-0.19113,-0.07843,0.95222,-0.69,1.06,0.07,-0.22493,-0.19113,-0.07843,0.95222,-0.73,1.06,0.09,-0.44532,-0.28633,0.49229,0.69091,-0.75,1.08,0.11,-0.29111,-0.17699,0.45945,0.82026,-0.77,1.09,0.13,-0.28269,-0.20572,0.54102,0.7649,-0.79,1.09,0.15,-0.28269,-0.20572,0.54102,0.7649,-0.72,1.07,0.09,-0.22493,-0.19113,-0.07843,0.95222,-0.74,1.1,0.14,-0.02762,-0.27947,0.03541,0.9591,-0.76,1.1,0.17,0.32984,-0.25073,0.10963,0.90351,-0.77,1.09,0.19,0.50192,-0.19854,0.14843,0.82863,-0.77,1.07,0.2,0.50192,-0.19854,0.14843,0.82863,-0.7,1.07,0.1,-0.22493,-0.19113,-0.07843,0.95222,-0.72,1.1,0.15,-0.11888,-0.17475,-0.07344,0.97465,-0.73,1.11,0.19,0.35421,-0.19169,0.00464,0.9153,-0.74,1.1,0.2,0.62616,-0.16724,-0.0074,0.76152,-0.75,1.07,0.21,0.62616,-0.16724,-0.0074,0.76152,-0.68,1.07,0.11,-0.22493,-0.19113,-0.07843,0.95222,-0.7,1.09,0.15,-0.18405,-0.12826,-0.14038,0.96435,-0.71,1.11,0.18,0.39253,-0.20828,-0.08135,0.89215,-0.72,1.09,0.2,0.69909,-0.24067,-0.02849,0.67271,-0.73,1.07,0.2,0.69909,-0.24067,-0.02849,0.67271,-0.68,1.07,0.11,-0.14973,-0.09939,-0.30114,0.93649,-0.68,1.08,0.15,-0.25344,-0.0565,-0.21645,0.94113,-0.68,1.1,0.18,0.33755,-0.17866,-0.22478,0.89644,-0.69,1.09,0.19,0.68606,-0.29904,-0.13621,0.64911,-0.7,1.07,0.19,0.68606,-0.29904,-0.13621,0.64911,-0.81,1.08,0.19
-0.8,1.45,-0.15,-0.8,1.45,-0.15,-0.85,1.09,0.11,0.30124,-0.06567,-0.1619,-0.93741,-0.86,1.06,0.06,0.30124,-0.06567,-0.1619,-0.93741,-0.82,1.08,0.09,0.44595,-0.19093,0.47493,-0.73425,-0.8,1.09,0.1,0.21344,-0.04655,0.43016,-0.87592,-0.79,1.1,0.13,0.09714,-0.0267,0.51107,-0.85361,-0.79,1.11,0.16,0.09714,-0.0267,0.51107,-0.85361,-0.84,1.08,0.09,0.30124,-0.06567,-0.1619,-0.93741,-0.83,1.12,0.13,0.05705,-0.08004,-0.11215,-0.98882,-0.83,1.12,0.17,-0.36651,-0.12558,-0.09302,-0.9172,-0.82,1.11,0.19,-0.5491,-0.11521,-0.07312,-0.82454,-0.81,1.09,0.19,-0.5491,-0.11521,-0.07312,-0.82454,-0.85,1.07,0.09,0.30124,-0.06567,-0.1619,-0.93741,-0.85,1.11,0.13,0.10181,-0.06604,-0.16953,-0.97802,-0.85,1.12,0.18,-0.33036,-0.13486,-0.13704,-0.92407,-0.84,1.11,0.2,-0.51674,-0.14648,-0.1672,-0.82678,-0.83,1.09,0.21,-0.51674,-0.14648,-0.1672,-0.82678,-0.87,1.07,0.09,0.30124,-0.06567,-0.1619,-0.93741,-0.87,1.1,0.14,0.15095,-0.05076,-0.22262,-0.96181,-0.87,1.11,0.17,-0.30216,-0.16467,-0.21283,-0.91449,-0.86,1.1,0.19,-0.51812,-0.23479,-0.18839,-0.80058,-0.84,1.08,0.2,-0.51812,-0.23479,-0.18839,-0.80058,-0.88,1.07,0.09,0.23813,0.00265,-0.39187,-0.88866,-0.88,1.09,0.13,0.16852,-0.06634,-0.29176,-0.93919,-0.88,1.1,0.16,-0.23196,-0.16693,-0.31041,-0.90663,-0.87,1.09,0.18,-0.4094,-0.27432,-0.27575,-0.82529,-0.86,1.08,0.19,-0.4094,-0.27432,-0.27575,-0.82529,-0.71,1.09,0.12,-0.23063,-0.16845,-0.08841,0.95426,-0.68,1.06,0.07,-0.23063,-0.16845,-0.08841,0.95426,-0.73,1.07,0.09,-0.43825,-0.2646,0.49392,0.70283,-0.75,1.08,0.11,-0.28019,-0.15233,0.45677,0.83045,-0.77,1.09,0.14,-0.2668,-0.18058,0.5392,0.77812,-0.78,1.1,0.15,-0.2668,-0.18058,0.5392,0.77812,-0.72,1.07,0.1,-0.23063,-0.16845,-0.08841,0.95426,-0.73,1.1,0.14,-0.02993,-0.27107,0.02769,0.9617,-0.75,1.1,0.17,0.32093,-0.24657,0.09728,0.90925,-0.76,1.09,0.19,0.49395,-0.19699,0.13507,0.83604,-0.77,1.07,0.2,0.49395,-0.19699,0.13507,0.83604,-0.7,1.07,0.1,-0.23063,-0.16845,-0.08841,0.95426,-0.71,1.1,0.15,-0.12222,-0.15907,-0.08378,0.97608,-0.73,1.12,0.19,0.35219,-0.18274,-0.01176,0.91784,-0.73,1.1,0.21,0.63298,-0.16344,-0.02483,0.75631,-0.74,1.07,0.21,0.63298,-0.16344,-0.02483,0.75631,-0.68,1.07,0.11,-0.23063,-0.16845,-0.08841,0.95426,-0.69,1.1,0.15,-0.18933,-0.10737,-0.15109,0.96426,-0.7,1.11,0.19,0.38192,-0.19672,-0.10286,0.89714,-0.71,1.09,0.2,0.69768,-0.23834,-0.05055,0.6737,-0.72,1.07,0.2,0.69768,-0.23834,-0.05055,0.6737,-0.68,1.07,0.11,-0.15851,-0.07851,-0.31243,0.93333,-0.68,1.08,0.15,-0.25451,-0.03339,-0.22595,0.93971,-0.68,1.1,0.18,0.32452,-0.16287,-0.24694,0.89843,-0.69,1.09,0.19,0.67892,-0.29555,-0.16062,0.65262,-0.7,1.07,0.19,0.67892,-0.29555,-0.16062,0.65262,-0.81,1.08,0.19
-0.8,1.45,-0.15,-0.8,1.45,-0.15,-0.85,1.1,0.11,0.33331,-0.06712,-0.15742,-0.92716,-0.86,1.06,0.06,0.33331,-0.06712,-0.15742,-0.92716,-0.82,1.08,0.08,0.46722,-0.17618,0.48491,-0.718,-0.8,1.09,0.1,0.24676,-0.03548,0.435,-0.86523,-0.79,1.11,0.13,0.13001,-0.01194,0.51549,-0.84689,-0.79,1.11,0.15,0.13001,-0.01194,0.51549,-0.84689,-0.84,1.08,0.08,0.33331,-0.06712,-0.15742,-0.92716,-0.83,1.12,0.13,0.08436,-0.08642,-0.1036,-0.98726,-0.83,1.13,0.16,-0.34021,-0.12836,-0.08257,-0.92788,-0.82,1.11,0.18,-0.52137,-0.11567,-0.06373,-0.84305,-0.81,1.09,0.19,-0.52137,-0.11567,-0.06373,-0.84305,-0.85,1.08,0.09,0.33331,-0.06712,-0.15742,-0.92716,-0.85,1.12,0.13,0.14456,-0.06683,-0.16606,-0.97317,-0.85,1.13,0.17,-0.29692,-0.13564,-0.13244,-0.93589,-0.84,1.12,0.19,-0.4891,-0.14884,-0.16281,-0.84387,-0.83,1.1,0.2,-0.4891,-0.14884,-0.16281,-0.84387,-0.87,1.07,0.09,0.33331,-0.06712,-0.15742,-0.92716,-0.87,1.11,0.13,0.1886,-0.05207,-0.21997,-0.95568,-0.87,1.12,0.17,-0.26908,-0.16679,-0.20866,-0.92533,-0.86,1.11,0.19,-0.49077,-0.23696,-0.18266,-0.81831,-0.85,1.09,0.2,-0.49077,-0.23696,-0.18266,-0.81831,-0.88,1.07,0.09,0.26969,-0.00675,-0.38989,-0.88046,-0.88,1.09,0.13,0.19656,-0.06769,-0.28987,-0.93422,-0.88,1.1,0.16,-0.20571,-0.16993,-0.30826,-0.91312,-0.87,1.1,0.18,-0.38549,-0.27709,-0.27169,-0.83714,-0.86,1.09,0.19,-0.38549,-0.27709,-0.27169,-0.83714,-0.7,1.09,0.13,-0.24304,-0.13401,-0.1141,0.95391,-0.68,1.06,0.07,-0.24304,-0.13401,-0.1141,0.95391,-0.72,1.07,0.1,-0.43627,-0.22993,0.48232,0.724,-0.75,1.08,0.11,-0.27515,-0.11938,0.43667,0.84815,-0.76,1.1,0.14,-0.26073,-0.14945,0.52045,0.79926,-0.78,1.1,0.16,-0.26073,-0.14945,0.52045,0.79926,-0.71,1.08,0.1,-0.24304,-0.13401,-0.1141,0.95391,-0.73,1.11,0.15,-0.12694,-0.23994,-0.02807,0.96204,-0.74,1.12,0.18,0.17287,-0.24142,0.01988,0.95469,-0.76,1.11,0.2,0.3468,-0.20917,0.05095,0.9129,-0.76,1.09,0.21,0.3468,-0.20917,0.05095,0.9129,-0.7,1.07,0.1,-0.24304,-0.13401,-0.1141,0.95391,-0.71,1.11,0.15,-0.13312,-0.13186,-0.11179,0.97591,-0.72,1.12,0.19,0.32474,-0.17107,-0.05243,0.92873,-0.73,1.1,0.21,0.60928,-0.16719,-0.06738,0.77219,-0.73,1.08,0.21,0.60928,-0.16719,-0.06738,0.77219,-0.68,1.07,0.11,-0.24304,-0.13401,-0.1141,0.95391,-0.69,1.1,0.15,-0.19011,-0.08024,-0.17664,0.9624,-0.69,1.11,0.19,0.37061,-0.18727,-0.14056,0.89879,-0.7,1.1,0.2,0.69348,-0.24471,-0.08676,0.67206,-0.71,1.08,0.2,0.69348,-0.24471,-0.08676,0.67206,-0.67,1.07,0.11,-0.17405,-0.04826,-0.3396,0.92306,-0.67,1.08,0.15,-0.25578,-0.00781,-0.25105,0.93353,-0.67,1.1,0.18,0.31972,-0.15655,-0.28131,0.89114,-0.68,1.09,0.19,0.68354,-0.30819,-0.18821,0.63432,-0.69,1.07,0.19,0.68354,-0.30819,-0.18821,0.63432,-0.81,1.08,0.19
-0.8,1.44,-0.15,-0.8,1.44,-0.15,-0.85,1.1,0.1,0.37341,-0.07983,-0.14789,-0.91232,-0.86,1.06,0.06,0.37341,-0.07983,-0.14789,-0.91232,-0.82,1.08,0.08,0.50024,-0.16608,0.49576,-0.69022,-0.8,1.1,0.09,0.28664,-0.02613,0.44333,-0.84889,-0.79,1.11,0.12,0.16653,0.0044,0.52314,-0.83581,-0.78,1.12,0.14,0.16653,0.0044,0.52314,-0.83581,-0.83,1.08,0.08,0.37341,-0.07983,-0.14789,-0.91232,-0.83,1.13,0.12,0.10969,-0.1041,-0.0842,-0.98491,-0.82,1.13,0.16,-0.35718,-0.13928,-0.05129,-0.92217,-0.81,1.12,0.17,-0.54902,-0.12063,-0.02834,-0.82658,-0.81,1.1,0.18,-0.54902,-0.12063,-0.02834,-0.82658,-0.85,1.08,0.08,0.37341,-0.07983,-0.14789,-0.91232,-0.85,1.12,0.12,0.19439,-0.07781,-0.15593,-0.96532,-0.85,1.14,0.16,-0.26282,-0.14343,-0.11631,-0.94701,-0.84,1.13,0.18,-0.4717,-0.15687,-0.14479,-0.85553,-0.83,1.11,0.2,-0.4717,-0.15687,-0.14479,-0.85553,-0.87,1.08,0.09,0.37341,-0.07983,-0.14789,-0.91232,-0.87,1.11,0.13,0.23447,-0.06339,-0.21174,-0.94666,-0.87,1.13,0.16,-0.23874,-0.17768,-0.19291,-0.935,-0.85,1.12,0.18,-0.47801,-0.24629,-0.16105,-0.82759,-0.84,1.11,0.19,-0.47801,-0.24629,-0.16105,-0.82759,-0.87,1.07,0.09,0.30749,-0.02926,-0.38299,-0.87058,-0.88,1.1,0.13,0.22919,-0.07754,-0.28368,-0.92789,-0.88,1.11,0.15,-0.19659,-0.18598,-0.29553,-0.9162,-0.87,1.11,0.17,-0.39818,-0.29568,-0.24924,-0.83181,-0.86,1.1,0.18,-0.39818,-0.29568,-0.24924,-0.83181,-0.7,1.09,0.13,-0.24111,-0.13833,-0.11582,0.95358,-0.69,1.06,0.07,-0.24111,-0.13833,-0.11582,0.95358,-0.72,1.07,0.1,-0.43704,-0.2379,0.47976,0.72265,-0.75,1.08,0.11,-0.27529,-0.12775,0.43598,0.84724,-0.76,1.1,0.14,-0.25983,-0.15661,0.51986,0.79857,-0.78,1.1,0.16,-0.25983,-0.15661,0.51986,0.79857,-0.71,1.08,0.1,-0.24111,-0.13833,-0.11582,0.95358,-0.73,1.11,0.15,-0.16254,-0.22219,-0.0471,0.9602,-0.74,1.12,0.18,0.09751,-0.23075,-0.01324,0.96802,-0.75,1.11,0.2,0.24753,-0.20585,0.00775,0.94673,-0.76,1.11,0.22,0.24753,-0.20585,0.00775,0.94673,-0.7,1.07,0.1,-0.24111,-0.13833,-0.11582,0.95358,-0.71,1.11,0.15,-0.13291,-0.13682,-0.11302,0.97511,-0.72,1.12,0.19,0.29658,-0.17444,-0.05648,0.93724,-0.73,1.1,0.21,0.57524,-0.17361,-0.07162,0.79613,-0.74,1.08,0.22,0.57524,-0.17361,-0.07162,0.79613,-0.68,1.07,0.11,-0.24111,-0.13833,-0.11582,0.95358,-0.69,1.1,0.15,-0.18607,-0.09106,-0.17638,0.96228,-0.69,1.11,0.19,0.37031,-0.19541,-0.13526,0.89799,-0.71,1.1,0.2,0.69474,-0.25016,-0.07823,0.66981,-0.72,1.08,0.2,0.69474,-0.25016,-0.07823,0.66981,-0.67,1.07,0.11,-0.17105,-0.05212,-0.34085,0.92296,-0.67,1.08,0.15,-0.25198,-0.03488,-0.25092,0.93399,-0.67,1.1,0.18,0.33748,-0.18181,-0.26402,0.88507,-0.68,1.09,0.19,0.70681,-0.32427,-0.15744,0.60867,-0.7,1.07,0.19,0.70681,-0.32427,-0.15744,0.60867,-0.81,1.08,0.19
-0.8,1.44,-0.15,-0.8,1.44,-0.15,-0.85,1.1,0.1,0.34724,-0.06749,-0.13379,-0.92573,-0.85,1.06,0.05,0.34724,-0.06749,-0.13379,-0.92573,-0.82,1.08,0.08,0.47444,-0.17827,0.50209,-0.70074,-0.8,1.09,0.09,0.26102,-0.03489,0.45285,-0.85181,-0.79,1.11,0.12,0.13419,-0.00109,0.53194,-0.83608,-0.78,1.11,0.15,0.13419,-0.00109,0.53194,-0.83608,-0.83,1.08,0.08,0.34724,-0.06749,-0.13379,-0.92573,-0.83,1.12,0.12,0.06021,-0.09112,-0.0709,-0.99149,-0.82,1.12,0.16,-0.47239,-0.12366,-0.03633,-0.87192,-0.81,1.11,0.17,-0.68892,-0.10262,-0.00747,-0.7175,-0.81,1.08,0.17,-0.68892,-0.10262,-0.00747,-0.7175,-0.85,1.08,0.08,0.34724,-0.06749,-0.13379,-0.92573,-0.85,1.12,0.12,0.15891,-0.06178,-0.14392,-0.97479,-0.84,1.13,0.16,-0.30875,-0.12448,-0.11166,-0.93633,-0.84,1.12,0.19,-0.52581,-0.13579,-0.14333,-0.82737,-0.83,1.1,0.2,-0.52581,-0.13579,-0.14333,-0.82737,-0.86,1.07,0.09,0.34724,-0.06749,-0.13379,-0.92573,-0.86,1.11,0.13,0.19809,-0.04543,-0.1997,-0.95855,-0.86,1.12,0.16,-0.28262,-0.15617,-0.19074,-0.92701,-0.85,1.11,0.18,-0.53036,-0.22592,-0.16339,-0.80062,-0.84,1.09,0.19,-0.53036,-0.22592,-0.16339,-0.80062,-0.87,1.07,0.09,0.28644,-0.00975,-0.36867,-0.88427,-0.88,1.09,0.13,0.18883,-0.05322,-0.27531,-0.94112,-0.88,1.1,0.15,-0.26826,-0.1671,-0.29411,-0.902,-0.87,1.1,0.17,-0.48582,-0.28263,-0.24939,-0.78861,-0.86,1.08,0.18,-0.48582,-0.28263,-0.24939,-0.78861,-0.71,1.09,0.12,-0.23131,-0.1471,-0.0823,0.95817,-0.69,1.06,0.07,-0.23131,-0.1471,-0.0823,0.95817,-0.73,1.07,0.1,-0.42199,-0.2584,0.5075,0.7054,-0.75,1.08,0.11,-0.26395,-0.14131,0.46954,0.8306,-0.77,1.09,0.14,-0.24514,-0.16846,0.55147,0.77936,-0.78,1.09,0.16,-0.24514,-0.16846,0.55147,0.77936,-0.72,1.07,0.1,-0.23131,-0.1471,-0.0823,0.95817,-0.73,1.1,0.14,-0.11917,-0.21229,-0.01103,0.96985,-0.75,1.11,0.18,0.1524,-0.21049,0.02115,0.96541,-0.76,1.1,0.2,0.29669,-0.17986,0.03922,0.93706,-0.76,1.09,0.22,0.29669,-0.17986,0.03922,0.93706,-0.7,1.07,0.1,-0.23131,-0.1471,-0.0823,0.95817,-0.71,1.1,0.15,-0.11999,-0.14128,-0.07838,0.97954,-0.72,1.12,0.19,0.31417,-0.16366,-0.02263,0.93488,-0.73,1.1,0.21,0.58432,-0.15203,-0.04333,0.79597,-0.74,1.08,0.22,0.58432,-0.15203,-0.04333,0.79597,-0.68,1.07,0.11,-0.23131,-0.1471,-0.0823,0.95817,-0.69,1.1,0.15,-0.17987,-0.10141,-0.14152,0.96816,-0.7,1.11,0.19,0.38554,-0.18548,-0.0997,0.89834,-0.71,1.09,0.2,0.70797,-0.22669,-0.05038,0.66698,-0.72,1.07,0.2,0.70797,-0.22669,-0.05038,0.66698,-0.68,1.07,0.11,-0.16437,-0.05732,-0.30781,0.93539,-0.68,1.08,0.15,-0.2515,-0.05793,-0.21623,0.94161,-0.68,1.1,0.18,0.35843,-0.18388,-0.22083,0.88823,-0.69,1.09,0.19,0.72842,-0.30565,-0.1195,0.60142,-0.7,1.07,0.19,0.72842,-0.30565,-0.1195,0.60142,-0.81,1.08,0.19
-0.8,1.44,-0.15,-0.8,1.44,-0.15,-0.85,1.1,0.1,0.34632,-0.0672,-0.1351,-0.9259,-0.85,1.06,0.05,0.34632,-0.0672,-0.1351,-0.9259,-0.82,1.08,0.08,0.47633,-0.17866,0.49859,-0.70185,-0.79,1.09,0.09,0.26677,-0.03882,0.44895,-0.85192,-0.78,1.11,0.12,0.13484,-0.00158,0.52841,-0.83821,-0.78,1.11,0.14,0.13484,-0.00158,0.52841,-0.83821,-0.83,1.08,0.08,0.34632,-0.0672,-0.1351,-0.9259,-0.82,1.12,0.12,0.05349,-0.09011,-0.07263,-0.99184,-0.82,1.12,0.16,-0.50412,-0.12468,-0.03461,-0.85389,-0.81,1.1,0.17,-0.7334,-0.10347,-0.00134,-0.67187,-0.81,1.08,0.17,-0.7334,-0.10347,-0.00134,-0.67187,-0.84,1.08,0.08,0.34632,-0.0672,-0.1351,-0.9259,-0.85,1.12,0.12,0.1414,-0.06227,-0.14515,-0.97727,-0.84,1.13,0.16,-0.33492,-0.12639,-0.11131,-0.92707,-0.83,1.11,0.18,-0.55972,-0.13689,-0.14146,-0.80496,-0.83,1.09,0.19,-0.55972,-0.13689,-0.14146,-0.80496,-0.86,1.07,0.08,0.34632,-0.0672,-0.1351,-0.9259,-0.86,1.11,0.12,0.17767,-0.0461,-0.20141,-0.96216,-0.86,1.12,0.16,-0.30836,-0.158,-0.19143,-0.91831,-0.85,1.11,0.18,-0.56254,-0.22866,-0.16205,-0.77782,-0.84,1.09,0.19,-0.56254,-0.22866,-0.16205,-0.77782,-0.87,1.07,0.09,0.28542,-0.00929,-0.36985,-0.88411,-0.88,1.09,0.12,0.17424,-0.0501,-0.27935,-0.94292,-0.88,1.1,0.15,-0.30199,-0.17139,-0.2961,-0.8898,-0.87,1.09,0.17,-0.52838,-0.29069,-0.24736,-0.75837,-0.85,1.08,0.18,-0.52838,-0.29069,-0.24736,-0.75837,-0.71,1.09,0.12,-0.23439,-0.14816,-0.06233,0.95876,-0.69,1.06,0.07,-0.23439,-0.14816,-0.06233,0.95876,-0.73,1.07,0.09,-0.41586,-0.26163,0.52775,0.69289,-0.75,1.08,0.11,-0.26185,-0.14052,0.49114,0.81882,-0.77,1.09,0.14,-0.24039,-0.16618,0.57204,0.7664,-0.78,1.09,0.16,-0.24039,-0.16618,0.57204,0.7664,-0.72,1.07,0.1,-0.23439,-0.14816,-0.06233,0.95876,-0.73,1.1,0.14,-0.04874,-0.20485,0.02515,0.97726,-0.75,1.1,0.18,0.27136,-0.18868,0.06377,0.94165,-0.76,1.09,0.2,0.41999,-0.14965,0.08331,0.89122,-0.76,1.08,0.21,0.41999,-0.14965,0.08331,0.89122,-0.7,1.07,0.1,-0.23439,-0.14816,-0.06233,0.95876,-0.71,1.1,0.15,-0.12012,-0.13957,-0.05825,0.98117,-0.72,1.11,0.19,0.33335,-0.15354,-0.00219,0.93022,-0.73,1.1,0.21,0.60131,-0.13497,-0.02667,0.78708,-0.74,1.08,0.21,0.60131,-0.13497,-0.02667,0.78708,-0.68,1.07,0.1,-0.23439,-0.14816,-0.06233,0.95876,-0.69,1.1,0.15,-0.19335,-0.10304,-0.12233,0.96801,-0.7,1.11,0.18,0.38444,-0.17762,-0.0809,0.90228,-0.71,1.09,0.2,0.70572,-0.21231,-0.03697,0.67492,-0.72,1.07,0.2,0.70572,-0.21231,-0.03697,0.67492,-0.68,1.07,0.11,-0.16992,-0.05854,-0.28902,0.9403,-0.68,1.08,0.15,-0.26661,-0.06436,-0.19661,0.94134,-0.68,1.1,0.18,0.34804,-0.17911,-0.20117,0.89795,-0.69,1.09,0.19,0.72161,-0.29211,-0.10537,0.61874,-0.7,1.07,0.19,0.72161,-0.29211,-0.10537,0.61874,-0.81,1.08,0.19
-0.8,1.44,-0.15,-0.8,1.44,-0.15,-0.84,1.1,0.1,0.36945,-0.07092,-0.12289,-0.91835,-0.85,1.06,0.05,0.36945,-0.07092,-0.12289,-0.91835,-0.82,1.08,0.08,0.48685,-0.1682,0.51528,-0.68496,-0.79,1.09,0.09,0.28425,-0.02639,0.46276,-0.83926,-0.78,1.11,0.12,0.14614,0.01825,0.5397,-0.82887,-0.78,1.11,0.14,0.14614,0.01825,0.5397,-0.82887,-0.83,1.08,0.08,0.36945,-0.07092,-0.12289,-0.91835,-0.82,1.12,0.12,0.0853,-0.08259,-0.06552,-0.99076,-0.82,1.13,0.16,-0.45756,-0.11448,-0.03512,-0.88108,-0.81,1.11,0.17,-0.68716,-0.09384,-0.00764,-0.72038,-0.81,1.09,0.17,-0.68716,-0.09384,-0.00764,-0.72038,-0.84,1.08,0.08,0.36945,-0.07092,-0.12289,-0.91835,-0.84,1.12,0.12,0.15325,-0.06505,-0.13274,-0.97707,-0.84,1.13,0.16,-0.33281,-0.12405,-0.09795,-0.92965,-0.83,1.12,0.18,-0.56358,-0.13197,-0.12892,-0.80519,-0.82,1.1,0.19,-0.56358,-0.13197,-0.12892,-0.80519,-0.86,1.07,0.08,0.36945,-0.07092,-0.12289,-0.91835,-0.86,1.11,0.12,0.1894,-0.05263,-0.18889,-0.96212,-0.86,1.13,0.16,-0.30309,-0.15899,-0.17649,-0.92288,-0.85,1.11,0.18,-0.5639,-0.22603,-0.14646,-0.78069,-0.84,1.09,0.19,-0.5639,-0.22603,-0.14646,-0.78069,-0.87,1.07,0.09,0.3089,-0.01851,-0.35964,-0.88028,-0.88,1.1,0.12,0.1956,-0.05822,-0.26715,-0.9418,-0.88,1.11,0.15,-0.28361,-0.17453,-0.2818,-0.89983,-0.87,1.1,0.17,-0.51747,-0.2909,-0.23086,-0.77091,-0.85,1.09,0.17,-0.51747,-0.2909,-0.23086,-0.77091,-0.71,1.09,0.12,-0.24663,-0.1475,-0.05526,0.95622,-0.69,1.06,0.07,-0.24663,-0.1475,-0.05526,0.95622,-0.73,1.07,0.09,-0.42218,-0.25611,0.53551,0.68513,-0.75,1.08,0.11,-0.27278,-0.13588,0.49729,0.8123,-0.77,1.09,0.14,-0.25061,-0.16032,0.57825,0.75968,-0.78,1.09,0.16,-0.25061,-0.16032,0.57825,0.75968,-0.72,1.07,0.1,-0.24663,-0.1475,-0.05526,0.95622,-0.73,1.1,0.14,-0.04184,-0.20582,0.03914,0.97691,-0.75,1.11,0.18,0.31108,-0.18211,0.08394,0.92899,-0.76,1.09,0.19,0.47638,-0.13737,0.10688,0.86184,-0.76,1.07,0.21,0.47638,-0.13737,0.10688,0.86184,-0.7,1.07,0.1,-0.24663,-0.1475,-0.05526,0.95622,-0.71,1.11,0.15,-0.13641,-0.13812,-0.05202,0.9796,-0.72,1.12,0.19,0.34314,-0.14952,0.00674,0.92729,-0.73,1.1,0.2,0.61704,-0.12741,-0.01876,0.77632,-0.74,1.08,0.21,0.61704,-0.12741,-0.01876,0.77632,-0.68,1.07,0.1,-0.24663,-0.1475,-0.05526,0.95622,-0.69,1.1,0.15,-0.22282,-0.1011,-0.1178,0.96242,-0.7,1.12,0.18,0.36206,-0.17501,-0.07666,0.91237,-0.71,1.1,0.2,0.68739,-0.2091,-0.03403,0.69471,-0.72,1.08,0.2,0.68739,-0.2091,-0.03403,0.69471,-0.68,1.07,0.11,-0.18294,-0.06066,-0.28337,0.93944,-0.68,1.09,0.15,-0.29353,-0.06075,-0.19108,0.93469,-0.68,1.1,0.17,0.30838,-0.17248,-0.20059,0.91374,-0.69,1.09,0.19,0.68584,-0.28564,-0.10945,0.66034,-0.7,1.08,0.19,0.68584,-0.28564,-0.10945,0.66034,-0.81,1.08,0.19
-0.8,1.44,-0.15,-0.8,1.44,-0.15,-0.84,1.1,0.1,0.38751,-0.07306,-0.10398,-0.91306,-0.85,1.06,0.05,0.38751,-0.07306,-0.10398,-0.91306,-0.82,1.08,0.08,0.48502,-0.15957,0.54198,-0.66749,-0.79,1.09,0.09,0.28735,-0.01018,0.48753,-0.8244,-0.78,1.11,0.12,0.14487,0.04118,0.56041,-0.81441,-0.78,1.11,0.14,0.14487,0.04118,0.56041,-0.81441,-0.83,1.08,0.08,0.38751,-0.07306,-0.10398,-0.91306,-0.82,1.12,0.12,0.11086,-0.07315,-0.05166,-0.98979,-0.82,1.13,0.15,-0.39834,-0.09846,-0.03234,-0.91136,-0.81,1.12,0.17,-0.61287,-0.07723,-0.01426,-0.78627,-0.81,1.09,0.18,-0.61287,-0.07723,-0.01426,-0.78627,-0.84,1.08,0.08,0.38751,-0.07306,-0.10398,-0.91306,-0.84,1.12,0.12,0.1534,-0.06698,-0.11225,-0.97948,-0.84,1.14,0.16,-0.33921,-0.11641,-0.0784,-0.93018,-0.83,1.12,0.18,-0.57037,-0.11928,-0.11205,-0.80492,-0.83,1.1,0.19,-0.57037,-0.11928,-0.11205,-0.80492,-0.86,1.08,0.08,0.38751,-0.07306,-0.10398,-0.91306,-0.86,1.11,0.12,0.19692,-0.05807,-0.1683,-0.96412,-0.86,1.13,0.16,-0.30047,-0.15444,-0.15551,-0.92827,-0.85,1.12,0.18,-0.56352,-0.2156,-0.12786,-0.78716,-0.84,1.1,0.18,-0.56352,-0.2156,-0.12786,-0.78716,-0.87,1.07,0.09,0.32868,-0.02472,-0.34274,-0.87971,-0.88,1.1,0.12,0.21899,-0.06582,-0.24621,-0.94186,-0.88,1.11,0.15,-0.26009,-0.17219,-0.26073,-0.91363,-0.87,1.11,0.16,-0.49834,-0.28281,-0.21076,-0.79199,-0.85,1.09,0.17,-0.49834,-0.28281,-0.21076,-0.79199,-0.71,1.09,0.12,-0.26847,-0.14867,-0.06294,0.94966,-0.69,1.06,0.07,-0.26847,-0.14867,-0.06294,0.94966,-0.73,1.07,0.09,-0.43349,-0.23988,0.54161,0.67911,-0.75,1.08,0.11,-0.28524,-0.11909,0.50003,0.80896,-0.77,1.09,0.14,-0.25701,-0.13915,0.58186,0.75896,-0.78,1.1,0.16,-0.25701,-0.13915,0.58186,0.75896,-0.72,1.07,0.09,-0.26847,-0.14867,-0.06294,0.94966,-0.73,1.11,0.14,-0.04067,-0.21149,0.04177,0.97564,-0.75,1.11,0.17,0.31818,-0.18584,0.08972,0.9253,-0.76,1.09,0.19,0.48332,-0.13987,0.11359,0.8567,-0.76,1.08,0.2,0.48332,-0.13987,0.11359,0.8567,-0.7,1.07,0.1,-0.26847,-0.14867,-0.06294,0.94966,-0.71,1.11,0.14,-0.13377,-0.142,-0.05608,0.97918,-0.72,1.12,0.18,0.36833,-0.15462,0.00881,0.9167,-0.73,1.1,0.2,0.64513,-0.12927,-0.01431,0.75292,-0.74,1.08,0.21,0.64513,-0.12927,-0.01431,0.75292,-0.68,1.07,0.1,-0.26847,-0.14867,-0.06294,0.94966,-0.69,1.1,0.15,-0.22053,-0.10625,-0.12384,0.96163,-0.7,1.12,0.18,0.38097,-0.18387,-0.07563,0.90296,-0.71,1.1,0.2,0.70323,-0.21611,-0.02957,0.67667,-0.72,1.08,0.2,0.70323,-0.21611,-0.02957,0.67667,-0.68,1.07,0.11,-0.20289,-0.06738,-0.2925,0.93206,-0.68,1.09,0.15,-0.30504,-0.06265,-0.20069,0.92884,-0.68,1.11,0.17,0.29439,-0.18027,-0.20719,0.91537,-0.68,1.1,0.19,0.66893,-0.29504,-0.11303,0.67284,-0.7,1.08,0.19,0.66893,-0.29504,-0.11303,0.67284,-0.81,1.08,0.19
-0.8,1.44,-0.15,-0.8,1.44,-0.15,-0.85,1.1,0.1,0.37913,-0.07055,-0.09964,-0.91726,-0.86,1.06,0.05,0.37913,-0.07055,-0.09964,-0.91726,-0.82,1.08,0.08,0.47072,-0.16397,0.55025,-0.6699,-0.8,1.09,0.1,0.26861,-0.00805,0.49745,-0.82482,-0.79,1.1,0.13,0.1227,0.04525,0.5686,-0.81215,-0.79,1.11,0.15,0.1227,0.04525,0.5686,-0.81215,-0.83,1.08,0.08,0.37913,-0.07055,-0.09964,-0.91726,-0.83,1.12,0.12,0.08993,-0.06896,-0.04774,-0.99241,-0.82,1.13,0.16,-0.39987,-0.09172,-0.03308,-0.91137,-0.82,1.11,0.17,-0.59772,-0.07022,-0.01843,-0.79841,-0.81,1.09,0.18,-0.59772,-0.07022,-0.01843,-0.79841,-0.85,1.08,0.08,0.37913,-0.07055,-0.09964,-0.91726,-0.85,1.12,0.12,0.10688,-0.07072,-0.10321,-0.98637,-0.84,1.13,0.16,-0.38178,-0.11461,-0.06903,-0.91452,-0.84,1.11,0.18,-0.60486,-0.11201,-0.10298,-0.78166,-0.83,1.09,0.19,-0.60486,-0.11201,-0.10298,-0.78166,-0.87,1.08,0.09,0.37913,-0.07055,-0.09964,-0.91726,-0.87,1.11,0.12,0.16921,-0.06172,-0.1603,-0.9705,-0.86,1.13,0.16,-0.32724,-0.15253,-0.14751,-0.92081,-0.85,1.11,0.18,-0.58346,-0.21031,-0.12214,-0.77487,-0.84,1.09,0.19,-0.58346,-0.21031,-0.12214,-0.77487,-0.87,1.07,0.09,0.32163,-0.01988,-0.33827,-0.88416,-0.88,1.1,0.12,0.21906,-0.06754,-0.23842,-0.94372,-0.88,1.11,0.15,-0.25132,-0.16751,-0.25454,-0.91869,-0.87,1.1,0.17,-0.48567,-0.27541,-0.20753,-0.80324,-0.86,1.09,0.18,-0.48567,-0.27541,-0.20753,-0.80324,-0.7,1.1,0.11,-0.35165,-0.15643,-0.08469,0.91907,-0.69,1.06,0.06,-0.35165,-0.15643,-0.08469,0.91907,-0.72,1.07,0.09,-0.45889,-0.16938,0.58221,0.64944,-0.75,1.08,0.11,-0.31597,-0.03984,0.52666,0.78816,-0.76,1.1,0.13,-0.26391,-0.04402,0.60756,0.74785,-0.77,1.11,0.15,-0.26391,-0.04402,0.60756,0.74785,-0.71,1.08,0.09,-0.35165,-0.15643,-0.08469,0.91907,-0.73,1.12,0.13,-0.06671,-0.21603,0.04367,0.97313,-0.75,1.12,0.16,0.30863,-0.18849,0.09644,0.92732,-0.75,1.11,0.18,0.45948,-0.14322,0.11769,0.86863,-0.76,1.09,0.19,0.45948,-0.14322,0.11769,0.86863,-0.7,1.08,0.09,-0.35165,-0.15643,-0.08469,0.91907,-0.71,1.12,0.13,-0.08149,-0.16312,-0.05445,0.98173,-0.72,1.13,0.17,0.46116,-0.17017,0.0293,0.87035,-0.73,1.11,0.18,0.7398,-0.12794,0.0139,0.66041,-0.73,1.08,0.18,0.7398,-0.12794,0.0139,0.66041,-0.68,1.08,0.1,-0.35165,-0.15643,-0.08469,0.91907,-0.69,1.11,0.14,-0.16377,-0.14017,-0.12879,0.96796,-0.7,1.13,0.17,0.48092,-0.21462,-0.05027,0.8486,-0.71,1.1,0.18,0.79677,-0.22836,0.01072,0.55937,-0.72,1.08,0.17,0.79677,-0.22836,0.01072,0.55937,-0.67,1.07,0.1,-0.27932,-0.0968,-0.31875,0.90056,-0.67,1.1,0.14,-0.30492,-0.09627,-0.22636,0.92006,-0.68,1.12,0.16,0.35088,-0.23457,-0.19586,0.88516,-0.69,1.11,0.17,0.71999,-0.338,-0.07373,0.60161,-0.7,1.09,0.17,0.71999,-0.338,-0.07373,0.60161,-0.81,1.08,0.19
-0.8,1.44,-0.15,-0.8,1.44,-0.15,-0.85,1.1,0.11,0.36783,-0.06879,-0.11041,-0.92075,-0.86,1.06,0.06,0.36783,-0.06879,-0.11041,-0.92075,-0.82,1.08,0.08,0.45855,-0.16973,0.54695,-0.67954,-0.8,1.09,0.1,0.25033,-0.01104,0.49598,-0.8314,-0.79,1.11,0.13,0.10702,0.0383,0.56761,-0.81541,-0.79,1.11,0.15,0.10702,0.0383,0.56761,-0.81541,-0.84,1.08,0.08,0.36783,-0.06879,-0.11041,-0.92075,-0.83,1.13,0.12,0.03275,-0.07445,-0.05261,-0.9953,-0.83,1.13,0.16,-0.45569,-0.09763,-0.03465,-0.88409,-0.82,1.11,0.17,-0.64423,-0.07589,-0.01717,-0.76086,-0.82,1.09,0.18,-0.64423,-0.07589,-0.01717,-0.76086,-0.85,1.08,0.08,0.36783,-0.06879,-0.11041,-0.92075,-0.85,1.13,0.13,0.01831,-0.08328,-0.10493,-0.99082,-0.85,1.13,0.17,-0.47564,-0.12631,-0.06272,-0.86826,-0.84,1.11,0.18,-0.69404,-0.11529,-0.09125,-0.70477,-0.83,1.08,0.18,-0.69404,-0.11529,-0.09125,-0.70477,-0.87,1.08,0.09,0.36783,-0.06879,-0.11041,-0.92075,-0.87,1.12,0.13,0.09053,-0.07519,-0.16395,-0.97942,-0.87,1.12,0.16,-0.41456,-0.16501,-0.14332,-0.88338,-0.85,1.1,0.18,-0.66522,-0.2191,-0.11424,-0.70458,-0.84,1.08,0.18,-0.66522,-0.2191,-0.11424,-0.70458,-0.88,1.07,0.09,0.30947,-0.01555,-0.34787,-0.88486,-0.89,1.1,0.13,0.19364,-0.07332,-0.24663,-0.94673,-0.88,1.11,0.16,-0.28778,-0.17766,-0.25708,-0.90528,-0.87,1.1,0.17,-0.5319,-0.2888,-0.20402,-0.76945,-0.86,1.09,0.18,-0.5319,-0.2888,-0.20402,-0.76945,-0.7,1.1,0.1,-0.46303,-0.17191,-0.08175,0.86566,-0.68,1.05,0.06,-0.46303,-0.17191,-0.08175,0.86566,-0.72,1.07,0.09,-0.48427,-0.09516,0.63942,0.58955,-0.74,1.09,0.1,-0.35699,0.04453,0.56935,0.7392,-0.76,1.1,0.13,-0.285,0.05776,0.64404,0.70756,-0.76,1.12,0.15,-0.285,0.05776,0.64404,0.70756,-0.71,1.08,0.08,-0.46303,-0.17191,-0.08175,0.86566,-0.73,1.13,0.11,-0.09775,-0.21049,0.07629,0.9697,-0.74,1.13,0.14,0.30602,-0.16819,0.12985,0.92801,-0.75,1.12,0.16,0.43885,-0.12035,0.14449,0.87866,-0.75,1.1,0.17,0.43885,-0.12035,0.14449,0.87866,-0.69,1.08,0.09,-0.46303,-0.17191,-0.08175,0.86566,-0.71,1.13,0.11,-0.09755,-0.18288,-0.02876,0.97786,-0.72,1.14,0.15,0.48889,-0.1699,0.07012,0.85276,-0.73,1.11,0.16,0.79426,-0.10456,0.05559,0.59592,-0.73,1.09,0.16,0.79426,-0.10456,0.05559,0.59592,-0.68,1.08,0.09,-0.46303,-0.17191,-0.08175,0.86566,-0.69,1.12,0.12,-0.17847,-0.17472,-0.10831,0.96223,-0.7,1.14,0.15,0.52231,-0.22888,0.00143,0.82146,-0.71,1.11,0.16,0.85817,-0.20896,0.07467,0.46294,-0.71,1.09,0.15,0.85817,-0.20896,0.07467,0.46294,-0.67,1.08,0.1,-0.38532,-0.14229,-0.32019,0.85367,-0.67,1.11,0.12,-0.34826,-0.14076,-0.22585,0.89883,-0.67,1.13,0.15,0.37687,-0.28348,-0.14776,0.86935,-0.69,1.12,0.16,0.76874,-0.35562,0.00896,0.5315,-0.7,1.1,0.15,0.76874,-0.35562,0.00896,0.5315,-0.81,1.08,0.19
-0.8,1.45,-0.15,-0.8,1.45,-0.15,-0.86,1.1,0.11,0.33441,-0.06426,-0.19578,-0.91963,-0.86,1.06,0.06,0.33441,-0.06426,-0.19578,-0.91963,-0.83,1.09,0.09,0.45963,-0.17781,0.47369,-0.72989,-0.8,1.1,0.1,0.23435,-0.03854,0.42427,-0.87384,-0.8,1.11,0.13,0.09793,-0.00622,0.50389,-0.85818,-0.79,1.12,0.15,0.09793,-0.00622,0.50389,-0.85818,-0.84,1.09,0.09,0.33441,-0.06426,-0.19578,-0.91963,-0.84,1.13,0.13,-0.01745,-0.10632,-0.1288,-0.9858,-0.83,1.13,0.17,-0.50688,-0.1623,-0.08364,-0.84246,-0.82,1.11,0.18,-0.68882,-0.15004,-0.04816,-0.7076,-0.81,1.09,0.18,-0.68882,-0.15004,-0.04816,-0.7076,-0.85,1.08,0.09,0.33441,-0.06426,-0.19578,-0.91963,-0.86,1.12,0.13,-0.04224,-0.11639,-0.17992,-0.97586,-0.85,1.12,0.17,-0.54161,-0.19409,-0.10659,-0.81094,-0.84,1.1,0.18,-0.76882,-0.18823,-0.10798,-0.60152,-0.83,1.08,0.18,-0.76882,-0.18823,-0.10798,-0.60152,-0.87,1.08,0.09,0.33441,-0.06426,-0.19578,-0.91963,-0.87,1.11,0.13,0.02946,-0.09938,-0.24205,-0.96471,-0.87,1.11,0.17,-0.48779,-0.22859,-0.19191,-0.82035,-0.85,1.1,0.18,-0.74052,-0.29457,-0.13184,-0.58947,-0.84,1.08,0.18,-0.74052,-0.29457,-0.13184,-0.58947,-0.88,1.07,0.1,0.2661,-0.00596,-0.42568,-0.86484,-0.89,1.09,0.13,0.14247,-0.08291,-0.32777,-0.93027,-0.89,1.1,0.16,-0.3556,-0.23084,-0.3154,-0.84899,-0.87,1.09,0.18,-0.60888,-0.36411,-0.23199,-0.66549,-0.86,1.08,0.18,-0.60888,-0.36411,-0.23199,-0.66549,-0.7,1.11,0.09,-0.52743,-0.16371,-0.0766,0.83015,-0.68,1.05,0.06,-0.52743,-0.16371,-0.0766,0.83015,-0.72,1.07,0.09,-0.47389,-0.05597,0.67875,0.5582,-0.74,1.09,0.1,-0.32887,0.11715,0.59915,0.72051,-0.75,1.11,0.13,-0.22348,0.15538,0.65932,0.70086,-0.75,1.12,0.15,-0.22348,0.15538,0.65932,0.70086,-0.71,1.08,0.08,-0.52743,-0.16371,-0.0766,0.83015,-0.72,1.13,0.1,-0.08961,-0.1832,0.09133,0.97471,-0.74,1.14,0.13,0.35409,-0.13124,0.13827,0.91557,-0.74,1.12,0.15,0.48612,-0.08167,0.14899,0.85722,-0.74,1.1,0.16,0.48612,-0.08167,0.14899,0.85722,-0.69,1.08,0.08,-0.52743,-0.16371,-0.0766,0.83015,-0.7,1.13,0.1,-0.15004,-0.17425,-0.02514,0.97288,-0.72,1.15,0.14,0.48099,-0.15825,0.07517,0.85904,-0.72,1.12,0.15,0.81569,-0.08654,0.05682,0.56916,-0.72,1.1,0.15,0.81569,-0.08654,0.05682,0.56916,-0.68,1.08,0.09,-0.52743,-0.16371,-0.0766,0.83015,-0.69,1.13,0.11,-0.23952,-0.17026,-0.10698,0.94984,-0.7,1.15,0.14,0.50284,-0.22634,0.00951,0.83417,-0.71,1.12,0.15,0.86616,-0.19792,0.08717,0.45056,-0.71,1.1,0.14,0.86616,-0.19792,0.08717,0.45056,-0.67,1.08,0.09,-0.45073,-0.15257,-0.31705,0.82039,-0.67,1.11,0.12,-0.3977,-0.14371,-0.22535,0.87772,-0.67,1.14,0.14,0.36594,-0.29509,-0.13268,0.87259,-0.68,1.13,0.15,0.78377,-0.35484,0.0419,0.50798,-0.69,1.11,0.14,0.78377,-0.35484,0.0419,0.50798,-0.81,1.08,0.19
-0.8,1.45,-0.15,-0.8,1.45,-0.15,-0.86,1.1,0.11,0.31399,-0.05989,-0.23718,-0.91737,-0.86,1.07,0.06,0.31399,-0.05989,-0.23718,-0.91737,-0.83,1.09,0.09,0.45897,-0.18334,0.43307,-0.75378,-0.81,1.11,0.1,0.23115,-0.05735,0.38438,-0.89192,-0.8,1.12,0.13,0.10281,-0.03485,0.4686,-0.87672,-0.79,1.12,0.16,0.10281,-0.03485,0.4686,-0.87672,-0.84,1.09,0.09,0.31399,-0.05989,-0.23718,-0.91737,-0.84,1.13,0.13,-0.04256,-0.12358,-0.16433,-0.97771,-0.83,1.13,0.17,-0.52888,-0.19477,-0.10487,-0.81936,-0.82,1.11,0.18,-0.70836,-0.18686,-0.05992,-0.67803,-0.81,1.09,0.18,-0.70836,-0.18686,-0.05992,-0.67803,-0.86,1.08,0.09,0.31399,-0.05989,-0.23718,-0.91737,-0.86,1.12,0.14,-0.07208,-0.13197,-0.21639,-0.96466,-0.85,1.12,0.18,-0.57171,-0.22753,-0.12673,-0.77802,-0.84,1.1,0.18,-0.80579,-0.2245,-0.1105,-0.53674,-0.83,1.08,0.17,-0.80579,-0.2245,-0.1105,-0.53674,-0.87,1.08,0.09,0.31399,-0.05989,-0.23718,-0.91737,-0.88,1.11,0.14,0.00111,-0.10828,-0.28097,-0.95359,-0.87,1.11,0.18,-0.52629,-0.26078,-0.21383,-0.78057,-0.85,1.09,0.18,-0.78263,-0.33317,-0.13102,-0.50924,-0.84,1.07,0.17,-0.78263,-0.33317,-0.13102,-0.50924,-0.88,1.07,0.1,0.24147,0.00142,-0.4625,-0.8531,-0.89,1.09,0.14,0.11704,-0.08247,-0.36793,-0.91877,-0.89,1.1,0.17,-0.39512,-0.25781,-0.34297,-0.81227,-0.87,1.09,0.18,-0.65757,-0.40598,-0.23521,-0.58946,-0.85,1.08,0.17,-0.65757,-0.40598,-0.23521,-0.58946,-0.7,1.11,0.09,-0.56602,-0.15458,-0.0756,0.80623,-0.68,1.05,0.07,-0.56602,-0.15458,-0.0756,0.80623,-0.72,1.08,0.09,-0.45697,-0.03679,0.70422,0.54212,-0.74,1.09,0.11,-0.29462,0.16544,0.61671,0.71098,-0.75,1.11,0.13,-0.15887,0.22818,0.65924,0.69863,-0.74,1.12,0.15,-0.15887,0.22818,0.65924,0.69863,-0.71,1.08,0.08,-0.56602,-0.15458,-0.0756,0.80623,-0.72,1.13,0.09,-0.09249,-0.16334,0.08959,0.97813,-0.74,1.14,0.13,0.37382,-0.11128,0.13056,0.9115,-0.74,1.12,0.15,0.51351,-0.06154,0.13973,0.84439,-0.74,1.1,0.16,0.51351,-0.06154,0.13973,0.84439,-0.69,1.08,0.09,-0.56602,-0.15458,-0.0756,0.80623,-0.7,1.14,0.1,-0.17151,-0.1667,-0.02444,0.97067,-0.72,1.15,0.13,0.48196,-0.15048,0.07454,0.85995,-0.72,1.13,0.15,0.83112,-0.07628,0.05344,0.54824,-0.72,1.1,0.14,0.83112,-0.07628,0.05344,0.54824,-0.68,1.08,0.09,-0.56602,-0.15458,-0.0756,0.80623,-0.68,1.13,0.11,-0.27325,-0.16465,-0.10914,0.94144,-0.69,1.15,0.14,0.48915,-0.22476,0.00907,0.8427,-0.7,1.13,0.15,0.86908,-0.19403,0.08966,0.44611,-0.7,1.11,0.13,0.86908,-0.19403,0.08966,0.44611,-0.67,1.08,0.09,-0.49055,-0.15507,-0.3167,0.79688,-0.67,1.12,0.11,-0.42981,-0.14238,-0.22736,0.86215,-0.67,1.14,0.13,0.35259,-0.3011,-0.12781,0.87675,-0.68,1.13,0.14,0.78708,-0.35524,0.05735,0.50102,-0.69,1.11,0.13,0.78708,-0.35524,0.05735,0.50102,-0.81,1.08,0.19
-0.8,1.45,-0.15,-0.8,1.45,-0.15,-0.86,1.1,0.11,0.30225,-0.03061,-0.26275,-0.91579,-0.86,1.07,0.06,0.30225,-0.03061,-0.26275,-0.91579,-0.83,1.09,0.09,0.44303,-0.16687,0.41307,-0.77798,-0.81,1.11,0.11,0.21628,-0.04765,0.3586,-0.90684,-0.8,1.12,0.14,0.1003,-0.03697,0.44299,-0.89013,-0.8,1.12,0.16,0.1003,-0.03697,0.44299,-0.89013,-0.84,1.09,0.09,0.30225,-0.03061,-0.26275,-0.91579,-0.85,1.13,0.14,-0.04165,-0.10781,-0.19749,-0.97347,-0.84,1.12,0.17,-0.49878,-0.19306,-0.1477,-0.83194,-0.83,1.11,0.18,-0.67596,-0.19409,-0.10492,-0.70313,-0.82,1.09,0.18,-0.67596,-0.19409,-0.10492,-0.70313,-0.86,1.08,0.09,0.30225,-0.03061,-0.26275,-0.91579,-0.87,1.12,0.14,9e-05,-0.08977,-0.26225,-0.96081,-0.86,1.12,0.18,-0.49306,-0.21345,-0.19158,-0.82136,-0.85,1.1,0.19,-0.73503,-0.23702,-0.1808,-0.60899,-0.83,1.08,0.19,-0.73503,-0.23702,-0.1808,-0.60899,-0.87,1.07,0.09,0.30225,-0.03061,-0.26275,-0.91579,-0.88,1.1,0.14,0.06634,-0.05666,-0.32307,-0.94235,-0.88,1.11,0.18,-0.45536,-0.24116,-0.27797,-0.81069,-0.86,1.09,0.19,-0.71594,-0.33936,-0.20151,-0.57589,-0.85,1.08,0.18,-0.71594,-0.33936,-0.20151,-0.57589,-0.88,1.07,0.1,0.23261,0.03151,-0.48581,-0.84195,-0.89,1.08,0.14,0.12685,-0.0398,-0.4003,-0.90669,-0.89,1.09,0.17,-0.37543,-0.2386,-0.39253,-0.80501,-0.88,1.08,0.18,-0.62596,-0.40308,-0.29263,-0.60005,-0.86,1.07,0.18,-0.62596,-0.40308,-0.29263,-0.60005,-0.7,1.1,0.1,-0.49252,-0.13069,-0.08462,0.85626,-0.69,1.05,0.07,-0.49252,-0.13069,-0.08462,0.85626,-0.72,1.07,0.09,-0.41729,-0.09143,0.68842,0.58617,-0.74,1.08,0.11,-0.23813,0.11418,0.61645,0.74179,-0.75,1.1,0.14,-0.09074,0.18317,0.66077,0.72222,-0.74,1.11,0.16,-0.09074,0.18317,0.66077,0.72222,-0.71,1.08,0.09,-0.49252,-0.13069,-0.08462,0.85626,-0.72,1.13,0.11,-0.07894,-0.15488,0.04972,0.98352,-0.73,1.13,0.14,0.40086,-0.12056,0.09284,0.90341,-0.74,1.12,0.16,0.56058,-0.07408,0.10708,0.8178,-0.74,1.1,0.17,0.56058,-0.07408,0.10708,0.8178,-0.69,1.08,0.09,-0.49252,-0.13069,-0.08462,0.85626,-0.7,1.13,0.11,-0.09764,-0.14538,-0.0455,0.98349,-0.71,1.14,0.15,0.53446,-0.14703,0.04211,0.83124,-0.72,1.12,0.16,0.85536,-0.08475,0.0239,0.51049,-0.72,1.09,0.15,0.85536,-0.08475,0.0239,0.51049,-0.68,1.08,0.09,-0.49252,-0.13069,-0.08462,0.85626,-0.68,1.12,0.12,-0.19291,-0.13551,-0.12614,0.96359,-0.69,1.14,0.15,0.54791,-0.21362,-0.02909,0.80828,-0.7,1.12,0.16,0.89409,-0.20374,0.04873,0.39588,-0.7,1.1,0.15,0.89409,-0.20374,0.04873,0.39588,-0.67,1.08,0.1,-0.42217,-0.10987,-0.32592,0.83874,-0.67,1.11,0.12,-0.36164,-0.10091,-0.23857,0.89561,-0.67,1.13,0.15,0.40769,-0.27302,-0.17191,0.85422,-0.68,1.12,0.16,0.81338,-0.35729,5e-05,0.45908,-0.69,1.1,0.14,0.81338,-0.35729,5e-05,0.45908,-0.81,1.08,0.19
-0.8,1.45,-0.15,-0.8,1.45,-0.15,-0.86,1.1,0.11,0.33523,-0.04366,-0.23299,-0.91183,-0.86,1.07,0.06,0.33523,-0.04366,-0.23299,-0.91183,-0.83,1.09,0.09,0.46176,-0.16268,0.44546,-0.74958,-0.81,1.11,0.1,0.24285,-0.03713,0.39002,-0.88743,-0.8,1.12,0.13,0.12766,-0.02076,0.47282,-0.87161,-0.8,1.13,0.16,0.12766,-0.02076,0.47282,-0.87161,-0.84,1.09,0.09,0.33523,-0.04366,-0.23299,-0.91183,-0.84,1.13,0.13,0.0014,-0.1068,-0.1664,-0.98026,-0.84,1.13,0.17,-0.46043,-0.17803,-0.12151,-0.86113,-0.83,1.11,0.18,-0.64132,-0.17333,-0.08476,-0.74262,-0.82,1.09,0.18,-0.64132,-0.17333,-0.08476,-0.74262,-0.86,1.08,0.09,0.33523,-0.04366,-0.23299,-0.91183,-0.87,1.12,0.13,0.05774,-0.08583,-0.23447,-0.9666,-0.86,1.13,0.17,-0.43009,-0.19331,-0.1734,-0.86463,-0.85,1.11,0.19,-0.67062,-0.21479,-0.17573,-0.68793,-0.83,1.09,0.19,-0.67062,-0.21479,-0.17573,-0.68793,-0.87,1.08,0.09,0.33523,-0.04366,-0.23299,-0.91183,-0.88,1.11,0.13,0.1237,-0.05543,-0.29564,-0.94563,-0.88,1.12,0.17,-0.39222,-0.22261,-0.25909,-0.8541,-0.86,1.11,0.19,-0.65461,-0.31392,-0.1971,-0.65885,-0.85,1.09,0.19,-0.65461,-0.31392,-0.1971,-0.65885,-0.88,1.07,0.1,0.26609,0.01203,-0.46057,-0.84671,-0.89,1.09,0.13,0.16906,-0.04303,-0.37359,-0.91104,-0.89,1.1,0.16,-0.33672,-0.22856,-0.37031,-0.83501,-0.88,1.09,0.18,-0.58618,-0.38093,-0.28227,-0.65697,-0.86,1.08,0.18,-0.58618,-0.38093,-0.28227,-0.65697,-0.7,1.1,0.1,-0.44752,-0.13569,-0.09602,0.87869,-0.69,1.05,0.07,-0.44752,-0.13569,-0.09602,0.87869,-0.72,1.07,0.09,-0.41084,-0.13992,0.66783,0.60467,-0.75,1.08,0.11,-0.22709,0.05874,0.61057,0.75643,-0.75,1.09,0.14,-0.08555,0.12325,0.66429,0.73227,-0.75,1.1,0.16,-0.08555,0.12325,0.66429,0.73227,-0.71,1.08,0.09,-0.44752,-0.13569,-0.09602,0.87869,-0.73,1.13,0.12,-0.08907,-0.16857,0.02758,0.98127,-0.74,1.13,0.15,0.36591,-0.14547,0.07591,0.91607,-0.74,1.11,0.17,0.52467,-0.10246,0.09337,0.83994,-0.74,1.1,0.18,0.52467,-0.10246,0.09337,0.83994,-0.7,1.08,0.09,-0.44752,-0.13569,-0.09602,0.87869,-0.7,1.13,0.12,-0.06638,-0.15201,-0.05697,0.9845,-0.72,1.13,0.16,0.52219,-0.16051,0.02992,0.83705,-0.72,1.11,0.17,0.82709,-0.10704,0.01664,0.55154,-0.72,1.09,0.16,0.82709,-0.10704,0.01664,0.55154,-0.68,1.08,0.09,-0.44752,-0.13569,-0.09602,0.87869,-0.69,1.12,0.12,-0.14592,-0.13841,-0.13544,0.97016,-0.69,1.13,0.16,0.55039,-0.21924,-0.04384,0.80441,-0.71,1.11,0.17,0.88075,-0.21931,0.03329,0.41842,-0.71,1.09,0.15,0.88075,-0.21931,0.03329,0.41842,-0.67,1.07,0.1,-0.37556,-0.10245,-0.3352,0.85797,-0.67,1.1,0.13,-0.32204,-0.09631,-0.24718,0.9088,-0.67,1.12,0.15,0.41108,-0.26605,-0.1912,0.85069,-0.68,1.11,0.16,0.80034,-0.36275,-0.02914,0.47646,-0.69,1.1,0.15,0.80034,-0.36275,-0.02914,0.47646,-0.81,1.08,0.19
-0.8,1.45,-0.15,-0.8,1.45,-0.15,-0.85,1.1,0.11,0.37129,-0.06494,-0.17695,-0.90918,-0.86,1.06,0.06,0.37129,-0.06494,-0.17695,-0.90918,-0.82,1.08,0.08,0.47359,-0.16063,0.50136,-0.70608,-0.8,1.1,0.1,0.25548,-0.01547,0.44715,-0.85706,-0.79,1.11,0.13,0.11625,0.02317,0.52293,-0.84409,-0.79,1.12,0.15,0.11625,0.02317,0.52293,-0.84409,-0.84,1.09,0.08,0.37129,-0.06494,-0.17695,-0.90918,-0.84,1.13,0.12,0.04498,-0.10362,-0.10895,-0.98761,-0.83,1.13,0.16,-0.4359,-0.15025,-0.07047,-0.88456,-0.82,1.12,0.17,-0.62717,-0.13553,-0.04065,-0.76593,-0.81,1.1,0.18,-0.62717,-0.13553,-0.04065,-0.76593,-0.85,1.08,0.09,0.37129,-0.06494,-0.17695,-0.90918,-0.86,1.13,0.13,0.09866,-0.09054,-0.17603,-0.97524,-0.85,1.14,0.17,-0.38382,-0.1669,-0.12318,-0.89981,-0.84,1.12,0.18,-0.61834,-0.17707,-0.13958,-0.75287,-0.83,1.1,0.19,-0.61834,-0.17707,-0.13958,-0.75287,-0.87,1.08,0.09,0.37129,-0.06494,-0.17695,-0.90918,-0.87,1.11,0.13,0.16753,-0.06709,-0.23836,-0.95426,-0.87,1.13,0.16,-0.33695,-0.1989,-0.20891,-0.89625,-0.86,1.11,0.18,-0.60013,-0.2743,-0.1624,-0.73364,-0.84,1.1,0.19,-0.60013,-0.2743,-0.1624,-0.73364,-0.88,1.07,0.09,0.3045,-0.01538,-0.41045,-0.8594,-0.89,1.1,0.13,0.21351,-0.05666,-0.31937,-0.92152,-0.89,1.11,0.16,-0.29488,-0.21211,-0.3205,-0.87483,-0.88,1.1,0.17,-0.546,-0.34503,-0.24656,-0.72253,-0.86,1.09,0.18,-0.546,-0.34503,-0.24656,-0.72253,-0.7,1.1,0.11,-0.41543,-0.14714,-0.09108,0.89301,-0.69,1.05,0.06,-0.41543,-0.14714,-0.09108,0.89301,-0.73,1.07,0.09,-0.41334,-0.17528,0.65476,0.60804,-0.75,1.08,0.11,-0.24202,0.00727,0.60747,0.75654,-0.76,1.09,0.14,-0.12733,0.05233,0.67297,0.72675,-0.76,1.1,0.16,-0.12733,0.05233,0.67297,0.72675,-0.71,1.08,0.09,-0.41543,-0.14714,-0.09108,0.89301,-0.73,1.12,0.12,-0.09499,-0.17872,0.02528,0.97898,-0.74,1.13,0.15,0.29148,-0.16101,0.06672,0.94057,-0.75,1.11,0.17,0.43354,-0.12201,0.08139,0.88912,-0.75,1.1,0.19,0.43354,-0.12201,0.08139,0.88912,-0.7,1.07,0.09,-0.41543,-0.14714,-0.09108,0.89301,-0.71,1.12,0.12,-0.05968,-0.15816,-0.0526,0.9842,-0.72,1.13,0.16,0.47089,-0.16504,0.02623,0.86622,-0.73,1.11,0.18,0.75515,-0.12237,0.01018,0.64395,-0.73,1.08,0.17,0.75515,-0.12237,0.01018,0.64395,-0.68,1.08,0.09,-0.41543,-0.14714,-0.09108,0.89301,-0.69,1.11,0.13,-0.12602,-0.14375,-0.12811,0.97316,-0.7,1.13,0.16,0.50113,-0.21491,-0.05138,0.83668,-0.71,1.1,0.17,0.82186,-0.22668,0.01356,0.52248,-0.72,1.08,0.16,0.82186,-0.22668,0.01356,0.52248,-0.68,1.07,0.1,-0.34256,-0.10478,-0.32866,0.87388,-0.67,1.1,0.13,-0.28917,-0.10674,-0.23674,0.92138,-0.68,1.12,0.16,0.39895,-0.25465,-0.1891,0.86037,-0.69,1.11,0.17,0.76664,-0.35208,-0.05109,0.5345,-0.7,1.09,0.16,0.76664,-0.35208,-0.05109,0.5345,-0.81,1.08,0.19
-0.8,1.45,-0.15,-0.8,1.45,-0.15,-0.85,1.1,0.1,0.37667,-0.07028,-0.12978,-0.91452,-0.86,1.06,0.06,0.37667,-0.07028,-0.12978,-0.91452,-0.82,1.08,0.08,0.46215,-0.16733,0.5419,-0.68174,-0.8,1.09,0.1,0.24521,-0.00561,0.49076,-0.83606,-0.79,1.11,0.13,0.09919,0.04363,0.56156,-0.82031,-0.79,1.11,0.15,0.09919,0.04363,0.56156,-0.82031,-0.83,1.08,0.08,0.37667,-0.07028,-0.12978,-0.91452,-0.83,1.13,0.12,0.05468,-0.09065,-0.06454,-0.99228,-0.82,1.13,0.16,-0.43832,-0.11823,-0.03662,-0.89026,-0.82,1.11,0.17,-0.6363,-0.09683,-0.0139,-0.76522,-0.81,1.09,0.18,-0.6363,-0.09683,-0.0139,-0.76522,-0.85,1.08,0.08,0.37667,-0.07028,-0.12978,-0.91452,-0.85,1.13,0.12,0.09975,-0.08347,-0.12881,-0.9831,-0.84,1.13,0.17,-0.38424,-0.13779,-0.08565,-0.90887,-0.84,1.12,0.18,-0.61558,-0.13891,-0.11219,-0.76758,-0.83,1.09,0.19,-0.61558,-0.13891,-0.11219,-0.76758,-0.87,1.08,0.09,0.37667,-0.07028,-0.12978,-0.91452,-0.87,1.11,0.13,0.16809,-0.06593,-0.1904,-0.96496,-0.87,1.13,0.16,-0.33973,-0.17336,-0.16907,-0.90882,-0.85,1.11,0.18,-0.60492,-0.23754,-0.13359,-0.7482,-0.84,1.09,0.19,-0.60492,-0.23754,-0.13359,-0.7482,-0.87,1.07,0.09,0.31512,-0.02005,-0.36655,-0.87518,-0.88,1.1,0.13,0.21848,-0.05851,-0.27284,-0.93509,-0.88,1.11,0.15,-0.29481,-0.18961,-0.28114,-0.89336,-0.87,1.1,0.17,-0.5512,-0.31125,-0.21752,-0.74296,-0.86,1.09,0.18,-0.5512,-0.31125,-0.21752,-0.74296,-0.7,1.1,0.11,-0.41224,-0.14602,-0.08805,0.89498,-0.69,1.05,0.07,-0.41224,-0.14602,-0.08805,0.89498,-0.72,1.07,0.09,-0.41848,-0.17679,0.65004,0.60916,-0.75,1.08,0.11,-0.25099,0.00031,0.60275,0.75742,-0.76,1.09,0.14,-0.15042,0.03331,0.67144,0.72486,-0.76,1.1,0.16,-0.15042,0.03331,0.67144,0.72486,-0.71,1.08,0.09,-0.41224,-0.14602,-0.08805,0.89498,-0.73,1.12,0.12,-0.11811,-0.1778,0.02211,0.9767,-0.74,1.13,0.15,0.23455,-0.16415,0.05756,0.95641,-0.75,1.12,0.17,0.3638,-0.12822,0.06862,0.92005,-0.75,1.1,0.19,0.3638,-0.12822,0.06862,0.92005,-0.7,1.08,0.09,-0.41224,-0.14602,-0.08805,0.89498,-0.71,1.12,0.12,-0.09123,-0.1543,-0.05566,0.98223,-0.72,1.13,0.16,0.39213,-0.16481,0.01244,0.90494,-0.73,1.11,0.18,0.65424,-0.13673,-0.00807,0.74378,-0.73,1.09,0.18,0.65424,-0.13673,-0.00807,0.74378,-0.68,1.08,0.1,-0.41224,-0.14602,-0.08805,0.89498,-0.69,1.12,0.13,-0.14262,-0.13915,-0.12835,0.9715,-0.7,1.13,0.16,0.43742,-0.20929,-0.06498,0.87215,-0.71,1.11,0.18,0.74902,-0.23288,-0.00942,0.6202,-0.72,1.09,0.17,0.74902,-0.23288,-0.00942,0.6202,-0.68,1.07,0.1,-0.34009,-0.10271,-0.32571,0.87619,-0.67,1.1,0.13,-0.28515,-0.11117,-0.23095,0.92358,-0.68,1.12,0.16,0.36641,-0.24663,-0.19097,0.87661,-0.69,1.11,0.17,0.71389,-0.34502,-0.07266,0.60501,-0.7,1.09,0.16,0.71389,-0.34502,-0.07266,0.60501,-0.81,1.08,0.19
-0.8,1.45,-0.15,-0.8,1.45,-0.15,-0.85,1.09,0.11,0.32928,-0.04702,-0.09622,-0.93814,-0.85,1.06,0.06,0.32928,-0.04702,-0.09622,-0.93814,-0.82,1.07,0.09,0.42242,-0.18279,0.54866,-0.69794,-0.8,1.08,0.1,0.20696,-0.01768,0.50171,-0.83973,-0.79,1.1,0.14,0.07801,0.01854,0.57442,-0.81463,-0.79,1.1,0.16,0.07801,0.01854,0.57442,-0.81463,-0.83,1.08,0.09,0.32928,-0.04702,-0.09622,-0.93814,-0.83,1.12,0.13,0.03774,-0.05291,-0.04608,-0.99682,-0.82,1.12,0.17,-0.44341,-0.07539,-0.04011,-0.89224,-0.82,1.1,0.18,-0.63737,-0.05567,-0.02754,-0.76805,-0.82,1.08,0.19,-0.63737,-0.05567,-0.02754,-0.76805,-0.85,1.07,0.09,0.32928,-0.04702,-0.09622,-0.93814,-0.85,1.12,0.13,0.04488,-0.04928,-0.1029,-0.99246,-0.85,1.12,0.17,-0.43973,-0.09497,-0.07916,-0.88958,-0.84,1.1,0.19,-0.66112,-0.09201,-0.11641,-0.73546,-0.83,1.08,0.19,-0.66112,-0.09201,-0.11641,-0.73546,-0.87,1.07,0.09,0.32928,-0.04702,-0.09622,-0.93814,-0.87,1.11,0.13,0.08465,-0.03835,-0.15933,-0.98284,-0.87,1.11,0.17,-0.42306,-0.13122,-0.15766,-0.88258,-0.86,1.09,0.18,-0.67648,-0.19175,-0.13765,-0.69761,-0.85,1.07,0.19,-0.67648,-0.19175,-0.13765,-0.69761,-0.87,1.07,0.09,0.27834,0.0162,-0.33272,-0.90087,-0.88,1.09,0.13,0.14491,-0.03495,-0.2411,-0.95898,-0.88,1.1,0.16,-0.35183,-0.14269,-0.2683,-0.88536,-0.87,1.09,0.17,-0.59484,-0.26021,-0.22566,-0.72632,-0.86,1.07,0.18,-0.59484,-0.26021,-0.22566,-0.72632,-0.71,1.1,0.11,-0.36975,-0.18559,-0.10911,0.90385,-0.69,1.06,0.07,-0.36975,-0.18559,-0.10911,0.90385,-0.73,1.07,0.09,-0.45959,-0.2373,0.59106,0.61897,-0.75,1.08,0.1,-0.27725,-0.07431,0.56047,0.77684,-0.77,1.09,0.13,-0.17977,-0.04067,0.63893,0.74686,-0.77,1.1,0.15,-0.17977,-0.04067,0.63893,0.74686,-0.72,1.08,0.09,-0.36975,-0.18559,-0.10911,0.90385,-0.73,1.12,0.12,-0.18932,-0.21941,-0.01949,0.95689,-0.75,1.13,0.15,0.16866,-0.21921,0.03532,0.96034,-0.76,1.12,0.17,0.30987,-0.18632,0.05455,0.93075,-0.76,1.11,0.19,0.30987,-0.18632,0.05455,0.93075,-0.7,1.07,0.09,-0.36975,-0.18559,-0.10911,0.90385,-0.71,1.12,0.13,-0.18417,-0.18354,-0.09201,0.96121,-0.73,1.14,0.17,0.22705,-0.20807,-0.02124,0.95116,-0.74,1.12,0.19,0.43929,-0.20129,-0.03846,0.87466,-0.75,1.11,0.2,0.43929,-0.20129,-0.03846,0.87466,-0.68,1.07,0.1,-0.36975,-0.18559,-0.10911,0.90385,-0.7,1.11,0.14,-0.2079,-0.15833,-0.15932,0.95201,-0.7,1.13,0.17,0.29408,-0.23813,-0.09683,0.92056,-0.72,1.12,0.19,0.56846,-0.27765,-0.04371,0.77321,-0.73,1.1,0.19,0.56846,-0.27765,-0.04371,0.77321,-0.68,1.07,0.1,-0.28764,-0.13136,-0.34124,0.88519,-0.68,1.1,0.14,-0.29517,-0.12822,-0.25049,0.91307,-0.68,1.12,0.16,0.27623,-0.25661,-0.21407,0.90112,-0.69,1.11,0.18,0.57617,-0.35838,-0.11595,0.72536,-0.71,1.09,0.18,0.57617,-0.35838,-0.11595,0.72536,-0.81,1.08,0.19
-0.8,1.45,-0.15,-0.8,1.45,-0.15,-0.85,1.1,0.11,0.32986,-0.04265,-0.09607,-0.93816,-0.85,1.06,0.06,0.32986,-0.04265,-0.09607,-0.93816,-0.82,1.07,0.09,0.43893,-0.1761,0.53212,-0.70227,-0.8,1.09,0.1,0.23303,-0.02423,0.48185,-0.84435,-0.79,1.1,0.13,0.11796,0.00261,0.55849,-0.82108,-0.78,1.11,0.16,0.11796,0.00261,0.55849,-0.82108,-0.83,1.08,0.09,0.32986,-0.04265,-0.09607,-0.93816,-0.83,1.12,0.13,0.05472,-0.04621,-0.04963,-0.9962,-0.82,1.12,0.17,-0.41432,-0.07091,-0.04742,-0.90612,-0.82,1.1,0.18,-0.60491,-0.05271,-0.0372,-0.79368,-0.82,1.08,0.19,-0.60491,-0.05271,-0.0372,-0.79368,-0.85,1.08,0.09,0.32986,-0.04265,-0.09607,-0.93816,-0.85,1.12,0.13,0.0471,-0.04401,-0.10468,-0.99242,-0.85,1.12,0.17,-0.4404,-0.09148,-0.08297,-0.88927,-0.84,1.1,0.19,-0.66057,-0.08954,-0.121,-0.73552,-0.83,1.08,0.19,-0.66057,-0.08954,-0.121,-0.73552,-0.87,1.07,0.09,0.32986,-0.04265,-0.09607,-0.93816,-0.87,1.11,0.13,0.0697,-0.03702,-0.15937,-0.98406,-0.87,1.11,0.17,-0.43654,-0.12949,-0.15863,-0.87607,-0.86,1.09,0.18,-0.68692,-0.18993,-0.13943,-0.68748,-0.85,1.07,0.19,-0.68692,-0.18993,-0.13943,-0.68748,-0.87,1.07,0.09,0.27982,0.02033,-0.33274,-0.90032,-0.88,1.09,0.13,0.13114,-0.03947,-0.23978,-0.96112,-0.88,1.1,0.16,-0.34936,-0.14044,-0.26668,-0.88719,-0.87,1.09,0.17,-0.58342,-0.25506,-0.2276,-0.73673,-0.86,1.07,0.18,-0.58342,-0.25506,-0.2276,-0.73673,-0.71,1.09,0.12,-0.31982,-0.20462,-0.11931,0.91739,-0.69,1.06,0.07,-0.31982,-0.20462,-0.11931,0.91739,-0.73,1.07,0.09,-0.4627,-0.28668,0.54892,0.63436,-0.75,1.08,0.1,-0.26953,-0.13227,0.53247,0.79142,-0.77,1.09,0.13,-0.18089,-0.10523,0.61706,0.75858,-0.78,1.09,0.15,-0.18089,-0.10523,0.61706,0.75858,-0.72,1.07,0.09,-0.31982,-0.20462,-0.11931,0.91739,-0.74,1.11,0.13,-0.18359,-0.22917,-0.04572,0.95482,-0.75,1.12,0.16,0.19415,-0.23713,0.01951,0.95168,-0.76,1.12,0.18,0.35568,-0.20525,0.04751,0.91056,-0.77,1.1,0.19,0.35568,-0.20525,0.04751,0.91056,-0.7,1.07,0.09,-0.31982,-0.20462,-0.11931,0.91739,-0.72,1.11,0.14,-0.16765,-0.19352,-0.10784,0.96063,-0.73,1.13,0.17,0.21661,-0.22252,-0.03754,0.94982,-0.74,1.12,0.19,0.39091,-0.21894,-0.05675,0.89221,-0.75,1.1,0.21,0.39091,-0.21894,-0.05675,0.89221,-0.69,1.07,0.1,-0.31982,-0.20462,-0.11931,0.91739,-0.7,1.1,0.14,-0.16988,-0.16905,-0.16802,0.95621,-0.71,1.12,0.17,0.30337,-0.24747,-0.10633,0.91401,-0.72,1.11,0.19,0.53778,-0.28852,-0.06068,0.78986,-0.73,1.09,0.2,0.53778,-0.28852,-0.06068,0.78986,-0.68,1.07,0.11,-0.2337,-0.13774,-0.34657,0.89794,-0.68,1.09,0.14,-0.27869,-0.12169,-0.26102,0.91618,-0.69,1.11,0.17,0.2674,-0.25001,-0.23201,0.9012,-0.7,1.1,0.18,0.52331,-0.35193,-0.15316,0.76081,-0.71,1.09,0.19,0.52331,-0.35193,-0.15316,0.76081,-0.81,1.08,0.19
-0.8,1.44,-0.15,-0.8,1.44,-0.15,-0.85,1.1,0.11,0.34928,-0.04396,-0.11876,-0.92842,-0.85,1.06,0.06,0.34928,-0.04396,-0.11876,-0.92842,-0.82,1.08,0.08,0.46196,-0.15973,0.51546,-0.70383,-0.8,1.09,0.1,0.25394,-0.01431,0.46033,-0.85053,-0.79,1.11,0.13,0.13759,0.01193,0.53762,-0.8318,-0.79,1.11,0.15,0.13759,0.01193,0.53762,-0.8318,-0.83,1.08,0.08,0.34928,-0.04396,-0.11876,-0.92842,-0.83,1.12,0.13,0.07246,-0.05475,-0.07043,-0.99337,-0.83,1.13,0.17,-0.39735,-0.08853,-0.06171,-0.9113,-0.82,1.11,0.18,-0.58605,-0.0729,-0.04819,-0.80555,-0.82,1.09,0.19,-0.58605,-0.0729,-0.04819,-0.80555,-0.85,1.08,0.08,0.34928,-0.04396,-0.11876,-0.92842,-0.85,1.12,0.13,0.06856,-0.05246,-0.12638,-0.98822,-0.85,1.13,0.17,-0.42132,-0.10984,-0.09757,-0.89493,-0.84,1.11,0.19,-0.64249,-0.11216,-0.13059,-0.74671,-0.83,1.09,0.19,-0.64249,-0.11216,-0.13059,-0.74671,-0.87,1.08,0.09,0.34928,-0.04396,-0.11876,-0.92842,-0.87,1.11,0.13,0.08135,-0.04868,-0.18001,-0.97909,-0.87,1.12,0.17,-0.42051,-0.14972,-0.17069,-0.87842,-0.86,1.1,0.18,-0.66989,-0.21295,-0.14469,-0.6964,-0.85,1.08,0.18,-0.66989,-0.21295,-0.14469,-0.6964,-0.87,1.07,0.09,0.29535,0.01325,-0.3554,-0.88673,-0.89,1.1,0.13,0.14358,-0.05574,-0.25886,-0.95356,-0.88,1.1,0.16,-0.31972,-0.15996,-0.27761,-0.8917,-0.87,1.09,0.17,-0.54462,-0.27401,-0.23441,-0.7572,-0.86,1.08,0.18,-0.54462,-0.27401,-0.23441,-0.7572,-0.71,1.09,0.12,-0.29251,-0.22374,-0.10006,0.92432,-0.68,1.06,0.07,-0.29251,-0.22374,-0.10006,0.92432,-0.73,1.06,0.09,-0.46128,-0.31207,0.54113,0.63008,-0.75,1.07,0.1,-0.26936,-0.16049,0.53175,0.78672,-0.77,1.08,0.13,-0.19209,-0.13988,0.61758,0.74975,-0.78,1.08,0.15,-0.19209,-0.13988,0.61758,0.74975,-0.72,1.07,0.09,-0.29251,-0.22374,-0.10006,0.92432,-0.74,1.11,0.13,-0.07405,-0.25138,0.00222,0.96505,-0.76,1.11,0.16,0.36416,-0.23133,0.08826,0.89782,-0.77,1.09,0.18,0.54094,-0.18235,0.12612,0.81131,-0.77,1.08,0.18,0.54094,-0.18235,0.12612,0.81131,-0.7,1.07,0.09,-0.29251,-0.22374,-0.10006,0.92432,-0.72,1.11,0.14,-0.10654,-0.21126,-0.07777,0.96849,-0.74,1.12,0.17,0.29235,-0.22657,0.00079,0.92909,-0.75,1.1,0.19,0.47003,-0.21133,-0.01654,0.85682,-0.76,1.08,0.2,0.47003,-0.21133,-0.01654,0.85682,-0.68,1.07,0.1,-0.29251,-0.22374,-0.10006,0.92432,-0.7,1.1,0.14,-0.10941,-0.18587,-0.13915,0.9665,-0.71,1.11,0.18,0.37125,-0.24702,-0.07201,0.89217,-0.73,1.09,0.19,0.60337,-0.27699,-0.02794,0.74729,-0.74,1.07,0.2,0.60337,-0.27699,-0.02794,0.74729,-0.68,1.07,0.11,-0.20587,-0.14927,-0.32518,0.91082,-0.68,1.09,0.15,-0.2276,-0.12685,-0.24051,0.93502,-0.69,1.1,0.17,0.33072,-0.24129,-0.21046,0.88776,-0.7,1.09,0.18,0.58231,-0.33674,-0.13754,0.72706,-0.71,1.08,0.19,0.58231,-0.33674,-0.13754,0.72706,-0.81,1.08,0.19
-0.8,1.44,-0.15,-0.8,1.44,-0.15,-0.85,1.1,0.1,0.37226,-0.05036,-0.11734,-0.9193,-0.86,1.06,0.06,0.37226,-0.05036,-0.11734,-0.9193,-0.82,1.08,0.08,0.47559,-0.14954,0.52429,-0.69034,-0.8,1.1,0.1,0.26537,0.0,0.46686,-0.84358,-0.79,1.11,0.13,0.14612,0.02939,0.54233,-0.82684,-0.79,1.12,0.15,0.14612,0.02939,0.54233,-0.82684,-0.84,1.09,0.08,0.37226,-0.05036,-0.11734,-0.9193,-0.83,1.13,0.12,0.08676,-0.0641,-0.06411,-0.9921,-0.83,1.13,0.16,-0.3903,-0.09458,-0.05104,-0.91439,-0.82,1.12,0.18,-0.58159,-0.07669,-0.03646,-0.80904,-0.82,1.1,0.19,-0.58159,-0.07669,-0.03646,-0.80904,-0.85,1.08,0.08,0.37226,-0.05036,-0.11734,-0.9193,-0.85,1.13,0.13,0.10905,-0.05768,-0.1242,-0.98456,-0.85,1.14,0.17,-0.37692,-0.11312,-0.09391,-0.9145,-0.84,1.12,0.19,-0.59866,-0.11703,-0.12739,-0.7821,-0.84,1.1,0.19,-0.59866,-0.11703,-0.12739,-0.7821,-0.87,1.08,0.09,0.37226,-0.05036,-0.11734,-0.9193,-0.87,1.12,0.13,0.12943,-0.0535,-0.17815,-0.97399,-0.87,1.13,0.16,-0.36187,-0.15229,-0.16795,-0.90424,-0.86,1.11,0.18,-0.61318,-0.21528,-0.14197,-0.74666,-0.85,1.09,0.19,-0.61318,-0.21528,-0.14197,-0.74666,-0.88,1.08,0.09,0.31664,0.00104,-0.35524,-0.87951,-0.89,1.1,0.13,0.1884,-0.06051,-0.25627,-0.94613,-0.89,1.11,0.15,-0.26231,-0.16231,-0.27544,-0.91048,-0.88,1.1,0.17,-0.48448,-0.27372,-0.23206,-0.79782,-0.86,1.09,0.18,-0.48448,-0.27372,-0.23206,-0.79782,-0.71,1.09,0.12,-0.30429,-0.21907,-0.08173,0.92344,-0.68,1.06,0.07,-0.30429,-0.21907,-0.08173,0.92344,-0.72,1.06,0.09,-0.46886,-0.29535,0.55045,0.62445,-0.75,1.07,0.1,-0.28852,-0.14899,0.53402,0.78063,-0.77,1.08,0.13,-0.22299,-0.13636,0.61836,0.74115,-0.78,1.09,0.15,-0.22299,-0.13636,0.61836,0.74115,-0.71,1.07,0.09,-0.30429,-0.21907,-0.08173,0.92344,-0.74,1.11,0.13,0.02118,-0.26283,0.06822,0.96219,-0.76,1.1,0.16,0.47964,-0.20455,0.15973,0.83821,-0.76,1.08,0.17,0.64811,-0.13887,0.19599,0.72267,-0.76,1.06,0.17,0.64811,-0.13887,0.19599,0.72267,-0.7,1.07,0.09,-0.30429,-0.21907,-0.08173,0.92344,-0.72,1.11,0.14,-0.08465,-0.20782,-0.05227,0.97309,-0.73,1.12,0.17,0.33922,-0.21223,0.02843,0.91601,-0.74,1.1,0.19,0.53007,-0.18806,0.01059,0.82677,-0.75,1.08,0.2,0.53007,-0.18806,0.01059,0.82677,-0.68,1.07,0.1,-0.30429,-0.21907,-0.08173,0.92344,-0.7,1.1,0.14,-0.09791,-0.17875,-0.11958,0.97168,-0.71,1.11,0.18,0.39008,-0.23137,-0.05712,0.88941,-0.72,1.09,0.19,0.62866,-0.25715,-0.01635,0.73375,-0.73,1.07,0.19,0.62866,-0.25715,-0.01635,0.73375,-0.68,1.07,0.11,-0.22083,-0.14697,-0.309,0.91332,-0.68,1.09,0.15,-0.2092,-0.1073,-0.22744,0.94498,-0.69,1.1,0.17,0.3574,-0.21789,-0.20916,0.88376,-0.7,1.09,0.18,0.609,-0.31441,-0.14392,0.71383,-0.71,1.08,0.19,0.609,-0.31441,-0.14392,0.71383,-0.81,1.08,0.19
-0.8,1.44,-0.15,-0.8,1.44,-0.15,-0.85,1.1,0.11,0.35684,-0.06233,-0.1193,-0.92442,-0.86,1.06,0.06,0.35684,-0.06233,-0.1193,-0.92442,-0.82,1.08,0.08,0.45832,-0.16639,0.53149,-0.69266,-0.8,1.09,0.1,0.23669,-0.00632,0.47997,-0.84473,-0.79,1.11,0.13,0.11413,0.02444,0.55425,-0.82412,-0.79,1.11,0.15,0.11413,0.02444,0.55425,-0.82412,-0.84,1.08,0.08,0.35684,-0.06233,-0.1193,-0.92442,-0.83,1.13,0.13,0.06078,-0.08002,-0.0591,-0.99318,-0.83,1.13,0.16,-0.42435,-0.10607,-0.03811,-0.89846,-0.82,1.11,0.18,-0.6184,-0.08517,-0.01941,-0.781,-0.82,1.09,0.18,-0.6184,-0.08517,-0.01941,-0.781,-0.85,1.08,0.08,0.35684,-0.06233,-0.1193,-0.92442,-0.85,1.12,0.13,0.10351,-0.06849,-0.123,-0.98461,-0.85,1.13,0.17,-0.36659,-0.12048,-0.08968,-0.91818,-0.84,1.12,0.19,-0.58418,-0.12334,-0.12195,-0.79287,-0.83,1.09,0.2,-0.58418,-0.12334,-0.12195,-0.79287,-0.87,1.08,0.09,0.35684,-0.06233,-0.1193,-0.92442,-0.87,1.11,0.13,0.14664,-0.05869,-0.17882,-0.97112,-0.87,1.13,0.16,-0.33876,-0.15661,-0.16668,-0.91265,-0.86,1.11,0.18,-0.58909,-0.21913,-0.13992,-0.7651,-0.85,1.09,0.19,-0.58909,-0.21913,-0.13992,-0.7651,-0.88,1.07,0.09,0.29887,-0.00667,-0.35581,-0.88546,-0.89,1.1,0.13,0.20435,-0.05898,-0.25722,-0.94265,-0.89,1.11,0.16,-0.24931,-0.16344,-0.27666,-0.91356,-0.88,1.1,0.17,-0.47472,-0.27577,-0.23173,-0.80305,-0.86,1.09,0.18,-0.47472,-0.27577,-0.23173,-0.80305,-0.71,1.09,0.12,-0.32445,-0.19649,-0.07175,0.92248,-0.68,1.06,0.07,-0.32445,-0.19649,-0.07175,0.92248,-0.72,1.07,0.09,-0.46778,-0.26484,0.56628,0.62479,-0.75,1.07,0.1,-0.30149,-0.12336,0.53882,0.77689,-0.77,1.09,0.13,-0.2475,-0.12043,0.62106,0.73385,-0.78,1.09,0.15,-0.2475,-0.12043,0.62106,0.73385,-0.71,1.07,0.09,-0.32445,-0.19649,-0.07175,0.92248,-0.73,1.11,0.13,0.01392,-0.26441,0.09685,0.95943,-0.75,1.11,0.16,0.44555,-0.1983,0.17963,0.85434,-0.76,1.09,0.17,0.6105,-0.13067,0.21163,0.75195,-0.76,1.07,0.18,0.6105,-0.13067,0.21163,0.75195,-0.7,1.07,0.1,-0.32445,-0.19649,-0.07175,0.92248,-0.71,1.11,0.14,-0.11547,-0.19149,-0.04553,0.97361,-0.73,1.12,0.17,0.28274,-0.19576,0.0217,0.93876,-0.74,1.11,0.19,0.47896,-0.17701,-0.00021,0.8598,-0.74,1.09,0.21,0.47896,-0.17701,-0.00021,0.8598,-0.68,1.07,0.1,-0.32445,-0.19649,-0.07175,0.92248,-0.69,1.11,0.14,-0.15707,-0.14832,-0.12345,0.96855,-0.7,1.12,0.17,0.31069,-0.20718,-0.07933,0.92426,-0.72,1.1,0.19,0.55942,-0.24271,-0.04323,0.79137,-0.73,1.08,0.2,0.55942,-0.24271,-0.04323,0.79137,-0.67,1.07,0.11,-0.24643,-0.12924,-0.30238,0.91167,-0.68,1.09,0.14,-0.26944,-0.04464,-0.23063,0.93393,-0.68,1.11,0.17,0.26028,-0.16333,-0.25116,0.91787,-0.69,1.1,0.19,0.51524,-0.27513,-0.19971,0.78673,-0.7,1.09,0.19,0.51524,-0.27513,-0.19971,0.78673,-0.81,1.08,0.19
-0.8,1.44,-0.15,-0.8,1.44,-0.15,-0.85,1.1,0.11,0.34412,-0.06862,-0.12715,-0.92774,-0.86,1.06,0.06,0.34412,-0.06862,-0.12715,-0.92774,-0.82,1.08,0.08,0.44643,-0.17867,0.5308,-0.69787,-0.8,1.09,0.1,0.21733,-0.01378,0.48355,-0.84779,-0.79,1.11,0.13,0.09397,0.0165,0.5578,-0.82447,-0.79,1.11,0.15,0.09397,0.0165,0.5578,-0.82447,-0.84,1.08,0.08,0.34412,-0.06862,-0.12715,-0.92774,-0.83,1.12,0.13,0.04472,-0.08946,-0.06385,-0.99293,-0.82,1.13,0.16,-0.44547,-0.11654,-0.03693,-0.88691,-0.82,1.11,0.18,-0.64139,-0.09516,-0.01453,-0.76115,-0.81,1.09,0.18,-0.64139,-0.09516,-0.01453,-0.76115,-0.85,1.08,0.08,0.34412,-0.06862,-0.12715,-0.92774,-0.85,1.12,0.13,0.08665,-0.07712,-0.12813,-0.98495,-0.85,1.13,0.17,-0.37787,-0.1299,-0.09079,-0.91219,-0.84,1.11,0.19,-0.59283,-0.13181,-0.12056,-0.78527,-0.83,1.09,0.2,-0.59283,-0.13181,-0.12056,-0.78527,-0.87,1.08,0.09,0.34412,-0.06862,-0.12715,-0.92774,-0.87,1.11,0.13,0.13512,-0.06534,-0.18473,-0.97126,-0.87,1.12,0.17,-0.34954,-0.16488,-0.16875,-0.90673,-0.86,1.11,0.18,-0.59748,-0.22723,-0.13974,-0.75621,-0.84,1.09,0.19,-0.59748,-0.22723,-0.13974,-0.75621,-0.88,1.07,0.09,0.28408,-0.0098,-0.3622,-0.8877,-0.88,1.1,0.13,0.19262,-0.06281,-0.26392,-0.94303,-0.88,1.11,0.16,-0.27118,-0.17215,-0.27917,-0.90493,-0.88,1.1,0.17,-0.49931,-0.28603,-0.23093,-0.78457,-0.86,1.09,0.18,-0.49931,-0.28603,-0.23093,-0.78457,-0.7,1.09,0.12,-0.31779,-0.19217,-0.07506,0.92544,-0.68,1.06,0.07,-0.31779,-0.19217,-0.07506,0.92544,-0.72,1.06,0.09,-0.46429,-0.2628,0.56139,0.63263,-0.75,1.07,0.1,-0.30003,-0.12475,0.53223,0.78176,-0.77,1.09,0.13,-0.2561,-0.13022,0.61403,0.73513,-0.78,1.09,0.15,-0.2561,-0.13022,0.61403,0.73513,-0.71,1.07,0.09,-0.31779,-0.19217,-0.07506,0.92544,-0.73,1.11,0.13,0.0131,-0.27582,0.09984,0.95592,-0.75,1.11,0.16,0.40073,-0.21622,0.17685,0.87258,-0.76,1.09,0.18,0.55644,-0.15276,0.20821,0.78974,-0.76,1.07,0.18,0.55644,-0.15276,0.20821,0.78974,-0.7,1.07,0.1,-0.31779,-0.19217,-0.07506,0.92544,-0.71,1.11,0.14,-0.12286,-0.19328,-0.04907,0.97218,-0.73,1.12,0.17,0.23685,-0.19954,0.01115,0.95077,-0.74,1.11,0.19,0.42146,-0.18633,-0.01181,0.88742,-0.75,1.09,0.21,0.42146,-0.18633,-0.01181,0.88742,-0.68,1.07,0.1,-0.31779,-0.19217,-0.07506,0.92544,-0.69,1.1,0.14,-0.17667,-0.13901,-0.13176,0.96545,-0.7,1.12,0.17,0.26095,-0.20069,-0.09647,0.93932,-0.71,1.11,0.2,0.49926,-0.24219,-0.06372,0.82947,-0.72,1.09,0.21,0.49926,-0.24219,-0.06372,0.82947,-0.67,1.07,0.11,-0.24037,-0.12332,-0.30534,0.91312,-0.68,1.09,0.14,-0.27724,-0.02172,-0.23515,0.93133,-0.67,1.11,0.17,0.22131,-0.13866,-0.26997,0.92678,-0.68,1.1,0.19,0.45567,-0.25169,-0.22969,0.82235,-0.7,1.09,0.2,0.45567,-0.25169,-0.22969,0.82235,-0.81,1.08,0.19
-0.8,1.44,-0.15,-0.8,1.44,-0.15,-0.85,1.1,0.11,0.33723,-0.06891,-0.13304,-0.92942,-0.86,1.06,0.06,0.33723,-0.06891,-0.13304,-0.92942,-0.82,1.08,0.08,0.43639,-0.18394,0.53187,-0.70202,-0.8,1.09,0.1,0.20338,-0.01583,0.48651,-0.84953,-0.79,1.1,0.13,0.08167,0.01249,0.56057,-0.82398,-0.79,1.11,0.16,0.08167,0.01249,0.56057,-0.82398,-0.84,1.08,0.08,0.33723,-0.06891,-0.13304,-0.92942,-0.83,1.12,0.13,0.0358,-0.09174,-0.0692,-0.99273,-0.82,1.13,0.16,-0.45493,-0.12098,-0.0403,-0.88135,-0.82,1.11,0.18,-0.65141,-0.1003,-0.01618,-0.75189,-0.81,1.09,0.18,-0.65141,-0.1003,-0.01618,-0.75189,-0.85,1.08,0.08,0.33723,-0.06891,-0.13304,-0.92942,-0.85,1.12,0.13,0.07052,-0.07996,-0.13281,-0.98539,-0.85,1.13,0.17,-0.39405,-0.13454,-0.09342,-0.90438,-0.84,1.11,0.19,-0.60869,-0.13593,-0.1215,-0.77217,-0.83,1.09,0.19,-0.60869,-0.13593,-0.1215,-0.77217,-0.87,1.08,0.09,0.33723,-0.06891,-0.13304,-0.92942,-0.87,1.11,0.13,0.12273,-0.06723,-0.1898,-0.9718,-0.87,1.12,0.17,-0.36161,-0.16864,-0.17231,-0.90062,-0.86,1.11,0.18,-0.60848,-0.23164,-0.14199,-0.74561,-0.84,1.09,0.19,-0.60848,-0.23164,-0.14199,-0.74561,-0.88,1.07,0.09,0.27649,-0.00853,-0.36728,-0.88802,-0.88,1.1,0.13,0.18098,-0.0646,-0.26908,-0.94375,-0.88,1.11,0.16,-0.28559,-0.17626,-0.28222,-0.89874,-0.87,1.1,0.17,-0.51563,-0.29173,-0.23197,-0.7715,-0.86,1.08,0.18,-0.51563,-0.29173,-0.23197,-0.7715,-0.7,1.09,0.12,-0.3199,-0.19008,-0.08005,0.92473,-0.68,1.06,0.07,-0.3199,-0.19008,-0.08005,0.92473,-0.72,1.07,0.09,-0.46982,-0.25875,0.55427,0.63647,-0.75,1.08,0.1,-0.30466,-0.12299,0.52375,0.78597,-0.77,1.09,0.13,-0.26039,-0.12815,0.60621,0.74047,-0.78,1.09,0.15,-0.26039,-0.12815,0.60621,0.74047,-0.71,1.07,0.09,-0.3199,-0.19008,-0.08005,0.92473,-0.73,1.11,0.13,-0.01157,-0.2777,0.08761,0.9566,-0.75,1.11,0.16,0.36727,-0.22552,0.16362,0.8874,-0.76,1.09,0.18,0.52114,-0.1659,0.19468,0.81424,-0.76,1.07,0.19,0.52114,-0.1659,0.19468,0.81424,-0.7,1.07,0.09,-0.3199,-0.19008,-0.08005,0.92473,-0.71,1.11,0.14,-0.12545,-0.19448,-0.05324,0.97139,-0.73,1.12,0.17,0.23478,-0.20218,0.00783,0.95076,-0.74,1.11,0.19,0.41512,-0.1898,-0.01507,0.88962,-0.75,1.09,0.21,0.41512,-0.1898,-0.01507,0.88962,-0.68,1.07,0.1,-0.3199,-0.19008,-0.08005,0.92473,-0.69,1.1,0.14,-0.17104,-0.13919,-0.13579,0.96588,-0.7,1.12,0.17,0.26094,-0.20183,-0.10111,0.93859,-0.71,1.11,0.19,0.49215,-0.24425,-0.06933,0.83266,-0.72,1.09,0.21,0.49215,-0.24425,-0.06933,0.83266,-0.67,1.07,0.11,-0.24216,-0.12192,-0.31036,0.91114,-0.68,1.09,0.14,-0.26994,-0.02154,-0.24071,0.93205,-0.67,1.11,0.17,0.22248,-0.13907,-0.2754,0.92483,-0.68,1.1,0.19,0.44716,-0.25122,-0.23713,0.82505,-0.69,1.09,0.2,0.44716,-0.25122,-0.23713,0.82505,-0.81,1.08,0.19
-0.8,1.44,-0.15,-0.8,1.44,-0.15,-0.85,1.1,0.11,0.34188,-0.06609,-0.13423,-0.92776,-0.86,1.06,0.06,0.34188,-0.06609,-0.13423,-0.92776,-0.82,1.08,0.08,0.4331,-0.17995,0.53711,-0.70111,-0.8,1.09,0.1,0.19991,-0.00952,0.49054,-0.84813,-0.79,1.1,0.13,0.07984,0.01753,0.56377,-0.82187,-0.79,1.11,0.16,0.07984,0.01753,0.56377,-0.82187,-0.84,1.08,0.08,0.34188,-0.06609,-0.13423,-0.92776,-0.83,1.12,0.13,0.03984,-0.08867,-0.07164,-0.99268,-0.83,1.13,0.16,-0.44964,-0.11951,-0.04412,-0.88408,-0.82,1.11,0.18,-0.64656,-0.09977,-0.02046,-0.75604,-0.82,1.09,0.18,-0.64656,-0.09977,-0.02046,-0.75604,-0.85,1.08,0.09,0.34188,-0.06609,-0.13423,-0.92776,-0.85,1.12,0.13,0.07474,-0.07715,-0.13517,-0.98498,-0.85,1.13,0.17,-0.38954,-0.13313,-0.09689,-0.90617,-0.84,1.11,0.19,-0.60516,-0.13577,-0.12523,-0.77438,-0.83,1.09,0.19,-0.60516,-0.13577,-0.12523,-0.77438,-0.87,1.08,0.09,0.34188,-0.06609,-0.13423,-0.92776,-0.87,1.11,0.13,0.1273,-0.06469,-0.19193,-0.97096,-0.87,1.12,0.17,-0.35689,-0.16759,-0.17533,-0.90211,-0.86,1.11,0.18,-0.60463,-0.2317,-0.145,-0.74814,-0.84,1.09,0.19,-0.60463,-0.2317,-0.145,-0.74814,-0.88,1.07,0.09,0.28144,-0.00702,-0.36879,-0.88585,-0.89,1.1,0.13,0.18484,-0.06303,-0.27077,-0.94263,-0.88,1.11,0.16,-0.2815,-0.17593,-0.28443,-0.89939,-0.88,1.1,0.17,-0.51257,-0.29228,-0.23374,-0.77279,-0.86,1.09,0.18,-0.51257,-0.29228,-0.23374,-0.77279,-0.7,1.09,0.11,-0.33263,-0.19163,-0.08519,0.91944,-0.68,1.06,0.07,-0.33263,-0.19163,-0.08519,0.91944,-0.72,1.07,0.09,-0.48308,-0.25163,0.54941,0.63361,-0.75,1.08,0.1,-0.31642,-0.11708,0.51738,0.78644,-0.77,1.09,0.13,-0.26733,-0.11797,0.60078,0.7441,-0.78,1.1,0.15,-0.26733,-0.11797,0.60078,0.7441,-0.71,1.07,0.09,-0.33263,-0.19163,-0.08519,0.91944,-0.73,1.11,0.13,-0.04373,-0.27805,0.07615,0.95655,-0.75,1.11,0.16,0.34231,-0.2303,0.15453,0.89772,-0.76,1.1,0.17,0.5004,-0.17208,0.18624,0.82783,-0.76,1.08,0.19,0.5004,-0.17208,0.18624,0.82783,-0.7,1.07,0.09,-0.33263,-0.19163,-0.08519,0.91944,-0.71,1.11,0.13,-0.13537,-0.19732,-0.05738,0.96925,-0.73,1.13,0.17,0.23565,-0.20637,0.00734,0.94965,-0.74,1.11,0.19,0.42028,-0.19381,-0.01422,0.88634,-0.75,1.1,0.21,0.42028,-0.19381,-0.01422,0.88634,-0.68,1.07,0.1,-0.33263,-0.19163,-0.08519,0.91944,-0.69,1.11,0.14,-0.17264,-0.14455,-0.1395,0.96428,-0.7,1.12,0.17,0.26375,-0.20878,-0.10115,0.93628,-0.71,1.11,0.19,0.49697,-0.25095,-0.06707,0.82798,-0.72,1.09,0.2,0.49697,-0.25095,-0.06707,0.82798,-0.67,1.07,0.11,-0.25354,-0.1269,-0.316,0.90541,-0.68,1.09,0.14,-0.26683,-0.03256,-0.24749,0.93085,-0.67,1.11,0.17,0.22906,-0.15274,-0.2754,0.92106,-0.68,1.1,0.18,0.4526,-0.26424,-0.23377,0.81895,-0.7,1.09,0.2,0.4526,-0.26424,-0.23377,0.81895,-0.81,1.08,0.19
-0.8,1.44,-0.15,-0.8,1.44,-0.15,-0.85,1.1,0.11,0.34578,-0.06363,-0.1329,-0.92667,-0.86,1.06,0.06,0.34578,-0.06363,-0.1329,-0.92667,-0.82,1.08,0.08,0.42783,-0.17596,0.54475,-0.69946,-0.8,1.09,0.1,0.19508,-0.00242,0.49695,-0.84556,-0.8,1.1,0.13,0.07614,0.02385,0.56908,-0.8184,-0.79,1.11,0.16,0.07614,0.02385,0.56908,-0.8184,-0.84,1.08,0.08,0.34578,-0.06363,-0.1329,-0.92667,-0.83,1.12,0.13,0.04351,-0.08397,-0.07246,-0.99288,-0.83,1.13,0.16,-0.44148,-0.11563,-0.04776,-0.8885,-0.82,1.11,0.18,-0.63875,-0.09686,-0.02529,-0.76288,-0.82,1.09,0.18,-0.63875,-0.09686,-0.02529,-0.76288,-0.85,1.08,0.09,0.34578,-0.06363,-0.1329,-0.92667,-0.85,1.12,0.13,0.08149,-0.07234,-0.13604,-0.98469,-0.85,1.13,0.17,-0.38164,-0.12918,-0.1001,-0.90975,-0.84,1.11,0.19,-0.59774,-0.13325,-0.12949,-0.77986,-0.83,1.09,0.19,-0.59774,-0.13325,-0.12949,-0.77986,-0.87,1.08,0.09,0.34578,-0.06363,-0.1329,-0.92667,-0.87,1.11,0.13,0.13542,-0.06005,-0.1924,-0.97007,-0.87,1.12,0.17,-0.34928,-0.1641,-0.17781,-0.90524,-0.86,1.11,0.18,-0.59823,-0.22933,-0.14821,-0.75337,-0.84,1.09,0.19,-0.59823,-0.22933,-0.14821,-0.75337,-0.88,1.07,0.09,0.28594,-0.00556,-0.36787,-0.8848,-0.89,1.1,0.13,0.19004,-0.05969,-0.27042,-0.94191,-0.89,1.11,0.16,-0.27841,-0.17386,-0.28541,-0.90045,-0.88,1.1,0.17,-0.5122,-0.29123,-0.23436,-0.77325,-0.86,1.09,0.18,-0.5122,-0.29123,-0.23436,-0.77325,-0.7,1.09,0.11,-0.34022,-0.19553,-0.08809,0.91556,-0.68,1.06,0.07,-0.34022,-0.19553,-0.08809,0.91556,-0.72,1.07,0.09,-0.49209,-0.25015,0.54633,0.62991,-0.75,1.08,0.1,-0.32189,-0.11447,0.51482,0.78629,-0.77,1.09,0.13,-0.2626,-0.1073,0.59909,0.74875,-0.78,1.1,0.14,-0.2626,-0.1073,0.59909,0.74875,-0.71,1.07,0.09,-0.34022,-0.19553,-0.08809,0.91556,-0.73,1.11,0.13,-0.05524,-0.27506,0.06887,0.95737,-0.75,1.12,0.16,0.3471,-0.22821,0.15057,0.89709,-0.76,1.1,0.17,0.51001,-0.16964,0.18323,0.82313,-0.76,1.08,0.18,0.51001,-0.16964,0.18323,0.82313,-0.7,1.07,0.09,-0.34022,-0.19553,-0.08809,0.91556,-0.71,1.12,0.13,-0.13837,-0.20128,-0.0589,0.96792,-0.73,1.13,0.17,0.25583,-0.21039,0.01258,0.94346,-0.74,1.12,0.19,0.44913,-0.19511,-0.00689,0.87188,-0.75,1.1,0.2,0.44913,-0.19511,-0.00689,0.87188,-0.68,1.07,0.1,-0.34022,-0.19553,-0.08809,0.91556,-0.69,1.11,0.14,-0.17229,-0.15066,-0.14091,0.9632,-0.7,1.12,0.17,0.27593,-0.21607,-0.09725,0.93151,-0.71,1.11,0.19,0.51214,-0.25675,-0.06068,0.81738,-0.73,1.09,0.2,0.51214,-0.25675,-0.06068,0.81738,-0.67,1.07,0.1,-0.25974,-0.13284,-0.31899,0.90174,-0.68,1.1,0.14,-0.26441,-0.04508,-0.25041,0.93024,-0.68,1.11,0.17,0.23959,-0.16705,-0.27071,0.91728,-0.68,1.1,0.18,0.46203,-0.27663,-0.22591,0.81177,-0.7,1.09,0.19,0.46203,-0.27663,-0.22591,0.81177,-0.81,1.08,0.19
-0.8,1.44,-0.15,-0.8,1.44,-0.15,-0.85,1.1,0.11,0.34585,-0.06394,-0.12699,-0.92745,-0.86,1.06,0.06,0.34585,-0.06394,-0.12699,-0.92745,-0.82,1.08,0.09,0.42379,-0.17699,0.55149,-0.69637,-0.8,1.09,0.1,0.19362,-0.00184,0.50397,-0.84174,-0.8,1.1,0.13,0.07549,0.02471,0.57568,-0.81381,-0.79,1.11,0.16,0.07549,0.02471,0.57568,-0.81381,-0.84,1.08,0.08,0.34585,-0.06394,-0.12699,-0.92745,-0.83,1.12,0.13,0.04683,-0.08083,-0.06809,-0.9933,-0.83,1.13,0.16,-0.43437,-0.11063,-0.04598,-0.89273,-0.82,1.11,0.18,-0.6315,-0.09155,-0.02512,-0.76954,-0.82,1.09,0.18,-0.6315,-0.09155,-0.02512,-0.76954,-0.85,1.08,0.09,0.34585,-0.06394,-0.12699,-0.92745,-0.85,1.12,0.13,0.08134,-0.06931,-0.13141,-0.98555,-0.85,1.13,0.17,-0.38827,-0.12499,-0.09657,-0.90791,-0.84,1.11,0.19,-0.60856,-0.12832,-0.12669,-0.77275,-0.83,1.09,0.19,-0.60856,-0.12832,-0.12669,-0.77275,-0.87,1.08,0.09,0.34585,-0.06394,-0.12699,-0.92745,-0.87,1.11,0.13,0.13603,-0.0573,-0.18758,-0.9711,-0.87,1.12,0.17,-0.35854,-0.16112,-0.17351,-0.90299,-0.86,1.11,0.18,-0.61253,-0.22577,-0.14388,-0.74373,-0.85,1.09,0.19,-0.61253,-0.22577,-0.14388,-0.74373,-0.88,1.07,0.09,0.28676,-0.00566,-0.36231,-0.88683,-0.89,1.1,0.13,0.19041,-0.05746,-0.26537,-0.94341,-0.89,1.11,0.16,-0.29317,-0.17388,-0.27999,-0.89745,-0.88,1.1,0.17,-0.54012,-0.29336,-0.22509,-0.756,-0.86,1.09,0.18,-0.54012,-0.29336,-0.22509,-0.756,-0.7,1.09,0.11,-0.33988,-0.19939,-0.0864,0.91502,-0.68,1.06,0.07,-0.33988,-0.19939,-0.0864,0.91502,-0.72,1.07,0.09,-0.49159,-0.25353,0.54881,0.6268,-0.75,1.08,0.1,-0.3205,-0.11616,0.51866,0.78408,-0.77,1.09,0.12,-0.25904,-0.10709,0.60287,0.74698,-0.78,1.1,0.14,-0.25904,-0.10709,0.60287,0.74698,-0.71,1.07,0.09,-0.33988,-0.19939,-0.0864,0.91502,-0.73,1.11,0.13,-0.04399,-0.27486,0.07329,0.95768,-0.75,1.11,0.16,0.36426,-0.22477,0.1562,0.89016,-0.76,1.1,0.17,0.52644,-0.16483,0.18885,0.81242,-0.76,1.08,0.18,0.52644,-0.16483,0.18885,0.81242,-0.7,1.07,0.09,-0.33988,-0.19939,-0.0864,0.91502,-0.71,1.12,0.13,-0.13629,-0.20437,-0.0563,0.96772,-0.73,1.13,0.17,0.26291,-0.21209,0.01734,0.94106,-0.74,1.11,0.19,0.45809,-0.19526,-0.00151,0.86719,-0.75,1.1,0.2,0.45809,-0.19526,-0.00151,0.86719,-0.68,1.07,0.1,-0.33988,-0.19939,-0.0864,0.91502,-0.69,1.11,0.14,-0.17404,-0.15373,-0.13904,0.96268,-0.7,1.12,0.17,0.28059,-0.21865,-0.09283,0.92997,-0.72,1.11,0.19,0.51859,-0.25799,-0.05534,0.81329,-0.73,1.09,0.2,0.51859,-0.25799,-0.05534,0.81329,-0.67,1.07,0.1,-0.25885,-0.13655,-0.31713,0.9021,-0.68,1.1,0.14,-0.26218,-0.05103,-0.24814,0.93117,-0.68,1.11,0.17,0.25243,-0.17363,-0.26441,0.91445,-0.69,1.1,0.18,0.47534,-0.28152,-0.21828,0.80446,-0.7,1.09,0.19,0.47534,-0.28152,-0.21828,0.80446,-0.81,1.08,0.19
-0.8,1.44,-0.15,-0.8,1.44,-0.15,-0.85,1.1,0.11,0.34632,-0.06425,-0.12241,-0.92788,-0.86,1.06,0.06,0.34632,-0.06425,-0.12241,-0.92788,-0.82,1.08,0.09,0.42133,-0.17674,0.55641,-0.69401,-0.8,1.09,0.1,0.19397,-0.00105,0.50872,-0.8388,-0.79,1.1,0.14,0.07597,0.0261,0.58009,-0.81059,-0.79,1.11,0.16,0.07597,0.0261,0.58009,-0.81059,-0.84,1.08,0.09,0.34632,-0.06425,-0.12241,-0.92788,-0.83,1.12,0.13,0.04959,-0.07855,-0.06461,-0.99358,-0.83,1.13,0.16,-0.43129,-0.107,-0.04409,-0.89476,-0.82,1.11,0.18,-0.62801,-0.08755,-0.02434,-0.77288,-0.82,1.09,0.18,-0.62801,-0.08755,-0.02434,-0.77288,-0.85,1.08,0.09,0.34632,-0.06425,-0.12241,-0.92788,-0.85,1.12,0.13,0.07479,-0.06788,-0.12733,-0.9867,-0.85,1.13,0.17,-0.40797,-0.12311,-0.09186,-0.89998,-0.84,1.11,0.19,-0.63541,-0.12472,-0.12164,-0.75227,-0.83,1.09,0.19,-0.63541,-0.12472,-0.12164,-0.75227,-0.87,1.08,0.09,0.34632,-0.06425,-0.12241,-0.92788,-0.87,1.11,0.13,0.12924,-0.05664,-0.18339,-0.97286,-0.87,1.12,0.17,-0.37891,-0.16065,-0.16826,-0.89572,-0.86,1.11,0.18,-0.64003,-0.22436,-0.13719,-0.72194,-0.85,1.08,0.19,-0.64003,-0.22436,-0.13719,-0.72194,-0.88,1.07,0.09,0.28778,-0.00592,-0.35803,-0.88824,-0.89,1.1,0.13,0.18665,-0.0575,-0.26127,-0.9453,-0.89,1.11,0.16,-0.30916,-0.17507,-0.27471,-0.89348,-0.88,1.1,0.17,-0.56776,-0.29614,-0.21584,-0.73713,-0.86,1.08,0.18,-0.56776,-0.29614,-0.21584,-0.73713,-0.7,1.09,0.11,-0.34236,-0.19812,-0.08867,0.91416,-0.68,1.06,0.07,-0.34236,-0.19812,-0.08867,0.91416,-0.72,1.07,0.09,-0.48755,-0.25035,0.55423,0.62646,-0.75,1.08,0.1,-0.31703,-0.11128,0.52333,0.78309,-0.77,1.09,0.13,-0.25415,-0.10159,0.60703,0.74606,-0.78,1.1,0.14,-0.25415,-0.10159,0.60703,0.74606,-0.71,1.07,0.09,-0.34236,-0.19812,-0.08867,0.91416,-0.73,1.11,0.13,-0.03621,-0.27206,0.07321,0.95881,-0.75,1.11,0.16,0.37471,-0.22155,0.15566,0.88672,-0.76,1.1,0.17,0.53557,-0.16176,0.1879,0.80727,-0.76,1.08,0.18,0.53557,-0.16176,0.1879,0.80727,-0.7,1.07,0.09,-0.34236,-0.19812,-0.08867,0.91416,-0.71,1.12,0.13,-0.13161,-0.20422,-0.05714,0.96835,-0.73,1.13,0.17,0.27276,-0.21213,0.01769,0.93824,-0.74,1.11,0.19,0.46935,-0.19448,-0.00079,0.86133,-0.75,1.09,0.2,0.46935,-0.19448,-0.00079,0.86133,-0.68,1.07,0.1,-0.34236,-0.19812,-0.08867,0.91416,-0.69,1.11,0.14,-0.17289,-0.15411,-0.14074,0.96258,-0.7,1.12,0.17,0.28861,-0.22036,-0.09269,0.92712,-0.72,1.11,0.19,0.5281,-0.25942,-0.05433,0.80676,-0.73,1.09,0.2,0.5281,-0.25942,-0.05433,0.80676,-0.67,1.07,0.1,-0.26121,-0.13599,-0.31952,0.90066,-0.68,1.1,0.14,-0.26178,-0.05208,-0.25051,0.93059,-0.68,1.11,0.17,0.26399,-0.17885,-0.26418,0.91024,-0.69,1.1,0.18,0.4898,-0.28737,-0.21583,0.79431,-0.7,1.09,0.19,0.4898,-0.28737,-0.21583,0.79431,-0.81,1.08,0.19
-0.8,1.44,-0.15,-0.8,1.44,-0.15,-0.85,1.1,0.11,0.34224,-0.06331,-0.12559,-0.92903,-0.86,1.06,0.06,0.34224,-0.06331,-0.12559,-0.92903,-0.82,1.08,0.09,0.41836,-0.17756,0.55396,-0.69755,-0.8,1.09,0.11,0.19069,-0.00269,0.50643,-0.84092,-0.79,1.1,0.14,0.07248,0.02405,0.57797,-0.81248,-0.79,1.1,0.16,0.07248,0.02405,0.57797,-0.81248,-0.84,1.08,0.09,0.34224,-0.06331,-0.12559,-0.92903,-0.83,1.12,0.13,0.04456,-0.07836,-0.06809,-0.9936,-0.83,1.13,0.17,-0.43581,-0.10837,-0.04726,-0.89224,-0.82,1.11,0.18,-0.63096,-0.08954,-0.02709,-0.77015,-0.82,1.09,0.18,-0.63096,-0.08954,-0.02709,-0.77015,-0.85,1.08,0.09,0.34224,-0.06331,-0.12559,-0.92903,-0.85,1.12,0.13,0.0604,-0.06819,-0.13034,-0.98728,-0.85,1.13,0.17,-0.42831,-0.12542,-0.09337,-0.89,-0.84,1.11,0.19,-0.65859,-0.12631,-0.12158,-0.73179,-0.83,1.08,0.19,-0.65859,-0.12631,-0.12158,-0.73179,-0.87,1.08,0.09,0.34224,-0.06331,-0.12559,-0.92903,-0.87,1.11,0.13,0.11316,-0.05707,-0.18643,-0.97426,-0.87,1.12,0.17,-0.39924,-0.16296,-0.17003,-0.88608,-0.86,1.1,0.18,-0.66155,-0.22707,-0.13727,-0.70139,-0.84,1.08,0.19,-0.66155,-0.22707,-0.13727,-0.70139,-0.88,1.07,0.09,0.28356,-0.00406,-0.36079,-0.88849,-0.89,1.09,0.13,0.17387,-0.05827,-0.2645,-0.94679,-0.88,1.11,0.16,-0.32312,-0.17691,-0.27671,-0.88754,-0.87,1.1,0.17,-0.58301,-0.29931,-0.21633,-0.72368,-0.86,1.08,0.18,-0.58301,-0.29931,-0.21633,-0.72368,-0.7,1.09,0.11,-0.34603,-0.19566,-0.09333,0.91284,-0.68,1.06,0.07,-0.34603,-0.19566,-0.09333,0.91284,-0.72,1.07,0.09,-0.48217,-0.24558,0.56048,0.62694,-0.75,1.08,0.1,-0.31232,-0.10459,0.52838,0.78251,-0.77,1.09,0.13,-0.24733,-0.09397,0.61145,0.74574,-0.78,1.1,0.15,-0.24733,-0.09397,0.61145,0.74574,-0.71,1.07,0.09,-0.34603,-0.19566,-0.09333,0.91284,-0.73,1.11,0.12,-0.03674,-0.26942,0.06831,0.95989,-0.75,1.12,0.16,0.37993,-0.22031,0.15142,0.88555,-0.76,1.1,0.17,0.54004,-0.16139,0.18353,0.80537,-0.76,1.08,0.18,0.54004,-0.16139,0.18353,0.80537,-0.7,1.07,0.09,-0.34603,-0.19566,-0.09333,0.91284,-0.71,1.12,0.13,-0.11846,-0.20506,-0.05788,0.96983,-0.73,1.13,0.17,0.29896,-0.21274,0.02039,0.93003,-0.74,1.11,0.19,0.50086,-0.19238,0.00322,0.84387,-0.75,1.09,0.2,0.50086,-0.19238,0.00322,0.84387,-0.68,1.07,0.1,-0.34603,-0.19566,-0.09333,0.91284,-0.69,1.11,0.14,-0.15907,-0.1572,-0.14202,0.96427,-0.7,1.12,0.17,0.31697,-0.22453,-0.08933,0.91714,-0.72,1.11,0.19,0.56007,-0.26182,-0.04885,0.78447,-0.73,1.09,0.2,0.56007,-0.26182,-0.04885,0.78447,-0.67,1.07,0.1,-0.26465,-0.13464,-0.32432,0.89814,-0.68,1.1,0.14,-0.25837,-0.0548,-0.25507,0.93015,-0.68,1.11,0.17,0.28355,-0.18785,-0.26395,0.90258,-0.69,1.1,0.18,0.51623,-0.29795,-0.21087,0.77477,-0.7,1.09,0.19,0.51623,-0.29795,-0.21087,0.77477,-0.81,1.08,0.19
-0.8,1.44,-0.15,-0.8,1.44,-0.15,-0.86,1.1,0.11,0.3257,-0.05489,-0.20979,-0.92027,-0.86,1.06,0.06,0.3257,-0.05489,-0.20979,-0.92027,-0.83,1.08,0.09,0.43875,-0.17419,0.47542,-0.74239,-0.8,1.1,0.1,0.20561,-0.02957,0.42535,-0.88087,-0.8,1.11,0.13,0.08857,-0.01177,0.50451,-0.85877,-0.79,1.11,0.16,0.08857,-0.01177,0.50451,-0.85877,-0.84,1.08,0.09,0.3257,-0.05489,-0.20979,-0.92027,-0.84,1.12,0.13,0.02327,-0.09497,-0.15197,-0.98354,-0.83,1.13,0.17,-0.43957,-0.16102,-0.11482,-0.87617,-0.82,1.11,0.18,-0.62706,-0.15571,-0.08188,-0.75885,-0.81,1.09,0.19,-0.62706,-0.15571,-0.08188,-0.75885,-0.85,1.08,0.09,0.3257,-0.05489,-0.20979,-0.92027,-0.86,1.12,0.13,0.04042,-0.08495,-0.2122,-0.97269,-0.85,1.12,0.17,-0.42743,-0.17757,-0.15886,-0.87209,-0.84,1.1,0.19,-0.64319,-0.19207,-0.17133,-0.72116,-0.83,1.08,0.19,-0.64319,-0.19207,-0.17133,-0.72116,-0.87,1.07,0.09,0.3257,-0.05489,-0.20979,-0.92027,-0.87,1.1,0.13,0.0882,-0.06922,-0.26791,-0.9569,-0.87,1.11,0.17,-0.39426,-0.20922,-0.23724,-0.86285,-0.86,1.1,0.19,-0.63276,-0.28888,-0.19056,-0.69272,-0.84,1.08,0.19,-0.63276,-0.28888,-0.19056,-0.69272,-0.88,1.07,0.1,0.25764,0.00474,-0.43832,-0.86109,-0.89,1.09,0.13,0.15163,-0.06223,-0.3455,-0.92399,-0.89,1.1,0.16,-0.31033,-0.21015,-0.34751,-0.85952,-0.88,1.09,0.18,-0.52816,-0.34205,-0.28477,-0.72316,-0.86,1.08,0.18,-0.52816,-0.34205,-0.28477,-0.72316,-0.7,1.1,0.11,-0.35641,-0.19664,-0.10418,0.90744,-0.68,1.06,0.07,-0.35641,-0.19664,-0.10418,0.90744,-0.72,1.07,0.09,-0.48824,-0.23942,0.55852,0.62639,-0.75,1.08,0.1,-0.31652,-0.09813,0.52512,0.78386,-0.77,1.09,0.13,-0.24737,-0.08457,0.60832,0.7494,-0.78,1.1,0.15,-0.24737,-0.08457,0.60832,0.7494,-0.71,1.07,0.09,-0.35641,-0.19664,-0.10418,0.90744,-0.73,1.12,0.12,-0.04065,-0.26817,0.05811,0.96076,-0.75,1.12,0.16,0.38683,-0.22197,0.14422,0.88334,-0.76,1.1,0.17,0.54632,-0.16436,0.17691,0.80201,-0.76,1.08,0.18,0.54632,-0.16436,0.17691,0.80201,-0.7,1.07,0.09,-0.35641,-0.19664,-0.10418,0.90744,-0.71,1.12,0.13,-0.11039,-0.2117,-0.06282,0.96905,-0.73,1.13,0.17,0.33405,-0.22004,0.0253,0.91616,-0.74,1.11,0.19,0.54993,-0.19481,0.01251,0.81208,-0.74,1.09,0.19,0.54993,-0.19481,0.01251,0.81208,-0.68,1.07,0.1,-0.35641,-0.19664,-0.10418,0.90744,-0.69,1.11,0.14,-0.15221,-0.16775,-0.14771,0.96274,-0.7,1.12,0.17,0.34388,-0.23804,-0.08439,0.90441,-0.72,1.11,0.19,0.59719,-0.27246,-0.03695,0.7535,-0.73,1.09,0.19,0.59719,-0.27246,-0.03695,0.7535,-0.67,1.07,0.1,-0.27307,-0.1387,-0.33515,0.891,-0.68,1.1,0.14,-0.26168,-0.07146,-0.2638,0.92565,-0.68,1.11,0.17,0.29228,-0.21028,-0.25987,0.896,-0.69,1.1,0.18,0.53453,-0.32059,-0.19671,0.75684,-0.7,1.09,0.19,0.53453,-0.32059,-0.19671,0.75684,-0.81,1.08,0.19
-0.8,1.44,-0.15,-0.8,1.44,-0.15,-0.86,1.1,0.11,0.33497,-0.05085,-0.22882,-0.91261,-0.86,1.06,0.06,0.33497,-0.05085,-0.22882,-0.91261,-0.83,1.08,0.09,0.45515,-0.16872,0.45659,-0.74559,-0.81,1.1,0.1,0.22887,-0.03533,0.40392,-0.885,-0.8,1.11,0.13,0.11118,-0.01734,0.48534,-0.86705,-0.79,1.12,0.16,0.11118,-0.01734,0.48534,-0.86705,-0.84,1.09,0.09,0.33497,-0.05085,-0.22882,-0.91261,-0.84,1.13,0.13,0.03282,-0.09484,-0.17304,-0.97979,-0.83,1.13,0.17,-0.41979,-0.16949,-0.13522,-0.88134,-0.82,1.11,0.18,-0.60468,-0.16798,-0.10158,-0.7719,-0.82,1.09,0.19,-0.60468,-0.16798,-0.10158,-0.7719,-0.85,1.08,0.09,0.33497,-0.05085,-0.22882,-0.91261,-0.86,1.12,0.13,0.05331,-0.08685,-0.23169,-0.96744,-0.86,1.13,0.17,-0.40683,-0.18731,-0.17645,-0.87651,-0.84,1.11,0.19,-0.61788,-0.20617,-0.18719,-0.73531,-0.83,1.09,0.2,-0.61788,-0.20617,-0.18719,-0.73531,-0.87,1.07,0.09,0.33497,-0.05085,-0.22882,-0.91261,-0.88,1.11,0.13,0.09717,-0.07193,-0.28675,-0.95035,-0.87,1.11,0.17,-0.37369,-0.2185,-0.25404,-0.86492,-0.86,1.1,0.19,-0.60513,-0.30141,-0.20606,-0.70747,-0.84,1.08,0.19,-0.60513,-0.30141,-0.20606,-0.70747,-0.88,1.07,0.1,0.26491,0.00531,-0.45653,-0.84934,-0.89,1.09,0.13,0.15693,-0.06544,-0.36397,-0.91576,-0.89,1.1,0.16,-0.2865,-0.21574,-0.36505,-0.85913,-0.88,1.09,0.18,-0.48791,-0.34626,-0.30576,-0.74064,-0.86,1.08,0.19,-0.48791,-0.34626,-0.30576,-0.74064,-0.7,1.1,0.11,-0.35549,-0.19873,-0.10901,0.90678,-0.68,1.06,0.07,-0.35549,-0.19873,-0.10901,0.90678,-0.72,1.07,0.09,-0.48572,-0.24177,0.55909,0.62693,-0.75,1.08,0.1,-0.31236,-0.099,0.52663,0.78441,-0.77,1.09,0.13,-0.24066,-0.08374,0.60975,0.75051,-0.78,1.1,0.15,-0.24066,-0.08374,0.60975,0.75051,-0.71,1.07,0.09,-0.35549,-0.19873,-0.10901,0.90678,-0.73,1.12,0.12,-0.03211,-0.26892,0.05473,0.96107,-0.75,1.12,0.16,0.39427,-0.22395,0.14135,0.88001,-0.76,1.1,0.17,0.55174,-0.16707,0.17438,0.79829,-0.76,1.08,0.18,0.55174,-0.16707,0.17438,0.79829,-0.7,1.07,0.09,-0.35549,-0.19873,-0.10901,0.90678,-0.71,1.12,0.13,-0.10813,-0.2157,-0.06616,0.9682,-0.73,1.13,0.17,0.33871,-0.22499,0.02483,0.91326,-0.74,1.11,0.19,0.55629,-0.19922,0.01365,0.80664,-0.74,1.09,0.19,0.55629,-0.19922,0.01365,0.80664,-0.68,1.07,0.1,-0.35549,-0.19873,-0.10901,0.90678,-0.69,1.11,0.14,-0.15255,-0.17307,-0.15075,0.96128,-0.7,1.12,0.17,0.34617,-0.24441,-0.08359,0.90191,-0.72,1.11,0.19,0.60203,-0.27814,-0.03339,0.74771,-0.73,1.09,0.19,0.60203,-0.27814,-0.03339,0.74771,-0.67,1.07,0.1,-0.27108,-0.14071,-0.33952,0.88963,-0.68,1.1,0.14,-0.26149,-0.08296,-0.26553,0.92425,-0.68,1.11,0.17,0.29642,-0.22185,-0.25421,0.89348,-0.69,1.1,0.18,0.54489,-0.33128,-0.18536,0.74765,-0.7,1.09,0.19,0.54489,-0.33128,-0.18536,0.74765,-0.81,1.08,0.19
-0.8,1.44,-0.15,-0.8,1.44,-0.15,-0.86,1.1,0.11,0.34926,-0.05215,-0.18804,-0.91648,-0.86,1.06,0.06,0.34926,-0.05215,-0.18804,-0.91648,-0.83,1.08,0.09,0.45361,-0.17145,0.49253,-0.72268,-0.8,1.1,0.1,0.2326,-0.0272,0.44117,-0.86633,-0.8,1.11,0.13,0.11121,-0.00202,0.51976,-0.84704,-0.79,1.12,0.16,0.11121,-0.00202,0.51976,-0.84704,-0.84,1.09,0.09,0.34926,-0.05215,-0.18804,-0.91648,-0.84,1.13,0.13,0.04637,-0.0821,-0.13451,-0.98642,-0.83,1.13,0.17,-0.41114,-0.14099,-0.10679,-0.89425,-0.82,1.11,0.18,-0.59724,-0.13386,-0.08046,-0.78671,-0.82,1.09,0.19,-0.59724,-0.13386,-0.08046,-0.78671,-0.85,1.08,0.09,0.34926,-0.05215,-0.18804,-0.91648,-0.86,1.12,0.13,0.07158,-0.0768,-0.19251,-0.97566,-0.85,1.13,0.17,-0.3886,-0.15936,-0.14767,-0.89542,-0.84,1.11,0.19,-0.59975,-0.17302,-0.16766,-0.76305,-0.83,1.09,0.2,-0.59975,-0.17302,-0.16766,-0.76305,-0.87,1.08,0.09,0.34926,-0.05215,-0.18804,-0.91648,-0.87,1.11,0.13,0.11333,-0.06567,-0.2472,-0.96007,-0.87,1.12,0.17,-0.35605,-0.19265,-0.22434,-0.88644,-0.86,1.11,0.19,-0.59098,-0.26828,-0.18614,-0.73764,-0.84,1.09,0.19,-0.59098,-0.26828,-0.18614,-0.73764,-0.88,1.07,0.1,0.28413,0.00239,-0.41984,-0.86197,-0.89,1.09,0.13,0.16465,-0.06573,-0.32503,-0.92894,-0.89,1.1,0.16,-0.27439,-0.19495,-0.3333,-0.88069,-0.88,1.1,0.18,-0.47696,-0.31657,-0.28254,-0.76972,-0.86,1.08,0.19,-0.47696,-0.31657,-0.28254,-0.76972,-0.7,1.1,0.11,-0.35205,-0.20435,-0.11041,0.9067,-0.68,1.06,0.07,-0.35205,-0.20435,-0.11041,0.9067,-0.72,1.07,0.09,-0.48441,-0.24758,0.55918,0.62559,-0.75,1.08,0.1,-0.3112,-0.10469,0.52833,0.78298,-0.77,1.09,0.13,-0.2411,-0.09019,0.61158,0.74813,-0.78,1.1,0.15,-0.2411,-0.09019,0.61158,0.74813,-0.71,1.07,0.09,-0.35205,-0.20435,-0.11041,0.9067,-0.73,1.12,0.12,-0.02138,-0.2742,0.05755,0.95971,-0.75,1.12,0.16,0.39565,-0.2285,0.14411,0.87777,-0.76,1.1,0.17,0.54791,-0.17205,0.17686,0.79932,-0.76,1.08,0.18,0.54791,-0.17205,0.17686,0.79932,-0.7,1.07,0.09,-0.35205,-0.20435,-0.11041,0.9067,-0.71,1.12,0.13,-0.10674,-0.2224,-0.06575,0.96686,-0.73,1.13,0.17,0.33541,-0.23092,0.02719,0.91293,-0.74,1.11,0.19,0.55199,-0.20475,0.01716,0.80814,-0.75,1.09,0.19,0.55199,-0.20475,0.01716,0.80814,-0.68,1.07,0.1,-0.35205,-0.20435,-0.11041,0.9067,-0.69,1.11,0.14,-0.15591,-0.18003,-0.15077,0.95945,-0.71,1.12,0.17,0.34595,-0.25085,-0.07921,0.90062,-0.72,1.11,0.19,0.60333,-0.2829,-0.02678,0.74515,-0.73,1.09,0.19,0.60333,-0.2829,-0.02678,0.74515,-0.67,1.07,0.11,-0.2664,-0.14548,-0.34027,0.88999,-0.68,1.1,0.14,-0.26219,-0.09369,-0.26432,0.92337,-0.68,1.11,0.17,0.30495,-0.23247,-0.24543,0.89036,-0.69,1.1,0.18,0.56244,-0.34048,-0.17008,0.73404,-0.71,1.09,0.18,0.56244,-0.34048,-0.17008,0.73404,-0.81,1.08,0.19
-0.8,1.44,-0.15,-0.8,1.44,-0.15,-0.85,1.1,0.11,0.35745,-0.05623,-0.13803,-0.92196,-0.86,1.06,0.06,0.35745,-0.05623,-0.13803,-0.92196,-0.82,1.08,0.09,0.44623,-0.17763,0.53272,-0.6968,-0.8,1.1,0.1,0.2275,-0.01807,0.4843,-0.84462,-0.79,1.11,0.13,0.09535,0.01956,0.55832,-0.82389,-0.79,1.11,0.16,0.09535,0.01956,0.55832,-0.82389,-0.84,1.09,0.09,0.35745,-0.05623,-0.13803,-0.92196,-0.83,1.13,0.13,0.05266,-0.07104,-0.08492,-0.99246,-0.83,1.13,0.16,-0.41594,-0.10926,-0.06694,-0.90032,-0.82,1.11,0.18,-0.60544,-0.09442,-0.04782,-0.78882,-0.82,1.09,0.19,-0.60544,-0.09442,-0.04782,-0.78882,-0.85,1.08,0.09,0.35745,-0.05623,-0.13803,-0.92196,-0.86,1.13,0.13,0.07833,-0.0691,-0.14212,-0.98432,-0.85,1.13,0.17,-0.36477,-0.12676,-0.10968,-0.91589,-0.84,1.12,0.19,-0.56893,-0.13299,-0.14054,-0.7993,-0.83,1.09,0.2,-0.56893,-0.13299,-0.14054,-0.7993,-0.87,1.08,0.09,0.35745,-0.05623,-0.13803,-0.92196,-0.87,1.11,0.13,0.12109,-0.06051,-0.19733,-0.97095,-0.87,1.12,0.17,-0.3369,-0.16138,-0.18613,-0.90874,-0.86,1.11,0.19,-0.57274,-0.22743,-0.15979,-0.77118,-0.85,1.09,0.19,-0.57274,-0.22743,-0.15979,-0.77118,-0.88,1.07,0.09,0.29813,-0.00157,-0.37363,-0.87836,-0.89,1.1,0.13,0.16971,-0.06313,-0.27706,-0.94364,-0.89,1.11,0.16,-0.27186,-0.17051,-0.29322,-0.90058,-0.88,1.1,0.17,-0.47986,-0.28303,-0.2506,-0.79172,-0.86,1.09,0.18,-0.47986,-0.28303,-0.2506,-0.79172,-0.7,1.09,0.11,-0.34814,-0.20856,-0.10764,0.90759,-0.68,1.06,0.07,-0.34814,-0.20856,-0.10764,0.90759,-0.72,1.07,0.09,-0.47675,-0.25231,0.56696,0.62259,-0.75,1.08,0.1,-0.30486,-0.10697,0.53757,0.77887,-0.77,1.09,0.13,-0.23754,-0.09443,0.6201,0.74171,-0.78,1.1,0.15,-0.23754,-0.09443,0.6201,0.74171,-0.71,1.07,0.09,-0.34814,-0.20856,-0.10764,0.90759,-0.73,1.11,0.12,-0.00748,-0.27757,0.0654,0.95845,-0.75,1.11,0.16,0.394,-0.23022,0.14896,0.87725,-0.76,1.1,0.17,0.53892,-0.17444,0.1802,0.80415,-0.76,1.08,0.18,0.53892,-0.17444,0.1802,0.80415,-0.7,1.07,0.09,-0.34814,-0.20856,-0.10764,0.90759,-0.71,1.12,0.13,-0.11419,-0.22506,-0.06466,0.96547,-0.73,1.13,0.17,0.31258,-0.23339,0.02545,0.92042,-0.74,1.11,0.19,0.52496,-0.20965,0.01474,0.82477,-0.75,1.09,0.2,0.52496,-0.20965,0.01474,0.82477,-0.68,1.07,0.1,-0.34814,-0.20856,-0.10764,0.90759,-0.69,1.11,0.14,-0.17668,-0.17944,-0.15202,0.95576,-0.71,1.12,0.17,0.32258,-0.25149,-0.08102,0.90892,-0.72,1.11,0.19,0.58105,-0.28479,-0.0285,0.76189,-0.73,1.09,0.19,0.58105,-0.28479,-0.0285,0.76189,-0.67,1.07,0.11,-0.26211,-0.14857,-0.33715,0.89194,-0.68,1.09,0.14,-0.27367,-0.09276,-0.26165,0.92089,-0.68,1.11,0.17,0.29378,-0.23114,-0.24372,0.89491,-0.69,1.1,0.18,0.55447,-0.33906,-0.16795,0.74121,-0.71,1.09,0.19,0.55447,-0.33906,-0.16795,0.74121,-0.81,1.08,0.19
-0.8,1.44,-0.15,-0.8,1.44,-0.15,-0.85,1.1,0.11,0.3556,-0.06413,-0.11973,-0.92472,-0.86,1.06,0.06,0.3556,-0.06413,-0.11973,-0.92472,-0.82,1.08,0.08,0.44419,-0.18381,0.54464,-0.68722,-0.8,1.09,0.1,0.22031,-0.01571,0.49904,-0.83796,-0.79,1.11,0.13,0.08453,0.02606,0.57129,-0.81597,-0.79,1.11,0.16,0.08453,0.02606,0.57129,-0.81597,-0.83,1.08,0.08,0.3556,-0.06413,-0.11973,-0.92472,-0.83,1.13,0.13,0.0468,-0.07374,-0.0641,-0.99411,-0.82,1.13,0.16,-0.42337,-0.10191,-0.04719,-0.89897,-0.82,1.11,0.18,-0.6153,-0.08303,-0.02953,-0.78335,-0.82,1.09,0.18,-0.6153,-0.08303,-0.02953,-0.78335,-0.85,1.08,0.09,0.3556,-0.06413,-0.11973,-0.92472,-0.85,1.13,0.13,0.06941,-0.07369,-0.1208,-0.9875,-0.85,1.13,0.17,-0.34613,-0.11862,-0.09218,-0.92608,-0.84,1.11,0.19,-0.53924,-0.12123,-0.12654,-0.82372,-0.83,1.09,0.2,-0.53924,-0.12123,-0.12654,-0.82372,-0.87,1.08,0.09,0.3556,-0.06413,-0.11973,-0.92472,-0.87,1.11,0.13,0.11898,-0.06459,-0.17727,-0.97481,-0.87,1.12,0.17,-0.31804,-0.15178,-0.16997,-0.92029,-0.86,1.11,0.19,-0.54768,-0.21303,-0.14856,-0.79536,-0.84,1.09,0.19,-0.54768,-0.21303,-0.14856,-0.79536,-0.88,1.08,0.09,0.29722,-0.00812,-0.35608,-0.88589,-0.88,1.1,0.13,0.17521,-0.06465,-0.25849,-0.94779,-0.88,1.11,0.16,-0.2599,-0.16157,-0.27747,-0.91069,-0.87,1.1,0.17,-0.46387,-0.26876,-0.23934,-0.80951,-0.86,1.09,0.18,-0.46387,-0.26876,-0.23934,-0.80951,-0.71,1.09,0.11,-0.33014,-0.20912,-0.10316,0.91468,-0.68,1.05,0.07,-0.33014,-0.20912,-0.10316,0.91468,-0.72,1.07,0.09,-0.45699,-0.2637,0.57467,0.6256,-0.75,1.07,0.1,-0.2863,-0.11552,0.54819,0.77728,-0.77,1.08,0.13,-0.22578,-0.10905,0.62959,0.73536,-0.78,1.09,0.15,-0.22578,-0.10905,0.62959,0.73536,-0.71,1.07,0.09,-0.33014,-0.20912,-0.10316,0.91468,-0.73,1.11,0.13,0.01318,-0.27766,0.06884,0.95812,-0.75,1.11,0.16,0.40715,-0.22933,0.15058,0.87119,-0.76,1.09,0.17,0.54919,-0.17354,0.18167,0.79704,-0.76,1.07,0.18,0.54919,-0.17354,0.18167,0.79704,-0.7,1.07,0.09,-0.33014,-0.20912,-0.10316,0.91468,-0.71,1.11,0.13,-0.10459,-0.22178,-0.06359,0.96738,-0.73,1.12,0.17,0.30807,-0.2302,0.02152,0.92284,-0.74,1.11,0.19,0.51275,-0.2083,0.00888,0.83284,-0.75,1.09,0.2,0.51275,-0.2083,0.00888,0.83284,-0.68,1.07,0.1,-0.33014,-0.20912,-0.10316,0.91468,-0.7,1.11,0.14,-0.17196,-0.17396,-0.15012,0.95793,-0.71,1.12,0.17,0.32037,-0.24502,-0.084,0.91119,-0.72,1.11,0.19,0.57386,-0.27968,-0.0348,0.76893,-0.73,1.09,0.2,0.57386,-0.27968,-0.0348,0.76893,-0.67,1.07,0.11,-0.24507,-0.14431,-0.33174,0.89948,-0.68,1.09,0.14,-0.26183,-0.08683,-0.25563,0.92659,-0.68,1.11,0.17,0.30269,-0.22097,-0.24302,0.8947,-0.69,1.1,0.18,0.5615,-0.32896,-0.17151,0.73966,-0.71,1.08,0.19,0.5615,-0.32896,-0.17151,0.73966,-0.81,1.08,0.19
-0.8,1.44,-0.15,-0.8,1.44,-0.15,-0.85,1.1,0.11,0.34126,-0.06912,-0.13124,-0.92819,-0.86,1.06,0.06,0.34126,-0.06912,-0.13124,-0.92819,-0.82,1.08,0.08,0.44233,-0.19456,0.53086,-0.69619,-0.8,1.09,0.1,0.21199,-0.02815,0.48884,-0.84576,-0.79,1.1,0.13,0.07778,0.01073,0.56315,-0.82261,-0.79,1.11,0.16,0.07778,0.01073,0.56315,-0.82261,-0.83,1.08,0.08,0.34126,-0.06912,-0.13124,-0.92819,-0.83,1.12,0.13,0.03408,-0.08381,-0.07237,-0.99327,-0.82,1.13,0.16,-0.42338,-0.11371,-0.05129,-0.89732,-0.82,1.11,0.18,-0.61341,-0.09538,-0.03114,-0.78337,-0.81,1.09,0.19,-0.61341,-0.09538,-0.03114,-0.78337,-0.85,1.08,0.09,0.34126,-0.06912,-0.13124,-0.92819,-0.85,1.12,0.13,0.05489,-0.08198,-0.12965,-0.98664,-0.85,1.13,0.17,-0.33958,-0.12758,-0.09949,-0.92656,-0.84,1.11,0.19,-0.52189,-0.13082,-0.13245,-0.83245,-0.83,1.09,0.2,-0.52189,-0.13082,-0.13245,-0.83245,-0.87,1.08,0.09,0.34126,-0.06912,-0.13124,-0.92819,-0.87,1.11,0.13,0.1133,-0.06897,-0.18763,-0.97324,-0.87,1.12,0.17,-0.30137,-0.15603,-0.18053,-0.92317,-0.85,1.11,0.19,-0.51864,-0.21835,-0.15976,-0.81106,-0.84,1.09,0.2,-0.51864,-0.21835,-0.15976,-0.81106,-0.88,1.07,0.09,0.28063,-0.0097,-0.36584,-0.88731,-0.88,1.1,0.13,0.17784,-0.0609,-0.26991,-0.94436,-0.88,1.11,0.16,-0.23941,-0.15831,-0.29134,-0.91255,-0.87,1.1,0.18,-0.42722,-0.26441,-0.25716,-0.8255,-0.86,1.09,0.19,-0.42722,-0.26441,-0.25716,-0.8255,-0.71,1.09,0.11,-0.32199,-0.20828,-0.10261,0.91783,-0.68,1.05,0.07,-0.32199,-0.20828,-0.10261,0.91783,-0.72,1.06,0.09,-0.44842,-0.26706,0.57672,0.62849,-0.75,1.07,0.1,-0.2802,-0.11967,0.5505,0.77725,-0.77,1.08,0.13,-0.22671,-0.11916,0.63123,0.73208,-0.78,1.09,0.15,-0.22671,-0.11916,0.63123,0.73208,-0.71,1.07,0.09,-0.32199,-0.20828,-0.10261,0.91783,-0.73,1.11,0.13,0.01983,-0.27521,0.06583,0.95892,-0.75,1.11,0.16,0.41335,-0.22816,0.14676,0.86922,-0.76,1.09,0.17,0.55569,-0.17283,0.17803,0.7935,-0.76,1.07,0.18,0.55569,-0.17283,0.17803,0.7935,-0.7,1.07,0.1,-0.32199,-0.20828,-0.10261,0.91783,-0.71,1.11,0.13,-0.09645,-0.21815,-0.06488,0.96897,-0.73,1.12,0.17,0.31377,-0.22738,0.01825,0.92169,-0.74,1.11,0.19,0.51534,-0.20605,0.00475,0.83184,-0.75,1.09,0.2,0.51534,-0.20605,0.00475,0.83184,-0.68,1.07,0.1,-0.32199,-0.20828,-0.10261,0.91783,-0.7,1.1,0.14,-0.16296,-0.17144,-0.14964,0.96003,-0.71,1.12,0.17,0.32662,-0.24203,-0.08562,0.90962,-0.72,1.1,0.19,0.57641,-0.27716,-0.03817,0.76778,-0.73,1.08,0.2,0.57641,-0.27716,-0.03817,0.76778,-0.67,1.07,0.11,-0.23737,-0.14136,-0.33073,0.90238,-0.68,1.09,0.14,-0.25146,-0.08556,-0.25388,0.93005,-0.68,1.11,0.17,0.31,-0.21729,-0.243,0.8931,-0.69,1.1,0.18,0.56681,-0.3252,-0.17345,0.73681,-0.71,1.08,0.19,0.56681,-0.3252,-0.17345,0.73681,-0.81,1.08,0.19
-0.8,1.44,-0.15,-0.8,1.44,-0.15,-0.85,1.1,0.11,0.30468,-0.06381,-0.17229,-0.93457,-0.86,1.06,0.06,0.30468,-0.06381,-0.17229,-0.93457,-0.82,1.08,0.08,0.43039,-0.21105,0.489,-0.72877,-0.8,1.09,0.1,0.1916,-0.05644,0.4516,-0.86957,-0.79,1.1,0.13,0.06331,-0.02772,0.53118,-0.84444,-0.79,1.1,0.16,0.06331,-0.02772,0.53118,-0.84444,-0.84,1.08,0.09,0.30468,-0.06381,-0.17229,-0.93457,-0.83,1.12,0.13,0.01022,-0.09251,-0.1133,-0.98919,-0.83,1.12,0.17,-0.41221,-0.13645,-0.08859,-0.89644,-0.82,1.1,0.18,-0.59034,-0.12469,-0.06511,-0.7948,-0.81,1.08,0.19,-0.59034,-0.12469,-0.06511,-0.7948,-0.85,1.08,0.09,0.30468,-0.06381,-0.17229,-0.93457,-0.85,1.12,0.13,0.02447,-0.08636,-0.1704,-0.98128,-0.85,1.12,0.18,-0.36606,-0.14737,-0.13505,-0.90887,-0.84,1.1,0.19,-0.53814,-0.15445,-0.16312,-0.81237,-0.83,1.08,0.2,-0.53814,-0.15445,-0.16312,-0.81237,-0.87,1.07,0.09,0.30468,-0.06381,-0.17229,-0.93457,-0.87,1.1,0.13,0.08634,-0.06573,-0.22904,-0.96735,-0.87,1.11,0.17,-0.318,-0.16796,-0.22036,-0.9067,-0.86,1.1,0.19,-0.51777,-0.23676,-0.19816,-0.79787,-0.84,1.08,0.2,-0.51777,-0.23676,-0.19816,-0.79787,-0.88,1.07,0.09,0.24044,0.00315,-0.40187,-0.88356,-0.88,1.09,0.13,0.14611,-0.04738,-0.31112,-0.93788,-0.88,1.1,0.16,-0.25175,-0.15603,-0.33495,-0.89447,-0.88,1.09,0.18,-0.41099,-0.26371,-0.30687,-0.81693,-0.86,1.08,0.19,-0.41099,-0.26371,-0.30687,-0.81693,-0.7,1.09,0.12,-0.32496,-0.2023,-0.10816,0.91749,-0.68,1.06,0.07,-0.32496,-0.2023,-0.10816,0.91749,-0.72,1.07,0.09,-0.46115,-0.26413,0.56068,0.63499,-0.75,1.08,0.1,-0.28968,-0.12113,0.53334,0.78547,-0.77,1.09,0.13,-0.23955,-0.12306,0.61522,0.74093,-0.78,1.09,0.15,-0.23955,-0.12306,0.61522,0.74093,-0.71,1.07,0.09,-0.32496,-0.2023,-0.10816,0.91749,-0.73,1.11,0.13,-0.0248,-0.26702,0.04002,0.96254,-0.75,1.11,0.16,0.37943,-0.2315,0.12144,0.88752,-0.76,1.09,0.17,0.53301,-0.17937,0.15427,0.81236,-0.76,1.08,0.18,0.53301,-0.17937,0.15427,0.81236,-0.7,1.07,0.1,-0.32496,-0.2023,-0.10816,0.91749,-0.71,1.11,0.14,-0.09865,-0.21292,-0.07201,0.96941,-0.73,1.12,0.17,0.31558,-0.22554,0.0105,0.92165,-0.74,1.11,0.19,0.51891,-0.20566,-0.00293,0.82971,-0.75,1.09,0.2,0.51891,-0.20566,-0.00293,0.82971,-0.68,1.07,0.1,-0.32496,-0.2023,-0.10816,0.91749,-0.69,1.1,0.14,-0.15302,-0.16996,-0.15317,0.96137,-0.71,1.12,0.17,0.33725,-0.24217,-0.08928,0.90534,-0.72,1.1,0.19,0.58619,-0.27803,-0.0416,0.75984,-0.73,1.08,0.2,0.58619,-0.27803,-0.0416,0.75984,-0.67,1.07,0.11,-0.24071,-0.13633,-0.33655,0.90011,-0.68,1.09,0.14,-0.24417,-0.08996,-0.25789,0.93047,-0.68,1.11,0.17,0.31786,-0.22285,-0.24364,0.88879,-0.69,1.1,0.18,0.57338,-0.33058,-0.17243,0.72954,-0.71,1.08,0.19,0.57338,-0.33058,-0.17243,0.72954,-0.81,1.08,0.19
-0.8,1.44,-0.15,-0.8,1.44,-0.15,-0.85,1.1,0.11,0.30076,-0.06307,-0.19797,-0.93079,-0.86,1.06,0.06,0.30076,-0.06307,-0.19797,-0.93079,-0.82,1.08,0.08,0.43759,-0.21371,0.46564,-0.73893,-0.8,1.09,0.1,0.19761,-0.06791,0.42863,-0.87899,-0.79,1.1,0.13,0.07303,-0.04361,0.51104,-0.85534,-0.79,1.11,0.16,0.07303,-0.04361,0.51104,-0.85534,-0.84,1.08,0.09,0.30076,-0.06307,-0.19797,-0.93079,-0.83,1.12,0.13,0.00919,-0.10062,-0.13759,-0.98532,-0.83,1.12,0.17,-0.40396,-0.15313,-0.10838,-0.89534,-0.82,1.1,0.18,-0.57623,-0.14444,-0.08256,-0.80018,-0.81,1.08,0.19,-0.57623,-0.14444,-0.08256,-0.80018,-0.85,1.08,0.09,0.30076,-0.06307,-0.19797,-0.93079,-0.86,1.11,0.13,0.03154,-0.08974,-0.19674,-0.97583,-0.85,1.12,0.18,-0.36378,-0.16206,-0.15672,-0.90379,-0.84,1.1,0.19,-0.53433,-0.17282,-0.18142,-0.80729,-0.83,1.08,0.2,-0.53433,-0.17282,-0.18142,-0.80729,-0.87,1.07,0.09,0.30076,-0.06307,-0.19797,-0.93079,-0.87,1.1,0.14,0.09049,-0.06517,-0.25585,-0.96026,-0.87,1.11,0.17,-0.31548,-0.17971,-0.24389,-0.89927,-0.86,1.1,0.19,-0.51071,-0.25299,-0.21864,-0.79206,-0.84,1.08,0.2,-0.51071,-0.25299,-0.21864,-0.79206,-0.88,1.07,0.09,0.23326,0.00369,-0.42541,-0.87442,-0.88,1.08,0.13,0.13893,-0.04499,-0.33735,-0.92998,-0.88,1.09,0.16,-0.25158,-0.16243,-0.35971,-0.8837,-0.88,1.09,0.18,-0.40043,-0.27179,-0.33182,-0.80975,-0.86,1.08,0.19,-0.40043,-0.27179,-0.33182,-0.80975,-0.7,1.09,0.12,-0.33249,-0.1905,-0.11574,0.91638,-0.68,1.06,0.07,-0.33249,-0.1905,-0.11574,0.91638,-0.72,1.07,0.09,-0.47829,-0.25753,0.5401,0.64281,-0.75,1.08,0.1,-0.2992,-0.11786,0.51143,0.79689,-0.77,1.09,0.13,-0.24279,-0.11536,0.59528,0.75722,-0.78,1.1,0.15,-0.24279,-0.11536,0.59528,0.75722,-0.71,1.07,0.09,-0.33249,-0.1905,-0.11574,0.91638,-0.73,1.11,0.13,-0.10454,-0.25136,0.00207,0.96223,-0.75,1.12,0.16,0.30557,-0.23488,0.08062,0.91921,-0.76,1.11,0.18,0.47523,-0.18954,0.11453,0.85154,-0.76,1.09,0.19,0.47523,-0.18954,0.11453,0.85154,-0.7,1.07,0.1,-0.33249,-0.1905,-0.11574,0.91638,-0.71,1.11,0.14,-0.11671,-0.2008,-0.08546,0.96889,-0.72,1.13,0.17,0.30795,-0.22038,-0.00459,0.92551,-0.74,1.11,0.19,0.51519,-0.20425,-0.01843,0.83218,-0.74,1.09,0.2,0.51519,-0.20425,-0.01843,0.83218,-0.68,1.07,0.1,-0.33249,-0.1905,-0.11574,0.91638,-0.69,1.11,0.14,-0.15375,-0.16181,-0.16147,0.9613,-0.7,1.12,0.17,0.33849,-0.23936,-0.0999,0.90452,-0.71,1.1,0.19,0.58849,-0.27837,-0.05211,0.75728,-0.73,1.08,0.2,0.58849,-0.27837,-0.05211,0.75728,-0.67,1.07,0.11,-0.2494,-0.12676,-0.34494,0.89596,-0.68,1.09,0.14,-0.25263,-0.08613,-0.26522,0.92651,-0.68,1.11,0.17,0.30918,-0.22461,-0.25148,0.88922,-0.69,1.1,0.18,0.5664,-0.33505,-0.1783,0.73154,-0.7,1.08,0.19,0.5664,-0.33505,-0.1783,0.73154,-0.81,1.08,0.19
-0.8,1.44,-0.15,-0.8,1.44,-0.15,-0.85,1.1,0.11,0.33304,-0.06414,-0.17988,-0.92337,-0.86,1.06,0.06,0.33304,-0.06414,-0.17988,-0.92337,-0.82,1.08,0.08,0.45054,-0.19959,0.49113,-0.71831,-0.8,1.09,0.1,0.21818,-0.04874,0.44974,-0.86473,-0.79,1.11,0.13,0.09372,-0.02052,0.52957,-0.84283,-0.79,1.11,0.15,0.09372,-0.02052,0.52957,-0.84283,-0.84,1.08,0.09,0.33304,-0.06414,-0.17988,-0.92337,-0.83,1.12,0.13,0.04131,-0.09645,-0.11956,-0.98727,-0.83,1.13,0.17,-0.38259,-0.14339,-0.09252,-0.90802,-0.82,1.11,0.18,-0.55796,-0.13194,-0.06948,-0.81636,-0.81,1.09,0.19,-0.55796,-0.13194,-0.06948,-0.81636,-0.85,1.08,0.09,0.33304,-0.06414,-0.17988,-0.92337,-0.86,1.12,0.13,0.06592,-0.08654,-0.17994,-0.97764,-0.85,1.13,0.17,-0.34685,-0.15496,-0.14033,-0.91432,-0.84,1.11,0.19,-0.52354,-0.16449,-0.16677,-0.81917,-0.83,1.09,0.2,-0.52354,-0.16449,-0.16677,-0.81917,-0.87,1.07,0.09,0.33304,-0.06414,-0.17988,-0.92337,-0.87,1.11,0.13,0.12138,-0.06556,-0.23929,-0.9611,-0.87,1.12,0.17,-0.30035,-0.17747,-0.22625,-0.90945,-0.86,1.1,0.19,-0.50367,-0.24821,-0.20062,-0.80278,-0.84,1.09,0.2,-0.50367,-0.24821,-0.20062,-0.80278,-0.88,1.07,0.09,0.26696,-0.00474,-0.41086,-0.87172,-0.89,1.09,0.13,0.16172,-0.05171,-0.3217,-0.9315,-0.89,1.1,0.16,-0.23904,-0.16677,-0.34231,-0.89324,-0.88,1.09,0.18,-0.39629,-0.27503,-0.31176,-0.81861,-0.86,1.08,0.19,-0.39629,-0.27503,-0.31176,-0.81861,-0.7,1.09,0.12,-0.32046,-0.19372,-0.11298,0.92034,-0.68,1.06,0.07,-0.32046,-0.19372,-0.11298,0.92034,-0.72,1.07,0.09,-0.47698,-0.27053,0.53265,0.64466,-0.75,1.08,0.1,-0.29275,-0.12987,0.50829,0.79942,-0.77,1.09,0.13,-0.23008,-0.12265,0.59312,0.76172,-0.78,1.09,0.15,-0.23008,-0.12265,0.59312,0.76172,-0.71,1.07,0.09,-0.32046,-0.19372,-0.11298,0.92034,-0.73,1.11,0.13,-0.12136,-0.2553,-0.00341,0.95921,-0.75,1.12,0.16,0.27255,-0.24248,0.07303,0.92822,-0.76,1.11,0.18,0.44447,-0.19882,0.10753,0.86681,-0.76,1.09,0.19,0.44447,-0.19882,0.10753,0.86681,-0.7,1.07,0.1,-0.32046,-0.19372,-0.11298,0.92034,-0.71,1.11,0.14,-0.12778,-0.20027,-0.08743,0.96743,-0.73,1.12,0.17,0.29973,-0.22089,-0.006,0.92808,-0.74,1.11,0.19,0.51146,-0.20548,-0.01924,0.83416,-0.75,1.09,0.2,0.51146,-0.20548,-0.01924,0.83416,-0.68,1.07,0.1,-0.32046,-0.19372,-0.11298,0.92034,-0.69,1.1,0.14,-0.15724,-0.16008,-0.16082,0.96114,-0.7,1.12,0.18,0.33681,-0.23782,-0.09976,0.90557,-0.72,1.1,0.19,0.58986,-0.27695,-0.05164,0.75677,-0.73,1.08,0.2,0.58986,-0.27695,-0.05164,0.75677,-0.67,1.07,0.11,-0.2374,-0.12678,-0.34134,0.90059,-0.68,1.09,0.15,-0.25949,-0.08201,-0.26169,0.92599,-0.68,1.11,0.17,0.30203,-0.2196,-0.25102,0.89305,-0.69,1.1,0.18,0.56472,-0.33112,-0.17762,0.73478,-0.7,1.08,0.19,0.56472,-0.33112,-0.17762,0.73478,-0.81,1.08,0.19
-0.8,1.44,-0.15,-0.8,1.44,-0.15,-0.85,1.1,0.11,0.36136,-0.06594,-0.14383,-0.9189,-0.86,1.06,0.06,0.36136,-0.06594,-0.14383,-0.9189,-0.82,1.08,0.08,0.45193,-0.18828,0.53168,-0.69111,-0.8,1.09,0.1,0.22895,-0.02637,0.48714,-0.84237,-0.79,1.1,0.13,0.10355,0.00792,0.56265,-0.82015,-0.79,1.11,0.15,0.10355,0.00792,0.56265,-0.82015,-0.84,1.08,0.08,0.36136,-0.06594,-0.14383,-0.9189,-0.83,1.12,0.13,0.06892,-0.08827,-0.08352,-0.99019,-0.83,1.13,0.16,-0.38158,-0.12299,-0.06022,-0.91414,-0.82,1.11,0.18,-0.56164,-0.10578,-0.04128,-0.81955,-0.81,1.09,0.19,-0.56164,-0.10578,-0.04128,-0.81955,-0.85,1.08,0.09,0.36136,-0.06594,-0.14383,-0.9189,-0.85,1.12,0.13,0.09375,-0.0804,-0.14474,-0.98173,-0.85,1.13,0.17,-0.33553,-0.13657,-0.10911,-0.92567,-0.84,1.12,0.19,-0.52378,-0.14234,-0.1396,-0.82819,-0.83,1.1,0.2,-0.52378,-0.14234,-0.1396,-0.82819,-0.87,1.08,0.09,0.36136,-0.06594,-0.14383,-0.9189,-0.87,1.11,0.13,0.14341,-0.06434,-0.2042,-0.96623,-0.87,1.12,0.17,-0.29525,-0.16484,-0.19314,-0.92106,-0.86,1.11,0.19,-0.51374,-0.23033,-0.16919,-0.80894,-0.84,1.09,0.2,-0.51374,-0.23033,-0.16919,-0.80894,-0.88,1.07,0.09,0.29915,-0.01232,-0.37899,-0.87563,-0.88,1.1,0.13,0.17713,-0.05702,-0.2882,-0.93932,-0.88,1.11,0.16,-0.2461,-0.16502,-0.30809,-0.90404,-0.88,1.1,0.17,-0.42338,-0.27204,-0.2744,-0.81942,-0.86,1.09,0.19,-0.42338,-0.27204,-0.2744,-0.81942,-0.71,1.09,0.12,-0.30049,-0.1962,-0.1029,0.9277,-0.68,1.06,0.07,-0.30049,-0.1962,-0.1029,0.9277,-0.73,1.07,0.09,-0.47117,-0.28578,0.52524,0.64842,-0.75,1.08,0.1,-0.28467,-0.14585,0.5051,0.8016,-0.77,1.09,0.13,-0.22239,-0.13872,0.59063,0.76319,-0.78,1.09,0.15,-0.22239,-0.13872,0.59063,0.76319,-0.71,1.07,0.09,-0.30049,-0.1962,-0.1029,0.9277,-0.73,1.11,0.13,-0.10996,-0.2661,0.00817,0.95762,-0.75,1.12,0.16,0.2469,-0.25074,0.07823,0.93276,-0.76,1.1,0.18,0.41167,-0.2073,0.11134,0.88043,-0.77,1.09,0.19,0.41167,-0.2073,0.11134,0.88043,-0.7,1.07,0.1,-0.30049,-0.1962,-0.1029,0.9277,-0.71,1.11,0.14,-0.14827,-0.19637,-0.08579,0.96545,-0.73,1.12,0.18,0.27653,-0.21691,-0.00701,0.93618,-0.74,1.11,0.2,0.49324,-0.2033,-0.02102,0.84554,-0.75,1.09,0.21,0.49324,-0.2033,-0.02102,0.84554,-0.68,1.07,0.1,-0.30049,-0.1962,-0.1029,0.9277,-0.7,1.1,0.14,-0.18978,-0.14868,-0.15931,0.95734,-0.7,1.12,0.18,0.30761,-0.22861,-0.10307,0.91787,-0.72,1.1,0.2,0.56936,-0.27009,-0.05582,0.77444,-0.73,1.08,0.2,0.56936,-0.27009,-0.05582,0.77444,-0.68,1.07,0.11,-0.21883,-0.12383,-0.33025,0.90979,-0.68,1.09,0.15,-0.27401,-0.06918,-0.25094,0.92583,-0.68,1.1,0.17,0.28428,-0.20306,-0.25008,0.903,-0.69,1.1,0.19,0.56126,-0.31764,-0.1776,0.74334,-0.7,1.08,0.19,0.56126,-0.31764,-0.1776,0.74334,-0.81,1.08,0.19
-0.8,1.44,-0.15,-0.8,1.44,-0.15,-0.85,1.1,0.11,0.36713,-0.0712,-0.10277,-0.92173,-0.86,1.06,0.06,0.36713,-0.0712,-0.10277,-0.92173,-0.82,1.08,0.09,0.43996,-0.1911,0.56819,-0.66864,-0.8,1.09,0.1,0.22214,-0.01576,0.52526,-0.82128,-0.79,1.1,0.13,0.09739,0.02287,0.59715,-0.79586,-0.79,1.11,0.16,0.09739,0.02287,0.59715,-0.79586,-0.83,1.08,0.09,0.36713,-0.0712,-0.10277,-0.92173,-0.83,1.12,0.13,0.07223,-0.08201,-0.04159,-0.99314,-0.82,1.13,0.16,-0.38626,-0.09898,-0.02486,-0.91673,-0.82,1.11,0.18,-0.57081,-0.07514,-0.01086,-0.81757,-0.81,1.09,0.19,-0.57081,-0.07514,-0.01086,-0.81757,-0.85,1.08,0.09,0.36713,-0.0712,-0.10277,-0.92173,-0.85,1.12,0.13,0.09216,-0.07669,-0.10231,-0.9875,-0.84,1.13,0.17,-0.33509,-0.11475,-0.07294,-0.93233,-0.84,1.12,0.19,-0.52524,-0.11385,-0.10905,-0.83622,-0.83,1.09,0.2,-0.52524,-0.11385,-0.10905,-0.83622,-0.87,1.08,0.09,0.36713,-0.0712,-0.10277,-0.92173,-0.87,1.11,0.13,0.14318,-0.06359,-0.16222,-0.97424,-0.86,1.12,0.16,-0.29668,-0.14539,-0.15649,-0.93078,-0.85,1.11,0.19,-0.5217,-0.20298,-0.13825,-0.81702,-0.84,1.09,0.2,-0.5217,-0.20298,-0.13825,-0.81702,-0.87,1.07,0.09,0.30935,-0.01745,-0.34053,-0.88771,-0.88,1.1,0.13,0.18539,-0.05755,-0.2475,-0.94924,-0.88,1.11,0.16,-0.24394,-0.14928,-0.27175,-0.91889,-0.87,1.1,0.17,-0.43282,-0.25115,-0.24069,-0.83166,-0.86,1.09,0.19,-0.43282,-0.25115,-0.24069,-0.83166,-0.71,1.09,0.12,-0.26364,-0.19613,-0.0776,0.94128,-0.68,1.06,0.07,-0.26364,-0.19613,-0.0776,0.94128,-0.73,1.06,0.09,-0.44361,-0.30804,0.53155,0.65252,-0.75,1.07,0.1,-0.26175,-0.16736,0.51619,0.79814,-0.77,1.08,0.13,-0.20408,-0.16353,0.60087,0.75536,-0.78,1.08,0.15,-0.20408,-0.16353,0.60087,0.75536,-0.72,1.07,0.09,-0.26364,-0.19613,-0.0776,0.94128,-0.74,1.1,0.14,-0.03575,-0.28049,0.05133,0.95782,-0.76,1.1,0.17,0.29593,-0.24954,0.11776,0.91449,-0.77,1.09,0.18,0.44314,-0.20072,0.14823,0.86103,-0.77,1.07,0.2,0.44314,-0.20072,0.14823,0.86103,-0.7,1.07,0.1,-0.26364,-0.19613,-0.0776,0.94128,-0.72,1.1,0.14,-0.13626,-0.18926,-0.06589,0.97019,-0.73,1.12,0.18,0.27473,-0.202,0.00483,0.94005,-0.74,1.1,0.2,0.49087,-0.18632,-0.01317,0.85097,-0.75,1.08,0.21,0.49087,-0.18632,-0.01317,0.85097,-0.68,1.07,0.1,-0.26364,-0.19613,-0.0776,0.94128,-0.7,1.1,0.15,-0.20075,-0.13359,-0.14014,0.96032,-0.71,1.11,0.18,0.30054,-0.2067,-0.09347,0.9264,-0.72,1.1,0.2,0.56834,-0.24675,-0.0524,0.78318,-0.73,1.08,0.21,0.56834,-0.24675,-0.0524,0.78318,-0.68,1.07,0.11,-0.18648,-0.11377,-0.30341,0.92748,-0.68,1.08,0.15,-0.26697,-0.05062,-0.22255,0.93629,-0.68,1.1,0.17,0.28554,-0.16934,-0.2384,0.91266,-0.69,1.09,0.19,0.57964,-0.28506,-0.17373,0.74336,-0.7,1.07,0.19,0.57964,-0.28506,-0.17373,0.74336,-0.81,1.08,0.19
-0.8,1.44,-0.15,-0.8,1.44,-0.15,-0.85,1.1,0.11,0.34086,-0.0767,-0.13451,-0.92727,-0.86,1.06,0.06,0.34086,-0.0767,-0.13451,-0.92727,-0.82,1.08,0.08,0.43673,-0.20705,0.53709,-0.69132,-0.8,1.09,0.1,0.20816,-0.03827,0.49912,-0.84029,-0.79,1.1,0.13,0.09011,-0.0085,0.57519,-0.81299,-0.78,1.1,0.16,0.09011,-0.0085,0.57519,-0.81299,-0.83,1.08,0.09,0.34086,-0.0767,-0.13451,-0.92727,-0.83,1.12,0.13,0.04506,-0.09872,-0.06921,-0.99168,-0.82,1.12,0.16,-0.40528,-0.12543,-0.04272,-0.90454,-0.81,1.11,0.18,-0.58752,-0.10465,-0.02222,-0.80211,-0.81,1.09,0.19,-0.58752,-0.10465,-0.02222,-0.80211,-0.85,1.08,0.09,0.34086,-0.0767,-0.13451,-0.92727,-0.85,1.12,0.13,0.06322,-0.09128,-0.12992,-0.98529,-0.84,1.13,0.17,-0.34822,-0.13804,-0.09361,-0.92246,-0.83,1.11,0.19,-0.53337,-0.13959,-0.12423,-0.82498,-0.83,1.09,0.2,-0.53337,-0.13959,-0.12423,-0.82498,-0.87,1.07,0.09,0.34086,-0.0767,-0.13451,-0.92727,-0.87,1.11,0.13,0.11738,-0.07457,-0.19035,-0.97182,-0.86,1.12,0.17,-0.30546,-0.16393,-0.17931,-0.92069,-0.85,1.11,0.19,-0.5219,-0.22552,-0.15674,-0.80758,-0.84,1.09,0.2,-0.5219,-0.22552,-0.15674,-0.80758,-0.87,1.07,0.09,0.27823,-0.01715,-0.36862,-0.8868,-0.88,1.09,0.13,0.16708,-0.06347,-0.27496,-0.9447,-0.88,1.1,0.16,-0.24824,-0.16153,-0.29483,-0.90849,-0.87,1.1,0.18,-0.42784,-0.26617,-0.26213,-0.82304,-0.86,1.09,0.19,-0.42784,-0.26617,-0.26213,-0.82304,-0.71,1.08,0.12,-0.23957,-0.18937,-0.05777,0.95048,-0.68,1.06,0.07,-0.23957,-0.18937,-0.05777,0.95048,-0.72,1.06,0.09,-0.42993,-0.30827,0.53059,0.66228,-0.75,1.07,0.11,-0.25677,-0.17346,0.51212,0.80107,-0.77,1.08,0.13,-0.20849,-0.17697,0.59585,0.7551,-0.78,1.08,0.15,-0.20849,-0.17697,0.59585,0.7551,-0.71,1.07,0.09,-0.23957,-0.18937,-0.05777,0.95048,-0.74,1.1,0.14,0.02139,-0.28337,0.08439,0.95505,-0.76,1.09,0.17,0.34122,-0.24092,0.14773,0.8965,-0.76,1.08,0.19,0.48212,-0.18733,0.17724,0.83729,-0.77,1.06,0.2,0.48212,-0.18733,0.17724,0.83729,-0.7,1.07,0.1,-0.23957,-0.18937,-0.05777,0.95048,-0.72,1.1,0.15,-0.11003,-0.18068,-0.04607,0.97628,-0.73,1.11,0.18,0.30251,-0.1857,0.0196,0.93468,-0.74,1.09,0.2,0.52641,-0.16471,-0.00134,0.83412,-0.75,1.07,0.21,0.52641,-0.16471,-0.00134,0.83412,-0.68,1.07,0.1,-0.23957,-0.18937,-0.05777,0.95048,-0.7,1.09,0.15,-0.18064,-0.12371,-0.1195,0.96839,-0.71,1.11,0.18,0.34001,-0.18866,-0.07769,0.91802,-0.72,1.09,0.2,0.61886,-0.22371,-0.04057,0.75188,-0.72,1.07,0.21,0.61886,-0.22371,-0.04057,0.75188,-0.68,1.06,0.11,-0.16719,-0.10058,-0.28287,0.9391,-0.68,1.08,0.15,-0.25274,-0.03839,-0.19963,0.94594,-0.68,1.1,0.18,0.30314,-0.14589,-0.22607,0.91417,-0.69,1.09,0.19,0.62086,-0.26335,-0.16408,0.7199,-0.7,1.07,0.19,0.62086,-0.26335,-0.16408,0.7199,-0.81,1.08,0.19
-0.8,1.44,-0.15,-0.8,1.44,-0.15,-0.85,1.1,0.11,0.31478,-0.06929,-0.19643,-0.92603,-0.86,1.06,0.06,0.31478,-0.06929,-0.19643,-0.92603,-0.82,1.08,0.08,0.44144,-0.20797,0.47735,-0.73077,-0.8,1.09,0.1,0.20338,-0.05895,0.4387,-0.87333,-0.79,1.1,0.13,0.0897,-0.03971,0.52023,-0.84838,-0.79,1.11,0.15,0.0897,-0.03971,0.52023,-0.84838,-0.84,1.08,0.09,0.31478,-0.06929,-0.19643,-0.92603,-0.83,1.12,0.13,0.02282,-0.10951,-0.13188,-0.98493,-0.83,1.12,0.17,-0.40285,-0.16041,-0.0974,-0.89582,-0.82,1.11,0.18,-0.57682,-0.14961,-0.07006,-0.79999,-0.81,1.09,0.19,-0.57682,-0.14961,-0.07006,-0.79999,-0.85,1.08,0.09,0.31478,-0.06929,-0.19643,-0.92603,-0.85,1.12,0.13,0.03644,-0.10125,-0.19064,-0.97574,-0.85,1.12,0.17,-0.3667,-0.17138,-0.14516,-0.90282,-0.84,1.1,0.19,-0.53831,-0.1797,-0.16822,-0.806,-0.82,1.08,0.2,-0.53831,-0.1797,-0.16822,-0.806,-0.87,1.07,0.09,0.31478,-0.06929,-0.19643,-0.92603,-0.87,1.1,0.13,0.08991,-0.07958,-0.25051,-0.96064,-0.87,1.11,0.17,-0.31599,-0.19037,-0.23324,-0.89973,-0.85,1.1,0.19,-0.50985,-0.26049,-0.20631,-0.7935,-0.84,1.08,0.2,-0.50985,-0.26049,-0.20631,-0.7935,-0.87,1.07,0.09,0.24585,-0.00588,-0.42478,-0.87125,-0.88,1.09,0.13,0.14119,-0.06287,-0.33348,-0.93,-0.88,1.09,0.16,-0.24285,-0.17447,-0.35034,-0.88761,-0.87,1.09,0.18,-0.38363,-0.27849,-0.32263,-0.81925,-0.86,1.08,0.19,-0.38363,-0.27849,-0.32263,-0.81925,-0.7,1.09,0.12,-0.29543,-0.17673,-0.07942,0.93551,-0.68,1.06,0.07,-0.29543,-0.17673,-0.07942,0.93551,-0.72,1.07,0.09,-0.46989,-0.24209,0.52863,0.66419,-0.75,1.08,0.11,-0.30249,-0.1146,0.49177,0.80841,-0.77,1.09,0.13,-0.25107,-0.1167,0.57642,0.76882,-0.78,1.1,0.15,-0.25107,-0.1167,0.57642,0.76882,-0.71,1.07,0.09,-0.29543,-0.17673,-0.07942,0.93551,-0.73,1.11,0.14,0.00823,-0.27448,0.08391,0.95789,-0.75,1.11,0.17,0.34455,-0.23059,0.14822,0.89785,-0.76,1.09,0.18,0.48314,-0.17743,0.17557,0.8392,-0.76,1.07,0.19,0.48314,-0.17743,0.17557,0.8392,-0.7,1.07,0.1,-0.29543,-0.17673,-0.07942,0.93551,-0.71,1.11,0.14,-0.07987,-0.18775,-0.04821,0.97778,-0.73,1.12,0.18,0.39974,-0.19048,0.03489,0.89594,-0.74,1.1,0.2,0.65351,-0.15468,0.02066,0.74066,-0.74,1.07,0.2,0.65351,-0.15468,0.02066,0.74066,-0.68,1.07,0.1,-0.29543,-0.17673,-0.07942,0.93551,-0.69,1.1,0.14,-0.14684,-0.14059,-0.12863,0.97063,-0.7,1.11,0.18,0.44118,-0.21126,-0.06261,0.86995,-0.71,1.1,0.19,0.7398,-0.23451,-0.00999,0.63056,-0.72,1.07,0.19,0.7398,-0.23451,-0.00999,0.63056,-0.67,1.07,0.11,-0.22112,-0.1024,-0.30879,0.91938,-0.68,1.09,0.15,-0.26227,-0.05835,-0.22637,0.93625,-0.68,1.1,0.17,0.35298,-0.19261,-0.22737,0.88691,-0.69,1.09,0.19,0.69387,-0.31204,-0.13386,0.63502,-0.7,1.08,0.18,0.69387,-0.31204,-0.13386,0.63502,-0.81,1.08,0.19
-0.8,1.44,-0.15,-0.8,1.44,-0.15,-0.85,1.1,0.11,0.33047,-0.06319,-0.18902,-0.92253,-0.86,1.06,0.06,0.33047,-0.06319,-0.18902,-0.92253,-0.82,1.08,0.08,0.44797,-0.19616,0.48619,-0.7242,-0.8,1.09,0.1,0.21528,-0.04716,0.44352,-0.86875,-0.79,1.11,0.13,0.09984,-0.02577,0.52392,-0.8455,-0.79,1.11,0.15,0.09984,-0.02577,0.52392,-0.8455,-0.84,1.08,0.09,0.33047,-0.06319,-0.18902,-0.92253,-0.83,1.12,0.13,0.03393,-0.09874,-0.12813,-0.98625,-0.83,1.13,0.17,-0.39109,-0.14915,-0.09894,-0.90278,-0.82,1.11,0.18,-0.56093,-0.13832,-0.07525,-0.81275,-0.81,1.09,0.19,-0.56093,-0.13832,-0.07525,-0.81275,-0.85,1.08,0.09,0.33047,-0.06319,-0.18902,-0.92253,-0.86,1.12,0.13,0.05021,-0.09251,-0.1864,-0.97682,-0.85,1.12,0.17,-0.36415,-0.16339,-0.14314,-0.90565,-0.84,1.11,0.19,-0.53624,-0.17172,-0.16786,-0.80919,-0.83,1.09,0.2,-0.53624,-0.17172,-0.16786,-0.80919,-0.87,1.07,0.09,0.33047,-0.06319,-0.18902,-0.92253,-0.87,1.11,0.13,0.09866,-0.07391,-0.2453,-0.96158,-0.87,1.11,0.17,-0.31338,-0.18469,-0.22986,-0.90269,-0.86,1.1,0.19,-0.50798,-0.25431,-0.2043,-0.79721,-0.84,1.08,0.2,-0.50798,-0.25431,-0.2043,-0.79721,-0.88,1.07,0.09,0.26341,-0.00358,-0.4192,-0.86883,-0.89,1.09,0.13,0.14032,-0.06368,-0.32812,-0.93198,-0.88,1.1,0.16,-0.24343,-0.17268,-0.34535,-0.88975,-0.88,1.09,0.18,-0.38148,-0.27472,-0.31904,-0.82293,-0.86,1.08,0.19,-0.38148,-0.27472,-0.31904,-0.82293,-0.7,1.1,0.11,-0.34941,-0.18058,-0.11114,0.91266,-0.68,1.06,0.07,-0.34941,-0.18058,-0.11114,0.91266,-0.72,1.07,0.09,-0.47979,-0.19354,0.55462,0.65172,-0.75,1.08,0.11,-0.31756,-0.06113,0.5063,0.79942,-0.76,1.1,0.13,-0.25393,-0.05586,0.5889,0.76525,-0.77,1.11,0.15,-0.25393,-0.05586,0.5889,0.76525,-0.71,1.08,0.09,-0.34941,-0.18058,-0.11114,0.91266,-0.73,1.12,0.13,-0.01256,-0.27536,0.06983,0.95872,-0.75,1.12,0.16,0.35682,-0.23194,0.1436,0.89345,-0.76,1.1,0.17,0.49058,-0.18018,0.17061,0.83532,-0.76,1.08,0.19,0.49058,-0.18018,0.17061,0.83532,-0.7,1.07,0.1,-0.34941,-0.18058,-0.11114,0.91266,-0.71,1.12,0.13,-0.06508,-0.2098,-0.05885,0.9738,-0.72,1.12,0.17,0.43761,-0.21352,0.04253,0.87241,-0.73,1.1,0.19,0.70398,-0.16871,0.03855,0.68881,-0.74,1.08,0.19,0.70398,-0.16871,0.03855,0.68881,-0.68,1.07,0.1,-0.34941,-0.18058,-0.11114,0.91266,-0.69,1.11,0.14,-0.13423,-0.17159,-0.14573,0.96504,-0.7,1.12,0.17,0.47585,-0.24719,-0.05169,0.84249,-0.71,1.1,0.18,0.7829,-0.25948,0.02065,0.56508,-0.72,1.08,0.18,0.7829,-0.25948,0.02065,0.56508,-0.67,1.07,0.11,-0.26854,-0.1211,-0.34227,0.89223,-0.67,1.1,0.14,-0.26511,-0.10537,-0.25591,0.92364,-0.68,1.11,0.17,0.38378,-0.25645,-0.2133,0.86107,-0.69,1.1,0.18,0.72916,-0.36394,-0.08446,0.57336,-0.7,1.08,0.17,0.72916,-0.36394,-0.08446,0.57336,-0.81,1.08,0.19
-0.8,1.44,-0.15,-0.8,1.44,-0.15,-0.85,1.1,0.11,0.35297,-0.05498,-0.14173,-0.9232,-0.86,1.06,0.06,0.35297,-0.05498,-0.14173,-0.9232,-0.82,1.08,0.09,0.4413,-0.18273,0.53155,-0.69952,-0.8,1.09,0.1,0.21955,-0.02158,0.48486,-0.84631,-0.79,1.1,0.13,0.10022,0.00695,0.5603,-0.82218,-0.79,1.11,0.16,0.10022,0.00695,0.5603,-0.82218,-0.84,1.08,0.09,0.35297,-0.05498,-0.14173,-0.9232,-0.83,1.12,0.13,0.04894,-0.07548,-0.0856,-0.99226,-0.83,1.13,0.16,-0.39164,-0.11134,-0.06898,-0.91075,-0.82,1.11,0.18,-0.5644,-0.09554,-0.05283,-0.81825,-0.82,1.09,0.19,-0.5644,-0.09554,-0.05283,-0.81825,-0.85,1.08,0.09,0.35297,-0.05498,-0.14173,-0.9232,-0.86,1.12,0.13,0.06647,-0.0717,-0.14411,-0.98472,-0.85,1.13,0.17,-0.37573,-0.12983,-0.11031,-0.91093,-0.84,1.11,0.19,-0.56269,-0.13368,-0.14136,-0.80345,-0.83,1.09,0.2,-0.56269,-0.13368,-0.14136,-0.80345,-0.87,1.08,0.09,0.35297,-0.05498,-0.14173,-0.9232,-0.87,1.11,0.13,0.11012,-0.05832,-0.20226,-0.97137,-0.87,1.12,0.17,-0.33123,-0.15811,-0.19404,-0.90975,-0.86,1.1,0.19,-0.54448,-0.22295,-0.17285,-0.78991,-0.85,1.09,0.2,-0.54448,-0.22295,-0.17285,-0.78991,-0.88,1.07,0.09,0.29351,0.00067,-0.37687,-0.87853,-0.89,1.09,0.13,0.14463,-0.05596,-0.28607,-0.94557,-0.89,1.1,0.16,-0.26719,-0.15717,-0.30776,-0.89955,-0.88,1.1,0.18,-0.43612,-0.262,-0.2787,-0.81454,-0.86,1.08,0.19,-0.43612,-0.262,-0.2787,-0.81454,-0.7,1.1,0.11,-0.38603,-0.19211,-0.13744,0.89173,-0.68,1.06,0.07,-0.38603,-0.19211,-0.13744,0.89173,-0.72,1.07,0.09,-0.46533,-0.18993,0.58836,0.63343,-0.75,1.08,0.11,-0.30255,-0.04392,0.54115,0.78338,-0.76,1.1,0.13,-0.23037,-0.03257,0.62034,0.74903,-0.77,1.11,0.15,-0.23037,-0.03257,0.62034,0.74903,-0.71,1.08,0.09,-0.38603,-0.19211,-0.13744,0.89173,-0.73,1.12,0.12,-0.0391,-0.27101,0.03868,0.961,-0.75,1.12,0.15,0.35491,-0.23752,0.11903,0.89636,-0.75,1.11,0.17,0.49018,-0.18938,0.1472,0.83797,-0.76,1.09,0.18,0.49018,-0.18938,0.1472,0.83797,-0.69,1.08,0.09,-0.38603,-0.19211,-0.13744,0.89173,-0.71,1.12,0.13,-0.09062,-0.22956,-0.07696,0.96601,-0.72,1.13,0.17,0.40623,-0.24027,0.03548,0.8809,-0.73,1.11,0.18,0.68047,-0.19837,0.04038,0.70426,-0.74,1.09,0.18,0.68047,-0.19837,0.04038,0.70426,-0.68,1.08,0.1,-0.38603,-0.19211,-0.13744,0.89173,-0.69,1.11,0.14,-0.16505,-0.19516,-0.16668,0.95231,-0.7,1.13,0.17,0.43869,-0.27937,-0.0549,0.85234,-0.71,1.11,0.18,0.75501,-0.2911,0.03225,0.58666,-0.72,1.09,0.17,0.75501,-0.2911,0.03225,0.58666,-0.67,1.07,0.11,-0.2983,-0.14326,-0.36832,0.86881,-0.67,1.1,0.14,-0.29141,-0.13734,-0.27931,0.90455,-0.68,1.12,0.16,0.35976,-0.29948,-0.20843,0.85874,-0.69,1.11,0.18,0.708,-0.39964,-0.05851,0.57931,-0.7,1.09,0.17,0.708,-0.39964,-0.05851,0.57931,-0.81,1.08,0.19
-0.8,1.44,-0.15,-0.8,1.44,-0.15,-0.85,1.1,0.11,0.35475,-0.05718,-0.09571,-0.92829,-0.86,1.06,0.06,0.35475,-0.05718,-0.09571,-0.92829,-0.82,1.08,0.09,0.4234,-0.18512,0.57166,-0.67799,-0.8,1.09,0.11,0.2075,-0.00949,0.52642,-0.82446,-0.79,1.1,0.14,0.08184,0.02801,0.59705,-0.79753,-0.79,1.1,0.16,0.08184,0.02801,0.59705,-0.79753,-0.84,1.08,0.09,0.35475,-0.05718,-0.09571,-0.92829,-0.83,1.12,0.13,0.03885,-0.06453,-0.03931,-0.99638,-0.83,1.12,0.17,-0.42285,-0.08173,-0.03045,-0.90199,-0.82,1.11,0.18,-0.59873,-0.05895,-0.0193,-0.79855,-0.82,1.09,0.19,-0.59873,-0.05895,-0.0193,-0.79855,-0.85,1.08,0.09,0.35475,-0.05718,-0.09571,-0.92829,-0.85,1.12,0.13,0.05961,-0.06196,-0.0985,-0.99142,-0.85,1.13,0.17,-0.39276,-0.10151,-0.07292,-0.91111,-0.84,1.11,0.19,-0.5904,-0.09806,-0.11056,-0.79346,-0.83,1.09,0.2,-0.5904,-0.09806,-0.11056,-0.79346,-0.87,1.08,0.09,0.35475,-0.05718,-0.09571,-0.92829,-0.87,1.11,0.13,0.10605,-0.05056,-0.15714,-0.98056,-0.87,1.12,0.17,-0.35151,-0.13313,-0.15599,-0.91345,-0.86,1.1,0.19,-0.58269,-0.19113,-0.14016,-0.77736,-0.85,1.08,0.19,-0.58269,-0.19113,-0.14016,-0.77736,-0.88,1.07,0.09,0.30115,-0.00027,-0.33358,-0.89333,-0.89,1.1,0.13,0.14134,-0.05034,-0.24228,-0.95854,-0.88,1.11,0.16,-0.30006,-0.14084,-0.26839,-0.90448,-0.88,1.1,0.17,-0.49877,-0.24545,-0.23835,-0.79635,-0.86,1.08,0.18,-0.49877,-0.24545,-0.23835,-0.79635,-0.7,1.1,0.11,-0.37237,-0.1862,-0.11771,0.90156,-0.68,1.05,0.07,-0.37237,-0.1862,-0.11771,0.90156,-0.72,1.07,0.09,-0.43445,-0.2075,0.6134,0.62605,-0.75,1.08,0.11,-0.27326,-0.05158,0.57188,0.77177,-0.76,1.09,0.14,-0.19966,-0.03918,0.6487,0.73334,-0.77,1.1,0.16,-0.19966,-0.03918,0.6487,0.73334,-0.71,1.07,0.09,-0.37237,-0.1862,-0.11771,0.90156,-0.73,1.12,0.13,-0.01494,-0.24596,0.0425,0.96823,-0.75,1.12,0.16,0.37855,-0.21253,0.11207,0.89385,-0.75,1.1,0.17,0.51294,-0.16542,0.13708,0.83111,-0.76,1.08,0.18,0.51294,-0.16542,0.13708,0.83111,-0.69,1.07,0.1,-0.37237,-0.1862,-0.11771,0.90156,-0.71,1.12,0.13,-0.07994,-0.21667,-0.06198,0.97099,-0.72,1.13,0.17,0.40368,-0.22215,0.03843,0.88669,-0.73,1.11,0.18,0.66942,-0.18184,0.03566,0.7194,-0.74,1.08,0.19,0.66942,-0.18184,0.03566,0.7194,-0.68,1.07,0.1,-0.37237,-0.1862,-0.11771,0.90156,-0.69,1.11,0.14,-0.162,-0.18351,-0.15001,0.9579,-0.7,1.12,0.17,0.43508,-0.25966,-0.05129,0.86061,-0.71,1.11,0.18,0.74869,-0.27279,0.02513,0.60366,-0.72,1.08,0.18,0.74869,-0.27279,0.02513,0.60366,-0.67,1.07,0.11,-0.28889,-0.13297,-0.34946,0.88133,-0.67,1.1,0.14,-0.29156,-0.1332,-0.25783,0.91147,-0.68,1.11,0.17,0.36252,-0.28249,-0.19533,0.86639,-0.69,1.1,0.18,0.71383,-0.37884,-0.05538,0.5864,-0.7,1.09,0.17,0.71383,-0.37884,-0.05538,0.5864,-0.81,1.08,0.19
-0.8,1.44,-0.15,-0.8,1.44,-0.15,-0.85,1.1,0.11,0.35064,-0.05892,-0.0858,-0.93071,-0.86,1.06,0.06,0.35064,-0.05892,-0.0858,-0.93071,-0.82,1.08,0.09,0.41779,-0.18433,0.57872,-0.67569,-0.8,1.09,0.11,0.19905,-0.00348,0.53362,-0.82196,-0.79,1.1,0.14,0.0722,0.03482,0.60274,-0.7939,-0.79,1.1,0.16,0.0722,0.03482,0.60274,-0.7939,-0.83,1.08,0.09,0.35064,-0.05892,-0.0858,-0.93071,-0.83,1.12,0.13,0.03216,-0.06439,-0.02815,-0.99701,-0.82,1.12,0.17,-0.4293,-0.07633,-0.02063,-0.89969,-0.82,1.11,0.18,-0.60711,-0.05171,-0.01036,-0.79287,-0.82,1.08,0.19,-0.60711,-0.05171,-0.01036,-0.79287,-0.85,1.08,0.09,0.35064,-0.05892,-0.0858,-0.93071,-0.85,1.12,0.13,0.05695,-0.06131,-0.08791,-0.99261,-0.85,1.13,0.17,-0.38872,-0.09566,-0.06449,-0.9141,-0.84,1.11,0.19,-0.58627,-0.09074,-0.10383,-0.79829,-0.83,1.09,0.2,-0.58627,-0.09074,-0.10383,-0.79829,-0.87,1.08,0.09,0.35064,-0.05892,-0.0858,-0.93071,-0.87,1.11,0.13,0.10643,-0.04965,-0.14678,-0.98217,-0.87,1.12,0.17,-0.34906,-0.12721,-0.14759,-0.91662,-0.86,1.11,0.19,-0.583,-0.18348,-0.1334,-0.78016,-0.85,1.09,0.19,-0.583,-0.18348,-0.1334,-0.78016,-0.88,1.07,0.09,0.29816,-0.00059,-0.32388,-0.89789,-0.88,1.1,0.13,0.14453,-0.04801,-0.23214,-0.96069,-0.88,1.11,0.16,-0.30085,-0.13535,-0.26022,-0.90744,-0.88,1.1,0.17,-0.50717,-0.23995,-0.23018,-0.79512,-0.86,1.08,0.18,-0.50717,-0.23995,-0.23018,-0.79512,-0.7,1.09,0.12,-0.36004,-0.18502,-0.11372,0.90731,-0.68,1.05,0.07,-0.36004,-0.18502,-0.11372,0.90731,-0.72,1.07,0.09,-0.42207,-0.21759,0.61699,0.62756,-0.75,1.07,0.11,-0.26031,-0.05933,0.57833,0.77087,-0.76,1.09,0.14,-0.18718,-0.04757,0.65477,0.73074,-0.77,1.09,0.16,-0.18718,-0.04757,0.65477,0.73074,-0.71,1.07,0.09,-0.36004,-0.18502,-0.11372,0.90731,-0.73,1.11,0.13,-0.00134,-0.24282,0.04369,0.96909,-0.75,1.11,0.16,0.38788,-0.20925,0.11103,0.89075,-0.75,1.1,0.18,0.52176,-0.16224,0.13584,0.82643,-0.76,1.08,0.18,0.52176,-0.16224,0.13584,0.82643,-0.7,1.07,0.1,-0.36004,-0.18502,-0.11372,0.90731,-0.71,1.12,0.13,-0.0622,-0.21507,-0.05717,0.97294,-0.72,1.12,0.17,0.40491,-0.2189,0.03808,0.88695,-0.73,1.1,0.19,0.65998,-0.18016,0.03276,0.72862,-0.74,1.08,0.19,0.65998,-0.18016,0.03276,0.72862,-0.68,1.07,0.1,-0.36004,-0.18502,-0.11372,0.90731,-0.69,1.11,0.14,-0.1548,-0.1814,-0.14619,0.96008,-0.7,1.12,0.17,0.42824,-0.25477,-0.05343,0.86536,-0.71,1.1,0.19,0.73521,-0.27055,0.01815,0.62124,-0.72,1.08,0.18,0.73521,-0.27055,0.01815,0.62124,-0.67,1.07,0.11,-0.27765,-0.1284,-0.34507,0.88733,-0.67,1.09,0.14,-0.2924,-0.12992,-0.25323,0.91296,-0.68,1.11,0.17,0.35988,-0.27659,-0.19469,0.86953,-0.69,1.1,0.18,0.71125,-0.37337,-0.05842,0.59271,-0.7,1.08,0.17,0.71125,-0.37337,-0.05842,0.59271,-0.81,1.08,0.19
-0.8,1.44,-0.15,-0.8,1.44,-0.15,-0.85,1.1,0.11,0.34516,-0.06402,-0.105,-0.93045,-0.86,1.06,0.06,0.34516,-0.06402,-0.105,-0.93045,-0.82,1.08,0.09,0.42377,-0.18671,0.56181,-0.68551,-0.8,1.09,0.1,0.19774,-0.009,0.51753,-0.83246,-0.79,1.1,0.13,0.07389,0.02464,0.5886,-0.80466,-0.79,1.11,0.16,0.07389,0.02464,0.5886,-0.80466,-0.83,1.08,0.09,0.34516,-0.06402,-0.105,-0.93045,-0.83,1.12,0.13,0.03246,-0.07643,-0.04445,-0.99555,-0.82,1.13,0.16,-0.42499,-0.09437,-0.02995,-0.89977,-0.82,1.11,0.18,-0.60529,-0.07141,-0.01565,-0.79264,-0.82,1.09,0.19,-0.60529,-0.07141,-0.01565,-0.79264,-0.85,1.08,0.09,0.34516,-0.06402,-0.105,-0.93045,-0.85,1.12,0.13,0.05549,-0.07241,-0.10417,-0.99037,-0.85,1.13,0.17,-0.37522,-0.11165,-0.07581,-0.91706,-0.84,1.11,0.19,-0.57311,-0.1096,-0.11143,-0.80443,-0.83,1.09,0.2,-0.57311,-0.1096,-0.11143,-0.80443,-0.87,1.08,0.09,0.34516,-0.06402,-0.105,-0.93045,-0.87,1.11,0.13,0.11185,-0.05837,-0.16375,-0.9784,-0.87,1.12,0.17,-0.337,-0.14188,-0.1593,-0.91702,-0.86,1.11,0.19,-0.57,-0.20083,-0.14057,-0.78423,-0.84,1.09,0.19,-0.57,-0.20083,-0.14057,-0.78423,-0.88,1.07,0.09,0.2891,-0.00477,-0.34155,-0.89429,-0.88,1.1,0.13,0.15339,-0.05344,-0.24851,-0.95491,-0.88,1.11,0.16,-0.28759,-0.14718,-0.27267,-0.90625,-0.88,1.1,0.17,-0.49283,-0.25428,-0.23877,-0.79715,-0.86,1.09,0.18,-0.49283,-0.25428,-0.23877,-0.79715,-0.7,1.09,0.12,-0.36981,-0.18843,-0.12534,0.90113,-0.68,1.05,0.07,-0.36981,-0.18843,-0.12534,0.90113,-0.72,1.07,0.09,-0.43387,-0.2132,0.60928,0.62855,-0.75,1.08,0.11,-0.26987,-0.05676,0.56939,0.77443,-0.76,1.09,0.14,-0.19329,-0.04199,0.64647,0.73686,-0.77,1.09,0.16,-0.19329,-0.04199,0.64647,0.73686,-0.71,1.07,0.09,-0.36981,-0.18843,-0.12534,0.90113,-0.73,1.12,0.13,-0.01466,-0.24838,0.03307,0.96799,-0.75,1.12,0.16,0.37736,-0.21866,0.10406,0.89385,-0.75,1.1,0.17,0.51346,-0.17253,0.1304,0.83042,-0.76,1.08,0.18,0.51346,-0.17253,0.1304,0.83042,-0.69,1.07,0.1,-0.36981,-0.18843,-0.12534,0.90113,-0.71,1.12,0.13,-0.04611,-0.2238,-0.06064,0.97165,-0.72,1.12,0.17,0.4234,-0.2278,0.04034,0.8759,-0.73,1.1,0.18,0.67803,-0.18615,0.03854,0.71003,-0.74,1.08,0.19,0.67803,-0.18615,0.03854,0.71003,-0.68,1.07,0.1,-0.36981,-0.18843,-0.12534,0.90113,-0.69,1.11,0.14,-0.14729,-0.19089,-0.15324,0.95832,-0.7,1.12,0.17,0.43647,-0.26638,-0.05302,0.85774,-0.71,1.1,0.18,0.74147,-0.2805,0.0235,0.60909,-0.72,1.08,0.18,0.74147,-0.2805,0.0235,0.60909,-0.67,1.07,0.11,-0.28489,-0.1348,-0.35635,0.87959,-0.67,1.09,0.14,-0.29955,-0.13531,-0.26496,0.90651,-0.68,1.11,0.17,0.3509,-0.2888,-0.19988,0.86805,-0.69,1.1,0.18,0.70169,-0.38648,-0.05739,0.59579,-0.7,1.09,0.17,0.70169,-0.38648,-0.05739,0.59579,-0.81,1.08,0.19
-0.8,1.44,-0.15,-0.8,1.44,-0.15,-0.85,1.1,0.11,0.32831,-0.05888,-0.11679,-0.93547,-0.86,1.06,0.06,0.32831,-0.05888,-0.11679,-0.93547,-0.82,1.08,0.09,0.41282,-0.19314,0.5507,-0.69929,-0.8,1.09,0.1,0.18021,-0.01587,0.50851,-0.84184,-0.79,1.1,0.14,0.0671,0.00739,0.58138,-0.81082,-0.79,1.1,0.16,0.0671,0.00739,0.58138,-0.81082,-0.83,1.08,0.09,0.32831,-0.05888,-0.11679,-0.93547,-0.83,1.12,0.13,0.03699,-0.0771,-0.05775,-0.99466,-0.82,1.12,0.17,-0.39671,-0.09997,-0.04413,-0.91142,-0.82,1.11,0.18,-0.5796,-0.08002,-0.02927,-0.81043,-0.82,1.09,0.19,-0.5796,-0.08002,-0.02927,-0.81043,-0.85,1.08,0.09,0.32831,-0.05888,-0.11679,-0.93547,-0.85,1.12,0.13,0.06847,-0.06737,-0.11859,-0.98829,-0.85,1.13,0.17,-0.32762,-0.10998,-0.09509,-0.93356,-0.84,1.11,0.19,-0.51897,-0.11434,-0.13163,-0.83682,-0.83,1.09,0.2,-0.51897,-0.11434,-0.13163,-0.83682,-0.87,1.08,0.09,0.32831,-0.05888,-0.11679,-0.93547,-0.87,1.11,0.13,0.13685,-0.04771,-0.17806,-0.97329,-0.87,1.12,0.17,-0.28105,-0.13405,-0.18017,-0.93305,-0.86,1.11,0.19,-0.50717,-0.19851,-0.16345,-0.82259,-0.85,1.09,0.2,-0.50717,-0.19851,-0.16345,-0.82259,-0.88,1.07,0.09,0.27211,0.00417,-0.35174,-0.89567,-0.88,1.1,0.13,0.16496,-0.0415,-0.25943,-0.95066,-0.88,1.11,0.16,-0.24727,-0.13385,-0.2905,-0.91463,-0.88,1.1,0.18,-0.44188,-0.24241,-0.26073,-0.82341,-0.86,1.09,0.19,-0.44188,-0.24241,-0.26073,-0.82341,-0.7,1.09,0.12,-0.37619,-0.1918,-0.13118,0.89693,-0.68,1.05,0.07,-0.37619,-0.1918,-0.13118,0.89693,-0.72,1.07,0.09,-0.44092,-0.21197,0.60603,0.62721,-0.75,1.08,0.11,-0.27588,-0.05622,0.56588,0.77493,-0.76,1.09,0.14,-0.19472,-0.03729,0.64318,0.7396,-0.77,1.09,0.16,-0.19472,-0.03729,0.64318,0.7396,-0.71,1.07,0.09,-0.37619,-0.1918,-0.13118,0.89693,-0.73,1.12,0.13,-0.0236,-0.25077,0.02645,0.9674,-0.75,1.12,0.16,0.3759,-0.22294,0.10073,0.89379,-0.75,1.1,0.17,0.51491,-0.17691,0.1284,0.82891,-0.76,1.08,0.18,0.51491,-0.17691,0.1284,0.82891,-0.69,1.07,0.1,-0.37619,-0.1918,-0.13118,0.89693,-0.71,1.12,0.13,-0.02804,-0.22955,-0.05977,0.97106,-0.72,1.12,0.17,0.45946,-0.23109,0.04925,0.85619,-0.73,1.1,0.18,0.72339,-0.18101,0.05173,0.66428,-0.74,1.08,0.18,0.72339,-0.18101,0.05173,0.66428,-0.68,1.07,0.1,-0.37619,-0.1918,-0.13118,0.89693,-0.69,1.11,0.14,-0.12899,-0.19886,-0.15367,0.95927,-0.7,1.12,0.17,0.46721,-0.27302,-0.04467,0.83975,-0.72,1.1,0.18,0.77437,-0.28034,0.0378,0.56598,-0.72,1.08,0.18,0.77437,-0.28034,0.0378,0.56598,-0.67,1.07,0.11,-0.28962,-0.14008,-0.36197,0.87491,-0.67,1.09,0.14,-0.29735,-0.14048,-0.27066,0.90476,-0.68,1.11,0.17,0.35801,-0.29747,-0.19911,0.86238,-0.69,1.1,0.18,0.71132,-0.39377,-0.04942,0.58011,-0.7,1.09,0.17,0.71132,-0.39377,-0.04942,0.58011,-0.81,1.08,0.19
-0.8,1.44,-0.15,-0.8,1.44,-0.15,-0.85,1.09,0.11,0.28347,-0.03454,-0.12703,-0.9499,-0.86,1.06,0.06,0.28347,-0.03454,-0.12703,-0.9499,-0.82,1.08,0.09,0.38216,-0.20804,0.52756,-0.72963,-0.8,1.09,0.11,0.14582,-0.0371,0.48941,-0.85898,-0.79,1.09,0.14,0.05067,-0.03056,0.56512,-0.82288,-0.79,1.1,0.16,0.05067,-0.03056,0.56512,-0.82288,-0.84,1.08,0.09,0.28347,-0.03454,-0.12703,-0.9499,-0.83,1.11,0.14,0.02933,-0.06155,-0.07445,-0.99489,-0.83,1.12,0.17,-0.33991,-0.08814,-0.07229,-0.93352,-0.82,1.1,0.19,-0.51767,-0.07379,-0.06214,-0.85012,-0.82,1.08,0.2,-0.51767,-0.07379,-0.06214,-0.85012,-0.85,1.08,0.09,0.28347,-0.03454,-0.12703,-0.9499,-0.86,1.11,0.14,0.08607,-0.03577,-0.13734,-0.98613,-0.85,1.12,0.18,-0.26039,-0.08191,-0.12913,-0.95332,-0.85,1.11,0.2,-0.42013,-0.09325,-0.17176,-0.88617,-0.84,1.09,0.22,-0.42013,-0.09325,-0.17176,-0.88617,-0.87,1.07,0.09,0.28347,-0.03454,-0.12703,-0.9499,-0.87,1.1,0.14,0.15628,-0.00759,-0.19334,-0.96858,-0.87,1.11,0.17,-0.20467,-0.09266,-0.21485,-0.95045,-0.87,1.1,0.2,-0.3943,-0.16082,-0.21026,-0.88003,-0.86,1.09,0.21,-0.3943,-0.16082,-0.21026,-0.88003,-0.88,1.07,0.09,0.23203,0.03887,-0.35878,-0.90329,-0.89,1.09,0.13,0.1568,-0.00089,-0.27003,-0.95,-0.89,1.1,0.16,-0.18846,-0.07949,-0.31985,-0.92513,-0.88,1.09,0.18,-0.33569,-0.1804,-0.30787,-0.87177,-0.87,1.08,0.2,-0.33569,-0.1804,-0.30787,-0.87177,-0.7,1.09,0.12,-0.38148,-0.19702,-0.13454,0.89306,-0.68,1.05,0.07,-0.38148,-0.19702,-0.13454,0.89306,-0.72,1.07,0.09,-0.44604,-0.21351,0.60561,0.62346,-0.75,1.08,0.11,-0.28118,-0.05807,0.56599,0.7728,-0.76,1.09,0.14,-0.19847,-0.03705,0.64347,0.73836,-0.77,1.1,0.16,-0.19847,-0.03705,0.64347,0.73836,-0.71,1.07,0.09,-0.38148,-0.19702,-0.13454,0.89306,-0.73,1.12,0.13,-0.03442,-0.2544,0.02215,0.96623,-0.75,1.12,0.16,0.37451,-0.22729,0.10061,0.89328,-0.75,1.1,0.17,0.5188,-0.1805,0.13023,0.82541,-0.76,1.08,0.18,0.5188,-0.1805,0.13023,0.82541,-0.69,1.07,0.1,-0.38148,-0.19702,-0.13454,0.89306,-0.71,1.12,0.13,-0.02618,-0.23373,-0.06129,0.97002,-0.73,1.12,0.17,0.48599,-0.23381,0.05698,0.84018,-0.73,1.1,0.18,0.76958,-0.17349,0.06534,0.61105,-0.74,1.08,0.18,0.76958,-0.17349,0.06534,0.61105,-0.68,1.07,0.1,-0.38148,-0.19702,-0.13454,0.89306,-0.69,1.11,0.14,-0.12747,-0.20474,-0.15521,0.95799,-0.7,1.12,0.17,0.49185,-0.27939,-0.03496,0.82389,-0.72,1.1,0.18,0.81086,-0.27696,0.05766,0.51233,-0.72,1.08,0.17,0.81086,-0.27696,0.05766,0.51233,-0.67,1.07,0.11,-0.29326,-0.14683,-0.36506,0.8713,-0.67,1.1,0.14,-0.29233,-0.14757,-0.27358,0.90439,-0.68,1.11,0.17,0.38335,-0.30864,-0.19029,0.84946,-0.69,1.1,0.18,0.75165,-0.3988,-0.02165,0.52489,-0.7,1.09,0.17,0.75165,-0.3988,-0.02165,0.52489,-0.81,1.08,0.19
-0.8,1.44,-0.15,-0.8,1.44,-0.15,-0.85,1.09,0.11,0.25179,-0.03327,-0.12607,-0.95896,-0.86,1.06,0.06,0.25179,-0.03327,-0.12607,-0.95896,-0.82,1.07,0.09,0.38394,-0.22693,0.49782,-0.74382,-0.8,1.08,0.11,0.14675,-0.06707,0.46483,-0.87057,-0.79,1.09,0.14,0.06302,-0.06842,0.54424,-0.83376,-0.79,1.09,0.16,0.06302,-0.06842,0.54424,-0.83376,-0.83,1.08,0.09,0.25179,-0.03327,-0.12607,-0.95896,-0.83,1.11,0.14,0.02848,-0.05876,-0.07676,-0.99491,-0.83,1.11,0.18,-0.29668,-0.08272,-0.07951,-0.94806,-0.82,1.1,0.2,-0.46311,-0.06888,-0.073,-0.8806,-0.82,1.08,0.21,-0.46311,-0.06888,-0.073,-0.8806,-0.85,1.07,0.09,0.25179,-0.03327,-0.12607,-0.95896,-0.85,1.11,0.14,0.09418,-0.02553,-0.13834,-0.98557,-0.85,1.11,0.18,-0.22544,-0.06898,-0.13554,-0.96231,-0.85,1.1,0.2,-0.35693,-0.07908,-0.18031,-0.91315,-0.84,1.09,0.22,-0.35693,-0.07908,-0.18031,-0.91315,-0.87,1.07,0.09,0.25179,-0.03327,-0.12607,-0.95896,-0.87,1.1,0.14,0.15463,0.0027,-0.19158,-0.96922,-0.87,1.11,0.17,-0.17143,-0.07465,-0.21906,-0.95763,-0.87,1.1,0.2,-0.33131,-0.13813,-0.21979,-0.90711,-0.86,1.09,0.22,-0.33131,-0.13813,-0.21979,-0.90711,-0.88,1.07,0.09,0.2016,0.04794,-0.35531,-0.91149,-0.89,1.08,0.13,0.13929,0.00553,-0.26584,-0.95388,-0.89,1.09,0.16,-0.15233,-0.05299,-0.31909,-0.9339,-0.88,1.08,0.18,-0.25086,-0.13763,-0.31606,-0.90456,-0.88,1.08,0.2,-0.25086,-0.13763,-0.31606,-0.90456,-0.7,1.09,0.12,-0.37772,-0.19651,-0.13107,0.89528,-0.68,1.05,0.07,-0.37772,-0.19651,-0.13107,0.89528,-0.72,1.07,0.1,-0.44137,-0.21696,0.6085,0.62277,-0.75,1.08,0.11,-0.27609,-0.05982,0.57003,0.77153,-0.76,1.09,0.14,-0.1936,-0.03899,0.64723,0.73627,-0.77,1.09,0.16,-0.1936,-0.03899,0.64723,0.73627,-0.71,1.07,0.09,-0.37772,-0.19651,-0.13107,0.89528,-0.73,1.12,0.13,-0.03815,-0.25225,0.02177,0.96666,-0.75,1.12,0.16,0.37134,-0.22558,0.09941,0.89517,-0.75,1.1,0.17,0.51865,-0.17864,0.12929,0.82606,-0.76,1.08,0.18,0.51865,-0.17864,0.12929,0.82606,-0.7,1.07,0.1,-0.37772,-0.19651,-0.13107,0.89528,-0.71,1.12,0.13,-0.02698,-0.22953,-0.06147,0.97098,-0.73,1.12,0.17,0.48976,-0.23007,0.05571,0.83911,-0.73,1.1,0.18,0.77843,-0.16881,0.06393,0.60121,-0.74,1.07,0.18,0.77843,-0.16881,0.06393,0.60121,-0.68,1.07,0.1,-0.37772,-0.19651,-0.13107,0.89528,-0.69,1.11,0.14,-0.1273,-0.20091,-0.15384,0.95904,-0.7,1.12,0.17,0.49643,-0.27565,-0.03506,0.8224,-0.72,1.1,0.18,0.81936,-0.27233,0.05813,0.50111,-0.72,1.08,0.17,0.81936,-0.27233,0.05813,0.50111,-0.67,1.07,0.11,-0.29017,-0.14519,-0.36165,0.87403,-0.68,1.09,0.15,-0.28882,-0.14465,-0.27059,0.90689,-0.68,1.11,0.17,0.3899,-0.30468,-0.18934,0.84812,-0.69,1.1,0.18,0.76295,-0.3947,-0.01875,0.51163,-0.7,1.09,0.17,0.76295,-0.3947,-0.01875,0.51163,-0.81,1.08,0.19
-0.8,1.44,-0.15,-0.8,1.44,-0.15,-0.85,1.09,0.11,0.24366,-0.0432,-0.09559,-0.96417,-0.85,1.06,0.06,0.24366,-0.0432,-0.09559,-0.96417,-0.82,1.07,0.09,0.39935,-0.23217,0.4927,-0.73747,-0.8,1.08,0.11,0.15721,-0.0721,0.46222,-0.86974,-0.79,1.09,0.14,0.05782,-0.06237,0.54246,-0.83576,-0.78,1.09,0.16,0.05782,-0.06237,0.54246,-0.83576,-0.83,1.07,0.09,0.24366,-0.0432,-0.09559,-0.96417,-0.83,1.1,0.14,0.03637,-0.05405,-0.04933,-0.99666,-0.82,1.1,0.18,-0.30446,-0.07045,-0.05401,-0.94838,-0.82,1.09,0.2,-0.4719,-0.05228,-0.04976,-0.87869,-0.82,1.07,0.21,-0.4719,-0.05228,-0.04976,-0.87869,-0.85,1.07,0.09,0.24366,-0.0432,-0.09559,-0.96417,-0.85,1.1,0.14,0.10934,-0.02238,-0.1092,-0.98774,-0.85,1.11,0.18,-0.24569,-0.06066,-0.10696,-0.96152,-0.84,1.1,0.2,-0.38989,-0.06752,-0.15355,-0.90546,-0.84,1.08,0.22,-0.38989,-0.06752,-0.15355,-0.90546,-0.87,1.07,0.09,0.24366,-0.0432,-0.09559,-0.96417,-0.87,1.09,0.14,0.17759,0.00089,-0.16043,-0.97094,-0.87,1.11,0.17,-0.18919,-0.07437,-0.187,-0.9611,-0.86,1.1,0.2,-0.36436,-0.13457,-0.18788,-0.90213,-0.85,1.08,0.22,-0.36436,-0.13457,-0.18788,-0.90213,-0.87,1.06,0.09,0.19586,0.0413,-0.32556,-0.92409,-0.88,1.08,0.13,0.15832,-0.00433,-0.23109,-0.95995,-0.88,1.09,0.16,-0.14923,-0.05729,-0.28382,-0.94546,-0.88,1.08,0.18,-0.27041,-0.14376,-0.2783,-0.91036,-0.87,1.07,0.2,-0.27041,-0.14376,-0.2783,-0.91036,-0.7,1.09,0.12,-0.36164,-0.19483,-0.1216,0.90359,-0.68,1.05,0.07,-0.36164,-0.19483,-0.1216,0.90359,-0.72,1.06,0.1,-0.42913,-0.23083,0.61163,0.62328,-0.75,1.07,0.11,-0.26116,-0.06976,0.57744,0.77039,-0.76,1.08,0.14,-0.18065,-0.05068,0.6544,0.7325,-0.77,1.09,0.16,-0.18065,-0.05068,0.6544,0.7325,-0.71,1.07,0.1,-0.36164,-0.19483,-0.1216,0.90359,-0.73,1.11,0.13,-0.02207,-0.25199,0.03206,0.96695,-0.75,1.11,0.16,0.37864,-0.22158,0.10672,0.89227,-0.75,1.1,0.18,0.52327,-0.17369,0.1356,0.82318,-0.76,1.08,0.19,0.52327,-0.17369,0.1356,0.82318,-0.7,1.07,0.1,-0.36164,-0.19483,-0.1216,0.90359,-0.71,1.11,0.14,-0.05307,-0.22069,-0.06443,0.97177,-0.73,1.12,0.17,0.45241,-0.2253,0.04458,0.86173,-0.74,1.1,0.19,0.74057,-0.17365,0.04889,0.64731,-0.74,1.07,0.18,0.74057,-0.17365,0.04889,0.64731,-0.68,1.07,0.11,-0.36164,-0.19483,-0.1216,0.90359,-0.69,1.11,0.14,-0.14844,-0.18806,-0.15377,0.95862,-0.7,1.12,0.18,0.46864,-0.26597,-0.04556,0.84117,-0.72,1.1,0.19,0.79619,-0.27084,0.04211,0.5394,-0.72,1.08,0.18,0.79619,-0.27084,0.04211,0.5394,-0.67,1.07,0.11,-0.27614,-0.13889,-0.35197,0.8835,-0.68,1.09,0.15,-0.28441,-0.13597,-0.26177,0.91219,-0.68,1.11,0.17,0.38288,-0.28938,-0.1926,0.8559,-0.69,1.1,0.18,0.75383,-0.38365,-0.03378,0.53237,-0.7,1.08,0.17,0.75383,-0.38365,-0.03378,0.53237,-0.81,1.08,0.19
-0.8,1.44,-0.15,-0.8,1.44,-0.15,-0.85,1.09,0.11,0.25369,-0.04718,-0.08288,-0.96257,-0.85,1.06,0.06,0.25369,-0.04718,-0.08288,-0.96257,-0.82,1.07,0.09,0.421,-0.22142,0.48704,-0.73248,-0.79,1.08,0.1,0.17382,-0.06229,0.45395,-0.87169,-0.79,1.09,0.14,0.0455,-0.03451,0.53349,-0.84387,-0.78,1.09,0.16,0.0455,-0.03451,0.53349,-0.84387,-0.83,1.07,0.09,0.25369,-0.04718,-0.08288,-0.96257,-0.82,1.1,0.14,0.04939,-0.04608,-0.04021,-0.99691,-0.82,1.11,0.18,-0.32601,-0.06191,-0.04586,-0.94222,-0.82,1.09,0.19,-0.50114,-0.04277,-0.04202,-0.86329,-0.82,1.07,0.21,-0.50114,-0.04277,-0.04202,-0.86329,-0.85,1.07,0.09,0.25369,-0.04718,-0.08288,-0.96257,-0.85,1.1,0.14,0.12382,-0.02168,-0.09752,-0.98726,-0.85,1.11,0.18,-0.30316,-0.06305,-0.09199,-0.94639,-0.84,1.1,0.2,-0.48841,-0.06886,-0.1388,-0.85875,-0.83,1.08,0.22,-0.48841,-0.06886,-0.1388,-0.85875,-0.86,1.07,0.09,0.25369,-0.04718,-0.08288,-0.96257,-0.86,1.09,0.14,0.19813,-0.00176,-0.14816,-0.96891,-0.87,1.11,0.17,-0.25485,-0.088,-0.16908,-0.94801,-0.86,1.1,0.2,-0.47392,-0.15037,-0.16514,-0.85177,-0.85,1.08,0.21,-0.47392,-0.15037,-0.16514,-0.85177,-0.87,1.06,0.09,0.20655,0.03538,-0.31426,-0.92592,-0.88,1.08,0.13,0.18108,-0.01339,-0.21665,-0.95922,-0.88,1.09,0.16,-0.17683,-0.07645,-0.26655,-0.94437,-0.88,1.08,0.18,-0.3603,-0.17671,-0.25102,-0.88088,-0.87,1.07,0.2,-0.3603,-0.17671,-0.25102,-0.88088,-0.7,1.09,0.12,-0.35209,-0.19609,-0.12092,0.90717,-0.68,1.05,0.07,-0.35209,-0.19609,-0.12092,0.90717,-0.72,1.06,0.1,-0.42904,-0.24142,0.60549,0.62531,-0.75,1.07,0.11,-0.25596,-0.07877,0.57471,0.77329,-0.76,1.08,0.14,-0.17861,-0.0625,0.65227,0.73399,-0.77,1.09,0.16,-0.17861,-0.0625,0.65227,0.73399,-0.71,1.07,0.1,-0.35209,-0.19609,-0.12092,0.90717,-0.73,1.11,0.13,-0.00856,-0.25883,0.03874,0.96511,-0.75,1.11,0.16,0.37541,-0.22667,0.11174,0.89174,-0.76,1.09,0.18,0.51443,-0.17881,0.14001,0.82691,-0.76,1.07,0.19,0.51443,-0.17881,0.14001,0.82691,-0.7,1.07,0.1,-0.35209,-0.19609,-0.12092,0.90717,-0.71,1.11,0.14,-0.07033,-0.21984,-0.06962,0.9705,-0.73,1.12,0.17,0.41094,-0.22854,0.03304,0.88194,-0.74,1.1,0.19,0.68462,-0.18769,0.03427,0.70349,-0.74,1.08,0.19,0.68462,-0.18769,0.03427,0.70349,-0.68,1.07,0.11,-0.35209,-0.19609,-0.12092,0.90717,-0.69,1.1,0.14,-0.16576,-0.18356,-0.15834,0.95591,-0.7,1.12,0.18,0.43035,-0.26467,-0.05796,0.86104,-0.72,1.1,0.19,0.7518,-0.27924,0.02393,0.59686,-0.72,1.08,0.18,0.7518,-0.27924,0.02393,0.59686,-0.67,1.06,0.11,-0.26666,-0.13761,-0.35069,0.88711,-0.68,1.09,0.15,-0.28899,-0.13339,-0.26119,0.9113,-0.68,1.11,0.17,0.35522,-0.28262,-0.20033,0.86822,-0.69,1.1,0.18,0.71865,-0.38176,-0.05315,0.57877,-0.7,1.08,0.18,0.71865,-0.38176,-0.05315,0.57877,-0.81,1.08,0.19
