-0.79,1.46,-0.17,-0.79,1.46,-0.17,-0.85,1.09,0.11,0.33198,-0.06123,-0.11574,-0.93415,-0.86,1.06,0.06,0.33198,-0.06123,-0.11574,-0.93415,-0.82,1.07,0.09,0.4299,-0.1747,0.53945,-0.70261,-0.8,1.08,0.11,0.19011,0.00055,0.49161,-0.84981,-0.79,1.09,0.14,0.06684,0.02829,0.56309,-0.8232,-0.79,1.1,0.16,0.06684,0.02829,0.56309,-0.8232,-0.83,1.07,0.09,0.33198,-0.06123,-0.11574,-0.93415,-0.83,1.11,0.13,0.05737,-0.10135,-0.04248,-0.99229,-0.82,1.12,0.17,-0.31763,-0.11421,-0.02735,-0.94092,-0.82,1.1,0.19,-0.48076,-0.09039,-0.01564,-0.87204,-0.81,1.09,0.2,-0.48076,-0.09039,-0.01564,-0.87204,-0.85,1.07,0.09,0.33198,-0.06123,-0.11574,-0.93415,-0.85,1.11,0.13,0.12219,-0.072,-0.1159,-0.98308,-0.85,1.12,0.17,-0.27215,-0.11347,-0.09119,-0.95118,-0.84,1.11,0.2,-0.45028,-0.11884,-0.12847,-0.87557,-0.83,1.09,0.21,-0.45028,-0.11884,-0.12847,-0.87557,-0.87,1.07,0.09,0.33198,-0.06123,-0.11574,-0.93415,-0.87,1.1,0.13,0.1853,-0.04881,-0.17615,-0.96553,-0.87,1.12,0.17,-0.23543,-0.13643,-0.17692,-0.94586,-0.86,1.11,0.19,-0.45333,-0.19921,-0.16064,-0.85382,-0.85,1.09,0.21,-0.45333,-0.19921,-0.16064,-0.85382,-0.87,1.07,0.1,0.27534,0.00098,-0.35092,-0.89501,-0.88,1.09,0.13,0.20687,-0.05334,-0.25074,-0.94419,-0.88,1.1,0.16,-0.1748,-0.13484,-0.28162,-0.93379,-0.88,1.09,0.18,-0.3593,-0.23748,-0.25234,-0.86651,-0.86,1.08,0.19,-0.3593,-0.23748,-0.25234,-0.86651,-0.7,1.09,0.12,-0.3091,-0.19378,-0.12555,0.92258,-0.68,1.06,0.07,-0.3091,-0.19378,-0.12555,0.92258,-0.72,1.07,0.09,-0.42564,-0.25967,0.57323,0.65024,-0.75,1.07,0.11,-0.24829,-0.10701,0.54563,0.79321,-0.76,1.08,0.14,-0.1568,-0.0807,0.62694,0.75885,-0.77,1.09,0.16,-0.1568,-0.0807,0.62694,0.75885,-0.71,1.07,0.09,-0.3091,-0.19378,-0.12555,0.92258,-0.73,1.11,0.13,-9e-05,-0.25948,0.01792,0.96558,-0.75,1.11,0.16,0.39845,-0.23356,0.09683,0.88165,-0.76,1.09,0.18,0.55072,-0.18569,0.13083,0.80318,-0.76,1.07,0.19,0.55072,-0.18569,0.13083,0.80318,-0.7,1.07,0.1,-0.3091,-0.19378,-0.12555,0.92258,-0.71,1.11,0.14,-0.04854,-0.21557,-0.08069,0.97194,-0.73,1.12,0.18,0.34714,-0.23094,-0.00019,0.90893,-0.74,1.1,0.19,0.5305,-0.21189,-0.0143,0.82065,-0.75,1.08,0.2,0.5305,-0.21189,-0.0143,0.82065,-0.68,1.07,0.1,-0.3091,-0.19378,-0.12555,0.92258,-0.69,1.1,0.14,-0.13001,-0.1688,-0.16751,0.96257,-0.7,1.11,0.18,0.35146,-0.24652,-0.1043,0.89712,-0.72,1.1,0.19,0.59059,-0.28595,-0.05689,0.75247,-0.73,1.08,0.2,0.59059,-0.28595,-0.05689,0.75247,-0.67,1.07,0.11,-0.22459,-0.1244,-0.35238,0.89995,-0.68,1.09,0.15,-0.29339,-0.06522,-0.2741,0.91353,-0.68,1.11,0.17,0.28482,-0.22069,-0.2663,0.89401,-0.69,1.1,0.19,0.55872,-0.33946,-0.18659,0.73334,-0.7,1.08,0.19,0.55872,-0.33946,-0.18659,0.73334,-0.81,1.08,0.19
-0.79,1.46,-0.17,-0.79,1.46,-0.17,-0.85,1.09,0.11,0.3386,-0.06118,-0.11912,-0.93135,-0.86,1.05,0.06,0.3386,-0.06118,-0.11912,-0.93135,-0.82,1.07,0.09,0.4384,-0.16926,0.53511,-0.70201,-0.8,1.08,0.11,0.19889,0.00342,0.48547,-0.85132,-0.79,1.1,0.14,0.0796,0.02827,0.55776,-0.82569,-0.79,1.1,0.16,0.0796,0.02827,0.55776,-0.82569,-0.83,1.07,0.09,0.3386,-0.06118,-0.11912,-0.93135,-0.83,1.11,0.13,0.06541,-0.10241,-0.04542,-0.99155,-0.82,1.12,0.17,-0.31297,-0.11659,-0.02926,-0.94213,-0.82,1.11,0.19,-0.47746,-0.09315,-0.01709,-0.87353,-0.81,1.09,0.2,-0.47746,-0.09315,-0.01709,-0.87353,-0.85,1.07,0.09,0.3386,-0.06118,-0.11912,-0.93135,-0.85,1.11,0.13,0.12637,-0.07261,-0.11937,-0.98209,-0.85,1.12,0.17,-0.2671,-0.11535,-0.09423,-0.95209,-0.84,1.11,0.2,-0.44641,-0.12165,-0.13109,-0.87678,-0.83,1.09,0.21,-0.44641,-0.12165,-0.13109,-0.87678,-0.87,1.07,0.09,0.3386,-0.06118,-0.11912,-0.93135,-0.87,1.1,0.13,0.18903,-0.04967,-0.17979,-0.96409,-0.87,1.12,0.17,-0.23201,-0.13897,-0.17969,-0.94582,-0.86,1.11,0.19,-0.45113,-0.20257,-0.16242,-0.85385,-0.85,1.09,0.2,-0.45113,-0.20257,-0.16242,-0.85385,-0.87,1.07,0.1,0.28134,-0.0008,-0.35454,-0.89171,-0.88,1.09,0.13,0.21006,-0.05365,-0.25488,-0.94235,-0.88,1.1,0.16,-0.17447,-0.13789,-0.28496,-0.93239,-0.88,1.1,0.18,-0.36026,-0.24158,-0.25452,-0.86433,-0.86,1.09,0.19,-0.36026,-0.24158,-0.25452,-0.86433,-0.7,1.09,0.12,-0.30876,-0.19654,-0.12165,0.92263,-0.68,1.06,0.07,-0.30876,-0.19654,-0.12165,0.92263,-0.72,1.07,0.09,-0.42685,-0.26025,0.5749,0.64774,-0.75,1.07,0.11,-0.24927,-0.10674,0.54771,0.79151,-0.76,1.08,0.14,-0.15763,-0.07995,0.6289,0.75713,-0.77,1.09,0.16,-0.15763,-0.07995,0.6289,0.75713,-0.71,1.07,0.09,-0.30876,-0.19654,-0.12165,0.92263,-0.73,1.11,0.13,0.01759,-0.27164,0.03696,0.96153,-0.75,1.11,0.16,0.40715,-0.23731,0.1175,0.87413,-0.76,1.09,0.18,0.55645,-0.18591,0.15188,0.79544,-0.76,1.07,0.18,0.55645,-0.18591,0.15188,0.79544,-0.7,1.07,0.1,-0.30876,-0.19654,-0.12165,0.92263,-0.71,1.11,0.14,-0.05852,-0.21777,-0.07766,0.97114,-0.73,1.12,0.18,0.33737,-0.23188,0.0034,0.91236,-0.74,1.1,0.19,0.52653,-0.2125,-0.00998,0.82311,-0.75,1.08,0.2,0.52653,-0.2125,-0.00998,0.82311,-0.68,1.07,0.1,-0.30876,-0.19654,-0.12165,0.92263,-0.69,1.1,0.14,-0.14454,-0.16757,-0.16628,0.96093,-0.7,1.12,0.18,0.33652,-0.24528,-0.10389,0.90322,-0.72,1.1,0.19,0.5803,-0.28512,-0.05584,0.76081,-0.73,1.08,0.2,0.5803,-0.28512,-0.05584,0.76081,-0.67,1.07,0.11,-0.22423,-0.12693,-0.34851,0.90119,-0.68,1.09,0.15,-0.29127,-0.06324,-0.27108,0.91525,-0.68,1.11,0.17,0.26493,-0.21088,-0.26934,0.90155,-0.69,1.1,0.19,0.5377,-0.33054,-0.19371,0.75107,-0.7,1.09,0.19,0.5377,-0.33054,-0.19371,0.75107,-0.81,1.08,0.19
-0.79,1.46,-0.17,-0.79,1.46,-0.17,-0.85,1.09,0.11,0.34513,-0.05973,-0.12957,-0.92765,-0.86,1.05,0.06,0.34513,-0.05973,-0.12957,-0.92765,-0.82,1.07,0.09,0.44564,-0.16221,0.52774,-0.70469,-0.8,1.09,0.11,0.20562,0.007,0.47574,-0.85519,-0.79,1.1,0.14,0.08671,0.03065,0.54847,-0.8311,-0.79,1.1,0.16,0.08671,0.03065,0.54847,-0.8311,-0.83,1.07,0.09,0.34513,-0.05973,-0.12957,-0.92765,-0.83,1.11,0.13,0.07327,-0.10361,-0.05585,-0.99034,-0.82,1.12,0.17,-0.3077,-0.12191,-0.0381,-0.94287,-0.82,1.11,0.19,-0.47397,-0.10007,-0.02481,-0.87449,-0.81,1.09,0.2,-0.47397,-0.10007,-0.02481,-0.87449,-0.85,1.07,0.09,0.34513,-0.05973,-0.12957,-0.92765,-0.85,1.11,0.13,0.13082,-0.07382,-0.12982,-0.98009,-0.85,1.13,0.17,-0.25952,-0.1203,-0.10369,-0.95259,-0.84,1.11,0.2,-0.43939,-0.12875,-0.1394,-0.87803,-0.83,1.09,0.21,-0.43939,-0.12875,-0.1394,-0.87803,-0.87,1.07,0.09,0.34513,-0.05973,-0.12957,-0.92765,-0.87,1.1,0.13,0.19538,-0.04985,-0.19066,-0.96073,-0.87,1.12,0.17,-0.22398,-0.14376,-0.18936,-0.94515,-0.86,1.11,0.19,-0.44362,-0.20977,-0.17028,-0.85452,-0.85,1.09,0.21,-0.44362,-0.20977,-0.17028,-0.85452,-0.88,1.06,0.1,0.28657,-0.00146,-0.36483,-0.88588,-0.88,1.09,0.13,0.21476,-0.05254,-0.26621,-0.93821,-0.88,1.1,0.16,-0.17438,-0.14333,-0.29505,-0.92844,-0.88,1.1,0.18,-0.36107,-0.24954,-0.26262,-0.85929,-0.86,1.09,0.19,-0.36107,-0.24954,-0.26262,-0.85929,-0.7,1.09,0.12,-0.29777,-0.19672,-0.12146,0.92622,-0.68,1.06,0.07,-0.29777,-0.19672,-0.12146,0.92622,-0.72,1.07,0.09,-0.42264,-0.26698,0.57022,0.65188,-0.75,1.07,0.11,-0.2424,-0.11317,0.54502,0.7946,-0.76,1.08,0.14,-0.15104,-0.08716,0.62668,0.75952,-0.77,1.09,0.16,-0.15104,-0.08716,0.62668,0.75952,-0.71,1.07,0.09,-0.29777,-0.19672,-0.12146,0.92622,-0.73,1.11,0.13,0.04432,-0.28096,0.0489,0.95745,-0.75,1.11,0.16,0.4176,-0.24229,0.12858,0.86624,-0.76,1.09,0.18,0.56252,-0.18936,0.16334,0.78805,-0.76,1.07,0.18,0.56252,-0.18936,0.16334,0.78805,-0.7,1.07,0.1,-0.29777,-0.19672,-0.12146,0.92622,-0.71,1.11,0.14,-0.05603,-0.2179,-0.07895,0.97116,-0.73,1.12,0.18,0.32829,-0.2325,-0.00059,0.91552,-0.74,1.1,0.19,0.51861,-0.21449,-0.01383,0.82755,-0.75,1.08,0.2,0.51861,-0.21449,-0.01383,0.82755,-0.68,1.07,0.1,-0.29777,-0.19672,-0.12146,0.92622,-0.69,1.1,0.14,-0.15231,-0.16194,-0.16965,0.9601,-0.7,1.12,0.18,0.32141,-0.2414,-0.11124,0.90887,-0.72,1.1,0.2,0.56659,-0.28391,-0.0638,0.77091,-0.73,1.08,0.2,0.56659,-0.28391,-0.0638,0.77091,-0.67,1.07,0.11,-0.21352,-0.12432,-0.34753,0.90453,-0.68,1.09,0.15,-0.28323,-0.05295,-0.27051,0.91859,-0.68,1.1,0.17,0.25127,-0.1951,-0.27831,0.90628,-0.69,1.1,0.19,0.51916,-0.31723,-0.20929,0.76553,-0.7,1.08,0.19,0.51916,-0.31723,-0.20929,0.76553,-0.81,1.08,0.19
-0.79,1.46,-0.17,-0.79,1.46,-0.17,-0.85,1.09,0.11,0.34243,-0.06062,-0.13182,-0.92827,-0.86,1.05,0.06,0.34243,-0.06062,-0.13182,-0.92827,-0.82,1.07,0.09,0.44606,-0.16357,0.52428,-0.70669,-0.8,1.08,0.11,0.20689,0.00367,0.47262,-0.85663,-0.79,1.1,0.14,0.08951,0.02623,0.54607,-0.83253,-0.79,1.1,0.16,0.08951,0.02623,0.54607,-0.83253,-0.83,1.07,0.09,0.34243,-0.06062,-0.13182,-0.92827,-0.83,1.11,0.13,0.06989,-0.1043,-0.05837,-0.99037,-0.82,1.12,0.17,-0.31335,-0.12352,-0.03985,-0.94073,-0.82,1.1,0.19,-0.48019,-0.10196,-0.02594,-0.87083,-0.81,1.09,0.2,-0.48019,-0.10196,-0.02594,-0.87083,-0.85,1.07,0.09,0.34243,-0.06062,-0.13182,-0.92827,-0.85,1.11,0.13,0.12241,-0.07578,-0.13137,-0.98082,-0.85,1.12,0.17,-0.26716,-0.12256,-0.10443,-0.95011,-0.84,1.11,0.2,-0.44649,-0.13061,-0.13961,-0.87413,-0.83,1.09,0.21,-0.44649,-0.13061,-0.13961,-0.87413,-0.87,1.07,0.09,0.34243,-0.06062,-0.13182,-0.92827,-0.87,1.1,0.14,0.18951,-0.05102,-0.19266,-0.96144,-0.87,1.12,0.17,-0.22993,-0.14548,-0.19075,-0.94318,-0.86,1.11,0.19,-0.44928,-0.21169,-0.17129,-0.85088,-0.85,1.09,0.21,-0.44928,-0.21169,-0.17129,-0.85088,-0.88,1.06,0.1,0.28343,-0.00172,-0.36674,-0.88609,-0.88,1.09,0.14,0.2089,-0.05273,-0.26872,-0.93881,-0.88,1.1,0.16,-0.18468,-0.14546,-0.29667,-0.92559,-0.88,1.09,0.18,-0.37211,-0.25235,-0.2638,-0.85338,-0.86,1.08,0.19,-0.37211,-0.25235,-0.2638,-0.85338,-0.7,1.09,0.12,-0.28385,-0.19205,-0.12748,0.93075,-0.68,1.06,0.07,-0.28385,-0.19205,-0.12748,0.93075,-0.72,1.07,0.09,-0.41546,-0.27085,0.56115,0.66268,-0.75,1.08,0.11,-0.23382,-0.11945,0.53635,0.80212,-0.76,1.08,0.14,-0.14468,-0.09666,0.6187,0.76611,-0.77,1.09,0.16,-0.14468,-0.09666,0.6187,0.76611,-0.71,1.07,0.09,-0.28385,-0.19205,-0.12748,0.93075,-0.73,1.11,0.13,0.0629,-0.28455,0.04593,0.95549,-0.75,1.1,0.16,0.42732,-0.24725,0.12527,0.86057,-0.76,1.09,0.18,0.56899,-0.19522,0.16064,0.78252,-0.76,1.06,0.18,0.56899,-0.19522,0.16064,0.78252,-0.7,1.07,0.1,-0.28385,-0.19205,-0.12748,0.93075,-0.71,1.11,0.14,-0.03607,-0.2159,-0.08427,0.9721,-0.73,1.11,0.18,0.34655,-0.23246,-0.00641,0.90875,-0.74,1.1,0.2,0.53879,-0.21427,-0.01865,0.81452,-0.75,1.08,0.21,0.53879,-0.21427,-0.01865,0.81452,-0.68,1.07,0.1,-0.28385,-0.19205,-0.12748,0.93075,-0.69,1.1,0.15,-0.12819,-0.15834,-0.17397,0.96345,-0.7,1.11,0.18,0.34429,-0.23933,-0.11713,0.90026,-0.72,1.1,0.2,0.58778,-0.283,-0.07,0.75467,-0.73,1.08,0.2,0.58778,-0.283,-0.07,0.75467,-0.67,1.07,0.11,-0.20009,-0.11639,-0.35243,0.90676,-0.68,1.09,0.15,-0.26087,-0.04553,-0.27454,0.92439,-0.68,1.1,0.17,0.2683,-0.18774,-0.28646,0.90039,-0.69,1.09,0.19,0.53124,-0.31226,-0.2208,0.75599,-0.7,1.08,0.2,0.53124,-0.31226,-0.2208,0.75599,-0.81,1.08,0.19
-0.79,1.46,-0.17,-0.79,1.46,-0.17,-0.85,1.09,0.11,0.34554,-0.06325,-0.13213,-0.9269,-0.86,1.05,0.06,0.34554,-0.06325,-0.13213,-0.9269,-0.82,1.07,0.09,0.4494,-0.16234,0.52441,-0.70476,-0.8,1.08,0.11,0.21344,0.003,0.4722,-0.85526,-0.79,1.1,0.14,0.09693,0.02565,0.54603,-0.83174,-0.79,1.1,0.16,0.09693,0.02565,0.54603,-0.83174,-0.84,1.07,0.09,0.34554,-0.06325,-0.13213,-0.9269,-0.83,1.11,0.13,0.07134,-0.10515,-0.05878,-0.99015,-0.82,1.12,0.17,-0.31978,-0.12483,-0.03884,-0.93843,-0.82,1.1,0.19,-0.48609,-0.10301,-0.02453,-0.86747,-0.81,1.09,0.2,-0.48609,-0.10301,-0.02453,-0.86747,-0.85,1.07,0.09,0.34554,-0.06325,-0.13213,-0.9269,-0.85,1.11,0.13,0.11411,-0.07967,-0.13033,-0.98165,-0.85,1.12,0.17,-0.28959,-0.12716,-0.10008,-0.94337,-0.84,1.11,0.2,-0.47449,-0.13359,-0.13386,-0.85971,-0.83,1.09,0.21,-0.47449,-0.13359,-0.13386,-0.85971,-0.87,1.07,0.09,0.34554,-0.06325,-0.13213,-0.9269,-0.87,1.1,0.14,0.18162,-0.05575,-0.19209,-0.96281,-0.87,1.11,0.17,-0.25466,-0.15247,-0.18609,-0.93663,-0.86,1.1,0.19,-0.48016,-0.21798,-0.16421,-0.83365,-0.85,1.09,0.2,-0.48016,-0.21798,-0.16421,-0.83365,-0.88,1.06,0.1,0.28588,-0.0051,-0.36714,-0.88513,-0.88,1.09,0.14,0.20684,-0.05606,-0.26918,-0.93895,-0.88,1.1,0.16,-0.20488,-0.15409,-0.29363,-0.9209,-0.88,1.09,0.18,-0.40181,-0.26296,-0.25703,-0.83865,-0.86,1.08,0.19,-0.40181,-0.26296,-0.25703,-0.83865,-0.7,1.09,0.12,-0.29454,-0.18771,-0.13537,0.92719,-0.68,1.06,0.07,-0.29454,-0.18771,-0.13537,0.92719,-0.72,1.07,0.09,-0.42366,-0.26074,0.55631,0.66562,-0.75,1.08,0.11,-0.2454,-0.11412,0.52766,0.80519,-0.76,1.09,0.14,-0.16135,-0.0955,0.6103,0.76966,-0.77,1.09,0.16,-0.16135,-0.0955,0.6103,0.76966,-0.71,1.08,0.09,-0.29454,-0.18771,-0.13537,0.92719,-0.73,1.11,0.13,0.04883,-0.28176,0.03622,0.95756,-0.75,1.11,0.17,0.41757,-0.24836,0.11597,0.86631,-0.76,1.09,0.18,0.56101,-0.19786,0.15146,0.78941,-0.76,1.07,0.18,0.56101,-0.19786,0.15146,0.78941,-0.7,1.07,0.1,-0.29454,-0.18771,-0.13537,0.92719,-0.71,1.11,0.14,-0.03146,-0.21463,-0.08985,0.97204,-0.73,1.12,0.18,0.37216,-0.2336,-0.00656,0.89827,-0.74,1.1,0.2,0.58023,-0.21283,-0.01503,0.78601,-0.75,1.08,0.2,0.58023,-0.21283,-0.01503,0.78601,-0.68,1.07,0.1,-0.29454,-0.18771,-0.13537,0.92719,-0.69,1.1,0.15,-0.08823,-0.16512,-0.17413,0.96676,-0.7,1.11,0.18,0.40288,-0.24628,-0.10927,0.8747,-0.72,1.1,0.2,0.65445,-0.28584,-0.05617,0.69774,-0.73,1.07,0.2,0.65445,-0.28584,-0.05617,0.69774,-0.67,1.07,0.11,-0.21029,-0.11504,-0.3609,0.90127,-0.68,1.09,0.15,-0.20968,-0.06358,-0.28287,0.9338,-0.68,1.1,0.18,0.34267,-0.21059,-0.27944,0.87186,-0.69,1.09,0.19,0.60704,-0.33405,-0.20418,0.69154,-0.7,1.08,0.19,0.60704,-0.33405,-0.20418,0.69154,-0.81,1.08,0.19
-0.79,1.46,-0.17,-0.79,1.46,-0.17,-0.85,1.09,0.11,0.35205,-0.06869,-0.13332,-0.92389,-0.86,1.05,0.06,0.35205,-0.06869,-0.13332,-0.92389,-0.82,1.07,0.09,0.45114,-0.15982,0.52941,-0.70047,-0.8,1.08,0.11,0.22169,0.00383,0.47612,-0.85097,-0.79,1.1,0.14,0.10511,0.02786,0.54989,-0.82813,-0.79,1.1,0.16,0.10511,0.02786,0.54989,-0.82813,-0.84,1.07,0.09,0.35205,-0.06869,-0.13332,-0.92389,-0.83,1.11,0.13,0.07265,-0.1066,-0.06036,-0.98981,-0.82,1.12,0.17,-0.34078,-0.12774,-0.03664,-0.9307,-0.82,1.1,0.19,-0.50803,-0.1054,-0.02085,-0.85461,-0.81,1.09,0.2,-0.50803,-0.1054,-0.02085,-0.85461,-0.85,1.07,0.09,0.35205,-0.06869,-0.13332,-0.92389,-0.85,1.11,0.13,0.09457,-0.08764,-0.12858,-0.98328,-0.85,1.12,0.17,-0.35863,-0.13845,-0.08804,-0.91895,-0.84,1.1,0.19,-0.57047,-0.14032,-0.11656,-0.8008,-0.83,1.08,0.2,-0.57047,-0.14032,-0.11656,-0.8008,-0.87,1.07,0.09,0.35205,-0.06869,-0.13332,-0.92389,-0.87,1.1,0.13,0.16211,-0.06574,-0.19124,-0.96583,-0.87,1.11,0.17,-0.32036,-0.16889,-0.17412,-0.91571,-0.86,1.1,0.19,-0.56987,-0.23315,-0.1435,-0.77479,-0.84,1.08,0.2,-0.56987,-0.23315,-0.1435,-0.77479,-0.88,1.06,0.1,0.29095,-0.01216,-0.36848,-0.88285,-0.88,1.09,0.14,0.20166,-0.06454,-0.2701,-0.93926,-0.88,1.1,0.16,-0.25104,-0.17407,-0.28532,-0.90844,-0.87,1.09,0.18,-0.48285,-0.2903,-0.23466,-0.79216,-0.86,1.08,0.19,-0.48285,-0.2903,-0.23466,-0.79216,-0.7,1.1,0.12,-0.33661,-0.17162,-0.14835,0.91391,-0.68,1.06,0.07,-0.33661,-0.17162,-0.14835,0.91391,-0.72,1.07,0.09,-0.45205,-0.22714,0.54927,0.6651,-0.75,1.09,0.11,-0.27909,-0.08837,0.51046,0.80854,-0.76,1.1,0.14,-0.19817,-0.07232,0.59326,0.77688,-0.77,1.1,0.16,-0.19817,-0.07232,0.59326,0.77688,-0.71,1.08,0.09,-0.33661,-0.17162,-0.14835,0.91391,-0.73,1.12,0.13,-0.04758,-0.2583,-0.00372,0.96488,-0.74,1.12,0.16,0.33977,-0.24371,0.07274,0.90547,-0.75,1.11,0.18,0.49916,-0.20029,0.10752,0.83616,-0.76,1.09,0.19,0.49916,-0.20029,0.10752,0.83616,-0.69,1.08,0.1,-0.33661,-0.17162,-0.14835,0.91391,-0.7,1.12,0.14,-0.06885,-0.19892,-0.10876,0.97153,-0.72,1.13,0.18,0.36744,-0.22834,-0.02279,0.90129,-0.73,1.11,0.19,0.59556,-0.21108,-0.02882,0.77455,-0.74,1.09,0.2,0.59556,-0.21108,-0.02882,0.77455,-0.68,1.08,0.1,-0.33661,-0.17162,-0.14835,0.91391,-0.69,1.11,0.14,-0.0914,-0.16036,-0.1866,0.96494,-0.7,1.12,0.18,0.42048,-0.25111,-0.11663,0.86402,-0.71,1.1,0.19,0.6856,-0.29225,-0.05581,0.6644,-0.72,1.08,0.19,0.6856,-0.29225,-0.05581,0.6644,-0.67,1.07,0.11,-0.25277,-0.11028,-0.37692,0.88424,-0.67,1.1,0.15,-0.21636,-0.06871,-0.30075,0.92629,-0.67,1.11,0.17,0.36087,-0.23374,-0.28512,0.85665,-0.68,1.1,0.19,0.63447,-0.36102,-0.19475,0.65512,-0.7,1.08,0.19,0.63447,-0.36102,-0.19475,0.65512,-0.81,1.08,0.19
-0.79,1.46,-0.17,-0.79,1.46,-0.17,-0.85,1.09,0.11,0.35034,-0.06917,-0.13338,-0.9245,-0.86,1.05,0.06,0.35034,-0.06917,-0.13338,-0.9245,-0.82,1.07,0.09,0.44528,-0.16042,0.53374,-0.70079,-0.8,1.08,0.11,0.2178,0.00412,0.48052,-0.8495,-0.79,1.1,0.14,0.1029,0.02723,0.5541,-0.82562,-0.79,1.1,0.16,0.1029,0.02723,0.5541,-0.82562,-0.84,1.07,0.09,0.35034,-0.06917,-0.13338,-0.9245,-0.83,1.11,0.13,0.05924,-0.10498,-0.06073,-0.99085,-0.82,1.12,0.17,-0.36437,-0.12652,-0.0362,-0.92191,-0.82,1.1,0.19,-0.53501,-0.10411,-0.01917,-0.83819,-0.81,1.08,0.19,-0.53501,-0.10411,-0.01917,-0.83819,-0.85,1.07,0.09,0.35034,-0.06917,-0.13338,-0.9245,-0.85,1.11,0.13,0.08605,-0.0865,-0.12948,-0.98405,-0.85,1.12,0.17,-0.37809,-0.13884,-0.08766,-0.91109,-0.84,1.1,0.19,-0.60133,-0.14025,-0.11467,-0.77819,-0.83,1.08,0.2,-0.60133,-0.14025,-0.11467,-0.77819,-0.87,1.07,0.1,0.35034,-0.06917,-0.13338,-0.9245,-0.87,1.1,0.14,0.15483,-0.06541,-0.19168,-0.96696,-0.87,1.11,0.17,-0.33977,-0.1708,-0.17277,-0.90859,-0.86,1.1,0.19,-0.59943,-0.23562,-0.13913,-0.7522,-0.84,1.08,0.2,-0.59943,-0.23562,-0.13913,-0.7522,-0.88,1.06,0.1,0.28917,-0.01218,-0.36842,-0.88346,-0.88,1.09,0.14,0.19801,-0.06555,-0.26991,-0.94003,-0.88,1.1,0.16,-0.26574,-0.17788,-0.28304,-0.90423,-0.87,1.09,0.18,-0.51291,-0.29758,-0.2265,-0.7727,-0.86,1.08,0.19,-0.51291,-0.29758,-0.2265,-0.7727,-0.7,1.1,0.11,-0.36818,-0.16254,-0.14649,0.90364,-0.68,1.06,0.07,-0.36818,-0.16254,-0.14649,0.90364,-0.72,1.08,0.09,-0.4713,-0.20534,0.5526,0.65601,-0.75,1.09,0.11,-0.29754,-0.06568,0.50876,0.80519,-0.76,1.1,0.13,-0.19875,-0.03634,0.59019,0.78158,-0.77,1.11,0.16,-0.19875,-0.03634,0.59019,0.78158,-0.71,1.08,0.09,-0.36818,-0.16254,-0.14649,0.90364,-0.72,1.12,0.13,-0.11244,-0.22904,-0.02606,0.96655,-0.74,1.13,0.16,0.30628,-0.22595,0.04743,0.92352,-0.75,1.12,0.18,0.48424,-0.18633,0.08187,0.85093,-0.75,1.1,0.19,0.48424,-0.18633,0.08187,0.85093,-0.69,1.08,0.1,-0.36818,-0.16254,-0.14649,0.90364,-0.7,1.12,0.13,-0.10324,-0.18875,-0.11086,0.97027,-0.72,1.14,0.17,0.33211,-0.22046,-0.02998,0.91662,-0.73,1.12,0.19,0.55982,-0.20788,-0.03917,0.80116,-0.74,1.1,0.2,0.55982,-0.20788,-0.03917,0.80116,-0.68,1.08,0.1,-0.36818,-0.16254,-0.14649,0.90364,-0.68,1.11,0.14,-0.14387,-0.14928,-0.1921,0.95923,-0.69,1.13,0.17,0.35453,-0.24419,-0.13043,0.89312,-0.71,1.11,0.19,0.6223,-0.29216,-0.07309,0.72252,-0.72,1.09,0.19,0.6223,-0.29216,-0.07309,0.72252,-0.67,1.07,0.11,-0.28565,-0.10944,-0.37759,0.87399,-0.67,1.1,0.14,-0.315,-0.03925,-0.30502,0.89789,-0.67,1.12,0.17,0.25473,-0.21826,-0.30572,0.89107,-0.68,1.11,0.18,0.53925,-0.3534,-0.21816,0.73261,-0.69,1.1,0.19,0.53925,-0.3534,-0.21816,0.73261,-0.81,1.08,0.19
-0.79,1.46,-0.17,-0.79,1.46,-0.17,-0.85,1.09,0.11,0.34554,-0.06784,-0.1289,-0.92703,-0.86,1.05,0.06,0.34554,-0.06784,-0.1289,-0.92703,-0.82,1.07,0.09,0.43414,-0.16303,0.54216,-0.70072,-0.8,1.08,0.11,0.20688,0.0054,0.48979,-0.84692,-0.79,1.1,0.14,0.09308,0.02785,0.56254,-0.82104,-0.79,1.1,0.16,0.09308,0.02785,0.56254,-0.82104,-0.84,1.07,0.09,0.34554,-0.06784,-0.1289,-0.92703,-0.83,1.11,0.13,0.04484,-0.10077,-0.05732,-0.99224,-0.82,1.12,0.17,-0.37584,-0.12082,-0.03525,-0.9181,-0.82,1.1,0.19,-0.54597,-0.09825,-0.01891,-0.83181,-0.81,1.08,0.2,-0.54597,-0.09825,-0.01891,-0.83181,-0.85,1.07,0.09,0.34554,-0.06784,-0.1289,-0.92703,-0.85,1.11,0.13,0.07982,-0.08215,-0.12661,-0.98532,-0.85,1.12,0.18,-0.37931,-0.13311,-0.08784,-0.91142,-0.84,1.1,0.19,-0.59979,-0.13451,-0.11649,-0.78012,-0.83,1.08,0.2,-0.59979,-0.13451,-0.11649,-0.78012,-0.87,1.07,0.1,0.34554,-0.06784,-0.1289,-0.92703,-0.87,1.1,0.14,0.1504,-0.06144,-0.18817,-0.96861,-0.87,1.11,0.17,-0.34202,-0.16505,-0.17216,-0.90892,-0.86,1.1,0.19,-0.60045,-0.22979,-0.14065,-0.75291,-0.84,1.08,0.2,-0.60045,-0.22979,-0.14065,-0.75291,-0.88,1.06,0.1,0.28539,-0.00947,-0.36397,-0.88656,-0.88,1.09,0.14,0.19426,-0.0624,-0.26578,-0.94219,-0.88,1.1,0.16,-0.27148,-0.17341,-0.28066,-0.90413,-0.87,1.09,0.18,-0.51968,-0.29292,-0.22546,-0.77026,-0.86,1.08,0.19,-0.51968,-0.29292,-0.22546,-0.77026,-0.7,1.1,0.11,-0.36085,-0.16867,-0.1242,0.9088,-0.68,1.06,0.07,-0.36085,-0.16867,-0.1242,0.9088,-0.72,1.07,0.09,-0.46023,-0.22206,0.57049,0.64298,-0.75,1.08,0.11,-0.28419,-0.07316,0.53268,0.79381,-0.76,1.09,0.13,-0.15979,-0.0218,0.61188,0.77434,-0.77,1.1,0.16,-0.15979,-0.0218,0.61188,0.77434,-0.71,1.08,0.09,-0.36085,-0.16867,-0.1242,0.9088,-0.73,1.12,0.13,-0.10729,-0.22091,-0.01057,0.96932,-0.74,1.13,0.16,0.32373,-0.21124,0.06075,0.92026,-0.75,1.11,0.18,0.50563,-0.16854,0.0937,0.84093,-0.75,1.09,0.19,0.50563,-0.16854,0.0937,0.84093,-0.7,1.07,0.09,-0.36085,-0.16867,-0.1242,0.9088,-0.7,1.12,0.13,-0.06712,-0.19268,-0.0807,0.97563,-0.72,1.13,0.17,0.34814,-0.21034,-0.00556,0.91352,-0.73,1.11,0.19,0.56427,-0.19147,-0.01934,0.80285,-0.74,1.09,0.2,0.56427,-0.19147,-0.01934,0.80285,-0.68,1.07,0.1,-0.36085,-0.16867,-0.1242,0.9088,-0.69,1.11,0.14,-0.1473,-0.14927,-0.1698,0.96291,-0.7,1.12,0.17,0.34012,-0.23174,-0.11439,0.90417,-0.71,1.11,0.19,0.60524,-0.27569,-0.06374,0.74406,-0.72,1.09,0.19,0.60524,-0.27569,-0.06374,0.74406,-0.67,1.07,0.11,-0.28032,-0.11272,-0.35594,0.88432,-0.67,1.1,0.14,-0.35428,-0.02667,-0.28259,0.89102,-0.67,1.12,0.16,0.21513,-0.19789,-0.2947,0.90979,-0.68,1.11,0.18,0.50852,-0.33103,-0.21359,0.76564,-0.69,1.1,0.19,0.50852,-0.33103,-0.21359,0.76564,-0.81,1.08,0.19
-0.79,1.46,-0.17,-0.79,1.46,-0.17,-0.85,1.09,0.11,0.33709,-0.06091,-0.13536,-0.9297,-0.86,1.05,0.06,0.33709,-0.06091,-0.13536,-0.9297,-0.82,1.07,0.09,0.42458,-0.16501,0.53842,-0.70895,-0.8,1.08,0.11,0.19437,0.00385,0.48663,-0.8517,-0.8,1.09,0.14,0.08025,0.02491,0.55927,-0.82472,-0.79,1.1,0.16,0.08025,0.02491,0.55927,-0.82472,-0.84,1.07,0.09,0.33709,-0.06091,-0.13536,-0.9297,-0.83,1.11,0.13,0.03254,-0.09576,-0.06592,-0.99269,-0.82,1.12,0.17,-0.38288,-0.11934,-0.04576,-0.91491,-0.82,1.1,0.19,-0.55107,-0.09867,-0.0295,-0.82808,-0.81,1.08,0.2,-0.55107,-0.09867,-0.0295,-0.82808,-0.85,1.07,0.09,0.33709,-0.06091,-0.13536,-0.9297,-0.85,1.11,0.14,0.07396,-0.07555,-0.13545,-0.98513,-0.85,1.12,0.18,-0.37214,-0.12987,-0.10045,-0.91354,-0.84,1.1,0.2,-0.58483,-0.13425,-0.13014,-0.78931,-0.83,1.08,0.2,-0.58483,-0.13425,-0.13014,-0.78931,-0.87,1.07,0.09,0.33709,-0.06091,-0.13536,-0.9297,-0.87,1.1,0.14,0.14532,-0.05339,-0.19632,-0.96824,-0.87,1.11,0.17,-0.34027,-0.16072,-0.1841,-0.90802,-0.86,1.1,0.19,-0.59274,-0.22857,-0.15444,-0.75668,-0.84,1.08,0.2,-0.59274,-0.22857,-0.15444,-0.75668,-0.88,1.06,0.1,0.27769,-0.00076,-0.36971,-0.88668,-0.88,1.09,0.14,0.18872,-0.05243,-0.27358,-0.9417,-0.88,1.1,0.16,-0.27393,-0.16726,-0.29223,-0.90088,-0.88,1.09,0.18,-0.51529,-0.289,-0.24014,-0.77025,-0.86,1.08,0.19,-0.51529,-0.289,-0.24014,-0.77025,-0.7,1.1,0.12,-0.35399,-0.16935,-0.12886,0.91072,-0.68,1.06,0.07,-0.35399,-0.16935,-0.12886,0.91072,-0.72,1.07,0.09,-0.45081,-0.22815,0.57223,0.64596,-0.75,1.08,0.11,-0.27025,-0.07507,0.53674,0.79576,-0.76,1.09,0.14,-0.13989,-0.01984,0.61527,0.77555,-0.77,1.1,0.16,-0.13989,-0.01984,0.61527,0.77555,-0.71,1.08,0.09,-0.35399,-0.16935,-0.12886,0.91072,-0.73,1.12,0.13,-0.09673,-0.22369,-0.01383,0.96975,-0.74,1.12,0.16,0.32014,-0.2157,0.05577,0.9208,-0.75,1.11,0.18,0.49492,-0.17466,0.08793,0.84665,-0.76,1.09,0.19,0.49492,-0.17466,0.08793,0.84665,-0.7,1.07,0.1,-0.35399,-0.16935,-0.12886,0.91072,-0.71,1.12,0.13,-0.0295,-0.20015,-0.07619,0.97635,-0.72,1.12,0.17,0.36466,-0.21477,-0.00264,0.90603,-0.73,1.1,0.19,0.57079,-0.19434,-0.01631,0.7976,-0.74,1.08,0.2,0.57079,-0.19434,-0.01631,0.7976,-0.68,1.07,0.1,-0.35399,-0.16935,-0.12886,0.91072,-0.69,1.11,0.14,-0.13168,-0.15319,-0.17167,0.96422,-0.7,1.12,0.17,0.35409,-0.23538,-0.11451,0.89783,-0.71,1.11,0.19,0.61778,-0.27876,-0.06266,0.73261,-0.72,1.08,0.19,0.61778,-0.27876,-0.06266,0.73261,-0.67,1.07,0.11,-0.27286,-0.11178,-0.35987,0.88518,-0.67,1.09,0.14,-0.34674,-0.0275,-0.28586,0.89291,-0.67,1.11,0.17,0.23169,-0.20265,-0.29537,0.90444,-0.68,1.11,0.18,0.53327,-0.33823,-0.20888,0.74672,-0.69,1.09,0.19,0.53327,-0.33823,-0.20888,0.74672,-0.81,1.08,0.19
-0.79,1.46,-0.17,-0.79,1.46,-0.17,-0.85,1.09,0.11,0.33104,-0.05578,-0.138,-0.9318,-0.86,1.05,0.06,0.33104,-0.05578,-0.138,-0.9318,-0.82,1.07,0.09,0.42227,-0.17204,0.53254,-0.71308,-0.8,1.08,0.11,0.19085,-0.00468,0.48292,-0.8546,-0.79,1.1,0.14,0.0743,0.01767,0.5562,-0.82753,-0.79,1.1,0.16,0.0743,0.01767,0.5562,-0.82753,-0.84,1.07,0.09,0.33104,-0.05578,-0.138,-0.9318,-0.83,1.11,0.13,0.0263,-0.08956,-0.07175,-0.99304,-0.83,1.12,0.17,-0.39573,-0.11638,-0.05273,-0.90943,-0.82,1.1,0.19,-0.56302,-0.09699,-0.03648,-0.81992,-0.81,1.08,0.2,-0.56302,-0.09699,-0.03648,-0.81992,-0.85,1.07,0.09,0.33104,-0.05578,-0.138,-0.9318,-0.85,1.11,0.14,0.07827,-0.0663,-0.14211,-0.98452,-0.85,1.12,0.18,-0.38527,-0.12667,-0.10815,-0.90765,-0.84,1.1,0.2,-0.59617,-0.13208,-0.13809,-0.77979,-0.83,1.08,0.2,-0.59617,-0.13208,-0.13809,-0.77979,-0.87,1.07,0.09,0.33104,-0.05578,-0.138,-0.9318,-0.87,1.1,0.14,0.13754,-0.04643,-0.2007,-0.96884,-0.87,1.11,0.17,-0.35225,-0.15749,-0.19064,-0.90265,-0.86,1.1,0.19,-0.59916,-0.22657,-0.16259,-0.75049,-0.85,1.08,0.2,-0.59916,-0.22657,-0.16259,-0.75049,-0.88,1.06,0.1,0.27248,0.00571,-0.37195,-0.88734,-0.89,1.09,0.14,0.17196,-0.04815,-0.27741,-0.94401,-0.89,1.1,0.16,-0.28099,-0.16122,-0.29858,-0.89772,-0.88,1.09,0.18,-0.50289,-0.27979,-0.25398,-0.77737,-0.86,1.07,0.19,-0.50289,-0.27979,-0.25398,-0.77737,-0.7,1.09,0.12,-0.33271,-0.18446,-0.13289,0.91521,-0.68,1.06,0.07,-0.33271,-0.18446,-0.13289,0.91521,-0.72,1.07,0.09,-0.43754,-0.25207,0.5723,0.64613,-0.75,1.08,0.11,-0.255,-0.09655,0.54381,0.79368,-0.76,1.09,0.14,-0.13199,-0.04556,0.62437,0.76855,-0.77,1.09,0.16,-0.13199,-0.04556,0.62437,0.76855,-0.71,1.07,0.09,-0.33271,-0.18446,-0.13289,0.91521,-0.73,1.12,0.13,-0.10185,-0.24198,-0.02025,0.96471,-0.75,1.12,0.16,0.25258,-0.23837,0.04191,0.93682,-0.76,1.11,0.18,0.40158,-0.20263,0.06922,0.89044,-0.76,1.1,0.19,0.40158,-0.20263,0.06922,0.89044,-0.7,1.07,0.1,-0.33271,-0.18446,-0.13289,0.91521,-0.71,1.12,0.14,-0.02112,-0.21494,-0.07755,0.97331,-0.73,1.12,0.17,0.35365,-0.22877,-0.0024,0.90697,-0.74,1.1,0.19,0.54624,-0.20934,-0.01527,0.8109,-0.75,1.08,0.2,0.54624,-0.20934,-0.01527,0.8109,-0.68,1.07,0.1,-0.33271,-0.18446,-0.13289,0.91521,-0.69,1.11,0.14,-0.10369,-0.16761,-0.17051,0.96545,-0.7,1.12,0.18,0.37763,-0.24605,-0.10751,0.88617,-0.72,1.1,0.19,0.63405,-0.28589,-0.05404,0.71647,-0.73,1.08,0.2,0.63405,-0.28589,-0.05404,0.71647,-0.68,1.07,0.11,-0.24848,-0.12144,-0.36144,0.89043,-0.68,1.09,0.15,-0.30461,-0.0528,-0.28579,0.90705,-0.67,1.11,0.17,0.29193,-0.22431,-0.27835,0.88712,-0.69,1.1,0.18,0.58886,-0.35261,-0.18556,0.70319,-0.7,1.09,0.19,0.58886,-0.35261,-0.18556,0.70319,-0.81,1.08,0.19
-0.79,1.46,-0.17,-0.79,1.46,-0.17,-0.85,1.09,0.11,0.33238,-0.05592,-0.11432,-0.93452,-0.86,1.06,0.06,0.33238,-0.05592,-0.11432,-0.93452,-0.82,1.07,0.09,0.42134,-0.17872,0.54647,-0.70135,-0.8,1.08,0.11,0.19355,-0.00714,0.49915,-0.8446,-0.79,1.1,0.14,0.07212,0.02134,0.57129,-0.81729,-0.79,1.1,0.16,0.07212,0.02134,0.57129,-0.81729,-0.83,1.08,0.09,0.33238,-0.05592,-0.11432,-0.93452,-0.83,1.12,0.13,0.03649,-0.07657,-0.05382,-0.99494,-0.82,1.12,0.17,-0.40908,-0.09832,-0.03953,-0.90633,-0.82,1.1,0.19,-0.57916,-0.07682,-0.02608,-0.81117,-0.82,1.08,0.19,-0.57916,-0.07682,-0.02608,-0.81117,-0.85,1.07,0.09,0.33238,-0.05592,-0.11432,-0.93452,-0.85,1.11,0.13,0.07711,-0.05674,-0.1215,-0.98796,-0.85,1.12,0.18,-0.42873,-0.1128,-0.08937,-0.8919,-0.84,1.1,0.19,-0.64692,-0.11221,-0.12191,-0.74434,-0.83,1.08,0.2,-0.64692,-0.11221,-0.12191,-0.74434,-0.87,1.07,0.09,0.33238,-0.05592,-0.11432,-0.93452,-0.87,1.1,0.13,0.09584,-0.04757,-0.17661,-0.97845,-0.87,1.11,0.17,-0.41853,-0.14958,-0.16649,-0.88019,-0.86,1.09,0.19,-0.66487,-0.21112,-0.14156,-0.70238,-0.85,1.07,0.19,-0.66487,-0.21112,-0.14156,-0.70238,-0.88,1.07,0.1,0.27702,0.00611,-0.34977,-0.89492,-0.88,1.09,0.13,0.12478,-0.05899,-0.25417,-0.95726,-0.88,1.1,0.16,-0.33214,-0.15747,-0.27268,-0.88912,-0.87,1.09,0.18,-0.5521,-0.26907,-0.23218,-0.75424,-0.86,1.07,0.18,-0.5521,-0.26907,-0.23218,-0.75424,-0.71,1.09,0.12,-0.27611,-0.18365,-0.10374,0.9377,-0.68,1.06,0.07,-0.27611,-0.18365,-0.10374,0.9377,-0.73,1.07,0.09,-0.39546,-0.29955,0.57795,0.64797,-0.75,1.07,0.11,-0.21578,-0.14104,0.56225,0.78576,-0.77,1.08,0.14,-0.12148,-0.11053,0.64444,0.74681,-0.78,1.08,0.16,-0.12148,-0.11053,0.64444,0.74681,-0.71,1.07,0.1,-0.27611,-0.18365,-0.10374,0.9377,-0.73,1.11,0.14,-0.08179,-0.24782,-0.00042,0.96535,-0.75,1.11,0.17,0.23738,-0.2384,0.05365,0.94018,-0.76,1.1,0.19,0.37333,-0.20204,0.07707,0.90215,-0.77,1.09,0.2,0.37333,-0.20204,0.07707,0.90215,-0.7,1.07,0.1,-0.27611,-0.18365,-0.10374,0.9377,-0.71,1.11,0.14,-0.10084,-0.18784,-0.08293,0.97348,-0.73,1.12,0.18,0.26434,-0.20648,-0.02101,0.94183,-0.74,1.1,0.2,0.45697,-0.19734,-0.04044,0.86637,-0.75,1.09,0.22,0.45697,-0.19734,-0.04044,0.86637,-0.68,1.07,0.1,-0.27611,-0.18365,-0.10374,0.9377,-0.7,1.1,0.15,-0.16414,-0.13176,-0.16072,0.9643,-0.7,1.11,0.18,0.31388,-0.21139,-0.11715,0.91819,-0.72,1.1,0.2,0.57359,-0.25774,-0.07486,0.77393,-0.73,1.08,0.21,0.57359,-0.25774,-0.07486,0.77393,-0.68,1.07,0.11,-0.19753,-0.10525,-0.32995,0.91708,-0.68,1.09,0.15,-0.27107,-0.03933,-0.24954,0.92882,-0.68,1.1,0.17,0.32202,-0.18701,-0.25972,0.891,-0.69,1.09,0.19,0.61789,-0.31106,-0.18407,0.69826,-0.7,1.08,0.19,0.61789,-0.31106,-0.18407,0.69826,-0.81,1.08,0.19
-0.79,1.46,-0.17,-0.79,1.46,-0.17,-0.85,1.1,0.11,0.3414,-0.05897,-0.07135,-0.93535,-0.86,1.06,0.06,0.3414,-0.05897,-0.07135,-0.93535,-0.82,1.08,0.09,0.4168,-0.18053,0.5797,-0.67649,-0.8,1.09,0.11,0.19517,0.00254,0.53357,-0.82293,-0.79,1.1,0.14,0.0602,0.04612,0.6008,-0.79579,-0.79,1.1,0.16,0.0602,0.04612,0.6008,-0.79579,-0.83,1.08,0.09,0.3414,-0.05897,-0.07135,-0.93535,-0.83,1.12,0.13,0.06211,-0.05702,-0.01955,-0.99625,-0.82,1.13,0.17,-0.40154,-0.0666,-0.01623,-0.91327,-0.82,1.11,0.18,-0.57699,-0.04131,-0.00931,-0.81565,-0.82,1.09,0.19,-0.57699,-0.04131,-0.00931,-0.81565,-0.85,1.08,0.09,0.3414,-0.05897,-0.07135,-0.93535,-0.85,1.12,0.13,0.05348,-0.04629,-0.08113,-0.99419,-0.84,1.13,0.17,-0.475,-0.08474,-0.05767,-0.874,-0.84,1.1,0.19,-0.69959,-0.07438,-0.09766,-0.70392,-0.83,1.08,0.19,-0.69959,-0.07438,-0.09766,-0.70392,-0.87,1.08,0.09,0.3414,-0.05897,-0.07135,-0.93535,-0.87,1.11,0.13,0.04242,-0.04477,-0.13464,-0.98897,-0.86,1.12,0.17,-0.49324,-0.12684,-0.13031,-0.85067,-0.85,1.1,0.18,-0.74537,-0.17774,-0.11225,-0.63265,-0.84,1.07,0.18,-0.74537,-0.17774,-0.11225,-0.63265,-0.87,1.08,0.09,0.29114,0.00219,-0.30955,-0.90521,-0.88,1.1,0.13,0.08799,-0.06314,-0.21333,-0.97096,-0.88,1.1,0.16,-0.39935,-0.14666,-0.23144,-0.8749,-0.87,1.09,0.17,-0.64006,-0.25257,-0.19114,-0.7,-0.86,1.08,0.17,-0.64006,-0.25257,-0.19114,-0.7,-0.71,1.08,0.12,-0.18435,-0.16737,-0.05666,0.96685,-0.69,1.06,0.07,-0.18435,-0.16737,-0.05666,0.96685,-0.73,1.06,0.09,-0.35398,-0.35528,0.54616,0.67096,-0.75,1.07,0.11,-0.18293,-0.21187,0.53982,0.79388,-0.77,1.07,0.14,-0.13328,-0.21676,0.62085,0.74148,-0.78,1.07,0.16,-0.13328,-0.21676,0.62085,0.74148,-0.72,1.07,0.09,-0.18435,-0.16737,-0.05666,0.96685,-0.74,1.09,0.14,0.0295,-0.26049,0.05416,0.96351,-0.76,1.09,0.18,0.33172,-0.23134,0.10649,0.90835,-0.76,1.07,0.19,0.46267,-0.18629,0.13153,0.8567,-0.77,1.06,0.2,0.46267,-0.18629,0.13153,0.8567,-0.7,1.07,0.1,-0.18435,-0.16737,-0.05666,0.96685,-0.72,1.1,0.15,-0.10094,-0.14534,-0.05728,0.98255,-0.73,1.1,0.19,0.25682,-0.15741,-0.01445,0.95344,-0.74,1.09,0.21,0.44673,-0.1486,-0.04451,0.88112,-0.74,1.07,0.22,0.44673,-0.1486,-0.04451,0.88112,-0.68,1.07,0.1,-0.18435,-0.16737,-0.05666,0.96685,-0.7,1.09,0.15,-0.19614,-0.07796,-0.12406,0.96957,-0.7,1.1,0.19,0.27492,-0.14684,-0.11159,0.94361,-0.71,1.09,0.21,0.53068,-0.19526,-0.0901,0.81984,-0.72,1.07,0.22,0.53068,-0.19526,-0.0901,0.81984,-0.68,1.07,0.11,-0.11815,-0.06554,-0.27783,0.95108,-0.68,1.08,0.15,-0.27445,0.01973,-0.185,0.94343,-0.67,1.09,0.18,0.26077,-0.08654,-0.2461,0.92949,-0.68,1.08,0.19,0.56509,-0.21186,-0.20854,0.76961,-0.69,1.07,0.2,0.56509,-0.21186,-0.20854,0.76961,-0.81,1.08,0.19
-0.79,1.46,-0.17,-0.79,1.46,-0.17,-0.85,1.1,0.11,0.34035,-0.05859,-0.04852,-0.93722,-0.85,1.07,0.06,0.34035,-0.05859,-0.04852,-0.93722,-0.82,1.08,0.09,0.40879,-0.18065,0.59681,-0.66639,-0.8,1.09,0.11,0.18037,0.01558,0.55153,-0.81427,-0.79,1.1,0.14,0.03611,0.06738,0.61401,-0.78559,-0.79,1.1,0.16,0.03611,0.06738,0.61401,-0.78559,-0.83,1.08,0.09,0.34035,-0.05859,-0.04852,-0.93722,-0.82,1.12,0.13,0.06842,-0.04921,0.001,-0.99644,-0.82,1.13,0.17,-0.35201,-0.05025,-0.00398,-0.93464,-0.82,1.11,0.19,-0.52362,-0.02308,-0.00244,-0.85163,-0.82,1.09,0.2,-0.52362,-0.02308,-0.00244,-0.85163,-0.85,1.08,0.09,0.34035,-0.05859,-0.04852,-0.93722,-0.84,1.12,0.13,0.08777,-0.0352,-0.06215,-0.99358,-0.84,1.13,0.17,-0.38106,-0.06236,-0.05163,-0.921,-0.84,1.11,0.19,-0.59204,-0.05676,-0.09944,-0.79773,-0.83,1.09,0.2,-0.59204,-0.05676,-0.09944,-0.79773,-0.87,1.08,0.09,0.34035,-0.05859,-0.04852,-0.93722,-0.86,1.12,0.13,0.09136,-0.02754,-0.11783,-0.98844,-0.86,1.12,0.17,-0.40287,-0.09898,-0.12904,-0.90069,-0.85,1.1,0.19,-0.6578,-0.15257,-0.1211,-0.72757,-0.85,1.08,0.19,-0.6578,-0.15257,-0.1211,-0.72757,-0.87,1.08,0.09,0.29337,0.00347,-0.2877,-0.91168,-0.88,1.1,0.13,0.11769,-0.04325,-0.19592,-0.97257,-0.88,1.11,0.16,-0.36202,-0.12073,-0.22742,-0.8959,-0.87,1.1,0.17,-0.6005,-0.22517,-0.19643,-0.74169,-0.86,1.08,0.18,-0.6005,-0.22517,-0.19643,-0.74169,-0.71,1.08,0.12,-0.13707,-0.15329,-0.0486,0.97742,-0.69,1.07,0.07,-0.13707,-0.15329,-0.0486,0.97742,-0.73,1.07,0.09,-0.36145,-0.3337,0.49105,0.71894,-0.75,1.07,0.11,-0.18976,-0.20916,0.47341,0.83434,-0.77,1.08,0.13,-0.16824,-0.2366,0.55306,0.78092,-0.78,1.08,0.15,-0.16824,-0.2366,0.55306,0.78092,-0.72,1.07,0.09,-0.13707,-0.15329,-0.0486,0.97742,-0.74,1.09,0.15,0.11526,-0.27189,0.07534,0.95243,-0.76,1.08,0.18,0.41555,-0.2326,0.13179,0.8694,-0.76,1.06,0.19,0.55861,-0.17966,0.16417,0.79292,-0.76,1.04,0.2,0.55861,-0.17966,0.16417,0.79292,-0.7,1.07,0.1,-0.13707,-0.15329,-0.0486,0.97742,-0.72,1.09,0.15,-0.02241,-0.13576,-0.04393,0.98951,-0.73,1.1,0.19,0.34327,-0.14276,-0.00384,0.92832,-0.73,1.08,0.21,0.53712,-0.12643,-0.03551,0.83322,-0.74,1.06,0.22,0.53712,-0.12643,-0.03551,0.83322,-0.68,1.07,0.1,-0.13707,-0.15329,-0.0486,0.97742,-0.7,1.09,0.15,-0.1336,-0.06372,-0.11019,0.98283,-0.7,1.1,0.19,0.33833,-0.12565,-0.10696,0.92645,-0.71,1.08,0.21,0.58777,-0.17209,-0.09304,0.78502,-0.72,1.06,0.21,0.58777,-0.17209,-0.09304,0.78502,-0.68,1.07,0.11,-0.07623,-0.04049,-0.26584,0.96015,-0.68,1.08,0.15,-0.2413,0.05767,-0.16378,0.95479,-0.67,1.09,0.18,0.25632,-0.03152,-0.24804,0.93369,-0.68,1.08,0.19,0.54854,-0.15782,-0.23204,0.78763,-0.69,1.06,0.2,0.54854,-0.15782,-0.23204,0.78763,-0.81,1.08,0.19
-0.79,1.46,-0.17,-0.79,1.46,-0.17,-0.85,1.1,0.11,0.30847,-0.05255,-0.0625,-0.94772,-0.85,1.07,0.06,0.30847,-0.05255,-0.0625,-0.94772,-0.82,1.08,0.09,0.39547,-0.19295,0.575,-0.68974,-0.8,1.09,0.11,0.15305,0.0025,0.53397,-0.83153,-0.79,1.1,0.14,0.02154,0.03934,0.60036,-0.79847,-0.79,1.1,0.16,0.02154,0.03934,0.60036,-0.79847,-0.83,1.08,0.09,0.30847,-0.05255,-0.0625,-0.94772,-0.82,1.12,0.13,0.08223,-0.04894,-0.01657,-0.99527,-0.82,1.12,0.17,-0.23966,-0.05518,-0.02605,-0.96894,-0.82,1.11,0.19,-0.38659,-0.03194,-0.0282,-0.92127,-0.82,1.1,0.21,-0.38659,-0.03194,-0.0282,-0.92127,-0.85,1.08,0.09,0.30847,-0.05255,-0.0625,-0.94772,-0.85,1.12,0.13,0.15483,-0.02434,-0.07931,-0.98445,-0.85,1.13,0.17,-0.20907,-0.05312,-0.07789,-0.97335,-0.84,1.12,0.2,-0.35652,-0.05803,-0.1265,-0.92386,-0.84,1.11,0.22,-0.35652,-0.05803,-0.1265,-0.92386,-0.87,1.08,0.09,0.30847,-0.05255,-0.0625,-0.94772,-0.86,1.11,0.13,0.19148,-0.00669,-0.1334,-0.97237,-0.87,1.13,0.17,-0.21018,-0.07731,-0.15722,-0.96184,-0.86,1.12,0.19,-0.40752,-0.13455,-0.1572,-0.88945,-0.85,1.1,0.21,-0.40752,-0.13455,-0.1572,-0.88945,-0.87,1.08,0.09,0.2616,0.01713,-0.29904,-0.91752,-0.88,1.1,0.13,0.20291,-0.01489,-0.20473,-0.95744,-0.88,1.11,0.16,-0.16527,-0.07765,-0.25501,-0.94954,-0.88,1.1,0.18,-0.32576,-0.16944,-0.24258,-0.89796,-0.87,1.09,0.19,-0.32576,-0.16944,-0.24258,-0.89796,-0.71,1.1,0.12,-0.23796,-0.16442,-0.10746,0.95121,-0.69,1.07,0.07,-0.23796,-0.16442,-0.10746,0.95121,-0.73,1.08,0.09,-0.45956,-0.26116,0.46125,0.71264,-0.75,1.09,0.1,-0.29143,-0.15397,0.42393,0.84359,-0.77,1.1,0.13,-0.26875,-0.17512,0.50986,0.79822,-0.78,1.11,0.15,-0.26875,-0.17512,0.50986,0.79822,-0.72,1.08,0.09,-0.23796,-0.16442,-0.10746,0.95121,-0.73,1.11,0.14,0.03404,-0.2927,0.0465,0.95447,-0.75,1.11,0.17,0.34493,-0.26288,0.11257,0.894,-0.76,1.09,0.18,0.48878,-0.2143,0.14686,0.83283,-0.77,1.07,0.19,0.48878,-0.2143,0.14686,0.83283,-0.7,1.08,0.09,-0.23796,-0.16442,-0.10746,0.95121,-0.71,1.11,0.14,-0.01741,-0.18743,-0.07477,0.97927,-0.73,1.11,0.18,0.34783,-0.2021,-0.01282,0.91543,-0.74,1.1,0.2,0.54564,-0.18574,-0.03077,0.8166,-0.75,1.08,0.21,0.54564,-0.18574,-0.03077,0.8166,-0.68,1.08,0.1,-0.23796,-0.16442,-0.10746,0.95121,-0.69,1.1,0.15,-0.11854,-0.11531,-0.16175,0.97288,-0.7,1.11,0.18,0.35243,-0.19497,-0.12773,0.90635,-0.71,1.1,0.2,0.60165,-0.2439,-0.09187,0.75505,-0.72,1.08,0.21,0.60165,-0.2439,-0.09187,0.75505,-0.68,1.07,0.11,-0.16382,-0.0769,-0.33135,0.92599,-0.68,1.09,0.15,-0.29618,0.03198,-0.24421,0.92283,-0.67,1.11,0.17,0.21118,-0.10265,-0.30291,0.92364,-0.68,1.1,0.19,0.50256,-0.24354,-0.25651,0.78887,-0.69,1.08,0.2,0.50256,-0.24354,-0.25651,0.78887,-0.81,1.08,0.19
-0.79,1.46,-0.17,-0.79,1.46,-0.17,-0.85,1.1,0.11,0.26641,-0.05541,-0.07327,-0.95947,-0.85,1.07,0.06,0.26641,-0.05541,-0.07327,-0.95947,-0.82,1.07,0.09,0.3931,-0.21336,0.53737,-0.71498,-0.8,1.09,0.11,0.13862,-0.02735,0.50343,-0.85241,-0.79,1.09,0.14,0.02384,-0.00682,0.57606,-0.81703,-0.79,1.09,0.16,0.02384,-0.00682,0.57606,-0.81703,-0.83,1.08,0.09,0.26641,-0.05541,-0.07327,-0.95947,-0.82,1.11,0.14,0.03434,-0.04767,-0.02931,-0.99784,-0.82,1.11,0.17,-0.27154,-0.05619,-0.03954,-0.95997,-0.82,1.1,0.19,-0.40794,-0.03416,-0.04102,-0.91145,-0.82,1.09,0.21,-0.40794,-0.03416,-0.04102,-0.91145,-0.85,1.08,0.09,0.26641,-0.05541,-0.07327,-0.95947,-0.85,1.11,0.14,0.14701,-0.0164,-0.09186,-0.98472,-0.85,1.13,0.18,-0.20497,-0.04904,-0.09302,-0.9731,-0.84,1.11,0.2,-0.33734,-0.05481,-0.14146,-0.92908,-0.84,1.1,0.22,-0.33734,-0.05481,-0.14146,-0.92908,-0.87,1.08,0.09,0.26641,-0.05541,-0.07327,-0.95947,-0.86,1.1,0.14,0.21673,0.00054,-0.14158,-0.96591,-0.87,1.12,0.17,-0.16232,-0.07121,-0.16821,-0.96968,-0.86,1.11,0.2,-0.33569,-0.12782,-0.16965,-0.91771,-0.85,1.1,0.21,-0.33569,-0.12782,-0.16965,-0.91771,-0.87,1.07,0.09,0.21857,0.02452,-0.30595,-0.92629,-0.88,1.09,0.13,0.23399,-0.00931,-0.20687,-0.94993,-0.88,1.1,0.16,-0.0814,-0.06174,-0.26068,-0.96,-0.88,1.1,0.18,-0.2113,-0.14664,-0.25096,-0.9332,-0.87,1.1,0.2,-0.2113,-0.14664,-0.25096,-0.9332,-0.7,1.1,0.11,-0.34693,-0.17136,-0.1475,0.91023,-0.68,1.06,0.07,-0.34693,-0.17136,-0.1475,0.91023,-0.72,1.08,0.09,-0.51624,-0.19058,0.48794,0.67756,-0.75,1.09,0.1,-0.34826,-0.07867,0.43656,0.8258,-0.76,1.11,0.12,-0.30894,-0.08834,0.52388,0.78886,-0.77,1.12,0.14,-0.30894,-0.08834,0.52388,0.78886,-0.71,1.08,0.09,-0.34693,-0.17136,-0.1475,0.91023,-0.73,1.12,0.13,-0.05006,-0.29042,0.02886,0.95515,-0.75,1.13,0.16,0.26212,-0.26888,0.09428,0.92201,-0.76,1.11,0.17,0.38841,-0.22714,0.12077,0.88485,-0.77,1.1,0.19,0.38841,-0.22714,0.12077,0.88485,-0.7,1.08,0.09,-0.34693,-0.17136,-0.1475,0.91023,-0.71,1.12,0.13,-0.0312,-0.233,-0.07415,0.96914,-0.72,1.13,0.17,0.325,-0.24442,0.00289,0.91358,-0.74,1.11,0.19,0.51521,-0.22567,-0.00799,0.82678,-0.75,1.09,0.2,0.51521,-0.22567,-0.00799,0.82678,-0.68,1.08,0.1,-0.34693,-0.17136,-0.1475,0.91023,-0.69,1.11,0.14,-0.12809,-0.1751,-0.17968,0.9595,-0.7,1.13,0.17,0.33554,-0.25583,-0.11612,0.89915,-0.71,1.11,0.19,0.58372,-0.29874,-0.0627,0.75239,-0.73,1.09,0.19,0.58372,-0.29874,-0.0627,0.75239,-0.67,1.07,0.1,-0.263,-0.11266,-0.37679,0.88101,-0.67,1.1,0.14,-0.34992,-0.02205,-0.30272,0.88625,-0.67,1.12,0.16,0.17496,-0.19132,-0.32046,0.91109,-0.68,1.11,0.18,0.45902,-0.33089,-0.24231,0.7881,-0.69,1.1,0.19,0.45902,-0.33089,-0.24231,0.7881,-0.81,1.08,0.19
-0.79,1.46,-0.17,-0.79,1.46,-0.17,-0.85,1.09,0.12,0.21933,-0.05439,-0.11709,-0.96707,-0.86,1.07,0.06,0.21933,-0.05439,-0.11709,-0.96707,-0.82,1.08,0.09,0.38237,-0.22465,0.48235,-0.75542,-0.8,1.09,0.11,0.12259,-0.05906,0.45124,-0.88197,-0.79,1.09,0.14,0.02561,-0.05615,0.52962,-0.84599,-0.79,1.09,0.16,0.02561,-0.05615,0.52962,-0.84599,-0.83,1.08,0.09,0.21933,-0.05439,-0.11709,-0.96707,-0.83,1.11,0.14,-0.01926,-0.04803,-0.07541,-0.99581,-0.82,1.11,0.18,-0.32949,-0.0698,-0.08276,-0.93793,-0.82,1.09,0.2,-0.46745,-0.05377,-0.07976,-0.87877,-0.82,1.07,0.21,-0.46745,-0.05377,-0.07976,-0.87877,-0.85,1.08,0.09,0.21933,-0.05439,-0.11709,-0.96707,-0.85,1.11,0.14,0.08773,-0.0149,-0.13461,-0.98689,-0.85,1.11,0.18,-0.28247,-0.06469,-0.13227,-0.94791,-0.84,1.1,0.21,-0.42192,-0.07274,-0.17732,-0.88614,-0.84,1.08,0.22,-0.42192,-0.07274,-0.17732,-0.88614,-0.87,1.07,0.09,0.21933,-0.05439,-0.11709,-0.96707,-0.87,1.1,0.14,0.16858,0.0023,-0.18186,-0.96876,-0.87,1.11,0.18,-0.23707,-0.08911,-0.20472,-0.94549,-0.86,1.1,0.2,-0.41435,-0.15253,-0.20306,-0.87396,-0.85,1.08,0.22,-0.41435,-0.15253,-0.20306,-0.87396,-0.87,1.07,0.09,0.16692,0.03551,-0.34335,-0.92357,-0.88,1.08,0.14,0.19198,-0.01234,-0.24533,-0.95016,-0.88,1.09,0.16,-0.1403,-0.07932,-0.29436,-0.94201,-0.88,1.09,0.18,-0.28653,-0.1746,-0.28141,-0.89901,-0.87,1.08,0.2,-0.28653,-0.1746,-0.28141,-0.89901,-0.7,1.1,0.11,-0.39943,-0.15579,-0.15504,0.89003,-0.68,1.06,0.07,-0.39943,-0.15579,-0.15504,0.89003,-0.72,1.08,0.09,-0.49485,-0.15858,0.54607,0.6571,-0.74,1.09,0.11,-0.31895,-0.02132,0.4899,0.81106,-0.76,1.11,0.13,-0.24438,-0.01195,0.5712,0.7835,-0.76,1.12,0.15,-0.24438,-0.01195,0.5712,0.7835,-0.71,1.08,0.09,-0.39943,-0.15579,-0.15504,0.89003,-0.72,1.13,0.12,-0.10397,-0.24492,-0.00424,0.96394,-0.74,1.14,0.16,0.21749,-0.23736,0.04959,0.94546,-0.75,1.13,0.17,0.33815,-0.20295,0.06836,0.9164,-0.76,1.11,0.19,0.33815,-0.20295,0.06836,0.9164,-0.69,1.08,0.09,-0.39943,-0.15579,-0.15504,0.89003,-0.7,1.13,0.13,-0.07439,-0.2199,-0.08344,0.9691,-0.72,1.14,0.17,0.28169,-0.2361,-0.01123,0.92993,-0.73,1.12,0.19,0.46317,-0.22347,-0.0261,0.85724,-0.74,1.1,0.2,0.46317,-0.22347,-0.0261,0.85724,-0.68,1.08,0.1,-0.39943,-0.15579,-0.15504,0.89003,-0.68,1.12,0.13,-0.14886,-0.17612,-0.18257,0.95577,-0.69,1.13,0.17,0.31011,-0.25823,-0.11917,0.90717,-0.71,1.12,0.19,0.55523,-0.30243,-0.0663,0.77192,-0.72,1.1,0.19,0.55523,-0.30243,-0.0663,0.77192,-0.67,1.08,0.1,-0.31635,-0.11144,-0.38755,0.85867,-0.67,1.1,0.14,-0.33137,-0.06839,-0.31026,0.8884,-0.67,1.12,0.16,0.24281,-0.248,-0.29201,0.89122,-0.68,1.12,0.18,0.5166,-0.37353,-0.19975,0.74411,-0.69,1.1,0.18,0.5166,-0.37353,-0.19975,0.74411,-0.81,1.08,0.19
-0.79,1.46,-0.17,-0.79,1.46,-0.17,-0.85,1.09,0.11,0.25945,-0.03355,-0.18465,-0.94735,-0.86,1.06,0.06,0.25945,-0.03355,-0.18465,-0.94735,-0.82,1.08,0.09,0.41838,-0.16964,0.43941,-0.7766,-0.8,1.1,0.11,0.16762,-0.02946,0.38863,-0.90554,-0.8,1.1,0.14,0.06967,-0.03016,0.46926,-0.87979,-0.79,1.11,0.16,0.06967,-0.03016,0.46926,-0.87979,-0.84,1.08,0.09,0.25945,-0.03355,-0.18465,-0.94735,-0.84,1.11,0.14,-0.00251,-0.04886,-0.14469,-0.98827,-0.83,1.11,0.18,-0.33291,-0.09603,-0.14585,-0.92665,-0.83,1.1,0.19,-0.47548,-0.08998,-0.13743,-0.86425,-0.82,1.08,0.21,-0.47548,-0.08998,-0.13743,-0.86425,-0.85,1.08,0.09,0.25945,-0.03355,-0.18465,-0.94735,-0.86,1.11,0.14,0.11692,-0.0075,-0.20576,-0.97156,-0.86,1.12,0.18,-0.31438,-0.0981,-0.19473,-0.92392,-0.85,1.1,0.2,-0.48923,-0.12122,-0.23131,-0.83214,-0.84,1.09,0.22,-0.48923,-0.12122,-0.23131,-0.83214,-0.87,1.07,0.09,0.25945,-0.03355,-0.18465,-0.94735,-0.87,1.1,0.14,0.19565,0.01429,-0.25197,-0.94764,-0.88,1.11,0.17,-0.2801,-0.12949,-0.26425,-0.91375,-0.87,1.1,0.2,-0.48589,-0.2118,-0.24788,-0.81093,-0.85,1.08,0.21,-0.48589,-0.2118,-0.24788,-0.81093,-0.88,1.07,0.09,0.20095,0.04338,-0.41068,-0.8883,-0.89,1.08,0.14,0.21444,-0.00463,-0.31355,-0.92503,-0.89,1.09,0.16,-0.16411,-0.11656,-0.35641,-0.91239,-0.88,1.09,0.18,-0.34131,-0.23507,-0.32861,-0.84869,-0.87,1.08,0.2,-0.34131,-0.23507,-0.32861,-0.84869,-0.7,1.1,0.11,-0.36687,-0.18039,-0.13782,0.90215,-0.68,1.06,0.07,-0.36687,-0.18039,-0.13782,0.90215,-0.72,1.07,0.09,-0.46606,-0.20678,0.56831,0.6458,-0.75,1.08,0.11,-0.29051,-0.05959,0.52608,0.79705,-0.76,1.1,0.13,-0.20236,-0.0374,0.60623,0.7682,-0.77,1.11,0.15,-0.20236,-0.0374,0.60623,0.7682,-0.71,1.08,0.09,-0.36687,-0.18039,-0.13782,0.90215,-0.73,1.12,0.12,-0.06288,-0.25192,0.00834,0.96567,-0.74,1.13,0.16,0.27767,-0.23743,0.06894,0.92832,-0.75,1.11,0.17,0.39844,-0.19966,0.09007,0.89066,-0.76,1.1,0.19,0.39844,-0.19966,0.09007,0.89066,-0.7,1.08,0.09,-0.36687,-0.18039,-0.13782,0.90215,-0.71,1.12,0.13,-0.07037,-0.22755,-0.07381,0.96841,-0.72,1.13,0.17,0.31611,-0.23956,0.00844,0.91794,-0.74,1.11,0.19,0.50266,-0.22063,-0.00446,0.83584,-0.74,1.09,0.2,0.50266,-0.22063,-0.00446,0.83584,-0.68,1.08,0.1,-0.36687,-0.18039,-0.13782,0.90215,-0.69,1.11,0.14,-0.12901,-0.18872,-0.1636,0.95968,-0.7,1.12,0.17,0.37173,-0.26382,-0.08582,0.88592,-0.71,1.11,0.19,0.6248,-0.29631,-0.02924,0.72178,-0.73,1.09,0.19,0.6248,-0.29631,-0.02924,0.72178,-0.67,1.07,0.11,-0.28194,-0.1265,-0.36837,0.87682,-0.67,1.1,0.14,-0.25162,-0.11597,-0.28202,0.91853,-0.68,1.11,0.17,0.36576,-0.2734,-0.23363,0.85842,-0.69,1.1,0.18,0.64693,-0.37999,-0.13001,0.64822,-0.7,1.09,0.18,0.64693,-0.37999,-0.13001,0.64822,-0.81,1.08,0.19
-0.79,1.46,-0.17,-0.79,1.46,-0.17,-0.86,1.09,0.11,0.3066,-0.05299,-0.24807,-0.91741,-0.86,1.06,0.06,0.3066,-0.05299,-0.24807,-0.91741,-0.83,1.08,0.08,0.46867,-0.15117,0.40289,-0.77148,-0.81,1.1,0.1,0.22183,-0.02917,0.34621,-0.91108,-0.8,1.11,0.13,0.11815,-0.0262,0.43011,-0.89463,-0.8,1.12,0.15,0.11815,-0.0262,0.43011,-0.89463,-0.84,1.08,0.08,0.3066,-0.05299,-0.24807,-0.91741,-0.84,1.12,0.13,0.03659,-0.10806,-0.18788,-0.97554,-0.83,1.12,0.17,-0.30849,-0.16995,-0.1636,-0.92151,-0.82,1.11,0.18,-0.4565,-0.167,-0.14324,-0.86209,-0.81,1.09,0.2,-0.4565,-0.167,-0.14324,-0.86209,-0.85,1.07,0.09,0.3066,-0.05299,-0.24807,-0.91741,-0.86,1.11,0.13,0.17942,-0.03461,-0.26829,-0.94585,-0.86,1.13,0.17,-0.28393,-0.15973,-0.23291,-0.91631,-0.85,1.11,0.19,-0.4906,-0.19794,-0.25223,-0.81025,-0.84,1.1,0.2,-0.4906,-0.19794,-0.25223,-0.81025,-0.87,1.07,0.09,0.3066,-0.05299,-0.24807,-0.91741,-0.87,1.1,0.13,0.24201,-0.00887,-0.31686,-0.91703,-0.88,1.11,0.17,-0.2583,-0.19354,-0.30186,-0.89705,-0.87,1.1,0.19,-0.487,-0.29024,-0.26068,-0.78143,-0.85,1.09,0.2,-0.487,-0.29024,-0.26068,-0.78143,-0.87,1.06,0.09,0.23422,0.00943,-0.47214,-0.84979,-0.88,1.08,0.13,0.24329,-0.03039,-0.37749,-0.89297,-0.89,1.09,0.16,-0.14753,-0.17589,-0.40115,-0.88678,-0.88,1.09,0.18,-0.33123,-0.30706,-0.35412,-0.8189,-0.86,1.08,0.19,-0.33123,-0.30706,-0.35412,-0.8189,-0.7,1.09,0.11,-0.34356,-0.1861,-0.12728,0.91167,-0.68,1.05,0.07,-0.34356,-0.1861,-0.12728,0.91167,-0.72,1.07,0.09,-0.4389,-0.22386,0.58421,0.64494,-0.75,1.08,0.11,-0.26634,-0.07144,0.54674,0.79059,-0.76,1.09,0.13,-0.17427,-0.04555,0.62575,0.75895,-0.77,1.09,0.16,-0.17427,-0.04555,0.62575,0.75895,-0.71,1.07,0.09,-0.34356,-0.1861,-0.12728,0.91167,-0.73,1.12,0.13,-0.00275,-0.24968,0.02487,0.96801,-0.75,1.12,0.16,0.36385,-0.22535,0.09082,0.89921,-0.75,1.1,0.17,0.48711,-0.18311,0.11457,0.84621,-0.76,1.08,0.19,0.48711,-0.18311,0.11457,0.84621,-0.7,1.07,0.09,-0.34356,-0.1861,-0.12728,0.91167,-0.71,1.12,0.13,-0.06559,-0.21977,-0.07369,0.97055,-0.72,1.12,0.17,0.35829,-0.23185,0.01483,0.90424,-0.74,1.11,0.19,0.56397,-0.20755,0.00444,0.79927,-0.74,1.08,0.2,0.56397,-0.20755,0.00444,0.79927,-0.68,1.07,0.1,-0.34356,-0.1861,-0.12728,0.91167,-0.69,1.11,0.14,-0.12005,-0.1858,-0.15579,0.9627,-0.7,1.12,0.17,0.41748,-0.25984,-0.07088,0.86785,-0.72,1.1,0.19,0.6839,-0.28551,-0.01035,0.67131,-0.73,1.08,0.19,0.6839,-0.28551,-0.01035,0.67131,-0.67,1.07,0.11,-0.25949,-0.12567,-0.35676,0.88859,-0.67,1.09,0.14,-0.21991,-0.12792,-0.26581,0.92985,-0.68,1.11,0.17,0.41215,-0.27343,-0.2105,0.84324,-0.69,1.1,0.18,0.70352,-0.37298,-0.10066,0.5965,-0.7,1.08,0.17,0.70352,-0.37298,-0.10066,0.5965,-0.81,1.08,0.19
-0.79,1.46,-0.17,-0.79,1.46,-0.17,-0.85,1.09,0.1,0.32964,-0.09731,-0.27745,-0.89716,-0.86,1.05,0.05,0.32964,-0.09731,-0.27745,-0.89716,-0.82,1.08,0.07,0.49624,-0.18461,0.40028,-0.74796,-0.8,1.1,0.09,0.24128,-0.06038,0.35588,-0.90082,-0.79,1.11,0.11,0.12083,-0.04466,0.44229,-0.88757,-0.79,1.11,0.14,0.12083,-0.04466,0.44229,-0.88757,-0.84,1.08,0.07,0.32964,-0.09731,-0.27745,-0.89716,-0.83,1.12,0.12,0.07289,-0.20167,-0.17405,-0.96111,-0.82,1.13,0.15,-0.2743,-0.25403,-0.11686,-0.92009,-0.81,1.12,0.17,-0.43027,-0.24404,-0.08236,-0.86518,-0.8,1.1,0.18,-0.43027,-0.24404,-0.08236,-0.86518,-0.85,1.07,0.08,0.32964,-0.09731,-0.27745,-0.89716,-0.86,1.11,0.12,0.2536,-0.06906,-0.29692,-0.91802,-0.86,1.13,0.16,-0.20051,-0.20313,-0.24277,-0.92714,-0.84,1.13,0.18,-0.42069,-0.24931,-0.2508,-0.83545,-0.83,1.11,0.19,-0.42069,-0.24931,-0.2508,-0.83545,-0.87,1.06,0.08,0.32964,-0.09731,-0.27745,-0.89716,-0.87,1.1,0.12,0.30043,-0.03381,-0.34948,-0.88683,-0.87,1.12,0.16,-0.18447,-0.2306,-0.31699,-0.90128,-0.86,1.11,0.18,-0.42014,-0.33218,-0.26214,-0.80276,-0.84,1.1,0.19,-0.42014,-0.33218,-0.26214,-0.80276,-0.87,1.06,0.09,0.24359,-0.04162,-0.49881,-0.83074,-0.88,1.08,0.13,0.26023,-0.03989,-0.41383,-0.87146,-0.88,1.09,0.15,-0.11635,-0.1967,-0.43093,-0.87297,-0.87,1.09,0.17,-0.29128,-0.33134,-0.37849,-0.8137,-0.86,1.09,0.18,-0.29128,-0.33134,-0.37849,-0.8137,-0.7,1.09,0.12,-0.3319,-0.17687,-0.1216,0.91857,-0.68,1.05,0.07,-0.3319,-0.17687,-0.1216,0.91857,-0.72,1.07,0.09,-0.4219,-0.21761,0.59104,0.65216,-0.75,1.08,0.11,-0.25095,-0.0634,0.55162,0.79292,-0.76,1.09,0.14,-0.16078,-0.04085,0.62937,0.7592,-0.77,1.09,0.16,-0.16078,-0.04085,0.62937,0.7592,-0.71,1.07,0.09,-0.3319,-0.17687,-0.1216,0.91857,-0.73,1.11,0.13,0.03387,-0.23857,0.03197,0.97001,-0.74,1.11,0.16,0.40163,-0.21111,0.09392,0.88618,-0.75,1.09,0.18,0.52513,-0.16789,0.11739,0.826,-0.75,1.07,0.19,0.52513,-0.16789,0.11739,0.826,-0.69,1.07,0.1,-0.3319,-0.17687,-0.1216,0.91857,-0.71,1.11,0.14,-0.04808,-0.20749,-0.0715,0.97443,-0.72,1.12,0.17,0.38377,-0.21947,0.01348,0.89687,-0.73,1.1,0.19,0.59367,-0.19356,0.00169,0.78108,-0.74,1.08,0.2,0.59367,-0.19356,0.00169,0.78108,-0.68,1.07,0.1,-0.3319,-0.17687,-0.1216,0.91857,-0.69,1.1,0.14,-0.11762,-0.17244,-0.15426,0.96573,-0.7,1.12,0.18,0.42002,-0.24764,-0.07703,0.86967,-0.71,1.1,0.19,0.6869,-0.27602,-0.02016,0.672,-0.72,1.08,0.19,0.6869,-0.27602,-0.02016,0.672,-0.67,1.07,0.11,-0.25079,-0.11325,-0.35123,0.89494,-0.67,1.09,0.14,-0.21621,-0.11625,-0.26036,0.93378,-0.68,1.1,0.17,0.4062,-0.25823,-0.21632,0.84942,-0.69,1.09,0.18,0.69801,-0.36134,-0.11299,0.60782,-0.7,1.08,0.18,0.69801,-0.36134,-0.11299,0.60782,-0.81,1.08,0.19
-0.79,1.46,-0.17,-0.79,1.46,-0.17,-0.85,1.09,0.09,0.30828,-0.1298,-0.28548,-0.89812,-0.86,1.05,0.04,0.30828,-0.1298,-0.28548,-0.89812,-0.82,1.08,0.07,0.49193,-0.225,0.39549,-0.74227,-0.8,1.09,0.08,0.23259,-0.09875,0.36495,-0.89608,-0.79,1.1,0.11,0.10786,-0.07822,0.45495,-0.88049,-0.78,1.11,0.13,0.10786,-0.07822,0.45495,-0.88049,-0.84,1.08,0.07,0.30828,-0.1298,-0.28548,-0.89812,-0.83,1.12,0.11,0.01073,-0.26807,-0.14111,-0.95295,-0.81,1.12,0.14,-0.3465,-0.304,-0.05745,-0.88556,-0.8,1.11,0.16,-0.50659,-0.28328,-0.00903,-0.81427,-0.79,1.09,0.16,-0.50659,-0.28328,-0.00903,-0.81427,-0.85,1.07,0.07,0.30828,-0.1298,-0.28548,-0.89812,-0.85,1.11,0.12,0.25374,-0.09432,-0.30415,-0.91335,-0.85,1.13,0.15,-0.17803,-0.22355,-0.24241,-0.92713,-0.84,1.12,0.18,-0.39781,-0.26994,-0.246,-0.84164,-0.82,1.11,0.19,-0.39781,-0.26994,-0.246,-0.84164,-0.87,1.06,0.08,0.30828,-0.1298,-0.28548,-0.89812,-0.86,1.09,0.12,0.31826,-0.03487,-0.36128,-0.87577,-0.87,1.12,0.15,-0.1222,-0.2232,-0.33546,-0.90704,-0.86,1.11,0.17,-0.35415,-0.3293,-0.2824,-0.82849,-0.84,1.11,0.19,-0.35415,-0.3293,-0.2824,-0.82849,-0.87,1.06,0.08,0.21504,-0.06866,-0.50319,-0.83417,-0.87,1.08,0.12,0.26229,-0.01366,-0.42567,-0.86592,-0.88,1.09,0.15,-0.06342,-0.15326,-0.45855,-0.87305,-0.87,1.09,0.17,-0.21481,-0.2839,-0.4198,-0.83488,-0.86,1.09,0.19,-0.21481,-0.2839,-0.4198,-0.83488,-0.7,1.09,0.12,-0.33437,-0.17209,-0.1245,0.91819,-0.68,1.05,0.07,-0.33437,-0.17209,-0.1245,0.91819,-0.72,1.07,0.09,-0.42385,-0.20706,0.58814,0.65694,-0.75,1.08,0.11,-0.25264,-0.05413,0.54563,0.7972,-0.76,1.09,0.14,-0.16499,-0.03485,0.62325,0.76363,-0.76,1.09,0.16,-0.16499,-0.03485,0.62325,0.76363,-0.71,1.07,0.09,-0.33437,-0.17209,-0.1245,0.91819,-0.73,1.11,0.13,0.04253,-0.23221,0.02816,0.97133,-0.74,1.11,0.16,0.40115,-0.20729,0.08586,0.88811,-0.75,1.09,0.18,0.52015,-0.1658,0.10774,0.83087,-0.75,1.07,0.19,0.52015,-0.1658,0.10774,0.83087,-0.69,1.07,0.1,-0.33437,-0.17209,-0.1245,0.91819,-0.71,1.11,0.14,-0.03793,-0.20268,-0.07447,0.97567,-0.72,1.12,0.18,0.39644,-0.21627,0.00942,0.89217,-0.73,1.1,0.19,0.60536,-0.19047,-0.0027,0.77282,-0.74,1.08,0.2,0.60536,-0.19047,-0.0027,0.77282,-0.68,1.07,0.1,-0.33437,-0.17209,-0.1245,0.91819,-0.69,1.11,0.14,-0.11675,-0.16835,-0.15796,0.96596,-0.7,1.12,0.18,0.41902,-0.24599,-0.08278,0.87009,-0.71,1.1,0.19,0.68413,-0.27646,-0.02668,0.67441,-0.72,1.08,0.19,0.68413,-0.27646,-0.02668,0.67441,-0.67,1.07,0.11,-0.25377,-0.10924,-0.3544,0.89335,-0.67,1.09,0.14,-0.22041,-0.11373,-0.26328,0.93229,-0.68,1.11,0.17,0.38117,-0.2535,-0.22525,0.86006,-0.69,1.09,0.18,0.67066,-0.35978,-0.1261,0.6363,-0.7,1.08,0.18,0.67066,-0.35978,-0.1261,0.6363,-0.81,1.08,0.19
-0.79,1.46,-0.17,-0.79,1.46,-0.17,-0.85,1.09,0.1,0.25098,-0.12591,-0.27309,-0.9201,-0.86,1.06,0.04,0.25098,-0.12591,-0.27309,-0.9201,-0.82,1.08,0.07,0.45344,-0.25857,0.38612,-0.76056,-0.8,1.09,0.08,0.20292,-0.13619,0.36326,-0.89907,-0.79,1.1,0.11,0.08409,-0.11935,0.45656,-0.87763,-0.78,1.1,0.13,0.08409,-0.11935,0.45656,-0.87763,-0.84,1.08,0.07,0.25098,-0.12591,-0.27309,-0.9201,-0.83,1.11,0.12,-0.06052,-0.26074,-0.13558,-0.95392,-0.81,1.11,0.15,-0.41332,-0.29333,-0.05509,-0.86028,-0.8,1.09,0.16,-0.57203,-0.27191,-0.00499,-0.77384,-0.79,1.07,0.17,-0.57203,-0.27191,-0.00499,-0.77384,-0.85,1.07,0.07,0.25098,-0.12591,-0.27309,-0.9201,-0.85,1.1,0.12,0.18943,-0.08342,-0.29009,-0.93435,-0.85,1.12,0.16,-0.21879,-0.20002,-0.24067,-0.92423,-0.83,1.11,0.18,-0.42184,-0.24075,-0.25243,-0.83688,-0.82,1.1,0.2,-0.42184,-0.24075,-0.25243,-0.83688,-0.87,1.06,0.08,0.25098,-0.12591,-0.27309,-0.9201,-0.86,1.09,0.13,0.26466,-0.01718,-0.34499,-0.90036,-0.87,1.11,0.16,-0.14872,-0.18657,-0.33698,-0.91078,-0.86,1.1,0.18,-0.35795,-0.28713,-0.30038,-0.83618,-0.84,1.09,0.2,-0.35795,-0.28713,-0.30038,-0.83618,-0.87,1.06,0.08,0.16172,-0.04972,-0.48777,-0.85642,-0.87,1.07,0.13,0.2224,0.01781,-0.40666,-0.88592,-0.88,1.08,0.15,-0.07669,-0.09971,-0.45396,-0.8821,-0.87,1.08,0.17,-0.20503,-0.21886,-0.43207,-0.85052,-0.86,1.08,0.19,-0.20503,-0.21886,-0.43207,-0.85052,-0.7,1.09,0.12,-0.33814,-0.17144,-0.12778,0.91648,-0.68,1.05,0.07,-0.33814,-0.17144,-0.12778,0.91648,-0.72,1.07,0.1,-0.42979,-0.20115,0.58366,0.65891,-0.75,1.08,0.11,-0.26049,-0.05161,0.53907,0.7993,-0.76,1.09,0.14,-0.17918,-0.03735,0.61738,0.76508,-0.76,1.1,0.16,-0.17918,-0.03735,0.61738,0.76508,-0.71,1.07,0.1,-0.33814,-0.17144,-0.12778,0.91648,-0.73,1.11,0.13,0.04426,-0.2309,0.02514,0.97164,-0.74,1.11,0.17,0.38172,-0.20901,0.0776,0.89698,-0.75,1.09,0.18,0.48981,-0.17006,0.09639,0.84963,-0.75,1.08,0.19,0.48981,-0.17006,0.09639,0.84963,-0.69,1.07,0.1,-0.33814,-0.17144,-0.12778,0.91648,-0.71,1.12,0.14,-0.03175,-0.20277,-0.07644,0.97572,-0.72,1.12,0.18,0.40111,-0.21714,0.00746,0.88989,-0.73,1.1,0.19,0.60804,-0.19154,-0.0045,0.77044,-0.74,1.08,0.2,0.60804,-0.19154,-0.0045,0.77044,-0.68,1.07,0.1,-0.33814,-0.17144,-0.12778,0.91648,-0.69,1.11,0.14,-0.11737,-0.16795,-0.16152,0.96536,-0.7,1.12,0.18,0.41487,-0.24727,-0.08682,0.87132,-0.71,1.1,0.19,0.67628,-0.27925,-0.03135,0.68094,-0.72,1.08,0.19,0.67628,-0.27925,-0.03135,0.68094,-0.67,1.07,0.11,-0.25712,-0.10969,-0.35776,0.89099,-0.67,1.09,0.15,-0.22742,-0.11564,-0.26618,0.92955,-0.68,1.11,0.17,0.35859,-0.2536,-0.23015,0.86841,-0.69,1.1,0.18,0.64244,-0.36051,-0.13464,0.66271,-0.7,1.08,0.18,0.64244,-0.36051,-0.13464,0.66271,-0.81,1.08,0.19
-0.79,1.46,-0.17,-0.79,1.46,-0.17,-0.85,1.09,0.1,0.22887,-0.1174,-0.26666,-0.92883,-0.86,1.06,0.05,0.22887,-0.1174,-0.26666,-0.92883,-0.82,1.08,0.07,0.45616,-0.25614,0.35656,-0.77407,-0.8,1.1,0.09,0.23255,-0.15455,0.3257,-0.9033,-0.79,1.11,0.11,0.13139,-0.14692,0.42232,-0.88476,-0.78,1.11,0.14,0.13139,-0.14692,0.42232,-0.88476,-0.84,1.08,0.08,0.22887,-0.1174,-0.26666,-0.92883,-0.83,1.11,0.13,-0.08373,-0.23075,-0.14876,-0.95792,-0.81,1.11,0.16,-0.42291,-0.26851,-0.08253,-0.86154,-0.8,1.09,0.17,-0.58,-0.25231,-0.03702,-0.77367,-0.79,1.08,0.17,-0.58,-0.25231,-0.03702,-0.77367,-0.85,1.08,0.08,0.22887,-0.1174,-0.26666,-0.92883,-0.85,1.11,0.13,0.14163,-0.06923,-0.28368,-0.94587,-0.85,1.12,0.17,-0.24829,-0.17895,-0.24459,-0.92006,-0.83,1.11,0.19,-0.43124,-0.21474,-0.26348,-0.83576,-0.82,1.1,0.21,-0.43124,-0.21474,-0.26348,-0.83576,-0.87,1.07,0.09,0.22887,-0.1174,-0.26666,-0.92883,-0.86,1.09,0.13,0.2321,-0.00566,-0.33641,-0.91265,-0.87,1.11,0.17,-0.16541,-0.1649,-0.33798,-0.91171,-0.86,1.11,0.19,-0.35414,-0.25961,-0.31171,-0.84263,-0.84,1.1,0.21,-0.35414,-0.25961,-0.31171,-0.84263,-0.87,1.06,0.09,0.14282,-0.03556,-0.48041,-0.86461,-0.87,1.08,0.13,0.20319,0.02594,-0.39707,-0.89464,-0.88,1.09,0.16,-0.09245,-0.08535,-0.44767,-0.8853,-0.88,1.08,0.18,-0.2017,-0.19421,-0.43276,-0.85692,-0.87,1.08,0.2,-0.2017,-0.19421,-0.43276,-0.85692,-0.7,1.09,0.12,-0.34211,-0.17146,-0.12846,0.91491,-0.68,1.05,0.07,-0.34211,-0.17146,-0.12846,0.91491,-0.72,1.07,0.1,-0.43302,-0.19709,0.58331,0.65832,-0.75,1.08,0.11,-0.2664,-0.04971,0.53732,0.79865,-0.76,1.09,0.14,-0.19272,-0.04108,0.61604,0.76267,-0.77,1.1,0.16,-0.19272,-0.04108,0.61604,0.76267,-0.71,1.07,0.1,-0.34211,-0.17146,-0.12846,0.91491,-0.73,1.11,0.13,0.04124,-0.23057,0.02469,0.97187,-0.74,1.11,0.17,0.36486,-0.21009,0.07376,0.90404,-0.75,1.1,0.18,0.4664,-0.17245,0.0905,0.86287,-0.76,1.08,0.19,0.4664,-0.17245,0.0905,0.86287,-0.69,1.07,0.1,-0.34211,-0.17146,-0.12846,0.91491,-0.71,1.12,0.14,-0.03094,-0.20299,-0.07634,0.97571,-0.72,1.12,0.18,0.40025,-0.2173,0.00726,0.89024,-0.73,1.1,0.19,0.60563,-0.19191,-0.00491,0.77224,-0.74,1.08,0.2,0.60563,-0.19191,-0.00491,0.77224,-0.68,1.07,0.1,-0.34211,-0.17146,-0.12846,0.91491,-0.69,1.11,0.14,-0.1196,-0.16784,-0.16247,0.96495,-0.7,1.12,0.18,0.40975,-0.2475,-0.08841,0.87352,-0.71,1.1,0.19,0.66905,-0.28022,-0.03366,0.68754,-0.72,1.08,0.19,0.66905,-0.28022,-0.03366,0.68754,-0.67,1.07,0.11,-0.2609,-0.11076,-0.35865,0.8894,-0.67,1.09,0.15,-0.23316,-0.11715,-0.26682,0.92775,-0.68,1.11,0.17,0.34759,-0.25438,-0.23106,0.8724,-0.69,1.1,0.18,0.6297,-0.36111,-0.13659,0.6741,-0.7,1.08,0.18,0.6297,-0.36111,-0.13659,0.6741,-0.81,1.08,0.19
-0.79,1.46,-0.17,-0.79,1.46,-0.17,-0.85,1.09,0.11,0.19399,-0.09472,-0.24157,-0.94607,-0.86,1.07,0.05,0.19399,-0.09472,-0.24157,-0.94607,-0.82,1.08,0.08,0.42502,-0.26209,0.35801,-0.78899,-0.8,1.1,0.09,0.22999,-0.16869,0.32093,-0.90313,-0.79,1.11,0.12,0.15745,-0.17393,0.41607,-0.87855,-0.78,1.11,0.14,0.15745,-0.17393,0.41607,-0.87855,-0.84,1.09,0.08,0.19399,-0.09472,-0.24157,-0.94607,-0.83,1.11,0.13,-0.07844,-0.17347,-0.15702,-0.96907,-0.82,1.11,0.17,-0.3838,-0.21322,-0.11982,-0.89044,-0.8,1.09,0.18,-0.54159,-0.20421,-0.0866,-0.81085,-0.79,1.08,0.19,-0.54159,-0.20421,-0.0866,-0.81085,-0.85,1.08,0.08,0.19399,-0.09472,-0.24157,-0.94607,-0.85,1.11,0.14,0.06767,-0.03872,-0.25944,-0.96261,-0.85,1.11,0.18,-0.28342,-0.13024,-0.24049,-0.91917,-0.84,1.1,0.2,-0.43751,-0.15744,-0.2715,-0.84267,-0.83,1.09,0.21,-0.43751,-0.15744,-0.2715,-0.84267,-0.87,1.07,0.09,0.19399,-0.09472,-0.24157,-0.94607,-0.86,1.09,0.14,0.17011,0.01621,-0.30809,-0.93589,-0.87,1.1,0.17,-0.18992,-0.11665,-0.32762,-0.91814,-0.86,1.1,0.2,-0.34975,-0.20041,-0.31778,-0.85821,-0.85,1.09,0.21,-0.34975,-0.20041,-0.31778,-0.85821,-0.87,1.07,0.09,0.11695,-0.0035,-0.45521,-0.88266,-0.88,1.08,0.13,0.18105,0.05229,-0.36709,-0.91089,-0.88,1.08,0.16,-0.11461,-0.04861,-0.42777,-0.89527,-0.88,1.08,0.18,-0.20687,-0.14644,-0.4221,-0.8704,-0.87,1.08,0.2,-0.20687,-0.14644,-0.4221,-0.8704,-0.7,1.09,0.12,-0.35119,-0.16871,-0.13104,0.91161,-0.68,1.05,0.07,-0.35119,-0.16871,-0.13104,0.91161,-0.72,1.07,0.1,-0.43928,-0.18575,0.58182,0.6588,-0.74,1.08,0.11,-0.27581,-0.04145,0.53242,0.79921,-0.76,1.09,0.14,-0.21154,-0.04011,0.61162,0.76129,-0.77,1.1,0.16,-0.21154,-0.04011,0.61162,0.76129,-0.71,1.07,0.1,-0.35119,-0.16871,-0.13104,0.91161,-0.73,1.12,0.13,0.03249,-0.22766,0.02098,0.97297,-0.74,1.11,0.16,0.34239,-0.20986,0.06592,0.91345,-0.75,1.1,0.18,0.43678,-0.17396,0.0801,0.87894,-0.75,1.08,0.19,0.43678,-0.17396,0.0801,0.87894,-0.69,1.07,0.1,-0.35119,-0.16871,-0.13104,0.91161,-0.7,1.12,0.14,-0.03397,-0.20145,-0.07856,0.97575,-0.72,1.12,0.18,0.38961,-0.21696,0.00269,0.89505,-0.73,1.1,0.19,0.59184,-0.19363,-0.0103,0.78239,-0.74,1.08,0.2,0.59184,-0.19363,-0.0103,0.78239,-0.68,1.07,0.1,-0.35119,-0.16871,-0.13104,0.91161,-0.69,1.11,0.14,-0.12473,-0.16699,-0.16516,0.96399,-0.7,1.12,0.18,0.39909,-0.24785,-0.0925,0.87792,-0.71,1.1,0.19,0.65677,-0.28226,-0.0383,0.69822,-0.72,1.08,0.19,0.65677,-0.28226,-0.0383,0.69822,-0.67,1.07,0.11,-0.26995,-0.11049,-0.36179,0.88545,-0.67,1.09,0.15,-0.24079,-0.12044,-0.26875,0.92482,-0.67,1.11,0.17,0.3361,-0.25789,-0.23159,0.87573,-0.69,1.1,0.18,0.61758,-0.3643,-0.13652,0.68355,-0.7,1.08,0.18,0.61758,-0.3643,-0.13652,0.68355,-0.81,1.08,0.19
-0.79,1.46,-0.17,-0.79,1.46,-0.17,-0.85,1.09,0.11,0.20327,-0.07728,-0.22194,-0.9505,-0.86,1.07,0.05,0.20327,-0.07728,-0.22194,-0.9505,-0.82,1.09,0.08,0.41322,-0.25309,0.38606,-0.78495,-0.8,1.1,0.1,0.22127,-0.15273,0.34707,-0.89847,-0.79,1.11,0.13,0.14347,-0.15516,0.44027,-0.87265,-0.78,1.11,0.15,0.14347,-0.15516,0.44027,-0.87265,-0.84,1.09,0.08,0.20327,-0.07728,-0.22194,-0.9505,-0.83,1.11,0.14,0.00882,-0.13886,-0.15719,-0.97772,-0.82,1.12,0.17,-0.25071,-0.1751,-0.14108,-0.94158,-0.81,1.11,0.19,-0.41032,-0.17025,-0.12015,-0.88782,-0.8,1.09,0.21,-0.41032,-0.17025,-0.12015,-0.88782,-0.85,1.08,0.09,0.20327,-0.07728,-0.22194,-0.9505,-0.85,1.11,0.14,0.06464,-0.02318,-0.24222,-0.96779,-0.85,1.11,0.18,-0.26814,-0.10459,-0.23231,-0.92908,-0.84,1.1,0.2,-0.41437,-0.12964,-0.26863,-0.85984,-0.83,1.09,0.22,-0.41437,-0.12964,-0.26863,-0.85984,-0.87,1.07,0.09,0.20327,-0.07728,-0.22194,-0.9505,-0.87,1.1,0.14,0.16235,0.02972,-0.29053,-0.94253,-0.87,1.11,0.18,-0.18031,-0.0909,-0.31828,-0.92624,-0.87,1.1,0.2,-0.33398,-0.17121,-0.31417,-0.87203,-0.85,1.09,0.22,-0.33398,-0.17121,-0.31417,-0.87203,-0.87,1.07,0.09,0.13222,0.01244,-0.43875,-0.88874,-0.88,1.08,0.14,0.19546,0.06774,-0.34906,-0.91399,-0.89,1.09,0.16,-0.09585,-0.02719,-0.41593,-0.90392,-0.88,1.08,0.18,-0.181,-0.12002,-0.41301,-0.88445,-0.88,1.08,0.2,-0.181,-0.12002,-0.41301,-0.88445,-0.7,1.1,0.12,-0.36793,-0.17002,-0.15489,0.90096,-0.68,1.05,0.07,-0.36793,-0.17002,-0.15489,0.90096,-0.72,1.07,0.1,-0.44207,-0.17039,0.57954,0.66308,-0.74,1.08,0.11,-0.27017,-0.02148,0.52682,0.80561,-0.75,1.1,0.14,-0.20315,-0.02043,0.60529,0.76937,-0.76,1.1,0.16,-0.20315,-0.02043,0.60529,0.76937,-0.71,1.07,0.1,-0.36793,-0.17002,-0.15489,0.90096,-0.72,1.12,0.13,0.02001,-0.22843,-0.00668,0.97333,-0.74,1.12,0.16,0.36483,-0.21798,0.0482,0.90391,-0.75,1.1,0.18,0.46699,-0.18318,0.06598,0.86256,-0.75,1.08,0.19,0.46699,-0.18318,0.06598,0.86256,-0.69,1.07,0.1,-0.36793,-0.17002,-0.15489,0.90096,-0.7,1.12,0.13,-0.02424,-0.21246,-0.09512,0.97223,-0.72,1.12,0.17,0.40077,-0.2339,-0.00654,0.88579,-0.73,1.1,0.19,0.60408,-0.21122,-0.0146,0.76828,-0.74,1.08,0.19,0.60408,-0.21122,-0.0146,0.76828,-0.68,1.07,0.1,-0.36793,-0.17002,-0.15489,0.90096,-0.69,1.11,0.14,-0.1065,-0.18227,-0.18108,0.96054,-0.7,1.12,0.18,0.41711,-0.26874,-0.09717,0.86276,-0.71,1.1,0.19,0.67291,-0.30268,-0.03512,0.67405,-0.72,1.08,0.19,0.67291,-0.30268,-0.03512,0.67405,-0.67,1.07,0.11,-0.28274,-0.11716,-0.38499,0.8707,-0.67,1.09,0.15,-0.23809,-0.13322,-0.2907,0.91709,-0.67,1.11,0.17,0.34521,-0.28318,-0.23903,0.86227,-0.69,1.1,0.18,0.62589,-0.39072,-0.13212,0.66192,-0.7,1.08,0.18,0.62589,-0.39072,-0.13212,0.66192,-0.81,1.08,0.19
-0.79,1.46,-0.17,-0.79,1.46,-0.17,-0.85,1.1,0.11,0.27691,-0.07491,-0.21932,-0.93253,-0.86,1.07,0.05,0.27691,-0.07491,-0.21932,-0.93253,-0.83,1.09,0.08,0.45851,-0.20923,0.41215,-0.75903,-0.8,1.11,0.1,0.2725,-0.1078,0.36296,-0.88453,-0.79,1.12,0.12,0.1671,-0.09251,0.45488,-0.86983,-0.78,1.13,0.15,0.1671,-0.09251,0.45488,-0.86983,-0.84,1.09,0.08,0.27691,-0.07491,-0.21932,-0.93253,-0.83,1.13,0.13,0.06945,-0.13557,-0.15101,-0.97673,-0.82,1.13,0.17,-0.20288,-0.17347,-0.13395,-0.95436,-0.82,1.12,0.19,-0.35675,-0.16684,-0.11643,-0.91178,-0.81,1.11,0.2,-0.35675,-0.16684,-0.11643,-0.91178,-0.85,1.09,0.08,0.27691,-0.07491,-0.21932,-0.93253,-0.86,1.12,0.13,0.11857,-0.02879,-0.24535,-0.96172,-0.86,1.13,0.17,-0.27996,-0.12744,-0.22516,-0.92449,-0.85,1.12,0.2,-0.45647,-0.15772,-0.25534,-0.8376,-0.83,1.1,0.21,-0.45647,-0.15772,-0.25534,-0.8376,-0.87,1.08,0.09,0.27691,-0.07491,-0.21932,-0.93253,-0.87,1.11,0.13,0.20989,0.02055,-0.29716,-0.93125,-0.88,1.12,0.17,-0.19173,-0.12372,-0.31436,-0.92147,-0.87,1.11,0.19,-0.37358,-0.21153,-0.3001,-0.85184,-0.85,1.1,0.21,-0.37358,-0.21153,-0.3001,-0.85184,-0.87,1.07,0.09,0.2047,-0.00299,-0.44287,-0.8729,-0.88,1.09,0.13,0.25122,0.05166,-0.35827,-0.8977,-0.89,1.1,0.16,-0.0672,-0.06217,-0.41994,-0.90292,-0.89,1.1,0.18,-0.17699,-0.1663,-0.40813,-0.88003,-0.88,1.1,0.2,-0.17699,-0.1663,-0.40813,-0.88003,-0.7,1.1,0.11,-0.38968,-0.17238,-0.17624,0.88734,-0.68,1.05,0.07,-0.38968,-0.17238,-0.17624,0.88734,-0.72,1.07,0.09,-0.44661,-0.16134,0.57982,0.66205,-0.74,1.08,0.11,-0.26259,-0.00438,0.52569,0.80912,-0.75,1.1,0.14,-0.18563,0.00215,0.60253,0.77621,-0.76,1.11,0.16,-0.18563,0.00215,0.60253,0.77621,-0.71,1.08,0.09,-0.38968,-0.17238,-0.17624,0.88734,-0.72,1.12,0.13,0.00624,-0.22393,-0.03718,0.97388,-0.74,1.12,0.16,0.39844,-0.22358,0.02978,0.88903,-0.75,1.11,0.17,0.5206,-0.18956,0.05471,0.8307,-0.75,1.09,0.18,0.5206,-0.18956,0.05471,0.8307,-0.69,1.07,0.1,-0.38968,-0.17238,-0.17624,0.88734,-0.7,1.12,0.13,-0.01535,-0.22361,-0.10892,0.96845,-0.72,1.13,0.17,0.40982,-0.24984,-0.01341,0.87718,-0.73,1.11,0.18,0.61311,-0.22753,-0.01699,0.75633,-0.74,1.08,0.19,0.61311,-0.22753,-0.01699,0.75633,-0.68,1.07,0.1,-0.38968,-0.17238,-0.17624,0.88734,-0.68,1.11,0.14,-0.08501,-0.20142,-0.1915,0.95684,-0.7,1.12,0.17,0.43276,-0.2894,-0.0966,0.84831,-0.71,1.1,0.18,0.68555,-0.32125,-0.02735,0.65274,-0.72,1.08,0.18,0.68555,-0.32125,-0.02735,0.65274,-0.67,1.07,0.11,-0.30056,-0.12625,-0.40586,0.85382,-0.67,1.1,0.14,-0.21386,-0.16076,-0.30526,0.91391,-0.67,1.11,0.17,0.37035,-0.31324,-0.23306,0.84286,-0.69,1.1,0.18,0.64449,-0.41591,-0.11543,0.63113,-0.7,1.09,0.18,0.64449,-0.41591,-0.11543,0.63113,-0.81,1.08,0.19
-0.79,1.46,-0.17,-0.79,1.46,-0.17,-0.85,1.11,0.1,0.36693,-0.09165,-0.20111,-0.90361,-0.86,1.07,0.05,0.36693,-0.09165,-0.20111,-0.90361,-0.83,1.09,0.08,0.50997,-0.16399,0.45671,-0.71025,-0.8,1.11,0.09,0.32463,-0.05297,0.39916,-0.85586,-0.79,1.13,0.12,0.17682,-0.00764,0.48297,-0.85756,-0.79,1.14,0.14,0.17682,-0.00764,0.48297,-0.85756,-0.84,1.1,0.08,0.36693,-0.09165,-0.20111,-0.90361,-0.83,1.14,0.12,0.10774,-0.14661,-0.12071,-0.97587,-0.82,1.15,0.15,-0.28959,-0.18857,-0.07776,-0.93516,-0.81,1.14,0.17,-0.44804,-0.17257,-0.05412,-0.87553,-0.81,1.12,0.18,-0.44804,-0.17257,-0.05412,-0.87553,-0.85,1.09,0.08,0.36693,-0.09165,-0.20111,-0.90361,-0.86,1.13,0.12,0.18076,-0.05793,-0.22864,-0.95483,-0.85,1.15,0.16,-0.42102,-0.18763,-0.16138,-0.87264,-0.84,1.13,0.18,-0.69474,-0.21086,-0.16012,-0.66876,-0.83,1.11,0.18,-0.69474,-0.21086,-0.16012,-0.66876,-0.87,1.09,0.09,0.36693,-0.09165,-0.20111,-0.90361,-0.87,1.12,0.13,0.23486,-0.02638,-0.28588,-0.92866,-0.87,1.14,0.16,-0.38905,-0.22526,-0.24184,-0.85989,-0.86,1.12,0.17,-0.67153,-0.31402,-0.17331,-0.64838,-0.84,1.11,0.17,-0.67153,-0.31402,-0.17331,-0.64838,-0.88,1.08,0.09,0.29146,-0.04156,-0.43158,-0.85268,-0.88,1.1,0.13,0.23294,-0.02859,-0.35553,-0.90472,-0.89,1.12,0.15,-0.27174,-0.20967,-0.36407,-0.86582,-0.88,1.11,0.17,-0.51561,-0.35505,-0.28905,-0.72425,-0.86,1.1,0.18,-0.51561,-0.35505,-0.28905,-0.72425,-0.7,1.1,0.11,-0.39598,-0.17916,-0.16618,0.88515,-0.68,1.05,0.07,-0.39598,-0.17916,-0.16618,0.88515,-0.72,1.07,0.09,-0.44423,-0.17054,0.59411,0.64855,-0.74,1.08,0.11,-0.25419,-0.00298,0.5438,0.79979,-0.75,1.1,0.14,-0.1666,0.01239,0.61826,0.76801,-0.76,1.1,0.16,-0.1666,0.01239,0.61826,0.76801,-0.71,1.08,0.09,-0.39598,-0.17916,-0.16618,0.88515,-0.72,1.12,0.12,0.02064,-0.21853,-0.02824,0.9752,-0.74,1.12,0.16,0.42147,-0.21433,0.03805,0.88033,-0.75,1.1,0.17,0.55176,-0.17843,0.0647,0.81212,-0.75,1.08,0.18,0.55176,-0.17843,0.0647,0.81212,-0.69,1.07,0.1,-0.39598,-0.17916,-0.16618,0.88515,-0.7,1.12,0.13,-0.00539,-0.22583,-0.09503,0.9695,-0.72,1.12,0.17,0.40347,-0.24565,-0.00436,0.88139,-0.73,1.1,0.18,0.59866,-0.22241,-0.01104,0.76943,-0.74,1.08,0.19,0.59866,-0.22241,-0.01104,0.76943,-0.68,1.07,0.1,-0.39598,-0.17916,-0.16618,0.88515,-0.69,1.11,0.14,-0.07398,-0.20952,-0.17533,0.95911,-0.7,1.12,0.17,0.41422,-0.28487,-0.0881,0.85995,-0.71,1.1,0.18,0.66379,-0.31527,-0.02352,0.67781,-0.73,1.08,0.18,0.66379,-0.31527,-0.02352,0.67781,-0.67,1.07,0.11,-0.3067,-0.13423,-0.39642,0.85485,-0.67,1.1,0.14,-0.19757,-0.1824,-0.28758,0.91923,-0.68,1.11,0.17,0.36871,-0.31485,-0.21279,0.84832,-0.69,1.1,0.18,0.63724,-0.40924,-0.10095,0.64519,-0.71,1.09,0.18,0.63724,-0.40924,-0.10095,0.64519,-0.81,1.08,0.19
-0.79,1.46,-0.17,-0.79,1.46,-0.17,-0.85,1.1,0.1,0.36465,-0.08253,-0.18714,-0.9084,-0.86,1.06,0.06,0.36465,-0.08253,-0.18714,-0.9084,-0.82,1.08,0.08,0.48456,-0.16578,0.48546,-0.70855,-0.8,1.1,0.1,0.29097,-0.0399,0.42995,-0.85375,-0.79,1.12,0.12,0.13877,0.00891,0.50932,-0.84927,-0.79,1.12,0.15,0.13877,0.00891,0.50932,-0.84927,-0.84,1.09,0.08,0.36465,-0.08253,-0.18714,-0.9084,-0.83,1.13,0.12,0.05772,-0.13443,-0.10551,-0.9836,-0.82,1.13,0.16,-0.43952,-0.17686,-0.0493,-0.87927,-0.82,1.12,0.17,-0.62738,-0.15667,-0.01437,-0.76265,-0.81,1.1,0.18,-0.62738,-0.15667,-0.01437,-0.76265,-0.85,1.08,0.08,0.36465,-0.08253,-0.18714,-0.9084,-0.86,1.13,0.13,0.18512,-0.0513,-0.21335,-0.9579,-0.85,1.14,0.16,-0.44053,-0.17693,-0.14881,-0.86746,-0.84,1.12,0.18,-0.739,-0.19849,-0.14598,-0.62703,-0.83,1.1,0.18,-0.739,-0.19849,-0.14598,-0.62703,-0.87,1.08,0.09,0.36465,-0.08253,-0.18714,-0.9084,-0.87,1.11,0.13,0.22925,-0.02652,-0.26889,-0.93512,-0.87,1.13,0.16,-0.42033,-0.22038,-0.22363,-0.85132,-0.86,1.11,0.18,-0.73012,-0.30692,-0.14579,-0.59285,-0.85,1.1,0.17,-0.73012,-0.30692,-0.14579,-0.59285,-0.88,1.07,0.09,0.29301,-0.03133,-0.4189,-0.85889,-0.88,1.1,0.13,0.20762,-0.04728,-0.33641,-0.91733,-0.89,1.11,0.16,-0.3478,-0.23093,-0.3288,-0.84711,-0.87,1.1,0.17,-0.64334,-0.38195,-0.22173,-0.62535,-0.86,1.09,0.17,-0.64334,-0.38195,-0.22173,-0.62535,-0.7,1.1,0.12,-0.37969,-0.18875,-0.14285,0.89432,-0.68,1.05,0.07,-0.37969,-0.18875,-0.14285,0.89432,-0.72,1.07,0.1,-0.43501,-0.19402,0.60707,0.63607,-0.75,1.08,0.11,-0.24523,-0.01982,0.56442,0.78797,-0.76,1.09,0.14,-0.15675,-0.00127,0.63832,0.75364,-0.76,1.1,0.16,-0.15675,-0.00127,0.63832,0.75364,-0.71,1.07,0.09,-0.37969,-0.18875,-0.14285,0.89432,-0.73,1.12,0.13,0.05107,-0.21733,-0.00016,0.97476,-0.74,1.12,0.16,0.44328,-0.20143,0.06172,0.87128,-0.75,1.1,0.17,0.56956,-0.16211,0.08645,0.80115,-0.75,1.08,0.18,0.56956,-0.16211,0.08645,0.80115,-0.7,1.07,0.1,-0.37969,-0.18875,-0.14285,0.89432,-0.71,1.12,0.13,0.01472,-0.22526,-0.06922,0.97173,-0.72,1.12,0.17,0.40601,-0.23441,0.0144,0.88318,-0.74,1.1,0.19,0.58881,-0.20821,0.00266,0.78099,-0.74,1.08,0.19,0.58881,-0.20821,0.00266,0.78099,-0.68,1.07,0.1,-0.37969,-0.18875,-0.14285,0.89432,-0.69,1.11,0.14,-0.05692,-0.21102,-0.14914,0.96436,-0.7,1.12,0.17,0.41431,-0.27146,-0.07022,0.86587,-0.72,1.1,0.19,0.65302,-0.29782,-0.01528,0.69616,-0.73,1.08,0.19,0.65302,-0.29782,-0.01528,0.69616,-0.67,1.07,0.11,-0.29206,-0.13843,-0.37327,0.8696,-0.67,1.1,0.14,-0.17981,-0.18718,-0.26196,0.92952,-0.68,1.11,0.17,0.37077,-0.29919,-0.19514,0.85729,-0.7,1.1,0.18,0.62779,-0.38725,-0.09829,0.66802,-0.71,1.08,0.18,0.62779,-0.38725,-0.09829,0.66802,-0.81,1.08,0.19
-0.79,1.46,-0.17,-0.79,1.46,-0.17,-0.85,1.1,0.11,0.3079,-0.06393,-0.18189,-0.93168,-0.86,1.06,0.06,0.3079,-0.06393,-0.18189,-0.93168,-0.83,1.08,0.08,0.43364,-0.19876,0.4834,-0.73402,-0.8,1.09,0.1,0.23027,-0.06559,0.43716,-0.86693,-0.79,1.11,0.13,0.0814,-0.02223,0.51867,-0.8508,-0.79,1.11,0.15,0.0814,-0.02223,0.51867,-0.8508,-0.84,1.08,0.09,0.3079,-0.06393,-0.18189,-0.93168,-0.83,1.12,0.13,0.02062,-0.11474,-0.11032,-0.98703,-0.83,1.12,0.17,-0.46274,-0.16047,-0.06546,-0.86939,-0.82,1.1,0.18,-0.66688,-0.14526,-0.02894,-0.7303,-0.81,1.08,0.18,-0.66688,-0.14526,-0.02894,-0.7303,-0.85,1.08,0.09,0.3079,-0.06393,-0.18189,-0.93168,-0.86,1.12,0.13,0.15822,-0.02161,-0.20893,-0.96481,-0.86,1.13,0.17,-0.4475,-0.14698,-0.16678,-0.86621,-0.85,1.11,0.19,-0.73269,-0.17527,-0.17541,-0.63378,-0.83,1.09,0.19,-0.73269,-0.17527,-0.17541,-0.63378,-0.87,1.07,0.09,0.3079,-0.06393,-0.18189,-0.93168,-0.87,1.1,0.13,0.1795,-0.00023,-0.261,-0.9485,-0.88,1.12,0.17,-0.44389,-0.18735,-0.24051,-0.84262,-0.86,1.1,0.18,-0.73551,-0.28064,-0.17958,-0.58993,-0.85,1.08,0.18,-0.73551,-0.28064,-0.17958,-0.58993,-0.88,1.07,0.09,0.24224,0.00179,-0.41101,-0.87886,-0.89,1.09,0.13,0.16359,-0.01642,-0.32911,-0.92987,-0.89,1.1,0.16,-0.37347,-0.19183,-0.34319,-0.8402,-0.88,1.09,0.17,-0.65056,-0.34713,-0.25832,-0.62414,-0.86,1.07,0.17,-0.65056,-0.34713,-0.25832,-0.62414,-0.71,1.09,0.12,-0.32844,-0.2064,-0.12956,0.91255,-0.68,1.06,0.07,-0.32844,-0.2064,-0.12956,0.91255,-0.73,1.07,0.09,-0.44306,-0.2653,0.57423,0.63527,-0.75,1.08,0.11,-0.25694,-0.10585,0.55087,0.78697,-0.77,1.09,0.14,-0.19083,-0.09868,0.63114,0.74533,-0.78,1.09,0.16,-0.19083,-0.09868,0.63114,0.74533,-0.71,1.07,0.09,-0.32844,-0.2064,-0.12956,0.91255,-0.73,1.11,0.13,-0.07922,-0.23198,-0.02695,0.96912,-0.75,1.12,0.16,0.24516,-0.23169,0.0245,0.94107,-0.76,1.11,0.18,0.37567,-0.19972,0.04596,0.90381,-0.77,1.09,0.2,0.37567,-0.19972,0.04596,0.90381,-0.7,1.07,0.1,-0.32844,-0.2064,-0.12956,0.91255,-0.71,1.12,0.14,-0.0358,-0.22666,-0.07672,0.97029,-0.73,1.12,0.18,0.3177,-0.2395,-0.00269,0.91744,-0.74,1.1,0.19,0.48334,-0.22337,-0.01873,0.84625,-0.75,1.08,0.21,0.48334,-0.22337,-0.01873,0.84625,-0.68,1.07,0.11,-0.32844,-0.2064,-0.12956,0.91255,-0.7,1.11,0.14,-0.09603,-0.19981,-0.15501,0.96272,-0.71,1.12,0.18,0.34292,-0.26292,-0.08986,0.89733,-0.72,1.1,0.19,0.56438,-0.29783,-0.04393,0.76866,-0.74,1.08,0.2,0.56438,-0.29783,-0.04393,0.76866,-0.68,1.07,0.11,-0.24032,-0.1421,-0.35667,0.89154,-0.68,1.09,0.15,-0.22214,-0.15553,-0.26193,0.9262,-0.69,1.11,0.17,0.29574,-0.26812,-0.22172,0.88965,-0.7,1.1,0.19,0.54148,-0.36458,-0.14152,0.74421,-0.71,1.08,0.19,0.54148,-0.36458,-0.14152,0.74421,-0.81,1.08,0.19
-0.79,1.46,-0.17,-0.79,1.46,-0.17,-0.85,1.1,0.11,0.29474,-0.06052,-0.1654,-0.93921,-0.86,1.06,0.06,0.29474,-0.06052,-0.1654,-0.93921,-0.82,1.08,0.08,0.42196,-0.2134,0.49048,-0.73201,-0.8,1.09,0.1,0.21742,-0.07624,0.4487,-0.86347,-0.79,1.1,0.13,0.0723,-0.03353,0.53087,-0.8437,-0.79,1.11,0.16,0.0723,-0.03353,0.53087,-0.8437,-0.84,1.08,0.09,0.29474,-0.06052,-0.1654,-0.93921,-0.83,1.12,0.13,0.04723,-0.10555,-0.09982,-0.98826,-0.83,1.12,0.17,-0.4358,-0.14773,-0.0613,-0.88572,-0.82,1.1,0.18,-0.64867,-0.13224,-0.02808,-0.74897,-0.81,1.08,0.19,-0.64867,-0.13224,-0.02808,-0.74897,-0.85,1.08,0.09,0.29474,-0.06052,-0.1654,-0.93921,-0.85,1.12,0.13,0.16115,-0.01148,-0.19275,-0.96786,-0.86,1.13,0.17,-0.41631,-0.12364,-0.1642,-0.88568,-0.85,1.11,0.19,-0.69542,-0.15301,-0.18402,-0.67758,-0.84,1.09,0.19,-0.69542,-0.15301,-0.18402,-0.67758,-0.87,1.07,0.09,0.29474,-0.06052,-0.1654,-0.93921,-0.87,1.1,0.13,0.16571,0.00748,-0.2446,-0.95533,-0.87,1.11,0.17,-0.41965,-0.16027,-0.23974,-0.86066,-0.86,1.1,0.19,-0.70642,-0.25369,-0.19347,-0.6318,-0.85,1.08,0.18,-0.70642,-0.25369,-0.19347,-0.6318,-0.88,1.07,0.09,0.23238,0.00917,-0.39482,-0.88884,-0.89,1.09,0.13,0.14894,-0.00317,-0.31484,-0.93738,-0.89,1.1,0.16,-0.37474,-0.1665,-0.34096,-0.84593,-0.88,1.08,0.18,-0.6404,-0.31813,-0.27213,-0.64391,-0.86,1.07,0.18,-0.6404,-0.31813,-0.27213,-0.64391,-0.71,1.09,0.12,-0.28984,-0.20901,-0.10071,0.92853,-0.69,1.06,0.07,-0.28984,-0.20901,-0.10071,0.92853,-0.73,1.07,0.09,-0.45073,-0.3098,0.54353,0.63674,-0.76,1.07,0.1,-0.27227,-0.16679,0.52934,0.78604,-0.77,1.08,0.13,-0.22943,-0.17264,0.61143,0.73737,-0.79,1.09,0.15,-0.22943,-0.17264,0.61143,0.73737,-0.72,1.07,0.09,-0.28984,-0.20901,-0.10071,0.92853,-0.74,1.11,0.13,-0.12797,-0.25403,-0.00956,0.95865,-0.76,1.12,0.16,0.15451,-0.25004,0.03741,0.9551,-0.77,1.11,0.18,0.28017,-0.21774,0.05693,0.93319,-0.78,1.1,0.2,0.28017,-0.21774,0.05693,0.93319,-0.7,1.07,0.1,-0.28984,-0.20901,-0.10071,0.92853,-0.72,1.11,0.14,-0.14001,-0.20419,-0.08391,0.96523,-0.73,1.12,0.18,0.19622,-0.222,-0.02251,0.95483,-0.75,1.11,0.2,0.36121,-0.21699,-0.0437,0.90583,-0.76,1.1,0.22,0.36121,-0.21699,-0.0437,0.90583,-0.69,1.07,0.11,-0.28984,-0.20901,-0.10071,0.92853,-0.7,1.1,0.15,-0.21034,-0.15509,-0.16073,0.95177,-0.71,1.12,0.18,0.21437,-0.22763,-0.11703,0.94262,-0.72,1.11,0.2,0.43777,-0.2736,-0.0793,0.85277,-0.73,1.09,0.21,0.43777,-0.2736,-0.0793,0.85277,-0.68,1.07,0.11,-0.20616,-0.13387,-0.32658,0.91265,-0.68,1.09,0.15,-0.29461,-0.09205,-0.24589,0.91884,-0.69,1.11,0.17,0.18262,-0.2007,-0.24818,0.92993,-0.69,1.1,0.19,0.42799,-0.30684,-0.18738,0.8292,-0.71,1.09,0.2,0.42799,-0.30684,-0.18738,0.8292,-0.81,1.08,0.19
-0.79,1.46,-0.17,-0.79,1.46,-0.17,-0.85,1.1,0.11,0.30882,-0.06459,-0.11909,-0.94142,-0.86,1.06,0.06,0.30882,-0.06459,-0.11909,-0.94142,-0.82,1.08,0.08,0.42552,-0.21436,0.52341,-0.70642,-0.8,1.09,0.1,0.22017,-0.06469,0.48379,-0.84456,-0.79,1.1,0.13,0.07799,-0.01778,0.56258,-0.82287,-0.79,1.1,0.15,0.07799,-0.01778,0.56258,-0.82287,-0.83,1.08,0.08,0.30882,-0.06459,-0.11909,-0.94142,-0.83,1.12,0.13,0.07577,-0.09337,-0.05739,-0.99108,-0.82,1.12,0.17,-0.40775,-0.11725,-0.03044,-0.90502,-0.82,1.11,0.18,-0.62578,-0.09506,-0.00675,-0.77416,-0.81,1.09,0.19,-0.62578,-0.09506,-0.00675,-0.77416,-0.85,1.08,0.09,0.30882,-0.06459,-0.11909,-0.94142,-0.85,1.12,0.13,0.16041,-0.01411,-0.14659,-0.976,-0.85,1.13,0.17,-0.37498,-0.09308,-0.1297,-0.91318,-0.84,1.11,0.19,-0.6223,-0.11049,-0.16566,-0.75703,-0.84,1.09,0.2,-0.6223,-0.11049,-0.16566,-0.75703,-0.87,1.08,0.09,0.30882,-0.06459,-0.11909,-0.94142,-0.87,1.11,0.13,0.13976,-0.00149,-0.19981,-0.96982,-0.87,1.12,0.17,-0.38515,-0.1261,-0.20771,-0.89029,-0.86,1.1,0.19,-0.64545,-0.20433,-0.18495,-0.71235,-0.85,1.08,0.19,-0.64545,-0.20433,-0.18495,-0.71235,-0.88,1.07,0.09,0.25163,0.00348,-0.35235,-0.9014,-0.88,1.09,0.13,0.14058,-0.00369,-0.27479,-0.95116,-0.89,1.1,0.16,-0.32263,-0.1227,-0.31491,-0.88413,-0.88,1.09,0.18,-0.54084,-0.24755,-0.28158,-0.75295,-0.86,1.08,0.18,-0.54084,-0.24755,-0.28158,-0.75295,-0.71,1.09,0.12,-0.21839,-0.19539,-0.07127,0.95344,-0.69,1.06,0.06,-0.21839,-0.19539,-0.07127,0.95344,-0.73,1.07,0.09,-0.43172,-0.32454,0.50113,0.67613,-0.75,1.08,0.1,-0.25439,-0.19696,0.48575,0.81274,-0.77,1.08,0.13,-0.21815,-0.20865,0.56973,0.76439,-0.79,1.09,0.14,-0.21815,-0.20865,0.56973,0.76439,-0.72,1.07,0.09,-0.21839,-0.19539,-0.07127,0.95344,-0.74,1.1,0.14,0.02215,-0.29438,0.06405,0.95328,-0.76,1.1,0.17,0.32237,-0.26072,0.12658,0.90116,-0.77,1.08,0.18,0.455,-0.21227,0.15632,0.85058,-0.77,1.07,0.19,0.455,-0.21227,0.15632,0.85058,-0.7,1.07,0.09,-0.21839,-0.19539,-0.07127,0.95344,-0.72,1.1,0.14,-0.10912,-0.18007,-0.06454,0.97545,-0.73,1.11,0.18,0.23605,-0.19245,-0.01101,0.95243,-0.74,1.1,0.2,0.41145,-0.18362,-0.03591,0.89202,-0.75,1.09,0.22,0.41145,-0.18362,-0.03591,0.89202,-0.68,1.07,0.1,-0.21839,-0.19539,-0.07127,0.95344,-0.7,1.1,0.15,-0.18751,-0.11885,-0.13628,0.96547,-0.71,1.11,0.18,0.24458,-0.18428,-0.11009,0.94557,-0.72,1.1,0.2,0.47263,-0.22979,-0.08307,0.84671,-0.73,1.08,0.21,0.47263,-0.22979,-0.08307,0.84671,-0.68,1.07,0.1,-0.1435,-0.10186,-0.29346,0.93964,-0.68,1.08,0.15,-0.2525,-0.0247,-0.20969,0.94428,-0.68,1.1,0.17,0.19174,-0.11211,-0.25165,0.94199,-0.69,1.09,0.19,0.43385,-0.22215,-0.21772,0.84559,-0.7,1.08,0.2,0.43385,-0.22215,-0.21772,0.84559,-0.81,1.08,0.19
-0.79,1.46,-0.17,-0.79,1.46,-0.17,-0.85,1.1,0.11,0.34308,-0.0568,-0.08817,-0.93343,-0.86,1.06,0.06,0.34308,-0.0568,-0.08817,-0.93343,-0.82,1.08,0.08,0.43599,-0.18843,0.55453,-0.6833,-0.8,1.09,0.1,0.23266,-0.02856,0.50867,-0.82844,-0.79,1.1,0.13,0.08783,0.02367,0.58118,-0.80868,-0.79,1.11,0.15,0.08783,0.02367,0.58118,-0.80868,-0.83,1.08,0.08,0.34308,-0.0568,-0.08817,-0.93343,-0.83,1.12,0.13,0.10552,-0.06781,-0.03424,-0.99151,-0.82,1.13,0.16,-0.38588,-0.08461,-0.02168,-0.9184,-0.82,1.11,0.18,-0.60683,-0.06137,-0.00726,-0.79243,-0.82,1.09,0.19,-0.60683,-0.06137,-0.00726,-0.79243,-0.85,1.08,0.08,0.34308,-0.0568,-0.08817,-0.93343,-0.85,1.12,0.13,0.15069,-0.01562,-0.11554,-0.98168,-0.85,1.13,0.17,-0.37416,-0.07661,-0.10357,-0.91837,-0.85,1.12,0.19,-0.60472,-0.08553,-0.14593,-0.77827,-0.84,1.09,0.19,-0.60472,-0.08553,-0.14593,-0.77827,-0.87,1.08,0.09,0.34308,-0.0568,-0.08817,-0.93343,-0.87,1.11,0.13,0.12942,-0.00917,-0.16919,-0.97701,-0.87,1.12,0.17,-0.3782,-0.11246,-0.18022,-0.90102,-0.86,1.11,0.18,-0.62712,-0.18063,-0.16593,-0.7393,-0.85,1.08,0.19,-0.62712,-0.18063,-0.16593,-0.7393,-0.88,1.07,0.09,0.29089,0.00337,-0.32571,-0.8996,-0.89,1.1,0.13,0.15263,-0.01282,-0.24697,-0.95684,-0.89,1.11,0.16,-0.28831,-0.11064,-0.28894,-0.90617,-0.88,1.1,0.17,-0.48931,-0.22201,-0.26453,-0.80082,-0.87,1.08,0.18,-0.48931,-0.22201,-0.26453,-0.80082,-0.71,1.09,0.12,-0.19843,-0.18103,-0.06942,0.96075,-0.68,1.07,0.06,-0.19843,-0.18103,-0.06942,0.96075,-0.73,1.07,0.09,-0.43653,-0.29974,0.47031,0.70598,-0.75,1.08,0.1,-0.26909,-0.1886,0.44252,0.83438,-0.77,1.09,0.13,-0.25053,-0.21202,0.52623,0.78445,-0.79,1.1,0.14,-0.25053,-0.21202,0.52623,0.78445,-0.72,1.08,0.09,-0.19843,-0.18103,-0.06942,0.96075,-0.74,1.1,0.14,0.05009,-0.2968,0.0698,0.95107,-0.76,1.1,0.17,0.37258,-0.25681,0.13996,0.88071,-0.77,1.08,0.18,0.51989,-0.20229,0.17556,0.81116,-0.77,1.06,0.19,0.51989,-0.20229,0.17556,0.81116,-0.7,1.08,0.09,-0.19843,-0.18103,-0.06942,0.96075,-0.72,1.11,0.14,-0.07023,-0.17169,-0.05899,0.98087,-0.73,1.11,0.18,0.32688,-0.18234,0.00138,0.92731,-0.74,1.1,0.2,0.53117,-0.16473,-0.02122,0.83083,-0.75,1.07,0.21,0.53117,-0.16473,-0.02122,0.83083,-0.68,1.08,0.1,-0.19843,-0.18103,-0.06942,0.96075,-0.7,1.1,0.15,-0.1162,-0.11094,-0.12678,0.97884,-0.7,1.11,0.18,0.35393,-0.17438,-0.09977,0.91344,-0.71,1.09,0.2,0.59605,-0.21591,-0.07326,0.76989,-0.72,1.07,0.21,0.59605,-0.21591,-0.07326,0.76989,-0.68,1.07,0.1,-0.12728,-0.08277,-0.29065,0.94471,-0.68,1.09,0.15,-0.18585,-0.00991,-0.20576,0.96074,-0.68,1.1,0.17,0.27576,-0.09666,-0.25334,0.92219,-0.68,1.09,0.19,0.52005,-0.20979,-0.22525,0.79674,-0.7,1.07,0.2,0.52005,-0.20979,-0.22525,0.79674,-0.81,1.08,0.19
-0.79,1.46,-0.17,-0.79,1.46,-0.17,-0.85,1.1,0.1,0.37031,-0.05608,-0.10629,-0.9211,-0.86,1.06,0.06,0.37031,-0.05608,-0.10629,-0.9211,-0.82,1.08,0.08,0.45987,-0.16499,0.54547,-0.681,-0.8,1.09,0.1,0.25255,-0.00766,0.49294,-0.83257,-0.79,1.11,0.13,0.10628,0.04314,0.56398,-0.81778,-0.79,1.11,0.15,0.10628,0.04314,0.56398,-0.81778,-0.84,1.08,0.08,0.37031,-0.05608,-0.10629,-0.9211,-0.83,1.12,0.12,0.11216,-0.06559,-0.05408,-0.99005,-0.83,1.13,0.16,-0.38345,-0.09255,-0.03961,-0.91806,-0.82,1.12,0.18,-0.60093,-0.07344,-0.02311,-0.79559,-0.82,1.1,0.18,-0.60093,-0.07344,-0.02311,-0.79559,-0.85,1.08,0.08,0.37031,-0.05608,-0.10629,-0.9211,-0.85,1.12,0.12,0.15413,-0.03185,-0.12905,-0.97907,-0.85,1.14,0.16,-0.37304,-0.09786,-0.10649,-0.91648,-0.85,1.12,0.18,-0.60918,-0.1073,-0.14286,-0.77264,-0.84,1.1,0.19,-0.60918,-0.1073,-0.14286,-0.77264,-0.87,1.08,0.09,0.37031,-0.05608,-0.10629,-0.9211,-0.87,1.11,0.13,0.16377,-0.026,-0.18207,-0.9692,-0.87,1.13,0.16,-0.35306,-0.13629,-0.18104,-0.90774,-0.86,1.11,0.18,-0.61085,-0.20503,-0.15796,-0.74824,-0.85,1.09,0.19,-0.61085,-0.20503,-0.15796,-0.74824,-0.88,1.07,0.09,0.31508,-0.00364,-0.34454,-0.88431,-0.89,1.1,0.13,0.19426,-0.03772,-0.25596,-0.94622,-0.89,1.11,0.15,-0.25252,-0.14139,-0.28574,-0.91356,-0.88,1.1,0.17,-0.46891,-0.2547,-0.24888,-0.80827,-0.86,1.09,0.18,-0.46891,-0.2547,-0.24888,-0.80827,-0.71,1.1,0.12,-0.22909,-0.1621,-0.08371,0.95616,-0.69,1.07,0.07,-0.22909,-0.1621,-0.08371,0.95616,-0.73,1.08,0.09,-0.44157,-0.27039,0.48519,0.70463,-0.75,1.09,0.1,-0.2802,-0.1589,0.4497,0.83307,-0.77,1.1,0.13,-0.26298,-0.18417,0.53308,0.78278,-0.78,1.1,0.15,-0.26298,-0.18417,0.53308,0.78278,-0.72,1.08,0.09,-0.22909,-0.1621,-0.08371,0.95616,-0.73,1.11,0.14,-0.09,-0.27272,0.01406,0.95777,-0.75,1.12,0.17,0.22982,-0.25741,0.07608,0.93549,-0.76,1.1,0.19,0.38457,-0.21571,0.10708,0.89113,-0.77,1.09,0.2,0.38457,-0.21571,0.10708,0.89113,-0.7,1.08,0.1,-0.22909,-0.1621,-0.08371,0.95616,-0.71,1.11,0.15,-0.07626,-0.15839,-0.07152,0.98182,-0.73,1.12,0.18,0.37995,-0.17577,-0.00439,0.90814,-0.73,1.1,0.2,0.62021,-0.1543,-0.02338,0.76876,-0.74,1.08,0.21,0.62021,-0.1543,-0.02338,0.76876,-0.68,1.08,0.1,-0.22909,-0.1621,-0.08371,0.95616,-0.69,1.1,0.15,-0.06466,-0.1091,-0.13471,0.98274,-0.7,1.11,0.18,0.46594,-0.18119,-0.09683,0.86064,-0.71,1.09,0.2,0.73364,-0.21882,-0.05987,0.64055,-0.72,1.07,0.2,0.73364,-0.21882,-0.05987,0.64055,-0.68,1.08,0.11,-0.15895,-0.07169,-0.30817,0.93521,-0.68,1.09,0.15,-0.15026,-0.02606,-0.2255,0.96223,-0.68,1.1,0.18,0.39205,-0.13964,-0.2548,0.87285,-0.69,1.09,0.19,0.66751,-0.26237,-0.20342,0.6665,-0.7,1.07,0.19,0.66751,-0.26237,-0.20342,0.6665,-0.81,1.08,0.19
-0.79,1.46,-0.17,-0.79,1.46,-0.17,-0.85,1.1,0.11,0.36018,-0.06965,-0.13803,-0.91998,-0.86,1.06,0.06,0.36018,-0.06965,-0.13803,-0.91998,-0.82,1.08,0.08,0.46305,-0.17022,0.52318,-0.69491,-0.8,1.09,0.1,0.23999,-0.01281,0.47283,-0.84774,-0.79,1.1,0.13,0.09264,0.03375,0.54544,-0.83233,-0.79,1.11,0.15,0.09264,0.03375,0.54544,-0.83233,-0.84,1.08,0.08,0.36018,-0.06965,-0.13803,-0.91998,-0.83,1.12,0.13,0.08288,-0.08388,-0.08226,-0.98961,-0.83,1.13,0.16,-0.39249,-0.12042,-0.05781,-0.91,-0.82,1.11,0.18,-0.59407,-0.10408,-0.03573,-0.79685,-0.81,1.09,0.18,-0.59407,-0.10408,-0.03573,-0.79685,-0.85,1.08,0.09,0.36018,-0.06965,-0.13803,-0.91998,-0.85,1.12,0.13,0.13864,-0.05931,-0.15211,-0.97679,-0.85,1.13,0.17,-0.36495,-0.13053,-0.11501,-0.91463,-0.84,1.12,0.19,-0.59744,-0.14091,-0.14256,-0.77646,-0.83,1.09,0.19,-0.59744,-0.14091,-0.14256,-0.77646,-0.87,1.07,0.09,0.36018,-0.06965,-0.13803,-0.91998,-0.87,1.11,0.13,0.18058,-0.04914,-0.20554,-0.96059,-0.87,1.12,0.16,-0.33309,-0.16838,-0.18905,-0.90827,-0.86,1.11,0.18,-0.59084,-0.23818,-0.15554,-0.75497,-0.85,1.09,0.19,-0.59084,-0.23818,-0.15554,-0.75497,-0.88,1.07,0.09,0.29803,-0.01541,-0.37336,-0.87838,-0.88,1.09,0.13,0.23523,-0.05579,-0.27669,-0.93005,-0.89,1.11,0.16,-0.21198,-0.1705,-0.29574,-0.91571,-0.88,1.1,0.17,-0.43901,-0.28792,-0.24624,-0.8147,-0.86,1.09,0.18,-0.43901,-0.28792,-0.24624,-0.8147,-0.71,1.09,0.12,-0.24599,-0.15696,-0.07532,0.95351,-0.69,1.07,0.07,-0.24599,-0.15696,-0.07532,0.95351,-0.73,1.07,0.09,-0.44394,-0.26598,0.50141,0.69337,-0.76,1.08,0.11,-0.28498,-0.15123,0.46561,0.82409,-0.77,1.09,0.13,-0.26092,-0.17206,0.54916,0.77507,-0.79,1.1,0.15,-0.26092,-0.17206,0.54916,0.77507,-0.72,1.08,0.1,-0.24599,-0.15696,-0.07532,0.95351,-0.74,1.11,0.14,-0.09221,-0.22938,0.01273,0.96887,-0.75,1.12,0.18,0.20614,-0.21834,0.05504,0.95226,-0.76,1.11,0.19,0.34728,-0.18199,0.07538,0.91684,-0.77,1.09,0.21,0.34728,-0.18199,0.07538,0.91684,-0.7,1.08,0.1,-0.24599,-0.15696,-0.07532,0.95351,-0.72,1.11,0.15,-0.16455,-0.14219,-0.07711,0.97301,-0.73,1.13,0.19,0.24802,-0.16397,-0.02492,0.95445,-0.74,1.11,0.21,0.46692,-0.15787,-0.05118,0.86859,-0.74,1.09,0.22,0.46692,-0.15787,-0.05118,0.86859,-0.69,1.08,0.11,-0.24599,-0.15696,-0.07532,0.95351,-0.7,1.1,0.15,-0.18135,-0.0939,-0.13831,0.96911,-0.7,1.12,0.19,0.32879,-0.17156,-0.11058,0.92208,-0.71,1.1,0.2,0.60018,-0.21814,-0.07861,0.76552,-0.72,1.08,0.21,0.60018,-0.21814,-0.07861,0.76552,-0.68,1.07,0.11,-0.17761,-0.07044,-0.30197,0.93398,-0.68,1.09,0.15,-0.22886,-0.03862,-0.21503,0.94863,-0.68,1.1,0.18,0.30988,-0.14873,-0.24054,0.90774,-0.69,1.09,0.19,0.59971,-0.26622,-0.18443,0.73176,-0.7,1.08,0.2,0.59971,-0.26622,-0.18443,0.73176,-0.81,1.08,0.19
-0.79,1.46,-0.17,-0.79,1.46,-0.17,-0.85,1.09,0.11,0.32587,-0.06937,-0.16138,-0.92895,-0.86,1.06,0.06,0.32587,-0.06937,-0.16138,-0.92895,-0.82,1.07,0.09,0.4349,-0.18365,0.50966,-0.71929,-0.8,1.09,0.1,0.19648,-0.022,0.46401,-0.86349,-0.79,1.1,0.13,0.05238,0.0169,0.53761,-0.8414,-0.79,1.1,0.16,0.05238,0.0169,0.53761,-0.8414,-0.84,1.08,0.09,0.32587,-0.06937,-0.16138,-0.92895,-0.83,1.12,0.13,0.03699,-0.09009,-0.10438,-0.98976,-0.83,1.12,0.17,-0.39022,-0.13136,-0.08114,-0.90768,-0.82,1.1,0.18,-0.56731,-0.118,-0.06012,-0.81278,-0.81,1.08,0.19,-0.56731,-0.118,-0.06012,-0.81278,-0.85,1.07,0.09,0.32587,-0.06937,-0.16138,-0.92895,-0.85,1.11,0.13,0.1032,-0.06568,-0.17198,-0.97747,-0.85,1.12,0.17,-0.35898,-0.14009,-0.13494,-0.91285,-0.84,1.11,0.19,-0.5678,-0.1526,-0.1614,-0.79264,-0.83,1.09,0.2,-0.5678,-0.1526,-0.1614,-0.79264,-0.87,1.07,0.09,0.32587,-0.06937,-0.16138,-0.92895,-0.87,1.1,0.13,0.168,-0.04893,-0.22606,-0.95827,-0.87,1.12,0.17,-0.32728,-0.17473,-0.20949,-0.9047,-0.86,1.1,0.19,-0.56884,-0.24794,-0.17649,-0.76406,-0.84,1.08,0.19,-0.56884,-0.24794,-0.17649,-0.76406,-0.88,1.07,0.09,0.26143,-0.00721,-0.39302,-0.88156,-0.88,1.09,0.13,0.22094,-0.05333,-0.29567,-0.92786,-0.89,1.1,0.16,-0.21615,-0.17311,-0.31447,-0.90797,-0.88,1.09,0.18,-0.43669,-0.29418,-0.26479,-0.80787,-0.86,1.08,0.19,-0.43669,-0.29418,-0.26479,-0.80787,-0.71,1.09,0.12,-0.23248,-0.15141,-0.06265,0.9587,-0.69,1.07,0.07,-0.23248,-0.15141,-0.06265,0.9587,-0.73,1.07,0.09,-0.42782,-0.27536,0.50973,0.69377,-0.76,1.08,0.11,-0.26858,-0.15701,0.47659,0.82224,-0.77,1.09,0.14,-0.23937,-0.17549,0.55973,0.7737,-0.79,1.09,0.16,-0.23937,-0.17549,0.55973,0.7737,-0.72,1.08,0.1,-0.23248,-0.15141,-0.06265,0.9587,-0.74,1.1,0.14,-0.00752,-0.20182,0.03264,0.97885,-0.75,1.1,0.18,0.28837,-0.18396,0.06535,0.93741,-0.76,1.09,0.2,0.41909,-0.14596,0.08145,0.89243,-0.77,1.07,0.21,0.41909,-0.14596,0.08145,0.89243,-0.7,1.08,0.1,-0.23248,-0.15141,-0.06265,0.9587,-0.72,1.11,0.15,-0.15191,-0.13563,-0.06471,0.9769,-0.73,1.12,0.19,0.21469,-0.15182,-0.02359,0.96452,-0.74,1.11,0.21,0.38631,-0.14722,-0.05625,0.90881,-0.74,1.09,0.23,0.38631,-0.14722,-0.05625,0.90881,-0.69,1.08,0.11,-0.23248,-0.15141,-0.06265,0.9587,-0.7,1.1,0.15,-0.21304,-0.09488,-0.12666,0.96414,-0.7,1.12,0.19,0.26387,-0.16427,-0.10479,0.94468,-0.71,1.1,0.21,0.50296,-0.20939,-0.08144,0.8346,-0.72,1.09,0.22,0.50296,-0.20939,-0.08144,0.8346,-0.68,1.07,0.11,-0.16736,-0.0613,-0.28899,0.9406,-0.68,1.09,0.15,-0.28241,-0.04266,-0.19848,0.93757,-0.68,1.1,0.18,0.24245,-0.14416,-0.22616,0.93236,-0.69,1.1,0.19,0.52675,-0.25427,-0.17483,0.79203,-0.7,1.08,0.2,0.52675,-0.25427,-0.17483,0.79203,-0.81,1.08,0.19
-0.79,1.46,-0.17,-0.79,1.46,-0.17,-0.85,1.09,0.11,0.32325,-0.06754,-0.17354,-0.92781,-0.86,1.06,0.06,0.32325,-0.06754,-0.17354,-0.92781,-0.82,1.07,0.09,0.43085,-0.17964,0.50425,-0.72652,-0.8,1.09,0.1,0.19,-0.01897,0.45728,-0.86858,-0.8,1.1,0.13,0.0565,0.01125,0.53177,-0.84493,-0.79,1.1,0.16,0.0565,0.01125,0.53177,-0.84493,-0.84,1.08,0.09,0.32325,-0.06754,-0.17354,-0.92781,-0.83,1.12,0.13,0.02818,-0.09209,-0.11621,-0.98855,-0.83,1.12,0.17,-0.38188,-0.13634,-0.09342,-0.90931,-0.82,1.1,0.18,-0.54823,-0.12425,-0.07338,-0.82378,-0.81,1.08,0.19,-0.54823,-0.12425,-0.07338,-0.82378,-0.85,1.07,0.09,0.32325,-0.06754,-0.17354,-0.92781,-0.85,1.11,0.13,0.09029,-0.06983,-0.18258,-0.97654,-0.85,1.12,0.17,-0.36127,-0.1471,-0.14386,-0.90948,-0.84,1.11,0.19,-0.56077,-0.16005,-0.16914,-0.79455,-0.83,1.09,0.2,-0.56077,-0.16005,-0.16914,-0.79455,-0.87,1.07,0.09,0.32325,-0.06754,-0.17354,-0.92781,-0.87,1.1,0.13,0.16087,-0.05165,-0.23702,-0.9567,-0.87,1.11,0.17,-0.32548,-0.18052,-0.21896,-0.90196,-0.86,1.1,0.19,-0.55901,-0.25486,-0.18561,-0.76688,-0.84,1.08,0.2,-0.55901,-0.25486,-0.18561,-0.76688,-0.88,1.06,0.09,0.25759,-0.00527,-0.40421,-0.87763,-0.88,1.08,0.13,0.21315,-0.05674,-0.30649,-0.92596,-0.89,1.1,0.16,-0.22098,-0.17973,-0.32267,-0.90264,-0.88,1.09,0.18,-0.4369,-0.30171,-0.27197,-0.80257,-0.86,1.08,0.19,-0.4369,-0.30171,-0.27197,-0.80257,-0.71,1.09,0.12,-0.2638,-0.15577,-0.09533,0.94713,-0.69,1.06,0.07,-0.2638,-0.15577,-0.09533,0.94713,-0.73,1.07,0.09,-0.45884,-0.24908,0.49256,0.69628,-0.75,1.08,0.11,-0.29354,-0.1342,0.45383,0.83058,-0.77,1.1,0.13,-0.25508,-0.14611,0.53978,0.78881,-0.78,1.1,0.15,-0.25508,-0.14611,0.53978,0.78881,-0.72,1.08,0.09,-0.2638,-0.15577,-0.09533,0.94713,-0.73,1.11,0.14,-0.00388,-0.20458,0.00884,0.9788,-0.75,1.11,0.17,0.32736,-0.19178,0.05087,0.92383,-0.76,1.09,0.19,0.45933,-0.15517,0.06999,0.8718,-0.76,1.08,0.2,0.45933,-0.15517,0.06999,0.8718,-0.7,1.08,0.1,-0.2638,-0.15577,-0.09533,0.94713,-0.71,1.11,0.15,-0.11168,-0.1547,-0.08437,0.978,-0.73,1.12,0.18,0.28667,-0.17733,-0.02875,0.94103,-0.74,1.11,0.2,0.45793,-0.16876,-0.0557,0.87104,-0.74,1.09,0.22,0.45793,-0.16876,-0.0557,0.87104,-0.68,1.08,0.1,-0.2638,-0.15577,-0.09533,0.94713,-0.7,1.1,0.15,-0.19282,-0.1207,-0.15186,0.96187,-0.7,1.12,0.18,0.30835,-0.20103,-0.11,0.92326,-0.71,1.1,0.2,0.54278,-0.24491,-0.07726,0.79965,-0.72,1.09,0.21,0.54278,-0.24491,-0.07726,0.79965,-0.68,1.07,0.11,-0.19239,-0.07423,-0.32254,0.92382,-0.68,1.09,0.15,-0.30043,-0.06135,-0.23287,0.9229,-0.68,1.11,0.17,0.24159,-0.18436,-0.24224,0.92139,-0.69,1.1,0.19,0.52143,-0.29696,-0.17667,0.7802,-0.7,1.09,0.2,0.52143,-0.29696,-0.17667,0.7802,-0.81,1.08,0.19
-0.79,1.46,-0.17,-0.79,1.46,-0.17,-0.85,1.09,0.11,0.32196,-0.06486,-0.18369,-0.92649,-0.86,1.06,0.06,0.32196,-0.06486,-0.18369,-0.92649,-0.83,1.08,0.09,0.42715,-0.17503,0.5002,-0.7326,-0.8,1.09,0.1,0.18643,-0.01617,0.45154,-0.8724,-0.8,1.1,0.14,0.05952,0.00853,0.52655,-0.84802,-0.8,1.1,0.16,0.05952,0.00853,0.52655,-0.84802,-0.84,1.08,0.09,0.32196,-0.06486,-0.18369,-0.92649,-0.83,1.12,0.13,0.01856,-0.09382,-0.12559,-0.98746,-0.83,1.12,0.17,-0.38858,-0.14134,-0.10153,-0.90483,-0.82,1.1,0.18,-0.55189,-0.13038,-0.08063,-0.81971,-0.81,1.08,0.19,-0.55189,-0.13038,-0.08063,-0.81971,-0.85,1.07,0.09,0.32196,-0.06486,-0.18369,-0.92649,-0.86,1.11,0.13,0.07518,-0.07273,-0.19168,-0.97587,-0.85,1.12,0.17,-0.37765,-0.15413,-0.15014,-0.9006,-0.84,1.1,0.19,-0.57731,-0.16746,-0.17303,-0.78021,-0.83,1.08,0.2,-0.57731,-0.16746,-0.17303,-0.78021,-0.87,1.07,0.09,0.32196,-0.06486,-0.18369,-0.92649,-0.87,1.1,0.13,0.14716,-0.05361,-0.24653,-0.9564,-0.87,1.11,0.17,-0.33956,-0.18687,-0.22604,-0.89369,-0.86,1.1,0.19,-0.57233,-0.26283,-0.19035,-0.75308,-0.84,1.08,0.19,-0.57233,-0.26283,-0.19035,-0.75308,-0.88,1.06,0.09,0.25549,-0.00279,-0.41364,-0.87385,-0.89,1.08,0.13,0.2004,-0.05903,-0.31628,-0.92538,-0.89,1.1,0.16,-0.24203,-0.18846,-0.32861,-0.89326,-0.88,1.09,0.18,-0.46146,-0.31353,-0.27395,-0.7834,-0.86,1.08,0.19,-0.46146,-0.31353,-0.27395,-0.7834,-0.7,1.1,0.12,-0.32016,-0.17897,-0.11772,0.92283,-0.68,1.06,0.07,-0.32016,-0.17897,-0.11772,0.92283,-0.73,1.07,0.09,-0.48512,-0.21907,0.5179,0.66966,-0.75,1.09,0.1,-0.31917,-0.09704,0.4744,0.81465,-0.77,1.1,0.13,-0.26139,-0.09508,0.56016,0.7803,-0.78,1.11,0.15,-0.26139,-0.09508,0.56016,0.7803,-0.71,1.08,0.09,-0.32016,-0.17897,-0.11772,0.92283,-0.73,1.12,0.13,-0.05495,-0.22261,-0.00636,0.97334,-0.75,1.12,0.16,0.32157,-0.21293,0.05296,0.92111,-0.76,1.11,0.18,0.45662,-0.17572,0.07571,0.86884,-0.76,1.09,0.19,0.45662,-0.17572,0.07571,0.86884,-0.7,1.08,0.1,-0.32016,-0.17897,-0.11772,0.92283,-0.71,1.12,0.14,-0.08961,-0.19196,-0.08648,0.97347,-0.73,1.13,0.17,0.37784,-0.21263,0.00072,0.90112,-0.74,1.11,0.19,0.57527,-0.19098,-0.01432,0.79523,-0.74,1.09,0.2,0.57527,-0.19098,-0.01432,0.79523,-0.68,1.08,0.1,-0.32016,-0.17897,-0.11772,0.92283,-0.69,1.11,0.14,-0.13498,-0.17028,-0.15412,0.96386,-0.7,1.12,0.18,0.41619,-0.24735,-0.07464,0.8718,-0.72,1.1,0.19,0.6596,-0.27611,-0.02564,0.69859,-0.73,1.08,0.19,0.6596,-0.27611,-0.02564,0.69859,-0.68,1.07,0.11,-0.23945,-0.11218,-0.34667,0.89994,-0.68,1.1,0.14,-0.25442,-0.1224,-0.2536,0.92519,-0.68,1.11,0.17,0.33304,-0.25388,-0.21634,0.88195,-0.69,1.1,0.18,0.60725,-0.35391,-0.12833,0.69966,-0.71,1.09,0.18,0.60725,-0.35391,-0.12833,0.69966,-0.81,1.08,0.19
-0.79,1.45,-0.17,-0.79,1.45,-0.17,-0.86,1.09,0.11,0.32279,-0.06242,-0.19401,-0.92427,-0.86,1.06,0.06,0.32279,-0.06242,-0.19401,-0.92427,-0.83,1.08,0.09,0.42283,-0.16806,0.49822,-0.73806,-0.8,1.09,0.11,0.18507,-0.01167,0.44696,-0.87512,-0.8,1.1,0.14,0.0638,0.00849,0.52221,-0.85038,-0.8,1.1,0.16,0.0638,0.00849,0.52221,-0.85038,-0.84,1.08,0.09,0.32279,-0.06242,-0.19401,-0.92427,-0.84,1.12,0.13,0.00189,-0.09772,-0.13353,-0.98621,-0.83,1.12,0.17,-0.40125,-0.14746,-0.10757,-0.8976,-0.82,1.1,0.18,-0.56004,-0.13705,-0.08565,-0.81255,-0.81,1.08,0.19,-0.56004,-0.13705,-0.08565,-0.81255,-0.85,1.07,0.09,0.32279,-0.06242,-0.19401,-0.92427,-0.86,1.11,0.13,0.05979,-0.07684,-0.20066,-0.97481,-0.85,1.12,0.17,-0.39674,-0.16268,-0.15522,-0.88997,-0.84,1.1,0.19,-0.59806,-0.1762,-0.17503,-0.762,-0.83,1.08,0.2,-0.59806,-0.1762,-0.17503,-0.762,-0.87,1.07,0.09,0.32279,-0.06242,-0.19401,-0.92427,-0.87,1.1,0.13,0.13219,-0.05651,-0.25631,-0.95584,-0.87,1.11,0.17,-0.36059,-0.19565,-0.23169,-0.88205,-0.86,1.1,0.19,-0.59609,-0.27347,-0.19176,-0.73015,-0.84,1.08,0.19,-0.59609,-0.27347,-0.19176,-0.73015,-0.88,1.06,0.09,0.25539,-0.00109,-0.42333,-0.86923,-0.89,1.08,0.13,0.1889,-0.0609,-0.32675,-0.92404,-0.89,1.1,0.16,-0.27506,-0.20228,-0.33271,-0.87905,-0.88,1.09,0.18,-0.50735,-0.33323,-0.26865,-0.74792,-0.86,1.08,0.18,-0.50735,-0.33323,-0.26865,-0.74792,-0.7,1.1,0.11,-0.36298,-0.20365,-0.10983,0.90261,-0.68,1.06,0.07,-0.36298,-0.20365,-0.10983,0.90261,-0.72,1.07,0.09,-0.46783,-0.21706,0.58676,0.62428,-0.75,1.08,0.1,-0.31052,-0.07519,0.54611,0.7744,-0.76,1.09,0.13,-0.23825,-0.05994,0.62673,0.7395,-0.77,1.1,0.15,-0.23825,-0.05994,0.62673,0.7395,-0.71,1.08,0.09,-0.36298,-0.20365,-0.10983,0.90261,-0.73,1.12,0.12,-0.08349,-0.23492,0.0094,0.96838,-0.75,1.12,0.16,0.30393,-0.2183,0.07485,0.92432,-0.76,1.11,0.17,0.44139,-0.1778,0.09817,0.87403,-0.76,1.09,0.19,0.44139,-0.1778,0.09817,0.87403,-0.7,1.08,0.09,-0.36298,-0.20365,-0.10983,0.90261,-0.71,1.12,0.13,-0.09822,-0.21568,-0.06609,0.96926,-0.73,1.13,0.17,0.37847,-0.22383,0.03234,0.89756,-0.74,1.11,0.18,0.59667,-0.19306,0.02212,0.7786,-0.74,1.09,0.19,0.59667,-0.19306,0.02212,0.7786,-0.68,1.08,0.1,-0.36298,-0.20365,-0.10983,0.90261,-0.69,1.11,0.14,-0.13737,-0.19835,-0.13646,0.96082,-0.71,1.12,0.17,0.41662,-0.2614,-0.04368,0.86959,-0.72,1.11,0.18,0.67949,-0.27853,0.01419,0.67861,-0.73,1.08,0.18,0.67949,-0.27853,0.01419,0.67861,-0.67,1.07,0.11,-0.27728,-0.14763,-0.34041,0.88625,-0.68,1.1,0.14,-0.24235,-0.16666,-0.24108,0.92486,-0.68,1.11,0.17,0.35595,-0.28373,-0.17799,0.87242,-0.69,1.1,0.18,0.6397,-0.36912,-0.077,0.66978,-0.71,1.09,0.18,0.6397,-0.36912,-0.077,0.66978,-0.81,1.08,0.19
-0.79,1.45,-0.17,-0.79,1.45,-0.17,-0.86,1.09,0.11,0.32594,-0.06006,-0.19942,-0.92216,-0.86,1.06,0.06,0.32594,-0.06006,-0.19942,-0.92216,-0.83,1.08,0.09,0.41656,-0.15851,0.5023,-0.74098,-0.81,1.09,0.11,0.18389,-0.00324,0.44763,-0.8751,-0.8,1.1,0.14,0.06348,0.01589,0.52203,-0.85041,-0.8,1.11,0.16,0.06348,0.01589,0.52203,-0.85041,-0.84,1.08,0.09,0.32594,-0.06006,-0.19942,-0.92216,-0.84,1.12,0.13,-0.01993,-0.10199,-0.13524,-0.98535,-0.83,1.12,0.17,-0.4171,-0.15102,-0.1081,-0.88968,-0.82,1.1,0.18,-0.56894,-0.13991,-0.08609,-0.80581,-0.81,1.08,0.19,-0.56894,-0.13991,-0.08609,-0.80581,-0.85,1.07,0.09,0.32594,-0.06006,-0.19942,-0.92216,-0.86,1.12,0.13,0.04683,-0.08158,-0.20394,-0.97445,-0.85,1.12,0.17,-0.41212,-0.16893,-0.15521,-0.88178,-0.84,1.1,0.19,-0.61428,-0.1816,-0.17281,-0.74821,-0.83,1.08,0.19,-0.61428,-0.1816,-0.17281,-0.74821,-0.87,1.07,0.09,0.32594,-0.06006,-0.19942,-0.92216,-0.87,1.1,0.13,0.1236,-0.05911,-0.26113,-0.95553,-0.87,1.11,0.17,-0.37521,-0.20182,-0.23316,-0.87414,-0.86,1.1,0.19,-0.61334,-0.28037,-0.19,-0.71352,-0.84,1.08,0.19,-0.61334,-0.28037,-0.19,-0.71352,-0.88,1.06,0.09,0.25822,0.00014,-0.42861,-0.8658,-0.89,1.08,0.13,0.18376,-0.06217,-0.33238,-0.92298,-0.89,1.1,0.16,-0.29088,-0.20989,-0.33469,-0.87138,-0.88,1.09,0.18,-0.53071,-0.34421,-0.26463,-0.72789,-0.86,1.08,0.18,-0.53071,-0.34421,-0.26463,-0.72789,-0.7,1.1,0.11,-0.35328,-0.20618,-0.10138,0.90687,-0.68,1.06,0.07,-0.35328,-0.20618,-0.10138,0.90687,-0.72,1.07,0.09,-0.43076,-0.23387,0.61885,0.61382,-0.75,1.07,0.11,-0.27838,-0.08187,0.58363,0.75841,-0.76,1.09,0.13,-0.20872,-0.06871,0.6613,0.71722,-0.77,1.09,0.16,-0.20872,-0.06871,0.6613,0.71722,-0.71,1.07,0.09,-0.35328,-0.20618,-0.10138,0.90687,-0.73,1.12,0.12,-0.02454,-0.23405,0.03148,0.9714,-0.75,1.12,0.16,0.33032,-0.21034,0.08784,0.91593,-0.76,1.1,0.17,0.45431,-0.16905,0.10808,0.86795,-0.76,1.08,0.19,0.45431,-0.16905,0.10808,0.86795,-0.7,1.07,0.09,-0.35328,-0.20618,-0.10138,0.90687,-0.71,1.12,0.13,-0.08072,-0.21217,-0.05836,0.97214,-0.73,1.13,0.17,0.37065,-0.2178,0.0315,0.90232,-0.74,1.11,0.19,0.57597,-0.18927,0.01771,0.79506,-0.74,1.08,0.19,0.57597,-0.18927,0.01771,0.79506,-0.68,1.07,0.1,-0.35328,-0.20618,-0.10138,0.90687,-0.69,1.11,0.14,-0.12923,-0.19079,-0.13216,0.96407,-0.71,1.12,0.17,0.39454,-0.25109,-0.0525,0.88235,-0.72,1.1,0.19,0.65324,-0.27309,0.00016,0.70619,-0.73,1.08,0.19,0.65324,-0.27309,0.00016,0.70619,-0.67,1.07,0.11,-0.26847,-0.14731,-0.33169,0.8923,-0.68,1.1,0.14,-0.23117,-0.16306,-0.23346,0.93031,-0.68,1.11,0.17,0.34459,-0.27119,-0.18033,0.88045,-0.69,1.1,0.18,0.62117,-0.35777,-0.08822,0.69164,-0.71,1.08,0.18,0.62117,-0.35777,-0.08822,0.69164,-0.81,1.08,0.19
-0.79,1.45,-0.17,-0.79,1.45,-0.17,-0.86,1.1,0.11,0.33682,-0.06191,-0.19649,-0.91876,-0.86,1.06,0.06,0.33682,-0.06191,-0.19649,-0.91876,-0.83,1.08,0.09,0.41667,-0.14843,0.51268,-0.73588,-0.81,1.09,0.11,0.19012,0.0074,0.4547,-0.87009,-0.8,1.1,0.14,0.06008,0.03344,0.52671,-0.84726,-0.8,1.11,0.16,0.06008,0.03344,0.52671,-0.84726,-0.84,1.08,0.09,0.33682,-0.06191,-0.19649,-0.91876,-0.84,1.12,0.13,-0.03358,-0.1089,-0.12602,-0.98546,-0.83,1.12,0.16,-0.42387,-0.15262,-0.098,-0.88738,-0.82,1.1,0.18,-0.56878,-0.13899,-0.07689,-0.807,-0.81,1.08,0.19,-0.56878,-0.13899,-0.07689,-0.807,-0.85,1.07,0.09,0.33682,-0.06191,-0.19649,-0.91876,-0.86,1.12,0.13,0.04555,-0.08853,-0.19779,-0.97517,-0.85,1.12,0.17,-0.41369,-0.17221,-0.14655,-0.88189,-0.84,1.1,0.19,-0.61689,-0.18277,-0.16356,-0.74786,-0.83,1.08,0.19,-0.61689,-0.18277,-0.16356,-0.74786,-0.87,1.07,0.09,0.33682,-0.06191,-0.19649,-0.91876,-0.87,1.1,0.13,0.12533,-0.06425,-0.25745,-0.95597,-0.87,1.11,0.17,-0.37594,-0.20489,-0.22703,-0.87473,-0.86,1.1,0.19,-0.61654,-0.28188,-0.18262,-0.71209,-0.84,1.08,0.19,-0.61654,-0.28188,-0.18262,-0.71209,-0.88,1.07,0.09,0.26884,-0.00432,-0.42656,-0.86357,-0.89,1.09,0.13,0.18592,-0.06714,-0.3299,-0.92309,-0.89,1.1,0.16,-0.29134,-0.21392,-0.32981,-0.87211,-0.88,1.09,0.18,-0.53427,-0.3474,-0.25763,-0.72628,-0.86,1.08,0.18,-0.53427,-0.3474,-0.25763,-0.72628,-0.7,1.09,0.11,-0.34271,-0.19678,-0.10855,0.91217,-0.68,1.05,0.07,-0.34271,-0.19678,-0.10855,0.91217,-0.72,1.07,0.09,-0.42206,-0.22762,0.61277,0.62814,-0.75,1.07,0.11,-0.26302,-0.07302,0.57612,0.77044,-0.76,1.08,0.14,-0.1928,-0.06251,0.65346,0.72932,-0.77,1.09,0.16,-0.1928,-0.06251,0.65346,0.72932,-0.71,1.07,0.09,-0.34271,-0.19678,-0.10855,0.91217,-0.73,1.11,0.13,0.01431,-0.22923,0.02998,0.97281,-0.75,1.11,0.16,0.34267,-0.20754,0.079,0.91283,-0.75,1.1,0.18,0.45279,-0.16873,0.09638,0.87019,-0.76,1.08,0.19,0.45279,-0.16873,0.09638,0.87019,-0.69,1.07,0.1,-0.34271,-0.19678,-0.10855,0.91217,-0.71,1.12,0.13,-0.0532,-0.20693,-0.0636,0.97484,-0.73,1.12,0.17,0.36789,-0.21584,0.01763,0.9043,-0.74,1.1,0.19,0.55336,-0.19204,0.00091,0.8105,-0.74,1.08,0.2,0.55336,-0.19204,0.00091,0.8105,-0.68,1.07,0.1,-0.34271,-0.19678,-0.10855,0.91217,-0.69,1.11,0.14,-0.11596,-0.18271,-0.14035,0.96616,-0.7,1.12,0.17,0.38318,-0.24637,-0.06994,0.88746,-0.72,1.1,0.19,0.62671,-0.27506,-0.02259,0.72875,-0.73,1.08,0.19,0.62671,-0.27506,-0.02259,0.72875,-0.67,1.07,0.11,-0.25908,-0.13541,-0.33842,0.89443,-0.68,1.09,0.14,-0.21595,-0.15305,-0.24065,0.93383,-0.68,1.11,0.17,0.32808,-0.25953,-0.19951,0.88612,-0.69,1.1,0.18,0.5851,-0.35119,-0.11901,0.72122,-0.71,1.08,0.18,0.5851,-0.35119,-0.11901,0.72122,-0.81,1.08,0.19
-0.79,1.45,-0.17,-0.79,1.45,-0.17,-0.86,1.1,0.11,0.34299,-0.0629,-0.18229,-0.91933,-0.86,1.06,0.06,0.34299,-0.0629,-0.18229,-0.91933,-0.83,1.08,0.09,0.41511,-0.14607,0.52687,-0.72715,-0.81,1.09,0.11,0.19023,0.01457,0.46837,-0.86269,-0.8,1.1,0.14,0.04782,0.0502,0.5371,-0.84066,-0.8,1.11,0.16,0.04782,0.0502,0.5371,-0.84066,-0.84,1.08,0.09,0.34299,-0.0629,-0.18229,-0.91933,-0.84,1.12,0.13,-0.03544,-0.1089,-0.10829,-0.9875,-0.83,1.12,0.16,-0.41473,-0.14445,-0.08371,-0.8945,-0.82,1.1,0.18,-0.55378,-0.12795,-0.06567,-0.82015,-0.81,1.08,0.19,-0.55378,-0.12795,-0.06567,-0.82015,-0.85,1.07,0.09,0.34299,-0.0629,-0.18229,-0.91933,-0.86,1.12,0.13,0.04618,-0.08962,-0.18148,-0.97821,-0.85,1.12,0.17,-0.41066,-0.16504,-0.13236,-0.88691,-0.84,1.1,0.19,-0.61385,-0.17263,-0.15188,-0.75519,-0.83,1.08,0.19,-0.61385,-0.17263,-0.15188,-0.75519,-0.87,1.07,0.09,0.34299,-0.0629,-0.18229,-0.91933,-0.87,1.1,0.13,0.12668,-0.06468,-0.24307,-0.95952,-0.87,1.11,0.17,-0.37486,-0.19763,-0.21496,-0.87989,-0.86,1.1,0.19,-0.61737,-0.27154,-0.17331,-0.71769,-0.84,1.08,0.19,-0.61737,-0.27154,-0.17331,-0.71769,-0.88,1.07,0.09,0.27658,-0.00622,-0.41378,-0.86732,-0.89,1.09,0.13,0.18722,-0.06662,-0.31715,-0.92732,-0.89,1.1,0.16,-0.2911,-0.20708,-0.31942,-0.87769,-0.88,1.09,0.18,-0.53593,-0.33781,-0.25005,-0.73222,-0.86,1.08,0.18,-0.53593,-0.33781,-0.25005,-0.73222,-0.7,1.09,0.12,-0.33909,-0.185,-0.12134,0.91437,-0.68,1.05,0.07,-0.33909,-0.185,-0.12134,0.91437,-0.72,1.07,0.09,-0.41813,-0.21655,0.60335,0.64362,-0.75,1.07,0.11,-0.24286,-0.05393,0.5651,0.78662,-0.76,1.09,0.14,-0.14291,-0.0233,0.64061,0.75409,-0.76,1.09,0.16,-0.14291,-0.0233,0.64061,0.75409,-0.71,1.07,0.09,-0.33909,-0.185,-0.12134,0.91437,-0.73,1.11,0.13,0.02266,-0.22541,0.0166,0.97386,-0.74,1.11,0.16,0.34138,-0.20882,0.06291,0.91427,-0.75,1.1,0.18,0.44252,-0.17271,0.07841,0.87647,-0.76,1.08,0.19,0.44252,-0.17271,0.07841,0.87647,-0.69,1.07,0.1,-0.33909,-0.185,-0.12134,0.91437,-0.71,1.11,0.13,-0.03863,-0.20328,-0.07478,0.9755,-0.72,1.12,0.17,0.38331,-0.21707,0.00642,0.89773,-0.73,1.1,0.19,0.56525,-0.19457,-0.00979,0.80159,-0.74,1.08,0.2,0.56525,-0.19457,-0.00979,0.80159,-0.68,1.07,0.1,-0.33909,-0.185,-0.12134,0.91437,-0.69,1.11,0.14,-0.10473,-0.17636,-0.15301,0.96671,-0.7,1.12,0.17,0.39372,-0.24674,-0.084,0.8815,-0.71,1.1,0.19,0.63132,-0.27919,-0.03714,0.72257,-0.72,1.08,0.19,0.63132,-0.27919,-0.03714,0.72257,-0.67,1.07,0.11,-0.25618,-0.12319,-0.35097,0.8922,-0.67,1.09,0.14,-0.1993,-0.14669,-0.25244,0.93543,-0.68,1.11,0.17,0.33196,-0.25667,-0.21532,0.88179,-0.69,1.1,0.18,0.57967,-0.35232,-0.13812,0.72164,-0.71,1.08,0.19,0.57967,-0.35232,-0.13812,0.72164,-0.81,1.08,0.19
-0.79,1.45,-0.17,-0.79,1.45,-0.17,-0.86,1.09,0.11,0.34139,-0.06664,-0.17029,-0.92196,-0.86,1.06,0.06,0.34139,-0.06664,-0.17029,-0.92196,-0.83,1.07,0.09,0.41173,-0.15283,0.53676,-0.72043,-0.81,1.09,0.11,0.1819,0.01506,0.48082,-0.85761,-0.8,1.1,0.14,0.03539,0.05475,0.54789,-0.83401,-0.8,1.1,0.16,0.03539,0.05475,0.54789,-0.83401,-0.84,1.08,0.09,0.34139,-0.06664,-0.17029,-0.92196,-0.84,1.12,0.13,-0.03445,-0.10967,-0.09428,-0.98889,-0.83,1.12,0.17,-0.40468,-0.13902,-0.07205,-0.90096,-0.82,1.1,0.18,-0.54082,-0.12049,-0.05597,-0.83058,-0.81,1.08,0.19,-0.54082,-0.12049,-0.05597,-0.83058,-0.85,1.07,0.09,0.34139,-0.06664,-0.17029,-0.92196,-0.86,1.12,0.13,0.04431,-0.09181,-0.16732,-0.98062,-0.85,1.12,0.17,-0.40793,-0.15969,-0.11981,-0.89092,-0.84,1.1,0.19,-0.61006,-0.16456,-0.14139,-0.76208,-0.83,1.08,0.2,-0.61006,-0.16456,-0.14139,-0.76208,-0.87,1.07,0.09,0.34139,-0.06664,-0.17029,-0.92196,-0.87,1.1,0.13,0.12449,-0.06652,-0.23019,-0.96286,-0.87,1.11,0.17,-0.37583,-0.19202,-0.20365,-0.88341,-0.86,1.1,0.19,-0.61925,-0.26286,-0.16438,-0.7214,-0.84,1.08,0.19,-0.61925,-0.26286,-0.16438,-0.7214,-0.88,1.07,0.1,0.2759,-0.00892,-0.40242,-0.87284,-0.89,1.09,0.13,0.18452,-0.06753,-0.30553,-0.93169,-0.89,1.1,0.16,-0.29472,-0.2018,-0.30923,-0.88136,-0.88,1.09,0.18,-0.54145,-0.32991,-0.24202,-0.73445,-0.86,1.08,0.18,-0.54145,-0.32991,-0.24202,-0.73445,-0.7,1.09,0.11,-0.34413,-0.18047,-0.12021,0.91354,-0.68,1.05,0.07,-0.34413,-0.18047,-0.12021,0.91354,-0.72,1.07,0.09,-0.42048,-0.20648,0.60381,0.64496,-0.74,1.08,0.11,-0.23261,-0.0347,0.56423,0.79141,-0.76,1.09,0.14,-0.08693,0.03067,0.63342,0.7683,-0.76,1.09,0.16,-0.08693,0.03067,0.63342,0.7683,-0.71,1.07,0.09,-0.34413,-0.18047,-0.12021,0.91354,-0.73,1.11,0.13,0.02767,-0.22418,0.02209,0.9739,-0.74,1.11,0.16,0.32851,-0.20701,0.0637,0.91933,-0.75,1.1,0.18,0.41549,-0.17206,0.07542,0.88999,-0.76,1.08,0.19,0.41549,-0.17206,0.07542,0.88999,-0.69,1.07,0.1,-0.34413,-0.18047,-0.12021,0.91354,-0.71,1.12,0.13,-0.03933,-0.20284,-0.07132,0.97582,-0.72,1.12,0.17,0.38587,-0.21518,0.01008,0.89705,-0.73,1.1,0.19,0.56832,-0.19179,-0.00645,0.80012,-0.74,1.08,0.2,0.56832,-0.19179,-0.00645,0.80012,-0.68,1.07,0.1,-0.34413,-0.18047,-0.12021,0.91354,-0.69,1.11,0.14,-0.10586,-0.17453,-0.15128,0.96718,-0.7,1.12,0.17,0.39719,-0.24472,-0.08233,0.88067,-0.71,1.1,0.19,0.63527,-0.27667,-0.03595,0.72014,-0.72,1.08,0.19,0.63527,-0.27667,-0.03595,0.72014,-0.67,1.07,0.11,-0.26217,-0.11994,-0.35049,0.89109,-0.67,1.09,0.14,-0.19409,-0.14763,-0.25037,0.93693,-0.68,1.11,0.17,0.33481,-0.25543,-0.21369,0.88147,-0.69,1.1,0.18,0.5822,-0.35061,-0.13716,0.72062,-0.7,1.08,0.18,0.5822,-0.35061,-0.13716,0.72062,-0.81,1.08,0.19
-0.79,1.45,-0.17,-0.79,1.45,-0.17,-0.85,1.09,0.11,0.33572,-0.07045,-0.16389,-0.92492,-0.86,1.06,0.06,0.33572,-0.07045,-0.16389,-0.92492,-0.83,1.07,0.09,0.40757,-0.16006,0.54117,-0.71792,-0.81,1.09,0.11,0.17292,0.01292,0.48788,-0.85552,-0.8,1.1,0.14,0.02392,0.05485,0.55413,-0.83027,-0.8,1.1,0.16,0.02392,0.05485,0.55413,-0.83027,-0.84,1.08,0.09,0.33572,-0.07045,-0.16389,-0.92492,-0.83,1.12,0.13,-0.03631,-0.1107,-0.0873,-0.98935,-0.83,1.12,0.17,-0.40199,-0.13697,-0.06593,-0.90294,-0.82,1.1,0.18,-0.5368,-0.11743,-0.05057,-0.83397,-0.81,1.08,0.19,-0.5368,-0.11743,-0.05057,-0.83397,-0.85,1.07,0.09,0.33572,-0.07045,-0.16389,-0.92492,-0.86,1.12,0.13,0.03909,-0.09406,-0.15946,-0.98193,-0.85,1.12,0.17,-0.40575,-0.15712,-0.11311,-0.89325,-0.84,1.1,0.19,-0.60481,-0.16033,-0.136,-0.76812,-0.83,1.08,0.2,-0.60481,-0.16033,-0.136,-0.76812,-0.87,1.07,0.09,0.33572,-0.07045,-0.16389,-0.92492,-0.87,1.1,0.13,0.1197,-0.06879,-0.22271,-0.96506,-0.87,1.11,0.17,-0.37664,-0.18908,-0.1971,-0.88518,-0.86,1.1,0.19,-0.61909,-0.2579,-0.1595,-0.72441,-0.84,1.08,0.19,-0.61909,-0.2579,-0.1595,-0.72441,-0.88,1.07,0.1,0.27046,-0.0109,-0.39597,-0.87746,-0.89,1.09,0.13,0.17963,-0.06936,-0.29862,-0.93475,-0.89,1.1,0.16,-0.29789,-0.19883,-0.30291,-0.88316,-0.87,1.09,0.18,-0.54477,-0.32505,-0.23732,-0.7357,-0.86,1.08,0.18,-0.54477,-0.32505,-0.23732,-0.7357,-0.7,1.09,0.11,-0.35753,-0.17684,-0.11269,0.91006,-0.68,1.05,0.07,-0.35753,-0.17684,-0.11269,0.91006,-0.72,1.07,0.09,-0.42798,-0.19638,0.60856,0.63868,-0.74,1.08,0.11,-0.2379,-0.02116,0.56659,0.78863,-0.75,1.09,0.14,-0.05554,0.07418,0.62794,0.77272,-0.75,1.09,0.16,-0.05554,0.07418,0.62794,0.77272,-0.71,1.07,0.09,-0.35753,-0.17684,-0.11269,0.91006,-0.73,1.11,0.13,0.03485,-0.2228,0.0394,0.97344,-0.74,1.11,0.16,0.30945,-0.20237,0.07409,0.92617,-0.75,1.1,0.18,0.37711,-0.16825,0.08065,0.90718,-0.76,1.08,0.19,0.37711,-0.16825,0.08065,0.90718,-0.69,1.07,0.1,-0.35753,-0.17684,-0.11269,0.91006,-0.71,1.12,0.13,-0.04872,-0.20055,-0.06208,0.9765,-0.72,1.12,0.17,0.38539,-0.2091,0.01922,0.89854,-0.73,1.1,0.19,0.57325,-0.1837,0.0019,0.79852,-0.74,1.08,0.2,0.57325,-0.1837,0.0019,0.79852,-0.68,1.07,0.1,-0.35753,-0.17684,-0.11269,0.91006,-0.69,1.11,0.14,-0.11727,-0.17178,-0.14414,0.96745,-0.7,1.12,0.17,0.4069,-0.24069,-0.07256,0.8782,-0.71,1.1,0.19,0.65099,-0.26955,-0.02596,0.70914,-0.72,1.08,0.19,0.65099,-0.26955,-0.02596,0.70914,-0.67,1.07,0.11,-0.27701,-0.11955,-0.34444,0.88901,-0.67,1.09,0.14,-0.2003,-0.14794,-0.24321,0.93747,-0.68,1.11,0.17,0.33465,-0.25352,-0.2064,0.88382,-0.69,1.1,0.18,0.58877,-0.34742,-0.12841,0.71844,-0.7,1.08,0.18,0.58877,-0.34742,-0.12841,0.71844,-0.81,1.08,0.19
-0.79,1.45,-0.17,-0.79,1.45,-0.17,-0.85,1.09,0.11,0.33493,-0.06983,-0.16365,-0.92529,-0.86,1.06,0.06,0.33493,-0.06983,-0.16365,-0.92529,-0.83,1.07,0.09,0.40738,-0.15904,0.54063,-0.71866,-0.81,1.09,0.11,0.17123,0.01454,0.48706,-0.85629,-0.8,1.1,0.14,0.01959,0.05781,0.55271,-0.83114,-0.8,1.1,0.16,0.01959,0.05781,0.55271,-0.83114,-0.84,1.08,0.09,0.33493,-0.06983,-0.16365,-0.92529,-0.83,1.12,0.13,-0.0328,-0.10918,-0.08831,-0.98955,-0.83,1.12,0.17,-0.39723,-0.13592,-0.06766,-0.90508,-0.82,1.1,0.18,-0.53272,-0.11669,-0.05254,-0.83656,-0.81,1.08,0.19,-0.53272,-0.11669,-0.05254,-0.83656,-0.85,1.07,0.09,0.33493,-0.06983,-0.16365,-0.92529,-0.86,1.12,0.13,0.03885,-0.09323,-0.15949,-0.98202,-0.85,1.12,0.17,-0.40131,-0.15579,-0.11431,-0.89533,-0.84,1.1,0.19,-0.59905,-0.15944,-0.13776,-0.77249,-0.83,1.08,0.2,-0.59905,-0.15944,-0.13776,-0.77249,-0.87,1.07,0.09,0.33493,-0.06983,-0.16365,-0.92529,-0.87,1.1,0.13,0.12028,-0.06809,-0.22251,-0.96508,-0.87,1.11,0.17,-0.37292,-0.18771,-0.19788,-0.88687,-0.86,1.1,0.19,-0.61463,-0.25673,-0.16093,-0.7283,-0.84,1.08,0.19,-0.61463,-0.25673,-0.16093,-0.7283,-0.88,1.07,0.1,0.26986,-0.01008,-0.39571,-0.87777,-0.89,1.09,0.13,0.18102,-0.06877,-0.29817,-0.93467,-0.89,1.1,0.16,-0.29447,-0.19752,-0.3032,-0.8845,-0.88,1.09,0.18,-0.54171,-0.32389,-0.23792,-0.73827,-0.86,1.08,0.18,-0.54171,-0.32389,-0.23792,-0.73827,-0.7,1.09,0.11,-0.37201,-0.1723,-0.11341,0.90502,-0.68,1.05,0.07,-0.37201,-0.1723,-0.11341,0.90502,-0.72,1.07,0.09,-0.43741,-0.18535,0.60782,0.63629,-0.74,1.08,0.11,-0.24641,-0.01021,0.5627,0.78902,-0.75,1.09,0.14,-0.04762,0.09716,0.61926,0.7777,-0.75,1.1,0.16,-0.04762,0.09716,0.61926,0.7777,-0.71,1.07,0.09,-0.37201,-0.1723,-0.11341,0.90502,-0.73,1.12,0.13,0.03822,-0.22093,0.0459,0.97346,-0.74,1.11,0.16,0.30305,-0.19949,0.07773,0.92861,-0.75,1.1,0.18,0.3592,-0.16612,0.08152,0.91473,-0.75,1.08,0.19,0.3592,-0.16612,0.08152,0.91473,-0.69,1.07,0.1,-0.37201,-0.1723,-0.11341,0.90502,-0.7,1.12,0.13,-0.05388,-0.19865,-0.06101,0.97668,-0.72,1.12,0.17,0.40225,-0.20645,0.02426,0.89162,-0.73,1.1,0.19,0.6038,-0.17769,0.00857,0.77703,-0.74,1.08,0.19,0.6038,-0.17769,0.00857,0.77703,-0.68,1.07,0.1,-0.37201,-0.1723,-0.11341,0.90502,-0.69,1.11,0.14,-0.12115,-0.17083,-0.14397,0.96717,-0.7,1.12,0.17,0.43223,-0.24192,-0.06556,0.86623,-0.71,1.1,0.18,0.68826,-0.26701,-0.01441,0.67438,-0.72,1.08,0.18,0.68826,-0.26701,-0.01441,0.67438,-0.67,1.07,0.1,-0.29196,-0.11887,-0.34622,0.88361,-0.67,1.1,0.14,-0.20096,-0.14949,-0.24382,0.93692,-0.68,1.11,0.17,0.35076,-0.25878,-0.20197,0.87705,-0.69,1.1,0.18,0.61751,-0.35268,-0.11641,0.69336,-0.7,1.08,0.18,0.61751,-0.35268,-0.11641,0.69336,-0.81,1.08,0.19
-0.79,1.45,-0.17,-0.79,1.45,-0.17,-0.86,1.09,0.11,0.33366,-0.06816,-0.16683,-0.92531,-0.86,1.06,0.06,0.33366,-0.06816,-0.16683,-0.92531,-0.83,1.07,0.09,0.40716,-0.15631,0.53747,-0.72174,-0.81,1.09,0.11,0.16883,0.01704,0.48306,-0.85899,-0.8,1.1,0.14,0.0142,0.06111,0.54808,-0.83407,-0.8,1.1,0.16,0.0142,0.06111,0.54808,-0.83407,-0.84,1.08,0.09,0.33366,-0.06816,-0.16683,-0.92531,-0.83,1.12,0.13,-0.02835,-0.10617,-0.09443,-0.98945,-0.83,1.12,0.17,-0.39552,-0.13569,-0.07404,-0.90535,-0.82,1.1,0.18,-0.53432,-0.11772,-0.05842,-0.835,-0.81,1.08,0.19,-0.53432,-0.11772,-0.05842,-0.835,-0.85,1.07,0.09,0.33366,-0.06816,-0.16683,-0.92531,-0.86,1.11,0.13,0.03851,-0.09204,-0.16332,-0.98152,-0.85,1.12,0.17,-0.40096,-0.15637,-0.11834,-0.89486,-0.84,1.1,0.19,-0.59875,-0.16093,-0.14149,-0.77174,-0.83,1.08,0.2,-0.59875,-0.16093,-0.14149,-0.77174,-0.87,1.07,0.09,0.33366,-0.06816,-0.16683,-0.92531,-0.87,1.1,0.13,0.12074,-0.06719,-0.22572,-0.96434,-0.87,1.11,0.17,-0.37102,-0.1883,-0.20127,-0.88678,-0.86,1.1,0.19,-0.61266,-0.25832,-0.16395,-0.72872,-0.84,1.08,0.19,-0.61266,-0.25832,-0.16395,-0.72872,-0.88,1.06,0.1,0.26853,-0.00826,-0.39864,-0.87687,-0.89,1.09,0.13,0.18316,-0.0689,-0.30049,-0.9335,-0.89,1.1,0.16,-0.29168,-0.19879,-0.30519,-0.88446,-0.88,1.09,0.18,-0.54083,-0.32624,-0.23857,-0.73768,-0.86,1.08,0.18,-0.54083,-0.32624,-0.23857,-0.73768,-0.7,1.1,0.11,-0.39449,-0.16876,-0.12575,0.89447,-0.68,1.05,0.07,-0.39449,-0.16876,-0.12575,0.89447,-0.72,1.07,0.09,-0.45225,-0.16768,0.60231,0.63607,-0.74,1.08,0.11,-0.25934,0.00564,0.5519,0.79254,-0.75,1.09,0.14,-0.04312,0.12311,0.60248,0.7874,-0.75,1.1,0.16,-0.04312,0.12311,0.60248,0.7874,-0.71,1.07,0.09,-0.39449,-0.16876,-0.12575,0.89447,-0.72,1.12,0.12,0.05412,-0.21861,0.0431,0.97336,-0.74,1.12,0.16,0.34557,-0.19531,0.08031,0.91432,-0.75,1.1,0.17,0.40103,-0.16141,0.08523,0.8977,-0.75,1.08,0.19,0.40103,-0.16141,0.08523,0.8977,-0.69,1.07,0.09,-0.39449,-0.16876,-0.12575,0.89447,-0.7,1.12,0.13,-0.03563,-0.20277,-0.06462,0.97644,-0.72,1.12,0.17,0.47294,-0.20962,0.03601,0.85504,-0.73,1.1,0.18,0.7018,-0.16857,0.02761,0.69159,-0.73,1.08,0.18,0.7018,-0.16857,0.02761,0.69159,-0.68,1.07,0.1,-0.39449,-0.16876,-0.12575,0.89447,-0.69,1.11,0.13,-0.10007,-0.17992,-0.14831,0.96727,-0.7,1.12,0.17,0.49303,-0.25344,-0.05278,0.8306,-0.71,1.1,0.18,0.76501,-0.26862,0.01102,0.58522,-0.72,1.08,0.17,0.76501,-0.26862,0.01102,0.58522,-0.67,1.07,0.1,-0.31292,-0.12181,-0.35919,0.87076,-0.67,1.1,0.14,-0.1878,-0.16179,-0.25283,0.93522,-0.68,1.11,0.16,0.39579,-0.27992,-0.1934,0.85299,-0.69,1.1,0.18,0.67962,-0.37137,-0.08897,0.62632,-0.7,1.08,0.17,0.67962,-0.37137,-0.08897,0.62632,-0.81,1.08,0.19
-0.79,1.45,-0.17,-0.79,1.45,-0.17,-0.86,1.09,0.11,0.33223,-0.06923,-0.17392,-0.92444,-0.86,1.06,0.06,0.33223,-0.06923,-0.17392,-0.92444,-0.83,1.07,0.09,0.40665,-0.15623,0.53342,-0.72505,-0.81,1.09,0.11,0.16365,0.01803,0.47913,-0.86217,-0.8,1.1,0.14,0.00683,0.06218,0.54376,-0.83691,-0.8,1.1,0.16,0.00683,0.06218,0.54376,-0.83691,-0.84,1.08,0.09,0.33223,-0.06923,-0.17392,-0.92444,-0.83,1.12,0.13,-0.0213,-0.1055,-0.10455,-0.98868,-0.83,1.12,0.17,-0.39362,-0.13947,-0.08287,-0.90484,-0.82,1.1,0.18,-0.53891,-0.12344,-0.06553,-0.83069,-0.81,1.08,0.19,-0.53891,-0.12344,-0.06553,-0.83069,-0.85,1.07,0.09,0.33223,-0.06923,-0.17392,-0.92444,-0.86,1.12,0.13,0.04239,-0.0926,-0.17136,-0.97993,-0.85,1.12,0.17,-0.39723,-0.16053,-0.12519,-0.89486,-0.84,1.1,0.19,-0.59632,-0.16686,-0.14708,-0.77132,-0.83,1.08,0.2,-0.59632,-0.16686,-0.14708,-0.77132,-0.87,1.07,0.09,0.33223,-0.06923,-0.17392,-0.92444,-0.87,1.1,0.13,0.12384,-0.0681,-0.23287,-0.96218,-0.87,1.11,0.17,-0.36717,-0.19272,-0.2069,-0.88614,-0.86,1.1,0.19,-0.60958,-0.26439,-0.16766,-0.72829,-0.84,1.08,0.19,-0.60958,-0.26439,-0.16766,-0.72829,-0.88,1.07,0.09,0.26595,-0.00925,-0.40511,-0.87469,-0.89,1.09,0.13,0.18502,-0.07129,-0.3065,-0.93099,-0.89,1.1,0.16,-0.28958,-0.20405,-0.30911,-0.88259,-0.87,1.09,0.18,-0.5427,-0.3337,-0.23867,-0.73291,-0.86,1.08,0.18,-0.5427,-0.3337,-0.23867,-0.73291,-0.7,1.1,0.11,-0.44687,-0.16643,-0.12832,0.86956,-0.68,1.05,0.07,-0.44687,-0.16643,-0.12832,0.86956,-0.72,1.07,0.09,-0.46886,-0.1346,0.61879,0.61576,-0.74,1.09,0.11,-0.27879,0.04388,0.55903,0.77964,-0.75,1.1,0.13,-0.05351,0.17024,0.59768,0.78162,-0.75,1.11,0.16,-0.05351,0.17024,0.59768,0.78162,-0.71,1.08,0.09,-0.44687,-0.16643,-0.12832,0.86956,-0.72,1.13,0.11,0.04432,-0.20804,0.04765,0.97595,-0.74,1.12,0.15,0.48915,-0.16758,0.1121,0.84858,-0.74,1.1,0.16,0.60775,-0.12123,0.13231,0.77359,-0.74,1.08,0.17,0.60775,-0.12123,0.13231,0.77359,-0.69,1.08,0.09,-0.44687,-0.16643,-0.12832,0.86956,-0.7,1.13,0.12,-0.02317,-0.20625,-0.05299,0.97679,-0.72,1.13,0.16,0.56971,-0.20028,0.0688,0.79409,-0.72,1.11,0.17,0.84368,-0.12695,0.06881,0.51706,-0.72,1.08,0.16,0.84368,-0.12695,0.06881,0.51706,-0.68,1.08,0.1,-0.44687,-0.16643,-0.12832,0.86956,-0.68,1.12,0.13,-0.09334,-0.19322,-0.13876,0.9668,-0.7,1.13,0.16,0.56376,-0.25954,-0.01808,0.78389,-0.71,1.1,0.17,0.86373,-0.24705,0.06584,0.43429,-0.71,1.09,0.15,0.86373,-0.24705,0.06584,0.43429,-0.67,1.07,0.1,-0.3642,-0.13394,-0.36392,0.84675,-0.67,1.1,0.13,-0.19154,-0.17947,-0.25276,0.93124,-0.68,1.12,0.16,0.46067,-0.3071,-0.16164,0.81691,-0.69,1.11,0.17,0.78089,-0.38299,-0.01723,0.49318,-0.7,1.09,0.16,0.78089,-0.38299,-0.01723,0.49318,-0.81,1.08,0.19
-0.79,1.46,-0.17,-0.79,1.46,-0.17,-0.86,1.09,0.11,0.32786,-0.06989,-0.17358,-0.92601,-0.86,1.06,0.06,0.32786,-0.06989,-0.17358,-0.92601,-0.83,1.07,0.09,0.40133,-0.15998,0.5353,-0.72581,-0.81,1.09,0.11,0.15478,0.01747,0.48241,-0.86199,-0.8,1.1,0.14,-0.00359,0.06251,0.54639,-0.83519,-0.8,1.1,0.16,-0.00359,0.06251,0.54639,-0.83519,-0.84,1.08,0.09,0.32786,-0.06989,-0.17358,-0.92601,-0.83,1.12,0.13,-0.01956,-0.10367,-0.10616,-0.98874,-0.83,1.12,0.17,-0.39306,-0.13852,-0.08488,-0.90505,-0.82,1.1,0.18,-0.54188,-0.12316,-0.0671,-0.82867,-0.81,1.08,0.19,-0.54188,-0.12316,-0.0671,-0.82867,-0.85,1.07,0.09,0.32786,-0.06989,-0.17358,-0.92601,-0.86,1.12,0.13,0.04213,-0.09053,-0.17228,-0.97997,-0.85,1.12,0.17,-0.39816,-0.15919,-0.12682,-0.89445,-0.84,1.1,0.19,-0.59877,-0.16606,-0.14874,-0.76927,-0.83,1.08,0.2,-0.59877,-0.16606,-0.14874,-0.76927,-0.87,1.07,0.09,0.32786,-0.06989,-0.17358,-0.92601,-0.87,1.1,0.13,0.12157,-0.06665,-0.23299,-0.96255,-0.87,1.11,0.17,-0.37005,-0.19161,-0.20761,-0.88501,-0.86,1.1,0.19,-0.61394,-0.26377,-0.16818,-0.72472,-0.84,1.08,0.19,-0.61394,-0.26377,-0.16818,-0.72472,-0.88,1.07,0.09,0.2616,-0.00876,-0.40448,-0.87629,-0.89,1.09,0.13,0.18105,-0.07096,-0.30603,-0.93195,-0.89,1.1,0.16,-0.29429,-0.20349,-0.3087,-0.8813,-0.87,1.09,0.18,-0.55086,-0.33416,-0.23703,-0.72712,-0.86,1.08,0.18,-0.55086,-0.33416,-0.23703,-0.72712,-0.7,1.11,0.1,-0.50094,-0.17233,-0.12404,0.83904,-0.68,1.05,0.07,-0.50094,-0.17233,-0.12404,0.83904,-0.72,1.08,0.09,-0.49134,-0.10343,0.63552,0.58652,-0.74,1.09,0.1,-0.30373,0.0818,0.56681,0.76144,-0.75,1.11,0.13,-0.07052,0.2179,0.59238,0.77242,-0.75,1.12,0.15,-0.07052,0.2179,0.59238,0.77242,-0.71,1.08,0.08,-0.50094,-0.17233,-0.12404,0.83904,-0.72,1.13,0.1,-0.01586,-0.20452,0.05166,0.97737,-0.74,1.13,0.14,0.51922,-0.15237,0.12992,0.83086,-0.74,1.11,0.15,0.70175,-0.09034,0.15926,0.68849,-0.74,1.09,0.15,0.70175,-0.09034,0.15926,0.68849,-0.69,1.08,0.09,-0.50094,-0.17233,-0.12404,0.83904,-0.7,1.13,0.11,-0.04262,-0.21224,-0.03689,0.97559,-0.72,1.14,0.15,0.58319,-0.1923,0.09253,0.78381,-0.72,1.11,0.15,0.88557,-0.09723,0.09217,0.44477,-0.72,1.09,0.14,0.88557,-0.09723,0.09217,0.44477,-0.68,1.08,0.09,-0.50094,-0.17233,-0.12404,0.83904,-0.68,1.13,0.12,-0.1145,-0.20737,-0.12421,0.96357,-0.7,1.14,0.15,0.57736,-0.26084,0.01223,0.77361,-0.71,1.11,0.16,0.89996,-0.22231,0.10689,0.35947,-0.71,1.1,0.14,0.89996,-0.22231,0.10689,0.35947,-0.67,1.08,0.1,-0.41648,-0.15505,-0.36093,0.8199,-0.67,1.11,0.13,-0.22435,-0.19699,-0.2472,0.92182,-0.68,1.13,0.15,0.47227,-0.32578,-0.13155,0.80841,-0.69,1.11,0.16,0.81943,-0.38071,0.04141,0.42648,-0.7,1.1,0.14,0.81943,-0.38071,0.04141,0.42648,-0.81,1.08,0.19
-0.79,1.46,-0.17,-0.79,1.46,-0.17,-0.86,1.1,0.11,0.32719,-0.0679,-0.17182,-0.92672,-0.86,1.06,0.06,0.32719,-0.0679,-0.17182,-0.92672,-0.83,1.08,0.09,0.39777,-0.16029,0.53807,-0.72565,-0.81,1.09,0.11,0.15059,0.01889,0.48532,-0.86106,-0.8,1.1,0.14,-0.00844,0.06448,0.54867,-0.83351,-0.8,1.1,0.16,-0.00844,0.06448,0.54867,-0.83351,-0.84,1.08,0.09,0.32719,-0.0679,-0.17182,-0.92672,-0.83,1.12,0.13,-0.01424,-0.09894,-0.10721,-0.9892,-0.83,1.12,0.17,-0.39143,-0.135,-0.08714,-0.90607,-0.82,1.1,0.18,-0.54457,-0.12047,-0.06927,-0.82712,-0.81,1.08,0.19,-0.54457,-0.12047,-0.06927,-0.82712,-0.85,1.07,0.09,0.32719,-0.0679,-0.17182,-0.92672,-0.86,1.12,0.13,0.04473,-0.08564,-0.17267,-0.98023,-0.85,1.12,0.17,-0.3989,-0.15544,-0.12882,-0.89449,-0.84,1.1,0.19,-0.60386,-0.16337,-0.15103,-0.76541,-0.83,1.08,0.2,-0.60386,-0.16337,-0.15103,-0.76541,-0.87,1.07,0.09,0.32719,-0.0679,-0.17182,-0.92672,-0.87,1.1,0.13,0.12256,-0.06264,-0.23242,-0.96283,-0.87,1.11,0.17,-0.37194,-0.18851,-0.20858,-0.88466,-0.86,1.1,0.19,-0.61925,-0.26167,-0.16905,-0.72075,-0.84,1.08,0.19,-0.61925,-0.26167,-0.16905,-0.72075,-0.88,1.07,0.09,0.26159,-0.00656,-0.40287,-0.87705,-0.89,1.09,0.13,0.18053,-0.06835,-0.30473,-0.93267,-0.89,1.1,0.16,-0.29733,-0.20135,-0.3084,-0.88088,-0.87,1.09,0.18,-0.55804,-0.33329,-0.23579,-0.72244,-0.86,1.08,0.18,-0.55804,-0.33329,-0.23579,-0.72244,-0.7,1.11,0.09,-0.53611,-0.17024,-0.10619,0.81996,-0.68,1.05,0.07,-0.53611,-0.17024,-0.10619,0.81996,-0.72,1.08,0.09,-0.50256,-0.07971,0.65281,0.56118,-0.74,1.09,0.1,-0.31501,0.11541,0.57669,0.74491,-0.75,1.11,0.13,-0.07712,0.25871,0.59005,0.7609,-0.74,1.12,0.15,-0.07712,0.25871,0.59005,0.7609,-0.71,1.08,0.08,-0.53611,-0.17024,-0.10619,0.81996,-0.72,1.14,0.1,-0.05866,-0.18881,0.06072,0.97838,-0.74,1.14,0.13,0.51535,-0.13037,0.13446,0.83627,-0.74,1.12,0.14,0.72596,-0.06206,0.16143,0.66564,-0.73,1.1,0.14,0.72596,-0.06206,0.16143,0.66564,-0.69,1.08,0.09,-0.53611,-0.17024,-0.10619,0.81996,-0.7,1.14,0.1,-0.05723,-0.20276,-0.01678,0.97741,-0.72,1.14,0.14,0.56713,-0.17323,0.10098,0.79885,-0.72,1.12,0.15,0.87599,-0.07827,0.09028,0.46729,-0.72,1.1,0.14,0.87599,-0.07827,0.09028,0.46729,-0.68,1.08,0.09,-0.53611,-0.17024,-0.10619,0.81996,-0.68,1.13,0.11,-0.12827,-0.2042,-0.10339,0.96497,-0.7,1.14,0.14,0.56174,-0.24529,0.02359,0.78976,-0.71,1.12,0.15,0.89446,-0.20417,0.10848,0.38275,-0.71,1.1,0.14,0.89446,-0.20417,0.10848,0.38275,-0.67,1.08,0.1,-0.45381,-0.16267,-0.34468,0.80548,-0.67,1.12,0.12,-0.25133,-0.20131,-0.2285,0.91875,-0.68,1.13,0.14,0.4475,-0.31843,-0.11581,0.82761,-0.69,1.12,0.15,0.808,-0.36715,0.0512,0.45795,-0.7,1.1,0.14,0.808,-0.36715,0.0512,0.45795,-0.81,1.08,0.19
-0.79,1.46,-0.17,-0.79,1.46,-0.17,-0.86,1.1,0.11,0.32989,-0.06637,-0.17055,-0.92611,-0.86,1.06,0.06,0.32989,-0.06637,-0.17055,-0.92611,-0.83,1.08,0.09,0.39778,-0.15821,0.54013,-0.72457,-0.81,1.09,0.11,0.14994,0.0222,0.48673,-0.8603,-0.8,1.1,0.14,-0.00994,0.06837,0.54935,-0.83273,-0.8,1.1,0.16,-0.00994,0.06837,0.54935,-0.83273,-0.84,1.08,0.09,0.32989,-0.06637,-0.17055,-0.92611,-0.83,1.12,0.13,-0.00897,-0.09495,-0.10825,-0.98954,-0.83,1.12,0.16,-0.39442,-0.13261,-0.08845,-0.905,-0.82,1.1,0.18,-0.55305,-0.1189,-0.06993,-0.82165,-0.81,1.08,0.19,-0.55305,-0.1189,-0.06993,-0.82165,-0.85,1.07,0.09,0.32989,-0.06637,-0.17055,-0.92611,-0.86,1.12,0.13,0.04826,-0.08245,-0.17288,-0.9803,-0.85,1.12,0.17,-0.39982,-0.15332,-0.12973,-0.89432,-0.84,1.1,0.19,-0.60874,-0.16196,-0.15194,-0.76165,-0.83,1.08,0.19,-0.60874,-0.16196,-0.15194,-0.76165,-0.87,1.07,0.09,0.32989,-0.06637,-0.17055,-0.92611,-0.87,1.1,0.13,0.12622,-0.06003,-0.2321,-0.9626,-0.87,1.11,0.17,-0.37116,-0.18684,-0.20905,-0.88523,-0.86,1.1,0.19,-0.62224,-0.26085,-0.16899,-0.71849,-0.84,1.08,0.19,-0.62224,-0.26085,-0.16899,-0.71849,-0.88,1.07,0.09,0.26471,-0.0057,-0.40192,-0.87656,-0.89,1.09,0.13,0.18376,-0.06669,-0.30391,-0.93243,-0.89,1.1,0.16,-0.29904,-0.20134,-0.30765,-0.88056,-0.88,1.09,0.17,-0.56531,-0.33465,-0.23282,-0.7171,-0.86,1.08,0.18,-0.56531,-0.33465,-0.23282,-0.7171,-0.7,1.11,0.09,-0.5568,-0.15091,-0.08308,0.81259,-0.68,1.05,0.07,-0.5568,-0.15091,-0.08308,0.81259,-0.72,1.08,0.09,-0.49488,-0.05756,0.67271,0.54703,-0.74,1.09,0.1,-0.31037,0.14638,0.58927,0.73144,-0.75,1.11,0.13,-0.07118,0.29381,0.5917,0.74733,-0.74,1.13,0.15,-0.07118,0.29381,0.5917,0.74733,-0.71,1.08,0.08,-0.5568,-0.15091,-0.08308,0.81259,-0.72,1.14,0.1,-0.08233,-0.15769,0.06699,0.98177,-0.73,1.14,0.13,0.51375,-0.09947,0.12398,0.84309,-0.73,1.12,0.14,0.73485,-0.03347,0.14331,0.66207,-0.73,1.1,0.14,0.73485,-0.03347,0.14331,0.66207,-0.69,1.08,0.08,-0.5568,-0.15091,-0.08308,0.81259,-0.7,1.14,0.1,-0.05706,-0.17481,-0.00225,0.98295,-0.71,1.14,0.14,0.56107,-0.14344,0.0932,0.8099,-0.72,1.12,0.15,0.86988,-0.05676,0.0693,0.48506,-0.72,1.1,0.14,0.86988,-0.05676,0.0693,0.48506,-0.68,1.08,0.09,-0.5568,-0.15091,-0.08308,0.81259,-0.68,1.13,0.11,-0.12867,-0.18046,-0.08693,0.97125,-0.69,1.14,0.14,0.55758,-0.21712,0.01764,0.80103,-0.7,1.12,0.15,0.89396,-0.18417,0.08806,0.39895,-0.7,1.1,0.13,0.89396,-0.18417,0.08806,0.39895,-0.67,1.08,0.09,-0.48122,-0.14884,-0.32404,0.80079,-0.67,1.12,0.11,-0.26607,-0.1823,-0.21189,0.92254,-0.67,1.14,0.14,0.44,-0.29485,-0.11588,0.84026,-0.69,1.12,0.15,0.80649,-0.34789,0.03798,0.47656,-0.69,1.11,0.14,0.80649,-0.34789,0.03798,0.47656,-0.81,1.08,0.19
-0.79,1.46,-0.17,-0.79,1.46,-0.17,-0.85,1.1,0.11,0.33271,-0.06779,-0.16918,-0.92525,-0.86,1.06,0.06,0.33271,-0.06779,-0.16918,-0.92525,-0.83,1.08,0.09,0.39865,-0.15842,0.54276,-0.72207,-0.81,1.09,0.11,0.1502,0.02352,0.48951,-0.85864,-0.8,1.1,0.14,-0.01332,0.07265,0.55113,-0.83114,-0.8,1.1,0.16,-0.01332,0.07265,0.55113,-0.83114,-0.84,1.08,0.09,0.33271,-0.06779,-0.16918,-0.92525,-0.83,1.12,0.13,-0.00531,-0.09397,-0.1079,-0.9897,-0.83,1.12,0.16,-0.39607,-0.13216,-0.08776,-0.90441,-0.82,1.1,0.18,-0.55866,-0.11872,-0.0686,-0.81799,-0.81,1.08,0.19,-0.55866,-0.11872,-0.0686,-0.81799,-0.85,1.08,0.09,0.33271,-0.06779,-0.16918,-0.92525,-0.86,1.12,0.13,0.0503,-0.08223,-0.17211,-0.98035,-0.85,1.12,0.17,-0.39978,-0.15305,-0.12885,-0.89451,-0.84,1.1,0.19,-0.61073,-0.16173,-0.15094,-0.76031,-0.83,1.08,0.19,-0.61073,-0.16173,-0.15094,-0.76031,-0.87,1.07,0.09,0.33271,-0.06779,-0.16918,-0.92525,-0.87,1.1,0.13,0.12856,-0.06016,-0.23126,-0.96248,-0.87,1.12,0.17,-0.37025,-0.18688,-0.208,-0.88585,-0.86,1.1,0.19,-0.62362,-0.26093,-0.1674,-0.71763,-0.84,1.08,0.19,-0.62362,-0.26093,-0.1674,-0.71763,-0.88,1.07,0.09,0.26735,-0.00776,-0.40078,-0.87626,-0.89,1.09,0.13,0.18688,-0.06717,-0.30287,-0.93211,-0.89,1.1,0.16,-0.29949,-0.2026,-0.30594,-0.88072,-0.87,1.09,0.17,-0.56932,-0.33622,-0.22937,-0.71429,-0.86,1.08,0.18,-0.56932,-0.33622,-0.22937,-0.71429,-0.7,1.11,0.1,-0.53267,-0.13526,-0.07225,0.83231,-0.68,1.05,0.07,-0.53267,-0.13526,-0.07225,0.83231,-0.72,1.08,0.09,-0.4644,-0.07517,0.6838,0.55777,-0.74,1.09,0.11,-0.27313,0.13967,0.60529,0.73452,-0.75,1.11,0.13,-0.03141,0.29141,0.60622,0.73932,-0.74,1.12,0.15,-0.03141,0.29141,0.60622,0.73932,-0.71,1.08,0.08,-0.53267,-0.13526,-0.07225,0.83231,-0.72,1.13,0.1,-0.04765,-0.13972,0.06814,0.98669,-0.73,1.14,0.14,0.58203,-0.07815,0.11775,0.80079,-0.73,1.11,0.15,0.80974,-0.01015,0.13421,0.57114,-0.73,1.09,0.14,0.80974,-0.01015,0.13421,0.57114,-0.69,1.08,0.09,-0.53267,-0.13526,-0.07225,0.83231,-0.7,1.14,0.1,-0.00962,-0.15529,0.00109,0.98782,-0.71,1.14,0.14,0.60699,-0.12476,0.08453,0.78029,-0.72,1.11,0.15,0.89976,-0.03841,0.05492,0.43121,-0.71,1.09,0.14,0.89976,-0.03841,0.05492,0.43121,-0.68,1.08,0.09,-0.53267,-0.13526,-0.07225,0.83231,-0.68,1.13,0.11,-0.07568,-0.15971,-0.0828,0.98077,-0.69,1.14,0.15,0.61113,-0.19668,0.0074,0.76667,-0.7,1.11,0.15,0.92532,-0.16791,0.06983,0.33273,-0.7,1.1,0.13,0.92532,-0.16791,0.06983,0.33273,-0.67,1.08,0.09,-0.46227,-0.12573,-0.31454,0.81949,-0.67,1.12,0.12,-0.21399,-0.16154,-0.20725,0.94083,-0.67,1.13,0.14,0.52187,-0.27584,-0.11816,0.7985,-0.68,1.12,0.15,0.85677,-0.33098,0.02428,0.39474,-0.69,1.1,0.14,0.85677,-0.33098,0.02428,0.39474,-0.81,1.08,0.19
-0.79,1.46,-0.17,-0.79,1.46,-0.17,-0.85,1.1,0.11,0.33573,-0.07045,-0.16916,-0.92396,-0.86,1.06,0.06,0.33573,-0.07045,-0.16916,-0.92396,-0.83,1.08,0.09,0.39961,-0.15908,0.54522,-0.71954,-0.8,1.09,0.11,0.15086,0.02417,0.49224,-0.85695,-0.8,1.1,0.14,-0.01624,0.07631,0.55298,-0.82954,-0.8,1.1,0.16,-0.01624,0.07631,0.55298,-0.82954,-0.84,1.08,0.09,0.33573,-0.07045,-0.16916,-0.92396,-0.83,1.12,0.13,-0.00265,-0.09532,-0.10783,-0.98959,-0.83,1.12,0.16,-0.3943,-0.13351,-0.08705,-0.90505,-0.82,1.1,0.18,-0.55807,-0.12003,-0.06754,-0.81828,-0.81,1.09,0.19,-0.55807,-0.12003,-0.06754,-0.81828,-0.85,1.08,0.09,0.33573,-0.07045,-0.16916,-0.92396,-0.86,1.12,0.13,0.05274,-0.08358,-0.1723,-0.98008,-0.85,1.12,0.17,-0.39804,-0.15445,-0.12831,-0.89513,-0.84,1.11,0.19,-0.60961,-0.16311,-0.15005,-0.76109,-0.83,1.08,0.19,-0.60961,-0.16311,-0.15005,-0.76109,-0.87,1.07,0.09,0.33573,-0.07045,-0.16916,-0.92396,-0.87,1.11,0.13,0.1305,-0.0616,-0.23162,-0.96204,-0.87,1.12,0.17,-0.36836,-0.18836,-0.20755,-0.88643,-0.86,1.1,0.19,-0.62231,-0.2623,-0.16639,-0.7185,-0.84,1.08,0.19,-0.62231,-0.2623,-0.16639,-0.7185,-0.88,1.07,0.09,0.26975,-0.01113,-0.40087,-0.87545,-0.89,1.09,0.13,0.18849,-0.06932,-0.30304,-0.93158,-0.89,1.1,0.16,-0.29795,-0.20466,-0.30504,-0.88107,-0.87,1.09,0.17,-0.56826,-0.33792,-0.22765,-0.71488,-0.86,1.08,0.18,-0.56826,-0.33792,-0.22765,-0.71488,-0.7,1.1,0.1,-0.49436,-0.13561,-0.08514,0.85438,-0.69,1.05,0.07,-0.49436,-0.13561,-0.08514,0.85438,-0.72,1.07,0.09,-0.44374,-0.11226,0.67455,0.5792,-0.74,1.08,0.11,-0.24203,0.10531,0.60784,0.74891,-0.75,1.1,0.14,0.00493,0.26066,0.61567,0.74363,-0.74,1.11,0.16,0.00493,0.26066,0.61567,0.74363,-0.71,1.08,0.09,-0.49436,-0.13561,-0.08514,0.85438,-0.72,1.13,0.11,1e-05,-0.14919,0.05852,0.98708,-0.73,1.13,0.15,0.63403,-0.08826,0.11734,0.75924,-0.73,1.11,0.15,0.8541,-0.01772,0.13932,0.50079,-0.73,1.09,0.14,0.8541,-0.01772,0.13932,0.50079,-0.7,1.08,0.09,-0.49436,-0.13561,-0.08514,0.85438,-0.7,1.13,0.11,0.03393,-0.16231,-0.0093,0.98611,-0.72,1.13,0.15,0.6445,-0.13567,0.08138,0.74805,-0.72,1.1,0.16,0.92386,-0.04425,0.05899,0.37556,-0.72,1.08,0.14,0.92386,-0.04425,0.05899,0.37556,-0.68,1.08,0.09,-0.49436,-0.13561,-0.08514,0.85438,-0.68,1.12,0.12,-0.02887,-0.16149,-0.09521,0.98185,-0.7,1.13,0.15,0.65249,-0.20433,8e-05,0.72973,-0.7,1.1,0.16,0.94352,-0.17508,0.06853,0.27281,-0.7,1.09,0.14,0.94352,-0.17508,0.06853,0.27281,-0.67,1.08,0.1,-0.42289,-0.11528,-0.3262,0.83754,-0.67,1.11,0.13,-0.14535,-0.16133,-0.21846,0.95138,-0.68,1.12,0.15,0.58936,-0.27887,-0.12333,0.74811,-0.69,1.11,0.16,0.88885,-0.3341,0.01979,0.31294,-0.69,1.09,0.14,0.88885,-0.3341,0.01979,0.31294,-0.81,1.08,0.19
-0.79,1.46,-0.17,-0.79,1.46,-0.17,-0.85,1.1,0.11,0.33518,-0.07078,-0.16878,-0.92421,-0.86,1.06,0.06,0.33518,-0.07078,-0.16878,-0.92421,-0.83,1.08,0.09,0.39806,-0.16006,0.54649,-0.71922,-0.8,1.09,0.11,0.14935,0.02385,0.49385,-0.85629,-0.8,1.1,0.14,-0.01833,0.07662,0.55437,-0.82854,-0.8,1.1,0.16,-0.01833,0.07662,0.55437,-0.82854,-0.84,1.08,0.09,0.33518,-0.07078,-0.16878,-0.92421,-0.83,1.12,0.13,-0.00347,-0.09497,-0.10775,-0.98963,-0.83,1.12,0.16,-0.39445,-0.13307,-0.08721,-0.90504,-0.82,1.1,0.18,-0.55795,-0.11961,-0.06782,-0.8184,-0.81,1.09,0.19,-0.55795,-0.11961,-0.06782,-0.8184,-0.85,1.08,0.09,0.33518,-0.07078,-0.16878,-0.92421,-0.86,1.12,0.13,0.05203,-0.08296,-0.17236,-0.98015,-0.85,1.12,0.17,-0.39822,-0.15385,-0.12872,-0.89509,-0.84,1.11,0.19,-0.60893,-0.16252,-0.1507,-0.76163,-0.83,1.08,0.19,-0.60893,-0.16252,-0.1507,-0.76163,-0.87,1.07,0.09,0.33518,-0.07078,-0.16878,-0.92421,-0.87,1.11,0.13,0.12865,-0.06135,-0.23145,-0.96235,-0.87,1.12,0.17,-0.36939,-0.18783,-0.20771,-0.88607,-0.86,1.1,0.19,-0.62259,-0.26172,-0.16689,-0.71835,-0.84,1.08,0.19,-0.62259,-0.26172,-0.16689,-0.71835,-0.88,1.07,0.09,0.2692,-0.0113,-0.40047,-0.8758,-0.89,1.09,0.13,0.18665,-0.06935,-0.3028,-0.93202,-0.89,1.1,0.16,-0.29871,-0.20409,-0.30501,-0.88096,-0.87,1.09,0.17,-0.56814,-0.33715,-0.22819,-0.71517,-0.86,1.08,0.18,-0.56814,-0.33715,-0.22819,-0.71517,-0.7,1.1,0.11,-0.44774,-0.14082,-0.10645,0.87657,-0.69,1.05,0.07,-0.44774,-0.14082,-0.10645,0.87657,-0.72,1.07,0.09,-0.43218,-0.16091,0.65039,0.60359,-0.75,1.08,0.11,-0.23013,0.04401,0.59973,0.76513,-0.75,1.09,0.14,-0.00605,0.17939,0.63322,0.75287,-0.75,1.1,0.16,-0.00605,0.17939,0.63322,0.75287,-0.71,1.08,0.09,-0.44774,-0.14082,-0.10645,0.87657,-0.73,1.12,0.12,-0.18044,-0.17446,-0.00319,0.96799,-0.74,1.14,0.15,0.21899,-0.16969,0.04129,0.95997,-0.74,1.13,0.17,0.40566,-0.13303,0.06236,0.90214,-0.75,1.11,0.19,0.40566,-0.13303,0.06236,0.90214,-0.7,1.07,0.09,-0.44774,-0.14082,-0.10645,0.87657,-0.7,1.12,0.12,-0.04212,-0.17443,-0.04621,0.98268,-0.72,1.13,0.16,0.48,-0.17551,0.03917,0.85864,-0.72,1.11,0.17,0.78863,-0.12247,0.02907,0.60184,-0.73,1.08,0.17,0.78863,-0.12247,0.02907,0.60184,-0.68,1.07,0.1,-0.44774,-0.14082,-0.10645,0.87657,-0.69,1.12,0.13,-0.06528,-0.16331,-0.12466,0.97649,-0.7,1.12,0.16,0.54449,-0.22549,-0.03982,0.80691,-0.71,1.1,0.17,0.86471,-0.22583,0.03472,0.44729,-0.71,1.08,0.16,0.86471,-0.22583,0.03472,0.44729,-0.67,1.07,0.1,-0.37329,-0.10795,-0.34479,0.85448,-0.67,1.1,0.13,-0.14299,-0.15112,-0.24157,0.94782,-0.68,1.11,0.16,0.52474,-0.27734,-0.16646,0.78742,-0.69,1.1,0.17,0.8359,-0.35771,-0.02881,0.41532,-0.7,1.08,0.15,0.8359,-0.35771,-0.02881,0.41532,-0.81,1.08,0.19
-0.79,1.46,-0.17,-0.79,1.46,-0.17,-0.85,1.1,0.11,0.32987,-0.06802,-0.166,-0.92682,-0.86,1.06,0.06,0.32987,-0.06802,-0.166,-0.92682,-0.83,1.08,0.09,0.39195,-0.16224,0.54824,-0.72075,-0.8,1.09,0.11,0.14282,0.02302,0.49633,-0.856,-0.8,1.1,0.14,-0.02445,0.07552,0.55667,-0.82693,-0.8,1.1,0.16,-0.02445,0.07552,0.55667,-0.82693,-0.84,1.08,0.09,0.32987,-0.06802,-0.166,-0.92682,-0.83,1.12,0.13,-0.01021,-0.09166,-0.10579,-0.9901,-0.83,1.12,0.16,-0.39967,-0.12898,-0.0869,-0.90337,-0.82,1.1,0.18,-0.56277,-0.11549,-0.06811,-0.81567,-0.81,1.08,0.19,-0.56277,-0.11549,-0.06811,-0.81567,-0.85,1.08,0.09,0.32987,-0.06802,-0.166,-0.92682,-0.86,1.12,0.13,0.04678,-0.07866,-0.17072,-0.98106,-0.85,1.12,0.17,-0.40224,-0.14906,-0.12939,-0.894,-0.84,1.1,0.19,-0.61131,-0.15766,-0.15256,-0.76037,-0.83,1.08,0.19,-0.61131,-0.15766,-0.15256,-0.76037,-0.87,1.07,0.09,0.32987,-0.06802,-0.166,-0.92682,-0.87,1.11,0.13,0.12368,-0.05705,-0.22935,-0.96377,-0.87,1.12,0.17,-0.37255,-0.1825,-0.20848,-0.88569,-0.86,1.1,0.19,-0.6242,-0.25662,-0.16968,-0.71815,-0.84,1.08,0.19,-0.6242,-0.25662,-0.16968,-0.71815,-0.88,1.07,0.09,0.26498,-0.00711,-0.39763,-0.87842,-0.89,1.09,0.13,0.18127,-0.06533,-0.30047,-0.93413,-0.89,1.1,0.16,-0.30082,-0.19794,-0.30556,-0.88145,-0.87,1.09,0.17,-0.5681,-0.33099,-0.2318,-0.71692,-0.86,1.08,0.18,-0.5681,-0.33099,-0.2318,-0.71692,-0.71,1.09,0.12,-0.37513,-0.17851,-0.11094,0.90283,-0.69,1.05,0.07,-0.37513,-0.17851,-0.11094,0.90283,-0.73,1.07,0.09,-0.43798,-0.25472,0.61024,0.60902,-0.75,1.07,0.11,-0.2516,-0.07874,0.58664,0.76573,-0.77,1.08,0.14,-0.11213,-0.00691,0.66097,0.74195,-0.77,1.09,0.16,-0.11213,-0.00691,0.66097,0.74195,-0.72,1.07,0.09,-0.37513,-0.17851,-0.11094,0.90283,-0.73,1.12,0.13,-0.14434,-0.22505,-0.00115,0.9636,-0.75,1.13,0.16,0.14832,-0.21996,0.03922,0.96337,-0.76,1.12,0.18,0.26031,-0.18832,0.05139,0.94559,-0.77,1.11,0.2,0.26031,-0.18832,0.05139,0.94559,-0.7,1.07,0.1,-0.37513,-0.17851,-0.11094,0.90283,-0.71,1.12,0.13,-0.08696,-0.20439,-0.061,0.97311,-0.73,1.12,0.17,0.31062,-0.21334,0.01302,0.92619,-0.74,1.11,0.19,0.53985,-0.19209,7e-05,0.81955,-0.75,1.09,0.2,0.53985,-0.19209,7e-05,0.81955,-0.68,1.07,0.1,-0.37513,-0.17851,-0.11094,0.90283,-0.69,1.11,0.14,-0.14019,-0.17435,-0.14302,0.9641,-0.71,1.12,0.17,0.33538,-0.23942,-0.08212,0.90744,-0.72,1.11,0.19,0.61628,-0.27283,-0.02683,0.73827,-0.73,1.08,0.19,0.61628,-0.27283,-0.02683,0.73827,-0.68,1.07,0.11,-0.29409,-0.1258,-0.34369,0.88293,-0.68,1.09,0.14,-0.22211,-0.13165,-0.25085,0.93296,-0.68,1.11,0.17,0.32256,-0.24775,-0.2191,0.88689,-0.69,1.1,0.18,0.60795,-0.3506,-0.12862,0.70067,-0.71,1.08,0.18,0.60795,-0.3506,-0.12862,0.70067,-0.81,1.08,0.19
-0.79,1.46,-0.17,-0.79,1.46,-0.17,-0.85,1.1,0.11,0.32889,-0.0668,-0.16394,-0.92763,-0.86,1.06,0.06,0.32889,-0.0668,-0.16394,-0.92763,-0.83,1.08,0.09,0.39157,-0.16321,0.54847,-0.72057,-0.8,1.09,0.11,0.14345,0.02161,0.49685,-0.85563,-0.8,1.1,0.14,-0.0221,0.07321,0.55769,-0.82652,-0.8,1.1,0.16,-0.0221,0.07321,0.55769,-0.82652,-0.84,1.08,0.09,0.32889,-0.0668,-0.16394,-0.92763,-0.83,1.12,0.13,-0.01231,-0.09083,-0.10344,-0.9904,-0.83,1.12,0.17,-0.40271,-0.12734,-0.08495,-0.90244,-0.82,1.1,0.18,-0.5661,-0.11353,-0.06631,-0.81379,-0.81,1.08,0.19,-0.5661,-0.11353,-0.06631,-0.81379,-0.85,1.08,0.09,0.32889,-0.0668,-0.16394,-0.92763,-0.86,1.12,0.13,0.04498,-0.07718,-0.16887,-0.98158,-0.85,1.12,0.17,-0.4039,-0.14686,-0.12845,-0.89376,-0.84,1.11,0.19,-0.61346,-0.15528,-0.1521,-0.75923,-0.83,1.08,0.19,-0.61346,-0.15528,-0.1521,-0.75923,-0.87,1.07,0.09,0.32889,-0.0668,-0.16394,-0.92763,-0.87,1.11,0.13,0.12194,-0.05602,-0.22727,-0.96454,-0.87,1.12,0.17,-0.37444,-0.1805,-0.20725,-0.88559,-0.86,1.1,0.19,-0.62647,-0.25439,-0.16903,-0.71711,-0.84,1.08,0.19,-0.62647,-0.25439,-0.16903,-0.71711,-0.88,1.07,0.09,0.26455,-0.00557,-0.39569,-0.87944,-0.89,1.09,0.13,0.18091,-0.06386,-0.29853,-0.93492,-0.89,1.1,0.16,-0.29952,-0.19508,-0.30496,-0.88274,-0.87,1.09,0.17,-0.56675,-0.32798,-0.23239,-0.71918,-0.86,1.08,0.18,-0.56675,-0.32798,-0.23239,-0.71918,-0.71,1.09,0.12,-0.31102,-0.22977,-0.09088,0.91772,-0.68,1.05,0.07,-0.31102,-0.22977,-0.09088,0.91772,-0.72,1.06,0.09,-0.43802,-0.32082,0.5873,0.60025,-0.75,1.07,0.1,-0.25226,-0.1523,0.58298,0.75716,-0.77,1.07,0.13,-0.14274,-0.09977,0.6668,0.72461,-0.78,1.08,0.15,-0.14274,-0.09977,0.6668,0.72461,-0.71,1.07,0.09,-0.31102,-0.22977,-0.09088,0.91772,-0.74,1.1,0.13,0.00738,-0.27844,0.06425,0.95827,-0.76,1.1,0.16,0.2975,-0.24746,0.1185,0.91445,-0.77,1.09,0.18,0.39361,-0.20635,0.13567,0.88548,-0.77,1.07,0.19,0.39361,-0.20635,0.13567,0.88548,-0.7,1.07,0.1,-0.31102,-0.22977,-0.09088,0.91772,-0.72,1.11,0.14,-0.08072,-0.24044,-0.04465,0.96627,-0.74,1.12,0.17,0.31767,-0.23963,0.04339,0.9164,-0.75,1.1,0.19,0.52757,-0.21155,0.03348,0.82207,-0.76,1.08,0.2,0.52757,-0.21155,0.03348,0.82207,-0.68,1.07,0.11,-0.31102,-0.22977,-0.09088,0.91772,-0.7,1.1,0.14,-0.15617,-0.19998,-0.13037,0.95845,-0.71,1.11,0.18,0.32235,-0.25679,-0.05783,0.90929,-0.73,1.1,0.19,0.58682,-0.28268,-0.00333,0.75877,-0.74,1.08,0.2,0.58682,-0.28268,-0.00333,0.75877,-0.68,1.07,0.11,-0.22395,-0.15969,-0.31742,0.90752,-0.68,1.09,0.15,-0.20411,-0.15961,-0.22505,0.93926,-0.69,1.1,0.17,0.29176,-0.24624,-0.19462,0.90353,-0.7,1.09,0.19,0.55539,-0.33765,-0.11741,0.75083,-0.72,1.08,0.19,0.55539,-0.33765,-0.11741,0.75083,-0.81,1.08,0.19
-0.79,1.46,-0.17,-0.79,1.46,-0.17,-0.85,1.1,0.11,0.32538,-0.06171,-0.14209,-0.93281,-0.86,1.06,0.06,0.32538,-0.06171,-0.14209,-0.93281,-0.83,1.08,0.09,0.3843,-0.17075,0.56161,-0.71256,-0.8,1.09,0.11,0.14325,0.01649,0.5124,-0.84655,-0.8,1.1,0.14,-0.00783,0.06164,0.5753,-0.81558,-0.8,1.1,0.16,-0.00783,0.06164,0.5753,-0.81558,-0.84,1.08,0.09,0.32538,-0.06171,-0.14209,-0.93281,-0.83,1.12,0.13,-0.01497,-0.08134,-0.08251,-0.99315,-0.83,1.12,0.17,-0.4081,-0.11049,-0.06926,-0.90358,-0.82,1.1,0.18,-0.57092,-0.09397,-0.05391,-0.81383,-0.82,1.08,0.19,-0.57092,-0.09397,-0.05391,-0.81383,-0.85,1.08,0.09,0.32538,-0.06171,-0.14209,-0.93281,-0.85,1.12,0.13,0.03958,-0.06621,-0.14913,-0.9858,-0.85,1.12,0.17,-0.41391,-0.12853,-0.11538,-0.89378,-0.84,1.1,0.19,-0.62397,-0.13394,-0.14377,-0.75634,-0.83,1.08,0.2,-0.62397,-0.13394,-0.14377,-0.75634,-0.87,1.08,0.09,0.32538,-0.06171,-0.14209,-0.93281,-0.87,1.11,0.13,0.1108,-0.04804,-0.20652,-0.97096,-0.87,1.12,0.17,-0.38771,-0.16297,-0.19361,-0.88636,-0.86,1.1,0.19,-0.63984,-0.23337,-0.16177,-0.71412,-0.85,1.08,0.19,-0.63984,-0.23337,-0.16177,-0.71412,-0.88,1.07,0.09,0.26518,0.0012,-0.37521,-0.8882,-0.89,1.09,0.13,0.17714,-0.0554,-0.27834,-0.94238,-0.89,1.1,0.16,-0.29885,-0.17557,-0.29283,-0.89113,-0.88,1.09,0.17,-0.56224,-0.30392,-0.23025,-0.73383,-0.86,1.08,0.18,-0.56224,-0.30392,-0.23025,-0.73383,-0.7,1.09,0.12,-0.30161,-0.21192,-0.09062,0.92516,-0.68,1.05,0.07,-0.30161,-0.21192,-0.09062,0.92516,-0.72,1.06,0.09,-0.42762,-0.30095,0.58488,0.62007,-0.75,1.07,0.11,-0.24537,-0.13772,0.57227,0.77028,-0.77,1.07,0.13,-0.1409,-0.09399,0.6549,0.7365,-0.77,1.08,0.16,-0.1409,-0.09399,0.6549,0.7365,-0.71,1.07,0.09,-0.30161,-0.21192,-0.09062,0.92516,-0.73,1.1,0.13,0.03674,-0.2618,0.06365,0.96232,-0.75,1.1,0.16,0.35089,-0.22784,0.11916,0.90042,-0.76,1.08,0.18,0.45107,-0.1853,0.13726,0.86218,-0.76,1.07,0.19,0.45107,-0.1853,0.13726,0.86218,-0.7,1.07,0.1,-0.30161,-0.21192,-0.09062,0.92516,-0.71,1.11,0.14,-0.05816,-0.22125,-0.04721,0.97234,-0.73,1.11,0.18,0.39544,-0.22033,0.04662,0.89046,-0.74,1.09,0.19,0.61066,-0.18513,0.03531,0.76914,-0.75,1.07,0.2,0.61066,-0.18513,0.03531,0.76914,-0.68,1.07,0.11,-0.30161,-0.21192,-0.09062,0.92516,-0.7,1.1,0.15,-0.13108,-0.18358,-0.12932,0.9656,-0.71,1.11,0.18,0.40894,-0.24431,-0.04993,0.87783,-0.72,1.09,0.19,0.67498,-0.26474,0.00297,0.6887,-0.73,1.07,0.19,0.67498,-0.26474,0.00297,0.6887,-0.67,1.06,0.11,-0.21843,-0.13941,-0.31771,0.91209,-0.68,1.09,0.15,-0.19311,-0.14745,-0.22353,0.94393,-0.68,1.1,0.18,0.33964,-0.24137,-0.19127,0.88871,-0.7,1.09,0.19,0.61536,-0.33364,-0.11013,0.70561,-0.71,1.07,0.19,0.61536,-0.33364,-0.11013,0.70561,-0.81,1.08,0.19
-0.79,1.46,-0.17,-0.79,1.46,-0.17,-0.85,1.1,0.11,0.31062,-0.06124,-0.13242,-0.93927,-0.86,1.06,0.06,0.31062,-0.06124,-0.13242,-0.93927,-0.82,1.08,0.09,0.37877,-0.19457,0.55979,-0.71085,-0.8,1.09,0.11,0.14339,-0.01043,0.51813,-0.84313,-0.8,1.09,0.14,0.02348,0.01521,0.58794,-0.80842,-0.8,1.1,0.16,0.02348,0.01521,0.58794,-0.80842,-0.84,1.08,0.09,0.31062,-0.06124,-0.13242,-0.93927,-0.83,1.12,0.13,-0.01153,-0.08488,-0.06953,-0.9939,-0.82,1.12,0.17,-0.39238,-0.10788,-0.05753,-0.91164,-0.82,1.1,0.18,-0.54964,-0.08886,-0.04426,-0.82948,-0.81,1.08,0.19,-0.54964,-0.08886,-0.04426,-0.82948,-0.85,1.08,0.09,0.31062,-0.06124,-0.13242,-0.93927,-0.85,1.12,0.13,0.04102,-0.06005,-0.14065,-0.98738,-0.85,1.12,0.18,-0.41292,-0.11917,-0.11069,-0.89613,-0.84,1.1,0.19,-0.6208,-0.1236,-0.14178,-0.76107,-0.83,1.08,0.2,-0.6208,-0.1236,-0.14178,-0.76107,-0.87,1.08,0.09,0.31062,-0.06124,-0.13242,-0.93927,-0.87,1.11,0.13,0.09448,-0.044,-0.19678,-0.97489,-0.87,1.11,0.17,-0.39475,-0.15217,-0.18895,-0.88618,-0.86,1.1,0.19,-0.63847,-0.2203,-0.16269,-0.71927,-0.84,1.08,0.19,-0.63847,-0.2203,-0.16269,-0.71927,-0.88,1.07,0.09,0.25223,0.0058,-0.36512,-0.89612,-0.89,1.09,0.13,0.15585,-0.0518,-0.26919,-0.94898,-0.88,1.1,0.16,-0.27794,-0.15342,-0.29219,-0.90213,-0.88,1.09,0.18,-0.50222,-0.27096,-0.24963,-0.78233,-0.86,1.08,0.19,-0.50222,-0.27096,-0.24963,-0.78233,-0.7,1.09,0.12,-0.33573,-0.17941,-0.11961,0.91695,-0.68,1.05,0.07,-0.33573,-0.17941,-0.11961,0.91695,-0.72,1.07,0.09,-0.43512,-0.24228,0.58143,0.64336,-0.75,1.08,0.11,-0.25863,-0.08757,0.5496,0.78954,-0.76,1.09,0.14,-0.15194,-0.04903,0.62928,0.76061,-0.77,1.09,0.16,-0.15194,-0.04903,0.62928,0.76061,-0.71,1.07,0.09,-0.33573,-0.17941,-0.11961,0.91695,-0.73,1.11,0.13,-0.0237,-0.23873,0.01777,0.97063,-0.74,1.11,0.16,0.31528,-0.22085,0.07294,0.92006,-0.75,1.1,0.18,0.42382,-0.18325,0.09051,0.88239,-0.76,1.08,0.19,0.42382,-0.18325,0.09051,0.88239,-0.69,1.07,0.1,-0.33573,-0.17941,-0.11961,0.91695,-0.71,1.11,0.14,-0.05706,-0.20077,-0.07579,0.97503,-0.72,1.12,0.18,0.43313,-0.21448,0.02042,0.8752,-0.73,1.1,0.19,0.67598,-0.17972,0.01406,0.71453,-0.74,1.08,0.19,0.67598,-0.17972,0.01406,0.71453,-0.68,1.07,0.1,-0.33573,-0.17941,-0.11961,0.91695,-0.69,1.11,0.14,-0.114,-0.16878,-0.15455,0.96676,-0.7,1.12,0.18,0.46707,-0.24778,-0.06786,0.84608,-0.71,1.1,0.19,0.7512,-0.26939,-0.00276,0.6026,-0.72,1.07,0.18,0.7512,-0.26939,-0.00276,0.6026,-0.67,1.07,0.11,-0.25428,-0.11669,-0.34946,0.8942,-0.67,1.09,0.15,-0.21319,-0.13067,-0.25471,0.93413,-0.68,1.11,0.17,0.39177,-0.26204,-0.20786,0.85712,-0.69,1.09,0.18,0.69938,-0.36303,-0.09713,0.60798,-0.7,1.08,0.18,0.69938,-0.36303,-0.09713,0.60798,-0.81,1.08,0.19
-0.79,1.46,-0.17,-0.79,1.46,-0.17,-0.85,1.1,0.11,0.294,-0.0738,-0.16264,-0.93897,-0.86,1.06,0.06,0.294,-0.0738,-0.16264,-0.93897,-0.82,1.08,0.09,0.39668,-0.21667,0.52016,-0.72466,-0.8,1.09,0.11,0.15029,-0.04321,0.48601,-0.85985,-0.79,1.1,0.14,0.03562,-0.02304,0.56161,-0.82631,-0.79,1.1,0.16,0.03562,-0.02304,0.56161,-0.82631,-0.84,1.08,0.09,0.294,-0.0738,-0.16264,-0.93897,-0.83,1.12,0.13,-0.02315,-0.12152,-0.0846,-0.98871,-0.82,1.12,0.17,-0.40384,-0.14728,-0.05705,-0.90109,-0.81,1.1,0.18,-0.55813,-0.12749,-0.0367,-0.81908,-0.81,1.08,0.19,-0.55813,-0.12749,-0.0367,-0.81908,-0.85,1.08,0.09,0.294,-0.0738,-0.16264,-0.93897,-0.85,1.12,0.14,0.08693,-0.07265,-0.16908,-0.97907,-0.85,1.12,0.18,-0.37157,-0.14435,-0.12962,-0.90791,-0.84,1.11,0.19,-0.58184,-0.15496,-0.15479,-0.78325,-0.83,1.09,0.2,-0.58184,-0.15496,-0.15479,-0.78325,-0.87,1.07,0.09,0.294,-0.0738,-0.16264,-0.93897,-0.87,1.1,0.14,0.10528,-0.05786,-0.22311,-0.96736,-0.87,1.11,0.17,-0.3762,-0.17623,-0.20561,-0.88608,-0.85,1.1,0.19,-0.6122,-0.24714,-0.17303,-0.73088,-0.84,1.08,0.2,-0.6122,-0.24714,-0.17303,-0.73088,-0.88,1.07,0.09,0.2293,-0.00351,-0.39175,-0.89103,-0.88,1.09,0.14,0.12671,-0.07021,-0.29512,-0.94441,-0.88,1.1,0.16,-0.27073,-0.16812,-0.31159,-0.89518,-0.87,1.09,0.18,-0.46804,-0.28257,-0.27152,-0.79207,-0.86,1.08,0.19,-0.46804,-0.28257,-0.27152,-0.79207,-0.7,1.1,0.11,-0.3762,-0.18003,-0.14079,0.89791,-0.68,1.06,0.07,-0.3762,-0.18003,-0.14079,0.89791,-0.72,1.07,0.09,-0.46075,-0.20823,0.57867,0.63991,-0.75,1.08,0.11,-0.29014,-0.06016,0.53673,0.79001,-0.76,1.1,0.13,-0.18874,-0.02637,0.6157,0.76459,-0.77,1.1,0.16,-0.18874,-0.02637,0.6157,0.76459,-0.71,1.08,0.09,-0.3762,-0.18003,-0.14079,0.89791,-0.72,1.12,0.12,-0.08781,-0.23695,-0.01139,0.96748,-0.74,1.13,0.16,0.25166,-0.2309,0.0446,0.93881,-0.75,1.12,0.17,0.36182,-0.19732,0.06127,0.90907,-0.76,1.1,0.19,0.36182,-0.19732,0.06127,0.90907,-0.69,1.08,0.1,-0.3762,-0.18003,-0.14079,0.89791,-0.7,1.12,0.13,-0.0865,-0.20866,-0.09348,0.96966,-0.72,1.13,0.17,0.40514,-0.23043,0.00909,0.88469,-0.73,1.11,0.18,0.65808,-0.19973,0.00828,0.72593,-0.74,1.09,0.19,0.65808,-0.19973,0.00828,0.72593,-0.68,1.08,0.1,-0.3762,-0.18003,-0.14079,0.89791,-0.69,1.11,0.14,-0.14439,-0.17987,-0.17369,0.95741,-0.7,1.13,0.17,0.44083,-0.26926,-0.0751,0.85295,-0.71,1.11,0.18,0.73497,-0.29231,0.00115,0.61186,-0.72,1.09,0.18,0.73497,-0.29231,0.00115,0.61186,-0.67,1.07,0.11,-0.2907,-0.12872,-0.37169,0.87222,-0.67,1.1,0.14,-0.2497,-0.14363,-0.27615,0.91693,-0.68,1.11,0.17,0.37296,-0.29268,-0.21088,0.85485,-0.69,1.1,0.18,0.68915,-0.3927,-0.08178,0.60347,-0.7,1.09,0.17,0.68915,-0.3927,-0.08178,0.60347,-0.81,1.08,0.19
-0.79,1.46,-0.17,-0.79,1.46,-0.17,-0.85,1.1,0.11,0.29657,-0.08113,-0.1792,-0.93453,-0.86,1.06,0.06,0.29657,-0.08113,-0.1792,-0.93453,-0.82,1.08,0.09,0.42024,-0.21964,0.49462,-0.72836,-0.8,1.09,0.1,0.16264,-0.0517,0.46255,-0.87002,-0.79,1.1,0.13,0.04269,-0.02969,0.54046,-0.83976,-0.79,1.1,0.16,0.04269,-0.02969,0.54046,-0.83976,-0.84,1.08,0.09,0.29657,-0.08113,-0.1792,-0.93453,-0.83,1.12,0.13,-0.01544,-0.13839,-0.0951,-0.98568,-0.82,1.12,0.17,-0.41799,-0.16852,-0.05599,-0.89093,-0.81,1.1,0.18,-0.58368,-0.1489,-0.02876,-0.7977,-0.81,1.08,0.19,-0.58368,-0.1489,-0.02876,-0.7977,-0.85,1.08,0.09,0.29657,-0.08113,-0.1792,-0.93453,-0.85,1.12,0.13,0.11895,-0.08245,-0.18428,-0.97216,-0.85,1.13,0.18,-0.33087,-0.15904,-0.1401,-0.91957,-0.84,1.11,0.2,-0.53545,-0.17304,-0.16308,-0.8104,-0.83,1.09,0.21,-0.53545,-0.17304,-0.16308,-0.8104,-0.87,1.07,0.09,0.29657,-0.08113,-0.1792,-0.93453,-0.87,1.1,0.14,0.13803,-0.06618,-0.23808,-0.95911,-0.87,1.12,0.17,-0.32448,-0.18756,-0.2175,-0.90124,-0.85,1.1,0.19,-0.55356,-0.26041,-0.18336,-0.76951,-0.84,1.08,0.2,-0.55356,-0.26041,-0.18336,-0.76951,-0.88,1.07,0.1,0.22803,-0.01206,-0.40709,-0.88438,-0.88,1.09,0.14,0.13151,-0.08279,-0.30866,-0.93839,-0.88,1.1,0.16,-0.2492,-0.18002,-0.3212,-0.89572,-0.87,1.09,0.18,-0.4342,-0.29244,-0.28086,-0.8044,-0.86,1.08,0.19,-0.4342,-0.29244,-0.28086,-0.8044,-0.7,1.1,0.11,-0.37107,-0.19635,-0.14253,0.89635,-0.68,1.06,0.07,-0.37107,-0.19635,-0.14253,0.89635,-0.72,1.07,0.09,-0.45731,-0.22795,0.58378,0.63096,-0.75,1.08,0.1,-0.28929,-0.0791,0.5473,0.78136,-0.76,1.09,0.13,-0.19623,-0.04903,0.62739,0.75198,-0.77,1.1,0.15,-0.19623,-0.04903,0.62739,0.75198,-0.71,1.08,0.09,-0.37107,-0.19635,-0.14253,0.89635,-0.73,1.12,0.12,-0.08239,-0.24741,-0.01252,0.96532,-0.75,1.13,0.15,0.27061,-0.24023,0.05086,0.93084,-0.76,1.11,0.17,0.38522,-0.20534,0.07054,0.89692,-0.76,1.1,0.19,0.38522,-0.20534,0.07054,0.89692,-0.7,1.07,0.09,-0.37107,-0.19635,-0.14253,0.89635,-0.71,1.12,0.13,-0.07938,-0.22441,-0.09001,0.96708,-0.72,1.13,0.17,0.40582,-0.24243,0.01867,0.88102,-0.74,1.11,0.18,0.65621,-0.20861,0.02069,0.72487,-0.74,1.09,0.18,0.65621,-0.20861,0.02069,0.72487,-0.68,1.07,0.1,-0.37107,-0.19635,-0.14253,0.89635,-0.69,1.11,0.14,-0.14029,-0.19524,-0.1719,0.95533,-0.7,1.12,0.17,0.43959,-0.28027,-0.06597,0.8508,-0.72,1.11,0.18,0.7313,-0.29923,0.01298,0.61277,-0.73,1.08,0.18,0.7313,-0.29923,0.01298,0.61277,-0.67,1.07,0.11,-0.28214,-0.14371,-0.37203,0.87254,-0.68,1.1,0.14,-0.24656,-0.15853,-0.27595,0.91538,-0.68,1.11,0.17,0.37705,-0.30437,-0.20114,0.85131,-0.69,1.1,0.18,0.69059,-0.39894,-0.0689,0.59932,-0.71,1.09,0.17,0.69059,-0.39894,-0.0689,0.59932,-0.81,1.08,0.19
-0.79,1.46,-0.17,-0.79,1.46,-0.17,-0.85,1.1,0.11,0.31416,-0.07497,-0.18433,-0.92828,-0.86,1.06,0.06,0.31416,-0.07497,-0.18433,-0.92828,-0.83,1.08,0.09,0.4346,-0.20018,0.4908,-0.72812,-0.8,1.09,0.1,0.1722,-0.03285,0.4527,-0.87426,-0.8,1.1,0.13,0.03768,-0.00359,0.52843,-0.84813,-0.79,1.11,0.16,0.03768,-0.00359,0.52843,-0.84813,-0.84,1.08,0.09,0.31416,-0.07497,-0.18433,-0.92828,-0.83,1.12,0.13,0.00391,-0.13034,-0.10409,-0.98598,-0.82,1.12,0.17,-0.42376,-0.16707,-0.06298,-0.888,-0.82,1.11,0.18,-0.60094,-0.14949,-0.03318,-0.78449,-0.81,1.09,0.19,-0.60094,-0.14949,-0.03318,-0.78449,-0.85,1.08,0.09,0.31416,-0.07497,-0.18433,-0.92828,-0.86,1.12,0.13,0.13286,-0.08174,-0.18904,-0.9695,-0.85,1.13,0.17,-0.30258,-0.15841,-0.14711,-0.92828,-0.84,1.12,0.19,-0.49294,-0.17346,-0.1722,-0.83503,-0.83,1.1,0.21,-0.49294,-0.17346,-0.1722,-0.83503,-0.87,1.07,0.09,0.31416,-0.07497,-0.18433,-0.92828,-0.87,1.11,0.13,0.15605,-0.06805,-0.2423,-0.95515,-0.87,1.12,0.17,-0.28067,-0.18572,-0.22476,-0.91445,-0.86,1.11,0.19,-0.49475,-0.25801,-0.19463,-0.80671,-0.84,1.09,0.2,-0.49475,-0.25801,-0.19463,-0.80671,-0.88,1.07,0.1,0.24573,-0.01071,-0.41335,-0.87672,-0.89,1.09,0.13,0.15143,-0.08639,-0.31247,-0.93379,-0.88,1.1,0.16,-0.21237,-0.18037,-0.32618,-0.90331,-0.87,1.09,0.18,-0.37578,-0.28648,-0.29113,-0.83184,-0.86,1.09,0.19,-0.37578,-0.28648,-0.29113,-0.83184,-0.7,1.1,0.11,-0.35744,-0.22252,-0.13277,0.89727,-0.68,1.05,0.07,-0.35744,-0.22252,-0.13277,0.89727,-0.72,1.07,0.09,-0.45132,-0.25685,0.59412,0.6143,-0.75,1.08,0.1,-0.28697,-0.10543,0.56598,0.76563,-0.77,1.09,0.13,-0.19732,-0.07363,0.64681,0.733,-0.78,1.09,0.15,-0.19732,-0.07363,0.64681,0.733,-0.71,1.07,0.09,-0.35744,-0.22252,-0.13277,0.89727,-0.73,1.12,0.12,-0.03521,-0.27096,0.01695,0.9618,-0.75,1.12,0.15,0.33985,-0.24806,0.09383,0.90231,-0.76,1.1,0.17,0.46321,-0.20562,0.11987,0.85369,-0.77,1.09,0.18,0.46321,-0.20562,0.11987,0.85369,-0.7,1.07,0.09,-0.35744,-0.22252,-0.13277,0.89727,-0.71,1.12,0.13,-0.06898,-0.24838,-0.07161,0.96355,-0.73,1.13,0.16,0.39438,-0.25518,0.04095,0.88186,-0.74,1.11,0.18,0.63476,-0.21695,0.04342,0.74036,-0.75,1.08,0.18,0.63476,-0.21695,0.04342,0.74036,-0.68,1.07,0.1,-0.35744,-0.22252,-0.13277,0.89727,-0.7,1.11,0.14,-0.13818,-0.2172,-0.1578,0.95333,-0.71,1.12,0.17,0.42505,-0.28933,-0.04691,0.8564,-0.72,1.1,0.18,0.71263,-0.30202,0.03119,0.63244,-0.73,1.08,0.18,0.71263,-0.30202,0.03119,0.63244,-0.68,1.07,0.11,-0.26488,-0.16592,-0.36038,0.87888,-0.68,1.1,0.14,-0.24236,-0.17865,-0.26428,0.91624,-0.69,1.11,0.17,0.3799,-0.31234,-0.18055,0.85178,-0.7,1.1,0.18,0.69223,-0.39746,-0.04824,0.60043,-0.71,1.08,0.17,0.69223,-0.39746,-0.04824,0.60043,-0.81,1.08,0.19
-0.79,1.46,-0.17,-0.79,1.46,-0.17,-0.86,1.1,0.11,0.34894,-0.06643,-0.15352,-0.92209,-0.86,1.06,0.06,0.34894,-0.06643,-0.15352,-0.92209,-0.83,1.08,0.09,0.44253,-0.17317,0.52448,-0.70646,-0.8,1.09,0.1,0.18817,0.00333,0.47702,-0.85851,-0.8,1.1,0.13,0.0419,0.04353,0.54606,-0.83557,-0.8,1.11,0.16,0.0419,0.04353,0.54606,-0.83557,-0.84,1.08,0.09,0.34894,-0.06643,-0.15352,-0.92209,-0.84,1.12,0.13,0.03877,-0.10493,-0.08188,-0.99034,-0.83,1.13,0.16,-0.41635,-0.13682,-0.05036,-0.89744,-0.82,1.11,0.18,-0.60368,-0.11766,-0.02585,-0.78807,-0.82,1.09,0.19,-0.60368,-0.11766,-0.02585,-0.78807,-0.85,1.08,0.09,0.34894,-0.06643,-0.15352,-0.92209,-0.86,1.12,0.13,0.13825,-0.07529,-0.15784,-0.97484,-0.85,1.13,0.17,-0.3022,-0.13941,-0.12156,-0.93513,-0.84,1.12,0.19,-0.49361,-0.14986,-0.15147,-0.84318,-0.83,1.1,0.2,-0.49361,-0.14986,-0.15147,-0.84318,-0.87,1.08,0.09,0.34894,-0.06643,-0.15352,-0.92209,-0.87,1.11,0.13,0.1687,-0.06543,-0.21173,-0.96043,-0.87,1.12,0.17,-0.2729,-0.1707,-0.19841,-0.92576,-0.86,1.11,0.19,-0.49036,-0.23736,-0.17283,-0.82057,-0.85,1.1,0.2,-0.49036,-0.23736,-0.17283,-0.82057,-0.88,1.07,0.09,0.28561,-0.00995,-0.38728,-0.87655,-0.89,1.09,0.13,0.18241,-0.08418,-0.28307,-0.93782,-0.89,1.11,0.16,-0.1903,-0.17158,-0.29988,-0.91892,-0.88,1.1,0.18,-0.36032,-0.27372,-0.26566,-0.85128,-0.86,1.09,0.19,-0.36032,-0.27372,-0.26566,-0.85128,-0.71,1.09,0.11,-0.34567,-0.22049,-0.1102,0.9054,-0.68,1.06,0.07,-0.34567,-0.22049,-0.1102,0.9054,-0.72,1.07,0.09,-0.42588,-0.26296,0.618,0.60626,-0.75,1.07,0.1,-0.26267,-0.1016,0.59288,0.75444,-0.77,1.08,0.13,-0.16758,-0.06448,0.67102,0.71937,-0.77,1.09,0.15,-0.16758,-0.06448,0.67102,0.71937,-0.71,1.07,0.09,-0.34567,-0.22049,-0.1102,0.9054,-0.73,1.11,0.12,0.0526,-0.26913,0.07057,0.95907,-0.75,1.11,0.15,0.43462,-0.22131,0.14627,0.86066,-0.76,1.09,0.17,0.55362,-0.17044,0.17197,0.7968,-0.76,1.07,0.17,0.55362,-0.17044,0.17197,0.7968,-0.7,1.07,0.09,-0.34567,-0.22049,-0.1102,0.9054,-0.71,1.12,0.13,-0.06657,-0.24339,-0.05012,0.96634,-0.73,1.12,0.17,0.39378,-0.24093,0.05647,0.88527,-0.74,1.1,0.18,0.62991,-0.19981,0.05353,0.74862,-0.75,1.08,0.19,0.62991,-0.19981,0.05353,0.74862,-0.68,1.07,0.1,-0.34567,-0.22049,-0.1102,0.9054,-0.7,1.11,0.14,-0.15817,-0.20795,-0.14147,0.95484,-0.71,1.12,0.17,0.40153,-0.27314,-0.04053,0.87323,-0.72,1.1,0.18,0.69191,-0.28621,0.02988,0.66216,-0.73,1.08,0.18,0.69191,-0.28621,0.02988,0.66216,-0.68,1.07,0.11,-0.25693,-0.15996,-0.33861,0.89092,-0.68,1.09,0.14,-0.25226,-0.16807,-0.24438,0.92108,-0.69,1.11,0.17,0.37093,-0.29218,-0.17255,0.86445,-0.7,1.1,0.18,0.68867,-0.37634,-0.0496,0.61777,-0.71,1.08,0.17,0.68867,-0.37634,-0.0496,0.61777,-0.81,1.08,0.19
-0.79,1.46,-0.17,-0.79,1.46,-0.17,-0.85,1.1,0.11,0.34786,-0.07305,-0.13002,-0.92561,-0.86,1.06,0.06,0.34786,-0.07305,-0.13002,-0.92561,-0.83,1.08,0.09,0.43239,-0.18052,0.54714,-0.69361,-0.8,1.09,0.1,0.18254,0.00464,0.50218,-0.84526,-0.8,1.1,0.14,0.03321,0.0511,0.56884,-0.82019,-0.8,1.1,0.16,0.03321,0.0511,0.56884,-0.82019,-0.84,1.08,0.09,0.34786,-0.07305,-0.13002,-0.92561,-0.83,1.12,0.13,0.03877,-0.09996,-0.06038,-0.9924,-0.83,1.13,0.16,-0.42703,-0.12303,-0.03215,-0.89525,-0.82,1.11,0.18,-0.61788,-0.10028,-0.01006,-0.77979,-0.82,1.09,0.18,-0.61788,-0.10028,-0.01006,-0.77979,-0.85,1.08,0.09,0.34786,-0.07305,-0.13002,-0.92561,-0.85,1.12,0.13,0.10856,-0.08131,-0.13052,-0.98212,-0.85,1.13,0.17,-0.34875,-0.13417,-0.09213,-0.92298,-0.84,1.12,0.19,-0.55417,-0.1372,-0.12221,-0.81187,-0.83,1.09,0.2,-0.55417,-0.1372,-0.12221,-0.81187,-0.87,1.08,0.09,0.34786,-0.07305,-0.13002,-0.92561,-0.87,1.11,0.13,0.14712,-0.07187,-0.18581,-0.96885,-0.87,1.12,0.17,-0.32206,-0.16877,-0.16891,-0.91611,-0.86,1.11,0.19,-0.5582,-0.22985,-0.14153,-0.78457,-0.84,1.09,0.19,-0.5582,-0.22985,-0.14153,-0.78457,-0.88,1.07,0.09,0.28643,-0.01522,-0.36498,-0.88573,-0.89,1.1,0.13,0.17877,-0.08737,-0.2594,-0.94505,-0.88,1.11,0.16,-0.23843,-0.17746,-0.27124,-0.91547,-0.88,1.1,0.18,-0.44714,-0.28342,-0.22757,-0.81728,-0.86,1.09,0.19,-0.44714,-0.28342,-0.22757,-0.81728,-0.7,1.09,0.11,-0.33188,-0.20544,-0.11856,0.91301,-0.68,1.06,0.07,-0.33188,-0.20544,-0.11856,0.91301,-0.72,1.07,0.09,-0.40924,-0.26308,0.61302,0.62251,-0.75,1.07,0.11,-0.23885,-0.09817,0.58826,0.76633,-0.76,1.08,0.14,-0.13703,-0.05885,0.66582,0.73106,-0.77,1.08,0.16,-0.13703,-0.05885,0.66582,0.73106,-0.71,1.07,0.09,-0.33188,-0.20544,-0.11856,0.91301,-0.73,1.11,0.13,0.07508,-0.26922,0.06784,0.95775,-0.75,1.11,0.16,0.44775,-0.22305,0.14191,0.85418,-0.76,1.09,0.17,0.56493,-0.1729,0.16811,0.78911,-0.76,1.07,0.18,0.56493,-0.1729,0.16811,0.78911,-0.7,1.07,0.1,-0.33188,-0.20544,-0.11856,0.91301,-0.71,1.12,0.13,-0.05553,-0.23463,-0.06094,0.96858,-0.73,1.12,0.17,0.40046,-0.23826,0.0417,0.88381,-0.74,1.1,0.19,0.63408,-0.20088,0.03838,0.74573,-0.75,1.08,0.19,0.63408,-0.20088,0.03838,0.74573,-0.68,1.07,0.1,-0.33188,-0.20544,-0.11856,0.91301,-0.69,1.11,0.14,-0.15192,-0.19438,-0.15264,0.95699,-0.71,1.12,0.17,0.40683,-0.26776,-0.0576,0.87148,-0.72,1.1,0.19,0.69422,-0.28727,0.01142,0.65985,-0.73,1.08,0.18,0.69422,-0.28727,0.01142,0.65985,-0.67,1.07,0.11,-0.24538,-0.14162,-0.34661,0.8942,-0.68,1.09,0.14,-0.24599,-0.14699,-0.25434,0.92369,-0.68,1.11,0.17,0.37163,-0.28004,-0.19446,0.86351,-0.69,1.1,0.18,0.68642,-0.3743,-0.07544,0.61891,-0.71,1.08,0.18,0.68642,-0.3743,-0.07544,0.61891,-0.81,1.08,0.19
