-0.79,1.46,-0.16,-0.79,1.46,-0.16,-0.86,1.1,0.11,0.31812,-0.06607,-0.17404,-0.92959,-0.86,1.06,0.05,0.31812,-0.06607,-0.17404,-0.92959,-0.83,1.08,0.09,0.39593,-0.16896,0.53098,-0.7299,-0.81,1.09,0.11,0.15127,0.00606,0.48087,-0.86362,-0.8,1.1,0.14,0.005,0.04323,0.54817,-0.83523,-0.8,1.1,0.16,0.005,0.04323,0.54817,-0.83523,-0.84,1.08,0.08,0.31812,-0.06607,-0.17404,-0.92959,-0.84,1.12,0.13,-0.02168,-0.10205,-0.10704,-0.98877,-0.83,1.12,0.16,-0.43352,-0.14092,-0.08025,-0.88643,-0.82,1.1,0.18,-0.59765,-0.12622,-0.05747,-0.78967,-0.81,1.08,0.19,-0.59765,-0.12622,-0.05747,-0.78967,-0.85,1.08,0.09,0.31812,-0.06607,-0.17404,-0.92959,-0.86,1.12,0.13,0.01908,-0.09881,-0.16586,-0.981,-0.85,1.12,0.17,-0.40603,-0.16168,-0.11984,-0.89142,-0.84,1.1,0.19,-0.59893,-0.16562,-0.14209,-0.7705,-0.83,1.08,0.2,-0.59893,-0.16562,-0.14209,-0.7705,-0.87,1.07,0.09,0.31812,-0.06607,-0.17404,-0.92959,-0.87,1.11,0.13,0.0995,-0.07429,-0.22822,-0.96566,-0.87,1.12,0.17,-0.37668,-0.19185,-0.20297,-0.88324,-0.86,1.1,0.19,-0.61401,-0.26152,-0.16547,-0.7261,-0.84,1.08,0.19,-0.61401,-0.26152,-0.16547,-0.7261,-0.88,1.07,0.09,0.25283,-0.00255,-0.40437,-0.87895,-0.89,1.09,0.13,0.16803,-0.0656,-0.30717,-0.9344,-0.89,1.1,0.16,-0.31732,-0.20195,-0.31021,-0.87309,-0.88,1.09,0.17,-0.56825,-0.33238,-0.24071,-0.71321,-0.86,1.08,0.18,-0.56825,-0.33238,-0.24071,-0.71321,-0.7,1.1,0.11,-0.41905,-0.13197,-0.10735,0.89189,-0.69,1.06,0.07,-0.41905,-0.13197,-0.10735,0.89189,-0.73,1.07,0.09,-0.41624,-0.18149,0.64183,0.61795,-0.75,1.08,0.11,-0.23411,0.00344,0.59636,0.76781,-0.76,1.09,0.14,-0.07178,0.08799,0.65456,0.74744,-0.76,1.1,0.16,-0.07178,0.08799,0.65456,0.74744,-0.71,1.08,0.09,-0.41905,-0.13197,-0.10735,0.89189,-0.73,1.13,0.12,-0.13119,-0.18629,0.01266,0.97361,-0.74,1.14,0.15,0.19591,-0.17704,0.04704,0.96336,-0.75,1.13,0.17,0.33371,-0.14252,0.06012,0.9299,-0.75,1.11,0.19,0.33371,-0.14252,0.06012,0.9299,-0.7,1.08,0.09,-0.41905,-0.13197,-0.10735,0.89189,-0.7,1.13,0.12,-0.04064,-0.16842,-0.05242,0.98348,-0.72,1.13,0.16,0.4395,-0.17494,0.02238,0.88076,-0.73,1.11,0.18,0.73895,-0.13465,0.01018,0.66009,-0.73,1.09,0.18,0.73895,-0.13465,0.01018,0.66009,-0.68,1.08,0.1,-0.41905,-0.13197,-0.10735,0.89189,-0.69,1.12,0.13,-0.16665,-0.13629,-0.14772,0.96531,-0.7,1.13,0.16,0.44268,-0.2211,-0.07526,0.86573,-0.71,1.11,0.18,0.78999,-0.24421,-0.00134,0.56238,-0.71,1.09,0.17,0.78999,-0.24421,-0.00134,0.56238,-0.68,1.07,0.1,-0.34693,-0.09131,-0.34497,0.86735,-0.67,1.1,0.13,-0.37543,-0.05864,-0.26153,0.88725,-0.67,1.12,0.15,0.30229,-0.24118,-0.23809,0.89093,-0.68,1.12,0.17,0.72164,-0.36833,-0.08196,0.58039,-0.69,1.1,0.16,0.72164,-0.36833,-0.08196,0.58039,-0.81,1.08,0.19
-0.79,1.46,-0.16,-0.79,1.46,-0.16,-0.85,1.1,0.11,0.31865,-0.06578,-0.16252,-0.93152,-0.86,1.06,0.05,0.31865,-0.06578,-0.16252,-0.93152,-0.83,1.08,0.09,0.39295,-0.16929,0.54007,-0.72474,-0.81,1.09,0.11,0.14806,0.01003,0.49023,-0.85887,-0.8,1.1,0.14,0.00142,0.04864,0.55628,-0.82957,-0.8,1.1,0.16,0.00142,0.04864,0.55628,-0.82957,-0.84,1.08,0.08,0.31865,-0.06578,-0.16252,-0.93152,-0.83,1.12,0.13,-0.02135,-0.09726,-0.09667,-0.99032,-0.83,1.12,0.16,-0.43243,-0.13215,-0.07306,-0.88894,-0.82,1.1,0.18,-0.59716,-0.11624,-0.05208,-0.79194,-0.81,1.08,0.19,-0.59716,-0.11624,-0.05208,-0.79194,-0.85,1.08,0.09,0.31865,-0.06578,-0.16252,-0.93152,-0.86,1.12,0.13,0.01864,-0.0944,-0.15543,-0.98315,-0.85,1.12,0.17,-0.40675,-0.15314,-0.11245,-0.89357,-0.84,1.1,0.19,-0.60218,-0.15592,-0.13664,-0.77098,-0.83,1.08,0.2,-0.60218,-0.15592,-0.13664,-0.77098,-0.87,1.08,0.09,0.31865,-0.06578,-0.16252,-0.93152,-0.87,1.11,0.13,0.09952,-0.07092,-0.21752,-0.96837,-0.87,1.12,0.17,-0.38045,-0.18432,-0.19488,-0.88505,-0.86,1.1,0.19,-0.62221,-0.25255,-0.15901,-0.72373,-0.84,1.08,0.19,-0.62221,-0.25255,-0.15901,-0.72373,-0.88,1.07,0.09,0.25498,-0.0019,-0.3937,-0.88317,-0.89,1.09,0.13,0.16931,-0.06311,-0.29643,-0.93781,-0.89,1.1,0.16,-0.32127,-0.19583,-0.30168,-0.87603,-0.88,1.09,0.17,-0.57831,-0.3254,-0.23281,-0.71097,-0.86,1.08,0.18,-0.57831,-0.3254,-0.23281,-0.71097,-0.7,1.09,0.12,-0.32949,-0.13009,-0.09762,0.93005,-0.69,1.06,0.07,-0.32949,-0.13009,-0.09762,0.93005,-0.73,1.07,0.1,-0.39367,-0.2376,0.60354,0.65139,-0.75,1.07,0.11,-0.20471,-0.06361,0.573,0.79102,-0.76,1.08,0.14,-0.07771,-0.0124,0.64627,0.75904,-0.77,1.09,0.17,-0.07771,-0.0124,0.64627,0.75904,-0.72,1.07,0.1,-0.32949,-0.13009,-0.09762,0.93005,-0.73,1.11,0.14,-0.01325,-0.18856,0.02322,0.9817,-0.74,1.11,0.17,0.30803,-0.17283,0.05697,0.93381,-0.75,1.1,0.19,0.43113,-0.13636,0.0709,0.88911,-0.75,1.08,0.2,0.43113,-0.13636,0.0709,0.88911,-0.7,1.07,0.1,-0.32949,-0.13009,-0.09762,0.93005,-0.71,1.11,0.14,-0.05503,-0.15321,-0.06549,0.98449,-0.72,1.12,0.18,0.3537,-0.16789,-0.00987,0.92012,-0.73,1.1,0.2,0.58459,-0.15053,-0.03246,0.79658,-0.73,1.08,0.21,0.58459,-0.15053,-0.03246,0.79658,-0.68,1.07,0.1,-0.32949,-0.13009,-0.09762,0.93005,-0.69,1.1,0.14,-0.15232,-0.11067,-0.14834,0.97085,-0.7,1.12,0.18,0.38498,-0.19317,-0.10578,0.89626,-0.71,1.1,0.19,0.68473,-0.23602,-0.05871,0.68702,-0.72,1.08,0.2,0.68473,-0.23602,-0.05871,0.68702,-0.68,1.07,0.11,-0.26129,-0.06541,-0.33092,0.9044,-0.67,1.09,0.14,-0.28194,-0.05311,-0.24192,0.92691,-0.67,1.11,0.17,0.33115,-0.1993,-0.24242,0.88986,-0.68,1.1,0.18,0.6819,-0.32589,-0.14033,0.63962,-0.7,1.08,0.18,0.6819,-0.32589,-0.14033,0.63962,-0.81,1.08,0.19
-0.79,1.46,-0.16,-0.79,1.46,-0.16,-0.85,1.1,0.11,0.32096,-0.06364,-0.15318,-0.93245,-0.86,1.06,0.05,0.32096,-0.06364,-0.15318,-0.93245,-0.83,1.08,0.09,0.39219,-0.16772,0.54661,-0.72061,-0.8,1.09,0.11,0.14638,0.01507,0.4964,-0.85553,-0.8,1.1,0.14,-0.00085,0.05477,0.56125,-0.82583,-0.8,1.1,0.16,-0.00085,0.05477,0.56125,-0.82583,-0.84,1.08,0.08,0.32096,-0.06364,-0.15318,-0.93245,-0.83,1.12,0.13,-0.01951,-0.0926,-0.08814,-0.9916,-0.83,1.12,0.16,-0.42708,-0.12411,-0.06785,-0.89309,-0.82,1.1,0.18,-0.59177,-0.1073,-0.04878,-0.79744,-0.82,1.08,0.19,-0.59177,-0.1073,-0.04878,-0.79744,-0.85,1.08,0.09,0.32096,-0.06364,-0.15318,-0.93245,-0.86,1.12,0.13,0.01943,-0.08963,-0.14718,-0.98485,-0.85,1.12,0.17,-0.40227,-0.14478,-0.10778,-0.89755,-0.84,1.1,0.19,-0.59834,-0.14709,-0.13415,-0.77611,-0.83,1.08,0.2,-0.59834,-0.14709,-0.13415,-0.77611,-0.87,1.08,0.09,0.32096,-0.06364,-0.15318,-0.93245,-0.87,1.11,0.13,0.1004,-0.06703,-0.20907,-0.97042,-0.87,1.12,0.17,-0.38004,-0.17678,-0.18954,-0.88791,-0.86,1.1,0.19,-0.62386,-0.24404,-0.15589,-0.72591,-0.84,1.08,0.19,-0.62386,-0.24404,-0.15589,-0.72591,-0.88,1.07,0.09,0.25895,0.0,-0.38521,-0.88575,-0.89,1.09,0.13,0.1721,-0.05961,-0.28802,-0.94014,-0.89,1.1,0.16,-0.32013,-0.18904,-0.29622,-0.87979,-0.88,1.09,0.17,-0.57992,-0.31769,-0.22939,-0.71425,-0.86,1.08,0.18,-0.57992,-0.31769,-0.22939,-0.71425,-0.7,1.08,0.13,-0.25885,-0.12057,-0.07287,0.95559,-0.69,1.06,0.07,-0.25885,-0.12057,-0.07287,0.95559,-0.72,1.06,0.1,-0.37006,-0.24706,0.58053,0.68191,-0.75,1.07,0.12,-0.19221,-0.08994,0.5487,0.80864,-0.76,1.07,0.15,-0.10553,-0.07456,0.6267,0.76848,-0.77,1.08,0.17,-0.10553,-0.07456,0.6267,0.76848,-0.71,1.07,0.1,-0.25885,-0.12057,-0.07287,0.95559,-0.73,1.1,0.15,0.11898,-0.16975,0.04915,0.97704,-0.74,1.09,0.18,0.43533,-0.14288,0.07606,0.8856,-0.74,1.07,0.2,0.54694,-0.1034,0.08921,0.82596,-0.75,1.05,0.21,0.54694,-0.1034,0.08921,0.82596,-0.7,1.07,0.1,-0.25885,-0.12057,-0.07287,0.95559,-0.71,1.1,0.15,-0.00976,-0.12716,-0.05287,0.99042,-0.72,1.1,0.19,0.38462,-0.13826,-0.01097,0.9126,-0.72,1.08,0.21,0.57671,-0.12073,-0.04262,0.80685,-0.73,1.06,0.22,0.57671,-0.12073,-0.04262,0.80685,-0.68,1.07,0.11,-0.25885,-0.12057,-0.07287,0.95559,-0.69,1.09,0.15,-0.1155,-0.08592,-0.127,0.9814,-0.69,1.1,0.19,0.40258,-0.1576,-0.10458,0.89563,-0.7,1.08,0.21,0.66493,-0.20095,-0.07832,0.71509,-0.71,1.06,0.21,0.66493,-0.20095,-0.07832,0.71509,-0.67,1.06,0.11,-0.19789,-0.03754,-0.3025,0.93162,-0.67,1.08,0.15,-0.21547,-0.05121,-0.20852,0.95261,-0.67,1.09,0.18,0.36675,-0.16476,-0.2229,0.88807,-0.68,1.08,0.19,0.67207,-0.27893,-0.1559,0.66799,-0.69,1.06,0.19,0.67207,-0.27893,-0.1559,0.66799,-0.81,1.08,0.19
-0.79,1.46,-0.16,-0.79,1.46,-0.16,-0.86,1.1,0.11,0.32575,-0.0616,-0.15378,-0.93083,-0.86,1.06,0.05,0.32575,-0.0616,-0.15378,-0.93083,-0.83,1.08,0.09,0.39696,-0.1625,0.54493,-0.72046,-0.81,1.09,0.11,0.15138,0.01899,0.49295,-0.85658,-0.8,1.1,0.14,0.00169,0.05992,0.5573,-0.82815,-0.8,1.1,0.16,0.00169,0.05992,0.5573,-0.82815,-0.84,1.08,0.08,0.32575,-0.0616,-0.15378,-0.93083,-0.83,1.12,0.13,-0.01575,-0.092,-0.08849,-0.99169,-0.83,1.12,0.16,-0.42048,-0.12355,-0.06884,-0.89621,-0.82,1.1,0.18,-0.58426,-0.10686,-0.05032,-0.80292,-0.82,1.08,0.19,-0.58426,-0.10686,-0.05032,-0.80292,-0.85,1.08,0.09,0.32575,-0.0616,-0.15378,-0.93083,-0.86,1.12,0.13,0.02282,-0.08901,-0.14777,-0.98474,-0.85,1.12,0.17,-0.3937,-0.14386,-0.10943,-0.90129,-0.84,1.1,0.19,-0.58873,-0.14694,-0.1363,-0.78309,-0.83,1.08,0.2,-0.58873,-0.14694,-0.1363,-0.78309,-0.87,1.08,0.09,0.32575,-0.0616,-0.15378,-0.93083,-0.87,1.11,0.13,0.10432,-0.06607,-0.21001,-0.96987,-0.87,1.12,0.17,-0.37245,-0.17576,-0.19142,-0.89092,-0.86,1.1,0.19,-0.61561,-0.24359,-0.15827,-0.73255,-0.84,1.08,0.19,-0.61561,-0.24359,-0.15827,-0.73255,-0.88,1.07,0.09,0.26396,0.00074,-0.38617,-0.88385,-0.89,1.09,0.13,0.1758,-0.05904,-0.28893,-0.93922,-0.89,1.1,0.16,-0.31428,-0.1886,-0.29764,-0.88152,-0.88,1.09,0.17,-0.57227,-0.31708,-0.23163,-0.71994,-0.86,1.08,0.18,-0.57227,-0.31708,-0.23163,-0.71994,-0.71,1.09,0.13,-0.29553,-0.14165,-0.0833,0.94109,-0.69,1.06,0.07,-0.29553,-0.14165,-0.0833,0.94109,-0.73,1.07,0.1,-0.42771,-0.20998,0.56144,0.67657,-0.75,1.08,0.12,-0.27707,-0.0811,0.5146,0.80737,-0.77,1.09,0.15,-0.21941,-0.08274,0.59635,0.76771,-0.78,1.1,0.17,-0.21941,-0.08274,0.59635,0.76771,-0.72,1.07,0.1,-0.29553,-0.14165,-0.0833,0.94109,-0.73,1.11,0.14,0.03962,-0.19292,0.04058,0.97958,-0.75,1.11,0.18,0.36446,-0.16942,0.07608,0.91251,-0.75,1.09,0.19,0.48068,-0.13026,0.09055,0.86243,-0.76,1.07,0.21,0.48068,-0.13026,0.09055,0.86243,-0.7,1.07,0.1,-0.29553,-0.14165,-0.0833,0.94109,-0.71,1.11,0.15,-0.04668,-0.14928,-0.05855,0.98596,-0.72,1.12,0.19,0.36993,-0.1614,-0.00376,0.91492,-0.73,1.1,0.21,0.57493,-0.14241,-0.02991,0.80516,-0.74,1.08,0.21,0.57493,-0.14241,-0.02991,0.80516,-0.68,1.07,0.11,-0.29553,-0.14165,-0.0833,0.94109,-0.69,1.1,0.15,-0.14085,-0.11231,-0.13463,0.97438,-0.7,1.12,0.19,0.40235,-0.18743,-0.09258,0.8913,-0.71,1.1,0.2,0.67236,-0.22537,-0.0555,0.7029,-0.72,1.08,0.2,0.67236,-0.22537,-0.0555,0.7029,-0.68,1.07,0.11,-0.22783,-0.06776,-0.31436,0.91906,-0.68,1.09,0.15,-0.23511,-0.07824,-0.22079,0.94332,-0.68,1.11,0.18,0.36362,-0.19915,-0.21445,0.88438,-0.69,1.09,0.19,0.67647,-0.30841,-0.13118,0.65579,-0.7,1.08,0.19,0.67647,-0.30841,-0.13118,0.65579,-0.81,1.08,0.19
-0.79,1.46,-0.16,-0.79,1.46,-0.16,-0.86,1.1,0.11,0.3296,-0.06153,-0.15816,-0.92874,-0.86,1.06,0.05,0.3296,-0.06153,-0.15816,-0.92874,-0.83,1.08,0.09,0.40269,-0.15738,0.54043,-0.72181,-0.81,1.09,0.11,0.1576,0.02138,0.48668,-0.85898,-0.8,1.1,0.14,0.00595,0.06284,0.55101,-0.83211,-0.8,1.11,0.16,0.00595,0.06284,0.55101,-0.83211,-0.84,1.08,0.08,0.3296,-0.06153,-0.15816,-0.92874,-0.83,1.12,0.13,-0.01411,-0.09476,-0.09149,-0.99119,-0.83,1.12,0.16,-0.419,-0.12735,-0.07041,-0.89625,-0.82,1.11,0.18,-0.58204,-0.11084,-0.05133,-0.80394,-0.82,1.08,0.19,-0.58204,-0.11084,-0.05133,-0.80394,-0.85,1.08,0.09,0.3296,-0.06153,-0.15816,-0.92874,-0.86,1.12,0.13,0.0241,-0.09184,-0.15105,-0.98396,-0.85,1.12,0.17,-0.39205,-0.1478,-0.11124,-0.90116,-0.84,1.11,0.19,-0.58636,-0.15117,-0.13726,-0.78389,-0.83,1.08,0.2,-0.58636,-0.15117,-0.13726,-0.78389,-0.87,1.08,0.09,0.3296,-0.06153,-0.15816,-0.92874,-0.87,1.11,0.13,0.10499,-0.0686,-0.21379,-0.9688,-0.87,1.12,0.17,-0.3699,-0.1795,-0.19373,-0.89074,-0.86,1.1,0.18,-0.61199,-0.24771,-0.15959,-0.73392,-0.84,1.08,0.19,-0.61199,-0.24771,-0.15959,-0.73392,-0.88,1.07,0.09,0.26712,-0.00036,-0.39052,-0.88099,-0.89,1.09,0.13,0.17636,-0.06183,-0.29295,-0.93769,-0.89,1.1,0.16,-0.31186,-0.19258,-0.29993,-0.88074,-0.88,1.09,0.17,-0.56738,-0.32091,-0.23325,-0.72159,-0.86,1.08,0.18,-0.56738,-0.32091,-0.23325,-0.72159,-0.71,1.1,0.12,-0.32191,-0.16967,-0.09466,0.92662,-0.69,1.06,0.07,-0.32191,-0.16967,-0.09466,0.92662,-0.73,1.07,0.1,-0.45643,-0.20361,0.56043,0.6604,-0.76,1.08,0.11,-0.31335,-0.08124,0.51136,0.79607,-0.77,1.1,0.14,-0.27292,-0.09201,0.59379,0.75131,-0.78,1.11,0.16,-0.27292,-0.09201,0.59379,0.75131,-0.72,1.08,0.1,-0.32191,-0.16967,-0.09466,0.92662,-0.74,1.12,0.14,-0.07305,-0.22942,0.02318,0.97031,-0.76,1.12,0.17,0.24103,-0.21363,0.06867,0.94422,-0.76,1.11,0.19,0.36198,-0.1765,0.08518,0.91135,-0.77,1.1,0.2,0.36198,-0.1765,0.08518,0.91135,-0.71,1.08,0.1,-0.32191,-0.16967,-0.09466,0.92662,-0.72,1.12,0.14,-0.07855,-0.17479,-0.06618,0.97923,-0.73,1.13,0.18,0.3959,-0.18776,0.01176,0.89882,-0.74,1.11,0.2,0.64549,-0.15942,-0.00291,0.74694,-0.75,1.08,0.2,0.64549,-0.15942,-0.00291,0.74694,-0.69,1.08,0.11,-0.32191,-0.16967,-0.09466,0.92662,-0.7,1.11,0.14,-0.14259,-0.14076,-0.14192,0.96939,-0.71,1.12,0.18,0.45152,-0.21939,-0.0716,0.8619,-0.72,1.1,0.19,0.74608,-0.24498,-0.0154,0.61896,-0.73,1.08,0.19,0.74608,-0.24498,-0.0154,0.61896,-0.68,1.07,0.11,-0.24624,-0.10259,-0.32555,0.90712,-0.68,1.1,0.15,-0.23671,-0.09694,-0.23616,0.93744,-0.69,1.11,0.17,0.40273,-0.23269,-0.20663,0.8608,-0.7,1.1,0.18,0.7294,-0.33811,-0.09925,0.58635,-0.71,1.08,0.18,0.7294,-0.33811,-0.09925,0.58635,-0.81,1.08,0.19
-0.79,1.46,-0.16,-0.79,1.46,-0.16,-0.86,1.1,0.11,0.32701,-0.06119,-0.1598,-0.9294,-0.86,1.06,0.05,0.32701,-0.06119,-0.1598,-0.9294,-0.83,1.08,0.09,0.40077,-0.15748,0.53915,-0.72381,-0.81,1.09,0.11,0.15652,0.02029,0.48536,-0.85995,-0.8,1.1,0.14,0.00318,0.06257,0.54961,-0.83307,-0.8,1.1,0.16,0.00318,0.06257,0.54961,-0.83307,-0.84,1.08,0.08,0.32701,-0.06119,-0.1598,-0.9294,-0.83,1.12,0.13,-0.01692,-0.09644,-0.09207,-0.99093,-0.83,1.12,0.16,-0.42017,-0.12895,-0.07046,-0.89547,-0.82,1.1,0.18,-0.58284,-0.1124,-0.05108,-0.80316,-0.82,1.08,0.19,-0.58284,-0.1124,-0.05108,-0.80316,-0.85,1.08,0.09,0.32701,-0.06119,-0.1598,-0.9294,-0.86,1.12,0.13,0.02121,-0.09259,-0.15223,-0.98377,-0.85,1.12,0.17,-0.39347,-0.14879,-0.11219,-0.90025,-0.84,1.1,0.19,-0.58645,-0.15214,-0.13804,-0.7835,-0.83,1.08,0.2,-0.58645,-0.15214,-0.13804,-0.7835,-0.87,1.08,0.09,0.32701,-0.06119,-0.1598,-0.9294,-0.87,1.11,0.13,0.10128,-0.0687,-0.21526,-0.96886,-0.87,1.12,0.17,-0.37122,-0.17972,-0.19539,-0.88979,-0.86,1.1,0.19,-0.61209,-0.24822,-0.16134,-0.73328,-0.84,1.08,0.19,-0.61209,-0.24822,-0.16134,-0.73328,-0.88,1.07,0.09,0.26445,0.00057,-0.39188,-0.88119,-0.89,1.09,0.13,0.17165,-0.06221,-0.29438,-0.93809,-0.89,1.1,0.16,-0.31418,-0.19258,-0.30129,-0.87945,-0.88,1.09,0.17,-0.56791,-0.32096,-0.2351,-0.72055,-0.86,1.08,0.18,-0.56791,-0.32096,-0.2351,-0.72055,-0.71,1.1,0.12,-0.32249,-0.15098,-0.08003,0.93102,-0.69,1.06,0.07,-0.32249,-0.15098,-0.08003,0.93102,-0.73,1.07,0.1,-0.42702,-0.18888,0.59113,0.65768,-0.75,1.08,0.12,-0.28304,-0.05445,0.54044,0.79047,-0.77,1.09,0.14,-0.23582,-0.06443,0.61998,0.74556,-0.78,1.1,0.16,-0.23582,-0.06443,0.61998,0.74556,-0.72,1.08,0.1,-0.32249,-0.15098,-0.08003,0.93102,-0.74,1.12,0.14,-0.0472,-0.21043,0.04061,0.97562,-0.75,1.12,0.17,0.28092,-0.18827,0.08196,0.93751,-0.76,1.11,0.19,0.40427,-0.14871,0.09698,0.89724,-0.76,1.09,0.2,0.40427,-0.14871,0.09698,0.89724,-0.7,1.08,0.1,-0.32249,-0.15098,-0.08003,0.93102,-0.72,1.12,0.14,-0.0896,-0.14445,-0.06319,0.98342,-0.73,1.13,0.18,0.41962,-0.15963,0.00559,0.89354,-0.73,1.11,0.2,0.69053,-0.13076,-0.0145,0.71124,-0.74,1.08,0.2,0.69053,-0.13076,-0.0145,0.71124,-0.69,1.08,0.1,-0.32249,-0.15098,-0.08003,0.93102,-0.7,1.11,0.14,-0.15316,-0.11011,-0.1361,0.97257,-0.7,1.12,0.18,0.46511,-0.19341,-0.08038,0.86012,-0.71,1.1,0.19,0.7744,-0.22314,-0.02874,0.59135,-0.72,1.08,0.19,0.7744,-0.22314,-0.02874,0.59135,-0.68,1.07,0.11,-0.25265,-0.08373,-0.31272,0.91179,-0.68,1.1,0.15,-0.24457,-0.06675,-0.22608,0.94054,-0.68,1.11,0.17,0.40241,-0.20497,-0.21644,0.86557,-0.69,1.1,0.18,0.74151,-0.31924,-0.115,0.57881,-0.7,1.08,0.18,0.74151,-0.31924,-0.115,0.57881,-0.81,1.08,0.19
-0.79,1.46,-0.16,-0.79,1.46,-0.16,-0.86,1.1,0.11,0.32554,-0.06081,-0.1592,-0.93004,-0.86,1.06,0.05,0.32554,-0.06081,-0.1592,-0.93004,-0.83,1.08,0.09,0.39865,-0.15794,0.54008,-0.72419,-0.81,1.09,0.11,0.15512,0.01991,0.48641,-0.85962,-0.8,1.1,0.14,0.00164,0.06239,0.55058,-0.83245,-0.8,1.1,0.16,0.00164,0.06239,0.55058,-0.83245,-0.84,1.08,0.09,0.32554,-0.06081,-0.1592,-0.93004,-0.83,1.12,0.13,-0.01987,-0.09693,-0.09079,-0.99094,-0.83,1.12,0.16,-0.42217,-0.12874,-0.0692,-0.89466,-0.82,1.1,0.18,-0.58416,-0.11191,-0.0499,-0.80234,-0.82,1.08,0.19,-0.58416,-0.11191,-0.0499,-0.80234,-0.85,1.08,0.09,0.32554,-0.06081,-0.1592,-0.93004,-0.86,1.12,0.13,0.01891,-0.09237,-0.15152,-0.98395,-0.85,1.12,0.17,-0.39484,-0.14817,-0.11176,-0.89981,-0.84,1.1,0.19,-0.58729,-0.15131,-0.13777,-0.78308,-0.83,1.08,0.2,-0.58729,-0.15131,-0.13777,-0.78308,-0.87,1.08,0.09,0.32554,-0.06081,-0.1592,-0.93004,-0.87,1.11,0.13,0.09835,-0.06861,-0.2145,-0.96933,-0.87,1.12,0.17,-0.37279,-0.17891,-0.19504,-0.88937,-0.86,1.1,0.19,-0.61342,-0.2473,-0.16129,-0.73249,-0.84,1.08,0.19,-0.61342,-0.2473,-0.16129,-0.73249,-0.88,1.07,0.09,0.26317,0.00134,-0.39124,-0.88185,-0.89,1.09,0.13,0.16818,-0.06225,-0.29376,-0.93891,-0.89,1.1,0.16,-0.31632,-0.19162,-0.30095,-0.87901,-0.88,1.09,0.17,-0.5696,-0.31988,-0.23527,-0.71964,-0.86,1.08,0.18,-0.5696,-0.31988,-0.23527,-0.71964,-0.71,1.1,0.12,-0.31487,-0.14739,-0.07657,0.93449,-0.69,1.06,0.07,-0.31487,-0.14739,-0.07657,0.93449,-0.73,1.07,0.1,-0.40716,-0.19644,0.60402,0.65635,-0.75,1.08,0.12,-0.25791,-0.05285,0.55659,0.78797,-0.77,1.09,0.14,-0.20434,-0.05985,0.63433,0.74316,-0.77,1.1,0.17,-0.20434,-0.05985,0.63433,0.74316,-0.72,1.08,0.1,-0.31487,-0.14739,-0.07657,0.93449,-0.74,1.11,0.14,-0.02649,-0.20521,0.04486,0.97733,-0.75,1.12,0.17,0.32939,-0.17875,0.08978,0.92276,-0.76,1.1,0.19,0.46629,-0.13596,0.10776,0.86746,-0.76,1.08,0.2,0.46629,-0.13596,0.10776,0.86746,-0.7,1.08,0.1,-0.31487,-0.14739,-0.07657,0.93449,-0.71,1.12,0.14,-0.08855,-0.1356,-0.06378,0.98474,-0.73,1.13,0.18,0.42625,-0.15226,0.00148,0.8917,-0.73,1.1,0.2,0.70163,-0.12419,-0.02021,0.70134,-0.74,1.08,0.2,0.70163,-0.12419,-0.02021,0.70134,-0.69,1.08,0.1,-0.31487,-0.14739,-0.07657,0.93449,-0.7,1.11,0.14,-0.16403,-0.0979,-0.13715,0.97196,-0.7,1.12,0.18,0.45717,-0.18489,-0.08803,0.86549,-0.71,1.1,0.19,0.77199,-0.21867,-0.03819,0.59561,-0.72,1.08,0.19,0.77199,-0.21867,-0.03819,0.59561,-0.68,1.07,0.11,-0.24644,-0.07812,-0.30909,0.91522,-0.68,1.1,0.15,-0.25167,-0.05331,-0.22366,0.94011,-0.68,1.11,0.17,0.39164,-0.19272,-0.22361,0.87148,-0.69,1.1,0.18,0.73787,-0.31237,-0.12479,0.58515,-0.7,1.08,0.18,0.73787,-0.31237,-0.12479,0.58515,-0.81,1.08,0.19
-0.79,1.46,-0.16,-0.79,1.46,-0.16,-0.86,1.1,0.11,0.32436,-0.06039,-0.15825,-0.93065,-0.86,1.06,0.05,0.32436,-0.06039,-0.15825,-0.93065,-0.83,1.08,0.09,0.39625,-0.15867,0.54164,-0.72418,-0.81,1.09,0.11,0.1529,0.01989,0.48821,-0.859,-0.8,1.1,0.14,-0.0002,0.06227,0.55226,-0.83134,-0.8,1.1,0.16,-0.0002,0.06227,0.55226,-0.83134,-0.84,1.08,0.09,0.32436,-0.06039,-0.15825,-0.93065,-0.83,1.12,0.13,-0.02132,-0.09691,-0.08951,-0.99103,-0.83,1.12,0.16,-0.42231,-0.12807,-0.06823,-0.89476,-0.82,1.1,0.18,-0.5834,-0.111,-0.0492,-0.80306,-0.82,1.08,0.19,-0.5834,-0.111,-0.0492,-0.80306,-0.85,1.08,0.09,0.32436,-0.06039,-0.15825,-0.93065,-0.86,1.12,0.13,0.01675,-0.09229,-0.15029,-0.98418,-0.85,1.12,0.17,-0.39694,-0.14756,-0.11067,-0.89912,-0.84,1.1,0.19,-0.58925,-0.15035,-0.13681,-0.78196,-0.83,1.08,0.2,-0.58925,-0.15035,-0.13681,-0.78196,-0.87,1.08,0.09,0.32436,-0.06039,-0.15825,-0.93065,-0.87,1.11,0.13,0.0959,-0.06842,-0.21341,-0.96984,-0.87,1.12,0.17,-0.37545,-0.17818,-0.19417,-0.88859,-0.86,1.1,0.19,-0.61602,-0.24632,-0.16067,-0.73077,-0.84,1.08,0.19,-0.61602,-0.24632,-0.16067,-0.73077,-0.88,1.07,0.09,0.26224,0.0021,-0.39028,-0.88256,-0.89,1.09,0.13,0.16535,-0.06186,-0.29293,-0.93969,-0.89,1.1,0.16,-0.31983,-0.19089,-0.30029,-0.87812,-0.88,1.09,0.17,-0.57327,-0.31911,-0.23482,-0.71722,-0.86,1.08,0.18,-0.57327,-0.31911,-0.23482,-0.71722,-0.71,1.1,0.12,-0.30569,-0.15326,-0.07617,0.93662,-0.69,1.06,0.07,-0.30569,-0.15326,-0.07617,0.93662,-0.73,1.07,0.1,-0.40507,-0.21326,0.60055,0.65558,-0.75,1.08,0.11,-0.25118,-0.06736,0.55776,0.78821,-0.77,1.09,0.14,-0.19531,-0.07196,0.63562,0.74341,-0.78,1.09,0.16,-0.19531,-0.07196,0.63562,0.74341,-0.72,1.08,0.1,-0.30569,-0.15326,-0.07617,0.93662,-0.74,1.11,0.14,-0.05382,-0.21305,0.03753,0.97484,-0.75,1.12,0.17,0.29713,-0.18994,0.08462,0.93192,-0.76,1.1,0.19,0.44086,-0.14762,0.10436,0.87918,-0.76,1.09,0.2,0.44086,-0.14762,0.10436,0.87918,-0.7,1.08,0.1,-0.30569,-0.15326,-0.07617,0.93662,-0.72,1.12,0.14,-0.09683,-0.14017,-0.06428,0.98328,-0.73,1.12,0.18,0.40654,-0.1566,0.00136,0.90011,-0.73,1.1,0.2,0.68208,-0.13013,-0.01959,0.71934,-0.74,1.08,0.2,0.68208,-0.13013,-0.01959,0.71934,-0.69,1.08,0.1,-0.30569,-0.15326,-0.07617,0.93662,-0.7,1.11,0.14,-0.17274,-0.09954,-0.13771,0.9702,-0.7,1.12,0.18,0.43866,-0.18592,-0.08926,0.87467,-0.71,1.1,0.19,0.75556,-0.22092,-0.03949,0.61543,-0.72,1.08,0.19,0.75556,-0.22092,-0.03949,0.61543,-0.68,1.07,0.11,-0.23635,-0.0816,-0.30775,0.91803,-0.68,1.1,0.15,-0.25743,-0.05241,-0.22253,0.93886,-0.68,1.11,0.17,0.37387,-0.18891,-0.22534,0.87963,-0.69,1.1,0.18,0.72474,-0.30994,-0.12776,0.60197,-0.7,1.08,0.18,0.72474,-0.30994,-0.12776,0.60197,-0.81,1.08,0.19
-0.79,1.46,-0.16,-0.79,1.46,-0.16,-0.86,1.1,0.11,0.32348,-0.06042,-0.15813,-0.93097,-0.86,1.06,0.06,0.32348,-0.06042,-0.15813,-0.93097,-0.83,1.08,0.09,0.39563,-0.15893,0.5416,-0.72449,-0.81,1.09,0.11,0.15207,0.01976,0.48826,-0.85912,-0.8,1.1,0.14,-0.0007,0.06186,0.55235,-0.83132,-0.8,1.1,0.16,-0.0007,0.06186,0.55235,-0.83132,-0.84,1.08,0.09,0.32348,-0.06042,-0.15813,-0.93097,-0.83,1.12,0.13,-0.0218,-0.09713,-0.08925,-0.99102,-0.83,1.12,0.17,-0.41951,-0.1279,-0.06838,-0.89609,-0.82,1.1,0.18,-0.57818,-0.11067,-0.0499,-0.80682,-0.82,1.08,0.19,-0.57818,-0.11067,-0.0499,-0.80682,-0.85,1.08,0.09,0.32348,-0.06042,-0.15813,-0.93097,-0.86,1.12,0.13,0.01621,-0.09305,-0.14961,-0.98422,-0.85,1.12,0.17,-0.39601,-0.14779,-0.10998,-0.89958,-0.84,1.1,0.19,-0.58722,-0.15036,-0.13622,-0.78359,-0.83,1.08,0.2,-0.58722,-0.15036,-0.13622,-0.78359,-0.87,1.08,0.09,0.32348,-0.06042,-0.15813,-0.93097,-0.87,1.11,0.13,0.09665,-0.06842,-0.21316,-0.96982,-0.87,1.12,0.17,-0.37493,-0.17813,-0.19391,-0.88887,-0.86,1.1,0.19,-0.61515,-0.24614,-0.16055,-0.73159,-0.84,1.08,0.19,-0.61515,-0.24614,-0.16055,-0.73159,-0.88,1.07,0.09,0.26139,0.0023,-0.39011,-0.88288,-0.89,1.09,0.13,0.1662,-0.06088,-0.29293,-0.93961,-0.89,1.1,0.16,-0.32098,-0.19075,-0.30044,-0.87768,-0.88,1.09,0.17,-0.57474,-0.31916,-0.23484,-0.71601,-0.86,1.08,0.18,-0.57474,-0.31916,-0.23484,-0.71601,-0.71,1.09,0.12,-0.28122,-0.15565,-0.06209,0.9449,-0.69,1.06,0.07,-0.28122,-0.15565,-0.06209,0.9449,-0.73,1.07,0.1,-0.40467,-0.23963,0.58741,0.65861,-0.76,1.08,0.11,-0.25015,-0.09782,0.55043,0.7905,-0.77,1.09,0.14,-0.20123,-0.10609,0.62931,0.74312,-0.78,1.09,0.16,-0.20123,-0.10609,0.62931,0.74312,-0.72,1.07,0.1,-0.28122,-0.15565,-0.06209,0.9449,-0.74,1.11,0.14,-0.0883,-0.22346,0.03869,0.96993,-0.76,1.11,0.17,0.17366,-0.20767,0.0701,0.96011,-0.77,1.11,0.19,0.29818,-0.17108,0.08419,0.93527,-0.77,1.09,0.21,0.29818,-0.17108,0.08419,0.93527,-0.71,1.07,0.1,-0.28122,-0.15565,-0.06209,0.9449,-0.72,1.11,0.14,-0.12807,-0.13631,-0.05739,0.98068,-0.73,1.12,0.18,0.3401,-0.15035,-0.00061,0.92829,-0.74,1.11,0.2,0.6084,-0.13091,-0.02595,0.78233,-0.74,1.08,0.21,0.6084,-0.13091,-0.02595,0.78233,-0.69,1.08,0.1,-0.28122,-0.15565,-0.06209,0.9449,-0.7,1.1,0.15,-0.19663,-0.09156,-0.12718,0.96787,-0.71,1.12,0.18,0.38357,-0.1712,-0.09087,0.90294,-0.72,1.1,0.2,0.69915,-0.21034,-0.0499,0.68151,-0.72,1.08,0.2,0.69915,-0.21034,-0.0499,0.68151,-0.68,1.07,0.11,-0.21399,-0.07742,-0.29235,0.92884,-0.68,1.09,0.15,-0.26243,-0.0443,-0.20614,0.94163,-0.68,1.11,0.17,0.33668,-0.16521,-0.22249,0.89992,-0.69,1.1,0.19,0.68912,-0.28647,-0.13917,0.65091,-0.7,1.08,0.19,0.68912,-0.28647,-0.13917,0.65091,-0.81,1.08,0.19
-0.79,1.46,-0.16,-0.79,1.46,-0.16,-0.86,1.1,0.11,0.32364,-0.05999,-0.15861,-0.93086,-0.86,1.06,0.06,0.32364,-0.05999,-0.15861,-0.93086,-0.83,1.08,0.09,0.39545,-0.15758,0.54144,-0.725,-0.81,1.09,0.11,0.15208,0.02088,0.48764,-0.85944,-0.8,1.1,0.14,-0.00033,0.06255,0.55167,-0.83171,-0.8,1.1,0.16,-0.00033,0.06255,0.55167,-0.83171,-0.84,1.08,0.09,0.32364,-0.05999,-0.15861,-0.93086,-0.83,1.12,0.13,-0.02187,-0.09772,-0.08922,-0.99097,-0.83,1.12,0.17,-0.41461,-0.12805,-0.06883,-0.89831,-0.82,1.1,0.18,-0.56954,-0.1106,-0.05113,-0.81288,-0.82,1.08,0.19,-0.56954,-0.1106,-0.05113,-0.81288,-0.85,1.08,0.09,0.32364,-0.05999,-0.15861,-0.93086,-0.86,1.12,0.13,0.01684,-0.09393,-0.14943,-0.98416,-0.85,1.12,0.17,-0.39365,-0.14831,-0.10973,-0.90056,-0.84,1.1,0.19,-0.58238,-0.1507,-0.13617,-0.78714,-0.83,1.08,0.2,-0.58238,-0.1507,-0.13617,-0.78714,-0.87,1.08,0.09,0.32364,-0.05999,-0.15861,-0.93086,-0.87,1.11,0.13,0.09958,-0.06809,-0.21364,-0.96944,-0.87,1.12,0.17,-0.37153,-0.17805,-0.19455,-0.89017,-0.86,1.1,0.19,-0.61038,-0.24607,-0.16158,-0.73537,-0.84,1.08,0.19,-0.61038,-0.24607,-0.16158,-0.73537,-0.88,1.07,0.09,0.26158,0.00266,-0.39059,-0.88262,-0.89,1.09,0.13,0.16958,-0.05924,-0.29363,-0.93889,-0.89,1.1,0.16,-0.31813,-0.19011,-0.30176,-0.87841,-0.88,1.09,0.17,-0.57099,-0.31866,-0.23664,-0.71863,-0.86,1.08,0.18,-0.57099,-0.31866,-0.23664,-0.71863,-0.71,1.09,0.12,-0.25311,-0.15514,-0.04339,0.95393,-0.69,1.06,0.07,-0.25311,-0.15514,-0.04339,0.95393,-0.73,1.07,0.1,-0.40288,-0.25566,0.5733,0.66607,-0.76,1.07,0.11,-0.2489,-0.11904,0.539,0.79584,-0.77,1.08,0.14,-0.20943,-0.13367,0.61829,0.74564,-0.79,1.09,0.16,-0.20943,-0.13367,0.61829,0.74564,-0.72,1.07,0.1,-0.25311,-0.15514,-0.04339,0.95393,-0.74,1.1,0.14,-0.04149,-0.2342,0.06604,0.96906,-0.76,1.11,0.17,0.20455,-0.21113,0.09613,0.95097,-0.77,1.1,0.19,0.31173,-0.17256,0.10814,0.92809,-0.77,1.08,0.21,0.31173,-0.17256,0.10814,0.92809,-0.71,1.07,0.1,-0.25311,-0.15514,-0.04339,0.95393,-0.72,1.11,0.15,-0.14063,-0.1282,-0.04476,0.98071,-0.73,1.12,0.18,0.32087,-0.13756,0.00571,0.93706,-0.74,1.1,0.21,0.58367,-0.11866,-0.02449,0.8029,-0.74,1.08,0.21,0.58367,-0.11866,-0.02449,0.8029,-0.69,1.08,0.1,-0.25311,-0.15514,-0.04339,0.95393,-0.7,1.1,0.15,-0.22372,-0.078,-0.11261,0.96498,-0.71,1.12,0.18,0.35075,-0.15217,-0.08711,0.91991,-0.71,1.1,0.2,0.66372,-0.1925,-0.05523,0.72068,-0.72,1.08,0.2,0.66372,-0.1925,-0.05523,0.72068,-0.68,1.07,0.11,-0.18934,-0.0695,-0.27219,0.94087,-0.68,1.09,0.15,-0.26771,-0.03094,-0.18458,0.94515,-0.68,1.11,0.17,0.30123,-0.13537,-0.21642,0.91875,-0.69,1.1,0.19,0.64986,-0.25509,-0.15047,0.69998,-0.7,1.08,0.19,0.64986,-0.25509,-0.15047,0.69998,-0.81,1.08,0.19
-0.79,1.46,-0.16,-0.79,1.46,-0.16,-0.86,1.1,0.11,0.32571,-0.06013,-0.15882,-0.93009,-0.86,1.06,0.06,0.32571,-0.06013,-0.15882,-0.93009,-0.83,1.08,0.09,0.39476,-0.15618,0.54353,-0.72412,-0.81,1.09,0.11,0.1517,0.02301,0.48927,-0.85853,-0.8,1.1,0.14,0.00064,0.06391,0.55311,-0.83065,-0.8,1.1,0.16,0.00064,0.06391,0.55311,-0.83065,-0.84,1.08,0.09,0.32571,-0.06013,-0.15882,-0.93009,-0.83,1.12,0.13,-0.02153,-0.0992,-0.08825,-0.99091,-0.83,1.12,0.16,-0.41404,-0.129,-0.06739,-0.89855,-0.82,1.1,0.18,-0.56721,-0.11115,-0.04985,-0.81451,-0.82,1.08,0.19,-0.56721,-0.11115,-0.04985,-0.81451,-0.85,1.08,0.09,0.32571,-0.06013,-0.15882,-0.93009,-0.86,1.12,0.13,0.01886,-0.09564,-0.1486,-0.98408,-0.85,1.12,0.17,-0.39166,-0.14952,-0.10829,-0.9014,-0.84,1.1,0.19,-0.57903,-0.15155,-0.1347,-0.78969,-0.83,1.08,0.2,-0.57903,-0.15155,-0.1347,-0.78969,-0.87,1.08,0.09,0.32571,-0.06013,-0.15882,-0.93009,-0.87,1.11,0.13,0.10224,-0.06917,-0.21345,-0.96912,-0.87,1.12,0.17,-0.36865,-0.17892,-0.1939,-0.89134,-0.86,1.1,0.19,-0.60648,-0.24657,-0.16103,-0.73855,-0.84,1.08,0.19,-0.60648,-0.24657,-0.16103,-0.73855,-0.88,1.07,0.09,0.26353,0.00198,-0.39092,-0.88189,-0.89,1.09,0.13,0.17255,-0.05965,-0.29379,-0.93827,-0.89,1.1,0.16,-0.31527,-0.19078,-0.3017,-0.87931,-0.88,1.09,0.17,-0.56717,-0.31891,-0.23679,-0.72149,-0.86,1.08,0.18,-0.56717,-0.31891,-0.23679,-0.72149,-0.71,1.09,0.12,-0.22663,-0.15252,-0.03259,0.96141,-0.69,1.07,0.07,-0.22663,-0.15252,-0.03259,0.96141,-0.73,1.07,0.1,-0.3961,-0.26961,0.55947,0.67633,-0.76,1.07,0.11,-0.24242,-0.13751,0.5272,0.80274,-0.77,1.08,0.14,-0.21109,-0.15787,0.60638,0.75021,-0.79,1.09,0.16,-0.21109,-0.15787,0.60638,0.75021,-0.72,1.07,0.1,-0.22663,-0.15252,-0.03259,0.96141,-0.74,1.1,0.14,0.01559,-0.24443,0.0891,0.96544,-0.76,1.1,0.18,0.26836,-0.21268,0.12323,0.93143,-0.77,1.08,0.2,0.37997,-0.16931,0.13871,0.89873,-0.77,1.07,0.21,0.37997,-0.16931,0.13871,0.89873,-0.71,1.07,0.1,-0.22663,-0.15252,-0.03259,0.96141,-0.72,1.1,0.15,-0.14681,-0.11895,-0.03882,0.98122,-0.73,1.12,0.19,0.31235,-0.12673,0.00639,0.94145,-0.74,1.1,0.21,0.57407,-0.10882,-0.0272,0.81108,-0.74,1.08,0.22,0.57407,-0.10882,-0.0272,0.81108,-0.69,1.08,0.1,-0.22663,-0.15252,-0.03259,0.96141,-0.7,1.1,0.15,-0.23054,-0.06343,-0.10347,0.96547,-0.7,1.12,0.18,0.33761,-0.13466,-0.0884,0.9274,-0.71,1.1,0.2,0.6469,-0.17706,-0.06374,0.73899,-0.72,1.08,0.21,0.6469,-0.17706,-0.06374,0.73899,-0.68,1.07,0.11,-0.16563,-0.06023,-0.25961,0.94949,-0.68,1.09,0.15,-0.26487,-0.00558,-0.17082,0.94902,-0.68,1.1,0.18,0.28093,-0.10142,-0.22068,0.92849,-0.69,1.09,0.19,0.61941,-0.22344,-0.17188,0.73271,-0.7,1.08,0.2,0.61941,-0.22344,-0.17188,0.73271,-0.81,1.08,0.19
-0.79,1.46,-0.16,-0.79,1.46,-0.16,-0.86,1.1,0.11,0.32582,-0.06014,-0.15676,-0.93041,-0.86,1.06,0.05,0.32582,-0.06014,-0.15676,-0.93041,-0.83,1.08,0.09,0.3915,-0.15734,0.54753,-0.72262,-0.81,1.09,0.11,0.14896,0.02351,0.49367,-0.85647,-0.8,1.1,0.14,-0.00049,0.0639,0.55733,-0.82783,-0.8,1.1,0.16,-0.00049,0.0639,0.55733,-0.82783,-0.84,1.08,0.09,0.32582,-0.06014,-0.15676,-0.93041,-0.83,1.12,0.13,-0.02153,-0.09914,-0.08579,-0.99113,-0.83,1.12,0.16,-0.41478,-0.12803,-0.06507,-0.89852,-0.82,1.1,0.18,-0.56805,-0.1098,-0.04769,-0.81424,-0.82,1.08,0.19,-0.56805,-0.1098,-0.04769,-0.81424,-0.85,1.08,0.09,0.32582,-0.06014,-0.15676,-0.93041,-0.86,1.12,0.13,0.01879,-0.09567,-0.14618,-0.98444,-0.85,1.12,0.17,-0.39234,-0.1486,-0.10601,-0.90152,-0.84,1.1,0.19,-0.57982,-0.15015,-0.13267,-0.78972,-0.83,1.08,0.2,-0.57982,-0.15015,-0.13267,-0.78972,-0.87,1.08,0.09,0.32582,-0.06014,-0.15676,-0.93041,-0.87,1.11,0.13,0.10198,-0.06927,-0.21118,-0.96964,-0.87,1.12,0.17,-0.36928,-0.17796,-0.19187,-0.89171,-0.86,1.1,0.19,-0.60726,-0.24507,-0.15937,-0.73876,-0.84,1.08,0.19,-0.60726,-0.24507,-0.15937,-0.73876,-0.88,1.07,0.09,0.26392,0.00203,-0.389,-0.88262,-0.89,1.09,0.13,0.17233,-0.05943,-0.29184,-0.93893,-0.89,1.1,0.16,-0.3167,-0.18993,-0.29999,-0.87956,-0.88,1.09,0.17,-0.56927,-0.31773,-0.23529,-0.72085,-0.86,1.08,0.18,-0.56927,-0.31773,-0.23529,-0.72085,-0.71,1.09,0.12,-0.2307,-0.1526,-0.03209,0.96045,-0.69,1.07,0.07,-0.2307,-0.1526,-0.03209,0.96045,-0.73,1.07,0.09,-0.40721,-0.26588,0.55111,0.67806,-0.76,1.07,0.11,-0.25505,-0.1381,0.517,0.80535,-0.77,1.08,0.14,-0.22556,-0.15868,0.59705,0.75331,-0.79,1.09,0.16,-0.22556,-0.15868,0.59705,0.75331,-0.72,1.07,0.1,-0.2307,-0.1526,-0.03209,0.96045,-0.74,1.1,0.14,0.01627,-0.25103,0.09506,0.96316,-0.76,1.1,0.18,0.27315,-0.21688,0.13181,0.92789,-0.77,1.09,0.19,0.39195,-0.1712,0.14958,0.89145,-0.77,1.07,0.21,0.39195,-0.1712,0.14958,0.89145,-0.71,1.07,0.1,-0.2307,-0.1526,-0.03209,0.96045,-0.72,1.11,0.15,-0.15559,-0.11914,-0.03899,0.97984,-0.73,1.12,0.19,0.3029,-0.12709,0.00623,0.94449,-0.74,1.1,0.21,0.56692,-0.10987,-0.02732,0.81595,-0.74,1.08,0.22,0.56692,-0.10987,-0.02732,0.81595,-0.69,1.08,0.1,-0.2307,-0.1526,-0.03209,0.96045,-0.7,1.1,0.15,-0.23985,-0.06275,-0.10381,0.9632,-0.7,1.12,0.18,0.3234,-0.13418,-0.08945,0.93242,-0.71,1.1,0.2,0.6342,-0.17741,-0.06476,0.74974,-0.72,1.08,0.21,0.6342,-0.17741,-0.06476,0.74974,-0.68,1.07,0.11,-0.16965,-0.06129,-0.2595,0.94875,-0.68,1.09,0.15,-0.27127,0.00057,-0.17111,0.94717,-0.68,1.1,0.17,0.26621,-0.09513,-0.22458,0.93255,-0.69,1.09,0.19,0.60441,-0.21881,-0.17804,0.74506,-0.7,1.08,0.2,0.60441,-0.21881,-0.17804,0.74506,-0.81,1.08,0.19
-0.79,1.46,-0.16,-0.79,1.46,-0.16,-0.86,1.1,0.11,0.325,-0.06036,-0.15159,-0.93153,-0.86,1.06,0.05,0.325,-0.06036,-0.15159,-0.93153,-0.83,1.08,0.09,0.38525,-0.16072,0.5551,-0.71946,-0.81,1.09,0.11,0.14356,0.02342,0.50242,-0.8523,-0.8,1.1,0.14,-0.00365,0.06346,0.5657,-0.82216,-0.8,1.1,0.16,-0.00365,0.06346,0.5657,-0.82216,-0.84,1.08,0.09,0.325,-0.06036,-0.15159,-0.93153,-0.83,1.12,0.13,-0.02036,-0.09807,-0.0806,-0.9917,-0.83,1.12,0.16,-0.4146,-0.12507,-0.06065,-0.89933,-0.82,1.1,0.18,-0.56872,-0.10615,-0.04374,-0.81448,-0.82,1.08,0.19,-0.56872,-0.10615,-0.04374,-0.81448,-0.85,1.08,0.09,0.325,-0.06036,-0.15159,-0.93153,-0.86,1.12,0.13,0.01827,-0.09472,-0.14087,-0.98532,-0.85,1.12,0.17,-0.39401,-0.14563,-0.10145,-0.90181,-0.84,1.1,0.19,-0.58219,-0.14626,-0.1288,-0.78935,-0.83,1.08,0.2,-0.58219,-0.14626,-0.1288,-0.78935,-0.87,1.08,0.09,0.325,-0.06036,-0.15159,-0.93153,-0.87,1.11,0.13,0.10072,-0.06876,-0.20588,-0.97095,-0.87,1.12,0.17,-0.3719,-0.17513,-0.18736,-0.89214,-0.86,1.1,0.19,-0.61072,-0.24114,-0.15577,-0.73798,-0.84,1.08,0.19,-0.61072,-0.24114,-0.15577,-0.73798,-0.88,1.07,0.09,0.26378,0.00224,-0.38411,-0.8848,-0.89,1.09,0.13,0.17094,-0.05848,-0.28702,-0.94073,-0.89,1.1,0.16,-0.32146,-0.18751,-0.29591,-0.87974,-0.88,1.09,0.17,-0.57642,-0.31482,-0.23151,-0.71766,-0.86,1.08,0.18,-0.57642,-0.31482,-0.23151,-0.71766,-0.71,1.09,0.12,-0.23739,-0.15278,-0.03175,0.9588,-0.69,1.07,0.07,-0.23739,-0.15278,-0.03175,0.9588,-0.73,1.07,0.09,-0.42009,-0.25988,0.54319,0.67891,-0.76,1.08,0.11,-0.2713,-0.13752,0.50637,0.80689,-0.77,1.09,0.14,-0.24308,-0.15756,0.58747,0.75562,-0.79,1.09,0.16,-0.24308,-0.15756,0.58747,0.75562,-0.72,1.07,0.1,-0.23739,-0.15278,-0.03175,0.9588,-0.74,1.1,0.14,0.00791,-0.25781,0.09926,0.96105,-0.76,1.1,0.18,0.26525,-0.22246,0.13782,0.92799,-0.77,1.09,0.19,0.39047,-0.17503,0.15747,0.89,-0.77,1.07,0.21,0.39047,-0.17503,0.15747,0.89,-0.71,1.07,0.1,-0.23739,-0.15278,-0.03175,0.9588,-0.72,1.11,0.15,-0.16267,-0.12236,-0.03808,0.97832,-0.73,1.12,0.19,0.2928,-0.12968,0.00809,0.94731,-0.74,1.11,0.21,0.55969,-0.1125,-0.02482,0.82066,-0.74,1.08,0.22,0.55969,-0.1125,-0.02482,0.82066,-0.69,1.08,0.1,-0.23739,-0.15278,-0.03175,0.9588,-0.7,1.1,0.15,-0.24726,-0.06534,-0.10382,0.96115,-0.7,1.12,0.18,0.30939,-0.13605,-0.08868,0.93697,-0.71,1.1,0.2,0.62317,-0.17931,-0.06302,0.75864,-0.72,1.08,0.21,0.62317,-0.17931,-0.06302,0.75864,-0.68,1.07,0.11,-0.17616,-0.06306,-0.25976,0.94737,-0.68,1.09,0.15,-0.27554,0.00092,-0.172,0.94578,-0.68,1.11,0.17,0.25669,-0.09448,-0.22577,0.93499,-0.69,1.1,0.19,0.59716,-0.21889,-0.17883,0.75067,-0.7,1.08,0.2,0.59716,-0.21889,-0.17883,0.75067,-0.81,1.08,0.19
-0.79,1.46,-0.16,-0.79,1.46,-0.16,-0.86,1.1,0.11,0.3273,-0.0595,-0.14868,-0.93125,-0.86,1.06,0.05,0.3273,-0.0595,-0.14868,-0.93125,-0.83,1.08,0.09,0.38219,-0.15957,0.56053,-0.71713,-0.81,1.09,0.11,0.1416,0.02646,0.50748,-0.84953,-0.8,1.1,0.14,-0.00231,0.06478,0.57052,-0.81872,-0.8,1.1,0.16,-0.00231,0.06478,0.57052,-0.81872,-0.84,1.08,0.09,0.3273,-0.0595,-0.14868,-0.93125,-0.83,1.12,0.13,-0.01513,-0.09594,-0.07856,-0.99217,-0.83,1.12,0.16,-0.41055,-0.12248,-0.05952,-0.90161,-0.82,1.1,0.18,-0.56557,-0.10346,-0.04314,-0.81705,-0.82,1.08,0.19,-0.56557,-0.10346,-0.04314,-0.81705,-0.85,1.08,0.09,0.3273,-0.0595,-0.14868,-0.93125,-0.86,1.12,0.13,0.02154,-0.09286,-0.13853,-0.98576,-0.85,1.12,0.17,-0.39281,-0.14318,-0.09984,-0.9029,-0.84,1.1,0.19,-0.58309,-0.1438,-0.12764,-0.78933,-0.83,1.08,0.2,-0.58309,-0.1438,-0.12764,-0.78933,-0.87,1.08,0.09,0.3273,-0.0595,-0.14868,-0.93125,-0.87,1.11,0.13,0.10314,-0.06767,-0.20321,-0.97133,-0.87,1.12,0.17,-0.37249,-0.17352,-0.18508,-0.89269,-0.86,1.1,0.19,-0.61385,-0.23928,-0.15351,-0.73645,-0.85,1.08,0.19,-0.61385,-0.23928,-0.15351,-0.73645,-0.88,1.07,0.09,0.2666,0.00261,-0.38158,-0.88505,-0.89,1.09,0.13,0.173,-0.05748,-0.28451,-0.94118,-0.89,1.1,0.16,-0.32309,-0.18661,-0.29374,-0.88006,-0.88,1.09,0.17,-0.5818,-0.31428,-0.22844,-0.71453,-0.86,1.08,0.18,-0.5818,-0.31428,-0.22844,-0.71453,-0.71,1.1,0.12,-0.27014,-0.15508,-0.06111,0.94828,-0.69,1.07,0.07,-0.27014,-0.15508,-0.06111,0.94828,-0.73,1.07,0.09,-0.44956,-0.2326,0.52951,0.68074,-0.76,1.08,0.11,-0.29997,-0.11548,0.48589,0.81277,-0.77,1.09,0.14,-0.27128,-0.13406,0.56903,0.76462,-0.79,1.1,0.16,-0.27128,-0.13406,0.56903,0.76462,-0.72,1.08,0.1,-0.27014,-0.15508,-0.06111,0.94828,-0.74,1.11,0.14,-0.03167,-0.25629,0.07008,0.96354,-0.76,1.11,0.17,0.25123,-0.22685,0.11497,0.93392,-0.77,1.1,0.19,0.38139,-0.18212,0.13578,0.89607,-0.77,1.08,0.21,0.38139,-0.18212,0.13578,0.89607,-0.71,1.08,0.1,-0.27014,-0.15508,-0.06111,0.94828,-0.72,1.11,0.15,-0.09544,-0.13936,-0.05189,0.98426,-0.73,1.12,0.18,0.39613,-0.14987,0.0097,0.90583,-0.74,1.1,0.2,0.66182,-0.12275,-0.01493,0.73939,-0.74,1.08,0.21,0.66182,-0.12275,-0.01493,0.73939,-0.69,1.08,0.1,-0.27014,-0.15508,-0.06111,0.94828,-0.7,1.11,0.15,-0.13209,-0.09625,-0.12003,0.97922,-0.71,1.12,0.18,0.44671,-0.1688,-0.08332,0.87465,-0.72,1.1,0.2,0.74379,-0.2031,-0.04578,0.63516,-0.72,1.07,0.19,0.74379,-0.2031,-0.04578,0.63516,-0.68,1.07,0.11,-0.20346,-0.07409,-0.29056,0.93203,-0.68,1.09,0.15,-0.18345,-0.04658,-0.20598,0.96008,-0.68,1.1,0.18,0.38037,-0.15297,-0.22575,0.88372,-0.69,1.09,0.19,0.69663,-0.27171,-0.15872,0.64474,-0.7,1.08,0.19,0.69663,-0.27171,-0.15872,0.64474,-0.81,1.08,0.19
-0.79,1.46,-0.16,-0.79,1.46,-0.16,-0.86,1.1,0.11,0.33081,-0.05967,-0.14789,-0.93013,-0.86,1.06,0.06,0.33081,-0.05967,-0.14789,-0.93013,-0.83,1.08,0.09,0.38374,-0.15728,0.56223,-0.71547,-0.81,1.09,0.11,0.14306,0.02945,0.50846,-0.84861,-0.8,1.1,0.14,0.00116,0.06648,0.57144,-0.81795,-0.8,1.1,0.16,0.00116,0.06648,0.57144,-0.81795,-0.84,1.08,0.09,0.33081,-0.05967,-0.14789,-0.93013,-0.83,1.12,0.13,-0.01102,-0.09551,-0.07795,-0.99231,-0.83,1.12,0.16,-0.40786,-0.12202,-0.05898,-0.90293,-0.82,1.1,0.18,-0.56384,-0.10297,-0.04267,-0.81832,-0.82,1.08,0.19,-0.56384,-0.10297,-0.04267,-0.81832,-0.85,1.08,0.09,0.33081,-0.05967,-0.14789,-0.93013,-0.86,1.12,0.13,0.0251,-0.09276,-0.13781,-0.98579,-0.85,1.12,0.17,-0.39165,-0.14306,-0.0989,-0.90353,-0.84,1.11,0.19,-0.58458,-0.14378,-0.12657,-0.7884,-0.83,1.08,0.2,-0.58458,-0.14378,-0.12657,-0.7884,-0.87,1.08,0.09,0.33081,-0.05967,-0.14789,-0.93013,-0.87,1.11,0.13,0.1061,-0.06828,-0.20232,-0.97116,-0.87,1.12,0.17,-0.37138,-0.17405,-0.1837,-0.89333,-0.86,1.1,0.18,-0.61498,-0.2397,-0.15154,-0.73578,-0.84,1.08,0.19,-0.61498,-0.2397,-0.15154,-0.73578,-0.88,1.07,0.09,0.2701,0.00158,-0.38106,-0.88421,-0.89,1.09,0.13,0.17576,-0.05878,-0.28363,-0.94085,-0.89,1.1,0.16,-0.32076,-0.18756,-0.29233,-0.88118,-0.88,1.09,0.17,-0.58186,-0.31526,-0.22597,-0.71483,-0.86,1.08,0.18,-0.58186,-0.31526,-0.22597,-0.71483,-0.71,1.1,0.12,-0.30124,-0.14316,-0.0888,0.93855,-0.69,1.06,0.07,-0.30124,-0.14316,-0.0888,0.93855,-0.73,1.07,0.1,-0.45989,-0.20019,0.5296,0.68407,-0.75,1.09,0.11,-0.31093,-0.084,0.47844,0.81692,-0.77,1.1,0.14,-0.27904,-0.10149,0.56237,0.77174,-0.78,1.11,0.16,-0.27904,-0.10149,0.56237,0.77174,-0.72,1.08,0.1,-0.30124,-0.14316,-0.0888,0.93855,-0.73,1.11,0.14,-0.08649,-0.21964,0.02009,0.97153,-0.75,1.12,0.17,0.23736,-0.20508,0.06461,0.94733,-0.76,1.11,0.19,0.37951,-0.16683,0.08421,0.90612,-0.76,1.09,0.21,0.37951,-0.16683,0.08421,0.90612,-0.7,1.08,0.1,-0.30124,-0.14316,-0.0888,0.93855,-0.71,1.12,0.14,-0.11129,-0.13182,-0.08108,0.98166,-0.72,1.13,0.18,0.38475,-0.15773,-0.01875,0.90925,-0.73,1.11,0.2,0.65405,-0.13964,-0.03952,0.7424,-0.74,1.08,0.21,0.65405,-0.13964,-0.03952,0.7424,-0.69,1.08,0.11,-0.30124,-0.14316,-0.0888,0.93855,-0.7,1.11,0.15,-0.12937,-0.09644,-0.14714,0.97586,-0.7,1.12,0.18,0.45677,-0.18522,-0.10352,0.86391,-0.71,1.1,0.2,0.75627,-0.22535,-0.05627,0.61164,-0.72,1.08,0.19,0.75627,-0.22535,-0.05627,0.61164,-0.68,1.07,0.11,-0.23232,-0.07086,-0.31993,0.91578,-0.68,1.09,0.15,-0.18411,-0.05824,-0.23465,0.95271,-0.68,1.11,0.18,0.41048,-0.18701,-0.23717,0.8604,-0.69,1.09,0.19,0.72301,-0.3082,-0.1526,0.59915,-0.7,1.08,0.18,0.72301,-0.3082,-0.1526,0.59915,-0.81,1.08,0.19
-0.79,1.46,-0.16,-0.79,1.46,-0.16,-0.85,1.1,0.11,0.33149,-0.06138,-0.14789,-0.92977,-0.86,1.06,0.06,0.33149,-0.06138,-0.14789,-0.92977,-0.83,1.08,0.09,0.38394,-0.15897,0.5632,-0.71423,-0.81,1.09,0.11,0.14286,0.02852,0.51003,-0.84773,-0.8,1.1,0.14,0.00219,0.06502,0.57322,-0.81682,-0.8,1.1,0.16,0.00219,0.06502,0.57322,-0.81682,-0.84,1.08,0.09,0.33149,-0.06138,-0.14789,-0.92977,-0.83,1.12,0.13,-0.01046,-0.09714,-0.07731,-0.99221,-0.83,1.12,0.16,-0.40769,-0.12329,-0.0577,-0.90292,-0.82,1.1,0.18,-0.56396,-0.10402,-0.04114,-0.81819,-0.82,1.08,0.19,-0.56396,-0.10402,-0.04114,-0.81819,-0.85,1.08,0.09,0.33149,-0.06138,-0.14789,-0.92977,-0.86,1.12,0.13,0.02519,-0.09451,-0.13721,-0.9857,-0.85,1.12,0.17,-0.39263,-0.14451,-0.09746,-0.90303,-0.84,1.1,0.19,-0.58649,-0.14489,-0.12475,-0.78707,-0.83,1.08,0.2,-0.58649,-0.14489,-0.12475,-0.78707,-0.87,1.08,0.09,0.33149,-0.06138,-0.14789,-0.92977,-0.87,1.11,0.13,0.10614,-0.07021,-0.20186,-0.97111,-0.87,1.12,0.17,-0.37182,-0.17561,-0.1823,-0.89313,-0.86,1.1,0.18,-0.61574,-0.2408,-0.14967,-0.73517,-0.84,1.08,0.19,-0.61574,-0.2408,-0.14967,-0.73517,-0.88,1.07,0.09,0.2704,-0.00027,-0.38105,-0.88413,-0.89,1.09,0.13,0.17512,-0.06101,-0.28334,-0.94092,-0.89,1.1,0.16,-0.32073,-0.18905,-0.29111,-0.88127,-0.88,1.09,0.17,-0.58198,-0.31628,-0.2243,-0.71481,-0.86,1.08,0.18,-0.58198,-0.31628,-0.2243,-0.71481,-0.71,1.09,0.12,-0.29291,-0.14525,-0.08265,0.94142,-0.69,1.06,0.07,-0.29291,-0.14525,-0.08265,0.94142,-0.73,1.07,0.1,-0.45172,-0.21343,0.53433,0.68183,-0.76,1.08,0.11,-0.2998,-0.09352,0.487,0.81499,-0.77,1.1,0.14,-0.2647,-0.10916,0.57037,0.76987,-0.78,1.1,0.16,-0.2647,-0.10916,0.57037,0.76987,-0.72,1.08,0.1,-0.29291,-0.14525,-0.08265,0.94142,-0.74,1.11,0.14,-0.06538,-0.19648,0.01536,0.9782,-0.75,1.12,0.18,0.2751,-0.18323,0.05565,0.94215,-0.76,1.1,0.2,0.42469,-0.14543,0.07466,0.89046,-0.76,1.09,0.21,0.42469,-0.14543,0.07466,0.89046,-0.7,1.07,0.1,-0.29291,-0.14525,-0.08265,0.94142,-0.71,1.11,0.15,-0.11535,-0.12855,-0.0776,0.98191,-0.72,1.12,0.19,0.35899,-0.15279,-0.02099,0.92051,-0.73,1.11,0.21,0.61483,-0.13799,-0.04506,0.77518,-0.74,1.08,0.21,0.61483,-0.13799,-0.04506,0.77518,-0.69,1.08,0.11,-0.29291,-0.14525,-0.08265,0.94142,-0.7,1.1,0.15,-0.15936,-0.09207,-0.14397,0.97232,-0.7,1.12,0.19,0.41091,-0.17896,-0.10625,0.8876,-0.71,1.1,0.2,0.70951,-0.22221,-0.06385,0.66569,-0.72,1.08,0.2,0.70951,-0.22221,-0.06385,0.66569,-0.68,1.07,0.11,-0.22464,-0.07064,-0.31337,0.91997,-0.68,1.09,0.15,-0.21371,-0.05669,-0.22622,0.94865,-0.68,1.1,0.18,0.37993,-0.18239,-0.23189,0.87671,-0.69,1.09,0.19,0.69832,-0.30171,-0.15012,0.63149,-0.7,1.08,0.19,0.69832,-0.30171,-0.15012,0.63149,-0.81,1.08,0.19
-0.79,1.46,-0.16,-0.79,1.46,-0.16,-0.85,1.1,0.11,0.33153,-0.06358,-0.14752,-0.92967,-0.86,1.06,0.06,0.33153,-0.06358,-0.14752,-0.92967,-0.83,1.08,0.09,0.38499,-0.1611,0.56341,-0.71302,-0.81,1.09,0.11,0.14328,0.02695,0.51099,-0.84713,-0.8,1.1,0.14,0.00349,0.06313,0.57447,-0.81608,-0.8,1.1,0.16,0.00349,0.06313,0.57447,-0.81608,-0.84,1.08,0.09,0.33153,-0.06358,-0.14752,-0.92967,-0.83,1.12,0.13,-0.01001,-0.09877,-0.07645,-0.99212,-0.83,1.12,0.16,-0.40805,-0.12451,-0.05615,-0.90269,-0.82,1.1,0.18,-0.56507,-0.105,-0.03926,-0.81739,-0.82,1.08,0.19,-0.56507,-0.105,-0.03926,-0.81739,-0.85,1.08,0.09,0.33153,-0.06358,-0.14752,-0.92967,-0.86,1.12,0.13,0.02534,-0.09644,-0.13622,-0.98565,-0.85,1.12,0.17,-0.39288,-0.14589,-0.09568,-0.90289,-0.84,1.1,0.19,-0.58779,-0.14591,-0.12263,-0.78624,-0.83,1.08,0.2,-0.58779,-0.14591,-0.12263,-0.78624,-0.87,1.08,0.09,0.33153,-0.06358,-0.14752,-0.92967,-0.87,1.11,0.13,0.10627,-0.07221,-0.20104,-0.97112,-0.87,1.12,0.17,-0.37188,-0.17699,-0.18061,-0.89317,-0.86,1.1,0.18,-0.61613,-0.24166,-0.1476,-0.73498,-0.84,1.08,0.19,-0.61613,-0.24166,-0.1476,-0.73498,-0.88,1.07,0.09,0.27004,-0.00242,-0.38064,-0.88441,-0.89,1.09,0.13,0.17437,-0.06319,-0.28269,-0.94111,-0.89,1.1,0.16,-0.3205,-0.19021,-0.28967,-0.88159,-0.88,1.09,0.17,-0.58165,-0.31683,-0.22265,-0.71535,-0.86,1.08,0.18,-0.58165,-0.31683,-0.22265,-0.71535,-0.71,1.09,0.13,-0.27344,-0.14405,-0.07587,0.94801,-0.69,1.06,0.07,-0.27344,-0.14405,-0.07587,0.94801,-0.73,1.07,0.1,-0.43811,-0.22594,0.53411,0.68683,-0.76,1.08,0.12,-0.28508,-0.10474,0.48966,0.81731,-0.77,1.09,0.14,-0.24885,-0.12027,0.57265,0.7718,-0.78,1.1,0.16,-0.24885,-0.12027,0.57265,0.7718,-0.72,1.07,0.1,-0.27344,-0.14405,-0.07587,0.94801,-0.74,1.11,0.15,-0.01415,-0.18567,0.02302,0.98224,-0.75,1.11,0.18,0.32959,-0.16881,0.05995,0.92697,-0.76,1.09,0.2,0.47421,-0.13005,0.07784,0.86727,-0.76,1.07,0.21,0.47421,-0.13005,0.07784,0.86727,-0.7,1.07,0.1,-0.27344,-0.14405,-0.07587,0.94801,-0.72,1.11,0.15,-0.11257,-0.12616,-0.07211,0.98296,-0.73,1.12,0.19,0.31953,-0.14716,-0.02392,0.93577,-0.73,1.1,0.21,0.53154,-0.13652,-0.05344,0.83425,-0.74,1.08,0.22,0.53154,-0.13652,-0.05344,0.83425,-0.69,1.07,0.11,-0.27344,-0.14405,-0.07587,0.94801,-0.7,1.1,0.15,-0.20201,-0.08583,-0.14027,0.96548,-0.7,1.12,0.19,0.32089,-0.16777,-0.11396,0.92515,-0.71,1.1,0.21,0.5868,-0.21552,-0.08415,0.77597,-0.72,1.08,0.21,0.5868,-0.21552,-0.08415,0.77597,-0.68,1.07,0.11,-0.20687,-0.0644,-0.30545,0.92723,-0.68,1.09,0.15,-0.28926,-0.03213,-0.21702,0.93177,-0.68,1.11,0.18,0.27688,-0.15618,-0.24194,0.91674,-0.69,1.1,0.19,0.58362,-0.27637,-0.17788,0.74254,-0.7,1.08,0.2,0.58362,-0.27637,-0.17788,0.74254,-0.81,1.08,0.19
-0.79,1.46,-0.16,-0.79,1.46,-0.16,-0.85,1.1,0.11,0.32962,-0.06358,-0.14795,-0.93028,-0.86,1.06,0.06,0.32962,-0.06358,-0.14795,-0.93028,-0.83,1.08,0.09,0.38469,-0.16203,0.56207,-0.71403,-0.81,1.09,0.11,0.14258,0.02568,0.50996,-0.84791,-0.8,1.1,0.14,0.00309,0.06148,0.57368,-0.81677,-0.8,1.1,0.16,0.00309,0.06148,0.57368,-0.81677,-0.84,1.08,0.09,0.32962,-0.06358,-0.14795,-0.93028,-0.83,1.12,0.13,-0.01178,-0.09809,-0.07754,-0.99208,-0.83,1.12,0.16,-0.40948,-0.12426,-0.05745,-0.90199,-0.82,1.1,0.18,-0.56678,-0.105,-0.04049,-0.81615,-0.82,1.08,0.19,-0.56678,-0.105,-0.04049,-0.81615,-0.85,1.08,0.09,0.32962,-0.06358,-0.14795,-0.93028,-0.86,1.12,0.13,0.02334,-0.09591,-0.13706,-0.98563,-0.85,1.12,0.17,-0.39343,-0.1456,-0.09687,-0.90257,-0.84,1.1,0.19,-0.58745,-0.14578,-0.1239,-0.78632,-0.83,1.08,0.2,-0.58745,-0.14578,-0.1239,-0.78632,-0.87,1.08,0.09,0.32962,-0.06358,-0.14795,-0.93028,-0.87,1.11,0.13,0.10444,-0.07168,-0.20167,-0.97123,-0.87,1.12,0.17,-0.37166,-0.17639,-0.18177,-0.89315,-0.86,1.1,0.19,-0.61487,-0.2413,-0.14912,-0.73585,-0.84,1.08,0.19,-0.61487,-0.2413,-0.14912,-0.73585,-0.88,1.07,0.09,0.26812,-0.00194,-0.38092,-0.88488,-0.89,1.09,0.13,0.1729,-0.06288,-0.28304,-0.9413,-0.89,1.1,0.16,-0.31906,-0.18913,-0.29058,-0.88204,-0.88,1.09,0.17,-0.57852,-0.31563,-0.22453,-0.71783,-0.86,1.08,0.18,-0.57852,-0.31563,-0.22453,-0.71783,-0.71,1.09,0.12,-0.30417,-0.14585,-0.09253,0.93683,-0.69,1.06,0.07,-0.30417,-0.14585,-0.09253,0.93683,-0.73,1.07,0.1,-0.46517,-0.19999,0.52544,0.68377,-0.75,1.08,0.11,-0.31106,-0.08217,0.47495,0.81909,-0.77,1.1,0.14,-0.2685,-0.09251,0.55948,0.77867,-0.78,1.11,0.16,-0.2685,-0.09251,0.55948,0.77867,-0.72,1.08,0.1,-0.30417,-0.14585,-0.09253,0.93683,-0.74,1.11,0.14,-0.04918,-0.18395,0.0041,0.9817,-0.75,1.12,0.17,0.33843,-0.17259,0.0496,0.9237,-0.76,1.1,0.19,0.48593,-0.13513,0.06907,0.86072,-0.76,1.08,0.2,0.48593,-0.13513,0.06907,0.86072,-0.7,1.08,0.1,-0.30417,-0.14585,-0.09253,0.93683,-0.71,1.11,0.14,-0.09052,-0.14161,-0.0785,0.98264,-0.73,1.12,0.18,0.35949,-0.16402,-0.01962,0.91841,-0.73,1.11,0.2,0.57359,-0.1491,-0.04418,0.80425,-0.74,1.08,0.21,0.57359,-0.1491,-0.04418,0.80425,-0.69,1.08,0.11,-0.30417,-0.14585,-0.09253,0.93683,-0.7,1.11,0.15,-0.19405,-0.10299,-0.15244,0.96359,-0.7,1.12,0.18,0.33956,-0.18979,-0.11344,0.91423,-0.71,1.11,0.2,0.60329,-0.23571,-0.07692,0.758,-0.72,1.09,0.21,0.60329,-0.23571,-0.07692,0.758,-0.68,1.07,0.11,-0.23411,-0.07437,-0.32354,0.91377,-0.68,1.09,0.15,-0.3206,-0.03427,-0.23699,0.91645,-0.68,1.11,0.17,0.24481,-0.17219,-0.25629,0.91909,-0.69,1.1,0.19,0.54081,-0.29381,-0.1883,0.76534,-0.7,1.09,0.19,0.54081,-0.29381,-0.1883,0.76534,-0.81,1.08,0.19
-0.79,1.46,-0.16,-0.79,1.46,-0.16,-0.85,1.1,0.11,0.3251,-0.06237,-0.14879,-0.93182,-0.86,1.06,0.06,0.3251,-0.06237,-0.14879,-0.93182,-0.83,1.08,0.09,0.38295,-0.16358,0.55937,-0.71672,-0.81,1.09,0.11,0.13965,0.02372,0.50778,-0.84976,-0.8,1.1,0.14,0.0004,0.05881,0.57181,-0.81828,-0.8,1.1,0.16,0.0004,0.05881,0.57181,-0.81828,-0.84,1.08,0.09,0.3251,-0.06237,-0.14879,-0.93182,-0.83,1.12,0.13,-0.01587,-0.09597,-0.07984,-0.99205,-0.83,1.12,0.17,-0.41271,-0.1231,-0.06047,-0.90048,-0.82,1.1,0.18,-0.57011,-0.1044,-0.04351,-0.81375,-0.82,1.08,0.19,-0.57011,-0.1044,-0.04351,-0.81375,-0.85,1.08,0.09,0.3251,-0.06237,-0.14879,-0.93182,-0.86,1.12,0.13,0.01881,-0.09411,-0.13874,-0.98567,-0.85,1.12,0.17,-0.3949,-0.14433,-0.09957,-0.90184,-0.84,1.1,0.19,-0.58647,-0.14485,-0.12696,-0.78674,-0.83,1.08,0.2,-0.58647,-0.14485,-0.12696,-0.78674,-0.87,1.08,0.09,0.3251,-0.06237,-0.14879,-0.93182,-0.87,1.11,0.13,0.09898,-0.07007,-0.2028,-0.97168,-0.87,1.12,0.17,-0.37337,-0.17467,-0.18418,-0.89228,-0.86,1.1,0.19,-0.61398,-0.24,-0.15249,-0.73633,-0.84,1.08,0.19,-0.61398,-0.24,-0.15249,-0.73633,-0.88,1.07,0.09,0.26385,0.00037,-0.38143,-0.88594,-0.89,1.09,0.13,0.16724,-0.06163,-0.28383,-0.94217,-0.89,1.1,0.16,-0.32076,-0.18687,-0.29243,-0.88129,-0.88,1.09,0.17,-0.57655,-0.31319,-0.22835,-0.71928,-0.86,1.08,0.18,-0.57655,-0.31319,-0.22835,-0.71928,-0.71,1.1,0.12,-0.34015,-0.15209,-0.09138,0.92348,-0.69,1.06,0.07,-0.34015,-0.15209,-0.09138,0.92348,-0.73,1.07,0.09,-0.48643,-0.17442,0.5378,0.66614,-0.76,1.09,0.11,-0.33031,-0.05223,0.48278,0.80938,-0.77,1.1,0.13,-0.25927,-0.04248,0.56642,0.78111,-0.78,1.11,0.15,-0.25927,-0.04248,0.56642,0.78111,-0.72,1.08,0.09,-0.34015,-0.15209,-0.09138,0.92348,-0.74,1.12,0.13,-0.0961,-0.18329,0.00276,0.97835,-0.75,1.12,0.17,0.34197,-0.17099,0.05737,0.92224,-0.76,1.11,0.18,0.50161,-0.13126,0.0788,0.85144,-0.76,1.09,0.2,0.50161,-0.13126,0.0788,0.85144,-0.7,1.08,0.1,-0.34015,-0.15209,-0.09138,0.92348,-0.72,1.12,0.14,-0.05287,-0.16234,-0.05864,0.98357,-0.73,1.12,0.18,0.41943,-0.17291,0.01223,0.89109,-0.74,1.1,0.19,0.63418,-0.14559,-0.00927,0.7593,-0.74,1.08,0.2,0.63418,-0.14559,-0.00927,0.7593,-0.69,1.08,0.1,-0.34015,-0.15209,-0.09138,0.92348,-0.7,1.11,0.14,-0.1558,-0.12575,-0.14152,0.96948,-0.7,1.12,0.18,0.39371,-0.20357,-0.08954,0.89193,-0.72,1.11,0.19,0.65609,-0.23983,-0.04934,0.71386,-0.73,1.08,0.19,0.65609,-0.23983,-0.04934,0.71386,-0.68,1.07,0.11,-0.26805,-0.08972,-0.3246,0.90262,-0.68,1.1,0.14,-0.35658,-0.0335,-0.24208,0.90174,-0.68,1.12,0.17,0.21691,-0.18016,-0.25878,0.92386,-0.69,1.11,0.18,0.52148,-0.30337,-0.18477,0.77581,-0.7,1.1,0.19,0.52148,-0.30337,-0.18477,0.77581,-0.81,1.08,0.19
-0.79,1.46,-0.16,-0.79,1.46,-0.16,-0.85,1.1,0.11,0.3205,-0.06238,-0.14799,-0.93354,-0.86,1.06,0.06,0.3205,-0.06238,-0.14799,-0.93354,-0.83,1.08,0.09,0.37935,-0.16717,0.55949,-0.71772,-0.8,1.09,0.11,0.13407,0.02166,0.50917,-0.84988,-0.8,1.1,0.14,-0.00676,0.05773,0.57293,-0.81754,-0.8,1.1,0.16,-0.00676,0.05773,0.57293,-0.81754,-0.84,1.08,0.09,0.3205,-0.06238,-0.14799,-0.93354,-0.83,1.12,0.13,-0.01897,-0.09472,-0.08,-0.9921,-0.83,1.12,0.17,-0.4141,-0.12184,-0.06134,-0.89995,-0.82,1.1,0.18,-0.57103,-0.10328,-0.0446,-0.81318,-0.82,1.08,0.19,-0.57103,-0.10328,-0.0446,-0.81318,-0.85,1.08,0.09,0.3205,-0.06238,-0.14799,-0.93354,-0.86,1.12,0.13,0.01432,-0.09356,-0.13809,-0.98589,-0.85,1.12,0.17,-0.39855,-0.14344,-0.0993,-0.9004,-0.84,1.1,0.19,-0.58855,-0.14358,-0.12691,-0.78542,-0.83,1.08,0.2,-0.58855,-0.14358,-0.12691,-0.78542,-0.87,1.08,0.09,0.3205,-0.06238,-0.14799,-0.93354,-0.87,1.11,0.13,0.09465,-0.06937,-0.202,-0.97233,-0.87,1.12,0.17,-0.37754,-0.17352,-0.18387,-0.89081,-0.86,1.1,0.19,-0.61716,-0.23864,-0.15271,-0.73406,-0.84,1.08,0.19,-0.61716,-0.23864,-0.15271,-0.73406,-0.88,1.07,0.09,0.25948,0.00156,-0.38037,-0.88768,-0.89,1.09,0.13,0.16347,-0.06097,-0.2828,-0.94318,-0.89,1.1,0.16,-0.32443,-0.18548,-0.29187,-0.88043,-0.88,1.09,0.17,-0.57946,-0.31158,-0.22856,-0.71757,-0.86,1.08,0.18,-0.57946,-0.31158,-0.22856,-0.71757,-0.71,1.1,0.12,-0.34565,-0.15376,-0.06275,0.92355,-0.7,1.06,0.07,-0.34565,-0.15376,-0.06275,0.92355,-0.73,1.07,0.1,-0.47607,-0.18087,0.56837,0.64622,-0.76,1.08,0.11,-0.32491,-0.05096,0.51613,0.79085,-0.77,1.1,0.14,-0.24786,-0.03483,0.59751,0.76179,-0.78,1.11,0.16,-0.24786,-0.03483,0.59751,0.76179,-0.72,1.08,0.1,-0.34565,-0.15376,-0.06275,0.92355,-0.74,1.12,0.13,-0.13449,-0.18521,0.02794,0.97305,-0.76,1.13,0.17,0.27844,-0.165,0.07647,0.94308,-0.76,1.11,0.19,0.44414,-0.12241,0.09502,0.88245,-0.76,1.1,0.2,0.44414,-0.12241,0.09502,0.88245,-0.71,1.08,0.1,-0.34565,-0.15376,-0.06275,0.92355,-0.72,1.12,0.14,-0.09079,-0.15363,-0.03675,0.98326,-0.73,1.13,0.18,0.36725,-0.15593,0.02436,0.91664,-0.74,1.11,0.2,0.58935,-0.12989,-0.0028,0.79736,-0.74,1.09,0.2,0.58935,-0.12989,-0.0028,0.79736,-0.69,1.08,0.1,-0.34565,-0.15376,-0.06275,0.92355,-0.7,1.11,0.14,-0.17751,-0.11654,-0.11771,0.97008,-0.71,1.13,0.18,0.36786,-0.18334,-0.07557,0.90849,-0.72,1.11,0.19,0.63993,-0.2172,-0.04137,0.73594,-0.73,1.09,0.2,0.63993,-0.2172,-0.04137,0.73594,-0.68,1.07,0.11,-0.27705,-0.09194,-0.29765,0.90895,-0.68,1.1,0.14,-0.35907,-0.01831,-0.2187,0.90714,-0.68,1.12,0.17,0.23244,-0.15876,-0.24651,0.92736,-0.69,1.11,0.18,0.54367,-0.28037,-0.17989,0.77036,-0.7,1.1,0.19,0.54367,-0.28037,-0.17989,0.77036,-0.81,1.08,0.19
-0.79,1.46,-0.17,-0.79,1.46,-0.17,-0.85,1.1,0.11,0.31626,-0.06206,-0.14915,-0.93482,-0.86,1.06,0.05,0.31626,-0.06206,-0.14915,-0.93482,-0.83,1.08,0.09,0.37814,-0.16953,0.55668,-0.71999,-0.81,1.09,0.11,0.12924,0.02032,0.50727,-0.8518,-0.8,1.1,0.14,-0.01578,0.05864,0.57049,-0.81905,-0.8,1.1,0.16,-0.01578,0.05864,0.57049,-0.81905,-0.84,1.08,0.09,0.31626,-0.06206,-0.14915,-0.93482,-0.83,1.12,0.13,-0.02133,-0.09472,-0.08148,-0.99193,-0.83,1.12,0.17,-0.40983,-0.12192,-0.06357,-0.90174,-0.82,1.1,0.18,-0.56468,-0.10361,-0.04728,-0.81742,-0.82,1.08,0.19,-0.56468,-0.10361,-0.04728,-0.81742,-0.85,1.08,0.09,0.31626,-0.06206,-0.14915,-0.93482,-0.86,1.12,0.13,0.01334,-0.09345,-0.13932,-0.98574,-0.85,1.12,0.17,-0.39669,-0.14355,-0.10088,-0.90103,-0.84,1.1,0.19,-0.58427,-0.14391,-0.12868,-0.78826,-0.83,1.08,0.2,-0.58427,-0.14391,-0.12868,-0.78826,-0.87,1.08,0.09,0.31626,-0.06206,-0.14915,-0.93482,-0.87,1.11,0.13,0.09576,-0.06809,-0.20339,-0.97202,-0.87,1.12,0.17,-0.37529,-0.17288,-0.18585,-0.89148,-0.86,1.1,0.19,-0.61334,-0.23841,-0.15517,-0.73682,-0.84,1.08,0.19,-0.61334,-0.23841,-0.15517,-0.73682,-0.88,1.07,0.09,0.25525,0.00291,-0.38118,-0.88856,-0.89,1.09,0.13,0.16342,-0.05948,-0.28369,-0.94301,-0.89,1.1,0.16,-0.32207,-0.18392,-0.29372,-0.88101,-0.88,1.09,0.17,-0.575,-0.31007,-0.23159,-0.72083,-0.86,1.08,0.18,-0.575,-0.31007,-0.23159,-0.72083,-0.73,1.09,0.12,-0.28877,-0.15585,-0.01605,0.94449,-0.7,1.06,0.07,-0.28877,-0.15585,-0.01605,0.94449,-0.74,1.06,0.1,-0.41176,-0.24344,0.60684,0.63477,-0.77,1.07,0.11,-0.27284,-0.1063,0.56974,0.76789,-0.79,1.08,0.14,-0.221,-0.10814,0.64844,0.72041,-0.8,1.09,0.16,-0.221,-0.10814,0.64844,0.72041,-0.73,1.07,0.1,-0.28877,-0.15585,-0.01605,0.94449,-0.75,1.11,0.14,-0.10128,-0.23767,0.09299,0.96157,-0.77,1.11,0.17,0.17554,-0.20539,0.12997,0.954,-0.78,1.1,0.19,0.30912,-0.1595,0.14559,0.92618,-0.78,1.09,0.21,0.30912,-0.1595,0.14559,0.92618,-0.72,1.07,0.1,-0.28877,-0.15585,-0.01605,0.94449,-0.73,1.11,0.14,-0.16602,-0.13582,-0.01342,0.97663,-0.74,1.12,0.18,0.28706,-0.13084,0.03589,0.94826,-0.75,1.11,0.2,0.53653,-0.10728,0.00152,0.83703,-0.75,1.09,0.21,0.53653,-0.10728,0.00152,0.83703,-0.7,1.08,0.1,-0.28877,-0.15585,-0.01605,0.94449,-0.71,1.1,0.15,-0.21776,-0.08251,-0.08482,0.9688,-0.72,1.12,0.18,0.35874,-0.14033,-0.06174,0.92076,-0.73,1.1,0.2,0.66601,-0.17217,-0.03716,0.72485,-0.73,1.08,0.2,0.66601,-0.17217,-0.03716,0.72485,-0.69,1.07,0.11,-0.22773,-0.07839,-0.24875,0.93815,-0.7,1.09,0.15,-0.30746,0.00759,-0.16798,0.93659,-0.69,1.11,0.17,0.31643,-0.11017,-0.21987,0.91618,-0.7,1.1,0.19,0.66268,-0.23367,-0.16483,0.69216,-0.71,1.08,0.19,0.66268,-0.23367,-0.16483,0.69216,-0.81,1.08,0.19
-0.79,1.46,-0.17,-0.79,1.46,-0.17,-0.86,1.1,0.11,0.31502,-0.06027,-0.15096,-0.93506,-0.86,1.06,0.05,0.31502,-0.06027,-0.15096,-0.93506,-0.83,1.08,0.09,0.3803,-0.16736,0.5523,-0.72272,-0.81,1.09,0.11,0.12854,0.02197,0.50223,-0.85485,-0.8,1.1,0.14,-0.01777,0.06006,0.56534,-0.82248,-0.8,1.1,0.16,-0.01777,0.06006,0.56534,-0.82248,-0.84,1.08,0.09,0.31502,-0.06027,-0.15096,-0.93506,-0.83,1.12,0.13,-0.02253,-0.09436,-0.08331,-0.99179,-0.83,1.12,0.17,-0.40163,-0.12158,-0.06666,-0.90524,-0.82,1.1,0.18,-0.5526,-0.10352,-0.05132,-0.8254,-0.82,1.08,0.19,-0.5526,-0.10352,-0.05132,-0.8254,-0.85,1.08,0.09,0.31502,-0.06027,-0.15096,-0.93506,-0.86,1.12,0.13,0.01845,-0.0917,-0.14197,-0.98544,-0.85,1.12,0.17,-0.38188,-0.14197,-0.10556,-0.90712,-0.84,1.1,0.19,-0.56253,-0.14352,-0.13452,-0.80303,-0.83,1.08,0.2,-0.56253,-0.14352,-0.13452,-0.80303,-0.87,1.08,0.09,0.31502,-0.06027,-0.15096,-0.93506,-0.87,1.11,0.13,0.10708,-0.06415,-0.20637,-0.97048,-0.87,1.12,0.17,-0.35521,-0.1694,-0.19166,-0.89911,-0.86,1.1,0.19,-0.58785,-0.23609,-0.16319,-0.75635,-0.85,1.08,0.19,-0.58785,-0.23609,-0.16319,-0.75635,-0.88,1.07,0.09,0.25417,0.0049,-0.38283,-0.88815,-0.89,1.09,0.13,0.17118,-0.05519,-0.2857,-0.94129,-0.89,1.1,0.16,-0.30212,-0.17793,-0.29944,-0.88736,-0.88,1.09,0.17,-0.54608,-0.30312,-0.24227,-0.74244,-0.86,1.08,0.18,-0.54608,-0.30312,-0.24227,-0.74244,-0.73,1.09,0.12,-0.25613,-0.14552,-0.00198,0.95562,-0.71,1.06,0.07,-0.25613,-0.14552,-0.00198,0.95562,-0.74,1.06,0.1,-0.38243,-0.25704,0.6111,0.64362,-0.77,1.07,0.12,-0.26585,-0.13473,0.57189,0.76428,-0.79,1.08,0.14,-0.2444,-0.16116,0.64737,0.70371,-0.8,1.08,0.16,-0.2444,-0.16116,0.64737,0.70371,-0.73,1.07,0.1,-0.25613,-0.14552,-0.00198,0.95562,-0.75,1.1,0.14,-0.02428,-0.24794,0.12489,0.96038,-0.77,1.1,0.18,0.22271,-0.20896,0.15751,0.93911,-0.78,1.09,0.2,0.32634,-0.16356,0.16938,0.91546,-0.78,1.08,0.21,0.32634,-0.16356,0.16938,0.91546,-0.72,1.07,0.1,-0.25613,-0.14552,-0.00198,0.95562,-0.73,1.11,0.15,-0.13406,-0.11635,-0.00268,0.98412,-0.74,1.12,0.19,0.38058,-0.10549,0.0437,0.91767,-0.75,1.1,0.2,0.66643,-0.06989,0.00322,0.74228,-0.75,1.07,0.21,0.66643,-0.06989,0.00322,0.74228,-0.7,1.08,0.1,-0.25613,-0.14552,-0.00198,0.95562,-0.71,1.1,0.15,-0.2061,-0.05699,-0.07312,0.97413,-0.72,1.12,0.18,0.42375,-0.11546,-0.06112,0.89631,-0.72,1.1,0.2,0.74704,-0.14617,-0.04266,0.64711,-0.73,1.07,0.2,0.74704,-0.14617,-0.04266,0.64711,-0.69,1.07,0.11,-0.20004,-0.05982,-0.23304,0.94979,-0.69,1.09,0.15,-0.27452,0.02809,-0.14939,0.94949,-0.69,1.11,0.17,0.34354,-0.07872,-0.21826,0.91003,-0.7,1.09,0.19,0.69787,-0.20708,-0.17445,0.66307,-0.71,1.08,0.19,0.69787,-0.20708,-0.17445,0.66307,-0.81,1.08,0.19
-0.79,1.46,-0.17,-0.79,1.46,-0.17,-0.86,1.1,0.11,0.31546,-0.05895,-0.15154,-0.9349,-0.86,1.06,0.05,0.31546,-0.05895,-0.15154,-0.9349,-0.83,1.08,0.09,0.38131,-0.16423,0.55096,-0.72393,-0.81,1.09,0.11,0.12851,0.0249,0.49984,-0.85617,-0.8,1.1,0.14,-0.01762,0.06222,0.56276,-0.82409,-0.81,1.1,0.16,-0.01762,0.06222,0.56276,-0.82409,-0.84,1.08,0.09,0.31546,-0.05895,-0.15154,-0.9349,-0.83,1.12,0.13,-0.02383,-0.09395,-0.08373,-0.99176,-0.83,1.12,0.17,-0.39666,-0.12087,-0.06804,-0.90743,-0.82,1.1,0.18,-0.54391,-0.10276,-0.05356,-0.8311,-0.82,1.08,0.19,-0.54391,-0.10276,-0.05356,-0.8311,-0.85,1.08,0.09,0.31546,-0.05895,-0.15154,-0.9349,-0.86,1.12,0.13,0.02186,-0.09024,-0.14318,-0.98533,-0.85,1.12,0.17,-0.37397,-0.1406,-0.10798,-0.91034,-0.84,1.1,0.19,-0.54702,-0.14235,-0.13794,-0.81332,-0.83,1.08,0.2,-0.54702,-0.14235,-0.13794,-0.81332,-0.87,1.08,0.09,0.31546,-0.05895,-0.15154,-0.9349,-0.87,1.11,0.13,0.1123,-0.06196,-0.20758,-0.96977,-0.87,1.12,0.17,-0.3405,-0.16625,-0.19522,-0.90461,-0.86,1.1,0.19,-0.56445,-0.23278,-0.16951,-0.77361,-0.85,1.08,0.2,-0.56445,-0.23278,-0.16951,-0.77361,-0.88,1.07,0.09,0.25479,0.00606,-0.38345,-0.8877,-0.89,1.09,0.13,0.17381,-0.05357,-0.28641,-0.94069,-0.89,1.1,0.16,-0.28272,-0.17167,-0.30332,-0.89364,-0.88,1.09,0.17,-0.51152,-0.29341,-0.253,-0.76697,-0.86,1.08,0.18,-0.51152,-0.29341,-0.253,-0.76697,-0.72,1.09,0.12,-0.2598,-0.13283,-0.02217,0.95623,-0.7,1.06,0.07,-0.2598,-0.13283,-0.02217,0.95623,-0.74,1.07,0.1,-0.40533,-0.22804,0.58018,0.66865,-0.77,1.08,0.12,-0.29181,-0.11795,0.53137,0.7865,-0.78,1.09,0.14,-0.28335,-0.15298,0.60915,0.72474,-0.8,1.09,0.16,-0.28335,-0.15298,0.60915,0.72474,-0.73,1.07,0.1,-0.2598,-0.13283,-0.02217,0.95623,-0.75,1.1,0.15,-0.00386,-0.23168,0.10697,0.96689,-0.76,1.1,0.18,0.27311,-0.1928,0.14214,0.93169,-0.77,1.09,0.2,0.38052,-0.14776,0.15454,0.89972,-0.78,1.07,0.21,0.38052,-0.14776,0.15454,0.89972,-0.71,1.07,0.1,-0.2598,-0.13283,-0.02217,0.95623,-0.73,1.11,0.15,-0.10485,-0.10399,-0.02194,0.98879,-0.74,1.12,0.19,0.42397,-0.10374,0.02253,0.89943,-0.74,1.1,0.21,0.70724,-0.07126,-0.01654,0.70318,-0.74,1.07,0.21,0.70724,-0.07126,-0.01654,0.70318,-0.7,1.08,0.11,-0.2598,-0.13283,-0.02217,0.95623,-0.71,1.1,0.15,-0.18006,-0.04657,-0.09292,0.97815,-0.71,1.12,0.19,0.44866,-0.11828,-0.08352,0.88189,-0.72,1.1,0.2,0.76492,-0.15672,-0.0622,0.62166,-0.72,1.07,0.2,0.76492,-0.15672,-0.0622,0.62166,-0.69,1.07,0.11,-0.20338,-0.04857,-0.25346,0.94448,-0.69,1.09,0.15,-0.24797,0.03012,-0.1711,0.95306,-0.69,1.11,0.18,0.35721,-0.08535,-0.23734,0.89933,-0.69,1.09,0.19,0.69603,-0.21891,-0.19175,0.6564,-0.7,1.08,0.19,0.69603,-0.21891,-0.19175,0.6564,-0.81,1.08,0.19
-0.79,1.46,-0.17,-0.79,1.46,-0.17,-0.86,1.1,0.11,0.31633,-0.0597,-0.15126,-0.93461,-0.86,1.06,0.06,0.31633,-0.0597,-0.15126,-0.93461,-0.83,1.08,0.09,0.38411,-0.16467,0.54965,-0.72335,-0.81,1.09,0.11,0.13064,0.02417,0.49871,-0.85653,-0.8,1.1,0.14,-0.01516,0.0613,0.56192,-0.82478,-0.8,1.1,0.16,-0.01516,0.0613,0.56192,-0.82478,-0.84,1.08,0.09,0.31633,-0.0597,-0.15126,-0.93461,-0.83,1.12,0.13,-0.02301,-0.09467,-0.08311,-0.99177,-0.83,1.12,0.17,-0.39601,-0.12133,-0.06718,-0.90771,-0.82,1.1,0.18,-0.54199,-0.10297,-0.05285,-0.83237,-0.82,1.08,0.19,-0.54199,-0.10297,-0.05285,-0.83237,-0.85,1.08,0.09,0.31633,-0.0597,-0.15126,-0.93461,-0.86,1.12,0.13,0.02895,-0.0897,-0.14349,-0.98515,-0.85,1.12,0.17,-0.36725,-0.14031,-0.1085,-0.91305,-0.84,1.1,0.19,-0.53764,-0.14225,-0.13886,-0.8194,-0.83,1.08,0.2,-0.53764,-0.14225,-0.13886,-0.8194,-0.87,1.07,0.09,0.31633,-0.0597,-0.15126,-0.93461,-0.87,1.11,0.13,0.1155,-0.06221,-0.20735,-0.96943,-0.87,1.12,0.17,-0.33332,-0.16563,-0.19552,-0.90733,-0.86,1.1,0.19,-0.55304,-0.23163,-0.17092,-0.78184,-0.85,1.08,0.2,-0.55304,-0.23163,-0.17092,-0.78184,-0.88,1.07,0.09,0.25551,0.00512,-0.38323,-0.88759,-0.89,1.09,0.13,0.17396,-0.05488,-0.28595,-0.94072,-0.89,1.1,0.16,-0.27003,-0.16857,-0.30415,-0.89786,-0.88,1.09,0.18,-0.4884,-0.28727,-0.25797,-0.78255,-0.86,1.08,0.18,-0.4884,-0.28727,-0.25797,-0.78255,-0.72,1.09,0.13,-0.27284,-0.12595,-0.04378,0.95277,-0.7,1.06,0.07,-0.27284,-0.12595,-0.04378,0.95277,-0.74,1.07,0.1,-0.42945,-0.21352,0.55231,0.68186,-0.76,1.08,0.12,-0.30634,-0.10569,0.50043,0.80285,-0.78,1.09,0.14,-0.29763,-0.13891,0.58103,0.74466,-0.79,1.1,0.16,-0.29763,-0.13891,0.58103,0.74466,-0.73,1.07,0.1,-0.27284,-0.12595,-0.04378,0.95277,-0.74,1.11,0.15,-0.0302,-0.17233,0.05137,0.98323,-0.76,1.11,0.18,0.33148,-0.14545,0.08467,0.92833,-0.76,1.09,0.2,0.46998,-0.10354,0.09779,0.87111,-0.76,1.08,0.21,0.46998,-0.10354,0.09779,0.87111,-0.71,1.07,0.1,-0.27284,-0.12595,-0.04378,0.95277,-0.72,1.11,0.15,-0.09914,-0.09506,-0.04565,0.98947,-0.73,1.12,0.19,0.42447,-0.1083,-0.00293,0.89893,-0.73,1.1,0.21,0.69542,-0.08452,-0.03916,0.71254,-0.74,1.07,0.21,0.69542,-0.08452,-0.03916,0.71254,-0.69,1.08,0.11,-0.27284,-0.12595,-0.04378,0.95277,-0.7,1.1,0.15,-0.15657,-0.04863,-0.11338,0.97993,-0.7,1.12,0.19,0.45256,-0.12973,-0.10101,0.87644,-0.71,1.1,0.2,0.75016,-0.17354,-0.07675,0.63345,-0.72,1.07,0.2,0.75016,-0.17354,-0.07675,0.63345,-0.69,1.07,0.11,-0.21446,-0.0455,-0.27562,0.93593,-0.68,1.09,0.15,-0.22393,0.00431,-0.19305,0.95529,-0.68,1.1,0.18,0.37315,-0.11521,-0.24046,0.88863,-0.69,1.09,0.19,0.67694,-0.24005,-0.19176,0.66885,-0.7,1.07,0.19,0.67694,-0.24005,-0.19176,0.66885,-0.81,1.08,0.19
-0.79,1.46,-0.17,-0.79,1.46,-0.17,-0.85,1.1,0.11,0.31708,-0.06458,-0.14843,-0.93448,-0.86,1.06,0.06,0.31708,-0.06458,-0.14843,-0.93448,-0.83,1.08,0.09,0.38871,-0.17141,0.54961,-0.71934,-0.8,1.09,0.11,0.1358,0.01727,0.50103,-0.85453,-0.8,1.1,0.14,-0.00867,0.05483,0.56536,-0.82297,-0.8,1.1,0.16,-0.00867,0.05483,0.56536,-0.82297,-0.84,1.08,0.09,0.31708,-0.06458,-0.14843,-0.93448,-0.83,1.12,0.13,-0.01806,-0.098,-0.07923,-0.99186,-0.83,1.12,0.17,-0.39212,-0.12313,-0.06225,-0.90951,-0.82,1.1,0.18,-0.53935,-0.10404,-0.04767,-0.83427,-0.81,1.08,0.19,-0.53935,-0.10404,-0.04767,-0.83427,-0.85,1.08,0.09,0.31708,-0.06458,-0.14843,-0.93448,-0.86,1.12,0.13,0.04367,-0.09037,-0.14152,-0.98483,-0.85,1.12,0.17,-0.35122,-0.14005,-0.10678,-0.91958,-0.84,1.1,0.19,-0.51974,-0.14236,-0.13774,-0.83105,-0.83,1.08,0.2,-0.51974,-0.14236,-0.13774,-0.83105,-0.87,1.07,0.09,0.31708,-0.06458,-0.14843,-0.93448,-0.87,1.1,0.13,0.12371,-0.06471,-0.20432,-0.9689,-0.87,1.12,0.17,-0.31503,-0.16463,-0.19329,-0.91449,-0.86,1.1,0.19,-0.53099,-0.22961,-0.16991,-0.79778,-0.85,1.08,0.2,-0.53099,-0.22961,-0.16991,-0.79778,-0.88,1.07,0.09,0.25564,0.00027,-0.38047,-0.88876,-0.89,1.09,0.13,0.17526,-0.06046,-0.28212,-0.9413,-0.89,1.1,0.16,-0.2518,-0.16636,-0.30083,-0.90467,-0.88,1.09,0.18,-0.46193,-0.28137,-0.25783,-0.80061,-0.86,1.08,0.19,-0.46193,-0.28137,-0.25783,-0.80061,-0.72,1.09,0.13,-0.28436,-0.1294,-0.06196,0.94792,-0.7,1.06,0.07,-0.28436,-0.1294,-0.06196,0.94792,-0.74,1.07,0.1,-0.44269,-0.20729,0.54059,0.6847,-0.76,1.08,0.12,-0.30577,-0.09452,0.48934,0.81124,-0.78,1.09,0.14,-0.27103,-0.10969,0.57274,0.76582,-0.79,1.1,0.16,-0.27103,-0.10969,0.57274,0.76582,-0.73,1.07,0.1,-0.28436,-0.1294,-0.06196,0.94792,-0.74,1.11,0.15,-0.04048,-0.1426,0.01528,0.98883,-0.75,1.11,0.18,0.35509,-0.12961,0.04472,0.92472,-0.76,1.1,0.2,0.51133,-0.0927,0.05885,0.85234,-0.76,1.08,0.21,0.51133,-0.0927,0.05885,0.85234,-0.71,1.07,0.1,-0.28436,-0.1294,-0.06196,0.94792,-0.72,1.11,0.15,-0.11524,-0.09588,-0.06646,0.98646,-0.73,1.12,0.19,0.39099,-0.11949,-0.02263,0.91233,-0.73,1.1,0.21,0.62845,-0.10438,-0.05637,0.76875,-0.74,1.08,0.21,0.62845,-0.10438,-0.05637,0.76875,-0.69,1.07,0.11,-0.28436,-0.1294,-0.06196,0.94792,-0.7,1.1,0.15,-0.16569,-0.06054,-0.12995,0.9757,-0.7,1.12,0.19,0.41029,-0.14576,-0.1117,0.89328,-0.71,1.1,0.2,0.68303,-0.19236,-0.08668,0.69925,-0.72,1.08,0.2,0.68303,-0.19236,-0.08668,0.69925,-0.69,1.07,0.11,-0.22242,-0.05224,-0.29377,0.92817,-0.68,1.09,0.15,-0.23073,-0.01938,-0.20889,0.95013,-0.68,1.1,0.18,0.3645,-0.14365,-0.23952,0.88833,-0.69,1.09,0.19,0.64716,-0.26106,-0.18675,0.69149,-0.7,1.08,0.19,0.64716,-0.26106,-0.18675,0.69149,-0.81,1.08,0.19
-0.79,1.46,-0.16,-0.79,1.46,-0.16,-0.85,1.09,0.11,0.31678,-0.06254,-0.14185,-0.93574,-0.86,1.06,0.06,0.31678,-0.06254,-0.14185,-0.93574,-0.83,1.07,0.09,0.38819,-0.17547,0.55241,-0.71649,-0.8,1.09,0.11,0.13634,0.01412,0.50523,-0.85203,-0.8,1.09,0.14,-0.00504,0.05056,0.57016,-0.81996,-0.8,1.1,0.17,-0.00504,0.05056,0.57016,-0.81996,-0.84,1.08,0.09,0.31678,-0.06254,-0.14185,-0.93574,-0.83,1.12,0.13,0.00137,-0.09418,-0.07494,-0.99273,-0.83,1.12,0.17,-0.36896,-0.11812,-0.06038,-0.91993,-0.82,1.1,0.19,-0.52007,-0.09909,-0.04708,-0.84705,-0.82,1.08,0.2,-0.52007,-0.09909,-0.04708,-0.84705,-0.85,1.07,0.09,0.31678,-0.06254,-0.14185,-0.93574,-0.86,1.11,0.13,0.06595,-0.08245,-0.13843,-0.98473,-0.85,1.12,0.17,-0.31939,-0.13055,-0.10863,-0.93228,-0.84,1.11,0.2,-0.48366,-0.13468,-0.14222,-0.85306,-0.83,1.09,0.21,-0.48366,-0.13468,-0.14222,-0.85306,-0.87,1.07,0.09,0.31678,-0.06254,-0.14185,-0.93574,-0.87,1.1,0.13,0.14329,-0.05705,-0.19985,-0.96761,-0.87,1.11,0.17,-0.27973,-0.15317,-0.1948,-0.92755,-0.86,1.1,0.19,-0.48962,-0.2182,-0.17533,-0.82579,-0.85,1.09,0.2,-0.48962,-0.2182,-0.17533,-0.82579,-0.88,1.07,0.09,0.25667,0.0026,-0.37436,-0.89105,-0.89,1.09,0.13,0.18407,-0.05558,-0.27594,-0.94175,-0.89,1.1,0.16,-0.2203,-0.15267,-0.30046,-0.91536,-0.88,1.09,0.18,-0.41588,-0.26316,-0.26453,-0.82935,-0.86,1.08,0.19,-0.41588,-0.26316,-0.26453,-0.82935,-0.71,1.09,0.13,-0.29861,-0.13246,-0.07505,0.94215,-0.7,1.06,0.07,-0.29861,-0.13246,-0.07505,0.94215,-0.74,1.07,0.1,-0.453,-0.1977,0.53726,0.68342,-0.76,1.08,0.12,-0.3062,-0.08017,0.48555,0.8149,-0.77,1.1,0.14,-0.25611,-0.0856,0.56956,0.77633,-0.79,1.1,0.16,-0.25611,-0.0856,0.56956,0.77633,-0.73,1.08,0.1,-0.29861,-0.13246,-0.07505,0.94215,-0.74,1.11,0.14,-0.05078,-0.14756,0.00397,0.98774,-0.75,1.11,0.18,0.34787,-0.13878,0.03673,0.92649,-0.76,1.1,0.2,0.50722,-0.10308,0.05271,0.85401,-0.76,1.08,0.21,0.50722,-0.10308,0.05271,0.85401,-0.71,1.07,0.1,-0.29861,-0.13246,-0.07505,0.94215,-0.72,1.11,0.15,-0.14501,-0.10099,-0.08081,0.98094,-0.73,1.13,0.19,0.31384,-0.1296,-0.03914,0.93978,-0.73,1.11,0.21,0.52595,-0.1233,-0.07239,0.83841,-0.74,1.09,0.22,0.52595,-0.1233,-0.07239,0.83841,-0.69,1.07,0.11,-0.29861,-0.13246,-0.07505,0.94215,-0.7,1.11,0.15,-0.1915,-0.0709,-0.14229,0.96853,-0.7,1.12,0.18,0.34447,-0.15729,-0.12158,0.91751,-0.71,1.1,0.2,0.60072,-0.20682,-0.09624,0.76623,-0.72,1.08,0.21,0.60072,-0.20682,-0.09624,0.76623,-0.68,1.07,0.11,-0.23386,-0.0592,-0.30719,0.92056,-0.68,1.09,0.15,-0.26622,-0.02306,-0.22188,0.93775,-0.68,1.11,0.18,0.3181,-0.1544,-0.24875,0.90172,-0.69,1.1,0.19,0.59294,-0.2715,-0.19433,0.73277,-0.7,1.08,0.2,0.59294,-0.2715,-0.19433,0.73277,-0.81,1.08,0.19
-0.79,1.46,-0.17,-0.79,1.46,-0.17,-0.85,1.09,0.11,0.29081,-0.05347,-0.12881,-0.94656,-0.86,1.06,0.06,0.29081,-0.05347,-0.12881,-0.94656,-0.83,1.07,0.09,0.38051,-0.19875,0.54172,-0.72267,-0.8,1.08,0.11,0.12735,-0.01194,0.50246,-0.85509,-0.8,1.09,0.14,0.00619,0.01082,0.57263,-0.81972,-0.8,1.09,0.17,0.00619,0.01082,0.57263,-0.81972,-0.84,1.08,0.09,0.29081,-0.05347,-0.12881,-0.94656,-0.83,1.11,0.14,0.043,-0.07827,-0.07264,-0.99335,-0.83,1.11,0.17,-0.30926,-0.10212,-0.06637,-0.94315,-0.82,1.1,0.19,-0.46359,-0.08469,-0.05757,-0.88011,-0.82,1.08,0.2,-0.46359,-0.08469,-0.05757,-0.88011,-0.85,1.07,0.09,0.29081,-0.05347,-0.12881,-0.94656,-0.86,1.11,0.14,0.06091,-0.06492,-0.13051,-0.98744,-0.85,1.12,0.18,-0.30584,-0.10904,-0.1103,-0.93936,-0.84,1.1,0.2,-0.45268,-0.11263,-0.14853,-0.87197,-0.84,1.08,0.21,-0.45268,-0.11263,-0.14853,-0.87197,-0.87,1.07,0.09,0.29081,-0.05347,-0.12881,-0.94656,-0.87,1.1,0.14,0.11638,-0.04349,-0.18808,-0.97426,-0.87,1.11,0.17,-0.27781,-0.12918,-0.1939,-0.93195,-0.86,1.1,0.19,-0.46432,-0.19073,-0.18384,-0.84512,-0.85,1.08,0.21,-0.46432,-0.19073,-0.18384,-0.84512,-0.88,1.07,0.09,0.23504,0.01851,-0.3605,-0.90247,-0.89,1.08,0.13,0.1632,-0.04049,-0.26363,-0.94985,-0.89,1.09,0.16,-0.20275,-0.12035,-0.2989,-0.9247,-0.88,1.09,0.18,-0.35484,-0.21805,-0.27978,-0.86502,-0.87,1.08,0.2,-0.35484,-0.21805,-0.27978,-0.86502,-0.71,1.1,0.12,-0.32229,-0.1399,-0.12602,0.92773,-0.69,1.06,0.07,-0.32229,-0.1399,-0.12602,0.92773,-0.73,1.07,0.1,-0.46312,-0.1823,0.52482,0.69055,-0.76,1.09,0.11,-0.30148,-0.06013,0.47109,0.82678,-0.77,1.1,0.14,-0.2431,-0.06245,0.55519,0.79295,-0.78,1.11,0.16,-0.2431,-0.06245,0.55519,0.79295,-0.72,1.08,0.1,-0.32229,-0.1399,-0.12602,0.92773,-0.73,1.12,0.14,-0.10329,-0.16401,-0.04959,0.97978,-0.75,1.13,0.17,0.30739,-0.17645,-0.00352,0.93508,-0.75,1.11,0.19,0.47861,-0.14765,0.02026,0.86529,-0.76,1.1,0.2,0.47861,-0.14765,0.02026,0.86529,-0.71,1.08,0.1,-0.32229,-0.1399,-0.12602,0.92773,-0.71,1.12,0.14,-0.15612,-0.12253,-0.12754,0.97178,-0.72,1.13,0.18,0.29263,-0.16945,-0.07234,0.93831,-0.73,1.12,0.2,0.49108,-0.17002,-0.09699,0.84884,-0.74,1.1,0.21,0.49108,-0.17002,-0.09699,0.84884,-0.69,1.08,0.1,-0.32229,-0.1399,-0.12602,0.92773,-0.7,1.11,0.14,-0.18502,-0.09654,-0.18837,0.95967,-0.7,1.12,0.18,0.33746,-0.20154,-0.14877,0.9074,-0.71,1.11,0.2,0.57776,-0.25584,-0.11201,0.76694,-0.72,1.09,0.2,0.57776,-0.25584,-0.11201,0.76694,-0.68,1.07,0.11,-0.24835,-0.07426,-0.35674,0.89752,-0.68,1.09,0.15,-0.2841,-0.03485,-0.27374,0.91823,-0.68,1.11,0.17,0.29342,-0.195,-0.28331,0.89197,-0.69,1.1,0.19,0.55145,-0.31752,-0.217,0.74026,-0.7,1.09,0.19,0.55145,-0.31752,-0.217,0.74026,-0.81,1.08,0.19
-0.79,1.46,-0.16,-0.79,1.46,-0.16,-0.85,1.09,0.11,0.29114,-0.05017,-0.12501,-0.94715,-0.86,1.06,0.06,0.29114,-0.05017,-0.12501,-0.94715,-0.83,1.07,0.09,0.38978,-0.20238,0.53408,-0.72241,-0.8,1.08,0.11,0.13947,-0.0209,0.49575,-0.85694,-0.8,1.09,0.14,0.03436,-0.00848,0.56898,-0.82159,-0.8,1.09,0.16,0.03436,-0.00848,0.56898,-0.82159,-0.84,1.08,0.09,0.29114,-0.05017,-0.12501,-0.94715,-0.83,1.11,0.14,0.07486,-0.07121,-0.07347,-0.99193,-0.83,1.12,0.17,-0.27625,-0.09643,-0.06977,-0.95369,-0.82,1.1,0.19,-0.43282,-0.07997,-0.06279,-0.89573,-0.82,1.09,0.21,-0.43282,-0.07997,-0.06279,-0.89573,-0.85,1.07,0.09,0.29114,-0.05017,-0.12501,-0.94715,-0.86,1.11,0.14,0.06427,-0.05788,-0.12911,-0.98785,-0.85,1.12,0.18,-0.30291,-0.10205,-0.11157,-0.94095,-0.84,1.1,0.2,-0.44442,-0.10548,-0.15106,-0.87667,-0.84,1.08,0.22,-0.44442,-0.10548,-0.15106,-0.87667,-0.87,1.07,0.09,0.29114,-0.05017,-0.12501,-0.94715,-0.87,1.1,0.14,0.10253,-0.04077,-0.18492,-0.97654,-0.87,1.11,0.17,-0.28092,-0.1228,-0.19347,-0.93198,-0.86,1.1,0.2,-0.45825,-0.18279,-0.1861,-0.84969,-0.85,1.08,0.21,-0.45825,-0.18279,-0.1861,-0.84969,-0.88,1.07,0.09,0.23656,0.02179,-0.35705,-0.90337,-0.89,1.08,0.13,0.16083,-0.03689,-0.26068,-0.95122,-0.89,1.09,0.16,-0.19195,-0.11164,-0.29852,-0.92821,-0.88,1.09,0.18,-0.32401,-0.20327,-0.28441,-0.87909,-0.87,1.08,0.2,-0.32401,-0.20327,-0.28441,-0.87909,-0.71,1.1,0.12,-0.31937,-0.14102,-0.15308,0.92449,-0.69,1.06,0.07,-0.31937,-0.14102,-0.15308,0.92449,-0.73,1.08,0.09,-0.45157,-0.18474,0.52115,0.70026,-0.75,1.09,0.11,-0.28277,-0.05901,0.46857,0.83487,-0.76,1.1,0.14,-0.2231,-0.06269,0.55223,0.80084,-0.77,1.11,0.16,-0.2231,-0.06269,0.55223,0.80084,-0.72,1.08,0.1,-0.31937,-0.14102,-0.15308,0.92449,-0.73,1.12,0.14,-0.12296,-0.15974,-0.08593,0.9757,-0.74,1.13,0.17,0.3054,-0.18849,-0.03463,0.93274,-0.75,1.12,0.19,0.48246,-0.16545,-0.00692,0.86012,-0.76,1.1,0.2,0.48246,-0.16545,-0.00692,0.86012,-0.7,1.08,0.1,-0.31937,-0.14102,-0.15308,0.92449,-0.71,1.12,0.14,-0.12581,-0.13436,-0.14906,0.97154,-0.72,1.13,0.18,0.31938,-0.18917,-0.08649,0.92452,-0.73,1.12,0.2,0.50518,-0.18972,-0.10738,0.83503,-0.74,1.1,0.21,0.50518,-0.18972,-0.10738,0.83503,-0.69,1.08,0.1,-0.31937,-0.14102,-0.15308,0.92449,-0.69,1.11,0.14,-0.11753,-0.11852,-0.20508,0.96441,-0.7,1.12,0.18,0.39448,-0.22558,-0.15384,0.8774,-0.71,1.1,0.2,0.62116,-0.27816,-0.1122,0.72402,-0.73,1.08,0.2,0.62116,-0.27816,-0.1122,0.72402,-0.68,1.07,0.11,-0.24156,-0.0757,-0.38183,0.88889,-0.68,1.09,0.15,-0.23408,-0.05736,-0.29795,0.92366,-0.68,1.11,0.17,0.3409,-0.22341,-0.28996,0.86591,-0.69,1.1,0.19,0.58411,-0.34448,-0.21789,0.7019,-0.7,1.08,0.19,0.58411,-0.34448,-0.21789,0.7019,-0.81,1.08,0.19
-0.79,1.46,-0.16,-0.79,1.46,-0.16,-0.86,1.09,0.11,0.3136,-0.04943,-0.13351,-0.93882,-0.86,1.06,0.06,0.3136,-0.04943,-0.13351,-0.93882,-0.83,1.07,0.09,0.41585,-0.18728,0.52423,-0.71915,-0.8,1.09,0.11,0.16912,-0.01389,0.48056,-0.86039,-0.8,1.1,0.14,0.06445,-0.00128,0.55517,-0.82923,-0.8,1.1,0.16,0.06445,-0.00128,0.55517,-0.82923,-0.84,1.08,0.09,0.3136,-0.04943,-0.13351,-0.93882,-0.83,1.12,0.13,0.09184,-0.07049,-0.08225,-0.98986,-0.83,1.12,0.17,-0.28017,-0.10093,-0.07595,-0.9516,-0.82,1.11,0.19,-0.44154,-0.08583,-0.06743,-0.89058,-0.82,1.09,0.2,-0.44154,-0.08583,-0.06743,-0.89058,-0.85,1.07,0.09,0.3136,-0.04943,-0.13351,-0.93882,-0.86,1.11,0.13,0.08185,-0.05868,-0.13857,-0.98522,-0.85,1.12,0.18,-0.30532,-0.10896,-0.11782,-0.93863,-0.85,1.11,0.2,-0.45224,-0.11377,-0.15591,-0.87076,-0.84,1.09,0.21,-0.45224,-0.11377,-0.15591,-0.87076,-0.87,1.07,0.09,0.3136,-0.04943,-0.13351,-0.93882,-0.87,1.1,0.13,0.09756,-0.0477,-0.19309,-0.97515,-0.87,1.11,0.17,-0.2924,-0.13361,-0.19745,-0.9261,-0.86,1.1,0.19,-0.47177,-0.19445,-0.18757,-0.83931,-0.85,1.08,0.21,-0.47177,-0.19445,-0.18757,-0.83931,-0.88,1.07,0.09,0.25742,0.01653,-0.36672,-0.89386,-0.89,1.09,0.13,0.15915,-0.04695,-0.2699,-0.94848,-0.89,1.1,0.16,-0.19261,-0.12395,-0.30345,-0.92491,-0.88,1.09,0.18,-0.32149,-0.2153,-0.28781,-0.87605,-0.87,1.08,0.2,-0.32149,-0.2153,-0.28781,-0.87605,-0.7,1.1,0.12,-0.32165,-0.15394,-0.15616,0.92112,-0.69,1.06,0.07,-0.32165,-0.15394,-0.15616,0.92112,-0.73,1.07,0.09,-0.44946,-0.19032,0.52948,0.69384,-0.75,1.09,0.11,-0.27784,-0.05998,0.47919,0.83042,-0.76,1.1,0.14,-0.21787,-0.06333,0.56218,0.79528,-0.77,1.11,0.16,-0.21787,-0.06333,0.56218,0.79528,-0.71,1.08,0.09,-0.32165,-0.15394,-0.15616,0.92112,-0.73,1.12,0.13,-0.12091,-0.16258,-0.09138,0.97499,-0.74,1.13,0.17,0.34267,-0.19468,-0.0308,0.91855,-0.75,1.11,0.18,0.52538,-0.17059,0.00114,0.83359,-0.75,1.1,0.19,0.52538,-0.17059,0.00114,0.83359,-0.7,1.08,0.1,-0.32165,-0.15394,-0.15616,0.92112,-0.71,1.12,0.14,-0.07982,-0.15619,-0.1411,0.97433,-0.72,1.13,0.18,0.36995,-0.2052,-0.06802,0.90355,-0.73,1.11,0.2,0.55136,-0.19846,-0.0853,0.80582,-0.74,1.09,0.2,0.55136,-0.19846,-0.0853,0.80582,-0.68,1.08,0.1,-0.32165,-0.15394,-0.15616,0.92112,-0.69,1.11,0.14,-0.05672,-0.14926,-0.19363,0.96799,-0.7,1.11,0.18,0.44596,-0.24306,-0.13037,0.8515,-0.71,1.1,0.19,0.66465,-0.2868,-0.08582,0.68456,-0.73,1.08,0.19,0.66465,-0.2868,-0.08582,0.68456,-0.68,1.07,0.11,-0.24072,-0.0892,-0.38419,0.88684,-0.68,1.09,0.15,-0.17302,-0.10381,-0.29378,0.93433,-0.68,1.1,0.17,0.39929,-0.25356,-0.26064,0.84163,-0.69,1.09,0.18,0.62885,-0.36175,-0.18533,0.66283,-0.71,1.08,0.18,0.62885,-0.36175,-0.18533,0.66283,-0.81,1.08,0.19
-0.79,1.46,-0.16,-0.79,1.46,-0.16,-0.86,1.1,0.11,0.34149,-0.05289,-0.15577,-0.92538,-0.86,1.06,0.06,0.34149,-0.05289,-0.15577,-0.92538,-0.83,1.08,0.09,0.44484,-0.16479,0.50993,-0.71759,-0.81,1.09,0.11,0.19747,0.0008,0.45891,-0.86626,-0.8,1.1,0.14,0.0814,0.01988,0.53323,-0.84181,-0.8,1.11,0.16,0.0814,0.01988,0.53323,-0.84181,-0.84,1.08,0.09,0.34149,-0.05289,-0.15577,-0.92538,-0.84,1.12,0.13,0.07192,-0.08154,-0.0987,-0.98916,-0.83,1.13,0.17,-0.34142,-0.12062,-0.08171,-0.92855,-0.82,1.11,0.18,-0.5092,-0.10667,-0.06638,-0.85143,-0.82,1.09,0.2,-0.5092,-0.10667,-0.06638,-0.85143,-0.85,1.07,0.09,0.34149,-0.05289,-0.15577,-0.92538,-0.86,1.12,0.13,0.09635,-0.07078,-0.15856,-0.98008,-0.85,1.13,0.17,-0.31819,-0.13189,-0.12769,-0.93008,-0.85,1.11,0.19,-0.48128,-0.13928,-0.16063,-0.8504,-0.84,1.09,0.21,-0.48128,-0.13928,-0.16063,-0.8504,-0.87,1.07,0.09,0.34149,-0.05289,-0.15577,-0.92538,-0.88,1.1,0.13,0.11932,-0.05995,-0.21401,-0.96766,-0.87,1.11,0.17,-0.29183,-0.15872,-0.20811,-0.91996,-0.86,1.1,0.19,-0.48399,-0.22359,-0.19012,-0.82439,-0.85,1.09,0.2,-0.48399,-0.22359,-0.19012,-0.82439,-0.88,1.07,0.09,0.28082,0.00512,-0.38933,-0.87723,-0.89,1.09,0.13,0.16993,-0.06406,-0.29066,-0.93943,-0.89,1.1,0.16,-0.1904,-0.15124,-0.31546,-0.91726,-0.88,1.09,0.18,-0.32664,-0.24667,-0.29309,-0.86404,-0.87,1.09,0.19,-0.32664,-0.24667,-0.29309,-0.86404,-0.7,1.1,0.11,-0.33862,-0.17357,-0.1519,0.91221,-0.68,1.06,0.07,-0.33862,-0.17357,-0.1519,0.91221,-0.72,1.07,0.09,-0.46023,-0.18237,0.54356,0.67784,-0.74,1.09,0.11,-0.28993,-0.04839,0.49211,0.81941,-0.76,1.1,0.13,-0.23336,-0.05293,0.5744,0.78282,-0.76,1.11,0.15,-0.23336,-0.05293,0.5744,0.78282,-0.71,1.08,0.09,-0.33862,-0.17357,-0.1519,0.91221,-0.72,1.12,0.13,-0.06277,-0.1863,-0.06631,0.97824,-0.74,1.13,0.16,0.43173,-0.20261,0.01006,0.87889,-0.75,1.11,0.17,0.61193,-0.16908,0.04736,0.77117,-0.75,1.09,0.18,0.61193,-0.16908,0.04736,0.77117,-0.69,1.08,0.09,-0.33862,-0.17357,-0.1519,0.91221,-0.7,1.12,0.13,-0.06039,-0.1804,-0.12521,0.97372,-0.72,1.13,0.17,0.39429,-0.21971,-0.04124,0.89138,-0.73,1.11,0.19,0.57632,-0.2058,-0.05531,0.78895,-0.74,1.09,0.2,0.57632,-0.2058,-0.05531,0.78895,-0.68,1.07,0.1,-0.33862,-0.17357,-0.1519,0.91221,-0.69,1.11,0.14,-0.0458,-0.17705,-0.17786,0.96691,-0.7,1.12,0.17,0.45501,-0.25837,-0.10314,0.84592,-0.71,1.1,0.19,0.67579,-0.29364,-0.05458,0.67387,-0.72,1.08,0.19,0.67579,-0.29364,-0.05458,0.67387,-0.67,1.07,0.1,-0.25384,-0.11289,-0.38025,0.88217,-0.67,1.09,0.14,-0.15977,-0.14413,-0.28188,0.93501,-0.68,1.11,0.17,0.41241,-0.27849,-0.22829,0.83681,-0.69,1.09,0.18,0.64405,-0.3756,-0.14603,0.65023,-0.7,1.08,0.18,0.64405,-0.3756,-0.14603,0.65023,-0.81,1.08,0.19
-0.79,1.46,-0.17,-0.79,1.46,-0.17,-0.86,1.1,0.11,0.35028,-0.05646,-0.16434,-0.92039,-0.86,1.06,0.06,0.35028,-0.05646,-0.16434,-0.92039,-0.83,1.08,0.09,0.45093,-0.15754,0.50805,-0.71674,-0.81,1.09,0.11,0.20081,0.00824,0.45484,-0.8676,-0.8,1.1,0.14,0.07035,0.03557,0.52702,-0.84619,-0.8,1.11,0.16,0.07035,0.03557,0.52702,-0.84619,-0.84,1.08,0.09,0.35028,-0.05646,-0.16434,-0.92039,-0.84,1.12,0.13,0.05233,-0.08843,-0.10373,-0.98928,-0.83,1.12,0.17,-0.38386,-0.13066,-0.08006,-0.91059,-0.83,1.11,0.18,-0.55737,-0.11677,-0.0601,-0.81981,-0.82,1.09,0.19,-0.55737,-0.11677,-0.0601,-0.81981,-0.86,1.07,0.09,0.35028,-0.05646,-0.16434,-0.92039,-0.86,1.12,0.13,0.09674,-0.08004,-0.16415,-0.97841,-0.85,1.13,0.17,-0.32917,-0.14427,-0.12711,-0.92449,-0.85,1.11,0.19,-0.50536,-0.15237,-0.15655,-0.8348,-0.84,1.09,0.2,-0.50536,-0.15237,-0.15655,-0.8348,-0.87,1.07,0.09,0.35028,-0.05646,-0.16434,-0.92039,-0.88,1.1,0.13,0.13285,-0.06771,-0.22056,-0.96391,-0.87,1.12,0.17,-0.2979,-0.17332,-0.20734,-0.91555,-0.86,1.1,0.19,-0.50381,-0.24002,-0.18315,-0.80933,-0.85,1.09,0.2,-0.50381,-0.24002,-0.18315,-0.80933,-0.88,1.07,0.1,0.28748,-0.00102,-0.39777,-0.87128,-0.89,1.09,0.13,0.17969,-0.07344,-0.29685,-0.93498,-0.89,1.1,0.16,-0.20346,-0.17063,-0.31468,-0.9113,-0.88,1.09,0.18,-0.36548,-0.2738,-0.28247,-0.8436,-0.87,1.09,0.19,-0.36548,-0.2738,-0.28247,-0.8436,-0.7,1.1,0.11,-0.37185,-0.19411,-0.14688,0.89581,-0.68,1.06,0.07,-0.37185,-0.19411,-0.14688,0.89581,-0.72,1.07,0.09,-0.49,-0.16026,0.55066,0.6565,-0.74,1.09,0.1,-0.32363,-0.02722,0.49412,0.80645,-0.75,1.1,0.13,-0.2758,-0.0357,0.57692,0.768,-0.76,1.11,0.15,-0.2758,-0.0357,0.57692,0.768,-0.71,1.08,0.09,-0.37185,-0.19411,-0.14688,0.89581,-0.72,1.12,0.12,-0.03912,-0.20913,-0.03932,0.97631,-0.74,1.13,0.15,0.4708,-0.20757,0.04924,0.85606,-0.75,1.11,0.17,0.64951,-0.16491,0.08917,0.73688,-0.75,1.08,0.17,0.64951,-0.16491,0.08917,0.73688,-0.69,1.08,0.09,-0.37185,-0.19411,-0.14688,0.89581,-0.7,1.12,0.13,-0.07443,-0.20468,-0.10911,0.96988,-0.72,1.13,0.17,0.37075,-0.23393,-0.01824,0.89861,-0.73,1.11,0.18,0.55608,-0.21665,-0.0302,0.80183,-0.74,1.09,0.19,0.55608,-0.21665,-0.0302,0.80183,-0.68,1.08,0.1,-0.37185,-0.19411,-0.14688,0.89581,-0.69,1.11,0.13,-0.08061,-0.20013,-0.1669,0.96208,-0.7,1.12,0.17,0.42234,-0.27397,-0.08171,0.86017,-0.71,1.1,0.18,0.65223,-0.30349,-0.02794,0.69405,-0.72,1.08,0.18,0.65223,-0.30349,-0.02794,0.69405,-0.67,1.07,0.1,-0.28276,-0.14186,-0.37628,0.87082,-0.67,1.1,0.14,-0.19335,-0.16987,-0.27507,0.92634,-0.68,1.11,0.17,0.38452,-0.29919,-0.20711,0.84837,-0.69,1.1,0.18,0.63096,-0.39013,-0.11351,0.66091,-0.71,1.09,0.17,0.63096,-0.39013,-0.11351,0.66091,-0.81,1.08,0.19
-0.79,1.46,-0.17,-0.79,1.46,-0.17,-0.86,1.09,0.11,0.32951,-0.06,-0.15966,-0.92862,-0.86,1.06,0.06,0.32951,-0.06,-0.15966,-0.92862,-0.83,1.07,0.09,0.43222,-0.17369,0.5125,-0.72136,-0.81,1.09,0.11,0.17695,-0.00188,0.46488,-0.86751,-0.8,1.1,0.14,0.04281,0.02761,0.53648,-0.84238,-0.8,1.1,0.16,0.04281,0.02761,0.53648,-0.84238,-0.84,1.08,0.09,0.32951,-0.06,-0.15966,-0.92862,-0.84,1.12,0.13,0.03453,-0.09022,-0.09871,-0.99042,-0.83,1.12,0.17,-0.39619,-0.12928,-0.07549,-0.90588,-0.82,1.1,0.18,-0.56979,-0.11454,-0.05531,-0.81189,-0.82,1.08,0.19,-0.56979,-0.11454,-0.05531,-0.81189,-0.86,1.07,0.09,0.32951,-0.06,-0.15966,-0.92862,-0.86,1.11,0.13,0.07486,-0.08329,-0.15742,-0.98116,-0.85,1.12,0.18,-0.34654,-0.1436,-0.12026,-0.91915,-0.84,1.1,0.19,-0.52371,-0.14958,-0.14957,-0.82522,-0.83,1.09,0.21,-0.52371,-0.14958,-0.14957,-0.82522,-0.87,1.07,0.09,0.32951,-0.06,-0.15966,-0.92862,-0.88,1.1,0.14,0.12075,-0.06872,-0.21428,-0.96684,-0.87,1.11,0.17,-0.31562,-0.1722,-0.20062,-0.91131,-0.86,1.1,0.19,-0.52644,-0.23797,-0.17599,-0.79703,-0.85,1.08,0.2,-0.52644,-0.23797,-0.17599,-0.79703,-0.88,1.06,0.1,0.26715,0.0011,-0.39196,-0.88034,-0.89,1.09,0.13,0.16713,-0.07318,-0.29055,-0.93931,-0.89,1.1,0.16,-0.23445,-0.17283,-0.30644,-0.90623,-0.88,1.09,0.18,-0.41531,-0.2802,-0.26973,-0.82235,-0.86,1.08,0.19,-0.41531,-0.2802,-0.26973,-0.82235,-0.7,1.1,0.11,-0.39457,-0.20741,-0.13972,0.88418,-0.68,1.06,0.07,-0.39457,-0.20741,-0.13972,0.88418,-0.72,1.07,0.09,-0.51008,-0.14607,0.55637,0.63948,-0.74,1.09,0.1,-0.3414,-0.00984,0.49716,0.79761,-0.75,1.1,0.13,-0.29202,-0.01632,0.57983,0.76043,-0.76,1.12,0.15,-0.29202,-0.01632,0.57983,0.76043,-0.71,1.08,0.09,-0.39457,-0.20741,-0.13972,0.88418,-0.73,1.12,0.12,-0.0669,-0.22074,-0.02681,0.97267,-0.74,1.13,0.15,0.45725,-0.21089,0.06912,0.8612,-0.75,1.11,0.16,0.64847,-0.1624,0.11168,0.73528,-0.75,1.09,0.16,0.64847,-0.1624,0.11168,0.73528,-0.69,1.08,0.09,-0.39457,-0.20741,-0.13972,0.88418,-0.7,1.12,0.12,-0.11225,-0.21839,-0.0987,0.96435,-0.72,1.14,0.16,0.27864,-0.24143,-0.01726,0.9294,-0.73,1.12,0.18,0.45142,-0.23012,-0.03244,0.86152,-0.74,1.1,0.19,0.45142,-0.23012,-0.03244,0.86152,-0.68,1.08,0.1,-0.39457,-0.20741,-0.13972,0.88418,-0.69,1.12,0.13,-0.15245,-0.20657,-0.16654,0.95202,-0.7,1.13,0.16,0.33047,-0.28015,-0.08401,0.89736,-0.72,1.11,0.18,0.56277,-0.31303,-0.03027,0.76445,-0.73,1.1,0.19,0.56277,-0.31303,-0.03027,0.76445,-0.67,1.07,0.1,-0.30321,-0.16094,-0.36989,0.86333,-0.67,1.1,0.14,-0.27406,-0.16451,-0.27685,0.90619,-0.68,1.12,0.16,0.30264,-0.30178,-0.21215,0.87882,-0.69,1.11,0.17,0.55832,-0.39487,-0.1161,0.72033,-0.71,1.1,0.18,0.55832,-0.39487,-0.1161,0.72033,-0.81,1.08,0.19
-0.79,1.46,-0.17,-0.79,1.46,-0.17,-0.86,1.09,0.11,0.32176,-0.0598,-0.16136,-0.93105,-0.86,1.06,0.06,0.32176,-0.0598,-0.16136,-0.93105,-0.83,1.07,0.09,0.4222,-0.17759,0.51456,-0.72487,-0.81,1.09,0.11,0.16276,-0.00207,0.46845,-0.86837,-0.8,1.1,0.14,0.02416,0.0295,0.53888,-0.84152,-0.8,1.1,0.16,0.02416,0.0295,0.53888,-0.84152,-0.84,1.08,0.09,0.32176,-0.0598,-0.16136,-0.93105,-0.84,1.12,0.13,0.02925,-0.09005,-0.10095,-0.99038,-0.83,1.12,0.17,-0.39578,-0.12951,-0.07835,-0.90578,-0.82,1.1,0.19,-0.56891,-0.11529,-0.05816,-0.8122,-0.82,1.08,0.19,-0.56891,-0.11529,-0.05816,-0.8122,-0.86,1.07,0.09,0.32176,-0.0598,-0.16136,-0.93105,-0.86,1.11,0.13,0.06686,-0.0847,-0.15817,-0.9815,-0.85,1.12,0.18,-0.34949,-0.14451,-0.12104,-0.91778,-0.84,1.1,0.2,-0.52738,-0.15055,-0.15002,-0.82262,-0.83,1.08,0.21,-0.52738,-0.15055,-0.15002,-0.82262,-0.87,1.07,0.09,0.32176,-0.0598,-0.16136,-0.93105,-0.88,1.1,0.14,0.12418,-0.06777,-0.21564,-0.96617,-0.87,1.11,0.17,-0.31612,-0.17292,-0.20153,-0.9108,-0.86,1.1,0.19,-0.53166,-0.23968,-0.17564,-0.79312,-0.85,1.08,0.2,-0.53166,-0.23968,-0.17564,-0.79312,-0.88,1.06,0.1,0.2594,0.00321,-0.39302,-0.88218,-0.89,1.08,0.14,0.17374,-0.06995,-0.29152,-0.93805,-0.89,1.1,0.16,-0.24069,-0.17499,-0.30681,-0.90405,-0.88,1.09,0.18,-0.43583,-0.28677,-0.26544,-0.81077,-0.86,1.08,0.19,-0.43583,-0.28677,-0.26544,-0.81077,-0.7,1.1,0.11,-0.41171,-0.21115,-0.15307,0.8732,-0.68,1.05,0.07,-0.41171,-0.21115,-0.15307,0.8732,-0.72,1.07,0.09,-0.52799,-0.1285,0.5444,0.63901,-0.74,1.09,0.1,-0.35168,0.00754,0.48085,0.80315,-0.75,1.11,0.13,-0.30054,0.00186,0.56414,0.76904,-0.76,1.12,0.14,-0.30054,0.00186,0.56414,0.76904,-0.71,1.08,0.09,-0.41171,-0.21115,-0.15307,0.8732,-0.73,1.12,0.11,-0.09258,-0.22953,-0.03872,0.96811,-0.74,1.13,0.15,0.43772,-0.22488,0.06507,0.8681,-0.75,1.11,0.16,0.63672,-0.17643,0.11186,0.74226,-0.75,1.09,0.16,0.63672,-0.17643,0.11186,0.74226,-0.69,1.08,0.09,-0.41171,-0.21115,-0.15307,0.8732,-0.7,1.13,0.12,-0.14436,-0.22886,-0.11058,0.95632,-0.72,1.14,0.16,0.21519,-0.25523,-0.0323,0.94208,-0.73,1.13,0.18,0.36642,-0.24993,-0.0497,0.89488,-0.75,1.11,0.19,0.36642,-0.24993,-0.0497,0.89488,-0.68,1.08,0.1,-0.41171,-0.21115,-0.15307,0.8732,-0.69,1.12,0.13,-0.19592,-0.21211,-0.18356,0.93965,-0.7,1.13,0.16,0.26372,-0.29252,-0.10193,0.91351,-0.72,1.12,0.18,0.48274,-0.33121,-0.04895,0.80924,-0.73,1.1,0.19,0.48274,-0.33121,-0.04895,0.80924,-0.67,1.07,0.1,-0.31736,-0.1699,-0.38288,0.85078,-0.67,1.1,0.14,-0.31174,-0.16017,-0.29528,0.8888,-0.68,1.12,0.16,0.25398,-0.31003,-0.23116,0.88654,-0.69,1.12,0.17,0.50064,-0.40716,-0.13562,0.75179,-0.71,1.1,0.18,0.50064,-0.40716,-0.13562,0.75179,-0.81,1.08,0.19
-0.79,1.46,-0.17,-0.79,1.46,-0.17,-0.86,1.09,0.11,0.32384,-0.0582,-0.16465,-0.92986,-0.86,1.06,0.06,0.32384,-0.0582,-0.16465,-0.92986,-0.83,1.07,0.09,0.41903,-0.17327,0.5168,-0.72616,-0.81,1.09,0.11,0.15807,0.00397,0.46926,-0.86879,-0.8,1.1,0.14,0.01518,0.03761,0.5382,-0.84184,-0.8,1.1,0.16,0.01518,0.03761,0.5382,-0.84184,-0.84,1.08,0.09,0.32384,-0.0582,-0.16465,-0.92986,-0.84,1.12,0.13,0.03509,-0.08833,-0.10555,-0.98986,-0.83,1.12,0.17,-0.3797,-0.12907,-0.08474,-0.91213,-0.82,1.1,0.19,-0.55219,-0.11602,-0.06535,-0.82302,-0.82,1.08,0.19,-0.55219,-0.11602,-0.06535,-0.82302,-0.86,1.07,0.09,0.32384,-0.0582,-0.16465,-0.92986,-0.86,1.11,0.13,0.06868,-0.08488,-0.1613,-0.98085,-0.85,1.12,0.18,-0.34296,-0.14538,-0.12452,-0.91964,-0.84,1.1,0.2,-0.5215,-0.15251,-0.15331,-0.82539,-0.83,1.08,0.21,-0.5215,-0.15251,-0.15331,-0.82539,-0.87,1.07,0.09,0.32384,-0.0582,-0.16465,-0.92986,-0.88,1.1,0.14,0.13488,-0.0659,-0.21946,-0.964,-0.87,1.11,0.17,-0.30742,-0.17377,-0.20523,-0.91279,-0.86,1.1,0.19,-0.52571,-0.24198,-0.17832,-0.79578,-0.85,1.08,0.2,-0.52571,-0.24198,-0.17832,-0.79578,-0.88,1.06,0.1,0.2613,0.0041,-0.39629,-0.88015,-0.89,1.09,0.13,0.18653,-0.06666,-0.29484,-0.93479,-0.89,1.1,0.16,-0.23177,-0.17575,-0.31062,-0.90494,-0.88,1.09,0.18,-0.43356,-0.29036,-0.26659,-0.81034,-0.86,1.08,0.19,-0.43356,-0.29036,-0.26659,-0.81034,-0.7,1.1,0.11,-0.41208,-0.21104,-0.16508,0.87086,-0.68,1.05,0.07,-0.41208,-0.21104,-0.16508,0.87086,-0.72,1.07,0.09,-0.53011,-0.12169,0.53575,0.64587,-0.74,1.09,0.1,-0.3452,0.01608,0.47044,0.81195,-0.75,1.11,0.13,-0.29221,0.01012,0.55376,0.77965,-0.76,1.12,0.15,-0.29221,0.01012,0.55376,0.77965,-0.71,1.08,0.09,-0.41208,-0.21104,-0.16508,0.87086,-0.72,1.12,0.12,-0.0999,-0.23274,-0.05233,0.96598,-0.74,1.13,0.15,0.42369,-0.23536,0.05351,0.87306,-0.75,1.11,0.16,0.62116,-0.18995,0.10181,0.75347,-0.75,1.09,0.17,0.62116,-0.18995,0.10181,0.75347,-0.69,1.07,0.09,-0.41208,-0.21104,-0.16508,0.87086,-0.7,1.12,0.12,-0.14064,-0.23478,-0.11927,0.9544,-0.72,1.14,0.16,0.2125,-0.26362,-0.03977,0.94009,-0.73,1.13,0.18,0.35182,-0.25918,-0.05795,0.8976,-0.75,1.11,0.2,0.35182,-0.25918,-0.05795,0.8976,-0.68,1.07,0.1,-0.41208,-0.21104,-0.16508,0.87086,-0.69,1.11,0.13,-0.1915,-0.21677,-0.19326,0.93754,-0.7,1.13,0.16,0.25991,-0.30013,-0.11047,0.91114,-0.72,1.12,0.18,0.4676,-0.34041,-0.05876,0.81365,-0.73,1.1,0.19,0.4676,-0.34041,-0.05876,0.81365,-0.67,1.07,0.11,-0.31611,-0.17041,-0.39408,0.84602,-0.67,1.1,0.14,-0.30858,-0.16042,-0.30714,0.88584,-0.68,1.12,0.16,0.25248,-0.31593,-0.24135,0.88215,-0.69,1.11,0.17,0.48979,-0.41447,-0.14722,0.75276,-0.71,1.1,0.18,0.48979,-0.41447,-0.14722,0.75276,-0.81,1.08,0.19
-0.79,1.46,-0.17,-0.79,1.46,-0.17,-0.86,1.09,0.11,0.32784,-0.05907,-0.16638,-0.92809,-0.86,1.06,0.06,0.32784,-0.05907,-0.16638,-0.92809,-0.83,1.07,0.09,0.4195,-0.16876,0.51892,-0.72544,-0.81,1.09,0.11,0.15904,0.00893,0.4698,-0.86828,-0.8,1.1,0.14,0.01315,0.04437,0.53771,-0.84186,-0.8,1.1,0.16,0.01315,0.04437,0.53771,-0.84186,-0.84,1.08,0.09,0.32784,-0.05907,-0.16638,-0.92809,-0.84,1.12,0.13,0.03911,-0.08852,-0.10768,-0.98946,-0.83,1.12,0.17,-0.3669,-0.12937,-0.08785,-0.91702,-0.82,1.1,0.19,-0.53676,-0.11664,-0.06935,-0.83275,-0.82,1.09,0.19,-0.53676,-0.11664,-0.06935,-0.83275,-0.86,1.07,0.09,0.32784,-0.05907,-0.16638,-0.92809,-0.86,1.11,0.13,0.07034,-0.08666,-0.16256,-0.98037,-0.85,1.12,0.17,-0.33845,-0.14717,-0.12537,-0.92091,-0.84,1.11,0.19,-0.51673,-0.15462,-0.15391,-0.82789,-0.83,1.09,0.21,-0.51673,-0.15462,-0.15391,-0.82789,-0.87,1.07,0.09,0.32784,-0.05907,-0.16638,-0.92809,-0.88,1.1,0.13,0.14308,-0.06616,-0.22152,-0.96233,-0.87,1.11,0.17,-0.29905,-0.17517,-0.20684,-0.91493,-0.86,1.1,0.19,-0.51746,-0.24383,-0.17946,-0.80036,-0.85,1.08,0.2,-0.51746,-0.24383,-0.17946,-0.80036,-0.88,1.06,0.1,0.26479,0.00215,-0.39814,-0.87828,-0.89,1.09,0.13,0.19666,-0.06581,-0.29677,-0.93216,-0.89,1.1,0.16,-0.22083,-0.17635,-0.31285,-0.90678,-0.88,1.09,0.18,-0.4233,-0.29155,-0.26809,-0.81483,-0.86,1.08,0.19,-0.4233,-0.29155,-0.26809,-0.81483,-0.7,1.1,0.11,-0.39941,-0.19673,-0.16653,0.87979,-0.68,1.05,0.07,-0.39941,-0.19673,-0.16653,0.87979,-0.72,1.07,0.09,-0.51274,-0.1201,0.53789,0.65829,-0.74,1.09,0.11,-0.32231,0.022,0.47196,0.8203,-0.75,1.1,0.13,-0.26861,0.01371,0.55446,0.78755,-0.76,1.12,0.15,-0.26861,0.01371,0.55446,0.78755,-0.71,1.07,0.09,-0.39941,-0.19673,-0.16653,0.87979,-0.72,1.12,0.12,-0.07363,-0.22032,-0.05579,0.97104,-0.74,1.13,0.15,0.43333,-0.22666,0.0398,0.87136,-0.75,1.11,0.16,0.61733,-0.18586,0.08321,0.75989,-0.75,1.09,0.17,0.61733,-0.18586,0.08321,0.75989,-0.69,1.07,0.09,-0.39941,-0.19673,-0.16653,0.87979,-0.7,1.12,0.13,-0.1012,-0.2254,-0.11765,0.96183,-0.72,1.13,0.16,0.25391,-0.25387,-0.04115,0.93241,-0.73,1.12,0.18,0.38762,-0.24725,-0.06105,0.88594,-0.74,1.1,0.2,0.38762,-0.24725,-0.06105,0.88594,-0.68,1.07,0.1,-0.39941,-0.19673,-0.16653,0.87979,-0.69,1.11,0.13,-0.16286,-0.2059,-0.19354,0.94532,-0.7,1.13,0.17,0.28896,-0.28954,-0.11616,0.90508,-0.71,1.11,0.18,0.4896,-0.33066,-0.069,0.80386,-0.73,1.1,0.19,0.4896,-0.33066,-0.069,0.80386,-0.67,1.07,0.11,-0.30643,-0.15271,-0.39581,0.85212,-0.67,1.1,0.14,-0.29354,-0.14494,-0.30857,0.89309,-0.67,1.11,0.16,0.26949,-0.30307,-0.25098,0.87894,-0.69,1.11,0.18,0.50126,-0.4043,-0.16265,0.74755,-0.7,1.1,0.18,0.50126,-0.4043,-0.16265,0.74755,-0.81,1.08,0.19
-0.79,1.46,-0.17,-0.79,1.46,-0.17,-0.86,1.09,0.11,0.33385,-0.0627,-0.16718,-0.92556,-0.86,1.06,0.06,0.33385,-0.0627,-0.16718,-0.92556,-0.83,1.07,0.09,0.42393,-0.1645,0.52052,-0.72269,-0.81,1.09,0.11,0.1649,0.0128,0.4699,-0.86708,-0.8,1.1,0.14,0.01496,0.05116,0.53692,-0.84195,-0.8,1.1,0.16,0.01496,0.05116,0.53692,-0.84195,-0.84,1.08,0.09,0.33385,-0.0627,-0.16718,-0.92556,-0.84,1.12,0.13,0.04306,-0.09052,-0.10838,-0.98904,-0.83,1.12,0.17,-0.35948,-0.13122,-0.08819,-0.91966,-0.82,1.11,0.18,-0.52682,-0.11829,-0.07006,-0.83879,-0.82,1.09,0.19,-0.52682,-0.11829,-0.07006,-0.83879,-0.86,1.07,0.09,0.33385,-0.0627,-0.16718,-0.92556,-0.86,1.12,0.13,0.07235,-0.09063,-0.16241,-0.97988,-0.85,1.12,0.17,-0.33605,-0.1507,-0.12367,-0.92145,-0.84,1.11,0.19,-0.51353,-0.15776,-0.15169,-0.8297,-0.83,1.09,0.2,-0.51353,-0.15776,-0.15169,-0.8297,-0.87,1.07,0.09,0.33385,-0.0627,-0.16718,-0.92556,-0.88,1.1,0.13,0.14875,-0.06975,-0.22207,-0.96109,-0.87,1.12,0.17,-0.29349,-0.17883,-0.20563,-0.9163,-0.86,1.1,0.19,-0.51176,-0.24707,-0.1774,-0.80349,-0.85,1.09,0.2,-0.51176,-0.24707,-0.1774,-0.80349,-0.88,1.07,0.1,0.26979,-0.00298,-0.39917,-0.87628,-0.89,1.09,0.13,0.20309,-0.06937,-0.29747,-0.9303,-0.89,1.1,0.16,-0.21391,-0.18017,-0.31211,-0.90795,-0.88,1.09,0.18,-0.41626,-0.29492,-0.26629,-0.81782,-0.86,1.08,0.19,-0.41626,-0.29492,-0.26629,-0.81782,-0.7,1.1,0.11,-0.38589,-0.18353,-0.15947,0.88993,-0.68,1.05,0.07,-0.38589,-0.18353,-0.15947,0.88993,-0.72,1.07,0.09,-0.49356,-0.12545,0.54621,0.66507,-0.74,1.08,0.11,-0.30213,0.02098,0.4817,0.82234,-0.75,1.1,0.13,-0.24968,0.01004,0.56333,0.78754,-0.76,1.11,0.15,-0.24968,0.01004,0.56333,0.78754,-0.71,1.07,0.09,-0.38589,-0.18353,-0.15947,0.88993,-0.72,1.12,0.12,-0.02067,-0.20934,-0.04281,0.97669,-0.74,1.12,0.16,0.47061,-0.2099,0.04219,0.85597,-0.75,1.1,0.17,0.63693,-0.16988,0.07965,0.74774,-0.75,1.08,0.17,0.63693,-0.16988,0.07965,0.74774,-0.69,1.07,0.1,-0.38589,-0.18353,-0.15947,0.88993,-0.7,1.12,0.13,-0.0643,-0.21539,-0.10779,0.96843,-0.72,1.13,0.17,0.28679,-0.24036,-0.0366,0.92663,-0.73,1.11,0.19,0.41386,-0.23131,-0.05895,0.87849,-0.74,1.1,0.2,0.41386,-0.23131,-0.05895,0.87849,-0.68,1.07,0.1,-0.38589,-0.18353,-0.15947,0.88993,-0.69,1.11,0.14,-0.14183,-0.19307,-0.18707,0.95269,-0.7,1.12,0.17,0.3,-0.27312,-0.11972,0.90613,-0.71,1.11,0.19,0.49022,-0.31488,-0.07963,0.80883,-0.73,1.09,0.2,0.49022,-0.31488,-0.07963,0.80883,-0.67,1.07,0.11,-0.29689,-0.13558,-0.38942,0.8613,-0.67,1.09,0.14,-0.29323,-0.12269,-0.30377,0.89816,-0.67,1.11,0.17,0.26643,-0.28071,-0.26093,0.88438,-0.69,1.11,0.18,0.48869,-0.38388,-0.18339,0.7617,-0.7,1.09,0.18,0.48869,-0.38388,-0.18339,0.7617,-0.81,1.08,0.19
-0.79,1.46,-0.17,-0.79,1.46,-0.17,-0.86,1.09,0.11,0.33188,-0.06808,-0.16148,-0.9269,-0.86,1.06,0.06,0.33188,-0.06808,-0.16148,-0.9269,-0.83,1.07,0.09,0.42095,-0.1681,0.52674,-0.71909,-0.81,1.09,0.11,0.16371,0.01131,0.47732,-0.86327,-0.8,1.1,0.14,0.01279,0.0517,0.5439,-0.83746,-0.8,1.1,0.16,0.01279,0.0517,0.5439,-0.83746,-0.84,1.08,0.09,0.33188,-0.06808,-0.16148,-0.9269,-0.84,1.12,0.13,0.03844,-0.09289,-0.10189,-0.9897,-0.83,1.12,0.17,-0.36505,-0.13076,-0.08119,-0.91818,-0.82,1.11,0.18,-0.53164,-0.11646,-0.06316,-0.83655,-0.82,1.09,0.19,-0.53164,-0.11646,-0.06316,-0.83655,-0.86,1.07,0.09,0.33188,-0.06808,-0.16148,-0.9269,-0.86,1.12,0.13,0.06738,-0.09395,-0.15566,-0.98102,-0.85,1.12,0.17,-0.34204,-0.15102,-0.11602,-0.92019,-0.84,1.11,0.19,-0.51948,-0.15626,-0.14407,-0.82763,-0.83,1.09,0.2,-0.51948,-0.15626,-0.14407,-0.82763,-0.87,1.07,0.09,0.33188,-0.06808,-0.16148,-0.9269,-0.87,1.1,0.13,0.14425,-0.07372,-0.21561,-0.96295,-0.87,1.11,0.17,-0.30036,-0.17972,-0.19791,-0.9156,-0.86,1.1,0.19,-0.51937,-0.24599,-0.16969,-0.80059,-0.85,1.08,0.2,-0.51937,-0.24599,-0.16969,-0.80059,-0.88,1.07,0.1,0.26755,-0.00748,-0.39355,-0.87948,-0.89,1.09,0.13,0.19827,-0.07482,-0.29108,-0.93293,-0.89,1.1,0.16,-0.22145,-0.18264,-0.30385,-0.90845,-0.88,1.09,0.18,-0.42629,-0.29594,-0.25736,-0.81515,-0.86,1.08,0.19,-0.42629,-0.29594,-0.25736,-0.81515,-0.7,1.09,0.12,-0.35224,-0.16725,-0.14535,0.9093,-0.68,1.05,0.07,-0.35224,-0.16725,-0.14535,0.9093,-0.72,1.07,0.09,-0.47067,-0.15352,0.54482,0.67681,-0.74,1.08,0.11,-0.27823,-0.00608,0.48795,0.82732,-0.75,1.1,0.14,-0.23138,-0.02155,0.56948,0.78848,-0.76,1.11,0.16,-0.23138,-0.02155,0.56948,0.78848,-0.71,1.07,0.09,-0.35224,-0.16725,-0.14535,0.9093,-0.72,1.12,0.13,0.0279,-0.20191,-0.02222,0.97875,-0.74,1.11,0.16,0.51078,-0.19225,0.05532,0.83611,-0.75,1.09,0.17,0.66743,-0.15013,0.0892,0.72391,-0.75,1.07,0.18,0.66743,-0.15013,0.0892,0.72391,-0.69,1.07,0.1,-0.35224,-0.16725,-0.14535,0.9093,-0.7,1.12,0.13,-0.03527,-0.202,-0.09469,0.97416,-0.72,1.12,0.17,0.27419,-0.22132,-0.03905,0.93505,-0.73,1.11,0.19,0.38191,-0.21293,-0.06686,0.89685,-0.74,1.09,0.21,0.38191,-0.21293,-0.06686,0.89685,-0.68,1.07,0.1,-0.35224,-0.16725,-0.14535,0.9093,-0.69,1.11,0.14,-0.14079,-0.16889,-0.18044,0.95869,-0.7,1.12,0.17,0.26173,-0.24308,-0.13473,0.92426,-0.71,1.11,0.19,0.43528,-0.2883,-0.10532,0.84636,-0.72,1.09,0.21,0.43528,-0.2883,-0.10532,0.84636,-0.67,1.07,0.11,-0.26931,-0.10988,-0.37533,0.88007,-0.67,1.09,0.14,-0.32029,-0.07407,-0.29314,0.89777,-0.67,1.11,0.17,0.21724,-0.23001,-0.28403,0.90511,-0.68,1.1,0.18,0.42882,-0.33828,-0.22377,0.80722,-0.7,1.09,0.19,0.42882,-0.33828,-0.22377,0.80722,-0.81,1.08,0.19
-0.79,1.46,-0.17,-0.79,1.46,-0.17,-0.86,1.09,0.11,0.33042,-0.06988,-0.15849,-0.9278,-0.86,1.06,0.06,0.33042,-0.06988,-0.15849,-0.9278,-0.83,1.07,0.09,0.4165,-0.16947,0.53192,-0.71755,-0.81,1.09,0.11,0.16108,0.01151,0.48288,-0.86067,-0.8,1.1,0.14,0.01014,0.05271,0.54899,-0.8341,-0.8,1.1,0.16,0.01014,0.05271,0.54899,-0.8341,-0.84,1.08,0.09,0.33042,-0.06988,-0.15849,-0.9278,-0.83,1.12,0.13,0.03551,-0.09294,-0.09893,-0.99011,-0.83,1.12,0.17,-0.3698,-0.1297,-0.07821,-0.91669,-0.82,1.1,0.18,-0.53673,-0.1149,-0.06016,-0.83372,-0.82,1.09,0.19,-0.53673,-0.1149,-0.06016,-0.83372,-0.85,1.07,0.09,0.33042,-0.06988,-0.15849,-0.9278,-0.86,1.11,0.13,0.06273,-0.09492,-0.15222,-0.98178,-0.85,1.12,0.17,-0.34776,-0.15057,-0.11231,-0.91857,-0.84,1.1,0.19,-0.5259,-0.15487,-0.14038,-0.82446,-0.83,1.09,0.2,-0.5259,-0.15487,-0.14038,-0.82446,-0.87,1.07,0.09,0.33042,-0.06988,-0.15849,-0.9278,-0.87,1.1,0.13,0.14058,-0.07504,-0.21227,-0.96413,-0.87,1.11,0.17,-0.30685,-0.17981,-0.19398,-0.91427,-0.86,1.1,0.19,-0.52757,-0.24526,-0.16556,-0.79631,-0.85,1.08,0.2,-0.52757,-0.24526,-0.16556,-0.79631,-0.88,1.07,0.1,0.26617,-0.00875,-0.3906,-0.8812,-0.89,1.09,0.13,0.19547,-0.07672,-0.28779,-0.93439,-0.89,1.1,0.16,-0.23208,-0.1851,-0.29896,-0.90692,-0.88,1.09,0.18,-0.44294,-0.29887,-0.25045,-0.80731,-0.86,1.08,0.19,-0.44294,-0.29887,-0.25045,-0.80731,-0.7,1.09,0.12,-0.33706,-0.15613,-0.14561,0.91696,-0.68,1.05,0.07,-0.33706,-0.15613,-0.14561,0.91696,-0.72,1.07,0.09,-0.47163,-0.16627,0.52588,0.68802,-0.74,1.08,0.11,-0.28517,-0.02948,0.47124,0.83411,-0.75,1.1,0.14,-0.24264,-0.04609,0.55435,0.7948,-0.76,1.11,0.16,-0.24264,-0.04609,0.55435,0.7948,-0.71,1.07,0.09,-0.33706,-0.15613,-0.14561,0.91696,-0.72,1.11,0.13,0.03947,-0.20205,-0.0193,0.97839,-0.74,1.11,0.17,0.52869,-0.19008,0.05973,0.8251,-0.74,1.09,0.17,0.68846,-0.14643,0.09501,0.70396,-0.75,1.07,0.18,0.68846,-0.14643,0.09501,0.70396,-0.69,1.07,0.1,-0.33706,-0.15613,-0.14561,0.91696,-0.7,1.11,0.14,-0.02026,-0.19923,-0.09265,0.97535,-0.72,1.12,0.17,0.25505,-0.21637,-0.04573,0.9413,-0.73,1.11,0.2,0.35242,-0.20929,-0.0757,0.90899,-0.74,1.09,0.21,0.35242,-0.20929,-0.0757,0.90899,-0.68,1.07,0.1,-0.33706,-0.15613,-0.14561,0.91696,-0.69,1.1,0.14,-0.15294,-0.15777,-0.18409,0.95803,-0.69,1.12,0.18,0.22407,-0.23102,-0.14822,0.93512,-0.71,1.11,0.2,0.39592,-0.27952,-0.12089,0.86632,-0.72,1.09,0.21,0.39592,-0.27952,-0.12089,0.86632,-0.67,1.07,0.11,-0.25673,-0.0949,-0.37524,0.88559,-0.67,1.09,0.14,-0.37688,-0.02634,-0.29361,0.8781,-0.67,1.11,0.17,0.13728,-0.18891,-0.31199,0.92094,-0.67,1.11,0.18,0.35631,-0.30695,-0.25695,0.84428,-0.69,1.1,0.2,0.35631,-0.30695,-0.25695,0.84428,-0.81,1.08,0.19
-0.79,1.46,-0.17,-0.79,1.46,-0.17,-0.86,1.09,0.11,0.33054,-0.06588,-0.15638,-0.92841,-0.86,1.06,0.06,0.33054,-0.06588,-0.15638,-0.92841,-0.83,1.07,0.09,0.40824,-0.16459,0.53893,-0.7182,-0.81,1.09,0.11,0.15542,0.01813,0.48804,-0.85868,-0.8,1.1,0.14,0.0069,0.05775,0.55313,-0.83106,-0.8,1.1,0.16,0.0069,0.05775,0.55313,-0.83106,-0.84,1.08,0.09,0.33054,-0.06588,-0.15638,-0.92841,-0.84,1.12,0.13,0.03025,-0.08938,-0.09722,-0.99078,-0.83,1.12,0.17,-0.37436,-0.12559,-0.07818,-0.91541,-0.82,1.1,0.18,-0.54071,-0.11078,-0.0608,-0.83166,-0.82,1.08,0.19,-0.54071,-0.11078,-0.0608,-0.83166,-0.86,1.07,0.09,0.33054,-0.06588,-0.15638,-0.92841,-0.86,1.11,0.13,0.05557,-0.09238,-0.15007,-0.98278,-0.85,1.12,0.17,-0.35371,-0.14716,-0.11156,-0.91695,-0.84,1.1,0.19,-0.53173,-0.15106,-0.1402,-0.82146,-0.83,1.08,0.2,-0.53173,-0.15106,-0.1402,-0.82146,-0.87,1.07,0.09,0.33054,-0.06588,-0.15638,-0.92841,-0.87,1.1,0.13,0.1387,-0.07147,-0.21066,-0.96503,-0.87,1.11,0.17,-0.30987,-0.17605,-0.19402,-0.91397,-0.86,1.1,0.19,-0.53206,-0.24185,-0.16626,-0.79422,-0.85,1.08,0.2,-0.53206,-0.24185,-0.16626,-0.79422,-0.88,1.07,0.09,0.26739,-0.00477,-0.38878,-0.88166,-0.89,1.09,0.13,0.19827,-0.07228,-0.28618,-0.93465,-0.89,1.1,0.16,-0.23727,-0.18311,-0.29825,-0.90621,-0.88,1.09,0.18,-0.4555,-0.29891,-0.24807,-0.80102,-0.86,1.08,0.19,-0.4555,-0.29891,-0.24807,-0.80102,-0.7,1.09,0.12,-0.31769,-0.15818,-0.16322,0.92055,-0.68,1.05,0.07,-0.31769,-0.15818,-0.16322,0.92055,-0.72,1.07,0.09,-0.47557,-0.18388,0.49565,0.7031,-0.74,1.08,0.11,-0.30673,-0.06742,0.44192,0.84029,-0.76,1.1,0.13,-0.26669,-0.08167,0.52771,0.80233,-0.77,1.11,0.15,-0.26669,-0.08167,0.52771,0.80233,-0.71,1.07,0.09,-0.31769,-0.15818,-0.16322,0.92055,-0.72,1.11,0.13,-0.0402,-0.20837,-0.05834,0.97548,-0.74,1.12,0.17,0.50849,-0.21497,0.04265,0.83271,-0.74,1.1,0.18,0.71986,-0.16915,0.09606,0.6663,-0.75,1.08,0.17,0.71986,-0.16915,0.09606,0.6663,-0.69,1.07,0.1,-0.31769,-0.15818,-0.16322,0.92055,-0.7,1.11,0.14,0.02538,-0.21492,-0.09874,0.9713,-0.72,1.11,0.18,0.28474,-0.23188,-0.05039,0.92877,-0.73,1.1,0.2,0.39381,-0.22407,-0.07649,0.88818,-0.74,1.08,0.21,0.39381,-0.22407,-0.07649,0.88818,-0.68,1.07,0.1,-0.31769,-0.15818,-0.16322,0.92055,-0.69,1.1,0.14,-0.11349,-0.16911,-0.19507,0.95941,-0.7,1.11,0.18,0.26749,-0.24503,-0.15309,0.91923,-0.71,1.1,0.2,0.45882,-0.29549,-0.11783,0.82963,-0.72,1.09,0.21,0.45882,-0.29549,-0.11783,0.82963,-0.67,1.06,0.11,-0.23502,-0.09269,-0.39028,0.88536,-0.67,1.09,0.15,-0.38413,-0.01347,-0.30758,0.87043,-0.66,1.11,0.17,0.16687,-0.19987,-0.32341,0.90973,-0.67,1.1,0.18,0.44072,-0.33706,-0.24558,0.79489,-0.69,1.09,0.19,0.44072,-0.33706,-0.24558,0.79489,-0.81,1.08,0.19
-0.79,1.46,-0.17,-0.79,1.46,-0.17,-0.86,1.09,0.11,0.33281,-0.06388,-0.15717,-0.92761,-0.86,1.06,0.06,0.33281,-0.06388,-0.15717,-0.92761,-0.83,1.07,0.09,0.40774,-0.16064,0.53988,-0.71866,-0.81,1.09,0.11,0.15631,0.02153,0.48756,-0.85871,-0.8,1.1,0.14,0.00899,0.06014,0.55245,-0.83132,-0.8,1.1,0.16,0.00899,0.06014,0.55245,-0.83132,-0.84,1.08,0.09,0.33281,-0.06388,-0.15717,-0.92761,-0.84,1.12,0.13,0.02985,-0.0883,-0.09803,-0.99081,-0.83,1.12,0.17,-0.37298,-0.12477,-0.0796,-0.91596,-0.82,1.1,0.18,-0.53825,-0.11014,-0.06258,-0.83321,-0.82,1.09,0.19,-0.53825,-0.11014,-0.06258,-0.83321,-0.86,1.07,0.09,0.33281,-0.06388,-0.15717,-0.92761,-0.86,1.11,0.13,0.05394,-0.09193,-0.15063,-0.98283,-0.85,1.12,0.17,-0.35355,-0.14676,-0.11252,-0.91695,-0.84,1.1,0.19,-0.53089,-0.15079,-0.14127,-0.82186,-0.83,1.08,0.2,-0.53089,-0.15079,-0.14127,-0.82186,-0.87,1.07,0.09,0.33281,-0.06388,-0.15717,-0.92761,-0.87,1.1,0.13,0.1397,-0.07057,-0.21153,-0.96476,-0.87,1.11,0.17,-0.30835,-0.17558,-0.19525,-0.91431,-0.86,1.1,0.19,-0.53031,-0.2417,-0.1676,-0.79515,-0.85,1.08,0.2,-0.53031,-0.2417,-0.1676,-0.79515,-0.88,1.07,0.09,0.2699,-0.00343,-0.38973,-0.88048,-0.89,1.09,0.13,0.20201,-0.0708,-0.28709,-0.93368,-0.89,1.1,0.16,-0.2339,-0.18263,-0.29964,-0.90673,-0.88,1.09,0.18,-0.4526,-0.2989,-0.24928,-0.80229,-0.86,1.08,0.19,-0.4526,-0.2989,-0.24928,-0.80229,-0.7,1.09,0.12,-0.31771,-0.16037,-0.16863,0.91919,-0.68,1.05,0.07,-0.31771,-0.16037,-0.16863,0.91919,-0.72,1.07,0.09,-0.48064,-0.18358,0.48785,0.70518,-0.74,1.09,0.11,-0.3144,-0.07121,0.43333,0.84161,-0.76,1.1,0.13,-0.26376,-0.07813,0.52,0.80866,-0.77,1.11,0.15,-0.26376,-0.07813,0.52,0.80866,-0.71,1.07,0.09,-0.31771,-0.16037,-0.16863,0.91919,-0.72,1.11,0.13,-0.08283,-0.20207,-0.07793,0.97274,-0.74,1.12,0.16,0.48385,-0.22116,0.0266,0.84633,-0.74,1.1,0.18,0.71588,-0.17806,0.08604,0.66963,-0.75,1.08,0.17,0.71588,-0.17806,0.08604,0.66963,-0.69,1.07,0.1,-0.31771,-0.16037,-0.16863,0.91919,-0.7,1.11,0.14,0.03639,-0.21919,-0.10107,0.96975,-0.72,1.11,0.18,0.29794,-0.23664,-0.05072,0.92339,-0.73,1.1,0.19,0.42261,-0.22871,-0.07354,0.87389,-0.74,1.08,0.21,0.42261,-0.22871,-0.07354,0.87389,-0.68,1.07,0.1,-0.31771,-0.16037,-0.16863,0.91919,-0.68,1.1,0.14,-0.10658,-0.17301,-0.19897,0.95871,-0.7,1.11,0.18,0.28266,-0.25127,-0.153,0.91299,-0.71,1.1,0.2,0.49023,-0.3028,-0.11164,0.80964,-0.72,1.08,0.2,0.49023,-0.3028,-0.11164,0.80964,-0.67,1.06,0.11,-0.23385,-0.09511,-0.3952,0.88323,-0.67,1.09,0.14,-0.40205,-0.00842,-0.31233,0.86066,-0.66,1.11,0.16,0.15864,-0.20423,-0.32742,0.9088,-0.67,1.1,0.18,0.4525,-0.34798,-0.23988,0.78525,-0.69,1.09,0.19,0.4525,-0.34798,-0.23988,0.78525,-0.81,1.08,0.19
-0.79,1.46,-0.17,-0.79,1.46,-0.17,-0.86,1.09,0.11,0.33656,-0.06623,-0.16118,-0.9254,-0.86,1.06,0.06,0.33656,-0.06623,-0.16118,-0.9254,-0.83,1.07,0.09,0.41243,-0.15815,0.53733,-0.71845,-0.81,1.09,0.11,0.16233,0.02183,0.48412,-0.85953,-0.8,1.1,0.14,0.01577,0.05984,0.5495,-0.8332,-0.8,1.1,0.16,0.01577,0.05984,0.5495,-0.8332,-0.84,1.08,0.09,0.33656,-0.06623,-0.16118,-0.9254,-0.84,1.12,0.13,0.03138,-0.09257,-0.10043,-0.99013,-0.83,1.12,0.17,-0.36936,-0.1295,-0.08036,-0.91671,-0.82,1.11,0.18,-0.53384,-0.11488,-0.06272,-0.8354,-0.82,1.09,0.19,-0.53384,-0.11488,-0.06272,-0.8354,-0.86,1.07,0.09,0.33656,-0.06623,-0.16118,-0.9254,-0.86,1.12,0.13,0.05665,-0.09619,-0.15334,-0.98185,-0.85,1.12,0.17,-0.35018,-0.15172,-0.11333,-0.91734,-0.84,1.11,0.19,-0.5278,-0.156,-0.14112,-0.82291,-0.83,1.09,0.2,-0.5278,-0.156,-0.14112,-0.82291,-0.87,1.07,0.09,0.33656,-0.06623,-0.16118,-0.9254,-0.87,1.1,0.13,0.14187,-0.07444,-0.21484,-0.96342,-0.87,1.12,0.17,-0.3061,-0.18063,-0.19636,-0.91385,-0.86,1.1,0.19,-0.52815,-0.24689,-0.16728,-0.79506,-0.85,1.08,0.2,-0.52815,-0.24689,-0.16728,-0.79506,-0.88,1.07,0.09,0.27253,-0.00687,-0.39364,-0.87791,-0.89,1.09,0.13,0.20501,-0.07481,-0.29049,-0.93166,-0.89,1.1,0.16,-0.2312,-0.18812,-0.30079,-0.90591,-0.88,1.09,0.18,-0.45078,-0.30475,-0.24845,-0.80137,-0.86,1.08,0.19,-0.45078,-0.30475,-0.24845,-0.80137,-0.7,1.1,0.11,-0.36201,-0.16829,-0.17717,0.89958,-0.68,1.05,0.07,-0.36201,-0.16829,-0.17717,0.89958,-0.72,1.07,0.09,-0.50079,-0.15585,0.50297,0.68698,-0.74,1.09,0.1,-0.33649,-0.04085,0.4427,0.83013,-0.75,1.11,0.13,-0.25465,-0.02733,0.52748,0.81005,-0.76,1.12,0.15,-0.25465,-0.02733,0.52748,0.81005,-0.71,1.08,0.09,-0.36201,-0.16829,-0.17717,0.89958,-0.72,1.12,0.12,-0.1372,-0.1974,-0.09389,0.96612,-0.73,1.13,0.16,0.43477,-0.22756,0.01136,0.87124,-0.74,1.11,0.17,0.67869,-0.18887,0.07252,0.70601,-0.75,1.09,0.17,0.67869,-0.18887,0.07252,0.70601,-0.69,1.07,0.09,-0.36201,-0.16829,-0.17717,0.89958,-0.7,1.12,0.13,-0.00776,-0.22716,-0.10745,0.96788,-0.72,1.12,0.17,0.26932,-0.24739,-0.051,0.92934,-0.73,1.11,0.19,0.40855,-0.24148,-0.07044,0.87739,-0.74,1.09,0.2,0.40855,-0.24148,-0.07044,0.87739,-0.68,1.07,0.1,-0.36201,-0.16829,-0.17717,0.89958,-0.68,1.11,0.14,-0.15204,-0.18379,-0.20749,0.94871,-0.69,1.12,0.17,0.24262,-0.26713,-0.15432,0.91976,-0.71,1.11,0.19,0.45912,-0.31984,-0.10628,0.82196,-0.72,1.1,0.2,0.45912,-0.31984,-0.10628,0.82196,-0.67,1.07,0.1,-0.27426,-0.11486,-0.40548,0.86439,-0.67,1.09,0.14,-0.44035,-0.01855,-0.32764,0.8357,-0.66,1.11,0.16,0.1083,-0.22254,-0.33393,0.90953,-0.67,1.11,0.18,0.40149,-0.36629,-0.23878,0.80475,-0.69,1.1,0.19,0.40149,-0.36629,-0.23878,0.80475,-0.81,1.08,0.19
-0.79,1.46,-0.17,-0.79,1.46,-0.17,-0.86,1.1,0.11,0.34284,-0.07072,-0.16327,-0.92239,-0.86,1.06,0.06,0.34284,-0.07072,-0.16327,-0.92239,-0.83,1.07,0.09,0.4194,-0.1563,0.53649,-0.71544,-0.81,1.09,0.11,0.17118,0.02194,0.48265,-0.85864,-0.8,1.1,0.14,0.02493,0.06032,0.54843,-0.83365,-0.8,1.1,0.16,0.02493,0.06032,0.54843,-0.83365,-0.84,1.08,0.09,0.34284,-0.07072,-0.16327,-0.92239,-0.84,1.12,0.13,0.03591,-0.09771,-0.10073,-0.98945,-0.83,1.12,0.16,-0.36699,-0.13461,-0.07825,-0.9171,-0.82,1.11,0.18,-0.53225,-0.1196,-0.05968,-0.83597,-0.82,1.09,0.19,-0.53225,-0.1196,-0.05968,-0.83597,-0.85,1.07,0.09,0.34284,-0.07072,-0.16327,-0.92239,-0.86,1.12,0.13,0.06103,-0.10163,-0.15387,-0.98095,-0.85,1.12,0.17,-0.34696,-0.15709,-0.1114,-0.91789,-0.84,1.11,0.19,-0.52661,-0.16124,-0.13806,-0.82318,-0.83,1.09,0.2,-0.52661,-0.16124,-0.13806,-0.82318,-0.87,1.07,0.09,0.34284,-0.07072,-0.16327,-0.92239,-0.87,1.1,0.13,0.14348,-0.08068,-0.21576,-0.96247,-0.87,1.12,0.17,-0.30591,-0.18696,-0.19407,-0.91313,-0.86,1.1,0.19,-0.53013,-0.25273,-0.16291,-0.79281,-0.84,1.09,0.2,-0.53013,-0.25273,-0.16291,-0.79281,-0.88,1.07,0.09,0.27743,-0.01298,-0.39584,-0.87531,-0.89,1.09,0.13,0.20708,-0.08136,-0.29197,-0.93019,-0.89,1.1,0.16,-0.23109,-0.19542,-0.2989,-0.90502,-0.88,1.1,0.18,-0.45335,-0.312,-0.24371,-0.79858,-0.86,1.08,0.19,-0.45335,-0.312,-0.24371,-0.79858,-0.7,1.1,0.11,-0.39049,-0.17846,-0.16044,0.88878,-0.68,1.05,0.07,-0.39049,-0.17846,-0.16044,0.88878,-0.72,1.07,0.09,-0.49359,-0.14696,0.54674,0.66019,-0.74,1.09,0.1,-0.33209,-0.01864,0.48614,0.80811,-0.75,1.1,0.13,-0.23306,0.00877,0.56573,0.79092,-0.76,1.11,0.15,-0.23306,0.00877,0.56573,0.79092,-0.71,1.08,0.09,-0.39049,-0.17846,-0.16044,0.88878,-0.72,1.12,0.12,-0.12293,-0.20334,-0.06593,0.96912,-0.74,1.13,0.15,0.43845,-0.21681,0.03505,0.87151,-0.74,1.11,0.17,0.67373,-0.17233,0.08989,0.71295,-0.75,1.09,0.17,0.67373,-0.17233,0.08989,0.71295,-0.69,1.07,0.09,-0.39049,-0.17846,-0.16044,0.88878,-0.7,1.12,0.13,-0.04388,-0.22873,-0.09071,0.96826,-0.72,1.13,0.16,0.24501,-0.24497,-0.0319,0.93752,-0.73,1.11,0.18,0.38479,-0.23785,-0.05236,0.89029,-0.74,1.1,0.2,0.38479,-0.23785,-0.05236,0.89029,-0.68,1.07,0.1,-0.39049,-0.17846,-0.16044,0.88878,-0.68,1.11,0.13,-0.18731,-0.19143,-0.19074,0.9444,-0.7,1.13,0.17,0.21253,-0.26935,-0.13446,0.92963,-0.71,1.12,0.19,0.43105,-0.31781,-0.08632,0.84009,-0.72,1.1,0.2,0.43105,-0.31781,-0.08632,0.84009,-0.67,1.07,0.1,-0.30228,-0.1318,-0.39085,0.85936,-0.67,1.1,0.14,-0.4412,-0.04901,-0.31619,0.83843,-0.66,1.12,0.16,0.11117,-0.24125,-0.30778,0.91363,-0.67,1.12,0.17,0.40173,-0.37378,-0.20996,0.80921,-0.69,1.11,0.18,0.40173,-0.37378,-0.20996,0.80921,-0.81,1.08,0.19
-0.79,1.46,-0.17,-0.79,1.46,-0.17,-0.86,1.1,0.11,0.34617,-0.07569,-0.16383,-0.92065,-0.86,1.06,0.06,0.34617,-0.07569,-0.16383,-0.92065,-0.83,1.07,0.09,0.4241,-0.15857,0.53649,-0.71216,-0.81,1.09,0.11,0.17681,0.01912,0.48345,-0.85712,-0.8,1.1,0.14,0.0307,0.05828,0.54974,-0.83274,-0.8,1.1,0.16,0.0307,0.05828,0.54974,-0.83274,-0.84,1.08,0.09,0.34617,-0.07569,-0.16383,-0.92065,-0.83,1.12,0.13,0.03765,-0.10243,-0.0997,-0.98902,-0.83,1.12,0.16,-0.36958,-0.1389,-0.07475,-0.91571,-0.82,1.11,0.18,-0.5363,-0.12331,-0.05507,-0.83315,-0.81,1.09,0.19,-0.5363,-0.12331,-0.05507,-0.83315,-0.85,1.07,0.09,0.34617,-0.07569,-0.16383,-0.92065,-0.86,1.12,0.13,0.06111,-0.10707,-0.15269,-0.98056,-0.85,1.12,0.17,-0.34813,-0.16172,-0.10786,-0.91707,-0.84,1.11,0.19,-0.53075,-0.1653,-0.13336,-0.82049,-0.83,1.09,0.2,-0.53075,-0.1653,-0.13336,-0.82049,-0.87,1.07,0.09,0.34617,-0.07569,-0.16383,-0.92065,-0.87,1.11,0.13,0.14175,-0.08704,-0.21488,-0.96237,-0.87,1.12,0.17,-0.30954,-0.19254,-0.19009,-0.91158,-0.86,1.1,0.19,-0.53665,-0.25743,-0.15691,-0.78811,-0.84,1.09,0.2,-0.53665,-0.25743,-0.15691,-0.78811,-0.88,1.07,0.09,0.27959,-0.01873,-0.3964,-0.87427,-0.89,1.09,0.13,0.20523,-0.08824,-0.2917,-0.93005,-0.89,1.1,0.16,-0.23444,-0.20174,-0.2954,-0.90392,-0.88,1.1,0.18,-0.45935,-0.31787,-0.23778,-0.79462,-0.86,1.08,0.19,-0.45935,-0.31787,-0.23778,-0.79462,-0.7,1.09,0.11,-0.38948,-0.1832,-0.14324,0.8912,-0.68,1.05,0.07,-0.38948,-0.1832,-0.14324,0.8912,-0.72,1.07,0.09,-0.47548,-0.16379,0.57487,0.64545,-0.74,1.08,0.11,-0.31217,-0.02329,0.52004,0.79471,-0.76,1.1,0.13,-0.21187,0.00722,0.59752,0.77333,-0.76,1.1,0.15,-0.21187,0.00722,0.59752,0.77333,-0.71,1.07,0.09,-0.38948,-0.1832,-0.14324,0.8912,-0.72,1.12,0.12,-0.0029,-0.21456,-0.01108,0.97664,-0.74,1.12,0.16,0.52547,-0.19473,0.08149,0.82421,-0.74,1.1,0.16,0.71509,-0.14189,0.12423,0.67311,-0.75,1.08,0.16,0.71509,-0.14189,0.12423,0.67311,-0.69,1.07,0.09,-0.38948,-0.1832,-0.14324,0.8912,-0.7,1.12,0.13,-0.0548,-0.22845,-0.07375,0.96921,-0.72,1.12,0.16,0.22903,-0.23977,-0.01726,0.94327,-0.73,1.11,0.19,0.35143,-0.23154,-0.04164,0.90617,-0.74,1.1,0.2,0.35143,-0.23154,-0.04164,0.90617,-0.68,1.07,0.1,-0.38948,-0.1832,-0.14324,0.8912,-0.69,1.11,0.13,-0.2018,-0.19246,-0.17462,0.94432,-0.7,1.13,0.17,0.19696,-0.26412,-0.11978,0.93654,-0.71,1.12,0.19,0.4067,-0.30909,-0.07613,0.8563,-0.73,1.1,0.2,0.4067,-0.30909,-0.07613,0.8563,-0.67,1.07,0.1,-0.30268,-0.13553,-0.37448,0.8659,-0.67,1.09,0.14,-0.41298,-0.07217,-0.29813,0.85753,-0.67,1.12,0.16,0.15746,-0.25092,-0.27871,0.91355,-0.68,1.11,0.18,0.43922,-0.37155,-0.1845,0.79686,-0.7,1.1,0.18,0.43922,-0.37155,-0.1845,0.79686,-0.81,1.08,0.19
-0.79,1.46,-0.17,-0.79,1.46,-0.17,-0.86,1.1,0.11,0.34439,-0.07443,-0.16357,-0.92147,-0.86,1.06,0.06,0.34439,-0.07443,-0.16357,-0.92147,-0.83,1.07,0.09,0.42149,-0.16179,0.5372,-0.71245,-0.8,1.09,0.11,0.17458,0.01622,0.48521,-0.85664,-0.8,1.1,0.14,0.0294,0.05505,0.55183,-0.83162,-0.8,1.1,0.16,0.0294,0.05505,0.55183,-0.83162,-0.84,1.08,0.09,0.34439,-0.07443,-0.16357,-0.92147,-0.83,1.12,0.13,0.03532,-0.10138,-0.09967,-0.98921,-0.83,1.12,0.16,-0.37352,-0.13801,-0.07489,-0.91424,-0.82,1.11,0.18,-0.54135,-0.12254,-0.05501,-0.83,-0.81,1.09,0.19,-0.54135,-0.12254,-0.05501,-0.83,-0.85,1.07,0.09,0.34439,-0.07443,-0.16357,-0.92147,-0.86,1.12,0.13,0.05853,-0.10556,-0.15291,-0.98084,-0.85,1.12,0.17,-0.34896,-0.16022,-0.10896,-0.91689,-0.84,1.11,0.19,-0.53208,-0.16405,-0.13467,-0.81966,-0.83,1.09,0.2,-0.53208,-0.16405,-0.13467,-0.81966,-0.87,1.07,0.09,0.34439,-0.07443,-0.16357,-0.92147,-0.87,1.11,0.13,0.13919,-0.08544,-0.21496,-0.96287,-0.87,1.12,0.17,-0.31018,-0.19068,-0.19128,-0.91151,-0.86,1.1,0.19,-0.53779,-0.25603,-0.15842,-0.78749,-0.84,1.09,0.2,-0.53779,-0.25603,-0.15842,-0.78749,-0.88,1.07,0.09,0.27814,-0.01702,-0.39609,-0.87491,-0.89,1.09,0.13,0.20149,-0.08625,-0.29197,-0.93098,-0.89,1.1,0.16,-0.23796,-0.19975,-0.29651,-0.90308,-0.88,1.1,0.18,-0.46343,-0.31649,-0.23922,-0.79237,-0.86,1.08,0.19,-0.46343,-0.31649,-0.23922,-0.79237,-0.7,1.09,0.11,-0.37724,-0.16718,-0.14254,0.89968,-0.68,1.05,0.07,-0.37724,-0.16718,-0.14254,0.89968,-0.72,1.07,0.09,-0.45849,-0.16732,0.57591,0.65583,-0.74,1.08,0.11,-0.28591,-0.01977,0.52256,0.80299,-0.75,1.09,0.14,-0.1803,0.01167,0.59855,0.78044,-0.76,1.1,0.16,-0.1803,0.01167,0.59855,0.78044,-0.71,1.07,0.09,-0.37724,-0.16718,-0.14254,0.89968,-0.72,1.12,0.13,0.04754,-0.21223,0.00431,0.97605,-0.74,1.11,0.16,0.56669,-0.18341,0.0926,0.7979,-0.74,1.09,0.17,0.7377,-0.1299,0.13119,0.64939,-0.74,1.07,0.16,0.7377,-0.1299,0.13119,0.64939,-0.69,1.07,0.1,-0.37724,-0.16718,-0.14254,0.89968,-0.7,1.12,0.13,-0.03427,-0.22251,-0.06927,0.97186,-0.72,1.12,0.17,0.24429,-0.23245,-0.01593,0.94129,-0.73,1.11,0.19,0.3551,-0.2232,-0.04274,0.90679,-0.74,1.09,0.21,0.3551,-0.2232,-0.04274,0.90679,-0.68,1.07,0.1,-0.37724,-0.16718,-0.14254,0.89968,-0.68,1.11,0.14,-0.18794,-0.18278,-0.17244,0.94949,-0.69,1.12,0.17,0.21142,-0.25388,-0.12197,0.93593,-0.71,1.11,0.19,0.41551,-0.29911,-0.08234,0.85505,-0.72,1.1,0.2,0.41551,-0.29911,-0.08234,0.85505,-0.67,1.06,0.11,-0.29409,-0.11629,-0.37413,0.87179,-0.67,1.09,0.14,-0.38979,-0.06616,-0.29347,0.87038,-0.67,1.11,0.16,0.1907,-0.24349,-0.27741,0.90961,-0.68,1.11,0.18,0.46871,-0.36388,-0.18753,0.78277,-0.69,1.1,0.18,0.46871,-0.36388,-0.18753,0.78277,-0.81,1.08,0.19
-0.79,1.46,-0.17,-0.79,1.46,-0.17,-0.85,1.09,0.11,0.3221,-0.06575,-0.15557,-0.93152,-0.86,1.06,0.06,0.3221,-0.06575,-0.15557,-0.93152,-0.83,1.07,0.09,0.40114,-0.1769,0.53917,-0.71909,-0.8,1.09,0.11,0.1536,0.00365,0.49214,-0.85685,-0.8,1.09,0.14,0.01333,0.03925,0.55994,-0.8275,-0.8,1.1,0.16,0.01333,0.03925,0.55994,-0.8275,-0.84,1.08,0.09,0.3221,-0.06575,-0.15557,-0.93152,-0.83,1.12,0.13,0.01875,-0.09326,-0.09344,-0.99107,-0.83,1.12,0.17,-0.38037,-0.12693,-0.07388,-0.9131,-0.82,1.1,0.18,-0.54603,-0.11125,-0.05617,-0.82844,-0.82,1.08,0.19,-0.54603,-0.11125,-0.05617,-0.82844,-0.85,1.07,0.09,0.3221,-0.06575,-0.15557,-0.93152,-0.86,1.11,0.13,0.04111,-0.09311,-0.14839,-0.98368,-0.85,1.12,0.17,-0.35984,-0.14606,-0.11093,-0.91481,-0.84,1.1,0.19,-0.54067,-0.14982,-0.13942,-0.81596,-0.83,1.08,0.2,-0.54067,-0.14982,-0.13942,-0.81596,-0.87,1.07,0.09,0.3221,-0.06575,-0.15557,-0.93152,-0.87,1.1,0.13,0.12221,-0.07126,-0.20954,-0.96751,-0.87,1.11,0.17,-0.31963,-0.17347,-0.19445,-0.91101,-0.86,1.1,0.19,-0.54469,-0.23985,-0.16668,-0.78613,-0.84,1.08,0.2,-0.54469,-0.23985,-0.16668,-0.78613,-0.88,1.07,0.1,0.25931,-0.00245,-0.38746,-0.88466,-0.89,1.09,0.13,0.18081,-0.06928,-0.28666,-0.93826,-0.89,1.1,0.16,-0.25261,-0.17874,-0.30013,-0.90231,-0.88,1.09,0.18,-0.47296,-0.29612,-0.25054,-0.79111,-0.86,1.08,0.19,-0.47296,-0.29612,-0.25054,-0.79111,-0.7,1.09,0.11,-0.37892,-0.16347,-0.14145,0.89983,-0.68,1.05,0.07,-0.37892,-0.16347,-0.14145,0.89983,-0.72,1.07,0.09,-0.46285,-0.16862,0.57193,0.65592,-0.74,1.08,0.11,-0.28559,-0.01957,0.51925,0.80526,-0.75,1.09,0.14,-0.17605,0.01428,0.59503,0.78406,-0.76,1.1,0.16,-0.17605,0.01428,0.59503,0.78406,-0.71,1.07,0.09,-0.37892,-0.16347,-0.14145,0.89983,-0.72,1.12,0.13,0.03928,-0.21237,0.00638,0.97638,-0.74,1.11,0.16,0.54472,-0.18435,0.091,0.81303,-0.74,1.09,0.17,0.70613,-0.13354,0.12612,0.68384,-0.74,1.07,0.17,0.70613,-0.13354,0.12612,0.68384,-0.69,1.07,0.1,-0.37892,-0.16347,-0.14145,0.89983,-0.7,1.12,0.13,-0.01665,-0.22527,-0.06003,0.9723,-0.72,1.12,0.17,0.28139,-0.23234,-0.00134,0.93104,-0.73,1.1,0.19,0.39697,-0.21942,-0.02698,0.89081,-0.74,1.09,0.2,0.39697,-0.21942,-0.02698,0.89081,-0.68,1.07,0.1,-0.37892,-0.16347,-0.14145,0.89983,-0.68,1.11,0.14,-0.15485,-0.19006,-0.1619,0.95587,-0.7,1.12,0.17,0.26947,-0.25777,-0.10375,0.92205,-0.71,1.11,0.19,0.47429,-0.29771,-0.06393,0.82603,-0.72,1.09,0.2,0.47429,-0.29771,-0.06393,0.82603,-0.67,1.06,0.11,-0.29664,-0.113,-0.37341,0.87167,-0.67,1.09,0.14,-0.353,-0.08421,-0.2892,0.88581,-0.67,1.11,0.16,0.25079,-0.25802,-0.25971,0.89615,-0.68,1.1,0.18,0.52413,-0.37164,-0.16774,0.74769,-0.69,1.09,0.18,0.52413,-0.37164,-0.16774,0.74769,-0.81,1.08,0.19
-0.79,1.46,-0.17,-0.79,1.46,-0.17,-0.85,1.09,0.11,0.31238,-0.0587,-0.13059,-0.9391,-0.86,1.06,0.06,0.31238,-0.0587,-0.13059,-0.9391,-0.83,1.07,0.09,0.39005,-0.18736,0.55153,-0.71314,-0.8,1.08,0.11,0.14505,-0.00178,0.50805,-0.84903,-0.8,1.09,0.14,0.01151,0.03153,0.57607,-0.81671,-0.8,1.09,0.17,0.01151,0.03153,0.57607,-0.81671,-0.84,1.08,0.09,0.31238,-0.0587,-0.13059,-0.9391,-0.83,1.11,0.13,0.01477,-0.08756,-0.0665,-0.99383,-0.83,1.12,0.17,-0.36022,-0.10941,-0.05458,-0.92482,-0.82,1.1,0.19,-0.52116,-0.09015,-0.04193,-0.84765,-0.82,1.08,0.2,-0.52116,-0.09015,-0.04193,-0.84765,-0.85,1.07,0.09,0.31238,-0.0587,-0.13059,-0.9391,-0.85,1.11,0.13,0.05112,-0.07676,-0.12783,-0.9875,-0.85,1.12,0.18,-0.33982,-0.12165,-0.10034,-0.92718,-0.84,1.1,0.2,-0.51784,-0.12477,-0.1347,-0.83554,-0.83,1.08,0.21,-0.51784,-0.12477,-0.1347,-0.83554,-0.87,1.07,0.09,0.31238,-0.0587,-0.13059,-0.9391,-0.87,1.1,0.14,0.13254,-0.05398,-0.18819,-0.97165,-0.87,1.11,0.17,-0.30024,-0.14681,-0.18462,-0.92424,-0.86,1.1,0.19,-0.52355,-0.21141,-0.16491,-0.80871,-0.85,1.08,0.2,-0.52355,-0.21141,-0.16491,-0.80871,-0.88,1.07,0.09,0.25472,0.0079,-0.36361,-0.89601,-0.89,1.09,0.13,0.17843,-0.05171,-0.26498,-0.94619,-0.89,1.1,0.16,-0.24129,-0.14867,-0.29053,-0.91393,-0.88,1.09,0.18,-0.45184,-0.26125,-0.25272,-0.81469,-0.86,1.08,0.19,-0.45184,-0.26125,-0.25272,-0.81469,-0.7,1.09,0.11,-0.37944,-0.16416,-0.14627,0.89871,-0.68,1.05,0.07,-0.37944,-0.16416,-0.14627,0.89871,-0.72,1.07,0.09,-0.46587,-0.17015,0.56726,0.65745,-0.74,1.08,0.11,-0.28707,-0.02199,0.51496,0.80742,-0.75,1.1,0.14,-0.17535,0.01318,0.59104,0.78724,-0.76,1.1,0.16,-0.17535,0.01318,0.59104,0.78724,-0.71,1.07,0.09,-0.37944,-0.16416,-0.14627,0.89871,-0.72,1.12,0.13,-0.03688,-0.21256,-0.01849,0.97628,-0.74,1.12,0.16,0.44501,-0.2019,0.0623,0.87025,-0.74,1.1,0.17,0.61259,-0.15826,0.09655,0.76835,-0.75,1.08,0.18,0.61259,-0.15826,0.09655,0.76835,-0.69,1.07,0.1,-0.37944,-0.16416,-0.14627,0.89871,-0.7,1.12,0.13,-0.03063,-0.2249,-0.06915,0.97144,-0.72,1.12,0.17,0.30702,-0.23512,-0.00029,0.9222,-0.73,1.11,0.19,0.43947,-0.22027,-0.02255,0.87054,-0.74,1.09,0.2,0.43947,-0.22027,-0.02255,0.87054,-0.68,1.07,0.1,-0.37944,-0.16416,-0.14627,0.89871,-0.68,1.11,0.14,-0.13645,-0.1936,-0.16342,0.9577,-0.7,1.12,0.17,0.31178,-0.26342,-0.0974,0.9077,-0.71,1.11,0.19,0.5213,-0.30085,-0.0549,0.79669,-0.72,1.09,0.2,0.5213,-0.30085,-0.0549,0.79669,-0.67,1.07,0.11,-0.29634,-0.11402,-0.37791,0.86969,-0.67,1.09,0.14,-0.33736,-0.09043,-0.29311,0.89,-0.67,1.11,0.16,0.27113,-0.26528,-0.25816,0.88852,-0.68,1.11,0.18,0.54182,-0.37784,-0.16431,0.73258,-0.7,1.09,0.18,0.54182,-0.37784,-0.16431,0.73258,-0.81,1.08,0.19
-0.79,1.46,-0.16,-0.79,1.46,-0.16,-0.85,1.09,0.11,0.31892,-0.06624,-0.10541,-0.93957,-0.86,1.06,0.06,0.31892,-0.06624,-0.10541,-0.93957,-0.82,1.07,0.09,0.40511,-0.19843,0.55843,-0.69618,-0.8,1.08,0.11,0.16266,-0.01095,0.51899,-0.83909,-0.79,1.09,0.14,0.03459,0.02263,0.5886,-0.80737,-0.79,1.09,0.16,0.03459,0.02263,0.5886,-0.80737,-0.84,1.08,0.09,0.31892,-0.06624,-0.10541,-0.93957,-0.83,1.11,0.13,0.02653,-0.1007,-0.03146,-0.99407,-0.82,1.12,0.17,-0.32953,-0.10837,-0.01956,-0.9377,-0.82,1.1,0.19,-0.48485,-0.08299,-0.00947,-0.8706,-0.81,1.08,0.2,-0.48485,-0.08299,-0.00947,-0.8706,-0.85,1.07,0.09,0.31892,-0.06624,-0.10541,-0.93957,-0.85,1.11,0.13,0.08261,-0.07597,-0.10312,-0.98832,-0.85,1.12,0.17,-0.29357,-0.11021,-0.07993,-0.94619,-0.84,1.11,0.2,-0.46606,-0.11186,-0.11803,-0.86968,-0.83,1.09,0.21,-0.46606,-0.11186,-0.11803,-0.86968,-0.87,1.07,0.09,0.31892,-0.06624,-0.10541,-0.93957,-0.87,1.1,0.13,0.16167,-0.05237,-0.16453,-0.97162,-0.87,1.12,0.17,-0.25912,-0.1338,-0.16547,-0.94211,-0.86,1.11,0.19,-0.47972,-0.19395,-0.1502,-0.84243,-0.85,1.09,0.2,-0.47972,-0.19395,-0.1502,-0.84243,-0.88,1.07,0.09,0.26302,-0.00022,-0.34011,-0.90286,-0.88,1.09,0.13,0.1903,-0.04875,-0.24237,-0.95009,-0.88,1.1,0.16,-0.21447,-0.13257,-0.27351,-0.92824,-0.88,1.09,0.18,-0.41464,-0.2379,-0.24283,-0.8441,-0.86,1.08,0.19,-0.41464,-0.2379,-0.24283,-0.8441,-0.7,1.1,0.11,-0.38361,-0.17728,-0.15464,0.89303,-0.68,1.05,0.07,-0.38361,-0.17728,-0.15464,0.89303,-0.72,1.07,0.09,-0.48002,-0.17371,0.55787,0.65436,-0.75,1.08,0.11,-0.30185,-0.02988,0.50637,0.80721,-0.76,1.1,0.13,-0.19294,0.00432,0.58427,0.78828,-0.76,1.11,0.15,-0.19294,0.00432,0.58427,0.78828,-0.71,1.08,0.09,-0.38361,-0.17728,-0.15464,0.89303,-0.72,1.12,0.12,-0.11998,-0.21581,-0.04953,0.96777,-0.74,1.13,0.16,0.3638,-0.22195,0.03639,0.90392,-0.75,1.11,0.17,0.54346,-0.18354,0.07349,0.81582,-0.75,1.09,0.18,0.54346,-0.18354,0.07349,0.81582,-0.7,1.07,0.09,-0.38361,-0.17728,-0.15464,0.89303,-0.7,1.12,0.13,-0.10554,-0.21995,-0.10119,0.96449,-0.72,1.13,0.17,0.27434,-0.24354,-0.02169,0.93003,-0.73,1.12,0.19,0.42952,-0.23333,-0.03942,0.8715,-0.74,1.1,0.2,0.42952,-0.23333,-0.03942,0.8715,-0.68,1.07,0.1,-0.38361,-0.17728,-0.15464,0.89303,-0.69,1.11,0.14,-0.15085,-0.19653,-0.17749,0.95243,-0.7,1.12,0.17,0.31359,-0.2747,-0.10352,0.90304,-0.71,1.11,0.19,0.52902,-0.31324,-0.05591,0.78669,-0.73,1.09,0.19,0.52902,-0.31324,-0.05591,0.78669,-0.67,1.07,0.11,-0.29659,-0.12854,-0.38518,0.86438,-0.67,1.1,0.14,-0.33848,-0.10066,-0.30238,0.88536,-0.67,1.12,0.16,0.26484,-0.27812,-0.26005,0.88593,-0.68,1.11,0.18,0.53093,-0.38969,-0.16337,0.73455,-0.7,1.1,0.18,0.53093,-0.38969,-0.16337,0.73455,-0.81,1.08,0.19
-0.79,1.46,-0.16,-0.79,1.46,-0.16,-0.85,1.09,0.11,0.32267,-0.06738,-0.08995,-0.93982,-0.86,1.06,0.06,0.32267,-0.06738,-0.08995,-0.93982,-0.82,1.07,0.09,0.40911,-0.1987,0.56568,-0.68786,-0.8,1.08,0.11,0.16678,-0.00783,0.52661,-0.83355,-0.79,1.09,0.14,0.0386,0.02731,0.59551,-0.80195,-0.79,1.09,0.16,0.0386,0.02731,0.59551,-0.80195,-0.83,1.08,0.09,0.32267,-0.06738,-0.08995,-0.93982,-0.83,1.11,0.13,0.03386,-0.10299,-0.01279,-0.99402,-0.82,1.12,0.17,-0.31799,-0.10408,-0.00181,-0.94236,-0.82,1.1,0.19,-0.47272,-0.07586,0.00684,-0.87791,-0.81,1.09,0.2,-0.47272,-0.07586,0.00684,-0.87791,-0.85,1.07,0.09,0.32267,-0.06738,-0.08995,-0.93982,-0.85,1.12,0.13,0.09599,-0.07353,-0.08813,-0.98874,-0.84,1.12,0.17,-0.27058,-0.10176,-0.06806,-0.95488,-0.84,1.11,0.2,-0.43864,-0.10243,-0.10838,-0.8862,-0.83,1.09,0.21,-0.43864,-0.10243,-0.10838,-0.8862,-0.87,1.07,0.09,0.32267,-0.06738,-0.08995,-0.93982,-0.87,1.11,0.13,0.17614,-0.04839,-0.15056,-0.97158,-0.87,1.12,0.17,-0.23582,-0.12336,-0.15539,-0.95133,-0.86,1.11,0.19,-0.45487,-0.18143,-0.14308,-0.86006,-0.85,1.09,0.2,-0.45487,-0.18143,-0.14308,-0.86006,-0.88,1.07,0.09,0.26857,-0.00178,-0.3257,-0.90652,-0.88,1.09,0.13,0.19416,-0.04263,-0.22958,-0.95277,-0.88,1.1,0.16,-0.20694,-0.1209,-0.26491,-0.93401,-0.88,1.1,0.18,-0.40653,-0.22415,-0.23744,-0.8533,-0.86,1.09,0.19,-0.40653,-0.22415,-0.23744,-0.8533,-0.7,1.1,0.11,-0.37608,-0.19682,-0.16236,0.89077,-0.68,1.05,0.07,-0.37608,-0.19682,-0.16236,0.89077,-0.72,1.07,0.09,-0.48237,-0.18299,0.55443,0.65302,-0.75,1.08,0.1,-0.30416,-0.04034,0.50541,0.80648,-0.76,1.1,0.13,-0.20315,-0.01095,0.58496,0.78513,-0.77,1.11,0.15,-0.20315,-0.01095,0.58496,0.78513,-0.71,1.08,0.09,-0.37608,-0.19682,-0.16236,0.89077,-0.73,1.12,0.12,-0.13865,-0.22372,-0.06738,0.96239,-0.74,1.13,0.15,0.3645,-0.2373,0.02995,0.89996,-0.75,1.12,0.17,0.56072,-0.19866,0.07499,0.80031,-0.76,1.1,0.17,0.56072,-0.19866,0.07499,0.80031,-0.7,1.07,0.09,-0.37608,-0.19682,-0.16236,0.89077,-0.71,1.12,0.13,-0.13742,-0.2209,-0.12418,0.95755,-0.72,1.13,0.16,0.26527,-0.25458,-0.03623,0.92925,-0.74,1.12,0.18,0.43109,-0.24711,-0.05011,0.86636,-0.75,1.1,0.2,0.43109,-0.24711,-0.05011,0.86636,-0.68,1.07,0.1,-0.37608,-0.19682,-0.16236,0.89077,-0.69,1.11,0.13,-0.17848,-0.19794,-0.19582,0.94373,-0.7,1.13,0.17,0.30356,-0.28771,-0.11292,0.90129,-0.72,1.11,0.18,0.52438,-0.32842,-0.05962,0.78333,-0.73,1.1,0.19,0.52438,-0.32842,-0.05962,0.78333,-0.68,1.07,0.11,-0.28421,-0.14635,-0.39077,0.8632,-0.68,1.1,0.14,-0.33789,-0.10836,-0.31153,0.8815,-0.68,1.12,0.16,0.26194,-0.28919,-0.26301,0.88237,-0.69,1.11,0.18,0.52455,-0.4005,-0.16348,0.73329,-0.71,1.1,0.18,0.52455,-0.4005,-0.16348,0.73329,-0.81,1.08,0.19
-0.79,1.46,-0.16,-0.79,1.46,-0.16,-0.85,1.1,0.11,0.32594,-0.06479,-0.08663,-0.93918,-0.86,1.06,0.06,0.32594,-0.06479,-0.08663,-0.93918,-0.82,1.07,0.09,0.41066,-0.19096,0.56777,-0.68741,-0.8,1.08,0.11,0.16838,0.00046,0.52608,-0.8336,-0.79,1.09,0.14,0.03855,0.03629,0.59394,-0.80276,-0.79,1.1,0.16,0.03855,0.03629,0.59394,-0.80276,-0.83,1.08,0.09,0.32594,-0.06479,-0.08663,-0.93918,-0.83,1.11,0.13,0.04009,-0.10026,-0.01012,-0.9941,-0.82,1.12,0.17,-0.31555,-0.10076,0.00012,-0.94355,-0.82,1.1,0.19,-0.4716,-0.07228,0.00824,-0.87881,-0.81,1.09,0.2,-0.4716,-0.07228,0.00824,-0.87881,-0.85,1.07,0.09,0.32594,-0.06479,-0.08663,-0.93918,-0.85,1.12,0.13,0.09744,-0.07123,-0.08495,-0.98905,-0.84,1.12,0.17,-0.27106,-0.0986,-0.06577,-0.95524,-0.84,1.11,0.2,-0.43957,-0.09893,-0.1067,-0.88634,-0.83,1.09,0.21,-0.43957,-0.09893,-0.1067,-0.88634,-0.87,1.07,0.09,0.32594,-0.06479,-0.08663,-0.93918,-0.87,1.11,0.13,0.17738,-0.04519,-0.14799,-0.9719,-0.87,1.12,0.17,-0.2343,-0.11938,-0.15439,-0.95237,-0.86,1.11,0.19,-0.45368,-0.1774,-0.14303,-0.86154,-0.85,1.09,0.2,-0.45368,-0.1774,-0.14303,-0.86154,-0.88,1.07,0.09,0.27276,2e-05,-0.32286,-0.90629,-0.88,1.09,0.13,0.18994,-0.03874,-0.22811,-0.95414,-0.88,1.1,0.16,-0.21248,-0.11682,-0.26498,-0.93327,-0.88,1.1,0.18,-0.41258,-0.2204,-0.23855,-0.85106,-0.87,1.08,0.19,-0.41258,-0.2204,-0.23855,-0.85106,-0.7,1.1,0.11,-0.36313,-0.19948,-0.16011,0.89594,-0.68,1.05,0.07,-0.36313,-0.19948,-0.16011,0.89594,-0.72,1.07,0.09,-0.46263,-0.1831,0.56708,0.65641,-0.75,1.08,0.11,-0.28512,-0.03556,0.5182,0.80555,-0.76,1.1,0.13,-0.18809,-0.01004,0.59646,0.78023,-0.76,1.1,0.15,-0.18809,-0.01004,0.59646,0.78023,-0.71,1.07,0.09,-0.36313,-0.19948,-0.16011,0.89594,-0.73,1.12,0.12,-0.12538,-0.21693,-0.07127,0.96547,-0.74,1.13,0.15,0.40193,-0.23235,0.02951,0.88521,-0.75,1.11,0.17,0.60813,-0.19243,0.07842,0.76616,-0.76,1.09,0.17,0.60813,-0.19243,0.07842,0.76616,-0.7,1.07,0.09,-0.36313,-0.19948,-0.16011,0.89594,-0.71,1.12,0.13,-0.13141,-0.2129,-0.1291,0.95955,-0.72,1.13,0.17,0.28241,-0.24967,-0.04109,0.92532,-0.74,1.12,0.18,0.45185,-0.24212,-0.05472,0.85686,-0.75,1.1,0.2,0.45185,-0.24212,-0.05472,0.85686,-0.68,1.07,0.1,-0.36313,-0.19948,-0.16011,0.89594,-0.69,1.11,0.14,-0.17778,-0.18935,-0.19953,0.94484,-0.7,1.12,0.17,0.31888,-0.28375,-0.11613,0.89684,-0.72,1.11,0.18,0.54368,-0.32519,-0.06218,0.77123,-0.73,1.09,0.19,0.54368,-0.32519,-0.06218,0.77123,-0.68,1.07,0.11,-0.27135,-0.14548,-0.3878,0.8688,-0.68,1.09,0.14,-0.33446,-0.10018,-0.31002,0.8843,-0.68,1.11,0.16,0.26854,-0.28224,-0.26604,0.88173,-0.69,1.11,0.18,0.5325,-0.39533,-0.16794,0.72936,-0.71,1.09,0.18,0.5325,-0.39533,-0.16794,0.72936,-0.81,1.08,0.19
-0.79,1.46,-0.16,-0.79,1.46,-0.16,-0.85,1.1,0.11,0.33643,-0.06094,-0.09711,-0.9347,-0.86,1.06,0.06,0.33643,-0.06094,-0.09711,-0.9347,-0.82,1.07,0.09,0.42107,-0.17488,0.56037,-0.69145,-0.8,1.09,0.11,0.17891,0.01181,0.51307,-0.83941,-0.8,1.1,0.14,0.04708,0.04713,0.58055,-0.81149,-0.8,1.1,0.16,0.04708,0.04713,0.58055,-0.81149,-0.84,1.08,0.09,0.33643,-0.06094,-0.09711,-0.9347,-0.83,1.12,0.13,0.0527,-0.09627,-0.02318,-0.99369,-0.82,1.12,0.17,-0.31993,-0.10219,-0.01165,-0.94184,-0.82,1.11,0.18,-0.47811,-0.07567,-0.00275,-0.87503,-0.81,1.09,0.2,-0.47811,-0.07567,-0.00275,-0.87503,-0.85,1.08,0.09,0.33643,-0.06094,-0.09711,-0.9347,-0.85,1.12,0.13,0.09549,-0.07217,-0.09465,-0.98829,-0.85,1.13,0.17,-0.29351,-0.10459,-0.07221,-0.94747,-0.84,1.11,0.19,-0.46772,-0.10509,-0.1115,-0.8705,-0.83,1.09,0.21,-0.46772,-0.10509,-0.1115,-0.8705,-0.87,1.07,0.09,0.33643,-0.06094,-0.09711,-0.9347,-0.87,1.11,0.13,0.16828,-0.04713,-0.15801,-0.97185,-0.87,1.12,0.17,-0.25244,-0.1265,-0.16175,-0.94557,-0.86,1.11,0.19,-0.47373,-0.18612,-0.14829,-0.84791,-0.85,1.09,0.2,-0.47373,-0.18612,-0.14829,-0.84791,-0.88,1.07,0.09,0.28232,0.00076,-0.33363,-0.89944,-0.88,1.09,0.13,0.17991,-0.04467,-0.2387,-0.95324,-0.88,1.1,0.16,-0.22419,-0.12639,-0.27183,-0.92729,-0.88,1.1,0.18,-0.42239,-0.23107,-0.24347,-0.84197,-0.87,1.08,0.19,-0.42239,-0.23107,-0.24347,-0.84197,-0.7,1.09,0.11,-0.36267,-0.18191,-0.15027,0.90155,-0.68,1.05,0.07,-0.36267,-0.18191,-0.15027,0.90155,-0.72,1.07,0.09,-0.44186,-0.16804,0.58415,0.65977,-0.74,1.08,0.11,-0.26687,-0.01521,0.53133,0.80389,-0.75,1.09,0.14,-0.17168,0.00696,0.60698,0.77592,-0.76,1.1,0.16,-0.17168,0.00696,0.60698,0.77592,-0.71,1.07,0.09,-0.36267,-0.18191,-0.15027,0.90155,-0.72,1.12,0.12,-0.09813,-0.19699,-0.06173,0.97353,-0.74,1.12,0.16,0.42365,-0.2099,0.02556,0.8808,-0.75,1.11,0.17,0.62445,-0.17159,0.06884,0.75887,-0.75,1.09,0.18,0.62445,-0.17159,0.06884,0.75887,-0.69,1.07,0.1,-0.36267,-0.18191,-0.15027,0.90155,-0.7,1.12,0.13,-0.11899,-0.19253,-0.12305,0.96625,-0.72,1.13,0.17,0.29585,-0.22846,-0.04425,0.92646,-0.73,1.11,0.19,0.46291,-0.22099,-0.0618,0.85619,-0.74,1.1,0.2,0.46291,-0.22099,-0.0618,0.85619,-0.68,1.07,0.1,-0.36267,-0.18191,-0.15027,0.90155,-0.69,1.11,0.14,-0.16889,-0.16959,-0.19281,0.9516,-0.7,1.12,0.17,0.33016,-0.26312,-0.12024,0.8985,-0.71,1.11,0.19,0.55484,-0.30624,-0.0718,0.7702,-0.72,1.09,0.19,0.55484,-0.30624,-0.0718,0.7702,-0.67,1.07,0.11,-0.27582,-0.12741,-0.37969,0.8738,-0.67,1.09,0.14,-0.33272,-0.08178,-0.30073,0.89004,-0.67,1.11,0.16,0.26987,-0.26126,-0.27043,0.88644,-0.68,1.1,0.18,0.53501,-0.3772,-0.17914,0.73443,-0.7,1.09,0.18,0.53501,-0.3772,-0.17914,0.73443,-0.81,1.08,0.19
-0.79,1.46,-0.16,-0.79,1.46,-0.16,-0.85,1.1,0.11,0.34436,-0.05741,-0.10898,-0.93072,-0.86,1.06,0.06,0.34436,-0.05741,-0.10898,-0.93072,-0.82,1.07,0.09,0.42613,-0.16207,0.55487,-0.69589,-0.8,1.09,0.11,0.18427,0.0211,0.50311,-0.84409,-0.8,1.1,0.14,0.04971,0.05656,0.56992,-0.81824,-0.8,1.1,0.16,0.04971,0.05656,0.56992,-0.81824,-0.84,1.08,0.09,0.34436,-0.05741,-0.10898,-0.93072,-0.83,1.12,0.13,0.05944,-0.08979,-0.03956,-0.9934,-0.82,1.12,0.17,-0.33037,-0.1029,-0.02734,-0.93783,-0.82,1.11,0.18,-0.49013,-0.07903,-0.01755,-0.86788,-0.82,1.09,0.2,-0.49013,-0.07903,-0.01755,-0.86788,-0.85,1.08,0.09,0.34436,-0.05741,-0.10898,-0.93072,-0.85,1.12,0.13,0.08842,-0.07368,-0.10574,-0.98771,-0.85,1.13,0.17,-0.3228,-0.11212,-0.07918,-0.93646,-0.84,1.11,0.19,-0.50536,-0.11271,-0.11616,-0.8476,-0.83,1.09,0.2,-0.50536,-0.11271,-0.11616,-0.8476,-0.87,1.07,0.09,0.34436,-0.05741,-0.10898,-0.93072,-0.87,1.11,0.13,0.15661,-0.05024,-0.16902,-0.97179,-0.87,1.12,0.17,-0.28118,-0.13658,-0.16838,-0.93485,-0.86,1.11,0.19,-0.50694,-0.19783,-0.15165,-0.82516,-0.85,1.09,0.2,-0.50694,-0.19783,-0.15165,-0.82516,-0.88,1.07,0.09,0.28913,0.00175,-0.34547,-0.89278,-0.89,1.09,0.13,0.17586,-0.05128,-0.24929,-0.95095,-0.89,1.1,0.16,-0.23321,-0.13801,-0.27804,-0.92155,-0.88,1.1,0.17,-0.43176,-0.24417,-0.24666,-0.83254,-0.86,1.08,0.19,-0.43176,-0.24417,-0.24666,-0.83254,-0.7,1.09,0.12,-0.36306,-0.16932,-0.14906,0.90405,-0.68,1.05,0.07,-0.36306,-0.16932,-0.14906,0.90405,-0.72,1.06,0.1,-0.43354,-0.16152,0.58714,0.66424,-0.74,1.08,0.11,-0.25878,-0.00756,0.5325,0.80586,-0.75,1.09,0.14,-0.16514,0.01211,0.60748,0.77689,-0.76,1.1,0.16,-0.16514,0.01211,0.60748,0.77689,-0.71,1.07,0.09,-0.36306,-0.16932,-0.14906,0.90405,-0.72,1.11,0.13,-0.05366,-0.18866,-0.05305,0.97914,-0.74,1.12,0.16,0.43325,-0.19808,0.02108,0.87898,-0.74,1.1,0.18,0.61516,-0.16216,0.05767,0.76938,-0.75,1.08,0.18,0.61516,-0.16216,0.05767,0.76938,-0.69,1.07,0.1,-0.36306,-0.16932,-0.14906,0.90405,-0.7,1.11,0.13,-0.08883,-0.1839,-0.11914,0.97165,-0.72,1.12,0.17,0.31143,-0.21791,-0.04766,0.92372,-0.73,1.11,0.19,0.46917,-0.21006,-0.06806,0.85506,-0.74,1.09,0.2,0.46917,-0.21006,-0.06806,0.85506,-0.68,1.07,0.1,-0.36306,-0.16932,-0.14906,0.90405,-0.68,1.1,0.14,-0.14311,-0.16174,-0.18971,0.95779,-0.69,1.12,0.17,0.34322,-0.25223,-0.1252,0.89605,-0.71,1.1,0.19,0.56133,-0.29651,-0.08134,0.76836,-0.72,1.08,0.2,0.56133,-0.29651,-0.08134,0.76836,-0.67,1.06,0.11,-0.27892,-0.11493,-0.37932,0.87471,-0.67,1.09,0.14,-0.31827,-0.0745,-0.29917,0.89647,-0.67,1.11,0.17,0.27435,-0.25022,-0.27628,0.88645,-0.68,1.1,0.18,0.53372,-0.36759,-0.19087,0.73729,-0.7,1.09,0.19,0.53372,-0.36759,-0.19087,0.73729,-0.81,1.08,0.19
-0.79,1.46,-0.16,-0.79,1.46,-0.16,-0.85,1.1,0.11,0.33983,-0.06061,-0.11543,-0.93141,-0.86,1.06,0.06,0.33983,-0.06061,-0.11543,-0.93141,-0.82,1.07,0.09,0.42348,-0.16538,0.55165,-0.69929,-0.8,1.09,0.11,0.18006,0.01741,0.501,-0.84633,-0.8,1.1,0.14,0.04234,0.05451,0.56777,-0.82029,-0.8,1.1,0.16,0.04234,0.05451,0.56777,-0.82029,-0.84,1.08,0.09,0.33983,-0.06061,-0.11543,-0.93141,-0.83,1.12,0.13,0.04951,-0.0907,-0.04725,-0.99352,-0.82,1.12,0.17,-0.34589,-0.10668,-0.03338,-0.93159,-0.82,1.11,0.18,-0.50622,-0.08375,-0.02217,-0.85804,-0.82,1.09,0.19,-0.50622,-0.08375,-0.02217,-0.85804,-0.85,1.08,0.09,0.33983,-0.06061,-0.11543,-0.93141,-0.85,1.12,0.13,0.07877,-0.07872,-0.1108,-0.98758,-0.85,1.12,0.17,-0.34181,-0.11953,-0.08047,-0.92866,-0.84,1.11,0.19,-0.52961,-0.11949,-0.11533,-0.83183,-0.83,1.09,0.2,-0.52961,-0.11949,-0.11533,-0.83183,-0.87,1.07,0.09,0.33983,-0.06061,-0.11543,-0.93141,-0.87,1.11,0.13,0.1472,-0.05509,-0.17425,-0.97208,-0.87,1.12,0.17,-0.30138,-0.14485,-0.16959,-0.92706,-0.86,1.11,0.19,-0.53142,-0.20648,-0.14998,-0.80775,-0.85,1.09,0.2,-0.53142,-0.20648,-0.14998,-0.80775,-0.88,1.07,0.09,0.28316,-0.00043,-0.35116,-0.89247,-0.89,1.09,0.13,0.16942,-0.0583,-0.25344,-0.95061,-0.89,1.1,0.16,-0.24551,-0.14737,-0.27814,-0.91687,-0.88,1.1,0.18,-0.44756,-0.25441,-0.24383,-0.8219,-0.86,1.08,0.19,-0.44756,-0.25441,-0.24383,-0.8219,-0.7,1.09,0.12,-0.36454,-0.16569,-0.15176,0.90367,-0.68,1.05,0.07,-0.36454,-0.16569,-0.15176,0.90367,-0.72,1.06,0.1,-0.43614,-0.16641,0.5825,0.66542,-0.74,1.08,0.11,-0.25876,-0.01253,0.52923,0.80796,-0.75,1.09,0.14,-0.16476,0.00739,0.60472,0.77918,-0.76,1.1,0.17,-0.16476,0.00739,0.60472,0.77918,-0.71,1.07,0.1,-0.36454,-0.16569,-0.15176,0.90367,-0.72,1.11,0.13,-0.01738,-0.19303,-0.04394,0.98005,-0.74,1.11,0.16,0.44481,-0.19723,0.02616,0.87325,-0.74,1.1,0.18,0.61039,-0.16109,0.05939,0.77327,-0.75,1.08,0.18,0.61039,-0.16109,0.05939,0.77327,-0.69,1.07,0.1,-0.36454,-0.16569,-0.15176,0.90367,-0.7,1.11,0.14,-0.06486,-0.18696,-0.11581,0.97336,-0.72,1.12,0.17,0.3111,-0.21794,-0.04883,0.92376,-0.73,1.1,0.19,0.4574,-0.20997,-0.07086,0.86121,-0.74,1.09,0.21,0.4574,-0.20997,-0.07086,0.86121,-0.68,1.07,0.1,-0.36454,-0.16569,-0.15176,0.90367,-0.68,1.1,0.14,-0.12312,-0.16484,-0.18831,0.96032,-0.69,1.11,0.18,0.33998,-0.25057,-0.12855,0.89728,-0.71,1.1,0.19,0.54936,-0.29535,-0.08761,0.77672,-0.72,1.08,0.2,0.54936,-0.29535,-0.08761,0.77672,-0.67,1.06,0.11,-0.28074,-0.11182,-0.38213,0.8733,-0.67,1.09,0.15,-0.30625,-0.07757,-0.30108,0.89975,-0.67,1.1,0.17,0.27498,-0.24945,-0.27884,0.88567,-0.68,1.1,0.18,0.52593,-0.36584,-0.19709,0.7421,-0.7,1.09,0.19,0.52593,-0.36584,-0.19709,0.7421,-0.81,1.08,0.19
-0.79,1.46,-0.17,-0.79,1.46,-0.17,-0.85,1.1,0.11,0.33106,-0.07088,-0.12001,-0.93326,-0.86,1.06,0.06,0.33106,-0.07088,-0.12001,-0.93326,-0.82,1.07,0.09,0.42033,-0.17988,0.54907,-0.69964,-0.8,1.09,0.11,0.17485,0.00372,0.50343,-0.84615,-0.8,1.1,0.14,0.03678,0.04188,0.57148,-0.81872,-0.8,1.1,0.16,0.03678,0.04188,0.57148,-0.81872,-0.84,1.08,0.09,0.33106,-0.07088,-0.12001,-0.93326,-0.83,1.12,0.13,0.03633,-0.10238,-0.04802,-0.99292,-0.82,1.12,0.17,-0.35357,-0.11723,-0.03012,-0.92754,-0.82,1.1,0.18,-0.5118,-0.09347,-0.01706,-0.85383,-0.81,1.09,0.19,-0.5118,-0.09347,-0.01706,-0.85383,-0.85,1.07,0.09,0.33106,-0.07088,-0.12001,-0.93326,-0.85,1.12,0.13,0.07053,-0.08955,-0.1125,-0.98709,-0.84,1.12,0.17,-0.34715,-0.12981,-0.07778,-0.92552,-0.84,1.11,0.19,-0.53536,-0.12865,-0.11044,-0.82743,-0.83,1.09,0.2,-0.53536,-0.12865,-0.11044,-0.82743,-0.87,1.07,0.09,0.33106,-0.07088,-0.12001,-0.93326,-0.87,1.11,0.13,0.14176,-0.06455,-0.17682,-0.97184,-0.87,1.12,0.17,-0.30738,-0.15438,-0.1676,-0.9239,-0.86,1.1,0.19,-0.53808,-0.21514,-0.14541,-0.8019,-0.84,1.09,0.2,-0.53808,-0.21514,-0.14541,-0.8019,-0.88,1.07,0.09,0.27188,-0.00838,-0.35456,-0.8946,-0.88,1.09,0.13,0.16564,-0.067,-0.25561,-0.95012,-0.88,1.1,0.16,-0.25065,-0.15627,-0.27628,-0.91457,-0.87,1.09,0.18,-0.45474,-0.26318,-0.23937,-0.81649,-0.86,1.08,0.19,-0.45474,-0.26318,-0.23937,-0.81649,-0.7,1.09,0.12,-0.36665,-0.16323,-0.16025,0.9018,-0.68,1.05,0.07,-0.36665,-0.16323,-0.16025,0.9018,-0.72,1.06,0.1,-0.45037,-0.17384,0.56515,0.669,-0.74,1.08,0.11,-0.26754,-0.02351,0.5138,0.81479,-0.75,1.09,0.14,-0.17121,-0.00189,0.59103,0.78827,-0.76,1.1,0.16,-0.17121,-0.00189,0.59103,0.78827,-0.71,1.07,0.1,-0.36665,-0.16323,-0.16025,0.9018,-0.72,1.11,0.13,-0.01224,-0.19849,-0.04708,0.9789,-0.74,1.12,0.16,0.45026,-0.20334,0.02623,0.86904,-0.74,1.1,0.18,0.61444,-0.1671,0.06072,0.76867,-0.75,1.08,0.18,0.61444,-0.1671,0.06072,0.76867,-0.69,1.07,0.1,-0.36665,-0.16323,-0.16025,0.9018,-0.7,1.11,0.14,-0.05308,-0.19407,-0.11782,0.97244,-0.71,1.12,0.17,0.312,-0.22461,-0.05034,0.92178,-0.73,1.1,0.19,0.45579,-0.21664,-0.07164,0.86034,-0.74,1.09,0.21,0.45579,-0.21664,-0.07164,0.86034,-0.68,1.07,0.11,-0.36665,-0.16323,-0.16025,0.9018,-0.68,1.1,0.14,-0.10527,-0.17329,-0.19043,0.96053,-0.69,1.11,0.18,0.3497,-0.25744,-0.12848,0.89159,-0.71,1.1,0.19,0.55643,-0.3016,-0.08638,0.76939,-0.72,1.08,0.2,0.55643,-0.3016,-0.08638,0.76939,-0.67,1.06,0.11,-0.28214,-0.11029,-0.3903,0.86942,-0.67,1.09,0.15,-0.29603,-0.08469,-0.30776,0.90027,-0.67,1.1,0.17,0.28211,-0.25758,-0.28066,0.88051,-0.68,1.1,0.18,0.52841,-0.37331,-0.19776,0.73642,-0.7,1.08,0.19,0.52841,-0.37331,-0.19776,0.73642,-0.81,1.08,0.19
-0.79,1.46,-0.17,-0.79,1.46,-0.17,-0.85,1.09,0.11,0.31116,-0.07995,-0.11932,-0.93944,-0.86,1.06,0.06,0.31116,-0.07995,-0.11932,-0.93944,-0.82,1.07,0.09,0.41024,-0.20627,0.54582,-0.70088,-0.8,1.08,0.11,0.1602,-0.01978,0.50951,-0.84519,-0.79,1.09,0.14,0.03047,0.01378,0.58044,-0.81362,-0.79,1.09,0.16,0.03047,0.01378,0.58044,-0.81362,-0.83,1.08,0.09,0.31116,-0.07995,-0.11932,-0.93944,-0.83,1.11,0.13,0.04635,-0.11958,-0.04321,-0.9908,-0.82,1.12,0.17,-0.29346,-0.13023,-0.02609,-0.9467,-0.81,1.1,0.19,-0.44946,-0.10599,-0.01347,-0.88689,-0.81,1.09,0.2,-0.44946,-0.10599,-0.01347,-0.88689,-0.85,1.07,0.09,0.31116,-0.07995,-0.11932,-0.93944,-0.85,1.11,0.13,0.10114,-0.09182,-0.11453,-0.98398,-0.84,1.12,0.17,-0.28051,-0.1299,-0.08379,-0.94732,-0.83,1.11,0.2,-0.46312,-0.13338,-0.11775,-0.86825,-0.83,1.09,0.21,-0.46312,-0.13338,-0.11775,-0.86825,-0.87,1.07,0.09,0.31116,-0.07995,-0.11932,-0.93944,-0.87,1.1,0.13,0.17177,-0.06203,-0.17807,-0.96692,-0.86,1.12,0.17,-0.25005,-0.1489,-0.17318,-0.94091,-0.85,1.11,0.19,-0.47592,-0.21131,-0.15277,-0.83995,-0.84,1.09,0.2,-0.47592,-0.21131,-0.15277,-0.83995,-0.88,1.07,0.09,0.25072,-0.01216,-0.35221,-0.90163,-0.88,1.09,0.13,0.18425,-0.05942,-0.25469,-0.94745,-0.88,1.1,0.16,-0.20994,-0.14395,-0.2813,-0.92524,-0.87,1.09,0.18,-0.40697,-0.25006,-0.24802,-0.84281,-0.86,1.08,0.19,-0.40697,-0.25006,-0.24802,-0.84281,-0.7,1.09,0.12,-0.36027,-0.16683,-0.16275,0.90326,-0.68,1.05,0.07,-0.36027,-0.16683,-0.16275,0.90326,-0.72,1.07,0.1,-0.46693,-0.18323,0.54456,0.6722,-0.74,1.08,0.11,-0.28627,-0.04254,0.49486,0.81936,-0.76,1.09,0.14,-0.19414,-0.02265,0.57534,0.79422,-0.76,1.1,0.16,-0.19414,-0.02265,0.57534,0.79422,-0.71,1.07,0.1,-0.36027,-0.16683,-0.16275,0.90326,-0.72,1.11,0.13,-0.04167,-0.1992,-0.05821,0.97734,-0.74,1.12,0.17,0.46375,-0.20892,0.0267,0.86057,-0.74,1.1,0.18,0.64711,-0.17098,0.06801,0.73986,-0.75,1.08,0.18,0.64711,-0.17098,0.06801,0.73986,-0.69,1.07,0.1,-0.36027,-0.16683,-0.16275,0.90326,-0.7,1.11,0.14,-0.05315,-0.19748,-0.12023,0.97145,-0.72,1.12,0.18,0.32445,-0.22935,-0.04814,0.91641,-0.73,1.1,0.19,0.4808,-0.22057,-0.06645,0.84603,-0.74,1.09,0.21,0.4808,-0.22057,-0.06645,0.84603,-0.68,1.07,0.11,-0.36027,-0.16683,-0.16275,0.90326,-0.68,1.1,0.14,-0.08891,-0.1801,-0.18896,0.96123,-0.7,1.11,0.18,0.38474,-0.26468,-0.11883,0.87624,-0.71,1.1,0.19,0.60029,-0.30575,-0.07174,0.73554,-0.72,1.08,0.2,0.60029,-0.30575,-0.07174,0.73554,-0.67,1.06,0.11,-0.27484,-0.1123,-0.39206,0.87071,-0.67,1.09,0.15,-0.26746,-0.1006,-0.30658,0.90794,-0.67,1.1,0.17,0.32161,-0.27052,-0.26816,0.86688,-0.68,1.1,0.18,0.56972,-0.38275,-0.1801,0.70462,-0.7,1.08,0.19,0.56972,-0.38275,-0.1801,0.70462,-0.81,1.08,0.19
-0.79,1.46,-0.17,-0.79,1.46,-0.17,-0.85,1.09,0.11,0.27621,-0.07592,-0.11083,-0.95166,-0.86,1.06,0.06,0.27621,-0.07592,-0.11083,-0.95166,-0.82,1.07,0.09,0.40036,-0.23748,0.52713,-0.71095,-0.8,1.08,0.11,0.14207,-0.05269,0.50208,-0.85144,-0.79,1.09,0.14,0.03491,-0.03557,0.57773,-0.81471,-0.79,1.09,0.16,0.03491,-0.03557,0.57773,-0.81471,-0.83,1.08,0.09,0.27621,-0.07592,-0.11083,-0.95166,-0.83,1.11,0.14,0.08343,-0.14162,-0.03321,-0.98584,-0.82,1.12,0.17,-0.18734,-0.14747,-0.01998,-0.97096,-0.81,1.11,0.19,-0.33355,-0.12295,-0.0098,-0.93463,-0.8,1.09,0.21,-0.33355,-0.12295,-0.0098,-0.93463,-0.85,1.07,0.09,0.27621,-0.07592,-0.11083,-0.95166,-0.85,1.11,0.14,0.20414,-0.06644,-0.11949,-0.96935,-0.85,1.13,0.18,-0.12623,-0.10416,-0.10348,-0.98107,-0.84,1.12,0.2,-0.2981,-0.11946,-0.14341,-0.93611,-0.83,1.11,0.22,-0.2981,-0.11946,-0.14341,-0.93611,-0.87,1.07,0.09,0.27621,-0.07592,-0.11083,-0.95166,-0.87,1.1,0.14,0.25548,-0.03038,-0.17613,-0.95015,-0.87,1.12,0.17,-0.1244,-0.11483,-0.18722,-0.96762,-0.86,1.11,0.2,-0.34491,-0.1823,-0.17355,-0.90426,-0.85,1.1,0.21,-0.34491,-0.1823,-0.17355,-0.90426,-0.88,1.07,0.1,0.21868,0.00085,-0.34169,-0.91402,-0.88,1.08,0.14,0.23002,-0.0214,-0.24635,-0.94125,-0.88,1.1,0.16,-0.12503,-0.09785,-0.29153,-0.94329,-0.88,1.09,0.18,-0.31784,-0.20547,-0.26664,-0.88638,-0.87,1.09,0.2,-0.31784,-0.20547,-0.26664,-0.88638,-0.7,1.09,0.12,-0.3467,-0.18125,-0.16098,0.90611,-0.68,1.05,0.07,-0.3467,-0.18125,-0.16098,0.90611,-0.72,1.07,0.09,-0.47639,-0.20035,0.53108,0.67147,-0.75,1.08,0.11,-0.30556,-0.07073,0.48411,0.81686,-0.76,1.09,0.14,-0.23394,-0.062,0.56803,0.78662,-0.77,1.1,0.16,-0.23394,-0.062,0.56803,0.78662,-0.71,1.07,0.1,-0.3467,-0.18125,-0.16098,0.90611,-0.73,1.11,0.13,-0.12797,-0.19757,-0.08213,0.96842,-0.74,1.12,0.16,0.39782,-0.22162,0.00937,0.89025,-0.75,1.11,0.18,0.61147,-0.18654,0.05767,0.7668,-0.75,1.09,0.18,0.61147,-0.18654,0.05767,0.7668,-0.7,1.07,0.1,-0.3467,-0.18125,-0.16098,0.90611,-0.71,1.11,0.14,-0.08437,-0.19918,-0.12771,0.96794,-0.72,1.12,0.18,0.33132,-0.23616,-0.04495,0.91238,-0.73,1.11,0.19,0.51069,-0.22664,-0.05805,0.82732,-0.74,1.09,0.2,0.51069,-0.22664,-0.05805,0.82732,-0.68,1.07,0.11,-0.3467,-0.18125,-0.16098,0.90611,-0.69,1.1,0.14,-0.07992,-0.18863,-0.18591,0.96097,-0.7,1.11,0.18,0.4173,-0.27313,-0.10514,0.86035,-0.72,1.09,0.19,0.64174,-0.30945,-0.05225,0.69977,-0.73,1.07,0.19,0.64174,-0.30945,-0.05225,0.69977,-0.67,1.06,0.11,-0.25891,-0.12302,-0.38877,0.87561,-0.67,1.09,0.15,-0.25325,-0.11511,-0.30199,0.91182,-0.68,1.1,0.17,0.33876,-0.27902,-0.25556,0.86144,-0.69,1.1,0.19,0.58921,-0.38738,-0.16403,0.68982,-0.71,1.08,0.19,0.58921,-0.38738,-0.16403,0.68982,-0.81,1.08,0.19
-0.79,1.46,-0.17,-0.79,1.46,-0.17,-0.85,1.09,0.11,0.26266,-0.08152,-0.1019,-0.95602,-0.86,1.06,0.06,0.26266,-0.08152,-0.1019,-0.95602,-0.82,1.07,0.09,0.41056,-0.25594,0.50983,-0.71134,-0.8,1.08,0.1,0.14961,-0.07668,0.49149,-0.8545,-0.79,1.09,0.13,0.05563,-0.06757,0.5703,-0.81676,-0.78,1.09,0.16,0.05563,-0.06757,0.5703,-0.81676,-0.83,1.08,0.09,0.26266,-0.08152,-0.1019,-0.95602,-0.83,1.11,0.14,0.08422,-0.16137,-0.01963,-0.9831,-0.81,1.11,0.17,-0.16525,-0.16279,-0.00512,-0.97271,-0.81,1.11,0.19,-0.29783,-0.13619,0.0043,-0.94484,-0.8,1.09,0.21,-0.29783,-0.13619,0.0043,-0.94484,-0.85,1.07,0.09,0.26266,-0.08152,-0.1019,-0.95602,-0.85,1.11,0.14,0.24079,-0.06069,-0.11496,-0.96183,-0.84,1.13,0.18,-0.08844,-0.09764,-0.10107,-0.98612,-0.84,1.12,0.2,-0.25724,-0.11442,-0.1423,-0.94894,-0.83,1.11,0.22,-0.25724,-0.11442,-0.1423,-0.94894,-0.87,1.07,0.09,0.26266,-0.08152,-0.1019,-0.95602,-0.86,1.1,0.14,0.2891,-0.02446,-0.16886,-0.94197,-0.87,1.12,0.17,-0.08911,-0.10771,-0.18217,-0.97328,-0.86,1.12,0.2,-0.31009,-0.17461,-0.16958,-0.91902,-0.85,1.1,0.21,-0.31009,-0.17461,-0.16958,-0.91902,-0.87,1.07,0.1,0.20558,-0.00099,-0.33194,-0.92062,-0.88,1.08,0.14,0.25623,-0.00556,-0.23683,-0.93714,-0.88,1.1,0.16,-0.09352,-0.0803,-0.28882,-0.94942,-0.88,1.1,0.18,-0.28869,-0.18803,-0.26639,-0.90019,-0.87,1.09,0.2,-0.28869,-0.18803,-0.26639,-0.90019,-0.7,1.09,0.12,-0.3413,-0.18878,-0.1476,0.90889,-0.68,1.05,0.07,-0.3413,-0.18878,-0.1476,0.90889,-0.72,1.07,0.09,-0.46784,-0.21936,0.54524,0.6601,-0.75,1.08,0.11,-0.30315,-0.08808,0.50304,0.80454,-0.76,1.09,0.14,-0.24196,-0.08443,0.58654,0.76831,-0.77,1.1,0.16,-0.24196,-0.08443,0.58654,0.76831,-0.71,1.07,0.1,-0.3413,-0.18878,-0.1476,0.90889,-0.73,1.11,0.13,-0.15889,-0.19198,-0.08034,0.96511,-0.74,1.13,0.16,0.33406,-0.21679,-0.00022,0.91728,-0.75,1.11,0.18,0.5529,-0.18494,0.04442,0.81125,-0.76,1.09,0.19,0.5529,-0.18494,0.04442,0.81125,-0.7,1.07,0.1,-0.3413,-0.18878,-0.1476,0.90889,-0.71,1.11,0.14,-0.12477,-0.1858,-0.12944,0.966,-0.72,1.13,0.18,0.30703,-0.22598,-0.04883,0.92319,-0.73,1.11,0.19,0.49745,-0.21913,-0.06279,0.83701,-0.74,1.09,0.21,0.49745,-0.21913,-0.06279,0.83701,-0.68,1.07,0.11,-0.3413,-0.18878,-0.1476,0.90889,-0.69,1.1,0.14,-0.11725,-0.17536,-0.18481,0.95987,-0.7,1.12,0.18,0.38507,-0.26278,-0.10994,0.87783,-0.72,1.1,0.19,0.61638,-0.30194,-0.05876,0.72489,-0.73,1.08,0.2,0.61638,-0.30194,-0.05876,0.72489,-0.67,1.07,0.11,-0.25395,-0.12856,-0.3755,0.88203,-0.68,1.09,0.15,-0.27519,-0.10919,-0.29098,0.90977,-0.68,1.11,0.17,0.30989,-0.26716,-0.25259,0.87681,-0.69,1.1,0.19,0.5652,-0.37551,-0.16466,0.71584,-0.71,1.08,0.19,0.5652,-0.37551,-0.16466,0.71584,-0.81,1.08,0.19
-0.79,1.46,-0.17,-0.79,1.46,-0.17,-0.85,1.09,0.11,0.24588,-0.10156,-0.08367,-0.96033,-0.86,1.06,0.06,0.24588,-0.10156,-0.08367,-0.96033,-0.82,1.07,0.08,0.4242,-0.27718,0.49313,-0.70714,-0.8,1.08,0.1,0.16561,-0.10581,0.48184,-0.85393,-0.78,1.09,0.13,0.07029,-0.09319,0.56415,-0.81738,-0.78,1.09,0.15,0.07029,-0.09319,0.56415,-0.81738,-0.83,1.07,0.09,0.24588,-0.10156,-0.08367,-0.96033,-0.82,1.1,0.14,0.05312,-0.17596,0.00267,-0.98296,-0.81,1.11,0.17,-0.20871,-0.17032,0.02243,-0.96277,-0.8,1.1,0.19,-0.34441,-0.13927,0.03471,-0.92778,-0.8,1.08,0.21,-0.34441,-0.13927,0.03471,-0.92778,-0.85,1.07,0.09,0.24588,-0.10156,-0.08367,-0.96033,-0.84,1.1,0.14,0.20987,-0.07888,-0.09532,-0.96987,-0.84,1.12,0.18,-0.15118,-0.11033,-0.0733,-0.97959,-0.83,1.12,0.2,-0.33582,-0.11995,-0.11237,-0.92747,-0.82,1.1,0.22,-0.33582,-0.11995,-0.11237,-0.92747,-0.87,1.07,0.09,0.24588,-0.10156,-0.08367,-0.96033,-0.86,1.1,0.14,0.26903,-0.04364,-0.15053,-0.95029,-0.86,1.12,0.17,-0.16223,-0.12569,-0.15329,-0.96664,-0.85,1.11,0.2,-0.40648,-0.18708,-0.13603,-0.88389,-0.84,1.09,0.21,-0.40648,-0.18708,-0.13603,-0.88389,-0.87,1.07,0.1,0.18767,-0.01598,-0.31246,-0.93107,-0.88,1.08,0.14,0.24463,-0.0241,-0.21748,-0.9446,-0.88,1.1,0.16,-0.14416,-0.09975,-0.26249,-0.94888,-0.87,1.09,0.18,-0.38436,-0.21227,-0.23035,-0.86842,-0.86,1.08,0.2,-0.38436,-0.21227,-0.23035,-0.86842,-0.7,1.09,0.12,-0.33243,-0.19418,-0.13494,0.913,-0.68,1.05,0.07,-0.33243,-0.19418,-0.13494,0.913,-0.72,1.07,0.09,-0.44995,-0.24239,0.56395,0.64866,-0.75,1.08,0.11,-0.28529,-0.10334,0.52889,0.7926,-0.76,1.09,0.14,-0.22245,-0.09751,0.61108,0.75339,-0.78,1.09,0.16,-0.22245,-0.09751,0.61108,0.75339,-0.71,1.07,0.09,-0.33243,-0.19418,-0.13494,0.913,-0.73,1.11,0.13,-0.12178,-0.19903,-0.05866,0.97063,-0.74,1.12,0.16,0.33445,-0.21217,0.01356,0.91812,-0.75,1.11,0.18,0.53075,-0.17823,0.05129,0.82699,-0.76,1.09,0.19,0.53075,-0.17823,0.05129,0.82699,-0.7,1.07,0.1,-0.33243,-0.19418,-0.13494,0.913,-0.71,1.11,0.14,-0.11561,-0.18432,-0.11781,0.96891,-0.72,1.12,0.18,0.31816,-0.21957,-0.03865,0.92145,-0.73,1.11,0.19,0.50833,-0.21013,-0.05399,0.83338,-0.74,1.09,0.21,0.50833,-0.21013,-0.05399,0.83338,-0.68,1.07,0.11,-0.33243,-0.19418,-0.13494,0.913,-0.69,1.1,0.14,-0.14132,-0.16407,-0.1809,0.95937,-0.7,1.12,0.18,0.36389,-0.25209,-0.1118,0.88968,-0.72,1.1,0.19,0.59876,-0.29292,-0.06323,0.74276,-0.73,1.08,0.2,0.59876,-0.29292,-0.06323,0.74276,-0.67,1.06,0.11,-0.24595,-0.13114,-0.36275,0.88923,-0.68,1.09,0.15,-0.27984,-0.10227,-0.28015,0.91255,-0.68,1.11,0.17,0.30045,-0.25394,-0.24958,0.88485,-0.69,1.1,0.19,0.55812,-0.36223,-0.16607,0.72782,-0.71,1.08,0.19,0.55812,-0.36223,-0.16607,0.72782,-0.81,1.08,0.19
-0.79,1.46,-0.16,-0.79,1.46,-0.16,-0.85,1.09,0.11,0.26329,-0.09888,-0.08015,-0.95628,-0.86,1.06,0.06,0.26329,-0.09888,-0.08015,-0.95628,-0.82,1.07,0.08,0.45177,-0.25573,0.48033,-0.70696,-0.8,1.08,0.1,0.19825,-0.09502,0.46076,-0.85986,-0.78,1.09,0.13,0.09241,-0.07571,0.54458,-0.83016,-0.78,1.09,0.15,0.09241,-0.07571,0.54458,-0.83016,-0.83,1.08,0.09,0.26329,-0.09888,-0.08015,-0.95628,-0.82,1.11,0.14,0.06255,-0.16501,0.00522,-0.98429,-0.81,1.11,0.17,-0.22789,-0.15863,0.02673,-0.96031,-0.8,1.1,0.19,-0.38028,-0.12623,0.04061,-0.91532,-0.8,1.09,0.21,-0.38028,-0.12623,0.04061,-0.91532,-0.85,1.07,0.09,0.26329,-0.09888,-0.08015,-0.95628,-0.84,1.11,0.14,0.20797,-0.0776,-0.09087,-0.97081,-0.84,1.13,0.18,-0.20181,-0.11083,-0.06428,-0.97101,-0.83,1.12,0.2,-0.42399,-0.11839,-0.102,-0.89208,-0.82,1.1,0.22,-0.42399,-0.11839,-0.102,-0.89208,-0.87,1.07,0.09,0.26329,-0.09888,-0.08015,-0.95628,-0.86,1.1,0.14,0.26995,-0.04559,-0.14687,-0.95051,-0.86,1.12,0.17,-0.22948,-0.13586,-0.14144,-0.95335,-0.85,1.11,0.19,-0.51474,-0.19676,-0.11664,-0.82627,-0.84,1.09,0.2,-0.51474,-0.19676,-0.11664,-0.82627,-0.87,1.07,0.1,0.20564,-0.0175,-0.31072,-0.92783,-0.88,1.09,0.14,0.25652,-0.03527,-0.21394,-0.9419,-0.88,1.1,0.16,-0.19101,-0.12456,-0.2505,-0.94088,-0.87,1.1,0.18,-0.4894,-0.24619,-0.19951,-0.81245,-0.86,1.08,0.19,-0.4894,-0.24619,-0.19951,-0.81245,-0.7,1.09,0.12,-0.33646,-0.18987,-0.13209,0.91285,-0.68,1.05,0.07,-0.33646,-0.18987,-0.13209,0.91285,-0.72,1.06,0.09,-0.43666,-0.24023,0.57954,0.64479,-0.75,1.07,0.11,-0.27029,-0.09369,0.54514,0.78803,-0.76,1.08,0.14,-0.19993,-0.08311,0.62572,0.7494,-0.77,1.09,0.16,-0.19993,-0.08311,0.62572,0.7494,-0.71,1.07,0.09,-0.33646,-0.18987,-0.13209,0.91285,-0.73,1.11,0.13,-0.02337,-0.20401,-0.0287,0.97827,-0.74,1.11,0.16,0.39943,-0.20177,0.03574,0.89357,-0.75,1.1,0.18,0.55435,-0.16503,0.06483,0.81318,-0.76,1.08,0.19,0.55435,-0.16503,0.06483,0.81318,-0.7,1.07,0.1,-0.33646,-0.18987,-0.13209,0.91285,-0.71,1.11,0.14,-0.08847,-0.1851,-0.1089,0.97265,-0.72,1.12,0.18,0.34963,-0.21623,-0.0291,0.91113,-0.73,1.1,0.19,0.5384,-0.20291,-0.04471,0.81668,-0.74,1.08,0.2,0.5384,-0.20291,-0.04471,0.81668,-0.68,1.07,0.1,-0.33646,-0.18987,-0.13209,0.91285,-0.69,1.1,0.14,-0.13782,-0.16252,-0.17703,0.96086,-0.7,1.12,0.18,0.37623,-0.24964,-0.10714,0.8858,-0.71,1.1,0.19,0.61477,-0.28902,-0.05815,0.73153,-0.73,1.08,0.2,0.61477,-0.28902,-0.05815,0.73153,-0.67,1.06,0.11,-0.25115,-0.12777,-0.36061,0.88914,-0.68,1.09,0.15,-0.27057,-0.10388,-0.27681,0.91618,-0.68,1.11,0.17,0.31228,-0.25311,-0.24561,0.8821,-0.69,1.1,0.19,0.57471,-0.36118,-0.16042,0.71661,-0.7,1.08,0.19,0.57471,-0.36118,-0.16042,0.71661,-0.81,1.08,0.19
-0.79,1.46,-0.17,-0.79,1.46,-0.17,-0.85,1.09,0.11,0.27642,-0.09755,-0.08083,-0.95265,-0.86,1.06,0.06,0.27642,-0.09755,-0.08083,-0.95265,-0.82,1.07,0.09,0.46542,-0.24254,0.47743,-0.70471,-0.8,1.09,0.1,0.2168,-0.08688,0.45276,-0.8605,-0.78,1.1,0.13,0.10099,-0.06107,0.53677,-0.83544,-0.78,1.1,0.15,0.10099,-0.06107,0.53677,-0.83544,-0.83,1.08,0.09,0.27642,-0.09755,-0.08083,-0.95265,-0.82,1.11,0.14,0.05817,-0.15666,0.00534,-0.98592,-0.81,1.12,0.17,-0.25333,-0.14993,0.02773,-0.95529,-0.8,1.1,0.19,-0.41597,-0.11674,0.04263,-0.90085,-0.8,1.09,0.21,-0.41597,-0.11674,0.04263,-0.90085,-0.85,1.08,0.09,0.27642,-0.09755,-0.08083,-0.95265,-0.84,1.11,0.14,0.19177,-0.07922,-0.08944,-0.97414,-0.84,1.13,0.18,-0.24683,-0.11333,-0.05907,-0.96059,-0.83,1.12,0.2,-0.49167,-0.11808,-0.09514,-0.85748,-0.82,1.1,0.21,-0.49167,-0.11808,-0.09514,-0.85748,-0.87,1.08,0.09,0.27642,-0.09755,-0.08083,-0.95265,-0.86,1.1,0.14,0.25782,-0.04959,-0.14661,-0.95372,-0.86,1.12,0.17,-0.2762,-0.14353,-0.1352,-0.94066,-0.85,1.11,0.19,-0.58124,-0.20287,-0.1049,-0.78102,-0.84,1.09,0.2,-0.58124,-0.20287,-0.1049,-0.78102,-0.87,1.07,0.1,0.2186,-0.01944,-0.31248,-0.92422,-0.88,1.09,0.14,0.26036,-0.04541,-0.21414,-0.94037,-0.88,1.11,0.16,-0.22211,-0.14263,-0.24269,-0.9335,-0.87,1.1,0.18,-0.54593,-0.26609,-0.17901,-0.77402,-0.86,1.08,0.19,-0.54593,-0.26609,-0.17901,-0.77402,-0.7,1.09,0.12,-0.34239,-0.1847,-0.12906,0.91214,-0.68,1.05,0.07,-0.34239,-0.1847,-0.12906,0.91214,-0.72,1.06,0.09,-0.42694,-0.22693,0.59284,0.64402,-0.75,1.07,0.11,-0.25764,-0.07303,0.55607,0.78681,-0.76,1.08,0.14,-0.17672,-0.05597,0.63454,0.75033,-0.77,1.09,0.16,-0.17672,-0.05597,0.63454,0.75033,-0.71,1.07,0.09,-0.34239,-0.1847,-0.12906,0.91214,-0.73,1.11,0.13,0.03074,-0.2059,-0.00747,0.97806,-0.74,1.11,0.16,0.42024,-0.19473,0.04923,0.8849,-0.75,1.09,0.18,0.54657,-0.1576,0.07182,0.81931,-0.75,1.07,0.19,0.54657,-0.1576,0.07182,0.81931,-0.7,1.07,0.1,-0.34239,-0.1847,-0.12906,0.91214,-0.71,1.11,0.14,-0.05288,-0.18892,-0.09587,0.97587,-0.72,1.12,0.17,0.39053,-0.21361,-0.01403,0.89536,-0.73,1.1,0.19,0.57929,-0.19449,-0.02926,0.79104,-0.74,1.08,0.2,0.57929,-0.19449,-0.02926,0.79104,-0.68,1.07,0.1,-0.34239,-0.1847,-0.12906,0.91214,-0.69,1.1,0.14,-0.1273,-0.1653,-0.16973,0.96315,-0.7,1.11,0.18,0.39885,-0.24913,-0.09656,0.87723,-0.71,1.1,0.19,0.64277,-0.28483,-0.04601,0.70965,-0.73,1.08,0.19,0.64277,-0.28483,-0.04601,0.70965,-0.67,1.06,0.11,-0.25839,-0.12403,-0.35845,0.88846,-0.67,1.09,0.15,-0.25023,-0.11603,-0.27051,0.92236,-0.68,1.11,0.17,0.33868,-0.25903,-0.23248,0.87416,-0.69,1.1,0.18,0.6095,-0.36405,-0.14175,0.68984,-0.7,1.08,0.18,0.6095,-0.36405,-0.14175,0.68984,-0.81,1.08,0.19
-0.79,1.46,-0.17,-0.79,1.46,-0.17,-0.84,1.1,0.11,0.28089,-0.10108,-0.06873,-0.95193,-0.86,1.06,0.06,0.28089,-0.10108,-0.06873,-0.95193,-0.82,1.07,0.09,0.46261,-0.24494,0.49226,-0.69547,-0.8,1.09,0.1,0.22148,-0.0869,0.46769,-0.85127,-0.78,1.1,0.13,0.1021,-0.05607,0.55099,-0.82634,-0.78,1.1,0.15,0.1021,-0.05607,0.55099,-0.82634,-0.83,1.08,0.09,0.28089,-0.10108,-0.06873,-0.95193,-0.82,1.11,0.14,0.02913,-0.1578,0.02529,-0.98672,-0.81,1.11,0.17,-0.2959,-0.14336,0.04925,-0.94311,-0.8,1.1,0.19,-0.46109,-0.10575,0.0647,-0.87865,-0.8,1.08,0.2,-0.46109,-0.10575,0.0647,-0.87865,-0.85,1.08,0.09,0.28089,-0.10108,-0.06873,-0.95193,-0.84,1.11,0.14,0.17919,-0.08512,-0.07493,-0.97726,-0.84,1.13,0.18,-0.25873,-0.11222,-0.04359,-0.95842,-0.83,1.12,0.2,-0.50821,-0.1124,-0.08029,-0.85008,-0.82,1.1,0.21,-0.50821,-0.1124,-0.08029,-0.85008,-0.87,1.08,0.09,0.28089,-0.10108,-0.06873,-0.95193,-0.86,1.11,0.14,0.26689,-0.05402,-0.13473,-0.95273,-0.86,1.13,0.17,-0.26038,-0.14052,-0.12359,-0.9472,-0.85,1.11,0.19,-0.56701,-0.19644,-0.09504,-0.79428,-0.84,1.09,0.2,-0.56701,-0.19644,-0.09504,-0.79428,-0.87,1.07,0.1,0.22391,-0.02367,-0.30118,-0.9266,-0.88,1.09,0.14,0.27287,-0.0471,-0.20266,-0.93928,-0.88,1.11,0.16,-0.20719,-0.13888,-0.2323,-0.94012,-0.87,1.1,0.18,-0.53189,-0.25839,-0.17102,-0.78809,-0.86,1.09,0.19,-0.53189,-0.25839,-0.17102,-0.78809,-0.7,1.09,0.12,-0.35047,-0.17786,-0.12711,0.9107,-0.68,1.05,0.07,-0.35047,-0.17786,-0.12711,0.9107,-0.72,1.07,0.09,-0.43368,-0.21099,0.59113,0.64651,-0.75,1.08,0.11,-0.25924,-0.05459,0.55064,0.79159,-0.76,1.09,0.14,-0.17303,-0.03513,0.6282,0.75775,-0.77,1.09,0.16,-0.17303,-0.03513,0.6282,0.75775,-0.71,1.07,0.09,-0.35047,-0.17786,-0.12711,0.9107,-0.73,1.11,0.13,0.01794,-0.20335,-0.00512,0.97893,-0.74,1.11,0.16,0.38414,-0.19308,0.04506,0.90174,-0.75,1.1,0.18,0.49811,-0.15777,0.06315,0.8503,-0.75,1.08,0.19,0.49811,-0.15777,0.06315,0.8503,-0.7,1.07,0.1,-0.35047,-0.17786,-0.12711,0.9107,-0.71,1.11,0.14,-0.04861,-0.19094,-0.08801,0.97644,-0.72,1.12,0.17,0.39485,-0.21186,-0.00607,0.89397,-0.73,1.1,0.19,0.58543,-0.19075,-0.02148,0.78767,-0.74,1.08,0.2,0.58543,-0.19075,-0.02148,0.78767,-0.68,1.07,0.1,-0.35047,-0.17786,-0.12711,0.9107,-0.69,1.1,0.14,-0.12057,-0.16794,-0.16318,0.96469,-0.7,1.12,0.18,0.41022,-0.24812,-0.08856,0.87311,-0.71,1.1,0.19,0.65566,-0.28112,-0.03798,0.69974,-0.72,1.08,0.19,0.65566,-0.28112,-0.03798,0.69974,-0.67,1.07,0.11,-0.26794,-0.11926,-0.35752,0.88666,-0.67,1.09,0.15,-0.24397,-0.12543,-0.26521,0.92434,-0.68,1.11,0.17,0.347,-0.26342,-0.22251,0.87218,-0.69,1.1,0.18,0.61916,-0.36494,-0.13027,0.683,-0.7,1.08,0.18,0.61916,-0.36494,-0.13027,0.683,-0.81,1.08,0.19
