-0.78,1.45,-0.16,-0.78,1.45,-0.16,-0.85,1.1,0.11,0.32549,-0.06237,-0.1972,-0.92265,-0.86,1.06,0.06,0.32549,-0.06237,-0.1972,-0.92265,-0.83,1.08,0.09,0.41773,-0.16517,0.50327,-0.7382,-0.8,1.09,0.11,0.18365,-0.00859,0.45085,-0.87346,-0.8,1.1,0.14,0.09071,-0.00562,0.52801,-0.84436,-0.8,1.11,0.16,0.09071,-0.00562,0.52801,-0.84436,-0.84,1.08,0.09,0.32549,-0.06237,-0.1972,-0.92265,-0.84,1.12,0.13,-0.00557,-0.13039,-0.11259,-0.98503,-0.83,1.12,0.17,-0.39543,-0.16746,-0.07763,-0.89976,-0.82,1.1,0.18,-0.54153,-0.15039,-0.05544,-0.82526,-0.81,1.09,0.19,-0.54153,-0.15039,-0.05544,-0.82526,-0.85,1.08,0.09,0.32549,-0.06237,-0.1972,-0.92265,-0.86,1.12,0.13,0.03205,-0.11285,-0.18208,-0.97626,-0.85,1.12,0.17,-0.37524,-0.17902,-0.13179,-0.89988,-0.84,1.1,0.19,-0.5619,-0.18597,-0.15156,-0.79165,-0.83,1.08,0.2,-0.5619,-0.18597,-0.15156,-0.79165,-0.87,1.07,0.09,0.32549,-0.06237,-0.1972,-0.92265,-0.87,1.1,0.14,0.10745,-0.07994,-0.24964,-0.95903,-0.87,1.11,0.17,-0.34309,-0.20173,-0.2235,-0.88974,-0.86,1.1,0.19,-0.56859,-0.27504,-0.18558,-0.75274,-0.84,1.08,0.2,-0.56859,-0.27504,-0.18558,-0.75274,-0.88,1.07,0.1,0.25761,-0.00189,-0.42645,-0.86705,-0.89,1.09,0.14,0.16636,-0.0517,-0.33636,-0.92548,-0.89,1.1,0.16,-0.29066,-0.19525,-0.34593,-0.87047,-0.88,1.09,0.18,-0.49895,-0.32305,-0.29187,-0.74934,-0.86,1.08,0.19,-0.49895,-0.32305,-0.29187,-0.74934,-0.7,1.1,0.12,-0.32053,-0.17469,-0.11769,0.92352,-0.68,1.06,0.07,-0.32053,-0.17469,-0.11769,0.92352,-0.72,1.07,0.09,-0.45094,-0.26099,0.55113,0.65176,-0.75,1.08,0.11,-0.2613,-0.10922,0.52548,0.80229,-0.76,1.09,0.13,-0.1617,-0.07763,0.60874,0.77283,-0.77,1.09,0.16,-0.1617,-0.07763,0.60874,0.77283,-0.71,1.08,0.09,-0.32053,-0.17469,-0.11769,0.92352,-0.73,1.12,0.13,-0.06117,-0.24245,0.00741,0.96821,-0.75,1.12,0.17,0.2934,-0.22785,0.06811,0.92594,-0.75,1.11,0.18,0.43576,-0.18798,0.09367,0.87521,-0.76,1.09,0.2,0.43576,-0.18798,0.09367,0.87521,-0.7,1.07,0.1,-0.32053,-0.17469,-0.11769,0.92352,-0.71,1.12,0.14,-0.10876,-0.177,-0.09644,0.97342,-0.72,1.13,0.18,0.28481,-0.20244,-0.03159,0.93643,-0.73,1.11,0.2,0.4774,-0.19417,-0.05119,0.85544,-0.74,1.09,0.21,0.4774,-0.19417,-0.05119,0.85544,-0.68,1.07,0.1,-0.32053,-0.17469,-0.11769,0.92352,-0.69,1.11,0.14,-0.1737,-0.12659,-0.17638,0.96057,-0.7,1.12,0.18,0.29207,-0.21303,-0.13544,0.92248,-0.71,1.11,0.2,0.53046,-0.26378,-0.09706,0.79976,-0.72,1.09,0.21,0.53046,-0.26378,-0.09706,0.79976,-0.67,1.07,0.11,-0.24069,-0.10801,-0.34692,0.90003,-0.67,1.09,0.15,-0.26049,-0.0465,-0.27044,0.92566,-0.67,1.11,0.17,0.25304,-0.18152,-0.28512,0.9065,-0.68,1.1,0.19,0.4919,-0.2993,-0.22994,0.78459,-0.7,1.09,0.2,0.4919,-0.2993,-0.22994,0.78459,-0.81,1.08,0.19
-0.78,1.45,-0.16,-0.78,1.45,-0.16,-0.86,1.1,0.11,0.32305,-0.06044,-0.22086,-0.91826,-0.86,1.06,0.06,0.32305,-0.06044,-0.22086,-0.91826,-0.83,1.08,0.09,0.42304,-0.16757,0.48305,-0.74808,-0.8,1.1,0.11,0.18277,-0.01596,0.43151,-0.88326,-0.8,1.11,0.14,0.08723,-0.013,0.5099,-0.8557,-0.8,1.11,0.16,0.08723,-0.013,0.5099,-0.8557,-0.84,1.08,0.09,0.32305,-0.06044,-0.22086,-0.91826,-0.84,1.12,0.13,0.00043,-0.13227,-0.13949,-0.98135,-0.83,1.12,0.17,-0.39509,-0.18066,-0.10014,-0.89512,-0.82,1.11,0.18,-0.54315,-0.16741,-0.07497,-0.81936,-0.81,1.09,0.19,-0.54315,-0.16741,-0.07497,-0.81936,-0.85,1.08,0.09,0.32305,-0.06044,-0.22086,-0.91826,-0.86,1.12,0.13,0.04365,-0.11204,-0.20896,-0.9705,-0.85,1.12,0.17,-0.37899,-0.1924,-0.15299,-0.89215,-0.84,1.11,0.19,-0.56876,-0.20369,-0.1684,-0.77888,-0.83,1.09,0.2,-0.56876,-0.20369,-0.1684,-0.77888,-0.87,1.07,0.09,0.32305,-0.06044,-0.22086,-0.91826,-0.87,1.1,0.13,0.11596,-0.07806,-0.27475,-0.9513,-0.87,1.11,0.17,-0.33856,-0.21364,-0.24473,-0.88309,-0.86,1.1,0.19,-0.56171,-0.29209,-0.20261,-0.74707,-0.84,1.08,0.2,-0.56171,-0.29209,-0.20261,-0.74707,-0.88,1.07,0.1,0.2524,-0.00056,-0.44815,-0.85759,-0.89,1.09,0.13,0.16478,-0.05062,-0.35956,-0.91706,-0.89,1.1,0.16,-0.28137,-0.20214,-0.36763,-0.86303,-0.88,1.09,0.18,-0.4785,-0.33197,-0.31376,-0.74993,-0.86,1.08,0.19,-0.4785,-0.33197,-0.31376,-0.74993,-0.7,1.09,0.12,-0.30347,-0.16281,-0.09079,0.93443,-0.68,1.06,0.07,-0.30347,-0.16281,-0.09079,0.93443,-0.72,1.07,0.09,-0.44135,-0.2734,0.55234,0.65221,-0.75,1.08,0.11,-0.24632,-0.11674,0.5314,0.80207,-0.77,1.09,0.14,-0.14792,-0.08626,0.61453,0.77009,-0.77,1.09,0.16,-0.14792,-0.08626,0.61453,0.77009,-0.71,1.07,0.09,-0.30347,-0.16281,-0.09079,0.93443,-0.73,1.11,0.14,-0.09729,-0.21105,0.00511,0.97261,-0.75,1.12,0.17,0.26469,-0.20004,0.05569,0.94171,-0.75,1.1,0.19,0.42049,-0.16173,0.07836,0.88932,-0.76,1.09,0.2,0.42049,-0.16173,0.07836,0.88932,-0.7,1.07,0.1,-0.30347,-0.16281,-0.09079,0.93443,-0.71,1.11,0.14,-0.08352,-0.16195,-0.06999,0.98076,-0.72,1.12,0.18,0.3008,-0.17775,-0.01515,0.93686,-0.73,1.1,0.2,0.47718,-0.16586,-0.04156,0.86201,-0.74,1.09,0.21,0.47718,-0.16586,-0.04156,0.86201,-0.68,1.07,0.1,-0.30347,-0.16281,-0.09079,0.93443,-0.69,1.1,0.15,-0.15204,-0.11479,-0.14797,0.97047,-0.7,1.12,0.18,0.30211,-0.18708,-0.11883,0.92715,-0.71,1.1,0.2,0.52815,-0.23349,-0.09126,0.8113,-0.72,1.08,0.21,0.52815,-0.23349,-0.09126,0.8113,-0.67,1.07,0.11,-0.23021,-0.09096,-0.32095,0.91418,-0.67,1.09,0.15,-0.27628,-0.02753,-0.24136,0.92987,-0.67,1.11,0.17,0.23969,-0.15168,-0.27033,0.92004,-0.68,1.1,0.19,0.47446,-0.26477,-0.22647,0.80839,-0.69,1.09,0.2,0.47446,-0.26477,-0.22647,0.80839,-0.81,1.08,0.19
-0.78,1.45,-0.16,-0.78,1.45,-0.16,-0.85,1.1,0.11,0.33588,-0.06234,-0.19056,-0.92032,-0.86,1.06,0.06,0.33588,-0.06234,-0.19056,-0.92032,-0.82,1.08,0.09,0.41953,-0.16801,0.51382,-0.72922,-0.8,1.09,0.11,0.18165,-0.00502,0.46286,-0.86761,-0.8,1.1,0.14,0.07745,0.00586,0.53813,-0.83927,-0.79,1.11,0.16,0.07745,0.00586,0.53813,-0.83927,-0.84,1.08,0.09,0.33588,-0.06234,-0.19056,-0.92032,-0.83,1.12,0.13,0.01515,-0.11924,-0.11338,-0.98625,-0.83,1.12,0.17,-0.39693,-0.15989,-0.07908,-0.90035,-0.82,1.11,0.18,-0.55077,-0.14378,-0.05656,-0.82023,-0.81,1.09,0.19,-0.55077,-0.14378,-0.05656,-0.82023,-0.85,1.08,0.09,0.33588,-0.06234,-0.19056,-0.92032,-0.86,1.12,0.13,0.06026,-0.10311,-0.181,-0.9762,-0.85,1.13,0.17,-0.37682,-0.17405,-0.12967,-0.9005,-0.84,1.11,0.19,-0.57241,-0.18166,-0.14938,-0.78551,-0.83,1.09,0.2,-0.57241,-0.18166,-0.14938,-0.78551,-0.87,1.07,0.09,0.33588,-0.06234,-0.19056,-0.92032,-0.87,1.11,0.13,0.12955,-0.0744,-0.24557,-0.9578,-0.87,1.12,0.17,-0.33487,-0.19872,-0.2197,-0.89449,-0.86,1.1,0.19,-0.56308,-0.27158,-0.1823,-0.75891,-0.84,1.09,0.19,-0.56308,-0.27158,-0.1823,-0.75891,-0.87,1.07,0.09,0.26865,-0.00422,-0.421,-0.86635,-0.88,1.09,0.13,0.17527,-0.05242,-0.33071,-0.92583,-0.89,1.1,0.16,-0.27106,-0.18954,-0.34284,-0.87924,-0.87,1.09,0.18,-0.47281,-0.31371,-0.29303,-0.76952,-0.86,1.08,0.19,-0.47281,-0.31371,-0.29303,-0.76952,-0.71,1.09,0.12,-0.30653,-0.16776,-0.04468,0.93589,-0.69,1.06,0.07,-0.30653,-0.16776,-0.04468,0.93589,-0.73,1.07,0.1,-0.43691,-0.27412,0.58172,0.62895,-0.76,1.07,0.11,-0.25477,-0.11384,0.56071,0.77958,-0.77,1.08,0.14,-0.15915,-0.08074,0.64187,0.74576,-0.78,1.09,0.16,-0.15915,-0.08074,0.64187,0.74576,-0.72,1.07,0.1,-0.30653,-0.16776,-0.04468,0.93589,-0.74,1.11,0.14,-0.13061,-0.20505,0.04215,0.96908,-0.75,1.12,0.17,0.22033,-0.18306,0.08595,0.95423,-0.76,1.11,0.19,0.3698,-0.14126,0.10268,0.91255,-0.77,1.09,0.21,0.3698,-0.14126,0.10268,0.91255,-0.7,1.07,0.1,-0.30653,-0.16776,-0.04468,0.93589,-0.72,1.11,0.14,-0.06239,-0.16086,-0.01772,0.98484,-0.73,1.12,0.18,0.3358,-0.15592,0.03495,0.92828,-0.74,1.1,0.2,0.51818,-0.13251,0.00441,0.84494,-0.74,1.08,0.21,0.51818,-0.13251,0.00441,0.84494,-0.69,1.08,0.1,-0.30653,-0.16776,-0.04468,0.93589,-0.7,1.11,0.15,-0.12941,-0.11912,-0.09724,0.9796,-0.71,1.12,0.18,0.35041,-0.16896,-0.06856,0.91868,-0.72,1.1,0.2,0.58753,-0.20216,-0.04618,0.78218,-0.73,1.08,0.21,0.58753,-0.20216,-0.04618,0.78218,-0.68,1.07,0.11,-0.2386,-0.09534,-0.27696,0.92589,-0.68,1.09,0.15,-0.29377,-0.03235,-0.19672,0.93485,-0.68,1.11,0.17,0.2711,-0.14474,-0.22563,0.92447,-0.69,1.1,0.19,0.53661,-0.25153,-0.17947,0.78522,-0.7,1.09,0.2,0.53661,-0.25153,-0.17947,0.78522,-0.81,1.08,0.19
-0.78,1.45,-0.16,-0.78,1.45,-0.16,-0.85,1.1,0.11,0.33896,-0.06646,-0.15258,-0.92596,-0.86,1.06,0.06,0.33896,-0.06646,-0.15258,-0.92596,-0.82,1.08,0.09,0.40855,-0.17367,0.54739,-0.70943,-0.8,1.09,0.11,0.17447,0.00225,0.49869,-0.84904,-0.79,1.1,0.14,0.06104,0.0226,0.57022,-0.81891,-0.79,1.1,0.16,0.06104,0.0226,0.57022,-0.81891,-0.83,1.08,0.09,0.33896,-0.06646,-0.15258,-0.92596,-0.83,1.12,0.13,0.01703,-0.10752,-0.07823,-0.99097,-0.82,1.12,0.17,-0.40432,-0.13517,-0.05096,-0.90314,-0.82,1.11,0.18,-0.5615,-0.11462,-0.03237,-0.81886,-0.81,1.09,0.19,-0.5615,-0.11462,-0.03237,-0.81886,-0.85,1.08,0.09,0.33896,-0.06646,-0.15258,-0.92596,-0.85,1.12,0.13,0.06089,-0.09614,-0.14365,-0.98306,-0.84,1.13,0.17,-0.38075,-0.15153,-0.09904,-0.90679,-0.83,1.11,0.19,-0.57747,-0.15297,-0.12478,-0.79218,-0.83,1.09,0.2,-0.57747,-0.15297,-0.12478,-0.79218,-0.87,1.07,0.09,0.33896,-0.06646,-0.15258,-0.92596,-0.87,1.11,0.13,0.12986,-0.07159,-0.20778,-0.96687,-0.87,1.12,0.17,-0.33992,-0.17878,-0.18793,-0.90398,-0.85,1.1,0.19,-0.57242,-0.24412,-0.15721,-0.76683,-0.84,1.08,0.19,-0.57242,-0.24412,-0.15721,-0.76683,-0.87,1.07,0.09,0.276,-0.00735,-0.38577,-0.88031,-0.88,1.09,0.13,0.17062,-0.05583,-0.29332,-0.93901,-0.88,1.1,0.16,-0.28029,-0.17504,-0.30897,-0.89182,-0.87,1.09,0.18,-0.48858,-0.29216,-0.26389,-0.77865,-0.86,1.08,0.18,-0.48858,-0.29216,-0.26389,-0.77865,-0.72,1.09,0.13,-0.26909,-0.1711,-0.00722,0.94777,-0.7,1.06,0.07,-0.26909,-0.1711,-0.00722,0.94777,-0.74,1.07,0.1,-0.41652,-0.29673,0.58658,0.628,-0.76,1.07,0.11,-0.26074,-0.15331,0.56552,0.76726,-0.78,1.08,0.14,-0.18823,-0.13468,0.64798,0.72564,-0.79,1.08,0.16,-0.18823,-0.13468,0.64798,0.72564,-0.73,1.07,0.1,-0.26909,-0.1711,-0.00722,0.94777,-0.75,1.1,0.14,-0.10347,-0.24348,0.09151,0.96002,-0.77,1.11,0.18,0.1537,-0.21404,0.12582,0.95642,-0.77,1.1,0.2,0.26459,-0.17234,0.13734,0.93884,-0.78,1.09,0.21,0.26459,-0.17234,0.13734,0.93884,-0.71,1.07,0.1,-0.26909,-0.1711,-0.00722,0.94777,-0.73,1.11,0.15,-0.13294,-0.15508,0.00196,0.97891,-0.74,1.12,0.19,0.27234,-0.14351,0.05139,0.95005,-0.75,1.11,0.21,0.48568,-0.11939,0.01829,0.86575,-0.75,1.09,0.22,0.48568,-0.11939,0.01829,0.86575,-0.69,1.08,0.11,-0.26909,-0.1711,-0.00722,0.94777,-0.71,1.1,0.15,-0.19585,-0.10077,-0.07179,0.9728,-0.71,1.12,0.19,0.32093,-0.14502,-0.04933,0.93463,-0.72,1.1,0.21,0.59895,-0.17431,-0.0286,0.78106,-0.73,1.08,0.21,0.59895,-0.17431,-0.0286,0.78106,-0.69,1.07,0.11,-0.20669,-0.08847,-0.23785,0.94492,-0.69,1.09,0.15,-0.29442,-0.01469,-0.15528,0.94286,-0.69,1.11,0.18,0.28952,-0.11065,-0.2002,0.92944,-0.69,1.1,0.19,0.60639,-0.22005,-0.15539,0.74814,-0.7,1.08,0.2,0.60639,-0.22005,-0.15539,0.74814,-0.81,1.08,0.19
-0.78,1.45,-0.16,-0.78,1.45,-0.16,-0.85,1.1,0.11,0.3256,-0.06443,-0.14146,-0.93264,-0.86,1.06,0.06,0.3256,-0.06443,-0.14146,-0.93264,-0.82,1.07,0.09,0.3942,-0.17725,0.55469,-0.71099,-0.8,1.09,0.11,0.15378,0.00639,0.5076,-0.84774,-0.79,1.09,0.14,0.03463,0.02975,0.57682,-0.81559,-0.79,1.1,0.16,0.03463,0.02975,0.57682,-0.81559,-0.83,1.08,0.09,0.3256,-0.06443,-0.14146,-0.93264,-0.83,1.12,0.13,-0.00621,-0.10204,-0.06795,-0.99244,-0.82,1.12,0.17,-0.41864,-0.12493,-0.04511,-0.89839,-0.81,1.1,0.18,-0.57209,-0.10325,-0.02837,-0.81317,-0.81,1.08,0.19,-0.57209,-0.10325,-0.02837,-0.81317,-0.85,1.07,0.09,0.3256,-0.06443,-0.14146,-0.93264,-0.85,1.12,0.13,0.038,-0.09183,-0.13267,-0.98617,-0.84,1.12,0.17,-0.3918,-0.14142,-0.09283,-0.90436,-0.83,1.1,0.19,-0.58176,-0.14062,-0.12131,-0.79187,-0.83,1.08,0.2,-0.58176,-0.14062,-0.12131,-0.79187,-0.87,1.07,0.09,0.3256,-0.06443,-0.14146,-0.93264,-0.87,1.1,0.13,0.11082,-0.06716,-0.19674,-0.97186,-0.86,1.11,0.17,-0.35167,-0.16756,-0.18193,-0.90286,-0.85,1.1,0.19,-0.58062,-0.23107,-0.15546,-0.76506,-0.84,1.08,0.2,-0.58062,-0.23107,-0.15546,-0.76506,-0.87,1.07,0.09,0.26492,-0.00148,-0.37455,-0.88856,-0.88,1.09,0.13,0.15457,-0.05264,-0.28181,-0.94547,-0.88,1.1,0.16,-0.29457,-0.16493,-0.30065,-0.89198,-0.87,1.09,0.18,-0.50274,-0.28025,-0.25921,-0.77558,-0.86,1.08,0.19,-0.50274,-0.28025,-0.25921,-0.77558,-0.72,1.08,0.13,-0.16939,-0.15546,0.00416,0.9732,-0.7,1.07,0.08,-0.16939,-0.15546,0.00416,0.9732,-0.73,1.06,0.1,-0.37329,-0.32966,0.53526,0.68225,-0.76,1.07,0.12,-0.24484,-0.22043,0.50677,0.79665,-0.78,1.07,0.14,-0.22661,-0.2438,0.58556,0.73914,-0.8,1.08,0.16,-0.22661,-0.2438,0.58556,0.73914,-0.72,1.07,0.1,-0.16939,-0.15546,0.00416,0.9732,-0.75,1.09,0.16,0.03421,-0.28126,0.11877,0.95164,-0.77,1.09,0.19,0.19484,-0.25454,0.13773,0.93716,-0.78,1.08,0.21,0.26284,-0.21732,0.14482,0.92882,-0.78,1.06,0.22,0.26284,-0.21732,0.14482,0.92882,-0.71,1.07,0.11,-0.16939,-0.15546,0.00416,0.9732,-0.73,1.1,0.16,-0.14482,-0.13511,-0.00403,0.98018,-0.74,1.11,0.2,0.25536,-0.12801,0.03705,0.95762,-0.74,1.09,0.22,0.48503,-0.10785,0.00098,0.86782,-0.75,1.07,0.23,0.48503,-0.10785,0.00098,0.86782,-0.69,1.07,0.11,-0.16939,-0.15546,0.00416,0.9732,-0.71,1.09,0.16,-0.21278,-0.06721,-0.06386,0.97269,-0.71,1.11,0.2,0.3095,-0.113,-0.05859,0.94234,-0.72,1.09,0.22,0.60075,-0.14729,-0.04604,0.78441,-0.72,1.07,0.22,0.60075,-0.14729,-0.04604,0.78441,-0.68,1.07,0.12,-0.11456,-0.0489,-0.21838,0.96788,-0.69,1.08,0.16,-0.241,0.02273,-0.12441,0.96225,-0.68,1.1,0.19,0.29217,-0.04832,-0.19722,0.93456,-0.69,1.09,0.2,0.62317,-0.16378,-0.17398,0.74469,-0.7,1.07,0.21,0.62317,-0.16378,-0.17398,0.74469,-0.81,1.08,0.19
-0.78,1.45,-0.16,-0.78,1.45,-0.16,-0.85,1.09,0.11,0.32219,-0.06295,-0.14687,-0.93309,-0.86,1.06,0.06,0.32219,-0.06295,-0.14687,-0.93309,-0.82,1.07,0.09,0.39931,-0.17123,0.54435,-0.71758,-0.8,1.09,0.11,0.15392,0.01021,0.49534,-0.8549,-0.8,1.09,0.14,0.03155,0.03375,0.56451,-0.82413,-0.8,1.1,0.16,0.03155,0.03375,0.56451,-0.82413,-0.83,1.08,0.09,0.32219,-0.06295,-0.14687,-0.93309,-0.83,1.12,0.13,-0.02365,-0.10412,-0.0713,-0.99172,-0.82,1.12,0.17,-0.41923,-0.12692,-0.04952,-0.8976,-0.82,1.1,0.18,-0.56666,-0.10566,-0.03325,-0.81647,-0.81,1.08,0.19,-0.56666,-0.10566,-0.03325,-0.81647,-0.85,1.07,0.09,0.32219,-0.06295,-0.14687,-0.93309,-0.85,1.11,0.13,0.0243,-0.09403,-0.13675,-0.98583,-0.84,1.12,0.17,-0.38674,-0.14315,-0.0983,-0.90569,-0.83,1.1,0.19,-0.56781,-0.14298,-0.12708,-0.80062,-0.83,1.08,0.2,-0.56781,-0.14298,-0.12708,-0.80062,-0.87,1.07,0.09,0.32219,-0.06295,-0.14687,-0.93309,-0.87,1.1,0.13,0.10492,-0.06758,-0.20175,-0.97145,-0.86,1.11,0.17,-0.34781,-0.16825,-0.18769,-0.90304,-0.85,1.1,0.19,-0.57151,-0.23258,-0.16188,-0.77011,-0.84,1.08,0.2,-0.57151,-0.23258,-0.16188,-0.77011,-0.87,1.07,0.09,0.26116,0.00062,-0.37942,-0.8876,-0.88,1.09,0.13,0.1536,-0.05233,-0.28649,-0.94424,-0.88,1.1,0.16,-0.29309,-0.16609,-0.30511,-0.89074,-0.87,1.09,0.18,-0.50015,-0.28228,-0.26333,-0.77513,-0.86,1.08,0.19,-0.50015,-0.28228,-0.26333,-0.77513,-0.72,1.09,0.13,-0.17778,-0.15093,-0.02347,0.97214,-0.69,1.07,0.08,-0.17778,-0.15093,-0.02347,0.97214,-0.73,1.07,0.1,-0.38957,-0.28972,0.51988,0.70287,-0.76,1.08,0.12,-0.26959,-0.19057,0.47892,0.81341,-0.78,1.08,0.14,-0.27481,-0.23019,0.55552,0.75026,-0.79,1.09,0.16,-0.27481,-0.23019,0.55552,0.75026,-0.72,1.07,0.1,-0.17778,-0.15093,-0.02347,0.97214,-0.74,1.1,0.15,0.07541,-0.27283,0.10816,0.95298,-0.76,1.09,0.19,0.27123,-0.24183,0.13548,0.92173,-0.77,1.08,0.2,0.34808,-0.20233,0.14637,0.90359,-0.78,1.06,0.22,0.34808,-0.20233,0.14637,0.90359,-0.71,1.08,0.11,-0.17778,-0.15093,-0.02347,0.97214,-0.72,1.1,0.16,-0.09592,-0.13148,-0.02431,0.98637,-0.73,1.11,0.2,0.37553,-0.13028,0.027,0.91721,-0.74,1.09,0.22,0.63528,-0.10119,-0.0053,0.76561,-0.74,1.07,0.22,0.63528,-0.10119,-0.0053,0.76561,-0.69,1.08,0.11,-0.17778,-0.15093,-0.02347,0.97214,-0.7,1.1,0.16,-0.14271,-0.0718,-0.08561,0.98344,-0.71,1.11,0.2,0.45383,-0.13064,-0.06705,0.87891,-0.72,1.09,0.21,0.75215,-0.16159,-0.04528,0.63727,-0.72,1.06,0.21,0.75215,-0.16159,-0.04528,0.63727,-0.68,1.07,0.12,-0.11976,-0.04691,-0.24617,0.96065,-0.68,1.09,0.16,-0.18498,0.00721,-0.15645,0.97018,-0.68,1.1,0.19,0.37798,-0.08066,-0.21493,0.8969,-0.69,1.08,0.2,0.70502,-0.20293,-0.177,0.65608,-0.7,1.07,0.2,0.70502,-0.20293,-0.177,0.65608,-0.81,1.08,0.19
-0.78,1.45,-0.16,-0.78,1.45,-0.16,-0.85,1.09,0.11,0.32389,-0.06388,-0.1512,-0.93175,-0.86,1.06,0.06,0.32389,-0.06388,-0.1512,-0.93175,-0.82,1.07,0.09,0.40513,-0.16683,0.53857,-0.71971,-0.8,1.09,0.11,0.15846,0.01235,0.4881,-0.85819,-0.8,1.1,0.14,0.03574,0.03535,0.55759,-0.82859,-0.8,1.1,0.16,0.03574,0.03535,0.55759,-0.82859,-0.83,1.08,0.09,0.32389,-0.06388,-0.1512,-0.93175,-0.83,1.12,0.13,-0.02765,-0.1074,-0.07382,-0.99109,-0.82,1.11,0.17,-0.41568,-0.13042,-0.05156,-0.89863,-0.82,1.1,0.18,-0.56021,-0.1093,-0.03528,-0.82035,-0.81,1.08,0.19,-0.56021,-0.1093,-0.03528,-0.82035,-0.85,1.07,0.09,0.32389,-0.06388,-0.1512,-0.93175,-0.85,1.11,0.13,0.01963,-0.09807,-0.13933,-0.98518,-0.84,1.12,0.18,-0.38324,-0.14701,-0.10018,-0.90636,-0.83,1.1,0.19,-0.56093,-0.14701,-0.12847,-0.80452,-0.83,1.08,0.2,-0.56093,-0.14701,-0.12847,-0.80452,-0.87,1.07,0.09,0.32389,-0.06388,-0.1512,-0.93175,-0.87,1.1,0.13,0.10301,-0.07105,-0.2051,-0.97071,-0.87,1.11,0.17,-0.34538,-0.17199,-0.18975,-0.90285,-0.85,1.1,0.19,-0.56698,-0.23643,-0.16328,-0.772,-0.84,1.08,0.2,-0.56698,-0.23643,-0.16328,-0.772,-0.87,1.07,0.1,0.26203,-0.0009,-0.38355,-0.88557,-0.88,1.09,0.13,0.15597,-0.05503,-0.2901,-0.9426,-0.88,1.1,0.16,-0.29071,-0.17038,-0.30703,-0.89005,-0.87,1.09,0.18,-0.4978,-0.28695,-0.26389,-0.77474,-0.86,1.08,0.19,-0.4978,-0.28695,-0.26389,-0.77474,-0.71,1.1,0.13,-0.27424,-0.13907,-0.07316,0.94874,-0.69,1.07,0.08,-0.27424,-0.13907,-0.07316,0.94874,-0.73,1.08,0.1,-0.45583,-0.20418,0.5156,0.69619,-0.76,1.09,0.12,-0.33817,-0.11061,0.45822,0.81452,-0.77,1.1,0.14,-0.33465,-0.14251,0.54168,0.75781,-0.79,1.11,0.16,-0.33465,-0.14251,0.54168,0.75781,-0.72,1.08,0.1,-0.27424,-0.13907,-0.07316,0.94874,-0.74,1.11,0.15,-0.02464,-0.22839,0.04951,0.972,-0.75,1.12,0.18,0.29862,-0.20201,0.09568,0.92783,-0.76,1.1,0.2,0.41806,-0.16071,0.1125,0.88699,-0.77,1.09,0.21,0.41806,-0.16071,0.1125,0.88699,-0.7,1.08,0.11,-0.27424,-0.13907,-0.07316,0.94874,-0.72,1.12,0.15,-0.12747,-0.12494,-0.06996,0.98145,-0.73,1.13,0.19,0.39823,-0.14678,-0.00798,0.90543,-0.73,1.11,0.21,0.67773,-0.12438,-0.03162,0.72403,-0.74,1.09,0.21,0.67773,-0.12438,-0.03162,0.72403,-0.69,1.08,0.11,-0.27424,-0.13907,-0.07316,0.94874,-0.7,1.11,0.15,-0.14968,-0.08335,-0.13452,0.97599,-0.7,1.12,0.19,0.47461,-0.17159,-0.0944,0.85813,-0.71,1.1,0.2,0.77981,-0.2086,-0.05102,0.58804,-0.72,1.08,0.2,0.77981,-0.2086,-0.05102,0.58804,-0.68,1.08,0.11,-0.20904,-0.0596,-0.30319,0.92781,-0.68,1.1,0.15,-0.19245,-0.03398,-0.21861,0.95604,-0.68,1.11,0.18,0.41127,-0.16065,-0.23753,0.86523,-0.69,1.1,0.19,0.73051,-0.28568,-0.16206,0.59873,-0.7,1.08,0.19,0.73051,-0.28568,-0.16206,0.59873,-0.81,1.08,0.19
-0.78,1.45,-0.16,-0.78,1.45,-0.16,-0.85,1.09,0.11,0.33041,-0.06837,-0.15218,-0.92898,-0.86,1.06,0.06,0.33041,-0.06837,-0.15218,-0.92898,-0.82,1.07,0.09,0.4127,-0.1634,0.53803,-0.71659,-0.8,1.09,0.11,0.1674,0.01436,0.48641,-0.85743,-0.8,1.1,0.14,0.04673,0.03646,0.55636,-0.82882,-0.8,1.1,0.16,0.04673,0.03646,0.55636,-0.82882,-0.83,1.08,0.09,0.33041,-0.06837,-0.15218,-0.92898,-0.83,1.12,0.13,-0.02575,-0.11337,-0.07135,-0.99065,-0.82,1.12,0.17,-0.41068,-0.13481,-0.04743,-0.90051,-0.82,1.1,0.18,-0.55339,-0.11289,-0.03098,-0.82466,-0.81,1.08,0.19,-0.55339,-0.11289,-0.03098,-0.82466,-0.85,1.07,0.09,0.33041,-0.06837,-0.15218,-0.92898,-0.85,1.11,0.13,0.02005,-0.10497,-0.1373,-0.98475,-0.84,1.12,0.18,-0.37768,-0.15197,-0.09636,-0.90828,-0.83,1.1,0.19,-0.55415,-0.1513,-0.12402,-0.8091,-0.83,1.08,0.2,-0.55415,-0.1513,-0.12402,-0.8091,-0.87,1.07,0.09,0.33041,-0.06837,-0.15218,-0.92898,-0.87,1.1,0.14,0.10309,-0.07839,-0.20417,-0.97033,-0.86,1.11,0.17,-0.34247,-0.17754,-0.18611,-0.90363,-0.85,1.1,0.19,-0.5638,-0.24079,-0.15842,-0.77398,-0.84,1.08,0.2,-0.5638,-0.24079,-0.15842,-0.77398,-0.87,1.07,0.1,0.26733,-0.00701,-0.38476,-0.88343,-0.88,1.09,0.14,0.162,-0.06206,-0.28998,-0.94118,-0.88,1.1,0.16,-0.28668,-0.17754,-0.30359,-0.89114,-0.87,1.09,0.18,-0.49585,-0.29345,-0.25802,-0.77553,-0.86,1.08,0.19,-0.49585,-0.29345,-0.25802,-0.77553,-0.71,1.1,0.13,-0.3378,-0.14158,-0.08345,0.92676,-0.69,1.06,0.08,-0.3378,-0.14158,-0.08345,0.92676,-0.73,1.07,0.1,-0.49407,-0.16535,0.52677,0.67162,-0.75,1.08,0.12,-0.37223,-0.06806,0.46422,0.80082,-0.77,1.1,0.14,-0.34655,-0.08446,0.5502,0.75502,-0.78,1.11,0.16,-0.34655,-0.08446,0.5502,0.75502,-0.72,1.07,0.1,-0.3378,-0.14158,-0.08345,0.92676,-0.73,1.11,0.14,-0.08657,-0.17356,0.01046,0.98095,-0.75,1.12,0.18,0.34318,-0.15918,0.05854,0.92383,-0.75,1.1,0.19,0.5159,-0.11833,0.07996,0.84466,-0.75,1.09,0.2,0.5159,-0.11833,0.07996,0.84466,-0.7,1.07,0.1,-0.3378,-0.14158,-0.08345,0.92676,-0.71,1.12,0.15,-0.17423,-0.12104,-0.08417,0.97361,-0.72,1.13,0.18,0.37106,-0.15173,-0.0192,0.91593,-0.73,1.11,0.2,0.66017,-0.13463,-0.04065,0.73783,-0.73,1.09,0.21,0.66017,-0.13463,-0.04065,0.73783,-0.68,1.07,0.11,-0.3378,-0.14158,-0.08345,0.92676,-0.69,1.11,0.15,-0.20108,-0.0946,-0.14695,0.96386,-0.7,1.12,0.18,0.42762,-0.19008,-0.09583,0.87854,-0.71,1.11,0.2,0.74362,-0.2278,-0.04453,0.62703,-0.72,1.08,0.19,0.74362,-0.2278,-0.04453,0.62703,-0.68,1.07,0.11,-0.26902,-0.07846,-0.31747,0.90592,-0.68,1.09,0.15,-0.2498,-0.06608,-0.23026,0.93819,-0.68,1.11,0.18,0.37178,-0.20168,-0.22466,0.87785,-0.69,1.1,0.19,0.69831,-0.31733,-0.13222,0.62784,-0.7,1.08,0.19,0.69831,-0.31733,-0.13222,0.62784,-0.81,1.08,0.19
-0.78,1.45,-0.16,-0.78,1.45,-0.16,-0.85,1.09,0.11,0.33214,-0.07219,-0.15213,-0.92808,-0.86,1.06,0.06,0.33214,-0.07219,-0.15213,-0.92808,-0.82,1.07,0.09,0.41591,-0.16435,0.53798,-0.71455,-0.8,1.09,0.11,0.17162,0.01276,0.48667,-0.85647,-0.8,1.1,0.14,0.05239,0.03444,0.55709,-0.82808,-0.8,1.1,0.16,0.05239,0.03444,0.55709,-0.82808,-0.83,1.08,0.09,0.33214,-0.07219,-0.15213,-0.92808,-0.83,1.12,0.13,-0.02472,-0.11897,-0.0681,-0.99025,-0.82,1.12,0.17,-0.4114,-0.13883,-0.04199,-0.89984,-0.81,1.1,0.18,-0.55435,-0.11599,-0.02487,-0.82379,-0.81,1.08,0.19,-0.55435,-0.11599,-0.02487,-0.82379,-0.85,1.07,0.09,0.33214,-0.07219,-0.15213,-0.92808,-0.85,1.12,0.13,0.02097,-0.1099,-0.13513,-0.98449,-0.84,1.12,0.17,-0.37754,-0.1557,-0.09227,-0.90814,-0.83,1.1,0.19,-0.555,-0.15423,-0.11922,-0.80869,-0.82,1.08,0.2,-0.555,-0.15423,-0.11922,-0.80869,-0.87,1.07,0.09,0.33214,-0.07219,-0.15213,-0.92808,-0.87,1.1,0.14,0.10253,-0.08344,-0.20268,-0.97028,-0.86,1.11,0.17,-0.34435,-0.18157,-0.18232,-0.90289,-0.85,1.1,0.19,-0.56696,-0.24383,-0.15344,-0.77172,-0.84,1.08,0.2,-0.56696,-0.24383,-0.15344,-0.77172,-0.87,1.07,0.1,0.26823,-0.01118,-0.3847,-0.88314,-0.88,1.09,0.14,0.16305,-0.06674,-0.28914,-0.94094,-0.88,1.1,0.16,-0.2916,-0.18322,-0.29986,-0.88965,-0.87,1.09,0.18,-0.5053,-0.29932,-0.25151,-0.7693,-0.86,1.08,0.19,-0.5053,-0.29932,-0.25151,-0.7693,-0.71,1.09,0.13,-0.32437,-0.1584,-0.08215,0.92895,-0.69,1.05,0.08,-0.32437,-0.1584,-0.08215,0.92895,-0.73,1.06,0.1,-0.47708,-0.19287,0.54125,0.66502,-0.75,1.08,0.12,-0.33649,-0.07905,0.48829,0.80131,-0.77,1.09,0.14,-0.2838,-0.07927,0.57293,0.7648,-0.78,1.1,0.16,-0.2838,-0.07927,0.57293,0.7648,-0.72,1.07,0.1,-0.32437,-0.1584,-0.08215,0.92895,-0.74,1.11,0.14,-0.07774,-0.17395,0.00463,0.98167,-0.75,1.11,0.18,0.35717,-0.16146,0.05438,0.91837,-0.75,1.1,0.19,0.5415,-0.12023,0.07887,0.82831,-0.76,1.08,0.2,0.5415,-0.12023,0.07887,0.82831,-0.7,1.07,0.11,-0.32437,-0.1584,-0.08215,0.92895,-0.71,1.11,0.15,-0.16744,-0.13168,-0.08301,0.97352,-0.72,1.12,0.18,0.3436,-0.15951,-0.0183,0.92529,-0.73,1.11,0.2,0.60093,-0.14481,-0.04082,0.78502,-0.74,1.09,0.21,0.60093,-0.14481,-0.04082,0.78502,-0.69,1.07,0.11,-0.32437,-0.1584,-0.08215,0.92895,-0.7,1.1,0.15,-0.20002,-0.10812,-0.14419,0.96307,-0.7,1.12,0.18,0.37785,-0.19444,-0.09546,0.90017,-0.71,1.1,0.2,0.66535,-0.23374,-0.05215,0.70708,-0.72,1.08,0.2,0.66535,-0.23374,-0.05215,0.70708,-0.68,1.07,0.11,-0.25267,-0.09163,-0.31447,0.91043,-0.68,1.09,0.15,-0.26481,-0.07502,-0.22704,0.93418,-0.68,1.1,0.18,0.33991,-0.20404,-0.21994,0.89132,-0.69,1.09,0.19,0.64484,-0.31344,-0.13827,0.68324,-0.7,1.08,0.19,0.64484,-0.31344,-0.13827,0.68324,-0.81,1.08,0.19
-0.78,1.45,-0.16,-0.78,1.45,-0.16,-0.85,1.09,0.11,0.33692,-0.07018,-0.15265,-0.92642,-0.86,1.06,0.06,0.33692,-0.07018,-0.15265,-0.92642,-0.82,1.07,0.09,0.419,-0.1578,0.53777,-0.71438,-0.8,1.09,0.11,0.17728,0.01736,0.48416,-0.85666,-0.8,1.1,0.14,0.05979,0.0378,0.55469,-0.82905,-0.8,1.1,0.16,0.05979,0.0378,0.55469,-0.82905,-0.84,1.08,0.09,0.33692,-0.07018,-0.15265,-0.92642,-0.83,1.12,0.13,-0.01831,-0.1174,-0.06919,-0.9905,-0.82,1.12,0.17,-0.40846,-0.13811,-0.04314,-0.90124,-0.82,1.1,0.18,-0.5529,-0.11554,-0.02602,-0.82479,-0.81,1.08,0.19,-0.5529,-0.11554,-0.02602,-0.82479,-0.85,1.07,0.09,0.33692,-0.07018,-0.15265,-0.92642,-0.85,1.12,0.13,0.02507,-0.10947,-0.13537,-0.98441,-0.84,1.12,0.17,-0.37439,-0.15552,-0.09255,-0.90944,-0.83,1.1,0.19,-0.55295,-0.15438,-0.11951,-0.81002,-0.83,1.08,0.2,-0.55295,-0.15438,-0.11951,-0.81002,-0.87,1.07,0.09,0.33692,-0.07018,-0.15265,-0.92642,-0.87,1.1,0.13,0.10702,-0.08312,-0.20311,-0.96974,-0.86,1.11,0.17,-0.34134,-0.18191,-0.18254,-0.90392,-0.85,1.1,0.19,-0.56546,-0.24445,-0.15322,-0.77267,-0.84,1.08,0.2,-0.56546,-0.24445,-0.15322,-0.77267,-0.88,1.07,0.1,0.27324,-0.01047,-0.38557,-0.88123,-0.88,1.09,0.14,0.16854,-0.06634,-0.28977,-0.9398,-0.88,1.1,0.16,-0.29015,-0.18485,-0.29999,-0.88974,-0.87,1.09,0.18,-0.50693,-0.3018,-0.2501,-0.76771,-0.86,1.08,0.19,-0.50693,-0.3018,-0.2501,-0.76771,-0.71,1.09,0.12,-0.31688,-0.18087,-0.10654,0.92494,-0.69,1.06,0.07,-0.31688,-0.18087,-0.10654,0.92494,-0.73,1.07,0.09,-0.47697,-0.21565,0.5315,0.66596,-0.75,1.08,0.11,-0.32342,-0.0966,0.48553,0.80643,-0.77,1.09,0.13,-0.27306,-0.09878,0.57046,0.76828,-0.78,1.1,0.15,-0.27306,-0.09878,0.57046,0.76828,-0.72,1.07,0.1,-0.31688,-0.18087,-0.10654,0.92494,-0.73,1.11,0.13,-0.05782,-0.22083,0.00261,0.97359,-0.75,1.11,0.17,0.36434,-0.20475,0.07093,0.90571,-0.76,1.1,0.18,0.54169,-0.15979,0.10341,0.81874,-0.76,1.08,0.19,0.54169,-0.15979,0.10341,0.81874,-0.7,1.07,0.1,-0.31688,-0.18087,-0.10654,0.92494,-0.71,1.11,0.14,-0.16262,-0.16125,-0.10185,0.96808,-0.72,1.13,0.18,0.27416,-0.19243,-0.03442,0.94161,-0.74,1.11,0.2,0.49729,-0.18591,-0.05267,0.8458,-0.74,1.09,0.21,0.49729,-0.18591,-0.05267,0.8458,-0.68,1.07,0.11,-0.31688,-0.18087,-0.10654,0.92494,-0.7,1.1,0.15,-0.22906,-0.12531,-0.1709,0.95006,-0.7,1.12,0.18,0.28092,-0.21698,-0.12121,0.92699,-0.71,1.11,0.2,0.54427,-0.26513,-0.07638,0.79224,-0.73,1.09,0.21,0.54427,-0.26513,-0.07638,0.79224,-0.68,1.07,0.11,-0.23742,-0.11284,-0.33579,0.90451,-0.68,1.09,0.15,-0.33496,-0.04639,-0.25653,0.90545,-0.68,1.11,0.17,0.20717,-0.18853,-0.26854,0.92164,-0.69,1.1,0.19,0.49111,-0.31026,-0.19737,0.78968,-0.7,1.09,0.2,0.49111,-0.31026,-0.19737,0.78968,-0.81,1.08,0.19
-0.78,1.45,-0.16,-0.78,1.45,-0.16,-0.85,1.09,0.11,0.3373,-0.06912,-0.15287,-0.92633,-0.86,1.06,0.06,0.3373,-0.06912,-0.15287,-0.92633,-0.82,1.07,0.09,0.41857,-0.15555,0.53791,-0.71503,-0.8,1.09,0.11,0.17815,0.01883,0.48347,-0.85683,-0.8,1.1,0.14,0.06138,0.0387,0.55402,-0.82933,-0.8,1.1,0.16,0.06138,0.0387,0.55402,-0.82933,-0.84,1.08,0.09,0.3373,-0.06912,-0.15287,-0.92633,-0.83,1.12,0.13,-0.01784,-0.11656,-0.06973,-0.99057,-0.82,1.12,0.17,-0.40907,-0.13761,-0.04381,-0.901,-0.82,1.1,0.18,-0.55374,-0.11517,-0.02669,-0.82425,-0.81,1.08,0.19,-0.55374,-0.11517,-0.02669,-0.82425,-0.85,1.07,0.09,0.3373,-0.06912,-0.15287,-0.92633,-0.85,1.12,0.13,0.02452,-0.10919,-0.13544,-0.98445,-0.84,1.12,0.17,-0.37506,-0.1553,-0.0927,-0.90918,-0.83,1.1,0.19,-0.55344,-0.15413,-0.1197,-0.8097,-0.83,1.08,0.2,-0.55344,-0.15413,-0.1197,-0.8097,-0.87,1.07,0.09,0.3373,-0.06912,-0.15287,-0.92633,-0.87,1.1,0.13,0.10731,-0.08267,-0.2033,-0.9697,-0.87,1.11,0.17,-0.34105,-0.1816,-0.18291,-0.90402,-0.85,1.1,0.19,-0.56501,-0.24423,-0.1537,-0.77297,-0.84,1.08,0.2,-0.56501,-0.24423,-0.1537,-0.77297,-0.88,1.07,0.1,0.27379,-0.00954,-0.38584,-0.88095,-0.88,1.09,0.13,0.16961,-0.06568,-0.28999,-0.93959,-0.88,1.1,0.16,-0.28949,-0.18458,-0.30042,-0.88987,-0.87,1.09,0.18,-0.50626,-0.30165,-0.25058,-0.76806,-0.86,1.08,0.19,-0.50626,-0.30165,-0.25058,-0.76806,-0.71,1.09,0.12,-0.30798,-0.18673,-0.11186,0.92616,-0.68,1.06,0.07,-0.30798,-0.18673,-0.11186,0.92616,-0.73,1.07,0.09,-0.47269,-0.22847,0.52776,0.66771,-0.75,1.08,0.1,-0.31469,-0.10755,0.48544,0.80855,-0.77,1.09,0.13,-0.26692,-0.11172,0.57032,0.76877,-0.78,1.1,0.15,-0.26692,-0.11172,0.57032,0.76877,-0.71,1.07,0.09,-0.30798,-0.18673,-0.11186,0.92616,-0.73,1.11,0.13,-0.0296,-0.24753,0.01767,0.96827,-0.75,1.11,0.16,0.38405,-0.2223,0.09476,0.89113,-0.76,1.1,0.18,0.55658,-0.17232,0.13069,0.80215,-0.76,1.07,0.19,0.55658,-0.17232,0.13069,0.80215,-0.7,1.07,0.1,-0.30798,-0.18673,-0.11186,0.92616,-0.71,1.11,0.14,-0.15604,-0.17079,-0.10473,0.96722,-0.73,1.13,0.17,0.24428,-0.20083,-0.04041,0.94782,-0.74,1.11,0.2,0.45366,-0.19722,-0.05878,0.86709,-0.75,1.1,0.21,0.45366,-0.19722,-0.05878,0.86709,-0.68,1.07,0.1,-0.30798,-0.18673,-0.11186,0.92616,-0.7,1.1,0.14,-0.23618,-0.12626,-0.17802,0.94688,-0.7,1.12,0.17,0.24488,-0.21788,-0.13265,0.93539,-0.71,1.11,0.2,0.50111,-0.26966,-0.08886,0.81748,-0.73,1.09,0.2,0.50111,-0.26966,-0.08886,0.81748,-0.68,1.07,0.11,-0.22682,-0.1166,-0.33983,0.90525,-0.68,1.09,0.15,-0.34028,-0.02091,-0.26316,0.90251,-0.67,1.11,0.17,0.16742,-0.16146,-0.29178,0.92777,-0.68,1.1,0.19,0.44098,-0.28933,-0.23069,0.81768,-0.7,1.09,0.2,0.44098,-0.28933,-0.23069,0.81768,-0.81,1.08,0.19
-0.78,1.45,-0.16,-0.78,1.45,-0.16,-0.85,1.09,0.11,0.33764,-0.06597,-0.15131,-0.92669,-0.86,1.06,0.06,0.33764,-0.06597,-0.15131,-0.92669,-0.82,1.07,0.09,0.413,-0.15089,0.54274,-0.71561,-0.8,1.09,0.11,0.1771,0.023,0.48658,-0.85519,-0.8,1.1,0.14,0.06091,0.04256,0.55661,-0.82745,-0.8,1.1,0.17,0.06091,0.04256,0.55661,-0.82745,-0.84,1.08,0.09,0.33764,-0.06597,-0.15131,-0.92669,-0.83,1.12,0.13,-0.01783,-0.11376,-0.06883,-0.99096,-0.82,1.12,0.17,-0.40886,-0.13467,-0.04413,-0.90153,-0.82,1.1,0.18,-0.55251,-0.11226,-0.02767,-0.82545,-0.81,1.08,0.19,-0.55251,-0.11226,-0.02767,-0.82545,-0.85,1.07,0.09,0.33764,-0.06597,-0.15131,-0.92669,-0.85,1.12,0.13,0.02383,-0.10694,-0.13405,-0.9849,-0.84,1.12,0.17,-0.37516,-0.1526,-0.09246,-0.90963,-0.84,1.1,0.19,-0.5513,-0.15127,-0.1202,-0.81163,-0.83,1.08,0.2,-0.5513,-0.15127,-0.1202,-0.81163,-0.87,1.07,0.09,0.33764,-0.06597,-0.15131,-0.92669,-0.87,1.1,0.13,0.10858,-0.07996,-0.20211,-0.97004,-0.87,1.11,0.17,-0.33786,-0.1783,-0.18343,-0.90577,-0.85,1.1,0.19,-0.55951,-0.2409,-0.15565,-0.77762,-0.84,1.08,0.2,-0.55951,-0.2409,-0.15565,-0.77762,-0.88,1.07,0.1,0.27499,-0.00648,-0.38451,-0.88119,-0.88,1.09,0.13,0.17419,-0.06153,-0.28895,-0.93935,-0.88,1.1,0.16,-0.28262,-0.18001,-0.30184,-0.89253,-0.87,1.09,0.18,-0.49674,-0.29671,-0.25405,-0.77503,-0.86,1.08,0.19,-0.49674,-0.29671,-0.25405,-0.77503,-0.7,1.09,0.11,-0.28725,-0.17547,-0.12751,0.93297,-0.68,1.06,0.06,-0.28725,-0.17547,-0.12751,0.93297,-0.72,1.07,0.09,-0.45822,-0.23849,0.5118,0.68645,-0.75,1.08,0.1,-0.29851,-0.121,0.47061,0.82144,-0.77,1.09,0.13,-0.27075,-0.14009,0.55455,0.7743,-0.78,1.1,0.15,-0.27075,-0.14009,0.55455,0.7743,-0.71,1.07,0.09,-0.28725,-0.17547,-0.12751,0.93297,-0.73,1.11,0.13,0.04954,-0.27061,0.03701,0.9607,-0.75,1.11,0.16,0.44593,-0.23417,0.11975,0.85555,-0.76,1.09,0.17,0.60535,-0.17951,0.15839,0.75911,-0.76,1.07,0.18,0.60535,-0.17951,0.15839,0.75911,-0.7,1.07,0.09,-0.28725,-0.17547,-0.12751,0.93297,-0.71,1.11,0.14,-0.09537,-0.17906,-0.10809,0.97322,-0.72,1.12,0.18,0.26318,-0.20713,-0.04894,0.94098,-0.73,1.11,0.2,0.44595,-0.20329,-0.06887,0.86894,-0.74,1.09,0.21,0.44595,-0.20329,-0.06887,0.86894,-0.68,1.07,0.1,-0.28725,-0.17547,-0.12751,0.93297,-0.69,1.1,0.14,-0.18914,-0.11775,-0.18986,0.9562,-0.7,1.12,0.18,0.24941,-0.20781,-0.15644,0.93281,-0.71,1.11,0.2,0.48393,-0.26476,-0.11941,0.8255,-0.72,1.09,0.21,0.48393,-0.26476,-0.11941,0.8255,-0.67,1.07,0.1,-0.20677,-0.10073,-0.35369,0.90664,-0.68,1.09,0.14,-0.30494,0.02136,-0.27641,0.91113,-0.67,1.1,0.17,0.15511,-0.11373,-0.32831,0.92478,-0.68,1.1,0.19,0.38955,-0.2439,-0.28931,0.83968,-0.69,1.09,0.2,0.38955,-0.2439,-0.28931,0.83968,-0.81,1.08,0.19
-0.78,1.45,-0.16,-0.78,1.45,-0.16,-0.85,1.09,0.11,0.33845,-0.06587,-0.14906,-0.92676,-0.86,1.06,0.06,0.33845,-0.06587,-0.14906,-0.92676,-0.82,1.07,0.09,0.40973,-0.15135,0.54741,-0.71383,-0.8,1.09,0.11,0.17548,0.02376,0.49139,-0.85275,-0.8,1.1,0.14,0.05843,0.04435,0.5609,-0.82463,-0.8,1.1,0.17,0.05843,0.04435,0.5609,-0.82463,-0.84,1.08,0.09,0.33845,-0.06587,-0.14906,-0.92676,-0.83,1.12,0.13,-0.01702,-0.11336,-0.06632,-0.99119,-0.82,1.12,0.17,-0.40721,-0.13329,-0.04214,-0.90257,-0.82,1.1,0.18,-0.55029,-0.11055,-0.02609,-0.82721,-0.81,1.08,0.19,-0.55029,-0.11055,-0.02609,-0.82721,-0.85,1.07,0.09,0.33845,-0.06587,-0.14906,-0.92676,-0.85,1.12,0.13,0.02599,-0.10624,-0.1319,-0.98521,-0.84,1.12,0.17,-0.373,-0.1511,-0.09082,-0.91093,-0.84,1.1,0.19,-0.54876,-0.14958,-0.11901,-0.81384,-0.83,1.08,0.2,-0.54876,-0.14958,-0.11901,-0.81384,-0.87,1.07,0.09,0.33845,-0.06587,-0.14906,-0.92676,-0.87,1.1,0.13,0.11149,-0.07922,-0.20004,-0.9702,-0.87,1.11,0.17,-0.33519,-0.17681,-0.18191,-0.90736,-0.85,1.1,0.19,-0.55685,-0.23908,-0.15463,-0.78029,-0.84,1.08,0.2,-0.55685,-0.23908,-0.15463,-0.78029,-0.88,1.07,0.1,0.27611,-0.0065,-0.38246,-0.88173,-0.88,1.09,0.13,0.1779,-0.06038,-0.28687,-0.93937,-0.88,1.1,0.16,-0.27865,-0.17815,-0.30068,-0.89455,-0.87,1.09,0.18,-0.49317,-0.2946,-0.25335,-0.77834,-0.86,1.08,0.19,-0.49317,-0.2946,-0.25335,-0.77834,-0.7,1.09,0.11,-0.29793,-0.1717,-0.13904,0.92867,-0.68,1.06,0.06,-0.29793,-0.1717,-0.13904,0.92867,-0.72,1.07,0.09,-0.47115,-0.2284,0.49941,0.69025,-0.75,1.09,0.1,-0.31102,-0.11518,0.45527,0.82628,-0.77,1.1,0.13,-0.2897,-0.1377,0.53982,0.77827,-0.78,1.11,0.15,-0.2897,-0.1377,0.53982,0.77827,-0.71,1.08,0.09,-0.29793,-0.1717,-0.13904,0.92867,-0.73,1.11,0.13,0.04289,-0.26822,0.02584,0.96206,-0.75,1.11,0.16,0.45662,-0.23465,0.11311,0.85067,-0.76,1.09,0.17,0.61732,-0.18077,0.15291,0.75024,-0.76,1.07,0.18,0.61732,-0.18077,0.15291,0.75024,-0.7,1.07,0.09,-0.29793,-0.1717,-0.13904,0.92867,-0.71,1.11,0.14,-0.03583,-0.19556,-0.10084,0.97483,-0.72,1.12,0.17,0.3419,-0.21996,-0.03097,0.91311,-0.74,1.1,0.19,0.53253,-0.20742,-0.04568,0.81933,-0.75,1.08,0.2,0.53253,-0.20742,-0.04568,0.81933,-0.68,1.07,0.1,-0.29793,-0.1717,-0.13904,0.92867,-0.69,1.1,0.14,-0.12142,-0.13721,-0.1892,0.96469,-0.7,1.12,0.18,0.33195,-0.22495,-0.14469,0.90459,-0.71,1.1,0.19,0.56508,-0.27663,-0.10328,0.77039,-0.73,1.08,0.2,0.56508,-0.27663,-0.10328,0.77039,-0.68,1.07,0.1,-0.21634,-0.10011,-0.36553,0.89976,-0.68,1.09,0.14,-0.28495,0.01068,-0.29089,0.91328,-0.67,1.11,0.17,0.19635,-0.13595,-0.33382,0.91188,-0.68,1.1,0.19,0.4304,-0.2679,-0.28897,0.81209,-0.69,1.09,0.2,0.4304,-0.2679,-0.28897,0.81209,-0.81,1.08,0.19
-0.78,1.45,-0.16,-0.78,1.45,-0.16,-0.85,1.1,0.11,0.34267,-0.06578,-0.15002,-0.92506,-0.86,1.06,0.06,0.34267,-0.06578,-0.15002,-0.92506,-0.82,1.07,0.09,0.41157,-0.14848,0.54835,-0.71265,-0.8,1.09,0.11,0.18026,0.02516,0.49132,-0.85175,-0.8,1.1,0.14,0.06119,0.04749,0.56057,-0.82448,-0.8,1.1,0.17,0.06119,0.04749,0.56057,-0.82448,-0.84,1.08,0.09,0.34267,-0.06578,-0.15002,-0.92506,-0.83,1.12,0.13,-0.01226,-0.11369,-0.06705,-0.99118,-0.82,1.12,0.17,-0.40345,-0.13404,-0.04257,-0.90413,-0.82,1.1,0.18,-0.54701,-0.11139,-0.02648,-0.82926,-0.81,1.08,0.19,-0.54701,-0.11139,-0.02648,-0.82926,-0.85,1.07,0.09,0.34267,-0.06578,-0.15002,-0.92506,-0.85,1.12,0.13,0.032,-0.10697,-0.13255,-0.98487,-0.85,1.12,0.17,-0.36734,-0.1521,-0.09111,-0.91303,-0.84,1.1,0.19,-0.54431,-0.15103,-0.11913,-0.81653,-0.83,1.08,0.2,-0.54431,-0.15103,-0.11913,-0.81653,-0.87,1.07,0.09,0.34267,-0.06578,-0.15002,-0.92506,-0.87,1.11,0.13,0.11843,-0.08032,-0.20063,-0.96916,-0.87,1.12,0.17,-0.33009,-0.17862,-0.18156,-0.90894,-0.85,1.1,0.19,-0.55366,-0.24104,-0.15341,-0.78219,-0.84,1.08,0.2,-0.55366,-0.24104,-0.15341,-0.78219,-0.88,1.07,0.1,0.28011,-0.00755,-0.38363,-0.87995,-0.88,1.09,0.13,0.18533,-0.06174,-0.28733,-0.9377,-0.88,1.1,0.16,-0.27348,-0.18081,-0.30018,-0.89577,-0.87,1.09,0.18,-0.49216,-0.29811,-0.25072,-0.77849,-0.86,1.08,0.19,-0.49216,-0.29811,-0.25072,-0.77849,-0.7,1.1,0.11,-0.33022,-0.16676,-0.1363,0.919,-0.68,1.06,0.07,-0.33022,-0.16676,-0.1363,0.919,-0.72,1.07,0.09,-0.49019,-0.20698,0.5068,0.67826,-0.75,1.09,0.1,-0.33334,-0.09436,0.4579,0.81872,-0.76,1.1,0.13,-0.29978,-0.1079,0.54373,0.77644,-0.78,1.11,0.15,-0.29978,-0.1079,0.54373,0.77644,-0.71,1.08,0.09,-0.33022,-0.16676,-0.1363,0.919,-0.73,1.12,0.13,-0.00871,-0.24897,0.01356,0.96838,-0.75,1.12,0.16,0.44152,-0.22058,0.10142,0.86378,-0.75,1.1,0.17,0.61526,-0.16758,0.14057,0.75737,-0.76,1.08,0.18,0.61526,-0.16758,0.14057,0.75737,-0.7,1.08,0.09,-0.33022,-0.16676,-0.1363,0.919,-0.71,1.12,0.13,-0.00842,-0.20445,-0.08108,0.97548,-0.72,1.12,0.17,0.40265,-0.22044,-0.00078,0.88841,-0.73,1.1,0.19,0.61164,-0.19638,-0.0113,0.7663,-0.74,1.08,0.19,0.61164,-0.19638,-0.0113,0.7663,-0.68,1.08,0.1,-0.33022,-0.16676,-0.1363,0.919,-0.69,1.11,0.14,-0.07383,-0.15948,-0.17089,0.96949,-0.7,1.12,0.17,0.40843,-0.23829,-0.11157,0.87405,-0.71,1.1,0.19,0.65261,-0.27872,-0.06307,0.70174,-0.73,1.08,0.19,0.65261,-0.27872,-0.06307,0.70174,-0.67,1.07,0.1,-0.24918,-0.10332,-0.3655,0.89087,-0.67,1.09,0.14,-0.26767,-0.02641,-0.29284,0.91755,-0.67,1.11,0.17,0.29085,-0.19259,-0.30613,0.88578,-0.68,1.1,0.18,0.54904,-0.32318,-0.23806,0.7331,-0.7,1.09,0.19,0.54904,-0.32318,-0.23806,0.7331,-0.81,1.08,0.19
-0.78,1.45,-0.16,-0.78,1.45,-0.16,-0.85,1.1,0.11,0.34777,-0.06108,-0.15639,-0.92242,-0.86,1.06,0.06,0.34777,-0.06108,-0.15639,-0.92242,-0.82,1.07,0.09,0.41381,-0.1404,0.54482,-0.71569,-0.8,1.09,0.11,0.1858,0.02942,0.48502,-0.85403,-0.8,1.1,0.14,0.06249,0.05399,0.55377,-0.82856,-0.8,1.1,0.16,0.06249,0.05399,0.55377,-0.82856,-0.84,1.08,0.09,0.34777,-0.06108,-0.15639,-0.92242,-0.83,1.12,0.13,-0.00542,-0.11087,-0.07524,-0.99097,-0.82,1.12,0.17,-0.40002,-0.13501,-0.05071,-0.90509,-0.82,1.1,0.18,-0.54572,-0.1138,-0.03418,-0.8295,-0.81,1.08,0.19,-0.54572,-0.1138,-0.03418,-0.8295,-0.85,1.07,0.09,0.34777,-0.06108,-0.15639,-0.92242,-0.86,1.12,0.13,0.03867,-0.10476,-0.13996,-0.98384,-0.85,1.12,0.17,-0.36129,-0.15319,-0.09869,-0.91447,-0.84,1.1,0.19,-0.54028,-0.15409,-0.12624,-0.81757,-0.83,1.08,0.2,-0.54028,-0.15409,-0.12624,-0.81757,-0.87,1.07,0.09,0.34777,-0.06108,-0.15639,-0.92242,-0.87,1.11,0.13,0.1257,-0.07797,-0.20763,-0.96696,-0.87,1.12,0.17,-0.32385,-0.18022,-0.18843,-0.90947,-0.86,1.1,0.19,-0.54979,-0.24482,-0.15894,-0.78265,-0.84,1.08,0.2,-0.54979,-0.24482,-0.15894,-0.78265,-0.88,1.07,0.1,0.28517,-0.00454,-0.39006,-0.87551,-0.89,1.09,0.13,0.19305,-0.05975,-0.29365,-0.93431,-0.89,1.1,0.16,-0.26952,-0.18402,-0.30589,-0.89439,-0.88,1.09,0.18,-0.49443,-0.30465,-0.25286,-0.77381,-0.86,1.08,0.19,-0.49443,-0.30465,-0.25286,-0.77381,-0.7,1.1,0.11,-0.36011,-0.17352,-0.16443,0.90176,-0.68,1.06,0.07,-0.36011,-0.17352,-0.16443,0.90176,-0.72,1.08,0.09,-0.51795,-0.19302,0.49091,0.67341,-0.75,1.1,0.1,-0.3609,-0.08639,0.43854,0.81852,-0.76,1.11,0.12,-0.29393,-0.07672,0.52687,0.79381,-0.77,1.12,0.14,-0.29393,-0.07672,0.52687,0.79381,-0.71,1.08,0.09,-0.36011,-0.17352,-0.16443,0.90176,-0.73,1.13,0.12,-0.08767,-0.24197,-0.03809,0.96556,-0.74,1.13,0.16,0.36802,-0.24005,0.05238,0.89677,-0.75,1.12,0.17,0.55357,-0.19731,0.09505,0.80349,-0.76,1.1,0.18,0.55357,-0.19731,0.09505,0.80349,-0.7,1.08,0.09,-0.36011,-0.17352,-0.16443,0.90176,-0.71,1.13,0.13,-0.01389,-0.22323,-0.09871,0.96965,-0.72,1.13,0.17,0.39404,-0.24492,-0.00926,0.88581,-0.74,1.11,0.18,0.60405,-0.22265,-0.01361,0.76509,-0.74,1.09,0.19,0.60405,-0.22265,-0.01361,0.76509,-0.68,1.08,0.1,-0.36011,-0.17352,-0.16443,0.90176,-0.69,1.12,0.14,-0.04865,-0.19043,-0.18355,0.96316,-0.7,1.12,0.17,0.44586,-0.27227,-0.10264,0.84649,-0.72,1.1,0.18,0.69594,-0.3067,-0.03928,0.64812,-0.73,1.08,0.18,0.69594,-0.3067,-0.03928,0.64812,-0.67,1.07,0.1,-0.27309,-0.11899,-0.39323,0.86985,-0.67,1.1,0.14,-0.20625,-0.09752,-0.31403,0.92159,-0.68,1.11,0.17,0.42687,-0.28143,-0.26291,0.8182,-0.69,1.1,0.18,0.69627,-0.39844,-0.1515,0.5775,-0.7,1.09,0.17,0.69627,-0.39844,-0.1515,0.5775,-0.81,1.08,0.19
-0.78,1.45,-0.16,-0.78,1.45,-0.16,-0.85,1.1,0.11,0.34417,-0.05805,-0.15739,-0.9238,-0.86,1.06,0.06,0.34417,-0.05805,-0.15739,-0.9238,-0.83,1.08,0.09,0.40875,-0.14153,0.54489,-0.71832,-0.8,1.09,0.11,0.18195,0.02782,0.48536,-0.85472,-0.8,1.1,0.14,0.05892,0.05196,0.55417,-0.82869,-0.8,1.1,0.16,0.05892,0.05196,0.55417,-0.82869,-0.84,1.08,0.09,0.34417,-0.05805,-0.15739,-0.9238,-0.83,1.12,0.13,-0.00309,-0.10791,-0.07829,-0.99107,-0.83,1.12,0.17,-0.40129,-0.13378,-0.05416,-0.90451,-0.82,1.1,0.18,-0.54938,-0.11328,-0.03736,-0.82701,-0.81,1.08,0.19,-0.54938,-0.11328,-0.03736,-0.82701,-0.85,1.07,0.09,0.34417,-0.05805,-0.15739,-0.9238,-0.86,1.12,0.13,0.03832,-0.10165,-0.14223,-0.98385,-0.85,1.12,0.17,-0.36251,-0.15135,-0.10187,-0.91395,-0.84,1.11,0.19,-0.5427,-0.15296,-0.12956,-0.81566,-0.83,1.08,0.2,-0.5427,-0.15296,-0.12956,-0.81566,-0.87,1.07,0.09,0.34417,-0.05805,-0.15739,-0.9238,-0.87,1.11,0.13,0.12471,-0.07444,-0.20941,-0.96698,-0.87,1.12,0.17,-0.32608,-0.17814,-0.19136,-0.90847,-0.86,1.1,0.19,-0.55332,-0.24379,-0.16195,-0.77986,-0.84,1.08,0.2,-0.55332,-0.24379,-0.16195,-0.77986,-0.88,1.07,0.09,0.28215,-0.00068,-0.39086,-0.87614,-0.89,1.09,0.13,0.19172,-0.05528,-0.29515,-0.93439,-0.89,1.1,0.16,-0.27638,-0.18261,-0.30831,-0.89175,-0.88,1.09,0.18,-0.50424,-0.30509,-0.2545,-0.76674,-0.86,1.08,0.18,-0.50424,-0.30509,-0.2545,-0.76674,-0.7,1.1,0.11,-0.33567,-0.17612,-0.10325,0.91959,-0.68,1.06,0.07,-0.33567,-0.17612,-0.10325,0.91959,-0.72,1.07,0.09,-0.46054,-0.23398,0.56278,0.64532,-0.75,1.08,0.1,-0.30651,-0.10317,0.52361,0.78819,-0.77,1.09,0.13,-0.22972,-0.08459,0.60716,0.75593,-0.78,1.1,0.15,-0.22972,-0.08459,0.60716,0.75593,-0.71,1.08,0.09,-0.33567,-0.17612,-0.10325,0.91959,-0.73,1.12,0.13,-0.04578,-0.22312,0.01964,0.97352,-0.75,1.12,0.16,0.36458,-0.20034,0.08486,0.9054,-0.75,1.1,0.18,0.53289,-0.15375,0.11438,0.8242,-0.76,1.08,0.19,0.53289,-0.15375,0.11438,0.8242,-0.7,1.08,0.09,-0.33567,-0.17612,-0.10325,0.91959,-0.71,1.12,0.13,-0.02544,-0.19965,-0.05105,0.97821,-0.73,1.12,0.17,0.37608,-0.20407,0.02174,0.90357,-0.74,1.1,0.19,0.58352,-0.17753,0.00539,0.79244,-0.74,1.08,0.2,0.58352,-0.17753,0.00539,0.79244,-0.68,1.08,0.1,-0.33567,-0.17612,-0.10325,0.91959,-0.69,1.11,0.14,-0.07713,-0.16449,-0.13446,0.97412,-0.7,1.12,0.17,0.42859,-0.22676,-0.07274,0.87155,-0.72,1.1,0.19,0.68849,-0.25507,-0.02531,0.67844,-0.73,1.08,0.19,0.68849,-0.25507,-0.02531,0.67844,-0.67,1.07,0.1,-0.25715,-0.11282,-0.33422,0.89969,-0.68,1.1,0.14,-0.21683,-0.09049,-0.25071,0.93912,-0.68,1.11,0.17,0.42043,-0.23527,-0.22161,0.84781,-0.69,1.1,0.18,0.70833,-0.34202,-0.12853,0.60396,-0.7,1.08,0.18,0.70833,-0.34202,-0.12853,0.60396,-0.81,1.08,0.19
-0.78,1.45,-0.16,-0.78,1.45,-0.16,-0.85,1.1,0.11,0.3412,-0.06124,-0.14672,-0.92645,-0.86,1.06,0.06,0.3412,-0.06124,-0.14672,-0.92645,-0.82,1.08,0.09,0.40277,-0.15039,0.5549,-0.71221,-0.8,1.09,0.11,0.17902,0.02195,0.49823,-0.84808,-0.8,1.1,0.14,0.05968,0.04553,0.56732,-0.82007,-0.8,1.1,0.16,0.05968,0.04553,0.56732,-0.82007,-0.84,1.08,0.09,0.3412,-0.06124,-0.14672,-0.92645,-0.83,1.12,0.13,0.00653,-0.10654,-0.06883,-0.9919,-0.82,1.12,0.17,-0.39642,-0.12917,-0.0455,-0.9078,-0.82,1.11,0.18,-0.54897,-0.10752,-0.02914,-0.82838,-0.81,1.09,0.19,-0.54897,-0.10752,-0.02914,-0.82838,-0.85,1.08,0.09,0.3412,-0.06124,-0.14672,-0.92645,-0.85,1.12,0.13,0.04498,-0.09911,-0.1328,-0.98515,-0.85,1.12,0.17,-0.36411,-0.14604,-0.09315,-0.91511,-0.84,1.11,0.19,-0.5509,-0.14652,-0.12161,-0.81256,-0.83,1.09,0.2,-0.5509,-0.14652,-0.12161,-0.81256,-0.87,1.07,0.09,0.3412,-0.06124,-0.14672,-0.92645,-0.87,1.11,0.13,0.13005,-0.0723,-0.19959,-0.96852,-0.87,1.12,0.17,-0.33013,-0.17358,-0.18223,-0.90977,-0.86,1.1,0.19,-0.56397,-0.2378,-0.15313,-0.77585,-0.84,1.09,0.2,-0.56397,-0.2378,-0.15313,-0.77585,-0.88,1.07,0.09,0.28006,-0.00259,-0.3806,-0.88131,-0.89,1.09,0.13,0.19443,-0.0524,-0.28532,-0.93704,-0.89,1.1,0.16,-0.2841,-0.17861,-0.29983,-0.89302,-0.88,1.1,0.18,-0.52142,-0.30149,-0.24481,-0.7598,-0.86,1.08,0.18,-0.52142,-0.30149,-0.24481,-0.7598,-0.7,1.09,0.12,-0.3177,-0.17854,-0.10327,0.92549,-0.68,1.06,0.07,-0.3177,-0.17854,-0.10327,0.92549,-0.72,1.07,0.09,-0.43611,-0.2514,0.57324,0.64653,-0.75,1.08,0.11,-0.27958,-0.1141,0.5393,0.78612,-0.77,1.09,0.13,-0.19677,-0.09132,0.62212,0.75227,-0.78,1.09,0.16,-0.19677,-0.09132,0.62212,0.75227,-0.71,1.07,0.09,-0.3177,-0.17854,-0.10327,0.92549,-0.73,1.11,0.13,-0.00276,-0.22574,0.0261,0.97383,-0.75,1.11,0.16,0.38317,-0.20103,0.08693,0.89734,-0.76,1.1,0.18,0.53407,-0.15587,0.11383,0.82311,-0.76,1.08,0.19,0.53407,-0.15587,0.11383,0.82311,-0.7,1.07,0.1,-0.3177,-0.17854,-0.10327,0.92549,-0.71,1.11,0.14,-0.02912,-0.19842,-0.05656,0.97805,-0.73,1.12,0.18,0.38235,-0.20504,0.01839,0.9008,-0.74,1.1,0.19,0.59488,-0.17835,0.00322,0.78378,-0.74,1.08,0.2,0.59488,-0.17835,0.00322,0.78378,-0.68,1.07,0.1,-0.3177,-0.17854,-0.10327,0.92549,-0.69,1.11,0.14,-0.09724,-0.16078,-0.13961,0.97222,-0.7,1.11,0.18,0.43563,-0.22888,-0.07261,0.86751,-0.72,1.1,0.19,0.7063,-0.25623,-0.02091,0.65959,-0.73,1.07,0.19,0.7063,-0.25623,-0.02091,0.65959,-0.68,1.07,0.11,-0.23915,-0.11061,-0.33289,0.9054,-0.68,1.09,0.14,-0.20789,-0.09669,-0.24642,0.94165,-0.68,1.11,0.17,0.4349,-0.23792,-0.21329,0.84188,-0.69,1.09,0.18,0.73517,-0.34312,-0.11235,0.57373,-0.7,1.08,0.18,0.73517,-0.34312,-0.11235,0.57373,-0.81,1.08,0.19
-0.78,1.45,-0.16,-0.78,1.45,-0.16,-0.85,1.1,0.11,0.33886,-0.06882,-0.12733,-0.92964,-0.86,1.06,0.06,0.33886,-0.06882,-0.12733,-0.92964,-0.82,1.08,0.09,0.39647,-0.16369,0.57165,-0.69945,-0.8,1.09,0.11,0.17676,0.01419,0.51941,-0.83592,-0.8,1.1,0.14,0.06341,0.03681,0.58871,-0.80501,-0.8,1.1,0.16,0.06341,0.03681,0.58871,-0.80501,-0.83,1.08,0.09,0.33886,-0.06882,-0.12733,-0.92964,-0.83,1.12,0.13,0.01192,-0.10723,-0.04875,-0.99297,-0.82,1.12,0.16,-0.3988,-0.12206,-0.02594,-0.90851,-0.82,1.1,0.18,-0.55686,-0.09727,-0.01021,-0.82483,-0.81,1.08,0.19,-0.55686,-0.09727,-0.01021,-0.82483,-0.85,1.08,0.09,0.33886,-0.06882,-0.12733,-0.92964,-0.85,1.12,0.13,0.05095,-0.09724,-0.11453,-0.98734,-0.84,1.13,0.17,-0.37725,-0.13838,-0.07465,-0.91267,-0.84,1.11,0.19,-0.57722,-0.13527,-0.10407,-0.79856,-0.83,1.09,0.2,-0.57722,-0.13527,-0.10407,-0.79856,-0.87,1.08,0.09,0.33886,-0.06882,-0.12733,-0.92964,-0.87,1.11,0.13,0.13609,-0.07171,-0.18105,-0.97137,-0.87,1.12,0.17,-0.34189,-0.16751,-0.16361,-0.9101,-0.85,1.11,0.19,-0.58753,-0.22804,-0.13473,-0.76462,-0.84,1.09,0.19,-0.58753,-0.22804,-0.13473,-0.76462,-0.88,1.07,0.09,0.27889,-0.00864,-0.36203,-0.88943,-0.88,1.09,0.13,0.19752,-0.05244,-0.26671,-0.94186,-0.88,1.11,0.16,-0.29171,-0.17244,-0.28272,-0.89735,-0.87,1.1,0.17,-0.54267,-0.2939,-0.22669,-0.75349,-0.86,1.08,0.18,-0.54267,-0.2939,-0.22669,-0.75349,-0.71,1.09,0.12,-0.3115,-0.17876,-0.10782,0.92703,-0.68,1.06,0.07,-0.3115,-0.17876,-0.10782,0.92703,-0.73,1.07,0.09,-0.42831,-0.25505,0.57391,0.64971,-0.75,1.08,0.11,-0.271,-0.11667,0.54093,0.78762,-0.77,1.09,0.14,-0.18353,-0.09074,0.62378,0.75431,-0.78,1.09,0.16,-0.18353,-0.09074,0.62378,0.75431,-0.71,1.07,0.09,-0.3115,-0.17876,-0.10782,0.92703,-0.73,1.11,0.13,0.02128,-0.22982,0.02838,0.97259,-0.75,1.11,0.17,0.40158,-0.20361,0.0898,0.88838,-0.76,1.09,0.18,0.54546,-0.15848,0.11655,0.81472,-0.76,1.07,0.19,0.54546,-0.15848,0.11655,0.81472,-0.7,1.07,0.1,-0.3115,-0.17876,-0.10782,0.92703,-0.71,1.11,0.14,-0.03139,-0.1993,-0.06269,0.97743,-0.73,1.12,0.18,0.41374,-0.20773,0.02097,0.88613,-0.74,1.1,0.19,0.64651,-0.17594,0.01029,0.74227,-0.74,1.07,0.2,0.64651,-0.17594,0.01029,0.74227,-0.68,1.07,0.1,-0.3115,-0.17876,-0.10782,0.92703,-0.69,1.1,0.14,-0.10988,-0.16071,-0.14601,0.96994,-0.7,1.11,0.18,0.45524,-0.23503,-0.06997,0.85593,-0.72,1.09,0.19,0.74027,-0.25913,-0.01042,0.62028,-0.73,1.07,0.19,0.74027,-0.25913,-0.01042,0.62028,-0.68,1.07,0.11,-0.23243,-0.10941,-0.33674,0.90588,-0.68,1.09,0.15,-0.21698,-0.10004,-0.24888,0.9386,-0.68,1.1,0.17,0.43404,-0.24462,-0.21105,0.84097,-0.69,1.09,0.18,0.75199,-0.35035,-0.09747,0.54979,-0.7,1.08,0.18,0.75199,-0.35035,-0.09747,0.54979,-0.81,1.08,0.19
-0.78,1.45,-0.16,-0.78,1.45,-0.16,-0.85,1.1,0.11,0.33446,-0.07027,-0.12052,-0.93203,-0.86,1.06,0.06,0.33446,-0.07027,-0.12052,-0.93203,-0.82,1.07,0.09,0.38961,-0.17057,0.57826,-0.69622,-0.8,1.09,0.11,0.1706,0.01028,0.52831,-0.83167,-0.8,1.1,0.14,0.05998,0.03177,0.59756,-0.79894,-0.79,1.1,0.16,0.05998,0.03177,0.59756,-0.79894,-0.83,1.08,0.09,0.33446,-0.07027,-0.12052,-0.93203,-0.83,1.12,0.13,0.01101,-0.10545,-0.04307,-0.99343,-0.82,1.12,0.16,-0.40497,-0.11821,-0.02082,-0.90642,-0.81,1.1,0.18,-0.56734,-0.09261,-0.00502,-0.81825,-0.81,1.08,0.19,-0.56734,-0.09261,-0.00502,-0.81825,-0.85,1.08,0.09,0.33446,-0.07027,-0.12052,-0.93203,-0.85,1.12,0.13,0.04766,-0.09282,-0.11016,-0.98842,-0.84,1.12,0.17,-0.39191,-0.13335,-0.07099,-0.90752,-0.83,1.11,0.19,-0.6001,-0.12912,-0.10077,-0.78298,-0.83,1.08,0.2,-0.6001,-0.12912,-0.10077,-0.78298,-0.87,1.08,0.09,0.33446,-0.07027,-0.12052,-0.93203,-0.87,1.11,0.13,0.13197,-0.06846,-0.1756,-0.97317,-0.86,1.12,0.17,-0.35506,-0.16337,-0.15913,-0.9066,-0.85,1.1,0.19,-0.60758,-0.22338,-0.13015,-0.75101,-0.84,1.08,0.19,-0.60758,-0.22338,-0.13015,-0.75101,-0.87,1.07,0.09,0.27524,-0.00867,-0.35528,-0.89328,-0.88,1.09,0.13,0.19297,-0.05122,-0.26022,-0.94468,-0.88,1.11,0.16,-0.30006,-0.16879,-0.27733,-0.89697,-0.87,1.1,0.17,-0.55969,-0.29106,-0.22008,-0.74404,-0.86,1.08,0.18,-0.55969,-0.29106,-0.22008,-0.74404,-0.71,1.09,0.12,-0.30957,-0.18372,-0.10784,0.92671,-0.69,1.06,0.07,-0.30957,-0.18372,-0.10784,0.92671,-0.73,1.07,0.09,-0.43182,-0.25959,0.57076,0.64836,-0.75,1.08,0.11,-0.27465,-0.12247,0.53876,0.78696,-0.77,1.09,0.14,-0.18535,-0.09441,0.62236,0.75458,-0.78,1.09,0.16,-0.18535,-0.09441,0.62236,0.75458,-0.72,1.07,0.09,-0.30957,-0.18372,-0.10784,0.92671,-0.73,1.11,0.13,0.0134,-0.24469,0.03516,0.96887,-0.75,1.11,0.17,0.385,-0.21583,0.09991,0.89175,-0.76,1.09,0.18,0.52782,-0.1693,0.12769,0.82246,-0.76,1.07,0.19,0.52782,-0.1693,0.12769,0.82246,-0.7,1.07,0.1,-0.30957,-0.18372,-0.10784,0.92671,-0.71,1.11,0.14,-0.0416,-0.2049,-0.06279,0.97588,-0.73,1.12,0.18,0.41691,-0.21254,0.0265,0.88335,-0.74,1.1,0.19,0.66783,-0.1768,0.01969,0.72274,-0.74,1.07,0.2,0.66783,-0.1768,0.01969,0.72274,-0.68,1.07,0.1,-0.30957,-0.18372,-0.10784,0.92671,-0.7,1.1,0.14,-0.1211,-0.16548,-0.14635,0.96775,-0.71,1.12,0.18,0.45741,-0.24041,-0.06412,0.85374,-0.72,1.1,0.19,0.75519,-0.26067,0.00155,0.60144,-0.73,1.07,0.19,0.75519,-0.26067,0.00155,0.60144,-0.68,1.07,0.11,-0.22953,-0.11386,-0.33634,0.90622,-0.68,1.09,0.15,-0.22977,-0.10574,-0.24795,0.93517,-0.68,1.11,0.17,0.42479,-0.25005,-0.20599,0.84534,-0.69,1.09,0.18,0.75811,-0.35426,-0.083,0.54119,-0.71,1.08,0.18,0.75811,-0.35426,-0.083,0.54119,-0.81,1.08,0.19
-0.78,1.45,-0.16,-0.78,1.45,-0.16,-0.85,1.1,0.11,0.33159,-0.06801,-0.12172,-0.93306,-0.86,1.06,0.06,0.33159,-0.06801,-0.12172,-0.93306,-0.82,1.07,0.09,0.38504,-0.17012,0.57856,-0.69862,-0.8,1.09,0.11,0.16543,0.01137,0.52847,-0.8326,-0.8,1.09,0.14,0.0555,0.03179,0.59752,-0.7993,-0.8,1.1,0.16,0.0555,0.03179,0.59752,-0.7993,-0.83,1.08,0.09,0.33159,-0.06801,-0.12172,-0.93306,-0.83,1.12,0.13,0.00889,-0.10097,-0.04719,-0.99373,-0.82,1.12,0.17,-0.40811,-0.11583,-0.02629,-0.90517,-0.82,1.1,0.18,-0.57216,-0.09131,-0.01049,-0.81498,-0.81,1.08,0.19,-0.57216,-0.09131,-0.01049,-0.81498,-0.85,1.08,0.09,0.33159,-0.06801,-0.12172,-0.93306,-0.85,1.12,0.13,0.04417,-0.08774,-0.11409,-0.9886,-0.84,1.12,0.17,-0.39801,-0.13071,-0.07633,-0.90481,-0.84,1.1,0.19,-0.60748,-0.12752,-0.1063,-0.77679,-0.83,1.08,0.2,-0.60748,-0.12752,-0.1063,-0.77679,-0.87,1.07,0.09,0.33159,-0.06801,-0.12172,-0.93306,-0.87,1.11,0.13,0.12769,-0.06429,-0.17822,-0.97355,-0.87,1.12,0.17,-0.3609,-0.16118,-0.16317,-0.90396,-0.85,1.1,0.19,-0.61414,-0.22253,-0.13437,-0.74515,-0.84,1.08,0.19,-0.61414,-0.22253,-0.13437,-0.74515,-0.88,1.07,0.09,0.27274,-0.00577,-0.3563,-0.89366,-0.88,1.09,0.13,0.18899,-0.04888,-0.26164,-0.94522,-0.88,1.1,0.16,-0.30264,-0.16683,-0.27981,-0.8957,-0.87,1.1,0.17,-0.56274,-0.29025,-0.2228,-0.74124,-0.86,1.08,0.18,-0.56274,-0.29025,-0.2228,-0.74124,-0.71,1.09,0.12,-0.30228,-0.18766,-0.10036,0.92916,-0.69,1.06,0.07,-0.30228,-0.18766,-0.10036,0.92916,-0.73,1.07,0.09,-0.43185,-0.2705,0.56908,0.64535,-0.75,1.08,0.11,-0.27499,-0.13401,0.53977,0.78427,-0.77,1.08,0.14,-0.18568,-0.1047,0.62422,0.7516,-0.78,1.09,0.16,-0.18568,-0.1047,0.62422,0.7516,-0.72,1.07,0.09,-0.30228,-0.18766,-0.10036,0.92916,-0.74,1.11,0.13,-0.01303,-0.25829,0.04092,0.96511,-0.75,1.11,0.17,0.3346,-0.22985,0.1042,0.90794,-0.76,1.1,0.18,0.47835,-0.18328,0.13219,0.84859,-0.77,1.08,0.19,0.47835,-0.18328,0.13219,0.84859,-0.7,1.07,0.1,-0.30228,-0.18766,-0.10036,0.92916,-0.71,1.11,0.14,-0.04862,-0.20693,-0.05695,0.97549,-0.73,1.12,0.18,0.41362,-0.2116,0.03336,0.88489,-0.74,1.1,0.19,0.6756,-0.17287,0.02737,0.71619,-0.75,1.07,0.2,0.6756,-0.17287,0.02737,0.71619,-0.68,1.07,0.1,-0.30228,-0.18766,-0.10036,0.92916,-0.7,1.1,0.15,-0.12421,-0.16597,-0.13993,0.96822,-0.71,1.11,0.18,0.45961,-0.23753,-0.05743,0.85384,-0.72,1.1,0.19,0.76565,-0.25449,0.00935,0.5907,-0.73,1.07,0.19,0.76565,-0.25449,0.00935,0.5907,-0.68,1.07,0.11,-0.22267,-0.11568,-0.3285,0.91056,-0.68,1.09,0.15,-0.23075,-0.10624,-0.24026,0.93688,-0.68,1.11,0.17,0.42413,-0.24545,-0.20014,0.84842,-0.69,1.09,0.18,0.76607,-0.34814,-0.07592,0.53495,-0.71,1.08,0.18,0.76607,-0.34814,-0.07592,0.53495,-0.81,1.08,0.19
-0.78,1.45,-0.16,-0.78,1.45,-0.16,-0.85,1.1,0.11,0.33424,-0.06695,-0.12705,-0.93148,-0.86,1.06,0.06,0.33424,-0.06695,-0.12705,-0.93148,-0.82,1.07,0.09,0.38644,-0.16559,0.57618,-0.7009,-0.8,1.09,0.11,0.16556,0.01543,0.52464,-0.83492,-0.8,1.1,0.14,0.05536,0.03528,0.59354,-0.80212,-0.8,1.1,0.16,0.05536,0.03528,0.59354,-0.80212,-0.83,1.08,0.09,0.33424,-0.06695,-0.12705,-0.93148,-0.83,1.12,0.13,0.00953,-0.09798,-0.05505,-0.99362,-0.82,1.12,0.17,-0.40833,-0.11644,-0.03455,-0.90472,-0.82,1.1,0.18,-0.57252,-0.09346,-0.01847,-0.81434,-0.81,1.08,0.19,-0.57252,-0.09346,-0.01847,-0.81434,-0.85,1.08,0.09,0.33424,-0.06695,-0.12705,-0.93148,-0.85,1.12,0.13,0.04328,-0.08557,-0.12134,-0.98797,-0.84,1.12,0.17,-0.40328,-0.13239,-0.0831,-0.90163,-0.84,1.1,0.19,-0.61326,-0.13047,-0.1122,-0.77091,-0.83,1.08,0.2,-0.61326,-0.13047,-0.1122,-0.77091,-0.87,1.07,0.09,0.33424,-0.06695,-0.12705,-0.93148,-0.87,1.11,0.13,0.12029,-0.0642,-0.1841,-0.9734,-0.87,1.12,0.17,-0.36935,-0.16403,-0.16811,-0.89912,-0.85,1.1,0.19,-0.62177,-0.22657,-0.13812,-0.73688,-0.84,1.08,0.19,-0.62177,-0.22657,-0.13812,-0.73688,-0.88,1.07,0.09,0.27481,-0.00561,-0.36152,-0.89093,-0.88,1.09,0.13,0.17994,-0.05308,-0.26665,-0.94536,-0.88,1.1,0.16,-0.30958,-0.17181,-0.28219,-0.89163,-0.87,1.09,0.17,-0.56752,-0.29546,-0.22388,-0.73519,-0.86,1.08,0.18,-0.56752,-0.29546,-0.22388,-0.73519,-0.71,1.09,0.12,-0.27697,-0.18893,-0.07675,0.93899,-0.69,1.06,0.07,-0.27697,-0.18893,-0.07675,0.93899,-0.73,1.06,0.09,-0.42151,-0.29374,0.56742,0.6435,-0.75,1.07,0.11,-0.26509,-0.15735,0.54373,0.7806,-0.77,1.08,0.14,-0.17926,-0.12924,0.62927,0.74511,-0.78,1.08,0.16,-0.17926,-0.12924,0.62927,0.74511,-0.72,1.07,0.1,-0.27697,-0.18893,-0.07675,0.93899,-0.74,1.11,0.14,-0.0113,-0.27662,0.06743,0.95854,-0.76,1.1,0.17,0.28367,-0.24475,0.12207,0.91909,-0.77,1.09,0.19,0.41175,-0.19859,0.14639,0.87726,-0.77,1.07,0.2,0.41175,-0.19859,0.14639,0.87726,-0.7,1.07,0.1,-0.27697,-0.18893,-0.07675,0.93899,-0.72,1.11,0.14,-0.07166,-0.19775,-0.04541,0.97657,-0.73,1.11,0.18,0.40156,-0.19805,0.04105,0.89322,-0.74,1.09,0.2,0.68132,-0.1566,0.032,0.71432,-0.75,1.07,0.2,0.68132,-0.1566,0.032,0.71432,-0.68,1.07,0.11,-0.27697,-0.18893,-0.07675,0.93899,-0.7,1.1,0.15,-0.13651,-0.15216,-0.12385,0.97102,-0.71,1.11,0.18,0.46315,-0.21814,-0.04932,0.85759,-0.72,1.09,0.19,0.78284,-0.23205,0.0128,0.57719,-0.73,1.07,0.19,0.78284,-0.23205,0.0128,0.57719,-0.68,1.07,0.11,-0.20103,-0.10986,-0.30411,0.92468,-0.68,1.09,0.15,-0.22131,-0.09434,-0.21669,0.94613,-0.68,1.1,0.18,0.43153,-0.21963,-0.19113,0.85382,-0.69,1.09,0.19,0.78641,-0.32224,-0.07463,0.52168,-0.7,1.07,0.18,0.78641,-0.32224,-0.07463,0.52168,-0.81,1.08,0.19
-0.78,1.45,-0.16,-0.78,1.45,-0.16,-0.85,1.1,0.11,0.33751,-0.06832,-0.12887,-0.92995,-0.86,1.06,0.06,0.33751,-0.06832,-0.12887,-0.92995,-0.82,1.07,0.09,0.38874,-0.16393,0.57616,-0.70003,-0.8,1.09,0.11,0.16705,0.01747,0.52416,-0.83489,-0.8,1.1,0.14,0.05663,0.03743,0.59293,-0.80239,-0.8,1.1,0.16,0.05663,0.03743,0.59293,-0.80239,-0.84,1.08,0.09,0.33751,-0.06832,-0.12887,-0.92995,-0.83,1.12,0.13,0.00994,-0.09783,-0.05749,-0.99349,-0.82,1.12,0.17,-0.40949,-0.1174,-0.03661,-0.90399,-0.82,1.1,0.18,-0.57316,-0.09476,-0.02033,-0.81369,-0.81,1.08,0.19,-0.57316,-0.09476,-0.02033,-0.81369,-0.85,1.08,0.09,0.33751,-0.06832,-0.12887,-0.92995,-0.85,1.12,0.13,0.04171,-0.08631,-0.1235,-0.9877,-0.84,1.12,0.17,-0.40897,-0.1344,-0.08405,-0.89868,-0.84,1.1,0.19,-0.61964,-0.13234,-0.1124,-0.76544,-0.83,1.08,0.19,-0.61964,-0.13234,-0.1124,-0.76544,-0.87,1.07,0.09,0.33751,-0.06832,-0.12887,-0.92995,-0.87,1.11,0.13,0.11133,-0.06738,-0.18535,-0.97402,-0.87,1.12,0.17,-0.38025,-0.16751,-0.16736,-0.89406,-0.85,1.1,0.19,-0.63236,-0.22951,-0.13619,-0.72725,-0.84,1.08,0.19,-0.63236,-0.22951,-0.13619,-0.72725,-0.88,1.07,0.09,0.27746,-0.00786,-0.3634,-0.88932,-0.88,1.09,0.13,0.17021,-0.05983,-0.26778,-0.94644,-0.88,1.1,0.16,-0.31961,-0.17763,-0.27974,-0.88772,-0.87,1.09,0.17,-0.57776,-0.3005,-0.21946,-0.72645,-0.86,1.08,0.18,-0.57776,-0.3005,-0.21946,-0.72645,-0.71,1.09,0.12,-0.26492,-0.19037,-0.06585,0.94299,-0.69,1.06,0.07,-0.26492,-0.19037,-0.06585,0.94299,-0.73,1.06,0.09,-0.42113,-0.30443,0.56141,0.64405,-0.75,1.07,0.11,-0.26454,-0.16983,0.54,0.78075,-0.77,1.08,0.13,-0.18326,-0.14471,0.62627,0.74381,-0.78,1.08,0.15,-0.18326,-0.14471,0.62627,0.74381,-0.72,1.07,0.09,-0.26492,-0.19037,-0.06585,0.94299,-0.74,1.1,0.14,-0.00285,-0.29126,0.08469,0.95288,-0.76,1.1,0.17,0.26165,-0.25767,0.13497,0.92029,-0.77,1.09,0.19,0.37344,-0.21273,0.15611,0.88934,-0.77,1.07,0.2,0.37344,-0.21273,0.15611,0.88934,-0.7,1.07,0.1,-0.26492,-0.19037,-0.06585,0.94299,-0.72,1.11,0.14,-0.09911,-0.18904,-0.04538,0.9759,-0.73,1.11,0.18,0.38927,-0.19019,0.03958,0.90041,-0.74,1.1,0.2,0.68508,-0.14888,0.0292,0.71249,-0.75,1.07,0.2,0.68508,-0.14888,0.0292,0.71249,-0.68,1.07,0.11,-0.26492,-0.19037,-0.06585,0.94299,-0.7,1.1,0.15,-0.15547,-0.13904,-0.12021,0.97059,-0.71,1.11,0.18,0.46096,-0.20685,-0.05074,0.86148,-0.72,1.09,0.2,0.79343,-0.22125,0.01016,0.56693,-0.72,1.07,0.19,0.79343,-0.22125,0.01016,0.56693,-0.68,1.07,0.11,-0.19053,-0.108,-0.29267,0.93079,-0.68,1.09,0.15,-0.22028,-0.08325,-0.20667,0.94965,-0.68,1.1,0.18,0.42964,-0.20388,-0.19136,0.85862,-0.69,1.09,0.19,0.79653,-0.30962,-0.07747,0.51349,-0.7,1.07,0.18,0.79653,-0.30962,-0.07747,0.51349,-0.81,1.08,0.19
-0.78,1.44,-0.16,-0.78,1.44,-0.16,-0.85,1.1,0.11,0.33806,-0.07211,-0.10993,-0.9319,-0.86,1.06,0.06,0.33806,-0.07211,-0.10993,-0.9319,-0.82,1.07,0.09,0.38435,-0.17087,0.59124,-0.68812,-0.8,1.08,0.11,0.16476,0.01655,0.54178,-0.82405,-0.8,1.09,0.14,0.05757,0.03626,0.60989,-0.78956,-0.79,1.1,0.16,0.05757,0.03626,0.60989,-0.78956,-0.83,1.08,0.09,0.33806,-0.07211,-0.10993,-0.9319,-0.83,1.12,0.13,0.00794,-0.09554,-0.03775,-0.99468,-0.82,1.12,0.17,-0.4128,-0.10703,-0.01957,-0.9043,-0.82,1.1,0.18,-0.57614,-0.08135,-0.00543,-0.81327,-0.81,1.08,0.19,-0.57614,-0.08135,-0.00543,-0.81327,-0.85,1.08,0.09,0.33806,-0.07211,-0.10993,-0.9319,-0.85,1.12,0.13,0.03903,-0.08421,-0.10432,-0.9902,-0.84,1.12,0.17,-0.41101,-0.12375,-0.06811,-0.90062,-0.84,1.1,0.19,-0.6215,-0.11808,-0.09967,-0.76802,-0.83,1.08,0.19,-0.6215,-0.11808,-0.09967,-0.76802,-0.87,1.07,0.09,0.33806,-0.07211,-0.10993,-0.9319,-0.87,1.11,0.13,0.1057,-0.0669,-0.16632,-0.9781,-0.86,1.12,0.17,-0.38655,-0.15747,-0.1514,-0.89602,-0.85,1.1,0.19,-0.64005,-0.21511,-0.12411,-0.72709,-0.84,1.08,0.19,-0.64005,-0.21511,-0.12411,-0.72709,-0.88,1.07,0.09,0.27983,-0.01103,-0.34548,-0.89567,-0.88,1.09,0.13,0.16379,-0.0607,-0.24974,-0.95243,-0.88,1.1,0.16,-0.33,-0.16964,-0.26362,-0.89041,-0.87,1.09,0.17,-0.58991,-0.28803,-0.20708,-0.72537,-0.86,1.08,0.18,-0.58991,-0.28803,-0.20708,-0.72537,-0.71,1.09,0.12,-0.27348,-0.18582,-0.08548,0.93988,-0.69,1.06,0.07,-0.27348,-0.18582,-0.08548,0.93988,-0.73,1.07,0.09,-0.43188,-0.29097,0.5481,0.65452,-0.75,1.07,0.11,-0.2737,-0.16064,0.52247,0.79139,-0.77,1.08,0.13,-0.19217,-0.13725,0.60943,0.75686,-0.78,1.09,0.15,-0.19217,-0.13725,0.60943,0.75686,-0.72,1.07,0.09,-0.27348,-0.18582,-0.08548,0.93988,-0.74,1.11,0.14,0.02585,-0.29124,0.08086,0.95288,-0.76,1.1,0.17,0.31254,-0.2545,0.13788,0.90473,-0.77,1.09,0.18,0.42996,-0.20732,0.1622,0.86362,-0.77,1.07,0.2,0.42996,-0.20732,0.1622,0.86362,-0.7,1.07,0.1,-0.27348,-0.18582,-0.08548,0.93988,-0.72,1.11,0.14,-0.10775,-0.18305,-0.06779,0.97483,-0.73,1.12,0.18,0.41695,-0.19505,0.02486,0.88741,-0.74,1.1,0.2,0.72456,-0.15393,0.01989,0.6715,-0.74,1.07,0.2,0.72456,-0.15393,0.01989,0.6715,-0.68,1.07,0.1,-0.27348,-0.18582,-0.08548,0.93988,-0.7,1.1,0.15,-0.1673,-0.1328,-0.14245,0.96648,-0.71,1.11,0.18,0.47866,-0.21766,-0.06493,0.84811,-0.72,1.09,0.19,0.81425,-0.23506,0.00573,0.53076,-0.72,1.07,0.18,0.81425,-0.23506,0.00573,0.53076,-0.68,1.07,0.11,-0.19706,-0.10616,-0.31232,0.92323,-0.68,1.09,0.15,-0.22218,-0.07741,-0.22745,0.94494,-0.68,1.1,0.18,0.42682,-0.21292,-0.21037,0.85337,-0.69,1.09,0.19,0.79478,-0.32723,-0.08673,0.5037,-0.7,1.07,0.18,0.79478,-0.32723,-0.08673,0.5037,-0.81,1.08,0.19
-0.78,1.44,-0.16,-0.78,1.44,-0.16,-0.85,1.1,0.11,0.32811,-0.06839,-0.10571,-0.93621,-0.86,1.06,0.06,0.32811,-0.06839,-0.10571,-0.93621,-0.82,1.07,0.09,0.37685,-0.18001,0.59087,-0.69025,-0.8,1.08,0.11,0.15489,0.00937,0.54445,-0.82431,-0.8,1.09,0.14,0.05029,0.02698,0.61295,-0.78806,-0.79,1.09,0.16,0.05029,0.02698,0.61295,-0.78806,-0.83,1.08,0.09,0.32811,-0.06839,-0.10571,-0.93621,-0.83,1.12,0.13,0.00658,-0.09214,-0.03506,-0.99511,-0.82,1.12,0.17,-0.40683,-0.10262,-0.01942,-0.90752,-0.82,1.1,0.18,-0.56971,-0.077,-0.00642,-0.81821,-0.81,1.08,0.19,-0.56971,-0.077,-0.00642,-0.81821,-0.85,1.08,0.09,0.32811,-0.06839,-0.10571,-0.93621,-0.85,1.12,0.13,0.04485,-0.0761,-0.10352,-0.9907,-0.84,1.12,0.17,-0.39996,-0.11575,-0.07179,-0.90635,-0.84,1.1,0.19,-0.60988,-0.11189,-0.1055,-0.77743,-0.83,1.08,0.2,-0.60988,-0.11189,-0.1055,-0.77743,-0.87,1.07,0.09,0.32811,-0.06839,-0.10571,-0.93621,-0.87,1.11,0.13,0.10572,-0.05716,-0.16496,-0.97895,-0.86,1.12,0.17,-0.3839,-0.14789,-0.15539,-0.89811,-0.85,1.1,0.19,-0.6369,-0.20722,-0.13099,-0.73093,-0.84,1.08,0.19,-0.6369,-0.20722,-0.13099,-0.73093,-0.88,1.07,0.09,0.27149,-0.00468,-0.34096,-0.90001,-0.88,1.09,0.13,0.15907,-0.04717,-0.24858,-0.95429,-0.88,1.1,0.16,-0.33257,-0.15651,-0.26944,-0.89011,-0.87,1.09,0.17,-0.58706,-0.27625,-0.2186,-0.72887,-0.86,1.08,0.18,-0.58706,-0.27625,-0.2186,-0.72887,-0.71,1.09,0.12,-0.2908,-0.17359,-0.09752,0.93584,-0.68,1.06,0.07,-0.2908,-0.17359,-0.09752,0.93584,-0.73,1.07,0.09,-0.43876,-0.26404,0.54754,0.66179,-0.75,1.08,0.11,-0.28165,-0.13538,0.51471,0.79838,-0.77,1.09,0.13,-0.19719,-0.11203,0.6007,0.76663,-0.78,1.09,0.15,-0.19719,-0.11203,0.6007,0.76663,-0.71,1.08,0.09,-0.2908,-0.17359,-0.09752,0.93584,-0.73,1.11,0.14,0.03863,-0.28158,0.07898,0.9555,-0.75,1.11,0.17,0.35731,-0.2406,0.14191,0.89124,-0.76,1.09,0.18,0.47994,-0.19113,0.16759,0.83967,-0.76,1.07,0.19,0.47994,-0.19113,0.16759,0.83967,-0.7,1.07,0.1,-0.2908,-0.17359,-0.09752,0.93584,-0.71,1.11,0.14,-0.10505,-0.17538,-0.07802,0.97577,-0.73,1.12,0.18,0.43798,-0.19348,0.01611,0.87777,-0.73,1.1,0.19,0.74864,-0.15284,0.01273,0.645,-0.74,1.08,0.19,0.74864,-0.15284,0.01273,0.645,-0.68,1.07,0.1,-0.2908,-0.17359,-0.09752,0.93584,-0.69,1.1,0.15,-0.17566,-0.12437,-0.15548,0.96411,-0.7,1.12,0.18,0.48315,-0.22062,-0.07701,0.84378,-0.71,1.1,0.19,0.82079,-0.2424,-0.00191,0.51724,-0.72,1.08,0.18,0.82079,-0.2424,-0.00191,0.51724,-0.68,1.07,0.11,-0.21474,-0.09869,-0.32579,0.91543,-0.68,1.09,0.15,-0.23781,-0.06763,-0.24164,0.93834,-0.68,1.11,0.17,0.41066,-0.21578,-0.22691,0.85633,-0.69,1.09,0.18,0.78235,-0.33833,-0.09841,0.5136,-0.7,1.08,0.18,0.78235,-0.33833,-0.09841,0.5136,-0.81,1.08,0.19
-0.79,1.44,-0.16,-0.79,1.44,-0.16,-0.85,1.09,0.11,0.31624,-0.06128,-0.12478,-0.93844,-0.86,1.06,0.06,0.31624,-0.06128,-0.12478,-0.93844,-0.82,1.07,0.09,0.37995,-0.18681,0.56708,-0.70651,-0.8,1.08,0.11,0.15315,-0.00513,0.52244,-0.8388,-0.8,1.09,0.14,0.05549,0.00539,0.59404,-0.8025,-0.79,1.1,0.16,0.05549,0.00539,0.59404,-0.8025,-0.84,1.08,0.09,0.31624,-0.06128,-0.12478,-0.93844,-0.83,1.12,0.13,0.0005,-0.09425,-0.05446,-0.99406,-0.82,1.12,0.17,-0.41202,-0.11239,-0.03621,-0.90349,-0.82,1.1,0.18,-0.57454,-0.0897,-0.02092,-0.81328,-0.81,1.08,0.19,-0.57454,-0.0897,-0.02092,-0.81328,-0.85,1.07,0.09,0.31624,-0.06128,-0.12478,-0.93844,-0.85,1.12,0.13,0.04974,-0.07048,-0.12603,-0.98827,-0.85,1.12,0.17,-0.40003,-0.12134,-0.09368,-0.90359,-0.84,1.1,0.19,-0.61066,-0.12258,-0.12514,-0.77227,-0.83,1.08,0.2,-0.61066,-0.12258,-0.12514,-0.77227,-0.87,1.07,0.09,0.31624,-0.06128,-0.12478,-0.93844,-0.87,1.1,0.13,0.10851,-0.04776,-0.18689,-0.9752,-0.87,1.11,0.17,-0.38249,-0.15109,-0.17839,-0.8939,-0.86,1.1,0.19,-0.63318,-0.2171,-0.1519,-0.72724,-0.84,1.08,0.19,-0.63318,-0.2171,-0.1519,-0.72724,-0.88,1.07,0.09,0.25875,0.00463,-0.35834,-0.897,-0.88,1.09,0.13,0.15491,-0.03297,-0.26968,-0.94984,-0.88,1.1,0.16,-0.33175,-0.15365,-0.29448,-0.88296,-0.88,1.09,0.18,-0.57548,-0.27906,-0.24565,-0.72842,-0.86,1.07,0.18,-0.57548,-0.27906,-0.24565,-0.72842,-0.7,1.1,0.12,-0.34005,-0.1509,-0.11524,0.92104,-0.68,1.06,0.07,-0.34005,-0.1509,-0.11524,0.92104,-0.72,1.07,0.09,-0.45868,-0.20666,0.55311,0.66406,-0.75,1.09,0.11,-0.30279,-0.07827,0.50642,0.80357,-0.76,1.1,0.13,-0.21053,-0.05241,0.58929,0.77825,-0.77,1.11,0.16,-0.21053,-0.05241,0.58929,0.77825,-0.71,1.08,0.09,-0.34005,-0.1509,-0.11524,0.92104,-0.73,1.12,0.13,-0.00927,-0.25656,0.0561,0.96486,-0.75,1.12,0.16,0.33925,-0.22262,0.11809,0.90631,-0.75,1.1,0.18,0.46675,-0.17629,0.14133,0.85504,-0.76,1.09,0.19,0.46675,-0.17629,0.14133,0.85504,-0.7,1.08,0.1,-0.34005,-0.1509,-0.11524,0.92104,-0.71,1.12,0.14,-0.05244,-0.17223,-0.07882,0.9805,-0.72,1.13,0.18,0.47909,-0.19068,0.01229,0.85672,-0.73,1.1,0.19,0.77324,-0.14888,0.00838,0.61633,-0.73,1.08,0.18,0.77324,-0.14888,0.00838,0.61633,-0.68,1.08,0.1,-0.34005,-0.1509,-0.11524,0.92104,-0.69,1.11,0.14,-0.14008,-0.12839,-0.16447,0.96791,-0.7,1.12,0.18,0.50135,-0.22702,-0.08508,0.83059,-0.71,1.1,0.19,0.82548,-0.25153,-0.00847,0.50521,-0.71,1.08,0.18,0.82548,-0.25153,-0.00847,0.50521,-0.67,1.07,0.11,-0.2649,-0.08933,-0.3472,0.89515,-0.67,1.1,0.14,-0.27345,-0.06103,-0.26382,0.92298,-0.67,1.11,0.17,0.36927,-0.22671,-0.24805,0.86644,-0.68,1.1,0.18,0.7362,-0.3568,-0.11788,0.56286,-0.7,1.09,0.17,0.7362,-0.3568,-0.11788,0.56286,-0.81,1.08,0.19
-0.79,1.44,-0.16,-0.79,1.44,-0.16,-0.85,1.1,0.11,0.32566,-0.05441,-0.13953,-0.93355,-0.86,1.06,0.06,0.32566,-0.05441,-0.13953,-0.93355,-0.82,1.07,0.09,0.39225,-0.17678,0.55356,-0.71306,-0.8,1.09,0.11,0.16295,-0.00039,0.50554,-0.84728,-0.8,1.1,0.14,0.06753,0.00728,0.57833,-0.81297,-0.79,1.1,0.16,0.06753,0.00728,0.57833,-0.81297,-0.84,1.08,0.09,0.32566,-0.05441,-0.13953,-0.93355,-0.83,1.12,0.13,0.00925,-0.09211,-0.07057,-0.9932,-0.83,1.12,0.17,-0.41165,-0.11778,-0.05063,-0.90228,-0.82,1.1,0.18,-0.57609,-0.09779,-0.03384,-0.81081,-0.82,1.08,0.19,-0.57609,-0.09779,-0.03384,-0.81081,-0.85,1.08,0.09,0.32566,-0.05441,-0.13953,-0.93355,-0.85,1.12,0.13,0.06059,-0.06618,-0.14341,-0.98559,-0.85,1.12,0.17,-0.39686,-0.12639,-0.11003,-0.90245,-0.84,1.1,0.19,-0.60931,-0.13177,-0.13952,-0.76936,-0.83,1.08,0.2,-0.60931,-0.13177,-0.13952,-0.76936,-0.87,1.07,0.09,0.32566,-0.05441,-0.13953,-0.93355,-0.87,1.1,0.13,0.12011,-0.04236,-0.20411,-0.97063,-0.87,1.11,0.17,-0.37329,-0.15599,-0.19513,-0.89344,-0.86,1.1,0.19,-0.62333,-0.22692,-0.1662,-0.72962,-0.85,1.08,0.19,-0.62333,-0.22692,-0.1662,-0.72962,-0.88,1.07,0.09,0.26731,0.00837,-0.37305,-0.88843,-0.89,1.09,0.13,0.16377,-0.02754,-0.28629,-0.94364,-0.89,1.1,0.16,-0.3183,-0.15686,-0.31162,-0.88146,-0.88,1.09,0.18,-0.55498,-0.28531,-0.26249,-0.736,-0.86,1.08,0.18,-0.55498,-0.28531,-0.26249,-0.736,-0.7,1.1,0.11,-0.3732,-0.13725,-0.10402,0.91163,-0.69,1.06,0.07,-0.3732,-0.13725,-0.10402,0.91163,-0.72,1.08,0.09,-0.46125,-0.17623,0.57699,0.65059,-0.75,1.09,0.11,-0.30278,-0.03784,0.52469,0.79473,-0.76,1.1,0.14,-0.2001,-0.00498,0.6027,0.77246,-0.77,1.11,0.16,-0.2001,-0.00498,0.6027,0.77246,-0.71,1.08,0.09,-0.3732,-0.13725,-0.10402,0.91163,-0.73,1.12,0.13,-0.03587,-0.22502,0.05577,0.9721,-0.74,1.13,0.16,0.33013,-0.19232,0.10948,0.91763,-0.75,1.11,0.18,0.46087,-0.14719,0.12841,0.8657,-0.75,1.09,0.19,0.46087,-0.14719,0.12841,0.8657,-0.7,1.08,0.09,-0.3732,-0.13725,-0.10402,0.91163,-0.7,1.12,0.13,-0.03594,-0.167,-0.05771,0.98361,-0.72,1.13,0.17,0.47258,-0.17548,0.02283,0.86334,-0.72,1.11,0.19,0.75366,-0.13351,0.01054,0.64348,-0.73,1.08,0.18,0.75366,-0.13351,0.01054,0.64348,-0.68,1.08,0.1,-0.3732,-0.13725,-0.10402,0.91163,-0.69,1.12,0.14,-0.13334,-0.12699,-0.14921,0.97151,-0.69,1.13,0.17,0.47727,-0.21361,-0.08178,0.84847,-0.71,1.11,0.18,0.799,-0.2403,-0.01591,0.551,-0.71,1.09,0.18,0.799,-0.2403,-0.01591,0.551,-0.67,1.08,0.1,-0.30157,-0.0841,-0.33929,0.88705,-0.67,1.1,0.14,-0.30431,-0.05644,-0.256,0.91579,-0.67,1.12,0.16,0.33114,-0.21858,-0.24634,0.88424,-0.68,1.11,0.18,0.69359,-0.34687,-0.12813,0.61822,-0.69,1.09,0.17,0.69359,-0.34687,-0.12813,0.61822,-0.81,1.08,0.19
-0.79,1.44,-0.16,-0.79,1.44,-0.16,-0.85,1.1,0.11,0.34544,-0.05745,-0.13894,-0.92632,-0.86,1.06,0.06,0.34544,-0.05745,-0.13894,-0.92632,-0.82,1.08,0.09,0.40776,-0.16732,0.55658,-0.70424,-0.8,1.09,0.11,0.17983,0.00875,0.50566,-0.84374,-0.8,1.1,0.14,0.08281,0.01861,0.57824,-0.81144,-0.79,1.1,0.16,0.08281,0.01861,0.57824,-0.81144,-0.84,1.08,0.09,0.34544,-0.05745,-0.13894,-0.92632,-0.83,1.12,0.13,0.02167,-0.09329,-0.06893,-0.99301,-0.83,1.12,0.16,-0.40825,-0.1189,-0.04753,-0.90385,-0.82,1.11,0.18,-0.57435,-0.09841,-0.0305,-0.8121,-0.82,1.09,0.19,-0.57435,-0.09841,-0.0305,-0.8121,-0.85,1.08,0.09,0.34544,-0.05745,-0.13894,-0.92632,-0.85,1.12,0.13,0.07527,-0.07025,-0.14213,-0.98448,-0.85,1.13,0.17,-0.38386,-0.12967,-0.10693,-0.90797,-0.84,1.11,0.19,-0.59837,-0.13511,-0.13596,-0.77796,-0.83,1.09,0.2,-0.59837,-0.13511,-0.13596,-0.77796,-0.87,1.07,0.09,0.34544,-0.05745,-0.13894,-0.92632,-0.87,1.11,0.13,0.13579,-0.04792,-0.20345,-0.96844,-0.87,1.12,0.17,-0.3578,-0.16091,-0.19167,-0.89964,-0.86,1.1,0.19,-0.60958,-0.23086,-0.16131,-0.74101,-0.85,1.08,0.19,-0.60958,-0.23086,-0.16131,-0.74101,-0.88,1.07,0.09,0.28605,0.00032,-0.37371,-0.88234,-0.89,1.09,0.13,0.18074,-0.03467,-0.28627,-0.94031,-0.89,1.1,0.16,-0.29928,-0.16339,-0.30867,-0.88795,-0.88,1.09,0.17,-0.53462,-0.28957,-0.25827,-0.75075,-0.86,1.08,0.18,-0.53462,-0.28957,-0.25827,-0.75075,-0.7,1.1,0.11,-0.3814,-0.14858,-0.09938,0.90697,-0.69,1.06,0.07,-0.3814,-0.14858,-0.09938,0.90697,-0.72,1.07,0.09,-0.4538,-0.18947,0.59618,0.63461,-0.75,1.08,0.11,-0.29099,-0.04012,0.54909,0.78244,-0.76,1.1,0.14,-0.17698,0.00402,0.62454,0.76066,-0.77,1.11,0.16,-0.17698,0.00402,0.62454,0.76066,-0.71,1.08,0.09,-0.3814,-0.14858,-0.09938,0.90697,-0.73,1.12,0.13,-0.04926,-0.22516,0.05623,0.97145,-0.74,1.13,0.16,0.31545,-0.19287,0.1096,0.92265,-0.75,1.11,0.18,0.44796,-0.14773,0.12834,0.87237,-0.75,1.09,0.19,0.44796,-0.14773,0.12834,0.87237,-0.7,1.08,0.1,-0.3814,-0.14858,-0.09938,0.90697,-0.71,1.12,0.13,-0.05254,-0.17773,-0.04907,0.98145,-0.72,1.13,0.17,0.43713,-0.18132,0.03166,0.88036,-0.73,1.11,0.19,0.71425,-0.14046,0.01871,0.68539,-0.73,1.08,0.19,0.71425,-0.14046,0.01871,0.68539,-0.68,1.08,0.1,-0.3814,-0.14858,-0.09938,0.90697,-0.69,1.12,0.14,-0.1502,-0.13639,-0.14355,0.96862,-0.7,1.13,0.17,0.43874,-0.21665,-0.07665,0.86873,-0.71,1.11,0.18,0.7617,-0.24324,-0.0131,0.6004,-0.72,1.09,0.18,0.7617,-0.24324,-0.0131,0.6004,-0.67,1.07,0.1,-0.30789,-0.09732,-0.33479,0.88524,-0.67,1.1,0.14,-0.31785,-0.06695,-0.25189,0.91162,-0.67,1.12,0.16,0.31159,-0.2237,-0.23791,0.89234,-0.68,1.11,0.18,0.67234,-0.34668,-0.12137,0.64268,-0.7,1.09,0.18,0.67234,-0.34668,-0.12137,0.64268,-0.81,1.08,0.19
-0.79,1.44,-0.16,-0.79,1.44,-0.16,-0.85,1.1,0.11,0.35256,-0.0625,-0.14348,-0.92261,-0.86,1.06,0.06,0.35256,-0.0625,-0.14348,-0.92261,-0.82,1.08,0.09,0.42015,-0.17049,0.55095,-0.70062,-0.8,1.09,0.1,0.19146,0.00333,0.50111,-0.84393,-0.8,1.1,0.14,0.08965,0.01754,0.57425,-0.81357,-0.79,1.11,0.16,0.08965,0.01754,0.57425,-0.81357,-0.84,1.08,0.09,0.35256,-0.0625,-0.14348,-0.92261,-0.83,1.12,0.13,0.03268,-0.09903,-0.07199,-0.99194,-0.82,1.12,0.16,-0.39734,-0.12563,-0.04785,-0.90777,-0.82,1.11,0.18,-0.56543,-0.10522,-0.02971,-0.81751,-0.81,1.09,0.19,-0.56543,-0.10522,-0.02971,-0.81751,-0.85,1.08,0.09,0.35256,-0.0625,-0.14348,-0.92261,-0.85,1.12,0.13,0.07906,-0.07855,-0.14399,-0.98328,-0.85,1.13,0.17,-0.37387,-0.13724,-0.10568,-0.91116,-0.84,1.11,0.19,-0.58702,-0.14256,-0.13328,-0.7857,-0.83,1.09,0.2,-0.58702,-0.14256,-0.13328,-0.7857,-0.87,1.07,0.09,0.35256,-0.0625,-0.14348,-0.92261,-0.87,1.11,0.13,0.14032,-0.0558,-0.20645,-0.96673,-0.87,1.12,0.17,-0.34454,-0.16763,-0.1917,-0.90357,-0.86,1.11,0.18,-0.5937,-0.23696,-0.16007,-0.75216,-0.84,1.09,0.19,-0.5937,-0.23696,-0.16007,-0.75216,-0.88,1.07,0.09,0.29132,-0.00664,-0.37824,-0.87865,-0.88,1.09,0.13,0.18717,-0.04163,-0.2901,-0.93759,-0.89,1.1,0.16,-0.28803,-0.17023,-0.30933,-0.89015,-0.88,1.1,0.17,-0.51853,-0.29456,-0.25835,-0.76001,-0.86,1.08,0.18,-0.51853,-0.29456,-0.25835,-0.76001,-0.71,1.1,0.12,-0.33766,-0.157,-0.09247,0.92346,-0.69,1.06,0.07,-0.33766,-0.157,-0.09247,0.92346,-0.73,1.07,0.09,-0.42481,-0.24269,0.59513,0.63754,-0.75,1.08,0.11,-0.2461,-0.08031,0.56465,0.78368,-0.77,1.09,0.14,-0.13691,-0.03939,0.64224,0.75314,-0.77,1.09,0.16,-0.13691,-0.03939,0.64224,0.75314,-0.72,1.08,0.09,-0.33766,-0.157,-0.09247,0.92346,-0.73,1.12,0.13,-0.12713,-0.22814,0.02001,0.96509,-0.75,1.12,0.17,0.21546,-0.21285,0.07168,0.95033,-0.76,1.11,0.18,0.35605,-0.17395,0.09133,0.91358,-0.76,1.1,0.2,0.35605,-0.17395,0.09133,0.91358,-0.7,1.07,0.1,-0.33766,-0.157,-0.09247,0.92346,-0.71,1.12,0.14,-0.14675,-0.17109,-0.06907,0.97181,-0.72,1.13,0.18,0.25652,-0.1868,-0.00728,0.94829,-0.73,1.12,0.2,0.48377,-0.1753,-0.02769,0.85701,-0.74,1.1,0.21,0.48377,-0.1753,-0.02769,0.85701,-0.68,1.08,0.1,-0.33766,-0.157,-0.09247,0.92346,-0.69,1.11,0.14,-0.2029,-0.12379,-0.14829,0.95996,-0.7,1.13,0.18,0.29676,-0.20213,-0.10555,0.92733,-0.71,1.11,0.19,0.58384,-0.24662,-0.06069,0.77112,-0.72,1.09,0.2,0.58384,-0.24662,-0.06069,0.77112,-0.68,1.07,0.11,-0.26448,-0.09399,-0.32521,0.90303,-0.68,1.1,0.14,-0.31644,-0.05682,-0.24131,0.91564,-0.67,1.11,0.17,0.24865,-0.19271,-0.24751,0.91639,-0.68,1.11,0.18,0.57221,-0.31507,-0.1627,0.73949,-0.7,1.09,0.19,0.57221,-0.31507,-0.1627,0.73949,-0.81,1.08,0.19
-0.79,1.44,-0.16,-0.79,1.44,-0.16,-0.85,1.1,0.11,0.35174,-0.06382,-0.14424,-0.92271,-0.86,1.06,0.06,0.35174,-0.06382,-0.14424,-0.92271,-0.82,1.08,0.09,0.4243,-0.17741,0.54702,-0.69947,-0.8,1.09,0.1,0.1927,-0.0034,0.49962,-0.84453,-0.79,1.1,0.13,0.08805,0.01316,0.57313,-0.81461,-0.79,1.1,0.16,0.08805,0.01316,0.57313,-0.81461,-0.84,1.08,0.09,0.35174,-0.06382,-0.14424,-0.92271,-0.83,1.12,0.13,0.03991,-0.09973,-0.07353,-0.99149,-0.82,1.12,0.16,-0.38901,-0.12702,-0.04913,-0.91111,-0.82,1.11,0.18,-0.55855,-0.10693,-0.03086,-0.82197,-0.81,1.09,0.19,-0.55855,-0.10693,-0.03086,-0.82197,-0.85,1.08,0.09,0.35174,-0.06382,-0.14424,-0.92271,-0.85,1.12,0.13,0.07912,-0.08079,-0.14381,-0.98312,-0.85,1.13,0.17,-0.36684,-0.13837,-0.10555,-0.91386,-0.84,1.11,0.19,-0.577,-0.14373,-0.13332,-0.79287,-0.83,1.09,0.2,-0.577,-0.14373,-0.13332,-0.79287,-0.87,1.07,0.09,0.35174,-0.06382,-0.14424,-0.92271,-0.87,1.11,0.13,0.13991,-0.05783,-0.20649,-0.96666,-0.87,1.12,0.17,-0.33479,-0.16736,-0.19241,-0.90713,-0.86,1.11,0.18,-0.57961,-0.23632,-0.16194,-0.76287,-0.84,1.09,0.19,-0.57961,-0.23632,-0.16194,-0.76287,-0.88,1.07,0.09,0.29014,-0.00775,-0.37886,-0.87876,-0.88,1.09,0.13,0.18587,-0.04322,-0.29049,-0.93765,-0.89,1.1,0.16,-0.27768,-0.16787,-0.31059,-0.89345,-0.88,1.1,0.17,-0.49891,-0.28957,-0.26322,-0.77327,-0.86,1.08,0.18,-0.49891,-0.28957,-0.26322,-0.77327,-0.71,1.09,0.12,-0.31248,-0.16645,-0.10174,0.92968,-0.69,1.06,0.07,-0.31248,-0.16645,-0.10174,0.92968,-0.73,1.07,0.09,-0.42543,-0.27118,0.57299,0.64588,-0.75,1.08,0.11,-0.22962,-0.10484,0.55265,0.79427,-0.77,1.08,0.14,-0.12398,-0.06839,0.633,0.7611,-0.77,1.09,0.16,-0.12398,-0.06839,0.633,0.7611,-0.72,1.07,0.09,-0.31248,-0.16645,-0.10174,0.92968,-0.73,1.11,0.13,-0.13893,-0.21324,-0.01409,0.96697,-0.75,1.12,0.17,0.20906,-0.21062,0.03553,0.95429,-0.76,1.11,0.19,0.35823,-0.17676,0.05658,0.915,-0.76,1.1,0.2,0.35823,-0.17676,0.05658,0.915,-0.7,1.07,0.1,-0.31248,-0.16645,-0.10174,0.92968,-0.71,1.11,0.14,-0.1171,-0.17518,-0.07937,0.97432,-0.73,1.12,0.18,0.27117,-0.19406,-0.0179,0.9426,-0.74,1.11,0.2,0.45862,-0.18419,-0.04045,0.86839,-0.74,1.09,0.21,0.45862,-0.18419,-0.04045,0.86839,-0.68,1.07,0.1,-0.31248,-0.16645,-0.10174,0.92968,-0.69,1.11,0.14,-0.17435,-0.13223,-0.15487,0.9634,-0.7,1.12,0.18,0.30147,-0.2091,-0.11223,0.92347,-0.71,1.11,0.2,0.54857,-0.25392,-0.07415,0.79316,-0.73,1.09,0.21,0.54857,-0.25392,-0.07415,0.79316,-0.68,1.07,0.11,-0.23673,-0.09722,-0.33177,0.90798,-0.68,1.09,0.15,-0.3068,-0.05791,-0.24786,0.91711,-0.68,1.11,0.17,0.25099,-0.19467,-0.25345,0.91371,-0.69,1.1,0.19,0.53069,-0.31076,-0.18303,0.767,-0.7,1.09,0.19,0.53069,-0.31076,-0.18303,0.767,-0.81,1.08,0.19
-0.79,1.44,-0.16,-0.79,1.44,-0.16,-0.85,1.1,0.11,0.35299,-0.06499,-0.1415,-0.92258,-0.86,1.06,0.06,0.35299,-0.06499,-0.1415,-0.92258,-0.82,1.08,0.09,0.4275,-0.18,0.54707,-0.69682,-0.8,1.09,0.1,0.19166,-0.00334,0.50089,-0.84402,-0.79,1.1,0.13,0.08382,0.01549,0.57397,-0.81443,-0.79,1.1,0.16,0.08382,0.01549,0.57397,-0.81443,-0.84,1.08,0.09,0.35299,-0.06499,-0.1415,-0.92258,-0.83,1.12,0.13,0.04971,-0.0989,-0.07198,-0.99125,-0.82,1.13,0.16,-0.38251,-0.12599,-0.04768,-0.91408,-0.82,1.11,0.18,-0.55458,-0.10578,-0.02954,-0.82485,-0.81,1.09,0.19,-0.55458,-0.10578,-0.02954,-0.82485,-0.85,1.08,0.09,0.35299,-0.06499,-0.1415,-0.92258,-0.85,1.12,0.13,0.0827,-0.08126,-0.14082,-0.98322,-0.85,1.13,0.17,-0.36387,-0.13752,-0.10263,-0.91551,-0.84,1.11,0.19,-0.5737,-0.14236,-0.13082,-0.79592,-0.83,1.09,0.2,-0.5737,-0.14236,-0.13082,-0.79592,-0.87,1.07,0.09,0.35299,-0.06499,-0.1415,-0.92258,-0.87,1.11,0.13,0.14131,-0.05935,-0.20317,-0.96707,-0.87,1.12,0.17,-0.33054,-0.16652,-0.1893,-0.90949,-0.86,1.11,0.18,-0.57373,-0.23439,-0.1597,-0.76837,-0.84,1.09,0.19,-0.57373,-0.23439,-0.1597,-0.76837,-0.88,1.07,0.09,0.29151,-0.00911,-0.37634,-0.87938,-0.88,1.09,0.13,0.18257,-0.04622,-0.2875,-0.93908,-0.89,1.1,0.16,-0.27155,-0.16564,-0.30798,-0.89665,-0.88,1.1,0.17,-0.48657,-0.28459,-0.26339,-0.78286,-0.86,1.08,0.18,-0.48657,-0.28459,-0.26339,-0.78286,-0.71,1.09,0.12,-0.30562,-0.17463,-0.10558,0.93003,-0.69,1.06,0.07,-0.30562,-0.17463,-0.10558,0.93003,-0.73,1.07,0.09,-0.43179,-0.27801,0.56249,0.64797,-0.75,1.08,0.11,-0.22819,-0.11054,0.54533,0.79895,-0.77,1.08,0.14,-0.12255,-0.07487,0.62665,0.76595,-0.77,1.09,0.16,-0.12255,-0.07487,0.62665,0.76595,-0.72,1.07,0.09,-0.30562,-0.17463,-0.10558,0.93003,-0.73,1.11,0.13,-0.12782,-0.19593,-0.02931,0.97181,-0.75,1.12,0.17,0.27761,-0.19811,0.02719,0.93965,-0.76,1.11,0.18,0.43755,-0.16424,0.05113,0.88259,-0.76,1.09,0.2,0.43755,-0.16424,0.05113,0.88259,-0.7,1.07,0.1,-0.30562,-0.17463,-0.10558,0.93003,-0.71,1.11,0.14,-0.04755,-0.1852,-0.07127,0.97896,-0.73,1.12,0.18,0.3546,-0.19934,-0.00291,0.91352,-0.74,1.1,0.2,0.52724,-0.18137,-0.02456,0.82977,-0.75,1.08,0.21,0.52724,-0.18137,-0.02456,0.82977,-0.68,1.07,0.1,-0.30562,-0.17463,-0.10558,0.93003,-0.7,1.1,0.14,-0.10966,-0.14936,-0.1481,0.97146,-0.7,1.11,0.18,0.36832,-0.21898,-0.09826,0.89818,-0.72,1.1,0.2,0.59599,-0.25736,-0.06214,0.75809,-0.73,1.08,0.2,0.59599,-0.25736,-0.06214,0.75809,-0.68,1.07,0.11,-0.22785,-0.10373,-0.33445,0.90855,-0.68,1.09,0.15,-0.29615,-0.06513,-0.251,0.91927,-0.68,1.11,0.17,0.28053,-0.20643,-0.24881,0.90376,-0.69,1.1,0.19,0.54005,-0.3168,-0.18176,0.75825,-0.7,1.09,0.19,0.54005,-0.3168,-0.18176,0.75825,-0.81,1.08,0.19
-0.79,1.44,-0.16,-0.79,1.44,-0.16,-0.85,1.1,0.11,0.36324,-0.07083,-0.12667,-0.92032,-0.86,1.06,0.06,0.36324,-0.07083,-0.12667,-0.92032,-0.82,1.08,0.08,0.42979,-0.17551,0.56219,-0.68441,-0.8,1.09,0.1,0.19444,0.00769,0.51492,-0.83486,-0.79,1.1,0.13,0.07569,0.03577,0.58498,-0.80672,-0.79,1.1,0.16,0.07569,0.03577,0.58498,-0.80672,-0.84,1.08,0.08,0.36324,-0.07083,-0.12667,-0.92032,-0.83,1.12,0.12,0.05842,-0.09833,-0.0567,-0.99182,-0.82,1.13,0.16,-0.39198,-0.11978,-0.03184,-0.91159,-0.82,1.11,0.18,-0.56884,-0.09672,-0.01412,-0.81662,-0.81,1.09,0.18,-0.56884,-0.09672,-0.01412,-0.81662,-0.85,1.08,0.09,0.36324,-0.07083,-0.12667,-0.92032,-0.85,1.12,0.13,0.09125,-0.08378,-0.12468,-0.98443,-0.85,1.13,0.17,-0.36216,-0.13322,-0.0863,-0.9185,-0.84,1.11,0.19,-0.57476,-0.1347,-0.116,-0.79878,-0.83,1.09,0.19,-0.57476,-0.1347,-0.116,-0.79878,-0.87,1.08,0.09,0.36324,-0.07083,-0.12667,-0.92032,-0.87,1.11,0.13,0.14647,-0.06487,-0.18699,-0.96921,-0.87,1.12,0.16,-0.32953,-0.16438,-0.17214,-0.91365,-0.86,1.11,0.18,-0.57636,-0.22782,-0.14351,-0.77157,-0.84,1.09,0.19,-0.57636,-0.22782,-0.14351,-0.77157,-0.88,1.07,0.09,0.30233,-0.01693,-0.36285,-0.88128,-0.88,1.1,0.13,0.18227,-0.0546,-0.27274,-0.94308,-0.88,1.11,0.16,-0.28026,-0.16824,-0.2905,-0.89931,-0.87,1.1,0.17,-0.50267,-0.28429,-0.24435,-0.77897,-0.86,1.09,0.18,-0.50267,-0.28429,-0.24435,-0.77897,-0.71,1.1,0.11,-0.32819,-0.19666,-0.1209,0.91597,-0.69,1.06,0.07,-0.32819,-0.19666,-0.1209,0.91597,-0.73,1.07,0.09,-0.46208,-0.27006,0.55361,0.63802,-0.75,1.08,0.1,-0.26438,-0.1113,0.5332,0.79587,-0.77,1.09,0.13,-0.15544,-0.0708,0.61637,0.76871,-0.78,1.09,0.15,-0.15544,-0.0708,0.61637,0.76871,-0.72,1.08,0.09,-0.32819,-0.19666,-0.1209,0.91597,-0.73,1.12,0.13,-0.10758,-0.21619,-0.03111,0.96991,-0.75,1.12,0.16,0.35102,-0.21449,0.04669,0.91028,-0.76,1.11,0.18,0.51658,-0.17549,0.07809,0.83441,-0.76,1.09,0.19,0.51658,-0.17549,0.07809,0.83441,-0.7,1.08,0.09,-0.32819,-0.19666,-0.1209,0.91597,-0.71,1.12,0.13,0.0045,-0.21702,-0.0628,0.97413,-0.73,1.12,0.17,0.43789,-0.22336,0.02714,0.87041,-0.74,1.1,0.19,0.61634,-0.19281,0.01336,0.76339,-0.75,1.07,0.19,0.61634,-0.19281,0.01336,0.76339,-0.68,1.08,0.1,-0.32819,-0.19666,-0.1209,0.91597,-0.7,1.11,0.14,-0.06673,-0.18533,-0.14741,0.96926,-0.71,1.12,0.18,0.44796,-0.25163,-0.07009,0.85504,-0.72,1.1,0.19,0.67912,-0.27802,-0.02259,0.67896,-0.73,1.08,0.19,0.67912,-0.27802,-0.02259,0.67896,-0.68,1.07,0.11,-0.24325,-0.13199,-0.34914,0.89527,-0.68,1.09,0.14,-0.28224,-0.09652,-0.26765,0.91618,-0.68,1.11,0.17,0.34849,-0.25441,-0.23158,0.87189,-0.69,1.1,0.18,0.61732,-0.35922,-0.14326,0.68509,-0.71,1.09,0.18,0.61732,-0.35922,-0.14326,0.68509,-0.81,1.08,0.19
-0.79,1.44,-0.16,-0.79,1.44,-0.16,-0.85,1.1,0.1,0.37614,-0.08006,-0.10402,-0.91722,-0.86,1.06,0.06,0.37614,-0.08006,-0.10402,-0.91722,-0.82,1.08,0.08,0.42985,-0.16979,0.58591,-0.66567,-0.8,1.09,0.1,0.20068,0.02076,0.53699,-0.81911,-0.79,1.1,0.13,0.07438,0.0577,0.6034,-0.79186,-0.79,1.1,0.16,0.07438,0.0577,0.6034,-0.79186,-0.83,1.08,0.08,0.37614,-0.08006,-0.10402,-0.91722,-0.83,1.12,0.12,0.06798,-0.09701,-0.03381,-0.99238,-0.82,1.13,0.16,-0.39096,-0.10873,-0.01104,-0.9139,-0.82,1.11,0.17,-0.5707,-0.08174,0.00434,-0.81707,-0.81,1.09,0.18,-0.5707,-0.08174,0.00434,-0.81707,-0.85,1.08,0.08,0.37614,-0.08006,-0.10402,-0.91722,-0.85,1.12,0.12,0.09481,-0.088,-0.0995,-0.98659,-0.84,1.13,0.16,-0.36122,-0.12579,-0.06178,-0.92189,-0.84,1.11,0.18,-0.57515,-0.12186,-0.09414,-0.80342,-0.83,1.09,0.19,-0.57515,-0.12186,-0.09414,-0.80342,-0.87,1.08,0.09,0.37614,-0.08006,-0.10402,-0.91722,-0.87,1.11,0.13,0.14986,-0.07286,-0.16202,-0.97262,-0.86,1.13,0.16,-0.32938,-0.15987,-0.1464,-0.91898,-0.85,1.11,0.18,-0.58103,-0.21651,-0.11974,-0.77536,-0.84,1.09,0.19,-0.58103,-0.21651,-0.11974,-0.77536,-0.88,1.07,0.09,0.31615,-0.02855,-0.34192,-0.88449,-0.88,1.1,0.13,0.18412,-0.06749,-0.24866,-0.94853,-0.88,1.11,0.15,-0.29146,-0.17135,-0.26231,-0.90382,-0.87,1.1,0.17,-0.52793,-0.28264,-0.21323,-0.77197,-0.86,1.09,0.18,-0.52793,-0.28264,-0.21323,-0.77197,-0.71,1.1,0.11,-0.35052,-0.21429,-0.13143,0.90219,-0.68,1.06,0.07,-0.35052,-0.21429,-0.13143,0.90219,-0.73,1.07,0.09,-0.47593,-0.25509,0.56156,0.62696,-0.75,1.08,0.1,-0.28992,-0.1018,0.53536,0.78675,-0.77,1.09,0.13,-0.17964,-0.05771,0.61803,0.76318,-0.78,1.1,0.15,-0.17964,-0.05771,0.61803,0.76318,-0.72,1.08,0.09,-0.35052,-0.21429,-0.13143,0.90219,-0.73,1.12,0.12,-0.06011,-0.24269,-0.01224,0.96816,-0.75,1.12,0.16,0.39832,-0.22785,0.07665,0.88518,-0.76,1.11,0.17,0.56421,-0.18201,0.11306,0.79735,-0.76,1.09,0.18,0.56421,-0.18201,0.11306,0.79735,-0.7,1.08,0.09,-0.35052,-0.21429,-0.13143,0.90219,-0.71,1.12,0.13,-0.019,-0.23856,-0.06575,0.96871,-0.73,1.12,0.17,0.40599,-0.24462,0.03171,0.87996,-0.74,1.1,0.18,0.60217,-0.21335,0.02415,0.76895,-0.75,1.08,0.19,0.60217,-0.21335,0.02415,0.76895,-0.68,1.08,0.1,-0.35052,-0.21429,-0.13143,0.90219,-0.7,1.11,0.14,-0.09641,-0.20615,-0.15511,0.96133,-0.71,1.12,0.17,0.41979,-0.27457,-0.06502,0.86265,-0.73,1.1,0.19,0.67307,-0.2981,-0.00409,0.67682,-0.74,1.08,0.18,0.67307,-0.2981,-0.00409,0.67682,-0.68,1.07,0.11,-0.25999,-0.15581,-0.35928,0.88264,-0.68,1.1,0.14,-0.28151,-0.12099,-0.279,0.91009,-0.68,1.12,0.17,0.36726,-0.28526,-0.21953,0.85765,-0.7,1.11,0.18,0.65865,-0.38693,-0.10718,0.63638,-0.71,1.09,0.18,0.65865,-0.38693,-0.10718,0.63638,-0.81,1.08,0.19
-0.79,1.44,-0.15,-0.79,1.44,-0.15,-0.85,1.1,0.1,0.36687,-0.07504,-0.1052,-0.92125,-0.86,1.06,0.06,0.36687,-0.07504,-0.1052,-0.92125,-0.82,1.07,0.09,0.41198,-0.16462,0.59193,-0.6729,-0.8,1.09,0.1,0.18247,0.02906,0.54113,-0.82039,-0.8,1.1,0.14,0.05705,0.0636,0.60599,-0.79087,-0.8,1.1,0.16,0.05705,0.0636,0.60599,-0.79087,-0.84,1.08,0.08,0.36687,-0.07504,-0.1052,-0.92125,-0.83,1.12,0.12,0.0545,-0.08977,-0.0386,-0.99372,-0.82,1.13,0.16,-0.39332,-0.1039,-0.01987,-0.91329,-0.82,1.11,0.18,-0.57055,-0.07872,-0.0055,-0.81747,-0.81,1.09,0.18,-0.57055,-0.07872,-0.0055,-0.81747,-0.85,1.08,0.08,0.36687,-0.07504,-0.1052,-0.92125,-0.85,1.12,0.12,0.07713,-0.08407,-0.10119,-0.9883,-0.84,1.13,0.17,-0.36548,-0.12195,-0.06671,-0.92038,-0.84,1.11,0.19,-0.57157,-0.11863,-0.10012,-0.80573,-0.83,1.09,0.19,-0.57157,-0.11863,-0.10012,-0.80573,-0.87,1.08,0.09,0.36687,-0.07504,-0.1052,-0.92125,-0.87,1.11,0.13,0.13688,-0.0683,-0.16357,-0.9746,-0.86,1.12,0.16,-0.33417,-0.15494,-0.15125,-0.9173,-0.85,1.11,0.18,-0.58186,-0.21275,-0.12652,-0.7747,-0.84,1.09,0.19,-0.58186,-0.21275,-0.12652,-0.7747,-0.88,1.07,0.09,0.30798,-0.02123,-0.34269,-0.88728,-0.88,1.1,0.13,0.17511,-0.06415,-0.249,-0.95038,-0.88,1.11,0.16,-0.30001,-0.16786,-0.26414,-0.90114,-0.87,1.1,0.17,-0.53749,-0.28028,-0.21569,-0.76553,-0.86,1.08,0.18,-0.53749,-0.28028,-0.21569,-0.76553,-0.71,1.1,0.12,-0.3273,-0.21902,-0.12878,0.91012,-0.68,1.06,0.07,-0.3273,-0.21902,-0.12878,0.91012,-0.73,1.07,0.09,-0.44901,-0.27602,0.57276,0.62781,-0.75,1.08,0.1,-0.27426,-0.12511,0.55032,0.77864,-0.77,1.09,0.13,-0.17467,-0.08692,0.63377,0.74851,-0.78,1.09,0.15,-0.17467,-0.08692,0.63377,0.74851,-0.72,1.07,0.09,-0.3273,-0.21902,-0.12878,0.91012,-0.74,1.12,0.13,0.02842,-0.26711,0.02798,0.96284,-0.76,1.11,0.16,0.46404,-0.23035,0.12015,0.84686,-0.76,1.09,0.17,0.61972,-0.17588,0.15818,0.74833,-0.76,1.07,0.18,0.61972,-0.17588,0.15818,0.74833,-0.7,1.07,0.1,-0.3273,-0.21902,-0.12878,0.91012,-0.72,1.12,0.14,-0.0473,-0.23922,-0.074,0.96698,-0.73,1.12,0.17,0.34599,-0.24994,0.01531,0.90421,-0.75,1.1,0.19,0.54406,-0.22651,0.0074,0.80786,-0.76,1.08,0.2,0.54406,-0.22651,0.0074,0.80786,-0.68,1.07,0.1,-0.3273,-0.21902,-0.12878,0.91012,-0.7,1.11,0.14,-0.12525,-0.19974,-0.16211,0.95819,-0.71,1.12,0.18,0.36388,-0.27157,-0.08211,0.88719,-0.73,1.1,0.19,0.62033,-0.30267,-0.02236,0.72325,-0.74,1.08,0.19,0.62033,-0.30267,-0.02236,0.72325,-0.68,1.07,0.11,-0.23676,-0.15441,-0.35502,0.8911,-0.68,1.09,0.15,-0.24567,-0.12713,-0.27234,0.92158,-0.69,1.11,0.17,0.3761,-0.2766,-0.21861,0.85688,-0.7,1.1,0.18,0.65908,-0.37764,-0.11407,0.6403,-0.71,1.08,0.18,0.65908,-0.37764,-0.11407,0.6403,-0.81,1.08,0.19
-0.79,1.45,-0.15,-0.79,1.45,-0.15,-0.85,1.1,0.11,0.3514,-0.07378,-0.11164,-0.92661,-0.86,1.06,0.06,0.3514,-0.07378,-0.11164,-0.92661,-0.82,1.07,0.09,0.39973,-0.16905,0.58756,-0.68295,-0.8,1.09,0.11,0.1678,0.02443,0.53809,-0.82565,-0.8,1.1,0.14,0.04915,0.05216,0.60422,-0.79358,-0.8,1.1,0.16,0.04915,0.05216,0.60422,-0.79358,-0.84,1.08,0.08,0.3514,-0.07378,-0.11164,-0.92661,-0.83,1.12,0.13,0.03126,-0.08949,-0.04561,-0.99445,-0.82,1.12,0.16,-0.39561,-0.10557,-0.02864,-0.91188,-0.82,1.11,0.18,-0.56458,-0.08185,-0.01467,-0.82118,-0.81,1.09,0.19,-0.56458,-0.08185,-0.01467,-0.82118,-0.85,1.08,0.09,0.3514,-0.07378,-0.11164,-0.92661,-0.85,1.12,0.13,0.05707,-0.08473,-0.1071,-0.98899,-0.84,1.13,0.17,-0.36204,-0.12316,-0.07466,-0.92097,-0.84,1.11,0.19,-0.55223,-0.12079,-0.1084,-0.81774,-0.83,1.09,0.2,-0.55223,-0.12079,-0.1084,-0.81774,-0.87,1.08,0.09,0.3514,-0.07378,-0.11164,-0.92661,-0.87,1.11,0.13,0.11825,-0.06786,-0.16926,-0.97609,-0.86,1.12,0.17,-0.33295,-0.15346,-0.15948,-0.9166,-0.85,1.1,0.18,-0.56768,-0.21225,-0.1372,-0.7835,-0.84,1.09,0.19,-0.56768,-0.21225,-0.1372,-0.7835,-0.88,1.07,0.09,0.29226,-0.01617,-0.34788,-0.89068,-0.88,1.1,0.13,0.15959,-0.06336,-0.25394,-0.95186,-0.88,1.11,0.16,-0.30073,-0.16441,-0.27057,-0.89962,-0.87,1.1,0.17,-0.5263,-0.27594,-0.22633,-0.77178,-0.86,1.08,0.18,-0.5263,-0.27594,-0.22633,-0.77178,-0.71,1.09,0.12,-0.31256,-0.21819,-0.13502,0.91459,-0.68,1.06,0.07,-0.31256,-0.21819,-0.13502,0.91459,-0.73,1.07,0.09,-0.43744,-0.28886,0.56868,0.63389,-0.75,1.08,0.11,-0.26536,-0.14098,0.5485,0.7803,-0.77,1.08,0.13,-0.17334,-0.10875,0.63287,0.74673,-0.78,1.09,0.15,-0.17334,-0.10875,0.63287,0.74673,-0.72,1.07,0.09,-0.31256,-0.21819,-0.13502,0.91459,-0.74,1.11,0.13,0.04599,-0.27493,0.02709,0.95998,-0.76,1.11,0.16,0.46111,-0.23976,0.11783,0.84617,-0.76,1.09,0.17,0.61338,-0.18631,0.15671,0.75133,-0.76,1.07,0.18,0.61338,-0.18631,0.15671,0.75133,-0.7,1.07,0.1,-0.31256,-0.21819,-0.13502,0.91459,-0.72,1.11,0.14,-0.0899,-0.23309,-0.09571,0.96355,-0.73,1.12,0.17,0.28232,-0.25329,-0.01329,0.92518,-0.75,1.11,0.19,0.46275,-0.24066,-0.02485,0.85283,-0.76,1.09,0.21,0.46275,-0.24066,-0.02485,0.85283,-0.68,1.07,0.11,-0.31256,-0.21819,-0.13502,0.91459,-0.7,1.11,0.14,-0.14958,-0.19106,-0.17652,0.95392,-0.71,1.12,0.18,0.31053,-0.26887,-0.10654,0.9055,-0.73,1.11,0.19,0.55106,-0.30894,-0.05263,0.77338,-0.74,1.09,0.2,0.55106,-0.30894,-0.05263,0.77338,-0.68,1.07,0.11,-0.2217,-0.15004,-0.35992,0.89375,-0.68,1.09,0.15,-0.22527,-0.12957,-0.2755,0.92551,-0.69,1.11,0.17,0.32762,-0.26235,-0.23759,0.87601,-0.7,1.1,0.19,0.57833,-0.36538,-0.15473,0.7128,-0.71,1.08,0.19,0.57833,-0.36538,-0.15473,0.7128,-0.81,1.08,0.19
-0.79,1.45,-0.16,-0.79,1.45,-0.16,-0.85,1.1,0.11,0.34015,-0.07376,-0.11534,-0.93035,-0.86,1.06,0.06,0.34015,-0.07376,-0.11534,-0.93035,-0.82,1.07,0.09,0.39418,-0.17445,0.58233,-0.68926,-0.8,1.08,0.11,0.16083,0.01775,0.53457,-0.82949,-0.8,1.09,0.14,0.04943,0.03923,0.60233,-0.79575,-0.8,1.1,0.16,0.04943,0.03923,0.60233,-0.79575,-0.84,1.08,0.08,0.34015,-0.07376,-0.11534,-0.93035,-0.83,1.12,0.13,0.01347,-0.09119,-0.04836,-0.99457,-0.82,1.12,0.16,-0.40575,-0.10761,-0.03122,-0.90709,-0.82,1.1,0.18,-0.56977,-0.08414,-0.017,-0.81731,-0.81,1.08,0.19,-0.56977,-0.08414,-0.017,-0.81731,-0.85,1.08,0.09,0.34015,-0.07376,-0.11534,-0.93035,-0.85,1.12,0.13,0.04219,-0.08602,-0.11004,-0.9893,-0.84,1.12,0.17,-0.3697,-0.12486,-0.07761,-0.91745,-0.84,1.11,0.19,-0.55352,-0.12218,-0.11106,-0.81631,-0.83,1.08,0.2,-0.55352,-0.12218,-0.11106,-0.81631,-0.87,1.07,0.09,0.34015,-0.07376,-0.11534,-0.93035,-0.87,1.11,0.13,0.10456,-0.0684,-0.17215,-0.97711,-0.86,1.12,0.17,-0.33874,-0.15352,-0.16303,-0.91384,-0.85,1.1,0.19,-0.56628,-0.21234,-0.14189,-0.78365,-0.84,1.08,0.19,-0.56628,-0.21234,-0.14189,-0.78365,-0.88,1.07,0.09,0.28078,-0.01337,-0.35066,-0.89332,-0.88,1.09,0.13,0.14684,-0.06318,-0.25675,-0.95317,-0.88,1.1,0.16,-0.30454,-0.16221,-0.2741,-0.89767,-0.87,1.09,0.17,-0.52123,-0.2726,-0.23295,-0.77443,-0.86,1.08,0.18,-0.52123,-0.2726,-0.23295,-0.77443,-0.71,1.09,0.12,-0.29478,-0.21383,-0.13247,0.92186,-0.68,1.06,0.07,-0.29478,-0.21383,-0.13247,0.92186,-0.73,1.07,0.09,-0.42706,-0.30224,0.56283,0.63991,-0.75,1.08,0.11,-0.25489,-0.15597,0.54557,0.78298,-0.77,1.08,0.13,-0.16624,-0.12662,0.63084,0.74724,-0.78,1.09,0.16,-0.16624,-0.12662,0.63084,0.74724,-0.72,1.07,0.09,-0.29478,-0.21383,-0.13247,0.92186,-0.74,1.11,0.13,0.04522,-0.27023,0.0197,0.96153,-0.76,1.11,0.16,0.45252,-0.23978,0.10673,0.85225,-0.76,1.09,0.18,0.608,-0.18814,0.14596,0.75738,-0.77,1.07,0.18,0.608,-0.18814,0.14596,0.75738,-0.7,1.07,0.1,-0.29478,-0.21383,-0.13247,0.92186,-0.72,1.11,0.14,-0.09172,-0.22084,-0.10178,0.96564,-0.73,1.12,0.18,0.27731,-0.24416,-0.02458,0.92891,-0.75,1.11,0.2,0.44824,-0.23417,-0.03945,0.86179,-0.76,1.09,0.21,0.44824,-0.23417,-0.03945,0.86179,-0.68,1.07,0.11,-0.29478,-0.21383,-0.13247,0.92186,-0.7,1.1,0.15,-0.13455,-0.18188,-0.17553,0.95813,-0.71,1.12,0.18,0.30882,-0.25778,-0.1146,0.90832,-0.72,1.1,0.2,0.53282,-0.30012,-0.06851,0.78825,-0.74,1.08,0.21,0.53282,-0.30012,-0.06851,0.78825,-0.68,1.07,0.11,-0.20562,-0.14107,-0.35655,0.90038,-0.68,1.09,0.15,-0.19434,-0.12915,-0.26966,0.93426,-0.69,1.1,0.18,0.31334,-0.24495,-0.24384,0.88451,-0.7,1.09,0.19,0.53684,-0.34535,-0.17824,0.74885,-0.71,1.08,0.2,0.53684,-0.34535,-0.17824,0.74885,-0.81,1.08,0.19
-0.79,1.45,-0.16,-0.79,1.45,-0.16,-0.85,1.1,0.11,0.33361,-0.07468,-0.12046,-0.932,-0.86,1.06,0.06,0.33361,-0.07468,-0.12046,-0.932,-0.82,1.07,0.09,0.39475,-0.1759,0.57496,-0.69474,-0.8,1.09,0.11,0.16065,0.01326,0.52755,-0.83409,-0.8,1.09,0.14,0.05588,0.02914,0.59695,-0.7998,-0.8,1.1,0.16,0.05588,0.02914,0.59695,-0.7998,-0.84,1.08,0.09,0.33361,-0.07468,-0.12046,-0.932,-0.83,1.12,0.13,0.00106,-0.09502,-0.05154,-0.99414,-0.82,1.12,0.16,-0.41315,-0.11195,-0.03302,-0.90315,-0.82,1.1,0.18,-0.57408,-0.08862,-0.01803,-0.81379,-0.81,1.08,0.19,-0.57408,-0.08862,-0.01803,-0.81379,-0.85,1.08,0.09,0.33361,-0.07468,-0.12046,-0.932,-0.85,1.12,0.13,0.03137,-0.08964,-0.1135,-0.98899,-0.84,1.12,0.17,-0.37535,-0.1291,-0.07985,-0.91437,-0.84,1.1,0.19,-0.55701,-0.12627,-0.11235,-0.81313,-0.83,1.08,0.2,-0.55701,-0.12627,-0.11235,-0.81313,-0.87,1.07,0.09,0.33361,-0.07468,-0.12046,-0.932,-0.87,1.11,0.13,0.09614,-0.07115,-0.17601,-0.9771,-0.86,1.12,0.17,-0.3438,-0.1569,-0.16575,-0.91088,-0.85,1.1,0.19,-0.56884,-0.21595,-0.14402,-0.78042,-0.84,1.08,0.19,-0.56884,-0.21595,-0.14402,-0.78042,-0.88,1.07,0.09,0.27351,-0.01277,-0.35502,-0.89386,-0.88,1.09,0.13,0.13745,-0.06553,-0.26077,-0.95332,-0.88,1.1,0.16,-0.31126,-0.16483,-0.27673,-0.89407,-0.87,1.09,0.17,-0.52575,-0.27544,-0.23536,-0.76963,-0.86,1.08,0.18,-0.52575,-0.27544,-0.23536,-0.76963,-0.71,1.09,0.12,-0.27108,-0.20993,-0.11453,0.93238,-0.68,1.06,0.07,-0.27108,-0.20993,-0.11453,0.93238,-0.73,1.07,0.09,-0.44081,-0.32415,0.53079,0.64721,-0.75,1.07,0.1,-0.2642,-0.18662,0.51852,0.79152,-0.77,1.08,0.13,-0.17956,-0.1599,0.60782,0.7568,-0.79,1.09,0.15,-0.17956,-0.1599,0.60782,0.7568,-0.72,1.07,0.09,-0.27108,-0.20993,-0.11453,0.93238,-0.74,1.11,0.14,-0.01385,-0.25095,0.00023,0.9679,-0.76,1.11,0.17,0.40985,-0.23122,0.08338,0.87841,-0.76,1.09,0.18,0.59545,-0.18091,0.12616,0.77253,-0.77,1.07,0.19,0.59545,-0.18091,0.12616,0.77253,-0.7,1.07,0.1,-0.27108,-0.20993,-0.11453,0.93238,-0.72,1.11,0.14,-0.08706,-0.19891,-0.09498,0.97151,-0.73,1.12,0.18,0.29305,-0.22146,-0.02428,0.92978,-0.74,1.1,0.2,0.4656,-0.21087,-0.0428,0.85844,-0.75,1.08,0.21,0.4656,-0.21087,-0.0428,0.85844,-0.68,1.07,0.11,-0.27108,-0.20993,-0.11453,0.93238,-0.7,1.1,0.15,-0.10402,-0.1698,-0.1579,0.96717,-0.71,1.11,0.18,0.3275,-0.23666,-0.10784,0.90835,-0.72,1.1,0.2,0.54096,-0.27735,-0.07059,0.79086,-0.74,1.08,0.21,0.54096,-0.27735,-0.07059,0.79086,-0.68,1.07,0.11,-0.18581,-0.13059,-0.3381,0.9133,-0.68,1.09,0.15,-0.14749,-0.13144,-0.2471,0.94864,-0.69,1.1,0.18,0.32156,-0.22249,-0.23175,0.89072,-0.7,1.09,0.19,0.5226,-0.3159,-0.18225,0.77064,-0.71,1.07,0.2,0.5226,-0.3159,-0.18225,0.77064,-0.81,1.08,0.19
-0.78,1.45,-0.16,-0.78,1.45,-0.16,-0.85,1.1,0.11,0.32967,-0.07578,-0.12431,-0.9328,-0.86,1.06,0.06,0.32967,-0.07578,-0.12431,-0.9328,-0.82,1.07,0.09,0.39465,-0.176,0.57069,-0.69828,-0.8,1.09,0.11,0.16053,0.01114,0.52321,-0.83688,-0.8,1.09,0.14,0.05667,0.02594,0.59314,-0.80268,-0.8,1.1,0.16,0.05667,0.02594,0.59314,-0.80268,-0.84,1.08,0.09,0.32967,-0.07578,-0.12431,-0.9328,-0.83,1.12,0.13,-0.00622,-0.09863,-0.05361,-0.99366,-0.82,1.12,0.16,-0.41772,-0.11584,-0.03369,-0.90053,-0.82,1.1,0.18,-0.57721,-0.0925,-0.01796,-0.81114,-0.81,1.08,0.19,-0.57721,-0.0925,-0.01796,-0.81114,-0.85,1.08,0.09,0.32967,-0.07578,-0.12431,-0.9328,-0.85,1.12,0.13,0.02434,-0.09297,-0.11588,-0.9886,-0.84,1.12,0.17,-0.38128,-0.13298,-0.08073,-0.91128,-0.84,1.1,0.19,-0.56339,-0.12992,-0.11222,-0.80816,-0.83,1.08,0.2,-0.56339,-0.12992,-0.11222,-0.80816,-0.87,1.07,0.09,0.32967,-0.07578,-0.12431,-0.9328,-0.87,1.11,0.13,0.09034,-0.07366,-0.17888,-0.97694,-0.86,1.12,0.17,-0.35084,-0.16049,-0.16701,-0.90734,-0.85,1.1,0.19,-0.5767,-0.21978,-0.14403,-0.77355,-0.84,1.08,0.19,-0.5767,-0.21978,-0.14403,-0.77355,-0.88,1.07,0.09,0.26891,-0.01298,-0.35834,-0.89393,-0.88,1.09,0.13,0.13166,-0.06738,-0.26394,-0.95313,-0.88,1.1,0.16,-0.32056,-0.16864,-0.27803,-0.88966,-0.87,1.09,0.17,-0.53879,-0.28072,-0.23434,-0.75893,-0.86,1.08,0.18,-0.53879,-0.28072,-0.23434,-0.75893,-0.71,1.09,0.12,-0.26574,-0.2091,-0.09343,0.93645,-0.68,1.06,0.07,-0.26574,-0.2091,-0.09343,0.93645,-0.73,1.07,0.09,-0.46337,-0.32189,0.5069,0.65171,-0.75,1.08,0.1,-0.28412,-0.1921,0.49341,0.79932,-0.77,1.08,0.13,-0.19245,-0.1606,0.58609,0.7705,-0.79,1.09,0.15,-0.19245,-0.1606,0.58609,0.7705,-0.72,1.07,0.09,-0.26574,-0.2091,-0.09343,0.93645,-0.74,1.11,0.14,-0.06871,-0.229,-0.00586,0.97098,-0.76,1.11,0.17,0.3969,-0.21255,0.07724,0.88957,-0.76,1.09,0.18,0.61349,-0.16013,0.12216,0.76359,-0.76,1.07,0.19,0.61349,-0.16013,0.12216,0.76359,-0.7,1.07,0.1,-0.26574,-0.2091,-0.09343,0.93645,-0.72,1.11,0.14,-0.10767,-0.18041,-0.08448,0.97402,-0.73,1.12,0.18,0.29201,-0.20098,-0.018,0.93489,-0.74,1.1,0.2,0.47553,-0.18966,-0.03921,0.85811,-0.75,1.08,0.22,0.47553,-0.18966,-0.03921,0.85811,-0.68,1.07,0.11,-0.26574,-0.2091,-0.09343,0.93645,-0.7,1.1,0.15,-0.09621,-0.1608,-0.13841,0.97249,-0.71,1.11,0.18,0.33622,-0.21986,-0.09455,0.91087,-0.72,1.09,0.2,0.55106,-0.25777,-0.06192,0.79123,-0.73,1.07,0.21,0.55106,-0.25777,-0.06192,0.79123,-0.68,1.07,0.11,-0.18369,-0.12773,-0.31778,0.92139,-0.68,1.09,0.15,-0.13118,-0.13216,-0.22482,0.95644,-0.69,1.1,0.18,0.32861,-0.20916,-0.21398,0.89581,-0.7,1.09,0.19,0.5263,-0.29785,-0.17048,0.77796,-0.71,1.07,0.2,0.5263,-0.29785,-0.17048,0.77796,-0.81,1.08,0.19
-0.78,1.45,-0.16,-0.78,1.45,-0.16,-0.85,1.1,0.11,0.33639,-0.07413,-0.12779,-0.93006,-0.86,1.06,0.06,0.33639,-0.07413,-0.12779,-0.93006,-0.82,1.07,0.09,0.39895,-0.16721,0.56958,-0.6989,-0.8,1.09,0.11,0.16588,0.01825,0.51911,-0.83826,-0.8,1.1,0.14,0.05833,0.03528,0.58845,-0.80566,-0.8,1.1,0.16,0.05833,0.03528,0.58845,-0.80566,-0.84,1.08,0.09,0.33639,-0.07413,-0.12779,-0.93006,-0.83,1.12,0.13,-0.0033,-0.09869,-0.05667,-0.9935,-0.82,1.12,0.16,-0.41674,-0.1173,-0.0362,-0.9007,-0.82,1.1,0.18,-0.57722,-0.09444,-0.02007,-0.81086,-0.81,1.08,0.19,-0.57722,-0.09444,-0.02007,-0.81086,-0.85,1.08,0.09,0.33639,-0.07413,-0.12779,-0.93006,-0.85,1.12,0.13,0.02648,-0.09336,-0.11922,-0.98811,-0.84,1.12,0.17,-0.38666,-0.13541,-0.08251,-0.90849,-0.84,1.1,0.19,-0.57558,-0.13281,-0.11285,-0.79896,-0.83,1.08,0.2,-0.57558,-0.13281,-0.11285,-0.79896,-0.87,1.07,0.09,0.33639,-0.07413,-0.12779,-0.93006,-0.87,1.11,0.13,0.09437,-0.074,-0.18257,-0.97585,-0.86,1.12,0.17,-0.35768,-0.16452,-0.16835,-0.90369,-0.85,1.1,0.19,-0.59074,-0.22485,-0.14261,-0.76166,-0.84,1.08,0.19,-0.59074,-0.22485,-0.14261,-0.76166,-0.88,1.07,0.09,0.27533,-0.01322,-0.36211,-0.89045,-0.88,1.09,0.13,0.13851,-0.06848,-0.26737,-0.95112,-0.88,1.1,0.16,-0.32507,-0.17508,-0.27889,-0.88651,-0.87,1.09,0.17,-0.55592,-0.2907,-0.22904,-0.7443,-0.86,1.08,0.18,-0.55592,-0.2907,-0.22904,-0.7443,-0.71,1.09,0.12,-0.27441,-0.21134,-0.08877,0.93389,-0.68,1.06,0.07,-0.27441,-0.21134,-0.08877,0.93389,-0.73,1.07,0.09,-0.46756,-0.31498,0.51436,0.64622,-0.75,1.08,0.1,-0.28794,-0.18255,0.49992,0.79615,-0.77,1.09,0.13,-0.17327,-0.13368,0.59373,0.77434,-0.78,1.09,0.15,-0.17327,-0.13368,0.59373,0.77434,-0.72,1.07,0.09,-0.27441,-0.21134,-0.08877,0.93389,-0.74,1.11,0.14,-0.08713,-0.2206,-0.00794,0.97143,-0.75,1.11,0.17,0.41614,-0.20357,0.07985,0.88262,-0.76,1.1,0.18,0.64944,-0.14769,0.1272,0.73501,-0.76,1.07,0.19,0.64944,-0.14769,0.1272,0.73501,-0.7,1.07,0.1,-0.27441,-0.21134,-0.08877,0.93389,-0.72,1.11,0.14,-0.13281,-0.17673,-0.08466,0.97158,-0.73,1.12,0.18,0.29118,-0.19841,-0.01474,0.93575,-0.74,1.11,0.2,0.49126,-0.18637,-0.03459,0.85014,-0.75,1.09,0.21,0.49126,-0.18637,-0.03459,0.85014,-0.68,1.07,0.11,-0.27441,-0.21134,-0.08877,0.93389,-0.7,1.1,0.15,-0.11204,-0.1598,-0.13612,0.97128,-0.71,1.11,0.18,0.33779,-0.22011,-0.08913,0.91077,-0.72,1.1,0.2,0.56406,-0.25681,-0.05389,0.78293,-0.73,1.08,0.21,0.56406,-0.25681,-0.05389,0.78293,-0.68,1.07,0.11,-0.19233,-0.13196,-0.31392,0.92035,-0.68,1.09,0.15,-0.13827,-0.13493,-0.22085,0.95598,-0.69,1.1,0.18,0.32711,-0.21141,-0.20839,0.89715,-0.7,1.09,0.19,0.53082,-0.29968,-0.16265,0.77587,-0.71,1.07,0.2,0.53082,-0.29968,-0.16265,0.77587,-0.81,1.08,0.19
-0.78,1.45,-0.16,-0.78,1.45,-0.16,-0.85,1.1,0.11,0.33774,-0.07292,-0.13072,-0.92926,-0.86,1.06,0.06,0.33774,-0.07292,-0.13072,-0.92926,-0.82,1.07,0.09,0.398,-0.16321,0.56943,-0.7005,-0.8,1.09,0.11,0.16459,0.02225,0.51763,-0.83933,-0.8,1.1,0.14,0.05336,0.04137,0.58618,-0.80736,-0.8,1.1,0.16,0.05336,0.04137,0.58618,-0.80736,-0.84,1.08,0.09,0.33774,-0.07292,-0.13072,-0.92926,-0.83,1.12,0.13,-0.00537,-0.09866,-0.05945,-0.99333,-0.82,1.12,0.16,-0.41854,-0.11837,-0.03875,-0.89962,-0.82,1.1,0.18,-0.57899,-0.09596,-0.0223,-0.80936,-0.81,1.08,0.19,-0.57899,-0.09596,-0.0223,-0.80936,-0.85,1.08,0.09,0.33774,-0.07292,-0.13072,-0.92926,-0.85,1.12,0.13,0.02556,-0.0934,-0.1222,-0.98777,-0.84,1.12,0.17,-0.3937,-0.13726,-0.08425,-0.90502,-0.84,1.1,0.19,-0.58629,-0.13482,-0.11369,-0.79068,-0.83,1.08,0.2,-0.58629,-0.13482,-0.11369,-0.79068,-0.87,1.07,0.09,0.33774,-0.07292,-0.13072,-0.92926,-0.87,1.11,0.13,0.09349,-0.07401,-0.18556,-0.97537,-0.87,1.12,0.17,-0.36443,-0.16696,-0.16999,-0.90023,-0.85,1.1,0.19,-0.59999,-0.2279,-0.14283,-0.75344,-0.84,1.08,0.19,-0.59999,-0.2279,-0.14283,-0.75344,-0.88,1.07,0.09,0.27649,-0.01249,-0.365,-0.88892,-0.88,1.09,0.13,0.13925,-0.06933,-0.26994,-0.95023,-0.88,1.1,0.16,-0.3261,-0.17767,-0.28042,-0.88513,-0.87,1.09,0.17,-0.56069,-0.29472,-0.22832,-0.73935,-0.86,1.08,0.18,-0.56069,-0.29472,-0.22832,-0.73935,-0.71,1.09,0.12,-0.29689,-0.21204,-0.11181,0.92433,-0.68,1.06,0.07,-0.29689,-0.21204,-0.11181,0.92433,-0.73,1.07,0.09,-0.47644,-0.30092,0.51779,0.64369,-0.75,1.08,0.1,-0.29375,-0.16587,0.50082,0.79711,-0.77,1.09,0.13,-0.17611,-0.11565,0.59296,0.77718,-0.78,1.09,0.15,-0.17611,-0.11565,0.59296,0.77718,-0.71,1.08,0.09,-0.29689,-0.21204,-0.11181,0.92433,-0.74,1.11,0.13,-0.09544,-0.22579,-0.0262,0.96914,-0.75,1.12,0.17,0.41283,-0.21701,0.06801,0.88196,-0.76,1.1,0.18,0.64532,-0.16416,0.11927,0.73647,-0.76,1.08,0.18,0.64532,-0.16416,0.11927,0.73647,-0.7,1.07,0.1,-0.29689,-0.21204,-0.11181,0.92433,-0.72,1.11,0.14,-0.14231,-0.18358,-0.10557,0.9669,-0.73,1.13,0.18,0.30325,-0.21421,-0.02561,0.92817,-0.74,1.11,0.2,0.51534,-0.20309,-0.03969,0.83163,-0.75,1.09,0.21,0.51534,-0.20309,-0.03969,0.83163,-0.68,1.07,0.11,-0.29689,-0.21204,-0.11181,0.92433,-0.7,1.11,0.15,-0.13056,-0.16683,-0.15931,0.96423,-0.71,1.12,0.18,0.33131,-0.23881,-0.10307,0.90696,-0.72,1.1,0.2,0.56668,-0.27871,-0.05948,0.77308,-0.73,1.08,0.2,0.56668,-0.27871,-0.05948,0.77308,-0.68,1.07,0.11,-0.21088,-0.13905,-0.3374,0.90684,-0.68,1.09,0.15,-0.15127,-0.14419,-0.24407,0.94697,-0.69,1.1,0.18,0.31018,-0.23078,-0.22488,0.8944,-0.7,1.09,0.19,0.51577,-0.32292,-0.17191,0.77469,-0.71,1.08,0.2,0.51577,-0.32292,-0.17191,0.77469,-0.81,1.08,0.19
-0.78,1.45,-0.16,-0.78,1.45,-0.16,-0.85,1.1,0.11,0.33586,-0.07064,-0.12986,-0.93024,-0.86,1.06,0.06,0.33586,-0.07064,-0.12986,-0.93024,-0.82,1.07,0.09,0.39365,-0.16222,0.57137,-0.70162,-0.8,1.09,0.11,0.16051,0.02404,0.51922,-0.83909,-0.8,1.1,0.14,0.04793,0.04385,0.58718,-0.80684,-0.8,1.1,0.16,0.04793,0.04385,0.58718,-0.80684,-0.84,1.08,0.09,0.33586,-0.07064,-0.12986,-0.93024,-0.83,1.12,0.13,-0.00952,-0.09694,-0.05875,-0.99351,-0.82,1.12,0.16,-0.42153,-0.11637,-0.03895,-0.89847,-0.82,1.1,0.18,-0.58175,-0.09401,-0.02277,-0.8076,-0.81,1.08,0.19,-0.58175,-0.09401,-0.02277,-0.8076,-0.85,1.08,0.09,0.33586,-0.07064,-0.12986,-0.93024,-0.85,1.12,0.13,0.02421,-0.09072,-0.12222,-0.98805,-0.85,1.12,0.17,-0.39598,-0.1349,-0.08526,-0.90429,-0.84,1.1,0.19,-0.58994,-0.13271,-0.11503,-0.78812,-0.83,1.08,0.2,-0.58994,-0.13271,-0.11503,-0.78812,-0.87,1.07,0.09,0.33586,-0.07064,-0.12986,-0.93024,-0.87,1.11,0.13,0.09106,-0.07147,-0.18522,-0.97585,-0.87,1.12,0.17,-0.36877,-0.16483,-0.17057,-0.89875,-0.85,1.1,0.19,-0.60559,-0.22614,-0.14367,-0.74932,-0.84,1.08,0.19,-0.60559,-0.22614,-0.14367,-0.74932,-0.88,1.07,0.09,0.27524,-0.00975,-0.36414,-0.88969,-0.88,1.09,0.13,0.13727,-0.06741,-0.2692,-0.95086,-0.88,1.1,0.16,-0.32822,-0.17554,-0.28062,-0.88471,-0.87,1.09,0.17,-0.5641,-0.29314,-0.22873,-0.73726,-0.86,1.08,0.18,-0.5641,-0.29314,-0.22873,-0.73726,-0.71,1.1,0.12,-0.31877,-0.20077,-0.12853,0.91736,-0.68,1.06,0.07,-0.31877,-0.20077,-0.12853,0.91736,-0.72,1.07,0.09,-0.46065,-0.28447,0.54468,0.64047,-0.75,1.08,0.1,-0.28169,-0.14186,0.52356,0.79146,-0.77,1.09,0.13,-0.16833,-0.09462,0.61107,0.76767,-0.78,1.09,0.15,-0.16833,-0.09462,0.61107,0.76767,-0.71,1.08,0.09,-0.31877,-0.20077,-0.12853,0.91736,-0.73,1.12,0.13,-0.08102,-0.22269,-0.03319,0.97095,-0.75,1.12,0.16,0.41579,-0.2182,0.0577,0.88101,-0.76,1.1,0.18,0.6358,-0.16974,0.10669,0.74537,-0.76,1.08,0.18,0.6358,-0.16974,0.10669,0.74537,-0.7,1.08,0.1,-0.31877,-0.20077,-0.12853,0.91736,-0.71,1.12,0.14,-0.12075,-0.18199,-0.11603,0.96894,-0.73,1.13,0.18,0.33688,-0.21764,-0.03259,0.91547,-0.74,1.11,0.2,0.5512,-0.20563,-0.04432,0.80742,-0.75,1.09,0.2,0.5512,-0.20563,-0.04432,0.80742,-0.68,1.07,0.11,-0.31877,-0.20077,-0.12853,0.91736,-0.69,1.11,0.14,-0.13286,-0.16279,-0.17583,0.96173,-0.71,1.12,0.18,0.33141,-0.24332,-0.11855,0.90383,-0.72,1.11,0.2,0.56853,-0.28728,-0.07222,0.76748,-0.73,1.09,0.2,0.56853,-0.28728,-0.07222,0.76748,-0.68,1.07,0.11,-0.23218,-0.13396,-0.35541,0.89545,-0.68,1.09,0.15,-0.17314,-0.13686,-0.26399,0.93894,-0.68,1.11,0.18,0.28252,-0.23393,-0.24669,0.897,-0.7,1.1,0.19,0.48764,-0.33136,-0.19125,0.78475,-0.71,1.09,0.2,0.48764,-0.33136,-0.19125,0.78475,-0.81,1.08,0.19
-0.78,1.45,-0.16,-0.78,1.45,-0.16,-0.85,1.1,0.11,0.33317,-0.06824,-0.12632,-0.93187,-0.86,1.06,0.06,0.33317,-0.06824,-0.12632,-0.93187,-0.83,1.07,0.09,0.39033,-0.16208,0.57318,-0.70202,-0.8,1.09,0.11,0.15738,0.025,0.52099,-0.83856,-0.8,1.1,0.14,0.04534,0.04429,0.58873,-0.80584,-0.8,1.1,0.16,0.04534,0.04429,0.58873,-0.80584,-0.84,1.08,0.09,0.33317,-0.06824,-0.12632,-0.93187,-0.83,1.12,0.13,-0.01365,-0.0949,-0.0551,-0.99387,-0.82,1.12,0.17,-0.42523,-0.11289,-0.03652,-0.89727,-0.82,1.1,0.18,-0.58528,-0.09012,-0.02089,-0.80554,-0.81,1.08,0.19,-0.58528,-0.09012,-0.02089,-0.80554,-0.85,1.08,0.09,0.33317,-0.06824,-0.12632,-0.93187,-0.85,1.12,0.13,0.02224,-0.08772,-0.11925,-0.98873,-0.85,1.12,0.17,-0.39767,-0.13088,-0.08389,-0.90426,-0.84,1.1,0.19,-0.59207,-0.12844,-0.11453,-0.7873,-0.83,1.08,0.2,-0.59207,-0.12844,-0.11453,-0.7873,-0.87,1.07,0.09,0.33317,-0.06824,-0.12632,-0.93187,-0.87,1.11,0.13,0.0881,-0.06868,-0.18199,-0.97694,-0.87,1.12,0.17,-0.3731,-0.16098,-0.16887,-0.89798,-0.86,1.1,0.19,-0.61135,-0.2221,-0.14284,-0.746,-0.84,1.08,0.19,-0.61135,-0.2221,-0.14284,-0.746,-0.88,1.07,0.09,0.27361,-0.00657,-0.36072,-0.89161,-0.89,1.09,0.13,0.13486,-0.06515,-0.2657,-0.95235,-0.88,1.1,0.16,-0.33322,-0.17243,-0.27828,-0.88419,-0.87,1.09,0.17,-0.57187,-0.29028,-0.22661,-0.73304,-0.86,1.08,0.18,-0.57187,-0.29028,-0.22661,-0.73304,-0.7,1.1,0.12,-0.33054,-0.18719,-0.12384,0.91672,-0.68,1.06,0.07,-0.33054,-0.18719,-0.12384,0.91672,-0.72,1.07,0.09,-0.44264,-0.26923,0.56986,0.63784,-0.75,1.08,0.11,-0.27582,-0.12549,0.54303,0.78313,-0.77,1.09,0.13,-0.1716,-0.08446,0.62717,0.75504,-0.78,1.09,0.16,-0.1716,-0.08446,0.62717,0.75504,-0.71,1.08,0.09,-0.33054,-0.18719,-0.12384,0.91672,-0.73,1.12,0.13,-0.06756,-0.21638,-0.02059,0.97375,-0.75,1.12,0.17,0.40716,-0.20769,0.06023,0.88739,-0.75,1.1,0.18,0.61511,-0.16062,0.10287,0.76502,-0.76,1.08,0.18,0.61511,-0.16062,0.10287,0.76502,-0.7,1.07,0.1,-0.33054,-0.18719,-0.12384,0.91672,-0.71,1.12,0.14,-0.10385,-0.1731,-0.10841,0.9734,-0.72,1.13,0.18,0.35801,-0.20618,-0.02901,0.91021,-0.73,1.11,0.19,0.57677,-0.19214,-0.04235,0.79286,-0.74,1.09,0.2,0.57677,-0.19214,-0.04235,0.79286,-0.68,1.07,0.11,-0.33054,-0.18719,-0.12384,0.91672,-0.69,1.11,0.14,-0.12237,-0.15198,-0.17147,0.96567,-0.7,1.12,0.18,0.35095,-0.23243,-0.11792,0.89939,-0.72,1.1,0.2,0.5942,-0.27648,-0.07278,0.75179,-0.73,1.08,0.2,0.5942,-0.27648,-0.07278,0.75179,-0.67,1.07,0.11,-0.24705,-0.12326,-0.35264,0.8941,-0.68,1.09,0.15,-0.18417,-0.11998,-0.26388,0.93918,-0.68,1.11,0.17,0.28257,-0.22257,-0.25222,0.89833,-0.69,1.1,0.19,0.49673,-0.32381,-0.19625,0.78096,-0.71,1.09,0.2,0.49673,-0.32381,-0.19625,0.78096,-0.81,1.08,0.19
-0.78,1.45,-0.16,-0.78,1.45,-0.16,-0.85,1.1,0.11,0.33371,-0.06805,-0.12444,-0.93194,-0.86,1.06,0.06,0.33371,-0.06805,-0.12444,-0.93194,-0.82,1.07,0.09,0.39072,-0.16119,0.57417,-0.7012,-0.8,1.09,0.11,0.15853,0.02583,0.52168,-0.83789,-0.8,1.1,0.14,0.04813,0.04407,0.58957,-0.80507,-0.8,1.1,0.16,0.04813,0.04407,0.58957,-0.80507,-0.84,1.08,0.09,0.33371,-0.06805,-0.12444,-0.93194,-0.83,1.12,0.13,-0.01375,-0.09587,-0.05194,-0.99394,-0.82,1.12,0.17,-0.42719,-0.11254,-0.03301,-0.89652,-0.82,1.1,0.18,-0.58745,-0.08913,-0.01738,-0.80415,-0.81,1.08,0.19,-0.58745,-0.08913,-0.01738,-0.80415,-0.85,1.08,0.09,0.33371,-0.06805,-0.12444,-0.93194,-0.85,1.12,0.13,0.02282,-0.08851,-0.11644,-0.98898,-0.85,1.12,0.17,-0.39657,-0.13036,-0.08111,-0.90508,-0.84,1.1,0.19,-0.591,-0.12739,-0.112,-0.78863,-0.83,1.08,0.2,-0.591,-0.12739,-0.112,-0.78863,-0.87,1.07,0.09,0.33371,-0.06805,-0.12444,-0.93194,-0.87,1.11,0.13,0.08802,-0.06967,-0.17934,-0.97736,-0.87,1.12,0.17,-0.37298,-0.16056,-0.16616,-0.89861,-0.86,1.1,0.19,-0.61149,-0.22095,-0.14037,-0.7467,-0.84,1.08,0.19,-0.61149,-0.22095,-0.14037,-0.7467,-0.88,1.07,0.09,0.27443,-0.00645,-0.359,-0.89206,-0.89,1.09,0.13,0.13521,-0.06603,-0.2634,-0.95288,-0.88,1.1,0.16,-0.33411,-0.17243,-0.27575,-0.88465,-0.87,1.09,0.17,-0.5731,-0.28957,-0.2242,-0.7331,-0.86,1.08,0.18,-0.5731,-0.28957,-0.2242,-0.7331,-0.7,1.1,0.12,-0.33041,-0.18895,-0.11248,0.91786,-0.68,1.06,0.07,-0.33041,-0.18895,-0.11248,0.91786,-0.72,1.07,0.09,-0.43803,-0.2718,0.57985,0.6309,-0.75,1.08,0.11,-0.27658,-0.1279,0.55332,0.77523,-0.77,1.09,0.13,-0.17513,-0.08715,0.63695,0.74568,-0.78,1.09,0.16,-0.17513,-0.08715,0.63695,0.74568,-0.71,1.08,0.09,-0.33041,-0.18895,-0.11248,0.91786,-0.73,1.12,0.13,-0.05677,-0.22194,-0.00154,0.97341,-0.75,1.12,0.17,0.40064,-0.20468,0.07584,0.88986,-0.76,1.1,0.18,0.6006,-0.15506,0.11519,0.77587,-0.76,1.08,0.19,0.6006,-0.15506,0.11519,0.77587,-0.7,1.07,0.1,-0.33041,-0.18895,-0.11248,0.91786,-0.71,1.12,0.14,-0.09939,-0.17468,-0.09489,0.97499,-0.72,1.13,0.18,0.35946,-0.20124,-0.01703,0.91104,-0.73,1.11,0.19,0.57957,-0.18438,-0.0318,0.79315,-0.74,1.09,0.2,0.57957,-0.18438,-0.0318,0.79315,-0.68,1.07,0.1,-0.33041,-0.18895,-0.11248,0.91786,-0.69,1.11,0.14,-0.12135,-0.15057,-0.16042,0.96792,-0.7,1.12,0.18,0.35534,-0.22622,-0.10843,0.90045,-0.72,1.1,0.2,0.60385,-0.2679,-0.06426,0.74798,-0.73,1.08,0.2,0.60385,-0.2679,-0.06426,0.74798,-0.67,1.07,0.11,-0.24814,-0.12456,-0.34183,0.89781,-0.68,1.09,0.15,-0.18594,-0.11565,-0.25429,0.94201,-0.68,1.11,0.17,0.29842,-0.21865,-0.24275,0.89678,-0.69,1.1,0.19,0.52514,-0.3202,-0.18419,0.76667,-0.71,1.08,0.2,0.52514,-0.3202,-0.18419,0.76667,-0.81,1.08,0.19
-0.78,1.45,-0.16,-0.78,1.45,-0.16,-0.85,1.1,0.11,0.33486,-0.06818,-0.12455,-0.93151,-0.86,1.06,0.06,0.33486,-0.06818,-0.12455,-0.93151,-0.82,1.07,0.09,0.39271,-0.15972,0.57333,-0.70112,-0.8,1.09,0.11,0.16087,0.02656,0.52033,-0.83825,-0.8,1.1,0.14,0.0519,0.04377,0.58852,-0.80563,-0.8,1.1,0.16,0.0519,0.04377,0.58852,-0.80563,-0.84,1.08,0.09,0.33486,-0.06818,-0.12455,-0.93151,-0.83,1.12,0.13,-0.01403,-0.0977,-0.05054,-0.99383,-0.82,1.12,0.17,-0.43022,-0.11372,-0.03062,-0.89501,-0.82,1.1,0.18,-0.59061,-0.08985,-0.01465,-0.8018,-0.81,1.08,0.19,-0.59061,-0.08985,-0.01465,-0.8018,-0.85,1.08,0.09,0.33486,-0.06818,-0.12455,-0.93151,-0.85,1.12,0.13,0.02381,-0.09028,-0.1154,-0.98892,-0.85,1.12,0.17,-0.39517,-0.13149,-0.07949,-0.90566,-0.84,1.1,0.19,-0.58972,-0.12823,-0.11021,-0.78971,-0.83,1.08,0.2,-0.58972,-0.12823,-0.11021,-0.78971,-0.87,1.07,0.09,0.33486,-0.06818,-0.12455,-0.93151,-0.87,1.11,0.13,0.08889,-0.07166,-0.17844,-0.9773,-0.87,1.12,0.17,-0.3715,-0.16181,-0.16456,-0.89929,-0.85,1.1,0.19,-0.60994,-0.22169,-0.13854,-0.74809,-0.84,1.08,0.19,-0.60994,-0.22169,-0.13854,-0.74809,-0.88,1.07,0.09,0.2755,-0.00688,-0.35917,-0.89165,-0.89,1.09,0.13,0.13599,-0.06799,-0.26283,-0.95279,-0.88,1.1,0.16,-0.33337,-0.17391,-0.27436,-0.88507,-0.87,1.09,0.17,-0.57197,-0.29041,-0.22261,-0.73414,-0.86,1.08,0.18,-0.57197,-0.29041,-0.22261,-0.73414,-0.7,1.1,0.12,-0.33213,-0.19027,-0.10497,0.91786,-0.68,1.06,0.07,-0.33213,-0.19027,-0.10497,0.91786,-0.72,1.07,0.09,-0.43906,-0.27303,0.58391,0.62588,-0.75,1.08,0.11,-0.27808,-0.12781,0.55809,0.77128,-0.77,1.09,0.13,-0.17584,-0.08547,0.64146,0.74183,-0.78,1.09,0.16,-0.17584,-0.08547,0.64146,0.74183,-0.71,1.08,0.09,-0.33213,-0.19027,-0.10497,0.91786,-0.73,1.12,0.13,-0.05362,-0.22678,0.01158,0.9724,-0.75,1.12,0.16,0.39475,-0.20372,0.08779,0.89161,-0.76,1.1,0.18,0.59054,-0.15203,0.12545,0.78257,-0.76,1.08,0.19,0.59054,-0.15203,0.12545,0.78257,-0.7,1.07,0.1,-0.33213,-0.19027,-0.10497,0.91786,-0.71,1.12,0.14,-0.09947,-0.17671,-0.08561,0.97547,-0.73,1.13,0.18,0.34784,-0.1987,-0.01039,0.9162,-0.74,1.11,0.19,0.56669,-0.18124,-0.02655,0.80331,-0.74,1.09,0.2,0.56669,-0.18124,-0.02655,0.80331,-0.68,1.08,0.1,-0.33213,-0.19027,-0.10497,0.91786,-0.69,1.11,0.14,-0.12661,-0.14937,-0.15383,0.9685,-0.7,1.12,0.18,0.34901,-0.22207,-0.10359,0.90452,-0.72,1.1,0.2,0.59919,-0.26275,-0.06071,0.75382,-0.73,1.08,0.2,0.59919,-0.26275,-0.06071,0.75382,-0.68,1.07,0.11,-0.25058,-0.12606,-0.33478,0.89958,-0.68,1.1,0.15,-0.1948,-0.10897,-0.24941,0.94233,-0.68,1.11,0.17,0.30091,-0.21381,-0.23981,0.8979,-0.69,1.1,0.19,0.53433,-0.31607,-0.18056,0.76288,-0.71,1.09,0.19,0.53433,-0.31607,-0.18056,0.76288,-0.81,1.08,0.19
-0.78,1.45,-0.16,-0.78,1.45,-0.16,-0.85,1.1,0.11,0.33694,-0.06771,-0.12597,-0.9306,-0.86,1.06,0.06,0.33694,-0.06771,-0.12597,-0.9306,-0.83,1.07,0.09,0.39514,-0.15642,0.57187,-0.70168,-0.8,1.09,0.11,0.16344,0.0289,0.51777,-0.83927,-0.8,1.1,0.14,0.05556,0.04509,0.58616,-0.80703,-0.8,1.1,0.16,0.05556,0.04509,0.58616,-0.80703,-0.84,1.08,0.09,0.33694,-0.06771,-0.12597,-0.9306,-0.83,1.12,0.13,-0.01246,-0.09908,-0.0509,-0.9937,-0.82,1.12,0.17,-0.43022,-0.1152,-0.03017,-0.89484,-0.82,1.1,0.18,-0.59047,-0.09122,-0.01396,-0.80177,-0.81,1.08,0.19,-0.59047,-0.09122,-0.01396,-0.80177,-0.85,1.08,0.09,0.33694,-0.06771,-0.12597,-0.9306,-0.85,1.12,0.13,0.02449,-0.09226,-0.11551,-0.98871,-0.85,1.12,0.17,-0.39529,-0.13341,-0.07864,-0.90541,-0.84,1.1,0.19,-0.59001,-0.12992,-0.10894,-0.7894,-0.83,1.08,0.2,-0.59001,-0.12992,-0.10894,-0.7894,-0.87,1.07,0.09,0.33694,-0.06771,-0.12597,-0.9306,-0.87,1.11,0.13,0.08988,-0.07364,-0.17888,-0.97699,-0.87,1.12,0.17,-0.37064,-0.16381,-0.16399,-0.89939,-0.85,1.1,0.19,-0.60895,-0.22344,-0.13745,-0.74857,-0.84,1.08,0.19,-0.60895,-0.22344,-0.13745,-0.74857,-0.88,1.07,0.09,0.27743,-0.00701,-0.36066,-0.89045,-0.89,1.09,0.13,0.13689,-0.06991,-0.26365,-0.95229,-0.88,1.1,0.16,-0.33176,-0.17584,-0.27429,-0.88531,-0.87,1.09,0.17,-0.56929,-0.29192,-0.2223,-0.73571,-0.86,1.08,0.18,-0.56929,-0.29192,-0.2223,-0.73571,-0.71,1.1,0.12,-0.33463,-0.20341,-0.10774,0.9138,-0.68,1.06,0.07,-0.33463,-0.20341,-0.10774,0.9138,-0.72,1.07,0.09,-0.45144,-0.27728,0.57792,0.62075,-0.75,1.08,0.11,-0.28776,-0.13245,0.55387,0.76998,-0.77,1.09,0.13,-0.18214,-0.08634,0.63829,0.74293,-0.78,1.09,0.15,-0.18214,-0.08634,0.63829,0.74293,-0.71,1.08,0.09,-0.33463,-0.20341,-0.10774,0.9138,-0.73,1.12,0.13,-0.02263,-0.24623,0.02838,0.96853,-0.75,1.12,0.16,0.41904,-0.21301,0.11092,0.87563,-0.76,1.1,0.18,0.60371,-0.15685,0.14943,0.76721,-0.76,1.08,0.18,0.60371,-0.15685,0.14943,0.76721,-0.7,1.07,0.1,-0.33463,-0.20341,-0.10774,0.9138,-0.71,1.12,0.14,-0.09496,-0.19563,-0.08078,0.97272,-0.73,1.13,0.17,0.3447,-0.21343,0.00095,0.91413,-0.74,1.11,0.19,0.56126,-0.19318,-0.01232,0.80468,-0.75,1.09,0.2,0.56126,-0.19318,-0.01232,0.80468,-0.68,1.08,0.1,-0.33463,-0.20341,-0.10774,0.9138,-0.7,1.11,0.14,-0.13248,-0.16325,-0.1543,0.9654,-0.71,1.12,0.18,0.34291,-0.23472,-0.09727,0.90436,-0.72,1.11,0.19,0.59453,-0.2731,-0.05055,0.75458,-0.73,1.09,0.2,0.59453,-0.2731,-0.05055,0.75458,-0.68,1.07,0.11,-0.24997,-0.13992,-0.33673,0.89697,-0.68,1.1,0.15,-0.20326,-0.11716,-0.25247,0.93873,-0.68,1.11,0.17,0.302,-0.22549,-0.23645,0.89557,-0.69,1.1,0.19,0.53949,-0.32707,-0.17228,0.7565,-0.71,1.09,0.19,0.53949,-0.32707,-0.17228,0.7565,-0.81,1.08,0.19
-0.78,1.45,-0.16,-0.78,1.45,-0.16,-0.85,1.1,0.11,0.33691,-0.06832,-0.12703,-0.93042,-0.86,1.06,0.06,0.33691,-0.06832,-0.12703,-0.93042,-0.82,1.07,0.09,0.39726,-0.15567,0.56975,-0.70237,-0.8,1.09,0.11,0.16479,0.02906,0.5154,-0.84045,-0.8,1.1,0.14,0.05718,0.04487,0.584,-0.80849,-0.8,1.1,0.16,0.05718,0.04487,0.584,-0.80849,-0.84,1.08,0.09,0.33691,-0.06832,-0.12703,-0.93042,-0.83,1.12,0.13,-0.01305,-0.10078,-0.05102,-0.99351,-0.82,1.12,0.17,-0.42875,-0.11671,-0.02983,-0.89536,-0.82,1.1,0.18,-0.5873,-0.0926,-0.01363,-0.80394,-0.81,1.08,0.19,-0.5873,-0.0926,-0.01363,-0.80394,-0.85,1.08,0.09,0.33691,-0.06832,-0.12703,-0.93042,-0.85,1.12,0.13,0.02381,-0.09439,-0.11543,-0.98853,-0.84,1.12,0.17,-0.3963,-0.13534,-0.07761,-0.90477,-0.84,1.1,0.19,-0.5904,-0.13146,-0.10752,-0.78904,-0.83,1.08,0.2,-0.5904,-0.13146,-0.10752,-0.78904,-0.87,1.07,0.09,0.33691,-0.06832,-0.12703,-0.93042,-0.87,1.11,0.13,0.08968,-0.07545,-0.17918,-0.97681,-0.87,1.12,0.17,-0.37071,-0.16553,-0.16343,-0.89914,-0.85,1.1,0.19,-0.60773,-0.22477,-0.1367,-0.74931,-0.84,1.08,0.19,-0.60773,-0.22477,-0.1367,-0.74931,-0.88,1.07,0.09,0.27713,-0.00763,-0.36163,-0.89015,-0.89,1.09,0.13,0.13662,-0.07134,-0.26426,-0.95206,-0.88,1.1,0.16,-0.32821,-0.17627,-0.27471,-0.88642,-0.87,1.09,0.17,-0.56178,-0.29134,-0.22393,-0.7412,-0.86,1.08,0.18,-0.56178,-0.29134,-0.22393,-0.7412,-0.71,1.1,0.12,-0.33479,-0.20534,-0.11514,0.91241,-0.68,1.06,0.07,-0.33479,-0.20534,-0.11514,0.91241,-0.72,1.07,0.09,-0.45553,-0.27298,0.57195,0.62518,-0.75,1.08,0.1,-0.2853,-0.12592,0.54777,0.77633,-0.77,1.09,0.13,-0.17523,-0.07815,0.632,0.75085,-0.78,1.09,0.15,-0.17523,-0.07815,0.632,0.75085,-0.71,1.08,0.09,-0.33479,-0.20534,-0.11514,0.91241,-0.73,1.12,0.13,0.01852,-0.25875,0.04293,0.96481,-0.75,1.11,0.16,0.44475,-0.2181,0.1269,0.85937,-0.76,1.09,0.17,0.61236,-0.16074,0.16403,0.75649,-0.76,1.07,0.18,0.61236,-0.16074,0.16403,0.75649,-0.7,1.07,0.1,-0.33479,-0.20534,-0.11514,0.91241,-0.71,1.12,0.14,-0.09064,-0.2055,-0.08279,0.97093,-0.73,1.13,0.17,0.33909,-0.22316,0.00137,0.9139,-0.74,1.11,0.19,0.55167,-0.20314,-0.0103,0.80888,-0.75,1.09,0.2,0.55167,-0.20314,-0.0103,0.80888,-0.68,1.08,0.1,-0.33479,-0.20534,-0.11514,0.91241,-0.7,1.11,0.14,-0.14767,-0.16508,-0.16336,0.96138,-0.71,1.12,0.18,0.32651,-0.24107,-0.10428,0.90797,-0.72,1.11,0.19,0.57796,-0.2816,-0.05551,0.76392,-0.73,1.09,0.2,0.57796,-0.2816,-0.05551,0.76392,-0.68,1.07,0.11,-0.24871,-0.14215,-0.34359,0.89436,-0.68,1.1,0.15,-0.22596,-0.10888,-0.2624,0.93179,-0.68,1.11,0.17,0.27961,-0.22542,-0.24877,0.89951,-0.69,1.1,0.19,0.51731,-0.33047,-0.18354,0.76779,-0.71,1.09,0.19,0.51731,-0.33047,-0.18354,0.76779,-0.81,1.08,0.19
-0.78,1.45,-0.16,-0.78,1.45,-0.16,-0.85,1.1,0.11,0.33617,-0.06896,-0.12835,-0.93046,-0.86,1.06,0.06,0.33617,-0.06896,-0.12835,-0.93046,-0.82,1.07,0.09,0.39929,-0.15537,0.56706,-0.70347,-0.8,1.09,0.11,0.16612,0.02847,0.5126,-0.84192,-0.8,1.1,0.14,0.05832,0.04423,0.58143,-0.8103,-0.8,1.1,0.16,0.05832,0.04423,0.58143,-0.8103,-0.84,1.08,0.09,0.33617,-0.06896,-0.12835,-0.93046,-0.83,1.12,0.13,-0.01359,-0.10239,-0.05164,-0.99331,-0.82,1.12,0.17,-0.42726,-0.11836,-0.02998,-0.89585,-0.82,1.1,0.18,-0.58462,-0.09421,-0.0137,-0.8057,-0.81,1.08,0.19,-0.58462,-0.09421,-0.0137,-0.8057,-0.85,1.08,0.09,0.33617,-0.06896,-0.12835,-0.93046,-0.85,1.12,0.13,0.02359,-0.09585,-0.11617,-0.98831,-0.84,1.12,0.17,-0.39678,-0.137,-0.0776,-0.90431,-0.84,1.1,0.19,-0.5905,-0.13302,-0.10715,-0.78876,-0.83,1.08,0.2,-0.5905,-0.13302,-0.10715,-0.78876,-0.87,1.07,0.09,0.33617,-0.06896,-0.12835,-0.93046,-0.87,1.11,0.13,0.08947,-0.07672,-0.18004,-0.97657,-0.87,1.12,0.17,-0.37101,-0.16707,-0.16358,-0.89871,-0.85,1.1,0.19,-0.60716,-0.22618,-0.13657,-0.74936,-0.84,1.08,0.19,-0.60716,-0.22618,-0.13657,-0.74936,-0.88,1.07,0.09,0.2761,-0.00812,-0.3628,-0.88999,-0.88,1.09,0.13,0.13623,-0.07228,-0.26524,-0.95177,-0.88,1.1,0.16,-0.32563,-0.17669,-0.27557,-0.88702,-0.87,1.09,0.17,-0.55694,-0.29135,-0.22536,-0.74441,-0.86,1.08,0.18,-0.55694,-0.29135,-0.22536,-0.74441,-0.7,1.1,0.12,-0.33074,-0.20393,-0.11706,0.91396,-0.68,1.06,0.07,-0.33074,-0.20393,-0.11706,0.91396,-0.72,1.07,0.09,-0.45197,-0.27216,0.57095,0.62902,-0.75,1.08,0.1,-0.27858,-0.12319,0.54699,0.77976,-0.77,1.09,0.13,-0.16832,-0.07651,0.63084,0.75356,-0.78,1.09,0.15,-0.16832,-0.07651,0.63084,0.75356,-0.71,1.08,0.09,-0.33074,-0.20393,-0.11706,0.91396,-0.73,1.12,0.13,0.03682,-0.26418,0.05061,0.96244,-0.75,1.11,0.16,0.4477,-0.22113,0.13284,0.85617,-0.76,1.09,0.17,0.605,-0.16448,0.16832,0.76065,-0.76,1.07,0.18,0.605,-0.16448,0.16832,0.76065,-0.7,1.07,0.1,-0.33074,-0.20393,-0.11706,0.91396,-0.71,1.12,0.14,-0.08656,-0.20775,-0.08287,0.97081,-0.73,1.13,0.17,0.33363,-0.22518,4e-05,0.91541,-0.74,1.11,0.19,0.54133,-0.20605,-0.01201,0.81509,-0.75,1.09,0.2,0.54133,-0.20605,-0.01201,0.81509,-0.68,1.07,0.1,-0.33074,-0.20393,-0.11706,0.91396,-0.69,1.11,0.14,-0.15644,-0.16192,-0.16732,0.95985,-0.7,1.12,0.18,0.31392,-0.24004,-0.11003,0.91199,-0.72,1.11,0.19,0.56194,-0.28253,-0.06241,0.77493,-0.73,1.09,0.2,0.56194,-0.28253,-0.06241,0.77493,-0.67,1.07,0.11,-0.24478,-0.13976,-0.34523,0.89519,-0.68,1.1,0.15,-0.23817,-0.09875,-0.26586,0.92889,-0.68,1.11,0.17,0.26188,-0.21801,-0.25775,0.90413,-0.69,1.1,0.19,0.49467,-0.32477,-0.19586,0.78196,-0.71,1.09,0.19,0.49467,-0.32477,-0.19586,0.78196,-0.81,1.08,0.19
-0.78,1.45,-0.16,-0.78,1.45,-0.16,-0.85,1.1,0.11,0.33756,-0.0686,-0.13066,-0.92966,-0.86,1.06,0.06,0.33756,-0.0686,-0.13066,-0.92966,-0.82,1.07,0.09,0.40254,-0.1517,0.56396,-0.70492,-0.8,1.09,0.11,0.1697,0.03028,0.50824,-0.84379,-0.8,1.1,0.14,0.06123,0.0462,0.5772,-0.81299,-0.8,1.1,0.16,0.06123,0.0462,0.5772,-0.81299,-0.84,1.08,0.09,0.33756,-0.0686,-0.13066,-0.92966,-0.83,1.12,0.13,-0.01074,-0.10334,-0.05364,-0.99314,-0.82,1.12,0.17,-0.42408,-0.1201,-0.03146,-0.89707,-0.82,1.1,0.18,-0.5813,-0.09621,-0.01501,-0.80784,-0.81,1.08,0.19,-0.5813,-0.09621,-0.01501,-0.80784,-0.85,1.08,0.09,0.33756,-0.0686,-0.13066,-0.92966,-0.85,1.12,0.13,0.02656,-0.09649,-0.11834,-0.98792,-0.85,1.12,0.17,-0.39455,-0.13859,-0.07921,-0.9049,-0.84,1.1,0.19,-0.58845,-0.13505,-0.1084,-0.78977,-0.83,1.08,0.2,-0.58845,-0.13505,-0.1084,-0.78977,-0.87,1.07,0.09,0.33756,-0.0686,-0.13066,-0.92966,-0.87,1.11,0.13,0.09234,-0.07728,-0.1822,-0.97586,-0.87,1.12,0.17,-0.36872,-0.16878,-0.16507,-0.89906,-0.85,1.1,0.19,-0.60489,-0.22827,-0.1375,-0.75039,-0.84,1.08,0.19,-0.60489,-0.22827,-0.1375,-0.75039,-0.88,1.07,0.09,0.27721,-0.00822,-0.36507,-0.88871,-0.88,1.09,0.13,0.13827,-0.07335,-0.26713,-0.95086,-0.88,1.1,0.16,-0.3228,-0.17846,-0.27684,-0.8873,-0.87,1.09,0.17,-0.55411,-0.29338,-0.22597,-0.74554,-0.86,1.08,0.18,-0.55411,-0.29338,-0.22597,-0.74554,-0.7,1.09,0.12,-0.31397,-0.19887,-0.12417,0.92003,-0.68,1.06,0.07,-0.31397,-0.19887,-0.12417,0.92003,-0.72,1.07,0.09,-0.4402,-0.28053,0.56341,0.64039,-0.75,1.08,0.11,-0.2645,-0.13254,0.54122,0.78711,-0.77,1.09,0.13,-0.16912,-0.09953,0.6255,0.75514,-0.78,1.09,0.15,-0.16912,-0.09953,0.6255,0.75514,-0.71,1.08,0.09,-0.31397,-0.19887,-0.12417,0.92003,-0.73,1.11,0.13,0.05574,-0.26909,0.04683,0.96036,-0.75,1.11,0.16,0.44813,-0.22909,0.12717,0.85471,-0.76,1.09,0.17,0.59533,-0.1754,0.1618,0.76722,-0.76,1.07,0.18,0.59533,-0.1754,0.1618,0.76722,-0.7,1.07,0.1,-0.31397,-0.19887,-0.12417,0.92003,-0.71,1.12,0.14,-0.0668,-0.20749,-0.08834,0.97195,-0.73,1.12,0.18,0.35254,-0.22701,-0.00493,0.90783,-0.74,1.11,0.19,0.55809,-0.20765,-0.01614,0.80322,-0.75,1.08,0.2,0.55809,-0.20765,-0.01614,0.80322,-0.68,1.07,0.1,-0.31397,-0.19887,-0.12417,0.92003,-0.69,1.11,0.14,-0.131,-0.16115,-0.17121,0.9631,-0.7,1.12,0.18,0.34816,-0.24136,-0.11178,0.89891,-0.72,1.1,0.2,0.59377,-0.28336,-0.06366,0.75039,-0.73,1.08,0.2,0.59377,-0.28336,-0.06366,0.75039,-0.67,1.07,0.11,-0.22848,-0.13067,-0.35111,0.89858,-0.68,1.09,0.15,-0.21012,-0.09572,-0.27023,0.9347,-0.68,1.11,0.17,0.29814,-0.21781,-0.26117,0.89189,-0.69,1.1,0.19,0.53066,-0.32614,-0.19908,0.75657,-0.71,1.08,0.19,0.53066,-0.32614,-0.19908,0.75657,-0.81,1.08,0.19
-0.78,1.45,-0.16,-0.78,1.45,-0.16,-0.85,1.1,0.11,0.3407,-0.06831,-0.13489,-0.92794,-0.86,1.06,0.06,0.3407,-0.06831,-0.13489,-0.92794,-0.83,1.07,0.09,0.40679,-0.14679,0.56021,-0.7065,-0.8,1.09,0.11,0.17524,0.03238,0.5028,-0.84583,-0.8,1.1,0.14,0.06564,0.04882,0.57193,-0.81621,-0.8,1.1,0.16,0.06564,0.04882,0.57193,-0.81621,-0.84,1.08,0.09,0.3407,-0.06831,-0.13489,-0.92794,-0.83,1.12,0.13,-0.0041,-0.10467,-0.05783,-0.99282,-0.82,1.12,0.17,-0.4176,-0.12321,-0.03472,-0.89957,-0.82,1.1,0.18,-0.57569,-0.09991,-0.01782,-0.81135,-0.81,1.08,0.19,-0.57569,-0.09991,-0.01782,-0.81135,-0.85,1.08,0.09,0.3407,-0.06831,-0.13489,-0.92794,-0.85,1.12,0.13,0.03158,-0.0977,-0.12244,-0.98715,-0.85,1.12,0.17,-0.39066,-0.14156,-0.08224,-0.90586,-0.84,1.1,0.19,-0.58569,-0.13891,-0.11069,-0.79084,-0.83,1.08,0.2,-0.58569,-0.13891,-0.11069,-0.79084,-0.87,1.07,0.09,0.3407,-0.06831,-0.13489,-0.92794,-0.87,1.11,0.13,0.0972,-0.07835,-0.18633,-0.97452,-0.87,1.12,0.17,-0.36516,-0.17206,-0.16789,-0.89937,-0.85,1.1,0.19,-0.60235,-0.23238,-0.13899,-0.75091,-0.84,1.08,0.19,-0.60235,-0.23238,-0.13899,-0.75091,-0.88,1.07,0.09,0.27974,-0.00891,-0.36926,-0.88618,-0.89,1.09,0.13,0.14262,-0.07512,-0.27081,-0.94904,-0.88,1.1,0.16,-0.3198,-0.18251,-0.27901,-0.88689,-0.87,1.09,0.17,-0.55351,-0.29852,-0.22586,-0.74398,-0.86,1.08,0.18,-0.55351,-0.29852,-0.22586,-0.74398,-0.7,1.1,0.12,-0.31369,-0.19467,-0.12498,0.92091,-0.68,1.06,0.07,-0.31369,-0.19467,-0.12498,0.92091,-0.72,1.07,0.09,-0.44249,-0.28119,0.5585,0.64282,-0.75,1.08,0.11,-0.26859,-0.13648,0.53568,0.78885,-0.77,1.09,0.13,-0.18717,-0.11446,0.61992,0.75337,-0.78,1.09,0.15,-0.18717,-0.11446,0.61992,0.75337,-0.71,1.08,0.09,-0.31369,-0.19467,-0.12498,0.92091,-0.73,1.12,0.13,0.03969,-0.26479,0.03786,0.96274,-0.75,1.11,0.16,0.43728,-0.22883,0.11804,0.86168,-0.76,1.09,0.18,0.58694,-0.17666,0.15261,0.77524,-0.76,1.07,0.18,0.58694,-0.17666,0.15261,0.77524,-0.7,1.07,0.1,-0.31369,-0.19467,-0.12498,0.92091,-0.71,1.12,0.14,-0.05988,-0.20395,-0.08895,0.97309,-0.73,1.12,0.18,0.38911,-0.22405,0.00037,0.89353,-0.74,1.1,0.19,0.6071,-0.2001,-0.00841,0.76897,-0.75,1.08,0.2,0.6071,-0.2001,-0.00841,0.76897,-0.68,1.07,0.1,-0.31369,-0.19467,-0.12498,0.92091,-0.69,1.11,0.14,-0.08301,-0.16793,-0.16297,0.96868,-0.71,1.12,0.18,0.42829,-0.245,-0.09328,0.86478,-0.72,1.1,0.19,0.68133,-0.27883,-0.04019,0.6756,-0.73,1.08,0.19,0.68133,-0.27883,-0.04019,0.6756,-0.68,1.07,0.11,-0.22896,-0.12644,-0.3521,0.89867,-0.68,1.09,0.15,-0.1497,-0.11652,-0.26542,0.94529,-0.68,1.1,0.18,0.39194,-0.23749,-0.23867,0.85616,-0.69,1.09,0.19,0.63478,-0.34177,-0.16584,0.67286,-0.71,1.08,0.19,0.63478,-0.34177,-0.16584,0.67286,-0.81,1.08,0.19
-0.78,1.45,-0.16,-0.78,1.45,-0.16,-0.85,1.1,0.11,0.34462,-0.06734,-0.13951,-0.92587,-0.86,1.06,0.06,0.34462,-0.06734,-0.13951,-0.92587,-0.83,1.07,0.09,0.41126,-0.14227,0.5563,-0.70792,-0.8,1.09,0.11,0.17987,0.03474,0.49738,-0.84797,-0.8,1.1,0.14,0.06877,0.05185,0.56655,-0.81952,-0.8,1.1,0.16,0.06877,0.05185,0.56655,-0.81952,-0.84,1.08,0.09,0.34462,-0.06734,-0.13951,-0.92587,-0.83,1.12,0.13,0.00404,-0.10409,-0.06375,-0.99251,-0.82,1.12,0.16,-0.40868,-0.12528,-0.0405,-0.90313,-0.82,1.1,0.18,-0.56775,-0.10306,-0.02339,-0.81639,-0.81,1.08,0.19,-0.56775,-0.10306,-0.02339,-0.81639,-0.85,1.08,0.09,0.34462,-0.06734,-0.13951,-0.92587,-0.85,1.12,0.13,0.03681,-0.098,-0.12738,-0.98631,-0.85,1.12,0.17,-0.3858,-0.14402,-0.08654,-0.90715,-0.84,1.1,0.19,-0.58238,-0.14264,-0.11429,-0.7921,-0.83,1.08,0.2,-0.58238,-0.14264,-0.11429,-0.7921,-0.87,1.07,0.09,0.34462,-0.06734,-0.13951,-0.92587,-0.87,1.11,0.13,0.10456,-0.07857,-0.19116,-0.9728,-0.87,1.12,0.17,-0.35905,-0.175,-0.17169,-0.90054,-0.86,1.1,0.19,-0.59809,-0.23658,-0.14134,-0.75256,-0.84,1.08,0.19,-0.59809,-0.23658,-0.14134,-0.75256,-0.88,1.07,0.09,0.28313,-0.00915,-0.37388,-0.88316,-0.89,1.09,0.13,0.15132,-0.07619,-0.27475,-0.94647,-0.88,1.1,0.16,-0.31224,-0.18631,-0.2818,-0.88791,-0.87,1.09,0.17,-0.54914,-0.30371,-0.22609,-0.74504,-0.86,1.08,0.18,-0.54914,-0.30371,-0.22609,-0.74504,-0.71,1.1,0.12,-0.32669,-0.19362,-0.11469,0.91795,-0.68,1.06,0.07,-0.32669,-0.19362,-0.11469,0.91795,-0.73,1.07,0.09,-0.47059,-0.28616,0.54342,0.63353,-0.75,1.08,0.1,-0.29503,-0.14646,0.52231,0.78657,-0.77,1.09,0.13,-0.21223,-0.12095,0.60889,0.7547,-0.78,1.1,0.15,-0.21223,-0.12095,0.60889,0.7547,-0.71,1.08,0.09,-0.32669,-0.19362,-0.11469,0.91795,-0.73,1.12,0.13,-0.061,-0.24535,0.00855,0.96748,-0.75,1.12,0.17,0.3707,-0.22343,0.08964,0.89701,-0.76,1.1,0.18,0.55207,-0.17352,0.12722,0.80556,-0.76,1.08,0.19,0.55207,-0.17352,0.12722,0.80556,-0.7,1.08,0.1,-0.32669,-0.19362,-0.11469,0.91795,-0.71,1.12,0.14,-0.09795,-0.191,-0.08925,0.9726,-0.73,1.13,0.18,0.36734,-0.21318,-0.00278,0.90532,-0.74,1.11,0.19,0.59913,-0.19128,-0.01306,0.77736,-0.75,1.09,0.2,0.59913,-0.19128,-0.01306,0.77736,-0.68,1.08,0.11,-0.32669,-0.19362,-0.11469,0.91795,-0.7,1.11,0.14,-0.08497,-0.16581,-0.15284,0.97053,-0.71,1.12,0.18,0.43183,-0.23847,-0.08466,0.86573,-0.72,1.1,0.19,0.69332,-0.26965,-0.03161,0.66753,-0.73,1.08,0.19,0.69332,-0.26965,-0.03161,0.66753,-0.68,1.07,0.11,-0.24326,-0.12835,-0.34337,0.89802,-0.68,1.1,0.15,-0.1374,-0.13106,-0.25211,0.94889,-0.68,1.11,0.18,0.40853,-0.24236,-0.21901,0.85229,-0.7,1.09,0.19,0.65651,-0.34099,-0.14353,0.65735,-0.71,1.08,0.19,0.65651,-0.34099,-0.14353,0.65735,-0.81,1.08,0.19
-0.78,1.45,-0.16,-0.78,1.45,-0.16,-0.85,1.1,0.11,0.34632,-0.06681,-0.14161,-0.92496,-0.86,1.06,0.06,0.34632,-0.06681,-0.14161,-0.92496,-0.83,1.07,0.09,0.41408,-0.14133,0.55372,-0.70849,-0.8,1.09,0.11,0.18155,0.03509,0.49451,-0.84927,-0.8,1.1,0.14,0.06948,0.05264,0.56372,-0.82135,-0.8,1.11,0.16,0.06948,0.05264,0.56372,-0.82135,-0.84,1.08,0.09,0.34632,-0.06681,-0.14161,-0.92496,-0.83,1.12,0.13,0.00943,-0.1017,-0.06822,-0.99243,-0.82,1.12,0.16,-0.40378,-0.12509,-0.04551,-0.90512,-0.82,1.1,0.18,-0.56387,-0.10384,-0.02842,-0.81882,-0.81,1.08,0.19,-0.56387,-0.10384,-0.02842,-0.81882,-0.85,1.08,0.09,0.34632,-0.06681,-0.14161,-0.92496,-0.85,1.12,0.13,0.03994,-0.09758,-0.13001,-0.98589,-0.85,1.12,0.17,-0.38257,-0.14477,-0.08912,-0.90815,-0.84,1.11,0.19,-0.58045,-0.14421,-0.1166,-0.7929,-0.83,1.08,0.2,-0.58045,-0.14421,-0.1166,-0.7929,-0.87,1.07,0.09,0.34632,-0.06681,-0.14161,-0.92496,-0.87,1.11,0.13,0.11025,-0.07842,-0.1934,-0.97175,-0.87,1.12,0.17,-0.35453,-0.17631,-0.17344,-0.90174,-0.86,1.1,0.19,-0.59528,-0.2386,-0.14225,-0.75397,-0.84,1.08,0.19,-0.59528,-0.2386,-0.14225,-0.75397,-0.88,1.07,0.09,0.28461,-0.00916,-0.37596,-0.8818,-0.89,1.09,0.13,0.15906,-0.07721,-0.27586,-0.9448,-0.88,1.1,0.16,-0.30571,-0.18863,-0.28217,-0.88957,-0.87,1.09,0.17,-0.54577,-0.30673,-0.22459,-0.74673,-0.86,1.08,0.18,-0.54577,-0.30673,-0.22459,-0.74673,-0.71,1.1,0.12,-0.33208,-0.20412,-0.10245,0.91519,-0.69,1.06,0.07,-0.33208,-0.20412,-0.10245,0.91519,-0.73,1.07,0.09,-0.49755,-0.30294,0.5262,0.61951,-0.76,1.08,0.1,-0.30746,-0.15951,0.51406,0.7847,-0.78,1.09,0.13,-0.20656,-0.1185,0.60389,0.76066,-0.79,1.1,0.15,-0.20656,-0.1185,0.60389,0.76066,-0.72,1.08,0.09,-0.33208,-0.20412,-0.10245,0.91519,-0.74,1.12,0.13,-0.13594,-0.23212,-0.00954,0.96309,-0.75,1.13,0.16,0.31622,-0.22008,0.07177,0.92001,-0.76,1.11,0.18,0.52638,-0.17174,0.11262,0.82507,-0.77,1.09,0.19,0.52638,-0.17174,0.11262,0.82507,-0.7,1.08,0.1,-0.33208,-0.20412,-0.10245,0.91519,-0.72,1.12,0.14,-0.17564,-0.18361,-0.09448,0.96255,-0.73,1.13,0.18,0.26896,-0.20972,-0.01612,0.9399,-0.74,1.12,0.2,0.49909,-0.19863,-0.02993,0.84295,-0.75,1.1,0.21,0.49909,-0.19863,-0.02993,0.84295,-0.69,1.08,0.11,-0.33208,-0.20412,-0.10245,0.91519,-0.7,1.11,0.15,-0.13724,-0.16475,-0.14849,0.96539,-0.71,1.12,0.18,0.34777,-0.23431,-0.08929,0.90343,-0.72,1.11,0.2,0.61027,-0.27019,-0.04009,0.74362,-0.73,1.09,0.2,0.61027,-0.27019,-0.04009,0.74362,-0.68,1.07,0.11,-0.24807,-0.13978,-0.33152,0.89946,-0.68,1.1,0.15,-0.16897,-0.1386,-0.2397,0.94593,-0.69,1.11,0.18,0.35537,-0.23909,-0.21061,0.87875,-0.7,1.1,0.19,0.60203,-0.3342,-0.13988,0.71155,-0.71,1.08,0.19,0.60203,-0.3342,-0.13988,0.71155,-0.81,1.08,0.19
-0.78,1.45,-0.16,-0.78,1.45,-0.16,-0.85,1.1,0.11,0.34513,-0.06775,-0.14106,-0.92542,-0.86,1.06,0.06,0.34513,-0.06775,-0.14106,-0.92542,-0.82,1.08,0.09,0.41227,-0.14583,0.5551,-0.70755,-0.8,1.09,0.11,0.17964,0.03149,0.49737,-0.84815,-0.8,1.1,0.14,0.06736,0.04957,0.56665,-0.8197,-0.8,1.1,0.16,0.06736,0.04957,0.56665,-0.8197,-0.84,1.08,0.09,0.34513,-0.06775,-0.14106,-0.92542,-0.83,1.12,0.13,0.00947,-0.10063,-0.06889,-0.99249,-0.82,1.12,0.16,-0.40737,-0.12459,-0.04606,-0.90355,-0.82,1.1,0.18,-0.56864,-0.10349,-0.02872,-0.81554,-0.81,1.08,0.19,-0.56864,-0.10349,-0.02872,-0.81554,-0.85,1.08,0.09,0.34513,-0.06775,-0.14106,-0.92542,-0.85,1.12,0.13,0.04013,-0.09748,-0.12977,-0.98592,-0.85,1.12,0.17,-0.38303,-0.14465,-0.08885,-0.908,-0.84,1.11,0.19,-0.58168,-0.14407,-0.11629,-0.79206,-0.83,1.08,0.2,-0.58168,-0.14407,-0.11629,-0.79206,-0.87,1.07,0.09,0.34513,-0.06775,-0.14106,-0.92542,-0.87,1.11,0.13,0.11121,-0.07864,-0.19284,-0.97173,-0.87,1.12,0.17,-0.35538,-0.17659,-0.17255,-0.90152,-0.85,1.1,0.19,-0.59774,-0.2388,-0.14094,-0.7522,-0.84,1.08,0.19,-0.59774,-0.2388,-0.14094,-0.7522,-0.88,1.07,0.09,0.28333,-0.00975,-0.37535,-0.88247,-0.89,1.09,0.13,0.16103,-0.07789,-0.27479,-0.94472,-0.88,1.1,0.16,-0.3091,-0.19042,-0.28009,-0.88868,-0.87,1.09,0.17,-0.5536,-0.309,-0.22051,-0.74123,-0.86,1.08,0.18,-0.5536,-0.309,-0.22051,-0.74123,-0.71,1.1,0.12,-0.31862,-0.21648,-0.09529,0.9179,-0.69,1.06,0.07,-0.31862,-0.21648,-0.09529,0.9179,-0.73,1.07,0.09,-0.50019,-0.32297,0.51633,0.61555,-0.76,1.08,0.1,-0.29713,-0.17356,0.51382,0.78586,-0.78,1.09,0.13,-0.1804,-0.1204,0.6061,0.76524,-0.79,1.09,0.15,-0.1804,-0.1204,0.6061,0.76524,-0.72,1.08,0.09,-0.31862,-0.21648,-0.09529,0.9179,-0.74,1.11,0.13,-0.15273,-0.22198,-0.02024,0.9628,-0.76,1.12,0.17,0.30929,-0.21571,0.05977,0.92425,-0.77,1.11,0.18,0.5335,-0.16897,0.10259,0.82238,-0.77,1.09,0.19,0.5335,-0.16897,0.10259,0.82238,-0.7,1.08,0.1,-0.31862,-0.21648,-0.09529,0.9179,-0.72,1.12,0.14,-0.20453,-0.18588,-0.09571,0.95627,-0.73,1.13,0.18,0.17218,-0.21101,-0.03108,0.9617,-0.75,1.13,0.2,0.356,-0.2094,-0.05184,0.90925,-0.76,1.11,0.22,0.356,-0.2094,-0.05184,0.90925,-0.69,1.08,0.11,-0.31862,-0.21648,-0.09529,0.9179,-0.7,1.11,0.15,-0.18216,-0.16683,-0.14878,0.95752,-0.71,1.12,0.18,0.24552,-0.23242,-0.10124,0.93566,-0.73,1.11,0.2,0.47361,-0.2739,-0.06197,0.83476,-0.74,1.1,0.21,0.47361,-0.2739,-0.06197,0.83476,-0.68,1.07,0.11,-0.23344,-0.14845,-0.32303,0.90505,-0.69,1.1,0.15,-0.20302,-0.14143,-0.23287,0.94051,-0.69,1.11,0.18,0.28185,-0.23185,-0.21243,0.90646,-0.7,1.1,0.19,0.50067,-0.32274,-0.15521,0.78809,-0.72,1.09,0.2,0.50067,-0.32274,-0.15521,0.78809,-0.81,1.08,0.19
-0.78,1.45,-0.16,-0.78,1.45,-0.16,-0.85,1.1,0.11,0.34157,-0.07207,-0.13594,-0.92718,-0.86,1.06,0.06,0.34157,-0.07207,-0.13594,-0.92718,-0.82,1.07,0.09,0.40625,-0.15521,0.56213,-0.70348,-0.8,1.09,0.11,0.17489,0.02505,0.50752,-0.84333,-0.8,1.1,0.14,0.06434,0.04318,0.57686,-0.81316,-0.8,1.1,0.16,0.06434,0.04318,0.57686,-0.81316,-0.84,1.08,0.09,0.34157,-0.07207,-0.13594,-0.92718,-0.83,1.12,0.13,0.007,-0.10214,-0.06338,-0.99272,-0.82,1.12,0.16,-0.41119,-0.12366,-0.04025,-0.90223,-0.82,1.1,0.18,-0.5727,-0.10152,-0.02296,-0.81313,-0.81,1.08,0.19,-0.5727,-0.10152,-0.02296,-0.81313,-0.85,1.08,0.09,0.34157,-0.07207,-0.13594,-0.92718,-0.85,1.12,0.13,0.03823,-0.09924,-0.12407,-0.98656,-0.84,1.12,0.17,-0.38393,-0.1437,-0.08313,-0.90832,-0.84,1.11,0.19,-0.58159,-0.14175,-0.11104,-0.7933,-0.83,1.08,0.2,-0.58159,-0.14175,-0.11104,-0.7933,-0.87,1.07,0.09,0.34157,-0.07207,-0.13594,-0.92718,-0.87,1.11,0.13,0.10932,-0.08058,-0.18724,-0.97288,-0.86,1.12,0.17,-0.35701,-0.17551,-0.16688,-0.90216,-0.85,1.1,0.19,-0.59922,-0.23607,-0.13599,-0.75281,-0.84,1.08,0.19,-0.59922,-0.23607,-0.13599,-0.75281,-0.88,1.07,0.09,0.27968,-0.01285,-0.37017,-0.88577,-0.88,1.09,0.13,0.16011,-0.07935,-0.26937,-0.94631,-0.88,1.1,0.16,-0.31263,-0.18965,-0.2744,-0.88938,-0.87,1.09,0.17,-0.55819,-0.30675,-0.21523,-0.74028,-0.86,1.08,0.18,-0.55819,-0.30675,-0.21523,-0.74028,-0.71,1.09,0.12,-0.28692,-0.22172,-0.09472,0.92712,-0.69,1.06,0.07,-0.28692,-0.22172,-0.09472,0.92712,-0.73,1.07,0.09,-0.48107,-0.34415,0.5086,0.62567,-0.76,1.08,0.1,-0.27332,-0.19357,0.51274,0.79053,-0.78,1.08,0.13,-0.15611,-0.14102,0.60699,0.76636,-0.79,1.09,0.15,-0.15611,-0.14102,0.60699,0.76636,-0.72,1.07,0.1,-0.28692,-0.22172,-0.09472,0.92712,-0.74,1.11,0.14,-0.12034,-0.21366,-0.02568,0.96913,-0.76,1.12,0.17,0.35133,-0.20941,0.05325,0.91098,-0.77,1.1,0.19,0.57763,-0.16335,0.09736,0.79384,-0.77,1.08,0.19,0.57763,-0.16335,0.09736,0.79384,-0.7,1.07,0.1,-0.28692,-0.22172,-0.09472,0.92712,-0.72,1.11,0.14,-0.17265,-0.18656,-0.09472,0.9625,-0.74,1.13,0.18,0.19277,-0.2105,-0.03246,0.95785,-0.75,1.12,0.2,0.34922,-0.20731,-0.05658,0.91207,-0.76,1.1,0.22,0.34922,-0.20731,-0.05658,0.91207,-0.69,1.07,0.11,-0.28692,-0.22172,-0.09472,0.92712,-0.71,1.1,0.15,-0.15047,-0.16998,-0.14531,0.96299,-0.72,1.12,0.18,0.26606,-0.23151,-0.09976,0.93041,-0.73,1.1,0.2,0.46893,-0.27141,-0.06698,0.83783,-0.74,1.09,0.21,0.46893,-0.27141,-0.06698,0.83783,-0.68,1.07,0.11,-0.20158,-0.14566,-0.31985,0.91425,-0.69,1.09,0.15,-0.17222,-0.14509,-0.22804,0.94725,-0.69,1.1,0.18,0.29768,-0.2272,-0.2094,0.90328,-0.7,1.09,0.19,0.4925,-0.31352,-0.16218,0.79552,-0.72,1.08,0.2,0.4925,-0.31352,-0.16218,0.79552,-0.81,1.08,0.19
-0.78,1.45,-0.16,-0.78,1.45,-0.16,-0.85,1.1,0.11,0.33585,-0.0735,-0.13557,-0.92921,-0.86,1.06,0.06,0.33585,-0.0735,-0.13557,-0.92921,-0.82,1.07,0.09,0.40255,-0.16337,0.56186,-0.70397,-0.8,1.09,0.11,0.17068,0.0175,0.50992,-0.84294,-0.8,1.1,0.14,0.0619,0.03474,0.57986,-0.81162,-0.8,1.1,0.16,0.0619,0.03474,0.57986,-0.81162,-0.83,1.08,0.09,0.33585,-0.0735,-0.13557,-0.92921,-0.83,1.12,0.13,0.0145,-0.10411,-0.06328,-0.99245,-0.82,1.12,0.17,-0.39572,-0.12521,-0.0405,-0.90889,-0.82,1.1,0.18,-0.55734,-0.10314,-0.0236,-0.82351,-0.81,1.08,0.19,-0.55734,-0.10314,-0.0236,-0.82351,-0.85,1.08,0.09,0.33585,-0.0735,-0.13557,-0.92921,-0.85,1.12,0.13,0.04456,-0.09863,-0.12466,-0.98628,-0.84,1.12,0.17,-0.36599,-0.14236,-0.08578,-0.91566,-0.83,1.11,0.19,-0.55943,-0.1418,-0.1147,-0.80856,-0.83,1.08,0.2,-0.55943,-0.1418,-0.1147,-0.80856,-0.87,1.07,0.09,0.33585,-0.0735,-0.13557,-0.92921,-0.87,1.11,0.13,0.11566,-0.07789,-0.1882,-0.97218,-0.86,1.12,0.17,-0.34155,-0.17215,-0.17045,-0.9081,-0.85,1.1,0.19,-0.58025,-0.23364,-0.1413,-0.76731,-0.84,1.08,0.19,-0.58025,-0.23364,-0.1413,-0.76731,-0.88,1.07,0.09,0.27386,-0.01275,-0.3694,-0.88791,-0.88,1.09,0.13,0.166,-0.07274,-0.27057,-0.94549,-0.88,1.1,0.16,-0.30222,-0.18356,-0.2793,-0.89273,-0.87,1.09,0.18,-0.54187,-0.30074,-0.2238,-0.75223,-0.86,1.08,0.18,-0.54187,-0.30074,-0.2238,-0.75223,-0.71,1.09,0.12,-0.29222,-0.22246,-0.09819,0.92492,-0.69,1.06,0.07,-0.29222,-0.22246,-0.09819,0.92492,-0.73,1.07,0.09,-0.48327,-0.33517,0.51135,0.62661,-0.76,1.08,0.1,-0.27822,-0.18587,0.51192,0.79119,-0.78,1.08,0.13,-0.16413,-0.13609,0.60512,0.76706,-0.79,1.09,0.15,-0.16413,-0.13609,0.60512,0.76706,-0.72,1.07,0.1,-0.29222,-0.22246,-0.09819,0.92492,-0.74,1.11,0.14,-0.12438,-0.21266,-0.02982,0.96872,-0.76,1.12,0.17,0.35688,-0.21005,0.05134,0.90878,-0.77,1.1,0.18,0.58573,-0.16406,0.09658,0.78783,-0.77,1.08,0.19,0.58573,-0.16406,0.09658,0.78783,-0.7,1.07,0.1,-0.29222,-0.22246,-0.09819,0.92492,-0.72,1.11,0.14,-0.16809,-0.18811,-0.09665,0.96282,-0.74,1.13,0.18,0.20813,-0.21295,-0.03127,0.95413,-0.75,1.12,0.2,0.36902,-0.20873,-0.05425,0.90405,-0.76,1.1,0.22,0.36902,-0.20873,-0.05425,0.90405,-0.69,1.07,0.11,-0.29222,-0.22246,-0.09819,0.92492,-0.7,1.1,0.15,-0.14913,-0.17306,-0.14756,0.96231,-0.72,1.12,0.18,0.27099,-0.23558,-0.09963,0.92798,-0.73,1.1,0.2,0.47563,-0.27528,-0.06545,0.8329,-0.74,1.09,0.21,0.47563,-0.27528,-0.06545,0.8329,-0.68,1.07,0.11,-0.20611,-0.14784,-0.32348,0.9116,-0.69,1.09,0.15,-0.17159,-0.15062,-0.23055,0.94589,-0.69,1.1,0.18,0.29753,-0.23312,-0.20909,0.90189,-0.7,1.09,0.19,0.49054,-0.31886,-0.16099,0.79485,-0.72,1.08,0.2,0.49054,-0.31886,-0.16099,0.79485,-0.81,1.08,0.19
-0.78,1.45,-0.16,-0.78,1.45,-0.16,-0.85,1.1,0.11,0.31485,-0.07421,-0.13265,-0.93689,-0.86,1.06,0.06,0.31485,-0.07421,-0.13265,-0.93689,-0.82,1.07,0.09,0.40142,-0.19165,0.54831,-0.70815,-0.8,1.09,0.11,0.16668,-0.01394,0.50555,-0.84643,-0.79,1.09,0.14,0.06694,-0.00198,0.57912,-0.81249,-0.79,1.1,0.16,0.06694,-0.00198,0.57912,-0.81249,-0.83,1.08,0.09,0.31485,-0.07421,-0.13265,-0.93689,-0.83,1.12,0.13,0.06046,-0.11806,-0.05841,-0.98944,-0.82,1.12,0.17,-0.29493,-0.13493,-0.03864,-0.94515,-0.81,1.11,0.19,-0.45501,-0.11288,-0.0244,-0.88296,-0.81,1.09,0.2,-0.45501,-0.11288,-0.0244,-0.88296,-0.85,1.08,0.09,0.31485,-0.07421,-0.13265,-0.93689,-0.85,1.12,0.13,0.08373,-0.08876,-0.12851,-0.98417,-0.84,1.12,0.17,-0.30819,-0.13333,-0.09628,-0.937,-0.83,1.11,0.19,-0.49643,-0.1381,-0.1284,-0.84735,-0.83,1.09,0.21,-0.49643,-0.1381,-0.1284,-0.84735,-0.87,1.07,0.09,0.31485,-0.07421,-0.13265,-0.93689,-0.87,1.11,0.13,0.14579,-0.0575,-0.19299,-0.9686,-0.86,1.12,0.17,-0.29278,-0.15367,-0.18633,-0.92518,-0.85,1.1,0.19,-0.52316,-0.2196,-0.16336,-0.80709,-0.84,1.09,0.2,-0.52316,-0.2196,-0.16336,-0.80709,-0.87,1.07,0.09,0.25365,-0.00797,-0.36521,-0.89567,-0.88,1.09,0.13,0.18445,-0.03218,-0.27653,-0.94259,-0.88,1.1,0.16,-0.25938,-0.14477,-0.30614,-0.90446,-0.87,1.09,0.18,-0.47559,-0.26392,-0.26704,-0.79552,-0.86,1.08,0.19,-0.47559,-0.26392,-0.26704,-0.79552,-0.71,1.09,0.12,-0.30152,-0.22146,-0.10245,0.92171,-0.68,1.06,0.08,-0.30152,-0.22146,-0.10245,0.92171,-0.73,1.07,0.09,-0.48016,-0.31796,0.5242,0.62734,-0.76,1.07,0.1,-0.27846,-0.16653,0.51895,0.79084,-0.77,1.08,0.13,-0.16966,-0.12153,0.6091,0.76514,-0.78,1.09,0.15,-0.16966,-0.12153,0.6091,0.76514,-0.72,1.07,0.1,-0.30152,-0.22146,-0.10245,0.92171,-0.74,1.11,0.14,-0.11818,-0.21428,-0.02959,0.96914,-0.75,1.12,0.17,0.37395,-0.21055,0.05495,0.90156,-0.76,1.1,0.18,0.60129,-0.16333,0.10092,0.77562,-0.77,1.08,0.19,0.60129,-0.16333,0.10092,0.77562,-0.7,1.07,0.1,-0.30152,-0.22146,-0.10245,0.92171,-0.72,1.11,0.14,-0.14407,-0.19302,-0.09386,0.96601,-0.73,1.12,0.18,0.2805,-0.21723,-0.01575,0.93482,-0.74,1.11,0.2,0.46819,-0.20582,-0.03342,0.85868,-0.75,1.09,0.21,0.46819,-0.20582,-0.03342,0.85868,-0.68,1.07,0.11,-0.30152,-0.22146,-0.10245,0.92171,-0.7,1.1,0.15,-0.14555,-0.17781,-0.14901,0.96177,-0.71,1.12,0.18,0.29694,-0.24255,-0.09356,0.91883,-0.73,1.1,0.2,0.51333,-0.28032,-0.05487,0.80926,-0.74,1.08,0.21,0.51333,-0.28032,-0.05487,0.80926,-0.68,1.07,0.11,-0.21478,-0.14933,-0.32827,0.90764,-0.68,1.09,0.15,-0.17361,-0.15715,-0.23359,0.94371,-0.69,1.1,0.18,0.29651,-0.24075,-0.2084,0.90038,-0.7,1.09,0.19,0.49154,-0.32643,-0.15764,0.79182,-0.72,1.08,0.2,0.49154,-0.32643,-0.15764,0.79182,-0.81,1.08,0.19
-0.78,1.45,-0.16,-0.78,1.45,-0.16,-0.85,1.09,0.11,0.28833,-0.0744,-0.09639,-0.94976,-0.85,1.06,0.06,0.28833,-0.0744,-0.09639,-0.94976,-0.82,1.07,0.09,0.4009,-0.22434,0.54401,-0.70215,-0.8,1.08,0.1,0.17019,-0.04948,0.51152,-0.84079,-0.79,1.09,0.14,0.07982,-0.04072,0.58805,-0.80385,-0.78,1.09,0.16,0.07982,-0.04072,0.58805,-0.80385,-0.83,1.08,0.09,0.28833,-0.0744,-0.09639,-0.94976,-0.82,1.11,0.13,0.06505,-0.13667,-0.01388,-0.98838,-0.81,1.12,0.17,-0.20585,-0.13704,-0.00271,-0.96894,-0.81,1.11,0.19,-0.34304,-0.10978,0.00506,-0.93287,-0.8,1.09,0.21,-0.34304,-0.10978,0.00506,-0.93287,-0.85,1.07,0.09,0.28833,-0.0744,-0.09639,-0.94976,-0.84,1.11,0.13,0.14258,-0.06606,-0.10228,-0.98227,-0.84,1.12,0.17,-0.22769,-0.10079,-0.08358,-0.96489,-0.83,1.11,0.2,-0.41474,-0.10839,-0.12372,-0.89495,-0.83,1.1,0.22,-0.41474,-0.10839,-0.12372,-0.89495,-0.86,1.07,0.09,0.28833,-0.0744,-0.09639,-0.94976,-0.86,1.1,0.13,0.21047,-0.02239,-0.16506,-0.9633,-0.86,1.12,0.17,-0.22237,-0.11092,-0.17645,-0.95242,-0.86,1.11,0.19,-0.45978,-0.17744,-0.16377,-0.85457,-0.85,1.09,0.21,-0.45978,-0.17744,-0.16377,-0.85457,-0.87,1.07,0.09,0.23279,-0.00019,-0.32905,-0.91517,-0.88,1.09,0.13,0.22011,0.01287,-0.24277,-0.9447,-0.88,1.1,0.16,-0.20673,-0.0867,-0.29765,-0.92798,-0.88,1.09,0.18,-0.42932,-0.20608,-0.27225,-0.83612,-0.86,1.08,0.19,-0.42932,-0.20608,-0.27225,-0.83612,-0.71,1.09,0.12,-0.31866,-0.2057,-0.11207,0.91847,-0.68,1.06,0.07,-0.31866,-0.2057,-0.11207,0.91847,-0.72,1.07,0.09,-0.47035,-0.2868,0.54308,0.6337,-0.75,1.08,0.11,-0.26927,-0.12942,0.5284,0.79469,-0.77,1.09,0.13,-0.15549,-0.0837,0.61396,0.76933,-0.78,1.09,0.16,-0.15549,-0.0837,0.61396,0.76933,-0.71,1.07,0.1,-0.31866,-0.2057,-0.11207,0.91847,-0.73,1.11,0.13,-0.06774,-0.20765,-0.02295,0.97558,-0.75,1.12,0.17,0.423,-0.20018,0.05749,0.88187,-0.76,1.1,0.18,0.62905,-0.15386,0.09879,0.75555,-0.76,1.08,0.19,0.62905,-0.15386,0.09879,0.75555,-0.7,1.07,0.1,-0.31866,-0.2057,-0.11207,0.91847,-0.71,1.11,0.14,-0.10156,-0.18908,-0.09304,0.97225,-0.73,1.12,0.18,0.35857,-0.21324,-0.00827,0.90878,-0.74,1.1,0.2,0.55528,-0.19491,-0.02367,0.80815,-0.75,1.08,0.21,0.55528,-0.19491,-0.02367,0.80815,-0.68,1.07,0.11,-0.31866,-0.2057,-0.11207,0.91847,-0.7,1.1,0.15,-0.12778,-0.17339,-0.15407,0.9643,-0.71,1.12,0.18,0.35129,-0.24373,-0.09124,0.89937,-0.72,1.1,0.2,0.58037,-0.27963,-0.04832,0.76331,-0.73,1.08,0.2,0.58037,-0.27963,-0.04832,0.76331,-0.68,1.07,0.11,-0.23334,-0.13825,-0.3396,0.90062,-0.68,1.09,0.15,-0.18986,-0.14645,-0.24555,0.93926,-0.68,1.1,0.18,0.30394,-0.24366,-0.21851,0.89471,-0.7,1.09,0.19,0.51372,-0.33438,-0.16083,0.77358,-0.71,1.08,0.2,0.51372,-0.33438,-0.16083,0.77358,-0.81,1.08,0.19
-0.78,1.45,-0.16,-0.78,1.45,-0.16,-0.84,1.09,0.11,0.27436,-0.0812,-0.05424,-0.95666,-0.85,1.06,0.06,0.27436,-0.0812,-0.05424,-0.95666,-0.82,1.07,0.09,0.40928,-0.24025,0.54494,-0.69124,-0.79,1.08,0.1,0.18199,-0.06652,0.51753,-0.83344,-0.78,1.09,0.13,0.09115,-0.05436,0.59536,-0.79642,-0.78,1.09,0.16,0.09115,-0.05436,0.59536,-0.79642,-0.83,1.07,0.09,0.27436,-0.0812,-0.05424,-0.95666,-0.82,1.11,0.13,0.03914,-0.14996,0.03777,-0.9872,-0.81,1.11,0.17,-0.2078,-0.13647,0.04733,-0.96745,-0.8,1.1,0.19,-0.32795,-0.10292,0.05252,-0.9376,-0.8,1.09,0.21,-0.32795,-0.10292,0.05252,-0.9376,-0.84,1.07,0.09,0.27436,-0.0812,-0.05424,-0.95666,-0.84,1.11,0.14,0.16419,-0.0606,-0.06313,-0.98254,-0.84,1.12,0.18,-0.20708,-0.08164,-0.04919,-0.97367,-0.83,1.11,0.2,-0.40207,-0.08474,-0.09416,-0.9068,-0.83,1.1,0.22,-0.40207,-0.08474,-0.09416,-0.9068,-0.86,1.07,0.09,0.27436,-0.0812,-0.05424,-0.95666,-0.86,1.1,0.14,0.25253,-0.0152,-0.12443,-0.95944,-0.86,1.12,0.17,-0.19729,-0.09072,-0.1412,-0.96587,-0.85,1.11,0.19,-0.45551,-0.15134,-0.13304,-0.86713,-0.84,1.09,0.21,-0.45551,-0.15134,-0.13304,-0.86713,-0.87,1.07,0.09,0.22365,-0.00214,-0.28759,-0.93127,-0.88,1.09,0.13,0.25592,0.02427,-0.19771,-0.94595,-0.88,1.1,0.16,-0.17693,-0.06087,-0.26263,-0.94658,-0.88,1.1,0.18,-0.43768,-0.18064,-0.23902,-0.84775,-0.86,1.08,0.19,-0.43768,-0.18064,-0.23902,-0.84775,-0.7,1.09,0.12,-0.34951,-0.18493,-0.11639,0.9111,-0.68,1.06,0.07,-0.34951,-0.18493,-0.11639,0.9111,-0.72,1.07,0.09,-0.46117,-0.24271,0.57032,0.63493,-0.75,1.08,0.11,-0.27343,-0.08489,0.54069,0.791,-0.76,1.09,0.14,-0.15651,-0.03818,0.62076,0.76727,-0.77,1.09,0.16,-0.15651,-0.03818,0.62076,0.76727,-0.71,1.07,0.09,-0.34951,-0.18493,-0.11639,0.9111,-0.73,1.12,0.13,-0.02517,-0.20055,-0.00762,0.97933,-0.74,1.12,0.17,0.46291,-0.18537,0.06724,0.86419,-0.75,1.1,0.18,0.64447,-0.13907,0.10189,0.74494,-0.75,1.08,0.18,0.64447,-0.13907,0.10189,0.74494,-0.69,1.07,0.1,-0.34951,-0.18493,-0.11639,0.9111,-0.71,1.12,0.14,-0.06563,-0.18331,-0.08627,0.97706,-0.72,1.12,0.18,0.42408,-0.20457,0.00215,0.88222,-0.73,1.1,0.19,0.63631,-0.17843,-0.01108,0.75043,-0.74,1.08,0.2,0.63631,-0.17843,-0.01108,0.75043,-0.68,1.07,0.11,-0.34951,-0.18493,-0.11639,0.9111,-0.69,1.11,0.14,-0.10199,-0.16896,-0.15163,0.96853,-0.7,1.12,0.18,0.42664,-0.24206,-0.07906,0.86783,-0.71,1.1,0.19,0.67694,-0.27182,-0.02895,0.68339,-0.72,1.08,0.19,0.67694,-0.27182,-0.02895,0.68339,-0.67,1.07,0.11,-0.26703,-0.12565,-0.34697,0.89024,-0.67,1.09,0.15,-0.19996,-0.13869,-0.25173,0.9367,-0.68,1.11,0.17,0.36112,-0.25621,-0.21185,0.87124,-0.69,1.1,0.19,0.61595,-0.3521,-0.1311,0.69242,-0.7,1.08,0.19,0.61595,-0.3521,-0.1311,0.69242,-0.81,1.08,0.19
-0.78,1.45,-0.16,-0.78,1.45,-0.16,-0.84,1.09,0.11,0.26787,-0.08832,-0.03879,-0.95861,-0.85,1.06,0.06,0.26787,-0.08832,-0.03879,-0.95861,-0.82,1.07,0.08,0.43092,-0.24321,0.52516,-0.69236,-0.79,1.08,0.1,0.20189,-0.07748,0.49855,-0.83945,-0.78,1.09,0.13,0.10238,-0.05852,0.57889,-0.80683,-0.77,1.09,0.15,0.10238,-0.05852,0.57889,-0.80683,-0.83,1.07,0.09,0.26787,-0.08832,-0.03879,-0.95861,-0.82,1.11,0.13,0.00914,-0.15689,0.06076,-0.9857,-0.8,1.11,0.17,-0.24009,-0.13651,0.07186,-0.95841,-0.8,1.09,0.19,-0.36055,-0.0994,0.07807,-0.92414,-0.8,1.08,0.21,-0.36055,-0.0994,0.07807,-0.92414,-0.84,1.07,0.09,0.26787,-0.08832,-0.03879,-0.95861,-0.84,1.11,0.14,0.17192,-0.06503,-0.04787,-0.9818,-0.83,1.12,0.18,-0.21455,-0.08077,-0.03216,-0.97284,-0.83,1.11,0.2,-0.43589,-0.08109,-0.0779,-0.89295,-0.82,1.09,0.22,-0.43589,-0.08109,-0.0779,-0.89295,-0.86,1.07,0.09,0.26787,-0.08832,-0.03879,-0.95861,-0.86,1.1,0.14,0.26985,-0.02129,-0.10874,-0.95651,-0.86,1.12,0.17,-0.22355,-0.09511,-0.12101,-0.96246,-0.85,1.11,0.19,-0.51567,-0.15239,-0.1096,-0.83597,-0.84,1.09,0.2,-0.51567,-0.15239,-0.1096,-0.83597,-0.87,1.07,0.09,0.21803,-0.00713,-0.27199,-0.93725,-0.87,1.09,0.13,0.27005,0.01768,-0.1799,-0.94573,-0.88,1.1,0.16,-0.19113,-0.06686,-0.24348,-0.94853,-0.87,1.1,0.18,-0.50671,-0.19322,-0.21002,-0.81351,-0.86,1.08,0.19,-0.50671,-0.19322,-0.21002,-0.81351,-0.7,1.1,0.12,-0.36926,-0.18392,-0.11834,0.90322,-0.68,1.05,0.07,-0.36926,-0.18392,-0.11834,0.90322,-0.72,1.07,0.09,-0.45445,-0.22215,0.59131,0.62808,-0.75,1.08,0.11,-0.28599,-0.06996,0.55379,0.77887,-0.76,1.09,0.14,-0.17395,-0.0247,0.63191,0.75487,-0.77,1.1,0.16,-0.17395,-0.0247,0.63191,0.75487,-0.71,1.07,0.09,-0.36926,-0.18392,-0.11834,0.90322,-0.73,1.12,0.13,-0.00086,-0.21195,0.01248,0.9772,-0.74,1.12,0.16,0.46301,-0.18691,0.08576,0.86216,-0.75,1.1,0.17,0.62462,-0.13919,0.11639,0.75956,-0.75,1.08,0.18,0.62462,-0.13919,0.11639,0.75956,-0.69,1.07,0.1,-0.36926,-0.18392,-0.11834,0.90322,-0.71,1.12,0.13,-0.05815,-0.19172,-0.07887,0.97655,-0.72,1.13,0.17,0.4324,-0.20814,0.01317,0.87723,-0.73,1.11,0.19,0.66333,-0.17691,0.00348,0.72711,-0.74,1.08,0.19,0.66333,-0.17691,0.00348,0.72711,-0.68,1.07,0.1,-0.36926,-0.18392,-0.11834,0.90322,-0.69,1.11,0.14,-0.10808,-0.17379,-0.15099,0.96712,-0.7,1.12,0.17,0.44073,-0.24751,-0.07066,0.85994,-0.71,1.1,0.19,0.71374,-0.27245,-0.01116,0.64515,-0.72,1.08,0.19,0.71374,-0.27245,-0.01116,0.64515,-0.67,1.07,0.11,-0.28623,-0.1299,-0.35001,0.88243,-0.67,1.1,0.14,-0.21293,-0.14303,-0.25433,0.93248,-0.68,1.11,0.17,0.38668,-0.27063,-0.20158,0.85825,-0.69,1.1,0.18,0.67685,-0.36651,-0.09756,0.6309,-0.7,1.08,0.18,0.67685,-0.36651,-0.09756,0.6309,-0.81,1.08,0.19
-0.78,1.45,-0.16,-0.78,1.45,-0.16,-0.84,1.09,0.11,0.27987,-0.0793,-0.07343,-0.95393,-0.85,1.06,0.06,0.27987,-0.0793,-0.07343,-0.95393,-0.82,1.07,0.08,0.44423,-0.21831,0.5041,-0.70774,-0.79,1.09,0.1,0.21089,-0.06061,0.46926,-0.85536,-0.78,1.1,0.13,0.10306,-0.04009,0.54981,-0.82793,-0.78,1.1,0.15,0.10306,-0.04009,0.54981,-0.82793,-0.83,1.08,0.09,0.27987,-0.0793,-0.07343,-0.95393,-0.82,1.11,0.13,0.0061,-0.15343,0.0278,-0.98775,-0.81,1.11,0.17,-0.28615,-0.13941,0.04541,-0.9469,-0.8,1.1,0.19,-0.4237,-0.10419,0.05601,-0.89805,-0.8,1.08,0.2,-0.4237,-0.10419,0.05601,-0.89805,-0.84,1.08,0.09,0.27987,-0.0793,-0.07343,-0.95393,-0.84,1.11,0.14,0.16256,-0.0643,-0.08104,-0.98126,-0.84,1.13,0.18,-0.26333,-0.09511,-0.05927,-0.95818,-0.83,1.11,0.2,-0.5055,-0.09941,-0.10003,-0.85122,-0.83,1.09,0.21,-0.5055,-0.09941,-0.10003,-0.85122,-0.86,1.07,0.09,0.27987,-0.0793,-0.07343,-0.95393,-0.86,1.1,0.14,0.25049,-0.02264,-0.14181,-0.95741,-0.86,1.12,0.17,-0.2747,-0.11653,-0.14627,-0.94317,-0.85,1.11,0.19,-0.5775,-0.1812,-0.12493,-0.78617,-0.84,1.09,0.2,-0.5775,-0.1812,-0.12493,-0.78617,-0.87,1.07,0.09,0.22674,-0.00218,-0.30641,-0.9245,-0.88,1.09,0.13,0.24723,0.00268,-0.21438,-0.94494,-0.88,1.1,0.16,-0.24735,-0.10356,-0.26469,-0.9263,-0.87,1.1,0.18,-0.56452,-0.23768,-0.21554,-0.7605,-0.86,1.08,0.18,-0.56452,-0.23768,-0.21554,-0.7605,-0.7,1.1,0.12,-0.3601,-0.19662,-0.11849,0.90423,-0.68,1.05,0.07,-0.3601,-0.19662,-0.11849,0.90423,-0.72,1.07,0.09,-0.44866,-0.23664,0.59477,0.62366,-0.75,1.08,0.11,-0.28548,-0.08647,0.56057,0.77252,-0.76,1.09,0.14,-0.18796,-0.05072,0.64022,0.74312,-0.77,1.09,0.16,-0.18796,-0.05072,0.64022,0.74312,-0.71,1.07,0.09,-0.3601,-0.19662,-0.11849,0.90423,-0.73,1.12,0.13,0.01783,-0.24245,0.03818,0.96925,-0.75,1.11,0.16,0.44444,-0.20572,0.11511,0.86424,-0.75,1.1,0.17,0.59088,-0.15484,0.14495,0.77838,-0.75,1.07,0.18,0.59088,-0.15484,0.14495,0.77838,-0.69,1.07,0.1,-0.3601,-0.19662,-0.11849,0.90423,-0.71,1.12,0.13,-0.05752,-0.212,-0.06949,0.9731,-0.72,1.12,0.17,0.42817,-0.22128,0.03052,0.87566,-0.73,1.1,0.19,0.67126,-0.18383,0.02556,0.71761,-0.74,1.08,0.19,0.67126,-0.18383,0.02556,0.71761,-0.68,1.07,0.1,-0.3601,-0.19662,-0.11849,0.90423,-0.69,1.11,0.14,-0.10845,-0.18788,-0.14685,0.96508,-0.7,1.12,0.18,0.45369,-0.2578,-0.05563,0.85124,-0.72,1.1,0.19,0.73866,-0.27486,0.01164,0.61539,-0.72,1.08,0.18,0.73866,-0.27486,0.01164,0.61539,-0.67,1.07,0.11,-0.2747,-0.14015,-0.34885,0.88499,-0.67,1.1,0.15,-0.21036,-0.15185,-0.25299,0.93204,-0.68,1.11,0.17,0.40407,-0.27977,-0.19117,0.84966,-0.69,1.1,0.18,0.70753,-0.37194,-0.07559,0.5961,-0.7,1.08,0.18,0.70753,-0.37194,-0.07559,0.5961,-0.81,1.08,0.19
-0.78,1.45,-0.16,-0.78,1.45,-0.16,-0.85,1.1,0.11,0.29617,-0.06704,-0.11948,-0.94526,-0.85,1.06,0.06,0.29617,-0.06704,-0.11948,-0.94526,-0.82,1.08,0.08,0.45443,-0.18799,0.48246,-0.72484,-0.8,1.09,0.1,0.21693,-0.0385,0.43776,-0.87168,-0.79,1.1,0.13,0.10706,-0.02161,0.51798,-0.84839,-0.78,1.11,0.15,0.10706,-0.02161,0.51798,-0.84839,-0.83,1.08,0.09,0.29617,-0.06704,-0.11948,-0.94526,-0.82,1.12,0.13,0.01318,-0.14757,-0.0201,-0.98876,-0.81,1.12,0.17,-0.31205,-0.14796,0.00305,-0.93847,-0.81,1.1,0.19,-0.45879,-0.11856,0.01763,-0.88042,-0.8,1.09,0.2,-0.45879,-0.11856,0.01763,-0.88042,-0.85,1.08,0.09,0.29617,-0.06704,-0.11948,-0.94526,-0.85,1.11,0.13,0.14584,-0.06721,-0.12417,-0.97918,-0.84,1.13,0.17,-0.30146,-0.11797,-0.09433,-0.94144,-0.83,1.11,0.2,-0.53953,-0.12773,-0.12722,-0.82244,-0.83,1.09,0.21,-0.53953,-0.12773,-0.12722,-0.82244,-0.86,1.07,0.09,0.29617,-0.06704,-0.11948,-0.94526,-0.86,1.1,0.13,0.21758,-0.02892,-0.18521,-0.95787,-0.86,1.12,0.17,-0.30626,-0.14344,-0.18032,-0.92364,-0.86,1.11,0.19,-0.59603,-0.21632,-0.1491,-0.75877,-0.84,1.09,0.2,-0.59603,-0.21632,-0.1491,-0.75877,-0.87,1.07,0.09,0.23875,0.00425,-0.3517,-0.90514,-0.88,1.09,0.13,0.2211,-0.01885,-0.25833,-0.94023,-0.88,1.1,0.16,-0.2663,-0.14052,-0.2921,-0.90775,-0.87,1.09,0.18,-0.55926,-0.27744,-0.23268,-0.74573,-0.86,1.08,0.18,-0.55926,-0.27744,-0.23268,-0.74573,-0.7,1.09,0.12,-0.35511,-0.20596,-0.11372,0.90473,-0.68,1.05,0.07,-0.35511,-0.20596,-0.11372,0.90473,-0.72,1.07,0.09,-0.44983,-0.24711,0.59569,0.61786,-0.75,1.07,0.11,-0.28761,-0.09698,0.56441,0.76767,-0.76,1.09,0.14,-0.20004,-0.06787,0.6447,0.73467,-0.77,1.09,0.16,-0.20004,-0.06787,0.6447,0.73467,-0.71,1.07,0.09,-0.35511,-0.20596,-0.11372,0.90473,-0.73,1.11,0.13,0.02273,-0.26487,0.06187,0.96203,-0.75,1.11,0.16,0.42263,-0.21934,0.14031,0.86809,-0.76,1.09,0.17,0.56089,-0.16586,0.16955,0.79318,-0.76,1.07,0.18,0.56089,-0.16586,0.16955,0.79318,-0.7,1.07,0.1,-0.35511,-0.20596,-0.11372,0.90473,-0.71,1.12,0.14,-0.06233,-0.22663,-0.05809,0.97025,-0.73,1.12,0.17,0.4169,-0.22885,0.04614,0.87846,-0.74,1.1,0.19,0.66874,-0.18652,0.04364,0.7184,-0.74,1.08,0.19,0.66874,-0.18652,0.04364,0.7184,-0.68,1.07,0.11,-0.35511,-0.20596,-0.11372,0.90473,-0.69,1.11,0.14,-0.12537,-0.19675,-0.14154,0.96205,-0.71,1.12,0.18,0.44568,-0.26315,-0.04383,0.85452,-0.72,1.1,0.19,0.74121,-0.27468,0.02771,0.61188,-0.73,1.08,0.18,0.74121,-0.27468,0.02771,0.61188,-0.67,1.07,0.11,-0.2686,-0.14801,-0.34346,0.88768,-0.68,1.09,0.15,-0.22495,-0.15417,-0.24919,0.92927,-0.68,1.11,0.17,0.39976,-0.2823,-0.1842,0.85239,-0.69,1.1,0.18,0.71662,-0.37212,-0.06147,0.58669,-0.71,1.08,0.18,0.71662,-0.37212,-0.06147,0.58669,-0.81,1.08,0.19
-0.78,1.45,-0.16,-0.78,1.45,-0.16,-0.85,1.1,0.11,0.31406,-0.05859,-0.16526,-0.93307,-0.85,1.06,0.06,0.31406,-0.05859,-0.16526,-0.93307,-0.82,1.08,0.08,0.46164,-0.16238,0.46493,-0.73781,-0.8,1.1,0.1,0.21905,-0.01851,0.41224,-0.88416,-0.79,1.11,0.13,0.10876,-0.00551,0.49187,-0.86383,-0.79,1.11,0.15,0.10876,-0.00551,0.49187,-0.86383,-0.83,1.08,0.09,0.31406,-0.05859,-0.16526,-0.93307,-0.83,1.12,0.13,0.03487,-0.14598,-0.06898,-0.98626,-0.82,1.12,0.17,-0.29483,-0.16306,-0.04285,-0.94056,-0.81,1.11,0.18,-0.44199,-0.14091,-0.02598,-0.8855,-0.81,1.09,0.2,-0.44199,-0.14091,-0.02598,-0.8855,-0.85,1.08,0.09,0.31406,-0.05859,-0.16526,-0.93307,-0.85,1.12,0.13,0.15929,-0.07098,-0.16879,-0.9701,-0.85,1.13,0.17,-0.29081,-0.14194,-0.13178,-0.93697,-0.84,1.12,0.19,-0.52352,-0.1604,-0.15731,-0.82186,-0.83,1.1,0.2,-0.52352,-0.1604,-0.15731,-0.82186,-0.87,1.07,0.09,0.31406,-0.05859,-0.16526,-0.93307,-0.87,1.11,0.13,0.22295,-0.03286,-0.22974,-0.9468,-0.87,1.12,0.17,-0.28911,-0.16838,-0.21687,-0.91708,-0.86,1.11,0.19,-0.56064,-0.24943,-0.17855,-0.76915,-0.84,1.09,0.19,-0.56064,-0.24943,-0.17855,-0.76915,-0.87,1.07,0.09,0.25162,0.00618,-0.39616,-0.88301,-0.88,1.09,0.13,0.2259,-0.02983,-0.30168,-0.92578,-0.88,1.1,0.16,-0.22352,-0.16006,-0.32822,-0.90371,-0.88,1.1,0.18,-0.47072,-0.29425,-0.27286,-0.78574,-0.86,1.08,0.19,-0.47072,-0.29425,-0.27286,-0.78574,-0.7,1.1,0.12,-0.36692,-0.20877,-0.11506,0.89919,-0.68,1.05,0.07,-0.36692,-0.20877,-0.11506,0.89919,-0.72,1.07,0.09,-0.46415,-0.24073,0.59157,0.61373,-0.75,1.08,0.11,-0.30087,-0.09177,0.55887,0.76728,-0.76,1.09,0.13,-0.21396,-0.06279,0.63946,0.73578,-0.77,1.09,0.16,-0.21396,-0.06279,0.63946,0.73578,-0.71,1.07,0.09,-0.36692,-0.20877,-0.11506,0.89919,-0.73,1.12,0.13,0.00301,-0.27269,0.06576,0.95985,-0.75,1.12,0.16,0.39653,-0.22661,0.14526,0.87767,-0.76,1.1,0.17,0.53651,-0.17249,0.17481,0.80737,-0.76,1.08,0.18,0.53651,-0.17249,0.17481,0.80737,-0.7,1.07,0.1,-0.36692,-0.20877,-0.11506,0.89919,-0.71,1.12,0.13,-0.08463,-0.23187,-0.05883,0.96727,-0.73,1.13,0.17,0.39063,-0.23438,0.04669,0.88899,-0.74,1.11,0.19,0.6498,-0.19321,0.04578,0.73371,-0.74,1.08,0.19,0.6498,-0.19321,0.04578,0.73371,-0.68,1.07,0.11,-0.36692,-0.20877,-0.11506,0.89919,-0.69,1.11,0.14,-0.15084,-0.20039,-0.14445,0.9572,-0.71,1.12,0.17,0.41941,-0.26867,-0.04431,0.866,-0.72,1.11,0.19,0.72236,-0.28075,0.03021,0.63124,-0.73,1.08,0.18,0.72236,-0.28075,0.03021,0.63124,-0.67,1.07,0.11,-0.27936,-0.15398,-0.34522,0.88265,-0.68,1.1,0.15,-0.24928,-0.15547,-0.25248,0.92192,-0.68,1.11,0.17,0.37306,-0.28683,-0.18655,0.86241,-0.69,1.1,0.18,0.6983,-0.37767,-0.05954,0.60514,-0.71,1.09,0.18,0.6983,-0.37767,-0.05954,0.60514,-0.81,1.08,0.19
