-0.79,1.46,-0.16,-0.79,1.46,-0.16,-0.85,1.1,0.11,0.35084,-0.069,-0.1519,-0.92146,-0.86,1.06,0.06,0.35084,-0.069,-0.1519,-0.92146,-0.83,1.07,0.09,0.408,-0.15453,0.55767,-0.70616,-0.8,1.09,0.11,0.18547,0.01826,0.50238,-0.84433,-0.8,1.1,0.14,0.03811,0.06277,0.56761,-0.82002,-0.8,1.1,0.16,0.03811,0.06277,0.56761,-0.82002,-0.84,1.08,0.09,0.35084,-0.069,-0.1519,-0.92146,-0.83,1.12,0.13,0.00493,-0.10749,-0.07613,-0.99128,-0.82,1.12,0.16,-0.41944,-0.13418,-0.04851,-0.8965,-0.82,1.1,0.18,-0.58962,-0.11383,-0.02732,-0.79915,-0.81,1.08,0.19,-0.58962,-0.11383,-0.02732,-0.79915,-0.85,1.07,0.09,0.35084,-0.069,-0.1519,-0.92146,-0.85,1.12,0.13,0.04586,-0.09557,-0.14452,-0.98381,-0.85,1.12,0.17,-0.41278,-0.15319,-0.09704,-0.8926,-0.84,1.1,0.19,-0.63877,-0.15453,-0.11845,-0.74436,-0.83,1.08,0.19,-0.63877,-0.15453,-0.11845,-0.74436,-0.87,1.07,0.09,0.35084,-0.069,-0.1519,-0.92146,-0.87,1.11,0.13,0.12866,-0.07179,-0.20909,-0.96673,-0.87,1.12,0.17,-0.37767,-0.18678,-0.18234,-0.88839,-0.86,1.1,0.18,-0.64535,-0.25449,-0.13973,-0.70657,-0.84,1.08,0.19,-0.64535,-0.25449,-0.13973,-0.70657,-0.88,1.07,0.09,0.28715,-0.01289,-0.38579,-0.87667,-0.88,1.09,0.13,0.19621,-0.06051,-0.29097,-0.93444,-0.88,1.1,0.16,-0.31721,-0.19977,-0.2947,-0.87899,-0.87,1.09,0.17,-0.59936,-0.33325,-0.21498,-0.69534,-0.86,1.08,0.18,-0.59936,-0.33325,-0.21498,-0.69534,-0.7,1.1,0.1,-0.45413,-0.14936,-0.09653,0.87301,-0.68,1.05,0.07,-0.45413,-0.14936,-0.09653,0.87301,-0.72,1.07,0.09,-0.42279,-0.14025,0.66753,0.59665,-0.75,1.08,0.11,-0.23703,0.06016,0.61048,0.75333,-0.75,1.1,0.14,-0.0449,0.17131,0.64949,0.73946,-0.75,1.1,0.16,-0.0449,0.17131,0.64949,0.73946,-0.71,1.08,0.09,-0.45413,-0.14936,-0.09653,0.87301,-0.72,1.13,0.11,-0.02916,-0.17334,0.04124,0.98357,-0.74,1.13,0.15,0.49117,-0.13444,0.10121,0.85465,-0.74,1.11,0.16,0.67084,-0.08123,0.12483,0.7265,-0.74,1.09,0.16,0.67084,-0.08123,0.12483,0.7265,-0.7,1.08,0.09,-0.45413,-0.14936,-0.09653,0.87301,-0.7,1.13,0.12,-0.05457,-0.16815,-0.0462,0.98317,-0.72,1.13,0.16,0.56485,-0.16502,0.05482,0.80666,-0.72,1.11,0.17,0.86698,-0.09405,0.04399,0.48741,-0.72,1.09,0.15,0.86698,-0.09405,0.04399,0.48741,-0.68,1.08,0.09,-0.45413,-0.14936,-0.09653,0.87301,-0.69,1.12,0.12,-0.17621,-0.14888,-0.13584,0.9635,-0.69,1.14,0.16,0.53503,-0.22866,-0.03334,0.81262,-0.71,1.11,0.17,0.87404,-0.22243,0.04812,0.42927,-0.71,1.09,0.15,0.87404,-0.22243,0.04812,0.42927,-0.67,1.08,0.1,-0.37915,-0.11786,-0.33519,0.8544,-0.67,1.11,0.13,-0.3487,-0.09429,-0.25282,0.89755,-0.67,1.13,0.15,0.40023,-0.2742,-0.19136,0.85324,-0.68,1.12,0.16,0.79529,-0.36966,-0.02252,0.47995,-0.69,1.1,0.15,0.79529,-0.36966,-0.02252,0.47995,-0.81,1.08,0.19
-0.79,1.46,-0.16,-0.79,1.46,-0.16,-0.85,1.1,0.11,0.34203,-0.06832,-0.15474,-0.92434,-0.86,1.06,0.06,0.34203,-0.06832,-0.15474,-0.92434,-0.83,1.08,0.09,0.40277,-0.15796,0.554,-0.71127,-0.8,1.09,0.11,0.1781,0.01479,0.49976,-0.84753,-0.8,1.1,0.14,0.03108,0.05806,0.56546,-0.82215,-0.8,1.1,0.16,0.03108,0.05806,0.56546,-0.82215,-0.84,1.08,0.09,0.34203,-0.06832,-0.15474,-0.92434,-0.83,1.12,0.13,-0.00475,-0.10712,-0.07982,-0.99103,-0.82,1.12,0.16,-0.42577,-0.13502,-0.0524,-0.89317,-0.82,1.1,0.18,-0.59569,-0.11541,-0.0307,-0.79429,-0.81,1.08,0.18,-0.59569,-0.11541,-0.0307,-0.79429,-0.85,1.08,0.09,0.34203,-0.06832,-0.15474,-0.92434,-0.85,1.12,0.13,0.03759,-0.09422,-0.14825,-0.98373,-0.85,1.12,0.17,-0.41939,-0.15352,-0.10109,-0.889,-0.84,1.1,0.19,-0.64436,-0.15543,-0.12208,-0.73874,-0.83,1.08,0.19,-0.64436,-0.15543,-0.12208,-0.73874,-0.87,1.07,0.09,0.34203,-0.06832,-0.15474,-0.92434,-0.87,1.11,0.13,0.12265,-0.06964,-0.21235,-0.96696,-0.87,1.12,0.17,-0.38271,-0.18631,-0.18635,-0.88549,-0.86,1.1,0.18,-0.64913,-0.25518,-0.14374,-0.70203,-0.84,1.08,0.19,-0.64913,-0.25518,-0.14374,-0.70203,-0.88,1.07,0.09,0.27831,-0.01006,-0.38792,-0.87861,-0.89,1.09,0.13,0.18931,-0.05852,-0.29338,-0.93523,-0.89,1.1,0.16,-0.32313,-0.19865,-0.29778,-0.87604,-0.87,1.09,0.17,-0.60495,-0.33355,-0.21798,-0.68939,-0.86,1.08,0.17,-0.60495,-0.33355,-0.21798,-0.68939,-0.7,1.1,0.1,-0.45214,-0.14931,-0.09981,0.87368,-0.69,1.05,0.07,-0.45214,-0.14931,-0.09981,0.87368,-0.72,1.07,0.09,-0.42311,-0.14524,0.66479,0.59828,-0.75,1.08,0.11,-0.23647,0.05452,0.60925,0.75493,-0.75,1.1,0.14,-0.03358,0.17513,0.64606,0.74216,-0.75,1.1,0.16,-0.03358,0.17513,0.64606,0.74216,-0.71,1.08,0.09,-0.45214,-0.14931,-0.09981,0.87368,-0.73,1.13,0.11,-0.02946,-0.17457,0.03728,0.9835,-0.74,1.13,0.15,0.4908,-0.13757,0.09846,0.85469,-0.74,1.11,0.16,0.67316,-0.08452,0.1232,0.72425,-0.74,1.09,0.16,0.67316,-0.08452,0.1232,0.72425,-0.7,1.08,0.09,-0.45214,-0.14931,-0.09981,0.87368,-0.7,1.13,0.12,-0.05338,-0.16914,-0.04962,0.9829,-0.72,1.13,0.16,0.55592,-0.16852,0.05074,0.81239,-0.72,1.11,0.17,0.86,-0.10016,0.04135,0.49865,-0.72,1.09,0.16,0.86,-0.10016,0.04135,0.49865,-0.68,1.08,0.09,-0.45214,-0.14931,-0.09981,0.87368,-0.69,1.12,0.12,-0.17704,-0.14915,-0.13941,0.9628,-0.7,1.14,0.16,0.52487,-0.23105,-0.03805,0.81834,-0.71,1.11,0.17,0.86713,-0.2275,0.04497,0.44081,-0.71,1.09,0.15,0.86713,-0.2275,0.04497,0.44081,-0.67,1.08,0.1,-0.37677,-0.11736,-0.33823,0.85432,-0.67,1.11,0.13,-0.3515,-0.09317,-0.25589,0.89571,-0.67,1.13,0.15,0.39196,-0.27484,-0.1955,0.85593,-0.68,1.12,0.16,0.78981,-0.37256,-0.02521,0.48659,-0.69,1.1,0.15,0.78981,-0.37256,-0.02521,0.48659,-0.81,1.08,0.19
-0.79,1.46,-0.16,-0.79,1.46,-0.16,-0.85,1.1,0.11,0.33988,-0.0665,-0.15834,-0.92466,-0.86,1.06,0.06,0.33988,-0.0665,-0.15834,-0.92466,-0.83,1.08,0.09,0.39975,-0.15594,0.55236,-0.71469,-0.8,1.09,0.11,0.17488,0.01625,0.49742,-0.84954,-0.8,1.1,0.14,0.02935,0.05763,0.56322,-0.82377,-0.8,1.1,0.16,0.02935,0.05763,0.56322,-0.82377,-0.84,1.08,0.09,0.33988,-0.0665,-0.15834,-0.92466,-0.83,1.12,0.13,-0.00674,-0.10537,-0.08495,-0.99078,-0.83,1.12,0.16,-0.42707,-0.13554,-0.05784,-0.89213,-0.82,1.1,0.18,-0.59746,-0.11702,-0.03579,-0.79251,-0.81,1.08,0.18,-0.59746,-0.11702,-0.03579,-0.79251,-0.85,1.08,0.09,0.33988,-0.0665,-0.15834,-0.92466,-0.85,1.12,0.13,0.03488,-0.09246,-0.15295,-0.98328,-0.85,1.12,0.17,-0.42172,-0.15411,-0.10604,-0.88722,-0.84,1.1,0.19,-0.64638,-0.15712,-0.12657,-0.73586,-0.83,1.08,0.19,-0.64638,-0.15712,-0.12657,-0.73586,-0.87,1.07,0.09,0.33988,-0.0665,-0.15834,-0.92466,-0.87,1.11,0.13,0.11976,-0.06789,-0.2165,-0.96653,-0.87,1.12,0.17,-0.38522,-0.18684,-0.19076,-0.88335,-0.86,1.1,0.18,-0.65087,-0.25704,-0.14771,-0.69891,-0.84,1.08,0.19,-0.65087,-0.25704,-0.14771,-0.69891,-0.88,1.07,0.09,0.27609,-0.00787,-0.3912,-0.87788,-0.89,1.09,0.13,0.18638,-0.05757,-0.29684,-0.93479,-0.89,1.1,0.16,-0.32564,-0.19946,-0.3011,-0.87379,-0.87,1.09,0.17,-0.60699,-0.33559,-0.22061,-0.68576,-0.86,1.08,0.17,-0.60699,-0.33559,-0.22061,-0.68576,-0.7,1.1,0.1,-0.45242,-0.1518,-0.10106,0.87296,-0.69,1.05,0.07,-0.45242,-0.1518,-0.10106,0.87296,-0.72,1.07,0.09,-0.42702,-0.14874,0.66254,0.59714,-0.75,1.08,0.11,-0.24122,0.04928,0.6081,0.75472,-0.75,1.1,0.14,-0.03189,0.17614,0.64409,0.74371,-0.75,1.11,0.16,-0.03189,0.17614,0.64409,0.74371,-0.71,1.08,0.09,-0.45242,-0.1518,-0.10106,0.87296,-0.73,1.13,0.11,-0.03177,-0.17719,0.03665,0.98298,-0.74,1.13,0.15,0.48908,-0.14012,0.09939,0.85515,-0.74,1.11,0.16,0.67286,-0.08662,0.12482,0.724,-0.74,1.09,0.16,0.67286,-0.08662,0.12482,0.724,-0.7,1.08,0.09,-0.45242,-0.1518,-0.10106,0.87296,-0.7,1.13,0.12,-0.05482,-0.17191,-0.04987,0.98232,-0.72,1.14,0.16,0.54797,-0.17132,0.05089,0.81718,-0.72,1.11,0.17,0.85307,-0.10384,0.04221,0.50962,-0.73,1.09,0.16,0.85307,-0.10384,0.04221,0.50962,-0.68,1.08,0.09,-0.45242,-0.1518,-0.10106,0.87296,-0.69,1.12,0.12,-0.17898,-0.15194,-0.13996,0.96192,-0.7,1.14,0.16,0.51703,-0.23335,-0.03804,0.82267,-0.71,1.11,0.17,0.86168,-0.23003,0.04587,0.44999,-0.71,1.09,0.15,0.86168,-0.23003,0.04587,0.44999,-0.67,1.08,0.1,-0.37637,-0.11995,-0.33928,0.85373,-0.67,1.11,0.13,-0.35183,-0.09632,-0.25663,0.89503,-0.67,1.13,0.15,0.38846,-0.27699,-0.19458,0.85704,-0.68,1.12,0.16,0.78722,-0.37389,-0.02333,0.48984,-0.69,1.1,0.15,0.78722,-0.37389,-0.02333,0.48984,-0.81,1.08,0.19
-0.79,1.46,-0.16,-0.79,1.46,-0.16,-0.85,1.1,0.11,0.33765,-0.06409,-0.15869,-0.92558,-0.86,1.06,0.06,0.33765,-0.06409,-0.15869,-0.92558,-0.83,1.08,0.09,0.3958,-0.15447,0.55295,-0.71675,-0.8,1.09,0.11,0.17061,0.01825,0.49754,-0.8503,-0.8,1.1,0.14,0.02584,0.05859,0.56306,-0.82393,-0.8,1.1,0.16,0.02584,0.05859,0.56306,-0.82393,-0.84,1.08,0.09,0.33765,-0.06409,-0.15869,-0.92558,-0.83,1.12,0.13,-0.00894,-0.10222,-0.087,-0.99091,-0.83,1.12,0.16,-0.4298,-0.13355,-0.06092,-0.89091,-0.82,1.1,0.18,-0.60065,-0.1157,-0.03899,-0.79013,-0.81,1.08,0.18,-0.60065,-0.1157,-0.03899,-0.79013,-0.85,1.08,0.09,0.33765,-0.06409,-0.15869,-0.92558,-0.85,1.12,0.13,0.03205,-0.0897,-0.15434,-0.98341,-0.85,1.12,0.17,-0.42492,-0.15234,-0.10845,-0.88571,-0.84,1.1,0.19,-0.64912,-0.15583,-0.12925,-0.73325,-0.83,1.08,0.19,-0.64912,-0.15583,-0.12925,-0.73325,-0.87,1.07,0.09,0.33765,-0.06409,-0.15869,-0.92558,-0.87,1.11,0.13,0.11584,-0.06545,-0.21735,-0.96698,-0.87,1.12,0.17,-0.38988,-0.18526,-0.19258,-0.88124,-0.86,1.1,0.18,-0.65493,-0.25605,-0.14992,-0.695,-0.84,1.08,0.19,-0.65493,-0.25605,-0.14992,-0.695,-0.88,1.07,0.09,0.27437,-0.00495,-0.39146,-0.87833,-0.89,1.09,0.13,0.18226,-0.05596,-0.29729,-0.93556,-0.89,1.1,0.16,-0.33004,-0.19816,-0.30218,-0.87206,-0.87,1.09,0.17,-0.61088,-0.33484,-0.22208,-0.68219,-0.86,1.08,0.17,-0.61088,-0.33484,-0.22208,-0.68219,-0.7,1.1,0.1,-0.44834,-0.15383,-0.10206,0.87459,-0.69,1.06,0.07,-0.44834,-0.15383,-0.10206,0.87459,-0.72,1.07,0.09,-0.42744,-0.15482,0.66035,0.59772,-0.75,1.08,0.11,-0.24254,0.04146,0.60777,0.75503,-0.76,1.1,0.14,-0.02826,0.17334,0.64391,0.74467,-0.75,1.1,0.16,-0.02826,0.17334,0.64391,0.74467,-0.71,1.08,0.09,-0.44834,-0.15383,-0.10206,0.87459,-0.73,1.13,0.11,-0.02916,-0.17953,0.03597,0.98266,-0.74,1.13,0.15,0.49056,-0.14249,0.09991,0.85386,-0.74,1.11,0.16,0.67506,-0.08864,0.12607,0.72149,-0.74,1.09,0.16,0.67506,-0.08864,0.12607,0.72149,-0.7,1.08,0.09,-0.44834,-0.15383,-0.10206,0.87459,-0.71,1.13,0.12,-0.05114,-0.17416,-0.04994,0.98212,-0.72,1.13,0.16,0.5485,-0.17326,0.05169,0.81637,-0.73,1.11,0.17,0.85229,-0.10546,0.04368,0.51047,-0.73,1.09,0.16,0.85229,-0.10546,0.04368,0.51047,-0.68,1.08,0.09,-0.44834,-0.15383,-0.10206,0.87459,-0.69,1.12,0.12,-0.17502,-0.15367,-0.14037,0.96231,-0.7,1.14,0.16,0.51742,-0.23465,-0.03802,0.82205,-0.71,1.11,0.17,0.86109,-0.23128,0.04625,0.45043,-0.71,1.09,0.15,0.86109,-0.23128,0.04625,0.45043,-0.67,1.08,0.1,-0.37183,-0.12087,-0.33997,0.85531,-0.67,1.11,0.13,-0.34727,-0.0976,-0.25717,0.89652,-0.67,1.13,0.15,0.39071,-0.27743,-0.19477,0.85583,-0.68,1.12,0.16,0.78816,-0.37432,-0.02353,0.48799,-0.69,1.1,0.15,0.78816,-0.37432,-0.02353,0.48799,-0.81,1.08,0.19
-0.79,1.46,-0.16,-0.79,1.46,-0.16,-0.85,1.1,0.11,0.33912,-0.06303,-0.15635,-0.92551,-0.86,1.06,0.06,0.33912,-0.06303,-0.15635,-0.92551,-0.83,1.08,0.09,0.39698,-0.15357,0.55387,-0.71558,-0.8,1.09,0.11,0.17143,0.01969,0.49821,-0.84971,-0.8,1.1,0.14,0.02709,0.05984,0.5636,-0.82343,-0.8,1.1,0.16,0.02709,0.05984,0.5636,-0.82343,-0.84,1.08,0.09,0.33912,-0.06303,-0.15635,-0.92551,-0.83,1.12,0.13,-0.00591,-0.09954,-0.08592,-0.9913,-0.83,1.12,0.16,-0.42846,-0.13083,-0.06088,-0.89197,-0.82,1.1,0.18,-0.59996,-0.11306,-0.03947,-0.79102,-0.81,1.08,0.19,-0.59996,-0.11306,-0.03947,-0.79102,-0.85,1.08,0.09,0.33912,-0.06303,-0.15635,-0.92551,-0.85,1.12,0.13,0.03389,-0.08772,-0.15267,-0.98379,-0.85,1.12,0.17,-0.42433,-0.14994,-0.10772,-0.88649,-0.84,1.1,0.19,-0.649,-0.15342,-0.12919,-0.73387,-0.83,1.08,0.19,-0.649,-0.15342,-0.12919,-0.73387,-0.87,1.07,0.09,0.33912,-0.06303,-0.15635,-0.92551,-0.87,1.11,0.13,0.11641,-0.06431,-0.21527,-0.96746,-0.87,1.12,0.17,-0.39151,-0.18364,-0.19103,-0.8812,-0.86,1.1,0.18,-0.65717,-0.25407,-0.14883,-0.69385,-0.84,1.08,0.19,-0.65717,-0.25407,-0.14883,-0.69385,-0.88,1.07,0.09,0.27635,-0.0042,-0.38941,-0.87862,-0.89,1.09,0.13,0.18335,-0.05561,-0.29501,-0.93609,-0.89,1.1,0.16,-0.33014,-0.19705,-0.30032,-0.87292,-0.87,1.09,0.17,-0.61175,-0.33327,-0.2206,-0.68266,-0.86,1.08,0.17,-0.61175,-0.33327,-0.2206,-0.68266,-0.7,1.1,0.11,-0.42226,-0.15881,-0.11607,0.88487,-0.69,1.06,0.07,-0.42226,-0.15881,-0.11607,0.88487,-0.72,1.07,0.09,-0.42121,-0.18058,0.64544,0.61104,-0.75,1.08,0.11,-0.23795,0.00714,0.60008,0.7637,-0.76,1.1,0.14,-0.03205,0.13115,0.64708,0.75037,-0.76,1.1,0.16,-0.03205,0.13115,0.64708,0.75037,-0.71,1.08,0.09,-0.42226,-0.15881,-0.11607,0.88487,-0.73,1.13,0.12,-0.04984,-0.19266,0.01431,0.97989,-0.74,1.13,0.15,0.42222,-0.17013,0.07886,0.88689,-0.75,1.11,0.17,0.60229,-0.1227,0.10731,0.78146,-0.75,1.09,0.17,0.60229,-0.1227,0.10731,0.78146,-0.7,1.08,0.09,-0.42226,-0.15881,-0.11607,0.88487,-0.71,1.13,0.12,-0.03258,-0.18345,-0.06213,0.98052,-0.72,1.13,0.16,0.5375,-0.18915,0.04169,0.82072,-0.73,1.11,0.17,0.83577,-0.12715,0.0398,0.53268,-0.73,1.09,0.16,0.83577,-0.12715,0.0398,0.53268,-0.68,1.08,0.1,-0.42226,-0.15881,-0.11607,0.88487,-0.69,1.12,0.13,-0.15209,-0.15829,-0.15317,0.96351,-0.7,1.13,0.16,0.51295,-0.24472,-0.05109,0.82121,-0.71,1.11,0.17,0.84911,-0.24824,0.03665,0.46481,-0.72,1.09,0.16,0.84911,-0.24824,0.03665,0.46481,-0.68,1.08,0.1,-0.34339,-0.11909,-0.35192,0.86258,-0.67,1.11,0.13,-0.32541,-0.09575,-0.26918,0.90138,-0.67,1.12,0.16,0.389,-0.27805,-0.21071,0.85263,-0.69,1.11,0.17,0.77843,-0.38344,-0.0406,0.49536,-0.7,1.1,0.16,0.77843,-0.38344,-0.0406,0.49536,-0.81,1.08,0.19
-0.79,1.46,-0.16,-0.79,1.46,-0.16,-0.85,1.1,0.11,0.33838,-0.063,-0.15387,-0.9262,-0.86,1.06,0.06,0.33838,-0.063,-0.15387,-0.9262,-0.82,1.08,0.09,0.39612,-0.15568,0.55538,-0.71443,-0.8,1.09,0.11,0.17016,0.01859,0.50045,-0.84868,-0.8,1.1,0.14,0.02605,0.05895,0.56583,-0.822,-0.8,1.1,0.16,0.02605,0.05895,0.56583,-0.822,-0.84,1.08,0.09,0.33838,-0.063,-0.15387,-0.9262,-0.83,1.12,0.13,-0.00309,-0.09757,-0.08468,-0.99161,-0.83,1.12,0.16,-0.42366,-0.12844,-0.06093,-0.8946,-0.82,1.1,0.18,-0.59459,-0.11067,-0.04033,-0.79535,-0.81,1.08,0.19,-0.59459,-0.11067,-0.04033,-0.79535,-0.85,1.08,0.09,0.33838,-0.063,-0.15387,-0.9262,-0.85,1.12,0.13,0.03488,-0.08637,-0.15066,-0.98419,-0.85,1.12,0.17,-0.41862,-0.14723,-0.10738,-0.88969,-0.84,1.1,0.19,-0.64055,-0.15082,-0.1301,-0.74164,-0.83,1.08,0.19,-0.64055,-0.15082,-0.1301,-0.74164,-0.87,1.07,0.09,0.33838,-0.063,-0.15387,-0.9262,-0.87,1.11,0.13,0.11632,-0.06339,-0.21298,-0.96804,-0.87,1.12,0.17,-0.38882,-0.18107,-0.19011,-0.88312,-0.86,1.1,0.18,-0.65314,-0.25117,-0.14935,-0.69858,-0.84,1.08,0.19,-0.65314,-0.25117,-0.14935,-0.69858,-0.88,1.07,0.09,0.27597,-0.00388,-0.38705,-0.87979,-0.89,1.09,0.13,0.18339,-0.05532,-0.29246,-0.9369,-0.89,1.1,0.16,-0.32678,-0.19431,-0.299,-0.87525,-0.87,1.09,0.17,-0.60641,-0.32947,-0.22154,-0.68893,-0.86,1.08,0.18,-0.60641,-0.32947,-0.22154,-0.68893,-0.7,1.1,0.11,-0.39835,-0.15945,-0.1254,0.89452,-0.69,1.06,0.07,-0.39835,-0.15945,-0.1254,0.89452,-0.72,1.07,0.09,-0.41653,-0.20465,0.63037,0.6223,-0.75,1.08,0.11,-0.23663,-0.02637,0.59109,0.77066,-0.76,1.09,0.14,-0.06557,0.06725,0.65298,0.75153,-0.76,1.1,0.16,-0.06557,0.06725,0.65298,0.75153,-0.71,1.08,0.09,-0.39835,-0.15945,-0.1254,0.89452,-0.73,1.12,0.12,-0.09052,-0.19976,-0.00851,0.97562,-0.74,1.13,0.16,0.30351,-0.19284,0.04546,0.932,-0.75,1.12,0.17,0.45909,-0.15578,0.0685,0.87194,-0.75,1.1,0.19,0.45909,-0.15578,0.0685,0.87194,-0.7,1.08,0.09,-0.39835,-0.15945,-0.1254,0.89452,-0.71,1.12,0.13,-0.05676,-0.1837,-0.07969,0.9781,-0.72,1.13,0.17,0.43537,-0.20154,0.00874,0.87736,-0.73,1.11,0.18,0.7099,-0.16741,0.00359,0.68411,-0.74,1.09,0.18,0.7099,-0.16741,0.00359,0.68411,-0.68,1.08,0.1,-0.39835,-0.15945,-0.1254,0.89452,-0.69,1.12,0.13,-0.16442,-0.1507,-0.16906,0.96004,-0.7,1.13,0.17,0.42139,-0.24339,-0.08888,0.86908,-0.71,1.11,0.18,0.74052,-0.27343,-0.01475,0.61371,-0.72,1.09,0.18,0.74052,-0.27343,-0.01475,0.61371,-0.68,1.07,0.1,-0.31863,-0.11358,-0.35958,0.86964,-0.67,1.1,0.14,-0.32373,-0.08521,-0.27742,0.90054,-0.67,1.12,0.16,0.32372,-0.25982,-0.2408,0.87733,-0.69,1.11,0.17,0.68473,-0.38051,-0.10328,0.61294,-0.7,1.1,0.17,0.68473,-0.38051,-0.10328,0.61294,-0.81,1.08,0.19
-0.79,1.46,-0.16,-0.79,1.46,-0.16,-0.85,1.1,0.11,0.3358,-0.06332,-0.14814,-0.92805,-0.86,1.06,0.06,0.3358,-0.06332,-0.14814,-0.92805,-0.82,1.07,0.09,0.39153,-0.16071,0.56056,-0.71179,-0.8,1.09,0.11,0.16566,0.0161,0.50732,-0.84553,-0.8,1.1,0.14,0.02329,0.05627,0.5727,-0.8175,-0.8,1.1,0.16,0.02329,0.05627,0.5727,-0.8175,-0.84,1.08,0.09,0.3358,-0.06332,-0.14814,-0.92805,-0.83,1.12,0.13,0.00462,-0.09501,-0.08057,-0.9922,-0.83,1.12,0.17,-0.40464,-0.12376,-0.05999,-0.90407,-0.82,1.1,0.18,-0.57422,-0.10579,-0.04144,-0.81078,-0.81,1.08,0.19,-0.57422,-0.10579,-0.04144,-0.81078,-0.85,1.07,0.09,0.3358,-0.06332,-0.14814,-0.92805,-0.85,1.12,0.13,0.04012,-0.08361,-0.14582,-0.98496,-0.85,1.12,0.17,-0.39313,-0.14016,-0.10763,-0.90234,-0.84,1.1,0.19,-0.60504,-0.14462,-0.13397,-0.77141,-0.83,1.08,0.2,-0.60504,-0.14462,-0.13397,-0.77141,-0.87,1.07,0.09,0.3358,-0.06332,-0.14814,-0.92805,-0.87,1.11,0.13,0.1212,-0.06046,-0.20792,-0.96872,-0.87,1.12,0.17,-0.36684,-0.17255,-0.19031,-0.89411,-0.86,1.1,0.19,-0.62437,-0.24232,-0.15479,-0.72628,-0.84,1.08,0.19,-0.62437,-0.24232,-0.15479,-0.72628,-0.88,1.07,0.09,0.27417,-0.00329,-0.38151,-0.88276,-0.88,1.09,0.13,0.18561,-0.05327,-0.28676,-0.93834,-0.89,1.1,0.16,-0.30747,-0.18413,-0.29825,-0.88465,-0.88,1.09,0.18,-0.57719,-0.31607,-0.2294,-0.71716,-0.86,1.08,0.18,-0.57719,-0.31607,-0.2294,-0.71716,-0.7,1.1,0.12,-0.36481,-0.16871,-0.12844,0.90662,-0.69,1.06,0.07,-0.36481,-0.16871,-0.12844,0.90662,-0.73,1.07,0.09,-0.41677,-0.23875,0.60992,0.63032,-0.75,1.08,0.11,-0.23714,-0.06908,0.57941,0.77671,-0.76,1.09,0.14,-0.09489,0.00069,0.65251,0.75182,-0.77,1.09,0.16,-0.09489,0.00069,0.65251,0.75182,-0.71,1.08,0.09,-0.36481,-0.16871,-0.12844,0.90662,-0.73,1.12,0.13,-0.07986,-0.2129,-0.01355,0.97371,-0.74,1.12,0.16,0.26118,-0.2088,0.03436,0.94181,-0.75,1.11,0.18,0.39734,-0.17509,0.05431,0.89917,-0.76,1.1,0.19,0.39734,-0.17509,0.05431,0.89917,-0.7,1.07,0.1,-0.36481,-0.16871,-0.12844,0.90662,-0.71,1.12,0.13,-0.10187,-0.18204,-0.09765,0.97311,-0.72,1.13,0.17,0.31281,-0.20812,-0.02591,0.92637,-0.73,1.11,0.19,0.536,-0.19643,-0.03964,0.82009,-0.74,1.09,0.2,0.536,-0.19643,-0.03964,0.82009,-0.68,1.07,0.1,-0.36481,-0.16871,-0.12844,0.90662,-0.69,1.11,0.14,-0.19027,-0.14022,-0.18207,0.95446,-0.7,1.13,0.17,0.3072,-0.23264,-0.12642,0.91407,-0.71,1.11,0.19,0.58313,-0.28144,-0.07228,0.75863,-0.72,1.09,0.2,0.58313,-0.28144,-0.07228,0.75863,-0.68,1.07,0.11,-0.28359,-0.11396,-0.36014,0.88141,-0.68,1.1,0.14,-0.30687,-0.08414,-0.27744,0.90652,-0.68,1.11,0.17,0.25213,-0.23405,-0.26209,0.90164,-0.69,1.11,0.18,0.55245,-0.35506,-0.16747,0.73531,-0.7,1.09,0.19,0.55245,-0.35506,-0.16747,0.73531,-0.81,1.08,0.19
-0.79,1.46,-0.16,-0.79,1.46,-0.16,-0.85,1.09,0.11,0.33541,-0.06432,-0.13946,-0.92947,-0.86,1.06,0.06,0.33541,-0.06432,-0.13946,-0.92947,-0.82,1.07,0.09,0.39154,-0.16557,0.56521,-0.70698,-0.8,1.08,0.11,0.16439,0.01429,0.51373,-0.84193,-0.8,1.09,0.14,0.02578,0.05297,0.57944,-0.81288,-0.8,1.1,0.17,0.02578,0.05297,0.57944,-0.81288,-0.84,1.07,0.09,0.33541,-0.06432,-0.13946,-0.92947,-0.83,1.12,0.13,0.03269,-0.09432,-0.07318,-0.99231,-0.82,1.12,0.17,-0.34733,-0.1189,-0.05761,-0.92839,-0.82,1.1,0.19,-0.51357,-0.10043,-0.043,-0.85107,-0.81,1.08,0.2,-0.51357,-0.10043,-0.043,-0.85107,-0.85,1.07,0.09,0.33541,-0.06432,-0.13946,-0.92947,-0.85,1.11,0.13,0.06044,-0.08065,-0.13801,-0.98529,-0.85,1.12,0.17,-0.34474,-0.13097,-0.10617,-0.92343,-0.84,1.1,0.19,-0.54217,-0.13671,-0.13713,-0.81766,-0.83,1.08,0.2,-0.54217,-0.13671,-0.13713,-0.81766,-0.87,1.07,0.09,0.33541,-0.06432,-0.13946,-0.92947,-0.87,1.1,0.13,0.14347,-0.05587,-0.20036,-0.96755,-0.87,1.11,0.17,-0.31452,-0.15939,-0.19064,-0.91615,-0.86,1.1,0.19,-0.55918,-0.22828,-0.16287,-0.78018,-0.85,1.08,0.2,-0.55918,-0.22828,-0.16287,-0.78018,-0.88,1.06,0.1,0.27478,-0.00382,-0.37333,-0.88606,-0.88,1.09,0.13,0.2007,-0.04967,-0.27789,-0.9381,-0.89,1.1,0.16,-0.25653,-0.16618,-0.29797,-0.90432,-0.88,1.09,0.18,-0.50236,-0.29062,-0.2442,-0.77688,-0.86,1.08,0.19,-0.50236,-0.29062,-0.2442,-0.77688,-0.71,1.1,0.11,-0.3618,-0.18268,-0.11779,0.90656,-0.69,1.06,0.07,-0.3618,-0.18268,-0.11779,0.90656,-0.73,1.07,0.09,-0.43227,-0.24316,0.60491,0.62297,-0.75,1.08,0.11,-0.2555,-0.07786,0.57535,0.77307,-0.77,1.09,0.14,-0.12576,-0.01667,0.65118,0.74824,-0.77,1.09,0.16,-0.12576,-0.01667,0.65118,0.74824,-0.72,1.07,0.09,-0.3618,-0.18268,-0.11779,0.90656,-0.73,1.12,0.13,-0.07127,-0.22126,0.00094,0.97261,-0.75,1.12,0.16,0.26989,-0.21147,0.05101,0.938,-0.76,1.11,0.18,0.3982,-0.17574,0.06993,0.89759,-0.76,1.09,0.19,0.3982,-0.17574,0.06993,0.89759,-0.7,1.07,0.1,-0.3618,-0.18268,-0.11779,0.90656,-0.71,1.12,0.13,-0.079,-0.19219,-0.08102,0.97481,-0.73,1.13,0.17,0.33934,-0.21019,-0.0055,0.91686,-0.74,1.11,0.19,0.54387,-0.19242,-0.02118,0.81654,-0.74,1.09,0.2,0.54387,-0.19242,-0.02118,0.81654,-0.68,1.07,0.1,-0.3618,-0.18268,-0.11779,0.90656,-0.69,1.11,0.14,-0.17254,-0.15354,-0.16718,0.95849,-0.7,1.12,0.17,0.32392,-0.23606,-0.10768,0.90981,-0.72,1.11,0.19,0.58305,-0.27805,-0.05815,0.76116,-0.73,1.09,0.2,0.58305,-0.27805,-0.05815,0.76116,-0.68,1.07,0.11,-0.27928,-0.12667,-0.34914,0.88547,-0.68,1.1,0.14,-0.29957,-0.09984,-0.26572,0.91087,-0.68,1.11,0.17,0.24676,-0.23623,-0.2472,0.90675,-0.69,1.11,0.18,0.52265,-0.34709,-0.16381,0.76127,-0.71,1.09,0.19,0.52265,-0.34709,-0.16381,0.76127,-0.81,1.08,0.19
-0.79,1.46,-0.16,-0.79,1.46,-0.16,-0.85,1.09,0.11,0.31978,-0.06549,-0.13025,-0.93621,-0.86,1.05,0.06,0.31978,-0.06549,-0.13025,-0.93621,-0.82,1.07,0.09,0.38595,-0.18307,0.56357,-0.70705,-0.8,1.08,0.11,0.15149,0.0015,0.51818,-0.84174,-0.8,1.09,0.14,0.02323,0.03314,0.58607,-0.80925,-0.8,1.09,0.17,0.02323,0.03314,0.58607,-0.80925,-0.84,1.07,0.09,0.31978,-0.06549,-0.13025,-0.93621,-0.83,1.11,0.13,0.06927,-0.09541,-0.06698,-0.99076,-0.82,1.12,0.17,-0.25521,-0.11512,-0.05853,-0.95822,-0.82,1.11,0.19,-0.40813,-0.09649,-0.0498,-0.90645,-0.81,1.09,0.21,-0.40813,-0.09649,-0.0498,-0.90645,-0.85,1.07,0.09,0.31978,-0.06549,-0.13025,-0.93621,-0.85,1.11,0.14,0.08372,-0.07537,-0.13079,-0.98499,-0.85,1.12,0.18,-0.29088,-0.11996,-0.10582,-0.94329,-0.84,1.1,0.2,-0.46576,-0.12654,-0.14136,-0.86433,-0.83,1.09,0.21,-0.46576,-0.12654,-0.14136,-0.86433,-0.87,1.07,0.09,0.31978,-0.06549,-0.13025,-0.93621,-0.87,1.1,0.14,0.16269,-0.04817,-0.19227,-0.96656,-0.87,1.11,0.17,-0.2617,-0.14276,-0.1914,-0.93514,-0.86,1.1,0.19,-0.48426,-0.20946,-0.17233,-0.83182,-0.85,1.08,0.21,-0.48426,-0.20946,-0.17233,-0.83182,-0.88,1.06,0.1,0.26058,-0.0006,-0.36359,-0.89437,-0.88,1.08,0.14,0.20509,-0.04319,-0.2677,-0.94043,-0.89,1.1,0.16,-0.20566,-0.14148,-0.29765,-0.92146,-0.88,1.09,0.18,-0.41038,-0.25396,-0.26196,-0.83575,-0.86,1.08,0.19,-0.41038,-0.25396,-0.26196,-0.83575,-0.7,1.1,0.11,-0.36931,-0.17781,-0.11554,0.90479,-0.69,1.05,0.07,-0.36931,-0.17781,-0.11554,0.90479,-0.73,1.07,0.09,-0.44075,-0.22927,0.60228,0.62485,-0.75,1.08,0.11,-0.25934,-0.06221,0.56929,0.77768,-0.76,1.09,0.14,-0.12747,-0.00152,0.6436,0.75467,-0.77,1.09,0.16,-0.12747,-0.00152,0.6436,0.75467,-0.71,1.07,0.09,-0.36931,-0.17781,-0.11554,0.90479,-0.73,1.12,0.13,-0.0562,-0.21325,0.00558,0.97536,-0.75,1.12,0.16,0.30742,-0.20066,0.05748,0.9284,-0.75,1.11,0.18,0.43669,-0.16351,0.07651,0.88131,-0.76,1.09,0.19,0.43669,-0.16351,0.07651,0.88131,-0.7,1.07,0.1,-0.36931,-0.17781,-0.11554,0.90479,-0.71,1.12,0.13,-0.04453,-0.19228,-0.07039,0.9778,-0.73,1.12,0.17,0.38142,-0.20531,0.00626,0.90129,-0.74,1.1,0.19,0.58479,-0.18207,-0.00971,0.79043,-0.74,1.08,0.19,0.58479,-0.18207,-0.00971,0.79043,-0.68,1.07,0.1,-0.36931,-0.17781,-0.11554,0.90479,-0.69,1.11,0.14,-0.15243,-0.15487,-0.16095,0.96274,-0.7,1.12,0.17,0.34974,-0.23401,-0.10063,0.90155,-0.71,1.11,0.19,0.60683,-0.27327,-0.05223,0.74455,-0.73,1.09,0.19,0.60683,-0.27327,-0.05223,0.74455,-0.68,1.07,0.11,-0.28791,-0.12372,-0.34775,0.88367,-0.68,1.1,0.14,-0.30715,-0.09569,-0.26459,0.90912,-0.68,1.11,0.17,0.24466,-0.23419,-0.24728,0.90783,-0.69,1.11,0.18,0.52041,-0.34513,-0.16471,0.7635,-0.7,1.09,0.19,0.52041,-0.34513,-0.16471,0.7635,-0.81,1.08,0.19
-0.79,1.46,-0.16,-0.79,1.46,-0.16,-0.85,1.09,0.12,0.28184,-0.06653,-0.11568,-0.95014,-0.86,1.05,0.06,0.28184,-0.06653,-0.11568,-0.95014,-0.82,1.07,0.09,0.3821,-0.21227,0.54452,-0.71585,-0.8,1.08,0.11,0.1347,-0.02694,0.50954,-0.84941,-0.79,1.08,0.14,0.01795,-0.00452,0.58147,-0.81336,-0.79,1.08,0.17,0.01795,-0.00452,0.58147,-0.81336,-0.83,1.07,0.09,0.28184,-0.06653,-0.11568,-0.95014,-0.83,1.1,0.14,0.07842,-0.09179,-0.05867,-0.99095,-0.82,1.11,0.17,-0.20836,-0.10711,-0.05617,-0.97055,-0.82,1.1,0.2,-0.34466,-0.08752,-0.05225,-0.93318,-0.81,1.09,0.21,-0.34466,-0.08752,-0.05225,-0.93318,-0.85,1.07,0.09,0.28184,-0.06653,-0.11568,-0.95014,-0.85,1.1,0.14,0.10337,-0.06393,-0.12056,-0.98524,-0.85,1.11,0.18,-0.24879,-0.10325,-0.10317,-0.95749,-0.84,1.1,0.2,-0.40219,-0.10962,-0.14301,-0.89765,-0.83,1.08,0.22,-0.40219,-0.10962,-0.14301,-0.89765,-0.87,1.07,0.1,0.28184,-0.06653,-0.11568,-0.95014,-0.87,1.09,0.14,0.17976,-0.03416,-0.17896,-0.96669,-0.87,1.11,0.18,-0.22339,-0.12086,-0.18751,-0.94886,-0.86,1.1,0.2,-0.42733,-0.1846,-0.17633,-0.86731,-0.85,1.08,0.21,-0.42733,-0.1846,-0.17633,-0.86731,-0.88,1.06,0.1,0.22543,0.00847,-0.34703,-0.91032,-0.88,1.08,0.14,0.20097,-0.03297,-0.2502,-0.94653,-0.88,1.09,0.17,-0.17907,-0.11516,-0.28887,-0.93339,-0.88,1.09,0.18,-0.35999,-0.21899,-0.26451,-0.86746,-0.87,1.08,0.2,-0.35999,-0.21899,-0.26451,-0.86746,-0.7,1.1,0.11,-0.36611,-0.17234,-0.1216,0.90635,-0.69,1.05,0.07,-0.36611,-0.17234,-0.1216,0.90635,-0.72,1.07,0.09,-0.44062,-0.22797,0.59518,0.63218,-0.75,1.08,0.11,-0.25108,-0.05817,0.56242,0.78566,-0.76,1.09,0.14,-0.11182,0.00577,0.63593,0.76358,-0.77,1.09,0.16,-0.11182,0.00577,0.63593,0.76358,-0.71,1.07,0.09,-0.36611,-0.17234,-0.1216,0.90635,-0.73,1.12,0.13,-0.04156,-0.20938,-5e-05,0.97695,-0.74,1.12,0.16,0.35192,-0.19696,0.05736,0.91327,-0.75,1.1,0.18,0.4857,-0.1589,0.07866,0.85596,-0.76,1.09,0.19,0.4857,-0.1589,0.07866,0.85596,-0.7,1.07,0.1,-0.36611,-0.17234,-0.1216,0.90635,-0.71,1.12,0.13,-0.00807,-0.19507,-0.06817,0.97838,-0.72,1.12,0.17,0.42351,-0.20629,0.01148,0.88201,-0.73,1.1,0.19,0.62718,-0.17856,-0.0028,0.75812,-0.74,1.08,0.19,0.62718,-0.17856,-0.0028,0.75812,-0.68,1.07,0.1,-0.36611,-0.17234,-0.1216,0.90635,-0.69,1.11,0.14,-0.11371,-0.15796,-0.16098,0.96758,-0.7,1.12,0.17,0.39626,-0.23621,-0.09733,0.88188,-0.71,1.1,0.19,0.65182,-0.27292,-0.04749,0.70596,-0.73,1.08,0.19,0.65182,-0.27292,-0.04749,0.70596,-0.68,1.07,0.11,-0.28507,-0.11766,-0.35359,0.8831,-0.68,1.1,0.14,-0.30327,-0.08768,-0.27104,0.90933,-0.68,1.11,0.17,0.26245,-0.23465,-0.25382,0.90091,-0.69,1.11,0.18,0.54305,-0.34906,-0.16807,0.74499,-0.7,1.09,0.19,0.54305,-0.34906,-0.16807,0.74499,-0.81,1.08,0.19
-0.79,1.46,-0.16,-0.79,1.46,-0.16,-0.85,1.08,0.12,0.25245,-0.07155,-0.10423,-0.95932,-0.86,1.05,0.06,0.25245,-0.07155,-0.10423,-0.95932,-0.82,1.06,0.09,0.40082,-0.22304,0.50782,-0.72919,-0.8,1.08,0.11,0.13997,-0.0466,0.47732,-0.86626,-0.79,1.08,0.14,0.02472,-0.028,0.55332,-0.83213,-0.79,1.08,0.16,0.02472,-0.028,0.55332,-0.83213,-0.83,1.07,0.09,0.25245,-0.07155,-0.10423,-0.95932,-0.83,1.1,0.14,0.06637,-0.08798,-0.05173,-0.99256,-0.82,1.1,0.18,-0.21144,-0.10071,-0.05158,-0.97082,-0.82,1.09,0.2,-0.34282,-0.0802,-0.04904,-0.93469,-0.81,1.08,0.22,-0.34282,-0.0802,-0.04904,-0.93469,-0.85,1.07,0.09,0.25245,-0.07155,-0.10423,-0.95932,-0.85,1.1,0.14,0.11071,-0.05773,-0.112,-0.98583,-0.84,1.11,0.18,-0.24241,-0.09457,-0.09728,-0.96064,-0.84,1.1,0.21,-0.39144,-0.10004,-0.1388,-0.90416,-0.83,1.08,0.22,-0.39144,-0.10004,-0.1388,-0.90416,-0.87,1.06,0.1,0.25245,-0.07155,-0.10423,-0.95932,-0.87,1.09,0.14,0.19599,-0.02877,-0.16757,-0.96575,-0.87,1.1,0.18,-0.20988,-0.11233,-0.17888,-0.95464,-0.86,1.1,0.2,-0.41002,-0.17386,-0.1702,-0.87903,-0.85,1.08,0.22,-0.41002,-0.17386,-0.1702,-0.87903,-0.88,1.06,0.1,0.19737,0.0112,-0.33363,-0.92174,-0.88,1.08,0.14,0.21156,-0.03378,-0.23456,-0.9482,-0.88,1.09,0.17,-0.15934,-0.10782,-0.27521,-0.94194,-0.88,1.08,0.18,-0.33939,-0.20827,-0.25252,-0.88186,-0.87,1.07,0.2,-0.33939,-0.20827,-0.25252,-0.88186,-0.7,1.09,0.12,-0.34947,-0.17037,-0.12143,0.91329,-0.69,1.06,0.07,-0.34947,-0.17037,-0.12143,0.91329,-0.73,1.07,0.09,-0.43381,-0.24443,0.5879,0.63752,-0.75,1.08,0.11,-0.2411,-0.07492,0.56001,0.78908,-0.76,1.09,0.14,-0.10053,-0.01006,0.6356,0.76538,-0.77,1.09,0.16,-0.10053,-0.01006,0.6356,0.76538,-0.71,1.07,0.09,-0.34947,-0.17037,-0.12143,0.91329,-0.73,1.12,0.13,-0.04193,-0.20832,-0.00532,0.97715,-0.75,1.12,0.16,0.35292,-0.19799,0.05238,0.91296,-0.75,1.1,0.18,0.49213,-0.16024,0.07505,0.85235,-0.76,1.08,0.19,0.49213,-0.16024,0.07505,0.85235,-0.7,1.07,0.1,-0.34947,-0.17037,-0.12143,0.91329,-0.71,1.12,0.14,0.00978,-0.19402,-0.06757,0.97862,-0.73,1.12,0.17,0.44065,-0.20484,0.01176,0.87391,-0.73,1.1,0.19,0.64514,-0.17564,-0.00206,0.7436,-0.74,1.07,0.19,0.64514,-0.17564,-0.00206,0.7436,-0.68,1.07,0.1,-0.34947,-0.17037,-0.12143,0.91329,-0.69,1.11,0.14,-0.07717,-0.15842,-0.15682,0.97178,-0.7,1.12,0.18,0.43893,-0.23391,-0.092,0.86265,-0.72,1.1,0.19,0.69499,-0.26758,-0.04136,0.66609,-0.73,1.08,0.19,0.69499,-0.26758,-0.04136,0.66609,-0.68,1.07,0.11,-0.26926,-0.11133,-0.35256,0.88927,-0.68,1.09,0.14,-0.27518,-0.08427,-0.26949,0.91899,-0.68,1.11,0.17,0.31494,-0.23496,-0.24967,0.88503,-0.69,1.1,0.18,0.60085,-0.34991,-0.16046,0.70057,-0.7,1.09,0.19,0.60085,-0.34991,-0.16046,0.70057,-0.81,1.08,0.19
-0.79,1.46,-0.16,-0.79,1.46,-0.16,-0.85,1.08,0.12,0.23932,-0.07783,-0.1038,-0.96223,-0.86,1.06,0.06,0.23932,-0.07783,-0.1038,-0.96223,-0.82,1.06,0.09,0.40964,-0.22835,0.48816,-0.73604,-0.8,1.08,0.11,0.14537,-0.05877,0.45961,-0.87417,-0.79,1.08,0.14,0.03252,-0.04283,0.53805,-0.8412,-0.79,1.08,0.16,0.03252,-0.04283,0.53805,-0.8412,-0.83,1.07,0.09,0.23932,-0.07783,-0.1038,-0.96223,-0.83,1.1,0.14,0.05729,-0.08299,-0.05524,-0.99337,-0.82,1.1,0.18,-0.2248,-0.0969,-0.05588,-0.96796,-0.81,1.09,0.2,-0.35839,-0.07702,-0.05317,-0.92887,-0.81,1.08,0.21,-0.35839,-0.07702,-0.05317,-0.92887,-0.85,1.07,0.09,0.23932,-0.07783,-0.1038,-0.96223,-0.85,1.1,0.14,0.10832,-0.05769,-0.11267,-0.98602,-0.84,1.11,0.18,-0.25683,-0.09596,-0.09676,-0.9568,-0.84,1.09,0.21,-0.40879,-0.10086,-0.13787,-0.8965,-0.83,1.08,0.22,-0.40879,-0.10086,-0.13787,-0.8965,-0.87,1.06,0.1,0.23932,-0.07783,-0.1038,-0.96223,-0.86,1.09,0.14,0.2019,-0.03144,-0.16685,-0.96458,-0.87,1.1,0.18,-0.2204,-0.11763,-0.17541,-0.95227,-0.86,1.09,0.2,-0.42291,-0.17849,-0.16556,-0.87285,-0.85,1.08,0.22,-0.42291,-0.17849,-0.16556,-0.87285,-0.87,1.06,0.1,0.18337,0.00825,-0.33186,-0.9253,-0.88,1.07,0.14,0.21793,-0.04183,-0.23177,-0.94712,-0.88,1.09,0.17,-0.156,-0.11541,-0.26958,-0.94322,-0.88,1.08,0.19,-0.34145,-0.21579,-0.24433,-0.88156,-0.86,1.07,0.2,-0.34145,-0.21579,-0.24433,-0.88156,-0.7,1.09,0.12,-0.33212,-0.16878,-0.12238,0.91991,-0.69,1.06,0.07,-0.33212,-0.16878,-0.12238,0.91991,-0.73,1.07,0.09,-0.42752,-0.2629,0.57865,0.64286,-0.75,1.08,0.11,-0.23365,-0.09585,0.55586,0.79199,-0.77,1.09,0.14,-0.09606,-0.03321,0.63452,0.7662,-0.77,1.09,0.16,-0.09606,-0.03321,0.63452,0.7662,-0.71,1.07,0.09,-0.33212,-0.16878,-0.12238,0.91991,-0.73,1.11,0.13,-0.05504,-0.2067,-0.01549,0.97673,-0.75,1.12,0.17,0.32735,-0.20144,0.03952,0.92234,-0.75,1.1,0.18,0.46856,-0.16587,0.06211,0.8655,-0.76,1.09,0.2,0.46856,-0.16587,0.06211,0.8655,-0.7,1.07,0.1,-0.33212,-0.16878,-0.12238,0.91991,-0.71,1.12,0.14,-0.01002,-0.18722,-0.07847,0.97913,-0.73,1.12,0.18,0.42199,-0.20377,-0.00123,0.8834,-0.73,1.1,0.19,0.62759,-0.17903,-0.01555,0.75752,-0.74,1.07,0.2,0.62759,-0.17903,-0.01555,0.75752,-0.68,1.07,0.1,-0.33212,-0.16878,-0.12238,0.91991,-0.69,1.11,0.14,-0.05483,-0.15621,-0.15675,0.97366,-0.7,1.11,0.18,0.46479,-0.23164,-0.09204,0.84961,-0.72,1.09,0.19,0.71917,-0.26448,-0.04134,0.6412,-0.73,1.07,0.19,0.71917,-0.26448,-0.04134,0.6412,-0.68,1.07,0.11,-0.25254,-0.10529,-0.35244,0.89494,-0.68,1.09,0.15,-0.21629,-0.09438,-0.26631,0.93456,-0.68,1.11,0.17,0.38599,-0.23975,-0.23877,0.85821,-0.69,1.1,0.18,0.66386,-0.35044,-0.14896,0.64366,-0.7,1.08,0.18,0.66386,-0.35044,-0.14896,0.64366,-0.81,1.08,0.19
-0.79,1.46,-0.16,-0.79,1.46,-0.16,-0.85,1.08,0.12,0.24356,-0.08218,-0.11108,-0.95999,-0.86,1.06,0.06,0.24356,-0.08218,-0.11108,-0.95999,-0.82,1.07,0.09,0.41503,-0.22788,0.48452,-0.73557,-0.8,1.08,0.11,0.15218,-0.06087,0.45562,-0.87495,-0.79,1.09,0.14,0.04075,-0.04559,0.53477,-0.84278,-0.79,1.09,0.16,0.04075,-0.04559,0.53477,-0.84278,-0.83,1.07,0.09,0.24356,-0.08218,-0.11108,-0.95999,-0.82,1.1,0.14,0.05346,-0.08147,-0.0638,-0.99319,-0.82,1.1,0.18,-0.24493,-0.09884,-0.0628,-0.96244,-0.81,1.09,0.2,-0.38702,-0.08036,-0.05818,-0.91672,-0.81,1.08,0.21,-0.38702,-0.08036,-0.05818,-0.91672,-0.85,1.07,0.09,0.24356,-0.08218,-0.11108,-0.95999,-0.85,1.1,0.14,0.10936,-0.05994,-0.12045,-0.98486,-0.84,1.11,0.18,-0.2813,-0.10364,-0.10046,-0.9487,-0.84,1.1,0.21,-0.4507,-0.10955,-0.13952,-0.87488,-0.83,1.08,0.22,-0.4507,-0.10955,-0.13952,-0.87488,-0.87,1.07,0.1,0.24356,-0.08218,-0.11108,-0.95999,-0.86,1.09,0.14,0.20727,-0.03551,-0.17433,-0.96197,-0.86,1.11,0.18,-0.24726,-0.13062,-0.17666,-0.94371,-0.86,1.1,0.2,-0.46528,-0.19342,-0.16193,-0.84846,-0.84,1.08,0.21,-0.46528,-0.19342,-0.16193,-0.84846,-0.87,1.06,0.1,0.18559,0.00272,-0.33896,-0.92231,-0.88,1.08,0.14,0.22193,-0.05065,-0.23831,-0.94413,-0.88,1.09,0.17,-0.1744,-0.1326,-0.27021,-0.93754,-0.87,1.08,0.19,-0.38422,-0.23908,-0.23631,-0.85987,-0.86,1.07,0.2,-0.38422,-0.23908,-0.23631,-0.85987,-0.71,1.09,0.12,-0.32019,-0.17431,-0.10546,0.92519,-0.69,1.06,0.07,-0.32019,-0.17431,-0.10546,0.92519,-0.73,1.07,0.09,-0.41984,-0.28334,0.58506,0.63337,-0.75,1.07,0.11,-0.23092,-0.11592,0.56806,0.78137,-0.77,1.08,0.14,-0.09911,-0.05361,0.64855,0.75279,-0.77,1.08,0.16,-0.09911,-0.05361,0.64855,0.75279,-0.72,1.07,0.1,-0.32019,-0.17431,-0.10546,0.92519,-0.73,1.11,0.13,-0.04225,-0.21151,0.00483,0.97645,-0.75,1.11,0.17,0.32309,-0.19881,0.05659,0.92352,-0.76,1.1,0.19,0.46273,-0.16078,0.07815,0.86829,-0.76,1.08,0.2,0.46273,-0.16078,0.07815,0.86829,-0.7,1.07,0.1,-0.32019,-0.17431,-0.10546,0.92519,-0.71,1.11,0.14,-0.04301,-0.17974,-0.07204,0.98013,-0.73,1.12,0.18,0.38237,-0.19467,-0.00091,0.90327,-0.74,1.1,0.2,0.58649,-0.17322,-0.01906,0.79099,-0.74,1.08,0.2,0.58649,-0.17322,-0.01906,0.79099,-0.68,1.07,0.1,-0.32019,-0.17431,-0.10546,0.92519,-0.69,1.1,0.14,-0.0738,-0.14953,-0.14483,0.9753,-0.7,1.11,0.18,0.4382,-0.21956,-0.08772,0.86722,-0.72,1.09,0.19,0.69561,-0.25278,-0.04201,0.67117,-0.73,1.07,0.19,0.69561,-0.25278,-0.04201,0.67117,-0.68,1.07,0.11,-0.24213,-0.10712,-0.33538,0.90411,-0.68,1.09,0.15,-0.20904,-0.09802,-0.24777,0.94091,-0.68,1.1,0.17,0.38313,-0.22817,-0.22488,0.86636,-0.69,1.09,0.19,0.66083,-0.33426,-0.14204,0.65681,-0.71,1.08,0.19,0.66083,-0.33426,-0.14204,0.65681,-0.81,1.08,0.19
-0.79,1.46,-0.16,-0.79,1.46,-0.16,-0.85,1.09,0.12,0.2429,-0.08169,-0.11519,-0.95972,-0.86,1.06,0.06,0.2429,-0.08169,-0.11519,-0.95972,-0.82,1.07,0.09,0.41415,-0.22865,0.48256,-0.73711,-0.8,1.08,0.11,0.15328,-0.06347,0.45358,-0.87564,-0.79,1.09,0.14,0.04347,-0.04918,0.53317,-0.84346,-0.79,1.09,0.16,0.04347,-0.04918,0.53317,-0.84346,-0.83,1.07,0.09,0.2429,-0.08169,-0.11519,-0.95972,-0.83,1.1,0.14,0.03863,-0.07815,-0.06832,-0.99385,-0.82,1.11,0.18,-0.27193,-0.09752,-0.06681,-0.95503,-0.81,1.09,0.2,-0.42028,-0.07994,-0.06075,-0.90182,-0.81,1.08,0.21,-0.42028,-0.07994,-0.06075,-0.90182,-0.85,1.07,0.09,0.2429,-0.08169,-0.11519,-0.95972,-0.85,1.1,0.14,0.10486,-0.05725,-0.12544,-0.98488,-0.84,1.11,0.18,-0.30135,-0.1048,-0.10438,-0.94197,-0.84,1.1,0.21,-0.48663,-0.11205,-0.14236,-0.85462,-0.83,1.08,0.22,-0.48663,-0.11205,-0.14236,-0.85462,-0.87,1.07,0.1,0.2429,-0.08169,-0.11519,-0.95972,-0.86,1.09,0.14,0.20666,-0.03382,-0.17867,-0.96137,-0.86,1.11,0.18,-0.26912,-0.13504,-0.17868,-0.9367,-0.86,1.1,0.2,-0.50271,-0.20028,-0.16049,-0.82548,-0.84,1.08,0.21,-0.50271,-0.20028,-0.16049,-0.82548,-0.87,1.06,0.1,0.18449,0.00321,-0.3428,-0.92111,-0.88,1.08,0.14,0.2222,-0.0508,-0.24216,-0.94308,-0.88,1.09,0.17,-0.19822,-0.14114,-0.27114,-0.93128,-0.87,1.09,0.19,-0.4326,-0.25405,-0.22957,-0.83403,-0.86,1.07,0.2,-0.4326,-0.25405,-0.22957,-0.83403,-0.71,1.09,0.12,-0.30545,-0.18138,-0.09154,0.93028,-0.69,1.06,0.07,-0.30545,-0.18138,-0.09154,0.93028,-0.73,1.07,0.09,-0.41359,-0.30327,0.58668,0.62672,-0.75,1.07,0.11,-0.22795,-0.13643,0.57524,0.77364,-0.77,1.08,0.14,-0.10391,-0.07735,0.65768,0.74208,-0.78,1.08,0.16,-0.10391,-0.07735,0.65768,0.74208,-0.72,1.07,0.1,-0.30545,-0.18138,-0.09154,0.93028,-0.74,1.11,0.14,-0.02022,-0.22402,0.02791,0.97397,-0.75,1.11,0.17,0.33259,-0.20236,0.08031,0.9176,-0.76,1.09,0.19,0.46917,-0.16079,0.10213,0.86232,-0.76,1.08,0.2,0.46917,-0.16079,0.10213,0.86232,-0.7,1.07,0.1,-0.30545,-0.18138,-0.09154,0.93028,-0.71,1.11,0.14,-0.0581,-0.1797,-0.06269,0.98,-0.73,1.12,0.18,0.35234,-0.19096,0.00416,0.91617,-0.74,1.1,0.2,0.54945,-0.17101,-0.01667,0.81767,-0.75,1.08,0.21,0.54945,-0.17101,-0.01667,0.81767,-0.68,1.07,0.11,-0.30545,-0.18138,-0.09154,0.93028,-0.7,1.1,0.15,-0.1173,-0.14169,-0.13937,0.97301,-0.71,1.11,0.18,0.37199,-0.20937,-0.09212,0.89961,-0.72,1.1,0.2,0.62665,-0.24675,-0.05233,0.73735,-0.73,1.08,0.2,0.62665,-0.24675,-0.05233,0.73735,-0.68,1.07,0.11,-0.22825,-0.10994,-0.32076,0.91265,-0.68,1.09,0.15,-0.22725,-0.09273,-0.23417,0.9407,-0.68,1.1,0.17,0.33495,-0.21006,-0.22343,0.89093,-0.69,1.09,0.19,0.61118,-0.31561,-0.15051,0.71007,-0.71,1.08,0.19,0.61118,-0.31561,-0.15051,0.71007,-0.81,1.08,0.19
-0.79,1.46,-0.16,-0.79,1.46,-0.16,-0.85,1.09,0.12,0.24284,-0.07521,-0.11715,-0.96003,-0.86,1.06,0.06,0.24284,-0.07521,-0.11715,-0.96003,-0.82,1.07,0.09,0.41122,-0.22492,0.48225,-0.7401,-0.8,1.08,0.11,0.15455,-0.06219,0.45131,-0.87668,-0.79,1.09,0.14,0.0474,-0.04983,0.53101,-0.84457,-0.79,1.09,0.16,0.0474,-0.04983,0.53101,-0.84457,-0.83,1.08,0.09,0.24284,-0.07521,-0.11715,-0.96003,-0.83,1.11,0.14,0.0278,-0.07086,-0.0714,-0.99454,-0.82,1.11,0.18,-0.28705,-0.09162,-0.07155,-0.95083,-0.82,1.1,0.2,-0.43696,-0.0749,-0.06568,-0.89395,-0.81,1.08,0.21,-0.43696,-0.0749,-0.06568,-0.89395,-0.85,1.07,0.09,0.24284,-0.07521,-0.11715,-0.96003,-0.85,1.11,0.14,0.08665,-0.05306,-0.12733,-0.98664,-0.84,1.11,0.18,-0.32301,-0.10198,-0.10737,-0.93474,-0.84,1.1,0.21,-0.51401,-0.10936,-0.14531,-0.83828,-0.83,1.08,0.22,-0.51401,-0.10936,-0.14531,-0.83828,-0.87,1.07,0.1,0.24284,-0.07521,-0.11715,-0.96003,-0.87,1.1,0.14,0.19965,-0.02844,-0.18058,-0.96266,-0.87,1.11,0.18,-0.28566,-0.13281,-0.18186,-0.9315,-0.86,1.1,0.2,-0.5271,-0.20001,-0.1629,-0.80971,-0.85,1.08,0.21,-0.5271,-0.20001,-0.1629,-0.80971,-0.87,1.07,0.1,0.18548,0.0095,-0.34487,-0.92009,-0.88,1.08,0.14,0.22238,-0.04548,-0.24397,-0.94284,-0.88,1.09,0.17,-0.21648,-0.14242,-0.273,-0.92646,-0.87,1.09,0.18,-0.46455,-0.25957,-0.22769,-0.81546,-0.86,1.07,0.19,-0.46455,-0.25957,-0.22769,-0.81546,-0.71,1.09,0.12,-0.30033,-0.18486,-0.0932,0.9311,-0.69,1.06,0.07,-0.30033,-0.18486,-0.0932,0.9311,-0.73,1.07,0.09,-0.41748,-0.30412,0.57971,0.63021,-0.75,1.07,0.11,-0.23194,-0.14051,0.56793,0.77712,-0.77,1.08,0.14,-0.11454,-0.08774,0.65128,0.74499,-0.78,1.08,0.16,-0.11454,-0.08774,0.65128,0.74499,-0.72,1.07,0.09,-0.30033,-0.18486,-0.0932,0.9311,-0.74,1.11,0.14,-0.00147,-0.23623,0.03701,0.97099,-0.75,1.11,0.17,0.34544,-0.21045,0.09225,0.90988,-0.76,1.09,0.18,0.47735,-0.16734,0.11488,0.85495,-0.76,1.07,0.2,0.47735,-0.16734,0.11488,0.85495,-0.7,1.07,0.1,-0.30033,-0.18486,-0.0932,0.9311,-0.72,1.11,0.14,-0.05495,-0.18525,-0.06255,0.97916,-0.73,1.12,0.18,0.3517,-0.19593,0.0059,0.91536,-0.74,1.1,0.2,0.54314,-0.1758,-0.01454,0.8209,-0.75,1.08,0.21,0.54314,-0.1758,-0.01454,0.8209,-0.68,1.07,0.1,-0.30033,-0.18486,-0.0932,0.9311,-0.7,1.1,0.15,-0.1273,-0.14328,-0.14225,0.9711,-0.71,1.11,0.18,0.35866,-0.21219,-0.09444,0.90411,-0.72,1.1,0.2,0.6069,-0.25043,-0.05549,0.75225,-0.73,1.08,0.2,0.6069,-0.25043,-0.05549,0.75225,-0.68,1.07,0.11,-0.22233,-0.11216,-0.32175,0.91349,-0.68,1.09,0.15,-0.25092,-0.08347,-0.2374,0.93473,-0.68,1.1,0.17,0.29888,-0.20313,-0.23327,0.90277,-0.69,1.1,0.19,0.56926,-0.31085,-0.16481,0.74307,-0.71,1.08,0.19,0.56926,-0.31085,-0.16481,0.74307,-0.81,1.08,0.19
-0.8,1.46,-0.16,-0.8,1.46,-0.16,-0.85,1.09,0.12,0.25135,-0.0654,-0.12021,-0.95817,-0.86,1.06,0.06,0.25135,-0.0654,-0.12021,-0.95817,-0.82,1.08,0.09,0.41246,-0.21315,0.48409,-0.74169,-0.8,1.09,0.11,0.16451,-0.0549,0.44806,-0.87702,-0.79,1.1,0.14,0.06284,-0.04585,0.5278,-0.8458,-0.79,1.1,0.16,0.06284,-0.04585,0.5278,-0.8458,-0.83,1.08,0.09,0.25135,-0.0654,-0.12021,-0.95817,-0.83,1.11,0.14,0.01981,-0.06255,-0.07541,-0.99499,-0.82,1.11,0.18,-0.29757,-0.08503,-0.07771,-0.94773,-0.82,1.1,0.2,-0.44335,-0.06893,-0.07285,-0.89072,-0.81,1.08,0.21,-0.44335,-0.06893,-0.07285,-0.89072,-0.85,1.08,0.09,0.25135,-0.0654,-0.12021,-0.95817,-0.85,1.11,0.14,0.05707,-0.0507,-0.12951,-0.98864,-0.85,1.11,0.18,-0.35898,-0.1013,-0.10949,-0.92135,-0.84,1.1,0.2,-0.5496,-0.10713,-0.14688,-0.81541,-0.83,1.08,0.21,-0.5496,-0.10713,-0.14688,-0.81541,-0.87,1.07,0.1,0.25135,-0.0654,-0.12021,-0.95817,-0.87,1.1,0.14,0.17845,-0.02526,-0.18338,-0.96638,-0.87,1.11,0.18,-0.31585,-0.13246,-0.18509,-0.92111,-0.86,1.1,0.2,-0.55677,-0.20029,-0.16617,-0.78884,-0.85,1.08,0.21,-0.55677,-0.20029,-0.16617,-0.78884,-0.87,1.07,0.1,0.19536,0.01692,-0.34882,-0.91645,-0.88,1.08,0.14,0.22513,-0.03979,-0.24717,-0.94161,-0.88,1.1,0.17,-0.22987,-0.14373,-0.27651,-0.92198,-0.88,1.09,0.18,-0.48036,-0.26281,-0.23006,-0.80453,-0.86,1.08,0.19,-0.48036,-0.26281,-0.23006,-0.80453,-0.71,1.09,0.12,-0.30063,-0.18546,-0.09473,0.93073,-0.69,1.06,0.07,-0.30063,-0.18546,-0.09473,0.93073,-0.73,1.07,0.09,-0.42462,-0.29635,0.57341,0.63488,-0.75,1.07,0.11,-0.24284,-0.13882,0.55788,0.78136,-0.77,1.08,0.13,-0.1318,-0.09222,0.64178,0.74983,-0.78,1.08,0.16,-0.1318,-0.09222,0.64178,0.74983,-0.72,1.07,0.09,-0.30063,-0.18546,-0.09473,0.93073,-0.74,1.11,0.13,0.00353,-0.24381,0.04222,0.9689,-0.75,1.11,0.17,0.34848,-0.21571,0.09956,0.90671,-0.76,1.09,0.18,0.47664,-0.1719,0.1223,0.85341,-0.76,1.07,0.19,0.47664,-0.1719,0.1223,0.85341,-0.7,1.07,0.1,-0.30063,-0.18546,-0.09473,0.93073,-0.71,1.11,0.14,-0.05133,-0.18947,-0.06131,0.97863,-0.73,1.12,0.18,0.36671,-0.1991,0.01132,0.90871,-0.74,1.1,0.2,0.5616,-0.1765,-0.00772,0.80832,-0.75,1.08,0.21,0.5616,-0.1765,-0.00772,0.80832,-0.68,1.07,0.1,-0.30063,-0.18546,-0.09473,0.93073,-0.7,1.1,0.15,-0.1245,-0.14559,-0.14274,0.97105,-0.71,1.11,0.18,0.37257,-0.21539,-0.09134,0.89803,-0.72,1.1,0.2,0.62164,-0.25218,-0.05111,0.73983,-0.73,1.08,0.2,0.62164,-0.25218,-0.05111,0.73983,-0.68,1.07,0.11,-0.22229,-0.11289,-0.32319,0.9129,-0.68,1.09,0.15,-0.25119,-0.08109,-0.23952,0.93432,-0.68,1.11,0.17,0.30092,-0.20293,-0.23583,0.90147,-0.69,1.1,0.19,0.57024,-0.31138,-0.16752,0.74148,-0.71,1.08,0.19,0.57024,-0.31138,-0.16752,0.74148,-0.81,1.08,0.19
-0.79,1.46,-0.16,-0.79,1.46,-0.16,-0.85,1.1,0.11,0.27268,-0.06153,-0.12589,-0.95185,-0.86,1.06,0.06,0.27268,-0.06153,-0.12589,-0.95185,-0.82,1.08,0.09,0.42329,-0.19712,0.48877,-0.73694,-0.8,1.09,0.11,0.18527,-0.04331,0.4466,-0.87427,-0.79,1.1,0.14,0.08744,-0.03552,0.52635,-0.84501,-0.79,1.1,0.16,0.08744,-0.03552,0.52635,-0.84501,-0.83,1.08,0.09,0.27268,-0.06153,-0.12589,-0.95185,-0.83,1.11,0.14,0.01386,-0.06272,-0.07945,-0.99477,-0.82,1.12,0.17,-0.30251,-0.08626,-0.08154,-0.94573,-0.82,1.1,0.19,-0.4372,-0.06965,-0.07738,-0.89332,-0.82,1.09,0.21,-0.4372,-0.06965,-0.07738,-0.89332,-0.85,1.08,0.09,0.27268,-0.06153,-0.12589,-0.95185,-0.85,1.11,0.14,0.0399,-0.05643,-0.13314,-0.98869,-0.85,1.12,0.18,-0.37881,-0.10829,-0.10994,-0.91252,-0.84,1.1,0.2,-0.5663,-0.11258,-0.14551,-0.8034,-0.83,1.08,0.21,-0.5663,-0.11258,-0.14551,-0.8034,-0.87,1.08,0.09,0.27268,-0.06153,-0.12589,-0.95185,-0.87,1.1,0.14,0.15955,-0.03069,-0.18897,-0.96845,-0.87,1.11,0.18,-0.3339,-0.13926,-0.18758,-0.9132,-0.86,1.1,0.19,-0.56951,-0.20659,-0.16752,-0.77776,-0.85,1.08,0.2,-0.56951,-0.20659,-0.16752,-0.77776,-0.87,1.07,0.1,0.21613,0.01526,-0.35608,-0.90899,-0.88,1.09,0.14,0.22868,-0.04288,-0.25364,-0.9389,-0.88,1.1,0.16,-0.22973,-0.15084,-0.2803,-0.91973,-0.88,1.09,0.18,-0.47282,-0.26891,-0.23343,-0.806,-0.86,1.08,0.19,-0.47282,-0.26891,-0.23343,-0.806,-0.71,1.09,0.12,-0.3011,-0.18886,-0.08874,0.93048,-0.69,1.06,0.07,-0.3011,-0.18886,-0.08874,0.93048,-0.73,1.07,0.09,-0.43341,-0.29232,0.56946,0.63437,-0.75,1.07,0.11,-0.25755,-0.14114,0.55117,0.781,-0.77,1.08,0.13,-0.14971,-0.09643,0.63601,0.75085,-0.78,1.09,0.16,-0.14971,-0.09643,0.63601,0.75085,-0.72,1.07,0.09,-0.3011,-0.18886,-0.08874,0.93048,-0.74,1.11,0.13,0.0075,-0.25761,0.05972,0.96437,-0.76,1.11,0.17,0.34044,-0.22379,0.11826,0.90556,-0.76,1.09,0.18,0.46492,-0.17787,0.14103,0.85576,-0.77,1.07,0.19,0.46492,-0.17787,0.14103,0.85576,-0.7,1.07,0.1,-0.3011,-0.18886,-0.08874,0.93048,-0.72,1.11,0.14,-0.05924,-0.19366,-0.05447,0.97776,-0.73,1.12,0.18,0.37449,-0.19976,0.02263,0.90517,-0.74,1.1,0.2,0.5857,-0.17297,0.00562,0.79184,-0.75,1.08,0.2,0.5857,-0.17297,0.00562,0.79184,-0.68,1.07,0.1,-0.3011,-0.18886,-0.08874,0.93048,-0.7,1.1,0.14,-0.13626,-0.14626,-0.13817,0.97003,-0.71,1.12,0.18,0.38367,-0.21604,-0.08214,0.89408,-0.72,1.1,0.2,0.64495,-0.24962,-0.03886,0.72126,-0.73,1.08,0.2,0.64495,-0.24962,-0.03886,0.72126,-0.68,1.07,0.11,-0.22289,-0.11621,-0.31734,0.91439,-0.68,1.09,0.15,-0.24956,-0.08218,-0.23413,0.93603,-0.68,1.11,0.17,0.31453,-0.20348,-0.22882,0.8985,-0.69,1.1,0.19,0.59433,-0.3116,-0.15692,0.72461,-0.71,1.08,0.19,0.59433,-0.3116,-0.15692,0.72461,-0.81,1.08,0.19
-0.79,1.46,-0.16,-0.79,1.46,-0.16,-0.85,1.1,0.11,0.30476,-0.06272,-0.12754,-0.94176,-0.86,1.06,0.06,0.30476,-0.06272,-0.12754,-0.94176,-0.82,1.08,0.09,0.43769,-0.17749,0.50303,-0.7238,-0.8,1.09,0.11,0.20559,-0.02238,0.45465,-0.86633,-0.79,1.1,0.14,0.10452,-0.01099,0.53283,-0.83967,-0.79,1.11,0.16,0.10452,-0.01099,0.53283,-0.83967,-0.83,1.08,0.09,0.30476,-0.06272,-0.12754,-0.94176,-0.83,1.12,0.13,0.01396,-0.06751,-0.07764,-0.9946,-0.82,1.12,0.17,-0.30465,-0.09041,-0.07811,-0.94494,-0.82,1.11,0.19,-0.43311,-0.07269,-0.07395,-0.89536,-0.82,1.09,0.2,-0.43311,-0.07269,-0.07395,-0.89536,-0.85,1.08,0.09,0.30476,-0.06272,-0.12754,-0.94176,-0.85,1.12,0.14,0.05962,-0.06202,-0.13391,-0.98725,-0.85,1.12,0.18,-0.36128,-0.11405,-0.10815,-0.91912,-0.84,1.11,0.2,-0.54893,-0.11877,-0.14293,-0.81495,-0.83,1.09,0.21,-0.54893,-0.11877,-0.14293,-0.81495,-0.87,1.08,0.09,0.30476,-0.06272,-0.12754,-0.94176,-0.87,1.11,0.14,0.17267,-0.0383,-0.191,-0.96552,-0.87,1.12,0.17,-0.31689,-0.14652,-0.18593,-0.91845,-0.86,1.11,0.19,-0.55046,-0.2129,-0.16434,-0.79035,-0.85,1.09,0.2,-0.55046,-0.2129,-0.16434,-0.79035,-0.88,1.07,0.1,0.24689,0.00603,-0.36007,-0.89964,-0.88,1.09,0.13,0.24088,-0.05285,-0.2561,-0.93466,-0.88,1.11,0.16,-0.21006,-0.15956,-0.2789,-0.92338,-0.88,1.1,0.18,-0.44045,-0.27328,-0.23282,-0.82287,-0.86,1.09,0.19,-0.44045,-0.27328,-0.23282,-0.82287,-0.71,1.09,0.12,-0.28305,-0.18959,-0.07928,0.93683,-0.69,1.06,0.07,-0.28305,-0.18959,-0.07928,0.93683,-0.73,1.07,0.09,-0.43056,-0.30053,0.56081,0.64015,-0.76,1.07,0.11,-0.25738,-0.15447,0.54325,0.78408,-0.77,1.08,0.13,-0.15477,-0.11401,0.62965,0.75272,-0.78,1.08,0.15,-0.15477,-0.11401,0.62965,0.75272,-0.72,1.07,0.09,-0.28305,-0.18959,-0.07928,0.93683,-0.74,1.11,0.14,0.03201,-0.27197,0.08063,0.95839,-0.76,1.1,0.17,0.33741,-0.23335,0.13652,0.9017,-0.77,1.09,0.18,0.45525,-0.18596,0.15904,0.85608,-0.77,1.07,0.2,0.45525,-0.18596,0.15904,0.85608,-0.7,1.07,0.1,-0.28305,-0.18959,-0.07928,0.93683,-0.72,1.11,0.14,-0.07119,-0.1915,-0.05044,0.97761,-0.73,1.12,0.18,0.36193,-0.19627,0.02497,0.91097,-0.74,1.1,0.2,0.58419,-0.16917,0.00791,0.79375,-0.75,1.08,0.21,0.58419,-0.16917,0.00791,0.79375,-0.69,1.07,0.1,-0.28305,-0.18959,-0.07928,0.93683,-0.7,1.1,0.15,-0.15408,-0.13718,-0.13404,0.96926,-0.71,1.11,0.18,0.37524,-0.20749,-0.08139,0.89973,-0.72,1.1,0.2,0.64851,-0.24146,-0.03819,0.72089,-0.73,1.08,0.2,0.64851,-0.24146,-0.03819,0.72089,-0.68,1.07,0.11,-0.20647,-0.11211,-0.30695,0.92227,-0.68,1.09,0.15,-0.2357,-0.07245,-0.22417,0.94284,-0.68,1.1,0.17,0.33303,-0.18968,-0.22551,0.89569,-0.69,1.09,0.19,0.62532,-0.29999,-0.15414,0.70372,-0.71,1.08,0.19,0.62532,-0.29999,-0.15414,0.70372,-0.81,1.08,0.19
-0.8,1.46,-0.16,-0.8,1.46,-0.16,-0.85,1.1,0.11,0.32431,-0.07306,-0.1354,-0.93335,-0.86,1.06,0.06,0.32431,-0.07306,-0.1354,-0.93335,-0.82,1.08,0.09,0.45065,-0.17456,0.50697,-0.71374,-0.8,1.09,0.1,0.21861,-0.01839,0.45802,-0.86145,-0.79,1.1,0.13,0.11284,-0.00259,0.53576,-0.8368,-0.79,1.11,0.16,0.11284,-0.00259,0.53576,-0.8368,-0.83,1.08,0.09,0.32431,-0.07306,-0.1354,-0.93335,-0.83,1.12,0.13,0.0298,-0.08615,-0.07784,-0.99279,-0.82,1.12,0.17,-0.30004,-0.10936,-0.07106,-0.94497,-0.82,1.11,0.19,-0.43058,-0.09073,-0.06429,-0.89567,-0.81,1.09,0.2,-0.43058,-0.09073,-0.06429,-0.89567,-0.85,1.08,0.09,0.32431,-0.07306,-0.1354,-0.93335,-0.85,1.12,0.13,0.08508,-0.07538,-0.1391,-0.98373,-0.85,1.13,0.17,-0.32787,-0.12765,-0.10841,-0.92976,-0.84,1.11,0.19,-0.51086,-0.13338,-0.14128,-0.83742,-0.83,1.09,0.21,-0.51086,-0.13338,-0.14128,-0.83742,-0.87,1.07,0.09,0.32431,-0.07306,-0.1354,-0.93335,-0.87,1.11,0.13,0.19157,-0.05087,-0.1983,-0.95989,-0.87,1.12,0.17,-0.2802,-0.15827,-0.1884,-0.92787,-0.86,1.11,0.19,-0.50765,-0.22425,-0.16462,-0.81542,-0.84,1.09,0.2,-0.50765,-0.22425,-0.16462,-0.81542,-0.87,1.07,0.1,0.26273,-0.00936,-0.36848,-0.89169,-0.88,1.09,0.13,0.25114,-0.06245,-0.26515,-0.92883,-0.88,1.11,0.16,-0.18168,-0.16787,-0.28491,-0.92609,-0.87,1.1,0.18,-0.39401,-0.27792,-0.24057,-0.8424,-0.86,1.09,0.19,-0.39401,-0.27792,-0.24057,-0.8424,-0.71,1.09,0.12,-0.26108,-0.17834,-0.07825,0.94547,-0.69,1.06,0.07,-0.26108,-0.17834,-0.07825,0.94547,-0.73,1.07,0.09,-0.41682,-0.29714,0.55253,0.65778,-0.76,1.07,0.11,-0.24721,-0.15662,0.53163,0.79482,-0.77,1.08,0.13,-0.15502,-0.12715,0.61789,0.76027,-0.78,1.08,0.16,-0.15502,-0.12715,0.61789,0.76027,-0.72,1.07,0.09,-0.26108,-0.17834,-0.07825,0.94547,-0.74,1.11,0.14,0.05768,-0.27557,0.0853,0.95575,-0.76,1.1,0.17,0.35091,-0.23623,0.13943,0.89533,-0.76,1.08,0.18,0.46702,-0.18847,0.16255,0.8485,-0.77,1.06,0.2,0.46702,-0.18847,0.16255,0.8485,-0.7,1.07,0.1,-0.26108,-0.17834,-0.07825,0.94547,-0.72,1.11,0.14,-0.06744,-0.18035,-0.05462,0.97977,-0.73,1.11,0.18,0.36434,-0.18802,0.01598,0.91195,-0.74,1.1,0.2,0.59194,-0.16281,-0.00226,0.78936,-0.75,1.07,0.21,0.59194,-0.16281,-0.00226,0.78936,-0.69,1.07,0.1,-0.26108,-0.17834,-0.07825,0.94547,-0.7,1.1,0.15,-0.15512,-0.11997,-0.13642,0.97105,-0.71,1.11,0.18,0.37659,-0.19429,-0.09202,0.90109,-0.72,1.1,0.2,0.65515,-0.23246,-0.05126,0.71702,-0.73,1.07,0.2,0.65515,-0.23246,-0.05126,0.71702,-0.68,1.07,0.11,-0.18752,-0.09544,-0.30487,0.92886,-0.68,1.09,0.15,-0.22198,-0.05033,-0.22171,0.94817,-0.68,1.1,0.18,0.3442,-0.16845,-0.2361,0.89298,-0.69,1.09,0.19,0.64503,-0.28614,-0.16838,0.68826,-0.7,1.07,0.19,0.64503,-0.28614,-0.16838,0.68826,-0.81,1.08,0.19
-0.8,1.46,-0.16,-0.8,1.46,-0.16,-0.85,1.1,0.11,0.32987,-0.07147,-0.18693,-0.92257,-0.86,1.06,0.06,0.32987,-0.07147,-0.18693,-0.92257,-0.82,1.08,0.09,0.46342,-0.16947,0.47173,-0.73075,-0.8,1.09,0.1,0.22057,-0.02258,0.42152,-0.87929,-0.79,1.11,0.13,0.1106,-0.00824,0.50117,-0.85821,-0.79,1.11,0.16,0.1106,-0.00824,0.50117,-0.85821,-0.84,1.08,0.09,0.32987,-0.07147,-0.18693,-0.92257,-0.83,1.12,0.13,0.04444,-0.10731,-0.12329,-0.98555,-0.83,1.12,0.17,-0.29616,-0.14598,-0.10496,-0.93806,-0.82,1.11,0.19,-0.43188,-0.13241,-0.092,-0.8874,-0.81,1.1,0.2,-0.43188,-0.13241,-0.092,-0.8874,-0.85,1.07,0.09,0.32987,-0.07147,-0.18693,-0.92257,-0.85,1.12,0.13,0.10658,-0.08542,-0.18994,-0.97225,-0.85,1.13,0.17,-0.30361,-0.15797,-0.15047,-0.92749,-0.84,1.11,0.19,-0.48653,-0.17256,-0.17631,-0.83811,-0.83,1.09,0.21,-0.48653,-0.17256,-0.17631,-0.83811,-0.87,1.07,0.09,0.32987,-0.07147,-0.18693,-0.92257,-0.87,1.1,0.13,0.19813,-0.05581,-0.24943,-0.94626,-0.87,1.12,0.17,-0.26601,-0.1863,-0.23083,-0.9172,-0.86,1.11,0.19,-0.48869,-0.26188,-0.19814,-0.8083,-0.84,1.09,0.2,-0.48869,-0.26188,-0.19814,-0.8083,-0.87,1.07,0.1,0.2614,-0.01143,-0.41695,-0.87046,-0.88,1.09,0.13,0.24466,-0.05848,-0.3181,-0.91408,-0.89,1.1,0.16,-0.17882,-0.18565,-0.33359,-0.90679,-0.88,1.1,0.18,-0.37721,-0.30422,-0.28527,-0.82691,-0.86,1.09,0.19,-0.37721,-0.30422,-0.28527,-0.82691,-0.71,1.09,0.12,-0.27154,-0.16742,-0.08137,0.94425,-0.69,1.06,0.07,-0.27154,-0.16742,-0.08137,0.94425,-0.73,1.07,0.09,-0.41116,-0.2652,0.56572,0.66376,-0.75,1.08,0.11,-0.24314,-0.12157,0.53658,0.79887,-0.77,1.08,0.14,-0.15145,-0.09555,0.61947,0.76432,-0.78,1.09,0.16,-0.15145,-0.09555,0.61947,0.76432,-0.72,1.07,0.09,-0.27154,-0.16742,-0.08137,0.94425,-0.74,1.11,0.14,0.0551,-0.26755,0.08381,0.95831,-0.75,1.1,0.17,0.35483,-0.22823,0.13701,0.89623,-0.76,1.09,0.18,0.47327,-0.18036,0.15971,0.84734,-0.77,1.07,0.2,0.47327,-0.18036,0.15971,0.84734,-0.7,1.07,0.1,-0.27154,-0.16742,-0.08137,0.94425,-0.71,1.11,0.14,-0.0636,-0.17324,-0.05635,0.98121,-0.73,1.12,0.18,0.40599,-0.18164,0.01883,0.89545,-0.74,1.1,0.2,0.65228,-0.15097,0.00209,0.74279,-0.74,1.07,0.2,0.65228,-0.15097,0.00209,0.74279,-0.68,1.07,0.1,-0.27154,-0.16742,-0.08137,0.94425,-0.7,1.1,0.15,-0.14384,-0.11605,-0.1376,0.97309,-0.7,1.11,0.18,0.42183,-0.19435,-0.08859,0.88116,-0.71,1.1,0.2,0.71162,-0.22969,-0.04367,0.66252,-0.72,1.07,0.19,0.71162,-0.22969,-0.04367,0.66252,-0.68,1.07,0.11,-0.19949,-0.08726,-0.3093,0.9257,-0.68,1.09,0.15,-0.21345,-0.04737,-0.22613,0.94924,-0.68,1.1,0.17,0.36695,-0.17154,-0.23915,0.88246,-0.69,1.09,0.19,0.67957,-0.2933,-0.16425,0.65206,-0.7,1.07,0.19,0.67957,-0.2933,-0.16425,0.65206,-0.81,1.08,0.19
-0.8,1.46,-0.16,-0.8,1.46,-0.16,-0.86,1.1,0.11,0.35196,-0.06882,-0.21901,-0.90742,-0.86,1.06,0.06,0.35196,-0.06882,-0.21901,-0.90742,-0.83,1.08,0.09,0.47871,-0.15624,0.45804,-0.73255,-0.8,1.1,0.1,0.23138,-0.01368,0.40402,-0.88489,-0.8,1.11,0.13,0.11656,0.00179,0.48358,-0.8675,-0.79,1.12,0.15,0.11656,0.00179,0.48358,-0.8675,-0.84,1.08,0.09,0.35196,-0.06882,-0.21901,-0.90742,-0.84,1.12,0.13,0.07199,-0.11731,-0.15269,-0.97864,-0.83,1.13,0.16,-0.28445,-0.16832,-0.12601,-0.93535,-0.82,1.12,0.18,-0.42671,-0.15858,-0.10867,-0.88372,-0.81,1.1,0.2,-0.42671,-0.15858,-0.10867,-0.88372,-0.85,1.08,0.09,0.35196,-0.06882,-0.21901,-0.90742,-0.86,1.12,0.13,0.14045,-0.08952,-0.22273,-0.96055,-0.85,1.13,0.17,-0.28036,-0.17798,-0.17616,-0.92666,-0.84,1.12,0.19,-0.46868,-0.19929,-0.19676,-0.8378,-0.83,1.1,0.2,-0.46868,-0.19929,-0.19676,-0.8378,-0.87,1.07,0.09,0.35196,-0.06882,-0.21901,-0.90742,-0.87,1.11,0.13,0.2209,-0.05902,-0.28203,-0.93176,-0.87,1.12,0.17,-0.24413,-0.20657,-0.25616,-0.9122,-0.86,1.11,0.19,-0.46829,-0.2887,-0.21601,-0.80666,-0.85,1.1,0.2,-0.46829,-0.2887,-0.21601,-0.80666,-0.88,1.07,0.1,0.27911,-0.01615,-0.44802,-0.84919,-0.89,1.09,0.13,0.25039,-0.06298,-0.35091,-0.90011,-0.89,1.1,0.16,-0.16879,-0.20438,-0.36039,-0.89435,-0.88,1.1,0.18,-0.36265,-0.32808,-0.30641,-0.81668,-0.86,1.09,0.19,-0.36265,-0.32808,-0.30641,-0.81668,-0.7,1.1,0.11,-0.32444,-0.15279,-0.08417,0.92968,-0.69,1.06,0.07,-0.32444,-0.15279,-0.08417,0.92968,-0.72,1.07,0.09,-0.42975,-0.2119,0.58584,0.65361,-0.75,1.08,0.11,-0.26603,-0.06524,0.54355,0.79342,-0.76,1.09,0.14,-0.16845,-0.03592,0.6221,0.76376,-0.77,1.1,0.16,-0.16845,-0.03592,0.6221,0.76376,-0.71,1.08,0.09,-0.32444,-0.15279,-0.08417,0.92968,-0.73,1.12,0.13,0.02329,-0.24552,0.08547,0.96534,-0.75,1.11,0.16,0.34968,-0.20415,0.13702,0.90403,-0.75,1.1,0.18,0.46882,-0.15641,0.15622,0.85518,-0.76,1.08,0.19,0.46882,-0.15641,0.15622,0.85518,-0.7,1.08,0.09,-0.32444,-0.15279,-0.08417,0.92968,-0.71,1.12,0.14,-0.06644,-0.16433,-0.05305,0.98273,-0.72,1.12,0.17,0.43209,-0.17161,0.02289,0.88506,-0.73,1.1,0.19,0.69415,-0.1363,0.00548,0.70679,-0.73,1.08,0.19,0.69415,-0.1363,0.00548,0.70679,-0.68,1.08,0.1,-0.32444,-0.15279,-0.08417,0.92968,-0.69,1.11,0.14,-0.1442,-0.11732,-0.13715,0.97295,-0.7,1.12,0.17,0.46009,-0.19842,-0.07969,0.86174,-0.71,1.1,0.19,0.76515,-0.22789,-0.0276,0.60154,-0.72,1.08,0.18,0.76515,-0.22789,-0.0276,0.60154,-0.67,1.07,0.1,-0.2536,-0.08615,-0.31669,0.90993,-0.67,1.1,0.14,-0.23177,-0.05642,-0.23432,0.94244,-0.67,1.11,0.17,0.3825,-0.19354,-0.23479,0.87241,-0.68,1.1,0.18,0.71275,-0.31537,-0.14191,0.61024,-0.7,1.08,0.18,0.71275,-0.31537,-0.14191,0.61024,-0.81,1.08,0.19
-0.8,1.46,-0.16,-0.8,1.46,-0.16,-0.86,1.1,0.11,0.37262,-0.07173,-0.2137,-0.90019,-0.86,1.06,0.06,0.37262,-0.07173,-0.2137,-0.90019,-0.83,1.08,0.09,0.48099,-0.15337,0.47804,-0.71875,-0.8,1.1,0.1,0.23528,-0.00369,0.42333,-0.87488,-0.8,1.11,0.13,0.11551,0.01692,0.50062,-0.85776,-0.79,1.12,0.15,0.11551,0.01692,0.50062,-0.85776,-0.84,1.08,0.09,0.37262,-0.07173,-0.2137,-0.90019,-0.84,1.13,0.12,0.09461,-0.11959,-0.14563,-0.97752,-0.83,1.13,0.16,-0.293,-0.17223,-0.11301,-0.93366,-0.82,1.12,0.18,-0.44528,-0.16165,-0.09283,-0.87577,-0.81,1.11,0.19,-0.44528,-0.16165,-0.09283,-0.87577,-0.85,1.08,0.09,0.37262,-0.07173,-0.2137,-0.90019,-0.86,1.12,0.13,0.16276,-0.0928,-0.21682,-0.95806,-0.85,1.14,0.17,-0.28525,-0.18339,-0.16434,-0.92628,-0.84,1.12,0.19,-0.48585,-0.20385,-0.18243,-0.83013,-0.83,1.11,0.2,-0.48585,-0.20385,-0.18243,-0.83013,-0.87,1.07,0.09,0.37262,-0.07173,-0.2137,-0.90019,-0.87,1.11,0.13,0.2358,-0.06533,-0.27653,-0.92933,-0.87,1.13,0.16,-0.24062,-0.21285,-0.24587,-0.91452,-0.86,1.12,0.18,-0.47232,-0.29351,-0.20261,-0.80605,-0.85,1.1,0.2,-0.47232,-0.29351,-0.20261,-0.80605,-0.88,1.07,0.1,0.29939,-0.02416,-0.44422,-0.84407,-0.89,1.09,0.13,0.25108,-0.07269,-0.3469,-0.90074,-0.89,1.11,0.16,-0.16892,-0.21142,-0.35273,-0.89574,-0.88,1.1,0.18,-0.36376,-0.33322,-0.29719,-0.81751,-0.86,1.1,0.19,-0.36376,-0.33322,-0.29719,-0.81751,-0.7,1.1,0.11,-0.39481,-0.14727,-0.08886,0.90252,-0.68,1.06,0.06,-0.39481,-0.14727,-0.08886,0.90252,-0.72,1.07,0.09,-0.458,-0.14917,0.60748,0.63163,-0.75,1.08,0.11,-0.2976,0.00251,0.55005,0.7803,-0.76,1.1,0.13,-0.18628,0.04218,0.62182,0.75951,-0.76,1.11,0.16,-0.18628,0.04218,0.62182,0.75951,-0.71,1.08,0.09,-0.39481,-0.14727,-0.08886,0.90252,-0.73,1.12,0.12,-0.01685,-0.22441,0.08746,0.97042,-0.74,1.12,0.16,0.34398,-0.18009,0.13805,0.91114,-0.75,1.11,0.17,0.46121,-0.1328,0.1533,0.8638,-0.75,1.09,0.18,0.46121,-0.1328,0.1533,0.8638,-0.7,1.08,0.09,-0.39481,-0.14727,-0.08886,0.90252,-0.7,1.13,0.13,-0.07597,-0.16539,-0.04756,0.98215,-0.72,1.13,0.17,0.46071,-0.16854,0.03527,0.87069,-0.72,1.11,0.18,0.74308,-0.12393,0.01925,0.65735,-0.73,1.09,0.18,0.74308,-0.12393,0.01925,0.65735,-0.68,1.08,0.1,-0.39481,-0.14727,-0.08886,0.90252,-0.69,1.12,0.13,-0.15578,-0.13209,-0.13486,0.96959,-0.69,1.13,0.17,0.48869,-0.21187,-0.06004,0.84421,-0.71,1.11,0.18,0.81073,-0.22864,0.00362,0.53892,-0.71,1.09,0.17,0.81073,-0.22864,0.00362,0.53892,-0.67,1.07,0.1,-0.3227,-0.09927,-0.32559,0.88318,-0.67,1.1,0.13,-0.26339,-0.08432,-0.24145,0.93017,-0.67,1.12,0.16,0.39026,-0.23155,-0.21516,0.86475,-0.68,1.11,0.17,0.73911,-0.34321,-0.09656,0.57149,-0.69,1.09,0.17,0.73911,-0.34321,-0.09656,0.57149,-0.81,1.08,0.19
-0.8,1.46,-0.16,-0.8,1.46,-0.16,-0.85,1.1,0.11,0.37961,-0.08088,-0.15737,-0.90807,-0.86,1.06,0.06,0.37961,-0.08088,-0.15737,-0.90807,-0.82,1.08,0.09,0.46446,-0.16404,0.53189,-0.68881,-0.8,1.09,0.1,0.22707,0.00525,0.48083,-0.84688,-0.79,1.1,0.13,0.09856,0.03833,0.55285,-0.82654,-0.79,1.11,0.15,0.09856,0.03833,0.55285,-0.82654,-0.84,1.08,0.09,0.37961,-0.08088,-0.15737,-0.90807,-0.83,1.12,0.12,0.09523,-0.11104,-0.08887,-0.98524,-0.82,1.13,0.16,-0.32431,-0.14439,-0.05969,-0.93296,-0.82,1.12,0.18,-0.48364,-0.12563,-0.04244,-0.86516,-0.81,1.1,0.19,-0.48364,-0.12563,-0.04244,-0.86516,-0.85,1.08,0.09,0.37961,-0.08088,-0.15737,-0.90807,-0.85,1.12,0.13,0.15162,-0.09467,-0.15694,-0.9713,-0.85,1.14,0.17,-0.31581,-0.15977,-0.10772,-0.92905,-0.84,1.12,0.19,-0.52442,-0.16771,-0.13177,-0.82431,-0.83,1.1,0.2,-0.52442,-0.16771,-0.13177,-0.82431,-0.87,1.07,0.09,0.37961,-0.08088,-0.15737,-0.90807,-0.87,1.11,0.13,0.21292,-0.07619,-0.21695,-0.94963,-0.87,1.13,0.16,-0.27799,-0.1942,-0.18848,-0.92167,-0.86,1.12,0.18,-0.52118,-0.26112,-0.15121,-0.79832,-0.84,1.1,0.19,-0.52118,-0.26112,-0.15121,-0.79832,-0.88,1.07,0.09,0.31202,-0.03233,-0.39214,-0.86477,-0.88,1.09,0.13,0.22755,-0.08739,-0.29063,-0.92527,-0.88,1.11,0.16,-0.20718,-0.20067,-0.29582,-0.91066,-0.87,1.1,0.17,-0.41618,-0.3122,-0.24349,-0.81856,-0.86,1.09,0.18,-0.41618,-0.3122,-0.24349,-0.81856,-0.7,1.1,0.1,-0.45463,-0.14898,-0.10683,0.87161,-0.68,1.05,0.06,-0.45463,-0.14898,-0.10683,0.87161,-0.72,1.07,0.09,-0.48373,-0.11631,0.6149,0.61187,-0.74,1.09,0.1,-0.31245,0.04628,0.54958,0.77343,-0.75,1.11,0.13,-0.18331,0.09892,0.61398,0.76134,-0.76,1.12,0.15,-0.18331,0.09892,0.61398,0.76134,-0.71,1.08,0.09,-0.45463,-0.14898,-0.10683,0.87161,-0.72,1.13,0.11,-0.04897,-0.21246,0.07172,0.9733,-0.74,1.13,0.15,0.33508,-0.1729,0.12293,0.91799,-0.74,1.12,0.16,0.45034,-0.12813,0.1365,0.87301,-0.75,1.1,0.18,0.45034,-0.12813,0.1365,0.87301,-0.69,1.08,0.09,-0.45463,-0.14898,-0.10683,0.87161,-0.7,1.13,0.12,-0.10149,-0.17629,-0.05643,0.97746,-0.72,1.14,0.16,0.47066,-0.18133,0.04071,0.86252,-0.72,1.12,0.17,0.77706,-0.12887,0.03205,0.61526,-0.73,1.09,0.16,0.77706,-0.12887,0.03205,0.61526,-0.68,1.08,0.09,-0.45463,-0.14898,-0.10683,0.87161,-0.68,1.12,0.12,-0.18921,-0.15145,-0.14628,0.9591,-0.69,1.14,0.16,0.48349,-0.2366,-0.04894,0.84135,-0.7,1.12,0.17,0.82357,-0.24314,0.03131,0.5115,-0.71,1.1,0.16,0.82357,-0.24314,0.03131,0.5115,-0.67,1.08,0.1,-0.3783,-0.11797,-0.34494,0.85087,-0.67,1.11,0.13,-0.31392,-0.10783,-0.25947,0.90692,-0.67,1.13,0.15,0.37025,-0.27244,-0.20455,0.86421,-0.68,1.12,0.16,0.74171,-0.37524,-0.05517,0.55319,-0.69,1.1,0.16,0.74171,-0.37524,-0.05517,0.55319,-0.81,1.08,0.19
-0.8,1.46,-0.16,-0.8,1.46,-0.16,-0.85,1.1,0.11,0.36438,-0.07538,-0.13994,-0.91759,-0.86,1.06,0.06,0.36438,-0.07538,-0.13994,-0.91759,-0.82,1.07,0.09,0.44216,-0.16829,0.54696,-0.69066,-0.8,1.09,0.1,0.20334,0.00933,0.49729,-0.84337,-0.8,1.1,0.13,0.06742,0.04741,0.5662,-0.82014,-0.79,1.1,0.16,0.06742,0.04741,0.5662,-0.82014,-0.84,1.08,0.09,0.36438,-0.07538,-0.13994,-0.91759,-0.83,1.12,0.13,0.07229,-0.10001,-0.07402,-0.98959,-0.82,1.13,0.16,-0.35637,-0.12816,-0.04961,-0.92418,-0.82,1.11,0.18,-0.51969,-0.10792,-0.03347,-0.84685,-0.81,1.09,0.19,-0.51969,-0.10792,-0.03347,-0.84685,-0.85,1.07,0.09,0.36438,-0.07538,-0.13994,-0.91759,-0.85,1.12,0.13,0.11405,-0.08993,-0.13758,-0.97978,-0.85,1.13,0.17,-0.35235,-0.14607,-0.09301,-0.91971,-0.84,1.11,0.19,-0.55944,-0.14885,-0.12007,-0.8065,-0.83,1.09,0.2,-0.55944,-0.14885,-0.12007,-0.8065,-0.87,1.07,0.09,0.36438,-0.07538,-0.13994,-0.91759,-0.87,1.11,0.13,0.17891,-0.07241,-0.19781,-0.96105,-0.87,1.12,0.17,-0.3101,-0.17972,-0.17514,-0.91699,-0.86,1.11,0.18,-0.55273,-0.24305,-0.14286,-0.78422,-0.84,1.09,0.19,-0.55273,-0.24305,-0.14286,-0.78422,-0.88,1.07,0.09,0.30069,-0.0222,-0.3752,-0.87654,-0.88,1.09,0.13,0.20326,-0.08195,-0.27327,-0.93664,-0.88,1.11,0.16,-0.23446,-0.18666,-0.28266,-0.9112,-0.87,1.1,0.17,-0.44843,-0.29674,-0.23401,-0.81,-0.86,1.09,0.18,-0.44843,-0.29674,-0.23401,-0.81,-0.7,1.1,0.1,-0.47615,-0.14954,-0.12673,0.85724,-0.68,1.05,0.07,-0.47615,-0.14954,-0.12673,0.85724,-0.72,1.08,0.09,-0.48081,-0.1154,0.62122,0.60794,-0.74,1.09,0.1,-0.29336,0.06211,0.55577,0.77538,-0.75,1.11,0.13,-0.1477,0.12568,0.61372,0.76534,-0.75,1.12,0.15,-0.1477,0.12568,0.61372,0.76534,-0.71,1.08,0.09,-0.47615,-0.14954,-0.12673,0.85724,-0.72,1.13,0.11,-0.04973,-0.20862,0.049,0.9755,-0.74,1.13,0.14,0.36102,-0.17522,0.10551,0.90985,-0.74,1.12,0.16,0.48301,-0.13145,0.1216,0.85711,-0.74,1.1,0.17,0.48301,-0.13145,0.1216,0.85711,-0.69,1.08,0.09,-0.47615,-0.14954,-0.12673,0.85724,-0.7,1.13,0.11,-0.10068,-0.18604,-0.06999,0.97486,-0.71,1.14,0.15,0.49066,-0.19608,0.03978,0.84807,-0.72,1.12,0.16,0.80938,-0.13744,0.04016,0.56956,-0.72,1.09,0.16,0.80938,-0.13744,0.04016,0.56956,-0.68,1.08,0.09,-0.47615,-0.14954,-0.12673,0.85724,-0.68,1.12,0.12,-0.2046,-0.16198,-0.16313,0.95147,-0.69,1.14,0.15,0.49102,-0.25719,-0.04747,0.83096,-0.7,1.12,0.16,0.84129,-0.25687,0.04895,0.47313,-0.71,1.1,0.15,0.84129,-0.25687,0.04895,0.47313,-0.67,1.07,0.1,-0.39649,-0.12535,-0.36424,0.83331,-0.67,1.11,0.13,-0.34444,-0.115,-0.27884,0.88903,-0.67,1.13,0.15,0.35597,-0.29761,-0.2073,0.86124,-0.68,1.12,0.16,0.75011,-0.39838,-0.02946,0.52703,-0.69,1.1,0.15,0.75011,-0.39838,-0.02946,0.52703,-0.81,1.08,0.19
-0.8,1.46,-0.16,-0.8,1.46,-0.16,-0.85,1.1,0.11,0.35586,-0.06978,-0.14184,-0.92107,-0.86,1.06,0.06,0.35586,-0.06978,-0.14184,-0.92107,-0.82,1.07,0.09,0.43463,-0.15999,0.54387,-0.69979,-0.8,1.09,0.11,0.19199,0.01822,0.49137,-0.84933,-0.8,1.1,0.14,0.05179,0.05644,0.55863,-0.82587,-0.8,1.1,0.16,0.05179,0.05644,0.55863,-0.82587,-0.84,1.08,0.09,0.35586,-0.06978,-0.14184,-0.92107,-0.83,1.12,0.13,0.05969,-0.09514,-0.07748,-0.99065,-0.83,1.12,0.16,-0.36644,-0.12481,-0.05512,-0.92039,-0.82,1.11,0.18,-0.53242,-0.10573,-0.03869,-0.83896,-0.81,1.09,0.19,-0.53242,-0.10573,-0.03869,-0.83896,-0.85,1.07,0.09,0.35586,-0.06978,-0.14184,-0.92107,-0.85,1.12,0.13,0.09749,-0.0876,-0.13882,-0.98161,-0.85,1.13,0.17,-0.3586,-0.14341,-0.09667,-0.91733,-0.84,1.11,0.19,-0.56331,-0.14654,-0.12425,-0.8036,-0.83,1.09,0.2,-0.56331,-0.14654,-0.12425,-0.8036,-0.87,1.07,0.09,0.35586,-0.06978,-0.14184,-0.92107,-0.87,1.11,0.13,0.16682,-0.06874,-0.1994,-0.96316,-0.87,1.12,0.17,-0.3094,-0.17453,-0.18061,-0.91717,-0.86,1.11,0.19,-0.54986,-0.23936,-0.15,-0.78605,-0.84,1.09,0.19,-0.54986,-0.23936,-0.15,-0.78605,-0.88,1.07,0.09,0.29327,-0.01455,-0.37667,-0.87858,-0.88,1.09,0.13,0.19622,-0.07701,-0.27502,-0.93805,-0.88,1.1,0.16,-0.23536,-0.18072,-0.28719,-0.91075,-0.87,1.1,0.18,-0.44873,-0.2921,-0.24004,-0.80975,-0.86,1.09,0.19,-0.44873,-0.2921,-0.24004,-0.80975,-0.7,1.11,0.1,-0.48881,-0.15261,-0.1304,0.84898,-0.68,1.05,0.07,-0.48881,-0.15261,-0.1304,0.84898,-0.72,1.08,0.09,-0.47533,-0.11601,0.63256,0.6004,-0.75,1.09,0.1,-0.28102,0.07246,0.56735,0.77064,-0.75,1.11,0.13,-0.11575,0.15233,0.6174,0.76303,-0.75,1.12,0.15,-0.11575,0.15233,0.6174,0.76303,-0.71,1.08,0.09,-0.48881,-0.15261,-0.1304,0.84898,-0.72,1.13,0.11,-0.05126,-0.20336,0.03926,0.97697,-0.74,1.13,0.14,0.39001,-0.17128,0.10022,0.89917,-0.74,1.12,0.16,0.53292,-0.12511,0.12061,0.82813,-0.74,1.1,0.17,0.53292,-0.12511,0.12061,0.82813,-0.69,1.08,0.09,-0.48881,-0.15261,-0.1304,0.84898,-0.7,1.13,0.11,-0.09837,-0.19069,-0.07004,0.9742,-0.71,1.14,0.15,0.50331,-0.19926,0.04507,0.83961,-0.72,1.12,0.16,0.82772,-0.13475,0.04817,0.54259,-0.72,1.1,0.15,0.82772,-0.13475,0.04817,0.54259,-0.68,1.08,0.09,-0.48881,-0.15261,-0.1304,0.84898,-0.68,1.12,0.12,-0.21433,-0.16822,-0.16493,0.94793,-0.69,1.14,0.15,0.49007,-0.26367,-0.04181,0.82979,-0.7,1.12,0.16,0.84806,-0.25773,0.06071,0.45901,-0.71,1.1,0.15,0.84806,-0.25773,0.06071,0.45901,-0.67,1.07,0.1,-0.40774,-0.13217,-0.36781,0.82522,-0.67,1.11,0.13,-0.37291,-0.11765,-0.28294,0.87581,-0.67,1.13,0.15,0.33658,-0.30708,-0.20445,0.86638,-0.68,1.12,0.16,0.74889,-0.40465,-0.01268,0.52466,-0.69,1.11,0.15,0.74889,-0.40465,-0.01268,0.52466,-0.81,1.08,0.19
-0.79,1.46,-0.16,-0.79,1.46,-0.16,-0.85,1.1,0.11,0.34907,-0.06284,-0.15066,-0.92277,-0.86,1.06,0.06,0.34907,-0.06284,-0.15066,-0.92277,-0.83,1.07,0.09,0.43023,-0.14961,0.53517,-0.71142,-0.8,1.09,0.11,0.18298,0.02689,0.47913,-0.85804,-0.8,1.1,0.14,0.04215,0.06194,0.54572,-0.83461,-0.8,1.1,0.16,0.04215,0.06194,0.54572,-0.83461,-0.84,1.08,0.09,0.34907,-0.06284,-0.15066,-0.92277,-0.83,1.12,0.13,0.0488,-0.09279,-0.08677,-0.9907,-0.83,1.12,0.17,-0.36849,-0.12576,-0.06566,-0.91874,-0.82,1.11,0.18,-0.53356,-0.10854,-0.04892,-0.83734,-0.82,1.09,0.19,-0.53356,-0.10854,-0.04892,-0.83734,-0.85,1.07,0.09,0.34907,-0.06284,-0.15066,-0.92277,-0.86,1.12,0.13,0.08866,-0.08569,-0.14733,-0.98137,-0.85,1.13,0.17,-0.34689,-0.1432,-0.10814,-0.92058,-0.84,1.11,0.19,-0.54666,-0.14912,-0.13606,-0.81266,-0.83,1.09,0.2,-0.54666,-0.14912,-0.13606,-0.81266,-0.87,1.07,0.09,0.34907,-0.06284,-0.15066,-0.92277,-0.87,1.11,0.13,0.16255,-0.06467,-0.20814,-0.96233,-0.87,1.12,0.17,-0.30087,-0.17258,-0.19218,-0.91802,-0.86,1.11,0.19,-0.53715,-0.24022,-0.16239,-0.79208,-0.85,1.09,0.2,-0.53715,-0.24022,-0.16239,-0.79208,-0.88,1.07,0.09,0.28686,-0.00635,-0.38473,-0.8773,-0.89,1.09,0.13,0.19494,-0.07117,-0.28361,-0.93622,-0.89,1.1,0.16,-0.22789,-0.17669,-0.29841,-0.90984,-0.88,1.1,0.18,-0.43999,-0.29083,-0.25179,-0.81144,-0.86,1.08,0.19,-0.43999,-0.29083,-0.25179,-0.81144,-0.7,1.1,0.1,-0.4824,-0.15748,-0.11506,0.85396,-0.69,1.05,0.07,-0.4824,-0.15748,-0.11506,0.85396,-0.72,1.07,0.09,-0.45831,-0.12989,0.65142,0.59054,-0.75,1.09,0.11,-0.26596,0.06743,0.59095,0.75861,-0.75,1.1,0.13,-0.08419,0.16619,0.63435,0.75026,-0.75,1.11,0.16,-0.08419,0.16619,0.63435,0.75026,-0.71,1.08,0.09,-0.4824,-0.15748,-0.11506,0.85396,-0.72,1.13,0.11,-0.0315,-0.19508,0.04944,0.97903,-0.74,1.13,0.14,0.44657,-0.1542,0.11239,0.87416,-0.74,1.11,0.16,0.61299,-0.10139,0.13599,0.77167,-0.74,1.09,0.16,0.61299,-0.10139,0.13599,0.77167,-0.7,1.08,0.09,-0.4824,-0.15748,-0.11506,0.85396,-0.7,1.13,0.11,-0.06773,-0.18859,-0.05135,0.97837,-0.72,1.14,0.15,0.54092,-0.18528,0.06103,0.81814,-0.72,1.11,0.16,0.85801,-0.11017,0.05844,0.49827,-0.72,1.09,0.15,0.85801,-0.11017,0.05844,0.49827,-0.68,1.08,0.09,-0.4824,-0.15748,-0.11506,0.85396,-0.69,1.12,0.12,-0.198,-0.16906,-0.14742,0.95419,-0.7,1.14,0.15,0.50729,-0.25186,-0.02884,0.82365,-0.71,1.12,0.16,0.8629,-0.23946,0.067,0.43998,-0.71,1.1,0.15,0.8629,-0.23946,0.067,0.43998,-0.67,1.07,0.1,-0.4026,-0.13458,-0.353,0.83378,-0.67,1.11,0.13,-0.375,-0.1176,-0.26783,0.87967,-0.67,1.13,0.15,0.34412,-0.29823,-0.19195,0.86937,-0.68,1.12,0.16,0.76196,-0.39028,-0.00429,0.51681,-0.69,1.1,0.15,0.76196,-0.39028,-0.00429,0.51681,-0.81,1.08,0.19
-0.79,1.46,-0.16,-0.79,1.46,-0.16,-0.85,1.1,0.11,0.34214,-0.06487,-0.15421,-0.92464,-0.86,1.06,0.06,0.34214,-0.06487,-0.15421,-0.92464,-0.83,1.07,0.09,0.42503,-0.15254,0.53342,-0.71522,-0.8,1.09,0.11,0.17552,0.02472,0.47838,-0.86008,-0.8,1.1,0.14,0.03894,0.05625,0.54571,-0.83518,-0.8,1.1,0.16,0.03894,0.05625,0.54571,-0.83518,-0.84,1.08,0.09,0.34214,-0.06487,-0.15421,-0.92464,-0.83,1.12,0.13,0.03931,-0.09758,-0.08821,-0.99053,-0.83,1.12,0.17,-0.36804,-0.12981,-0.06633,-0.91831,-0.82,1.11,0.18,-0.53013,-0.11245,-0.04931,-0.83898,-0.81,1.09,0.19,-0.53013,-0.11245,-0.04931,-0.83898,-0.85,1.07,0.09,0.34214,-0.06487,-0.15421,-0.92464,-0.85,1.12,0.13,0.07678,-0.09127,-0.14827,-0.98173,-0.85,1.12,0.17,-0.34639,-0.14715,-0.1084,-0.92011,-0.84,1.11,0.19,-0.54011,-0.15243,-0.13597,-0.81643,-0.83,1.09,0.2,-0.54011,-0.15243,-0.13597,-0.81643,-0.87,1.07,0.09,0.34214,-0.06487,-0.15421,-0.92464,-0.87,1.11,0.13,0.15587,-0.06857,-0.21009,-0.96274,-0.87,1.12,0.17,-0.30176,-0.17559,-0.19311,-0.91696,-0.86,1.1,0.19,-0.53462,-0.24285,-0.16317,-0.79283,-0.84,1.09,0.2,-0.53462,-0.24285,-0.16317,-0.79283,-0.88,1.07,0.09,0.2792,-0.00669,-0.38754,-0.87853,-0.89,1.09,0.13,0.19183,-0.0729,-0.28606,-0.93598,-0.88,1.1,0.16,-0.23057,-0.17899,-0.29984,-0.90824,-0.88,1.09,0.18,-0.44231,-0.29341,-0.25264,-0.80898,-0.86,1.08,0.19,-0.44231,-0.29341,-0.25264,-0.80898,-0.7,1.1,0.11,-0.44722,-0.15887,-0.11325,0.87289,-0.69,1.05,0.07,-0.44722,-0.15887,-0.11325,0.87289,-0.72,1.07,0.09,-0.43586,-0.16475,0.65039,0.5999,-0.75,1.08,0.11,-0.24243,0.03352,0.60092,0.76092,-0.76,1.09,0.14,-0.05376,0.14106,0.64725,0.74718,-0.75,1.1,0.16,-0.05376,0.14106,0.64725,0.74718,-0.71,1.08,0.09,-0.44722,-0.15887,-0.11325,0.87289,-0.73,1.13,0.12,-0.04002,-0.19901,0.03781,0.97845,-0.74,1.13,0.15,0.42133,-0.16545,0.10083,0.88597,-0.75,1.11,0.16,0.5962,-0.11415,0.12702,0.78446,-0.75,1.09,0.17,0.5962,-0.11415,0.12702,0.78446,-0.7,1.08,0.09,-0.44722,-0.15887,-0.11325,0.87289,-0.71,1.13,0.12,-0.02468,-0.18806,-0.04906,0.98062,-0.72,1.13,0.16,0.57166,-0.18331,0.06124,0.7974,-0.73,1.1,0.17,0.87583,-0.10556,0.05884,0.46725,-0.73,1.08,0.15,0.87583,-0.10556,0.05884,0.46725,-0.68,1.08,0.1,-0.44722,-0.15887,-0.11325,0.87289,-0.69,1.12,0.13,-0.15618,-0.1659,-0.145,0.96284,-0.7,1.13,0.16,0.53465,-0.24611,-0.03299,0.80777,-0.71,1.11,0.17,0.87659,-0.23586,0.05952,0.41523,-0.71,1.09,0.15,0.87659,-0.23586,0.05952,0.41523,-0.68,1.07,0.1,-0.36816,-0.12595,-0.3502,0.85203,-0.67,1.1,0.13,-0.34863,-0.1081,-0.2651,0.89246,-0.67,1.12,0.15,0.36678,-0.28622,-0.19873,0.86259,-0.69,1.11,0.17,0.7767,-0.3839,-0.01756,0.49905,-0.7,1.1,0.16,0.7767,-0.3839,-0.01756,0.49905,-0.81,1.08,0.19
-0.79,1.46,-0.16,-0.79,1.46,-0.16,-0.85,1.09,0.11,0.33183,-0.06483,-0.15028,-0.92903,-0.86,1.06,0.06,0.33183,-0.06483,-0.15028,-0.92903,-0.83,1.07,0.09,0.41343,-0.15916,0.53808,-0.71709,-0.8,1.09,0.11,0.16318,0.02127,0.48525,-0.85875,-0.8,1.1,0.14,0.03476,0.04755,0.55336,-0.83086,-0.8,1.1,0.16,0.03476,0.04755,0.55336,-0.83086,-0.84,1.08,0.09,0.33183,-0.06483,-0.15028,-0.92903,-0.83,1.12,0.13,0.01742,-0.0974,-0.08312,-0.99161,-0.83,1.12,0.17,-0.38565,-0.12683,-0.06227,-0.91176,-0.82,1.1,0.18,-0.5424,-0.10838,-0.04591,-0.83183,-0.81,1.08,0.19,-0.5424,-0.10838,-0.04591,-0.83183,-0.85,1.07,0.09,0.33183,-0.06483,-0.15028,-0.92903,-0.85,1.12,0.13,0.0516,-0.09332,-0.14214,-0.98409,-0.85,1.12,0.17,-0.36561,-0.14558,-0.10275,-0.91355,-0.84,1.1,0.19,-0.55252,-0.14798,-0.13095,-0.80974,-0.83,1.08,0.2,-0.55252,-0.14798,-0.13095,-0.80974,-0.87,1.07,0.09,0.33183,-0.06483,-0.15028,-0.92903,-0.87,1.1,0.13,0.13452,-0.07061,-0.20449,-0.96701,-0.87,1.11,0.17,-0.32086,-0.17362,-0.18798,-0.91191,-0.86,1.1,0.19,-0.54956,-0.23877,-0.15973,-0.78451,-0.84,1.08,0.2,-0.54956,-0.23877,-0.15973,-0.78451,-0.88,1.07,0.09,0.2697,-0.00383,-0.38321,-0.8834,-0.89,1.09,0.13,0.17804,-0.07275,-0.28167,-0.94004,-0.88,1.1,0.16,-0.24862,-0.17717,-0.29533,-0.90531,-0.87,1.09,0.18,-0.46044,-0.29073,-0.24922,-0.80085,-0.86,1.08,0.19,-0.46044,-0.29073,-0.24922,-0.80085,-0.7,1.1,0.11,-0.40577,-0.16673,-0.12134,0.89041,-0.69,1.05,0.07,-0.40577,-0.16673,-0.12134,0.89041,-0.73,1.07,0.09,-0.4433,-0.21748,0.61855,0.61122,-0.75,1.08,0.11,-0.25841,-0.04038,0.58373,0.76867,-0.76,1.09,0.14,-0.08623,0.05602,0.64878,0.754,-0.77,1.1,0.16,-0.08623,0.05602,0.64878,0.754,-0.72,1.08,0.09,-0.40577,-0.16673,-0.12134,0.89041,-0.73,1.12,0.12,-0.12617,-0.21778,0.00255,0.96781,-0.75,1.13,0.16,0.21124,-0.20936,0.0504,0.95342,-0.75,1.12,0.17,0.34248,-0.17435,0.06745,0.92074,-0.76,1.11,0.19,0.34248,-0.17435,0.06745,0.92074,-0.7,1.07,0.1,-0.40577,-0.16673,-0.12134,0.89041,-0.71,1.12,0.13,-0.08605,-0.19214,-0.07354,0.97482,-0.72,1.13,0.17,0.39279,-0.20653,0.01477,0.89602,-0.73,1.11,0.18,0.67733,-0.1734,0.01027,0.71488,-0.74,1.09,0.18,0.67733,-0.1734,0.01027,0.71488,-0.68,1.07,0.1,-0.40577,-0.16673,-0.12134,0.89041,-0.69,1.11,0.13,-0.18401,-0.15945,-0.16313,0.95609,-0.7,1.13,0.17,0.39865,-0.24749,-0.07978,0.87947,-0.71,1.11,0.18,0.7268,-0.27412,-0.00351,0.62977,-0.72,1.09,0.18,0.7268,-0.27412,-0.00351,0.62977,-0.68,1.07,0.11,-0.32495,-0.12267,-0.35571,0.86766,-0.68,1.1,0.14,-0.34228,-0.09866,-0.27143,0.89411,-0.68,1.12,0.16,0.28737,-0.26354,-0.23212,0.89112,-0.69,1.11,0.18,0.66332,-0.38061,-0.0902,0.63797,-0.7,1.1,0.17,0.66332,-0.38061,-0.0902,0.63797,-0.81,1.08,0.19
-0.79,1.46,-0.16,-0.79,1.46,-0.16,-0.85,1.09,0.11,0.33184,-0.06497,-0.15032,-0.92901,-0.86,1.06,0.06,0.33184,-0.06497,-0.15032,-0.92901,-0.83,1.07,0.09,0.41114,-0.15715,0.54017,-0.71728,-0.8,1.09,0.11,0.16443,0.02217,0.48651,-0.85778,-0.8,1.1,0.14,0.04007,0.046,0.55506,-0.82957,-0.8,1.1,0.16,0.04007,0.046,0.55506,-0.82957,-0.84,1.08,0.09,0.33184,-0.06497,-0.15032,-0.92901,-0.83,1.12,0.13,-0.01194,-0.09978,-0.07939,-0.99177,-0.83,1.12,0.17,-0.41653,-0.127,-0.05746,-0.89837,-0.82,1.1,0.18,-0.56989,-0.10746,-0.04028,-0.81367,-0.81,1.08,0.19,-0.56989,-0.10746,-0.04028,-0.81367,-0.85,1.07,0.09,0.33184,-0.06497,-0.15032,-0.92901,-0.85,1.12,0.13,0.0306,-0.09663,-0.13988,-0.98497,-0.85,1.12,0.17,-0.38799,-0.14769,-0.09888,-0.90436,-0.84,1.1,0.19,-0.57333,-0.14781,-0.1263,-0.79592,-0.83,1.08,0.2,-0.57333,-0.14781,-0.1263,-0.79592,-0.87,1.07,0.09,0.33184,-0.06497,-0.15032,-0.92901,-0.87,1.1,0.13,0.11516,-0.07472,-0.20292,-0.96953,-0.87,1.11,0.17,-0.34059,-0.17602,-0.18486,-0.9049,-0.86,1.1,0.19,-0.56748,-0.23981,-0.1564,-0.77201,-0.84,1.08,0.2,-0.56748,-0.23981,-0.1564,-0.77201,-0.88,1.07,0.09,0.26967,-0.00397,-0.38323,-0.8834,-0.89,1.09,0.13,0.16662,-0.0766,-0.28123,-0.94195,-0.88,1.1,0.16,-0.2709,-0.18296,-0.29151,-0.89898,-0.87,1.09,0.18,-0.48618,-0.29665,-0.24324,-0.78515,-0.86,1.08,0.19,-0.48618,-0.29665,-0.24324,-0.78515,-0.71,1.09,0.12,-0.35101,-0.19333,-0.11537,0.9089,-0.69,1.05,0.07,-0.35101,-0.19333,-0.11537,0.9089,-0.73,1.07,0.09,-0.45491,-0.27157,0.58011,0.61869,-0.76,1.07,0.11,-0.26649,-0.10742,0.56029,0.77687,-0.77,1.08,0.13,-0.12459,-0.03509,0.64073,0.75678,-0.78,1.09,0.16,-0.12459,-0.03509,0.64073,0.75678,-0.72,1.07,0.09,-0.35101,-0.19333,-0.11537,0.9089,-0.74,1.11,0.13,-0.09542,-0.24333,0.00578,0.96522,-0.75,1.12,0.16,0.23073,-0.23212,0.05971,0.94304,-0.76,1.11,0.18,0.35939,-0.19561,0.08016,0.90893,-0.77,1.1,0.19,0.35939,-0.19561,0.08016,0.90893,-0.7,1.07,0.1,-0.35101,-0.19333,-0.11537,0.9089,-0.71,1.12,0.14,-0.13466,-0.19859,-0.08771,0.96682,-0.73,1.13,0.17,0.29657,-0.2196,-0.00617,0.9294,-0.74,1.11,0.19,0.53015,-0.20365,-0.01663,0.82292,-0.75,1.09,0.2,0.53015,-0.20365,-0.01663,0.82292,-0.69,1.07,0.1,-0.35101,-0.19333,-0.11537,0.9089,-0.7,1.11,0.14,-0.19841,-0.16162,-0.16621,0.95231,-0.71,1.12,0.17,0.31965,-0.24572,-0.09715,0.90995,-0.72,1.11,0.19,0.60283,-0.28407,-0.03827,0.7446,-0.73,1.09,0.2,0.60283,-0.28407,-0.03827,0.7446,-0.68,1.07,0.11,-0.26693,-0.13438,-0.34558,0.88953,-0.68,1.09,0.15,-0.28987,-0.12016,-0.25874,0.91356,-0.68,1.11,0.17,0.25559,-0.24823,-0.23105,0.90536,-0.69,1.1,0.18,0.55568,-0.35665,-0.13475,0.73883,-0.71,1.09,0.19,0.55568,-0.35665,-0.13475,0.73883,-0.81,1.08,0.19
-0.79,1.46,-0.16,-0.79,1.46,-0.16,-0.85,1.1,0.11,0.337,-0.06491,-0.15527,-0.92634,-0.86,1.06,0.06,0.337,-0.06491,-0.15527,-0.92634,-0.83,1.07,0.09,0.416,-0.15192,0.53704,-0.71795,-0.8,1.09,0.11,0.17247,0.02379,0.48149,-0.85899,-0.8,1.1,0.14,0.04863,0.0472,0.55051,-0.83207,-0.8,1.1,0.16,0.04863,0.0472,0.55051,-0.83207,-0.84,1.08,0.09,0.337,-0.06491,-0.15527,-0.92634,-0.83,1.12,0.13,-0.02862,-0.10299,-0.08126,-0.99095,-0.83,1.12,0.17,-0.4419,-0.13094,-0.05635,-0.88566,-0.82,1.1,0.18,-0.59514,-0.11115,-0.03732,-0.79502,-0.81,1.08,0.19,-0.59514,-0.11115,-0.03732,-0.79502,-0.85,1.07,0.09,0.337,-0.06491,-0.15527,-0.92634,-0.85,1.12,0.13,0.01876,-0.10028,-0.14314,-0.98443,-0.85,1.12,0.17,-0.40529,-0.15296,-0.09917,-0.89583,-0.84,1.1,0.19,-0.59529,-0.15241,-0.12448,-0.77904,-0.83,1.08,0.2,-0.59529,-0.15241,-0.12448,-0.77904,-0.87,1.07,0.09,0.337,-0.06491,-0.15527,-0.92634,-0.87,1.1,0.13,0.10695,-0.0786,-0.20687,-0.96932,-0.87,1.11,0.17,-0.35466,-0.18226,-0.18549,-0.89811,-0.86,1.1,0.19,-0.5864,-0.24655,-0.15392,-0.75608,-0.84,1.08,0.19,-0.5864,-0.24655,-0.15392,-0.75608,-0.88,1.07,0.09,0.27404,-0.00545,-0.38821,-0.87987,-0.89,1.09,0.13,0.16466,-0.07947,-0.28615,-0.94058,-0.88,1.1,0.16,-0.29336,-0.19408,-0.29103,-0.88971,-0.87,1.09,0.18,-0.52351,-0.31182,-0.23448,-0.75745,-0.86,1.08,0.18,-0.52351,-0.31182,-0.23448,-0.75745,-0.71,1.09,0.12,-0.30635,-0.19408,-0.09337,0.92724,-0.69,1.05,0.07,-0.30635,-0.19408,-0.09337,0.92724,-0.73,1.06,0.09,-0.4285,-0.29871,0.57834,0.62665,-0.75,1.07,0.11,-0.23881,-0.13293,0.56618,0.77765,-0.77,1.08,0.14,-0.1081,-0.06923,0.64919,0.74972,-0.78,1.08,0.16,-0.1081,-0.06923,0.64919,0.74972,-0.72,1.07,0.1,-0.30635,-0.19408,-0.09337,0.92724,-0.74,1.11,0.13,-0.04784,-0.23093,0.01883,0.97161,-0.75,1.11,0.17,0.29686,-0.21348,0.07226,0.92794,-0.76,1.09,0.18,0.42911,-0.17402,0.09338,0.8814,-0.77,1.08,0.2,0.42911,-0.17402,0.09338,0.8814,-0.7,1.07,0.1,-0.30635,-0.19408,-0.09337,0.92724,-0.72,1.11,0.14,-0.08456,-0.18704,-0.06853,0.9763,-0.73,1.12,0.18,0.3593,-0.20017,0.00895,0.91146,-0.74,1.1,0.2,0.57402,-0.17747,-0.00762,0.79935,-0.75,1.08,0.2,0.57402,-0.17747,-0.00762,0.79935,-0.68,1.07,0.11,-0.30635,-0.19408,-0.09337,0.92724,-0.7,1.1,0.15,-0.15317,-0.151,-0.14408,0.96591,-0.71,1.11,0.18,0.37039,-0.22405,-0.08364,0.89756,-0.72,1.1,0.2,0.63214,-0.25807,-0.03783,0.72964,-0.73,1.07,0.2,0.63214,-0.25807,-0.03783,0.72964,-0.68,1.06,0.11,-0.22629,-0.12288,-0.3218,0.91112,-0.68,1.09,0.15,-0.24753,-0.11225,-0.23376,0.93353,-0.68,1.1,0.17,0.29928,-0.22425,-0.21549,0.90206,-0.7,1.09,0.19,0.57242,-0.32518,-0.14022,0.73955,-0.71,1.08,0.19,0.57242,-0.32518,-0.14022,0.73955,-0.81,1.08,0.19
-0.79,1.46,-0.16,-0.79,1.46,-0.16,-0.85,1.1,0.11,0.34092,-0.06646,-0.16076,-0.92386,-0.86,1.06,0.06,0.34092,-0.06646,-0.16076,-0.92386,-0.83,1.08,0.09,0.41999,-0.14899,0.53406,-0.71847,-0.8,1.09,0.11,0.17844,0.02402,0.47745,-0.86002,-0.8,1.1,0.14,0.05357,0.04808,0.54672,-0.83421,-0.8,1.1,0.16,0.05357,0.04808,0.54672,-0.83421,-0.84,1.08,0.09,0.34092,-0.06646,-0.16076,-0.92386,-0.83,1.12,0.13,-0.03681,-0.10762,-0.08391,-0.98996,-0.83,1.12,0.16,-0.45453,-0.1364,-0.05598,-0.87844,-0.82,1.1,0.18,-0.60929,-0.11658,-0.03508,-0.78355,-0.81,1.08,0.18,-0.60929,-0.11658,-0.03508,-0.78355,-0.85,1.08,0.09,0.34092,-0.06646,-0.16076,-0.92386,-0.86,1.12,0.13,0.01288,-0.10506,-0.14678,-0.98349,-0.85,1.12,0.17,-0.41349,-0.15912,-0.09985,-0.89092,-0.84,1.1,0.19,-0.60992,-0.15859,-0.12281,-0.76666,-0.83,1.08,0.19,-0.60992,-0.15859,-0.12281,-0.76666,-0.87,1.07,0.09,0.34092,-0.06646,-0.16076,-0.92386,-0.87,1.11,0.13,0.10439,-0.08269,-0.2115,-0.96826,-0.87,1.11,0.17,-0.3638,-0.18935,-0.18632,-0.89279,-0.86,1.1,0.19,-0.60297,-0.25455,-0.15057,-0.74092,-0.84,1.08,0.19,-0.60297,-0.25455,-0.15057,-0.74092,-0.88,1.07,0.09,0.27678,-0.0082,-0.39353,-0.87662,-0.89,1.09,0.13,0.16462,-0.08206,-0.29173,-0.93865,-0.88,1.1,0.16,-0.30899,-0.204,-0.29173,-0.88193,-0.87,1.09,0.17,-0.55281,-0.32571,-0.22664,-0.73277,-0.86,1.08,0.18,-0.55281,-0.32571,-0.22664,-0.73277,-0.71,1.09,0.12,-0.28313,-0.18791,-0.07841,0.93722,-0.69,1.05,0.07,-0.28313,-0.18791,-0.07841,0.93722,-0.73,1.06,0.1,-0.41059,-0.30738,0.58025,0.63265,-0.75,1.07,0.11,-0.22338,-0.14202,0.56971,0.77805,-0.77,1.07,0.14,-0.10047,-0.08499,0.65306,0.74578,-0.78,1.07,0.16,-0.10047,-0.08499,0.65306,0.74578,-0.72,1.07,0.1,-0.28313,-0.18791,-0.07841,0.93722,-0.74,1.1,0.14,-0.04832,-0.21972,0.02226,0.97411,-0.75,1.1,0.17,0.30519,-0.20115,0.07333,0.92791,-0.76,1.09,0.19,0.44339,-0.16093,0.09415,0.87672,-0.77,1.07,0.2,0.44339,-0.16093,0.09415,0.87672,-0.7,1.07,0.1,-0.28313,-0.18791,-0.07841,0.93722,-0.72,1.1,0.14,-0.0644,-0.17382,-0.05716,0.98101,-0.73,1.11,0.18,0.382,-0.18298,0.01374,0.90576,-0.74,1.09,0.2,0.59106,-0.15831,-0.00708,0.79091,-0.75,1.07,0.21,0.59106,-0.15831,-0.00708,0.79091,-0.68,1.07,0.11,-0.28313,-0.18791,-0.07841,0.93722,-0.7,1.1,0.15,-0.13,-0.13627,-0.13072,0.97337,-0.71,1.11,0.18,0.3947,-0.20379,-0.08022,0.89232,-0.72,1.09,0.2,0.65091,-0.23717,-0.04208,0.71993,-0.73,1.07,0.2,0.65091,-0.23717,-0.04208,0.71993,-0.68,1.06,0.11,-0.20701,-0.11043,-0.30624,0.92259,-0.68,1.08,0.15,-0.22717,-0.0945,-0.21893,0.94421,-0.68,1.1,0.18,0.32754,-0.20115,-0.2117,0.89858,-0.69,1.09,0.19,0.59823,-0.30208,-0.14561,0.72778,-0.71,1.07,0.19,0.59823,-0.30208,-0.14561,0.72778,-0.81,1.08,0.19
-0.79,1.46,-0.16,-0.79,1.46,-0.16,-0.85,1.1,0.11,0.34498,-0.06822,-0.16169,-0.92206,-0.86,1.06,0.06,0.34498,-0.06822,-0.16169,-0.92206,-0.83,1.08,0.09,0.42211,-0.14816,0.53542,-0.71638,-0.8,1.09,0.11,0.18175,0.02468,0.47853,-0.8587,-0.8,1.1,0.14,0.05152,0.0527,0.54701,-0.83388,-0.8,1.11,0.16,0.05152,0.0527,0.54701,-0.83388,-0.84,1.08,0.09,0.34498,-0.06822,-0.16169,-0.92206,-0.83,1.12,0.13,-0.03002,-0.10941,-0.08435,-0.98996,-0.83,1.12,0.16,-0.44945,-0.13844,-0.05542,-0.88077,-0.82,1.1,0.18,-0.60716,-0.11867,-0.0339,-0.78494,-0.81,1.08,0.18,-0.60716,-0.11867,-0.0339,-0.78494,-0.85,1.08,0.09,0.34498,-0.06822,-0.16169,-0.92206,-0.86,1.12,0.13,0.01591,-0.10725,-0.147,-0.98318,-0.85,1.12,0.17,-0.41216,-0.1614,-0.09882,-0.89124,-0.84,1.1,0.19,-0.61431,-0.1611,-0.12071,-0.76296,-0.83,1.08,0.19,-0.61431,-0.1611,-0.12071,-0.76296,-0.87,1.07,0.09,0.34498,-0.06822,-0.16169,-0.92206,-0.87,1.11,0.13,0.10611,-0.08468,-0.21228,-0.96773,-0.87,1.12,0.17,-0.36737,-0.19258,-0.18501,-0.89091,-0.85,1.1,0.19,-0.61291,-0.25808,-0.14661,-0.73228,-0.84,1.08,0.19,-0.61291,-0.25808,-0.14661,-0.73228,-0.88,1.07,0.09,0.28026,-0.01102,-0.39458,-0.87501,-0.89,1.09,0.13,0.16652,-0.08215,-0.29362,-0.93772,-0.88,1.1,0.16,-0.31965,-0.20911,-0.29092,-0.87719,-0.87,1.09,0.17,-0.57193,-0.33289,-0.22055,-0.71654,-0.86,1.08,0.18,-0.57193,-0.33289,-0.22055,-0.71654,-0.71,1.09,0.12,-0.30126,-0.1837,-0.09409,0.93094,-0.69,1.06,0.07,-0.30126,-0.1837,-0.09409,0.93094,-0.73,1.06,0.09,-0.42986,-0.28277,0.56968,0.64088,-0.75,1.07,0.11,-0.2443,-0.12479,0.55067,0.78836,-0.77,1.08,0.14,-0.12473,-0.07377,0.63376,0.75983,-0.78,1.08,0.16,-0.12473,-0.07377,0.63376,0.75983,-0.72,1.07,0.1,-0.30126,-0.1837,-0.09409,0.93094,-0.74,1.11,0.14,-0.06249,-0.22006,0.00866,0.97344,-0.75,1.11,0.17,0.29157,-0.20666,0.06077,0.93198,-0.76,1.1,0.19,0.4297,-0.16851,0.08192,0.88332,-0.76,1.08,0.2,0.4297,-0.16851,0.08192,0.88332,-0.7,1.07,0.1,-0.30126,-0.1837,-0.09409,0.93094,-0.71,1.11,0.14,-0.0774,-0.17464,-0.07251,0.9789,-0.73,1.12,0.18,0.37114,-0.19072,0.00077,0.90878,-0.74,1.1,0.2,0.58239,-0.1695,-0.0179,0.79484,-0.74,1.08,0.21,0.58239,-0.1695,-0.0179,0.79484,-0.68,1.07,0.11,-0.30126,-0.1837,-0.09409,0.93094,-0.7,1.1,0.15,-0.14261,-0.13678,-0.14706,0.96919,-0.71,1.11,0.18,0.38585,-0.21352,-0.09265,0.89272,-0.72,1.1,0.2,0.64553,-0.25042,-0.04984,0.71979,-0.73,1.07,0.2,0.64553,-0.25042,-0.04984,0.71979,-0.68,1.07,0.11,-0.22335,-0.11127,-0.32273,0.913,-0.68,1.09,0.15,-0.24152,-0.09081,-0.23676,0.93668,-0.68,1.1,0.18,0.33222,-0.21376,-0.22432,0.89085,-0.69,1.09,0.19,0.60883,-0.31942,-0.14984,0.71053,-0.71,1.08,0.19,0.60883,-0.31942,-0.14984,0.71053,-0.81,1.08,0.19
-0.79,1.46,-0.16,-0.79,1.46,-0.16,-0.85,1.1,0.11,0.34262,-0.06572,-0.16065,-0.9233,-0.86,1.06,0.06,0.34262,-0.06572,-0.16065,-0.9233,-0.83,1.08,0.09,0.41625,-0.15035,0.5385,-0.71704,-0.8,1.09,0.11,0.17713,0.0234,0.48226,-0.85761,-0.8,1.1,0.14,0.04477,0.05304,0.5502,-0.83215,-0.8,1.11,0.16,0.04477,0.05304,0.5502,-0.83215,-0.84,1.08,0.09,0.34262,-0.06572,-0.16065,-0.9233,-0.83,1.12,0.13,-0.01875,-0.10503,-0.08669,-0.99051,-0.83,1.12,0.16,-0.43359,-0.13537,-0.06026,-0.88885,-0.82,1.1,0.18,-0.59344,-0.11665,-0.03965,-0.79539,-0.81,1.08,0.19,-0.59344,-0.11665,-0.03965,-0.79539,-0.85,1.08,0.09,0.34262,-0.06572,-0.16065,-0.9233,-0.86,1.12,0.13,0.01689,-0.10382,-0.14734,-0.98348,-0.85,1.12,0.17,-0.40544,-0.1578,-0.10165,-0.89464,-0.84,1.1,0.19,-0.60749,-0.15865,-0.12453,-0.7683,-0.83,1.08,0.19,-0.60749,-0.15865,-0.12453,-0.7683,-0.87,1.07,0.09,0.34262,-0.06572,-0.16065,-0.9233,-0.87,1.11,0.13,0.10469,-0.08077,-0.21241,-0.96819,-0.87,1.12,0.17,-0.36732,-0.18888,-0.18729,-0.89125,-0.86,1.1,0.19,-0.61355,-0.25533,-0.14968,-0.73209,-0.84,1.08,0.19,-0.61355,-0.25533,-0.14968,-0.73209,-0.88,1.07,0.09,0.27861,-0.00791,-0.39355,-0.87603,-0.89,1.09,0.13,0.16679,-0.07578,-0.29425,-0.93801,-0.88,1.1,0.16,-0.32185,-0.20476,-0.29406,-0.87637,-0.87,1.09,0.17,-0.57662,-0.33058,-0.2238,-0.71284,-0.86,1.08,0.18,-0.57662,-0.33058,-0.2238,-0.71284,-0.7,1.09,0.12,-0.31823,-0.17562,-0.11296,0.92473,-0.68,1.06,0.07,-0.31823,-0.17562,-0.11296,0.92473,-0.73,1.07,0.09,-0.43892,-0.25368,0.56477,0.65118,-0.75,1.08,0.11,-0.25164,-0.09794,0.53709,0.79914,-0.77,1.09,0.14,-0.12859,-0.04847,0.61818,0.77393,-0.77,1.09,0.16,-0.12859,-0.04847,0.61818,0.77393,-0.71,1.07,0.1,-0.31823,-0.17562,-0.11296,0.92473,-0.73,1.11,0.13,-0.03297,-0.21513,1e-05,0.97603,-0.75,1.11,0.17,0.33455,-0.20353,0.05406,0.91855,-0.76,1.1,0.18,0.46893,-0.1661,0.07577,0.86416,-0.76,1.08,0.2,0.46893,-0.1661,0.07577,0.86416,-0.7,1.07,0.1,-0.31823,-0.17562,-0.11296,0.92473,-0.71,1.11,0.14,-0.06796,-0.17555,-0.08728,0.97824,-0.72,1.12,0.18,0.385,-0.19809,-0.01079,0.90134,-0.73,1.1,0.2,0.5938,-0.17838,-0.02716,0.78412,-0.74,1.08,0.2,0.5938,-0.17838,-0.02716,0.78412,-0.68,1.07,0.1,-0.31823,-0.17562,-0.11296,0.92473,-0.69,1.1,0.14,-0.14265,-0.13809,-0.16436,0.96621,-0.7,1.12,0.18,0.39324,-0.22459,-0.1045,0.88544,-0.71,1.1,0.19,0.6518,-0.26429,-0.05726,0.70854,-0.72,1.08,0.2,0.6518,-0.26429,-0.05726,0.70854,-0.68,1.07,0.11,-0.23891,-0.10819,-0.34225,0.90227,-0.68,1.09,0.15,-0.24904,-0.08849,-0.2567,0.92965,-0.68,1.11,0.17,0.34223,-0.22869,-0.23746,0.87988,-0.69,1.1,0.19,0.62233,-0.339,-0.15377,0.68858,-0.7,1.08,0.19,0.62233,-0.339,-0.15377,0.68858,-0.81,1.08,0.19
-0.79,1.46,-0.16,-0.79,1.46,-0.16,-0.85,1.1,0.11,0.33229,-0.0614,-0.15193,-0.92883,-0.86,1.06,0.06,0.33229,-0.0614,-0.15193,-0.92883,-0.83,1.08,0.09,0.40258,-0.1581,0.54582,-0.71764,-0.8,1.09,0.11,0.16362,0.01955,0.49214,-0.85478,-0.8,1.1,0.14,0.0325,0.04889,0.55966,-0.82664,-0.8,1.1,0.16,0.0325,0.04889,0.55966,-0.82664,-0.84,1.08,0.09,0.33229,-0.0614,-0.15193,-0.92883,-0.83,1.12,0.13,-0.01801,-0.09707,-0.08167,-0.99176,-0.83,1.12,0.17,-0.42472,-0.12549,-0.06028,-0.89456,-0.82,1.1,0.18,-0.58373,-0.10684,-0.04209,-0.80378,-0.81,1.08,0.19,-0.58373,-0.10684,-0.04209,-0.80378,-0.85,1.08,0.09,0.33229,-0.0614,-0.15193,-0.92883,-0.86,1.12,0.13,0.01378,-0.09548,-0.14126,-0.98526,-0.85,1.12,0.17,-0.39586,-0.14618,-0.10185,-0.90086,-0.84,1.1,0.19,-0.59222,-0.1475,-0.12829,-0.78171,-0.83,1.08,0.2,-0.59222,-0.1475,-0.12829,-0.78171,-0.87,1.07,0.09,0.33229,-0.0614,-0.15193,-0.92883,-0.87,1.11,0.13,0.09899,-0.0726,-0.20527,-0.97098,-0.87,1.11,0.17,-0.36652,-0.17675,-0.18628,-0.89427,-0.86,1.1,0.19,-0.60978,-0.24304,-0.15328,-0.73866,-0.84,1.08,0.19,-0.60978,-0.24304,-0.15328,-0.73866,-0.88,1.07,0.09,0.27063,-0.00066,-0.38489,-0.8824,-0.89,1.09,0.13,0.16478,-0.06521,-0.287,-0.9414,-0.89,1.1,0.16,-0.32053,-0.19063,-0.29375,-0.88013,-0.87,1.09,0.17,-0.57276,-0.31625,-0.22957,-0.72058,-0.86,1.08,0.18,-0.57276,-0.31625,-0.22957,-0.72058,-0.7,1.1,0.12,-0.34487,-0.17008,-0.13363,0.91339,-0.68,1.06,0.07,-0.34487,-0.17008,-0.13363,0.91339,-0.72,1.07,0.09,-0.45291,-0.22307,0.56145,0.65566,-0.75,1.08,0.11,-0.26658,-0.07069,0.52465,0.80541,-0.76,1.09,0.14,-0.14007,-0.02154,0.60362,0.78458,-0.77,1.1,0.16,-0.14007,-0.02154,0.60362,0.78458,-0.71,1.08,0.09,-0.34487,-0.17008,-0.13363,0.91339,-0.73,1.12,0.13,-0.02127,-0.20635,-0.01798,0.97808,-0.74,1.12,0.17,0.38816,-0.19993,0.04346,0.89859,-0.75,1.1,0.18,0.52643,-0.16317,0.06793,0.83164,-0.76,1.08,0.19,0.52643,-0.16317,0.06793,0.83164,-0.7,1.07,0.1,-0.34487,-0.17008,-0.13363,0.91339,-0.71,1.12,0.14,-0.06309,-0.18226,-0.10128,0.97598,-0.72,1.12,0.18,0.38687,-0.21031,-0.02056,0.89759,-0.73,1.11,0.19,0.58828,-0.19255,-0.03465,0.78463,-0.74,1.08,0.2,0.58828,-0.19255,-0.03465,0.78463,-0.68,1.07,0.1,-0.34487,-0.17008,-0.13363,0.91339,-0.69,1.11,0.14,-0.1469,-0.14796,-0.18072,0.96118,-0.7,1.12,0.18,0.38315,-0.24124,-0.11387,0.88433,-0.71,1.1,0.19,0.63601,-0.28308,-0.06245,0.71516,-0.72,1.08,0.19,0.63601,-0.28308,-0.06245,0.71516,-0.67,1.07,0.11,-0.26316,-0.1103,-0.36375,0.88672,-0.68,1.09,0.15,-0.26545,-0.09431,-0.27811,0.91831,-0.68,1.11,0.17,0.33205,-0.24959,-0.24869,0.87498,-0.69,1.1,0.18,0.60843,-0.36189,-0.15731,0.68855,-0.7,1.09,0.18,0.60843,-0.36189,-0.15731,0.68855,-0.81,1.08,0.19
-0.79,1.46,-0.16,-0.79,1.46,-0.16,-0.85,1.1,0.11,0.32766,-0.06174,-0.14165,-0.93207,-0.86,1.06,0.06,0.32766,-0.06174,-0.14165,-0.93207,-0.83,1.08,0.09,0.39495,-0.16507,0.55455,-0.71361,-0.8,1.09,0.11,0.15839,0.01561,0.50317,-0.84941,-0.8,1.1,0.14,0.03122,0.04376,0.57083,-0.8193,-0.8,1.1,0.16,0.03122,0.04376,0.57083,-0.8193,-0.84,1.08,0.09,0.32766,-0.06174,-0.14165,-0.93207,-0.83,1.12,0.13,-0.01951,-0.09413,-0.07194,-0.99277,-0.83,1.12,0.17,-0.42219,-0.11853,-0.05322,-0.89715,-0.82,1.1,0.18,-0.58038,-0.09863,-0.03666,-0.80752,-0.81,1.08,0.19,-0.58038,-0.09863,-0.03666,-0.80752,-0.85,1.08,0.09,0.32766,-0.06174,-0.14165,-0.93207,-0.85,1.12,0.13,0.01422,-0.09143,-0.1321,-0.98691,-0.85,1.12,0.17,-0.38946,-0.13801,-0.0962,-0.90555,-0.84,1.1,0.19,-0.58061,-0.13826,-0.12529,-0.79252,-0.83,1.08,0.2,-0.58061,-0.13826,-0.12529,-0.79252,-0.87,1.07,0.09,0.32766,-0.06174,-0.14165,-0.93207,-0.87,1.11,0.13,0.09932,-0.06857,-0.19592,-0.97316,-0.87,1.11,0.17,-0.36154,-0.16778,-0.18092,-0.89911,-0.86,1.1,0.19,-0.60154,-0.23246,-0.15186,-0.74903,-0.84,1.08,0.19,-0.60154,-0.23246,-0.15186,-0.74903,-0.88,1.07,0.09,0.26745,0.00061,-0.37495,-0.88762,-0.89,1.09,0.13,0.16611,-0.05953,-0.27789,-0.94427,-0.89,1.1,0.16,-0.31681,-0.1803,-0.28932,-0.88511,-0.87,1.09,0.18,-0.56602,-0.30389,-0.23037,-0.73089,-0.86,1.08,0.18,-0.56602,-0.30389,-0.23037,-0.73089,-0.7,1.09,0.12,-0.34181,-0.1746,-0.12608,0.91476,-0.68,1.06,0.07,-0.34181,-0.1746,-0.12608,0.91476,-0.72,1.07,0.09,-0.44507,-0.22717,0.57217,0.65033,-0.75,1.08,0.11,-0.26262,-0.07274,0.5365,0.79869,-0.76,1.09,0.14,-0.13663,-0.02206,0.61486,0.7764,-0.77,1.1,0.16,-0.13663,-0.02206,0.61486,0.7764,-0.71,1.07,0.1,-0.34181,-0.1746,-0.12608,0.91476,-0.73,1.12,0.13,-0.0148,-0.20032,-0.01504,0.9795,-0.74,1.12,0.17,0.40955,-0.19232,0.04688,0.89055,-0.75,1.1,0.18,0.5579,-0.15407,0.07324,0.81219,-0.75,1.08,0.19,0.5579,-0.15407,0.07324,0.81219,-0.7,1.07,0.1,-0.34181,-0.1746,-0.12608,0.91476,-0.71,1.12,0.14,-0.04821,-0.18616,-0.08989,0.97721,-0.72,1.12,0.18,0.38775,-0.20833,-0.01168,0.89784,-0.73,1.1,0.19,0.57627,-0.18906,-0.02825,0.79459,-0.74,1.08,0.2,0.57627,-0.18906,-0.02825,0.79459,-0.68,1.07,0.1,-0.34181,-0.1746,-0.12608,0.91476,-0.69,1.11,0.14,-0.13246,-0.15557,-0.1689,0.96422,-0.7,1.12,0.18,0.38194,-0.2393,-0.10403,0.88658,-0.71,1.1,0.19,0.62452,-0.27821,-0.05708,0.72755,-0.73,1.08,0.2,0.62452,-0.27821,-0.05708,0.72755,-0.68,1.07,0.11,-0.26029,-0.11371,-0.35622,0.89019,-0.68,1.09,0.15,-0.25981,-0.10213,-0.26915,0.92175,-0.68,1.11,0.17,0.33986,-0.25035,-0.23695,0.87503,-0.69,1.1,0.18,0.61229,-0.35778,-0.14828,0.68928,-0.7,1.08,0.19,0.61229,-0.35778,-0.14828,0.68928,-0.81,1.08,0.19
-0.79,1.46,-0.16,-0.79,1.46,-0.16,-0.85,1.1,0.11,0.32776,-0.06039,-0.13605,-0.93296,-0.86,1.06,0.06,0.32776,-0.06039,-0.13605,-0.93296,-0.83,1.07,0.09,0.38983,-0.16527,0.56142,-0.711,-0.8,1.09,0.11,0.15709,0.01637,0.51002,-0.84554,-0.8,1.1,0.14,0.03453,0.04217,0.57778,-0.81437,-0.8,1.1,0.16,0.03453,0.04217,0.57778,-0.81437,-0.84,1.08,0.09,0.32776,-0.06039,-0.13605,-0.93296,-0.83,1.12,0.13,-0.01759,-0.09139,-0.06692,-0.99341,-0.83,1.12,0.17,-0.41866,-0.11393,-0.05,-0.89958,-0.82,1.1,0.18,-0.57646,-0.0935,-0.03455,-0.81102,-0.82,1.08,0.19,-0.57646,-0.0935,-0.03455,-0.81102,-0.85,1.08,0.09,0.32776,-0.06039,-0.13605,-0.93296,-0.85,1.12,0.13,0.01628,-0.08772,-0.12769,-0.98779,-0.85,1.12,0.17,-0.38444,-0.1325,-0.09418,-0.90872,-0.84,1.1,0.19,-0.57195,-0.13245,-0.12493,-0.79983,-0.83,1.08,0.2,-0.57195,-0.13245,-0.12493,-0.79983,-0.87,1.07,0.09,0.32776,-0.06039,-0.13605,-0.93296,-0.87,1.11,0.13,0.10192,-0.06479,-0.19141,-0.97405,-0.87,1.11,0.17,-0.35531,-0.16167,-0.17934,-0.90302,-0.86,1.1,0.19,-0.59268,-0.22583,-0.15284,-0.75787,-0.84,1.08,0.19,-0.59268,-0.22583,-0.15284,-0.75787,-0.88,1.07,0.09,0.2686,0.00212,-0.36975,-0.88946,-0.89,1.09,0.13,0.17028,-0.05406,-0.27365,-0.94509,-0.89,1.1,0.16,-0.31048,-0.17299,-0.28876,-0.88899,-0.88,1.09,0.18,-0.55716,-0.29582,-0.23329,-0.74003,-0.86,1.08,0.18,-0.55716,-0.29582,-0.23329,-0.74003,-0.7,1.09,0.12,-0.33725,-0.17502,-0.1195,0.91725,-0.68,1.06,0.07,-0.33725,-0.17502,-0.1195,0.91725,-0.72,1.07,0.1,-0.43405,-0.23311,0.58232,0.64666,-0.75,1.08,0.11,-0.2557,-0.07698,0.54816,0.7926,-0.76,1.09,0.14,-0.13053,-0.02515,0.62611,0.76832,-0.77,1.09,0.16,-0.13053,-0.02515,0.62611,0.76832,-0.71,1.07,0.1,-0.33725,-0.17502,-0.1195,0.91725,-0.73,1.11,0.13,-0.01282,-0.19683,-0.01085,0.98029,-0.74,1.12,0.17,0.41111,-0.18735,0.04904,0.89077,-0.75,1.1,0.18,0.56416,-0.1484,0.07554,0.8087,-0.76,1.08,0.19,0.56416,-0.1484,0.07554,0.8087,-0.7,1.07,0.1,-0.33725,-0.17502,-0.1195,0.91725,-0.71,1.12,0.14,-0.04449,-0.18537,-0.08293,0.97815,-0.72,1.12,0.18,0.37284,-0.20437,-0.00997,0.90505,-0.73,1.1,0.19,0.55092,-0.18621,-0.02929,0.81299,-0.74,1.08,0.2,0.55092,-0.18621,-0.02929,0.81299,-0.68,1.07,0.11,-0.33725,-0.17502,-0.1195,0.91725,-0.69,1.11,0.14,-0.12946,-0.1558,-0.1615,0.96586,-0.7,1.12,0.18,0.368,-0.23385,-0.10186,0.89416,-0.71,1.1,0.19,0.60286,-0.27268,-0.05929,0.74746,-0.73,1.08,0.2,0.60286,-0.27268,-0.05929,0.74746,-0.68,1.07,0.11,-0.25667,-0.11271,-0.34971,0.89393,-0.68,1.09,0.15,-0.25694,-0.10303,-0.2619,0.92454,-0.68,1.11,0.17,0.33981,-0.24561,-0.23169,0.8778,-0.69,1.1,0.19,0.60648,-0.35046,-0.14814,0.69815,-0.7,1.08,0.19,0.60648,-0.35046,-0.14814,0.69815,-0.81,1.08,0.19
-0.79,1.46,-0.16,-0.79,1.46,-0.16,-0.85,1.1,0.11,0.32831,-0.06349,-0.13616,-0.93255,-0.86,1.06,0.06,0.32831,-0.06349,-0.13616,-0.93255,-0.82,1.07,0.09,0.39114,-0.16722,0.56184,-0.70949,-0.8,1.09,0.11,0.16023,0.01352,0.51101,-0.8444,-0.8,1.1,0.14,0.03897,0.03903,0.57928,-0.81326,-0.8,1.1,0.17,0.03897,0.03903,0.57928,-0.81326,-0.84,1.08,0.09,0.32831,-0.06349,-0.13616,-0.93255,-0.83,1.12,0.13,-0.01607,-0.09534,-0.06521,-0.99318,-0.82,1.12,0.17,-0.41697,-0.11688,-0.04688,-0.90015,-0.82,1.1,0.18,-0.57446,-0.09583,-0.03106,-0.81231,-0.81,1.08,0.19,-0.57446,-0.09583,-0.03106,-0.81231,-0.85,1.08,0.09,0.32831,-0.06349,-0.13616,-0.93255,-0.85,1.12,0.13,0.01778,-0.09068,-0.12685,-0.98761,-0.85,1.12,0.17,-0.38306,-0.13489,-0.09222,-0.90916,-0.84,1.1,0.19,-0.5705,-0.13444,-0.12256,-0.8009,-0.83,1.08,0.2,-0.5705,-0.13444,-0.12256,-0.8009,-0.87,1.07,0.09,0.32831,-0.06349,-0.13616,-0.93255,-0.87,1.11,0.13,0.10323,-0.06753,-0.19099,-0.97381,-0.87,1.11,0.17,-0.35412,-0.16396,-0.17769,-0.90341,-0.86,1.1,0.19,-0.59124,-0.22753,-0.1507,-0.75892,-0.84,1.08,0.19,-0.59124,-0.22753,-0.1507,-0.75892,-0.88,1.07,0.09,0.26848,-0.00105,-0.36979,-0.88948,-0.89,1.09,0.13,0.17303,-0.05522,-0.2738,-0.94448,-0.88,1.1,0.16,-0.30761,-0.17422,-0.28838,-0.88987,-0.88,1.09,0.18,-0.55387,-0.29667,-0.23271,-0.74233,-0.86,1.08,0.18,-0.55387,-0.29667,-0.23271,-0.74233,-0.7,1.09,0.12,-0.33384,-0.17299,-0.11684,0.91922,-0.69,1.06,0.07,-0.33384,-0.17299,-0.11684,0.91922,-0.72,1.07,0.1,-0.42549,-0.23647,0.58798,0.646,-0.75,1.08,0.11,-0.24941,-0.07935,0.55463,0.78986,-0.76,1.09,0.14,-0.12482,-0.02726,0.63229,0.76413,-0.77,1.09,0.16,-0.12482,-0.02726,0.63229,0.76413,-0.71,1.07,0.1,-0.33384,-0.17299,-0.11684,0.91922,-0.73,1.11,0.13,-0.00864,-0.19535,-0.00801,0.98066,-0.74,1.11,0.17,0.41173,-0.18489,0.05026,0.89094,-0.75,1.1,0.18,0.56528,-0.1457,0.07642,0.80832,-0.75,1.08,0.19,0.56528,-0.1457,0.07642,0.80832,-0.7,1.07,0.1,-0.33384,-0.17299,-0.11684,0.91922,-0.71,1.12,0.14,-0.04749,-0.18304,-0.0815,0.97857,-0.72,1.12,0.18,0.35354,-0.20149,-0.01333,0.91337,-0.73,1.1,0.2,0.52323,-0.1855,-0.03475,0.83103,-0.74,1.08,0.21,0.52323,-0.1855,-0.03475,0.83103,-0.68,1.07,0.11,-0.33384,-0.17299,-0.11684,0.91922,-0.69,1.11,0.14,-0.13696,-0.1519,-0.16064,0.96559,-0.7,1.12,0.18,0.34501,-0.2286,-0.10666,0.90406,-0.71,1.1,0.2,0.57406,-0.26942,-0.06733,0.77028,-0.73,1.08,0.2,0.57406,-0.26942,-0.06733,0.77028,-0.68,1.07,0.11,-0.25412,-0.10971,-0.3471,0.89605,-0.68,1.09,0.15,-0.25915,-0.09962,-0.25925,0.92504,-0.68,1.11,0.17,0.32615,-0.23859,-0.23425,0.88421,-0.69,1.1,0.19,0.58723,-0.34354,-0.15592,0.71612,-0.7,1.08,0.19,0.58723,-0.34354,-0.15592,0.71612,-0.81,1.08,0.19
-0.79,1.46,-0.16,-0.79,1.46,-0.16,-0.85,1.1,0.11,0.31829,-0.07296,-0.12993,-0.93621,-0.86,1.06,0.06,0.31829,-0.07296,-0.12993,-0.93621,-0.82,1.07,0.09,0.39243,-0.18598,0.55997,-0.70559,-0.8,1.08,0.11,0.16008,-0.00445,0.51537,-0.84187,-0.8,1.09,0.14,0.04374,0.01937,0.58573,-0.80909,-0.79,1.1,0.16,0.04374,0.01937,0.58573,-0.80909,-0.84,1.08,0.09,0.31829,-0.07296,-0.12993,-0.93621,-0.83,1.12,0.13,0.0431,-0.10916,-0.0581,-0.99139,-0.82,1.12,0.17,-0.30862,-0.12592,-0.04199,-0.94188,-0.81,1.11,0.19,-0.4672,-0.10439,-0.02896,-0.87749,-0.81,1.09,0.2,-0.4672,-0.10439,-0.02896,-0.87749,-0.85,1.07,0.09,0.31829,-0.07296,-0.12993,-0.93621,-0.85,1.12,0.13,0.06146,-0.09115,-0.12319,-0.98628,-0.84,1.12,0.17,-0.33185,-0.13338,-0.09016,-0.92949,-0.84,1.11,0.19,-0.52183,-0.13571,-0.12189,-0.83332,-0.83,1.09,0.21,-0.52183,-0.13571,-0.12189,-0.83332,-0.87,1.07,0.09,0.31829,-0.07296,-0.12993,-0.93621,-0.87,1.1,0.13,0.1422,-0.06332,-0.18748,-0.96986,-0.87,1.12,0.17,-0.30806,-0.15842,-0.17727,-0.92118,-0.85,1.1,0.19,-0.54681,-0.22274,-0.15184,-0.79267,-0.84,1.08,0.2,-0.54681,-0.22274,-0.15184,-0.79267,-0.88,1.07,0.1,0.25763,-0.00752,-0.36294,-0.89546,-0.88,1.09,0.13,0.19546,-0.04815,-0.26793,-0.94217,-0.88,1.1,0.16,-0.2602,-0.15908,-0.29035,-0.90702,-0.87,1.09,0.18,-0.49937,-0.2796,-0.2416,-0.78363,-0.86,1.08,0.19,-0.49937,-0.2796,-0.2416,-0.78363,-0.7,1.09,0.12,-0.3323,-0.16233,-0.11695,0.92171,-0.69,1.06,0.07,-0.3323,-0.16233,-0.11695,0.92171,-0.72,1.07,0.1,-0.41782,-0.23272,0.58943,0.65103,-0.75,1.08,0.11,-0.24187,-0.07507,0.55488,0.79245,-0.76,1.09,0.14,-0.12072,-0.02698,0.63202,0.76502,-0.77,1.09,0.17,-0.12072,-0.02698,0.63202,0.76502,-0.71,1.07,0.1,-0.3323,-0.16233,-0.11695,0.92171,-0.73,1.11,0.13,-0.00539,-0.18834,-0.00928,0.98204,-0.74,1.11,0.17,0.41286,-0.17911,0.04565,0.89184,-0.75,1.1,0.18,0.56856,-0.14065,0.07127,0.80739,-0.75,1.08,0.19,0.56856,-0.14065,0.07127,0.80739,-0.7,1.07,0.1,-0.3323,-0.16233,-0.11695,0.92171,-0.71,1.11,0.14,-0.0397,-0.17657,-0.08133,0.98012,-0.72,1.12,0.18,0.3497,-0.1952,-0.01824,0.91612,-0.73,1.1,0.2,0.51268,-0.18053,-0.04163,0.83835,-0.74,1.08,0.21,0.51268,-0.18053,-0.04163,0.83835,-0.68,1.07,0.1,-0.3323,-0.16233,-0.11695,0.92171,-0.69,1.11,0.14,-0.13706,-0.14307,-0.16192,0.96671,-0.7,1.12,0.18,0.32858,-0.21957,-0.11567,0.91129,-0.71,1.1,0.2,0.55049,-0.26319,-0.08039,0.78818,-0.72,1.08,0.2,0.55049,-0.26319,-0.08039,0.78818,-0.68,1.07,0.11,-0.25478,-0.09873,-0.3477,0.89691,-0.68,1.09,0.15,-0.28077,-0.08104,-0.26111,0.92001,-0.68,1.11,0.17,0.2843,-0.22114,-0.25022,0.8987,-0.69,1.1,0.19,0.53848,-0.33027,-0.17995,0.75404,-0.7,1.09,0.19,0.53848,-0.33027,-0.17995,0.75404,-0.81,1.08,0.19
-0.79,1.46,-0.16,-0.79,1.46,-0.16,-0.85,1.09,0.11,0.28184,-0.08652,-0.1147,-0.94864,-0.86,1.06,0.06,0.28184,-0.08652,-0.1147,-0.94864,-0.82,1.07,0.09,0.39001,-0.2331,0.54471,-0.70487,-0.8,1.08,0.11,0.14942,-0.05097,0.51629,-0.84174,-0.79,1.09,0.14,0.04396,-0.0326,0.59131,-0.80458,-0.79,1.09,0.16,0.04396,-0.0326,0.59131,-0.80458,-0.83,1.08,0.09,0.28184,-0.08652,-0.1147,-0.94864,-0.82,1.11,0.13,0.09205,-0.14097,-0.04052,-0.98489,-0.81,1.12,0.17,-0.18379,-0.14917,-0.02638,-0.97122,-0.81,1.11,0.19,-0.32919,-0.12562,-0.01613,-0.93573,-0.8,1.1,0.21,-0.32919,-0.12562,-0.01613,-0.93573,-0.85,1.07,0.09,0.28184,-0.08652,-0.1147,-0.94864,-0.85,1.11,0.14,0.13861,-0.08538,-0.1166,-0.97975,-0.84,1.12,0.18,-0.22229,-0.12317,-0.09087,-0.96289,-0.83,1.11,0.2,-0.40986,-0.13198,-0.12641,-0.89365,-0.83,1.09,0.22,-0.40986,-0.13198,-0.12641,-0.89365,-0.87,1.07,0.09,0.28184,-0.08652,-0.1147,-0.94864,-0.86,1.1,0.14,0.20438,-0.04789,-0.17808,-0.96137,-0.86,1.12,0.17,-0.22184,-0.13814,-0.17799,-0.9487,-0.85,1.11,0.2,-0.45898,-0.20404,-0.15804,-0.85013,-0.84,1.09,0.21,-0.45898,-0.20404,-0.15804,-0.85013,-0.87,1.07,0.1,0.22145,-0.01108,-0.34541,-0.91188,-0.88,1.09,0.14,0.22317,-0.02797,-0.25196,-0.94124,-0.88,1.1,0.16,-0.18783,-0.1224,-0.29001,-0.93039,-0.88,1.09,0.18,-0.41313,-0.23885,-0.25434,-0.84118,-0.86,1.08,0.19,-0.41313,-0.23885,-0.25434,-0.84118,-0.7,1.09,0.12,-0.32933,-0.15237,-0.1161,0.92458,-0.69,1.06,0.07,-0.32933,-0.15237,-0.1161,0.92458,-0.73,1.07,0.1,-0.41481,-0.23104,0.58618,0.65647,-0.75,1.08,0.11,-0.23896,-0.07481,0.55078,0.79621,-0.76,1.09,0.14,-0.12571,-0.03418,0.62844,0.76687,-0.77,1.09,0.17,-0.12571,-0.03418,0.62844,0.76687,-0.71,1.07,0.1,-0.32933,-0.15237,-0.1161,0.92458,-0.73,1.11,0.14,-0.03535,-0.18067,-0.01743,0.98275,-0.74,1.12,0.17,0.3827,-0.17646,0.03454,0.9062,-0.75,1.1,0.19,0.54218,-0.14021,0.05903,0.82637,-0.75,1.08,0.19,0.54218,-0.14021,0.05903,0.82637,-0.7,1.07,0.1,-0.32933,-0.15237,-0.1161,0.92458,-0.71,1.11,0.14,-0.00991,-0.17368,-0.07527,0.98187,-0.72,1.12,0.18,0.37659,-0.18976,-0.01407,0.90663,-0.73,1.1,0.2,0.5367,-0.17281,-0.03814,0.825,-0.74,1.08,0.21,0.5367,-0.17281,-0.03814,0.825,-0.68,1.07,0.1,-0.32933,-0.15237,-0.1161,0.92458,-0.69,1.11,0.14,-0.11463,-0.13778,-0.15911,0.97086,-0.7,1.12,0.18,0.34352,-0.21191,-0.11748,0.90735,-0.71,1.1,0.2,0.56017,-0.2557,-0.08535,0.78329,-0.72,1.08,0.2,0.56017,-0.2557,-0.08535,0.78329,-0.68,1.07,0.11,-0.25404,-0.08806,-0.34724,0.89841,-0.67,1.09,0.15,-0.29904,-0.05848,-0.26217,0.91566,-0.67,1.11,0.17,0.25478,-0.20173,-0.26524,0.90777,-0.68,1.1,0.19,0.50367,-0.3149,-0.20206,0.77867,-0.7,1.09,0.19,0.50367,-0.3149,-0.20206,0.77867,-0.81,1.08,0.19
-0.8,1.46,-0.16,-0.8,1.46,-0.16,-0.85,1.08,0.12,0.217,-0.09511,-0.10696,-0.96562,-0.86,1.06,0.06,0.217,-0.09511,-0.10696,-0.96562,-0.82,1.07,0.09,0.39115,-0.27452,0.48912,-0.72965,-0.8,1.08,0.1,0.11898,-0.09645,0.47823,-0.86478,-0.79,1.08,0.13,0.00387,-0.07604,0.55843,-0.82605,-0.78,1.08,0.16,0.00387,-0.07604,0.55843,-0.82605,-0.83,1.07,0.09,0.217,-0.09511,-0.10696,-0.96562,-0.82,1.1,0.14,0.03013,-0.17098,-0.02639,-0.98446,-0.81,1.1,0.17,-0.19817,-0.1721,-0.01293,-0.96485,-0.8,1.09,0.19,-0.32188,-0.14602,-0.00267,-0.93545,-0.8,1.08,0.21,-0.32188,-0.14602,-0.00267,-0.93545,-0.85,1.07,0.09,0.217,-0.09511,-0.10696,-0.96562,-0.84,1.1,0.14,0.15536,-0.07852,-0.11533,-0.97796,-0.84,1.11,0.18,-0.20368,-0.11632,-0.09237,-0.96771,-0.83,1.1,0.21,-0.39641,-0.12716,-0.12916,-0.9,-0.82,1.09,0.22,-0.39641,-0.12716,-0.12916,-0.9,-0.87,1.07,0.09,0.217,-0.09511,-0.10696,-0.96562,-0.86,1.09,0.14,0.23072,-0.03486,-0.17153,-0.95715,-0.86,1.11,0.18,-0.20315,-0.12594,-0.1763,-0.95488,-0.85,1.1,0.2,-0.45165,-0.19363,-0.1578,-0.85652,-0.84,1.08,0.21,-0.45165,-0.19363,-0.1578,-0.85652,-0.87,1.06,0.1,0.15768,-0.00344,-0.33217,-0.92994,-0.88,1.08,0.14,0.22149,-0.01092,-0.23769,-0.94569,-0.88,1.09,0.17,-0.18161,-0.09849,-0.28474,-0.93608,-0.87,1.08,0.18,-0.42872,-0.22011,-0.25114,-0.83945,-0.86,1.07,0.2,-0.42872,-0.22011,-0.25114,-0.83945,-0.71,1.09,0.12,-0.29663,-0.14742,-0.0969,0.93856,-0.69,1.06,0.07,-0.29663,-0.14742,-0.0969,0.93856,-0.73,1.07,0.1,-0.40459,-0.25309,0.57639,0.66335,-0.75,1.08,0.11,-0.23116,-0.10166,0.54577,0.79898,-0.77,1.09,0.14,-0.13279,-0.07221,0.62625,0.76483,-0.77,1.09,0.17,-0.13279,-0.07221,0.62625,0.76483,-0.72,1.07,0.1,-0.29663,-0.14742,-0.0969,0.93856,-0.73,1.11,0.14,-0.16982,-0.16693,-0.03669,0.97054,-0.74,1.12,0.17,0.15948,-0.17571,-0.00546,0.97142,-0.75,1.12,0.19,0.30561,-0.14915,0.00801,0.94037,-0.76,1.1,0.21,0.30561,-0.14915,0.00801,0.94037,-0.7,1.07,0.1,-0.29663,-0.14742,-0.0969,0.93856,-0.71,1.11,0.14,-0.03086,-0.15776,-0.06843,0.98462,-0.72,1.12,0.18,0.33046,-0.17223,-0.01914,0.92777,-0.73,1.1,0.2,0.48798,-0.15934,-0.04759,0.85687,-0.74,1.08,0.22,0.48798,-0.15934,-0.04759,0.85687,-0.68,1.07,0.11,-0.29663,-0.14742,-0.0969,0.93856,-0.69,1.1,0.15,-0.09149,-0.12062,-0.14367,0.97798,-0.7,1.11,0.18,0.35792,-0.18773,-0.11379,0.90758,-0.71,1.1,0.2,0.57315,-0.23111,-0.08843,0.7812,-0.72,1.08,0.21,0.57315,-0.23111,-0.08843,0.7812,-0.68,1.07,0.11,-0.22585,-0.07418,-0.32705,0.91462,-0.68,1.09,0.15,-0.28848,-0.03219,-0.242,0.92584,-0.67,1.11,0.17,0.26897,-0.16843,-0.26298,0.91111,-0.68,1.1,0.19,0.52165,-0.28346,-0.20958,0.77692,-0.7,1.08,0.2,0.52165,-0.28346,-0.20958,0.77692,-0.81,1.08,0.19
-0.8,1.46,-0.16,-0.8,1.46,-0.16,-0.85,1.08,0.12,0.18847,-0.0912,-0.10663,-0.972,-0.86,1.06,0.06,0.18847,-0.0912,-0.10663,-0.972,-0.82,1.07,0.09,0.39533,-0.27046,0.4529,-0.75196,-0.8,1.08,0.1,0.09761,-0.09569,0.44403,-0.88552,-0.79,1.08,0.14,-0.05102,-0.06141,0.5251,-0.84729,-0.79,1.08,0.16,-0.05102,-0.06141,0.5251,-0.84729,-0.83,1.07,0.09,0.18847,-0.0912,-0.10663,-0.972,-0.82,1.1,0.14,-0.0077,-0.17582,-0.02417,-0.98409,-0.81,1.1,0.18,-0.22706,-0.17523,-0.0111,-0.95792,-0.8,1.08,0.2,-0.34933,-0.14856,0.00028,-0.92515,-0.8,1.07,0.21,-0.34933,-0.14856,0.00028,-0.92515,-0.85,1.07,0.09,0.18847,-0.0912,-0.10663,-0.972,-0.84,1.1,0.15,0.15501,-0.07053,-0.11688,-0.97844,-0.84,1.11,0.18,-0.21258,-0.11024,-0.09572,-0.96617,-0.83,1.1,0.21,-0.42218,-0.12314,-0.13293,-0.88822,-0.83,1.08,0.22,-0.42218,-0.12314,-0.13293,-0.88822,-0.87,1.07,0.1,0.18847,-0.0912,-0.10663,-0.972,-0.86,1.09,0.14,0.24311,-0.02682,-0.17053,-0.95452,-0.86,1.1,0.18,-0.22116,-0.12425,-0.1754,-0.95125,-0.86,1.09,0.2,-0.49704,-0.1954,-0.15347,-0.83139,-0.84,1.08,0.21,-0.49704,-0.1954,-0.15347,-0.83139,-0.87,1.06,0.1,0.1308,0.00715,-0.32925,-0.93511,-0.88,1.07,0.14,0.23066,-0.00265,-0.23291,-0.94474,-0.88,1.09,0.17,-0.18646,-0.09387,-0.28307,-0.93611,-0.88,1.08,0.19,-0.48928,-0.23022,-0.23868,-0.80662,-0.86,1.07,0.2,-0.48928,-0.23022,-0.23868,-0.80662,-0.71,1.09,0.12,-0.25783,-0.1469,-0.06646,0.95264,-0.69,1.06,0.07,-0.25783,-0.1469,-0.06646,0.95264,-0.73,1.07,0.1,-0.41116,-0.26607,0.55049,0.6761,-0.76,1.07,0.11,-0.23836,-0.1248,0.5213,0.80985,-0.77,1.08,0.14,-0.15038,-0.10378,0.60506,0.77493,-0.78,1.09,0.16,-0.15038,-0.10378,0.60506,0.77493,-0.72,1.07,0.1,-0.25783,-0.1469,-0.06646,0.95264,-0.74,1.1,0.14,-0.12342,-0.16817,-0.00413,0.97799,-0.75,1.11,0.18,0.18143,-0.16567,0.02122,0.96912,-0.76,1.1,0.2,0.31131,-0.13534,0.03097,0.94011,-0.76,1.09,0.22,0.31131,-0.13534,0.03097,0.94011,-0.7,1.07,0.1,-0.25783,-0.1469,-0.06646,0.95264,-0.72,1.11,0.15,-0.11432,-0.1344,-0.061,0.98242,-0.73,1.12,0.19,0.22448,-0.14822,-0.02481,0.96282,-0.73,1.11,0.21,0.37679,-0.14287,-0.05914,0.9133,-0.74,1.09,0.23,0.37679,-0.14287,-0.05914,0.9133,-0.69,1.07,0.11,-0.25783,-0.1469,-0.06646,0.95264,-0.7,1.1,0.15,-0.19329,-0.08803,-0.12985,0.96852,-0.7,1.11,0.19,0.25657,-0.15595,-0.11505,0.9469,-0.71,1.1,0.21,0.48213,-0.20333,-0.09561,0.84679,-0.72,1.08,0.22,0.48213,-0.20333,-0.09561,0.84679,-0.68,1.07,0.11,-0.1924,-0.0631,-0.29506,0.93378,-0.68,1.09,0.15,-0.29932,-0.01615,-0.20661,0.93138,-0.68,1.1,0.18,0.25752,-0.13567,-0.24312,0.92529,-0.68,1.1,0.19,0.5272,-0.2493,-0.1972,0.78805,-0.7,1.08,0.2,0.5272,-0.2493,-0.1972,0.78805,-0.81,1.08,0.19
-0.8,1.46,-0.16,-0.8,1.46,-0.16,-0.85,1.09,0.12,0.21053,-0.0797,-0.13253,-0.96528,-0.86,1.06,0.06,0.21053,-0.0797,-0.13253,-0.96528,-0.82,1.07,0.09,0.42379,-0.23796,0.42604,-0.76306,-0.8,1.09,0.11,0.11008,-0.07135,0.40739,-0.90378,-0.79,1.09,0.14,-0.06262,-0.03109,0.48651,-0.87087,-0.79,1.09,0.16,-0.06262,-0.03109,0.48651,-0.87087,-0.83,1.07,0.09,0.21053,-0.0797,-0.13253,-0.96528,-0.83,1.1,0.14,-0.02393,-0.17017,-0.04227,-0.98422,-0.81,1.1,0.18,-0.27079,-0.17406,-0.0248,-0.94645,-0.8,1.09,0.2,-0.40513,-0.14895,-0.00969,-0.90199,-0.8,1.07,0.21,-0.40513,-0.14895,-0.00969,-0.90199,-0.85,1.07,0.09,0.21053,-0.0797,-0.13253,-0.96528,-0.85,1.1,0.15,0.16348,-0.06607,-0.14186,-0.97406,-0.84,1.11,0.18,-0.22847,-0.11842,-0.11751,-0.95915,-0.84,1.1,0.21,-0.45458,-0.13696,-0.15104,-0.86706,-0.83,1.09,0.22,-0.45458,-0.13696,-0.15104,-0.86706,-0.87,1.07,0.1,0.21053,-0.0797,-0.13253,-0.96528,-0.86,1.09,0.14,0.25912,-0.02562,-0.19563,-0.94548,-0.87,1.11,0.18,-0.24008,-0.14281,-0.19297,-0.9406,-0.86,1.1,0.2,-0.53514,-0.22124,-0.1604,-0.79935,-0.84,1.08,0.21,-0.53514,-0.22124,-0.1604,-0.79935,-0.87,1.06,0.1,0.15103,0.01231,-0.35623,-0.92203,-0.88,1.08,0.14,0.25671,-0.00969,-0.25814,-0.93133,-0.88,1.09,0.17,-0.20226,-0.12662,-0.29903,-0.92393,-0.88,1.08,0.19,-0.53524,-0.27574,-0.23207,-0.76396,-0.86,1.07,0.19,-0.53524,-0.27574,-0.23207,-0.76396,-0.71,1.09,0.13,-0.2223,-0.14201,-0.03899,0.96379,-0.69,1.06,0.07,-0.2223,-0.14201,-0.03899,0.96379,-0.73,1.07,0.1,-0.4114,-0.27093,0.52742,0.69223,-0.76,1.07,0.11,-0.24607,-0.14247,0.49578,0.82058,-0.77,1.08,0.14,-0.18752,-0.14311,0.58017,0.77959,-0.78,1.09,0.16,-0.18752,-0.14311,0.58017,0.77959,-0.72,1.07,0.1,-0.2223,-0.14201,-0.03899,0.96379,-0.74,1.1,0.15,-0.03174,-0.16975,0.03663,0.98429,-0.75,1.1,0.18,0.2799,-0.15192,0.06178,0.94592,-0.76,1.09,0.2,0.41362,-0.11454,0.07338,0.90023,-0.76,1.07,0.22,0.41362,-0.11454,0.07338,0.90023,-0.71,1.07,0.1,-0.2223,-0.14201,-0.03899,0.96379,-0.72,1.1,0.15,-0.11888,-0.12152,-0.0397,0.98464,-0.73,1.11,0.19,0.23951,-0.12913,-0.00664,0.96225,-0.73,1.1,0.21,0.39977,-0.12044,-0.04387,0.90761,-0.74,1.08,0.23,0.39977,-0.12044,-0.04387,0.90761,-0.69,1.07,0.11,-0.2223,-0.14201,-0.03899,0.96379,-0.7,1.1,0.15,-0.20977,-0.07577,-0.10459,0.96918,-0.7,1.11,0.19,0.26516,-0.1367,-0.09487,0.94974,-0.71,1.1,0.21,0.49631,-0.17988,-0.08049,0.84548,-0.72,1.08,0.22,0.49631,-0.17988,-0.08049,0.84548,-0.68,1.07,0.11,-0.16267,-0.04894,-0.26588,0.94892,-0.68,1.08,0.15,-0.29803,-0.00876,-0.17364,0.93859,-0.68,1.1,0.18,0.24891,-0.10866,-0.22098,0.9367,-0.68,1.09,0.19,0.53371,-0.21914,-0.18221,0.7962,-0.7,1.08,0.2,0.53371,-0.21914,-0.18221,0.7962,-0.81,1.08,0.19
-0.8,1.46,-0.16,-0.8,1.46,-0.16,-0.85,1.09,0.12,0.23616,-0.06874,-0.1629,-0.95549,-0.86,1.06,0.06,0.23616,-0.06874,-0.1629,-0.95549,-0.82,1.08,0.09,0.44555,-0.2101,0.40835,-0.7685,-0.8,1.09,0.1,0.1232,-0.05069,0.38046,-0.91515,-0.79,1.1,0.14,-0.06452,-0.00857,0.45708,-0.88704,-0.8,1.1,0.16,-0.06452,-0.00857,0.45708,-0.88704,-0.83,1.08,0.09,0.23616,-0.06874,-0.1629,-0.95549,-0.83,1.11,0.14,-0.02736,-0.16478,-0.06788,-0.98361,-0.82,1.11,0.18,-0.32376,-0.17758,-0.04141,-0.9284,-0.81,1.09,0.19,-0.47391,-0.15498,-0.0204,-0.86659,-0.8,1.07,0.21,-0.47391,-0.15498,-0.0204,-0.86659,-0.85,1.07,0.09,0.23616,-0.06874,-0.1629,-0.95549,-0.85,1.1,0.14,0.14573,-0.07191,-0.16802,-0.9723,-0.85,1.12,0.18,-0.27051,-0.13753,-0.13563,-0.94314,-0.84,1.11,0.21,-0.50236,-0.15816,-0.16258,-0.83438,-0.83,1.09,0.22,-0.50236,-0.15816,-0.16258,-0.83438,-0.87,1.07,0.1,0.23616,-0.06874,-0.1629,-0.95549,-0.87,1.09,0.14,0.2434,-0.03169,-0.22374,-0.94323,-0.87,1.11,0.18,-0.28095,-0.16759,-0.2101,-0.92132,-0.86,1.1,0.2,-0.57838,-0.25067,-0.16643,-0.75825,-0.84,1.08,0.2,-0.57838,-0.25067,-0.16643,-0.75825,-0.87,1.06,0.1,0.17402,0.01568,-0.3874,-0.9052,-0.88,1.08,0.14,0.27081,-0.01832,-0.28766,-0.91847,-0.89,1.09,0.17,-0.21698,-0.15974,-0.31668,-0.90946,-0.88,1.09,0.18,-0.55931,-0.3172,-0.22956,-0.73066,-0.86,1.07,0.19,-0.55931,-0.3172,-0.22956,-0.73066,-0.71,1.09,0.13,-0.19364,-0.14067,-0.02658,0.97057,-0.69,1.07,0.07,-0.19364,-0.14067,-0.02658,0.97057,-0.73,1.07,0.1,-0.39926,-0.27159,0.52017,0.70445,-0.76,1.07,0.11,-0.23646,-0.14644,0.48721,0.82781,-0.77,1.08,0.14,-0.20488,-0.1671,0.56881,0.77882,-0.78,1.09,0.16,-0.20488,-0.1671,0.56881,0.77882,-0.72,1.07,0.1,-0.19364,-0.14067,-0.02658,0.97057,-0.74,1.1,0.15,0.00319,-0.17485,0.05173,0.98323,-0.75,1.09,0.18,0.35026,-0.14794,0.0838,0.92109,-0.76,1.08,0.2,0.51035,-0.10359,0.10118,0.84769,-0.76,1.06,0.21,0.51035,-0.10359,0.10118,0.84769,-0.7,1.07,0.1,-0.19364,-0.14067,-0.02658,0.97057,-0.72,1.1,0.15,-0.09564,-0.12182,-0.02658,0.98758,-0.73,1.11,0.19,0.3155,-0.12392,0.01255,0.94072,-0.73,1.09,0.21,0.50236,-0.10675,-0.02422,0.8577,-0.74,1.07,0.22,0.50236,-0.10675,-0.02422,0.8577,-0.69,1.07,0.11,-0.19364,-0.14067,-0.02658,0.97057,-0.7,1.09,0.15,-0.18653,-0.08005,-0.08951,0.97508,-0.7,1.11,0.19,0.32797,-0.13555,-0.07538,0.93187,-0.71,1.09,0.21,0.56983,-0.17269,-0.06123,0.80107,-0.72,1.07,0.21,0.56983,-0.17269,-0.06123,0.80107,-0.68,1.07,0.11,-0.13682,-0.04054,-0.25127,0.95734,-0.68,1.08,0.15,-0.27697,-0.01172,-0.15758,0.9478,-0.68,1.1,0.18,0.27253,-0.10104,-0.2062,0.93434,-0.68,1.09,0.19,0.5631,-0.20833,-0.17033,0.78135,-0.7,1.07,0.2,0.5631,-0.20833,-0.17033,0.78135,-0.81,1.08,0.19
-0.8,1.46,-0.16,-0.8,1.46,-0.16,-0.85,1.1,0.11,0.30226,-0.06248,-0.16972,-0.93591,-0.86,1.06,0.06,0.30226,-0.06248,-0.16972,-0.93591,-0.82,1.08,0.09,0.47356,-0.17864,0.43979,-0.7419,-0.8,1.1,0.1,0.16348,-0.01343,0.39884,-0.90223,-0.8,1.11,0.13,-0.02314,0.03326,0.46922,-0.88215,-0.8,1.11,0.16,-0.02314,0.03326,0.46922,-0.88215,-0.84,1.08,0.09,0.30226,-0.06248,-0.16972,-0.93591,-0.83,1.12,0.14,0.05983,-0.14026,-0.08476,-0.98466,-0.82,1.12,0.17,-0.27615,-0.16385,-0.05856,-0.94523,-0.81,1.11,0.19,-0.44372,-0.14542,-0.03835,-0.88346,-0.81,1.09,0.2,-0.44372,-0.14542,-0.03835,-0.88346,-0.85,1.08,0.09,0.30226,-0.06248,-0.16972,-0.93591,-0.85,1.11,0.14,0.17211,-0.07367,-0.17326,-0.96692,-0.85,1.13,0.18,-0.26258,-0.1443,-0.13685,-0.94419,-0.84,1.12,0.2,-0.4975,-0.16582,-0.16187,-0.83594,-0.83,1.1,0.21,-0.4975,-0.16582,-0.16187,-0.83594,-0.87,1.07,0.09,0.30226,-0.06248,-0.16972,-0.93591,-0.87,1.1,0.14,0.24686,-0.04339,-0.23,-0.94036,-0.87,1.12,0.17,-0.27638,-0.18081,-0.20928,-0.92039,-0.86,1.11,0.19,-0.56972,-0.26219,-0.16209,-0.76184,-0.85,1.09,0.2,-0.56972,-0.26219,-0.16209,-0.76184,-0.88,1.07,0.1,0.2387,0.00518,-0.39934,-0.88517,-0.88,1.09,0.14,0.30689,-0.03035,-0.29699,-0.90371,-0.89,1.1,0.16,-0.18011,-0.17798,-0.3184,-0.91351,-0.88,1.1,0.18,-0.5116,-0.33048,-0.22803,-0.75964,-0.86,1.09,0.19,-0.5116,-0.33048,-0.22803,-0.75964,-0.71,1.1,0.12,-0.26032,-0.16102,-0.07835,0.94877,-0.69,1.07,0.07,-0.26032,-0.16102,-0.07835,0.94877,-0.73,1.07,0.09,-0.44974,-0.2383,0.51384,0.69059,-0.76,1.08,0.11,-0.28311,-0.11563,0.47399,0.82572,-0.77,1.1,0.14,-0.24407,-0.12899,0.5582,0.78244,-0.78,1.1,0.15,-0.24407,-0.12899,0.5582,0.78244,-0.72,1.08,0.1,-0.26032,-0.16102,-0.07835,0.94877,-0.74,1.11,0.14,-0.10623,-0.21415,0.0036,0.971,-0.75,1.12,0.17,0.26298,-0.20328,0.05702,0.94142,-0.76,1.11,0.19,0.43411,-0.16348,0.08335,0.88197,-0.77,1.09,0.2,0.43411,-0.16348,0.08335,0.88197,-0.7,1.08,0.1,-0.26032,-0.16102,-0.07835,0.94877,-0.72,1.11,0.14,-0.12097,-0.15682,-0.06867,0.97778,-0.73,1.12,0.18,0.34988,-0.17366,-0.00029,0.92056,-0.74,1.11,0.2,0.5885,-0.15364,-0.0211,0.79349,-0.74,1.08,0.21,0.5885,-0.15364,-0.0211,0.79349,-0.69,1.08,0.1,-0.26032,-0.16102,-0.07835,0.94877,-0.7,1.1,0.15,-0.16736,-0.11995,-0.13381,0.96938,-0.71,1.12,0.18,0.39601,-0.19605,-0.08362,0.89317,-0.72,1.1,0.2,0.67514,-0.23067,-0.04217,0.69942,-0.73,1.08,0.2,0.67514,-0.23067,-0.04217,0.69942,-0.68,1.07,0.11,-0.19029,-0.07805,-0.30586,0.92959,-0.68,1.09,0.15,-0.2921,-0.04466,-0.21836,0.93006,-0.68,1.11,0.17,0.29769,-0.17314,-0.23283,0.9095,-0.69,1.1,0.19,0.62258,-0.29244,-0.15642,0.70881,-0.7,1.08,0.19,0.62258,-0.29244,-0.15642,0.70881,-0.81,1.08,0.19
-0.8,1.46,-0.16,-0.8,1.46,-0.16,-0.85,1.1,0.11,0.32937,-0.07092,-0.14536,-0.93024,-0.86,1.06,0.06,0.32937,-0.07092,-0.14536,-0.93024,-0.82,1.08,0.09,0.46574,-0.18431,0.4904,-0.71318,-0.8,1.09,0.1,0.1752,-0.00394,0.44975,-0.87579,-0.79,1.1,0.13,-0.00265,0.0497,0.51682,-0.85464,-0.8,1.1,0.16,-0.00265,0.0497,0.51682,-0.85464,-0.83,1.08,0.09,0.32937,-0.07092,-0.14536,-0.93024,-0.83,1.12,0.13,0.11289,-0.12981,-0.06796,-0.98274,-0.82,1.13,0.17,-0.23468,-0.15022,-0.04459,-0.95936,-0.81,1.12,0.19,-0.4095,-0.1301,-0.02745,-0.90257,-0.81,1.1,0.2,-0.4095,-0.1301,-0.02745,-0.90257,-0.85,1.08,0.09,0.32937,-0.07092,-0.14536,-0.93024,-0.85,1.12,0.13,0.1842,-0.07743,-0.14891,-0.96845,-0.85,1.13,0.17,-0.26307,-0.1386,-0.11175,-0.94821,-0.84,1.12,0.19,-0.50307,-0.15451,-0.13896,-0.83889,-0.83,1.1,0.21,-0.50307,-0.15451,-0.13896,-0.83889,-0.87,1.07,0.09,0.32937,-0.07092,-0.14536,-0.93024,-0.87,1.11,0.13,0.24985,-0.05172,-0.20684,-0.94452,-0.87,1.12,0.17,-0.27541,-0.17583,-0.18553,-0.92672,-0.86,1.11,0.19,-0.56894,-0.24933,-0.14219,-0.77066,-0.84,1.09,0.2,-0.56894,-0.24933,-0.14219,-0.77066,-0.87,1.07,0.1,0.26673,-0.00895,-0.37824,-0.8864,-0.88,1.09,0.13,0.31206,-0.0457,-0.2752,-0.90818,-0.89,1.11,0.16,-0.17699,-0.18057,-0.29265,-0.92219,-0.88,1.1,0.18,-0.49091,-0.31784,-0.21129,-0.78316,-0.86,1.09,0.18,-0.49091,-0.31784,-0.21129,-0.78316,-0.71,1.1,0.12,-0.27924,-0.16204,-0.08799,0.94235,-0.69,1.06,0.07,-0.27924,-0.16204,-0.08799,0.94235,-0.73,1.07,0.09,-0.42681,-0.23054,0.55468,0.67603,-0.75,1.08,0.11,-0.25277,-0.08823,0.51669,0.81323,-0.77,1.09,0.14,-0.19932,-0.09493,0.59768,0.77074,-0.78,1.1,0.16,-0.19932,-0.09493,0.59768,0.77074,-0.72,1.08,0.09,-0.27924,-0.16204,-0.08799,0.94235,-0.74,1.11,0.14,-0.07086,-0.21997,0.01174,0.97286,-0.75,1.12,0.17,0.31517,-0.20344,0.07068,0.92427,-0.76,1.1,0.19,0.47963,-0.16085,0.09779,0.85704,-0.76,1.08,0.2,0.47963,-0.16085,0.09779,0.85704,-0.7,1.08,0.1,-0.27924,-0.16204,-0.08799,0.94235,-0.72,1.11,0.14,-0.08404,-0.16416,-0.06846,0.98046,-0.73,1.12,0.18,0.41982,-0.17928,0.01032,0.88966,-0.74,1.1,0.2,0.67166,-0.14943,-0.00563,0.72561,-0.74,1.08,0.2,0.67166,-0.14943,-0.00563,0.72561,-0.69,1.08,0.1,-0.27924,-0.16204,-0.08799,0.94235,-0.7,1.11,0.15,-0.12667,-0.13169,-0.13583,0.97374,-0.71,1.12,0.18,0.47302,-0.20834,-0.071,0.85312,-0.72,1.1,0.19,0.76255,-0.23379,-0.0194,0.60289,-0.72,1.07,0.19,0.76255,-0.23379,-0.0194,0.60289,-0.68,1.07,0.11,-0.20716,-0.08404,-0.3165,0.92187,-0.68,1.09,0.15,-0.24226,-0.06631,-0.22888,0.94049,-0.68,1.11,0.17,0.38899,-0.20267,-0.22173,0.87089,-0.69,1.1,0.19,0.71672,-0.31757,-0.1273,0.60766,-0.7,1.08,0.18,0.71672,-0.31757,-0.1273,0.60766,-0.81,1.08,0.19
-0.79,1.46,-0.16,-0.79,1.46,-0.16,-0.85,1.09,0.11,0.34146,-0.08376,-0.13631,-0.92618,-0.86,1.06,0.06,0.34146,-0.08376,-0.13631,-0.92618,-0.82,1.07,0.09,0.45869,-0.18992,0.51762,-0.69685,-0.8,1.09,0.1,0.18517,-0.005,0.47785,-0.85869,-0.79,1.1,0.13,0.02762,0.04298,0.54636,-0.83599,-0.79,1.1,0.16,0.02762,0.04298,0.54636,-0.83599,-0.83,1.08,0.09,0.34146,-0.08376,-0.13631,-0.92618,-0.83,1.12,0.13,0.1201,-0.1379,-0.05599,-0.98154,-0.82,1.13,0.16,-0.22783,-0.15389,-0.03051,-0.96098,-0.81,1.12,0.18,-0.4013,-0.13118,-0.01338,-0.90641,-0.8,1.1,0.2,-0.4013,-0.13118,-0.01338,-0.90641,-0.85,1.07,0.09,0.34146,-0.08376,-0.13631,-0.92618,-0.85,1.12,0.13,0.18945,-0.08567,-0.1397,-0.96812,-0.84,1.13,0.17,-0.25939,-0.14211,-0.09968,-0.95004,-0.83,1.12,0.19,-0.49967,-0.15503,-0.12657,-0.84278,-0.83,1.1,0.2,-0.49967,-0.15503,-0.12657,-0.84278,-0.87,1.07,0.09,0.34146,-0.08376,-0.13631,-0.92618,-0.87,1.1,0.13,0.25436,-0.05983,-0.19924,-0.94447,-0.86,1.12,0.17,-0.26709,-0.17811,-0.17559,-0.93065,-0.85,1.11,0.19,-0.55783,-0.24786,-0.13307,-0.78082,-0.84,1.09,0.19,-0.55783,-0.24786,-0.13307,-0.78082,-0.87,1.07,0.1,0.27712,-0.02429,-0.37009,-0.88637,-0.88,1.09,0.13,0.30452,-0.05891,-0.26819,-0.91207,-0.88,1.11,0.16,-0.17962,-0.18607,-0.28133,-0.9241,-0.87,1.1,0.17,-0.47948,-0.3155,-0.20416,-0.79302,-0.86,1.09,0.18,-0.47948,-0.3155,-0.20416,-0.79302,-0.71,1.1,0.12,-0.30337,-0.16176,-0.09953,0.93375,-0.69,1.06,0.07,-0.30337,-0.16176,-0.09953,0.93375,-0.73,1.07,0.1,-0.40626,-0.20819,0.59114,0.66495,-0.75,1.08,0.11,-0.23818,-0.05581,0.54838,0.79965,-0.76,1.09,0.14,-0.17338,-0.05595,0.62602,0.75822,-0.77,1.1,0.17,-0.17338,-0.05595,0.62602,0.75822,-0.72,1.08,0.1,-0.30337,-0.16176,-0.09953,0.93375,-0.73,1.11,0.14,0.04928,-0.21875,0.0403,0.9737,-0.75,1.11,0.17,0.44415,-0.18624,0.09997,0.87066,-0.76,1.09,0.18,0.58523,-0.13915,0.12521,0.78897,-0.76,1.07,0.19,0.58523,-0.13915,0.12521,0.78897,-0.7,1.08,0.1,-0.30337,-0.16176,-0.09953,0.93375,-0.71,1.12,0.14,-0.04051,-0.17255,-0.06736,0.98186,-0.73,1.12,0.18,0.46068,-0.18538,0.01587,0.86784,-0.74,1.1,0.19,0.7047,-0.15052,0.00246,0.69335,-0.74,1.07,0.19,0.7047,-0.15052,0.00246,0.69335,-0.68,1.08,0.1,-0.30337,-0.16176,-0.09953,0.93375,-0.7,1.11,0.14,-0.11122,-0.14083,-0.14223,0.97343,-0.7,1.12,0.18,0.49325,-0.21937,-0.06924,0.83892,-0.72,1.1,0.19,0.78071,-0.24212,-0.01239,0.57594,-0.72,1.07,0.18,0.78071,-0.24212,-0.01239,0.57594,-0.68,1.07,0.11,-0.22912,-0.09017,-0.32928,0.91156,-0.68,1.09,0.15,-0.22245,-0.08386,-0.24045,0.9411,-0.68,1.11,0.17,0.4275,-0.2267,-0.21554,0.84817,-0.69,1.09,0.18,0.7472,-0.33634,-0.11019,0.56252,-0.7,1.08,0.18,0.7472,-0.33634,-0.11019,0.56252,-0.81,1.08,0.19
-0.79,1.46,-0.16,-0.79,1.46,-0.16,-0.85,1.09,0.11,0.35996,-0.08871,-0.14501,-0.91735,-0.86,1.05,0.06,0.35996,-0.08871,-0.14501,-0.91735,-0.82,1.07,0.08,0.46606,-0.17735,0.52338,-0.69095,-0.8,1.09,0.1,0.20272,0.00368,0.47852,-0.85434,-0.79,1.1,0.13,0.06191,0.04204,0.54858,-0.83275,-0.79,1.1,0.15,0.06191,0.04204,0.54858,-0.83275,-0.83,1.08,0.09,0.35996,-0.08871,-0.14501,-0.91735,-0.83,1.12,0.13,0.10963,-0.14427,-0.05803,-0.98173,-0.82,1.13,0.16,-0.2415,-0.16042,-0.02965,-0.95659,-0.81,1.12,0.18,-0.4089,-0.13719,-0.01186,-0.90213,-0.8,1.1,0.19,-0.4089,-0.13719,-0.01186,-0.90213,-0.85,1.07,0.09,0.35996,-0.08871,-0.14501,-0.91735,-0.85,1.12,0.13,0.179,-0.09586,-0.14532,-0.96832,-0.84,1.13,0.17,-0.27715,-0.15446,-0.09891,-0.94316,-0.83,1.12,0.19,-0.51745,-0.16562,-0.12227,-0.83059,-0.82,1.1,0.2,-0.51745,-0.16562,-0.12227,-0.83059,-0.87,1.07,0.09,0.35996,-0.08871,-0.14501,-0.91735,-0.87,1.11,0.13,0.24889,-0.07006,-0.20701,-0.94355,-0.86,1.12,0.16,-0.27543,-0.19134,-0.17634,-0.92544,-0.85,1.11,0.18,-0.56482,-0.26033,-0.12939,-0.77231,-0.84,1.09,0.19,-0.56482,-0.26033,-0.12939,-0.77231,-0.87,1.07,0.1,0.29294,-0.03431,-0.37919,-0.87705,-0.88,1.09,0.13,0.29451,-0.07104,-0.27765,-0.91166,-0.88,1.11,0.16,-0.19337,-0.20167,-0.28288,-0.91756,-0.87,1.1,0.17,-0.49153,-0.33071,-0.20018,-0.78036,-0.86,1.09,0.18,-0.49153,-0.33071,-0.20018,-0.78036,-0.71,1.1,0.12,-0.34246,-0.16504,-0.10911,0.91847,-0.69,1.06,0.07,-0.34246,-0.16504,-0.10911,0.91847,-0.73,1.07,0.1,-0.40397,-0.18008,0.61809,0.64988,-0.75,1.08,0.12,-0.25235,-0.02936,0.56781,0.78298,-0.76,1.09,0.14,-0.18855,-0.02968,0.64372,0.74107,-0.77,1.1,0.17,-0.18855,-0.02968,0.64372,0.74107,-0.72,1.08,0.1,-0.34246,-0.16504,-0.10911,0.91847,-0.73,1.12,0.13,0.05795,-0.2169,0.04407,0.97348,-0.75,1.11,0.16,0.45166,-0.18283,0.10258,0.86721,-0.75,1.09,0.18,0.57838,-0.13727,0.1248,0.7944,-0.75,1.07,0.18,0.57838,-0.13727,0.1248,0.7944,-0.7,1.08,0.1,-0.34246,-0.16504,-0.10911,0.91847,-0.71,1.12,0.14,-0.03807,-0.18392,-0.0664,0.97996,-0.73,1.12,0.18,0.45269,-0.19493,0.02038,0.86986,-0.73,1.1,0.19,0.69382,-0.1594,0.0089,0.70223,-0.74,1.08,0.19,0.69382,-0.1594,0.0089,0.70223,-0.68,1.08,0.1,-0.34246,-0.16504,-0.10911,0.91847,-0.69,1.11,0.14,-0.12322,-0.15455,-0.14703,0.96918,-0.7,1.12,0.18,0.47577,-0.23329,-0.066,0.84549,-0.72,1.1,0.19,0.76496,-0.25453,-0.00457,0.59163,-0.72,1.08,0.18,0.76496,-0.25453,-0.00457,0.59163,-0.68,1.07,0.11,-0.26522,-0.10377,-0.34081,0.89596,-0.68,1.1,0.14,-0.242,-0.10225,-0.25081,0.93171,-0.68,1.11,0.17,0.41402,-0.25049,-0.20993,0.84957,-0.69,1.1,0.18,0.73572,-0.35521,-0.09421,0.56892,-0.7,1.08,0.17,0.73572,-0.35521,-0.09421,0.56892,-0.81,1.08,0.19
-0.79,1.46,-0.16,-0.79,1.46,-0.16,-0.85,1.1,0.11,0.37004,-0.07775,-0.15312,-0.91301,-0.86,1.05,0.06,0.37004,-0.07775,-0.15312,-0.91301,-0.82,1.07,0.09,0.4658,-0.15826,0.52341,-0.69572,-0.8,1.09,0.1,0.20678,0.01923,0.4714,-0.85712,-0.79,1.1,0.13,0.06527,0.05621,0.53997,-0.83726,-0.79,1.11,0.16,0.06527,0.05621,0.53997,-0.83726,-0.83,1.08,0.09,0.37004,-0.07775,-0.15312,-0.91301,-0.83,1.12,0.13,0.08294,-0.13152,-0.06692,-0.98557,-0.82,1.13,0.16,-0.30851,-0.15259,-0.0359,-0.93822,-0.81,1.11,0.18,-0.47261,-0.1299,-0.01737,-0.87147,-0.81,1.1,0.19,-0.47261,-0.1299,-0.01737,-0.87147,-0.85,1.07,0.09,0.37004,-0.07775,-0.15312,-0.91301,-0.85,1.12,0.13,0.1374,-0.09448,-0.15068,-0.97442,-0.85,1.13,0.17,-0.35498,-0.15924,-0.09806,-0.91598,-0.84,1.11,0.19,-0.60699,-0.16609,-0.11684,-0.76833,-0.83,1.09,0.19,-0.60699,-0.16609,-0.11684,-0.76833,-0.87,1.07,0.09,0.37004,-0.07775,-0.15312,-0.91301,-0.87,1.11,0.13,0.19398,-0.07504,-0.21149,-0.95499,-0.87,1.12,0.16,-0.35974,-0.20161,-0.17269,-0.89449,-0.85,1.11,0.18,-0.65586,-0.26835,-0.11808,-0.69563,-0.84,1.09,0.18,-0.65586,-0.26835,-0.11808,-0.69563,-0.87,1.07,0.1,0.30391,-0.02655,-0.38776,-0.86981,-0.88,1.09,0.13,0.24558,-0.08197,-0.28436,-0.9231,-0.88,1.11,0.16,-0.27916,-0.22132,-0.27636,-0.89259,-0.87,1.1,0.17,-0.59199,-0.35205,-0.17861,-0.70264,-0.86,1.08,0.17,-0.59199,-0.35205,-0.17861,-0.70264,-0.71,1.1,0.12,-0.35227,-0.16502,-0.10986,0.91466,-0.69,1.06,0.07,-0.35227,-0.16502,-0.10986,0.91466,-0.73,1.07,0.1,-0.4102,-0.1782,0.61835,0.64624,-0.75,1.08,0.12,-0.26284,-0.03075,0.56724,0.77988,-0.76,1.09,0.14,-0.20952,-0.03875,0.64394,0.73481,-0.77,1.1,0.17,-0.20952,-0.03875,0.64394,0.73481,-0.72,1.08,0.09,-0.35227,-0.16502,-0.10986,0.91466,-0.73,1.12,0.13,0.0251,-0.21186,0.03272,0.97643,-0.75,1.12,0.16,0.41047,-0.18487,0.08766,0.88862,-0.75,1.1,0.18,0.53647,-0.14232,0.10811,0.82478,-0.76,1.08,0.19,0.53647,-0.14232,0.10811,0.82478,-0.7,1.08,0.1,-0.35227,-0.16502,-0.10986,0.91466,-0.71,1.12,0.14,-0.05058,-0.18538,-0.06663,0.9791,-0.73,1.13,0.17,0.42118,-0.19693,0.01645,0.88519,-0.73,1.11,0.19,0.65828,-0.16572,0.00378,0.7343,-0.74,1.08,0.19,0.65828,-0.16572,0.00378,0.7343,-0.68,1.08,0.1,-0.35227,-0.16502,-0.10986,0.91466,-0.69,1.11,0.14,-0.13178,-0.15709,-0.147,0.96765,-0.7,1.12,0.18,0.45054,-0.2345,-0.06868,0.85867,-0.72,1.1,0.19,0.73917,-0.25818,-0.00861,0.62201,-0.72,1.08,0.18,0.73917,-0.25818,-0.00861,0.62201,-0.68,1.07,0.11,-0.27468,-0.10633,-0.34213,0.8923,-0.68,1.1,0.14,-0.24986,-0.10805,-0.25094,0.92894,-0.68,1.11,0.17,0.40248,-0.25481,-0.20726,0.85447,-0.69,1.1,0.18,0.72434,-0.35778,-0.09122,0.58224,-0.7,1.09,0.17,0.72434,-0.35778,-0.09122,0.58224,-0.81,1.08,0.19
-0.79,1.46,-0.16,-0.79,1.46,-0.16,-0.85,1.1,0.11,0.37886,-0.07417,-0.15012,-0.91018,-0.86,1.05,0.06,0.37886,-0.07417,-0.15012,-0.91018,-0.82,1.07,0.09,0.46609,-0.15083,0.53029,-0.69195,-0.8,1.09,0.1,0.21404,0.02557,0.47543,-0.85294,-0.79,1.1,0.13,0.07179,0.06411,0.54304,-0.83417,-0.79,1.11,0.16,0.07179,0.06411,0.54304,-0.83417,-0.83,1.08,0.09,0.37886,-0.07417,-0.15012,-0.91018,-0.83,1.12,0.13,0.06264,-0.12118,-0.06637,-0.98843,-0.82,1.13,0.16,-0.37684,-0.14426,-0.03187,-0.91442,-0.81,1.11,0.18,-0.54383,-0.1206,-0.01152,-0.83041,-0.81,1.09,0.19,-0.54383,-0.1206,-0.01152,-0.83041,-0.85,1.07,0.09,0.37886,-0.07417,-0.15012,-0.91018,-0.85,1.12,0.13,0.11687,-0.09295,-0.14722,-0.97777,-0.85,1.13,0.17,-0.41066,-0.15964,-0.08961,-0.89322,-0.84,1.11,0.18,-0.67624,-0.16122,-0.10499,-0.71111,-0.83,1.09,0.19,-0.67624,-0.16122,-0.10499,-0.71111,-0.87,1.07,0.09,0.37886,-0.07417,-0.15012,-0.91018,-0.87,1.11,0.13,0.15027,-0.08319,-0.20465,-0.96365,-0.86,1.12,0.17,-0.42847,-0.20766,-0.15784,-0.86509,-0.85,1.1,0.18,-0.73032,-0.26777,-0.09661,-0.62097,-0.84,1.08,0.18,-0.73032,-0.26777,-0.09661,-0.62097,-0.87,1.07,0.1,0.31366,-0.02525,-0.38557,-0.86736,-0.88,1.09,0.13,0.19565,-0.09932,-0.27854,-0.93502,-0.88,1.1,0.16,-0.352,-0.23531,-0.25758,-0.86855,-0.87,1.09,0.17,-0.6705,-0.36044,-0.14916,-0.63108,-0.85,1.08,0.17,-0.6705,-0.36044,-0.14916,-0.63108,-0.71,1.1,0.12,-0.34913,-0.16473,-0.10852,0.91608,-0.69,1.06,0.07,-0.34913,-0.16473,-0.10852,0.91608,-0.73,1.07,0.1,-0.40996,-0.18256,0.61683,0.64663,-0.75,1.08,0.12,-0.26038,-0.034,0.56696,0.78077,-0.76,1.09,0.14,-0.20895,-0.04362,0.64372,0.73489,-0.77,1.1,0.17,-0.20895,-0.04362,0.64372,0.73489,-0.72,1.08,0.1,-0.34913,-0.16473,-0.10852,0.91608,-0.73,1.12,0.13,0.01859,-0.20789,0.02785,0.97758,-0.75,1.12,0.17,0.39182,-0.18445,0.07892,0.8979,-0.75,1.1,0.18,0.51561,-0.14369,0.09805,0.83898,-0.76,1.08,0.19,0.51561,-0.14369,0.09805,0.83898,-0.7,1.08,0.1,-0.34913,-0.16473,-0.10852,0.91608,-0.71,1.12,0.14,-0.0475,-0.18448,-0.0656,0.97949,-0.73,1.12,0.18,0.41407,-0.1958,0.01474,0.88881,-0.74,1.1,0.19,0.64451,-0.16629,0.00069,0.74629,-0.74,1.08,0.19,0.64451,-0.16629,0.00069,0.74629,-0.68,1.08,0.1,-0.34913,-0.16473,-0.10852,0.91608,-0.69,1.11,0.14,-0.13048,-0.15604,-0.14596,0.96815,-0.7,1.12,0.18,0.44047,-0.23222,-0.07128,0.86428,-0.72,1.1,0.19,0.7239,-0.25791,-0.01421,0.63972,-0.72,1.08,0.19,0.7239,-0.25791,-0.01421,0.63972,-0.68,1.07,0.11,-0.27186,-0.10517,-0.34069,0.89385,-0.68,1.1,0.14,-0.2469,-0.10934,-0.24872,0.93017,-0.68,1.11,0.17,0.39748,-0.25239,-0.20682,0.85763,-0.69,1.1,0.18,0.71551,-0.35497,-0.09476,0.59419,-0.7,1.08,0.18,0.71551,-0.35497,-0.09476,0.59419,-0.81,1.08,0.19
-0.79,1.46,-0.16,-0.79,1.46,-0.16,-0.85,1.1,0.11,0.36962,-0.07,-0.13553,-0.91658,-0.85,1.06,0.06,0.36962,-0.07,-0.13553,-0.91658,-0.82,1.07,0.09,0.45007,-0.16045,0.54403,-0.68973,-0.8,1.09,0.1,0.20345,0.01998,0.49216,-0.84616,-0.79,1.1,0.14,0.06557,0.05783,0.55983,-0.82398,-0.79,1.11,0.16,0.06557,0.05783,0.55983,-0.82398,-0.83,1.08,0.09,0.36962,-0.07,-0.13553,-0.91658,-0.83,1.12,0.13,0.05522,-0.11002,-0.05667,-0.99077,-0.82,1.12,0.16,-0.40172,-0.13035,-0.02557,-0.90608,-0.81,1.11,0.18,-0.57964,-0.10582,-0.00521,-0.80795,-0.81,1.09,0.19,-0.57964,-0.10582,-0.00521,-0.80795,-0.85,1.07,0.09,0.36962,-0.07,-0.13553,-0.91658,-0.85,1.12,0.13,0.10885,-0.08372,-0.13482,-0.98131,-0.84,1.13,0.17,-0.41999,-0.14528,-0.08378,-0.8919,-0.84,1.11,0.19,-0.68705,-0.14528,-0.10359,-0.70436,-0.83,1.09,0.19,-0.68705,-0.14528,-0.10359,-0.70436,-0.87,1.07,0.09,0.36962,-0.07,-0.13553,-0.91658,-0.87,1.11,0.13,0.13695,-0.07563,-0.19107,-0.96903,-0.86,1.12,0.17,-0.43821,-0.19255,-0.15233,-0.86469,-0.85,1.1,0.18,-0.73875,-0.25146,-0.09773,-0.61763,-0.84,1.08,0.18,-0.73875,-0.25146,-0.09773,-0.61763,-0.87,1.07,0.09,0.30751,-0.01813,-0.37155,-0.87582,-0.88,1.09,0.13,0.17775,-0.09299,-0.26535,-0.94305,-0.88,1.1,0.16,-0.36743,-0.22049,-0.25097,-0.86798,-0.87,1.09,0.17,-0.68072,-0.34352,-0.15194,-0.62891,-0.85,1.08,0.17,-0.68072,-0.34352,-0.15194,-0.62891,-0.71,1.1,0.12,-0.34384,-0.16499,-0.10787,0.9181,-0.69,1.06,0.07,-0.34384,-0.16499,-0.10787,0.9181,-0.73,1.07,0.1,-0.41096,-0.18941,0.61255,0.64809,-0.75,1.08,0.12,-0.25646,-0.03881,0.56471,0.78347,-0.76,1.09,0.14,-0.20355,-0.0473,0.64156,0.73806,-0.77,1.1,0.17,-0.20355,-0.0473,0.64156,0.73806,-0.72,1.08,0.1,-0.34384,-0.16499,-0.10787,0.9181,-0.73,1.12,0.13,0.02109,-0.20584,0.02543,0.97803,-0.75,1.11,0.17,0.38651,-0.18404,0.07429,0.90068,-0.75,1.1,0.18,0.50796,-0.14424,0.09268,0.84415,-0.76,1.08,0.19,0.50796,-0.14424,0.09268,0.84415,-0.7,1.07,0.1,-0.34384,-0.16499,-0.10787,0.9181,-0.71,1.12,0.14,-0.04205,-0.18367,-0.06549,0.9799,-0.73,1.12,0.18,0.41519,-0.19502,0.0136,0.88848,-0.74,1.1,0.19,0.64084,-0.16613,-0.00115,0.74948,-0.74,1.08,0.2,0.64084,-0.16613,-0.00115,0.74948,-0.68,1.07,0.1,-0.34384,-0.16499,-0.10787,0.9181,-0.69,1.11,0.14,-0.12639,-0.15502,-0.14564,0.96891,-0.7,1.12,0.18,0.43826,-0.23061,-0.07315,0.86568,-0.72,1.1,0.19,0.71789,-0.25742,-0.01786,0.64657,-0.72,1.08,0.19,0.71789,-0.25742,-0.01786,0.64657,-0.68,1.07,0.11,-0.26674,-0.10403,-0.33974,0.89588,-0.68,1.1,0.14,-0.24176,-0.11,-0.24728,0.93183,-0.68,1.11,0.17,0.39214,-0.2493,-0.20792,0.86072,-0.69,1.1,0.18,0.70669,-0.35221,-0.0996,0.60549,-0.7,1.08,0.18,0.70669,-0.35221,-0.0996,0.60549,-0.81,1.08,0.19
-0.79,1.46,-0.16,-0.79,1.46,-0.16,-0.85,1.1,0.11,0.35835,-0.06441,-0.11491,-0.92425,-0.85,1.06,0.06,0.35835,-0.06441,-0.11491,-0.92425,-0.82,1.07,0.09,0.43211,-0.17231,0.55991,-0.68563,-0.8,1.09,0.11,0.18792,0.01515,0.512,-0.83804,-0.79,1.1,0.14,0.05591,0.0511,0.57943,-0.8115,-0.79,1.1,0.16,0.05591,0.0511,0.57943,-0.8115,-0.83,1.08,0.09,0.35835,-0.06441,-0.11491,-0.92425,-0.83,1.12,0.13,0.04479,-0.09774,-0.03994,-0.9934,-0.82,1.12,0.16,-0.41416,-0.11161,-0.01607,-0.90319,-0.81,1.1,0.18,-0.59736,-0.08551,0.00147,-0.7974,-0.81,1.08,0.19,-0.59736,-0.08551,0.00147,-0.7974,-0.85,1.07,0.09,0.35835,-0.06441,-0.11491,-0.92425,-0.85,1.12,0.13,0.10459,-0.07157,-0.11685,-0.98503,-0.84,1.13,0.17,-0.40818,-0.12405,-0.07722,-0.90113,-0.84,1.11,0.19,-0.66865,-0.12364,-0.10519,-0.72564,-0.83,1.09,0.19,-0.66865,-0.12364,-0.10519,-0.72564,-0.87,1.07,0.09,0.35835,-0.06441,-0.11491,-0.92425,-0.87,1.11,0.13,0.13873,-0.06173,-0.17343,-0.97307,-0.86,1.12,0.17,-0.41139,-0.16693,-0.15053,-0.88331,-0.85,1.1,0.18,-0.7073,-0.22725,-0.10921,-0.66043,-0.84,1.08,0.18,-0.7073,-0.22725,-0.10921,-0.66043,-0.87,1.07,0.09,0.30051,-0.00893,-0.3517,-0.88652,-0.88,1.09,0.13,0.17675,-0.07633,-0.24853,-0.9493,-0.88,1.1,0.16,-0.34972,-0.19199,-0.2498,-0.88229,-0.87,1.09,0.17,-0.64743,-0.31303,-0.17159,-0.67336,-0.85,1.08,0.17,-0.64743,-0.31303,-0.17159,-0.67336,-0.71,1.1,0.12,-0.34294,-0.16683,-0.11058,0.91779,-0.69,1.06,0.07,-0.34294,-0.16683,-0.11058,0.91779,-0.73,1.07,0.1,-0.41803,-0.19354,0.60482,0.6496,-0.75,1.08,0.11,-0.25724,-0.0415,0.55838,0.7876,-0.76,1.09,0.14,-0.1991,-0.04561,0.63562,0.74449,-0.77,1.1,0.16,-0.1991,-0.04561,0.63562,0.74449,-0.72,1.07,0.1,-0.34294,-0.16683,-0.11058,0.91779,-0.73,1.12,0.13,0.02224,-0.20713,0.02244,0.9778,-0.75,1.11,0.17,0.38442,-0.18656,0.07134,0.90129,-0.75,1.1,0.18,0.50424,-0.14734,0.08968,0.84616,-0.76,1.08,0.19,0.50424,-0.14734,0.08968,0.84616,-0.7,1.07,0.1,-0.34294,-0.16683,-0.11058,0.91779,-0.71,1.12,0.14,-0.04162,-0.18527,-0.06828,0.97943,-0.73,1.12,0.18,0.416,-0.1977,0.01201,0.88753,-0.74,1.1,0.19,0.64161,-0.16906,-0.00194,0.74816,-0.74,1.08,0.2,0.64161,-0.16906,-0.00194,0.74816,-0.68,1.07,0.1,-0.34294,-0.16683,-0.11058,0.91779,-0.69,1.11,0.14,-0.12785,-0.15645,-0.14855,0.96805,-0.7,1.12,0.18,0.43664,-0.23346,-0.07469,0.8656,-0.72,1.1,0.19,0.71582,-0.26069,-0.01842,0.64753,-0.73,1.08,0.19,0.71582,-0.26069,-0.01842,0.64753,-0.68,1.07,0.11,-0.26512,-0.10572,-0.34213,0.89525,-0.68,1.09,0.15,-0.24097,-0.11306,-0.2493,0.93113,-0.68,1.11,0.17,0.38928,-0.25214,-0.20838,0.86108,-0.69,1.1,0.18,0.70319,-0.35489,-0.09924,0.60805,-0.71,1.08,0.18,0.70319,-0.35489,-0.09924,0.60805,-0.81,1.08,0.19
-0.79,1.46,-0.16,-0.79,1.46,-0.16,-0.85,1.1,0.11,0.36938,-0.06421,-0.10683,-0.92088,-0.85,1.06,0.06,0.36938,-0.06421,-0.10683,-0.92088,-0.82,1.07,0.09,0.43869,-0.17138,0.56648,-0.67623,-0.8,1.09,0.11,0.19388,0.01964,0.51853,-0.83256,-0.79,1.1,0.14,0.06192,0.05698,0.5852,-0.80651,-0.79,1.1,0.16,0.06192,0.05698,0.5852,-0.80651,-0.83,1.08,0.09,0.36938,-0.06421,-0.10683,-0.92088,-0.83,1.12,0.13,0.06401,-0.09408,-0.03336,-0.99294,-0.82,1.13,0.16,-0.39203,-0.10579,-0.01232,-0.91377,-0.81,1.11,0.18,-0.57908,-0.07919,0.00339,-0.81141,-0.81,1.09,0.19,-0.57908,-0.07919,0.00339,-0.81141,-0.85,1.08,0.09,0.36938,-0.06421,-0.10683,-0.92088,-0.85,1.12,0.13,0.13724,-0.06781,-0.11054,-0.98201,-0.84,1.13,0.17,-0.34039,-0.11492,-0.0783,-0.92994,-0.84,1.12,0.19,-0.58695,-0.11881,-0.11154,-0.79305,-0.83,1.09,0.2,-0.58695,-0.11881,-0.11154,-0.79305,-0.86,1.08,0.09,0.36938,-0.06421,-0.10683,-0.92088,-0.86,1.11,0.13,0.19285,-0.05374,-0.16865,-0.96513,-0.86,1.13,0.16,-0.31527,-0.15246,-0.15649,-0.92351,-0.85,1.11,0.18,-0.59743,-0.21582,-0.12552,-0.76207,-0.84,1.09,0.19,-0.59743,-0.21582,-0.12552,-0.76207,-0.87,1.07,0.09,0.31243,-0.01135,-0.34473,-0.88511,-0.88,1.1,0.13,0.2396,-0.05902,-0.24384,-0.9379,-0.88,1.11,0.16,-0.23642,-0.16589,-0.26236,-0.92074,-0.87,1.1,0.17,-0.50274,-0.28332,-0.20546,-0.79042,-0.86,1.09,0.18,-0.50274,-0.28332,-0.20546,-0.79042,-0.71,1.1,0.12,-0.34346,-0.16825,-0.11379,0.91694,-0.69,1.06,0.07,-0.34346,-0.16825,-0.11379,0.91694,-0.73,1.07,0.1,-0.42513,-0.19552,0.59759,0.65109,-0.75,1.08,0.11,-0.25833,-0.04216,0.55203,0.79168,-0.76,1.09,0.14,-0.19492,-0.04212,0.62959,0.7509,-0.77,1.1,0.16,-0.19492,-0.04212,0.62959,0.7509,-0.72,1.07,0.1,-0.34346,-0.16825,-0.11379,0.91694,-0.73,1.12,0.13,0.02275,-0.20777,0.01873,0.97773,-0.75,1.11,0.17,0.38274,-0.18866,0.06769,0.90185,-0.75,1.1,0.18,0.50121,-0.15007,0.08599,0.84787,-0.76,1.08,0.19,0.50121,-0.15007,0.08599,0.84787,-0.7,1.07,0.1,-0.34346,-0.16825,-0.11379,0.91694,-0.71,1.12,0.14,-0.04176,-0.18646,-0.07167,0.97895,-0.73,1.12,0.18,0.41602,-0.20033,0.00962,0.88697,-0.74,1.1,0.19,0.64163,-0.17219,-0.00353,0.74743,-0.74,1.08,0.2,0.64163,-0.17219,-0.00353,0.74743,-0.68,1.07,0.1,-0.34346,-0.16825,-0.11379,0.91694,-0.69,1.11,0.14,-0.12933,-0.15783,-0.15187,0.96711,-0.7,1.12,0.18,0.43504,-0.23651,-0.07658,0.86541,-0.72,1.1,0.19,0.71377,-0.26426,-0.01922,0.64832,-0.73,1.08,0.19,0.71377,-0.26426,-0.01922,0.64832,-0.68,1.07,0.11,-0.26489,-0.10738,-0.34511,0.89398,-0.68,1.09,0.15,-0.2405,-0.11625,-0.25185,0.93017,-0.68,1.11,0.17,0.38706,-0.25568,-0.20894,0.8609,-0.69,1.1,0.18,0.7,-0.35821,-0.09873,0.60987,-0.71,1.08,0.18,0.7,-0.35821,-0.09873,0.60987,-0.81,1.08,0.19
-0.79,1.46,-0.16,-0.79,1.46,-0.16,-0.85,1.1,0.11,0.36438,-0.06705,-0.11773,-0.92134,-0.85,1.06,0.06,0.36438,-0.06705,-0.11773,-0.92134,-0.82,1.08,0.09,0.4435,-0.1826,0.55427,-0.68026,-0.8,1.09,0.11,0.19213,0.00703,0.51054,-0.83809,-0.79,1.1,0.14,0.06349,0.0413,0.57956,-0.8114,-0.79,1.1,0.16,0.06349,0.0413,0.57956,-0.8114,-0.83,1.08,0.09,0.36438,-0.06705,-0.11773,-0.92134,-0.83,1.12,0.13,0.08683,-0.10121,-0.04509,-0.99004,-0.82,1.13,0.16,-0.34161,-0.11731,-0.02311,-0.93221,-0.81,1.11,0.18,-0.52945,-0.09309,-0.00674,-0.84319,-0.81,1.09,0.19,-0.52945,-0.09309,-0.00674,-0.84319,-0.85,1.08,0.09,0.36438,-0.06705,-0.11773,-0.92134,-0.85,1.12,0.13,0.16502,-0.07107,-0.12167,-0.97617,-0.84,1.14,0.17,-0.26363,-0.11872,-0.09272,-0.95279,-0.84,1.12,0.19,-0.48216,-0.12854,-0.12713,-0.85723,-0.83,1.1,0.2,-0.48216,-0.12854,-0.12713,-0.85723,-0.86,1.08,0.09,0.36438,-0.06705,-0.11773,-0.92134,-0.86,1.11,0.13,0.21266,-0.05499,-0.17951,-0.95892,-0.86,1.13,0.17,-0.25029,-0.152,-0.17115,-0.94072,-0.85,1.12,0.19,-0.5039,-0.21737,-0.14506,-0.82328,-0.84,1.1,0.2,-0.5039,-0.21737,-0.14506,-0.82328,-0.87,1.07,0.1,0.30546,-0.0132,-0.35463,-0.88361,-0.88,1.1,0.13,0.24239,-0.06049,-0.25383,-0.93443,-0.88,1.11,0.16,-0.1692,-0.15409,-0.27852,-0.93277,-0.87,1.11,0.18,-0.38481,-0.26351,-0.23702,-0.85223,-0.86,1.1,0.19,-0.38481,-0.26351,-0.23702,-0.85223,-0.71,1.1,0.12,-0.34309,-0.16749,-0.11449,0.91713,-0.69,1.06,0.07,-0.34309,-0.16749,-0.11449,0.91713,-0.73,1.07,0.1,-0.42955,-0.1987,0.59228,0.65208,-0.75,1.08,0.11,-0.25868,-0.04461,0.54783,0.79434,-0.76,1.09,0.14,-0.19225,-0.04217,0.62567,0.75485,-0.77,1.1,0.16,-0.19225,-0.04217,0.62567,0.75485,-0.72,1.07,0.1,-0.34309,-0.16749,-0.11449,0.91713,-0.73,1.12,0.13,0.0189,-0.20576,0.01525,0.9783,-0.75,1.11,0.17,0.37019,-0.18878,0.06179,0.90747,-0.75,1.1,0.18,0.4886,-0.15115,0.07956,0.85563,-0.76,1.08,0.19,0.4886,-0.15115,0.07956,0.85563,-0.7,1.07,0.1,-0.34309,-0.16749,-0.11449,0.91713,-0.71,1.12,0.14,-0.04816,-0.18423,-0.0748,0.97885,-0.73,1.12,0.18,0.39753,-0.19994,0.00301,0.89554,-0.74,1.1,0.19,0.61885,-0.17529,-0.01129,0.76562,-0.74,1.08,0.2,0.61885,-0.17529,-0.01129,0.76562,-0.68,1.07,0.1,-0.34309,-0.16749,-0.11449,0.91713,-0.69,1.11,0.14,-0.13375,-0.15519,-0.15423,0.96656,-0.7,1.12,0.18,0.42099,-0.235,-0.08236,0.87222,-0.72,1.1,0.19,0.69715,-0.2656,-0.02668,0.66537,-0.73,1.08,0.19,0.69715,-0.2656,-0.02668,0.66537,-0.68,1.07,0.11,-0.26458,-0.10656,-0.34579,0.89391,-0.68,1.09,0.15,-0.24027,-0.11509,-0.2527,0.93014,-0.68,1.11,0.17,0.37913,-0.25349,-0.21229,0.86426,-0.69,1.1,0.18,0.68896,-0.35716,-0.10496,0.62189,-0.71,1.08,0.18,0.68896,-0.35716,-0.10496,0.62189,-0.81,1.08,0.19
-0.79,1.46,-0.16,-0.79,1.46,-0.16,-0.85,1.1,0.11,0.34725,-0.06873,-0.1357,-0.92535,-0.85,1.06,0.06,0.34725,-0.06873,-0.1357,-0.92535,-0.82,1.08,0.09,0.44729,-0.19454,0.52904,-0.69441,-0.8,1.09,0.11,0.19269,-0.01464,0.48936,-0.8504,-0.79,1.1,0.14,0.06635,0.01609,0.56233,-0.82409,-0.79,1.1,0.16,0.06635,0.01609,0.56233,-0.82409,-0.83,1.08,0.09,0.34725,-0.06873,-0.1357,-0.92535,-0.83,1.12,0.13,0.08753,-0.10914,-0.06354,-0.98812,-0.82,1.13,0.17,-0.31659,-0.1313,-0.03982,-0.93859,-0.81,1.11,0.19,-0.49376,-0.11003,-0.02283,-0.86231,-0.81,1.09,0.2,-0.49376,-0.11003,-0.02283,-0.86231,-0.85,1.08,0.09,0.34725,-0.06873,-0.1357,-0.92535,-0.85,1.12,0.13,0.14446,-0.08013,-0.1362,-0.97681,-0.84,1.13,0.17,-0.28171,-0.13271,-0.10221,-0.94477,-0.84,1.12,0.19,-0.48257,-0.14146,-0.13389,-0.85392,-0.83,1.1,0.21,-0.48257,-0.14146,-0.13389,-0.85392,-0.87,1.07,0.09,0.34725,-0.06873,-0.1357,-0.92535,-0.87,1.11,0.13,0.18621,-0.06207,-0.19457,-0.96105,-0.86,1.12,0.17,-0.26183,-0.16165,-0.18368,-0.93358,-0.85,1.11,0.19,-0.49367,-0.22707,-0.15834,-0.82441,-0.84,1.09,0.2,-0.49367,-0.22707,-0.15834,-0.82441,-0.87,1.07,0.1,0.28594,-0.01104,-0.37042,-0.88369,-0.88,1.09,0.13,0.2057,-0.06876,-0.26952,-0.93825,-0.88,1.1,0.16,-0.18239,-0.15841,-0.29182,-0.92546,-0.87,1.1,0.18,-0.3627,-0.26182,-0.25797,-0.85636,-0.86,1.09,0.19,-0.3627,-0.26182,-0.25797,-0.85636,-0.71,1.1,0.12,-0.3407,-0.16498,-0.11001,0.91902,-0.69,1.06,0.07,-0.3407,-0.16498,-0.11001,0.91902,-0.73,1.07,0.1,-0.4383,-0.21388,0.58219,0.65054,-0.75,1.08,0.11,-0.26083,-0.05906,0.54243,0.7964,-0.77,1.09,0.14,-0.1906,-0.05263,0.62121,0.75829,-0.77,1.1,0.16,-0.1906,-0.05263,0.62121,0.75829,-0.72,1.08,0.1,-0.3407,-0.16498,-0.11001,0.91902,-0.73,1.12,0.13,-0.10651,-0.20014,-0.01396,0.97386,-0.75,1.13,0.17,0.21215,-0.1983,0.02473,0.95659,-0.76,1.12,0.19,0.33899,-0.16702,0.03942,0.92501,-0.76,1.1,0.2,0.33899,-0.16702,0.03942,0.92501,-0.7,1.08,0.1,-0.3407,-0.16498,-0.11001,0.91902,-0.71,1.12,0.14,-0.10988,-0.17296,-0.08487,0.97509,-0.73,1.13,0.18,0.26165,-0.19362,-0.02719,0.94515,-0.74,1.12,0.2,0.44092,-0.18608,-0.05071,0.87658,-0.74,1.1,0.21,0.44092,-0.18608,-0.05071,0.87658,-0.68,1.08,0.1,-0.3407,-0.16498,-0.11001,0.91902,-0.69,1.11,0.14,-0.17923,-0.13871,-0.16067,0.96064,-0.7,1.12,0.18,0.29524,-0.21761,-0.11431,0.92326,-0.71,1.11,0.2,0.5395,-0.26265,-0.07435,0.79651,-0.73,1.09,0.2,0.5395,-0.26265,-0.07435,0.79651,-0.68,1.07,0.11,-0.26339,-0.10328,-0.34156,0.89627,-0.68,1.1,0.15,-0.27901,-0.09491,-0.25264,0.92158,-0.68,1.11,0.17,0.27358,-0.22437,-0.2385,0.90439,-0.69,1.11,0.19,0.55249,-0.33384,-0.15887,0.74704,-0.7,1.09,0.19,0.55249,-0.33384,-0.15887,0.74704,-0.81,1.08,0.19
-0.79,1.46,-0.16,-0.79,1.46,-0.16,-0.85,1.1,0.11,0.35433,-0.06878,-0.12967,-0.92353,-0.85,1.06,0.06,0.35433,-0.06878,-0.12967,-0.92353,-0.82,1.08,0.09,0.45551,-0.18797,0.52995,-0.69017,-0.8,1.09,0.1,0.20302,-0.00936,0.48799,-0.84886,-0.79,1.1,0.13,0.07358,0.02393,0.56043,-0.82458,-0.79,1.1,0.16,0.07358,0.02393,0.56043,-0.82458,-0.83,1.08,0.09,0.35433,-0.06878,-0.12967,-0.92353,-0.83,1.12,0.13,0.09375,-0.10698,-0.0577,-0.98815,-0.82,1.13,0.17,-0.31594,-0.12735,-0.03461,-0.93956,-0.81,1.11,0.18,-0.48889,-0.10499,-0.01911,-0.8658,-0.81,1.1,0.2,-0.48889,-0.10499,-0.01911,-0.8658,-0.85,1.08,0.09,0.35433,-0.06878,-0.12967,-0.92353,-0.85,1.12,0.13,0.14374,-0.08147,-0.12891,-0.9778,-0.84,1.13,0.17,-0.28727,-0.13128,-0.09443,-0.9441,-0.84,1.12,0.19,-0.48646,-0.13794,-0.1267,-0.85339,-0.83,1.1,0.21,-0.48646,-0.13794,-0.1267,-0.85339,-0.87,1.07,0.09,0.35433,-0.06878,-0.12967,-0.92353,-0.87,1.11,0.13,0.17762,-0.06564,-0.18725,-0.96389,-0.86,1.12,0.17,-0.27428,-0.16185,-0.17527,-0.93159,-0.85,1.11,0.19,-0.50537,-0.22479,-0.15052,-0.8194,-0.84,1.09,0.2,-0.50537,-0.22479,-0.15052,-0.8194,-0.87,1.07,0.1,0.29366,-0.0127,-0.3652,-0.88331,-0.88,1.09,0.13,0.19282,-0.07477,-0.26335,-0.94227,-0.88,1.1,0.16,-0.20231,-0.16243,-0.28299,-0.92337,-0.87,1.1,0.18,-0.38543,-0.26467,-0.24858,-0.84829,-0.86,1.09,0.19,-0.38543,-0.26467,-0.24858,-0.84829,-0.71,1.1,0.12,-0.32848,-0.16206,-0.10058,0.92505,-0.69,1.06,0.07,-0.32848,-0.16206,-0.10058,0.92505,-0.73,1.07,0.09,-0.43276,-0.22414,0.58098,0.65188,-0.75,1.08,0.11,-0.2441,-0.06153,0.54562,0.79933,-0.77,1.09,0.14,-0.17237,-0.05526,0.6238,0.76033,-0.77,1.09,0.16,-0.17237,-0.05526,0.6238,0.76033,-0.72,1.07,0.09,-0.32848,-0.16206,-0.10058,0.92505,-0.73,1.11,0.13,-0.12742,-0.18879,-0.01767,0.97355,-0.75,1.12,0.17,0.19389,-0.18923,0.01804,0.96243,-0.76,1.11,0.19,0.32244,-0.15906,0.03122,0.93261,-0.76,1.1,0.2,0.32244,-0.15906,0.03122,0.93261,-0.7,1.07,0.1,-0.32848,-0.16206,-0.10058,0.92505,-0.71,1.12,0.14,-0.08902,-0.1688,-0.07452,0.97879,-0.73,1.12,0.18,0.26305,-0.18522,-0.02292,0.94656,-0.74,1.11,0.2,0.41366,-0.17673,-0.051,0.89166,-0.74,1.09,0.21,0.41366,-0.17673,-0.051,0.89166,-0.68,1.07,0.1,-0.32848,-0.16206,-0.10058,0.92505,-0.69,1.11,0.14,-0.17282,-0.13246,-0.15219,0.96407,-0.7,1.12,0.18,0.26627,-0.20376,-0.11712,0.93481,-0.71,1.11,0.2,0.48018,-0.2491,-0.08784,0.83646,-0.73,1.09,0.21,0.48018,-0.2491,-0.08784,0.83646,-0.68,1.07,0.11,-0.25338,-0.09691,-0.33202,0.90342,-0.68,1.09,0.15,-0.32289,-0.06695,-0.24635,0.91136,-0.68,1.11,0.17,0.19859,-0.19335,-0.25318,0.92687,-0.69,1.11,0.19,0.44806,-0.30233,-0.19315,0.81886,-0.7,1.09,0.2,0.44806,-0.30233,-0.19315,0.81886,-0.81,1.08,0.19
-0.79,1.46,-0.16,-0.79,1.46,-0.16,-0.85,1.1,0.11,0.3676,-0.06418,-0.10831,-0.92142,-0.85,1.06,0.06,0.3676,-0.06418,-0.10831,-0.92142,-0.82,1.07,0.09,0.45843,-0.17317,0.54646,-0.67914,-0.8,1.09,0.1,0.20992,0.01018,0.49939,-0.8405,-0.79,1.1,0.13,0.06703,0.05407,0.56721,-0.81906,-0.79,1.1,0.16,0.06703,0.05407,0.56721,-0.81906,-0.83,1.08,0.09,0.3676,-0.06418,-0.10831,-0.92142,-0.83,1.12,0.13,0.10531,-0.09538,-0.03862,-0.9891,-0.82,1.13,0.16,-0.32721,-0.10983,-0.01926,-0.93835,-0.82,1.11,0.18,-0.5019,-0.08481,-0.00671,-0.86073,-0.81,1.09,0.19,-0.5019,-0.08481,-0.00671,-0.86073,-0.85,1.07,0.09,0.3676,-0.06418,-0.10831,-0.92142,-0.85,1.12,0.13,0.12892,-0.07512,-0.10734,-0.98296,-0.84,1.13,0.17,-0.3442,-0.11946,-0.07259,-0.92843,-0.84,1.11,0.19,-0.55895,-0.1194,-0.10641,-0.81363,-0.83,1.09,0.2,-0.55895,-0.1194,-0.10641,-0.81363,-0.87,1.07,0.09,0.3676,-0.06418,-0.10831,-0.92142,-0.87,1.11,0.13,0.15436,-0.06378,-0.16544,-0.97198,-0.86,1.12,0.17,-0.33591,-0.15545,-0.15199,-0.91646,-0.85,1.11,0.19,-0.58666,-0.21375,-0.12645,-0.77081,-0.84,1.09,0.19,-0.58666,-0.21375,-0.12645,-0.77081,-0.87,1.07,0.1,0.31049,-0.0109,-0.34603,-0.88529,-0.88,1.09,0.13,0.17886,-0.07367,-0.24441,-0.95018,-0.88,1.11,0.16,-0.26798,-0.16655,-0.25984,-0.91265,-0.87,1.1,0.18,-0.49021,-0.27346,-0.21647,-0.79878,-0.86,1.08,0.18,-0.49021,-0.27346,-0.21647,-0.79878,-0.71,1.09,0.12,-0.30739,-0.15344,-0.08773,0.93503,-0.69,1.06,0.07,-0.30739,-0.15344,-0.08773,0.93503,-0.73,1.07,0.09,-0.41173,-0.23566,0.58675,0.65625,-0.75,1.08,0.11,-0.21152,-0.06149,0.55648,0.80113,-0.76,1.08,0.14,-0.13606,-0.05472,0.6329,0.76022,-0.77,1.09,0.16,-0.13606,-0.05472,0.6329,0.76022,-0.72,1.07,0.09,-0.30739,-0.15344,-0.08773,0.93503,-0.73,1.11,0.14,-0.1128,-0.17096,-0.01314,0.97871,-0.75,1.12,0.17,0.22332,-0.17025,0.01909,0.95957,-0.75,1.11,0.19,0.35257,-0.13965,0.03078,0.92479,-0.76,1.09,0.21,0.35257,-0.13965,0.03078,0.92479,-0.7,1.07,0.1,-0.30739,-0.15344,-0.08773,0.93503,-0.71,1.11,0.14,-0.03722,-0.16123,-0.05745,0.98454,-0.73,1.12,0.18,0.32315,-0.17156,-0.00791,0.93063,-0.73,1.1,0.2,0.46846,-0.15741,-0.03782,0.86852,-0.74,1.08,0.21,0.46846,-0.15741,-0.03782,0.86852,-0.68,1.07,0.1,-0.30739,-0.15344,-0.08773,0.93503,-0.69,1.1,0.14,-0.1329,-0.12393,-0.13695,0.97377,-0.7,1.12,0.18,0.31596,-0.18899,-0.10622,0.92367,-0.71,1.1,0.2,0.5266,-0.2311,-0.08191,0.81399,-0.72,1.08,0.21,0.5266,-0.2311,-0.08191,0.81399,-0.68,1.07,0.11,-0.23636,-0.08256,-0.31884,0.91414,-0.68,1.09,0.14,-0.31872,-0.04145,-0.23332,0.91775,-0.68,1.11,0.17,0.21297,-0.16698,-0.2542,0.92852,-0.68,1.1,0.19,0.45905,-0.27684,-0.20342,0.8193,-0.7,1.09,0.2,0.45905,-0.27684,-0.20342,0.8193,-0.81,1.08,0.19
-0.79,1.46,-0.16,-0.79,1.46,-0.16,-0.85,1.1,0.11,0.36789,-0.05553,-0.09304,-0.92353,-0.85,1.06,0.06,0.36789,-0.05553,-0.09304,-0.92353,-0.82,1.07,0.09,0.44873,-0.16631,0.55998,-0.67631,-0.8,1.09,0.11,0.2031,0.02163,0.51036,-0.83535,-0.79,1.1,0.14,0.04939,0.07378,0.57399,-0.81404,-0.79,1.1,0.16,0.04939,0.07378,0.57399,-0.81404,-0.83,1.08,0.09,0.36789,-0.05553,-0.09304,-0.92353,-0.83,1.12,0.13,0.10311,-0.07774,-0.02974,-0.99118,-0.82,1.13,0.17,-0.35186,-0.09048,-0.01659,-0.93152,-0.82,1.11,0.18,-0.53233,-0.06521,-0.00632,-0.844,-0.82,1.09,0.19,-0.53233,-0.06521,-0.00632,-0.844,-0.85,1.07,0.09,0.36789,-0.05553,-0.09304,-0.92353,-0.85,1.12,0.13,0.09809,-0.06266,-0.09475,-0.98867,-0.84,1.13,0.17,-0.41118,-0.10481,-0.06321,-0.9033,-0.84,1.11,0.19,-0.64931,-0.09994,-0.09872,-0.74743,-0.83,1.08,0.19,-0.64931,-0.09994,-0.09872,-0.74743,-0.87,1.07,0.09,0.36789,-0.05553,-0.09304,-0.92353,-0.87,1.11,0.13,0.11895,-0.05463,-0.1521,-0.97966,-0.86,1.12,0.17,-0.41407,-0.14613,-0.13959,-0.88753,-0.85,1.1,0.18,-0.68968,-0.20222,-0.11162,-0.68629,-0.84,1.08,0.18,-0.68968,-0.20222,-0.11162,-0.68629,-0.87,1.07,0.09,0.31467,-0.00201,-0.33189,-0.88929,-0.88,1.09,0.13,0.15983,-0.06267,-0.23361,-0.95705,-0.88,1.1,0.16,-0.34727,-0.16615,-0.24729,-0.88918,-0.87,1.09,0.17,-0.61626,-0.28156,-0.1903,-0.71044,-0.86,1.08,0.18,-0.61626,-0.28156,-0.1903,-0.71044,-0.71,1.09,0.12,-0.31345,-0.14977,-0.09398,0.933,-0.69,1.06,0.07,-0.31345,-0.14977,-0.09398,0.933,-0.73,1.07,0.09,-0.41378,-0.2317,0.58496,0.65797,-0.75,1.08,0.11,-0.21097,-0.05672,0.55373,0.80353,-0.76,1.09,0.14,-0.13081,-0.04685,0.62995,0.76411,-0.77,1.09,0.16,-0.13081,-0.04685,0.62995,0.76411,-0.72,1.08,0.09,-0.31345,-0.14977,-0.09398,0.933,-0.73,1.11,0.13,-0.1537,-0.16717,-0.02734,0.97349,-0.75,1.12,0.17,0.19993,-0.17235,0.00772,0.9645,-0.75,1.12,0.19,0.33506,-0.14347,0.01999,0.93099,-0.76,1.1,0.21,0.33506,-0.14347,0.01999,0.93099,-0.7,1.07,0.1,-0.31345,-0.14977,-0.09398,0.933,-0.71,1.11,0.14,-0.03506,-0.16193,-0.06188,0.98424,-0.73,1.12,0.18,0.34573,-0.17399,-0.00794,0.92203,-0.73,1.1,0.2,0.5013,-0.1583,-0.03611,0.8499,-0.74,1.08,0.21,0.5013,-0.1583,-0.03611,0.8499,-0.68,1.07,0.1,-0.31345,-0.14977,-0.09398,0.933,-0.69,1.11,0.14,-0.12064,-0.12405,-0.1417,0.97467,-0.7,1.12,0.18,0.34352,-0.1925,-0.10759,0.91289,-0.71,1.1,0.2,0.5623,-0.23464,-0.08057,0.78884,-0.72,1.08,0.2,0.5623,-0.23464,-0.08057,0.78884,-0.68,1.07,0.11,-0.24215,-0.08066,-0.32538,0.91049,-0.68,1.09,0.14,-0.32574,-0.02933,-0.24122,0.9137,-0.67,1.11,0.17,0.21642,-0.16479,-0.26541,0.92497,-0.68,1.1,0.18,0.47008,-0.27997,-0.21222,0.80969,-0.7,1.09,0.19,0.47008,-0.27997,-0.21222,0.80969,-0.81,1.08,0.19
-0.79,1.46,-0.16,-0.79,1.46,-0.16,-0.85,1.1,0.11,0.36049,-0.04625,-0.09085,-0.92717,-0.85,1.06,0.06,0.36049,-0.04625,-0.09085,-0.92717,-0.82,1.07,0.09,0.44018,-0.16411,0.55986,-0.68255,-0.8,1.08,0.11,0.19534,0.02322,0.50926,-0.83783,-0.79,1.1,0.14,0.04578,0.07131,0.57327,-0.81497,-0.79,1.1,0.16,0.04578,0.07131,0.57327,-0.81497,-0.83,1.08,0.09,0.36049,-0.04625,-0.09085,-0.92717,-0.83,1.12,0.13,0.09884,-0.06688,-0.03166,-0.99235,-0.82,1.12,0.17,-0.34089,-0.08112,-0.02455,-0.93628,-0.82,1.11,0.19,-0.52157,-0.05768,-0.01639,-0.8511,-0.82,1.09,0.2,-0.52157,-0.05768,-0.01639,-0.8511,-0.85,1.07,0.09,0.36049,-0.04625,-0.09085,-0.92717,-0.85,1.12,0.13,0.09961,-0.05057,-0.09661,-0.98903,-0.85,1.13,0.17,-0.38511,-0.09336,-0.0734,-0.9152,-0.84,1.11,0.19,-0.6196,-0.09323,-0.11233,-0.77122,-0.83,1.08,0.2,-0.6196,-0.09323,-0.11233,-0.77122,-0.87,1.07,0.09,0.36049,-0.04625,-0.09085,-0.92717,-0.87,1.11,0.13,0.12528,-0.04027,-0.15415,-0.97924,-0.87,1.12,0.17,-0.38984,-0.13244,-0.15106,-0.8987,-0.86,1.1,0.19,-0.66419,-0.19345,-0.12771,-0.71072,-0.85,1.08,0.19,-0.66419,-0.19345,-0.12771,-0.71072,-0.87,1.07,0.09,0.30967,0.00905,-0.32965,-0.89183,-0.88,1.09,0.13,0.16603,-0.04636,-0.2346,-0.95669,-0.88,1.1,0.16,-0.32899,-0.14995,-0.25777,-0.89601,-0.87,1.09,0.17,-0.59289,-0.26823,-0.20736,-0.73043,-0.86,1.08,0.18,-0.59289,-0.26823,-0.20736,-0.73043,-0.71,1.09,0.12,-0.29288,-0.14017,-0.08341,0.94213,-0.69,1.06,0.07,-0.29288,-0.14017,-0.08341,0.94213,-0.73,1.07,0.09,-0.4037,-0.24528,0.57828,0.66517,-0.75,1.08,0.11,-0.20278,-0.0739,0.55037,0.80654,-0.77,1.09,0.14,-0.12314,-0.06422,0.62754,0.7661,-0.77,1.09,0.16,-0.12314,-0.06422,0.62754,0.7661,-0.72,1.08,0.1,-0.29288,-0.14017,-0.08341,0.94213,-0.73,1.11,0.14,-0.15144,-0.16451,-0.01892,0.9745,-0.75,1.12,0.17,0.19377,-0.16698,0.01316,0.96664,-0.75,1.11,0.19,0.33443,-0.13735,0.02535,0.93201,-0.76,1.1,0.21,0.33443,-0.13735,0.02535,0.93201,-0.7,1.07,0.1,-0.29288,-0.14017,-0.08341,0.94213,-0.71,1.11,0.14,-0.11147,-0.14267,-0.06977,0.981,-0.72,1.12,0.18,0.24851,-0.15955,-0.0267,0.95503,-0.73,1.11,0.2,0.41066,-0.15311,-0.0582,0.89696,-0.74,1.09,0.22,0.41066,-0.15311,-0.0582,0.89696,-0.69,1.07,0.1,-0.29288,-0.14017,-0.08341,0.94213,-0.69,1.1,0.14,-0.18745,-0.09754,-0.14293,0.96691,-0.7,1.12,0.18,0.27238,-0.17134,-0.12083,0.93907,-0.71,1.11,0.2,0.50137,-0.21958,-0.09667,0.8313,-0.72,1.09,0.21,0.50137,-0.21958,-0.09667,0.8313,-0.68,1.07,0.11,-0.22554,-0.06564,-0.31434,0.91979,-0.68,1.09,0.15,-0.33923,-0.00158,-0.22769,0.91273,-0.67,1.11,0.17,0.20202,-0.13526,-0.26886,0.93199,-0.68,1.1,0.19,0.46796,-0.25549,-0.22115,0.8166,-0.69,1.09,0.2,0.46796,-0.25549,-0.22115,0.8166,-0.81,1.08,0.19
-0.79,1.46,-0.16,-0.79,1.46,-0.16,-0.85,1.1,0.11,0.35059,-0.0451,-0.0924,-0.93087,-0.85,1.06,0.06,0.35059,-0.0451,-0.0924,-0.93087,-0.82,1.07,0.09,0.44145,-0.16893,0.54964,-0.68883,-0.8,1.09,0.11,0.19404,0.01522,0.5007,-0.84346,-0.79,1.1,0.14,0.05927,0.05177,0.5686,-0.81884,-0.79,1.1,0.16,0.05927,0.05177,0.5686,-0.81884,-0.83,1.08,0.09,0.35059,-0.0451,-0.0924,-0.93087,-0.83,1.12,0.13,0.11024,-0.06667,-0.03515,-0.99104,-0.82,1.13,0.17,-0.26715,-0.08066,-0.03325,-0.9597,-0.82,1.11,0.19,-0.43782,-0.05902,-0.02847,-0.89667,-0.82,1.1,0.2,-0.43782,-0.05902,-0.02847,-0.89667,-0.85,1.07,0.09,0.35059,-0.0451,-0.0924,-0.93087,-0.85,1.12,0.13,0.1494,-0.04371,-0.10132,-0.9826,-0.85,1.13,0.17,-0.25643,-0.08299,-0.08797,-0.95897,-0.84,1.12,0.2,-0.45366,-0.09127,-0.13125,-0.87672,-0.84,1.1,0.21,-0.45366,-0.09127,-0.13125,-0.87672,-0.87,1.07,0.09,0.35059,-0.0451,-0.0924,-0.93087,-0.87,1.11,0.13,0.19018,-0.02644,-0.15892,-0.96844,-0.87,1.12,0.17,-0.25769,-0.11368,-0.16821,-0.94466,-0.86,1.11,0.19,-0.50276,-0.1786,-0.15459,-0.83153,-0.85,1.09,0.2,-0.50276,-0.1786,-0.15459,-0.83153,-0.87,1.07,0.1,0.30003,0.0127,-0.33055,-0.89474,-0.88,1.09,0.13,0.22012,-0.02912,-0.23477,-0.94635,-0.89,1.11,0.16,-0.20233,-0.11892,-0.2734,-0.93283,-0.88,1.1,0.18,-0.42004,-0.22904,-0.24185,-0.84417,-0.87,1.09,0.19,-0.42004,-0.22904,-0.24185,-0.84417,-0.71,1.09,0.12,-0.2451,-0.13545,-0.05893,0.95818,-0.69,1.06,0.07,-0.2451,-0.13545,-0.05893,0.95818,-0.73,1.07,0.1,-0.39114,-0.26407,0.55958,0.68129,-0.75,1.07,0.11,-0.20669,-0.11088,0.5326,0.81322,-0.77,1.08,0.14,-0.14555,-0.11377,0.61229,0.76875,-0.78,1.08,0.16,-0.14555,-0.11377,0.61229,0.76875,-0.72,1.07,0.1,-0.2451,-0.13545,-0.05893,0.95818,-0.74,1.1,0.14,-0.05681,-0.16777,0.01676,0.98405,-0.75,1.11,0.18,0.28579,-0.15547,0.0473,0.94441,-0.75,1.09,0.2,0.42896,-0.11953,0.06118,0.89329,-0.76,1.08,0.21,0.42896,-0.11953,0.06118,0.89329,-0.7,1.07,0.1,-0.2451,-0.13545,-0.05893,0.95818,-0.71,1.1,0.15,-0.1123,-0.12849,-0.0537,0.98387,-0.72,1.11,0.19,0.22001,-0.14003,-0.02091,0.96517,-0.73,1.1,0.21,0.3671,-0.13435,-0.0569,0.91867,-0.74,1.09,0.23,0.3671,-0.13435,-0.0569,0.91867,-0.69,1.07,0.1,-0.2451,-0.13545,-0.05893,0.95818,-0.7,1.1,0.15,-0.20866,-0.07839,-0.12305,0.96704,-0.7,1.11,0.18,0.23795,-0.14448,-0.11347,0.95374,-0.71,1.1,0.2,0.45821,-0.19181,-0.09756,0.8624,-0.72,1.09,0.22,0.45821,-0.19181,-0.09756,0.8624,-0.68,1.07,0.11,-0.18341,-0.04847,-0.28734,0.93885,-0.68,1.08,0.15,-0.32573,0.0174,-0.1953,0.92491,-0.67,1.1,0.17,0.20586,-0.0977,-0.25311,0.94022,-0.68,1.1,0.19,0.47219,-0.21468,-0.21858,0.82654,-0.69,1.08,0.2,0.47219,-0.21468,-0.21858,0.82654,-0.81,1.08,0.19
-0.79,1.46,-0.16,-0.79,1.46,-0.16,-0.85,1.09,0.11,0.30635,-0.0552,-0.09488,-0.94557,-0.85,1.06,0.06,0.30635,-0.0552,-0.09488,-0.94557,-0.82,1.07,0.09,0.42852,-0.19898,0.5267,-0.70666,-0.8,1.08,0.11,0.17047,-0.01759,0.4884,-0.85562,-0.79,1.09,0.14,0.046,0.00973,0.56122,-0.82633,-0.79,1.1,0.16,0.046,0.00973,0.56122,-0.82633,-0.83,1.08,0.09,0.30635,-0.0552,-0.09488,-0.94557,-0.83,1.11,0.14,0.08487,-0.07714,-0.03806,-0.99267,-0.82,1.12,0.17,-0.22837,-0.08846,-0.0382,-0.96879,-0.82,1.11,0.19,-0.37296,-0.06671,-0.03568,-0.92476,-0.81,1.09,0.21,-0.37296,-0.06671,-0.03568,-0.92476,-0.85,1.07,0.09,0.30635,-0.0552,-0.09488,-0.94557,-0.85,1.11,0.14,0.17825,-0.04133,-0.10661,-0.97732,-0.85,1.13,0.18,-0.16233,-0.07682,-0.09894,-0.97875,-0.84,1.12,0.2,-0.30518,-0.08647,-0.14367,-0.93742,-0.84,1.11,0.22,-0.30518,-0.08647,-0.14367,-0.93742,-0.87,1.07,0.09,0.30635,-0.0552,-0.09488,-0.94557,-0.87,1.1,0.14,0.23733,-0.01717,-0.16167,-0.95773,-0.87,1.12,0.17,-0.15177,-0.09794,-0.17873,-0.96718,-0.86,1.11,0.2,-0.34797,-0.15978,-0.17245,-0.90755,-0.85,1.1,0.21,-0.34797,-0.15978,-0.17245,-0.90755,-0.87,1.07,0.1,0.2545,0.01411,-0.3296,-0.90906,-0.88,1.09,0.14,0.2486,-0.01605,-0.23194,-0.94029,-0.88,1.1,0.16,-0.10735,-0.08925,-0.28036,-0.94969,-0.88,1.1,0.18,-0.2688,-0.18575,-0.26235,-0.90797,-0.87,1.09,0.2,-0.2688,-0.18575,-0.26235,-0.90797,-0.71,1.09,0.12,-0.22299,-0.12888,-0.04875,0.96503,-0.69,1.06,0.07,-0.22299,-0.12888,-0.04875,0.96503,-0.73,1.06,0.1,-0.38972,-0.25401,0.54588,0.69686,-0.75,1.07,0.11,-0.2242,-0.11853,0.511,0.82132,-0.77,1.08,0.14,-0.20031,-0.14779,0.58964,0.76835,-0.78,1.09,0.16,-0.20031,-0.14779,0.58964,0.76835,-0.72,1.07,0.1,-0.22299,-0.12888,-0.04875,0.96503,-0.74,1.1,0.15,-0.02633,-0.16504,0.02821,0.98553,-0.75,1.1,0.18,0.31336,-0.1483,0.05679,0.93626,-0.75,1.09,0.2,0.46058,-0.11029,0.07111,0.87786,-0.76,1.07,0.21,0.46058,-0.11029,0.07111,0.87786,-0.7,1.07,0.1,-0.22299,-0.12888,-0.04875,0.96503,-0.71,1.1,0.15,-0.08727,-0.12235,-0.04323,0.9877,-0.72,1.11,0.19,0.24507,-0.13047,-0.01305,0.9606,-0.73,1.1,0.21,0.38181,-0.12216,-0.05075,0.91473,-0.74,1.08,0.23,0.38181,-0.12216,-0.05075,0.91473,-0.69,1.07,0.1,-0.22299,-0.12888,-0.04875,0.96503,-0.7,1.09,0.15,-0.18331,-0.07498,-0.11053,0.97394,-0.7,1.11,0.19,0.25942,-0.13453,-0.10482,0.95059,-0.71,1.1,0.21,0.46711,-0.17892,-0.09361,0.86084,-0.72,1.08,0.22,0.46711,-0.17892,-0.09361,0.86084,-0.68,1.07,0.11,-0.16467,-0.03639,-0.27593,0.94627,-0.68,1.08,0.15,-0.31142,0.02434,-0.18117,0.93253,-0.67,1.1,0.17,0.21274,-0.08108,-0.24543,0.9423,-0.68,1.09,0.19,0.4762,-0.19581,-0.21737,0.82925,-0.69,1.08,0.2,0.4762,-0.19581,-0.21737,0.82925,-0.81,1.08,0.19
