-0.78,1.46,-0.17,-0.78,1.46,-0.17,-0.85,1.09,0.11,0.31847,-0.08068,-0.15228,-0.93214,-0.86,1.06,0.06,0.31847,-0.08068,-0.15228,-0.93214,-0.82,1.07,0.09,0.41398,-0.17197,0.5324,-0.71805,-0.8,1.09,0.11,0.16833,0.00379,0.48361,-0.85894,-0.8,1.1,0.14,0.04841,0.02575,0.5549,-0.83011,-0.8,1.1,0.16,0.04841,0.02575,0.5549,-0.83011,-0.84,1.08,0.09,0.31847,-0.08068,-0.15228,-0.93214,-0.83,1.12,0.13,0.02315,-0.10876,-0.08476,-0.99018,-0.82,1.12,0.17,-0.37002,-0.13735,-0.06068,-0.91681,-0.82,1.1,0.18,-0.53309,-0.11893,-0.04212,-0.8366,-0.81,1.08,0.19,-0.53309,-0.11893,-0.04212,-0.8366,-0.85,1.07,0.09,0.31847,-0.08068,-0.15228,-0.93214,-0.85,1.11,0.13,0.06492,-0.0982,-0.14658,-0.98217,-0.85,1.12,0.17,-0.35234,-0.15199,-0.10479,-0.91748,-0.84,1.1,0.19,-0.54205,-0.15565,-0.13164,-0.81524,-0.83,1.08,0.2,-0.54205,-0.15565,-0.13164,-0.81524,-0.87,1.07,0.09,0.31847,-0.08068,-0.15228,-0.93214,-0.87,1.1,0.13,0.14552,-0.07567,-0.20749,-0.96439,-0.87,1.12,0.17,-0.32007,-0.18188,-0.18635,-0.91091,-0.85,1.1,0.19,-0.55277,-0.24685,-0.15497,-0.7807,-0.84,1.08,0.2,-0.55277,-0.24685,-0.15497,-0.7807,-0.88,1.07,0.09,0.25314,-0.01601,-0.38362,-0.88797,-0.88,1.09,0.13,0.19072,-0.07997,-0.2814,-0.93704,-0.88,1.1,0.16,-0.25118,-0.18908,-0.28973,-0.904,-0.87,1.09,0.18,-0.47955,-0.3052,-0.23533,-0.78836,-0.86,1.08,0.19,-0.47955,-0.3052,-0.23533,-0.78836,-0.7,1.1,0.11,-0.40923,-0.18851,-0.151,0.87988,-0.68,1.05,0.07,-0.40923,-0.18851,-0.151,0.87988,-0.72,1.07,0.09,-0.46034,-0.16336,0.60018,0.63339,-0.75,1.08,0.11,-0.28094,-0.00085,0.54767,0.78812,-0.76,1.1,0.14,-0.14032,0.05983,0.61529,0.7734,-0.76,1.11,0.16,-0.14032,0.05983,0.61529,0.7734,-0.71,1.08,0.09,-0.40923,-0.18851,-0.151,0.87988,-0.73,1.12,0.12,0.01056,-0.22826,0.00071,0.97354,-0.74,1.12,0.15,0.43092,-0.21017,0.07312,0.87452,-0.75,1.1,0.17,0.55808,-0.16915,0.09875,0.80634,-0.75,1.08,0.17,0.55808,-0.16915,0.09875,0.80634,-0.69,1.07,0.09,-0.40923,-0.18851,-0.151,0.87988,-0.7,1.12,0.13,-0.0262,-0.22473,-0.08251,0.97057,-0.72,1.13,0.16,0.49761,-0.23669,0.0374,0.83364,-0.73,1.1,0.17,0.7434,-0.18861,0.04166,0.64035,-0.74,1.08,0.17,0.7434,-0.18861,0.04166,0.64035,-0.68,1.07,0.1,-0.40923,-0.18851,-0.151,0.87988,-0.69,1.11,0.13,-0.07913,-0.21054,-0.16097,0.96099,-0.7,1.12,0.17,0.49787,-0.28422,-0.04815,0.81794,-0.72,1.1,0.18,0.77534,-0.29367,0.03079,0.55827,-0.72,1.08,0.17,0.77534,-0.29367,0.03079,0.55827,-0.67,1.07,0.11,-0.31982,-0.14649,-0.38232,0.85445,-0.67,1.1,0.14,-0.16175,-0.19662,-0.26908,0.92886,-0.68,1.11,0.16,0.41771,-0.31584,-0.18559,0.83146,-0.7,1.1,0.17,0.70583,-0.40143,-0.06066,0.58049,-0.71,1.08,0.17,0.70583,-0.40143,-0.06066,0.58049,-0.81,1.08,0.19
-0.78,1.46,-0.17,-0.78,1.46,-0.17,-0.85,1.1,0.11,0.32023,-0.08067,-0.15694,-0.93076,-0.86,1.06,0.06,0.32023,-0.08067,-0.15694,-0.93076,-0.83,1.07,0.09,0.4124,-0.16688,0.53283,-0.71984,-0.8,1.09,0.11,0.16739,0.00853,0.48227,-0.85984,-0.8,1.1,0.14,0.04701,0.03021,0.55308,-0.83126,-0.8,1.1,0.16,0.04701,0.03021,0.55308,-0.83126,-0.84,1.08,0.09,0.32023,-0.08067,-0.15694,-0.93076,-0.83,1.12,0.13,0.01889,-0.10965,-0.08904,-0.98979,-0.82,1.12,0.17,-0.37329,-0.13971,-0.06434,-0.91488,-0.82,1.1,0.18,-0.53506,-0.12183,-0.04536,-0.83475,-0.81,1.08,0.19,-0.53506,-0.12183,-0.04536,-0.83475,-0.85,1.07,0.09,0.32023,-0.08067,-0.15694,-0.93076,-0.85,1.12,0.13,0.05911,-0.10053,-0.15033,-0.98173,-0.85,1.12,0.17,-0.36139,-0.15606,-0.10656,-0.91307,-0.84,1.1,0.19,-0.55162,-0.15951,-0.1322,-0.80796,-0.83,1.08,0.2,-0.55162,-0.15951,-0.1322,-0.80796,-0.87,1.07,0.09,0.32023,-0.08067,-0.15694,-0.93076,-0.87,1.1,0.13,0.13637,-0.07881,-0.21119,-0.96467,-0.87,1.12,0.17,-0.33094,-0.1865,-0.18782,-0.90577,-0.85,1.1,0.19,-0.56374,-0.25163,-0.15491,-0.77129,-0.84,1.08,0.2,-0.56374,-0.25163,-0.15491,-0.77129,-0.88,1.07,0.09,0.25422,-0.01664,-0.38809,-0.88571,-0.88,1.09,0.13,0.1847,-0.08375,-0.28539,-0.93671,-0.88,1.1,0.16,-0.25783,-0.1941,-0.29133,-0.90054,-0.87,1.09,0.18,-0.48722,-0.31094,-0.23497,-0.78149,-0.86,1.08,0.18,-0.48722,-0.31094,-0.23497,-0.78149,-0.7,1.1,0.11,-0.41957,-0.1839,-0.18203,0.87006,-0.68,1.05,0.07,-0.41957,-0.1839,-0.18203,0.87006,-0.72,1.07,0.09,-0.47106,-0.1562,0.57986,0.64612,-0.74,1.09,0.11,-0.27979,0.00529,0.52525,0.80362,-0.75,1.1,0.13,-0.10244,0.08781,0.58717,0.79814,-0.75,1.11,0.16,-0.10244,0.08781,0.58717,0.79814,-0.71,1.08,0.09,-0.41957,-0.1839,-0.18203,0.87006,-0.72,1.13,0.12,0.01456,-0.23514,-0.02776,0.97146,-0.74,1.13,0.15,0.4954,-0.22425,0.06686,0.83655,-0.75,1.11,0.16,0.65072,-0.17973,0.10592,0.7301,-0.75,1.08,0.16,0.65072,-0.17973,0.10592,0.7301,-0.69,1.08,0.09,-0.41957,-0.1839,-0.18203,0.87006,-0.7,1.13,0.12,-0.00026,-0.23785,-0.10255,0.96587,-0.72,1.13,0.16,0.5631,-0.25606,0.04209,0.78459,-0.73,1.1,0.17,0.82932,-0.19122,0.06401,0.52113,-0.73,1.08,0.16,0.82932,-0.19122,0.06401,0.52113,-0.68,1.07,0.1,-0.41957,-0.1839,-0.18203,0.87006,-0.68,1.12,0.13,-0.05521,-0.22589,-0.1816,0.95548,-0.7,1.12,0.17,0.55547,-0.30947,-0.04116,0.77071,-0.71,1.1,0.17,0.84181,-0.30444,0.06308,0.44125,-0.72,1.08,0.16,0.84181,-0.30444,0.06308,0.44125,-0.67,1.07,0.1,-0.32661,-0.14611,-0.41186,0.83806,-0.67,1.1,0.14,-0.13495,-0.21369,-0.29265,0.92221,-0.68,1.11,0.16,0.47461,-0.34873,-0.18013,0.78784,-0.7,1.1,0.17,0.77281,-0.42739,-0.01974,0.46873,-0.71,1.08,0.16,0.77281,-0.42739,-0.01974,0.46873,-0.81,1.08,0.19
-0.78,1.46,-0.17,-0.78,1.46,-0.17,-0.85,1.1,0.11,0.32405,-0.08422,-0.16275,-0.92812,-0.86,1.06,0.06,0.32405,-0.08422,-0.16275,-0.92812,-0.82,1.07,0.09,0.41487,-0.16276,0.53187,-0.72007,-0.8,1.09,0.11,0.17077,0.01145,0.47989,-0.86047,-0.8,1.1,0.14,0.05169,0.03207,0.55081,-0.83241,-0.8,1.1,0.16,0.05169,0.03207,0.55081,-0.83241,-0.84,1.08,0.09,0.32405,-0.08422,-0.16275,-0.92812,-0.83,1.12,0.13,0.01549,-0.11374,-0.09359,-0.98897,-0.82,1.12,0.16,-0.37586,-0.14514,-0.06697,-0.91279,-0.81,1.1,0.18,-0.53547,-0.12751,-0.0472,-0.83354,-0.81,1.09,0.19,-0.53547,-0.12751,-0.0472,-0.83354,-0.85,1.08,0.09,0.32405,-0.08422,-0.16275,-0.92812,-0.85,1.12,0.13,0.05512,-0.10662,-0.1543,-0.98071,-0.84,1.12,0.17,-0.36387,-0.16311,-0.10772,-0.91071,-0.83,1.11,0.19,-0.55303,-0.16636,-0.13184,-0.80567,-0.82,1.08,0.2,-0.55303,-0.16636,-0.13184,-0.80567,-0.87,1.07,0.09,0.32405,-0.08422,-0.16275,-0.92812,-0.87,1.1,0.13,0.12845,-0.08621,-0.2152,-0.96424,-0.86,1.12,0.17,-0.33547,-0.19408,-0.18847,-0.90237,-0.85,1.1,0.19,-0.5665,-0.25881,-0.15373,-0.76711,-0.84,1.08,0.19,-0.5665,-0.25881,-0.15373,-0.76711,-0.88,1.07,0.09,0.25642,-0.02134,-0.39364,-0.88252,-0.88,1.09,0.13,0.17755,-0.09307,-0.28962,-0.93591,-0.88,1.1,0.16,-0.26132,-0.20276,-0.29142,-0.89759,-0.87,1.09,0.18,-0.48827,-0.31874,-0.23329,-0.77819,-0.86,1.08,0.18,-0.48827,-0.31874,-0.23329,-0.77819,-0.7,1.1,0.11,-0.43317,-0.17752,-0.17966,0.8652,-0.68,1.05,0.07,-0.43317,-0.17752,-0.17966,0.8652,-0.72,1.07,0.09,-0.46162,-0.15626,0.59564,0.63851,-0.74,1.09,0.11,-0.26581,0.01561,0.54177,0.79724,-0.75,1.1,0.14,-0.06161,0.12043,0.59428,0.7928,-0.75,1.11,0.16,-0.06161,0.12043,0.59428,0.7928,-0.71,1.08,0.09,-0.43317,-0.17752,-0.17966,0.8652,-0.72,1.13,0.12,0.01128,-0.22705,-0.02703,0.97344,-0.74,1.13,0.15,0.5249,-0.21441,0.07177,0.82058,-0.74,1.11,0.16,0.70279,-0.1652,0.11672,0.68203,-0.74,1.08,0.16,0.70279,-0.1652,0.11672,0.68203,-0.69,1.08,0.09,-0.43317,-0.17752,-0.17966,0.8652,-0.7,1.13,0.12,0.00564,-0.23392,-0.09765,0.96732,-0.72,1.13,0.16,0.58085,-0.24922,0.04762,0.77346,-0.73,1.1,0.17,0.85626,-0.17686,0.07107,0.48009,-0.73,1.08,0.15,0.85626,-0.17686,0.07107,0.48009,-0.68,1.07,0.1,-0.43317,-0.17752,-0.17966,0.8652,-0.68,1.12,0.13,-0.07198,-0.21951,-0.18282,0.95562,-0.7,1.12,0.16,0.54891,-0.30621,-0.04328,0.77657,-0.71,1.1,0.17,0.84898,-0.29983,0.06596,0.43009,-0.72,1.08,0.16,0.84898,-0.29983,0.06596,0.43009,-0.67,1.07,0.1,-0.34152,-0.14339,-0.41059,0.8332,-0.67,1.1,0.14,-0.19763,-0.19019,-0.30273,0.91276,-0.68,1.12,0.16,0.42541,-0.34338,-0.19928,0.81326,-0.69,1.1,0.17,0.75401,-0.4323,-0.02597,0.49387,-0.7,1.09,0.16,0.75401,-0.4323,-0.02597,0.49387,-0.81,1.08,0.19
-0.78,1.46,-0.17,-0.78,1.46,-0.17,-0.85,1.1,0.11,0.32879,-0.08557,-0.16212,-0.92644,-0.86,1.06,0.06,0.32879,-0.08557,-0.16212,-0.92644,-0.83,1.07,0.09,0.41686,-0.16028,0.53459,-0.71747,-0.8,1.09,0.11,0.17425,0.01412,0.48176,-0.85869,-0.8,1.1,0.14,0.05553,0.03495,0.55248,-0.83094,-0.8,1.1,0.16,0.05553,0.03495,0.55248,-0.83094,-0.84,1.08,0.09,0.32879,-0.08557,-0.16212,-0.92644,-0.83,1.12,0.13,0.0198,-0.11296,-0.0938,-0.98896,-0.82,1.12,0.16,-0.37009,-0.14448,-0.06773,-0.91519,-0.82,1.11,0.18,-0.52947,-0.12698,-0.04838,-0.83737,-0.81,1.09,0.19,-0.52947,-0.12698,-0.04838,-0.83737,-0.85,1.08,0.09,0.32879,-0.08557,-0.16212,-0.92644,-0.85,1.12,0.13,0.058,-0.10754,-0.15359,-0.98055,-0.84,1.12,0.17,-0.35486,-0.16294,-0.10781,-0.91428,-0.83,1.11,0.19,-0.54133,-0.16646,-0.13249,-0.81345,-0.82,1.09,0.2,-0.54133,-0.16646,-0.13249,-0.81345,-0.87,1.07,0.09,0.32879,-0.08557,-0.16212,-0.92644,-0.87,1.11,0.13,0.13021,-0.08842,-0.21418,-0.96403,-0.86,1.12,0.17,-0.32571,-0.194,-0.18809,-0.90603,-0.85,1.1,0.19,-0.55462,-0.25841,-0.15405,-0.77582,-0.84,1.08,0.2,-0.55462,-0.25841,-0.15405,-0.77582,-0.88,1.07,0.09,0.26085,-0.02386,-0.39332,-0.8813,-0.88,1.09,0.13,0.17866,-0.09743,-0.28818,-0.9357,-0.88,1.1,0.16,-0.25452,-0.2043,-0.28932,-0.89988,-0.87,1.09,0.18,-0.47864,-0.31872,-0.23189,-0.78457,-0.86,1.08,0.18,-0.47864,-0.31872,-0.23189,-0.78457,-0.7,1.1,0.11,-0.4232,-0.17281,-0.15858,0.87515,-0.68,1.05,0.07,-0.4232,-0.17281,-0.15858,0.87515,-0.72,1.07,0.09,-0.43986,-0.17712,0.61651,0.62854,-0.75,1.08,0.11,-0.24627,0.00388,0.56953,0.78421,-0.75,1.1,0.14,-0.04998,0.11025,0.62315,0.77268,-0.75,1.1,0.16,-0.04998,0.11025,0.62315,0.77268,-0.71,1.08,0.09,-0.4232,-0.17281,-0.15858,0.87515,-0.72,1.13,0.12,-0.07017,-0.21268,-0.03292,0.97404,-0.74,1.13,0.15,0.35067,-0.21276,0.03479,0.91135,-0.75,1.12,0.17,0.51404,-0.17617,0.06544,0.83692,-0.75,1.1,0.18,0.51404,-0.17617,0.06544,0.83692,-0.69,1.08,0.09,-0.4232,-0.17281,-0.15858,0.87515,-0.7,1.13,0.12,-0.00617,-0.21809,-0.08639,0.97208,-0.72,1.13,0.16,0.52765,-0.23238,0.034,0.81635,-0.73,1.1,0.17,0.80219,-0.17625,0.04516,0.56867,-0.73,1.08,0.16,0.80219,-0.17625,0.04516,0.56867,-0.68,1.07,0.1,-0.4232,-0.17281,-0.15858,0.87515,-0.69,1.12,0.13,-0.11107,-0.19551,-0.1779,0.95801,-0.7,1.13,0.17,0.4803,-0.28383,-0.06646,0.82725,-0.71,1.11,0.18,0.7891,-0.29721,0.02602,0.53695,-0.72,1.09,0.17,0.7891,-0.29721,0.02602,0.53695,-0.67,1.07,0.11,-0.33562,-0.13499,-0.39093,0.84635,-0.67,1.1,0.14,-0.27566,-0.14391,-0.29844,0.90235,-0.67,1.12,0.16,0.32863,-0.30499,-0.23205,0.86321,-0.69,1.11,0.17,0.67187,-0.4149,-0.08148,0.60812,-0.7,1.09,0.17,0.67187,-0.4149,-0.08148,0.60812,-0.81,1.08,0.19
-0.79,1.46,-0.17,-0.79,1.46,-0.17,-0.85,1.1,0.11,0.32807,-0.08564,-0.15723,-0.92753,-0.86,1.06,0.06,0.32807,-0.08564,-0.15723,-0.92753,-0.83,1.07,0.09,0.41341,-0.166,0.53982,-0.71423,-0.8,1.09,0.11,0.17131,0.01081,0.48894,-0.85526,-0.8,1.1,0.14,0.0548,0.03108,0.55975,-0.82626,-0.8,1.1,0.16,0.0548,0.03108,0.55975,-0.82626,-0.84,1.08,0.09,0.32807,-0.08564,-0.15723,-0.92753,-0.83,1.12,0.13,0.02206,-0.11015,-0.09031,-0.98956,-0.82,1.12,0.16,-0.36367,-0.14027,-0.06632,-0.91851,-0.82,1.11,0.18,-0.52339,-0.12261,-0.04798,-0.84186,-0.81,1.09,0.19,-0.52339,-0.12261,-0.04798,-0.84186,-0.85,1.07,0.09,0.32807,-0.08564,-0.15723,-0.92753,-0.85,1.12,0.13,0.06413,-0.10356,-0.15068,-0.98105,-0.84,1.12,0.17,-0.3347,-0.15647,-0.1093,-0.92279,-0.84,1.11,0.19,-0.51526,-0.161,-0.13635,-0.83066,-0.83,1.09,0.2,-0.51526,-0.161,-0.13635,-0.83066,-0.87,1.07,0.09,0.32807,-0.08564,-0.15723,-0.92753,-0.87,1.11,0.13,0.13788,-0.08499,-0.21057,-0.96407,-0.87,1.12,0.17,-0.30056,-0.18601,-0.18969,-0.91601,-0.85,1.1,0.19,-0.52328,-0.25048,-0.15941,-0.79877,-0.84,1.09,0.2,-0.52328,-0.25048,-0.15941,-0.79877,-0.88,1.07,0.09,0.2608,-0.02353,-0.38871,-0.88336,-0.88,1.09,0.13,0.18419,-0.09477,-0.28383,-0.93623,-0.88,1.1,0.16,-0.23613,-0.19638,-0.28901,-0.90673,-0.87,1.09,0.18,-0.45243,-0.30857,-0.23642,-0.80262,-0.86,1.08,0.19,-0.45243,-0.30857,-0.23642,-0.80262,-0.7,1.1,0.11,-0.39723,-0.16815,-0.14422,0.89058,-0.68,1.05,0.07,-0.39723,-0.16815,-0.14422,0.89058,-0.72,1.07,0.09,-0.4331,-0.21116,0.6111,0.62801,-0.75,1.08,0.11,-0.25296,-0.04167,0.57287,0.77852,-0.76,1.09,0.14,-0.12282,0.0157,0.64448,0.75453,-0.76,1.1,0.16,-0.12282,0.0157,0.64448,0.75453,-0.71,1.08,0.09,-0.39723,-0.16815,-0.14422,0.89058,-0.73,1.12,0.12,-0.16276,-0.20165,-0.04962,0.96456,-0.74,1.14,0.16,0.11944,-0.21199,-0.01636,0.96981,-0.75,1.13,0.18,0.21904,-0.18693,-0.00868,0.9576,-0.76,1.12,0.2,0.21904,-0.18693,-0.00868,0.9576,-0.7,1.08,0.1,-0.39723,-0.16815,-0.14422,0.89058,-0.7,1.12,0.13,-0.07454,-0.19744,-0.09731,0.97262,-0.72,1.13,0.17,0.37307,-0.22218,-0.01066,0.90075,-0.73,1.11,0.18,0.6141,-0.201,-0.0165,0.76303,-0.74,1.09,0.19,0.6141,-0.201,-0.0165,0.76303,-0.68,1.07,0.1,-0.39723,-0.16815,-0.14422,0.89058,-0.69,1.11,0.14,-0.15696,-0.16666,-0.18265,0.95615,-0.7,1.13,0.17,0.36415,-0.25755,-0.10762,0.88853,-0.71,1.11,0.19,0.64522,-0.29712,-0.04264,0.70256,-0.72,1.09,0.19,0.64522,-0.29712,-0.04264,0.70256,-0.67,1.07,0.11,-0.31317,-0.12267,-0.37666,0.86313,-0.67,1.1,0.14,-0.3018,-0.11294,-0.2896,0.90127,-0.67,1.12,0.16,0.26159,-0.26586,-0.25454,0.89224,-0.69,1.11,0.18,0.56572,-0.38272,-0.14561,0.71574,-0.7,1.1,0.18,0.56572,-0.38272,-0.14561,0.71574,-0.81,1.08,0.19
-0.79,1.46,-0.17,-0.79,1.46,-0.17,-0.85,1.09,0.11,0.30349,-0.08591,-0.14445,-0.9379,-0.86,1.06,0.06,0.30349,-0.08591,-0.14445,-0.9379,-0.82,1.07,0.09,0.40099,-0.19697,0.53843,-0.71449,-0.8,1.08,0.11,0.15433,-0.01629,0.4982,-0.85306,-0.8,1.09,0.14,0.04465,0.00069,0.5711,-0.81967,-0.79,1.09,0.16,0.04465,0.00069,0.5711,-0.81967,-0.84,1.08,0.09,0.30349,-0.08591,-0.14445,-0.9379,-0.83,1.11,0.13,0.00196,-0.11001,-0.07622,-0.991,-0.82,1.11,0.17,-0.36743,-0.13326,-0.05577,-0.91876,-0.81,1.1,0.18,-0.52658,-0.11377,-0.03878,-0.84159,-0.81,1.08,0.19,-0.52658,-0.11377,-0.03878,-0.84159,-0.85,1.07,0.09,0.30349,-0.08591,-0.14445,-0.9379,-0.85,1.11,0.13,0.08177,-0.09188,-0.14321,-0.98202,-0.84,1.12,0.17,-0.2824,-0.13877,-0.11252,-0.94251,-0.84,1.11,0.2,-0.44688,-0.14543,-0.14515,-0.87068,-0.83,1.09,0.21,-0.44688,-0.14543,-0.14515,-0.87068,-0.87,1.07,0.09,0.30349,-0.08591,-0.14445,-0.9379,-0.87,1.1,0.14,0.17075,-0.06809,-0.20271,-0.96183,-0.87,1.12,0.17,-0.23519,-0.1619,-0.19485,-0.93835,-0.86,1.11,0.19,-0.44338,-0.22678,-0.17322,-0.84969,-0.84,1.09,0.21,-0.44338,-0.22678,-0.17322,-0.84969,-0.88,1.07,0.09,0.23855,-0.01702,-0.37503,-0.89563,-0.88,1.09,0.13,0.20413,-0.0748,-0.27348,-0.93699,-0.88,1.1,0.16,-0.19059,-0.16747,-0.29211,-0.92212,-0.87,1.09,0.18,-0.39098,-0.27636,-0.25096,-0.84129,-0.86,1.08,0.19,-0.39098,-0.27636,-0.25096,-0.84129,-0.71,1.09,0.12,-0.32501,-0.17724,-0.12522,0.92047,-0.69,1.06,0.07,-0.32501,-0.17724,-0.12522,0.92047,-0.73,1.07,0.1,-0.41633,-0.27121,0.58548,0.64057,-0.75,1.08,0.11,-0.23867,-0.11258,0.56219,0.78378,-0.77,1.08,0.14,-0.14211,-0.08043,0.64273,0.74849,-0.78,1.09,0.16,-0.14211,-0.08043,0.64273,0.74849,-0.72,1.07,0.1,-0.32501,-0.17724,-0.12522,0.92047,-0.73,1.11,0.13,-0.16325,-0.20637,-0.04846,0.96354,-0.75,1.13,0.17,0.07093,-0.21525,-0.02464,0.97367,-0.76,1.12,0.19,0.15086,-0.19121,-0.02235,0.96963,-0.76,1.12,0.21,0.15086,-0.19121,-0.02235,0.96963,-0.7,1.07,0.1,-0.32501,-0.17724,-0.12522,0.92047,-0.71,1.12,0.14,-0.09938,-0.17928,-0.10264,0.97337,-0.73,1.12,0.18,0.3125,-0.20755,-0.03219,0.92641,-0.74,1.11,0.2,0.52409,-0.19746,-0.04746,0.8271,-0.75,1.09,0.21,0.52409,-0.19746,-0.04746,0.8271,-0.68,1.07,0.11,-0.32501,-0.17724,-0.12522,0.92047,-0.69,1.11,0.15,-0.14598,-0.1428,-0.17602,0.96297,-0.7,1.12,0.18,0.35643,-0.23096,-0.11939,0.89742,-0.72,1.1,0.2,0.62178,-0.2761,-0.06811,0.72974,-0.73,1.08,0.2,0.62178,-0.2761,-0.06811,0.72974,-0.68,1.07,0.11,-0.2435,-0.11198,-0.35416,0.89596,-0.68,1.09,0.15,-0.23253,-0.10559,-0.26594,0.92955,-0.68,1.11,0.17,0.30619,-0.23364,-0.2464,0.88935,-0.69,1.1,0.19,0.57942,-0.34493,-0.16392,0.72001,-0.71,1.08,0.19,0.57942,-0.34493,-0.16392,0.72001,-0.81,1.08,0.19
-0.79,1.46,-0.17,-0.79,1.46,-0.17,-0.85,1.09,0.11,0.29289,-0.08267,-0.15613,-0.93968,-0.86,1.06,0.06,0.29289,-0.08267,-0.15613,-0.93968,-0.82,1.07,0.09,0.40297,-0.20332,0.52042,-0.72487,-0.8,1.09,0.11,0.14942,-0.02653,0.48258,-0.86261,-0.8,1.09,0.14,0.04259,-0.01329,0.55727,-0.82913,-0.79,1.1,0.16,0.04259,-0.01329,0.55727,-0.82913,-0.84,1.08,0.09,0.29289,-0.08267,-0.15613,-0.93968,-0.83,1.11,0.13,-0.00732,-0.11599,-0.08507,-0.98957,-0.82,1.11,0.17,-0.36899,-0.14138,-0.06281,-0.91647,-0.81,1.1,0.19,-0.52834,-0.12305,-0.04415,-0.83891,-0.81,1.08,0.2,-0.52834,-0.12305,-0.04415,-0.83891,-0.85,1.07,0.09,0.29289,-0.08267,-0.15613,-0.93968,-0.85,1.11,0.14,0.09249,-0.08815,-0.15689,-0.97932,-0.85,1.12,0.18,-0.24585,-0.13696,-0.13027,-0.9507,-0.84,1.11,0.2,-0.39548,-0.14664,-0.16428,-0.89169,-0.83,1.09,0.22,-0.39548,-0.14664,-0.16428,-0.89169,-0.87,1.07,0.09,0.29289,-0.08267,-0.15613,-0.93968,-0.87,1.1,0.14,0.18573,-0.06112,-0.21565,-0.95669,-0.87,1.12,0.17,-0.2038,-0.15804,-0.21135,-0.94277,-0.86,1.11,0.19,-0.40402,-0.22579,-0.191,-0.86562,-0.84,1.09,0.21,-0.40402,-0.22579,-0.191,-0.86562,-0.88,1.07,0.1,0.2273,-0.01165,-0.38528,-0.89429,-0.88,1.08,0.14,0.2132,-0.06423,-0.28546,-0.93217,-0.88,1.1,0.16,-0.18035,-0.16334,-0.30705,-0.92006,-0.88,1.09,0.18,-0.37885,-0.27552,-0.26623,-0.84243,-0.86,1.08,0.19,-0.37885,-0.27552,-0.26623,-0.84243,-0.71,1.09,0.13,-0.25611,-0.165,-0.07436,0.94955,-0.69,1.06,0.07,-0.25611,-0.165,-0.07436,0.94955,-0.73,1.06,0.1,-0.36841,-0.31082,0.59067,0.64713,-0.75,1.07,0.12,-0.19606,-0.15137,0.57703,0.77826,-0.77,1.07,0.14,-0.1111,-0.12787,0.65773,0.73396,-0.78,1.07,0.17,-0.1111,-0.12787,0.65773,0.73396,-0.72,1.07,0.1,-0.25611,-0.165,-0.07436,0.94955,-0.74,1.1,0.14,-0.08732,-0.18737,-0.00141,0.9784,-0.75,1.11,0.18,0.16141,-0.18358,0.019,0.96948,-0.76,1.1,0.2,0.24426,-0.15474,0.02191,0.95703,-0.76,1.09,0.22,0.24426,-0.15474,0.02191,0.95703,-0.7,1.07,0.1,-0.25611,-0.165,-0.07436,0.94955,-0.71,1.1,0.15,-0.06853,-0.14607,-0.06344,0.98486,-0.73,1.11,0.19,0.33366,-0.16063,-0.01225,0.92883,-0.73,1.09,0.21,0.52998,-0.14622,-0.03987,0.83436,-0.74,1.07,0.22,0.52998,-0.14622,-0.03987,0.83436,-0.68,1.07,0.11,-0.25611,-0.165,-0.07436,0.94955,-0.7,1.1,0.15,-0.12888,-0.10614,-0.13185,0.97711,-0.7,1.11,0.19,0.37494,-0.17646,-0.10063,0.90452,-0.71,1.09,0.21,0.63253,-0.21812,-0.07001,0.73989,-0.72,1.07,0.21,0.63253,-0.21812,-0.07001,0.73989,-0.68,1.07,0.11,-0.18594,-0.08085,-0.30149,0.93166,-0.68,1.08,0.15,-0.19964,-0.07342,-0.21218,0.9538,-0.68,1.1,0.18,0.3374,-0.17375,-0.22021,0.8986,-0.69,1.09,0.19,0.60975,-0.27962,-0.16237,0.72364,-0.7,1.07,0.2,0.60975,-0.27962,-0.16237,0.72364,-0.81,1.08,0.19
-0.78,1.46,-0.17,-0.78,1.46,-0.17,-0.85,1.1,0.11,0.30643,-0.07515,-0.19573,-0.92852,-0.86,1.06,0.06,0.30643,-0.07515,-0.19573,-0.92852,-0.83,1.08,0.09,0.42528,-0.18084,0.48632,-0.74157,-0.8,1.09,0.1,0.16415,-0.01682,0.44108,-0.88217,-0.8,1.1,0.14,0.05402,-0.00586,0.51736,-0.85404,-0.8,1.11,0.16,0.05402,-0.00586,0.51736,-0.85404,-0.84,1.08,0.09,0.30643,-0.07515,-0.19573,-0.92852,-0.83,1.12,0.13,0.00584,-0.12285,-0.12366,-0.98467,-0.83,1.12,0.17,-0.36147,-0.16279,-0.09494,-0.91314,-0.82,1.11,0.18,-0.52463,-0.1503,-0.07146,-0.83491,-0.81,1.09,0.19,-0.52463,-0.1503,-0.07146,-0.83491,-0.85,1.08,0.09,0.30643,-0.07515,-0.19573,-0.92852,-0.86,1.12,0.13,0.09685,-0.09527,-0.19435,-0.97148,-0.85,1.13,0.17,-0.24017,-0.15658,-0.16284,-0.94408,-0.84,1.11,0.2,-0.3874,-0.17086,-0.1932,-0.8851,-0.83,1.1,0.21,-0.3874,-0.17086,-0.1932,-0.8851,-0.87,1.07,0.09,0.30643,-0.07515,-0.19573,-0.92852,-0.87,1.1,0.13,0.19098,-0.06592,-0.25338,-0.94603,-0.87,1.12,0.17,-0.1994,-0.17854,-0.24287,-0.9324,-0.86,1.11,0.19,-0.39825,-0.25284,-0.21657,-0.85473,-0.84,1.1,0.21,-0.39825,-0.25284,-0.21657,-0.85473,-0.88,1.07,0.09,0.23661,-0.00947,-0.42334,-0.87448,-0.88,1.09,0.13,0.2236,-0.06299,-0.32432,-0.91698,-0.89,1.1,0.16,-0.18854,-0.18681,-0.33882,-0.90264,-0.88,1.1,0.18,-0.39432,-0.30934,-0.28762,-0.81615,-0.86,1.09,0.19,-0.39432,-0.30934,-0.28762,-0.81615,-0.71,1.08,0.13,-0.10642,-0.12534,0.01732,0.98624,-0.69,1.07,0.07,-0.10642,-0.12534,0.01732,0.98624,-0.73,1.06,0.1,-0.2852,-0.35859,0.5588,0.69124,-0.75,1.06,0.12,-0.11358,-0.20667,0.55399,0.79843,-0.77,1.06,0.15,-0.05473,-0.2101,0.63278,0.74327,-0.78,1.05,0.17,-0.05473,-0.2101,0.63278,0.74327,-0.72,1.07,0.1,-0.10642,-0.12534,0.01732,0.98624,-0.74,1.08,0.16,0.11108,-0.14671,0.08981,0.97881,-0.75,1.07,0.19,0.4159,-0.10948,0.10546,0.89662,-0.75,1.05,0.21,0.53621,-0.06552,0.11421,0.83375,-0.75,1.03,0.22,0.53621,-0.06552,0.11421,0.83375,-0.7,1.07,0.1,-0.10642,-0.12534,0.01732,0.98624,-0.72,1.08,0.16,0.00493,-0.08484,0.01609,0.99625,-0.72,1.08,0.2,0.42519,-0.07088,0.03747,0.90155,-0.72,1.06,0.22,0.62592,-0.04109,-0.00998,0.77874,-0.73,1.04,0.22,0.62592,-0.04109,-0.00998,0.77874,-0.68,1.07,0.11,-0.10642,-0.12534,0.01732,0.98624,-0.7,1.08,0.16,-0.11573,-0.03977,-0.04183,0.9916,-0.7,1.09,0.2,0.40459,-0.07459,-0.05547,0.90976,-0.7,1.07,0.21,0.66366,-0.10702,-0.05886,0.73799,-0.71,1.05,0.22,0.66366,-0.10702,-0.05886,0.73799,-0.68,1.07,0.11,-0.06144,-0.00464,-0.20006,0.97784,-0.68,1.07,0.15,-0.18817,0.004,-0.10272,0.97674,-0.67,1.08,0.18,0.32988,-0.04605,-0.16943,0.92755,-0.68,1.07,0.2,0.61958,-0.14451,-0.15662,0.75545,-0.69,1.05,0.2,0.61958,-0.14451,-0.15662,0.75545,-0.81,1.08,0.19
-0.78,1.46,-0.17,-0.78,1.46,-0.17,-0.86,1.1,0.11,0.33681,-0.06665,-0.19928,-0.91783,-0.86,1.06,0.06,0.33681,-0.06665,-0.19928,-0.91783,-0.83,1.08,0.09,0.44298,-0.15067,0.48869,-0.73637,-0.81,1.1,0.1,0.18808,0.00918,0.43306,-0.88148,-0.8,1.11,0.13,0.07328,0.02272,0.50771,-0.8581,-0.8,1.11,0.16,0.07328,0.02272,0.50771,-0.8581,-0.84,1.08,0.09,0.33681,-0.06665,-0.19928,-0.91783,-0.84,1.12,0.13,0.0461,-0.11171,-0.13251,-0.98379,-0.83,1.13,0.16,-0.33706,-0.15833,-0.10479,-0.92214,-0.82,1.11,0.18,-0.50353,-0.14803,-0.08243,-0.8472,-0.81,1.1,0.19,-0.50353,-0.14803,-0.08243,-0.8472,-0.85,1.08,0.09,0.33681,-0.06665,-0.19928,-0.91783,-0.86,1.12,0.13,0.09318,-0.10065,-0.1936,-0.97145,-0.85,1.13,0.17,-0.2722,-0.16611,-0.15539,-0.93497,-0.84,1.12,0.19,-0.42643,-0.17856,-0.18322,-0.86759,-0.83,1.1,0.21,-0.42643,-0.17856,-0.18322,-0.86759,-0.87,1.07,0.09,0.33681,-0.06665,-0.19928,-0.91783,-0.87,1.11,0.13,0.16727,-0.07802,-0.25286,-0.94974,-0.87,1.12,0.17,-0.24336,-0.19354,-0.23429,-0.9211,-0.86,1.11,0.19,-0.44441,-0.26561,-0.20471,-0.83069,-0.84,1.1,0.2,-0.44441,-0.26561,-0.20471,-0.83069,-0.88,1.07,0.09,0.26747,-0.00909,-0.42898,-0.86276,-0.89,1.09,0.13,0.22445,-0.07406,-0.32713,-0.91495,-0.89,1.1,0.16,-0.19782,-0.20173,-0.3349,-0.89889,-0.88,1.1,0.18,-0.4035,-0.32292,-0.28015,-0.80896,-0.86,1.09,0.19,-0.4035,-0.32292,-0.28015,-0.80896,-0.71,1.09,0.13,-0.14612,-0.09815,-0.04213,0.98348,-0.69,1.08,0.07,-0.14612,-0.09815,-0.04213,0.98348,-0.73,1.07,0.1,-0.33269,-0.29292,0.51712,0.73219,-0.75,1.08,0.12,-0.15611,-0.15632,0.49202,0.84209,-0.77,1.08,0.15,-0.11093,-0.17432,0.5722,0.79366,-0.78,1.08,0.17,-0.11093,-0.17432,0.5722,0.79366,-0.72,1.08,0.1,-0.14612,-0.09815,-0.04213,0.98348,-0.73,1.1,0.15,0.06281,-0.1585,0.03448,0.98476,-0.74,1.09,0.19,0.3939,-0.13789,0.05988,0.90677,-0.75,1.08,0.2,0.5438,-0.09816,0.07606,0.82998,-0.75,1.06,0.21,0.5438,-0.09816,0.07606,0.82998,-0.7,1.08,0.1,-0.14612,-0.09815,-0.04213,0.98348,-0.71,1.1,0.16,-0.05041,-0.07397,-0.04677,0.99489,-0.72,1.11,0.2,0.40977,-0.08905,-0.0207,0.9076,-0.72,1.09,0.21,0.64842,-0.07328,-0.06257,0.75516,-0.72,1.06,0.22,0.64842,-0.07328,-0.06257,0.75516,-0.68,1.08,0.1,-0.14612,-0.09815,-0.04213,0.98348,-0.69,1.09,0.15,-0.16131,-0.02658,-0.10341,0.98111,-0.69,1.11,0.19,0.38992,-0.09979,-0.11141,0.90862,-0.7,1.09,0.21,0.6678,-0.14977,-0.10143,0.72203,-0.71,1.07,0.21,0.6678,-0.14977,-0.10143,0.72203,-0.68,1.08,0.11,-0.0972,0.01198,-0.26311,0.95978,-0.67,1.08,0.15,-0.24558,0.03594,-0.1618,0.9551,-0.67,1.1,0.18,0.27231,-0.05403,-0.2356,0.93136,-0.67,1.09,0.19,0.58971,-0.1809,-0.20856,0.75896,-0.68,1.07,0.2,0.58971,-0.1809,-0.20856,0.75896,-0.81,1.08,0.19
-0.78,1.46,-0.17,-0.78,1.46,-0.17,-0.86,1.1,0.11,0.34378,-0.06456,-0.18163,-0.91905,-0.86,1.06,0.06,0.34378,-0.06456,-0.18163,-0.91905,-0.83,1.08,0.09,0.43949,-0.14779,0.50646,-0.72698,-0.81,1.09,0.1,0.19119,0.01623,0.44964,-0.87236,-0.8,1.11,0.14,0.07011,0.03562,0.52214,-0.84923,-0.8,1.11,0.16,0.07011,0.03562,0.52214,-0.84923,-0.84,1.08,0.09,0.34378,-0.06456,-0.18163,-0.91905,-0.84,1.12,0.13,0.06101,-0.10032,-0.1194,-0.98588,-0.83,1.13,0.16,-0.32885,-0.14371,-0.09627,-0.92841,-0.82,1.11,0.18,-0.49495,-0.13198,-0.07722,-0.85536,-0.81,1.1,0.19,-0.49495,-0.13198,-0.07722,-0.85536,-0.85,1.08,0.09,0.34378,-0.06456,-0.18163,-0.91905,-0.86,1.12,0.13,0.08324,-0.09841,-0.17472,-0.97614,-0.85,1.13,0.17,-0.30338,-0.15992,-0.13533,-0.92955,-0.84,1.11,0.19,-0.46359,-0.16841,-0.1636,-0.85438,-0.83,1.1,0.2,-0.46359,-0.16841,-0.1636,-0.85438,-0.87,1.07,0.09,0.34378,-0.06456,-0.18163,-0.91905,-0.87,1.11,0.13,0.14076,-0.08164,-0.23319,-0.95872,-0.87,1.12,0.17,-0.27846,-0.18924,-0.21432,-0.91691,-0.86,1.11,0.19,-0.48138,-0.25677,-0.18649,-0.81705,-0.84,1.09,0.2,-0.48138,-0.25677,-0.18649,-0.81705,-0.88,1.07,0.09,0.27711,-0.00802,-0.41316,-0.86743,-0.89,1.09,0.13,0.20752,-0.08139,-0.30902,-0.92456,-0.89,1.1,0.16,-0.21328,-0.19788,-0.31648,-0.90288,-0.88,1.1,0.18,-0.40994,-0.31163,-0.26753,-0.81441,-0.86,1.09,0.19,-0.40994,-0.31163,-0.26753,-0.81441,-0.7,1.11,0.11,-0.35229,-0.13024,-0.18754,0.90761,-0.69,1.07,0.06,-0.35229,-0.13024,-0.18754,0.90761,-0.72,1.09,0.09,-0.50716,-0.15267,0.4649,0.70947,-0.74,1.11,0.1,-0.3148,-0.03553,0.40542,0.85748,-0.75,1.12,0.13,-0.24027,-0.03211,0.49147,0.83648,-0.76,1.13,0.15,-0.24027,-0.03211,0.49147,0.83648,-0.71,1.09,0.09,-0.35229,-0.13024,-0.18754,0.90761,-0.72,1.13,0.13,-0.15779,-0.20603,-0.0902,0.96152,-0.73,1.15,0.16,0.23145,-0.23211,-0.02777,0.94434,-0.74,1.14,0.18,0.39712,-0.20786,0.00232,0.89391,-0.75,1.12,0.19,0.39712,-0.20786,0.00232,0.89391,-0.7,1.09,0.09,-0.35229,-0.13024,-0.18754,0.90761,-0.7,1.13,0.13,-0.14381,-0.15743,-0.17,0.9621,-0.71,1.14,0.17,0.35773,-0.22492,-0.08082,0.90272,-0.72,1.13,0.19,0.61721,-0.22394,-0.07972,0.75004,-0.73,1.11,0.19,0.61721,-0.22394,-0.07972,0.75004,-0.68,1.08,0.1,-0.35229,-0.13024,-0.18754,0.90761,-0.68,1.12,0.13,-0.23996,-0.10928,-0.24675,0.93252,-0.69,1.14,0.17,0.33229,-0.25535,-0.17598,0.89074,-0.7,1.12,0.18,0.62434,-0.31971,-0.10303,0.70524,-0.71,1.11,0.19,0.62434,-0.31971,-0.10303,0.70524,-0.67,1.08,0.1,-0.27112,-0.07507,-0.41651,0.86451,-0.67,1.1,0.14,-0.38758,-0.01851,-0.33136,0.86002,-0.66,1.12,0.16,0.1567,-0.21677,-0.34,0.90159,-0.67,1.12,0.18,0.481,-0.37311,-0.23296,0.75839,-0.69,1.11,0.18,0.481,-0.37311,-0.23296,0.75839,-0.81,1.08,0.19
-0.78,1.46,-0.17,-0.78,1.46,-0.17,-0.85,1.1,0.11,0.33908,-0.06481,-0.16913,-0.92316,-0.86,1.06,0.06,0.33908,-0.06481,-0.16913,-0.92316,-0.83,1.08,0.09,0.43049,-0.15434,0.51809,-0.72281,-0.8,1.09,0.11,0.18496,0.01376,0.46334,-0.86655,-0.8,1.1,0.14,0.06016,0.03695,0.53469,-0.84209,-0.8,1.11,0.16,0.06016,0.03695,0.53469,-0.84209,-0.84,1.08,0.09,0.33908,-0.06481,-0.16913,-0.92316,-0.83,1.12,0.13,0.04932,-0.09688,-0.10702,-0.9883,-0.83,1.12,0.17,-0.34498,-0.13585,-0.08564,-0.92477,-0.82,1.11,0.18,-0.50781,-0.12197,-0.06808,-0.85007,-0.81,1.09,0.19,-0.50781,-0.12197,-0.06808,-0.85007,-0.85,1.07,0.09,0.33908,-0.06481,-0.16913,-0.92316,-0.86,1.12,0.13,0.0721,-0.09606,-0.16205,-0.97945,-0.85,1.12,0.17,-0.32397,-0.15389,-0.12313,-0.92531,-0.84,1.11,0.19,-0.48534,-0.15947,-0.15227,-0.84607,-0.83,1.09,0.2,-0.48534,-0.15947,-0.15227,-0.84607,-0.87,1.07,0.09,0.33908,-0.06481,-0.16913,-0.92316,-0.87,1.1,0.13,0.13002,-0.07973,-0.22074,-0.96333,-0.87,1.12,0.17,-0.29407,-0.18268,-0.20349,-0.91583,-0.86,1.1,0.19,-0.49725,-0.24772,-0.17778,-0.81227,-0.84,1.09,0.2,-0.49725,-0.24772,-0.17778,-0.81227,-0.88,1.07,0.09,0.27418,-0.00648,-0.40125,-0.87394,-0.89,1.09,0.13,0.19592,-0.08108,-0.29694,-0.93106,-0.89,1.1,0.16,-0.22111,-0.18989,-0.30673,-0.90607,-0.88,1.1,0.18,-0.41009,-0.29915,-0.26313,-0.82042,-0.86,1.08,0.19,-0.41009,-0.29915,-0.26313,-0.82042,-0.7,1.1,0.11,-0.41989,-0.16679,-0.1775,0.87428,-0.68,1.05,0.07,-0.41989,-0.16679,-0.1775,0.87428,-0.72,1.08,0.09,-0.52118,-0.12806,0.52644,0.65941,-0.74,1.09,0.1,-0.33759,0.00548,0.46224,0.81996,-0.75,1.11,0.13,-0.2395,0.02861,0.54145,0.80539,-0.76,1.12,0.15,-0.2395,0.02861,0.54145,0.80539,-0.71,1.08,0.09,-0.41989,-0.16679,-0.1775,0.87428,-0.72,1.13,0.12,-0.18845,-0.23446,-0.05958,0.95182,-0.74,1.14,0.15,0.21192,-0.24708,0.01487,0.94542,-0.75,1.13,0.17,0.36917,-0.2158,0.04429,0.90288,-0.76,1.12,0.18,0.36917,-0.2158,0.04429,0.90288,-0.69,1.08,0.09,-0.41989,-0.16679,-0.1775,0.87428,-0.7,1.13,0.12,-0.11046,-0.21403,-0.12439,0.96256,-0.72,1.14,0.16,0.38406,-0.25068,-0.01412,0.88852,-0.73,1.12,0.18,0.63825,-0.22742,-0.00846,0.73542,-0.74,1.1,0.18,0.63825,-0.22742,-0.00846,0.73542,-0.68,1.07,0.1,-0.41989,-0.16679,-0.1775,0.87428,-0.68,1.12,0.13,-0.21444,-0.17327,-0.21836,0.93611,-0.69,1.13,0.16,0.35963,-0.291,-0.11654,0.87886,-0.71,1.12,0.18,0.65621,-0.33106,-0.03229,0.67731,-0.72,1.1,0.18,0.65621,-0.33106,-0.03229,0.67731,-0.67,1.07,0.1,-0.33102,-0.12894,-0.40871,0.84069,-0.67,1.1,0.14,-0.41466,-0.06893,-0.33266,0.84418,-0.67,1.12,0.16,0.18046,-0.2785,-0.29965,0.89447,-0.68,1.12,0.17,0.52224,-0.41773,-0.16238,0.72553,-0.69,1.11,0.17,0.52224,-0.41773,-0.16238,0.72553,-0.81,1.08,0.19
-0.78,1.46,-0.17,-0.78,1.46,-0.17,-0.85,1.09,0.11,0.33725,-0.07037,-0.16092,-0.92489,-0.86,1.06,0.06,0.33725,-0.07037,-0.16092,-0.92489,-0.83,1.07,0.09,0.4254,-0.16262,0.52797,-0.71682,-0.8,1.09,0.11,0.18296,0.0086,0.47592,-0.86021,-0.8,1.1,0.14,0.05695,0.03455,0.5469,-0.83455,-0.8,1.1,0.16,0.05695,0.03455,0.5469,-0.83455,-0.84,1.08,0.09,0.33725,-0.07037,-0.16092,-0.92489,-0.83,1.12,0.13,0.03218,-0.10178,-0.09506,-0.98973,-0.83,1.12,0.17,-0.36787,-0.13573,-0.07187,-0.91711,-0.82,1.11,0.18,-0.52876,-0.1192,-0.05388,-0.83863,-0.81,1.09,0.19,-0.52876,-0.1192,-0.05388,-0.83863,-0.85,1.07,0.09,0.33725,-0.07037,-0.16092,-0.92489,-0.85,1.12,0.13,0.06866,-0.09919,-0.15258,-0.9809,-0.85,1.12,0.17,-0.32904,-0.15312,-0.11301,-0.92494,-0.84,1.11,0.19,-0.49432,-0.15711,-0.14212,-0.84307,-0.83,1.09,0.2,-0.49432,-0.15711,-0.14212,-0.84307,-0.87,1.07,0.09,0.33725,-0.07037,-0.16092,-0.92489,-0.87,1.1,0.13,0.13107,-0.0824,-0.21202,-0.96492,-0.87,1.12,0.17,-0.29935,-0.18252,-0.19358,-0.9163,-0.86,1.1,0.19,-0.50845,-0.24605,-0.1671,-0.80809,-0.84,1.09,0.2,-0.50845,-0.24605,-0.1671,-0.80809,-0.88,1.07,0.09,0.27238,-0.01109,-0.3933,-0.87807,-0.89,1.09,0.13,0.19541,-0.08335,-0.28885,-0.93351,-0.88,1.1,0.16,-0.22722,-0.18997,-0.29787,-0.9075,-0.87,1.09,0.18,-0.42486,-0.29952,-0.25226,-0.81618,-0.86,1.08,0.19,-0.42486,-0.29952,-0.25226,-0.81618,-0.71,1.09,0.12,-0.30869,-0.15457,-0.05251,0.93705,-0.69,1.05,0.07,-0.30869,-0.15457,-0.05251,0.93705,-0.73,1.06,0.1,-0.40179,-0.22221,0.61641,0.63971,-0.75,1.07,0.12,-0.23479,-0.05976,0.57927,0.7783,-0.76,1.08,0.15,-0.14877,-0.03951,0.65462,0.74012,-0.77,1.08,0.17,-0.14877,-0.03951,0.65462,0.74012,-0.72,1.07,0.1,-0.30869,-0.15457,-0.05251,0.93705,-0.73,1.1,0.14,-0.05603,-0.20045,0.05598,0.9765,-0.75,1.11,0.17,0.28096,-0.17321,0.09475,0.93919,-0.76,1.09,0.19,0.41216,-0.13114,0.109,0.89501,-0.76,1.08,0.21,0.41216,-0.13114,0.109,0.89501,-0.7,1.07,0.1,-0.30869,-0.15457,-0.05251,0.93705,-0.71,1.11,0.14,-0.04643,-0.15767,-0.0214,0.98617,-0.73,1.11,0.18,0.36661,-0.15369,0.03288,0.917,-0.73,1.09,0.2,0.58588,-0.12591,0.00471,0.80054,-0.74,1.07,0.21,0.58588,-0.12591,0.00471,0.80054,-0.68,1.07,0.11,-0.30869,-0.15457,-0.05251,0.93705,-0.7,1.1,0.15,-0.15477,-0.11459,-0.10595,0.97555,-0.7,1.11,0.18,0.39224,-0.17472,-0.06686,0.90064,-0.71,1.09,0.2,0.68007,-0.2051,-0.0324,0.70313,-0.72,1.07,0.2,0.68007,-0.2051,-0.0324,0.70313,-0.68,1.07,0.11,-0.2423,-0.08299,-0.28533,0.92358,-0.68,1.09,0.15,-0.34863,-0.01719,-0.20168,0.91514,-0.67,1.11,0.17,0.26463,-0.15172,-0.23158,0.92376,-0.68,1.1,0.19,0.61293,-0.27552,-0.15741,0.72363,-0.7,1.08,0.19,0.61293,-0.27552,-0.15741,0.72363,-0.81,1.08,0.19
-0.78,1.46,-0.17,-0.78,1.46,-0.17,-0.85,1.1,0.11,0.34408,-0.07314,-0.1405,-0.92548,-0.86,1.06,0.06,0.34408,-0.07314,-0.1405,-0.92548,-0.83,1.07,0.09,0.42117,-0.16502,0.54885,-0.70295,-0.8,1.09,0.11,0.18498,0.01214,0.49762,-0.84735,-0.8,1.1,0.14,0.05731,0.04257,0.5668,-0.82076,-0.8,1.1,0.16,0.05731,0.04257,0.5668,-0.82076,-0.84,1.08,0.09,0.34408,-0.07314,-0.1405,-0.92548,-0.83,1.12,0.13,0.03764,-0.09908,-0.07376,-0.99163,-0.82,1.12,0.16,-0.36715,-0.12511,-0.05296,-0.92019,-0.82,1.11,0.18,-0.53059,-0.10548,-0.03685,-0.84023,-0.81,1.09,0.19,-0.53059,-0.10548,-0.03685,-0.84023,-0.85,1.07,0.09,0.34408,-0.07314,-0.1405,-0.92548,-0.85,1.12,0.13,0.07734,-0.0955,-0.13291,-0.98348,-0.85,1.12,0.17,-0.32774,-0.14259,-0.09561,-0.92904,-0.84,1.11,0.19,-0.50671,-0.14504,-0.12614,-0.84042,-0.83,1.09,0.2,-0.50671,-0.14504,-0.12614,-0.84042,-0.87,1.07,0.09,0.34408,-0.07314,-0.1405,-0.92548,-0.87,1.11,0.13,0.14452,-0.0793,-0.19285,-0.96728,-0.87,1.12,0.17,-0.30637,-0.17533,-0.17462,-0.91919,-0.86,1.1,0.19,-0.53413,-0.23683,-0.14693,-0.79814,-0.84,1.09,0.2,-0.53413,-0.23683,-0.14693,-0.79814,-0.88,1.07,0.09,0.28128,-0.01473,-0.37457,-0.88338,-0.89,1.09,0.13,0.20749,-0.08068,-0.27001,-0.93677,-0.88,1.1,0.16,-0.23938,-0.18699,-0.279,-0.91098,-0.87,1.1,0.18,-0.46958,-0.30023,-0.22541,-0.79909,-0.86,1.08,0.18,-0.46958,-0.30023,-0.22541,-0.79909,-0.71,1.08,0.13,-0.21413,-0.12873,-0.02748,0.96789,-0.69,1.06,0.07,-0.21413,-0.12873,-0.02748,0.96789,-0.73,1.06,0.1,-0.35922,-0.28415,0.57498,0.67795,-0.75,1.06,0.12,-0.19433,-0.13693,0.55002,0.8006,-0.77,1.07,0.15,-0.13759,-0.14122,0.62887,0.7521,-0.78,1.07,0.17,-0.13759,-0.14122,0.62887,0.7521,-0.72,1.07,0.1,-0.21413,-0.12873,-0.02748,0.96789,-0.74,1.09,0.15,0.01681,-0.18335,0.06572,0.9807,-0.75,1.09,0.19,0.33348,-0.15371,0.09506,0.92527,-0.75,1.08,0.2,0.46122,-0.11131,0.10791,0.87364,-0.76,1.06,0.22,0.46122,-0.11131,0.10791,0.87364,-0.7,1.07,0.1,-0.21413,-0.12873,-0.02748,0.96789,-0.71,1.1,0.15,-0.07209,-0.11735,-0.02193,0.99023,-0.72,1.1,0.19,0.34435,-0.11753,0.01572,0.93132,-0.73,1.09,0.21,0.55752,-0.09693,-0.02148,0.82421,-0.73,1.06,0.22,0.55752,-0.09693,-0.02148,0.82421,-0.69,1.07,0.11,-0.21413,-0.12873,-0.02748,0.96789,-0.7,1.09,0.15,-0.17164,-0.06259,-0.0908,0.97897,-0.7,1.1,0.19,0.36596,-0.1225,-0.08299,0.91879,-0.71,1.09,0.21,0.64028,-0.1623,-0.06794,0.74772,-0.71,1.06,0.21,0.64028,-0.1623,-0.06794,0.74772,-0.68,1.07,0.11,-0.15906,-0.03362,-0.25468,0.95326,-0.68,1.08,0.15,-0.30893,0.03848,-0.15858,0.93698,-0.67,1.1,0.18,0.27341,-0.07077,-0.23234,0.93073,-0.68,1.09,0.19,0.60572,-0.19854,-0.19611,0.74513,-0.69,1.07,0.2,0.60572,-0.19854,-0.19611,0.74513,-0.81,1.08,0.19
-0.79,1.46,-0.17,-0.79,1.46,-0.17,-0.85,1.1,0.11,0.34751,-0.07137,-0.11044,-0.92841,-0.86,1.06,0.06,0.34751,-0.07137,-0.11044,-0.92841,-0.83,1.07,0.09,0.41287,-0.16811,0.57339,-0.68739,-0.8,1.08,0.11,0.18322,0.01672,0.52333,-0.83203,-0.8,1.1,0.14,0.05375,0.0522,0.59008,-0.80386,-0.8,1.1,0.16,0.05375,0.0522,0.59008,-0.80386,-0.84,1.08,0.09,0.34751,-0.07137,-0.11044,-0.92841,-0.83,1.12,0.13,0.0604,-0.08946,-0.04631,-0.99308,-0.82,1.12,0.16,-0.34718,-0.10586,-0.03163,-0.93127,-0.82,1.11,0.18,-0.51581,-0.08293,-0.01957,-0.85246,-0.82,1.09,0.19,-0.51581,-0.08293,-0.01957,-0.85246,-0.85,1.07,0.09,0.34751,-0.07137,-0.11044,-0.92841,-0.85,1.12,0.13,0.08518,-0.08407,-0.1057,-0.98717,-0.85,1.13,0.17,-0.3351,-0.12229,-0.0737,-0.9313,-0.84,1.11,0.19,-0.53149,-0.12176,-0.1079,-0.83129,-0.83,1.09,0.2,-0.53149,-0.12176,-0.1079,-0.83129,-0.87,1.07,0.09,0.34751,-0.07137,-0.11044,-0.92841,-0.87,1.11,0.13,0.15036,-0.06963,-0.16526,-0.97223,-0.87,1.12,0.17,-0.32519,-0.15806,-0.15126,-0.92,-0.86,1.11,0.19,-0.57305,-0.21588,-0.12562,-0.78053,-0.84,1.09,0.19,-0.57305,-0.21588,-0.12562,-0.78053,-0.88,1.07,0.09,0.28913,-0.01276,-0.34659,-0.89225,-0.89,1.09,0.13,0.21423,-0.07198,-0.2426,-0.94343,-0.88,1.11,0.16,-0.25531,-0.17286,-0.25615,-0.91615,-0.88,1.1,0.17,-0.51067,-0.28583,-0.20103,-0.78556,-0.86,1.08,0.18,-0.51067,-0.28583,-0.20103,-0.78556,-0.71,1.09,0.13,-0.21107,-0.12304,-0.05819,0.96795,-0.69,1.07,0.07,-0.21107,-0.12304,-0.05819,0.96795,-0.73,1.07,0.1,-0.38428,-0.2724,0.52937,0.70561,-0.75,1.08,0.12,-0.21674,-0.14058,0.49827,0.82764,-0.77,1.08,0.15,-0.17244,-0.15437,0.57992,0.78111,-0.78,1.09,0.17,-0.17244,-0.15437,0.57992,0.78111,-0.72,1.07,0.1,-0.21107,-0.12304,-0.05819,0.96795,-0.73,1.1,0.15,-0.01476,-0.19027,0.02872,0.9812,-0.75,1.1,0.19,0.31223,-0.17233,0.06381,0.93207,-0.75,1.09,0.2,0.45436,-0.13337,0.08112,0.87703,-0.76,1.07,0.22,0.45436,-0.13337,0.08112,0.87703,-0.7,1.07,0.1,-0.21107,-0.12304,-0.05819,0.96795,-0.71,1.1,0.15,-0.11811,-0.10916,-0.06025,0.98514,-0.72,1.11,0.19,0.31792,-0.12685,-0.02012,0.93938,-0.73,1.1,0.22,0.53723,-0.11608,-0.05425,0.83365,-0.73,1.08,0.23,0.53723,-0.11608,-0.05425,0.83365,-0.69,1.07,0.11,-0.21107,-0.12304,-0.05819,0.96795,-0.69,1.1,0.16,-0.20146,-0.05241,-0.12377,0.97023,-0.7,1.11,0.19,0.33609,-0.13227,-0.11546,0.92532,-0.7,1.1,0.21,0.60334,-0.18207,-0.09639,0.77041,-0.71,1.07,0.22,0.60334,-0.18207,-0.09639,0.77041,-0.68,1.07,0.11,-0.15296,-0.02802,-0.2841,0.9461,-0.68,1.08,0.15,-0.31257,0.05372,-0.18584,0.92999,-0.67,1.1,0.18,0.24076,-0.06729,-0.26358,0.93168,-0.68,1.09,0.19,0.54535,-0.19996,-0.23105,0.78053,-0.69,1.08,0.2,0.54535,-0.19996,-0.23105,0.78053,-0.81,1.08,0.19
-0.79,1.46,-0.17,-0.79,1.46,-0.17,-0.85,1.1,0.11,0.33759,-0.06602,-0.09646,-0.93401,-0.86,1.06,0.06,0.33759,-0.06602,-0.09646,-0.93401,-0.82,1.07,0.09,0.4126,-0.1806,0.57094,-0.68642,-0.8,1.09,0.1,0.1829,0.00367,0.52499,-0.83122,-0.79,1.1,0.14,0.05616,0.03827,0.59343,-0.80201,-0.79,1.1,0.16,0.05616,0.03827,0.59343,-0.80201,-0.83,1.08,0.08,0.33759,-0.06602,-0.09646,-0.93401,-0.83,1.12,0.13,0.07855,-0.08295,-0.03553,-0.99282,-0.82,1.13,0.16,-0.31679,-0.09566,-0.02572,-0.94331,-0.82,1.11,0.18,-0.48528,-0.07197,-0.01681,-0.87123,-0.81,1.09,0.19,-0.48528,-0.07197,-0.01681,-0.87123,-0.85,1.08,0.09,0.33759,-0.06602,-0.09646,-0.93401,-0.85,1.12,0.13,0.0685,-0.0733,-0.09449,-0.99046,-0.84,1.13,0.17,-0.35656,-0.10798,-0.06747,-0.92555,-0.84,1.11,0.19,-0.55283,-0.10523,-0.10461,-0.81998,-0.83,1.09,0.2,-0.55283,-0.10523,-0.10461,-0.81998,-0.87,1.08,0.09,0.33759,-0.06602,-0.09646,-0.93401,-0.87,1.11,0.13,0.09214,-0.06421,-0.15128,-0.98209,-0.86,1.12,0.17,-0.38071,-0.14437,-0.14271,-0.90214,-0.85,1.1,0.18,-0.62288,-0.19897,-0.12234,-0.74664,-0.84,1.08,0.19,-0.62288,-0.19897,-0.12234,-0.74664,-0.88,1.07,0.09,0.28249,-0.00449,-0.33292,-0.89964,-0.88,1.1,0.13,0.17305,-0.06783,-0.23047,-0.95516,-0.88,1.11,0.16,-0.29062,-0.15876,-0.24817,-0.91036,-0.87,1.1,0.17,-0.53491,-0.26799,-0.20178,-0.77546,-0.86,1.08,0.18,-0.53491,-0.26799,-0.20178,-0.77546,-0.7,1.1,0.12,-0.26455,-0.12139,-0.10381,0.95105,-0.69,1.07,0.07,-0.26455,-0.12139,-0.10381,0.95105,-0.73,1.07,0.1,-0.42353,-0.22657,0.51722,0.70836,-0.75,1.09,0.11,-0.25128,-0.09841,0.47508,0.83754,-0.77,1.1,0.14,-0.1932,-0.1034,0.55891,0.79975,-0.78,1.1,0.16,-0.1932,-0.1034,0.55891,0.79975,-0.72,1.08,0.1,-0.26455,-0.12139,-0.10381,0.95105,-0.73,1.11,0.15,-0.1353,-0.18078,-0.0325,0.97363,-0.74,1.12,0.18,0.22302,-0.18638,0.00867,0.95679,-0.75,1.11,0.2,0.38705,-0.15641,0.02935,0.90822,-0.76,1.1,0.21,0.38705,-0.15641,0.02935,0.90822,-0.7,1.08,0.1,-0.26455,-0.12139,-0.10381,0.95105,-0.71,1.11,0.15,-0.16179,-0.11428,-0.10536,0.97451,-0.72,1.13,0.19,0.27455,-0.15144,-0.05838,0.94778,-0.73,1.11,0.21,0.48668,-0.15133,-0.08662,0.856,-0.73,1.1,0.22,0.48668,-0.15133,-0.08662,0.856,-0.68,1.08,0.11,-0.26455,-0.12139,-0.10381,0.95105,-0.69,1.1,0.15,-0.2309,-0.06196,-0.17056,0.95591,-0.69,1.12,0.18,0.28304,-0.16275,-0.15236,0.93284,-0.7,1.11,0.2,0.53817,-0.22199,-0.12398,0.80357,-0.71,1.09,0.21,0.53817,-0.22199,-0.12398,0.80357,-0.68,1.07,0.11,-0.19897,-0.04071,-0.3323,0.92105,-0.67,1.09,0.15,-0.34563,0.04883,-0.23952,0.90597,-0.67,1.11,0.17,0.1952,-0.10153,-0.30479,0.92666,-0.67,1.1,0.19,0.47957,-0.24062,-0.26019,0.80276,-0.69,1.09,0.2,0.47957,-0.24062,-0.26019,0.80276,-0.81,1.08,0.19
-0.78,1.46,-0.17,-0.78,1.46,-0.17,-0.85,1.1,0.11,0.32975,-0.0614,-0.10032,-0.93671,-0.86,1.06,0.05,0.32975,-0.0614,-0.10032,-0.93671,-0.82,1.08,0.08,0.41736,-0.18513,0.55686,-0.69386,-0.8,1.09,0.1,0.18379,-0.00491,0.51235,-0.83886,-0.79,1.1,0.13,0.05882,0.027,0.58276,-0.81006,-0.79,1.1,0.16,0.05882,0.027,0.58276,-0.81006,-0.83,1.08,0.08,0.32975,-0.0614,-0.10032,-0.93671,-0.83,1.12,0.13,0.06638,-0.08006,-0.04,-0.99377,-0.82,1.13,0.16,-0.31335,-0.09391,-0.03255,-0.94442,-0.82,1.11,0.18,-0.47568,-0.07127,-0.02461,-0.87638,-0.81,1.09,0.2,-0.47568,-0.07127,-0.02461,-0.87638,-0.85,1.08,0.08,0.32975,-0.0614,-0.10032,-0.93671,-0.85,1.12,0.13,0.05494,-0.06873,-0.09991,-0.9911,-0.84,1.13,0.17,-0.36109,-0.10531,-0.07523,-0.92351,-0.84,1.11,0.19,-0.5443,-0.10311,-0.11301,-0.82482,-0.83,1.09,0.2,-0.5443,-0.10311,-0.11301,-0.82482,-0.87,1.08,0.09,0.32975,-0.0614,-0.10032,-0.93671,-0.87,1.11,0.13,0.06512,-0.06055,-0.15609,-0.98373,-0.86,1.12,0.17,-0.38102,-0.13849,-0.15232,-0.90136,-0.85,1.1,0.18,-0.60744,-0.19437,-0.13594,-0.75813,-0.84,1.08,0.19,-0.60744,-0.19437,-0.13594,-0.75813,-0.87,1.07,0.09,0.27527,0.00192,-0.33621,-0.90066,-0.88,1.1,0.13,0.14468,-0.06667,-0.23496,-0.95886,-0.88,1.11,0.16,-0.2753,-0.14645,-0.25752,-0.91458,-0.87,1.1,0.17,-0.47365,-0.24764,-0.22631,-0.81432,-0.86,1.08,0.18,-0.47365,-0.24764,-0.22631,-0.81432,-0.71,1.09,0.12,-0.24838,-0.13047,-0.08025,0.95648,-0.69,1.07,0.07,-0.24838,-0.13047,-0.08025,0.95648,-0.73,1.07,0.1,-0.407,-0.24241,0.53584,0.69891,-0.75,1.08,0.11,-0.23813,-0.10914,0.49817,0.82657,-0.77,1.09,0.14,-0.17405,-0.10911,0.58105,0.78752,-0.78,1.09,0.16,-0.17405,-0.10911,0.58105,0.78752,-0.72,1.08,0.1,-0.24838,-0.13047,-0.08025,0.95648,-0.73,1.11,0.14,-0.11185,-0.18132,-0.00972,0.97699,-0.75,1.12,0.18,0.25017,-0.17809,0.03076,0.95119,-0.75,1.1,0.2,0.4169,-0.14389,0.05126,0.89602,-0.76,1.09,0.21,0.4169,-0.14389,0.05126,0.89602,-0.7,1.08,0.1,-0.24838,-0.13047,-0.08025,0.95648,-0.71,1.11,0.15,-0.14528,-0.12356,-0.0797,0.9784,-0.72,1.12,0.19,0.24195,-0.14679,-0.03885,0.95834,-0.73,1.11,0.21,0.42863,-0.1438,-0.07089,0.88914,-0.74,1.09,0.22,0.42863,-0.1438,-0.07089,0.88914,-0.69,1.08,0.1,-0.24838,-0.13047,-0.08025,0.95648,-0.69,1.1,0.15,-0.21915,-0.07375,-0.14512,0.96202,-0.7,1.12,0.18,0.26169,-0.15513,-0.13003,0.94369,-0.71,1.11,0.2,0.50335,-0.20754,-0.10749,0.83187,-0.72,1.09,0.22,0.50335,-0.20754,-0.10749,0.83187,-0.68,1.07,0.11,-0.18466,-0.04495,-0.30818,0.93215,-0.68,1.09,0.15,-0.33605,0.03848,-0.21504,0.91616,-0.67,1.11,0.17,0.20331,-0.0945,-0.27967,0.93355,-0.68,1.1,0.19,0.48697,-0.22494,-0.24012,0.80908,-0.69,1.09,0.2,0.48697,-0.22494,-0.24012,0.80908,-0.81,1.08,0.19
-0.78,1.46,-0.17,-0.78,1.46,-0.17,-0.85,1.1,0.1,0.33104,-0.05705,-0.11752,-0.93453,-0.86,1.06,0.05,0.33104,-0.05705,-0.11752,-0.93453,-0.82,1.08,0.08,0.42608,-0.17766,0.53985,-0.70389,-0.8,1.09,0.1,0.18484,-0.00115,0.49305,-0.85014,-0.79,1.1,0.13,0.05733,0.02928,0.56396,-0.82329,-0.79,1.11,0.16,0.05733,0.02928,0.56396,-0.82329,-0.83,1.08,0.08,0.33104,-0.05705,-0.11752,-0.93453,-0.83,1.12,0.13,0.06421,-0.08215,-0.0564,-0.99295,-0.82,1.13,0.16,-0.31418,-0.1019,-0.04704,-0.94271,-0.82,1.11,0.18,-0.47349,-0.08152,-0.0378,-0.8762,-0.81,1.1,0.19,-0.47349,-0.08152,-0.0378,-0.8762,-0.85,1.08,0.08,0.33104,-0.05705,-0.11752,-0.93453,-0.85,1.12,0.13,0.0709,-0.06759,-0.11874,-0.98808,-0.85,1.13,0.17,-0.33399,-0.11115,-0.09413,-0.93126,-0.84,1.11,0.19,-0.50722,-0.1132,-0.13103,-0.84424,-0.83,1.09,0.2,-0.50722,-0.1132,-0.13103,-0.84424,-0.87,1.08,0.09,0.33104,-0.05705,-0.11752,-0.93453,-0.87,1.11,0.13,0.08732,-0.05707,-0.17527,-0.97898,-0.87,1.12,0.16,-0.34534,-0.1424,-0.17235,-0.91146,-0.86,1.1,0.18,-0.56178,-0.20255,-0.15572,-0.78684,-0.84,1.08,0.19,-0.56178,-0.20255,-0.15572,-0.78684,-0.87,1.07,0.09,0.27505,0.00524,-0.35266,-0.8944,-0.88,1.1,0.13,0.1533,-0.06161,-0.25328,-0.95318,-0.88,1.11,0.16,-0.25295,-0.14666,-0.27744,-0.91517,-0.87,1.1,0.17,-0.43969,-0.24951,-0.24745,-0.82655,-0.86,1.09,0.18,-0.43969,-0.24951,-0.24745,-0.82655,-0.71,1.09,0.12,-0.22086,-0.13611,-0.04917,0.96451,-0.69,1.07,0.07,-0.22086,-0.13611,-0.04917,0.96451,-0.73,1.07,0.1,-0.38288,-0.26404,0.55349,0.69089,-0.76,1.07,0.11,-0.21929,-0.12678,0.52131,0.8149,-0.77,1.08,0.14,-0.16127,-0.1302,0.60257,0.77068,-0.78,1.08,0.16,-0.16127,-0.1302,0.60257,0.77068,-0.72,1.07,0.1,-0.22086,-0.13611,-0.04917,0.96451,-0.74,1.1,0.15,-0.07057,-0.18868,0.02505,0.97918,-0.75,1.11,0.18,0.29183,-0.1713,0.06607,0.93868,-0.76,1.09,0.2,0.46154,-0.12993,0.08711,0.87322,-0.76,1.07,0.21,0.46154,-0.12993,0.08711,0.87322,-0.7,1.07,0.1,-0.22086,-0.13611,-0.04917,0.96451,-0.72,1.1,0.15,-0.11069,-0.13325,-0.04462,0.98387,-0.73,1.11,0.19,0.25169,-0.14176,-0.00639,0.95735,-0.73,1.1,0.21,0.43176,-0.13209,-0.04037,0.89135,-0.74,1.08,0.23,0.43176,-0.13209,-0.04037,0.89135,-0.69,1.07,0.1,-0.22086,-0.13611,-0.04917,0.96451,-0.7,1.1,0.15,-0.20077,-0.0826,-0.11189,0.96971,-0.7,1.11,0.18,0.26721,-0.14514,-0.09914,0.94747,-0.71,1.1,0.21,0.50883,-0.18959,-0.08087,0.83583,-0.72,1.08,0.22,0.50883,-0.18959,-0.08087,0.83583,-0.68,1.07,0.11,-0.16106,-0.04302,-0.27579,0.94665,-0.68,1.09,0.15,-0.32047,0.03258,-0.18077,0.92928,-0.67,1.1,0.17,0.2211,-0.07926,-0.24853,0.93971,-0.68,1.1,0.19,0.51647,-0.20278,-0.21475,0.80375,-0.69,1.08,0.2,0.51647,-0.20278,-0.21475,0.80375,-0.81,1.08,0.19
-0.78,1.45,-0.17,-0.78,1.45,-0.17,-0.85,1.1,0.1,0.33691,-0.0591,-0.14722,-0.92808,-0.86,1.06,0.05,0.33691,-0.0591,-0.14722,-0.92808,-0.82,1.08,0.08,0.43872,-0.16725,0.51841,-0.7147,-0.8,1.09,0.1,0.18996,0.00312,0.46836,-0.86287,-0.8,1.1,0.13,0.05675,0.03356,0.53969,-0.83928,-0.79,1.11,0.15,0.05675,0.03356,0.53969,-0.83928,-0.84,1.08,0.08,0.33691,-0.0591,-0.14722,-0.92808,-0.83,1.12,0.12,0.05568,-0.09535,-0.08116,-0.99057,-0.83,1.13,0.16,-0.33596,-0.12419,-0.06307,-0.93152,-0.82,1.11,0.18,-0.49602,-0.10625,-0.04875,-0.86041,-0.81,1.09,0.19,-0.49602,-0.10625,-0.04875,-0.86041,-0.85,1.08,0.08,0.33691,-0.0591,-0.14722,-0.92808,-0.85,1.12,0.13,0.09949,-0.07483,-0.14841,-0.98106,-0.85,1.13,0.17,-0.31571,-0.13142,-0.11679,-0.93243,-0.84,1.12,0.19,-0.49688,-0.13917,-0.14899,-0.84353,-0.83,1.1,0.2,-0.49688,-0.13917,-0.14899,-0.84353,-0.87,1.08,0.09,0.33691,-0.0591,-0.14722,-0.92808,-0.87,1.11,0.13,0.13518,-0.05898,-0.20596,-0.96738,-0.87,1.12,0.16,-0.31474,-0.16291,-0.1954,-0.91445,-0.86,1.11,0.18,-0.53927,-0.22988,-0.17058,-0.79199,-0.84,1.09,0.19,-0.53927,-0.22988,-0.17058,-0.79199,-0.88,1.07,0.09,0.27625,0.00059,-0.38086,-0.8824,-0.89,1.09,0.13,0.17467,-0.06477,-0.2817,-0.94124,-0.88,1.1,0.15,-0.24404,-0.16733,-0.29981,-0.90695,-0.88,1.1,0.17,-0.44635,-0.27961,-0.25882,-0.80969,-0.86,1.09,0.18,-0.44635,-0.27961,-0.25882,-0.80969,-0.71,1.09,0.12,-0.23299,-0.12847,-0.08836,0.9599,-0.69,1.07,0.07,-0.23299,-0.12847,-0.08836,0.9599,-0.73,1.07,0.1,-0.40232,-0.23941,0.52298,0.71226,-0.75,1.08,0.11,-0.23996,-0.11413,0.48216,0.83481,-0.77,1.09,0.14,-0.19452,-0.12738,0.56497,0.79167,-0.78,1.1,0.16,-0.19452,-0.12738,0.56497,0.79167,-0.72,1.08,0.1,-0.23299,-0.12847,-0.08836,0.9599,-0.73,1.11,0.14,-0.07054,-0.20344,-0.0043,0.97653,-0.75,1.11,0.18,0.29726,-0.19534,0.04536,0.9335,-0.76,1.1,0.2,0.47194,-0.15702,0.07246,0.8645,-0.76,1.08,0.21,0.47194,-0.15702,0.07246,0.8645,-0.7,1.08,0.1,-0.23299,-0.12847,-0.08836,0.9599,-0.71,1.11,0.15,-0.11275,-0.14227,-0.07926,0.98019,-0.72,1.12,0.19,0.25115,-0.16274,-0.03499,0.95353,-0.73,1.11,0.21,0.43753,-0.15808,-0.06386,0.88289,-0.74,1.09,0.22,0.43753,-0.15808,-0.06386,0.88289,-0.69,1.07,0.1,-0.23299,-0.12847,-0.08836,0.9599,-0.69,1.1,0.15,-0.20769,-0.08595,-0.14947,0.96288,-0.7,1.12,0.18,0.26166,-0.16603,-0.13,0.94184,-0.71,1.1,0.21,0.51201,-0.21866,-0.10285,0.82429,-0.72,1.09,0.22,0.51201,-0.21866,-0.10285,0.82429,-0.68,1.07,0.11,-0.16897,-0.03951,-0.31462,0.93322,-0.68,1.09,0.15,-0.32465,0.03852,-0.21991,0.91911,-0.67,1.1,0.17,0.22153,-0.09814,-0.28345,0.92787,-0.68,1.1,0.19,0.53993,-0.23961,-0.23389,0.77224,-0.69,1.08,0.2,0.53993,-0.23961,-0.23389,0.77224,-0.81,1.08,0.19
-0.78,1.45,-0.17,-0.78,1.45,-0.17,-0.85,1.1,0.1,0.33237,-0.0696,-0.162,-0.92652,-0.86,1.06,0.05,0.33237,-0.0696,-0.162,-0.92652,-0.82,1.08,0.08,0.4361,-0.17018,0.51335,-0.71926,-0.8,1.09,0.1,0.18402,-2e-05,0.46438,-0.86631,-0.8,1.1,0.13,0.04542,0.03279,0.53547,-0.8427,-0.8,1.11,0.15,0.04542,0.03279,0.53547,-0.8427,-0.84,1.08,0.08,0.33237,-0.0696,-0.162,-0.92652,-0.83,1.12,0.12,0.03765,-0.11233,-0.08944,-0.98892,-0.82,1.13,0.16,-0.37768,-0.1443,-0.06009,-0.91265,-0.82,1.11,0.18,-0.54389,-0.12586,-0.03937,-0.82873,-0.81,1.09,0.19,-0.54389,-0.12586,-0.03937,-0.82873,-0.85,1.08,0.08,0.33237,-0.0696,-0.162,-0.92652,-0.85,1.12,0.13,0.09581,-0.09069,-0.15882,-0.97846,-0.85,1.13,0.17,-0.33981,-0.15285,-0.11618,-0.92069,-0.84,1.11,0.19,-0.53834,-0.1605,-0.14193,-0.81504,-0.83,1.09,0.2,-0.53834,-0.1605,-0.14193,-0.81504,-0.87,1.07,0.09,0.33237,-0.0696,-0.162,-0.92652,-0.87,1.11,0.13,0.14559,-0.07068,-0.21815,-0.9624,-0.87,1.12,0.16,-0.32756,-0.18423,-0.19643,-0.90564,-0.86,1.11,0.18,-0.56549,-0.25267,-0.1624,-0.76812,-0.84,1.09,0.19,-0.56549,-0.25267,-0.1624,-0.76812,-0.88,1.07,0.09,0.26764,-0.00913,-0.39401,-0.87923,-0.88,1.09,0.13,0.1833,-0.07398,-0.29373,-0.93523,-0.88,1.1,0.16,-0.25569,-0.18823,-0.3033,-0.89844,-0.87,1.1,0.17,-0.48175,-0.30794,-0.24878,-0.7818,-0.86,1.08,0.18,-0.48175,-0.30794,-0.24878,-0.7818,-0.71,1.09,0.13,-0.21975,-0.12826,-0.08986,0.9629,-0.69,1.07,0.07,-0.21975,-0.12826,-0.08986,0.9629,-0.73,1.07,0.1,-0.3993,-0.24013,0.51345,0.7206,-0.75,1.08,0.11,-0.24437,-0.12196,0.47049,0.83908,-0.77,1.09,0.14,-0.21623,-0.14616,0.55271,0.79145,-0.78,1.09,0.16,-0.21623,-0.14616,0.55271,0.79145,-0.72,1.07,0.1,-0.21975,-0.12826,-0.08986,0.9629,-0.73,1.1,0.15,-0.04263,-0.21798,0.00242,0.97502,-0.75,1.11,0.18,0.32161,-0.20576,0.05658,0.92251,-0.76,1.09,0.2,0.49404,-0.16491,0.08627,0.84928,-0.76,1.07,0.21,0.49404,-0.16491,0.08627,0.84928,-0.7,1.07,0.1,-0.21975,-0.12826,-0.08986,0.9629,-0.71,1.1,0.15,-0.09336,-0.15276,-0.07653,0.98086,-0.72,1.11,0.19,0.27249,-0.17137,-0.02815,0.94636,-0.73,1.1,0.21,0.46894,-0.16399,-0.05422,0.86618,-0.74,1.08,0.22,0.46894,-0.16399,-0.05422,0.86618,-0.68,1.07,0.11,-0.21975,-0.12826,-0.08986,0.9629,-0.69,1.1,0.15,-0.1946,-0.09419,-0.1486,0.96498,-0.7,1.11,0.19,0.27904,-0.17298,-0.12495,0.93627,-0.71,1.1,0.21,0.54018,-0.2243,-0.09399,0.80564,-0.72,1.08,0.22,0.54018,-0.2243,-0.09399,0.80564,-0.68,1.07,0.11,-0.15593,-0.03617,-0.31484,0.93555,-0.68,1.08,0.15,-0.31791,0.03464,-0.21904,0.92182,-0.67,1.1,0.17,0.23175,-0.10117,-0.28057,0.92592,-0.68,1.09,0.19,0.56281,-0.24496,-0.22677,0.75619,-0.69,1.08,0.2,0.56281,-0.24496,-0.22677,0.75619,-0.81,1.08,0.19
-0.78,1.45,-0.17,-0.78,1.45,-0.17,-0.85,1.09,0.11,0.31105,-0.07274,-0.15879,-0.93421,-0.86,1.06,0.05,0.31105,-0.07274,-0.15879,-0.93421,-0.82,1.08,0.08,0.41658,-0.18352,0.51725,-0.72473,-0.8,1.09,0.1,0.16155,-0.00877,0.47283,-0.86617,-0.8,1.1,0.13,0.02339,0.02361,0.54382,-0.83854,-0.8,1.1,0.16,0.02339,0.02361,0.54382,-0.83854,-0.84,1.08,0.08,0.31105,-0.07274,-0.15879,-0.93421,-0.83,1.12,0.13,0.00846,-0.11455,-0.08527,-0.98971,-0.82,1.12,0.16,-0.40966,-0.14416,-0.05472,-0.89911,-0.82,1.1,0.18,-0.5779,-0.12478,-0.03224,-0.80587,-0.81,1.08,0.19,-0.5779,-0.12478,-0.03224,-0.80587,-0.85,1.08,0.08,0.31105,-0.07274,-0.15879,-0.93421,-0.85,1.11,0.13,0.06843,-0.09394,-0.15374,-0.98125,-0.85,1.12,0.17,-0.36304,-0.15289,-0.11071,-0.91245,-0.84,1.1,0.19,-0.55837,-0.15772,-0.13635,-0.80297,-0.83,1.08,0.2,-0.55837,-0.15772,-0.13635,-0.80297,-0.87,1.07,0.09,0.31105,-0.07274,-0.15879,-0.93421,-0.87,1.1,0.13,0.12548,-0.07215,-0.21348,-0.96617,-0.87,1.11,0.17,-0.34187,-0.18145,-0.19299,-0.90164,-0.85,1.1,0.19,-0.57567,-0.24829,-0.16084,-0.76229,-0.84,1.08,0.19,-0.57567,-0.24829,-0.16084,-0.76229,-0.88,1.07,0.09,0.24666,-0.00661,-0.38945,-0.88738,-0.88,1.09,0.13,0.16857,-0.07276,-0.28939,-0.93944,-0.88,1.1,0.16,-0.26429,-0.18207,-0.30093,-0.89802,-0.87,1.09,0.17,-0.48399,-0.29965,-0.25063,-0.78304,-0.86,1.08,0.18,-0.48399,-0.29965,-0.25063,-0.78304,-0.71,1.09,0.13,-0.22211,-0.13973,-0.11013,0.95865,-0.69,1.07,0.07,-0.22211,-0.13973,-0.11013,0.95865,-0.73,1.07,0.1,-0.41242,-0.2409,0.49551,0.7255,-0.75,1.08,0.11,-0.25939,-0.12967,0.45117,0.84401,-0.77,1.09,0.14,-0.24219,-0.159,0.53385,0.7944,-0.78,1.1,0.16,-0.24219,-0.159,0.53385,0.7944,-0.72,1.08,0.1,-0.22211,-0.13973,-0.11013,0.95865,-0.73,1.11,0.15,-0.04403,-0.23497,-0.01302,0.97092,-0.75,1.11,0.18,0.31412,-0.2275,0.04724,0.92051,-0.76,1.09,0.19,0.48395,-0.18844,0.08041,0.85077,-0.76,1.08,0.21,0.48395,-0.18844,0.08041,0.85077,-0.7,1.07,0.1,-0.22211,-0.13973,-0.11013,0.95865,-0.71,1.11,0.15,-0.0973,-0.17174,-0.09347,0.97586,-0.72,1.12,0.19,0.26643,-0.19523,-0.03711,0.94315,-0.74,1.1,0.21,0.46252,-0.18945,-0.05803,0.86418,-0.74,1.08,0.22,0.46252,-0.18945,-0.05803,0.86418,-0.68,1.07,0.11,-0.22211,-0.13973,-0.11013,0.95865,-0.69,1.1,0.15,-0.19525,-0.11371,-0.16702,0.95971,-0.7,1.11,0.19,0.278,-0.19897,-0.13166,0.93048,-0.71,1.1,0.21,0.53785,-0.25095,-0.09263,0.79947,-0.72,1.08,0.21,0.53785,-0.25095,-0.09263,0.79947,-0.68,1.07,0.11,-0.15307,-0.04872,-0.3337,0.92889,-0.68,1.08,0.15,-0.32214,0.01485,-0.24045,0.91553,-0.67,1.1,0.17,0.22801,-0.13012,-0.28727,0.92117,-0.68,1.09,0.19,0.55809,-0.27421,-0.22113,0.7513,-0.69,1.08,0.2,0.55809,-0.27421,-0.22113,0.7513,-0.81,1.08,0.19
-0.78,1.45,-0.17,-0.78,1.45,-0.17,-0.85,1.09,0.11,0.30701,-0.07486,-0.16586,-0.93415,-0.86,1.06,0.06,0.30701,-0.07486,-0.16586,-0.93415,-0.83,1.07,0.08,0.41659,-0.18253,0.51102,-0.72938,-0.8,1.09,0.1,0.16031,-0.00992,0.46623,-0.86996,-0.8,1.1,0.14,0.02404,0.02007,0.53791,-0.84242,-0.8,1.1,0.16,0.02404,0.02007,0.53791,-0.84242,-0.84,1.08,0.09,0.30701,-0.07486,-0.16586,-0.93415,-0.83,1.12,0.13,-0.00055,-0.11557,-0.09318,-0.98892,-0.82,1.12,0.17,-0.41473,-0.14798,-0.06195,-0.89569,-0.82,1.1,0.18,-0.5823,-0.12989,-0.03845,-0.80161,-0.81,1.08,0.19,-0.5823,-0.12989,-0.03845,-0.80161,-0.85,1.07,0.09,0.30701,-0.07486,-0.16586,-0.93415,-0.85,1.11,0.13,0.05551,-0.09873,-0.15927,-0.98072,-0.85,1.12,0.17,-0.36428,-0.15815,-0.11541,-0.91048,-0.84,1.1,0.19,-0.55176,-0.16296,-0.14048,-0.80577,-0.83,1.08,0.2,-0.55176,-0.16296,-0.14048,-0.80577,-0.87,1.07,0.09,0.30701,-0.07486,-0.16586,-0.93415,-0.87,1.1,0.13,0.12372,-0.07519,-0.21981,-0.96474,-0.87,1.11,0.17,-0.33155,-0.18463,-0.19919,-0.9035,-0.86,1.1,0.19,-0.55662,-0.25181,-0.16797,-0.77366,-0.84,1.08,0.2,-0.55662,-0.25181,-0.16797,-0.77366,-0.88,1.07,0.09,0.24132,-0.00797,-0.39568,-0.88608,-0.88,1.08,0.13,0.1726,-0.07307,-0.29583,-0.93667,-0.88,1.1,0.16,-0.25453,-0.18381,-0.30729,-0.89833,-0.87,1.09,0.18,-0.46697,-0.30087,-0.25827,-0.79039,-0.86,1.08,0.19,-0.46697,-0.30087,-0.25827,-0.79039,-0.71,1.1,0.12,-0.29694,-0.18787,-0.1534,0.92358,-0.69,1.06,0.07,-0.29694,-0.18787,-0.1534,0.92358,-0.73,1.08,0.09,-0.50333,-0.21745,0.45871,0.69926,-0.75,1.09,0.1,-0.35239,-0.12267,0.40818,0.83317,-0.77,1.11,0.12,-0.33913,-0.1451,0.49557,0.78635,-0.78,1.12,0.14,-0.33913,-0.1451,0.49557,0.78635,-0.72,1.08,0.09,-0.29694,-0.18787,-0.1534,0.92358,-0.73,1.12,0.13,-0.1009,-0.28653,-0.02962,0.95228,-0.75,1.13,0.16,0.27437,-0.2819,0.05671,0.91763,-0.76,1.11,0.18,0.44443,-0.24089,0.09887,0.85713,-0.77,1.1,0.19,0.44443,-0.24089,0.09887,0.85713,-0.7,1.08,0.09,-0.29694,-0.18787,-0.1534,0.92358,-0.71,1.12,0.14,-0.1523,-0.22978,-0.12182,0.9535,-0.73,1.13,0.17,0.23928,-0.26156,-0.03344,0.93446,-0.74,1.12,0.19,0.44872,-0.25513,-0.03829,0.85562,-0.75,1.1,0.21,0.44872,-0.25513,-0.03829,0.85562,-0.68,1.08,0.1,-0.29694,-0.18787,-0.1534,0.92358,-0.7,1.11,0.14,-0.21969,-0.17998,-0.2009,0.93754,-0.7,1.13,0.17,0.27547,-0.27757,-0.12191,0.91225,-0.72,1.12,0.19,0.54173,-0.32293,-0.05664,0.77398,-0.73,1.1,0.2,0.54173,-0.32293,-0.05664,0.77398,-0.68,1.07,0.11,-0.21011,-0.11654,-0.37794,0.89411,-0.68,1.09,0.15,-0.36574,-0.04784,-0.29823,0.88034,-0.68,1.11,0.17,0.19165,-0.22206,-0.29695,0.90873,-0.69,1.11,0.18,0.52018,-0.36204,-0.19187,0.74935,-0.7,1.1,0.19,0.52018,-0.36204,-0.19187,0.74935,-0.81,1.08,0.19
-0.78,1.46,-0.17,-0.78,1.46,-0.17,-0.85,1.09,0.11,0.31151,-0.07931,-0.1792,-0.92982,-0.86,1.06,0.06,0.31151,-0.07931,-0.1792,-0.92982,-0.83,1.07,0.09,0.4269,-0.17551,0.4994,-0.73318,-0.81,1.09,0.1,0.17111,-0.00894,0.45214,-0.87534,-0.8,1.1,0.13,0.03757,0.01799,0.52514,-0.85,-0.8,1.1,0.16,0.03757,0.01799,0.52514,-0.85,-0.84,1.08,0.09,0.31151,-0.07931,-0.1792,-0.92982,-0.83,1.12,0.13,-0.00076,-0.11962,-0.10698,-0.98704,-0.83,1.12,0.17,-0.40834,-0.15691,-0.07379,-0.89621,-0.82,1.1,0.18,-0.57395,-0.14082,-0.04903,-0.8052,-0.81,1.08,0.19,-0.57395,-0.14082,-0.04903,-0.8052,-0.85,1.07,0.09,0.31151,-0.07931,-0.1792,-0.92982,-0.86,1.11,0.13,0.05258,-0.10718,-0.17063,-0.97808,-0.85,1.12,0.17,-0.35571,-0.16919,-0.12399,-0.91075,-0.84,1.1,0.19,-0.53492,-0.175,-0.14761,-0.81329,-0.83,1.08,0.2,-0.53492,-0.175,-0.14761,-0.81329,-0.87,1.07,0.09,0.31151,-0.07931,-0.1792,-0.92982,-0.87,1.1,0.13,0.13155,-0.08157,-0.23239,-0.96023,-0.87,1.11,0.17,-0.31659,-0.19499,-0.20832,-0.90463,-0.86,1.1,0.19,-0.53451,-0.26318,-0.17562,-0.7837,-0.84,1.08,0.2,-0.53451,-0.26318,-0.17562,-0.7837,-0.88,1.06,0.09,0.24296,-0.01406,-0.40824,-0.87984,-0.89,1.08,0.13,0.18622,-0.07604,-0.30863,-0.92967,-0.88,1.1,0.16,-0.24219,-0.1939,-0.31695,-0.89627,-0.87,1.09,0.18,-0.45193,-0.31237,-0.26507,-0.79241,-0.86,1.08,0.19,-0.45193,-0.31237,-0.26507,-0.79241,-0.7,1.1,0.1,-0.34782,-0.23072,-0.13681,0.89838,-0.68,1.06,0.06,-0.34782,-0.23072,-0.13681,0.89838,-0.72,1.07,0.08,-0.54921,-0.21015,0.4789,0.65181,-0.75,1.09,0.09,-0.40262,-0.11425,0.42912,0.80044,-0.76,1.11,0.11,-0.38147,-0.12717,0.51726,0.75548,-0.78,1.12,0.13,-0.38147,-0.12717,0.51726,0.75548,-0.71,1.08,0.08,-0.34782,-0.23072,-0.13681,0.89838,-0.73,1.12,0.11,-0.05446,-0.32688,0.0468,0.94233,-0.76,1.12,0.14,0.36415,-0.2807,0.15881,0.87372,-0.76,1.1,0.16,0.5281,-0.21863,0.20347,0.79493,-0.77,1.08,0.17,0.5281,-0.21863,0.20347,0.79493,-0.7,1.08,0.09,-0.34782,-0.23072,-0.13681,0.89838,-0.71,1.12,0.12,-0.16909,-0.27188,-0.08742,0.94332,-0.73,1.14,0.16,0.25394,-0.28613,0.0252,0.92358,-0.75,1.12,0.17,0.48273,-0.26388,0.02889,0.83457,-0.76,1.1,0.19,0.48273,-0.26388,0.02889,0.83457,-0.68,1.08,0.09,-0.34782,-0.23072,-0.13681,0.89838,-0.7,1.11,0.13,-0.23251,-0.22765,-0.17459,0.92932,-0.71,1.13,0.16,0.28772,-0.30824,-0.06718,0.90426,-0.72,1.12,0.18,0.56983,-0.33391,0.0105,0.75079,-0.74,1.1,0.18,0.56983,-0.33391,0.0105,0.75079,-0.67,1.07,0.1,-0.25328,-0.17178,-0.36302,0.88009,-0.68,1.1,0.14,-0.37283,-0.10511,-0.29152,0.87462,-0.68,1.12,0.16,0.19864,-0.2696,-0.2565,0.90668,-0.69,1.11,0.17,0.52899,-0.38989,-0.13564,0.74145,-0.71,1.1,0.18,0.52899,-0.38989,-0.13564,0.74145,-0.81,1.08,0.19
-0.78,1.46,-0.17,-0.78,1.46,-0.17,-0.86,1.09,0.11,0.3321,-0.08678,-0.20049,-0.9176,-0.86,1.06,0.06,0.3321,-0.08678,-0.20049,-0.9176,-0.83,1.08,0.08,0.44711,-0.15919,0.48791,-0.73259,-0.81,1.09,0.1,0.19385,-0.00027,0.43511,-0.87926,-0.8,1.1,0.13,0.05932,0.02624,0.50862,-0.85854,-0.8,1.11,0.16,0.05932,0.02624,0.50862,-0.85854,-0.84,1.08,0.08,0.3321,-0.08678,-0.20049,-0.9176,-0.84,1.12,0.13,0.01458,-0.131,-0.12588,-0.98325,-0.83,1.12,0.16,-0.39391,-0.1755,-0.08602,-0.89813,-0.82,1.1,0.18,-0.55969,-0.16149,-0.05813,-0.81074,-0.81,1.09,0.19,-0.55969,-0.16149,-0.05813,-0.81074,-0.85,1.07,0.09,0.3321,-0.08678,-0.20049,-0.9176,-0.86,1.12,0.13,0.06518,-0.12175,-0.18864,-0.97229,-0.85,1.12,0.17,-0.34126,-0.18992,-0.13449,-0.91071,-0.84,1.11,0.19,-0.5221,-0.19824,-0.15371,-0.81516,-0.82,1.09,0.2,-0.5221,-0.19824,-0.15371,-0.81516,-0.87,1.07,0.09,0.3321,-0.08678,-0.20049,-0.9176,-0.87,1.1,0.13,0.15236,-0.09388,-0.25255,-0.95089,-0.87,1.11,0.17,-0.29724,-0.21654,-0.21941,-0.90367,-0.85,1.1,0.19,-0.51708,-0.28739,-0.17981,-0.78594,-0.84,1.09,0.2,-0.51708,-0.28739,-0.17981,-0.78594,-0.88,1.06,0.09,0.25858,-0.02765,-0.42907,-0.86502,-0.89,1.09,0.13,0.2091,-0.08613,-0.3293,-0.91674,-0.88,1.1,0.16,-0.23508,-0.2201,-0.3273,-0.88835,-0.87,1.09,0.18,-0.44994,-0.34224,-0.26505,-0.78114,-0.86,1.08,0.18,-0.44994,-0.34224,-0.26505,-0.78114,-0.7,1.09,0.11,-0.32181,-0.19356,-0.11205,0.92001,-0.68,1.06,0.06,-0.32181,-0.19356,-0.11205,0.92001,-0.72,1.07,0.09,-0.49202,-0.20151,0.52306,0.66612,-0.74,1.08,0.1,-0.35072,-0.09342,0.47126,0.80385,-0.76,1.1,0.12,-0.32917,-0.11325,0.55606,0.75474,-0.77,1.11,0.14,-0.32917,-0.11325,0.55606,0.75474,-0.71,1.07,0.09,-0.32181,-0.19356,-0.11205,0.92001,-0.73,1.11,0.12,0.02744,-0.2959,0.08168,0.95132,-0.75,1.11,0.15,0.43018,-0.23798,0.17326,0.8534,-0.75,1.09,0.17,0.58365,-0.17436,0.21011,0.76473,-0.76,1.07,0.17,0.58365,-0.17436,0.21011,0.76473,-0.69,1.07,0.09,-0.32181,-0.19356,-0.11205,0.92001,-0.71,1.11,0.13,-0.09822,-0.23406,-0.0606,0.96535,-0.73,1.12,0.17,0.3134,-0.24005,0.0294,0.91831,-0.74,1.11,0.19,0.53432,-0.21443,0.02158,0.81735,-0.74,1.09,0.19,0.53432,-0.21443,0.02158,0.81735,-0.68,1.07,0.1,-0.32181,-0.19356,-0.11205,0.92001,-0.69,1.11,0.14,-0.17917,-0.18252,-0.15188,0.95473,-0.7,1.12,0.17,0.33052,-0.255,-0.07662,0.90546,-0.71,1.11,0.19,0.60705,-0.28595,-0.01769,0.74122,-0.72,1.09,0.19,0.60705,-0.28595,-0.01769,0.74122,-0.67,1.07,0.1,-0.23888,-0.12693,-0.34056,0.90047,-0.67,1.09,0.14,-0.32762,-0.04846,-0.26491,0.90562,-0.67,1.11,0.16,0.24154,-0.20204,-0.26967,0.91001,-0.68,1.1,0.18,0.55798,-0.33108,-0.18084,0.73915,-0.7,1.09,0.18,0.55798,-0.33108,-0.18084,0.73915,-0.81,1.08,0.19
-0.78,1.46,-0.17,-0.78,1.46,-0.17,-0.86,1.1,0.11,0.35027,-0.1009,-0.21473,-0.9061,-0.86,1.05,0.06,0.35027,-0.1009,-0.21473,-0.9061,-0.83,1.08,0.08,0.46116,-0.15072,0.48656,-0.72655,-0.81,1.09,0.1,0.20978,0.00587,0.43103,-0.87759,-0.8,1.11,0.13,0.06607,0.03831,0.50336,-0.8607,-0.8,1.11,0.15,0.06607,0.03831,0.50336,-0.8607,-0.84,1.08,0.08,0.35027,-0.1009,-0.21473,-0.9061,-0.84,1.12,0.12,0.01281,-0.15048,-0.13174,-0.97971,-0.82,1.12,0.16,-0.39739,-0.19586,-0.08263,-0.89269,-0.81,1.11,0.17,-0.56228,-0.1809,-0.05084,-0.80532,-0.81,1.09,0.18,-0.56228,-0.1809,-0.05084,-0.80532,-0.86,1.07,0.09,0.35027,-0.1009,-0.21473,-0.9061,-0.86,1.12,0.13,0.04661,-0.14904,-0.19168,-0.96896,-0.85,1.12,0.17,-0.3596,-0.21615,-0.12544,-0.89902,-0.83,1.11,0.18,-0.54434,-0.22143,-0.13832,-0.7972,-0.82,1.09,0.19,-0.54434,-0.22143,-0.13832,-0.7972,-0.87,1.07,0.09,0.35027,-0.1009,-0.21473,-0.9061,-0.87,1.1,0.13,0.1477,-0.11815,-0.26136,-0.94653,-0.87,1.12,0.17,-0.30996,-0.24412,-0.2137,-0.89368,-0.85,1.11,0.18,-0.53647,-0.31347,-0.1645,-0.76608,-0.84,1.09,0.19,-0.53647,-0.31347,-0.1645,-0.76608,-0.88,1.06,0.1,0.27146,-0.04696,-0.44277,-0.85326,-0.88,1.09,0.13,0.22004,-0.10419,-0.34221,-0.90753,-0.88,1.1,0.16,-0.24966,-0.25247,-0.32406,-0.87688,-0.87,1.1,0.17,-0.4847,-0.37895,-0.24346,-0.74979,-0.85,1.08,0.18,-0.4847,-0.37895,-0.24346,-0.74979,-0.7,1.1,0.11,-0.30863,-0.16264,-0.11599,0.92997,-0.68,1.06,0.06,-0.30863,-0.16264,-0.11599,0.92997,-0.72,1.07,0.09,-0.45929,-0.19445,0.53315,0.68337,-0.74,1.08,0.11,-0.32743,-0.08775,0.47796,0.81034,-0.76,1.1,0.13,-0.32763,-0.12564,0.56025,0.75033,-0.77,1.11,0.15,-0.32763,-0.12564,0.56025,0.75033,-0.71,1.08,0.09,-0.30863,-0.16264,-0.11599,0.92997,-0.73,1.11,0.13,0.07341,-0.27501,0.07988,0.9553,-0.74,1.11,0.16,0.42885,-0.2267,0.15093,0.86135,-0.75,1.09,0.17,0.55913,-0.17285,0.17989,0.79065,-0.75,1.07,0.18,0.55913,-0.17285,0.17989,0.79065,-0.69,1.08,0.09,-0.30863,-0.16264,-0.11599,0.92997,-0.7,1.12,0.14,-0.01589,-0.21187,-0.05565,0.97558,-0.72,1.12,0.17,0.3786,-0.21711,0.02125,0.89948,-0.73,1.1,0.19,0.5875,-0.18998,0.00833,0.78656,-0.74,1.08,0.2,0.5875,-0.18998,0.00833,0.78656,-0.68,1.07,0.1,-0.30863,-0.16264,-0.11599,0.92997,-0.69,1.11,0.14,-0.09793,-0.15886,-0.14986,0.97094,-0.7,1.12,0.17,0.39529,-0.22925,-0.09158,0.88476,-0.71,1.1,0.19,0.65321,-0.26461,-0.04381,0.70808,-0.72,1.08,0.19,0.65321,-0.26461,-0.04381,0.70808,-0.67,1.07,0.1,-0.23178,-0.09295,-0.34516,0.90471,-0.67,1.09,0.14,-0.27729,-0.02004,-0.26774,0.92251,-0.67,1.11,0.17,0.27619,-0.17153,-0.29061,0.89991,-0.68,1.1,0.18,0.55595,-0.30295,-0.22418,0.74087,-0.69,1.09,0.19,0.55595,-0.30295,-0.22418,0.74087,-0.81,1.08,0.19
-0.78,1.46,-0.17,-0.78,1.46,-0.17,-0.86,1.1,0.1,0.38631,-0.1068,-0.22025,-0.8893,-0.86,1.05,0.06,0.38631,-0.1068,-0.22025,-0.8893,-0.83,1.08,0.08,0.47948,-0.13343,0.49647,-0.71121,-0.81,1.1,0.1,0.23448,0.0229,0.4353,-0.86891,-0.8,1.11,0.13,0.0872,0.05973,0.50533,-0.85643,-0.8,1.12,0.15,0.0872,0.05973,0.50533,-0.85643,-0.84,1.08,0.08,0.38631,-0.1068,-0.22025,-0.8893,-0.84,1.13,0.12,-0.00084,-0.16465,-0.12432,-0.97849,-0.83,1.13,0.15,-0.41292,-0.20559,-0.06928,-0.88455,-0.82,1.11,0.17,-0.573,-0.1877,-0.03617,-0.79695,-0.81,1.09,0.17,-0.573,-0.1877,-0.03617,-0.79695,-0.86,1.08,0.08,0.38631,-0.1068,-0.22025,-0.8893,-0.86,1.12,0.12,0.01296,-0.17373,-0.18063,-0.968,-0.85,1.13,0.16,-0.42648,-0.23776,-0.09551,-0.86744,-0.83,1.11,0.17,-0.63434,-0.23365,-0.09714,-0.73046,-0.82,1.09,0.18,-0.63434,-0.23365,-0.09714,-0.73046,-0.87,1.07,0.09,0.38631,-0.1068,-0.22025,-0.8893,-0.87,1.11,0.13,0.12555,-0.14483,-0.25694,-0.94723,-0.87,1.12,0.16,-0.36303,-0.27149,-0.18873,-0.87114,-0.85,1.11,0.18,-0.60945,-0.33455,-0.12428,-0.70796,-0.83,1.09,0.18,-0.60945,-0.33455,-0.12428,-0.70796,-0.88,1.07,0.09,0.30466,-0.06259,-0.44959,-0.83734,-0.89,1.09,0.13,0.23714,-0.12091,-0.34708,-0.89927,-0.88,1.11,0.16,-0.27065,-0.28415,-0.30975,-0.86606,-0.87,1.1,0.17,-0.53717,-0.41336,-0.20347,-0.70653,-0.85,1.09,0.17,-0.53717,-0.41336,-0.20347,-0.70653,-0.7,1.1,0.11,-0.328,-0.1617,-0.13361,0.9211,-0.68,1.06,0.07,-0.328,-0.1617,-0.13361,0.9211,-0.72,1.08,0.09,-0.47468,-0.19119,0.52257,0.68194,-0.75,1.09,0.1,-0.33975,-0.08632,0.46679,0.81193,-0.76,1.1,0.13,-0.33346,-0.11814,0.55063,0.75608,-0.78,1.11,0.15,-0.33346,-0.11814,0.55063,0.75608,-0.71,1.08,0.09,-0.328,-0.1617,-0.13361,0.9211,-0.73,1.12,0.13,0.00186,-0.27359,0.04227,0.96092,-0.75,1.12,0.16,0.36744,-0.24076,0.11638,0.89077,-0.75,1.1,0.18,0.50624,-0.19218,0.1466,0.82783,-0.76,1.08,0.19,0.50624,-0.19218,0.1466,0.82783,-0.7,1.08,0.09,-0.328,-0.1617,-0.13361,0.9211,-0.7,1.12,0.14,-0.031,-0.21411,-0.07264,0.97361,-0.72,1.12,0.17,0.37081,-0.2261,0.0083,0.90073,-0.73,1.11,0.19,0.58589,-0.20183,-0.00138,0.78486,-0.74,1.08,0.2,0.58589,-0.20183,-0.00138,0.78486,-0.68,1.08,0.1,-0.328,-0.1617,-0.13361,0.9211,-0.69,1.11,0.14,-0.07892,-0.1667,-0.16231,0.96935,-0.7,1.12,0.18,0.41863,-0.24212,-0.09689,0.86991,-0.71,1.1,0.19,0.67647,-0.27755,-0.04343,0.68079,-0.72,1.08,0.19,0.67647,-0.27755,-0.04343,0.68079,-0.67,1.07,0.1,-0.24842,-0.09762,-0.36311,0.8927,-0.67,1.1,0.14,-0.24983,-0.04143,-0.28718,0.92379,-0.67,1.11,0.17,0.31364,-0.20147,-0.29278,0.88052,-0.68,1.1,0.18,0.59286,-0.33321,-0.21403,0.7012,-0.7,1.09,0.19,0.59286,-0.33321,-0.21403,0.7012,-0.81,1.08,0.19
-0.79,1.46,-0.17,-0.79,1.46,-0.17,-0.86,1.1,0.1,0.39847,-0.10694,-0.21537,-0.8851,-0.86,1.05,0.05,0.39847,-0.10694,-0.21537,-0.8851,-0.83,1.08,0.08,0.47078,-0.13778,0.51756,-0.70108,-0.81,1.1,0.09,0.23181,0.02481,0.45767,-0.85801,-0.8,1.11,0.12,0.08128,0.06727,0.52555,-0.8442,-0.8,1.12,0.15,0.08128,0.06727,0.52555,-0.8442,-0.84,1.08,0.08,0.39847,-0.10694,-0.21537,-0.8851,-0.84,1.13,0.11,-0.03684,-0.1725,-0.1053,-0.97867,-0.82,1.13,0.15,-0.44619,-0.20387,-0.04883,-0.87004,-0.82,1.11,0.16,-0.59897,-0.18189,-0.01631,-0.77967,-0.81,1.09,0.17,-0.59897,-0.18189,-0.01631,-0.77967,-0.86,1.08,0.08,0.39847,-0.10694,-0.21537,-0.8851,-0.86,1.12,0.12,-0.01309,-0.18234,-0.16561,-0.9691,-0.84,1.13,0.16,-0.46692,-0.2398,-0.07366,-0.84797,-0.83,1.11,0.17,-0.69466,-0.22777,-0.06889,-0.67883,-0.82,1.08,0.17,-0.69466,-0.22777,-0.06889,-0.67883,-0.87,1.07,0.09,0.39847,-0.10694,-0.21537,-0.8851,-0.87,1.11,0.12,0.10936,-0.15182,-0.24803,-0.95051,-0.86,1.12,0.16,-0.40603,-0.27765,-0.16995,-0.85391,-0.85,1.11,0.17,-0.67555,-0.33551,-0.09325,-0.6499,-0.84,1.09,0.17,-0.67555,-0.33551,-0.09325,-0.6499,-0.88,1.07,0.09,0.31716,-0.06575,-0.4457,-0.83453,-0.89,1.09,0.13,0.23543,-0.12013,-0.34499,-0.90062,-0.88,1.11,0.15,-0.30808,-0.29402,-0.29834,-0.85419,-0.87,1.1,0.16,-0.60264,-0.42585,-0.17176,-0.65267,-0.85,1.09,0.16,-0.60264,-0.42585,-0.17176,-0.65267,-0.7,1.1,0.12,-0.29839,-0.16467,-0.11965,0.93249,-0.68,1.06,0.07,-0.29839,-0.16467,-0.11965,0.93249,-0.73,1.07,0.09,-0.47573,-0.24947,0.49857,0.68034,-0.75,1.09,0.1,-0.31951,-0.13883,0.45884,0.81738,-0.77,1.1,0.13,-0.29341,-0.15569,0.54397,0.77056,-0.78,1.11,0.15,-0.29341,-0.15569,0.54397,0.77056,-0.71,1.08,0.09,-0.29839,-0.16467,-0.11965,0.93249,-0.73,1.12,0.13,-0.1947,-0.24746,-0.03526,0.94848,-0.75,1.13,0.16,0.12896,-0.25202,0.02219,0.95883,-0.76,1.12,0.18,0.28526,-0.22077,0.04908,0.93138,-0.77,1.11,0.2,0.28526,-0.22077,0.04908,0.93138,-0.7,1.08,0.1,-0.29839,-0.16467,-0.11965,0.93249,-0.71,1.12,0.14,-0.1522,-0.18133,-0.10185,0.96622,-0.72,1.13,0.18,0.21933,-0.20822,-0.0397,0.95235,-0.73,1.12,0.2,0.43175,-0.20592,-0.05644,0.87636,-0.74,1.1,0.21,0.43175,-0.20592,-0.05644,0.87636,-0.68,1.08,0.1,-0.29839,-0.16467,-0.11965,0.93249,-0.69,1.11,0.14,-0.14868,-0.13785,-0.16868,0.96459,-0.7,1.12,0.18,0.33505,-0.22078,-0.1199,0.90808,-0.71,1.11,0.2,0.60315,-0.26727,-0.0718,0.74808,-0.72,1.08,0.2,0.60315,-0.26727,-0.0718,0.74808,-0.68,1.07,0.11,-0.22089,-0.09251,-0.34775,0.90649,-0.68,1.09,0.15,-0.2629,-0.0374,-0.26741,0.92627,-0.67,1.11,0.17,0.30397,-0.18828,-0.27898,0.89125,-0.68,1.1,0.19,0.59714,-0.3186,-0.20193,0.70792,-0.7,1.08,0.19,0.59714,-0.3186,-0.20193,0.70792,-0.81,1.08,0.19
-0.79,1.46,-0.17,-0.79,1.46,-0.17,-0.86,1.1,0.1,0.37862,-0.09022,-0.20574,-0.89787,-0.86,1.06,0.05,0.37862,-0.09022,-0.20574,-0.89787,-0.83,1.08,0.08,0.4408,-0.14835,0.52904,-0.70979,-0.8,1.1,0.1,0.20245,0.02003,0.47228,-0.85765,-0.8,1.11,0.13,0.0526,0.06204,0.53928,-0.83819,-0.8,1.11,0.15,0.0526,0.06204,0.53928,-0.83819,-0.84,1.08,0.08,0.37862,-0.09022,-0.20574,-0.89787,-0.84,1.13,0.12,-0.07284,-0.16087,-0.09527,-0.97966,-0.82,1.12,0.15,-0.46798,-0.18759,-0.04721,-0.86231,-0.81,1.1,0.16,-0.61612,-0.16529,-0.0176,-0.76992,-0.81,1.08,0.17,-0.61612,-0.16529,-0.0176,-0.76992,-0.85,1.08,0.08,0.37862,-0.09022,-0.20574,-0.89787,-0.86,1.12,0.12,-0.04313,-0.1664,-0.16008,-0.97202,-0.84,1.12,0.16,-0.48941,-0.22226,-0.07768,-0.83967,-0.83,1.1,0.17,-0.71969,-0.21047,-0.07572,-0.65728,-0.82,1.08,0.17,-0.71969,-0.21047,-0.07572,-0.65728,-0.87,1.07,0.08,0.37862,-0.09022,-0.20574,-0.89787,-0.87,1.11,0.12,0.08599,-0.13198,-0.2432,-0.9571,-0.86,1.12,0.16,-0.42877,-0.25737,-0.17679,-0.84774,-0.85,1.1,0.17,-0.70296,-0.3189,-0.10354,-0.62723,-0.84,1.08,0.17,-0.70296,-0.3189,-0.10354,-0.62723,-0.88,1.07,0.09,0.30252,-0.04348,-0.43654,-0.84618,-0.88,1.09,0.13,0.21332,-0.09688,-0.33936,-0.91101,-0.88,1.11,0.15,-0.33375,-0.27079,-0.30586,-0.84955,-0.87,1.1,0.16,-0.63239,-0.40926,-0.18412,-0.63142,-0.85,1.09,0.16,-0.63239,-0.40926,-0.18412,-0.63142,-0.71,1.09,0.12,-0.22361,-0.18206,-0.07009,0.95496,-0.69,1.06,0.07,-0.22361,-0.18206,-0.07009,0.95496,-0.73,1.07,0.09,-0.4319,-0.32412,0.49921,0.67764,-0.76,1.07,0.1,-0.26061,-0.20099,0.4816,0.81225,-0.78,1.08,0.13,-0.21799,-0.20739,0.56733,0.76656,-0.79,1.08,0.15,-0.21799,-0.20739,0.56733,0.76656,-0.72,1.07,0.09,-0.22361,-0.18206,-0.07009,0.95496,-0.74,1.1,0.14,-0.06103,-0.26063,0.026,0.96316,-0.76,1.1,0.17,0.26616,-0.2407,0.08527,0.92949,-0.77,1.09,0.19,0.41618,-0.19757,0.11363,0.88026,-0.77,1.07,0.2,0.41618,-0.19757,0.11363,0.88026,-0.7,1.07,0.1,-0.22361,-0.18206,-0.07009,0.95496,-0.72,1.1,0.14,-0.1748,-0.17084,-0.07346,0.96688,-0.73,1.12,0.18,0.16332,-0.18751,-0.024,0.96829,-0.74,1.11,0.21,0.3458,-0.18561,-0.04963,0.91843,-0.75,1.09,0.22,0.3458,-0.18561,-0.04963,0.91843,-0.69,1.07,0.1,-0.22361,-0.18206,-0.07009,0.95496,-0.7,1.09,0.15,-0.25279,-0.11062,-0.14094,0.95079,-0.71,1.11,0.18,0.19973,-0.18372,-0.11296,0.95582,-0.72,1.11,0.2,0.45274,-0.23217,-0.08086,0.85708,-0.73,1.09,0.21,0.45274,-0.23217,-0.08086,0.85708,-0.68,1.07,0.11,-0.15144,-0.0898,-0.29361,0.93957,-0.68,1.08,0.15,-0.32388,-0.00991,-0.20653,0.92323,-0.68,1.1,0.17,0.22898,-0.13171,-0.24643,0.93247,-0.69,1.09,0.19,0.54046,-0.25502,-0.19007,0.77894,-0.7,1.08,0.2,0.54046,-0.25502,-0.19007,0.77894,-0.81,1.08,0.19
-0.79,1.46,-0.17,-0.79,1.46,-0.17,-0.85,1.1,0.1,0.36633,-0.07951,-0.19244,-0.90689,-0.86,1.06,0.05,0.36633,-0.07951,-0.19244,-0.90689,-0.82,1.08,0.08,0.42362,-0.15097,0.53796,-0.71298,-0.8,1.09,0.1,0.18577,0.02163,0.48196,-0.856,-0.8,1.11,0.13,0.04004,0.06099,0.54834,-0.83306,-0.8,1.11,0.15,0.04004,0.06099,0.54834,-0.83306,-0.84,1.08,0.08,0.36633,-0.07951,-0.19244,-0.90689,-0.83,1.13,0.12,-0.0931,-0.14975,-0.08346,-0.98079,-0.82,1.12,0.15,-0.46797,-0.17117,-0.04481,-0.86585,-0.81,1.1,0.16,-0.60757,-0.14827,-0.02007,-0.78005,-0.81,1.08,0.17,-0.60757,-0.14827,-0.02007,-0.78005,-0.85,1.08,0.08,0.36633,-0.07951,-0.19244,-0.90689,-0.86,1.12,0.12,-0.05143,-0.15208,-0.15144,-0.97534,-0.84,1.12,0.16,-0.47096,-0.20294,-0.08318,-0.85446,-0.83,1.1,0.17,-0.69224,-0.19463,-0.08955,-0.68913,-0.82,1.08,0.17,-0.69224,-0.19463,-0.08955,-0.68913,-0.87,1.08,0.08,0.36633,-0.07951,-0.19244,-0.90689,-0.87,1.11,0.12,0.08224,-0.11597,-0.23386,-0.96182,-0.86,1.12,0.16,-0.40754,-0.23353,-0.18408,-0.86341,-0.85,1.1,0.17,-0.67362,-0.29868,-0.12385,-0.66459,-0.84,1.08,0.17,-0.67362,-0.29868,-0.12385,-0.66459,-0.87,1.07,0.09,0.29455,-0.02906,-0.42401,-0.85593,-0.88,1.09,0.12,0.20696,-0.082,-0.32768,-0.91819,-0.88,1.11,0.15,-0.32163,-0.24466,-0.30959,-0.86073,-0.87,1.1,0.17,-0.61071,-0.38348,-0.20538,-0.66166,-0.85,1.09,0.17,-0.61071,-0.38348,-0.20538,-0.66166,-0.71,1.09,0.12,-0.1975,-0.17579,-0.06238,0.96239,-0.69,1.06,0.07,-0.1975,-0.17579,-0.06238,0.96239,-0.73,1.07,0.09,-0.43176,-0.30598,0.47462,0.70335,-0.75,1.08,0.1,-0.27144,-0.19727,0.44646,0.8295,-0.77,1.09,0.13,-0.25424,-0.2207,0.52978,0.77845,-0.79,1.09,0.15,-0.25424,-0.2207,0.52978,0.77845,-0.72,1.07,0.09,-0.1975,-0.17579,-0.06238,0.96239,-0.74,1.1,0.14,0.03689,-0.26973,0.05957,0.96038,-0.76,1.09,0.17,0.35896,-0.23555,0.12012,0.89512,-0.77,1.08,0.19,0.50423,-0.1855,0.15062,0.82985,-0.77,1.06,0.2,0.50423,-0.1855,0.15062,0.82985,-0.7,1.07,0.1,-0.1975,-0.17579,-0.06238,0.96239,-0.72,1.1,0.15,-0.09993,-0.1727,-0.05557,0.97831,-0.73,1.11,0.19,0.24375,-0.18231,-0.00551,0.95253,-0.74,1.1,0.21,0.42597,-0.17215,-0.03165,0.88765,-0.75,1.08,0.22,0.42597,-0.17215,-0.03165,0.88765,-0.68,1.07,0.1,-0.1975,-0.17579,-0.06238,0.96239,-0.7,1.09,0.15,-0.1721,-0.11281,-0.12411,0.9707,-0.71,1.11,0.18,0.28704,-0.1757,-0.09776,0.93658,-0.72,1.09,0.2,0.53479,-0.21834,-0.07011,0.81327,-0.73,1.07,0.21,0.53479,-0.21834,-0.07011,0.81327,-0.68,1.07,0.11,-0.12841,-0.07714,-0.28414,0.94701,-0.68,1.08,0.15,-0.2789,0.00012,-0.19464,0.94039,-0.68,1.1,0.17,0.25171,-0.10728,-0.24427,0.9303,-0.68,1.09,0.19,0.55367,-0.22983,-0.19979,0.77505,-0.7,1.07,0.2,0.55367,-0.22983,-0.19979,0.77505,-0.81,1.08,0.19
-0.79,1.46,-0.17,-0.79,1.46,-0.17,-0.85,1.1,0.1,0.34895,-0.06284,-0.167,-0.92,-0.86,1.06,0.05,0.34895,-0.06284,-0.167,-0.92,-0.83,1.08,0.08,0.39846,-0.15477,0.55391,-0.71446,-0.8,1.09,0.1,0.1607,0.02581,0.49917,-0.85108,-0.8,1.1,0.13,0.01931,0.06269,0.56387,-0.82326,-0.8,1.11,0.16,0.01931,0.06269,0.56387,-0.82326,-0.84,1.08,0.08,0.34895,-0.06284,-0.167,-0.92,-0.83,1.12,0.12,-0.10201,-0.12475,-0.0688,-0.98453,-0.82,1.12,0.16,-0.45908,-0.14134,-0.04403,-0.87597,-0.82,1.1,0.17,-0.59003,-0.11817,-0.02626,-0.79826,-0.81,1.08,0.18,-0.59003,-0.11817,-0.02626,-0.79826,-0.85,1.08,0.08,0.34895,-0.06284,-0.167,-0.92,-0.86,1.12,0.12,-0.02307,-0.11942,-0.14153,-0.98243,-0.85,1.12,0.16,-0.41824,-0.16653,-0.0941,-0.88797,-0.84,1.1,0.18,-0.61991,-0.16458,-0.11479,-0.75858,-0.83,1.08,0.19,-0.61991,-0.16458,-0.11479,-0.75858,-0.87,1.08,0.08,0.34895,-0.06284,-0.167,-0.92,-0.87,1.11,0.12,0.10175,-0.08349,-0.21765,-0.96711,-0.87,1.12,0.16,-0.36397,-0.1925,-0.19165,-0.89092,-0.85,1.1,0.18,-0.61334,-0.26057,-0.15182,-0.72998,-0.84,1.08,0.18,-0.61334,-0.26057,-0.15182,-0.72998,-0.88,1.07,0.09,0.2845,-0.00702,-0.39996,-0.87123,-0.89,1.09,0.13,0.20236,-0.05673,-0.30512,-0.92883,-0.89,1.11,0.15,-0.29284,-0.19891,-0.31137,-0.88189,-0.88,1.1,0.17,-0.56148,-0.33417,-0.23615,-0.71924,-0.86,1.08,0.17,-0.56148,-0.33417,-0.23615,-0.71924,-0.71,1.09,0.12,-0.22885,-0.16475,-0.0799,0.95609,-0.69,1.07,0.07,-0.22885,-0.16475,-0.0799,0.95609,-0.73,1.07,0.09,-0.44672,-0.26352,0.48259,0.70577,-0.75,1.08,0.11,-0.30441,-0.16388,0.44036,0.82859,-0.77,1.09,0.13,-0.3151,-0.20393,0.5204,0.76701,-0.79,1.1,0.15,-0.3151,-0.20393,0.5204,0.76701,-0.72,1.08,0.1,-0.22885,-0.16475,-0.0799,0.95609,-0.73,1.11,0.14,-0.02197,-0.27649,0.04163,0.95986,-0.75,1.11,0.17,0.29263,-0.25061,0.10257,0.91708,-0.76,1.09,0.19,0.43956,-0.20442,0.13301,0.86447,-0.77,1.08,0.2,0.43956,-0.20442,0.13301,0.86447,-0.7,1.08,0.1,-0.22885,-0.16475,-0.0799,0.95609,-0.71,1.11,0.15,-0.07817,-0.17494,-0.06223,0.9795,-0.73,1.12,0.19,0.30827,-0.18671,-0.00242,0.93279,-0.74,1.1,0.21,0.51773,-0.17095,-0.02382,0.83795,-0.74,1.08,0.22,0.51773,-0.17095,-0.02382,0.83795,-0.68,1.08,0.11,-0.22885,-0.16475,-0.0799,0.95609,-0.7,1.1,0.15,-0.09753,-0.1227,-0.12953,0.97911,-0.7,1.11,0.19,0.39435,-0.18753,-0.09271,0.89483,-0.71,1.09,0.2,0.6531,-0.22565,-0.05843,0.7205,-0.72,1.07,0.21,0.6531,-0.22565,-0.05843,0.7205,-0.68,1.07,0.11,-0.15871,-0.07415,-0.30439,0.9363,-0.68,1.09,0.15,-0.20054,-0.02076,-0.21999,0.95444,-0.68,1.1,0.18,0.33582,-0.13392,-0.2541,0.89706,-0.68,1.09,0.19,0.62673,-0.25848,-0.20131,0.70702,-0.7,1.07,0.2,0.62673,-0.25848,-0.20131,0.70702,-0.81,1.08,0.19
-0.79,1.46,-0.17,-0.79,1.46,-0.17,-0.86,1.1,0.1,0.33582,-0.04894,-0.14473,-0.92945,-0.86,1.06,0.05,0.33582,-0.04894,-0.14473,-0.92945,-0.83,1.08,0.08,0.38243,-0.15724,0.56432,-0.71454,-0.8,1.09,0.1,0.14286,0.02983,0.51051,-0.84739,-0.8,1.1,0.14,0.00224,0.06629,0.57352,-0.8165,-0.8,1.1,0.16,0.00224,0.06629,0.57352,-0.8165,-0.84,1.08,0.08,0.33582,-0.04894,-0.14473,-0.92945,-0.83,1.12,0.12,-0.08098,-0.09954,-0.06116,-0.98985,-0.83,1.12,0.16,-0.43594,-0.11539,-0.0469,-0.89132,-0.82,1.1,0.17,-0.56722,-0.0929,-0.0341,-0.8176,-0.82,1.08,0.18,-0.56722,-0.0929,-0.0341,-0.8176,-0.85,1.08,0.08,0.33582,-0.04894,-0.14473,-0.92945,-0.86,1.12,0.13,0.02251,-0.08431,-0.13637,-0.98681,-0.85,1.12,0.17,-0.38211,-0.13339,-0.10293,-0.90863,-0.84,1.1,0.19,-0.58195,-0.13646,-0.13237,-0.79069,-0.83,1.08,0.19,-0.58195,-0.13646,-0.13237,-0.79069,-0.87,1.07,0.08,0.33582,-0.04894,-0.14473,-0.92945,-0.87,1.11,0.13,0.12223,-0.0528,-0.20387,-0.9699,-0.87,1.12,0.16,-0.35075,-0.1608,-0.19301,-0.90215,-0.86,1.1,0.18,-0.59901,-0.23067,-0.1635,-0.74916,-0.85,1.08,0.19,-0.59901,-0.23067,-0.1635,-0.74916,-0.88,1.07,0.09,0.27763,0.01088,-0.37877,-0.8828,-0.89,1.09,0.13,0.19642,-0.03457,-0.28593,-0.93727,-0.89,1.1,0.15,-0.28599,-0.16501,-0.30823,-0.89218,-0.88,1.1,0.17,-0.54764,-0.29845,-0.2484,-0.74116,-0.86,1.08,0.17,-0.54764,-0.29845,-0.2484,-0.74116,-0.71,1.1,0.13,-0.25007,-0.15331,-0.08744,0.95201,-0.69,1.07,0.07,-0.25007,-0.15331,-0.08744,0.95201,-0.73,1.07,0.1,-0.44245,-0.26143,0.50045,0.69674,-0.75,1.09,0.11,-0.29981,-0.15659,0.45923,0.8214,-0.77,1.1,0.14,-0.30716,-0.19633,0.53874,0.75952,-0.79,1.1,0.15,-0.30716,-0.19633,0.53874,0.75952,-0.72,1.08,0.1,-0.25007,-0.15331,-0.08744,0.95201,-0.73,1.11,0.14,-0.19655,-0.22869,-0.02572,0.9531,-0.75,1.12,0.18,0.06723,-0.23234,0.01028,0.97025,-0.76,1.12,0.2,0.21594,-0.20435,0.03014,0.95431,-0.77,1.11,0.21,0.21594,-0.20435,0.03014,0.95431,-0.7,1.08,0.1,-0.25007,-0.15331,-0.08744,0.95201,-0.71,1.11,0.15,-0.11529,-0.15623,-0.07703,0.97794,-0.72,1.12,0.19,0.2715,-0.17559,-0.02358,0.94599,-0.73,1.11,0.21,0.48801,-0.16727,-0.04698,0.85537,-0.74,1.09,0.22,0.48801,-0.16727,-0.04698,0.85537,-0.68,1.08,0.11,-0.25007,-0.15331,-0.08744,0.95201,-0.69,1.1,0.15,-0.09629,-0.11648,-0.13681,0.979,-0.7,1.11,0.19,0.39074,-0.18514,-0.10289,0.8958,-0.71,1.1,0.2,0.65533,-0.22677,-0.06743,0.71734,-0.72,1.07,0.21,0.65533,-0.22677,-0.06743,0.71734,-0.68,1.07,0.11,-0.18063,-0.06818,-0.31403,0.92957,-0.68,1.09,0.15,-0.17919,-0.05433,-0.22651,0.95584,-0.68,1.1,0.18,0.35457,-0.16337,-0.24217,0.88822,-0.69,1.09,0.19,0.64017,-0.2809,-0.18083,0.69179,-0.7,1.07,0.2,0.64017,-0.2809,-0.18083,0.69179,-0.81,1.08,0.19
-0.78,1.46,-0.17,-0.78,1.46,-0.17,-0.85,1.1,0.1,0.33986,-0.05563,-0.1444,-0.92766,-0.86,1.06,0.05,0.33986,-0.05563,-0.1444,-0.92766,-0.83,1.08,0.08,0.41043,-0.16486,0.54657,-0.71108,-0.8,1.09,0.1,0.16166,0.01901,0.49573,-0.85309,-0.8,1.1,0.13,0.01625,0.05853,0.56089,-0.82566,-0.8,1.1,0.16,0.01625,0.05853,0.56089,-0.82566,-0.84,1.08,0.08,0.33986,-0.05563,-0.1444,-0.92766,-0.83,1.12,0.12,-0.01456,-0.09819,-0.06895,-0.99267,-0.83,1.12,0.16,-0.39529,-0.11988,-0.05185,-0.90922,-0.82,1.1,0.18,-0.53952,-0.09893,-0.03824,-0.83527,-0.82,1.09,0.19,-0.53952,-0.09893,-0.03824,-0.83527,-0.85,1.08,0.08,0.33986,-0.05563,-0.1444,-0.92766,-0.86,1.12,0.12,0.06334,-0.07663,-0.1434,-0.98466,-0.85,1.13,0.17,-0.38496,-0.13464,-0.10658,-0.90682,-0.84,1.11,0.18,-0.59551,-0.13938,-0.13467,-0.77962,-0.83,1.09,0.19,-0.59551,-0.13938,-0.13467,-0.77962,-0.87,1.08,0.08,0.33986,-0.05563,-0.1444,-0.92766,-0.87,1.11,0.13,0.12797,-0.05512,-0.20456,-0.96889,-0.87,1.12,0.16,-0.38307,-0.17099,-0.18622,-0.88845,-0.86,1.1,0.18,-0.63786,-0.23905,-0.15182,-0.71619,-0.85,1.08,0.18,-0.63786,-0.23905,-0.15182,-0.71619,-0.88,1.07,0.09,0.28022,0.00333,-0.37852,-0.88215,-0.89,1.09,0.13,0.19475,-0.04403,-0.28461,-0.93762,-0.89,1.1,0.15,-0.29852,-0.1758,-0.30101,-0.88847,-0.88,1.1,0.17,-0.56519,-0.308,-0.2362,-0.72794,-0.86,1.08,0.17,-0.56519,-0.308,-0.2362,-0.72794,-0.71,1.09,0.13,-0.21102,-0.15476,-0.048,0.96396,-0.69,1.07,0.07,-0.21102,-0.15476,-0.048,0.96396,-0.73,1.07,0.1,-0.41356,-0.30583,0.50832,0.69068,-0.76,1.08,0.11,-0.26244,-0.19188,0.47987,0.81488,-0.78,1.08,0.14,-0.2393,-0.21246,0.56194,0.76277,-0.79,1.09,0.15,-0.2393,-0.21246,0.56194,0.76277,-0.72,1.07,0.1,-0.21102,-0.15476,-0.048,0.96396,-0.74,1.1,0.15,-0.1084,-0.18157,0.00927,0.97734,-0.75,1.11,0.18,0.1678,-0.17503,0.03291,0.9696,-0.76,1.1,0.2,0.3088,-0.14282,0.04538,0.93925,-0.76,1.09,0.22,0.3088,-0.14282,0.04538,0.93925,-0.7,1.07,0.1,-0.21102,-0.15476,-0.048,0.96396,-0.72,1.1,0.15,-0.16484,-0.13512,-0.05451,0.9755,-0.73,1.12,0.19,0.18715,-0.14758,-0.01651,0.97104,-0.74,1.11,0.21,0.36475,-0.14359,-0.04995,0.91861,-0.74,1.09,0.23,0.36475,-0.14359,-0.04995,0.91861,-0.69,1.07,0.11,-0.21102,-0.15476,-0.048,0.96396,-0.7,1.1,0.15,-0.20683,-0.09668,-0.11207,0.96712,-0.7,1.11,0.19,0.25868,-0.15771,-0.09304,0.94845,-0.71,1.1,0.21,0.50903,-0.20055,-0.07018,0.83412,-0.72,1.08,0.22,0.50903,-0.20055,-0.07018,0.83412,-0.68,1.07,0.11,-0.14784,-0.0591,-0.27282,0.9488,-0.68,1.08,0.15,-0.26524,-0.05155,-0.18184,0.94548,-0.68,1.1,0.18,0.25089,-0.13958,-0.20883,0.93486,-0.69,1.09,0.2,0.546,-0.24596,-0.15788,0.78515,-0.7,1.08,0.2,0.546,-0.24596,-0.15788,0.78515,-0.81,1.08,0.19
-0.78,1.46,-0.17,-0.78,1.46,-0.17,-0.85,1.1,0.1,0.33942,-0.05727,-0.13378,-0.92931,-0.86,1.06,0.05,0.33942,-0.05727,-0.13378,-0.92931,-0.82,1.08,0.08,0.4244,-0.17647,0.54011,-0.705,-0.8,1.09,0.1,0.17648,0.00411,0.49332,-0.85175,-0.8,1.1,0.13,0.03251,0.04461,0.56121,-0.82583,-0.8,1.1,0.16,0.03251,0.04461,0.56121,-0.82583,-0.84,1.08,0.08,0.33942,-0.05727,-0.13378,-0.92931,-0.83,1.12,0.12,0.06266,-0.08438,-0.07269,-0.9918,-0.83,1.13,0.16,-0.34124,-0.1117,-0.05814,-0.9315,-0.82,1.11,0.18,-0.50677,-0.0934,-0.04519,-0.85581,-0.82,1.09,0.19,-0.50677,-0.0934,-0.04519,-0.85581,-0.85,1.08,0.08,0.33942,-0.05727,-0.13378,-0.92931,-0.85,1.12,0.13,0.07524,-0.06742,-0.13768,-0.98531,-0.85,1.13,0.17,-0.38979,-0.12575,-0.10351,-0.90639,-0.84,1.11,0.19,-0.60489,-0.13022,-0.13346,-0.77417,-0.83,1.09,0.19,-0.60489,-0.13022,-0.13346,-0.77417,-0.87,1.08,0.08,0.33942,-0.05727,-0.13378,-0.92931,-0.87,1.11,0.13,0.11682,-0.05354,-0.19489,-0.97237,-0.87,1.12,0.16,-0.39387,-0.16418,-0.17913,-0.88647,-0.86,1.1,0.18,-0.64921,-0.23033,-0.14709,-0.70982,-0.85,1.08,0.18,-0.64921,-0.23033,-0.14709,-0.70982,-0.88,1.07,0.09,0.28093,0.00226,-0.36849,-0.88617,-0.89,1.09,0.13,0.17923,-0.05113,-0.2732,-0.94373,-0.89,1.1,0.15,-0.30822,-0.17289,-0.28887,-0.88975,-0.88,1.1,0.17,-0.56768,-0.2992,-0.22895,-0.73199,-0.86,1.08,0.17,-0.56768,-0.2992,-0.22895,-0.73199,-0.71,1.09,0.13,-0.1858,-0.14262,-0.03644,0.9715,-0.69,1.07,0.07,-0.1858,-0.14262,-0.03644,0.9715,-0.73,1.07,0.09,-0.39602,-0.30972,0.5022,0.70359,-0.76,1.07,0.11,-0.23955,-0.19329,0.47533,0.82421,-0.77,1.08,0.14,-0.20956,-0.2114,0.55821,0.77446,-0.79,1.08,0.16,-0.20956,-0.2114,0.55821,0.77446,-0.72,1.07,0.1,-0.1858,-0.14262,-0.03644,0.9715,-0.74,1.09,0.15,-0.05588,-0.17004,0.02453,0.98354,-0.75,1.1,0.18,0.2497,-0.15695,0.04926,0.95425,-0.76,1.09,0.2,0.39889,-0.12082,0.06297,0.90682,-0.76,1.07,0.22,0.39889,-0.12082,0.06297,0.90682,-0.7,1.07,0.1,-0.1858,-0.14262,-0.03644,0.9715,-0.72,1.1,0.15,-0.13953,-0.12429,-0.04251,0.98147,-0.73,1.11,0.19,0.21128,-0.13291,-0.00931,0.9683,-0.73,1.1,0.22,0.38746,-0.12644,-0.04548,0.91204,-0.74,1.08,0.23,0.38746,-0.12644,-0.04548,0.91204,-0.69,1.07,0.11,-0.1858,-0.14262,-0.03644,0.9715,-0.7,1.09,0.15,-0.21849,-0.08816,-0.1015,0.96654,-0.7,1.11,0.19,0.24785,-0.14579,-0.08734,0.95378,-0.71,1.1,0.21,0.49622,-0.18774,-0.06829,0.8449,-0.72,1.08,0.22,0.49622,-0.18774,-0.06829,0.8449,-0.68,1.07,0.11,-0.12743,-0.04085,-0.25988,0.95633,-0.68,1.08,0.15,-0.29921,-0.03194,-0.16662,0.93898,-0.68,1.1,0.18,0.21841,-0.11818,-0.20544,0.94664,-0.68,1.09,0.19,0.52273,-0.2257,-0.15983,0.80639,-0.69,1.08,0.2,0.52273,-0.2257,-0.15983,0.80639,-0.81,1.08,0.19
-0.78,1.46,-0.17,-0.78,1.46,-0.17,-0.85,1.1,0.11,0.32658,-0.06724,-0.11243,-0.93605,-0.86,1.06,0.05,0.32658,-0.06724,-0.11243,-0.93605,-0.82,1.08,0.08,0.42946,-0.21262,0.53902,-0.69269,-0.8,1.09,0.1,0.19191,-0.03704,0.50383,-0.8414,-0.79,1.1,0.13,0.06114,0.00067,0.578,-0.81374,-0.79,1.1,0.15,0.06114,0.00067,0.578,-0.81374,-0.83,1.08,0.08,0.32658,-0.06724,-0.11243,-0.93605,-0.83,1.12,0.13,0.10298,-0.07336,-0.06273,-0.98999,-0.82,1.13,0.16,-0.30402,-0.09869,-0.05316,-0.94605,-0.82,1.11,0.18,-0.47728,-0.08031,-0.04318,-0.87401,-0.81,1.1,0.2,-0.47728,-0.08031,-0.04318,-0.87401,-0.85,1.08,0.08,0.32658,-0.06724,-0.11243,-0.93605,-0.85,1.12,0.13,0.05174,-0.06573,-0.11743,-0.98955,-0.85,1.13,0.17,-0.41665,-0.11497,-0.08592,-0.89767,-0.84,1.11,0.19,-0.62704,-0.11356,-0.11881,-0.76145,-0.83,1.08,0.19,-0.62704,-0.11356,-0.11881,-0.76145,-0.87,1.08,0.09,0.32658,-0.06724,-0.11243,-0.93605,-0.87,1.11,0.13,0.05867,-0.06018,-0.17142,-0.98161,-0.86,1.11,0.17,-0.43474,-0.1532,-0.15903,-0.87306,-0.85,1.1,0.18,-0.67666,-0.21158,-0.13409,-0.69238,-0.84,1.07,0.18,-0.67666,-0.21158,-0.13409,-0.69238,-0.88,1.07,0.09,0.26931,-0.0034,-0.34723,-0.89827,-0.88,1.09,0.13,0.14541,-0.06147,-0.25039,-0.95519,-0.88,1.1,0.16,-0.29733,-0.15512,-0.27048,-0.90243,-0.87,1.09,0.17,-0.50825,-0.26305,-0.23317,-0.78621,-0.86,1.08,0.18,-0.50825,-0.26305,-0.23317,-0.78621,-0.71,1.09,0.12,-0.23629,-0.14553,-0.08146,0.95726,-0.69,1.07,0.07,-0.23629,-0.14553,-0.08146,0.95726,-0.73,1.07,0.09,-0.43605,-0.26513,0.49275,0.70482,-0.75,1.08,0.11,-0.26182,-0.14374,0.45961,0.83639,-0.77,1.09,0.13,-0.21348,-0.15163,0.54553,0.79613,-0.78,1.1,0.15,-0.21348,-0.15163,0.54553,0.79613,-0.72,1.08,0.09,-0.23629,-0.14553,-0.08146,0.95726,-0.73,1.11,0.14,-0.02401,-0.18438,0.00284,0.98256,-0.75,1.11,0.18,0.38977,-0.17128,0.05382,0.90324,-0.75,1.09,0.19,0.55519,-0.131,0.07855,0.81758,-0.76,1.07,0.2,0.55519,-0.131,0.07855,0.81758,-0.7,1.08,0.1,-0.23629,-0.14553,-0.08146,0.95726,-0.71,1.11,0.15,-0.12638,-0.14185,-0.07725,0.97874,-0.72,1.12,0.18,0.31887,-0.16401,-0.01948,0.9333,-0.73,1.1,0.2,0.52494,-0.15195,-0.04569,0.83622,-0.74,1.08,0.22,0.52494,-0.15195,-0.04569,0.83622,-0.68,1.08,0.1,-0.23629,-0.14553,-0.08146,0.95726,-0.69,1.1,0.15,-0.20307,-0.11205,-0.13985,0.96263,-0.7,1.12,0.18,0.35909,-0.19389,-0.09271,0.90822,-0.71,1.1,0.2,0.62269,-0.23274,-0.05596,0.74496,-0.72,1.08,0.2,0.62269,-0.23274,-0.05596,0.74496,-0.68,1.07,0.11,-0.16965,-0.05695,-0.30755,0.93455,-0.68,1.09,0.15,-0.30966,-0.04844,-0.21596,0.92473,-0.67,1.11,0.17,0.28685,-0.17784,-0.22758,0.9134,-0.68,1.1,0.19,0.61092,-0.29423,-0.15049,0.71941,-0.7,1.08,0.19,0.61092,-0.29423,-0.15049,0.71941,-0.81,1.08,0.19
-0.78,1.46,-0.17,-0.78,1.46,-0.17,-0.85,1.1,0.11,0.31547,-0.08134,-0.16992,-0.93005,-0.86,1.06,0.06,0.31547,-0.08134,-0.16992,-0.93005,-0.82,1.08,0.08,0.44993,-0.22873,0.48768,-0.71233,-0.8,1.09,0.1,0.21037,-0.07406,0.45671,-0.86121,-0.79,1.1,0.13,0.07967,-0.03984,0.53853,-0.83788,-0.78,1.11,0.15,0.07967,-0.03984,0.53853,-0.83788,-0.84,1.08,0.08,0.31547,-0.08134,-0.16992,-0.93005,-0.83,1.12,0.13,0.05755,-0.10704,-0.10924,-0.98656,-0.82,1.13,0.16,-0.35074,-0.14752,-0.08141,-0.92119,-0.82,1.11,0.18,-0.5222,-0.13346,-0.05998,-0.84017,-0.81,1.09,0.19,-0.5222,-0.13346,-0.05998,-0.84017,-0.85,1.08,0.08,0.31547,-0.08134,-0.16992,-0.93005,-0.85,1.12,0.13,0.05846,-0.09202,-0.17007,-0.97938,-0.85,1.13,0.17,-0.40442,-0.16262,-0.1204,-0.89191,-0.83,1.11,0.19,-0.61687,-0.16879,-0.14013,-0.75587,-0.82,1.09,0.19,-0.61687,-0.16879,-0.14013,-0.75587,-0.87,1.08,0.09,0.31547,-0.08134,-0.16992,-0.93005,-0.87,1.11,0.13,0.07992,-0.07978,-0.22559,-0.96766,-0.86,1.12,0.17,-0.40685,-0.19714,-0.19601,-0.87017,-0.85,1.1,0.19,-0.64768,-0.26487,-0.1555,-0.69726,-0.84,1.08,0.19,-0.64768,-0.26487,-0.1555,-0.69726,-0.88,1.07,0.09,0.24767,-0.01664,-0.39983,-0.88234,-0.88,1.09,0.13,0.14177,-0.07794,-0.30354,-0.93898,-0.88,1.1,0.16,-0.30066,-0.19481,-0.30879,-0.88108,-0.87,1.09,0.18,-0.51124,-0.31247,-0.25744,-0.7581,-0.85,1.08,0.18,-0.51124,-0.31247,-0.25744,-0.7581,-0.7,1.1,0.11,-0.30898,-0.17134,-0.12014,0.92776,-0.68,1.06,0.06,-0.30898,-0.17134,-0.12014,0.92776,-0.72,1.07,0.09,-0.43942,-0.2234,0.55441,0.67055,-0.75,1.08,0.11,-0.27134,-0.08567,0.51374,0.80938,-0.76,1.09,0.13,-0.20285,-0.07958,0.59581,0.773,-0.77,1.1,0.15,-0.20285,-0.07958,0.59581,0.773,-0.71,1.08,0.09,-0.30898,-0.17134,-0.12014,0.92776,-0.73,1.12,0.13,-0.06405,-0.21842,-0.01524,0.97363,-0.75,1.12,0.16,0.36059,-0.21014,0.05423,0.90712,-0.75,1.11,0.18,0.5249,-0.16974,0.0849,0.82973,-0.76,1.09,0.19,0.5249,-0.16974,0.0849,0.82973,-0.7,1.08,0.09,-0.30898,-0.17134,-0.12014,0.92776,-0.71,1.12,0.14,-0.06671,-0.18794,-0.08718,0.97603,-0.72,1.12,0.17,0.43866,-0.20894,0.00741,0.87399,-0.73,1.1,0.19,0.67323,-0.17833,-0.00099,0.7176,-0.74,1.08,0.19,0.67323,-0.17833,-0.00099,0.7176,-0.68,1.08,0.1,-0.30898,-0.17134,-0.12014,0.92776,-0.69,1.11,0.14,-0.10511,-0.16809,-0.15287,0.96816,-0.7,1.12,0.17,0.49196,-0.24698,-0.06254,0.83251,-0.71,1.1,0.18,0.76426,-0.26624,-0.00043,0.58739,-0.72,1.08,0.18,0.76426,-0.26624,-0.00043,0.58739,-0.67,1.07,0.1,-0.22979,-0.10183,-0.34861,0.90294,-0.68,1.09,0.14,-0.25099,-0.10907,-0.25665,0.92695,-0.68,1.11,0.17,0.40449,-0.2602,-0.20984,0.85126,-0.69,1.1,0.18,0.7225,-0.3634,-0.09249,0.58085,-0.7,1.08,0.17,0.7225,-0.3634,-0.09249,0.58085,-0.81,1.08,0.19
-0.78,1.46,-0.17,-0.78,1.46,-0.17,-0.85,1.1,0.11,0.33279,-0.08332,-0.21394,-0.91462,-0.86,1.06,0.06,0.33279,-0.08332,-0.21394,-0.91462,-0.83,1.09,0.08,0.47301,-0.21538,0.46006,-0.71987,-0.8,1.1,0.1,0.22774,-0.07031,0.42521,-0.87315,-0.79,1.11,0.12,0.08964,-0.03542,0.50847,-0.85567,-0.79,1.12,0.15,0.08964,-0.03542,0.50847,-0.85567,-0.84,1.09,0.08,0.33279,-0.08332,-0.21394,-0.91462,-0.83,1.13,0.13,0.04213,-0.13817,-0.1372,-0.97996,-0.82,1.13,0.16,-0.37662,-0.1883,-0.09129,-0.90242,-0.81,1.12,0.18,-0.55253,-0.17601,-0.05931,-0.81254,-0.81,1.1,0.19,-0.55253,-0.17601,-0.05931,-0.81254,-0.85,1.08,0.08,0.33279,-0.08332,-0.21394,-0.91462,-0.86,1.12,0.13,0.10581,-0.10481,-0.21278,-0.96568,-0.85,1.13,0.17,-0.34446,-0.1924,-0.15452,-0.90579,-0.84,1.12,0.19,-0.56452,-0.21007,-0.16615,-0.78076,-0.82,1.1,0.2,-0.56452,-0.21007,-0.16615,-0.78076,-0.87,1.08,0.09,0.33279,-0.08332,-0.21394,-0.91462,-0.87,1.11,0.13,0.15528,-0.07991,-0.27241,-0.9462,-0.87,1.12,0.17,-0.33015,-0.22314,-0.23471,-0.88663,-0.85,1.11,0.19,-0.58214,-0.3038,-0.18155,-0.73202,-0.84,1.09,0.19,-0.58214,-0.3038,-0.18155,-0.73202,-0.88,1.07,0.09,0.25813,-0.02512,-0.44165,-0.85889,-0.88,1.09,0.13,0.18838,-0.07398,-0.34828,-0.91528,-0.88,1.1,0.16,-0.27506,-0.22481,-0.34445,-0.86899,-0.87,1.1,0.18,-0.51055,-0.35998,-0.27025,-0.73261,-0.85,1.09,0.18,-0.51055,-0.35998,-0.27025,-0.73261,-0.7,1.1,0.11,-0.33717,-0.18886,-0.13204,0.91281,-0.68,1.06,0.07,-0.33717,-0.18886,-0.13204,0.91281,-0.72,1.07,0.09,-0.45457,-0.22752,0.56282,0.65179,-0.75,1.08,0.1,-0.29283,-0.09132,0.52323,0.79507,-0.76,1.1,0.13,-0.22375,-0.08122,0.60562,0.75932,-0.77,1.1,0.15,-0.22375,-0.08122,0.60562,0.75932,-0.71,1.08,0.09,-0.33717,-0.18886,-0.13204,0.91281,-0.73,1.12,0.13,-0.10169,-0.23669,-0.02294,0.96598,-0.75,1.13,0.16,0.28485,-0.23298,0.04552,0.92871,-0.76,1.11,0.18,0.44554,-0.19536,0.07615,0.87036,-0.76,1.1,0.19,0.44554,-0.19536,0.07615,0.87036,-0.7,1.08,0.09,-0.33717,-0.18886,-0.13204,0.91281,-0.71,1.12,0.13,-0.11404,-0.20229,-0.10097,0.96741,-0.72,1.13,0.17,0.36339,-0.2289,-0.00467,0.90307,-0.74,1.11,0.19,0.60259,-0.20675,-0.00956,0.77074,-0.74,1.09,0.19,0.60259,-0.20675,-0.00956,0.77074,-0.68,1.08,0.1,-0.33717,-0.18886,-0.13204,0.91281,-0.69,1.11,0.14,-0.15471,-0.17339,-0.1725,0.95721,-0.7,1.12,0.17,0.41987,-0.26273,-0.08112,0.86493,-0.72,1.11,0.19,0.7043,-0.29043,-0.01221,0.64766,-0.73,1.08,0.18,0.7043,-0.29043,-0.01221,0.64766,-0.67,1.07,0.11,-0.25204,-0.12694,-0.36067,0.88898,-0.68,1.1,0.14,-0.28237,-0.11602,-0.27343,0.91216,-0.68,1.11,0.17,0.36317,-0.27698,-0.2197,0.86205,-0.69,1.1,0.18,0.68523,-0.38275,-0.09468,0.61237,-0.7,1.09,0.17,0.68523,-0.38275,-0.09468,0.61237,-0.81,1.08,0.19
-0.78,1.46,-0.17,-0.78,1.46,-0.17,-0.86,1.1,0.1,0.36409,-0.0818,-0.21899,-0.90155,-0.86,1.06,0.06,0.36409,-0.0818,-0.21899,-0.90155,-0.83,1.09,0.08,0.48719,-0.1938,0.47046,-0.70976,-0.8,1.1,0.09,0.24382,-0.04687,0.42894,-0.86854,-0.79,1.11,0.12,0.10011,-0.00796,0.50906,-0.85485,-0.79,1.12,0.15,0.10011,-0.00796,0.50906,-0.85485,-0.84,1.09,0.08,0.36409,-0.0818,-0.21899,-0.90155,-0.84,1.13,0.12,0.06584,-0.14409,-0.13647,-0.9779,-0.83,1.14,0.16,-0.3635,-0.19485,-0.08602,-0.90692,-0.82,1.12,0.17,-0.54435,-0.18181,-0.05229,-0.81725,-0.81,1.1,0.18,-0.54435,-0.18181,-0.05229,-0.81725,-0.85,1.08,0.08,0.36409,-0.0818,-0.21899,-0.90155,-0.86,1.13,0.13,0.14072,-0.11349,-0.21375,-0.96002,-0.85,1.14,0.16,-0.28019,-0.19589,-0.15787,-0.92639,-0.84,1.13,0.19,-0.49146,-0.2164,-0.17189,-0.82589,-0.83,1.11,0.2,-0.49146,-0.2164,-0.17189,-0.82589,-0.87,1.08,0.09,0.36409,-0.0818,-0.21899,-0.90155,-0.87,1.11,0.13,0.19465,-0.0868,-0.27602,-0.93723,-0.87,1.13,0.16,-0.26504,-0.22563,-0.23968,-0.90631,-0.86,1.12,0.18,-0.51226,-0.30695,-0.18829,-0.77969,-0.84,1.1,0.19,-0.51226,-0.30695,-0.18829,-0.77969,-0.88,1.07,0.09,0.28828,-0.03205,-0.44824,-0.84554,-0.89,1.09,0.13,0.22979,-0.07396,-0.35488,-0.90321,-0.89,1.11,0.16,-0.23166,-0.23069,-0.35047,-0.87766,-0.88,1.1,0.17,-0.46396,-0.36523,-0.27543,-0.75861,-0.86,1.09,0.18,-0.46396,-0.36523,-0.27543,-0.75861,-0.71,1.09,0.12,-0.29816,-0.19529,-0.09931,0.92903,-0.68,1.06,0.07,-0.29816,-0.19529,-0.09931,0.92903,-0.73,1.07,0.09,-0.43899,-0.27316,0.56218,0.64547,-0.75,1.08,0.1,-0.2751,-0.13432,0.53486,0.78753,-0.77,1.09,0.13,-0.21517,-0.12887,0.61755,0.74547,-0.78,1.09,0.15,-0.21517,-0.12887,0.61755,0.74547,-0.71,1.07,0.09,-0.29816,-0.19529,-0.09931,0.92903,-0.74,1.11,0.13,-0.07605,-0.2517,0.0135,0.96472,-0.75,1.12,0.16,0.26401,-0.23587,0.07352,0.93234,-0.76,1.1,0.18,0.41129,-0.19505,0.10032,0.88472,-0.77,1.09,0.19,0.41129,-0.19505,0.10032,0.88472,-0.7,1.07,0.1,-0.29816,-0.19529,-0.09931,0.92903,-0.71,1.11,0.14,-0.15104,-0.18846,-0.0862,0.96656,-0.73,1.13,0.17,0.25764,-0.20973,-0.01443,0.94309,-0.74,1.11,0.2,0.47348,-0.19932,-0.03045,0.85742,-0.75,1.09,0.21,0.47348,-0.19932,-0.03045,0.85742,-0.68,1.07,0.1,-0.29816,-0.19529,-0.09931,0.92903,-0.7,1.1,0.14,-0.22584,-0.14106,-0.16179,0.95022,-0.7,1.12,0.17,0.28346,-0.22578,-0.10574,0.92601,-0.72,1.11,0.19,0.55386,-0.26898,-0.0573,0.78588,-0.73,1.09,0.2,0.55386,-0.26898,-0.0573,0.78588,-0.68,1.07,0.11,-0.21724,-0.12221,-0.32675,0.91165,-0.68,1.09,0.15,-0.31711,-0.07446,-0.24576,0.91296,-0.68,1.11,0.17,0.2503,-0.21045,-0.24089,0.9138,-0.69,1.1,0.18,0.55678,-0.32601,-0.1561,0.74789,-0.7,1.09,0.19,0.55678,-0.32601,-0.1561,0.74789,-0.81,1.08,0.19
-0.78,1.46,-0.17,-0.78,1.46,-0.17,-0.86,1.1,0.1,0.37683,-0.08663,-0.2095,-0.89811,-0.86,1.06,0.06,0.37683,-0.08663,-0.2095,-0.89811,-0.83,1.08,0.08,0.48493,-0.1874,0.48934,-0.70019,-0.8,1.1,0.09,0.24262,-0.03336,0.44604,-0.86086,-0.79,1.11,0.12,0.09613,0.00928,0.52314,-0.84676,-0.79,1.12,0.15,0.09613,0.00928,0.52314,-0.84676,-0.84,1.09,0.08,0.37683,-0.08663,-0.2095,-0.89811,-0.84,1.13,0.12,0.07195,-0.14461,-0.12572,-0.97883,-0.83,1.14,0.15,-0.36736,-0.19161,-0.0742,-0.9071,-0.82,1.12,0.17,-0.54868,-0.17623,-0.04109,-0.81622,-0.81,1.1,0.18,-0.54868,-0.17623,-0.04109,-0.81622,-0.85,1.08,0.08,0.37683,-0.08663,-0.2095,-0.89811,-0.86,1.13,0.12,0.1287,-0.12888,-0.1953,-0.96368,-0.85,1.14,0.16,-0.26973,-0.19846,-0.13964,-0.93186,-0.84,1.13,0.18,-0.45441,-0.2119,-0.15817,-0.85064,-0.83,1.11,0.2,-0.45441,-0.2119,-0.15817,-0.85064,-0.87,1.08,0.09,0.37683,-0.08663,-0.2095,-0.89811,-0.87,1.11,0.13,0.19776,-0.10206,-0.26082,-0.93939,-0.87,1.13,0.16,-0.22567,-0.22308,-0.22784,-0.92054,-0.86,1.12,0.18,-0.44548,-0.29636,-0.18629,-0.82403,-0.84,1.11,0.19,-0.44548,-0.29636,-0.18629,-0.82403,-0.88,1.07,0.09,0.301,-0.03967,-0.44005,-0.84509,-0.89,1.09,0.13,0.24294,-0.08321,-0.34426,-0.90307,-0.89,1.11,0.16,-0.19406,-0.22515,-0.34262,-0.89121,-0.88,1.11,0.17,-0.39003,-0.34471,-0.28431,-0.80512,-0.86,1.1,0.18,-0.39003,-0.34471,-0.28431,-0.80512,-0.71,1.09,0.12,-0.2418,-0.1916,-0.06142,0.94924,-0.69,1.06,0.07,-0.2418,-0.1916,-0.06142,0.94924,-0.73,1.06,0.09,-0.41755,-0.31543,0.54573,0.65447,-0.75,1.07,0.1,-0.24732,-0.17645,0.52956,0.792,-0.77,1.08,0.13,-0.20066,-0.18104,0.61172,0.74348,-0.79,1.08,0.15,-0.20066,-0.18104,0.61172,0.74348,-0.72,1.07,0.09,-0.2418,-0.1916,-0.06142,0.94924,-0.74,1.1,0.14,0.01388,-0.26965,0.07068,0.96026,-0.76,1.1,0.17,0.3363,-0.23255,0.13037,0.90323,-0.77,1.08,0.18,0.47357,-0.18269,0.15734,0.84711,-0.77,1.06,0.2,0.47357,-0.18269,0.15734,0.84711,-0.7,1.07,0.1,-0.2418,-0.1916,-0.06142,0.94924,-0.72,1.1,0.14,-0.15082,-0.17152,-0.05996,0.97172,-0.73,1.12,0.18,0.20994,-0.18349,-0.00689,0.96032,-0.74,1.11,0.2,0.39586,-0.17567,-0.03286,0.90075,-0.75,1.09,0.22,0.39586,-0.17567,-0.03286,0.90075,-0.68,1.07,0.1,-0.2418,-0.1916,-0.06142,0.94924,-0.7,1.1,0.15,-0.24989,-0.11077,-0.13343,0.95262,-0.71,1.12,0.18,0.21726,-0.18188,-0.10395,0.95337,-0.72,1.11,0.2,0.46261,-0.22728,-0.0744,0.8537,-0.73,1.09,0.21,0.46261,-0.22728,-0.0744,0.8537,-0.68,1.07,0.11,-0.1684,-0.10344,-0.28641,0.9375,-0.68,1.08,0.15,-0.32084,-0.01838,-0.20271,0.925,-0.68,1.1,0.17,0.16585,-0.11994,-0.24487,0.94771,-0.69,1.1,0.19,0.43745,-0.23371,-0.2019,0.84455,-0.7,1.08,0.2,0.43745,-0.23371,-0.2019,0.84455,-0.81,1.08,0.19
-0.78,1.46,-0.17,-0.78,1.46,-0.17,-0.85,1.1,0.1,0.36497,-0.08812,-0.17389,-0.91038,-0.86,1.06,0.06,0.36497,-0.08812,-0.17389,-0.91038,-0.83,1.08,0.08,0.45515,-0.19541,0.52489,-0.6922,-0.8,1.09,0.1,0.21078,-0.02355,0.48468,-0.84859,-0.79,1.1,0.13,0.06024,0.02507,0.5569,-0.82801,-0.79,1.11,0.15,0.06024,0.02507,0.5569,-0.82801,-0.84,1.08,0.08,0.36497,-0.08812,-0.17389,-0.91038,-0.83,1.12,0.12,0.05264,-0.1333,-0.09234,-0.98536,-0.82,1.13,0.16,-0.38923,-0.16646,-0.04908,-0.90464,-0.82,1.11,0.17,-0.56708,-0.14613,-0.0214,-0.81031,-0.81,1.09,0.18,-0.56708,-0.14613,-0.0214,-0.81031,-0.85,1.08,0.08,0.36497,-0.08812,-0.17389,-0.91038,-0.85,1.12,0.12,0.09025,-0.12792,-0.15502,-0.97543,-0.84,1.13,0.17,-0.31042,-0.18105,-0.10315,-0.92748,-0.83,1.12,0.19,-0.48607,-0.18469,-0.12661,-0.84475,-0.82,1.1,0.2,-0.48607,-0.18469,-0.12661,-0.84475,-0.87,1.07,0.09,0.36497,-0.08812,-0.17389,-0.91038,-0.87,1.11,0.13,0.1663,-0.10521,-0.22096,-0.95522,-0.87,1.12,0.16,-0.25367,-0.20615,-0.19311,-0.92513,-0.85,1.11,0.18,-0.46325,-0.26934,-0.16056,-0.8289,-0.84,1.1,0.2,-0.46325,-0.26934,-0.16056,-0.8289,-0.88,1.07,0.09,0.29399,-0.03628,-0.40642,-0.86433,-0.88,1.09,0.13,0.2295,-0.08596,-0.30698,-0.91962,-0.88,1.11,0.16,-0.18768,-0.20155,-0.31354,-0.90876,-0.87,1.1,0.17,-0.36764,-0.30911,-0.26874,-0.83491,-0.86,1.09,0.19,-0.36764,-0.30911,-0.26874,-0.83491,-0.71,1.09,0.12,-0.25154,-0.17954,-0.07361,0.9482,-0.69,1.06,0.07,-0.25154,-0.17954,-0.07361,0.9482,-0.73,1.07,0.09,-0.44057,-0.27055,0.5238,0.677,-0.75,1.08,0.1,-0.27799,-0.14628,0.49191,0.812,-0.77,1.09,0.13,-0.23875,-0.15724,0.57555,0.76617,-0.78,1.09,0.15,-0.23875,-0.15724,0.57555,0.76617,-0.72,1.07,0.09,-0.25154,-0.17954,-0.07361,0.9482,-0.74,1.1,0.14,0.02164,-0.26814,0.06695,0.96081,-0.76,1.1,0.17,0.36484,-0.22912,0.13179,0.89276,-0.76,1.08,0.18,0.51055,-0.17694,0.16154,0.82579,-0.77,1.07,0.19,0.51055,-0.17694,0.16154,0.82579,-0.7,1.07,0.1,-0.25154,-0.17954,-0.07361,0.9482,-0.72,1.11,0.14,-0.10386,-0.1635,-0.06417,0.97896,-0.73,1.12,0.18,0.32905,-0.17741,-0.00021,0.9275,-0.74,1.1,0.2,0.54263,-0.15981,-0.02296,0.82431,-0.74,1.08,0.21,0.54263,-0.15981,-0.02296,0.82431,-0.68,1.07,0.1,-0.25154,-0.17954,-0.07361,0.9482,-0.7,1.1,0.15,-0.1427,-0.1122,-0.13316,0.97433,-0.7,1.11,0.18,0.37147,-0.18386,-0.09672,0.9049,-0.71,1.09,0.2,0.62573,-0.22396,-0.06479,0.74438,-0.72,1.07,0.2,0.62573,-0.22396,-0.06479,0.74438,-0.68,1.07,0.11,-0.17863,-0.09415,-0.29958,0.93246,-0.68,1.09,0.15,-0.21403,-0.02576,-0.21892,0.95163,-0.68,1.1,0.17,0.30572,-0.13414,-0.25239,0.90821,-0.69,1.09,0.19,0.56964,-0.25073,-0.20799,0.75457,-0.7,1.07,0.2,0.56964,-0.25073,-0.20799,0.75457,-0.81,1.08,0.19
-0.78,1.46,-0.17,-0.78,1.46,-0.17,-0.85,1.1,0.11,0.34791,-0.089,-0.15626,-0.92012,-0.86,1.06,0.06,0.34791,-0.089,-0.15626,-0.92012,-0.82,1.07,0.08,0.44185,-0.20203,0.53191,-0.69356,-0.8,1.09,0.1,0.19071,-0.0223,0.49452,-0.84769,-0.79,1.1,0.13,0.03967,0.0265,0.56534,-0.82347,-0.79,1.1,0.16,0.03967,0.0265,0.56534,-0.82347,-0.84,1.08,0.08,0.34791,-0.089,-0.15626,-0.92012,-0.83,1.12,0.13,0.03416,-0.12783,-0.0763,-0.98827,-0.82,1.12,0.16,-0.40075,-0.15377,-0.03835,-0.90238,-0.81,1.11,0.18,-0.57353,-0.13127,-0.01387,-0.80848,-0.81,1.09,0.18,-0.57353,-0.13127,-0.01387,-0.80848,-0.85,1.07,0.09,0.34791,-0.089,-0.15626,-0.92012,-0.85,1.12,0.13,0.06794,-0.12541,-0.13634,-0.98034,-0.84,1.12,0.17,-0.32658,-0.17038,-0.08826,-0.92549,-0.83,1.11,0.19,-0.49595,-0.17008,-0.1145,-0.8438,-0.82,1.09,0.2,-0.49595,-0.17008,-0.1145,-0.8438,-0.87,1.07,0.09,0.34791,-0.089,-0.15626,-0.92012,-0.87,1.11,0.13,0.14844,-0.10314,-0.20237,-0.96248,-0.86,1.12,0.17,-0.26665,-0.19461,-0.17884,-0.92684,-0.85,1.11,0.19,-0.47151,-0.25393,-0.15098,-0.8309,-0.84,1.09,0.2,-0.47151,-0.25393,-0.15098,-0.8309,-0.88,1.07,0.09,0.27959,-0.03191,-0.38896,-0.87722,-0.88,1.09,0.13,0.2127,-0.08704,-0.28756,-0.92978,-0.88,1.1,0.16,-0.19633,-0.18975,-0.29754,-0.91483,-0.87,1.1,0.18,-0.37478,-0.29344,-0.25718,-0.84101,-0.86,1.09,0.19,-0.37478,-0.29344,-0.25718,-0.84101,-0.71,1.09,0.12,-0.27913,-0.17154,-0.08655,0.94084,-0.69,1.06,0.07,-0.27913,-0.17154,-0.08655,0.94084,-0.73,1.07,0.09,-0.45737,-0.24053,0.52318,0.67767,-0.75,1.08,0.11,-0.30458,-0.12367,0.48186,0.81224,-0.77,1.09,0.13,-0.26891,-0.13634,0.5661,0.76722,-0.78,1.1,0.15,-0.26891,-0.13634,0.5661,0.76722,-0.72,1.08,0.1,-0.27913,-0.17154,-0.08655,0.94084,-0.74,1.11,0.14,-0.07064,-0.25845,0.03152,0.96292,-0.75,1.12,0.17,0.29506,-0.23321,0.09952,0.92122,-0.76,1.1,0.19,0.45653,-0.18566,0.13053,0.86028,-0.77,1.08,0.2,0.45653,-0.18566,0.13053,0.86028,-0.7,1.08,0.1,-0.27913,-0.17154,-0.08655,0.94084,-0.71,1.11,0.14,-0.08666,-0.1615,-0.07122,0.98048,-0.73,1.12,0.18,0.41035,-0.17844,0.00519,0.89428,-0.74,1.1,0.2,0.66666,-0.15064,-0.01068,0.7299,-0.74,1.08,0.2,0.66666,-0.15064,-0.01068,0.7299,-0.68,1.08,0.1,-0.27913,-0.17154,-0.08655,0.94084,-0.7,1.11,0.15,-0.07817,-0.12209,-0.13682,0.97993,-0.7,1.11,0.18,0.48955,-0.19709,-0.08405,0.84524,-0.72,1.09,0.2,0.76528,-0.22803,-0.03871,0.6007,-0.72,1.07,0.19,0.76528,-0.22803,-0.03871,0.6007,-0.68,1.07,0.11,-0.20532,-0.09339,-0.31461,0.92203,-0.68,1.09,0.15,-0.13025,-0.05644,-0.23536,0.96149,-0.68,1.1,0.18,0.45065,-0.17923,-0.24029,0.84087,-0.69,1.09,0.19,0.72487,-0.29585,-0.17251,0.59773,-0.7,1.07,0.18,0.72487,-0.29585,-0.17251,0.59773,-0.81,1.08,0.19
-0.78,1.46,-0.17,-0.78,1.46,-0.17,-0.85,1.09,0.11,0.33798,-0.0898,-0.15975,-0.92314,-0.86,1.06,0.06,0.33798,-0.0898,-0.15975,-0.92314,-0.82,1.07,0.08,0.44682,-0.19909,0.51728,-0.70224,-0.8,1.09,0.1,0.19206,-0.02435,0.47893,-0.85624,-0.79,1.1,0.13,0.0413,0.02141,0.5511,-0.83314,-0.79,1.1,0.16,0.0413,0.02141,0.5511,-0.83314,-0.84,1.08,0.08,0.33798,-0.0898,-0.15975,-0.92314,-0.83,1.12,0.13,0.02308,-0.12894,-0.08013,-0.98814,-0.82,1.12,0.16,-0.40349,-0.1558,-0.04263,-0.90062,-0.81,1.1,0.18,-0.57118,-0.13392,-0.01848,-0.80962,-0.81,1.08,0.19,-0.57118,-0.13392,-0.01848,-0.80962,-0.85,1.07,0.09,0.33798,-0.0898,-0.15975,-0.92314,-0.85,1.12,0.13,0.05195,-0.12778,-0.13868,-0.98068,-0.84,1.12,0.17,-0.33977,-0.17311,-0.08979,-0.92007,-0.83,1.11,0.19,-0.50794,-0.1722,-0.1153,-0.83609,-0.82,1.09,0.2,-0.50794,-0.1722,-0.1153,-0.83609,-0.87,1.07,0.09,0.33798,-0.0898,-0.15975,-0.92314,-0.87,1.1,0.13,0.13205,-0.10554,-0.20453,-0.96415,-0.86,1.12,0.17,-0.28579,-0.19768,-0.17939,-0.92036,-0.85,1.1,0.19,-0.49117,-0.2569,-0.15069,-0.81856,-0.84,1.09,0.2,-0.49117,-0.2569,-0.15069,-0.81856,-0.88,1.07,0.09,0.26927,-0.03027,-0.39155,-0.87936,-0.88,1.09,0.13,0.19784,-0.09073,-0.28939,-0.93214,-0.88,1.1,0.16,-0.21619,-0.19433,-0.2967,-0.90965,-0.87,1.09,0.18,-0.39863,-0.29908,-0.2546,-0.82875,-0.86,1.08,0.19,-0.39863,-0.29908,-0.2546,-0.82875,-0.71,1.09,0.13,-0.25814,-0.15302,-0.06989,0.95135,-0.69,1.06,0.07,-0.25814,-0.15302,-0.06989,0.95135,-0.73,1.07,0.1,-0.42519,-0.24939,0.5395,0.68261,-0.75,1.08,0.11,-0.27625,-0.12839,0.49997,0.8107,-0.77,1.09,0.14,-0.24396,-0.14572,0.58201,0.76192,-0.78,1.09,0.16,-0.24396,-0.14572,0.58201,0.76192,-0.72,1.07,0.1,-0.25814,-0.15302,-0.06989,0.95135,-0.74,1.11,0.15,-0.11164,-0.21068,0.01066,0.9711,-0.75,1.11,0.18,0.21809,-0.20002,0.05389,0.95369,-0.76,1.1,0.2,0.37845,-0.16241,0.07568,0.90812,-0.77,1.09,0.21,0.37845,-0.16241,0.07568,0.90812,-0.7,1.07,0.1,-0.25814,-0.15302,-0.06989,0.95135,-0.72,1.11,0.15,-0.12048,-0.12772,-0.0693,0.98202,-0.73,1.12,0.19,0.34609,-0.1481,-0.01537,0.92631,-0.73,1.1,0.21,0.596,-0.13305,-0.04182,0.79078,-0.74,1.08,0.22,0.596,-0.13305,-0.04182,0.79078,-0.69,1.08,0.11,-0.25814,-0.15302,-0.06989,0.95135,-0.7,1.1,0.15,-0.11994,-0.08954,-0.12981,0.98018,-0.7,1.11,0.19,0.43419,-0.16606,-0.09922,0.87981,-0.71,1.09,0.2,0.7143,-0.20671,-0.0658,0.66537,-0.72,1.07,0.2,0.7143,-0.20671,-0.0658,0.66537,-0.68,1.07,0.11,-0.19098,-0.06933,-0.29804,0.93268,-0.68,1.09,0.15,-0.16856,-0.03435,-0.2151,0.96132,-0.68,1.1,0.18,0.40621,-0.15,-0.23825,0.86932,-0.69,1.09,0.19,0.69411,-0.26912,-0.17992,0.64297,-0.7,1.07,0.19,0.69411,-0.26912,-0.17992,0.64297,-0.81,1.08,0.19
-0.78,1.46,-0.17,-0.78,1.46,-0.17,-0.85,1.09,0.11,0.33303,-0.08376,-0.17186,-0.92333,-0.86,1.06,0.06,0.33303,-0.08376,-0.17186,-0.92333,-0.83,1.07,0.08,0.45136,-0.18785,0.4999,-0.71491,-0.8,1.09,0.1,0.19358,-0.02008,0.45759,-0.8676,-0.8,1.1,0.13,0.04306,0.02125,0.53055,-0.84629,-0.79,1.1,0.16,0.04306,0.02125,0.53055,-0.84629,-0.84,1.08,0.08,0.33303,-0.08376,-0.17186,-0.92333,-0.83,1.12,0.13,0.01252,-0.12358,-0.09591,-0.98761,-0.82,1.12,0.16,-0.40834,-0.15712,-0.05997,-0.89721,-0.82,1.1,0.18,-0.57279,-0.13835,-0.03564,-0.80715,-0.81,1.08,0.19,-0.57279,-0.13835,-0.03564,-0.80715,-0.85,1.07,0.09,0.33303,-0.08376,-0.17186,-0.92333,-0.85,1.11,0.13,0.03262,-0.12642,-0.15095,-0.97988,-0.84,1.12,0.17,-0.36012,-0.17676,-0.10104,-0.91042,-0.83,1.1,0.19,-0.52962,-0.17678,-0.12488,-0.82016,-0.82,1.08,0.2,-0.52962,-0.17678,-0.12488,-0.82016,-0.87,1.07,0.09,0.33303,-0.08376,-0.17186,-0.92333,-0.87,1.1,0.13,0.11106,-0.10442,-0.21608,-0.9644,-0.86,1.11,0.17,-0.31577,-0.20284,-0.1884,-0.90755,-0.85,1.1,0.19,-0.5246,-0.26427,-0.15706,-0.79391,-0.84,1.08,0.2,-0.5246,-0.26427,-0.15706,-0.79391,-0.88,1.06,0.09,0.26402,-0.02359,-0.40273,-0.8761,-0.88,1.09,0.13,0.18165,-0.0909,-0.30059,-0.93187,-0.88,1.1,0.16,-0.24148,-0.20131,-0.3046,-0.8991,-0.87,1.09,0.18,-0.4336,-0.31098,-0.25764,-0.80555,-0.86,1.08,0.19,-0.4336,-0.31098,-0.25764,-0.80555,-0.71,1.09,0.13,-0.21614,-0.14072,-0.03325,0.9656,-0.69,1.06,0.07,-0.21614,-0.14072,-0.03325,0.9656,-0.73,1.06,0.1,-0.39366,-0.27447,0.54455,0.68787,-0.76,1.07,0.12,-0.24925,-0.1532,0.50968,0.8091,-0.77,1.08,0.14,-0.2197,-0.1732,0.59014,0.75728,-0.79,1.08,0.16,-0.2197,-0.1732,0.59014,0.75728,-0.72,1.07,0.1,-0.21614,-0.14072,-0.03325,0.9656,-0.74,1.1,0.15,-0.05211,-0.16914,0.0365,0.98354,-0.75,1.1,0.19,0.26769,-0.15143,0.06271,0.94946,-0.76,1.09,0.21,0.41586,-0.11302,0.07592,0.89918,-0.76,1.07,0.22,0.41586,-0.11302,0.07592,0.89918,-0.71,1.07,0.1,-0.21614,-0.14072,-0.03325,0.9656,-0.72,1.1,0.16,-0.14125,-0.10084,-0.04215,0.98392,-0.73,1.11,0.19,0.29956,-0.11188,-0.00696,0.94747,-0.73,1.1,0.22,0.52992,-0.09969,-0.04516,0.84096,-0.74,1.08,0.23,0.52992,-0.09969,-0.04516,0.84096,-0.69,1.07,0.11,-0.21614,-0.14072,-0.03325,0.9656,-0.7,1.09,0.16,-0.18883,-0.0625,-0.09955,0.97495,-0.7,1.11,0.19,0.36063,-0.12867,-0.08871,0.91952,-0.71,1.09,0.21,0.64334,-0.17032,-0.07006,0.7431,-0.72,1.07,0.21,0.64334,-0.17032,-0.07006,0.7431,-0.68,1.07,0.11,-0.15775,-0.04607,-0.25986,0.95156,-0.68,1.08,0.15,-0.23725,-0.02422,-0.16865,0.95639,-0.68,1.1,0.18,0.33493,-0.11905,-0.20709,0.91146,-0.69,1.09,0.2,0.64352,-0.23006,-0.16015,0.71226,-0.7,1.07,0.2,0.64352,-0.23006,-0.16015,0.71226,-0.81,1.08,0.19
-0.78,1.46,-0.17,-0.78,1.46,-0.17,-0.85,1.09,0.11,0.32659,-0.07881,-0.17873,-0.92476,-0.86,1.06,0.06,0.32659,-0.07881,-0.17873,-0.92476,-0.83,1.07,0.08,0.44661,-0.18346,0.49342,-0.72348,-0.8,1.09,0.1,0.18915,-0.01883,0.44931,-0.87292,-0.8,1.1,0.13,0.04035,0.01935,0.52265,-0.85137,-0.8,1.1,0.16,0.04035,0.01935,0.52265,-0.85137,-0.84,1.08,0.09,0.32659,-0.07881,-0.17873,-0.92476,-0.83,1.12,0.13,-0.00395,-0.11781,-0.10596,-0.98736,-0.82,1.12,0.17,-0.4175,-0.15526,-0.07255,-0.89237,-0.82,1.1,0.18,-0.5788,-0.13865,-0.0485,-0.80213,-0.81,1.08,0.19,-0.5788,-0.13865,-0.0485,-0.80213,-0.85,1.07,0.09,0.32659,-0.07881,-0.17873,-0.92476,-0.85,1.11,0.13,0.01265,-0.1227,-0.15944,-0.97947,-0.84,1.12,0.17,-0.38401,-0.17716,-0.10919,-0.89957,-0.83,1.1,0.19,-0.55719,-0.17771,-0.13158,-0.8004,-0.82,1.08,0.2,-0.55719,-0.17771,-0.13158,-0.8004,-0.87,1.07,0.09,0.32659,-0.07881,-0.17873,-0.92476,-0.87,1.1,0.13,0.09149,-0.10098,-0.22372,-0.96508,-0.87,1.11,0.17,-0.34396,-0.20441,-0.19489,-0.8955,-0.85,1.1,0.19,-0.55739,-0.26786,-0.16136,-0.76911,-0.84,1.08,0.2,-0.55739,-0.26786,-0.16136,-0.76911,-0.88,1.06,0.09,0.25782,-0.0174,-0.40887,-0.87525,-0.88,1.08,0.13,0.16684,-0.08859,-0.3075,-0.93261,-0.88,1.1,0.16,-0.26302,-0.20366,-0.31013,-0.8906,-0.87,1.09,0.18,-0.46254,-0.3173,-0.25989,-0.78603,-0.86,1.08,0.19,-0.46254,-0.3173,-0.25989,-0.78603,-0.71,1.09,0.13,-0.23585,-0.15971,-0.06566,0.95632,-0.69,1.06,0.07,-0.23585,-0.15971,-0.06566,0.95632,-0.73,1.07,0.1,-0.44416,-0.26081,0.49799,0.69764,-0.76,1.08,0.11,-0.29776,-0.15453,0.45744,0.82353,-0.78,1.09,0.14,-0.27304,-0.17344,0.54197,0.77565,-0.79,1.1,0.16,-0.27304,-0.17344,0.54197,0.77565,-0.72,1.07,0.1,-0.23585,-0.15971,-0.06566,0.95632,-0.74,1.1,0.15,-0.07258,-0.18633,0.00638,0.97978,-0.75,1.11,0.18,0.2811,-0.17633,0.04612,0.94221,-0.76,1.1,0.2,0.44501,-0.13913,0.06684,0.88212,-0.77,1.08,0.21,0.44501,-0.13913,0.06684,0.88212,-0.71,1.07,0.1,-0.23585,-0.15971,-0.06566,0.95632,-0.72,1.11,0.15,-0.17219,-0.12357,-0.07499,0.9744,-0.73,1.12,0.19,0.26782,-0.14697,-0.02657,0.95182,-0.74,1.11,0.21,0.49685,-0.14054,-0.05583,0.85456,-0.74,1.09,0.22,0.49685,-0.14054,-0.05583,0.85456,-0.69,1.07,0.11,-0.23585,-0.15971,-0.06566,0.95632,-0.7,1.1,0.15,-0.22547,-0.09163,-0.13282,0.96079,-0.71,1.12,0.19,0.31955,-0.17199,-0.10071,0.92637,-0.72,1.1,0.21,0.5986,-0.21593,-0.0678,0.76841,-0.73,1.08,0.21,0.5986,-0.21593,-0.0678,0.76841,-0.68,1.07,0.11,-0.16852,-0.07043,-0.29173,0.9389,-0.68,1.09,0.15,-0.29242,-0.04761,-0.20244,0.9334,-0.68,1.1,0.18,0.27079,-0.16006,-0.22217,0.92287,-0.69,1.09,0.19,0.58704,-0.27397,-0.15595,0.74566,-0.7,1.08,0.2,0.58704,-0.27397,-0.15595,0.74566,-0.81,1.08,0.19
-0.79,1.46,-0.17,-0.79,1.46,-0.17,-0.85,1.09,0.11,0.32454,-0.07496,-0.18162,-0.92524,-0.86,1.06,0.06,0.32454,-0.07496,-0.18162,-0.92524,-0.83,1.07,0.09,0.4389,-0.18011,0.49615,-0.72716,-0.8,1.09,0.1,0.18212,-0.0146,0.45071,-0.87377,-0.8,1.1,0.13,0.03554,0.02152,0.52344,-0.85105,-0.8,1.1,0.16,0.03554,0.02152,0.52344,-0.85105,-0.84,1.08,0.09,0.32454,-0.07496,-0.18162,-0.92524,-0.83,1.12,0.13,-0.01821,-0.11635,-0.10834,-0.98711,-0.83,1.12,0.17,-0.41231,-0.15299,-0.07852,-0.89467,-0.82,1.1,0.18,-0.56524,-0.13679,-0.05666,-0.81153,-0.81,1.08,0.19,-0.56524,-0.13679,-0.05666,-0.81153,-0.85,1.07,0.09,0.32454,-0.07496,-0.18162,-0.92524,-0.86,1.11,0.13,0.01122,-0.11781,-0.16488,-0.97919,-0.85,1.12,0.17,-0.38653,-0.17503,-0.11587,-0.89807,-0.84,1.1,0.19,-0.56123,-0.17693,-0.13821,-0.79662,-0.82,1.08,0.2,-0.56123,-0.17693,-0.13821,-0.79662,-0.87,1.07,0.09,0.32454,-0.07496,-0.18162,-0.92524,-0.87,1.1,0.13,0.09588,-0.09384,-0.22938,-0.96405,-0.87,1.11,0.17,-0.34445,-0.2018,-0.20197,-0.89434,-0.85,1.1,0.19,-0.56011,-0.26754,-0.16811,-0.76579,-0.84,1.08,0.2,-0.56011,-0.26754,-0.16811,-0.76579,-0.88,1.06,0.09,0.25622,-0.01323,-0.41154,-0.87453,-0.89,1.08,0.13,0.16841,-0.0822,-0.31156,-0.93156,-0.88,1.1,0.16,-0.26428,-0.20097,-0.31586,-0.88882,-0.87,1.09,0.18,-0.46709,-0.3173,-0.26474,-0.78171,-0.86,1.08,0.19,-0.46709,-0.3173,-0.26474,-0.78171,-0.71,1.09,0.12,-0.25285,-0.19567,-0.10058,0.94216,-0.69,1.06,0.07,-0.25285,-0.19567,-0.10058,0.94216,-0.73,1.07,0.09,-0.48293,-0.26484,0.4649,0.69319,-0.76,1.08,0.1,-0.33007,-0.16611,0.42552,0.82607,-0.77,1.1,0.12,-0.30721,-0.18232,0.51259,0.78079,-0.79,1.11,0.14,-0.30721,-0.18232,0.51259,0.78079,-0.72,1.08,0.09,-0.25285,-0.19567,-0.10058,0.94216,-0.74,1.11,0.14,-0.08811,-0.2512,-0.00916,0.96387,-0.76,1.12,0.17,0.31454,-0.23943,0.06847,0.916,-0.77,1.1,0.18,0.50506,-0.19377,0.10913,0.83394,-0.77,1.08,0.19,0.50506,-0.19377,0.10913,0.83394,-0.7,1.08,0.1,-0.25285,-0.19567,-0.10058,0.94216,-0.72,1.11,0.14,-0.18031,-0.17675,-0.10267,0.96214,-0.73,1.13,0.18,0.24468,-0.20664,-0.03078,0.94683,-0.74,1.11,0.2,0.47436,-0.20082,-0.04543,0.85592,-0.75,1.1,0.21,0.47436,-0.20082,-0.04543,0.85592,-0.69,1.08,0.1,-0.25285,-0.19567,-0.10058,0.94216,-0.7,1.1,0.15,-0.23494,-0.13544,-0.16682,0.94796,-0.71,1.12,0.18,0.28416,-0.22492,-0.11049,0.92545,-0.72,1.11,0.2,0.55872,-0.26969,-0.06092,0.78191,-0.73,1.09,0.2,0.55872,-0.26969,-0.06092,0.78191,-0.68,1.07,0.11,-0.17289,-0.11138,-0.32433,0.92332,-0.68,1.09,0.15,-0.31989,-0.06117,-0.24221,0.91393,-0.68,1.11,0.17,0.22751,-0.1926,-0.2487,0.92157,-0.69,1.1,0.19,0.54244,-0.3134,-0.16731,0.76128,-0.71,1.09,0.19,0.54244,-0.3134,-0.16731,0.76128,-0.81,1.08,0.19
-0.79,1.46,-0.17,-0.79,1.46,-0.17,-0.85,1.09,0.11,0.32719,-0.07569,-0.18054,-0.92446,-0.86,1.06,0.06,0.32719,-0.07569,-0.18054,-0.92446,-0.83,1.07,0.09,0.43745,-0.17824,0.50058,-0.72546,-0.8,1.09,0.1,0.18048,-0.01073,0.45456,-0.87217,-0.8,1.1,0.13,0.03722,0.02362,0.52688,-0.84879,-0.8,1.1,0.16,0.03722,0.02362,0.52688,-0.84879,-0.84,1.08,0.09,0.32719,-0.07569,-0.18054,-0.92446,-0.83,1.12,0.13,-0.03485,-0.12161,-0.10183,-0.98673,-0.82,1.12,0.17,-0.40285,-0.15276,-0.07481,-0.89932,-0.82,1.1,0.18,-0.5402,-0.13464,-0.05641,-0.82878,-0.81,1.08,0.19,-0.5402,-0.13464,-0.05641,-0.82878,-0.85,1.07,0.09,0.32719,-0.07569,-0.18054,-0.92446,-0.86,1.11,0.13,0.02037,-0.11697,-0.16459,-0.97919,-0.85,1.12,0.17,-0.37813,-0.17425,-0.11594,-0.90178,-0.84,1.1,0.19,-0.55319,-0.17669,-0.13865,-0.80221,-0.82,1.08,0.2,-0.55319,-0.17669,-0.13865,-0.80221,-0.87,1.07,0.09,0.32719,-0.07569,-0.18054,-0.92446,-0.87,1.1,0.13,0.12066,-0.08809,-0.23115,-0.96138,-0.87,1.11,0.17,-0.3265,-0.19967,-0.20457,-0.90093,-0.85,1.1,0.19,-0.5447,-0.2667,-0.17067,-0.77656,-0.84,1.08,0.2,-0.5447,-0.2667,-0.17067,-0.77656,-0.88,1.06,0.1,0.2588,-0.01457,-0.4107,-0.87415,-0.89,1.08,0.13,0.18185,-0.07809,-0.31143,-0.92943,-0.88,1.1,0.16,-0.25061,-0.19812,-0.31771,-0.89275,-0.87,1.09,0.18,-0.45555,-0.3154,-0.26635,-0.7887,-0.86,1.08,0.19,-0.45555,-0.3154,-0.26635,-0.7887,-0.71,1.09,0.12,-0.22313,-0.19347,-0.09199,0.95096,-0.68,1.07,0.06,-0.22313,-0.19347,-0.09199,0.95096,-0.73,1.07,0.08,-0.44529,-0.27604,0.48777,0.69829,-0.75,1.08,0.1,-0.29183,-0.16852,0.45185,0.826,-0.77,1.09,0.12,-0.27226,-0.19043,0.53583,0.77621,-0.78,1.1,0.14,-0.27226,-0.19043,0.53583,0.77621,-0.72,1.08,0.09,-0.22313,-0.19347,-0.09199,0.95096,-0.74,1.1,0.13,4e-05,-0.29642,0.03807,0.9543,-0.76,1.1,0.16,0.39295,-0.2594,0.12989,0.8726,-0.77,1.09,0.18,0.57403,-0.19922,0.17658,0.77435,-0.77,1.07,0.18,0.57403,-0.19922,0.17658,0.77435,-0.7,1.07,0.09,-0.22313,-0.19347,-0.09199,0.95096,-0.72,1.11,0.14,-0.12516,-0.18431,-0.08617,0.97105,-0.73,1.12,0.18,0.25359,-0.20501,-0.02253,0.94507,-0.74,1.11,0.2,0.46926,-0.19681,-0.0395,0.85994,-0.75,1.09,0.21,0.46926,-0.19681,-0.0395,0.85994,-0.68,1.08,0.1,-0.22313,-0.19347,-0.09199,0.95096,-0.7,1.1,0.14,-0.20542,-0.12719,-0.15706,0.95758,-0.71,1.12,0.18,0.25569,-0.20507,-0.11891,0.93725,-0.72,1.1,0.2,0.51812,-0.25361,-0.07834,0.81308,-0.73,1.09,0.21,0.51812,-0.25361,-0.07834,0.81308,-0.68,1.07,0.1,-0.14562,-0.10171,-0.3137,0.93276,-0.68,1.09,0.14,-0.28092,-0.00742,-0.22952,0.93185,-0.68,1.1,0.17,0.202,-0.1195,-0.27348,0.9328,-0.68,1.1,0.19,0.48986,-0.24745,-0.2249,0.80512,-0.7,1.08,0.2,0.48986,-0.24745,-0.2249,0.80512,-0.81,1.08,0.19
-0.79,1.46,-0.17,-0.79,1.46,-0.17,-0.85,1.09,0.11,0.33026,-0.07432,-0.1772,-0.92412,-0.86,1.06,0.06,0.33026,-0.07432,-0.1772,-0.92412,-0.83,1.07,0.09,0.43825,-0.17575,0.50357,-0.72351,-0.8,1.09,0.1,0.18258,-0.00777,0.45665,-0.87067,-0.8,1.1,0.14,0.04121,0.0258,0.52876,-0.84738,-0.8,1.1,0.16,0.04121,0.0258,0.52876,-0.84738,-0.84,1.08,0.09,0.33026,-0.07432,-0.1772,-0.92412,-0.83,1.12,0.13,-0.0428,-0.12257,-0.09554,-0.98692,-0.82,1.12,0.17,-0.39063,-0.14954,-0.07198,-0.90546,-0.82,1.1,0.18,-0.51917,-0.13032,-0.05623,-0.8428,-0.81,1.08,0.19,-0.51917,-0.13032,-0.05623,-0.8428,-0.85,1.07,0.09,0.33026,-0.07432,-0.1772,-0.92412,-0.86,1.11,0.13,0.0325,-0.1119,-0.16387,-0.97958,-0.85,1.12,0.17,-0.36209,-0.16883,-0.11825,-0.90907,-0.84,1.1,0.19,-0.5353,-0.17252,-0.14264,-0.81446,-0.83,1.08,0.2,-0.5353,-0.17252,-0.14264,-0.81446,-0.87,1.07,0.09,0.33026,-0.07432,-0.1772,-0.92412,-0.87,1.1,0.13,0.13659,-0.08125,-0.23054,-0.96,-0.87,1.11,0.17,-0.30986,-0.1936,-0.20715,-0.90752,-0.86,1.1,0.19,-0.52735,-0.2615,-0.17504,-0.78923,-0.84,1.08,0.2,-0.52735,-0.2615,-0.17504,-0.78923,-0.88,1.06,0.1,0.26253,-0.01388,-0.40786,-0.87438,-0.89,1.09,0.13,0.19571,-0.07283,-0.30896,-0.92787,-0.89,1.1,0.16,-0.22984,-0.19093,-0.31916,-0.89937,-0.88,1.09,0.18,-0.43414,-0.3082,-0.26959,-0.8024,-0.86,1.08,0.19,-0.43414,-0.3082,-0.26959,-0.8024,-0.71,1.1,0.12,-0.24551,-0.163,-0.09311,0.95105,-0.69,1.07,0.06,-0.24551,-0.163,-0.09311,0.95105,-0.73,1.07,0.09,-0.44044,-0.23958,0.50509,0.70249,-0.75,1.09,0.1,-0.30333,-0.13658,0.45803,0.82435,-0.77,1.1,0.13,-0.30039,-0.17051,0.53985,0.76763,-0.78,1.11,0.15,-0.30039,-0.17051,0.53985,0.76763,-0.71,1.08,0.09,-0.24551,-0.163,-0.09311,0.95105,-0.73,1.11,0.14,-0.01523,-0.26807,0.03438,0.96267,-0.75,1.11,0.17,0.37374,-0.23639,0.11281,0.88978,-0.76,1.09,0.18,0.55529,-0.18107,0.15329,0.7971,-0.76,1.07,0.19,0.55529,-0.18107,0.15329,0.7971,-0.7,1.08,0.09,-0.24551,-0.163,-0.09311,0.95105,-0.71,1.11,0.14,-0.0845,-0.16376,-0.07861,0.97973,-0.72,1.12,0.18,0.32133,-0.18319,-0.01817,0.9289,-0.73,1.1,0.2,0.54748,-0.16983,-0.03784,0.81853,-0.74,1.08,0.21,0.54748,-0.16983,-0.03784,0.81853,-0.68,1.08,0.1,-0.24551,-0.163,-0.09311,0.95105,-0.69,1.1,0.14,-0.13925,-0.11209,-0.14942,0.97248,-0.7,1.12,0.18,0.33805,-0.1877,-0.11732,0.91473,-0.71,1.1,0.2,0.60302,-0.23501,-0.08095,0.75801,-0.72,1.08,0.2,0.60302,-0.23501,-0.08095,0.75801,-0.68,1.07,0.1,-0.17343,-0.07686,-0.3185,0.92875,-0.68,1.09,0.14,-0.22237,-0.00441,-0.23645,0.94585,-0.67,1.1,0.17,0.27409,-0.11961,-0.27977,0.9123,-0.68,1.09,0.19,0.55507,-0.25008,-0.23288,0.75837,-0.7,1.08,0.19,0.55507,-0.25008,-0.23288,0.75837,-0.81,1.08,0.19
-0.79,1.46,-0.17,-0.79,1.46,-0.17,-0.85,1.09,0.11,0.33238,-0.07071,-0.16567,-0.92579,-0.86,1.06,0.06,0.33238,-0.07071,-0.16567,-0.92579,-0.83,1.07,0.09,0.4342,-0.17447,0.51381,-0.71905,-0.8,1.09,0.1,0.18165,-0.00359,0.46632,-0.86576,-0.8,1.1,0.14,0.04645,0.02738,0.53806,-0.84118,-0.8,1.1,0.16,0.04645,0.02738,0.53806,-0.84118,-0.84,1.08,0.09,0.33238,-0.07071,-0.16567,-0.92579,-0.83,1.12,0.13,-0.04014,-0.11783,-0.08376,-0.98868,-0.83,1.11,0.17,-0.38028,-0.14044,-0.06398,-0.9119,-0.82,1.1,0.18,-0.50875,-0.12016,-0.05008,-0.85102,-0.81,1.08,0.19,-0.50875,-0.12016,-0.05008,-0.85102,-0.85,1.07,0.09,0.33238,-0.07071,-0.16567,-0.92579,-0.86,1.11,0.13,0.05266,-0.09929,-0.1579,-0.98104,-0.85,1.12,0.17,-0.32454,-0.15265,-0.12103,-0.92559,-0.84,1.11,0.19,-0.48989,-0.15833,-0.15009,-0.84405,-0.83,1.09,0.21,-0.48989,-0.15833,-0.15009,-0.84405,-0.87,1.07,0.09,0.33238,-0.07071,-0.16567,-0.92579,-0.87,1.1,0.13,0.15331,-0.0694,-0.22278,-0.96023,-0.87,1.12,0.17,-0.27401,-0.17574,-0.20888,-0.92217,-0.86,1.1,0.19,-0.48314,-0.24347,-0.18326,-0.82081,-0.84,1.09,0.2,-0.48314,-0.24347,-0.18326,-0.82081,-0.88,1.06,0.1,0.26691,-0.01037,-0.3974,-0.87791,-0.89,1.09,0.13,0.21139,-0.06163,-0.29953,-0.92833,-0.89,1.1,0.16,-0.18918,-0.16931,-0.31949,-0.91295,-0.88,1.09,0.18,-0.37998,-0.28236,-0.2788,-0.83556,-0.86,1.08,0.19,-0.37998,-0.28236,-0.2788,-0.83556,-0.71,1.1,0.12,-0.2569,-0.13298,-0.08935,0.95306,-0.69,1.07,0.07,-0.2569,-0.13298,-0.08935,0.95306,-0.73,1.08,0.09,-0.43589,-0.21571,0.51062,0.70904,-0.75,1.09,0.11,-0.31027,-0.11755,0.45641,0.82559,-0.77,1.1,0.14,-0.31248,-0.15542,0.53838,0.76704,-0.78,1.11,0.15,-0.31248,-0.15542,0.53838,0.76704,-0.72,1.08,0.1,-0.2569,-0.13298,-0.08935,0.95306,-0.73,1.11,0.14,-0.09245,-0.22584,0.00632,0.96975,-0.75,1.12,0.17,0.28376,-0.21223,0.06569,0.93281,-0.76,1.11,0.19,0.47393,-0.1684,0.09872,0.85865,-0.76,1.09,0.2,0.47393,-0.1684,0.09872,0.85865,-0.7,1.08,0.1,-0.2569,-0.13298,-0.08935,0.95306,-0.71,1.11,0.15,-0.10063,-0.13217,-0.0811,0.98277,-0.72,1.12,0.19,0.3464,-0.15675,-0.02681,0.92451,-0.73,1.11,0.2,0.59507,-0.14445,-0.05041,0.78897,-0.74,1.08,0.21,0.59507,-0.14445,-0.05041,0.78897,-0.68,1.08,0.1,-0.2569,-0.13298,-0.08935,0.95306,-0.69,1.11,0.15,-0.13826,-0.0854,-0.14787,0.97556,-0.7,1.12,0.18,0.38038,-0.16874,-0.1221,0.90107,-0.71,1.1,0.2,0.66144,-0.21849,-0.08728,0.71214,-0.72,1.08,0.2,0.66144,-0.21849,-0.08728,0.71214,-0.68,1.08,0.11,-0.19117,-0.0498,-0.31744,0.92747,-0.67,1.09,0.15,-0.20059,-0.00315,-0.23462,0.95116,-0.67,1.1,0.17,0.33706,-0.12793,-0.27507,0.89127,-0.68,1.09,0.19,0.63185,-0.26217,-0.22081,0.69518,-0.69,1.08,0.19,0.63185,-0.26217,-0.22081,0.69518,-0.81,1.08,0.19
-0.79,1.46,-0.17,-0.79,1.46,-0.17,-0.85,1.09,0.11,0.30888,-0.0702,-0.14353,-0.93759,-0.86,1.06,0.06,0.30888,-0.0702,-0.14353,-0.93759,-0.83,1.07,0.09,0.42681,-0.20153,0.5124,-0.7174,-0.8,1.08,0.1,0.17525,-0.03027,0.47398,-0.86239,-0.79,1.09,0.14,0.05954,-0.00959,0.5498,-0.83312,-0.79,1.1,0.16,0.05954,-0.00959,0.5498,-0.83312,-0.84,1.07,0.09,0.30888,-0.0702,-0.14353,-0.93759,-0.83,1.11,0.13,0.01436,-0.10952,-0.07098,-0.99134,-0.82,1.11,0.17,-0.30614,-0.12823,-0.0581,-0.94152,-0.82,1.1,0.19,-0.44225,-0.108,-0.04779,-0.88908,-0.81,1.08,0.2,-0.44225,-0.108,-0.04779,-0.88908,-0.85,1.07,0.09,0.30888,-0.0702,-0.14353,-0.93759,-0.85,1.11,0.13,0.09068,-0.07707,-0.14564,-0.98215,-0.85,1.12,0.18,-0.24671,-0.1225,-0.12368,-0.95333,-0.84,1.11,0.2,-0.38495,-0.12985,-0.16067,-0.89952,-0.83,1.09,0.22,-0.38495,-0.12985,-0.16067,-0.89952,-0.87,1.07,0.09,0.30888,-0.0702,-0.14353,-0.93759,-0.87,1.1,0.14,0.16305,-0.04973,-0.20559,-0.96368,-0.87,1.11,0.17,-0.21054,-0.13924,-0.20917,-0.94474,-0.86,1.1,0.19,-0.38925,-0.20295,-0.19664,-0.87672,-0.85,1.09,0.21,-0.38925,-0.20295,-0.19664,-0.87672,-0.88,1.06,0.1,0.24716,-0.00295,-0.37512,-0.89342,-0.89,1.08,0.13,0.2094,-0.04315,-0.2794,-0.93607,-0.89,1.1,0.16,-0.13261,-0.12453,-0.31492,-0.93152,-0.88,1.09,0.18,-0.27263,-0.22103,-0.29416,-0.88898,-0.87,1.09,0.2,-0.27263,-0.22103,-0.29416,-0.88898,-0.71,1.09,0.13,-0.24315,-0.13786,-0.06208,0.95813,-0.69,1.06,0.07,-0.24315,-0.13786,-0.06208,0.95813,-0.73,1.07,0.1,-0.43629,-0.24167,0.50884,0.70166,-0.76,1.08,0.11,-0.31188,-0.14499,0.45936,0.81896,-0.77,1.09,0.14,-0.30263,-0.17336,0.54207,0.76454,-0.79,1.1,0.15,-0.30263,-0.17336,0.54207,0.76454,-0.72,1.08,0.1,-0.24315,-0.13786,-0.06208,0.95813,-0.74,1.11,0.15,-0.0929,-0.18557,0.01179,0.97816,-0.75,1.11,0.18,0.27192,-0.17367,0.05293,0.94504,-0.76,1.1,0.2,0.4567,-0.13389,0.07638,0.87616,-0.76,1.08,0.21,0.4567,-0.13389,0.07638,0.87616,-0.7,1.07,0.1,-0.24315,-0.13786,-0.06208,0.95813,-0.71,1.11,0.15,-0.16455,-0.11653,-0.06736,0.97714,-0.72,1.12,0.19,0.28604,-0.13746,-0.02132,0.94807,-0.73,1.11,0.21,0.53833,-0.12887,-0.05156,0.83123,-0.74,1.09,0.22,0.53833,-0.12887,-0.05156,0.83123,-0.69,1.08,0.11,-0.24315,-0.13786,-0.06208,0.95813,-0.7,1.1,0.15,-0.19475,-0.07647,-0.12627,0.96968,-0.7,1.12,0.19,0.34261,-0.15378,-0.10506,0.92083,-0.71,1.1,0.2,0.63153,-0.19997,-0.07582,0.74527,-0.72,1.08,0.21,0.63153,-0.19997,-0.07582,0.74527,-0.68,1.07,0.11,-0.18058,-0.05046,-0.29007,0.93846,-0.68,1.09,0.15,-0.22707,-0.0271,-0.20101,0.95252,-0.68,1.1,0.18,0.33608,-0.13712,-0.23254,0.90232,-0.69,1.09,0.19,0.6449,-0.25697,-0.17541,0.69807,-0.7,1.07,0.19,0.6449,-0.25697,-0.17541,0.69807,-0.81,1.08,0.19
-0.79,1.46,-0.17,-0.79,1.46,-0.17,-0.85,1.09,0.11,0.26667,-0.06259,-0.12656,-0.95339,-0.86,1.06,0.06,0.26667,-0.06259,-0.12656,-0.95339,-0.82,1.07,0.09,0.41136,-0.2311,0.49483,-0.72974,-0.8,1.08,0.11,0.15575,-0.06323,0.46628,-0.86852,-0.79,1.09,0.14,0.04801,-0.04839,0.54534,-0.83544,-0.79,1.09,0.16,0.04801,-0.04839,0.54534,-0.83544,-0.84,1.07,0.09,0.26667,-0.06259,-0.12656,-0.95339,-0.83,1.1,0.14,0.14502,-0.08265,-0.08095,-0.98264,-0.83,1.12,0.17,-0.12258,-0.10481,-0.08199,-0.9835,-0.82,1.11,0.2,-0.26247,-0.09003,-0.08032,-0.95737,-0.82,1.1,0.21,-0.26247,-0.09003,-0.08032,-0.95737,-0.85,1.07,0.09,0.26667,-0.06259,-0.12656,-0.95339,-0.85,1.1,0.14,0.08328,-0.05248,-0.13556,-0.98587,-0.85,1.11,0.18,-0.22207,-0.09166,-0.12564,-0.96255,-0.84,1.1,0.2,-0.34044,-0.09827,-0.16758,-0.91998,-0.84,1.09,0.22,-0.34044,-0.09827,-0.16758,-0.91998,-0.87,1.07,0.09,0.26667,-0.06259,-0.12656,-0.95339,-0.87,1.09,0.14,0.12351,-0.03178,-0.18984,-0.9735,-0.87,1.1,0.18,-0.21921,-0.10869,-0.20509,-0.94767,-0.86,1.09,0.2,-0.38158,-0.16906,-0.20089,-0.88626,-0.85,1.08,0.22,-0.38158,-0.16906,-0.20089,-0.88626,-0.88,1.06,0.1,0.20997,0.01569,-0.35618,-0.91039,-0.89,1.08,0.14,0.18814,-0.02004,-0.26192,-0.94636,-0.89,1.09,0.16,-0.1364,-0.08959,-0.30746,-0.93746,-0.88,1.09,0.18,-0.25738,-0.17932,-0.29607,-0.90219,-0.87,1.08,0.2,-0.25738,-0.17932,-0.29607,-0.90219,-0.71,1.09,0.12,-0.25169,-0.14357,-0.06557,0.95485,-0.69,1.06,0.07,-0.25169,-0.14357,-0.06557,0.95485,-0.73,1.07,0.1,-0.44914,-0.2416,0.5021,0.69843,-0.75,1.08,0.11,-0.32289,-0.14628,0.45276,0.81814,-0.77,1.09,0.14,-0.30048,-0.16473,0.53792,0.77021,-0.79,1.1,0.15,-0.30048,-0.16473,0.53792,0.77021,-0.72,1.07,0.1,-0.25169,-0.14357,-0.06557,0.95485,-0.74,1.1,0.14,-0.08712,-0.18071,0.00873,0.97963,-0.75,1.11,0.18,0.27788,-0.1701,0.0483,0.9442,-0.76,1.1,0.2,0.4588,-0.13149,0.07066,0.87591,-0.76,1.08,0.21,0.4588,-0.13149,0.07066,0.87591,-0.7,1.07,0.1,-0.25169,-0.14357,-0.06557,0.95485,-0.71,1.11,0.15,-0.19269,-0.11645,-0.07452,0.97147,-0.72,1.12,0.19,0.22567,-0.13991,-0.03238,0.96356,-0.73,1.11,0.21,0.44254,-0.13763,-0.06443,0.88378,-0.74,1.09,0.22,0.44254,-0.13763,-0.06443,0.88378,-0.69,1.07,0.11,-0.25169,-0.14357,-0.06557,0.95485,-0.7,1.1,0.15,-0.23466,-0.07962,-0.13279,0.95967,-0.7,1.12,0.18,0.2882,-0.15973,-0.11021,0.9377,-0.71,1.1,0.2,0.558,-0.20763,-0.08256,0.79919,-0.72,1.08,0.21,0.558,-0.20763,-0.08256,0.79919,-0.68,1.07,0.11,-0.18724,-0.05829,-0.29385,0.93552,-0.68,1.09,0.15,-0.28857,-0.02928,-0.20378,0.93506,-0.68,1.1,0.18,0.2735,-0.14517,-0.23334,0.92178,-0.68,1.1,0.19,0.58387,-0.26341,-0.17346,0.74808,-0.7,1.08,0.2,0.58387,-0.26341,-0.17346,0.74808,-0.81,1.08,0.19
-0.79,1.46,-0.17,-0.79,1.46,-0.17,-0.85,1.09,0.11,0.25737,-0.06212,-0.13089,-0.95539,-0.86,1.06,0.06,0.25737,-0.06212,-0.13089,-0.95539,-0.82,1.07,0.09,0.41946,-0.23664,0.47487,-0.73658,-0.8,1.08,0.1,0.16387,-0.07727,0.44777,-0.8756,-0.79,1.09,0.13,0.0553,-0.06258,0.52937,-0.84427,-0.79,1.09,0.16,0.0553,-0.06258,0.52937,-0.84427,-0.84,1.08,0.09,0.25737,-0.06212,-0.13089,-0.95539,-0.83,1.11,0.14,0.19672,-0.06154,-0.09705,-0.9737,-0.83,1.12,0.17,-0.02872,-0.08574,-0.1066,-0.99018,-0.82,1.12,0.2,-0.15011,-0.07361,-0.11169,-0.97958,-0.82,1.12,0.22,-0.15011,-0.07361,-0.11169,-0.97958,-0.85,1.07,0.09,0.25737,-0.06212,-0.13089,-0.95539,-0.85,1.11,0.14,0.07725,-0.04332,-0.1434,-0.98569,-0.85,1.11,0.18,-0.19803,-0.08105,-0.13839,-0.96699,-0.84,1.1,0.21,-0.30169,-0.08824,-0.18161,-0.93178,-0.84,1.09,0.23,-0.30169,-0.08824,-0.18161,-0.93178,-0.87,1.07,0.09,0.25737,-0.06212,-0.13089,-0.95539,-0.87,1.09,0.14,0.07829,-0.03481,-0.19342,-0.97737,-0.87,1.1,0.18,-0.24351,-0.10676,-0.20978,-0.9409,-0.86,1.09,0.2,-0.39923,-0.16653,-0.20703,-0.87751,-0.85,1.08,0.22,-0.39923,-0.16653,-0.20703,-0.87751,-0.88,1.06,0.1,0.20042,0.01826,-0.35949,-0.91119,-0.89,1.08,0.14,0.18121,-0.0153,-0.26611,-0.94663,-0.89,1.09,0.16,-0.14472,-0.08663,-0.31268,-0.93476,-0.88,1.09,0.18,-0.26495,-0.17704,-0.30207,-0.89845,-0.87,1.08,0.2,-0.26495,-0.17704,-0.30207,-0.89845,-0.71,1.1,0.12,-0.29022,-0.15017,-0.08274,0.94147,-0.69,1.06,0.07,-0.29022,-0.15017,-0.08274,0.94147,-0.73,1.07,0.09,-0.48239,-0.21857,0.49574,0.68831,-0.75,1.09,0.11,-0.35334,-0.12499,0.44269,0.81459,-0.77,1.1,0.13,-0.32289,-0.13656,0.52993,0.77218,-0.78,1.11,0.15,-0.32289,-0.13656,0.52993,0.77218,-0.72,1.08,0.09,-0.29022,-0.15017,-0.08274,0.94147,-0.73,1.11,0.14,-0.11146,-0.18363,-0.00442,0.97665,-0.75,1.12,0.17,0.27155,-0.17749,0.04054,0.94505,-0.75,1.11,0.19,0.45543,-0.14019,0.06477,0.87677,-0.76,1.09,0.2,0.45543,-0.14019,0.06477,0.87677,-0.7,1.08,0.1,-0.29022,-0.15017,-0.08274,0.94147,-0.71,1.11,0.14,-0.22154,-0.12777,-0.09047,0.9625,-0.72,1.13,0.18,0.16537,-0.15577,-0.04697,0.97272,-0.73,1.12,0.2,0.35278,-0.15878,-0.07772,0.91886,-0.74,1.11,0.22,0.35278,-0.15878,-0.07772,0.91886,-0.68,1.08,0.1,-0.29022,-0.15017,-0.08274,0.94147,-0.69,1.11,0.15,-0.26036,-0.09613,-0.14976,0.94897,-0.7,1.13,0.18,0.2343,-0.1803,-0.12013,0.94772,-0.71,1.12,0.2,0.48292,-0.22996,-0.08967,0.84016,-0.72,1.1,0.21,0.48292,-0.22996,-0.08967,0.84016,-0.68,1.07,0.11,-0.221,-0.07485,-0.31299,0.92065,-0.68,1.09,0.15,-0.3319,-0.03974,-0.22487,0.91526,-0.68,1.11,0.17,0.22708,-0.16899,-0.24437,0.92745,-0.68,1.1,0.19,0.52369,-0.28619,-0.17873,0.78224,-0.7,1.09,0.19,0.52369,-0.28619,-0.17873,0.78224,-0.81,1.08,0.19
-0.79,1.46,-0.17,-0.79,1.46,-0.17,-0.85,1.1,0.11,0.28954,-0.06585,-0.14999,-0.94304,-0.86,1.06,0.06,0.28954,-0.06585,-0.14999,-0.94304,-0.82,1.08,0.08,0.44683,-0.21618,0.46935,-0.73029,-0.8,1.09,0.1,0.19323,-0.06219,0.43546,-0.87702,-0.79,1.1,0.13,0.07202,-0.03969,0.51688,-0.8521,-0.79,1.11,0.15,0.07202,-0.03969,0.51688,-0.8521,-0.84,1.08,0.09,0.28954,-0.06585,-0.14999,-0.94304,-0.83,1.12,0.13,0.15071,-0.06455,-0.11211,-0.98008,-0.83,1.13,0.17,-0.09403,-0.09314,-0.11891,-0.98404,-0.82,1.12,0.19,-0.21237,-0.08117,-0.12159,-0.96619,-0.82,1.12,0.21,-0.21237,-0.08117,-0.12159,-0.96619,-0.85,1.08,0.09,0.28954,-0.06585,-0.14999,-0.94304,-0.85,1.12,0.13,0.05917,-0.0567,-0.16123,-0.98351,-0.85,1.12,0.18,-0.20213,-0.09657,-0.15307,-0.96249,-0.84,1.11,0.2,-0.29349,-0.10274,-0.19452,-0.93031,-0.84,1.1,0.22,-0.29349,-0.10274,-0.19452,-0.93031,-0.87,1.08,0.09,0.28954,-0.06585,-0.14999,-0.94304,-0.87,1.1,0.14,0.04592,-0.05452,-0.21092,-0.9749,-0.87,1.11,0.17,-0.27284,-0.12951,-0.22021,-0.92752,-0.86,1.1,0.19,-0.42865,-0.19057,-0.2136,-0.85692,-0.85,1.08,0.21,-0.42865,-0.19057,-0.2136,-0.85692,-0.88,1.07,0.09,0.22834,0.00591,-0.37987,-0.8964,-0.88,1.09,0.13,0.1734,-0.03207,-0.28809,-0.94123,-0.89,1.1,0.16,-0.19322,-0.12335,-0.32408,-0.91784,-0.88,1.09,0.18,-0.3311,-0.22134,-0.30601,-0.86472,-0.87,1.08,0.2,-0.3311,-0.22134,-0.30601,-0.86472,-0.71,1.1,0.11,-0.34226,-0.16737,-0.10324,0.9188,-0.69,1.06,0.07,-0.34226,-0.16737,-0.10324,0.9188,-0.73,1.07,0.09,-0.51019,-0.19614,0.51092,0.66347,-0.75,1.09,0.1,-0.36971,-0.0929,0.45744,0.80339,-0.77,1.11,0.12,-0.3241,-0.09455,0.54467,0.7677,-0.78,1.12,0.14,-0.3241,-0.09455,0.54467,0.7677,-0.72,1.08,0.09,-0.34226,-0.16737,-0.10324,0.9188,-0.73,1.12,0.13,-0.17416,-0.19302,-0.02653,0.96525,-0.75,1.13,0.16,0.25991,-0.19461,0.03462,0.94519,-0.75,1.12,0.18,0.45481,-0.1577,0.06419,0.87416,-0.76,1.1,0.19,0.45481,-0.1577,0.06419,0.87416,-0.7,1.08,0.09,-0.34226,-0.16737,-0.10324,0.9188,-0.71,1.12,0.13,-0.21053,-0.15646,-0.09981,0.95981,-0.72,1.14,0.17,0.18429,-0.18613,-0.0428,0.96414,-0.73,1.13,0.19,0.36616,-0.18636,-0.06816,0.90915,-0.74,1.12,0.21,0.36616,-0.18636,-0.06816,0.90915,-0.68,1.08,0.1,-0.34226,-0.16737,-0.10324,0.9188,-0.69,1.11,0.14,-0.19951,-0.13836,-0.15602,0.95745,-0.7,1.13,0.17,0.29386,-0.21788,-0.10618,0.92461,-0.71,1.12,0.19,0.53163,-0.26049,-0.0682,0.80303,-0.73,1.1,0.2,0.53163,-0.26049,-0.0682,0.80303,-0.68,1.08,0.1,-0.26536,-0.10583,-0.33513,0.89782,-0.68,1.1,0.14,-0.32093,-0.07816,-0.24991,0.91019,-0.68,1.12,0.16,0.25319,-0.21796,-0.24074,0.91128,-0.69,1.11,0.18,0.53064,-0.32797,-0.16406,0.76416,-0.7,1.1,0.19,0.53064,-0.32797,-0.16406,0.76416,-0.81,1.08,0.19
-0.79,1.46,-0.17,-0.79,1.46,-0.17,-0.85,1.1,0.11,0.33398,-0.06746,-0.16398,-0.92575,-0.86,1.06,0.06,0.33398,-0.06746,-0.16398,-0.92575,-0.83,1.08,0.08,0.46408,-0.18686,0.48636,-0.71636,-0.8,1.1,0.1,0.20845,-0.02657,0.44355,-0.87127,-0.8,1.11,0.13,0.06948,0.00705,0.51974,-0.85147,-0.79,1.11,0.15,0.06948,0.00705,0.51974,-0.85147,-0.84,1.08,0.08,0.33398,-0.06746,-0.16398,-0.92575,-0.83,1.12,0.13,0.05823,-0.08429,-0.11123,-0.9885,-0.83,1.13,0.16,-0.27143,-0.11928,-0.10307,-0.94946,-0.82,1.12,0.18,-0.41421,-0.10653,-0.09392,-0.89904,-0.82,1.1,0.2,-0.41421,-0.10653,-0.09392,-0.89904,-0.85,1.08,0.09,0.33398,-0.06746,-0.16398,-0.92575,-0.86,1.12,0.13,0.08678,-0.06991,-0.17293,-0.97861,-0.85,1.13,0.17,-0.20113,-0.11715,-0.15773,-0.95966,-0.84,1.12,0.19,-0.29642,-0.12424,-0.197,-0.92622,-0.84,1.11,0.21,-0.29642,-0.12424,-0.197,-0.92622,-0.87,1.08,0.09,0.33398,-0.06746,-0.16398,-0.92575,-0.87,1.11,0.13,0.10198,-0.06289,-0.22567,-0.96681,-0.87,1.12,0.17,-0.22504,-0.14619,-0.22966,-0.93554,-0.86,1.11,0.19,-0.3824,-0.20939,-0.2187,-0.87298,-0.85,1.1,0.21,-0.3824,-0.20939,-0.2187,-0.87298,-0.88,1.07,0.09,0.26937,-0.00752,-0.39604,-0.8778,-0.89,1.09,0.13,0.20931,-0.0453,-0.3033,-0.92852,-0.89,1.11,0.16,-0.15738,-0.14426,-0.3333,-0.91833,-0.88,1.1,0.18,-0.29261,-0.24253,-0.31042,-0.87132,-0.87,1.09,0.19,-0.29261,-0.24253,-0.31042,-0.87132,-0.71,1.1,0.11,-0.33624,-0.17963,-0.1065,0.91833,-0.69,1.06,0.07,-0.33624,-0.17963,-0.1065,0.91833,-0.73,1.07,0.09,-0.48432,-0.21749,0.53879,0.65409,-0.75,1.09,0.1,-0.33581,-0.09951,0.49315,0.79632,-0.77,1.1,0.13,-0.28217,-0.0974,0.57818,0.75934,-0.78,1.11,0.15,-0.28217,-0.0974,0.57818,0.75934,-0.72,1.08,0.09,-0.33624,-0.17963,-0.1065,0.91833,-0.74,1.12,0.13,-0.16019,-0.19423,-0.03221,0.96725,-0.75,1.13,0.16,0.29422,-0.19707,0.03431,0.93457,-0.76,1.12,0.18,0.48916,-0.15963,0.06597,0.85492,-0.76,1.1,0.19,0.48916,-0.15963,0.06597,0.85492,-0.7,1.08,0.09,-0.33624,-0.17963,-0.1065,0.91833,-0.71,1.12,0.13,-0.11393,-0.17692,-0.08489,0.97392,-0.73,1.13,0.17,0.32441,-0.19865,-0.01171,0.92475,-0.74,1.12,0.19,0.50623,-0.18409,-0.03299,0.84188,-0.75,1.1,0.2,0.50623,-0.18409,-0.03299,0.84188,-0.69,1.08,0.1,-0.33624,-0.17963,-0.1065,0.91833,-0.7,1.11,0.14,-0.10628,-0.16046,-0.1443,0.97064,-0.71,1.12,0.17,0.39805,-0.22912,-0.08347,0.88436,-0.72,1.1,0.19,0.62693,-0.26223,-0.04435,0.73228,-0.73,1.08,0.19,0.62693,-0.26223,-0.04435,0.73228,-0.68,1.07,0.11,-0.25655,-0.11657,-0.33712,0.8983,-0.68,1.1,0.14,-0.25652,-0.10102,-0.25054,0.92802,-0.68,1.11,0.17,0.33947,-0.23675,-0.22447,0.88223,-0.69,1.1,0.18,0.59778,-0.33821,-0.14868,0.71145,-0.71,1.09,0.18,0.59778,-0.33821,-0.14868,0.71145,-0.81,1.08,0.19
-0.79,1.46,-0.17,-0.79,1.46,-0.17,-0.85,1.1,0.11,0.35508,-0.0727,-0.14333,-0.92092,-0.86,1.06,0.06,0.35508,-0.0727,-0.14333,-0.92092,-0.83,1.08,0.08,0.46761,-0.18139,0.51331,-0.69638,-0.8,1.09,0.1,0.21475,-0.0109,0.46902,-0.85661,-0.8,1.11,0.13,0.0738,0.02803,0.54177,-0.83681,-0.79,1.11,0.15,0.0738,0.02803,0.54177,-0.83681,-0.84,1.08,0.08,0.35508,-0.0727,-0.14333,-0.92092,-0.83,1.12,0.13,0.07886,-0.08528,-0.08869,-0.98926,-0.83,1.13,0.16,-0.26906,-0.11478,-0.07941,-0.95296,-0.82,1.12,0.18,-0.41808,-0.09908,-0.07049,-0.90024,-0.82,1.1,0.2,-0.41808,-0.09908,-0.07049,-0.90024,-0.85,1.08,0.08,0.35508,-0.0727,-0.14333,-0.92092,-0.86,1.12,0.13,0.12572,-0.07633,-0.14864,-0.97789,-0.85,1.13,0.17,-0.20218,-0.12192,-0.12798,-0.96326,-0.84,1.12,0.19,-0.31264,-0.12823,-0.16661,-0.92631,-0.83,1.11,0.21,-0.31264,-0.12823,-0.16661,-0.92631,-0.87,1.08,0.09,0.35508,-0.0727,-0.14333,-0.92092,-0.87,1.11,0.13,0.18183,-0.06264,-0.20458,-0.95977,-0.87,1.13,0.16,-0.18368,-0.14976,-0.20421,-0.94981,-0.86,1.12,0.19,-0.35023,-0.21027,-0.19119,-0.89251,-0.85,1.11,0.2,-0.35023,-0.21027,-0.19119,-0.89251,-0.88,1.07,0.09,0.2917,-0.01727,-0.37792,-0.87852,-0.89,1.1,0.13,0.24815,-0.05998,-0.27888,-0.92577,-0.89,1.11,0.16,-0.11982,-0.15133,-0.30616,-0.93221,-0.88,1.11,0.17,-0.26285,-0.24663,-0.27986,-0.88981,-0.87,1.1,0.19,-0.26285,-0.24663,-0.27986,-0.88981,-0.7,1.1,0.11,-0.33874,-0.171,-0.114,0.91816,-0.69,1.06,0.07,-0.33874,-0.171,-0.114,0.91816,-0.73,1.07,0.09,-0.46605,-0.20625,0.5541,0.65821,-0.75,1.09,0.11,-0.31214,-0.07907,0.50727,0.79937,-0.76,1.1,0.13,-0.25447,-0.07743,0.59034,0.76207,-0.78,1.11,0.15,-0.25447,-0.07743,0.59034,0.76207,-0.71,1.08,0.09,-0.33874,-0.171,-0.114,0.91816,-0.73,1.12,0.13,-0.12832,-0.19063,-0.03205,0.97271,-0.74,1.13,0.16,0.31933,-0.1932,0.03134,0.92721,-0.75,1.12,0.18,0.50814,-0.15645,0.06209,0.84467,-0.76,1.1,0.19,0.50814,-0.15645,0.06209,0.84467,-0.7,1.08,0.09,-0.33874,-0.171,-0.114,0.91816,-0.71,1.12,0.13,-0.07454,-0.17653,-0.08499,0.97778,-0.72,1.13,0.17,0.35428,-0.19774,-0.0136,0.91389,-0.73,1.11,0.19,0.53678,-0.18157,-0.03418,0.82324,-0.74,1.09,0.2,0.53678,-0.18157,-0.03418,0.82324,-0.68,1.08,0.1,-0.33874,-0.171,-0.114,0.91816,-0.69,1.11,0.14,-0.12148,-0.14975,-0.15693,0.9686,-0.7,1.12,0.17,0.36675,-0.22506,-0.10324,0.89676,-0.71,1.11,0.19,0.59866,-0.26465,-0.06401,0.75331,-0.73,1.09,0.2,0.59866,-0.26465,-0.06401,0.75331,-0.68,1.07,0.11,-0.2597,-0.1089,-0.34486,0.89541,-0.68,1.1,0.14,-0.31122,-0.05945,-0.2648,0.91076,-0.67,1.12,0.17,0.26713,-0.21195,-0.26211,0.90278,-0.69,1.11,0.18,0.53078,-0.32711,-0.19035,0.75831,-0.7,1.1,0.19,0.53078,-0.32711,-0.19035,0.75831,-0.81,1.08,0.19
-0.79,1.46,-0.17,-0.79,1.46,-0.17,-0.85,1.1,0.11,0.36693,-0.07097,-0.12735,-0.91875,-0.86,1.06,0.06,0.36693,-0.07097,-0.12735,-0.91875,-0.83,1.08,0.08,0.46203,-0.17329,0.53562,-0.68528,-0.8,1.09,0.1,0.21105,0.00626,0.48862,-0.84656,-0.8,1.1,0.13,0.07166,0.04617,0.55816,-0.82535,-0.8,1.11,0.15,0.07166,0.04617,0.55816,-0.82535,-0.84,1.08,0.08,0.36693,-0.07097,-0.12735,-0.91875,-0.83,1.12,0.12,0.10053,-0.0817,-0.07257,-0.98892,-0.83,1.13,0.16,-0.26049,-0.10723,-0.06411,-0.95736,-0.82,1.12,0.18,-0.4157,-0.08971,-0.05613,-0.90333,-0.82,1.11,0.19,-0.4157,-0.08971,-0.05613,-0.90333,-0.85,1.08,0.08,0.36693,-0.07097,-0.12735,-0.91875,-0.85,1.12,0.13,0.1564,-0.07628,-0.13069,-0.97603,-0.85,1.14,0.16,-0.1979,-0.11924,-0.108,-0.96693,-0.84,1.13,0.19,-0.32768,-0.12595,-0.14656,-0.92481,-0.83,1.11,0.21,-0.32768,-0.12595,-0.14656,-0.92481,-0.87,1.08,0.09,0.36693,-0.07097,-0.12735,-0.91875,-0.87,1.11,0.13,0.22773,-0.0613,-0.18771,-0.95349,-0.87,1.13,0.16,-0.16307,-0.14873,-0.18519,-0.9576,-0.86,1.12,0.18,-0.34128,-0.20777,-0.17078,-0.90066,-0.85,1.11,0.2,-0.34128,-0.20777,-0.17078,-0.90066,-0.88,1.07,0.09,0.30582,-0.01806,-0.36369,-0.87971,-0.89,1.1,0.13,0.28496,-0.06425,-0.25962,-0.92047,-0.89,1.11,0.15,-0.08276,-0.15065,-0.28738,-0.94227,-0.88,1.11,0.17,-0.23589,-0.24504,-0.25817,-0.90424,-0.87,1.11,0.19,-0.23589,-0.24504,-0.25817,-0.90424,-0.7,1.1,0.11,-0.34612,-0.16822,-0.115,0.91579,-0.68,1.06,0.07,-0.34612,-0.16822,-0.115,0.91579,-0.72,1.07,0.09,-0.45851,-0.19665,0.56652,0.65586,-0.75,1.08,0.11,-0.3028,-0.06374,0.51829,0.79726,-0.76,1.1,0.13,-0.23926,-0.05923,0.59993,0.76114,-0.77,1.11,0.15,-0.23926,-0.05923,0.59993,0.76114,-0.71,1.08,0.09,-0.34612,-0.16822,-0.115,0.91579,-0.73,1.12,0.13,-0.10623,-0.19341,-0.02373,0.97506,-0.74,1.13,0.16,0.34212,-0.19138,0.04024,0.91908,-0.75,1.11,0.18,0.52391,-0.15294,0.07012,0.83499,-0.75,1.09,0.19,0.52391,-0.15294,0.07012,0.83499,-0.7,1.08,0.09,-0.34612,-0.16822,-0.115,0.91579,-0.71,1.12,0.13,-0.04971,-0.1831,-0.07637,0.97886,-0.72,1.13,0.17,0.36004,-0.19957,-0.00679,0.91132,-0.73,1.11,0.19,0.54291,-0.18163,-0.02694,0.81947,-0.74,1.09,0.2,0.54291,-0.18163,-0.02694,0.81947,-0.68,1.08,0.1,-0.34612,-0.16822,-0.115,0.91579,-0.69,1.11,0.14,-0.14098,-0.14609,-0.16063,0.96591,-0.7,1.12,0.17,0.3416,-0.2237,-0.10935,0.90626,-0.71,1.11,0.19,0.57821,-0.26577,-0.06933,0.76827,-0.72,1.09,0.2,0.57821,-0.26577,-0.06933,0.76827,-0.67,1.07,0.1,-0.26733,-0.10809,-0.34642,0.89266,-0.67,1.1,0.14,-0.3535,-0.03119,-0.26958,0.8952,-0.67,1.12,0.16,0.21599,-0.1935,-0.28217,0.91449,-0.68,1.11,0.18,0.48986,-0.31766,-0.21126,0.78389,-0.69,1.1,0.19,0.48986,-0.31766,-0.21126,0.78389,-0.81,1.08,0.19
-0.79,1.46,-0.17,-0.79,1.46,-0.17,-0.85,1.1,0.11,0.3403,-0.08809,-0.14308,-0.92518,-0.86,1.06,0.06,0.3403,-0.08809,-0.14308,-0.92518,-0.82,1.08,0.08,0.45305,-0.20034,0.52074,-0.6953,-0.8,1.09,0.1,0.19517,-0.0222,0.48339,-0.85308,-0.79,1.1,0.13,0.06232,0.01268,0.55698,-0.82809,-0.79,1.1,0.15,0.06232,0.01268,0.55698,-0.82809,-0.84,1.08,0.08,0.3403,-0.08809,-0.14308,-0.92518,-0.83,1.12,0.13,0.08903,-0.10521,-0.08259,-0.98701,-0.82,1.13,0.16,-0.27714,-0.13287,-0.06422,-0.94943,-0.82,1.12,0.18,-0.43641,-0.11526,-0.05078,-0.89089,-0.81,1.1,0.2,-0.43641,-0.11526,-0.05078,-0.89089,-0.85,1.08,0.09,0.3403,-0.08809,-0.14308,-0.92518,-0.85,1.12,0.13,0.12567,-0.099,-0.13984,-0.97716,-0.84,1.13,0.17,-0.2334,-0.14402,-0.10768,-0.95561,-0.84,1.12,0.19,-0.37399,-0.14969,-0.14184,-0.90421,-0.83,1.1,0.21,-0.37399,-0.14969,-0.14184,-0.90421,-0.87,1.07,0.09,0.3403,-0.08809,-0.14308,-0.92518,-0.87,1.11,0.13,0.19758,-0.08007,-0.19922,-0.95648,-0.86,1.12,0.17,-0.19696,-0.17013,-0.18821,-0.94702,-0.85,1.12,0.19,-0.38089,-0.22985,-0.16899,-0.87951,-0.84,1.1,0.2,-0.38089,-0.22985,-0.16899,-0.87951,-0.88,1.07,0.09,0.27416,-0.0285,-0.3762,-0.88459,-0.88,1.09,0.13,0.25859,-0.07775,-0.2731,-0.92331,-0.88,1.11,0.16,-0.11071,-0.1666,-0.29433,-0.93454,-0.87,1.11,0.18,-0.2666,-0.26301,-0.26228,-0.88936,-0.86,1.1,0.19,-0.2666,-0.26301,-0.26228,-0.88936,-0.7,1.1,0.11,-0.35054,-0.16647,-0.11362,0.9146,-0.68,1.06,0.07,-0.35054,-0.16647,-0.11362,0.9146,-0.72,1.07,0.09,-0.44725,-0.18849,0.58136,0.65304,-0.75,1.08,0.11,-0.29297,-0.05092,0.53166,0.79304,-0.76,1.1,0.13,-0.22126,-0.04125,0.61155,0.75852,-0.77,1.1,0.16,-0.22126,-0.04125,0.61155,0.75852,-0.71,1.08,0.09,-0.35054,-0.16647,-0.11362,0.9146,-0.73,1.12,0.13,-0.10638,-0.1967,-0.01806,0.97451,-0.74,1.13,0.16,0.34552,-0.19163,0.04757,0.9174,-0.75,1.11,0.18,0.52766,-0.1516,0.07763,0.8322,-0.75,1.09,0.19,0.52766,-0.1516,0.07763,0.8322,-0.7,1.08,0.09,-0.35054,-0.16647,-0.11362,0.9146,-0.71,1.12,0.13,-0.03253,-0.18811,-0.06724,0.9793,-0.72,1.12,0.17,0.37128,-0.20018,0.00256,0.90668,-0.73,1.11,0.19,0.56166,-0.17928,-0.01644,0.80754,-0.74,1.08,0.2,0.56166,-0.17928,-0.01644,0.80754,-0.68,1.08,0.1,-0.35054,-0.16647,-0.11362,0.9146,-0.69,1.11,0.14,-0.14066,-0.14569,-0.15883,0.96631,-0.7,1.12,0.17,0.34967,-0.22331,-0.10629,0.90364,-0.71,1.11,0.19,0.6006,-0.26471,-0.06263,0.75185,-0.72,1.09,0.19,0.6006,-0.26471,-0.06263,0.75185,-0.67,1.07,0.1,-0.27218,-0.10745,-0.34549,0.89163,-0.67,1.1,0.14,-0.35706,-0.02749,-0.26931,0.89399,-0.67,1.12,0.16,0.23178,-0.19643,-0.28071,0.91044,-0.68,1.11,0.18,0.53169,-0.32632,-0.19925,0.75572,-0.69,1.1,0.18,0.53169,-0.32632,-0.19925,0.75572,-0.81,1.08,0.19
-0.79,1.46,-0.17,-0.79,1.46,-0.17,-0.85,1.09,0.11,0.29299,-0.08416,-0.18506,-0.93425,-0.86,1.06,0.06,0.29299,-0.08416,-0.18506,-0.93425,-0.82,1.08,0.08,0.43488,-0.22367,0.47509,-0.73153,-0.8,1.09,0.1,0.16429,-0.0576,0.446,-0.87794,-0.79,1.1,0.13,0.03971,-0.03461,0.52527,-0.84931,-0.79,1.1,0.16,0.03971,-0.03461,0.52527,-0.84931,-0.84,1.08,0.09,0.29299,-0.08416,-0.18506,-0.93425,-0.83,1.12,0.13,0.05897,-0.11753,-0.12302,-0.98365,-0.82,1.12,0.17,-0.29744,-0.1575,-0.09856,-0.93649,-0.81,1.11,0.19,-0.45473,-0.14518,-0.07992,-0.87507,-0.81,1.09,0.2,-0.45473,-0.14518,-0.07992,-0.87507,-0.85,1.07,0.09,0.29299,-0.08416,-0.18506,-0.93425,-0.85,1.11,0.13,0.08012,-0.10332,-0.18078,-0.97479,-0.85,1.12,0.17,-0.27453,-0.16202,-0.14445,-0.93676,-0.83,1.11,0.2,-0.4185,-0.17111,-0.17422,-0.87477,-0.82,1.09,0.21,-0.4185,-0.17111,-0.17422,-0.87477,-0.87,1.07,0.09,0.29299,-0.08416,-0.18506,-0.93425,-0.87,1.1,0.14,0.15282,-0.07597,-0.24045,-0.95554,-0.87,1.11,0.17,-0.23767,-0.18094,-0.228,-0.92671,-0.85,1.1,0.19,-0.42089,-0.24835,-0.20556,-0.84789,-0.84,1.09,0.21,-0.42089,-0.24835,-0.20556,-0.84789,-0.87,1.07,0.1,0.22312,-0.01441,-0.41215,-0.88326,-0.88,1.08,0.14,0.20785,-0.06592,-0.31404,-0.92403,-0.88,1.1,0.16,-0.16106,-0.16815,-0.33503,-0.91299,-0.87,1.09,0.18,-0.31361,-0.27223,-0.30347,-0.85758,-0.86,1.09,0.2,-0.31361,-0.27223,-0.30347,-0.85758,-0.7,1.1,0.11,-0.36071,-0.1735,-0.11457,0.90921,-0.68,1.06,0.06,-0.36071,-0.1735,-0.11457,0.90921,-0.72,1.07,0.09,-0.45281,-0.18606,0.58598,0.64573,-0.75,1.08,0.11,-0.29991,-0.04789,0.53596,0.78772,-0.76,1.1,0.13,-0.2242,-0.03417,0.61547,0.75482,-0.77,1.11,0.15,-0.2242,-0.03417,0.61547,0.75482,-0.71,1.08,0.09,-0.36071,-0.1735,-0.11457,0.90921,-0.73,1.12,0.12,-0.11795,-0.20796,-0.0137,0.9709,-0.74,1.13,0.16,0.33191,-0.20014,0.05622,0.92012,-0.75,1.11,0.17,0.51603,-0.15822,0.08773,0.83725,-0.76,1.1,0.18,0.51603,-0.15822,0.08773,0.83725,-0.7,1.08,0.09,-0.36071,-0.1735,-0.11457,0.90921,-0.71,1.12,0.13,-0.0356,-0.19803,-0.06237,0.97756,-0.72,1.13,0.17,0.36234,-0.20736,0.0098,0.90863,-0.73,1.11,0.19,0.55972,-0.18506,-0.00718,0.80772,-0.74,1.09,0.19,0.55972,-0.18506,-0.00718,0.80772,-0.68,1.08,0.1,-0.36071,-0.1735,-0.11457,0.90921,-0.69,1.11,0.13,-0.14903,-0.15396,-0.15841,0.96384,-0.7,1.13,0.17,0.33997,-0.23049,-0.10205,0.90603,-0.71,1.11,0.19,0.59934,-0.27066,-0.05429,0.75139,-0.72,1.09,0.19,0.59934,-0.27066,-0.05429,0.75139,-0.67,1.07,0.1,-0.28053,-0.11713,-0.3466,0.88739,-0.67,1.1,0.14,-0.36748,-0.03405,-0.27219,0.88866,-0.67,1.12,0.16,0.22694,-0.20612,-0.27786,0.91039,-0.68,1.11,0.18,0.53989,-0.33703,-0.18793,0.74807,-0.7,1.1,0.18,0.53989,-0.33703,-0.18793,0.74807,-0.81,1.08,0.19
-0.79,1.46,-0.17,-0.79,1.46,-0.17,-0.85,1.1,0.11,0.29679,-0.07925,-0.221,-0.92563,-0.86,1.06,0.06,0.29679,-0.07925,-0.221,-0.92563,-0.83,1.08,0.08,0.45106,-0.21195,0.44177,-0.74596,-0.8,1.1,0.1,0.17486,-0.05872,0.40897,-0.89371,-0.8,1.11,0.13,0.04921,-0.03954,0.49054,-0.86913,-0.79,1.11,0.15,0.04921,-0.03954,0.49054,-0.86913,-0.84,1.08,0.09,0.29679,-0.07925,-0.221,-0.92563,-0.84,1.12,0.13,0.0648,-0.13621,-0.15087,-0.97698,-0.83,1.13,0.17,-0.27474,-0.18303,-0.12079,-0.93617,-0.82,1.11,0.18,-0.42943,-0.17399,-0.09892,-0.88064,-0.81,1.1,0.2,-0.42943,-0.17399,-0.09892,-0.88064,-0.85,1.08,0.09,0.29679,-0.07925,-0.221,-0.92563,-0.86,1.12,0.13,0.09715,-0.10673,-0.21681,-0.96549,-0.85,1.12,0.17,-0.26183,-0.1795,-0.17553,-0.93189,-0.84,1.11,0.2,-0.41559,-0.19542,-0.20077,-0.86532,-0.83,1.1,0.21,-0.41559,-0.19542,-0.20077,-0.86532,-0.87,1.07,0.09,0.29679,-0.07925,-0.221,-0.92563,-0.87,1.1,0.14,0.17776,-0.06924,-0.27852,-0.94129,-0.87,1.12,0.17,-0.22201,-0.19444,-0.26224,-0.91877,-0.86,1.11,0.19,-0.41532,-0.27155,-0.23272,-0.83643,-0.84,1.09,0.21,-0.41532,-0.27155,-0.23272,-0.83643,-0.88,1.07,0.1,0.22294,-0.01231,-0.44577,-0.86685,-0.88,1.08,0.14,0.21246,-0.05633,-0.35095,-0.91023,-0.89,1.1,0.16,-0.16409,-0.17844,-0.37012,-0.8968,-0.88,1.09,0.18,-0.32587,-0.29342,-0.33196,-0.83517,-0.86,1.09,0.19,-0.32587,-0.29342,-0.33196,-0.83517,-0.71,1.1,0.11,-0.36085,-0.20042,-0.09732,0.90562,-0.68,1.06,0.06,-0.36085,-0.20042,-0.09732,0.90562,-0.72,1.07,0.09,-0.46257,-0.20827,0.5956,0.62282,-0.75,1.08,0.1,-0.31019,-0.06665,0.55238,0.77086,-0.77,1.09,0.13,-0.23359,-0.04801,0.63208,0.73729,-0.77,1.1,0.15,-0.23359,-0.04801,0.63208,0.73729,-0.71,1.08,0.09,-0.36085,-0.20042,-0.09732,0.90562,-0.73,1.12,0.12,-0.07801,-0.24686,0.03589,0.96524,-0.75,1.12,0.15,0.35004,-0.21393,0.11397,0.90483,-0.76,1.11,0.17,0.52315,-0.16094,0.14633,0.82401,-0.76,1.09,0.18,0.52315,-0.16094,0.14633,0.82401,-0.7,1.08,0.09,-0.36085,-0.20042,-0.09732,0.90562,-0.71,1.12,0.13,-0.06335,-0.21913,-0.04123,0.97276,-0.73,1.13,0.16,0.32351,-0.21903,0.03493,0.91986,-0.74,1.11,0.18,0.5229,-0.19384,0.01913,0.82984,-0.75,1.09,0.19,0.5229,-0.19384,0.01913,0.82984,-0.68,1.08,0.1,-0.36085,-0.20042,-0.09732,0.90562,-0.7,1.11,0.13,-0.18192,-0.17282,-0.14186,0.95756,-0.71,1.13,0.17,0.29572,-0.23919,-0.08094,0.9213,-0.72,1.12,0.18,0.5571,-0.27391,-0.03201,0.78332,-0.73,1.1,0.19,0.5571,-0.27391,-0.03201,0.78332,-0.68,1.07,0.1,-0.27758,-0.1434,-0.32868,0.89127,-0.68,1.1,0.14,-0.37224,-0.05533,-0.25756,0.88997,-0.68,1.12,0.16,0.20073,-0.20861,-0.25832,0.92166,-0.69,1.12,0.18,0.50497,-0.32949,-0.17363,0.77865,-0.7,1.1,0.18,0.50497,-0.32949,-0.17363,0.77865,-0.81,1.08,0.19
-0.79,1.46,-0.17,-0.79,1.46,-0.17,-0.85,1.1,0.11,0.33881,-0.08321,-0.17419,-0.92084,-0.86,1.06,0.06,0.33881,-0.08321,-0.17419,-0.92084,-0.83,1.08,0.08,0.46643,-0.19755,0.48938,-0.70988,-0.8,1.1,0.1,0.1972,-0.02813,0.45186,-0.86956,-0.8,1.11,0.13,0.06431,0.00213,0.528,-0.8468,-0.79,1.11,0.15,0.06431,0.00213,0.528,-0.8468,-0.84,1.09,0.08,0.33881,-0.08321,-0.17419,-0.92084,-0.83,1.13,0.13,0.09208,-0.14324,-0.09174,-0.98112,-0.82,1.13,0.16,-0.25005,-0.17019,-0.06302,-0.95107,-0.82,1.12,0.18,-0.4051,-0.15193,-0.04502,-0.90044,-0.81,1.11,0.2,-0.4051,-0.15193,-0.04502,-0.90044,-0.85,1.08,0.09,0.33881,-0.08321,-0.17419,-0.92084,-0.86,1.12,0.13,0.15073,-0.10477,-0.16944,-0.96829,-0.85,1.14,0.17,-0.22455,-0.16274,-0.1302,-0.95192,-0.84,1.13,0.19,-0.39536,-0.17587,-0.15834,-0.88752,-0.83,1.11,0.21,-0.39536,-0.17587,-0.15834,-0.88752,-0.87,1.08,0.09,0.33881,-0.08321,-0.17419,-0.92084,-0.87,1.11,0.13,0.23591,-0.06714,-0.23491,-0.94056,-0.87,1.13,0.16,-0.185,-0.18075,-0.22,-0.94059,-0.86,1.12,0.19,-0.40043,-0.25284,-0.19061,-0.85988,-0.85,1.11,0.2,-0.40043,-0.25284,-0.19061,-0.85988,-0.88,1.07,0.09,0.26944,-0.02465,-0.4053,-0.87323,-0.89,1.09,0.13,0.2548,-0.05651,-0.3094,-0.91441,-0.89,1.11,0.16,-0.13547,-0.16902,-0.33176,-0.91816,-0.88,1.11,0.18,-0.32312,-0.28342,-0.28971,-0.85518,-0.86,1.1,0.19,-0.32312,-0.28342,-0.28971,-0.85518,-0.71,1.09,0.11,-0.31326,-0.18966,-0.0694,0.92794,-0.68,1.06,0.06,-0.31326,-0.18966,-0.0694,0.92794,-0.72,1.07,0.09,-0.42277,-0.24035,0.6059,0.62959,-0.75,1.07,0.11,-0.26754,-0.09127,0.57144,0.77042,-0.77,1.08,0.13,-0.19315,-0.07547,0.65021,0.73091,-0.78,1.09,0.16,-0.19315,-0.07547,0.65021,0.73091,-0.71,1.07,0.09,-0.31326,-0.18966,-0.0694,0.92794,-0.74,1.11,0.13,0.02842,-0.24569,0.0861,0.9651,-0.75,1.11,0.16,0.42796,-0.19191,0.15426,0.86961,-0.76,1.09,0.17,0.5779,-0.13376,0.18122,0.78441,-0.76,1.07,0.18,0.5779,-0.13376,0.18122,0.78441,-0.7,1.07,0.09,-0.31326,-0.18966,-0.0694,0.92794,-0.72,1.11,0.13,-0.05277,-0.1983,-0.0269,0.97835,-0.73,1.12,0.17,0.33339,-0.19421,0.03957,0.92172,-0.74,1.1,0.19,0.52274,-0.16875,0.01734,0.83545,-0.75,1.08,0.2,0.52274,-0.16875,0.01734,0.83545,-0.68,1.07,0.1,-0.31326,-0.18966,-0.0694,0.92794,-0.7,1.11,0.14,-0.1586,-0.14809,-0.11934,0.96885,-0.71,1.12,0.17,0.31378,-0.20547,-0.07493,0.92396,-0.72,1.1,0.19,0.55803,-0.23979,-0.04055,0.79339,-0.73,1.08,0.2,0.55803,-0.23979,-0.04055,0.79339,-0.68,1.07,0.1,-0.23725,-0.11949,-0.29979,0.91627,-0.68,1.09,0.14,-0.3224,-0.03232,-0.22406,0.91914,-0.68,1.11,0.16,0.21794,-0.15679,-0.25023,0.93022,-0.68,1.11,0.18,0.47923,-0.26922,-0.1987,0.8114,-0.7,1.09,0.19,0.47923,-0.26922,-0.1987,0.8114,-0.81,1.08,0.19
-0.79,1.46,-0.17,-0.79,1.46,-0.17,-0.85,1.1,0.1,0.3695,-0.09263,-0.12148,-0.91659,-0.86,1.06,0.06,0.3695,-0.09263,-0.12148,-0.91659,-0.82,1.08,0.08,0.47207,-0.19317,0.53881,-0.67047,-0.8,1.09,0.1,0.2115,-0.00503,0.50003,-0.83977,-0.79,1.11,0.13,0.07073,0.03871,0.57006,-0.81764,-0.79,1.11,0.15,0.07073,0.03871,0.57006,-0.81764,-0.84,1.08,0.08,0.3695,-0.09263,-0.12148,-0.91659,-0.83,1.13,0.12,0.08858,-0.14804,-0.02425,-0.98471,-0.82,1.13,0.16,-0.26415,-0.15168,0.00348,-0.95247,-0.81,1.12,0.18,-0.42093,-0.12259,0.01843,-0.89858,-0.81,1.11,0.19,-0.42093,-0.12259,0.01843,-0.89858,-0.85,1.08,0.08,0.3695,-0.09263,-0.12148,-0.91659,-0.85,1.13,0.12,0.18627,-0.10818,-0.11414,-0.96983,-0.84,1.14,0.16,-0.19183,-0.1456,-0.07773,-0.96745,-0.84,1.13,0.19,-0.37088,-0.15241,-0.11007,-0.90945,-0.83,1.12,0.2,-0.37088,-0.15241,-0.11007,-0.90945,-0.87,1.08,0.09,0.3695,-0.09263,-0.12148,-0.91659,-0.87,1.12,0.13,0.27504,-0.07333,-0.18324,-0.94096,-0.87,1.14,0.16,-0.1493,-0.16584,-0.17039,-0.95978,-0.86,1.13,0.18,-0.37902,-0.22861,-0.14395,-0.88508,-0.85,1.12,0.2,-0.37902,-0.22861,-0.14395,-0.88508,-0.88,1.08,0.09,0.30468,-0.03975,-0.35752,-0.88191,-0.88,1.1,0.13,0.28274,-0.06401,-0.26035,-0.92097,-0.88,1.12,0.15,-0.11382,-0.15912,-0.2847,-0.93844,-0.88,1.12,0.17,-0.32194,-0.26745,-0.2418,-0.87542,-0.86,1.11,0.19,-0.32194,-0.26745,-0.2418,-0.87542,-0.7,1.1,0.11,-0.3268,-0.16157,-0.08713,0.92709,-0.69,1.06,0.06,-0.3268,-0.16157,-0.08713,0.92709,-0.72,1.07,0.09,-0.45859,-0.19783,0.56234,0.65904,-0.75,1.08,0.11,-0.30679,-0.06903,0.51349,0.7984,-0.76,1.1,0.13,-0.23782,-0.05993,0.59571,0.76484,-0.77,1.11,0.15,-0.23782,-0.05993,0.59571,0.76484,-0.71,1.08,0.09,-0.3268,-0.16157,-0.08713,0.92709,-0.73,1.12,0.13,0.02558,-0.23636,0.07297,0.96858,-0.75,1.11,0.16,0.4205,-0.18981,0.13708,0.87656,-0.75,1.1,0.18,0.56617,-0.13593,0.16251,0.7966,-0.75,1.08,0.18,0.56617,-0.13593,0.16251,0.7966,-0.7,1.08,0.09,-0.3268,-0.16157,-0.08713,0.92709,-0.71,1.12,0.13,-0.07883,-0.17622,-0.05336,0.97974,-0.72,1.13,0.17,0.3274,-0.18428,0.01009,0.92669,-0.73,1.11,0.19,0.52227,-0.16513,-0.01321,0.83654,-0.74,1.09,0.2,0.52227,-0.16513,-0.01321,0.83654,-0.68,1.08,0.1,-0.3268,-0.16157,-0.08713,0.92709,-0.69,1.11,0.14,-0.17084,-0.12374,-0.14173,0.96717,-0.7,1.13,0.17,0.31132,-0.19589,-0.10385,0.92408,-0.71,1.11,0.19,0.55749,-0.23872,-0.07028,0.79201,-0.72,1.09,0.2,0.55749,-0.23872,-0.07028,0.79201,-0.67,1.08,0.1,-0.2537,-0.09555,-0.3192,0.90808,-0.68,1.1,0.14,-0.31497,-0.00563,-0.24404,0.91717,-0.67,1.12,0.16,0.21351,-0.14189,-0.2818,0.92459,-0.68,1.11,0.18,0.47022,-0.26399,-0.23352,0.80911,-0.69,1.1,0.19,0.47022,-0.26399,-0.23352,0.80911,-0.81,1.08,0.19
-0.79,1.46,-0.17,-0.79,1.46,-0.17,-0.85,1.1,0.1,0.35719,-0.10826,-0.10786,-0.92145,-0.86,1.06,0.06,0.35719,-0.10826,-0.10786,-0.92145,-0.82,1.08,0.08,0.4631,-0.21588,0.54907,-0.6614,-0.8,1.09,0.1,0.20784,-0.02418,0.51829,-0.82921,-0.79,1.1,0.13,0.06997,0.02193,0.58976,-0.80425,-0.79,1.1,0.15,0.06997,0.02193,0.58976,-0.80425,-0.83,1.08,0.08,0.35719,-0.10826,-0.10786,-0.92145,-0.82,1.12,0.12,0.07148,-0.16774,-0.00011,-0.98324,-0.81,1.13,0.16,-0.27554,-0.16144,0.03215,-0.94709,-0.81,1.12,0.18,-0.43043,-0.12739,0.04861,-0.89227,-0.8,1.1,0.19,-0.43043,-0.12739,0.04861,-0.89227,-0.85,1.08,0.08,0.35719,-0.10826,-0.10786,-0.92145,-0.85,1.12,0.12,0.1855,-0.11979,-0.09917,-0.97026,-0.84,1.14,0.16,-0.19629,-0.15095,-0.05898,-0.96706,-0.83,1.13,0.19,-0.38273,-0.15443,-0.0902,-0.90638,-0.82,1.11,0.2,-0.38273,-0.15443,-0.0902,-0.90638,-0.87,1.08,0.09,0.35719,-0.10826,-0.10786,-0.92145,-0.86,1.11,0.13,0.26963,-0.08513,-0.16881,-0.94422,-0.86,1.13,0.16,-0.16169,-0.17109,-0.15169,-0.95999,-0.85,1.13,0.18,-0.3999,-0.22975,-0.12344,-0.87867,-0.84,1.11,0.2,-0.3999,-0.22975,-0.12344,-0.87867,-0.87,1.08,0.09,0.29135,-0.05141,-0.34333,-0.8914,-0.88,1.1,0.13,0.27019,-0.07177,-0.24703,-0.9278,-0.88,1.12,0.15,-0.13106,-0.16073,-0.26927,-0.94047,-0.87,1.11,0.17,-0.35,-0.26784,-0.22467,-0.86907,-0.86,1.1,0.19,-0.35,-0.26784,-0.22467,-0.86907,-0.71,1.1,0.11,-0.32996,-0.17663,-0.11238,0.92049,-0.69,1.06,0.06,-0.32996,-0.17663,-0.11238,0.92049,-0.73,1.07,0.09,-0.47706,-0.19943,0.539,0.66492,-0.75,1.09,0.1,-0.32379,-0.07819,0.48955,0.80584,-0.77,1.1,0.13,-0.25801,-0.07055,0.57397,0.77396,-0.78,1.11,0.15,-0.25801,-0.07055,0.57397,0.77396,-0.72,1.08,0.09,-0.32996,-0.17663,-0.11238,0.92049,-0.73,1.12,0.13,0.03102,-0.26055,0.06164,0.96299,-0.75,1.12,0.16,0.42505,-0.21614,0.13691,0.86826,-0.76,1.1,0.17,0.56583,-0.16274,0.16629,0.79101,-0.76,1.08,0.18,0.56583,-0.16274,0.16629,0.79101,-0.7,1.08,0.09,-0.32996,-0.17663,-0.11238,0.92049,-0.71,1.12,0.13,-0.09109,-0.19799,-0.07469,0.9731,-0.73,1.13,0.17,0.34212,-0.21288,0.00601,0.9152,-0.74,1.11,0.19,0.55218,-0.19203,-0.00852,0.81127,-0.75,1.09,0.2,0.55218,-0.19203,-0.00852,0.81127,-0.68,1.08,0.1,-0.32996,-0.17663,-0.11238,0.92049,-0.69,1.11,0.14,-0.1758,-0.14219,-0.16486,0.96005,-0.7,1.13,0.17,0.32891,-0.22604,-0.10956,0.91034,-0.71,1.11,0.19,0.57888,-0.26876,-0.06548,0.76706,-0.73,1.09,0.2,0.57888,-0.26876,-0.06548,0.76706,-0.68,1.08,0.1,-0.25022,-0.11217,-0.34244,0.89863,-0.68,1.1,0.14,-0.29688,-0.02525,-0.26951,0.91575,-0.67,1.12,0.17,0.23445,-0.17175,-0.29223,0.91112,-0.68,1.11,0.18,0.48825,-0.29571,-0.23452,0.78687,-0.7,1.1,0.19,0.48825,-0.29571,-0.23452,0.78687,-0.81,1.08,0.19
-0.79,1.46,-0.17,-0.79,1.46,-0.17,-0.85,1.1,0.11,0.30808,-0.1175,-0.11443,-0.93712,-0.86,1.06,0.05,0.30808,-0.1175,-0.11443,-0.93712,-0.82,1.08,0.08,0.43432,-0.2534,0.5353,-0.67868,-0.8,1.09,0.1,0.18261,-0.06816,0.51644,-0.83384,-0.79,1.09,0.13,0.05455,-0.0287,0.59333,-0.8026,-0.78,1.1,0.15,0.05455,-0.0287,0.59333,-0.8026,-0.83,1.08,0.08,0.30808,-0.1175,-0.11443,-0.93712,-0.82,1.12,0.12,0.0062,-0.19323,0.0057,-0.98112,-0.81,1.12,0.16,-0.29701,-0.18344,0.0384,-0.9363,-0.8,1.1,0.18,-0.43892,-0.14855,0.05698,-0.88433,-0.8,1.09,0.19,-0.43892,-0.14855,0.05698,-0.88433,-0.85,1.08,0.08,0.30808,-0.1175,-0.11443,-0.93712,-0.84,1.12,0.13,0.17328,-0.12056,-0.11103,-0.97114,-0.84,1.13,0.17,-0.21265,-0.15632,-0.06893,-0.96208,-0.83,1.12,0.19,-0.40672,-0.16108,-0.09807,-0.89388,-0.82,1.11,0.21,-0.40672,-0.16108,-0.09807,-0.89388,-0.87,1.08,0.09,0.30808,-0.1175,-0.11443,-0.93712,-0.86,1.11,0.13,0.25917,-0.07817,-0.17862,-0.94595,-0.86,1.13,0.16,-0.18079,-0.17013,-0.16228,-0.95501,-0.85,1.12,0.19,-0.42351,-0.23184,-0.13313,-0.86554,-0.84,1.1,0.2,-0.42351,-0.23184,-0.13313,-0.86554,-0.87,1.07,0.09,0.24068,-0.0481,-0.34587,-0.90561,-0.88,1.09,0.13,0.23859,-0.06077,-0.25276,-0.93568,-0.88,1.11,0.16,-0.15423,-0.14815,-0.27962,-0.93599,-0.87,1.1,0.18,-0.37017,-0.25794,-0.2391,-0.85981,-0.86,1.09,0.19,-0.37017,-0.25794,-0.2391,-0.85981,-0.71,1.1,0.11,-0.31858,-0.19267,-0.12214,0.92004,-0.68,1.06,0.07,-0.31858,-0.19267,-0.12214,0.92004,-0.73,1.07,0.09,-0.46383,-0.22448,0.54525,0.66119,-0.75,1.08,0.1,-0.3025,-0.0952,0.50365,0.80359,-0.77,1.1,0.13,-0.23399,-0.08569,0.58762,0.76981,-0.78,1.1,0.15,-0.23399,-0.08569,0.58762,0.76981,-0.72,1.08,0.09,-0.31858,-0.19267,-0.12214,0.92004,-0.73,1.12,0.13,0.05017,-0.27448,0.05711,0.95858,-0.75,1.11,0.16,0.43022,-0.23193,0.13549,0.86183,-0.76,1.09,0.17,0.56086,-0.18043,0.16546,0.79089,-0.76,1.07,0.18,0.56086,-0.18043,0.16546,0.79089,-0.7,1.08,0.09,-0.31858,-0.19267,-0.12214,0.92004,-0.71,1.12,0.13,-0.08095,-0.21369,-0.08167,0.97011,-0.73,1.13,0.17,0.35698,-0.22985,0.00827,0.90535,-0.74,1.11,0.19,0.5666,-0.2069,-0.00185,0.79759,-0.75,1.09,0.2,0.5666,-0.2069,-0.00185,0.79759,-0.68,1.08,0.1,-0.31858,-0.19267,-0.12214,0.92004,-0.7,1.11,0.14,-0.16343,-0.15801,-0.17171,0.95856,-0.71,1.12,0.17,0.34875,-0.24363,-0.10545,0.89883,-0.72,1.11,0.19,0.59734,-0.28374,-0.05614,0.74801,-0.73,1.09,0.19,0.59734,-0.28374,-0.05614,0.74801,-0.68,1.07,0.1,-0.23452,-0.12558,-0.3499,0.89822,-0.68,1.1,0.14,-0.25083,-0.05883,-0.27518,0.92623,-0.68,1.11,0.17,0.29033,-0.20192,-0.27802,0.89311,-0.69,1.1,0.18,0.53699,-0.31943,-0.2142,0.75082,-0.7,1.09,0.19,0.53699,-0.31943,-0.2142,0.75082,-0.81,1.08,0.19
