-0.79,1.45,-0.15,-0.79,1.45,-0.15,-0.85,1.09,0.11,0.33459,-0.06068,-0.15308,-0.92787,-0.86,1.06,0.06,0.33459,-0.06068,-0.15308,-0.92787,-0.82,1.07,0.09,0.41394,-0.16979,0.53686,-0.71527,-0.8,1.09,0.11,0.18446,-0.00154,0.48637,-0.85406,-0.8,1.1,0.14,0.06191,0.02449,0.55828,-0.82698,-0.79,1.1,0.16,0.06191,0.02449,0.55828,-0.82698,-0.84,1.08,0.09,0.33459,-0.06068,-0.15308,-0.92787,-0.83,1.12,0.13,-0.00086,-0.1004,-0.08117,-0.99163,-0.83,1.12,0.17,-0.45009,-0.13134,-0.05233,-0.88172,-0.82,1.1,0.18,-0.62369,-0.11199,-0.02954,-0.77305,-0.81,1.08,0.19,-0.62369,-0.11199,-0.02954,-0.77305,-0.85,1.07,0.09,0.33459,-0.06068,-0.15308,-0.92787,-0.85,1.12,0.13,0.03637,-0.08957,-0.1465,-0.98448,-0.85,1.12,0.17,-0.41624,-0.14807,-0.10243,-0.89125,-0.84,1.1,0.19,-0.62878,-0.14969,-0.12619,-0.75253,-0.83,1.08,0.2,-0.62878,-0.14969,-0.12619,-0.75253,-0.87,1.07,0.09,0.33459,-0.06068,-0.15308,-0.92787,-0.87,1.1,0.13,0.09976,-0.07077,-0.20754,-0.97055,-0.87,1.11,0.17,-0.38138,-0.1794,-0.18631,-0.8875,-0.86,1.1,0.19,-0.62786,-0.24593,-0.15136,-0.72277,-0.84,1.08,0.19,-0.62786,-0.24593,-0.15136,-0.72277,-0.88,1.07,0.1,0.27286,-0.0006,-0.38613,-0.88117,-0.89,1.09,0.13,0.15433,-0.06327,-0.29042,-0.94225,-0.88,1.1,0.16,-0.31537,-0.18509,-0.29998,-0.88108,-0.87,1.09,0.18,-0.54883,-0.30754,-0.24409,-0.73799,-0.86,1.07,0.18,-0.54883,-0.30754,-0.24409,-0.73799,-0.7,1.1,0.11,-0.41148,-0.22756,-0.17531,0.86497,-0.68,1.05,0.07,-0.41148,-0.22756,-0.17531,0.86497,-0.72,1.07,0.09,-0.4947,-0.2097,0.57567,0.61636,-0.75,1.09,0.1,-0.30048,-0.04601,0.5385,0.78588,-0.76,1.1,0.13,-0.15942,0.01912,0.61286,0.77371,-0.77,1.11,0.15,-0.15942,0.01912,0.61286,0.77371,-0.71,1.08,0.09,-0.41148,-0.22756,-0.17531,0.86497,-0.73,1.13,0.12,-0.06911,-0.27441,-0.02438,0.95882,-0.75,1.13,0.15,0.35375,-0.26455,0.07089,0.89434,-0.76,1.12,0.16,0.50915,-0.22138,0.10933,0.8245,-0.76,1.1,0.17,0.50915,-0.22138,0.10933,0.8245,-0.7,1.08,0.1,-0.41148,-0.22756,-0.17531,0.86497,-0.71,1.13,0.12,-0.07485,-0.27067,-0.09688,0.95486,-0.73,1.13,0.16,0.37656,-0.28707,0.02636,0.8804,-0.74,1.12,0.17,0.61084,-0.25378,0.03635,0.7491,-0.75,1.09,0.18,0.61084,-0.25378,0.03635,0.7491,-0.68,1.08,0.1,-0.41148,-0.22756,-0.17531,0.86497,-0.69,1.12,0.13,-0.13497,-0.25191,-0.18024,0.94119,-0.71,1.13,0.17,0.40579,-0.32953,-0.05154,0.85093,-0.72,1.11,0.18,0.68702,-0.34227,0.03937,0.63977,-0.73,1.09,0.17,0.68702,-0.34227,0.03937,0.63977,-0.68,1.07,0.11,-0.31077,-0.1873,-0.40236,0.8405,-0.68,1.1,0.14,-0.23496,-0.22758,-0.29152,0.8989,-0.69,1.12,0.16,0.37935,-0.36705,-0.1711,0.83192,-0.7,1.11,0.17,0.6804,-0.44235,-0.0191,0.58397,-0.71,1.09,0.17,0.6804,-0.44235,-0.0191,0.58397,-0.81,1.08,0.19
-0.79,1.45,-0.15,-0.79,1.45,-0.15,-0.85,1.09,0.11,0.33166,-0.05986,-0.15082,-0.92934,-0.86,1.06,0.06,0.33166,-0.05986,-0.15082,-0.92934,-0.82,1.07,0.09,0.41189,-0.16934,0.53725,-0.71627,-0.8,1.09,0.11,0.18181,-0.00051,0.48664,-0.85447,-0.8,1.1,0.14,0.06116,0.02395,0.55856,-0.82686,-0.8,1.1,0.16,0.06116,0.02395,0.55856,-0.82686,-0.84,1.08,0.09,0.33166,-0.05986,-0.15082,-0.92934,-0.83,1.12,0.13,-0.00992,-0.10244,-0.07625,-0.99176,-0.83,1.12,0.17,-0.45519,-0.13054,-0.04754,-0.87949,-0.82,1.1,0.18,-0.62657,-0.11011,-0.02512,-0.77114,-0.81,1.08,0.19,-0.62657,-0.11011,-0.02512,-0.77114,-0.85,1.07,0.09,0.33166,-0.05986,-0.15082,-0.92934,-0.85,1.12,0.13,0.02788,-0.09022,-0.14309,-0.9852,-0.85,1.12,0.18,-0.41978,-0.1465,-0.09982,-0.89014,-0.84,1.1,0.19,-0.63054,-0.14719,-0.12415,-0.75189,-0.83,1.08,0.2,-0.63054,-0.14719,-0.12415,-0.75189,-0.87,1.07,0.09,0.33166,-0.05986,-0.15082,-0.92934,-0.87,1.1,0.13,0.09295,-0.07031,-0.20502,-0.97179,-0.87,1.11,0.17,-0.38671,-0.17727,-0.1847,-0.88596,-0.86,1.1,0.19,-0.63288,-0.24332,-0.15049,-0.71945,-0.84,1.08,0.19,-0.63288,-0.24332,-0.15049,-0.71945,-0.88,1.07,0.1,0.27048,0.00105,-0.38386,-0.88289,-0.89,1.09,0.13,0.15009,-0.06005,-0.28915,-0.94353,-0.89,1.1,0.16,-0.32762,-0.18395,-0.29907,-0.87715,-0.87,1.09,0.18,-0.56479,-0.30761,-0.24216,-0.72646,-0.86,1.07,0.18,-0.56479,-0.30761,-0.24216,-0.72646,-0.7,1.1,0.11,-0.4133,-0.23459,-0.16188,0.86484,-0.68,1.05,0.07,-0.4133,-0.23459,-0.16188,0.86484,-0.72,1.07,0.09,-0.49144,-0.1985,0.58887,0.61017,-0.75,1.08,0.11,-0.30095,-0.03175,0.54843,0.77952,-0.76,1.1,0.13,-0.16062,0.03385,0.62027,0.76702,-0.76,1.1,0.15,-0.16062,0.03385,0.62027,0.76702,-0.71,1.08,0.09,-0.4133,-0.23459,-0.16188,0.86484,-0.73,1.12,0.12,-0.02034,-0.2632,-0.00825,0.96449,-0.75,1.12,0.15,0.42831,-0.24361,0.08833,0.86568,-0.76,1.11,0.16,0.58022,-0.19656,0.12593,0.78029,-0.76,1.09,0.17,0.58022,-0.19656,0.12593,0.78029,-0.7,1.07,0.1,-0.4133,-0.23459,-0.16188,0.86484,-0.71,1.12,0.13,-0.05413,-0.273,-0.07674,0.95742,-0.73,1.13,0.16,0.3806,-0.28037,0.04031,0.88029,-0.74,1.11,0.18,0.58711,-0.24704,0.04204,0.76974,-0.75,1.09,0.18,0.58711,-0.24704,0.04204,0.76974,-0.68,1.07,0.1,-0.4133,-0.23459,-0.16188,0.86484,-0.69,1.11,0.13,-0.11392,-0.26095,-0.15741,0.9456,-0.71,1.13,0.17,0.38979,-0.32281,-0.04102,0.86149,-0.73,1.11,0.18,0.64737,-0.33667,0.03536,0.68287,-0.74,1.09,0.18,0.64737,-0.33667,0.03536,0.68287,-0.68,1.07,0.11,-0.31297,-0.19425,-0.38947,0.84418,-0.68,1.1,0.14,-0.21504,-0.24561,-0.26958,0.90596,-0.69,1.12,0.17,0.37391,-0.36221,-0.15351,0.8399,-0.7,1.11,0.17,0.65486,-0.43172,-0.02074,0.61995,-0.72,1.09,0.17,0.65486,-0.43172,-0.02074,0.61995,-0.81,1.08,0.19
-0.79,1.45,-0.15,-0.79,1.45,-0.15,-0.85,1.09,0.11,0.33534,-0.06043,-0.15438,-0.92739,-0.86,1.06,0.06,0.33534,-0.06043,-0.15438,-0.92739,-0.82,1.07,0.09,0.41749,-0.16517,0.53343,-0.71685,-0.8,1.09,0.11,0.18602,0.00249,0.48155,-0.85645,-0.8,1.1,0.14,0.06734,0.02513,0.55381,-0.82953,-0.8,1.1,0.16,0.06734,0.02513,0.55381,-0.82953,-0.84,1.08,0.09,0.33534,-0.06043,-0.15438,-0.92739,-0.83,1.12,0.13,-0.0122,-0.10652,-0.077,-0.99125,-0.83,1.12,0.17,-0.45531,-0.13436,-0.04666,-0.8789,-0.82,1.1,0.18,-0.62475,-0.1136,-0.02379,-0.77215,-0.81,1.08,0.19,-0.62475,-0.1136,-0.02379,-0.77215,-0.85,1.07,0.09,0.33534,-0.06043,-0.15438,-0.92739,-0.86,1.12,0.13,0.02511,-0.09506,-0.14416,-0.98466,-0.85,1.12,0.17,-0.41753,-0.15076,-0.09936,-0.89054,-0.84,1.1,0.19,-0.62689,-0.15121,-0.12286,-0.75436,-0.83,1.08,0.2,-0.62689,-0.15121,-0.12286,-0.75436,-0.87,1.07,0.09,0.33534,-0.06043,-0.15438,-0.92739,-0.87,1.1,0.13,0.09281,-0.07391,-0.20745,-0.97102,-0.87,1.11,0.17,-0.38547,-0.18135,-0.18526,-0.88555,-0.86,1.1,0.19,-0.63157,-0.24738,-0.14978,-0.71937,-0.84,1.08,0.19,-0.63157,-0.24738,-0.14978,-0.71937,-0.88,1.07,0.1,0.27346,-0.0006,-0.38741,-0.88042,-0.89,1.09,0.13,0.15131,-0.06126,-0.29305,-0.94206,-0.89,1.1,0.16,-0.33356,-0.18943,-0.30055,-0.87323,-0.87,1.09,0.18,-0.57282,-0.31417,-0.24078,-0.71777,-0.86,1.07,0.18,-0.57282,-0.31417,-0.24078,-0.71777,-0.7,1.1,0.12,-0.39582,-0.21471,-0.14237,0.88145,-0.68,1.05,0.08,-0.39582,-0.21471,-0.14237,0.88145,-0.72,1.07,0.1,-0.46219,-0.20099,0.60478,0.61662,-0.75,1.08,0.11,-0.27103,-0.02639,0.56512,0.77878,-0.76,1.09,0.14,-0.13059,0.03876,0.63453,0.7608,-0.76,1.1,0.16,-0.13059,0.03876,0.63453,0.7608,-0.71,1.07,0.1,-0.39582,-0.21471,-0.14237,0.88145,-0.73,1.12,0.12,0.01071,-0.23283,-0.00183,0.97246,-0.74,1.12,0.16,0.4693,-0.21194,0.08244,0.85325,-0.75,1.1,0.17,0.62426,-0.1652,0.11708,0.75452,-0.75,1.08,0.17,0.62426,-0.1652,0.11708,0.75452,-0.7,1.07,0.1,-0.39582,-0.21471,-0.14237,0.88145,-0.71,1.12,0.13,-0.03178,-0.24656,-0.06634,0.96633,-0.73,1.12,0.17,0.34494,-0.2538,0.02103,0.90342,-0.74,1.11,0.18,0.51701,-0.2311,0.00915,0.82414,-0.75,1.09,0.19,0.51701,-0.2311,0.00915,0.82414,-0.68,1.07,0.11,-0.39582,-0.21471,-0.14237,0.88145,-0.69,1.11,0.14,-0.10218,-0.23547,-0.14523,0.95552,-0.71,1.12,0.17,0.3493,-0.29163,-0.06097,0.88838,-0.72,1.11,0.19,0.58169,-0.31715,-0.00462,0.74902,-0.73,1.09,0.19,0.58169,-0.31715,-0.00462,0.74902,-0.67,1.07,0.11,-0.3026,-0.1687,-0.37193,0.86119,-0.68,1.1,0.15,-0.21148,-0.2175,-0.25623,0.91778,-0.69,1.11,0.17,0.34978,-0.32589,-0.17037,0.86164,-0.7,1.1,0.18,0.61051,-0.40417,-0.06508,0.678,-0.71,1.09,0.18,0.61051,-0.40417,-0.06508,0.678,-0.81,1.08,0.19
-0.79,1.45,-0.15,-0.79,1.45,-0.15,-0.85,1.1,0.11,0.34837,-0.07695,-0.17775,-0.91713,-0.86,1.06,0.06,0.34837,-0.07695,-0.17775,-0.91713,-0.82,1.08,0.09,0.44221,-0.16205,0.51498,-0.71623,-0.8,1.09,0.11,0.20813,-0.00163,0.46219,-0.86201,-0.8,1.1,0.14,0.08963,0.02065,0.53664,-0.83879,-0.79,1.11,0.16,0.08963,0.02065,0.53664,-0.83879,-0.84,1.08,0.09,0.34837,-0.07695,-0.17775,-0.91713,-0.83,1.12,0.13,-0.00877,-0.13238,-0.08973,-0.98709,-0.82,1.12,0.16,-0.45118,-0.16326,-0.04636,-0.87615,-0.81,1.1,0.18,-0.6174,-0.14184,-0.01843,-0.77353,-0.81,1.08,0.18,-0.6174,-0.14184,-0.01843,-0.77353,-0.85,1.08,0.09,0.34837,-0.07695,-0.17775,-0.91713,-0.85,1.12,0.13,0.02073,-0.12504,-0.15609,-0.97958,-0.84,1.12,0.17,-0.41811,-0.1827,-0.09691,-0.88454,-0.83,1.1,0.19,-0.62724,-0.18139,-0.11256,-0.74899,-0.82,1.08,0.19,-0.62724,-0.18139,-0.11256,-0.74899,-0.87,1.07,0.09,0.34837,-0.07695,-0.17775,-0.91713,-0.87,1.11,0.13,0.09305,-0.10169,-0.22347,-0.96492,-0.86,1.11,0.17,-0.38299,-0.21325,-0.18575,-0.8794,-0.85,1.1,0.19,-0.62839,-0.27786,-0.14033,-0.7129,-0.84,1.08,0.19,-0.62839,-0.27786,-0.14033,-0.7129,-0.88,1.07,0.1,0.27957,-0.02116,-0.40943,-0.8682,-0.88,1.09,0.13,0.15682,-0.08568,-0.31229,-0.93303,-0.88,1.1,0.16,-0.33121,-0.22213,-0.30397,-0.86519,-0.87,1.09,0.18,-0.57079,-0.34674,-0.23254,-0.70703,-0.85,1.08,0.18,-0.57079,-0.34674,-0.23254,-0.70703,-0.7,1.09,0.12,-0.36326,-0.19681,-0.13961,0.8999,-0.68,1.05,0.08,-0.36326,-0.19681,-0.13961,0.8999,-0.72,1.07,0.1,-0.44898,-0.21767,0.58786,0.63676,-0.75,1.08,0.11,-0.26245,-0.05388,0.55123,0.79016,-0.76,1.09,0.14,-0.15201,-0.01453,0.62755,0.76346,-0.76,1.09,0.16,-0.15201,-0.01453,0.62755,0.76346,-0.71,1.07,0.1,-0.36326,-0.19681,-0.13961,0.8999,-0.73,1.12,0.13,-0.00561,-0.21857,-0.01746,0.97565,-0.74,1.12,0.16,0.43027,-0.20877,0.0558,0.87645,-0.75,1.1,0.18,0.58928,-0.16745,0.08868,0.78539,-0.75,1.08,0.18,0.58928,-0.16745,0.08868,0.78539,-0.69,1.07,0.1,-0.36326,-0.19681,-0.13961,0.8999,-0.71,1.12,0.14,-0.01672,-0.22502,-0.07704,0.97116,-0.73,1.12,0.17,0.33744,-0.23785,-0.00316,0.9108,-0.74,1.1,0.19,0.49531,-0.22081,-0.02022,0.83994,-0.75,1.08,0.2,0.49531,-0.22081,-0.02022,0.83994,-0.68,1.07,0.11,-0.36326,-0.19681,-0.13961,0.8999,-0.69,1.11,0.14,-0.07789,-0.21188,-0.15105,0.96241,-0.7,1.11,0.18,0.35462,-0.27085,-0.08261,0.8911,-0.72,1.1,0.19,0.57105,-0.30327,-0.03617,0.76198,-0.73,1.08,0.2,0.57105,-0.30327,-0.03617,0.76198,-0.67,1.07,0.11,-0.27483,-0.14199,-0.36884,0.87651,-0.68,1.09,0.15,-0.21379,-0.17967,-0.2634,0.92338,-0.68,1.11,0.17,0.32244,-0.29311,-0.20501,0.87641,-0.69,1.1,0.19,0.56534,-0.38292,-0.11845,0.72093,-0.71,1.08,0.19,0.56534,-0.38292,-0.11845,0.72093,-0.81,1.08,0.19
-0.79,1.45,-0.15,-0.79,1.45,-0.15,-0.85,1.1,0.11,0.36254,-0.09548,-0.20389,-0.90437,-0.86,1.06,0.06,0.36254,-0.09548,-0.20389,-0.90437,-0.82,1.08,0.08,0.46709,-0.15809,0.49573,-0.7149,-0.8,1.09,0.1,0.23101,-0.00548,0.44187,-0.86681,-0.79,1.11,0.13,0.11213,0.0168,0.51839,-0.84759,-0.79,1.11,0.15,0.11213,0.0168,0.51839,-0.84759,-0.84,1.08,0.09,0.36254,-0.09548,-0.20389,-0.90437,-0.83,1.12,0.12,-0.00968,-0.16145,-0.10288,-0.98146,-0.82,1.13,0.16,-0.44975,-0.19506,-0.0451,-0.87043,-0.81,1.11,0.17,-0.61141,-0.1728,-0.0119,-0.77213,-0.8,1.09,0.18,-0.61141,-0.1728,-0.0119,-0.77213,-0.85,1.08,0.09,0.36254,-0.09548,-0.20389,-0.90437,-0.85,1.12,0.13,0.00364,-0.16062,-0.16633,-0.97289,-0.84,1.12,0.17,-0.43324,-0.21913,-0.08962,-0.86963,-0.83,1.1,0.18,-0.64294,-0.2139,-0.09557,-0.7292,-0.82,1.08,0.19,-0.64294,-0.2139,-0.09557,-0.7292,-0.87,1.07,0.09,0.36254,-0.09548,-0.20389,-0.90437,-0.87,1.11,0.13,0.08428,-0.13548,-0.23908,-0.9578,-0.86,1.12,0.17,-0.39299,-0.2508,-0.18182,-0.86579,-0.85,1.1,0.18,-0.6381,-0.31224,-0.12406,-0.69278,-0.83,1.08,0.18,-0.6381,-0.31224,-0.12406,-0.69278,-0.87,1.07,0.1,0.28601,-0.0443,-0.43375,-0.85329,-0.88,1.09,0.13,0.16331,-0.11355,-0.33317,-0.92165,-0.88,1.1,0.16,-0.33168,-0.26032,-0.30544,-0.85378,-0.87,1.09,0.18,-0.57442,-0.38478,-0.21858,-0.68863,-0.85,1.08,0.18,-0.57442,-0.38478,-0.21858,-0.68863,-0.7,1.09,0.12,-0.34675,-0.19632,-0.14038,0.90638,-0.68,1.05,0.07,-0.34675,-0.19632,-0.14038,0.90638,-0.72,1.07,0.1,-0.47043,-0.24585,0.55263,0.64254,-0.75,1.08,0.11,-0.30658,-0.11195,0.51812,0.79058,-0.77,1.09,0.14,-0.24648,-0.1059,0.60176,0.75228,-0.78,1.1,0.15,-0.24648,-0.1059,0.60176,0.75228,-0.71,1.07,0.1,-0.34675,-0.19632,-0.14038,0.90638,-0.73,1.12,0.13,-0.15128,-0.21383,-0.05925,0.96327,-0.74,1.13,0.16,0.24555,-0.22713,0.00544,0.94238,-0.75,1.12,0.18,0.42244,-0.19658,0.03757,0.88402,-0.76,1.1,0.2,0.42244,-0.19658,0.03757,0.88402,-0.7,1.07,0.1,-0.34675,-0.19632,-0.14038,0.90638,-0.71,1.12,0.14,-0.04627,-0.21679,-0.09172,0.9708,-0.73,1.12,0.18,0.31506,-0.23595,-0.01843,0.91909,-0.74,1.11,0.2,0.47998,-0.22275,-0.03502,0.84781,-0.75,1.09,0.21,0.47998,-0.22275,-0.03502,0.84781,-0.68,1.07,0.11,-0.34675,-0.19632,-0.14038,0.90638,-0.69,1.11,0.15,-0.07262,-0.20178,-0.15882,0.96374,-0.71,1.11,0.18,0.36044,-0.26503,-0.09382,0.8894,-0.72,1.1,0.19,0.57647,-0.30036,-0.04843,0.75837,-0.73,1.08,0.2,0.57647,-0.30036,-0.04843,0.75837,-0.68,1.07,0.11,-0.25872,-0.1372,-0.36861,0.88225,-0.68,1.09,0.15,-0.22097,-0.15489,-0.2723,0.9236,-0.68,1.11,0.18,0.30951,-0.27613,-0.22706,0.88113,-0.69,1.1,0.19,0.54623,-0.37258,-0.1473,0.73561,-0.71,1.08,0.19,0.54623,-0.37258,-0.1473,0.73561,-0.81,1.08,0.19
-0.79,1.45,-0.15,-0.79,1.45,-0.15,-0.85,1.1,0.11,0.37187,-0.09359,-0.21582,-0.89798,-0.86,1.06,0.06,0.37187,-0.09359,-0.21582,-0.89798,-0.82,1.08,0.08,0.46932,-0.1463,0.49339,-0.71757,-0.8,1.1,0.1,0.2312,0.00592,0.43585,-0.8698,-0.8,1.11,0.13,0.11113,0.02745,0.5114,-0.85168,-0.79,1.12,0.15,0.11113,0.02745,0.5114,-0.85168,-0.84,1.08,0.08,0.37187,-0.09359,-0.21582,-0.89798,-0.83,1.13,0.12,-0.01511,-0.16606,-0.11113,-0.97972,-0.82,1.13,0.16,-0.44998,-0.20248,-0.05134,-0.86827,-0.81,1.11,0.17,-0.60877,-0.1812,-0.01727,-0.77219,-0.81,1.09,0.18,-0.60877,-0.1812,-0.01727,-0.77219,-0.85,1.08,0.09,0.37187,-0.09359,-0.21582,-0.89798,-0.85,1.12,0.13,-0.00615,-0.16872,-0.173,-0.97034,-0.84,1.12,0.17,-0.44426,-0.22958,-0.09108,-0.86118,-0.83,1.1,0.18,-0.65885,-0.22382,-0.09264,-0.71221,-0.82,1.08,0.18,-0.65885,-0.22382,-0.09264,-0.71221,-0.87,1.07,0.09,0.37187,-0.09359,-0.21582,-0.89798,-0.87,1.11,0.13,0.08824,-0.13983,-0.24975,-0.95409,-0.86,1.12,0.17,-0.39291,-0.26094,-0.1874,-0.86163,-0.85,1.1,0.18,-0.64282,-0.32412,-0.12388,-0.68292,-0.83,1.08,0.18,-0.64282,-0.32412,-0.12388,-0.68292,-0.87,1.07,0.1,0.29388,-0.04551,-0.44531,-0.84455,-0.88,1.09,0.13,0.17952,-0.11294,-0.34544,-0.91416,-0.88,1.1,0.16,-0.32412,-0.27075,-0.31338,-0.85055,-0.87,1.1,0.17,-0.57583,-0.3998,-0.21716,-0.67928,-0.85,1.08,0.18,-0.57583,-0.3998,-0.21716,-0.67928,-0.71,1.09,0.12,-0.3211,-0.19831,-0.13205,0.91658,-0.68,1.06,0.07,-0.3211,-0.19831,-0.13205,0.91658,-0.72,1.07,0.09,-0.46417,-0.26994,0.54122,0.64712,-0.75,1.08,0.11,-0.30088,-0.13994,0.51184,0.7924,-0.77,1.09,0.13,-0.24817,-0.13821,0.59623,0.75088,-0.78,1.09,0.15,-0.24817,-0.13821,0.59623,0.75088,-0.71,1.07,0.1,-0.3211,-0.19831,-0.13205,0.91658,-0.73,1.11,0.13,-0.16338,-0.22645,-0.05321,0.95875,-0.75,1.13,0.17,0.20036,-0.23705,0.00788,0.95058,-0.76,1.12,0.18,0.37303,-0.20668,0.039,0.90367,-0.77,1.1,0.2,0.37303,-0.20668,0.039,0.90367,-0.7,1.07,0.1,-0.3211,-0.19831,-0.13205,0.91658,-0.71,1.11,0.14,-0.08815,-0.20429,-0.10136,0.96965,-0.73,1.12,0.18,0.29659,-0.22904,-0.02683,0.92675,-0.74,1.11,0.2,0.48934,-0.21842,-0.04063,0.84332,-0.75,1.09,0.21,0.48934,-0.21842,-0.04063,0.84332,-0.68,1.07,0.11,-0.3211,-0.19831,-0.13205,0.91658,-0.69,1.1,0.15,-0.12673,-0.17317,-0.17315,0.96123,-0.71,1.12,0.18,0.33112,-0.25033,-0.11295,0.90274,-0.72,1.1,0.2,0.56954,-0.29247,-0.0645,0.76546,-0.73,1.08,0.2,0.56954,-0.29247,-0.0645,0.76546,-0.68,1.07,0.11,-0.23447,-0.13224,-0.35903,0.89366,-0.68,1.09,0.15,-0.27016,-0.09858,-0.2774,0.9167,-0.68,1.11,0.18,0.26676,-0.23682,-0.25945,0.89746,-0.69,1.1,0.19,0.52379,-0.34851,-0.18187,0.75572,-0.71,1.09,0.2,0.52379,-0.34851,-0.18187,0.75572,-0.81,1.08,0.19
-0.79,1.45,-0.15,-0.79,1.45,-0.15,-0.86,1.1,0.11,0.38721,-0.07111,-0.21763,-0.89311,-0.86,1.06,0.06,0.38721,-0.07111,-0.21763,-0.89311,-0.83,1.08,0.09,0.46126,-0.12097,0.50216,-0.72142,-0.81,1.1,0.1,0.22317,0.03423,0.4364,-0.87097,-0.8,1.11,0.13,0.10471,0.05251,0.50912,-0.85269,-0.8,1.12,0.16,0.10471,0.05251,0.50912,-0.85269,-0.84,1.08,0.09,0.38721,-0.07111,-0.21763,-0.89311,-0.84,1.13,0.12,-0.0025,-0.14725,-0.11996,-0.9818,-0.83,1.13,0.16,-0.41155,-0.18761,-0.07349,-0.88884,-0.82,1.11,0.17,-0.56754,-0.17041,-0.0448,-0.80427,-0.81,1.09,0.18,-0.56754,-0.17041,-0.0448,-0.80427,-0.85,1.08,0.09,0.38721,-0.07111,-0.21763,-0.89311,-0.86,1.12,0.13,0.02442,-0.14816,-0.18379,-0.97143,-0.85,1.13,0.17,-0.38378,-0.21219,-0.11798,-0.89094,-0.83,1.11,0.18,-0.59801,-0.21738,-0.12588,-0.76111,-0.82,1.09,0.19,-0.59801,-0.21738,-0.12588,-0.76111,-0.87,1.07,0.09,0.38721,-0.07111,-0.21763,-0.89311,-0.87,1.11,0.13,0.13781,-0.11183,-0.26188,-0.94864,-0.87,1.12,0.17,-0.32386,-0.23942,-0.21622,-0.8894,-0.85,1.11,0.18,-0.57732,-0.31377,-0.15903,-0.73686,-0.84,1.09,0.19,-0.57732,-0.31377,-0.15903,-0.73686,-0.88,1.07,0.1,0.31322,-0.02765,-0.44862,-0.83658,-0.89,1.09,0.13,0.22472,-0.08322,-0.35286,-0.90447,-0.89,1.11,0.16,-0.27201,-0.2504,-0.33633,-0.86614,-0.87,1.1,0.17,-0.53008,-0.38871,-0.24363,-0.71314,-0.86,1.09,0.18,-0.53008,-0.38871,-0.24363,-0.71314,-0.71,1.09,0.12,-0.29791,-0.20131,-0.10913,0.92672,-0.68,1.06,0.07,-0.29791,-0.20131,-0.10913,0.92672,-0.72,1.07,0.09,-0.44781,-0.29078,0.54881,0.64321,-0.75,1.07,0.11,-0.2806,-0.15432,0.5263,0.78769,-0.77,1.08,0.13,-0.22468,-0.15026,0.61013,0.74477,-0.78,1.09,0.15,-0.22468,-0.15026,0.61013,0.74477,-0.71,1.07,0.1,-0.29791,-0.20131,-0.10913,0.92672,-0.73,1.11,0.14,-0.11019,-0.26601,-0.00125,0.95765,-0.75,1.12,0.17,0.24215,-0.25436,0.06816,0.93382,-0.76,1.1,0.18,0.40193,-0.2133,0.10049,0.88479,-0.77,1.09,0.2,0.40193,-0.2133,0.10049,0.88479,-0.7,1.07,0.1,-0.29791,-0.20131,-0.10913,0.92672,-0.71,1.11,0.14,-0.11279,-0.19629,-0.08861,0.97,-0.73,1.12,0.18,0.3124,-0.21758,-0.00927,0.92465,-0.74,1.1,0.2,0.54064,-0.2015,-0.02047,0.81651,-0.75,1.08,0.21,0.54064,-0.2015,-0.02047,0.81651,-0.68,1.07,0.11,-0.29791,-0.20131,-0.10913,0.92672,-0.7,1.1,0.15,-0.17969,-0.14982,-0.16568,0.95803,-0.71,1.12,0.18,0.32884,-0.23363,-0.1054,0.90894,-0.72,1.1,0.2,0.60362,-0.27512,-0.05231,0.74647,-0.73,1.08,0.2,0.60362,-0.27512,-0.05231,0.74647,-0.68,1.07,0.11,-0.21443,-0.12849,-0.33563,0.90822,-0.68,1.09,0.15,-0.2913,-0.06591,-0.25748,0.91897,-0.68,1.1,0.18,0.25973,-0.20371,-0.25813,0.90797,-0.69,1.1,0.19,0.55695,-0.3247,-0.17722,0.74362,-0.7,1.08,0.2,0.55695,-0.3247,-0.17722,0.74362,-0.81,1.08,0.19
-0.79,1.45,-0.15,-0.79,1.45,-0.15,-0.86,1.1,0.1,0.41154,-0.053,-0.20211,-0.88712,-0.86,1.06,0.06,0.41154,-0.053,-0.20211,-0.88712,-0.83,1.08,0.09,0.45914,-0.09524,0.52263,-0.71203,-0.81,1.1,0.1,0.22504,0.06575,0.44859,-0.86244,-0.8,1.11,0.13,0.10749,0.08366,0.5179,-0.84453,-0.8,1.12,0.16,0.10749,0.08366,0.5179,-0.84453,-0.84,1.08,0.09,0.41154,-0.053,-0.20211,-0.88712,-0.84,1.13,0.12,0.02976,-0.12405,-0.11249,-0.98543,-0.83,1.13,0.16,-0.36249,-0.16247,-0.07999,-0.91422,-0.82,1.12,0.17,-0.51513,-0.1464,-0.05886,-0.84246,-0.82,1.1,0.18,-0.51513,-0.1464,-0.05886,-0.84246,-0.85,1.08,0.09,0.41154,-0.053,-0.20211,-0.88712,-0.86,1.13,0.12,0.09017,-0.11895,-0.18095,-0.9721,-0.85,1.14,0.16,-0.29926,-0.18185,-0.13235,-0.92729,-0.84,1.12,0.18,-0.50518,-0.19528,-0.15105,-0.82695,-0.83,1.1,0.2,-0.50518,-0.19528,-0.15105,-0.82695,-0.87,1.07,0.09,0.41154,-0.053,-0.20211,-0.88712,-0.88,1.11,0.13,0.19288,-0.08533,-0.25444,-0.94381,-0.88,1.13,0.16,-0.25469,-0.21068,-0.22477,-0.91664,-0.86,1.12,0.18,-0.50558,-0.28885,-0.1782,-0.79322,-0.85,1.1,0.19,-0.50558,-0.28885,-0.1782,-0.79322,-0.88,1.07,0.09,0.3428,-0.01571,-0.43611,-0.8319,-0.89,1.1,0.13,0.26354,-0.06309,-0.34153,-0.89996,-0.89,1.11,0.15,-0.21311,-0.22259,-0.34144,-0.88795,-0.88,1.11,0.17,-0.46903,-0.36126,-0.26038,-0.76269,-0.86,1.1,0.18,-0.46903,-0.36126,-0.26038,-0.76269,-0.71,1.09,0.12,-0.29681,-0.20294,-0.09922,0.92783,-0.68,1.06,0.07,-0.29681,-0.20294,-0.09922,0.92783,-0.72,1.06,0.09,-0.4449,-0.29132,0.5561,0.63871,-0.75,1.07,0.11,-0.27408,-0.14942,0.53533,0.78484,-0.77,1.08,0.13,-0.21227,-0.14123,0.61884,0.74299,-0.78,1.09,0.15,-0.21227,-0.14123,0.61884,0.74299,-0.71,1.07,0.1,-0.29681,-0.20294,-0.09922,0.92783,-0.74,1.11,0.14,-0.06371,-0.2819,0.03333,0.95675,-0.76,1.11,0.17,0.30296,-0.25377,0.11085,0.91188,-0.76,1.1,0.18,0.4605,-0.20429,0.14509,0.85156,-0.77,1.08,0.19,0.4605,-0.20429,0.14509,0.85156,-0.7,1.07,0.1,-0.29681,-0.20294,-0.09922,0.92783,-0.71,1.11,0.14,-0.12238,-0.19799,-0.07934,0.96929,-0.73,1.12,0.18,0.32283,-0.21525,0.00433,0.92165,-0.74,1.1,0.2,0.56381,-0.19443,-0.00584,0.80267,-0.75,1.08,0.21,0.56381,-0.19443,-0.00584,0.80267,-0.68,1.07,0.11,-0.29681,-0.20294,-0.09922,0.92783,-0.7,1.1,0.15,-0.19614,-0.14771,-0.15839,0.95636,-0.71,1.12,0.18,0.33554,-0.23095,-0.0949,0.90834,-0.72,1.1,0.2,0.62211,-0.26899,-0.04003,0.73419,-0.73,1.08,0.2,0.62211,-0.26899,-0.04003,0.73419,-0.68,1.07,0.11,-0.21439,-0.12951,-0.32608,0.91156,-0.68,1.09,0.15,-0.29893,-0.05946,-0.2487,0.91938,-0.68,1.11,0.17,0.26675,-0.1978,-0.25205,0.90895,-0.69,1.1,0.19,0.58047,-0.32022,-0.1678,0.72963,-0.7,1.08,0.19,0.58047,-0.32022,-0.1678,0.72963,-0.81,1.08,0.19
-0.79,1.45,-0.15,-0.79,1.45,-0.15,-0.86,1.1,0.11,0.39711,-0.03597,-0.17706,-0.89981,-0.86,1.06,0.06,0.39711,-0.03597,-0.17706,-0.89981,-0.83,1.08,0.09,0.43405,-0.10157,0.54184,-0.71253,-0.81,1.1,0.11,0.19533,0.07123,0.46963,-0.85803,-0.81,1.11,0.14,0.07472,0.09051,0.53586,-0.83611,-0.81,1.12,0.16,0.07472,0.09051,0.53586,-0.83611,-0.84,1.08,0.09,0.39711,-0.03597,-0.17706,-0.89981,-0.84,1.13,0.12,0.05098,-0.09768,-0.09917,-0.98895,-0.83,1.13,0.16,-0.33926,-0.13317,-0.07878,-0.92788,-0.83,1.12,0.18,-0.492,-0.11724,-0.06366,-0.86032,-0.82,1.1,0.19,-0.492,-0.11724,-0.06366,-0.86032,-0.86,1.08,0.09,0.39711,-0.03597,-0.17706,-0.89981,-0.86,1.13,0.13,0.11214,-0.08608,-0.16828,-0.97555,-0.86,1.14,0.17,-0.28618,-0.14781,-0.13265,-0.93737,-0.85,1.12,0.19,-0.48962,-0.16277,-0.15961,-0.84161,-0.84,1.1,0.2,-0.48962,-0.16277,-0.15961,-0.84161,-0.87,1.07,0.09,0.39711,-0.03597,-0.17706,-0.89981,-0.88,1.11,0.13,0.19041,-0.05842,-0.23517,-0.95133,-0.88,1.13,0.16,-0.26453,-0.17917,-0.21922,-0.92188,-0.87,1.12,0.18,-0.51356,-0.25663,-0.18299,-0.79807,-0.85,1.1,0.19,-0.51356,-0.25663,-0.18299,-0.79807,-0.88,1.07,0.09,0.33565,0.00601,-0.41277,-0.84672,-0.89,1.1,0.13,0.25606,-0.03901,-0.31965,-0.91145,-0.89,1.11,0.15,-0.21072,-0.18587,-0.33661,-0.89874,-0.89,1.1,0.17,-0.46046,-0.32232,-0.27106,-0.78142,-0.87,1.09,0.18,-0.46046,-0.32232,-0.27106,-0.78142,-0.71,1.09,0.12,-0.29964,-0.19996,-0.09959,0.92753,-0.68,1.06,0.07,-0.29964,-0.19996,-0.09959,0.92753,-0.72,1.06,0.09,-0.4495,-0.28237,0.55297,0.64222,-0.75,1.07,0.11,-0.2759,-0.14013,0.53018,0.7894,-0.77,1.08,0.13,-0.21193,-0.13125,0.61381,0.74906,-0.78,1.09,0.15,-0.21193,-0.13125,0.61381,0.74906,-0.71,1.07,0.1,-0.29964,-0.19996,-0.09959,0.92753,-0.73,1.11,0.14,-0.05698,-0.28702,0.04099,0.95535,-0.76,1.11,0.17,0.3329,-0.25224,0.12668,0.89973,-0.76,1.09,0.18,0.49662,-0.19807,0.16369,0.82906,-0.77,1.08,0.19,0.49662,-0.19807,0.16369,0.82906,-0.7,1.07,0.1,-0.29964,-0.19996,-0.09959,0.92753,-0.71,1.11,0.14,-0.11955,-0.20291,-0.07542,0.96894,-0.73,1.12,0.18,0.33866,-0.2177,0.01318,0.91528,-0.74,1.1,0.2,0.58425,-0.19288,0.00452,0.78831,-0.75,1.08,0.2,0.58425,-0.19288,0.00452,0.78831,-0.68,1.07,0.11,-0.29964,-0.19996,-0.09959,0.92753,-0.7,1.1,0.15,-0.19043,-0.14842,-0.1571,0.95762,-0.7,1.12,0.18,0.3483,-0.23133,-0.0919,0.90373,-0.72,1.1,0.2,0.63764,-0.26787,-0.03593,0.72136,-0.73,1.08,0.2,0.63764,-0.26787,-0.03593,0.72136,-0.68,1.07,0.11,-0.21771,-0.12726,-0.32684,0.91082,-0.68,1.09,0.15,-0.29761,-0.05434,-0.2498,0.91982,-0.68,1.11,0.17,0.27861,-0.19694,-0.25395,0.90504,-0.69,1.1,0.19,0.59404,-0.32081,-0.16879,0.71813,-0.7,1.08,0.19,0.59404,-0.32081,-0.16879,0.71813,-0.81,1.08,0.19
-0.79,1.45,-0.15,-0.79,1.45,-0.15,-0.86,1.1,0.11,0.35118,-0.02743,-0.14391,-0.92477,-0.86,1.06,0.06,0.35118,-0.02743,-0.14391,-0.92477,-0.83,1.07,0.09,0.40795,-0.14099,0.54698,-0.7173,-0.81,1.09,0.11,0.16153,0.04068,0.48785,-0.85689,-0.8,1.1,0.14,0.03542,0.06451,0.55404,-0.82923,-0.8,1.1,0.17,0.03542,0.06451,0.55404,-0.82923,-0.84,1.08,0.09,0.35118,-0.02743,-0.14391,-0.92477,-0.84,1.12,0.13,0.03682,-0.07629,-0.07656,-0.99346,-0.83,1.12,0.17,-0.37376,-0.10577,-0.06409,-0.91924,-0.83,1.11,0.19,-0.53348,-0.08814,-0.05154,-0.83963,-0.82,1.09,0.2,-0.53348,-0.08814,-0.05154,-0.83963,-0.85,1.07,0.09,0.35118,-0.02743,-0.14391,-0.92477,-0.86,1.12,0.13,0.07401,-0.05947,-0.14442,-0.98495,-0.86,1.12,0.17,-0.37907,-0.12037,-0.11467,-0.91031,-0.85,1.11,0.19,-0.58795,-0.12769,-0.14618,-0.78527,-0.84,1.08,0.2,-0.58795,-0.12769,-0.14618,-0.78527,-0.87,1.07,0.09,0.35118,-0.02743,-0.14391,-0.92477,-0.88,1.11,0.13,0.13225,-0.03795,-0.20572,-0.96889,-0.88,1.12,0.17,-0.36221,-0.15355,-0.19839,-0.8977,-0.86,1.1,0.19,-0.61192,-0.22558,-0.17024,-0.73871,-0.85,1.08,0.19,-0.61192,-0.22558,-0.17024,-0.73871,-0.88,1.07,0.09,0.29715,0.02789,-0.37956,-0.87571,-0.89,1.09,0.13,0.19899,-0.0227,-0.28812,-0.93642,-0.89,1.1,0.16,-0.27196,-0.15236,-0.31715,-0.89568,-0.88,1.09,0.17,-0.51965,-0.28476,-0.2654,-0.76055,-0.87,1.08,0.18,-0.51965,-0.28476,-0.2654,-0.76055,-0.71,1.09,0.12,-0.29498,-0.18866,-0.09143,0.93222,-0.68,1.06,0.07,-0.29498,-0.18866,-0.09143,0.93222,-0.72,1.06,0.09,-0.45432,-0.2699,0.54322,0.65243,-0.75,1.07,0.11,-0.28211,-0.13288,0.51578,0.79796,-0.77,1.08,0.14,-0.22404,-0.12951,0.59962,0.75729,-0.78,1.09,0.16,-0.22404,-0.12951,0.59962,0.75729,-0.71,1.07,0.1,-0.29498,-0.18866,-0.09143,0.93222,-0.73,1.11,0.14,-0.04882,-0.28003,0.04936,0.95748,-0.75,1.11,0.17,0.33631,-0.243,0.13022,0.90049,-0.76,1.09,0.18,0.49823,-0.18857,0.16509,0.83003,-0.77,1.07,0.19,0.49823,-0.18857,0.16509,0.83003,-0.7,1.07,0.1,-0.29498,-0.18866,-0.09143,0.93222,-0.71,1.11,0.14,-0.10716,-0.19722,-0.06466,0.97234,-0.73,1.12,0.18,0.34677,-0.20768,0.0191,0.91447,-0.74,1.1,0.2,0.58709,-0.18144,0.00698,0.78889,-0.74,1.08,0.21,0.58709,-0.18144,0.00698,0.78889,-0.68,1.07,0.11,-0.29498,-0.18866,-0.09143,0.93222,-0.69,1.1,0.15,-0.17738,-0.13958,-0.14769,0.96294,-0.7,1.11,0.18,0.35392,-0.21767,-0.09076,0.90505,-0.71,1.1,0.2,0.63778,-0.25464,-0.04115,0.72574,-0.73,1.08,0.2,0.63778,-0.25464,-0.04115,0.72574,-0.67,1.07,0.11,-0.21659,-0.11455,-0.31946,0.91538,-0.68,1.09,0.15,-0.29427,-0.04119,-0.24113,0.92389,-0.68,1.1,0.18,0.27804,-0.17974,-0.25516,0.90845,-0.69,1.1,0.19,0.58651,-0.30388,-0.17954,0.72899,-0.7,1.08,0.19,0.58651,-0.30388,-0.17954,0.72899,-0.81,1.08,0.19
-0.79,1.45,-0.15,-0.79,1.45,-0.15,-0.85,1.09,0.11,0.33667,-0.03087,-0.13725,-0.93105,-0.86,1.06,0.06,0.33667,-0.03087,-0.13725,-0.93105,-0.82,1.07,0.09,0.42454,-0.16035,0.52658,-0.71887,-0.8,1.09,0.11,0.18071,0.01097,0.47381,-0.86182,-0.8,1.1,0.14,0.04796,0.0406,0.5437,-0.83692,-0.8,1.1,0.16,0.04796,0.0406,0.5437,-0.83692,-0.84,1.08,0.09,0.33667,-0.03087,-0.13725,-0.93105,-0.84,1.12,0.13,0.03785,-0.07176,-0.0747,-0.9939,-0.83,1.12,0.17,-0.42137,-0.10423,-0.05868,-0.89897,-0.82,1.1,0.19,-0.59746,-0.08677,-0.04239,-0.79607,-0.82,1.08,0.19,-0.59746,-0.08677,-0.04239,-0.79607,-0.85,1.07,0.09,0.33667,-0.03087,-0.13725,-0.93105,-0.86,1.11,0.13,0.05404,-0.05547,-0.14051,-0.98705,-0.85,1.12,0.18,-0.44312,-0.12032,-0.10717,-0.88186,-0.85,1.1,0.19,-0.66773,-0.1238,-0.136,-0.72132,-0.84,1.08,0.19,-0.66773,-0.1238,-0.136,-0.72132,-0.87,1.07,0.09,0.33667,-0.03087,-0.13725,-0.93105,-0.87,1.1,0.13,0.09003,-0.03981,-0.19935,-0.97497,-0.87,1.11,0.17,-0.43138,-0.1564,-0.1883,-0.86833,-0.86,1.09,0.19,-0.68829,-0.22603,-0.15658,-0.6713,-0.85,1.07,0.19,-0.68829,-0.22603,-0.15658,-0.6713,-0.88,1.07,0.09,0.28321,0.02856,-0.37231,-0.88338,-0.89,1.09,0.13,0.16384,-0.02846,-0.28143,-0.94506,-0.89,1.1,0.16,-0.3285,-0.15846,-0.30578,-0.87948,-0.88,1.09,0.18,-0.57998,-0.28981,-0.25154,-0.71858,-0.87,1.07,0.18,-0.57998,-0.28981,-0.25154,-0.71858,-0.71,1.09,0.12,-0.27618,-0.17763,-0.07327,0.9417,-0.68,1.06,0.07,-0.27618,-0.17763,-0.07327,0.9417,-0.72,1.06,0.1,-0.46333,-0.26664,0.51827,0.66755,-0.75,1.07,0.11,-0.29828,-0.14354,0.4863,0.80867,-0.77,1.09,0.13,-0.2595,-0.15309,0.57077,0.76384,-0.78,1.09,0.15,-0.2595,-0.15309,0.57077,0.76384,-0.71,1.07,0.1,-0.27618,-0.17763,-0.07327,0.9417,-0.73,1.1,0.14,-0.00847,-0.27504,0.07389,0.95855,-0.75,1.1,0.17,0.33309,-0.23439,0.14007,0.90249,-0.76,1.09,0.19,0.47562,-0.18204,0.16845,0.84396,-0.76,1.07,0.2,0.47562,-0.18204,0.16845,0.84396,-0.7,1.07,0.1,-0.27618,-0.17763,-0.07327,0.9417,-0.71,1.11,0.15,-0.1023,-0.18553,-0.0501,0.97601,-0.73,1.11,0.18,0.30987,-0.19167,0.01799,0.93108,-0.74,1.1,0.2,0.52509,-0.17083,-0.00217,0.83372,-0.74,1.08,0.21,0.52509,-0.17083,-0.00217,0.83372,-0.68,1.07,0.11,-0.27618,-0.17763,-0.07327,0.9417,-0.69,1.1,0.15,-0.17772,-0.12415,-0.13183,0.96728,-0.7,1.11,0.18,0.32572,-0.19373,-0.0911,0.92091,-0.71,1.1,0.2,0.59418,-0.23309,-0.0539,0.76793,-0.72,1.08,0.21,0.59418,-0.23309,-0.0539,0.76793,-0.67,1.07,0.11,-0.20305,-0.09831,-0.3014,0.92642,-0.68,1.09,0.15,-0.2917,-0.02217,-0.22045,0.93049,-0.67,1.1,0.18,0.26291,-0.14729,-0.2514,0.91977,-0.68,1.09,0.19,0.55998,-0.26927,-0.1928,0.75944,-0.7,1.08,0.2,0.55998,-0.26927,-0.1928,0.75944,-0.81,1.08,0.19
-0.79,1.45,-0.15,-0.79,1.45,-0.15,-0.85,1.1,0.11,0.34052,-0.04677,-0.15379,-0.9264,-0.86,1.06,0.06,0.34052,-0.04677,-0.15379,-0.9264,-0.82,1.08,0.09,0.45069,-0.16669,0.50264,-0.71864,-0.8,1.09,0.11,0.21389,-0.01003,0.45143,-0.86623,-0.79,1.1,0.14,0.08203,0.02007,0.52608,-0.84623,-0.79,1.11,0.16,0.08203,0.02007,0.52608,-0.84623,-0.84,1.08,0.09,0.34052,-0.04677,-0.15379,-0.9264,-0.83,1.12,0.13,0.04155,-0.08914,-0.08736,-0.99131,-0.83,1.12,0.17,-0.44109,-0.12718,-0.0585,-0.88648,-0.82,1.1,0.18,-0.62459,-0.10978,-0.0353,-0.77239,-0.82,1.08,0.19,-0.62459,-0.10978,-0.0353,-0.77239,-0.85,1.07,0.09,0.34052,-0.04677,-0.15379,-0.9264,-0.86,1.12,0.13,0.03984,-0.07828,-0.15037,-0.98472,-0.85,1.12,0.17,-0.45657,-0.14507,-0.10408,-0.87159,-0.84,1.1,0.19,-0.68488,-0.14617,-0.12534,-0.70276,-0.83,1.08,0.19,-0.68488,-0.14617,-0.12534,-0.70276,-0.87,1.07,0.09,0.34052,-0.04677,-0.15379,-0.9264,-0.87,1.1,0.13,0.06849,-0.0643,-0.20999,-0.97318,-0.87,1.11,0.17,-0.4527,-0.1825,-0.18424,-0.85312,-0.86,1.09,0.19,-0.71019,-0.24932,-0.14272,-0.64273,-0.84,1.07,0.18,-0.71019,-0.24932,-0.14272,-0.64273,-0.88,1.07,0.1,0.28141,0.01143,-0.3876,-0.87775,-0.89,1.09,0.13,0.15944,-0.04941,-0.29455,-0.94094,-0.89,1.1,0.16,-0.34657,-0.18758,-0.30411,-0.86731,-0.88,1.09,0.18,-0.6008,-0.31855,-0.23836,-0.69337,-0.86,1.07,0.18,-0.6008,-0.31855,-0.23836,-0.69337,-0.71,1.09,0.12,-0.26382,-0.17007,-0.07789,0.94626,-0.68,1.06,0.07,-0.26382,-0.17007,-0.07789,0.94626,-0.72,1.06,0.1,-0.46503,-0.26027,0.49871,0.6836,-0.75,1.08,0.11,-0.30786,-0.14845,0.46149,0.81866,-0.77,1.09,0.13,-0.28477,-0.16781,0.54583,0.76995,-0.78,1.09,0.15,-0.28477,-0.16781,0.54583,0.76995,-0.71,1.07,0.1,-0.26382,-0.17007,-0.07789,0.94626,-0.73,1.1,0.14,0.03269,-0.27879,0.082,0.95629,-0.75,1.1,0.17,0.33586,-0.23965,0.13955,0.90016,-0.76,1.08,0.19,0.45744,-0.19114,0.16382,0.85287,-0.76,1.06,0.2,0.45744,-0.19114,0.16382,0.85287,-0.7,1.07,0.1,-0.26382,-0.17007,-0.07789,0.94626,-0.71,1.1,0.15,-0.09269,-0.1833,-0.0545,0.97716,-0.73,1.11,0.19,0.27652,-0.19175,0.00442,0.94167,-0.74,1.1,0.21,0.46759,-0.17717,-0.01862,0.86581,-0.74,1.08,0.22,0.46759,-0.17717,-0.01862,0.86581,-0.68,1.07,0.11,-0.26382,-0.17007,-0.07789,0.94626,-0.69,1.1,0.15,-0.17844,-0.11684,-0.13724,0.9673,-0.7,1.11,0.19,0.29871,-0.18742,-0.1041,0.92995,-0.71,1.1,0.21,0.55291,-0.23128,-0.07137,0.79731,-0.72,1.08,0.21,0.55291,-0.23128,-0.07137,0.79731,-0.67,1.07,0.11,-0.19192,-0.08788,-0.30522,0.92859,-0.68,1.08,0.15,-0.30017,0.00166,-0.22239,0.9276,-0.67,1.1,0.18,0.23568,-0.1245,-0.26731,0.92601,-0.68,1.09,0.19,0.5253,-0.25125,-0.21744,0.78336,-0.69,1.08,0.2,0.5253,-0.25125,-0.21744,0.78336,-0.81,1.08,0.19
-0.79,1.45,-0.15,-0.79,1.45,-0.15,-0.85,1.1,0.11,0.34648,-0.04764,-0.1614,-0.92284,-0.86,1.06,0.06,0.34648,-0.04764,-0.1614,-0.92284,-0.82,1.08,0.09,0.45502,-0.15949,0.49969,-0.71961,-0.8,1.09,0.1,0.21969,-0.00524,0.44606,-0.86761,-0.79,1.11,0.13,0.08552,0.02571,0.52035,-0.84927,-0.79,1.11,0.16,0.08552,0.02571,0.52035,-0.84927,-0.83,1.08,0.09,0.34648,-0.04764,-0.1614,-0.92284,-0.83,1.12,0.13,0.03949,-0.09385,-0.09256,-0.99049,-0.83,1.12,0.17,-0.44292,-0.13377,-0.06074,-0.88444,-0.82,1.11,0.18,-0.62749,-0.11679,-0.03575,-0.76899,-0.82,1.08,0.19,-0.62749,-0.11679,-0.03575,-0.76899,-0.85,1.07,0.09,0.34648,-0.04764,-0.1614,-0.92284,-0.86,1.12,0.13,0.04498,-0.08385,-0.15583,-0.98319,-0.85,1.12,0.17,-0.44097,-0.15142,-0.10781,-0.87806,-0.84,1.1,0.19,-0.66738,-0.15403,-0.12799,-0.71728,-0.83,1.08,0.19,-0.66738,-0.15403,-0.12799,-0.71728,-0.87,1.07,0.09,0.34648,-0.04764,-0.1614,-0.92284,-0.87,1.11,0.13,0.08265,-0.06733,-0.21689,-0.97036,-0.87,1.11,0.17,-0.42691,-0.18669,-0.19058,-0.86405,-0.86,1.09,0.19,-0.68426,-0.2555,-0.14832,-0.66672,-0.84,1.07,0.19,-0.68426,-0.2555,-0.14832,-0.66672,-0.87,1.07,0.09,0.28599,0.0087,-0.39506,-0.87296,-0.89,1.09,0.13,0.17635,-0.04925,-0.3017,-0.93566,-0.89,1.1,0.16,-0.32758,-0.19181,-0.31054,-0.87147,-0.88,1.09,0.18,-0.57936,-0.32345,-0.244,-0.70724,-0.86,1.08,0.18,-0.57936,-0.32345,-0.244,-0.70724,-0.7,1.09,0.12,-0.28717,-0.17359,-0.10627,0.936,-0.68,1.06,0.07,-0.28717,-0.17359,-0.10627,0.936,-0.72,1.07,0.09,-0.48849,-0.23824,0.48276,0.6867,-0.75,1.08,0.11,-0.33178,-0.13271,0.43961,0.82405,-0.77,1.1,0.13,-0.31039,-0.15185,0.52561,0.77739,-0.78,1.1,0.15,-0.31039,-0.15185,0.52561,0.77739,-0.71,1.07,0.1,-0.28717,-0.17359,-0.10627,0.936,-0.73,1.11,0.14,0.02911,-0.28954,0.06935,0.95421,-0.75,1.1,0.17,0.32374,-0.25508,0.12856,0.902,-0.76,1.09,0.19,0.43489,-0.21001,0.15176,0.8624,-0.77,1.07,0.2,0.43489,-0.21001,0.15176,0.8624,-0.7,1.07,0.1,-0.28717,-0.17359,-0.10627,0.936,-0.71,1.11,0.14,-0.04544,-0.20596,-0.06194,0.97554,-0.73,1.11,0.18,0.31978,-0.21495,0.00579,0.92277,-0.74,1.1,0.2,0.5037,-0.19695,-0.01242,0.84103,-0.75,1.08,0.21,0.5037,-0.19695,-0.01242,0.84103,-0.68,1.07,0.11,-0.28717,-0.17359,-0.10627,0.936,-0.69,1.1,0.15,-0.14125,-0.13987,-0.15574,0.96759,-0.7,1.11,0.18,0.33126,-0.21475,-0.11037,0.91212,-0.71,1.1,0.2,0.57539,-0.258,-0.07115,0.77285,-0.72,1.08,0.21,0.57539,-0.258,-0.07115,0.77285,-0.67,1.07,0.11,-0.21,-0.09808,-0.33379,0.91371,-0.68,1.09,0.15,-0.31225,-0.00081,-0.2544,0.9153,-0.67,1.1,0.17,0.21752,-0.14388,-0.2926,0.91998,-0.68,1.1,0.19,0.49084,-0.274,-0.23797,0.79206,-0.69,1.08,0.2,0.49084,-0.274,-0.23797,0.79206,-0.81,1.08,0.19
-0.79,1.45,-0.15,-0.79,1.45,-0.15,-0.85,1.1,0.11,0.35197,-0.0499,-0.16433,-0.92012,-0.86,1.06,0.06,0.35197,-0.0499,-0.16433,-0.92012,-0.82,1.08,0.09,0.45526,-0.15476,0.50312,-0.7181,-0.8,1.09,0.1,0.22082,0.00026,0.44798,-0.86634,-0.79,1.11,0.13,0.08683,0.03119,0.52158,-0.8482,-0.79,1.11,0.16,0.08683,0.03119,0.52158,-0.8482,-0.83,1.08,0.09,0.35197,-0.0499,-0.16433,-0.92012,-0.83,1.12,0.13,0.04041,-0.09904,-0.09253,-0.98995,-0.83,1.12,0.17,-0.43696,-0.13799,-0.059,-0.88687,-0.82,1.11,0.18,-0.62125,-0.12052,-0.03348,-0.77357,-0.81,1.09,0.19,-0.62125,-0.12052,-0.03348,-0.77357,-0.85,1.08,0.09,0.35197,-0.0499,-0.16433,-0.92012,-0.86,1.12,0.13,0.06559,-0.08769,-0.15721,-0.98148,-0.85,1.12,0.17,-0.38842,-0.15158,-0.11282,-0.9019,-0.84,1.11,0.19,-0.60566,-0.15768,-0.1357,-0.76805,-0.83,1.09,0.2,-0.60566,-0.15768,-0.1357,-0.76805,-0.87,1.07,0.09,0.35197,-0.0499,-0.16433,-0.92012,-0.87,1.11,0.13,0.12395,-0.06526,-0.22045,-0.96529,-0.87,1.12,0.17,-0.35746,-0.18178,-0.19968,-0.89404,-0.86,1.1,0.19,-0.60954,-0.25329,-0.16207,-0.73351,-0.84,1.08,0.19,-0.60954,-0.25329,-0.16207,-0.73351,-0.87,1.07,0.09,0.29048,0.00495,-0.39806,-0.87014,-0.89,1.09,0.13,0.20805,-0.04401,-0.30434,-0.92852,-0.89,1.1,0.16,-0.28438,-0.18714,-0.31744,-0.88507,-0.88,1.09,0.18,-0.52774,-0.31731,-0.25569,-0.74528,-0.86,1.08,0.18,-0.52774,-0.31731,-0.25569,-0.74528,-0.7,1.1,0.12,-0.35375,-0.16475,-0.13323,0.91103,-0.68,1.06,0.07,-0.35375,-0.16475,-0.13323,0.91103,-0.72,1.07,0.09,-0.52296,-0.17787,0.49051,0.674,-0.74,1.09,0.11,-0.36729,-0.07242,0.4344,0.81924,-0.76,1.11,0.13,-0.33726,-0.08627,0.52195,0.7787,-0.77,1.12,0.15,-0.33726,-0.08627,0.52195,0.7787,-0.71,1.08,0.09,-0.35375,-0.16475,-0.13323,0.91103,-0.72,1.12,0.13,-0.0385,-0.27884,0.0463,0.95845,-0.74,1.12,0.16,0.26927,-0.25262,0.10578,0.9233,-0.75,1.11,0.18,0.38141,-0.21117,0.12652,0.89103,-0.76,1.09,0.19,0.38141,-0.21117,0.12652,0.89103,-0.69,1.08,0.1,-0.35375,-0.16475,-0.13323,0.91103,-0.7,1.12,0.14,-0.04338,-0.21676,-0.06819,0.97287,-0.72,1.13,0.17,0.33766,-0.22714,0.00813,0.91342,-0.73,1.11,0.19,0.52622,-0.20694,-0.00646,0.82476,-0.74,1.09,0.2,0.52622,-0.20694,-0.00646,0.82476,-0.68,1.08,0.1,-0.35375,-0.16475,-0.13323,0.91103,-0.69,1.11,0.14,-0.13557,-0.15958,-0.17135,0.9627,-0.7,1.12,0.18,0.3441,-0.24026,-0.11252,0.90067,-0.71,1.11,0.19,0.58826,-0.28259,-0.06521,0.75487,-0.72,1.09,0.2,0.58826,-0.28259,-0.06521,0.75487,-0.67,1.07,0.11,-0.27295,-0.10731,-0.36422,0.88393,-0.67,1.1,0.15,-0.35629,-0.00702,-0.29149,0.88772,-0.66,1.12,0.17,0.17339,-0.17467,-0.31841,0.91545,-0.67,1.11,0.19,0.44561,-0.31095,-0.25058,0.80122,-0.69,1.1,0.19,0.44561,-0.31095,-0.25058,0.80122,-0.81,1.08,0.19
-0.79,1.45,-0.15,-0.79,1.45,-0.15,-0.85,1.1,0.11,0.35316,-0.0561,-0.16414,-0.91934,-0.86,1.06,0.06,0.35316,-0.0561,-0.16414,-0.91934,-0.82,1.08,0.09,0.44896,-0.15577,0.51222,-0.7154,-0.8,1.09,0.1,0.21486,0.00307,0.45747,-0.86287,-0.79,1.1,0.13,0.08365,0.03302,0.53039,-0.84297,-0.79,1.11,0.16,0.08365,0.03302,0.53039,-0.84297,-0.84,1.08,0.09,0.35316,-0.0561,-0.16414,-0.91934,-0.83,1.12,0.13,0.04197,-0.10779,-0.08805,-0.98938,-0.83,1.12,0.17,-0.4242,-0.14292,-0.05273,-0.89266,-0.82,1.11,0.18,-0.60864,-0.124,-0.02692,-0.78324,-0.81,1.09,0.19,-0.60864,-0.124,-0.02692,-0.78324,-0.85,1.07,0.09,0.35316,-0.0561,-0.16414,-0.91934,-0.86,1.12,0.13,0.08663,-0.09358,-0.15506,-0.97964,-0.85,1.13,0.17,-0.32821,-0.15121,-0.11491,-0.92532,-0.84,1.11,0.19,-0.52771,-0.15939,-0.14125,-0.82229,-0.83,1.09,0.2,-0.52771,-0.15939,-0.14125,-0.82229,-0.87,1.07,0.09,0.35316,-0.0561,-0.16414,-0.91934,-0.87,1.11,0.13,0.15328,-0.06896,-0.21891,-0.96116,-0.87,1.12,0.17,-0.30293,-0.17977,-0.20079,-0.91411,-0.86,1.11,0.19,-0.5442,-0.25032,-0.16722,-0.78309,-0.84,1.09,0.2,-0.5442,-0.25032,-0.16722,-0.78309,-0.88,1.07,0.09,0.29039,-0.0014,-0.39777,-0.87032,-0.89,1.09,0.13,0.22343,-0.04533,-0.30338,-0.92519,-0.89,1.1,0.16,-0.25726,-0.18491,-0.31797,-0.8936,-0.88,1.1,0.18,-0.4932,-0.31227,-0.25967,-0.76929,-0.86,1.08,0.18,-0.4932,-0.31227,-0.25967,-0.76929,-0.69,1.1,0.11,-0.41383,-0.15994,-0.14386,0.88458,-0.68,1.06,0.07,-0.41383,-0.15994,-0.14386,0.88458,-0.72,1.08,0.09,-0.52718,-0.14299,0.53081,0.64798,-0.74,1.09,0.1,-0.3615,-0.01855,0.46969,0.80521,-0.75,1.11,0.13,-0.2975,-0.01311,0.55352,0.77778,-0.76,1.12,0.15,-0.2975,-0.01311,0.55352,0.77778,-0.71,1.08,0.09,-0.41383,-0.15994,-0.14386,0.88458,-0.72,1.13,0.12,-0.10372,-0.25271,0.02195,0.96172,-0.74,1.14,0.15,0.25848,-0.23273,0.08733,0.93349,-0.75,1.12,0.17,0.37995,-0.19277,0.10723,0.89832,-0.75,1.11,0.19,0.37995,-0.19277,0.10723,0.89832,-0.69,1.08,0.1,-0.41383,-0.15994,-0.14386,0.88458,-0.7,1.13,0.13,-0.06654,-0.21993,-0.06739,0.97091,-0.72,1.14,0.17,0.3333,-0.2298,0.01452,0.91427,-0.73,1.12,0.18,0.54012,-0.20743,0.00301,0.81562,-0.73,1.1,0.19,0.54012,-0.20743,0.00301,0.81562,-0.67,1.08,0.1,-0.41383,-0.15994,-0.14386,0.88458,-0.68,1.12,0.13,-0.15845,-0.17235,-0.17521,0.95629,-0.69,1.13,0.17,0.33546,-0.25571,-0.10563,0.90051,-0.71,1.12,0.19,0.59657,-0.29571,-0.04895,0.74449,-0.72,1.1,0.19,0.59657,-0.29571,-0.04895,0.74449,-0.67,1.08,0.11,-0.3311,-0.11899,-0.37755,0.85655,-0.67,1.1,0.14,-0.38661,-0.02802,-0.31018,0.86807,-0.66,1.13,0.16,0.16426,-0.21346,-0.31746,0.90922,-0.67,1.12,0.18,0.44832,-0.35053,-0.23152,0.78901,-0.69,1.11,0.19,0.44832,-0.35053,-0.23152,0.78901,-0.81,1.08,0.19
-0.79,1.45,-0.15,-0.79,1.45,-0.15,-0.85,1.1,0.11,0.3473,-0.06079,-0.16763,-0.92065,-0.86,1.06,0.06,0.3473,-0.06079,-0.16763,-0.92065,-0.82,1.08,0.09,0.44148,-0.16088,0.51434,-0.7174,-0.8,1.09,0.11,0.20624,-0.00011,0.46124,-0.86297,-0.8,1.1,0.14,0.07859,0.02751,0.53449,-0.84107,-0.79,1.11,0.16,0.07859,0.02751,0.53449,-0.84107,-0.84,1.08,0.09,0.3473,-0.06079,-0.16763,-0.92065,-0.83,1.12,0.13,0.03938,-0.11422,-0.08969,-0.98861,-0.83,1.12,0.17,-0.42018,-0.14894,-0.05223,-0.89361,-0.82,1.11,0.18,-0.60408,-0.12979,-0.02542,-0.78588,-0.81,1.09,0.19,-0.60408,-0.12979,-0.02542,-0.78588,-0.85,1.07,0.09,0.3473,-0.06079,-0.16763,-0.92065,-0.86,1.12,0.13,0.07707,-0.10124,-0.15557,-0.9796,-0.85,1.12,0.17,-0.33328,-0.15781,-0.11283,-0.92265,-0.84,1.11,0.19,-0.52929,-0.1647,-0.13801,-0.82078,-0.83,1.09,0.2,-0.52929,-0.1647,-0.13801,-0.82078,-0.87,1.07,0.09,0.3473,-0.06079,-0.16763,-0.92065,-0.87,1.1,0.13,0.14554,-0.07604,-0.22008,-0.96156,-0.87,1.12,0.17,-0.30794,-0.18579,-0.19913,-0.91159,-0.86,1.1,0.19,-0.54624,-0.25512,-0.16458,-0.78067,-0.84,1.09,0.2,-0.54624,-0.25512,-0.16458,-0.78067,-0.88,1.07,0.09,0.28323,-0.00461,-0.40051,-0.87141,-0.89,1.09,0.13,0.21513,-0.05005,-0.30594,-0.92608,-0.89,1.1,0.16,-0.26515,-0.18955,-0.31789,-0.89034,-0.88,1.09,0.18,-0.49944,-0.31644,-0.25872,-0.76386,-0.86,1.08,0.18,-0.49944,-0.31644,-0.25872,-0.76386,-0.7,1.1,0.11,-0.41992,-0.17739,-0.12168,0.8817,-0.68,1.05,0.07,-0.41992,-0.17739,-0.12168,0.8817,-0.72,1.07,0.09,-0.51972,-0.16856,0.56182,0.62116,-0.75,1.08,0.11,-0.34979,-0.029,0.50962,0.78556,-0.76,1.1,0.13,-0.26408,-0.00562,0.59004,0.76295,-0.77,1.11,0.15,-0.26408,-0.00562,0.59004,0.76295,-0.71,1.08,0.09,-0.41992,-0.17739,-0.12168,0.8817,-0.72,1.12,0.12,-0.11671,-0.24208,0.02799,0.9628,-0.74,1.13,0.15,0.28271,-0.21738,0.09769,0.92913,-0.75,1.12,0.17,0.42813,-0.17274,0.12167,0.87867,-0.75,1.1,0.19,0.42813,-0.17274,0.12167,0.87867,-0.69,1.07,0.1,-0.41992,-0.17739,-0.12168,0.8817,-0.7,1.12,0.13,-0.0825,-0.22615,-0.0441,0.96959,-0.72,1.13,0.17,0.29899,-0.22708,0.03368,0.92623,-0.73,1.12,0.18,0.50191,-0.20347,0.01956,0.84042,-0.74,1.1,0.2,0.50191,-0.20347,0.01956,0.84042,-0.68,1.07,0.1,-0.41992,-0.17739,-0.12168,0.8817,-0.69,1.11,0.13,-0.17976,-0.18263,-0.15188,0.9546,-0.7,1.13,0.17,0.29955,-0.25268,-0.08429,0.91614,-0.71,1.12,0.19,0.56407,-0.28749,-0.02989,0.77349,-0.72,1.1,0.19,0.56407,-0.28749,-0.02989,0.77349,-0.67,1.07,0.11,-0.33656,-0.13715,-0.35602,0.86091,-0.67,1.1,0.14,-0.40181,-0.05134,-0.28813,0.86769,-0.67,1.12,0.16,0.16419,-0.22525,-0.28428,0.91733,-0.68,1.12,0.18,0.45837,-0.35196,-0.19405,0.79269,-0.69,1.11,0.19,0.45837,-0.35196,-0.19405,0.79269,-0.81,1.08,0.19
-0.79,1.45,-0.15,-0.79,1.45,-0.15,-0.85,1.09,0.11,0.34351,-0.06318,-0.17701,-0.92015,-0.86,1.05,0.06,0.34351,-0.06318,-0.17701,-0.92015,-0.83,1.07,0.09,0.43681,-0.16252,0.51155,-0.72187,-0.8,1.09,0.11,0.20013,-0.00193,0.45894,-0.86563,-0.8,1.1,0.14,0.07413,0.0238,0.53252,-0.84283,-0.8,1.11,0.16,0.07413,0.0238,0.53252,-0.84283,-0.84,1.08,0.09,0.34351,-0.06318,-0.17701,-0.92015,-0.83,1.12,0.13,0.03701,-0.11866,-0.0987,-0.98732,-0.83,1.12,0.17,-0.42293,-0.15703,-0.05797,-0.89057,-0.82,1.1,0.18,-0.60651,-0.13893,-0.02918,-0.7823,-0.81,1.08,0.19,-0.60651,-0.13893,-0.02918,-0.7823,-0.85,1.07,0.09,0.34351,-0.06318,-0.17701,-0.92015,-0.86,1.12,0.13,0.05391,-0.11004,-0.16114,-0.9793,-0.85,1.12,0.17,-0.36078,-0.16862,-0.11313,-0.91028,-0.84,1.1,0.19,-0.55721,-0.17375,-0.13511,-0.80067,-0.83,1.08,0.2,-0.55721,-0.17375,-0.13511,-0.80067,-0.87,1.07,0.09,0.34351,-0.06318,-0.17701,-0.92015,-0.87,1.1,0.13,0.12787,-0.08392,-0.22694,-0.96182,-0.87,1.11,0.17,-0.32741,-0.19591,-0.20123,-0.90218,-0.86,1.1,0.19,-0.56429,-0.2651,-0.16371,-0.76453,-0.84,1.08,0.2,-0.56429,-0.2651,-0.16371,-0.76453,-0.88,1.06,0.1,0.27776,-0.00639,-0.40891,-0.86925,-0.89,1.09,0.13,0.20211,-0.05572,-0.31448,-0.92582,-0.89,1.1,0.16,-0.28052,-0.19883,-0.32176,-0.88218,-0.88,1.09,0.18,-0.51335,-0.32665,-0.25973,-0.74988,-0.86,1.08,0.18,-0.51335,-0.32665,-0.25973,-0.74988,-0.7,1.1,0.11,-0.40013,-0.19743,-0.13306,0.885,-0.68,1.05,0.07,-0.40013,-0.19743,-0.13306,0.885,-0.72,1.07,0.09,-0.52129,-0.1997,0.5473,0.62358,-0.75,1.08,0.1,-0.34771,-0.06288,0.50348,0.78845,-0.76,1.1,0.13,-0.25819,-0.03512,0.58632,0.76703,-0.77,1.11,0.15,-0.25819,-0.03512,0.58632,0.76703,-0.71,1.07,0.09,-0.40013,-0.19743,-0.13306,0.885,-0.73,1.12,0.12,-0.11672,-0.25616,0.0078,0.95953,-0.75,1.13,0.16,0.30706,-0.2359,0.09145,0.91744,-0.75,1.11,0.17,0.46676,-0.18978,0.12313,0.85496,-0.76,1.09,0.18,0.46676,-0.18978,0.12313,0.85496,-0.7,1.07,0.1,-0.40013,-0.19743,-0.13306,0.885,-0.71,1.12,0.13,-0.05075,-0.24713,-0.04722,0.9665,-0.73,1.12,0.17,0.3315,-0.24705,0.03999,0.90966,-0.74,1.11,0.18,0.5292,-0.21964,0.03032,0.81901,-0.75,1.09,0.19,0.5292,-0.21964,0.03032,0.81901,-0.68,1.07,0.1,-0.40013,-0.19743,-0.13306,0.885,-0.69,1.11,0.14,-0.13598,-0.20748,-0.15197,0.95675,-0.7,1.12,0.17,0.35016,-0.27351,-0.07045,0.89309,-0.72,1.11,0.19,0.61084,-0.30131,-0.00994,0.73211,-0.73,1.09,0.19,0.61084,-0.30131,-0.00994,0.73211,-0.67,1.07,0.11,-0.31158,-0.15219,-0.36457,0.8642,-0.67,1.1,0.14,-0.37596,-0.07432,-0.29532,0.87517,-0.67,1.12,0.16,0.22577,-0.25586,-0.26973,0.90045,-0.68,1.11,0.18,0.52585,-0.37779,-0.16596,0.74378,-0.7,1.1,0.18,0.52585,-0.37779,-0.16596,0.74378,-0.81,1.08,0.19
-0.79,1.45,-0.15,-0.79,1.45,-0.15,-0.86,1.09,0.11,0.34406,-0.06564,-0.17933,-0.91932,-0.86,1.05,0.06,0.34406,-0.06564,-0.17933,-0.91932,-0.83,1.07,0.09,0.43609,-0.16416,0.5124,-0.72133,-0.8,1.09,0.11,0.1996,-0.00323,0.46031,-0.86502,-0.8,1.1,0.14,0.07395,0.02251,0.53398,-0.84196,-0.8,1.1,0.16,0.07395,0.02251,0.53398,-0.84196,-0.84,1.08,0.09,0.34406,-0.06564,-0.17933,-0.91932,-0.84,1.12,0.13,0.03225,-0.1197,-0.1012,-0.98711,-0.83,1.12,0.17,-0.43334,-0.15939,-0.05859,-0.88509,-0.82,1.1,0.18,-0.61721,-0.1414,-0.02862,-0.77346,-0.81,1.08,0.19,-0.61721,-0.1414,-0.02862,-0.77346,-0.85,1.07,0.09,0.34406,-0.06564,-0.17933,-0.91932,-0.86,1.12,0.13,0.04174,-0.11405,-0.1619,-0.97931,-0.85,1.12,0.17,-0.38621,-0.17417,-0.10944,-0.89918,-0.84,1.1,0.19,-0.58813,-0.17738,-0.12882,-0.77849,-0.83,1.08,0.2,-0.58813,-0.17738,-0.12882,-0.77849,-0.87,1.07,0.09,0.34406,-0.06564,-0.17933,-0.91932,-0.87,1.1,0.13,0.11418,-0.08928,-0.22777,-0.96287,-0.87,1.11,0.17,-0.34983,-0.20253,-0.1978,-0.89302,-0.86,1.1,0.19,-0.58954,-0.27072,-0.15736,-0.74458,-0.84,1.08,0.19,-0.58954,-0.27072,-0.15736,-0.74458,-0.88,1.06,0.1,0.27747,-0.00904,-0.41102,-0.86833,-0.89,1.09,0.14,0.19188,-0.06126,-0.31658,-0.92693,-0.89,1.1,0.16,-0.30096,-0.20752,-0.31883,-0.87447,-0.88,1.09,0.18,-0.53936,-0.3364,-0.25184,-0.72973,-0.86,1.08,0.18,-0.53936,-0.3364,-0.25184,-0.72973,-0.7,1.09,0.12,-0.35626,-0.20707,-0.13952,0.90041,-0.68,1.05,0.07,-0.35626,-0.20707,-0.13952,0.90041,-0.72,1.07,0.09,-0.50054,-0.23972,0.53359,0.63818,-0.75,1.08,0.1,-0.32644,-0.10675,0.49923,0.7955,-0.77,1.09,0.13,-0.24166,-0.08209,0.58512,0.76974,-0.78,1.1,0.15,-0.24166,-0.08209,0.58512,0.76974,-0.71,1.07,0.09,-0.35626,-0.20707,-0.13952,0.90041,-0.73,1.11,0.13,-0.09544,-0.27305,-0.00258,0.95725,-0.75,1.12,0.16,0.32254,-0.25536,0.08825,0.90718,-0.76,1.11,0.18,0.48524,-0.20881,0.12523,0.8398,-0.76,1.09,0.19,0.48524,-0.20881,0.12523,0.8398,-0.7,1.07,0.1,-0.35626,-0.20707,-0.13952,0.90041,-0.71,1.12,0.14,-0.02784,-0.25389,-0.05984,0.96498,-0.73,1.12,0.17,0.38178,-0.25669,0.03948,0.88702,-0.74,1.1,0.19,0.60081,-0.22269,0.03779,0.76682,-0.75,1.08,0.19,0.60081,-0.22269,0.03779,0.76682,-0.68,1.07,0.11,-0.35626,-0.20707,-0.13952,0.90041,-0.69,1.11,0.14,-0.08574,-0.21331,-0.15526,0.96075,-0.71,1.11,0.18,0.43436,-0.28064,-0.05994,0.8538,-0.72,1.1,0.19,0.7056,-0.29986,0.01027,0.64195,-0.73,1.07,0.19,0.7056,-0.29986,0.01027,0.64195,-0.67,1.07,0.11,-0.26594,-0.1504,-0.36769,0.87833,-0.68,1.09,0.15,-0.3123,-0.08447,-0.29472,0.89915,-0.68,1.11,0.17,0.32349,-0.26687,-0.25659,0.8708,-0.69,1.1,0.18,0.63783,-0.38747,-0.13796,0.65116,-0.7,1.09,0.18,0.63783,-0.38747,-0.13796,0.65116,-0.81,1.08,0.19
-0.79,1.45,-0.15,-0.79,1.45,-0.15,-0.86,1.09,0.11,0.34242,-0.06595,-0.17742,-0.92028,-0.86,1.05,0.06,0.34242,-0.06595,-0.17742,-0.92028,-0.83,1.07,0.09,0.43274,-0.16669,0.51537,-0.72066,-0.8,1.09,0.11,0.19666,-0.00454,0.46408,-0.86367,-0.8,1.1,0.14,0.07285,0.0204,0.53779,-0.83968,-0.8,1.1,0.16,0.07285,0.0204,0.53779,-0.83968,-0.84,1.08,0.09,0.34242,-0.06595,-0.17742,-0.92028,-0.84,1.12,0.13,0.02657,-0.11753,-0.10045,-0.98762,-0.83,1.12,0.17,-0.44366,-0.15734,-0.05806,-0.88036,-0.82,1.1,0.18,-0.62903,-0.13936,-0.02767,-0.76429,-0.81,1.08,0.19,-0.62903,-0.13936,-0.02767,-0.76429,-0.85,1.07,0.09,0.34242,-0.06595,-0.17742,-0.92028,-0.86,1.11,0.13,0.03688,-0.11233,-0.16099,-0.97985,-0.85,1.12,0.17,-0.39632,-0.17283,-0.10834,-0.89517,-0.84,1.1,0.19,-0.60328,-0.17569,-0.12707,-0.76749,-0.83,1.08,0.2,-0.60328,-0.17569,-0.12707,-0.76749,-0.87,1.07,0.09,0.34242,-0.06595,-0.17742,-0.92028,-0.87,1.1,0.14,0.10838,-0.08858,-0.22623,-0.96397,-0.87,1.11,0.17,-0.36258,-0.20247,-0.19544,-0.88845,-0.86,1.1,0.19,-0.60747,-0.27062,-0.15344,-0.73089,-0.84,1.08,0.19,-0.60747,-0.27062,-0.15344,-0.73089,-0.88,1.06,0.1,0.27607,-0.00883,-0.40913,-0.86966,-0.89,1.09,0.14,0.18682,-0.06109,-0.31504,-0.9285,-0.89,1.1,0.16,-0.31533,-0.20938,-0.31584,-0.87004,-0.88,1.09,0.18,-0.56148,-0.34,-0.24506,-0.7135,-0.86,1.08,0.18,-0.56148,-0.34,-0.24506,-0.7135,-0.7,1.09,0.12,-0.29895,-0.20869,-0.12054,0.92333,-0.68,1.05,0.07,-0.29895,-0.20869,-0.12054,0.92333,-0.72,1.06,0.09,-0.45557,-0.28617,0.54025,0.64707,-0.75,1.07,0.11,-0.28187,-0.14877,0.51761,0.79404,-0.77,1.08,0.13,-0.20537,-0.12992,0.60379,0.7592,-0.78,1.09,0.15,-0.20537,-0.12992,0.60379,0.7592,-0.71,1.07,0.09,-0.29895,-0.20869,-0.12054,0.92333,-0.73,1.11,0.13,-0.02714,-0.29156,0.02861,0.95574,-0.75,1.11,0.16,0.37048,-0.25921,0.11993,0.88384,-0.76,1.09,0.18,0.52693,-0.20661,0.1584,0.80906,-0.77,1.07,0.19,0.52693,-0.20661,0.1584,0.80906,-0.7,1.07,0.1,-0.29895,-0.20869,-0.12054,0.92333,-0.71,1.11,0.14,-0.05774,-0.23894,-0.06916,0.96685,-0.73,1.11,0.18,0.36399,-0.24713,0.02715,0.89761,-0.74,1.1,0.19,0.5991,-0.21628,0.02547,0.77048,-0.75,1.07,0.2,0.5991,-0.21628,0.02547,0.77048,-0.68,1.07,0.11,-0.29895,-0.20869,-0.12054,0.92333,-0.69,1.1,0.15,-0.11705,-0.18579,-0.15742,0.96281,-0.71,1.11,0.18,0.40855,-0.25973,-0.07548,0.87174,-0.72,1.09,0.19,0.69227,-0.2863,-0.00922,0.66236,-0.73,1.07,0.19,0.69227,-0.2863,-0.00922,0.66236,-0.67,1.06,0.11,-0.21237,-0.13654,-0.34599,0.90363,-0.68,1.09,0.15,-0.27534,-0.0679,-0.26975,0.92023,-0.68,1.1,0.18,0.35541,-0.23292,-0.25068,0.86982,-0.69,1.09,0.19,0.67689,-0.35589,-0.14281,0.62831,-0.7,1.08,0.19,0.67689,-0.35589,-0.14281,0.62831,-0.81,1.08,0.19
-0.79,1.45,-0.15,-0.79,1.45,-0.15,-0.86,1.09,0.11,0.34416,-0.06866,-0.18267,-0.91841,-0.86,1.05,0.06,0.34416,-0.06866,-0.18267,-0.91841,-0.83,1.07,0.09,0.43463,-0.16585,0.51323,-0.72124,-0.8,1.09,0.11,0.19757,-0.00415,0.46173,-0.86473,-0.8,1.1,0.14,0.07581,0.0192,0.53577,-0.84073,-0.8,1.1,0.16,0.07581,0.0192,0.53577,-0.84073,-0.84,1.08,0.09,0.34416,-0.06866,-0.18267,-0.91841,-0.84,1.12,0.13,0.02075,-0.12168,-0.10398,-0.98689,-0.83,1.12,0.17,-0.44845,-0.16249,-0.05925,-0.87691,-0.82,1.1,0.18,-0.63276,-0.14463,-0.02761,-0.76022,-0.81,1.08,0.18,-0.63276,-0.14463,-0.02761,-0.76022,-0.85,1.07,0.09,0.34416,-0.06866,-0.18267,-0.91841,-0.86,1.12,0.13,0.03636,-0.11685,-0.16492,-0.97869,-0.85,1.12,0.17,-0.39485,-0.17842,-0.11017,-0.89449,-0.84,1.1,0.19,-0.60213,-0.18164,-0.12748,-0.76694,-0.83,1.08,0.2,-0.60213,-0.18164,-0.12748,-0.76694,-0.87,1.07,0.09,0.34416,-0.06866,-0.18267,-0.91841,-0.87,1.1,0.14,0.11043,-0.09234,-0.23078,-0.9623,-0.87,1.11,0.17,-0.36101,-0.2082,-0.19736,-0.88734,-0.85,1.1,0.19,-0.60682,-0.27682,-0.15318,-0.72916,-0.84,1.08,0.19,-0.60682,-0.27682,-0.15318,-0.72916,-0.88,1.06,0.1,0.2765,-0.01217,-0.41402,-0.86717,-0.89,1.09,0.14,0.18833,-0.06406,-0.31995,-0.92631,-0.89,1.1,0.16,-0.31635,-0.21563,-0.31782,-0.86742,-0.87,1.09,0.18,-0.56405,-0.3472,-0.24388,-0.70839,-0.86,1.08,0.18,-0.56405,-0.3472,-0.24388,-0.70839,-0.7,1.09,0.12,-0.29643,-0.20326,-0.11164,0.92647,-0.68,1.06,0.07,-0.29643,-0.20326,-0.11164,0.92647,-0.72,1.07,0.09,-0.44645,-0.28575,0.5495,0.64581,-0.75,1.07,0.11,-0.27581,-0.14676,0.52647,0.79071,-0.77,1.08,0.13,-0.20915,-0.13551,0.61093,0.75144,-0.78,1.09,0.15,-0.20915,-0.13551,0.61093,0.75144,-0.71,1.07,0.09,-0.29643,-0.20326,-0.11164,0.92647,-0.73,1.11,0.13,0.02517,-0.29295,0.06002,0.95391,-0.75,1.1,0.16,0.41629,-0.24663,0.14863,0.86243,-0.76,1.09,0.18,0.56638,-0.18889,0.18551,0.78046,-0.76,1.07,0.18,0.56638,-0.18889,0.18551,0.78046,-0.7,1.07,0.1,-0.29643,-0.20326,-0.11164,0.92647,-0.71,1.11,0.14,-0.07148,-0.2288,-0.06696,0.96853,-0.73,1.12,0.18,0.34725,-0.23735,0.02352,0.90693,-0.74,1.1,0.2,0.57871,-0.20957,0.01801,0.78794,-0.75,1.08,0.2,0.57871,-0.20957,0.01801,0.78794,-0.68,1.07,0.11,-0.29643,-0.20326,-0.11164,0.92647,-0.69,1.1,0.15,-0.14506,-0.17168,-0.15633,0.96179,-0.7,1.11,0.18,0.37192,-0.24732,-0.08444,0.89072,-0.72,1.1,0.2,0.6554,-0.27951,-0.02405,0.70125,-0.73,1.08,0.2,0.6554,-0.27951,-0.02405,0.70125,-0.67,1.07,0.11,-0.21224,-0.13016,-0.33776,0.90771,-0.68,1.09,0.15,-0.28936,-0.05069,-0.26186,0.91931,-0.68,1.1,0.17,0.31747,-0.209,-0.25988,0.88769,-0.69,1.09,0.19,0.63786,-0.33651,-0.16482,0.67286,-0.7,1.08,0.19,0.63786,-0.33651,-0.16482,0.67286,-0.81,1.08,0.19
-0.79,1.45,-0.15,-0.79,1.45,-0.15,-0.85,1.1,0.11,0.35365,-0.08118,-0.2042,-0.9092,-0.86,1.06,0.06,0.35365,-0.08118,-0.2042,-0.9092,-0.83,1.08,0.09,0.45149,-0.16258,0.49836,-0.72206,-0.8,1.09,0.1,0.21004,-0.00541,0.44609,-0.86998,-0.8,1.11,0.13,0.08768,0.01741,0.52141,-0.84861,-0.8,1.11,0.16,0.08768,0.01741,0.52141,-0.84861,-0.84,1.08,0.09,0.35365,-0.08118,-0.2042,-0.9092,-0.84,1.12,0.13,0.01617,-0.14145,-0.11793,-0.98276,-0.82,1.12,0.16,-0.44623,-0.18601,-0.0632,-0.87309,-0.82,1.11,0.18,-0.6256,-0.16831,-0.02745,-0.76128,-0.81,1.09,0.18,-0.6256,-0.16831,-0.02745,-0.76128,-0.85,1.07,0.09,0.35365,-0.08118,-0.2042,-0.9092,-0.86,1.12,0.13,0.04124,-0.13763,-0.17992,-0.97313,-0.85,1.12,0.17,-0.38359,-0.20312,-0.1156,-0.89344,-0.83,1.11,0.19,-0.5901,-0.20738,-0.12722,-0.7698,-0.82,1.09,0.19,-0.5901,-0.20738,-0.12722,-0.7698,-0.87,1.07,0.09,0.35365,-0.08118,-0.2042,-0.9092,-0.87,1.11,0.13,0.1198,-0.11093,-0.24831,-0.95482,-0.87,1.12,0.17,-0.34831,-0.23284,-0.20384,-0.88483,-0.85,1.1,0.19,-0.59295,-0.30223,-0.15202,-0.73073,-0.84,1.08,0.19,-0.59295,-0.30223,-0.15202,-0.73073,-0.88,1.07,0.1,0.28024,-0.02795,-0.43405,-0.85573,-0.88,1.09,0.13,0.19441,-0.08195,-0.33869,-0.91694,-0.88,1.1,0.16,-0.30782,-0.24099,-0.32433,-0.86138,-0.87,1.09,0.18,-0.55345,-0.37291,-0.24157,-0.70447,-0.85,1.08,0.18,-0.55345,-0.37291,-0.24157,-0.70447,-0.7,1.09,0.12,-0.30686,-0.20535,-0.12292,0.92117,-0.68,1.06,0.07,-0.30686,-0.20535,-0.12292,0.92117,-0.72,1.07,0.09,-0.45403,-0.27557,0.54712,0.64697,-0.75,1.08,0.11,-0.2856,-0.13949,0.52072,0.79236,-0.77,1.09,0.13,-0.22571,-0.13346,0.60481,0.75196,-0.78,1.09,0.15,-0.22571,-0.13346,0.60481,0.75196,-0.71,1.07,0.09,-0.30686,-0.20535,-0.12292,0.92117,-0.73,1.11,0.13,0.03228,-0.29681,0.058,0.95263,-0.75,1.11,0.16,0.42875,-0.24968,0.15023,0.85514,-0.76,1.09,0.17,0.57817,-0.19136,0.18827,0.77049,-0.76,1.07,0.18,0.57817,-0.19136,0.18827,0.77049,-0.7,1.07,0.1,-0.30686,-0.20535,-0.12292,0.92117,-0.71,1.11,0.14,-0.06555,-0.23425,-0.07346,0.96718,-0.73,1.12,0.18,0.36258,-0.2447,0.02277,0.89897,-0.74,1.1,0.19,0.58987,-0.21596,0.01913,0.77785,-0.75,1.08,0.2,0.58987,-0.21596,0.01913,0.77785,-0.68,1.07,0.1,-0.30686,-0.20535,-0.12292,0.92117,-0.69,1.1,0.14,-0.10498,-0.18598,-0.15703,0.96423,-0.71,1.11,0.18,0.42314,-0.25947,-0.07431,0.86493,-0.72,1.1,0.19,0.6948,-0.28571,-0.01153,0.65992,-0.73,1.07,0.19,0.6948,-0.28571,-0.01153,0.65992,-0.67,1.07,0.11,-0.22042,-0.13529,-0.34901,0.90072,-0.68,1.09,0.15,-0.22623,-0.07853,-0.27228,0.93194,-0.68,1.1,0.17,0.39193,-0.23587,-0.24903,0.85366,-0.69,1.09,0.19,0.68889,-0.3546,-0.14928,0.61434,-0.7,1.08,0.18,0.68889,-0.3546,-0.14928,0.61434,-0.81,1.08,0.19
-0.79,1.45,-0.15,-0.79,1.45,-0.15,-0.85,1.1,0.11,0.36482,-0.09857,-0.22201,-0.89883,-0.86,1.06,0.06,0.36482,-0.09857,-0.22201,-0.89883,-0.83,1.08,0.08,0.47358,-0.16313,0.48351,-0.71787,-0.8,1.1,0.1,0.22914,-0.01121,0.43184,-0.87228,-0.8,1.11,0.13,0.10492,0.01297,0.50887,-0.85433,-0.79,1.12,0.15,0.10492,0.01297,0.50887,-0.85433,-0.84,1.08,0.08,0.36482,-0.09857,-0.22201,-0.89883,-0.83,1.13,0.12,0.00942,-0.16561,-0.12495,-0.9782,-0.82,1.13,0.16,-0.44649,-0.21017,-0.0591,-0.86775,-0.81,1.11,0.17,-0.62079,-0.19097,-0.01939,-0.76012,-0.81,1.09,0.18,-0.62079,-0.19097,-0.01939,-0.76012,-0.85,1.08,0.09,0.36482,-0.09857,-0.22201,-0.89883,-0.86,1.12,0.13,0.03643,-0.16472,-0.18714,-0.96774,-0.84,1.13,0.17,-0.3858,-0.23058,-0.11042,-0.88645,-0.83,1.11,0.18,-0.59247,-0.23265,-0.11544,-0.76258,-0.82,1.09,0.19,-0.59247,-0.23265,-0.11544,-0.76258,-0.87,1.07,0.09,0.36482,-0.09857,-0.22201,-0.89883,-0.87,1.11,0.13,0.12362,-0.13605,-0.25964,-0.94805,-0.86,1.12,0.17,-0.34251,-0.26034,-0.20161,-0.87992,-0.85,1.11,0.18,-0.58662,-0.3278,-0.14144,-0.72692,-0.83,1.09,0.19,-0.58662,-0.3278,-0.14144,-0.72692,-0.87,1.07,0.1,0.28514,-0.04888,-0.4504,-0.84466,-0.88,1.09,0.13,0.19771,-0.10732,-0.35224,-0.90847,-0.88,1.1,0.16,-0.30394,-0.27041,-0.3223,-0.85477,-0.87,1.1,0.17,-0.54972,-0.40033,-0.22894,-0.69651,-0.85,1.09,0.18,-0.54972,-0.40033,-0.22894,-0.69651,-0.7,1.1,0.12,-0.32663,-0.1946,-0.15072,0.91254,-0.68,1.06,0.07,-0.32663,-0.1946,-0.15072,0.91254,-0.72,1.07,0.09,-0.47284,-0.25149,0.52736,0.6596,-0.75,1.08,0.11,-0.30824,-0.12615,0.49242,0.80412,-0.76,1.1,0.13,-0.25593,-0.12607,0.57763,0.76482,-0.78,1.1,0.15,-0.25593,-0.12607,0.57763,0.76482,-0.71,1.08,0.09,-0.32663,-0.1946,-0.15072,0.91254,-0.73,1.12,0.13,-0.01792,-0.28986,0.01527,0.95678,-0.75,1.12,0.16,0.38571,-0.26204,0.10894,0.87789,-0.76,1.1,0.18,0.54314,-0.21092,0.14914,0.79892,-0.76,1.08,0.18,0.54314,-0.21092,0.14914,0.79892,-0.69,1.07,0.1,-0.32663,-0.1946,-0.15072,0.91254,-0.71,1.12,0.14,-0.05071,-0.23288,-0.09522,0.9665,-0.72,1.12,0.18,0.39342,-0.25258,0.00758,0.88395,-0.74,1.1,0.19,0.62476,-0.22438,0.00874,0.74783,-0.74,1.08,0.19,0.62476,-0.22438,0.00874,0.74783,-0.68,1.07,0.11,-0.32663,-0.1946,-0.15072,0.91254,-0.69,1.11,0.14,-0.04512,-0.19753,-0.17033,0.96433,-0.7,1.11,0.18,0.49453,-0.27539,-0.07422,0.82103,-0.72,1.09,0.19,0.75796,-0.29699,-0.00281,0.58076,-0.73,1.07,0.18,0.75796,-0.29699,-0.00281,0.58076,-0.67,1.07,0.11,-0.23804,-0.1307,-0.37711,0.88546,-0.67,1.09,0.15,-0.17323,-0.10589,-0.29619,0.9333,-0.68,1.1,0.18,0.45826,-0.2733,-0.24515,0.80945,-0.69,1.09,0.18,0.73493,-0.38599,-0.13191,0.54175,-0.7,1.08,0.18,0.73493,-0.38599,-0.13191,0.54175,-0.81,1.08,0.19
-0.79,1.45,-0.15,-0.79,1.45,-0.15,-0.86,1.1,0.1,0.37913,-0.09527,-0.22473,-0.89257,-0.86,1.06,0.06,0.37913,-0.09527,-0.22473,-0.89257,-0.83,1.08,0.08,0.47988,-0.15111,0.48596,-0.71465,-0.8,1.1,0.1,0.23464,0.00158,0.43057,-0.87152,-0.8,1.11,0.13,0.10628,0.02782,0.50598,-0.85552,-0.8,1.12,0.15,0.10628,0.02782,0.50598,-0.85552,-0.84,1.08,0.08,0.37913,-0.09527,-0.22473,-0.89257,-0.84,1.13,0.12,0.00313,-0.16498,-0.12518,-0.97832,-0.82,1.13,0.16,-0.4476,-0.20925,-0.06073,-0.86728,-0.81,1.11,0.17,-0.61805,-0.19022,-0.02216,-0.76246,-0.81,1.09,0.17,-0.61805,-0.19022,-0.02216,-0.76246,-0.85,1.08,0.09,0.37913,-0.09527,-0.22473,-0.89257,-0.86,1.12,0.12,0.03166,-0.16845,-0.18573,-0.96754,-0.84,1.13,0.16,-0.38968,-0.23324,-0.10765,-0.8844,-0.83,1.11,0.18,-0.59722,-0.2344,-0.11179,-0.75888,-0.82,1.09,0.19,-0.59722,-0.2344,-0.11179,-0.75888,-0.87,1.07,0.09,0.37913,-0.09527,-0.22473,-0.89257,-0.87,1.11,0.13,0.12868,-0.139,-0.26065,-0.94667,-0.86,1.12,0.16,-0.33786,-0.26368,-0.20088,-0.88089,-0.85,1.11,0.18,-0.58405,-0.33106,-0.13909,-0.72796,-0.83,1.09,0.19,-0.58405,-0.33106,-0.13909,-0.72796,-0.88,1.07,0.09,0.29941,-0.04957,-0.45381,-0.83783,-0.88,1.09,0.13,0.20975,-0.11056,-0.35435,-0.90456,-0.88,1.11,0.16,-0.29517,-0.27642,-0.32147,-0.85623,-0.87,1.1,0.17,-0.54722,-0.40725,-0.22305,-0.69638,-0.85,1.09,0.17,-0.54722,-0.40725,-0.22305,-0.69638,-0.7,1.1,0.12,-0.33745,-0.1875,-0.14809,0.91052,-0.68,1.06,0.07,-0.33745,-0.1875,-0.14809,0.91052,-0.72,1.07,0.09,-0.48206,-0.24296,0.52501,0.65799,-0.75,1.08,0.11,-0.32104,-0.12115,0.48718,0.80307,-0.76,1.1,0.13,-0.27431,-0.12427,0.57244,0.76265,-0.78,1.1,0.15,-0.27431,-0.12427,0.57244,0.76265,-0.71,1.08,0.09,-0.33745,-0.1875,-0.14809,0.91052,-0.73,1.12,0.13,-0.08862,-0.26909,-0.01347,0.95893,-0.74,1.12,0.16,0.3157,-0.25728,0.07276,0.91041,-0.75,1.11,0.18,0.48398,-0.21304,0.11138,0.84141,-0.76,1.09,0.19,0.48398,-0.21304,0.11138,0.84141,-0.69,1.07,0.1,-0.33745,-0.1875,-0.14809,0.91052,-0.7,1.12,0.14,-0.05983,-0.22166,-0.0971,0.96843,-0.72,1.13,0.18,0.3858,-0.24353,0.00077,0.88986,-0.73,1.11,0.19,0.62388,-0.21757,0.00057,0.75063,-0.74,1.08,0.2,0.62388,-0.21757,0.00057,0.75063,-0.68,1.07,0.11,-0.33745,-0.1875,-0.14809,0.91052,-0.69,1.11,0.14,-0.05282,-0.19032,-0.17018,0.96542,-0.7,1.11,0.18,0.48832,-0.26961,-0.07798,0.8263,-0.72,1.09,0.19,0.75952,-0.29274,-0.00597,0.58085,-0.72,1.07,0.18,0.75952,-0.29274,-0.00597,0.58085,-0.67,1.07,0.11,-0.25039,-0.12629,-0.37579,0.88325,-0.67,1.09,0.15,-0.18669,-0.10831,-0.29317,0.93138,-0.68,1.11,0.18,0.45184,-0.2758,-0.23979,0.8138,-0.69,1.09,0.18,0.73418,-0.38678,-0.12371,0.54413,-0.7,1.08,0.18,0.73418,-0.38678,-0.12371,0.54413,-0.81,1.08,0.19
-0.79,1.45,-0.15,-0.79,1.45,-0.15,-0.86,1.1,0.1,0.38079,-0.08861,-0.22278,-0.89304,-0.86,1.06,0.06,0.38079,-0.08861,-0.22278,-0.89304,-0.83,1.08,0.08,0.47087,-0.14903,0.49449,-0.71523,-0.8,1.1,0.1,0.22469,0.0079,0.43838,-0.87021,-0.8,1.11,0.13,0.09377,0.03543,0.51211,-0.85305,-0.8,1.12,0.15,0.09377,0.03543,0.51211,-0.85305,-0.84,1.08,0.08,0.38079,-0.08861,-0.22278,-0.89304,-0.84,1.13,0.12,-0.00727,-0.15875,-0.1245,-0.97941,-0.83,1.13,0.16,-0.45377,-0.20288,-0.06387,-0.86536,-0.82,1.11,0.17,-0.62247,-0.18449,-0.02667,-0.76012,-0.81,1.09,0.17,-0.62247,-0.18449,-0.02667,-0.76012,-0.85,1.08,0.09,0.38079,-0.08861,-0.22278,-0.89304,-0.86,1.13,0.12,0.01942,-0.16528,-0.18292,-0.96894,-0.84,1.13,0.16,-0.40138,-0.22902,-0.10648,-0.8804,-0.83,1.11,0.18,-0.61112,-0.22949,-0.11072,-0.7494,-0.82,1.09,0.19,-0.61112,-0.22949,-0.11072,-0.7494,-0.87,1.07,0.09,0.38079,-0.08861,-0.22278,-0.89304,-0.87,1.11,0.13,0.11979,-0.1359,-0.25837,-0.94891,-0.87,1.12,0.16,-0.34784,-0.25979,-0.20023,-0.87831,-0.85,1.11,0.18,-0.59667,-0.3274,-0.13844,-0.71946,-0.83,1.09,0.18,-0.59667,-0.3274,-0.13844,-0.71946,-0.88,1.07,0.09,0.30265,-0.04337,-0.45237,-0.83778,-0.89,1.09,0.13,0.20858,-0.1073,-0.35251,-0.90593,-0.88,1.11,0.16,-0.3005,-0.27397,-0.32059,-0.85549,-0.87,1.1,0.17,-0.55825,-0.40634,-0.22001,-0.68909,-0.85,1.09,0.17,-0.55825,-0.40634,-0.22001,-0.68909,-0.7,1.1,0.12,-0.34328,-0.18534,-0.13478,0.91085,-0.68,1.06,0.07,-0.34328,-0.18534,-0.13478,0.91085,-0.72,1.07,0.09,-0.48851,-0.24085,0.52822,0.65141,-0.75,1.08,0.11,-0.32707,-0.11787,0.49047,0.7991,-0.76,1.1,0.13,-0.27891,-0.11942,0.57571,0.75928,-0.78,1.1,0.15,-0.27891,-0.11942,0.57571,0.75928,-0.71,1.08,0.1,-0.34328,-0.18534,-0.13478,0.91085,-0.73,1.12,0.13,-0.10598,-0.25324,-0.01195,0.96151,-0.74,1.12,0.16,0.28933,-0.24343,0.06475,0.92349,-0.75,1.11,0.18,0.45859,-0.20131,0.0996,0.85979,-0.76,1.09,0.19,0.45859,-0.20131,0.0996,0.85979,-0.69,1.07,0.1,-0.34328,-0.18534,-0.13478,0.91085,-0.71,1.12,0.14,-0.07431,-0.21354,-0.08811,0.97011,-0.72,1.13,0.18,0.34002,-0.23247,-0.00341,0.91123,-0.73,1.11,0.19,0.56482,-0.21255,-0.01064,0.7973,-0.74,1.09,0.2,0.56482,-0.21255,-0.01064,0.7973,-0.68,1.07,0.11,-0.34328,-0.18534,-0.13478,0.91085,-0.69,1.11,0.14,-0.09317,-0.17918,-0.16517,0.96537,-0.7,1.12,0.18,0.42134,-0.25643,-0.08831,0.8654,-0.71,1.1,0.19,0.69522,-0.28756,-0.02484,0.6583,-0.72,1.08,0.19,0.69522,-0.28756,-0.02484,0.6583,-0.67,1.07,0.11,-0.25834,-0.12513,-0.36384,0.88613,-0.67,1.09,0.15,-0.25101,-0.08972,-0.28395,0.92104,-0.67,1.11,0.17,0.38317,-0.25835,-0.24676,0.85179,-0.69,1.1,0.19,0.68279,-0.37461,-0.13637,0.61227,-0.7,1.08,0.18,0.68279,-0.37461,-0.13637,0.61227,-0.81,1.08,0.19
-0.79,1.45,-0.15,-0.79,1.45,-0.15,-0.86,1.1,0.11,0.37221,-0.07363,-0.21249,-0.90049,-0.86,1.06,0.06,0.37221,-0.07363,-0.21249,-0.90049,-0.83,1.08,0.08,0.44762,-0.14992,0.50908,-0.71972,-0.81,1.1,0.1,0.20131,0.01401,0.45304,-0.86835,-0.8,1.11,0.13,0.06853,0.04221,0.52438,-0.84767,-0.8,1.11,0.16,0.06853,0.04221,0.52438,-0.84767,-0.84,1.08,0.08,0.37221,-0.07363,-0.21249,-0.90049,-0.84,1.13,0.12,-0.02059,-0.14073,-0.12134,-0.98237,-0.83,1.13,0.16,-0.46197,-0.1847,-0.07036,-0.8646,-0.82,1.11,0.17,-0.62922,-0.1678,-0.0367,-0.75801,-0.81,1.09,0.18,-0.62922,-0.1678,-0.0367,-0.75801,-0.85,1.08,0.09,0.37221,-0.07363,-0.21249,-0.90049,-0.86,1.12,0.13,0.00516,-0.14828,-0.17827,-0.97273,-0.85,1.13,0.17,-0.41403,-0.21129,-0.11005,-0.87854,-0.83,1.11,0.18,-0.62349,-0.21242,-0.11806,-0.7431,-0.82,1.09,0.19,-0.62349,-0.21242,-0.11806,-0.7431,-0.87,1.07,0.09,0.37221,-0.07363,-0.21249,-0.90049,-0.87,1.11,0.13,0.10499,-0.11954,-0.25177,-0.95462,-0.87,1.12,0.17,-0.36314,-0.24178,-0.20259,-0.87671,-0.85,1.11,0.18,-0.61285,-0.31097,-0.14571,-0.71167,-0.84,1.09,0.19,-0.61285,-0.31097,-0.14571,-0.71167,-0.88,1.07,0.09,0.29876,-0.02585,-0.44303,-0.84487,-0.89,1.09,0.13,0.19708,-0.09187,-0.34461,-0.91322,-0.89,1.11,0.16,-0.31389,-0.25612,-0.32184,-0.85574,-0.87,1.1,0.17,-0.57384,-0.39088,-0.22637,-0.68314,-0.86,1.09,0.17,-0.57384,-0.39088,-0.22637,-0.68314,-0.7,1.1,0.12,-0.34981,-0.18359,-0.1314,0.90921,-0.68,1.06,0.07,-0.34981,-0.18359,-0.1314,0.90921,-0.72,1.07,0.09,-0.49111,-0.23219,0.53214,0.64941,-0.75,1.08,0.11,-0.32492,-0.10497,0.49351,0.79991,-0.76,1.1,0.13,-0.26814,-0.10138,0.5786,0.76357,-0.78,1.1,0.15,-0.26814,-0.10138,0.5786,0.76357,-0.71,1.08,0.1,-0.34981,-0.18359,-0.1314,0.90921,-0.73,1.12,0.13,-0.11267,-0.24041,-0.01599,0.96398,-0.74,1.13,0.16,0.28466,-0.23338,0.05614,0.92809,-0.75,1.11,0.18,0.45291,-0.1932,0.08861,0.86585,-0.76,1.09,0.19,0.45291,-0.1932,0.08861,0.86585,-0.69,1.07,0.1,-0.34981,-0.18359,-0.1314,0.90921,-0.71,1.12,0.14,-0.08004,-0.21101,-0.08519,0.97047,-0.72,1.13,0.18,0.31377,-0.22894,-0.00705,0.92146,-0.73,1.11,0.2,0.51451,-0.21294,-0.01969,0.83039,-0.74,1.09,0.21,0.51451,-0.21294,-0.01969,0.83039,-0.68,1.07,0.11,-0.34981,-0.18359,-0.1314,0.90921,-0.69,1.11,0.14,-0.12099,-0.17446,-0.16611,0.96298,-0.7,1.12,0.18,0.3672,-0.25119,-0.09859,0.89014,-0.71,1.1,0.19,0.62541,-0.28834,-0.04385,0.72374,-0.72,1.08,0.2,0.62541,-0.28834,-0.04385,0.72374,-0.67,1.07,0.11,-0.26553,-0.12495,-0.36117,0.88512,-0.67,1.09,0.15,-0.29562,-0.07728,-0.283,0.90915,-0.67,1.11,0.17,0.32134,-0.24689,-0.25751,0.8772,-0.68,1.1,0.19,0.61878,-0.36637,-0.15654,0.67704,-0.7,1.09,0.19,0.61878,-0.36637,-0.15654,0.67704,-0.81,1.08,0.19
-0.79,1.45,-0.15,-0.79,1.45,-0.15,-0.86,1.1,0.11,0.35251,-0.05455,-0.19555,-0.91352,-0.86,1.06,0.06,0.35251,-0.05455,-0.19555,-0.91352,-0.83,1.08,0.09,0.41332,-0.15677,0.52616,-0.72646,-0.81,1.09,0.11,0.1666,0.01618,0.4722,-0.86546,-0.8,1.1,0.14,0.03337,0.04417,0.54107,-0.83915,-0.8,1.11,0.16,0.03337,0.04417,0.54107,-0.83915,-0.84,1.08,0.09,0.35251,-0.05455,-0.19555,-0.91352,-0.84,1.12,0.13,-0.03919,-0.11628,-0.11437,-0.98583,-0.83,1.12,0.17,-0.47023,-0.15844,-0.07701,-0.86478,-0.82,1.1,0.18,-0.63501,-0.14309,-0.0487,-0.75757,-0.82,1.08,0.18,-0.63501,-0.14309,-0.0487,-0.75757,-0.85,1.08,0.09,0.35251,-0.05455,-0.19555,-0.91352,-0.86,1.12,0.13,-0.0097,-0.12169,-0.17162,-0.97757,-0.85,1.12,0.17,-0.42082,-0.18313,-0.11725,-0.8807,-0.84,1.1,0.19,-0.62664,-0.18624,-0.13226,-0.74508,-0.83,1.08,0.19,-0.62664,-0.18624,-0.13226,-0.74508,-0.87,1.07,0.09,0.35251,-0.05455,-0.19555,-0.91352,-0.88,1.11,0.13,0.08907,-0.09239,-0.24214,-0.96172,-0.87,1.11,0.17,-0.37615,-0.21202,-0.20829,-0.87759,-0.86,1.1,0.19,-0.62406,-0.28408,-0.16087,-0.70991,-0.84,1.08,0.19,-0.62406,-0.28408,-0.16087,-0.70991,-0.88,1.07,0.1,0.28578,-0.00117,-0.42691,-0.85795,-0.89,1.09,0.13,0.17993,-0.06523,-0.33215,-0.92361,-0.89,1.1,0.16,-0.32845,-0.22432,-0.32609,-0.85759,-0.88,1.09,0.18,-0.58713,-0.36238,-0.24238,-0.68206,-0.86,1.08,0.18,-0.58713,-0.36238,-0.24238,-0.68206,-0.7,1.09,0.12,-0.34183,-0.1776,-0.12057,0.91492,-0.68,1.06,0.07,-0.34183,-0.1776,-0.12057,0.91492,-0.72,1.07,0.1,-0.4724,-0.23016,0.54814,0.6507,-0.75,1.08,0.11,-0.3012,-0.09338,0.51047,0.79999,-0.76,1.09,0.14,-0.23548,-0.08569,0.59384,0.76457,-0.77,1.1,0.16,-0.23548,-0.08569,0.59384,0.76457,-0.71,1.07,0.1,-0.34183,-0.1776,-0.12057,0.91492,-0.73,1.12,0.13,-0.11442,-0.22365,-0.01639,0.96779,-0.74,1.12,0.17,0.28165,-0.21835,0.04845,0.93309,-0.75,1.11,0.18,0.4477,-0.18002,0.07744,0.87244,-0.76,1.09,0.2,0.4477,-0.18002,0.07744,0.87244,-0.7,1.07,0.1,-0.34183,-0.1776,-0.12057,0.91492,-0.71,1.12,0.14,-0.06803,-0.20178,-0.07626,0.97409,-0.72,1.12,0.18,0.31514,-0.21674,-0.00511,0.92395,-0.73,1.11,0.2,0.49854,-0.20111,-0.02291,0.8429,-0.74,1.09,0.21,0.49854,-0.20111,-0.02291,0.8429,-0.68,1.07,0.11,-0.34183,-0.1776,-0.12057,0.91492,-0.69,1.11,0.15,-0.12486,-0.16377,-0.15873,0.96561,-0.7,1.12,0.18,0.34969,-0.23695,-0.10103,0.90076,-0.71,1.1,0.2,0.5943,-0.27605,-0.05521,0.75336,-0.72,1.08,0.2,0.5943,-0.27605,-0.05521,0.75336,-0.67,1.07,0.11,-0.26046,-0.1165,-0.35086,0.8919,-0.67,1.09,0.15,-0.30009,-0.06775,-0.27177,0.91187,-0.67,1.11,0.17,0.30535,-0.22935,-0.2574,0.88764,-0.68,1.1,0.19,0.59273,-0.34761,-0.16915,0.70656,-0.7,1.09,0.19,0.59273,-0.34761,-0.16915,0.70656,-0.81,1.08,0.19
-0.79,1.45,-0.15,-0.79,1.45,-0.15,-0.86,1.1,0.11,0.33745,-0.05198,-0.18525,-0.92147,-0.86,1.06,0.06,0.33745,-0.05198,-0.18525,-0.92147,-0.83,1.08,0.09,0.39597,-0.17084,0.5344,-0.72693,-0.81,1.09,0.11,0.14878,0.00723,0.48515,-0.86165,-0.8,1.1,0.14,0.01799,0.03457,0.554,-0.83161,-0.8,1.1,0.17,0.01799,0.03457,0.554,-0.83161,-0.84,1.08,0.09,0.33745,-0.05198,-0.18525,-0.92147,-0.84,1.12,0.13,-0.03352,-0.10861,-0.10843,-0.98758,-0.83,1.12,0.17,-0.45427,-0.14808,-0.07704,-0.87509,-0.82,1.1,0.18,-0.6187,-0.13277,-0.05178,-0.7726,-0.82,1.08,0.19,-0.6187,-0.13277,-0.05178,-0.7726,-0.85,1.07,0.09,0.33745,-0.05198,-0.18525,-0.92147,-0.86,1.12,0.13,0.00233,-0.10841,-0.16805,-0.9798,-0.85,1.12,0.18,-0.40092,-0.16843,-0.12143,-0.89227,-0.84,1.1,0.19,-0.60255,-0.17372,-0.14118,-0.76605,-0.83,1.08,0.2,-0.60255,-0.17372,-0.14118,-0.76605,-0.87,1.07,0.09,0.33745,-0.05198,-0.18525,-0.92147,-0.88,1.1,0.13,0.09648,-0.07727,-0.23685,-0.96365,-0.87,1.11,0.17,-0.36375,-0.19512,-0.21198,-0.88582,-0.86,1.1,0.19,-0.60967,-0.26883,-0.17068,-0.72588,-0.84,1.08,0.19,-0.60967,-0.26883,-0.17068,-0.72588,-0.88,1.07,0.1,0.27303,0.00574,-0.41652,-0.86714,-0.89,1.09,0.13,0.18098,-0.04758,-0.32469,-0.92712,-0.89,1.1,0.16,-0.32399,-0.20404,-0.32976,-0.86294,-0.88,1.09,0.18,-0.58153,-0.34385,-0.25395,-0.69217,-0.86,1.08,0.18,-0.58153,-0.34385,-0.25395,-0.69217,-0.7,1.09,0.12,-0.30557,-0.16807,-0.08513,0.93334,-0.68,1.06,0.07,-0.30557,-0.16807,-0.08513,0.93334,-0.72,1.07,0.1,-0.43628,-0.25309,0.56676,0.65146,-0.75,1.07,0.11,-0.26823,-0.11002,0.53512,0.79347,-0.77,1.08,0.14,-0.21003,-0.10872,0.61647,0.75102,-0.78,1.09,0.16,-0.21003,-0.10872,0.61647,0.75102,-0.71,1.07,0.1,-0.30557,-0.16807,-0.08513,0.93334,-0.73,1.11,0.14,-0.13083,-0.21376,0.00317,0.96808,-0.75,1.12,0.17,0.19158,-0.20624,0.04631,0.95845,-0.76,1.11,0.19,0.33702,-0.17122,0.06518,0.9235,-0.76,1.1,0.21,0.33702,-0.17122,0.06518,0.9235,-0.7,1.07,0.1,-0.30557,-0.16807,-0.08513,0.93334,-0.71,1.11,0.15,-0.08864,-0.17657,-0.05775,0.97859,-0.73,1.12,0.18,0.28266,-0.18664,-0.00073,0.94089,-0.73,1.1,0.21,0.46414,-0.17301,-0.02556,0.86833,-0.74,1.09,0.22,0.46414,-0.17301,-0.02556,0.86833,-0.68,1.07,0.11,-0.30557,-0.16807,-0.08513,0.93334,-0.69,1.1,0.15,-0.14732,-0.13375,-0.13506,0.97065,-0.7,1.11,0.18,0.32994,-0.20021,-0.09452,0.91767,-0.71,1.1,0.2,0.57817,-0.23983,-0.0596,0.77759,-0.72,1.08,0.21,0.57817,-0.23983,-0.0596,0.77759,-0.67,1.07,0.11,-0.23197,-0.09653,-0.31545,0.91507,-0.68,1.09,0.15,-0.29502,-0.04519,-0.23339,0.92545,-0.67,1.11,0.18,0.30082,-0.18444,-0.24324,0.90351,-0.68,1.1,0.19,0.59474,-0.30134,-0.17202,0.72518,-0.7,1.08,0.19,0.59474,-0.30134,-0.17202,0.72518,-0.81,1.08,0.19
-0.79,1.45,-0.15,-0.79,1.45,-0.15,-0.86,1.09,0.11,0.3345,-0.06274,-0.18716,-0.92149,-0.86,1.06,0.06,0.3345,-0.06274,-0.18716,-0.92149,-0.83,1.08,0.09,0.40537,-0.18148,0.52764,-0.72412,-0.8,1.09,0.11,0.15527,-0.0046,0.48217,-0.8622,-0.8,1.1,0.14,0.02795,0.02134,0.55313,-0.83235,-0.8,1.1,0.16,0.02795,0.02134,0.55313,-0.83235,-0.84,1.08,0.09,0.3345,-0.06274,-0.18716,-0.92149,-0.84,1.12,0.13,-0.0206,-0.11993,-0.10668,-0.98682,-0.83,1.12,0.17,-0.44276,-0.1579,-0.07052,-0.8798,-0.82,1.1,0.18,-0.60772,-0.14119,-0.04394,-0.78026,-0.81,1.08,0.19,-0.60772,-0.14119,-0.04394,-0.78026,-0.85,1.07,0.09,0.3345,-0.06274,-0.18716,-0.92149,-0.86,1.12,0.13,0.00623,-0.11758,-0.16734,-0.97884,-0.85,1.12,0.17,-0.39947,-0.17686,-0.11655,-0.89194,-0.84,1.1,0.19,-0.60036,-0.18076,-0.13466,-0.76731,-0.83,1.08,0.2,-0.60036,-0.18076,-0.13466,-0.76731,-0.87,1.07,0.09,0.3345,-0.06274,-0.18716,-0.92149,-0.87,1.1,0.14,0.10143,-0.08485,-0.23744,-0.96236,-0.87,1.11,0.17,-0.36041,-0.20258,-0.20857,-0.88632,-0.86,1.1,0.19,-0.60527,-0.27474,-0.16558,-0.72852,-0.84,1.08,0.19,-0.60527,-0.27474,-0.16558,-0.72852,-0.88,1.06,0.1,0.26768,-0.00409,-0.41776,-0.86822,-0.89,1.09,0.14,0.18845,-0.04916,-0.32662,-0.92487,-0.89,1.1,0.16,-0.31988,-0.20818,-0.32992,-0.86342,-0.88,1.09,0.18,-0.57712,-0.34759,-0.25282,-0.6944,-0.86,1.08,0.18,-0.57712,-0.34759,-0.25282,-0.6944,-0.71,1.08,0.13,-0.23891,-0.15899,-0.0282,0.95752,-0.69,1.06,0.07,-0.23891,-0.15899,-0.0282,0.95752,-0.73,1.06,0.1,-0.40832,-0.29121,0.55607,0.66277,-0.76,1.07,0.12,-0.2475,-0.15544,0.53125,0.79521,-0.77,1.08,0.14,-0.21767,-0.17495,0.61029,0.74132,-0.79,1.08,0.16,-0.21767,-0.17495,0.61029,0.74132,-0.72,1.07,0.1,-0.23891,-0.15899,-0.0282,0.95752,-0.74,1.1,0.15,-0.06743,-0.21354,0.05869,0.97284,-0.76,1.1,0.18,0.19243,-0.19249,0.08636,0.95836,-0.76,1.09,0.2,0.30614,-0.15462,0.09699,0.93432,-0.77,1.08,0.22,0.30614,-0.15462,0.09699,0.93432,-0.7,1.07,0.1,-0.23891,-0.15899,-0.0282,0.95752,-0.72,1.1,0.15,-0.0983,-0.14922,-0.01821,0.98374,-0.73,1.11,0.19,0.27794,-0.14663,0.02621,0.94898,-0.74,1.09,0.21,0.46565,-0.12882,-0.00674,0.87552,-0.74,1.08,0.23,0.46565,-0.12882,-0.00674,0.87552,-0.69,1.07,0.11,-0.23891,-0.15899,-0.0282,0.95752,-0.7,1.09,0.16,-0.17868,-0.10028,-0.08924,0.97471,-0.71,1.11,0.19,0.32853,-0.15216,-0.06611,0.92981,-0.71,1.09,0.21,0.5899,-0.18609,-0.04472,0.78446,-0.72,1.07,0.22,0.5899,-0.18609,-0.04472,0.78446,-0.68,1.07,0.11,-0.17686,-0.06951,-0.25616,0.94777,-0.68,1.08,0.16,-0.28806,-0.01866,-0.16795,0.94258,-0.68,1.1,0.18,0.3051,-0.12262,-0.20744,0.92133,-0.69,1.09,0.2,0.62682,-0.23513,-0.1558,0.72632,-0.7,1.07,0.2,0.62682,-0.23513,-0.1558,0.72632,-0.81,1.08,0.19
-0.79,1.45,-0.15,-0.79,1.45,-0.15,-0.85,1.1,0.11,0.34582,-0.07709,-0.20104,-0.91326,-0.86,1.06,0.06,0.34582,-0.07709,-0.20104,-0.91326,-0.83,1.08,0.09,0.43107,-0.17996,0.51212,-0.72078,-0.8,1.09,0.1,0.17912,-0.00981,0.46638,-0.8662,-0.8,1.1,0.14,0.05182,0.01628,0.53961,-0.84016,-0.8,1.1,0.16,0.05182,0.01628,0.53961,-0.84016,-0.84,1.08,0.09,0.34582,-0.07709,-0.20104,-0.91326,-0.83,1.12,0.13,-0.01077,-0.1386,-0.11358,-0.98376,-0.82,1.12,0.16,-0.43797,-0.17836,-0.06763,-0.87852,-0.82,1.1,0.18,-0.60305,-0.16081,-0.03727,-0.78044,-0.81,1.08,0.18,-0.60305,-0.16081,-0.03727,-0.78044,-0.85,1.07,0.09,0.34582,-0.07709,-0.20104,-0.91326,-0.86,1.12,0.13,-0.00053,-0.14025,-0.1721,-0.97504,-0.84,1.12,0.17,-0.41978,-0.20128,-0.10802,-0.87841,-0.83,1.1,0.19,-0.62503,-0.20162,-0.1191,-0.74465,-0.82,1.08,0.19,-0.62503,-0.20162,-0.1191,-0.74465,-0.87,1.07,0.09,0.34582,-0.07709,-0.20104,-0.91326,-0.87,1.1,0.13,0.0959,-0.10808,-0.24515,-0.95866,-0.87,1.11,0.17,-0.37542,-0.22885,-0.20187,-0.87518,-0.85,1.1,0.19,-0.62176,-0.29788,-0.15001,-0.70864,-0.84,1.08,0.19,-0.62176,-0.29788,-0.15001,-0.70864,-0.88,1.06,0.1,0.27387,-0.02174,-0.43082,-0.8596,-0.88,1.09,0.13,0.19002,-0.07041,-0.33795,-0.91909,-0.88,1.1,0.16,-0.32719,-0.23589,-0.32616,-0.85494,-0.87,1.09,0.18,-0.58503,-0.37315,-0.23841,-0.67946,-0.86,1.08,0.18,-0.58503,-0.37315,-0.23841,-0.67946,-0.71,1.08,0.13,-0.19205,-0.14849,-0.00649,0.97006,-0.69,1.06,0.08,-0.19205,-0.14849,-0.00649,0.97006,-0.73,1.06,0.1,-0.39594,-0.30843,0.52613,0.6865,-0.76,1.07,0.12,-0.2413,-0.18594,0.50069,0.81026,-0.77,1.07,0.14,-0.23947,-0.22438,0.57641,0.74837,-0.79,1.08,0.16,-0.23947,-0.22438,0.57641,0.74837,-0.72,1.07,0.11,-0.19205,-0.14849,-0.00649,0.97006,-0.74,1.09,0.16,-0.00923,-0.2179,0.08316,0.97238,-0.75,1.09,0.19,0.25398,-0.18821,0.11224,0.94206,-0.76,1.08,0.21,0.36713,-0.14632,0.12436,0.91013,-0.77,1.06,0.22,0.36713,-0.14632,0.12436,0.91013,-0.7,1.07,0.11,-0.19205,-0.14849,-0.00649,0.97006,-0.72,1.09,0.16,-0.08573,-0.13561,-0.00249,0.98704,-0.73,1.1,0.2,0.30744,-0.12731,0.03789,0.94225,-0.73,1.09,0.22,0.51607,-0.10436,0.00172,0.85017,-0.74,1.06,0.23,0.51607,-0.10436,0.00172,0.85017,-0.69,1.07,0.11,-0.19205,-0.14849,-0.00649,0.97006,-0.7,1.09,0.16,-0.17582,-0.08463,-0.06897,0.97835,-0.7,1.1,0.2,0.35384,-0.12958,-0.05392,0.92472,-0.71,1.09,0.21,0.62948,-0.16014,-0.0382,0.75938,-0.72,1.06,0.22,0.62948,-0.16014,-0.0382,0.75938,-0.68,1.07,0.12,-0.1365,-0.04748,-0.23135,0.96208,-0.68,1.08,0.16,-0.2707,-0.00706,-0.13843,0.95263,-0.68,1.09,0.18,0.31322,-0.09277,-0.1911,0.92562,-0.68,1.08,0.2,0.6514,-0.20397,-0.14921,0.71541,-0.69,1.07,0.2,0.6514,-0.20397,-0.14921,0.71541,-0.81,1.08,0.19
-0.79,1.45,-0.15,-0.79,1.45,-0.15,-0.86,1.1,0.11,0.36463,-0.08708,-0.21627,-0.90149,-0.86,1.06,0.06,0.36463,-0.08708,-0.21627,-0.90149,-0.83,1.08,0.08,0.45794,-0.16776,0.49788,-0.71713,-0.8,1.09,0.1,0.20474,-0.00452,0.44834,-0.87009,-0.8,1.11,0.13,0.07039,0.02534,0.52199,-0.84967,-0.8,1.11,0.16,0.07039,0.02534,0.52199,-0.84967,-0.84,1.08,0.08,0.36463,-0.08708,-0.21627,-0.90149,-0.84,1.12,0.12,-0.01946,-0.15638,-0.11851,-0.98037,-0.82,1.12,0.16,-0.45806,-0.19725,-0.0613,-0.86459,-0.81,1.11,0.17,-0.62229,-0.1782,-0.02622,-0.76178,-0.81,1.09,0.18,-0.62229,-0.1782,-0.02622,-0.76178,-0.85,1.08,0.09,0.36463,-0.08708,-0.21627,-0.90149,-0.86,1.12,0.13,-0.03291,-0.16641,-0.17244,-0.9703,-0.84,1.12,0.17,-0.4724,-0.22737,-0.09051,-0.84673,-0.83,1.1,0.18,-0.69181,-0.21984,-0.08991,-0.6819,-0.82,1.08,0.18,-0.69181,-0.21984,-0.08991,-0.6819,-0.87,1.07,0.09,0.36463,-0.08708,-0.21627,-0.90149,-0.87,1.11,0.13,0.07073,-0.13551,-0.25066,-0.95593,-0.86,1.11,0.17,-0.42537,-0.26038,-0.18601,-0.84656,-0.85,1.1,0.18,-0.68311,-0.32353,-0.11766,-0.64409,-0.83,1.08,0.18,-0.68311,-0.32353,-0.11766,-0.64409,-0.88,1.07,0.1,0.28809,-0.03723,-0.44558,-0.8468,-0.88,1.09,0.13,0.18918,-0.09358,-0.35035,-0.91253,-0.88,1.1,0.16,-0.34649,-0.26923,-0.31882,-0.84013,-0.87,1.09,0.17,-0.61652,-0.40638,-0.2108,-0.64057,-0.85,1.08,0.17,-0.61652,-0.40638,-0.2108,-0.64057,-0.71,1.09,0.13,-0.21948,-0.15146,-0.06386,0.96167,-0.69,1.06,0.08,-0.21948,-0.15146,-0.06386,0.96167,-0.73,1.07,0.1,-0.43908,-0.27398,0.48076,0.70783,-0.75,1.08,0.11,-0.28026,-0.16506,0.44504,0.83435,-0.77,1.09,0.14,-0.29745,-0.21164,0.52281,0.77032,-0.79,1.1,0.16,-0.29745,-0.21164,0.52281,0.77032,-0.72,1.07,0.1,-0.21948,-0.15146,-0.06386,0.96167,-0.73,1.1,0.15,-0.04125,-0.23017,0.03007,0.97181,-0.75,1.1,0.18,0.28485,-0.21028,0.07836,0.93194,-0.76,1.09,0.2,0.42405,-0.16943,0.09999,0.88401,-0.76,1.07,0.22,0.42405,-0.16943,0.09999,0.88401,-0.7,1.07,0.11,-0.21948,-0.15146,-0.06386,0.96167,-0.71,1.1,0.16,-0.09768,-0.152,-0.05523,0.98199,-0.73,1.11,0.2,0.34076,-0.16309,0.00373,0.92589,-0.73,1.09,0.21,0.58026,-0.14309,-0.02025,0.80151,-0.74,1.07,0.22,0.58026,-0.14309,-0.02025,0.80151,-0.68,1.07,0.11,-0.21948,-0.15146,-0.06386,0.96167,-0.69,1.1,0.16,-0.18393,-0.1035,-0.12391,0.96959,-0.7,1.11,0.19,0.36764,-0.17638,-0.08658,0.90898,-0.71,1.09,0.21,0.65942,-0.2142,-0.04976,0.7189,-0.72,1.07,0.21,0.65942,-0.2142,-0.04976,0.7189,-0.68,1.07,0.11,-0.15453,-0.05826,-0.28895,0.94299,-0.68,1.08,0.16,-0.28828,-0.02674,-0.19831,0.9364,-0.68,1.1,0.18,0.29537,-0.14497,-0.22796,0.91639,-0.68,1.09,0.2,0.64267,-0.26846,-0.15675,0.70024,-0.7,1.07,0.2,0.64267,-0.26846,-0.15675,0.70024,-0.81,1.08,0.19
-0.79,1.45,-0.15,-0.79,1.45,-0.15,-0.86,1.1,0.11,0.37672,-0.08913,-0.21918,-0.8956,-0.86,1.06,0.06,0.37672,-0.08913,-0.21918,-0.8956,-0.83,1.08,0.08,0.46801,-0.15948,0.49706,-0.71306,-0.8,1.1,0.1,0.21513,0.0026,0.44488,-0.86936,-0.8,1.11,0.13,0.06752,0.04052,0.51649,-0.85267,-0.8,1.11,0.15,0.06752,0.04052,0.51649,-0.85267,-0.84,1.08,0.08,0.37672,-0.08913,-0.21918,-0.8956,-0.84,1.13,0.12,-0.03927,-0.16294,-0.11388,-0.97926,-0.82,1.13,0.16,-0.48045,-0.20086,-0.05313,-0.85205,-0.81,1.11,0.17,-0.64486,-0.18017,-0.01595,-0.74259,-0.81,1.09,0.17,-0.64486,-0.18017,-0.01595,-0.74259,-0.85,1.08,0.09,0.37672,-0.08913,-0.21918,-0.8956,-0.86,1.12,0.13,-0.04484,-0.17454,-0.16918,-0.96897,-0.84,1.12,0.17,-0.49682,-0.23435,-0.07995,-0.83178,-0.83,1.1,0.18,-0.73016,-0.22209,-0.07287,-0.64205,-0.82,1.08,0.17,-0.73016,-0.22209,-0.07287,-0.64205,-0.87,1.07,0.09,0.37672,-0.08913,-0.21918,-0.8956,-0.87,1.11,0.13,0.06634,-0.14329,-0.25061,-0.95512,-0.86,1.12,0.17,-0.4506,-0.27117,-0.17567,-0.83221,-0.85,1.1,0.18,-0.72316,-0.3308,-0.0956,-0.59873,-0.83,1.08,0.17,-0.72316,-0.3308,-0.0956,-0.59873,-0.88,1.07,0.1,0.29907,-0.04259,-0.44883,-0.84101,-0.89,1.09,0.13,0.19306,-0.10046,-0.353,-0.90996,-0.88,1.1,0.16,-0.36399,-0.28435,-0.311,-0.83062,-0.87,1.1,0.17,-0.6516,-0.42279,-0.18514,-0.60199,-0.85,1.08,0.17,-0.6516,-0.42279,-0.18514,-0.60199,-0.7,1.1,0.12,-0.27709,-0.17397,-0.10725,0.93886,-0.68,1.06,0.07,-0.27709,-0.17397,-0.10725,0.93886,-0.72,1.07,0.09,-0.49016,-0.24898,0.46825,0.69173,-0.75,1.09,0.1,-0.32526,-0.14316,0.42866,0.83064,-0.77,1.1,0.13,-0.33007,-0.17838,0.51163,0.77296,-0.78,1.11,0.15,-0.33007,-0.17838,0.51163,0.77296,-0.71,1.08,0.09,-0.27709,-0.17397,-0.10725,0.93886,-0.73,1.11,0.14,-0.12009,-0.25366,-0.00936,0.95976,-0.75,1.12,0.17,0.26364,-0.244,0.0642,0.93104,-0.76,1.11,0.19,0.43621,-0.2021,0.09883,0.87127,-0.77,1.09,0.2,0.43621,-0.2021,0.09883,0.87127,-0.7,1.08,0.1,-0.27709,-0.17397,-0.10725,0.93886,-0.71,1.11,0.14,-0.13174,-0.18635,-0.08937,0.9695,-0.73,1.13,0.18,0.33511,-0.20954,-0.00515,0.91857,-0.74,1.11,0.2,0.59361,-0.18952,-0.01367,0.782,-0.74,1.09,0.21,0.59361,-0.18952,-0.01367,0.782,-0.68,1.08,0.11,-0.27709,-0.17397,-0.10725,0.93886,-0.69,1.11,0.15,-0.19195,-0.14338,-0.16078,0.95747,-0.7,1.12,0.18,0.37323,-0.23161,-0.09147,0.89369,-0.71,1.1,0.2,0.6749,-0.26676,-0.0308,0.68731,-0.72,1.08,0.2,0.6749,-0.26676,-0.0308,0.68731,-0.67,1.07,0.11,-0.19997,-0.09598,-0.33391,0.91614,-0.68,1.09,0.15,-0.31303,-0.06226,-0.24855,0.91452,-0.68,1.11,0.17,0.28552,-0.2097,-0.24428,0.90268,-0.69,1.1,0.19,0.63703,-0.33495,-0.13962,0.68008,-0.7,1.09,0.19,0.63703,-0.33495,-0.13962,0.68008,-0.81,1.08,0.19
-0.79,1.45,-0.15,-0.79,1.45,-0.15,-0.86,1.1,0.11,0.38177,-0.08383,-0.22055,-0.89363,-0.86,1.06,0.06,0.38177,-0.08383,-0.22055,-0.89363,-0.83,1.08,0.08,0.46973,-0.15238,0.4965,-0.71388,-0.8,1.1,0.1,0.2168,0.00911,0.44192,-0.87041,-0.8,1.11,0.13,0.06006,0.05171,0.51159,-0.85556,-0.8,1.12,0.15,0.06006,0.05171,0.51159,-0.85556,-0.84,1.08,0.08,0.38177,-0.08383,-0.22055,-0.89363,-0.84,1.13,0.12,-0.05884,-0.16235,-0.11163,-0.97863,-0.82,1.13,0.16,-0.4972,-0.1988,-0.05158,-0.84298,-0.82,1.11,0.17,-0.66054,-0.1778,-0.01401,-0.7293,-0.81,1.08,0.17,-0.66054,-0.1778,-0.01401,-0.7293,-0.85,1.08,0.09,0.38177,-0.08383,-0.22055,-0.89363,-0.86,1.12,0.13,-0.05426,-0.17374,-0.16922,-0.96862,-0.84,1.12,0.17,-0.51101,-0.23412,-0.07866,-0.82333,-0.83,1.1,0.18,-0.75269,-0.22035,-0.06847,-0.61662,-0.82,1.08,0.17,-0.75269,-0.22035,-0.06847,-0.61662,-0.87,1.07,0.09,0.38177,-0.08383,-0.22055,-0.89363,-0.87,1.11,0.13,0.06502,-0.1409,-0.25256,-0.95506,-0.86,1.12,0.17,-0.46462,-0.27272,-0.17463,-0.82417,-0.85,1.1,0.18,-0.74651,-0.3321,-0.08802,-0.56981,-0.84,1.08,0.17,-0.74651,-0.3321,-0.08802,-0.56981,-0.88,1.07,0.1,0.30489,-0.03882,-0.45056,-0.83817,-0.89,1.09,0.13,0.1967,-0.09684,-0.35539,-0.90864,-0.88,1.11,0.16,-0.37266,-0.28748,-0.31122,-0.82561,-0.87,1.1,0.17,-0.67276,-0.4293,-0.17437,-0.57679,-0.85,1.08,0.17,-0.67276,-0.4293,-0.17437,-0.57679,-0.71,1.1,0.12,-0.30894,-0.1977,-0.10914,0.92388,-0.68,1.06,0.07,-0.30894,-0.1977,-0.10914,0.92388,-0.73,1.07,0.09,-0.50429,-0.25013,0.49366,0.66289,-0.75,1.09,0.1,-0.33784,-0.13602,0.45734,0.8113,-0.77,1.1,0.12,-0.31579,-0.15385,0.54257,0.76304,-0.78,1.11,0.14,-0.31579,-0.15385,0.54257,0.76304,-0.71,1.08,0.09,-0.30894,-0.1977,-0.10914,0.92388,-0.73,1.12,0.13,-0.12584,-0.28017,0.00773,0.95163,-0.75,1.12,0.16,0.27529,-0.26011,0.09588,0.92053,-0.76,1.11,0.18,0.45631,-0.21038,0.13637,0.85377,-0.77,1.09,0.19,0.45631,-0.21038,0.13637,0.85377,-0.7,1.08,0.09,-0.30894,-0.1977,-0.10914,0.92388,-0.71,1.12,0.14,-0.15945,-0.21052,-0.0866,0.9606,-0.73,1.13,0.17,0.31906,-0.22988,0.01172,0.91936,-0.74,1.12,0.19,0.5881,-0.20471,0.0096,0.78239,-0.75,1.09,0.2,0.5881,-0.20471,0.0096,0.78239,-0.68,1.08,0.1,-0.30894,-0.1977,-0.10914,0.92388,-0.7,1.11,0.14,-0.21242,-0.16865,-0.16092,0.94897,-0.71,1.13,0.17,0.36152,-0.2541,-0.07461,0.89396,-0.72,1.11,0.19,0.67391,-0.28125,-0.00372,0.68317,-0.73,1.09,0.19,0.67391,-0.28125,-0.00372,0.68317,-0.68,1.07,0.11,-0.22591,-0.12768,-0.33666,0.90516,-0.68,1.09,0.15,-0.31619,-0.08994,-0.25496,0.90936,-0.68,1.11,0.17,0.29291,-0.2387,-0.23072,0.89666,-0.69,1.11,0.18,0.64613,-0.35549,-0.11303,0.66585,-0.71,1.09,0.18,0.64613,-0.35549,-0.11303,0.66585,-0.81,1.08,0.19
-0.79,1.45,-0.15,-0.79,1.45,-0.15,-0.86,1.1,0.1,0.38811,-0.08055,-0.22797,-0.88933,-0.86,1.06,0.06,0.38811,-0.08055,-0.22797,-0.88933,-0.83,1.08,0.08,0.4741,-0.14294,0.49169,-0.71627,-0.8,1.1,0.1,0.22002,0.01653,0.43399,-0.87348,-0.8,1.11,0.13,0.06229,0.05807,0.50301,-0.86007,-0.8,1.12,0.15,0.06229,0.05807,0.50301,-0.86007,-0.84,1.08,0.08,0.38811,-0.08055,-0.22797,-0.88933,-0.84,1.13,0.12,-0.06385,-0.16604,-0.11505,-0.9773,-0.83,1.13,0.16,-0.49881,-0.20334,-0.05353,-0.84082,-0.82,1.11,0.17,-0.66155,-0.18266,-0.015,-0.72716,-0.81,1.09,0.17,-0.66155,-0.18266,-0.015,-0.72716,-0.85,1.08,0.09,0.38811,-0.08055,-0.22797,-0.88933,-0.86,1.13,0.12,-0.05375,-0.17662,-0.17469,-0.96716,-0.84,1.12,0.16,-0.50905,-0.23918,-0.08233,-0.82273,-0.83,1.1,0.17,-0.75378,-0.22639,-0.06959,-0.61296,-0.82,1.08,0.17,-0.75378,-0.22639,-0.06959,-0.61296,-0.87,1.07,0.09,0.38811,-0.08055,-0.22797,-0.88933,-0.87,1.11,0.13,0.06831,-0.14231,-0.25954,-0.95274,-0.87,1.12,0.17,-0.46178,-0.27804,-0.1792,-0.82301,-0.85,1.1,0.18,-0.7471,-0.33898,-0.08826,-0.56493,-0.84,1.08,0.17,-0.7471,-0.33898,-0.08826,-0.56493,-0.88,1.07,0.09,0.31075,-0.03769,-0.45781,-0.83212,-0.89,1.09,0.13,0.20004,-0.09819,-0.36253,-0.90494,-0.89,1.11,0.16,-0.36817,-0.29306,-0.31595,-0.82386,-0.87,1.1,0.17,-0.67172,-0.43723,-0.17334,-0.57234,-0.85,1.09,0.16,-0.67172,-0.43723,-0.17334,-0.57234,-0.71,1.09,0.12,-0.29083,-0.19664,-0.07575,0.93328,-0.68,1.06,0.07,-0.29083,-0.19664,-0.07575,0.93328,-0.73,1.07,0.09,-0.47706,-0.26338,0.52436,0.65429,-0.75,1.08,0.1,-0.31852,-0.14291,0.49102,0.79814,-0.77,1.09,0.13,-0.29916,-0.16421,0.57334,0.74486,-0.79,1.1,0.15,-0.29916,-0.16421,0.57334,0.74486,-0.72,1.07,0.09,-0.29083,-0.19664,-0.07575,0.93328,-0.74,1.11,0.13,-0.04365,-0.29348,0.0723,0.95223,-0.76,1.11,0.16,0.33352,-0.2473,0.15505,0.89642,-0.77,1.09,0.18,0.50002,-0.18706,0.19173,0.82354,-0.77,1.07,0.19,0.50002,-0.18706,0.19173,0.82354,-0.7,1.07,0.1,-0.29083,-0.19664,-0.07575,0.93328,-0.72,1.11,0.14,-0.14845,-0.20386,-0.05545,0.96609,-0.73,1.12,0.18,0.3143,-0.20971,0.03204,0.92532,-0.74,1.11,0.2,0.58059,-0.18031,0.02232,0.79366,-0.75,1.09,0.2,0.58059,-0.18031,0.02232,0.79366,-0.68,1.07,0.1,-0.29083,-0.19664,-0.07575,0.93328,-0.7,1.1,0.14,-0.21619,-0.15595,-0.13247,0.95467,-0.71,1.12,0.18,0.35432,-0.22748,-0.06005,0.90505,-0.72,1.1,0.19,0.66909,-0.25176,-0.00087,0.69924,-0.73,1.08,0.2,0.66909,-0.25176,-0.00087,0.69924,-0.68,1.07,0.11,-0.21311,-0.12097,-0.30377,0.92069,-0.68,1.09,0.15,-0.30318,-0.07112,-0.22261,0.92384,-0.68,1.11,0.17,0.30547,-0.20226,-0.2177,0.90465,-0.69,1.1,0.19,0.66191,-0.3175,-0.11775,0.66874,-0.7,1.08,0.19,0.66191,-0.3175,-0.11775,0.66874,-0.81,1.08,0.19
-0.79,1.45,-0.15,-0.79,1.45,-0.15,-0.86,1.1,0.11,0.38417,-0.06759,-0.21287,-0.89584,-0.86,1.06,0.06,0.38417,-0.06759,-0.21287,-0.89584,-0.83,1.08,0.09,0.45851,-0.13812,0.50577,-0.71756,-0.8,1.1,0.1,0.20614,0.0268,0.44616,-0.87047,-0.8,1.11,0.13,0.06032,0.06153,0.51458,-0.8531,-0.8,1.12,0.16,0.06032,0.06153,0.51458,-0.8531,-0.84,1.08,0.08,0.38417,-0.06759,-0.21287,-0.89584,-0.84,1.13,0.12,-0.05704,-0.15172,-0.10394,-0.98129,-0.83,1.13,0.16,-0.45879,-0.1835,-0.05779,-0.86747,-0.82,1.11,0.17,-0.61596,-0.16358,-0.02721,-0.77013,-0.81,1.09,0.18,-0.61596,-0.16358,-0.02721,-0.77013,-0.85,1.08,0.09,0.38417,-0.06759,-0.21287,-0.89584,-0.86,1.12,0.13,-0.01116,-0.15072,-0.174,-0.97308,-0.85,1.13,0.17,-0.43212,-0.21183,-0.10441,-0.87035,-0.83,1.11,0.18,-0.67333,-0.21242,-0.10553,-0.70027,-0.82,1.08,0.18,-0.67333,-0.21242,-0.10553,-0.70027,-0.87,1.07,0.09,0.38417,-0.06759,-0.21287,-0.89584,-0.88,1.11,0.13,0.10292,-0.11491,-0.25462,-0.95466,-0.87,1.12,0.17,-0.39361,-0.24542,-0.19998,-0.86305,-0.85,1.11,0.18,-0.67773,-0.31754,-0.12755,-0.65083,-0.84,1.09,0.18,-0.67773,-0.31754,-0.12755,-0.65083,-0.88,1.07,0.09,0.31162,-0.02314,-0.44422,-0.83966,-0.89,1.09,0.13,0.2088,-0.0789,-0.3505,-0.90957,-0.89,1.11,0.16,-0.33985,-0.26317,-0.32365,-0.84291,-0.87,1.1,0.17,-0.63817,-0.41015,-0.20156,-0.61959,-0.86,1.08,0.17,-0.63817,-0.41015,-0.20156,-0.61959,-0.71,1.09,0.12,-0.28049,-0.17473,-0.07069,0.94117,-0.68,1.06,0.07,-0.28049,-0.17473,-0.07069,0.94117,-0.73,1.07,0.09,-0.45929,-0.25244,0.52943,0.6671,-0.75,1.08,0.11,-0.3115,-0.13679,0.49046,0.80231,-0.77,1.09,0.13,-0.30972,-0.17191,0.57026,0.74116,-0.78,1.1,0.15,-0.30972,-0.17191,0.57026,0.74116,-0.72,1.07,0.1,-0.28049,-0.17473,-0.07069,0.94117,-0.74,1.11,0.14,-0.03805,-0.28837,0.07688,0.95367,-0.76,1.11,0.17,0.30948,-0.24571,0.14919,0.90642,-0.76,1.09,0.19,0.47081,-0.18841,0.18309,0.84221,-0.77,1.08,0.2,0.47081,-0.18841,0.18309,0.84221,-0.7,1.07,0.1,-0.28049,-0.17473,-0.07069,0.94117,-0.71,1.11,0.14,-0.1412,-0.18487,-0.05283,0.97113,-0.73,1.12,0.18,0.29576,-0.19224,0.02006,0.93551,-0.74,1.11,0.2,0.56372,-0.16852,0.00529,0.80858,-0.74,1.09,0.21,0.56372,-0.16852,0.00529,0.80858,-0.68,1.07,0.11,-0.28049,-0.17473,-0.07069,0.94117,-0.7,1.1,0.15,-0.22018,-0.13067,-0.13059,0.95781,-0.7,1.12,0.18,0.3297,-0.20404,-0.077,0.91855,-0.71,1.11,0.2,0.64953,-0.23729,-0.02509,0.72193,-0.72,1.08,0.2,0.64953,-0.23729,-0.02509,0.72193,-0.68,1.07,0.11,-0.2082,-0.09643,-0.29945,0.92611,-0.68,1.09,0.15,-0.30371,-0.03527,-0.21673,0.92711,-0.68,1.11,0.17,0.28931,-0.1664,-0.23627,0.91257,-0.68,1.1,0.19,0.65431,-0.29452,-0.14789,0.68064,-0.7,1.08,0.19,0.65431,-0.29452,-0.14789,0.68064,-0.81,1.08,0.19
-0.79,1.45,-0.15,-0.79,1.45,-0.15,-0.86,1.1,0.11,0.34941,-0.06669,-0.19246,-0.91456,-0.86,1.06,0.06,0.34941,-0.06669,-0.19246,-0.91456,-0.83,1.08,0.09,0.43419,-0.16877,0.51237,-0.72144,-0.8,1.09,0.11,0.1806,0.00176,0.46297,-0.86778,-0.8,1.1,0.14,0.06093,0.02194,0.53603,-0.84171,-0.8,1.11,0.16,0.06093,0.02194,0.53603,-0.84171,-0.84,1.08,0.09,0.34941,-0.06669,-0.19246,-0.91456,-0.84,1.12,0.13,0.0022,-0.15712,-0.08347,-0.98404,-0.82,1.12,0.16,-0.29002,-0.17534,-0.05959,-0.93893,-0.82,1.11,0.18,-0.41927,-0.1547,-0.04427,-0.89349,-0.81,1.09,0.2,-0.41927,-0.1547,-0.04427,-0.89349,-0.85,1.07,0.09,0.34941,-0.06669,-0.19246,-0.91456,-0.86,1.12,0.13,0.1266,-0.10677,-0.18231,-0.96919,-0.85,1.13,0.17,-0.26132,-0.17119,-0.13889,-0.93974,-0.84,1.12,0.19,-0.48243,-0.19047,-0.15868,-0.84012,-0.83,1.1,0.21,-0.48243,-0.19047,-0.15868,-0.84012,-0.87,1.07,0.09,0.34941,-0.06669,-0.19246,-0.91456,-0.87,1.11,0.13,0.20851,-0.0608,-0.25341,-0.94266,-0.87,1.12,0.17,-0.26911,-0.19631,-0.22912,-0.91463,-0.86,1.11,0.19,-0.5435,-0.28051,-0.18004,-0.77039,-0.85,1.09,0.2,-0.5435,-0.28051,-0.18004,-0.77039,-0.88,1.07,0.1,0.28068,-0.01207,-0.42347,-0.86125,-0.89,1.09,0.13,0.2514,-0.02724,-0.33525,-0.90756,-0.89,1.1,0.16,-0.24216,-0.19392,-0.35055,-0.88367,-0.88,1.1,0.18,-0.52948,-0.34834,-0.26531,-0.72658,-0.86,1.08,0.18,-0.52948,-0.34834,-0.26531,-0.72658,-0.7,1.09,0.13,-0.26297,-0.12823,-0.07397,0.95338,-0.69,1.06,0.07,-0.26297,-0.12823,-0.07397,0.95338,-0.72,1.07,0.1,-0.42923,-0.22942,0.52725,0.69652,-0.75,1.08,0.11,-0.27747,-0.1107,0.48265,0.82329,-0.76,1.09,0.14,-0.27407,-0.14946,0.56281,0.76537,-0.78,1.1,0.16,-0.27407,-0.14946,0.56281,0.76537,-0.71,1.07,0.1,-0.26297,-0.12823,-0.07397,0.95338,-0.73,1.11,0.15,-0.0825,-0.24028,0.03521,0.96655,-0.75,1.11,0.18,0.2637,-0.21739,0.09125,0.93535,-0.76,1.1,0.2,0.43253,-0.17124,0.11957,0.8771,-0.76,1.08,0.21,0.43253,-0.17124,0.11957,0.8771,-0.7,1.07,0.1,-0.26297,-0.12823,-0.07397,0.95338,-0.71,1.11,0.15,-0.1296,-0.14137,-0.06284,0.97942,-0.72,1.12,0.19,0.28446,-0.15698,-0.012,0.94567,-0.73,1.11,0.21,0.53951,-0.14517,-0.03704,0.82854,-0.73,1.08,0.22,0.53951,-0.14517,-0.03704,0.82854,-0.68,1.07,0.11,-0.26297,-0.12823,-0.07397,0.95338,-0.69,1.1,0.15,-0.2158,-0.08358,-0.13604,0.9633,-0.69,1.12,0.18,0.30277,-0.16365,-0.11197,0.93221,-0.7,1.1,0.2,0.61173,-0.21326,-0.07532,0.75804,-0.71,1.08,0.21,0.61173,-0.21326,-0.07532,0.75804,-0.67,1.07,0.11,-0.20018,-0.04613,-0.30355,0.93041,-0.67,1.09,0.15,-0.31785,0.01826,-0.21342,0.92363,-0.67,1.11,0.17,0.23666,-0.11255,-0.26698,0.92739,-0.67,1.1,0.19,0.59896,-0.25739,-0.20116,0.73112,-0.69,1.08,0.2,0.59896,-0.25739,-0.20116,0.73112,-0.81,1.08,0.19
-0.79,1.45,-0.15,-0.79,1.45,-0.15,-0.85,1.09,0.11,0.31024,-0.08014,-0.1756,-0.93086,-0.86,1.06,0.06,0.31024,-0.08014,-0.1756,-0.93086,-0.82,1.07,0.09,0.42385,-0.19813,0.50399,-0.72601,-0.8,1.09,0.1,0.16588,-0.02714,0.46477,-0.86933,-0.79,1.09,0.14,0.05658,-0.01294,0.5409,-0.83908,-0.79,1.1,0.16,0.05658,-0.01294,0.5409,-0.83908,-0.84,1.08,0.09,0.31024,-0.08014,-0.1756,-0.93086,-0.83,1.11,0.13,-0.01171,-0.18061,-0.05742,-0.98181,-0.82,1.11,0.17,-0.28212,-0.18911,-0.03209,-0.94001,-0.81,1.1,0.19,-0.40054,-0.16441,-0.01754,-0.90124,-0.8,1.09,0.2,-0.40054,-0.16441,-0.01754,-0.90124,-0.85,1.07,0.09,0.31024,-0.08014,-0.1756,-0.93086,-0.85,1.11,0.13,0.12448,-0.09606,-0.17394,-0.97212,-0.85,1.12,0.17,-0.28858,-0.16148,-0.13129,-0.93456,-0.84,1.11,0.2,-0.51304,-0.17818,-0.15282,-0.82564,-0.83,1.09,0.21,-0.51304,-0.17818,-0.15282,-0.82564,-0.87,1.07,0.09,0.31024,-0.08014,-0.1756,-0.93086,-0.87,1.1,0.14,0.20261,-0.04896,-0.24043,-0.94802,-0.87,1.11,0.17,-0.30134,-0.18536,-0.21935,-0.90924,-0.86,1.1,0.19,-0.57821,-0.26723,-0.17354,-0.7511,-0.84,1.08,0.2,-0.57821,-0.26723,-0.17354,-0.7511,-0.88,1.06,0.1,0.24204,-0.01439,-0.40478,-0.88168,-0.88,1.08,0.14,0.23195,-0.01563,-0.3177,-0.91925,-0.89,1.1,0.16,-0.2502,-0.16851,-0.34369,-0.88932,-0.88,1.09,0.18,-0.53592,-0.32134,-0.26983,-0.73261,-0.86,1.08,0.19,-0.53592,-0.32134,-0.26983,-0.73261,-0.7,1.09,0.13,-0.23988,-0.11939,-0.06538,0.96121,-0.69,1.06,0.07,-0.23988,-0.11939,-0.06538,0.96121,-0.73,1.07,0.1,-0.4219,-0.24244,0.51185,0.70798,-0.75,1.08,0.12,-0.26461,-0.1246,0.4702,0.83269,-0.77,1.09,0.14,-0.2529,-0.1576,0.55136,0.77923,-0.78,1.09,0.16,-0.2529,-0.1576,0.55136,0.77923,-0.72,1.07,0.1,-0.23988,-0.11939,-0.06538,0.96121,-0.73,1.1,0.15,-0.07872,-0.20699,0.02299,0.9749,-0.75,1.11,0.18,0.27507,-0.18991,0.06923,0.93994,-0.75,1.09,0.2,0.44942,-0.14752,0.09398,0.87603,-0.76,1.08,0.21,0.44942,-0.14752,0.09398,0.87603,-0.7,1.07,0.1,-0.23988,-0.11939,-0.06538,0.96121,-0.71,1.1,0.15,-0.11963,-0.13197,-0.05708,0.98235,-0.72,1.11,0.19,0.272,-0.14564,-0.01407,0.95111,-0.73,1.1,0.21,0.49787,-0.13599,-0.04421,0.85538,-0.73,1.08,0.23,0.49787,-0.13599,-0.04421,0.85538,-0.68,1.07,0.11,-0.23988,-0.11939,-0.06538,0.96121,-0.69,1.1,0.15,-0.21109,-0.07785,-0.12662,0.9661,-0.69,1.11,0.19,0.28274,-0.15104,-0.11049,0.94077,-0.7,1.1,0.21,0.56657,-0.20029,-0.08314,0.79497,-0.71,1.08,0.22,0.56657,-0.20029,-0.08314,0.79497,-0.67,1.07,0.11,-0.18071,-0.03154,-0.29378,0.93811,-0.67,1.08,0.15,-0.3255,0.02198,-0.1988,0.92415,-0.67,1.1,0.18,0.21349,-0.09776,-0.25794,0.9372,-0.67,1.09,0.19,0.55318,-0.23383,-0.20603,0.77258,-0.69,1.08,0.2,0.55318,-0.23383,-0.20603,0.77258,-0.81,1.08,0.19
-0.79,1.45,-0.15,-0.79,1.45,-0.15,-0.85,1.09,0.11,0.31512,-0.09258,-0.16751,-0.92955,-0.86,1.06,0.06,0.31512,-0.09258,-0.16751,-0.92955,-0.82,1.07,0.09,0.43725,-0.19829,0.50397,-0.71799,-0.8,1.09,0.1,0.18094,-0.02859,0.46493,-0.86619,-0.79,1.1,0.13,0.06961,-0.01152,0.54157,-0.83769,-0.79,1.1,0.16,0.06961,-0.01152,0.54157,-0.83769,-0.84,1.08,0.09,0.31512,-0.09258,-0.16751,-0.92955,-0.83,1.11,0.13,-0.01072,-0.1914,-0.04271,-0.98052,-0.81,1.11,0.17,-0.29182,-0.1957,-0.01272,-0.93615,-0.81,1.1,0.18,-0.41247,-0.16849,0.00344,-0.89525,-0.8,1.09,0.2,-0.41247,-0.16849,0.00344,-0.89525,-0.85,1.07,0.09,0.31512,-0.09258,-0.16751,-0.92955,-0.85,1.11,0.13,0.12451,-0.10379,-0.16517,-0.97285,-0.84,1.12,0.17,-0.32869,-0.16987,-0.11306,-0.92213,-0.83,1.11,0.19,-0.5702,-0.1811,-0.13015,-0.79066,-0.82,1.09,0.2,-0.5702,-0.1811,-0.13015,-0.79066,-0.87,1.07,0.09,0.31512,-0.09258,-0.16751,-0.92955,-0.87,1.1,0.14,0.20225,-0.05913,-0.23225,-0.94956,-0.87,1.12,0.17,-0.33626,-0.19723,-0.20089,-0.89871,-0.85,1.1,0.19,-0.62461,-0.27367,-0.14835,-0.71622,-0.84,1.08,0.19,-0.62461,-0.27367,-0.14835,-0.71622,-0.87,1.06,0.1,0.24535,-0.02747,-0.39714,-0.88393,-0.88,1.08,0.14,0.23358,-0.02821,-0.30986,-0.92121,-0.88,1.1,0.16,-0.25822,-0.17848,-0.32977,-0.89035,-0.87,1.09,0.18,-0.55139,-0.32786,-0.25088,-0.72494,-0.86,1.08,0.18,-0.55139,-0.32786,-0.25088,-0.72494,-0.7,1.09,0.13,-0.23812,-0.12136,-0.06605,0.96136,-0.69,1.06,0.07,-0.23812,-0.12136,-0.06605,0.96136,-0.73,1.07,0.1,-0.42493,-0.24447,0.50674,0.70914,-0.75,1.08,0.11,-0.2665,-0.12763,0.4655,0.83426,-0.77,1.09,0.14,-0.25361,-0.15937,0.54711,0.78163,-0.78,1.1,0.16,-0.25361,-0.15937,0.54711,0.78163,-0.72,1.07,0.1,-0.23812,-0.12136,-0.06605,0.96136,-0.73,1.1,0.15,-0.08224,-0.20292,0.01877,0.97555,-0.75,1.11,0.18,0.28249,-0.18696,0.06597,0.93856,-0.75,1.09,0.2,0.46127,-0.14469,0.09132,0.87061,-0.76,1.08,0.21,0.46127,-0.14469,0.09132,0.87061,-0.7,1.07,0.1,-0.23812,-0.12136,-0.06605,0.96136,-0.71,1.1,0.15,-0.12717,-0.1349,-0.05834,0.98093,-0.72,1.12,0.19,0.25785,-0.14882,-0.01511,0.95454,-0.73,1.1,0.21,0.47418,-0.1403,-0.04526,0.868,-0.73,1.08,0.23,0.47418,-0.1403,-0.04526,0.868,-0.68,1.07,0.11,-0.23812,-0.12136,-0.06605,0.96136,-0.69,1.1,0.15,-0.21493,-0.08426,-0.12657,0.96472,-0.69,1.11,0.19,0.27076,-0.15588,-0.10842,0.94373,-0.7,1.1,0.21,0.54676,-0.20409,-0.08101,0.80798,-0.71,1.08,0.22,0.54676,-0.20409,-0.08101,0.80798,-0.68,1.07,0.11,-0.17851,-0.03307,-0.29417,0.93835,-0.67,1.08,0.15,-0.32945,0.0162,-0.19901,0.92282,-0.67,1.1,0.18,0.20591,-0.10206,-0.25527,0.93916,-0.67,1.1,0.19,0.53898,-0.23497,-0.2036,0.78284,-0.69,1.08,0.2,0.53898,-0.23497,-0.2036,0.78284,-0.81,1.08,0.19
-0.79,1.45,-0.15,-0.79,1.45,-0.15,-0.85,1.09,0.11,0.31798,-0.10031,-0.15514,-0.92992,-0.86,1.06,0.06,0.31798,-0.10031,-0.15514,-0.92992,-0.82,1.07,0.09,0.45257,-0.19953,0.50006,-0.71085,-0.8,1.09,0.1,0.19921,-0.0335,0.46143,-0.86387,-0.79,1.1,0.13,0.08384,-0.01221,0.53905,-0.838,-0.79,1.1,0.16,0.08384,-0.01221,0.53905,-0.838,-0.83,1.08,0.09,0.31798,-0.10031,-0.15514,-0.92992,-0.83,1.11,0.13,-0.00836,-0.19213,-0.0299,-0.98088,-0.81,1.11,0.16,-0.31288,-0.19281,0.0046,-0.93001,-0.8,1.1,0.18,-0.44145,-0.16307,0.02278,-0.88205,-0.8,1.08,0.2,-0.44145,-0.16307,0.02278,-0.88205,-0.85,1.07,0.09,0.31798,-0.10031,-0.15514,-0.92992,-0.85,1.11,0.13,0.13233,-0.10303,-0.15487,-0.9736,-0.84,1.12,0.17,-0.33688,-0.16629,-0.10157,-0.92117,-0.83,1.11,0.19,-0.59214,-0.17518,-0.11829,-0.77762,-0.82,1.09,0.2,-0.59214,-0.17518,-0.11829,-0.77762,-0.87,1.07,0.09,0.31798,-0.10031,-0.15514,-0.92992,-0.87,1.1,0.14,0.20308,-0.06228,-0.22076,-0.95192,-0.86,1.12,0.17,-0.35099,-0.19658,-0.18691,-0.89623,-0.85,1.1,0.19,-0.65014,-0.26927,-0.13223,-0.69809,-0.84,1.08,0.19,-0.65014,-0.26927,-0.13223,-0.69809,-0.87,1.06,0.1,0.24825,-0.03527,-0.3855,-0.88799,-0.88,1.09,0.14,0.23451,-0.03655,-0.29764,-0.92471,-0.88,1.1,0.16,-0.27101,-0.18355,-0.31356,-0.89137,-0.87,1.09,0.18,-0.57528,-0.32976,-0.23013,-0.71229,-0.86,1.08,0.18,-0.57528,-0.32976,-0.23013,-0.71229,-0.71,1.09,0.13,-0.22792,-0.12481,-0.05797,0.96391,-0.69,1.06,0.07,-0.22792,-0.12481,-0.05797,0.96391,-0.73,1.07,0.1,-0.41768,-0.25527,0.50956,0.70762,-0.75,1.08,0.11,-0.25922,-0.13711,0.47101,0.83196,-0.77,1.09,0.14,-0.24705,-0.16947,0.55185,0.77827,-0.78,1.09,0.16,-0.24705,-0.16947,0.55185,0.77827,-0.72,1.07,0.1,-0.22792,-0.12481,-0.05797,0.96391,-0.73,1.1,0.15,-0.0663,-0.20493,0.02751,0.97614,-0.75,1.1,0.18,0.30931,-0.18431,0.07713,0.92974,-0.75,1.09,0.2,0.49114,-0.13905,0.10353,0.85365,-0.76,1.07,0.21,0.49114,-0.13905,0.10353,0.85365,-0.7,1.07,0.1,-0.22792,-0.12481,-0.05797,0.96391,-0.71,1.1,0.15,-0.12087,-0.14098,-0.04938,0.98136,-0.72,1.11,0.19,0.26034,-0.15094,-0.00508,0.95363,-0.73,1.1,0.21,0.47183,-0.14,-0.03529,0.86979,-0.74,1.08,0.23,0.47183,-0.14,-0.03529,0.86979,-0.68,1.07,0.11,-0.22792,-0.12481,-0.05797,0.96391,-0.69,1.1,0.15,-0.21134,-0.09145,-0.11767,0.96598,-0.7,1.11,0.19,0.26971,-0.15734,-0.09804,0.94493,-0.71,1.1,0.21,0.54168,-0.20218,-0.07149,0.81277,-0.72,1.08,0.22,0.54168,-0.20218,-0.07149,0.81277,-0.68,1.07,0.11,-0.16901,-0.03379,-0.28538,0.94279,-0.67,1.08,0.15,-0.32335,0.01086,-0.19007,0.92693,-0.67,1.1,0.18,0.20794,-0.09997,-0.24546,0.94155,-0.68,1.09,0.19,0.53966,-0.22883,-0.19607,0.7861,-0.69,1.08,0.2,0.53966,-0.22883,-0.19607,0.7861,-0.81,1.08,0.19
-0.79,1.44,-0.15,-0.79,1.44,-0.15,-0.85,1.09,0.11,0.29738,-0.10615,-0.13894,-0.93861,-0.86,1.06,0.06,0.29738,-0.10615,-0.13894,-0.93861,-0.82,1.07,0.09,0.46243,-0.21609,0.48004,-0.71346,-0.8,1.08,0.1,0.21833,-0.0631,0.4456,-0.86591,-0.79,1.09,0.13,0.10842,-0.04345,0.52778,-0.84131,-0.78,1.1,0.15,0.10842,-0.04345,0.52778,-0.84131,-0.83,1.07,0.09,0.29738,-0.10615,-0.13894,-0.93861,-0.82,1.11,0.13,-0.02876,-0.19112,-0.01626,-0.98101,-0.81,1.11,0.17,-0.33729,-0.18705,0.01827,-0.92245,-0.8,1.09,0.18,-0.47182,-0.155,0.03775,-0.86714,-0.8,1.08,0.2,-0.47182,-0.155,0.03775,-0.86714,-0.85,1.07,0.09,0.29738,-0.10615,-0.13894,-0.93861,-0.85,1.11,0.14,0.13699,-0.09672,-0.14242,-0.9755,-0.84,1.12,0.18,-0.31598,-0.15319,-0.09639,-0.93134,-0.83,1.11,0.2,-0.5668,-0.1622,-0.11826,-0.79903,-0.82,1.09,0.2,-0.5668,-0.1622,-0.11826,-0.79903,-0.87,1.07,0.09,0.29738,-0.10615,-0.13894,-0.93861,-0.86,1.1,0.14,0.20333,-0.05669,-0.20575,-0.95557,-0.86,1.11,0.17,-0.34264,-0.18185,-0.1794,-0.90407,-0.85,1.1,0.19,-0.63968,-0.25263,-0.13197,-0.71384,-0.84,1.08,0.19,-0.63968,-0.25263,-0.13197,-0.71384,-0.87,1.06,0.1,0.22921,-0.03514,-0.36862,-0.90019,-0.88,1.08,0.14,0.22389,-0.03519,-0.27996,-0.93288,-0.88,1.1,0.16,-0.28241,-0.17207,-0.29969,-0.89488,-0.87,1.09,0.18,-0.58561,-0.31347,-0.22305,-0.71347,-0.86,1.07,0.18,-0.58561,-0.31347,-0.22305,-0.71347,-0.71,1.09,0.13,-0.24109,-0.13072,-0.05871,0.95987,-0.69,1.06,0.07,-0.24109,-0.13072,-0.05871,0.95987,-0.73,1.07,0.1,-0.42037,-0.24982,0.52289,0.69819,-0.75,1.08,0.11,-0.26124,-0.12735,0.48428,0.82523,-0.77,1.09,0.14,-0.2437,-0.15673,0.56514,0.77244,-0.78,1.09,0.16,-0.2437,-0.15673,0.56514,0.77244,-0.72,1.07,0.1,-0.24109,-0.13072,-0.05871,0.95987,-0.73,1.1,0.15,-0.04037,-0.21082,0.03969,0.97588,-0.75,1.1,0.18,0.33815,-0.18406,0.09151,0.91837,-0.75,1.09,0.2,0.51621,-0.13576,0.11829,0.83732,-0.76,1.07,0.21,0.51621,-0.13576,0.11829,0.83732,-0.7,1.07,0.1,-0.24109,-0.13072,-0.05871,0.95987,-0.71,1.1,0.15,-0.1261,-0.15005,-0.04713,0.97947,-0.72,1.12,0.19,0.26041,-0.15854,0.00137,0.95239,-0.73,1.1,0.21,0.47352,-0.14595,-0.02718,0.86818,-0.74,1.08,0.23,0.47352,-0.14595,-0.02718,0.86818,-0.68,1.07,0.11,-0.24109,-0.13072,-0.05871,0.95987,-0.69,1.1,0.15,-0.21367,-0.10159,-0.11715,0.96452,-0.7,1.11,0.19,0.27206,-0.16653,-0.09201,0.94328,-0.71,1.1,0.21,0.54558,-0.20907,-0.06269,0.80914,-0.72,1.08,0.22,0.54558,-0.20907,-0.06269,0.80914,-0.68,1.07,0.11,-0.1805,-0.04282,-0.287,0.93979,-0.68,1.09,0.15,-0.31847,-0.0047,-0.1939,0.92788,-0.67,1.1,0.18,0.21913,-0.11608,-0.24024,0.93851,-0.68,1.1,0.19,0.55069,-0.24194,-0.18518,0.77712,-0.69,1.08,0.2,0.55069,-0.24194,-0.18518,0.77712,-0.81,1.08,0.19
-0.79,1.44,-0.15,-0.79,1.44,-0.15,-0.85,1.09,0.11,0.28247,-0.10383,-0.14988,-0.94179,-0.86,1.06,0.06,0.28247,-0.10383,-0.14988,-0.94179,-0.82,1.07,0.09,0.47482,-0.21126,0.44345,-0.73025,-0.8,1.09,0.1,0.25046,-0.0831,0.40345,-0.87613,-0.79,1.1,0.13,0.1633,-0.0769,0.49059,-0.85249,-0.78,1.11,0.15,0.1633,-0.0769,0.49059,-0.85249,-0.83,1.08,0.09,0.28247,-0.10383,-0.14988,-0.94179,-0.83,1.11,0.13,-0.04387,-0.19185,-0.02937,-0.98,-0.81,1.11,0.17,-0.35186,-0.19142,0.00615,-0.91625,-0.8,1.09,0.18,-0.4891,-0.16094,0.02758,-0.85681,-0.8,1.07,0.2,-0.4891,-0.16094,0.02758,-0.85681,-0.85,1.07,0.09,0.28247,-0.10383,-0.14988,-0.94179,-0.85,1.11,0.14,0.12259,-0.09613,-0.15303,-0.97587,-0.84,1.12,0.18,-0.29201,-0.15292,-0.11224,-0.93742,-0.83,1.11,0.2,-0.52372,-0.16584,-0.13594,-0.82446,-0.82,1.09,0.21,-0.52372,-0.16584,-0.13594,-0.82446,-0.87,1.07,0.1,0.28247,-0.10383,-0.14988,-0.94179,-0.86,1.1,0.14,0.19916,-0.05255,-0.2162,-0.95437,-0.86,1.11,0.17,-0.32059,-0.17879,-0.1948,-0.90956,-0.85,1.1,0.19,-0.60532,-0.2538,-0.15093,-0.73919,-0.84,1.08,0.2,-0.60532,-0.2538,-0.15093,-0.73919,-0.87,1.06,0.1,0.21366,-0.02957,-0.37782,-0.9004,-0.88,1.08,0.14,0.22145,-0.02813,-0.28899,-0.93094,-0.88,1.1,0.17,-0.28225,-0.17006,-0.31096,-0.89147,-0.87,1.09,0.18,-0.57981,-0.31461,-0.23572,-0.71363,-0.86,1.07,0.19,-0.57981,-0.31461,-0.23572,-0.71363,-0.7,1.09,0.12,-0.29748,-0.14892,-0.10921,0.9367,-0.68,1.06,0.07,-0.29748,-0.14892,-0.10921,0.9367,-0.72,1.07,0.1,-0.43517,-0.20555,0.54606,0.68571,-0.75,1.08,0.11,-0.27212,-0.07413,0.49918,0.81932,-0.76,1.09,0.14,-0.23308,-0.09099,0.58096,0.77452,-0.77,1.1,0.16,-0.23308,-0.09099,0.58096,0.77452,-0.71,1.08,0.1,-0.29748,-0.14892,-0.10921,0.9367,-0.73,1.11,0.14,-0.00558,-0.22533,0.02024,0.97406,-0.74,1.11,0.17,0.40776,-0.20047,0.08758,0.8865,-0.75,1.09,0.19,0.57059,-0.15318,0.11815,0.79812,-0.75,1.07,0.19,0.57059,-0.15318,0.11815,0.79812,-0.7,1.07,0.1,-0.29748,-0.14892,-0.10921,0.9367,-0.71,1.11,0.14,-0.04495,-0.18218,-0.06967,0.97976,-0.72,1.12,0.18,0.43683,-0.19531,0.01454,0.87797,-0.73,1.1,0.2,0.66108,-0.16442,0.00056,0.73208,-0.74,1.07,0.2,0.66108,-0.16442,0.00056,0.73208,-0.68,1.07,0.11,-0.29748,-0.14892,-0.10921,0.9367,-0.69,1.1,0.15,-0.08295,-0.1536,-0.14026,0.9746,-0.7,1.11,0.18,0.48864,-0.22548,-0.0677,0.84012,-0.71,1.09,0.19,0.75789,-0.24878,-0.01491,0.6029,-0.72,1.07,0.19,0.75789,-0.24878,-0.01491,0.6029,-0.67,1.07,0.11,-0.22466,-0.07629,-0.33867,0.9105,-0.67,1.09,0.15,-0.19258,-0.08791,-0.24657,0.94572,-0.68,1.1,0.18,0.43031,-0.22552,-0.22316,0.84509,-0.69,1.09,0.19,0.73446,-0.33648,-0.12493,0.57597,-0.7,1.07,0.18,0.73446,-0.33648,-0.12493,0.57597,-0.81,1.08,0.19
-0.79,1.44,-0.15,-0.79,1.44,-0.15,-0.85,1.09,0.11,0.28023,-0.09275,-0.16286,-0.94146,-0.86,1.06,0.06,0.28023,-0.09275,-0.16286,-0.94146,-0.82,1.08,0.09,0.4781,-0.1936,0.42569,-0.74346,-0.8,1.09,0.1,0.26902,-0.07925,0.37746,-0.88254,-0.79,1.11,0.13,0.19863,-0.08251,0.46589,-0.8583,-0.78,1.11,0.15,0.19863,-0.08251,0.46589,-0.8583,-0.84,1.08,0.09,0.28023,-0.09275,-0.16286,-0.94146,-0.83,1.11,0.14,-0.05675,-0.18444,-0.04459,-0.98019,-0.81,1.11,0.17,-0.36836,-0.18884,-0.00971,-0.91025,-0.81,1.09,0.19,-0.50715,-0.16063,0.01249,-0.84666,-0.8,1.08,0.2,-0.50715,-0.16063,0.01249,-0.84666,-0.85,1.07,0.09,0.28023,-0.09275,-0.16286,-0.94146,-0.85,1.11,0.14,0.10009,-0.09319,-0.16442,-0.97686,-0.84,1.12,0.18,-0.29398,-0.15212,-0.12693,-0.93505,-0.83,1.11,0.2,-0.51039,-0.16683,-0.15169,-0.82986,-0.82,1.09,0.21,-0.51039,-0.16683,-0.15169,-0.82986,-0.87,1.07,0.09,0.28023,-0.09275,-0.16286,-0.94146,-0.87,1.1,0.14,0.19159,-0.04662,-0.22844,-0.95338,-0.87,1.11,0.17,-0.31083,-0.17628,-0.21105,-0.90982,-0.85,1.1,0.19,-0.58473,-0.25534,-0.16963,-0.75108,-0.84,1.08,0.2,-0.58473,-0.25534,-0.16963,-0.75108,-0.87,1.07,0.1,0.21197,-0.01866,-0.3902,-0.8958,-0.88,1.08,0.14,0.21899,-0.01946,-0.30139,-0.92781,-0.88,1.1,0.17,-0.2847,-0.16948,-0.32536,-0.88564,-0.87,1.09,0.18,-0.57604,-0.3182,-0.25068,-0.70999,-0.86,1.07,0.19,-0.57604,-0.3182,-0.25068,-0.70999,-0.7,1.1,0.11,-0.38201,-0.18321,-0.17647,0.88846,-0.68,1.06,0.07,-0.38201,-0.18321,-0.17647,0.88846,-0.72,1.08,0.09,-0.48985,-0.15443,0.53784,0.66853,-0.74,1.09,0.11,-0.33199,-0.03134,0.47816,0.81251,-0.75,1.11,0.13,-0.28329,-0.0385,0.56206,0.77612,-0.76,1.12,0.15,-0.28329,-0.0385,0.56206,0.77612,-0.71,1.08,0.09,-0.38201,-0.18321,-0.17647,0.88846,-0.72,1.13,0.12,-0.05982,-0.25084,-0.03416,0.96557,-0.74,1.13,0.16,0.40829,-0.24439,0.06405,0.8772,-0.75,1.11,0.17,0.56536,-0.20157,0.10215,0.79329,-0.75,1.09,0.18,0.56536,-0.20157,0.10215,0.79329,-0.69,1.08,0.1,-0.38201,-0.18321,-0.17647,0.88846,-0.7,1.13,0.13,-0.04493,-0.23675,-0.10729,0.96458,-0.72,1.13,0.17,0.47868,-0.26029,0.02296,0.8382,-0.73,1.11,0.18,0.73165,-0.2163,0.0358,0.64547,-0.74,1.09,0.18,0.73165,-0.2163,0.0358,0.64547,-0.68,1.08,0.1,-0.38201,-0.18321,-0.17647,0.88846,-0.68,1.11,0.14,-0.07404,-0.2246,-0.1774,0.9553,-0.7,1.12,0.17,0.53619,-0.30649,-0.03994,0.78548,-0.71,1.1,0.18,0.81277,-0.30649,0.05338,0.49257,-0.72,1.08,0.17,0.81277,-0.30649,0.05338,0.49257,-0.67,1.07,0.11,-0.29084,-0.13499,-0.40504,0.85624,-0.67,1.1,0.14,-0.19545,-0.17909,-0.29934,0.91658,-0.68,1.11,0.17,0.46722,-0.34072,-0.18957,0.79352,-0.69,1.1,0.18,0.76236,-0.42482,-0.03635,0.48684,-0.7,1.09,0.16,0.76236,-0.42482,-0.03635,0.48684,-0.81,1.08,0.19
-0.79,1.44,-0.15,-0.79,1.44,-0.15,-0.85,1.1,0.11,0.30437,-0.06657,-0.19711,-0.92956,-0.86,1.06,0.06,0.30437,-0.06657,-0.19711,-0.92956,-0.83,1.08,0.09,0.4841,-0.14751,0.41429,-0.75647,-0.81,1.1,0.1,0.27966,-0.03996,0.35256,-0.89213,-0.8,1.12,0.13,0.20684,-0.04469,0.44011,-0.87265,-0.79,1.12,0.15,0.20684,-0.04469,0.44011,-0.87265,-0.84,1.08,0.09,0.30437,-0.06657,-0.19711,-0.92956,-0.83,1.12,0.13,-0.04848,-0.16128,-0.08934,-0.98166,-0.82,1.12,0.17,-0.38792,-0.18299,-0.0539,-0.90174,-0.81,1.1,0.18,-0.52712,-0.16156,-0.03123,-0.83371,-0.81,1.08,0.19,-0.52712,-0.16156,-0.03123,-0.83371,-0.85,1.08,0.09,0.30437,-0.06657,-0.19711,-0.92956,-0.86,1.12,0.14,0.06648,-0.09049,-0.196,-0.97415,-0.85,1.12,0.18,-0.33863,-0.16416,-0.15438,-0.91354,-0.84,1.11,0.2,-0.54944,-0.18178,-0.17455,-0.79662,-0.83,1.09,0.21,-0.54944,-0.18178,-0.17455,-0.79662,-0.87,1.07,0.09,0.30437,-0.06657,-0.19711,-0.92956,-0.87,1.1,0.14,0.15049,-0.0488,-0.26049,-0.95243,-0.87,1.11,0.17,-0.34956,-0.19355,-0.23741,-0.88543,-0.86,1.1,0.19,-0.61002,-0.27811,-0.19059,-0.71708,-0.84,1.08,0.19,-0.61002,-0.27811,-0.19059,-0.71708,-0.88,1.07,0.1,0.23617,-0.00062,-0.42476,-0.87396,-0.89,1.09,0.14,0.20221,-0.02009,-0.33745,-0.91915,-0.89,1.1,0.16,-0.30514,-0.19078,-0.35346,-0.86346,-0.88,1.09,0.18,-0.57876,-0.34501,-0.27291,-0.68667,-0.86,1.08,0.18,-0.57876,-0.34501,-0.27291,-0.68667,-0.7,1.1,0.11,-0.38702,-0.20863,-0.15408,0.88484,-0.68,1.05,0.07,-0.38702,-0.20863,-0.15408,0.88484,-0.72,1.07,0.09,-0.47961,-0.18075,0.57453,0.63813,-0.75,1.08,0.11,-0.32674,-0.04747,0.52305,0.78575,-0.76,1.1,0.13,-0.27855,-0.05304,0.60466,0.7443,-0.77,1.11,0.15,-0.27855,-0.05304,0.60466,0.7443,-0.71,1.08,0.09,-0.38702,-0.20863,-0.15408,0.88484,-0.73,1.12,0.12,-0.03196,-0.25997,-7e-05,0.96509,-0.74,1.12,0.15,0.43662,-0.23527,0.09923,0.86265,-0.75,1.11,0.17,0.59067,-0.18579,0.13622,0.77332,-0.76,1.08,0.17,0.59067,-0.18579,0.13622,0.77332,-0.69,1.07,0.1,-0.38702,-0.20863,-0.15408,0.88484,-0.71,1.12,0.13,-0.06113,-0.24759,-0.08413,0.96327,-0.73,1.13,0.17,0.45657,-0.25778,0.04601,0.85028,-0.74,1.11,0.18,0.7206,-0.20741,0.05758,0.65909,-0.74,1.08,0.18,0.7206,-0.20741,0.05758,0.65909,-0.68,1.07,0.1,-0.38702,-0.20863,-0.15408,0.88484,-0.69,1.11,0.14,-0.09955,-0.23446,-0.15725,0.95415,-0.71,1.12,0.17,0.51017,-0.30282,-0.01963,0.80476,-0.72,1.1,0.18,0.80029,-0.29537,0.07222,0.5168,-0.72,1.08,0.17,0.80029,-0.29537,0.07222,0.5168,-0.67,1.07,0.11,-0.29363,-0.16073,-0.38284,0.86103,-0.68,1.1,0.14,-0.21353,-0.19785,-0.27557,0.91615,-0.68,1.11,0.17,0.45253,-0.34056,-0.16035,0.80841,-0.7,1.1,0.17,0.75932,-0.41217,-0.00798,0.50347,-0.71,1.09,0.16,0.75932,-0.41217,-0.00798,0.50347,-0.81,1.08,0.19
-0.79,1.44,-0.15,-0.79,1.44,-0.15,-0.86,1.1,0.11,0.33199,-0.04585,-0.21316,-0.91774,-0.86,1.06,0.06,0.33199,-0.04585,-0.21316,-0.91774,-0.83,1.08,0.09,0.48404,-0.10743,0.42281,-0.75855,-0.81,1.1,0.1,0.28242,0.001,0.35036,-0.89302,-0.8,1.12,0.13,0.2038,-0.00275,0.43544,-0.87684,-0.8,1.13,0.15,0.2038,-0.00275,0.43544,-0.87684,-0.84,1.08,0.09,0.33199,-0.04585,-0.21316,-0.91774,-0.84,1.12,0.13,-0.03194,-0.13648,-0.1181,-0.98306,-0.83,1.12,0.17,-0.4047,-0.1732,-0.08317,-0.89404,-0.82,1.11,0.18,-0.54734,-0.1567,-0.06021,-0.8199,-0.82,1.09,0.19,-0.54734,-0.1567,-0.06021,-0.8199,-0.86,1.08,0.09,0.33199,-0.04585,-0.21316,-0.91774,-0.86,1.12,0.13,0.06567,-0.08443,-0.21278,-0.97123,-0.86,1.13,0.17,-0.36539,-0.17058,-0.16711,-0.8997,-0.85,1.11,0.19,-0.57655,-0.18974,-0.1842,-0.77309,-0.83,1.09,0.2,-0.57655,-0.18974,-0.1842,-0.77309,-0.87,1.07,0.09,0.33199,-0.04585,-0.21316,-0.91774,-0.88,1.11,0.13,0.1399,-0.04923,-0.27631,-0.94956,-0.88,1.12,0.17,-0.36484,-0.20358,-0.24924,-0.87369,-0.86,1.1,0.19,-0.62034,-0.29068,-0.1989,-0.7008,-0.85,1.08,0.19,-0.62034,-0.29068,-0.1989,-0.7008,-0.88,1.07,0.09,0.26517,0.01178,-0.44211,-0.85679,-0.89,1.09,0.13,0.19998,-0.02563,-0.3549,-0.9129,-0.89,1.1,0.16,-0.31182,-0.20733,-0.36361,-0.85297,-0.88,1.09,0.18,-0.57546,-0.36172,-0.27926,-0.67825,-0.86,1.08,0.18,-0.57546,-0.36172,-0.27926,-0.67825,-0.7,1.1,0.11,-0.37142,-0.21345,-0.13754,0.89307,-0.68,1.05,0.07,-0.37142,-0.21345,-0.13754,0.89307,-0.72,1.07,0.09,-0.46583,-0.20082,0.58678,0.63116,-0.75,1.08,0.11,-0.31281,-0.06233,0.54104,0.77816,-0.76,1.09,0.13,-0.26806,-0.07051,0.62147,0.73277,-0.77,1.1,0.15,-0.26806,-0.07051,0.62147,0.73277,-0.71,1.07,0.09,-0.37142,-0.21345,-0.13754,0.89307,-0.73,1.12,0.12,-0.00838,-0.26119,0.02086,0.96503,-0.75,1.12,0.16,0.44147,-0.22796,0.11381,0.86034,-0.75,1.1,0.17,0.59343,-0.17608,0.14905,0.77112,-0.76,1.08,0.17,0.59343,-0.17608,0.14905,0.77112,-0.69,1.07,0.1,-0.37142,-0.21345,-0.13754,0.89307,-0.71,1.12,0.13,-0.05479,-0.24525,-0.07007,0.96537,-0.73,1.13,0.17,0.44389,-0.24956,0.05116,0.85911,-0.74,1.1,0.18,0.70747,-0.19968,0.05871,0.6754,-0.74,1.08,0.18,0.70747,-0.19968,0.05871,0.6754,-0.68,1.07,0.1,-0.37142,-0.21345,-0.13754,0.89307,-0.69,1.11,0.14,-0.11141,-0.22622,-0.14901,0.95614,-0.71,1.12,0.17,0.49037,-0.29169,-0.0218,0.82096,-0.72,1.1,0.18,0.78646,-0.28748,0.065,0.54277,-0.73,1.08,0.17,0.78646,-0.28748,0.065,0.54277,-0.67,1.07,0.11,-0.2797,-0.16071,-0.36626,0.87281,-0.68,1.1,0.14,-0.21857,-0.19034,-0.26225,0.92045,-0.68,1.11,0.17,0.44481,-0.32567,-0.15764,0.81929,-0.7,1.1,0.18,0.75987,-0.39802,-0.01022,0.51389,-0.71,1.08,0.17,0.75987,-0.39802,-0.01022,0.51389,-0.81,1.08,0.19
-0.79,1.44,-0.15,-0.79,1.44,-0.15,-0.86,1.1,0.11,0.35124,-0.04436,-0.21331,-0.91058,-0.86,1.06,0.06,0.35124,-0.04436,-0.21331,-0.91058,-0.83,1.08,0.09,0.47985,-0.09569,0.44385,-0.75072,-0.81,1.1,0.1,0.28043,0.01849,0.36852,-0.88612,-0.81,1.12,0.13,0.19084,0.02052,0.45073,-0.87178,-0.8,1.13,0.15,0.19084,0.02052,0.45073,-0.87178,-0.84,1.09,0.09,0.35124,-0.04436,-0.21331,-0.91058,-0.84,1.13,0.13,-0.0109,-0.11935,-0.13113,-0.9841,-0.83,1.13,0.16,-0.42793,-0.16755,-0.09366,-0.88319,-0.82,1.11,0.18,-0.58808,-0.15464,-0.06659,-0.79109,-0.82,1.09,0.19,-0.58808,-0.15464,-0.06659,-0.79109,-0.86,1.08,0.09,0.35124,-0.04436,-0.21331,-0.91058,-0.86,1.12,0.13,0.0692,-0.09023,-0.21,-0.97107,-0.86,1.13,0.17,-0.37056,-0.17612,-0.16047,-0.89773,-0.85,1.11,0.19,-0.58513,-0.19372,-0.17583,-0.76758,-0.83,1.09,0.2,-0.58513,-0.19372,-0.17583,-0.76758,-0.87,1.07,0.09,0.35124,-0.04436,-0.21331,-0.91058,-0.88,1.11,0.13,0.13936,-0.06048,-0.27341,-0.94983,-0.88,1.12,0.17,-0.36264,-0.21084,-0.24173,-0.87499,-0.86,1.11,0.19,-0.61685,-0.29483,-0.19016,-0.70456,-0.85,1.09,0.19,-0.61685,-0.29483,-0.19016,-0.70456,-0.88,1.07,0.09,0.28422,0.00823,-0.4435,-0.84998,-0.89,1.09,0.13,0.21005,-0.04194,-0.35235,-0.91103,-0.89,1.1,0.16,-0.3012,-0.2198,-0.35347,-0.85792,-0.88,1.1,0.17,-0.56216,-0.3681,-0.26754,-0.69058,-0.86,1.08,0.18,-0.56216,-0.3681,-0.26754,-0.69058,-0.7,1.09,0.12,-0.34181,-0.2052,-0.11014,0.91045,-0.68,1.05,0.07,-0.34181,-0.2052,-0.11014,0.91045,-0.72,1.06,0.09,-0.43405,-0.22202,0.60494,0.62956,-0.75,1.07,0.11,-0.28001,-0.07479,0.56557,0.7721,-0.76,1.08,0.14,-0.23846,-0.08755,0.6436,0.72198,-0.77,1.09,0.16,-0.23846,-0.08755,0.6436,0.72198,-0.71,1.07,0.09,-0.34181,-0.2052,-0.11014,0.91045,-0.73,1.11,0.13,0.03629,-0.2574,0.05754,0.96391,-0.75,1.11,0.16,0.43697,-0.21375,0.13355,0.86344,-0.76,1.09,0.17,0.57943,-0.16035,0.16352,0.78218,-0.76,1.07,0.18,0.57943,-0.16035,0.16352,0.78218,-0.69,1.07,0.1,-0.34181,-0.2052,-0.11014,0.91045,-0.71,1.11,0.13,-0.05894,-0.22786,-0.05461,0.97037,-0.73,1.12,0.17,0.404,-0.22909,0.04567,0.88443,-0.74,1.1,0.19,0.66165,-0.18735,0.04354,0.72472,-0.74,1.08,0.19,0.66165,-0.18735,0.04354,0.72472,-0.68,1.07,0.1,-0.34181,-0.2052,-0.11014,0.91045,-0.69,1.11,0.14,-0.14386,-0.19925,-0.1391,0.9593,-0.71,1.12,0.17,0.43039,-0.2646,-0.03961,0.86208,-0.72,1.1,0.19,0.73628,-0.27412,0.03463,0.6177,-0.73,1.08,0.18,0.73628,-0.27412,0.03463,0.6177,-0.67,1.07,0.11,-0.25628,-0.14365,-0.33933,0.89361,-0.68,1.09,0.15,-0.24702,-0.15365,-0.24474,0.92492,-0.68,1.11,0.17,0.39719,-0.28435,-0.17593,0.85466,-0.69,1.1,0.18,0.73107,-0.37093,-0.0441,0.57097,-0.71,1.08,0.17,0.73107,-0.37093,-0.0441,0.57097,-0.81,1.08,0.19
-0.79,1.44,-0.15,-0.79,1.44,-0.15,-0.86,1.1,0.11,0.35085,-0.0635,-0.20912,-0.91057,-0.86,1.06,0.06,0.35085,-0.0635,-0.20912,-0.91057,-0.83,1.08,0.09,0.48201,-0.11748,0.45238,-0.74109,-0.81,1.1,0.1,0.28065,0.00048,0.38323,-0.87998,-0.8,1.12,0.13,0.18864,0.00593,0.46588,-0.86449,-0.8,1.13,0.15,0.18864,0.00593,0.46588,-0.86449,-0.84,1.08,0.09,0.35085,-0.0635,-0.20912,-0.91057,-0.84,1.13,0.13,-0.00394,-0.12827,-0.12664,-0.98361,-0.83,1.13,0.16,-0.43863,-0.17555,-0.08239,-0.8775,-0.82,1.11,0.18,-0.6081,-0.16126,-0.05126,-0.77562,-0.81,1.09,0.18,-0.6081,-0.16126,-0.05126,-0.77562,-0.85,1.08,0.09,0.35085,-0.0635,-0.20912,-0.91057,-0.86,1.12,0.13,0.06496,-0.11078,-0.19817,-0.97172,-0.85,1.13,0.17,-0.36768,-0.18807,-0.14226,-0.89956,-0.84,1.11,0.19,-0.57903,-0.20053,-0.15616,-0.77468,-0.83,1.09,0.2,-0.57903,-0.20053,-0.15616,-0.77468,-0.87,1.07,0.09,0.35085,-0.0635,-0.20912,-0.91057,-0.88,1.11,0.13,0.13651,-0.08306,-0.26278,-0.95153,-0.87,1.12,0.17,-0.34995,-0.22057,-0.22513,-0.88216,-0.86,1.11,0.19,-0.59826,-0.29766,-0.17422,-0.72328,-0.84,1.09,0.19,-0.59826,-0.29766,-0.17422,-0.72328,-0.88,1.07,0.1,0.28047,-0.01014,-0.43904,-0.85351,-0.89,1.09,0.13,0.209,-0.06478,-0.34394,-0.91314,-0.89,1.1,0.16,-0.29732,-0.23201,-0.33632,-0.86294,-0.88,1.1,0.18,-0.54819,-0.36982,-0.25313,-0.70614,-0.86,1.08,0.18,-0.54819,-0.36982,-0.25313,-0.70614,-0.7,1.09,0.12,-0.33752,-0.19688,-0.11586,0.91318,-0.68,1.05,0.07,-0.33752,-0.19688,-0.11586,0.91318,-0.72,1.07,0.09,-0.43423,-0.22264,0.5951,0.63854,-0.75,1.07,0.11,-0.27502,-0.07548,0.55588,0.78081,-0.76,1.09,0.14,-0.23941,-0.09384,0.63417,0.72918,-0.77,1.09,0.16,-0.23941,-0.09384,0.63417,0.72918,-0.71,1.07,0.09,-0.33752,-0.19688,-0.11586,0.91318,-0.73,1.11,0.13,0.05023,-0.26448,0.06378,0.96097,-0.75,1.11,0.16,0.41877,-0.22203,0.13449,0.8702,-0.75,1.09,0.17,0.5494,-0.17106,0.1622,0.80162,-0.76,1.07,0.18,0.5494,-0.17106,0.1622,0.80162,-0.69,1.07,0.1,-0.33752,-0.19688,-0.11586,0.91318,-0.71,1.11,0.14,-0.07431,-0.22248,-0.06563,0.96988,-0.73,1.12,0.17,0.36987,-0.23039,0.02829,0.89962,-0.74,1.1,0.19,0.61601,-0.19824,0.02392,0.76201,-0.74,1.08,0.2,0.61601,-0.19824,0.02392,0.76201,-0.68,1.07,0.1,-0.33752,-0.19688,-0.11586,0.91318,-0.69,1.11,0.14,-0.16663,-0.1869,-0.15225,0.9561,-0.7,1.12,0.18,0.389,-0.26162,-0.06243,0.8811,-0.72,1.1,0.19,0.68846,-0.28326,0.00763,0.66763,-0.73,1.08,0.19,0.68846,-0.28326,0.00763,0.66763,-0.67,1.07,0.11,-0.25299,-0.13443,-0.34498,0.89382,-0.67,1.09,0.15,-0.26031,-0.13479,-0.25412,0.92168,-0.68,1.11,0.17,0.35859,-0.27153,-0.20141,0.87013,-0.69,1.1,0.18,0.6914,-0.37082,-0.077,0.61525,-0.7,1.08,0.18,0.6914,-0.37082,-0.077,0.61525,-0.81,1.08,0.19
-0.79,1.44,-0.15,-0.79,1.44,-0.15,-0.85,1.1,0.11,0.32957,-0.07651,-0.20757,-0.91785,-0.86,1.06,0.06,0.32957,-0.07651,-0.20757,-0.91785,-0.83,1.08,0.09,0.46995,-0.15096,0.45389,-0.74185,-0.8,1.1,0.1,0.26248,-0.02852,0.39431,-0.88023,-0.8,1.11,0.13,0.1721,-0.02333,0.47819,-0.86092,-0.79,1.12,0.15,0.1721,-0.02333,0.47819,-0.86092,-0.84,1.08,0.09,0.32957,-0.07651,-0.20757,-0.91785,-0.84,1.12,0.13,-0.0032,-0.13886,-0.12352,-0.98257,-0.82,1.12,0.17,-0.43777,-0.1837,-0.07491,-0.87693,-0.82,1.1,0.18,-0.60981,-0.168,-0.04168,-0.77341,-0.81,1.08,0.19,-0.60981,-0.168,-0.04168,-0.77341,-0.85,1.08,0.09,0.32957,-0.07651,-0.20757,-0.91785,-0.86,1.12,0.13,0.05204,-0.12227,-0.19269,-0.97222,-0.85,1.12,0.17,-0.35926,-0.19281,-0.1367,-0.90281,-0.84,1.11,0.19,-0.56014,-0.20298,-0.15166,-0.78869,-0.82,1.09,0.2,-0.56014,-0.20298,-0.15166,-0.78869,-0.87,1.07,0.09,0.32957,-0.07651,-0.20757,-0.91785,-0.87,1.1,0.14,0.12475,-0.09213,-0.25841,-0.95351,-0.87,1.11,0.17,-0.33914,-0.22049,-0.22226,-0.88711,-0.85,1.1,0.19,-0.57708,-0.29493,-0.17523,-0.74114,-0.84,1.08,0.2,-0.57708,-0.29493,-0.17523,-0.74114,-0.88,1.07,0.1,0.25726,-0.01729,-0.43582,-0.86231,-0.88,1.09,0.14,0.19483,-0.06831,-0.34122,-0.91703,-0.88,1.1,0.16,-0.29623,-0.22682,-0.33563,-0.86496,-0.87,1.09,0.18,-0.53123,-0.35948,-0.26163,-0.72119,-0.86,1.08,0.18,-0.53123,-0.35948,-0.26163,-0.72119,-0.7,1.1,0.12,-0.35262,-0.19187,-0.12636,0.90713,-0.68,1.05,0.07,-0.35262,-0.19187,-0.12636,0.90713,-0.72,1.07,0.09,-0.45332,-0.20269,0.5813,0.6446,-0.74,1.08,0.11,-0.29316,-0.06097,0.53629,0.78914,-0.76,1.09,0.14,-0.26124,-0.08169,0.61621,0.73849,-0.77,1.1,0.16,-0.26124,-0.08169,0.61621,0.73849,-0.71,1.07,0.09,-0.35262,-0.19187,-0.12636,0.90713,-0.73,1.12,0.13,0.03786,-0.26668,0.05837,0.96127,-0.75,1.11,0.16,0.39369,-0.22845,0.12675,0.88134,-0.75,1.09,0.17,0.5144,-0.18091,0.15182,0.82439,-0.76,1.08,0.18,0.5144,-0.18091,0.15182,0.82439,-0.69,1.07,0.1,-0.35262,-0.19187,-0.12636,0.90713,-0.71,1.12,0.13,-0.07846,-0.22411,-0.07237,0.9687,-0.72,1.13,0.17,0.36511,-0.23492,0.02287,0.90054,-0.73,1.11,0.19,0.60736,-0.20486,0.01918,0.76732,-0.74,1.08,0.19,0.60736,-0.20486,0.01918,0.76732,-0.68,1.07,0.1,-0.35262,-0.19187,-0.12636,0.90713,-0.69,1.11,0.14,-0.1689,-0.18788,-0.16064,0.95413,-0.7,1.12,0.17,0.38787,-0.26723,-0.06825,0.87948,-0.71,1.11,0.19,0.6841,-0.2908,0.00342,0.6689,-0.72,1.08,0.19,0.6841,-0.2908,0.00342,0.6689,-0.67,1.07,0.11,-0.26728,-0.13375,-0.35611,0.88536,-0.67,1.09,0.15,-0.26832,-0.13303,-0.26556,0.9164,-0.68,1.11,0.17,0.34734,-0.27733,-0.21168,0.87042,-0.69,1.1,0.18,0.67406,-0.37991,-0.087,0.6275,-0.7,1.09,0.18,0.67406,-0.37991,-0.087,0.6275,-0.81,1.08,0.19
-0.79,1.44,-0.15,-0.79,1.44,-0.15,-0.85,1.09,0.11,0.32133,-0.08592,-0.2107,-0.91922,-0.86,1.06,0.06,0.32133,-0.08592,-0.2107,-0.91922,-0.82,1.08,0.09,0.4664,-0.1729,0.45342,-0.73958,-0.8,1.09,0.1,0.25345,-0.0474,0.40058,-0.87923,-0.79,1.11,0.13,0.16386,-0.04194,0.48531,-0.85782,-0.79,1.11,0.15,0.16386,-0.04194,0.48531,-0.85782,-0.84,1.08,0.09,0.32133,-0.08592,-0.2107,-0.91922,-0.83,1.12,0.13,0.00038,-0.15059,-0.12314,-0.9809,-0.82,1.12,0.17,-0.43464,-0.19419,-0.06923,-0.87669,-0.81,1.1,0.18,-0.60731,-0.17721,-0.03394,-0.7737,-0.81,1.08,0.18,-0.60731,-0.17721,-0.03394,-0.7737,-0.85,1.07,0.09,0.32133,-0.08592,-0.2107,-0.91922,-0.85,1.11,0.13,0.05544,-0.13096,-0.19377,-0.97068,-0.84,1.12,0.17,-0.34576,-0.19974,-0.13621,-0.90664,-0.83,1.11,0.19,-0.54127,-0.20969,-0.15091,-0.80018,-0.82,1.09,0.2,-0.54127,-0.20969,-0.15091,-0.80018,-0.87,1.07,0.09,0.32133,-0.08592,-0.2107,-0.91922,-0.87,1.1,0.14,0.13135,-0.09719,-0.26102,-0.9514,-0.87,1.11,0.17,-0.32185,-0.22385,-0.22445,-0.89215,-0.85,1.1,0.19,-0.55426,-0.2979,-0.17834,-0.75647,-0.84,1.08,0.2,-0.55426,-0.2979,-0.17834,-0.75647,-0.87,1.06,0.1,0.24687,-0.02455,-0.4378,-0.86417,-0.88,1.08,0.14,0.19546,-0.06472,-0.34569,-0.91548,-0.88,1.1,0.16,-0.28817,-0.22353,-0.34256,-0.86582,-0.87,1.09,0.18,-0.51357,-0.35521,-0.27318,-0.73174,-0.85,1.08,0.19,-0.51357,-0.35521,-0.27318,-0.73174,-0.7,1.1,0.12,-0.36468,-0.19104,-0.1248,0.90274,-0.68,1.06,0.07,-0.36468,-0.19104,-0.1248,0.90274,-0.72,1.07,0.09,-0.46882,-0.18645,0.57595,0.64322,-0.75,1.08,0.11,-0.3112,-0.04908,0.52634,0.78976,-0.76,1.1,0.14,-0.27891,-0.06853,0.6074,0.74067,-0.77,1.11,0.16,-0.27891,-0.06853,0.6074,0.74067,-0.71,1.08,0.09,-0.36468,-0.19104,-0.1248,0.90274,-0.73,1.12,0.13,0.02614,-0.26523,0.06156,0.96186,-0.75,1.12,0.16,0.37509,-0.22737,0.12718,0.88963,-0.75,1.1,0.17,0.4881,-0.18142,0.14937,0.84055,-0.76,1.08,0.18,0.4881,-0.18142,0.14937,0.84055,-0.69,1.07,0.1,-0.36468,-0.19104,-0.1248,0.90274,-0.71,1.12,0.13,-0.07035,-0.22559,-0.06516,0.96949,-0.72,1.13,0.17,0.37694,-0.23278,0.03105,0.89597,-0.73,1.11,0.19,0.61985,-0.1995,0.02704,0.75846,-0.74,1.09,0.19,0.61985,-0.1995,0.02704,0.75846,-0.68,1.07,0.1,-0.36468,-0.19104,-0.1248,0.90274,-0.69,1.11,0.14,-0.15655,-0.19201,-0.15423,0.95647,-0.7,1.12,0.17,0.40741,-0.26712,-0.05877,0.87133,-0.71,1.11,0.19,0.70304,-0.28627,0.01302,0.65085,-0.72,1.09,0.18,0.70304,-0.28627,0.01302,0.65085,-0.67,1.07,0.11,-0.27943,-0.13602,-0.35539,0.88154,-0.67,1.1,0.14,-0.26681,-0.13726,-0.26387,0.9167,-0.68,1.11,0.17,0.35153,-0.2801,-0.20713,0.86894,-0.69,1.1,0.18,0.67792,-0.38047,-0.08162,0.6237,-0.7,1.09,0.18,0.67792,-0.38047,-0.08162,0.6237,-0.81,1.08,0.19
-0.79,1.44,-0.15,-0.79,1.44,-0.15,-0.85,1.1,0.11,0.34091,-0.08641,-0.199,-0.91472,-0.86,1.06,0.06,0.34091,-0.08641,-0.199,-0.91472,-0.82,1.08,0.08,0.47066,-0.16992,0.47342,-0.7249,-0.8,1.09,0.1,0.25634,-0.03695,0.42064,-0.86947,-0.79,1.11,0.13,0.15928,-0.02559,0.50343,-0.84884,-0.79,1.11,0.15,0.15928,-0.02559,0.50343,-0.84884,-0.84,1.08,0.09,0.34091,-0.08641,-0.199,-0.91472,-0.83,1.12,0.13,0.0184,-0.14778,-0.11046,-0.98266,-0.82,1.12,0.16,-0.42898,-0.1872,-0.05696,-0.88186,-0.81,1.11,0.18,-0.60407,-0.16796,-0.02316,-0.77869,-0.81,1.09,0.18,-0.60407,-0.16796,-0.02316,-0.77869,-0.85,1.07,0.09,0.34091,-0.08641,-0.199,-0.91472,-0.85,1.12,0.13,0.07006,-0.12945,-0.18191,-0.97224,-0.84,1.13,0.17,-0.34323,-0.19511,-0.12384,-0.91038,-0.83,1.11,0.19,-0.54256,-0.20307,-0.13957,-0.80306,-0.82,1.09,0.2,-0.54256,-0.20307,-0.13957,-0.80306,-0.87,1.07,0.09,0.34091,-0.08641,-0.199,-0.91472,-0.87,1.1,0.13,0.14347,-0.09859,-0.24948,-0.95261,-0.87,1.12,0.17,-0.31683,-0.22143,-0.21235,-0.89749,-0.85,1.1,0.19,-0.5537,-0.29286,-0.16661,-0.76151,-0.84,1.09,0.19,-0.5537,-0.29286,-0.16661,-0.76151,-0.87,1.07,0.1,0.26745,-0.0295,-0.42828,-0.86266,-0.88,1.09,0.13,0.20534,-0.06321,-0.33774,-0.91639,-0.88,1.1,0.16,-0.28414,-0.22069,-0.33573,-0.87054,-0.87,1.09,0.18,-0.51262,-0.35108,-0.2668,-0.73674,-0.85,1.08,0.18,-0.51262,-0.35108,-0.2668,-0.73674,-0.7,1.1,0.12,-0.35948,-0.19597,-0.10398,0.9064,-0.68,1.06,0.07,-0.35948,-0.19597,-0.10398,0.9064,-0.72,1.07,0.09,-0.4615,-0.19587,0.59151,0.63148,-0.75,1.08,0.11,-0.30668,-0.05424,0.54497,0.77847,-0.76,1.09,0.14,-0.27251,-0.07226,0.62478,0.72813,-0.77,1.1,0.16,-0.27251,-0.07226,0.62478,0.72813,-0.71,1.07,0.09,-0.35948,-0.19597,-0.10398,0.9064,-0.73,1.12,0.13,0.03562,-0.26076,0.08219,0.96124,-0.75,1.11,0.16,0.38485,-0.21538,0.14513,0.88569,-0.76,1.09,0.17,0.49622,-0.16721,0.16581,0.83565,-0.76,1.08,0.19,0.49622,-0.16721,0.16581,0.83565,-0.7,1.07,0.1,-0.35948,-0.19597,-0.10398,0.9064,-0.71,1.12,0.13,-0.06628,-0.22296,-0.04504,0.97153,-0.73,1.12,0.17,0.38734,-0.22099,0.04921,0.89371,-0.74,1.11,0.19,0.63299,-0.18195,0.04197,0.7513,-0.74,1.08,0.19,0.63299,-0.18195,0.04197,0.7513,-0.68,1.07,0.1,-0.35948,-0.19597,-0.10398,0.9064,-0.69,1.11,0.14,-0.15484,-0.18932,-0.13499,0.96019,-0.71,1.12,0.17,0.41358,-0.25428,-0.04382,0.87314,-0.72,1.11,0.19,0.71225,-0.26846,0.02284,0.64816,-0.73,1.08,0.18,0.71225,-0.26846,0.02284,0.64816,-0.67,1.07,0.11,-0.27623,-0.13883,-0.33518,0.88999,-0.68,1.1,0.14,-0.26473,-0.1371,-0.24387,0.92285,-0.68,1.11,0.17,0.35593,-0.2676,-0.19199,0.87455,-0.69,1.1,0.18,0.68514,-0.36299,-0.07336,0.62724,-0.71,1.09,0.18,0.68514,-0.36299,-0.07336,0.62724,-0.81,1.08,0.19
-0.79,1.44,-0.15,-0.79,1.44,-0.15,-0.85,1.1,0.11,0.36135,-0.08199,-0.16896,-0.91332,-0.86,1.06,0.06,0.36135,-0.08199,-0.16896,-0.91332,-0.82,1.08,0.09,0.46655,-0.16226,0.50901,-0.70492,-0.8,1.09,0.1,0.2531,-0.01641,0.45497,-0.85362,-0.79,1.11,0.13,0.1452,0.00385,0.53351,-0.83323,-0.79,1.11,0.15,0.1452,0.00385,0.53351,-0.83323,-0.84,1.08,0.09,0.36135,-0.08199,-0.16896,-0.91332,-0.83,1.12,0.13,0.02897,-0.1332,-0.08206,-0.98726,-0.82,1.13,0.16,-0.4381,-0.1624,-0.03515,-0.88344,-0.81,1.11,0.18,-0.61775,-0.13918,-0.00562,-0.77394,-0.81,1.09,0.18,-0.61775,-0.13918,-0.00562,-0.77394,-0.85,1.08,0.09,0.36135,-0.08199,-0.16896,-0.91332,-0.85,1.12,0.13,0.06849,-0.11988,-0.15225,-0.97865,-0.84,1.13,0.17,-0.36745,-0.1762,-0.09712,-0.90802,-0.83,1.11,0.19,-0.57641,-0.1782,-0.11624,-0.78898,-0.82,1.09,0.19,-0.57641,-0.1782,-0.11624,-0.78898,-0.87,1.07,0.09,0.36135,-0.08199,-0.16896,-0.91332,-0.87,1.11,0.13,0.14029,-0.09462,-0.21974,-0.96077,-0.87,1.12,0.17,-0.33319,-0.20596,-0.18634,-0.90102,-0.85,1.11,0.19,-0.57952,-0.27165,-0.14419,-0.7547,-0.84,1.09,0.19,-0.57952,-0.27165,-0.14419,-0.7547,-0.88,1.07,0.1,0.29239,-0.0291,-0.40186,-0.86728,-0.88,1.09,0.13,0.20772,-0.06272,-0.31133,-0.9252,-0.88,1.1,0.16,-0.29398,-0.21,-0.31228,-0.87861,-0.87,1.1,0.17,-0.53152,-0.33612,-0.24562,-0.73768,-0.86,1.08,0.18,-0.53152,-0.33612,-0.24562,-0.73768,-0.7,1.1,0.12,-0.361,-0.19127,-0.1018,0.90705,-0.68,1.06,0.07,-0.361,-0.19127,-0.1018,0.90705,-0.72,1.07,0.09,-0.46588,-0.19272,0.58737,0.6331,-0.75,1.08,0.11,-0.30893,-0.05127,0.54009,0.78117,-0.76,1.09,0.14,-0.27132,-0.06651,0.62029,0.73294,-0.77,1.1,0.16,-0.27132,-0.06651,0.62029,0.73294,-0.71,1.07,0.09,-0.361,-0.19127,-0.1018,0.90705,-0.73,1.12,0.13,0.03405,-0.2555,0.08192,0.96273,-0.75,1.11,0.16,0.38168,-0.21095,0.14245,0.88855,-0.76,1.09,0.18,0.49327,-0.16318,0.16243,0.83885,-0.76,1.08,0.19,0.49327,-0.16318,0.16243,0.83885,-0.7,1.07,0.1,-0.361,-0.19127,-0.1018,0.90705,-0.71,1.12,0.13,-0.07304,-0.21616,-0.04674,0.9725,-0.73,1.13,0.17,0.37881,-0.21595,0.04391,0.89886,-0.74,1.11,0.19,0.62273,-0.17961,0.03482,0.76075,-0.74,1.08,0.19,0.62273,-0.17961,0.03482,0.76075,-0.68,1.07,0.1,-0.361,-0.19127,-0.1018,0.90705,-0.69,1.11,0.14,-0.16301,-0.18056,-0.13687,0.96026,-0.7,1.12,0.17,0.40066,-0.24814,-0.05164,0.88047,-0.72,1.11,0.19,0.69776,-0.26663,0.01197,0.66475,-0.72,1.08,0.19,0.69776,-0.26663,0.01197,0.66475,-0.67,1.07,0.11,-0.27897,-0.13446,-0.3335,0.89044,-0.68,1.1,0.14,-0.27016,-0.12827,-0.24365,0.9226,-0.68,1.11,0.17,0.34081,-0.25886,-0.19959,0.88148,-0.69,1.1,0.18,0.66393,-0.35776,-0.08832,0.6507,-0.7,1.09,0.18,0.66393,-0.35776,-0.08832,0.6507,-0.81,1.08,0.19
-0.79,1.44,-0.15,-0.79,1.44,-0.15,-0.85,1.1,0.11,0.37594,-0.07305,-0.14303,-0.91262,-0.86,1.06,0.06,0.37594,-0.07305,-0.14303,-0.91262,-0.82,1.08,0.09,0.46182,-0.15029,0.53505,-0.69127,-0.8,1.09,0.1,0.25376,0.00271,0.47777,-0.84103,-0.79,1.11,0.13,0.14173,0.02747,0.55295,-0.82061,-0.79,1.11,0.15,0.14173,0.02747,0.55295,-0.82061,-0.84,1.08,0.09,0.37594,-0.07305,-0.14303,-0.91262,-0.83,1.12,0.12,0.03925,-0.11398,-0.06141,-0.99081,-0.82,1.13,0.16,-0.43315,-0.13614,-0.02545,-0.89062,-0.82,1.11,0.18,-0.61656,-0.11145,-0.00146,-0.77938,-0.81,1.09,0.18,-0.61656,-0.11145,-0.00146,-0.77938,-0.85,1.08,0.09,0.37594,-0.07305,-0.14303,-0.91262,-0.85,1.12,0.13,0.0737,-0.10454,-0.1297,-0.98327,-0.85,1.13,0.17,-0.36606,-0.15276,-0.08336,-0.91418,-0.84,1.11,0.19,-0.57841,-0.15263,-0.10836,-0.79398,-0.83,1.09,0.19,-0.57841,-0.15263,-0.10836,-0.79398,-0.87,1.07,0.09,0.37594,-0.07305,-0.14303,-0.91262,-0.87,1.11,0.13,0.14765,-0.08264,-0.19651,-0.96579,-0.87,1.12,0.17,-0.3294,-0.18487,-0.17162,-0.90987,-0.86,1.11,0.18,-0.58093,-0.24781,-0.13573,-0.76334,-0.84,1.09,0.19,-0.58093,-0.24781,-0.13573,-0.76334,-0.88,1.07,0.09,0.31201,-0.02309,-0.37883,-0.87098,-0.89,1.09,0.13,0.21943,-0.0557,-0.28795,-0.9305,-0.89,1.11,0.16,-0.28516,-0.19293,-0.29631,-0.89088,-0.88,1.1,0.17,-0.52986,-0.31619,-0.23436,-0.75123,-0.86,1.09,0.18,-0.52986,-0.31619,-0.23436,-0.75123,-0.7,1.1,0.12,-0.35776,-0.192,-0.1049,0.90782,-0.68,1.06,0.07,-0.35776,-0.192,-0.1049,0.90782,-0.72,1.07,0.09,-0.46613,-0.19777,0.58323,0.63518,-0.75,1.08,0.11,-0.30467,-0.05465,0.53762,0.78432,-0.76,1.09,0.14,-0.26526,-0.06866,0.61789,0.73697,-0.77,1.1,0.16,-0.26526,-0.06866,0.61789,0.73697,-0.71,1.07,0.09,-0.35776,-0.192,-0.1049,0.90782,-0.73,1.12,0.13,0.04105,-0.25782,0.08088,0.96193,-0.75,1.11,0.16,0.38666,-0.21352,0.14199,0.88586,-0.76,1.09,0.18,0.49748,-0.16584,0.16236,0.83585,-0.76,1.08,0.19,0.49748,-0.16584,0.16236,0.83585,-0.7,1.07,0.1,-0.35776,-0.192,-0.1049,0.90782,-0.71,1.12,0.13,-0.08988,-0.21552,-0.05499,0.9708,-0.73,1.13,0.17,0.3516,-0.21979,0.03358,0.90937,-0.74,1.11,0.19,0.58603,-0.18947,0.02362,0.78747,-0.74,1.09,0.2,0.58603,-0.18947,0.02362,0.78747,-0.68,1.07,0.1,-0.35776,-0.192,-0.1049,0.90782,-0.69,1.11,0.14,-0.18704,-0.1746,-0.14666,0.95552,-0.7,1.13,0.17,0.35331,-0.24797,-0.06867,0.89942,-0.72,1.11,0.19,0.64045,-0.27543,-0.00893,0.71685,-0.73,1.09,0.19,0.64045,-0.27543,-0.00893,0.71685,-0.67,1.07,0.11,-0.27522,-0.13445,-0.3362,0.89059,-0.68,1.1,0.15,-0.27957,-0.12063,-0.24889,0.91942,-0.68,1.11,0.17,0.30697,-0.25143,-0.21381,0.89266,-0.69,1.11,0.18,0.61357,-0.35461,-0.11368,0.69632,-0.7,1.09,0.18,0.61357,-0.35461,-0.11368,0.69632,-0.81,1.08,0.19
-0.79,1.44,-0.15,-0.79,1.44,-0.15,-0.85,1.1,0.11,0.37725,-0.07156,-0.13628,-0.91323,-0.86,1.06,0.06,0.37725,-0.07156,-0.13628,-0.91323,-0.82,1.08,0.09,0.46031,-0.14963,0.54037,-0.68827,-0.8,1.09,0.1,0.25234,0.00554,0.48303,-0.83844,-0.79,1.1,0.13,0.14014,0.03078,0.5576,-0.81762,-0.79,1.11,0.16,0.14014,0.03078,0.5576,-0.81762,-0.84,1.08,0.09,0.37725,-0.07156,-0.13628,-0.91323,-0.83,1.12,0.13,0.04174,-0.10893,-0.05677,-0.99155,-0.82,1.13,0.16,-0.42982,-0.12954,-0.02394,-0.89325,-0.82,1.11,0.18,-0.61422,-0.10469,-0.00144,-0.78216,-0.81,1.09,0.18,-0.61422,-0.10469,-0.00144,-0.78216,-0.85,1.08,0.09,0.37725,-0.07156,-0.13628,-0.91323,-0.85,1.12,0.13,0.06518,-0.10234,-0.12265,-0.98501,-0.85,1.13,0.17,-0.37464,-0.1476,-0.07799,-0.91202,-0.84,1.11,0.19,-0.58766,-0.14589,-0.10416,-0.789,-0.83,1.09,0.19,-0.58766,-0.14589,-0.10416,-0.789,-0.87,1.07,0.09,0.37725,-0.07156,-0.13628,-0.91323,-0.87,1.11,0.13,0.14082,-0.08157,-0.18949,-0.9683,-0.87,1.12,0.17,-0.33606,-0.18024,-0.16625,-0.90936,-0.86,1.11,0.18,-0.58801,-0.24176,-0.13197,-0.76051,-0.84,1.09,0.19,-0.58801,-0.24176,-0.13197,-0.76051,-0.88,1.07,0.09,0.31453,-0.02171,-0.37263,-0.87278,-0.89,1.09,0.13,0.21888,-0.0562,-0.28089,-0.93276,-0.89,1.11,0.16,-0.28437,-0.18905,-0.29052,-0.89387,-0.88,1.1,0.17,-0.53029,-0.31086,-0.23001,-0.75449,-0.86,1.09,0.18,-0.53029,-0.31086,-0.23001,-0.75449,-0.7,1.1,0.12,-0.35148,-0.19276,-0.11081,0.90941,-0.68,1.06,0.07,-0.35148,-0.19276,-0.11081,0.90941,-0.72,1.07,0.09,-0.46238,-0.20329,0.57952,0.63956,-0.75,1.08,0.11,-0.2932,-0.05601,0.5361,0.78962,-0.76,1.09,0.14,-0.25151,-0.06932,0.61618,0.74314,-0.77,1.1,0.16,-0.25151,-0.06932,0.61618,0.74314,-0.71,1.07,0.09,-0.35148,-0.19276,-0.11081,0.90941,-0.73,1.12,0.13,0.04905,-0.26098,0.07575,0.96112,-0.75,1.11,0.16,0.3946,-0.21798,0.13848,0.88182,-0.76,1.09,0.18,0.50531,-0.17062,0.15979,0.83067,-0.76,1.07,0.19,0.50531,-0.17062,0.15979,0.83067,-0.7,1.07,0.1,-0.35148,-0.19276,-0.11081,0.90941,-0.71,1.12,0.14,-0.08835,-0.21626,-0.0625,0.97032,-0.73,1.13,0.17,0.33615,-0.22423,0.02313,0.91443,-0.74,1.11,0.19,0.55383,-0.19907,0.01175,0.8084,-0.75,1.09,0.2,0.55383,-0.19907,0.01175,0.8084,-0.68,1.07,0.1,-0.35148,-0.19276,-0.11081,0.90941,-0.69,1.11,0.14,-0.18675,-0.1728,-0.15436,0.95469,-0.7,1.12,0.17,0.33027,-0.24873,-0.08185,0.90684,-0.72,1.11,0.19,0.60059,-0.28191,-0.02655,0.74774,-0.73,1.09,0.2,0.60059,-0.28191,-0.02655,0.74774,-0.67,1.07,0.11,-0.26813,-0.13377,-0.34134,0.8909,-0.68,1.1,0.15,-0.27817,-0.11167,-0.25666,0.91884,-0.68,1.11,0.17,0.28948,-0.24423,-0.22922,0.89667,-0.69,1.1,0.18,0.57455,-0.35048,-0.1402,0.72623,-0.7,1.09,0.19,0.57455,-0.35048,-0.1402,0.72623,-0.81,1.08,0.19
-0.79,1.44,-0.15,-0.79,1.44,-0.15,-0.85,1.1,0.11,0.36189,-0.07116,-0.15393,-0.91667,-0.86,1.06,0.06,0.36189,-0.07116,-0.15393,-0.91667,-0.82,1.08,0.09,0.45713,-0.15769,0.52219,-0.70248,-0.8,1.09,0.1,0.2434,-0.00629,0.46704,-0.85006,-0.79,1.11,0.13,0.13193,0.01612,0.54342,-0.82887,-0.79,1.11,0.16,0.13193,0.01612,0.54342,-0.82887,-0.84,1.08,0.09,0.36189,-0.07116,-0.15393,-0.91667,-0.83,1.12,0.13,0.0307,-0.11598,-0.0734,-0.99006,-0.82,1.13,0.16,-0.43674,-0.14317,-0.03572,-0.8874,-0.82,1.11,0.18,-0.61788,-0.12047,-0.01016,-0.77692,-0.81,1.09,0.18,-0.61788,-0.12047,-0.01016,-0.77692,-0.85,1.08,0.09,0.36189,-0.07116,-0.15393,-0.91667,-0.85,1.12,0.13,0.01061,-0.11364,-0.13402,-0.98438,-0.85,1.12,0.17,-0.46896,-0.16608,-0.07488,-0.86422,-0.84,1.1,0.18,-0.70033,-0.15755,-0.09073,-0.69027,-0.83,1.08,0.18,-0.70033,-0.15755,-0.09073,-0.69027,-0.87,1.07,0.09,0.36189,-0.07116,-0.15393,-0.91667,-0.87,1.11,0.13,0.09309,-0.09017,-0.20347,-0.97047,-0.87,1.12,0.17,-0.43033,-0.20183,-0.16488,-0.86423,-0.85,1.1,0.18,-0.696,-0.26202,-0.11691,-0.65823,-0.84,1.08,0.18,-0.696,-0.26202,-0.11691,-0.65823,-0.88,1.07,0.09,0.29721,-0.01798,-0.38828,-0.87212,-0.89,1.09,0.13,0.20082,-0.05719,-0.29682,-0.93182,-0.89,1.1,0.16,-0.32951,-0.20603,-0.298,-0.87188,-0.87,1.1,0.17,-0.59838,-0.33734,-0.2206,-0.69244,-0.86,1.08,0.18,-0.59838,-0.33734,-0.2206,-0.69244,-0.7,1.1,0.12,-0.35033,-0.1789,-0.13117,0.90998,-0.68,1.06,0.07,-0.35033,-0.1789,-0.13117,0.90998,-0.72,1.07,0.09,-0.47637,-0.19592,0.54808,0.65901,-0.75,1.08,0.11,-0.30092,-0.05718,0.50173,0.80898,-0.76,1.1,0.14,-0.26289,-0.07294,0.58403,0.76451,-0.77,1.11,0.16,-0.26289,-0.07294,0.58403,0.76451,-0.71,1.08,0.1,-0.35033,-0.1789,-0.13117,0.90998,-0.73,1.12,0.13,-0.048,-0.25173,0.01395,0.96651,-0.74,1.12,0.16,0.30319,-0.23403,0.07697,0.92053,-0.75,1.11,0.18,0.42552,-0.19468,0.09907,0.87819,-0.76,1.09,0.19,0.42552,-0.19468,0.09907,0.87819,-0.69,1.07,0.1,-0.35033,-0.1789,-0.13117,0.90998,-0.71,1.12,0.14,-0.07464,-0.20857,-0.08384,0.97154,-0.72,1.13,0.18,0.32246,-0.22612,-0.00597,0.91916,-0.73,1.11,0.19,0.51204,-0.20976,-0.02072,0.8327,-0.74,1.09,0.2,0.51204,-0.20976,-0.02072,0.8327,-0.68,1.07,0.11,-0.35033,-0.1789,-0.13117,0.90998,-0.69,1.11,0.14,-0.12141,-0.17388,-0.16456,0.9633,-0.7,1.12,0.18,0.36829,-0.25008,-0.0972,0.89016,-0.71,1.1,0.19,0.61101,-0.28688,-0.04765,0.73627,-0.73,1.08,0.2,0.61101,-0.28688,-0.04765,0.73627,-0.67,1.07,0.11,-0.26703,-0.1204,-0.36127,0.88526,-0.67,1.09,0.15,-0.24573,-0.10803,-0.27509,0.92319,-0.68,1.11,0.17,0.31427,-0.24755,-0.24747,0.88245,-0.69,1.1,0.19,0.57518,-0.3563,-0.16474,0.71769,-0.7,1.09,0.19,0.57518,-0.3563,-0.16474,0.71769,-0.81,1.08,0.19
-0.79,1.44,-0.15,-0.79,1.44,-0.15,-0.85,1.1,0.11,0.34005,-0.06899,-0.19519,-0.91734,-0.86,1.06,0.06,0.34005,-0.06899,-0.19519,-0.91734,-0.83,1.08,0.09,0.45775,-0.16385,0.4812,-0.72943,-0.8,1.1,0.1,0.23257,-0.02214,0.42767,-0.87322,-0.8,1.11,0.13,0.12103,-0.00493,0.50722,-0.85326,-0.79,1.11,0.16,0.12103,-0.00493,0.50722,-0.85326,-0.84,1.08,0.09,0.34005,-0.06899,-0.19519,-0.91734,-0.83,1.12,0.13,0.00798,-0.13074,-0.11165,-0.98508,-0.83,1.12,0.17,-0.45089,-0.17317,-0.06343,-0.87332,-0.82,1.11,0.18,-0.62667,-0.15554,-0.03104,-0.76298,-0.81,1.09,0.18,-0.62667,-0.15554,-0.03104,-0.76298,-0.85,1.08,0.09,0.34005,-0.06899,-0.19519,-0.91734,-0.86,1.12,0.13,-0.02166,-0.12846,-0.17116,-0.97659,-0.85,1.12,0.17,-0.50616,-0.19809,-0.0972,-0.83373,-0.83,1.1,0.18,-0.74658,-0.19222,-0.09815,-0.62931,-0.82,1.07,0.18,-0.74658,-0.19222,-0.09815,-0.62931,-0.87,1.07,0.09,0.34005,-0.06899,-0.19519,-0.91734,-0.87,1.11,0.13,0.06654,-0.09748,-0.243,-0.96282,-0.87,1.11,0.17,-0.47049,-0.23227,-0.18926,-0.82999,-0.85,1.09,0.18,-0.74178,-0.29929,-0.12204,-0.58761,-0.84,1.08,0.18,-0.74178,-0.29929,-0.12204,-0.58761,-0.88,1.07,0.1,0.2707,-0.01202,-0.42534,-0.86352,-0.89,1.09,0.13,0.18161,-0.05527,-0.33581,-0.9226,-0.89,1.1,0.16,-0.35973,-0.23025,-0.32694,-0.84302,-0.87,1.09,0.18,-0.63996,-0.37655,-0.22781,-0.62989,-0.86,1.08,0.17,-0.63996,-0.37655,-0.22781,-0.62989,-0.7,1.1,0.12,-0.35024,-0.1714,-0.15504,0.9077,-0.68,1.06,0.07,-0.35024,-0.1714,-0.15504,0.9077,-0.72,1.07,0.09,-0.48355,-0.19409,0.52497,0.67299,-0.75,1.09,0.11,-0.30269,-0.06082,0.47764,0.82252,-0.76,1.1,0.14,-0.26532,-0.07698,0.56135,0.78011,-0.77,1.11,0.16,-0.26532,-0.07698,0.56135,0.78011,-0.71,1.08,0.1,-0.35024,-0.1714,-0.15504,0.9077,-0.72,1.12,0.13,-0.09435,-0.21728,-0.05012,0.97025,-0.74,1.13,0.16,0.3044,-0.22521,0.01571,0.92541,-0.75,1.11,0.18,0.44852,-0.1933,0.04198,0.87161,-0.76,1.1,0.19,0.44852,-0.1933,0.04198,0.87161,-0.69,1.07,0.1,-0.35024,-0.1714,-0.15504,0.9077,-0.7,1.12,0.14,-0.02359,-0.20927,-0.10091,0.97235,-0.72,1.12,0.18,0.37303,-0.23301,-0.02049,0.89785,-0.73,1.1,0.19,0.55064,-0.21624,-0.0338,0.80554,-0.74,1.08,0.2,0.55064,-0.21624,-0.0338,0.80554,-0.68,1.07,0.11,-0.35024,-0.1714,-0.15504,0.9077,-0.69,1.11,0.14,-0.02951,-0.18941,-0.17102,0.96644,-0.7,1.11,0.18,0.44937,-0.26289,-0.097,0.84826,-0.71,1.09,0.19,0.67308,-0.29641,-0.04667,0.67596,-0.72,1.07,0.19,0.67308,-0.29641,-0.04667,0.67596,-0.67,1.07,0.11,-0.26518,-0.11388,-0.38402,0.87706,-0.67,1.09,0.15,-0.18714,-0.12613,-0.2927,0.92919,-0.68,1.11,0.17,0.38064,-0.27087,-0.2485,0.84852,-0.69,1.1,0.19,0.62153,-0.37621,-0.16367,0.66736,-0.7,1.08,0.19,0.62153,-0.37621,-0.16367,0.66736,-0.81,1.08,0.19
-0.79,1.44,-0.15,-0.79,1.44,-0.15,-0.86,1.1,0.11,0.33269,-0.05041,-0.204,-0.91932,-0.86,1.06,0.06,0.33269,-0.05041,-0.204,-0.91932,-0.83,1.08,0.09,0.44914,-0.15427,0.47141,-0.74313,-0.81,1.1,0.11,0.21968,-0.01405,0.41494,-0.88282,-0.8,1.11,0.14,0.10746,0.00017,0.4939,-0.86286,-0.8,1.12,0.16,0.10746,0.00017,0.4939,-0.86286,-0.84,1.08,0.09,0.33269,-0.05041,-0.204,-0.91932,-0.84,1.12,0.13,-0.00574,-0.12004,-0.1235,-0.98504,-0.83,1.12,0.17,-0.44072,-0.16675,-0.08323,-0.87808,-0.82,1.1,0.18,-0.61077,-0.15281,-0.05365,-0.77507,-0.81,1.08,0.19,-0.61077,-0.15281,-0.05365,-0.77507,-0.85,1.08,0.09,0.33269,-0.05041,-0.204,-0.91932,-0.86,1.12,0.13,-0.00777,-0.11095,-0.18807,-0.97584,-0.85,1.12,0.17,-0.46871,-0.18792,-0.12604,-0.85388,-0.84,1.1,0.19,-0.70505,-0.19324,-0.13167,-0.6695,-0.83,1.08,0.19,-0.70505,-0.19324,-0.13167,-0.6695,-0.87,1.07,0.09,0.33269,-0.05041,-0.204,-0.91932,-0.88,1.1,0.13,0.08221,-0.07558,-0.25818,-0.95962,-0.87,1.11,0.17,-0.43451,-0.21799,-0.21829,-0.84619,-0.86,1.09,0.19,-0.70367,-0.29644,-0.15726,-0.62629,-0.84,1.08,0.18,-0.70367,-0.29644,-0.15726,-0.62629,-0.88,1.07,0.1,0.26616,0.0076,-0.43359,-0.86088,-0.89,1.09,0.13,0.18217,-0.0377,-0.3454,-0.91983,-0.89,1.1,0.16,-0.34337,-0.21582,-0.34707,-0.84562,-0.88,1.09,0.18,-0.6154,-0.36777,-0.25609,-0.64841,-0.86,1.08,0.18,-0.6154,-0.36777,-0.25609,-0.64841,-0.7,1.1,0.12,-0.36519,-0.18768,-0.15334,0.89883,-0.68,1.05,0.07,-0.36519,-0.18768,-0.15334,0.89883,-0.72,1.07,0.09,-0.49214,-0.1987,0.53607,0.65646,-0.75,1.08,0.11,-0.31111,-0.06122,0.49105,0.81138,-0.76,1.1,0.13,-0.26024,-0.06667,0.57439,0.77325,-0.77,1.11,0.15,-0.26024,-0.06667,0.57439,0.77325,-0.71,1.08,0.09,-0.36519,-0.18768,-0.15334,0.89883,-0.72,1.12,0.13,-0.08058,-0.22092,-0.04498,0.97091,-0.74,1.13,0.16,0.3659,-0.22471,0.03389,0.90248,-0.75,1.11,0.18,0.52555,-0.18815,0.06673,0.82701,-0.75,1.09,0.18,0.52555,-0.18815,0.06673,0.82701,-0.69,1.07,0.1,-0.36519,-0.18768,-0.15334,0.89883,-0.7,1.12,0.13,-0.03986,-0.21921,-0.09811,0.96991,-0.72,1.12,0.17,0.36322,-0.24126,-0.01231,0.89984,-0.73,1.11,0.19,0.54368,-0.22333,-0.02396,0.80868,-0.74,1.09,0.2,0.54368,-0.22333,-0.02396,0.80868,-0.68,1.07,0.1,-0.36519,-0.18768,-0.15334,0.89883,-0.69,1.11,0.14,-0.05036,-0.20437,-0.16597,0.9634,-0.7,1.12,0.18,0.43189,-0.27445,-0.08445,0.855,-0.72,1.1,0.19,0.66059,-0.30439,-0.03035,0.6856,-0.73,1.08,0.19,0.66059,-0.30439,-0.03035,0.6856,-0.67,1.07,0.11,-0.27669,-0.13396,-0.38235,0.87139,-0.67,1.09,0.15,-0.20246,-0.14814,-0.28823,0.92412,-0.68,1.11,0.17,0.37791,-0.29054,-0.22907,0.84871,-0.69,1.1,0.18,0.62212,-0.38891,-0.13766,0.66541,-0.71,1.08,0.18,0.62212,-0.38891,-0.13766,0.66541,-0.81,1.08,0.19
-0.79,1.44,-0.15,-0.79,1.44,-0.15,-0.86,1.1,0.11,0.33538,-0.0418,-0.19439,-0.92086,-0.86,1.06,0.06,0.33538,-0.0418,-0.19439,-0.92086,-0.83,1.08,0.09,0.44589,-0.15014,0.47891,-0.74114,-0.81,1.1,0.11,0.2175,-0.0076,0.4212,-0.88047,-0.8,1.11,0.14,0.10678,0.00596,0.49933,-0.85979,-0.8,1.11,0.16,0.10678,0.00596,0.49933,-0.85979,-0.84,1.08,0.09,0.33538,-0.0418,-0.19439,-0.92086,-0.84,1.12,0.13,-0.00207,-0.11298,-0.11404,-0.98703,-0.83,1.12,0.17,-0.4036,-0.15317,-0.08396,-0.89811,-0.82,1.11,0.18,-0.56585,-0.13875,-0.06062,-0.81048,-0.82,1.09,0.19,-0.56585,-0.13875,-0.06062,-0.81048,-0.85,1.08,0.09,0.33538,-0.0418,-0.19439,-0.92086,-0.86,1.12,0.13,0.05142,-0.0906,-0.18665,-0.97689,-0.85,1.12,0.17,-0.35659,-0.16074,-0.1453,-0.90879,-0.84,1.11,0.19,-0.56634,-0.17524,-0.16631,-0.78797,-0.83,1.09,0.2,-0.56634,-0.17524,-0.16631,-0.78797,-0.87,1.07,0.09,0.33538,-0.0418,-0.19439,-0.92086,-0.88,1.1,0.13,0.14452,-0.05065,-0.25468,-0.95482,-0.88,1.12,0.17,-0.31553,-0.18169,-0.23921,-0.90012,-0.86,1.1,0.19,-0.56571,-0.26524,-0.19985,-0.75477,-0.85,1.09,0.2,-0.56571,-0.26524,-0.19985,-0.75477,-0.88,1.07,0.1,0.27186,0.01577,-0.42513,-0.86319,-0.89,1.09,0.13,0.215,-0.021,-0.33579,-0.91683,-0.89,1.1,0.16,-0.2633,-0.18022,-0.35655,-0.8781,-0.88,1.09,0.18,-0.50975,-0.32455,-0.29172,-0.74143,-0.87,1.08,0.18,-0.50975,-0.32455,-0.29172,-0.74143,-0.7,1.1,0.11,-0.38649,-0.19199,-0.13812,0.89145,-0.68,1.05,0.07,-0.38649,-0.19199,-0.13812,0.89145,-0.72,1.07,0.09,-0.49395,-0.18548,0.56048,0.63833,-0.74,1.08,0.11,-0.31183,-0.03782,0.51341,0.79858,-0.76,1.1,0.13,-0.24182,-0.02966,0.59428,0.76647,-0.77,1.11,0.15,-0.24182,-0.02966,0.59428,0.76647,-0.71,1.07,0.09,-0.38649,-0.19199,-0.13812,0.89145,-0.72,1.12,0.12,-0.00978,-0.22248,-0.00332,0.97488,-0.74,1.12,0.16,0.46411,-0.20294,0.07923,0.85857,-0.75,1.1,0.17,0.62401,-0.15643,0.11291,0.75723,-0.75,1.08,0.17,0.62401,-0.15643,0.11291,0.75723,-0.69,1.07,0.1,-0.38649,-0.19199,-0.13812,0.89145,-0.7,1.12,0.13,-0.07329,-0.21739,-0.08523,0.96959,-0.72,1.13,0.17,0.3202,-0.23473,-0.00442,0.9178,-0.73,1.11,0.19,0.49627,-0.2185,-0.0196,0.84,-0.74,1.09,0.2,0.49627,-0.2185,-0.0196,0.84,-0.68,1.07,0.1,-0.38649,-0.19199,-0.13812,0.89145,-0.69,1.11,0.14,-0.12085,-0.19899,-0.1604,0.9592,-0.7,1.12,0.17,0.35259,-0.2686,-0.08544,0.89232,-0.71,1.11,0.19,0.587,-0.30172,-0.0339,0.7505,-0.73,1.09,0.19,0.587,-0.30172,-0.0339,0.7505,-0.67,1.07,0.11,-0.29869,-0.14329,-0.36899,0.86839,-0.67,1.1,0.14,-0.26156,-0.14319,-0.27825,0.91305,-0.68,1.11,0.17,0.32136,-0.28544,-0.22397,0.87469,-0.69,1.11,0.18,0.57807,-0.38362,-0.13153,0.70808,-0.7,1.09,0.18,0.57807,-0.38362,-0.13153,0.70808,-0.81,1.08,0.19
-0.79,1.44,-0.15,-0.79,1.44,-0.15,-0.86,1.09,0.11,0.32057,-0.05321,-0.18797,-0.92686,-0.86,1.06,0.06,0.32057,-0.05321,-0.18797,-0.92686,-0.83,1.08,0.09,0.441,-0.17053,0.47913,-0.73951,-0.8,1.09,0.1,0.21045,-0.026,0.42781,-0.87864,-0.8,1.1,0.14,0.10251,-0.0129,0.50729,-0.85556,-0.79,1.11,0.16,0.10251,-0.0129,0.50729,-0.85556,-0.84,1.08,0.09,0.32057,-0.05321,-0.18797,-0.92686,-0.84,1.12,0.13,-0.01223,-0.12145,-0.10512,-0.98694,-0.83,1.12,0.17,-0.39882,-0.15587,-0.07493,-0.90057,-0.82,1.1,0.18,-0.55439,-0.13921,-0.05277,-0.81883,-0.81,1.08,0.19,-0.55439,-0.13921,-0.05277,-0.81883,-0.85,1.07,0.09,0.32057,-0.05321,-0.18797,-0.92686,-0.86,1.11,0.13,0.05155,-0.0963,-0.17894,-0.97778,-0.85,1.12,0.18,-0.34122,-0.16042,-0.13869,-0.91575,-0.84,1.1,0.19,-0.52718,-0.17103,-0.16323,-0.8162,-0.83,1.08,0.21,-0.52718,-0.17103,-0.16323,-0.8162,-0.87,1.07,0.09,0.32057,-0.05321,-0.18797,-0.92686,-0.87,1.1,0.14,0.13817,-0.05839,-0.24588,-0.95763,-0.87,1.11,0.17,-0.30912,-0.18083,-0.23049,-0.90478,-0.86,1.1,0.19,-0.53865,-0.25772,-0.19744,-0.77747,-0.85,1.08,0.2,-0.53865,-0.25772,-0.19744,-0.77747,-0.88,1.06,0.1,0.25596,0.00876,-0.41787,-0.87166,-0.89,1.08,0.13,0.20831,-0.02751,-0.32707,-0.92134,-0.89,1.1,0.16,-0.24994,-0.17291,-0.34937,-0.88633,-0.88,1.09,0.18,-0.47243,-0.30614,-0.2964,-0.77152,-0.86,1.08,0.19,-0.47243,-0.30614,-0.2964,-0.77152,-0.7,1.09,0.11,-0.35988,-0.19304,-0.15064,0.90029,-0.68,1.05,0.07,-0.35988,-0.19304,-0.15064,0.90029,-0.72,1.07,0.09,-0.47921,-0.20705,0.549,0.65276,-0.74,1.08,0.11,-0.29199,-0.06004,0.50765,0.80835,-0.76,1.09,0.13,-0.22385,-0.0543,0.58942,0.77429,-0.77,1.1,0.15,-0.22385,-0.0543,0.58942,0.77429,-0.71,1.07,0.09,-0.35988,-0.19304,-0.15064,0.90029,-0.72,1.12,0.13,0.0173,-0.23215,-0.01209,0.97245,-0.74,1.12,0.16,0.4922,-0.21445,0.07742,0.84009,-0.75,1.1,0.17,0.65083,-0.16764,0.11498,0.7315,-0.75,1.07,0.17,0.65083,-0.16764,0.11498,0.7315,-0.69,1.07,0.1,-0.35988,-0.19304,-0.15064,0.90029,-0.7,1.12,0.13,-0.05468,-0.22306,-0.09705,0.96842,-0.72,1.12,0.17,0.32602,-0.24422,-0.0159,0.91313,-0.73,1.11,0.19,0.49122,-0.22974,-0.03068,0.83963,-0.74,1.09,0.2,0.49122,-0.22974,-0.03068,0.83963,-0.68,1.07,0.1,-0.35988,-0.19304,-0.15064,0.90029,-0.69,1.11,0.14,-0.10332,-0.20235,-0.17162,0.95861,-0.7,1.12,0.17,0.36006,-0.27537,-0.09614,0.88616,-0.72,1.1,0.19,0.58361,-0.31087,-0.04529,0.7488,-0.73,1.08,0.19,0.58361,-0.31087,-0.04529,0.7488,-0.67,1.07,0.11,-0.27079,-0.13779,-0.37919,0.87402,-0.67,1.09,0.14,-0.26359,-0.13105,-0.29138,0.91019,-0.68,1.11,0.17,0.30948,-0.2812,-0.24354,0.87512,-0.69,1.1,0.18,0.55815,-0.38463,-0.15466,0.71875,-0.7,1.09,0.18,0.55815,-0.38463,-0.15466,0.71875,-0.81,1.08,0.19
-0.79,1.44,-0.15,-0.79,1.44,-0.15,-0.85,1.09,0.11,0.31925,-0.06166,-0.17739,-0.92888,-0.86,1.06,0.06,0.31925,-0.06166,-0.17739,-0.92888,-0.82,1.08,0.09,0.44128,-0.17731,0.48645,-0.73294,-0.8,1.09,0.1,0.21221,-0.03052,0.43729,-0.87339,-0.79,1.1,0.13,0.10532,-0.01645,0.51685,-0.84942,-0.79,1.11,0.16,0.10532,-0.01645,0.51685,-0.84942,-0.84,1.08,0.09,0.31925,-0.06166,-0.17739,-0.92888,-0.83,1.12,0.13,-0.01099,-0.12493,-0.09317,-0.98772,-0.82,1.12,0.17,-0.40215,-0.15473,-0.06189,-0.90028,-0.82,1.1,0.18,-0.55775,-0.13579,-0.03996,-0.81785,-0.81,1.08,0.19,-0.55775,-0.13579,-0.03996,-0.81785,-0.85,1.07,0.09,0.31925,-0.06166,-0.17739,-0.92888,-0.86,1.11,0.13,0.0457,-0.10194,-0.16617,-0.97975,-0.85,1.12,0.18,-0.35291,-0.16119,-0.12381,-0.91331,-0.84,1.1,0.19,-0.53924,-0.16814,-0.14837,-0.81175,-0.83,1.08,0.2,-0.53924,-0.16814,-0.14837,-0.81175,-0.87,1.07,0.09,0.31925,-0.06166,-0.17739,-0.92888,-0.87,1.1,0.13,0.13285,-0.06642,-0.23334,-0.96098,-0.87,1.11,0.17,-0.32043,-0.18319,-0.21508,-0.90416,-0.86,1.1,0.19,-0.55022,-0.25567,-0.18221,-0.77376,-0.84,1.08,0.2,-0.55022,-0.25567,-0.18221,-0.77376,-0.88,1.06,0.1,0.25438,0.00133,-0.40771,-0.87696,-0.89,1.08,0.13,0.20501,-0.03599,-0.31579,-0.92572,-0.89,1.1,0.16,-0.25653,-0.1753,-0.33556,-0.8893,-0.88,1.09,0.18,-0.47908,-0.30432,-0.28319,-0.77309,-0.86,1.08,0.19,-0.47908,-0.30432,-0.28319,-0.77309,-0.7,1.09,0.12,-0.33796,-0.19868,-0.15881,0.90614,-0.68,1.05,0.07,-0.33796,-0.19868,-0.15881,0.90614,-0.72,1.07,0.09,-0.47363,-0.23037,0.53504,0.66056,-0.75,1.08,0.11,-0.28945,-0.09012,0.49885,0.81194,-0.76,1.09,0.13,-0.22868,-0.08839,0.58229,0.77513,-0.77,1.1,0.15,-0.22868,-0.08839,0.58229,0.77513,-0.71,1.07,0.09,-0.33796,-0.19868,-0.15881,0.90614,-0.73,1.12,0.13,-0.07547,-0.24049,-0.04762,0.96654,-0.74,1.12,0.16,0.38018,-0.24273,0.0434,0.89144,-0.75,1.11,0.17,0.55133,-0.20297,0.08357,0.8049,-0.76,1.09,0.18,0.55133,-0.20297,0.08357,0.8049,-0.69,1.07,0.1,-0.33796,-0.19868,-0.15881,0.90614,-0.71,1.12,0.14,-0.05178,-0.23031,-0.10632,0.96591,-0.72,1.12,0.17,0.32927,-0.25448,-0.02122,0.90905,-0.74,1.11,0.19,0.49599,-0.24049,-0.03362,0.83368,-0.75,1.09,0.2,0.49599,-0.24049,-0.03362,0.83368,-0.68,1.07,0.1,-0.33796,-0.19868,-0.15881,0.90614,-0.69,1.11,0.14,-0.07772,-0.20897,-0.17664,0.95869,-0.7,1.11,0.18,0.38595,-0.2828,-0.09694,0.87274,-0.72,1.1,0.19,0.6061,-0.31741,-0.04428,0.72797,-0.73,1.08,0.19,0.6061,-0.31741,-0.04428,0.72797,-0.67,1.07,0.11,-0.24714,-0.13804,-0.38513,0.87837,-0.68,1.09,0.15,-0.24942,-0.12656,-0.29916,0.91229,-0.68,1.11,0.17,0.32215,-0.28072,-0.25243,0.86816,-0.69,1.1,0.18,0.56749,-0.38667,-0.16386,0.70823,-0.71,1.08,0.19,0.56749,-0.38667,-0.16386,0.70823,-0.81,1.08,0.19
-0.79,1.44,-0.15,-0.79,1.44,-0.15,-0.85,1.09,0.11,0.32991,-0.06888,-0.16322,-0.92724,-0.86,1.06,0.06,0.32991,-0.06888,-0.16322,-0.92724,-0.82,1.07,0.09,0.44177,-0.17261,0.50499,-0.72113,-0.8,1.09,0.1,0.2179,-0.0215,0.45443,-0.86345,-0.79,1.1,0.13,0.10999,-0.00468,0.53243,-0.83928,-0.79,1.11,0.16,0.10999,-0.00468,0.53243,-0.83928,-0.84,1.08,0.09,0.32991,-0.06888,-0.16322,-0.92724,-0.83,1.12,0.13,-0.00093,-0.12377,-0.07913,-0.98915,-0.82,1.12,0.17,-0.4135,-0.14947,-0.0461,-0.89697,-0.82,1.1,0.18,-0.57209,-0.12792,-0.02428,-0.80979,-0.81,1.08,0.19,-0.57209,-0.12792,-0.02428,-0.80979,-0.85,1.07,0.09,0.32991,-0.06888,-0.16322,-0.92724,-0.85,1.11,0.13,0.04444,-0.10565,-0.15012,-0.982,-0.85,1.12,0.17,-0.38106,-0.16113,-0.10314,-0.90454,-0.84,1.1,0.19,-0.57761,-0.16315,-0.12657,-0.78977,-0.83,1.08,0.2,-0.57761,-0.16315,-0.12657,-0.78977,-0.87,1.07,0.09,0.32991,-0.06888,-0.16322,-0.92724,-0.87,1.1,0.13,0.12679,-0.07575,-0.21698,-0.96494,-0.87,1.11,0.17,-0.34713,-0.18772,-0.19306,-0.89833,-0.85,1.1,0.19,-0.58476,-0.25486,-0.15803,-0.75374,-0.84,1.08,0.2,-0.58476,-0.25486,-0.15803,-0.75374,-0.88,1.06,0.1,0.26522,-0.00784,-0.39502,-0.87952,-0.88,1.09,0.13,0.20513,-0.04815,-0.3015,-0.92989,-0.89,1.1,0.16,-0.26912,-0.18278,-0.31605,-0.89122,-0.88,1.09,0.18,-0.50131,-0.30879,-0.25994,-0.76536,-0.86,1.08,0.19,-0.50131,-0.30879,-0.25994,-0.76536,-0.71,1.09,0.12,-0.28187,-0.1898,-0.11177,0.93383,-0.68,1.06,0.07,-0.28187,-0.1898,-0.11177,0.93383,-0.72,1.07,0.09,-0.44077,-0.28723,0.53629,0.66001,-0.75,1.07,0.11,-0.27424,-0.15575,0.51106,0.7996,-0.77,1.08,0.13,-0.24121,-0.1704,0.59276,0.74928,-0.78,1.09,0.15,-0.24121,-0.1704,0.59276,0.74928,-0.71,1.07,0.09,-0.28187,-0.1898,-0.11177,0.93383,-0.73,1.11,0.14,-0.12029,-0.24377,-0.0215,0.9621,-0.75,1.12,0.17,0.24249,-0.2406,0.04356,0.93884,-0.76,1.1,0.19,0.41834,-0.20273,0.07757,0.88197,-0.77,1.09,0.2,0.41834,-0.20273,0.07757,0.88197,-0.7,1.07,0.1,-0.28187,-0.1898,-0.11177,0.93383,-0.71,1.11,0.14,-0.08568,-0.19888,-0.08456,0.9726,-0.73,1.12,0.18,0.29805,-0.21749,-0.01391,0.92934,-0.74,1.1,0.2,0.48198,-0.20464,-0.0317,0.85136,-0.75,1.08,0.21,0.48198,-0.20464,-0.0317,0.85136,-0.68,1.07,0.11,-0.28187,-0.1898,-0.11177,0.93383,-0.7,1.1,0.15,-0.07795,-0.16751,-0.14757,0.97164,-0.71,1.11,0.18,0.3918,-0.2329,-0.09087,0.88543,-0.72,1.09,0.2,0.62513,-0.26805,-0.04912,0.7314,-0.73,1.07,0.2,0.62513,-0.26805,-0.04912,0.7314,-0.68,1.07,0.11,-0.20078,-0.11308,-0.33762,0.91264,-0.68,1.09,0.15,-0.24411,-0.07334,-0.25529,0.93266,-0.68,1.1,0.18,0.31476,-0.20677,-0.25131,0.89164,-0.69,1.09,0.19,0.57519,-0.31882,-0.18309,0.73074,-0.7,1.08,0.19,0.57519,-0.31882,-0.18309,0.73074,-0.81,1.08,0.19
-0.79,1.44,-0.15,-0.79,1.44,-0.15,-0.85,1.09,0.11,0.34127,-0.07066,-0.15116,-0.92503,-0.86,1.06,0.06,0.34127,-0.07066,-0.15116,-0.92503,-0.82,1.07,0.09,0.43759,-0.16296,0.5251,-0.7115,-0.8,1.09,0.11,0.21786,-0.00623,0.47175,-0.85437,-0.79,1.1,0.14,0.10686,0.01381,0.5472,-0.83004,-0.79,1.1,0.16,0.10686,0.01381,0.5472,-0.83004,-0.84,1.08,0.09,0.34127,-0.07066,-0.15116,-0.92503,-0.83,1.12,0.13,0.0081,-0.11848,-0.06861,-0.99055,-0.82,1.12,0.17,-0.42183,-0.14122,-0.03617,-0.89488,-0.82,1.1,0.18,-0.58698,-0.11818,-0.01453,-0.80079,-0.81,1.08,0.19,-0.58698,-0.11818,-0.01453,-0.80079,-0.85,1.07,0.09,0.34127,-0.07066,-0.15116,-0.92503,-0.85,1.12,0.13,0.0442,-0.10416,-0.13791,-0.98396,-0.85,1.12,0.17,-0.40109,-0.15645,-0.08954,-0.89813,-0.84,1.1,0.19,-0.61176,-0.15541,-0.11247,-0.76743,-0.83,1.08,0.2,-0.61176,-0.15541,-0.11247,-0.76743,-0.87,1.07,0.09,0.34127,-0.07066,-0.15116,-0.92503,-0.87,1.1,0.13,0.12335,-0.07879,-0.20406,-0.96795,-0.87,1.11,0.17,-0.36431,-0.18652,-0.17815,-0.89485,-0.85,1.1,0.19,-0.6143,-0.25081,-0.14105,-0.73474,-0.84,1.08,0.19,-0.6143,-0.25081,-0.14105,-0.73474,-0.88,1.07,0.1,0.27759,-0.012,-0.38445,-0.88034,-0.88,1.09,0.13,0.20159,-0.05689,-0.28944,-0.934,-0.88,1.1,0.16,-0.28601,-0.18805,-0.29972,-0.89051,-0.87,1.09,0.18,-0.53416,-0.31363,-0.23777,-0.74818,-0.86,1.08,0.18,-0.53416,-0.31363,-0.23777,-0.74818,-0.71,1.08,0.13,-0.19321,-0.17066,-0.02306,0.96593,-0.69,1.06,0.07,-0.19321,-0.17066,-0.02306,0.96593,-0.73,1.06,0.09,-0.38443,-0.34602,0.537,0.66642,-0.75,1.06,0.11,-0.23439,-0.22205,0.52054,0.79044,-0.77,1.07,0.14,-0.22526,-0.2533,0.5957,0.72818,-0.79,1.07,0.15,-0.22526,-0.2533,0.5957,0.72818,-0.72,1.06,0.1,-0.19321,-0.17066,-0.02306,0.96593,-0.74,1.09,0.15,0.0083,-0.26706,0.08756,0.95966,-0.76,1.08,0.18,0.30248,-0.22908,0.13836,0.91481,-0.76,1.07,0.2,0.44365,-0.17799,0.16414,0.86287,-0.77,1.05,0.21,0.44365,-0.17799,0.16414,0.86287,-0.7,1.06,0.1,-0.19321,-0.17066,-0.02306,0.96593,-0.72,1.09,0.15,-0.10335,-0.1594,-0.01929,0.9816,-0.73,1.1,0.19,0.23227,-0.15765,0.02248,0.95953,-0.74,1.09,0.21,0.42131,-0.14332,-0.00868,0.89548,-0.74,1.07,0.23,0.42131,-0.14332,-0.00868,0.89548,-0.68,1.07,0.11,-0.19321,-0.17066,-0.02306,0.96593,-0.7,1.09,0.15,-0.17824,-0.09986,-0.08665,0.97506,-0.7,1.1,0.19,0.27152,-0.14676,-0.07188,0.94846,-0.71,1.09,0.21,0.52748,-0.18407,-0.05242,0.82773,-0.72,1.07,0.22,0.52748,-0.18407,-0.05242,0.82773,-0.68,1.06,0.11,-0.13078,-0.07007,-0.2463,0.95777,-0.68,1.08,0.15,-0.29375,0.01674,-0.15392,0.94326,-0.68,1.09,0.18,0.20438,-0.06565,-0.21959,0.95168,-0.68,1.08,0.2,0.50819,-0.18106,-0.19107,0.82003,-0.69,1.07,0.21,0.50819,-0.18106,-0.19107,0.82003,-0.81,1.08,0.19
-0.79,1.44,-0.15,-0.79,1.44,-0.15,-0.85,1.09,0.11,0.34031,-0.06948,-0.14413,-0.9266,-0.86,1.06,0.06,0.34031,-0.06948,-0.14413,-0.9266,-0.82,1.07,0.09,0.43138,-0.16213,0.53333,-0.70936,-0.8,1.09,0.11,0.21156,-0.00179,0.47988,-0.85144,-0.8,1.1,0.14,0.10154,0.01774,0.5544,-0.82584,-0.79,1.1,0.16,0.10154,0.01774,0.5544,-0.82584,-0.84,1.08,0.09,0.34031,-0.06948,-0.14413,-0.9266,-0.83,1.12,0.13,0.00383,-0.11396,-0.06294,-0.99148,-0.82,1.12,0.17,-0.42895,-0.13471,-0.03259,-0.89263,-0.82,1.1,0.18,-0.59619,-0.11112,-0.0116,-0.79503,-0.81,1.08,0.19,-0.59619,-0.11112,-0.0116,-0.79503,-0.85,1.07,0.09,0.34031,-0.06948,-0.14413,-0.9266,-0.85,1.11,0.13,0.03865,-0.10054,-0.13175,-0.98541,-0.85,1.12,0.17,-0.40493,-0.15022,-0.08596,-0.89782,-0.84,1.1,0.19,-0.61615,-0.14835,-0.1104,-0.76562,-0.83,1.08,0.2,-0.61615,-0.14835,-0.1104,-0.76562,-0.87,1.07,0.09,0.34031,-0.06948,-0.14413,-0.9266,-0.87,1.1,0.13,0.11708,-0.07679,-0.19721,-0.97031,-0.87,1.11,0.17,-0.37074,-0.18117,-0.17337,-0.89424,-0.85,1.1,0.19,-0.62224,-0.24438,-0.13778,-0.73083,-0.84,1.08,0.19,-0.62224,-0.24438,-0.13778,-0.73083,-0.88,1.07,0.1,0.27786,-0.01031,-0.37785,-0.88313,-0.88,1.09,0.13,0.19466,-0.05679,-0.28269,-0.93753,-0.88,1.1,0.16,-0.29673,-0.18506,-0.29353,-0.88968,-0.87,1.09,0.18,-0.54844,-0.30997,-0.23184,-0.7412,-0.86,1.08,0.18,-0.54844,-0.30997,-0.23184,-0.7412,-0.71,1.08,0.13,-0.17974,-0.14783,-0.0313,0.97204,-0.68,1.06,0.07,-0.17974,-0.14783,-0.0313,0.97204,-0.72,1.06,0.09,-0.40451,-0.31128,0.48895,0.70739,-0.75,1.07,0.11,-0.26256,-0.20766,0.45679,0.82418,-0.77,1.08,0.13,-0.27986,-0.25371,0.53139,0.75824,-0.79,1.08,0.15,-0.27986,-0.25371,0.53139,0.75824,-0.71,1.07,0.1,-0.17974,-0.14783,-0.0313,0.97204,-0.73,1.09,0.15,0.07733,-0.26872,0.10047,0.95484,-0.75,1.08,0.18,0.36489,-0.22533,0.15072,0.89071,-0.76,1.07,0.19,0.4967,-0.17272,0.17659,0.83203,-0.76,1.05,0.2,0.4967,-0.17272,0.17659,0.83203,-0.7,1.07,0.1,-0.17974,-0.14783,-0.0313,0.97204,-0.71,1.09,0.15,-0.07919,-0.14136,-0.02695,0.98642,-0.72,1.1,0.19,0.27338,-0.1427,0.01169,0.95119,-0.73,1.09,0.21,0.48049,-0.12755,-0.02088,0.86742,-0.74,1.07,0.23,0.48049,-0.12755,-0.02088,0.86742,-0.68,1.07,0.1,-0.17974,-0.14783,-0.0313,0.97204,-0.69,1.09,0.15,-0.15582,-0.07764,-0.0932,0.98031,-0.7,1.1,0.19,0.30935,-0.13024,-0.08612,0.93804,-0.71,1.09,0.21,0.57644,-0.1718,-0.06943,0.79585,-0.71,1.07,0.22,0.57644,-0.1718,-0.06943,0.79585,-0.67,1.07,0.11,-0.1212,-0.04447,-0.25406,0.95853,-0.67,1.08,0.15,-0.27036,0.0484,-0.15715,0.94861,-0.67,1.09,0.18,0.22497,-0.03778,-0.23777,0.94415,-0.67,1.08,0.19,0.53497,-0.16343,-0.21698,0.80001,-0.68,1.07,0.2,0.53497,-0.16343,-0.21698,0.80001,-0.81,1.08,0.19
