-0.79,1.46,-0.17,-0.79,1.46,-0.17,-0.85,1.1,0.11,0.32752,-0.04773,-0.1231,-0.93558,-0.86,1.07,0.06,0.32752,-0.04773,-0.1231,-0.93558,-0.83,1.08,0.09,0.41753,-0.18646,0.53878,-0.70755,-0.8,1.1,0.11,0.16118,-0.00082,0.49591,-0.85328,-0.8,1.1,0.14,0.02243,0.03544,0.56447,-0.82439,-0.8,1.11,0.16,0.02243,0.03544,0.56447,-0.82439,-0.84,1.09,0.09,0.32752,-0.04773,-0.1231,-0.93558,-0.83,1.13,0.13,0.0512,-0.07085,-0.06633,-0.99396,-0.83,1.13,0.17,-0.40377,-0.09961,-0.05223,-0.90792,-0.82,1.11,0.19,-0.59389,-0.08179,-0.03607,-0.79957,-0.82,1.09,0.19,-0.59389,-0.08179,-0.03607,-0.79957,-0.85,1.08,0.09,0.32752,-0.04773,-0.1231,-0.93558,-0.86,1.12,0.13,0.11519,-0.04693,-0.1333,-0.98324,-0.85,1.13,0.17,-0.35138,-0.10587,-0.10922,-0.92379,-0.85,1.12,0.19,-0.56878,-0.11489,-0.14467,-0.80147,-0.84,1.1,0.2,-0.56878,-0.11489,-0.14467,-0.80147,-0.87,1.08,0.09,0.32752,-0.04773,-0.1231,-0.93558,-0.87,1.11,0.13,0.15712,-0.031,-0.18861,-0.96891,-0.87,1.13,0.17,-0.32931,-0.13789,-0.18807,-0.91497,-0.86,1.11,0.19,-0.57908,-0.20764,-0.16574,-0.77077,-0.85,1.09,0.2,-0.57908,-0.20764,-0.16574,-0.77077,-0.88,1.08,0.09,0.27276,0.01504,-0.35795,-0.89289,-0.89,1.1,0.13,0.17027,-0.03822,-0.26389,-0.94864,-0.89,1.11,0.16,-0.26864,-0.1415,-0.29302,-0.90661,-0.88,1.1,0.18,-0.49064,-0.25883,-0.25435,-0.7922,-0.87,1.09,0.19,-0.49064,-0.25883,-0.25435,-0.7922,-0.71,1.08,0.12,-0.19842,-0.18245,-0.05674,0.96131,-0.69,1.06,0.07,-0.19842,-0.18245,-0.05674,0.96131,-0.73,1.06,0.09,-0.41412,-0.33074,0.5009,0.68426,-0.75,1.07,0.11,-0.24584,-0.20802,0.48364,0.81387,-0.77,1.08,0.13,-0.21201,-0.22143,0.56727,0.76435,-0.79,1.08,0.15,-0.21201,-0.22143,0.56727,0.76435,-0.72,1.07,0.1,-0.19842,-0.18245,-0.05674,0.96131,-0.74,1.09,0.14,0.07116,-0.26949,0.07671,0.9573,-0.76,1.09,0.18,0.3765,-0.23086,0.13262,0.88734,-0.76,1.07,0.19,0.50583,-0.18124,0.15932,0.82819,-0.77,1.05,0.2,0.50583,-0.18124,0.15932,0.82819,-0.7,1.07,0.1,-0.19842,-0.18245,-0.05674,0.96131,-0.72,1.1,0.15,-0.10848,-0.17032,-0.05288,0.97797,-0.73,1.11,0.19,0.29481,-0.17912,0.00729,0.93859,-0.74,1.09,0.21,0.52375,-0.16159,-0.01459,0.83628,-0.75,1.07,0.22,0.52375,-0.16159,-0.01459,0.83628,-0.68,1.07,0.11,-0.19842,-0.18245,-0.05674,0.96131,-0.7,1.09,0.15,-0.20698,-0.11092,-0.1234,0.96417,-0.71,1.11,0.19,0.31266,-0.1805,-0.08733,0.92846,-0.72,1.09,0.21,0.59773,-0.21995,-0.05134,0.76922,-0.73,1.07,0.21,0.59773,-0.21995,-0.05134,0.76922,-0.68,1.07,0.11,-0.12873,-0.08382,-0.27846,0.94808,-0.68,1.08,0.15,-0.24522,-0.04572,-0.19132,0.9493,-0.68,1.09,0.18,0.29689,-0.14367,-0.21698,0.91877,-0.69,1.08,0.19,0.61681,-0.25791,-0.15641,0.72703,-0.7,1.07,0.2,0.61681,-0.25791,-0.15641,0.72703,-0.81,1.08,0.19
-0.79,1.46,-0.17,-0.79,1.46,-0.17,-0.85,1.1,0.11,0.32202,-0.05867,-0.12689,-0.93636,-0.86,1.07,0.06,0.32202,-0.05867,-0.12689,-0.93636,-0.82,1.08,0.09,0.42358,-0.19491,0.53071,-0.70777,-0.8,1.09,0.1,0.17174,-0.0154,0.49041,-0.85426,-0.79,1.1,0.14,0.03334,0.02164,0.56147,-0.82654,-0.79,1.11,0.16,0.03334,0.02164,0.56147,-0.82654,-0.84,1.09,0.09,0.32202,-0.05867,-0.12689,-0.93636,-0.83,1.12,0.13,0.04675,-0.0796,-0.06884,-0.99335,-0.83,1.13,0.17,-0.40747,-0.10841,-0.05056,-0.90535,-0.82,1.11,0.18,-0.59869,-0.0901,-0.03219,-0.79525,-0.82,1.09,0.19,-0.59869,-0.0901,-0.03219,-0.79525,-0.85,1.08,0.09,0.32202,-0.05867,-0.12689,-0.93636,-0.85,1.12,0.13,0.10784,-0.05828,-0.13453,-0.9833,-0.85,1.13,0.17,-0.34203,-0.11458,-0.10707,-0.92651,-0.84,1.12,0.19,-0.54799,-0.12207,-0.14126,-0.81539,-0.83,1.1,0.2,-0.54799,-0.12207,-0.14126,-0.81539,-0.87,1.08,0.09,0.32202,-0.05867,-0.12689,-0.93636,-0.87,1.11,0.13,0.14947,-0.04261,-0.19001,-0.9694,-0.87,1.12,0.17,-0.32487,-0.14612,-0.18545,-0.91582,-0.86,1.11,0.19,-0.56561,-0.2134,-0.16261,-0.77981,-0.85,1.09,0.2,-0.56561,-0.2134,-0.16261,-0.77981,-0.88,1.08,0.09,0.26463,0.00562,-0.36081,-0.89429,-0.89,1.1,0.13,0.16467,-0.04797,-0.26581,-0.94865,-0.89,1.11,0.16,-0.27312,-0.15027,-0.29054,-0.90466,-0.88,1.1,0.18,-0.48553,-0.26394,-0.25236,-0.7943,-0.86,1.09,0.19,-0.48553,-0.26394,-0.25236,-0.7943,-0.71,1.09,0.12,-0.22937,-0.1761,-0.09106,0.95293,-0.68,1.06,0.07,-0.22937,-0.1761,-0.09106,0.95293,-0.72,1.07,0.09,-0.44108,-0.29743,0.48571,0.69359,-0.75,1.08,0.1,-0.27092,-0.18032,0.4596,0.82635,-0.77,1.09,0.13,-0.23787,-0.19458,0.54476,0.78025,-0.78,1.09,0.15,-0.23787,-0.19458,0.54476,0.78025,-0.71,1.07,0.09,-0.22937,-0.1761,-0.09106,0.95293,-0.73,1.1,0.14,0.02673,-0.27183,0.04207,0.96105,-0.75,1.1,0.17,0.35781,-0.24262,0.10654,0.89541,-0.76,1.08,0.19,0.50383,-0.19471,0.13845,0.83011,-0.77,1.06,0.2,0.50383,-0.19471,0.13845,0.83011,-0.7,1.07,0.1,-0.22937,-0.1761,-0.09106,0.95293,-0.71,1.1,0.15,-0.09659,-0.17215,-0.0801,0.97705,-0.73,1.11,0.18,0.33553,-0.19198,-0.01073,0.9222,-0.74,1.1,0.2,0.56682,-0.17532,-0.02745,0.8045,-0.74,1.08,0.21,0.56682,-0.17532,-0.02745,0.8045,-0.68,1.07,0.1,-0.22937,-0.1761,-0.09106,0.95293,-0.69,1.1,0.15,-0.17947,-0.11622,-0.15236,0.96492,-0.7,1.11,0.18,0.34405,-0.19943,-0.10854,0.91109,-0.71,1.1,0.2,0.623,-0.24363,-0.06547,0.74043,-0.72,1.07,0.21,0.623,-0.24363,-0.06547,0.74043,-0.68,1.07,0.11,-0.15535,-0.08589,-0.3144,0.93254,-0.68,1.08,0.15,-0.251,-0.04373,-0.22856,0.9396,-0.68,1.1,0.18,0.29313,-0.16362,-0.24814,0.9087,-0.69,1.09,0.19,0.60158,-0.2865,-0.17955,0.72373,-0.7,1.07,0.19,0.60158,-0.2865,-0.17955,0.72373,-0.81,1.08,0.19
-0.79,1.46,-0.17,-0.79,1.46,-0.17,-0.85,1.1,0.11,0.32563,-0.06219,-0.16437,-0.92902,-0.86,1.06,0.06,0.32563,-0.06219,-0.16437,-0.92902,-0.82,1.08,0.08,0.44371,-0.1929,0.49743,-0.72005,-0.8,1.1,0.1,0.19137,-0.02871,0.45611,-0.86863,-0.79,1.11,0.13,0.05519,0.00375,0.53161,-0.84518,-0.79,1.11,0.16,0.05519,0.00375,0.53161,-0.84518,-0.84,1.09,0.09,0.32563,-0.06219,-0.16437,-0.92902,-0.83,1.12,0.13,0.05294,-0.0943,-0.10351,-0.98873,-0.83,1.13,0.17,-0.38835,-0.1363,-0.07652,-0.90816,-0.82,1.11,0.18,-0.57755,-0.12292,-0.05259,-0.80533,-0.81,1.09,0.19,-0.57755,-0.12292,-0.05259,-0.80533,-0.85,1.08,0.09,0.32563,-0.06219,-0.16437,-0.92902,-0.85,1.12,0.13,0.1331,-0.06533,-0.1725,-0.97379,-0.85,1.13,0.17,-0.31293,-0.13778,-0.13811,-0.92952,-0.84,1.12,0.19,-0.51501,-0.15263,-0.16668,-0.82685,-0.83,1.1,0.2,-0.51501,-0.15263,-0.16668,-0.82685,-0.87,1.08,0.09,0.32563,-0.06219,-0.16437,-0.92902,-0.87,1.11,0.13,0.16628,-0.04936,-0.22701,-0.95832,-0.87,1.12,0.17,-0.29274,-0.16737,-0.21609,-0.91629,-0.86,1.11,0.19,-0.52173,-0.24068,-0.18794,-0.79659,-0.85,1.09,0.2,-0.52173,-0.24068,-0.18794,-0.79659,-0.88,1.07,0.09,0.26227,-0.00025,-0.39602,-0.87999,-0.89,1.09,0.13,0.17006,-0.05667,-0.3012,-0.93656,-0.89,1.1,0.16,-0.23023,-0.16244,-0.32258,-0.90363,-0.88,1.1,0.18,-0.41023,-0.27367,-0.28746,-0.82109,-0.86,1.09,0.19,-0.41023,-0.27367,-0.28746,-0.82109,-0.7,1.1,0.12,-0.32359,-0.16768,-0.16108,0.91718,-0.68,1.06,0.07,-0.32359,-0.16768,-0.16108,0.91718,-0.72,1.08,0.09,-0.51043,-0.21286,0.46352,0.69232,-0.74,1.09,0.1,-0.33104,-0.10206,0.41825,0.83968,-0.76,1.11,0.13,-0.2747,-0.10252,0.50731,0.81035,-0.77,1.12,0.15,-0.2747,-0.10252,0.50731,0.81035,-0.71,1.08,0.09,-0.32359,-0.16768,-0.16108,0.91718,-0.72,1.12,0.13,-0.10514,-0.25961,-0.03777,0.95923,-0.74,1.13,0.16,0.2524,-0.26097,0.03317,0.93118,-0.75,1.12,0.18,0.40884,-0.22596,0.06644,0.88169,-0.76,1.1,0.19,0.40884,-0.22596,0.06644,0.88169,-0.69,1.08,0.1,-0.32359,-0.16768,-0.16108,0.91718,-0.7,1.12,0.14,-0.1288,-0.18687,-0.13809,0.96406,-0.72,1.13,0.17,0.35271,-0.23342,-0.04353,0.9051,-0.73,1.12,0.19,0.60119,-0.22193,-0.04421,0.7664,-0.74,1.09,0.2,0.60119,-0.22193,-0.04421,0.7664,-0.68,1.08,0.1,-0.32359,-0.16768,-0.16108,0.91718,-0.69,1.11,0.14,-0.1721,-0.14632,-0.21099,0.95103,-0.69,1.12,0.18,0.38835,-0.26128,-0.13088,0.87395,-0.71,1.11,0.19,0.67125,-0.30773,-0.06044,0.67162,-0.72,1.09,0.19,0.67125,-0.30773,-0.06044,0.67162,-0.67,1.07,0.11,-0.23913,-0.10355,-0.38817,0.88398,-0.67,1.09,0.15,-0.26234,-0.0841,-0.30355,0.91212,-0.67,1.11,0.17,0.31186,-0.25045,-0.27917,0.87297,-0.68,1.1,0.18,0.61673,-0.37965,-0.17007,0.66827,-0.7,1.09,0.18,0.61673,-0.37965,-0.17007,0.66827,-0.81,1.08,0.19
-0.79,1.46,-0.17,-0.79,1.46,-0.17,-0.85,1.1,0.11,0.33266,-0.0679,-0.15979,-0.92693,-0.86,1.06,0.06,0.33266,-0.0679,-0.15979,-0.92693,-0.82,1.08,0.08,0.45157,-0.19669,0.50044,-0.71201,-0.8,1.1,0.1,0.20247,-0.03297,0.46036,-0.86371,-0.79,1.11,0.13,0.06562,0.00204,0.53641,-0.8414,-0.79,1.11,0.15,0.06562,0.00204,0.53641,-0.8414,-0.84,1.08,0.08,0.33266,-0.0679,-0.15979,-0.92693,-0.83,1.12,0.13,0.0588,-0.09937,-0.0967,-0.98859,-0.82,1.13,0.16,-0.38242,-0.13795,-0.06826,-0.91108,-0.82,1.11,0.18,-0.57125,-0.12273,-0.04452,-0.81032,-0.81,1.09,0.19,-0.57125,-0.12273,-0.04452,-0.81032,-0.85,1.08,0.09,0.33266,-0.0679,-0.15979,-0.92693,-0.85,1.12,0.13,0.15015,-0.06671,-0.1688,-0.97186,-0.85,1.13,0.17,-0.30672,-0.139,-0.1327,-0.9322,-0.84,1.12,0.19,-0.5108,-0.15321,-0.16117,-0.83045,-0.83,1.1,0.2,-0.5108,-0.15321,-0.16117,-0.83045,-0.87,1.08,0.09,0.33266,-0.0679,-0.15979,-0.92693,-0.87,1.11,0.13,0.17925,-0.05258,-0.22272,-0.95682,-0.87,1.12,0.17,-0.28083,-0.16879,-0.21056,-0.92104,-0.86,1.11,0.19,-0.50878,-0.24041,-0.1826,-0.80623,-0.84,1.09,0.2,-0.50878,-0.24041,-0.1826,-0.80623,-0.87,1.07,0.09,0.26857,-0.00745,-0.39203,-0.87984,-0.88,1.09,0.13,0.17412,-0.06351,-0.29617,-0.93698,-0.88,1.1,0.16,-0.21088,-0.16153,-0.31755,-0.91028,-0.87,1.1,0.18,-0.38093,-0.26812,-0.28516,-0.83767,-0.86,1.09,0.19,-0.38093,-0.26812,-0.28516,-0.83767,-0.7,1.1,0.11,-0.38062,-0.18525,-0.16216,0.89136,-0.68,1.06,0.07,-0.38062,-0.18525,-0.16216,0.89136,-0.72,1.08,0.09,-0.50672,-0.2028,0.52809,0.65056,-0.74,1.09,0.1,-0.3214,-0.06582,0.48495,0.81068,-0.76,1.11,0.13,-0.23508,-0.04535,0.56867,0.78696,-0.77,1.11,0.15,-0.23508,-0.04535,0.56867,0.78696,-0.71,1.08,0.09,-0.38062,-0.18525,-0.16216,0.89136,-0.72,1.13,0.12,-0.1708,-0.2442,-0.05278,0.9531,-0.74,1.14,0.15,0.21611,-0.25316,0.02143,0.94274,-0.75,1.13,0.17,0.37385,-0.22065,0.05218,0.89935,-0.76,1.12,0.19,0.37385,-0.22065,0.05218,0.89935,-0.69,1.08,0.09,-0.38062,-0.18525,-0.16216,0.89136,-0.7,1.13,0.13,-0.14369,-0.21079,-0.12639,0.95862,-0.72,1.14,0.17,0.35061,-0.24924,-0.01806,0.90257,-0.73,1.12,0.18,0.60448,-0.23,-0.01435,0.76256,-0.74,1.1,0.19,0.60448,-0.23,-0.01435,0.76256,-0.68,1.08,0.1,-0.38062,-0.18525,-0.16216,0.89136,-0.69,1.12,0.14,-0.18906,-0.1802,-0.20248,0.94381,-0.7,1.13,0.17,0.38734,-0.28692,-0.09973,0.87046,-0.71,1.12,0.18,0.68052,-0.32028,-0.01827,0.65878,-0.72,1.1,0.18,0.68052,-0.32028,-0.01827,0.65878,-0.67,1.07,0.11,-0.29102,-0.136,-0.39154,0.86227,-0.67,1.1,0.14,-0.29502,-0.13223,-0.30277,0.89656,-0.67,1.12,0.16,0.30546,-0.29902,-0.24314,0.87073,-0.69,1.11,0.18,0.62139,-0.41121,-0.11207,0.65743,-0.7,1.1,0.18,0.62139,-0.41121,-0.11207,0.65743,-0.81,1.08,0.19
-0.79,1.46,-0.17,-0.79,1.46,-0.17,-0.85,1.1,0.11,0.35192,-0.0723,-0.14681,-0.92161,-0.86,1.06,0.06,0.35192,-0.0723,-0.14681,-0.92161,-0.82,1.08,0.08,0.4584,-0.1844,0.51788,-0.69834,-0.8,1.09,0.1,0.2152,-0.01702,0.47366,-0.85384,-0.79,1.11,0.13,0.06686,0.02799,0.54607,-0.8346,-0.79,1.11,0.15,0.06686,0.02799,0.54607,-0.8346,-0.83,1.08,0.08,0.35192,-0.0723,-0.14681,-0.92161,-0.83,1.12,0.13,0.06094,-0.09992,-0.08128,-0.9898,-0.82,1.13,0.16,-0.41657,-0.13381,-0.04891,-0.89787,-0.82,1.11,0.18,-0.60951,-0.11467,-0.02416,-0.78407,-0.81,1.09,0.18,-0.60951,-0.11467,-0.02416,-0.78407,-0.85,1.08,0.09,0.35192,-0.0723,-0.14681,-0.92161,-0.85,1.12,0.13,0.14468,-0.07351,-0.15366,-0.97471,-0.85,1.14,0.17,-0.34899,-0.14253,-0.11078,-0.91958,-0.84,1.12,0.19,-0.56708,-0.1508,-0.1371,-0.79805,-0.83,1.1,0.2,-0.56708,-0.1508,-0.1371,-0.79805,-0.87,1.08,0.09,0.35192,-0.0723,-0.14681,-0.92161,-0.87,1.11,0.13,0.17565,-0.06233,-0.20815,-0.96017,-0.87,1.12,0.17,-0.30653,-0.17471,-0.18998,-0.9162,-0.86,1.11,0.18,-0.54465,-0.24187,-0.15928,-0.78707,-0.84,1.09,0.19,-0.54465,-0.24187,-0.15928,-0.78707,-0.88,1.07,0.09,0.28822,-0.0162,-0.38099,-0.87836,-0.88,1.09,0.13,0.17164,-0.07792,-0.28206,-0.9407,-0.88,1.11,0.16,-0.22701,-0.17281,-0.29757,-0.91107,-0.87,1.1,0.17,-0.41052,-0.2787,-0.26046,-0.82822,-0.86,1.09,0.19,-0.41052,-0.2787,-0.26046,-0.82822,-0.7,1.1,0.11,-0.3909,-0.19085,-0.1328,0.89058,-0.68,1.06,0.07,-0.3909,-0.19085,-0.1328,0.89058,-0.72,1.07,0.09,-0.4793,-0.21281,0.5801,0.62328,-0.75,1.08,0.1,-0.29644,-0.05529,0.54203,0.78439,-0.76,1.1,0.13,-0.19357,-0.01922,0.62029,0.75987,-0.77,1.1,0.15,-0.19357,-0.01922,0.62029,0.75987,-0.71,1.08,0.09,-0.3909,-0.19085,-0.1328,0.89058,-0.73,1.12,0.12,-0.14404,-0.22549,-0.02597,0.96319,-0.74,1.13,0.15,0.27348,-0.22361,0.04563,0.93441,-0.75,1.12,0.17,0.43218,-0.1864,0.07356,0.87924,-0.76,1.1,0.18,0.43218,-0.1864,0.07356,0.87924,-0.69,1.08,0.09,-0.3909,-0.19085,-0.1328,0.89058,-0.71,1.12,0.13,-0.11085,-0.21189,-0.08801,0.96699,-0.72,1.13,0.16,0.35431,-0.23125,0.0083,0.90604,-0.73,1.12,0.18,0.58631,-0.20691,0.00203,0.78322,-0.74,1.09,0.19,0.58631,-0.20691,0.00203,0.78322,-0.68,1.08,0.1,-0.3909,-0.19085,-0.1328,0.89058,-0.69,1.11,0.13,-0.20201,-0.17931,-0.17443,0.9469,-0.7,1.13,0.17,0.33442,-0.26705,-0.0895,0.89936,-0.71,1.12,0.18,0.6146,-0.30107,-0.02404,0.72873,-0.72,1.1,0.19,0.6146,-0.30107,-0.02404,0.72873,-0.67,1.07,0.1,-0.30395,-0.14313,-0.36431,0.86857,-0.67,1.1,0.14,-0.3448,-0.12235,-0.27942,0.88773,-0.67,1.12,0.16,0.24221,-0.27743,-0.23448,0.89966,-0.69,1.11,0.18,0.54539,-0.38538,-0.12466,0.73382,-0.7,1.1,0.18,0.54539,-0.38538,-0.12466,0.73382,-0.81,1.08,0.19
-0.79,1.46,-0.17,-0.79,1.46,-0.17,-0.85,1.1,0.11,0.36386,-0.07522,-0.14259,-0.9174,-0.86,1.06,0.06,0.36386,-0.07522,-0.14259,-0.9174,-0.82,1.08,0.08,0.45282,-0.16514,0.5353,-0.69364,-0.8,1.09,0.1,0.21103,0.00852,0.4847,-0.8488,-0.79,1.11,0.13,0.04348,0.06625,0.54988,-0.83147,-0.8,1.11,0.16,0.04348,0.06625,0.54988,-0.83147,-0.84,1.08,0.08,0.36386,-0.07522,-0.14259,-0.9174,-0.83,1.12,0.12,0.05519,-0.09949,-0.07624,-0.99058,-0.82,1.13,0.16,-0.45228,-0.13237,-0.04018,-0.88108,-0.82,1.11,0.17,-0.64866,-0.11138,-0.01351,-0.75277,-0.81,1.09,0.18,-0.64866,-0.11138,-0.01351,-0.75277,-0.85,1.08,0.09,0.36386,-0.07522,-0.14259,-0.9174,-0.85,1.12,0.13,0.1115,-0.08453,-0.1441,-0.97962,-0.85,1.13,0.17,-0.41226,-0.15038,-0.09201,-0.89385,-0.84,1.11,0.18,-0.64247,-0.15083,-0.11401,-0.74262,-0.83,1.09,0.19,-0.64247,-0.15083,-0.11401,-0.74262,-0.87,1.08,0.09,0.36386,-0.07522,-0.14259,-0.9174,-0.87,1.11,0.13,0.14549,-0.07652,-0.19923,-0.96607,-0.87,1.12,0.16,-0.36009,-0.18601,-0.17175,-0.89791,-0.85,1.11,0.18,-0.61008,-0.24842,-0.13536,-0.74011,-0.84,1.09,0.19,-0.61008,-0.24842,-0.13536,-0.74011,-0.88,1.07,0.09,0.29985,-0.02201,-0.37766,-0.87578,-0.88,1.1,0.13,0.15476,-0.09716,-0.27324,-0.94443,-0.88,1.11,0.16,-0.26618,-0.19185,-0.27835,-0.9027,-0.87,1.1,0.17,-0.47161,-0.29887,-0.23178,-0.79658,-0.86,1.09,0.18,-0.47161,-0.29887,-0.23178,-0.79658,-0.7,1.1,0.11,-0.38723,-0.19248,-0.11763,0.89396,-0.68,1.05,0.07,-0.38723,-0.19248,-0.11763,0.89396,-0.72,1.07,0.09,-0.47005,-0.21594,0.59369,0.6164,-0.75,1.08,0.1,-0.28897,-0.05348,0.55699,0.77679,-0.76,1.09,0.13,-0.17501,-0.00716,0.63319,0.75392,-0.77,1.1,0.15,-0.17501,-0.00716,0.63319,0.75392,-0.71,1.07,0.09,-0.38723,-0.19248,-0.11763,0.89396,-0.73,1.12,0.12,-0.10426,-0.21643,-0.00741,0.97069,-0.74,1.13,0.15,0.33406,-0.20529,0.06324,0.91775,-0.75,1.11,0.17,0.49798,-0.16377,0.09152,0.84665,-0.76,1.09,0.18,0.49798,-0.16377,0.09152,0.84665,-0.7,1.07,0.09,-0.38723,-0.19248,-0.11763,0.89396,-0.71,1.12,0.13,-0.07014,-0.21251,-0.06406,0.97253,-0.73,1.13,0.17,0.34527,-0.22144,0.01809,0.91183,-0.74,1.11,0.18,0.54243,-0.19828,0.00352,0.81636,-0.74,1.09,0.19,0.54243,-0.19828,0.00352,0.81636,-0.68,1.07,0.1,-0.38723,-0.19248,-0.11763,0.89396,-0.69,1.11,0.13,-0.19591,-0.1766,-0.15967,0.95128,-0.7,1.13,0.17,0.28569,-0.25191,-0.09308,0.91992,-0.72,1.12,0.19,0.53434,-0.28979,-0.04309,0.79287,-0.73,1.1,0.19,0.53434,-0.28979,-0.04309,0.79287,-0.67,1.07,0.1,-0.30212,-0.14319,-0.34978,0.87514,-0.68,1.1,0.14,-0.38299,-0.09976,-0.27038,0.87765,-0.67,1.12,0.16,0.16145,-0.24645,-0.24921,0.92255,-0.69,1.12,0.18,0.4351,-0.35585,-0.16313,0.81083,-0.7,1.11,0.19,0.4351,-0.35585,-0.16313,0.81083,-0.81,1.08,0.19
-0.79,1.46,-0.17,-0.79,1.46,-0.17,-0.85,1.1,0.11,0.34943,-0.0668,-0.13493,-0.92479,-0.86,1.06,0.06,0.34943,-0.0668,-0.13493,-0.92479,-0.82,1.08,0.09,0.43327,-0.16553,0.54263,-0.70031,-0.8,1.09,0.1,0.18415,0.01622,0.49231,-0.85056,-0.8,1.1,0.13,0.01677,0.0723,0.55515,-0.82843,-0.8,1.11,0.16,0.01677,0.0723,0.55515,-0.82843,-0.84,1.08,0.09,0.34943,-0.0668,-0.13493,-0.92479,-0.83,1.12,0.13,0.03601,-0.08774,-0.07253,-0.99285,-0.83,1.13,0.16,-0.45839,-0.11932,-0.04465,-0.87957,-0.82,1.11,0.18,-0.65143,-0.09954,-0.02116,-0.75186,-0.82,1.09,0.18,-0.65143,-0.09954,-0.02116,-0.75186,-0.85,1.08,0.09,0.34943,-0.0668,-0.13493,-0.92479,-0.85,1.12,0.13,0.10047,-0.07368,-0.13864,-0.98247,-0.85,1.13,0.17,-0.4087,-0.13664,-0.09519,-0.89735,-0.84,1.11,0.19,-0.6329,-0.13827,-0.12142,-0.75205,-0.83,1.09,0.19,-0.6329,-0.13827,-0.12142,-0.75205,-0.87,1.08,0.09,0.34943,-0.0668,-0.13493,-0.92479,-0.87,1.11,0.13,0.13927,-0.06407,-0.1937,-0.96901,-0.87,1.12,0.17,-0.3587,-0.17083,-0.17475,-0.9009,-0.86,1.11,0.18,-0.60486,-0.23439,-0.1438,-0.74735,-0.84,1.09,0.19,-0.60486,-0.23439,-0.1438,-0.74735,-0.88,1.07,0.09,0.28856,-0.00969,-0.3699,-0.88307,-0.89,1.09,0.13,0.14933,-0.08522,-0.26674,-0.94831,-0.88,1.1,0.16,-0.26726,-0.17656,-0.27825,-0.90553,-0.87,1.1,0.17,-0.47179,-0.28378,-0.23608,-0.80072,-0.86,1.08,0.18,-0.47179,-0.28378,-0.23608,-0.80072,-0.7,1.09,0.11,-0.36138,-0.18777,-0.10236,0.90756,-0.68,1.05,0.07,-0.36138,-0.18777,-0.10236,0.90756,-0.72,1.07,0.09,-0.45216,-0.23369,0.5961,0.62097,-0.75,1.08,0.11,-0.27078,-0.0693,0.56438,0.77676,-0.76,1.09,0.13,-0.1533,-0.01958,0.64108,0.75175,-0.77,1.09,0.16,-0.1533,-0.01958,0.64108,0.75175,-0.71,1.07,0.09,-0.36138,-0.18777,-0.10236,0.90756,-0.73,1.12,0.13,-0.08644,-0.20892,0.00321,0.9741,-0.75,1.12,0.16,0.35341,-0.19332,0.06978,0.91261,-0.75,1.11,0.18,0.52666,-0.14947,0.0985,0.83101,-0.76,1.09,0.18,0.52666,-0.14947,0.0985,0.83101,-0.7,1.07,0.09,-0.36138,-0.18777,-0.10236,0.90756,-0.71,1.12,0.13,-0.04044,-0.20189,-0.05134,0.97723,-0.73,1.12,0.17,0.3603,-0.20647,0.02202,0.90943,-0.74,1.1,0.19,0.55191,-0.18215,0.00376,0.81376,-0.74,1.08,0.2,0.55191,-0.18215,0.00376,0.81376,-0.68,1.07,0.1,-0.36138,-0.18777,-0.10236,0.90756,-0.69,1.11,0.14,-0.15733,-0.16641,-0.14376,0.96275,-0.7,1.12,0.17,0.31486,-0.23308,-0.08727,0.91593,-0.72,1.11,0.19,0.56086,-0.26946,-0.04364,0.78161,-0.73,1.09,0.2,0.56086,-0.26946,-0.04364,0.78161,-0.67,1.07,0.11,-0.27997,-0.13109,-0.33426,0.89034,-0.68,1.1,0.14,-0.34932,-0.08489,-0.25453,0.89777,-0.68,1.12,0.16,0.19895,-0.22243,-0.24502,0.92245,-0.69,1.11,0.18,0.47414,-0.33244,-0.16735,0.79791,-0.7,1.1,0.19,0.47414,-0.33244,-0.16735,0.79791,-0.81,1.08,0.19
-0.79,1.46,-0.17,-0.79,1.46,-0.17,-0.85,1.1,0.11,0.3088,-0.06156,-0.13337,-0.93972,-0.86,1.06,0.05,0.3088,-0.06156,-0.13337,-0.93972,-0.83,1.08,0.09,0.39887,-0.18691,0.5406,-0.71674,-0.8,1.09,0.1,0.14215,0.00029,0.49766,-0.85564,-0.8,1.1,0.14,-0.00768,0.04261,0.56388,-0.82472,-0.8,1.1,0.16,-0.00768,0.04261,0.56388,-0.82472,-0.84,1.08,0.09,0.3088,-0.06156,-0.13337,-0.93972,-0.83,1.12,0.13,-0.00131,-0.08264,-0.07309,-0.99389,-0.83,1.12,0.17,-0.44864,-0.1117,-0.0535,-0.88509,-0.82,1.1,0.18,-0.62972,-0.0934,-0.03378,-0.77045,-0.82,1.08,0.19,-0.62972,-0.0934,-0.03378,-0.77045,-0.85,1.08,0.09,0.3088,-0.06156,-0.13337,-0.93972,-0.85,1.12,0.13,0.06925,-0.06578,-0.13805,-0.98581,-0.85,1.12,0.17,-0.38412,-0.1231,-0.10612,-0.90887,-0.84,1.11,0.19,-0.58525,-0.12723,-0.13768,-0.78889,-0.83,1.08,0.2,-0.58525,-0.12723,-0.13768,-0.78889,-0.87,1.07,0.09,0.3088,-0.06156,-0.13337,-0.93972,-0.87,1.11,0.13,0.12389,-0.05004,-0.19364,-0.97193,-0.87,1.12,0.17,-0.34583,-0.15276,-0.18603,-0.9069,-0.86,1.1,0.19,-0.57941,-0.21872,-0.16256,-0.76813,-0.85,1.08,0.19,-0.57941,-0.21872,-0.16256,-0.76813,-0.88,1.07,0.09,0.25026,0.00591,-0.36587,-0.89637,-0.89,1.09,0.13,0.13611,-0.06465,-0.2669,-0.95187,-0.88,1.1,0.16,-0.27842,-0.15666,-0.28693,-0.90311,-0.88,1.09,0.18,-0.48026,-0.26625,-0.25037,-0.79735,-0.86,1.08,0.19,-0.48026,-0.26625,-0.25037,-0.79735,-0.7,1.1,0.12,-0.32476,-0.18838,-0.11614,0.91954,-0.68,1.06,0.07,-0.32476,-0.18838,-0.11614,0.91954,-0.72,1.07,0.09,-0.44037,-0.26495,0.57186,0.63942,-0.75,1.08,0.11,-0.25943,-0.11028,0.54699,0.78825,-0.77,1.09,0.13,-0.14482,-0.06362,0.62907,0.76109,-0.77,1.09,0.16,-0.14482,-0.06362,0.62907,0.76109,-0.71,1.08,0.09,-0.32476,-0.18838,-0.11614,0.91954,-0.73,1.11,0.13,-0.10735,-0.20732,-0.02927,0.97192,-0.75,1.12,0.16,0.3279,-0.20684,0.03878,0.92097,-0.75,1.11,0.18,0.50821,-0.16874,0.07092,0.84156,-0.76,1.09,0.19,0.50821,-0.16874,0.07092,0.84156,-0.7,1.07,0.1,-0.32476,-0.18838,-0.11614,0.91954,-0.71,1.12,0.14,-0.00451,-0.19835,-0.07024,0.9776,-0.73,1.12,0.17,0.41569,-0.21023,0.00852,0.88484,-0.74,1.1,0.19,0.61556,-0.18394,-0.00556,0.76631,-0.74,1.07,0.2,0.61556,-0.18394,-0.00556,0.76631,-0.68,1.07,0.1,-0.32476,-0.18838,-0.11614,0.91954,-0.69,1.11,0.14,-0.06113,-0.17016,-0.14803,0.97231,-0.71,1.11,0.18,0.44649,-0.23819,-0.08049,0.85874,-0.72,1.09,0.19,0.69798,-0.26778,-0.03029,0.66348,-0.73,1.07,0.19,0.69798,-0.26778,-0.03029,0.66348,-0.67,1.07,0.11,-0.24224,-0.12268,-0.34493,0.8985,-0.68,1.09,0.14,-0.24077,-0.09718,-0.2613,0.92968,-0.68,1.11,0.17,0.35829,-0.23984,-0.23418,0.87136,-0.69,1.1,0.18,0.63739,-0.34839,-0.14609,0.67158,-0.7,1.08,0.18,0.63739,-0.34839,-0.14609,0.67158,-0.81,1.08,0.19
-0.79,1.46,-0.17,-0.79,1.46,-0.17,-0.85,1.1,0.11,0.3101,-0.06617,-0.13752,-0.93838,-0.86,1.06,0.05,0.3101,-0.06617,-0.13752,-0.93838,-0.83,1.08,0.08,0.39961,-0.18626,0.54067,-0.71645,-0.8,1.09,0.1,0.14337,0.00064,0.49747,-0.85555,-0.8,1.1,0.14,0.00993,0.03174,0.56582,-0.82386,-0.8,1.1,0.16,0.00993,0.03174,0.56582,-0.82386,-0.84,1.08,0.08,0.3101,-0.06617,-0.13752,-0.93838,-0.83,1.12,0.13,0.00505,-0.0879,-0.07621,-0.9932,-0.83,1.12,0.17,-0.42989,-0.11715,-0.05561,-0.89352,-0.82,1.1,0.18,-0.60742,-0.09893,-0.03611,-0.78737,-0.82,1.08,0.19,-0.60742,-0.09893,-0.03611,-0.78737,-0.85,1.08,0.08,0.3101,-0.06617,-0.13752,-0.93838,-0.85,1.12,0.13,0.07545,-0.07105,-0.14113,-0.98455,-0.85,1.12,0.17,-0.36205,-0.1274,-0.10868,-0.917,-0.84,1.11,0.19,-0.55663,-0.13253,-0.14013,-0.80806,-0.83,1.09,0.2,-0.55663,-0.13253,-0.14013,-0.80806,-0.87,1.08,0.09,0.3101,-0.06617,-0.13752,-0.93838,-0.87,1.11,0.13,0.14047,-0.05296,-0.19759,-0.96872,-0.87,1.12,0.17,-0.32149,-0.1562,-0.18903,-0.91461,-0.86,1.1,0.19,-0.55306,-0.22273,-0.16494,-0.78569,-0.85,1.09,0.2,-0.55306,-0.22273,-0.16494,-0.78569,-0.88,1.07,0.09,0.25001,0.00092,-0.36971,-0.89488,-0.89,1.09,0.13,0.15443,-0.06483,-0.27056,-0.94802,-0.88,1.1,0.16,-0.26647,-0.16161,-0.28951,-0.90502,-0.88,1.09,0.17,-0.47411,-0.27317,-0.2496,-0.79894,-0.86,1.08,0.18,-0.47411,-0.27317,-0.2496,-0.79894,-0.7,1.1,0.12,-0.31261,-0.19276,-0.13619,0.92009,-0.68,1.06,0.07,-0.31261,-0.19276,-0.13619,0.92009,-0.72,1.07,0.09,-0.43725,-0.27877,0.55729,0.64849,-0.75,1.08,0.1,-0.26171,-0.13337,0.53382,0.79294,-0.77,1.09,0.13,-0.15427,-0.09218,0.61908,0.76449,-0.78,1.09,0.15,-0.15427,-0.09218,0.61908,0.76449,-0.71,1.08,0.09,-0.31261,-0.19276,-0.13619,0.92009,-0.73,1.12,0.13,-0.10236,-0.20697,-0.05513,0.97141,-0.75,1.12,0.16,0.33262,-0.21755,0.01544,0.91749,-0.75,1.11,0.18,0.51075,-0.184,0.04987,0.83833,-0.76,1.09,0.19,0.51075,-0.184,0.04987,0.83833,-0.7,1.08,0.1,-0.31261,-0.19276,-0.13619,0.92009,-0.71,1.12,0.14,-4e-05,-0.19974,-0.09517,0.97522,-0.73,1.12,0.18,0.45864,-0.22241,-0.00329,0.86033,-0.74,1.1,0.19,0.66977,-0.19421,-0.01027,0.71665,-0.74,1.07,0.19,0.66977,-0.19421,-0.01027,0.71665,-0.68,1.07,0.1,-0.31261,-0.19276,-0.13619,0.92009,-0.69,1.11,0.14,-0.02481,-0.17911,-0.16304,0.96991,-0.71,1.11,0.18,0.51126,-0.25502,-0.07951,0.81686,-0.72,1.09,0.19,0.76208,-0.28003,-0.01911,0.58348,-0.73,1.07,0.18,0.76208,-0.28003,-0.01911,0.58348,-0.67,1.07,0.11,-0.22675,-0.12469,-0.36268,0.89527,-0.68,1.09,0.15,-0.18644,-0.1172,-0.27527,0.93581,-0.68,1.11,0.17,0.42069,-0.26288,-0.23024,0.8372,-0.69,1.09,0.18,0.69029,-0.36814,-0.13323,0.60846,-0.71,1.08,0.18,0.69029,-0.36814,-0.13323,0.60846,-0.81,1.08,0.19
-0.79,1.46,-0.17,-0.79,1.46,-0.17,-0.85,1.1,0.11,0.31815,-0.06781,-0.14199,-0.93489,-0.86,1.06,0.05,0.31815,-0.06781,-0.14199,-0.93489,-0.83,1.08,0.08,0.40356,-0.17798,0.54186,-0.71544,-0.8,1.09,0.1,0.15051,0.00704,0.49563,-0.85537,-0.8,1.1,0.14,0.02562,0.03223,0.56468,-0.82428,-0.8,1.1,0.16,0.02562,0.03223,0.56468,-0.82428,-0.84,1.08,0.08,0.31815,-0.06781,-0.14199,-0.93489,-0.83,1.12,0.13,0.01476,-0.0898,-0.0807,-0.99257,-0.83,1.12,0.16,-0.41978,-0.12099,-0.05891,-0.89759,-0.82,1.1,0.18,-0.59804,-0.10343,-0.03891,-0.79381,-0.81,1.08,0.19,-0.59804,-0.10343,-0.03891,-0.79381,-0.85,1.08,0.08,0.31815,-0.06781,-0.14199,-0.93489,-0.85,1.12,0.13,0.07932,-0.07567,-0.14431,-0.98344,-0.85,1.13,0.17,-0.35663,-0.13281,-0.10972,-0.91823,-0.84,1.11,0.19,-0.55206,-0.1384,-0.14001,-0.81023,-0.83,1.09,0.2,-0.55206,-0.1384,-0.14001,-0.81023,-0.87,1.08,0.09,0.31815,-0.06781,-0.14199,-0.93489,-0.87,1.11,0.13,0.14768,-0.05726,-0.20141,-0.96662,-0.87,1.12,0.17,-0.31508,-0.1622,-0.19012,-0.91557,-0.86,1.11,0.19,-0.54811,-0.22907,-0.16402,-0.78753,-0.85,1.09,0.19,-0.54811,-0.22907,-0.16402,-0.78753,-0.88,1.07,0.09,0.2569,-0.00291,-0.37442,-0.89096,-0.89,1.09,0.13,0.16724,-0.06835,-0.27432,-0.94451,-0.88,1.1,0.16,-0.26492,-0.17078,-0.28992,-0.90366,-0.88,1.09,0.17,-0.48338,-0.28516,-0.24416,-0.79083,-0.86,1.08,0.18,-0.48338,-0.28516,-0.24416,-0.79083,-0.7,1.1,0.12,-0.31896,-0.19892,-0.13694,0.91649,-0.68,1.06,0.07,-0.31896,-0.19892,-0.13694,0.91649,-0.72,1.07,0.09,-0.44589,-0.28234,0.55591,0.6422,-0.75,1.08,0.1,-0.27494,-0.14076,0.53259,0.788,-0.77,1.09,0.13,-0.17313,-0.10192,0.61874,0.75947,-0.78,1.09,0.15,-0.17313,-0.10192,0.61874,0.75947,-0.71,1.08,0.09,-0.31896,-0.19892,-0.13694,0.91649,-0.73,1.12,0.13,-0.0929,-0.22215,-0.04509,0.96953,-0.75,1.13,0.16,0.33843,-0.22672,0.03046,0.91276,-0.76,1.11,0.18,0.51556,-0.19,0.06667,0.83286,-0.76,1.09,0.19,0.51556,-0.19,0.06667,0.83286,-0.7,1.08,0.1,-0.31896,-0.19892,-0.13694,0.91649,-0.71,1.12,0.14,-0.06987,-0.19454,-0.11067,0.97212,-0.73,1.13,0.17,0.40879,-0.22622,-0.01589,0.884,-0.74,1.11,0.19,0.63867,-0.20396,-0.02067,0.74167,-0.74,1.08,0.19,0.63867,-0.20396,-0.02067,0.74167,-0.68,1.08,0.1,-0.31896,-0.19892,-0.13694,0.91649,-0.69,1.11,0.14,-0.07082,-0.17505,-0.17236,0.96677,-0.71,1.12,0.18,0.47242,-0.25872,-0.08818,0.83792,-0.72,1.1,0.19,0.73496,-0.28776,-0.0244,0.61354,-0.73,1.08,0.18,0.73496,-0.28776,-0.0244,0.61354,-0.67,1.07,0.11,-0.23158,-0.13248,-0.36343,0.8926,-0.68,1.09,0.15,-0.1986,-0.12461,-0.27582,0.93218,-0.68,1.11,0.17,0.40214,-0.26841,-0.22807,0.84512,-0.69,1.1,0.18,0.6756,-0.3727,-0.12859,0.623,-0.71,1.08,0.18,0.6756,-0.3727,-0.12859,0.623,-0.81,1.08,0.19
-0.79,1.46,-0.17,-0.79,1.46,-0.17,-0.85,1.1,0.11,0.32229,-0.06912,-0.14125,-0.93349,-0.86,1.06,0.05,0.32229,-0.06912,-0.14125,-0.93349,-0.83,1.08,0.08,0.40359,-0.17183,0.54601,-0.71377,-0.8,1.09,0.1,0.15457,0.01244,0.49749,-0.8535,-0.8,1.1,0.14,0.03319,0.03554,0.56646,-0.82266,-0.8,1.1,0.16,0.03319,0.03554,0.56646,-0.82266,-0.84,1.08,0.08,0.32229,-0.06912,-0.14125,-0.93349,-0.83,1.12,0.13,0.01878,-0.08989,-0.08017,-0.99254,-0.83,1.12,0.16,-0.41404,-0.12081,-0.05867,-0.9003,-0.82,1.11,0.18,-0.59263,-0.10321,-0.03894,-0.79789,-0.81,1.09,0.19,-0.59263,-0.10321,-0.03894,-0.79789,-0.85,1.08,0.08,0.32229,-0.06912,-0.14125,-0.93349,-0.85,1.12,0.13,0.07714,-0.07864,-0.14234,-0.98367,-0.85,1.13,0.17,-0.35766,-0.13448,-0.10682,-0.91792,-0.84,1.11,0.19,-0.55356,-0.13937,-0.13679,-0.80959,-0.83,1.09,0.2,-0.55356,-0.13937,-0.13679,-0.80959,-0.87,1.08,0.09,0.32229,-0.06912,-0.14125,-0.93349,-0.87,1.11,0.13,0.15046,-0.0597,-0.2002,-0.96629,-0.87,1.12,0.17,-0.31231,-0.16386,-0.18792,-0.91668,-0.86,1.11,0.19,-0.54629,-0.23022,-0.1613,-0.78901,-0.84,1.09,0.19,-0.54629,-0.23022,-0.1613,-0.78901,-0.88,1.07,0.09,0.26077,-0.00522,-0.37396,-0.89001,-0.89,1.09,0.13,0.17366,-0.07186,-0.27265,-0.94358,-0.88,1.1,0.16,-0.26073,-0.17424,-0.28672,-0.90524,-0.87,1.1,0.17,-0.48389,-0.28877,-0.23872,-0.79087,-0.86,1.08,0.18,-0.48389,-0.28877,-0.23872,-0.79087,-0.71,1.1,0.11,-0.33187,-0.21827,-0.12496,0.90918,-0.68,1.06,0.07,-0.33187,-0.21827,-0.12496,0.90918,-0.72,1.07,0.09,-0.45845,-0.28562,0.56729,0.62164,-0.75,1.08,0.1,-0.29231,-0.14303,0.54547,0.77237,-0.77,1.09,0.13,-0.1914,-0.10057,0.63139,0.74472,-0.78,1.09,0.15,-0.1914,-0.10057,0.63139,0.74472,-0.71,1.08,0.09,-0.33187,-0.21827,-0.12496,0.90918,-0.73,1.12,0.13,-0.01926,-0.26333,0.01592,0.96438,-0.75,1.12,0.16,0.40954,-0.2351,0.10451,0.87526,-0.76,1.1,0.17,0.57776,-0.18292,0.14348,0.7824,-0.76,1.08,0.18,0.57776,-0.18292,0.14348,0.7824,-0.7,1.08,0.09,-0.33187,-0.21827,-0.12496,0.90918,-0.71,1.12,0.13,-0.10828,-0.21066,-0.09856,0.96653,-0.73,1.13,0.17,0.37764,-0.23499,0.00391,0.89563,-0.74,1.11,0.19,0.61926,-0.20896,0.00141,0.75687,-0.75,1.09,0.19,0.61926,-0.20896,0.00141,0.75687,-0.68,1.08,0.1,-0.33187,-0.21827,-0.12496,0.90918,-0.7,1.11,0.14,-0.14135,-0.1821,-0.16874,0.95833,-0.71,1.12,0.17,0.40694,-0.26528,-0.08045,0.87038,-0.72,1.11,0.19,0.68577,-0.2935,-0.01342,0.66588,-0.73,1.09,0.19,0.68577,-0.2935,-0.01342,0.66588,-0.68,1.07,0.11,-0.24189,-0.1547,-0.35178,0.89096,-0.68,1.1,0.14,-0.22393,-0.13863,-0.26558,0.92742,-0.69,1.11,0.17,0.36343,-0.27207,-0.21594,0.86445,-0.7,1.1,0.18,0.64692,-0.37234,-0.11444,0.65557,-0.71,1.09,0.18,0.64692,-0.37234,-0.11444,0.65557,-0.81,1.08,0.19
-0.79,1.46,-0.17,-0.79,1.46,-0.17,-0.85,1.1,0.11,0.31911,-0.07089,-0.13859,-0.93485,-0.86,1.06,0.05,0.31911,-0.07089,-0.13859,-0.93485,-0.83,1.08,0.08,0.39887,-0.17062,0.54997,-0.71367,-0.8,1.09,0.1,0.15188,0.01436,0.50094,-0.85193,-0.8,1.1,0.14,0.03233,0.03633,0.56966,-0.82044,-0.8,1.1,0.16,0.03233,0.03633,0.56966,-0.82044,-0.84,1.08,0.08,0.31911,-0.07089,-0.13859,-0.93485,-0.83,1.12,0.13,0.01536,-0.09004,-0.07758,-0.99279,-0.82,1.12,0.16,-0.40853,-0.11918,-0.05746,-0.90311,-0.82,1.1,0.18,-0.58547,-0.10125,-0.0386,-0.80342,-0.81,1.08,0.19,-0.58547,-0.10125,-0.0386,-0.80342,-0.85,1.08,0.08,0.31911,-0.07089,-0.13859,-0.93485,-0.85,1.12,0.13,0.06928,-0.08065,-0.13863,-0.98462,-0.85,1.13,0.17,-0.35884,-0.13387,-0.10355,-0.91793,-0.84,1.11,0.19,-0.55221,-0.13776,-0.13391,-0.81126,-0.83,1.09,0.2,-0.55221,-0.13776,-0.13391,-0.81126,-0.87,1.08,0.09,0.31911,-0.07089,-0.13859,-0.93485,-0.87,1.11,0.13,0.14576,-0.06123,-0.19701,-0.96757,-0.87,1.12,0.17,-0.31269,-0.16271,-0.18519,-0.91731,-0.86,1.11,0.19,-0.54517,-0.22813,-0.15936,-0.79079,-0.84,1.09,0.19,-0.54517,-0.22813,-0.15936,-0.79079,-0.88,1.07,0.09,0.25766,-0.00603,-0.3712,-0.89207,-0.89,1.09,0.13,0.17133,-0.07437,-0.26909,-0.94483,-0.88,1.1,0.16,-0.26076,-0.17397,-0.28287,-0.90649,-0.87,1.1,0.17,-0.48395,-0.28738,-0.23525,-0.79238,-0.86,1.08,0.18,-0.48395,-0.28738,-0.23525,-0.79238,-0.71,1.1,0.11,-0.34987,-0.22645,-0.13457,0.899,-0.68,1.06,0.07,-0.34987,-0.22645,-0.13457,0.899,-0.72,1.07,0.09,-0.46904,-0.271,0.57129,0.61659,-0.75,1.08,0.1,-0.30627,-0.12988,0.54536,0.76936,-0.77,1.09,0.13,-0.2043,-0.08614,0.63037,0.74396,-0.78,1.1,0.15,-0.2043,-0.08614,0.63037,0.74396,-0.71,1.08,0.09,-0.34987,-0.22645,-0.13457,0.899,-0.73,1.12,0.12,0.00287,-0.28164,0.03269,0.95896,-0.75,1.12,0.15,0.43221,-0.243,0.12891,0.8588,-0.76,1.1,0.17,0.59463,-0.1861,0.16931,0.76362,-0.76,1.08,0.17,0.59463,-0.1861,0.16931,0.76362,-0.7,1.08,0.09,-0.34987,-0.22645,-0.13457,0.899,-0.71,1.12,0.13,-0.12529,-0.22579,-0.10339,0.96054,-0.73,1.14,0.17,0.35603,-0.25081,0.00603,0.90017,-0.74,1.12,0.18,0.5976,-0.22539,0.00702,0.76943,-0.75,1.1,0.19,0.5976,-0.22539,0.00702,0.76943,-0.68,1.08,0.1,-0.34987,-0.22645,-0.13457,0.899,-0.7,1.11,0.14,-0.16987,-0.193,-0.17913,0.94964,-0.71,1.13,0.17,0.37028,-0.28042,-0.08488,0.8815,-0.72,1.11,0.19,0.64957,-0.31061,-0.01361,0.69383,-0.73,1.09,0.19,0.64957,-0.31061,-0.01361,0.69383,-0.68,1.07,0.11,-0.25645,-0.16795,-0.36135,0.8806,-0.68,1.1,0.14,-0.24593,-0.1463,-0.27722,0.91721,-0.69,1.12,0.17,0.31715,-0.28143,-0.22691,0.87677,-0.7,1.11,0.18,0.59495,-0.38381,-0.12555,0.69496,-0.71,1.09,0.18,0.59495,-0.38381,-0.12555,0.69496,-0.81,1.08,0.19
-0.8,1.46,-0.17,-0.8,1.46,-0.17,-0.85,1.1,0.11,0.3072,-0.07392,-0.13401,-0.93926,-0.86,1.06,0.05,0.3072,-0.07392,-0.13401,-0.93926,-0.83,1.08,0.08,0.3918,-0.17757,0.55086,-0.7152,-0.8,1.09,0.1,0.1447,0.00843,0.50416,-0.85136,-0.8,1.1,0.14,0.02669,0.0295,0.5732,-0.81845,-0.8,1.1,0.16,0.02669,0.0295,0.5732,-0.81845,-0.84,1.08,0.08,0.3072,-0.07392,-0.13401,-0.93926,-0.83,1.12,0.13,0.002,-0.09143,-0.07226,-0.99318,-0.82,1.12,0.16,-0.41173,-0.1173,-0.05334,-0.90215,-0.82,1.1,0.18,-0.58541,-0.09838,-0.03527,-0.80397,-0.81,1.08,0.19,-0.58541,-0.09838,-0.03527,-0.80397,-0.85,1.08,0.08,0.3072,-0.07392,-0.13401,-0.93926,-0.85,1.12,0.13,0.05387,-0.08222,-0.13307,-0.98622,-0.85,1.12,0.17,-0.36451,-0.13176,-0.09916,-0.91648,-0.84,1.11,0.19,-0.55309,-0.13401,-0.13033,-0.81188,-0.83,1.08,0.2,-0.55309,-0.13401,-0.13033,-0.81188,-0.87,1.08,0.09,0.3072,-0.07392,-0.13401,-0.93926,-0.87,1.11,0.13,0.13186,-0.06251,-0.19163,-0.97056,-0.87,1.12,0.17,-0.32015,-0.15964,-0.1811,-0.91609,-0.86,1.1,0.19,-0.54932,-0.22352,-0.15702,-0.78971,-0.84,1.08,0.2,-0.54932,-0.22352,-0.15702,-0.78971,-0.88,1.07,0.09,0.24607,-0.0058,-0.36594,-0.8975,-0.88,1.09,0.13,0.15957,-0.07507,-0.26395,-0.94828,-0.88,1.1,0.16,-0.2698,-0.17061,-0.27836,-0.90588,-0.87,1.09,0.17,-0.49208,-0.28276,-0.23244,-0.78986,-0.86,1.08,0.18,-0.49208,-0.28276,-0.23244,-0.78986,-0.71,1.1,0.11,-0.34903,-0.22735,-0.1415,0.89804,-0.68,1.06,0.07,-0.34903,-0.22735,-0.1415,0.89804,-0.72,1.07,0.09,-0.4639,-0.26901,0.57329,0.61949,-0.75,1.08,0.1,-0.30231,-0.128,0.54646,0.77046,-0.77,1.09,0.13,-0.20003,-0.0845,0.63115,0.74465,-0.78,1.1,0.15,-0.20003,-0.0845,0.63115,0.74465,-0.71,1.08,0.09,-0.34903,-0.22735,-0.1415,0.89804,-0.73,1.12,0.12,0.01903,-0.28059,0.02782,0.95923,-0.75,1.12,0.16,0.43434,-0.24556,0.12041,0.85822,-0.76,1.1,0.17,0.58858,-0.19187,0.1593,0.76901,-0.76,1.08,0.17,0.58858,-0.19187,0.1593,0.76901,-0.7,1.08,0.1,-0.34903,-0.22735,-0.1415,0.89804,-0.71,1.12,0.13,-0.12476,-0.228,-0.11012,0.95934,-0.73,1.14,0.17,0.30905,-0.25574,-0.0119,0.91594,-0.74,1.12,0.19,0.51753,-0.24008,-0.01705,0.82112,-0.75,1.1,0.2,0.51753,-0.24008,-0.01705,0.82112,-0.68,1.08,0.1,-0.34903,-0.22735,-0.1415,0.89804,-0.7,1.11,0.14,-0.18486,-0.19024,-0.18993,0.94528,-0.71,1.13,0.17,0.28822,-0.27722,-0.11434,0.9094,-0.72,1.12,0.19,0.53232,-0.31966,-0.05668,0.78182,-0.74,1.1,0.2,0.53232,-0.31966,-0.05668,0.78182,-0.68,1.07,0.11,-0.2545,-0.1689,-0.36772,0.87834,-0.68,1.1,0.15,-0.24319,-0.14689,-0.28394,0.91578,-0.69,1.12,0.17,0.23867,-0.26494,-0.25298,0.89936,-0.7,1.11,0.19,0.45265,-0.36441,-0.18454,0.79263,-0.71,1.1,0.19,0.45265,-0.36441,-0.18454,0.79263,-0.81,1.08,0.19
-0.8,1.46,-0.17,-0.8,1.46,-0.17,-0.85,1.1,0.11,0.29907,-0.07099,-0.13131,-0.94248,-0.86,1.06,0.05,0.29907,-0.07099,-0.13131,-0.94248,-0.83,1.08,0.09,0.38312,-0.17836,0.55277,-0.71823,-0.8,1.09,0.11,0.13654,0.00852,0.50626,-0.85146,-0.8,1.09,0.14,0.02109,0.02732,0.57516,-0.81731,-0.8,1.1,0.16,0.02109,0.02732,0.57516,-0.81731,-0.84,1.08,0.08,0.29907,-0.07099,-0.13131,-0.94248,-0.83,1.12,0.13,-0.00716,-0.08754,-0.07074,-0.99362,-0.82,1.12,0.17,-0.41591,-0.11264,-0.05415,-0.90078,-0.82,1.1,0.18,-0.58749,-0.09383,-0.0371,-0.80291,-0.81,1.08,0.19,-0.58749,-0.09383,-0.0371,-0.80291,-0.85,1.08,0.09,0.29907,-0.07099,-0.13131,-0.94248,-0.85,1.12,0.13,0.04167,-0.07868,-0.13087,-0.98739,-0.85,1.12,0.17,-0.37392,-0.12724,-0.09896,-0.91335,-0.84,1.1,0.19,-0.56024,-0.12883,-0.13101,-0.80769,-0.83,1.08,0.2,-0.56024,-0.12883,-0.13101,-0.80769,-0.87,1.08,0.09,0.29907,-0.07099,-0.13131,-0.94248,-0.87,1.11,0.13,0.12028,-0.05905,-0.18904,-0.97278,-0.87,1.12,0.17,-0.3307,-0.15482,-0.18069,-0.91325,-0.86,1.1,0.19,-0.55861,-0.21849,-0.15817,-0.78435,-0.85,1.08,0.2,-0.55861,-0.21849,-0.15817,-0.78435,-0.88,1.07,0.09,0.23913,-0.00077,-0.36291,-0.90062,-0.89,1.09,0.13,0.15134,-0.07132,-0.2614,-0.95062,-0.88,1.1,0.16,-0.27898,-0.16581,-0.27749,-0.90425,-0.87,1.09,0.18,-0.50268,-0.27842,-0.23268,-0.78463,-0.86,1.08,0.18,-0.50268,-0.27842,-0.23268,-0.78463,-0.71,1.1,0.12,-0.32956,-0.23686,-0.14073,0.90304,-0.68,1.06,0.07,-0.32956,-0.23686,-0.14073,0.90304,-0.73,1.07,0.09,-0.45278,-0.28786,0.57288,0.61963,-0.75,1.08,0.1,-0.29088,-0.14605,0.55095,0.76845,-0.77,1.09,0.13,-0.19372,-0.10568,0.63655,0.73899,-0.78,1.09,0.15,-0.19372,-0.10568,0.63655,0.73899,-0.72,1.08,0.09,-0.32956,-0.23686,-0.14073,0.90304,-0.74,1.12,0.13,0.046,-0.27997,0.02449,0.95859,-0.76,1.11,0.16,0.44082,-0.24808,0.11189,0.85535,-0.76,1.1,0.17,0.5866,-0.19734,0.14936,0.77114,-0.77,1.07,0.18,0.5866,-0.19734,0.14936,0.77114,-0.7,1.08,0.1,-0.32956,-0.23686,-0.14073,0.90304,-0.72,1.12,0.14,-0.09358,-0.23555,-0.10527,0.9616,-0.73,1.13,0.17,0.30972,-0.25977,-0.01238,0.91457,-0.75,1.11,0.19,0.48413,-0.24521,-0.02307,0.83962,-0.76,1.09,0.2,0.48413,-0.24521,-0.02307,0.83962,-0.68,1.08,0.11,-0.32956,-0.23686,-0.14073,0.90304,-0.7,1.11,0.14,-0.16303,-0.19657,-0.18687,0.94861,-0.71,1.12,0.18,0.27161,-0.27605,-0.11973,0.91416,-0.73,1.11,0.19,0.48097,-0.31918,-0.07321,0.81329,-0.74,1.1,0.2,0.48097,-0.31918,-0.07321,0.81329,-0.68,1.07,0.11,-0.2337,-0.17336,-0.3651,0.88432,-0.68,1.1,0.15,-0.21512,-0.15723,-0.27908,0.92256,-0.69,1.11,0.17,0.21326,-0.25526,-0.2569,0.90739,-0.7,1.11,0.19,0.37862,-0.34532,-0.20891,0.83292,-0.72,1.1,0.2,0.37862,-0.34532,-0.20891,0.83292,-0.81,1.08,0.19
-0.8,1.46,-0.17,-0.8,1.46,-0.17,-0.85,1.1,0.11,0.30277,-0.06732,-0.13417,-0.94117,-0.86,1.06,0.06,0.30277,-0.06732,-0.13417,-0.94117,-0.83,1.08,0.09,0.38099,-0.16975,0.55474,-0.71993,-0.81,1.09,0.11,0.13565,0.01695,0.50524,-0.85208,-0.8,1.1,0.14,0.0209,0.0345,0.57347,-0.81824,-0.8,1.1,0.16,0.0209,0.0345,0.57347,-0.81824,-0.84,1.08,0.09,0.30277,-0.06732,-0.13417,-0.94117,-0.83,1.12,0.13,-0.00518,-0.08513,-0.07436,-0.99358,-0.83,1.12,0.17,-0.41312,-0.11192,-0.05855,-0.90188,-0.82,1.1,0.18,-0.58422,-0.09396,-0.04175,-0.80505,-0.82,1.08,0.19,-0.58422,-0.09396,-0.04175,-0.80505,-0.85,1.08,0.09,0.30277,-0.06732,-0.13417,-0.94117,-0.85,1.12,0.13,0.04208,-0.07648,-0.13436,-0.98708,-0.85,1.12,0.17,-0.3713,-0.12647,-0.10332,-0.91404,-0.84,1.1,0.19,-0.55681,-0.12905,-0.13551,-0.80929,-0.83,1.08,0.2,-0.55681,-0.12905,-0.13551,-0.80929,-0.87,1.07,0.09,0.30277,-0.06732,-0.13417,-0.94117,-0.87,1.11,0.13,0.12089,-0.0565,-0.19257,-0.97217,-0.87,1.12,0.17,-0.32921,-0.15405,-0.18502,-0.91305,-0.86,1.1,0.19,-0.55705,-0.21893,-0.16248,-0.78445,-0.85,1.08,0.2,-0.55705,-0.21893,-0.16248,-0.78445,-0.88,1.07,0.09,0.2431,0.00178,-0.366,-0.8983,-0.89,1.09,0.13,0.15419,-0.06833,-0.26496,-0.9494,-0.89,1.1,0.16,-0.28088,-0.16639,-0.28124,-0.9024,-0.88,1.09,0.18,-0.50791,-0.28101,-0.23496,-0.77965,-0.86,1.08,0.18,-0.50791,-0.28101,-0.23496,-0.77965,-0.71,1.1,0.12,-0.31212,-0.22873,-0.13886,0.91158,-0.68,1.06,0.07,-0.31212,-0.22873,-0.13886,0.91158,-0.73,1.07,0.09,-0.45332,-0.2968,0.55458,0.63155,-0.75,1.08,0.11,-0.28719,-0.1588,0.53437,0.77894,-0.77,1.09,0.13,-0.19569,-0.12465,0.62168,0.74811,-0.78,1.09,0.15,-0.19569,-0.12465,0.62168,0.74811,-0.72,1.08,0.1,-0.31212,-0.22873,-0.13886,0.91158,-0.74,1.12,0.13,-0.02961,-0.26115,-0.01684,0.9647,-0.76,1.12,0.16,0.37154,-0.24992,0.06603,0.89171,-0.77,1.1,0.18,0.53133,-0.207,0.10387,0.81489,-0.77,1.08,0.19,0.53133,-0.207,0.10387,0.81489,-0.7,1.08,0.1,-0.31212,-0.22873,-0.13886,0.91158,-0.72,1.12,0.14,-0.09357,-0.21854,-0.1129,0.96475,-0.73,1.13,0.18,0.31792,-0.24755,-0.02441,0.9149,-0.75,1.11,0.2,0.49647,-0.23482,-0.03626,0.8349,-0.76,1.09,0.21,0.49647,-0.23482,-0.03626,0.8349,-0.68,1.08,0.11,-0.31212,-0.22873,-0.13886,0.91158,-0.7,1.11,0.15,-0.14326,-0.18568,-0.18541,0.95426,-0.71,1.12,0.18,0.28752,-0.26437,-0.12466,0.91209,-0.73,1.11,0.2,0.49249,-0.30853,-0.08212,0.80964,-0.74,1.09,0.21,0.49249,-0.30853,-0.08212,0.80964,-0.68,1.07,0.11,-0.21861,-0.16065,-0.36277,0.89152,-0.68,1.09,0.15,-0.17156,-0.1594,-0.2717,0.93346,-0.69,1.11,0.18,0.24144,-0.24658,-0.25274,0.9039,-0.7,1.1,0.19,0.39964,-0.33449,-0.21009,0.82721,-0.72,1.09,0.2,0.39964,-0.33449,-0.21009,0.82721,-0.81,1.08,0.19
-0.8,1.46,-0.17,-0.8,1.46,-0.17,-0.86,1.1,0.11,0.31019,-0.05926,-0.14032,-0.93839,-0.86,1.06,0.06,0.31019,-0.05926,-0.14032,-0.93839,-0.83,1.08,0.09,0.38037,-0.15703,0.55443,-0.72337,-0.81,1.09,0.11,0.13487,0.02909,0.50061,-0.85461,-0.8,1.1,0.14,0.01685,0.04744,0.56749,-0.82184,-0.8,1.1,0.17,0.01685,0.04744,0.56749,-0.82184,-0.84,1.08,0.09,0.31019,-0.05926,-0.14032,-0.93839,-0.83,1.12,0.13,0.00115,-0.07994,-0.08229,-0.9934,-0.83,1.12,0.17,-0.40453,-0.11039,-0.06819,-0.90527,-0.82,1.1,0.18,-0.57536,-0.09431,-0.05193,-0.81078,-0.82,1.08,0.19,-0.57536,-0.09431,-0.05193,-0.81078,-0.85,1.08,0.09,0.31019,-0.05926,-0.14032,-0.93839,-0.86,1.12,0.13,0.04714,-0.07115,-0.1422,-0.98615,-0.85,1.12,0.17,-0.36473,-0.12474,-0.11285,-0.91579,-0.84,1.1,0.19,-0.54975,-0.12965,-0.14527,-0.81232,-0.83,1.08,0.2,-0.54975,-0.12965,-0.14527,-0.81232,-0.87,1.07,0.09,0.31019,-0.05926,-0.14032,-0.93839,-0.87,1.11,0.13,0.12656,-0.05033,-0.20029,-0.97022,-0.87,1.12,0.17,-0.32264,-0.15216,-0.19457,-0.91372,-0.86,1.1,0.19,-0.55073,-0.21981,-0.17198,-0.78664,-0.85,1.08,0.2,-0.55073,-0.21981,-0.17198,-0.78664,-0.88,1.07,0.09,0.25114,0.00754,-0.37256,-0.89335,-0.89,1.09,0.13,0.1607,-0.06147,-0.27264,-0.94661,-0.89,1.1,0.16,-0.2776,-0.16531,-0.29049,-0.90068,-0.88,1.09,0.18,-0.50623,-0.28314,-0.24324,-0.77743,-0.86,1.08,0.18,-0.50623,-0.28314,-0.24324,-0.77743,-0.71,1.09,0.12,-0.27976,-0.21433,-0.1062,0.92979,-0.69,1.06,0.08,-0.27976,-0.21433,-0.1062,0.92979,-0.73,1.07,0.09,-0.45596,-0.32044,0.5273,0.64139,-0.76,1.08,0.11,-0.28485,-0.18848,0.5126,0.78776,-0.78,1.09,0.13,-0.20607,-0.16441,0.60223,0.75354,-0.79,1.09,0.15,-0.20607,-0.16441,0.60223,0.75354,-0.72,1.07,0.1,-0.27976,-0.21433,-0.1062,0.92979,-0.74,1.11,0.14,-0.11776,-0.2349,-0.02684,0.96449,-0.76,1.12,0.17,0.26908,-0.23326,0.04124,0.93353,-0.77,1.11,0.19,0.45107,-0.19504,0.0765,0.86755,-0.77,1.09,0.2,0.45107,-0.19504,0.0765,0.86755,-0.7,1.07,0.1,-0.27976,-0.21433,-0.1062,0.92979,-0.72,1.11,0.15,-0.12761,-0.18223,-0.10027,0.96977,-0.73,1.12,0.18,0.28782,-0.20969,-0.0282,0.93402,-0.74,1.11,0.2,0.47271,-0.20038,-0.04733,0.85683,-0.75,1.09,0.22,0.47271,-0.20038,-0.04733,0.85683,-0.69,1.07,0.11,-0.27976,-0.21433,-0.1062,0.92979,-0.7,1.1,0.15,-0.12686,-0.15664,-0.15793,0.96666,-0.71,1.11,0.19,0.29859,-0.22487,-0.11491,0.92036,-0.72,1.1,0.2,0.50345,-0.26787,-0.08266,0.81729,-0.74,1.08,0.21,0.50345,-0.26787,-0.08266,0.81729,-0.68,1.07,0.11,-0.19452,-0.13685,-0.33065,0.91329,-0.68,1.09,0.15,-0.14532,-0.13506,-0.23946,0.95042,-0.69,1.1,0.18,0.25873,-0.20638,-0.23591,0.91368,-0.7,1.09,0.2,0.41057,-0.29042,-0.20483,0.83972,-0.71,1.08,0.21,0.41057,-0.29042,-0.20483,0.83972,-0.81,1.08,0.19
-0.8,1.45,-0.17,-0.8,1.45,-0.17,-0.86,1.1,0.11,0.31584,-0.05869,-0.14812,-0.93534,-0.86,1.06,0.06,0.31584,-0.05869,-0.14812,-0.93534,-0.83,1.08,0.09,0.38716,-0.15301,0.54821,-0.72537,-0.81,1.09,0.11,0.14005,0.03079,0.49304,-0.85811,-0.8,1.1,0.14,0.01764,0.05145,0.55975,-0.82687,-0.8,1.1,0.16,0.01764,0.05145,0.55975,-0.82687,-0.84,1.08,0.09,0.31584,-0.05869,-0.14812,-0.93534,-0.83,1.12,0.13,0.00504,-0.08263,-0.08925,-0.99256,-0.83,1.12,0.17,-0.40164,-0.11586,-0.0733,-0.90548,-0.82,1.1,0.18,-0.57315,-0.10073,-0.05589,-0.81131,-0.82,1.08,0.19,-0.57315,-0.10073,-0.05589,-0.81131,-0.85,1.08,0.09,0.31584,-0.05869,-0.14812,-0.93534,-0.86,1.12,0.13,0.05059,-0.07371,-0.14949,-0.98471,-0.85,1.12,0.17,-0.35929,-0.1299,-0.11866,-0.91649,-0.84,1.11,0.19,-0.54478,-0.13621,-0.1499,-0.81375,-0.83,1.08,0.2,-0.54478,-0.13621,-0.1499,-0.81375,-0.87,1.07,0.09,0.31584,-0.05869,-0.14812,-0.93534,-0.87,1.11,0.13,0.12883,-0.05236,-0.20797,-0.9682,-0.87,1.12,0.17,-0.319,-0.15734,-0.20051,-0.91284,-0.86,1.1,0.19,-0.5476,-0.22654,-0.17605,-0.78601,-0.85,1.08,0.2,-0.5476,-0.22654,-0.17605,-0.78601,-0.88,1.07,0.09,0.25568,0.00635,-0.38028,-0.8888,-0.89,1.09,0.13,0.16464,-0.0623,-0.28068,-0.94352,-0.89,1.1,0.16,-0.2766,-0.17105,-0.29668,-0.8979,-0.88,1.09,0.18,-0.50741,-0.29117,-0.24645,-0.77267,-0.86,1.08,0.18,-0.50741,-0.29117,-0.24645,-0.77267,-0.71,1.09,0.13,-0.23365,-0.19887,-0.05583,0.95013,-0.69,1.06,0.08,-0.23365,-0.19887,-0.05583,0.95013,-0.73,1.07,0.1,-0.43596,-0.33752,0.51667,0.65504,-0.76,1.07,0.11,-0.27494,-0.21504,0.50136,0.79171,-0.78,1.08,0.13,-0.22476,-0.21215,0.5883,0.74725,-0.79,1.08,0.15,-0.22476,-0.21215,0.5883,0.74725,-0.72,1.07,0.1,-0.23365,-0.19887,-0.05583,0.95013,-0.74,1.1,0.15,-0.09399,-0.2261,0.01797,0.96939,-0.76,1.11,0.18,0.1892,-0.21461,0.05559,0.95659,-0.77,1.1,0.2,0.34298,-0.17751,0.07745,0.91916,-0.77,1.08,0.21,0.34298,-0.17751,0.07745,0.91916,-0.7,1.07,0.11,-0.23365,-0.19887,-0.05583,0.95013,-0.72,1.1,0.15,-0.13175,-0.15092,-0.06019,0.97788,-0.73,1.12,0.19,0.23909,-0.16424,-0.01298,0.95692,-0.74,1.1,0.21,0.4158,-0.1561,-0.04295,0.89493,-0.75,1.09,0.23,0.4158,-0.1561,-0.04295,0.89493,-0.69,1.07,0.11,-0.23365,-0.19887,-0.05583,0.95013,-0.7,1.1,0.16,-0.14127,-0.11467,-0.11763,0.97625,-0.71,1.11,0.19,0.27035,-0.16879,-0.09925,0.94264,-0.72,1.1,0.21,0.47568,-0.21056,-0.08077,0.85022,-0.73,1.08,0.22,0.47568,-0.21056,-0.08077,0.85022,-0.68,1.07,0.12,-0.15978,-0.10857,-0.27991,0.94039,-0.69,1.09,0.16,-0.14888,-0.07986,-0.19394,0.96636,-0.69,1.1,0.19,0.25123,-0.13647,-0.21789,0.93316,-0.7,1.09,0.2,0.40712,-0.21927,-0.19976,0.86387,-0.71,1.07,0.22,0.40712,-0.21927,-0.19976,0.86387,-0.81,1.08,0.19
-0.79,1.46,-0.17,-0.79,1.46,-0.17,-0.86,1.1,0.11,0.31895,-0.05953,-0.15403,-0.93327,-0.86,1.06,0.06,0.31895,-0.05953,-0.15403,-0.93327,-0.83,1.08,0.09,0.39307,-0.15203,0.54242,-0.72675,-0.81,1.09,0.11,0.14482,0.02954,0.48693,-0.86085,-0.8,1.1,0.14,0.02024,0.05128,0.55398,-0.8307,-0.8,1.1,0.16,0.02024,0.05128,0.55398,-0.8307,-0.84,1.08,0.09,0.31895,-0.05953,-0.15403,-0.93327,-0.83,1.12,0.13,0.00565,-0.08639,-0.09372,-0.99183,-0.83,1.12,0.17,-0.40392,-0.12138,-0.0754,-0.90357,-0.82,1.1,0.18,-0.57665,-0.10669,-0.05657,-0.80802,-0.82,1.08,0.19,-0.57665,-0.10669,-0.05657,-0.80802,-0.85,1.08,0.09,0.31895,-0.05953,-0.15403,-0.93327,-0.86,1.12,0.13,0.04981,-0.07768,-0.15416,-0.98373,-0.85,1.12,0.17,-0.35813,-0.13523,-0.1215,-0.9158,-0.84,1.11,0.19,-0.54433,-0.14213,-0.1515,-0.81275,-0.83,1.08,0.2,-0.54433,-0.14213,-0.1515,-0.81275,-0.87,1.07,0.09,0.31895,-0.05953,-0.15403,-0.93327,-0.87,1.11,0.13,0.12739,-0.05596,-0.21316,-0.96706,-0.87,1.12,0.17,-0.3193,-0.1627,-0.20358,-0.91112,-0.86,1.1,0.19,-0.5489,-0.2327,-0.17724,-0.78303,-0.85,1.08,0.2,-0.5489,-0.2327,-0.17724,-0.78303,-0.88,1.07,0.09,0.25773,0.0045,-0.386,-0.88575,-0.89,1.09,0.13,0.16651,-0.06437,-0.28641,-0.94133,-0.89,1.1,0.16,-0.27854,-0.17697,-0.30013,-0.895,-0.88,1.09,0.18,-0.51258,-0.29893,-0.24671,-0.76618,-0.86,1.08,0.18,-0.51258,-0.29893,-0.24671,-0.76618,-0.71,1.08,0.13,-0.18042,-0.18874,-0.00477,0.9653,-0.69,1.07,0.08,-0.18042,-0.18874,-0.00477,0.9653,-0.73,1.06,0.1,-0.39919,-0.35037,0.52246,0.66703,-0.76,1.07,0.11,-0.25364,-0.2346,0.50423,0.79144,-0.78,1.07,0.14,-0.24272,-0.26137,0.58164,0.73107,-0.8,1.07,0.16,-0.24272,-0.26137,0.58164,0.73107,-0.72,1.07,0.1,-0.18042,-0.18874,-0.00477,0.9653,-0.74,1.09,0.15,-0.00186,-0.23429,0.08324,0.9686,-0.76,1.09,0.19,0.22709,-0.20779,0.10936,0.94514,-0.77,1.08,0.21,0.33039,-0.16784,0.12099,0.92089,-0.77,1.06,0.22,0.33039,-0.16784,0.12099,0.92089,-0.71,1.07,0.11,-0.18042,-0.18874,-0.00477,0.9653,-0.72,1.1,0.16,-0.10126,-0.13484,-0.01037,0.98563,-0.74,1.1,0.2,0.23853,-0.13142,0.02308,0.96192,-0.74,1.09,0.22,0.39746,-0.11797,-0.01425,0.9099,-0.75,1.07,0.24,0.39746,-0.11797,-0.01425,0.9099,-0.69,1.07,0.11,-0.18042,-0.18874,-0.00477,0.9653,-0.7,1.09,0.16,-0.14014,-0.09197,-0.06821,0.98349,-0.71,1.1,0.2,0.26758,-0.12767,-0.06435,0.95287,-0.72,1.09,0.22,0.47226,-0.1629,-0.05654,0.86443,-0.73,1.07,0.23,0.47226,-0.1629,-0.05654,0.86443,-0.68,1.07,0.12,-0.11723,-0.08468,-0.22634,0.96325,-0.69,1.08,0.16,-0.13724,-0.04642,-0.13907,0.97963,-0.69,1.09,0.19,0.26597,-0.08367,-0.18115,0.9431,-0.69,1.08,0.21,0.43702,-0.16324,-0.17243,0.86754,-0.7,1.07,0.22,0.43702,-0.16324,-0.17243,0.86754,-0.81,1.08,0.19
-0.79,1.46,-0.17,-0.79,1.46,-0.17,-0.86,1.1,0.11,0.33037,-0.06054,-0.15676,-0.92877,-0.86,1.06,0.06,0.33037,-0.06054,-0.15676,-0.92877,-0.83,1.08,0.09,0.4031,-0.14466,0.54099,-0.72382,-0.81,1.09,0.11,0.15649,0.03469,0.48301,-0.86082,-0.8,1.1,0.14,0.03067,0.05746,0.54998,-0.83263,-0.8,1.1,0.16,0.03067,0.05746,0.54998,-0.83263,-0.84,1.08,0.09,0.33037,-0.06054,-0.15676,-0.92877,-0.84,1.12,0.13,0.0159,-0.0892,-0.09515,-0.99133,-0.83,1.12,0.17,-0.39716,-0.12501,-0.07512,-0.90609,-0.82,1.11,0.18,-0.57192,-0.11036,-0.05557,-0.81095,-0.82,1.09,0.19,-0.57192,-0.11036,-0.05557,-0.81095,-0.85,1.08,0.09,0.33037,-0.06054,-0.15676,-0.92877,-0.86,1.12,0.13,0.05878,-0.08152,-0.15563,-0.98269,-0.85,1.12,0.17,-0.34709,-0.13912,-0.12162,-0.91945,-0.84,1.11,0.19,-0.53421,-0.14664,-0.15099,-0.81873,-0.83,1.09,0.2,-0.53421,-0.14664,-0.15099,-0.81873,-0.87,1.07,0.09,0.33037,-0.06054,-0.15676,-0.92877,-0.87,1.11,0.13,0.13753,-0.0597,-0.2154,-0.96495,-0.87,1.12,0.17,-0.30855,-0.16724,-0.20383,-0.91394,-0.86,1.1,0.19,-0.53977,-0.23748,-0.17591,-0.78823,-0.85,1.09,0.2,-0.53977,-0.23748,-0.17591,-0.78823,-0.88,1.07,0.09,0.26827,0.00047,-0.38929,-0.88118,-0.89,1.09,0.13,0.17835,-0.06737,-0.28908,-0.93813,-0.89,1.1,0.16,-0.27094,-0.18309,-0.30055,-0.89596,-0.88,1.09,0.18,-0.50806,-0.30563,-0.24411,-0.76738,-0.86,1.08,0.18,-0.50806,-0.30563,-0.24411,-0.76738,-0.71,1.09,0.13,-0.20876,-0.19327,-0.02913,0.95824,-0.69,1.07,0.08,-0.20876,-0.19327,-0.02913,0.95824,-0.73,1.07,0.1,-0.43235,-0.32504,0.50681,0.67124,-0.76,1.07,0.11,-0.28628,-0.21549,0.48185,0.79964,-0.78,1.08,0.14,-0.28735,-0.24885,0.55909,0.73683,-0.79,1.09,0.15,-0.28735,-0.24885,0.55909,0.73683,-0.72,1.07,0.1,-0.20876,-0.19327,-0.02913,0.95824,-0.74,1.1,0.15,0.02973,-0.25264,0.08628,0.96325,-0.76,1.09,0.18,0.27186,-0.22224,0.12029,0.92856,-0.77,1.08,0.2,0.37575,-0.18025,0.13541,0.89888,-0.77,1.06,0.22,0.37575,-0.18025,0.13541,0.89888,-0.7,1.07,0.11,-0.20876,-0.19327,-0.02913,0.95824,-0.72,1.1,0.16,-0.12327,-0.14964,-0.03303,0.98047,-0.74,1.11,0.2,0.2312,-0.15314,0.00914,0.96074,-0.74,1.1,0.22,0.39765,-0.14193,-0.02401,0.90617,-0.75,1.08,0.23,0.39765,-0.14193,-0.02401,0.90617,-0.69,1.07,0.11,-0.20876,-0.19327,-0.02913,0.95824,-0.7,1.1,0.16,-0.16853,-0.10519,-0.09416,0.97553,-0.71,1.11,0.19,0.25601,-0.15258,-0.07984,0.95121,-0.72,1.1,0.22,0.46933,-0.19104,-0.06448,0.8597,-0.73,1.08,0.23,0.46933,-0.19104,-0.06448,0.8597,-0.68,1.07,0.12,-0.14044,-0.09637,-0.25234,0.95253,-0.69,1.09,0.16,-0.16113,-0.06133,-0.16606,0.97093,-0.69,1.1,0.19,0.25184,-0.11171,-0.1993,0.94041,-0.69,1.09,0.2,0.44515,-0.19849,-0.17979,0.85447,-0.7,1.07,0.22,0.44515,-0.19849,-0.17979,0.85447,-0.81,1.08,0.19
-0.79,1.46,-0.17,-0.79,1.46,-0.17,-0.86,1.1,0.11,0.32959,-0.05907,-0.15695,-0.92911,-0.86,1.06,0.06,0.32959,-0.05907,-0.15695,-0.92911,-0.83,1.08,0.09,0.404,-0.14468,0.53891,-0.72486,-0.81,1.09,0.11,0.15768,0.03353,0.48093,-0.86181,-0.8,1.1,0.14,0.03,0.0574,0.54789,-0.83404,-0.8,1.1,0.16,0.03,0.0574,0.54789,-0.83404,-0.84,1.08,0.09,0.32959,-0.05907,-0.15695,-0.92911,-0.84,1.12,0.13,0.01512,-0.08864,-0.09525,-0.99138,-0.83,1.12,0.17,-0.39952,-0.12467,-0.07522,-0.90509,-0.82,1.1,0.18,-0.57475,-0.11009,-0.05555,-0.80898,-0.82,1.09,0.19,-0.57475,-0.11009,-0.05555,-0.80898,-0.85,1.08,0.09,0.32959,-0.05907,-0.15695,-0.92911,-0.86,1.12,0.13,0.05546,-0.08213,-0.15496,-0.98294,-0.85,1.12,0.17,-0.34896,-0.13919,-0.12095,-0.91882,-0.84,1.11,0.19,-0.53596,-0.14646,-0.15029,-0.81775,-0.83,1.09,0.2,-0.53596,-0.14646,-0.15029,-0.81775,-0.87,1.07,0.09,0.32959,-0.05907,-0.15695,-0.92911,-0.87,1.11,0.13,0.1361,-0.06017,-0.21489,-0.96523,-0.87,1.12,0.17,-0.31026,-0.16744,-0.20316,-0.91347,-0.86,1.1,0.19,-0.54231,-0.23761,-0.17503,-0.78664,-0.85,1.09,0.2,-0.54231,-0.23761,-0.17503,-0.78664,-0.88,1.07,0.09,0.26779,0.0021,-0.38946,-0.88125,-0.89,1.09,0.13,0.17913,-0.06644,-0.28908,-0.93805,-0.89,1.1,0.16,-0.274,-0.18355,-0.30037,-0.89499,-0.88,1.09,0.18,-0.51348,-0.30676,-0.24299,-0.76367,-0.86,1.08,0.18,-0.51348,-0.30676,-0.24299,-0.76367,-0.71,1.09,0.13,-0.24026,-0.19377,-0.05731,0.94944,-0.69,1.06,0.08,-0.24026,-0.19377,-0.05731,0.94944,-0.73,1.07,0.1,-0.45744,-0.30355,0.49877,0.6707,-0.76,1.08,0.11,-0.30438,-0.1934,0.47091,0.80511,-0.78,1.09,0.14,-0.29989,-0.2225,0.55112,0.74621,-0.79,1.09,0.15,-0.29989,-0.2225,0.55112,0.74621,-0.72,1.07,0.1,-0.24026,-0.19377,-0.05731,0.94944,-0.74,1.1,0.15,-0.01116,-0.2623,0.06123,0.96298,-0.76,1.1,0.18,0.2583,-0.23603,0.105,0.93088,-0.77,1.09,0.2,0.37947,-0.19374,0.12532,0.89597,-0.77,1.08,0.21,0.37947,-0.19374,0.12532,0.89597,-0.7,1.07,0.11,-0.24026,-0.19377,-0.05731,0.94944,-0.72,1.11,0.15,-0.1526,-0.16221,-0.05958,0.97306,-0.73,1.12,0.19,0.22211,-0.1748,-0.00748,0.9592,-0.74,1.11,0.21,0.40702,-0.16651,-0.03508,0.89743,-0.75,1.09,0.23,0.40702,-0.16651,-0.03508,0.89743,-0.69,1.08,0.11,-0.24026,-0.19377,-0.05731,0.94944,-0.7,1.1,0.16,-0.19662,-0.11642,-0.12323,0.96571,-0.71,1.12,0.19,0.24264,-0.1775,-0.09823,0.94867,-0.72,1.1,0.21,0.4712,-0.22037,-0.07337,0.8509,-0.73,1.09,0.22,0.4712,-0.22037,-0.07337,0.8509,-0.68,1.07,0.12,-0.16703,-0.10513,-0.28222,0.93883,-0.68,1.09,0.16,-0.18813,-0.07437,-0.19667,0.95937,-0.69,1.1,0.19,0.2262,-0.13856,-0.22158,0.93837,-0.69,1.09,0.2,0.42989,-0.23172,-0.19178,0.85131,-0.71,1.08,0.21,0.42989,-0.23172,-0.19178,0.85131,-0.81,1.08,0.19
-0.79,1.46,-0.17,-0.79,1.46,-0.17,-0.86,1.1,0.11,0.32474,-0.0578,-0.15252,-0.93163,-0.86,1.06,0.06,0.32474,-0.0578,-0.15252,-0.93163,-0.83,1.08,0.09,0.40178,-0.14835,0.53916,-0.72517,-0.81,1.09,0.11,0.15527,0.0303,0.4824,-0.86154,-0.8,1.1,0.14,0.02273,0.05757,0.54881,-0.83365,-0.8,1.1,0.16,0.02273,0.05757,0.54881,-0.83365,-0.84,1.08,0.09,0.32474,-0.0578,-0.15252,-0.93163,-0.84,1.12,0.13,0.01019,-0.08637,-0.09125,-0.99202,-0.83,1.12,0.17,-0.40544,-0.12092,-0.07239,-0.90319,-0.82,1.1,0.18,-0.58154,-0.10592,-0.05313,-0.80484,-0.82,1.08,0.19,-0.58154,-0.10592,-0.05313,-0.80484,-0.85,1.08,0.09,0.32474,-0.0578,-0.15252,-0.93163,-0.86,1.12,0.13,0.04992,-0.08044,-0.15043,-0.98408,-0.85,1.12,0.17,-0.35494,-0.1358,-0.11744,-0.91749,-0.84,1.11,0.19,-0.54306,-0.14223,-0.14739,-0.81433,-0.83,1.09,0.2,-0.54306,-0.14223,-0.14739,-0.81433,-0.87,1.07,0.09,0.32474,-0.0578,-0.15252,-0.93163,-0.87,1.11,0.13,0.13191,-0.05859,-0.21023,-0.96694,-0.87,1.12,0.17,-0.31714,-0.16429,-0.19944,-0.9125,-0.86,1.1,0.19,-0.55121,-0.23384,-0.17195,-0.78225,-0.85,1.08,0.2,-0.55121,-0.23384,-0.17195,-0.78225,-0.88,1.07,0.09,0.26393,0.00477,-0.38504,-0.88434,-0.89,1.09,0.13,0.17773,-0.06381,-0.28463,-0.93985,-0.89,1.1,0.16,-0.27898,-0.18007,-0.2972,-0.89522,-0.88,1.09,0.18,-0.52246,-0.30365,-0.23984,-0.75981,-0.86,1.08,0.18,-0.52246,-0.30365,-0.23984,-0.75981,-0.71,1.09,0.13,-0.23984,-0.19466,-0.065,0.94887,-0.69,1.06,0.08,-0.23984,-0.19466,-0.065,0.94887,-0.73,1.07,0.1,-0.45391,-0.30487,0.50007,0.67153,-0.76,1.08,0.11,-0.29655,-0.19147,0.47388,0.80675,-0.78,1.09,0.14,-0.285,-0.21668,0.55513,0.75077,-0.79,1.09,0.15,-0.285,-0.21668,0.55513,0.75077,-0.72,1.07,0.1,-0.23984,-0.19466,-0.065,0.94887,-0.74,1.1,0.15,-0.02268,-0.26701,0.0512,0.96206,-0.76,1.1,0.18,0.24515,-0.24379,0.09615,0.93339,-0.77,1.09,0.2,0.37156,-0.20221,0.11831,0.89836,-0.78,1.08,0.21,0.37156,-0.20221,0.11831,0.89836,-0.7,1.07,0.11,-0.23984,-0.19466,-0.065,0.94887,-0.72,1.11,0.15,-0.1488,-0.16915,-0.06498,0.97212,-0.73,1.12,0.19,0.22446,-0.1832,-0.01007,0.95706,-0.74,1.11,0.21,0.41137,-0.17506,-0.03576,0.89378,-0.75,1.09,0.23,0.41137,-0.17506,-0.03576,0.89378,-0.69,1.07,0.11,-0.23984,-0.19466,-0.065,0.94887,-0.7,1.1,0.16,-0.19285,-0.12322,-0.12923,0.96485,-0.71,1.11,0.19,0.24433,-0.18591,-0.10098,0.94633,-0.72,1.1,0.21,0.47406,-0.22917,-0.07363,0.84695,-0.73,1.09,0.22,0.47406,-0.22917,-0.07363,0.84695,-0.68,1.07,0.12,-0.16538,-0.10611,-0.28947,0.9368,-0.68,1.09,0.16,-0.18769,-0.08164,-0.20315,0.95752,-0.69,1.1,0.19,0.22541,-0.14757,-0.22454,0.93648,-0.69,1.09,0.2,0.43039,-0.24145,-0.19205,0.84828,-0.71,1.08,0.21,0.43039,-0.24145,-0.19205,0.84828,-0.81,1.08,0.19
-0.79,1.46,-0.17,-0.79,1.46,-0.17,-0.86,1.1,0.11,0.3213,-0.05576,-0.14453,-0.93422,-0.86,1.06,0.06,0.3213,-0.05576,-0.14453,-0.93422,-0.83,1.08,0.09,0.39848,-0.15033,0.54303,-0.72369,-0.81,1.09,0.11,0.15262,0.02989,0.48693,-0.85948,-0.8,1.1,0.14,0.01555,0.06068,0.55232,-0.83127,-0.8,1.1,0.16,0.01555,0.06068,0.55232,-0.83127,-0.84,1.08,0.09,0.3213,-0.05576,-0.14453,-0.93422,-0.84,1.12,0.13,0.00648,-0.08229,-0.08405,-0.99304,-0.83,1.12,0.17,-0.41012,-0.11419,-0.06746,-0.90234,-0.82,1.1,0.18,-0.58679,-0.09836,-0.04938,-0.80223,-0.82,1.08,0.19,-0.58679,-0.09836,-0.04938,-0.80223,-0.85,1.08,0.09,0.3213,-0.05576,-0.14453,-0.93422,-0.86,1.12,0.13,0.04495,-0.07697,-0.14276,-0.98574,-0.85,1.12,0.17,-0.36253,-0.12975,-0.11154,-0.91613,-0.84,1.1,0.19,-0.55298,-0.13496,-0.14264,-0.80972,-0.83,1.08,0.2,-0.55298,-0.13496,-0.14264,-0.80972,-0.87,1.07,0.09,0.3213,-0.05576,-0.14453,-0.93422,-0.87,1.11,0.13,0.1283,-0.05518,-0.20257,-0.96926,-0.87,1.12,0.17,-0.32684,-0.1588,-0.19346,-0.91133,-0.86,1.1,0.19,-0.5643,-0.22735,-0.16713,-0.77585,-0.85,1.08,0.2,-0.5643,-0.22735,-0.16713,-0.77585,-0.88,1.07,0.09,0.2621,0.00797,-0.3774,-0.88815,-0.89,1.09,0.13,0.17626,-0.06007,-0.27707,-0.94263,-0.89,1.1,0.16,-0.28824,-0.17536,-0.29131,-0.89515,-0.88,1.09,0.18,-0.53834,-0.29925,-0.23376,-0.75233,-0.86,1.08,0.18,-0.53834,-0.29925,-0.23376,-0.75233,-0.71,1.09,0.13,-0.23747,-0.19427,-0.06424,0.9496,-0.69,1.06,0.08,-0.23747,-0.19427,-0.06424,0.9496,-0.73,1.07,0.1,-0.44908,-0.30595,0.50407,0.67129,-0.76,1.08,0.11,-0.29079,-0.1905,0.47864,0.80626,-0.77,1.09,0.14,-0.27522,-0.21361,0.56021,0.75152,-0.79,1.09,0.15,-0.27522,-0.21361,0.56021,0.75152,-0.72,1.07,0.1,-0.23747,-0.19427,-0.06424,0.9496,-0.74,1.1,0.15,-0.02562,-0.26873,0.05087,0.96153,-0.76,1.1,0.18,0.23877,-0.24597,0.09539,0.93455,-0.77,1.09,0.2,0.36438,-0.20468,0.11741,0.90086,-0.78,1.08,0.21,0.36438,-0.20468,0.11741,0.90086,-0.7,1.07,0.11,-0.23747,-0.19427,-0.06424,0.9496,-0.72,1.1,0.15,-0.14244,-0.17254,-0.06233,0.97265,-0.73,1.12,0.19,0.22883,-0.18527,-0.0067,0.95565,-0.74,1.11,0.21,0.41493,-0.17618,-0.03207,0.89206,-0.75,1.09,0.23,0.41493,-0.17618,-0.03207,0.89206,-0.69,1.07,0.11,-0.23747,-0.19427,-0.06424,0.9496,-0.7,1.1,0.16,-0.18681,-0.12706,-0.1269,0.96584,-0.71,1.11,0.19,0.24924,-0.18802,-0.09754,0.94499,-0.72,1.1,0.21,0.47924,-0.23025,-0.06976,0.84406,-0.73,1.08,0.22,0.47924,-0.23025,-0.06976,0.84406,-0.68,1.07,0.12,-0.16326,-0.10513,-0.28856,0.93757,-0.68,1.09,0.16,-0.18878,-0.0861,-0.2014,0.95728,-0.69,1.1,0.19,0.22475,-0.15105,-0.22113,0.93689,-0.69,1.09,0.2,0.43361,-0.24474,-0.18703,0.84682,-0.71,1.08,0.21,0.43361,-0.24474,-0.18703,0.84682,-0.81,1.08,0.19
-0.79,1.46,-0.17,-0.79,1.46,-0.17,-0.86,1.1,0.11,0.31792,-0.05776,-0.1401,-0.93593,-0.86,1.06,0.06,0.31792,-0.05776,-0.1401,-0.93593,-0.83,1.08,0.09,0.39638,-0.15482,0.54552,-0.72203,-0.81,1.09,0.11,0.15096,0.02653,0.49093,-0.85761,-0.8,1.1,0.14,0.01205,0.05929,0.55613,-0.82889,-0.8,1.1,0.16,0.01205,0.05929,0.55613,-0.82889,-0.84,1.08,0.09,0.31792,-0.05776,-0.1401,-0.93593,-0.83,1.12,0.13,0.00255,-0.08329,-0.07884,-0.9934,-0.83,1.12,0.17,-0.41461,-0.11287,-0.06225,-0.90083,-0.82,1.1,0.18,-0.59118,-0.09601,-0.04435,-0.79958,-0.82,1.08,0.19,-0.59118,-0.09601,-0.04435,-0.79958,-0.85,1.08,0.09,0.31792,-0.05776,-0.1401,-0.93593,-0.86,1.12,0.13,0.03839,-0.0787,-0.1372,-0.98667,-0.85,1.12,0.17,-0.372,-0.12932,-0.10534,-0.91312,-0.84,1.1,0.19,-0.56431,-0.13289,-0.1364,-0.8033,-0.83,1.08,0.2,-0.56431,-0.13289,-0.1364,-0.8033,-0.87,1.07,0.09,0.31792,-0.05776,-0.1401,-0.93593,-0.87,1.11,0.13,0.1217,-0.05684,-0.19749,-0.97106,-0.87,1.12,0.17,-0.33892,-0.15875,-0.18756,-0.90816,-0.86,1.1,0.19,-0.57888,-0.22591,-0.16099,-0.76678,-0.85,1.08,0.2,-0.57888,-0.22591,-0.16099,-0.76678,-0.88,1.07,0.09,0.259,0.00705,-0.37295,-0.89094,-0.89,1.09,0.13,0.17155,-0.06116,-0.2725,-0.94476,-0.89,1.1,0.16,-0.30066,-0.17603,-0.28575,-0.89273,-0.88,1.09,0.18,-0.55557,-0.29965,-0.22678,-0.7417,-0.86,1.08,0.18,-0.55557,-0.29965,-0.22678,-0.7417,-0.71,1.09,0.13,-0.23639,-0.19204,-0.06274,0.95042,-0.69,1.06,0.08,-0.23639,-0.19204,-0.06274,0.95042,-0.73,1.07,0.1,-0.4459,-0.30386,0.50708,0.67209,-0.75,1.07,0.11,-0.28796,-0.18759,0.48117,0.80645,-0.77,1.08,0.14,-0.27164,-0.21069,0.56265,0.75183,-0.79,1.09,0.15,-0.27164,-0.21069,0.56265,0.75183,-0.72,1.07,0.1,-0.23639,-0.19204,-0.06274,0.95042,-0.74,1.1,0.15,-0.02386,-0.26759,0.05245,0.96181,-0.76,1.1,0.18,0.23861,-0.2446,0.09611,0.93488,-0.77,1.09,0.2,0.36334,-0.20333,0.11771,0.90154,-0.77,1.07,0.21,0.36334,-0.20333,0.11771,0.90154,-0.7,1.07,0.11,-0.23639,-0.19204,-0.06274,0.95042,-0.72,1.1,0.15,-0.13416,-0.17342,-0.05882,0.97389,-0.73,1.12,0.19,0.23541,-0.18468,-0.00344,0.95418,-0.74,1.1,0.21,0.42025,-0.17458,-0.02902,0.88998,-0.75,1.09,0.23,0.42025,-0.17458,-0.02902,0.88998,-0.69,1.07,0.11,-0.23639,-0.19204,-0.06274,0.95042,-0.7,1.1,0.16,-0.17978,-0.12838,-0.1239,0.96739,-0.71,1.11,0.19,0.25561,-0.18759,-0.09454,0.94368,-0.72,1.1,0.21,0.48532,-0.22894,-0.06711,0.84116,-0.73,1.08,0.22,0.48532,-0.22894,-0.06711,0.84116,-0.68,1.07,0.12,-0.16286,-0.10261,-0.28717,0.93834,-0.68,1.08,0.16,-0.18998,-0.08694,-0.19944,0.95738,-0.69,1.1,0.19,0.22653,-0.15173,-0.21871,0.93692,-0.69,1.09,0.2,0.43921,-0.24554,-0.1837,0.84443,-0.71,1.08,0.21,0.43921,-0.24554,-0.1837,0.84443,-0.81,1.08,0.19
-0.79,1.46,-0.17,-0.79,1.46,-0.17,-0.85,1.1,0.11,0.31606,-0.05825,-0.13646,-0.93706,-0.86,1.06,0.06,0.31606,-0.05825,-0.13646,-0.93706,-0.83,1.08,0.09,0.39354,-0.15701,0.54877,-0.72064,-0.81,1.09,0.11,0.14909,0.02545,0.49491,-0.85568,-0.8,1.1,0.14,0.00768,0.0605,0.55953,-0.82656,-0.8,1.1,0.16,0.00768,0.0605,0.55953,-0.82656,-0.84,1.08,0.09,0.31606,-0.05825,-0.13646,-0.93706,-0.83,1.12,0.13,0.00079,-0.08223,-0.0755,-0.99375,-0.83,1.12,0.17,-0.41657,-0.11049,-0.05964,-0.90039,-0.82,1.1,0.18,-0.59442,-0.09324,-0.04202,-0.79762,-0.82,1.08,0.19,-0.59442,-0.09324,-0.04202,-0.79762,-0.85,1.08,0.09,0.31606,-0.05825,-0.13646,-0.93706,-0.86,1.12,0.13,0.03408,-0.07803,-0.1336,-0.98737,-0.85,1.12,0.17,-0.38012,-0.12761,-0.10181,-0.91042,-0.84,1.1,0.19,-0.57594,-0.13034,-0.13293,-0.79601,-0.83,1.08,0.2,-0.57594,-0.13034,-0.13293,-0.79601,-0.87,1.07,0.09,0.31606,-0.05825,-0.13646,-0.93706,-0.87,1.11,0.13,0.11479,-0.05678,-0.19381,-0.97264,-0.87,1.12,0.17,-0.34996,-0.15755,-0.18385,-0.90494,-0.86,1.1,0.19,-0.5936,-0.22413,-0.15698,-0.75681,-0.85,1.08,0.19,-0.5936,-0.22413,-0.15698,-0.75681,-0.88,1.07,0.09,0.25759,0.00719,-0.3694,-0.89283,-0.89,1.09,0.13,0.16614,-0.06149,-0.26901,-0.94671,-0.89,1.1,0.16,-0.31118,-0.1757,-0.28183,-0.89043,-0.88,1.09,0.17,-0.57173,-0.29977,-0.22127,-0.73096,-0.86,1.08,0.18,-0.57173,-0.29977,-0.22127,-0.73096,-0.71,1.09,0.13,-0.22925,-0.18284,-0.06878,0.95356,-0.69,1.06,0.08,-0.22925,-0.18284,-0.06878,0.95356,-0.73,1.07,0.1,-0.43706,-0.30139,0.50409,0.6812,-0.75,1.07,0.11,-0.27664,-0.18415,0.47768,0.81326,-0.77,1.08,0.14,-0.2596,-0.20814,0.55917,0.75935,-0.79,1.09,0.16,-0.2596,-0.20814,0.55917,0.75935,-0.72,1.07,0.1,-0.22925,-0.18284,-0.06878,0.95356,-0.74,1.1,0.15,-0.01556,-0.26292,0.04533,0.96363,-0.76,1.1,0.18,0.24777,-0.24168,0.08816,0.93404,-0.77,1.09,0.2,0.37295,-0.20131,0.1098,0.89907,-0.77,1.07,0.21,0.37295,-0.20131,0.1098,0.89907,-0.7,1.07,0.11,-0.22925,-0.18284,-0.06878,0.95356,-0.72,1.1,0.15,-0.12676,-0.16671,-0.06499,0.97566,-0.73,1.11,0.19,0.23879,-0.18057,-0.01242,0.95405,-0.74,1.1,0.22,0.42171,-0.17203,-0.03876,0.88942,-0.75,1.08,0.23,0.42171,-0.17203,-0.03876,0.88942,-0.68,1.07,0.11,-0.22925,-0.18284,-0.06878,0.95356,-0.7,1.09,0.16,-0.17424,-0.11956,-0.12989,0.96875,-0.71,1.11,0.19,0.2584,-0.18173,-0.10425,0.94305,-0.72,1.1,0.21,0.48703,-0.22563,-0.07813,0.84011,-0.73,1.08,0.22,0.48703,-0.22563,-0.07813,0.84011,-0.68,1.07,0.12,-0.15695,-0.0919,-0.29283,0.93871,-0.68,1.08,0.16,-0.19085,-0.07437,-0.20521,0.95705,-0.68,1.09,0.19,0.22653,-0.14308,-0.22889,0.93585,-0.69,1.09,0.2,0.44116,-0.24017,-0.19505,0.84241,-0.7,1.07,0.21,0.44116,-0.24017,-0.19505,0.84241,-0.81,1.08,0.19
-0.79,1.46,-0.17,-0.79,1.46,-0.17,-0.85,1.1,0.11,0.31578,-0.059,-0.13554,-0.93725,-0.86,1.06,0.06,0.31578,-0.059,-0.13554,-0.93725,-0.83,1.08,0.09,0.3921,-0.15809,0.55061,-0.71979,-0.81,1.09,0.11,0.14732,0.0255,0.49715,-0.85469,-0.8,1.1,0.14,0.00411,0.06201,0.56128,-0.82529,-0.8,1.1,0.16,0.00411,0.06201,0.56128,-0.82529,-0.84,1.08,0.09,0.31578,-0.059,-0.13554,-0.93725,-0.83,1.12,0.13,0.00097,-0.08177,-0.07502,-0.99382,-0.83,1.12,0.17,-0.41591,-0.10984,-0.05947,-0.90079,-0.82,1.1,0.18,-0.59442,-0.0926,-0.04193,-0.79771,-0.82,1.08,0.19,-0.59442,-0.0926,-0.04193,-0.79771,-0.85,1.08,0.09,0.31578,-0.059,-0.13554,-0.93725,-0.86,1.12,0.13,0.03257,-0.07807,-0.13276,-0.98753,-0.85,1.12,0.17,-0.38442,-0.1276,-0.10063,-0.90874,-0.84,1.1,0.19,-0.58243,-0.13003,-0.13155,-0.79156,-0.83,1.08,0.2,-0.58243,-0.13003,-0.13155,-0.79156,-0.87,1.08,0.09,0.31578,-0.059,-0.13554,-0.93725,-0.87,1.11,0.13,0.11151,-0.0571,-0.19296,-0.97318,-0.87,1.12,0.17,-0.3575,-0.15814,-0.18235,-0.90219,-0.86,1.1,0.19,-0.60384,-0.22459,-0.15472,-0.749,-0.85,1.08,0.19,-0.60384,-0.22459,-0.15472,-0.749,-0.88,1.07,0.09,0.25729,0.00657,-0.36849,-0.89329,-0.89,1.09,0.13,0.16383,-0.062,-0.26821,-0.9473,-0.89,1.1,0.16,-0.31964,-0.1774,-0.27996,-0.88768,-0.88,1.09,0.17,-0.58486,-0.30221,-0.21717,-0.72073,-0.86,1.08,0.18,-0.58486,-0.30221,-0.21717,-0.72073,-0.71,1.09,0.13,-0.2394,-0.1672,-0.09637,0.95155,-0.69,1.06,0.08,-0.2394,-0.1672,-0.09637,0.95155,-0.73,1.07,0.1,-0.44189,-0.27911,0.49086,0.69706,-0.75,1.08,0.11,-0.27502,-0.16265,0.45951,0.82871,-0.77,1.09,0.14,-0.25649,-0.18734,0.54233,0.77781,-0.78,1.09,0.16,-0.25649,-0.18734,0.54233,0.77781,-0.72,1.07,0.1,-0.2394,-0.1672,-0.09637,0.95155,-0.73,1.1,0.15,-0.04434,-0.23817,0.00336,0.97021,-0.75,1.11,0.18,0.24255,-0.22875,0.04622,0.94165,-0.76,1.1,0.2,0.37819,-0.19348,0.0683,0.9027,-0.77,1.08,0.22,0.37819,-0.19348,0.0683,0.9027,-0.7,1.07,0.11,-0.2394,-0.1672,-0.09637,0.95155,-0.71,1.11,0.15,-0.1219,-0.15612,-0.09166,0.97589,-0.73,1.12,0.19,0.23827,-0.18013,-0.04205,0.95342,-0.74,1.1,0.22,0.41381,-0.17689,-0.06856,0.89038,-0.74,1.09,0.23,0.41381,-0.17689,-0.06856,0.89038,-0.68,1.07,0.11,-0.2394,-0.1672,-0.09637,0.95155,-0.7,1.1,0.16,-0.16757,-0.11238,-0.15579,0.96696,-0.7,1.11,0.19,0.25783,-0.18528,-0.13164,0.93908,-0.71,1.1,0.21,0.47958,-0.23544,-0.10468,0.83882,-0.72,1.08,0.23,0.47958,-0.23544,-0.10468,0.83882,-0.68,1.07,0.12,-0.16618,-0.07964,-0.32083,0.92904,-0.68,1.08,0.16,-0.19982,-0.06892,-0.23246,0.94936,-0.68,1.1,0.19,0.21888,-0.15094,-0.25517,0.92962,-0.69,1.09,0.2,0.42949,-0.25367,-0.21853,0.83871,-0.7,1.08,0.21,0.42949,-0.25367,-0.21853,0.83871,-0.81,1.08,0.19
-0.79,1.46,-0.17,-0.79,1.46,-0.17,-0.85,1.1,0.11,0.31589,-0.05893,-0.13647,-0.93708,-0.86,1.06,0.06,0.31589,-0.05893,-0.13647,-0.93708,-0.83,1.08,0.09,0.3903,-0.15817,0.55176,-0.71987,-0.81,1.09,0.11,0.14433,0.02671,0.49837,-0.85445,-0.8,1.1,0.14,0.00059,0.06345,0.56208,-0.82464,-0.8,1.1,0.16,0.00059,0.06345,0.56208,-0.82464,-0.84,1.08,0.09,0.31589,-0.05893,-0.13647,-0.93708,-0.83,1.12,0.13,0.00085,-0.0817,-0.07612,-0.99375,-0.83,1.12,0.17,-0.41421,-0.11011,-0.06071,-0.90145,-0.82,1.1,0.18,-0.59207,-0.09308,-0.04326,-0.79933,-0.82,1.08,0.19,-0.59207,-0.09308,-0.04326,-0.79933,-0.85,1.08,0.09,0.31589,-0.05893,-0.13647,-0.93708,-0.86,1.12,0.13,0.03293,-0.07782,-0.13395,-0.98738,-0.85,1.12,0.17,-0.38513,-0.128,-0.10167,-0.90827,-0.84,1.1,0.19,-0.58428,-0.13072,-0.13236,-0.78995,-0.83,1.08,0.2,-0.58428,-0.13072,-0.13236,-0.78995,-0.87,1.08,0.09,0.31589,-0.05893,-0.13647,-0.93708,-0.87,1.11,0.13,0.11139,-0.05691,-0.19404,-0.97299,-0.87,1.12,0.17,-0.36065,-0.15909,-0.1829,-0.90065,-0.86,1.1,0.19,-0.60849,-0.22585,-0.15458,-0.74487,-0.85,1.08,0.19,-0.60849,-0.22585,-0.15458,-0.74487,-0.88,1.07,0.09,0.25728,0.00657,-0.36937,-0.89293,-0.89,1.09,0.13,0.16412,-0.06134,-0.26938,-0.94696,-0.89,1.1,0.16,-0.3231,-0.17858,-0.28067,-0.88597,-0.88,1.09,0.17,-0.59071,-0.30431,-0.21642,-0.71527,-0.86,1.08,0.18,-0.59071,-0.30431,-0.21642,-0.71527,-0.71,1.09,0.13,-0.26202,-0.15868,-0.11108,0.94543,-0.69,1.06,0.08,-0.26202,-0.15868,-0.11108,0.94543,-0.73,1.07,0.1,-0.45287,-0.25727,0.49133,0.69808,-0.75,1.08,0.11,-0.2798,-0.13791,0.45625,0.83339,-0.77,1.09,0.14,-0.25386,-0.15904,0.54034,0.78632,-0.78,1.1,0.16,-0.25386,-0.15904,0.54034,0.78632,-0.72,1.08,0.1,-0.26202,-0.15868,-0.11108,0.94543,-0.73,1.11,0.15,-0.08221,-0.195,-0.03261,0.97681,-0.75,1.12,0.18,0.25492,-0.19856,0.00931,0.94631,-0.76,1.1,0.2,0.40867,-0.1682,0.03126,0.89651,-0.76,1.09,0.21,0.40867,-0.1682,0.03126,0.89651,-0.7,1.07,0.11,-0.26202,-0.15868,-0.11108,0.94543,-0.71,1.11,0.15,-0.12191,-0.15078,-0.10466,0.97542,-0.72,1.12,0.19,0.2387,-0.17985,-0.05597,0.95265,-0.73,1.11,0.21,0.40508,-0.17863,-0.08314,0.8928,-0.74,1.09,0.23,0.40508,-0.17863,-0.08314,0.8928,-0.68,1.07,0.11,-0.26202,-0.15868,-0.11108,0.94543,-0.69,1.1,0.16,-0.16222,-0.11545,-0.16763,0.96553,-0.7,1.11,0.19,0.26105,-0.19266,-0.14126,0.9353,-0.71,1.1,0.21,0.47297,-0.24402,-0.11405,0.83889,-0.72,1.09,0.22,0.47297,-0.24402,-0.11405,0.83889,-0.68,1.07,0.12,-0.18789,-0.07721,-0.33713,0.91928,-0.68,1.09,0.16,-0.2116,-0.08329,-0.24608,0.9422,-0.68,1.1,0.18,0.21848,-0.1738,-0.25973,0.92444,-0.69,1.09,0.2,0.42193,-0.27535,-0.21886,0.83562,-0.7,1.08,0.21,0.42193,-0.27535,-0.21886,0.83562,-0.81,1.08,0.19
-0.79,1.46,-0.17,-0.79,1.46,-0.17,-0.85,1.1,0.11,0.31476,-0.05879,-0.13934,-0.93704,-0.86,1.06,0.06,0.31476,-0.05879,-0.13934,-0.93704,-0.83,1.08,0.09,0.3863,-0.15937,0.5528,-0.72096,-0.81,1.09,0.11,0.13907,0.02693,0.49985,-0.85445,-0.8,1.1,0.14,-0.00204,0.06163,0.56368,-0.82369,-0.8,1.1,0.16,-0.00204,0.06163,0.56368,-0.82369,-0.84,1.08,0.09,0.31476,-0.05879,-0.13934,-0.93704,-0.83,1.12,0.13,-0.00062,-0.08268,-0.07874,-0.99346,-0.83,1.12,0.17,-0.41063,-0.11172,-0.0633,-0.90271,-0.82,1.1,0.18,-0.58655,-0.09504,-0.04589,-0.80301,-0.82,1.08,0.19,-0.58655,-0.09504,-0.04589,-0.80301,-0.85,1.08,0.09,0.31476,-0.05879,-0.13934,-0.93704,-0.86,1.12,0.13,0.03288,-0.07766,-0.13724,-0.98694,-0.85,1.12,0.17,-0.3847,-0.12919,-0.10475,-0.90793,-0.84,1.1,0.19,-0.58388,-0.1326,-0.13506,-0.78947,-0.83,1.08,0.2,-0.58388,-0.1326,-0.13506,-0.78947,-0.87,1.08,0.09,0.31476,-0.05879,-0.13934,-0.93704,-0.87,1.11,0.13,0.11137,-0.05636,-0.19723,-0.97238,-0.87,1.12,0.17,-0.36148,-0.16033,-0.18576,-0.89951,-0.86,1.1,0.19,-0.60927,-0.22789,-0.15686,-0.74314,-0.85,1.08,0.19,-0.60927,-0.22789,-0.15686,-0.74314,-0.88,1.07,0.09,0.25582,0.00688,-0.37199,-0.89226,-0.89,1.09,0.13,0.16505,-0.05954,-0.27265,-0.94598,-0.89,1.1,0.16,-0.32229,-0.17884,-0.28425,-0.88507,-0.88,1.09,0.17,-0.58991,-0.30584,-0.21949,-0.71435,-0.86,1.08,0.18,-0.58991,-0.30584,-0.21949,-0.71435,-0.71,1.09,0.13,-0.27414,-0.18547,-0.09422,0.93892,-0.69,1.06,0.08,-0.27414,-0.18547,-0.09422,0.93892,-0.73,1.07,0.1,-0.45675,-0.27516,0.51777,0.66901,-0.75,1.08,0.11,-0.28168,-0.14547,0.49032,0.81184,-0.77,1.09,0.14,-0.24234,-0.1561,0.57416,0.76632,-0.78,1.1,0.16,-0.24234,-0.1561,0.57416,0.76632,-0.72,1.08,0.1,-0.27414,-0.18547,-0.09422,0.93892,-0.74,1.11,0.14,-0.08166,-0.19086,-0.02038,0.978,-0.75,1.12,0.18,0.30515,-0.18929,0.0295,0.93284,-0.76,1.1,0.2,0.47159,-0.15442,0.05428,0.86649,-0.76,1.08,0.21,0.47159,-0.15442,0.05428,0.86649,-0.7,1.07,0.1,-0.27414,-0.18547,-0.09422,0.93892,-0.72,1.11,0.15,-0.10325,-0.17474,-0.07995,0.97592,-0.73,1.12,0.19,0.27566,-0.19352,-0.02044,0.94135,-0.74,1.11,0.21,0.43966,-0.18385,-0.04557,0.87797,-0.75,1.09,0.22,0.43966,-0.18385,-0.04557,0.87797,-0.69,1.07,0.11,-0.27414,-0.18547,-0.09422,0.93892,-0.7,1.1,0.15,-0.15307,-0.14948,-0.14409,0.96616,-0.71,1.12,0.19,0.28176,-0.21437,-0.1036,0.92947,-0.72,1.1,0.21,0.49145,-0.25566,-0.07326,0.82931,-0.73,1.09,0.22,0.49145,-0.25566,-0.07326,0.82931,-0.68,1.07,0.12,-0.19656,-0.10625,-0.32067,0.92046,-0.68,1.09,0.16,-0.20981,-0.13097,-0.2251,0.94242,-0.69,1.1,0.18,0.24773,-0.21334,-0.21616,0.91999,-0.7,1.1,0.2,0.45161,-0.30308,-0.16837,0.82209,-0.71,1.08,0.21,0.45161,-0.30308,-0.16837,0.82209,-0.81,1.08,0.19
-0.79,1.46,-0.17,-0.79,1.46,-0.17,-0.85,1.1,0.11,0.31432,-0.05902,-0.13979,-0.93711,-0.86,1.06,0.06,0.31432,-0.05902,-0.13979,-0.93711,-0.83,1.08,0.09,0.38314,-0.16016,0.55506,-0.72074,-0.81,1.09,0.11,0.13589,0.02734,0.50238,-0.85346,-0.8,1.1,0.14,-0.00201,0.05995,0.56641,-0.82194,-0.8,1.1,0.16,-0.00201,0.05995,0.56641,-0.82194,-0.84,1.08,0.09,0.31432,-0.05902,-0.13979,-0.93711,-0.83,1.12,0.13,-0.00128,-0.08326,-0.07893,-0.9934,-0.83,1.12,0.17,-0.40745,-0.11204,-0.06371,-0.90409,-0.82,1.1,0.18,-0.58134,-0.09529,-0.04665,-0.80672,-0.82,1.08,0.19,-0.58134,-0.09529,-0.04665,-0.80672,-0.85,1.08,0.09,0.31432,-0.05902,-0.13979,-0.93711,-0.86,1.12,0.13,0.03423,-0.07669,-0.1384,-0.98681,-0.85,1.12,0.17,-0.38402,-0.12889,-0.10613,-0.90811,-0.84,1.1,0.19,-0.58361,-0.1327,-0.13645,-0.78941,-0.83,1.08,0.2,-0.58361,-0.1327,-0.13645,-0.78941,-0.87,1.08,0.09,0.31432,-0.05902,-0.13979,-0.93711,-0.87,1.11,0.13,0.11264,-0.05519,-0.19826,-0.97209,-0.87,1.12,0.17,-0.36115,-0.16003,-0.18704,-0.89943,-0.86,1.1,0.19,-0.60903,-0.228,-0.15813,-0.74303,-0.85,1.08,0.19,-0.60903,-0.228,-0.15813,-0.74303,-0.88,1.07,0.09,0.25528,0.00675,-0.37237,-0.89226,-0.89,1.09,0.13,0.16613,-0.05742,-0.27375,-0.9456,-0.89,1.1,0.16,-0.32075,-0.17753,-0.28627,-0.88524,-0.88,1.09,0.17,-0.58806,-0.3052,-0.22191,-0.7154,-0.86,1.08,0.18,-0.58806,-0.3052,-0.22191,-0.7154,-0.71,1.09,0.13,-0.27467,-0.18535,-0.0909,0.93912,-0.69,1.06,0.08,-0.27467,-0.18535,-0.0909,0.93912,-0.73,1.07,0.1,-0.44561,-0.27602,0.53302,0.66418,-0.75,1.08,0.11,-0.27012,-0.1402,0.50683,0.80654,-0.77,1.09,0.14,-0.22438,-0.14721,0.58992,0.76156,-0.78,1.09,0.16,-0.22438,-0.14721,0.58992,0.76156,-0.72,1.07,0.1,-0.27467,-0.18535,-0.0909,0.93912,-0.74,1.11,0.14,-0.05312,-0.18259,-0.01471,0.98164,-0.75,1.11,0.18,0.34512,-0.17833,0.03379,0.92084,-0.76,1.1,0.19,0.5117,-0.14228,0.05825,0.8453,-0.76,1.08,0.2,0.5117,-0.14228,0.05825,0.8453,-0.7,1.07,0.1,-0.27467,-0.18535,-0.0909,0.93912,-0.72,1.11,0.15,-0.08814,-0.17383,-0.07449,0.97799,-0.73,1.12,0.19,0.30527,-0.19064,-0.01278,0.9329,-0.74,1.1,0.21,0.46811,-0.17791,-0.03812,0.86473,-0.75,1.09,0.22,0.46811,-0.17791,-0.03812,0.86473,-0.69,1.07,0.11,-0.27467,-0.18535,-0.0909,0.93912,-0.7,1.1,0.15,-0.14702,-0.15305,-0.13863,0.96734,-0.71,1.12,0.19,0.30131,-0.21629,-0.09446,0.92385,-0.72,1.1,0.21,0.51033,-0.25494,-0.06422,0.81881,-0.73,1.08,0.22,0.51033,-0.25494,-0.06422,0.81881,-0.68,1.07,0.12,-0.19756,-0.10615,-0.31758,0.92133,-0.68,1.09,0.16,-0.20528,-0.13886,-0.21981,0.94354,-0.69,1.1,0.18,0.26811,-0.22088,-0.20497,0.91505,-0.7,1.1,0.2,0.47486,-0.30817,-0.15531,0.80958,-0.71,1.08,0.21,0.47486,-0.30817,-0.15531,0.80958,-0.81,1.08,0.19
-0.79,1.46,-0.17,-0.79,1.46,-0.17,-0.85,1.1,0.11,0.31412,-0.05941,-0.13538,-0.9378,-0.86,1.06,0.06,0.31412,-0.05941,-0.13538,-0.9378,-0.83,1.08,0.09,0.38123,-0.16421,0.55895,-0.71782,-0.8,1.09,0.11,0.13501,0.02474,0.50767,-0.85055,-0.8,1.1,0.14,-0.00094,0.057,0.57194,-0.81831,-0.8,1.1,0.17,-0.00094,0.057,0.57194,-0.81831,-0.84,1.08,0.09,0.31412,-0.05941,-0.13538,-0.9378,-0.83,1.12,0.13,0.00269,-0.08338,-0.07409,-0.99376,-0.83,1.12,0.17,-0.40227,-0.11016,-0.05945,-0.90692,-0.82,1.1,0.18,-0.57638,-0.09261,-0.04306,-0.81077,-0.82,1.08,0.19,-0.57638,-0.09261,-0.04306,-0.81077,-0.85,1.08,0.09,0.31412,-0.05941,-0.13538,-0.9378,-0.85,1.12,0.13,0.04037,-0.07458,-0.13481,-0.98724,-0.85,1.12,0.17,-0.38083,-0.1258,-0.10345,-0.91019,-0.84,1.1,0.19,-0.5831,-0.12953,-0.13449,-0.79065,-0.83,1.08,0.2,-0.5831,-0.12953,-0.13449,-0.79065,-0.87,1.07,0.09,0.31412,-0.05941,-0.13538,-0.9378,-0.87,1.11,0.13,0.11982,-0.05245,-0.19473,-0.9721,-0.87,1.12,0.17,-0.35728,-0.15674,-0.18477,-0.90202,-0.86,1.1,0.19,-0.60791,-0.22459,-0.15647,-0.74533,-0.85,1.08,0.19,-0.60791,-0.22459,-0.15647,-0.74533,-0.88,1.07,0.09,0.25561,0.00659,-0.3682,-0.89389,-0.89,1.09,0.13,0.17075,-0.05405,-0.27014,-0.94602,-0.89,1.1,0.16,-0.31645,-0.17314,-0.28488,-0.8881,-0.88,1.09,0.17,-0.58536,-0.30082,-0.22178,-0.7195,-0.86,1.08,0.18,-0.58536,-0.30082,-0.22178,-0.7195,-0.71,1.09,0.13,-0.28091,-0.18402,-0.09257,0.93737,-0.69,1.06,0.08,-0.28091,-0.18402,-0.09257,0.93737,-0.73,1.07,0.1,-0.43599,-0.26829,0.54928,0.66048,-0.75,1.08,0.11,-0.26413,-0.12883,0.52115,0.80128,-0.77,1.09,0.14,-0.21633,-0.13522,0.60306,0.7558,-0.78,1.09,0.16,-0.21633,-0.13522,0.60306,0.7558,-0.72,1.07,0.1,-0.28091,-0.18402,-0.09257,0.93737,-0.74,1.11,0.14,-0.03217,-0.1866,-0.00806,0.98188,-0.75,1.11,0.18,0.34573,-0.17963,0.03768,0.92021,-0.76,1.1,0.19,0.4971,-0.14374,0.05947,0.85364,-0.76,1.08,0.2,0.4971,-0.14374,0.05947,0.85364,-0.7,1.07,0.1,-0.28091,-0.18402,-0.09257,0.93737,-0.72,1.11,0.15,-0.08001,-0.17437,-0.07374,0.97865,-0.73,1.12,0.19,0.31811,-0.1908,-0.01085,0.92859,-0.74,1.1,0.21,0.47885,-0.17697,-0.03615,0.85911,-0.75,1.08,0.22,0.47885,-0.17697,-0.03615,0.85911,-0.68,1.07,0.11,-0.28091,-0.18402,-0.09257,0.93737,-0.7,1.1,0.15,-0.14429,-0.15306,-0.13944,0.96763,-0.71,1.12,0.19,0.31403,-0.21751,-0.09307,0.91946,-0.72,1.1,0.21,0.52213,-0.25548,-0.06279,0.81128,-0.73,1.08,0.21,0.52213,-0.25548,-0.06279,0.81128,-0.68,1.07,0.11,-0.20368,-0.10645,-0.31973,0.91922,-0.68,1.09,0.15,-0.20797,-0.13576,-0.22239,0.94279,-0.69,1.1,0.18,0.27963,-0.22259,-0.20586,0.91098,-0.7,1.1,0.2,0.48861,-0.31046,-0.15508,0.80051,-0.71,1.08,0.2,0.48861,-0.31046,-0.15508,0.80051,-0.81,1.08,0.19
-0.79,1.46,-0.17,-0.79,1.46,-0.17,-0.85,1.09,0.11,0.29028,-0.06919,-0.11625,-0.94733,-0.86,1.06,0.06,0.29028,-0.06919,-0.11625,-0.94733,-0.82,1.07,0.09,0.37099,-0.20005,0.56275,-0.7111,-0.8,1.08,0.11,0.12371,-0.00651,0.5239,-0.84272,-0.8,1.09,0.14,-0.00357,0.02335,0.59141,-0.80602,-0.8,1.09,0.16,-0.00357,0.02335,0.59141,-0.80602,-0.84,1.08,0.09,0.29028,-0.06919,-0.11625,-0.94733,-0.83,1.11,0.13,0.03961,-0.09734,-0.05222,-0.99309,-0.82,1.12,0.17,-0.31331,-0.11275,-0.04052,-0.94206,-0.82,1.1,0.19,-0.48965,-0.09188,-0.02737,-0.86663,-0.81,1.09,0.2,-0.48965,-0.09188,-0.02737,-0.86663,-0.85,1.08,0.09,0.29028,-0.06919,-0.11625,-0.94733,-0.85,1.11,0.13,0.08191,-0.06921,-0.11922,-0.98706,-0.85,1.12,0.18,-0.32727,-0.11333,-0.09345,-0.93345,-0.84,1.11,0.2,-0.53546,-0.11882,-0.1286,-0.82621,-0.83,1.08,0.21,-0.53546,-0.11882,-0.1286,-0.82621,-0.87,1.07,0.09,0.29028,-0.06919,-0.11625,-0.94733,-0.87,1.1,0.13,0.16238,-0.0413,-0.17871,-0.96953,-0.87,1.12,0.17,-0.31414,-0.14026,-0.17588,-0.92234,-0.86,1.1,0.19,-0.57384,-0.20776,-0.15184,-0.77749,-0.85,1.08,0.2,-0.57384,-0.20776,-0.15184,-0.77749,-0.88,1.07,0.09,0.23301,0.00374,-0.34814,-0.90801,-0.88,1.09,0.13,0.20327,-0.03407,-0.25216,-0.94548,-0.88,1.1,0.16,-0.2772,-0.14696,-0.28043,-0.90715,-0.88,1.09,0.18,-0.55534,-0.27555,-0.22459,-0.75182,-0.86,1.08,0.18,-0.55534,-0.27555,-0.22459,-0.75182,-0.71,1.09,0.12,-0.31149,-0.18837,-0.09671,0.92636,-0.69,1.06,0.07,-0.31149,-0.18837,-0.09671,0.92636,-0.73,1.07,0.1,-0.42834,-0.25003,0.5843,0.64235,-0.75,1.08,0.11,-0.26693,-0.10481,0.5518,0.78312,-0.77,1.09,0.14,-0.216,-0.10903,0.63143,0.73672,-0.78,1.09,0.16,-0.216,-0.10903,0.63143,0.73672,-0.72,1.07,0.1,-0.31149,-0.18837,-0.09671,0.92636,-0.74,1.11,0.14,-0.01984,-0.19881,0.00411,0.97983,-0.75,1.11,0.17,0.32579,-0.18769,0.04722,0.92542,-0.76,1.1,0.19,0.44731,-0.15232,0.06363,0.87901,-0.76,1.08,0.2,0.44731,-0.15232,0.06363,0.87901,-0.7,1.07,0.1,-0.31149,-0.18837,-0.09671,0.92636,-0.71,1.12,0.14,-0.05658,-0.18468,-0.06679,0.97889,-0.73,1.12,0.18,0.36319,-0.19712,0.0046,0.91061,-0.74,1.1,0.2,0.52874,-0.17752,-0.01822,0.82981,-0.75,1.08,0.21,0.52874,-0.17752,-0.01822,0.82981,-0.68,1.07,0.11,-0.31149,-0.18837,-0.09671,0.92636,-0.7,1.11,0.15,-0.11984,-0.16541,-0.13567,0.96947,-0.71,1.12,0.18,0.36528,-0.22808,-0.07811,0.89914,-0.72,1.1,0.2,0.5823,-0.26085,-0.04327,0.76877,-0.73,1.08,0.2,0.5823,-0.26085,-0.04327,0.76877,-0.68,1.07,0.11,-0.232,-0.1186,-0.32568,0.90887,-0.68,1.09,0.15,-0.20453,-0.14414,-0.22691,0.94122,-0.69,1.11,0.18,0.3135,-0.23825,-0.19909,0.8974,-0.7,1.1,0.19,0.53807,-0.32629,-0.13894,0.76466,-0.71,1.08,0.2,0.53807,-0.32629,-0.13894,0.76466,-0.81,1.08,0.19
-0.79,1.46,-0.17,-0.79,1.46,-0.17,-0.85,1.09,0.11,0.26624,-0.07971,-0.10893,-0.95441,-0.86,1.06,0.06,0.26624,-0.07971,-0.10893,-0.95441,-0.82,1.07,0.09,0.36937,-0.23384,0.55135,-0.71056,-0.8,1.08,0.11,0.1176,-0.04088,0.52448,-0.84227,-0.79,1.09,0.14,0.00074,-0.01666,0.59623,-0.80264,-0.79,1.09,0.16,0.00074,-0.01666,0.59623,-0.80264,-0.83,1.08,0.09,0.26624,-0.07971,-0.10893,-0.95441,-0.83,1.11,0.13,0.05784,-0.12837,-0.03695,-0.98935,-0.82,1.12,0.17,-0.22944,-0.1355,-0.02482,-0.96353,-0.81,1.11,0.19,-0.38901,-0.11167,-0.01312,-0.91435,-0.81,1.09,0.21,-0.38901,-0.11167,-0.01312,-0.91435,-0.85,1.08,0.09,0.26624,-0.07971,-0.10893,-0.95441,-0.85,1.11,0.14,0.12185,-0.06691,-0.11574,-0.9835,-0.84,1.12,0.18,-0.26802,-0.10828,-0.09354,-0.95273,-0.84,1.11,0.2,-0.47989,-0.11775,-0.1306,-0.85953,-0.83,1.09,0.21,-0.47989,-0.11775,-0.1306,-0.85953,-0.87,1.07,0.09,0.26624,-0.07971,-0.10893,-0.95441,-0.87,1.1,0.14,0.20009,-0.03194,-0.17417,-0.96364,-0.87,1.12,0.17,-0.27282,-0.13046,-0.17616,-0.93676,-0.86,1.1,0.19,-0.54075,-0.19999,-0.15373,-0.80247,-0.85,1.09,0.2,-0.54075,-0.19999,-0.15373,-0.80247,-0.88,1.07,0.09,0.20846,-0.00033,-0.33895,-0.91742,-0.88,1.09,0.13,0.22702,-0.0159,-0.24467,-0.94252,-0.88,1.1,0.16,-0.24606,-0.12715,-0.28339,-0.91814,-0.88,1.09,0.18,-0.53362,-0.25942,-0.23154,-0.77094,-0.86,1.08,0.19,-0.53362,-0.25942,-0.23154,-0.77094,-0.71,1.09,0.12,-0.32948,-0.18934,-0.09936,0.91963,-0.68,1.06,0.07,-0.32948,-0.18934,-0.09936,0.91963,-0.73,1.07,0.1,-0.41312,-0.24191,0.61154,0.62995,-0.75,1.07,0.11,-0.25772,-0.09019,0.5778,0.76915,-0.77,1.08,0.14,-0.19881,-0.08849,0.65536,0.72329,-0.78,1.09,0.16,-0.19881,-0.08849,0.65536,0.72329,-0.71,1.07,0.1,-0.32948,-0.18934,-0.09936,0.91963,-0.73,1.11,0.13,-0.00155,-0.20465,0.0146,0.97873,-0.75,1.11,0.17,0.32845,-0.18994,0.05609,0.92353,-0.76,1.1,0.18,0.43155,-0.15464,0.06928,0.88603,-0.76,1.08,0.2,0.43155,-0.15464,0.06928,0.88603,-0.7,1.07,0.1,-0.32948,-0.18934,-0.09936,0.91963,-0.71,1.12,0.14,-0.04552,-0.18798,-0.06414,0.97902,-0.73,1.12,0.18,0.39014,-0.19864,0.01205,0.89899,-0.74,1.1,0.2,0.5666,-0.17528,-0.00857,0.80509,-0.74,1.08,0.2,0.5666,-0.17528,-0.00857,0.80509,-0.68,1.07,0.11,-0.32948,-0.18934,-0.09936,0.91963,-0.7,1.11,0.14,-0.10662,-0.16702,-0.13608,0.97068,-0.71,1.12,0.18,0.39431,-0.23042,-0.07399,0.88654,-0.72,1.1,0.19,0.62321,-0.26102,-0.03509,0.73637,-0.73,1.08,0.2,0.62321,-0.26102,-0.03509,0.73637,-0.68,1.07,0.11,-0.24896,-0.12426,-0.32936,0.90227,-0.68,1.09,0.15,-0.19515,-0.14507,-0.23085,0.94212,-0.68,1.11,0.17,0.33646,-0.24323,-0.19872,0.88778,-0.7,1.1,0.19,0.57125,-0.33255,-0.13292,0.73853,-0.71,1.08,0.19,0.57125,-0.33255,-0.13292,0.73853,-0.81,1.08,0.19
-0.79,1.46,-0.17,-0.79,1.46,-0.17,-0.85,1.09,0.11,0.25921,-0.09061,-0.11881,-0.95419,-0.86,1.07,0.06,0.25921,-0.09061,-0.11881,-0.95419,-0.82,1.08,0.08,0.3758,-0.24503,0.53861,-0.71318,-0.8,1.08,0.1,0.12041,-0.05537,0.51584,-0.84637,-0.79,1.09,0.14,0.00425,-0.03164,0.58972,-0.80698,-0.79,1.09,0.16,0.00425,-0.03164,0.58972,-0.80698,-0.84,1.08,0.09,0.25921,-0.09061,-0.11881,-0.95419,-0.83,1.11,0.13,0.03994,-0.14858,-0.03905,-0.98732,-0.82,1.12,0.17,-0.24426,-0.15494,-0.02141,-0.95701,-0.81,1.1,0.19,-0.39121,-0.12997,-0.00799,-0.91104,-0.8,1.09,0.2,-0.39121,-0.12997,-0.00799,-0.91104,-0.85,1.08,0.09,0.25921,-0.09061,-0.11881,-0.95419,-0.85,1.11,0.14,0.10619,-0.0773,-0.12409,-0.98354,-0.84,1.12,0.18,-0.30232,-0.12287,-0.09473,-0.9405,-0.84,1.11,0.2,-0.5221,-0.13085,-0.12741,-0.8331,-0.83,1.09,0.21,-0.5221,-0.13085,-0.12741,-0.8331,-0.87,1.08,0.09,0.25921,-0.09061,-0.11881,-0.95419,-0.87,1.1,0.14,0.18512,-0.03978,-0.18373,-0.96457,-0.87,1.12,0.17,-0.31527,-0.14655,-0.17737,-0.92069,-0.86,1.1,0.19,-0.59184,-0.21645,-0.14791,-0.76223,-0.84,1.08,0.2,-0.59184,-0.21645,-0.14791,-0.76223,-0.88,1.07,0.09,0.19802,-0.00965,-0.34728,-0.91657,-0.88,1.09,0.13,0.21531,-0.02087,-0.25459,-0.94254,-0.88,1.1,0.16,-0.27198,-0.13983,-0.28799,-0.90749,-0.88,1.09,0.18,-0.56877,-0.27643,-0.22803,-0.74033,-0.86,1.08,0.18,-0.56877,-0.27643,-0.22803,-0.74033,-0.71,1.09,0.12,-0.32783,-0.18403,-0.0932,0.92194,-0.68,1.06,0.07,-0.32783,-0.18403,-0.0932,0.92194,-0.73,1.07,0.1,-0.4029,-0.24509,0.61958,0.62747,-0.75,1.07,0.12,-0.24313,-0.08629,0.58804,0.76658,-0.76,1.08,0.14,-0.17151,-0.07453,0.66467,0.72336,-0.77,1.09,0.17,-0.17151,-0.07453,0.66467,0.72336,-0.71,1.07,0.1,-0.32783,-0.18403,-0.0932,0.92194,-0.73,1.11,0.13,0.01096,-0.20122,0.024,0.97919,-0.75,1.11,0.17,0.32899,-0.18402,0.06151,0.92419,-0.76,1.1,0.19,0.42743,-0.14846,0.07314,0.88877,-0.76,1.08,0.2,0.42743,-0.14846,0.07314,0.88877,-0.7,1.07,0.1,-0.32783,-0.18403,-0.0932,0.92194,-0.71,1.11,0.14,-0.05017,-0.17916,-0.062,0.98058,-0.73,1.12,0.18,0.38195,-0.18989,0.00914,0.90442,-0.74,1.1,0.2,0.55963,-0.16778,-0.0133,0.81147,-0.74,1.08,0.21,0.55963,-0.16778,-0.0133,0.81147,-0.68,1.07,0.11,-0.32783,-0.18403,-0.0932,0.92194,-0.7,1.11,0.15,-0.11145,-0.15494,-0.13477,0.97232,-0.71,1.12,0.18,0.38567,-0.21914,-0.07992,0.89266,-0.72,1.1,0.2,0.61614,-0.25213,-0.04374,0.74491,-0.73,1.08,0.2,0.61614,-0.25213,-0.04374,0.74491,-0.68,1.07,0.11,-0.24929,-0.11834,-0.32374,0.90501,-0.68,1.09,0.15,-0.19226,-0.13344,-0.22734,0.94528,-0.68,1.11,0.18,0.33248,-0.22975,-0.20345,0.89178,-0.69,1.1,0.19,0.56482,-0.32069,-0.14254,0.74687,-0.71,1.08,0.19,0.56482,-0.32069,-0.14254,0.74687,-0.81,1.08,0.19
-0.79,1.46,-0.17,-0.79,1.46,-0.17,-0.85,1.1,0.11,0.28778,-0.08796,-0.12844,-0.94496,-0.86,1.07,0.06,0.28778,-0.08796,-0.12844,-0.94496,-0.83,1.08,0.08,0.39484,-0.22123,0.53956,-0.70996,-0.8,1.09,0.1,0.14109,-0.03419,0.50844,-0.84877,-0.8,1.09,0.13,0.01884,-0.00691,0.581,-0.81366,-0.79,1.1,0.16,0.01884,-0.00691,0.581,-0.81366,-0.84,1.08,0.08,0.28778,-0.08796,-0.12844,-0.94496,-0.83,1.12,0.13,0.01501,-0.14647,-0.03955,-0.98831,-0.82,1.12,0.17,-0.30868,-0.15324,-0.01592,-0.93861,-0.81,1.11,0.18,-0.45571,-0.12683,-0.00038,-0.88105,-0.81,1.09,0.2,-0.45571,-0.12683,-0.00038,-0.88105,-0.85,1.08,0.09,0.28778,-0.08796,-0.12844,-0.94496,-0.85,1.12,0.13,0.10313,-0.07948,-0.1329,-0.98254,-0.85,1.13,0.17,-0.36083,-0.13427,-0.09408,-0.91811,-0.84,1.11,0.19,-0.59731,-0.13957,-0.12142,-0.78039,-0.83,1.09,0.2,-0.59731,-0.13957,-0.12142,-0.78039,-0.87,1.08,0.09,0.28778,-0.08796,-0.12844,-0.94496,-0.87,1.11,0.13,0.1891,-0.04208,-0.19473,-0.96153,-0.87,1.12,0.17,-0.35073,-0.16186,-0.17952,-0.90475,-0.86,1.11,0.19,-0.63614,-0.23248,-0.14207,-0.72187,-0.85,1.09,0.19,-0.63614,-0.23248,-0.14207,-0.72187,-0.88,1.07,0.09,0.22504,-0.01446,-0.35875,-0.90578,-0.88,1.09,0.13,0.22658,-0.02711,-0.26655,-0.93642,-0.89,1.1,0.16,-0.29007,-0.16132,-0.29132,-0.8972,-0.88,1.1,0.18,-0.59177,-0.29991,-0.22052,-0.715,-0.86,1.08,0.18,-0.59177,-0.29991,-0.22052,-0.715,-0.71,1.09,0.12,-0.31734,-0.18078,-0.08673,0.92687,-0.69,1.06,0.07,-0.31734,-0.18078,-0.08673,0.92687,-0.73,1.07,0.1,-0.39418,-0.2538,0.62085,0.6283,-0.75,1.07,0.12,-0.22893,-0.08968,0.59269,0.76698,-0.76,1.08,0.15,-0.14965,-0.07183,0.66888,0.7246,-0.77,1.08,0.17,-0.14965,-0.07183,0.66888,0.7246,-0.72,1.07,0.1,-0.31734,-0.18078,-0.08673,0.92687,-0.73,1.11,0.14,0.02724,-0.20118,0.03393,0.97859,-0.75,1.11,0.17,0.32705,-0.18166,0.06748,0.92492,-0.76,1.09,0.19,0.41956,-0.14594,0.07768,0.89255,-0.76,1.08,0.2,0.41956,-0.14594,0.07768,0.89255,-0.7,1.07,0.1,-0.31734,-0.18078,-0.08673,0.92687,-0.71,1.11,0.14,-0.04586,-0.17321,-0.05791,0.98211,-0.73,1.12,0.18,0.37745,-0.1828,0.00843,0.90777,-0.74,1.1,0.2,0.55342,-0.16137,-0.01573,0.81697,-0.74,1.08,0.21,0.55342,-0.16137,-0.01573,0.81697,-0.68,1.07,0.11,-0.31734,-0.18078,-0.08673,0.92687,-0.7,1.1,0.15,-0.11183,-0.14611,-0.13144,0.9741,-0.71,1.11,0.18,0.37959,-0.20935,-0.08276,0.89735,-0.72,1.1,0.2,0.60927,-0.24373,-0.04955,0.75295,-0.73,1.08,0.2,0.60927,-0.24373,-0.04955,0.75295,-0.68,1.07,0.11,-0.24063,-0.11221,-0.31708,0.91048,-0.68,1.09,0.15,-0.18369,-0.12451,-0.22192,0.94948,-0.68,1.1,0.18,0.328,-0.21583,-0.20614,0.89629,-0.69,1.09,0.19,0.55645,-0.30751,-0.15079,0.75702,-0.71,1.08,0.2,0.55645,-0.30751,-0.15079,0.75702,-0.81,1.08,0.19
-0.79,1.46,-0.17,-0.79,1.46,-0.17,-0.85,1.1,0.11,0.31721,-0.0704,-0.11529,-0.93868,-0.86,1.06,0.06,0.31721,-0.0704,-0.11529,-0.93868,-0.83,1.08,0.09,0.39663,-0.18823,0.5618,-0.70116,-0.8,1.09,0.11,0.15028,0.00296,0.51905,-0.84142,-0.8,1.1,0.14,0.01979,0.03615,0.5864,-0.80897,-0.8,1.1,0.16,0.01979,0.03615,0.5864,-0.80897,-0.84,1.08,0.09,0.31721,-0.0704,-0.11529,-0.93868,-0.83,1.12,0.13,0.01266,-0.11641,-0.03222,-0.9926,-0.82,1.12,0.16,-0.36937,-0.12336,-0.01105,-0.92099,-0.82,1.11,0.18,-0.52703,-0.09609,0.0034,-0.84439,-0.81,1.09,0.19,-0.52703,-0.09609,0.0034,-0.84439,-0.85,1.08,0.09,0.31721,-0.0704,-0.11529,-0.93868,-0.85,1.12,0.13,0.09714,-0.06559,-0.12134,-0.98567,-0.85,1.13,0.17,-0.38138,-0.1179,-0.08848,-0.91259,-0.84,1.11,0.19,-0.62145,-0.12141,-0.11979,-0.76466,-0.83,1.09,0.2,-0.62145,-0.12141,-0.11979,-0.76466,-0.87,1.08,0.09,0.31721,-0.0704,-0.11529,-0.93868,-0.87,1.11,0.13,0.18045,-0.03442,-0.18308,-0.96578,-0.87,1.12,0.17,-0.36571,-0.1499,-0.17325,-0.90209,-0.86,1.11,0.18,-0.65397,-0.21931,-0.13958,-0.71045,-0.85,1.09,0.19,-0.65397,-0.21931,-0.13958,-0.71045,-0.88,1.07,0.09,0.25913,-0.0042,-0.34918,-0.9005,-0.89,1.1,0.13,0.2257,-0.02541,-0.25681,-0.93939,-0.89,1.11,0.16,-0.30845,-0.15967,-0.28195,-0.89435,-0.88,1.1,0.17,-0.61651,-0.29692,-0.21022,-0.69826,-0.86,1.08,0.17,-0.61651,-0.29692,-0.21022,-0.69826,-0.71,1.09,0.12,-0.31764,-0.1786,-0.08981,0.9269,-0.68,1.06,0.07,-0.31764,-0.1786,-0.08981,0.9269,-0.73,1.07,0.1,-0.39928,-0.25374,0.61409,0.63173,-0.75,1.07,0.12,-0.22999,-0.08949,0.58616,0.7717,-0.76,1.08,0.14,-0.14731,-0.06924,0.66286,0.73083,-0.77,1.08,0.17,-0.14731,-0.06924,0.66286,0.73083,-0.71,1.07,0.1,-0.31764,-0.1786,-0.08981,0.9269,-0.73,1.11,0.14,0.03241,-0.20268,0.03365,0.97813,-0.75,1.11,0.17,0.32393,-0.1836,0.06608,0.92574,-0.76,1.09,0.19,0.41146,-0.14843,0.07544,0.89609,-0.76,1.08,0.2,0.41146,-0.14843,0.07544,0.89609,-0.7,1.07,0.1,-0.31764,-0.1786,-0.08981,0.9269,-0.71,1.11,0.14,-0.04686,-0.17264,-0.06115,0.98197,-0.73,1.12,0.18,0.37405,-0.18369,0.00477,0.90902,-0.74,1.1,0.2,0.54975,-0.16318,-0.01925,0.81901,-0.74,1.08,0.21,0.54975,-0.16318,-0.01925,0.81901,-0.68,1.07,0.11,-0.31764,-0.1786,-0.08981,0.9269,-0.69,1.1,0.15,-0.11646,-0.14406,-0.13556,0.9733,-0.7,1.11,0.18,0.37263,-0.20953,-0.08775,0.89974,-0.72,1.1,0.2,0.60167,-0.24543,-0.05448,0.75815,-0.73,1.08,0.2,0.60167,-0.24543,-0.05448,0.75815,-0.68,1.07,0.11,-0.24093,-0.11022,-0.32015,0.90956,-0.68,1.09,0.15,-0.18264,-0.12287,-0.22516,0.94913,-0.68,1.1,0.18,0.32161,-0.21443,-0.21107,0.8978,-0.69,1.09,0.19,0.54693,-0.307,-0.15686,0.7629,-0.71,1.08,0.2,0.54693,-0.307,-0.15686,0.7629,-0.81,1.08,0.19
-0.79,1.46,-0.17,-0.79,1.46,-0.17,-0.85,1.1,0.11,0.32005,-0.06587,-0.11224,-0.93842,-0.86,1.06,0.06,0.32005,-0.06587,-0.11224,-0.93842,-0.83,1.08,0.09,0.39252,-0.18292,0.56748,-0.70031,-0.8,1.09,0.11,0.14853,0.00935,0.52281,-0.83936,-0.8,1.1,0.14,0.01551,0.04443,0.58879,-0.80691,-0.8,1.1,0.16,0.01551,0.04443,0.58879,-0.80691,-0.84,1.08,0.09,0.32005,-0.06587,-0.11224,-0.93842,-0.83,1.12,0.13,0.00171,-0.09948,-0.03724,-0.99434,-0.82,1.12,0.17,-0.39959,-0.10981,-0.01981,-0.90988,-0.82,1.1,0.18,-0.56445,-0.08424,-0.00551,-0.82114,-0.82,1.08,0.19,-0.56445,-0.08424,-0.00551,-0.82114,-0.85,1.08,0.09,0.32005,-0.06587,-0.11224,-0.93842,-0.85,1.12,0.13,0.07647,-0.0646,-0.11713,-0.98806,-0.85,1.13,0.17,-0.39474,-0.11421,-0.08605,-0.9076,-0.84,1.11,0.19,-0.62856,-0.11594,-0.1185,-0.75989,-0.83,1.09,0.19,-0.62856,-0.11594,-0.1185,-0.75989,-0.87,1.08,0.09,0.32005,-0.06587,-0.11224,-0.93842,-0.87,1.11,0.13,0.15694,-0.03813,-0.17818,-0.97065,-0.87,1.12,0.17,-0.38057,-0.1481,-0.16882,-0.89707,-0.86,1.11,0.18,-0.66319,-0.21527,-0.13707,-0.70359,-0.85,1.08,0.19,-0.66319,-0.21527,-0.13707,-0.70359,-0.88,1.07,0.09,0.26325,-0.00038,-0.34665,-0.9003,-0.89,1.1,0.13,0.20573,-0.03289,-0.25323,-0.94471,-0.89,1.11,0.16,-0.32913,-0.1626,-0.27503,-0.88859,-0.88,1.1,0.17,-0.63226,-0.29637,-0.20419,-0.68609,-0.86,1.08,0.17,-0.63226,-0.29637,-0.20419,-0.68609,-0.7,1.09,0.12,-0.33284,-0.17698,-0.09536,0.92131,-0.68,1.06,0.07,-0.33284,-0.17698,-0.09536,0.92131,-0.72,1.07,0.1,-0.41399,-0.24072,0.60927,0.63202,-0.75,1.07,0.11,-0.24062,-0.07608,0.5782,0.77589,-0.76,1.08,0.14,-0.14578,-0.04627,0.65473,0.74022,-0.77,1.09,0.17,-0.14578,-0.04627,0.65473,0.74022,-0.71,1.07,0.1,-0.33284,-0.17698,-0.09536,0.92131,-0.73,1.11,0.13,0.03046,-0.20324,0.03251,0.97811,-0.75,1.11,0.17,0.32168,-0.18455,0.06508,0.92641,-0.75,1.09,0.19,0.40574,-0.14976,0.07379,0.89861,-0.76,1.08,0.2,0.40574,-0.14976,0.07379,0.89861,-0.7,1.07,0.1,-0.33284,-0.17698,-0.09536,0.92131,-0.71,1.11,0.14,-0.05159,-0.17602,-0.0637,0.98097,-0.73,1.12,0.18,0.37727,-0.18784,0.00552,0.90684,-0.73,1.1,0.2,0.55757,-0.16667,-0.01712,0.81305,-0.74,1.08,0.2,0.55757,-0.16667,-0.01712,0.81305,-0.68,1.07,0.11,-0.33284,-0.17698,-0.09536,0.92131,-0.69,1.11,0.14,-0.12399,-0.14764,-0.13992,0.97121,-0.7,1.12,0.18,0.37115,-0.21559,-0.08834,0.89887,-0.71,1.1,0.2,0.60392,-0.25145,-0.0524,0.75452,-0.73,1.08,0.2,0.60392,-0.25145,-0.0524,0.75452,-0.68,1.07,0.11,-0.2553,-0.11268,-0.32652,0.90305,-0.68,1.09,0.15,-0.18653,-0.1287,-0.23024,0.94638,-0.68,1.11,0.17,0.31816,-0.22249,-0.21232,0.89677,-0.69,1.1,0.19,0.54574,-0.31545,-0.15477,0.76073,-0.71,1.08,0.19,0.54574,-0.31545,-0.15477,0.76073,-0.81,1.08,0.19
-0.79,1.46,-0.17,-0.79,1.46,-0.17,-0.85,1.1,0.11,0.31279,-0.06587,-0.11665,-0.94033,-0.86,1.06,0.06,0.31279,-0.06587,-0.11665,-0.94033,-0.83,1.08,0.09,0.38808,-0.18772,0.56354,-0.70469,-0.8,1.09,0.11,0.14318,0.00356,0.52044,-0.8418,-0.8,1.1,0.14,0.01058,0.03782,0.58711,-0.80855,-0.8,1.1,0.16,0.01058,0.03782,0.58711,-0.80855,-0.84,1.08,0.09,0.31279,-0.06587,-0.11665,-0.94033,-0.83,1.12,0.13,-0.01079,-0.09576,-0.04479,-0.99434,-0.82,1.12,0.17,-0.41016,-0.10909,-0.02834,-0.90502,-0.82,1.1,0.18,-0.57528,-0.08509,-0.01356,-0.81341,-0.82,1.08,0.19,-0.57528,-0.08509,-0.01356,-0.81341,-0.85,1.08,0.09,0.31279,-0.06587,-0.11665,-0.94033,-0.85,1.12,0.13,0.0545,-0.06905,-0.1191,-0.98898,-0.85,1.12,0.17,-0.39311,-0.11672,-0.08851,-0.90775,-0.84,1.11,0.19,-0.61422,-0.11812,-0.12092,-0.77082,-0.83,1.08,0.2,-0.61422,-0.11812,-0.12092,-0.77082,-0.87,1.08,0.09,0.31279,-0.06587,-0.11665,-0.94033,-0.87,1.11,0.13,0.13799,-0.04377,-0.18005,-0.97295,-0.87,1.12,0.17,-0.37593,-0.14914,-0.17104,-0.89843,-0.86,1.1,0.19,-0.64747,-0.21568,-0.14131,-0.71714,-0.85,1.08,0.19,-0.64747,-0.21568,-0.14131,-0.71714,-0.88,1.07,0.09,0.25557,0.00131,-0.3503,-0.9011,-0.89,1.09,0.13,0.19032,-0.0381,-0.25604,-0.94698,-0.89,1.11,0.16,-0.33541,-0.16478,-0.2758,-0.88559,-0.88,1.1,0.17,-0.62601,-0.2958,-0.20848,-0.69076,-0.86,1.08,0.17,-0.62601,-0.2958,-0.20848,-0.69076,-0.7,1.1,0.12,-0.36249,-0.18078,-0.10402,0.90835,-0.68,1.05,0.07,-0.36249,-0.18078,-0.10402,0.90835,-0.72,1.07,0.09,-0.44056,-0.21807,0.60489,0.62646,-0.75,1.08,0.11,-0.26307,-0.0532,0.56815,0.77792,-0.76,1.09,0.14,-0.14555,-0.00513,0.64274,0.75211,-0.77,1.09,0.16,-0.14555,-0.00513,0.64274,0.75211,-0.71,1.07,0.09,-0.36249,-0.18078,-0.10402,0.90835,-0.73,1.12,0.13,0.01979,-0.20951,0.03321,0.97704,-0.75,1.11,0.16,0.31361,-0.19045,0.0681,0.92776,-0.75,1.1,0.18,0.39298,-0.15583,0.07617,0.90304,-0.76,1.08,0.2,0.39298,-0.15583,0.07617,0.90304,-0.7,1.07,0.1,-0.36249,-0.18078,-0.10402,0.90835,-0.71,1.12,0.13,-0.05758,-0.18837,-0.0637,0.97834,-0.72,1.12,0.17,0.3893,-0.19878,0.01488,0.89928,-0.73,1.1,0.19,0.58038,-0.17402,-0.00407,0.79552,-0.74,1.08,0.2,0.58038,-0.17402,-0.00407,0.79552,-0.68,1.07,0.1,-0.36249,-0.18078,-0.10402,0.90835,-0.69,1.11,0.14,-0.12597,-0.16297,-0.1422,0.96817,-0.7,1.12,0.18,0.38965,-0.23179,-0.07772,0.88792,-0.71,1.1,0.19,0.63242,-0.26328,-0.0345,0.72769,-0.73,1.08,0.19,0.63242,-0.26328,-0.0345,0.72769,-0.67,1.07,0.11,-0.28224,-0.12447,-0.33632,0.8898,-0.68,1.1,0.14,-0.19406,-0.14623,-0.23677,0.94069,-0.68,1.11,0.17,0.32051,-0.24376,-0.20676,0.89169,-0.69,1.1,0.18,0.5608,-0.33617,-0.1381,0.74393,-0.71,1.08,0.19,0.5608,-0.33617,-0.1381,0.74393,-0.81,1.08,0.19
-0.79,1.46,-0.17,-0.79,1.46,-0.17,-0.85,1.1,0.11,0.29464,-0.06925,-0.11033,-0.94669,-0.86,1.06,0.06,0.29464,-0.06925,-0.11033,-0.94669,-0.83,1.08,0.09,0.37577,-0.20638,0.56437,-0.70548,-0.8,1.09,0.11,0.13062,-0.01319,0.52766,-0.83925,-0.8,1.09,0.14,0.00108,0.02009,0.59568,-0.80297,-0.8,1.09,0.16,0.00108,0.02009,0.59568,-0.80297,-0.84,1.08,0.09,0.29464,-0.06925,-0.11033,-0.94669,-0.83,1.12,0.13,-0.01562,-0.09889,-0.03832,-0.99424,-0.82,1.12,0.17,-0.38757,-0.10855,-0.02448,-0.9151,-0.82,1.1,0.18,-0.55177,-0.0839,-0.01094,-0.82969,-0.81,1.08,0.19,-0.55177,-0.0839,-0.01094,-0.82969,-0.85,1.08,0.09,0.29464,-0.06925,-0.11033,-0.94669,-0.85,1.12,0.13,0.04399,-0.07033,-0.1117,-0.99027,-0.85,1.12,0.18,-0.36902,-0.11135,-0.0855,-0.91876,-0.84,1.1,0.19,-0.57717,-0.11262,-0.12057,-0.79978,-0.83,1.08,0.2,-0.57717,-0.11262,-0.12057,-0.79978,-0.87,1.08,0.09,0.29464,-0.06925,-0.11033,-0.94669,-0.87,1.11,0.13,0.12868,-0.04278,-0.17306,-0.97553,-0.87,1.12,0.17,-0.35959,-0.13986,-0.16924,-0.90691,-0.86,1.1,0.19,-0.61928,-0.20494,-0.14541,-0.74388,-0.85,1.08,0.19,-0.61928,-0.20494,-0.14541,-0.74388,-0.88,1.07,0.09,0.23806,0.0028,-0.34289,-0.90871,-0.88,1.09,0.13,0.18076,-0.03392,-0.24916,-0.95084,-0.89,1.1,0.16,-0.31814,-0.14904,-0.27566,-0.89476,-0.88,1.09,0.18,-0.59335,-0.27632,-0.22015,-0.72327,-0.86,1.08,0.18,-0.59335,-0.27632,-0.22015,-0.72327,-0.7,1.09,0.12,-0.37177,-0.18575,-0.10832,0.90308,-0.68,1.05,0.07,-0.37177,-0.18575,-0.10832,0.90308,-0.72,1.07,0.09,-0.45067,-0.21389,0.60238,0.62313,-0.75,1.08,0.11,-0.2686,-0.04686,0.56512,0.77865,-0.76,1.09,0.14,-0.12878,0.01926,0.63722,0.7596,-0.77,1.09,0.16,-0.12878,0.01926,0.63722,0.7596,-0.71,1.07,0.09,-0.37177,-0.18575,-0.10832,0.90308,-0.73,1.12,0.13,0.03157,-0.21775,0.0405,0.97465,-0.75,1.11,0.16,0.32225,-0.19603,0.0771,0.92292,-0.75,1.1,0.18,0.39449,-0.16115,0.08458,0.9007,-0.76,1.08,0.19,0.39449,-0.16115,0.08458,0.9007,-0.7,1.07,0.1,-0.37177,-0.18575,-0.10832,0.90308,-0.71,1.12,0.13,-0.05548,-0.19975,-0.06032,0.97641,-0.73,1.12,0.17,0.39935,-0.20717,0.02506,0.89273,-0.73,1.1,0.19,0.59937,-0.17857,0.00922,0.78025,-0.74,1.08,0.19,0.59937,-0.17857,0.00922,0.78025,-0.68,1.07,0.1,-0.37177,-0.18575,-0.10832,0.90308,-0.69,1.11,0.14,-0.11978,-0.17428,-0.1411,0.96715,-0.7,1.12,0.17,0.40861,-0.24161,-0.06765,0.87755,-0.72,1.1,0.19,0.65884,-0.26866,-0.01919,0.70241,-0.73,1.08,0.19,0.65884,-0.26866,-0.01919,0.70241,-0.67,1.07,0.11,-0.28969,-0.13202,-0.3406,0.88467,-0.68,1.1,0.14,-0.18653,-0.16005,-0.23755,0.93977,-0.68,1.11,0.17,0.33307,-0.25661,-0.19898,0.88522,-0.69,1.1,0.18,0.58015,-0.34702,-0.12369,0.72643,-0.71,1.08,0.19,0.58015,-0.34702,-0.12369,0.72643,-0.81,1.08,0.19
-0.79,1.46,-0.17,-0.79,1.46,-0.17,-0.85,1.09,0.11,0.2609,-0.08313,-0.10518,-0.95601,-0.86,1.07,0.06,0.2609,-0.08313,-0.10518,-0.95601,-0.82,1.07,0.09,0.37215,-0.24846,0.54642,-0.70795,-0.8,1.08,0.11,0.12476,-0.05979,0.52403,-0.84039,-0.79,1.09,0.14,0.00715,-0.03296,0.59798,-0.8008,-0.79,1.09,0.16,0.00715,-0.03296,0.59798,-0.8008,-0.83,1.08,0.09,0.2609,-0.08313,-0.10518,-0.95601,-0.83,1.11,0.13,0.04221,-0.13057,-0.03149,-0.99004,-0.82,1.11,0.17,-0.2423,-0.13559,-0.01933,-0.96049,-0.81,1.1,0.19,-0.39831,-0.11065,-0.00774,-0.91052,-0.81,1.09,0.21,-0.39831,-0.11065,-0.00774,-0.91052,-0.85,1.08,0.09,0.2609,-0.08313,-0.10518,-0.95601,-0.85,1.11,0.14,0.10499,-0.07088,-0.11053,-0.98577,-0.84,1.12,0.18,-0.27179,-0.10854,-0.08867,-0.9521,-0.84,1.11,0.2,-0.47686,-0.11607,-0.12604,-0.86212,-0.83,1.09,0.21,-0.47686,-0.11607,-0.12604,-0.86212,-0.87,1.08,0.09,0.2609,-0.08313,-0.10518,-0.95601,-0.87,1.1,0.14,0.1826,-0.03447,-0.17007,-0.96775,-0.87,1.12,0.17,-0.28012,-0.1283,-0.17293,-0.9355,-0.86,1.1,0.19,-0.54158,-0.19599,-0.15247,-0.80314,-0.85,1.08,0.2,-0.54158,-0.19599,-0.15247,-0.80314,-0.88,1.07,0.09,0.20308,-0.00225,-0.33484,-0.92013,-0.88,1.09,0.14,0.21499,-0.01265,-0.24212,-0.94604,-0.88,1.1,0.16,-0.25667,-0.12173,-0.2828,-0.91614,-0.88,1.09,0.18,-0.53314,-0.25144,-0.23607,-0.77254,-0.86,1.08,0.19,-0.53314,-0.25144,-0.23607,-0.77254,-0.7,1.09,0.12,-0.37854,-0.18465,-0.1143,0.89975,-0.68,1.05,0.07,-0.37854,-0.18465,-0.1143,0.89975,-0.72,1.07,0.09,-0.45493,-0.20847,0.60014,0.62403,-0.75,1.08,0.11,-0.27054,-0.04094,0.5615,0.78093,-0.76,1.09,0.14,-0.12445,0.0292,0.6324,0.76402,-0.76,1.09,0.16,-0.12445,0.0292,0.6324,0.76402,-0.71,1.07,0.09,-0.37854,-0.18465,-0.1143,0.89975,-0.73,1.12,0.13,0.04376,-0.22156,0.04364,0.97319,-0.74,1.11,0.16,0.32507,-0.19916,0.07939,0.92107,-0.75,1.1,0.18,0.38828,-0.16487,0.08539,0.90265,-0.76,1.08,0.19,0.38828,-0.16487,0.08539,0.90265,-0.7,1.07,0.1,-0.37854,-0.18465,-0.1143,0.89975,-0.71,1.12,0.13,-0.05732,-0.2044,-0.06246,0.97521,-0.72,1.12,0.17,0.39827,-0.21228,0.02555,0.892,-0.73,1.1,0.19,0.60149,-0.18323,0.01128,0.7775,-0.74,1.08,0.19,0.60149,-0.18323,0.01128,0.7775,-0.68,1.07,0.1,-0.37854,-0.18465,-0.1143,0.89975,-0.69,1.11,0.14,-0.11856,-0.17897,-0.14411,0.96599,-0.7,1.12,0.17,0.41489,-0.24748,-0.06625,0.87306,-0.72,1.1,0.19,0.66782,-0.27337,-0.01487,0.69215,-0.73,1.08,0.19,0.66782,-0.27337,-0.01487,0.69215,-0.67,1.07,0.11,-0.29569,-0.13293,-0.34667,0.88018,-0.67,1.1,0.14,-0.18234,-0.16675,-0.24106,0.93853,-0.68,1.11,0.17,0.33835,-0.26419,-0.198,0.8812,-0.69,1.1,0.18,0.58713,-0.35414,-0.11928,0.71807,-0.71,1.08,0.19,0.58713,-0.35414,-0.11928,0.71807,-0.81,1.08,0.19
-0.79,1.46,-0.17,-0.79,1.46,-0.17,-0.85,1.09,0.11,0.24078,-0.09796,-0.08917,-0.9615,-0.86,1.07,0.06,0.24078,-0.09796,-0.08917,-0.9615,-0.82,1.07,0.08,0.37633,-0.27853,0.5363,-0.70227,-0.8,1.08,0.1,0.13218,-0.09479,0.52365,-0.83626,-0.79,1.08,0.13,0.01972,-0.06832,0.60158,-0.79564,-0.78,1.08,0.16,0.01972,-0.06832,0.60158,-0.79564,-0.83,1.08,0.09,0.24078,-0.09796,-0.08917,-0.9615,-0.82,1.11,0.14,0.02917,-0.16328,-0.00475,-0.98614,-0.81,1.11,0.17,-0.22444,-0.15947,0.01057,-0.96129,-0.8,1.1,0.19,-0.36084,-0.12995,0.02201,-0.92327,-0.8,1.09,0.21,-0.36084,-0.12995,0.02201,-0.92327,-0.85,1.08,0.09,0.24078,-0.09796,-0.08917,-0.9615,-0.84,1.11,0.14,0.1261,-0.0779,-0.09573,-0.98431,-0.84,1.12,0.18,-0.24879,-0.10957,-0.07263,-0.9596,-0.83,1.11,0.2,-0.45675,-0.11517,-0.11045,-0.87516,-0.82,1.09,0.22,-0.45675,-0.11517,-0.11045,-0.87516,-0.87,1.08,0.09,0.24078,-0.09796,-0.08917,-0.9615,-0.86,1.1,0.14,0.20603,-0.03737,-0.15484,-0.9655,-0.86,1.12,0.17,-0.26342,-0.12561,-0.15715,-0.94347,-0.85,1.1,0.19,-0.53242,-0.18976,-0.13725,-0.81344,-0.84,1.08,0.2,-0.53242,-0.18976,-0.13725,-0.81344,-0.87,1.07,0.09,0.18269,-0.01137,-0.31738,-0.93046,-0.88,1.09,0.14,0.22674,-0.00909,-0.22451,-0.94768,-0.88,1.1,0.16,-0.24572,-0.11104,-0.26935,-0.92452,-0.87,1.09,0.18,-0.53429,-0.23929,-0.22438,-0.77906,-0.86,1.08,0.19,-0.53429,-0.23929,-0.22438,-0.77906,-0.7,1.09,0.12,-0.38118,-0.18451,-0.12032,0.89788,-0.68,1.05,0.07,-0.38118,-0.18451,-0.12032,0.89788,-0.72,1.07,0.1,-0.45551,-0.20615,0.59864,0.62582,-0.75,1.08,0.11,-0.27008,-0.03864,0.55932,0.78277,-0.76,1.09,0.14,-0.12427,0.03052,0.6301,0.7659,-0.76,1.1,0.16,-0.12427,0.03052,0.6301,0.7659,-0.71,1.07,0.09,-0.38118,-0.18451,-0.12032,0.89788,-0.73,1.12,0.13,0.0515,-0.22476,0.04261,0.97212,-0.74,1.11,0.16,0.32765,-0.20271,0.07831,0.91947,-0.75,1.1,0.18,0.38571,-0.16891,0.08358,0.90317,-0.76,1.08,0.19,0.38571,-0.16891,0.08358,0.90317,-0.7,1.07,0.1,-0.38118,-0.18451,-0.12032,0.89788,-0.71,1.12,0.13,-0.05654,-0.20862,-0.0656,0.97415,-0.72,1.12,0.17,0.39821,-0.21746,0.02463,0.8908,-0.73,1.1,0.19,0.60278,-0.18836,0.01181,0.77526,-0.74,1.08,0.19,0.60278,-0.18836,0.01181,0.77526,-0.68,1.07,0.1,-0.38118,-0.18451,-0.12032,0.89788,-0.69,1.11,0.14,-0.11653,-0.18326,-0.14774,0.96489,-0.7,1.12,0.17,0.41825,-0.25307,-0.06649,0.86983,-0.72,1.1,0.19,0.67243,-0.27846,-0.01266,0.68567,-0.73,1.08,0.19,0.67243,-0.27846,-0.01266,0.68567,-0.67,1.07,0.11,-0.29747,-0.13372,-0.35249,0.87714,-0.67,1.1,0.14,-0.18037,-0.17198,-0.24503,0.93694,-0.68,1.11,0.17,0.34181,-0.271,-0.19803,0.87779,-0.69,1.1,0.18,0.59208,-0.3608,-0.11611,0.71118,-0.71,1.08,0.19,0.59208,-0.3608,-0.11611,0.71118,-0.81,1.08,0.19
-0.79,1.46,-0.17,-0.79,1.46,-0.17,-0.84,1.09,0.11,0.22126,-0.1109,-0.05819,-0.96714,-0.86,1.07,0.06,0.22126,-0.1109,-0.05819,-0.96714,-0.82,1.07,0.08,0.3805,-0.30391,0.53059,-0.69379,-0.8,1.08,0.1,0.14447,-0.12641,0.52507,-0.82913,-0.78,1.08,0.13,0.03298,-0.0965,0.6066,-0.78844,-0.78,1.08,0.15,0.03298,-0.0965,0.6066,-0.78844,-0.83,1.08,0.09,0.22126,-0.1109,-0.05819,-0.96714,-0.82,1.1,0.14,-0.00401,-0.17564,0.03228,-0.98392,-0.81,1.1,0.17,-0.26102,-0.16098,0.05039,-0.95048,-0.8,1.09,0.19,-0.39667,-0.12531,0.063,-0.90718,-0.8,1.07,0.21,-0.39667,-0.12531,0.063,-0.90718,-0.85,1.07,0.09,0.22126,-0.1109,-0.05819,-0.96714,-0.84,1.11,0.14,0.10723,-0.08625,-0.06311,-0.98847,-0.83,1.11,0.18,-0.28358,-0.10561,-0.03761,-0.95237,-0.83,1.1,0.2,-0.50341,-0.1019,-0.07676,-0.85458,-0.82,1.08,0.21,-0.50341,-0.1019,-0.07676,-0.85458,-0.87,1.08,0.09,0.22126,-0.1109,-0.05819,-0.96714,-0.86,1.1,0.14,0.19969,-0.046,-0.12327,-0.97098,-0.86,1.11,0.17,-0.29582,-0.1214,-0.12306,-0.93947,-0.85,1.1,0.2,-0.58046,-0.17612,-0.10442,-0.78813,-0.84,1.08,0.2,-0.58046,-0.17612,-0.10442,-0.78813,-0.87,1.07,0.1,0.16535,-0.0185,-0.28559,-0.9438,-0.88,1.09,0.14,0.22386,-0.01727,-0.19192,-0.95538,-0.88,1.1,0.16,-0.25565,-0.10366,-0.23707,-0.9315,-0.87,1.09,0.18,-0.57058,-0.22663,-0.19151,-0.76577,-0.86,1.07,0.19,-0.57058,-0.22663,-0.19151,-0.76577,-0.7,1.09,0.12,-0.38362,-0.1874,-0.12655,0.89538,-0.68,1.05,0.07,-0.38362,-0.1874,-0.12655,0.89538,-0.72,1.07,0.1,-0.45891,-0.20596,0.59549,0.6264,-0.75,1.08,0.11,-0.27325,-0.03973,0.55603,0.78395,-0.76,1.09,0.14,-0.12893,0.02793,0.62746,0.7674,-0.76,1.1,0.16,-0.12893,0.02793,0.62746,0.7674,-0.71,1.07,0.09,-0.38362,-0.1874,-0.12655,0.89538,-0.73,1.12,0.13,0.05112,-0.23025,0.03974,0.97097,-0.75,1.11,0.16,0.32799,-0.20872,0.07733,0.91808,-0.75,1.1,0.18,0.38582,-0.17502,0.08295,0.90201,-0.76,1.08,0.19,0.38582,-0.17502,0.08295,0.90201,-0.7,1.07,0.1,-0.38362,-0.1874,-0.12655,0.89538,-0.71,1.12,0.13,-0.05581,-0.21514,-0.06843,0.97258,-0.72,1.12,0.17,0.39946,-0.2245,0.02543,0.88847,-0.74,1.1,0.19,0.6073,-0.1946,0.01483,0.77013,-0.74,1.08,0.19,0.6073,-0.1946,0.01483,0.77013,-0.68,1.07,0.1,-0.38362,-0.1874,-0.12655,0.89538,-0.69,1.11,0.14,-0.11547,-0.1901,-0.1511,0.96317,-0.7,1.12,0.17,0.42073,-0.26072,-0.06503,0.86648,-0.72,1.1,0.19,0.67697,-0.28493,-0.00787,0.67858,-0.73,1.08,0.19,0.67697,-0.28493,-0.00787,0.67858,-0.67,1.07,0.11,-0.2984,-0.13749,-0.35829,0.87389,-0.68,1.1,0.14,-0.18033,-0.17879,-0.24924,0.93456,-0.68,1.11,0.17,0.34669,-0.28014,-0.19649,0.87334,-0.7,1.1,0.18,0.60105,-0.36943,-0.10933,0.70023,-0.71,1.08,0.18,0.60105,-0.36943,-0.10933,0.70023,-0.81,1.08,0.19
-0.8,1.46,-0.17,-0.8,1.46,-0.17,-0.85,1.09,0.11,0.23892,-0.1012,-0.08065,-0.96238,-0.86,1.07,0.06,0.23892,-0.1012,-0.08065,-0.96238,-0.82,1.07,0.08,0.40935,-0.27707,0.50454,-0.70788,-0.8,1.08,0.1,0.17487,-0.1145,0.48854,-0.84713,-0.78,1.09,0.13,0.05792,-0.08457,0.57218,-0.8137,-0.78,1.09,0.15,0.05792,-0.08457,0.57218,-0.8137,-0.83,1.08,0.09,0.23892,-0.1012,-0.08065,-0.96238,-0.82,1.11,0.14,-0.00114,-0.16667,0.01084,-0.98595,-0.81,1.11,0.17,-0.28765,-0.157,0.03221,-0.94423,-0.8,1.1,0.19,-0.43585,-0.12312,0.04731,-0.8903,-0.8,1.08,0.2,-0.43585,-0.12312,0.04731,-0.8903,-0.85,1.08,0.09,0.23892,-0.1012,-0.08065,-0.96238,-0.84,1.11,0.14,0.1053,-0.08405,-0.08438,-0.98728,-0.84,1.12,0.18,-0.28992,-0.11207,-0.05748,-0.94873,-0.83,1.1,0.2,-0.51759,-0.11279,-0.09405,-0.84293,-0.82,1.08,0.21,-0.51759,-0.11279,-0.09405,-0.84293,-0.87,1.08,0.09,0.23892,-0.1012,-0.08065,-0.96238,-0.86,1.1,0.14,0.19804,-0.04439,-0.14516,-0.96837,-0.86,1.12,0.17,-0.29992,-0.1311,-0.14238,-0.93412,-0.85,1.1,0.19,-0.59017,-0.19202,-0.11828,-0.77514,-0.84,1.08,0.2,-0.59017,-0.19202,-0.11828,-0.77514,-0.87,1.07,0.1,0.18139,-0.01385,-0.30899,-0.9335,-0.88,1.09,0.14,0.22898,-0.01941,-0.2149,-0.94921,-0.88,1.1,0.16,-0.26109,-0.12002,-0.25491,-0.92328,-0.87,1.09,0.18,-0.58387,-0.25082,-0.19886,-0.74609,-0.86,1.08,0.19,-0.58387,-0.25082,-0.19886,-0.74609,-0.7,1.09,0.12,-0.3792,-0.18751,-0.134,0.89615,-0.68,1.05,0.07,-0.3792,-0.18751,-0.134,0.89615,-0.72,1.07,0.1,-0.45718,-0.20788,0.59047,0.63176,-0.75,1.08,0.11,-0.27194,-0.0442,0.55114,0.78762,-0.76,1.09,0.14,-0.13867,0.01375,0.62471,0.76832,-0.76,1.1,0.16,-0.13867,0.01375,0.62471,0.76832,-0.71,1.07,0.1,-0.3792,-0.18751,-0.134,0.89615,-0.73,1.12,0.13,0.04403,-0.23357,0.0291,0.97091,-0.74,1.11,0.16,0.33358,-0.21415,0.07097,0.91533,-0.75,1.1,0.18,0.39847,-0.18026,0.07869,0.89584,-0.76,1.08,0.19,0.39847,-0.18026,0.07869,0.89584,-0.7,1.07,0.1,-0.3792,-0.18751,-0.134,0.89615,-0.71,1.12,0.13,-0.05023,-0.21815,-0.07479,0.97175,-0.72,1.12,0.17,0.40175,-0.23008,0.02056,0.88613,-0.73,1.1,0.19,0.60914,-0.20098,0.0115,0.76709,-0.74,1.08,0.19,0.60914,-0.20098,0.0115,0.76709,-0.68,1.07,0.11,-0.3792,-0.18751,-0.134,0.89615,-0.69,1.11,0.14,-0.10974,-0.19262,-0.1574,0.96233,-0.7,1.12,0.17,0.42046,-0.26563,-0.07039,0.8647,-0.72,1.1,0.19,0.67511,-0.29129,-0.01168,0.67767,-0.73,1.08,0.19,0.67511,-0.29129,-0.01168,0.67767,-0.67,1.07,0.11,-0.29305,-0.13671,-0.36503,0.87303,-0.67,1.09,0.15,-0.17752,-0.17891,-0.25647,0.93311,-0.68,1.11,0.17,0.34857,-0.2838,-0.20241,0.87005,-0.69,1.1,0.18,0.60177,-0.37469,-0.11369,0.69611,-0.71,1.08,0.18,0.60177,-0.37469,-0.11369,0.69611,-0.81,1.08,0.19
-0.8,1.46,-0.17,-0.8,1.46,-0.17,-0.85,1.1,0.11,0.26197,-0.0867,-0.12624,-0.95285,-0.86,1.07,0.06,0.26197,-0.0867,-0.12624,-0.95285,-0.82,1.08,0.08,0.43168,-0.24304,0.47751,-0.72565,-0.8,1.09,0.1,0.19265,-0.09154,0.45024,-0.86706,-0.79,1.1,0.13,0.06625,-0.06158,0.53403,-0.84062,-0.78,1.1,0.15,0.06625,-0.06158,0.53403,-0.84062,-0.84,1.08,0.09,0.26197,-0.0867,-0.12624,-0.95285,-0.83,1.12,0.14,5e-05,-0.15452,-0.03572,-0.98734,-0.82,1.12,0.17,-0.32189,-0.15922,-0.00984,-0.93324,-0.81,1.1,0.19,-0.47692,-0.13169,0.00852,-0.86898,-0.8,1.08,0.2,-0.47692,-0.13169,0.00852,-0.86898,-0.85,1.08,0.09,0.26197,-0.0867,-0.12624,-0.95285,-0.85,1.12,0.14,0.10419,-0.08193,-0.12905,-0.98274,-0.84,1.12,0.18,-0.29201,-0.12785,-0.09898,-0.94265,-0.83,1.11,0.2,-0.51455,-0.13754,-0.13029,-0.83627,-0.83,1.09,0.21,-0.51455,-0.13754,-0.13029,-0.83627,-0.87,1.08,0.09,0.26197,-0.0867,-0.12624,-0.95285,-0.87,1.1,0.14,0.17101,-0.04808,-0.18828,-0.96592,-0.86,1.12,0.17,-0.3221,-0.15426,-0.1784,-0.91686,-0.85,1.1,0.19,-0.60211,-0.22448,-0.14547,-0.75227,-0.84,1.08,0.2,-0.60211,-0.22448,-0.14547,-0.75227,-0.88,1.07,0.1,0.20048,-0.00675,-0.35466,-0.91323,-0.88,1.09,0.14,0.19939,-0.03317,-0.26059,-0.94405,-0.88,1.1,0.16,-0.29606,-0.15474,-0.28609,-0.89809,-0.87,1.09,0.18,-0.60079,-0.29266,-0.21738,-0.71144,-0.86,1.08,0.18,-0.60079,-0.29266,-0.21738,-0.71144,-0.7,1.1,0.12,-0.37346,-0.19716,-0.1525,0.89353,-0.68,1.05,0.07,-0.37346,-0.19716,-0.1525,0.89353,-0.72,1.07,0.09,-0.46515,-0.21743,0.57399,0.63788,-0.75,1.08,0.11,-0.28201,-0.06225,0.53636,0.79304,-0.76,1.09,0.14,-0.16521,-0.01731,0.61453,0.77121,-0.77,1.1,0.16,-0.16521,-0.01731,0.61453,0.77121,-0.71,1.07,0.09,-0.37346,-0.19716,-0.1525,0.89353,-0.73,1.12,0.13,0.006,-0.2508,0.00425,0.96801,-0.75,1.12,0.16,0.31022,-0.23814,0.05589,0.91866,-0.76,1.1,0.18,0.3913,-0.20455,0.06848,0.89463,-0.76,1.09,0.19,0.3913,-0.20455,0.06848,0.89463,-0.7,1.07,0.1,-0.37346,-0.19716,-0.1525,0.89353,-0.71,1.12,0.13,-0.05031,-0.23263,-0.0904,0.96705,-0.73,1.12,0.17,0.39142,-0.25021,0.01103,0.88547,-0.74,1.11,0.19,0.59896,-0.22348,0.00679,0.76893,-0.75,1.08,0.19,0.59896,-0.22348,0.00679,0.76893,-0.68,1.07,0.11,-0.37346,-0.19716,-0.1525,0.89353,-0.69,1.11,0.14,-0.10586,-0.20562,-0.17307,0.95737,-0.7,1.12,0.17,0.40554,-0.28341,-0.08153,0.8652,-0.72,1.1,0.19,0.65748,-0.31215,-0.01754,0.68555,-0.73,1.08,0.19,0.65748,-0.31215,-0.01754,0.68555,-0.67,1.07,0.11,-0.28293,-0.14557,-0.38142,0.86791,-0.68,1.09,0.15,-0.17722,-0.18736,-0.27372,0.92659,-0.68,1.11,0.17,0.34153,-0.29889,-0.21368,0.86508,-0.7,1.1,0.18,0.59027,-0.39201,-0.12048,0.69526,-0.71,1.08,0.18,0.59027,-0.39201,-0.12048,0.69526,-0.81,1.08,0.19
-0.8,1.46,-0.17,-0.8,1.46,-0.17,-0.85,1.1,0.11,0.30915,-0.07273,-0.15609,-0.93529,-0.86,1.07,0.06,0.30915,-0.07273,-0.15609,-0.93529,-0.83,1.09,0.08,0.45752,-0.20156,0.476,-0.72352,-0.8,1.1,0.1,0.22035,-0.05438,0.43552,-0.87109,-0.79,1.11,0.13,0.08655,-0.02215,0.51627,-0.85175,-0.79,1.12,0.15,0.08655,-0.02215,0.51627,-0.85175,-0.84,1.09,0.08,0.30915,-0.07273,-0.15609,-0.93529,-0.83,1.13,0.13,0.03953,-0.13039,-0.07516,-0.98782,-0.82,1.13,0.17,-0.33636,-0.15298,-0.04631,-0.92807,-0.82,1.11,0.18,-0.50039,-0.13196,-0.0264,-0.85528,-0.81,1.1,0.19,-0.50039,-0.13196,-0.0264,-0.85528,-0.85,1.08,0.09,0.30915,-0.07273,-0.15609,-0.93529,-0.85,1.12,0.13,0.12347,-0.0801,-0.15865,-0.9763,-0.85,1.13,0.17,-0.30833,-0.14289,-0.12142,-0.93262,-0.84,1.12,0.19,-0.52765,-0.15615,-0.14805,-0.82176,-0.83,1.1,0.2,-0.52765,-0.15615,-0.14805,-0.82176,-0.87,1.08,0.09,0.30915,-0.07273,-0.15609,-0.93529,-0.87,1.11,0.13,0.14864,-0.06067,-0.21512,-0.9633,-0.87,1.12,0.17,-0.34868,-0.17908,-0.1944,-0.8992,-0.86,1.11,0.19,-0.61764,-0.25156,-0.15389,-0.72908,-0.84,1.09,0.19,-0.61764,-0.25156,-0.15389,-0.72908,-0.88,1.08,0.09,0.24518,-0.006,-0.38679,-0.88895,-0.88,1.1,0.13,0.17545,-0.06449,-0.28867,-0.939,-0.88,1.11,0.16,-0.31515,-0.19327,-0.2947,-0.88118,-0.87,1.1,0.18,-0.58984,-0.32504,-0.22069,-0.70551,-0.86,1.08,0.18,-0.58984,-0.32504,-0.22069,-0.70551,-0.7,1.09,0.12,-0.33051,-0.2052,-0.12293,0.91299,-0.68,1.06,0.07,-0.33051,-0.2052,-0.12293,0.91299,-0.72,1.07,0.09,-0.43336,-0.26227,0.58791,0.6307,-0.75,1.07,0.11,-0.25436,-0.10213,0.56305,0.77965,-0.76,1.08,0.14,-0.1581,-0.06931,0.64308,0.74609,-0.77,1.09,0.16,-0.1581,-0.06931,0.64308,0.74609,-0.71,1.07,0.09,-0.33051,-0.2052,-0.12293,0.91299,-0.73,1.11,0.13,0.05031,-0.26293,0.04618,0.96239,-0.75,1.11,0.16,0.36399,-0.23415,0.10303,0.89558,-0.76,1.09,0.18,0.46444,-0.19322,0.12245,0.85555,-0.76,1.07,0.19,0.46444,-0.19322,0.12245,0.85555,-0.7,1.07,0.1,-0.33051,-0.2052,-0.12293,0.91299,-0.71,1.11,0.14,-0.08057,-0.22332,-0.07876,0.96821,-0.73,1.12,0.17,0.31522,-0.23769,0.00445,0.91876,-0.74,1.11,0.19,0.51447,-0.21902,-0.00672,0.82904,-0.75,1.09,0.2,0.51447,-0.21902,-0.00672,0.82904,-0.68,1.07,0.1,-0.33051,-0.2052,-0.12293,0.91299,-0.69,1.11,0.14,-0.17707,-0.17787,-0.16848,0.95322,-0.7,1.12,0.18,0.28083,-0.25412,-0.10622,0.91939,-0.72,1.11,0.19,0.52513,-0.2956,-0.05609,0.79606,-0.73,1.09,0.2,0.52513,-0.2956,-0.05609,0.79606,-0.67,1.07,0.11,-0.24349,-0.14119,-0.35065,0.89321,-0.68,1.09,0.15,-0.24846,-0.13358,-0.26239,0.92281,-0.68,1.11,0.17,0.20563,-0.2356,-0.24756,0.91702,-0.69,1.1,0.19,0.43079,-0.33649,-0.18357,0.817,-0.71,1.09,0.2,0.43079,-0.33649,-0.18357,0.817,-0.81,1.08,0.19
-0.8,1.46,-0.17,-0.8,1.46,-0.17,-0.86,1.1,0.11,0.34199,-0.06064,-0.15069,-0.92556,-0.86,1.07,0.06,0.34199,-0.06064,-0.15069,-0.92556,-0.83,1.08,0.08,0.45248,-0.17233,0.50857,-0.71199,-0.8,1.1,0.1,0.21029,-0.01004,0.45983,-0.86269,-0.8,1.11,0.13,0.05731,0.03427,0.53144,-0.84446,-0.8,1.11,0.15,0.05731,0.03427,0.53144,-0.84446,-0.84,1.09,0.08,0.34199,-0.06064,-0.15069,-0.92556,-0.84,1.13,0.13,0.07426,-0.10676,-0.07883,-0.98837,-0.83,1.13,0.16,-0.32714,-0.13479,-0.05507,-0.93369,-0.82,1.12,0.18,-0.50257,-0.11625,-0.03696,-0.85589,-0.82,1.1,0.19,-0.50257,-0.11625,-0.03696,-0.85589,-0.85,1.08,0.09,0.34199,-0.06064,-0.15069,-0.92556,-0.86,1.12,0.13,0.15209,-0.07008,-0.15521,-0.97358,-0.85,1.14,0.17,-0.28917,-0.13376,-0.12143,-0.94008,-0.84,1.12,0.19,-0.50731,-0.14828,-0.15076,-0.83541,-0.84,1.11,0.2,-0.50731,-0.14828,-0.15076,-0.83541,-0.87,1.08,0.09,0.34199,-0.06064,-0.15069,-0.92556,-0.87,1.11,0.13,0.16662,-0.05615,-0.21088,-0.96157,-0.87,1.13,0.17,-0.32385,-0.17209,-0.19403,-0.90987,-0.86,1.11,0.18,-0.58719,-0.24414,-0.15778,-0.75546,-0.85,1.09,0.19,-0.58719,-0.24414,-0.15778,-0.75546,-0.88,1.07,0.09,0.28041,-0.00238,-0.38438,-0.87955,-0.89,1.1,0.13,0.18562,-0.07121,-0.28274,-0.93837,-0.89,1.11,0.16,-0.28345,-0.19,-0.29032,-0.89402,-0.88,1.1,0.17,-0.53766,-0.31388,-0.22651,-0.74906,-0.86,1.09,0.18,-0.53766,-0.31388,-0.22651,-0.74906,-0.71,1.09,0.12,-0.28696,-0.20328,-0.12126,0.92824,-0.68,1.06,0.07,-0.28696,-0.20328,-0.12126,0.92824,-0.72,1.07,0.09,-0.41027,-0.30049,0.57355,0.64221,-0.75,1.07,0.1,-0.22641,-0.14098,0.55926,0.78491,-0.77,1.08,0.13,-0.15019,-0.12483,0.64065,0.74258,-0.78,1.08,0.15,-0.15019,-0.12483,0.64065,0.74258,-0.71,1.07,0.09,-0.28696,-0.20328,-0.12126,0.92824,-0.73,1.11,0.13,0.09164,-0.27858,0.05681,0.95434,-0.75,1.1,0.16,0.41569,-0.24242,0.12242,0.86801,-0.76,1.08,0.17,0.53142,-0.19584,0.14939,0.8105,-0.76,1.06,0.18,0.53142,-0.19584,0.14939,0.8105,-0.7,1.07,0.1,-0.28696,-0.20328,-0.12126,0.92824,-0.71,1.11,0.14,-0.06322,-0.21416,-0.08612,0.97094,-0.73,1.12,0.18,0.30443,-0.23175,-0.01291,0.92382,-0.74,1.1,0.19,0.48046,-0.21815,-0.02891,0.84896,-0.75,1.08,0.21,0.48046,-0.21815,-0.02891,0.84896,-0.68,1.07,0.1,-0.28696,-0.20328,-0.12126,0.92824,-0.7,1.1,0.14,-0.16133,-0.15798,-0.1739,0.95853,-0.7,1.12,0.18,0.26161,-0.23386,-0.12859,0.92754,-0.72,1.11,0.2,0.48115,-0.28135,-0.08975,0.8254,-0.73,1.09,0.21,0.48115,-0.28135,-0.08975,0.8254,-0.68,1.07,0.11,-0.20169,-0.12815,-0.34611,0.90725,-0.68,1.09,0.15,-0.24246,-0.08532,-0.26531,0.92927,-0.68,1.1,0.17,0.16064,-0.17904,-0.27976,0.92945,-0.69,1.1,0.19,0.34539,-0.28015,-0.24005,0.8629,-0.7,1.09,0.2,0.34539,-0.28015,-0.24005,0.8629,-0.81,1.08,0.19
-0.8,1.46,-0.17,-0.8,1.46,-0.17,-0.85,1.1,0.11,0.33886,-0.06685,-0.10911,-0.93209,-0.86,1.06,0.06,0.33886,-0.06685,-0.10911,-0.93209,-0.83,1.08,0.08,0.43231,-0.18111,0.54807,-0.69277,-0.8,1.09,0.1,0.18354,0.00388,0.50328,-0.8444,-0.8,1.1,0.13,0.02631,0.0562,0.56881,-0.82013,-0.8,1.1,0.16,0.02631,0.0562,0.56881,-0.82013,-0.84,1.08,0.08,0.33886,-0.06685,-0.10911,-0.93209,-0.83,1.12,0.13,0.04702,-0.09952,-0.03588,-0.99328,-0.82,1.12,0.16,-0.35058,-0.11033,-0.0192,-0.92981,-0.82,1.11,0.18,-0.52055,-0.08503,-0.00621,-0.84956,-0.82,1.09,0.19,-0.52055,-0.08503,-0.00621,-0.84956,-0.85,1.08,0.08,0.33886,-0.06685,-0.10911,-0.93209,-0.85,1.12,0.13,0.13081,-0.0716,-0.11095,-0.98257,-0.85,1.13,0.17,-0.29672,-0.11418,-0.08296,-0.94448,-0.84,1.12,0.19,-0.49059,-0.1179,-0.11939,-0.85508,-0.83,1.1,0.2,-0.49059,-0.1179,-0.11939,-0.85508,-0.87,1.08,0.09,0.33886,-0.06685,-0.10911,-0.93209,-0.87,1.11,0.13,0.16118,-0.05622,-0.16847,-0.97081,-0.87,1.12,0.16,-0.30255,-0.14621,-0.16181,-0.92785,-0.86,1.11,0.19,-0.54618,-0.20735,-0.13984,-0.79946,-0.85,1.09,0.19,-0.54618,-0.20735,-0.13984,-0.79946,-0.88,1.07,0.09,0.28181,-0.00605,-0.34493,-0.8953,-0.89,1.1,0.13,0.18013,-0.07113,-0.24186,-0.95079,-0.89,1.11,0.16,-0.25631,-0.16039,-0.26013,-0.91702,-0.88,1.1,0.17,-0.48635,-0.26927,-0.21609,-0.80266,-0.86,1.09,0.18,-0.48635,-0.26927,-0.21609,-0.80266,-0.7,1.1,0.12,-0.30279,-0.19181,-0.12828,0.9247,-0.68,1.06,0.07,-0.30279,-0.19181,-0.12828,0.9247,-0.72,1.07,0.09,-0.42074,-0.28237,0.56877,0.64788,-0.75,1.08,0.11,-0.2464,-0.13278,0.54657,0.78925,-0.77,1.09,0.13,-0.17858,-0.12335,0.62824,0.74713,-0.78,1.09,0.15,-0.17858,-0.12335,0.62824,0.74713,-0.71,1.08,0.09,-0.30279,-0.19181,-0.12828,0.9247,-0.73,1.12,0.13,0.04779,-0.26881,0.03596,0.96134,-0.75,1.11,0.16,0.43232,-0.23465,0.11469,0.86307,-0.76,1.09,0.17,0.57575,-0.18423,0.1485,0.78264,-0.76,1.07,0.18,0.57575,-0.18423,0.1485,0.78264,-0.7,1.08,0.1,-0.30279,-0.19181,-0.12828,0.9247,-0.71,1.12,0.14,-0.04033,-0.20471,-0.08964,0.97388,-0.73,1.12,0.18,0.38166,-0.22472,-0.00626,0.89655,-0.74,1.1,0.19,0.57755,-0.20404,-0.01845,0.79023,-0.75,1.08,0.2,0.57755,-0.20404,-0.01845,0.79023,-0.68,1.08,0.1,-0.30279,-0.19181,-0.12828,0.9247,-0.69,1.11,0.14,-0.05959,-0.16639,-0.16436,0.97044,-0.71,1.11,0.18,0.39899,-0.2381,-0.10844,0.87884,-0.72,1.1,0.19,0.62565,-0.27754,-0.06583,0.72609,-0.73,1.08,0.2,0.62565,-0.27754,-0.06583,0.72609,-0.68,1.07,0.11,-0.21847,-0.12095,-0.35461,0.90105,-0.68,1.09,0.15,-0.13666,-0.1054,-0.27012,0.94723,-0.68,1.1,0.17,0.34445,-0.21359,-0.26079,0.8762,-0.69,1.09,0.19,0.54449,-0.31508,-0.21193,0.74789,-0.71,1.08,0.19,0.54449,-0.31508,-0.21193,0.74789,-0.81,1.08,0.19
-0.8,1.46,-0.17,-0.8,1.46,-0.17,-0.85,1.1,0.11,0.33216,-0.0742,-0.10743,-0.93414,-0.86,1.06,0.06,0.33216,-0.0742,-0.10743,-0.93414,-0.83,1.07,0.08,0.42675,-0.18796,0.55135,-0.69179,-0.8,1.09,0.1,0.17812,-0.00101,0.50892,-0.84218,-0.8,1.1,0.13,0.02693,0.04807,0.57549,-0.81595,-0.8,1.1,0.16,0.02693,0.04807,0.57549,-0.81595,-0.84,1.08,0.08,0.33216,-0.0742,-0.10743,-0.93414,-0.83,1.12,0.13,0.02611,-0.1021,-0.03347,-0.99387,-0.82,1.12,0.16,-0.36863,-0.11118,-0.01625,-0.92276,-0.82,1.1,0.18,-0.53139,-0.08506,-0.00329,-0.84284,-0.81,1.09,0.19,-0.53139,-0.08506,-0.00329,-0.84284,-0.85,1.08,0.08,0.33216,-0.0742,-0.10743,-0.93414,-0.85,1.12,0.13,0.07689,-0.08276,-0.10387,-0.98815,-0.85,1.13,0.17,-0.34366,-0.12028,-0.07251,-0.92853,-0.84,1.11,0.19,-0.52882,-0.11831,-0.10753,-0.83354,-0.83,1.09,0.2,-0.52882,-0.11831,-0.10753,-0.83354,-0.87,1.08,0.09,0.33216,-0.0742,-0.10743,-0.93414,-0.87,1.11,0.13,0.1218,-0.06757,-0.16312,-0.97672,-0.87,1.12,0.17,-0.33206,-0.1509,-0.15383,-0.91831,-0.86,1.1,0.19,-0.56334,-0.20786,-0.13321,-0.78848,-0.85,1.08,0.19,-0.56334,-0.20786,-0.13321,-0.78848,-0.88,1.07,0.09,0.274,-0.01146,-0.34265,-0.89854,-0.89,1.09,0.13,0.16234,-0.07838,-0.23922,-0.95408,-0.88,1.1,0.16,-0.26122,-0.161,-0.2562,-0.91663,-0.87,1.1,0.17,-0.47432,-0.2648,-0.21711,-0.81102,-0.86,1.08,0.18,-0.47432,-0.2648,-0.21711,-0.81102,-0.7,1.1,0.12,-0.33441,-0.18176,-0.12087,0.9168,-0.68,1.06,0.07,-0.33441,-0.18176,-0.12087,0.9168,-0.72,1.07,0.09,-0.44187,-0.25856,0.57328,0.63973,-0.75,1.08,0.11,-0.27714,-0.11528,0.54328,0.78406,-0.77,1.09,0.13,-0.20427,-0.10023,0.62542,0.74637,-0.78,1.1,0.16,-0.20427,-0.10023,0.62542,0.74637,-0.71,1.08,0.09,-0.33441,-0.18176,-0.12087,0.9168,-0.73,1.12,0.13,-0.04309,-0.24105,0.01099,0.96949,-0.75,1.12,0.16,0.36849,-0.2199,0.08512,0.89923,-0.75,1.1,0.18,0.53492,-0.17309,0.11836,0.81847,-0.76,1.09,0.19,0.53492,-0.17309,0.11836,0.81847,-0.7,1.08,0.1,-0.33441,-0.18176,-0.12087,0.9168,-0.71,1.12,0.14,-0.07092,-0.18944,-0.08816,0.97535,-0.72,1.13,0.18,0.38328,-0.21092,-0.00476,0.89921,-0.73,1.11,0.19,0.5997,-0.18917,-0.01719,0.77735,-0.74,1.09,0.2,0.5997,-0.18917,-0.01719,0.77735,-0.68,1.08,0.1,-0.33441,-0.18176,-0.12087,0.9168,-0.69,1.11,0.14,-0.05587,-0.16243,-0.15559,0.97277,-0.7,1.12,0.18,0.43219,-0.23338,-0.09564,0.86579,-0.72,1.1,0.19,0.67891,-0.26856,-0.04814,0.68164,-0.73,1.08,0.19,0.67891,-0.26856,-0.04814,0.68164,-0.67,1.07,0.11,-0.25234,-0.11873,-0.35042,0.89411,-0.68,1.1,0.15,-0.13108,-0.11632,-0.26335,0.94865,-0.68,1.11,0.17,0.39794,-0.23177,-0.2396,0.8547,-0.69,1.09,0.19,0.62682,-0.3339,-0.17463,0.682,-0.71,1.08,0.19,0.62682,-0.3339,-0.17463,0.682,-0.81,1.08,0.19
-0.8,1.46,-0.17,-0.8,1.46,-0.17,-0.85,1.1,0.11,0.32473,-0.07962,-0.11977,-0.93481,-0.86,1.06,0.06,0.32473,-0.07962,-0.11977,-0.93481,-0.83,1.07,0.08,0.42581,-0.19312,0.54212,-0.69821,-0.8,1.09,0.1,0.17684,-0.01009,0.50129,-0.84695,-0.8,1.1,0.13,0.03567,0.03097,0.57085,-0.8197,-0.8,1.1,0.16,0.03567,0.03097,0.57085,-0.8197,-0.84,1.08,0.08,0.32473,-0.07962,-0.11977,-0.93481,-0.83,1.12,0.13,2e-05,-0.10748,-0.04426,-0.99322,-0.82,1.12,0.16,-0.3925,-0.11968,-0.02412,-0.91161,-0.82,1.1,0.18,-0.54876,-0.09458,-0.00936,-0.83056,-0.81,1.08,0.19,-0.54876,-0.09458,-0.00936,-0.83056,-0.85,1.08,0.09,0.32473,-0.07962,-0.11977,-0.93481,-0.85,1.12,0.13,0.03978,-0.09339,-0.11199,-0.98851,-0.84,1.12,0.17,-0.37953,-0.13299,-0.07522,-0.91248,-0.84,1.1,0.19,-0.56411,-0.12908,-0.10676,-0.80853,-0.83,1.08,0.2,-0.56411,-0.12908,-0.10676,-0.80853,-0.87,1.07,0.09,0.32473,-0.07962,-0.11977,-0.93481,-0.87,1.11,0.13,0.08968,-0.07819,-0.17213,-0.97786,-0.87,1.11,0.17,-0.36313,-0.16338,-0.15728,-0.90372,-0.85,1.1,0.19,-0.59119,-0.22004,-0.13351,-0.76436,-0.84,1.08,0.19,-0.59119,-0.22004,-0.13351,-0.76436,-0.88,1.07,0.09,0.26394,-0.01531,-0.35359,-0.89726,-0.89,1.09,0.13,0.13942,-0.08614,-0.25042,-0.95417,-0.88,1.1,0.16,-0.286,-0.17191,-0.26216,-0.9055,-0.87,1.09,0.17,-0.49811,-0.27712,-0.22036,-0.79154,-0.86,1.08,0.18,-0.49811,-0.27712,-0.22036,-0.79154,-0.7,1.1,0.12,-0.35783,-0.17166,-0.12888,0.90878,-0.68,1.06,0.07,-0.35783,-0.17166,-0.12888,0.90878,-0.72,1.07,0.09,-0.45568,-0.23584,0.57122,0.64066,-0.75,1.08,0.11,-0.28981,-0.09338,0.53543,0.78779,-0.76,1.1,0.13,-0.19505,-0.06224,0.6174,0.75954,-0.77,1.1,0.16,-0.19505,-0.06224,0.6174,0.75954,-0.71,1.08,0.09,-0.35783,-0.17166,-0.12888,0.90878,-0.73,1.12,0.13,-0.0941,-0.21648,-0.01825,0.97157,-0.74,1.13,0.16,0.33277,-0.21041,0.05095,0.91782,-0.75,1.11,0.18,0.50886,-0.17007,0.08298,0.83979,-0.75,1.09,0.19,0.50886,-0.17007,0.08298,0.83979,-0.7,1.08,0.1,-0.35783,-0.17166,-0.12888,0.90878,-0.71,1.12,0.13,-0.09976,-0.17948,-0.10158,0.9734,-0.72,1.13,0.17,0.3552,-0.2085,-0.0215,0.91099,-0.73,1.11,0.19,0.57216,-0.19286,-0.03488,0.79638,-0.74,1.09,0.2,0.57216,-0.19286,-0.03488,0.79638,-0.68,1.08,0.1,-0.35783,-0.17166,-0.12888,0.90878,-0.69,1.11,0.14,-0.09208,-0.15593,-0.16854,0.96892,-0.7,1.12,0.18,0.39945,-0.23564,-0.10916,0.8792,-0.71,1.1,0.19,0.64951,-0.27585,-0.06022,0.70599,-0.72,1.08,0.19,0.64951,-0.27585,-0.06022,0.70599,-0.67,1.07,0.11,-0.27613,-0.11508,-0.35999,0.8837,-0.67,1.1,0.14,-0.18081,-0.10991,-0.27448,0.93802,-0.68,1.11,0.17,0.35975,-0.23888,-0.25011,0.86658,-0.69,1.1,0.18,0.59729,-0.34513,-0.17906,0.70147,-0.7,1.09,0.19,0.59729,-0.34513,-0.17906,0.70147,-0.81,1.08,0.19
-0.8,1.46,-0.17,-0.8,1.46,-0.17,-0.85,1.1,0.11,0.322,-0.08242,-0.13521,-0.9334,-0.86,1.06,0.06,0.322,-0.08242,-0.13521,-0.9334,-0.83,1.08,0.08,0.42807,-0.1939,0.53111,-0.70503,-0.8,1.09,0.1,0.17898,-0.01598,0.49033,-0.85281,-0.8,1.1,0.13,0.04627,0.01794,0.5623,-0.82544,-0.8,1.1,0.16,0.04627,0.01794,0.5623,-0.82544,-0.84,1.08,0.08,0.322,-0.08242,-0.13521,-0.9334,-0.83,1.12,0.13,-0.02204,-0.11343,-0.05729,-0.99165,-0.82,1.12,0.16,-0.41539,-0.12982,-0.03334,-0.89971,-0.82,1.1,0.18,-0.56797,-0.106,-0.01618,-0.81603,-0.81,1.08,0.19,-0.56797,-0.106,-0.01618,-0.81603,-0.85,1.08,0.09,0.322,-0.08242,-0.13521,-0.9334,-0.85,1.12,0.13,0.01946,-0.10183,-0.12458,-0.98678,-0.84,1.12,0.17,-0.40271,-0.14616,-0.08225,-0.89983,-0.84,1.1,0.19,-0.5928,-0.14234,-0.10971,-0.78504,-0.83,1.08,0.2,-0.5928,-0.14234,-0.10971,-0.78504,-0.87,1.07,0.09,0.322,-0.08242,-0.13521,-0.9334,-0.87,1.11,0.13,0.07645,-0.08537,-0.18578,-0.97589,-0.87,1.11,0.17,-0.3815,-0.17666,-0.16501,-0.8922,-0.85,1.1,0.19,-0.61287,-0.23508,-0.13606,-0.74203,-0.84,1.08,0.19,-0.61287,-0.23508,-0.13606,-0.74203,-0.88,1.07,0.09,0.25858,-0.01793,-0.36782,-0.89304,-0.89,1.09,0.13,0.12856,-0.09089,-0.2653,-0.95122,-0.88,1.1,0.16,-0.31497,-0.18737,-0.27002,-0.89038,-0.87,1.09,0.18,-0.53871,-0.29774,-0.21963,-0.75691,-0.86,1.08,0.18,-0.53871,-0.29774,-0.21963,-0.75691,-0.7,1.1,0.11,-0.35898,-0.17686,-0.13135,0.90698,-0.68,1.06,0.07,-0.35898,-0.17686,-0.13135,0.90698,-0.72,1.07,0.09,-0.4543,-0.23972,0.57431,0.63742,-0.75,1.08,0.11,-0.28406,-0.09278,0.54066,0.78638,-0.76,1.09,0.13,-0.17093,-0.04708,0.62189,0.76277,-0.77,1.1,0.16,-0.17093,-0.04708,0.62189,0.76277,-0.71,1.08,0.09,-0.35898,-0.17686,-0.13135,0.90698,-0.73,1.12,0.13,-0.08098,-0.21238,-0.02295,0.97355,-0.74,1.12,0.16,0.35763,-0.20775,0.04767,0.90921,-0.75,1.11,0.18,0.53359,-0.16771,0.08041,0.82504,-0.75,1.09,0.19,0.53359,-0.16771,0.08041,0.82504,-0.69,1.07,0.1,-0.35898,-0.17686,-0.13135,0.90698,-0.71,1.12,0.13,-0.09554,-0.18647,-0.10101,0.97257,-0.72,1.13,0.17,0.3552,-0.21434,-0.01862,0.90969,-0.73,1.11,0.19,0.56816,-0.19796,-0.03123,0.79814,-0.74,1.09,0.2,0.56816,-0.19796,-0.03123,0.79814,-0.68,1.07,0.1,-0.35898,-0.17686,-0.13135,0.90698,-0.69,1.11,0.14,-0.11774,-0.16165,-0.17123,0.96472,-0.7,1.12,0.17,0.37468,-0.24289,-0.10831,0.88819,-0.71,1.1,0.19,0.6258,-0.28318,-0.05757,0.72448,-0.72,1.08,0.19,0.6258,-0.28318,-0.05757,0.72448,-0.67,1.07,0.11,-0.27585,-0.12064,-0.36207,0.88219,-0.67,1.1,0.14,-0.2227,-0.11232,-0.27563,0.92834,-0.68,1.11,0.17,0.32529,-0.24652,-0.24832,0.87849,-0.69,1.1,0.18,0.57349,-0.35336,-0.17112,0.719,-0.7,1.09,0.19,0.57349,-0.35336,-0.17112,0.719,-0.81,1.08,0.19
-0.8,1.46,-0.17,-0.8,1.46,-0.17,-0.85,1.1,0.11,0.3144,-0.08665,-0.14756,-0.93374,-0.86,1.06,0.06,0.3144,-0.08665,-0.14756,-0.93374,-0.83,1.08,0.08,0.42583,-0.19994,0.52237,-0.71122,-0.8,1.09,0.1,0.1767,-0.02564,0.4834,-0.85699,-0.8,1.1,0.13,0.05102,0.00285,0.55747,-0.82862,-0.79,1.1,0.16,0.05102,0.00285,0.55747,-0.82862,-0.84,1.08,0.09,0.3144,-0.08665,-0.14756,-0.93374,-0.83,1.12,0.13,-0.03743,-0.12291,-0.06584,-0.98952,-0.82,1.12,0.17,-0.42977,-0.14154,-0.0373,-0.891,-0.82,1.1,0.18,-0.58104,-0.11818,-0.01755,-0.80506,-0.81,1.08,0.19,-0.58104,-0.11818,-0.01755,-0.80506,-0.85,1.08,0.09,0.3144,-0.08665,-0.14756,-0.93374,-0.85,1.12,0.13,0.00792,-0.11009,-0.13438,-0.98476,-0.84,1.12,0.17,-0.4147,-0.15788,-0.08719,-0.89191,-0.84,1.1,0.19,-0.61011,-0.15442,-0.11098,-0.76916,-0.83,1.08,0.2,-0.61011,-0.15442,-0.11098,-0.76916,-0.87,1.08,0.09,0.3144,-0.08665,-0.14756,-0.93374,-0.87,1.11,0.13,0.07057,-0.09058,-0.19707,-0.97364,-0.86,1.11,0.17,-0.39368,-0.18765,-0.17112,-0.88347,-0.85,1.1,0.19,-0.62984,-0.2478,-0.13709,-0.72326,-0.84,1.08,0.19,-0.62984,-0.2478,-0.13709,-0.72326,-0.88,1.07,0.09,0.24861,-0.02063,-0.3787,-0.89127,-0.89,1.09,0.13,0.12239,-0.09174,-0.27779,-0.94839,-0.88,1.1,0.16,-0.33837,-0.1988,-0.27719,-0.87701,-0.87,1.09,0.18,-0.57224,-0.31411,-0.21874,-0.72528,-0.86,1.08,0.18,-0.57224,-0.31411,-0.21874,-0.72528,-0.7,1.09,0.11,-0.34377,-0.18513,-0.13072,0.9113,-0.68,1.05,0.07,-0.34377,-0.18513,-0.13072,0.9113,-0.72,1.07,0.09,-0.43776,-0.25252,0.58168,0.63738,-0.75,1.08,0.11,-0.2649,-0.10004,0.55227,0.78411,-0.76,1.09,0.13,-0.1424,-0.04634,0.63289,0.75962,-0.77,1.09,0.16,-0.1424,-0.04634,0.63289,0.75962,-0.71,1.07,0.09,-0.34377,-0.18513,-0.13072,0.9113,-0.73,1.11,0.13,-0.01501,-0.21598,-0.01151,0.97622,-0.74,1.11,0.16,0.418,-0.20433,0.05908,0.8832,-0.75,1.1,0.18,0.58207,-0.16216,0.09152,0.79153,-0.75,1.08,0.18,0.58207,-0.16216,0.09152,0.79153,-0.69,1.07,0.1,-0.34377,-0.18513,-0.13072,0.9113,-0.71,1.11,0.13,-0.05442,-0.19971,-0.09021,0.97418,-0.72,1.12,0.17,0.38677,-0.22075,-0.00457,0.89535,-0.73,1.1,0.19,0.59133,-0.199,-0.01621,0.78132,-0.74,1.08,0.2,0.59133,-0.199,-0.01621,0.78132,-0.68,1.07,0.1,-0.34377,-0.18513,-0.13072,0.9113,-0.69,1.1,0.14,-0.11245,-0.17479,-0.16496,0.96415,-0.7,1.12,0.17,0.38184,-0.25124,-0.09589,0.88424,-0.71,1.1,0.19,0.63097,-0.28716,-0.04366,0.71938,-0.73,1.08,0.19,0.63097,-0.28716,-0.04366,0.71938,-0.67,1.07,0.11,-0.25942,-0.12488,-0.36006,0.88739,-0.67,1.09,0.14,-0.22162,-0.13033,-0.26821,0.92842,-0.68,1.11,0.17,0.33319,-0.25893,-0.23102,0.87668,-0.69,1.1,0.18,0.59234,-0.36146,-0.14614,0.70507,-0.7,1.08,0.18,0.59234,-0.36146,-0.14614,0.70507,-0.81,1.08,0.19
-0.8,1.46,-0.17,-0.8,1.46,-0.17,-0.85,1.1,0.11,0.30528,-0.09229,-0.16327,-0.93361,-0.86,1.06,0.06,0.30528,-0.09229,-0.16327,-0.93361,-0.83,1.08,0.08,0.42296,-0.20681,0.51171,-0.71867,-0.8,1.09,0.1,0.17548,-0.03777,0.47456,-0.86173,-0.8,1.1,0.13,0.0585,-0.01566,0.55101,-0.8323,-0.79,1.1,0.16,0.0585,-0.01566,0.55101,-0.8323,-0.84,1.08,0.09,0.30528,-0.09229,-0.16327,-0.93361,-0.83,1.12,0.13,-0.04264,-0.14045,-0.07413,-0.98639,-0.82,1.12,0.17,-0.42519,-0.16039,-0.03945,-0.8899,-0.81,1.1,0.18,-0.57485,-0.13715,-0.01683,-0.80651,-0.81,1.08,0.19,-0.57485,-0.13715,-0.01683,-0.80651,-0.85,1.08,0.09,0.30528,-0.09229,-0.16327,-0.93361,-0.85,1.12,0.13,0.01818,-0.11748,-0.14966,-0.98156,-0.84,1.12,0.17,-0.40087,-0.17086,-0.09842,-0.89466,-0.83,1.1,0.19,-0.59897,-0.17052,-0.11896,-0.77331,-0.82,1.08,0.2,-0.59897,-0.17052,-0.11896,-0.77331,-0.87,1.07,0.09,0.30528,-0.09229,-0.16327,-0.93361,-0.87,1.11,0.13,0.0882,-0.09211,-0.21398,-0.96848,-0.86,1.11,0.17,-0.37983,-0.19841,-0.18404,-0.88459,-0.85,1.1,0.19,-0.62011,-0.26255,-0.14502,-0.72491,-0.84,1.08,0.19,-0.62011,-0.26255,-0.14502,-0.72491,-0.88,1.07,0.09,0.23641,-0.02451,-0.39249,-0.88852,-0.88,1.09,0.13,0.14044,-0.08434,-0.29492,-0.94137,-0.88,1.1,0.16,-0.32474,-0.20341,-0.29452,-0.87546,-0.87,1.09,0.18,-0.56445,-0.32541,-0.23068,-0.72269,-0.86,1.08,0.18,-0.56445,-0.32541,-0.23068,-0.72269,-0.7,1.09,0.12,-0.32635,-0.18165,-0.1268,0.91892,-0.68,1.05,0.07,-0.32635,-0.18165,-0.1268,0.91892,-0.72,1.07,0.09,-0.40994,-0.25268,0.59489,0.6436,-0.75,1.07,0.11,-0.2358,-0.09326,0.56606,0.78439,-0.76,1.08,0.14,-0.11534,-0.04264,0.64432,0.7548,-0.77,1.09,0.16,-0.11534,-0.04264,0.64432,0.7548,-0.71,1.07,0.09,-0.32635,-0.18165,-0.1268,0.91892,-0.73,1.11,0.13,0.02548,-0.21289,-0.00322,0.97674,-0.74,1.11,0.16,0.39882,-0.20057,0.05226,0.8933,-0.75,1.09,0.18,0.53136,-0.16273,0.07605,0.82788,-0.75,1.07,0.19,0.53136,-0.16273,0.07605,0.82788,-0.69,1.07,0.1,-0.32635,-0.18165,-0.1268,0.91892,-0.71,1.11,0.14,-0.01517,-0.201,-0.07976,0.97622,-0.72,1.12,0.18,0.40934,-0.21682,0.00201,0.88624,-0.73,1.1,0.19,0.60035,-0.19281,-0.0119,0.77605,-0.74,1.07,0.2,0.60035,-0.19281,-0.0119,0.77605,-0.68,1.07,0.1,-0.32635,-0.18165,-0.1268,0.91892,-0.69,1.1,0.14,-0.09107,-0.17527,-0.15748,0.96757,-0.7,1.11,0.18,0.40295,-0.24719,-0.08941,0.87666,-0.71,1.09,0.19,0.64609,-0.28078,-0.04006,0.70861,-0.73,1.07,0.19,0.64609,-0.28078,-0.04006,0.70861,-0.67,1.07,0.11,-0.24369,-0.11677,-0.35548,0.89477,-0.67,1.09,0.15,-0.20463,-0.13746,-0.25904,0.93388,-0.68,1.1,0.17,0.34951,-0.25818,-0.21999,0.87338,-0.69,1.09,0.18,0.61129,-0.35762,-0.13485,0.693,-0.7,1.08,0.19,0.61129,-0.35762,-0.13485,0.693,-0.81,1.08,0.19
-0.79,1.46,-0.17,-0.79,1.46,-0.17,-0.86,1.1,0.11,0.28932,-0.08623,-0.1806,-0.93608,-0.86,1.06,0.06,0.28932,-0.08623,-0.1806,-0.93608,-0.83,1.08,0.09,0.40772,-0.20995,0.50157,-0.73356,-0.8,1.09,0.1,0.15818,-0.04351,0.46511,-0.86992,-0.8,1.1,0.14,0.04591,-0.02702,0.54229,-0.8385,-0.79,1.1,0.16,0.04591,-0.02702,0.54229,-0.8385,-0.84,1.08,0.09,0.28932,-0.08623,-0.1806,-0.93608,-0.83,1.12,0.13,-0.0329,-0.15045,-0.08919,-0.98404,-0.82,1.12,0.17,-0.38906,-0.17413,-0.05457,-0.90296,-0.81,1.1,0.18,-0.53978,-0.15348,-0.0309,-0.82712,-0.81,1.08,0.19,-0.53978,-0.15348,-0.0309,-0.82712,-0.86,1.08,0.09,0.28932,-0.08623,-0.1806,-0.93608,-0.86,1.12,0.13,0.04886,-0.10768,-0.1736,-0.97769,-0.85,1.12,0.18,-0.36635,-0.17184,-0.12511,-0.90587,-0.84,1.1,0.19,-0.56966,-0.17994,-0.14487,-0.78875,-0.83,1.08,0.2,-0.56966,-0.17994,-0.14487,-0.78875,-0.87,1.07,0.09,0.28932,-0.08623,-0.1806,-0.93608,-0.87,1.1,0.14,0.1233,-0.07307,-0.23758,-0.96074,-0.87,1.11,0.17,-0.35366,-0.19628,-0.21116,-0.88984,-0.86,1.1,0.19,-0.60072,-0.26989,-0.1695,-0.73319,-0.84,1.08,0.2,-0.60072,-0.26989,-0.1695,-0.73319,-0.88,1.07,0.1,0.21974,-0.01531,-0.40766,-0.88617,-0.89,1.09,0.14,0.16613,-0.05667,-0.31524,-0.93264,-0.89,1.1,0.16,-0.30361,-0.19307,-0.32388,-0.87501,-0.87,1.09,0.18,-0.55382,-0.32803,-0.25645,-0.72105,-0.86,1.08,0.18,-0.55382,-0.32803,-0.25645,-0.72105,-0.7,1.09,0.12,-0.32915,-0.17687,-0.11664,0.9202,-0.68,1.05,0.07,-0.32915,-0.17687,-0.11664,0.9202,-0.72,1.07,0.09,-0.40783,-0.24683,0.60177,0.6408,-0.75,1.07,0.11,-0.23475,-0.08542,0.5716,0.78158,-0.76,1.08,0.14,-0.12246,-0.04153,0.64883,0.74986,-0.77,1.09,0.16,-0.12246,-0.04153,0.64883,0.74986,-0.71,1.07,0.09,-0.32915,-0.17687,-0.11664,0.9202,-0.73,1.11,0.13,0.02947,-0.20815,0.00901,0.97761,-0.74,1.11,0.17,0.36967,-0.19357,0.0546,0.90714,-0.75,1.09,0.18,0.48296,-0.15725,0.07197,0.85839,-0.76,1.08,0.19,0.48296,-0.15725,0.07197,0.85839,-0.7,1.07,0.1,-0.32915,-0.17687,-0.11664,0.9202,-0.71,1.11,0.14,-0.01286,-0.19655,-0.06852,0.97801,-0.72,1.12,0.18,0.39735,-0.20809,0.00679,0.89374,-0.73,1.1,0.19,0.58068,-0.18464,-0.01066,0.79285,-0.74,1.07,0.2,0.58068,-0.18464,-0.01066,0.79285,-0.68,1.07,0.1,-0.32915,-0.17687,-0.11664,0.9202,-0.69,1.1,0.14,-0.09132,-0.16961,-0.14796,0.97005,-0.7,1.11,0.18,0.39943,-0.23725,-0.08511,0.88143,-0.71,1.1,0.19,0.63851,-0.27029,-0.04051,0.71944,-0.72,1.07,0.2,0.63851,-0.27029,-0.04051,0.71944,-0.67,1.07,0.11,-0.2488,-0.11235,-0.34638,0.89749,-0.67,1.09,0.15,-0.206,-0.1332,-0.24954,0.93678,-0.68,1.1,0.17,0.34554,-0.24866,-0.21553,0.87882,-0.69,1.09,0.19,0.60579,-0.34684,-0.13533,0.70314,-0.7,1.08,0.19,0.60579,-0.34684,-0.13533,0.70314,-0.81,1.08,0.19
-0.79,1.46,-0.17,-0.79,1.46,-0.17,-0.85,1.1,0.11,0.28542,-0.08271,-0.20065,-0.93351,-0.86,1.06,0.06,0.28542,-0.08271,-0.20065,-0.93351,-0.83,1.08,0.08,0.40306,-0.20546,0.49074,-0.74465,-0.8,1.09,0.1,0.14977,-0.04161,0.45283,-0.87794,-0.8,1.1,0.14,0.03829,-0.02816,0.53019,-0.84655,-0.79,1.1,0.16,0.03829,-0.02816,0.53019,-0.84655,-0.84,1.08,0.09,0.28542,-0.08271,-0.20065,-0.93351,-0.83,1.12,0.13,-0.02144,-0.15849,-0.10794,-0.98121,-0.82,1.12,0.17,-0.37238,-0.18828,-0.07013,-0.90607,-0.81,1.1,0.18,-0.52464,-0.17026,-0.04423,-0.83295,-0.81,1.08,0.19,-0.52464,-0.17026,-0.04423,-0.83295,-0.85,1.08,0.09,0.28542,-0.08271,-0.20065,-0.93351,-0.86,1.12,0.13,0.06516,-0.10356,-0.19687,-0.97277,-0.85,1.12,0.18,-0.3536,-0.17873,-0.14708,-0.90631,-0.84,1.11,0.19,-0.56555,-0.19349,-0.16344,-0.78486,-0.82,1.09,0.2,-0.56555,-0.19349,-0.16344,-0.78486,-0.87,1.07,0.09,0.28542,-0.08271,-0.20065,-0.93351,-0.87,1.1,0.14,0.14813,-0.06146,-0.26102,-0.95192,-0.87,1.11,0.17,-0.34016,-0.20167,-0.2339,-0.88821,-0.86,1.1,0.19,-0.59347,-0.28331,-0.18714,-0.72973,-0.84,1.08,0.19,-0.59347,-0.28331,-0.18714,-0.72973,-0.88,1.07,0.09,0.21392,-0.01182,-0.42605,-0.87897,-0.88,1.09,0.13,0.18669,-0.04041,-0.33601,-0.92229,-0.89,1.1,0.16,-0.28592,-0.19263,-0.34835,-0.87166,-0.88,1.09,0.18,-0.543,-0.3381,-0.27557,-0.71757,-0.86,1.08,0.18,-0.543,-0.3381,-0.27557,-0.71757,-0.7,1.09,0.12,-0.33849,-0.17822,-0.10877,0.91751,-0.68,1.05,0.07,-0.33849,-0.17822,-0.10877,0.91751,-0.72,1.07,0.09,-0.41293,-0.24082,0.60836,0.63355,-0.75,1.07,0.11,-0.24199,-0.07844,0.5768,0.77627,-0.76,1.08,0.14,-0.1349,-0.03792,0.65334,0.74398,-0.77,1.09,0.16,-0.1349,-0.03792,0.65334,0.74398,-0.71,1.07,0.09,-0.33849,-0.17822,-0.10877,0.91751,-0.73,1.11,0.13,0.02614,-0.21043,0.02243,0.977,-0.74,1.11,0.17,0.35788,-0.1918,0.06618,0.91146,-0.75,1.09,0.18,0.46615,-0.15458,0.0818,0.86725,-0.76,1.08,0.19,0.46615,-0.15458,0.0818,0.86725,-0.7,1.07,0.1,-0.33849,-0.17822,-0.10877,0.91751,-0.71,1.11,0.14,-0.01532,-0.19743,-0.05802,0.97848,-0.72,1.12,0.18,0.39102,-0.20464,0.01573,0.8972,-0.73,1.1,0.19,0.57292,-0.18004,-0.00304,0.79959,-0.74,1.08,0.2,0.57292,-0.18004,-0.00304,0.79959,-0.68,1.07,0.1,-0.33849,-0.17822,-0.10877,0.91751,-0.69,1.11,0.14,-0.0953,-0.17048,-0.13937,0.97079,-0.7,1.11,0.18,0.39338,-0.23375,-0.07792,0.88574,-0.71,1.1,0.19,0.63225,-0.26514,-0.03508,0.72714,-0.72,1.08,0.2,0.63225,-0.26514,-0.03508,0.72714,-0.67,1.07,0.11,-0.25871,-0.11583,-0.33949,0.89688,-0.67,1.09,0.15,-0.21033,-0.13572,-0.24213,0.9374,-0.68,1.11,0.17,0.33924,-0.24645,-0.20879,0.88351,-0.69,1.1,0.18,0.59803,-0.34221,-0.13098,0.71281,-0.7,1.08,0.19,0.59803,-0.34221,-0.13098,0.71281,-0.81,1.08,0.19
-0.79,1.46,-0.17,-0.79,1.46,-0.17,-0.85,1.1,0.11,0.29139,-0.0891,-0.22081,-0.9265,-0.86,1.06,0.06,0.29139,-0.0891,-0.22081,-0.9265,-0.83,1.08,0.08,0.41349,-0.20081,0.47752,-0.74878,-0.8,1.1,0.1,0.15774,-0.04182,0.43817,-0.88396,-0.8,1.1,0.13,0.04605,-0.02938,0.51657,-0.8545,-0.79,1.11,0.16,0.04605,-0.02938,0.51657,-0.8545,-0.84,1.08,0.08,0.29139,-0.0891,-0.22081,-0.9265,-0.83,1.12,0.13,-0.01584,-0.16989,-0.12514,-0.97736,-0.82,1.12,0.16,-0.36831,-0.20539,-0.08152,-0.90306,-0.81,1.11,0.18,-0.52028,-0.18915,-0.05271,-0.83111,-0.8,1.09,0.19,-0.52028,-0.18915,-0.05271,-0.83111,-0.85,1.08,0.09,0.29139,-0.0891,-0.22081,-0.9265,-0.86,1.12,0.13,0.05445,-0.11792,-0.21323,-0.96833,-0.85,1.12,0.17,-0.37716,-0.20119,-0.15233,-0.89111,-0.83,1.11,0.19,-0.59486,-0.21596,-0.16096,-0.75736,-0.82,1.09,0.2,-0.59486,-0.21596,-0.16096,-0.75736,-0.87,1.07,0.09,0.29139,-0.0891,-0.22081,-0.9265,-0.87,1.1,0.13,0.14558,-0.07276,-0.27972,-0.94619,-0.87,1.12,0.17,-0.35268,-0.22397,-0.24139,-0.87589,-0.85,1.1,0.19,-0.60869,-0.30753,-0.18517,-0.70756,-0.84,1.08,0.19,-0.60869,-0.30753,-0.18517,-0.70756,-0.88,1.07,0.09,0.21567,-0.0206,-0.44484,-0.86901,-0.88,1.09,0.13,0.18813,-0.05021,-0.35516,-0.9143,-0.88,1.1,0.16,-0.29067,-0.21407,-0.35813,-0.86106,-0.87,1.09,0.18,-0.55031,-0.36346,-0.27473,-0.6997,-0.85,1.08,0.18,-0.55031,-0.36346,-0.27473,-0.6997,-0.7,1.09,0.12,-0.34079,-0.17798,-0.10971,0.9166,-0.68,1.05,0.07,-0.34079,-0.17798,-0.10971,0.9166,-0.72,1.07,0.09,-0.41486,-0.23824,0.60788,0.63373,-0.75,1.07,0.11,-0.24421,-0.0764,0.57552,0.77672,-0.76,1.08,0.14,-0.13918,-0.03779,0.65209,0.7443,-0.77,1.09,0.16,-0.13918,-0.03779,0.65209,0.7443,-0.71,1.07,0.09,-0.34079,-0.17798,-0.10971,0.9166,-0.73,1.11,0.13,0.02762,-0.21198,0.02393,0.97659,-0.74,1.11,0.17,0.35844,-0.19277,0.06797,0.9109,-0.75,1.1,0.18,0.46629,-0.15536,0.08365,0.86686,-0.76,1.08,0.19,0.46629,-0.15536,0.08365,0.86686,-0.7,1.07,0.1,-0.34079,-0.17798,-0.10971,0.9166,-0.71,1.12,0.14,-0.01451,-0.19817,-0.05799,0.97834,-0.72,1.12,0.18,0.3912,-0.2053,0.01594,0.89697,-0.73,1.1,0.19,0.5737,-0.18059,-0.00262,0.7989,-0.74,1.08,0.2,0.5737,-0.18059,-0.00262,0.7989,-0.68,1.07,0.1,-0.34079,-0.17798,-0.10971,0.9166,-0.69,1.11,0.14,-0.0957,-0.17055,-0.14028,0.97061,-0.7,1.12,0.18,0.39277,-0.23426,-0.07871,0.88581,-0.71,1.1,0.19,0.63224,-0.26585,-0.0355,0.72687,-0.72,1.08,0.2,0.63224,-0.26585,-0.0355,0.72687,-0.67,1.07,0.11,-0.26087,-0.11622,-0.34054,0.89581,-0.67,1.09,0.15,-0.21062,-0.13523,-0.24346,0.93706,-0.68,1.11,0.17,0.33907,-0.24684,-0.21008,0.88316,-0.69,1.1,0.18,0.59786,-0.34301,-0.132,0.71238,-0.7,1.08,0.19,0.59786,-0.34301,-0.132,0.71238,-0.81,1.08,0.19
-0.79,1.46,-0.17,-0.79,1.46,-0.17,-0.85,1.1,0.11,0.31522,-0.10309,-0.23287,-0.91421,-0.86,1.06,0.06,0.31522,-0.10309,-0.23287,-0.91421,-0.83,1.08,0.08,0.43786,-0.1892,0.47301,-0.74078,-0.8,1.1,0.1,0.18229,-0.03368,0.43008,-0.88355,-0.8,1.11,0.13,0.06941,-0.01972,0.50891,-0.85779,-0.79,1.11,0.15,0.06941,-0.01972,0.50891,-0.85779,-0.84,1.09,0.08,0.31522,-0.10309,-0.23287,-0.91421,-0.83,1.13,0.13,-0.05137,-0.18693,-0.1232,-0.97326,-0.82,1.12,0.16,-0.42371,-0.22155,-0.06772,-0.87567,-0.81,1.11,0.17,-0.56686,-0.20223,-0.03559,-0.79781,-0.8,1.09,0.18,-0.56686,-0.20223,-0.03559,-0.79781,-0.85,1.08,0.08,0.31522,-0.10309,-0.23287,-0.91421,-0.86,1.12,0.13,-0.0254,-0.16082,-0.20367,-0.96541,-0.84,1.12,0.17,-0.46559,-0.23699,-0.12017,-0.84417,-0.83,1.1,0.18,-0.67795,-0.23684,-0.11735,-0.68594,-0.82,1.08,0.18,-0.67795,-0.23684,-0.11735,-0.68594,-0.87,1.08,0.09,0.31522,-0.10309,-0.23287,-0.91421,-0.87,1.11,0.13,0.08305,-0.11795,-0.27961,-0.94922,-0.86,1.12,0.17,-0.42316,-0.26351,-0.21566,-0.83963,-0.85,1.1,0.18,-0.67117,-0.33527,-0.14725,-0.64454,-0.83,1.08,0.18,-0.67117,-0.33527,-0.14725,-0.64454,-0.88,1.07,0.09,0.23438,-0.04102,-0.45705,-0.85702,-0.88,1.09,0.13,0.17756,-0.08574,-0.36455,-0.91007,-0.88,1.1,0.16,-0.3251,-0.25825,-0.34241,-0.84284,-0.87,1.09,0.17,-0.58554,-0.40149,-0.2419,-0.66139,-0.85,1.08,0.18,-0.58554,-0.40149,-0.2419,-0.66139,-0.7,1.09,0.12,-0.33645,-0.17846,-0.11189,0.91784,-0.68,1.06,0.07,-0.33645,-0.17846,-0.11189,0.91784,-0.72,1.07,0.09,-0.41344,-0.24503,0.60483,0.63498,-0.75,1.07,0.11,-0.24696,-0.08747,0.57339,0.77626,-0.76,1.08,0.14,-0.15467,-0.05876,0.65134,0.74053,-0.77,1.09,0.16,-0.15467,-0.05876,0.65134,0.74053,-0.71,1.07,0.09,-0.33645,-0.17846,-0.11189,0.91784,-0.73,1.11,0.13,-0.00396,-0.2146,0.01337,0.9766,-0.74,1.11,0.17,0.32122,-0.20007,0.05731,0.92385,-0.75,1.1,0.18,0.43138,-0.16419,0.07286,0.88411,-0.76,1.08,0.2,0.43138,-0.16419,0.07286,0.88411,-0.7,1.07,0.1,-0.33645,-0.17846,-0.11189,0.91784,-0.71,1.11,0.14,-0.02165,-0.19776,-0.06291,0.97799,-0.72,1.12,0.18,0.3829,-0.20706,0.01092,0.90022,-0.73,1.1,0.19,0.568,-0.18375,-0.00708,0.80222,-0.74,1.08,0.2,0.568,-0.18375,-0.00708,0.80222,-0.68,1.07,0.1,-0.33645,-0.17846,-0.11189,0.91784,-0.69,1.11,0.14,-0.09751,-0.16808,-0.1446,0.97022,-0.7,1.11,0.18,0.39038,-0.23422,-0.08375,0.88641,-0.71,1.1,0.19,0.63133,-0.26731,-0.0399,0.72689,-0.72,1.08,0.2,0.63133,-0.26731,-0.0399,0.72689,-0.67,1.07,0.11,-0.25624,-0.11565,-0.34229,0.89655,-0.67,1.09,0.15,-0.21081,-0.13046,-0.24694,0.93678,-0.68,1.11,0.17,0.34053,-0.24518,-0.21506,0.88186,-0.69,1.1,0.19,0.60092,-0.34336,-0.13631,0.70881,-0.7,1.08,0.19,0.60092,-0.34336,-0.13631,0.70881,-0.81,1.08,0.19
-0.79,1.46,-0.17,-0.79,1.46,-0.17,-0.85,1.1,0.11,0.33824,-0.10518,-0.20142,-0.91321,-0.86,1.06,0.06,0.33824,-0.10518,-0.20142,-0.91321,-0.83,1.08,0.08,0.44075,-0.18187,0.50705,-0.71803,-0.8,1.1,0.1,0.18765,-0.01351,0.46215,-0.86661,-0.8,1.11,0.13,0.05781,0.01461,0.53603,-0.84209,-0.8,1.11,0.15,0.05781,0.01461,0.53603,-0.84209,-0.84,1.09,0.08,0.33824,-0.10518,-0.20142,-0.91321,-0.83,1.13,0.12,-0.07536,-0.17668,-0.08633,-0.97757,-0.82,1.12,0.16,-0.45773,-0.19784,-0.03539,-0.86608,-0.81,1.1,0.17,-0.59644,-0.17316,-0.00696,-0.78373,-0.8,1.08,0.18,-0.59644,-0.17316,-0.00696,-0.78373,-0.85,1.08,0.08,0.33824,-0.10518,-0.20142,-0.91321,-0.85,1.12,0.13,-0.04215,-0.16293,-0.1643,-0.97195,-0.84,1.12,0.17,-0.49195,-0.22149,-0.08211,-0.83797,-0.83,1.1,0.18,-0.71207,-0.21063,-0.08213,-0.66471,-0.82,1.08,0.18,-0.71207,-0.21063,-0.08213,-0.66471,-0.87,1.08,0.09,0.33824,-0.10518,-0.20142,-0.91321,-0.87,1.11,0.13,0.07455,-0.12394,-0.24496,-0.95868,-0.86,1.12,0.17,-0.44509,-0.25224,-0.18104,-0.83994,-0.85,1.1,0.18,-0.70483,-0.31413,-0.11395,-0.62575,-0.83,1.08,0.18,-0.70483,-0.31413,-0.11395,-0.62575,-0.88,1.07,0.09,0.26067,-0.04737,-0.4296,-0.86328,-0.88,1.09,0.13,0.18698,-0.09248,-0.33493,-0.91886,-0.88,1.11,0.16,-0.35252,-0.26009,-0.30668,-0.845,-0.87,1.1,0.17,-0.63277,-0.39582,-0.19856,-0.63522,-0.85,1.08,0.17,-0.63277,-0.39582,-0.19856,-0.63522,-0.7,1.09,0.12,-0.31055,-0.18717,-0.10726,0.92575,-0.68,1.06,0.07,-0.31055,-0.18717,-0.10726,0.92575,-0.72,1.07,0.09,-0.41035,-0.2798,0.59207,0.63465,-0.75,1.07,0.11,-0.24857,-0.13,0.56816,0.77364,-0.77,1.08,0.14,-0.17862,-0.11689,0.64851,0.73066,-0.78,1.08,0.16,-0.17862,-0.11689,0.64851,0.73066,-0.71,1.07,0.1,-0.31055,-0.18717,-0.10726,0.92575,-0.73,1.11,0.13,-0.09233,-0.22997,-0.00579,0.96879,-0.75,1.12,0.17,0.19439,-0.22485,0.03479,0.95417,-0.76,1.11,0.19,0.30223,-0.19326,0.04813,0.9322,-0.77,1.1,0.2,0.30223,-0.19326,0.04813,0.9322,-0.7,1.07,0.1,-0.31055,-0.18717,-0.10726,0.92575,-0.71,1.11,0.14,-0.09151,-0.19269,-0.07888,0.97379,-0.73,1.12,0.18,0.30035,-0.20974,-0.00944,0.93044,-0.74,1.11,0.2,0.49005,-0.19593,-0.02809,0.84892,-0.75,1.09,0.21,0.49005,-0.19593,-0.02809,0.84892,-0.68,1.07,0.11,-0.31055,-0.18717,-0.10726,0.92575,-0.69,1.1,0.15,-0.15295,-0.15247,-0.15599,0.96386,-0.7,1.12,0.18,0.32474,-0.22696,-0.10327,0.91234,-0.72,1.1,0.2,0.56983,-0.26783,-0.06066,0.77452,-0.73,1.08,0.2,0.56983,-0.26783,-0.06066,0.77452,-0.67,1.07,0.11,-0.22987,-0.11753,-0.33565,0.90592,-0.68,1.09,0.15,-0.24854,-0.10573,-0.24811,0.93032,-0.68,1.11,0.17,0.28313,-0.22329,-0.2335,0.90303,-0.69,1.1,0.19,0.54419,-0.32812,-0.16157,0.75504,-0.7,1.08,0.19,0.54419,-0.32812,-0.16157,0.75504,-0.81,1.08,0.19
-0.79,1.46,-0.17,-0.79,1.46,-0.17,-0.85,1.1,0.11,0.34805,-0.0962,-0.19523,-0.91186,-0.86,1.06,0.06,0.34805,-0.0962,-0.19523,-0.91186,-0.83,1.08,0.08,0.43701,-0.17538,0.51809,-0.71403,-0.8,1.1,0.1,0.18213,-0.0013,0.47122,-0.86301,-0.8,1.11,0.13,0.03648,0.03712,0.54112,-0.83934,-0.8,1.11,0.16,0.03648,0.03712,0.54112,-0.83934,-0.84,1.09,0.08,0.34805,-0.0962,-0.19523,-0.91186,-0.83,1.13,0.12,-0.10289,-0.16952,-0.07606,-0.97718,-0.82,1.12,0.16,-0.48724,-0.18667,-0.02786,-0.85263,-0.81,1.1,0.17,-0.62451,-0.16075,-8e-05,-0.7643,-0.81,1.08,0.17,-0.62451,-0.16075,-8e-05,-0.7643,-0.85,1.08,0.08,0.34805,-0.0962,-0.19523,-0.91186,-0.86,1.12,0.13,-0.05181,-0.15972,-0.1553,-0.97349,-0.84,1.12,0.17,-0.51649,-0.21567,-0.07175,-0.82558,-0.83,1.1,0.18,-0.75532,-0.20037,-0.06822,-0.62024,-0.82,1.08,0.17,-0.75532,-0.20037,-0.06822,-0.62024,-0.87,1.08,0.09,0.34805,-0.0962,-0.19523,-0.91186,-0.87,1.11,0.13,0.0772,-0.11881,-0.23922,-0.96057,-0.86,1.12,0.17,-0.47063,-0.25027,-0.1716,-0.82851,-0.85,1.1,0.18,-0.75116,-0.31007,-0.09509,-0.57495,-0.84,1.08,0.17,-0.75116,-0.31007,-0.09509,-0.57495,-0.88,1.07,0.09,0.27291,-0.04078,-0.42486,-0.86218,-0.88,1.09,0.13,0.19349,-0.08289,-0.33169,-0.9196,-0.88,1.11,0.16,-0.38865,-0.26498,-0.29846,-0.83046,-0.87,1.1,0.17,-0.69458,-0.4049,-0.17007,-0.56982,-0.85,1.08,0.16,-0.69458,-0.4049,-0.17007,-0.56982,-0.71,1.09,0.12,-0.27438,-0.19488,-0.0814,0.93814,-0.68,1.06,0.07,-0.27438,-0.19488,-0.0814,0.93814,-0.73,1.07,0.09,-0.41225,-0.3069,0.57389,0.63759,-0.75,1.07,0.11,-0.2502,-0.16326,0.55581,0.77577,-0.77,1.08,0.13,-0.19096,-0.15694,0.63761,0.72963,-0.78,1.08,0.15,-0.19096,-0.15694,0.63761,0.72963,-0.72,1.07,0.09,-0.27438,-0.19488,-0.0814,0.93814,-0.74,1.11,0.14,-0.02813,-0.26698,0.04752,0.96212,-0.76,1.11,0.17,0.26149,-0.2427,0.09829,0.92901,-0.77,1.09,0.18,0.36858,-0.20296,0.11616,0.8997,-0.77,1.08,0.2,0.36858,-0.20296,0.11616,0.8997,-0.7,1.07,0.1,-0.27438,-0.19488,-0.0814,0.93814,-0.72,1.11,0.14,-0.13659,-0.17906,-0.07216,0.97164,-0.73,1.12,0.18,0.24373,-0.19501,-0.01143,0.94997,-0.74,1.11,0.2,0.43559,-0.1856,-0.03392,0.88015,-0.75,1.09,0.22,0.43559,-0.1856,-0.03392,0.88015,-0.68,1.07,0.1,-0.27438,-0.19488,-0.0814,0.93814,-0.7,1.1,0.15,-0.22904,-0.11982,-0.15016,0.95427,-0.7,1.12,0.18,0.2432,-0.19749,-0.11379,0.94282,-0.72,1.11,0.2,0.49126,-0.2445,-0.07894,0.83226,-0.73,1.09,0.21,0.49126,-0.2445,-0.07894,0.83226,-0.68,1.07,0.11,-0.19666,-0.11529,-0.30797,0.92368,-0.68,1.09,0.15,-0.29261,-0.05081,-0.22748,0.92739,-0.68,1.11,0.17,0.19488,-0.15803,-0.25069,0.93499,-0.69,1.1,0.19,0.44542,-0.26789,-0.20134,0.83024,-0.7,1.09,0.2,0.44542,-0.26789,-0.20134,0.83024,-0.81,1.08,0.19
-0.79,1.46,-0.17,-0.79,1.46,-0.17,-0.85,1.1,0.11,0.35131,-0.09093,-0.20036,-0.91004,-0.86,1.06,0.06,0.35131,-0.09093,-0.20036,-0.91004,-0.83,1.08,0.08,0.43722,-0.17272,0.51576,-0.71624,-0.8,1.1,0.1,0.18109,0.00086,0.46801,-0.86497,-0.8,1.11,0.13,0.02944,0.04228,0.537,-0.84201,-0.8,1.11,0.16,0.02944,0.04228,0.537,-0.84201,-0.84,1.09,0.08,0.35131,-0.09093,-0.20036,-0.91004,-0.83,1.13,0.12,-0.10301,-0.16948,-0.08004,-0.97686,-0.82,1.12,0.16,-0.48652,-0.18819,-0.03167,-0.85257,-0.81,1.1,0.17,-0.62646,-0.16294,-0.00301,-0.76222,-0.81,1.08,0.17,-0.62646,-0.16294,-0.00301,-0.76222,-0.85,1.08,0.09,0.35131,-0.09093,-0.20036,-0.91004,-0.86,1.13,0.13,-0.05727,-0.1622,-0.15719,-0.97247,-0.84,1.12,0.17,-0.52278,-0.21886,-0.07169,-0.82077,-0.83,1.1,0.18,-0.77056,-0.20272,-0.06454,-0.60082,-0.82,1.08,0.17,-0.77056,-0.20272,-0.06454,-0.60082,-0.87,1.08,0.09,0.35131,-0.09093,-0.20036,-0.91004,-0.87,1.11,0.13,0.07773,-0.1187,-0.24359,-0.95944,-0.86,1.12,0.17,-0.47851,-0.25439,-0.17268,-0.82249,-0.85,1.1,0.18,-0.76836,-0.31464,-0.08894,-0.55019,-0.84,1.08,0.17,-0.76836,-0.31464,-0.08894,-0.55019,-0.88,1.07,0.09,0.27647,-0.03671,-0.43,-0.85867,-0.88,1.09,0.13,0.1963,-0.0767,-0.3384,-0.9171,-0.88,1.11,0.16,-0.39582,-0.26803,-0.30422,-0.82398,-0.87,1.1,0.17,-0.71093,-0.41297,-0.16554,-0.54464,-0.85,1.08,0.16,-0.71093,-0.41297,-0.16554,-0.54464,-0.71,1.09,0.12,-0.24725,-0.18626,-0.07662,0.94779,-0.68,1.06,0.07,-0.24725,-0.18626,-0.07662,0.94779,-0.73,1.07,0.09,-0.43498,-0.29143,0.52497,0.67102,-0.75,1.07,0.11,-0.27598,-0.1685,0.49748,0.80496,-0.77,1.08,0.13,-0.23789,-0.17857,0.58106,0.75755,-0.78,1.09,0.15,-0.23789,-0.17857,0.58106,0.75755,-0.72,1.07,0.09,-0.24725,-0.18626,-0.07662,0.94779,-0.74,1.1,0.14,0.02599,-0.27973,0.06852,0.95728,-0.76,1.1,0.17,0.32761,-0.24522,0.12641,0.90363,-0.77,1.08,0.19,0.4512,-0.19836,0.1516,0.85679,-0.77,1.07,0.2,0.4512,-0.19836,0.1516,0.85679,-0.7,1.07,0.1,-0.24725,-0.18626,-0.07662,0.94779,-0.72,1.11,0.14,-0.12828,-0.16158,-0.07364,0.97571,-0.73,1.12,0.18,0.26762,-0.17956,-0.01669,0.9465,-0.74,1.1,0.2,0.46527,-0.16997,-0.04129,0.86771,-0.75,1.08,0.22,0.46527,-0.16997,-0.04129,0.86771,-0.68,1.07,0.1,-0.24725,-0.18626,-0.07662,0.94779,-0.7,1.1,0.15,-0.20368,-0.09882,-0.14585,0.96306,-0.7,1.11,0.18,0.27493,-0.1767,-0.11942,0.93751,-0.71,1.1,0.2,0.5197,-0.22534,-0.09089,0.81907,-0.72,1.08,0.21,0.5197,-0.22534,-0.09089,0.81907,-0.68,1.07,0.11,-0.17268,-0.09989,-0.30168,0.9323,-0.68,1.09,0.15,-0.26143,-0.00934,-0.22044,0.93967,-0.68,1.1,0.18,0.20813,-0.11125,-0.26595,0.93465,-0.68,1.09,0.19,0.44814,-0.2253,-0.23218,0.83337,-0.7,1.08,0.2,0.44814,-0.2253,-0.23218,0.83337,-0.81,1.08,0.19
-0.79,1.46,-0.17,-0.79,1.46,-0.17,-0.85,1.1,0.11,0.33686,-0.07528,-0.19502,-0.91805,-0.86,1.06,0.06,0.33686,-0.07528,-0.19502,-0.91805,-0.83,1.08,0.09,0.41985,-0.17636,0.51706,-0.72476,-0.8,1.1,0.1,0.16179,-0.00047,0.47043,-0.86748,-0.8,1.1,0.14,0.01426,0.037,0.53939,-0.84112,-0.8,1.11,0.16,0.01426,0.037,0.53939,-0.84112,-0.84,1.08,0.09,0.33686,-0.07528,-0.19502,-0.91805,-0.83,1.13,0.13,-0.09513,-0.15449,-0.08453,-0.97976,-0.82,1.12,0.16,-0.44537,-0.17458,-0.04888,-0.8768,-0.81,1.1,0.18,-0.57976,-0.15208,-0.02582,-0.80005,-0.81,1.08,0.18,-0.57976,-0.15208,-0.02582,-0.80005,-0.85,1.08,0.09,0.33686,-0.07528,-0.19502,-0.91805,-0.86,1.12,0.13,-0.04046,-0.14145,-0.16261,-0.97566,-0.84,1.12,0.17,-0.46593,-0.19889,-0.09674,-0.85673,-0.83,1.1,0.18,-0.69825,-0.19522,-0.10182,-0.68116,-0.82,1.08,0.18,-0.69825,-0.19522,-0.10182,-0.68116,-0.87,1.08,0.09,0.33686,-0.07528,-0.19502,-0.91805,-0.87,1.11,0.13,0.08517,-0.09597,-0.24455,-0.96111,-0.87,1.12,0.17,-0.42884,-0.22718,-0.19722,-0.85182,-0.85,1.1,0.18,-0.7056,-0.2984,-0.13258,-0.62889,-0.84,1.08,0.18,-0.7056,-0.2984,-0.13258,-0.62889,-0.88,1.07,0.09,0.26633,-0.01735,-0.42476,-0.86507,-0.88,1.09,0.13,0.19207,-0.05528,-0.3349,-0.92081,-0.89,1.1,0.16,-0.36431,-0.23579,-0.32292,-0.84108,-0.87,1.09,0.17,-0.66348,-0.3859,-0.21105,-0.60526,-0.86,1.08,0.17,-0.66348,-0.3859,-0.21105,-0.60526,-0.71,1.09,0.12,-0.26654,-0.16459,-0.07522,0.94668,-0.68,1.06,0.07,-0.26654,-0.16459,-0.07522,0.94668,-0.73,1.07,0.09,-0.45252,-0.2426,0.51894,0.68342,-0.75,1.08,0.11,-0.31295,-0.13499,0.47458,0.81155,-0.77,1.09,0.13,-0.29886,-0.16097,0.55715,0.75787,-0.78,1.1,0.15,-0.29886,-0.16097,0.55715,0.75787,-0.71,1.07,0.1,-0.26654,-0.16459,-0.07522,0.94668,-0.73,1.11,0.14,0.02232,-0.2688,0.07734,0.95983,-0.75,1.1,0.17,0.32757,-0.23177,0.13213,0.90638,-0.76,1.09,0.19,0.45372,-0.18376,0.15594,0.85794,-0.76,1.07,0.2,0.45372,-0.18376,0.15594,0.85794,-0.7,1.07,0.1,-0.26654,-0.16459,-0.07522,0.94668,-0.71,1.11,0.14,-0.12843,-0.14389,-0.07171,0.9786,-0.72,1.12,0.18,0.33654,-0.16366,-0.01021,0.92728,-0.73,1.1,0.2,0.57144,-0.14771,-0.034,0.80652,-0.74,1.08,0.21,0.57144,-0.14771,-0.034,0.80652,-0.68,1.07,0.1,-0.26654,-0.16459,-0.07522,0.94668,-0.69,1.1,0.15,-0.15811,-0.09068,-0.13993,0.97324,-0.7,1.11,0.18,0.38644,-0.1727,-0.10821,0.89952,-0.71,1.1,0.2,0.65383,-0.21694,-0.07597,0.72088,-0.72,1.07,0.2,0.65383,-0.21694,-0.07597,0.72088,-0.67,1.07,0.11,-0.19605,-0.08303,-0.3032,0.92884,-0.68,1.09,0.15,-0.21462,-0.01108,-0.22443,0.9505,-0.67,1.1,0.18,0.30432,-0.12461,-0.26443,0.90661,-0.68,1.09,0.19,0.56626,-0.24527,-0.22265,0.75473,-0.7,1.08,0.2,0.56626,-0.24527,-0.22265,0.75473,-0.81,1.08,0.19
-0.79,1.46,-0.17,-0.79,1.46,-0.17,-0.86,1.1,0.11,0.3214,-0.06209,-0.18324,-0.92697,-0.86,1.06,0.06,0.3214,-0.06209,-0.18324,-0.92697,-0.83,1.08,0.09,0.40103,-0.1802,0.52283,-0.73031,-0.8,1.09,0.11,0.1409,0.00025,0.47749,-0.86727,-0.8,1.1,0.14,-0.00172,0.03383,0.54586,-0.83719,-0.8,1.1,0.16,-0.00172,0.03383,0.54586,-0.83719,-0.84,1.08,0.09,0.3214,-0.06209,-0.18324,-0.92697,-0.84,1.12,0.13,-0.07528,-0.13442,-0.08685,-0.98424,-0.83,1.12,0.17,-0.39762,-0.15513,-0.06369,-0.90209,-0.82,1.1,0.18,-0.51952,-0.13422,-0.0481,-0.84248,-0.81,1.08,0.19,-0.51952,-0.13422,-0.0481,-0.84248,-0.85,1.08,0.09,0.3214,-0.06209,-0.18324,-0.92697,-0.86,1.12,0.13,0.01336,-0.11091,-0.16708,-0.97959,-0.85,1.12,0.17,-0.36606,-0.16713,-0.12409,-0.90701,-0.84,1.1,0.19,-0.55347,-0.17339,-0.1469,-0.80126,-0.83,1.08,0.2,-0.55347,-0.17339,-0.1469,-0.80126,-0.87,1.07,0.09,0.3214,-0.06209,-0.18324,-0.92697,-0.87,1.11,0.13,0.11446,-0.06729,-0.24028,-0.96158,-0.87,1.12,0.17,-0.35402,-0.1904,-0.2179,-0.88935,-0.86,1.1,0.19,-0.59539,-0.26536,-0.17914,-0.73689,-0.84,1.08,0.19,-0.59539,-0.26536,-0.17914,-0.73689,-0.88,1.07,0.09,0.25558,9e-05,-0.41327,-0.87401,-0.89,1.09,0.13,0.19397,-0.03516,-0.3237,-0.9254,-0.89,1.1,0.16,-0.30377,-0.19127,-0.33655,-0.87056,-0.88,1.09,0.18,-0.56283,-0.33381,-0.26455,-0.70839,-0.86,1.08,0.18,-0.56283,-0.33381,-0.26455,-0.70839,-0.7,1.1,0.12,-0.34091,-0.16266,-0.11001,0.91936,-0.68,1.06,0.07,-0.34091,-0.16266,-0.11001,0.91936,-0.72,1.07,0.09,-0.50296,-0.17474,0.51439,0.67224,-0.75,1.09,0.11,-0.37043,-0.07488,0.45482,0.80642,-0.76,1.11,0.13,-0.35736,-0.09942,0.54074,0.75499,-0.78,1.12,0.15,-0.35736,-0.09942,0.54074,0.75499,-0.71,1.08,0.09,-0.34091,-0.16266,-0.11001,0.91936,-0.73,1.12,0.13,-0.05361,-0.26954,0.05309,0.96003,-0.75,1.12,0.16,0.27086,-0.24019,0.11343,0.92524,-0.76,1.11,0.18,0.39971,-0.19543,0.13671,0.88507,-0.76,1.09,0.19,0.39971,-0.19543,0.13671,0.88507,-0.7,1.08,0.1,-0.34091,-0.16266,-0.11001,0.91936,-0.71,1.12,0.14,-0.10088,-0.16772,-0.0862,0.97687,-0.72,1.13,0.17,0.39615,-0.19141,-0.00472,0.898,-0.73,1.11,0.19,0.65395,-0.16703,-0.01653,0.73769,-0.74,1.09,0.19,0.65395,-0.16703,-0.01653,0.73769,-0.68,1.08,0.1,-0.34091,-0.16266,-0.11001,0.91936,-0.69,1.11,0.14,-0.11715,-0.12591,-0.16287,0.97154,-0.7,1.12,0.18,0.46247,-0.21746,-0.1001,0.85371,-0.71,1.1,0.19,0.74791,-0.25357,-0.04406,0.61188,-0.72,1.08,0.18,0.74791,-0.25357,-0.04406,0.61188,-0.67,1.07,0.11,-0.26407,-0.10103,-0.3417,0.89627,-0.67,1.1,0.14,-0.23543,-0.04257,-0.26874,0.93303,-0.67,1.11,0.17,0.34328,-0.19462,-0.27524,0.87665,-0.68,1.1,0.18,0.63961,-0.32523,-0.19319,0.66919,-0.7,1.09,0.18,0.63961,-0.32523,-0.19319,0.66919,-0.81,1.08,0.19
-0.79,1.46,-0.17,-0.79,1.46,-0.17,-0.86,1.1,0.11,0.32241,-0.05815,-0.18077,-0.92736,-0.86,1.06,0.06,0.32241,-0.05815,-0.18077,-0.92736,-0.83,1.08,0.09,0.40181,-0.17504,0.52262,-0.73129,-0.8,1.09,0.11,0.14092,0.00546,0.47553,-0.86832,-0.8,1.1,0.14,-0.0015,0.03822,0.54339,-0.83861,-0.8,1.1,0.16,-0.0015,0.03822,0.54339,-0.83861,-0.84,1.08,0.09,0.32241,-0.05815,-0.18077,-0.92736,-0.84,1.12,0.13,-0.05969,-0.1243,-0.09205,-0.98616,-0.83,1.12,0.17,-0.38647,-0.14794,-0.07141,-0.90756,-0.82,1.1,0.18,-0.50787,-0.12809,-0.05732,-0.84993,-0.81,1.08,0.19,-0.50787,-0.12809,-0.05732,-0.84993,-0.85,1.08,0.09,0.32241,-0.05815,-0.18077,-0.92736,-0.86,1.12,0.13,0.03628,-0.09647,-0.1725,-0.9796,-0.85,1.12,0.17,-0.35146,-0.15717,-0.13351,-0.91321,-0.84,1.11,0.19,-0.52927,-0.16521,-0.1595,-0.81678,-0.83,1.09,0.2,-0.52927,-0.16521,-0.1595,-0.81678,-0.87,1.07,0.09,0.32241,-0.05815,-0.18077,-0.92736,-0.87,1.11,0.13,0.12456,-0.05907,-0.24022,-0.96088,-0.87,1.12,0.17,-0.3434,-0.1833,-0.22177,-0.89403,-0.86,1.1,0.19,-0.57361,-0.25768,-0.18803,-0.75446,-0.85,1.08,0.19,-0.57361,-0.25768,-0.18803,-0.75446,-0.88,1.07,0.09,0.25771,0.0038,-0.41117,-0.87436,-0.89,1.09,0.13,0.19622,-0.03485,-0.32056,-0.92603,-0.89,1.1,0.16,-0.28777,-0.18439,-0.33647,-0.87748,-0.88,1.09,0.18,-0.52976,-0.32088,-0.27402,-0.73573,-0.86,1.08,0.18,-0.52976,-0.32088,-0.27402,-0.73573,-0.7,1.1,0.11,-0.39424,-0.1556,-0.10353,0.8998,-0.68,1.06,0.07,-0.39424,-0.1556,-0.10353,0.8998,-0.72,1.08,0.09,-0.52396,-0.13179,0.53711,0.64778,-0.75,1.09,0.11,-0.39478,-0.02791,0.47001,0.78896,-0.76,1.11,0.13,-0.36939,-0.04478,0.55638,0.74296,-0.77,1.13,0.14,-0.36939,-0.04478,0.55638,0.74296,-0.71,1.08,0.09,-0.39424,-0.1556,-0.10353,0.8998,-0.73,1.13,0.13,-0.13315,-0.25358,0.05197,0.9567,-0.74,1.14,0.16,0.19945,-0.22696,0.10863,0.94705,-0.75,1.13,0.18,0.33442,-0.18339,0.12859,0.91542,-0.76,1.11,0.19,0.33442,-0.18339,0.12859,0.91542,-0.7,1.08,0.09,-0.39424,-0.1556,-0.10353,0.8998,-0.7,1.13,0.13,-0.12168,-0.17034,-0.07095,0.97527,-0.72,1.14,0.17,0.36503,-0.18657,0.0074,0.91208,-0.73,1.12,0.19,0.64025,-0.16036,-0.00564,0.75122,-0.73,1.1,0.19,0.64025,-0.16036,-0.00564,0.75122,-0.68,1.08,0.1,-0.39424,-0.1556,-0.10353,0.8998,-0.69,1.12,0.13,-0.16287,-0.12884,-0.15711,0.9655,-0.69,1.13,0.17,0.43164,-0.2193,-0.09045,0.8703,-0.71,1.11,0.18,0.75058,-0.25183,-0.02601,0.61035,-0.71,1.09,0.18,0.75058,-0.25183,-0.02601,0.61035,-0.67,1.08,0.1,-0.31842,-0.10787,-0.33899,0.87867,-0.67,1.11,0.14,-0.31041,-0.04383,-0.26851,0.91084,-0.67,1.12,0.16,0.31326,-0.21439,-0.26533,0.88629,-0.68,1.11,0.18,0.66402,-0.34954,-0.15296,0.64305,-0.69,1.1,0.18,0.66402,-0.34954,-0.15296,0.64305,-0.81,1.08,0.19
