1,-0.65,0.81,0.13,0.27655,-0.10115,-0.17418,-0.93966,-0.66,0.78,0.07,0.27655,-0.10115,-0.17418,-0.93966,-0.62,0.79,0.1,0.41453,-0.22344,0.49298,-0.73158,-0.6,0.81,0.12,0.09155,-0.02025,0.46939,-0.878,-0.6,0.81,0.15,-0.11965,0.05333,0.53067,-0.8374,-0.6,0.81,0.18,-0.11965,0.05333,0.53067,-0.8374,-0.64,0.8,0.1,0.27655,-0.10115,-0.17418,-0.93966,-0.63,0.83,0.15,-0.00751,-0.11828,-0.11115,-0.98671,-0.62,0.83,0.18,-0.28173,-0.14423,-0.1002,-0.94329,-0.61,0.82,0.2,-0.3945,-0.12753,-0.09187,-0.90535,-0.6,0.81,0.22,-0.3945,-0.12753,-0.09187,-0.90535,-0.65,0.79,0.1,0.27655,-0.10115,-0.17418,-0.93966,-0.65,0.83,0.15,0.10256,-0.07145,-0.18786,-0.97421,-0.64,0.84,0.19,-0.24489,-0.13368,-0.16356,-0.94626,-0.64,0.83,0.22,-0.36467,-0.14341,-0.19923,-0.8982,-0.63,0.81,0.23,-0.36467,-0.14341,-0.19923,-0.8982,-0.67,0.79,0.11,0.27655,-0.10115,-0.17418,-0.93966,-0.67,0.82,0.15,0.14762,-0.05603,-0.23903,-0.95809,-0.66,0.83,0.19,-0.24049,-0.16135,-0.23506,-0.92784,-0.65,0.82,0.21,-0.40507,-0.22674,-0.22007,-0.85795,-0.64,0.81,0.23,-0.40507,-0.22674,-0.22007,-0.85795,-0.67,0.78,0.11,0.20512,-0.02649,-0.40011,-0.89282,-0.68,0.8,0.15,0.20327,-0.0464,-0.30872,-0.92802,-0.68,0.81,0.18,-0.14015,-0.13865,-0.34024,-0.91944,-0.67,0.81,0.2,-0.24928,-0.22912,-0.32306,-0.88374,-0.66,0.81,0.22,-0.24928,-0.22912,-0.32306,-0.88374,-0.49,0.81,0.13,-0.29375,-0.15307,-0.15396,0.9309,-0.47,0.78,0.08,-0.29375,-0.15307,-0.15396,0.9309,-0.51,0.79,0.11,-0.47573,-0.21836,0.47374,0.70822,-0.54,0.81,0.12,-0.25308,-0.07963,0.43696,0.85946,-0.55,0.82,0.15,-0.17456,-0.07536,0.52234,0.83127,-0.56,0.83,0.17,-0.17456,-0.07536,0.52234,0.83127,-0.5,0.8,0.11,-0.29375,-0.15307,-0.15396,0.9309,-0.52,0.83,0.15,-0.15299,-0.19146,-0.0846,0.96581,-0.53,0.85,0.18,0.21407,-0.21563,-0.03368,0.95212,-0.54,0.84,0.2,0.36793,-0.19255,-0.01002,0.90964,-0.55,0.82,0.22,0.36793,-0.19255,-0.01002,0.90964,-0.49,0.79,0.11,-0.29375,-0.15307,-0.15396,0.9309,-0.5,0.83,0.16,-0.03271,-0.18654,-0.11728,0.97487,-0.51,0.84,0.2,0.31162,-0.21596,-0.05734,0.92356,-0.52,0.82,0.22,0.47361,-0.20985,-0.07726,0.85187,-0.53,0.8,0.23,0.47361,-0.20985,-0.07726,0.85187,-0.47,0.79,0.12,-0.29375,-0.15307,-0.15396,0.9309,-0.48,0.82,0.16,-0.12489,-0.13353,-0.20163,0.96225,-0.49,0.83,0.2,0.33039,-0.2279,-0.15661,0.90243,-0.5,0.82,0.21,0.56346,-0.28274,-0.11364,0.76789,-0.51,0.8,0.22,0.56346,-0.28274,-0.11364,0.76789,-0.46,0.79,0.12,-0.21402,-0.08117,-0.38019,0.89614,-0.46,0.81,0.16,-0.37253,0.00735,-0.29484,0.87991,-0.46,0.83,0.18,0.19829,-0.18082,-0.32218,0.90785,-0.46,0.82,0.2,0.4916,-0.32487,-0.24426,0.77015,-0.48,0.81,0.21,0.4916,-0.32487,-0.24426,0.77015,-0.6,0.8,0.21
2,-0.65,0.81,0.13,0.27728,-0.09726,-0.16945,-0.94072,-0.66,0.78,0.07,0.27728,-0.09726,-0.16945,-0.94072,-0.62,0.79,0.1,0.39939,-0.23427,0.50935,-0.72537,-0.6,0.8,0.12,0.10063,-0.03471,0.48747,-0.86663,-0.59,0.81,0.15,-0.07359,0.02096,0.55516,-0.82821,-0.6,0.81,0.18,-0.07359,0.02096,0.55516,-0.82821,-0.64,0.8,0.1,0.27728,-0.09726,-0.16945,-0.94072,-0.63,0.83,0.15,0.00744,-0.10359,-0.11439,-0.98799,-0.62,0.83,0.19,-0.27142,-0.13186,-0.10681,-0.94738,-0.61,0.82,0.21,-0.38712,-0.11638,-0.09982,-0.90919,-0.61,0.81,0.22,-0.38712,-0.11638,-0.09982,-0.90919,-0.65,0.79,0.1,0.27728,-0.09726,-0.16945,-0.94072,-0.65,0.83,0.15,0.10344,-0.06299,-0.1855,-0.97515,-0.65,0.84,0.19,-0.24108,-0.12438,-0.16473,-0.9483,-0.64,0.83,0.22,-0.35798,-0.13408,-0.20175,-0.90176,-0.63,0.81,0.24,-0.35798,-0.13408,-0.20175,-0.90176,-0.67,0.79,0.11,0.27728,-0.09726,-0.16945,-0.94072,-0.67,0.82,0.15,0.14102,-0.052,-0.23493,-0.96032,-0.66,0.83,0.19,-0.23623,-0.15309,-0.23462,-0.93044,-0.65,0.82,0.21,-0.39762,-0.21788,-0.22174,-0.86328,-0.64,0.81,0.23,-0.39762,-0.21788,-0.22174,-0.86328,-0.67,0.78,0.11,0.20727,-0.02264,-0.39593,-0.8943,-0.68,0.8,0.15,0.19425,-0.04641,-0.30431,-0.9314,-0.68,0.81,0.18,-0.14071,-0.13326,-0.337,-0.92134,-0.67,0.81,0.2,-0.24698,-0.2223,-0.32129,-0.88677,-0.66,0.8,0.22,-0.24698,-0.2223,-0.32129,-0.88677,-0.5,0.81,0.14,-0.25711,-0.1461,-0.12376,0.94722,-0.48,0.78,0.09,-0.25711,-0.1461,-0.12376,0.94722,-0.52,0.79,0.11,-0.45512,-0.25362,0.47135,0.7116,-0.54,0.8,0.13,-0.24102,-0.11837,0.44308,0.85532,-0.56,0.81,0.15,-0.17861,-0.12218,0.52933,0.82036,-0.57,0.82,0.18,-0.17861,-0.12218,0.52933,0.82036,-0.51,0.79,0.11,-0.25711,-0.1461,-0.12376,0.94722,-0.52,0.83,0.16,-0.10255,-0.19575,-0.04821,0.97408,-0.54,0.84,0.19,0.24502,-0.20507,-0.0028,0.94758,-0.55,0.82,0.21,0.39331,-0.17681,0.01878,0.90205,-0.55,0.81,0.23,0.39331,-0.17681,0.01878,0.90205,-0.49,0.79,0.12,-0.25711,-0.1461,-0.12376,0.94722,-0.5,0.83,0.17,-0.05526,-0.16296,-0.10211,0.97978,-0.51,0.83,0.21,0.29117,-0.18883,-0.05156,0.93643,-0.52,0.82,0.23,0.45963,-0.18369,-0.07612,0.86557,-0.53,0.8,0.24,0.45963,-0.18369,-0.07612,0.86557,-0.47,0.79,0.12,-0.25711,-0.1461,-0.12376,0.94722,-0.48,0.82,0.17,-0.19063,-0.09693,-0.18496,0.9592,-0.49,0.83,0.2,0.27089,-0.1907,-0.15721,0.93034,-0.5,0.82,0.22,0.51084,-0.24876,-0.12364,0.81356,-0.51,0.8,0.23,0.51084,-0.24876,-0.12364,0.81356,-0.47,0.79,0.13,-0.18393,-0.06399,-0.34932,0.91654,-0.47,0.8,0.17,-0.36969,0.04995,-0.25647,0.89166,-0.46,0.82,0.19,0.17516,-0.11438,-0.31826,0.92464,-0.46,0.82,0.21,0.46806,-0.25969,-0.26529,0.80194,-0.48,0.8,0.22,0.46806,-0.25969,-0.26529,0.80194,-0.6,0.8,0.21
3,-0.65,0.81,0.13,0.27755,-0.09312,-0.1777,-0.93953,-0.66,0.78,0.07,0.27755,-0.09312,-0.1777,-0.93953,-0.62,0.79,0.1,0.38014,-0.24527,0.52162,-0.72336,-0.6,0.8,0.12,0.1184,-0.0599,0.49925,-0.85623,-0.59,0.81,0.15,0.00316,-0.03914,0.57451,-0.81755,-0.59,0.81,0.18,0.00316,-0.03914,0.57451,-0.81755,-0.64,0.8,0.1,0.27755,-0.09312,-0.1777,-0.93953,-0.63,0.83,0.15,0.02694,-0.08605,-0.13328,-0.98697,-0.62,0.84,0.19,-0.26574,-0.1227,-0.12801,-0.9476,-0.61,0.82,0.21,-0.38687,-0.11062,-0.12138,-0.90739,-0.61,0.81,0.22,-0.38687,-0.11062,-0.12138,-0.90739,-0.65,0.79,0.11,0.27755,-0.09312,-0.1777,-0.93953,-0.65,0.83,0.15,0.09834,-0.05451,-0.19683,-0.97397,-0.65,0.84,0.2,-0.24166,-0.11958,-0.17873,-0.94623,-0.64,0.83,0.22,-0.35205,-0.12976,-0.21637,-0.90134,-0.63,0.81,0.24,-0.35205,-0.12976,-0.21637,-0.90134,-0.67,0.79,0.11,0.27755,-0.09312,-0.1777,-0.93953,-0.67,0.82,0.15,0.12615,-0.04909,-0.24393,-0.9603,-0.67,0.83,0.19,-0.23557,-0.14957,-0.24618,-0.92819,-0.65,0.82,0.21,-0.38603,-0.21413,-0.23542,-0.86586,-0.64,0.81,0.23,-0.38603,-0.21413,-0.23542,-0.86586,-0.67,0.78,0.11,0.20726,-0.019,-0.40379,-0.89086,-0.68,0.8,0.15,0.18553,-0.04457,-0.31288,-0.93043,-0.68,0.81,0.18,-0.13963,-0.13054,-0.34625,-0.91846,-0.67,0.81,0.2,-0.2352,-0.21717,-0.33273,-0.88702,-0.66,0.8,0.22,-0.2352,-0.21717,-0.33273,-0.88702,-0.5,0.81,0.15,-0.20275,-0.13227,-0.08085,0.96688,-0.48,0.78,0.09,-0.20275,-0.13227,-0.08085,0.96688,-0.52,0.79,0.11,-0.42112,-0.27885,0.4672,0.72569,-0.55,0.8,0.13,-0.25027,-0.16614,0.43442,0.84914,-0.57,0.81,0.16,-0.22475,-0.18876,0.51893,0.80285,-0.58,0.81,0.18,-0.22475,-0.18876,0.51893,0.80285,-0.51,0.79,0.12,-0.20275,-0.13227,-0.08085,0.96688,-0.53,0.82,0.17,-0.03557,-0.20292,0.00091,0.97855,-0.54,0.82,0.2,0.27653,-0.19457,0.03855,0.94031,-0.55,0.81,0.22,0.41897,-0.1598,0.05818,0.89193,-0.56,0.79,0.24,0.41897,-0.1598,0.05818,0.89193,-0.5,0.79,0.12,-0.20275,-0.13227,-0.08085,0.96688,-0.51,0.82,0.17,-0.07324,-0.13153,-0.07454,0.98579,-0.52,0.83,0.21,0.28809,-0.15045,-0.03483,0.94507,-0.52,0.81,0.24,0.47394,-0.14373,-0.06563,0.86627,-0.53,0.79,0.25,0.47394,-0.14373,-0.06563,0.86627,-0.48,0.79,0.13,-0.20275,-0.13227,-0.08085,0.96688,-0.49,0.81,0.17,-0.1784,-0.06886,-0.14376,0.97096,-0.49,0.83,0.21,0.30117,-0.14856,-0.13211,0.93262,-0.5,0.81,0.23,0.55172,-0.2019,-0.10992,0.80172,-0.51,0.79,0.24,0.55172,-0.2019,-0.10992,0.80172,-0.47,0.79,0.13,-0.13983,-0.03581,-0.30448,0.94152,-0.47,0.8,0.17,-0.31779,0.06178,-0.20467,0.92374,-0.46,0.82,0.2,0.23234,-0.07117,-0.28329,0.92774,-0.47,0.81,0.21,0.54105,-0.21208,-0.24636,0.77562,-0.48,0.79,0.22,0.54105,-0.21208,-0.24636,0.77562,-0.6,0.8,0.21
4,-0.65,0.81,0.13,0.29099,-0.08007,-0.19214,-0.93381,-0.66,0.78,0.08,0.29099,-0.08007,-0.19214,-0.93381,-0.62,0.79,0.1,0.37899,-0.23598,0.52115,-0.72738,-0.6,0.8,0.12,0.152,-0.07186,0.49049,-0.85507,-0.59,0.81,0.16,0.06961,-0.07093,0.56909,-0.81625,-0.59,0.81,0.18,0.06961,-0.07093,0.56909,-0.81625,-0.64,0.8,0.1,0.29099,-0.08007,-0.19214,-0.93381,-0.63,0.84,0.15,0.04719,-0.0695,-0.15543,-0.98427,-0.63,0.84,0.19,-0.26242,-0.1167,-0.15181,-0.94576,-0.62,0.83,0.21,-0.3921,-0.10915,-0.14461,-0.90191,-0.61,0.81,0.22,-0.3921,-0.10915,-0.14461,-0.90191,-0.65,0.79,0.11,0.29099,-0.08007,-0.19214,-0.93381,-0.65,0.83,0.15,0.10599,-0.04235,-0.21545,-0.96982,-0.65,0.84,0.2,-0.23159,-0.11436,-0.20049,-0.94503,-0.64,0.83,0.22,-0.33885,-0.12696,-0.23856,-0.9012,-0.63,0.82,0.24,-0.33885,-0.12696,-0.23856,-0.9012,-0.67,0.79,0.11,0.29099,-0.08007,-0.19214,-0.93381,-0.67,0.82,0.16,0.13079,-0.04035,-0.26088,-0.95562,-0.67,0.83,0.19,-0.22134,-0.14567,-0.26595,-0.92685,-0.66,0.82,0.22,-0.36245,-0.21159,-0.25655,-0.87066,-0.65,0.81,0.23,-0.36245,-0.21159,-0.25655,-0.87066,-0.68,0.78,0.11,0.22105,-0.01022,-0.41871,-0.88075,-0.68,0.8,0.15,0.19558,-0.0335,-0.32924,-0.92316,-0.69,0.81,0.18,-0.12393,-0.12488,-0.36541,-0.91407,-0.68,0.81,0.2,-0.2073,-0.20955,-0.35374,-0.88768,-0.67,0.81,0.22,-0.2073,-0.20955,-0.35374,-0.88768,-0.5,0.81,0.14,-0.22958,-0.13908,-0.10304,0.95778,-0.48,0.78,0.09,-0.22958,-0.13908,-0.10304,0.95778,-0.52,0.79,0.11,-0.44246,-0.25331,0.46501,0.72376,-0.55,0.8,0.13,-0.27894,-0.1466,0.42442,0.84887,-0.56,0.81,0.16,-0.25164,-0.16673,0.51045,0.80518,-0.58,0.82,0.17,-0.25164,-0.16673,0.51045,0.80518,-0.51,0.79,0.12,-0.22958,-0.13908,-0.10304,0.95778,-0.53,0.82,0.16,-0.07677,-0.20132,-0.02506,0.97619,-0.54,0.83,0.2,0.26348,-0.20177,0.01929,0.94313,-0.55,0.82,0.22,0.41164,-0.16984,0.04087,0.89445,-0.56,0.8,0.23,0.41164,-0.16984,0.04087,0.89445,-0.49,0.79,0.12,-0.22958,-0.13908,-0.10304,0.95778,-0.5,0.82,0.17,-0.07627,-0.13978,-0.09374,0.98278,-0.52,0.83,0.21,0.33727,-0.16761,-0.04042,0.92549,-0.52,0.82,0.23,0.53812,-0.15875,-0.06524,0.82521,-0.53,0.79,0.24,0.53812,-0.15875,-0.06524,0.82521,-0.48,0.79,0.12,-0.22958,-0.13908,-0.10304,0.95778,-0.49,0.82,0.17,-0.1314,-0.0904,-0.16041,0.97408,-0.49,0.83,0.21,0.38402,-0.17892,-0.13063,0.89635,-0.5,0.81,0.22,0.63405,-0.22892,-0.09881,0.73199,-0.51,0.79,0.23,0.63405,-0.22892,-0.09881,0.73199,-0.47,0.79,0.13,-0.16144,-0.04964,-0.32772,0.92956,-0.47,0.8,0.17,-0.2723,0.02261,-0.23817,0.93199,-0.46,0.82,0.2,0.32481,-0.13236,-0.28577,0.8918,-0.47,0.81,0.21,0.62254,-0.27092,-0.22774,0.69798,-0.49,0.79,0.21,0.62254,-0.27092,-0.22774,0.69798,-0.6,0.8,0.21
5,-0.65,0.81,0.13,0.28993,-0.08049,-0.17968,-0.93658,-0.66,0.78,0.08,0.28993,-0.08049,-0.17968,-0.93658,-0.62,0.79,0.11,0.35575,-0.26387,0.54609,-0.71106,-0.6,0.8,0.13,0.15632,-0.10469,0.52042,-0.83293,-0.59,0.8,0.16,0.08705,-0.10769,0.59908,-0.78863,-0.58,0.81,0.18,0.08705,-0.10769,0.59908,-0.78863,-0.64,0.8,0.11,0.28993,-0.08049,-0.17968,-0.93658,-0.63,0.83,0.15,0.06643,-0.06387,-0.14509,-0.98512,-0.63,0.84,0.19,-0.24989,-0.1095,-0.14308,-0.95136,-0.62,0.83,0.21,-0.38655,-0.10196,-0.13646,-0.9064,-0.61,0.81,0.23,-0.38655,-0.10196,-0.13646,-0.9064,-0.65,0.79,0.11,0.28993,-0.08049,-0.17968,-0.93658,-0.65,0.83,0.16,0.11382,-0.03767,-0.2039,-0.97162,-0.65,0.84,0.2,-0.22529,-0.10622,-0.1912,-0.94942,-0.64,0.83,0.22,-0.33594,-0.11893,-0.23033,-0.90551,-0.63,0.82,0.24,-0.33594,-0.11893,-0.23033,-0.90551,-0.67,0.79,0.11,0.28993,-0.08049,-0.17968,-0.93658,-0.67,0.82,0.16,0.13813,-0.03549,-0.24944,-0.95783,-0.67,0.83,0.19,-0.21078,-0.13615,-0.25761,-0.9331,-0.66,0.82,0.22,-0.35431,-0.20144,-0.24946,-0.87844,-0.65,0.81,0.23,-0.35431,-0.20144,-0.24946,-0.87844,-0.67,0.78,0.11,0.22163,-0.00979,-0.40706,-0.88605,-0.68,0.8,0.16,0.19717,-0.02958,-0.31777,-0.92697,-0.68,0.81,0.18,-0.11615,-0.11485,-0.3567,-0.91983,-0.68,0.81,0.2,-0.19618,-0.19722,-0.3466,-0.89582,-0.67,0.81,0.22,-0.19618,-0.19722,-0.3466,-0.89582,-0.5,0.81,0.14,-0.28076,-0.16247,-0.12434,0.93772,-0.48,0.78,0.09,-0.28076,-0.16247,-0.12434,0.93772,-0.52,0.79,0.11,-0.44277,-0.23745,0.51906,0.69149,-0.55,0.8,0.13,-0.26724,-0.10736,0.481,0.82807,-0.56,0.81,0.16,-0.19792,-0.10201,0.56592,0.79382,-0.57,0.82,0.18,-0.19792,-0.10201,0.56592,0.79382,-0.51,0.8,0.11,-0.28076,-0.16247,-0.12434,0.93772,-0.53,0.83,0.16,-0.12765,-0.19576,-0.05216,0.97091,-0.54,0.84,0.19,0.29766,-0.20694,0.01077,0.93191,-0.55,0.83,0.21,0.45988,-0.17548,0.03782,0.86965,-0.55,0.81,0.22,0.45988,-0.17548,0.03782,0.86965,-0.49,0.79,0.12,-0.28076,-0.16247,-0.12434,0.93772,-0.5,0.83,0.16,-0.05707,-0.1703,-0.10112,0.97853,-0.52,0.84,0.2,0.42136,-0.2002,-0.01961,0.8843,-0.53,0.82,0.22,0.63248,-0.17967,-0.03349,0.75271,-0.54,0.8,0.22,0.63248,-0.17967,-0.03349,0.75271,-0.48,0.79,0.12,-0.28076,-0.16247,-0.12434,0.93772,-0.49,0.82,0.17,-0.07418,-0.13918,-0.16676,0.9733,-0.5,0.83,0.2,0.48569,-0.22738,-0.09985,0.83811,-0.51,0.81,0.21,0.73476,-0.26227,-0.05052,0.62353,-0.52,0.79,0.21,0.73476,-0.26227,-0.05052,0.62353,-0.47,0.79,0.13,-0.20352,-0.08608,-0.35093,0.90995,-0.47,0.81,0.17,-0.21081,-0.05943,-0.2668,0.93853,-0.47,0.82,0.19,0.43074,-0.22273,-0.25144,0.83763,-0.48,0.81,0.21,0.70857,-0.34093,-0.16337,0.59583,-0.5,0.79,0.2,0.70857,-0.34093,-0.16337,0.59583,-0.6,0.8,0.21
6,-0.65,0.81,0.13,0.29494,-0.08887,-0.1812,-0.93396,-0.66,0.77,0.08,0.29494,-0.08887,-0.1812,-0.93396,-0.62,0.79,0.11,0.34604,-0.28641,0.55993,-0.6962,-0.6,0.79,0.12,0.16824,-0.13511,0.5371,-0.81545,-0.58,0.8,0.16,0.10484,-0.13769,0.61634,-0.76823,-0.57,0.8,0.18,0.10484,-0.13769,0.61634,-0.76823,-0.63,0.79,0.11,0.29494,-0.08887,-0.1812,-0.93396,-0.63,0.83,0.15,0.09438,-0.06965,-0.14705,-0.98215,-0.62,0.84,0.19,-0.23694,-0.11847,-0.1412,-0.95388,-0.62,0.83,0.21,-0.3845,-0.11234,-0.13219,-0.90668,-0.61,0.81,0.22,-0.3845,-0.11234,-0.13219,-0.90668,-0.65,0.79,0.11,0.29494,-0.08887,-0.1812,-0.93396,-0.65,0.83,0.15,0.13143,-0.04393,-0.20497,-0.96891,-0.65,0.84,0.2,-0.22589,-0.11626,-0.1879,-0.94876,-0.64,0.83,0.22,-0.35471,-0.1322,-0.22507,-0.8978,-0.63,0.81,0.24,-0.35471,-0.1322,-0.22507,-0.8978,-0.67,0.78,0.11,0.29494,-0.08887,-0.1812,-0.93396,-0.67,0.81,0.16,0.15839,-0.04076,-0.25081,-0.95412,-0.67,0.83,0.19,-0.19509,-0.1435,-0.25612,-0.93582,-0.66,0.82,0.22,-0.34674,-0.21051,-0.24519,-0.88053,-0.64,0.81,0.23,-0.34674,-0.21051,-0.24519,-0.88053,-0.67,0.78,0.12,0.22459,-0.01934,-0.40853,-0.88447,-0.68,0.8,0.16,0.20403,-0.03683,-0.31913,-0.92476,-0.68,0.81,0.18,-0.10187,-0.11976,-0.3564,-0.92101,-0.68,0.81,0.2,-0.18065,-0.20156,-0.34535,-0.8986,-0.67,0.8,0.22,-0.18065,-0.20156,-0.34535,-0.8986,-0.5,0.81,0.14,-0.30384,-0.17657,-0.12419,0.92795,-0.48,0.78,0.09,-0.30384,-0.17657,-0.12419,0.92795,-0.52,0.79,0.11,-0.40992,-0.23123,0.58008,0.66484,-0.54,0.8,0.13,-0.2274,-0.07267,0.54523,0.80358,-0.56,0.81,0.16,-0.13219,-0.0487,0.62327,0.76921,-0.56,0.81,0.18,-0.13219,-0.0487,0.62327,0.76921,-0.51,0.79,0.11,-0.30384,-0.17657,-0.12419,0.92795,-0.53,0.83,0.15,-0.03853,-0.18915,-0.03598,0.98053,-0.54,0.84,0.19,0.41563,-0.19098,0.0292,0.88878,-0.55,0.82,0.2,0.57478,-0.15511,0.05809,0.80137,-0.55,0.8,0.21,0.57478,-0.15511,0.05809,0.80137,-0.49,0.79,0.12,-0.30384,-0.17657,-0.12419,0.92795,-0.5,0.83,0.16,-0.02597,-0.18507,-0.09019,0.97823,-0.52,0.84,0.2,0.4602,-0.20751,-0.00026,0.86322,-0.53,0.82,0.21,0.66687,-0.17929,-0.01182,0.72318,-0.54,0.79,0.21,0.66687,-0.17929,-0.01182,0.72318,-0.47,0.79,0.12,-0.30384,-0.17657,-0.12419,0.92795,-0.49,0.82,0.16,-0.06365,-0.16097,-0.15877,0.97202,-0.5,0.83,0.2,0.50374,-0.24124,-0.07877,0.82574,-0.51,0.81,0.21,0.75317,-0.2675,-0.02474,0.60047,-0.52,0.79,0.2,0.75317,-0.2675,-0.02474,0.60047,-0.47,0.79,0.13,-0.22315,-0.10588,-0.35175,0.90292,-0.47,0.81,0.17,-0.18944,-0.10823,-0.26169,0.94017,-0.47,0.82,0.19,0.46443,-0.25835,-0.21375,0.81968,-0.49,0.81,0.2,0.73642,-0.35875,-0.11523,0.56187,-0.5,0.79,0.2,0.73642,-0.35875,-0.11523,0.56187,-0.6,0.8,0.21
7,-0.65,0.81,0.13,0.31494,-0.10288,-0.20289,-0.92145,-0.66,0.77,0.08,0.31494,-0.10288,-0.20289,-0.92145,-0.62,0.79,0.1,0.36726,-0.27073,0.55355,-0.69671,-0.6,0.8,0.12,0.18909,-0.12291,0.52618,-0.81992,-0.58,0.8,0.15,0.11763,-0.11916,0.60689,-0.77695,-0.57,0.81,0.18,0.11763,-0.11916,0.60689,-0.77695,-0.63,0.79,0.1,0.31494,-0.10288,-0.20289,-0.92145,-0.63,0.83,0.15,0.10814,-0.08468,-0.16812,-0.97615,-0.62,0.84,0.18,-0.26356,-0.14663,-0.14961,-0.94162,-0.61,0.83,0.2,-0.42158,-0.14321,-0.13321,-0.88545,-0.61,0.82,0.22,-0.42158,-0.14321,-0.13321,-0.88545,-0.65,0.79,0.11,0.31494,-0.10288,-0.20289,-0.92145,-0.65,0.83,0.15,0.12996,-0.0695,-0.22306,-0.9636,-0.65,0.84,0.19,-0.28981,-0.15963,-0.18516,-0.92533,-0.64,0.83,0.21,-0.44896,-0.17725,-0.21235,-0.84966,-0.62,0.81,0.23,-0.44896,-0.17725,-0.21235,-0.84966,-0.67,0.78,0.11,0.31494,-0.10288,-0.20289,-0.92145,-0.67,0.82,0.15,0.15897,-0.06979,-0.26822,-0.94758,-0.66,0.83,0.19,-0.23364,-0.18783,-0.25459,-0.91941,-0.65,0.82,0.21,-0.40382,-0.25793,-0.23236,-0.84641,-0.64,0.81,0.23,-0.40382,-0.25793,-0.23236,-0.84641,-0.67,0.78,0.11,0.23823,-0.03919,-0.42949,-0.8702,-0.68,0.8,0.15,0.2083,-0.07036,-0.33719,-0.9154,-0.68,0.81,0.18,-0.10573,-0.16084,-0.36172,-0.9122,-0.67,0.81,0.2,-0.19426,-0.24662,-0.344,-0.88493,-0.66,0.81,0.22,-0.19426,-0.24662,-0.344,-0.88493,-0.5,0.82,0.14,-0.31692,-0.18566,-0.1245,0.92173,-0.48,0.78,0.09,-0.31692,-0.18566,-0.1245,0.92173,-0.52,0.79,0.11,-0.41052,-0.22608,0.59348,0.65433,-0.54,0.8,0.13,-0.23903,-0.07002,0.55645,0.79267,-0.56,0.81,0.16,-0.17282,-0.06725,0.6342,0.7506,-0.56,0.81,0.18,-0.17282,-0.06725,0.6342,0.7506,-0.51,0.79,0.11,-0.31692,-0.18566,-0.1245,0.92173,-0.53,0.84,0.15,0.00507,-0.20321,-0.01717,0.97897,-0.54,0.84,0.18,0.4177,-0.19581,0.04395,0.88614,-0.55,0.82,0.2,0.56042,-0.15833,0.07015,0.8099,-0.55,0.8,0.21,0.56042,-0.15833,0.07015,0.8099,-0.49,0.79,0.11,-0.31692,-0.18566,-0.1245,0.92173,-0.5,0.84,0.16,-0.02357,-0.19623,-0.0844,0.97663,-0.52,0.84,0.2,0.41958,-0.21465,2e-05,0.88198,-0.53,0.82,0.21,0.6128,-0.19023,-0.0136,0.76688,-0.54,0.8,0.22,0.6128,-0.19023,-0.0136,0.76688,-0.47,0.79,0.12,-0.31692,-0.18566,-0.1245,0.92173,-0.49,0.83,0.16,-0.08562,-0.16972,-0.15897,0.96881,-0.5,0.84,0.2,0.44991,-0.24668,-0.08272,0.85434,-0.51,0.82,0.21,0.69677,-0.27644,-0.03077,0.66117,-0.52,0.79,0.21,0.69677,-0.27644,-0.03077,0.66117,-0.47,0.79,0.12,-0.234,-0.11826,-0.35243,0.89836,-0.47,0.81,0.16,-0.21862,-0.11429,-0.26351,0.93258,-0.47,0.83,0.19,0.42471,-0.26374,-0.21437,0.83911,-0.49,0.81,0.2,0.70343,-0.36422,-0.11406,0.5996,-0.5,0.8,0.2,0.70343,-0.36422,-0.11406,0.5996,-0.6,0.8,0.21
8,-0.65,0.81,0.13,0.31704,-0.11507,-0.20101,-0.91969,-0.66,0.77,0.08,0.31704,-0.11507,-0.20101,-0.91969,-0.62,0.79,0.1,0.36886,-0.26267,0.55915,-0.69448,-0.6,0.8,0.12,0.17709,-0.10395,0.53277,-0.82097,-0.58,0.8,0.15,0.07843,-0.08151,0.61251,-0.78233,-0.58,0.81,0.18,0.07843,-0.08151,0.61251,-0.78233,-0.63,0.79,0.1,0.31704,-0.11507,-0.20101,-0.91969,-0.63,0.83,0.15,0.0723,-0.09936,-0.16059,-0.97934,-0.62,0.84,0.18,-0.34511,-0.16332,-0.12918,-0.91517,-0.61,0.83,0.2,-0.51119,-0.15742,-0.10512,-0.83836,-0.6,0.81,0.21,-0.51119,-0.15742,-0.10512,-0.83836,-0.65,0.79,0.11,0.31704,-0.11507,-0.20101,-0.91969,-0.65,0.83,0.15,0.10975,-0.08838,-0.21614,-0.96614,-0.64,0.84,0.19,-0.33878,-0.17894,-0.16537,-0.90877,-0.63,0.83,0.21,-0.51003,-0.19228,-0.18708,-0.81725,-0.62,0.81,0.22,-0.51003,-0.19228,-0.18708,-0.81725,-0.67,0.79,0.11,0.31704,-0.11507,-0.20101,-0.91969,-0.66,0.82,0.15,0.14042,-0.09006,-0.26162,-0.95065,-0.66,0.83,0.19,-0.27607,-0.20894,-0.23603,-0.90798,-0.65,0.82,0.21,-0.45684,-0.27673,-0.20791,-0.81945,-0.63,0.81,0.22,-0.45684,-0.27673,-0.20791,-0.81945,-0.67,0.78,0.11,0.23803,-0.05164,-0.42739,-0.87064,-0.68,0.8,0.15,0.19486,-0.09346,-0.33203,-0.91818,-0.68,0.81,0.18,-0.13376,-0.18501,-0.34734,-0.90953,-0.67,0.81,0.2,-0.23416,-0.27298,-0.32522,-0.87458,-0.65,0.81,0.22,-0.23416,-0.27298,-0.32522,-0.87458,-0.5,0.82,0.13,-0.32378,-0.19822,-0.1373,0.91489,-0.48,0.78,0.08,-0.32378,-0.19822,-0.1373,0.91489,-0.52,0.79,0.11,-0.42294,-0.23346,0.58558,0.65093,-0.54,0.8,0.13,-0.25232,-0.08134,0.55016,0.79186,-0.56,0.81,0.15,-0.19066,-0.08038,0.62912,0.74926,-0.57,0.82,0.18,-0.19066,-0.08038,0.62912,0.74926,-0.51,0.8,0.11,-0.32378,-0.19822,-0.1373,0.91489,-0.53,0.84,0.15,-0.00313,-0.2289,-0.01722,0.97329,-0.54,0.84,0.18,0.40079,-0.21983,0.05285,0.88783,-0.55,0.82,0.19,0.53923,-0.18122,0.08126,0.81841,-0.56,0.8,0.2,0.53923,-0.18122,0.08126,0.81841,-0.49,0.8,0.11,-0.32378,-0.19822,-0.1373,0.91489,-0.5,0.84,0.15,-0.03286,-0.21279,-0.0928,0.97213,-0.52,0.84,0.19,0.41003,-0.23333,0.00016,0.88172,-0.53,0.82,0.21,0.60638,-0.20889,-0.00903,0.76719,-0.54,0.8,0.21,0.60638,-0.20889,-0.00903,0.76719,-0.47,0.79,0.12,-0.32378,-0.19822,-0.1373,0.91489,-0.49,0.83,0.16,-0.09525,-0.18487,-0.16938,0.96336,-0.5,0.84,0.19,0.43949,-0.26536,-0.08299,0.85414,-0.51,0.82,0.21,0.68821,-0.2944,-0.0245,0.66265,-0.52,0.8,0.21,0.68821,-0.2944,-0.0245,0.66265,-0.47,0.79,0.12,-0.23637,-0.13304,-0.36414,0.89097,-0.47,0.81,0.16,-0.22637,-0.1266,-0.27607,0.92548,-0.48,0.83,0.19,0.40435,-0.27928,-0.21905,0.84292,-0.49,0.82,0.2,0.68481,-0.38035,-0.11208,0.6114,-0.5,0.8,0.2,0.68481,-0.38035,-0.11208,0.6114,-0.6,0.8,0.21
9,-0.65,0.81,0.13,0.31424,-0.13301,-0.18505,-0.92158,-0.66,0.77,0.07,0.31424,-0.13301,-0.18505,-0.92158,-0.62,0.79,0.1,0.37492,-0.25665,0.56721,-0.6869,-0.6,0.8,0.12,0.14346,-0.06808,0.54648,-0.82228,-0.59,0.8,0.15,0.00299,-0.01719,0.61943,-0.78486,-0.59,0.8,0.18,0.00299,-0.01719,0.61943,-0.78486,-0.63,0.79,0.1,0.31424,-0.13301,-0.18505,-0.92158,-0.62,0.83,0.14,0.0335,-0.11918,-0.1342,-0.98319,-0.61,0.84,0.18,-0.41161,-0.17241,-0.0916,-0.89021,-0.6,0.82,0.19,-0.58403,-0.16016,-0.06179,-0.79337,-0.6,0.8,0.2,-0.58403,-0.16016,-0.06179,-0.79337,-0.65,0.79,0.1,0.31424,-0.13301,-0.18505,-0.92158,-0.64,0.83,0.15,0.09683,-0.10715,-0.19433,-0.97025,-0.64,0.84,0.19,-0.35243,-0.18569,-0.13752,-0.90687,-0.62,0.83,0.21,-0.52335,-0.19285,-0.15855,-0.81473,-0.61,0.81,0.22,-0.52335,-0.19285,-0.15855,-0.81473,-0.67,0.79,0.11,0.31424,-0.13301,-0.18505,-0.92158,-0.66,0.82,0.15,0.13104,-0.1064,-0.2422,-0.95543,-0.65,0.83,0.19,-0.29074,-0.21591,-0.21114,-0.9079,-0.64,0.82,0.21,-0.47393,-0.27843,-0.18206,-0.81531,-0.63,0.81,0.22,-0.47393,-0.27843,-0.18206,-0.81531,-0.67,0.78,0.11,0.23382,-0.06787,-0.4116,-0.87824,-0.67,0.8,0.15,0.18143,-0.11071,-0.31455,-0.92514,-0.67,0.82,0.18,-0.15559,-0.19659,-0.32425,-0.91214,-0.66,0.81,0.2,-0.26135,-0.28293,-0.30078,-0.87246,-0.65,0.81,0.22,-0.26135,-0.28293,-0.30078,-0.87246,-0.5,0.82,0.13,-0.31843,-0.21796,-0.10843,0.91616,-0.48,0.78,0.08,-0.31843,-0.21796,-0.10843,0.91616,-0.52,0.79,0.11,-0.42651,-0.25957,0.59901,0.62602,-0.55,0.8,0.12,-0.25734,-0.10211,0.57216,0.77199,-0.56,0.81,0.15,-0.19161,-0.09387,0.65086,0.7286,-0.57,0.81,0.17,-0.19161,-0.09387,0.65086,0.7286,-0.51,0.8,0.11,-0.31843,-0.21796,-0.10843,0.91616,-0.53,0.84,0.14,0.02469,-0.26208,0.04377,0.96374,-0.55,0.83,0.18,0.42574,-0.22408,0.12281,0.86802,-0.56,0.81,0.19,0.56171,-0.17387,0.1525,0.79435,-0.56,0.79,0.2,0.56171,-0.17387,0.1525,0.79435,-0.49,0.79,0.11,-0.31843,-0.21796,-0.10843,0.91616,-0.51,0.84,0.15,-0.05831,-0.22055,-0.06675,0.97134,-0.53,0.84,0.19,0.389,-0.22882,0.02744,0.89195,-0.54,0.82,0.21,0.60271,-0.19862,0.01835,0.77263,-0.55,0.8,0.21,0.60271,-0.19862,0.01835,0.77263,-0.48,0.8,0.12,-0.31843,-0.21796,-0.10843,0.91616,-0.49,0.83,0.16,-0.13309,-0.18646,-0.1481,0.96207,-0.5,0.84,0.19,0.39955,-0.25641,-0.06561,0.87767,-0.52,0.82,0.21,0.66198,-0.28168,-0.00887,0.69452,-0.53,0.8,0.21,0.66198,-0.28168,-0.00887,0.69452,-0.47,0.79,0.12,-0.23113,-0.15033,-0.33534,0.90085,-0.47,0.82,0.16,-0.24284,-0.12619,-0.25119,0.92845,-0.48,0.83,0.19,0.35615,-0.25714,-0.20951,0.87358,-0.49,0.82,0.2,0.64877,-0.35711,-0.1113,0.66271,-0.5,0.8,0.2,0.64877,-0.35711,-0.1113,0.66271,-0.6,0.8,0.21
10,-0.65,0.81,0.13,0.29862,-0.12962,-0.17109,-0.92992,-0.66,0.78,0.07,0.29862,-0.12962,-0.17109,-0.92992,-0.62,0.79,0.1,0.37969,-0.2658,0.55676,-0.68935,-0.59,0.8,0.12,0.1361,-0.07361,0.54067,-0.82688,-0.59,0.8,0.15,-0.00525,-0.02347,0.61444,-0.78859,-0.58,0.8,0.18,-0.00525,-0.02347,0.61444,-0.78859,-0.63,0.79,0.1,0.29862,-0.12962,-0.17109,-0.92992,-0.62,0.83,0.14,0.03294,-0.117,-0.11885,-0.98544,-0.61,0.84,0.18,-0.40404,-0.16277,-0.08058,-0.89653,-0.6,0.82,0.2,-0.57909,-0.14867,-0.05283,-0.79985,-0.6,0.8,0.2,-0.57909,-0.14867,-0.05283,-0.79985,-0.65,0.79,0.1,0.29862,-0.12962,-0.17109,-0.92992,-0.64,0.83,0.15,0.08921,-0.10008,-0.18055,-0.97439,-0.64,0.84,0.19,-0.33161,-0.16886,-0.13391,-0.91847,-0.62,0.83,0.21,-0.49301,-0.1756,-0.15991,-0.83698,-0.61,0.81,0.22,-0.49301,-0.1756,-0.15991,-0.83698,-0.66,0.79,0.11,0.29862,-0.12962,-0.17109,-0.92992,-0.66,0.82,0.15,0.12419,-0.09449,-0.23037,-0.96051,-0.65,0.83,0.19,-0.28235,-0.19628,-0.209,-0.91546,-0.64,0.82,0.21,-0.45941,-0.25779,-0.18579,-0.82944,-0.63,0.8,0.22,-0.45941,-0.25779,-0.18579,-0.82944,-0.67,0.78,0.11,0.2212,-0.05993,-0.39768,-0.88844,-0.67,0.8,0.15,0.16359,-0.08815,-0.30569,-0.93382,-0.67,0.81,0.18,-0.16937,-0.16958,-0.32417,-0.91513,-0.66,0.81,0.2,-0.26751,-0.25374,-0.30693,-0.87741,-0.65,0.8,0.22,-0.26751,-0.25374,-0.30693,-0.87741,-0.5,0.81,0.13,-0.2866,-0.21438,-0.09473,0.92894,-0.48,0.78,0.08,-0.2866,-0.21438,-0.09473,0.92894,-0.52,0.79,0.11,-0.40377,-0.28641,0.59932,0.62909,-0.55,0.79,0.12,-0.23064,-0.1244,0.58057,0.77089,-0.56,0.8,0.15,-0.16295,-0.1146,0.65906,0.72522,-0.57,0.8,0.18,-0.16295,-0.1146,0.65906,0.72522,-0.51,0.79,0.11,-0.2866,-0.21438,-0.09473,0.92894,-0.53,0.83,0.15,0.07338,-0.26847,0.06954,0.95797,-0.55,0.82,0.18,0.46847,-0.21795,0.14899,0.84311,-0.56,0.8,0.19,0.60206,-0.16278,0.17943,0.76081,-0.56,0.78,0.2,0.60206,-0.16278,0.17943,0.76081,-0.49,0.79,0.11,-0.2866,-0.21438,-0.09473,0.92894,-0.51,0.83,0.16,-0.03482,-0.21199,-0.05627,0.97503,-0.53,0.84,0.19,0.41009,-0.21621,0.03252,0.88545,-0.54,0.81,0.21,0.62529,-0.18328,0.02114,0.75827,-0.54,0.79,0.22,0.62529,-0.18328,0.02114,0.75827,-0.48,0.79,0.12,-0.2866,-0.21438,-0.09473,0.92894,-0.49,0.82,0.16,-0.10957,-0.17199,-0.13744,0.96929,-0.5,0.83,0.2,0.41492,-0.23713,-0.06682,0.87587,-0.52,0.81,0.21,0.67677,-0.2634,-0.01622,0.68727,-0.53,0.79,0.21,0.67677,-0.2634,-0.01622,0.68727,-0.47,0.79,0.12,-0.20275,-0.13823,-0.32033,0.91497,-0.47,0.81,0.16,-0.20962,-0.10688,-0.23691,0.94261,-0.48,0.82,0.19,0.36894,-0.22576,-0.21435,0.87577,-0.49,0.81,0.2,0.65321,-0.32884,-0.13173,0.6692,-0.5,0.8,0.2,0.65321,-0.32884,-0.13173,0.6692,-0.6,0.8,0.21
11,-0.64,0.81,0.13,0.25519,-0.10143,-0.15267,-0.94936,-0.66,0.78,0.07,0.25519,-0.10143,-0.15267,-0.94936,-0.62,0.79,0.1,0.37017,-0.28805,0.52618,-0.70932,-0.59,0.8,0.12,0.13982,-0.11683,0.51338,-0.8386,-0.58,0.8,0.15,0.02462,-0.08734,0.59454,-0.79893,-0.58,0.8,0.18,0.02462,-0.08734,0.59454,-0.79893,-0.63,0.79,0.1,0.25519,-0.10143,-0.15267,-0.94936,-0.62,0.83,0.15,0.06089,-0.08923,-0.10916,-0.98814,-0.62,0.83,0.19,-0.26037,-0.12243,-0.1006,-0.95242,-0.61,0.82,0.21,-0.41707,-0.11087,-0.0894,-0.89765,-0.6,0.8,0.22,-0.41707,-0.11087,-0.0894,-0.89765,-0.65,0.79,0.11,0.25519,-0.10143,-0.15267,-0.94936,-0.64,0.83,0.16,0.08699,-0.05831,-0.16887,-0.98006,-0.64,0.83,0.2,-0.26412,-0.11498,-0.15009,-0.94578,-0.63,0.82,0.22,-0.39795,-0.12469,-0.18762,-0.88932,-0.62,0.8,0.24,-0.39795,-0.12469,-0.18762,-0.88932,-0.66,0.79,0.11,0.25519,-0.10143,-0.15267,-0.94936,-0.66,0.81,0.16,0.12153,-0.04276,-0.2194,-0.96709,-0.66,0.82,0.19,-0.23548,-0.13294,-0.22687,-0.93563,-0.65,0.81,0.22,-0.39507,-0.19625,-0.21826,-0.8705,-0.64,0.8,0.23,-0.39507,-0.19625,-0.21826,-0.8705,-0.67,0.78,0.11,0.18722,-0.02058,-0.3783,-0.90632,-0.68,0.8,0.16,0.13855,-0.02815,-0.29281,-0.94566,-0.68,0.81,0.19,-0.1788,-0.10207,-0.33295,-0.92019,-0.67,0.8,0.2,-0.26099,-0.18256,-0.32723,-0.88965,-0.66,0.79,0.22,-0.26099,-0.18256,-0.32723,-0.88965,-0.5,0.82,0.13,-0.30462,-0.19856,-0.1524,0.919,-0.47,0.78,0.08,-0.30462,-0.19856,-0.1524,0.919,-0.52,0.79,0.11,-0.42578,-0.25857,0.55942,0.6625,-0.54,0.8,0.12,-0.24205,-0.10709,0.53161,0.80457,-0.56,0.81,0.15,-0.17288,-0.10052,0.61283,0.76449,-0.57,0.81,0.17,-0.17288,-0.10052,0.61283,0.76449,-0.51,0.8,0.11,-0.30462,-0.19856,-0.1524,0.919,-0.52,0.84,0.15,0.03812,-0.27435,0.00676,0.96085,-0.54,0.83,0.18,0.43951,-0.24985,0.0949,0.85756,-0.55,0.81,0.19,0.57804,-0.20331,0.1306,0.77941,-0.56,0.79,0.2,0.57804,-0.20331,0.1306,0.77941,-0.49,0.79,0.11,-0.30462,-0.19856,-0.1524,0.919,-0.5,0.84,0.16,-0.02557,-0.21727,-0.10864,0.96971,-0.52,0.84,0.19,0.42932,-0.2445,-0.00811,0.86939,-0.53,0.82,0.21,0.65186,-0.2183,-0.00846,0.72619,-0.54,0.8,0.21,0.65186,-0.2183,-0.00846,0.72619,-0.47,0.79,0.12,-0.30462,-0.19856,-0.1524,0.919,-0.49,0.83,0.16,-0.07435,-0.1806,-0.18636,0.96287,-0.5,0.83,0.2,0.45124,-0.2694,-0.10144,0.8447,-0.51,0.82,0.21,0.70865,-0.30325,-0.03604,0.63605,-0.52,0.79,0.21,0.70865,-0.30325,-0.03604,0.63605,-0.47,0.79,0.12,-0.21556,-0.1291,-0.37691,0.89152,-0.47,0.81,0.16,-0.17872,-0.11579,-0.29153,0.93256,-0.47,0.82,0.19,0.39246,-0.26203,-0.25248,0.84473,-0.49,0.81,0.2,0.66091,-0.37495,-0.15556,0.6312,-0.5,0.8,0.2,0.66091,-0.37495,-0.15556,0.6312,-0.6,0.8,0.21
12,-0.64,0.8,0.13,0.22622,-0.07878,-0.12646,-0.96261,-0.65,0.78,0.07,0.22622,-0.07878,-0.12646,-0.96261,-0.62,0.79,0.1,0.35968,-0.28958,0.51322,-0.72345,-0.59,0.8,0.12,0.1637,-0.14415,0.49202,-0.84282,-0.58,0.8,0.15,0.07976,-0.13534,0.57607,-0.80216,-0.57,0.8,0.18,0.07976,-0.13534,0.57607,-0.80216,-0.63,0.79,0.11,0.22622,-0.07878,-0.12646,-0.96261,-0.62,0.82,0.16,0.05733,-0.08068,-0.0814,-0.99176,-0.61,0.83,0.19,-0.18274,-0.09839,-0.08597,-0.97444,-0.61,0.82,0.22,-0.30554,-0.08195,-0.08525,-0.94481,-0.61,0.81,0.23,-0.30554,-0.08195,-0.08525,-0.94481,-0.65,0.79,0.11,0.22622,-0.07878,-0.12646,-0.96261,-0.64,0.82,0.16,0.0924,-0.02362,-0.14645,-0.98461,-0.64,0.83,0.2,-0.21611,-0.06813,-0.14456,-0.9632,-0.64,0.82,0.23,-0.33721,-0.07823,-0.18923,-0.91889,-0.63,0.8,0.25,-0.33721,-0.07823,-0.18923,-0.91889,-0.66,0.79,0.11,0.22622,-0.07878,-0.12646,-0.96261,-0.66,0.81,0.16,0.12982,-0.00242,-0.1961,-0.97195,-0.66,0.82,0.2,-0.19871,-0.08063,-0.22178,-0.95122,-0.66,0.81,0.22,-0.3511,-0.14268,-0.22263,-0.89822,-0.65,0.8,0.24,-0.3511,-0.14268,-0.22263,-0.89822,-0.67,0.78,0.11,0.16731,0.00968,-0.35202,-0.92087,-0.68,0.8,0.16,0.14212,0.0169,-0.26688,-0.95304,-0.68,0.8,0.19,-0.16197,-0.04714,-0.32339,-0.93111,-0.68,0.8,0.2,-0.24411,-0.12685,-0.32304,-0.90552,-0.67,0.79,0.22,-0.24411,-0.12685,-0.32304,-0.90552,-0.49,0.82,0.13,-0.31808,-0.18236,-0.17991,0.9128,-0.48,0.78,0.08,-0.31808,-0.18236,-0.17991,0.9128,-0.52,0.79,0.11,-0.43685,-0.23821,0.53883,0.67976,-0.54,0.81,0.12,-0.24799,-0.09238,0.50479,0.82167,-0.56,0.82,0.15,-0.17192,-0.08348,0.58719,0.78656,-0.56,0.82,0.18,-0.17192,-0.08348,0.58719,0.78656,-0.5,0.8,0.11,-0.31808,-0.18236,-0.17991,0.9128,-0.52,0.84,0.15,-0.06095,-0.25375,-0.05866,0.96356,-0.54,0.85,0.18,0.33281,-0.26118,0.02228,0.90583,-0.55,0.83,0.2,0.47982,-0.22745,0.05677,0.84547,-0.56,0.81,0.21,0.47982,-0.22745,0.05677,0.84547,-0.49,0.8,0.11,-0.31808,-0.18236,-0.17991,0.9128,-0.5,0.84,0.15,-0.02715,-0.21181,-0.13688,0.9673,-0.52,0.84,0.19,0.42339,-0.25263,-0.03658,0.86924,-0.53,0.82,0.21,0.64284,-0.23393,-0.03455,0.72859,-0.54,0.8,0.21,0.64284,-0.23393,-0.03455,0.72859,-0.47,0.79,0.12,-0.31808,-0.18236,-0.17991,0.9128,-0.48,0.83,0.16,-0.05232,-0.18015,-0.21021,0.95949,-0.49,0.83,0.2,0.46789,-0.28068,-0.12203,0.8291,-0.51,0.82,0.21,0.71845,-0.31994,-0.05201,0.61544,-0.52,0.8,0.2,0.71845,-0.31994,-0.05201,0.61544,-0.47,0.79,0.12,-0.2282,-0.11757,-0.40445,0.8778,-0.47,0.81,0.16,-0.16703,-0.1208,-0.3168,0.92582,-0.47,0.82,0.19,0.40291,-0.28069,-0.26859,0.82869,-0.49,0.81,0.2,0.66366,-0.39739,-0.16446,0.61204,-0.5,0.8,0.2,0.66366,-0.39739,-0.16446,0.61204,-0.6,0.8,0.21
13,-0.64,0.81,0.13,0.22782,-0.07422,-0.07201,-0.9682,-0.65,0.78,0.07,0.22782,-0.07422,-0.07201,-0.9682,-0.61,0.79,0.1,0.36234,-0.27386,0.53671,-0.7111,-0.59,0.79,0.12,0.19424,-0.13813,0.5064,-0.82871,-0.57,0.8,0.15,0.12014,-0.13241,0.58955,-0.78769,-0.56,0.8,0.18,0.12014,-0.13241,0.58955,-0.78769,-0.62,0.79,0.11,0.22782,-0.07422,-0.07201,-0.9682,-0.62,0.82,0.16,0.05473,-0.11958,-0.00797,-0.99128,-0.61,0.82,0.19,-0.16713,-0.11847,-0.00774,-0.97876,-0.6,0.82,0.22,-0.28181,-0.09226,-0.00647,-0.955,-0.6,0.81,0.23,-0.28181,-0.09226,-0.00647,-0.955,-0.64,0.79,0.11,0.22782,-0.07422,-0.07201,-0.9682,-0.64,0.82,0.16,0.13654,-0.01943,-0.09091,-0.98626,-0.64,0.83,0.2,-0.14508,-0.04478,-0.09441,-0.98389,-0.63,0.83,0.23,-0.26586,-0.05258,-0.14315,-0.95187,-0.63,0.81,0.25,-0.26586,-0.05258,-0.14315,-0.95187,-0.66,0.79,0.11,0.22782,-0.07422,-0.07201,-0.9682,-0.66,0.81,0.16,0.19293,0.01515,-0.1429,-0.97063,-0.66,0.83,0.19,-0.12788,-0.04703,-0.17719,-0.9747,-0.66,0.82,0.22,-0.29101,-0.10444,-0.18242,-0.93334,-0.65,0.81,0.24,-0.29101,-0.10444,-0.18242,-0.93334,-0.67,0.79,0.11,0.17733,0.01554,-0.30077,-0.93694,-0.67,0.8,0.15,0.21192,0.06893,-0.21237,-0.95144,-0.68,0.81,0.18,-0.09726,0.01233,-0.28976,-0.95206,-0.68,0.81,0.2,-0.20222,-0.07076,-0.2923,-0.93202,-0.67,0.8,0.22,-0.20222,-0.07076,-0.2923,-0.93202,-0.49,0.82,0.13,-0.32263,-0.17431,-0.13474,0.92053,-0.48,0.78,0.08,-0.32263,-0.17431,-0.13474,0.92053,-0.52,0.79,0.11,-0.42029,-0.24016,0.57657,0.65821,-0.54,0.8,0.13,-0.23195,-0.0789,0.54533,0.80162,-0.55,0.81,0.16,-0.13126,-0.04955,0.6239,0.76881,-0.56,0.81,0.18,-0.13126,-0.04955,0.6239,0.76881,-0.51,0.8,0.11,-0.32263,-0.17431,-0.13474,0.92053,-0.52,0.84,0.15,-0.0631,-0.21502,-0.03054,0.97409,-0.54,0.84,0.18,0.30896,-0.21537,0.02651,0.92599,-0.55,0.83,0.2,0.44809,-0.18203,0.05014,0.87382,-0.55,0.81,0.21,0.44809,-0.18203,0.05014,0.87382,-0.49,0.8,0.11,-0.32263,-0.17431,-0.13474,0.92053,-0.5,0.84,0.16,-0.03947,-0.18779,-0.0995,0.97636,-0.52,0.84,0.19,0.38866,-0.21375,-0.02114,0.89599,-0.53,0.82,0.21,0.58736,-0.19596,-0.03475,0.78448,-0.54,0.8,0.22,0.58736,-0.19596,-0.03475,0.78448,-0.47,0.79,0.12,-0.32263,-0.17431,-0.13474,0.92053,-0.48,0.83,0.16,-0.08178,-0.15681,-0.17352,0.96882,-0.49,0.84,0.2,0.42458,-0.24031,-0.10912,0.86607,-0.51,0.82,0.21,0.67254,-0.27946,-0.05827,0.68279,-0.52,0.8,0.21,0.67254,-0.27946,-0.05827,0.68279,-0.47,0.79,0.12,-0.24047,-0.10882,-0.3631,0.89358,-0.47,0.81,0.16,-0.19828,-0.10566,-0.27515,0.93478,-0.47,0.83,0.19,0.3769,-0.2461,-0.2451,0.85866,-0.48,0.82,0.2,0.63951,-0.35571,-0.15978,0.66255,-0.5,0.8,0.2,0.63951,-0.35571,-0.15978,0.66255,-0.6,0.8,0.21
14,-0.64,0.8,0.13,0.20446,-0.06711,-0.0537,-0.97509,-0.65,0.78,0.07,0.20446,-0.06711,-0.0537,-0.97509,-0.61,0.79,0.11,0.34427,-0.27605,0.53931,-0.71723,-0.59,0.79,0.13,0.18362,-0.14317,0.50781,-0.82941,-0.57,0.8,0.15,0.11074,-0.13884,0.5907,-0.78711,-0.56,0.8,0.18,0.11074,-0.13884,0.5907,-0.78711,-0.62,0.79,0.11,0.20446,-0.06711,-0.0537,-0.97509,-0.61,0.82,0.16,0.02913,-0.13279,0.0159,-0.99059,-0.6,0.82,0.2,-0.17988,-0.12566,0.01687,-0.97548,-0.6,0.81,0.22,-0.29019,-0.09645,0.01874,-0.95191,-0.59,0.8,0.24,-0.29019,-0.09645,0.01874,-0.95191,-0.64,0.79,0.11,0.20446,-0.06711,-0.0537,-0.97509,-0.64,0.82,0.16,0.14098,-0.01764,-0.07017,-0.98737,-0.64,0.83,0.2,-0.13947,-0.03718,-0.07506,-0.98668,-0.63,0.82,0.23,-0.26413,-0.04341,-0.12523,-0.95534,-0.63,0.81,0.25,-0.26413,-0.04341,-0.12523,-0.95534,-0.66,0.79,0.11,0.20446,-0.06711,-0.0537,-0.97509,-0.65,0.81,0.16,0.20323,0.0275,-0.12207,-0.9711,-0.66,0.83,0.19,-0.12156,-0.02965,-0.16136,-0.97893,-0.66,0.82,0.22,-0.29723,-0.08657,-0.16957,-0.93563,-0.65,0.81,0.24,-0.29723,-0.08657,-0.16957,-0.93563,-0.67,0.79,0.11,0.15864,0.02856,-0.28132,-0.94598,-0.67,0.8,0.16,0.21823,0.1017,-0.18825,-0.95215,-0.68,0.81,0.18,-0.10482,0.04588,-0.27888,-0.95349,-0.68,0.81,0.2,-0.24069,-0.04516,-0.28617,-0.92636,-0.68,0.8,0.22,-0.24069,-0.04516,-0.28617,-0.92636,-0.5,0.82,0.13,-0.31693,-0.17952,-0.11702,0.92392,-0.48,0.78,0.08,-0.31693,-0.17952,-0.11702,0.92392,-0.52,0.79,0.11,-0.41346,-0.2484,0.58902,0.64838,-0.54,0.8,0.13,-0.22152,-0.07862,0.56169,0.79325,-0.56,0.81,0.16,-0.10536,-0.03535,0.63843,0.76162,-0.56,0.81,0.18,-0.10536,-0.03535,0.63843,0.76162,-0.51,0.8,0.11,-0.31693,-0.17952,-0.11702,0.92392,-0.52,0.84,0.15,-0.02659,-0.21215,-0.00701,0.97685,-0.54,0.84,0.18,0.33905,-0.20326,0.04603,0.91739,-0.55,0.82,0.2,0.46822,-0.16732,0.06679,0.86505,-0.55,0.8,0.21,0.46822,-0.16732,0.06679,0.86505,-0.49,0.79,0.11,-0.31693,-0.17952,-0.11702,0.92392,-0.5,0.84,0.16,-0.033,-0.18717,-0.08113,0.97842,-0.52,0.84,0.19,0.38616,-0.20512,-0.00698,0.89931,-0.53,0.82,0.21,0.57416,-0.1851,-0.0245,0.79717,-0.54,0.8,0.22,0.57416,-0.1851,-0.0245,0.79717,-0.47,0.79,0.12,-0.31693,-0.17952,-0.11702,0.92392,-0.48,0.83,0.16,-0.08998,-0.15595,-0.1568,0.97108,-0.5,0.84,0.2,0.41723,-0.23131,-0.09554,0.87366,-0.51,0.82,0.21,0.66274,-0.26708,-0.04968,0.69784,-0.52,0.8,0.21,0.66274,-0.26708,-0.04968,0.69784,-0.47,0.79,0.12,-0.2363,-0.11188,-0.34575,0.90117,-0.47,0.81,0.16,-0.20412,-0.10789,-0.25692,0.93845,-0.47,0.83,0.19,0.37716,-0.23881,-0.22855,0.86515,-0.48,0.82,0.2,0.64328,-0.34352,-0.14658,0.66836,-0.5,0.8,0.2,0.64328,-0.34352,-0.14658,0.66836,-0.6,0.8,0.21
15,-0.64,0.8,0.14,0.1347,-0.04578,-0.06507,-0.98769,-0.65,0.79,0.07,0.1347,-0.04578,-0.06507,-0.98769,-0.61,0.79,0.11,0.29008,-0.29099,0.51321,-0.75352,-0.59,0.79,0.13,0.12281,-0.1584,0.48489,-0.8513,-0.58,0.8,0.16,0.05018,-0.16077,0.56753,-0.80594,-0.57,0.79,0.18,0.05018,-0.16077,0.56753,-0.80594,-0.62,0.79,0.11,0.1347,-0.04578,-0.06507,-0.98769,-0.62,0.81,0.16,-0.04409,-0.13563,0.00208,-0.98978,-0.61,0.81,0.2,-0.2448,-0.1294,0.00318,-0.9609,-0.6,0.8,0.22,-0.35261,-0.10095,0.00726,-0.93028,-0.6,0.78,0.24,-0.35261,-0.10095,0.00726,-0.93028,-0.64,0.79,0.11,0.1347,-0.04578,-0.06507,-0.98769,-0.64,0.81,0.17,0.0806,-0.00102,-0.07818,-0.99368,-0.64,0.82,0.21,-0.21076,-0.02373,-0.08715,-0.97336,-0.64,0.81,0.23,-0.35473,-0.03014,-0.13999,-0.92394,-0.63,0.8,0.25,-0.35473,-0.03014,-0.13999,-0.92394,-0.66,0.79,0.11,0.1347,-0.04578,-0.06507,-0.98769,-0.66,0.81,0.16,0.16112,0.05538,-0.12503,-0.97742,-0.66,0.82,0.2,-0.17743,-0.0053,-0.17409,-0.9686,-0.66,0.81,0.22,-0.36942,-0.06748,-0.1882,-0.9075,-0.66,0.79,0.24,-0.36942,-0.06748,-0.1882,-0.9075,-0.67,0.79,0.11,0.0937,0.06521,-0.28555,-0.95154,-0.68,0.8,0.16,0.1621,0.14081,-0.18397,-0.95919,-0.69,0.8,0.18,-0.16439,0.08588,-0.28757,-0.93963,-0.69,0.8,0.2,-0.32209,-0.0146,-0.30482,-0.89617,-0.68,0.78,0.22,-0.32209,-0.0146,-0.30482,-0.89617,-0.5,0.81,0.13,-0.30891,-0.1779,-0.11228,0.92753,-0.48,0.78,0.08,-0.30891,-0.1779,-0.11228,0.92753,-0.52,0.79,0.11,-0.41214,-0.24219,0.58673,0.65363,-0.54,0.8,0.13,-0.21368,-0.06899,0.55828,0.79869,-0.55,0.8,0.16,-0.08726,-0.01969,0.6335,0.76856,-0.56,0.81,0.18,-0.08726,-0.01969,0.6335,0.76856,-0.51,0.79,0.11,-0.30891,-0.1779,-0.11228,0.92753,-0.52,0.83,0.15,0.02275,-0.20861,0.00628,0.97771,-0.54,0.83,0.18,0.38063,-0.1941,0.05595,0.90239,-0.55,0.81,0.2,0.49868,-0.15712,0.07484,0.84913,-0.55,0.79,0.21,0.49868,-0.15712,0.07484,0.84913,-0.49,0.79,0.11,-0.30891,-0.1779,-0.11228,0.92753,-0.5,0.83,0.16,-0.00971,-0.18666,-0.07307,0.97966,-0.52,0.84,0.2,0.40335,-0.20094,-0.00091,0.89271,-0.53,0.82,0.21,0.5832,-0.17893,-0.01993,0.79213,-0.54,0.79,0.22,0.5832,-0.17893,-0.01993,0.79213,-0.47,0.79,0.12,-0.30891,-0.1779,-0.11228,0.92753,-0.49,0.82,0.16,-0.08288,-0.15511,-0.15099,0.97277,-0.5,0.83,0.2,0.42633,-0.22757,-0.09062,0.87077,-0.51,0.81,0.21,0.66743,-0.2618,-0.04727,0.69553,-0.52,0.79,0.21,0.66743,-0.2618,-0.04727,0.69553,-0.47,0.79,0.12,-0.22947,-0.10806,-0.34082,0.90527,-0.47,0.81,0.16,-0.20018,-0.10676,-0.25114,0.94099,-0.47,0.82,0.19,0.3905,-0.23634,-0.22263,0.86145,-0.48,0.81,0.2,0.65719,-0.3394,-0.1414,0.65797,-0.5,0.8,0.2,0.65719,-0.3394,-0.1414,0.65797,-0.6,0.8,0.21
16,-0.64,0.81,0.13,0.15379,-0.0448,-0.12451,-0.9792,-0.65,0.79,0.07,0.15379,-0.0448,-0.12451,-0.9792,-0.61,0.8,0.1,0.32219,-0.26874,0.47109,-0.77592,-0.59,0.8,0.13,0.14758,-0.1466,0.43603,-0.87556,-0.58,0.81,0.16,0.06604,-0.14637,0.52234,-0.83748,-0.57,0.81,0.18,0.06604,-0.14637,0.52234,-0.83748,-0.63,0.8,0.11,0.15379,-0.0448,-0.12451,-0.9792,-0.62,0.82,0.16,-0.02697,-0.14919,-0.05196,-0.98707,-0.61,0.82,0.2,-0.22657,-0.15388,-0.04722,-0.9606,-0.6,0.81,0.22,-0.33831,-0.13132,-0.04014,-0.93096,-0.6,0.8,0.24,-0.33831,-0.13132,-0.04014,-0.93096,-0.64,0.8,0.11,0.15379,-0.0448,-0.12451,-0.9792,-0.64,0.82,0.16,0.09401,-0.00072,-0.13889,-0.98584,-0.64,0.83,0.21,-0.22814,-0.04605,-0.14384,-0.96184,-0.64,0.82,0.23,-0.39346,-0.0634,-0.1927,-0.89668,-0.63,0.8,0.25,-0.39346,-0.0634,-0.1927,-0.89668,-0.66,0.79,0.11,0.15379,-0.0448,-0.12451,-0.9792,-0.66,0.81,0.16,0.17001,0.0615,-0.18603,-0.96577,-0.67,0.82,0.2,-0.18984,-0.02663,-0.23289,-0.95342,-0.66,0.81,0.22,-0.38731,-0.10236,-0.24102,-0.88398,-0.66,0.8,0.24,-0.38731,-0.10236,-0.24102,-0.88398,-0.67,0.79,0.11,0.1042,0.05994,-0.34402,-0.93124,-0.68,0.8,0.15,0.15798,0.14012,-0.24684,-0.94577,-0.69,0.8,0.18,-0.16631,0.06381,-0.34551,-0.92135,-0.69,0.8,0.2,-0.3123,-0.04402,-0.35773,-0.87896,-0.68,0.79,0.22,-0.3123,-0.04402,-0.35773,-0.87896,-0.5,0.81,0.14,-0.30854,-0.17562,-0.11352,0.92794,-0.48,0.78,0.08,-0.30854,-0.17562,-0.11352,0.92794,-0.52,0.79,0.11,-0.41187,-0.23702,0.58561,0.65669,-0.54,0.8,0.13,-0.21292,-0.06422,0.55551,0.80122,-0.55,0.81,0.16,-0.08999,-0.01878,0.63056,0.77067,-0.56,0.81,0.18,-0.08999,-0.01878,0.63056,0.77067,-0.51,0.79,0.11,-0.30854,-0.17562,-0.11352,0.92794,-0.52,0.83,0.15,0.02192,-0.20645,0.00363,0.97821,-0.54,0.83,0.19,0.3741,-0.19341,0.05141,0.90554,-0.55,0.81,0.2,0.48888,-0.15734,0.06926,0.85524,-0.55,0.8,0.21,0.48888,-0.15734,0.06926,0.85524,-0.49,0.79,0.11,-0.30854,-0.17562,-0.11352,0.92794,-0.5,0.83,0.16,0.00188,-0.18692,-0.0719,0.97974,-0.52,0.84,0.2,0.41235,-0.20055,-0.0001,0.88868,-0.53,0.82,0.21,0.58982,-0.17786,-0.01922,0.78747,-0.54,0.79,0.22,0.58982,-0.17786,-0.01922,0.78747,-0.47,0.79,0.12,-0.30854,-0.17562,-0.11352,0.92794,-0.49,0.83,0.16,-0.07559,-0.15574,-0.1507,0.9733,-0.5,0.83,0.2,0.43072,-0.22747,-0.09071,0.86863,-0.51,0.81,0.21,0.66807,-0.2616,-0.04832,0.69493,-0.52,0.79,0.21,0.66807,-0.2616,-0.04832,0.69493,-0.47,0.79,0.12,-0.2294,-0.10574,-0.3421,0.90508,-0.47,0.81,0.16,-0.19702,-0.10775,-0.25164,0.94141,-0.47,0.82,0.19,0.39107,-0.23662,-0.22299,0.86102,-0.48,0.81,0.2,0.65566,-0.33945,-0.14253,0.65921,-0.5,0.8,0.2,0.65566,-0.33945,-0.14253,0.65921,-0.6,0.8,0.21
17,-0.64,0.81,0.13,0.155,-0.0555,-0.13424,-0.97718,-0.65,0.79,0.07,0.155,-0.0555,-0.13424,-0.97718,-0.61,0.8,0.1,0.33255,-0.27373,0.46073,-0.77602,-0.59,0.81,0.12,0.15817,-0.15528,0.42614,-0.87708,-0.58,0.81,0.15,0.07118,-0.15113,0.51452,-0.84105,-0.57,0.81,0.18,0.07118,-0.15113,0.51452,-0.84105,-0.63,0.8,0.11,0.155,-0.0555,-0.13424,-0.97718,-0.62,0.82,0.16,-0.05391,-0.16664,-0.05212,-0.98316,-0.61,0.82,0.2,-0.2446,-0.16992,-0.04521,-0.95355,-0.6,0.81,0.22,-0.35477,-0.14685,-0.03592,-0.92265,-0.59,0.79,0.23,-0.35477,-0.14685,-0.03592,-0.92265,-0.64,0.8,0.11,0.155,-0.0555,-0.13424,-0.97718,-0.64,0.82,0.16,0.09468,-0.00608,-0.149,-0.98427,-0.64,0.83,0.2,-0.24369,-0.05699,-0.15075,-0.95637,-0.64,0.82,0.23,-0.4213,-0.07666,-0.19751,-0.88183,-0.63,0.8,0.25,-0.4213,-0.07666,-0.19751,-0.88183,-0.66,0.79,0.11,0.155,-0.0555,-0.13424,-0.97718,-0.66,0.81,0.16,0.17343,0.05975,-0.19621,-0.96325,-0.67,0.82,0.2,-0.20285,-0.03636,-0.24134,-0.94831,-0.66,0.81,0.22,-0.40762,-0.11552,-0.24697,-0.8715,-0.65,0.8,0.24,-0.40762,-0.11552,-0.24697,-0.8715,-0.67,0.79,0.11,0.10182,0.04887,-0.35299,-0.92878,-0.67,0.8,0.15,0.14988,0.1296,-0.25784,-0.94565,-0.68,0.8,0.18,-0.17546,0.05054,-0.35214,-0.91796,-0.68,0.8,0.2,-0.31889,-0.05752,-0.36234,-0.8739,-0.68,0.78,0.22,-0.31889,-0.05752,-0.36234,-0.8739,-0.5,0.81,0.14,-0.30195,-0.17313,-0.11399,0.93052,-0.48,0.78,0.08,-0.30195,-0.17313,-0.11399,0.93052,-0.52,0.79,0.11,-0.40456,-0.23964,0.58617,0.65978,-0.54,0.8,0.13,-0.20584,-0.06653,0.55671,0.80204,-0.55,0.8,0.16,-0.08999,-0.02716,0.63211,0.76916,-0.56,0.81,0.18,-0.08999,-0.02716,0.63211,0.76916,-0.51,0.79,0.11,-0.30195,-0.17313,-0.11399,0.93052,-0.52,0.83,0.15,0.02913,-0.2048,0.00245,0.97837,-0.54,0.83,0.19,0.3737,-0.19247,0.04817,0.90608,-0.55,0.81,0.2,0.4863,-0.15697,0.06543,0.85709,-0.55,0.79,0.21,0.4863,-0.15697,0.06543,0.85709,-0.49,0.79,0.11,-0.30195,-0.17313,-0.11399,0.93052,-0.5,0.83,0.16,0.01015,-0.1854,-0.07226,0.97995,-0.52,0.83,0.2,0.41709,-0.19921,-0.0017,0.88676,-0.53,0.81,0.21,0.59427,-0.17654,-0.02093,0.78437,-0.54,0.79,0.22,0.59427,-0.17654,-0.02093,0.78437,-0.47,0.79,0.12,-0.30195,-0.17313,-0.11399,0.93052,-0.48,0.82,0.16,-0.06704,-0.15354,-0.15093,0.97425,-0.5,0.83,0.2,0.43508,-0.22502,-0.09298,0.86685,-0.51,0.81,0.21,0.67114,-0.2598,-0.05144,0.69241,-0.52,0.79,0.21,0.67114,-0.2598,-0.05144,0.69241,-0.47,0.79,0.12,-0.22342,-0.10161,-0.3422,0.907,-0.47,0.81,0.16,-0.18699,-0.10642,-0.25124,0.94371,-0.47,0.82,0.19,0.39674,-0.23357,-0.22433,0.85891,-0.48,0.81,0.2,0.65949,-0.33687,-0.14543,0.65609,-0.5,0.79,0.2,0.65949,-0.33687,-0.14543,0.65609,-0.6,0.8,0.21
18,-0.64,0.81,0.14,0.14074,-0.05767,-0.11253,-0.98194,-0.65,0.79,0.07,0.14074,-0.05767,-0.11253,-0.98194,-0.61,0.79,0.1,0.31631,-0.2842,0.475,-0.77043,-0.59,0.8,0.12,0.14771,-0.16361,0.44244,-0.86929,-0.58,0.81,0.16,0.05535,-0.15472,0.53083,-0.83139,-0.57,0.8,0.18,0.05535,-0.15472,0.53083,-0.83139,-0.63,0.8,0.11,0.14074,-0.05767,-0.11253,-0.98194,-0.62,0.82,0.16,-0.09307,-0.16682,-0.0268,-0.98122,-0.61,0.81,0.2,-0.27672,-0.16412,-0.02123,-0.94659,-0.6,0.8,0.22,-0.38433,-0.13797,-0.01202,-0.91275,-0.59,0.78,0.23,-0.38433,-0.13797,-0.01202,-0.91275,-0.64,0.8,0.11,0.14074,-0.05767,-0.11253,-0.98194,-0.64,0.82,0.16,0.06428,-0.00672,-0.12657,-0.98985,-0.64,0.82,0.21,-0.28574,-0.05119,-0.1289,-0.94822,-0.64,0.81,0.23,-0.47272,-0.06603,-0.17727,-0.86067,-0.63,0.79,0.24,-0.47272,-0.06603,-0.17727,-0.86067,-0.66,0.79,0.11,0.14074,-0.05767,-0.11253,-0.98194,-0.66,0.81,0.16,0.16298,0.05988,-0.17328,-0.96945,-0.66,0.82,0.2,-0.23425,-0.03148,-0.22041,-0.94634,-0.66,0.81,0.22,-0.45033,-0.10816,-0.22804,-0.85645,-0.65,0.79,0.24,-0.45033,-0.10816,-0.22804,-0.85645,-0.67,0.79,0.11,0.09053,0.05078,-0.33093,-0.93793,-0.67,0.79,0.16,0.14433,0.12451,-0.23396,-0.95338,-0.68,0.8,0.18,-0.18732,0.05285,-0.32882,-0.92412,-0.68,0.79,0.2,-0.34322,-0.05528,-0.34024,-0.87372,-0.68,0.78,0.22,-0.34322,-0.05528,-0.34024,-0.87372,-0.5,0.81,0.14,-0.30248,-0.17636,-0.11747,0.9293,-0.48,0.78,0.08,-0.30248,-0.17636,-0.11747,0.9293,-0.52,0.79,0.11,-0.40515,-0.24108,0.58571,0.6593,-0.54,0.8,0.13,-0.20805,-0.06927,0.55644,0.80143,-0.55,0.81,0.16,-0.09924,-0.03517,0.63249,0.76738,-0.56,0.81,0.18,-0.09924,-0.03517,0.63249,0.76738,-0.51,0.79,0.11,-0.30248,-0.17636,-0.11747,0.9293,-0.53,0.83,0.15,0.02781,-0.2091,0.00031,0.9775,-0.54,0.83,0.19,0.36757,-0.19752,0.04665,0.90758,-0.55,0.81,0.2,0.47961,-0.1623,0.0642,0.85995,-0.55,0.8,0.21,0.47961,-0.1623,0.0642,0.85995,-0.49,0.79,0.11,-0.30248,-0.17636,-0.11747,0.9293,-0.5,0.83,0.16,0.00793,-0.19001,-0.07447,0.97892,-0.52,0.83,0.2,0.41185,-0.20434,-0.00244,0.88804,-0.53,0.81,0.21,0.5903,-0.18202,-0.0206,0.78612,-0.54,0.79,0.22,0.5903,-0.18202,-0.0206,0.78612,-0.47,0.79,0.12,-0.30248,-0.17636,-0.11747,0.9293,-0.49,0.82,0.16,-0.06788,-0.15827,-0.15321,0.97307,-0.5,0.83,0.2,0.43257,-0.23014,-0.09284,0.86677,-0.51,0.81,0.21,0.66974,-0.26469,-0.04946,0.69206,-0.52,0.79,0.21,0.66974,-0.26469,-0.04946,0.69206,-0.47,0.79,0.12,-0.22279,-0.10508,-0.34534,0.90557,-0.47,0.81,0.16,-0.18221,-0.11335,-0.25341,0.94326,-0.47,0.82,0.19,0.39683,-0.23911,-0.22302,0.85768,-0.48,0.81,0.2,0.65976,-0.34163,-0.14202,0.65409,-0.5,0.8,0.2,0.65976,-0.34163,-0.14202,0.65409,-0.6,0.8,0.21
19,-0.64,0.81,0.13,0.15355,-0.05579,-0.10103,-0.98138,-0.65,0.79,0.07,0.15355,-0.05579,-0.10103,-0.98138,-0.61,0.79,0.1,0.31591,-0.27295,0.49453,-0.76232,-0.59,0.8,0.13,0.15402,-0.15065,0.45902,-0.86191,-0.58,0.81,0.16,0.04712,-0.13085,0.54685,-0.8256,-0.57,0.81,0.18,0.04712,-0.13085,0.54685,-0.8256,-0.63,0.8,0.11,0.15355,-0.05579,-0.10103,-0.98138,-0.62,0.82,0.16,-0.08979,-0.16033,-0.01394,-0.98287,-0.61,0.81,0.2,-0.27281,-0.15544,-0.00997,-0.94937,-0.6,0.8,0.22,-0.38017,-0.12809,-0.00198,-0.916,-0.59,0.79,0.23,-0.38017,-0.12809,-0.00198,-0.916,-0.64,0.8,0.11,0.15355,-0.05579,-0.10103,-0.98138,-0.64,0.82,0.16,0.04198,-0.01166,-0.11491,-0.99242,-0.64,0.82,0.21,-0.32431,-0.0535,-0.11538,-0.93736,-0.63,0.81,0.23,-0.52289,-0.06499,-0.16354,-0.83404,-0.63,0.79,0.24,-0.52289,-0.06499,-0.16354,-0.83404,-0.66,0.8,0.11,0.15355,-0.05579,-0.10103,-0.98138,-0.66,0.81,0.16,0.17061,0.0545,-0.16346,-0.97016,-0.66,0.82,0.2,-0.25217,-0.03802,-0.20884,-0.94411,-0.66,0.81,0.22,-0.48636,-0.11527,-0.21467,-0.8391,-0.65,0.79,0.23,-0.48636,-0.11527,-0.21467,-0.8391,-0.67,0.79,0.11,0.10494,0.05008,-0.32151,-0.93974,-0.67,0.8,0.15,0.1692,0.10813,-0.22417,-0.95364,-0.68,0.81,0.18,-0.17769,0.03496,-0.31583,-0.93137,-0.68,0.8,0.2,-0.36844,-0.08211,-0.32228,-0.86813,-0.67,0.79,0.22,-0.36844,-0.08211,-0.32228,-0.86813,-0.5,0.81,0.14,-0.30499,-0.17866,-0.11871,0.92788,-0.48,0.78,0.08,-0.30499,-0.17866,-0.11871,0.92788,-0.52,0.79,0.11,-0.40623,-0.24144,0.58695,0.65739,-0.54,0.8,0.13,-0.20901,-0.06899,0.55793,0.80017,-0.56,0.81,0.16,-0.09967,-0.03414,0.63387,0.76623,-0.56,0.81,0.18,-0.09967,-0.03414,0.63387,0.76623,-0.51,0.79,0.11,-0.30499,-0.17866,-0.11871,0.92788,-0.53,0.83,0.15,0.01683,-0.21077,-0.00265,0.97739,-0.54,0.83,0.18,0.35433,-0.20053,0.04383,0.91232,-0.55,0.82,0.2,0.46746,-0.16573,0.06143,0.86617,-0.55,0.8,0.21,0.46746,-0.16573,0.06143,0.86617,-0.49,0.79,0.11,-0.30499,-0.17866,-0.11871,0.92788,-0.5,0.84,0.16,-0.00537,-0.19122,-0.0775,0.97847,-0.52,0.84,0.2,0.39784,-0.20686,-0.00508,0.89382,-0.53,0.82,0.21,0.57792,-0.18591,-0.02293,0.7943,-0.54,0.79,0.22,0.57792,-0.18591,-0.02293,0.7943,-0.47,0.79,0.12,-0.30499,-0.17866,-0.11871,0.92788,-0.49,0.83,0.16,-0.07567,-0.16002,-0.15498,0.97193,-0.5,0.83,0.2,0.42358,-0.23268,-0.09376,0.87043,-0.51,0.81,0.21,0.66253,-0.26766,-0.04931,0.69784,-0.52,0.79,0.21,0.66253,-0.26766,-0.04931,0.69784,-0.47,0.79,0.12,-0.22461,-0.10805,-0.34656,0.90431,-0.47,0.81,0.16,-0.18266,-0.11751,-0.25417,0.94246,-0.47,0.82,0.19,0.38955,-0.2414,-0.22282,0.86042,-0.49,0.81,0.2,0.65326,-0.34371,-0.141,0.65972,-0.5,0.8,0.2,0.65326,-0.34371,-0.141,0.65972,-0.6,0.8,0.21
20,-0.64,0.81,0.13,0.18783,-0.06065,-0.1156,-0.97349,-0.65,0.79,0.07,0.18783,-0.06065,-0.1156,-0.97349,-0.61,0.8,0.1,0.34253,-0.24991,0.49677,-0.75726,-0.59,0.81,0.12,0.1836,-0.13054,0.45536,-0.86133,-0.58,0.81,0.16,0.05908,-0.09874,0.54315,-0.83171,-0.57,0.81,0.18,0.05908,-0.09874,0.54315,-0.83171,-0.63,0.8,0.11,0.18783,-0.06065,-0.1156,-0.97349,-0.62,0.83,0.16,-0.05588,-0.16253,-0.02511,-0.9848,-0.61,0.82,0.2,-0.23923,-0.16053,-0.0208,-0.95738,-0.6,0.81,0.22,-0.34482,-0.13466,-0.01365,-0.92886,-0.59,0.8,0.23,-0.34482,-0.13466,-0.01365,-0.92886,-0.64,0.8,0.11,0.18783,-0.06065,-0.1156,-0.97349,-0.64,0.83,0.16,0.03492,-0.03344,-0.12691,-0.99074,-0.64,0.83,0.2,-0.33273,-0.07835,-0.11837,-0.93228,-0.63,0.81,0.22,-0.53562,-0.08978,-0.16073,-0.82415,-0.62,0.79,0.24,-0.53562,-0.08978,-0.16073,-0.82415,-0.66,0.8,0.11,0.18783,-0.06065,-0.1156,-0.97349,-0.66,0.82,0.16,0.17678,0.03142,-0.18143,-0.96687,-0.66,0.83,0.2,-0.2591,-0.06965,-0.21447,-0.93916,-0.66,0.82,0.22,-0.50509,-0.14967,-0.21056,-0.8235,-0.65,0.8,0.23,-0.50509,-0.14967,-0.21056,-0.8235,-0.67,0.79,0.11,0.13522,0.0369,-0.33871,-0.93039,-0.67,0.8,0.15,0.20557,0.07866,-0.24313,-0.94469,-0.68,0.81,0.18,-0.17154,-0.01157,-0.32451,-0.93012,-0.68,0.81,0.2,-0.39177,-0.13974,-0.31661,-0.85249,-0.67,0.8,0.22,-0.39177,-0.13974,-0.31661,-0.85249,-0.5,0.82,0.13,-0.32598,-0.17964,-0.12098,0.92023,-0.48,0.78,0.08,-0.32598,-0.17964,-0.12098,0.92023,-0.52,0.79,0.11,-0.42095,-0.23061,0.58826,0.65082,-0.54,0.8,0.13,-0.22191,-0.05692,0.55657,0.79859,-0.55,0.81,0.16,-0.10911,-0.01912,0.63164,0.76731,-0.56,0.81,0.18,-0.10911,-0.01912,0.63164,0.76731,-0.51,0.8,0.11,-0.32598,-0.17964,-0.12098,0.92023,-0.52,0.84,0.15,-0.05439,-0.20704,-0.01926,0.97663,-0.54,0.84,0.18,0.2773,-0.20481,0.02496,0.93837,-0.55,0.83,0.2,0.39387,-0.17304,0.04078,0.90181,-0.56,0.81,0.22,0.39387,-0.17304,0.04078,0.90181,-0.49,0.8,0.11,-0.32598,-0.17964,-0.12098,0.92023,-0.5,0.84,0.15,-0.05481,-0.18903,-0.0865,0.97662,-0.52,0.84,0.19,0.34001,-0.20898,-0.01684,0.91675,-0.53,0.83,0.21,0.51905,-0.1942,-0.03589,0.83162,-0.54,0.81,0.22,0.51905,-0.1942,-0.03589,0.83162,-0.47,0.79,0.12,-0.32598,-0.17964,-0.12098,0.92023,-0.49,0.83,0.16,-0.11405,-0.16005,-0.16101,0.96719,-0.5,0.84,0.2,0.36946,-0.23535,-0.10269,0.89306,-0.51,0.82,0.21,0.60933,-0.27439,-0.05816,0.74165,-0.52,0.8,0.22,0.60933,-0.27439,-0.05816,0.74165,-0.47,0.79,0.12,-0.24454,-0.11445,-0.3501,0.89696,-0.47,0.81,0.16,-0.20736,-0.12371,-0.25724,0.9357,-0.47,0.83,0.19,0.3418,-0.24463,-0.22735,0.87843,-0.49,0.82,0.2,0.60049,-0.34674,-0.14812,0.70516,-0.5,0.8,0.2,0.60049,-0.34674,-0.14812,0.70516,-0.6,0.8,0.21
21,-0.64,0.82,0.13,0.23297,-0.05877,-0.13034,-0.96192,-0.65,0.79,0.07,0.23297,-0.05877,-0.13034,-0.96192,-0.61,0.8,0.1,0.37659,-0.22211,0.49675,-0.74973,-0.59,0.81,0.12,0.21708,-0.10472,0.44918,-0.86032,-0.58,0.82,0.15,0.08166,-0.0658,0.53531,-0.83812,-0.57,0.82,0.18,0.08166,-0.0658,0.53531,-0.83812,-0.63,0.81,0.1,0.23297,-0.05877,-0.13034,-0.96192,-0.62,0.84,0.16,-0.00453,-0.15348,-0.0409,-0.98729,-0.61,0.84,0.19,-0.18781,-0.15582,-0.03835,-0.96901,-0.6,0.83,0.21,-0.28763,-0.13215,-0.03427,-0.94796,-0.6,0.82,0.23,-0.28763,-0.13215,-0.03427,-0.94796,-0.64,0.8,0.1,0.23297,-0.05877,-0.13034,-0.96192,-0.64,0.83,0.16,0.05674,-0.04331,-0.14086,-0.98745,-0.64,0.84,0.2,-0.30191,-0.09166,-0.12857,-0.94017,-0.63,0.82,0.22,-0.50141,-0.10611,-0.1681,-0.84206,-0.62,0.8,0.23,-0.50141,-0.10611,-0.1681,-0.84206,-0.66,0.8,0.11,0.23297,-0.05877,-0.13034,-0.96192,-0.66,0.82,0.16,0.17783,0.01606,-0.19987,-0.96342,-0.66,0.84,0.19,-0.25398,-0.09078,-0.22443,-0.93642,-0.66,0.83,0.21,-0.49803,-0.17243,-0.21423,-0.8224,-0.65,0.81,0.23,-0.49803,-0.17243,-0.21423,-0.8224,-0.67,0.79,0.11,0.17745,0.02749,-0.35695,-0.9167,-0.68,0.81,0.15,0.21931,0.05753,-0.26616,-0.93688,-0.68,0.82,0.18,-0.18538,-0.05073,-0.33734,-0.92155,-0.68,0.81,0.2,-0.40951,-0.18306,-0.31824,-0.83517,-0.67,0.8,0.21,-0.40951,-0.18306,-0.31824,-0.83517,-0.5,0.82,0.13,-0.33492,-0.17471,-0.12001,0.9181,-0.48,0.78,0.09,-0.33492,-0.17471,-0.12001,0.9181,-0.52,0.79,0.11,-0.43316,-0.23269,0.5811,0.64849,-0.54,0.8,0.13,-0.22697,-0.05721,0.55098,0.80102,-0.56,0.81,0.16,-0.11503,-0.02044,0.62663,0.77051,-0.56,0.81,0.18,-0.11503,-0.02044,0.62663,0.77051,-0.51,0.8,0.11,-0.33492,-0.17471,-0.12001,0.9181,-0.52,0.84,0.15,-0.14456,-0.19325,-0.04277,0.9695,-0.54,0.85,0.18,0.16966,-0.20184,-0.00562,0.96459,-0.55,0.84,0.2,0.28811,-0.17508,0.00646,0.94143,-0.55,0.83,0.22,0.28811,-0.17508,0.00646,0.94143,-0.49,0.8,0.11,-0.33492,-0.17471,-0.12001,0.9181,-0.5,0.84,0.16,-0.10886,-0.17661,-0.09781,0.97334,-0.52,0.85,0.19,0.22957,-0.20039,-0.04465,0.95139,-0.53,0.84,0.22,0.37805,-0.19682,-0.0707,0.90185,-0.54,0.82,0.23,0.37805,-0.19682,-0.0707,0.90185,-0.47,0.79,0.12,-0.33492,-0.17471,-0.12001,0.9181,-0.49,0.83,0.16,-0.16628,-0.14672,-0.16948,0.96026,-0.49,0.84,0.2,0.24661,-0.22058,-0.13165,0.93445,-0.51,0.83,0.22,0.45457,-0.26871,-0.09885,0.84344,-0.52,0.82,0.23,0.45457,-0.26871,-0.09885,0.84344,-0.47,0.79,0.13,-0.25439,-0.11182,-0.35006,0.89456,-0.47,0.82,0.16,-0.24937,-0.1132,-0.2592,0.92618,-0.47,0.83,0.19,0.23769,-0.22457,-0.24771,0.91198,-0.48,0.82,0.21,0.45317,-0.32427,-0.19068,0.80816,-0.5,0.81,0.21,0.45317,-0.32427,-0.19068,0.80816,-0.6,0.8,0.21
22,-0.64,0.82,0.13,0.27709,-0.06443,-0.12007,-0.95113,-0.65,0.79,0.07,0.27709,-0.06443,-0.12007,-0.95113,-0.62,0.8,0.1,0.40062,-0.20827,0.51994,-0.72511,-0.59,0.81,0.12,0.24114,-0.08569,0.47082,-0.84429,-0.58,0.83,0.15,0.10314,-0.04012,0.55386,-0.82522,-0.58,0.83,0.17,0.10314,-0.04012,0.55386,-0.82522,-0.63,0.81,0.1,0.27709,-0.06443,-0.12007,-0.95113,-0.62,0.84,0.15,0.04218,-0.14514,-0.0314,-0.98801,-0.61,0.84,0.19,-0.13473,-0.1469,-0.03172,-0.97942,-0.6,0.84,0.21,-0.22381,-0.12282,-0.0318,-0.96634,-0.6,0.83,0.23,-0.22381,-0.12282,-0.0318,-0.96634,-0.64,0.8,0.1,0.27709,-0.06443,-0.12007,-0.95113,-0.64,0.84,0.15,0.12066,-0.04091,-0.1344,-0.9827,-0.64,0.85,0.19,-0.2226,-0.08561,-0.12493,-0.96308,-0.64,0.84,0.22,-0.40717,-0.10166,-0.16701,-0.89218,-0.63,0.82,0.24,-0.40717,-0.10166,-0.16701,-0.89218,-0.66,0.8,0.11,0.27709,-0.06443,-0.12007,-0.95113,-0.66,0.83,0.15,0.21484,0.00893,-0.19386,-0.95717,-0.67,0.85,0.19,-0.20514,-0.09312,-0.21626,-0.94999,-0.66,0.84,0.21,-0.4452,-0.1717,-0.20577,-0.85439,-0.65,0.82,0.23,-0.4452,-0.1717,-0.20577,-0.85439,-0.67,0.8,0.11,0.22063,0.01155,-0.35086,-0.90999,-0.68,0.81,0.15,0.2205,0.02884,-0.26449,-0.9384,-0.68,0.83,0.18,-0.17988,-0.0738,-0.32449,-0.92569,-0.68,0.82,0.2,-0.39232,-0.19749,-0.30198,-0.8461,-0.67,0.81,0.21,-0.39232,-0.19749,-0.30198,-0.8461,-0.5,0.8,0.14,-0.24855,-0.16742,-0.09057,0.94973,-0.48,0.78,0.09,-0.24855,-0.16742,-0.09057,0.94973,-0.52,0.78,0.11,-0.37486,-0.30084,0.5745,0.66252,-0.55,0.79,0.13,-0.15119,-0.1111,0.56837,0.8011,-0.56,0.79,0.16,-0.05112,-0.08439,0.64559,0.75729,-0.56,0.79,0.19,-0.05112,-0.08439,0.64559,0.75729,-0.51,0.79,0.11,-0.24855,-0.16742,-0.09057,0.94973,-0.53,0.82,0.16,-0.04968,-0.17735,-0.01747,0.98274,-0.54,0.82,0.2,0.25982,-0.17644,0.0123,0.94932,-0.55,0.81,0.21,0.37354,-0.14658,0.02335,0.91566,-0.55,0.8,0.23,0.37354,-0.14658,0.02335,0.91566,-0.49,0.79,0.12,-0.24855,-0.16742,-0.09057,0.94973,-0.51,0.82,0.17,-0.00963,-0.16178,-0.06717,0.98449,-0.52,0.82,0.21,0.27991,-0.17357,-0.02952,0.94374,-0.53,0.81,0.23,0.38164,-0.16411,-0.06325,0.90742,-0.54,0.79,0.24,0.38164,-0.16411,-0.06325,0.90742,-0.48,0.79,0.12,-0.24855,-0.16742,-0.09057,0.94973,-0.49,0.81,0.17,-0.08803,-0.12624,-0.13881,0.97829,-0.5,0.82,0.21,0.27435,-0.18032,-0.1225,0.93659,-0.51,0.81,0.23,0.43915,-0.22371,-0.10793,0.86339,-0.52,0.79,0.24,0.43915,-0.22371,-0.10793,0.86339,-0.47,0.78,0.13,-0.17584,-0.08189,-0.31612,0.92868,-0.47,0.8,0.17,-0.20026,-0.08002,-0.22628,0.94989,-0.47,0.81,0.2,0.24088,-0.16388,-0.2423,0.92542,-0.48,0.81,0.21,0.40907,-0.25364,-0.21458,0.84987,-0.49,0.79,0.23,0.40907,-0.25364,-0.21458,0.84987,-0.6,0.8,0.21
23,-0.64,0.82,0.13,0.26544,-0.09007,-0.08722,-0.95594,-0.65,0.79,0.07,0.26544,-0.09007,-0.08722,-0.95594,-0.61,0.8,0.1,0.39097,-0.24367,0.54404,-0.70127,-0.59,0.8,0.12,0.22839,-0.11088,0.50577,-0.82446,-0.58,0.81,0.15,0.09391,-0.06027,0.58969,-0.79988,-0.57,0.82,0.17,0.09391,-0.06027,0.58969,-0.79988,-0.63,0.8,0.1,0.26544,-0.09007,-0.08722,-0.95594,-0.62,0.83,0.15,0.03503,-0.15568,0.00122,-0.98718,-0.6,0.84,0.19,-0.13409,-0.15141,0.00105,-0.97933,-0.6,0.83,0.21,-0.21673,-0.12441,0.00036,-0.96827,-0.59,0.82,0.23,-0.21673,-0.12441,0.00036,-0.96827,-0.64,0.8,0.1,0.26544,-0.09007,-0.08722,-0.95594,-0.64,0.84,0.15,0.12224,-0.05116,-0.10157,-0.98596,-0.63,0.85,0.2,-0.21837,-0.08369,-0.09095,-0.96801,-0.63,0.83,0.22,-0.39505,-0.09261,-0.13443,-0.90404,-0.62,0.82,0.24,-0.39505,-0.09261,-0.13443,-0.90404,-0.66,0.8,0.11,0.26544,-0.09007,-0.08722,-0.95594,-0.66,0.83,0.15,0.19583,-0.0105,-0.16021,-0.96741,-0.66,0.84,0.19,-0.21329,-0.09327,-0.17935,-0.95585,-0.65,0.83,0.21,-0.44353,-0.16017,-0.17183,-0.86493,-0.64,0.81,0.23,-0.44353,-0.16017,-0.17183,-0.86493,-0.67,0.79,0.11,0.20856,-0.00959,-0.31795,-0.92484,-0.67,0.81,0.15,0.18792,-0.0027,-0.23082,-0.95467,-0.68,0.82,0.18,-0.18821,-0.07782,-0.28274,-0.93733,-0.67,0.82,0.2,-0.37281,-0.18221,-0.26649,-0.86994,-0.66,0.81,0.21,-0.37281,-0.18221,-0.26649,-0.86994,-0.5,0.8,0.14,-0.24149,-0.16517,-0.09491,0.95152,-0.48,0.78,0.09,-0.24149,-0.16517,-0.09491,0.95152,-0.52,0.78,0.11,-0.38243,-0.30232,0.55778,0.67174,-0.55,0.79,0.13,-0.14977,-0.11439,0.55299,0.81159,-0.56,0.79,0.16,-0.05395,-0.0932,0.63129,0.76804,-0.56,0.79,0.19,-0.05395,-0.0932,0.63129,0.76804,-0.51,0.79,0.12,-0.24149,-0.16517,-0.09491,0.95152,-0.53,0.82,0.16,-0.03692,-0.17624,-0.02109,0.98343,-0.54,0.82,0.2,0.27442,-0.17615,0.00891,0.9453,-0.55,0.81,0.22,0.39033,-0.1465,0.02086,0.9087,-0.55,0.79,0.23,0.39033,-0.1465,0.02086,0.9087,-0.49,0.79,0.12,-0.24149,-0.16517,-0.09491,0.95152,-0.51,0.82,0.17,0.03143,-0.16718,-0.0637,0.98336,-0.52,0.82,0.21,0.31306,-0.17705,-0.02568,0.93273,-0.53,0.8,0.23,0.40922,-0.16529,-0.05901,0.8954,-0.54,0.79,0.24,0.40922,-0.16529,-0.05901,0.8954,-0.48,0.79,0.12,-0.24149,-0.16517,-0.09491,0.95152,-0.49,0.81,0.17,-0.07417,-0.12879,-0.14078,0.97882,-0.5,0.82,0.21,0.28099,-0.18202,-0.1247,0.934,-0.51,0.81,0.23,0.44182,-0.22533,-0.11055,0.86128,-0.52,0.79,0.24,0.44182,-0.22533,-0.11055,0.86128,-0.47,0.78,0.13,-0.16883,-0.07809,-0.31974,0.92907,-0.47,0.8,0.17,-0.2025,-0.07134,-0.23069,0.94904,-0.47,0.81,0.2,0.23511,-0.15743,-0.25035,0.92588,-0.48,0.8,0.21,0.40156,-0.24859,-0.22386,0.85255,-0.49,0.79,0.23,0.40156,-0.24859,-0.22386,0.85255,-0.6,0.8,0.21
24,-0.64,0.81,0.13,0.2497,-0.10452,-0.07226,-0.95995,-0.65,0.79,0.07,0.2497,-0.10452,-0.07226,-0.95995,-0.61,0.79,0.1,0.38464,-0.26792,0.54778,-0.69297,-0.59,0.8,0.12,0.22099,-0.13257,0.51616,-0.81681,-0.57,0.81,0.15,0.08976,-0.08107,0.602,-0.78928,-0.57,0.81,0.17,0.08976,-0.08107,0.602,-0.78928,-0.62,0.8,0.1,0.2497,-0.10452,-0.07226,-0.95995,-0.61,0.83,0.15,0.03042,-0.16328,0.01408,-0.98601,-0.6,0.83,0.19,-0.13837,-0.15664,0.015,-0.9778,-0.59,0.82,0.21,-0.22253,-0.12842,0.01511,-0.96631,-0.59,0.81,0.23,-0.22253,-0.12842,0.01511,-0.96631,-0.64,0.8,0.11,0.2497,-0.10452,-0.07226,-0.95995,-0.63,0.83,0.16,0.10968,-0.05669,-0.08627,-0.98859,-0.63,0.84,0.2,-0.23032,-0.08351,-0.07479,-0.96664,-0.62,0.83,0.22,-0.4043,-0.08855,-0.1186,-0.90257,-0.62,0.81,0.24,-0.4043,-0.08855,-0.1186,-0.90257,-0.66,0.8,0.11,0.2497,-0.10452,-0.07226,-0.95995,-0.65,0.82,0.16,0.17176,-0.0194,-0.14406,-0.97436,-0.65,0.83,0.19,-0.22617,-0.09188,-0.16247,-0.95604,-0.65,0.82,0.22,-0.44792,-0.15316,-0.15711,-0.86674,-0.64,0.81,0.23,-0.44792,-0.15316,-0.15711,-0.86674,-0.67,0.79,0.11,0.19236,-0.01948,-0.30182,-0.93355,-0.67,0.81,0.15,0.16106,-0.01631,-0.21418,-0.96329,-0.67,0.82,0.18,-0.19166,-0.07538,-0.26316,-0.94251,-0.67,0.81,0.2,-0.35383,-0.16944,-0.25173,-0.88472,-0.66,0.8,0.22,-0.35383,-0.16944,-0.25173,-0.88472,-0.5,0.81,0.14,-0.26481,-0.16014,-0.11351,0.94411,-0.48,0.78,0.09,-0.26481,-0.16014,-0.11351,0.94411,-0.52,0.78,0.11,-0.40548,-0.27762,0.54557,0.67887,-0.55,0.79,0.13,-0.17087,-0.09646,0.5322,0.82357,-0.56,0.8,0.16,-0.06918,-0.07303,0.61114,0.7851,-0.56,0.8,0.18,-0.06918,-0.07303,0.61114,0.7851,-0.51,0.79,0.11,-0.26481,-0.16014,-0.11351,0.94411,-0.53,0.82,0.16,-0.06174,-0.17843,-0.03866,0.98125,-0.54,0.83,0.19,0.25901,-0.18438,-0.00529,0.9481,-0.55,0.82,0.21,0.37775,-0.1566,0.00773,0.91254,-0.55,0.8,0.23,0.37775,-0.1566,0.00773,0.91254,-0.49,0.79,0.12,-0.26481,-0.16014,-0.11351,0.94411,-0.5,0.82,0.16,0.03822,-0.17816,-0.0731,0.98054,-0.52,0.82,0.2,0.34301,-0.19091,-0.02659,0.91934,-0.53,0.81,0.22,0.45346,-0.17776,-0.05645,0.87155,-0.54,0.79,0.24,0.45346,-0.17776,-0.05645,0.87155,-0.47,0.79,0.12,-0.26481,-0.16014,-0.11351,0.94411,-0.49,0.82,0.17,-0.06303,-0.13903,-0.15389,0.97623,-0.5,0.82,0.2,0.30992,-0.19833,-0.12969,0.92076,-0.51,0.81,0.22,0.48,-0.24256,-0.11073,0.83576,-0.52,0.79,0.24,0.48,-0.24256,-0.11073,0.83576,-0.47,0.78,0.13,-0.18998,-0.07943,-0.33958,0.91776,-0.47,0.8,0.17,-0.21864,-0.07052,-0.25116,0.94029,-0.47,0.82,0.2,0.2349,-0.17174,-0.26641,0.91889,-0.48,0.81,0.21,0.41158,-0.26858,-0.23342,0.83904,-0.49,0.8,0.23,0.41158,-0.26858,-0.23342,0.83904,-0.6,0.8,0.21
25,-0.64,0.8,0.14,0.16886,-0.0873,-0.04964,-0.98051,-0.65,0.78,0.07,0.16886,-0.0873,-0.04964,-0.98051,-0.61,0.78,0.1,0.33221,-0.29977,0.52758,-0.7221,-0.59,0.79,0.12,0.16615,-0.16617,0.50236,-0.83211,-0.57,0.79,0.15,0.05356,-0.13332,0.59036,-0.79425,-0.57,0.79,0.18,0.05356,-0.13332,0.59036,-0.79425,-0.62,0.79,0.11,0.16886,-0.0873,-0.04964,-0.98051,-0.61,0.81,0.16,-0.05817,-0.14638,0.02884,-0.98709,-0.6,0.81,0.2,-0.22373,-0.13524,0.02672,-0.96485,-0.59,0.8,0.22,-0.31115,-0.10488,0.02801,-0.94414,-0.59,0.78,0.24,-0.31115,-0.10488,0.02801,-0.94414,-0.64,0.79,0.11,0.16886,-0.0873,-0.04964,-0.98051,-0.63,0.81,0.16,0.0441,-0.0317,-0.06249,-0.99657,-0.63,0.82,0.21,-0.27752,-0.05005,-0.06174,-0.95743,-0.63,0.8,0.23,-0.43546,-0.04955,-0.11112,-0.89195,-0.62,0.79,0.24,-0.43546,-0.04955,-0.11112,-0.89195,-0.66,0.79,0.11,0.16886,-0.0873,-0.04964,-0.98051,-0.65,0.81,0.16,0.10495,0.00832,-0.1155,-0.98771,-0.65,0.82,0.2,-0.26085,-0.0479,-0.14939,-0.95255,-0.65,0.8,0.22,-0.46181,-0.10412,-0.15691,-0.86676,-0.64,0.78,0.24,-0.46181,-0.10412,-0.15691,-0.86676,-0.67,0.79,0.11,0.12047,0.01723,-0.27315,-0.95424,-0.67,0.8,0.16,0.09247,0.01836,-0.18518,-0.97817,-0.67,0.8,0.19,-0.21003,-0.01589,-0.24629,-0.94603,-0.67,0.79,0.21,-0.34382,-0.10045,-0.24943,-0.89971,-0.66,0.78,0.22,-0.34382,-0.10045,-0.24943,-0.89971,-0.5,0.81,0.14,-0.29099,-0.16391,-0.1303,0.93353,-0.48,0.78,0.09,-0.29099,-0.16391,-0.1303,0.93353,-0.52,0.79,0.11,-0.42586,-0.25918,0.54203,0.67651,-0.54,0.8,0.13,-0.19371,-0.08284,0.52218,0.8264,-0.56,0.81,0.16,-0.07872,-0.04971,0.60112,0.79372,-0.56,0.81,0.18,-0.07872,-0.04971,0.60112,0.79372,-0.51,0.79,0.11,-0.29099,-0.16391,-0.1303,0.93353,-0.52,0.83,0.16,-0.08338,-0.18718,-0.05179,0.97741,-0.54,0.84,0.19,0.24678,-0.19756,-0.01287,0.94863,-0.55,0.83,0.21,0.36608,-0.1708,0.00155,0.91477,-0.55,0.81,0.23,0.36608,-0.1708,0.00155,0.91477,-0.49,0.79,0.12,-0.29099,-0.16391,-0.1303,0.93353,-0.5,0.83,0.16,-0.01421,-0.18472,-0.09313,0.97826,-0.52,0.83,0.2,0.35417,-0.20645,-0.03003,0.91161,-0.53,0.82,0.22,0.49913,-0.19326,-0.05337,0.84301,-0.54,0.8,0.23,0.49913,-0.19326,-0.05337,0.84301,-0.47,0.79,0.12,-0.29099,-0.16391,-0.1303,0.93353,-0.48,0.82,0.17,-0.07503,-0.15206,-0.16743,0.97119,-0.5,0.83,0.2,0.36696,-0.22522,-0.12176,0.89431,-0.51,0.81,0.22,0.57226,-0.26847,-0.08859,0.7698,-0.52,0.79,0.22,0.57226,-0.26847,-0.08859,0.7698,-0.47,0.79,0.13,-0.21237,-0.09028,-0.35724,0.90506,-0.47,0.81,0.17,-0.16389,-0.10833,-0.26409,0.94428,-0.47,0.82,0.2,0.33832,-0.22047,-0.25062,0.87984,-0.48,0.81,0.21,0.54506,-0.32044,-0.19815,0.74897,-0.5,0.79,0.21,0.54506,-0.32044,-0.19815,0.74897,-0.6,0.8,0.21
26,-0.64,0.8,0.14,0.15017,-0.08101,-0.03484,-0.98472,-0.65,0.78,0.08,0.15017,-0.08101,-0.03484,-0.98472,-0.61,0.78,0.11,0.3282,-0.2955,0.51883,-0.73197,-0.59,0.79,0.13,0.16389,-0.16548,0.49128,-0.83928,-0.57,0.79,0.16,0.06938,-0.14749,0.57811,-0.79952,-0.56,0.79,0.18,0.06938,-0.14749,0.57811,-0.79952,-0.62,0.79,0.11,0.15017,-0.08101,-0.03484,-0.98472,-0.61,0.81,0.16,-0.08692,-0.13853,0.0426,-0.98562,-0.6,0.8,0.2,-0.25185,-0.12447,0.03915,-0.95893,-0.6,0.79,0.22,-0.34537,-0.09245,0.04106,-0.933,-0.59,0.77,0.24,-0.34537,-0.09245,0.04106,-0.933,-0.64,0.79,0.11,0.15017,-0.08101,-0.03484,-0.98472,-0.63,0.81,0.17,0.03052,-0.02642,-0.04678,-0.99809,-0.63,0.81,0.21,-0.26252,-0.03843,-0.04966,-0.96288,-0.63,0.8,0.23,-0.40381,-0.03586,-0.10041,-0.90861,-0.63,0.78,0.25,-0.40381,-0.03586,-0.10041,-0.90861,-0.66,0.79,0.11,0.15017,-0.08101,-0.03484,-0.98472,-0.65,0.8,0.16,0.10716,0.01309,-0.09849,-0.98927,-0.65,0.81,0.2,-0.22887,-0.03324,-0.13579,-0.96337,-0.65,0.8,0.22,-0.4159,-0.08541,-0.14648,-0.89346,-0.65,0.78,0.24,-0.4159,-0.08541,-0.14648,-0.89346,-0.67,0.78,0.11,0.10568,0.02805,-0.25719,-0.96016,-0.67,0.79,0.16,0.10231,0.03143,-0.16695,-0.98014,-0.67,0.8,0.19,-0.17186,0.00804,-0.23188,-0.95741,-0.67,0.79,0.21,-0.29797,-0.07249,-0.23747,-0.92172,-0.67,0.78,0.23,-0.29797,-0.07249,-0.23747,-0.92172,-0.5,0.81,0.14,-0.30898,-0.17354,-0.12413,0.92683,-0.48,0.78,0.09,-0.30898,-0.17354,-0.12413,0.92683,-0.52,0.79,0.11,-0.43292,-0.2478,0.5579,0.66327,-0.54,0.8,0.13,-0.20945,-0.07052,0.5339,0.81615,-0.56,0.81,0.16,-0.08311,-0.02621,0.61083,0.78695,-0.56,0.81,0.18,-0.08311,-0.02621,0.61083,0.78695,-0.51,0.79,0.11,-0.30898,-0.17354,-0.12413,0.92683,-0.52,0.83,0.15,-0.01862,-0.19951,-0.02251,0.97946,-0.54,0.83,0.19,0.32836,-0.19749,0.02285,0.92339,-0.55,0.82,0.2,0.44121,-0.16558,0.03895,0.88114,-0.55,0.8,0.22,0.44121,-0.16558,0.03895,0.88114,-0.49,0.79,0.12,-0.30898,-0.17354,-0.12413,0.92683,-0.5,0.83,0.16,-0.05084,-0.18846,-0.0898,0.97664,-0.52,0.84,0.2,0.35876,-0.21001,-0.01666,0.90935,-0.53,0.82,0.22,0.52161,-0.19423,-0.03716,0.82995,-0.54,0.8,0.23,0.52161,-0.19423,-0.03716,0.82995,-0.47,0.79,0.12,-0.30898,-0.17354,-0.12413,0.92683,-0.49,0.82,0.16,-0.0967,-0.1604,-0.16098,0.96902,-0.5,0.83,0.2,0.39222,-0.23565,-0.10119,0.8834,-0.51,0.82,0.21,0.61719,-0.27338,-0.0604,0.73532,-0.52,0.79,0.22,0.61719,-0.27338,-0.0604,0.73532,-0.47,0.79,0.13,-0.22879,-0.10417,-0.35223,0.90152,-0.47,0.81,0.17,-0.15294,-0.13357,-0.25402,0.94564,-0.48,0.82,0.19,0.39965,-0.2481,-0.21787,0.85513,-0.49,0.81,0.2,0.63402,-0.34362,-0.14707,0.67699,-0.5,0.79,0.21,0.63402,-0.34362,-0.14707,0.67699,-0.6,0.8,0.21
27,-0.64,0.8,0.14,0.16123,-0.06742,-0.06359,-0.98256,-0.65,0.78,0.08,0.16123,-0.06742,-0.06359,-0.98256,-0.61,0.79,0.11,0.34276,-0.27639,0.4958,-0.74854,-0.59,0.79,0.13,0.17134,-0.15023,0.46357,-0.85626,-0.57,0.8,0.16,0.07651,-0.13608,0.55084,-0.81988,-0.57,0.8,0.18,0.07651,-0.13608,0.55084,-0.81988,-0.62,0.79,0.11,0.16123,-0.06742,-0.06359,-0.98256,-0.61,0.81,0.16,-0.07323,-0.13284,0.01226,-0.98835,-0.6,0.81,0.2,-0.24761,-0.12414,0.00935,-0.96083,-0.6,0.79,0.22,-0.35153,-0.09501,0.01242,-0.93126,-0.6,0.78,0.24,-0.35153,-0.09501,0.01242,-0.93126,-0.64,0.79,0.11,0.16123,-0.06742,-0.06359,-0.98256,-0.64,0.81,0.17,0.03933,-0.02419,-0.07571,-0.99606,-0.64,0.82,0.21,-0.24575,-0.04423,-0.0783,-0.96515,-0.63,0.8,0.23,-0.38578,-0.04662,-0.12777,-0.91251,-0.63,0.79,0.25,-0.38578,-0.04662,-0.12777,-0.91251,-0.66,0.79,0.11,0.16123,-0.06742,-0.06359,-0.98256,-0.66,0.81,0.16,0.1183,0.0149,-0.12717,-0.98469,-0.66,0.81,0.2,-0.21515,-0.04132,-0.16314,-0.96197,-0.65,0.8,0.22,-0.40325,-0.09929,-0.17113,-0.89345,-0.65,0.79,0.24,-0.40325,-0.09929,-0.17113,-0.89345,-0.67,0.78,0.11,0.1152,0.03809,-0.28637,-0.95041,-0.67,0.79,0.16,0.12223,0.04082,-0.19557,-0.97219,-0.68,0.8,0.19,-0.15582,0.00646,-0.26228,-0.95231,-0.68,0.79,0.21,-0.29101,-0.08127,-0.26606,-0.91538,-0.67,0.78,0.22,-0.29101,-0.08127,-0.26606,-0.91538,-0.5,0.81,0.14,-0.31272,-0.17753,-0.11348,0.92618,-0.48,0.78,0.09,-0.31272,-0.17753,-0.11348,0.92618,-0.52,0.79,0.11,-0.42758,-0.24109,0.5738,0.65559,-0.54,0.8,0.13,-0.21078,-0.06115,0.54733,0.80763,-0.56,0.81,0.16,-0.07987,-0.01139,0.62202,0.77883,-0.56,0.81,0.18,-0.07987,-0.01139,0.62202,0.77883,-0.51,0.79,0.11,-0.31272,-0.17753,-0.11348,0.92618,-0.53,0.83,0.15,0.02285,-0.20124,0.00043,0.97928,-0.54,0.83,0.19,0.3804,-0.18939,0.04764,0.90397,-0.55,0.81,0.2,0.49018,-0.15408,0.06422,0.85549,-0.55,0.79,0.21,0.49018,-0.15408,0.06422,0.85549,-0.49,0.79,0.12,-0.31272,-0.17753,-0.11348,0.92618,-0.5,0.83,0.16,-0.04136,-0.18854,-0.07721,0.97815,-0.52,0.84,0.2,0.38033,-0.20481,-0.00242,0.90189,-0.53,0.82,0.21,0.55074,-0.18499,-0.02257,0.81361,-0.54,0.8,0.22,0.55074,-0.18499,-0.02257,0.81361,-0.47,0.79,0.12,-0.31272,-0.17753,-0.11348,0.92618,-0.49,0.82,0.16,-0.09798,-0.16103,-0.1504,0.97049,-0.5,0.83,0.2,0.40728,-0.23251,-0.08805,0.87881,-0.51,0.82,0.21,0.63856,-0.26642,-0.04676,0.72047,-0.52,0.79,0.22,0.63856,-0.26642,-0.04676,0.72047,-0.47,0.79,0.13,-0.23308,-0.10869,-0.34224,0.90373,-0.47,0.81,0.17,-0.1614,-0.13474,-0.2441,0.94668,-0.48,0.82,0.19,0.40795,-0.2476,-0.20561,0.8544,-0.49,0.81,0.2,0.65519,-0.34128,-0.13009,0.66131,-0.5,0.79,0.2,0.65519,-0.34128,-0.13009,0.66131,-0.6,0.8,0.21
28,-0.64,0.81,0.13,0.22285,-0.07117,-0.15854,-0.95924,-0.65,0.79,0.07,0.22285,-0.07117,-0.15854,-0.95924,-0.61,0.8,0.1,0.40254,-0.24412,0.4487,-0.75963,-0.59,0.81,0.12,0.19475,-0.11766,0.4138,-0.88148,-0.58,0.82,0.15,0.08481,-0.10079,0.50214,-0.8547,-0.57,0.82,0.18,0.08481,-0.10079,0.50214,-0.8547,-0.63,0.8,0.11,0.22285,-0.07117,-0.15854,-0.95924,-0.62,0.83,0.16,0.0039,-0.15466,-0.07706,-0.98495,-0.61,0.83,0.19,-0.1946,-0.16494,-0.07099,-0.96431,-0.6,0.82,0.21,-0.30846,-0.14552,-0.06319,-0.93791,-0.59,0.81,0.23,-0.30846,-0.14552,-0.06319,-0.93791,-0.64,0.8,0.11,0.22285,-0.07117,-0.15854,-0.95924,-0.64,0.83,0.16,0.10032,-0.04829,-0.17023,-0.9791,-0.64,0.84,0.2,-0.20744,-0.09907,-0.15949,-0.96006,-0.63,0.83,0.23,-0.36506,-0.11754,-0.19895,-0.90185,-0.62,0.81,0.24,-0.36506,-0.11754,-0.19895,-0.90185,-0.66,0.79,0.11,0.22285,-0.07117,-0.15854,-0.95924,-0.66,0.81,0.16,0.16158,-0.0091,-0.22402,-0.96105,-0.66,0.83,0.2,-0.19666,-0.10532,-0.24252,-0.94415,-0.65,0.82,0.22,-0.40369,-0.18332,-0.23183,-0.86585,-0.64,0.8,0.24,-0.40369,-0.18332,-0.23183,-0.86585,-0.67,0.79,0.11,0.16118,0.01669,-0.38204,-0.90983,-0.67,0.8,0.16,0.1473,0.00446,-0.29406,-0.94436,-0.68,0.81,0.19,-0.1593,-0.06903,-0.34491,-0.92244,-0.67,0.8,0.2,-0.32152,-0.18027,-0.33044,-0.86887,-0.66,0.79,0.22,-0.32152,-0.18027,-0.33044,-0.86887,-0.5,0.81,0.14,-0.31215,-0.17999,-0.10694,0.92668,-0.48,0.78,0.09,-0.31215,-0.17999,-0.10694,0.92668,-0.52,0.79,0.11,-0.41802,-0.23744,0.58753,0.65091,-0.54,0.79,0.13,-0.20565,-0.05413,0.55979,0.80088,-0.55,0.8,0.16,-0.07441,-0.0028,0.63261,0.77089,-0.56,0.81,0.18,-0.07441,-0.0028,0.63261,0.77089,-0.51,0.79,0.11,-0.31215,-0.17999,-0.10694,0.92668,-0.53,0.83,0.15,0.02332,-0.2016,0.00763,0.97916,-0.54,0.83,0.19,0.37745,-0.18731,0.05378,0.90529,-0.55,0.81,0.2,0.48853,-0.15119,0.07022,0.85648,-0.55,0.79,0.21,0.48853,-0.15119,0.07022,0.85648,-0.49,0.79,0.12,-0.31215,-0.17999,-0.10694,0.92668,-0.51,0.83,0.16,-0.01347,-0.18872,-0.06634,0.9797,-0.52,0.83,0.2,0.40541,-0.2,0.00727,0.89196,-0.53,0.82,0.21,0.57989,-0.17655,-0.01272,0.79523,-0.54,0.79,0.22,0.57989,-0.17655,-0.01272,0.79523,-0.47,0.79,0.12,-0.31215,-0.17999,-0.10694,0.92668,-0.49,0.82,0.16,-0.08733,-0.15964,-0.14378,0.97274,-0.5,0.83,0.2,0.41746,-0.22756,-0.08332,0.87579,-0.51,0.81,0.21,0.651,-0.26005,-0.04288,0.71186,-0.52,0.79,0.22,0.651,-0.26005,-0.04288,0.71186,-0.47,0.79,0.13,-0.23293,-0.11077,-0.33589,0.9059,-0.47,0.81,0.17,-0.17218,-0.128,-0.24027,0.9467,-0.48,0.82,0.19,0.39437,-0.23988,-0.20728,0.86253,-0.49,0.81,0.2,0.64579,-0.33502,-0.1332,0.67303,-0.5,0.79,0.2,0.64579,-0.33502,-0.1332,0.67303,-0.6,0.8,0.21
29,-0.65,0.82,0.12,0.34134,-0.07397,-0.21873,-0.91114,-0.65,0.78,0.07,0.34134,-0.07397,-0.21873,-0.91114,-0.62,0.8,0.1,0.44877,-0.18983,0.48313,-0.72743,-0.6,0.82,0.12,0.21446,-0.04147,0.43854,-0.87176,-0.59,0.83,0.15,0.06361,0.0,0.51609,-0.85417,-0.59,0.83,0.17,0.06361,0.0,0.51609,-0.85417,-0.63,0.81,0.1,0.34134,-0.07397,-0.21873,-0.91114,-0.63,0.85,0.14,0.12928,-0.15934,-0.13147,-0.96985,-0.62,0.86,0.18,-0.09475,-0.18679,-0.11827,-0.97064,-0.61,0.85,0.2,-0.21217,-0.17426,-0.11,-0.95526,-0.6,0.85,0.22,-0.21217,-0.17426,-0.11,-0.95526,-0.65,0.8,0.1,0.34134,-0.07397,-0.21873,-0.91114,-0.65,0.84,0.15,0.22991,-0.05791,-0.23571,-0.94246,-0.65,0.86,0.18,-0.12847,-0.14245,-0.21068,-0.95855,-0.64,0.86,0.21,-0.31684,-0.17953,-0.23909,-0.90012,-0.63,0.85,0.23,-0.31684,-0.17953,-0.23909,-0.90012,-0.67,0.79,0.11,0.34134,-0.07397,-0.21873,-0.91114,-0.67,0.83,0.15,0.26463,-0.02812,-0.29084,-0.91902,-0.67,0.85,0.18,-0.12917,-0.16445,-0.28881,-0.93427,-0.66,0.84,0.21,-0.35537,-0.25753,-0.25676,-0.86108,-0.65,0.83,0.22,-0.35537,-0.25753,-0.25676,-0.86108,-0.67,0.79,0.11,0.26773,-0.01841,-0.44693,-0.85337,-0.68,0.81,0.15,0.22858,-0.04282,-0.35861,-0.90405,-0.68,0.82,0.18,-0.07962,-0.14224,-0.39077,-0.90594,-0.68,0.82,0.2,-0.23473,-0.25884,-0.35787,-0.86593,-0.66,0.82,0.21,-0.23473,-0.25884,-0.35787,-0.86593,-0.5,0.81,0.14,-0.31066,-0.17993,-0.11619,0.92608,-0.48,0.78,0.09,-0.31066,-0.17993,-0.11619,0.92608,-0.52,0.79,0.11,-0.40775,-0.23958,0.59152,0.65302,-0.54,0.79,0.13,-0.19525,-0.05404,0.56448,0.8002,-0.55,0.8,0.16,-0.07065,-0.00835,0.63717,0.76743,-0.56,0.81,0.19,-0.07065,-0.00835,0.63717,0.76743,-0.51,0.79,0.11,-0.31066,-0.17993,-0.11619,0.92608,-0.53,0.83,0.15,0.0186,-0.20602,-0.00158,0.97837,-0.54,0.83,0.19,0.3541,-0.19576,0.04273,0.91349,-0.55,0.81,0.2,0.46257,-0.16138,0.05873,0.86979,-0.55,0.8,0.22,0.46257,-0.16138,0.05873,0.86979,-0.49,0.79,0.12,-0.31066,-0.17993,-0.11619,0.92608,-0.5,0.83,0.16,-0.01308,-0.18971,-0.07647,0.97877,-0.52,0.84,0.2,0.40154,-0.20519,-0.00235,0.89256,-0.53,0.82,0.21,0.5761,-0.18373,-0.02121,0.79618,-0.54,0.79,0.22,0.5761,-0.18373,-0.02121,0.79618,-0.47,0.79,0.12,-0.31066,-0.17993,-0.11619,0.92608,-0.49,0.82,0.16,-0.08376,-0.15967,-0.15349,0.97156,-0.5,0.83,0.2,0.4134,-0.23168,-0.09324,0.87563,-0.51,0.81,0.21,0.64577,-0.26688,-0.0514,0.71352,-0.52,0.79,0.22,0.64577,-0.26688,-0.0514,0.71352,-0.47,0.79,0.13,-0.23021,-0.11065,-0.34451,0.90337,-0.47,0.81,0.17,-0.17489,-0.12564,-0.25012,0.94396,-0.47,0.82,0.19,0.37381,-0.23978,-0.22044,0.86843,-0.49,0.81,0.21,0.62365,-0.33881,-0.14648,0.68906,-0.5,0.79,0.21,0.62365,-0.33881,-0.14648,0.68906,-0.6,0.8,0.21
30,-0.66,0.82,0.12,0.38673,-0.06436,-0.2097,-0.89572,-0.66,0.78,0.07,0.38673,-0.06436,-0.2097,-0.89572,-0.62,0.8,0.1,0.43437,-0.16125,0.53162,-0.70902,-0.6,0.81,0.12,0.20318,0.00482,0.47865,-0.85416,-0.6,0.83,0.15,0.05147,0.0503,0.54704,-0.83401,-0.6,0.83,0.17,0.05147,0.0503,0.54704,-0.83401,-0.64,0.8,0.1,0.38673,-0.06436,-0.2097,-0.89572,-0.64,0.85,0.14,0.17118,-0.13295,-0.1312,-0.96737,-0.63,0.86,0.17,-0.06444,-0.1636,-0.12189,-0.97684,-0.62,0.86,0.2,-0.17709,-0.15134,-0.11807,-0.9653,-0.61,0.85,0.22,-0.17709,-0.15134,-0.11807,-0.9653,-0.65,0.8,0.1,0.38673,-0.06436,-0.2097,-0.89572,-0.66,0.84,0.14,0.28231,-0.04397,-0.23164,-0.9299,-0.66,0.87,0.18,-0.08131,-0.13006,-0.21095,-0.96539,-0.65,0.86,0.2,-0.26829,-0.16974,-0.24202,-0.91686,-0.64,0.85,0.22,-0.26829,-0.16974,-0.24202,-0.91686,-0.67,0.79,0.11,0.38673,-0.06436,-0.2097,-0.89572,-0.67,0.83,0.14,0.31058,-0.02093,-0.28584,-0.90631,-0.68,0.85,0.18,-0.08061,-0.15724,-0.28632,-0.9417,-0.67,0.85,0.2,-0.30361,-0.24923,-0.25621,-0.88321,-0.66,0.84,0.22,-0.30361,-0.24923,-0.25621,-0.88321,-0.67,0.79,0.11,0.31521,-0.0205,-0.44154,-0.8398,-0.69,0.81,0.15,0.2739,-0.04524,-0.35161,-0.89404,-0.69,0.83,0.17,-0.026,-0.1424,-0.38484,-0.91156,-0.68,0.83,0.19,-0.16267,-0.25001,-0.35444,-0.88623,-0.67,0.83,0.21,-0.16267,-0.25001,-0.35444,-0.88623,-0.5,0.81,0.14,-0.31037,-0.17921,-0.12587,0.92505,-0.48,0.78,0.09,-0.31037,-0.17921,-0.12587,0.92505,-0.52,0.79,0.11,-0.39831,-0.24382,0.59455,0.65453,-0.54,0.79,0.13,-0.18685,-0.05722,0.56874,0.79897,-0.55,0.8,0.16,-0.0794,-0.02558,0.64225,0.76194,-0.56,0.8,0.19,-0.0794,-0.02558,0.64225,0.76194,-0.51,0.79,0.11,-0.31037,-0.17921,-0.12587,0.92505,-0.52,0.83,0.15,0.01675,-0.20878,-0.01127,0.97775,-0.54,0.83,0.19,0.34361,-0.202,0.03265,0.91655,-0.55,0.82,0.2,0.44747,-0.16912,0.04801,0.87685,-0.55,0.8,0.22,0.44747,-0.16912,0.04801,0.87685,-0.49,0.79,0.12,-0.31037,-0.17921,-0.12587,0.92505,-0.5,0.83,0.16,-0.01597,-0.18953,-0.08797,0.9778,-0.52,0.84,0.2,0.39624,-0.20986,-0.01338,0.89374,-0.53,0.82,0.21,0.57096,-0.19075,-0.0312,0.7979,-0.54,0.79,0.22,0.57096,-0.19075,-0.0312,0.7979,-0.47,0.79,0.12,-0.31037,-0.17921,-0.12587,0.92505,-0.49,0.82,0.16,-0.08375,-0.15946,-0.16389,0.9699,-0.5,0.83,0.2,0.40712,-0.23607,-0.10361,0.87623,-0.51,0.81,0.21,0.63898,-0.27414,-0.06013,0.71619,-0.52,0.79,0.22,0.63898,-0.27414,-0.06013,0.71619,-0.47,0.79,0.13,-0.22875,-0.11022,-0.35364,0.90026,-0.47,0.81,0.17,-0.17304,-0.12592,-0.25954,0.94172,-0.47,0.82,0.19,0.36369,-0.24238,-0.23048,0.8694,-0.49,0.81,0.21,0.60989,-0.34382,-0.15643,0.69667,-0.5,0.79,0.21,0.60989,-0.34382,-0.15643,0.69667,-0.6,0.8,0.21
31,-0.65,0.82,0.12,0.4006,-0.07729,-0.18168,-0.89473,-0.66,0.77,0.08,0.4006,-0.07729,-0.18168,-0.89473,-0.62,0.79,0.1,0.42445,-0.17643,0.56949,-0.68146,-0.6,0.81,0.12,0.20678,-0.001,0.52152,-0.8278,-0.59,0.82,0.15,0.09772,0.02283,0.59353,-0.79853,-0.59,0.82,0.17,0.09772,0.02283,0.59353,-0.79853,-0.64,0.8,0.1,0.4006,-0.07729,-0.18168,-0.89473,-0.63,0.84,0.14,0.18982,-0.1242,-0.11088,-0.9676,-0.63,0.86,0.17,-0.06008,-0.15229,-0.10204,-0.98122,-0.62,0.86,0.19,-0.16239,-0.13679,-0.10143,-0.97192,-0.61,0.85,0.21,-0.16239,-0.13679,-0.10143,-0.97192,-0.65,0.79,0.1,0.4006,-0.07729,-0.18168,-0.89473,-0.66,0.84,0.14,0.29416,-0.05056,-0.20514,-0.93211,-0.66,0.86,0.17,-0.04126,-0.12083,-0.18765,-0.9739,-0.65,0.86,0.2,-0.18574,-0.14939,-0.22407,-0.94498,-0.64,0.86,0.22,-0.18574,-0.14939,-0.22407,-0.94498,-0.67,0.79,0.11,0.4006,-0.07729,-0.18168,-0.89473,-0.67,0.83,0.14,0.32639,-0.03145,-0.25899,-0.90852,-0.68,0.85,0.17,-0.02398,-0.14477,-0.26339,-0.95346,-0.67,0.85,0.2,-0.20414,-0.22134,-0.24366,-0.92194,-0.66,0.85,0.22,-0.20414,-0.22134,-0.24366,-0.92194,-0.67,0.78,0.11,0.32991,-0.03552,-0.41592,-0.8467,-0.68,0.81,0.15,0.30116,-0.05283,-0.32422,-0.8952,-0.69,0.83,0.17,0.01546,-0.13691,-0.35902,-0.9231,-0.68,0.83,0.19,-0.08392,-0.22602,-0.33655,-0.91028,-0.67,0.83,0.21,-0.08392,-0.22602,-0.33655,-0.91028,-0.5,0.81,0.14,-0.31725,-0.17959,-0.13672,0.92109,-0.48,0.78,0.09,-0.31725,-0.17959,-0.13672,0.92109,-0.52,0.79,0.11,-0.39996,-0.24008,0.59301,0.6563,-0.54,0.8,0.13,-0.18934,-0.05508,0.56578,0.80063,-0.55,0.8,0.16,-0.09804,-0.03716,0.64008,0.76112,-0.56,0.81,0.19,-0.09804,-0.03716,0.64008,0.76112,-0.51,0.79,0.11,-0.31725,-0.17959,-0.13672,0.92109,-0.52,0.83,0.15,0.01096,-0.21172,-0.02153,0.97703,-0.54,0.83,0.19,0.3373,-0.20831,0.02381,0.91775,-0.55,0.82,0.2,0.43897,-0.17656,0.03918,0.88011,-0.55,0.8,0.22,0.43897,-0.17656,0.03918,0.88011,-0.49,0.79,0.12,-0.31725,-0.17959,-0.13672,0.92109,-0.5,0.83,0.16,-0.02497,-0.19139,-0.09986,0.9761,-0.52,0.84,0.2,0.38544,-0.21658,-0.02383,0.89664,-0.53,0.82,0.21,0.5602,-0.20003,-0.04042,0.80283,-0.54,0.8,0.22,0.5602,-0.20003,-0.04042,0.80283,-0.47,0.79,0.12,-0.31725,-0.17959,-0.13672,0.92109,-0.48,0.82,0.16,-0.09085,-0.16208,-0.17501,0.96688,-0.5,0.83,0.2,0.39467,-0.2435,-0.11298,0.87874,-0.51,0.82,0.21,0.62582,-0.28417,-0.06724,0.72324,-0.52,0.8,0.22,0.62582,-0.28417,-0.06724,0.72324,-0.47,0.79,0.13,-0.23387,-0.11277,-0.36428,0.89436,-0.47,0.81,0.17,-0.17663,-0.1297,-0.27008,0.93757,-0.47,0.82,0.19,0.35398,-0.25024,-0.23833,0.86907,-0.49,0.81,0.21,0.59681,-0.35309,-0.16244,0.70197,-0.5,0.8,0.21,0.59681,-0.35309,-0.16244,0.70197,-0.6,0.8,0.21
32,-0.65,0.81,0.13,0.35239,-0.10239,-0.15154,-0.91781,-0.66,0.77,0.08,0.35239,-0.10239,-0.15154,-0.91781,-0.62,0.78,0.1,0.38203,-0.24279,0.59318,-0.66577,-0.6,0.79,0.12,0.17344,-0.05878,0.56615,-0.8037,-0.59,0.8,0.16,0.09305,-0.05114,0.64038,-0.76068,-0.58,0.8,0.18,0.09305,-0.05114,0.64038,-0.76068,-0.63,0.79,0.1,0.35239,-0.10239,-0.15154,-0.91781,-0.62,0.83,0.14,0.17372,-0.1431,-0.08154,-0.97092,-0.61,0.84,0.18,-0.06973,-0.16235,-0.07024,-0.98176,-0.61,0.84,0.2,-0.15997,-0.1426,-0.0705,-0.97422,-0.6,0.84,0.22,-0.15997,-0.1426,-0.0705,-0.97422,-0.65,0.79,0.11,0.35239,-0.10239,-0.15154,-0.91781,-0.65,0.83,0.15,0.25525,-0.0658,-0.17225,-0.94913,-0.64,0.85,0.18,-0.02865,-0.11475,-0.15835,-0.98027,-0.64,0.85,0.21,-0.13717,-0.13304,-0.19791,-0.96141,-0.63,0.85,0.23,-0.13717,-0.13304,-0.19791,-0.96141,-0.67,0.78,0.11,0.35239,-0.10239,-0.15154,-0.91781,-0.66,0.82,0.15,0.2916,-0.04151,-0.22735,-0.9282,-0.67,0.84,0.18,-0.00327,-0.12666,-0.23852,-0.96284,-0.66,0.84,0.21,-0.14784,-0.19078,-0.22729,-0.94344,-0.65,0.84,0.23,-0.14784,-0.19078,-0.22729,-0.94344,-0.67,0.78,0.11,0.28186,-0.04604,-0.3843,-0.87792,-0.68,0.8,0.15,0.26899,-0.04435,-0.29646,-0.91531,-0.68,0.82,0.18,-0.00392,-0.11254,-0.33652,-0.93492,-0.68,0.82,0.2,-0.07938,-0.19067,-0.3226,-0.92373,-0.67,0.82,0.22,-0.07938,-0.19067,-0.3226,-0.92373,-0.5,0.81,0.14,-0.32027,-0.18042,-0.14143,0.91917,-0.48,0.78,0.09,-0.32027,-0.18042,-0.14143,0.91917,-0.52,0.79,0.11,-0.4001,-0.23763,0.59324,0.6569,-0.54,0.8,0.13,-0.18933,-0.05255,0.56523,0.80119,-0.55,0.8,0.16,-0.1032,-0.03918,0.63957,0.76077,-0.56,0.81,0.19,-0.1032,-0.03918,0.63957,0.76077,-0.51,0.79,0.11,-0.32027,-0.18042,-0.14143,0.91917,-0.52,0.84,0.15,0.01178,-0.21152,-0.02665,0.97694,-0.54,0.83,0.18,0.33832,-0.20978,0.01898,0.91716,-0.55,0.82,0.2,0.43913,-0.17857,0.03437,0.87983,-0.55,0.8,0.21,0.43913,-0.17857,0.03437,0.87983,-0.49,0.79,0.12,-0.32027,-0.18042,-0.14143,0.91917,-0.5,0.84,0.16,-0.02601,-0.19285,-0.10445,0.97531,-0.52,0.84,0.2,0.38195,-0.21976,-0.02792,0.89724,-0.53,0.82,0.21,0.55432,-0.20417,-0.04426,0.80566,-0.54,0.8,0.22,0.55432,-0.20417,-0.04426,0.80566,-0.47,0.79,0.12,-0.32027,-0.18042,-0.14143,0.91917,-0.48,0.83,0.16,-0.09152,-0.16432,-0.17926,0.96565,-0.5,0.83,0.2,0.38923,-0.24701,-0.11665,0.87971,-0.51,0.82,0.21,0.61744,-0.28858,-0.07069,0.72835,-0.52,0.8,0.22,0.61744,-0.28858,-0.07069,0.72835,-0.47,0.79,0.13,-0.236,-0.11455,-0.36885,0.8917,-0.47,0.81,0.17,-0.17542,-0.13324,-0.27418,0.93611,-0.47,0.82,0.19,0.35024,-0.2542,-0.24089,0.86873,-0.49,0.81,0.21,0.5884,-0.35674,-0.16554,0.70649,-0.5,0.8,0.21,0.5884,-0.35674,-0.16554,0.70649,-0.6,0.8,0.21
33,-0.64,0.81,0.13,0.3292,-0.11701,-0.15361,-0.9243,-0.66,0.77,0.08,0.3292,-0.11701,-0.15361,-0.9243,-0.62,0.78,0.11,0.35843,-0.27276,0.59887,-0.66219,-0.59,0.79,0.12,0.15376,-0.0868,0.58099,-0.79453,-0.58,0.79,0.16,0.07156,-0.07562,0.65522,-0.74823,-0.58,0.79,0.18,0.07156,-0.07562,0.65522,-0.74823,-0.63,0.79,0.11,0.3292,-0.11701,-0.15361,-0.9243,-0.62,0.83,0.15,0.15021,-0.16248,-0.07913,-0.972,-0.61,0.84,0.18,-0.09454,-0.18003,-0.063,-0.97708,-0.6,0.84,0.2,-0.17154,-0.15838,-0.06344,-0.97029,-0.59,0.83,0.22,-0.17154,-0.15838,-0.06344,-0.97029,-0.65,0.78,0.11,0.3292,-0.11701,-0.15361,-0.9243,-0.64,0.83,0.15,0.23566,-0.0793,-0.17198,-0.95321,-0.64,0.85,0.19,-0.03577,-0.12529,-0.1559,-0.97914,-0.63,0.85,0.21,-0.12659,-0.13949,-0.19522,-0.9625,-0.63,0.84,0.24,-0.12659,-0.13949,-0.19522,-0.9625,-0.66,0.78,0.11,0.3292,-0.11701,-0.15361,-0.9243,-0.66,0.82,0.15,0.27562,-0.0522,-0.22756,-0.93248,-0.66,0.84,0.19,0.0041,-0.13033,-0.23859,-0.96233,-0.65,0.84,0.21,-0.12126,-0.19012,-0.22897,-0.94696,-0.65,0.84,0.23,-0.12126,-0.19012,-0.22897,-0.94696,-0.67,0.78,0.12,0.25597,-0.05452,-0.38413,-0.88541,-0.67,0.8,0.16,0.24448,-0.04658,-0.2981,-0.92152,-0.68,0.81,0.18,-0.01048,-0.10667,-0.33849,-0.93485,-0.67,0.82,0.2,-0.06485,-0.17776,-0.32858,-0.92533,-0.66,0.82,0.22,-0.06485,-0.17776,-0.32858,-0.92533,-0.5,0.81,0.14,-0.32427,-0.18002,-0.14231,0.91771,-0.48,0.78,0.09,-0.32427,-0.18002,-0.14231,0.91771,-0.52,0.79,0.11,-0.40053,-0.23348,0.59526,0.6563,-0.54,0.8,0.13,-0.18921,-0.04725,0.56608,0.80095,-0.55,0.8,0.16,-0.1061,-0.03672,0.64013,0.76002,-0.56,0.81,0.19,-0.1061,-0.03672,0.64013,0.76002,-0.51,0.79,0.11,-0.32427,-0.18002,-0.14231,0.91771,-0.52,0.84,0.15,0.0138,-0.209,-0.02807,0.97742,-0.54,0.83,0.18,0.34087,-0.20781,0.01693,0.9167,-0.55,0.82,0.2,0.44051,-0.17683,0.03193,0.87958,-0.55,0.8,0.21,0.44051,-0.17683,0.03193,0.87958,-0.49,0.79,0.12,-0.32427,-0.18002,-0.14231,0.91771,-0.5,0.84,0.16,-0.02426,-0.19239,-0.10505,0.97538,-0.52,0.84,0.2,0.38381,-0.21958,-0.02861,0.89647,-0.53,0.82,0.21,0.55457,-0.20401,-0.04515,0.80547,-0.54,0.8,0.22,0.55457,-0.20401,-0.04515,0.80547,-0.47,0.79,0.12,-0.32427,-0.18002,-0.14231,0.91771,-0.48,0.83,0.16,-0.08959,-0.16533,-0.17944,0.96563,-0.5,0.83,0.2,0.38763,-0.24749,-0.1172,0.8802,-0.51,0.82,0.21,0.61281,-0.28913,-0.07205,0.7319,-0.52,0.8,0.22,0.61281,-0.28913,-0.07205,0.7319,-0.47,0.79,0.13,-0.23986,-0.11522,-0.36997,0.89012,-0.47,0.81,0.17,-0.17371,-0.13698,-0.27421,0.93588,-0.47,0.82,0.19,0.34465,-0.25543,-0.24072,0.87065,-0.49,0.81,0.21,0.5778,-0.35682,-0.16735,0.71472,-0.5,0.8,0.21,0.5778,-0.35682,-0.16735,0.71472,-0.6,0.8,0.21
34,-0.65,0.81,0.13,0.34039,-0.11759,-0.18973,-0.91341,-0.66,0.77,0.08,0.34039,-0.11759,-0.18973,-0.91341,-0.62,0.79,0.1,0.37111,-0.26023,0.58067,-0.6763,-0.6,0.79,0.12,0.16467,-0.08244,0.55788,-0.80923,-0.59,0.8,0.15,0.08296,-0.07344,0.63374,-0.76557,-0.58,0.8,0.18,0.08296,-0.07344,0.63374,-0.76557,-0.63,0.79,0.1,0.34039,-0.11759,-0.18973,-0.91341,-0.63,0.83,0.14,0.13543,-0.16887,-0.11066,-0.97,-0.61,0.85,0.18,-0.14566,-0.19687,-0.08441,-0.96587,-0.6,0.84,0.2,-0.23093,-0.17695,-0.08033,-0.95337,-0.6,0.83,0.22,-0.23093,-0.17695,-0.08033,-0.95337,-0.65,0.79,0.11,0.34039,-0.11759,-0.18973,-0.91341,-0.65,0.83,0.15,0.2096,-0.09266,-0.20437,-0.95169,-0.64,0.85,0.19,-0.0826,-0.1508,-0.18002,-0.96852,-0.63,0.85,0.21,-0.17876,-0.16559,-0.2162,-0.94545,-0.63,0.84,0.23,-0.17876,-0.16559,-0.2162,-0.94545,-0.67,0.78,0.11,0.34039,-0.11759,-0.18973,-0.91341,-0.66,0.82,0.15,0.26826,-0.06222,-0.26204,-0.92493,-0.66,0.84,0.18,-0.01349,-0.15271,-0.26694,-0.95144,-0.66,0.84,0.21,-0.13989,-0.21646,-0.2539,-0.93226,-0.65,0.84,0.23,-0.13989,-0.21646,-0.2539,-0.93226,-0.67,0.78,0.11,0.26181,-0.05959,-0.41839,-0.86767,-0.68,0.8,0.15,0.24456,-0.05832,-0.33247,-0.90898,-0.68,0.82,0.18,-0.01364,-0.12898,-0.36748,-0.92094,-0.67,0.82,0.2,-0.06752,-0.20228,-0.35557,-0.91,-0.66,0.82,0.22,-0.06752,-0.20228,-0.35557,-0.91,-0.5,0.81,0.14,-0.32597,-0.17994,-0.13901,0.91763,-0.48,0.77,0.09,-0.32597,-0.17994,-0.13901,0.91763,-0.52,0.79,0.11,-0.40151,-0.23135,0.59728,0.65462,-0.54,0.8,0.13,-0.19011,-0.04419,0.56754,0.79988,-0.55,0.8,0.16,-0.10682,-0.03351,0.64134,0.75905,-0.56,0.81,0.19,-0.10682,-0.03351,0.64134,0.75905,-0.51,0.79,0.11,-0.32597,-0.17994,-0.13901,0.91763,-0.52,0.83,0.15,0.01217,-0.2074,-0.02524,0.97785,-0.54,0.83,0.19,0.33984,-0.20541,0.01916,0.91758,-0.55,0.82,0.2,0.44017,-0.17418,0.034,0.8802,-0.55,0.8,0.22,0.44017,-0.17418,0.034,0.8802,-0.49,0.79,0.12,-0.32597,-0.17994,-0.13901,0.91763,-0.5,0.83,0.16,-0.02249,-0.19153,-0.1014,0.97598,-0.52,0.84,0.2,0.3864,-0.21728,-0.02547,0.89601,-0.53,0.82,0.21,0.55779,-0.20101,-0.04235,0.80416,-0.54,0.8,0.22,0.55779,-0.20101,-0.04235,0.80416,-0.47,0.79,0.12,-0.32597,-0.17994,-0.13901,0.91763,-0.48,0.82,0.16,-0.08744,-0.16525,-0.1757,0.96653,-0.5,0.83,0.2,0.38905,-0.24544,-0.11427,0.88054,-0.51,0.82,0.21,0.61438,-0.28635,-0.06981,0.73189,-0.52,0.8,0.22,0.61438,-0.28635,-0.06981,0.73189,-0.47,0.79,0.13,-0.24199,-0.11544,-0.367,0.89075,-0.47,0.81,0.17,-0.17297,-0.13813,-0.27069,0.93687,-0.47,0.82,0.19,0.34203,-0.25359,-0.2381,0.87294,-0.49,0.81,0.21,0.57545,-0.35425,-0.16557,0.7183,-0.5,0.8,0.21,0.57545,-0.35425,-0.16557,0.7183,-0.6,0.8,0.21
35,-0.65,0.81,0.13,0.3407,-0.10869,-0.20983,-0.90999,-0.66,0.77,0.07,0.3407,-0.10869,-0.20983,-0.90999,-0.62,0.79,0.1,0.36845,-0.24562,0.56931,-0.69267,-0.6,0.8,0.12,0.14797,-0.06398,0.5432,-0.82398,-0.59,0.81,0.15,0.0595,-0.05427,0.61809,-0.78197,-0.58,0.81,0.18,0.0595,-0.05427,0.61809,-0.78197,-0.63,0.8,0.1,0.3407,-0.10869,-0.20983,-0.90999,-0.63,0.84,0.14,0.06497,-0.1639,-0.12467,-0.97641,-0.62,0.84,0.18,-0.26755,-0.19943,-0.08837,-0.93853,-0.61,0.83,0.2,-0.37832,-0.18109,-0.07443,-0.90473,-0.6,0.82,0.21,-0.37832,-0.18109,-0.07443,-0.90473,-0.65,0.79,0.1,0.3407,-0.10869,-0.20983,-0.90999,-0.65,0.83,0.15,0.16723,-0.09889,-0.21984,-0.956,-0.65,0.85,0.19,-0.17141,-0.17005,-0.18494,-0.95263,-0.63,0.84,0.21,-0.28291,-0.1838,-0.21718,-0.91598,-0.62,0.83,0.23,-0.28291,-0.1838,-0.21718,-0.91598,-0.67,0.79,0.11,0.3407,-0.10869,-0.20983,-0.90999,-0.67,0.82,0.15,0.24599,-0.06565,-0.27915,-0.92588,-0.67,0.84,0.18,-0.07212,-0.17098,-0.27684,-0.94283,-0.66,0.84,0.21,-0.20374,-0.2369,-0.26152,-0.91322,-0.64,0.83,0.23,-0.20374,-0.2369,-0.26152,-0.91322,-0.67,0.78,0.11,0.2612,-0.05189,-0.43735,-0.85896,-0.68,0.8,0.15,0.24255,-0.06451,-0.34872,-0.903,-0.68,0.82,0.18,-0.02077,-0.14164,-0.38047,-0.91365,-0.67,0.82,0.2,-0.0744,-0.21595,-0.36768,-0.90146,-0.67,0.82,0.22,-0.0744,-0.21595,-0.36768,-0.90146,-0.5,0.81,0.14,-0.32634,-0.18082,-0.13271,0.91826,-0.48,0.77,0.09,-0.32634,-0.18082,-0.13271,0.91826,-0.52,0.79,0.11,-0.40052,-0.23114,0.6019,0.65106,-0.54,0.79,0.13,-0.19052,-0.04272,0.57219,0.79654,-0.55,0.8,0.16,-0.10647,-0.03102,0.64558,0.7556,-0.56,0.81,0.19,-0.10647,-0.03102,0.64558,0.7556,-0.51,0.79,0.11,-0.32634,-0.18082,-0.13271,0.91826,-0.52,0.83,0.15,0.00953,-0.20568,-0.01982,0.97837,-0.54,0.83,0.19,0.33954,-0.20201,0.02415,0.91832,-0.55,0.82,0.2,0.44187,-0.17019,0.03902,0.87992,-0.55,0.8,0.22,0.44187,-0.17019,0.03902,0.87992,-0.49,0.79,0.12,-0.32634,-0.18082,-0.13271,0.91826,-0.5,0.83,0.16,-0.02427,-0.18934,-0.09611,0.97689,-0.52,0.84,0.2,0.38942,-0.21322,-0.02057,0.89581,-0.53,0.82,0.21,0.56421,-0.19586,-0.03778,0.80118,-0.54,0.8,0.22,0.56421,-0.19586,-0.03778,0.80118,-0.47,0.79,0.12,-0.32634,-0.18082,-0.13271,0.91826,-0.48,0.82,0.16,-0.08832,-0.16353,-0.17011,0.96774,-0.5,0.83,0.2,0.39364,-0.24187,-0.10902,0.88015,-0.51,0.82,0.21,0.62218,-0.28148,-0.06484,0.72763,-0.52,0.79,0.22,0.62218,-0.28148,-0.06484,0.72763,-0.47,0.79,0.13,-0.24303,-0.11616,-0.36107,0.89279,-0.47,0.81,0.17,-0.17304,-0.13744,-0.26483,0.93863,-0.47,0.82,0.19,0.34527,-0.25063,-0.23296,0.8739,-0.49,0.81,0.21,0.58316,-0.35069,-0.15993,0.71509,-0.5,0.8,0.21,0.58316,-0.35069,-0.15993,0.71509,-0.6,0.8,0.21
36,-0.65,0.81,0.13,0.3225,-0.10734,-0.19768,-0.91946,-0.66,0.77,0.07,0.3225,-0.10734,-0.19768,-0.91946,-0.62,0.79,0.1,0.35708,-0.24507,0.57041,-0.6979,-0.6,0.8,0.12,0.10874,-0.04385,0.54773,-0.8284,-0.59,0.8,0.15,0.00205,-0.02452,0.61856,-0.78536,-0.59,0.8,0.18,0.00205,-0.02452,0.61856,-0.78536,-0.63,0.79,0.1,0.3225,-0.10734,-0.19768,-0.91946,-0.63,0.83,0.14,0.00585,-0.15319,-0.11391,-0.98159,-0.62,0.84,0.18,-0.35456,-0.18681,-0.07594,-0.91303,-0.61,0.82,0.19,-0.48047,-0.16783,-0.05689,-0.85892,-0.6,0.8,0.21,-0.48047,-0.16783,-0.05689,-0.85892,-0.65,0.79,0.1,0.3225,-0.10734,-0.19768,-0.91946,-0.65,0.83,0.15,0.10268,-0.10622,-0.20131,-0.96832,-0.64,0.84,0.19,-0.28153,-0.1775,-0.15688,-0.92985,-0.63,0.83,0.21,-0.40906,-0.18517,-0.18569,-0.87402,-0.62,0.81,0.22,-0.40906,-0.18517,-0.18569,-0.87402,-0.67,0.79,0.11,0.3225,-0.10734,-0.19768,-0.91946,-0.66,0.82,0.15,0.18162,-0.07672,-0.26155,-0.94484,-0.66,0.83,0.19,-0.18173,-0.18445,-0.25081,-0.93276,-0.65,0.83,0.21,-0.3257,-0.24814,-0.23414,-0.88178,-0.64,0.82,0.23,-0.3257,-0.24814,-0.23414,-0.88178,-0.67,0.78,0.11,0.24539,-0.04525,-0.42501,-0.87012,-0.68,0.8,0.15,0.2054,-0.07395,-0.33346,-0.91714,-0.68,0.81,0.18,-0.07627,-0.15016,-0.3612,-0.91715,-0.67,0.81,0.2,-0.13552,-0.2249,-0.34959,-0.89936,-0.66,0.81,0.22,-0.13552,-0.2249,-0.34959,-0.89936,-0.5,0.81,0.14,-0.32468,-0.18295,-0.13328,0.91834,-0.48,0.77,0.09,-0.32468,-0.18295,-0.13328,0.91834,-0.52,0.79,0.11,-0.40011,-0.23311,0.60172,0.65077,-0.54,0.79,0.13,-0.19196,-0.04602,0.57241,0.79585,-0.55,0.8,0.16,-0.10509,-0.0315,0.64593,0.75548,-0.56,0.81,0.19,-0.10509,-0.0315,0.64593,0.75548,-0.51,0.79,0.11,-0.32468,-0.18295,-0.13328,0.91834,-0.52,0.83,0.15,0.00636,-0.20704,-0.0214,0.97808,-0.54,0.83,0.19,0.33945,-0.20383,0.02378,0.91797,-0.55,0.82,0.2,0.44323,-0.17199,0.03918,0.87888,-0.55,0.8,0.22,0.44323,-0.17199,0.03918,0.87888,-0.49,0.79,0.12,-0.32468,-0.18295,-0.13328,0.91834,-0.5,0.83,0.16,-0.02807,-0.18951,-0.0981,0.97656,-0.52,0.84,0.2,0.39176,-0.21439,-0.02089,0.8945,-0.53,0.82,0.21,0.56979,-0.19684,-0.03729,0.797,-0.54,0.8,0.22,0.56979,-0.19684,-0.03729,0.797,-0.47,0.79,0.12,-0.32468,-0.18295,-0.13328,0.91834,-0.49,0.82,0.16,-0.09061,-0.16337,-0.17167,0.96728,-0.5,0.83,0.2,0.40054,-0.24361,-0.1081,0.87666,-0.51,0.82,0.21,0.63245,-0.28276,-0.06222,0.71846,-0.52,0.79,0.22,0.63245,-0.28276,-0.06222,0.71846,-0.47,0.79,0.13,-0.2409,-0.11788,-0.36137,0.89302,-0.47,0.81,0.17,-0.17308,-0.13637,-0.26604,0.93844,-0.47,0.82,0.19,0.35186,-0.25201,-0.2329,0.87089,-0.49,0.81,0.21,0.59428,-0.3529,-0.15722,0.70538,-0.5,0.8,0.21,0.59428,-0.3529,-0.15722,0.70538,-0.6,0.8,0.21
37,-0.65,0.81,0.13,0.27946,-0.10441,-0.1649,-0.94011,-0.66,0.77,0.07,0.27946,-0.10441,-0.1649,-0.94011,-0.62,0.79,0.1,0.33889,-0.25858,0.56906,-0.70318,-0.6,0.79,0.12,0.08644,-0.05377,0.55151,-0.82793,-0.59,0.8,0.16,-0.03352,-0.0245,0.62143,-0.78237,-0.59,0.79,0.18,-0.03352,-0.0245,0.62143,-0.78237,-0.63,0.79,0.1,0.27946,-0.10441,-0.1649,-0.94011,-0.62,0.83,0.15,-0.03514,-0.12663,-0.0935,-0.98691,-0.61,0.83,0.18,-0.39501,-0.15369,-0.06665,-0.90328,-0.6,0.81,0.2,-0.52458,-0.13375,-0.04997,-0.8393,-0.6,0.79,0.21,-0.52458,-0.13375,-0.04997,-0.8393,-0.65,0.79,0.1,0.27946,-0.10441,-0.1649,-0.94011,-0.64,0.83,0.15,0.04058,-0.09436,-0.16793,-0.98043,-0.64,0.83,0.19,-0.36063,-0.15529,-0.128,-0.91074,-0.63,0.81,0.21,-0.49613,-0.15649,-0.15827,-0.83924,-0.62,0.79,0.22,-0.49613,-0.15649,-0.15827,-0.83924,-0.66,0.79,0.11,0.27946,-0.10441,-0.1649,-0.94011,-0.66,0.81,0.15,0.10659,-0.06909,-0.22634,-0.96573,-0.66,0.82,0.19,-0.28053,-0.16647,-0.21922,-0.91953,-0.65,0.81,0.21,-0.43414,-0.22617,-0.20638,-0.84722,-0.63,0.8,0.23,-0.43414,-0.22617,-0.20638,-0.84722,-0.67,0.78,0.11,0.20856,-0.03001,-0.39157,-0.8957,-0.68,0.8,0.15,0.13357,-0.06746,-0.30025,-0.94205,-0.67,0.81,0.18,-0.16538,-0.13454,-0.32922,-0.91987,-0.67,0.8,0.2,-0.23769,-0.2109,-0.32127,-0.89208,-0.66,0.8,0.22,-0.23769,-0.2109,-0.32127,-0.89208,-0.5,0.81,0.14,-0.32325,-0.18466,-0.13755,0.91787,-0.48,0.77,0.09,-0.32325,-0.18466,-0.13755,0.91787,-0.52,0.79,0.11,-0.3996,-0.23461,0.59984,0.65228,-0.54,0.79,0.13,-0.19566,-0.05147,0.57034,0.7961,-0.55,0.8,0.16,-0.10341,-0.03186,0.64426,0.75711,-0.56,0.81,0.19,-0.10341,-0.03186,0.64426,0.75711,-0.51,0.79,0.11,-0.32325,-0.18466,-0.13755,0.91787,-0.52,0.83,0.15,0.00637,-0.20968,-0.02548,0.97742,-0.54,0.83,0.19,0.34291,-0.20759,0.02167,0.91589,-0.55,0.82,0.2,0.44687,-0.17595,0.0377,0.87631,-0.55,0.8,0.22,0.44687,-0.17595,0.0377,0.87631,-0.49,0.79,0.12,-0.32325,-0.18466,-0.13755,0.91787,-0.5,0.83,0.16,-0.02738,-0.19193,-0.10202,0.97571,-0.52,0.84,0.2,0.39717,-0.21836,-0.02216,0.89111,-0.53,0.82,0.21,0.57642,-0.20057,-0.03734,0.79128,-0.54,0.8,0.22,0.57642,-0.20057,-0.03734,0.79128,-0.47,0.79,0.12,-0.32325,-0.18466,-0.13755,0.91787,-0.49,0.82,0.16,-0.08969,-0.16534,-0.17568,0.96631,-0.5,0.83,0.2,0.40479,-0.24768,-0.10958,0.87338,-0.51,0.82,0.21,0.63707,-0.28694,-0.06211,0.7127,-0.52,0.79,0.22,0.63707,-0.28694,-0.06211,0.7127,-0.47,0.79,0.13,-0.23858,-0.11939,-0.36517,0.8919,-0.47,0.81,0.17,-0.17341,-0.13589,-0.27066,0.93713,-0.47,0.82,0.2,0.35521,-0.25511,-0.23593,0.8678,-0.49,0.81,0.21,0.5973,-0.35683,-0.15887,0.70048,-0.5,0.8,0.21,0.5973,-0.35683,-0.15887,0.70048,-0.6,0.8,0.21
38,-0.64,0.81,0.13,0.25062,-0.0964,-0.14273,-0.95264,-0.66,0.78,0.07,0.25062,-0.0964,-0.14273,-0.95264,-0.62,0.79,0.1,0.34103,-0.25414,0.55394,-0.71572,-0.59,0.8,0.12,0.08895,-0.05746,0.5341,-0.83876,-0.59,0.8,0.16,-0.03459,-0.02786,0.60546,-0.79463,-0.59,0.8,0.18,-0.03459,-0.02786,0.60546,-0.79463,-0.63,0.79,0.1,0.25062,-0.0964,-0.14273,-0.95264,-0.62,0.83,0.15,-0.05842,-0.10697,-0.07839,-0.98944,-0.61,0.82,0.19,-0.39685,-0.12788,-0.06281,-0.90676,-0.61,0.81,0.2,-0.5203,-0.10712,-0.0508,-0.84571,-0.6,0.79,0.21,-0.5203,-0.10712,-0.0508,-0.84571,-0.65,0.79,0.1,0.25062,-0.0964,-0.14273,-0.95264,-0.64,0.83,0.15,0.00416,-0.07578,-0.14898,-0.98592,-0.64,0.83,0.2,-0.38747,-0.12906,-0.11947,-0.90495,-0.63,0.81,0.21,-0.51842,-0.12754,-0.15358,-0.8315,-0.62,0.79,0.23,-0.51842,-0.12754,-0.15358,-0.8315,-0.66,0.79,0.11,0.25062,-0.0964,-0.14273,-0.95264,-0.66,0.82,0.15,0.07272,-0.0492,-0.2064,-0.97452,-0.66,0.82,0.19,-0.31024,-0.13815,-0.20993,-0.91684,-0.65,0.81,0.21,-0.46275,-0.1962,-0.20311,-0.84031,-0.64,0.79,0.23,-0.46275,-0.1962,-0.20311,-0.84031,-0.67,0.78,0.11,0.18517,-0.01413,-0.36881,-0.91076,-0.68,0.8,0.15,0.10154,-0.04458,-0.28072,-0.95336,-0.67,0.81,0.18,-0.20036,-0.10565,-0.31698,-0.92099,-0.67,0.8,0.2,-0.2751,-0.18172,-0.31333,-0.89057,-0.66,0.79,0.22,-0.2751,-0.18172,-0.31333,-0.89057,-0.5,0.81,0.14,-0.32137,-0.18256,-0.14205,0.91826,-0.48,0.77,0.09,-0.32137,-0.18256,-0.14205,0.91826,-0.52,0.79,0.11,-0.3964,-0.23463,0.59822,0.6557,-0.54,0.79,0.13,-0.1957,-0.05461,0.56811,0.79748,-0.55,0.8,0.16,-0.10058,-0.03262,0.64229,0.75913,-0.56,0.81,0.19,-0.10058,-0.03262,0.64229,0.75913,-0.51,0.79,0.11,-0.32137,-0.18256,-0.14205,0.91826,-0.52,0.83,0.15,0.00916,-0.21044,-0.02937,0.97712,-0.54,0.83,0.19,0.34703,-0.20953,0.01864,0.91396,-0.55,0.82,0.2,0.45104,-0.17818,0.03507,0.87384,-0.55,0.8,0.22,0.45104,-0.17818,0.03507,0.87384,-0.49,0.79,0.12,-0.32137,-0.18256,-0.14205,0.91826,-0.5,0.83,0.16,-0.02304,-0.19218,-0.10593,0.97535,-0.52,0.84,0.2,0.40221,-0.22025,-0.02527,0.8883,-0.53,0.82,0.21,0.5813,-0.20268,-0.03981,0.78703,-0.54,0.8,0.22,0.5813,-0.20268,-0.03981,0.78703,-0.47,0.79,0.12,-0.32137,-0.18256,-0.14205,0.91826,-0.48,0.82,0.16,-0.08536,-0.16501,-0.17976,0.96601,-0.5,0.83,0.2,0.40755,-0.24914,-0.11354,0.87117,-0.51,0.81,0.22,0.63889,-0.28935,-0.06556,0.70979,-0.52,0.79,0.22,0.63889,-0.28935,-0.06556,0.70979,-0.47,0.79,0.13,-0.23656,-0.117,-0.36939,0.89101,-0.47,0.81,0.17,-0.17211,-0.1331,-0.27547,0.93636,-0.47,0.82,0.2,0.3558,-0.25515,-0.24139,0.86605,-0.49,0.81,0.21,0.59626,-0.35835,-0.16442,0.6993,-0.5,0.8,0.21,0.59626,-0.35835,-0.16442,0.6993,-0.6,0.8,0.21
39,-0.64,0.81,0.13,0.25429,-0.09538,-0.13933,-0.95227,-0.66,0.78,0.07,0.25429,-0.09538,-0.13933,-0.95227,-0.62,0.79,0.1,0.34323,-0.24805,0.55658,-0.71476,-0.6,0.8,0.12,0.0957,-0.05354,0.53409,-0.83829,-0.59,0.8,0.16,-0.02853,-0.02316,0.60526,-0.79518,-0.59,0.8,0.18,-0.02853,-0.02316,0.60526,-0.79518,-0.63,0.8,0.1,0.25429,-0.09538,-0.13933,-0.95227,-0.62,0.83,0.15,-0.056,-0.10461,-0.07559,-0.99005,-0.61,0.83,0.19,-0.37094,-0.12312,-0.06428,-0.91821,-0.61,0.81,0.2,-0.4864,-0.10204,-0.05507,-0.86601,-0.6,0.79,0.22,-0.4864,-0.10204,-0.05507,-0.86601,-0.65,0.79,0.1,0.25429,-0.09538,-0.13933,-0.95227,-0.64,0.83,0.15,-0.00029,-0.0755,-0.14536,-0.98649,-0.64,0.83,0.19,-0.36139,-0.1234,-0.1204,-0.91634,-0.63,0.81,0.21,-0.47951,-0.12181,-0.15646,-0.85484,-0.62,0.79,0.23,-0.47951,-0.12181,-0.15646,-0.85484,-0.66,0.79,0.11,0.25429,-0.09538,-0.13933,-0.95227,-0.66,0.82,0.15,0.0748,-0.04712,-0.20385,-0.975,-0.66,0.83,0.19,-0.28929,-0.13114,-0.21073,-0.9245,-0.65,0.81,0.21,-0.43458,-0.1882,-0.20586,-0.85635,-0.64,0.8,0.23,-0.43458,-0.1882,-0.20586,-0.85635,-0.67,0.79,0.11,0.18942,-0.01388,-0.36598,-0.91104,-0.68,0.8,0.15,0.10649,-0.03989,-0.2788,-0.95359,-0.67,0.81,0.18,-0.19401,-0.10047,-0.3168,-0.92299,-0.67,0.8,0.2,-0.26435,-0.17509,-0.31405,-0.8949,-0.66,0.8,0.22,-0.26435,-0.17509,-0.31405,-0.8949,-0.5,0.81,0.14,-0.31572,-0.18079,-0.14471,0.92016,-0.48,0.77,0.09,-0.31572,-0.18079,-0.14471,0.92016,-0.52,0.79,0.11,-0.39179,-0.23849,0.59606,0.65904,-0.54,0.79,0.13,-0.19405,-0.06139,0.5665,0.79853,-0.55,0.8,0.16,-0.0992,-0.03944,0.64126,0.75986,-0.56,0.81,0.19,-0.0992,-0.03944,0.64126,0.75986,-0.51,0.79,0.11,-0.31572,-0.18079,-0.14471,0.92016,-0.52,0.83,0.15,0.01566,-0.21189,-0.03078,0.97668,-0.54,0.83,0.19,0.35224,-0.21122,0.01762,0.91159,-0.55,0.82,0.2,0.45633,-0.17994,0.0345,0.87074,-0.55,0.8,0.22,0.45633,-0.17994,0.0345,0.87074,-0.49,0.79,0.12,-0.31572,-0.18079,-0.14471,0.92016,-0.5,0.83,0.16,-0.01715,-0.19171,-0.10847,0.97529,-0.52,0.84,0.2,0.40622,-0.2208,-0.02807,0.88625,-0.53,0.82,0.22,0.58527,-0.2035,-0.04229,0.78375,-0.54,0.79,0.22,0.58527,-0.2035,-0.04229,0.78375,-0.47,0.79,0.12,-0.31572,-0.18079,-0.14471,0.92016,-0.48,0.82,0.17,-0.08054,-0.1632,-0.18265,0.96619,-0.5,0.83,0.2,0.41023,-0.24862,-0.1174,0.86955,-0.51,0.81,0.22,0.64078,-0.28984,-0.06949,0.70751,-0.52,0.79,0.22,0.64078,-0.28984,-0.06949,0.70751,-0.47,0.79,0.13,-0.23104,-0.11389,-0.3716,0.89194,-0.47,0.81,0.17,-0.17049,-0.12792,-0.27876,0.93641,-0.47,0.82,0.2,0.35623,-0.25218,-0.24701,0.86516,-0.49,0.81,0.21,0.59591,-0.35719,-0.17081,0.69867,-0.5,0.79,0.21,0.59591,-0.35719,-0.17081,0.69867,-0.6,0.8,0.21
40,-0.64,0.81,0.13,0.25784,-0.09443,-0.13654,-0.95182,-0.66,0.78,0.07,0.25784,-0.09443,-0.13654,-0.95182,-0.62,0.79,0.1,0.34161,-0.24499,0.5619,-0.71243,-0.6,0.8,0.12,0.09891,-0.05121,0.53791,-0.83561,-0.59,0.8,0.15,-0.02812,-0.01792,0.60855,-0.79282,-0.59,0.8,0.18,-0.02812,-0.01792,0.60855,-0.79282,-0.63,0.8,0.1,0.25784,-0.09443,-0.13654,-0.95182,-0.62,0.83,0.15,-0.05604,-0.10219,-0.07332,-0.99048,-0.61,0.83,0.19,-0.35641,-0.11908,-0.06483,-0.92444,-0.61,0.81,0.2,-0.4652,-0.09762,-0.05758,-0.87792,-0.6,0.8,0.22,-0.4652,-0.09762,-0.05758,-0.87792,-0.65,0.8,0.1,0.25784,-0.09443,-0.13654,-0.95182,-0.64,0.83,0.15,-0.01009,-0.07648,-0.14172,-0.9869,-0.64,0.83,0.19,-0.34789,-0.11993,-0.11962,-0.92211,-0.63,0.81,0.21,-0.45062,-0.11701,-0.157,-0.87098,-0.62,0.8,0.23,-0.45062,-0.11701,-0.157,-0.87098,-0.66,0.79,0.11,0.25784,-0.09443,-0.13654,-0.95182,-0.66,0.82,0.15,0.07147,-0.04623,-0.20162,-0.97576,-0.66,0.83,0.19,-0.27291,-0.12503,-0.21131,-0.93018,-0.65,0.81,0.21,-0.4064,-0.18007,-0.20872,-0.87112,-0.64,0.8,0.23,-0.4064,-0.18007,-0.20872,-0.87112,-0.67,0.79,0.11,0.19346,-0.01371,-0.36369,-0.91111,-0.68,0.81,0.15,0.1081,-0.0368,-0.27734,-0.95396,-0.68,0.81,0.18,-0.19182,-0.097,-0.31644,-0.92394,-0.67,0.81,0.2,-0.25413,-0.16892,-0.31507,-0.89867,-0.66,0.8,0.22,-0.25413,-0.16892,-0.31507,-0.89867,-0.5,0.81,0.14,-0.29872,-0.17566,-0.14403,0.92691,-0.48,0.77,0.09,-0.29872,-0.17566,-0.14403,0.92691,-0.52,0.79,0.12,-0.37574,-0.24895,0.59576,0.66477,-0.54,0.79,0.13,-0.18021,-0.07282,0.56879,0.79919,-0.55,0.8,0.17,-0.08662,-0.05206,0.64383,0.75847,-0.56,0.8,0.19,-0.08662,-0.05206,0.64383,0.75847,-0.51,0.79,0.12,-0.29872,-0.17566,-0.14403,0.92691,-0.52,0.83,0.16,0.03476,-0.21065,-0.02931,0.9765,-0.54,0.83,0.19,0.36743,-0.20911,0.01792,0.90606,-0.55,0.81,0.21,0.47063,-0.17769,0.03499,0.86354,-0.55,0.79,0.22,0.47063,-0.17769,0.03499,0.86354,-0.49,0.79,0.12,-0.29872,-0.17566,-0.14403,0.92691,-0.5,0.83,0.16,-0.00071,-0.18696,-0.10857,0.97635,-0.52,0.83,0.2,0.41863,-0.21626,-0.03093,0.88149,-0.53,0.81,0.22,0.5961,-0.19881,-0.04579,0.77656,-0.54,0.79,0.22,0.5961,-0.19881,-0.04579,0.77656,-0.47,0.79,0.12,-0.29872,-0.17566,-0.14403,0.92691,-0.48,0.82,0.17,-0.06788,-0.15552,-0.18321,0.96832,-0.5,0.83,0.2,0.41895,-0.24133,-0.12271,0.86671,-0.51,0.81,0.22,0.6472,-0.2841,-0.07712,0.70319,-0.52,0.79,0.22,0.6472,-0.2841,-0.07712,0.70319,-0.47,0.78,0.13,-0.21561,-0.10445,-0.37003,0.8976,-0.47,0.81,0.17,-0.16043,-0.11643,-0.2785,0.93976,-0.47,0.82,0.2,0.36415,-0.24103,-0.2532,0.86324,-0.49,0.81,0.21,0.60128,-0.34819,-0.18111,0.69601,-0.5,0.79,0.21,0.60128,-0.34819,-0.18111,0.69601,-0.6,0.8,0.21
41,-0.64,0.82,0.13,0.27242,-0.0971,-0.13513,-0.94768,-0.66,0.78,0.07,0.27242,-0.0971,-0.13513,-0.94768,-0.62,0.79,0.1,0.34804,-0.23983,0.56938,-0.70509,-0.6,0.8,0.12,0.10912,-0.0455,0.54352,-0.83103,-0.59,0.81,0.15,-0.02049,-0.00877,0.61337,-0.78948,-0.59,0.81,0.18,-0.02049,-0.00877,0.61337,-0.78948,-0.63,0.8,0.1,0.27242,-0.0971,-0.13513,-0.94768,-0.62,0.83,0.15,-0.04632,-0.1045,-0.07073,-0.99093,-0.61,0.83,0.18,-0.34332,-0.12048,-0.0622,-0.92938,-0.61,0.82,0.2,-0.44833,-0.09848,-0.05579,-0.88667,-0.6,0.8,0.22,-0.44833,-0.09848,-0.05579,-0.88667,-0.65,0.8,0.1,0.27242,-0.0971,-0.13513,-0.94768,-0.64,0.83,0.15,-0.00651,-0.08193,-0.13885,-0.9869,-0.64,0.83,0.19,-0.33653,-0.12312,-0.11612,-0.92634,-0.63,0.82,0.21,-0.43273,-0.11952,-0.15364,-0.88026,-0.62,0.8,0.23,-0.43273,-0.11952,-0.15364,-0.88026,-0.66,0.79,0.11,0.27242,-0.0971,-0.13513,-0.94768,-0.66,0.82,0.15,0.07611,-0.05138,-0.20048,-0.97539,-0.66,0.83,0.19,-0.25754,-0.12723,-0.20966,-0.93463,-0.65,0.82,0.21,-0.38483,-0.18089,-0.20727,-0.88104,-0.64,0.8,0.23,-0.38483,-0.18089,-0.20727,-0.88104,-0.67,0.79,0.11,0.2073,-0.01988,-0.36347,-0.90803,-0.68,0.81,0.15,0.11577,-0.03918,-0.27805,-0.95276,-0.68,0.81,0.18,-0.18379,-0.09982,-0.31658,-0.92522,-0.67,0.81,0.2,-0.23903,-0.16939,-0.3156,-0.90253,-0.66,0.8,0.22,-0.23903,-0.16939,-0.3156,-0.90253,-0.5,0.81,0.14,-0.29974,-0.16996,-0.14031,0.92822,-0.48,0.78,0.09,-0.29974,-0.16996,-0.14031,0.92822,-0.52,0.79,0.11,-0.37363,-0.243,0.59793,0.66621,-0.54,0.79,0.13,-0.18098,-0.0682,0.56878,0.79943,-0.55,0.8,0.16,-0.08709,-0.0475,0.64349,0.759,-0.56,0.8,0.19,-0.08709,-0.0475,0.64349,0.759,-0.51,0.79,0.11,-0.29974,-0.16996,-0.14031,0.92822,-0.52,0.83,0.15,0.03354,-0.20672,-0.0259,0.97748,-0.54,0.83,0.19,0.36052,-0.20441,0.01842,0.90989,-0.55,0.81,0.2,0.46311,-0.17302,0.0345,0.86856,-0.55,0.8,0.22,0.46311,-0.17302,0.0345,0.86856,-0.49,0.79,0.12,-0.29974,-0.16996,-0.14031,0.92822,-0.5,0.83,0.16,-0.00472,-0.18172,-0.10629,0.97758,-0.52,0.83,0.2,0.41524,-0.21058,-0.03117,0.88445,-0.53,0.81,0.22,0.59312,-0.19354,-0.04729,0.78007,-0.54,0.79,0.22,0.59312,-0.19354,-0.04729,0.78007,-0.47,0.79,0.12,-0.29974,-0.16996,-0.14031,0.92822,-0.48,0.82,0.16,-0.0725,-0.14932,-0.18113,0.96935,-0.49,0.83,0.2,0.41576,-0.23519,-0.12377,0.86978,-0.51,0.81,0.22,0.64475,-0.27865,-0.07987,0.7073,-0.52,0.79,0.22,0.64475,-0.27865,-0.07987,0.7073,-0.47,0.79,0.13,-0.21829,-0.09888,-0.36695,0.89884,-0.47,0.81,0.17,-0.16694,-0.10925,-0.27599,0.94023,-0.47,0.82,0.19,0.35807,-0.23406,-0.25497,0.86718,-0.48,0.81,0.21,0.59648,-0.34225,-0.18473,0.7021,-0.5,0.79,0.21,0.59648,-0.34225,-0.18473,0.7021,-0.6,0.8,0.21
42,-0.64,0.82,0.13,0.27453,-0.10003,-0.13612,-0.94662,-0.66,0.78,0.07,0.27453,-0.10003,-0.13612,-0.94662,-0.62,0.79,0.1,0.34235,-0.2491,0.57571,-0.6995,-0.6,0.8,0.12,0.10494,-0.05195,0.55312,-0.82483,-0.59,0.8,0.15,-0.02599,-0.01221,0.62283,-0.78183,-0.59,0.8,0.18,-0.02599,-0.01221,0.62283,-0.78183,-0.63,0.8,0.1,0.27453,-0.10003,-0.13612,-0.94662,-0.62,0.83,0.15,-0.04761,-0.10848,-0.06985,-0.9905,-0.61,0.83,0.18,-0.34581,-0.12406,-0.06,-0.92813,-0.61,0.82,0.2,-0.44999,-0.10174,-0.05321,-0.88562,-0.6,0.8,0.21,-0.44999,-0.10174,-0.05321,-0.88562,-0.65,0.8,0.1,0.27453,-0.10003,-0.13612,-0.94662,-0.64,0.83,0.15,-0.01167,-0.08746,-0.13768,-0.98654,-0.64,0.83,0.19,-0.33971,-0.12768,-0.11338,-0.9249,-0.63,0.82,0.21,-0.43555,-0.12355,-0.15042,-0.87887,-0.62,0.8,0.23,-0.43555,-0.12355,-0.15042,-0.87887,-0.66,0.79,0.11,0.27453,-0.10003,-0.13612,-0.94662,-0.66,0.82,0.15,0.0686,-0.05685,-0.20031,-0.97567,-0.66,0.83,0.19,-0.26013,-0.13098,-0.2083,-0.9337,-0.65,0.82,0.21,-0.38667,-0.18422,-0.20553,-0.87995,-0.64,0.8,0.23,-0.38667,-0.18422,-0.20553,-0.87995,-0.67,0.79,0.11,0.20861,-0.02331,-0.36445,-0.90726,-0.68,0.81,0.15,0.10817,-0.04334,-0.27935,-0.95309,-0.67,0.81,0.18,-0.19017,-0.10326,-0.31647,-0.92359,-0.67,0.81,0.2,-0.24412,-0.17235,-0.31571,-0.90057,-0.66,0.8,0.22,-0.24412,-0.17235,-0.31571,-0.90057,-0.5,0.81,0.14,-0.29612,-0.16731,-0.13229,0.93103,-0.48,0.78,0.08,-0.29612,-0.16731,-0.13229,0.93103,-0.52,0.79,0.11,-0.36948,-0.24249,0.6019,0.66513,-0.54,0.8,0.13,-0.17707,-0.066,0.57278,0.79763,-0.55,0.8,0.16,-0.08205,-0.04443,0.6469,0.75684,-0.56,0.81,0.19,-0.08205,-0.04443,0.6469,0.75684,-0.51,0.8,0.11,-0.29612,-0.16731,-0.13229,0.93103,-0.52,0.83,0.15,0.03924,-0.20414,-0.01713,0.97801,-0.54,0.83,0.19,0.35654,-0.19917,0.02373,0.91249,-0.55,0.82,0.2,0.45669,-0.16731,0.0385,0.8729,-0.55,0.8,0.21,0.45669,-0.16731,0.0385,0.8729,-0.49,0.79,0.11,-0.29612,-0.16731,-0.13229,0.93103,-0.5,0.83,0.16,-0.00283,-0.17784,-0.09887,0.97908,-0.52,0.84,0.2,0.41532,-0.20383,-0.02664,0.88614,-0.53,0.82,0.21,0.59325,-0.18604,-0.04428,0.78197,-0.54,0.79,0.22,0.59325,-0.18604,-0.04428,0.78197,-0.47,0.79,0.12,-0.29612,-0.16731,-0.13229,0.93103,-0.48,0.82,0.16,-0.07199,-0.14511,-0.17377,0.97137,-0.49,0.83,0.2,0.41812,-0.22805,-0.11929,0.87117,-0.51,0.81,0.21,0.64868,-0.27059,-0.0773,0.70712,-0.52,0.79,0.21,0.64868,-0.27059,-0.0773,0.70712,-0.47,0.79,0.12,-0.2164,-0.09503,-0.35932,0.90279,-0.47,0.81,0.16,-0.16713,-0.10477,-0.26836,0.94291,-0.47,0.82,0.19,0.35994,-0.22656,-0.25077,0.86961,-0.48,0.81,0.2,0.60228,-0.33461,-0.18186,0.70159,-0.5,0.8,0.21,0.60228,-0.33461,-0.18186,0.70159,-0.6,0.8,0.21
43,-0.65,0.82,0.13,0.2693,-0.10174,-0.13635,-0.94791,-0.66,0.79,0.07,0.2693,-0.10174,-0.13635,-0.94791,-0.62,0.8,0.1,0.33415,-0.25683,0.57877,-0.69814,-0.6,0.8,0.12,0.09767,-0.05806,0.55882,-0.82146,-0.59,0.8,0.15,-0.0326,-0.01785,0.62862,-0.77683,-0.59,0.8,0.18,-0.0326,-0.01785,0.62862,-0.77683,-0.63,0.8,0.1,0.2693,-0.10174,-0.13635,-0.94791,-0.62,0.84,0.15,-0.05304,-0.11123,-0.06878,-0.98999,-0.61,0.83,0.18,-0.3533,-0.12637,-0.0578,-0.92513,-0.61,0.82,0.2,-0.45853,-0.10383,-0.05034,-0.88116,-0.6,0.8,0.21,-0.45853,-0.10383,-0.05034,-0.88116,-0.65,0.8,0.1,0.2693,-0.10174,-0.13635,-0.94791,-0.64,0.83,0.15,-0.0182,-0.09027,-0.13642,-0.98636,-0.64,0.83,0.19,-0.3466,-0.12992,-0.11116,-0.9223,-0.63,0.82,0.21,-0.44448,-0.12544,-0.14778,-0.87456,-0.62,0.8,0.23,-0.44448,-0.12544,-0.14778,-0.87456,-0.66,0.8,0.11,0.2693,-0.10174,-0.13635,-0.94791,-0.66,0.82,0.15,0.05911,-0.05971,-0.19922,-0.97635,-0.66,0.83,0.19,-0.26802,-0.13264,-0.2066,-0.9316,-0.65,0.82,0.21,-0.39561,-0.18573,-0.20364,-0.87609,-0.64,0.8,0.23,-0.39561,-0.18573,-0.20364,-0.87609,-0.67,0.79,0.11,0.20314,-0.0237,-0.36418,-0.9086,-0.68,0.81,0.15,0.09559,-0.04662,-0.27881,-0.95444,-0.67,0.81,0.18,-0.19979,-0.10442,-0.3149,-0.92196,-0.67,0.81,0.2,-0.25467,-0.17366,-0.31438,-0.89786,-0.66,0.8,0.22,-0.25467,-0.17366,-0.31438,-0.89786,-0.5,0.82,0.13,-0.29207,-0.16522,-0.12831,0.93324,-0.48,0.78,0.08,-0.29207,-0.16522,-0.12831,0.93324,-0.52,0.79,0.11,-0.36638,-0.24456,0.60265,0.66541,-0.54,0.8,0.13,-0.1718,-0.06597,0.5745,0.79754,-0.55,0.8,0.16,-0.07713,-0.04499,0.64833,0.75611,-0.56,0.81,0.18,-0.07713,-0.04499,0.64833,0.75611,-0.51,0.8,0.11,-0.29207,-0.16522,-0.12831,0.93324,-0.52,0.84,0.15,0.04605,-0.2037,-0.01161,0.97788,-0.54,0.83,0.19,0.3527,-0.19711,0.02657,0.91435,-0.55,0.82,0.2,0.44834,-0.16513,0.04,0.87757,-0.55,0.8,0.21,0.44834,-0.16513,0.04,0.87757,-0.49,0.8,0.11,-0.29207,-0.16522,-0.12831,0.93324,-0.5,0.84,0.16,-0.00096,-0.17603,-0.09496,0.97979,-0.52,0.84,0.2,0.41492,-0.20044,-0.02442,0.88717,-0.53,0.82,0.21,0.59347,-0.18231,-0.04275,0.78277,-0.54,0.8,0.22,0.59347,-0.18231,-0.04275,0.78277,-0.47,0.8,0.12,-0.29207,-0.16522,-0.12831,0.93324,-0.48,0.83,0.16,-0.07238,-0.14232,-0.17025,0.97238,-0.49,0.83,0.2,0.41982,-0.22413,-0.11725,0.87165,-0.51,0.82,0.21,0.65275,-0.26632,-0.07585,0.70515,-0.52,0.79,0.21,0.65275,-0.26632,-0.07585,0.70515,-0.47,0.79,0.12,-0.21343,-0.09178,-0.35539,0.90538,-0.47,0.81,0.16,-0.16608,-0.10203,-0.26427,0.94455,-0.47,0.82,0.19,0.36363,-0.22258,-0.24836,0.8698,-0.48,0.81,0.2,0.61128,-0.33123,-0.17877,0.69618,-0.5,0.8,0.21,0.61128,-0.33123,-0.17877,0.69618,-0.6,0.8,0.21
44,-0.65,0.82,0.13,0.26442,-0.10333,-0.1361,-0.94915,-0.66,0.79,0.07,0.26442,-0.10333,-0.1361,-0.94915,-0.62,0.8,0.1,0.32999,-0.26211,0.57913,-0.69787,-0.6,0.8,0.12,0.09311,-0.06239,0.56106,-0.82015,-0.59,0.8,0.15,-0.03659,-0.02223,0.63107,-0.77455,-0.59,0.8,0.18,-0.03659,-0.02223,0.63107,-0.77455,-0.63,0.8,0.1,0.26442,-0.10333,-0.1361,-0.94915,-0.62,0.84,0.15,-0.0575,-0.11398,-0.06718,-0.98954,-0.61,0.83,0.18,-0.36,-0.12854,-0.05508,-0.92241,-0.61,0.82,0.2,-0.46635,-0.10573,-0.04697,-0.877,-0.6,0.8,0.21,-0.46635,-0.10573,-0.04697,-0.877,-0.65,0.8,0.1,0.26442,-0.10333,-0.1361,-0.94915,-0.64,0.83,0.15,-0.02242,-0.09179,-0.13537,-0.98628,-0.64,0.83,0.19,-0.35325,-0.13127,-0.10928,-0.91981,-0.63,0.82,0.21,-0.45449,-0.12664,-0.1455,-0.86961,-0.62,0.8,0.23,-0.45449,-0.12664,-0.1455,-0.86961,-0.67,0.8,0.11,0.26442,-0.10333,-0.1361,-0.94915,-0.66,0.82,0.15,0.05371,-0.06104,-0.1982,-0.97678,-0.66,0.83,0.19,-0.27365,-0.13342,-0.20522,-0.93016,-0.65,0.82,0.21,-0.40322,-0.18662,-0.20202,-0.8728,-0.64,0.8,0.23,-0.40322,-0.18662,-0.20202,-0.8728,-0.67,0.79,0.11,0.19809,-0.02406,-0.36347,-0.90998,-0.68,0.81,0.15,0.08592,-0.04847,-0.27799,-0.95551,-0.67,0.81,0.18,-0.20448,-0.10368,-0.3137,-0.92143,-0.67,0.81,0.2,-0.25969,-0.17291,-0.31342,-0.8969,-0.66,0.8,0.22,-0.25969,-0.17291,-0.31342,-0.8969,-0.5,0.82,0.13,-0.29195,-0.16604,-0.12762,0.93323,-0.48,0.78,0.08,-0.29195,-0.16604,-0.12762,0.93323,-0.52,0.79,0.11,-0.36667,-0.24857,0.60256,0.66384,-0.54,0.8,0.13,-0.1688,-0.0674,0.57618,0.79686,-0.55,0.8,0.16,-0.07321,-0.0456,0.64987,0.75513,-0.56,0.81,0.18,-0.07321,-0.0456,0.64987,0.75513,-0.51,0.8,0.11,-0.29195,-0.16604,-0.12762,0.93323,-0.52,0.84,0.15,0.04876,-0.20533,-0.00924,0.97743,-0.54,0.83,0.19,0.35233,-0.19794,0.02871,0.91425,-0.55,0.82,0.2,0.44468,-0.16586,0.04152,0.87922,-0.55,0.8,0.21,0.44468,-0.16586,0.04152,0.87922,-0.49,0.8,0.11,-0.29195,-0.16604,-0.12762,0.93323,-0.5,0.84,0.16,-0.00034,-0.17746,-0.09346,0.97968,-0.52,0.84,0.2,0.41137,-0.20099,-0.02336,0.88872,-0.53,0.82,0.21,0.58947,-0.18289,-0.04179,0.7857,-0.54,0.8,0.22,0.58947,-0.18289,-0.04179,0.7857,-0.47,0.8,0.12,-0.29195,-0.16604,-0.12762,0.93323,-0.48,0.83,0.16,-0.07403,-0.14293,-0.16955,0.97229,-0.49,0.83,0.2,0.41683,-0.22419,-0.11668,0.87314,-0.51,0.82,0.21,0.64987,-0.2663,-0.07535,0.70786,-0.52,0.79,0.21,0.64987,-0.2663,-0.07535,0.70786,-0.47,0.79,0.12,-0.21324,-0.09254,-0.35469,0.90563,-0.47,0.81,0.16,-0.1675,-0.10246,-0.26355,0.94445,-0.47,0.82,0.19,0.36202,-0.2226,-0.24762,0.87067,-0.48,0.81,0.2,0.60969,-0.33096,-0.17815,0.69786,-0.5,0.8,0.21,0.60969,-0.33096,-0.17815,0.69786,-0.6,0.8,0.21
45,-0.65,0.82,0.13,0.26589,-0.10317,-0.1359,-0.94878,-0.66,0.79,0.07,0.26589,-0.10317,-0.1359,-0.94878,-0.62,0.8,0.1,0.33053,-0.26215,0.57974,-0.69709,-0.6,0.8,0.12,0.09382,-0.06226,0.5617,-0.81964,-0.59,0.8,0.15,-0.03661,-0.02133,0.63164,-0.77411,-0.59,0.8,0.18,-0.03661,-0.02133,0.63164,-0.77411,-0.63,0.8,0.1,0.26589,-0.10317,-0.1359,-0.94878,-0.62,0.84,0.15,-0.0554,-0.11429,-0.06679,-0.98965,-0.61,0.83,0.18,-0.35922,-0.12884,-0.05445,-0.92271,-0.61,0.82,0.2,-0.46624,-0.106,-0.04624,-0.87706,-0.6,0.8,0.21,-0.46624,-0.106,-0.04624,-0.87706,-0.65,0.8,0.1,0.26589,-0.10317,-0.1359,-0.94878,-0.64,0.83,0.15,-0.01962,-0.0918,-0.13523,-0.98636,-0.64,0.83,0.19,-0.35269,-0.13151,-0.10886,-0.92004,-0.63,0.82,0.21,-0.45591,-0.12708,-0.14498,-0.8689,-0.62,0.8,0.23,-0.45591,-0.12708,-0.14498,-0.8689,-0.67,0.8,0.11,0.26589,-0.10317,-0.1359,-0.94878,-0.66,0.82,0.15,0.05551,-0.06133,-0.19799,-0.97671,-0.66,0.83,0.19,-0.2727,-0.13386,-0.20482,-0.93047,-0.65,0.82,0.21,-0.4035,-0.18723,-0.20138,-0.87269,-0.64,0.8,0.23,-0.4035,-0.18723,-0.20138,-0.87269,-0.67,0.79,0.11,0.19959,-0.02426,-0.36341,-0.90968,-0.68,0.81,0.15,0.08527,-0.04902,-0.27798,-0.95554,-0.67,0.81,0.18,-0.2026,-0.10332,-0.31368,-0.92189,-0.67,0.81,0.2,-0.25756,-0.17248,-0.31338,-0.89761,-0.66,0.8,0.22,-0.25756,-0.17248,-0.31338,-0.89761,-0.5,0.81,0.14,-0.29844,-0.16897,-0.12649,0.9308,-0.48,0.78,0.08,-0.29844,-0.16897,-0.12649,0.9308,-0.52,0.79,0.11,-0.37168,-0.24887,0.60439,0.65926,-0.54,0.8,0.13,-0.17311,-0.06641,0.57844,0.79437,-0.55,0.8,0.16,-0.07425,-0.04117,0.65197,0.75348,-0.56,0.8,0.18,-0.07425,-0.04117,0.65197,0.75348,-0.51,0.8,0.11,-0.29844,-0.16897,-0.12649,0.9308,-0.52,0.83,0.15,0.04213,-0.20759,-0.0068,0.97728,-0.54,0.83,0.19,0.34522,-0.19955,0.03156,0.91652,-0.55,0.82,0.2,0.43652,-0.16729,0.04404,0.88291,-0.55,0.8,0.22,0.43652,-0.16729,0.04404,0.88291,-0.49,0.79,0.11,-0.29844,-0.16897,-0.12649,0.9308,-0.5,0.83,0.16,-0.00684,-0.18085,-0.09108,0.97926,-0.52,0.84,0.2,0.40354,-0.20312,-0.02019,0.8919,-0.53,0.82,0.21,0.58195,-0.18488,-0.03848,0.79099,-0.54,0.8,0.22,0.58195,-0.18488,-0.03848,0.79099,-0.47,0.79,0.12,-0.29844,-0.16897,-0.12649,0.9308,-0.48,0.83,0.16,-0.08138,-0.14665,-0.16792,0.97143,-0.49,0.83,0.2,0.40767,-0.22662,-0.11389,0.8772,-0.51,0.82,0.21,0.6415,-0.26808,-0.07205,0.71514,-0.52,0.79,0.21,0.6415,-0.26808,-0.07205,0.71514,-0.47,0.79,0.12,-0.21913,-0.09704,-0.35395,0.90404,-0.47,0.81,0.16,-0.17378,-0.10755,-0.26228,0.9431,-0.47,0.82,0.19,0.35387,-0.22613,-0.24441,0.87401,-0.48,0.81,0.2,0.60145,-0.33306,-0.17432,0.70494,-0.5,0.8,0.21,0.60145,-0.33306,-0.17432,0.70494,-0.6,0.8,0.21
46,-0.65,0.82,0.13,0.27002,-0.09864,-0.13736,-0.94789,-0.66,0.79,0.07,0.27002,-0.09864,-0.13736,-0.94789,-0.62,0.8,0.1,0.33118,-0.25697,0.57978,-0.69867,-0.6,0.8,0.12,0.09477,-0.05764,0.5599,-0.8211,-0.59,0.8,0.15,-0.0373,-0.01605,0.62934,-0.77607,-0.59,0.8,0.18,-0.0373,-0.01605,0.62934,-0.77607,-0.63,0.8,0.1,0.27002,-0.09864,-0.13736,-0.94789,-0.62,0.84,0.15,-0.05099,-0.11046,-0.06972,-0.99012,-0.61,0.83,0.18,-0.35439,-0.12617,-0.05852,-0.9247,-0.61,0.82,0.2,-0.46173,-0.10385,-0.05074,-0.87946,-0.6,0.8,0.21,-0.46173,-0.10385,-0.05074,-0.87946,-0.65,0.8,0.1,0.27002,-0.09864,-0.13736,-0.94789,-0.64,0.84,0.15,-0.01452,-0.08797,-0.13813,-0.98639,-0.64,0.84,0.19,-0.34869,-0.12905,-0.11277,-0.92144,-0.63,0.82,0.21,-0.45297,-0.12541,-0.14913,-0.86997,-0.62,0.8,0.23,-0.45297,-0.12541,-0.14913,-0.86997,-0.67,0.8,0.11,0.27002,-0.09864,-0.13736,-0.94789,-0.66,0.82,0.15,0.06044,-0.0578,-0.20049,-0.97612,-0.66,0.83,0.19,-0.26776,-0.13157,-0.20827,-0.93146,-0.65,0.82,0.21,-0.39905,-0.18565,-0.20493,-0.87424,-0.64,0.8,0.23,-0.39905,-0.18565,-0.20493,-0.87424,-0.67,0.79,0.11,0.20433,-0.02088,-0.36531,-0.90794,-0.68,0.81,0.15,0.08674,-0.04725,-0.28018,-0.95485,-0.68,0.82,0.18,-0.19875,-0.10164,-0.31644,-0.92197,-0.67,0.81,0.2,-0.25326,-0.1709,-0.31612,-0.89818,-0.66,0.8,0.22,-0.25326,-0.1709,-0.31612,-0.89818,-0.5,0.81,0.14,-0.30193,-0.17614,-0.12542,0.92848,-0.48,0.78,0.08,-0.30193,-0.17614,-0.12542,0.92848,-0.52,0.79,0.11,-0.37889,-0.25162,0.60409,0.65437,-0.54,0.79,0.13,-0.17972,-0.06884,0.57924,0.79212,-0.55,0.8,0.16,-0.07166,-0.03474,0.65285,0.75329,-0.56,0.8,0.18,-0.07166,-0.03474,0.65285,0.75329,-0.51,0.79,0.11,-0.30193,-0.17614,-0.12542,0.92848,-0.52,0.83,0.15,0.03778,-0.21441,-0.00271,0.97601,-0.54,0.83,0.18,0.34102,-0.20489,0.03761,0.91669,-0.55,0.82,0.2,0.43185,-0.1721,0.05039,0.88394,-0.55,0.8,0.21,0.43185,-0.1721,0.05039,0.88394,-0.49,0.79,0.11,-0.30193,-0.17614,-0.12542,0.92848,-0.5,0.83,0.16,-0.01191,-0.18742,-0.08821,0.97824,-0.52,0.84,0.2,0.40059,-0.208,-0.01437,0.89222,-0.53,0.82,0.21,0.58091,-0.18865,-0.03163,0.79118,-0.54,0.79,0.22,0.58091,-0.18865,-0.03163,0.79118,-0.47,0.79,0.12,-0.30193,-0.17614,-0.12542,0.92848,-0.48,0.82,0.16,-0.08636,-0.15363,-0.16571,0.9703,-0.5,0.83,0.2,0.40422,-0.23194,-0.10817,0.87813,-0.51,0.82,0.21,0.63958,-0.27165,-0.06472,0.71621,-0.52,0.79,0.21,0.63958,-0.27165,-0.06472,0.71621,-0.47,0.79,0.12,-0.22121,-0.10501,-0.35279,0.90309,-0.47,0.81,0.16,-0.17612,-0.11656,-0.2603,0.94214,-0.47,0.82,0.19,0.35045,-0.23257,-0.23837,0.87537,-0.48,0.81,0.2,0.59868,-0.33725,-0.16649,0.70719,-0.5,0.8,0.21,0.59868,-0.33725,-0.16649,0.70719,-0.6,0.8,0.21
47,-0.65,0.82,0.13,0.26973,-0.09241,-0.13492,-0.94895,-0.66,0.79,0.07,0.26973,-0.09241,-0.13492,-0.94895,-0.62,0.8,0.1,0.32714,-0.25236,0.58163,-0.70071,-0.6,0.8,0.12,0.09127,-0.05266,0.56012,-0.82168,-0.59,0.8,0.15,-0.04277,-0.01016,0.62867,-0.77643,-0.59,0.8,0.18,-0.04277,-0.01016,0.62867,-0.77643,-0.63,0.8,0.1,0.26973,-0.09241,-0.13492,-0.94895,-0.62,0.84,0.15,-0.05266,-0.1044,-0.06891,-0.99075,-0.62,0.83,0.18,-0.35304,-0.11992,-0.06001,-0.92595,-0.61,0.82,0.2,-0.45984,-0.09776,-0.05308,-0.88101,-0.6,0.8,0.21,-0.45984,-0.09776,-0.05308,-0.88101,-0.65,0.8,0.1,0.26973,-0.09241,-0.13492,-0.94895,-0.65,0.84,0.15,-0.01597,-0.08127,-0.13751,-0.98703,-0.64,0.83,0.19,-0.35026,-0.12253,-0.11445,-0.92152,-0.63,0.82,0.21,-0.45518,-0.11916,-0.15149,-0.86929,-0.62,0.8,0.23,-0.45518,-0.11916,-0.15149,-0.86929,-0.67,0.8,0.11,0.26973,-0.09241,-0.13492,-0.94895,-0.66,0.82,0.15,0.05925,-0.05147,-0.19926,-0.9768,-0.66,0.83,0.19,-0.26879,-0.12513,-0.20926,-0.93183,-0.65,0.82,0.21,-0.40095,-0.17962,-0.20679,-0.8742,-0.64,0.8,0.23,-0.40095,-0.17962,-0.20679,-0.8742,-0.67,0.79,0.11,0.20566,-0.01459,-0.36324,-0.9086,-0.68,0.81,0.15,0.08372,-0.04273,-0.27859,-0.9558,-0.68,0.81,0.18,-0.19994,-0.09611,-0.31626,-0.92237,-0.67,0.81,0.2,-0.25453,-0.16542,-0.31642,-0.89874,-0.66,0.8,0.22,-0.25453,-0.16542,-0.31642,-0.89874,-0.5,0.81,0.13,-0.30361,-0.18257,-0.1189,0.92755,-0.48,0.78,0.08,-0.30361,-0.18257,-0.1189,0.92755,-0.52,0.79,0.11,-0.38531,-0.25324,0.60561,0.64857,-0.54,0.79,0.13,-0.18606,-0.06966,0.58156,0.78887,-0.55,0.8,0.16,-0.0666,-0.02464,0.65479,0.75247,-0.56,0.8,0.18,-0.0666,-0.02464,0.65479,0.75247,-0.51,0.79,0.11,-0.30361,-0.18257,-0.1189,0.92755,-0.52,0.83,0.15,0.03196,-0.21833,0.00494,0.97534,-0.54,0.83,0.18,0.33934,-0.20622,0.04702,0.91657,-0.55,0.81,0.2,0.4321,-0.17241,0.0603,0.88313,-0.55,0.8,0.21,0.4321,-0.17241,0.0603,0.88313,-0.49,0.79,0.11,-0.30361,-0.18257,-0.1189,0.92755,-0.5,0.83,0.16,-0.01904,-0.19039,-0.08176,0.97811,-0.52,0.84,0.2,0.40175,-0.20814,-0.00549,0.89177,-0.53,0.82,0.21,0.58714,-0.18674,-0.0222,0.78734,-0.54,0.79,0.22,0.58714,-0.18674,-0.0222,0.78734,-0.47,0.79,0.12,-0.30361,-0.18257,-0.1189,0.92755,-0.49,0.82,0.16,-0.09336,-0.15719,-0.15935,0.97015,-0.5,0.83,0.2,0.40221,-0.23262,-0.09984,0.87986,-0.51,0.82,0.21,0.64058,-0.27002,-0.05589,0.71667,-0.52,0.79,0.21,0.64058,-0.27002,-0.05589,0.71667,-0.47,0.79,0.12,-0.22244,-0.1116,-0.34641,0.90447,-0.47,0.81,0.16,-0.17817,-0.12306,-0.25327,0.94285,-0.47,0.82,0.19,0.34698,-0.23403,-0.22964,0.87869,-0.48,0.81,0.2,0.59655,-0.33595,-0.15772,0.71161,-0.5,0.8,0.21,0.59655,-0.33595,-0.15772,0.71161,-0.6,0.8,0.21
48,-0.65,0.82,0.13,0.26895,-0.09164,-0.13508,-0.94922,-0.66,0.79,0.07,0.26895,-0.09164,-0.13508,-0.94922,-0.62,0.8,0.1,0.32875,-0.24921,0.57966,-0.70272,-0.6,0.8,0.12,0.09216,-0.05024,0.55705,-0.82382,-0.59,0.8,0.15,-0.04308,-0.00751,0.62547,-0.77902,-0.59,0.8,0.18,-0.04308,-0.00751,0.62547,-0.77902,-0.63,0.8,0.1,0.26895,-0.09164,-0.13508,-0.94922,-0.62,0.84,0.15,-0.05629,-0.10505,-0.06822,-0.99053,-0.62,0.83,0.18,-0.35196,-0.11994,-0.05974,-0.92637,-0.61,0.82,0.2,-0.45796,-0.0977,-0.05295,-0.882,-0.6,0.8,0.21,-0.45796,-0.0977,-0.05295,-0.882,-0.65,0.8,0.1,0.26895,-0.09164,-0.13508,-0.94922,-0.65,0.83,0.15,-0.01777,-0.08072,-0.13774,-0.98701,-0.64,0.83,0.19,-0.3511,-0.12196,-0.11497,-0.92121,-0.63,0.82,0.21,-0.45614,-0.11863,-0.15204,-0.86876,-0.62,0.8,0.23,-0.45614,-0.11863,-0.15204,-0.86876,-0.67,0.8,0.11,0.26895,-0.09164,-0.13508,-0.94922,-0.66,0.82,0.15,0.05739,-0.05089,-0.19946,-0.9769,-0.66,0.83,0.19,-0.26999,-0.12446,-0.20972,-0.93147,-0.65,0.82,0.21,-0.40256,-0.1791,-0.20732,-0.87343,-0.64,0.8,0.23,-0.40256,-0.1791,-0.20732,-0.87343,-0.67,0.79,0.11,0.20504,-0.01366,-0.36336,-0.9087,-0.68,0.81,0.15,0.08166,-0.04254,-0.27874,-0.95594,-0.68,0.81,0.18,-0.19728,-0.09429,-0.31668,-0.92298,-0.67,0.81,0.2,-0.25059,-0.16322,-0.31703,-0.90003,-0.66,0.8,0.22,-0.25059,-0.16322,-0.31703,-0.90003,-0.5,0.81,0.14,-0.28233,-0.18044,-0.08185,0.93863,-0.48,0.78,0.08,-0.28233,-0.18044,-0.08185,0.93863,-0.52,0.78,0.11,-0.37663,-0.26755,0.61367,0.64029,-0.54,0.79,0.13,-0.17604,-0.07804,0.59498,0.78033,-0.55,0.79,0.16,-0.04775,-0.02282,0.66741,0.74281,-0.56,0.79,0.18,-0.04775,-0.02282,0.66741,0.74281,-0.51,0.79,0.11,-0.28233,-0.18044,-0.08185,0.93863,-0.53,0.82,0.15,0.04011,-0.20753,0.03652,0.97672,-0.54,0.82,0.19,0.34899,-0.18579,0.07397,0.91554,-0.55,0.8,0.2,0.44637,-0.14873,0.0864,0.87816,-0.55,0.79,0.22,0.44637,-0.14873,0.0864,0.87816,-0.49,0.79,0.11,-0.28233,-0.18044,-0.08185,0.93863,-0.51,0.83,0.16,-0.02646,-0.17225,-0.05403,0.98322,-0.52,0.83,0.2,0.39952,-0.17997,0.01231,0.8988,-0.53,0.81,0.21,0.58912,-0.15555,-0.01055,0.79286,-0.53,0.79,0.22,0.58912,-0.15555,-0.01055,0.79286,-0.47,0.79,0.12,-0.28233,-0.18044,-0.08185,0.93863,-0.49,0.82,0.16,-0.09941,-0.13849,-0.12864,0.97693,-0.5,0.83,0.2,0.39929,-0.2015,-0.08274,0.89057,-0.51,0.81,0.21,0.64025,-0.23567,-0.04878,0.7295,-0.52,0.79,0.22,0.64025,-0.23567,-0.04878,0.7295,-0.47,0.79,0.12,-0.20728,-0.10289,-0.30988,0.92218,-0.47,0.81,0.16,-0.16495,-0.11156,-0.21671,0.95571,-0.47,0.82,0.19,0.34183,-0.19956,-0.20902,0.89422,-0.48,0.81,0.2,0.5879,-0.29586,-0.15229,0.73732,-0.5,0.79,0.21,0.5879,-0.29586,-0.15229,0.73732,-0.6,0.8,0.21
49,-0.65,0.82,0.13,0.2671,-0.09478,-0.1325,-0.9498,-0.66,0.79,0.07,0.2671,-0.09478,-0.1325,-0.9498,-0.62,0.79,0.1,0.33175,-0.24873,0.57869,-0.70228,-0.6,0.8,0.12,0.09486,-0.05016,0.55593,-0.82427,-0.59,0.8,0.16,-0.04201,-0.00612,0.6244,-0.77995,-0.59,0.8,0.18,-0.04201,-0.00612,0.6244,-0.77995,-0.63,0.8,0.1,0.2671,-0.09478,-0.1325,-0.9498,-0.62,0.83,0.15,-0.06228,-0.10902,-0.06314,-0.99008,-0.61,0.83,0.18,-0.35839,-0.1221,-0.05361,-0.924,-0.61,0.81,0.2,-0.46456,-0.09914,-0.04634,-0.87875,-0.6,0.8,0.21,-0.46456,-0.09914,-0.04634,-0.87875,-0.65,0.8,0.1,0.2671,-0.09478,-0.1325,-0.9498,-0.64,0.83,0.15,-0.01875,-0.08329,-0.13412,-0.98728,-0.64,0.83,0.19,-0.35321,-0.12327,-0.11055,-0.92077,-0.63,0.82,0.21,-0.45937,-0.11945,-0.14746,-0.86774,-0.62,0.8,0.23,-0.45937,-0.11945,-0.14746,-0.86774,-0.67,0.8,0.11,0.2671,-0.09478,-0.1325,-0.9498,-0.66,0.82,0.15,0.05562,-0.05375,-0.196,-0.97755,-0.66,0.83,0.19,-0.27351,-0.12626,-0.20538,-0.93117,-0.65,0.82,0.21,-0.40746,-0.18043,-0.20269,-0.87197,-0.64,0.8,0.23,-0.40746,-0.18043,-0.20269,-0.87197,-0.67,0.79,0.11,0.20295,-0.01618,-0.36066,-0.9102,-0.68,0.81,0.15,0.07819,-0.04718,-0.275,-0.9571,-0.68,0.81,0.18,-0.19875,-0.09669,-0.31191,-0.92405,-0.67,0.81,0.2,-0.25222,-0.16525,-0.31219,-0.9009,-0.66,0.8,0.22,-0.25222,-0.16525,-0.31219,-0.9009,-0.5,0.8,0.13,-0.26889,-0.16789,-0.048,0.94721,-0.47,0.78,0.08,-0.26889,-0.16789,-0.048,0.94721,-0.52,0.78,0.11,-0.37221,-0.26861,0.61779,0.63847,-0.54,0.78,0.12,-0.17146,-0.07677,0.59971,0.77785,-0.55,0.79,0.16,-0.04414,-0.02201,0.67154,0.73933,-0.56,0.79,0.18,-0.04414,-0.02201,0.67154,0.73933,-0.51,0.79,0.11,-0.26889,-0.16789,-0.048,0.94721,-0.53,0.82,0.15,0.03762,-0.19258,0.06377,0.97849,-0.54,0.82,0.18,0.32791,-0.16504,0.09172,0.92565,-0.55,0.8,0.2,0.42267,-0.12664,0.10063,0.89173,-0.55,0.78,0.22,0.42267,-0.12664,0.10063,0.89173,-0.49,0.79,0.11,-0.26889,-0.16789,-0.048,0.94721,-0.5,0.82,0.15,-0.02939,-0.1486,-0.028,0.98806,-0.52,0.83,0.2,0.39289,-0.14767,0.02471,0.90732,-0.52,0.81,0.21,0.57893,-0.12215,-0.00587,0.80615,-0.53,0.78,0.22,0.57893,-0.12215,-0.00587,0.80615,-0.47,0.79,0.11,-0.26889,-0.16789,-0.048,0.94721,-0.49,0.82,0.16,-0.09978,-0.1153,-0.09963,0.98327,-0.49,0.82,0.19,0.39399,-0.16665,-0.07044,0.90113,-0.5,0.81,0.21,0.63166,-0.19919,-0.04828,0.74766,-0.51,0.78,0.22,0.63166,-0.19919,-0.04828,0.74766,-0.46,0.78,0.12,-0.20145,-0.08614,-0.27724,0.93549,-0.47,0.8,0.16,-0.15838,-0.09123,-0.18472,0.96565,-0.47,0.81,0.19,0.33289,-0.16207,-0.19437,0.90837,-0.48,0.8,0.2,0.56989,-0.25402,-0.15351,0.76625,-0.49,0.79,0.21,0.56989,-0.25402,-0.15351,0.76625,-0.6,0.8,0.21
50,-0.65,0.81,0.13,0.26142,-0.09862,-0.12915,-0.95145,-0.66,0.78,0.07,0.26142,-0.09862,-0.12915,-0.95145,-0.62,0.79,0.1,0.33269,-0.25138,0.57713,-0.70218,-0.6,0.8,0.12,0.09652,-0.05393,0.55513,-0.82438,-0.59,0.8,0.16,-0.04076,-0.00926,0.62417,-0.78017,-0.59,0.8,0.18,-0.04076,-0.00926,0.62417,-0.78017,-0.63,0.8,0.1,0.26142,-0.09862,-0.12915,-0.95145,-0.62,0.83,0.15,-0.06936,-0.11423,-0.05681,-0.9894,-0.61,0.83,0.18,-0.36688,-0.12507,-0.04575,-0.92069,-0.61,0.81,0.2,-0.47478,-0.10126,-0.03762,-0.87345,-0.6,0.79,0.21,-0.47478,-0.10126,-0.03762,-0.87345,-0.65,0.8,0.1,0.26142,-0.09862,-0.12915,-0.95145,-0.64,0.83,0.15,-0.02201,-0.08632,-0.12935,-0.98759,-0.64,0.83,0.19,-0.35993,-0.12486,-0.10457,-0.91865,-0.63,0.81,0.21,-0.46928,-0.12035,-0.14111,-0.86335,-0.62,0.8,0.23,-0.46928,-0.12035,-0.14111,-0.86335,-0.67,0.8,0.11,0.26142,-0.09862,-0.12915,-0.95145,-0.66,0.82,0.15,0.05008,-0.05713,-0.19124,-0.9786,-0.66,0.83,0.19,-0.28182,-0.12818,-0.19957,-0.92969,-0.65,0.81,0.21,-0.41839,-0.18182,-0.19653,-0.86791,-0.64,0.8,0.23,-0.41839,-0.18182,-0.19653,-0.86791,-0.67,0.79,0.11,0.19711,-0.01842,-0.35689,-0.91293,-0.68,0.81,0.15,0.06948,-0.05244,-0.26999,-0.95892,-0.67,0.81,0.18,-0.20445,-0.09871,-0.30573,-0.92465,-0.67,0.81,0.2,-0.25867,-0.16698,-0.30609,-0.90084,-0.66,0.8,0.22,-0.25867,-0.16698,-0.30609,-0.90084,-0.5,0.8,0.13,-0.27483,-0.15793,-0.02452,0.94812,-0.47,0.77,0.07,-0.27483,-0.15793,-0.02452,0.94812,-0.51,0.78,0.1,-0.37266,-0.26152,0.62842,0.63073,-0.54,0.78,0.12,-0.17205,-0.06474,0.60884,0.77171,-0.55,0.79,0.15,-0.04478,-0.00919,0.67856,0.73312,-0.55,0.79,0.18,-0.04478,-0.00919,0.67856,0.73312,-0.5,0.78,0.1,-0.27483,-0.15793,-0.02452,0.94812,-0.53,0.82,0.15,0.03345,-0.18012,0.086,0.97931,-0.54,0.81,0.18,0.30937,-0.1484,0.10697,0.93318,-0.54,0.8,0.2,0.39366,-0.10988,0.11197,0.90577,-0.55,0.78,0.22,0.39366,-0.10988,0.11197,0.90577,-0.49,0.79,0.11,-0.27483,-0.15793,-0.02452,0.94812,-0.5,0.82,0.15,-0.02808,-0.13435,-0.00622,0.99052,-0.52,0.83,0.19,0.39185,-0.12567,0.03796,0.91061,-0.52,0.81,0.21,0.57342,-0.09831,0.00228,0.81334,-0.52,0.78,0.22,0.57342,-0.09831,0.00228,0.81334,-0.47,0.79,0.11,-0.27483,-0.15793,-0.02452,0.94812,-0.48,0.82,0.15,-0.09819,-0.10382,-0.07717,0.98673,-0.49,0.82,0.19,0.3979,-0.14574,-0.05644,0.90402,-0.5,0.81,0.21,0.63607,-0.17522,-0.04091,0.75036,-0.51,0.78,0.21,0.63607,-0.17522,-0.04091,0.75036,-0.46,0.79,0.11,-0.21255,-0.07717,-0.25571,0.93994,-0.47,0.81,0.15,-0.16298,-0.08177,-0.16294,0.96964,-0.47,0.82,0.18,0.33681,-0.14496,-0.17942,0.91288,-0.48,0.8,0.2,0.5776,-0.23386,-0.14381,0.76877,-0.49,0.79,0.2,0.5776,-0.23386,-0.14381,0.76877,-0.6,0.8,0.21
51,-0.65,0.81,0.13,0.2622,-0.09828,-0.13066,-0.95106,-0.66,0.78,0.07,0.2622,-0.09828,-0.13066,-0.95106,-0.62,0.79,0.1,0.33527,-0.24755,0.575,-0.70405,-0.6,0.8,0.12,0.10078,-0.0526,0.55137,-0.82648,-0.59,0.8,0.16,-0.03734,-0.00778,0.62061,-0.78319,-0.59,0.8,0.18,-0.03734,-0.00778,0.62061,-0.78319,-0.63,0.8,0.1,0.2622,-0.09828,-0.13066,-0.95106,-0.62,0.83,0.15,-0.06821,-0.11571,-0.05756,-0.98926,-0.61,0.83,0.19,-0.36603,-0.12676,-0.04599,-0.92078,-0.61,0.81,0.2,-0.47497,-0.10303,-0.03754,-0.87314,-0.6,0.79,0.22,-0.47497,-0.10303,-0.03754,-0.87314,-0.65,0.8,0.1,0.2622,-0.09828,-0.13066,-0.95106,-0.64,0.83,0.15,-0.01911,-0.08673,-0.13082,-0.98742,-0.64,0.83,0.19,-0.35905,-0.126,-0.10556,-0.91873,-0.63,0.81,0.21,-0.46951,-0.12176,-0.14192,-0.8629,-0.62,0.8,0.23,-0.46951,-0.12176,-0.14192,-0.8629,-0.67,0.79,0.11,0.2622,-0.09828,-0.13066,-0.95106,-0.66,0.82,0.15,0.05034,-0.0579,-0.19254,-0.97829,-0.66,0.83,0.19,-0.28202,-0.12946,-0.20045,-0.92926,-0.65,0.81,0.21,-0.41863,-0.18322,-0.19719,-0.86735,-0.64,0.8,0.23,-0.41863,-0.18322,-0.19719,-0.86735,-0.67,0.79,0.11,0.19772,-0.01834,-0.35839,-0.91221,-0.68,0.81,0.15,0.06733,-0.05434,-0.2712,-0.95863,-0.68,0.81,0.18,-0.20124,-0.09902,-0.30662,-0.92503,-0.67,0.81,0.2,-0.25338,-0.1667,-0.30709,-0.90206,-0.66,0.8,0.22,-0.25338,-0.1667,-0.30709,-0.90206,-0.5,0.81,0.13,-0.30257,-0.15545,-0.01857,0.94018,-0.48,0.77,0.07,-0.30257,-0.15545,-0.01857,0.94018,-0.52,0.78,0.1,-0.38669,-0.24341,0.63873,0.61906,-0.54,0.78,0.12,-0.18794,-0.04377,0.61394,0.7654,-0.55,0.79,0.15,-0.05658,0.01634,0.68087,0.73003,-0.55,0.8,0.18,-0.05658,0.01634,0.68087,0.73003,-0.51,0.79,0.1,-0.30257,-0.15545,-0.01857,0.94018,-0.53,0.82,0.15,0.01021,-0.17511,0.09358,0.98004,-0.54,0.82,0.18,0.28983,-0.14177,0.11325,0.93972,-0.54,0.81,0.2,0.36803,-0.10365,0.11615,0.91669,-0.55,0.79,0.22,0.36803,-0.10365,0.11615,0.91669,-0.49,0.79,0.11,-0.30257,-0.15545,-0.01857,0.94018,-0.5,0.83,0.15,-0.03119,-0.13258,0.00268,0.99068,-0.52,0.83,0.19,0.40539,-0.11952,0.04742,0.90506,-0.52,0.81,0.21,0.59314,-0.08886,0.01064,0.80011,-0.52,0.79,0.22,0.59314,-0.08886,0.01064,0.80011,-0.47,0.79,0.11,-0.30257,-0.15545,-0.01857,0.94018,-0.48,0.82,0.15,-0.09299,-0.10629,-0.06888,0.98758,-0.49,0.83,0.19,0.43379,-0.14492,-0.04386,0.8882,-0.5,0.81,0.2,0.68354,-0.16927,-0.02717,0.70949,-0.51,0.79,0.21,0.68354,-0.16927,-0.02717,0.70949,-0.46,0.79,0.11,-0.2409,-0.08152,-0.25225,0.93365,-0.47,0.81,0.15,-0.17424,-0.08586,-0.159,0.96798,-0.47,0.82,0.18,0.37078,-0.15504,-0.16873,0.90001,-0.48,0.81,0.19,0.6333,-0.24342,-0.12491,0.72393,-0.49,0.79,0.2,0.6333,-0.24342,-0.12491,0.72393,-0.6,0.8,0.21
52,-0.65,0.81,0.13,0.26781,-0.09872,-0.13322,-0.9491,-0.66,0.78,0.07,0.26781,-0.09872,-0.13322,-0.9491,-0.62,0.79,0.1,0.34105,-0.23981,0.57377,-0.70495,-0.6,0.8,0.12,0.10982,-0.0483,0.54708,-0.82844,-0.59,0.8,0.16,-0.02978,-0.00276,0.61629,-0.78695,-0.59,0.8,0.18,-0.02978,-0.00276,0.61629,-0.78695,-0.63,0.8,0.1,0.26781,-0.09872,-0.13322,-0.9491,-0.62,0.83,0.15,-0.0635,-0.11782,-0.05916,-0.98923,-0.61,0.83,0.19,-0.36069,-0.12933,-0.047,-0.92248,-0.61,0.81,0.2,-0.46949,-0.10572,-0.03847,-0.87574,-0.6,0.8,0.22,-0.46949,-0.10572,-0.03847,-0.87574,-0.65,0.8,0.1,0.26781,-0.09872,-0.13322,-0.9491,-0.64,0.83,0.15,-0.01222,-0.08836,-0.13327,-0.98706,-0.64,0.83,0.19,-0.3539,-0.12863,-0.10709,-0.92018,-0.63,0.82,0.21,-0.46466,-0.12483,-0.1432,-0.86487,-0.62,0.8,0.23,-0.46466,-0.12483,-0.1432,-0.86487,-0.67,0.79,0.11,0.26781,-0.09872,-0.13322,-0.9491,-0.66,0.82,0.15,0.05447,-0.06017,-0.19497,-0.97745,-0.66,0.83,0.19,-0.27763,-0.13251,-0.20195,-0.92983,-0.65,0.82,0.21,-0.41351,-0.18637,-0.19818,-0.86891,-0.64,0.8,0.23,-0.41351,-0.18637,-0.19818,-0.86891,-0.67,0.79,0.11,0.20274,-0.02025,-0.36124,-0.90994,-0.68,0.81,0.15,0.06967,-0.05829,-0.27348,-0.95758,-0.67,0.81,0.18,-0.19374,-0.10191,-0.30812,-0.92582,-0.67,0.81,0.2,-0.24257,-0.16863,-0.30847,-0.9042,-0.66,0.8,0.22,-0.24257,-0.16863,-0.30847,-0.9042,-0.5,0.81,0.13,-0.32187,-0.15688,-0.01968,0.93349,-0.48,0.77,0.08,-0.32187,-0.15688,-0.01968,0.93349,-0.52,0.78,0.1,-0.39426,-0.23621,0.64561,0.60989,-0.54,0.79,0.12,-0.19557,-0.03319,0.61908,0.75986,-0.55,0.79,0.15,-0.06059,0.03132,0.68406,0.72623,-0.55,0.8,0.18,-0.06059,0.03132,0.68406,0.72623,-0.51,0.79,0.1,-0.32187,-0.15688,-0.01968,0.93349,-0.53,0.83,0.14,-0.00041,-0.17548,0.09616,0.97978,-0.54,0.82,0.18,0.28214,-0.14136,0.11623,0.94176,-0.54,0.81,0.2,0.35709,-0.10348,0.1184,0.92074,-0.55,0.8,0.22,0.35709,-0.10348,0.1184,0.92074,-0.49,0.79,0.11,-0.32187,-0.15688,-0.01968,0.93349,-0.5,0.83,0.15,-0.03391,-0.13729,0.0058,0.98993,-0.52,0.83,0.19,0.42091,-0.12133,0.05472,0.89729,-0.52,0.81,0.21,0.62107,-0.08664,0.0187,0.77872,-0.52,0.79,0.21,0.62107,-0.08664,0.0187,0.77872,-0.47,0.79,0.11,-0.32187,-0.15688,-0.01968,0.93349,-0.49,0.82,0.15,-0.0929,-0.11287,-0.06722,0.98697,-0.49,0.83,0.19,0.45523,-0.15033,-0.03588,0.87686,-0.5,0.81,0.2,0.71714,-0.17041,-0.01557,0.67559,-0.51,0.79,0.2,0.71714,-0.17041,-0.01557,0.67559,-0.46,0.79,0.11,-0.25924,-0.08786,-0.25462,0.92749,-0.47,0.81,0.15,-0.17753,-0.09235,-0.16092,0.96647,-0.47,0.82,0.18,0.39929,-0.167,-0.16253,0.88671,-0.48,0.81,0.19,0.67648,-0.25453,-0.11014,0.68225,-0.49,0.79,0.19,0.67648,-0.25453,-0.11014,0.68225,-0.6,0.8,0.21
53,-0.65,0.81,0.13,0.26973,-0.0949,-0.1341,-0.94882,-0.66,0.78,0.07,0.26973,-0.0949,-0.1341,-0.94882,-0.62,0.79,0.1,0.34069,-0.23427,0.57375,-0.70701,-0.6,0.8,0.12,0.11238,-0.04501,0.54481,-0.82977,-0.59,0.8,0.16,-0.02759,0.00029,0.61383,-0.78896,-0.59,0.8,0.18,-0.02759,0.00029,0.61383,-0.78896,-0.63,0.8,0.1,0.26973,-0.0949,-0.1341,-0.94882,-0.62,0.83,0.15,-0.06364,-0.1146,-0.061,-0.98949,-0.61,0.83,0.19,-0.35953,-0.12673,-0.04991,-0.92314,-0.61,0.81,0.2,-0.46743,-0.10343,-0.04184,-0.87696,-0.6,0.8,0.22,-0.46743,-0.10343,-0.04184,-0.87696,-0.65,0.8,0.1,0.26973,-0.0949,-0.1341,-0.94882,-0.64,0.83,0.15,-0.01007,-0.08476,-0.13538,-0.98711,-0.64,0.83,0.19,-0.35086,-0.12589,-0.11046,-0.92133,-0.63,0.82,0.21,-0.46024,-0.12252,-0.14696,-0.86694,-0.62,0.8,0.23,-0.46024,-0.12252,-0.14696,-0.86694,-0.67,0.79,0.11,0.26973,-0.0949,-0.1341,-0.94882,-0.66,0.82,0.15,0.05557,-0.05695,-0.19667,-0.97724,-0.66,0.83,0.19,-0.27571,-0.12995,-0.20469,-0.93016,-0.65,0.82,0.21,-0.41035,-0.18407,-0.20139,-0.87015,-0.64,0.8,0.23,-0.41035,-0.18407,-0.20139,-0.87015,-0.67,0.79,0.11,0.20527,-0.01701,-0.36237,-0.90899,-0.68,0.81,0.15,0.07,-0.05574,-0.27508,-0.95725,-0.68,0.81,0.18,-0.19292,-0.09979,-0.31034,-0.92548,-0.67,0.81,0.2,-0.23986,-0.16608,-0.31103,-0.90451,-0.66,0.8,0.22,-0.23986,-0.16608,-0.31103,-0.90451,-0.5,0.81,0.13,-0.33544,-0.16483,-0.02681,0.92714,-0.48,0.78,0.08,-0.33544,-0.16483,-0.02681,0.92714,-0.52,0.78,0.1,-0.40532,-0.23625,0.64481,0.60342,-0.54,0.79,0.12,-0.20749,-0.0342,0.61845,0.75716,-0.55,0.8,0.15,-0.07717,0.02722,0.68449,0.72441,-0.56,0.8,0.18,-0.07717,0.02722,0.68449,0.72441,-0.51,0.79,0.1,-0.33544,-0.16483,-0.02681,0.92714,-0.53,0.83,0.14,-0.01059,-0.18314,0.093,0.97862,-0.54,0.83,0.18,0.28184,-0.14869,0.11695,0.94063,-0.55,0.81,0.2,0.35739,-0.11068,0.11981,0.9196,-0.55,0.8,0.22,0.35739,-0.11068,0.11981,0.9196,-0.49,0.79,0.11,-0.33544,-0.16483,-0.02681,0.92714,-0.51,0.83,0.15,-0.03608,-0.14815,0.00359,0.9883,-0.52,0.84,0.19,0.4386,-0.13068,0.06064,0.88706,-0.52,0.82,0.2,0.6522,-0.09131,0.02744,0.75203,-0.53,0.79,0.21,0.6522,-0.09131,0.02744,0.75203,-0.47,0.79,0.11,-0.33544,-0.16483,-0.02681,0.92714,-0.49,0.83,0.15,-0.08887,-0.12633,-0.06958,0.98555,-0.5,0.84,0.19,0.48109,-0.16323,-0.02689,0.86092,-0.5,0.81,0.2,0.75231,-0.17741,-0.00031,0.63447,-0.51,0.79,0.2,0.75231,-0.17741,-0.00031,0.63447,-0.47,0.79,0.12,-0.26985,-0.09938,-0.26196,0.92124,-0.47,0.82,0.15,-0.1686,-0.1058,-0.16695,0.96567,-0.47,0.83,0.18,0.4442,-0.18651,-0.15383,0.86269,-0.48,0.81,0.19,0.73164,-0.27072,-0.08933,0.61923,-0.49,0.79,0.19,0.73164,-0.27072,-0.08933,0.61923,-0.6,0.8,0.21
54,-0.65,0.81,0.13,0.26939,-0.09449,-0.13158,-0.94931,-0.66,0.78,0.07,0.26939,-0.09449,-0.13158,-0.94931,-0.62,0.79,0.1,0.33868,-0.23255,0.57647,-0.70633,-0.6,0.8,0.12,0.11301,-0.04382,0.54676,-0.82847,-0.59,0.8,0.16,-0.02702,0.00189,0.61551,-0.78767,-0.59,0.8,0.18,-0.02702,0.00189,0.61551,-0.78767,-0.63,0.8,0.1,0.26939,-0.09449,-0.13158,-0.94931,-0.62,0.83,0.15,-0.06458,-0.11377,-0.05844,-0.98968,-0.61,0.83,0.19,-0.36099,-0.12518,-0.04764,-0.9229,-0.61,0.81,0.2,-0.46926,-0.10163,-0.03967,-0.8763,-0.6,0.8,0.22,-0.46926,-0.10163,-0.03967,-0.8763,-0.65,0.8,0.1,0.26939,-0.09449,-0.13158,-0.94931,-0.64,0.83,0.15,-0.01037,-0.08398,-0.13288,-0.98751,-0.64,0.83,0.19,-0.35009,-0.12415,-0.10854,-0.92209,-0.63,0.82,0.21,-0.45808,-0.12046,-0.14535,-0.86864,-0.62,0.8,0.23,-0.45808,-0.12046,-0.14535,-0.86864,-0.67,0.79,0.11,0.26939,-0.09449,-0.13158,-0.94931,-0.66,0.82,0.15,0.05517,-0.05616,-0.19423,-0.97779,-0.66,0.83,0.19,-0.27496,-0.1281,-0.20283,-0.93104,-0.65,0.81,0.21,-0.40863,-0.18178,-0.19998,-0.87177,-0.64,0.8,0.23,-0.40863,-0.18178,-0.19998,-0.87177,-0.67,0.79,0.11,0.20537,-0.01643,-0.35999,-0.90992,-0.68,0.81,0.15,0.07013,-0.05533,-0.27255,-0.95799,-0.68,0.81,0.18,-0.19306,-0.09879,-0.30804,-0.92633,-0.67,0.81,0.2,-0.23941,-0.16471,-0.30891,-0.90561,-0.66,0.8,0.22,-0.23941,-0.16471,-0.30891,-0.90561,-0.5,0.81,0.13,-0.32412,-0.16648,-0.03381,0.93064,-0.48,0.78,0.08,-0.32412,-0.16648,-0.03381,0.93064,-0.52,0.78,0.1,-0.3993,-0.2482,0.63873,0.60909,-0.54,0.79,0.12,-0.19965,-0.04735,0.61603,0.76053,-0.55,0.8,0.15,-0.08035,0.00359,0.6847,0.72438,-0.56,0.8,0.18,-0.08035,0.00359,0.6847,0.72438,-0.51,0.79,0.1,-0.32412,-0.16648,-0.03381,0.93064,-0.53,0.83,0.14,0.00099,-0.18711,0.08624,0.97855,-0.54,0.83,0.18,0.30539,-0.15268,0.11371,0.933,-0.55,0.81,0.2,0.38473,-0.11418,0.11826,0.90827,-0.55,0.8,0.21,0.38473,-0.11418,0.11826,0.90827,-0.49,0.79,0.11,-0.32412,-0.16648,-0.03381,0.93064,-0.51,0.83,0.15,-0.02167,-0.15205,-0.00168,0.98813,-0.52,0.84,0.19,0.45803,-0.13597,0.05887,0.8765,-0.52,0.81,0.2,0.67766,-0.09434,0.02782,0.72877,-0.53,0.79,0.21,0.67766,-0.09434,0.02782,0.72877,-0.47,0.79,0.11,-0.32412,-0.16648,-0.03381,0.93064,-0.49,0.83,0.15,-0.07333,-0.12873,-0.07507,0.98611,-0.5,0.83,0.19,0.50482,-0.16787,-0.02853,0.84626,-0.5,0.81,0.2,0.77794,-0.18061,0.00121,0.60183,-0.51,0.79,0.2,0.77794,-0.18061,0.00121,0.60183,-0.47,0.79,0.12,-0.25751,-0.09828,-0.26784,0.9232,-0.47,0.82,0.15,-0.14655,-0.10586,-0.17309,0.96817,-0.47,0.83,0.18,0.48033,-0.19101,-0.15571,0.84176,-0.48,0.81,0.19,0.76733,-0.27565,-0.08665,0.57247,-0.49,0.79,0.19,0.76733,-0.27565,-0.08665,0.57247,-0.6,0.8,0.21
55,-0.65,0.81,0.13,0.26811,-0.0953,-0.12952,-0.94987,-0.66,0.78,0.07,0.26811,-0.0953,-0.12952,-0.94987,-0.62,0.79,0.1,0.33607,-0.23241,0.57922,-0.70537,-0.6,0.8,0.12,0.11406,-0.04478,0.54914,-0.8267,-0.59,0.8,0.16,-0.02538,0.00113,0.61793,-0.78582,-0.59,0.8,0.18,-0.02538,0.00113,0.61793,-0.78582,-0.63,0.8,0.1,0.26811,-0.0953,-0.12952,-0.94987,-0.62,0.83,0.15,-0.06296,-0.11432,-0.05623,-0.98985,-0.61,0.83,0.19,-0.36348,-0.12529,-0.04483,-0.92205,-0.61,0.81,0.2,-0.47447,-0.10154,-0.03639,-0.87364,-0.6,0.8,0.22,-0.47447,-0.10154,-0.03639,-0.87364,-0.65,0.8,0.1,0.26811,-0.0953,-0.12952,-0.94987,-0.64,0.83,0.15,-0.01032,-0.08454,-0.13043,-0.98779,-0.64,0.83,0.19,-0.34792,-0.12358,-0.10635,-0.92324,-0.63,0.82,0.21,-0.45482,-0.11963,-0.14334,-0.87079,-0.62,0.8,0.23,-0.45482,-0.11963,-0.14334,-0.87079,-0.67,0.79,0.11,0.26811,-0.0953,-0.12952,-0.94987,-0.66,0.82,0.15,0.05428,-0.05649,-0.19195,-0.97827,-0.66,0.83,0.19,-0.27307,-0.12701,-0.20094,-0.93216,-0.65,0.81,0.21,-0.40568,-0.18022,-0.1984,-0.87383,-0.64,0.8,0.23,-0.40568,-0.18022,-0.1984,-0.87383,-0.67,0.79,0.11,0.20424,-0.01683,-0.35792,-0.91099,-0.68,0.81,0.15,0.06911,-0.05565,-0.2703,-0.95868,-0.68,0.81,0.18,-0.19508,-0.09871,-0.30575,-0.92667,-0.67,0.81,0.2,-0.24134,-0.16443,-0.30676,-0.90588,-0.66,0.8,0.22,-0.24134,-0.16443,-0.30676,-0.90588,-0.5,0.81,0.13,-0.31722,-0.16472,-0.03949,0.9331,-0.48,0.78,0.08,-0.31722,-0.16472,-0.03949,0.9331,-0.52,0.79,0.1,-0.39537,-0.25018,0.63412,0.61562,-0.54,0.79,0.12,-0.19498,-0.05119,0.61172,0.76496,-0.55,0.8,0.15,-0.08181,-0.00694,0.68147,0.72722,-0.56,0.8,0.18,-0.08181,-0.00694,0.68147,0.72722,-0.51,0.79,0.1,-0.31722,-0.16472,-0.03949,0.9331,-0.53,0.83,0.14,0.00701,-0.18675,0.07903,0.9792,-0.54,0.83,0.18,0.31847,-0.15357,0.10792,0.92916,-0.55,0.81,0.2,0.40262,-0.11486,0.11371,0.90099,-0.55,0.8,0.21,0.40262,-0.11486,0.11371,0.90099,-0.49,0.79,0.11,-0.31722,-0.16472,-0.03949,0.9331,-0.51,0.84,0.15,-0.0138,-0.15214,-0.0073,0.98823,-0.52,0.84,0.19,0.46226,-0.13882,0.05354,0.87417,-0.52,0.81,0.2,0.68055,-0.09824,0.0235,0.72571,-0.53,0.79,0.21,0.68055,-0.09824,0.0235,0.72571,-0.47,0.8,0.11,-0.31722,-0.16472,-0.03949,0.9331,-0.49,0.83,0.15,-0.06651,-0.12743,-0.08096,0.9863,-0.5,0.83,0.19,0.50796,-0.1698,-0.03467,0.84377,-0.5,0.81,0.2,0.77925,-0.18453,-0.00398,0.59891,-0.51,0.79,0.2,0.77925,-0.18453,-0.00398,0.59891,-0.47,0.79,0.11,-0.25035,-0.0949,-0.27292,0.92403,-0.47,0.82,0.15,-0.14003,-0.10079,-0.17959,0.96849,-0.47,0.83,0.18,0.48573,-0.19044,-0.16381,0.83724,-0.48,0.81,0.19,0.77054,-0.27821,-0.09437,0.56566,-0.49,0.79,0.19,0.77054,-0.27821,-0.09437,0.56566,-0.6,0.8,0.21
56,-0.65,0.81,0.13,0.26716,-0.0947,-0.12862,-0.95032,-0.66,0.78,0.07,0.26716,-0.0947,-0.12862,-0.95032,-0.62,0.79,0.1,0.33341,-0.23055,0.58119,-0.70562,-0.6,0.8,0.13,0.11376,-0.04361,0.5503,-0.82603,-0.59,0.8,0.16,-0.02496,0.00185,0.61891,-0.78506,-0.59,0.8,0.18,-0.02496,0.00185,0.61891,-0.78506,-0.63,0.8,0.1,0.26716,-0.0947,-0.12862,-0.95032,-0.62,0.83,0.15,-0.05983,-0.11434,-0.05547,-0.99009,-0.61,0.83,0.19,-0.36383,-0.12531,-0.04364,-0.92196,-0.61,0.81,0.2,-0.47823,-0.1016,-0.03472,-0.87165,-0.6,0.8,0.22,-0.47823,-0.1016,-0.03472,-0.87165,-0.65,0.8,0.1,0.26716,-0.0947,-0.12862,-0.95032,-0.64,0.83,0.15,-0.01025,-0.084,-0.12953,-0.98796,-0.64,0.83,0.19,-0.34713,-0.12268,-0.10579,-0.92372,-0.63,0.82,0.22,-0.4544,-0.11876,-0.1429,-0.87121,-0.62,0.8,0.23,-0.4544,-0.11876,-0.1429,-0.87121,-0.67,0.79,0.11,0.26716,-0.0947,-0.12862,-0.95032,-0.66,0.82,0.15,0.05374,-0.05552,-0.19118,-0.97851,-0.66,0.83,0.19,-0.2724,-0.12556,-0.20068,-0.93261,-0.65,0.81,0.21,-0.40528,-0.17881,-0.19832,-0.87433,-0.64,0.8,0.23,-0.40528,-0.17881,-0.19832,-0.87433,-0.67,0.79,0.11,0.20356,-0.01597,-0.35702,-0.91151,-0.68,0.81,0.15,0.06793,-0.05449,-0.2696,-0.95903,-0.68,0.81,0.18,-0.19739,-0.09771,-0.30529,-0.92644,-0.67,0.81,0.2,-0.24457,-0.16369,-0.30637,-0.90528,-0.66,0.8,0.22,-0.24457,-0.16369,-0.30637,-0.90528,-0.5,0.82,0.13,-0.32008,-0.16443,-0.04084,0.93212,-0.48,0.78,0.08,-0.32008,-0.16443,-0.04084,0.93212,-0.52,0.79,0.1,-0.39453,-0.24569,0.63667,0.61534,-0.54,0.79,0.12,-0.19669,-0.0477,0.61258,0.76406,-0.55,0.8,0.15,-0.08399,-0.00387,0.68201,0.72649,-0.56,0.8,0.18,-0.08399,-0.00387,0.68201,0.72649,-0.51,0.79,0.1,-0.32008,-0.16443,-0.04084,0.93212,-0.53,0.83,0.14,0.00257,-0.18663,0.07725,0.97938,-0.54,0.83,0.18,0.31511,-0.15404,0.10633,0.93042,-0.55,0.82,0.2,0.40018,-0.11541,0.11217,0.90219,-0.55,0.8,0.21,0.40018,-0.11541,0.11217,0.90219,-0.49,0.8,0.11,-0.32008,-0.16443,-0.04084,0.93212,-0.51,0.84,0.15,-0.01703,-0.15279,-0.00845,0.98808,-0.52,0.84,0.19,0.45727,-0.1401,0.05252,0.87665,-0.52,0.82,0.2,0.67462,-0.10032,0.02267,0.73097,-0.53,0.79,0.21,0.67462,-0.10032,0.02267,0.73097,-0.47,0.8,0.11,-0.32008,-0.16443,-0.04084,0.93212,-0.49,0.83,0.15,-0.07128,-0.12753,-0.08274,0.9858,-0.5,0.84,0.19,0.50147,-0.17102,-0.03637,0.84732,-0.5,0.81,0.2,0.77261,-0.18668,-0.00544,0.60679,-0.51,0.79,0.2,0.77261,-0.18668,-0.00544,0.60679,-0.47,0.79,0.11,-0.25301,-0.09538,-0.27442,0.92281,-0.47,0.82,0.15,-0.14878,-0.0983,-0.18216,0.96696,-0.47,0.83,0.18,0.47657,-0.19058,-0.16751,0.84173,-0.48,0.81,0.19,0.7623,-0.27983,-0.09791,0.57532,-0.49,0.8,0.19,0.7623,-0.27983,-0.09791,0.57532,-0.6,0.8,0.21
57,-0.65,0.81,0.13,0.26735,-0.09449,-0.12983,-0.95012,-0.66,0.78,0.07,0.26735,-0.09449,-0.12983,-0.95012,-0.62,0.79,0.1,0.32988,-0.2268,0.58397,-0.7062,-0.6,0.8,0.13,0.11143,-0.03944,0.55183,-0.82554,-0.59,0.8,0.16,-0.02471,0.00372,0.61996,-0.78424,-0.59,0.8,0.18,-0.02471,0.00372,0.61996,-0.78424,-0.63,0.8,0.1,0.26735,-0.09449,-0.12983,-0.95012,-0.62,0.83,0.15,-0.05769,-0.11493,-0.05665,-0.99008,-0.61,0.83,0.19,-0.36296,-0.12635,-0.04443,-0.92213,-0.61,0.81,0.2,-0.47858,-0.1028,-0.03523,-0.87129,-0.6,0.8,0.22,-0.47858,-0.1028,-0.03523,-0.87129,-0.65,0.8,0.1,0.26735,-0.09449,-0.12983,-0.95012,-0.64,0.83,0.15,-0.00992,-0.0843,-0.13067,-0.98779,-0.64,0.83,0.19,-0.34684,-0.12337,-0.10674,-0.92363,-0.63,0.82,0.21,-0.45431,-0.11959,-0.14376,-0.871,-0.62,0.8,0.23,-0.45431,-0.11959,-0.14376,-0.871,-0.67,0.79,0.11,0.26735,-0.09449,-0.12983,-0.95012,-0.66,0.82,0.15,0.05379,-0.05532,-0.19252,-0.97825,-0.66,0.83,0.19,-0.27136,-0.12564,-0.2021,-0.9326,-0.65,0.81,0.21,-0.40428,-0.17912,-0.19967,-0.87442,-0.64,0.8,0.23,-0.40428,-0.17912,-0.19967,-0.87442,-0.67,0.79,0.11,0.20363,-0.01586,-0.35818,-0.91104,-0.68,0.81,0.15,0.06726,-0.05379,-0.27114,-0.95868,-0.68,0.81,0.18,-0.1984,-0.09755,-0.30688,-0.92571,-0.67,0.81,0.2,-0.24586,-0.16374,-0.30796,-0.90438,-0.66,0.8,0.22,-0.24586,-0.16374,-0.30796,-0.90438,-0.5,0.82,0.13,-0.3235,-0.16249,-0.04344,0.93116,-0.48,0.78,0.07,-0.3235,-0.16249,-0.04344,0.93116,-0.52,0.79,0.1,-0.39194,-0.23829,0.64015,0.61629,-0.54,0.79,0.12,-0.19829,-0.04236,0.61325,0.76342,-0.55,0.8,0.15,-0.08579,0.00108,0.68218,0.72613,-0.56,0.81,0.18,-0.08579,0.00108,0.68218,0.72613,-0.51,0.8,0.1,-0.3235,-0.16249,-0.04344,0.93116,-0.53,0.83,0.14,-0.00096,-0.1845,0.07351,0.98008,-0.54,0.83,0.18,0.31421,-0.15303,0.10247,0.93132,-0.55,0.82,0.2,0.40014,-0.11468,0.10831,0.90278,-0.55,0.8,0.21,0.40014,-0.11468,0.10831,0.90278,-0.49,0.8,0.1,-0.3235,-0.16249,-0.04344,0.93116,-0.51,0.84,0.15,-0.02074,-0.15176,-0.01164,0.98813,-0.52,0.84,0.19,0.45137,-0.14091,0.04881,0.87979,-0.52,0.82,0.2,0.66579,-0.10292,0.01898,0.73876,-0.53,0.79,0.21,0.66579,-0.10292,0.01898,0.73876,-0.47,0.8,0.11,-0.3235,-0.16249,-0.04344,0.93116,-0.49,0.83,0.15,-0.07922,-0.1255,-0.08688,0.9851,-0.5,0.84,0.19,0.49183,-0.17191,-0.04123,0.85256,-0.5,0.82,0.2,0.76172,-0.18988,-0.01031,0.61938,-0.51,0.79,0.2,0.76172,-0.18988,-0.01031,0.61938,-0.47,0.8,0.11,-0.25638,-0.09438,-0.27726,0.92114,-0.47,0.82,0.15,-0.16541,-0.09177,-0.18702,0.96397,-0.47,0.83,0.18,0.46174,-0.18989,-0.17511,0.84857,-0.48,0.82,0.19,0.74861,-0.2822,-0.10553,0.59061,-0.49,0.8,0.19,0.74861,-0.2822,-0.10553,0.59061,-0.6,0.8,0.21
58,-0.65,0.81,0.13,0.26842,-0.09486,-0.13421,-0.94918,-0.66,0.78,0.07,0.26842,-0.09486,-0.13421,-0.94918,-0.62,0.79,0.1,0.33185,-0.22283,0.58141,-0.70865,-0.6,0.8,0.13,0.11292,-0.03656,0.54793,-0.82806,-0.59,0.8,0.16,-0.02,0.00319,0.61631,-0.78724,-0.59,0.8,0.18,-0.02,0.00319,0.61631,-0.78724,-0.63,0.8,0.1,0.26842,-0.09486,-0.13421,-0.94918,-0.62,0.83,0.15,-0.05677,-0.11669,-0.06065,-0.98969,-0.61,0.83,0.19,-0.35953,-0.12915,-0.04803,-0.9229,-0.61,0.81,0.2,-0.47364,-0.10597,-0.03881,-0.87346,-0.6,0.8,0.22,-0.47364,-0.10597,-0.03881,-0.87346,-0.65,0.8,0.1,0.26842,-0.09486,-0.13421,-0.94918,-0.64,0.83,0.15,-0.00938,-0.08585,-0.13484,-0.9871,-0.64,0.83,0.19,-0.3453,-0.12615,-0.11024,-0.92342,-0.63,0.82,0.21,-0.45202,-0.12272,-0.14693,-0.87122,-0.62,0.8,0.23,-0.45202,-0.12272,-0.14693,-0.87122,-0.67,0.79,0.11,0.26842,-0.09486,-0.13421,-0.94918,-0.66,0.82,0.15,0.05437,-0.05641,-0.19687,-0.97729,-0.66,0.83,0.19,-0.26957,-0.1279,-0.20591,-0.93197,-0.65,0.81,0.21,-0.40121,-0.18172,-0.20318,-0.87449,-0.64,0.8,0.23,-0.40121,-0.18172,-0.20318,-0.87449,-0.67,0.79,0.11,0.20398,-0.01665,-0.36237,-0.90929,-0.68,0.81,0.15,0.0674,-0.05471,-0.27549,-0.95738,-0.68,0.81,0.18,-0.19768,-0.09948,-0.31078,-0.92436,-0.67,0.81,0.2,-0.24391,-0.16556,-0.31181,-0.90326,-0.66,0.8,0.22,-0.24391,-0.16556,-0.31181,-0.90326,-0.5,0.82,0.13,-0.322,-0.16166,-0.04339,0.93183,-0.48,0.78,0.07,-0.322,-0.16166,-0.04339,0.93183,-0.52,0.79,0.1,-0.38617,-0.23696,0.64401,0.61642,-0.54,0.79,0.12,-0.19691,-0.0427,0.61629,0.76131,-0.55,0.8,0.15,-0.08442,0.00118,0.68498,0.72365,-0.56,0.81,0.18,-0.08442,0.00118,0.68498,0.72365,-0.51,0.8,0.1,-0.322,-0.16166,-0.04339,0.93183,-0.53,0.83,0.14,0.00109,-0.18245,0.07234,0.98055,-0.54,0.83,0.18,0.31596,-0.15143,0.10065,0.93119,-0.55,0.82,0.2,0.40143,-0.11329,0.10633,0.90262,-0.55,0.8,0.21,0.40143,-0.11329,0.10633,0.90262,-0.49,0.8,0.1,-0.322,-0.16166,-0.04339,0.93183,-0.51,0.84,0.15,-0.01892,-0.15064,-0.01199,0.98834,-0.52,0.84,0.19,0.44877,-0.1403,0.04729,0.8813,-0.52,0.82,0.2,0.6586,-0.10345,0.01708,0.74515,-0.53,0.79,0.21,0.6586,-0.10345,0.01708,0.74515,-0.47,0.8,0.11,-0.322,-0.16166,-0.04339,0.93183,-0.49,0.83,0.15,-0.08071,-0.1232,-0.08799,0.98517,-0.5,0.84,0.19,0.48647,-0.17055,-0.04414,0.85576,-0.5,0.82,0.2,0.75343,-0.19012,-0.01437,0.62928,-0.51,0.79,0.2,0.75343,-0.19012,-0.01437,0.62928,-0.47,0.8,0.11,-0.25509,-0.09317,-0.27716,0.92165,-0.47,0.82,0.15,-0.17147,-0.08662,-0.18825,0.96315,-0.47,0.83,0.18,0.45722,-0.18729,-0.17899,0.85079,-0.48,0.82,0.19,0.74258,-0.28109,-0.11098,0.5977,-0.49,0.8,0.19,0.74258,-0.28109,-0.11098,0.5977,-0.6,0.8,0.21
59,-0.65,0.81,0.13,0.27234,-0.09648,-0.13387,-0.94795,-0.66,0.78,0.07,0.27234,-0.09648,-0.13387,-0.94795,-0.62,0.79,0.1,0.33587,-0.2191,0.58203,-0.7074,-0.6,0.8,0.13,0.11704,-0.03294,0.54739,-0.82799,-0.59,0.81,0.16,-0.01352,0.00493,0.61576,-0.7878,-0.59,0.81,0.18,-0.01352,0.00493,0.61576,-0.7878,-0.63,0.8,0.1,0.27234,-0.09648,-0.13387,-0.94795,-0.62,0.83,0.15,-0.05446,-0.11743,-0.06002,-0.98977,-0.61,0.83,0.19,-0.35245,-0.12946,-0.04791,-0.92559,-0.61,0.82,0.2,-0.46358,-0.10613,-0.03934,-0.87879,-0.6,0.8,0.22,-0.46358,-0.10613,-0.03934,-0.87879,-0.65,0.8,0.1,0.27234,-0.09648,-0.13387,-0.94795,-0.64,0.83,0.15,-0.00661,-0.08714,-0.1344,-0.98707,-0.64,0.83,0.19,-0.34156,-0.12712,-0.10953,-0.92476,-0.63,0.82,0.21,-0.44676,-0.12361,-0.14626,-0.87392,-0.62,0.8,0.23,-0.44676,-0.12361,-0.14626,-0.87392,-0.67,0.79,0.11,0.27234,-0.09648,-0.13387,-0.94795,-0.66,0.82,0.15,0.05745,-0.0579,-0.19666,-0.97707,-0.66,0.83,0.19,-0.26503,-0.12902,-0.20538,-0.93324,-0.65,0.82,0.21,-0.39498,-0.18245,-0.20262,-0.8773,-0.64,0.8,0.23,-0.39498,-0.18245,-0.20262,-0.8773,-0.67,0.79,0.11,0.20751,-0.0192,-0.36231,-0.90846,-0.68,0.81,0.15,0.06975,-0.05721,-0.27514,-0.95716,-0.67,0.81,0.18,-0.19348,-0.10129,-0.30999,-0.92532,-0.67,0.81,0.2,-0.23753,-0.16659,-0.311,-0.90504,-0.66,0.8,0.22,-0.23753,-0.16659,-0.311,-0.90504,-0.5,0.82,0.13,-0.32252,-0.16234,-0.04264,0.93156,-0.48,0.78,0.07,-0.32252,-0.16234,-0.04264,0.93156,-0.52,0.79,0.1,-0.3831,-0.2378,0.64746,0.6144,-0.54,0.79,0.12,-0.19833,-0.04542,0.61964,0.75805,-0.55,0.8,0.15,-0.08822,-0.00276,0.68857,0.71978,-0.56,0.81,0.18,-0.08822,-0.00276,0.68857,0.71978,-0.51,0.8,0.1,-0.32252,-0.16234,-0.04264,0.93156,-0.53,0.83,0.14,0.00128,-0.18182,0.07277,0.98063,-0.54,0.83,0.18,0.31731,-0.15057,0.10105,0.93082,-0.55,0.82,0.2,0.40251,-0.1124,0.10665,0.90221,-0.55,0.8,0.21,0.40251,-0.1124,0.10665,0.90221,-0.49,0.8,0.1,-0.32252,-0.16234,-0.04264,0.93156,-0.51,0.84,0.15,-0.01744,-0.15052,-0.01115,0.98839,-0.52,0.84,0.19,0.44759,-0.13993,0.04758,0.88194,-0.52,0.82,0.2,0.65525,-0.10335,0.01715,0.74811,-0.53,0.79,0.21,0.65525,-0.10335,0.01715,0.74811,-0.47,0.8,0.11,-0.32252,-0.16234,-0.04264,0.93156,-0.49,0.83,0.15,-0.07995,-0.1225,-0.08772,0.98535,-0.5,0.84,0.19,0.48547,-0.16972,-0.04462,0.85646,-0.5,0.82,0.2,0.75074,-0.18967,-0.01552,0.6326,-0.51,0.79,0.2,0.75074,-0.18967,-0.01552,0.6326,-0.47,0.8,0.11,-0.25556,-0.09397,-0.27643,0.92165,-0.47,0.82,0.15,-0.17262,-0.08404,-0.1886,0.9631,-0.47,0.83,0.18,0.45867,-0.18605,-0.18039,0.84998,-0.48,0.82,0.19,0.74179,-0.28024,-0.11354,0.5986,-0.49,0.8,0.19,0.74179,-0.28024,-0.11354,0.5986,-0.6,0.8,0.21
60,-0.65,0.81,0.13,0.27114,-0.09609,-0.13234,-0.94854,-0.66,0.78,0.07,0.27114,-0.09609,-0.13234,-0.94854,-0.62,0.79,0.1,0.33619,-0.21762,0.58174,-0.70795,-0.6,0.8,0.13,0.1169,-0.03136,0.54666,-0.82856,-0.59,0.81,0.16,-0.0139,0.00644,0.61486,-0.78849,-0.59,0.81,0.18,-0.0139,0.00644,0.61486,-0.78849,-0.63,0.8,0.1,0.27114,-0.09609,-0.13234,-0.94854,-0.62,0.83,0.15,-0.0592,-0.11657,-0.05832,-0.9897,-0.61,0.83,0.19,-0.35121,-0.12771,-0.04735,-0.92634,-0.61,0.81,0.2,-0.45957,-0.10417,-0.03943,-0.88113,-0.6,0.8,0.22,-0.45957,-0.10417,-0.03943,-0.88113,-0.65,0.8,0.1,0.27114,-0.09609,-0.13234,-0.94854,-0.64,0.83,0.15,-0.00801,-0.0855,-0.13342,-0.98733,-0.64,0.83,0.19,-0.34219,-0.12514,-0.10927,-0.92483,-0.63,0.82,0.21,-0.44595,-0.12142,-0.14628,-0.87464,-0.62,0.8,0.23,-0.44595,-0.12142,-0.14628,-0.87464,-0.67,0.79,0.11,0.27114,-0.09609,-0.13234,-0.94854,-0.66,0.82,0.15,0.05627,-0.05614,-0.19558,-0.97746,-0.66,0.83,0.19,-0.2651,-0.12673,-0.20509,-0.93359,-0.65,0.82,0.21,-0.39338,-0.17983,-0.20289,-0.87849,-0.64,0.8,0.23,-0.39338,-0.17983,-0.20289,-0.87849,-0.67,0.79,0.11,0.20664,-0.01846,-0.36079,-0.90928,-0.68,0.81,0.15,0.06759,-0.05517,-0.27419,-0.95771,-0.68,0.81,0.18,-0.19045,-0.09728,-0.30987,-0.92642,-0.67,0.81,0.2,-0.23061,-0.16133,-0.31152,-0.9076,-0.66,0.8,0.22,-0.23061,-0.16133,-0.31152,-0.9076,-0.5,0.82,0.13,-0.32406,-0.16358,-0.04242,0.93082,-0.48,0.78,0.07,-0.32406,-0.16358,-0.04242,0.93082,-0.52,0.79,0.1,-0.37965,-0.24005,0.65156,0.61132,-0.54,0.79,0.12,-0.19971,-0.04946,0.6241,0.75377,-0.55,0.8,0.15,-0.09174,-0.00751,0.69326,0.71479,-0.56,0.8,0.18,-0.09174,-0.00751,0.69326,0.71479,-0.51,0.8,0.1,-0.32406,-0.16358,-0.04242,0.93082,-0.53,0.83,0.14,-0.00195,-0.1807,0.07142,0.98094,-0.54,0.83,0.18,0.32236,-0.14916,0.10073,0.92935,-0.55,0.82,0.2,0.40979,-0.11072,0.10669,0.89913,-0.55,0.8,0.21,0.40979,-0.11072,0.10669,0.89913,-0.49,0.8,0.1,-0.32406,-0.16358,-0.04242,0.93082,-0.51,0.84,0.15,-0.01493,-0.15098,-0.01043,0.98837,-0.52,0.84,0.19,0.45157,-0.13987,0.04871,0.87986,-0.52,0.82,0.2,0.6596,-0.10263,0.01836,0.74435,-0.53,0.79,0.21,0.6596,-0.10263,0.01836,0.74435,-0.47,0.8,0.11,-0.32406,-0.16358,-0.04242,0.93082,-0.49,0.83,0.15,-0.07502,-0.12316,-0.08709,0.98571,-0.5,0.84,0.19,0.49216,-0.16981,-0.04341,0.85268,-0.5,0.82,0.2,0.7569,-0.18902,-0.01423,0.62544,-0.51,0.79,0.2,0.7569,-0.18902,-0.01423,0.62544,-0.47,0.8,0.11,-0.25684,-0.09558,-0.27626,0.92118,-0.47,0.82,0.15,-0.16941,-0.0836,-0.18919,0.9636,-0.47,0.83,0.18,0.46978,-0.18733,-0.17969,0.84376,-0.48,0.82,0.19,0.75038,-0.28098,-0.11261,0.58762,-0.49,0.8,0.19,0.75038,-0.28098,-0.11261,0.58762,-0.6,0.8,0.21
