-0.79,1.45,-0.14,-0.79,1.45,-0.14,-0.86,1.09,0.11,0.36653,-0.0594,-0.16504,-0.91372,-0.86,1.05,0.06,0.36653,-0.0594,-0.16504,-0.91372,-0.83,1.07,0.09,0.47237,-0.12935,0.49985,-0.71434,-0.81,1.09,0.11,0.23827,0.02277,0.43679,-0.86713,-0.8,1.1,0.14,0.10676,0.05098,0.5092,-0.85248,-0.8,1.11,0.16,0.10676,0.05098,0.5092,-0.85248,-0.84,1.08,0.09,0.36653,-0.0594,-0.16504,-0.91372,-0.84,1.12,0.13,0.09415,-0.09578,-0.10139,-0.98574,-0.83,1.13,0.17,-0.42085,-0.1431,-0.0626,-0.89358,-0.82,1.11,0.18,-0.6345,-0.12809,-0.03126,-0.76159,-0.82,1.09,0.19,-0.6345,-0.12809,-0.03126,-0.76159,-0.85,1.07,0.09,0.36653,-0.0594,-0.16504,-0.91372,-0.86,1.12,0.13,0.13561,-0.08398,-0.16359,-0.97355,-0.85,1.13,0.17,-0.34603,-0.15509,-0.11611,-0.918,-0.84,1.11,0.19,-0.56853,-0.16482,-0.1387,-0.79396,-0.83,1.09,0.2,-0.56853,-0.16482,-0.1387,-0.79396,-0.87,1.07,0.09,0.36653,-0.0594,-0.16504,-0.91372,-0.88,1.1,0.13,0.15879,-0.07652,-0.21796,-0.95991,-0.87,1.12,0.17,-0.3395,-0.19474,-0.18858,-0.9007,-0.86,1.1,0.19,-0.59177,-0.26235,-0.14804,-0.74771,-0.85,1.08,0.19,-0.59177,-0.26235,-0.14804,-0.74771,-0.88,1.06,0.1,0.30262,-0.00817,-0.3993,-0.8654,-0.89,1.09,0.13,0.21952,-0.07505,-0.2963,-0.92649,-0.89,1.1,0.16,-0.24434,-0.2011,-0.30101,-0.89958,-0.88,1.09,0.18,-0.47478,-0.32065,-0.2412,-0.78332,-0.86,1.08,0.19,-0.47478,-0.32065,-0.2412,-0.78332,-0.7,1.1,0.1,-0.47434,-0.14235,-0.11036,0.86172,-0.69,1.05,0.07,-0.47434,-0.14235,-0.11036,0.86172,-0.72,1.07,0.09,-0.53968,-0.07492,0.5707,0.61435,-0.75,1.09,0.1,-0.3919,0.05262,0.49345,0.7747,-0.76,1.11,0.12,-0.31504,0.068,0.57193,0.75434,-0.76,1.12,0.14,-0.31504,0.068,0.57193,0.75434,-0.71,1.07,0.09,-0.47434,-0.14235,-0.11036,0.86172,-0.72,1.13,0.11,-0.16935,-0.23142,0.06374,0.95588,-0.74,1.14,0.14,0.17742,-0.20156,0.1152,0.95636,-0.75,1.13,0.16,0.30587,-0.15848,0.12933,0.92984,-0.75,1.12,0.18,0.30587,-0.15848,0.12933,0.92984,-0.7,1.07,0.09,-0.47434,-0.14235,-0.11036,0.86172,-0.7,1.13,0.12,-0.11905,-0.18605,-0.04519,0.97425,-0.72,1.14,0.15,0.33893,-0.18899,0.03181,0.92108,-0.72,1.12,0.17,0.58431,-0.16036,0.01439,0.7954,-0.73,1.1,0.18,0.58431,-0.16036,0.01439,0.7954,-0.68,1.07,0.09,-0.47434,-0.14235,-0.11036,0.86172,-0.68,1.12,0.12,-0.19926,-0.14669,-0.15264,0.9568,-0.69,1.13,0.16,0.38448,-0.23156,-0.07864,0.89015,-0.7,1.12,0.17,0.69434,-0.26121,-0.01614,0.67037,-0.71,1.1,0.17,0.69434,-0.26121,-0.01614,0.67037,-0.67,1.07,0.1,-0.39844,-0.11709,-0.3492,0.84,-0.67,1.1,0.13,-0.41472,-0.01585,-0.2936,0.86114,-0.66,1.13,0.15,0.22288,-0.22438,-0.29423,0.90189,-0.67,1.12,0.16,0.56007,-0.36586,-0.18372,0.72022,-0.69,1.11,0.17,0.56007,-0.36586,-0.18372,0.72022,-0.81,1.08,0.19
-0.79,1.45,-0.14,-0.79,1.45,-0.14,-0.86,1.09,0.11,0.36245,-0.06026,-0.1688,-0.91461,-0.86,1.05,0.06,0.36245,-0.06026,-0.1688,-0.91461,-0.83,1.07,0.09,0.46516,-0.13411,0.50207,-0.71664,-0.81,1.09,0.11,0.22629,0.02179,0.44066,-0.86841,-0.8,1.1,0.14,0.09646,0.04841,0.5129,-0.85164,-0.8,1.11,0.16,0.09646,0.04841,0.5129,-0.85164,-0.84,1.07,0.09,0.36245,-0.06026,-0.1688,-0.91461,-0.84,1.12,0.13,0.08964,-0.09895,-0.10393,-0.98558,-0.83,1.12,0.17,-0.42011,-0.14667,-0.06397,-0.89325,-0.82,1.11,0.18,-0.62925,-0.13163,-0.03259,-0.76528,-0.82,1.09,0.19,-0.62925,-0.13163,-0.03259,-0.76528,-0.85,1.07,0.09,0.36245,-0.06026,-0.1688,-0.91461,-0.86,1.11,0.13,0.1365,-0.08627,-0.16651,-0.97273,-0.85,1.13,0.17,-0.3447,-0.15847,-0.1176,-0.91773,-0.84,1.11,0.19,-0.56739,-0.16855,-0.13928,-0.79389,-0.83,1.09,0.2,-0.56739,-0.16855,-0.13928,-0.79389,-0.87,1.07,0.1,0.36245,-0.06026,-0.1688,-0.91461,-0.88,1.1,0.13,0.16446,-0.0778,-0.22096,-0.95816,-0.87,1.11,0.17,-0.3354,-0.19789,-0.19007,-0.90123,-0.86,1.1,0.19,-0.58814,-0.2659,-0.14837,-0.74925,-0.85,1.08,0.19,-0.58814,-0.2659,-0.14837,-0.74925,-0.88,1.06,0.1,0.29795,-0.00811,-0.40253,-0.86552,-0.89,1.08,0.14,0.22138,-0.07722,-0.29846,-0.92517,-0.89,1.1,0.16,-0.24312,-0.20445,-0.30171,-0.89892,-0.88,1.09,0.18,-0.47504,-0.32448,-0.24027,-0.78187,-0.86,1.08,0.19,-0.47504,-0.32448,-0.24027,-0.78187,-0.7,1.1,0.1,-0.497,-0.14778,-0.10317,0.84883,-0.69,1.04,0.07,-0.497,-0.14778,-0.10317,0.84883,-0.72,1.07,0.09,-0.52569,-0.07483,0.60434,0.59399,-0.75,1.08,0.1,-0.37137,0.07099,0.52796,0.76046,-0.76,1.11,0.13,-0.27148,0.10343,0.59851,0.74659,-0.76,1.12,0.15,-0.27148,0.10343,0.59851,0.74659,-0.71,1.07,0.09,-0.497,-0.14778,-0.10317,0.84883,-0.72,1.12,0.11,-0.15449,-0.21851,0.07353,0.96072,-0.74,1.13,0.14,0.22719,-0.18125,0.12649,0.94844,-0.75,1.12,0.16,0.34993,-0.13669,0.13846,0.91635,-0.75,1.11,0.18,0.34993,-0.13669,0.13846,0.91635,-0.7,1.07,0.09,-0.497,-0.14778,-0.10317,0.84883,-0.7,1.13,0.11,-0.11698,-0.18732,-0.03309,0.97475,-0.72,1.14,0.15,0.40578,-0.181,0.05606,0.89411,-0.72,1.12,0.17,0.68896,-0.13472,0.04096,0.71099,-0.73,1.09,0.17,0.68896,-0.13472,0.04096,0.71099,-0.68,1.07,0.09,-0.497,-0.14778,-0.10317,0.84883,-0.68,1.12,0.12,-0.20879,-0.15402,-0.14259,0.95517,-0.69,1.13,0.15,0.43789,-0.23567,-0.05106,0.86608,-0.71,1.12,0.17,0.77033,-0.24869,0.02125,0.58677,-0.71,1.09,0.16,0.77033,-0.24869,0.02125,0.58677,-0.67,1.07,0.1,-0.4205,-0.12872,-0.34265,0.83018,-0.67,1.1,0.13,-0.43074,-0.03535,-0.28727,0.8548,-0.66,1.13,0.15,0.24378,-0.24717,-0.26883,0.89845,-0.68,1.12,0.16,0.6042,-0.3803,-0.13984,0.68612,-0.69,1.11,0.16,0.6042,-0.3803,-0.13984,0.68612,-0.81,1.08,0.19
-0.79,1.45,-0.14,-0.79,1.45,-0.14,-0.86,1.09,0.11,0.36119,-0.06024,-0.1739,-0.91415,-0.86,1.05,0.06,0.36119,-0.06024,-0.1739,-0.91415,-0.83,1.07,0.09,0.45739,-0.13438,0.50579,-0.71897,-0.81,1.09,0.11,0.21639,0.02444,0.44447,-0.86892,-0.8,1.1,0.14,0.08597,0.05081,0.51586,-0.85083,-0.8,1.11,0.16,0.08597,0.05081,0.51586,-0.85083,-0.84,1.07,0.09,0.36119,-0.06024,-0.1739,-0.91415,-0.84,1.12,0.13,0.08319,-0.10224,-0.10723,-0.98546,-0.83,1.12,0.17,-0.41792,-0.15043,-0.06654,-0.89347,-0.82,1.11,0.18,-0.6202,-0.13549,-0.03562,-0.77183,-0.82,1.09,0.19,-0.6202,-0.13549,-0.03562,-0.77183,-0.86,1.07,0.09,0.36119,-0.06024,-0.1739,-0.91415,-0.86,1.11,0.13,0.13443,-0.08882,-0.17057,-0.97208,-0.85,1.13,0.17,-0.35188,-0.16335,-0.11896,-0.91397,-0.84,1.11,0.19,-0.57496,-0.17322,-0.13907,-0.78745,-0.83,1.09,0.2,-0.57496,-0.17322,-0.13907,-0.78745,-0.87,1.07,0.1,0.36119,-0.06024,-0.1739,-0.91415,-0.88,1.1,0.14,0.16298,-0.07983,-0.22526,-0.95725,-0.87,1.11,0.17,-0.34271,-0.20303,-0.19146,-0.89703,-0.86,1.1,0.19,-0.59546,-0.27117,-0.14786,-0.74165,-0.85,1.08,0.19,-0.59546,-0.27117,-0.14786,-0.74165,-0.88,1.06,0.1,0.29603,-0.00798,-0.40719,-0.864,-0.89,1.08,0.14,0.21748,-0.07997,-0.30263,-0.92451,-0.89,1.1,0.16,-0.24999,-0.20964,-0.30336,-0.89528,-0.88,1.09,0.18,-0.48439,-0.33083,-0.23923,-0.77375,-0.86,1.08,0.19,-0.48439,-0.33083,-0.23923,-0.77375,-0.7,1.1,0.1,-0.50533,-0.15233,-0.10027,0.84344,-0.69,1.05,0.07,-0.50533,-0.15233,-0.10027,0.84344,-0.72,1.07,0.09,-0.50881,-0.08381,0.62759,0.58328,-0.75,1.08,0.11,-0.35316,0.07325,0.55415,0.75022,-0.76,1.1,0.13,-0.24527,0.11308,0.62075,0.73602,-0.76,1.12,0.15,-0.24527,0.11308,0.62075,0.73602,-0.71,1.07,0.09,-0.50533,-0.15233,-0.10027,0.84344,-0.72,1.13,0.11,-0.14796,-0.21128,0.07224,0.96346,-0.74,1.14,0.14,0.26392,-0.17096,0.12798,0.94061,-0.75,1.12,0.16,0.38799,-0.12543,0.14006,0.90228,-0.75,1.11,0.18,0.38799,-0.12543,0.14006,0.90228,-0.7,1.07,0.09,-0.50533,-0.15233,-0.10027,0.84344,-0.7,1.13,0.11,-0.12098,-0.1862,-0.03303,0.97447,-0.72,1.14,0.15,0.44336,-0.17726,0.06376,0.87633,-0.73,1.12,0.16,0.75173,-0.11972,0.05062,0.64653,-0.73,1.09,0.16,0.75173,-0.11972,0.05062,0.64653,-0.68,1.07,0.09,-0.50533,-0.15233,-0.10027,0.84344,-0.69,1.12,0.12,-0.22599,-0.1559,-0.14131,0.95113,-0.69,1.14,0.15,0.45707,-0.23835,-0.03961,0.85598,-0.71,1.12,0.16,0.80514,-0.24184,0.03996,0.54007,-0.71,1.1,0.16,0.80514,-0.24184,0.03996,0.54007,-0.67,1.07,0.1,-0.42812,-0.13555,-0.33981,0.82636,-0.67,1.11,0.13,-0.4452,-0.0461,-0.28272,0.84838,-0.67,1.13,0.14,0.25806,-0.26112,-0.25114,0.89563,-0.68,1.12,0.16,0.65054,-0.3889,-0.10054,0.64456,-0.69,1.11,0.16,0.65054,-0.3889,-0.10054,0.64456,-0.81,1.08,0.19
-0.79,1.45,-0.14,-0.79,1.45,-0.14,-0.86,1.09,0.11,0.37398,-0.05927,-0.19056,-0.90571,-0.86,1.05,0.06,0.37398,-0.05927,-0.19056,-0.90571,-0.83,1.07,0.09,0.46493,-0.1219,0.499,-0.72109,-0.81,1.09,0.11,0.22181,0.0345,0.43372,-0.87264,-0.8,1.1,0.14,0.08902,0.06065,0.50435,-0.85676,-0.8,1.11,0.16,0.08902,0.06065,0.50435,-0.85676,-0.84,1.07,0.09,0.37398,-0.05927,-0.19056,-0.90571,-0.84,1.12,0.13,0.08864,-0.10647,-0.12252,-0.98275,-0.83,1.13,0.17,-0.40836,-0.16149,-0.07826,-0.89501,-0.82,1.11,0.18,-0.60738,-0.1488,-0.04556,-0.77902,-0.82,1.09,0.19,-0.60738,-0.1488,-0.04556,-0.77902,-0.86,1.07,0.09,0.37398,-0.05927,-0.19056,-0.90571,-0.86,1.11,0.13,0.14359,-0.0934,-0.18634,-0.96744,-0.86,1.13,0.17,-0.34602,-0.1757,-0.12965,-0.91246,-0.85,1.11,0.19,-0.57148,-0.18837,-0.14595,-0.78526,-0.83,1.09,0.2,-0.57148,-0.18837,-0.14595,-0.78526,-0.87,1.07,0.1,0.37398,-0.05927,-0.19056,-0.90571,-0.88,1.1,0.13,0.17566,-0.0836,-0.24157,-0.95068,-0.87,1.12,0.17,-0.33359,-0.21607,-0.20203,-0.89511,-0.86,1.1,0.19,-0.58814,-0.28719,-0.15307,-0.74039,-0.85,1.08,0.19,-0.58814,-0.28719,-0.15307,-0.74039,-0.88,1.06,0.1,0.30643,-0.01118,-0.42338,-0.85248,-0.89,1.08,0.14,0.23037,-0.08362,-0.31856,-0.91567,-0.89,1.1,0.16,-0.24296,-0.22406,-0.3137,-0.89015,-0.88,1.09,0.18,-0.48271,-0.34935,-0.2418,-0.76582,-0.86,1.08,0.19,-0.48271,-0.34935,-0.2418,-0.76582,-0.7,1.1,0.11,-0.4644,-0.14561,-0.10288,0.8675,-0.69,1.05,0.07,-0.4644,-0.14561,-0.10288,0.8675,-0.72,1.07,0.09,-0.46609,-0.12249,0.63635,0.60234,-0.75,1.08,0.11,-0.29743,0.04821,0.57337,0.76187,-0.76,1.1,0.14,-0.18208,0.09168,0.63854,0.7421,-0.76,1.11,0.16,-0.18208,0.09168,0.63854,0.7421,-0.71,1.07,0.09,-0.4644,-0.14561,-0.10288,0.8675,-0.72,1.12,0.12,-0.09963,-0.20915,0.06352,0.97072,-0.74,1.13,0.15,0.30502,-0.17209,0.11768,0.92924,-0.75,1.12,0.17,0.4314,-0.12696,0.13183,0.8834,-0.75,1.1,0.18,0.4314,-0.12696,0.13183,0.8834,-0.7,1.07,0.09,-0.4644,-0.14561,-0.10288,0.8675,-0.7,1.13,0.12,-0.08025,-0.17941,-0.04122,0.97963,-0.72,1.13,0.16,0.47645,-0.17586,0.05229,0.85984,-0.72,1.11,0.17,0.77915,-0.1193,0.04056,0.61404,-0.73,1.09,0.17,0.77915,-0.1193,0.04056,0.61404,-0.68,1.07,0.1,-0.4644,-0.14561,-0.10288,0.8675,-0.69,1.12,0.13,-0.20749,-0.14216,-0.14884,0.95634,-0.69,1.13,0.16,0.46537,-0.23183,-0.05695,0.85232,-0.71,1.11,0.17,0.81158,-0.24353,0.02197,0.53061,-0.71,1.09,0.16,0.81158,-0.24353,0.02197,0.53061,-0.67,1.07,0.1,-0.38908,-0.11724,-0.3417,0.84741,-0.67,1.1,0.13,-0.42533,-0.03307,-0.27682,0.86103,-0.66,1.13,0.15,0.27382,-0.24416,-0.25811,0.89375,-0.68,1.12,0.17,0.67611,-0.3791,-0.10854,0.62239,-0.69,1.1,0.16,0.67611,-0.3791,-0.10854,0.62239,-0.81,1.08,0.19
-0.79,1.45,-0.14,-0.79,1.45,-0.14,-0.86,1.09,0.11,0.37402,-0.06571,-0.19546,-0.90421,-0.86,1.05,0.06,0.37402,-0.06571,-0.19546,-0.90421,-0.83,1.07,0.09,0.46707,-0.12689,0.49697,-0.72025,-0.81,1.09,0.11,0.22157,0.02998,0.43343,-0.87301,-0.8,1.1,0.14,0.08841,0.05652,0.50452,-0.857,-0.8,1.11,0.16,0.08841,0.05652,0.50452,-0.857,-0.84,1.07,0.09,0.37402,-0.06571,-0.19546,-0.90421,-0.84,1.12,0.13,0.08515,-0.11358,-0.12547,-0.98189,-0.83,1.12,0.17,-0.40866,-0.16882,-0.0778,-0.89356,-0.82,1.11,0.18,-0.60574,-0.15573,-0.04378,-0.77904,-0.82,1.09,0.19,-0.60574,-0.15573,-0.04378,-0.77904,-0.86,1.07,0.09,0.37402,-0.06571,-0.19546,-0.90421,-0.86,1.11,0.13,0.13747,-0.10191,-0.18896,-0.96696,-0.85,1.13,0.17,-0.34947,-0.18408,-0.12817,-0.9097,-0.84,1.11,0.19,-0.57476,-0.19584,-0.14228,-0.7817,-0.83,1.09,0.2,-0.57476,-0.19584,-0.14228,-0.7817,-0.87,1.06,0.1,0.37402,-0.06571,-0.19546,-0.90421,-0.88,1.1,0.14,0.17604,-0.09033,-0.24531,-0.94904,-0.87,1.11,0.17,-0.33254,-0.22374,-0.20177,-0.89367,-0.86,1.1,0.19,-0.58735,-0.29445,-0.15028,-0.73873,-0.84,1.08,0.19,-0.58735,-0.29445,-0.15028,-0.73873,-0.88,1.06,0.1,0.30447,-0.01772,-0.42771,-0.85091,-0.89,1.08,0.14,0.23466,-0.08789,-0.32299,-0.91263,-0.89,1.1,0.16,-0.24363,-0.23212,-0.31426,-0.8877,-0.88,1.09,0.18,-0.48683,-0.35827,-0.23819,-0.7602,-0.86,1.08,0.19,-0.48683,-0.35827,-0.23819,-0.7602,-0.7,1.1,0.11,-0.44127,-0.14139,-0.11134,0.87914,-0.69,1.05,0.07,-0.44127,-0.14139,-0.11134,0.87914,-0.72,1.07,0.09,-0.44694,-0.14151,0.63259,0.61649,-0.75,1.08,0.11,-0.26934,0.03433,0.57486,0.77189,-0.76,1.1,0.14,-0.14545,0.08278,0.63911,0.75068,-0.76,1.11,0.16,-0.14545,0.08278,0.63911,0.75068,-0.71,1.08,0.09,-0.44127,-0.14139,-0.11134,0.87914,-0.72,1.12,0.12,-0.0637,-0.2089,0.05376,0.97438,-0.74,1.13,0.15,0.34282,-0.17448,0.10909,0.91659,-0.75,1.11,0.17,0.47376,-0.12931,0.12587,0.86197,-0.75,1.09,0.18,0.47376,-0.12931,0.12587,0.86197,-0.7,1.07,0.09,-0.44127,-0.14139,-0.11134,0.87914,-0.7,1.13,0.12,-0.05573,-0.17758,-0.05228,0.98114,-0.72,1.13,0.16,0.50096,-0.17997,0.04267,0.84548,-0.72,1.11,0.17,0.80218,-0.12354,0.0346,0.58314,-0.73,1.08,0.17,0.80218,-0.12354,0.0346,0.58314,-0.68,1.07,0.1,-0.44127,-0.14139,-0.11134,0.87914,-0.69,1.12,0.13,-0.19203,-0.13732,-0.15815,0.95878,-0.69,1.13,0.16,0.47847,-0.23359,-0.06753,0.84377,-0.71,1.11,0.17,0.82296,-0.24884,0.01485,0.51049,-0.71,1.09,0.16,0.82296,-0.24884,0.01485,0.51049,-0.67,1.07,0.1,-0.36618,-0.10689,-0.34913,0.85592,-0.67,1.1,0.13,-0.41268,-0.03054,-0.2789,0.86659,-0.67,1.12,0.15,0.28468,-0.24204,-0.26221,0.88973,-0.68,1.12,0.17,0.69298,-0.38043,-0.10814,0.60279,-0.69,1.1,0.16,0.69298,-0.38043,-0.10814,0.60279,-0.81,1.08,0.19
-0.79,1.45,-0.14,-0.79,1.45,-0.14,-0.86,1.09,0.11,0.36265,-0.07098,-0.19005,-0.90957,-0.86,1.05,0.07,0.36265,-0.07098,-0.19005,-0.90957,-0.83,1.07,0.09,0.45744,-0.14301,0.50267,-0.71946,-0.81,1.09,0.11,0.20993,0.01823,0.44446,-0.87066,-0.8,1.1,0.14,0.07828,0.04504,0.51619,-0.8517,-0.8,1.1,0.16,0.07828,0.04504,0.51619,-0.8517,-0.84,1.07,0.09,0.36265,-0.07098,-0.19005,-0.90957,-0.84,1.11,0.13,0.07184,-0.11569,-0.11986,-0.98341,-0.83,1.12,0.17,-0.41445,-0.16704,-0.07326,-0.89161,-0.82,1.1,0.18,-0.60881,-0.15277,-0.04005,-0.77744,-0.82,1.08,0.19,-0.60881,-0.15277,-0.04005,-0.77744,-0.85,1.07,0.09,0.36265,-0.07098,-0.19005,-0.90957,-0.86,1.11,0.13,0.11904,-0.10587,-0.18212,-0.97029,-0.85,1.12,0.17,-0.35582,-0.18247,-0.12262,-0.90833,-0.84,1.11,0.19,-0.57766,-0.19219,-0.1377,-0.78129,-0.83,1.09,0.2,-0.57766,-0.19219,-0.1377,-0.78129,-0.87,1.06,0.1,0.36265,-0.07098,-0.19005,-0.90957,-0.87,1.1,0.14,0.16716,-0.0915,-0.2399,-0.95191,-0.87,1.11,0.17,-0.33637,-0.22052,-0.19798,-0.89388,-0.86,1.1,0.19,-0.58938,-0.28993,-0.1483,-0.73931,-0.84,1.08,0.2,-0.58938,-0.28993,-0.1483,-0.73931,-0.88,1.06,0.1,0.29304,-0.01962,-0.42189,-0.85776,-0.89,1.08,0.14,0.23414,-0.08321,-0.31896,-0.91461,-0.89,1.1,0.17,-0.2457,-0.2264,-0.31288,-0.88909,-0.88,1.09,0.18,-0.48996,-0.35266,-0.23844,-0.76073,-0.86,1.08,0.19,-0.48996,-0.35266,-0.23844,-0.76073,-0.7,1.1,0.11,-0.43162,-0.13862,-0.11425,0.88399,-0.69,1.05,0.07,-0.43162,-0.13862,-0.11425,0.88399,-0.73,1.07,0.09,-0.43726,-0.14929,0.63205,0.62211,-0.75,1.08,0.11,-0.25605,0.02917,0.57657,0.77534,-0.76,1.1,0.14,-0.12454,0.08313,0.63953,0.75404,-0.76,1.11,0.16,-0.12454,0.08313,0.63953,0.75404,-0.71,1.08,0.09,-0.43162,-0.13862,-0.11425,0.88399,-0.73,1.13,0.12,-0.03574,-0.20532,0.05102,0.97671,-0.74,1.13,0.15,0.38146,-0.17018,0.1073,0.90223,-0.75,1.11,0.17,0.51835,-0.12384,0.12606,0.83671,-0.75,1.09,0.18,0.51835,-0.12384,0.12606,0.83671,-0.7,1.08,0.09,-0.43162,-0.13862,-0.11425,0.88399,-0.7,1.13,0.12,-0.04269,-0.17449,-0.05761,0.98204,-0.72,1.13,0.16,0.52344,-0.17968,0.03886,0.83199,-0.73,1.11,0.17,0.82662,-0.12096,0.03276,0.54863,-0.73,1.09,0.16,0.82662,-0.12096,0.03276,0.54863,-0.68,1.08,0.1,-0.43162,-0.13862,-0.11425,0.88399,-0.69,1.12,0.13,-0.18522,-0.13454,-0.16136,0.95998,-0.69,1.13,0.16,0.4892,-0.23366,-0.07069,0.83731,-0.71,1.11,0.17,0.8356,-0.24898,0.01456,0.48946,-0.71,1.09,0.16,0.8356,-0.24898,0.01456,0.48946,-0.68,1.07,0.1,-0.35691,-0.10158,-0.35165,0.85944,-0.67,1.1,0.13,-0.41017,-0.03016,-0.27853,0.86791,-0.67,1.13,0.15,0.28458,-0.24051,-0.26292,0.88997,-0.68,1.12,0.17,0.70216,-0.38062,-0.10429,0.59264,-0.69,1.1,0.16,0.70216,-0.38062,-0.10429,0.59264,-0.81,1.08,0.19
-0.8,1.45,-0.14,-0.8,1.45,-0.14,-0.86,1.09,0.12,0.354,-0.07184,-0.18105,-0.91474,-0.86,1.05,0.07,0.354,-0.07184,-0.18105,-0.91474,-0.83,1.07,0.09,0.44307,-0.15549,0.51487,-0.71723,-0.81,1.08,0.11,0.19617,0.01164,0.46074,-0.86551,-0.8,1.09,0.14,0.06671,0.0386,0.5322,-0.8431,-0.8,1.1,0.17,0.06671,0.0386,0.5322,-0.8431,-0.84,1.07,0.09,0.354,-0.07184,-0.18105,-0.91474,-0.84,1.11,0.13,0.06121,-0.11257,-0.11198,-0.98542,-0.83,1.12,0.17,-0.41136,-0.1592,-0.0704,-0.8947,-0.82,1.1,0.18,-0.60297,-0.14425,-0.03983,-0.7836,-0.81,1.08,0.19,-0.60297,-0.14425,-0.03983,-0.7836,-0.85,1.07,0.09,0.354,-0.07184,-0.18105,-0.91474,-0.86,1.11,0.14,0.10492,-0.10359,-0.17356,-0.97372,-0.85,1.12,0.18,-0.35371,-0.17415,-0.11932,-0.91122,-0.84,1.1,0.19,-0.57104,-0.18301,-0.13735,-0.78839,-0.83,1.08,0.2,-0.57104,-0.18301,-0.13735,-0.78839,-0.87,1.06,0.1,0.354,-0.07184,-0.18105,-0.91474,-0.87,1.1,0.14,0.16467,-0.08598,-0.2328,-0.95462,-0.87,1.11,0.17,-0.33044,-0.21017,-0.19676,-0.89885,-0.86,1.1,0.19,-0.58179,-0.2795,-0.15115,-0.7487,-0.84,1.08,0.2,-0.58179,-0.2795,-0.15115,-0.7487,-0.88,1.06,0.1,0.28565,-0.01777,-0.41301,-0.86459,-0.89,1.08,0.14,0.23854,-0.07219,-0.31248,-0.91665,-0.89,1.09,0.17,-0.2411,-0.2137,-0.31288,-0.89348,-0.88,1.09,0.18,-0.48687,-0.34075,-0.24212,-0.76696,-0.86,1.08,0.19,-0.48687,-0.34075,-0.24212,-0.76696,-0.7,1.1,0.11,-0.42659,-0.13746,-0.11556,0.88644,-0.69,1.06,0.07,-0.42659,-0.13746,-0.11556,0.88644,-0.73,1.07,0.09,-0.43336,-0.15475,0.63108,0.62449,-0.75,1.09,0.11,-0.25307,0.02264,0.5771,0.77614,-0.76,1.1,0.14,-0.11908,0.07892,0.64025,0.75476,-0.76,1.11,0.16,-0.11908,0.07892,0.64025,0.75476,-0.72,1.08,0.09,-0.42659,-0.13746,-0.11556,0.88644,-0.73,1.13,0.12,-0.04639,-0.20439,0.04318,0.97684,-0.74,1.13,0.16,0.36967,-0.17312,0.09943,0.90746,-0.75,1.11,0.17,0.51205,-0.1275,0.11914,0.84104,-0.75,1.09,0.18,0.51205,-0.1275,0.11914,0.84104,-0.7,1.08,0.09,-0.42659,-0.13746,-0.11556,0.88644,-0.71,1.13,0.13,-0.05171,-0.17186,-0.06316,0.98173,-0.72,1.13,0.16,0.49631,-0.1815,0.02869,0.84848,-0.73,1.11,0.18,0.8077,-0.12928,0.02327,0.57478,-0.73,1.09,0.17,0.8077,-0.12928,0.02327,0.57478,-0.68,1.08,0.1,-0.42659,-0.13746,-0.11556,0.88644,-0.69,1.12,0.13,-0.19496,-0.13064,-0.165,0.95796,-0.7,1.13,0.16,0.46228,-0.23203,-0.08023,0.85207,-0.71,1.12,0.18,0.81956,-0.25318,0.00608,0.51399,-0.71,1.09,0.17,0.81956,-0.25318,0.00608,0.51399,-0.68,1.07,0.1,-0.35205,-0.0991,-0.35274,0.86129,-0.67,1.1,0.14,-0.40975,-0.02997,-0.27818,0.86823,-0.67,1.13,0.15,0.27616,-0.2376,-0.26478,0.89285,-0.68,1.12,0.17,0.69991,-0.37966,-0.10509,0.59577,-0.69,1.1,0.16,0.69991,-0.37966,-0.10509,0.59577,-0.81,1.08,0.19
-0.8,1.45,-0.14,-0.8,1.45,-0.14,-0.86,1.09,0.12,0.34403,-0.06785,-0.17334,-0.92032,-0.86,1.05,0.07,0.34403,-0.06785,-0.17334,-0.92032,-0.83,1.07,0.09,0.42612,-0.16076,0.52517,-0.71887,-0.81,1.08,0.11,0.18222,0.00995,0.47254,-0.86221,-0.8,1.09,0.14,0.05678,0.03487,0.54361,-0.83669,-0.8,1.1,0.17,0.05678,0.03487,0.54361,-0.83669,-0.84,1.07,0.09,0.34403,-0.06785,-0.17334,-0.92032,-0.84,1.11,0.14,0.04796,-0.10646,-0.10583,-0.98751,-0.83,1.11,0.17,-0.40184,-0.14885,-0.07171,-0.90068,-0.82,1.1,0.19,-0.58562,-0.13382,-0.04547,-0.79817,-0.82,1.08,0.19,-0.58562,-0.13382,-0.04547,-0.79817,-0.85,1.07,0.09,0.34403,-0.06785,-0.17334,-0.92032,-0.86,1.11,0.14,0.08838,-0.09761,-0.167,-0.97713,-0.85,1.12,0.18,-0.35696,-0.16396,-0.1186,-0.91194,-0.84,1.1,0.2,-0.5672,-0.17209,-0.13995,-0.79315,-0.83,1.08,0.2,-0.5672,-0.17209,-0.13995,-0.79315,-0.87,1.06,0.1,0.34403,-0.06785,-0.17334,-0.92032,-0.87,1.1,0.14,0.16186,-0.07608,-0.22758,-0.95719,-0.87,1.11,0.17,-0.32469,-0.19699,-0.19908,-0.9034,-0.86,1.1,0.19,-0.57235,-0.26714,-0.15856,-0.75889,-0.84,1.08,0.2,-0.57235,-0.26714,-0.15856,-0.75889,-0.88,1.06,0.1,0.27781,-0.01092,-0.40538,-0.87085,-0.89,1.08,0.14,0.23587,-0.05988,-0.30676,-0.92015,-0.89,1.09,0.17,-0.2385,-0.19806,-0.31497,-0.89704,-0.88,1.09,0.18,-0.48184,-0.32564,-0.25007,-0.77411,-0.86,1.08,0.19,-0.48184,-0.32564,-0.25007,-0.77411,-0.71,1.1,0.12,-0.39081,-0.14084,-0.11045,0.9029,-0.69,1.06,0.07,-0.39081,-0.14084,-0.11045,0.9029,-0.73,1.07,0.1,-0.4298,-0.19468,0.61505,0.63173,-0.75,1.08,0.12,-0.25202,-0.02568,0.57181,0.78029,-0.76,1.1,0.14,-0.1405,0.01435,0.64372,0.75212,-0.77,1.1,0.17,-0.1405,0.01435,0.64372,0.75212,-0.72,1.08,0.1,-0.39081,-0.14084,-0.11045,0.9029,-0.73,1.12,0.13,-0.12226,-0.21504,0.02045,0.96871,-0.75,1.13,0.16,0.18931,-0.20238,0.06079,0.95891,-0.75,1.12,0.18,0.33122,-0.16549,0.07819,0.92563,-0.76,1.11,0.2,0.33122,-0.16549,0.07819,0.92563,-0.7,1.08,0.1,-0.39081,-0.14084,-0.11045,0.9029,-0.71,1.12,0.13,-0.18901,-0.15767,-0.08952,0.96509,-0.72,1.14,0.17,0.19144,-0.18242,-0.0357,0.96374,-0.73,1.13,0.19,0.42148,-0.1821,-0.05689,0.88654,-0.74,1.11,0.21,0.42148,-0.1821,-0.05689,0.88654,-0.69,1.08,0.1,-0.39081,-0.14084,-0.11045,0.9029,-0.69,1.12,0.14,-0.25664,-0.11083,-0.17236,0.94454,-0.7,1.14,0.17,0.25173,-0.20601,-0.12949,0.93671,-0.71,1.12,0.19,0.5561,-0.25983,-0.07786,0.78561,-0.72,1.11,0.2,0.5561,-0.25983,-0.07786,0.78561,-0.68,1.07,0.11,-0.31713,-0.09256,-0.34612,0.8781,-0.68,1.1,0.14,-0.36878,-0.04297,-0.26573,0.88969,-0.67,1.12,0.16,0.22104,-0.20795,-0.26865,0.91418,-0.68,1.12,0.18,0.57386,-0.34266,-0.16325,0.72569,-0.7,1.1,0.18,0.57386,-0.34266,-0.16325,0.72569,-0.81,1.08,0.19
-0.8,1.45,-0.14,-0.8,1.45,-0.14,-0.86,1.09,0.12,0.3404,-0.06235,-0.17612,-0.92153,-0.86,1.05,0.06,0.3404,-0.06235,-0.17612,-0.92153,-0.83,1.07,0.09,0.41561,-0.15584,0.52796,-0.72404,-0.81,1.08,0.11,0.17475,0.0145,0.47344,-0.86319,-0.8,1.09,0.14,0.05021,0.03797,0.54386,-0.83681,-0.8,1.1,0.17,0.05021,0.03797,0.54386,-0.83681,-0.84,1.07,0.09,0.3404,-0.06235,-0.17612,-0.92153,-0.84,1.11,0.14,0.02414,-0.10577,-0.10639,-0.98839,-0.83,1.11,0.17,-0.39907,-0.14584,-0.07672,-0.90199,-0.82,1.1,0.19,-0.56766,-0.13068,-0.05396,-0.81103,-0.82,1.08,0.19,-0.56766,-0.13068,-0.05396,-0.81103,-0.85,1.07,0.09,0.3404,-0.06235,-0.17612,-0.92153,-0.86,1.11,0.14,0.06941,-0.09631,-0.16904,-0.97843,-0.85,1.12,0.18,-0.37049,-0.16292,-0.12176,-0.90629,-0.84,1.1,0.2,-0.57269,-0.17021,-0.14375,-0.78892,-0.83,1.08,0.2,-0.57269,-0.17021,-0.14375,-0.78892,-0.87,1.06,0.1,0.3404,-0.06235,-0.17612,-0.92153,-0.87,1.1,0.14,0.15611,-0.07108,-0.23119,-0.95767,-0.87,1.11,0.17,-0.32535,-0.19321,-0.20559,-0.90252,-0.86,1.1,0.19,-0.56699,-0.26452,-0.16735,-0.76194,-0.85,1.08,0.2,-0.56699,-0.26452,-0.16735,-0.76194,-0.88,1.06,0.1,0.27502,-0.00472,-0.40791,-0.8706,-0.89,1.08,0.14,0.22807,-0.0547,-0.3102,-0.92129,-0.89,1.09,0.17,-0.23597,-0.19124,-0.32198,-0.8967,-0.88,1.09,0.18,-0.47071,-0.31873,-0.26167,-0.77998,-0.86,1.08,0.19,-0.47071,-0.31873,-0.26167,-0.77998,-0.71,1.1,0.12,-0.34794,-0.16257,-0.1072,0.91707,-0.69,1.06,0.07,-0.34794,-0.16257,-0.1072,0.91707,-0.73,1.07,0.1,-0.42614,-0.2379,0.59731,0.63642,-0.76,1.08,0.11,-0.24273,-0.07123,0.56638,0.78436,-0.77,1.09,0.14,-0.14465,-0.04051,0.6433,0.75073,-0.78,1.09,0.16,-0.14465,-0.04051,0.6433,0.75073,-0.72,1.08,0.1,-0.34794,-0.16257,-0.1072,0.91707,-0.74,1.12,0.13,-0.06822,-0.22489,0.0201,0.97178,-0.75,1.12,0.17,0.23287,-0.21104,0.06134,0.94735,-0.76,1.11,0.19,0.35561,-0.17485,0.07759,0.91485,-0.77,1.1,0.2,0.35561,-0.17485,0.07759,0.91485,-0.7,1.07,0.1,-0.34794,-0.16257,-0.1072,0.91707,-0.71,1.12,0.14,-0.14782,-0.16551,-0.0894,0.97096,-0.73,1.13,0.18,0.24449,-0.18951,-0.03023,0.95047,-0.74,1.12,0.2,0.44752,-0.18396,-0.05216,0.87359,-0.75,1.1,0.21,0.44752,-0.18396,-0.05216,0.87359,-0.69,1.07,0.11,-0.34794,-0.16257,-0.1072,0.91707,-0.7,1.11,0.14,-0.20991,-0.12787,-0.16428,0.9553,-0.7,1.13,0.18,0.29022,-0.21397,-0.1168,0.92539,-0.72,1.11,0.2,0.56431,-0.26115,-0.07042,0.78,-0.73,1.09,0.2,0.56431,-0.26115,-0.07042,0.78,-0.68,1.07,0.11,-0.27132,-0.10267,-0.33949,0.89476,-0.68,1.1,0.15,-0.28288,-0.09173,-0.2512,0.92112,-0.68,1.11,0.17,0.27327,-0.2221,-0.23834,0.90509,-0.69,1.11,0.19,0.57676,-0.33584,-0.1498,0.72946,-0.71,1.09,0.19,0.57676,-0.33584,-0.1498,0.72946,-0.81,1.08,0.19
-0.8,1.45,-0.14,-0.8,1.45,-0.14,-0.86,1.09,0.11,0.3397,-0.0623,-0.1797,-0.9211,-0.86,1.05,0.06,0.3397,-0.0623,-0.1797,-0.9211,-0.83,1.07,0.09,0.41099,-0.15167,0.52936,-0.72654,-0.81,1.08,0.11,0.17368,0.01728,0.47327,-0.86346,-0.8,1.09,0.14,0.04986,0.03998,0.54346,-0.837,-0.8,1.1,0.17,0.04986,0.03998,0.54346,-0.837,-0.84,1.07,0.09,0.3397,-0.0623,-0.1797,-0.9211,-0.84,1.11,0.13,-0.01186,-0.11505,-0.10136,-0.9881,-0.83,1.11,0.17,-0.41182,-0.14958,-0.0718,-0.89603,-0.82,1.1,0.18,-0.56135,-0.13199,-0.05131,-0.81537,-0.81,1.08,0.19,-0.56135,-0.13199,-0.05131,-0.81537,-0.85,1.07,0.09,0.3397,-0.0623,-0.1797,-0.9211,-0.86,1.11,0.14,0.04324,-0.10399,-0.16815,-0.97931,-0.85,1.12,0.18,-0.39364,-0.16899,-0.11777,-0.89589,-0.84,1.1,0.19,-0.59025,-0.17331,-0.13842,-0.77615,-0.83,1.08,0.2,-0.59025,-0.17331,-0.13842,-0.77615,-0.87,1.06,0.1,0.3397,-0.0623,-0.1797,-0.9211,-0.87,1.1,0.14,0.13698,-0.0765,-0.23288,-0.95977,-0.87,1.11,0.17,-0.34348,-0.19804,-0.20477,-0.89492,-0.86,1.09,0.19,-0.58118,-0.26819,-0.16588,-0.75019,-0.84,1.08,0.2,-0.58118,-0.26819,-0.16588,-0.75019,-0.88,1.06,0.1,0.27386,-0.00466,-0.4112,-0.86942,-0.89,1.08,0.14,0.21138,-0.06086,-0.31325,-0.92384,-0.89,1.09,0.16,-0.24802,-0.19527,-0.32245,-0.8924,-0.88,1.09,0.18,-0.47695,-0.32133,-0.26296,-0.77467,-0.86,1.08,0.19,-0.47695,-0.32133,-0.26296,-0.77467,-0.71,1.09,0.12,-0.33095,-0.17005,-0.09684,0.92314,-0.69,1.06,0.07,-0.33095,-0.17005,-0.09684,0.92314,-0.73,1.07,0.1,-0.42174,-0.24482,0.59666,0.63734,-0.75,1.07,0.11,-0.23589,-0.0763,0.56806,0.78475,-0.77,1.08,0.14,-0.13982,-0.04735,0.64514,0.74967,-0.77,1.09,0.16,-0.13982,-0.04735,0.64514,0.74967,-0.72,1.07,0.1,-0.33095,-0.17005,-0.09684,0.92314,-0.74,1.11,0.13,0.0351,-0.21402,0.04339,0.97523,-0.75,1.11,0.17,0.35452,-0.18897,0.08479,0.91182,-0.76,1.09,0.18,0.46856,-0.14894,0.10104,0.86491,-0.76,1.08,0.2,0.46856,-0.14894,0.10104,0.86491,-0.7,1.07,0.1,-0.33095,-0.17005,-0.09684,0.92314,-0.71,1.11,0.14,-0.08064,-0.17157,-0.07002,0.97937,-0.73,1.12,0.18,0.34357,-0.1869,-0.00341,0.92034,-0.74,1.1,0.2,0.53421,-0.16947,-0.02586,0.82779,-0.74,1.08,0.21,0.53421,-0.16947,-0.02586,0.82779,-0.69,1.07,0.1,-0.33095,-0.17005,-0.09684,0.92314,-0.7,1.11,0.14,-0.16914,-0.1363,-0.14866,0.96473,-0.71,1.12,0.18,0.34843,-0.2138,-0.09633,0.90753,-0.72,1.1,0.2,0.60573,-0.2529,-0.05467,0.75243,-0.73,1.08,0.2,0.60573,-0.2529,-0.05467,0.75243,-0.68,1.07,0.11,-0.25467,-0.10535,-0.3282,0.90351,-0.68,1.09,0.15,-0.25477,-0.10581,-0.23686,0.93155,-0.68,1.11,0.17,0.3095,-0.2251,-0.2179,0.89781,-0.69,1.1,0.19,0.59269,-0.32847,-0.13785,0.72237,-0.71,1.08,0.19,0.59269,-0.32847,-0.13785,0.72237,-0.81,1.08,0.19
-0.8,1.45,-0.14,-0.8,1.45,-0.14,-0.86,1.09,0.11,0.34019,-0.07207,-0.18427,-0.9193,-0.86,1.05,0.06,0.34019,-0.07207,-0.18427,-0.9193,-0.83,1.07,0.09,0.41985,-0.1551,0.52326,-0.72517,-0.81,1.09,0.11,0.18289,0.01087,0.46825,-0.86439,-0.8,1.1,0.14,0.05686,0.03553,0.53941,-0.83937,-0.8,1.1,0.16,0.05686,0.03553,0.53941,-0.83937,-0.84,1.07,0.09,0.34019,-0.07207,-0.18427,-0.9193,-0.83,1.12,0.13,-0.03497,-0.13463,-0.09275,-0.98593,-0.82,1.11,0.17,-0.41469,-0.16224,-0.05938,-0.89341,-0.82,1.1,0.18,-0.54965,-0.14151,-0.03956,-0.82237,-0.81,1.08,0.19,-0.54965,-0.14151,-0.03956,-0.82237,-0.85,1.07,0.09,0.34019,-0.07207,-0.18427,-0.9193,-0.86,1.11,0.13,0.03447,-0.11876,-0.16664,-0.97823,-0.85,1.12,0.17,-0.39805,-0.18107,-0.11054,-0.89249,-0.84,1.1,0.19,-0.59357,-0.18307,-0.12869,-0.77304,-0.83,1.08,0.2,-0.59357,-0.18307,-0.12869,-0.77304,-0.87,1.07,0.09,0.34019,-0.07207,-0.18427,-0.9193,-0.87,1.1,0.14,0.12864,-0.08932,-0.23436,-0.95945,-0.87,1.11,0.17,-0.35049,-0.20947,-0.20011,-0.89064,-0.85,1.1,0.19,-0.5869,-0.27755,-0.15833,-0.74394,-0.84,1.08,0.2,-0.5869,-0.27755,-0.15833,-0.74394,-0.88,1.06,0.1,0.27171,-0.01456,-0.41513,-0.86812,-0.89,1.08,0.14,0.20008,-0.07493,-0.31609,-0.92436,-0.89,1.1,0.16,-0.25033,-0.20508,-0.31999,-0.89044,-0.87,1.09,0.18,-0.47576,-0.32904,-0.25902,-0.77349,-0.86,1.08,0.19,-0.47576,-0.32904,-0.25902,-0.77349,-0.71,1.09,0.12,-0.34922,-0.16707,-0.09417,0.9172,-0.69,1.06,0.07,-0.34922,-0.16707,-0.09417,0.9172,-0.73,1.07,0.1,-0.42324,-0.22218,0.60988,0.6321,-0.75,1.08,0.11,-0.23795,-0.0489,0.5753,0.78104,-0.76,1.09,0.14,-0.14251,-0.02163,0.64984,0.74628,-0.77,1.09,0.16,-0.14251,-0.02163,0.64984,0.74628,-0.72,1.07,0.1,-0.34922,-0.16707,-0.09417,0.9172,-0.73,1.11,0.13,0.05431,-0.20642,0.05389,0.97547,-0.75,1.11,0.17,0.4057,-0.17439,0.09878,0.89176,-0.75,1.09,0.18,0.5134,-0.13266,0.11412,0.84012,-0.76,1.07,0.19,0.5134,-0.13266,0.11412,0.84012,-0.7,1.07,0.1,-0.34922,-0.16707,-0.09417,0.9172,-0.71,1.12,0.14,-0.01706,-0.17739,-0.05056,0.98269,-0.73,1.12,0.18,0.43647,-0.18232,0.02347,0.88074,-0.74,1.1,0.19,0.64063,-0.15145,0.00356,0.75276,-0.74,1.07,0.19,0.64063,-0.15145,0.00356,0.75276,-0.68,1.07,0.1,-0.34922,-0.16707,-0.09417,0.9172,-0.69,1.11,0.14,-0.11429,-0.14905,-0.13379,0.97305,-0.7,1.12,0.18,0.44045,-0.21795,-0.0693,0.86816,-0.72,1.1,0.19,0.70362,-0.24509,-0.02375,0.66655,-0.73,1.08,0.19,0.70362,-0.24509,-0.02375,0.66655,-0.68,1.07,0.11,-0.27346,-0.10703,-0.32701,0.89824,-0.68,1.1,0.14,-0.24969,-0.11226,-0.234,0.9329,-0.68,1.11,0.17,0.35728,-0.23753,-0.20294,0.8802,-0.69,1.1,0.18,0.65239,-0.33676,-0.11276,0.66953,-0.71,1.08,0.18,0.65239,-0.33676,-0.11276,0.66953,-0.81,1.08,0.19
-0.8,1.45,-0.14,-0.8,1.45,-0.14,-0.85,1.09,0.11,0.33841,-0.08127,-0.18683,-0.91868,-0.86,1.05,0.06,0.33841,-0.08127,-0.18683,-0.91868,-0.83,1.07,0.09,0.42702,-0.16132,0.51771,-0.72361,-0.8,1.09,0.11,0.18956,0.00257,0.46474,-0.86492,-0.8,1.1,0.14,0.06116,0.02936,0.53691,-0.84091,-0.8,1.1,0.16,0.06116,0.02936,0.53691,-0.84091,-0.84,1.08,0.09,0.33841,-0.08127,-0.18683,-0.91868,-0.83,1.12,0.13,-0.04397,-0.14909,-0.08651,-0.98405,-0.82,1.11,0.17,-0.40882,-0.17216,-0.05076,-0.89479,-0.81,1.1,0.18,-0.53763,-0.14975,-0.031,-0.8292,-0.81,1.08,0.19,-0.53763,-0.14975,-0.031,-0.8292,-0.85,1.07,0.09,0.33841,-0.08127,-0.18683,-0.91868,-0.86,1.11,0.13,0.03285,-0.12975,-0.16513,-0.97715,-0.84,1.12,0.17,-0.39368,-0.18963,-0.10553,-0.89326,-0.83,1.1,0.19,-0.58882,-0.19049,-0.12213,-0.77594,-0.82,1.08,0.2,-0.58882,-0.19049,-0.12213,-0.77594,-0.87,1.07,0.09,0.33841,-0.08127,-0.18683,-0.91868,-0.87,1.1,0.14,0.12758,-0.09852,-0.23493,-0.95855,-0.87,1.11,0.17,-0.34764,-0.21696,-0.19697,-0.89066,-0.85,1.1,0.19,-0.58309,-0.2837,-0.1535,-0.74563,-0.84,1.08,0.2,-0.58309,-0.2837,-0.1535,-0.74563,-0.88,1.06,0.1,0.26773,-0.02323,-0.41707,-0.86824,-0.88,1.08,0.14,0.1957,-0.0844,-0.31728,-0.92407,-0.88,1.1,0.16,-0.24471,-0.21028,-0.31861,-0.89128,-0.87,1.09,0.18,-0.46698,-0.33257,-0.25735,-0.77788,-0.86,1.08,0.19,-0.46698,-0.33257,-0.25735,-0.77788,-0.71,1.1,0.12,-0.36859,-0.16583,-0.09557,0.90967,-0.69,1.06,0.07,-0.36859,-0.16583,-0.09557,0.90967,-0.73,1.07,0.1,-0.42198,-0.20179,0.62392,0.62606,-0.75,1.08,0.11,-0.24061,-0.0256,0.5836,0.77516,-0.76,1.09,0.14,-0.14703,-0.0005,0.65606,0.74025,-0.77,1.09,0.17,-0.14703,-0.0005,0.65606,0.74025,-0.72,1.07,0.09,-0.36859,-0.16583,-0.09557,0.90967,-0.73,1.12,0.13,0.04884,-0.20567,0.05831,0.97566,-0.75,1.11,0.16,0.39103,-0.17334,0.10077,0.89827,-0.75,1.1,0.18,0.48743,-0.13295,0.11335,0.8555,-0.76,1.08,0.19,0.48743,-0.13295,0.11335,0.8555,-0.7,1.07,0.1,-0.36859,-0.16583,-0.09557,0.90967,-0.71,1.12,0.13,-0.01476,-0.18306,-0.04401,0.98201,-0.73,1.12,0.17,0.43711,-0.18438,0.03165,0.87974,-0.73,1.1,0.19,0.65214,-0.15042,0.01316,0.74291,-0.74,1.08,0.19,0.65214,-0.15042,0.01316,0.74291,-0.68,1.08,0.1,-0.36859,-0.16583,-0.09557,0.90967,-0.69,1.11,0.14,-0.10726,-0.15605,-0.13,0.97326,-0.7,1.12,0.17,0.45455,-0.22189,-0.06062,0.86051,-0.72,1.1,0.19,0.72689,-0.24468,-0.01096,0.6416,-0.72,1.08,0.18,0.72689,-0.24468,-0.01096,0.6416,-0.68,1.07,0.11,-0.29241,-0.11093,-0.32955,0.89084,-0.68,1.1,0.14,-0.2514,-0.11926,-0.23525,0.93125,-0.68,1.11,0.17,0.36605,-0.24622,-0.19729,0.87547,-0.69,1.1,0.18,0.67032,-0.34369,-0.09938,0.65014,-0.71,1.09,0.18,0.67032,-0.34369,-0.09938,0.65014,-0.81,1.08,0.19
-0.8,1.45,-0.14,-0.8,1.45,-0.14,-0.85,1.09,0.11,0.33629,-0.0838,-0.18842,-0.91891,-0.86,1.05,0.06,0.33629,-0.0838,-0.18842,-0.91891,-0.83,1.07,0.09,0.42842,-0.16395,0.51494,-0.72417,-0.8,1.09,0.11,0.19011,-0.00072,0.46284,-0.86582,-0.8,1.1,0.14,0.05975,0.02728,0.53527,-0.84212,-0.8,1.1,0.16,0.05975,0.02728,0.53527,-0.84212,-0.84,1.08,0.09,0.33629,-0.0838,-0.18842,-0.91891,-0.83,1.12,0.13,-0.04787,-0.15409,-0.08506,-0.98322,-0.82,1.11,0.17,-0.40141,-0.17557,-0.0497,-0.89754,-0.81,1.1,0.18,-0.52662,-0.15282,-0.03052,-0.8357,-0.81,1.08,0.19,-0.52662,-0.15282,-0.03052,-0.8357,-0.85,1.07,0.09,0.33629,-0.0838,-0.18842,-0.91891,-0.85,1.11,0.13,0.03043,-0.1337,-0.16505,-0.97671,-0.84,1.12,0.17,-0.38595,-0.19199,-0.10583,-0.89609,-0.83,1.1,0.19,-0.5789,-0.19311,-0.12248,-0.78268,-0.82,1.08,0.2,-0.5789,-0.19311,-0.12248,-0.78268,-0.87,1.07,0.09,0.33629,-0.0838,-0.18842,-0.91891,-0.87,1.1,0.14,0.12583,-0.10108,-0.23592,-0.95828,-0.87,1.11,0.17,-0.34253,-0.2182,-0.1981,-0.89209,-0.85,1.1,0.19,-0.57607,-0.28498,-0.15484,-0.7503,-0.84,1.08,0.2,-0.57607,-0.28498,-0.15484,-0.7503,-0.88,1.06,0.1,0.26492,-0.02523,-0.4183,-0.86845,-0.88,1.08,0.14,0.19079,-0.08793,-0.31818,-0.92446,-0.88,1.1,0.16,-0.24253,-0.21107,-0.31912,-0.89151,-0.87,1.09,0.18,-0.46163,-0.33249,-0.25875,-0.78064,-0.86,1.08,0.19,-0.46163,-0.33249,-0.25875,-0.78064,-0.71,1.1,0.12,-0.37687,-0.16853,-0.09686,0.90564,-0.69,1.06,0.07,-0.37687,-0.16853,-0.09686,0.90564,-0.73,1.07,0.1,-0.42167,-0.19852,0.63005,0.62114,-0.75,1.08,0.11,-0.24314,-0.02169,0.58888,0.77048,-0.76,1.09,0.14,-0.15423,-8e-05,0.66117,0.73422,-0.77,1.1,0.17,-0.15423,-8e-05,0.66117,0.73422,-0.72,1.08,0.09,-0.37687,-0.16853,-0.09686,0.90564,-0.73,1.12,0.13,0.04448,-0.212,0.06443,0.97413,-0.75,1.12,0.16,0.35457,-0.18095,0.10235,0.91163,-0.75,1.1,0.18,0.43718,-0.14249,0.1118,0.88095,-0.76,1.08,0.19,0.43718,-0.14249,0.1118,0.88095,-0.7,1.08,0.1,-0.37687,-0.16853,-0.09686,0.90564,-0.71,1.12,0.13,-0.02348,-0.18909,-0.04159,0.9808,-0.73,1.12,0.17,0.42539,-0.18891,0.03584,0.88435,-0.74,1.1,0.19,0.64484,-0.15431,0.01841,0.74835,-0.74,1.08,0.19,0.64484,-0.15431,0.01841,0.74835,-0.68,1.08,0.1,-0.37687,-0.16853,-0.09686,0.90564,-0.69,1.11,0.14,-0.11102,-0.16162,-0.12905,0.97206,-0.7,1.12,0.17,0.4524,-0.22622,-0.0563,0.86081,-0.72,1.1,0.19,0.72997,-0.24692,-0.00392,0.63731,-0.72,1.08,0.18,0.72997,-0.24692,-0.00392,0.63731,-0.68,1.07,0.11,-0.29976,-0.11584,-0.33107,0.8872,-0.68,1.1,0.14,-0.24681,-0.12627,-0.23581,0.93141,-0.68,1.12,0.17,0.37264,-0.25222,-0.193,0.87194,-0.69,1.1,0.18,0.6811,-0.34792,-0.09051,0.63786,-0.71,1.09,0.18,0.6811,-0.34792,-0.09051,0.63786,-0.81,1.08,0.19
-0.8,1.45,-0.14,-0.8,1.45,-0.14,-0.85,1.09,0.11,0.33248,-0.0823,-0.18979,-0.92015,-0.86,1.05,0.06,0.33248,-0.0823,-0.18979,-0.92015,-0.83,1.07,0.09,0.42517,-0.16533,0.51362,-0.7267,-0.8,1.09,0.11,0.18598,-0.002,0.46196,-0.86718,-0.8,1.1,0.14,0.05558,0.02555,0.53445,-0.84298,-0.8,1.1,0.16,0.05558,0.02555,0.53445,-0.84298,-0.84,1.08,0.09,0.33248,-0.0823,-0.18979,-0.92015,-0.83,1.12,0.13,-0.05095,-0.15328,-0.08721,-0.98301,-0.82,1.11,0.17,-0.39941,-0.17522,-0.05295,-0.89832,-0.81,1.1,0.18,-0.52391,-0.15289,-0.03403,-0.83725,-0.81,1.08,0.19,-0.52391,-0.15289,-0.03403,-0.83725,-0.85,1.07,0.09,0.33248,-0.0823,-0.18979,-0.92015,-0.86,1.11,0.13,0.02591,-0.13272,-0.16674,-0.97668,-0.84,1.12,0.18,-0.38294,-0.19091,-0.10928,-0.8972,-0.83,1.1,0.19,-0.5736,-0.19277,-0.12648,-0.78602,-0.82,1.08,0.2,-0.5736,-0.19277,-0.12648,-0.78602,-0.87,1.07,0.09,0.33248,-0.0823,-0.18979,-0.92015,-0.87,1.1,0.14,0.12204,-0.09927,-0.23766,-0.95852,-0.87,1.11,0.17,-0.33992,-0.21598,-0.20185,-0.89278,-0.85,1.1,0.19,-0.57122,-0.28361,-0.15969,-0.7535,-0.84,1.08,0.2,-0.57122,-0.28361,-0.15969,-0.7535,-0.88,1.06,0.1,0.26133,-0.02285,-0.41938,-0.86909,-0.88,1.08,0.14,0.18589,-0.08642,-0.31958,-0.92512,-0.88,1.1,0.17,-0.24436,-0.20899,-0.3215,-0.89065,-0.87,1.09,0.18,-0.4617,-0.3307,-0.26219,-0.78021,-0.86,1.08,0.19,-0.4617,-0.3307,-0.26219,-0.78021,-0.71,1.1,0.12,-0.37323,-0.17017,-0.09782,0.90674,-0.69,1.06,0.07,-0.37323,-0.17017,-0.09782,0.90674,-0.73,1.07,0.1,-0.42049,-0.20259,0.62877,0.62192,-0.75,1.08,0.11,-0.24157,-0.02593,0.58875,0.77094,-0.76,1.09,0.14,-0.15502,-0.00624,0.66146,0.73375,-0.77,1.1,0.17,-0.15502,-0.00624,0.66146,0.73375,-0.72,1.08,0.09,-0.37323,-0.17017,-0.09782,0.90674,-0.73,1.12,0.13,0.04762,-0.21652,0.06662,0.97284,-0.75,1.11,0.16,0.34227,-0.18618,0.10281,0.91522,-0.75,1.1,0.18,0.41849,-0.14856,0.11108,0.88907,-0.76,1.08,0.19,0.41849,-0.14856,0.11108,0.88907,-0.7,1.08,0.1,-0.37323,-0.17017,-0.09782,0.90674,-0.71,1.12,0.13,-0.02374,-0.19194,-0.04164,0.98024,-0.73,1.12,0.17,0.42139,-0.19162,0.03634,0.88566,-0.74,1.1,0.19,0.64102,-0.15714,0.01947,0.75102,-0.74,1.08,0.19,0.64102,-0.15714,0.01947,0.75102,-0.68,1.08,0.1,-0.37323,-0.17017,-0.09782,0.90674,-0.69,1.11,0.14,-0.11048,-0.16329,-0.12962,0.97177,-0.71,1.12,0.17,0.45154,-0.22782,-0.05613,0.86085,-0.72,1.1,0.19,0.72931,-0.24837,-0.00314,0.6375,-0.72,1.08,0.18,0.72931,-0.24837,-0.00314,0.6375,-0.68,1.07,0.11,-0.29574,-0.11654,-0.33168,0.88823,-0.68,1.1,0.14,-0.24018,-0.12708,-0.23651,0.93286,-0.68,1.11,0.17,0.37787,-0.25252,-0.19336,0.86952,-0.69,1.1,0.18,0.68615,-0.34835,-0.09035,0.63221,-0.71,1.09,0.18,0.68615,-0.34835,-0.09035,0.63221,-0.81,1.08,0.19
-0.8,1.45,-0.14,-0.8,1.45,-0.14,-0.85,1.09,0.11,0.32103,-0.07114,-0.18444,-0.92621,-0.86,1.05,0.06,0.32103,-0.07114,-0.18444,-0.92621,-0.83,1.07,0.09,0.41047,-0.16597,0.51655,-0.7329,-0.8,1.09,0.11,0.16948,0.00012,0.46509,-0.86889,-0.8,1.1,0.14,0.04006,0.0258,0.53675,-0.8424,-0.8,1.1,0.17,0.04006,0.0258,0.53675,-0.8424,-0.84,1.08,0.09,0.32103,-0.07114,-0.18444,-0.92621,-0.83,1.12,0.13,-0.056,-0.13832,-0.09029,-0.98467,-0.82,1.11,0.17,-0.4045,-0.16221,-0.06114,-0.89796,-0.82,1.1,0.18,-0.52998,-0.14114,-0.0436,-0.83505,-0.81,1.08,0.19,-0.52998,-0.14114,-0.0436,-0.83505,-0.85,1.07,0.09,0.32103,-0.07114,-0.18444,-0.92621,-0.86,1.11,0.14,0.01253,-0.11904,-0.16596,-0.97884,-0.85,1.11,0.18,-0.38776,-0.17693,-0.11586,-0.89717,-0.84,1.1,0.19,-0.57262,-0.17975,-0.13649,-0.78814,-0.82,1.08,0.2,-0.57262,-0.17975,-0.13649,-0.78814,-0.87,1.07,0.09,0.32103,-0.07114,-0.18444,-0.92621,-0.87,1.1,0.14,0.1102,-0.08541,-0.23508,-0.96192,-0.87,1.11,0.17,-0.34136,-0.19985,-0.20836,-0.89449,-0.85,1.1,0.19,-0.56703,-0.26903,-0.17199,-0.75928,-0.84,1.08,0.2,-0.56703,-0.26903,-0.17199,-0.75928,-0.88,1.06,0.1,0.25319,-0.00872,-0.41405,-0.87429,-0.89,1.08,0.14,0.17618,-0.07184,-0.3161,-0.92945,-0.89,1.09,0.17,-0.25006,-0.19227,-0.32539,-0.89142,-0.87,1.09,0.18,-0.46277,-0.31433,-0.27231,-0.78287,-0.86,1.08,0.19,-0.46277,-0.31433,-0.27231,-0.78287,-0.71,1.1,0.12,-0.36678,-0.16892,-0.10149,0.9092,-0.69,1.06,0.07,-0.36678,-0.16892,-0.10149,0.9092,-0.73,1.07,0.1,-0.4195,-0.20655,0.62306,0.62702,-0.75,1.08,0.11,-0.23703,-0.02975,0.5842,0.77566,-0.76,1.09,0.14,-0.14875,-0.00925,0.65721,0.73883,-0.77,1.09,0.17,-0.14875,-0.00925,0.65721,0.73883,-0.72,1.08,0.09,-0.36678,-0.16892,-0.10149,0.9092,-0.73,1.12,0.13,0.05252,-0.21844,0.06296,0.9724,-0.75,1.11,0.16,0.34765,-0.18889,0.10006,0.91293,-0.75,1.1,0.18,0.42363,-0.15147,0.10872,0.88644,-0.76,1.08,0.19,0.42363,-0.15147,0.10872,0.88644,-0.7,1.07,0.1,-0.36678,-0.16892,-0.10149,0.9092,-0.71,1.12,0.13,-0.02245,-0.19264,-0.04585,0.97994,-0.73,1.12,0.17,0.41965,-0.19422,0.03229,0.88608,-0.74,1.1,0.19,0.63837,-0.16091,0.01606,0.75256,-0.74,1.08,0.19,0.63837,-0.16091,0.01606,0.75256,-0.68,1.08,0.1,-0.36678,-0.16892,-0.10149,0.9092,-0.69,1.11,0.14,-0.11034,-0.16252,-0.13383,0.97134,-0.7,1.12,0.17,0.44831,-0.22933,-0.06077,0.86182,-0.72,1.1,0.19,0.72499,-0.25163,-0.00735,0.64111,-0.72,1.08,0.18,0.72499,-0.25163,-0.00735,0.64111,-0.68,1.07,0.11,-0.28919,-0.11372,-0.33486,0.88955,-0.68,1.1,0.14,-0.23437,-0.12514,-0.23983,0.93375,-0.68,1.11,0.17,0.38002,-0.25186,-0.19789,0.86775,-0.69,1.1,0.18,0.68594,-0.34938,-0.09547,0.63111,-0.71,1.09,0.18,0.68594,-0.34938,-0.09547,0.63111,-0.81,1.08,0.19
-0.8,1.45,-0.14,-0.8,1.45,-0.14,-0.86,1.09,0.11,0.32177,-0.06409,-0.17233,-0.92879,-0.86,1.06,0.06,0.32177,-0.06409,-0.17233,-0.92879,-0.83,1.07,0.09,0.4053,-0.16284,0.52554,-0.73009,-0.8,1.09,0.11,0.16465,0.00697,0.47315,-0.86543,-0.8,1.1,0.14,0.03484,0.03328,0.54339,-0.8381,-0.8,1.1,0.17,0.03484,0.03328,0.54339,-0.8381,-0.84,1.08,0.09,0.32177,-0.06409,-0.17233,-0.92879,-0.83,1.12,0.13,-0.04408,-0.12185,-0.08716,-0.98773,-0.83,1.11,0.17,-0.39658,-0.1462,-0.06369,-0.90404,-0.82,1.1,0.19,-0.52488,-0.12579,-0.04829,-0.84045,-0.81,1.08,0.2,-0.52488,-0.12579,-0.04829,-0.84045,-0.85,1.07,0.09,0.32177,-0.06409,-0.17233,-0.92879,-0.86,1.11,0.14,0.01315,-0.10661,-0.15803,-0.98157,-0.85,1.11,0.18,-0.3837,-0.16181,-0.11449,-0.90193,-0.84,1.1,0.19,-0.56382,-0.16449,-0.13904,-0.79732,-0.83,1.08,0.2,-0.56382,-0.16449,-0.13904,-0.79732,-0.87,1.07,0.09,0.32177,-0.06409,-0.17233,-0.92879,-0.87,1.1,0.14,0.1116,-0.07514,-0.22532,-0.96495,-0.87,1.11,0.17,-0.33345,-0.18467,-0.20589,-0.90128,-0.86,1.1,0.19,-0.55531,-0.25314,-0.17502,-0.77261,-0.84,1.08,0.2,-0.55531,-0.25314,-0.17502,-0.77261,-0.88,1.06,0.1,0.25703,-0.00147,-0.4031,-0.87832,-0.89,1.08,0.14,0.17834,-0.06326,-0.30553,-0.93319,-0.89,1.09,0.16,-0.24528,-0.17887,-0.3204,-0.89732,-0.88,1.09,0.18,-0.45361,-0.29838,-0.27293,-0.79418,-0.86,1.08,0.19,-0.45361,-0.29838,-0.27293,-0.79418,-0.71,1.1,0.12,-0.36855,-0.16635,-0.10139,0.90897,-0.69,1.06,0.07,-0.36855,-0.16635,-0.10139,0.90897,-0.73,1.07,0.1,-0.421,-0.20328,0.62208,0.62806,-0.75,1.08,0.11,-0.23694,-0.02585,0.58234,0.77722,-0.76,1.09,0.14,-0.14238,-0.00046,0.65473,0.74233,-0.77,1.1,0.17,-0.14238,-0.00046,0.65473,0.74233,-0.72,1.08,0.09,-0.36855,-0.16635,-0.10139,0.90897,-0.73,1.12,0.13,0.05091,-0.21528,0.06124,0.9733,-0.75,1.11,0.16,0.35024,-0.18601,0.09826,0.91273,-0.75,1.1,0.18,0.42769,-0.14856,0.10703,0.88519,-0.76,1.08,0.19,0.42769,-0.14856,0.10703,0.88519,-0.7,1.08,0.1,-0.36855,-0.16635,-0.10139,0.90897,-0.71,1.12,0.13,-0.02482,-0.19043,-0.04657,0.98028,-0.73,1.12,0.17,0.41657,-0.19264,0.03043,0.88794,-0.74,1.1,0.19,0.63389,-0.16024,0.01357,0.75652,-0.74,1.08,0.19,0.63389,-0.16024,0.01357,0.75652,-0.68,1.08,0.1,-0.36855,-0.16635,-0.10139,0.90897,-0.69,1.11,0.14,-0.11303,-0.16063,-0.13419,0.9713,-0.7,1.12,0.17,0.44241,-0.22785,-0.06293,0.8651,-0.72,1.1,0.19,0.71789,-0.2514,-0.01057,0.64909,-0.72,1.08,0.18,0.71789,-0.2514,-0.01057,0.64909,-0.68,1.07,0.11,-0.29146,-0.11162,-0.33501,0.88902,-0.68,1.1,0.14,-0.23339,-0.1244,-0.23961,0.93415,-0.68,1.11,0.17,0.3765,-0.25013,-0.19924,0.86947,-0.69,1.1,0.18,0.67999,-0.34806,-0.0989,0.63772,-0.71,1.09,0.18,0.67999,-0.34806,-0.0989,0.63772,-0.81,1.08,0.19
-0.8,1.45,-0.14,-0.8,1.45,-0.14,-0.86,1.09,0.11,0.32876,-0.06114,-0.16643,-0.92762,-0.86,1.06,0.06,0.32876,-0.06114,-0.16643,-0.92762,-0.83,1.07,0.09,0.4086,-0.15717,0.52996,-0.72628,-0.8,1.09,0.11,0.16815,0.0141,0.47581,-0.86321,-0.8,1.1,0.14,0.03601,0.04225,0.54492,-0.83665,-0.8,1.1,0.17,0.03601,0.04225,0.54492,-0.83665,-0.84,1.08,0.09,0.32876,-0.06114,-0.16643,-0.92762,-0.83,1.12,0.13,-0.03098,-0.11262,-0.08643,-0.98939,-0.83,1.11,0.17,-0.39364,-0.13833,-0.06493,-0.90648,-0.82,1.1,0.19,-0.52702,-0.11852,-0.04997,-0.84006,-0.81,1.08,0.2,-0.52702,-0.11852,-0.04997,-0.84006,-0.85,1.07,0.09,0.32876,-0.06114,-0.16643,-0.92762,-0.86,1.11,0.13,0.02135,-0.10028,-0.15467,-0.98263,-0.85,1.12,0.18,-0.37537,-0.15462,-0.11417,-0.90673,-0.84,1.1,0.19,-0.55389,-0.15771,-0.14061,-0.80533,-0.83,1.08,0.2,-0.55389,-0.15771,-0.14061,-0.80533,-0.87,1.07,0.09,0.32876,-0.06114,-0.16643,-0.92762,-0.87,1.1,0.14,0.11908,-0.07075,-0.22083,-0.96543,-0.87,1.11,0.17,-0.3239,-0.17841,-0.20429,-0.90638,-0.86,1.1,0.19,-0.54486,-0.24657,-0.17551,-0.782,-0.84,1.08,0.2,-0.54486,-0.24657,-0.17551,-0.782,-0.88,1.06,0.1,0.26525,-0.00011,-0.39818,-0.87812,-0.89,1.08,0.14,0.18406,-0.06155,-0.30032,-0.93389,-0.89,1.1,0.16,-0.24058,-0.17566,-0.31653,-0.90059,-0.88,1.09,0.18,-0.44755,-0.29364,-0.27062,-0.80015,-0.86,1.08,0.19,-0.44755,-0.29364,-0.27062,-0.80015,-0.71,1.1,0.11,-0.3746,-0.16426,-0.09834,0.90721,-0.69,1.06,0.07,-0.3746,-0.16426,-0.09834,0.90721,-0.73,1.07,0.09,-0.42382,-0.19649,0.62449,0.62593,-0.75,1.08,0.11,-0.24133,-0.01936,0.58274,0.77576,-0.76,1.09,0.14,-0.1417,0.01046,0.65427,0.7428,-0.77,1.1,0.16,-0.1417,0.01046,0.65427,0.7428,-0.72,1.08,0.09,-0.3746,-0.16426,-0.09834,0.90721,-0.73,1.12,0.13,0.04646,-0.21089,0.06295,0.97437,-0.75,1.12,0.16,0.34963,-0.18106,0.09921,0.91386,-0.75,1.1,0.18,0.42823,-0.1434,0.10774,0.88569,-0.76,1.08,0.19,0.42823,-0.1434,0.10774,0.88569,-0.7,1.08,0.1,-0.3746,-0.16426,-0.09834,0.90721,-0.71,1.12,0.13,-0.02983,-0.18769,-0.04405,0.98079,-0.73,1.12,0.17,0.4101,-0.18921,0.03101,0.89166,-0.73,1.1,0.19,0.62557,-0.15751,0.01281,0.76399,-0.74,1.08,0.19,0.62557,-0.15751,0.01281,0.76399,-0.68,1.08,0.1,-0.3746,-0.16426,-0.09834,0.90721,-0.69,1.11,0.14,-0.11749,-0.15898,-0.13137,0.97142,-0.7,1.12,0.17,0.43412,-0.22484,-0.0625,0.8701,-0.72,1.1,0.19,0.70855,-0.24895,-0.01204,0.66018,-0.72,1.08,0.18,0.70855,-0.24895,-0.01204,0.66018,-0.68,1.07,0.11,-0.29821,-0.11105,-0.33258,0.88777,-0.68,1.1,0.14,-0.23379,-0.12542,-0.23642,0.93473,-0.68,1.11,0.17,0.37036,-0.24783,-0.19761,0.87314,-0.69,1.1,0.18,0.67029,-0.34487,-0.10069,0.64933,-0.71,1.09,0.18,0.67029,-0.34487,-0.10069,0.64933,-0.81,1.08,0.19
-0.8,1.45,-0.14,-0.8,1.45,-0.14,-0.85,1.09,0.11,0.33332,-0.06256,-0.16569,-0.92603,-0.86,1.06,0.06,0.33332,-0.06256,-0.16569,-0.92603,-0.83,1.07,0.09,0.41283,-0.1556,0.53061,-0.72374,-0.8,1.09,0.11,0.17274,0.01554,0.47599,-0.86218,-0.8,1.1,0.14,0.03828,0.04559,0.54475,-0.83649,-0.8,1.1,0.17,0.03828,0.04559,0.54475,-0.83649,-0.84,1.08,0.09,0.33332,-0.06256,-0.16569,-0.92603,-0.83,1.12,0.13,-0.02475,-0.11147,-0.08694,-0.98965,-0.83,1.12,0.17,-0.40126,-0.13857,-0.06375,-0.90317,-0.82,1.1,0.18,-0.54096,-0.11903,-0.0474,-0.83123,-0.81,1.08,0.19,-0.54096,-0.11903,-0.0474,-0.83123,-0.85,1.07,0.09,0.33332,-0.06256,-0.16569,-0.92603,-0.86,1.11,0.13,0.02562,-0.10107,-0.15386,-0.98258,-0.85,1.12,0.18,-0.37271,-0.15523,-0.11288,-0.90788,-0.84,1.1,0.19,-0.55204,-0.15828,-0.13924,-0.80673,-0.83,1.08,0.2,-0.55204,-0.15828,-0.13924,-0.80673,-0.87,1.07,0.09,0.33332,-0.06256,-0.16569,-0.92603,-0.87,1.1,0.14,0.12094,-0.07295,-0.2197,-0.96529,-0.87,1.11,0.17,-0.32275,-0.18006,-0.20219,-0.90693,-0.86,1.1,0.19,-0.54472,-0.24777,-0.17286,-0.78231,-0.84,1.08,0.2,-0.54472,-0.24777,-0.17286,-0.78231,-0.88,1.06,0.1,0.2695,-0.00264,-0.39775,-0.87702,-0.89,1.09,0.14,0.18236,-0.06594,-0.29924,-0.93426,-0.89,1.1,0.16,-0.24591,-0.18015,-0.31318,-0.89944,-0.88,1.09,0.18,-0.45419,-0.29758,-0.26596,-0.79651,-0.86,1.08,0.19,-0.45419,-0.29758,-0.26596,-0.79651,-0.71,1.1,0.11,-0.37587,-0.16468,-0.09775,0.90667,-0.69,1.06,0.07,-0.37587,-0.16468,-0.09775,0.90667,-0.73,1.07,0.09,-0.42608,-0.19445,0.62395,0.62557,-0.75,1.08,0.11,-0.24475,-0.01854,0.58149,0.77565,-0.76,1.09,0.14,-0.14379,0.01256,0.65299,0.74348,-0.77,1.1,0.16,-0.14379,0.01256,0.65299,0.74348,-0.72,1.08,0.09,-0.37587,-0.16468,-0.09775,0.90667,-0.73,1.12,0.13,0.04708,-0.21074,0.06415,0.9743,-0.75,1.12,0.16,0.34971,-0.18059,0.10021,0.91381,-0.75,1.1,0.18,0.42823,-0.14285,0.10868,0.88566,-0.76,1.08,0.19,0.42823,-0.14285,0.10868,0.88566,-0.7,1.08,0.1,-0.37587,-0.16468,-0.09775,0.90667,-0.71,1.12,0.13,-0.03279,-0.1882,-0.04334,0.98063,-0.73,1.13,0.17,0.40231,-0.18957,0.03081,0.89513,-0.73,1.11,0.19,0.61394,-0.15891,0.01203,0.7731,-0.74,1.08,0.19,0.61394,-0.15891,0.01203,0.7731,-0.68,1.08,0.1,-0.37587,-0.16468,-0.09775,0.90667,-0.69,1.11,0.14,-0.11991,-0.15953,-0.1307,0.97113,-0.7,1.12,0.17,0.42327,-0.22451,-0.06362,0.87544,-0.72,1.11,0.19,0.6945,-0.24972,-0.01461,0.67461,-0.72,1.08,0.19,0.6945,-0.24972,-0.01461,0.67461,-0.68,1.07,0.11,-0.29944,-0.11178,-0.33208,0.88745,-0.68,1.1,0.14,-0.23219,-0.1268,-0.2356,0.93515,-0.68,1.12,0.17,0.36147,-0.24617,-0.19862,0.87709,-0.69,1.1,0.18,0.65593,-0.34307,-0.10541,0.66404,-0.71,1.09,0.18,0.65593,-0.34307,-0.10541,0.66404,-0.81,1.08,0.19
-0.8,1.45,-0.14,-0.8,1.45,-0.14,-0.85,1.09,0.11,0.33429,-0.06302,-0.16351,-0.92604,-0.86,1.06,0.06,0.33429,-0.06302,-0.16351,-0.92604,-0.83,1.07,0.09,0.4135,-0.15602,0.53213,-0.72216,-0.8,1.09,0.11,0.17445,0.0152,0.47762,-0.86094,-0.8,1.1,0.14,0.04002,0.04568,0.54638,-0.83533,-0.8,1.1,0.17,0.04002,0.04568,0.54638,-0.83533,-0.84,1.08,0.09,0.33429,-0.06302,-0.16351,-0.92604,-0.83,1.12,0.13,-0.02365,-0.11019,-0.08545,-0.98995,-0.83,1.12,0.17,-0.40657,-0.13729,-0.0619,-0.90112,-0.82,1.1,0.18,-0.54967,-0.1177,-0.04498,-0.82582,-0.81,1.08,0.19,-0.54967,-0.1177,-0.04498,-0.82582,-0.85,1.07,0.09,0.33429,-0.06302,-0.16351,-0.92604,-0.86,1.11,0.13,0.02526,-0.10082,-0.15168,-0.98295,-0.85,1.12,0.18,-0.37381,-0.15419,-0.11089,-0.90785,-0.84,1.1,0.19,-0.55334,-0.15684,-0.13748,-0.80642,-0.83,1.08,0.2,-0.55334,-0.15684,-0.13748,-0.80642,-0.87,1.07,0.09,0.33429,-0.06302,-0.16351,-0.92604,-0.87,1.1,0.14,0.11853,-0.07393,-0.21716,-0.96609,-0.87,1.11,0.17,-0.32409,-0.17944,-0.19976,-0.90712,-0.86,1.1,0.19,-0.54602,-0.2465,-0.17075,-0.78227,-0.84,1.08,0.2,-0.54602,-0.2465,-0.17075,-0.78227,-0.88,1.06,0.1,0.27065,-0.00325,-0.39577,-0.87756,-0.89,1.09,0.14,0.17909,-0.06776,-0.29696,-0.93549,-0.89,1.1,0.16,-0.25089,-0.18102,-0.31015,-0.89894,-0.88,1.09,0.18,-0.45948,-0.29775,-0.26289,-0.79442,-0.86,1.08,0.19,-0.45948,-0.29775,-0.26289,-0.79442,-0.71,1.1,0.12,-0.36478,-0.16385,-0.09669,0.91145,-0.69,1.06,0.07,-0.36478,-0.16385,-0.09669,0.91145,-0.73,1.07,0.09,-0.42568,-0.2067,0.6166,0.62918,-0.75,1.08,0.11,-0.24328,-0.03304,0.57748,0.77862,-0.76,1.09,0.14,-0.14456,-0.0034,0.65057,0.74556,-0.77,1.1,0.16,-0.14456,-0.0034,0.65057,0.74556,-0.72,1.08,0.09,-0.36478,-0.16385,-0.09669,0.91145,-0.73,1.12,0.13,-0.00149,-0.21569,0.05085,0.97514,-0.75,1.12,0.16,0.27061,-0.19368,0.0822,0.93941,-0.76,1.11,0.18,0.34917,-0.15844,0.0889,0.91928,-0.76,1.09,0.2,0.34917,-0.15844,0.0889,0.91928,-0.7,1.08,0.1,-0.36478,-0.16385,-0.09669,0.91145,-0.71,1.12,0.13,-0.05615,-0.18513,-0.04967,0.97985,-0.73,1.13,0.17,0.35356,-0.19053,0.01814,0.91562,-0.74,1.11,0.19,0.55408,-0.16734,-0.00273,0.81547,-0.74,1.09,0.2,0.55408,-0.16734,-0.00273,0.81547,-0.68,1.08,0.1,-0.36478,-0.16385,-0.09669,0.91145,-0.69,1.11,0.14,-0.13486,-0.15209,-0.13524,0.96974,-0.7,1.12,0.17,0.38212,-0.21926,-0.07729,0.89439,-0.72,1.11,0.19,0.64614,-0.25115,-0.03258,0.71997,-0.73,1.09,0.19,0.64614,-0.25115,-0.03258,0.71997,-0.68,1.07,0.11,-0.28894,-0.10799,-0.33049,0.89198,-0.68,1.1,0.14,-0.23499,-0.11698,-0.23653,0.93549,-0.68,1.11,0.17,0.33685,-0.23427,-0.20987,0.88747,-0.69,1.1,0.18,0.62469,-0.33516,-0.12431,0.69424,-0.71,1.09,0.18,0.62469,-0.33516,-0.12431,0.69424,-0.81,1.08,0.19
-0.8,1.45,-0.14,-0.8,1.45,-0.14,-0.85,1.09,0.11,0.33149,-0.07024,-0.15155,-0.92856,-0.86,1.06,0.06,0.33149,-0.07024,-0.15155,-0.92856,-0.82,1.07,0.09,0.41234,-0.1666,0.54025,-0.71439,-0.8,1.08,0.11,0.17574,0.00723,0.48925,-0.85422,-0.8,1.1,0.14,0.04439,0.0382,0.55869,-0.8273,-0.8,1.1,0.17,0.04439,0.0382,0.55869,-0.8273,-0.84,1.08,0.09,0.33149,-0.07024,-0.15155,-0.92856,-0.83,1.12,0.13,-0.01444,-0.11132,-0.07375,-0.99094,-0.82,1.12,0.17,-0.39806,-0.13403,-0.05074,-0.9061,-0.82,1.1,0.18,-0.54468,-0.11288,-0.03432,-0.8303,-0.81,1.08,0.19,-0.54468,-0.11288,-0.03432,-0.8303,-0.85,1.07,0.09,0.33149,-0.07024,-0.15155,-0.92856,-0.85,1.11,0.13,0.02501,-0.10241,-0.13912,-0.98465,-0.85,1.12,0.18,-0.37167,-0.15026,-0.09928,-0.91073,-0.84,1.1,0.19,-0.55075,-0.15077,-0.12712,-0.81104,-0.83,1.08,0.2,-0.55075,-0.15077,-0.12712,-0.81104,-0.87,1.07,0.09,0.33149,-0.07024,-0.15155,-0.92856,-0.87,1.1,0.14,0.11583,-0.07714,-0.20453,-0.96892,-0.87,1.11,0.17,-0.32241,-0.17551,-0.18815,-0.91096,-0.85,1.1,0.19,-0.5438,-0.23955,-0.161,-0.78802,-0.84,1.08,0.2,-0.5438,-0.23955,-0.161,-0.78802,-0.88,1.06,0.1,0.26808,-0.00908,-0.38419,-0.88343,-0.88,1.09,0.14,0.17589,-0.07081,-0.28511,-0.93955,-0.88,1.1,0.16,-0.25366,-0.1778,-0.29867,-0.90269,-0.87,1.09,0.18,-0.46176,-0.29132,-0.25337,-0.79857,-0.86,1.08,0.19,-0.46176,-0.29132,-0.25337,-0.79857,-0.71,1.1,0.12,-0.33268,-0.16803,-0.09921,0.92263,-0.69,1.06,0.07,-0.33268,-0.16803,-0.09921,0.92263,-0.73,1.07,0.09,-0.42317,-0.24102,0.59493,0.63945,-0.75,1.08,0.11,-0.23403,-0.07102,0.56559,0.78758,-0.77,1.09,0.14,-0.13884,-0.04381,0.64239,0.75242,-0.77,1.09,0.16,-0.13884,-0.04381,0.64239,0.75242,-0.72,1.08,0.1,-0.33268,-0.16803,-0.09921,0.92263,-0.73,1.12,0.13,-0.03988,-0.22529,0.02951,0.97303,-0.75,1.12,0.17,0.22969,-0.21,0.06354,0.94821,-0.76,1.11,0.19,0.31343,-0.17647,0.07128,0.93034,-0.77,1.09,0.2,0.31343,-0.17647,0.07128,0.93034,-0.7,1.07,0.1,-0.33268,-0.16803,-0.09921,0.92263,-0.71,1.12,0.14,-0.07863,-0.18423,-0.06324,0.97769,-0.73,1.12,0.18,0.30591,-0.19567,-4e-05,0.93174,-0.74,1.11,0.2,0.49662,-0.17993,-0.0216,0.84884,-0.75,1.09,0.21,0.49662,-0.17993,-0.0216,0.84884,-0.69,1.08,0.1,-0.33268,-0.16803,-0.09921,0.92263,-0.7,1.11,0.14,-0.15402,-0.14337,-0.1459,0.96666,-0.7,1.12,0.18,0.33911,-0.21566,-0.09577,0.91067,-0.72,1.11,0.2,0.59678,-0.25475,-0.05363,0.759,-0.73,1.09,0.2,0.59678,-0.25475,-0.05363,0.759,-0.68,1.07,0.11,-0.25644,-0.10387,-0.33067,0.90228,-0.68,1.1,0.15,-0.23597,-0.10245,-0.24028,0.93599,-0.68,1.11,0.17,0.31699,-0.22019,-0.22476,0.89471,-0.69,1.1,0.19,0.59865,-0.3262,-0.1462,0.71682,-0.71,1.08,0.19,0.59865,-0.3262,-0.1462,0.71682,-0.81,1.08,0.19
-0.8,1.45,-0.14,-0.8,1.45,-0.14,-0.85,1.09,0.11,0.32538,-0.08075,-0.12496,-0.93381,-0.86,1.06,0.06,0.32538,-0.08075,-0.12496,-0.93381,-0.82,1.07,0.09,0.40938,-0.18789,0.55584,-0.69868,-0.8,1.08,0.11,0.17578,-0.00782,0.51209,-0.84071,-0.79,1.09,0.14,0.05073,0.02351,0.58256,-0.81086,-0.79,1.09,0.16,0.05073,0.02351,0.58256,-0.81086,-0.84,1.07,0.09,0.32538,-0.08075,-0.12496,-0.93381,-0.83,1.11,0.13,0.02884,-0.11144,-0.05095,-0.99205,-0.82,1.12,0.17,-0.35145,-0.12623,-0.03055,-0.92716,-0.81,1.1,0.19,-0.50536,-0.10231,-0.01659,-0.85666,-0.81,1.08,0.2,-0.50536,-0.10231,-0.01659,-0.85666,-0.85,1.07,0.09,0.32538,-0.08075,-0.12496,-0.93381,-0.85,1.11,0.13,0.04864,-0.09832,-0.11534,-0.98725,-0.84,1.12,0.18,-0.34592,-0.13688,-0.07988,-0.92478,-0.83,1.1,0.2,-0.52756,-0.13558,-0.11144,-0.8312,-0.83,1.08,0.21,-0.52756,-0.13558,-0.11144,-0.8312,-0.87,1.07,0.09,0.32538,-0.08075,-0.12496,-0.93381,-0.87,1.1,0.14,0.12693,-0.07498,-0.17954,-0.97264,-0.86,1.11,0.17,-0.30717,-0.16185,-0.16779,-0.92266,-0.85,1.1,0.19,-0.53076,-0.22149,-0.14494,-0.80512,-0.84,1.08,0.2,-0.53076,-0.22149,-0.14494,-0.80512,-0.88,1.07,0.1,0.26363,-0.01677,-0.35848,-0.89538,-0.88,1.09,0.14,0.17944,-0.06726,-0.26055,-0.94625,-0.88,1.1,0.16,-0.2443,-0.16183,-0.2797,-0.91427,-0.87,1.09,0.18,-0.45199,-0.27035,-0.24,-0.81549,-0.86,1.08,0.19,-0.45199,-0.27035,-0.24,-0.81549,-0.71,1.09,0.12,-0.30198,-0.17506,-0.09597,0.93218,-0.69,1.06,0.07,-0.30198,-0.17506,-0.09597,0.93218,-0.73,1.07,0.09,-0.41359,-0.2701,0.58314,0.64494,-0.76,1.08,0.11,-0.21812,-0.09935,0.56284,0.79105,-0.77,1.08,0.14,-0.12251,-0.07138,0.64161,0.75381,-0.78,1.09,0.16,-0.12251,-0.07138,0.64161,0.75381,-0.72,1.07,0.1,-0.30198,-0.17506,-0.09597,0.93218,-0.74,1.11,0.14,-0.04533,-0.22575,0.01777,0.97297,-0.75,1.11,0.17,0.23411,-0.21321,0.05456,0.94697,-0.76,1.1,0.19,0.32914,-0.17972,0.06516,0.92473,-0.77,1.09,0.2,0.32914,-0.17972,0.06516,0.92473,-0.7,1.07,0.1,-0.30198,-0.17506,-0.09597,0.93218,-0.72,1.11,0.14,-0.06734,-0.18514,-0.06428,0.97829,-0.73,1.12,0.18,0.30737,-0.19676,-0.00258,0.93102,-0.74,1.1,0.2,0.48595,-0.18172,-0.0252,0.85452,-0.75,1.08,0.21,0.48595,-0.18172,-0.0252,0.85452,-0.69,1.07,0.1,-0.30198,-0.17506,-0.09597,0.93218,-0.7,1.1,0.15,-0.14635,-0.14163,-0.14493,0.96825,-0.71,1.12,0.18,0.33279,-0.21202,-0.09882,0.91353,-0.72,1.1,0.2,0.57813,-0.25216,-0.06076,0.77362,-0.73,1.08,0.2,0.57813,-0.25216,-0.06076,0.77362,-0.68,1.07,0.11,-0.22554,-0.10292,-0.32507,0.91261,-0.68,1.09,0.15,-0.23289,-0.09456,-0.23638,0.93859,-0.68,1.11,0.17,0.31042,-0.20887,-0.22774,0.89897,-0.69,1.1,0.19,0.58044,-0.31452,-0.15774,0.73436,-0.71,1.08,0.19,0.58044,-0.31452,-0.15774,0.73436,-0.81,1.08,0.19
-0.8,1.45,-0.14,-0.8,1.45,-0.14,-0.85,1.09,0.11,0.30426,-0.08994,-0.11763,-0.94101,-0.86,1.06,0.06,0.30426,-0.08994,-0.11763,-0.94101,-0.82,1.07,0.09,0.40651,-0.21896,0.5481,-0.69741,-0.8,1.08,0.11,0.16328,-0.03479,0.51556,-0.84043,-0.79,1.09,0.14,0.04252,-0.00529,0.58865,-0.80725,-0.79,1.09,0.16,0.04252,-0.00529,0.58865,-0.80725,-0.83,1.07,0.09,0.30426,-0.08994,-0.11763,-0.94101,-0.83,1.11,0.13,0.08419,-0.12169,-0.04919,-0.98777,-0.82,1.12,0.17,-0.26901,-0.1356,-0.02911,-0.9531,-0.81,1.1,0.19,-0.43012,-0.11216,-0.0157,-0.89564,-0.81,1.09,0.2,-0.43012,-0.11216,-0.0157,-0.89564,-0.85,1.07,0.09,0.30426,-0.08994,-0.11763,-0.94101,-0.85,1.11,0.14,0.09662,-0.09339,-0.11484,-0.98425,-0.84,1.12,0.18,-0.29697,-0.13246,-0.08181,-0.94211,-0.83,1.1,0.2,-0.48511,-0.13499,-0.11473,-0.85632,-0.82,1.08,0.21,-0.48511,-0.13499,-0.11473,-0.85632,-0.87,1.07,0.09,0.30426,-0.08994,-0.11763,-0.94101,-0.87,1.1,0.14,0.16208,-0.06567,-0.17703,-0.96854,-0.86,1.11,0.17,-0.271,-0.15337,-0.16931,-0.93508,-0.85,1.1,0.2,-0.49971,-0.21476,-0.14756,-0.82607,-0.84,1.08,0.21,-0.49971,-0.21476,-0.14756,-0.82607,-0.87,1.06,0.1,0.24218,-0.02015,-0.34974,-0.90478,-0.88,1.08,0.14,0.18798,-0.05707,-0.25431,-0.94696,-0.88,1.1,0.17,-0.22258,-0.1467,-0.28011,-0.92221,-0.87,1.09,0.18,-0.42964,-0.25528,-0.24401,-0.83109,-0.86,1.08,0.19,-0.42964,-0.25528,-0.24401,-0.83109,-0.71,1.09,0.12,-0.28486,-0.17521,-0.09194,0.93792,-0.69,1.06,0.07,-0.28486,-0.17521,-0.09194,0.93792,-0.73,1.07,0.09,-0.4025,-0.28097,0.5815,0.64877,-0.76,1.07,0.11,-0.20164,-0.10627,0.5653,0.79277,-0.77,1.08,0.14,-0.09954,-0.07367,0.64407,0.75488,-0.78,1.08,0.16,-0.09954,-0.07367,0.64407,0.75488,-0.72,1.07,0.1,-0.28486,-0.17521,-0.09194,0.93792,-0.74,1.11,0.14,-0.04645,-0.20883,0.00576,0.97683,-0.75,1.11,0.17,0.26916,-0.1988,0.04577,0.94124,-0.76,1.1,0.19,0.38127,-0.16483,0.05956,0.9077,-0.77,1.08,0.2,0.38127,-0.16483,0.05956,0.9077,-0.7,1.07,0.1,-0.28486,-0.17521,-0.09194,0.93792,-0.72,1.11,0.14,-0.03783,-0.18291,-0.05902,0.98063,-0.73,1.12,0.18,0.33618,-0.19233,0.00154,0.92195,-0.74,1.1,0.2,0.50186,-0.17512,-0.02277,0.84673,-0.75,1.08,0.21,0.50186,-0.17512,-0.02277,0.84673,-0.69,1.07,0.11,-0.28486,-0.17521,-0.09194,0.93792,-0.7,1.1,0.15,-0.12264,-0.14061,-0.1392,0.97253,-0.71,1.11,0.18,0.34667,-0.20662,-0.0966,0.90983,-0.72,1.1,0.2,0.57571,-0.24567,-0.06397,0.77725,-0.73,1.08,0.21,0.57571,-0.24567,-0.06397,0.77725,-0.68,1.07,0.11,-0.20941,-0.09864,-0.31996,0.91872,-0.68,1.09,0.15,-0.23508,-0.08618,-0.23199,0.93994,-0.68,1.1,0.18,0.30638,-0.19911,-0.22898,0.90225,-0.69,1.09,0.19,0.55883,-0.30243,-0.16866,0.75353,-0.71,1.08,0.19,0.55883,-0.30243,-0.16866,0.75353,-0.81,1.08,0.19
-0.8,1.45,-0.14,-0.8,1.45,-0.14,-0.85,1.09,0.12,0.25926,-0.10096,-0.11609,-0.95348,-0.86,1.06,0.06,0.25926,-0.10096,-0.11609,-0.95348,-0.82,1.07,0.09,0.40051,-0.26222,0.51841,-0.70858,-0.8,1.08,0.11,0.14287,-0.08024,0.50192,-0.84925,-0.79,1.08,0.14,0.02531,-0.05364,0.57999,-0.81246,-0.78,1.08,0.16,0.02531,-0.05364,0.57999,-0.81246,-0.83,1.07,0.09,0.25926,-0.10096,-0.11609,-0.95348,-0.82,1.1,0.14,0.08309,-0.14929,-0.0454,-0.98425,-0.81,1.11,0.17,-0.203,-0.15857,-0.02704,-0.96588,-0.81,1.1,0.19,-0.35991,-0.13509,-0.01278,-0.92307,-0.8,1.09,0.21,-0.35991,-0.13509,-0.01278,-0.92307,-0.85,1.07,0.09,0.25926,-0.10096,-0.11609,-0.95348,-0.85,1.1,0.14,0.14271,-0.08567,-0.12212,-0.97846,-0.84,1.12,0.18,-0.23723,-0.12736,-0.0934,-0.95853,-0.83,1.1,0.2,-0.43363,-0.13654,-0.12739,-0.88153,-0.82,1.09,0.22,-0.43363,-0.13654,-0.12739,-0.88153,-0.87,1.07,0.1,0.25926,-0.10096,-0.11609,-0.95348,-0.86,1.09,0.14,0.20905,-0.04821,-0.18109,-0.95978,-0.86,1.11,0.18,-0.22524,-0.1414,-0.17942,-0.94714,-0.85,1.1,0.2,-0.46583,-0.20802,-0.15798,-0.84544,-0.84,1.08,0.21,-0.46583,-0.20802,-0.15798,-0.84544,-0.87,1.06,0.1,0.19632,-0.01972,-0.34432,-0.91789,-0.88,1.08,0.14,0.2062,-0.03793,-0.25092,-0.94503,-0.88,1.09,0.17,-0.19562,-0.12682,-0.28581,-0.9295,-0.87,1.09,0.19,-0.41128,-0.23944,-0.2517,-0.84272,-0.86,1.07,0.2,-0.41128,-0.23944,-0.2517,-0.84272,-0.71,1.1,0.12,-0.30107,-0.16521,-0.09948,0.9339,-0.69,1.06,0.07,-0.30107,-0.16521,-0.09948,0.9339,-0.73,1.07,0.1,-0.41053,-0.26055,0.5803,0.65332,-0.75,1.08,0.11,-0.20752,-0.0861,0.55799,0.79886,-0.77,1.09,0.14,-0.10028,-0.05161,0.63555,0.76378,-0.77,1.09,0.16,-0.10028,-0.05161,0.63555,0.76378,-0.72,1.08,0.1,-0.30107,-0.16521,-0.09948,0.9339,-0.74,1.11,0.14,-0.07679,-0.18855,-0.01381,0.97896,-0.75,1.12,0.17,0.26998,-0.1858,0.02665,0.9444,-0.76,1.11,0.19,0.39106,-0.15381,0.0406,0.90651,-0.76,1.09,0.2,0.39106,-0.15381,0.0406,0.90651,-0.7,1.08,0.1,-0.30107,-0.16521,-0.09948,0.9339,-0.71,1.12,0.14,-0.0099,-0.17841,-0.06062,0.98204,-0.73,1.12,0.18,0.37587,-0.18841,0.00108,0.90732,-0.74,1.1,0.2,0.53851,-0.16885,-0.02326,0.8252,-0.75,1.08,0.21,0.53851,-0.16885,-0.02326,0.8252,-0.69,1.08,0.1,-0.30107,-0.16521,-0.09948,0.9339,-0.7,1.11,0.15,-0.09633,-0.13981,-0.14243,0.97513,-0.71,1.12,0.18,0.37427,-0.20668,-0.09962,0.89849,-0.72,1.1,0.2,0.59658,-0.24565,-0.06813,0.76099,-0.73,1.08,0.2,0.59658,-0.24565,-0.06813,0.76099,-0.68,1.07,0.11,-0.22618,-0.09302,-0.32888,0.91216,-0.68,1.09,0.15,-0.25103,-0.07663,-0.24165,0.93419,-0.68,1.11,0.17,0.30114,-0.20043,-0.23991,0.90088,-0.69,1.1,0.19,0.54936,-0.30627,-0.17965,0.75639,-0.7,1.09,0.19,0.54936,-0.30627,-0.17965,0.75639,-0.81,1.08,0.19
-0.8,1.45,-0.14,-0.8,1.45,-0.14,-0.85,1.08,0.12,0.2175,-0.10194,-0.10083,-0.96547,-0.86,1.06,0.06,0.2175,-0.10194,-0.10083,-0.96547,-0.82,1.07,0.09,0.40045,-0.2843,0.4838,-0.7244,-0.8,1.08,0.1,0.13282,-0.11079,0.47573,-0.86242,-0.79,1.08,0.13,0.00926,-0.08272,0.55828,-0.82547,-0.78,1.08,0.16,0.00926,-0.08272,0.55828,-0.82547,-0.83,1.07,0.09,0.2175,-0.10194,-0.10083,-0.96547,-0.82,1.1,0.14,0.04934,-0.15814,-0.02991,-0.98573,-0.81,1.1,0.18,-0.18795,-0.16107,-0.01789,-0.96872,-0.8,1.09,0.2,-0.32547,-0.13601,-0.00707,-0.93569,-0.8,1.08,0.21,-0.32547,-0.13601,-0.00707,-0.93569,-0.85,1.07,0.09,0.2175,-0.10194,-0.10083,-0.96547,-0.84,1.1,0.14,0.15782,-0.07143,-0.11221,-0.97847,-0.84,1.11,0.18,-0.2019,-0.10865,-0.09194,-0.96901,-0.83,1.1,0.21,-0.39975,-0.12023,-0.13013,-0.89934,-0.83,1.09,0.22,-0.39975,-0.12023,-0.13013,-0.89934,-0.87,1.07,0.1,0.2175,-0.10194,-0.10083,-0.96547,-0.86,1.09,0.14,0.2351,-0.03108,-0.16718,-0.95698,-0.86,1.11,0.18,-0.20035,-0.12106,-0.17381,-0.95655,-0.86,1.1,0.2,-0.45062,-0.18854,-0.1565,-0.85843,-0.84,1.08,0.22,-0.45062,-0.18854,-0.1565,-0.85843,-0.88,1.06,0.1,0.15761,-0.01006,-0.32615,-0.93203,-0.88,1.08,0.14,0.22223,-0.01663,-0.23197,-0.94685,-0.88,1.09,0.17,-0.17665,-0.10002,-0.27764,-0.93899,-0.88,1.08,0.19,-0.41677,-0.21745,-0.24544,-0.84781,-0.86,1.07,0.2,-0.41677,-0.21745,-0.24544,-0.84781,-0.71,1.1,0.12,-0.29685,-0.15857,-0.0903,0.93733,-0.69,1.06,0.07,-0.29685,-0.15857,-0.0903,0.93733,-0.73,1.07,0.1,-0.40357,-0.26013,0.585,0.65364,-0.76,1.08,0.11,-0.20433,-0.08617,0.56204,0.79683,-0.77,1.09,0.14,-0.10007,-0.05383,0.63929,0.76053,-0.77,1.09,0.17,-0.10007,-0.05383,0.63929,0.76053,-0.72,1.08,0.1,-0.29685,-0.15857,-0.0903,0.93733,-0.74,1.12,0.14,-0.10203,-0.17407,-0.01611,0.9793,-0.75,1.12,0.17,0.25171,-0.17354,0.0206,0.95189,-0.76,1.11,0.19,0.3752,-0.14253,0.03272,0.91534,-0.76,1.1,0.21,0.3752,-0.14253,0.03272,0.91534,-0.7,1.08,0.1,-0.29685,-0.15857,-0.0903,0.93733,-0.71,1.12,0.14,-0.01625,-0.16635,-0.05722,0.98427,-0.73,1.12,0.18,0.37925,-0.17604,0.00111,0.90839,-0.74,1.1,0.2,0.54101,-0.1565,-0.02549,0.82593,-0.74,1.08,0.21,0.54101,-0.1565,-0.02549,0.82593,-0.69,1.08,0.11,-0.29685,-0.15857,-0.0903,0.93733,-0.7,1.11,0.15,-0.0841,-0.13069,-0.13423,0.97869,-0.71,1.12,0.18,0.38993,-0.19467,-0.09627,0.89487,-0.72,1.1,0.2,0.60906,-0.23278,-0.06879,0.75507,-0.73,1.08,0.21,0.60906,-0.23278,-0.06879,0.75507,-0.68,1.08,0.11,-0.22469,-0.08507,-0.32023,0.91637,-0.68,1.1,0.15,-0.25858,-0.06412,-0.23324,0.93521,-0.68,1.11,0.18,0.30225,-0.18799,-0.23849,0.90356,-0.69,1.1,0.19,0.54843,-0.29353,-0.1831,0.76127,-0.7,1.09,0.2,0.54843,-0.29353,-0.1831,0.76127,-0.81,1.08,0.19
-0.8,1.45,-0.14,-0.8,1.45,-0.14,-0.85,1.09,0.12,0.22809,-0.09538,-0.1126,-0.96239,-0.86,1.06,0.06,0.22809,-0.09538,-0.1126,-0.96239,-0.82,1.07,0.09,0.4192,-0.26132,0.46622,-0.73391,-0.8,1.08,0.1,0.1482,-0.09602,0.45017,-0.87531,-0.79,1.09,0.13,0.01831,-0.06782,0.53297,-0.84321,-0.78,1.09,0.16,0.01831,-0.06782,0.53297,-0.84321,-0.83,1.07,0.09,0.22809,-0.09538,-0.1126,-0.96239,-0.82,1.1,0.14,0.03737,-0.15546,-0.0373,-0.98643,-0.81,1.1,0.18,-0.20431,-0.16001,-0.02493,-0.96542,-0.81,1.1,0.2,-0.33898,-0.13569,-0.01415,-0.93085,-0.8,1.08,0.21,-0.33898,-0.13569,-0.01415,-0.93085,-0.85,1.07,0.09,0.22809,-0.09538,-0.1126,-0.96239,-0.85,1.1,0.14,0.16197,-0.0678,-0.12394,-0.97663,-0.84,1.12,0.18,-0.19993,-0.10977,-0.10388,-0.96809,-0.84,1.11,0.21,-0.39882,-0.124,-0.14145,-0.89753,-0.83,1.09,0.22,-0.39882,-0.124,-0.14145,-0.89753,-0.87,1.07,0.1,0.22809,-0.09538,-0.1126,-0.96239,-0.86,1.09,0.14,0.24418,-0.02857,-0.17886,-0.95266,-0.87,1.11,0.18,-0.20187,-0.12639,-0.18386,-0.95366,-0.86,1.1,0.2,-0.45993,-0.19761,-0.16336,-0.85014,-0.85,1.09,0.21,-0.45993,-0.19761,-0.16336,-0.85014,-0.88,1.06,0.1,0.16763,-0.00656,-0.33852,-0.92589,-0.88,1.08,0.14,0.23864,-0.01589,-0.2434,-0.93998,-0.88,1.09,0.17,-0.17164,-0.10889,-0.28745,-0.93598,-0.88,1.09,0.19,-0.43912,-0.23623,-0.24564,-0.83128,-0.86,1.07,0.2,-0.43912,-0.23623,-0.24564,-0.83128,-0.71,1.09,0.13,-0.22675,-0.14333,-0.06003,0.96148,-0.69,1.06,0.07,-0.22675,-0.14333,-0.06003,0.96148,-0.73,1.07,0.1,-0.36556,-0.297,0.56854,0.67448,-0.76,1.07,0.12,-0.17659,-0.13497,0.5526,0.80327,-0.77,1.08,0.15,-0.09545,-0.1212,0.63268,0.75889,-0.78,1.08,0.17,-0.09545,-0.1212,0.63268,0.75889,-0.72,1.07,0.1,-0.22675,-0.14333,-0.06003,0.96148,-0.74,1.1,0.15,-0.03021,-0.16592,0.01407,0.98558,-0.75,1.1,0.18,0.2985,-0.15453,0.04194,0.94088,-0.76,1.09,0.2,0.41989,-0.12037,0.05279,0.89801,-0.76,1.07,0.22,0.41989,-0.12037,0.05279,0.89801,-0.7,1.07,0.1,-0.22675,-0.14333,-0.06003,0.96148,-0.72,1.1,0.15,-0.07124,-0.12893,-0.05335,0.98765,-0.73,1.11,0.19,0.32959,-0.14089,-0.01027,0.9335,-0.73,1.09,0.21,0.50163,-0.12703,-0.04358,0.85459,-0.74,1.07,0.22,0.50163,-0.12703,-0.04358,0.85459,-0.69,1.07,0.11,-0.22675,-0.14333,-0.06003,0.96148,-0.7,1.1,0.15,-0.15676,-0.08084,-0.12152,0.97679,-0.7,1.11,0.19,0.33288,-0.14879,-0.10614,0.92509,-0.71,1.09,0.21,0.56326,-0.19304,-0.08865,0.79851,-0.72,1.07,0.22,0.56326,-0.19304,-0.08865,0.79851,-0.68,1.07,0.11,-0.1638,-0.05186,-0.28637,0.94259,-0.68,1.09,0.15,-0.26546,-0.01293,-0.19614,0.94387,-0.68,1.1,0.18,0.281,-0.12171,-0.23759,0.92183,-0.68,1.09,0.19,0.53565,-0.23135,-0.20074,0.78693,-0.7,1.08,0.2,0.53565,-0.23135,-0.20074,0.78693,-0.81,1.08,0.19
-0.8,1.45,-0.14,-0.8,1.45,-0.14,-0.85,1.09,0.12,0.25289,-0.09246,-0.13932,-0.95294,-0.86,1.06,0.06,0.25289,-0.09246,-0.13932,-0.95294,-0.82,1.07,0.09,0.44239,-0.23674,0.45188,-0.7376,-0.8,1.09,0.1,0.16734,-0.07796,0.42781,-0.88481,-0.79,1.1,0.13,0.03069,-0.04893,0.51012,-0.85816,-0.79,1.1,0.16,0.03069,-0.04893,0.51012,-0.85816,-0.84,1.08,0.09,0.25289,-0.09246,-0.13932,-0.95294,-0.83,1.11,0.14,0.0074,-0.1584,-0.05281,-0.98593,-0.81,1.11,0.17,-0.27417,-0.16734,-0.03202,-0.94647,-0.81,1.1,0.19,-0.41466,-0.14345,-0.01659,-0.89844,-0.8,1.08,0.21,-0.41466,-0.14345,-0.01659,-0.89844,-0.85,1.07,0.09,0.25289,-0.09246,-0.13932,-0.95294,-0.85,1.11,0.14,0.14613,-0.07924,-0.14654,-0.97514,-0.84,1.12,0.18,-0.23698,-0.13116,-0.11783,-0.95538,-0.84,1.11,0.2,-0.44228,-0.14635,-0.14964,-0.87211,-0.83,1.09,0.22,-0.44228,-0.14635,-0.14964,-0.87211,-0.87,1.07,0.1,0.25289,-0.09246,-0.13932,-0.95294,-0.87,1.1,0.14,0.24066,-0.04341,-0.20359,-0.94802,-0.87,1.12,0.18,-0.24282,-0.15843,-0.19371,-0.93724,-0.86,1.1,0.2,-0.51387,-0.23274,-0.16079,-0.80988,-0.84,1.09,0.21,-0.51387,-0.23274,-0.16079,-0.80988,-0.88,1.07,0.1,0.18866,-0.01067,-0.36596,-0.91124,-0.88,1.08,0.14,0.25865,-0.03393,-0.26911,-0.92711,-0.88,1.1,0.17,-0.20395,-0.15437,-0.29704,-0.91997,-0.88,1.09,0.18,-0.50358,-0.29214,-0.22999,-0.77985,-0.86,1.08,0.19,-0.50358,-0.29214,-0.22999,-0.77985,-0.71,1.08,0.13,-0.18243,-0.12897,-0.03904,0.97394,-0.69,1.06,0.07,-0.18243,-0.12897,-0.03904,0.97394,-0.73,1.06,0.1,-0.37287,-0.29909,0.52198,0.70644,-0.76,1.07,0.11,-0.20157,-0.16629,0.49802,0.82686,-0.77,1.08,0.14,-0.1639,-0.18429,0.57888,0.77722,-0.78,1.08,0.16,-0.1639,-0.18429,0.57888,0.77722,-0.72,1.07,0.1,-0.18243,-0.12897,-0.03904,0.97394,-0.74,1.09,0.15,0.0264,-0.17321,0.04182,0.98364,-0.75,1.09,0.19,0.32453,-0.15282,0.06599,0.93111,-0.75,1.08,0.2,0.44692,-0.11509,0.07766,0.88373,-0.76,1.06,0.22,0.44692,-0.11509,0.07766,0.88373,-0.7,1.07,0.1,-0.18243,-0.12897,-0.03904,0.97394,-0.72,1.1,0.15,-0.08827,-0.10049,-0.04296,0.99008,-0.72,1.1,0.2,0.34655,-0.11121,-0.00837,0.93138,-0.73,1.09,0.22,0.54923,-0.09632,-0.04653,0.82879,-0.73,1.07,0.23,0.54923,-0.09632,-0.04653,0.82879,-0.69,1.07,0.11,-0.18243,-0.12897,-0.03904,0.97394,-0.7,1.09,0.16,-0.18419,-0.04964,-0.10397,0.97611,-0.7,1.1,0.19,0.34678,-0.1182,-0.10132,0.92494,-0.71,1.09,0.21,0.59529,-0.16314,-0.09001,0.78161,-0.71,1.07,0.22,0.59529,-0.16314,-0.09001,0.78161,-0.68,1.07,0.11,-0.12658,-0.02665,-0.26268,0.95617,-0.68,1.08,0.15,-0.28695,0.03162,-0.16454,0.94318,-0.67,1.09,0.18,0.22022,-0.05994,-0.23575,0.94463,-0.68,1.09,0.2,0.4948,-0.17523,-0.21322,0.82402,-0.69,1.07,0.21,0.4948,-0.17523,-0.21322,0.82402,-0.81,1.08,0.19
-0.8,1.45,-0.14,-0.8,1.45,-0.14,-0.85,1.1,0.11,0.30183,-0.08565,-0.16677,-0.93475,-0.86,1.06,0.06,0.30183,-0.08565,-0.16677,-0.93475,-0.83,1.08,0.09,0.45868,-0.19821,0.46682,-0.72966,-0.8,1.09,0.1,0.18552,-0.0367,0.42935,-0.88312,-0.79,1.1,0.13,0.04029,-0.00344,0.5064,-0.86135,-0.79,1.11,0.16,0.04029,-0.00344,0.5064,-0.86135,-0.84,1.08,0.09,0.30183,-0.08565,-0.16677,-0.93475,-0.83,1.12,0.13,0.03551,-0.15151,-0.07879,-0.98467,-0.82,1.12,0.17,-0.2986,-0.17178,-0.04937,-0.93749,-0.81,1.11,0.19,-0.4504,-0.15077,-0.02997,-0.8795,-0.81,1.09,0.2,-0.4504,-0.15077,-0.02997,-0.8795,-0.85,1.08,0.09,0.30183,-0.08565,-0.16677,-0.93475,-0.85,1.12,0.14,0.12435,-0.09445,-0.16683,-0.97354,-0.85,1.13,0.18,-0.28116,-0.156,-0.12683,-0.93836,-0.84,1.11,0.2,-0.48942,-0.17029,-0.15179,-0.84169,-0.83,1.1,0.21,-0.48942,-0.17029,-0.15179,-0.84169,-0.87,1.07,0.09,0.30183,-0.08565,-0.16677,-0.93475,-0.87,1.1,0.14,0.22163,-0.06028,-0.22789,-0.94621,-0.87,1.12,0.17,-0.27471,-0.18744,-0.2043,-0.92069,-0.86,1.11,0.19,-0.54341,-0.2631,-0.16165,-0.78061,-0.84,1.09,0.2,-0.54341,-0.2631,-0.16165,-0.78061,-0.88,1.07,0.1,0.23393,-0.01727,-0.39576,-0.88789,-0.88,1.09,0.14,0.27796,-0.04921,-0.29698,-0.91221,-0.89,1.1,0.16,-0.20123,-0.18886,-0.31092,-0.90949,-0.88,1.1,0.18,-0.49701,-0.32889,-0.23043,-0.76923,-0.86,1.09,0.19,-0.49701,-0.32889,-0.23043,-0.76923,-0.71,1.09,0.12,-0.24343,-0.13306,-0.06389,0.95862,-0.69,1.06,0.07,-0.24343,-0.13306,-0.06389,0.95862,-0.73,1.07,0.1,-0.43099,-0.24978,0.51077,0.70069,-0.75,1.08,0.11,-0.262,-0.1257,0.47366,0.83139,-0.77,1.09,0.14,-0.22198,-0.13985,0.5575,0.78763,-0.78,1.1,0.16,-0.22198,-0.13985,0.5575,0.78763,-0.72,1.07,0.1,-0.24343,-0.13306,-0.06389,0.95862,-0.73,1.1,0.15,0.00891,-0.18399,0.03392,0.9823,-0.75,1.1,0.18,0.33637,-0.16396,0.06688,0.92493,-0.75,1.09,0.2,0.46399,-0.12546,0.08141,0.87312,-0.76,1.07,0.21,0.46399,-0.12546,0.08141,0.87312,-0.7,1.07,0.1,-0.24343,-0.13306,-0.06389,0.95862,-0.71,1.11,0.15,-0.12271,-0.11251,-0.0652,0.98389,-0.72,1.12,0.19,0.36462,-0.13311,-0.01593,0.92146,-0.73,1.1,0.21,0.58922,-0.11782,-0.04748,0.79793,-0.73,1.08,0.22,0.58922,-0.11782,-0.04748,0.79793,-0.68,1.07,0.1,-0.24343,-0.13306,-0.06389,0.95862,-0.69,1.1,0.15,-0.21068,-0.06483,-0.1306,0.96662,-0.7,1.12,0.18,0.35688,-0.15016,-0.11032,0.91538,-0.71,1.1,0.2,0.61941,-0.19676,-0.08664,0.75506,-0.72,1.08,0.21,0.61941,-0.19676,-0.08664,0.75506,-0.68,1.07,0.11,-0.18159,-0.04584,-0.29204,0.93789,-0.68,1.09,0.15,-0.32442,0.01971,-0.19956,0.92441,-0.67,1.11,0.17,0.19204,-0.09401,-0.25869,0.942,-0.68,1.1,0.19,0.47463,-0.21662,-0.22115,0.82395,-0.69,1.09,0.2,0.47463,-0.21662,-0.22115,0.82395,-0.81,1.08,0.19
-0.8,1.45,-0.14,-0.8,1.45,-0.14,-0.85,1.1,0.11,0.35089,-0.08603,-0.17397,-0.91608,-0.86,1.06,0.06,0.35089,-0.08603,-0.17397,-0.91608,-0.83,1.08,0.09,0.4662,-0.16982,0.49961,-0.71008,-0.8,1.09,0.1,0.2036,-0.00086,0.45169,-0.86863,-0.8,1.11,0.13,0.05346,0.03887,0.52273,-0.84993,-0.8,1.11,0.16,0.05346,0.03887,0.52273,-0.84993,-0.84,1.08,0.09,0.35089,-0.08603,-0.17397,-0.91608,-0.83,1.12,0.13,0.08181,-0.1405,-0.09118,-0.98247,-0.82,1.13,0.16,-0.27504,-0.16815,-0.0608,-0.94466,-0.82,1.12,0.18,-0.4342,-0.1496,-0.04142,-0.88734,-0.81,1.1,0.19,-0.4342,-0.1496,-0.04142,-0.88734,-0.85,1.08,0.09,0.35089,-0.08603,-0.17397,-0.91608,-0.86,1.12,0.13,0.12746,-0.10998,-0.16688,-0.9715,-0.85,1.13,0.17,-0.28641,-0.17136,-0.119,-0.93512,-0.84,1.12,0.19,-0.49683,-0.18336,-0.14038,-0.83656,-0.83,1.1,0.2,-0.49683,-0.18336,-0.14038,-0.83656,-0.87,1.07,0.09,0.35089,-0.08603,-0.17397,-0.91608,-0.87,1.11,0.13,0.21823,-0.08098,-0.23093,-0.94472,-0.87,1.13,0.17,-0.27634,-0.20646,-0.19697,-0.91772,-0.86,1.11,0.19,-0.54235,-0.27848,-0.14942,-0.77845,-0.84,1.1,0.19,-0.54235,-0.27848,-0.14942,-0.77845,-0.88,1.07,0.1,0.28068,-0.03055,-0.40574,-0.86929,-0.89,1.09,0.13,0.29549,-0.07361,-0.30313,-0.90298,-0.89,1.11,0.16,-0.18329,-0.21461,-0.30431,-0.90981,-0.88,1.1,0.18,-0.47098,-0.34819,-0.21809,-0.78063,-0.86,1.09,0.18,-0.47098,-0.34819,-0.21809,-0.78063,-0.7,1.1,0.11,-0.33074,-0.1429,-0.09322,0.92817,-0.69,1.06,0.07,-0.33074,-0.1429,-0.09322,0.92817,-0.73,1.07,0.09,-0.47654,-0.17896,0.53549,0.67389,-0.75,1.09,0.11,-0.30542,-0.0479,0.48318,0.81912,-0.76,1.1,0.13,-0.23776,-0.04357,0.5661,0.7881,-0.77,1.11,0.15,-0.23776,-0.04357,0.5661,0.7881,-0.71,1.08,0.09,-0.33074,-0.1429,-0.09322,0.92817,-0.73,1.12,0.13,-0.03966,-0.19665,0.02366,0.97939,-0.74,1.12,0.17,0.34592,-0.17655,0.07242,0.91865,-0.75,1.11,0.18,0.47389,-0.13701,0.0892,0.86528,-0.75,1.09,0.19,0.47389,-0.13701,0.0892,0.86528,-0.7,1.08,0.09,-0.33074,-0.1429,-0.09322,0.92817,-0.71,1.12,0.14,-0.07338,-0.15057,-0.0688,0.98347,-0.72,1.13,0.18,0.44267,-0.16747,0.00547,0.88089,-0.73,1.11,0.19,0.67063,-0.13924,-0.01516,0.72845,-0.73,1.08,0.19,0.67063,-0.13924,-0.01516,0.72845,-0.68,1.08,0.1,-0.33074,-0.1429,-0.09322,0.92817,-0.69,1.11,0.14,-0.15372,-0.11177,-0.14719,0.97068,-0.7,1.12,0.17,0.43157,-0.19841,-0.09473,0.87488,-0.71,1.11,0.19,0.69619,-0.23539,-0.05408,0.676,-0.72,1.08,0.19,0.69619,-0.23539,-0.05408,0.676,-0.68,1.08,0.1,-0.26051,-0.07825,-0.32621,0.90532,-0.67,1.1,0.14,-0.34295,-0.01224,-0.24435,0.90694,-0.67,1.12,0.16,0.22428,-0.16129,-0.27345,0.92136,-0.68,1.11,0.18,0.51532,-0.28826,-0.20927,0.77946,-0.69,1.1,0.19,0.51532,-0.28826,-0.20927,0.77946,-0.81,1.08,0.19
-0.8,1.45,-0.14,-0.8,1.45,-0.14,-0.85,1.1,0.11,0.35569,-0.09644,-0.16497,-0.91486,-0.86,1.06,0.06,0.35569,-0.09644,-0.16497,-0.91486,-0.83,1.08,0.08,0.45967,-0.17821,0.51883,-0.6984,-0.8,1.09,0.1,0.20338,-0.00327,0.47357,-0.85695,-0.8,1.1,0.13,0.0569,0.03838,0.54407,-0.83622,-0.79,1.11,0.16,0.0569,0.03838,0.54407,-0.83622,-0.84,1.08,0.09,0.35569,-0.09644,-0.16497,-0.91486,-0.83,1.12,0.13,0.08491,-0.14365,-0.08216,-0.98255,-0.82,1.13,0.16,-0.27084,-0.1679,-0.0515,-0.94647,-0.81,1.12,0.18,-0.42771,-0.1477,-0.03288,-0.89116,-0.81,1.1,0.19,-0.42771,-0.1477,-0.03288,-0.89116,-0.85,1.07,0.09,0.35569,-0.09644,-0.16497,-0.91486,-0.85,1.12,0.13,0.12046,-0.12189,-0.15309,-0.97324,-0.84,1.13,0.17,-0.29214,-0.17627,-0.10183,-0.93446,-0.83,1.12,0.19,-0.49818,-0.18353,-0.12314,-0.83843,-0.82,1.1,0.2,-0.49818,-0.18353,-0.12314,-0.83843,-0.87,1.07,0.09,0.35569,-0.09644,-0.16497,-0.91486,-0.87,1.11,0.13,0.20348,-0.09604,-0.21828,-0.94959,-0.87,1.12,0.17,-0.27914,-0.21027,-0.18171,-0.91916,-0.85,1.11,0.19,-0.53558,-0.2762,-0.13665,-0.78625,-0.84,1.09,0.19,-0.53558,-0.2762,-0.13665,-0.78625,-0.88,1.07,0.1,0.28445,-0.04162,-0.39726,-0.87152,-0.88,1.09,0.13,0.27915,-0.09295,-0.29245,-0.9099,-0.88,1.11,0.16,-0.18629,-0.22026,-0.28908,-0.9128,-0.87,1.1,0.17,-0.44456,-0.34122,-0.21384,-0.80013,-0.86,1.09,0.18,-0.44456,-0.34122,-0.21384,-0.80013,-0.7,1.1,0.11,-0.39204,-0.14595,-0.08753,0.90407,-0.69,1.06,0.06,-0.39204,-0.14595,-0.08753,0.90407,-0.72,1.07,0.09,-0.45578,-0.1562,0.60752,0.6315,-0.75,1.09,0.11,-0.27864,0.00783,0.55306,0.78513,-0.76,1.1,0.14,-0.16953,0.04351,0.6241,0.76149,-0.76,1.11,0.16,-0.16953,0.04351,0.6241,0.76149,-0.71,1.08,0.09,-0.39204,-0.14595,-0.08753,0.90407,-0.73,1.13,0.12,-0.08534,-0.19427,0.03816,0.97648,-0.74,1.13,0.16,0.30278,-0.16992,0.08513,0.93392,-0.75,1.12,0.17,0.43063,-0.12927,0.09918,0.8877,-0.75,1.1,0.19,0.43063,-0.12927,0.09918,0.8877,-0.7,1.08,0.09,-0.39204,-0.14595,-0.08753,0.90407,-0.71,1.13,0.13,-0.0651,-0.16667,-0.04308,0.98292,-0.72,1.13,0.17,0.42488,-0.16898,0.0311,0.8888,-0.73,1.11,0.18,0.65522,-0.13527,0.00949,0.74317,-0.73,1.09,0.19,0.65522,-0.13527,0.00949,0.74317,-0.68,1.08,0.1,-0.39204,-0.14595,-0.08753,0.90407,-0.69,1.12,0.13,-0.16361,-0.12888,-0.13525,0.96868,-0.7,1.13,0.17,0.41262,-0.20517,-0.07714,0.88414,-0.71,1.11,0.18,0.69059,-0.2364,-0.03265,0.68273,-0.72,1.09,0.18,0.69059,-0.2364,-0.03265,0.68273,-0.67,1.08,0.1,-0.32045,-0.09718,-0.32426,0.88472,-0.67,1.11,0.14,-0.37329,-0.02781,-0.24885,0.89329,-0.67,1.13,0.16,0.222,-0.18731,-0.26342,0.91992,-0.68,1.12,0.17,0.5353,-0.31374,-0.18295,0.76259,-0.69,1.11,0.18,0.5353,-0.31374,-0.18295,0.76259,-0.81,1.08,0.19
-0.8,1.45,-0.14,-0.8,1.45,-0.14,-0.86,1.09,0.11,0.33351,-0.0763,-0.17581,-0.92306,-0.86,1.06,0.06,0.33351,-0.0763,-0.17581,-0.92306,-0.83,1.07,0.09,0.43675,-0.18063,0.50942,-0.71911,-0.8,1.09,0.1,0.17404,-0.00589,0.46482,-0.86811,-0.8,1.1,0.14,0.03635,0.02582,0.53638,-0.8428,-0.8,1.1,0.16,0.03635,0.02582,0.53638,-0.8428,-0.84,1.08,0.09,0.33351,-0.0763,-0.17581,-0.92306,-0.83,1.12,0.13,0.05145,-0.13057,-0.09622,-0.98542,-0.83,1.12,0.17,-0.29491,-0.15917,-0.07077,-0.93951,-0.82,1.11,0.18,-0.44584,-0.1417,-0.05352,-0.8822,-0.81,1.09,0.2,-0.44584,-0.1417,-0.05352,-0.8822,-0.85,1.07,0.09,0.33351,-0.0763,-0.17581,-0.92306,-0.86,1.11,0.13,0.11689,-0.10092,-0.17051,-0.97318,-0.85,1.13,0.17,-0.28007,-0.16224,-0.12893,-0.93735,-0.84,1.11,0.19,-0.47127,-0.17475,-0.15425,-0.85063,-0.83,1.09,0.21,-0.47127,-0.17475,-0.15425,-0.85063,-0.87,1.07,0.09,0.33351,-0.0763,-0.17581,-0.92306,-0.87,1.1,0.13,0.19155,-0.07327,-0.23237,-0.95076,-0.87,1.12,0.17,-0.26932,-0.19233,-0.20892,-0.92023,-0.86,1.11,0.19,-0.51209,-0.26517,-0.171,-0.79888,-0.84,1.09,0.2,-0.51209,-0.26517,-0.171,-0.79888,-0.88,1.06,0.1,0.26548,-0.01658,-0.4067,-0.87398,-0.89,1.09,0.13,0.24916,-0.07271,-0.30396,-0.91665,-0.89,1.1,0.16,-0.19173,-0.19778,-0.31253,-0.90909,-0.88,1.1,0.18,-0.43231,-0.32271,-0.24869,-0.80444,-0.86,1.09,0.19,-0.43231,-0.32271,-0.24869,-0.80444,-0.7,1.1,0.11,-0.38851,-0.13319,-0.09189,0.90713,-0.69,1.06,0.07,-0.38851,-0.13319,-0.09189,0.90713,-0.72,1.07,0.09,-0.41703,-0.17635,0.63023,0.63072,-0.75,1.08,0.11,-0.23414,0.00321,0.58258,0.77831,-0.76,1.1,0.14,-0.12062,0.04237,0.65034,0.74881,-0.76,1.1,0.16,-0.12062,0.04237,0.65034,0.74881,-0.71,1.08,0.09,-0.38851,-0.13319,-0.09189,0.90713,-0.73,1.12,0.13,-0.07998,-0.18779,0.03321,0.97838,-0.74,1.13,0.16,0.25308,-0.16997,0.06804,0.94996,-0.75,1.12,0.18,0.36205,-0.13388,0.07716,0.91926,-0.75,1.1,0.19,0.36205,-0.13388,0.07716,0.91926,-0.7,1.08,0.09,-0.38851,-0.13319,-0.09189,0.90713,-0.71,1.13,0.13,-0.05132,-0.15998,-0.04687,0.98467,-0.72,1.13,0.17,0.38454,-0.16603,0.01479,0.90793,-0.73,1.11,0.19,0.60332,-0.14084,-0.00929,0.78491,-0.73,1.09,0.19,0.60332,-0.14084,-0.00929,0.78491,-0.68,1.08,0.1,-0.38851,-0.13319,-0.09189,0.90713,-0.69,1.12,0.13,-0.15379,-0.11789,-0.14152,0.97078,-0.69,1.13,0.17,0.39486,-0.19681,-0.09405,0.89247,-0.71,1.11,0.18,0.67259,-0.2349,-0.05192,0.69982,-0.72,1.09,0.19,0.67259,-0.2349,-0.05192,0.69982,-0.67,1.08,0.1,-0.31901,-0.08374,-0.32885,0.88492,-0.67,1.1,0.14,-0.36603,-0.01324,-0.2533,0.89537,-0.67,1.12,0.16,0.24286,-0.18174,-0.27333,0.91284,-0.68,1.12,0.17,0.55441,-0.31261,-0.19414,0.74647,-0.69,1.1,0.18,0.55441,-0.31261,-0.19414,0.74647,-0.81,1.08,0.19
-0.8,1.45,-0.14,-0.8,1.45,-0.14,-0.86,1.1,0.11,0.34278,-0.05388,-0.19908,-0.9165,-0.86,1.06,0.06,0.34278,-0.05388,-0.19908,-0.9165,-0.83,1.08,0.09,0.44384,-0.15603,0.48924,-0.73437,-0.81,1.09,0.11,0.17468,0.01151,0.43628,-0.88262,-0.8,1.1,0.14,0.03893,0.03638,0.50761,-0.85994,-0.8,1.11,0.16,0.03893,0.03638,0.50761,-0.85994,-0.84,1.08,0.09,0.34278,-0.05388,-0.19908,-0.9165,-0.84,1.12,0.13,0.04931,-0.11719,-0.12321,-0.9842,-0.83,1.13,0.17,-0.29472,-0.15572,-0.10092,-0.93739,-0.82,1.11,0.18,-0.44351,-0.14292,-0.08423,-0.88078,-0.82,1.1,0.2,-0.44351,-0.14292,-0.08423,-0.88078,-0.86,1.07,0.09,0.34278,-0.05388,-0.19908,-0.9165,-0.86,1.12,0.13,0.14962,-0.07977,-0.20031,-0.96495,-0.86,1.13,0.17,-0.23862,-0.1537,-0.16582,-0.94443,-0.85,1.12,0.19,-0.41942,-0.17443,-0.19335,-0.86964,-0.84,1.1,0.21,-0.41942,-0.17443,-0.19335,-0.86964,-0.87,1.07,0.09,0.34278,-0.05388,-0.19908,-0.9165,-0.88,1.1,0.13,0.21599,-0.05188,-0.25913,-0.93995,-0.88,1.12,0.17,-0.22685,-0.18286,-0.24432,-0.92488,-0.87,1.11,0.19,-0.45657,-0.26376,-0.21004,-0.82332,-0.85,1.1,0.2,-0.45657,-0.26376,-0.21004,-0.82332,-0.88,1.06,0.1,0.27595,0.00185,-0.42958,-0.85983,-0.89,1.09,0.13,0.24794,-0.05835,-0.32794,-0.90971,-0.89,1.1,0.16,-0.16316,-0.18599,-0.34406,-0.90576,-0.88,1.1,0.18,-0.37731,-0.31226,-0.28941,-0.82242,-0.87,1.09,0.19,-0.37731,-0.31226,-0.28941,-0.82242,-0.7,1.11,0.11,-0.43414,-0.12965,-0.11447,0.88409,-0.69,1.06,0.06,-0.43414,-0.12965,-0.11447,0.88409,-0.72,1.08,0.09,-0.44017,-0.14733,0.62809,0.62454,-0.75,1.09,0.11,-0.24963,0.03618,0.57213,0.78041,-0.75,1.1,0.14,-0.12897,0.07897,0.63665,0.75618,-0.76,1.11,0.16,-0.12897,0.07897,0.63665,0.75618,-0.71,1.08,0.09,-0.43414,-0.12965,-0.11447,0.88409,-0.72,1.13,0.12,-0.12072,-0.18615,0.01319,0.97499,-0.74,1.14,0.15,0.21116,-0.17622,0.04835,0.96022,-0.74,1.13,0.17,0.30946,-0.14349,0.05493,0.93842,-0.75,1.12,0.19,0.30946,-0.14349,0.05493,0.93842,-0.7,1.08,0.09,-0.43414,-0.12965,-0.11447,0.88409,-0.7,1.13,0.12,-0.07233,-0.16595,-0.06475,0.98135,-0.71,1.14,0.16,0.38286,-0.17938,0.00499,0.90621,-0.72,1.12,0.18,0.60472,-0.15608,-0.01515,0.78085,-0.73,1.1,0.18,0.60472,-0.15608,-0.01515,0.78085,-0.68,1.08,0.09,-0.43414,-0.12965,-0.11447,0.88409,-0.68,1.12,0.13,-0.13648,-0.13598,-0.15534,0.96889,-0.69,1.13,0.16,0.43666,-0.22134,-0.08983,0.86733,-0.7,1.12,0.17,0.71428,-0.25478,-0.03734,0.65077,-0.71,1.09,0.17,0.71428,-0.25478,-0.03734,0.65077,-0.67,1.08,0.1,-0.36117,-0.09341,-0.35241,0.85828,-0.67,1.11,0.13,-0.31154,-0.05855,-0.27821,0.90671,-0.67,1.13,0.15,0.35524,-0.24418,-0.25385,0.86587,-0.68,1.12,0.17,0.65311,-0.36336,-0.15217,0.64673,-0.69,1.1,0.17,0.65311,-0.36336,-0.15217,0.64673,-0.81,1.08,0.19
-0.8,1.45,-0.14,-0.8,1.45,-0.14,-0.86,1.1,0.11,0.34961,-0.05172,-0.1954,-0.91483,-0.86,1.06,0.06,0.34961,-0.05172,-0.1954,-0.91483,-0.83,1.08,0.09,0.45922,-0.15242,0.48163,-0.7307,-0.81,1.1,0.11,0.18125,0.01549,0.42812,-0.88523,-0.8,1.11,0.14,0.03974,0.0428,0.49885,-0.86472,-0.8,1.11,0.16,0.03974,0.0428,0.49885,-0.86472,-0.84,1.08,0.09,0.34961,-0.05172,-0.1954,-0.91483,-0.84,1.12,0.13,0.05957,-0.11222,-0.12156,-0.98442,-0.83,1.13,0.17,-0.30079,-0.15244,-0.09849,-0.93626,-0.82,1.12,0.18,-0.45345,-0.13966,-0.08143,-0.8765,-0.82,1.1,0.2,-0.45345,-0.13966,-0.08143,-0.8765,-0.86,1.08,0.09,0.34961,-0.05172,-0.1954,-0.91483,-0.86,1.12,0.13,0.16776,-0.07491,-0.1981,-0.96281,-0.86,1.13,0.17,-0.22529,-0.14932,-0.16498,-0.94854,-0.85,1.12,0.19,-0.40459,-0.17044,-0.19372,-0.87735,-0.84,1.11,0.21,-0.40459,-0.17044,-0.19372,-0.87735,-0.87,1.07,0.09,0.34961,-0.05172,-0.1954,-0.91483,-0.88,1.11,0.13,0.23233,-0.04806,-0.25621,-0.93705,-0.88,1.12,0.17,-0.20465,-0.1772,-0.24414,-0.93119,-0.87,1.12,0.19,-0.42734,-0.25686,-0.21292,-0.84028,-0.85,1.1,0.2,-0.42734,-0.25686,-0.21292,-0.84028,-0.88,1.07,0.1,0.28355,0.00236,-0.42667,-0.8588,-0.89,1.09,0.13,0.24598,-0.05914,-0.32493,-0.91127,-0.89,1.1,0.16,-0.14601,-0.17813,-0.34408,-0.91025,-0.88,1.1,0.18,-0.34135,-0.29813,-0.29705,-0.84046,-0.87,1.09,0.19,-0.34135,-0.29813,-0.29705,-0.84046,-0.7,1.11,0.1,-0.49713,-0.12503,-0.11118,0.85139,-0.69,1.06,0.06,-0.49713,-0.12503,-0.11118,0.85139,-0.72,1.08,0.09,-0.46652,-0.0965,0.64321,0.59944,-0.74,1.1,0.1,-0.27644,0.09376,0.57193,0.76661,-0.75,1.11,0.13,-0.14376,0.14602,0.62796,0.75079,-0.75,1.12,0.15,-0.14376,0.14602,0.62796,0.75079,-0.71,1.09,0.08,-0.49713,-0.12503,-0.11118,0.85139,-0.72,1.14,0.11,-0.14932,-0.16547,0.01463,0.97474,-0.73,1.15,0.14,0.25373,-0.15344,0.05444,0.95347,-0.74,1.14,0.16,0.35911,-0.11918,0.0611,0.92364,-0.74,1.12,0.18,0.35911,-0.11918,0.0611,0.92364,-0.69,1.08,0.09,-0.49713,-0.12503,-0.11118,0.85139,-0.7,1.14,0.11,-0.09998,-0.15952,-0.06104,0.98022,-0.71,1.15,0.15,0.42653,-0.17135,0.01839,0.88791,-0.72,1.13,0.16,0.68404,-0.1384,0.00046,0.71619,-0.72,1.1,0.17,0.68404,-0.1384,0.00046,0.71619,-0.68,1.08,0.09,-0.49713,-0.12503,-0.11118,0.85139,-0.68,1.13,0.11,-0.15636,-0.14524,-0.14645,0.96592,-0.69,1.14,0.15,0.48012,-0.22895,-0.0622,0.84451,-0.7,1.12,0.16,0.78214,-0.24762,0.00179,0.57179,-0.71,1.1,0.15,0.78214,-0.24762,0.00179,0.57179,-0.67,1.08,0.09,-0.42417,-0.10651,-0.35138,0.82781,-0.67,1.12,0.12,-0.32917,-0.09176,-0.27375,0.89905,-0.66,1.14,0.14,0.3852,-0.27881,-0.21632,0.8527,-0.68,1.13,0.16,0.70899,-0.38332,-0.08733,0.58547,-0.69,1.11,0.15,0.70899,-0.38332,-0.08733,0.58547,-0.81,1.08,0.19
-0.8,1.45,-0.14,-0.8,1.45,-0.14,-0.86,1.1,0.11,0.35428,-0.06759,-0.17197,-0.9167,-0.86,1.06,0.06,0.35428,-0.06759,-0.17197,-0.9167,-0.83,1.08,0.09,0.46605,-0.16359,0.49718,-0.71334,-0.8,1.09,0.1,0.1872,0.01251,0.44797,-0.87414,-0.8,1.11,0.13,0.03543,0.0501,0.51674,-0.85394,-0.8,1.11,0.16,0.03543,0.0501,0.51674,-0.85394,-0.84,1.08,0.09,0.35428,-0.06759,-0.17197,-0.9167,-0.84,1.12,0.13,0.07234,-0.11771,-0.09665,-0.98568,-0.83,1.13,0.16,-0.31233,-0.1507,-0.06959,-0.93536,-0.82,1.12,0.18,-0.47354,-0.13376,-0.05126,-0.86905,-0.81,1.1,0.19,-0.47354,-0.13376,-0.05126,-0.86905,-0.85,1.08,0.09,0.35428,-0.06759,-0.17197,-0.9167,-0.86,1.12,0.13,0.1717,-0.0864,-0.17207,-0.96615,-0.85,1.13,0.17,-0.2367,-0.15163,-0.13445,-0.95021,-0.84,1.12,0.19,-0.42031,-0.16688,-0.16319,-0.87685,-0.83,1.11,0.21,-0.42031,-0.16688,-0.16319,-0.87685,-0.87,1.07,0.09,0.35428,-0.06759,-0.17197,-0.9167,-0.87,1.11,0.13,0.23591,-0.06172,-0.23144,-0.94179,-0.87,1.13,0.17,-0.20678,-0.17923,-0.21567,-0.93734,-0.86,1.12,0.19,-0.43325,-0.25208,-0.18472,-0.84536,-0.85,1.1,0.2,-0.43325,-0.25208,-0.18472,-0.84536,-0.88,1.07,0.1,0.28805,-0.01328,-0.40475,-0.86777,-0.89,1.09,0.13,0.24146,-0.07531,-0.30094,-0.91949,-0.89,1.11,0.16,-0.15017,-0.18169,-0.31677,-0.91874,-0.88,1.1,0.18,-0.34562,-0.2946,-0.2708,-0.84878,-0.86,1.09,0.19,-0.34562,-0.2946,-0.2708,-0.84878,-0.7,1.11,0.1,-0.51716,-0.11892,-0.08518,0.84329,-0.69,1.06,0.07,-0.51716,-0.11892,-0.08518,0.84329,-0.72,1.08,0.09,-0.45764,-0.07567,0.66952,0.58015,-0.74,1.09,0.11,-0.27546,0.12252,0.59224,0.74724,-0.75,1.11,0.13,-0.13173,0.1867,0.6395,0.73406,-0.75,1.12,0.16,-0.13173,0.1867,0.6395,0.73406,-0.71,1.08,0.08,-0.51716,-0.11892,-0.08518,0.84329,-0.72,1.14,0.11,-0.16279,-0.14205,0.03003,0.97592,-0.73,1.15,0.14,0.27247,-0.12421,0.06346,0.952,-0.74,1.14,0.16,0.3974,-0.08749,0.06971,0.9108,-0.74,1.12,0.17,0.3974,-0.08749,0.06971,0.9108,-0.69,1.08,0.09,-0.51716,-0.11892,-0.08518,0.84329,-0.7,1.14,0.11,-0.11452,-0.14027,-0.04363,0.9825,-0.71,1.15,0.15,0.44618,-0.14512,0.02826,0.88264,-0.72,1.13,0.16,0.72711,-0.10618,0.0037,0.67825,-0.72,1.1,0.16,0.72711,-0.10618,0.0037,0.67825,-0.68,1.08,0.09,-0.51716,-0.11892,-0.08518,0.84329,-0.68,1.13,0.11,-0.17033,-0.13261,-0.12448,0.96846,-0.69,1.15,0.15,0.5074,-0.20769,-0.04455,0.83512,-0.7,1.12,0.16,0.82692,-0.21698,0.01642,0.51851,-0.7,1.1,0.15,0.82692,-0.21698,0.01642,0.51851,-0.67,1.08,0.09,-0.44862,-0.1054,-0.32746,0.82487,-0.67,1.12,0.12,-0.35157,-0.08628,-0.25109,0.89772,-0.66,1.14,0.14,0.388,-0.26563,-0.19837,0.85997,-0.68,1.13,0.15,0.74172,-0.36556,-0.06209,0.5589,-0.69,1.11,0.15,0.74172,-0.36556,-0.06209,0.5589,-0.81,1.08,0.19
-0.8,1.45,-0.14,-0.8,1.45,-0.14,-0.85,1.1,0.11,0.35363,-0.07759,-0.14631,-0.92061,-0.86,1.06,0.06,0.35363,-0.07759,-0.14631,-0.92061,-0.83,1.08,0.09,0.46292,-0.17212,0.51634,-0.69962,-0.8,1.09,0.1,0.18607,0.01281,0.4702,-0.86263,-0.8,1.1,0.13,0.02034,0.06337,0.5354,-0.84197,-0.8,1.1,0.16,0.02034,0.06337,0.5354,-0.84197,-0.84,1.08,0.09,0.35363,-0.07759,-0.14631,-0.92061,-0.83,1.12,0.13,0.07974,-0.11711,-0.07187,-0.9873,-0.82,1.13,0.16,-0.33006,-0.14204,-0.04329,-0.93221,-0.82,1.11,0.18,-0.50073,-0.12092,-0.02462,-0.85676,-0.81,1.09,0.19,-0.50073,-0.12092,-0.02462,-0.85676,-0.85,1.08,0.09,0.35363,-0.07759,-0.14631,-0.92061,-0.85,1.12,0.13,0.16422,-0.09265,-0.14415,-0.97143,-0.85,1.13,0.17,-0.26467,-0.14798,-0.1036,-0.94727,-0.84,1.12,0.19,-0.45743,-0.15676,-0.13285,-0.86518,-0.83,1.1,0.2,-0.45743,-0.15676,-0.13285,-0.86518,-0.87,1.07,0.09,0.35363,-0.07759,-0.14631,-0.92061,-0.87,1.11,0.13,0.22534,-0.07067,-0.20425,-0.95001,-0.87,1.12,0.17,-0.22458,-0.1756,-0.18717,-0.94005,-0.86,1.12,0.19,-0.45441,-0.24152,-0.15814,-0.84272,-0.85,1.1,0.2,-0.45441,-0.24152,-0.15814,-0.84272,-0.88,1.07,0.09,0.28888,-0.02181,-0.38044,-0.87826,-0.89,1.09,0.13,0.22413,-0.0867,-0.27473,-0.93101,-0.88,1.11,0.16,-0.1656,-0.17885,-0.28943,-0.92565,-0.88,1.1,0.18,-0.36024,-0.28492,-0.24657,-0.85338,-0.86,1.09,0.19,-0.36024,-0.28492,-0.24657,-0.85338,-0.7,1.11,0.1,-0.5188,-0.10645,-0.0699,0.84536,-0.69,1.06,0.07,-0.5188,-0.10645,-0.0699,0.84536,-0.72,1.08,0.09,-0.43783,-0.06688,0.68651,0.57665,-0.74,1.09,0.11,-0.25979,0.13702,0.60677,0.73863,-0.75,1.11,0.14,-0.10498,0.21178,0.6464,0.72547,-0.74,1.12,0.16,-0.10498,0.21178,0.6464,0.72547,-0.71,1.08,0.09,-0.5188,-0.10645,-0.0699,0.84536,-0.72,1.14,0.11,-0.16293,-0.11983,0.03325,0.97877,-0.73,1.15,0.14,0.29779,-0.10126,0.05954,0.94738,-0.73,1.13,0.16,0.447,-0.06339,0.0658,0.88986,-0.74,1.12,0.18,0.447,-0.06339,0.0658,0.88986,-0.7,1.08,0.09,-0.5188,-0.10645,-0.0699,0.84536,-0.7,1.14,0.11,-0.10903,-0.11957,-0.03864,0.98606,-0.71,1.15,0.15,0.47564,-0.1244,0.02424,0.87046,-0.71,1.13,0.16,0.77312,-0.08321,-0.00576,0.62875,-0.72,1.1,0.16,0.77312,-0.08321,-0.00576,0.62875,-0.68,1.08,0.09,-0.5188,-0.10645,-0.0699,0.84536,-0.68,1.13,0.11,-0.16293,-0.11522,-0.11541,0.97307,-0.69,1.14,0.15,0.5431,-0.18957,-0.04372,0.81682,-0.7,1.12,0.16,0.86935,-0.19594,0.01491,0.45345,-0.7,1.1,0.15,0.86935,-0.19594,0.01491,0.45345,-0.67,1.08,0.1,-0.45489,-0.0931,-0.31355,0.82831,-0.67,1.12,0.12,-0.35205,-0.07272,-0.23873,0.9021,-0.66,1.14,0.14,0.40725,-0.25106,-0.19521,0.85616,-0.68,1.13,0.15,0.7796,-0.35218,-0.05355,0.51509,-0.69,1.11,0.14,0.7796,-0.35218,-0.05355,0.51509,-0.81,1.08,0.19
-0.8,1.45,-0.14,-0.8,1.45,-0.14,-0.85,1.1,0.11,0.35839,-0.07544,-0.13525,-0.92064,-0.86,1.06,0.06,0.35839,-0.07544,-0.13525,-0.92064,-0.83,1.07,0.09,0.45806,-0.1645,0.52955,-0.69476,-0.8,1.09,0.1,0.18367,0.02521,0.48035,-0.85726,-0.8,1.1,0.13,0.0136,0.07976,0.54215,-0.83638,-0.8,1.1,0.16,0.0136,0.07976,0.54215,-0.83638,-0.84,1.08,0.09,0.35839,-0.07544,-0.13525,-0.92064,-0.83,1.12,0.13,0.08408,-0.11062,-0.06259,-0.98832,-0.82,1.13,0.16,-0.33319,-0.13274,-0.03646,-0.93276,-0.82,1.11,0.18,-0.50747,-0.11059,-0.01899,-0.85433,-0.81,1.09,0.19,-0.50747,-0.11059,-0.01899,-0.85433,-0.85,1.07,0.09,0.35839,-0.07544,-0.13525,-0.92064,-0.85,1.12,0.13,0.15952,-0.09073,-0.13229,-0.97407,-0.85,1.13,0.17,-0.27556,-0.1417,-0.0929,-0.94623,-0.84,1.12,0.19,-0.47189,-0.14816,-0.12336,-0.86032,-0.83,1.1,0.2,-0.47189,-0.14816,-0.12336,-0.86032,-0.87,1.07,0.09,0.35839,-0.07544,-0.13525,-0.92064,-0.87,1.11,0.13,0.2187,-0.07077,-0.19239,-0.95402,-0.87,1.12,0.16,-0.23089,-0.16987,-0.17703,-0.94154,-0.86,1.11,0.19,-0.46102,-0.23332,-0.15003,-0.84292,-0.85,1.1,0.2,-0.46102,-0.23332,-0.15003,-0.84292,-0.88,1.07,0.09,0.29547,-0.0205,-0.37045,-0.88037,-0.89,1.09,0.13,0.21466,-0.08977,-0.26309,-0.93629,-0.88,1.11,0.16,-0.15706,-0.17084,-0.28038,-0.93141,-0.88,1.1,0.18,-0.34223,-0.27236,-0.24228,-0.86602,-0.86,1.09,0.19,-0.34223,-0.27236,-0.24228,-0.86602,-0.7,1.11,0.1,-0.50865,-0.10272,-0.07095,0.85187,-0.69,1.06,0.07,-0.50865,-0.10272,-0.07095,0.85187,-0.72,1.08,0.09,-0.42672,-0.07426,0.68755,0.58282,-0.74,1.09,0.11,-0.2471,0.13125,0.61002,0.74135,-0.75,1.11,0.14,-0.08579,0.21143,0.64758,0.72704,-0.74,1.12,0.16,-0.08579,0.21143,0.64758,0.72704,-0.71,1.08,0.09,-0.50865,-0.10272,-0.07095,0.85187,-0.72,1.14,0.11,-0.15275,-0.11601,0.02875,0.98101,-0.73,1.15,0.14,0.32066,-0.09888,0.05508,0.94041,-0.74,1.13,0.16,0.48436,-0.06059,0.06311,0.87048,-0.74,1.11,0.17,0.48436,-0.06059,0.06311,0.87048,-0.7,1.08,0.09,-0.50865,-0.10272,-0.07095,0.85187,-0.7,1.14,0.11,-0.09291,-0.11533,-0.04224,0.98807,-0.71,1.15,0.15,0.49308,-0.12271,0.01923,0.86107,-0.72,1.12,0.16,0.79252,-0.08128,-0.01032,0.60432,-0.72,1.1,0.16,0.79252,-0.08128,-0.01032,0.60432,-0.68,1.08,0.09,-0.50865,-0.10272,-0.07095,0.85187,-0.68,1.13,0.12,-0.14783,-0.11136,-0.11736,0.97569,-0.69,1.14,0.15,0.5582,-0.18758,-0.04767,0.80682,-0.7,1.12,0.16,0.88271,-0.19452,0.01214,0.4276,-0.7,1.1,0.15,0.88271,-0.19452,0.01214,0.4276,-0.67,1.08,0.1,-0.44557,-0.08649,-0.31456,0.83369,-0.67,1.12,0.12,-0.34056,-0.06988,-0.23821,0.90686,-0.67,1.14,0.14,0.41625,-0.24724,-0.1978,0.85234,-0.68,1.12,0.15,0.79161,-0.35034,-0.05412,0.49768,-0.69,1.11,0.14,0.79161,-0.35034,-0.05412,0.49768,-0.81,1.08,0.19
-0.8,1.45,-0.14,-0.8,1.45,-0.14,-0.85,1.1,0.11,0.36172,-0.07767,-0.14448,-0.91774,-0.86,1.06,0.06,0.36172,-0.07767,-0.14448,-0.91774,-0.83,1.07,0.09,0.46066,-0.15653,0.52565,-0.69784,-0.8,1.09,0.1,0.18694,0.03031,0.47349,-0.8602,-0.8,1.1,0.13,0.01658,0.08353,0.53501,-0.84054,-0.8,1.1,0.16,0.01658,0.08353,0.53501,-0.84054,-0.84,1.08,0.09,0.36172,-0.07767,-0.14448,-0.91774,-0.83,1.12,0.13,0.08473,-0.11375,-0.07156,-0.9873,-0.82,1.13,0.16,-0.3371,-0.13953,-0.04257,-0.9301,-0.82,1.11,0.18,-0.51155,-0.11842,-0.02349,-0.85073,-0.81,1.09,0.19,-0.51155,-0.11842,-0.02349,-0.85073,-0.85,1.07,0.09,0.36172,-0.07767,-0.14448,-0.91774,-0.85,1.12,0.13,0.14656,-0.09845,-0.13843,-0.97451,-0.85,1.13,0.17,-0.29233,-0.15161,-0.09438,-0.93949,-0.84,1.12,0.19,-0.49002,-0.15725,-0.12227,-0.84865,-0.83,1.1,0.2,-0.49002,-0.15725,-0.12227,-0.84865,-0.87,1.07,0.09,0.36172,-0.07767,-0.14448,-0.91774,-0.87,1.11,0.13,0.20561,-0.07889,-0.19927,-0.95488,-0.87,1.12,0.17,-0.24314,-0.17966,-0.17977,-0.9361,-0.86,1.11,0.19,-0.47137,-0.24309,-0.15048,-0.83431,-0.84,1.1,0.2,-0.47137,-0.24309,-0.15048,-0.83431,-0.88,1.07,0.09,0.297,-0.02393,-0.37921,-0.87602,-0.89,1.09,0.13,0.20774,-0.09882,-0.27017,-0.93493,-0.88,1.1,0.16,-0.16111,-0.18061,-0.28375,-0.92785,-0.88,1.1,0.18,-0.34131,-0.28143,-0.24473,-0.86279,-0.86,1.09,0.19,-0.34131,-0.28143,-0.24473,-0.86279,-0.7,1.1,0.1,-0.46756,-0.10335,-0.07279,0.87488,-0.69,1.05,0.07,-0.46756,-0.10335,-0.07279,0.87488,-0.72,1.07,0.09,-0.40001,-0.11083,0.68517,0.59854,-0.75,1.08,0.11,-0.21356,0.09898,0.61885,0.74942,-0.75,1.1,0.14,-0.05288,0.17882,0.66024,0.72753,-0.75,1.11,0.17,-0.05288,0.17882,0.66024,0.72753,-0.71,1.08,0.09,-0.46756,-0.10335,-0.07279,0.87488,-0.72,1.13,0.12,-0.10796,-0.11953,0.02674,0.98658,-0.73,1.14,0.15,0.35724,-0.10217,0.05388,0.92684,-0.74,1.12,0.17,0.51858,-0.06368,0.06364,0.85028,-0.74,1.1,0.18,0.51858,-0.06368,0.06364,0.85028,-0.7,1.08,0.09,-0.46756,-0.10335,-0.07279,0.87488,-0.7,1.13,0.12,-0.04373,-0.11564,-0.0431,0.99139,-0.71,1.13,0.16,0.53105,-0.12292,0.01791,0.83818,-0.72,1.11,0.17,0.8173,-0.07883,-0.01035,0.57069,-0.72,1.09,0.16,0.8173,-0.07883,-0.01035,0.57069,-0.68,1.08,0.09,-0.46756,-0.10335,-0.07279,0.87488,-0.69,1.12,0.12,-0.10276,-0.10848,-0.11813,0.98169,-0.69,1.13,0.16,0.58716,-0.18386,-0.05306,0.78653,-0.7,1.11,0.17,0.89606,-0.19287,0.00464,0.39983,-0.71,1.09,0.15,0.89606,-0.19287,0.00464,0.39983,-0.67,1.08,0.1,-0.40498,-0.0754,-0.31532,0.85492,-0.67,1.11,0.13,-0.30159,-0.06409,-0.23596,0.92155,-0.67,1.13,0.15,0.44122,-0.23548,-0.20444,0.84147,-0.68,1.11,0.16,0.80463,-0.34328,-0.06848,0.47963,-0.69,1.1,0.15,0.80463,-0.34328,-0.06848,0.47963,-0.81,1.08,0.19
-0.8,1.45,-0.14,-0.8,1.45,-0.14,-0.85,1.1,0.11,0.35475,-0.08196,-0.15247,-0.9188,-0.86,1.06,0.06,0.35475,-0.08196,-0.15247,-0.9188,-0.83,1.07,0.09,0.45939,-0.15748,0.51855,-0.70375,-0.8,1.09,0.1,0.1872,0.02507,0.46665,-0.86404,-0.8,1.1,0.13,0.02036,0.07491,0.53007,-0.84439,-0.8,1.1,0.16,0.02036,0.07491,0.53007,-0.84439,-0.84,1.08,0.09,0.35475,-0.08196,-0.15247,-0.9188,-0.83,1.12,0.13,0.06952,-0.11863,-0.07852,-0.98738,-0.82,1.12,0.16,-0.35006,-0.14642,-0.04709,-0.92401,-0.82,1.11,0.18,-0.52132,-0.12588,-0.02655,-0.84361,-0.81,1.09,0.19,-0.52132,-0.12588,-0.02655,-0.84361,-0.85,1.07,0.09,0.35475,-0.08196,-0.15247,-0.9188,-0.85,1.12,0.13,0.12588,-0.10673,-0.14338,-0.97581,-0.85,1.13,0.17,-0.31105,-0.1609,-0.09538,-0.93181,-0.84,1.11,0.19,-0.50697,-0.16525,-0.121,-0.83727,-0.83,1.09,0.2,-0.50697,-0.16525,-0.121,-0.83727,-0.87,1.07,0.09,0.35475,-0.08196,-0.15247,-0.9188,-0.87,1.11,0.13,0.18984,-0.08612,-0.20521,-0.95626,-0.87,1.12,0.17,-0.25896,-0.1883,-0.18194,-0.92972,-0.86,1.11,0.19,-0.48548,-0.2516,-0.15066,-0.8236,-0.84,1.09,0.2,-0.48548,-0.2516,-0.15066,-0.8236,-0.88,1.07,0.1,0.28822,-0.02663,-0.38611,-0.87586,-0.89,1.09,0.13,0.19731,-0.10563,-0.27628,-0.93466,-0.88,1.1,0.16,-0.17464,-0.18944,-0.28614,-0.92289,-0.87,1.1,0.18,-0.35546,-0.29091,-0.24522,-0.85375,-0.86,1.09,0.19,-0.35546,-0.29091,-0.24522,-0.85375,-0.7,1.1,0.11,-0.46713,-0.11376,-0.07569,0.87357,-0.69,1.05,0.07,-0.46713,-0.11376,-0.07569,0.87357,-0.73,1.07,0.09,-0.40739,-0.11962,0.68242,0.595,-0.75,1.08,0.11,-0.22112,0.08883,0.61894,0.74842,-0.75,1.1,0.14,-0.06228,0.16855,0.66258,0.72712,-0.75,1.11,0.17,-0.06228,0.16855,0.66258,0.72712,-0.72,1.08,0.09,-0.46713,-0.11376,-0.07569,0.87357,-0.73,1.13,0.12,-0.11651,-0.12937,0.0254,0.9844,-0.74,1.14,0.15,0.33394,-0.11263,0.05546,0.9342,-0.74,1.12,0.17,0.49532,-0.07403,0.06623,0.86302,-0.74,1.1,0.18,0.49532,-0.07403,0.06623,0.86302,-0.7,1.08,0.09,-0.46713,-0.11376,-0.07569,0.87357,-0.7,1.13,0.12,-0.04305,-0.12585,-0.04173,0.99024,-0.71,1.13,0.16,0.52478,-0.13071,0.0239,0.8408,-0.72,1.11,0.17,0.81205,-0.08442,-0.00202,0.57745,-0.72,1.09,0.16,0.81205,-0.08442,-0.00202,0.57745,-0.68,1.08,0.09,-0.46713,-0.11376,-0.07569,0.87357,-0.69,1.12,0.12,-0.10314,-0.11906,-0.1171,0.98055,-0.69,1.13,0.16,0.57936,-0.19067,-0.04669,0.79108,-0.7,1.11,0.17,0.89088,-0.19627,0.01323,0.40944,-0.71,1.09,0.15,0.89088,-0.19627,0.01323,0.40944,-0.68,1.08,0.1,-0.40203,-0.08562,-0.31761,0.8545,-0.67,1.11,0.13,-0.30335,-0.0756,-0.23608,0.92007,-0.67,1.13,0.15,0.42881,-0.24153,-0.19898,0.84746,-0.68,1.11,0.16,0.79597,-0.34576,-0.06103,0.49311,-0.69,1.1,0.15,0.79597,-0.34576,-0.06103,0.49311,-0.81,1.08,0.19
-0.8,1.45,-0.14,-0.8,1.45,-0.14,-0.85,1.09,0.11,0.33943,-0.08279,-0.15809,-0.92355,-0.86,1.05,0.06,0.33943,-0.08279,-0.15809,-0.92355,-0.83,1.07,0.09,0.44072,-0.16147,0.52151,-0.71255,-0.8,1.09,0.11,0.17297,0.02058,0.47053,-0.86502,-0.8,1.1,0.14,0.01757,0.06284,0.53587,-0.84178,-0.8,1.1,0.16,0.01757,0.06284,0.53587,-0.84178,-0.84,1.08,0.09,0.33943,-0.08279,-0.15809,-0.92355,-0.83,1.12,0.13,0.04042,-0.12062,-0.08318,-0.98838,-0.82,1.12,0.17,-0.3718,-0.14913,-0.0515,-0.91481,-0.82,1.1,0.18,-0.53562,-0.12893,-0.03069,-0.834,-0.81,1.09,0.19,-0.53562,-0.12893,-0.03069,-0.834,-0.85,1.07,0.09,0.33943,-0.08279,-0.15809,-0.92355,-0.85,1.11,0.13,0.09969,-0.1096,-0.14764,-0.97788,-0.85,1.12,0.17,-0.33299,-0.16472,-0.09848,-0.92319,-0.84,1.11,0.19,-0.52513,-0.16803,-0.12306,-0.82514,-0.83,1.09,0.2,-0.52513,-0.16803,-0.12306,-0.82514,-0.87,1.07,0.09,0.33943,-0.08279,-0.15809,-0.92355,-0.87,1.1,0.13,0.16781,-0.08772,-0.20978,-0.95924,-0.87,1.12,0.17,-0.28106,-0.19111,-0.18551,-0.92199,-0.86,1.11,0.19,-0.5051,-0.25468,-0.15384,-0.81016,-0.84,1.09,0.2,-0.5051,-0.25468,-0.15384,-0.81016,-0.88,1.06,0.1,0.27234,-0.0237,-0.39036,-0.87914,-0.88,1.09,0.13,0.17927,-0.10553,-0.28147,-0.93675,-0.88,1.1,0.16,-0.2042,-0.1936,-0.28874,-0.91512,-0.87,1.09,0.18,-0.39003,-0.29723,-0.24599,-0.83608,-0.86,1.08,0.19,-0.39003,-0.29723,-0.24599,-0.83608,-0.7,1.11,0.1,-0.47793,-0.11706,-0.09677,0.86517,-0.69,1.05,0.07,-0.47793,-0.11706,-0.09677,0.86517,-0.73,1.08,0.09,-0.42874,-0.1138,0.66473,0.60113,-0.75,1.09,0.11,-0.23931,0.08735,0.59903,0.75912,-0.75,1.1,0.14,-0.08149,0.16308,0.64554,0.74165,-0.75,1.11,0.16,-0.08149,0.16308,0.64554,0.74165,-0.71,1.08,0.09,-0.47793,-0.11706,-0.09677,0.86517,-0.72,1.13,0.11,-0.14458,-0.13846,0.00308,0.97975,-0.73,1.14,0.15,0.29712,-0.13173,0.03833,0.94493,-0.74,1.13,0.17,0.46076,-0.0963,0.05163,0.88077,-0.74,1.11,0.18,0.46076,-0.0963,0.05163,0.88077,-0.7,1.08,0.09,-0.47793,-0.11706,-0.09677,0.86517,-0.7,1.13,0.12,-0.06705,-0.13722,-0.06143,0.98636,-0.71,1.14,0.16,0.47593,-0.15191,0.00947,0.86621,-0.72,1.12,0.17,0.76447,-0.11501,-0.00965,0.63424,-0.72,1.09,0.17,0.76447,-0.11501,-0.00965,0.63424,-0.68,1.08,0.09,-0.47793,-0.11706,-0.09677,0.86517,-0.69,1.12,0.12,-0.12158,-0.13023,-0.13624,0.97453,-0.69,1.13,0.16,0.53581,-0.21098,-0.05905,0.81542,-0.7,1.11,0.17,0.85521,-0.22335,0.00902,0.46759,-0.71,1.09,0.15,0.85521,-0.22335,0.00902,0.46759,-0.68,1.08,0.1,-0.409,-0.09262,-0.33772,0.84267,-0.67,1.11,0.13,-0.31091,-0.08595,-0.25553,0.9114,-0.67,1.13,0.15,0.40087,-0.25929,-0.20949,0.85334,-0.68,1.12,0.16,0.76484,-0.36604,-0.06593,0.52601,-0.69,1.1,0.15,0.76484,-0.36604,-0.06593,0.52601,-0.81,1.08,0.19
-0.8,1.45,-0.14,-0.8,1.45,-0.14,-0.85,1.09,0.11,0.33289,-0.08324,-0.16415,-0.92483,-0.86,1.05,0.06,0.33289,-0.08324,-0.16415,-0.92483,-0.83,1.07,0.09,0.42801,-0.15983,0.52531,-0.71785,-0.81,1.09,0.11,0.16663,0.02065,0.47327,-0.86477,-0.8,1.1,0.14,0.02496,0.05399,0.54035,-0.83934,-0.8,1.1,0.16,0.02496,0.05399,0.54035,-0.83934,-0.84,1.08,0.09,0.33289,-0.08324,-0.16415,-0.92483,-0.83,1.12,0.13,0.0199,-0.12421,-0.08677,-0.98826,-0.82,1.12,0.17,-0.38488,-0.15301,-0.05435,-0.90857,-0.82,1.1,0.18,-0.54239,-0.1329,-0.03331,-0.82888,-0.81,1.08,0.19,-0.54239,-0.1329,-0.03331,-0.82888,-0.85,1.07,0.09,0.33289,-0.08324,-0.16415,-0.92483,-0.85,1.11,0.13,0.08191,-0.11273,-0.15227,-0.97847,-0.85,1.12,0.17,-0.34873,-0.16924,-0.10144,-0.91622,-0.84,1.11,0.19,-0.53894,-0.17197,-0.12475,-0.81511,-0.83,1.09,0.2,-0.53894,-0.17197,-0.12475,-0.81511,-0.87,1.07,0.09,0.33289,-0.08324,-0.16415,-0.92483,-0.87,1.1,0.13,0.15215,-0.09015,-0.21483,-0.9605,-0.87,1.11,0.17,-0.29964,-0.1957,-0.18842,-0.91456,-0.85,1.1,0.19,-0.52306,-0.2596,-0.15544,-0.79678,-0.84,1.08,0.2,-0.52306,-0.2596,-0.15544,-0.79678,-0.88,1.06,0.1,0.26505,-0.02271,-0.39557,-0.87907,-0.89,1.09,0.14,0.16768,-0.10587,-0.28754,-0.93702,-0.88,1.1,0.16,-0.22964,-0.19987,-0.29147,-0.90684,-0.87,1.09,0.18,-0.42238,-0.3062,-0.24539,-0.81708,-0.86,1.08,0.19,-0.42238,-0.3062,-0.24539,-0.81708,-0.7,1.1,0.11,-0.45819,-0.10913,-0.10434,0.87594,-0.69,1.05,0.07,-0.45819,-0.10913,-0.10434,0.87594,-0.72,1.07,0.09,-0.41504,-0.12532,0.65757,0.61615,-0.75,1.08,0.11,-0.21935,0.07684,0.59513,0.76928,-0.75,1.1,0.14,-0.06263,0.14893,0.6436,0.74812,-0.75,1.11,0.17,-0.06263,0.14893,0.6436,0.74812,-0.71,1.08,0.09,-0.45819,-0.10913,-0.10434,0.87594,-0.72,1.13,0.12,-0.11719,-0.13461,-0.00624,0.98392,-0.73,1.14,0.15,0.31483,-0.13187,0.02681,0.93956,-0.74,1.12,0.17,0.47522,-0.09836,0.04051,0.87341,-0.74,1.1,0.18,0.47522,-0.09836,0.04051,0.87341,-0.7,1.08,0.09,-0.45819,-0.10913,-0.10434,0.87594,-0.7,1.13,0.12,-0.04434,-0.13297,-0.07105,0.98757,-0.71,1.13,0.16,0.47124,-0.15316,-0.00528,0.86859,-0.72,1.11,0.17,0.74411,-0.1231,-0.02455,0.65615,-0.72,1.09,0.17,0.74411,-0.1231,-0.02455,0.65615,-0.68,1.08,0.1,-0.45819,-0.10913,-0.10434,0.87594,-0.68,1.12,0.13,-0.10182,-0.12379,-0.14554,0.97628,-0.69,1.13,0.16,0.51491,-0.20842,-0.07933,0.82773,-0.7,1.11,0.17,0.82614,-0.23286,-0.0157,0.51286,-0.71,1.09,0.16,0.82614,-0.23286,-0.0157,0.51286,-0.67,1.07,0.1,-0.39026,-0.07948,-0.34466,0.85005,-0.67,1.11,0.13,-0.28625,-0.0785,-0.26184,0.91833,-0.67,1.12,0.15,0.39686,-0.24973,-0.22616,0.85381,-0.68,1.11,0.17,0.7451,-0.36459,-0.09464,0.5504,-0.69,1.1,0.16,0.7451,-0.36459,-0.09464,0.5504,-0.81,1.08,0.19
-0.8,1.45,-0.14,-0.8,1.45,-0.14,-0.85,1.09,0.11,0.33142,-0.08423,-0.16989,-0.92423,-0.86,1.06,0.06,0.33142,-0.08423,-0.16989,-0.92423,-0.83,1.07,0.09,0.42198,-0.15733,0.52709,-0.72066,-0.81,1.09,0.11,0.16643,0.02074,0.47385,-0.86449,-0.8,1.1,0.14,0.03264,0.04907,0.54202,-0.83829,-0.8,1.1,0.16,0.03264,0.04907,0.54202,-0.83829,-0.84,1.08,0.09,0.33142,-0.08423,-0.16989,-0.92423,-0.83,1.12,0.13,0.01195,-0.12782,-0.09071,-0.98757,-0.82,1.12,0.17,-0.38818,-0.15746,-0.05716,-0.90623,-0.82,1.1,0.18,-0.54167,-0.13756,-0.03588,-0.82849,-0.81,1.08,0.19,-0.54167,-0.13756,-0.03588,-0.82849,-0.85,1.07,0.09,0.33142,-0.08423,-0.16989,-0.92423,-0.86,1.11,0.13,0.06994,-0.11627,-0.15659,-0.9783,-0.85,1.12,0.17,-0.36094,-0.17431,-0.10355,-0.91028,-0.84,1.1,0.19,-0.55132,-0.17665,-0.12534,-0.80569,-0.83,1.08,0.2,-0.55132,-0.17665,-0.12534,-0.80569,-0.87,1.07,0.09,0.33142,-0.08423,-0.16989,-0.92423,-0.87,1.1,0.14,0.14126,-0.09316,-0.21974,-0.96077,-0.87,1.11,0.17,-0.3166,-0.20158,-0.19017,-0.90717,-0.85,1.1,0.19,-0.54181,-0.26583,-0.15491,-0.78216,-0.84,1.08,0.2,-0.54181,-0.26583,-0.15491,-0.78216,-0.88,1.06,0.1,0.26262,-0.02355,-0.40078,-0.87741,-0.89,1.09,0.14,0.16313,-0.10635,-0.29355,-0.9359,-0.88,1.1,0.16,-0.24751,-0.20674,-0.29409,-0.89973,-0.87,1.09,0.18,-0.44847,-0.31609,-0.24358,-0.79977,-0.86,1.08,0.19,-0.44847,-0.31609,-0.24358,-0.79977,-0.7,1.1,0.11,-0.46186,-0.1085,-0.11025,0.87336,-0.69,1.05,0.07,-0.46186,-0.1085,-0.11025,0.87336,-0.72,1.08,0.1,-0.42029,-0.12191,0.65281,0.61833,-0.75,1.09,0.11,-0.22295,0.07887,0.58915,0.77264,-0.75,1.1,0.14,-0.06537,0.15047,0.63771,0.7526,-0.75,1.11,0.17,-0.06537,0.15047,0.63771,0.7526,-0.71,1.08,0.09,-0.46186,-0.1085,-0.11025,0.87336,-0.72,1.13,0.12,-0.11733,-0.13631,-0.01092,0.98363,-0.73,1.14,0.15,0.30515,-0.13561,0.02192,0.94234,-0.74,1.12,0.17,0.46139,-0.10315,0.03539,0.88047,-0.74,1.11,0.19,0.46139,-0.10315,0.03539,0.88047,-0.7,1.08,0.09,-0.46186,-0.1085,-0.11025,0.87336,-0.7,1.13,0.12,-0.05534,-0.13526,-0.07671,0.98628,-0.71,1.14,0.16,0.4354,-0.15787,-0.01349,0.88618,-0.72,1.11,0.18,0.69573,-0.13423,-0.03343,0.70485,-0.72,1.09,0.18,0.69573,-0.13423,-0.03343,0.70485,-0.68,1.08,0.1,-0.46186,-0.1085,-0.11025,0.87336,-0.68,1.12,0.13,-0.10438,-0.12716,-0.14984,0.97493,-0.69,1.13,0.16,0.4916,-0.21203,-0.08533,0.84029,-0.7,1.11,0.17,0.79664,-0.24063,-0.02409,0.55397,-0.71,1.09,0.17,0.79664,-0.24063,-0.02409,0.55397,-0.67,1.07,0.1,-0.39317,-0.08011,-0.35037,0.84631,-0.67,1.11,0.13,-0.27528,-0.08721,-0.26532,0.9199,-0.67,1.12,0.16,0.39082,-0.25372,-0.22716,0.85515,-0.68,1.11,0.17,0.72208,-0.36656,-0.10409,0.57741,-0.69,1.1,0.16,0.72208,-0.36656,-0.10409,0.57741,-0.81,1.08,0.19
-0.79,1.45,-0.14,-0.79,1.45,-0.14,-0.86,1.09,0.11,0.32969,-0.08457,-0.17223,-0.92439,-0.86,1.06,0.06,0.32969,-0.08457,-0.17223,-0.92439,-0.83,1.07,0.09,0.41915,-0.15782,0.52726,-0.72208,-0.81,1.09,0.11,0.16698,0.01853,0.474,-0.86435,-0.8,1.1,0.14,0.03581,0.04538,0.5428,-0.83787,-0.8,1.1,0.16,0.03581,0.04538,0.5428,-0.83787,-0.84,1.08,0.09,0.32969,-0.08457,-0.17223,-0.92439,-0.83,1.12,0.13,0.0067,-0.12894,-0.09251,-0.98731,-0.82,1.12,0.17,-0.39034,-0.1589,-0.05883,-0.90494,-0.82,1.1,0.18,-0.54234,-0.13919,-0.03745,-0.82771,-0.81,1.08,0.19,-0.54234,-0.13919,-0.03745,-0.82771,-0.85,1.07,0.09,0.32969,-0.08457,-0.17223,-0.92439,-0.86,1.11,0.13,0.06267,-0.11724,-0.15857,-0.97836,-0.85,1.12,0.17,-0.3681,-0.17602,-0.10482,-0.90694,-0.84,1.1,0.19,-0.55926,-0.17824,-0.12588,-0.79976,-0.83,1.08,0.2,-0.55926,-0.17824,-0.12588,-0.79976,-0.87,1.07,0.09,0.32969,-0.08457,-0.17223,-0.92439,-0.87,1.1,0.14,0.13655,-0.09344,-0.22212,-0.96088,-0.87,1.11,0.17,-0.32461,-0.2035,-0.19146,-0.90364,-0.85,1.1,0.19,-0.55199,-0.26827,-0.15492,-0.77417,-0.84,1.08,0.2,-0.55199,-0.26827,-0.15492,-0.77417,-0.88,1.06,0.1,0.26055,-0.02354,-0.40283,-0.87709,-0.89,1.09,0.14,0.16211,-0.10475,-0.29652,-0.93532,-0.88,1.1,0.16,-0.25553,-0.20876,-0.29602,-0.89638,-0.87,1.09,0.18,-0.4627,-0.32042,-0.24274,-0.79014,-0.86,1.08,0.19,-0.4627,-0.32042,-0.24274,-0.79014,-0.7,1.11,0.11,-0.47104,-0.11293,-0.10993,0.86792,-0.69,1.05,0.07,-0.47104,-0.11293,-0.10993,0.86792,-0.72,1.08,0.09,-0.42719,-0.11825,0.65462,0.61237,-0.75,1.09,0.11,-0.23226,0.08166,0.58994,0.769,-0.75,1.1,0.14,-0.07773,0.15174,0.63906,0.75002,-0.75,1.11,0.16,-0.07773,0.15174,0.63906,0.75002,-0.71,1.08,0.09,-0.47104,-0.11293,-0.10993,0.86792,-0.72,1.13,0.12,-0.13269,-0.13965,-0.00996,0.98122,-0.73,1.14,0.15,0.28189,-0.13884,0.02306,0.94907,-0.74,1.13,0.17,0.43591,-0.10649,0.03588,0.89295,-0.74,1.11,0.18,0.43591,-0.10649,0.03588,0.89295,-0.7,1.08,0.09,-0.47104,-0.11293,-0.10993,0.86792,-0.7,1.13,0.12,-0.06567,-0.1395,-0.07453,0.98523,-0.71,1.14,0.16,0.42139,-0.16059,-0.01029,0.89249,-0.72,1.12,0.18,0.67934,-0.13717,-0.03032,0.72025,-0.72,1.09,0.18,0.67934,-0.13717,-0.03032,0.72025,-0.68,1.08,0.1,-0.47104,-0.11293,-0.10993,0.86792,-0.68,1.12,0.13,-0.09642,-0.13492,-0.1453,0.97539,-0.69,1.13,0.16,0.49777,-0.21523,-0.07748,0.8366,-0.7,1.11,0.17,0.79912,-0.2402,-0.01638,0.55086,-0.71,1.09,0.16,0.79912,-0.2402,-0.01638,0.55086,-0.67,1.08,0.1,-0.40129,-0.08705,-0.35014,0.8419,-0.67,1.11,0.13,-0.26127,-0.10125,-0.26267,0.9233,-0.67,1.12,0.16,0.40085,-0.26056,-0.21734,0.85099,-0.68,1.11,0.17,0.72343,-0.36746,-0.09627,0.5765,-0.69,1.1,0.16,0.72343,-0.36746,-0.09627,0.5765,-0.81,1.08,0.19
-0.79,1.45,-0.14,-0.79,1.45,-0.14,-0.86,1.09,0.11,0.33028,-0.08367,-0.17298,-0.92412,-0.86,1.06,0.06,0.33028,-0.08367,-0.17298,-0.92412,-0.83,1.07,0.09,0.41579,-0.15764,0.53003,-0.72203,-0.81,1.09,0.11,0.16496,0.01931,0.47664,-0.86327,-0.8,1.1,0.14,0.03661,0.04449,0.54553,-0.83611,-0.8,1.1,0.16,0.03661,0.04449,0.54553,-0.83611,-0.84,1.08,0.09,0.33028,-0.08367,-0.17298,-0.92412,-0.83,1.12,0.13,0.00668,-0.12721,-0.0943,-0.98736,-0.82,1.12,0.17,-0.3895,-0.15797,-0.06131,-0.9053,-0.82,1.1,0.18,-0.54152,-0.13869,-0.04009,-0.8282,-0.81,1.08,0.19,-0.54152,-0.13869,-0.04009,-0.8282,-0.85,1.07,0.09,0.33028,-0.08367,-0.17298,-0.92412,-0.86,1.11,0.13,0.06112,-0.1158,-0.16002,-0.97839,-0.85,1.12,0.17,-0.36745,-0.17508,-0.10714,-0.90711,-0.84,1.1,0.19,-0.55877,-0.17788,-0.12832,-0.79979,-0.83,1.08,0.2,-0.55877,-0.17788,-0.12832,-0.79979,-0.87,1.07,0.09,0.33028,-0.08367,-0.17298,-0.92412,-0.87,1.1,0.14,0.13771,-0.09169,-0.22356,-0.96055,-0.87,1.11,0.17,-0.32333,-0.20266,-0.19352,-0.90385,-0.85,1.1,0.19,-0.55205,-0.26823,-0.15676,-0.77377,-0.84,1.08,0.2,-0.55205,-0.26823,-0.15676,-0.77377,-0.88,1.06,0.1,0.2612,-0.02285,-0.40359,-0.87656,-0.89,1.09,0.14,0.1692,-0.10092,-0.29822,-0.93394,-0.88,1.1,0.16,-0.25353,-0.20819,-0.29825,-0.89634,-0.87,1.09,0.18,-0.46575,-0.32185,-0.24314,-0.78764,-0.86,1.08,0.19,-0.46575,-0.32185,-0.24314,-0.78764,-0.7,1.11,0.11,-0.47071,-0.12078,-0.10065,0.86817,-0.69,1.05,0.07,-0.47071,-0.12078,-0.10065,0.86817,-0.72,1.08,0.09,-0.42685,-0.12442,0.66196,0.60343,-0.75,1.09,0.11,-0.23631,0.0763,0.59959,0.76081,-0.75,1.1,0.14,-0.09059,0.14188,0.6511,0.74009,-0.75,1.11,0.16,-0.09059,0.14188,0.6511,0.74009,-0.71,1.08,0.09,-0.47071,-0.12078,-0.10065,0.86817,-0.72,1.13,0.12,-0.13097,-0.14158,-0.00044,0.98122,-0.73,1.14,0.15,0.28496,-0.13663,0.03274,0.94818,-0.74,1.13,0.17,0.43665,-0.10277,0.0449,0.89261,-0.74,1.11,0.18,0.43665,-0.10277,0.0449,0.89261,-0.7,1.08,0.09,-0.47071,-0.12078,-0.10065,0.86817,-0.7,1.13,0.12,-0.05785,-0.14277,-0.06232,0.9861,-0.71,1.14,0.16,0.43575,-0.15741,0.00319,0.88619,-0.72,1.12,0.17,0.69425,-0.1288,-0.01791,0.70789,-0.73,1.09,0.18,0.69425,-0.1288,-0.01791,0.70789,-0.68,1.08,0.1,-0.47071,-0.12078,-0.10065,0.86817,-0.68,1.12,0.13,-0.08464,-0.14003,-0.13226,0.97762,-0.69,1.13,0.16,0.51467,-0.2116,-0.06295,0.82848,-0.71,1.11,0.17,0.81372,-0.23009,-0.00416,0.53377,-0.71,1.09,0.16,0.81372,-0.23009,-0.00416,0.53377,-0.67,1.08,0.1,-0.40064,-0.09438,-0.34102,0.84515,-0.67,1.11,0.13,-0.2515,-0.11108,-0.25066,0.92821,-0.67,1.12,0.16,0.41364,-0.25983,-0.20186,0.84891,-0.68,1.11,0.17,0.73698,-0.36013,-0.08195,0.56608,-0.7,1.1,0.16,0.73698,-0.36013,-0.08195,0.56608,-0.81,1.08,0.19
-0.79,1.45,-0.14,-0.79,1.45,-0.14,-0.86,1.09,0.11,0.33025,-0.08223,-0.17442,-0.92399,-0.86,1.06,0.06,0.33025,-0.08223,-0.17442,-0.92399,-0.83,1.07,0.09,0.41406,-0.15676,0.53021,-0.72309,-0.81,1.09,0.11,0.1643,0.01968,0.47645,-0.86349,-0.8,1.1,0.14,0.03605,0.04468,0.5453,-0.83627,-0.8,1.1,0.16,0.03605,0.04468,0.5453,-0.83627,-0.84,1.08,0.09,0.33025,-0.08223,-0.17442,-0.92399,-0.83,1.12,0.13,0.00264,-0.12432,-0.09732,-0.98745,-0.83,1.12,0.17,-0.39233,-0.15636,-0.06539,-0.90408,-0.82,1.1,0.18,-0.54431,-0.13778,-0.04427,-0.8263,-0.81,1.08,0.19,-0.54431,-0.13778,-0.04427,-0.8263,-0.86,1.07,0.09,0.33025,-0.08223,-0.17442,-0.92399,-0.86,1.12,0.13,0.05512,-0.1143,-0.16204,-0.97859,-0.85,1.12,0.17,-0.36885,-0.17403,-0.11039,-0.90635,-0.84,1.1,0.19,-0.55931,-0.17738,-0.13175,-0.79897,-0.83,1.08,0.2,-0.55931,-0.17738,-0.13175,-0.79897,-0.87,1.07,0.09,0.33025,-0.08223,-0.17442,-0.92399,-0.87,1.1,0.13,0.13502,-0.09034,-0.22538,-0.96063,-0.87,1.11,0.17,-0.32487,-0.20204,-0.19595,-0.90291,-0.86,1.1,0.19,-0.55348,-0.26827,-0.15922,-0.77223,-0.84,1.08,0.2,-0.55348,-0.26827,-0.15922,-0.77223,-0.88,1.07,0.1,0.26127,-0.02149,-0.40498,-0.87594,-0.89,1.09,0.14,0.17252,-0.09792,-0.30031,-0.93299,-0.88,1.1,0.16,-0.25283,-0.20754,-0.30088,-0.89581,-0.87,1.09,0.18,-0.46725,-0.32256,-0.24494,-0.7859,-0.86,1.08,0.19,-0.46725,-0.32256,-0.24494,-0.7859,-0.7,1.11,0.1,-0.48844,-0.11428,-0.10509,0.85867,-0.69,1.06,0.07,-0.48844,-0.11428,-0.10509,0.85867,-0.72,1.08,0.09,-0.439,-0.10663,0.65829,0.60213,-0.75,1.09,0.11,-0.24954,0.09097,0.59026,0.76227,-0.75,1.11,0.14,-0.10196,0.15664,0.64035,0.745,-0.75,1.12,0.16,-0.10196,0.15664,0.64035,0.745,-0.71,1.08,0.09,-0.48844,-0.11428,-0.10509,0.85867,-0.72,1.13,0.11,-0.14866,-0.13531,-0.00768,0.97956,-0.73,1.14,0.15,0.27241,-0.1342,0.02432,0.95247,-0.74,1.13,0.17,0.42813,-0.10177,0.03625,0.89724,-0.74,1.12,0.18,0.42813,-0.10177,0.03625,0.89724,-0.7,1.08,0.09,-0.48844,-0.11428,-0.10509,0.85867,-0.7,1.13,0.12,-0.08784,-0.1376,-0.07184,0.98397,-0.71,1.14,0.16,0.40621,-0.15795,-0.00797,0.89999,-0.72,1.12,0.17,0.66908,-0.13504,-0.02906,0.73024,-0.72,1.1,0.18,0.66908,-0.13504,-0.02906,0.73024,-0.68,1.08,0.09,-0.48844,-0.11428,-0.10509,0.85867,-0.68,1.13,0.12,-0.11121,-0.13622,-0.14044,0.97435,-0.69,1.14,0.16,0.48579,-0.21406,-0.0724,0.84436,-0.7,1.11,0.17,0.79235,-0.23749,-0.01178,0.56182,-0.71,1.09,0.16,0.79235,-0.23749,-0.01178,0.56182,-0.67,1.08,0.1,-0.4187,-0.09317,-0.34597,0.83446,-0.67,1.11,0.13,-0.26706,-0.11137,-0.25587,0.92239,-0.67,1.13,0.15,0.39329,-0.26373,-0.20653,0.85622,-0.68,1.12,0.16,0.72084,-0.36588,-0.08403,0.58263,-0.69,1.1,0.16,0.72084,-0.36588,-0.08403,0.58263,-0.81,1.08,0.19
-0.79,1.45,-0.14,-0.79,1.45,-0.14,-0.86,1.1,0.11,0.33355,-0.08156,-0.17446,-0.92285,-0.86,1.06,0.06,0.33355,-0.08156,-0.17446,-0.92285,-0.83,1.07,0.09,0.41441,-0.15515,0.53209,-0.72185,-0.81,1.09,0.11,0.16669,0.0209,0.47772,-0.8623,-0.8,1.1,0.14,0.03726,0.04703,0.54628,-0.83545,-0.8,1.1,0.16,0.03726,0.04703,0.54628,-0.83545,-0.84,1.08,0.09,0.33355,-0.08156,-0.17446,-0.92285,-0.83,1.12,0.13,0.00435,-0.12216,-0.09855,-0.9876,-0.83,1.12,0.17,-0.39043,-0.15489,-0.06743,-0.905,-0.82,1.1,0.18,-0.54382,-0.13678,-0.04636,-0.82668,-0.81,1.08,0.19,-0.54382,-0.13678,-0.04636,-0.82668,-0.86,1.07,0.09,0.33355,-0.08156,-0.17446,-0.92285,-0.86,1.12,0.13,0.05376,-0.11341,-0.16247,-0.9787,-0.85,1.12,0.17,-0.36741,-0.17307,-0.11167,-0.90697,-0.84,1.11,0.19,-0.55808,-0.17682,-0.13321,-0.79971,-0.83,1.08,0.2,-0.55808,-0.17682,-0.13321,-0.79971,-0.87,1.07,0.09,0.33355,-0.08156,-0.17446,-0.92285,-0.87,1.1,0.13,0.13543,-0.08949,-0.22593,-0.96052,-0.87,1.12,0.17,-0.3241,-0.20148,-0.19688,-0.90311,-0.86,1.1,0.19,-0.55371,-0.26814,-0.16,-0.77195,-0.84,1.08,0.2,-0.55371,-0.26814,-0.16,-0.77195,-0.88,1.07,0.1,0.26462,-0.02169,-0.40526,-0.8748,-0.89,1.09,0.13,0.17672,-0.0963,-0.30102,-0.93214,-0.88,1.1,0.16,-0.25207,-0.20782,-0.30159,-0.89572,-0.87,1.09,0.18,-0.46984,-0.32397,-0.2443,-0.78397,-0.86,1.08,0.19,-0.46984,-0.32397,-0.2443,-0.78397,-0.7,1.11,0.1,-0.47938,-0.11865,-0.09461,0.86439,-0.69,1.06,0.07,-0.47938,-0.11865,-0.09461,0.86439,-0.72,1.08,0.09,-0.43463,-0.12043,0.6635,0.59696,-0.75,1.09,0.11,-0.24844,0.07773,0.6001,0.75638,-0.75,1.1,0.14,-0.10374,0.1439,0.65184,0.73732,-0.75,1.11,0.16,-0.10374,0.1439,0.65184,0.73732,-0.71,1.08,0.09,-0.47938,-0.11865,-0.09461,0.86439,-0.72,1.13,0.12,-0.16471,-0.13643,-0.00056,0.97686,-0.73,1.15,0.15,0.2487,-0.13295,0.03027,0.95894,-0.74,1.13,0.17,0.40599,-0.09978,0.04129,0.90748,-0.74,1.12,0.18,0.40599,-0.09978,0.04129,0.90748,-0.7,1.08,0.09,-0.47938,-0.11865,-0.09461,0.86439,-0.7,1.13,0.12,-0.09468,-0.13504,-0.06397,0.98423,-0.71,1.14,0.16,0.3927,-0.15194,-0.00361,0.90702,-0.72,1.12,0.17,0.64999,-0.12944,-0.02766,0.74832,-0.73,1.1,0.18,0.64999,-0.12944,-0.02766,0.74832,-0.68,1.08,0.1,-0.47938,-0.11865,-0.09461,0.86439,-0.68,1.13,0.12,-0.0971,-0.13463,-0.12985,0.97754,-0.69,1.13,0.16,0.49847,-0.20598,-0.0653,0.83954,-0.7,1.11,0.17,0.79951,-0.227,-0.00967,0.55602,-0.71,1.09,0.16,0.79951,-0.227,-0.00967,0.55602,-0.67,1.08,0.1,-0.41039,-0.09453,-0.33565,0.8426,-0.67,1.11,0.13,-0.24441,-0.11542,-0.2436,0.93145,-0.67,1.13,0.15,0.40986,-0.25562,-0.19686,0.85319,-0.68,1.12,0.16,0.72705,-0.35362,-0.08394,0.5825,-0.7,1.1,0.16,0.72705,-0.35362,-0.08394,0.5825,-0.81,1.08,0.19
-0.8,1.45,-0.14,-0.8,1.45,-0.14,-0.86,1.1,0.11,0.33503,-0.08076,-0.17186,-0.92287,-0.86,1.06,0.06,0.33503,-0.08076,-0.17186,-0.92287,-0.83,1.07,0.09,0.41206,-0.155,0.53642,-0.72002,-0.81,1.09,0.11,0.16655,0.0218,0.48194,-0.85996,-0.8,1.1,0.14,0.03504,0.0499,0.54985,-0.83303,-0.8,1.1,0.16,0.03504,0.0499,0.54985,-0.83303,-0.84,1.08,0.09,0.33503,-0.08076,-0.17186,-0.92287,-0.83,1.12,0.13,0.00588,-0.11916,-0.09739,-0.98807,-0.83,1.12,0.17,-0.38931,-0.15172,-0.06753,-0.90601,-0.82,1.1,0.18,-0.54447,-0.13379,-0.04675,-0.82672,-0.81,1.08,0.19,-0.54447,-0.13379,-0.04675,-0.82672,-0.86,1.07,0.09,0.33503,-0.08076,-0.17186,-0.92287,-0.86,1.12,0.13,0.05444,-0.11087,-0.16093,-0.97921,-0.85,1.12,0.17,-0.3652,-0.1699,-0.11169,-0.90845,-0.84,1.11,0.19,-0.55604,-0.17389,-0.13397,-0.80164,-0.83,1.09,0.2,-0.55604,-0.17389,-0.13397,-0.80164,-0.87,1.07,0.09,0.33503,-0.08076,-0.17186,-0.92287,-0.87,1.1,0.13,0.13432,-0.08756,-0.22405,-0.9613,-0.87,1.12,0.17,-0.32447,-0.19868,-0.19634,-0.90371,-0.86,1.1,0.19,-0.55501,-0.26543,-0.16004,-0.77194,-0.84,1.08,0.2,-0.55501,-0.26543,-0.16004,-0.77194,-0.88,1.07,0.1,0.26659,-0.02117,-0.40298,-0.87527,-0.89,1.09,0.13,0.17684,-0.09499,-0.29895,-0.93292,-0.88,1.1,0.16,-0.25303,-0.20602,-0.30018,-0.89634,-0.87,1.09,0.18,-0.47225,-0.32224,-0.24303,-0.78363,-0.86,1.08,0.19,-0.47225,-0.32224,-0.24303,-0.78363,-0.7,1.11,0.11,-0.46509,-0.10825,-0.07583,0.87534,-0.69,1.06,0.07,-0.46509,-0.10825,-0.07583,0.87534,-0.72,1.08,0.1,-0.4167,-0.12843,0.67376,0.59658,-0.75,1.09,0.12,-0.23117,0.07484,0.61304,0.75176,-0.75,1.1,0.14,-0.08798,0.1408,0.66409,0.72898,-0.75,1.11,0.17,-0.08798,0.1408,0.66409,0.72898,-0.71,1.08,0.09,-0.46509,-0.10825,-0.07583,0.87534,-0.72,1.13,0.12,-0.15131,-0.12575,0.01765,0.9803,-0.73,1.14,0.15,0.25556,-0.11576,0.04164,0.95893,-0.74,1.13,0.17,0.41086,-0.0809,0.04965,0.90674,-0.74,1.11,0.19,0.41086,-0.0809,0.04965,0.90674,-0.7,1.08,0.09,-0.46509,-0.10825,-0.07583,0.87534,-0.7,1.13,0.12,-0.10838,-0.11578,-0.0547,0.98583,-0.71,1.14,0.16,0.35484,-0.13061,-0.00846,0.92572,-0.72,1.12,0.18,0.59528,-0.11395,-0.04041,0.79437,-0.72,1.1,0.19,0.59528,-0.11395,-0.04041,0.79437,-0.68,1.08,0.1,-0.46509,-0.10825,-0.07583,0.87534,-0.68,1.12,0.13,-0.09881,-0.11255,-0.1205,0.98135,-0.69,1.13,0.16,0.47888,-0.18135,-0.07459,0.8557,-0.7,1.11,0.17,0.77362,-0.20989,-0.03173,0.59704,-0.71,1.09,0.17,0.77362,-0.20989,-0.03173,0.59704,-0.67,1.08,0.1,-0.40114,-0.07962,-0.31793,0.85538,-0.67,1.11,0.13,-0.23655,-0.0961,-0.22878,0.9394,-0.67,1.12,0.16,0.40839,-0.22839,-0.20056,0.86072,-0.68,1.11,0.17,0.71615,-0.32955,-0.10517,0.60619,-0.69,1.1,0.16,0.71615,-0.32955,-0.10517,0.60619,-0.81,1.08,0.19
-0.8,1.45,-0.14,-0.8,1.45,-0.14,-0.86,1.1,0.11,0.33491,-0.07963,-0.16828,-0.92367,-0.86,1.06,0.06,0.33491,-0.07963,-0.16828,-0.92367,-0.83,1.07,0.09,0.41068,-0.15604,0.53906,-0.71862,-0.81,1.09,0.11,0.16617,0.02147,0.4849,-0.85837,-0.8,1.1,0.14,0.03255,0.05143,0.55236,-0.83138,-0.8,1.1,0.16,0.03255,0.05143,0.55236,-0.83138,-0.84,1.08,0.09,0.33491,-0.07963,-0.16828,-0.92367,-0.83,1.12,0.13,0.00569,-0.11574,-0.09526,-0.98868,-0.83,1.12,0.17,-0.39117,-0.14786,-0.0667,-0.90591,-0.82,1.1,0.18,-0.54804,-0.12994,-0.04623,-0.82501,-0.81,1.08,0.19,-0.54804,-0.12994,-0.04623,-0.82501,-0.86,1.07,0.09,0.33491,-0.07963,-0.16828,-0.92367,-0.86,1.12,0.13,0.05334,-0.10825,-0.15817,-0.98001,-0.85,1.12,0.17,-0.36547,-0.16622,-0.11049,-0.90917,-0.84,1.11,0.19,-0.55581,-0.16999,-0.13366,-0.8027,-0.83,1.09,0.2,-0.55581,-0.16999,-0.13366,-0.8027,-0.87,1.07,0.09,0.33491,-0.07963,-0.16828,-0.92367,-0.87,1.1,0.13,0.13215,-0.08575,-0.22084,-0.9625,-0.87,1.12,0.17,-0.32491,-0.19511,-0.19479,-0.90467,-0.86,1.1,0.19,-0.55516,-0.26152,-0.15968,-0.77324,-0.84,1.08,0.2,-0.55516,-0.26152,-0.15968,-0.77324,-0.88,1.07,0.1,0.26719,-0.01988,-0.39968,-0.87662,-0.89,1.09,0.13,0.17595,-0.09362,-0.29566,-0.93427,-0.88,1.1,0.16,-0.25312,-0.20294,-0.29808,-0.89772,-0.87,1.09,0.18,-0.47202,-0.31855,-0.24213,-0.78555,-0.86,1.08,0.19,-0.47202,-0.31855,-0.24213,-0.78555,-0.7,1.11,0.11,-0.46292,-0.11126,-0.08297,0.87546,-0.69,1.06,0.07,-0.46292,-0.11126,-0.08297,0.87546,-0.72,1.08,0.1,-0.4279,-0.1321,0.66265,0.60029,-0.75,1.09,0.11,-0.23599,0.0704,0.60277,0.75896,-0.75,1.1,0.14,-0.09319,0.13449,0.65555,0.73722,-0.75,1.11,0.17,-0.09319,0.13449,0.65555,0.73722,-0.71,1.08,0.09,-0.46292,-0.11126,-0.08297,0.87546,-0.72,1.13,0.12,-0.16723,-0.1373,0.01473,0.9762,-0.73,1.14,0.15,0.23381,-0.12817,0.04295,0.96284,-0.74,1.13,0.17,0.38839,-0.09329,0.05219,0.91528,-0.74,1.12,0.19,0.38839,-0.09329,0.05219,0.91528,-0.7,1.08,0.09,-0.46292,-0.11126,-0.08297,0.87546,-0.7,1.13,0.12,-0.12679,-0.11992,-0.0628,0.98265,-0.71,1.14,0.16,0.30931,-0.13777,-0.01774,0.94076,-0.72,1.13,0.18,0.53493,-0.12667,-0.04911,0.8339,-0.72,1.11,0.19,0.53493,-0.12667,-0.04911,0.8339,-0.68,1.08,0.1,-0.46292,-0.11126,-0.08297,0.87546,-0.68,1.12,0.13,-0.09973,-0.11677,-0.12692,0.97995,-0.69,1.13,0.16,0.48115,-0.18877,-0.07665,0.85263,-0.7,1.11,0.17,0.77394,-0.21742,-0.03096,0.59396,-0.71,1.09,0.17,0.77394,-0.21742,-0.03096,0.59396,-0.67,1.08,0.1,-0.39742,-0.0822,-0.3245,0.8544,-0.67,1.11,0.13,-0.2357,-0.09867,-0.23548,0.93769,-0.67,1.12,0.16,0.40697,-0.23421,-0.20433,0.85893,-0.68,1.11,0.17,0.70717,-0.33551,-0.1095,0.61267,-0.69,1.1,0.16,0.70717,-0.33551,-0.1095,0.61267,-0.81,1.08,0.19
-0.8,1.45,-0.14,-0.8,1.45,-0.14,-0.86,1.1,0.11,0.33429,-0.08091,-0.16192,-0.92493,-0.86,1.06,0.06,0.33429,-0.08091,-0.16192,-0.92493,-0.83,1.07,0.09,0.41154,-0.15971,0.54179,-0.71526,-0.81,1.09,0.11,0.16742,0.01895,0.48891,-0.85591,-0.8,1.1,0.14,0.03412,0.04963,0.5565,-0.82866,-0.8,1.1,0.16,0.03412,0.04963,0.5565,-0.82866,-0.84,1.08,0.09,0.33429,-0.08091,-0.16192,-0.92493,-0.83,1.12,0.13,0.00616,-0.11359,-0.08983,-0.98944,-0.83,1.12,0.17,-0.39306,-0.14388,-0.06226,-0.90605,-0.82,1.1,0.18,-0.55073,-0.12527,-0.04236,-0.82414,-0.81,1.08,0.19,-0.55073,-0.12527,-0.04236,-0.82414,-0.85,1.07,0.09,0.33429,-0.08091,-0.16192,-0.92493,-0.86,1.12,0.13,0.04856,-0.10808,-0.15135,-0.98135,-0.85,1.12,0.17,-0.36869,-0.16294,-0.1047,-0.90915,-0.84,1.11,0.19,-0.5577,-0.16528,-0.12883,-0.80315,-0.83,1.08,0.2,-0.5577,-0.16528,-0.12883,-0.80315,-0.87,1.07,0.09,0.33429,-0.08091,-0.16192,-0.92493,-0.87,1.1,0.13,0.12642,-0.08711,-0.21373,-0.96475,-0.87,1.12,0.17,-0.32881,-0.19238,-0.18847,-0.90518,-0.86,1.1,0.19,-0.55801,-0.25696,-0.15476,-0.77372,-0.84,1.08,0.2,-0.55801,-0.25696,-0.15476,-0.77372,-0.88,1.07,0.1,0.26719,-0.0207,-0.39367,-0.87932,-0.89,1.09,0.13,0.17262,-0.09512,-0.28904,-0.93681,-0.88,1.1,0.16,-0.25583,-0.20076,-0.29183,-0.89949,-0.87,1.09,0.18,-0.47383,-0.31443,-0.23738,-0.78757,-0.86,1.08,0.19,-0.47383,-0.31443,-0.23738,-0.78757,-0.7,1.1,0.11,-0.45901,-0.10804,-0.07814,0.87837,-0.69,1.06,0.07,-0.45901,-0.10804,-0.07814,0.87837,-0.72,1.07,0.1,-0.42757,-0.13211,0.66189,0.60136,-0.75,1.09,0.11,-0.23086,0.07383,0.60187,0.76093,-0.75,1.1,0.14,-0.08601,0.13869,0.65364,0.739,-0.75,1.11,0.17,-0.08601,0.13869,0.65364,0.739,-0.71,1.08,0.09,-0.45901,-0.10804,-0.07814,0.87837,-0.72,1.13,0.12,-0.15384,-0.13282,0.01973,0.97893,-0.73,1.14,0.15,0.2557,-0.12133,0.04677,0.95797,-0.74,1.13,0.17,0.41098,-0.08556,0.05566,0.90591,-0.74,1.11,0.19,0.41098,-0.08556,0.05566,0.90591,-0.7,1.08,0.09,-0.45901,-0.10804,-0.07814,0.87837,-0.7,1.13,0.12,-0.11027,-0.11669,-0.05695,0.98538,-0.71,1.14,0.16,0.33665,-0.13229,-0.01232,0.93221,-0.72,1.12,0.18,0.56452,-0.1181,-0.04464,0.81571,-0.72,1.1,0.19,0.56452,-0.1181,-0.04464,0.81571,-0.68,1.08,0.1,-0.45901,-0.10804,-0.07814,0.87837,-0.68,1.12,0.13,-0.08489,-0.11323,-0.12196,0.98239,-0.69,1.13,0.16,0.49761,-0.18267,-0.07439,0.84468,-0.7,1.11,0.17,0.7862,-0.21032,-0.03146,0.58023,-0.71,1.09,0.17,0.7862,-0.21032,-0.03146,0.58023,-0.67,1.08,0.1,-0.39492,-0.07777,-0.31994,0.85769,-0.67,1.11,0.13,-0.23,-0.09393,-0.23163,0.94054,-0.67,1.12,0.16,0.41146,-0.22735,-0.20473,0.85854,-0.68,1.11,0.17,0.70899,-0.3291,-0.11384,0.61324,-0.69,1.09,0.16,0.70899,-0.3291,-0.11384,0.61324,-0.81,1.08,0.19
-0.8,1.45,-0.14,-0.8,1.45,-0.14,-0.85,1.1,0.11,0.33108,-0.08043,-0.15475,-0.92735,-0.86,1.06,0.06,0.33108,-0.08043,-0.15475,-0.92735,-0.83,1.07,0.09,0.4086,-0.16327,0.54566,-0.71319,-0.81,1.09,0.11,0.16417,0.01758,0.49402,-0.85363,-0.8,1.1,0.14,0.03044,0.04917,0.5613,-0.82559,-0.8,1.1,0.16,0.03044,0.04917,0.5613,-0.82559,-0.84,1.08,0.09,0.33108,-0.08043,-0.15475,-0.92735,-0.83,1.12,0.13,0.00479,-0.11007,-0.08391,-0.99036,-0.82,1.12,0.17,-0.39516,-0.13829,-0.05819,-0.90628,-0.82,1.1,0.18,-0.55349,-0.11907,-0.03915,-0.82337,-0.81,1.08,0.19,-0.55349,-0.11907,-0.03915,-0.82337,-0.85,1.07,0.09,0.33108,-0.08043,-0.15475,-0.92735,-0.85,1.12,0.13,0.04211,-0.10581,-0.14431,-0.98296,-0.85,1.12,0.17,-0.37309,-0.15762,-0.09965,-0.90886,-0.84,1.1,0.19,-0.56046,-0.15866,-0.12514,-0.80315,-0.83,1.08,0.2,-0.56046,-0.15866,-0.12514,-0.80315,-0.87,1.07,0.09,0.33108,-0.08043,-0.15475,-0.92735,-0.87,1.1,0.13,0.1181,-0.08606,-0.20627,-0.96752,-0.87,1.11,0.17,-0.33412,-0.18707,-0.18317,-0.90544,-0.85,1.1,0.19,-0.56225,-0.25021,-0.15149,-0.77351,-0.84,1.08,0.2,-0.56225,-0.25021,-0.15149,-0.77351,-0.88,1.07,0.1,0.26515,-0.01909,-0.38679,-0.88302,-0.89,1.09,0.13,0.16456,-0.09529,-0.28169,-0.94047,-0.88,1.1,0.16,-0.26192,-0.19634,-0.28566,-0.90069,-0.87,1.09,0.18,-0.47886,-0.3082,-0.23341,-0.78818,-0.86,1.08,0.19,-0.47886,-0.3082,-0.23341,-0.78818,-0.7,1.11,0.11,-0.46843,-0.10338,-0.08928,0.87287,-0.69,1.06,0.07,-0.46843,-0.10338,-0.08928,0.87287,-0.72,1.08,0.1,-0.43919,-0.12094,0.65195,0.60618,-0.75,1.09,0.11,-0.24015,0.08103,0.58807,0.76807,-0.75,1.1,0.14,-0.0951,0.14351,0.64027,0.7486,-0.75,1.11,0.16,-0.0951,0.14351,0.64027,0.7486,-0.71,1.08,0.09,-0.46843,-0.10338,-0.08928,0.87287,-0.72,1.13,0.12,-0.17084,-0.13098,0.00618,0.97653,-0.73,1.14,0.15,0.24455,-0.12533,0.03448,0.96089,-0.74,1.13,0.17,0.4041,-0.09152,0.0443,0.90904,-0.74,1.12,0.19,0.4041,-0.09152,0.0443,0.90904,-0.7,1.08,0.09,-0.46843,-0.10338,-0.08928,0.87287,-0.7,1.13,0.12,-0.11744,-0.11742,-0.06809,0.98376,-0.71,1.14,0.16,0.32915,-0.13793,-0.02203,0.93389,-0.72,1.13,0.18,0.55702,-0.12647,-0.05271,0.81912,-0.72,1.1,0.19,0.55702,-0.12647,-0.05271,0.81912,-0.68,1.08,0.1,-0.46843,-0.10338,-0.08928,0.87287,-0.68,1.12,0.13,-0.08747,-0.11529,-0.13295,0.9805,-0.69,1.13,0.16,0.49433,-0.19075,-0.08207,0.84411,-0.7,1.11,0.17,0.78258,-0.2208,-0.03542,0.581,-0.71,1.09,0.17,0.78258,-0.2208,-0.03542,0.581,-0.67,1.08,0.1,-0.40355,-0.0762,-0.33099,0.84958,-0.67,1.11,0.13,-0.23482,-0.09443,-0.24372,0.93624,-0.67,1.12,0.16,0.40379,-0.23534,-0.21387,0.85781,-0.68,1.11,0.17,0.69808,-0.33958,-0.12025,0.6188,-0.69,1.1,0.16,0.69808,-0.33958,-0.12025,0.6188,-0.81,1.08,0.19
-0.8,1.45,-0.14,-0.8,1.45,-0.14,-0.85,1.1,0.11,0.3356,-0.07715,-0.15409,-0.92611,-0.86,1.06,0.06,0.3356,-0.07715,-0.15409,-0.92611,-0.83,1.07,0.09,0.41188,-0.15923,0.54515,-0.71261,-0.81,1.09,0.11,0.16681,0.02149,0.4922,-0.85408,-0.8,1.1,0.14,0.03169,0.05373,0.55902,-0.82681,-0.8,1.1,0.16,0.03169,0.05373,0.55902,-0.82681,-0.84,1.08,0.09,0.3356,-0.07715,-0.15409,-0.92611,-0.83,1.12,0.13,0.01802,-0.10626,-0.08536,-0.9905,-0.83,1.12,0.17,-0.38254,-0.13569,-0.06108,-0.91188,-0.82,1.1,0.18,-0.54283,-0.11716,-0.04272,-0.83053,-0.81,1.09,0.19,-0.54283,-0.11716,-0.04272,-0.83053,-0.85,1.07,0.09,0.3356,-0.07715,-0.15409,-0.92611,-0.86,1.12,0.13,0.05008,-0.10233,-0.14491,-0.98286,-0.85,1.12,0.17,-0.36197,-0.1544,-0.10227,-0.91361,-0.84,1.11,0.19,-0.54937,-0.1567,-0.12866,-0.81061,-0.83,1.08,0.2,-0.54937,-0.1567,-0.12866,-0.81061,-0.87,1.07,0.09,0.3356,-0.07715,-0.15409,-0.92611,-0.87,1.11,0.13,0.12432,-0.08301,-0.20646,-0.96697,-0.87,1.12,0.17,-0.32472,-0.18402,-0.18523,-0.90906,-0.86,1.1,0.19,-0.55324,-0.24798,-0.15427,-0.78015,-0.84,1.08,0.2,-0.55324,-0.24798,-0.15427,-0.78015,-0.88,1.07,0.09,0.27032,-0.01701,-0.38659,-0.88158,-0.89,1.09,0.13,0.16857,-0.09276,-0.28167,-0.94002,-0.88,1.1,0.16,-0.25715,-0.19412,-0.28689,-0.90216,-0.87,1.09,0.18,-0.47395,-0.30628,-0.23518,-0.79136,-0.86,1.08,0.19,-0.47395,-0.30628,-0.23518,-0.79136,-0.7,1.11,0.11,-0.46812,-0.10339,-0.09448,0.8725,-0.69,1.06,0.07,-0.46812,-0.10339,-0.09448,0.8725,-0.72,1.08,0.1,-0.43941,-0.12053,0.64911,0.60914,-0.74,1.09,0.11,-0.23893,0.08094,0.585,0.7708,-0.75,1.1,0.14,-0.09612,0.14069,0.63809,0.75087,-0.75,1.11,0.16,-0.09612,0.14069,0.63809,0.75087,-0.71,1.08,0.09,-0.46812,-0.10339,-0.09448,0.8725,-0.72,1.13,0.12,-0.18449,-0.13329,-0.00053,0.97375,-0.73,1.14,0.15,0.22926,-0.13056,0.02918,0.96413,-0.73,1.13,0.17,0.38903,-0.09778,0.03946,0.91517,-0.74,1.12,0.19,0.38903,-0.09778,0.03946,0.91517,-0.7,1.08,0.09,-0.46812,-0.10339,-0.09448,0.8725,-0.7,1.13,0.12,-0.12336,-0.11906,-0.07348,0.98245,-0.71,1.14,0.16,0.31557,-0.14164,-0.02727,0.93788,-0.71,1.13,0.18,0.53815,-0.13225,-0.05742,0.83043,-0.72,1.11,0.19,0.53815,-0.13225,-0.05742,0.83043,-0.68,1.08,0.1,-0.46812,-0.10339,-0.09448,0.8725,-0.68,1.12,0.13,-0.08003,-0.11869,-0.1363,0.98027,-0.69,1.13,0.16,0.50391,-0.19544,-0.08223,0.83733,-0.7,1.11,0.17,0.78923,-0.22475,-0.03378,0.57049,-0.71,1.09,0.17,0.78923,-0.22475,-0.03378,0.57049,-0.67,1.08,0.1,-0.40252,-0.07628,-0.3359,0.84813,-0.67,1.11,0.13,-0.22377,-0.0995,-0.24729,0.93748,-0.67,1.12,0.16,0.41144,-0.24005,-0.21406,0.8528,-0.68,1.11,0.17,0.69879,-0.34317,-0.12109,0.61585,-0.69,1.1,0.16,0.69879,-0.34317,-0.12109,0.61585,-0.81,1.08,0.19
-0.8,1.45,-0.14,-0.8,1.45,-0.14,-0.86,1.1,0.11,0.33106,-0.06664,-0.15005,-0.92922,-0.86,1.06,0.06,0.33106,-0.06664,-0.15005,-0.92922,-0.83,1.07,0.09,0.40681,-0.16173,0.54424,-0.71565,-0.81,1.09,0.11,0.15765,0.02122,0.49225,-0.85579,-0.8,1.1,0.14,0.02219,0.05284,0.55875,-0.82736,-0.8,1.1,0.16,0.02219,0.05284,0.55875,-0.82736,-0.84,1.08,0.09,0.33106,-0.06664,-0.15005,-0.92922,-0.83,1.12,0.13,0.03975,-0.09526,-0.08661,-0.99088,-0.83,1.12,0.17,-0.35403,-0.12605,-0.06773,-0.92422,-0.82,1.11,0.18,-0.51742,-0.10911,-0.05177,-0.84717,-0.82,1.09,0.19,-0.51742,-0.10911,-0.05177,-0.84717,-0.85,1.07,0.09,0.33106,-0.06664,-0.15005,-0.92922,-0.86,1.12,0.13,0.0795,-0.08591,-0.14728,-0.98214,-0.85,1.12,0.17,-0.31664,-0.13863,-0.11386,-0.93143,-0.84,1.11,0.19,-0.49784,-0.14557,-0.14469,-0.84263,-0.83,1.09,0.21,-0.49784,-0.14557,-0.14469,-0.84263,-0.87,1.07,0.09,0.33106,-0.06664,-0.15005,-0.92922,-0.87,1.1,0.13,0.15044,-0.06494,-0.20712,-0.96449,-0.87,1.12,0.17,-0.27603,-0.16444,-0.19725,-0.92621,-0.86,1.1,0.19,-0.49633,-0.23144,-0.17278,-0.81868,-0.85,1.09,0.2,-0.49633,-0.23144,-0.17278,-0.81868,-0.88,1.07,0.09,0.2686,-0.00539,-0.38288,-0.88387,-0.89,1.09,0.13,0.18128,-0.07455,-0.28071,-0.93957,-0.89,1.1,0.16,-0.22341,-0.17174,-0.29698,-0.91236,-0.88,1.09,0.18,-0.42619,-0.28294,-0.2545,-0.82069,-0.86,1.08,0.19,-0.42619,-0.28294,-0.2545,-0.82069,-0.7,1.1,0.11,-0.45502,-0.11127,-0.09494,0.87839,-0.69,1.05,0.07,-0.45502,-0.11127,-0.09494,0.87839,-0.72,1.07,0.1,-0.43419,-0.13441,0.64804,0.61111,-0.75,1.09,0.11,-0.23437,0.06632,0.58848,0.77095,-0.75,1.1,0.14,-0.09631,0.12316,0.64424,0.74867,-0.75,1.11,0.17,-0.09631,0.12316,0.64424,0.74867,-0.71,1.08,0.09,-0.45502,-0.11127,-0.09494,0.87839,-0.72,1.13,0.12,-0.15794,-0.14124,0.00319,0.97729,-0.73,1.14,0.16,0.25791,-0.13555,0.036,0.95594,-0.74,1.13,0.17,0.41329,-0.10136,0.04746,0.9037,-0.74,1.11,0.19,0.41329,-0.10136,0.04746,0.9037,-0.7,1.08,0.09,-0.45502,-0.11127,-0.09494,0.87839,-0.7,1.13,0.12,-0.09848,-0.12796,-0.06852,0.9845,-0.71,1.14,0.16,0.35298,-0.14745,-0.0168,0.92379,-0.72,1.12,0.18,0.57634,-0.13274,-0.04501,0.8051,-0.72,1.1,0.19,0.57634,-0.13274,-0.04501,0.8051,-0.68,1.08,0.1,-0.45502,-0.11127,-0.09494,0.87839,-0.68,1.12,0.13,-0.0567,-0.12674,-0.13141,0.98156,-0.69,1.13,0.16,0.52588,-0.19835,-0.07365,0.82382,-0.7,1.1,0.17,0.80436,-0.22327,-0.02516,0.55002,-0.71,1.08,0.17,0.80436,-0.22327,-0.02516,0.55002,-0.67,1.07,0.1,-0.38803,-0.08038,-0.33558,0.85461,-0.67,1.11,0.13,-0.20007,-0.10796,-0.24416,0.94271,-0.67,1.12,0.16,0.43439,-0.24282,-0.20651,0.84244,-0.68,1.11,0.17,0.71605,-0.34234,-0.11423,0.59751,-0.69,1.09,0.16,0.71605,-0.34234,-0.11423,0.59751,-0.81,1.08,0.19
-0.8,1.45,-0.14,-0.8,1.45,-0.14,-0.86,1.09,0.11,0.32505,-0.06282,-0.14087,-0.93304,-0.86,1.06,0.06,0.32505,-0.06282,-0.14087,-0.93304,-0.83,1.07,0.09,0.40559,-0.17176,0.54404,-0.71415,-0.81,1.09,0.11,0.15089,0.0149,0.49578,-0.85511,-0.8,1.09,0.14,0.0166,0.04607,0.56273,-0.82519,-0.8,1.1,0.16,0.0166,0.04607,0.56273,-0.82519,-0.84,1.08,0.09,0.32505,-0.06282,-0.14087,-0.93304,-0.83,1.12,0.13,0.07021,-0.08671,-0.08296,-0.99029,-0.83,1.12,0.17,-0.3111,-0.11648,-0.06943,-0.94065,-0.82,1.11,0.19,-0.47787,-0.10034,-0.05644,-0.87086,-0.82,1.09,0.2,-0.47787,-0.10034,-0.05644,-0.87086,-0.85,1.07,0.09,0.32505,-0.06282,-0.14087,-0.93304,-0.86,1.11,0.13,0.10081,-0.07451,-0.14235,-0.98185,-0.85,1.12,0.17,-0.28338,-0.12486,-0.11559,-0.94379,-0.84,1.11,0.2,-0.45424,-0.13307,-0.15026,-0.86798,-0.83,1.09,0.21,-0.45424,-0.13307,-0.15026,-0.86798,-0.87,1.07,0.09,0.32505,-0.06282,-0.14087,-0.93304,-0.87,1.1,0.13,0.16511,-0.05461,-0.20019,-0.9642,-0.87,1.12,0.17,-0.24582,-0.1494,-0.1975,-0.93715,-0.86,1.11,0.19,-0.45475,-0.21531,-0.17872,-0.84552,-0.85,1.09,0.2,-0.45475,-0.21531,-0.17872,-0.84552,-0.88,1.07,0.09,0.2648,0.00026,-0.374,-0.88882,-0.89,1.09,0.13,0.18938,-0.0638,-0.27295,-0.94104,-0.89,1.1,0.16,-0.19486,-0.15292,-0.29708,-0.92216,-0.88,1.09,0.18,-0.37732,-0.25844,-0.26403,-0.84919,-0.87,1.08,0.19,-0.37732,-0.25844,-0.26403,-0.84919,-0.7,1.1,0.11,-0.46382,-0.1145,-0.09748,0.87307,-0.69,1.05,0.07,-0.46382,-0.1145,-0.09748,0.87307,-0.72,1.07,0.1,-0.44044,-0.12758,0.6482,0.60792,-0.75,1.09,0.11,-0.24394,0.07056,0.58654,0.76908,-0.75,1.1,0.14,-0.11019,0.12414,0.64323,0.74746,-0.75,1.11,0.16,-0.11019,0.12414,0.64323,0.74746,-0.71,1.08,0.09,-0.46382,-0.1145,-0.09748,0.87307,-0.72,1.13,0.12,-0.16354,-0.14501,0.00319,0.97582,-0.73,1.14,0.15,0.25443,-0.13904,0.03791,0.95629,-0.74,1.13,0.17,0.40996,-0.10454,0.04985,0.90472,-0.74,1.11,0.19,0.40996,-0.10454,0.04985,0.90472,-0.7,1.08,0.09,-0.46382,-0.1145,-0.09748,0.87307,-0.7,1.13,0.12,-0.11057,-0.13269,-0.06932,0.98253,-0.71,1.14,0.16,0.33598,-0.15211,-0.01624,0.92936,-0.72,1.12,0.18,0.55873,-0.13833,-0.04373,0.81656,-0.72,1.1,0.19,0.55873,-0.13833,-0.04373,0.81656,-0.68,1.08,0.1,-0.46382,-0.1145,-0.09748,0.87307,-0.68,1.12,0.13,-0.0689,-0.13215,-0.13195,0.97999,-0.69,1.13,0.16,0.51424,-0.20348,-0.0709,0.83014,-0.7,1.11,0.17,0.79485,-0.22748,-0.0209,0.56216,-0.71,1.09,0.17,0.79485,-0.22748,-0.0209,0.56216,-0.67,1.08,0.1,-0.39563,-0.08613,-0.33812,0.84955,-0.67,1.11,0.13,-0.20876,-0.11476,-0.24509,0.93978,-0.67,1.12,0.16,0.4257,-0.24934,-0.20306,0.8458,-0.68,1.11,0.17,0.70826,-0.347,-0.10876,0.60508,-0.69,1.09,0.16,0.70826,-0.347,-0.10876,0.60508,-0.81,1.08,0.19
-0.8,1.45,-0.14,-0.8,1.45,-0.14,-0.85,1.09,0.11,0.3126,-0.06557,-0.12859,-0.93885,-0.86,1.06,0.06,0.3126,-0.06557,-0.12859,-0.93885,-0.83,1.07,0.09,0.40782,-0.19025,0.53937,-0.71173,-0.8,1.08,0.11,0.14775,-0.00168,0.49797,-0.85452,-0.8,1.09,0.14,0.01408,0.03023,0.56667,-0.82327,-0.8,1.09,0.16,0.01408,0.03023,0.56667,-0.82327,-0.84,1.08,0.09,0.3126,-0.06557,-0.12859,-0.93885,-0.83,1.11,0.13,0.07778,-0.08245,-0.07423,-0.99078,-0.83,1.12,0.17,-0.29748,-0.10897,-0.06374,-0.94634,-0.82,1.11,0.19,-0.46516,-0.09204,-0.0526,-0.87886,-0.82,1.09,0.2,-0.46516,-0.09204,-0.0526,-0.87886,-0.85,1.07,0.09,0.3126,-0.06557,-0.12859,-0.93885,-0.85,1.11,0.13,0.09911,-0.0696,-0.13207,-0.98381,-0.85,1.12,0.17,-0.2782,-0.11552,-0.1089,-0.94731,-0.84,1.11,0.2,-0.44097,-0.12208,-0.14588,-0.87713,-0.83,1.09,0.21,-0.44097,-0.12208,-0.14588,-0.87713,-0.87,1.07,0.09,0.3126,-0.06557,-0.12859,-0.93885,-0.87,1.1,0.13,0.16026,-0.05223,-0.18816,-0.96757,-0.87,1.11,0.17,-0.2413,-0.14012,-0.18903,-0.94149,-0.86,1.1,0.19,-0.44245,-0.20306,-0.17404,-0.85599,-0.85,1.09,0.21,-0.44245,-0.20306,-0.17404,-0.85599,-0.88,1.07,0.09,0.25379,0.00121,-0.36153,-0.89715,-0.89,1.09,0.13,0.18259,-0.06218,-0.26038,-0.94604,-0.89,1.1,0.16,-0.1853,-0.14089,-0.28818,-0.92885,-0.88,1.09,0.18,-0.35461,-0.24082,-0.26108,-0.86492,-0.87,1.08,0.19,-0.35461,-0.24082,-0.26108,-0.86492,-0.7,1.1,0.11,-0.44499,-0.12307,-0.08941,0.88252,-0.69,1.05,0.07,-0.44499,-0.12307,-0.08941,0.88252,-0.72,1.07,0.1,-0.4354,-0.15228,0.6482,0.60587,-0.75,1.08,0.11,-0.24095,0.04504,0.59456,0.76577,-0.76,1.1,0.14,-0.11242,0.09707,0.65463,0.74121,-0.76,1.1,0.17,-0.11242,0.09707,0.65463,0.74121,-0.71,1.08,0.09,-0.44499,-0.12307,-0.08941,0.88252,-0.72,1.13,0.12,-0.15296,-0.15604,0.01543,0.97571,-0.74,1.14,0.16,0.25077,-0.14456,0.05147,0.95581,-0.74,1.12,0.18,0.40107,-0.10812,0.06335,0.90744,-0.75,1.11,0.19,0.40107,-0.10812,0.06335,0.90744,-0.7,1.08,0.1,-0.44499,-0.12307,-0.08941,0.88252,-0.7,1.13,0.13,-0.14597,-0.13624,-0.06427,0.97775,-0.71,1.14,0.16,0.29924,-0.1535,-0.01051,0.94169,-0.72,1.12,0.18,0.52418,-0.14086,-0.03844,0.839,-0.73,1.1,0.2,0.52418,-0.14086,-0.03844,0.839,-0.68,1.08,0.1,-0.44499,-0.12307,-0.08941,0.88252,-0.69,1.12,0.13,-0.1767,-0.11848,-0.13833,0.96727,-0.69,1.13,0.17,0.35147,-0.19441,-0.09483,0.91087,-0.7,1.12,0.18,0.63916,-0.23433,-0.05225,0.73064,-0.71,1.1,0.19,0.63916,-0.23433,-0.05225,0.73064,-0.67,1.07,0.1,-0.37658,-0.08905,-0.32947,0.86122,-0.67,1.11,0.14,-0.30161,-0.08431,-0.24316,0.91804,-0.67,1.12,0.16,0.30482,-0.22491,-0.226,0.89746,-0.68,1.11,0.17,0.60536,-0.33384,-0.1381,0.70924,-0.69,1.1,0.17,0.60536,-0.33384,-0.1381,0.70924,-0.81,1.08,0.19
-0.8,1.45,-0.14,-0.8,1.45,-0.14,-0.85,1.09,0.11,0.29577,-0.06469,-0.10755,-0.94698,-0.86,1.06,0.06,0.29577,-0.06469,-0.10755,-0.94698,-0.83,1.07,0.09,0.40049,-0.20895,0.54207,-0.70859,-0.8,1.08,0.11,0.13948,-0.01718,0.50743,-0.85016,-0.8,1.09,0.14,0.00846,0.01479,0.57734,-0.81632,-0.8,1.09,0.16,0.00846,0.01479,0.57734,-0.81632,-0.84,1.07,0.09,0.29577,-0.06469,-0.10755,-0.94698,-0.83,1.11,0.13,0.08782,-0.06973,-0.05978,-0.99189,-0.83,1.12,0.17,-0.28587,-0.09193,-0.05529,-0.95225,-0.82,1.1,0.19,-0.45522,-0.0739,-0.0476,-0.88603,-0.82,1.09,0.2,-0.45522,-0.0739,-0.0476,-0.88603,-0.85,1.07,0.09,0.29577,-0.06469,-0.10755,-0.94698,-0.85,1.11,0.14,0.09351,-0.05831,-0.11423,-0.98732,-0.85,1.12,0.18,-0.28159,-0.09798,-0.09695,-0.94958,-0.84,1.1,0.2,-0.43849,-0.10206,-0.13737,-0.88229,-0.84,1.09,0.21,-0.43849,-0.10206,-0.13737,-0.88229,-0.87,1.07,0.09,0.29577,-0.06469,-0.10755,-0.94698,-0.87,1.1,0.14,0.14812,-0.04456,-0.16801,-0.97357,-0.87,1.11,0.17,-0.24383,-0.12265,-0.17522,-0.94594,-0.86,1.1,0.19,-0.43644,-0.1816,-0.16592,-0.86546,-0.85,1.08,0.21,-0.43644,-0.1816,-0.16592,-0.86546,-0.88,1.07,0.09,0.24049,0.00708,-0.3405,-0.90894,-0.89,1.09,0.13,0.16908,-0.05719,-0.2393,-0.9544,-0.89,1.1,0.16,-0.17477,-0.12039,-0.27283,-0.93836,-0.88,1.09,0.18,-0.32376,-0.21195,-0.25424,-0.88635,-0.87,1.08,0.2,-0.32376,-0.21195,-0.25424,-0.88635,-0.7,1.09,0.12,-0.396,-0.14696,-0.08146,0.90275,-0.69,1.05,0.07,-0.396,-0.14696,-0.08146,0.90275,-0.73,1.07,0.1,-0.42697,-0.20666,0.63606,0.60862,-0.75,1.07,0.12,-0.22868,-0.01055,0.59978,0.76672,-0.76,1.09,0.14,-0.10747,0.03891,0.6664,0.73678,-0.76,1.09,0.17,-0.10747,0.03891,0.6664,0.73678,-0.72,1.07,0.1,-0.396,-0.14696,-0.08146,0.90275,-0.73,1.12,0.13,-0.10145,-0.1884,0.03718,0.97613,-0.74,1.12,0.16,0.24862,-0.16852,0.07506,0.95087,-0.75,1.11,0.18,0.37607,-0.13011,0.08688,0.91329,-0.75,1.1,0.2,0.37607,-0.13011,0.08688,0.91329,-0.7,1.07,0.1,-0.396,-0.14696,-0.08146,0.90275,-0.71,1.12,0.13,-0.16138,-0.15309,-0.05899,0.97316,-0.72,1.13,0.17,0.27081,-0.16653,-0.00052,0.94812,-0.73,1.12,0.19,0.48812,-0.15332,-0.02669,0.85879,-0.74,1.1,0.21,0.48812,-0.15332,-0.02669,0.85879,-0.68,1.07,0.1,-0.396,-0.14696,-0.08146,0.90275,-0.69,1.11,0.14,-0.23693,-0.11882,-0.13909,0.95415,-0.7,1.13,0.17,0.26361,-0.19457,-0.09938,0.93956,-0.71,1.12,0.19,0.54044,-0.23815,-0.06009,0.80474,-0.72,1.1,0.2,0.54044,-0.23815,-0.06009,0.80474,-0.68,1.07,0.11,-0.32495,-0.09905,-0.31864,0.88491,-0.68,1.1,0.14,-0.32766,-0.07115,-0.23498,0.91234,-0.67,1.12,0.17,0.21572,-0.19655,-0.23812,0.92635,-0.68,1.11,0.18,0.50844,-0.30896,-0.1643,0.78679,-0.7,1.1,0.19,0.50844,-0.30896,-0.1643,0.78679,-0.81,1.08,0.19
-0.8,1.45,-0.14,-0.8,1.45,-0.14,-0.85,1.09,0.11,0.28071,-0.06314,-0.08347,-0.95407,-0.86,1.06,0.06,0.28071,-0.06314,-0.08347,-0.95407,-0.83,1.07,0.09,0.38985,-0.22276,0.54998,-0.70421,-0.8,1.08,0.11,0.1331,-0.02859,0.51996,-0.84327,-0.8,1.08,0.14,0.01125,-0.00091,0.59097,-0.80662,-0.79,1.08,0.16,0.01125,-0.00091,0.59097,-0.80662,-0.84,1.07,0.09,0.28071,-0.06314,-0.08347,-0.95407,-0.83,1.11,0.14,0.10639,-0.05592,-0.04238,-0.99185,-0.83,1.11,0.17,-0.26463,-0.07299,-0.04445,-0.96056,-0.82,1.1,0.19,-0.43588,-0.05353,-0.04093,-0.89748,-0.82,1.09,0.21,-0.43588,-0.05353,-0.04093,-0.89748,-0.85,1.07,0.09,0.28071,-0.06314,-0.08347,-0.95407,-0.85,1.11,0.14,0.08468,-0.04753,-0.09253,-0.99096,-0.85,1.11,0.18,-0.29252,-0.07992,-0.08075,-0.94949,-0.84,1.1,0.2,-0.44632,-0.08078,-0.12444,-0.88249,-0.84,1.08,0.22,-0.44632,-0.08078,-0.12444,-0.88249,-0.87,1.07,0.09,0.28071,-0.06314,-0.08347,-0.95407,-0.87,1.1,0.14,0.12907,-0.03721,-0.14456,-0.98034,-0.87,1.11,0.17,-0.2601,-0.10542,-0.15733,-0.94683,-0.86,1.1,0.2,-0.44793,-0.1601,-0.15314,-0.86619,-0.85,1.08,0.21,-0.44793,-0.1601,-0.15314,-0.86619,-0.88,1.07,0.09,0.22948,0.01313,-0.31657,-0.9203,-0.89,1.08,0.13,0.15322,-0.05161,-0.21561,-0.963,-0.88,1.09,0.16,-0.18069,-0.10305,-0.25336,-0.94474,-0.88,1.09,0.18,-0.31634,-0.18797,-0.24094,-0.89808,-0.87,1.08,0.2,-0.31634,-0.18797,-0.24094,-0.89808,-0.71,1.09,0.12,-0.36163,-0.15909,-0.09175,0.91406,-0.69,1.05,0.07,-0.36163,-0.15909,-0.09175,0.91406,-0.73,1.06,0.1,-0.41806,-0.23994,0.61927,0.6198,-0.75,1.07,0.12,-0.21543,-0.0476,0.59325,0.77419,-0.76,1.08,0.14,-0.1095,-0.01119,0.66515,0.73855,-0.77,1.08,0.17,-0.1095,-0.01119,0.66515,0.73855,-0.72,1.07,0.1,-0.36163,-0.15909,-0.09175,0.91406,-0.73,1.11,0.13,-0.06315,-0.20669,0.03203,0.97584,-0.75,1.12,0.17,0.26391,-0.18811,0.07227,0.94326,-0.75,1.1,0.19,0.3761,-0.15105,0.08454,0.91027,-0.76,1.09,0.2,0.3761,-0.15105,0.08454,0.91027,-0.7,1.07,0.1,-0.36163,-0.15909,-0.09175,0.91406,-0.71,1.11,0.14,-0.13615,-0.16508,-0.06823,0.97445,-0.72,1.12,0.18,0.30185,-0.181,-0.00237,0.93601,-0.73,1.11,0.2,0.51676,-0.16568,-0.02469,0.83958,-0.74,1.09,0.21,0.51676,-0.16568,-0.02469,0.83958,-0.68,1.07,0.11,-0.36163,-0.15909,-0.09175,0.91406,-0.69,1.1,0.14,-0.21133,-0.12742,-0.14747,0.95779,-0.7,1.12,0.18,0.298,-0.20619,-0.10098,0.92655,-0.71,1.11,0.2,0.56856,-0.24864,-0.05897,0.78194,-0.72,1.09,0.2,0.56856,-0.24864,-0.05897,0.78194,-0.68,1.07,0.11,-0.28752,-0.10227,-0.3259,0.8948,-0.68,1.09,0.15,-0.29465,-0.07915,-0.24074,0.92139,-0.68,1.11,0.17,0.23101,-0.19911,-0.24208,0.92108,-0.69,1.1,0.19,0.50573,-0.30973,-0.17307,0.78635,-0.7,1.09,0.19,0.50573,-0.30973,-0.17307,0.78635,-0.81,1.08,0.19
-0.8,1.45,-0.14,-0.8,1.45,-0.14,-0.85,1.09,0.11,0.27473,-0.06051,-0.08396,-0.95593,-0.86,1.06,0.06,0.27473,-0.06051,-0.08396,-0.95593,-0.82,1.07,0.09,0.38958,-0.22535,0.54375,-0.70836,-0.8,1.08,0.11,0.13936,-0.03811,0.51374,-0.84569,-0.79,1.08,0.14,0.02182,-0.01324,0.58666,-0.80943,-0.79,1.09,0.16,0.02182,-0.01324,0.58666,-0.80943,-0.84,1.07,0.09,0.27473,-0.06051,-0.08396,-0.95593,-0.83,1.11,0.14,0.10596,-0.05349,-0.04364,-0.99197,-0.83,1.11,0.17,-0.26193,-0.07103,-0.04675,-0.96133,-0.82,1.1,0.19,-0.4315,-0.05193,-0.04376,-0.89955,-0.82,1.09,0.21,-0.4315,-0.05193,-0.04376,-0.89955,-0.85,1.07,0.09,0.27473,-0.06051,-0.08396,-0.95593,-0.85,1.11,0.14,0.07822,-0.04526,-0.09316,-0.99154,-0.85,1.11,0.18,-0.30323,-0.07836,-0.08183,-0.94616,-0.84,1.1,0.2,-0.45708,-0.07885,-0.12564,-0.87697,-0.84,1.08,0.22,-0.45708,-0.07885,-0.12564,-0.87697,-0.87,1.07,0.09,0.27473,-0.06051,-0.08396,-0.95593,-0.87,1.1,0.14,0.11457,-0.03531,-0.14489,-0.98216,-0.87,1.11,0.17,-0.2759,-0.10352,-0.15844,-0.94237,-0.86,1.09,0.2,-0.46286,-0.15817,-0.15497,-0.85833,-0.85,1.08,0.21,-0.46286,-0.15817,-0.15497,-0.85833,-0.88,1.07,0.09,0.22414,0.01716,-0.31664,-0.92153,-0.89,1.08,0.13,0.14264,-0.04939,-0.21624,-0.9646,-0.88,1.09,0.16,-0.19258,-0.10083,-0.2544,-0.94235,-0.88,1.09,0.18,-0.32562,-0.18533,-0.24323,-0.89469,-0.87,1.08,0.2,-0.32562,-0.18533,-0.24323,-0.89469,-0.71,1.09,0.12,-0.35122,-0.16725,-0.1137,0.91419,-0.69,1.05,0.07,-0.35122,-0.16725,-0.1137,0.91419,-0.73,1.06,0.1,-0.42356,-0.24878,0.60032,0.63113,-0.75,1.07,0.11,-0.21519,-0.06129,0.5769,0.78558,-0.76,1.08,0.14,-0.11457,-0.03083,0.65141,0.74939,-0.77,1.08,0.17,-0.11457,-0.03083,0.65141,0.74939,-0.72,1.07,0.1,-0.35122,-0.16725,-0.1137,0.91419,-0.73,1.11,0.13,-0.02586,-0.21818,0.01817,0.9754,-0.75,1.11,0.17,0.3053,-0.2021,0.06419,0.92834,-0.76,1.1,0.18,0.41279,-0.1658,0.07881,0.89214,-0.76,1.08,0.2,0.41279,-0.1658,0.07881,0.89214,-0.7,1.07,0.1,-0.35122,-0.16725,-0.1137,0.91419,-0.71,1.11,0.14,-0.10678,-0.17837,-0.0848,0.97447,-0.72,1.12,0.18,0.35297,-0.20001,-0.00629,0.91399,-0.73,1.1,0.2,0.56722,-0.18135,-0.02268,0.80303,-0.74,1.08,0.2,0.56722,-0.18135,-0.02268,0.80303,-0.68,1.07,0.11,-0.35122,-0.16725,-0.1137,0.91419,-0.69,1.1,0.14,-0.18037,-0.142,-0.16391,0.95939,-0.7,1.12,0.18,0.35202,-0.22853,-0.10254,0.90185,-0.71,1.1,0.19,0.61732,-0.26868,-0.05344,0.73748,-0.73,1.08,0.2,0.61732,-0.26868,-0.05344,0.73748,-0.68,1.06,0.11,-0.27267,-0.1084,-0.34556,0.89134,-0.68,1.09,0.15,-0.26602,-0.09901,-0.25754,0.92364,-0.68,1.11,0.17,0.26777,-0.22479,-0.2441,0.90453,-0.69,1.1,0.19,0.53937,-0.33477,-0.16664,0.75448,-0.7,1.08,0.19,0.53937,-0.33477,-0.16664,0.75448,-0.81,1.08,0.19
-0.8,1.45,-0.14,-0.8,1.45,-0.14,-0.85,1.09,0.11,0.28256,-0.05264,-0.1157,-0.95079,-0.86,1.06,0.06,0.28256,-0.05264,-0.1157,-0.95079,-0.82,1.07,0.09,0.4074,-0.21331,0.51527,-0.72321,-0.8,1.08,0.11,0.16187,-0.04302,0.4799,-0.86119,-0.79,1.09,0.14,0.04933,-0.02404,0.55636,-0.82913,-0.79,1.09,0.16,0.04933,-0.02404,0.55636,-0.82913,-0.84,1.08,0.09,0.28256,-0.05264,-0.1157,-0.95079,-0.83,1.11,0.14,0.10028,-0.05295,-0.07495,-0.99072,-0.83,1.12,0.17,-0.27366,-0.08227,-0.07549,-0.95532,-0.82,1.1,0.19,-0.44368,-0.06814,-0.06957,-0.89088,-0.82,1.09,0.21,-0.44368,-0.06814,-0.06957,-0.89088,-0.85,1.07,0.09,0.28256,-0.05264,-0.1157,-0.95079,-0.85,1.11,0.14,0.08853,-0.0449,-0.1256,-0.9871,-0.85,1.12,0.18,-0.30493,-0.09194,-0.1107,-0.94144,-0.84,1.1,0.2,-0.46252,-0.09728,-0.15154,-0.86813,-0.84,1.08,0.22,-0.46252,-0.09728,-0.15154,-0.86813,-0.87,1.07,0.09,0.28256,-0.05264,-0.1157,-0.95079,-0.87,1.1,0.14,0.12186,-0.03397,-0.17718,-0.97601,-0.87,1.11,0.18,-0.27221,-0.11618,-0.18778,-0.93656,-0.86,1.1,0.2,-0.45901,-0.17682,-0.18061,-0.85172,-0.85,1.08,0.21,-0.45901,-0.17682,-0.18061,-0.85172,-0.88,1.07,0.1,0.22898,0.02186,-0.34754,-0.90901,-0.89,1.08,0.14,0.15142,-0.04785,-0.24769,-0.95574,-0.89,1.09,0.16,-0.17973,-0.10985,-0.28434,-0.9353,-0.88,1.09,0.18,-0.30912,-0.19822,-0.27095,-0.8898,-0.87,1.08,0.2,-0.30912,-0.19822,-0.27095,-0.8898,-0.7,1.09,0.12,-0.37371,-0.16588,-0.127,0.90371,-0.69,1.05,0.07,-0.37371,-0.16588,-0.127,0.90371,-0.73,1.07,0.1,-0.43778,-0.22444,0.5981,0.63265,-0.75,1.08,0.11,-0.23086,-0.04054,0.56659,0.78996,-0.76,1.09,0.14,-0.13376,-0.01451,0.64078,0.75584,-0.77,1.09,0.16,-0.13376,-0.01451,0.64078,0.75584,-0.72,1.07,0.1,-0.37371,-0.16588,-0.127,0.90371,-0.73,1.12,0.13,-0.00747,-0.21187,0.00974,0.97722,-0.75,1.12,0.16,0.33701,-0.19764,0.0571,0.91875,-0.75,1.1,0.18,0.43991,-0.16213,0.07149,0.88039,-0.76,1.08,0.19,0.43991,-0.16213,0.07149,0.88039,-0.7,1.07,0.1,-0.37371,-0.16588,-0.127,0.90371,-0.71,1.12,0.14,-0.07276,-0.18596,-0.08728,0.97596,-0.72,1.12,0.17,0.40274,-0.2075,-0.00078,0.89148,-0.73,1.1,0.19,0.62435,-0.18308,-0.01274,0.75928,-0.74,1.08,0.2,0.62435,-0.18308,-0.01274,0.75928,-0.68,1.07,0.11,-0.37371,-0.16588,-0.127,0.90371,-0.69,1.11,0.14,-0.1447,-0.15788,-0.16682,0.96245,-0.7,1.12,0.18,0.41167,-0.24473,-0.09051,0.87318,-0.71,1.1,0.19,0.68178,-0.27795,-0.03299,0.67589,-0.72,1.08,0.19,0.68178,-0.27795,-0.03299,0.67589,-0.68,1.07,0.11,-0.29306,-0.11344,-0.35945,0.87866,-0.68,1.09,0.15,-0.24654,-0.12915,-0.26384,0.92354,-0.68,1.11,0.17,0.31623,-0.25923,-0.22635,0.88406,-0.69,1.1,0.18,0.59838,-0.36343,-0.13205,0.70173,-0.71,1.08,0.19,0.59838,-0.36343,-0.13205,0.70173,-0.81,1.08,0.19
-0.8,1.45,-0.14,-0.8,1.45,-0.14,-0.85,1.09,0.12,0.28188,-0.05558,-0.1179,-0.95055,-0.86,1.06,0.06,0.28188,-0.05558,-0.1179,-0.95055,-0.82,1.07,0.09,0.41128,-0.21723,0.51074,-0.72305,-0.8,1.08,0.11,0.16382,-0.04774,0.47687,-0.86225,-0.79,1.09,0.14,0.05085,-0.02838,0.55399,-0.83048,-0.79,1.09,0.16,0.05085,-0.02838,0.55399,-0.83048,-0.83,1.08,0.09,0.28188,-0.05558,-0.1179,-0.95055,-0.83,1.11,0.14,0.08858,-0.05853,-0.07491,-0.99152,-0.83,1.12,0.18,-0.28853,-0.08742,-0.07311,-0.95067,-0.82,1.1,0.2,-0.45843,-0.0727,-0.06579,-0.8833,-0.82,1.09,0.21,-0.45843,-0.0727,-0.06579,-0.8833,-0.85,1.07,0.09,0.28188,-0.05558,-0.1179,-0.95055,-0.85,1.11,0.14,0.10882,-0.04593,-0.12808,-0.9847,-0.85,1.12,0.18,-0.28354,-0.09391,-0.11272,-0.94767,-0.84,1.1,0.2,-0.44251,-0.10085,-0.15342,-0.87777,-0.84,1.09,0.22,-0.44251,-0.10085,-0.15342,-0.87777,-0.87,1.07,0.09,0.28188,-0.05558,-0.1179,-0.95055,-0.87,1.1,0.14,0.14424,-0.03389,-0.17952,-0.97253,-0.87,1.11,0.18,-0.24635,-0.11714,-0.18998,-0.94313,-0.86,1.1,0.2,-0.43276,-0.1784,-0.18218,-0.8647,-0.85,1.08,0.21,-0.43276,-0.1784,-0.18218,-0.8647,-0.88,1.07,0.1,0.22741,0.01908,-0.34947,-0.90873,-0.88,1.08,0.14,0.16292,-0.0493,-0.24893,-0.95345,-0.88,1.09,0.17,-0.15229,-0.10771,-0.28635,-0.93979,-0.88,1.09,0.18,-0.27563,-0.1946,-0.27313,-0.90087,-0.87,1.08,0.2,-0.27563,-0.1946,-0.27313,-0.90087,-0.71,1.09,0.12,-0.37475,-0.16447,-0.1222,0.9042,-0.69,1.05,0.07,-0.37475,-0.16447,-0.1222,0.9042,-0.73,1.07,0.1,-0.43283,-0.22084,0.60483,0.63092,-0.75,1.08,0.11,-0.22842,-0.03564,0.5721,0.78693,-0.76,1.09,0.14,-0.13313,-0.01108,0.6456,0.7519,-0.77,1.09,0.16,-0.13313,-0.01108,0.6456,0.7519,-0.72,1.07,0.1,-0.37475,-0.16447,-0.1222,0.9042,-0.73,1.12,0.13,0.01048,-0.2062,0.01602,0.97832,-0.75,1.11,0.16,0.36071,-0.18925,0.06235,0.91115,-0.75,1.1,0.18,0.46091,-0.15309,0.07617,0.87082,-0.76,1.08,0.19,0.46091,-0.15309,0.07617,0.87082,-0.7,1.07,0.1,-0.37475,-0.16447,-0.1222,0.9042,-0.71,1.12,0.14,-0.0546,-0.18532,-0.07898,0.97798,-0.72,1.12,0.17,0.42184,-0.20273,0.00664,0.88369,-0.73,1.1,0.19,0.64668,-0.17483,-0.00561,0.74243,-0.74,1.08,0.19,0.64668,-0.17483,-0.00561,0.74243,-0.68,1.07,0.1,-0.37475,-0.16447,-0.1222,0.9042,-0.69,1.11,0.14,-0.12911,-0.16006,-0.15851,0.96571,-0.7,1.12,0.18,0.43173,-0.2418,-0.08148,0.86516,-0.72,1.1,0.19,0.7053,-0.27124,-0.02358,0.65454,-0.72,1.08,0.19,0.7053,-0.27124,-0.02358,0.65454,-0.68,1.07,0.11,-0.29502,-0.11214,-0.35508,0.87995,-0.68,1.09,0.14,-0.23302,-0.13684,-0.25595,0.92815,-0.68,1.11,0.17,0.34149,-0.26259,-0.21301,0.87696,-0.69,1.1,0.18,0.63034,-0.36286,-0.11469,0.67665,-0.71,1.08,0.18,0.63034,-0.36286,-0.11469,0.67665,-0.81,1.08,0.19
-0.8,1.45,-0.14,-0.8,1.45,-0.14,-0.85,1.09,0.12,0.26376,-0.06145,-0.08825,-0.95858,-0.86,1.06,0.06,0.26376,-0.06145,-0.08825,-0.95858,-0.82,1.07,0.09,0.39388,-0.22822,0.5282,-0.71679,-0.8,1.08,0.11,0.12575,-0.03747,0.50086,-0.85553,-0.79,1.09,0.14,-0.00545,-0.0063,0.57299,-0.81952,-0.79,1.09,0.17,-0.00545,-0.0063,0.57299,-0.81952,-0.83,1.07,0.09,0.26376,-0.06145,-0.08825,-0.95858,-0.83,1.11,0.14,0.06808,-0.06227,-0.04264,-0.99482,-0.82,1.11,0.18,-0.29692,-0.0778,-0.04294,-0.95076,-0.82,1.1,0.2,-0.46475,-0.05759,-0.03778,-0.88276,-0.81,1.08,0.21,-0.46475,-0.05759,-0.03778,-0.88276,-0.85,1.07,0.09,0.26376,-0.06145,-0.08825,-0.95858,-0.85,1.11,0.14,0.13585,-0.04111,-0.0998,-0.98483,-0.85,1.12,0.18,-0.23338,-0.07647,-0.09053,-0.96514,-0.84,1.11,0.21,-0.38597,-0.0821,-0.13514,-0.90886,-0.83,1.09,0.22,-0.38597,-0.0821,-0.13514,-0.90886,-0.87,1.07,0.1,0.26376,-0.06145,-0.08825,-0.95858,-0.87,1.1,0.14,0.19156,-0.02692,-0.15071,-0.96947,-0.87,1.11,0.18,-0.18311,-0.09827,-0.16709,-0.96379,-0.86,1.1,0.2,-0.3671,-0.15546,-0.16296,-0.9025,-0.85,1.09,0.22,-0.3671,-0.15546,-0.16296,-0.9025,-0.87,1.07,0.1,0.21267,0.01882,-0.31978,-0.92312,-0.88,1.08,0.14,0.19186,-0.03933,-0.21871,-0.95593,-0.88,1.09,0.17,-0.09971,-0.08409,-0.26292,-0.95596,-0.88,1.09,0.19,-0.22207,-0.16718,-0.2516,-0.92706,-0.87,1.09,0.2,-0.22207,-0.16718,-0.2516,-0.92706,-0.71,1.09,0.12,-0.37278,-0.15991,-0.10683,0.90778,-0.69,1.05,0.07,-0.37278,-0.15991,-0.10683,0.90778,-0.73,1.07,0.1,-0.42142,-0.21923,0.61846,0.62597,-0.75,1.07,0.11,-0.22024,-0.02965,0.58538,0.77971,-0.76,1.08,0.14,-0.12564,-0.00534,0.65735,0.74302,-0.77,1.09,0.17,-0.12564,-0.00534,0.65735,0.74302,-0.72,1.07,0.1,-0.37278,-0.15991,-0.10683,0.90778,-0.73,1.12,0.13,0.02452,-0.19671,0.03167,0.97964,-0.75,1.11,0.16,0.3712,-0.17471,0.07299,0.90904,-0.75,1.1,0.18,0.46894,-0.13749,0.08513,0.8683,-0.76,1.08,0.19,0.46894,-0.13749,0.08513,0.8683,-0.7,1.07,0.1,-0.37278,-0.15991,-0.10683,0.90778,-0.71,1.12,0.14,-0.04535,-0.17847,-0.06296,0.98088,-0.72,1.12,0.17,0.42631,-0.18904,0.01633,0.88445,-0.73,1.1,0.19,0.65141,-0.15877,0.00025,0.74193,-0.74,1.08,0.19,0.65141,-0.15877,0.00025,0.74193,-0.68,1.07,0.1,-0.37278,-0.15991,-0.10683,0.90778,-0.69,1.11,0.14,-0.12365,-0.15452,-0.14269,0.96978,-0.7,1.12,0.18,0.43556,-0.22806,-0.07237,0.86778,-0.71,1.1,0.19,0.712,-0.2551,-0.01925,0.65392,-0.72,1.08,0.19,0.712,-0.2551,-0.01925,0.65392,-0.68,1.07,0.11,-0.29614,-0.10653,-0.34074,0.88592,-0.68,1.09,0.14,-0.22552,-0.13498,-0.23972,0.93459,-0.68,1.11,0.17,0.35113,-0.25133,-0.20103,0.87927,-0.69,1.1,0.18,0.64568,-0.34868,-0.10587,0.67106,-0.71,1.08,0.18,0.64568,-0.34868,-0.10587,0.67106,-0.81,1.08,0.19
-0.8,1.45,-0.14,-0.8,1.45,-0.14,-0.85,1.09,0.12,0.25456,-0.06095,-0.07017,-0.96258,-0.86,1.06,0.06,0.25456,-0.06095,-0.07017,-0.96258,-0.82,1.07,0.09,0.3984,-0.21464,0.52534,-0.72057,-0.8,1.08,0.11,0.11483,-0.01728,0.49447,-0.8614,-0.79,1.08,0.14,-0.03001,0.01975,0.56285,-0.82578,-0.79,1.08,0.17,-0.03001,0.01975,0.56285,-0.82578,-0.83,1.07,0.09,0.25456,-0.06095,-0.07017,-0.96258,-0.83,1.1,0.14,0.05641,-0.06145,-0.02337,-0.99624,-0.82,1.11,0.18,-0.28883,-0.06923,-0.02681,-0.9545,-0.82,1.09,0.2,-0.45203,-0.04615,-0.02405,-0.89048,-0.82,1.08,0.21,-0.45203,-0.04615,-0.02405,-0.89048,-0.85,1.07,0.09,0.25456,-0.06095,-0.07017,-0.96258,-0.85,1.1,0.14,0.13853,-0.03727,-0.08211,-0.98624,-0.84,1.12,0.18,-0.22605,-0.06607,-0.07583,-0.96891,-0.84,1.1,0.21,-0.37455,-0.06958,-0.12238,-0.91646,-0.84,1.09,0.22,-0.37455,-0.06958,-0.12238,-0.91646,-0.87,1.07,0.1,0.25456,-0.06095,-0.07017,-0.96258,-0.87,1.1,0.14,0.21444,-0.02292,-0.13281,-0.96739,-0.87,1.11,0.18,-0.1597,-0.08858,-0.15178,-0.9714,-0.86,1.1,0.2,-0.3438,-0.14318,-0.14948,-0.91595,-0.85,1.09,0.22,-0.3438,-0.14318,-0.14948,-0.91595,-0.87,1.07,0.1,0.20633,0.0221,-0.30182,-0.93051,-0.88,1.08,0.14,0.21302,-0.03246,-0.19989,-0.95583,-0.88,1.1,0.17,-0.07783,-0.07329,-0.24754,-0.96296,-0.88,1.09,0.18,-0.20697,-0.15577,-0.2363,-0.93651,-0.87,1.09,0.2,-0.20697,-0.15577,-0.2363,-0.93651,-0.7,1.09,0.12,-0.37379,-0.15876,-0.10115,0.90821,-0.69,1.05,0.07,-0.37379,-0.15876,-0.10115,0.90821,-0.73,1.07,0.1,-0.42158,-0.21748,0.62123,0.62374,-0.75,1.07,0.11,-0.22031,-0.02649,0.58775,0.77801,-0.76,1.08,0.14,-0.12582,-0.00222,0.65934,0.74124,-0.77,1.09,0.17,-0.12582,-0.00222,0.65934,0.74124,-0.72,1.07,0.1,-0.37379,-0.15876,-0.10115,0.90821,-0.73,1.12,0.13,0.03049,-0.19664,0.04162,0.97912,-0.75,1.11,0.16,0.36438,-0.17209,0.07995,0.91171,-0.75,1.1,0.18,0.45877,-0.13451,0.09094,0.87359,-0.75,1.08,0.19,0.45877,-0.13451,0.09094,0.87359,-0.7,1.07,0.1,-0.37379,-0.15876,-0.10115,0.90821,-0.71,1.12,0.13,-0.0422,-0.1787,-0.05475,0.98147,-0.72,1.12,0.17,0.41713,-0.18565,0.02113,0.88943,-0.73,1.1,0.19,0.6422,-0.15506,0.00361,0.75068,-0.74,1.08,0.19,0.6422,-0.15506,0.00361,0.75068,-0.68,1.07,0.1,-0.37379,-0.15876,-0.10115,0.90821,-0.69,1.11,0.14,-0.12401,-0.15431,-0.13602,0.97073,-0.7,1.12,0.17,0.42958,-0.22383,-0.06843,0.87217,-0.71,1.1,0.19,0.7075,-0.25004,-0.01707,0.66079,-0.72,1.08,0.19,0.7075,-0.25004,-0.01707,0.66079,-0.68,1.07,0.11,-0.29815,-0.10547,-0.3355,0.88737,-0.68,1.09,0.14,-0.22392,-0.13512,-0.2337,0.93648,-0.68,1.11,0.17,0.35195,-0.24763,-0.19648,0.88103,-0.69,1.1,0.18,0.64856,-0.34375,-0.1025,0.67134,-0.71,1.08,0.18,0.64856,-0.34375,-0.1025,0.67134,-0.81,1.08,0.19
-0.8,1.45,-0.14,-0.8,1.45,-0.14,-0.85,1.09,0.12,0.25829,-0.05965,-0.0772,-0.96113,-0.86,1.06,0.06,0.25829,-0.05965,-0.0772,-0.96113,-0.82,1.07,0.09,0.41921,-0.19573,0.50379,-0.72949,-0.8,1.08,0.11,0.13179,-0.00877,0.46622,-0.87476,-0.79,1.09,0.14,-0.01426,0.02474,0.53568,-0.84394,-0.8,1.09,0.16,-0.01426,0.02474,0.53568,-0.84394,-0.83,1.07,0.09,0.25829,-0.05965,-0.0772,-0.96113,-0.83,1.1,0.14,0.04304,-0.06232,-0.02881,-0.99671,-0.82,1.11,0.18,-0.29905,-0.07148,-0.03185,-0.95102,-0.82,1.09,0.2,-0.45776,-0.04897,-0.02863,-0.88727,-0.82,1.08,0.21,-0.45776,-0.04897,-0.02863,-0.88727,-0.85,1.07,0.09,0.25829,-0.05965,-0.0772,-0.96113,-0.85,1.11,0.14,0.12893,-0.03785,-0.08887,-0.98694,-0.85,1.12,0.18,-0.2559,-0.07065,-0.08048,-0.96075,-0.84,1.1,0.21,-0.41381,-0.07405,-0.12614,-0.89853,-0.84,1.09,0.22,-0.41381,-0.07405,-0.12614,-0.89853,-0.87,1.07,0.1,0.25829,-0.05965,-0.0772,-0.96113,-0.87,1.1,0.14,0.22251,-0.02243,-0.13991,-0.96458,-0.87,1.11,0.18,-0.18998,-0.0972,-0.15545,-0.96452,-0.86,1.11,0.2,-0.38703,-0.15373,-0.15081,-0.89657,-0.85,1.09,0.22,-0.38703,-0.15373,-0.15081,-0.89657,-0.87,1.07,0.1,0.20925,0.02226,-0.30888,-0.92753,-0.88,1.08,0.14,0.23068,-0.03255,-0.20597,-0.95042,-0.88,1.1,0.16,-0.08891,-0.08396,-0.25239,-0.95987,-0.88,1.09,0.18,-0.25144,-0.1752,-0.23535,-0.92233,-0.87,1.09,0.2,-0.25144,-0.1752,-0.23535,-0.92233,-0.7,1.09,0.12,-0.3756,-0.1596,-0.10146,0.90728,-0.69,1.05,0.07,-0.3756,-0.1596,-0.10146,0.90728,-0.73,1.07,0.1,-0.42709,-0.21665,0.61803,0.62345,-0.75,1.08,0.11,-0.22225,-0.02456,0.5846,0.7799,-0.76,1.09,0.14,-0.12645,0.00049,0.65621,0.7439,-0.77,1.09,0.17,-0.12645,0.00049,0.65621,0.7439,-0.72,1.07,0.1,-0.3756,-0.1596,-0.10146,0.90728,-0.73,1.12,0.13,0.0346,-0.20184,0.04815,0.97762,-0.75,1.11,0.16,0.35368,-0.17601,0.08512,0.9147,-0.75,1.1,0.18,0.44293,-0.1385,0.0952,0.88067,-0.76,1.08,0.19,0.44293,-0.1385,0.0952,0.88067,-0.7,1.07,0.1,-0.3756,-0.1596,-0.10146,0.90728,-0.71,1.12,0.13,-0.04022,-0.1824,-0.05179,0.98103,-0.72,1.12,0.17,0.40957,-0.1878,0.02355,0.89243,-0.73,1.1,0.19,0.63363,-0.15726,0.00613,0.75746,-0.74,1.08,0.19,0.63363,-0.15726,0.00613,0.75746,-0.68,1.07,0.1,-0.3756,-0.1596,-0.10146,0.90728,-0.69,1.11,0.14,-0.12567,-0.15669,-0.13524,0.97024,-0.7,1.12,0.17,0.42184,-0.22505,-0.06788,0.87567,-0.71,1.1,0.19,0.70055,-0.2513,-0.01626,0.6677,-0.72,1.08,0.19,0.70055,-0.2513,-0.01626,0.6677,-0.68,1.07,0.11,-0.2997,-0.10679,-0.33584,0.88656,-0.68,1.1,0.14,-0.22448,-0.13638,-0.23393,0.9361,-0.68,1.11,0.17,0.34944,-0.24845,-0.19639,0.88181,-0.69,1.1,0.18,0.64644,-0.34449,-0.10204,0.67307,-0.71,1.08,0.18,0.64644,-0.34449,-0.10204,0.67307,-0.81,1.08,0.19
