-0.79,1.45,-0.16,-0.79,1.45,-0.16,-0.85,1.09,0.11,0.34939,-0.05671,-0.12387,-0.92702,-0.86,1.06,0.06,0.34939,-0.05671,-0.12387,-0.92702,-0.83,1.07,0.09,0.40559,-0.16666,0.56874,-0.69589,-0.8,1.08,0.11,0.15578,0.02878,0.51882,-0.84008,-0.8,1.09,0.14,0.01837,0.06574,0.58237,-0.81005,-0.8,1.1,0.16,0.01837,0.06574,0.58237,-0.81005,-0.84,1.08,0.09,0.34939,-0.05671,-0.12387,-0.92702,-0.83,1.12,0.13,-0.01079,-0.09309,-0.04749,-0.99447,-0.83,1.12,0.16,-0.37072,-0.10622,-0.03659,-0.92192,-0.82,1.1,0.18,-0.50527,-0.08261,-0.02751,-0.85856,-0.82,1.08,0.19,-0.50527,-0.08261,-0.02751,-0.85856,-0.85,1.07,0.09,0.34939,-0.05671,-0.12387,-0.92702,-0.86,1.12,0.13,0.08155,-0.06682,-0.12704,-0.98628,-0.85,1.12,0.17,-0.36387,-0.11822,-0.09703,-0.91881,-0.84,1.11,0.19,-0.5788,-0.12288,-0.12978,-0.79564,-0.83,1.09,0.2,-0.5788,-0.12288,-0.12978,-0.79564,-0.87,1.07,0.09,0.34939,-0.05671,-0.12387,-0.92702,-0.87,1.11,0.13,0.14388,-0.04542,-0.18844,-0.97043,-0.87,1.12,0.17,-0.3672,-0.1546,-0.17756,-0.89985,-0.86,1.1,0.18,-0.63008,-0.22193,-0.1476,-0.72936,-0.85,1.08,0.19,-0.63008,-0.22193,-0.1476,-0.72936,-0.88,1.07,0.09,0.29212,0.0006,-0.35983,-0.88611,-0.89,1.09,0.13,0.19981,-0.03765,-0.26818,-0.94167,-0.89,1.1,0.16,-0.30443,-0.16531,-0.28902,-0.89245,-0.88,1.09,0.17,-0.57828,-0.29583,-0.22673,-0.72572,-0.86,1.08,0.18,-0.57828,-0.29583,-0.22673,-0.72572,-0.71,1.09,0.13,-0.21716,-0.14855,-0.04223,0.96384,-0.69,1.06,0.07,-0.21716,-0.14855,-0.04223,0.96384,-0.73,1.06,0.1,-0.41142,-0.29028,0.51999,0.68999,-0.76,1.07,0.11,-0.25152,-0.16735,0.49126,0.81694,-0.78,1.08,0.14,-0.22472,-0.18823,0.57269,0.76557,-0.79,1.09,0.16,-0.22472,-0.18823,0.57269,0.76557,-0.72,1.07,0.1,-0.21716,-0.14855,-0.04223,0.96384,-0.74,1.1,0.15,-0.0491,-0.22481,0.04753,0.972,-0.76,1.1,0.18,0.23539,-0.20365,0.08402,0.94661,-0.76,1.09,0.2,0.37125,-0.16313,0.10198,0.90838,-0.77,1.07,0.21,0.37125,-0.16313,0.10198,0.90838,-0.71,1.07,0.1,-0.21716,-0.14855,-0.04223,0.96384,-0.72,1.1,0.15,-0.15388,-0.11716,-0.04988,0.97985,-0.73,1.11,0.19,0.27241,-0.12999,-0.00871,0.95332,-0.74,1.1,0.21,0.50337,-0.11951,-0.04263,0.8547,-0.74,1.08,0.22,0.50337,-0.11951,-0.04263,0.8547,-0.69,1.07,0.11,-0.21716,-0.14855,-0.04223,0.96384,-0.7,1.09,0.15,-0.17208,-0.06431,-0.1086,0.97696,-0.7,1.11,0.19,0.34621,-0.13148,-0.09936,0.92357,-0.71,1.09,0.21,0.62223,-0.17653,-0.08017,0.75844,-0.72,1.07,0.21,0.62223,-0.17653,-0.08017,0.75844,-0.68,1.07,0.11,-0.15589,-0.05427,-0.26819,0.94912,-0.68,1.08,0.15,-0.19939,-0.00445,-0.1815,0.96295,-0.68,1.09,0.18,0.30678,-0.09196,-0.23263,0.91832,-0.69,1.08,0.19,0.58114,-0.20638,-0.20153,0.76097,-0.7,1.07,0.2,0.58114,-0.20638,-0.20153,0.76097,-0.81,1.08,0.19
-0.79,1.45,-0.16,-0.79,1.45,-0.16,-0.85,1.09,0.11,0.32865,-0.06919,-0.08177,-0.93836,-0.86,1.06,0.06,0.32865,-0.06919,-0.08177,-0.93836,-0.82,1.07,0.09,0.41061,-0.20226,0.5734,-0.67949,-0.8,1.08,0.11,0.17161,-0.00954,0.5356,-0.8268,-0.79,1.09,0.14,0.04659,0.02536,0.60463,-0.79474,-0.79,1.09,0.16,0.04659,0.02536,0.60463,-0.79474,-0.83,1.07,0.09,0.32865,-0.06919,-0.08177,-0.93836,-0.83,1.11,0.13,0.02904,-0.08569,-0.01412,-0.9958,-0.82,1.12,0.17,-0.37985,-0.08865,-0.00361,-0.92078,-0.82,1.1,0.18,-0.53716,-0.06046,0.00496,-0.8413,-0.81,1.08,0.19,-0.53716,-0.06046,0.00496,-0.8413,-0.85,1.07,0.09,0.32865,-0.06919,-0.08177,-0.93836,-0.85,1.11,0.13,0.05475,-0.06006,-0.08697,-0.99289,-0.84,1.12,0.17,-0.42968,-0.09674,-0.06018,-0.89577,-0.84,1.1,0.19,-0.65089,-0.08939,-0.09804,-0.74749,-0.83,1.08,0.19,-0.65089,-0.08939,-0.09804,-0.74749,-0.87,1.07,0.09,0.32865,-0.06919,-0.08177,-0.93836,-0.87,1.11,0.13,0.0858,-0.04724,-0.14509,-0.98456,-0.86,1.11,0.17,-0.43564,-0.13355,-0.1394,-0.87918,-0.86,1.09,0.18,-0.69418,-0.18848,-0.11869,-0.68447,-0.85,1.07,0.19,-0.69418,-0.18848,-0.11869,-0.68447,-0.88,1.07,0.09,0.27516,-0.00482,-0.31829,-0.90717,-0.88,1.09,0.13,0.14217,-0.04826,-0.22567,-0.96256,-0.88,1.1,0.16,-0.35368,-0.14561,-0.24897,-0.88979,-0.87,1.09,0.17,-0.60942,-0.25976,-0.20324,-0.72099,-0.86,1.07,0.18,-0.60942,-0.25976,-0.20324,-0.72099,-0.71,1.09,0.12,-0.24288,-0.15648,-0.04964,0.95606,-0.69,1.06,0.07,-0.24288,-0.15648,-0.04964,0.95606,-0.73,1.07,0.09,-0.44362,-0.27742,0.50809,0.68417,-0.76,1.08,0.11,-0.28374,-0.15991,0.47597,0.81693,-0.78,1.09,0.13,-0.24883,-0.17272,0.56046,0.77081,-0.79,1.09,0.15,-0.24883,-0.17272,0.56046,0.77081,-0.72,1.07,0.1,-0.24288,-0.15648,-0.04964,0.95606,-0.74,1.1,0.14,-0.0376,-0.20148,0.04098,0.97791,-0.76,1.1,0.18,0.30799,-0.17794,0.08268,0.93094,-0.76,1.09,0.19,0.45647,-0.13537,0.10175,0.87348,-0.77,1.07,0.21,0.45647,-0.13537,0.10175,0.87348,-0.71,1.07,0.1,-0.24288,-0.15648,-0.04964,0.95606,-0.72,1.11,0.15,-0.12011,-0.13386,-0.04797,0.98253,-0.73,1.12,0.19,0.29206,-0.14391,-0.00189,0.94551,-0.74,1.1,0.21,0.50336,-0.13031,-0.03334,0.85354,-0.74,1.08,0.22,0.50336,-0.13031,-0.03334,0.85354,-0.69,1.07,0.11,-0.24288,-0.15648,-0.04964,0.95606,-0.7,1.1,0.15,-0.18737,-0.09686,-0.11198,0.97107,-0.71,1.11,0.18,0.32273,-0.16106,-0.08667,0.92865,-0.72,1.1,0.2,0.5877,-0.20084,-0.06079,0.7814,-0.72,1.08,0.21,0.5877,-0.20084,-0.06079,0.7814,-0.68,1.07,0.11,-0.17825,-0.0685,-0.27721,0.94164,-0.68,1.09,0.15,-0.24965,-0.04617,-0.18814,0.94876,-0.68,1.1,0.18,0.27807,-0.13954,-0.21566,0.92558,-0.69,1.09,0.19,0.56209,-0.24682,-0.16718,0.77149,-0.7,1.08,0.2,0.56209,-0.24682,-0.16718,0.77149,-0.81,1.08,0.19
-0.79,1.45,-0.16,-0.79,1.45,-0.16,-0.85,1.09,0.11,0.30896,-0.07412,-0.09665,-0.94325,-0.86,1.06,0.06,0.30896,-0.07412,-0.09665,-0.94325,-0.82,1.07,0.09,0.41727,-0.2236,0.54534,-0.69173,-0.8,1.08,0.1,0.19105,-0.05141,0.51245,-0.83561,-0.79,1.09,0.13,0.08465,-0.02877,0.58917,-0.80305,-0.78,1.09,0.16,0.08465,-0.02877,0.58917,-0.80305,-0.83,1.07,0.09,0.30896,-0.07412,-0.09665,-0.94325,-0.83,1.11,0.13,0.03327,-0.08771,-0.03444,-0.99499,-0.82,1.11,0.17,-0.37374,-0.09881,-0.02152,-0.92201,-0.82,1.1,0.19,-0.53496,-0.07375,-0.01071,-0.84158,-0.81,1.08,0.2,-0.53496,-0.07375,-0.01071,-0.84158,-0.85,1.07,0.09,0.30896,-0.07412,-0.09665,-0.94325,-0.85,1.11,0.13,0.03893,-0.06552,-0.10107,-0.99196,-0.84,1.12,0.18,-0.43668,-0.10758,-0.07071,-0.89036,-0.84,1.1,0.19,-0.65169,-0.10175,-0.10531,-0.74422,-0.83,1.07,0.2,-0.65169,-0.10175,-0.10531,-0.74422,-0.87,1.07,0.09,0.30896,-0.07412,-0.09665,-0.94325,-0.87,1.1,0.13,0.05686,-0.05286,-0.15813,-0.98436,-0.86,1.11,0.17,-0.43554,-0.13991,-0.15153,-0.87622,-0.85,1.09,0.19,-0.67866,-0.19676,-0.13099,-0.69538,-0.84,1.07,0.19,-0.67866,-0.19676,-0.13099,-0.69538,-0.88,1.07,0.09,0.2529,-0.00511,-0.33085,-0.90915,-0.88,1.09,0.13,0.11365,-0.05307,-0.2387,-0.96296,-0.88,1.1,0.16,-0.32987,-0.14042,-0.2634,-0.8956,-0.87,1.09,0.18,-0.53676,-0.24637,-0.23212,-0.77286,-0.86,1.07,0.18,-0.53676,-0.24637,-0.23212,-0.77286,-0.71,1.09,0.12,-0.3042,-0.16504,-0.09529,0.93335,-0.69,1.06,0.07,-0.3042,-0.16504,-0.09529,0.93335,-0.73,1.07,0.09,-0.47996,-0.23083,0.51233,0.6737,-0.75,1.08,0.1,-0.31638,-0.11177,0.47079,0.81595,-0.77,1.09,0.13,-0.25643,-0.10781,0.55738,0.78227,-0.78,1.1,0.15,-0.25643,-0.10781,0.55738,0.78227,-0.72,1.07,0.09,-0.3042,-0.16504,-0.09529,0.93335,-0.73,1.11,0.13,-0.0669,-0.20272,0.00243,0.97695,-0.75,1.11,0.17,0.3392,-0.18985,0.05934,0.91945,-0.76,1.1,0.18,0.50292,-0.1492,0.08491,0.84711,-0.76,1.08,0.2,0.50292,-0.1492,0.08491,0.84711,-0.7,1.07,0.1,-0.3042,-0.16504,-0.09529,0.93335,-0.71,1.11,0.14,-0.07042,-0.16936,-0.06963,0.98057,-0.73,1.12,0.18,0.36714,-0.18462,-0.00124,0.91166,-0.74,1.1,0.2,0.57539,-0.16448,-0.02177,0.80087,-0.74,1.08,0.2,0.57539,-0.16448,-0.02177,0.80087,-0.68,1.07,0.1,-0.3042,-0.16504,-0.09529,0.93335,-0.7,1.1,0.14,-0.14061,-0.14091,-0.14117,0.96977,-0.7,1.12,0.18,0.37893,-0.21311,-0.08751,0.89629,-0.72,1.1,0.19,0.63522,-0.24869,-0.04624,0.72973,-0.73,1.08,0.2,0.63522,-0.24869,-0.04624,0.72973,-0.68,1.07,0.11,-0.22984,-0.0935,-0.32515,0.91253,-0.68,1.09,0.15,-0.2788,-0.0787,-0.23702,0.92731,-0.68,1.11,0.17,0.28389,-0.20433,-0.23306,0.90738,-0.69,1.1,0.19,0.56687,-0.31392,-0.15979,0.7447,-0.7,1.08,0.19,0.56687,-0.31392,-0.15979,0.7447,-0.81,1.08,0.19
-0.79,1.45,-0.16,-0.79,1.45,-0.16,-0.85,1.09,0.11,0.31826,-0.075,-0.14118,-0.93443,-0.86,1.06,0.06,0.31826,-0.075,-0.14118,-0.93443,-0.82,1.07,0.08,0.43996,-0.2108,0.51078,-0.70789,-0.8,1.09,0.1,0.21118,-0.05312,0.47304,-0.85371,-0.79,1.1,0.13,0.1041,-0.03309,0.55274,-0.82616,-0.78,1.1,0.15,0.1041,-0.03309,0.55274,-0.82616,-0.83,1.08,0.09,0.31826,-0.075,-0.14118,-0.93443,-0.83,1.12,0.13,0.04109,-0.09934,-0.07779,-0.99116,-0.82,1.12,0.17,-0.3636,-0.12705,-0.05655,-0.92112,-0.82,1.1,0.18,-0.52457,-0.1079,-0.04055,-0.84353,-0.81,1.08,0.19,-0.52457,-0.1079,-0.04055,-0.84353,-0.85,1.07,0.09,0.31826,-0.075,-0.14118,-0.93443,-0.85,1.11,0.13,0.0562,-0.0778,-0.1445,-0.98484,-0.85,1.12,0.17,-0.41483,-0.13881,-0.10352,-0.89327,-0.84,1.1,0.19,-0.62623,-0.14102,-0.12972,-0.75573,-0.83,1.08,0.2,-0.62623,-0.14102,-0.12972,-0.75573,-0.87,1.07,0.09,0.31826,-0.075,-0.14118,-0.93443,-0.87,1.1,0.13,0.07357,-0.06458,-0.20126,-0.97463,-0.86,1.11,0.17,-0.40881,-0.17046,-0.18387,-0.8775,-0.85,1.09,0.19,-0.64457,-0.23496,-0.15392,-0.71108,-0.84,1.07,0.19,-0.64457,-0.23496,-0.15392,-0.71108,-0.87,1.07,0.09,0.25564,-0.00994,-0.37342,-0.89169,-0.88,1.09,0.13,0.1246,-0.06355,-0.281,-0.94946,-0.88,1.1,0.16,-0.30251,-0.16526,-0.2978,-0.89022,-0.87,1.09,0.18,-0.49556,-0.27541,-0.2612,-0.78125,-0.86,1.07,0.19,-0.49556,-0.27541,-0.2612,-0.78125,-0.7,1.09,0.11,-0.34851,-0.17487,-0.12212,0.91271,-0.69,1.05,0.07,-0.34851,-0.17487,-0.12212,0.91271,-0.73,1.07,0.09,-0.47774,-0.20676,0.54722,0.65542,-0.75,1.08,0.1,-0.31581,-0.07702,0.50171,0.80164,-0.77,1.1,0.13,-0.24232,-0.0639,0.58522,0.77117,-0.78,1.1,0.15,-0.24232,-0.0639,0.58522,0.77117,-0.72,1.07,0.09,-0.34851,-0.17487,-0.12212,0.91271,-0.73,1.12,0.13,-0.06662,-0.21188,-0.01147,0.97496,-0.75,1.12,0.16,0.34178,-0.20366,0.05105,0.91602,-0.75,1.11,0.18,0.50092,-0.16468,0.07846,0.84605,-0.76,1.09,0.19,0.50092,-0.16468,0.07846,0.84605,-0.7,1.07,0.09,-0.34851,-0.17487,-0.12212,0.91271,-0.71,1.12,0.13,-0.06678,-0.19254,-0.08249,0.97553,-0.73,1.12,0.17,0.37838,-0.21106,-0.00034,0.90127,-0.74,1.1,0.19,0.58724,-0.18905,-0.01411,0.7869,-0.74,1.08,0.2,0.58724,-0.18905,-0.01411,0.7869,-0.68,1.07,0.1,-0.34851,-0.17487,-0.12212,0.91271,-0.69,1.11,0.14,-0.13135,-0.16927,-0.15682,0.96411,-0.7,1.12,0.17,0.38825,-0.24527,-0.0855,0.88419,-0.72,1.1,0.19,0.64388,-0.27811,-0.03372,0.712,-0.73,1.08,0.19,0.64388,-0.27811,-0.03372,0.712,-0.68,1.07,0.11,-0.26731,-0.11558,-0.35289,0.88919,-0.68,1.09,0.14,-0.2675,-0.11465,-0.26243,0.92001,-0.68,1.11,0.17,0.30653,-0.25077,-0.23063,0.8888,-0.69,1.1,0.18,0.58525,-0.35638,-0.14109,0.71454,-0.71,1.09,0.18,0.58525,-0.35638,-0.14109,0.71454,-0.81,1.08,0.19
-0.79,1.45,-0.16,-0.79,1.45,-0.16,-0.85,1.1,0.11,0.35968,-0.07523,-0.15064,-0.91776,-0.86,1.06,0.06,0.35968,-0.07523,-0.15064,-0.91776,-0.82,1.08,0.08,0.46785,-0.18119,0.51443,-0.69545,-0.8,1.09,0.1,0.24023,-0.02455,0.46785,-0.85018,-0.79,1.1,0.13,0.12507,0.00116,0.54548,-0.82874,-0.79,1.11,0.15,0.12507,0.00116,0.54548,-0.82874,-0.84,1.08,0.08,0.35968,-0.07523,-0.15064,-0.91776,-0.83,1.12,0.12,0.05846,-0.10235,-0.08426,-0.98945,-0.82,1.13,0.16,-0.36194,-0.13383,-0.05897,-0.92066,-0.82,1.11,0.18,-0.52595,-0.11522,-0.04129,-0.84166,-0.81,1.09,0.19,-0.52595,-0.11522,-0.04129,-0.84166,-0.85,1.08,0.08,0.35968,-0.07523,-0.15064,-0.91776,-0.85,1.12,0.13,0.1011,-0.08286,-0.15421,-0.97935,-0.85,1.13,0.17,-0.36981,-0.14808,-0.11003,-0.91061,-0.84,1.11,0.19,-0.58317,-0.15431,-0.13488,-0.78607,-0.83,1.09,0.19,-0.58317,-0.15431,-0.13488,-0.78607,-0.87,1.07,0.09,0.35968,-0.07523,-0.15064,-0.91776,-0.87,1.11,0.13,0.13546,-0.06886,-0.21231,-0.96531,-0.87,1.12,0.17,-0.34508,-0.18096,-0.19113,-0.90091,-0.86,1.1,0.18,-0.5848,-0.24814,-0.15775,-0.75601,-0.84,1.09,0.19,-0.5848,-0.24814,-0.15775,-0.75601,-0.88,1.07,0.09,0.29466,-0.02125,-0.38493,-0.87439,-0.88,1.09,0.13,0.17597,-0.07114,-0.2909,-0.93774,-0.88,1.1,0.16,-0.24993,-0.17963,-0.30408,-0.90156,-0.87,1.1,0.17,-0.44599,-0.29101,-0.2616,-0.80497,-0.86,1.09,0.18,-0.44599,-0.29101,-0.2616,-0.80497,-0.7,1.09,0.11,-0.36818,-0.17455,-0.12075,0.9052,-0.69,1.05,0.07,-0.36818,-0.17455,-0.12075,0.9052,-0.72,1.07,0.09,-0.4506,-0.20007,0.58995,0.63944,-0.75,1.08,0.11,-0.2961,-0.05905,0.54403,0.78286,-0.76,1.09,0.13,-0.21886,-0.04294,0.6235,0.74933,-0.77,1.1,0.16,-0.21886,-0.04294,0.6235,0.74933,-0.71,1.07,0.09,-0.36818,-0.17455,-0.12075,0.9052,-0.73,1.12,0.13,-0.02991,-0.20779,0.00215,0.97771,-0.74,1.12,0.16,0.36309,-0.19432,0.05873,0.90937,-0.75,1.1,0.17,0.50177,-0.15551,0.08112,0.84703,-0.76,1.08,0.19,0.50177,-0.15551,0.08112,0.84703,-0.7,1.07,0.09,-0.36818,-0.17455,-0.12075,0.9052,-0.71,1.12,0.13,-0.05723,-0.19501,-0.07494,0.97626,-0.72,1.12,0.17,0.385,-0.20979,0.00697,0.89873,-0.73,1.1,0.19,0.59123,-0.18581,-0.00745,0.78477,-0.74,1.08,0.19,0.59123,-0.18581,-0.00745,0.78477,-0.68,1.07,0.1,-0.36818,-0.17455,-0.12075,0.9052,-0.69,1.11,0.14,-0.11902,-0.17553,-0.14987,0.96569,-0.7,1.12,0.17,0.40058,-0.24661,-0.07642,0.87913,-0.72,1.1,0.19,0.65661,-0.27611,-0.02425,0.70145,-0.73,1.08,0.19,0.65661,-0.27611,-0.02425,0.70145,-0.68,1.07,0.1,-0.28675,-0.12037,-0.35278,0.88251,-0.68,1.09,0.14,-0.2399,-0.13434,-0.25724,0.92641,-0.68,1.11,0.17,0.34536,-0.26423,-0.21273,0.87502,-0.69,1.1,0.18,0.62197,-0.36278,-0.11939,0.68359,-0.71,1.08,0.18,0.62197,-0.36278,-0.11939,0.68359,-0.81,1.08,0.19
-0.79,1.45,-0.16,-0.79,1.45,-0.16,-0.85,1.1,0.1,0.3869,-0.0805,-0.14378,-0.90728,-0.86,1.05,0.06,0.3869,-0.0805,-0.14378,-0.90728,-0.82,1.08,0.08,0.47703,-0.16517,0.53284,-0.67914,-0.8,1.09,0.1,0.24505,0.00127,0.48216,-0.84111,-0.79,1.1,0.13,0.11352,0.03875,0.55459,-0.82343,-0.79,1.11,0.15,0.11352,0.03875,0.55459,-0.82343,-0.84,1.08,0.08,0.3869,-0.0805,-0.14378,-0.90728,-0.83,1.12,0.12,0.04485,-0.10698,-0.07089,-0.99072,-0.82,1.13,0.16,-0.41281,-0.1339,-0.03937,-0.90006,-0.82,1.11,0.17,-0.5852,-0.11187,-0.01836,-0.80292,-0.81,1.09,0.18,-0.5852,-0.11187,-0.01836,-0.80292,-0.85,1.07,0.08,0.3869,-0.0805,-0.14378,-0.90728,-0.85,1.12,0.12,0.11098,-0.093,-0.14293,-0.97908,-0.85,1.13,0.16,-0.35584,-0.15134,-0.09615,-0.91719,-0.84,1.12,0.18,-0.57103,-0.15511,-0.121,-0.79701,-0.83,1.09,0.19,-0.57103,-0.15511,-0.121,-0.79701,-0.87,1.07,0.09,0.3869,-0.0805,-0.14378,-0.90728,-0.87,1.11,0.13,0.17,-0.07818,-0.20338,-0.96105,-0.87,1.12,0.16,-0.30984,-0.18556,-0.17881,-0.9152,-0.86,1.11,0.18,-0.55573,-0.25011,-0.14382,-0.77969,-0.84,1.09,0.19,-0.55573,-0.25011,-0.14382,-0.77969,-0.88,1.07,0.09,0.32108,-0.03333,-0.37985,-0.8669,-0.89,1.09,0.13,0.21898,-0.07634,-0.28411,-0.93032,-0.88,1.11,0.15,-0.22312,-0.18935,-0.29379,-0.90997,-0.87,1.1,0.17,-0.43509,-0.30171,-0.24401,-0.81248,-0.86,1.09,0.18,-0.43509,-0.30171,-0.24401,-0.81248,-0.7,1.09,0.11,-0.36501,-0.17044,-0.1091,0.90874,-0.69,1.05,0.07,-0.36501,-0.17044,-0.1091,0.90874,-0.72,1.07,0.09,-0.42604,-0.20741,0.61331,0.63192,-0.75,1.07,0.11,-0.27432,-0.0587,0.57021,0.77212,-0.76,1.09,0.14,-0.19872,-0.04403,0.64748,0.7344,-0.77,1.09,0.16,-0.19872,-0.04403,0.64748,0.7344,-0.71,1.07,0.09,-0.36501,-0.17044,-0.1091,0.90874,-0.73,1.11,0.13,0.00405,-0.20105,0.01999,0.97937,-0.74,1.11,0.16,0.35884,-0.18293,0.06501,0.91299,-0.75,1.1,0.18,0.47451,-0.14527,0.08097,0.8644,-0.76,1.08,0.19,0.47451,-0.14527,0.08097,0.8644,-0.7,1.07,0.09,-0.36501,-0.17044,-0.1091,0.90874,-0.71,1.12,0.13,-0.04007,-0.1898,-0.06125,0.97909,-0.72,1.12,0.17,0.39273,-0.19898,0.01491,0.89774,-0.73,1.1,0.19,0.5934,-0.17331,-0.00273,0.78602,-0.74,1.08,0.19,0.5934,-0.17331,-0.00273,0.78602,-0.68,1.07,0.1,-0.36501,-0.17044,-0.1091,0.90874,-0.69,1.11,0.14,-0.10442,-0.17005,-0.1375,0.97019,-0.7,1.12,0.17,0.41674,-0.2351,-0.06872,0.8754,-0.72,1.1,0.19,0.67251,-0.2623,-0.02042,0.69175,-0.72,1.08,0.19,0.67251,-0.2623,-0.02042,0.69175,-0.68,1.07,0.1,-0.2861,-0.11503,-0.34186,0.88772,-0.68,1.09,0.14,-0.20931,-0.13749,-0.24311,0.93712,-0.68,1.11,0.17,0.38263,-0.25738,-0.19837,0.86487,-0.69,1.1,0.18,0.65689,-0.35126,-0.10868,0.65826,-0.71,1.08,0.18,0.65689,-0.35126,-0.10868,0.65826,-0.81,1.08,0.19
-0.79,1.45,-0.16,-0.79,1.45,-0.16,-0.85,1.1,0.1,0.39118,-0.07997,-0.13554,-0.90676,-0.86,1.05,0.06,0.39118,-0.07997,-0.13554,-0.90676,-0.83,1.07,0.08,0.47084,-0.16259,0.54574,-0.67382,-0.8,1.09,0.1,0.23832,0.01006,0.49439,-0.83587,-0.79,1.1,0.13,0.10228,0.05138,0.56427,-0.81762,-0.79,1.11,0.15,0.10228,0.05138,0.56427,-0.81762,-0.84,1.08,0.08,0.39118,-0.07997,-0.13554,-0.90676,-0.83,1.12,0.12,0.02361,-0.10517,-0.05975,-0.99238,-0.82,1.13,0.16,-0.46315,-0.1277,-0.02596,-0.87665,-0.82,1.11,0.17,-0.64322,-0.10312,-0.00278,-0.7587,-0.82,1.08,0.17,-0.64322,-0.10312,-0.00278,-0.7587,-0.85,1.07,0.08,0.39118,-0.07997,-0.13554,-0.90676,-0.85,1.12,0.12,0.02321,-0.10866,-0.12017,-0.98652,-0.85,1.12,0.16,-0.44226,-0.15393,-0.0681,-0.88095,-0.84,1.1,0.18,-0.65862,-0.1454,-0.0905,-0.73272,-0.83,1.08,0.18,-0.65862,-0.1454,-0.0905,-0.73272,-0.87,1.07,0.09,0.39118,-0.07997,-0.13554,-0.90676,-0.87,1.11,0.13,0.11706,-0.09355,-0.18615,-0.97103,-0.87,1.12,0.16,-0.37203,-0.19043,-0.15558,-0.89506,-0.85,1.1,0.18,-0.62382,-0.24775,-0.11824,-0.73177,-0.84,1.08,0.18,-0.62382,-0.24775,-0.11824,-0.73177,-0.88,1.07,0.09,0.3265,-0.03363,-0.37237,-0.86811,-0.89,1.1,0.13,0.22219,-0.07897,-0.27486,-0.93212,-0.88,1.11,0.15,-0.26241,-0.20004,-0.27764,-0.90224,-0.87,1.1,0.17,-0.50778,-0.31656,-0.21508,-0.77181,-0.86,1.09,0.18,-0.50778,-0.31656,-0.21508,-0.77181,-0.7,1.09,0.11,-0.35715,-0.16002,-0.09061,0.91577,-0.69,1.05,0.07,-0.35715,-0.16002,-0.09061,0.91577,-0.72,1.06,0.09,-0.40732,-0.20961,0.62839,0.62871,-0.75,1.07,0.11,-0.25043,-0.05024,0.58746,0.76789,-0.76,1.08,0.14,-0.17193,-0.03478,0.66238,0.72835,-0.77,1.09,0.16,-0.17193,-0.03478,0.66238,0.72835,-0.71,1.07,0.09,-0.35715,-0.16002,-0.09061,0.91577,-0.73,1.11,0.13,0.02655,-0.19054,0.04143,0.98045,-0.74,1.11,0.16,0.34887,-0.16752,0.07546,0.91898,-0.75,1.09,0.18,0.4499,-0.13002,0.08647,0.87932,-0.75,1.08,0.19,0.4499,-0.13002,0.08647,0.87932,-0.7,1.07,0.09,-0.35715,-0.16002,-0.09061,0.91577,-0.71,1.11,0.13,-0.02707,-0.17706,-0.04397,0.98285,-0.72,1.12,0.17,0.39398,-0.18015,0.0225,0.90101,-0.73,1.1,0.19,0.59147,-0.15345,1e-05,0.79159,-0.74,1.08,0.2,0.59147,-0.15345,1e-05,0.79159,-0.68,1.07,0.1,-0.35715,-0.16002,-0.09061,0.91577,-0.69,1.11,0.14,-0.09732,-0.15488,-0.12218,0.97551,-0.7,1.11,0.17,0.42193,-0.2138,-0.06449,0.8787,-0.71,1.1,0.19,0.67942,-0.2407,-0.02297,0.69276,-0.72,1.07,0.19,0.67942,-0.2407,-0.02297,0.69276,-0.68,1.07,0.1,-0.28312,-0.10199,-0.32451,0.89674,-0.68,1.09,0.14,-0.19475,-0.12652,-0.22529,0.94621,-0.68,1.11,0.17,0.39272,-0.23574,-0.19205,0.86794,-0.69,1.09,0.18,0.66949,-0.32918,-0.11021,0.65672,-0.7,1.08,0.18,0.66949,-0.32918,-0.11021,0.65672,-0.81,1.08,0.19
-0.79,1.45,-0.16,-0.79,1.45,-0.16,-0.85,1.1,0.1,0.3881,-0.08137,-0.16032,-0.90391,-0.86,1.06,0.06,0.3881,-0.08137,-0.16032,-0.90391,-0.83,1.08,0.08,0.47074,-0.16252,0.53171,-0.68504,-0.8,1.09,0.1,0.23617,0.0049,0.48011,-0.84481,-0.8,1.11,0.13,0.10319,0.0418,0.55185,-0.82648,-0.79,1.11,0.15,0.10319,0.0418,0.55185,-0.82648,-0.84,1.08,0.08,0.3881,-0.08137,-0.16032,-0.90391,-0.83,1.12,0.12,-0.00136,-0.12185,-0.07487,-0.98972,-0.82,1.13,0.16,-0.48248,-0.14892,-0.03144,-0.86258,-0.82,1.11,0.17,-0.6583,-0.12496,-0.00315,-0.7423,-0.81,1.08,0.17,-0.6583,-0.12496,-0.00315,-0.7423,-0.85,1.08,0.09,0.3881,-0.08137,-0.16032,-0.90391,-0.86,1.12,0.12,-0.02428,-0.13067,-0.13159,-0.98235,-0.84,1.12,0.16,-0.49545,-0.1791,-0.06523,-0.84747,-0.83,1.1,0.18,-0.72374,-0.16532,-0.07676,-0.66557,-0.83,1.08,0.18,-0.72374,-0.16532,-0.07676,-0.66557,-0.87,1.07,0.09,0.3881,-0.08137,-0.16032,-0.90391,-0.87,1.11,0.13,0.07649,-0.11138,-0.20337,-0.96973,-0.86,1.12,0.16,-0.42923,-0.21645,-0.15751,-0.86261,-0.85,1.1,0.18,-0.69294,-0.2731,-0.10563,-0.65886,-0.84,1.08,0.18,-0.69294,-0.2731,-0.10563,-0.65886,-0.88,1.07,0.09,0.3198,-0.0352,-0.39532,-0.86036,-0.89,1.09,0.13,0.20915,-0.08731,-0.29751,-0.92743,-0.88,1.11,0.16,-0.29919,-0.22549,-0.28749,-0.88147,-0.87,1.1,0.17,-0.56693,-0.3506,-0.20557,-0.71653,-0.86,1.09,0.17,-0.56693,-0.3506,-0.20557,-0.71653,-0.7,1.09,0.11,-0.35777,-0.15724,-0.08324,0.9167,-0.69,1.05,0.07,-0.35777,-0.15724,-0.08324,0.9167,-0.73,1.06,0.09,-0.40596,-0.20675,0.63244,0.62648,-0.75,1.07,0.11,-0.23876,-0.03745,0.5923,0.76862,-0.76,1.08,0.14,-0.15287,-0.01729,0.66545,0.73042,-0.77,1.09,0.16,-0.15287,-0.01729,0.66545,0.73042,-0.71,1.07,0.09,-0.35777,-0.15724,-0.08324,0.9167,-0.73,1.11,0.13,0.03837,-0.19308,0.05804,0.97871,-0.75,1.11,0.16,0.33696,-0.16641,0.08789,0.92252,-0.75,1.09,0.18,0.42447,-0.129,0.09608,0.89104,-0.75,1.08,0.19,0.42447,-0.129,0.09608,0.89104,-0.7,1.07,0.09,-0.35777,-0.15724,-0.08324,0.9167,-0.71,1.11,0.13,-0.02559,-0.17485,-0.03533,0.98363,-0.72,1.12,0.17,0.39592,-0.17446,0.02943,0.90108,-0.73,1.1,0.19,0.59419,-0.1462,0.0056,0.79091,-0.74,1.08,0.2,0.59419,-0.1462,0.0056,0.79091,-0.68,1.07,0.1,-0.35777,-0.15724,-0.08324,0.9167,-0.69,1.11,0.14,-0.09995,-0.15066,-0.1158,0.97668,-0.7,1.12,0.17,0.42059,-0.20706,-0.06111,0.88119,-0.71,1.1,0.19,0.68123,-0.23324,-0.02131,0.69359,-0.72,1.07,0.19,0.68123,-0.23324,-0.02131,0.69359,-0.68,1.07,0.1,-0.28531,-0.09916,-0.3177,0.89879,-0.68,1.09,0.14,-0.19083,-0.12462,-0.21798,0.94897,-0.68,1.11,0.17,0.38428,-0.22715,-0.19011,0.87441,-0.69,1.09,0.18,0.66399,-0.32076,-0.11113,0.66625,-0.7,1.08,0.18,0.66399,-0.32076,-0.11113,0.66625,-0.81,1.08,0.19
-0.79,1.45,-0.16,-0.79,1.45,-0.16,-0.85,1.1,0.11,0.37934,-0.06909,-0.16344,-0.90808,-0.86,1.06,0.06,0.37934,-0.06909,-0.16344,-0.90808,-0.83,1.08,0.09,0.45408,-0.16221,0.53416,-0.69438,-0.8,1.09,0.1,0.21875,0.00699,0.48219,-0.84829,-0.8,1.11,0.13,0.09053,0.03911,0.55375,-0.82682,-0.79,1.11,0.16,0.09053,0.03911,0.55375,-0.82682,-0.84,1.08,0.09,0.37934,-0.06909,-0.16344,-0.90808,-0.83,1.13,0.12,-0.01555,-0.11884,-0.07582,-0.98989,-0.83,1.13,0.16,-0.45296,-0.14453,-0.04094,-0.87879,-0.82,1.11,0.17,-0.6229,-0.12248,-0.01613,-0.77249,-0.81,1.09,0.18,-0.6229,-0.12248,-0.01613,-0.77249,-0.85,1.08,0.09,0.37934,-0.06909,-0.16344,-0.90808,-0.86,1.12,0.13,-0.00707,-0.11901,-0.1407,-0.98285,-0.85,1.13,0.17,-0.44263,-0.16993,-0.08621,-0.87623,-0.84,1.1,0.18,-0.67865,-0.16635,-0.10103,-0.7082,-0.83,1.08,0.18,-0.67865,-0.16635,-0.10103,-0.7082,-0.87,1.08,0.09,0.37934,-0.06909,-0.16344,-0.90808,-0.87,1.11,0.13,0.10038,-0.09314,-0.2133,-0.96734,-0.87,1.12,0.17,-0.38991,-0.20361,-0.17839,-0.88016,-0.85,1.11,0.18,-0.66777,-0.27006,-0.12669,-0.68199,-0.84,1.08,0.18,-0.66777,-0.27006,-0.12669,-0.68199,-0.88,1.07,0.09,0.31335,-0.02097,-0.39819,-0.86187,-0.89,1.1,0.13,0.21132,-0.07047,-0.30294,-0.92661,-0.89,1.11,0.16,-0.29391,-0.21335,-0.30097,-0.88177,-0.87,1.1,0.17,-0.56704,-0.34526,-0.21974,-0.71482,-0.86,1.09,0.18,-0.56704,-0.34526,-0.21974,-0.71482,-0.7,1.09,0.11,-0.35907,-0.15658,-0.08237,0.91639,-0.69,1.05,0.07,-0.35907,-0.15658,-0.08237,0.91639,-0.73,1.06,0.09,-0.4103,-0.20447,0.62994,0.62692,-0.75,1.07,0.11,-0.23288,-0.02837,0.59017,0.77244,-0.76,1.08,0.14,-0.13919,-0.00295,0.66215,0.73633,-0.77,1.09,0.16,-0.13919,-0.00295,0.66215,0.73633,-0.72,1.07,0.09,-0.35907,-0.15658,-0.08237,0.91639,-0.73,1.11,0.13,0.05101,-0.19918,0.06982,0.97614,-0.75,1.11,0.16,0.32733,-0.17058,0.0971,0.9243,-0.75,1.09,0.18,0.4012,-0.13386,0.10304,0.90028,-0.76,1.08,0.19,0.4012,-0.13386,0.10304,0.90028,-0.7,1.07,0.09,-0.35907,-0.15658,-0.08237,0.91639,-0.71,1.12,0.13,-0.02444,-0.17666,-0.03211,0.98345,-0.72,1.12,0.17,0.40146,-0.17454,0.03398,0.89845,-0.73,1.1,0.19,0.60464,-0.14442,0.01065,0.78322,-0.74,1.08,0.19,0.60464,-0.14442,0.01065,0.78322,-0.68,1.07,0.1,-0.35907,-0.15658,-0.08237,0.91639,-0.69,1.11,0.14,-0.10268,-0.14989,-0.11528,0.97658,-0.7,1.12,0.17,0.42435,-0.2066,-0.05971,0.87959,-0.71,1.1,0.19,0.68944,-0.23201,-0.01891,0.68592,-0.72,1.07,0.19,0.68944,-0.23201,-0.01891,0.68592,-0.68,1.07,0.1,-0.28684,-0.09881,-0.31699,0.8986,-0.68,1.09,0.14,-0.18774,-0.12503,-0.21697,0.94976,-0.68,1.11,0.17,0.37672,-0.22461,-0.1913,0.87809,-0.69,1.09,0.18,0.65836,-0.31898,-0.11275,0.67239,-0.7,1.08,0.18,0.65836,-0.31898,-0.11275,0.67239,-0.81,1.08,0.19
-0.79,1.45,-0.16,-0.79,1.45,-0.16,-0.85,1.1,0.11,0.32048,-0.0439,-0.13124,-0.93709,-0.86,1.06,0.06,0.32048,-0.0439,-0.13124,-0.93709,-0.82,1.08,0.09,0.39969,-0.20094,0.54365,-0.71015,-0.8,1.09,0.11,0.15779,-0.02048,0.50448,-0.84863,-0.8,1.09,0.14,0.05138,-0.00436,0.57779,-0.81456,-0.79,1.1,0.16,0.05138,-0.00436,0.57779,-0.81456,-0.84,1.08,0.09,0.32048,-0.0439,-0.13124,-0.93709,-0.83,1.12,0.13,0.03073,-0.08401,-0.06508,-0.99386,-0.83,1.12,0.17,-0.28144,-0.10201,-0.06174,-0.95214,-0.82,1.11,0.19,-0.436,-0.08398,-0.05399,-0.89439,-0.82,1.09,0.2,-0.436,-0.08398,-0.05399,-0.89439,-0.85,1.08,0.09,0.32048,-0.0439,-0.13124,-0.93709,-0.86,1.12,0.13,0.11485,-0.05619,-0.13561,-0.98248,-0.85,1.13,0.18,-0.18033,-0.09424,-0.12556,-0.971,-0.85,1.12,0.2,-0.335,-0.10821,-0.16689,-0.92098,-0.84,1.1,0.22,-0.335,-0.10821,-0.16689,-0.92098,-0.87,1.07,0.09,0.32048,-0.0439,-0.13124,-0.93709,-0.87,1.1,0.13,0.21219,-0.01859,-0.19762,-0.95686,-0.87,1.12,0.17,-0.1441,-0.10558,-0.21426,-0.9603,-0.87,1.11,0.19,-0.34912,-0.17678,-0.20395,-0.89737,-0.86,1.1,0.21,-0.34912,-0.17678,-0.20395,-0.89737,-0.88,1.07,0.09,0.26557,0.02026,-0.36523,-0.892,-0.89,1.09,0.13,0.24103,-0.00334,-0.27251,-0.93147,-0.89,1.1,0.16,-0.13691,-0.1,-0.32045,-0.93197,-0.89,1.1,0.18,-0.33739,-0.21726,-0.29253,-0.86798,-0.87,1.09,0.19,-0.33739,-0.21726,-0.29253,-0.86798,-0.71,1.09,0.11,-0.35905,-0.1578,-0.08432,0.91601,-0.69,1.05,0.07,-0.35905,-0.1578,-0.08432,0.91601,-0.73,1.06,0.09,-0.41584,-0.20673,0.62464,0.62782,-0.75,1.07,0.11,-0.23283,-0.02873,0.58591,0.77568,-0.76,1.08,0.14,-0.13665,-0.00167,0.65801,0.7405,-0.77,1.09,0.16,-0.13665,-0.00167,0.65801,0.7405,-0.72,1.07,0.09,-0.35905,-0.1578,-0.08432,0.91601,-0.73,1.11,0.13,0.06442,-0.20588,0.07786,0.97335,-0.75,1.11,0.16,0.31806,-0.17685,0.10261,0.92576,-0.75,1.09,0.18,0.37899,-0.14121,0.10647,0.90834,-0.76,1.08,0.19,0.37899,-0.14121,0.10647,0.90834,-0.7,1.07,0.09,-0.35905,-0.1578,-0.08432,0.91601,-0.71,1.12,0.13,-0.02166,-0.18034,-0.03151,0.98286,-0.73,1.12,0.17,0.40743,-0.17743,0.03682,0.89508,-0.73,1.1,0.19,0.61564,-0.14562,0.01473,0.77431,-0.74,1.07,0.19,0.61564,-0.14562,0.01473,0.77431,-0.68,1.07,0.1,-0.35905,-0.1578,-0.08432,0.91601,-0.69,1.11,0.14,-0.10275,-0.15123,-0.11708,0.97615,-0.7,1.12,0.17,0.43065,-0.20905,-0.05913,0.87598,-0.71,1.1,0.19,0.69902,-0.23366,-0.01644,0.67565,-0.72,1.07,0.19,0.69902,-0.23366,-0.01644,0.67565,-0.68,1.07,0.1,-0.28629,-0.10008,-0.31878,0.898,-0.68,1.09,0.14,-0.18358,-0.12704,-0.21851,0.94996,-0.68,1.11,0.17,0.3745,-0.2256,-0.19269,0.87848,-0.69,1.09,0.18,0.65649,-0.32044,-0.11353,0.67339,-0.7,1.08,0.18,0.65649,-0.32044,-0.11353,0.67339,-0.81,1.08,0.19
-0.79,1.45,-0.16,-0.79,1.45,-0.16,-0.85,1.09,0.11,0.27917,-0.04768,-0.11886,-0.95166,-0.86,1.06,0.06,0.27917,-0.04768,-0.11886,-0.95166,-0.82,1.07,0.09,0.38824,-0.22867,0.52679,-0.72074,-0.8,1.08,0.11,0.13707,-0.0485,0.49745,-0.85522,-0.79,1.09,0.14,0.03715,-0.03779,0.57307,-0.81779,-0.79,1.09,0.16,0.03715,-0.03779,0.57307,-0.81779,-0.84,1.08,0.09,0.27917,-0.04768,-0.11886,-0.95166,-0.83,1.11,0.14,0.03402,-0.07611,-0.06169,-0.99461,-0.83,1.11,0.17,-0.26935,-0.09295,-0.06187,-0.95655,-0.82,1.1,0.19,-0.4165,-0.07458,-0.05681,-0.90429,-0.82,1.08,0.21,-0.4165,-0.07458,-0.05681,-0.90429,-0.85,1.07,0.09,0.27917,-0.04768,-0.11886,-0.95166,-0.85,1.11,0.14,0.03988,-0.05594,-0.1224,-0.9901,-0.85,1.11,0.18,-0.27825,-0.09196,-0.1108,-0.94965,-0.84,1.1,0.2,-0.40917,-0.09543,-0.15228,-0.89458,-0.84,1.08,0.22,-0.40917,-0.09543,-0.15228,-0.89458,-0.87,1.07,0.09,0.27917,-0.04768,-0.11886,-0.95166,-0.87,1.1,0.14,0.12878,-0.0251,-0.18221,-0.97447,-0.87,1.11,0.17,-0.23556,-0.10435,-0.19842,-0.94565,-0.86,1.1,0.2,-0.41431,-0.16642,-0.19372,-0.87357,-0.85,1.08,0.21,-0.41431,-0.16642,-0.19372,-0.87357,-0.88,1.06,0.09,0.22627,0.02743,-0.35039,-0.90845,-0.89,1.08,0.13,0.18943,-0.0078,-0.25726,-0.94756,-0.89,1.09,0.16,-0.16782,-0.08716,-0.30572,-0.93315,-0.88,1.09,0.18,-0.31972,-0.18644,-0.29124,-0.88215,-0.87,1.08,0.2,-0.31972,-0.18644,-0.29124,-0.88215,-0.71,1.09,0.11,-0.36174,-0.1617,-0.08629,0.91409,-0.69,1.05,0.07,-0.36174,-0.1617,-0.08629,0.91409,-0.73,1.07,0.09,-0.42129,-0.20905,0.62225,0.6258,-0.75,1.07,0.11,-0.23497,-0.02956,0.58455,0.77602,-0.76,1.08,0.14,-0.13718,-0.00097,0.65674,0.74154,-0.77,1.09,0.16,-0.13718,-0.00097,0.65674,0.74154,-0.72,1.07,0.09,-0.36174,-0.1617,-0.08629,0.91409,-0.73,1.11,0.13,0.07147,-0.21216,0.08384,0.97101,-0.75,1.11,0.16,0.31149,-0.1827,0.10749,0.92631,-0.75,1.09,0.18,0.36302,-0.1479,0.10983,0.91339,-0.76,1.08,0.19,0.36302,-0.1479,0.10983,0.91339,-0.7,1.07,0.09,-0.36174,-0.1617,-0.08629,0.91409,-0.71,1.12,0.13,-0.02292,-0.18611,-0.03049,0.98179,-0.73,1.12,0.17,0.40767,-0.18212,0.04061,0.89386,-0.73,1.1,0.19,0.61887,-0.14897,0.01986,0.77098,-0.74,1.07,0.19,0.61887,-0.14897,0.01986,0.77098,-0.68,1.07,0.1,-0.36174,-0.1617,-0.08629,0.91409,-0.69,1.11,0.14,-0.10621,-0.1557,-0.11811,0.97495,-0.7,1.12,0.17,0.43131,-0.21373,-0.05665,0.87469,-0.71,1.1,0.19,0.70239,-0.23702,-0.01173,0.67107,-0.72,1.08,0.18,0.70239,-0.23702,-0.01173,0.67107,-0.68,1.07,0.1,-0.28785,-0.10472,-0.32059,0.89633,-0.68,1.09,0.14,-0.18373,-0.13255,-0.21948,0.94895,-0.68,1.11,0.17,0.37291,-0.2305,-0.19074,0.87831,-0.69,1.1,0.18,0.65621,-0.32442,-0.10936,0.67244,-0.71,1.08,0.18,0.65621,-0.32442,-0.10936,0.67244,-0.81,1.08,0.19
-0.79,1.45,-0.16,-0.79,1.45,-0.16,-0.85,1.09,0.11,0.29235,-0.05063,-0.12539,-0.9467,-0.86,1.06,0.06,0.29235,-0.05063,-0.12539,-0.9467,-0.82,1.07,0.09,0.41003,-0.21327,0.51588,-0.72129,-0.8,1.08,0.11,0.15794,-0.03904,0.48133,-0.86131,-0.79,1.09,0.14,0.05635,-0.02781,0.55779,-0.8276,-0.79,1.1,0.16,0.05635,-0.02781,0.55779,-0.8276,-0.84,1.08,0.09,0.29235,-0.05063,-0.12539,-0.9467,-0.83,1.11,0.14,0.04912,-0.07289,-0.07131,-0.99357,-0.83,1.12,0.17,-0.26393,-0.09388,-0.07105,-0.95733,-0.82,1.1,0.19,-0.41088,-0.07694,-0.06592,-0.90604,-0.82,1.09,0.21,-0.41088,-0.07694,-0.06592,-0.90604,-0.85,1.07,0.09,0.29235,-0.05063,-0.12539,-0.9467,-0.85,1.11,0.14,0.03783,-0.06132,-0.12796,-0.98916,-0.85,1.11,0.18,-0.29653,-0.10078,-0.11264,-0.94299,-0.84,1.1,0.2,-0.43473,-0.10432,-0.15247,-0.88141,-0.83,1.08,0.22,-0.43473,-0.10432,-0.15247,-0.88141,-0.87,1.07,0.09,0.29235,-0.05063,-0.12539,-0.9467,-0.87,1.1,0.14,0.12526,-0.03265,-0.18825,-0.97355,-0.87,1.11,0.17,-0.24853,-0.11545,-0.20032,-0.94063,-0.86,1.1,0.2,-0.43204,-0.17842,-0.19293,-0.86272,-0.85,1.08,0.21,-0.43204,-0.17842,-0.19293,-0.86272,-0.88,1.07,0.09,0.23759,0.02103,-0.35748,-0.90295,-0.89,1.08,0.13,0.19827,-0.01766,-0.26321,-0.94398,-0.89,1.1,0.16,-0.16606,-0.10138,-0.30731,-0.93151,-0.88,1.09,0.18,-0.31965,-0.20124,-0.28976,-0.87941,-0.87,1.08,0.2,-0.31965,-0.20124,-0.28976,-0.87941,-0.71,1.09,0.11,-0.368,-0.16505,-0.08825,0.9108,-0.69,1.05,0.07,-0.368,-0.16505,-0.08825,0.9108,-0.73,1.07,0.09,-0.4286,-0.20861,0.62051,0.6227,-0.75,1.07,0.11,-0.24047,-0.02856,0.58294,0.77559,-0.76,1.09,0.14,-0.1403,0.0024,0.65511,0.74239,-0.77,1.09,0.16,-0.1403,0.0024,0.65511,0.74239,-0.72,1.07,0.09,-0.368,-0.16505,-0.08825,0.9108,-0.73,1.11,0.13,0.06896,-0.21621,0.08641,0.97007,-0.75,1.11,0.16,0.3058,-0.18644,0.11035,0.92712,-0.75,1.09,0.18,0.35481,-0.15184,0.11226,0.91567,-0.76,1.08,0.19,0.35481,-0.15184,0.11226,0.91567,-0.7,1.07,0.09,-0.368,-0.16505,-0.08825,0.9108,-0.71,1.12,0.13,-0.02801,-0.19056,-0.03029,0.98081,-0.73,1.12,0.17,0.40444,-0.18603,0.04309,0.89441,-0.73,1.1,0.19,0.61878,-0.15211,0.02343,0.77034,-0.74,1.08,0.19,0.61878,-0.15211,0.02343,0.77034,-0.68,1.07,0.1,-0.368,-0.16505,-0.08825,0.9108,-0.69,1.11,0.14,-0.11204,-0.16013,-0.11909,0.97346,-0.7,1.12,0.17,0.42862,-0.21837,-0.05434,0.87501,-0.72,1.1,0.18,0.70266,-0.2405,-0.00723,0.66961,-0.72,1.08,0.18,0.70266,-0.2405,-0.00723,0.66961,-0.68,1.07,0.1,-0.293,-0.10976,-0.32262,0.89332,-0.68,1.1,0.14,-0.1875,-0.13807,-0.2207,0.94714,-0.68,1.11,0.17,0.36914,-0.23609,-0.18871,0.87886,-0.69,1.1,0.18,0.6547,-0.32909,-0.10453,0.67241,-0.71,1.08,0.18,0.6547,-0.32909,-0.10453,0.67241,-0.81,1.08,0.19
-0.79,1.45,-0.16,-0.79,1.45,-0.16,-0.85,1.09,0.11,0.30446,-0.05239,-0.13121,-0.94199,-0.86,1.06,0.06,0.30446,-0.05239,-0.13121,-0.94199,-0.82,1.07,0.09,0.42617,-0.20042,0.50873,-0.7207,-0.8,1.09,0.1,0.17504,-0.03106,0.46977,-0.86471,-0.79,1.1,0.14,0.06675,-0.01574,0.54638,-0.83472,-0.79,1.1,0.16,0.06675,-0.01574,0.54638,-0.83472,-0.84,1.08,0.09,0.30446,-0.05239,-0.13121,-0.94199,-0.83,1.11,0.13,0.05827,-0.07136,-0.0788,-0.99262,-0.83,1.12,0.17,-0.27688,-0.09679,-0.07635,-0.95296,-0.82,1.11,0.19,-0.42561,-0.08072,-0.07007,-0.89857,-0.82,1.09,0.2,-0.42561,-0.08072,-0.07007,-0.89857,-0.85,1.07,0.09,0.30446,-0.05239,-0.13121,-0.94199,-0.85,1.11,0.13,0.03093,-0.0671,-0.13215,-0.98847,-0.85,1.12,0.18,-0.33299,-0.11116,-0.11118,-0.92973,-0.84,1.1,0.2,-0.48494,-0.11401,-0.14844,-0.85428,-0.83,1.08,0.21,-0.48494,-0.11401,-0.14844,-0.85428,-0.87,1.07,0.09,0.30446,-0.05239,-0.13121,-0.94199,-0.87,1.1,0.13,0.12108,-0.03899,-0.19359,-0.9728,-0.87,1.11,0.17,-0.27599,-0.12808,-0.20025,-0.9313,-0.86,1.1,0.19,-0.46822,-0.19209,-0.18932,-0.84145,-0.85,1.08,0.21,-0.46822,-0.19209,-0.18932,-0.84145,-0.88,1.07,0.09,0.24822,0.01605,-0.36381,-0.89765,-0.89,1.09,0.13,0.20022,-0.02643,-0.26891,-0.94175,-0.89,1.1,0.16,-0.1743,-0.11505,-0.30855,-0.928,-0.88,1.09,0.18,-0.33337,-0.2167,-0.2876,-0.87132,-0.87,1.08,0.19,-0.33337,-0.2167,-0.2876,-0.87132,-0.71,1.09,0.11,-0.37931,-0.1682,-0.08974,0.90542,-0.69,1.05,0.07,-0.37931,-0.1682,-0.08974,0.90542,-0.73,1.07,0.09,-0.43918,-0.2053,0.61951,0.61739,-0.75,1.07,0.11,-0.24992,-0.02491,0.58126,0.77399,-0.76,1.09,0.14,-0.14633,0.00955,0.65317,0.74288,-0.77,1.09,0.16,-0.14633,0.00955,0.65317,0.74288,-0.72,1.07,0.09,-0.37931,-0.1682,-0.08974,0.90542,-0.73,1.11,0.13,0.06149,-0.21903,0.08937,0.96967,-0.75,1.11,0.16,0.29724,-0.18882,0.11364,0.92902,-0.75,1.09,0.18,0.34479,-0.15431,0.11513,0.91872,-0.76,1.08,0.19,0.34479,-0.15431,0.11513,0.91872,-0.7,1.07,0.09,-0.37931,-0.1682,-0.08974,0.90542,-0.71,1.12,0.13,-0.03667,-0.19468,-0.02932,0.97974,-0.73,1.12,0.17,0.39983,-0.18923,0.04653,0.89564,-0.74,1.1,0.19,0.6195,-0.15419,0.02796,0.76919,-0.74,1.08,0.19,0.6195,-0.15419,0.02796,0.76919,-0.68,1.07,0.1,-0.37931,-0.1682,-0.08974,0.90542,-0.69,1.11,0.14,-0.12007,-0.16509,-0.11918,0.97166,-0.7,1.12,0.17,0.42578,-0.22314,-0.05049,0.87543,-0.72,1.1,0.18,0.70481,-0.24341,-0.00067,0.66633,-0.72,1.08,0.18,0.70481,-0.24341,-0.00067,0.66633,-0.68,1.07,0.1,-0.3032,-0.11593,-0.32448,0.88845,-0.68,1.1,0.14,-0.19292,-0.14499,-0.22133,0.94487,-0.68,1.11,0.17,0.36464,-0.24282,-0.18523,0.87964,-0.69,1.1,0.18,0.65391,-0.33441,-0.09734,0.67164,-0.71,1.08,0.18,0.65391,-0.33441,-0.09734,0.67164,-0.81,1.08,0.19
-0.79,1.45,-0.16,-0.79,1.45,-0.16,-0.85,1.09,0.11,0.30989,-0.05905,-0.13424,-0.9394,-0.86,1.06,0.06,0.30989,-0.05905,-0.13424,-0.9394,-0.82,1.07,0.09,0.43388,-0.2005,0.50685,-0.71739,-0.8,1.09,0.1,0.18386,-0.03281,0.46791,-0.86381,-0.79,1.1,0.13,0.06952,-0.01285,0.54469,-0.83565,-0.79,1.1,0.16,0.06952,-0.01285,0.54469,-0.83565,-0.84,1.08,0.09,0.30989,-0.05905,-0.13424,-0.9394,-0.83,1.11,0.13,0.04446,-0.0817,-0.07685,-0.99269,-0.83,1.12,0.17,-0.30585,-0.1067,-0.06931,-0.94354,-0.82,1.1,0.19,-0.45736,-0.0895,-0.06018,-0.88272,-0.82,1.09,0.2,-0.45736,-0.0895,-0.06018,-0.88272,-0.85,1.07,0.09,0.30989,-0.05905,-0.13424,-0.9394,-0.85,1.11,0.13,0.04428,-0.07325,-0.13407,-0.98727,-0.85,1.12,0.18,-0.32937,-0.11883,-0.10956,-0.93027,-0.84,1.1,0.2,-0.49337,-0.12282,-0.14508,-0.84879,-0.83,1.08,0.21,-0.49337,-0.12282,-0.14508,-0.84879,-0.87,1.07,0.09,0.30989,-0.05905,-0.13424,-0.9394,-0.87,1.1,0.13,0.13323,-0.0445,-0.19622,-0.97045,-0.87,1.11,0.17,-0.27872,-0.13766,-0.19844,-0.92951,-0.86,1.1,0.19,-0.48517,-0.20347,-0.18315,-0.83046,-0.85,1.08,0.2,-0.48517,-0.20347,-0.18315,-0.83046,-0.88,1.07,0.09,0.25171,0.00806,-0.36685,-0.89554,-0.89,1.09,0.13,0.19982,-0.03429,-0.27188,-0.94073,-0.89,1.1,0.16,-0.19086,-0.12855,-0.30684,-0.92352,-0.88,1.09,0.18,-0.36793,-0.23526,-0.2799,-0.85495,-0.87,1.08,0.19,-0.36793,-0.23526,-0.2799,-0.85495,-0.71,1.09,0.11,-0.38404,-0.16818,-0.09212,0.90319,-0.69,1.05,0.07,-0.38404,-0.16818,-0.09212,0.90319,-0.73,1.06,0.09,-0.4436,-0.20384,0.61775,0.61649,-0.75,1.07,0.11,-0.25303,-0.02334,0.57918,0.77459,-0.76,1.09,0.14,-0.14553,0.01439,0.65078,0.74505,-0.77,1.09,0.16,-0.14553,0.01439,0.65078,0.74505,-0.72,1.07,0.09,-0.38404,-0.16818,-0.09212,0.90319,-0.73,1.11,0.13,0.05986,-0.21917,0.08823,0.96984,-0.75,1.11,0.16,0.29661,-0.18916,0.11275,0.92926,-0.75,1.1,0.18,0.34416,-0.15471,0.11423,0.919,-0.76,1.08,0.19,0.34416,-0.15471,0.11423,0.919,-0.7,1.07,0.1,-0.38404,-0.16818,-0.09212,0.90319,-0.71,1.12,0.13,-0.03775,-0.19583,-0.0305,0.97944,-0.73,1.12,0.17,0.40316,-0.19057,0.04692,0.89384,-0.73,1.1,0.19,0.62668,-0.15465,0.0292,0.76322,-0.74,1.08,0.19,0.62668,-0.15465,0.0292,0.76322,-0.68,1.07,0.1,-0.38404,-0.16818,-0.09212,0.90319,-0.69,1.11,0.14,-0.11914,-0.16677,-0.12052,0.97132,-0.7,1.12,0.17,0.42975,-0.22539,-0.04995,0.87294,-0.72,1.1,0.18,0.71146,-0.24487,0.00162,0.65868,-0.72,1.08,0.18,0.71146,-0.24487,0.00162,0.65868,-0.68,1.07,0.11,-0.30748,-0.11724,-0.32698,0.88589,-0.68,1.1,0.14,-0.19013,-0.14815,-0.22293,0.94457,-0.68,1.11,0.17,0.36837,-0.24635,-0.1845,0.87725,-0.69,1.1,0.18,0.65946,-0.3376,-0.09421,0.66503,-0.71,1.08,0.18,0.65946,-0.3376,-0.09421,0.66503,-0.81,1.08,0.19
-0.79,1.45,-0.16,-0.79,1.45,-0.16,-0.85,1.09,0.11,0.31452,-0.0664,-0.1273,-0.93833,-0.86,1.06,0.06,0.31452,-0.0664,-0.1273,-0.93833,-0.82,1.07,0.09,0.43478,-0.20267,0.51607,-0.70962,-0.8,1.08,0.1,0.1878,-0.03251,0.47785,-0.85752,-0.79,1.09,0.13,0.07555,-0.01219,0.55434,-0.82877,-0.79,1.1,0.16,0.07555,-0.01219,0.55434,-0.82877,-0.84,1.08,0.09,0.31452,-0.0664,-0.1273,-0.93833,-0.83,1.11,0.13,0.03342,-0.09558,-0.06128,-0.99297,-0.82,1.12,0.17,-0.32514,-0.11445,-0.04887,-0.93744,-0.82,1.1,0.19,-0.47715,-0.09377,-0.03795,-0.87298,-0.81,1.08,0.2,-0.47715,-0.09377,-0.03795,-0.87298,-0.85,1.07,0.09,0.31452,-0.0664,-0.1273,-0.93833,-0.85,1.11,0.13,0.07118,-0.07591,-0.12727,-0.98639,-0.85,1.12,0.17,-0.32121,-0.12093,-0.10009,-0.93391,-0.84,1.1,0.2,-0.49704,-0.12484,-0.13505,-0.84802,-0.83,1.08,0.21,-0.49704,-0.12484,-0.13505,-0.84802,-0.87,1.07,0.09,0.31452,-0.0664,-0.1273,-0.93833,-0.87,1.1,0.13,0.15033,-0.04825,-0.1892,-0.96916,-0.87,1.11,0.17,-0.29025,-0.14422,-0.18672,-0.92741,-0.86,1.1,0.19,-0.51362,-0.20954,-0.16753,-0.815,-0.85,1.08,0.2,-0.51362,-0.20954,-0.16753,-0.815,-0.88,1.07,0.09,0.25567,-4e-05,-0.36042,-0.89707,-0.88,1.09,0.13,0.19297,-0.04163,-0.26567,-0.94364,-0.89,1.1,0.16,-0.22787,-0.14139,-0.29532,-0.91699,-0.88,1.09,0.18,-0.43024,-0.25293,-0.26095,-0.82633,-0.86,1.08,0.19,-0.43024,-0.25293,-0.26095,-0.82633,-0.71,1.09,0.11,-0.38239,-0.16862,-0.09258,0.90376,-0.69,1.05,0.07,-0.38239,-0.16862,-0.09258,0.90376,-0.73,1.06,0.09,-0.44171,-0.20598,0.61816,0.61672,-0.75,1.07,0.11,-0.25053,-0.02472,0.5803,0.77452,-0.76,1.09,0.14,-0.14106,0.0147,0.65169,0.74511,-0.77,1.09,0.16,-0.14106,0.0147,0.65169,0.74511,-0.72,1.07,0.09,-0.38239,-0.16862,-0.09258,0.90376,-0.73,1.11,0.13,0.06279,-0.21903,0.08735,0.96977,-0.75,1.11,0.16,0.29993,-0.1891,0.11197,0.9283,-0.75,1.09,0.18,0.34744,-0.15466,0.11355,0.91786,-0.76,1.08,0.19,0.34744,-0.15466,0.11355,0.91786,-0.7,1.07,0.1,-0.38239,-0.16862,-0.09258,0.90376,-0.71,1.12,0.13,-0.03389,-0.19634,-0.03047,0.97948,-0.73,1.12,0.17,0.40691,-0.19095,0.04722,0.89204,-0.74,1.1,0.19,0.62977,-0.15468,0.02966,0.76065,-0.74,1.08,0.19,0.62977,-0.15468,0.02966,0.76065,-0.68,1.07,0.1,-0.38239,-0.16862,-0.09258,0.90376,-0.69,1.11,0.14,-0.11451,-0.16724,-0.1205,0.9718,-0.7,1.12,0.17,0.43221,-0.22551,-0.05017,0.87168,-0.72,1.1,0.18,0.71277,-0.24502,0.00126,0.65721,-0.72,1.08,0.18,0.71277,-0.24502,0.00126,0.65721,-0.68,1.07,0.11,-0.30571,-0.11726,-0.32731,0.88637,-0.68,1.1,0.14,-0.18522,-0.14899,-0.22297,0.9454,-0.68,1.11,0.17,0.37117,-0.24633,-0.18449,0.87608,-0.69,1.1,0.18,0.66082,-0.33745,-0.0947,0.66369,-0.71,1.08,0.18,0.66082,-0.33745,-0.0947,0.66369,-0.81,1.08,0.19
-0.79,1.45,-0.16,-0.79,1.45,-0.16,-0.85,1.09,0.11,0.32637,-0.06892,-0.12084,-0.93495,-0.86,1.06,0.06,0.32637,-0.06892,-0.12084,-0.93495,-0.82,1.07,0.09,0.43908,-0.19599,0.52619,-0.70137,-0.8,1.08,0.1,0.19798,-0.02515,0.48549,-0.85116,-0.79,1.09,0.13,0.08873,-0.00528,0.56143,-0.82274,-0.79,1.1,0.16,0.08873,-0.00528,0.56143,-0.82274,-0.84,1.07,0.09,0.32637,-0.06892,-0.12084,-0.93495,-0.83,1.11,0.13,0.03987,-0.10306,-0.04885,-0.99267,-0.82,1.12,0.17,-0.33757,-0.11784,-0.03224,-0.93334,-0.82,1.1,0.18,-0.49134,-0.09438,-0.02025,-0.8656,-0.81,1.08,0.2,-0.49134,-0.09438,-0.02025,-0.8656,-0.85,1.07,0.09,0.32637,-0.06892,-0.12084,-0.93495,-0.85,1.11,0.13,0.08483,-0.07752,-0.12036,-0.98606,-0.85,1.12,0.17,-0.3404,-0.12297,-0.08902,-0.92795,-0.84,1.1,0.19,-0.53699,-0.12541,-0.12247,-0.82518,-0.83,1.08,0.2,-0.53699,-0.12541,-0.12247,-0.82518,-0.87,1.07,0.09,0.32637,-0.06892,-0.12084,-0.93495,-0.87,1.1,0.13,0.16038,-0.05122,-0.18273,-0.96864,-0.87,1.11,0.17,-0.31517,-0.15068,-0.17483,-0.92054,-0.86,1.1,0.19,-0.55923,-0.21527,-0.15071,-0.78626,-0.85,1.08,0.2,-0.55923,-0.21527,-0.15071,-0.78626,-0.88,1.07,0.09,0.26759,-0.00528,-0.35509,-0.8957,-0.88,1.09,0.13,0.19499,-0.04478,-0.26078,-0.94444,-0.89,1.1,0.16,-0.26094,-0.15268,-0.28571,-0.90938,-0.88,1.09,0.18,-0.48981,-0.26921,-0.24234,-0.79302,-0.86,1.08,0.19,-0.48981,-0.26921,-0.24234,-0.79302,-0.71,1.09,0.11,-0.38082,-0.16918,-0.09332,0.90424,-0.69,1.05,0.07,-0.38082,-0.16918,-0.09332,0.90424,-0.73,1.07,0.09,-0.44008,-0.20811,0.61833,0.617,-0.75,1.07,0.11,-0.24848,-0.02637,0.58116,0.77448,-0.76,1.09,0.14,-0.13814,0.01384,0.6525,0.74497,-0.77,1.09,0.16,-0.13814,0.01384,0.6525,0.74497,-0.72,1.07,0.09,-0.38082,-0.16918,-0.09332,0.90424,-0.73,1.11,0.13,0.06295,-0.21933,0.0856,0.96985,-0.75,1.11,0.16,0.29984,-0.18984,0.11028,0.92838,-0.75,1.09,0.18,0.3477,-0.15545,0.11195,0.91783,-0.76,1.08,0.19,0.3477,-0.15545,0.11195,0.91783,-0.7,1.07,0.1,-0.38082,-0.16918,-0.09332,0.90424,-0.71,1.12,0.13,-0.03306,-0.19667,-0.03153,0.97941,-0.73,1.12,0.17,0.40626,-0.19177,0.04613,0.89222,-0.74,1.1,0.19,0.62829,-0.15591,0.0287,0.76166,-0.74,1.08,0.19,0.62829,-0.15591,0.0287,0.76166,-0.68,1.07,0.1,-0.38082,-0.16918,-0.09332,0.90424,-0.69,1.11,0.14,-0.11318,-0.16729,-0.12146,0.97183,-0.7,1.12,0.17,0.42926,-0.22581,-0.05192,0.87295,-0.72,1.1,0.19,0.70856,-0.24617,-0.00075,0.66132,-0.72,1.08,0.18,0.70856,-0.24617,-0.00075,0.66132,-0.68,1.07,0.11,-0.30397,-0.11742,-0.32789,0.88674,-0.68,1.1,0.14,-0.18347,-0.14912,-0.22365,0.94556,-0.68,1.11,0.17,0.36786,-0.24573,-0.18613,0.8773,-0.69,1.1,0.18,0.65516,-0.33726,-0.09761,0.66895,-0.71,1.08,0.18,0.65516,-0.33726,-0.09761,0.66895,-0.81,1.08,0.19
-0.79,1.45,-0.16,-0.79,1.45,-0.16,-0.85,1.09,0.11,0.32932,-0.06518,-0.11707,-0.93466,-0.86,1.05,0.06,0.32932,-0.06518,-0.11707,-0.93466,-0.82,1.07,0.09,0.43538,-0.19019,0.53276,-0.70031,-0.8,1.08,0.1,0.19751,-0.01851,0.48992,-0.8489,-0.79,1.09,0.14,0.08791,0.00169,0.56498,-0.82041,-0.79,1.1,0.16,0.08791,0.00169,0.56498,-0.82041,-0.84,1.07,0.09,0.32932,-0.06518,-0.11707,-0.93466,-0.83,1.11,0.13,0.04226,-0.10069,-0.04464,-0.99302,-0.82,1.12,0.17,-0.35055,-0.1146,-0.02734,-0.92911,-0.82,1.1,0.18,-0.51037,-0.09046,-0.01469,-0.85506,-0.81,1.08,0.2,-0.51037,-0.09046,-0.01469,-0.85506,-0.85,1.07,0.09,0.32932,-0.06518,-0.11707,-0.93466,-0.85,1.11,0.13,0.0847,-0.07394,-0.11711,-0.98673,-0.85,1.12,0.17,-0.36845,-0.1209,-0.08407,-0.91791,-0.84,1.1,0.19,-0.58551,-0.12222,-0.11644,-0.7929,-0.83,1.08,0.2,-0.58551,-0.12222,-0.11644,-0.7929,-0.87,1.07,0.09,0.32932,-0.06518,-0.11707,-0.93466,-0.87,1.1,0.13,0.15746,-0.04824,-0.17944,-0.96989,-0.87,1.11,0.17,-0.33845,-0.15002,-0.17062,-0.91315,-0.86,1.1,0.19,-0.59776,-0.21516,-0.1438,-0.75876,-0.85,1.08,0.19,-0.59776,-0.21516,-0.1438,-0.75876,-0.88,1.06,0.09,0.27175,-0.00225,-0.35186,-0.89573,-0.89,1.09,0.13,0.19417,-0.04085,-0.25829,-0.94547,-0.89,1.1,0.16,-0.27546,-0.15206,-0.28369,-0.90583,-0.88,1.09,0.18,-0.52089,-0.27281,-0.23592,-0.77369,-0.86,1.08,0.18,-0.52089,-0.27281,-0.23592,-0.77369,-0.71,1.09,0.11,-0.38007,-0.16899,-0.09454,0.90446,-0.69,1.05,0.07,-0.38007,-0.16899,-0.09454,0.90446,-0.73,1.07,0.09,-0.43939,-0.20918,0.61774,0.61772,-0.75,1.07,0.11,-0.24705,-0.02713,0.58093,0.77508,-0.76,1.09,0.14,-0.13409,0.0152,0.65205,0.74607,-0.77,1.09,0.16,-0.13409,0.0152,0.65205,0.74607,-0.72,1.07,0.09,-0.38007,-0.16899,-0.09454,0.90446,-0.73,1.11,0.13,0.06402,-0.21895,0.08354,0.97004,-0.75,1.11,0.16,0.30073,-0.18997,0.10815,0.92832,-0.75,1.09,0.18,0.34877,-0.15566,0.10988,0.91764,-0.76,1.08,0.19,0.34877,-0.15566,0.10988,0.91764,-0.7,1.07,0.1,-0.38007,-0.16899,-0.09454,0.90446,-0.71,1.12,0.13,-0.03114,-0.19654,-0.03289,0.97945,-0.73,1.12,0.17,0.40777,-0.19224,0.0448,0.89149,-0.74,1.1,0.19,0.62955,-0.15659,0.02757,0.76051,-0.74,1.08,0.19,0.62955,-0.15659,0.02757,0.76051,-0.68,1.07,0.1,-0.38007,-0.16899,-0.09454,0.90446,-0.69,1.11,0.14,-0.11151,-0.16729,-0.12264,0.97187,-0.7,1.12,0.17,0.42928,-0.22631,-0.05328,0.87274,-0.72,1.1,0.19,0.70781,-0.24714,-0.00204,0.66176,-0.72,1.08,0.18,0.70781,-0.24714,-0.00204,0.66176,-0.68,1.07,0.11,-0.30311,-0.11707,-0.32902,0.88666,-0.68,1.1,0.14,-0.18186,-0.14929,-0.22471,0.94559,-0.68,1.11,0.17,0.36546,-0.24558,-0.18778,0.87799,-0.69,1.1,0.18,0.65132,-0.33757,-0.09989,0.6722,-0.71,1.08,0.18,0.65132,-0.33757,-0.09989,0.6722,-0.81,1.08,0.19
-0.79,1.45,-0.16,-0.79,1.45,-0.16,-0.85,1.09,0.11,0.33002,-0.06518,-0.11576,-0.93458,-0.86,1.05,0.06,0.33002,-0.06518,-0.11576,-0.93458,-0.82,1.07,0.09,0.43331,-0.18844,0.53597,-0.69962,-0.8,1.08,0.11,0.19651,-0.01598,0.4925,-0.84769,-0.79,1.09,0.14,0.08606,0.00487,0.56708,-0.81914,-0.79,1.1,0.16,0.08606,0.00487,0.56708,-0.81914,-0.84,1.07,0.09,0.33002,-0.06518,-0.11576,-0.93458,-0.83,1.11,0.13,0.04358,-0.10148,-0.04262,-0.99297,-0.82,1.12,0.17,-0.35462,-0.11472,-0.0245,-0.92762,-0.82,1.1,0.19,-0.51898,-0.09017,-0.01114,-0.84994,-0.81,1.08,0.2,-0.51898,-0.09017,-0.01114,-0.84994,-0.85,1.07,0.09,0.33002,-0.06518,-0.11576,-0.93458,-0.85,1.11,0.13,0.08442,-0.07417,-0.11552,-0.98693,-0.85,1.12,0.17,-0.3749,-0.12093,-0.08175,-0.9155,-0.84,1.1,0.19,-0.60004,-0.12186,-0.1136,-0.78243,-0.83,1.08,0.2,-0.60004,-0.12186,-0.1136,-0.78243,-0.87,1.07,0.09,0.33002,-0.06518,-0.11576,-0.93458,-0.87,1.1,0.13,0.1571,-0.0482,-0.17816,-0.97018,-0.87,1.11,0.17,-0.3447,-0.15036,-0.16872,-0.9111,-0.86,1.1,0.19,-0.61047,-0.21564,-0.14053,-0.74905,-0.85,1.08,0.19,-0.61047,-0.21564,-0.14053,-0.74905,-0.88,1.06,0.09,0.27262,-0.00238,-0.35067,-0.89594,-0.89,1.09,0.13,0.19498,-0.04084,-0.25704,-0.94565,-0.89,1.1,0.16,-0.27917,-0.15282,-0.28208,-0.90506,-0.88,1.09,0.18,-0.53301,-0.27535,-0.23166,-0.76578,-0.86,1.08,0.18,-0.53301,-0.27535,-0.23166,-0.76578,-0.71,1.09,0.11,-0.38129,-0.16868,-0.09536,0.90392,-0.69,1.05,0.07,-0.38129,-0.16868,-0.09536,0.90392,-0.73,1.07,0.09,-0.44017,-0.2089,0.61739,0.61761,-0.75,1.07,0.11,-0.24749,-0.02677,0.58052,0.77526,-0.76,1.09,0.14,-0.13077,0.01874,0.65125,0.74728,-0.77,1.09,0.16,-0.13077,0.01874,0.65125,0.74728,-0.72,1.07,0.09,-0.38129,-0.16868,-0.09536,0.90392,-0.73,1.12,0.13,0.06384,-0.21889,0.08307,0.97011,-0.75,1.11,0.16,0.29993,-0.19009,0.10755,0.92862,-0.75,1.09,0.18,0.348,-0.15582,0.10925,0.91798,-0.76,1.08,0.19,0.348,-0.15582,0.10925,0.91798,-0.7,1.07,0.1,-0.38129,-0.16868,-0.09536,0.90392,-0.71,1.12,0.13,-0.03039,-0.19656,-0.03338,0.97945,-0.73,1.12,0.17,0.40862,-0.19246,0.04441,0.89107,-0.74,1.1,0.19,0.63095,-0.15676,0.02733,0.75933,-0.74,1.08,0.19,0.63095,-0.15676,0.02733,0.75933,-0.68,1.07,0.1,-0.38129,-0.16868,-0.09536,0.90392,-0.69,1.11,0.14,-0.11178,-0.16738,-0.1234,0.97173,-0.7,1.12,0.17,0.42925,-0.22681,-0.05379,0.87259,-0.72,1.1,0.19,0.70831,-0.24774,-0.00218,0.661,-0.72,1.08,0.18,0.70831,-0.24774,-0.00218,0.661,-0.68,1.07,0.11,-0.30425,-0.11712,-0.32988,0.88594,-0.68,1.1,0.14,-0.18381,-0.14946,-0.22553,0.94499,-0.68,1.11,0.17,0.36329,-0.24629,-0.18841,0.87856,-0.69,1.1,0.18,0.6499,-0.33852,-0.09994,0.67308,-0.71,1.08,0.18,0.6499,-0.33852,-0.09994,0.67308,-0.81,1.08,0.19
-0.79,1.45,-0.16,-0.79,1.45,-0.16,-0.85,1.09,0.11,0.31528,-0.07191,-0.11295,-0.93951,-0.86,1.06,0.06,0.31528,-0.07191,-0.11295,-0.93951,-0.82,1.07,0.09,0.42689,-0.20278,0.53344,-0.70149,-0.8,1.08,0.11,0.18827,-0.02954,0.49475,-0.84788,-0.79,1.09,0.14,0.08051,-0.01015,0.57037,-0.81737,-0.79,1.09,0.16,0.08051,-0.01015,0.57037,-0.81737,-0.84,1.07,0.09,0.31528,-0.07191,-0.11295,-0.93951,-0.83,1.11,0.13,0.04986,-0.11353,-0.03696,-0.99159,-0.82,1.12,0.17,-0.32162,-0.12321,-0.01811,-0.93864,-0.81,1.1,0.19,-0.48557,-0.09763,-0.00465,-0.86872,-0.81,1.08,0.2,-0.48557,-0.09763,-0.00465,-0.86872,-0.85,1.07,0.09,0.31528,-0.07191,-0.11295,-0.93951,-0.85,1.11,0.13,0.104,-0.07578,-0.11376,-0.98514,-0.85,1.12,0.18,-0.3323,-0.11971,-0.08253,-0.9319,-0.84,1.1,0.2,-0.5526,-0.12313,-0.11587,-0.81612,-0.83,1.08,0.21,-0.5526,-0.12313,-0.11587,-0.81612,-0.87,1.07,0.09,0.31528,-0.07191,-0.11295,-0.93951,-0.87,1.1,0.14,0.17079,-0.04662,-0.17604,-0.96833,-0.87,1.11,0.17,-0.31955,-0.14633,-0.16909,-0.92081,-0.86,1.1,0.19,-0.58312,-0.2119,-0.14285,-0.77114,-0.85,1.08,0.2,-0.58312,-0.2119,-0.14285,-0.77114,-0.88,1.06,0.1,0.25726,-0.0051,-0.34678,-0.90196,-0.88,1.09,0.13,0.19589,-0.0374,-0.25372,-0.94649,-0.88,1.1,0.16,-0.26334,-0.14384,-0.2826,-0.9111,-0.88,1.09,0.18,-0.51168,-0.26506,-0.23657,-0.78228,-0.86,1.08,0.19,-0.51168,-0.26506,-0.23657,-0.78228,-0.71,1.09,0.11,-0.38065,-0.1691,-0.09696,0.90394,-0.69,1.05,0.07,-0.38065,-0.1691,-0.09696,0.90394,-0.73,1.07,0.09,-0.44093,-0.20934,0.61571,0.6186,-0.75,1.07,0.11,-0.24731,-0.0273,0.57899,0.77644,-0.76,1.09,0.14,-0.12684,0.02116,0.64947,0.74944,-0.77,1.09,0.16,-0.12684,0.02116,0.64947,0.74944,-0.72,1.07,0.09,-0.38065,-0.1691,-0.09696,0.90394,-0.73,1.12,0.13,0.06765,-0.22009,0.08307,0.96958,-0.75,1.11,0.16,0.30264,-0.19126,0.10767,0.92749,-0.75,1.09,0.18,0.35043,-0.15699,0.10948,0.91682,-0.76,1.08,0.19,0.35043,-0.15699,0.10948,0.91682,-0.7,1.07,0.1,-0.38065,-0.1691,-0.09696,0.90394,-0.71,1.12,0.13,-0.03054,-0.19768,-0.03472,0.97918,-0.73,1.12,0.17,0.40706,-0.19412,0.04342,0.89148,-0.74,1.1,0.19,0.6288,-0.15882,0.02669,0.76071,-0.74,1.08,0.19,0.6288,-0.15882,0.02669,0.76071,-0.68,1.07,0.1,-0.38065,-0.1691,-0.09696,0.90394,-0.69,1.11,0.14,-0.11233,-0.168,-0.12503,0.97135,-0.7,1.12,0.17,0.42707,-0.22814,-0.05517,0.87322,-0.72,1.1,0.19,0.70557,-0.2496,-0.00322,0.66322,-0.72,1.08,0.18,0.70557,-0.2496,-0.00322,0.66322,-0.68,1.07,0.11,-0.30331,-0.11742,-0.33134,0.88568,-0.68,1.1,0.14,-0.18547,-0.14983,-0.22703,0.94425,-0.68,1.11,0.17,0.36093,-0.24742,-0.1896,0.87896,-0.69,1.1,0.18,0.6473,-0.33997,-0.10074,0.67474,-0.71,1.08,0.18,0.6473,-0.33997,-0.10074,0.67474,-0.81,1.08,0.19
-0.79,1.45,-0.15,-0.79,1.45,-0.15,-0.85,1.09,0.11,0.28749,-0.07531,-0.10535,-0.94899,-0.86,1.06,0.06,0.28749,-0.07531,-0.10535,-0.94899,-0.82,1.07,0.09,0.41336,-0.22599,0.52702,-0.70733,-0.8,1.08,0.1,0.17233,-0.05266,0.49596,-0.84944,-0.79,1.09,0.14,0.074,-0.03959,0.57341,-0.81496,-0.79,1.09,0.16,0.074,-0.03959,0.57341,-0.81496,-0.83,1.07,0.09,0.28749,-0.07531,-0.10535,-0.94899,-0.83,1.11,0.14,0.07317,-0.13262,-0.02747,-0.98808,-0.82,1.11,0.17,-0.22455,-0.13742,-0.01303,-0.96464,-0.81,1.1,0.19,-0.38207,-0.11164,-0.00161,-0.91736,-0.81,1.09,0.21,-0.38207,-0.11164,-0.00161,-0.91736,-0.85,1.07,0.09,0.28749,-0.07531,-0.10535,-0.94899,-0.85,1.11,0.14,0.15408,-0.0667,-0.11198,-0.97942,-0.84,1.12,0.18,-0.23386,-0.10677,-0.0904,-0.96215,-0.84,1.11,0.2,-0.43902,-0.11694,-0.12852,-0.88151,-0.83,1.09,0.22,-0.43902,-0.11694,-0.12852,-0.88151,-0.87,1.07,0.09,0.28749,-0.07531,-0.10535,-0.94899,-0.87,1.1,0.14,0.21629,-0.02998,-0.17183,-0.96062,-0.87,1.11,0.17,-0.23472,-0.12425,-0.17714,-0.94768,-0.86,1.1,0.19,-0.48922,-0.1928,-0.15849,-0.83569,-0.85,1.09,0.21,-0.48922,-0.1928,-0.15849,-0.83569,-0.88,1.06,0.1,0.23055,-0.00117,-0.33743,-0.91268,-0.88,1.08,0.14,0.22053,-0.01462,-0.24528,-0.94392,-0.88,1.1,0.16,-0.19908,-0.10994,-0.28887,-0.92996,-0.88,1.09,0.18,-0.43255,-0.22895,-0.25514,-0.8339,-0.87,1.08,0.19,-0.43255,-0.22895,-0.25514,-0.8339,-0.71,1.09,0.11,-0.37642,-0.1669,-0.09705,0.90611,-0.69,1.05,0.07,-0.37642,-0.1669,-0.09705,0.90611,-0.73,1.07,0.09,-0.43801,-0.21113,0.61441,0.62134,-0.75,1.07,0.11,-0.24215,-0.02799,0.57833,0.77853,-0.76,1.09,0.14,-0.11974,0.02147,0.6486,0.75135,-0.77,1.09,0.16,-0.11974,0.02147,0.6486,0.75135,-0.72,1.07,0.09,-0.37642,-0.1669,-0.09705,0.90611,-0.73,1.11,0.13,0.07226,-0.21831,0.08139,0.96979,-0.75,1.11,0.16,0.30776,-0.18974,0.10574,0.92634,-0.75,1.09,0.18,0.35589,-0.15547,0.1077,0.91519,-0.76,1.08,0.19,0.35589,-0.15547,0.1077,0.91519,-0.7,1.07,0.1,-0.37642,-0.1669,-0.09705,0.90611,-0.71,1.12,0.13,-0.0279,-0.19529,-0.03628,0.97968,-0.73,1.12,0.17,0.40865,-0.19268,0.04075,0.89119,-0.73,1.1,0.19,0.62894,-0.15811,0.02363,0.76084,-0.74,1.08,0.19,0.62894,-0.15811,0.02363,0.76084,-0.68,1.07,0.1,-0.37642,-0.1669,-0.09705,0.90611,-0.69,1.11,0.14,-0.11063,-0.16525,-0.12607,0.97189,-0.7,1.12,0.17,0.42702,-0.22622,-0.05795,0.87357,-0.72,1.1,0.19,0.70392,-0.24888,-0.00696,0.66521,-0.72,1.08,0.18,0.70392,-0.24888,-0.00696,0.66521,-0.68,1.07,0.11,-0.29962,-0.11411,-0.33132,0.88737,-0.68,1.09,0.14,-0.18576,-0.1462,-0.22768,0.94461,-0.68,1.11,0.17,0.36108,-0.24481,-0.192,0.87911,-0.69,1.1,0.18,0.64681,-0.33837,-0.10419,0.67549,-0.71,1.08,0.18,0.64681,-0.33837,-0.10419,0.67549,-0.81,1.08,0.19
-0.79,1.45,-0.16,-0.79,1.45,-0.16,-0.85,1.09,0.11,0.28044,-0.07906,-0.10298,-0.95105,-0.86,1.06,0.06,0.28044,-0.07906,-0.10298,-0.95105,-0.82,1.07,0.09,0.41535,-0.23278,0.52103,-0.7084,-0.8,1.08,0.1,0.17292,-0.06096,0.49229,-0.8509,-0.79,1.09,0.13,0.07583,-0.04854,0.57066,-0.81624,-0.78,1.09,0.16,0.07583,-0.04854,0.57066,-0.81624,-0.83,1.07,0.09,0.28044,-0.07906,-0.10298,-0.95105,-0.83,1.11,0.13,0.07206,-0.14211,-0.02252,-0.98697,-0.82,1.11,0.17,-0.20376,-0.14483,-0.00879,-0.96821,-0.81,1.1,0.19,-0.34864,-0.11845,0.00122,-0.92974,-0.8,1.09,0.21,-0.34864,-0.11845,0.00122,-0.92974,-0.85,1.07,0.09,0.28044,-0.07906,-0.10298,-0.95105,-0.85,1.11,0.14,0.15651,-0.06792,-0.11008,-0.97917,-0.84,1.12,0.18,-0.22028,-0.10617,-0.08939,-0.96551,-0.84,1.11,0.2,-0.4184,-0.11626,-0.12803,-0.89165,-0.83,1.09,0.22,-0.4184,-0.11626,-0.12803,-0.89165,-0.87,1.07,0.09,0.28044,-0.07906,-0.10298,-0.95105,-0.87,1.1,0.14,0.22605,-0.02901,-0.16986,-0.95875,-0.87,1.12,0.17,-0.22048,-0.12204,-0.17612,-0.95157,-0.86,1.11,0.19,-0.47275,-0.19021,-0.15835,-0.84573,-0.85,1.09,0.21,-0.47275,-0.19021,-0.15835,-0.84573,-0.87,1.07,0.09,0.22324,-0.00301,-0.3345,-0.91557,-0.88,1.08,0.14,0.23282,-0.00931,-0.24218,-0.94184,-0.88,1.1,0.16,-0.18599,-0.10456,-0.28844,-0.93342,-0.88,1.09,0.18,-0.42498,-0.22493,-0.2547,-0.839,-0.87,1.08,0.19,-0.42498,-0.22493,-0.2547,-0.839,-0.71,1.09,0.11,-0.37403,-0.16583,-0.09766,0.90723,-0.69,1.05,0.07,-0.37403,-0.16583,-0.09766,0.90723,-0.73,1.07,0.09,-0.4371,-0.2126,0.61281,0.62306,-0.75,1.07,0.11,-0.23981,-0.02912,0.57723,0.78003,-0.76,1.09,0.14,-0.11659,0.02064,0.64755,0.75277,-0.77,1.09,0.16,-0.11659,0.02064,0.64755,0.75277,-0.72,1.07,0.09,-0.37403,-0.16583,-0.09766,0.90723,-0.73,1.11,0.13,0.07257,-0.21733,0.07881,0.9702,-0.75,1.11,0.16,0.31143,-0.18904,0.10367,0.92549,-0.75,1.09,0.18,0.3616,-0.15462,0.1061,0.91328,-0.76,1.08,0.19,0.3616,-0.15462,0.1061,0.91328,-0.7,1.07,0.1,-0.37403,-0.16583,-0.09766,0.90723,-0.71,1.12,0.13,-0.02713,-0.19427,-0.03776,0.97985,-0.73,1.12,0.17,0.40896,-0.19243,0.03887,0.89119,-0.73,1.1,0.19,0.6286,-0.15837,0.02168,0.76113,-0.74,1.08,0.19,0.6286,-0.15837,0.02168,0.76113,-0.68,1.07,0.1,-0.37403,-0.16583,-0.09766,0.90723,-0.69,1.11,0.14,-0.11027,-0.16407,-0.12715,0.97199,-0.7,1.12,0.17,0.42614,-0.22571,-0.05978,0.87401,-0.72,1.1,0.19,0.70204,-0.24914,-0.00917,0.66707,-0.72,1.08,0.19,0.70204,-0.24914,-0.00917,0.66707,-0.68,1.07,0.11,-0.29742,-0.11243,-0.33182,0.88814,-0.68,1.09,0.14,-0.18624,-0.1449,-0.2283,0.94456,-0.68,1.11,0.17,0.36072,-0.24412,-0.19318,0.87919,-0.69,1.1,0.18,0.64622,-0.33813,-0.10563,0.67596,-0.71,1.08,0.18,0.64622,-0.33813,-0.10563,0.67596,-0.81,1.08,0.19
-0.79,1.45,-0.16,-0.79,1.45,-0.16,-0.85,1.09,0.11,0.25604,-0.09081,-0.09328,-0.95786,-0.86,1.06,0.06,0.25604,-0.09081,-0.09328,-0.95786,-0.82,1.07,0.08,0.40909,-0.25823,0.51287,-0.70918,-0.8,1.08,0.1,0.1641,-0.08687,0.4928,-0.8501,-0.79,1.09,0.13,0.06568,-0.0724,0.57292,-0.81376,-0.78,1.09,0.16,0.06568,-0.0724,0.57292,-0.81376,-0.83,1.07,0.09,0.25604,-0.09081,-0.09328,-0.95786,-0.82,1.11,0.13,0.0445,-0.15542,-0.00996,-0.9868,-0.81,1.11,0.17,-0.21695,-0.15355,0.00472,-0.96402,-0.8,1.1,0.19,-0.35346,-0.12499,0.01509,-0.92694,-0.8,1.09,0.21,-0.35346,-0.12499,0.01509,-0.92694,-0.85,1.07,0.09,0.25604,-0.09081,-0.09328,-0.95786,-0.84,1.11,0.14,0.13162,-0.07584,-0.09914,-0.98341,-0.84,1.12,0.18,-0.24973,-0.10949,-0.07583,-0.95911,-0.83,1.11,0.2,-0.45015,-0.11514,-0.11382,-0.87815,-0.83,1.09,0.22,-0.45015,-0.11514,-0.11382,-0.87815,-0.87,1.07,0.09,0.25604,-0.09081,-0.09328,-0.95786,-0.86,1.1,0.14,0.21397,-0.03462,-0.15931,-0.96314,-0.86,1.11,0.17,-0.24185,-0.12334,-0.16363,-0.94843,-0.85,1.1,0.19,-0.49843,-0.18824,-0.14575,-0.8336,-0.84,1.08,0.21,-0.49843,-0.18824,-0.14575,-0.8336,-0.87,1.07,0.09,0.19843,-0.00819,-0.32288,-0.92537,-0.88,1.08,0.14,0.23038,-0.01057,-0.22985,-0.94551,-0.88,1.1,0.16,-0.1944,-0.10172,-0.27664,-0.93559,-0.88,1.09,0.18,-0.45157,-0.2236,-0.2408,-0.82952,-0.86,1.08,0.19,-0.45157,-0.2236,-0.2408,-0.82952,-0.7,1.09,0.11,-0.37204,-0.16292,-0.09924,0.9084,-0.69,1.05,0.07,-0.37204,-0.16292,-0.09924,0.9084,-0.73,1.07,0.09,-0.43658,-0.21327,0.60997,0.62598,-0.75,1.08,0.11,-0.23822,-0.03038,0.57452,0.78247,-0.76,1.09,0.14,-0.11439,0.0193,0.64508,0.75526,-0.77,1.09,0.16,-0.11439,0.0193,0.64508,0.75526,-0.72,1.07,0.09,-0.37204,-0.16292,-0.09924,0.9084,-0.73,1.12,0.13,0.06806,-0.21528,0.07317,0.97143,-0.75,1.11,0.16,0.31409,-0.18782,0.09906,0.92534,-0.75,1.09,0.18,0.36888,-0.15314,0.10236,0.91104,-0.76,1.08,0.19,0.36888,-0.15314,0.10236,0.91104,-0.7,1.07,0.1,-0.37204,-0.16292,-0.09924,0.9084,-0.71,1.12,0.13,-0.02822,-0.19184,-0.04107,0.98016,-0.73,1.12,0.17,0.40712,-0.19175,0.03463,0.89235,-0.73,1.1,0.19,0.62664,-0.15894,0.01731,0.76273,-0.74,1.08,0.19,0.62664,-0.15894,0.01731,0.76273,-0.68,1.07,0.1,-0.37204,-0.16292,-0.09924,0.9084,-0.69,1.11,0.14,-0.11168,-0.16123,-0.12988,0.97194,-0.7,1.12,0.17,0.42321,-0.22471,-0.06394,0.87539,-0.71,1.1,0.19,0.6985,-0.24979,-0.01367,0.67046,-0.72,1.08,0.19,0.6985,-0.24979,-0.01367,0.67046,-0.68,1.07,0.11,-0.29585,-0.10907,-0.33337,0.8885,-0.68,1.1,0.14,-0.18806,-0.14175,-0.23031,0.94419,-0.68,1.11,0.17,0.36006,-0.24295,-0.19625,0.8791,-0.69,1.1,0.18,0.64609,-0.33823,-0.10858,0.67555,-0.71,1.08,0.18,0.64609,-0.33823,-0.10858,0.67555,-0.81,1.08,0.19
-0.79,1.45,-0.16,-0.79,1.45,-0.16,-0.85,1.09,0.11,0.24597,-0.09426,-0.08176,-0.96121,-0.86,1.06,0.06,0.24597,-0.09426,-0.08176,-0.96121,-0.82,1.07,0.08,0.41164,-0.2715,0.50589,-0.70776,-0.8,1.08,0.1,0.16793,-0.10325,0.48994,-0.84918,-0.79,1.09,0.13,0.06526,-0.08457,0.57185,-0.81338,-0.78,1.09,0.15,0.06526,-0.08457,0.57185,-0.81338,-0.83,1.08,0.09,0.24597,-0.09426,-0.08176,-0.96121,-0.82,1.11,0.14,0.02735,-0.15681,0.00269,-0.98725,-0.81,1.11,0.17,-0.23824,-0.15108,0.01801,-0.95921,-0.8,1.1,0.19,-0.37748,-0.12032,0.02909,-0.91771,-0.8,1.08,0.21,-0.37748,-0.12032,0.02909,-0.91771,-0.85,1.07,0.09,0.24597,-0.09426,-0.08176,-0.96121,-0.84,1.11,0.14,0.1221,-0.07524,-0.08787,-0.98575,-0.84,1.12,0.18,-0.2782,-0.10583,-0.06363,-0.95255,-0.83,1.1,0.2,-0.50116,-0.10872,-0.10182,-0.85244,-0.83,1.08,0.21,-0.50116,-0.10872,-0.10182,-0.85244,-0.87,1.07,0.09,0.24597,-0.09426,-0.08176,-0.96121,-0.86,1.1,0.14,0.21283,-0.03437,-0.14782,-0.96523,-0.86,1.11,0.17,-0.27496,-0.1227,-0.15036,-0.94166,-0.85,1.1,0.19,-0.55452,-0.18594,-0.13021,-0.80062,-0.84,1.08,0.2,-0.55452,-0.18594,-0.13021,-0.80062,-0.87,1.07,0.09,0.18952,-0.00877,-0.31094,-0.9313,-0.88,1.08,0.14,0.22939,-0.01313,-0.21707,-0.94873,-0.88,1.1,0.16,-0.21495,-0.1035,-0.26306,-0.93482,-0.88,1.09,0.18,-0.50559,-0.2296,-0.2205,-0.8019,-0.86,1.08,0.19,-0.50559,-0.2296,-0.2205,-0.8019,-0.7,1.1,0.11,-0.37198,-0.16276,-0.10246,0.9081,-0.69,1.05,0.07,-0.37198,-0.16276,-0.10246,0.9081,-0.73,1.07,0.09,-0.43811,-0.21244,0.60708,0.628,-0.75,1.08,0.11,-0.23994,-0.03118,0.5712,0.78434,-0.76,1.09,0.14,-0.11544,0.01869,0.64205,0.75769,-0.77,1.09,0.16,-0.11544,0.01869,0.64205,0.75769,-0.72,1.07,0.09,-0.37198,-0.16276,-0.10246,0.9081,-0.73,1.12,0.13,0.06253,-0.21631,0.06814,0.97193,-0.75,1.11,0.16,0.31405,-0.18969,0.0955,0.92535,-0.75,1.1,0.18,0.3726,-0.15485,0.09962,0.90954,-0.76,1.08,0.19,0.3726,-0.15485,0.09962,0.90954,-0.7,1.07,0.09,-0.37198,-0.16276,-0.10246,0.9081,-0.71,1.12,0.13,-0.02992,-0.19277,-0.04444,0.97978,-0.73,1.12,0.17,0.40532,-0.1941,0.03199,0.89276,-0.73,1.1,0.19,0.62564,-0.16193,0.01538,0.76296,-0.74,1.08,0.19,0.62564,-0.16193,0.01538,0.76296,-0.68,1.07,0.1,-0.37198,-0.16276,-0.10246,0.9081,-0.69,1.11,0.14,-0.1142,-0.16194,-0.1332,0.97108,-0.7,1.12,0.17,0.42068,-0.22716,-0.06628,0.8758,-0.71,1.1,0.19,0.69664,-0.25293,-0.01486,0.67119,-0.72,1.08,0.19,0.69664,-0.25293,-0.01486,0.67119,-0.68,1.07,0.1,-0.29539,-0.10901,-0.33642,0.88752,-0.68,1.1,0.14,-0.19171,-0.14157,-0.2336,0.94267,-0.68,1.11,0.17,0.35966,-0.24557,-0.19826,0.87809,-0.69,1.1,0.18,0.64805,-0.34168,-0.10822,0.67199,-0.71,1.08,0.18,0.64805,-0.34168,-0.10822,0.67199,-0.81,1.08,0.19
-0.79,1.45,-0.16,-0.79,1.45,-0.16,-0.85,1.09,0.11,0.24228,-0.09041,-0.0727,-0.96325,-0.86,1.06,0.06,0.24228,-0.09041,-0.0727,-0.96325,-0.82,1.07,0.08,0.41631,-0.27527,0.49885,-0.70856,-0.8,1.08,0.1,0.17605,-0.11201,0.4833,-0.85023,-0.79,1.09,0.13,0.0701,-0.0905,0.56676,-0.81589,-0.78,1.09,0.15,0.0701,-0.0905,0.56676,-0.81589,-0.83,1.08,0.09,0.24228,-0.09041,-0.0727,-0.96325,-0.82,1.11,0.14,0.01569,-0.15255,0.01238,-0.98809,-0.81,1.11,0.17,-0.26219,-0.14376,0.02814,-0.95383,-0.81,1.09,0.19,-0.41204,-0.11092,0.04042,-0.90349,-0.8,1.08,0.21,-0.41204,-0.11092,0.04042,-0.90349,-0.85,1.07,0.09,0.24228,-0.09041,-0.0727,-0.96325,-0.84,1.11,0.14,0.12854,-0.06826,-0.0804,-0.98608,-0.84,1.12,0.18,-0.28227,-0.09716,-0.05853,-0.95261,-0.83,1.1,0.2,-0.52207,-0.09984,-0.09863,-0.84128,-0.83,1.08,0.21,-0.52207,-0.09984,-0.09863,-0.84128,-0.87,1.07,0.09,0.24228,-0.09041,-0.0727,-0.96325,-0.86,1.1,0.14,0.22121,-0.02878,-0.13907,-0.96483,-0.86,1.12,0.17,-0.28301,-0.11625,-0.14367,-0.94114,-0.86,1.1,0.19,-0.57959,-0.17931,-0.12354,-0.78528,-0.85,1.08,0.2,-0.57959,-0.17931,-0.12354,-0.78528,-0.88,1.07,0.1,0.18798,-0.00382,-0.30215,-0.93454,-0.88,1.09,0.14,0.23558,-0.01118,-0.20703,-0.94948,-0.88,1.1,0.16,-0.22724,-0.10245,-0.25401,-0.93453,-0.88,1.09,0.18,-0.54316,-0.23152,-0.20672,-0.78015,-0.86,1.08,0.19,-0.54316,-0.23152,-0.20672,-0.78015,-0.7,1.1,0.11,-0.37176,-0.16325,-0.10572,0.90773,-0.69,1.05,0.07,-0.37176,-0.16325,-0.10572,0.90773,-0.73,1.07,0.09,-0.43973,-0.21026,0.60427,0.63031,-0.75,1.08,0.11,-0.24233,-0.03107,0.56748,0.78631,-0.76,1.09,0.14,-0.11658,0.0194,0.63851,0.76048,-0.77,1.09,0.16,-0.11658,0.0194,0.63851,0.76048,-0.72,1.07,0.09,-0.37176,-0.16325,-0.10572,0.90773,-0.73,1.12,0.13,0.05873,-0.21771,0.06367,0.97216,-0.75,1.11,0.16,0.31477,-0.19186,0.09243,0.92497,-0.75,1.1,0.18,0.37599,-0.15695,0.09722,0.90804,-0.76,1.08,0.19,0.37599,-0.15695,0.09722,0.90804,-0.7,1.07,0.09,-0.37176,-0.16325,-0.10572,0.90773,-0.71,1.12,0.13,-0.03061,-0.1943,-0.04751,0.97931,-0.73,1.12,0.17,0.40494,-0.19681,0.03,0.89241,-0.73,1.1,0.19,0.6264,-0.16496,0.01428,0.76172,-0.74,1.08,0.19,0.6264,-0.16496,0.01428,0.76172,-0.68,1.07,0.1,-0.37176,-0.16325,-0.10572,0.90773,-0.69,1.11,0.14,-0.11591,-0.16338,-0.13625,0.97021,-0.7,1.12,0.17,0.41928,-0.23009,-0.06793,0.87558,-0.72,1.1,0.19,0.69607,-0.25623,-0.01513,0.67053,-0.72,1.08,0.18,0.69607,-0.25623,-0.01513,0.67053,-0.68,1.07,0.1,-0.29462,-0.10954,-0.33946,0.88655,-0.68,1.1,0.14,-0.19482,-0.14199,-0.23683,0.94117,-0.68,1.11,0.17,0.35946,-0.24858,-0.19993,0.87694,-0.69,1.1,0.18,0.64988,-0.34532,-0.1075,0.66848,-0.71,1.08,0.18,0.64988,-0.34532,-0.1075,0.66848,-0.81,1.08,0.19
-0.79,1.45,-0.16,-0.79,1.45,-0.16,-0.85,1.09,0.11,0.256,-0.08407,-0.08108,-0.9596,-0.86,1.06,0.06,0.256,-0.08407,-0.08108,-0.9596,-0.82,1.07,0.08,0.42925,-0.26151,0.4927,-0.71035,-0.8,1.08,0.1,0.1902,-0.10273,0.47227,-0.85453,-0.79,1.09,0.13,0.07603,-0.07661,0.55604,-0.82412,-0.78,1.09,0.15,0.07603,-0.07661,0.55604,-0.82412,-0.83,1.08,0.09,0.256,-0.08407,-0.08108,-0.9596,-0.82,1.11,0.14,0.02326,-0.15303,0.00748,-0.98792,-0.81,1.11,0.17,-0.26999,-0.14539,0.0259,-0.95147,-0.81,1.1,0.19,-0.42839,-0.1125,0.04001,-0.89567,-0.8,1.08,0.21,-0.42839,-0.1125,0.04001,-0.89567,-0.85,1.08,0.09,0.256,-0.08407,-0.08108,-0.9596,-0.85,1.11,0.14,0.15588,-0.06341,-0.09031,-0.98159,-0.84,1.12,0.18,-0.25234,-0.09686,-0.06979,-0.96025,-0.84,1.11,0.2,-0.49628,-0.10462,-0.10972,-0.85482,-0.83,1.09,0.21,-0.49628,-0.10462,-0.10972,-0.85482,-0.87,1.07,0.09,0.256,-0.08407,-0.08108,-0.9596,-0.86,1.1,0.14,0.24217,-0.02502,-0.14805,-0.95854,-0.87,1.12,0.17,-0.26456,-0.11869,-0.15244,-0.94482,-0.86,1.11,0.19,-0.57053,-0.1858,-0.1294,-0.78945,-0.85,1.09,0.2,-0.57053,-0.1858,-0.1294,-0.78945,-0.88,1.07,0.1,0.20146,-0.0012,-0.31154,-0.92863,-0.88,1.09,0.14,0.25598,-0.0059,-0.21587,-0.94225,-0.88,1.1,0.16,-0.2311,-0.11031,-0.26237,-0.93037,-0.88,1.09,0.18,-0.5668,-0.24691,-0.20586,-0.75855,-0.86,1.08,0.19,-0.5668,-0.24691,-0.20586,-0.75855,-0.71,1.09,0.11,-0.36739,-0.16488,-0.10679,0.90909,-0.69,1.05,0.07,-0.36739,-0.16488,-0.10679,0.90909,-0.73,1.07,0.09,-0.43936,-0.21116,0.60171,0.6327,-0.75,1.08,0.11,-0.24266,-0.0337,0.56495,0.78791,-0.76,1.09,0.14,-0.11641,0.01695,0.63642,0.76232,-0.77,1.09,0.16,-0.11641,0.01695,0.63642,0.76232,-0.72,1.07,0.09,-0.36739,-0.16488,-0.10679,0.90909,-0.73,1.12,0.13,0.05971,-0.21871,0.06075,0.97206,-0.75,1.11,0.16,0.32095,-0.19305,0.09099,0.92274,-0.75,1.1,0.18,0.38457,-0.15794,0.09654,0.90435,-0.76,1.08,0.19,0.38457,-0.15794,0.09654,0.90435,-0.7,1.07,0.09,-0.36739,-0.16488,-0.10679,0.90909,-0.71,1.12,0.13,-0.02782,-0.19584,-0.04854,0.97904,-0.73,1.12,0.17,0.40592,-0.19865,0.02944,0.89157,-0.74,1.1,0.19,0.62557,-0.16698,0.01404,0.76196,-0.74,1.08,0.19,0.62557,-0.16698,0.01404,0.76196,-0.68,1.07,0.1,-0.36739,-0.16488,-0.10679,0.90909,-0.69,1.11,0.14,-0.11265,-0.16484,-0.1369,0.97026,-0.7,1.12,0.17,0.42035,-0.23142,-0.06818,0.8747,-0.72,1.1,0.19,0.69534,-0.25759,-0.01536,0.67076,-0.72,1.08,0.18,0.69534,-0.25759,-0.01536,0.67076,-0.68,1.07,0.1,-0.28988,-0.11004,-0.34013,0.88779,-0.68,1.1,0.14,-0.19258,-0.1427,-0.23751,0.94135,-0.68,1.11,0.17,0.36166,-0.24939,-0.20007,0.87577,-0.69,1.1,0.18,0.65035,-0.34594,-0.10795,0.66762,-0.71,1.08,0.18,0.65035,-0.34594,-0.10795,0.66762,-0.81,1.08,0.19
-0.79,1.45,-0.16,-0.79,1.45,-0.16,-0.85,1.1,0.11,0.29282,-0.09141,-0.13453,-0.94223,-0.86,1.06,0.06,0.29282,-0.09141,-0.13453,-0.94223,-0.82,1.08,0.08,0.47078,-0.23303,0.46218,-0.71446,-0.8,1.09,0.1,0.22799,-0.08747,0.43284,-0.86777,-0.79,1.1,0.12,0.09737,-0.05447,0.51807,-0.84803,-0.78,1.11,0.15,0.09737,-0.05447,0.51807,-0.84803,-0.83,1.08,0.08,0.29282,-0.09141,-0.13453,-0.94223,-0.83,1.12,0.13,0.04711,-0.17424,-0.03463,-0.98297,-0.81,1.12,0.16,-0.28506,-0.17877,-0.00063,-0.94169,-0.81,1.11,0.18,-0.45158,-0.14972,0.0217,-0.87931,-0.8,1.09,0.2,-0.45158,-0.14972,0.0217,-0.87931,-0.85,1.08,0.08,0.29282,-0.09141,-0.13453,-0.94223,-0.85,1.11,0.13,0.17192,-0.08723,-0.13908,-0.97133,-0.84,1.13,0.17,-0.24157,-0.13931,-0.10362,-0.95472,-0.83,1.12,0.19,-0.48619,-0.15484,-0.13098,-0.84999,-0.83,1.1,0.21,-0.48619,-0.15484,-0.13098,-0.84999,-0.87,1.07,0.09,0.29282,-0.09141,-0.13453,-0.94223,-0.87,1.1,0.13,0.25321,-0.04585,-0.20057,-0.94528,-0.87,1.12,0.17,-0.25231,-0.16381,-0.18637,-0.93529,-0.86,1.11,0.19,-0.55466,-0.23964,-0.14544,-0.78344,-0.84,1.09,0.2,-0.55466,-0.23964,-0.14544,-0.78344,-0.87,1.07,0.09,0.2284,-0.01934,-0.36473,-0.90246,-0.88,1.09,0.13,0.27386,-0.02175,-0.27114,-0.9225,-0.88,1.1,0.16,-0.22329,-0.15709,-0.30012,-0.914,-0.88,1.1,0.18,-0.54819,-0.30314,-0.2229,-0.74694,-0.86,1.08,0.18,-0.54819,-0.30314,-0.2229,-0.74694,-0.71,1.09,0.11,-0.36358,-0.167,-0.10972,0.90988,-0.69,1.05,0.07,-0.36358,-0.167,-0.10972,0.90988,-0.73,1.07,0.09,-0.44027,-0.21355,0.59764,0.63512,-0.75,1.08,0.11,-0.24325,-0.03773,0.56145,0.79005,-0.76,1.09,0.14,-0.11791,0.01192,0.63373,0.76442,-0.77,1.09,0.16,-0.11791,0.01192,0.63373,0.76442,-0.72,1.07,0.09,-0.36358,-0.167,-0.10972,0.90988,-0.73,1.12,0.13,0.05869,-0.2216,0.05681,0.97171,-0.75,1.11,0.16,0.32434,-0.19649,0.08891,0.92103,-0.75,1.1,0.18,0.39095,-0.16121,0.09542,0.90115,-0.76,1.08,0.19,0.39095,-0.16121,0.09542,0.90115,-0.7,1.07,0.09,-0.36358,-0.167,-0.10972,0.90988,-0.71,1.12,0.13,-0.02625,-0.19849,-0.05122,0.97841,-0.73,1.12,0.17,0.40668,-0.20221,0.0281,0.89047,-0.74,1.1,0.19,0.62472,-0.17083,0.0135,0.76182,-0.74,1.08,0.19,0.62472,-0.17083,0.0135,0.76182,-0.68,1.07,0.1,-0.36358,-0.167,-0.10972,0.90988,-0.69,1.11,0.14,-0.11012,-0.16739,-0.13917,0.96979,-0.7,1.12,0.17,0.42208,-0.23465,-0.06885,0.87296,-0.72,1.1,0.19,0.69519,-0.26083,-0.01528,0.66966,-0.73,1.08,0.19,0.69519,-0.26083,-0.01528,0.66966,-0.68,1.07,0.1,-0.28532,-0.11125,-0.34256,0.88818,-0.68,1.09,0.14,-0.18919,-0.14577,-0.23928,0.94112,-0.68,1.11,0.17,0.36482,-0.25269,-0.19978,0.87358,-0.69,1.1,0.18,0.65196,-0.34875,-0.10685,0.66476,-0.71,1.08,0.18,0.65196,-0.34875,-0.10685,0.66476,-0.81,1.08,0.19
-0.79,1.45,-0.16,-0.79,1.45,-0.16,-0.85,1.1,0.1,0.3274,-0.10873,-0.20197,-0.91662,-0.86,1.06,0.05,0.3274,-0.10873,-0.20197,-0.91662,-0.82,1.08,0.07,0.50767,-0.20498,0.42843,-0.71882,-0.8,1.1,0.09,0.2574,-0.07161,0.39116,-0.88069,-0.79,1.11,0.11,0.11081,-0.03471,0.47673,-0.87135,-0.79,1.12,0.14,0.11081,-0.03471,0.47673,-0.87135,-0.84,1.08,0.08,0.3274,-0.10873,-0.20197,-0.91662,-0.83,1.12,0.12,0.06237,-0.21004,-0.08465,-0.97202,-0.82,1.13,0.15,-0.30148,-0.23062,-0.02728,-0.92476,-0.8,1.12,0.17,-0.46981,-0.2056,0.00636,-0.85847,-0.8,1.1,0.18,-0.46981,-0.2056,0.00636,-0.85847,-0.85,1.08,0.08,0.3274,-0.10873,-0.20197,-0.91662,-0.85,1.12,0.12,0.17133,-0.12941,-0.19573,-0.95687,-0.84,1.13,0.16,-0.26899,-0.20557,-0.13093,-0.9318,-0.83,1.12,0.18,-0.51338,-0.22389,-0.13863,-0.81676,-0.82,1.1,0.19,-0.51338,-0.22389,-0.13863,-0.81676,-0.87,1.07,0.08,0.3274,-0.10873,-0.20197,-0.91662,-0.87,1.11,0.13,0.25057,-0.08274,-0.26367,-0.92782,-0.87,1.13,0.16,-0.25812,-0.22961,-0.21921,-0.91247,-0.85,1.12,0.18,-0.55069,-0.31159,-0.15414,-0.75888,-0.84,1.1,0.19,-0.55069,-0.31159,-0.15414,-0.75888,-0.87,1.07,0.09,0.2493,-0.0481,-0.42924,-0.86677,-0.88,1.09,0.13,0.27511,-0.05559,-0.33819,-0.89825,-0.88,1.11,0.15,-0.21474,-0.2202,-0.3396,-0.88886,-0.87,1.1,0.17,-0.51271,-0.37089,-0.24147,-0.7357,-0.85,1.09,0.17,-0.51271,-0.37089,-0.24147,-0.7357,-0.71,1.09,0.11,-0.36225,-0.16961,-0.11044,0.90984,-0.69,1.05,0.07,-0.36225,-0.16961,-0.11044,0.90984,-0.73,1.07,0.09,-0.44181,-0.21601,0.59595,0.63482,-0.75,1.08,0.11,-0.2448,-0.04089,0.56048,0.79011,-0.76,1.09,0.14,-0.12214,0.00682,0.63346,0.76404,-0.77,1.09,0.16,-0.12214,0.00682,0.63346,0.76404,-0.72,1.07,0.09,-0.36225,-0.16961,-0.11044,0.90984,-0.73,1.12,0.13,0.0562,-0.22423,0.05601,0.9713,-0.75,1.11,0.16,0.325,-0.199,0.08953,0.92019,-0.75,1.1,0.18,0.39341,-0.1635,0.09663,0.89953,-0.76,1.08,0.19,0.39341,-0.1635,0.09663,0.89953,-0.7,1.07,0.09,-0.36225,-0.16961,-0.11044,0.90984,-0.71,1.12,0.13,-0.02794,-0.20104,-0.0516,0.97782,-0.73,1.12,0.17,0.40557,-0.20467,0.02903,0.89038,-0.74,1.1,0.19,0.62386,-0.17305,0.01502,0.76199,-0.74,1.08,0.19,0.62386,-0.17305,0.01502,0.76199,-0.68,1.07,0.1,-0.36225,-0.16961,-0.11044,0.90984,-0.69,1.11,0.14,-0.10987,-0.17019,-0.13915,0.96933,-0.7,1.12,0.17,0.42265,-0.23703,-0.06722,0.87216,-0.72,1.1,0.19,0.69577,-0.26247,-0.01287,0.66847,-0.73,1.08,0.19,0.69577,-0.26247,-0.01287,0.66847,-0.68,1.07,0.1,-0.2834,-0.11352,-0.34301,0.88833,-0.68,1.09,0.14,-0.18862,-0.14929,-0.239,0.94075,-0.68,1.11,0.17,0.36529,-0.25543,-0.19763,0.87308,-0.69,1.1,0.18,0.65221,-0.35046,-0.1039,0.66408,-0.71,1.08,0.18,0.65221,-0.35046,-0.1039,0.66408,-0.81,1.08,0.19
-0.79,1.46,-0.16,-0.79,1.46,-0.16,-0.85,1.1,0.1,0.32692,-0.11545,-0.23385,-0.90836,-0.86,1.06,0.05,0.32692,-0.11545,-0.23385,-0.90836,-0.83,1.08,0.07,0.51119,-0.20251,0.41038,-0.72751,-0.8,1.1,0.08,0.25188,-0.07235,0.37333,-0.88992,-0.79,1.11,0.11,0.102,-0.03745,0.45962,-0.88144,-0.79,1.12,0.13,0.102,-0.03745,0.45962,-0.88144,-0.84,1.08,0.07,0.32692,-0.11545,-0.23385,-0.90836,-0.83,1.12,0.11,0.02914,-0.23427,-0.09942,-0.96664,-0.82,1.13,0.15,-0.32463,-0.25744,-0.03398,-0.9095,-0.8,1.11,0.16,-0.48935,-0.23312,0.00514,-0.84033,-0.79,1.09,0.17,-0.48935,-0.23312,0.00514,-0.84033,-0.85,1.08,0.08,0.32692,-0.11545,-0.23385,-0.90836,-0.85,1.12,0.12,0.18996,-0.13428,-0.23007,-0.94496,-0.85,1.14,0.16,-0.23926,-0.22396,-0.1613,-0.9309,-0.83,1.13,0.18,-0.48048,-0.25081,-0.16373,-0.82428,-0.82,1.11,0.19,-0.48048,-0.25081,-0.16373,-0.82428,-0.87,1.07,0.08,0.32692,-0.11545,-0.23385,-0.90836,-0.87,1.1,0.12,0.27558,-0.0794,-0.29852,-0.9103,-0.87,1.12,0.16,-0.2229,-0.2442,-0.25077,-0.90983,-0.85,1.12,0.18,-0.50684,-0.33503,-0.18098,-0.77338,-0.84,1.1,0.18,-0.50684,-0.33503,-0.18098,-0.77338,-0.87,1.07,0.09,0.24312,-0.05624,-0.4582,-0.8531,-0.88,1.09,0.13,0.28576,-0.04937,-0.37048,-0.88241,-0.88,1.1,0.15,-0.1813,-0.22511,-0.37312,-0.88161,-0.87,1.1,0.17,-0.45857,-0.38123,-0.2779,-0.75309,-0.85,1.09,0.17,-0.45857,-0.38123,-0.2779,-0.75309,-0.7,1.09,0.11,-0.36189,-0.16974,-0.1103,0.90998,-0.69,1.05,0.07,-0.36189,-0.16974,-0.1103,0.90998,-0.73,1.07,0.09,-0.44149,-0.21612,0.5961,0.63485,-0.75,1.08,0.11,-0.2456,-0.04175,0.56053,0.78977,-0.76,1.09,0.14,-0.12806,0.00196,0.63408,0.76258,-0.77,1.09,0.16,-0.12806,0.00196,0.63408,0.76258,-0.72,1.07,0.09,-0.36189,-0.16974,-0.1103,0.90998,-0.73,1.12,0.13,0.05414,-0.22393,0.05498,0.97155,-0.75,1.11,0.16,0.32593,-0.19877,0.08908,0.91996,-0.75,1.1,0.18,0.39555,-0.16318,0.09643,0.89868,-0.76,1.08,0.19,0.39555,-0.16318,0.09643,0.89868,-0.7,1.07,0.09,-0.36189,-0.16974,-0.1103,0.90998,-0.71,1.12,0.13,-0.03061,-0.20081,-0.05219,0.97776,-0.73,1.12,0.17,0.40403,-0.20472,0.0286,0.89109,-0.74,1.1,0.19,0.62265,-0.1733,0.01461,0.76293,-0.74,1.08,0.19,0.62265,-0.1733,0.01461,0.76293,-0.68,1.07,0.1,-0.36189,-0.16974,-0.1103,0.90998,-0.69,1.11,0.14,-0.11269,-0.16983,-0.13953,0.96901,-0.7,1.12,0.17,0.42026,-0.23706,-0.06763,0.87327,-0.72,1.1,0.19,0.69361,-0.26273,-0.01329,0.6706,-0.73,1.08,0.19,0.69361,-0.26273,-0.01329,0.6706,-0.68,1.07,0.11,-0.28304,-0.11355,-0.34285,0.88851,-0.68,1.09,0.14,-0.19176,-0.14854,-0.23916,0.9402,-0.68,1.11,0.17,0.3624,-0.25516,-0.19814,0.87424,-0.69,1.1,0.18,0.64951,-0.35041,-0.10455,0.66665,-0.71,1.08,0.18,0.64951,-0.35041,-0.10455,0.66665,-0.81,1.08,0.19
-0.79,1.45,-0.16,-0.79,1.45,-0.16,-0.85,1.09,0.1,0.30278,-0.11216,-0.24429,-0.91437,-0.86,1.06,0.05,0.30278,-0.11216,-0.24429,-0.91437,-0.83,1.08,0.07,0.49533,-0.21203,0.39776,-0.74261,-0.8,1.1,0.08,0.23339,-0.08457,0.36346,-0.89793,-0.79,1.11,0.11,0.09032,-0.05592,0.45164,-0.88586,-0.79,1.11,0.14,0.09032,-0.05592,0.45164,-0.88586,-0.84,1.08,0.07,0.30278,-0.11216,-0.24429,-0.91437,-0.83,1.12,0.12,-0.01932,-0.24061,-0.10392,-0.96485,-0.81,1.12,0.15,-0.35307,-0.263,-0.04083,-0.89694,-0.8,1.1,0.16,-0.51109,-0.23957,-0.00104,-0.82546,-0.79,1.09,0.17,-0.51109,-0.23957,-0.00104,-0.82546,-0.85,1.07,0.08,0.30278,-0.11216,-0.24429,-0.91437,-0.85,1.11,0.12,0.1936,-0.11526,-0.24844,-0.94208,-0.85,1.13,0.16,-0.21659,-0.21121,-0.1901,-0.93399,-0.83,1.12,0.18,-0.44314,-0.2447,-0.19761,-0.83946,-0.82,1.11,0.19,-0.44314,-0.2447,-0.19761,-0.83946,-0.87,1.07,0.08,0.30278,-0.11216,-0.24429,-0.91437,-0.87,1.1,0.13,0.29461,-0.05083,-0.3135,-0.9013,-0.87,1.12,0.16,-0.18477,-0.22313,-0.28102,-0.91493,-0.86,1.12,0.18,-0.45398,-0.32214,-0.22097,-0.80081,-0.84,1.1,0.19,-0.45398,-0.32214,-0.22097,-0.80081,-0.87,1.06,0.09,0.21885,-0.04741,-0.46623,-0.85585,-0.88,1.08,0.13,0.29441,-0.01343,-0.38045,-0.87658,-0.88,1.1,0.15,-0.14175,-0.18737,-0.4033,-0.88439,-0.88,1.1,0.17,-0.40537,-0.3504,-0.32381,-0.77977,-0.86,1.09,0.18,-0.40537,-0.3504,-0.32381,-0.77977,-0.7,1.09,0.11,-0.36081,-0.16778,-0.10938,0.91088,-0.69,1.05,0.07,-0.36081,-0.16778,-0.10938,0.91088,-0.73,1.07,0.09,-0.43874,-0.21533,0.5975,0.63572,-0.75,1.08,0.11,-0.24519,-0.04205,0.5614,0.78927,-0.76,1.09,0.14,-0.13318,-0.00275,0.63537,0.76063,-0.77,1.09,0.16,-0.13318,-0.00275,0.63537,0.76063,-0.72,1.07,0.09,-0.36081,-0.16778,-0.10938,0.91088,-0.73,1.11,0.13,0.05196,-0.22168,0.05353,0.97226,-0.75,1.11,0.16,0.32702,-0.19678,0.0877,0.92013,-0.75,1.1,0.18,0.39927,-0.16102,0.09547,0.89752,-0.76,1.08,0.19,0.39927,-0.16102,0.09547,0.89752,-0.7,1.07,0.1,-0.36081,-0.16778,-0.10938,0.91088,-0.71,1.12,0.13,-0.03299,-0.198,-0.05315,0.9782,-0.73,1.12,0.17,0.40272,-0.20263,0.02666,0.89221,-0.74,1.1,0.19,0.62163,-0.17184,0.01217,0.76413,-0.74,1.08,0.19,0.62163,-0.17184,0.01217,0.76413,-0.68,1.07,0.1,-0.36081,-0.16778,-0.10938,0.91088,-0.69,1.11,0.14,-0.11584,-0.1667,-0.14009,0.96911,-0.7,1.12,0.17,0.41865,-0.2349,-0.06943,0.87449,-0.72,1.1,0.19,0.69249,-0.26138,-0.01566,0.67223,-0.72,1.08,0.19,0.69249,-0.26138,-0.01566,0.67223,-0.68,1.07,0.11,-0.28251,-0.11129,-0.34203,0.88928,-0.68,1.09,0.14,-0.19507,-0.14493,-0.23912,0.94009,-0.68,1.11,0.17,0.36096,-0.25273,-0.19969,0.87519,-0.69,1.1,0.18,0.64888,-0.34881,-0.10662,0.66777,-0.71,1.08,0.18,0.64888,-0.34881,-0.10662,0.66777,-0.81,1.08,0.19
-0.79,1.45,-0.16,-0.79,1.45,-0.16,-0.85,1.09,0.1,0.26846,-0.10483,-0.2544,-0.92316,-0.86,1.06,0.05,0.26846,-0.10483,-0.2544,-0.92316,-0.83,1.08,0.07,0.47394,-0.21972,0.37822,-0.76424,-0.8,1.1,0.09,0.21735,-0.10034,0.34437,-0.9078,-0.79,1.11,0.12,0.08893,-0.08245,0.43502,-0.89222,-0.79,1.11,0.14,0.08893,-0.08245,0.43502,-0.89222,-0.84,1.08,0.07,0.26846,-0.10483,-0.2544,-0.92316,-0.83,1.11,0.12,-0.06907,-0.24123,-0.11442,-0.96122,-0.81,1.11,0.15,-0.37387,-0.26431,-0.05798,-0.88713,-0.8,1.1,0.17,-0.52277,-0.24348,-0.01944,-0.81673,-0.79,1.08,0.18,-0.52277,-0.24348,-0.01944,-0.81673,-0.85,1.07,0.08,0.26846,-0.10483,-0.2544,-0.92316,-0.85,1.11,0.13,0.17517,-0.09075,-0.26476,-0.94392,-0.85,1.12,0.16,-0.21874,-0.19195,-0.21826,-0.93149,-0.84,1.12,0.19,-0.43128,-0.22996,-0.23138,-0.84118,-0.82,1.1,0.2,-0.43128,-0.22996,-0.23138,-0.84118,-0.87,1.07,0.08,0.26846,-0.10483,-0.2544,-0.92316,-0.87,1.09,0.13,0.28801,-0.02066,-0.32413,-0.90087,-0.87,1.11,0.16,-0.17302,-0.1966,-0.30827,-0.91454,-0.86,1.11,0.18,-0.42504,-0.30114,-0.25946,-0.81323,-0.84,1.1,0.19,-0.42504,-0.30114,-0.25946,-0.81323,-0.87,1.06,0.09,0.18557,-0.03216,-0.47315,-0.86061,-0.88,1.08,0.13,0.28922,0.0235,-0.38556,-0.87587,-0.89,1.09,0.15,-0.1153,-0.14317,-0.4278,-0.88498,-0.88,1.09,0.17,-0.36193,-0.30919,-0.36625,-0.79955,-0.86,1.08,0.18,-0.36193,-0.30919,-0.36625,-0.79955,-0.7,1.09,0.11,-0.36035,-0.1661,-0.10905,0.91141,-0.69,1.05,0.07,-0.36035,-0.1661,-0.10905,0.91141,-0.73,1.07,0.09,-0.43613,-0.21404,0.59906,0.63648,-0.75,1.08,0.11,-0.24466,-0.04159,0.56233,0.78879,-0.76,1.09,0.14,-0.13727,-0.00604,0.63654,0.7589,-0.77,1.09,0.16,-0.13727,-0.00604,0.63654,0.7589,-0.71,1.07,0.09,-0.36035,-0.1661,-0.10905,0.91141,-0.73,1.11,0.13,0.05058,-0.21994,0.05229,0.9728,-0.75,1.11,0.16,0.32886,-0.19521,0.08666,0.91991,-0.75,1.09,0.18,0.4036,-0.15927,0.09486,0.89596,-0.76,1.08,0.19,0.4036,-0.15927,0.09486,0.89596,-0.7,1.07,0.1,-0.36035,-0.1661,-0.10905,0.91141,-0.71,1.12,0.13,-0.03494,-0.19559,-0.0544,0.97855,-0.73,1.12,0.17,0.40175,-0.20102,0.02462,0.89307,-0.73,1.1,0.19,0.6209,-0.17085,0.00977,0.76499,-0.74,1.08,0.19,0.6209,-0.17085,0.00977,0.76499,-0.68,1.07,0.1,-0.36035,-0.1661,-0.10905,0.91141,-0.69,1.11,0.14,-0.11815,-0.16413,-0.14094,0.96914,-0.7,1.12,0.17,0.41799,-0.23337,-0.07113,0.87508,-0.72,1.1,0.19,0.69222,-0.26053,-0.0177,0.67279,-0.72,1.08,0.19,0.69222,-0.26053,-0.0177,0.67279,-0.68,1.07,0.11,-0.28245,-0.10949,-0.34179,0.88962,-0.68,1.09,0.14,-0.19803,-0.14187,-0.23956,0.93982,-0.68,1.11,0.17,0.36051,-0.25116,-0.20117,0.87549,-0.69,1.1,0.18,0.6491,-0.34798,-0.10828,0.66772,-0.71,1.08,0.18,0.6491,-0.34798,-0.10828,0.66772,-0.81,1.08,0.19
-0.79,1.45,-0.16,-0.79,1.45,-0.16,-0.85,1.09,0.11,0.2188,-0.09333,-0.24012,-0.94115,-0.86,1.06,0.05,0.2188,-0.09333,-0.24012,-0.94115,-0.82,1.08,0.08,0.43972,-0.23358,0.3671,-0.7857,-0.8,1.1,0.09,0.19732,-0.1211,0.33365,-0.91383,-0.79,1.1,0.12,0.07596,-0.10871,0.4264,-0.89476,-0.78,1.11,0.14,0.07596,-0.10871,0.4264,-0.89476,-0.84,1.08,0.08,0.2188,-0.09333,-0.24012,-0.94115,-0.83,1.11,0.13,-0.1195,-0.22185,-0.11434,-0.96095,-0.81,1.1,0.16,-0.40569,-0.24339,-0.0684,-0.87835,-0.8,1.09,0.18,-0.54694,-0.22396,-0.03402,-0.80594,-0.79,1.07,0.18,-0.54694,-0.22396,-0.03402,-0.80594,-0.85,1.07,0.08,0.2188,-0.09333,-0.24012,-0.94115,-0.85,1.1,0.13,0.11477,-0.06806,-0.25193,-0.9585,-0.85,1.11,0.17,-0.27848,-0.16499,-0.21603,-0.92117,-0.84,1.1,0.2,-0.4843,-0.19906,-0.23527,-0.81883,-0.82,1.09,0.21,-0.4843,-0.19906,-0.23527,-0.81883,-0.87,1.07,0.09,0.2188,-0.09333,-0.24012,-0.94115,-0.87,1.09,0.13,0.23518,0.00072,-0.3065,-0.92236,-0.87,1.11,0.17,-0.22527,-0.1663,-0.30517,-0.9102,-0.86,1.1,0.19,-0.46422,-0.26762,-0.26904,-0.80031,-0.84,1.08,0.2,-0.46422,-0.26762,-0.26904,-0.80031,-0.87,1.06,0.09,0.14155,-0.00796,-0.4563,-0.87846,-0.88,1.07,0.13,0.25193,0.04547,-0.36457,-0.89529,-0.89,1.09,0.16,-0.14269,-0.1056,-0.41965,-0.89016,-0.88,1.08,0.18,-0.36923,-0.26217,-0.3772,-0.80787,-0.87,1.07,0.19,-0.36923,-0.26217,-0.3772,-0.80787,-0.7,1.09,0.11,-0.36184,-0.1648,-0.11137,0.91077,-0.69,1.05,0.07,-0.36184,-0.1648,-0.11137,0.91077,-0.73,1.07,0.09,-0.43656,-0.21161,0.59818,0.63782,-0.75,1.08,0.11,-0.24494,-0.03957,0.56066,0.79,-0.76,1.09,0.14,-0.14001,-0.00642,0.635,0.75969,-0.77,1.09,0.16,-0.14001,-0.00642,0.635,0.75969,-0.71,1.07,0.09,-0.36184,-0.1648,-0.11137,0.91077,-0.73,1.11,0.13,0.05013,-0.21975,0.05017,0.97298,-0.75,1.11,0.16,0.3304,-0.19546,0.08499,0.91946,-0.75,1.1,0.18,0.40497,-0.15965,0.09322,0.89544,-0.76,1.08,0.19,0.40497,-0.15965,0.09322,0.89544,-0.7,1.07,0.1,-0.36184,-0.1648,-0.11137,0.91077,-0.71,1.12,0.13,-0.03585,-0.19514,-0.05692,0.97847,-0.73,1.12,0.17,0.40146,-0.20172,0.02229,0.89311,-0.73,1.1,0.19,0.62081,-0.1721,0.00771,0.7648,-0.74,1.08,0.19,0.62081,-0.1721,0.00771,0.7648,-0.68,1.07,0.1,-0.36184,-0.1648,-0.11137,0.91077,-0.69,1.11,0.14,-0.11878,-0.16355,-0.14345,0.9688,-0.7,1.12,0.17,0.41799,-0.23428,-0.07335,0.87465,-0.71,1.1,0.19,0.69237,-0.26211,-0.01937,0.67197,-0.72,1.08,0.19,0.69237,-0.26211,-0.01937,0.67197,-0.68,1.07,0.11,-0.28385,-0.10866,-0.34414,0.88836,-0.68,1.09,0.14,-0.19949,-0.14074,-0.24225,0.939,-0.68,1.11,0.17,0.36054,-0.25217,-0.20356,0.87463,-0.69,1.1,0.18,0.64913,-0.34981,-0.10993,0.66647,-0.71,1.08,0.18,0.64913,-0.34981,-0.10993,0.66647,-0.81,1.08,0.19
-0.79,1.45,-0.16,-0.79,1.45,-0.16,-0.85,1.09,0.11,0.19966,-0.09214,-0.22882,-0.94831,-0.86,1.07,0.05,0.19966,-0.09214,-0.22882,-0.94831,-0.83,1.08,0.08,0.43123,-0.23722,0.3604,-0.79239,-0.8,1.1,0.1,0.19637,-0.12908,0.32609,-0.91567,-0.79,1.11,0.13,0.07452,-0.1171,0.42006,-0.89682,-0.78,1.11,0.15,0.07452,-0.1171,0.42006,-0.89682,-0.84,1.08,0.08,0.19966,-0.09214,-0.22882,-0.94831,-0.83,1.11,0.13,-0.12145,-0.20547,-0.11668,-0.96406,-0.81,1.1,0.17,-0.39324,-0.22709,-0.07943,-0.8874,-0.8,1.09,0.18,-0.53185,-0.20934,-0.04915,-0.81908,-0.79,1.07,0.19,-0.53185,-0.20934,-0.04915,-0.81908,-0.85,1.08,0.08,0.19966,-0.09214,-0.22882,-0.94831,-0.85,1.1,0.14,0.08287,-0.05705,-0.24189,-0.96507,-0.85,1.11,0.18,-0.30814,-0.15,-0.21166,-0.91529,-0.84,1.1,0.2,-0.50684,-0.18063,-0.23475,-0.80955,-0.82,1.08,0.21,-0.50684,-0.18063,-0.23475,-0.80955,-0.87,1.07,0.09,0.19966,-0.09214,-0.22882,-0.94831,-0.87,1.09,0.14,0.21022,0.0104,-0.29441,-0.93221,-0.87,1.11,0.17,-0.2449,-0.14897,-0.30082,-0.90958,-0.86,1.1,0.19,-0.4697,-0.24567,-0.27323,-0.80273,-0.85,1.08,0.21,-0.4697,-0.24567,-0.27323,-0.80273,-0.87,1.06,0.09,0.12473,-0.00164,-0.44418,-0.88721,-0.88,1.07,0.14,0.23681,0.05027,-0.3511,-0.9045,-0.89,1.09,0.16,-0.14565,-0.08819,-0.41046,-0.89584,-0.88,1.08,0.18,-0.34651,-0.23118,-0.38011,-0.82583,-0.87,1.07,0.2,-0.34651,-0.23118,-0.38011,-0.82583,-0.7,1.09,0.11,-0.36205,-0.1623,-0.11387,0.91083,-0.69,1.05,0.07,-0.36205,-0.1623,-0.11387,0.91083,-0.73,1.07,0.09,-0.43552,-0.20988,0.59711,0.6401,-0.75,1.08,0.11,-0.24356,-0.03817,0.559,0.79167,-0.76,1.09,0.14,-0.14223,-0.00847,0.63356,0.76046,-0.77,1.09,0.16,-0.14223,-0.00847,0.63356,0.76046,-0.71,1.07,0.09,-0.36205,-0.1623,-0.11387,0.91083,-0.73,1.12,0.13,0.05131,-0.21875,0.04746,0.97327,-0.75,1.11,0.16,0.33372,-0.19506,0.08255,0.91857,-0.75,1.1,0.18,0.40828,-0.15941,0.09087,0.89422,-0.76,1.08,0.19,0.40828,-0.15941,0.09087,0.89422,-0.7,1.07,0.1,-0.36205,-0.1623,-0.11387,0.91083,-0.71,1.12,0.13,-0.03473,-0.19359,-0.05994,0.97863,-0.72,1.12,0.17,0.40273,-0.20164,0.01894,0.89263,-0.73,1.1,0.19,0.62198,-0.17274,0.00448,0.76372,-0.74,1.08,0.19,0.62198,-0.17274,0.00448,0.76372,-0.68,1.07,0.1,-0.36205,-0.1623,-0.11387,0.91083,-0.69,1.11,0.14,-0.11704,-0.16188,-0.14623,0.96887,-0.7,1.12,0.17,0.41994,-0.23431,-0.07649,0.87344,-0.71,1.1,0.19,0.69409,-0.26311,-0.02222,0.66971,-0.72,1.08,0.19,0.69409,-0.26311,-0.02222,0.66971,-0.68,1.07,0.11,-0.28422,-0.10632,-0.34665,0.88755,-0.68,1.09,0.14,-0.19891,-0.13786,-0.24541,0.93872,-0.68,1.11,0.17,0.36188,-0.25171,-0.20745,0.8733,-0.69,1.1,0.18,0.6497,-0.35077,-0.11377,0.66476,-0.71,1.08,0.18,0.6497,-0.35077,-0.11377,0.66476,-0.81,1.08,0.19
-0.79,1.45,-0.15,-0.79,1.45,-0.15,-0.85,1.09,0.11,0.20421,-0.08923,-0.22015,-0.94967,-0.86,1.07,0.05,0.20421,-0.08923,-0.22015,-0.94967,-0.83,1.08,0.08,0.43123,-0.22705,0.36869,-0.79156,-0.81,1.1,0.1,0.19355,-0.11551,0.33219,-0.91589,-0.79,1.11,0.13,0.05779,-0.09737,0.42463,-0.89826,-0.79,1.11,0.15,0.05779,-0.09737,0.42463,-0.89826,-0.84,1.08,0.08,0.20421,-0.08923,-0.22015,-0.94967,-0.83,1.11,0.14,-0.06491,-0.18583,-0.12569,-0.97235,-0.82,1.11,0.17,-0.32364,-0.21047,-0.0978,-0.91728,-0.81,1.09,0.19,-0.46631,-0.19611,-0.07239,-0.85957,-0.8,1.08,0.2,-0.46631,-0.19611,-0.07239,-0.85957,-0.85,1.08,0.09,0.20421,-0.08923,-0.22015,-0.94967,-0.85,1.11,0.14,0.07303,-0.05102,-0.23457,-0.96801,-0.85,1.11,0.18,-0.3049,-0.13841,-0.20939,-0.91871,-0.84,1.1,0.2,-0.49062,-0.16615,-0.23663,-0.82201,-0.83,1.08,0.21,-0.49062,-0.16615,-0.23663,-0.82201,-0.87,1.07,0.09,0.20421,-0.08923,-0.22015,-0.94967,-0.87,1.09,0.14,0.19584,0.01294,-0.28688,-0.93765,-0.87,1.11,0.17,-0.2389,-0.13592,-0.29852,-0.91397,-0.86,1.1,0.2,-0.44602,-0.22722,-0.27817,-0.81979,-0.85,1.08,0.21,-0.44602,-0.22722,-0.27817,-0.81979,-0.88,1.07,0.09,0.13093,0.00059,-0.43676,-0.89,-0.88,1.08,0.14,0.23743,0.05029,-0.34371,-0.90717,-0.89,1.09,0.16,-0.13459,-0.08022,-0.40444,-0.90104,-0.88,1.08,0.18,-0.31148,-0.21108,-0.3812,-0.84446,-0.87,1.08,0.2,-0.31148,-0.21108,-0.3812,-0.84446,-0.7,1.09,0.11,-0.36095,-0.16259,-0.11325,0.91129,-0.69,1.05,0.07,-0.36095,-0.16259,-0.11325,0.91129,-0.73,1.07,0.09,-0.43379,-0.21134,0.59825,0.63973,-0.75,1.08,0.11,-0.24313,-0.03998,0.56047,0.79068,-0.76,1.09,0.14,-0.14387,-0.01168,0.63521,0.75873,-0.77,1.09,0.16,-0.14387,-0.01168,0.63521,0.75873,-0.71,1.07,0.09,-0.36095,-0.16259,-0.11325,0.91129,-0.73,1.12,0.13,0.05378,-0.21843,0.04807,0.97318,-0.75,1.11,0.16,0.33625,-0.19449,0.08309,0.91772,-0.75,1.1,0.18,0.41101,-0.15875,0.09149,0.89303,-0.76,1.08,0.19,0.41101,-0.15875,0.09149,0.89303,-0.7,1.07,0.1,-0.36095,-0.16259,-0.11325,0.91129,-0.71,1.12,0.13,-0.03267,-0.19323,-0.05948,0.9788,-0.72,1.12,0.17,0.40122,-0.20116,0.01843,0.89343,-0.73,1.1,0.19,0.61801,-0.17273,0.0035,0.76695,-0.74,1.08,0.19,0.61801,-0.17273,0.0035,0.76695,-0.68,1.07,0.1,-0.36095,-0.16259,-0.11325,0.91129,-0.69,1.11,0.14,-0.11451,-0.16155,-0.14566,0.96932,-0.7,1.12,0.17,0.41972,-0.23343,-0.07687,0.87375,-0.71,1.1,0.19,0.69238,-0.2625,-0.02336,0.67169,-0.72,1.08,0.19,0.69238,-0.2625,-0.02336,0.67169,-0.68,1.07,0.11,-0.28317,-0.10631,-0.34598,0.88815,-0.68,1.09,0.14,-0.19649,-0.13643,-0.24537,0.93945,-0.68,1.11,0.17,0.36234,-0.24989,-0.20867,0.87334,-0.69,1.1,0.18,0.64777,-0.34924,-0.11668,0.66694,-0.71,1.08,0.18,0.64777,-0.34924,-0.11668,0.66694,-0.81,1.08,0.19
-0.79,1.45,-0.15,-0.79,1.45,-0.15,-0.86,1.09,0.11,0.22659,-0.07779,-0.22335,-0.94484,-0.86,1.07,0.05,0.22659,-0.07779,-0.22335,-0.94484,-0.83,1.08,0.08,0.42743,-0.19349,0.39172,-0.79146,-0.81,1.1,0.1,0.17963,-0.07124,0.3473,-0.91763,-0.8,1.11,0.13,0.02888,-0.0477,0.43261,-0.89986,-0.8,1.11,0.15,0.02888,-0.0477,0.43261,-0.89986,-0.84,1.08,0.08,0.22659,-0.07779,-0.22335,-0.94484,-0.84,1.11,0.13,-0.03034,-0.15929,-0.14104,-0.97663,-0.82,1.11,0.17,-0.28573,-0.18918,-0.12075,-0.93166,-0.81,1.1,0.19,-0.42581,-0.17824,-0.10067,-0.88135,-0.81,1.09,0.2,-0.42581,-0.17824,-0.10067,-0.88135,-0.86,1.08,0.09,0.22659,-0.07779,-0.22335,-0.94484,-0.86,1.11,0.14,0.07708,-0.04199,-0.24071,-0.96662,-0.85,1.12,0.18,-0.29443,-0.13104,-0.21936,-0.92088,-0.84,1.1,0.2,-0.46476,-0.15792,-0.24936,-0.83479,-0.83,1.09,0.21,-0.46476,-0.15792,-0.24936,-0.83479,-0.87,1.07,0.09,0.22659,-0.07779,-0.22335,-0.94484,-0.87,1.09,0.14,0.18599,0.01455,-0.29265,-0.93784,-0.88,1.11,0.17,-0.23797,-0.13347,-0.30575,-0.91218,-0.87,1.1,0.2,-0.4295,-0.22204,-0.2886,-0.8264,-0.85,1.09,0.21,-0.4295,-0.22204,-0.2886,-0.8264,-0.88,1.07,0.09,0.1546,0.0063,-0.44221,-0.88347,-0.88,1.08,0.14,0.22154,0.03627,-0.35244,-0.90851,-0.89,1.09,0.16,-0.14338,-0.09199,-0.40725,-0.89729,-0.89,1.09,0.18,-0.29579,-0.2129,-0.38665,-0.84716,-0.87,1.08,0.2,-0.29579,-0.2129,-0.38665,-0.84716,-0.7,1.09,0.11,-0.36123,-0.16486,-0.11067,0.91109,-0.69,1.05,0.07,-0.36123,-0.16486,-0.11067,0.91109,-0.73,1.07,0.09,-0.43234,-0.21287,0.60184,0.63684,-0.75,1.08,0.11,-0.24468,-0.04198,0.56436,0.78731,-0.76,1.09,0.14,-0.1434,-0.01114,0.63891,0.75571,-0.77,1.09,0.16,-0.1434,-0.01114,0.63891,0.75571,-0.72,1.07,0.09,-0.36123,-0.16486,-0.11067,0.91109,-0.73,1.12,0.13,0.05302,-0.21803,0.04988,0.97322,-0.75,1.11,0.16,0.33626,-0.19354,0.08487,0.91775,-0.75,1.1,0.18,0.41135,-0.15763,0.09326,0.89289,-0.76,1.08,0.19,0.41135,-0.15763,0.09326,0.89289,-0.7,1.07,0.1,-0.36123,-0.16486,-0.11067,0.91109,-0.71,1.12,0.13,-0.03203,-0.19357,-0.0569,0.97891,-0.73,1.12,0.17,0.40014,-0.20037,0.02051,0.89404,-0.73,1.1,0.19,0.61566,-0.17166,0.00512,0.76907,-0.74,1.08,0.19,0.61566,-0.17166,0.00512,0.76907,-0.68,1.07,0.1,-0.36123,-0.16486,-0.11067,0.91109,-0.69,1.11,0.14,-0.1134,-0.16269,-0.14279,0.96968,-0.7,1.12,0.17,0.41752,-0.23259,-0.07469,0.87521,-0.72,1.1,0.19,0.68924,-0.26113,-0.02205,0.67548,-0.72,1.08,0.19,0.68924,-0.26113,-0.02205,0.67548,-0.68,1.07,0.11,-0.28334,-0.10854,-0.34343,0.88882,-0.68,1.09,0.14,-0.19616,-0.13746,-0.24293,0.94001,-0.68,1.11,0.17,0.36177,-0.24913,-0.20638,0.87434,-0.69,1.1,0.18,0.6464,-0.34758,-0.11541,0.66936,-0.71,1.08,0.18,0.6464,-0.34758,-0.11541,0.66936,-0.81,1.08,0.19
-0.79,1.45,-0.15,-0.79,1.45,-0.15,-0.86,1.09,0.11,0.26114,-0.06815,-0.21903,-0.93765,-0.86,1.06,0.05,0.26114,-0.06815,-0.21903,-0.93765,-0.83,1.08,0.08,0.43423,-0.15842,0.41741,-0.78238,-0.81,1.1,0.1,0.17959,-0.02594,0.36337,-0.9138,-0.8,1.11,0.13,0.02528,-0.00059,0.44138,-0.89697,-0.8,1.11,0.16,0.02528,-0.00059,0.44138,-0.89697,-0.84,1.08,0.08,0.26114,-0.06815,-0.21903,-0.93765,-0.84,1.12,0.13,-0.00613,-0.12818,-0.14849,-0.98055,-0.83,1.12,0.17,-0.27458,-0.16343,-0.13398,-0.93805,-0.82,1.11,0.19,-0.41194,-0.15425,-0.11863,-0.89019,-0.81,1.09,0.2,-0.41194,-0.15425,-0.11863,-0.89019,-0.86,1.08,0.09,0.26114,-0.06815,-0.21903,-0.93765,-0.86,1.11,0.13,0.09887,-0.03433,-0.24033,-0.96503,-0.86,1.12,0.18,-0.28916,-0.1278,-0.2198,-0.9229,-0.85,1.11,0.2,-0.45575,-0.15419,-0.25081,-0.84001,-0.84,1.09,0.21,-0.45575,-0.15419,-0.25081,-0.84001,-0.87,1.07,0.09,0.26114,-0.06815,-0.21903,-0.93765,-0.88,1.1,0.14,0.19235,0.0118,-0.29207,-0.93678,-0.88,1.11,0.17,-0.24027,-0.13866,-0.30283,-0.91178,-0.87,1.1,0.19,-0.42707,-0.22498,-0.28557,-0.82792,-0.86,1.09,0.21,-0.42707,-0.22498,-0.28557,-0.82792,-0.88,1.07,0.09,0.19077,0.00755,-0.44156,-0.87668,-0.89,1.08,0.13,0.20293,-0.0016,-0.35308,-0.91332,-0.89,1.09,0.16,-0.16475,-0.1257,-0.39349,-0.89567,-0.88,1.09,0.18,-0.30593,-0.23858,-0.37025,-0.84404,-0.87,1.08,0.2,-0.30593,-0.23858,-0.37025,-0.84404,-0.7,1.09,0.11,-0.35998,-0.1675,-0.10729,0.91151,-0.69,1.05,0.07,-0.35998,-0.1675,-0.10729,0.91151,-0.73,1.07,0.09,-0.43026,-0.21506,0.60542,0.6341,-0.75,1.08,0.11,-0.24502,-0.04421,0.56852,0.78409,-0.76,1.09,0.14,-0.13943,-0.00895,0.64268,0.75328,-0.77,1.09,0.16,-0.13943,-0.00895,0.64268,0.75328,-0.72,1.07,0.09,-0.35998,-0.1675,-0.10729,0.91151,-0.73,1.11,0.13,0.05274,-0.21715,0.05154,0.97335,-0.75,1.11,0.16,0.33727,-0.19211,0.08647,0.91753,-0.75,1.09,0.18,0.41342,-0.15595,0.09499,0.89204,-0.76,1.08,0.19,0.41342,-0.15595,0.09499,0.89204,-0.7,1.07,0.1,-0.35998,-0.1675,-0.10729,0.91151,-0.71,1.12,0.13,-0.02923,-0.19414,-0.05324,0.97909,-0.73,1.12,0.17,0.40287,-0.19925,0.02407,0.89298,-0.74,1.1,0.19,0.61663,-0.16965,0.00817,0.76871,-0.74,1.08,0.19,0.61663,-0.16965,0.00817,0.76871,-0.68,1.07,0.1,-0.35998,-0.1675,-0.10729,0.91151,-0.69,1.11,0.14,-0.10999,-0.16415,-0.13878,0.97041,-0.7,1.12,0.17,0.41943,-0.23149,-0.07096,0.8749,-0.72,1.1,0.19,0.68965,-0.25886,-0.01936,0.67601,-0.73,1.08,0.19,0.68965,-0.25886,-0.01936,0.67601,-0.68,1.07,0.11,-0.28205,-0.11072,-0.34003,0.89027,-0.68,1.09,0.14,-0.19366,-0.13952,-0.23916,0.94119,-0.68,1.11,0.17,0.36383,-0.24842,-0.20236,0.87462,-0.69,1.1,0.18,0.64756,-0.34534,-0.11251,0.66989,-0.71,1.08,0.18,0.64756,-0.34534,-0.11251,0.66989,-0.81,1.08,0.19
-0.79,1.45,-0.15,-0.79,1.45,-0.15,-0.86,1.09,0.11,0.30943,-0.0658,-0.18984,-0.92945,-0.86,1.06,0.05,0.30943,-0.0658,-0.18984,-0.92945,-0.83,1.08,0.08,0.45553,-0.12811,0.45496,-0.75438,-0.81,1.1,0.1,0.20991,0.0124,0.39129,-0.89592,-0.8,1.11,0.13,0.06354,0.03928,0.46451,-0.88241,-0.8,1.11,0.15,0.06354,0.03928,0.46451,-0.88241,-0.84,1.08,0.08,0.30943,-0.0658,-0.18984,-0.92945,-0.84,1.12,0.13,-0.01514,-0.10563,-0.12403,-0.98652,-0.83,1.12,0.16,-0.35673,-0.1436,-0.10569,-0.91703,-0.82,1.1,0.18,-0.49285,-0.13011,-0.09058,-0.85555,-0.82,1.09,0.19,-0.49285,-0.13011,-0.09058,-0.85555,-0.86,1.07,0.08,0.30943,-0.0658,-0.18984,-0.92945,-0.86,1.11,0.13,0.12627,-0.03645,-0.2135,-0.96806,-0.86,1.13,0.17,-0.33466,-0.13372,-0.18496,-0.91428,-0.85,1.11,0.19,-0.51093,-0.15319,-0.21437,-0.81825,-0.84,1.09,0.2,-0.51093,-0.15319,-0.21437,-0.81825,-0.87,1.07,0.09,0.30943,-0.0658,-0.18984,-0.92945,-0.87,1.1,0.13,0.19559,-0.00772,-0.26593,-0.94391,-0.88,1.12,0.17,-0.3029,-0.16217,-0.26211,-0.9018,-0.87,1.1,0.19,-0.50514,-0.24213,-0.23855,-0.79328,-0.85,1.09,0.2,-0.50514,-0.24213,-0.23855,-0.79328,-0.88,1.07,0.09,0.24226,-0.0008,-0.41843,-0.87534,-0.89,1.08,0.13,0.18039,-0.05185,-0.32465,-0.92702,-0.89,1.1,0.16,-0.21502,-0.16756,-0.3458,-0.89784,-0.88,1.09,0.18,-0.37204,-0.27617,-0.31427,-0.82858,-0.87,1.08,0.19,-0.37204,-0.27617,-0.31427,-0.82858,-0.7,1.09,0.11,-0.36045,-0.16838,-0.10605,0.91131,-0.69,1.05,0.07,-0.36045,-0.16838,-0.10605,0.91131,-0.73,1.07,0.09,-0.4294,-0.21442,0.6075,0.63292,-0.75,1.08,0.11,-0.24529,-0.04348,0.57039,0.78269,-0.76,1.09,0.14,-0.1342,-0.00333,0.64394,0.7532,-0.77,1.09,0.16,-0.1342,-0.00333,0.64394,0.7532,-0.72,1.07,0.09,-0.36045,-0.16838,-0.10605,0.91131,-0.73,1.11,0.13,0.04898,-0.21595,0.05054,0.97387,-0.75,1.11,0.16,0.33414,-0.19131,0.08522,0.91896,-0.75,1.1,0.18,0.41091,-0.15523,0.09368,0.89346,-0.76,1.08,0.19,0.41091,-0.15523,0.09368,0.89346,-0.7,1.07,0.1,-0.36045,-0.16838,-0.10605,0.91131,-0.71,1.12,0.13,-0.02875,-0.19413,-0.05198,0.97918,-0.73,1.12,0.17,0.40472,-0.19865,0.02551,0.89224,-0.74,1.1,0.19,0.61837,-0.16858,0.00947,0.76754,-0.74,1.08,0.19,0.61837,-0.16858,0.00947,0.76754,-0.68,1.07,0.1,-0.36045,-0.16838,-0.10605,0.91131,-0.69,1.11,0.14,-0.109,-0.16486,-0.13717,0.97063,-0.7,1.12,0.17,0.42093,-0.23125,-0.06913,0.87439,-0.72,1.1,0.19,0.69095,-0.25798,-0.01775,0.67507,-0.73,1.08,0.19,0.69095,-0.25798,-0.01775,0.67507,-0.68,1.07,0.11,-0.2825,-0.11167,-0.33884,0.89046,-0.68,1.09,0.14,-0.19332,-0.14074,-0.23767,0.94145,-0.68,1.11,0.17,0.36491,-0.24872,-0.20033,0.87455,-0.69,1.1,0.18,0.6491,-0.34493,-0.11035,0.66896,-0.71,1.08,0.18,0.6491,-0.34493,-0.11035,0.66896,-0.81,1.08,0.19
-0.79,1.45,-0.15,-0.79,1.45,-0.15,-0.86,1.09,0.11,0.36254,-0.06688,-0.15762,-0.91611,-0.86,1.05,0.06,0.36254,-0.06688,-0.15762,-0.91611,-0.83,1.07,0.09,0.47815,-0.10298,0.49552,-0.7178,-0.81,1.09,0.1,0.25253,0.04209,0.42394,-0.86876,-0.8,1.11,0.13,0.11754,0.07083,0.49462,-0.8582,-0.8,1.11,0.15,0.11754,0.07083,0.49462,-0.8582,-0.84,1.08,0.09,0.36254,-0.06688,-0.15762,-0.91611,-0.83,1.12,0.13,0.03939,-0.09375,-0.09446,-0.99032,-0.83,1.12,0.16,-0.38372,-0.13012,-0.0713,-0.91145,-0.82,1.11,0.18,-0.538,-0.11302,-0.05468,-0.83354,-0.82,1.09,0.19,-0.538,-0.11302,-0.05468,-0.83354,-0.85,1.07,0.09,0.36254,-0.06688,-0.15762,-0.91611,-0.86,1.12,0.13,0.14082,-0.04933,-0.17893,-0.97248,-0.85,1.13,0.17,-0.38202,-0.1385,-0.14002,-0.90293,-0.85,1.11,0.19,-0.60712,-0.15329,-0.16437,-0.76216,-0.83,1.09,0.19,-0.60712,-0.15329,-0.16437,-0.76216,-0.87,1.07,0.09,0.36254,-0.06688,-0.15762,-0.91611,-0.87,1.1,0.13,0.19075,-0.03409,-0.23268,-0.95305,-0.87,1.12,0.16,-0.36594,-0.18029,-0.21159,-0.88815,-0.86,1.1,0.18,-0.61804,-0.2556,-0.1733,-0.72296,-0.85,1.08,0.19,-0.61804,-0.2556,-0.1733,-0.72296,-0.88,1.06,0.09,0.29821,-0.01412,-0.39191,-0.87022,-0.89,1.09,0.13,0.20317,-0.07659,-0.29109,-0.93173,-0.89,1.1,0.16,-0.2773,-0.20376,-0.29291,-0.89207,-0.88,1.09,0.17,-0.52144,-0.32511,-0.22799,-0.75527,-0.86,1.08,0.18,-0.52144,-0.32511,-0.22799,-0.75527,-0.7,1.09,0.11,-0.36508,-0.16907,-0.10492,0.90946,-0.69,1.05,0.07,-0.36508,-0.16907,-0.10492,0.90946,-0.73,1.07,0.09,-0.43201,-0.21143,0.6093,0.63041,-0.75,1.08,0.11,-0.2484,-0.04013,0.57141,0.78114,-0.76,1.09,0.14,-0.13527,0.00198,0.64449,0.75255,-0.77,1.09,0.16,-0.13527,0.00198,0.64449,0.75255,-0.72,1.07,0.09,-0.36508,-0.16907,-0.10492,0.90946,-0.73,1.12,0.13,0.04429,-0.21432,0.05058,0.97445,-0.75,1.11,0.16,0.33172,-0.18969,0.08519,0.92018,-0.75,1.1,0.18,0.40921,-0.15357,0.09354,0.89455,-0.76,1.08,0.19,0.40921,-0.15357,0.09354,0.89455,-0.7,1.07,0.1,-0.36508,-0.16907,-0.10492,0.90946,-0.71,1.12,0.13,-0.0331,-0.19339,-0.05147,0.97921,-0.73,1.12,0.17,0.40216,-0.19777,0.02594,0.89358,-0.74,1.1,0.19,0.61635,-0.16779,0.00964,0.76933,-0.74,1.08,0.19,0.61635,-0.16779,0.00964,0.76933,-0.68,1.07,0.1,-0.36508,-0.16907,-0.10492,0.90946,-0.69,1.11,0.14,-0.11361,-0.16501,-0.13641,0.97018,-0.7,1.12,0.17,0.41732,-0.23119,-0.06819,0.87621,-0.72,1.1,0.19,0.68817,-0.25774,-0.01681,0.67802,-0.73,1.08,0.19,0.68817,-0.25774,-0.01681,0.67802,-0.68,1.07,0.1,-0.28703,-0.11354,-0.338,0.88909,-0.68,1.09,0.14,-0.19872,-0.14112,-0.23706,0.94043,-0.68,1.11,0.17,0.36114,-0.24941,-0.19931,0.87615,-0.69,1.1,0.18,0.64661,-0.34532,-0.10879,0.67143,-0.71,1.08,0.18,0.64661,-0.34532,-0.10879,0.67143,-0.81,1.08,0.19
-0.79,1.45,-0.15,-0.79,1.45,-0.15,-0.85,1.09,0.11,0.37396,-0.06321,-0.1462,-0.91367,-0.86,1.05,0.06,0.37396,-0.06321,-0.1462,-0.91367,-0.83,1.07,0.09,0.47382,-0.10066,0.51428,-0.70773,-0.81,1.09,0.11,0.25557,0.04815,0.44202,-0.85848,-0.8,1.1,0.13,0.1236,0.07792,0.51165,-0.84668,-0.8,1.11,0.16,0.1236,0.07792,0.51165,-0.84668,-0.84,1.07,0.09,0.37396,-0.06321,-0.1462,-0.91367,-0.83,1.12,0.13,0.05412,-0.08658,-0.08485,-0.99115,-0.83,1.12,0.16,-0.38837,-0.12123,-0.06319,-0.91131,-0.82,1.1,0.18,-0.55686,-0.10384,-0.04597,-0.8228,-0.82,1.09,0.19,-0.55686,-0.10384,-0.04597,-0.8228,-0.85,1.07,0.09,0.37396,-0.06321,-0.1462,-0.91367,-0.86,1.12,0.13,0.14376,-0.0497,-0.16603,-0.97432,-0.85,1.13,0.17,-0.39975,-0.1349,-0.12598,-0.89785,-0.84,1.11,0.19,-0.64978,-0.14813,-0.14895,-0.73052,-0.83,1.09,0.19,-0.64978,-0.14813,-0.14895,-0.73052,-0.87,1.07,0.09,0.37396,-0.06321,-0.1462,-0.91367,-0.87,1.1,0.13,0.19263,-0.03655,-0.22013,-0.95556,-0.87,1.12,0.17,-0.38512,-0.17958,-0.19649,-0.88364,-0.86,1.1,0.18,-0.66099,-0.25359,-0.15258,-0.68957,-0.85,1.08,0.18,-0.66099,-0.25359,-0.15258,-0.68957,-0.88,1.06,0.1,0.31167,-0.01306,-0.38201,-0.86992,-0.89,1.09,0.13,0.21444,-0.07517,-0.28006,-0.9327,-0.89,1.1,0.16,-0.2915,-0.20523,-0.27994,-0.89137,-0.88,1.09,0.17,-0.56586,-0.33002,-0.20403,-0.7275,-0.86,1.08,0.18,-0.56586,-0.33002,-0.20403,-0.7275,-0.71,1.09,0.11,-0.36859,-0.16989,-0.10198,0.90823,-0.69,1.05,0.07,-0.36859,-0.16989,-0.10198,0.90823,-0.73,1.07,0.09,-0.43385,-0.21067,0.61179,0.62697,-0.75,1.08,0.11,-0.25043,-0.03836,0.57388,0.77876,-0.76,1.09,0.14,-0.13529,0.00595,0.64647,0.75082,-0.77,1.09,0.16,-0.13529,0.00595,0.64647,0.75082,-0.72,1.07,0.09,-0.36859,-0.16989,-0.10198,0.90823,-0.73,1.12,0.13,0.0414,-0.21277,0.05307,0.97478,-0.75,1.11,0.16,0.33241,-0.18723,0.08781,0.92018,-0.75,1.1,0.18,0.41147,-0.15072,0.09629,0.8937,-0.76,1.08,0.19,0.41147,-0.15072,0.09629,0.8937,-0.7,1.07,0.09,-0.36859,-0.16989,-0.10198,0.90823,-0.71,1.12,0.13,-0.03631,-0.1923,-0.04911,0.97943,-0.73,1.12,0.17,0.40278,-0.1957,0.02832,0.89368,-0.74,1.1,0.19,0.61901,-0.16498,0.01168,0.76777,-0.74,1.08,0.19,0.61901,-0.16498,0.01168,0.76777,-0.68,1.07,0.1,-0.36859,-0.16989,-0.10198,0.90823,-0.69,1.11,0.14,-0.11738,-0.16464,-0.13395,0.97014,-0.7,1.12,0.17,0.41625,-0.22988,-0.06573,0.87725,-0.72,1.1,0.19,0.68889,-0.25566,-0.01453,0.67812,-0.73,1.08,0.19,0.68889,-0.25566,-0.01453,0.67812,-0.68,1.07,0.1,-0.2907,-0.11518,-0.33537,0.88868,-0.68,1.1,0.14,-0.2031,-0.14132,-0.23459,0.94008,-0.68,1.11,0.17,0.36003,-0.24915,-0.19653,0.87731,-0.69,1.1,0.18,0.64815,-0.34433,-0.10533,0.67101,-0.71,1.08,0.18,0.64815,-0.34433,-0.10533,0.67101,-0.81,1.08,0.19
-0.79,1.45,-0.15,-0.79,1.45,-0.15,-0.85,1.09,0.11,0.34967,-0.06217,-0.15204,-0.92236,-0.86,1.05,0.06,0.34967,-0.06217,-0.15204,-0.92236,-0.83,1.07,0.09,0.45236,-0.12059,0.51294,-0.71953,-0.81,1.09,0.11,0.22948,0.03129,0.44661,-0.86424,-0.8,1.1,0.14,0.0976,0.05984,0.51725,-0.84814,-0.8,1.11,0.16,0.0976,0.05984,0.51725,-0.84814,-0.84,1.07,0.09,0.34967,-0.06217,-0.15204,-0.92236,-0.83,1.11,0.13,0.03249,-0.09091,-0.08852,-0.99138,-0.83,1.12,0.17,-0.40127,-0.12569,-0.06564,-0.90492,-0.82,1.1,0.18,-0.57109,-0.10879,-0.04673,-0.81231,-0.82,1.08,0.19,-0.57109,-0.10879,-0.04673,-0.81231,-0.85,1.07,0.09,0.34967,-0.06217,-0.15204,-0.92236,-0.86,1.11,0.13,0.1231,-0.05108,-0.1693,-0.97651,-0.85,1.12,0.17,-0.41037,-0.1364,-0.12931,-0.89234,-0.84,1.1,0.19,-0.65731,-0.14959,-0.15155,-0.72292,-0.83,1.08,0.19,-0.65731,-0.14959,-0.15155,-0.72292,-0.87,1.07,0.09,0.34967,-0.06217,-0.15204,-0.92236,-0.87,1.1,0.13,0.17919,-0.03302,-0.22439,-0.95731,-0.87,1.11,0.17,-0.38981,-0.17702,-0.20357,-0.8805,-0.86,1.1,0.18,-0.66271,-0.2532,-0.16056,-0.68624,-0.85,1.08,0.19,-0.66271,-0.2532,-0.16056,-0.68624,-0.88,1.06,0.1,0.2874,-0.00591,-0.38608,-0.87653,-0.89,1.08,0.13,0.21052,-0.06041,-0.28769,-0.93235,-0.89,1.1,0.16,-0.2897,-0.19476,-0.29448,-0.88962,-0.88,1.09,0.18,-0.56011,-0.32436,-0.22229,-0.72915,-0.86,1.08,0.18,-0.56011,-0.32436,-0.22229,-0.72915,-0.71,1.09,0.11,-0.36838,-0.17019,-0.10087,0.90838,-0.69,1.05,0.07,-0.36838,-0.17019,-0.10087,0.90838,-0.73,1.07,0.09,-0.43277,-0.2118,0.61318,0.62599,-0.75,1.08,0.11,-0.24918,-0.03867,0.5757,0.7778,-0.76,1.09,0.14,-0.13245,0.00719,0.64802,0.74999,-0.77,1.09,0.16,-0.13245,0.00719,0.64802,0.74999,-0.72,1.07,0.09,-0.36838,-0.17019,-0.10087,0.90838,-0.73,1.12,0.13,0.04152,-0.21243,0.05398,0.9748,-0.75,1.11,0.16,0.33524,-0.18638,0.08913,0.9192,-0.75,1.1,0.18,0.41541,-0.14961,0.09785,0.89189,-0.76,1.08,0.19,0.41541,-0.14961,0.09785,0.89189,-0.7,1.07,0.09,-0.36838,-0.17019,-0.10087,0.90838,-0.71,1.12,0.13,-0.03659,-0.1917,-0.04848,0.97957,-0.73,1.12,0.17,0.40799,-0.1947,0.02979,0.89148,-0.74,1.1,0.19,0.62726,-0.16294,0.01339,0.76146,-0.74,1.08,0.19,0.62726,-0.16294,0.01339,0.76146,-0.68,1.07,0.1,-0.36838,-0.17019,-0.10087,0.90838,-0.69,1.11,0.14,-0.11825,-0.16418,-0.13321,0.97022,-0.7,1.12,0.17,0.42027,-0.22944,-0.0642,0.87556,-0.72,1.1,0.19,0.69474,-0.25445,-0.01257,0.67263,-0.72,1.08,0.19,0.69474,-0.25445,-0.01257,0.67263,-0.68,1.07,0.1,-0.29058,-0.11538,-0.3343,0.8891,-0.68,1.1,0.14,-0.20372,-0.14115,-0.23358,0.94022,-0.68,1.11,0.17,0.36289,-0.24918,-0.19502,0.87646,-0.69,1.1,0.18,0.65367,-0.3441,-0.10262,0.66617,-0.71,1.08,0.18,0.65367,-0.3441,-0.10262,0.66617,-0.81,1.08,0.19
-0.79,1.45,-0.15,-0.79,1.45,-0.15,-0.85,1.09,0.11,0.34475,-0.06465,-0.1543,-0.92367,-0.86,1.05,0.06,0.34475,-0.06465,-0.1543,-0.92367,-0.83,1.07,0.09,0.44674,-0.1298,0.51439,-0.7204,-0.8,1.09,0.11,0.22266,0.02375,0.4509,-0.86403,-0.8,1.1,0.14,0.0899,0.05322,0.52185,-0.84661,-0.8,1.1,0.16,0.0899,0.05322,0.52185,-0.84661,-0.84,1.07,0.09,0.34475,-0.06465,-0.1543,-0.92367,-0.83,1.11,0.13,0.0292,-0.09812,-0.08695,-0.99094,-0.83,1.12,0.17,-0.39972,-0.1311,-0.06178,-0.90511,-0.82,1.1,0.18,-0.56935,-0.11336,-0.04198,-0.81316,-0.81,1.08,0.19,-0.56935,-0.11336,-0.04198,-0.81316,-0.85,1.07,0.09,0.34475,-0.06465,-0.1543,-0.92367,-0.86,1.11,0.13,0.11883,-0.05692,-0.16888,-0.97679,-0.85,1.12,0.17,-0.3977,-0.13875,-0.12843,-0.89783,-0.84,1.1,0.19,-0.64359,-0.15214,-0.15063,-0.73482,-0.83,1.08,0.19,-0.64359,-0.15214,-0.15063,-0.73482,-0.87,1.07,0.09,0.34475,-0.06465,-0.1543,-0.92367,-0.87,1.1,0.13,0.18668,-0.03451,-0.2255,-0.95557,-0.87,1.11,0.17,-0.37017,-0.1764,-0.20567,-0.88857,-0.86,1.1,0.19,-0.64391,-0.25348,-0.16317,-0.70321,-0.85,1.08,0.19,-0.64391,-0.25348,-0.16317,-0.70321,-0.88,1.06,0.1,0.28178,-0.00716,-0.3878,-0.87759,-0.89,1.08,0.13,0.22938,-0.04894,-0.29178,-0.92728,-0.89,1.1,0.16,-0.26646,-0.18725,-0.30424,-0.8952,-0.88,1.09,0.18,-0.53662,-0.31997,-0.23409,-0.74489,-0.86,1.08,0.18,-0.53662,-0.31997,-0.23409,-0.74489,-0.71,1.09,0.11,-0.36837,-0.17056,-0.10145,0.90825,-0.69,1.05,0.07,-0.36837,-0.17056,-0.10145,0.90825,-0.73,1.07,0.09,-0.43172,-0.21219,0.61395,0.62582,-0.75,1.08,0.11,-0.24832,-0.03881,0.5766,0.77741,-0.76,1.09,0.14,-0.13049,0.00806,0.64874,0.7497,-0.77,1.09,0.16,-0.13049,0.00806,0.64874,0.7497,-0.72,1.07,0.09,-0.36837,-0.17056,-0.10145,0.90825,-0.73,1.12,0.13,0.04092,-0.21299,0.05345,0.97473,-0.75,1.11,0.16,0.33596,-0.18697,0.08906,0.91883,-0.75,1.1,0.18,0.41638,-0.15017,0.09791,0.89134,-0.76,1.08,0.19,0.41638,-0.15017,0.09791,0.89134,-0.7,1.07,0.1,-0.36837,-0.17056,-0.10145,0.90825,-0.71,1.12,0.13,-0.03791,-0.19184,-0.04945,0.97945,-0.73,1.12,0.17,0.41032,-0.19515,0.02976,0.89032,-0.74,1.1,0.19,0.63167,-0.16297,0.0138,0.75779,-0.74,1.08,0.19,0.63167,-0.16297,0.0138,0.75779,-0.68,1.07,0.1,-0.36837,-0.17056,-0.10145,0.90825,-0.69,1.11,0.14,-0.11943,-0.1643,-0.13402,0.96994,-0.7,1.12,0.17,0.42266,-0.23024,-0.06394,0.87422,-0.72,1.1,0.19,0.69844,-0.25492,-0.01154,0.66863,-0.72,1.08,0.18,0.69844,-0.25492,-0.01154,0.66863,-0.68,1.07,0.1,-0.29042,-0.11576,-0.33482,0.8889,-0.68,1.09,0.14,-0.20411,-0.14157,-0.23408,0.93995,-0.68,1.11,0.17,0.36476,-0.2503,-0.19464,0.87545,-0.69,1.1,0.18,0.65705,-0.34516,-0.101,0.66253,-0.71,1.08,0.18,0.65705,-0.34516,-0.101,0.66253,-0.81,1.08,0.19
-0.79,1.45,-0.15,-0.79,1.45,-0.15,-0.85,1.09,0.11,0.34716,-0.07185,-0.15572,-0.92199,-0.86,1.05,0.06,0.34716,-0.07185,-0.15572,-0.92199,-0.83,1.07,0.09,0.44682,-0.13831,0.51846,-0.71584,-0.8,1.09,0.11,0.22357,0.01667,0.45765,-0.8604,-0.8,1.1,0.14,0.09015,0.04812,0.52896,-0.84247,-0.8,1.11,0.16,0.09015,0.04812,0.52896,-0.84247,-0.84,1.07,0.09,0.34716,-0.07185,-0.15572,-0.92199,-0.83,1.11,0.13,0.03117,-0.10749,-0.08427,-0.99014,-0.83,1.12,0.17,-0.39475,-0.13828,-0.0558,-0.90661,-0.82,1.1,0.18,-0.56469,-0.1193,-0.03488,-0.81589,-0.81,1.08,0.19,-0.56469,-0.1193,-0.03488,-0.81589,-0.85,1.07,0.09,0.34716,-0.07185,-0.15572,-0.92199,-0.85,1.11,0.13,0.11422,-0.07023,-0.16545,-0.97706,-0.85,1.12,0.17,-0.37913,-0.14535,-0.12237,-0.90563,-0.84,1.11,0.19,-0.6177,-0.15693,-0.14448,-0.75693,-0.83,1.08,0.2,-0.6177,-0.15693,-0.14448,-0.75693,-0.87,1.07,0.09,0.34716,-0.07185,-0.15572,-0.92199,-0.87,1.1,0.13,0.18985,-0.04588,-0.22412,-0.95479,-0.87,1.12,0.17,-0.34595,-0.18058,-0.20209,-0.89826,-0.86,1.1,0.19,-0.61643,-0.25577,-0.16008,-0.72731,-0.85,1.08,0.19,-0.61643,-0.25577,-0.16008,-0.72731,-0.88,1.06,0.1,0.28245,-0.01488,-0.38903,-0.87673,-0.89,1.09,0.13,0.23498,-0.05231,-0.29355,-0.92514,-0.89,1.1,0.16,-0.2561,-0.18997,-0.30483,-0.89744,-0.88,1.09,0.18,-0.52278,-0.3215,-0.23506,-0.75371,-0.86,1.08,0.18,-0.52278,-0.3215,-0.23506,-0.75371,-0.71,1.09,0.11,-0.37016,-0.17255,-0.10277,0.907,-0.69,1.05,0.07,-0.37016,-0.17255,-0.10277,0.907,-0.73,1.07,0.09,-0.43287,-0.21139,0.6144,0.62487,-0.75,1.08,0.11,-0.25014,-0.03835,0.57678,0.77671,-0.76,1.09,0.14,-0.13142,0.0095,0.64882,0.74945,-0.77,1.09,0.16,-0.13142,0.0095,0.64882,0.74945,-0.72,1.07,0.09,-0.37016,-0.17255,-0.10277,0.907,-0.73,1.12,0.13,0.03647,-0.21488,0.05212,0.97457,-0.75,1.11,0.16,0.33087,-0.18936,0.08819,0.92027,-0.75,1.1,0.18,0.41095,-0.15273,0.097,0.89352,-0.76,1.08,0.19,0.41095,-0.15273,0.097,0.89352,-0.7,1.07,0.1,-0.37016,-0.17255,-0.10277,0.907,-0.71,1.12,0.13,-0.04227,-0.19353,-0.05094,0.97886,-0.73,1.12,0.17,0.40878,-0.19731,0.02978,0.89055,-0.74,1.1,0.19,0.63156,-0.16504,0.0145,0.75742,-0.74,1.08,0.19,0.63156,-0.16504,0.0145,0.75742,-0.68,1.07,0.1,-0.37016,-0.17255,-0.10277,0.907,-0.69,1.11,0.14,-0.12301,-0.16614,-0.13538,0.96899,-0.7,1.12,0.17,0.42188,-0.23281,-0.06336,0.87396,-0.72,1.1,0.19,0.69849,-0.25709,-0.00984,0.66777,-0.73,1.08,0.18,0.69849,-0.25709,-0.00984,0.66777,-0.68,1.07,0.1,-0.29157,-0.11826,-0.33606,0.88773,-0.68,1.1,0.14,-0.20665,-0.14371,-0.23525,0.93878,-0.68,1.11,0.17,0.3636,-0.25323,-0.19403,0.87523,-0.69,1.1,0.18,0.65676,-0.34772,-0.09889,0.6618,-0.71,1.08,0.18,0.65676,-0.34772,-0.09889,0.6618,-0.81,1.08,0.19
-0.79,1.45,-0.15,-0.79,1.45,-0.15,-0.85,1.09,0.11,0.34595,-0.07419,-0.15934,-0.92164,-0.86,1.05,0.06,0.34595,-0.07419,-0.15934,-0.92164,-0.83,1.07,0.09,0.44293,-0.14325,0.5203,-0.71595,-0.81,1.09,0.11,0.2207,0.01217,0.46096,-0.85945,-0.8,1.1,0.14,0.08792,0.04372,0.53261,-0.84064,-0.8,1.1,0.16,0.08792,0.04372,0.53261,-0.84064,-0.84,1.07,0.09,0.34595,-0.07419,-0.15934,-0.92164,-0.83,1.12,0.13,0.02705,-0.11068,-0.08689,-0.98968,-0.83,1.12,0.17,-0.39741,-0.14211,-0.05698,-0.90478,-0.82,1.1,0.18,-0.56704,-0.12329,-0.03521,-0.81365,-0.81,1.08,0.19,-0.56704,-0.12329,-0.03521,-0.81365,-0.85,1.07,0.09,0.34595,-0.07419,-0.15934,-0.92164,-0.86,1.11,0.13,0.09945,-0.07911,-0.16514,-0.97805,-0.85,1.12,0.17,-0.37954,-0.15103,-0.11996,-0.90485,-0.84,1.11,0.19,-0.60742,-0.16056,-0.14179,-0.76496,-0.83,1.08,0.2,-0.60742,-0.16056,-0.14179,-0.76496,-0.87,1.07,0.09,0.34595,-0.07419,-0.15934,-0.92164,-0.87,1.1,0.13,0.18086,-0.05441,-0.2249,-0.9559,-0.87,1.12,0.17,-0.3403,-0.18483,-0.20102,-0.89979,-0.86,1.1,0.19,-0.60343,-0.25837,-0.15978,-0.73728,-0.85,1.08,0.19,-0.60343,-0.25837,-0.15978,-0.73728,-0.88,1.06,0.1,0.2803,-0.01702,-0.39226,-0.87594,-0.89,1.09,0.13,0.22732,-0.05744,-0.29645,-0.92582,-0.89,1.1,0.16,-0.26103,-0.19443,-0.30519,-0.89494,-0.88,1.09,0.18,-0.52266,-0.32464,-0.23566,-0.75227,-0.86,1.08,0.18,-0.52266,-0.32464,-0.23566,-0.75227,-0.71,1.09,0.11,-0.36979,-0.17516,-0.10306,0.90662,-0.69,1.05,0.07,-0.36979,-0.17516,-0.10306,0.90662,-0.73,1.07,0.09,-0.43321,-0.21308,0.61472,0.62374,-0.75,1.07,0.11,-0.25093,-0.04016,0.5776,0.77576,-0.76,1.09,0.14,-0.13086,0.00923,0.64966,0.74883,-0.77,1.09,0.16,-0.13086,0.00923,0.64966,0.74883,-0.72,1.07,0.09,-0.36979,-0.17516,-0.10306,0.90662,-0.73,1.12,0.13,0.03565,-0.21688,0.05217,0.97415,-0.75,1.11,0.16,0.32696,-0.19157,0.08821,0.92121,-0.76,1.1,0.18,0.40606,-0.15509,0.09688,0.89537,-0.76,1.08,0.19,0.40606,-0.15509,0.09688,0.89537,-0.7,1.07,0.09,-0.36979,-0.17516,-0.10306,0.90662,-0.71,1.12,0.13,-0.04389,-0.19558,-0.05106,0.97837,-0.73,1.12,0.17,0.40714,-0.1992,0.03061,0.89085,-0.74,1.1,0.19,0.62957,-0.16684,0.0157,0.75865,-0.74,1.08,0.19,0.62957,-0.16684,0.0157,0.75865,-0.68,1.07,0.1,-0.36979,-0.17516,-0.10306,0.90662,-0.69,1.11,0.14,-0.12455,-0.16808,-0.13558,0.96843,-0.7,1.12,0.17,0.42032,-0.23461,-0.06246,0.87429,-0.72,1.1,0.19,0.69648,-0.25856,-0.00856,0.66932,-0.73,1.08,0.18,0.69648,-0.25856,-0.00856,0.66932,-0.68,1.07,0.1,-0.29064,-0.12077,-0.33615,0.88766,-0.68,1.1,0.14,-0.20748,-0.14597,-0.23522,0.93825,-0.68,1.11,0.17,0.3616,-0.25492,-0.19301,0.87579,-0.69,1.1,0.18,0.65422,-0.34883,-0.09766,0.66391,-0.71,1.08,0.18,0.65422,-0.34883,-0.09766,0.66391,-0.81,1.08,0.19
-0.79,1.45,-0.15,-0.79,1.45,-0.15,-0.86,1.09,0.11,0.33771,-0.07225,-0.16557,-0.92375,-0.86,1.05,0.06,0.33771,-0.07225,-0.16557,-0.92375,-0.83,1.07,0.09,0.43355,-0.14747,0.51862,-0.72203,-0.81,1.09,0.11,0.21127,0.00774,0.46042,-0.86216,-0.8,1.1,0.14,0.07851,0.03848,0.53236,-0.84199,-0.8,1.1,0.16,0.07851,0.03848,0.53236,-0.84199,-0.84,1.08,0.09,0.33771,-0.07225,-0.16557,-0.92375,-0.83,1.12,0.13,0.01291,-0.11027,-0.09367,-0.98939,-0.83,1.12,0.17,-0.40972,-0.14423,-0.06339,-0.8985,-0.82,1.1,0.18,-0.57773,-0.1265,-0.04078,-0.80533,-0.81,1.08,0.19,-0.57773,-0.1265,-0.04078,-0.80533,-0.85,1.07,0.09,0.33771,-0.07225,-0.16557,-0.92375,-0.86,1.11,0.13,0.07771,-0.08279,-0.16898,-0.97906,-0.85,1.12,0.17,-0.39235,-0.1549,-0.1228,-0.89833,-0.84,1.1,0.19,-0.61208,-0.1634,-0.14396,-0.76022,-0.83,1.08,0.2,-0.61208,-0.1634,-0.14396,-0.76022,-0.87,1.07,0.09,0.33771,-0.07225,-0.16557,-0.92375,-0.87,1.1,0.13,0.15923,-0.05823,-0.22893,-0.95856,-0.87,1.11,0.17,-0.35248,-0.18762,-0.20437,-0.89375,-0.86,1.1,0.19,-0.60811,-0.26089,-0.16367,-0.73167,-0.84,1.08,0.19,-0.60811,-0.26089,-0.16367,-0.73167,-0.88,1.06,0.1,0.2718,-0.01325,-0.3976,-0.87628,-0.89,1.08,0.13,0.2096,-0.05875,-0.30197,-0.92813,-0.89,1.1,0.16,-0.27657,-0.19645,-0.30944,-0.88835,-0.88,1.09,0.18,-0.53208,-0.32682,-0.24087,-0.74301,-0.86,1.08,0.18,-0.53208,-0.32682,-0.24087,-0.74301,-0.71,1.09,0.11,-0.36705,-0.17502,-0.10346,0.90771,-0.69,1.05,0.07,-0.36705,-0.17502,-0.10346,0.90771,-0.73,1.07,0.09,-0.43043,-0.21482,0.61499,0.6248,-0.75,1.07,0.11,-0.2477,-0.04136,0.5784,0.77614,-0.76,1.09,0.14,-0.12597,0.00932,0.65029,0.74911,-0.77,1.09,0.16,-0.12597,0.00932,0.65029,0.74911,-0.72,1.07,0.09,-0.36705,-0.17502,-0.10346,0.90771,-0.73,1.11,0.13,0.03874,-0.2167,0.05129,0.97412,-0.75,1.11,0.16,0.32398,-0.19212,0.08607,0.92234,-0.76,1.1,0.18,0.40119,-0.15604,0.0943,0.89766,-0.76,1.08,0.19,0.40119,-0.15604,0.0943,0.89766,-0.7,1.07,0.1,-0.36705,-0.17502,-0.10346,0.90771,-0.71,1.12,0.13,-0.04274,-0.19529,-0.05198,0.97843,-0.73,1.12,0.17,0.40638,-0.19941,0.02925,0.8912,-0.74,1.1,0.19,0.62643,-0.16767,0.01412,0.7611,-0.74,1.08,0.19,0.62643,-0.16767,0.01412,0.7611,-0.68,1.07,0.1,-0.36705,-0.17502,-0.10346,0.90771,-0.69,1.11,0.14,-0.12374,-0.16724,-0.13649,0.96855,-0.7,1.12,0.17,0.41956,-0.23427,-0.06404,0.87463,-0.72,1.1,0.19,0.69366,-0.25894,-0.0108,0.67206,-0.73,1.08,0.18,0.69366,-0.25894,-0.0108,0.67206,-0.68,1.07,0.11,-0.28795,-0.11992,-0.33639,0.88857,-0.68,1.09,0.14,-0.20605,-0.14564,-0.2354,0.93857,-0.68,1.11,0.17,0.3589,-0.25382,-0.19433,0.87693,-0.69,1.1,0.18,0.6492,-0.34805,-0.10052,0.6688,-0.71,1.08,0.18,0.6492,-0.34805,-0.10052,0.6688,-0.81,1.08,0.19
-0.79,1.45,-0.15,-0.79,1.45,-0.15,-0.86,1.09,0.11,0.33366,-0.06697,-0.16524,-0.92568,-0.86,1.05,0.06,0.33366,-0.06697,-0.16524,-0.92568,-0.83,1.07,0.09,0.42356,-0.14753,0.52291,-0.72485,-0.81,1.09,0.11,0.20288,0.00889,0.46462,-0.86191,-0.8,1.1,0.14,0.06964,0.03968,0.53588,-0.84048,-0.8,1.1,0.16,0.06964,0.03968,0.53588,-0.84048,-0.84,1.08,0.09,0.33366,-0.06697,-0.16524,-0.92568,-0.84,1.12,0.13,-0.00027,-0.10532,-0.0945,-0.98994,-0.83,1.12,0.17,-0.42114,-0.13971,-0.06641,-0.89371,-0.82,1.1,0.18,-0.58619,-0.12243,-0.04458,-0.79962,-0.82,1.08,0.19,-0.58619,-0.12243,-0.04458,-0.79962,-0.85,1.07,0.09,0.33366,-0.06697,-0.16524,-0.92568,-0.86,1.11,0.13,0.06216,-0.08126,-0.16777,-0.9805,-0.85,1.12,0.17,-0.40144,-0.15205,-0.12338,-0.89471,-0.84,1.1,0.19,-0.61458,-0.15958,-0.14567,-0.75869,-0.83,1.08,0.2,-0.61458,-0.15958,-0.14567,-0.75869,-0.87,1.07,0.09,0.33366,-0.06697,-0.16524,-0.92568,-0.87,1.1,0.13,0.14493,-0.05638,-0.22804,-0.96115,-0.87,1.11,0.17,-0.36057,-0.18382,-0.20586,-0.89097,-0.86,1.1,0.19,-0.61084,-0.25686,-0.16753,-0.72996,-0.85,1.08,0.19,-0.61084,-0.25686,-0.16753,-0.72996,-0.88,1.06,0.1,0.26899,-0.00702,-0.39721,-0.87739,-0.89,1.08,0.13,0.20023,-0.05417,-0.30231,-0.93037,-0.89,1.1,0.16,-0.28543,-0.19185,-0.31195,-0.88567,-0.88,1.09,0.18,-0.53647,-0.32228,-0.2463,-0.74005,-0.86,1.08,0.18,-0.53647,-0.32228,-0.2463,-0.74005,-0.71,1.09,0.11,-0.36522,-0.1746,-0.10234,0.90866,-0.69,1.05,0.07,-0.36522,-0.1746,-0.10234,0.90866,-0.73,1.07,0.09,-0.4284,-0.21576,0.61584,0.62503,-0.75,1.07,0.11,-0.24529,-0.04156,0.5796,0.776,-0.76,1.08,0.14,-0.12218,0.01026,0.65123,0.74891,-0.77,1.09,0.16,-0.12218,0.01026,0.65123,0.74891,-0.72,1.07,0.09,-0.36522,-0.1746,-0.10234,0.90866,-0.73,1.11,0.13,0.04136,-0.21581,0.05207,0.97417,-0.75,1.11,0.16,0.32272,-0.19133,0.08577,0.92298,-0.75,1.1,0.18,0.39824,-0.15545,0.09355,0.89916,-0.76,1.08,0.19,0.39824,-0.15545,0.09355,0.89916,-0.7,1.07,0.1,-0.36522,-0.1746,-0.10234,0.90866,-0.71,1.12,0.13,-0.0418,-0.19416,-0.05151,0.97873,-0.73,1.12,0.17,0.40554,-0.19823,0.02876,0.89186,-0.74,1.1,0.19,0.62353,-0.16693,0.01307,0.76366,-0.74,1.08,0.19,0.62353,-0.16693,0.01307,0.76366,-0.68,1.07,0.1,-0.36522,-0.1746,-0.10234,0.90866,-0.69,1.11,0.14,-0.12206,-0.16612,-0.13566,0.96907,-0.7,1.12,0.17,0.41956,-0.23272,-0.0644,0.87502,-0.72,1.1,0.19,0.69214,-0.25771,-0.01215,0.67408,-0.73,1.08,0.19,0.69214,-0.25771,-0.01215,0.67408,-0.68,1.07,0.11,-0.2864,-0.11899,-0.33525,0.88962,-0.68,1.09,0.14,-0.20407,-0.14528,-0.23408,0.93939,-0.68,1.11,0.17,0.35642,-0.25171,-0.19455,0.8785,-0.69,1.1,0.18,0.64495,-0.34598,-0.10255,0.67366,-0.71,1.08,0.18,0.64495,-0.34598,-0.10255,0.67366,-0.81,1.08,0.19
-0.79,1.45,-0.15,-0.79,1.45,-0.15,-0.86,1.09,0.11,0.33043,-0.06485,-0.16465,-0.92709,-0.86,1.06,0.06,0.33043,-0.06485,-0.16465,-0.92709,-0.83,1.07,0.09,0.41673,-0.14853,0.52618,-0.72623,-0.81,1.09,0.11,0.19652,0.00922,0.46818,-0.86145,-0.8,1.1,0.14,0.06305,0.04008,0.53899,-0.83899,-0.8,1.1,0.16,0.06305,0.04008,0.53899,-0.83899,-0.84,1.08,0.09,0.33043,-0.06485,-0.16465,-0.92709,-0.84,1.12,0.13,-0.01607,-0.10576,-0.09192,-0.99,-0.83,1.11,0.17,-0.43311,-0.13844,-0.06434,-0.88832,-0.82,1.1,0.18,-0.59315,-0.12045,-0.04308,-0.79487,-0.82,1.08,0.19,-0.59315,-0.12045,-0.04308,-0.79487,-0.85,1.07,0.09,0.33043,-0.06485,-0.16465,-0.92709,-0.86,1.11,0.13,0.04791,-0.08442,-0.1644,-0.98161,-0.85,1.12,0.17,-0.40819,-0.15225,-0.12005,-0.89207,-0.84,1.1,0.19,-0.6154,-0.15795,-0.14285,-0.7589,-0.83,1.08,0.2,-0.6154,-0.15795,-0.14285,-0.7589,-0.87,1.07,0.09,0.33043,-0.06485,-0.16465,-0.92709,-0.87,1.1,0.13,0.13552,-0.05712,-0.22646,-0.96285,-0.87,1.11,0.17,-0.36533,-0.18235,-0.20511,-0.8895,-0.86,1.1,0.19,-0.61155,-0.25456,-0.16827,-0.73,-0.85,1.08,0.19,-0.61155,-0.25456,-0.16827,-0.73,-0.88,1.06,0.1,0.26636,-0.00409,-0.39652,-0.87853,-0.89,1.08,0.13,0.19599,-0.05001,-0.30256,-0.93142,-0.89,1.1,0.16,-0.29089,-0.18854,-0.31393,-0.8839,-0.88,1.09,0.18,-0.53931,-0.31918,-0.25012,-0.73804,-0.86,1.08,0.18,-0.53931,-0.31918,-0.25012,-0.73804,-0.71,1.09,0.11,-0.36688,-0.17347,-0.10294,0.90813,-0.69,1.05,0.07,-0.36688,-0.17347,-0.10294,0.90813,-0.73,1.06,0.09,-0.42975,-0.21305,0.61517,0.62569,-0.75,1.07,0.11,-0.24566,-0.03853,0.57819,0.77708,-0.76,1.08,0.14,-0.12064,0.01443,0.64942,0.75066,-0.77,1.09,0.16,-0.12064,0.01443,0.64942,0.75066,-0.72,1.07,0.09,-0.36688,-0.17347,-0.10294,0.90813,-0.73,1.11,0.13,0.04041,-0.21494,0.05133,0.97444,-0.75,1.11,0.16,0.32183,-0.19074,0.08479,0.9235,-0.75,1.1,0.18,0.39661,-0.15502,0.09235,0.90008,-0.76,1.08,0.19,0.39661,-0.15502,0.09235,0.90008,-0.7,1.07,0.1,-0.36688,-0.17347,-0.10294,0.90813,-0.71,1.12,0.13,-0.04409,-0.19312,-0.0527,0.97877,-0.73,1.12,0.17,0.40315,-0.19789,0.02716,0.89307,-0.74,1.1,0.19,0.62137,-0.16717,0.01136,0.76539,-0.74,1.08,0.19,0.62137,-0.16717,0.01136,0.76539,-0.68,1.07,0.1,-0.36688,-0.17347,-0.10294,0.90813,-0.69,1.11,0.14,-0.1236,-0.1652,-0.13662,0.9689,-0.7,1.12,0.17,0.41734,-0.23246,-0.06585,0.87604,-0.72,1.1,0.19,0.69013,-0.25804,-0.01363,0.67598,-0.73,1.08,0.19,0.69013,-0.25804,-0.01363,0.67598,-0.68,1.07,0.11,-0.28817,-0.11832,-0.33598,0.88886,-0.68,1.09,0.14,-0.20526,-0.14488,-0.23476,0.93903,-0.68,1.11,0.17,0.35373,-0.25155,-0.19568,0.87938,-0.69,1.1,0.18,0.64211,-0.34621,-0.10381,0.67606,-0.71,1.08,0.18,0.64211,-0.34621,-0.10381,0.67606,-0.81,1.08,0.19
-0.79,1.45,-0.15,-0.79,1.45,-0.15,-0.86,1.09,0.11,0.32845,-0.06412,-0.16494,-0.9278,-0.86,1.06,0.06,0.32845,-0.06412,-0.16494,-0.9278,-0.83,1.07,0.09,0.41367,-0.14905,0.52701,-0.72727,-0.81,1.09,0.11,0.19293,0.00946,0.46919,-0.86171,-0.8,1.1,0.14,0.05844,0.04076,0.53967,-0.83886,-0.8,1.1,0.16,0.05844,0.04076,0.53967,-0.83886,-0.84,1.08,0.09,0.32845,-0.06412,-0.16494,-0.9278,-0.84,1.12,0.13,-0.0284,-0.10919,-0.08866,-0.98965,-0.83,1.11,0.17,-0.44038,-0.1396,-0.0606,-0.88482,-0.82,1.1,0.18,-0.59565,-0.12059,-0.03965,-0.79315,-0.81,1.08,0.19,-0.59565,-0.12059,-0.03965,-0.79315,-0.85,1.07,0.09,0.32845,-0.06412,-0.16494,-0.9278,-0.86,1.11,0.13,0.03707,-0.08971,-0.16106,-0.98216,-0.85,1.12,0.17,-0.41265,-0.15457,-0.11563,-0.8902,-0.84,1.1,0.19,-0.61622,-0.15851,-0.13829,-0.75896,-0.83,1.08,0.2,-0.61622,-0.15851,-0.13829,-0.75896,-0.87,1.07,0.09,0.32845,-0.06412,-0.16494,-0.9278,-0.87,1.1,0.13,0.12856,-0.05977,-0.2253,-0.96392,-0.87,1.11,0.17,-0.37059,-0.18348,-0.20319,-0.88753,-0.86,1.1,0.19,-0.61506,-0.25475,-0.16647,-0.72739,-0.85,1.08,0.19,-0.61506,-0.25475,-0.16647,-0.72739,-0.88,1.06,0.09,0.26454,-0.00288,-0.39668,-0.87901,-0.89,1.08,0.13,0.19295,-0.04793,-0.30335,-0.93191,-0.89,1.1,0.16,-0.29943,-0.18884,-0.31465,-0.88073,-0.88,1.09,0.18,-0.5473,-0.31985,-0.25075,-0.73163,-0.86,1.08,0.18,-0.5473,-0.31985,-0.25075,-0.73163,-0.7,1.09,0.11,-0.37118,-0.17183,-0.10538,0.90642,-0.69,1.05,0.07,-0.37118,-0.17183,-0.10538,0.90642,-0.73,1.07,0.09,-0.43429,-0.20779,0.61249,0.62695,-0.75,1.07,0.11,-0.24996,-0.03457,0.57387,0.7791,-0.76,1.09,0.14,-0.12442,0.01815,0.64501,0.75376,-0.77,1.09,0.16,-0.12442,0.01815,0.64501,0.75376,-0.71,1.07,0.09,-0.37118,-0.17183,-0.10538,0.90642,-0.73,1.11,0.13,0.03633,-0.21411,0.04859,0.97492,-0.75,1.11,0.16,0.31979,-0.19067,0.08228,0.92445,-0.75,1.1,0.18,0.39483,-0.15515,0.0898,0.90109,-0.76,1.08,0.19,0.39483,-0.15515,0.0898,0.90109,-0.7,1.07,0.1,-0.37118,-0.17183,-0.10538,0.90642,-0.71,1.12,0.13,-0.04898,-0.19217,-0.05584,0.97855,-0.73,1.12,0.17,0.39845,-0.19852,0.02388,0.89513,-0.73,1.1,0.19,0.61742,-0.1689,0.00827,0.76825,-0.74,1.08,0.19,0.61742,-0.1689,0.00827,0.76825,-0.68,1.07,0.1,-0.37118,-0.17183,-0.10538,0.90642,-0.69,1.11,0.14,-0.12794,-0.16456,-0.13948,0.96804,-0.7,1.12,0.17,0.41195,-0.23354,-0.0688,0.87808,-0.72,1.1,0.19,0.6853,-0.26024,-0.01603,0.67999,-0.72,1.08,0.19,0.6853,-0.26024,-0.01603,0.67999,-0.68,1.07,0.11,-0.29236,-0.11791,-0.33862,0.88654,-0.68,1.09,0.14,-0.20977,-0.14417,-0.23762,0.93742,-0.68,1.11,0.17,0.34828,-0.25274,-0.19858,0.88056,-0.69,1.1,0.18,0.63672,-0.34836,-0.1061,0.67969,-0.71,1.08,0.18,0.63672,-0.34836,-0.1061,0.67969,-0.81,1.08,0.19
-0.79,1.45,-0.15,-0.79,1.45,-0.15,-0.86,1.09,0.11,0.32957,-0.06516,-0.1649,-0.92733,-0.86,1.06,0.06,0.32957,-0.06516,-0.1649,-0.92733,-0.83,1.07,0.09,0.41577,-0.14872,0.52638,-0.72659,-0.81,1.09,0.11,0.19438,0.00981,0.4685,-0.86176,-0.8,1.1,0.14,0.05974,0.04122,0.539,-0.83917,-0.8,1.1,0.16,0.05974,0.04122,0.539,-0.83917,-0.84,1.08,0.09,0.32957,-0.06516,-0.1649,-0.92733,-0.83,1.12,0.13,-0.02949,-0.11337,-0.08548,-0.98943,-0.83,1.12,0.17,-0.43897,-0.14189,-0.05637,-0.88544,-0.82,1.1,0.18,-0.59256,-0.12199,-0.03543,-0.79545,-0.81,1.08,0.19,-0.59256,-0.12199,-0.03543,-0.79545,-0.85,1.07,0.09,0.32957,-0.06516,-0.1649,-0.92733,-0.86,1.11,0.13,0.03505,-0.0944,-0.15829,-0.98224,-0.85,1.12,0.17,-0.41343,-0.15734,-0.11124,-0.88992,-0.84,1.1,0.19,-0.61808,-0.16021,-0.13327,-0.75799,-0.83,1.08,0.19,-0.61808,-0.16021,-0.13327,-0.75799,-0.87,1.07,0.09,0.32957,-0.06516,-0.1649,-0.92733,-0.87,1.1,0.13,0.12677,-0.06398,-0.22366,-0.96427,-0.87,1.11,0.17,-0.37395,-0.18653,-0.19943,-0.88634,-0.86,1.1,0.19,-0.62027,-0.25678,-0.16147,-0.72337,-0.84,1.08,0.19,-0.62027,-0.25678,-0.16147,-0.72337,-0.88,1.06,0.09,0.26542,-0.00418,-0.39668,-0.87874,-0.89,1.09,0.13,0.19375,-0.04967,-0.30306,-0.93174,-0.89,1.1,0.16,-0.30533,-0.19247,-0.31243,-0.8787,-0.88,1.09,0.18,-0.5586,-0.32437,-0.24533,-0.72289,-0.86,1.08,0.18,-0.5586,-0.32437,-0.24533,-0.72289,-0.71,1.09,0.12,-0.35488,-0.1665,-0.10767,0.91364,-0.69,1.05,0.07,-0.35488,-0.1665,-0.10767,0.91364,-0.73,1.07,0.09,-0.42917,-0.22033,0.60199,0.6363,-0.75,1.07,0.11,-0.2442,-0.05107,0.56638,0.78548,-0.76,1.09,0.14,-0.12557,-0.0048,0.64036,0.75773,-0.77,1.09,0.16,-0.12557,-0.0048,0.64036,0.75773,-0.72,1.07,0.09,-0.35488,-0.1665,-0.10767,0.91364,-0.73,1.11,0.13,-0.01552,-0.21353,0.02602,0.97647,-0.75,1.11,0.16,0.25516,-0.1989,0.05722,0.94449,-0.76,1.1,0.18,0.33262,-0.16599,0.06353,0.92616,-0.76,1.09,0.2,0.33262,-0.16599,0.06353,0.92616,-0.7,1.07,0.1,-0.35488,-0.1665,-0.10767,0.91364,-0.71,1.12,0.13,-0.04997,-0.18606,-0.06369,0.9792,-0.73,1.12,0.17,0.38743,-0.19676,0.01188,0.90058,-0.73,1.1,0.19,0.60389,-0.17119,-0.0045,0.77846,-0.74,1.08,0.2,0.60389,-0.17119,-0.0045,0.77846,-0.68,1.07,0.1,-0.35488,-0.1665,-0.10767,0.91364,-0.69,1.11,0.14,-0.12117,-0.15588,-0.14497,0.96954,-0.7,1.12,0.17,0.41187,-0.22839,-0.07968,0.87855,-0.72,1.1,0.19,0.68251,-0.25914,-0.02874,0.68279,-0.73,1.08,0.19,0.68251,-0.25914,-0.02874,0.68279,-0.68,1.07,0.11,-0.27723,-0.1084,-0.34015,0.89202,-0.68,1.09,0.14,-0.20301,-0.13222,-0.24154,0.93966,-0.68,1.11,0.17,0.35356,-0.24415,-0.20857,0.87857,-0.69,1.1,0.18,0.64018,-0.34392,-0.11891,0.67657,-0.71,1.08,0.18,0.64018,-0.34392,-0.11891,0.67657,-0.81,1.08,0.19
-0.79,1.45,-0.15,-0.79,1.45,-0.15,-0.85,1.09,0.11,0.32903,-0.06567,-0.15837,-0.92862,-0.86,1.06,0.06,0.32903,-0.06567,-0.15837,-0.92862,-0.83,1.07,0.09,0.41395,-0.15121,0.53141,-0.72345,-0.81,1.09,0.11,0.19293,0.00929,0.47438,-0.85887,-0.8,1.1,0.14,0.06151,0.03947,0.54499,-0.83525,-0.8,1.1,0.16,0.06151,0.03947,0.54499,-0.83525,-0.84,1.08,0.09,0.32903,-0.06567,-0.15837,-0.92862,-0.83,1.12,0.13,-0.02285,-0.11311,-0.0785,-0.99021,-0.83,1.12,0.17,-0.42986,-0.13874,-0.05065,-0.89073,-0.82,1.1,0.18,-0.58413,-0.1179,-0.0307,-0.80246,-0.81,1.08,0.19,-0.58413,-0.1179,-0.0307,-0.80246,-0.85,1.07,0.09,0.32903,-0.06567,-0.15837,-0.92862,-0.86,1.11,0.13,0.03522,-0.09422,-0.15103,-0.9834,-0.85,1.12,0.17,-0.41385,-0.1539,-0.10485,-0.89109,-0.84,1.1,0.19,-0.62073,-0.15556,-0.12773,-0.75775,-0.83,1.08,0.19,-0.62073,-0.15556,-0.12773,-0.75775,-0.87,1.07,0.09,0.32903,-0.06567,-0.15837,-0.92862,-0.87,1.1,0.13,0.12217,-0.06571,-0.21605,-0.96648,-0.87,1.11,0.17,-0.38039,-0.18429,-0.19193,-0.88572,-0.86,1.1,0.19,-0.62991,-0.25276,-0.15423,-0.71801,-0.84,1.08,0.19,-0.62991,-0.25276,-0.15423,-0.71801,-0.88,1.07,0.09,0.26569,-0.00427,-0.39054,-0.8814,-0.89,1.09,0.13,0.19182,-0.05061,-0.29643,-0.93423,-0.89,1.1,0.16,-0.30868,-0.18995,-0.3063,-0.88024,-0.88,1.09,0.17,-0.56699,-0.32137,-0.23877,-0.71988,-0.86,1.08,0.18,-0.56699,-0.32137,-0.23877,-0.71988,-0.71,1.09,0.12,-0.31793,-0.15688,-0.10359,0.92929,-0.69,1.06,0.07,-0.31793,-0.15688,-0.10359,0.92929,-0.73,1.07,0.09,-0.41884,-0.25272,0.58013,0.65127,-0.76,1.08,0.11,-0.23517,-0.09276,0.55209,0.79454,-0.77,1.08,0.14,-0.13742,-0.06327,0.63152,0.76046,-0.78,1.09,0.16,-0.13742,-0.06327,0.63152,0.76046,-0.72,1.07,0.1,-0.31793,-0.15688,-0.10359,0.92929,-0.73,1.11,0.14,-0.13284,-0.2028,-0.01551,0.97004,-0.75,1.12,0.17,0.10089,-0.20332,0.00622,0.97388,-0.76,1.12,0.19,0.18022,-0.1764,0.0083,0.96764,-0.77,1.11,0.21,0.18022,-0.1764,0.0083,0.96764,-0.7,1.07,0.1,-0.31793,-0.15688,-0.10359,0.92929,-0.71,1.11,0.14,-0.07505,-0.1661,-0.07713,0.98022,-0.73,1.12,0.18,0.34107,-0.18478,-0.01374,0.9216,-0.74,1.1,0.2,0.55405,-0.16919,-0.03407,0.81439,-0.74,1.08,0.21,0.55405,-0.16919,-0.03407,0.81439,-0.69,1.07,0.1,-0.31793,-0.15688,-0.10359,0.92929,-0.7,1.1,0.14,-0.12174,-0.1306,-0.151,0.97228,-0.7,1.11,0.18,0.3977,-0.20873,-0.1012,0.88771,-0.72,1.1,0.2,0.66568,-0.24828,-0.05681,0.70143,-0.73,1.08,0.2,0.66568,-0.24828,-0.05681,0.70143,-0.68,1.07,0.11,-0.24374,-0.08917,-0.33442,0.90598,-0.68,1.09,0.15,-0.20028,-0.09993,-0.24173,0.94417,-0.68,1.1,0.17,0.35383,-0.21652,-0.22694,0.88115,-0.69,1.09,0.19,0.63965,-0.32491,-0.1465,0.68104,-0.71,1.08,0.19,0.63965,-0.32491,-0.1465,0.68104,-0.81,1.08,0.19
-0.79,1.45,-0.15,-0.79,1.45,-0.15,-0.85,1.09,0.11,0.32719,-0.06156,-0.13365,-0.93343,-0.86,1.06,0.06,0.32719,-0.06156,-0.13365,-0.93343,-0.83,1.07,0.09,0.40498,-0.15624,0.54972,-0.71372,-0.8,1.09,0.11,0.18749,0.01024,0.49446,-0.84868,-0.8,1.1,0.14,0.06515,0.0369,0.56481,-0.82182,-0.8,1.1,0.16,0.06515,0.0369,0.56481,-0.82182,-0.84,1.08,0.09,0.32719,-0.06156,-0.13365,-0.93343,-0.83,1.12,0.13,-0.00108,-0.10119,-0.05852,-0.99314,-0.82,1.12,0.17,-0.40086,-0.11981,-0.03869,-0.90745,-0.82,1.1,0.18,-0.55653,-0.09721,-0.02343,-0.82479,-0.81,1.08,0.19,-0.55653,-0.09721,-0.02343,-0.82479,-0.85,1.07,0.09,0.32719,-0.06156,-0.13365,-0.93343,-0.85,1.12,0.13,0.03723,-0.08297,-0.1286,-0.98752,-0.85,1.12,0.17,-0.41241,-0.13363,-0.09017,-0.89662,-0.84,1.1,0.19,-0.61885,-0.13255,-0.11868,-0.76509,-0.83,1.08,0.2,-0.61885,-0.13255,-0.11868,-0.76509,-0.87,1.07,0.09,0.32719,-0.06156,-0.13365,-0.93343,-0.87,1.1,0.13,0.10934,-0.05977,-0.19156,-0.97354,-0.87,1.11,0.17,-0.38938,-0.16534,-0.1752,-0.88902,-0.86,1.1,0.19,-0.63855,-0.22942,-0.14465,-0.7202,-0.84,1.08,0.19,-0.63855,-0.22942,-0.14465,-0.7202,-0.88,1.07,0.09,0.26814,0.00122,-0.36742,-0.89056,-0.89,1.09,0.13,0.17809,-0.0498,-0.27216,-0.94432,-0.89,1.1,0.16,-0.30813,-0.17076,-0.28881,-0.89021,-0.88,1.09,0.17,-0.56232,-0.2957,-0.23149,-0.73673,-0.86,1.08,0.18,-0.56232,-0.2957,-0.23149,-0.73673,-0.71,1.09,0.12,-0.26199,-0.15704,-0.07028,0.94961,-0.69,1.06,0.07,-0.26199,-0.15704,-0.07028,0.94961,-0.73,1.06,0.1,-0.39683,-0.29131,0.56831,0.6593,-0.76,1.07,0.11,-0.21625,-0.13651,0.54943,0.79544,-0.77,1.08,0.14,-0.13483,-0.11866,0.63123,0.75451,-0.78,1.08,0.16,-0.13483,-0.11866,0.63123,0.75451,-0.72,1.07,0.1,-0.26199,-0.15704,-0.07028,0.94961,-0.74,1.1,0.14,-0.06171,-0.19239,0.01466,0.97927,-0.75,1.11,0.18,0.19151,-0.18362,0.03676,0.96346,-0.76,1.1,0.2,0.28146,-0.15264,0.04194,0.94643,-0.77,1.09,0.21,0.28146,-0.15264,0.04194,0.94643,-0.7,1.07,0.1,-0.26199,-0.15704,-0.07028,0.94961,-0.72,1.1,0.15,-0.09068,-0.14204,-0.06113,0.9838,-0.73,1.11,0.19,0.31683,-0.15634,-0.01107,0.93544,-0.74,1.1,0.21,0.52585,-0.14275,-0.03909,0.8376,-0.74,1.08,0.22,0.52585,-0.14275,-0.03909,0.8376,-0.69,1.07,0.11,-0.26199,-0.15704,-0.07028,0.94961,-0.7,1.1,0.15,-0.16303,-0.09937,-0.13069,0.97286,-0.7,1.11,0.18,0.34834,-0.17193,-0.10144,0.91586,-0.71,1.09,0.2,0.61603,-0.21505,-0.07047,0.75452,-0.72,1.07,0.21,0.61603,-0.21505,-0.07047,0.75452,-0.68,1.07,0.11,-0.19386,-0.07428,-0.29853,0.93155,-0.68,1.08,0.15,-0.21071,-0.06885,-0.20855,0.95256,-0.68,1.1,0.18,0.32753,-0.169,-0.2195,0.90332,-0.69,1.09,0.19,0.6131,-0.2771,-0.15923,0.72248,-0.7,1.07,0.19,0.6131,-0.2771,-0.15923,0.72248,-0.81,1.08,0.19
-0.79,1.45,-0.16,-0.79,1.45,-0.16,-0.85,1.1,0.11,0.33023,-0.06023,-0.11875,-0.93446,-0.86,1.06,0.06,0.33023,-0.06023,-0.11875,-0.93446,-0.82,1.07,0.09,0.40527,-0.159,0.55898,-0.7057,-0.8,1.09,0.11,0.19066,0.00973,0.50469,-0.84193,-0.8,1.1,0.14,0.07815,0.03139,0.57583,-0.81322,-0.79,1.1,0.16,0.07815,0.03139,0.57583,-0.81322,-0.84,1.08,0.09,0.33023,-0.06023,-0.11875,-0.93446,-0.83,1.12,0.13,0.01783,-0.09521,-0.04614,-0.99423,-0.82,1.12,0.17,-0.37726,-0.10965,-0.0305,-0.91909,-0.82,1.1,0.18,-0.53319,-0.08585,-0.0181,-0.84143,-0.81,1.08,0.19,-0.53319,-0.08585,-0.0181,-0.84143,-0.85,1.07,0.09,0.33023,-0.06023,-0.11875,-0.93446,-0.85,1.12,0.13,0.0438,-0.07754,-0.11474,-0.9894,-0.85,1.12,0.17,-0.40595,-0.1225,-0.08045,-0.90207,-0.84,1.1,0.19,-0.61126,-0.11981,-0.11228,-0.77421,-0.83,1.08,0.2,-0.61126,-0.11981,-0.11228,-0.77421,-0.87,1.07,0.09,0.33023,-0.06023,-0.11875,-0.93446,-0.87,1.11,0.13,0.10201,-0.05834,-0.17632,-0.97729,-0.87,1.11,0.17,-0.38964,-0.15486,-0.1642,-0.89288,-0.86,1.1,0.19,-0.63692,-0.21583,-0.13813,-0.7271,-0.84,1.08,0.19,-0.63692,-0.21583,-0.13813,-0.7271,-0.88,1.07,0.09,0.27342,0.0023,-0.35367,-0.89451,-0.88,1.09,0.13,0.16946,-0.05296,-0.25707,-0.94995,-0.88,1.1,0.16,-0.29743,-0.15942,-0.27722,-0.8996,-0.88,1.09,0.17,-0.53927,-0.27736,-0.22888,-0.76149,-0.86,1.08,0.18,-0.53927,-0.27736,-0.22888,-0.76149,-0.71,1.08,0.13,-0.22654,-0.15118,-0.05222,0.96078,-0.69,1.06,0.07,-0.22654,-0.15118,-0.05222,0.96078,-0.73,1.06,0.1,-0.38679,-0.29894,0.55292,0.67476,-0.76,1.07,0.11,-0.20953,-0.15193,0.53368,0.80511,-0.77,1.07,0.14,-0.13536,-0.14081,0.61663,0.76264,-0.78,1.07,0.16,-0.13536,-0.14081,0.61663,0.76264,-0.72,1.07,0.1,-0.22654,-0.15118,-0.05222,0.96078,-0.74,1.09,0.15,0.00084,-0.18067,0.03413,0.98295,-0.75,1.09,0.18,0.29979,-0.16293,0.06087,0.93802,-0.76,1.08,0.2,0.41311,-0.12679,0.07153,0.89897,-0.76,1.06,0.21,0.41311,-0.12679,0.07153,0.89897,-0.7,1.07,0.1,-0.22654,-0.15118,-0.05222,0.96078,-0.72,1.1,0.15,-0.09072,-0.12286,-0.05116,0.98694,-0.73,1.11,0.19,0.32337,-0.13482,-0.00897,0.93658,-0.73,1.09,0.21,0.53193,-0.12094,-0.04192,0.83706,-0.74,1.07,0.22,0.53193,-0.12094,-0.04192,0.83706,-0.69,1.07,0.11,-0.22654,-0.15118,-0.05222,0.96078,-0.7,1.09,0.15,-0.19261,-0.07721,-0.11808,0.97108,-0.7,1.11,0.19,0.31545,-0.1471,-0.1019,0.93192,-0.71,1.09,0.21,0.57978,-0.1923,-0.07956,0.78775,-0.72,1.07,0.21,0.57978,-0.1923,-0.07956,0.78775,-0.68,1.06,0.11,-0.16308,-0.05936,-0.27849,0.94463,-0.68,1.08,0.15,-0.22626,-0.04779,-0.18806,0.95455,-0.68,1.09,0.18,0.28437,-0.13529,-0.21655,0.92409,-0.69,1.08,0.19,0.56047,-0.24177,-0.17159,0.77329,-0.7,1.07,0.2,0.56047,-0.24177,-0.17159,0.77329,-0.81,1.08,0.19
-0.79,1.45,-0.16,-0.79,1.45,-0.16,-0.85,1.1,0.11,0.3341,-0.0529,-0.13201,-0.93174,-0.86,1.06,0.06,0.3341,-0.0529,-0.13201,-0.93174,-0.82,1.07,0.09,0.4106,-0.14912,0.54745,-0.71377,-0.8,1.09,0.11,0.19332,0.01589,0.48996,-0.84989,-0.8,1.1,0.14,0.08504,0.0326,0.562,-0.82211,-0.8,1.1,0.16,0.08504,0.0326,0.562,-0.82211,-0.84,1.08,0.09,0.3341,-0.0529,-0.13201,-0.93174,-0.83,1.12,0.13,0.01718,-0.09417,-0.05933,-0.99364,-0.83,1.12,0.17,-0.37671,-0.11382,-0.04312,-0.9183,-0.82,1.1,0.18,-0.52945,-0.092,-0.03025,-0.84279,-0.82,1.08,0.19,-0.52945,-0.092,-0.03025,-0.84279,-0.85,1.07,0.09,0.3341,-0.0529,-0.13201,-0.93174,-0.85,1.12,0.13,0.05526,-0.07441,-0.12956,-0.98723,-0.85,1.12,0.17,-0.39423,-0.12646,-0.09511,-0.90528,-0.84,1.1,0.19,-0.59545,-0.12741,-0.12603,-0.78315,-0.83,1.08,0.2,-0.59545,-0.12741,-0.12603,-0.78315,-0.87,1.07,0.09,0.3341,-0.0529,-0.13201,-0.93174,-0.87,1.1,0.13,0.10697,-0.05555,-0.19029,-0.9743,-0.87,1.11,0.17,-0.37236,-0.15732,-0.17926,-0.89692,-0.86,1.1,0.19,-0.61152,-0.22176,-0.15346,-0.74385,-0.85,1.08,0.19,-0.61152,-0.22176,-0.15346,-0.74385,-0.88,1.07,0.09,0.27689,0.00797,-0.36662,-0.88818,-0.89,1.09,0.13,0.16604,-0.05335,-0.26988,-0.94697,-0.89,1.1,0.16,-0.27162,-0.157,-0.29177,-0.90357,-0.88,1.09,0.17,-0.48832,-0.272,-0.25037,-0.79049,-0.86,1.08,0.18,-0.48832,-0.272,-0.25037,-0.79049,-0.71,1.09,0.12,-0.25519,-0.15825,-0.08592,0.94998,-0.69,1.06,0.07,-0.25519,-0.15825,-0.08592,0.94998,-0.73,1.07,0.09,-0.44464,-0.25361,0.50741,0.69319,-0.75,1.08,0.11,-0.27177,-0.12884,0.47229,0.82854,-0.77,1.09,0.13,-0.21441,-0.13012,0.5581,0.79096,-0.78,1.1,0.15,-0.21441,-0.13012,0.5581,0.79096,-0.72,1.07,0.09,-0.25519,-0.15825,-0.08592,0.94998,-0.74,1.1,0.14,-0.00551,-0.19761,0.01154,0.9802,-0.75,1.11,0.17,0.35677,-0.18257,0.05725,0.91439,-0.76,1.09,0.19,0.49709,-0.14406,0.07778,0.85211,-0.76,1.07,0.2,0.49709,-0.14406,0.07778,0.85211,-0.7,1.07,0.1,-0.25519,-0.15825,-0.08592,0.94998,-0.71,1.11,0.15,-0.10171,-0.14178,-0.07997,0.98141,-0.73,1.12,0.18,0.33945,-0.16476,-0.0225,0.92581,-0.73,1.1,0.2,0.54776,-0.15193,-0.04779,0.82134,-0.74,1.08,0.21,0.54776,-0.15193,-0.04779,0.82134,-0.69,1.07,0.1,-0.25519,-0.15825,-0.08592,0.94998,-0.7,1.1,0.15,-0.19572,-0.09561,-0.15,0.96439,-0.7,1.11,0.18,0.32125,-0.18029,-0.11819,0.92213,-0.71,1.1,0.2,0.57407,-0.22798,-0.08692,0.78161,-0.72,1.08,0.21,0.57407,-0.22798,-0.08692,0.78161,-0.68,1.07,0.11,-0.18481,-0.07428,-0.31277,0.92871,-0.68,1.09,0.15,-0.26445,-0.05015,-0.22464,0.93653,-0.68,1.1,0.17,0.25082,-0.16063,-0.24535,0.92255,-0.69,1.09,0.19,0.50999,-0.27142,-0.19395,0.79286,-0.7,1.08,0.2,0.50999,-0.27142,-0.19395,0.79286,-0.81,1.08,0.19
-0.79,1.45,-0.16,-0.79,1.45,-0.16,-0.85,1.09,0.11,0.33725,-0.05225,-0.1379,-0.92979,-0.86,1.06,0.06,0.33725,-0.05225,-0.1379,-0.92979,-0.82,1.07,0.09,0.41478,-0.14556,0.54272,-0.7157,-0.8,1.09,0.11,0.19569,0.01831,0.48415,-0.85263,-0.8,1.1,0.14,0.08798,0.03399,0.55645,-0.82551,-0.8,1.1,0.16,0.08798,0.03399,0.55645,-0.82551,-0.84,1.08,0.09,0.33725,-0.05225,-0.1379,-0.92979,-0.83,1.12,0.13,0.01702,-0.09675,-0.06374,-0.99312,-0.83,1.12,0.17,-0.37744,-0.11796,-0.04606,-0.91734,-0.82,1.1,0.18,-0.52929,-0.09654,-0.03253,-0.8423,-0.82,1.08,0.19,-0.52929,-0.09654,-0.03253,-0.8423,-0.85,1.07,0.09,0.33725,-0.05225,-0.1379,-0.92979,-0.85,1.12,0.13,0.06796,-0.0746,-0.13595,-0.98556,-0.85,1.12,0.17,-0.38071,-0.1295,-0.10091,-0.91001,-0.84,1.1,0.19,-0.58068,-0.13233,-0.13134,-0.7925,-0.83,1.08,0.2,-0.58068,-0.13233,-0.13134,-0.7925,-0.87,1.07,0.09,0.33725,-0.05225,-0.1379,-0.92979,-0.87,1.1,0.13,0.11835,-0.05526,-0.19652,-0.97176,-0.87,1.11,0.17,-0.35535,-0.15937,-0.18549,-0.90218,-0.86,1.1,0.19,-0.59114,-0.22517,-0.15961,-0.75787,-0.85,1.08,0.19,-0.59114,-0.22517,-0.15961,-0.75787,-0.88,1.07,0.09,0.27928,0.00756,-0.37237,-0.88504,-0.89,1.09,0.13,0.16964,-0.05467,-0.27542,-0.94466,-0.89,1.1,0.16,-0.25695,-0.15757,-0.29746,-0.90591,-0.88,1.09,0.17,-0.46581,-0.27162,-0.25755,-0.80182,-0.86,1.08,0.18,-0.46581,-0.27162,-0.25755,-0.80182,-0.71,1.09,0.12,-0.28221,-0.17017,-0.11246,0.93742,-0.69,1.06,0.07,-0.28221,-0.17017,-0.11246,0.93742,-0.73,1.07,0.09,-0.48052,-0.23179,0.48427,0.69344,-0.75,1.09,0.1,-0.3078,-0.11648,0.44286,0.83401,-0.77,1.1,0.13,-0.25278,-0.11799,0.5306,0.8004,-0.78,1.11,0.15,-0.25278,-0.11799,0.5306,0.8004,-0.72,1.08,0.09,-0.28221,-0.17017,-0.11246,0.93742,-0.73,1.11,0.13,-0.00731,-0.2233,0.00247,0.97472,-0.75,1.11,0.17,0.40346,-0.20632,0.06991,0.88869,-0.76,1.09,0.18,0.5534,-0.16384,0.09868,0.81066,-0.76,1.07,0.19,0.5534,-0.16384,0.09868,0.81066,-0.7,1.08,0.09,-0.28221,-0.17017,-0.11246,0.93742,-0.71,1.11,0.14,-0.10928,-0.16482,-0.09966,0.97517,-0.73,1.12,0.18,0.36005,-0.19503,-0.02378,0.91201,-0.74,1.11,0.2,0.57237,-0.1801,-0.04084,0.79893,-0.74,1.08,0.2,0.57237,-0.1801,-0.04084,0.79893,-0.68,1.07,0.1,-0.28221,-0.17017,-0.11246,0.93742,-0.7,1.1,0.14,-0.19618,-0.11869,-0.17335,0.9578,-0.7,1.12,0.18,0.34259,-0.21502,-0.12119,0.90648,-0.71,1.11,0.19,0.59131,-0.26127,-0.07987,0.75876,-0.73,1.09,0.2,0.59131,-0.26127,-0.07987,0.75876,-0.68,1.07,0.1,-0.20502,-0.09366,-0.33943,0.91323,-0.68,1.09,0.14,-0.28343,-0.05741,-0.25468,0.92277,-0.68,1.11,0.17,0.25059,-0.18974,-0.26335,0.91206,-0.69,1.1,0.19,0.50547,-0.30409,-0.2022,0.78176,-0.7,1.09,0.19,0.50547,-0.30409,-0.2022,0.78176,-0.81,1.08,0.19
-0.79,1.45,-0.16,-0.79,1.45,-0.16,-0.85,1.09,0.11,0.32684,-0.05725,-0.14347,-0.93237,-0.86,1.06,0.06,0.32684,-0.05725,-0.14347,-0.93237,-0.82,1.07,0.09,0.41126,-0.15619,0.53686,-0.71989,-0.8,1.09,0.11,0.18585,0.00933,0.48175,-0.85632,-0.8,1.1,0.14,0.07834,0.02415,0.55464,-0.82804,-0.8,1.1,0.16,0.07834,0.02415,0.55464,-0.82804,-0.84,1.08,0.09,0.32684,-0.05725,-0.14347,-0.93237,-0.83,1.12,0.13,0.00613,-0.10583,-0.06591,-0.99218,-0.82,1.12,0.17,-0.38774,-0.12689,-0.04443,-0.91191,-0.82,1.1,0.18,-0.54136,-0.10515,-0.0287,-0.83369,-0.81,1.08,0.19,-0.54136,-0.10515,-0.0287,-0.83369,-0.85,1.07,0.09,0.32684,-0.05725,-0.14347,-0.93237,-0.85,1.11,0.13,0.07652,-0.07801,-0.14144,-0.9839,-0.85,1.12,0.17,-0.36112,-0.13384,-0.10588,-0.91677,-0.84,1.1,0.19,-0.56052,-0.1387,-0.13568,-0.80509,-0.83,1.08,0.2,-0.56052,-0.1387,-0.13568,-0.80509,-0.87,1.07,0.09,0.32684,-0.05725,-0.14347,-0.93237,-0.87,1.1,0.13,0.14437,-0.05307,-0.2029,-0.96704,-0.87,1.11,0.17,-0.32745,-0.16095,-0.192,-0.91105,-0.86,1.1,0.19,-0.56469,-0.22896,-0.16518,-0.77551,-0.85,1.08,0.2,-0.56469,-0.22896,-0.16518,-0.77551,-0.88,1.07,0.09,0.26733,0.00513,-0.37674,-0.88689,-0.89,1.09,0.13,0.18864,-0.04858,-0.28035,-0.93993,-0.89,1.1,0.16,-0.23918,-0.15619,-0.30434,-0.90872,-0.88,1.09,0.18,-0.45357,-0.2735,-0.2624,-0.80661,-0.86,1.08,0.19,-0.45357,-0.2735,-0.2624,-0.80661,-0.7,1.1,0.11,-0.31453,-0.17028,-0.13283,0.92436,-0.69,1.06,0.06,-0.31453,-0.17028,-0.13283,0.92436,-0.73,1.07,0.09,-0.47262,-0.21547,0.51616,0.68102,-0.75,1.09,0.1,-0.29766,-0.0882,0.47279,0.82467,-0.76,1.1,0.13,-0.23785,-0.08796,0.55779,0.7903,-0.77,1.11,0.15,-0.23785,-0.08796,0.55779,0.7903,-0.71,1.08,0.09,-0.31453,-0.17028,-0.13283,0.92436,-0.73,1.12,0.13,0.02048,-0.25377,0.02228,0.96679,-0.75,1.11,0.16,0.41635,-0.2262,0.09806,0.87514,-0.76,1.1,0.17,0.56803,-0.17792,0.1315,0.79271,-0.76,1.08,0.18,0.56803,-0.17792,0.1315,0.79271,-0.7,1.08,0.09,-0.31453,-0.17028,-0.13283,0.92436,-0.71,1.12,0.13,-0.14288,-0.17224,-0.11889,0.96736,-0.72,1.13,0.17,0.26257,-0.20797,-0.05148,0.94083,-0.73,1.12,0.19,0.47359,-0.20541,-0.0673,0.85381,-0.74,1.1,0.21,0.47359,-0.20541,-0.0673,0.85381,-0.68,1.07,0.1,-0.31453,-0.17028,-0.13283,0.92436,-0.69,1.11,0.14,-0.23284,-0.1183,-0.19739,0.9449,-0.7,1.13,0.17,0.25619,-0.22148,-0.1513,0.92867,-0.71,1.12,0.19,0.51275,-0.27828,-0.10507,0.80537,-0.72,1.1,0.2,0.51275,-0.27828,-0.10507,0.80537,-0.68,1.07,0.1,-0.23366,-0.10266,-0.36098,0.89697,-0.68,1.09,0.14,-0.30945,-0.0263,-0.28323,0.90737,-0.67,1.11,0.17,0.19891,-0.17429,-0.30594,0.91458,-0.68,1.1,0.18,0.45636,-0.30283,-0.24462,0.80012,-0.7,1.09,0.19,0.45636,-0.30283,-0.24462,0.80012,-0.81,1.08,0.19
-0.79,1.45,-0.16,-0.79,1.45,-0.16,-0.85,1.09,0.11,0.32168,-0.05913,-0.14674,-0.93354,-0.86,1.06,0.06,0.32168,-0.05913,-0.14674,-0.93354,-0.83,1.07,0.09,0.40883,-0.16116,0.53404,-0.72228,-0.8,1.09,0.11,0.17819,0.00642,0.48073,-0.85855,-0.8,1.1,0.14,0.07095,0.02037,0.55369,-0.82945,-0.8,1.1,0.16,0.07095,0.02037,0.55369,-0.82945,-0.84,1.08,0.09,0.32168,-0.05913,-0.14674,-0.93354,-0.83,1.12,0.13,0.00533,-0.10937,-0.06852,-0.99162,-0.82,1.12,0.17,-0.38982,-0.13122,-0.0452,-0.91037,-0.82,1.1,0.18,-0.54776,-0.10977,-0.02795,-0.82893,-0.81,1.08,0.19,-0.54776,-0.10977,-0.02795,-0.82893,-0.85,1.07,0.09,0.32168,-0.05913,-0.14674,-0.93354,-0.85,1.11,0.13,0.07742,-0.07994,-0.14442,-0.98324,-0.85,1.12,0.17,-0.35259,-0.13601,-0.10881,-0.91942,-0.84,1.1,0.19,-0.55192,-0.14193,-0.13822,-0.81002,-0.83,1.08,0.2,-0.55192,-0.14193,-0.13822,-0.81002,-0.87,1.07,0.09,0.32168,-0.05913,-0.14674,-0.93354,-0.87,1.1,0.13,0.15471,-0.05248,-0.20626,-0.96476,-0.87,1.11,0.17,-0.31698,-0.16237,-0.19505,-0.91385,-0.86,1.1,0.19,-0.55543,-0.23144,-0.16744,-0.78096,-0.85,1.08,0.2,-0.55543,-0.23144,-0.16744,-0.78096,-0.88,1.07,0.09,0.26147,0.00449,-0.37939,-0.88751,-0.89,1.09,0.13,0.20031,-0.04446,-0.28322,-0.93685,-0.89,1.1,0.16,-0.2302,-0.1556,-0.30834,-0.90979,-0.88,1.09,0.18,-0.45157,-0.27597,-0.26408,-0.80634,-0.86,1.08,0.19,-0.45157,-0.27597,-0.26408,-0.80634,-0.7,1.09,0.11,-0.30226,-0.15525,-0.13244,0.93113,-0.69,1.06,0.06,-0.30226,-0.15525,-0.13244,0.93113,-0.73,1.07,0.09,-0.42965,-0.22361,0.54522,0.6842,-0.75,1.08,0.11,-0.25275,-0.08318,0.50521,0.82095,-0.76,1.09,0.13,-0.1999,-0.09122,0.58668,0.77944,-0.77,1.1,0.16,-0.1999,-0.09122,0.58668,0.77944,-0.71,1.08,0.09,-0.30226,-0.15525,-0.13244,0.93113,-0.73,1.11,0.13,0.05995,-0.25414,0.0354,0.96466,-0.75,1.11,0.16,0.44022,-0.22163,0.10715,0.86348,-0.75,1.09,0.18,0.58975,-0.17155,0.14051,0.77655,-0.76,1.07,0.18,0.58975,-0.17155,0.14051,0.77655,-0.7,1.07,0.09,-0.30226,-0.15525,-0.13244,0.93113,-0.71,1.11,0.14,-0.07169,-0.17174,-0.10658,0.97673,-0.72,1.12,0.18,0.24771,-0.19725,-0.0583,0.94675,-0.73,1.11,0.2,0.42335,-0.196,-0.08108,0.88079,-0.74,1.09,0.21,0.42335,-0.196,-0.08108,0.88079,-0.68,1.07,0.1,-0.30226,-0.15525,-0.13244,0.93113,-0.69,1.1,0.14,-0.20683,-0.10387,-0.19605,0.95289,-0.69,1.12,0.17,0.20184,-0.19354,-0.17318,0.94436,-0.71,1.11,0.2,0.44078,-0.25657,-0.138,0.84902,-0.72,1.1,0.21,0.44078,-0.25657,-0.138,0.84902,-0.68,1.07,0.1,-0.22482,-0.08462,-0.36056,0.90127,-0.67,1.09,0.14,-0.31004,0.01826,-0.28241,0.90762,-0.67,1.11,0.17,0.14549,-0.11835,-0.33234,0.92432,-0.67,1.1,0.18,0.38962,-0.2525,-0.28904,0.8372,-0.69,1.09,0.2,0.38962,-0.2525,-0.28904,0.8372,-0.81,1.08,0.19
-0.79,1.45,-0.16,-0.79,1.45,-0.16,-0.85,1.09,0.11,0.31972,-0.06152,-0.14884,-0.93372,-0.86,1.06,0.06,0.31972,-0.06152,-0.14884,-0.93372,-0.83,1.07,0.09,0.40707,-0.16386,0.53393,-0.72275,-0.8,1.09,0.11,0.17456,0.00491,0.48157,-0.85883,-0.8,1.1,0.14,0.06718,0.01879,0.55448,-0.82927,-0.8,1.1,0.16,0.06718,0.01879,0.55448,-0.82927,-0.84,1.08,0.09,0.31972,-0.06152,-0.14884,-0.93372,-0.83,1.12,0.13,0.00784,-0.11156,-0.07077,-0.9912,-0.82,1.12,0.17,-0.39276,-0.13446,-0.04557,-0.90862,-0.82,1.1,0.18,-0.55502,-0.11323,-0.02691,-0.82366,-0.81,1.08,0.19,-0.55502,-0.11323,-0.02691,-0.82366,-0.85,1.07,0.09,0.31972,-0.06152,-0.14884,-0.93372,-0.85,1.11,0.13,0.07297,-0.0836,-0.14532,-0.98314,-0.85,1.12,0.17,-0.3572,-0.13972,-0.10797,-0.91719,-0.84,1.1,0.19,-0.55822,-0.14524,-0.13632,-0.80543,-0.83,1.08,0.2,-0.55822,-0.14524,-0.13632,-0.80543,-0.87,1.07,0.09,0.31972,-0.06152,-0.14884,-0.93372,-0.87,1.1,0.13,0.15344,-0.05601,-0.20739,-0.96453,-0.87,1.11,0.17,-0.32078,-0.1665,-0.19396,-0.91201,-0.86,1.1,0.19,-0.56151,-0.23542,-0.16469,-0.77599,-0.85,1.08,0.2,-0.56151,-0.23542,-0.16469,-0.77599,-0.88,1.07,0.09,0.25878,0.00257,-0.38114,-0.88756,-0.89,1.09,0.13,0.20304,-0.04631,-0.28453,-0.93577,-0.89,1.1,0.16,-0.2341,-0.16023,-0.30785,-0.90816,-0.88,1.09,0.18,-0.46439,-0.28301,-0.25969,-0.798,-0.86,1.08,0.19,-0.46439,-0.28301,-0.25969,-0.798,-0.7,1.09,0.11,-0.30215,-0.1552,-0.13766,0.93042,-0.69,1.06,0.06,-0.30215,-0.1552,-0.13766,0.93042,-0.73,1.07,0.09,-0.42975,-0.2284,0.542,0.68512,-0.75,1.08,0.11,-0.24628,-0.08485,0.50422,0.82335,-0.76,1.09,0.13,-0.2064,-0.10285,0.58505,0.77752,-0.77,1.1,0.15,-0.2064,-0.10285,0.58505,0.77752,-0.71,1.08,0.09,-0.30215,-0.1552,-0.13766,0.93042,-0.73,1.11,0.13,0.06414,-0.25425,0.03054,0.96453,-0.75,1.11,0.16,0.43542,-0.22453,0.10047,0.86597,-0.75,1.09,0.18,0.58281,-0.17608,0.1336,0.78197,-0.76,1.07,0.18,0.58281,-0.17608,0.1336,0.78197,-0.7,1.07,0.09,-0.30215,-0.1552,-0.13766,0.93042,-0.71,1.11,0.14,0.0203,-0.19552,-0.08518,0.97678,-0.72,1.11,0.17,0.30164,-0.21051,-0.03793,0.92912,-0.74,1.1,0.19,0.44423,-0.2015,-0.06203,0.87075,-0.74,1.08,0.21,0.44423,-0.2015,-0.06203,0.87075,-0.68,1.07,0.1,-0.30215,-0.1552,-0.13766,0.93042,-0.69,1.1,0.14,-0.12978,-0.12663,-0.18859,0.96517,-0.7,1.12,0.18,0.24039,-0.20192,-0.1659,0.93484,-0.71,1.11,0.2,0.44495,-0.25828,-0.13681,0.84652,-0.72,1.09,0.21,0.44495,-0.25828,-0.13681,0.84652,-0.68,1.07,0.1,-0.224,-0.08474,-0.36545,0.89949,-0.68,1.09,0.14,-0.31067,0.02421,-0.28766,0.90562,-0.67,1.11,0.17,0.114,-0.10488,-0.34176,0.92693,-0.67,1.1,0.18,0.3115,-0.22626,-0.31129,0.86883,-0.69,1.1,0.2,0.3115,-0.22626,-0.31129,0.86883,-0.81,1.08,0.19
-0.79,1.45,-0.15,-0.79,1.45,-0.15,-0.85,1.09,0.11,0.32486,-0.06818,-0.14347,-0.93233,-0.86,1.06,0.06,0.32486,-0.06818,-0.14347,-0.93233,-0.82,1.07,0.09,0.41126,-0.1655,0.53957,-0.71578,-0.8,1.09,0.11,0.1809,0.00437,0.4878,-0.854,-0.8,1.1,0.14,0.07472,0.01886,0.56076,-0.82439,-0.8,1.1,0.16,0.07472,0.01886,0.56076,-0.82439,-0.84,1.08,0.09,0.32486,-0.06818,-0.14347,-0.93233,-0.83,1.12,0.13,0.01203,-0.1144,-0.06442,-0.99127,-0.82,1.12,0.17,-0.39918,-0.13506,-0.03709,-0.90611,-0.82,1.1,0.18,-0.56439,-0.11235,-0.01768,-0.81764,-0.81,1.08,0.19,-0.56439,-0.11235,-0.01768,-0.81764,-0.85,1.07,0.09,0.32486,-0.06818,-0.14347,-0.93233,-0.85,1.11,0.13,0.07112,-0.08988,-0.1378,-0.98381,-0.85,1.12,0.17,-0.3643,-0.14267,-0.09771,-0.91509,-0.84,1.1,0.19,-0.56971,-0.14578,-0.12523,-0.79906,-0.83,1.08,0.2,-0.56971,-0.14578,-0.12523,-0.79906,-0.87,1.07,0.09,0.32486,-0.06818,-0.14347,-0.93233,-0.87,1.1,0.13,0.15447,-0.06357,-0.20061,-0.96533,-0.87,1.12,0.17,-0.32561,-0.17096,-0.18362,-0.91161,-0.86,1.1,0.19,-0.57095,-0.23732,-0.15264,-0.77097,-0.84,1.08,0.19,-0.57095,-0.23732,-0.15264,-0.77097,-0.88,1.07,0.09,0.26315,-0.00504,-0.37626,-0.88834,-0.88,1.09,0.13,0.20611,-0.05514,-0.27826,-0.93651,-0.89,1.1,0.16,-0.24127,-0.16847,-0.29725,-0.90832,-0.88,1.09,0.18,-0.47954,-0.29012,-0.24513,-0.79106,-0.86,1.08,0.18,-0.47954,-0.29012,-0.24513,-0.79106,-0.7,1.1,0.11,-0.32724,-0.15465,-0.13234,0.92276,-0.69,1.06,0.06,-0.32724,-0.15465,-0.13234,0.92276,-0.73,1.07,0.09,-0.45617,-0.21614,0.53812,0.675,-0.75,1.09,0.1,-0.27017,-0.07354,0.49775,0.82088,-0.76,1.1,0.13,-0.22748,-0.08806,0.57966,0.77749,-0.77,1.1,0.15,-0.22748,-0.08806,0.57966,0.77749,-0.71,1.08,0.09,-0.32724,-0.15465,-0.13234,0.92276,-0.73,1.12,0.13,0.02198,-0.23573,0.01961,0.97137,-0.75,1.12,0.16,0.41067,-0.21159,0.08616,0.8827,-0.75,1.1,0.17,0.56243,-0.1658,0.1166,0.80162,-0.76,1.08,0.18,0.56243,-0.1658,0.1166,0.80162,-0.7,1.08,0.09,-0.32724,-0.15465,-0.13234,0.92276,-0.71,1.12,0.13,0.03904,-0.20326,-0.06566,0.97614,-0.72,1.12,0.17,0.32593,-0.21222,-0.01552,0.92114,-0.73,1.1,0.19,0.46434,-0.19852,-0.03971,0.86221,-0.74,1.08,0.2,0.46434,-0.19852,-0.03971,0.86221,-0.68,1.07,0.1,-0.32724,-0.15465,-0.13234,0.92276,-0.69,1.11,0.14,-0.08731,-0.14872,-0.16973,0.97028,-0.7,1.12,0.17,0.28629,-0.21427,-0.14009,0.92331,-0.71,1.1,0.19,0.4835,-0.263,-0.11112,0.82747,-0.73,1.09,0.2,0.4835,-0.263,-0.11112,0.82747,-0.68,1.07,0.1,-0.24929,-0.09038,-0.36225,0.89356,-0.67,1.09,0.14,-0.32647,0.01236,-0.28705,0.90048,-0.67,1.11,0.16,0.11892,-0.1238,-0.33437,0.92668,-0.67,1.11,0.18,0.31432,-0.24217,-0.30042,0.86735,-0.69,1.1,0.2,0.31432,-0.24217,-0.30042,0.86735,-0.81,1.08,0.19
-0.79,1.45,-0.15,-0.79,1.45,-0.15,-0.85,1.09,0.11,0.32346,-0.07664,-0.1362,-0.93325,-0.86,1.06,0.06,0.32346,-0.07664,-0.1362,-0.93325,-0.82,1.07,0.09,0.41204,-0.17392,0.54486,-0.7093,-0.8,1.09,0.11,0.18407,-0.00288,0.4958,-0.8487,-0.8,1.1,0.14,0.08208,0.01048,0.56945,-0.81785,-0.79,1.1,0.16,0.08208,0.01048,0.56945,-0.81785,-0.84,1.08,0.09,0.32346,-0.07664,-0.1362,-0.93325,-0.83,1.12,0.13,0.00863,-0.11788,-0.05618,-0.9914,-0.82,1.12,0.17,-0.40672,-0.1349,-0.02752,-0.90312,-0.81,1.1,0.18,-0.57213,-0.11037,-0.00792,-0.81267,-0.81,1.08,0.19,-0.57213,-0.11037,-0.00792,-0.81267,-0.85,1.07,0.09,0.32346,-0.07664,-0.1362,-0.93325,-0.85,1.12,0.13,0.06267,-0.0965,-0.12821,-0.98505,-0.84,1.12,0.17,-0.37435,-0.14452,-0.08594,-0.91192,-0.84,1.1,0.19,-0.58,-0.14431,-0.11318,-0.79371,-0.83,1.08,0.2,-0.58,-0.14431,-0.11318,-0.79371,-0.87,1.07,0.09,0.32346,-0.07664,-0.1362,-0.93325,-0.87,1.1,0.13,0.14498,-0.07183,-0.19153,-0.96806,-0.87,1.12,0.17,-0.33674,-0.1737,-0.17177,-0.90936,-0.85,1.1,0.19,-0.58264,-0.23644,-0.14051,-0.76478,-0.84,1.08,0.19,-0.58264,-0.23644,-0.14051,-0.76478,-0.88,1.07,0.09,0.26105,-0.01268,-0.36905,-0.8919,-0.88,1.09,0.13,0.19678,-0.06461,-0.27014,-0.94028,-0.88,1.1,0.16,-0.25841,-0.17454,-0.28492,-0.90641,-0.87,1.09,0.18,-0.49837,-0.29292,-0.23161,-0.78242,-0.86,1.08,0.18,-0.49837,-0.29292,-0.23161,-0.78242,-0.7,1.1,0.11,-0.34269,-0.14944,-0.12359,0.91922,-0.69,1.06,0.06,-0.34269,-0.14944,-0.12359,0.91922,-0.73,1.07,0.09,-0.46517,-0.21016,0.54369,0.66622,-0.75,1.09,0.1,-0.27952,-0.06598,0.50219,0.81567,-0.76,1.1,0.13,-0.2154,-0.06447,0.58422,0.77983,-0.77,1.11,0.15,-0.2154,-0.06447,0.58422,0.77983,-0.71,1.08,0.09,-0.34269,-0.14944,-0.12359,0.91922,-0.73,1.12,0.13,-0.058,-0.21603,0.00024,0.97466,-0.74,1.12,0.16,0.34441,-0.20281,0.06223,0.91454,-0.75,1.11,0.18,0.50597,-0.16157,0.09002,0.84249,-0.76,1.09,0.19,0.50597,-0.16157,0.09002,0.84249,-0.7,1.08,0.09,-0.34269,-0.14944,-0.12359,0.91922,-0.71,1.12,0.13,0.01943,-0.19603,-0.0592,0.97862,-0.72,1.12,0.17,0.34145,-0.20392,-0.00416,0.9175,-0.73,1.1,0.19,0.49364,-0.18749,-0.02775,0.84876,-0.74,1.08,0.2,0.49364,-0.18749,-0.02775,0.84876,-0.68,1.08,0.1,-0.34269,-0.14944,-0.12359,0.91922,-0.69,1.11,0.14,-0.08996,-0.14756,-0.15943,0.97197,-0.7,1.12,0.17,0.31995,-0.21409,-0.1237,0.9146,-0.71,1.11,0.19,0.53241,-0.25956,-0.09186,0.80046,-0.72,1.09,0.2,0.53241,-0.25956,-0.09186,0.80046,-0.67,1.07,0.1,-0.26662,-0.08887,-0.35531,0.8915,-0.67,1.1,0.14,-0.32452,-0.00472,-0.28009,0.90345,-0.67,1.11,0.16,0.19063,-0.15816,-0.31303,0.91687,-0.68,1.11,0.18,0.42388,-0.28252,-0.26349,0.8192,-0.69,1.1,0.19,0.42388,-0.28252,-0.26349,0.8192,-0.81,1.08,0.19
-0.79,1.45,-0.15,-0.79,1.45,-0.15,-0.85,1.09,0.11,0.31698,-0.0738,-0.14445,-0.93446,-0.86,1.06,0.06,0.31698,-0.0738,-0.14445,-0.93446,-0.82,1.07,0.09,0.41055,-0.17769,0.53565,-0.7162,-0.8,1.09,0.11,0.18419,-0.01137,0.48738,-0.85347,-0.8,1.1,0.14,0.08656,-0.00138,0.56254,-0.82223,-0.79,1.1,0.16,0.08656,-0.00138,0.56254,-0.82223,-0.84,1.08,0.09,0.31698,-0.0738,-0.14445,-0.93446,-0.83,1.12,0.13,0.01087,-0.11733,-0.06646,-0.99081,-0.82,1.12,0.17,-0.40035,-0.13855,-0.0377,-0.90504,-0.82,1.1,0.18,-0.5659,-0.11592,-0.01751,-0.8161,-0.81,1.08,0.19,-0.5659,-0.11592,-0.01751,-0.8161,-0.85,1.07,0.09,0.31698,-0.0738,-0.14445,-0.93446,-0.85,1.11,0.13,0.05985,-0.09462,-0.13762,-0.98414,-0.85,1.12,0.17,-0.37187,-0.14642,-0.09595,-0.91163,-0.84,1.1,0.19,-0.57442,-0.14834,-0.12269,-0.7956,-0.83,1.08,0.2,-0.57442,-0.14834,-0.12269,-0.7956,-0.87,1.07,0.09,0.31698,-0.0738,-0.14445,-0.93446,-0.87,1.1,0.13,0.13782,-0.06906,-0.20033,-0.96752,-0.87,1.11,0.17,-0.33648,-0.17402,-0.18193,-0.90742,-0.85,1.1,0.19,-0.57812,-0.23915,-0.15088,-0.76539,-0.84,1.08,0.2,-0.57812,-0.23915,-0.15088,-0.76539,-0.88,1.07,0.09,0.25418,-0.00857,-0.37643,-0.89085,-0.88,1.09,0.13,0.18471,-0.062,-0.27864,-0.94043,-0.88,1.1,0.16,-0.26288,-0.17318,-0.29435,-0.90236,-0.87,1.09,0.18,-0.49262,-0.29188,-0.24395,-0.7827,-0.86,1.08,0.19,-0.49262,-0.29188,-0.24395,-0.7827,-0.7,1.1,0.11,-0.35962,-0.14147,-0.13301,0.91267,-0.69,1.06,0.06,-0.35962,-0.14147,-0.13301,0.91267,-0.72,1.08,0.09,-0.46488,-0.20016,0.55016,0.66419,-0.75,1.09,0.1,-0.27348,-0.04996,0.50694,0.81592,-0.76,1.1,0.13,-0.18728,-0.03392,0.58721,0.78674,-0.77,1.11,0.15,-0.18728,-0.03392,0.58721,0.78674,-0.71,1.08,0.09,-0.35962,-0.14147,-0.13301,0.91267,-0.73,1.12,0.13,-0.11087,-0.20398,-0.02322,0.9724,-0.74,1.13,0.16,0.29024,-0.20274,0.03519,0.93457,-0.75,1.12,0.18,0.45392,-0.16704,0.06122,0.8731,-0.75,1.1,0.19,0.45392,-0.16704,0.06122,0.8731,-0.7,1.08,0.09,-0.35962,-0.14147,-0.13301,0.91267,-0.7,1.12,0.13,-0.03642,-0.18789,-0.0793,0.97831,-0.72,1.13,0.17,0.33071,-0.20446,-0.01665,0.92117,-0.73,1.11,0.19,0.50672,-0.1904,-0.03724,0.84,-0.74,1.09,0.2,0.50672,-0.1904,-0.03724,0.84,-0.68,1.08,0.1,-0.35962,-0.14147,-0.13301,0.91267,-0.69,1.11,0.13,-0.11931,-0.14238,-0.17223,0.96738,-0.7,1.12,0.17,0.33492,-0.22175,-0.1275,0.90686,-0.71,1.11,0.19,0.57128,-0.26901,-0.08715,0.77051,-0.72,1.09,0.19,0.57128,-0.26901,-0.08715,0.77051,-0.67,1.07,0.1,-0.28345,-0.08575,-0.36559,0.88241,-0.67,1.1,0.14,-0.332,-0.01611,-0.28923,0.8977,-0.67,1.12,0.16,0.2292,-0.18868,-0.30754,0.90404,-0.68,1.11,0.18,0.4994,-0.32141,-0.23681,0.76891,-0.69,1.1,0.18,0.4994,-0.32141,-0.23681,0.76891,-0.81,1.08,0.19
-0.79,1.45,-0.16,-0.79,1.45,-0.16,-0.85,1.09,0.11,0.31404,-0.07069,-0.15524,-0.93396,-0.86,1.06,0.06,0.31404,-0.07069,-0.15524,-0.93396,-0.82,1.07,0.09,0.41377,-0.17965,0.5234,-0.72289,-0.8,1.09,0.11,0.18871,-0.01922,0.47528,-0.85914,-0.8,1.1,0.14,0.09343,-0.01116,0.552,-0.82852,-0.79,1.1,0.16,0.09343,-0.01116,0.552,-0.82852,-0.84,1.08,0.09,0.31404,-0.07069,-0.15524,-0.93396,-0.83,1.12,0.13,0.02025,-0.11712,-0.07945,-0.98973,-0.82,1.12,0.17,-0.38583,-0.14362,-0.05044,-0.90992,-0.82,1.1,0.18,-0.5517,-0.12336,-0.02968,-0.82434,-0.81,1.08,0.19,-0.5517,-0.12336,-0.02968,-0.82434,-0.85,1.07,0.09,0.31404,-0.07069,-0.15524,-0.93396,-0.85,1.11,0.13,0.06506,-0.09238,-0.15007,-0.9822,-0.85,1.12,0.17,-0.36557,-0.14976,-0.10823,-0.91226,-0.84,1.1,0.19,-0.56625,-0.15452,-0.13409,-0.79844,-0.83,1.08,0.2,-0.56625,-0.15452,-0.13409,-0.79844,-0.87,1.07,0.09,0.31404,-0.07069,-0.15524,-0.93396,-0.87,1.1,0.13,0.13541,-0.06654,-0.21182,-0.96559,-0.87,1.11,0.17,-0.33309,-0.17623,-0.19393,-0.90575,-0.86,1.1,0.19,-0.57019,-0.24411,-0.16254,-0.76738,-0.84,1.08,0.2,-0.57019,-0.24411,-0.16254,-0.76738,-0.88,1.07,0.09,0.25048,-0.00522,-0.38642,-0.88764,-0.88,1.09,0.13,0.17659,-0.05977,-0.28979,-0.93876,-0.88,1.1,0.16,-0.25827,-0.17196,-0.30665,-0.89983,-0.87,1.09,0.18,-0.47293,-0.28992,-0.26035,-0.79026,-0.86,1.08,0.19,-0.47293,-0.28992,-0.26035,-0.79026,-0.7,1.1,0.11,-0.37343,-0.14456,-0.1376,0.90594,-0.69,1.06,0.06,-0.37343,-0.14456,-0.1376,0.90594,-0.72,1.08,0.09,-0.46854,-0.19378,0.55653,0.65817,-0.75,1.09,0.1,-0.27515,-0.03987,0.51214,0.81265,-0.76,1.1,0.13,-0.17925,-0.01674,0.59094,0.78637,-0.77,1.11,0.15,-0.17925,-0.01674,0.59094,0.78637,-0.71,1.08,0.09,-0.37343,-0.14456,-0.1376,0.90594,-0.72,1.13,0.12,-0.13513,-0.20298,-0.03144,0.9693,-0.74,1.14,0.16,0.26342,-0.20579,0.0267,0.9421,-0.75,1.12,0.17,0.42386,-0.17209,0.05153,0.88773,-0.75,1.11,0.19,0.42386,-0.17209,0.05153,0.88773,-0.7,1.08,0.09,-0.37343,-0.14456,-0.1376,0.90594,-0.7,1.13,0.13,-0.07526,-0.1885,-0.08864,0.97516,-0.72,1.13,0.17,0.31948,-0.20959,-0.01925,0.92392,-0.73,1.12,0.18,0.50865,-0.19646,-0.0373,0.83743,-0.74,1.1,0.2,0.50865,-0.19646,-0.0373,0.83743,-0.68,1.08,0.09,-0.37343,-0.14456,-0.1376,0.90594,-0.69,1.12,0.13,-0.15298,-0.14441,-0.17918,0.96106,-0.7,1.13,0.17,0.32419,-0.23097,-0.12704,0.90852,-0.71,1.11,0.18,0.57299,-0.27854,-0.08073,0.76654,-0.72,1.1,0.19,0.57299,-0.27854,-0.08073,0.76654,-0.67,1.07,0.1,-0.29566,-0.09263,-0.37052,0.87562,-0.67,1.1,0.14,-0.3542,-0.02621,-0.29354,0.88752,-0.67,1.12,0.16,0.22623,-0.20784,-0.30135,0.90267,-0.68,1.11,0.17,0.51447,-0.34198,-0.21744,0.75571,-0.69,1.1,0.18,0.51447,-0.34198,-0.21744,0.75571,-0.81,1.08,0.19
-0.79,1.45,-0.16,-0.79,1.45,-0.16,-0.85,1.1,0.11,0.33546,-0.06707,-0.17797,-0.92266,-0.86,1.06,0.06,0.33546,-0.06707,-0.17797,-0.92266,-0.83,1.08,0.09,0.43265,-0.16455,0.5097,-0.72522,-0.8,1.09,0.1,0.20455,-0.00919,0.45697,-0.86559,-0.8,1.1,0.13,0.1071,-0.00071,0.53425,-0.83851,-0.79,1.11,0.16,0.1071,-0.00071,0.53425,-0.83851,-0.84,1.08,0.09,0.33546,-0.06707,-0.17797,-0.92266,-0.83,1.12,0.13,0.04092,-0.11917,-0.10223,-0.98675,-0.83,1.12,0.16,-0.37425,-0.15592,-0.06877,-0.91153,-0.82,1.11,0.18,-0.54162,-0.13904,-0.04562,-0.82779,-0.81,1.09,0.19,-0.54162,-0.13904,-0.04562,-0.82779,-0.85,1.08,0.09,0.33546,-0.06707,-0.17797,-0.92266,-0.86,1.12,0.13,0.09582,-0.09279,-0.17461,-0.97556,-0.85,1.13,0.17,-0.35153,-0.16341,-0.12718,-0.91299,-0.84,1.11,0.19,-0.55619,-0.17323,-0.14911,-0.79901,-0.83,1.09,0.2,-0.55619,-0.17323,-0.14911,-0.79901,-0.87,1.07,0.09,0.33546,-0.06707,-0.17797,-0.92266,-0.87,1.11,0.13,0.15854,-0.06758,-0.23573,-0.95642,-0.87,1.12,0.17,-0.31191,-0.19004,-0.21314,-0.90618,-0.86,1.11,0.19,-0.54836,-0.2629,-0.17684,-0.7739,-0.84,1.09,0.2,-0.54836,-0.2629,-0.17684,-0.7739,-0.88,1.07,0.09,0.26898,-0.00815,-0.40916,-0.87188,-0.89,1.09,0.13,0.1837,-0.0659,-0.3129,-0.92952,-0.89,1.1,0.16,-0.24056,-0.18531,-0.32557,-0.89543,-0.88,1.09,0.18,-0.44285,-0.30411,-0.27785,-0.79637,-0.86,1.08,0.19,-0.44285,-0.30411,-0.27785,-0.79637,-0.7,1.1,0.11,-0.35522,-0.14624,-0.11122,0.91655,-0.69,1.06,0.06,-0.35522,-0.14624,-0.11122,0.91655,-0.73,1.07,0.09,-0.43939,-0.20661,0.58344,0.65104,-0.75,1.08,0.11,-0.24488,-0.03949,0.54384,0.80169,-0.76,1.09,0.13,-0.14566,-0.01329,0.61967,0.77111,-0.77,1.1,0.16,-0.14566,-0.01329,0.61967,0.77111,-0.72,1.08,0.09,-0.35522,-0.14624,-0.11122,0.91655,-0.73,1.12,0.13,-0.09458,-0.19791,-0.00237,0.97564,-0.74,1.13,0.16,0.31171,-0.18818,0.05284,0.92986,-0.75,1.11,0.18,0.46746,-0.14979,0.07538,0.86796,-0.75,1.09,0.19,0.46746,-0.14979,0.07538,0.86796,-0.7,1.08,0.09,-0.35522,-0.14624,-0.11122,0.91655,-0.71,1.12,0.13,-0.04299,-0.18253,-0.06111,0.98036,-0.72,1.12,0.17,0.35898,-0.19274,0.00522,0.91321,-0.73,1.11,0.19,0.5481,-0.17241,-0.01595,0.8183,-0.74,1.09,0.2,0.5481,-0.17241,-0.01595,0.8183,-0.68,1.08,0.1,-0.35522,-0.14624,-0.11122,0.91655,-0.69,1.11,0.13,-0.1437,-0.13717,-0.15427,0.96785,-0.7,1.12,0.17,0.34851,-0.21391,-0.10624,0.90637,-0.71,1.11,0.19,0.60132,-0.25585,-0.06505,0.75413,-0.72,1.09,0.19,0.60132,-0.25585,-0.06505,0.75413,-0.68,1.07,0.1,-0.2812,-0.08851,-0.3446,0.89126,-0.67,1.1,0.14,-0.36438,-0.01626,-0.26545,0.89247,-0.67,1.12,0.16,0.22887,-0.18714,-0.28325,0.91234,-0.68,1.11,0.18,0.53013,-0.31881,-0.20464,0.75858,-0.69,1.1,0.18,0.53013,-0.31881,-0.20464,0.75858,-0.81,1.08,0.19
