-0.8,1.44,-0.15,-0.8,1.44,-0.15,-0.85,1.1,0.11,0.37001,-0.05942,-0.12392,-0.91881,-0.86,1.06,0.06,0.37001,-0.05942,-0.12392,-0.91881,-0.82,1.08,0.09,0.47696,-0.15946,0.52115,-0.68956,-0.8,1.09,0.1,0.2449,0.00157,0.46827,-0.84897,-0.79,1.11,0.13,0.11359,0.03658,0.54152,-0.83217,-0.79,1.11,0.15,0.11359,0.03658,0.54152,-0.83217,-0.84,1.08,0.09,0.37001,-0.05942,-0.12392,-0.91881,-0.83,1.12,0.13,0.12426,-0.07425,-0.07046,-0.98696,-0.83,1.13,0.16,-0.25839,-0.10153,-0.06245,-0.95866,-0.82,1.12,0.18,-0.42025,-0.08429,-0.05473,-0.90182,-0.82,1.1,0.2,-0.42025,-0.08429,-0.05473,-0.90182,-0.85,1.08,0.09,0.37001,-0.05942,-0.12392,-0.91881,-0.85,1.12,0.13,0.17244,-0.06056,-0.13203,-0.97425,-0.85,1.14,0.17,-0.26069,-0.11418,-0.10596,-0.95277,-0.84,1.12,0.19,-0.45397,-0.12465,-0.14219,-0.87072,-0.84,1.11,0.2,-0.45397,-0.12465,-0.14219,-0.87072,-0.87,1.07,0.09,0.37001,-0.05942,-0.12392,-0.91881,-0.87,1.11,0.13,0.22435,-0.04611,-0.18805,-0.95508,-0.87,1.13,0.16,-0.25367,-0.15144,-0.1803,-0.9382,-0.86,1.12,0.19,-0.49123,-0.21721,-0.15681,-0.82881,-0.85,1.1,0.2,-0.49123,-0.21721,-0.15681,-0.82881,-0.88,1.07,0.09,0.31167,-0.00745,-0.36103,-0.8789,-0.89,1.1,0.13,0.24581,-0.06429,-0.2571,-0.93239,-0.89,1.11,0.16,-0.1911,-0.16651,-0.27659,-0.92696,-0.88,1.1,0.17,-0.40339,-0.27449,-0.23341,-0.8411,-0.86,1.09,0.19,-0.40339,-0.27449,-0.23341,-0.8411,-0.7,1.09,0.12,-0.33139,-0.19925,-0.11507,0.91501,-0.68,1.05,0.07,-0.33139,-0.19925,-0.11507,0.91501,-0.72,1.07,0.09,-0.45813,-0.24231,0.56646,0.64072,-0.75,1.08,0.11,-0.28205,-0.09438,0.53412,0.79136,-0.76,1.09,0.13,-0.20021,-0.07436,0.61598,0.75826,-0.77,1.09,0.15,-0.20021,-0.07436,0.61598,0.75826,-0.71,1.07,0.09,-0.33139,-0.19925,-0.11507,0.91501,-0.73,1.11,0.13,-0.11458,-0.20757,-0.03173,0.97097,-0.75,1.12,0.16,0.34984,-0.20706,0.04332,0.91261,-0.76,1.1,0.18,0.54267,-0.16667,0.07937,0.81941,-0.76,1.08,0.19,0.54267,-0.16667,0.07937,0.81941,-0.7,1.07,0.1,-0.33139,-0.19925,-0.11507,0.91501,-0.71,1.11,0.14,-0.00689,-0.21608,-0.05906,0.97456,-0.73,1.11,0.17,0.34055,-0.22298,0.00861,0.91336,-0.74,1.1,0.19,0.486,-0.20458,-0.01293,0.84958,-0.75,1.08,0.2,0.486,-0.20458,-0.01293,0.84958,-0.68,1.07,0.1,-0.33139,-0.19925,-0.11507,0.91501,-0.69,1.1,0.14,-0.11868,-0.1811,-0.1499,0.9647,-0.71,1.11,0.18,0.31329,-0.24395,-0.09561,0.9128,-0.72,1.1,0.19,0.531,-0.2818,-0.056,0.79718,-0.73,1.08,0.2,0.531,-0.2818,-0.056,0.79718,-0.68,1.07,0.11,-0.24665,-0.13519,-0.34369,0.89597,-0.68,1.09,0.15,-0.39197,-0.05182,-0.26843,0.87842,-0.68,1.11,0.17,0.17771,-0.21353,-0.2686,0.92232,-0.68,1.11,0.18,0.45998,-0.33305,-0.189,0.80111,-0.7,1.1,0.19,0.45998,-0.33305,-0.189,0.80111,-0.81,1.08,0.19
-0.8,1.44,-0.15,-0.8,1.44,-0.15,-0.85,1.1,0.11,0.35813,-0.06662,-0.1013,-0.92577,-0.86,1.06,0.06,0.35813,-0.06662,-0.1013,-0.92577,-0.82,1.07,0.09,0.46025,-0.17378,0.541,-0.68212,-0.8,1.09,0.1,0.23092,-0.00466,0.4928,-0.83893,-0.79,1.1,0.13,0.10199,0.0317,0.56525,-0.81798,-0.79,1.11,0.16,0.10199,0.0317,0.56525,-0.81798,-0.84,1.08,0.09,0.35813,-0.06662,-0.1013,-0.92577,-0.83,1.12,0.13,0.1071,-0.07521,-0.04658,-0.9903,-0.82,1.13,0.17,-0.27929,-0.09315,-0.03975,-0.95485,-0.82,1.11,0.18,-0.43947,-0.07191,-0.03326,-0.89475,-0.82,1.1,0.2,-0.43947,-0.07191,-0.03326,-0.89475,-0.85,1.07,0.09,0.35813,-0.06662,-0.1013,-0.92577,-0.85,1.12,0.13,0.13359,-0.06908,-0.10412,-0.98313,-0.85,1.13,0.17,-0.2791,-0.10779,-0.07956,-0.95087,-0.84,1.12,0.19,-0.44937,-0.11006,-0.11836,-0.87861,-0.83,1.1,0.21,-0.44937,-0.11006,-0.11836,-0.87861,-0.87,1.07,0.09,0.35813,-0.06662,-0.1013,-0.92577,-0.87,1.11,0.13,0.18267,-0.05617,-0.16142,-0.9682,-0.87,1.12,0.17,-0.25231,-0.13897,-0.15903,-0.94432,-0.86,1.11,0.19,-0.46858,-0.19688,-0.14335,-0.84919,-0.85,1.09,0.2,-0.46858,-0.19688,-0.14335,-0.84919,-0.88,1.07,0.09,0.30172,-0.01057,-0.33877,-0.89112,-0.89,1.09,0.13,0.20631,-0.07407,-0.23345,-0.94734,-0.88,1.11,0.16,-0.21302,-0.15666,-0.25389,-0.93038,-0.88,1.1,0.18,-0.39985,-0.25328,-0.22173,-0.85253,-0.86,1.09,0.19,-0.39985,-0.25328,-0.22173,-0.85253,-0.7,1.09,0.12,-0.32675,-0.19722,-0.11757,0.9168,-0.68,1.05,0.07,-0.32675,-0.19722,-0.11757,0.9168,-0.72,1.07,0.09,-0.46193,-0.24627,0.55628,0.64539,-0.75,1.08,0.11,-0.2906,-0.10567,0.52342,0.79399,-0.76,1.09,0.13,-0.21331,-0.08835,0.60676,0.76061,-0.77,1.09,0.15,-0.21331,-0.08835,0.60676,0.76061,-0.71,1.07,0.09,-0.32675,-0.19722,-0.11757,0.9168,-0.73,1.11,0.13,-0.0227,-0.24995,0.01889,0.96781,-0.75,1.11,0.16,0.41549,-0.22095,0.1033,0.87629,-0.76,1.09,0.17,0.58712,-0.1686,0.14043,0.77919,-0.76,1.07,0.18,0.58712,-0.1686,0.14043,0.77919,-0.7,1.07,0.1,-0.32675,-0.19722,-0.11757,0.9168,-0.71,1.11,0.14,-0.10997,-0.21542,-0.08081,0.96694,-0.73,1.12,0.17,0.17805,-0.23009,-0.02714,0.95636,-0.74,1.11,0.19,0.31393,-0.22625,-0.05133,0.92066,-0.75,1.1,0.21,0.31393,-0.22625,-0.05133,0.92066,-0.68,1.07,0.1,-0.32675,-0.19722,-0.11757,0.9168,-0.69,1.1,0.14,-0.2189,-0.16479,-0.17091,0.94642,-0.7,1.12,0.17,0.19475,-0.23976,-0.12415,0.94296,-0.72,1.11,0.19,0.41393,-0.28713,-0.0839,0.85976,-0.73,1.1,0.21,0.41393,-0.28713,-0.0839,0.85976,-0.67,1.07,0.11,-0.24219,-0.13206,-0.34586,0.89682,-0.68,1.09,0.15,-0.4054,-0.02495,-0.27113,0.87265,-0.67,1.11,0.17,0.15762,-0.193,-0.2862,0.9252,-0.68,1.11,0.18,0.43513,-0.31821,-0.21352,0.81475,-0.7,1.1,0.19,0.43513,-0.31821,-0.21352,0.81475,-0.81,1.08,0.19
-0.8,1.44,-0.15,-0.8,1.44,-0.15,-0.85,1.09,0.11,0.3374,-0.06855,-0.09336,-0.93421,-0.86,1.06,0.06,0.3374,-0.06855,-0.09336,-0.93421,-0.82,1.07,0.09,0.44412,-0.18486,0.54381,-0.68764,-0.8,1.08,0.11,0.21147,-0.01171,0.49927,-0.84016,-0.79,1.09,0.14,0.08435,0.02288,0.5718,-0.81573,-0.79,1.1,0.16,0.08435,0.02288,0.5718,-0.81573,-0.84,1.07,0.09,0.3374,-0.06855,-0.09336,-0.93421,-0.83,1.11,0.13,0.04898,-0.07677,-0.03431,-0.99525,-0.82,1.12,0.17,-0.34783,-0.08883,-0.02688,-0.93295,-0.82,1.1,0.19,-0.50418,-0.06484,-0.01925,-0.86095,-0.82,1.08,0.2,-0.50418,-0.06484,-0.01925,-0.86095,-0.85,1.07,0.09,0.3374,-0.06855,-0.09336,-0.93421,-0.85,1.11,0.13,0.10298,-0.07059,-0.09422,-0.98769,-0.85,1.12,0.17,-0.2933,-0.10359,-0.07167,-0.94768,-0.84,1.11,0.2,-0.45069,-0.10275,-0.11152,-0.87971,-0.83,1.09,0.21,-0.45069,-0.10275,-0.11152,-0.87971,-0.87,1.07,0.09,0.3374,-0.06855,-0.09336,-0.93421,-0.87,1.1,0.13,0.16075,-0.05549,-0.15249,-0.97356,-0.87,1.12,0.17,-0.25594,-0.13079,-0.15393,-0.94535,-0.86,1.11,0.19,-0.46023,-0.18623,-0.14219,-0.85632,-0.85,1.09,0.2,-0.46023,-0.18623,-0.14219,-0.85632,-0.88,1.07,0.1,0.28221,-0.00681,-0.32989,-0.90082,-0.88,1.09,0.13,0.18012,-0.07057,-0.22615,-0.95469,-0.88,1.1,0.16,-0.22682,-0.14522,-0.25006,-0.93002,-0.88,1.09,0.18,-0.40398,-0.23907,-0.22337,-0.85426,-0.86,1.08,0.19,-0.40398,-0.23907,-0.22337,-0.85426,-0.7,1.09,0.12,-0.30506,-0.18832,-0.12125,0.92562,-0.68,1.05,0.07,-0.30506,-0.18832,-0.12125,0.92562,-0.72,1.07,0.09,-0.44772,-0.25814,0.54667,0.65883,-0.75,1.08,0.11,-0.28901,-0.12909,0.5129,0.79796,-0.77,1.09,0.13,-0.23936,-0.1318,0.59624,0.75487,-0.78,1.09,0.15,-0.23936,-0.1318,0.59624,0.75487,-0.71,1.07,0.09,-0.30506,-0.18832,-0.12125,0.92562,-0.73,1.11,0.13,0.03364,-0.26327,0.03722,0.96342,-0.75,1.11,0.16,0.43479,-0.22748,0.11757,0.86336,-0.76,1.09,0.18,0.57804,-0.17663,0.15015,0.78238,-0.76,1.07,0.18,0.57804,-0.17663,0.15015,0.78238,-0.7,1.07,0.1,-0.30506,-0.18832,-0.12125,0.92562,-0.71,1.11,0.14,-0.13028,-0.2078,-0.09342,0.96495,-0.73,1.12,0.18,0.13606,-0.22572,-0.04652,0.96352,-0.74,1.12,0.2,0.2375,-0.22504,-0.07625,0.94188,-0.75,1.11,0.22,0.2375,-0.22504,-0.07625,0.94188,-0.68,1.07,0.1,-0.30506,-0.18832,-0.12125,0.92562,-0.69,1.1,0.14,-0.22532,-0.15085,-0.17873,0.94579,-0.7,1.12,0.18,0.15283,-0.22549,-0.14454,0.95126,-0.71,1.11,0.2,0.34405,-0.27629,-0.11303,0.89023,-0.73,1.1,0.21,0.34405,-0.27629,-0.11303,0.89023,-0.67,1.07,0.11,-0.22235,-0.11778,-0.34838,0.90295,-0.68,1.09,0.15,-0.38651,-0.00355,-0.27018,0.88182,-0.67,1.11,0.17,0.14039,-0.16176,-0.30272,0.9287,-0.68,1.1,0.19,0.39723,-0.28834,-0.24507,0.83607,-0.69,1.09,0.2,0.39723,-0.28834,-0.24507,0.83607,-0.81,1.08,0.19
-0.8,1.44,-0.15,-0.8,1.44,-0.15,-0.85,1.09,0.11,0.33423,-0.06148,-0.11671,-0.93321,-0.86,1.05,0.06,0.33423,-0.06148,-0.11671,-0.93321,-0.83,1.07,0.09,0.43597,-0.16947,0.53516,-0.70343,-0.8,1.08,0.11,0.19817,0.00229,0.48543,-0.85151,-0.8,1.09,0.14,0.07521,0.02959,0.55738,-0.82632,-0.79,1.1,0.16,0.07521,0.02959,0.55738,-0.82632,-0.84,1.07,0.09,0.33423,-0.06148,-0.11671,-0.93321,-0.83,1.11,0.13,0.03279,-0.07875,-0.05661,-0.99475,-0.83,1.12,0.17,-0.37545,-0.09964,-0.04522,-0.92036,-0.82,1.1,0.19,-0.53544,-0.07875,-0.03398,-0.84021,-0.82,1.08,0.2,-0.53544,-0.07875,-0.03398,-0.84021,-0.85,1.07,0.09,0.33423,-0.06148,-0.11671,-0.93321,-0.85,1.11,0.13,0.09475,-0.06985,-0.11811,-0.986,-0.85,1.12,0.17,-0.29752,-0.1119,-0.09422,-0.94344,-0.84,1.11,0.2,-0.45555,-0.11448,-0.13209,-0.87288,-0.83,1.09,0.21,-0.45555,-0.11448,-0.13209,-0.87288,-0.87,1.07,0.09,0.33423,-0.06148,-0.11671,-0.93321,-0.87,1.1,0.13,0.1584,-0.05186,-0.17668,-0.97006,-0.87,1.11,0.17,-0.25196,-0.13656,-0.17784,-0.9414,-0.86,1.1,0.19,-0.4538,-0.19703,-0.16414,-0.85341,-0.85,1.09,0.21,-0.4538,-0.19703,-0.16414,-0.85341,-0.88,1.06,0.1,0.27735,0.00012,-0.35197,-0.89398,-0.89,1.09,0.13,0.17181,-0.06132,-0.25239,-0.95028,-0.89,1.1,0.16,-0.23167,-0.14649,-0.27733,-0.92085,-0.88,1.09,0.18,-0.40669,-0.24591,-0.24969,-0.84368,-0.86,1.08,0.19,-0.40669,-0.24591,-0.24969,-0.84368,-0.7,1.09,0.12,-0.30572,-0.1814,-0.12428,0.92638,-0.68,1.06,0.07,-0.30572,-0.1814,-0.12428,0.92638,-0.72,1.07,0.09,-0.44637,-0.24934,0.54472,0.66472,-0.75,1.08,0.11,-0.28479,-0.11916,0.50907,0.80346,-0.76,1.09,0.13,-0.24316,-0.12924,0.59157,0.75777,-0.78,1.09,0.15,-0.24316,-0.12924,0.59157,0.75777,-0.71,1.07,0.09,-0.30572,-0.1814,-0.12428,0.92638,-0.73,1.11,0.13,0.0475,-0.2627,0.04066,0.96285,-0.75,1.11,0.16,0.44149,-0.22598,0.11893,0.86016,-0.75,1.09,0.18,0.58139,-0.17535,0.15078,0.78006,-0.76,1.07,0.18,0.58139,-0.17535,0.15078,0.78006,-0.7,1.07,0.1,-0.30572,-0.1814,-0.12428,0.92638,-0.71,1.11,0.14,-0.02405,-0.22099,-0.06758,0.97263,-0.73,1.11,0.18,0.25966,-0.23047,-0.01343,0.9377,-0.74,1.1,0.2,0.3704,-0.22012,-0.04026,0.90152,-0.75,1.09,0.21,0.3704,-0.22012,-0.04026,0.90152,-0.68,1.07,0.1,-0.30572,-0.1814,-0.12428,0.92638,-0.69,1.1,0.14,-0.13036,-0.16551,-0.16423,0.96366,-0.7,1.11,0.18,0.26192,-0.23167,-0.12417,0.92861,-0.71,1.1,0.2,0.4526,-0.27632,-0.09332,0.84267,-0.73,1.09,0.21,0.4526,-0.27632,-0.09332,0.84267,-0.67,1.07,0.11,-0.22399,-0.11116,-0.35169,0.9021,-0.68,1.09,0.15,-0.36189,0.00366,-0.27389,0.89107,-0.67,1.11,0.17,0.1648,-0.15526,-0.31009,0.92335,-0.68,1.1,0.19,0.40535,-0.2804,-0.25903,0.83065,-0.69,1.09,0.2,0.40535,-0.2804,-0.25903,0.83065,-0.81,1.08,0.19
-0.79,1.44,-0.15,-0.79,1.44,-0.15,-0.85,1.09,0.11,0.33539,-0.05584,-0.12027,-0.9327,-0.86,1.05,0.06,0.33539,-0.05584,-0.12027,-0.9327,-0.83,1.07,0.09,0.42823,-0.16039,0.53955,-0.70695,-0.8,1.08,0.11,0.19035,0.01319,0.48677,-0.85244,-0.8,1.09,0.14,0.07432,0.03456,0.55816,-0.82567,-0.8,1.1,0.16,0.07432,0.03456,0.55816,-0.82567,-0.84,1.07,0.09,0.33539,-0.05584,-0.12027,-0.9327,-0.83,1.11,0.13,0.04191,-0.07544,-0.06159,-0.99436,-0.83,1.12,0.17,-0.36702,-0.09888,-0.05105,-0.92353,-0.82,1.1,0.19,-0.52981,-0.07923,-0.03986,-0.84347,-0.82,1.08,0.2,-0.52981,-0.07923,-0.03986,-0.84347,-0.85,1.07,0.09,0.33539,-0.05584,-0.12027,-0.9327,-0.85,1.11,0.13,0.09192,-0.06601,-0.12251,-0.98599,-0.85,1.12,0.18,-0.30175,-0.11022,-0.09958,-0.94175,-0.84,1.11,0.2,-0.46149,-0.11368,-0.1375,-0.86902,-0.84,1.09,0.21,-0.46149,-0.11368,-0.1375,-0.86902,-0.87,1.07,0.09,0.33539,-0.05584,-0.12027,-0.9327,-0.87,1.1,0.13,0.15504,-0.0472,-0.18124,-0.96999,-0.87,1.11,0.17,-0.25332,-0.13377,-0.18411,-0.94023,-0.86,1.1,0.19,-0.45406,-0.19558,-0.17098,-0.85226,-0.85,1.09,0.21,-0.45406,-0.19558,-0.17098,-0.85226,-0.88,1.06,0.1,0.27915,0.0052,-0.35558,-0.89197,-0.89,1.09,0.13,0.16665,-0.05256,-0.2591,-0.94991,-0.89,1.1,0.16,-0.23146,-0.13951,-0.28727,-0.91894,-0.88,1.09,0.18,-0.4012,-0.23984,-0.2619,-0.84435,-0.87,1.08,0.19,-0.4012,-0.23984,-0.2619,-0.84435,-0.7,1.09,0.12,-0.32735,-0.17734,-0.12216,0.92004,-0.68,1.06,0.07,-0.32735,-0.17734,-0.12216,0.92004,-0.72,1.07,0.09,-0.46126,-0.23255,0.54708,0.65869,-0.75,1.08,0.11,-0.30021,-0.10262,0.50761,0.80105,-0.76,1.09,0.13,-0.25425,-0.10917,0.59058,0.75806,-0.78,1.1,0.15,-0.25425,-0.10917,0.59058,0.75806,-0.71,1.07,0.09,-0.32735,-0.17734,-0.12216,0.92004,-0.73,1.11,0.13,0.02749,-0.25673,0.04337,0.96512,-0.75,1.11,0.16,0.4305,-0.21906,0.12066,0.86725,-0.75,1.09,0.18,0.57371,-0.16789,0.15144,0.78723,-0.76,1.07,0.18,0.57371,-0.16789,0.15144,0.78723,-0.7,1.07,0.1,-0.32735,-0.17734,-0.12216,0.92004,-0.71,1.11,0.14,0.00645,-0.22786,-0.0478,0.9725,-0.73,1.11,0.17,0.30979,-0.23072,0.01268,0.9223,-0.74,1.1,0.19,0.43909,-0.21415,-0.01075,0.87248,-0.75,1.08,0.21,0.43909,-0.21415,-0.01075,0.87248,-0.68,1.07,0.1,-0.32735,-0.17734,-0.12216,0.92004,-0.69,1.1,0.14,-0.0926,-0.17806,-0.14946,0.96818,-0.7,1.11,0.18,0.31579,-0.23772,-0.10232,0.91285,-0.72,1.1,0.19,0.51443,-0.2768,-0.06902,0.80869,-0.73,1.08,0.2,0.51443,-0.2768,-0.06902,0.80869,-0.67,1.07,0.11,-0.24618,-0.11256,-0.35143,0.89623,-0.67,1.09,0.14,-0.35594,-0.0051,-0.27653,0.89264,-0.67,1.11,0.17,0.17933,-0.16613,-0.30671,0.91988,-0.68,1.1,0.18,0.4177,-0.28951,-0.25361,0.82304,-0.69,1.09,0.2,0.4177,-0.28951,-0.25361,0.82304,-0.81,1.08,0.19
-0.79,1.44,-0.15,-0.79,1.44,-0.15,-0.85,1.09,0.11,0.32628,-0.05277,-0.11536,-0.93672,-0.86,1.05,0.06,0.32628,-0.05277,-0.11536,-0.93672,-0.83,1.07,0.09,0.41943,-0.16545,0.54181,-0.70933,-0.8,1.08,0.11,0.18092,0.00995,0.49067,-0.8523,-0.8,1.09,0.14,0.07315,0.02553,0.56282,-0.82294,-0.8,1.1,0.17,0.07315,0.02553,0.56282,-0.82294,-0.84,1.07,0.09,0.32628,-0.05277,-0.11536,-0.93672,-0.83,1.11,0.14,0.05778,-0.07059,-0.05987,-0.99403,-0.83,1.12,0.17,-0.33181,-0.09299,-0.05347,-0.93723,-0.82,1.1,0.19,-0.49395,-0.07393,-0.04473,-0.86519,-0.82,1.08,0.2,-0.49395,-0.07393,-0.04473,-0.86519,-0.85,1.07,0.09,0.32628,-0.05277,-0.11536,-0.93672,-0.85,1.11,0.14,0.08808,-0.06024,-0.11913,-0.98713,-0.85,1.12,0.18,-0.30224,-0.10318,-0.09911,-0.94243,-0.84,1.1,0.2,-0.46049,-0.10653,-0.1383,-0.87033,-0.84,1.08,0.21,-0.46049,-0.10653,-0.1383,-0.87033,-0.87,1.07,0.09,0.32628,-0.05277,-0.11536,-0.93672,-0.87,1.1,0.14,0.14575,-0.04087,-0.17755,-0.9724,-0.87,1.11,0.17,-0.25586,-0.12487,-0.18426,-0.94074,-0.86,1.1,0.19,-0.45217,-0.18623,-0.17381,-0.85478,-0.85,1.08,0.21,-0.45217,-0.18623,-0.17381,-0.85478,-0.88,1.06,0.1,0.27159,0.01071,-0.35043,-0.89628,-0.89,1.08,0.14,0.15667,-0.04506,-0.25572,-0.95291,-0.89,1.09,0.16,-0.22362,-0.12528,-0.28874,-0.92246,-0.88,1.09,0.18,-0.37982,-0.22222,-0.26898,-0.85674,-0.87,1.08,0.2,-0.37982,-0.22222,-0.26898,-0.85674,-0.7,1.09,0.12,-0.33118,-0.16342,-0.11093,0.92267,-0.68,1.06,0.07,-0.33118,-0.16342,-0.11093,0.92267,-0.72,1.07,0.09,-0.45402,-0.2316,0.55682,0.65588,-0.75,1.08,0.11,-0.29324,-0.09818,0.51762,0.79777,-0.76,1.09,0.13,-0.2332,-0.09478,0.60037,0.75907,-0.77,1.1,0.16,-0.2332,-0.09478,0.60037,0.75907,-0.71,1.07,0.09,-0.33118,-0.16342,-0.11093,0.92267,-0.73,1.11,0.13,-0.02812,-0.23992,0.03179,0.96986,-0.74,1.11,0.17,0.38223,-0.20988,0.10349,0.89394,-0.75,1.1,0.18,0.53742,-0.16106,0.13281,0.81707,-0.75,1.08,0.19,0.53742,-0.16106,0.13281,0.81707,-0.7,1.07,0.1,-0.33118,-0.16342,-0.11093,0.92267,-0.71,1.11,0.14,-0.00933,-0.21236,-0.04337,0.97618,-0.72,1.12,0.18,0.29585,-0.21481,0.01207,0.93069,-0.73,1.1,0.2,0.43653,-0.19894,-0.01242,0.87733,-0.74,1.08,0.21,0.43653,-0.19894,-0.01242,0.87733,-0.68,1.07,0.1,-0.33118,-0.16342,-0.11093,0.92267,-0.69,1.1,0.14,-0.10168,-0.16481,-0.14092,0.9709,-0.7,1.11,0.18,0.31009,-0.22274,-0.09952,0.91887,-0.71,1.1,0.2,0.52265,-0.26228,-0.06659,0.80846,-0.72,1.08,0.2,0.52265,-0.26228,-0.06659,0.80846,-0.67,1.07,0.11,-0.2543,-0.0993,-0.3419,0.89921,-0.67,1.09,0.15,-0.35093,-0.00528,-0.26507,0.89809,-0.67,1.11,0.17,0.20807,-0.16645,-0.29446,0.91777,-0.68,1.1,0.18,0.46678,-0.29205,-0.2365,0.80056,-0.69,1.09,0.19,0.46678,-0.29205,-0.2365,0.80056,-0.81,1.08,0.19
-0.79,1.44,-0.15,-0.79,1.44,-0.15,-0.85,1.09,0.11,0.32168,-0.05523,-0.11063,-0.93874,-0.86,1.05,0.06,0.32168,-0.05523,-0.11063,-0.93874,-0.82,1.07,0.09,0.41817,-0.17169,0.54253,-0.70804,-0.8,1.08,0.11,0.17976,0.00429,0.49347,-0.85097,-0.8,1.09,0.14,0.07855,0.01598,0.56661,-0.82008,-0.79,1.09,0.17,0.07855,0.01598,0.56661,-0.82008,-0.84,1.07,0.09,0.32168,-0.05523,-0.11063,-0.93874,-0.83,1.11,0.14,0.06737,-0.07157,-0.05576,-0.99359,-0.83,1.11,0.17,-0.30508,-0.0916,-0.05103,-0.94654,-0.82,1.1,0.19,-0.46345,-0.07203,-0.04392,-0.8821,-0.82,1.08,0.2,-0.46345,-0.07203,-0.04392,-0.8821,-0.85,1.07,0.09,0.32168,-0.05523,-0.11063,-0.93874,-0.85,1.11,0.14,0.09196,-0.05871,-0.1154,-0.98731,-0.85,1.12,0.18,-0.29041,-0.09953,-0.09713,-0.94674,-0.84,1.1,0.2,-0.44517,-0.1029,-0.13721,-0.87887,-0.84,1.08,0.21,-0.44517,-0.1029,-0.13721,-0.87887,-0.87,1.07,0.09,0.32168,-0.05523,-0.11063,-0.93874,-0.87,1.1,0.14,0.1464,-0.03837,-0.17392,-0.97306,-0.87,1.11,0.17,-0.24721,-0.11962,-0.18283,-0.94401,-0.86,1.1,0.2,-0.439,-0.18015,-0.17407,-0.86286,-0.85,1.08,0.21,-0.439,-0.18015,-0.17407,-0.86286,-0.88,1.06,0.1,0.26724,0.00966,-0.34558,-0.89948,-0.89,1.08,0.14,0.15306,-0.0418,-0.25219,-0.95458,-0.89,1.09,0.16,-0.21792,-0.11786,-0.28752,-0.92518,-0.88,1.09,0.18,-0.36557,-0.21216,-0.27074,-0.8649,-0.87,1.08,0.2,-0.36557,-0.21216,-0.27074,-0.8649,-0.7,1.09,0.12,-0.31932,-0.16121,-0.11303,0.92697,-0.68,1.06,0.07,-0.31932,-0.16121,-0.11303,0.92697,-0.72,1.07,0.09,-0.44114,-0.24784,0.55729,0.65832,-0.75,1.08,0.11,-0.27894,-0.11262,0.52231,0.79793,-0.76,1.09,0.14,-0.20726,-0.10045,0.6056,0.76171,-0.77,1.09,0.16,-0.20726,-0.10045,0.6056,0.76171,-0.71,1.07,0.09,-0.31932,-0.16121,-0.11303,0.92697,-0.73,1.11,0.13,-0.0626,-0.23837,0.01361,0.96906,-0.74,1.12,0.17,0.33382,-0.2184,0.08246,0.91327,-0.75,1.1,0.18,0.49273,-0.17374,0.11197,0.84528,-0.76,1.08,0.19,0.49273,-0.17374,0.11197,0.84528,-0.7,1.07,0.1,-0.31932,-0.16121,-0.11303,0.92697,-0.71,1.11,0.14,-0.03457,-0.20998,-0.0541,0.9756,-0.72,1.12,0.18,0.26912,-0.21619,0.00055,0.93853,-0.73,1.1,0.2,0.41195,-0.2035,-0.02381,0.88788,-0.74,1.09,0.21,0.41195,-0.2035,-0.02381,0.88788,-0.68,1.07,0.1,-0.31932,-0.16121,-0.11303,0.92697,-0.69,1.1,0.14,-0.10647,-0.16229,-0.14481,0.97023,-0.7,1.11,0.18,0.30749,-0.22246,-0.10355,0.91937,-0.71,1.1,0.2,0.5261,-0.26325,-0.06904,0.8057,-0.72,1.08,0.21,0.5261,-0.26325,-0.06904,0.8057,-0.67,1.07,0.11,-0.2429,-0.09415,-0.34319,0.90242,-0.67,1.09,0.15,-0.34212,-0.01434,-0.26345,0.90185,-0.67,1.11,0.17,0.24116,-0.1792,-0.28494,0.91024,-0.68,1.1,0.19,0.52649,-0.30848,-0.21474,0.76259,-0.69,1.09,0.19,0.52649,-0.30848,-0.21474,0.76259,-0.81,1.08,0.19
-0.79,1.44,-0.15,-0.79,1.44,-0.15,-0.85,1.09,0.11,0.32298,-0.05757,-0.10969,-0.93826,-0.86,1.05,0.06,0.32298,-0.05757,-0.10969,-0.93826,-0.82,1.07,0.09,0.41893,-0.1722,0.54424,-0.70615,-0.8,1.08,0.11,0.18161,0.0039,0.49533,-0.8495,-0.8,1.09,0.14,0.08429,0.01334,0.56886,-0.818,-0.79,1.09,0.17,0.08429,0.01334,0.56886,-0.818,-0.84,1.07,0.09,0.32298,-0.05757,-0.10969,-0.93826,-0.83,1.11,0.14,0.07169,-0.07365,-0.05439,-0.99322,-0.83,1.11,0.17,-0.296,-0.09288,-0.04946,-0.94937,-0.82,1.1,0.19,-0.45144,-0.07291,-0.04279,-0.88829,-0.82,1.08,0.21,-0.45144,-0.07291,-0.04279,-0.88829,-0.85,1.07,0.09,0.32298,-0.05757,-0.10969,-0.93826,-0.85,1.11,0.14,0.09476,-0.05969,-0.1146,-0.98708,-0.85,1.12,0.18,-0.2833,-0.09972,-0.09647,-0.94894,-0.84,1.1,0.2,-0.43543,-0.10308,-0.13668,-0.8838,-0.84,1.09,0.22,-0.43543,-0.10308,-0.13668,-0.8838,-0.87,1.07,0.1,0.32298,-0.05757,-0.10969,-0.93826,-0.87,1.1,0.14,0.15219,-0.03804,-0.1737,-0.97223,-0.87,1.11,0.17,-0.23828,-0.11884,-0.183,-0.94637,-0.86,1.1,0.2,-0.42829,-0.17922,-0.17449,-0.86833,-0.85,1.08,0.21,-0.42829,-0.17922,-0.17449,-0.86833,-0.88,1.06,0.1,0.26817,0.00707,-0.34471,-0.89956,-0.89,1.08,0.14,0.15562,-0.03963,-0.25257,-0.95416,-0.89,1.09,0.16,-0.21469,-0.116,-0.28875,-0.92578,-0.88,1.09,0.18,-0.36044,-0.21,-0.27252,-0.86702,-0.87,1.08,0.2,-0.36044,-0.21,-0.27252,-0.86702,-0.7,1.09,0.12,-0.31702,-0.16303,-0.12158,0.92636,-0.68,1.06,0.07,-0.31702,-0.16303,-0.12158,0.92636,-0.72,1.07,0.09,-0.439,-0.25324,0.55408,0.66041,-0.75,1.08,0.11,-0.27542,-0.11808,0.52049,0.79956,-0.76,1.09,0.14,-0.19236,-0.09735,0.60464,0.76676,-0.77,1.09,0.16,-0.19236,-0.09735,0.60464,0.76676,-0.71,1.07,0.09,-0.31702,-0.16303,-0.12158,0.92636,-0.73,1.11,0.13,-0.08002,-0.23786,-0.00274,0.96799,-0.74,1.12,0.17,0.30268,-0.22592,0.06373,0.92374,-0.75,1.1,0.18,0.45944,-0.18525,0.09279,0.86371,-0.76,1.09,0.2,0.45944,-0.18525,0.09279,0.86371,-0.7,1.07,0.1,-0.31702,-0.16303,-0.12158,0.92636,-0.71,1.11,0.14,-0.04574,-0.21275,-0.06514,0.97386,-0.72,1.12,0.18,0.25838,-0.22236,-0.009,0.94006,-0.73,1.1,0.2,0.4025,-0.21157,-0.03231,0.89005,-0.74,1.09,0.21,0.4025,-0.21157,-0.03231,0.89005,-0.68,1.07,0.1,-0.31702,-0.16303,-0.12158,0.92636,-0.69,1.1,0.14,-0.12378,-0.16382,-0.15555,0.96625,-0.7,1.11,0.18,0.29737,-0.22977,-0.11069,0.92007,-0.71,1.1,0.2,0.52196,-0.27251,-0.07243,0.80502,-0.72,1.08,0.21,0.52196,-0.27251,-0.07243,0.80502,-0.67,1.07,0.11,-0.23911,-0.09567,-0.35099,0.90027,-0.67,1.09,0.15,-0.34509,-0.02619,-0.26986,0.89856,-0.67,1.11,0.17,0.26244,-0.20007,-0.27898,0.90181,-0.68,1.1,0.18,0.56536,-0.33061,-0.19451,0.73022,-0.69,1.09,0.19,0.56536,-0.33061,-0.19451,0.73022,-0.81,1.08,0.19
-0.79,1.44,-0.15,-0.79,1.44,-0.15,-0.85,1.09,0.11,0.32375,-0.06264,-0.11121,-0.93749,-0.86,1.05,0.06,0.32375,-0.06264,-0.11121,-0.93749,-0.82,1.07,0.09,0.42106,-0.17465,0.54396,-0.70449,-0.8,1.08,0.11,0.18546,0.00035,0.49579,-0.84841,-0.8,1.09,0.14,0.09158,0.00806,0.57002,-0.81647,-0.79,1.09,0.16,0.09158,0.00806,0.57002,-0.81647,-0.84,1.07,0.09,0.32375,-0.06264,-0.11121,-0.93749,-0.83,1.11,0.14,0.0727,-0.0783,-0.05494,-0.99276,-0.83,1.11,0.17,-0.29677,-0.09753,-0.04808,-0.94874,-0.82,1.1,0.19,-0.45238,-0.07727,-0.04061,-0.88755,-0.82,1.08,0.2,-0.45238,-0.07727,-0.04061,-0.88755,-0.85,1.07,0.09,0.32375,-0.06264,-0.11121,-0.93749,-0.85,1.11,0.14,0.08767,-0.06578,-0.11444,-0.98737,-0.85,1.12,0.18,-0.29198,-0.1054,-0.09383,-0.94596,-0.84,1.1,0.2,-0.4462,-0.10797,-0.133,-0.87839,-0.83,1.08,0.21,-0.4462,-0.10797,-0.133,-0.87839,-0.87,1.07,0.1,0.32375,-0.06264,-0.11121,-0.93749,-0.87,1.1,0.14,0.1513,-0.04329,-0.17443,-0.97201,-0.87,1.11,0.17,-0.24164,-0.12437,-0.18136,-0.94512,-0.86,1.1,0.2,-0.43338,-0.1845,-0.17155,-0.86528,-0.85,1.08,0.21,-0.43338,-0.1845,-0.17155,-0.86528,-0.88,1.06,0.1,0.26766,0.00187,-0.34604,-0.89923,-0.89,1.08,0.14,0.1595,-0.04258,-0.25377,-0.95307,-0.89,1.09,0.16,-0.21379,-0.12033,-0.28856,-0.9255,-0.88,1.09,0.18,-0.36211,-0.21495,-0.27101,-0.86558,-0.87,1.08,0.2,-0.36211,-0.21495,-0.27101,-0.86558,-0.7,1.09,0.12,-0.32114,-0.17018,-0.13092,0.92237,-0.68,1.06,0.07,-0.32114,-0.17018,-0.13092,0.92237,-0.72,1.07,0.09,-0.44784,-0.25344,0.54732,0.66004,-0.75,1.08,0.11,-0.28024,-0.11827,0.51435,0.80182,-0.76,1.09,0.13,-0.19039,-0.09257,0.59928,0.77204,-0.77,1.09,0.16,-0.19039,-0.09257,0.59928,0.77204,-0.71,1.07,0.09,-0.32114,-0.17018,-0.13092,0.92237,-0.73,1.11,0.13,-0.08964,-0.23713,-0.01709,0.96718,-0.74,1.12,0.17,0.29567,-0.23085,0.05082,0.92558,-0.75,1.11,0.18,0.45199,-0.19251,0.08044,0.86728,-0.76,1.09,0.19,0.45199,-0.19251,0.08044,0.86728,-0.7,1.07,0.1,-0.32114,-0.17018,-0.13092,0.92237,-0.71,1.11,0.14,-0.05077,-0.22055,-0.07305,0.97131,-0.72,1.12,0.18,0.26622,-0.23245,-0.01084,0.9354,-0.74,1.11,0.2,0.41359,-0.2213,-0.03194,0.88258,-0.75,1.09,0.21,0.41359,-0.2213,-0.03194,0.88258,-0.68,1.07,0.1,-0.32114,-0.17018,-0.13092,0.92237,-0.69,1.1,0.14,-0.13584,-0.17185,-0.1647,0.96171,-0.7,1.12,0.18,0.30118,-0.24323,-0.11135,0.91528,-0.71,1.1,0.2,0.53012,-0.28567,-0.06818,0.79543,-0.73,1.08,0.2,0.53012,-0.28567,-0.06818,0.79543,-0.67,1.07,0.11,-0.24038,-0.10418,-0.35965,0.89555,-0.67,1.09,0.15,-0.35323,-0.04158,-0.27862,0.89212,-0.67,1.11,0.17,0.26859,-0.22271,-0.27341,0.89638,-0.68,1.1,0.18,0.5754,-0.35059,-0.17857,0.71701,-0.7,1.09,0.19,0.5754,-0.35059,-0.17857,0.71701,-0.81,1.08,0.19
-0.79,1.44,-0.15,-0.79,1.44,-0.15,-0.85,1.09,0.11,0.32004,-0.0628,-0.1194,-0.93775,-0.86,1.05,0.06,0.32004,-0.0628,-0.1194,-0.93775,-0.82,1.07,0.09,0.42293,-0.17717,0.53503,-0.70956,-0.8,1.08,0.11,0.18735,-0.00611,0.48748,-0.85277,-0.8,1.09,0.14,0.09827,-0.0019,0.56308,-0.82054,-0.79,1.09,0.16,0.09827,-0.0019,0.56308,-0.82054,-0.84,1.07,0.09,0.32004,-0.0628,-0.1194,-0.93775,-0.83,1.11,0.14,0.08971,-0.07927,-0.0652,-0.99067,-0.83,1.12,0.17,-0.2671,-0.10182,-0.05861,-0.95648,-0.82,1.1,0.19,-0.42058,-0.08329,-0.05156,-0.90195,-0.82,1.09,0.21,-0.42058,-0.08329,-0.05156,-0.90195,-0.85,1.07,0.09,0.32004,-0.0628,-0.1194,-0.93775,-0.85,1.11,0.14,0.06823,-0.07125,-0.12018,-0.98784,-0.85,1.11,0.18,-0.31334,-0.11271,-0.09673,-0.93796,-0.84,1.1,0.2,-0.47266,-0.11496,-0.13412,-0.86336,-0.83,1.08,0.21,-0.47266,-0.11496,-0.13412,-0.86336,-0.87,1.07,0.1,0.32004,-0.0628,-0.1194,-0.93775,-0.87,1.1,0.14,0.13708,-0.04682,-0.1815,-0.97266,-0.87,1.11,0.17,-0.25925,-0.13062,-0.18616,-0.93865,-0.86,1.1,0.2,-0.45392,-0.19196,-0.17464,-0.85241,-0.85,1.08,0.21,-0.45392,-0.19196,-0.17464,-0.85241,-0.88,1.06,0.1,0.26288,0.00237,-0.3535,-0.89773,-0.89,1.08,0.14,0.15983,-0.04269,-0.26122,-0.951,-0.89,1.09,0.17,-0.2154,-0.12403,-0.29507,-0.92258,-0.88,1.09,0.18,-0.36585,-0.22052,-0.2762,-0.86095,-0.87,1.08,0.2,-0.36585,-0.22052,-0.2762,-0.86095,-0.7,1.09,0.12,-0.32601,-0.17466,-0.13197,0.91967,-0.68,1.06,0.07,-0.32601,-0.17466,-0.13197,0.91967,-0.72,1.07,0.09,-0.45101,-0.25217,0.54966,0.65641,-0.75,1.08,0.11,-0.27806,-0.11263,0.51781,0.80117,-0.76,1.09,0.13,-0.17921,-0.08046,0.60226,0.77375,-0.77,1.09,0.16,-0.17921,-0.08046,0.60226,0.77375,-0.71,1.07,0.09,-0.32601,-0.17466,-0.13197,0.91967,-0.73,1.11,0.13,-0.10094,-0.23087,-0.02516,0.96741,-0.74,1.12,0.16,0.29544,-0.22802,0.04355,0.92673,-0.75,1.11,0.18,0.45401,-0.1908,0.07323,0.86724,-0.76,1.09,0.19,0.45401,-0.1908,0.07323,0.86724,-0.7,1.07,0.1,-0.32601,-0.17466,-0.13197,0.91967,-0.71,1.11,0.14,-0.06854,-0.2206,-0.07805,0.96982,-0.73,1.12,0.18,0.25896,-0.23447,-0.01306,0.93691,-0.74,1.11,0.2,0.40647,-0.22404,-0.03393,0.88512,-0.75,1.09,0.21,0.40647,-0.22404,-0.03393,0.88512,-0.68,1.07,0.1,-0.32601,-0.17466,-0.13197,0.91967,-0.69,1.1,0.14,-0.15435,-0.17437,-0.16764,0.95795,-0.7,1.12,0.18,0.2893,-0.24821,-0.11097,0.91781,-0.71,1.11,0.19,0.51837,-0.29061,-0.06649,0.80151,-0.73,1.09,0.2,0.51837,-0.29061,-0.06649,0.80151,-0.67,1.07,0.11,-0.24407,-0.10992,-0.36072,0.89344,-0.68,1.09,0.15,-0.36523,-0.04969,-0.27989,0.88645,-0.67,1.11,0.17,0.25731,-0.23122,-0.26895,0.89889,-0.68,1.1,0.18,0.56228,-0.3561,-0.17238,0.72617,-0.7,1.09,0.19,0.56228,-0.3561,-0.17238,0.72617,-0.81,1.08,0.19
-0.79,1.44,-0.15,-0.79,1.44,-0.15,-0.85,1.09,0.11,0.31205,-0.05831,-0.14751,-0.93673,-0.86,1.06,0.06,0.31205,-0.05831,-0.14751,-0.93673,-0.82,1.07,0.09,0.42587,-0.17481,0.50939,-0.72705,-0.8,1.08,0.11,0.18317,-0.011,0.46102,-0.86821,-0.8,1.1,0.14,0.09632,-0.01079,0.53829,-0.83717,-0.79,1.1,0.16,0.09632,-0.01079,0.53829,-0.83717,-0.84,1.07,0.09,0.31205,-0.05831,-0.14751,-0.93673,-0.83,1.11,0.14,0.08735,-0.08242,-0.09365,-0.98834,-0.83,1.12,0.17,-0.24562,-0.11266,-0.08683,-0.95887,-0.82,1.11,0.19,-0.38905,-0.09773,-0.07968,-0.91255,-0.82,1.09,0.21,-0.38905,-0.09773,-0.07968,-0.91255,-0.85,1.07,0.09,0.31205,-0.05831,-0.14751,-0.93673,-0.85,1.11,0.14,0.04661,-0.07842,-0.1457,-0.98511,-0.85,1.11,0.18,-0.32978,-0.12842,-0.11793,-0.92782,-0.84,1.1,0.2,-0.48799,-0.13297,-0.15183,-0.8492,-0.83,1.08,0.21,-0.48799,-0.13297,-0.15183,-0.8492,-0.87,1.07,0.1,0.31205,-0.05831,-0.14751,-0.93673,-0.87,1.1,0.14,0.12166,-0.04901,-0.20864,-0.96916,-0.87,1.11,0.18,-0.27109,-0.14255,-0.21031,-0.92842,-0.86,1.1,0.2,-0.46243,-0.20832,-0.19584,-0.83929,-0.85,1.08,0.21,-0.46243,-0.20832,-0.19584,-0.83929,-0.88,1.06,0.1,0.25215,0.00771,-0.37945,-0.89016,-0.88,1.08,0.14,0.15839,-0.03928,-0.28831,-0.94353,-0.89,1.09,0.17,-0.21117,-0.12995,-0.32117,-0.91399,-0.88,1.09,0.18,-0.35524,-0.22949,-0.30135,-0.85459,-0.87,1.08,0.2,-0.35524,-0.22949,-0.30135,-0.85459,-0.7,1.09,0.12,-0.32574,-0.17766,-0.12831,0.91971,-0.68,1.06,0.07,-0.32574,-0.17766,-0.12831,0.91971,-0.72,1.07,0.09,-0.4478,-0.25462,0.55558,0.65266,-0.75,1.08,0.11,-0.27061,-0.10975,0.52572,0.79897,-0.77,1.09,0.13,-0.16503,-0.07244,0.60933,0.77216,-0.77,1.09,0.16,-0.16503,-0.07244,0.60933,0.77216,-0.71,1.07,0.09,-0.32574,-0.17766,-0.12831,0.91971,-0.73,1.11,0.13,-0.11347,-0.22536,-0.02896,0.96721,-0.75,1.12,0.16,0.29481,-0.22432,0.04063,0.92796,-0.75,1.11,0.18,0.45659,-0.18743,0.0704,0.86686,-0.76,1.09,0.19,0.45659,-0.18743,0.0704,0.86686,-0.7,1.07,0.1,-0.32574,-0.17766,-0.12831,0.91971,-0.71,1.11,0.14,-0.08384,-0.21791,-0.07961,0.9691,-0.73,1.12,0.17,0.2461,-0.23267,-0.01496,0.94078,-0.74,1.11,0.2,0.3882,-0.22332,-0.03712,0.89334,-0.75,1.09,0.21,0.3882,-0.22332,-0.03712,0.89334,-0.68,1.07,0.1,-0.32574,-0.17766,-0.12831,0.91971,-0.69,1.11,0.14,-0.1689,-0.1739,-0.16651,0.95577,-0.7,1.12,0.18,0.27586,-0.24793,-0.10976,0.92216,-0.72,1.11,0.19,0.5003,-0.29018,-0.06679,0.81304,-0.73,1.09,0.2,0.5003,-0.29018,-0.06679,0.81304,-0.67,1.07,0.11,-0.2437,-0.1127,-0.35709,0.89465,-0.68,1.09,0.15,-0.3742,-0.05266,-0.27633,0.88365,-0.67,1.11,0.17,0.24801,-0.23198,-0.26433,0.90266,-0.68,1.11,0.18,0.54786,-0.35381,-0.17056,0.73863,-0.7,1.09,0.19,0.54786,-0.35381,-0.17056,0.73863,-0.81,1.08,0.19
-0.79,1.44,-0.15,-0.79,1.44,-0.15,-0.85,1.09,0.11,0.3091,-0.05378,-0.16282,-0.93544,-0.86,1.06,0.06,0.3091,-0.05378,-0.16282,-0.93544,-0.82,1.07,0.09,0.42369,-0.17001,0.4992,-0.73647,-0.8,1.09,0.11,0.17394,-0.00686,0.44955,-0.87613,-0.8,1.1,0.14,0.0855,-0.00781,0.52664,-0.84574,-0.79,1.1,0.16,0.0855,-0.00781,0.52664,-0.84574,-0.84,1.08,0.09,0.3091,-0.05378,-0.16282,-0.93544,-0.83,1.11,0.14,0.06747,-0.08487,-0.1069,-0.98834,-0.83,1.12,0.17,-0.25696,-0.11804,-0.0995,-0.95401,-0.82,1.11,0.19,-0.39384,-0.10419,-0.09189,-0.90862,-0.82,1.09,0.21,-0.39384,-0.10419,-0.09189,-0.90862,-0.85,1.07,0.09,0.3091,-0.05378,-0.16282,-0.93544,-0.86,1.11,0.14,0.03701,-0.08026,-0.16038,-0.98309,-0.85,1.12,0.18,-0.32565,-0.13381,-0.13257,-0.92654,-0.84,1.1,0.2,-0.47835,-0.14021,-0.16559,-0.85094,-0.83,1.08,0.21,-0.47835,-0.14021,-0.16559,-0.85094,-0.87,1.07,0.09,0.3091,-0.05378,-0.16282,-0.93544,-0.87,1.1,0.14,0.11999,-0.04685,-0.22435,-0.96596,-0.87,1.11,0.17,-0.26309,-0.14476,-0.22654,-0.92656,-0.86,1.1,0.2,-0.44859,-0.21302,-0.21183,-0.84174,-0.85,1.08,0.21,-0.44859,-0.21302,-0.21183,-0.84174,-0.88,1.06,0.1,0.2481,0.01224,-0.39368,-0.88505,-0.89,1.08,0.14,0.16089,-0.03378,-0.30372,-0.93847,-0.89,1.09,0.16,-0.20085,-0.12863,-0.33779,-0.9105,-0.88,1.09,0.18,-0.33725,-0.22873,-0.31885,-0.85573,-0.87,1.08,0.2,-0.33725,-0.22873,-0.31885,-0.85573,-0.7,1.09,0.12,-0.31758,-0.17627,-0.11404,0.9247,-0.68,1.06,0.07,-0.31758,-0.17627,-0.11404,0.9247,-0.72,1.07,0.09,-0.43448,-0.26033,0.56794,0.64877,-0.75,1.08,0.11,-0.25754,-0.11026,0.54028,0.79348,-0.77,1.09,0.14,-0.15195,-0.07214,0.6227,0.76417,-0.77,1.09,0.16,-0.15195,-0.07214,0.6227,0.76417,-0.71,1.07,0.09,-0.31758,-0.17627,-0.11404,0.9247,-0.73,1.11,0.13,-0.10094,-0.21754,-0.01708,0.97067,-0.75,1.12,0.17,0.31828,-0.21148,0.05066,0.92272,-0.75,1.1,0.18,0.48154,-0.17249,0.07935,0.85561,-0.76,1.09,0.19,0.48154,-0.17249,0.07935,0.85561,-0.7,1.07,0.1,-0.31758,-0.17627,-0.11404,0.9247,-0.71,1.11,0.14,-0.06614,-0.21243,-0.06512,0.97276,-0.73,1.12,0.18,0.27321,-0.22248,-0.00098,0.93587,-0.74,1.11,0.2,0.41358,-0.20972,-0.02463,0.88564,-0.75,1.09,0.21,0.41358,-0.20972,-0.02463,0.88564,-0.68,1.07,0.1,-0.31758,-0.17627,-0.11404,0.9247,-0.69,1.1,0.14,-0.15878,-0.17016,-0.15216,0.96056,-0.7,1.12,0.18,0.29398,-0.23856,-0.09724,0.92044,-0.72,1.1,0.2,0.51653,-0.27758,-0.05784,0.80796,-0.73,1.09,0.2,0.51653,-0.27758,-0.05784,0.80796,-0.67,1.07,0.11,-0.238,-0.1087,-0.34318,0.90209,-0.68,1.09,0.15,-0.37326,-0.05109,-0.26135,0.88868,-0.67,1.11,0.17,0.25864,-0.2234,-0.25246,0.90524,-0.68,1.1,0.18,0.55973,-0.34172,-0.16294,0.73714,-0.7,1.09,0.19,0.55973,-0.34172,-0.16294,0.73714,-0.81,1.08,0.19
-0.79,1.44,-0.15,-0.79,1.44,-0.15,-0.85,1.09,0.11,0.31294,-0.05066,-0.16127,-0.93461,-0.86,1.06,0.06,0.31294,-0.05066,-0.16127,-0.93461,-0.83,1.07,0.09,0.41972,-0.16502,0.50585,-0.73533,-0.8,1.09,0.11,0.16779,0.00205,0.45474,-0.87468,-0.8,1.1,0.14,0.07679,0.00205,0.53055,-0.84417,-0.8,1.1,0.16,0.07679,0.00205,0.53055,-0.84417,-0.84,1.08,0.09,0.31294,-0.05066,-0.16127,-0.93461,-0.83,1.11,0.13,0.04289,-0.08533,-0.10226,-0.99016,-0.83,1.12,0.17,-0.28402,-0.11667,-0.09465,-0.94698,-0.82,1.11,0.19,-0.42015,-0.10191,-0.08645,-0.89756,-0.82,1.09,0.21,-0.42015,-0.10191,-0.08645,-0.89756,-0.85,1.07,0.09,0.31294,-0.05066,-0.16127,-0.93461,-0.86,1.11,0.14,0.04082,-0.07713,-0.15968,-0.9833,-0.85,1.12,0.18,-0.31571,-0.12977,-0.13395,-0.93035,-0.84,1.1,0.2,-0.4641,-0.13639,-0.16806,-0.85893,-0.83,1.08,0.21,-0.4641,-0.13639,-0.16806,-0.85893,-0.87,1.07,0.09,0.31294,-0.05066,-0.16127,-0.93461,-0.87,1.1,0.14,0.12856,-0.04298,-0.22371,-0.96518,-0.87,1.11,0.17,-0.2501,-0.14019,-0.22793,-0.93051,-0.86,1.1,0.2,-0.43316,-0.20842,-0.21441,-0.85027,-0.85,1.08,0.21,-0.43316,-0.20842,-0.21441,-0.85027,-0.88,1.06,0.1,0.25271,0.01439,-0.39261,-0.88419,-0.89,1.08,0.14,0.16743,-0.02982,-0.303,-0.93769,-0.89,1.09,0.16,-0.19303,-0.12472,-0.33878,-0.91237,-0.88,1.09,0.18,-0.32925,-0.22494,-0.32023,-0.85933,-0.87,1.08,0.2,-0.32925,-0.22494,-0.32023,-0.85933,-0.7,1.09,0.12,-0.32618,-0.17252,-0.11015,0.92288,-0.68,1.06,0.07,-0.32618,-0.17252,-0.11015,0.92288,-0.72,1.07,0.09,-0.438,-0.24987,0.5721,0.64685,-0.75,1.08,0.11,-0.2617,-0.09895,0.54175,0.79261,-0.76,1.09,0.14,-0.15486,-0.06016,0.6231,0.7643,-0.77,1.09,0.16,-0.15486,-0.06016,0.6231,0.7643,-0.71,1.07,0.09,-0.32618,-0.17252,-0.11015,0.92288,-0.73,1.11,0.13,-0.10424,-0.21264,-0.01265,0.97147,-0.75,1.12,0.16,0.31849,-0.20509,0.05331,0.92394,-0.75,1.11,0.18,0.48241,-0.16565,0.08092,0.85633,-0.76,1.09,0.19,0.48241,-0.16565,0.08092,0.85633,-0.7,1.07,0.1,-0.32618,-0.17252,-0.11015,0.92288,-0.71,1.11,0.14,-0.05321,-0.21,-0.05688,0.97459,-0.73,1.12,0.18,0.294,-0.21714,0.00776,0.93078,-0.74,1.1,0.2,0.43684,-0.20191,-0.01608,0.87644,-0.75,1.09,0.21,0.43684,-0.20191,-0.01608,0.87644,-0.68,1.07,0.1,-0.32618,-0.17252,-0.11015,0.92288,-0.69,1.1,0.14,-0.15869,-0.16849,-0.14715,0.96165,-0.7,1.12,0.18,0.30006,-0.23535,-0.09228,0.91982,-0.71,1.11,0.19,0.52485,-0.27316,-0.05337,0.80441,-0.73,1.09,0.2,0.52485,-0.27316,-0.05337,0.80441,-0.67,1.07,0.11,-0.24768,-0.10703,-0.34032,0.90077,-0.68,1.09,0.15,-0.38764,-0.04725,-0.25832,0.88361,-0.67,1.11,0.17,0.2456,-0.22023,-0.25181,0.90982,-0.68,1.11,0.18,0.55266,-0.33932,-0.16155,0.74386,-0.7,1.09,0.19,0.55266,-0.33932,-0.16155,0.74386,-0.81,1.08,0.19
-0.79,1.44,-0.15,-0.79,1.44,-0.15,-0.85,1.09,0.11,0.32111,-0.04657,-0.14417,-0.93484,-0.86,1.06,0.06,0.32111,-0.04657,-0.14417,-0.93484,-0.83,1.07,0.09,0.41415,-0.15987,0.52526,-0.72596,-0.8,1.09,0.11,0.16455,0.01439,0.47248,-0.86572,-0.8,1.1,0.14,0.07117,0.01656,0.54624,-0.83444,-0.8,1.1,0.17,0.07117,0.01656,0.54624,-0.83444,-0.84,1.08,0.09,0.32111,-0.04657,-0.14417,-0.93484,-0.83,1.12,0.13,0.04031,-0.07766,-0.08554,-0.99249,-0.83,1.12,0.17,-0.30542,-0.10548,-0.07933,-0.94303,-0.82,1.11,0.19,-0.44565,-0.08889,-0.07166,-0.8879,-0.82,1.09,0.2,-0.44565,-0.08889,-0.07166,-0.8879,-0.85,1.07,0.09,0.32111,-0.04657,-0.14417,-0.93484,-0.86,1.11,0.14,0.05228,-0.06904,-0.14422,-0.98575,-0.85,1.12,0.18,-0.30688,-0.11696,-0.12232,-0.93658,-0.84,1.1,0.2,-0.45468,-0.12235,-0.15896,-0.86777,-0.84,1.09,0.21,-0.45468,-0.12235,-0.15896,-0.86777,-0.87,1.07,0.09,0.32111,-0.04657,-0.14417,-0.93484,-0.87,1.1,0.14,0.14258,-0.03746,-0.20741,-0.96708,-0.87,1.11,0.17,-0.2396,-0.12984,-0.21473,-0.93788,-0.86,1.1,0.19,-0.42507,-0.19601,-0.20339,-0.85996,-0.85,1.09,0.21,-0.42507,-0.19601,-0.20339,-0.85996,-0.88,1.07,0.1,0.26386,0.01699,-0.37732,-0.88754,-0.89,1.09,0.13,0.17661,-0.02686,-0.28687,-0.94117,-0.89,1.1,0.16,-0.18931,-0.11811,-0.32497,-0.91902,-0.88,1.09,0.18,-0.33193,-0.2179,-0.30667,-0.86504,-0.87,1.08,0.2,-0.33193,-0.2179,-0.30667,-0.86504,-0.7,1.1,0.12,-0.35202,-0.16804,-0.10894,0.91432,-0.68,1.06,0.07,-0.35202,-0.16804,-0.10894,0.91432,-0.72,1.07,0.09,-0.45446,-0.22359,0.57613,0.64152,-0.75,1.08,0.11,-0.27607,-0.07058,0.53938,0.79239,-0.76,1.09,0.14,-0.16268,-0.0278,0.61825,0.76846,-0.77,1.1,0.16,-0.16268,-0.0278,0.61825,0.76846,-0.71,1.08,0.09,-0.35202,-0.16804,-0.10894,0.91432,-0.73,1.12,0.13,-0.1197,-0.20809,-0.00821,0.97072,-0.74,1.13,0.16,0.30829,-0.19925,0.05643,0.92848,-0.75,1.11,0.18,0.47383,-0.15934,0.08279,0.86212,-0.76,1.09,0.19,0.47383,-0.15934,0.08279,0.86212,-0.7,1.07,0.1,-0.35202,-0.16804,-0.10894,0.91432,-0.71,1.12,0.13,-0.05477,-0.20925,-0.04911,0.97509,-0.72,1.12,0.17,0.30409,-0.21354,0.01736,0.92824,-0.73,1.11,0.19,0.46002,-0.19578,-0.0053,0.86604,-0.74,1.09,0.2,0.46002,-0.19578,-0.0053,0.86604,-0.68,1.07,0.1,-0.35202,-0.16804,-0.10894,0.91432,-0.69,1.11,0.14,-0.17495,-0.16877,-0.14449,0.95918,-0.7,1.12,0.17,0.29402,-0.23587,-0.08729,0.92212,-0.71,1.11,0.19,0.53135,-0.27265,-0.0453,0.8008,-0.72,1.09,0.2,0.53135,-0.27265,-0.0453,0.8008,-0.67,1.07,0.11,-0.27395,-0.10923,-0.34108,0.89257,-0.67,1.1,0.14,-0.42737,-0.03939,-0.26008,0.86496,-0.67,1.12,0.16,0.19535,-0.21681,-0.25815,0.92097,-0.68,1.11,0.18,0.51584,-0.33998,-0.16409,0.76903,-0.69,1.1,0.18,0.51584,-0.33998,-0.16409,0.76903,-0.81,1.08,0.19
-0.79,1.44,-0.15,-0.79,1.44,-0.15,-0.85,1.09,0.11,0.32194,-0.04661,-0.13011,-0.93662,-0.86,1.06,0.06,0.32194,-0.04661,-0.13011,-0.93662,-0.83,1.07,0.09,0.40996,-0.16202,0.53715,-0.71913,-0.8,1.09,0.11,0.1627,0.01649,0.48511,-0.85902,-0.8,1.1,0.14,0.06848,0.02017,0.55791,-0.82682,-0.8,1.1,0.17,0.06848,0.02017,0.55791,-0.82682,-0.84,1.08,0.09,0.32194,-0.04661,-0.13011,-0.93662,-0.83,1.11,0.13,0.0429,-0.07319,-0.07242,-0.99376,-0.83,1.12,0.17,-0.3191,-0.09798,-0.06692,-0.94026,-0.82,1.1,0.19,-0.4651,-0.08,-0.05939,-0.87963,-0.82,1.09,0.2,-0.4651,-0.08,-0.05939,-0.87963,-0.85,1.07,0.09,0.32194,-0.04661,-0.13011,-0.93662,-0.86,1.11,0.14,0.05714,-0.06616,-0.1301,-0.98764,-0.85,1.12,0.18,-0.30723,-0.10975,-0.10973,-0.9389,-0.84,1.1,0.2,-0.45661,-0.11346,-0.14775,-0.86994,-0.84,1.09,0.21,-0.45661,-0.11346,-0.14775,-0.86994,-0.87,1.07,0.09,0.32194,-0.04661,-0.13011,-0.93662,-0.87,1.1,0.14,0.14486,-0.03788,-0.19236,-0.96983,-0.87,1.11,0.17,-0.24482,-0.12583,-0.2001,-0.94031,-0.86,1.1,0.19,-0.43418,-0.1896,-0.18967,-0.85998,-0.85,1.09,0.21,-0.43418,-0.1896,-0.18967,-0.85998,-0.88,1.07,0.1,0.26659,0.01729,-0.36419,-0.89218,-0.89,1.09,0.13,0.17439,-0.0301,-0.27208,-0.94586,-0.89,1.1,0.16,-0.2047,-0.11926,-0.30937,-0.92096,-0.88,1.09,0.18,-0.35905,-0.21983,-0.28964,-0.85958,-0.87,1.08,0.19,-0.35905,-0.21983,-0.28964,-0.85958,-0.7,1.1,0.11,-0.35459,-0.16895,-0.0916,0.91506,-0.68,1.06,0.07,-0.35459,-0.16895,-0.0916,0.91506,-0.72,1.07,0.09,-0.4513,-0.22218,0.58963,0.6319,-0.75,1.08,0.11,-0.27301,-0.06345,0.55339,0.78435,-0.76,1.09,0.14,-0.15621,-0.01654,0.63034,0.76026,-0.77,1.1,0.16,-0.15621,-0.01654,0.63034,0.76026,-0.71,1.07,0.09,-0.35459,-0.16895,-0.0916,0.91506,-0.73,1.12,0.13,-0.11719,-0.20788,0.0123,0.97103,-0.74,1.12,0.16,0.31791,-0.18973,0.07637,0.9258,-0.75,1.11,0.18,0.48558,-0.1459,0.10158,0.85592,-0.75,1.09,0.19,0.48558,-0.1459,0.10158,0.85592,-0.7,1.07,0.1,-0.35459,-0.16895,-0.0916,0.91506,-0.71,1.12,0.13,-0.04512,-0.20621,-0.02896,0.97704,-0.73,1.12,0.17,0.32616,-0.2028,0.03773,0.92253,-0.73,1.11,0.19,0.5015,-0.17912,0.0156,0.84627,-0.74,1.09,0.2,0.5015,-0.17912,0.0156,0.84627,-0.68,1.07,0.1,-0.35459,-0.16895,-0.0916,0.91506,-0.69,1.11,0.14,-0.17029,-0.16699,-0.12648,0.96287,-0.7,1.12,0.17,0.31678,-0.22697,-0.06865,0.91838,-0.71,1.11,0.19,0.57209,-0.25824,-0.02555,0.77806,-0.72,1.09,0.2,0.57209,-0.25824,-0.02555,0.77806,-0.67,1.07,0.11,-0.27867,-0.11021,-0.32479,0.89706,-0.67,1.1,0.14,-0.43761,-0.03297,-0.2446,0.86463,-0.67,1.12,0.16,0.18303,-0.20233,-0.25049,0.92888,-0.68,1.12,0.18,0.52029,-0.32616,-0.15733,0.77341,-0.69,1.1,0.18,0.52029,-0.32616,-0.15733,0.77341,-0.81,1.08,0.19
-0.79,1.44,-0.15,-0.79,1.44,-0.15,-0.85,1.09,0.11,0.31619,-0.05591,-0.11197,-0.94041,-0.86,1.06,0.06,0.31619,-0.05591,-0.11197,-0.94041,-0.82,1.07,0.09,0.40624,-0.17432,0.54877,-0.70953,-0.8,1.08,0.11,0.16211,0.00836,0.50091,-0.85014,-0.8,1.09,0.14,0.06561,0.01566,0.57319,-0.81664,-0.79,1.1,0.16,0.06561,0.01566,0.57319,-0.81664,-0.84,1.07,0.09,0.31619,-0.05591,-0.11197,-0.94041,-0.83,1.11,0.13,0.03949,-0.07621,-0.05309,-0.99489,-0.82,1.12,0.17,-0.32962,-0.09411,-0.04715,-0.93823,-0.82,1.1,0.19,-0.47802,-0.07315,-0.03984,-0.87439,-0.82,1.08,0.2,-0.47802,-0.07315,-0.03984,-0.87439,-0.85,1.07,0.09,0.31619,-0.05591,-0.11197,-0.94041,-0.85,1.11,0.14,0.05346,-0.07,-0.11019,-0.99,-0.85,1.12,0.18,-0.3191,-0.10674,-0.08897,-0.93748,-0.84,1.1,0.2,-0.4723,-0.10691,-0.12765,-0.86557,-0.83,1.08,0.21,-0.4723,-0.10691,-0.12765,-0.86557,-0.87,1.07,0.09,0.31619,-0.05591,-0.11197,-0.94041,-0.87,1.1,0.14,0.13882,-0.04421,-0.17246,-0.97418,-0.87,1.11,0.17,-0.26388,-0.12577,-0.17833,-0.93955,-0.86,1.1,0.19,-0.4602,-0.18569,-0.16801,-0.85177,-0.85,1.08,0.21,-0.4602,-0.18569,-0.16801,-0.85177,-0.88,1.07,0.1,0.26157,0.01035,-0.34644,-0.90081,-0.89,1.09,0.13,0.16903,-0.03712,-0.25257,-0.95198,-0.89,1.1,0.16,-0.23059,-0.12343,-0.28742,-0.9214,-0.88,1.09,0.18,-0.40174,-0.22451,-0.26513,-0.84729,-0.87,1.08,0.19,-0.40174,-0.22451,-0.26513,-0.84729,-0.71,1.09,0.12,-0.28828,-0.15395,-0.02323,0.9448,-0.69,1.06,0.07,-0.28828,-0.15395,-0.02323,0.9448,-0.73,1.06,0.1,-0.38464,-0.27425,0.62233,0.62414,-0.76,1.07,0.11,-0.21597,-0.10579,0.60076,0.7624,-0.77,1.07,0.14,-0.11394,-0.06604,0.67748,0.72366,-0.78,1.08,0.17,-0.11394,-0.06604,0.67748,0.72366,-0.72,1.07,0.1,-0.28828,-0.15395,-0.02323,0.9448,-0.74,1.1,0.14,-0.09507,-0.19767,0.06816,0.97326,-0.76,1.11,0.17,0.30193,-0.16062,0.11583,0.93254,-0.76,1.1,0.19,0.47281,-0.10966,0.13491,0.86384,-0.76,1.08,0.2,0.47281,-0.10966,0.13491,0.86384,-0.71,1.07,0.1,-0.28828,-0.15395,-0.02323,0.9448,-0.72,1.11,0.14,-0.03342,-0.16635,0.01539,0.98538,-0.73,1.11,0.18,0.34785,-0.14852,0.06515,0.92342,-0.74,1.09,0.2,0.5522,-0.11627,0.03375,0.82487,-0.74,1.07,0.21,0.5522,-0.11627,0.03375,0.82487,-0.69,1.07,0.1,-0.28828,-0.15395,-0.02323,0.9448,-0.7,1.1,0.15,-0.12575,-0.12151,-0.06966,0.98213,-0.71,1.11,0.18,0.38653,-0.15909,-0.03858,0.90763,-0.72,1.09,0.2,0.66374,-0.18174,-0.01363,0.72542,-0.73,1.07,0.2,0.66374,-0.18174,-0.01363,0.72542,-0.68,1.07,0.11,-0.22663,-0.07654,-0.25574,0.93668,-0.68,1.09,0.15,-0.3796,-0.00216,-0.16883,0.90962,-0.68,1.11,0.17,0.25795,-0.12781,-0.21195,0.93392,-0.69,1.1,0.19,0.62043,-0.24745,-0.14674,0.72959,-0.7,1.09,0.19,0.62043,-0.24745,-0.14674,0.72959,-0.81,1.08,0.19
-0.79,1.44,-0.15,-0.79,1.44,-0.15,-0.85,1.09,0.11,0.31547,-0.05783,-0.10501,-0.94133,-0.86,1.06,0.06,0.31547,-0.05783,-0.10501,-0.94133,-0.82,1.07,0.09,0.40576,-0.17487,0.55296,-0.70641,-0.8,1.08,0.11,0.16214,0.0095,0.50535,-0.84749,-0.8,1.09,0.14,0.06102,0.02045,0.57681,-0.81434,-0.79,1.09,0.16,0.06102,0.02045,0.57681,-0.81434,-0.83,1.07,0.09,0.31547,-0.05783,-0.10501,-0.94133,-0.83,1.11,0.13,0.04203,-0.07563,-0.04641,-0.99517,-0.82,1.11,0.17,-0.3324,-0.09142,-0.04066,-0.93782,-0.82,1.1,0.19,-0.48401,-0.06959,-0.03344,-0.87165,-0.82,1.08,0.2,-0.48401,-0.06959,-0.03344,-0.87165,-0.85,1.07,0.09,0.31547,-0.05783,-0.10501,-0.94133,-0.85,1.11,0.13,0.05771,-0.06912,-0.10356,-0.99054,-0.85,1.12,0.18,-0.32196,-0.10409,-0.08243,-0.9374,-0.84,1.1,0.2,-0.48171,-0.10365,-0.12151,-0.86165,-0.83,1.08,0.21,-0.48171,-0.10365,-0.12151,-0.86165,-0.87,1.07,0.09,0.31547,-0.05783,-0.10501,-0.94133,-0.87,1.1,0.14,0.14271,-0.0441,-0.16553,-0.97483,-0.87,1.11,0.17,-0.27304,-0.12523,-0.17066,-0.93843,-0.86,1.1,0.19,-0.47904,-0.18474,-0.15953,-0.84317,-0.85,1.08,0.21,-0.47904,-0.18474,-0.15953,-0.84317,-0.88,1.07,0.09,0.26144,0.00889,-0.33976,-0.9034,-0.88,1.09,0.13,0.17389,-0.03668,-0.24545,-0.95298,-0.89,1.1,0.16,-0.24129,-0.12488,-0.27996,-0.92077,-0.88,1.09,0.18,-0.42899,-0.22899,-0.25438,-0.83596,-0.86,1.08,0.19,-0.42899,-0.22899,-0.25438,-0.83596,-0.72,1.08,0.13,-0.19359,-0.14539,0.02484,0.96993,-0.7,1.06,0.07,-0.19359,-0.14539,0.02484,0.96993,-0.74,1.06,0.1,-0.31799,-0.34177,0.61673,0.63381,-0.77,1.06,0.12,-0.17518,-0.19269,0.60526,0.75223,-0.78,1.06,0.15,-0.12288,-0.19374,0.6811,0.69532,-0.79,1.06,0.17,-0.12288,-0.19374,0.6811,0.69532,-0.73,1.07,0.1,-0.19359,-0.14539,0.02484,0.96993,-0.75,1.09,0.15,-0.046,-0.24288,0.11235,0.96243,-0.77,1.09,0.18,0.2169,-0.20549,0.14731,0.94288,-0.78,1.08,0.2,0.34605,-0.15705,0.16352,0.91041,-0.78,1.06,0.22,0.34605,-0.15705,0.16352,0.91041,-0.71,1.07,0.1,-0.19359,-0.14539,0.02484,0.96993,-0.73,1.1,0.15,-0.08103,-0.13153,0.02991,0.98754,-0.74,1.1,0.19,0.36614,-0.1068,0.07235,0.92158,-0.75,1.08,0.21,0.63357,-0.06544,0.03082,0.7703,-0.75,1.06,0.22,0.63357,-0.06544,0.03082,0.7703,-0.7,1.07,0.11,-0.19359,-0.14539,0.02484,0.96993,-0.71,1.09,0.16,-0.14383,-0.06951,-0.03707,0.98646,-0.72,1.1,0.19,0.44791,-0.10064,-0.02962,0.8879,-0.72,1.08,0.21,0.76405,-0.11935,-0.02048,0.63369,-0.73,1.06,0.2,0.76405,-0.11935,-0.02048,0.63369,-0.69,1.07,0.11,-0.14303,-0.04424,-0.20127,0.96803,-0.69,1.08,0.15,-0.291,0.03584,-0.10587,0.95017,-0.69,1.1,0.18,0.35322,-0.05246,-0.18805,0.91494,-0.69,1.09,0.19,0.74002,-0.17609,-0.15272,0.63091,-0.7,1.07,0.19,0.74002,-0.17609,-0.15272,0.63091,-0.81,1.08,0.19
-0.79,1.44,-0.15,-0.79,1.44,-0.15,-0.85,1.09,0.11,0.317,-0.05779,-0.10689,-0.94061,-0.86,1.06,0.06,0.317,-0.05779,-0.10689,-0.94061,-0.82,1.07,0.09,0.4087,-0.17153,0.55058,-0.70739,-0.8,1.08,0.11,0.16364,0.01237,0.5019,-0.84922,-0.8,1.09,0.14,0.05737,0.02648,0.57279,-0.81727,-0.8,1.09,0.16,0.05737,0.02648,0.57279,-0.81727,-0.84,1.07,0.09,0.317,-0.05779,-0.10689,-0.94061,-0.83,1.11,0.13,0.04522,-0.07612,-0.04834,-0.9949,-0.82,1.11,0.17,-0.33229,-0.0928,-0.04195,-0.93766,-0.82,1.1,0.19,-0.48675,-0.07132,-0.03419,-0.86996,-0.82,1.08,0.2,-0.48675,-0.07132,-0.03419,-0.86996,-0.85,1.07,0.09,0.317,-0.05779,-0.10689,-0.94061,-0.85,1.11,0.13,0.06585,-0.0682,-0.10632,-0.9898,-0.85,1.12,0.18,-0.31871,-0.1048,-0.08483,-0.93821,-0.84,1.1,0.2,-0.48358,-0.10539,-0.12365,-0.86009,-0.83,1.08,0.21,-0.48358,-0.10539,-0.12365,-0.86009,-0.87,1.07,0.09,0.317,-0.05779,-0.10689,-0.94061,-0.87,1.1,0.13,0.15146,-0.04291,-0.16799,-0.97314,-0.87,1.11,0.17,-0.27066,-0.12662,-0.17251,-0.93859,-0.86,1.1,0.19,-0.48216,-0.18735,-0.16016,-0.8407,-0.85,1.08,0.21,-0.48216,-0.18735,-0.16016,-0.8407,-0.88,1.07,0.09,0.26268,0.00847,-0.34165,-0.90233,-0.88,1.09,0.13,0.18192,-0.0354,-0.24726,-0.95106,-0.89,1.1,0.16,-0.236,-0.1259,-0.28191,-0.9214,-0.88,1.09,0.18,-0.42898,-0.23187,-0.25464,-0.83509,-0.87,1.08,0.19,-0.42898,-0.23187,-0.25464,-0.83509,-0.72,1.08,0.13,-0.16035,-0.14319,0.01271,0.97654,-0.7,1.07,0.07,-0.16035,-0.14319,0.01271,0.97654,-0.74,1.06,0.1,-0.33085,-0.33692,0.57197,0.67073,-0.77,1.06,0.12,-0.20314,-0.21543,0.54851,0.78196,-0.78,1.07,0.15,-0.18884,-0.24649,0.62173,0.71905,-0.8,1.07,0.16,-0.18884,-0.24649,0.62173,0.71905,-0.73,1.07,0.1,-0.16035,-0.14319,0.01271,0.97654,-0.75,1.09,0.15,0.00689,-0.27284,0.11083,0.95563,-0.77,1.08,0.19,0.22095,-0.24068,0.14214,0.93437,-0.78,1.07,0.2,0.31441,-0.19866,0.15519,0.9152,-0.78,1.06,0.22,0.31441,-0.19866,0.15519,0.9152,-0.71,1.07,0.11,-0.16035,-0.14319,0.01271,0.97654,-0.73,1.09,0.16,-0.09407,-0.11566,0.00861,0.98879,-0.74,1.1,0.2,0.41146,-0.09907,0.05233,0.90451,-0.74,1.08,0.22,0.70769,-0.05676,0.00952,0.70417,-0.74,1.06,0.22,0.70769,-0.05676,0.00952,0.70417,-0.7,1.07,0.11,-0.16035,-0.14319,0.01271,0.97654,-0.71,1.09,0.16,-0.16515,-0.05094,-0.05192,0.98358,-0.71,1.1,0.19,0.47101,-0.0967,-0.04822,0.87548,-0.72,1.08,0.21,0.80346,-0.12134,-0.0365,0.58172,-0.72,1.06,0.2,0.80346,-0.12134,-0.0365,0.58172,-0.69,1.07,0.11,-0.10948,-0.03453,-0.20976,0.97099,-0.69,1.08,0.16,-0.25594,0.04778,-0.11099,0.95911,-0.69,1.09,0.18,0.37385,-0.04089,-0.19984,0.90478,-0.69,1.08,0.2,0.76636,-0.17418,-0.16628,0.59557,-0.7,1.06,0.19,0.76636,-0.17418,-0.16628,0.59557,-0.81,1.08,0.19
-0.79,1.44,-0.15,-0.79,1.44,-0.15,-0.85,1.09,0.11,0.31694,-0.05865,-0.11205,-0.93998,-0.86,1.06,0.06,0.31694,-0.05865,-0.11205,-0.93998,-0.82,1.07,0.09,0.41153,-0.17019,0.54564,-0.7099,-0.8,1.08,0.11,0.16483,0.01224,0.49652,-0.85214,-0.8,1.09,0.14,0.05548,0.02793,0.56741,-0.82109,-0.8,1.1,0.16,0.05548,0.02793,0.56741,-0.82109,-0.84,1.07,0.09,0.31694,-0.05865,-0.11205,-0.93998,-0.83,1.11,0.13,0.04471,-0.07859,-0.05289,-0.9945,-0.82,1.11,0.17,-0.3332,-0.09681,-0.04517,-0.93678,-0.82,1.1,0.19,-0.48899,-0.07589,-0.03651,-0.86821,-0.82,1.08,0.2,-0.48899,-0.07589,-0.03651,-0.86821,-0.85,1.07,0.09,0.31694,-0.05865,-0.11205,-0.93998,-0.85,1.11,0.13,0.07083,-0.06905,-0.1119,-0.98878,-0.85,1.12,0.18,-0.31548,-0.10795,-0.08944,-0.93852,-0.84,1.1,0.2,-0.48118,-0.10954,-0.12761,-0.86034,-0.83,1.08,0.21,-0.48118,-0.10954,-0.12761,-0.86034,-0.87,1.07,0.09,0.31694,-0.05865,-0.11205,-0.93998,-0.87,1.1,0.14,0.15663,-0.04307,-0.17344,-0.97136,-0.87,1.11,0.17,-0.26613,-0.12942,-0.17714,-0.93864,-0.86,1.1,0.19,-0.47714,-0.19116,-0.16394,-0.84198,-0.85,1.08,0.21,-0.47714,-0.19116,-0.16394,-0.84198,-0.88,1.06,0.1,0.26173,0.00747,-0.34649,-0.90077,-0.88,1.09,0.13,0.18564,-0.03574,-0.25208,-0.94906,-0.89,1.1,0.16,-0.23028,-0.12803,-0.28625,-0.92122,-0.88,1.09,0.18,-0.4215,-0.23445,-0.25848,-0.837,-0.87,1.08,0.19,-0.4215,-0.23445,-0.25848,-0.837,-0.72,1.09,0.13,-0.21262,-0.15172,-0.04241,0.96435,-0.7,1.07,0.07,-0.21262,-0.15172,-0.04241,0.96435,-0.74,1.07,0.1,-0.40947,-0.28053,0.52227,0.69345,-0.76,1.08,0.12,-0.28295,-0.1779,0.48196,0.80994,-0.78,1.09,0.14,-0.28541,-0.2154,0.55969,0.74759,-0.8,1.09,0.16,-0.28541,-0.2154,0.55969,0.74759,-0.73,1.08,0.1,-0.21262,-0.15172,-0.04241,0.96435,-0.75,1.1,0.15,0.00717,-0.28212,0.08669,0.95543,-0.77,1.1,0.18,0.23847,-0.25273,0.12528,0.92928,-0.78,1.09,0.2,0.33612,-0.21155,0.14121,0.90682,-0.78,1.08,0.22,0.33612,-0.21155,0.14121,0.90682,-0.71,1.08,0.1,-0.21262,-0.15172,-0.04241,0.96435,-0.72,1.11,0.16,-0.13571,-0.12403,-0.04716,0.98182,-0.73,1.12,0.19,0.41522,-0.134,0.01458,0.89968,-0.74,1.1,0.21,0.72945,-0.10071,-0.01238,0.67646,-0.74,1.07,0.21,0.72945,-0.10071,-0.01238,0.67646,-0.69,1.08,0.11,-0.21262,-0.15172,-0.04241,0.96435,-0.71,1.1,0.16,-0.19814,-0.06586,-0.11025,0.97172,-0.71,1.12,0.19,0.46923,-0.14789,-0.07952,0.86696,-0.72,1.1,0.2,0.8103,-0.18037,-0.03956,0.55617,-0.72,1.07,0.2,0.8103,-0.18037,-0.03956,0.55617,-0.69,1.08,0.11,-0.1508,-0.05633,-0.26777,0.94994,-0.69,1.09,0.16,-0.25542,0.01771,-0.17831,0.95008,-0.68,1.1,0.18,0.37004,-0.10496,-0.2344,0.89281,-0.69,1.09,0.2,0.75599,-0.24647,-0.16392,0.58383,-0.7,1.07,0.19,0.75599,-0.24647,-0.16392,0.58383,-0.81,1.08,0.19
-0.79,1.44,-0.15,-0.79,1.44,-0.15,-0.85,1.09,0.11,0.31317,-0.05842,-0.1194,-0.94035,-0.86,1.05,0.06,0.31317,-0.05842,-0.1194,-0.94035,-0.82,1.07,0.09,0.41193,-0.17118,0.53835,-0.71497,-0.8,1.08,0.11,0.16379,0.00876,0.48953,-0.85642,-0.8,1.09,0.14,0.05187,0.02542,0.56078,-0.82595,-0.8,1.09,0.16,0.05187,0.02542,0.56078,-0.82595,-0.84,1.07,0.09,0.31317,-0.05842,-0.1194,-0.94035,-0.83,1.11,0.13,0.04153,-0.08019,-0.06027,-0.99409,-0.82,1.11,0.17,-0.33425,-0.10088,-0.05161,-0.93565,-0.82,1.1,0.19,-0.48949,-0.08095,-0.04219,-0.86722,-0.82,1.08,0.2,-0.48949,-0.08095,-0.04219,-0.86722,-0.85,1.07,0.09,0.31317,-0.05842,-0.1194,-0.94035,-0.85,1.11,0.14,0.07082,-0.06918,-0.11984,-0.98785,-0.85,1.12,0.18,-0.31506,-0.11112,-0.09672,-0.93757,-0.84,1.1,0.2,-0.47964,-0.11384,-0.13418,-0.85964,-0.83,1.08,0.21,-0.47964,-0.11384,-0.13418,-0.85964,-0.87,1.07,0.09,0.31317,-0.05842,-0.1194,-0.94035,-0.87,1.1,0.14,0.15604,-0.04251,-0.18096,-0.9701,-0.87,1.11,0.17,-0.26499,-0.13184,-0.18428,-0.93725,-0.86,1.1,0.19,-0.47352,-0.19486,-0.17055,-0.84186,-0.85,1.08,0.21,-0.47352,-0.19486,-0.17055,-0.84186,-0.88,1.06,0.1,0.25709,0.0084,-0.35315,-0.89951,-0.88,1.08,0.13,0.18274,-0.03602,-0.25885,-0.94779,-0.89,1.1,0.16,-0.22808,-0.12952,-0.29255,-0.91958,-0.88,1.09,0.18,-0.414,-0.23591,-0.26525,-0.83821,-0.87,1.08,0.19,-0.414,-0.23591,-0.26525,-0.83821,-0.71,1.1,0.12,-0.32106,-0.15652,-0.10588,0.92801,-0.69,1.06,0.07,-0.32106,-0.15652,-0.10588,0.92801,-0.73,1.07,0.1,-0.50132,-0.20163,0.49509,0.68037,-0.75,1.09,0.11,-0.36896,-0.10721,0.43974,0.81179,-0.77,1.1,0.13,-0.35806,-0.13086,0.5258,0.7604,-0.78,1.12,0.15,-0.35806,-0.13086,0.5258,0.7604,-0.72,1.08,0.1,-0.32106,-0.15652,-0.10588,0.92801,-0.73,1.12,0.14,-0.0939,-0.24086,0.01632,0.96587,-0.75,1.12,0.17,0.26743,-0.2236,0.07734,0.93408,-0.76,1.11,0.19,0.40444,-0.1833,0.09986,0.89042,-0.77,1.09,0.2,0.40444,-0.1833,0.09986,0.89042,-0.7,1.08,0.1,-0.32106,-0.15652,-0.10588,0.92801,-0.71,1.12,0.14,-0.18266,-0.13768,-0.10643,0.96765,-0.72,1.13,0.18,0.38189,-0.17835,-0.02506,0.90649,-0.73,1.12,0.2,0.69676,-0.15952,-0.03346,0.69854,-0.74,1.09,0.2,0.69676,-0.15952,-0.03346,0.69854,-0.69,1.08,0.11,-0.32106,-0.15652,-0.10588,0.92801,-0.7,1.11,0.15,-0.20373,-0.09981,-0.17154,0.9587,-0.7,1.12,0.18,0.46511,-0.21399,-0.10239,0.85288,-0.71,1.11,0.19,0.79611,-0.24962,-0.03165,0.55036,-0.72,1.08,0.19,0.79611,-0.24962,-0.03165,0.55036,-0.68,1.07,0.11,-0.24654,-0.08969,-0.33682,0.90428,-0.68,1.09,0.15,-0.2668,-0.05051,-0.25487,0.92807,-0.68,1.11,0.18,0.37222,-0.21118,-0.24887,0.86886,-0.69,1.1,0.19,0.72198,-0.34083,-0.13597,0.5866,-0.7,1.08,0.18,0.72198,-0.34083,-0.13597,0.5866,-0.81,1.08,0.19
-0.79,1.44,-0.15,-0.79,1.44,-0.15,-0.85,1.09,0.11,0.31524,-0.05708,-0.12262,-0.93932,-0.86,1.06,0.06,0.31524,-0.05708,-0.12262,-0.93932,-0.82,1.07,0.09,0.41221,-0.16934,0.53758,-0.71583,-0.8,1.08,0.11,0.16528,0.00945,0.48805,-0.85697,-0.8,1.09,0.14,0.05409,0.02552,0.55946,-0.8267,-0.8,1.1,0.16,0.05409,0.02552,0.55946,-0.8267,-0.84,1.07,0.09,0.31524,-0.05708,-0.12262,-0.93932,-0.83,1.11,0.13,0.04491,-0.07935,-0.06409,-0.99377,-0.83,1.11,0.17,-0.33053,-0.10158,-0.05549,-0.93667,-0.82,1.1,0.19,-0.48608,-0.08234,-0.04601,-0.86881,-0.82,1.08,0.2,-0.48608,-0.08234,-0.04601,-0.86881,-0.85,1.07,0.09,0.31524,-0.05708,-0.12262,-0.93932,-0.85,1.11,0.13,0.0801,-0.06623,-0.12476,-0.98673,-0.85,1.12,0.18,-0.30658,-0.11046,-0.10232,-0.93986,-0.84,1.1,0.2,-0.47033,-0.11456,-0.13992,-0.86376,-0.83,1.08,0.21,-0.47033,-0.11456,-0.13992,-0.86376,-0.87,1.07,0.09,0.31524,-0.05708,-0.12262,-0.93932,-0.87,1.1,0.14,0.16204,-0.04038,-0.18492,-0.96846,-0.87,1.11,0.17,-0.2563,-0.13132,-0.18891,-0.93882,-0.86,1.1,0.19,-0.46187,-0.19506,-0.17546,-0.84725,-0.85,1.08,0.21,-0.46187,-0.19506,-0.17546,-0.84725,-0.88,1.06,0.1,0.25893,0.00906,-0.35637,-0.8977,-0.89,1.08,0.13,0.18665,-0.03573,-0.2619,-0.9462,-0.89,1.1,0.16,-0.21335,-0.12755,-0.29642,-0.92214,-0.88,1.09,0.18,-0.39166,-0.23249,-0.27066,-0.84811,-0.87,1.08,0.19,-0.39166,-0.23249,-0.27066,-0.84811,-0.71,1.09,0.12,-0.32264,-0.16245,-0.08976,0.92815,-0.69,1.05,0.08,-0.32264,-0.16245,-0.08976,0.92815,-0.73,1.06,0.1,-0.48506,-0.22335,0.52535,0.66245,-0.76,1.08,0.11,-0.33347,-0.10776,0.48068,0.80382,-0.77,1.09,0.14,-0.28089,-0.10667,0.56659,0.76727,-0.78,1.1,0.16,-0.28089,-0.10667,0.56659,0.76727,-0.72,1.07,0.1,-0.32264,-0.16245,-0.08976,0.92815,-0.74,1.11,0.14,-0.0835,-0.20539,0.01288,0.97503,-0.75,1.11,0.17,0.32321,-0.18849,0.07006,0.92472,-0.76,1.1,0.19,0.49557,-0.1453,0.09622,0.85091,-0.76,1.08,0.2,0.49557,-0.1453,0.09622,0.85091,-0.7,1.07,0.1,-0.32264,-0.16245,-0.08976,0.92815,-0.71,1.11,0.15,-0.18354,-0.13531,-0.09238,0.96926,-0.72,1.13,0.18,0.35583,-0.16818,-0.01943,0.91909,-0.73,1.11,0.2,0.63429,-0.15184,-0.03691,0.75714,-0.74,1.09,0.21,0.63429,-0.15184,-0.03691,0.75714,-0.69,1.07,0.11,-0.32264,-0.16245,-0.08976,0.92815,-0.7,1.1,0.15,-0.21,-0.10486,-0.15504,0.95962,-0.7,1.12,0.18,0.40958,-0.20258,-0.09747,0.88414,-0.71,1.1,0.2,0.7183,-0.2407,-0.0439,0.6513,-0.72,1.08,0.2,0.7183,-0.2407,-0.0439,0.6513,-0.68,1.07,0.11,-0.2491,-0.09544,-0.32136,0.90861,-0.68,1.09,0.15,-0.27955,-0.06386,-0.23709,0.9282,-0.68,1.11,0.18,0.35386,-0.20944,-0.22867,0.8824,-0.69,1.09,0.19,0.67979,-0.32558,-0.13357,0.64346,-0.7,1.08,0.19,0.67979,-0.32558,-0.13357,0.64346,-0.81,1.08,0.19
-0.79,1.44,-0.15,-0.79,1.44,-0.15,-0.85,1.09,0.11,0.31515,-0.05738,-0.12176,-0.93945,-0.86,1.06,0.06,0.31515,-0.05738,-0.12176,-0.93945,-0.82,1.07,0.09,0.40892,-0.17188,0.54109,-0.71447,-0.8,1.08,0.11,0.16352,0.00783,0.49236,-0.85486,-0.8,1.09,0.14,0.05382,0.02337,0.56377,-0.82384,-0.8,1.1,0.16,0.05382,0.02337,0.56377,-0.82384,-0.84,1.07,0.09,0.31515,-0.05738,-0.12176,-0.93945,-0.83,1.11,0.13,0.04883,-0.07887,-0.06379,-0.99364,-0.83,1.12,0.17,-0.32733,-0.10116,-0.05533,-0.93785,-0.82,1.1,0.19,-0.48471,-0.08202,-0.04582,-0.86961,-0.82,1.08,0.2,-0.48471,-0.08202,-0.04582,-0.86961,-0.85,1.07,0.09,0.31515,-0.05738,-0.12176,-0.93945,-0.85,1.11,0.13,0.08735,-0.06362,-0.12536,-0.98621,-0.85,1.12,0.18,-0.29967,-0.10838,-0.10387,-0.94216,-0.84,1.1,0.2,-0.46315,-0.11315,-0.14191,-0.86749,-0.83,1.09,0.21,-0.46315,-0.11315,-0.14191,-0.86749,-0.87,1.07,0.09,0.31515,-0.05738,-0.12176,-0.93945,-0.87,1.1,0.13,0.1657,-0.03905,-0.18455,-0.96797,-0.87,1.11,0.17,-0.25042,-0.12966,-0.18933,-0.94055,-0.86,1.1,0.19,-0.45505,-0.19344,-0.17632,-0.85113,-0.85,1.09,0.21,-0.45505,-0.19344,-0.17632,-0.85113,-0.88,1.06,0.1,0.25891,0.00882,-0.35555,-0.89804,-0.89,1.08,0.13,0.18908,-0.03574,-0.26081,-0.94602,-0.89,1.1,0.16,-0.20537,-0.12556,-0.29598,-0.92437,-0.88,1.09,0.18,-0.38127,-0.22964,-0.27097,-0.85351,-0.87,1.08,0.19,-0.38127,-0.22964,-0.27097,-0.85351,-0.71,1.09,0.13,-0.30502,-0.14754,-0.095,0.93604,-0.69,1.05,0.07,-0.30502,-0.14754,-0.095,0.93604,-0.73,1.06,0.1,-0.45661,-0.22734,0.53268,0.67533,-0.75,1.08,0.11,-0.29623,-0.10272,0.49042,0.81314,-0.77,1.09,0.14,-0.23215,-0.09749,0.57518,0.77831,-0.78,1.1,0.16,-0.23215,-0.09749,0.57518,0.77831,-0.72,1.07,0.1,-0.30502,-0.14754,-0.095,0.93604,-0.73,1.11,0.14,-0.06517,-0.18495,-0.00188,0.98058,-0.75,1.11,0.18,0.33999,-0.1754,0.04777,0.92269,-0.75,1.1,0.19,0.51238,-0.13645,0.07234,0.84476,-0.76,1.08,0.2,0.51238,-0.13645,0.07234,0.84476,-0.7,1.07,0.1,-0.30502,-0.14754,-0.095,0.93604,-0.71,1.11,0.15,-0.16525,-0.12064,-0.099,0.97383,-0.72,1.12,0.19,0.32647,-0.15713,-0.04086,0.93116,-0.73,1.11,0.21,0.56952,-0.15001,-0.06472,0.80558,-0.74,1.09,0.21,0.56952,-0.15001,-0.06472,0.80558,-0.69,1.07,0.11,-0.30502,-0.14754,-0.095,0.93604,-0.69,1.1,0.15,-0.19531,-0.09139,-0.1598,0.96331,-0.7,1.12,0.18,0.3785,-0.1889,-0.11829,0.89837,-0.71,1.1,0.2,0.66131,-0.23621,-0.07628,0.70785,-0.72,1.08,0.2,0.66131,-0.23621,-0.07628,0.70785,-0.68,1.07,0.11,-0.23425,-0.07635,-0.32586,0.91275,-0.68,1.09,0.15,-0.28749,-0.03898,-0.24076,0.92621,-0.68,1.1,0.18,0.31934,-0.18626,-0.25081,0.89466,-0.69,1.09,0.19,0.62725,-0.30927,-0.17206,0.69377,-0.7,1.08,0.19,0.62725,-0.30927,-0.17206,0.69377,-0.81,1.08,0.19
-0.79,1.44,-0.15,-0.79,1.44,-0.15,-0.85,1.09,0.11,0.31397,-0.05946,-0.11981,-0.93997,-0.86,1.06,0.06,0.31397,-0.05946,-0.11981,-0.93997,-0.82,1.07,0.09,0.40628,-0.17643,0.5443,-0.71242,-0.8,1.08,0.11,0.16131,0.00479,0.49712,-0.85254,-0.8,1.09,0.14,0.05328,0.01978,0.56864,-0.82062,-0.8,1.09,0.16,0.05328,0.01978,0.56864,-0.82062,-0.84,1.07,0.09,0.31397,-0.05946,-0.11981,-0.93997,-0.83,1.11,0.13,0.05569,-0.0796,-0.06241,-0.99331,-0.82,1.12,0.17,-0.31923,-0.1014,-0.05392,-0.94069,-0.82,1.1,0.19,-0.4791,-0.08222,-0.04441,-0.87277,-0.82,1.08,0.2,-0.4791,-0.08222,-0.04441,-0.87277,-0.85,1.07,0.09,0.31397,-0.05946,-0.11981,-0.93997,-0.85,1.11,0.13,0.0946,-0.06239,-0.1245,-0.98573,-0.85,1.12,0.18,-0.29118,-0.10683,-0.10371,-0.94501,-0.84,1.1,0.2,-0.45431,-0.11202,-0.14217,-0.87226,-0.83,1.09,0.21,-0.45431,-0.11202,-0.14217,-0.87226,-0.87,1.07,0.09,0.31397,-0.05946,-0.11981,-0.93997,-0.87,1.1,0.13,0.17003,-0.039,-0.18285,-0.96754,-0.87,1.11,0.17,-0.24283,-0.1284,-0.18814,-0.94295,-0.86,1.1,0.19,-0.44668,-0.19189,-0.17549,-0.85607,-0.85,1.09,0.21,-0.44668,-0.19189,-0.17549,-0.85607,-0.88,1.06,0.09,0.2576,0.00716,-0.35356,-0.89922,-0.88,1.08,0.13,0.19176,-0.03757,-0.25816,-0.94613,-0.89,1.1,0.16,-0.19529,-0.12403,-0.29359,-0.92751,-0.88,1.09,0.18,-0.36844,-0.22669,-0.26929,-0.86043,-0.87,1.08,0.19,-0.36844,-0.22669,-0.26929,-0.86043,-0.7,1.09,0.12,-0.31147,-0.13381,-0.10496,0.93491,-0.69,1.06,0.07,-0.31147,-0.13381,-0.10496,0.93491,-0.73,1.07,0.1,-0.44833,-0.20575,0.53806,0.68349,-0.75,1.08,0.11,-0.28446,-0.07704,0.49109,0.81974,-0.76,1.09,0.14,-0.21397,-0.07045,0.5744,0.78697,-0.77,1.1,0.16,-0.21397,-0.07045,0.5744,0.78697,-0.72,1.07,0.1,-0.31147,-0.13381,-0.10496,0.93491,-0.73,1.11,0.14,-0.07758,-0.1729,-0.01669,0.98174,-0.74,1.12,0.17,0.32878,-0.17065,0.02939,0.9284,-0.75,1.1,0.19,0.50322,-0.13535,0.05313,0.85184,-0.75,1.08,0.2,0.50322,-0.13535,0.05313,0.85184,-0.7,1.07,0.1,-0.31147,-0.13381,-0.10496,0.93491,-0.71,1.11,0.14,-0.16619,-0.11118,-0.10951,0.97367,-0.72,1.13,0.18,0.29571,-0.15214,-0.05942,0.94121,-0.72,1.11,0.2,0.51829,-0.15135,-0.08624,0.83728,-0.73,1.09,0.21,0.51829,-0.15135,-0.08624,0.83728,-0.68,1.07,0.11,-0.31147,-0.13381,-0.10496,0.93491,-0.69,1.1,0.15,-0.20252,-0.08108,-0.1708,0.96085,-0.69,1.12,0.18,0.3381,-0.18223,-0.13881,0.91281,-0.71,1.1,0.2,0.60417,-0.23654,-0.10247,0.75401,-0.72,1.08,0.2,0.60417,-0.23654,-0.10247,0.75401,-0.68,1.07,0.11,-0.24196,-0.06473,-0.33642,0.90779,-0.67,1.09,0.15,-0.32149,-0.01153,-0.25139,0.91286,-0.67,1.11,0.17,0.2621,-0.16766,-0.27761,0.90891,-0.68,1.1,0.19,0.55926,-0.29832,-0.20826,0.74489,-0.69,1.08,0.19,0.55926,-0.29832,-0.20826,0.74489,-0.81,1.08,0.19
-0.79,1.44,-0.15,-0.79,1.44,-0.15,-0.85,1.09,0.11,0.30337,-0.05824,-0.11306,-0.94435,-0.86,1.06,0.06,0.30337,-0.05824,-0.11306,-0.94435,-0.82,1.07,0.09,0.40101,-0.18587,0.54342,-0.71368,-0.8,1.08,0.11,0.15719,-0.00515,0.49929,-0.85204,-0.8,1.09,0.14,0.05573,0.00581,0.57201,-0.81833,-0.79,1.09,0.16,0.05573,0.00581,0.57201,-0.81833,-0.84,1.07,0.09,0.30337,-0.05824,-0.11306,-0.94435,-0.83,1.11,0.14,0.06404,-0.07667,-0.05785,-0.99331,-0.82,1.11,0.17,-0.29846,-0.09649,-0.0521,-0.9481,-0.82,1.1,0.19,-0.45832,-0.07716,-0.04423,-0.88433,-0.82,1.08,0.2,-0.45832,-0.07716,-0.04423,-0.88433,-0.85,1.07,0.09,0.30337,-0.05824,-0.11306,-0.94435,-0.85,1.11,0.14,0.0931,-0.05746,-0.11903,-0.98685,-0.85,1.12,0.18,-0.28758,-0.09959,-0.10112,-0.94718,-0.84,1.1,0.2,-0.44785,-0.10437,-0.14103,-0.87673,-0.83,1.08,0.21,-0.44785,-0.10437,-0.14103,-0.87673,-0.87,1.07,0.09,0.30337,-0.05824,-0.11306,-0.94435,-0.87,1.1,0.14,0.16061,-0.03483,-0.17645,-0.97049,-0.87,1.11,0.17,-0.24742,-0.12066,-0.18479,-0.94344,-0.86,1.1,0.19,-0.44866,-0.18312,-0.17448,-0.85716,-0.85,1.08,0.21,-0.44866,-0.18312,-0.17448,-0.85716,-0.88,1.06,0.1,0.24846,0.01127,-0.34647,-0.90449,-0.88,1.08,0.13,0.18199,-0.03428,-0.25124,-0.95004,-0.89,1.09,0.16,-0.19977,-0.11589,-0.28898,-0.92906,-0.88,1.09,0.18,-0.36833,-0.21641,-0.2677,-0.86362,-0.87,1.08,0.19,-0.36833,-0.21641,-0.2677,-0.86362,-0.7,1.1,0.12,-0.33271,-0.14436,-0.10656,0.9258,-0.69,1.06,0.07,-0.33271,-0.14436,-0.10656,0.9258,-0.73,1.07,0.1,-0.45597,-0.19689,0.55203,0.66976,-0.75,1.08,0.11,-0.2876,-0.06075,0.50461,0.81177,-0.76,1.1,0.14,-0.20727,-0.04682,0.58625,0.78177,-0.77,1.1,0.16,-0.20727,-0.04682,0.58625,0.78177,-0.72,1.08,0.1,-0.33271,-0.14436,-0.10656,0.9258,-0.73,1.12,0.14,-0.12953,-0.179,-0.02325,0.97501,-0.74,1.12,0.17,0.28543,-0.18,0.02753,0.94094,-0.75,1.11,0.19,0.46957,-0.14504,0.05309,0.86928,-0.76,1.09,0.2,0.46957,-0.14504,0.05309,0.86928,-0.7,1.07,0.1,-0.33271,-0.14436,-0.10656,0.9258,-0.71,1.12,0.14,-0.16907,-0.12639,-0.10692,0.9716,-0.72,1.13,0.18,0.28321,-0.16405,-0.05175,0.94351,-0.73,1.12,0.2,0.49722,-0.1616,-0.07697,0.84896,-0.74,1.1,0.21,0.49722,-0.1616,-0.07697,0.84896,-0.68,1.07,0.1,-0.33271,-0.14436,-0.10656,0.9258,-0.69,1.11,0.14,-0.19852,-0.09821,-0.16988,0.96025,-0.7,1.12,0.18,0.3319,-0.19474,-0.1309,0.91367,-0.71,1.11,0.2,0.59181,-0.24567,-0.09265,0.76211,-0.72,1.09,0.2,0.59181,-0.24567,-0.09265,0.76211,-0.68,1.07,0.11,-0.26028,-0.08065,-0.33887,0.90051,-0.68,1.09,0.15,-0.33561,-0.02004,-0.25709,0.90602,-0.67,1.11,0.17,0.24885,-0.17952,-0.27681,0.91062,-0.68,1.1,0.18,0.54028,-0.30744,-0.20522,0.75595,-0.7,1.09,0.19,0.54028,-0.30744,-0.20522,0.75595,-0.81,1.08,0.19
-0.79,1.44,-0.15,-0.79,1.44,-0.15,-0.85,1.09,0.11,0.28934,-0.05509,-0.10217,-0.95016,-0.86,1.06,0.06,0.28934,-0.05509,-0.10217,-0.95016,-0.82,1.07,0.09,0.40244,-0.19977,0.53415,-0.71612,-0.8,1.08,0.11,0.16164,-0.02442,0.49422,-0.85383,-0.79,1.09,0.14,0.07173,-0.0203,0.56967,-0.81849,-0.79,1.09,0.16,0.07173,-0.0203,0.56967,-0.81849,-0.84,1.07,0.09,0.28934,-0.05509,-0.10217,-0.95016,-0.83,1.11,0.14,0.07319,-0.0737,-0.04869,-0.9934,-0.82,1.11,0.17,-0.2688,-0.08965,-0.04664,-0.95788,-0.82,1.1,0.19,-0.42369,-0.0694,-0.04153,-0.90219,-0.82,1.08,0.21,-0.42369,-0.0694,-0.04153,-0.90219,-0.85,1.07,0.09,0.28934,-0.05509,-0.10217,-0.95016,-0.85,1.11,0.14,0.09356,-0.04999,-0.10962,-0.9883,-0.85,1.11,0.18,-0.27769,-0.08813,-0.09615,-0.95177,-0.84,1.1,0.2,-0.43163,-0.09217,-0.13833,-0.8866,-0.84,1.08,0.22,-0.43163,-0.09217,-0.13833,-0.8866,-0.87,1.07,0.09,0.28934,-0.05509,-0.10217,-0.95016,-0.87,1.1,0.14,0.14459,-0.0284,-0.16596,-0.97506,-0.87,1.11,0.17,-0.25756,-0.10879,-0.17876,-0.94333,-0.86,1.1,0.2,-0.4551,-0.16952,-0.17198,-0.85707,-0.85,1.08,0.21,-0.4551,-0.16952,-0.17198,-0.85707,-0.88,1.06,0.1,0.23695,0.01825,-0.33522,-0.91167,-0.89,1.08,0.14,0.16297,-0.02937,-0.2406,-0.95639,-0.89,1.09,0.16,-0.21563,-0.10485,-0.28122,-0.92921,-0.88,1.09,0.18,-0.37888,-0.20256,-0.2641,-0.86352,-0.87,1.07,0.2,-0.37888,-0.20256,-0.2641,-0.86352,-0.71,1.1,0.12,-0.33674,-0.16325,-0.10903,0.92091,-0.69,1.06,0.07,-0.33674,-0.16325,-0.10903,0.92091,-0.73,1.07,0.09,-0.44768,-0.2133,0.5698,0.6553,-0.75,1.08,0.11,-0.27374,-0.06617,0.52871,0.80072,-0.77,1.09,0.14,-0.18572,-0.04519,0.60875,0.77,-0.77,1.1,0.16,-0.18572,-0.04519,0.60875,0.77,-0.72,1.08,0.09,-0.33674,-0.16325,-0.10903,0.92091,-0.73,1.12,0.13,-0.16185,-0.18663,-0.03373,0.96842,-0.75,1.13,0.16,0.27413,-0.19156,0.02564,0.94207,-0.75,1.12,0.18,0.46703,-0.15649,0.0549,0.86855,-0.76,1.1,0.19,0.46703,-0.15649,0.0549,0.86855,-0.7,1.07,0.1,-0.33674,-0.16325,-0.10903,0.92091,-0.71,1.12,0.14,-0.12879,-0.15154,-0.09861,0.97505,-0.72,1.13,0.18,0.32021,-0.18231,-0.03338,0.92904,-0.73,1.11,0.19,0.52221,-0.17266,-0.0554,0.83331,-0.74,1.09,0.21,0.52221,-0.17266,-0.0554,0.83331,-0.68,1.07,0.1,-0.33674,-0.16325,-0.10903,0.92091,-0.69,1.11,0.14,-0.12922,-0.12967,-0.16035,0.96994,-0.7,1.12,0.18,0.39731,-0.21384,-0.10788,0.88588,-0.71,1.1,0.19,0.64537,-0.25486,-0.06673,0.71701,-0.73,1.08,0.19,0.64537,-0.25486,-0.06673,0.71701,-0.68,1.07,0.11,-0.26001,-0.1005,-0.34048,0.89798,-0.68,1.09,0.14,-0.28965,-0.05057,-0.26111,0.91944,-0.68,1.11,0.17,0.31525,-0.20793,-0.25974,0.88877,-0.69,1.1,0.18,0.59417,-0.32685,-0.18283,0.71183,-0.7,1.09,0.19,0.59417,-0.32685,-0.18283,0.71183,-0.81,1.08,0.19
-0.79,1.44,-0.15,-0.79,1.44,-0.15,-0.85,1.09,0.11,0.30476,-0.0496,-0.10463,-0.94536,-0.86,1.06,0.06,0.30476,-0.0496,-0.10463,-0.94536,-0.82,1.07,0.09,0.42483,-0.18752,0.52247,-0.71511,-0.8,1.08,0.11,0.18319,-0.01808,0.47855,-0.85854,-0.8,1.09,0.14,0.09478,-0.01482,0.5553,-0.8261,-0.79,1.1,0.16,0.09478,-0.01482,0.5553,-0.8261,-0.84,1.07,0.09,0.30476,-0.0496,-0.10463,-0.94536,-0.83,1.11,0.14,0.09297,-0.07307,-0.05012,-0.99172,-0.83,1.12,0.17,-0.25005,-0.09008,-0.04807,-0.96284,-0.82,1.1,0.19,-0.4039,-0.07014,-0.0436,-0.91107,-0.82,1.09,0.21,-0.4039,-0.07014,-0.0436,-0.91107,-0.85,1.07,0.09,0.30476,-0.0496,-0.10463,-0.94536,-0.85,1.11,0.14,0.11788,-0.04403,-0.11413,-0.98546,-0.85,1.12,0.18,-0.25136,-0.0843,-0.10273,-0.95873,-0.85,1.11,0.2,-0.40124,-0.09043,-0.14568,-0.89978,-0.84,1.09,0.22,-0.40124,-0.09043,-0.14568,-0.89978,-0.87,1.07,0.09,0.30476,-0.0496,-0.10463,-0.94536,-0.87,1.1,0.14,0.14436,-0.02567,-0.16992,-0.97449,-0.87,1.11,0.17,-0.25344,-0.10712,-0.18383,-0.94366,-0.86,1.1,0.2,-0.44841,-0.16865,-0.17747,-0.85964,-0.85,1.08,0.21,-0.44841,-0.16865,-0.17747,-0.85964,-0.88,1.06,0.1,0.25276,0.01965,-0.33887,-0.90603,-0.89,1.08,0.14,0.15963,-0.03052,-0.24499,-0.95581,-0.89,1.09,0.16,-0.21568,-0.10646,-0.28494,-0.92788,-0.88,1.09,0.18,-0.37101,-0.20265,-0.26884,-0.86545,-0.87,1.08,0.2,-0.37101,-0.20265,-0.26884,-0.86545,-0.71,1.1,0.12,-0.33605,-0.17787,-0.11195,0.9181,-0.69,1.06,0.07,-0.33605,-0.17787,-0.11195,0.9181,-0.73,1.07,0.09,-0.43579,-0.23372,0.58457,0.64323,-0.75,1.08,0.11,-0.2628,-0.08051,0.54993,0.78869,-0.77,1.09,0.14,-0.1736,-0.05619,0.62935,0.7554,-0.78,1.1,0.16,-0.1736,-0.05619,0.62935,0.7554,-0.72,1.08,0.09,-0.33605,-0.17787,-0.11195,0.9181,-0.73,1.12,0.13,-0.15418,-0.18471,-0.04172,0.96973,-0.75,1.13,0.16,0.30227,-0.19264,0.02185,0.9333,-0.76,1.11,0.18,0.49219,-0.15807,0.05206,0.85443,-0.76,1.1,0.19,0.49219,-0.15807,0.05206,0.85443,-0.7,1.07,0.1,-0.33605,-0.17787,-0.11195,0.9181,-0.71,1.12,0.14,-0.07746,-0.17153,-0.08913,0.97808,-0.73,1.13,0.17,0.39297,-0.19569,-0.01069,0.89842,-0.74,1.11,0.19,0.59472,-0.1757,-0.02825,0.78399,-0.74,1.08,0.2,0.59472,-0.1757,-0.02825,0.78399,-0.69,1.07,0.1,-0.33605,-0.17787,-0.11195,0.9181,-0.7,1.11,0.14,-0.07114,-0.15399,-0.15071,0.97392,-0.71,1.12,0.18,0.48336,-0.23007,-0.07988,0.84087,-0.72,1.1,0.19,0.72934,-0.25857,-0.03231,0.63258,-0.73,1.07,0.18,0.72934,-0.25857,-0.03231,0.63258,-0.68,1.07,0.11,-0.25596,-0.11496,-0.34236,0.89669,-0.68,1.1,0.14,-0.21992,-0.08938,-0.25995,0.93599,-0.68,1.11,0.17,0.4194,-0.24122,-0.22849,0.84481,-0.69,1.1,0.18,0.68767,-0.347,-0.14179,0.62177,-0.71,1.08,0.18,0.68767,-0.347,-0.14179,0.62177,-0.81,1.08,0.19
-0.79,1.44,-0.15,-0.79,1.44,-0.15,-0.85,1.09,0.11,0.3246,-0.04323,-0.10934,-0.93851,-0.86,1.06,0.06,0.3246,-0.04323,-0.10934,-0.93851,-0.83,1.07,0.09,0.44044,-0.16755,0.51978,-0.71258,-0.8,1.09,0.11,0.1977,2e-05,0.46948,-0.86052,-0.8,1.1,0.14,0.10116,0.00801,0.54529,-0.83208,-0.79,1.1,0.16,0.10116,0.00801,0.54529,-0.83208,-0.84,1.07,0.09,0.3246,-0.04323,-0.10934,-0.93851,-0.83,1.11,0.13,0.09074,-0.07011,-0.05271,-0.99201,-0.83,1.12,0.17,-0.27153,-0.08914,-0.0497,-0.957,-0.82,1.11,0.19,-0.4267,-0.06939,-0.04451,-0.90063,-0.82,1.09,0.21,-0.4267,-0.06939,-0.04451,-0.90063,-0.85,1.07,0.09,0.3246,-0.04323,-0.10934,-0.93851,-0.86,1.11,0.14,0.13715,-0.03889,-0.1206,-0.98241,-0.85,1.12,0.18,-0.23731,-0.0827,-0.11016,-0.96162,-0.85,1.11,0.2,-0.38558,-0.09058,-0.15334,-0.90532,-0.84,1.1,0.22,-0.38558,-0.09058,-0.15334,-0.90532,-0.87,1.07,0.09,0.3246,-0.04323,-0.10934,-0.93851,-0.87,1.1,0.13,0.15485,-0.02227,-0.17662,-0.97177,-0.87,1.11,0.17,-0.2406,-0.10667,-0.19128,-0.94559,-0.87,1.1,0.19,-0.43259,-0.16948,-0.18489,-0.866,-0.86,1.09,0.21,-0.43259,-0.16948,-0.18489,-0.866,-0.88,1.07,0.1,0.27275,0.02066,-0.34492,-0.8979,-0.89,1.09,0.13,0.167,-0.02965,-0.25208,-0.95273,-0.89,1.1,0.16,-0.20355,-0.10757,-0.29209,-0.92826,-0.88,1.09,0.18,-0.34974,-0.20239,-0.27677,-0.87185,-0.87,1.08,0.19,-0.34974,-0.20239,-0.27677,-0.87185,-0.7,1.1,0.12,-0.3593,-0.17513,-0.11974,0.90879,-0.69,1.06,0.07,-0.3593,-0.17513,-0.11974,0.90879,-0.73,1.07,0.09,-0.44218,-0.21938,0.59133,0.63772,-0.75,1.08,0.11,-0.27221,-0.06603,0.55284,0.7848,-0.76,1.09,0.14,-0.18335,-0.04178,0.6313,0.7524,-0.77,1.1,0.16,-0.18335,-0.04178,0.6313,0.7524,-0.72,1.08,0.09,-0.3593,-0.17513,-0.11974,0.90879,-0.73,1.12,0.13,-0.16805,-0.17888,-0.05054,0.96809,-0.74,1.13,0.16,0.2935,-0.19168,0.01241,0.93646,-0.75,1.12,0.18,0.48226,-0.15926,0.04193,0.86041,-0.76,1.1,0.19,0.48226,-0.15926,0.04193,0.86041,-0.7,1.08,0.1,-0.3593,-0.17513,-0.11974,0.90879,-0.71,1.12,0.13,-0.09482,-0.17333,-0.0961,0.97557,-0.72,1.13,0.17,0.38424,-0.20089,-0.01424,0.901,-0.73,1.11,0.19,0.5962,-0.18182,-0.02943,0.78142,-0.74,1.09,0.2,0.5962,-0.18182,-0.02943,0.78142,-0.68,1.08,0.1,-0.3593,-0.17513,-0.11974,0.90879,-0.69,1.11,0.14,-0.09337,-0.15723,-0.15882,0.97023,-0.7,1.12,0.17,0.46897,-0.23864,-0.08274,0.84633,-0.72,1.1,0.19,0.7261,-0.26772,-0.02911,0.63266,-0.73,1.08,0.18,0.7261,-0.26772,-0.02911,0.63266,-0.68,1.07,0.11,-0.27811,-0.11857,-0.35129,0.88611,-0.68,1.1,0.14,-0.23826,-0.10078,-0.26717,0.92828,-0.68,1.11,0.17,0.40656,-0.25746,-0.22523,0.84717,-0.69,1.1,0.18,0.68356,-0.36205,-0.12868,0.62056,-0.71,1.09,0.18,0.68356,-0.36205,-0.12868,0.62056,-0.81,1.08,0.19
-0.79,1.44,-0.15,-0.79,1.44,-0.15,-0.85,1.09,0.11,0.34075,-0.04071,-0.11215,-0.93255,-0.86,1.06,0.06,0.34075,-0.04071,-0.11215,-0.93255,-0.83,1.07,0.09,0.44644,-0.15202,0.52531,-0.70826,-0.8,1.09,0.11,0.20318,0.01749,0.47003,-0.85877,-0.8,1.1,0.14,0.09367,0.03343,0.54317,-0.83371,-0.8,1.1,0.16,0.09367,0.03343,0.54317,-0.83371,-0.84,1.08,0.09,0.34075,-0.04071,-0.11215,-0.93255,-0.83,1.12,0.13,0.07059,-0.0692,-0.05251,-0.99372,-0.83,1.12,0.17,-0.32468,-0.08945,-0.0467,-0.94043,-0.82,1.11,0.19,-0.48589,-0.06922,-0.03905,-0.8704,-0.82,1.09,0.2,-0.48589,-0.06922,-0.03905,-0.8704,-0.85,1.07,0.09,0.34075,-0.04071,-0.11215,-0.93255,-0.86,1.11,0.13,0.14975,-0.03838,-0.12378,-0.98019,-0.85,1.13,0.17,-0.23765,-0.08507,-0.11218,-0.9611,-0.85,1.12,0.2,-0.3874,-0.09339,-0.15493,-0.90399,-0.84,1.1,0.21,-0.3874,-0.09339,-0.15493,-0.90399,-0.87,1.07,0.09,0.34075,-0.04071,-0.11215,-0.93255,-0.87,1.1,0.13,0.17291,-0.02148,-0.18041,-0.96804,-0.87,1.12,0.17,-0.2245,-0.10855,-0.19454,-0.94867,-0.87,1.11,0.19,-0.41715,-0.17228,-0.18728,-0.87248,-0.86,1.09,0.21,-0.41715,-0.17228,-0.18728,-0.87248,-0.88,1.07,0.09,0.28862,0.01886,-0.34872,-0.89148,-0.89,1.09,0.13,0.17975,-0.03047,-0.25606,-0.94931,-0.89,1.1,0.16,-0.19017,-0.11061,-0.2956,-0.92963,-0.88,1.09,0.18,-0.33637,-0.20596,-0.27908,-0.87553,-0.87,1.08,0.19,-0.33637,-0.20596,-0.27908,-0.87553,-0.7,1.1,0.12,-0.34696,-0.16918,-0.11697,0.91505,-0.69,1.06,0.07,-0.34696,-0.16918,-0.11697,0.91505,-0.72,1.07,0.09,-0.42683,-0.22411,0.59515,0.64295,-0.75,1.08,0.11,-0.25842,-0.06998,0.55763,0.78573,-0.76,1.09,0.14,-0.17847,-0.05373,0.63584,0.74898,-0.77,1.1,0.16,-0.17847,-0.05373,0.63584,0.74898,-0.71,1.08,0.09,-0.34696,-0.16918,-0.11697,0.91505,-0.73,1.12,0.13,-0.13594,-0.17863,-0.0418,0.97358,-0.74,1.13,0.16,0.31097,-0.18697,0.017,0.93169,-0.75,1.11,0.18,0.49281,-0.15374,0.04483,0.85528,-0.76,1.1,0.19,0.49281,-0.15374,0.04483,0.85528,-0.7,1.08,0.1,-0.34696,-0.16918,-0.11697,0.91505,-0.71,1.12,0.14,-0.09919,-0.1666,-0.09653,0.97626,-0.72,1.13,0.17,0.35307,-0.19463,-0.02368,0.91482,-0.73,1.11,0.19,0.55956,-0.18028,-0.04179,0.80786,-0.74,1.09,0.2,0.55956,-0.18028,-0.04179,0.80786,-0.68,1.08,0.1,-0.34696,-0.16918,-0.11697,0.91505,-0.69,1.11,0.14,-0.13991,-0.13978,-0.1665,0.96601,-0.7,1.12,0.18,0.39175,-0.22662,-0.10632,0.88536,-0.71,1.11,0.19,0.65146,-0.26683,-0.05798,0.70784,-0.72,1.08,0.19,0.65146,-0.26683,-0.05798,0.70784,-0.68,1.07,0.11,-0.26767,-0.10933,-0.34828,0.89169,-0.68,1.1,0.14,-0.29915,-0.06882,-0.26736,0.91339,-0.67,1.11,0.17,0.3319,-0.23409,-0.24804,0.8795,-0.69,1.1,0.18,0.6221,-0.34965,-0.15671,0.68277,-0.7,1.09,0.18,0.6221,-0.34965,-0.15671,0.68277,-0.81,1.08,0.19
-0.79,1.44,-0.15,-0.79,1.44,-0.15,-0.85,1.1,0.11,0.34543,-0.04358,-0.11439,-0.93043,-0.86,1.06,0.06,0.34543,-0.04358,-0.11439,-0.93043,-0.83,1.07,0.09,0.44159,-0.1469,0.53362,-0.70616,-0.8,1.09,0.11,0.19909,0.02582,0.47663,-0.85587,-0.8,1.1,0.14,0.08277,0.04612,0.54764,-0.83133,-0.8,1.11,0.16,0.08277,0.04612,0.54764,-0.83133,-0.84,1.08,0.09,0.34543,-0.04358,-0.11439,-0.93043,-0.83,1.12,0.13,0.06637,-0.0717,-0.05367,-0.99377,-0.83,1.12,0.17,-0.35807,-0.09354,-0.04382,-0.92796,-0.82,1.11,0.19,-0.52853,-0.0731,-0.03324,-0.84511,-0.82,1.09,0.2,-0.52853,-0.0731,-0.03324,-0.84511,-0.85,1.07,0.09,0.34543,-0.04358,-0.11439,-0.93043,-0.86,1.12,0.13,0.14941,-0.04327,-0.1248,-0.97991,-0.85,1.13,0.17,-0.25803,-0.09227,-0.10937,-0.95548,-0.85,1.12,0.19,-0.41836,-0.10022,-0.1507,-0.89007,-0.84,1.1,0.21,-0.41836,-0.10022,-0.1507,-0.89007,-0.87,1.07,0.09,0.34543,-0.04358,-0.11439,-0.93043,-0.87,1.11,0.13,0.17517,-0.02686,-0.18156,-0.96728,-0.87,1.12,0.17,-0.24488,-0.11847,-0.19114,-0.94311,-0.87,1.11,0.19,-0.44721,-0.18266,-0.1809,-0.85669,-0.85,1.09,0.2,-0.44721,-0.18266,-0.1809,-0.85669,-0.88,1.07,0.09,0.29227,0.01478,-0.35104,-0.88945,-0.89,1.09,0.13,0.18128,-0.0359,-0.25762,-0.94841,-0.89,1.1,0.16,-0.20712,-0.12194,-0.29352,-0.92525,-0.88,1.09,0.18,-0.37062,-0.22193,-0.2721,-0.85985,-0.87,1.08,0.19,-0.37062,-0.22193,-0.2721,-0.85985,-0.7,1.1,0.12,-0.33336,-0.17084,-0.11424,0.92013,-0.69,1.06,0.07,-0.33336,-0.17084,-0.11424,0.92013,-0.72,1.07,0.09,-0.41822,-0.23424,0.59478,0.64533,-0.75,1.08,0.11,-0.25148,-0.08107,0.55956,0.78554,-0.76,1.09,0.14,-0.17529,-0.06758,0.63811,0.74667,-0.77,1.09,0.16,-0.17529,-0.06758,0.63811,0.74667,-0.71,1.07,0.09,-0.33336,-0.17084,-0.11424,0.92013,-0.73,1.12,0.13,-0.11778,-0.18857,-0.03264,0.97442,-0.74,1.12,0.17,0.30823,-0.19197,0.02536,0.9314,-0.75,1.11,0.18,0.48206,-0.15742,0.05235,0.86029,-0.76,1.09,0.19,0.48206,-0.15742,0.05235,0.86029,-0.7,1.07,0.1,-0.33336,-0.17084,-0.11424,0.92013,-0.71,1.12,0.14,-0.11,-0.16744,-0.09584,0.97503,-0.72,1.13,0.18,0.30468,-0.19414,-0.03061,0.93196,-0.73,1.11,0.2,0.48765,-0.18455,-0.05269,0.85168,-0.74,1.09,0.21,0.48765,-0.18455,-0.05269,0.85168,-0.68,1.07,0.1,-0.33336,-0.17084,-0.11424,0.92013,-0.69,1.11,0.14,-0.16418,-0.13365,-0.16827,0.96274,-0.7,1.12,0.18,0.33322,-0.21908,-0.1185,0.90936,-0.71,1.11,0.19,0.57616,-0.26433,-0.07777,0.76949,-0.72,1.09,0.2,0.57616,-0.26433,-0.07777,0.76949,-0.68,1.07,0.11,-0.25446,-0.10735,-0.34475,0.89715,-0.68,1.09,0.15,-0.31774,-0.05596,-0.26436,0.90886,-0.67,1.11,0.17,0.28549,-0.21624,-0.25891,0.89705,-0.68,1.1,0.18,0.5717,-0.33515,-0.17677,0.72773,-0.7,1.09,0.19,0.5717,-0.33515,-0.17677,0.72773,-0.81,1.08,0.19
-0.79,1.44,-0.15,-0.79,1.44,-0.15,-0.85,1.1,0.11,0.34178,-0.04619,-0.11451,-0.93163,-0.86,1.06,0.06,0.34178,-0.04619,-0.11451,-0.93163,-0.83,1.07,0.09,0.43119,-0.14921,0.54133,-0.70624,-0.8,1.09,0.11,0.18978,0.02671,0.48503,-0.85324,-0.8,1.1,0.14,0.07268,0.04769,0.55508,-0.82724,-0.8,1.1,0.16,0.07268,0.04769,0.55508,-0.82724,-0.84,1.08,0.09,0.34178,-0.04619,-0.11451,-0.93163,-0.83,1.12,0.13,0.06675,-0.07178,-0.05508,-0.99366,-0.83,1.12,0.17,-0.37287,-0.09495,-0.04348,-0.92199,-0.82,1.11,0.18,-0.55245,-0.07485,-0.03104,-0.8296,-0.82,1.09,0.19,-0.55245,-0.07485,-0.03104,-0.8296,-0.85,1.07,0.09,0.34178,-0.04619,-0.11451,-0.93163,-0.86,1.12,0.13,0.14408,-0.04647,-0.12395,-0.98067,-0.85,1.13,0.17,-0.27506,-0.09611,-0.10616,-0.9507,-0.85,1.12,0.19,-0.45059,-0.10428,-0.14641,-0.87445,-0.84,1.1,0.21,-0.45059,-0.10428,-0.14641,-0.87445,-0.87,1.07,0.09,0.34178,-0.04619,-0.11451,-0.93163,-0.87,1.11,0.13,0.17032,-0.03147,-0.18001,-0.9683,-0.87,1.12,0.17,-0.27255,-0.12616,-0.18543,-0.93564,-0.86,1.11,0.19,-0.49199,-0.19129,-0.17146,-0.83184,-0.85,1.09,0.2,-0.49199,-0.19129,-0.17146,-0.83184,-0.88,1.07,0.09,0.28816,0.01317,-0.35085,-0.8909,-0.89,1.09,0.13,0.17733,-0.03957,-0.2565,-0.94932,-0.89,1.1,0.16,-0.23909,-0.13296,-0.28843,-0.91759,-0.88,1.09,0.18,-0.43113,-0.24015,-0.25941,-0.83016,-0.87,1.08,0.19,-0.43113,-0.24015,-0.25941,-0.83016,-0.7,1.1,0.12,-0.33089,-0.17054,-0.12028,0.9203,-0.69,1.06,0.07,-0.33089,-0.17054,-0.12028,0.9203,-0.72,1.07,0.09,-0.42101,-0.23184,0.58768,0.65087,-0.75,1.08,0.11,-0.25225,-0.08022,0.55161,0.79099,-0.76,1.09,0.14,-0.1744,-0.0661,0.63064,0.75333,-0.77,1.09,0.16,-0.1744,-0.0661,0.63064,0.75333,-0.71,1.08,0.09,-0.33089,-0.17054,-0.12028,0.9203,-0.73,1.12,0.13,-0.12593,-0.19142,-0.03977,0.97258,-0.74,1.13,0.17,0.29347,-0.19789,0.01877,0.93507,-0.75,1.11,0.18,0.46511,-0.1648,0.04588,0.86857,-0.76,1.09,0.2,0.46511,-0.1648,0.04588,0.86857,-0.7,1.07,0.1,-0.33089,-0.17054,-0.12028,0.9203,-0.71,1.12,0.14,-0.11672,-0.16886,-0.10258,0.97331,-0.72,1.13,0.18,0.28745,-0.19789,-0.03831,0.93635,-0.73,1.11,0.2,0.45653,-0.19052,-0.0615,0.86689,-0.74,1.1,0.21,0.45653,-0.19052,-0.0615,0.86689,-0.68,1.07,0.1,-0.33089,-0.17054,-0.12028,0.9203,-0.69,1.11,0.14,-0.16158,-0.13561,-0.17338,0.962,-0.7,1.12,0.18,0.32834,-0.22233,-0.12349,0.90968,-0.71,1.11,0.19,0.55927,-0.26833,-0.08472,0.77977,-0.72,1.09,0.2,0.55927,-0.26833,-0.08472,0.77977,-0.68,1.07,0.11,-0.25128,-0.10664,-0.35028,0.89598,-0.68,1.09,0.15,-0.31707,-0.05404,-0.27001,0.90755,-0.67,1.11,0.17,0.27709,-0.21572,-0.26603,0.89773,-0.68,1.1,0.18,0.54906,-0.33406,-0.18913,0.74241,-0.7,1.09,0.19,0.54906,-0.33406,-0.18913,0.74241,-0.81,1.08,0.19
-0.79,1.44,-0.15,-0.79,1.44,-0.15,-0.85,1.1,0.11,0.32838,-0.05176,-0.11702,-0.93584,-0.86,1.06,0.06,0.32838,-0.05176,-0.11702,-0.93584,-0.83,1.07,0.09,0.41998,-0.15965,0.5418,-0.71034,-0.8,1.09,0.11,0.1773,0.01794,0.48894,-0.85392,-0.8,1.1,0.14,0.06215,0.03745,0.55945,-0.82568,-0.8,1.1,0.16,0.06215,0.03745,0.55945,-0.82568,-0.84,1.08,0.09,0.32838,-0.05176,-0.11702,-0.93584,-0.83,1.12,0.13,0.05862,-0.07568,-0.05806,-0.99371,-0.83,1.12,0.17,-0.38133,-0.0996,-0.04439,-0.91799,-0.82,1.1,0.18,-0.56315,-0.07969,-0.03038,-0.82194,-0.82,1.08,0.19,-0.56315,-0.07969,-0.03038,-0.82194,-0.85,1.07,0.09,0.32838,-0.05176,-0.11702,-0.93584,-0.85,1.12,0.13,0.13,-0.05188,-0.12512,-0.98222,-0.85,1.13,0.17,-0.29093,-0.1016,-0.10477,-0.94555,-0.84,1.11,0.19,-0.47295,-0.10923,-0.14362,-0.86242,-0.84,1.09,0.21,-0.47295,-0.10923,-0.14362,-0.86242,-0.87,1.07,0.09,0.32838,-0.05176,-0.11702,-0.93584,-0.87,1.11,0.13,0.15736,-0.03718,-0.18057,-0.97018,-0.87,1.12,0.17,-0.2933,-0.13254,-0.18269,-0.92899,-0.86,1.1,0.19,-0.52063,-0.1978,-0.16612,-0.81377,-0.85,1.09,0.2,-0.52063,-0.1978,-0.16612,-0.81377,-0.88,1.07,0.09,0.27361,0.0111,-0.35217,-0.89498,-0.89,1.09,0.13,0.16395,-0.04444,-0.25706,-0.95135,-0.89,1.1,0.16,-0.26394,-0.14005,-0.28556,-0.91059,-0.88,1.09,0.18,-0.4685,-0.25025,-0.2524,-0.80881,-0.86,1.08,0.19,-0.4685,-0.25025,-0.2524,-0.80881,-0.7,1.09,0.12,-0.32156,-0.17319,-0.13106,0.92165,-0.69,1.06,0.07,-0.32156,-0.17319,-0.13106,0.92165,-0.72,1.07,0.09,-0.41933,-0.23686,0.5782,0.65859,-0.75,1.08,0.11,-0.24605,-0.08564,0.54349,0.79796,-0.76,1.09,0.14,-0.16825,-0.07258,0.62317,0.76032,-0.77,1.09,0.16,-0.16825,-0.07258,0.62317,0.76032,-0.71,1.07,0.09,-0.32156,-0.17319,-0.13106,0.92165,-0.73,1.11,0.13,-0.13061,-0.19063,-0.05611,0.97131,-0.74,1.12,0.17,0.29375,-0.20404,0.00477,0.93384,-0.75,1.11,0.18,0.46672,-0.17344,0.03356,0.86658,-0.76,1.09,0.2,0.46672,-0.17344,0.03356,0.86658,-0.7,1.07,0.1,-0.32156,-0.17319,-0.13106,0.92165,-0.71,1.12,0.14,-0.09687,-0.17409,-0.11079,0.97367,-0.72,1.12,0.18,0.31587,-0.20619,-0.04153,0.9252,-0.73,1.11,0.2,0.48388,-0.19747,-0.06264,0.85026,-0.74,1.09,0.21,0.48388,-0.19747,-0.06264,0.85026,-0.68,1.07,0.1,-0.32156,-0.17319,-0.13106,0.92165,-0.69,1.11,0.14,-0.11952,-0.14607,-0.17749,0.96585,-0.7,1.12,0.18,0.37415,-0.23263,-0.12114,0.88951,-0.71,1.1,0.19,0.59889,-0.27627,-0.08053,0.74734,-0.73,1.08,0.2,0.59889,-0.27627,-0.08053,0.74734,-0.68,1.07,0.11,-0.24016,-0.10728,-0.35964,0.89525,-0.68,1.09,0.15,-0.2808,-0.06622,-0.27833,0.91613,-0.68,1.11,0.17,0.31632,-0.22839,-0.2652,0.88173,-0.69,1.1,0.18,0.57572,-0.34396,-0.18803,0.71755,-0.7,1.08,0.19,0.57572,-0.34396,-0.18803,0.71755,-0.81,1.08,0.19
-0.79,1.44,-0.15,-0.79,1.44,-0.15,-0.85,1.1,0.11,0.32595,-0.05385,-0.12245,-0.93588,-0.86,1.06,0.06,0.32595,-0.05385,-0.12245,-0.93588,-0.82,1.07,0.09,0.41568,-0.16059,0.54184,-0.71263,-0.8,1.09,0.11,0.17304,0.01715,0.48923,-0.85465,-0.8,1.1,0.14,0.06156,0.03384,0.56012,-0.82543,-0.8,1.1,0.16,0.06156,0.03384,0.56012,-0.82543,-0.84,1.08,0.09,0.32595,-0.05385,-0.12245,-0.93588,-0.83,1.12,0.13,0.05836,-0.07823,-0.06351,-0.9932,-0.83,1.12,0.17,-0.37802,-0.10408,-0.04857,-0.91864,-0.82,1.11,0.18,-0.55935,-0.08492,-0.03374,-0.82388,-0.82,1.09,0.19,-0.55935,-0.08492,-0.03374,-0.82388,-0.85,1.08,0.09,0.32595,-0.05385,-0.12245,-0.93588,-0.85,1.12,0.13,0.12751,-0.05476,-0.13006,-0.98175,-0.85,1.13,0.17,-0.29139,-0.10605,-0.10824,-0.94453,-0.84,1.11,0.19,-0.4732,-0.11419,-0.14611,-0.86122,-0.84,1.09,0.21,-0.4732,-0.11419,-0.14611,-0.86122,-0.87,1.07,0.09,0.32595,-0.05385,-0.12245,-0.93588,-0.87,1.11,0.13,0.15713,-0.03974,-0.18543,-0.9692,-0.87,1.12,0.17,-0.29174,-0.13672,-0.18602,-0.92822,-0.86,1.1,0.19,-0.51859,-0.20265,-0.16824,-0.81345,-0.85,1.09,0.2,-0.51859,-0.20265,-0.16824,-0.81345,-0.88,1.07,0.09,0.27006,0.00949,-0.35705,-0.89414,-0.89,1.09,0.13,0.16363,-0.04763,-0.2613,-0.9501,-0.89,1.1,0.16,-0.26385,-0.14468,-0.28795,-0.90914,-0.88,1.09,0.18,-0.46882,-0.2555,-0.25333,-0.80669,-0.86,1.08,0.19,-0.46882,-0.2555,-0.25333,-0.80669,-0.7,1.09,0.12,-0.31863,-0.17729,-0.12854,0.92224,-0.69,1.06,0.07,-0.31863,-0.17729,-0.12854,0.92224,-0.73,1.07,0.09,-0.41775,-0.2431,0.58018,0.65558,-0.75,1.08,0.11,-0.24391,-0.09047,0.54747,0.79536,-0.76,1.09,0.14,-0.16538,-0.07627,0.62713,0.75732,-0.77,1.09,0.16,-0.16538,-0.07627,0.62713,0.75732,-0.71,1.07,0.09,-0.31863,-0.17729,-0.12854,0.92224,-0.73,1.11,0.13,-0.12798,-0.18952,-0.05549,0.97192,-0.74,1.12,0.17,0.30416,-0.20267,0.00654,0.93079,-0.75,1.11,0.18,0.47726,-0.17162,0.03554,0.86111,-0.76,1.09,0.2,0.47726,-0.17162,0.03554,0.86111,-0.7,1.07,0.1,-0.31863,-0.17729,-0.12854,0.92224,-0.71,1.11,0.14,-0.07844,-0.17782,-0.1052,0.97527,-0.72,1.12,0.18,0.35233,-0.2077,-0.03069,0.91202,-0.74,1.11,0.2,0.52311,-0.19478,-0.05044,0.82818,-0.74,1.09,0.21,0.52311,-0.19478,-0.05044,0.82818,-0.68,1.07,0.1,-0.31863,-0.17729,-0.12854,0.92224,-0.69,1.11,0.14,-0.09371,-0.15326,-0.17039,0.96886,-0.7,1.11,0.18,0.4128,-0.23601,-0.1084,0.87301,-0.72,1.1,0.19,0.63719,-0.2751,-0.06671,0.71683,-0.73,1.08,0.2,0.63719,-0.2751,-0.06671,0.71683,-0.68,1.07,0.11,-0.23681,-0.11052,-0.35684,0.89687,-0.68,1.09,0.15,-0.25648,-0.07906,-0.27426,0.92344,-0.68,1.11,0.17,0.3477,-0.23603,-0.25331,0.87134,-0.69,1.1,0.19,0.60492,-0.34735,-0.17466,0.69492,-0.7,1.08,0.19,0.60492,-0.34735,-0.17466,0.69492,-0.81,1.08,0.19
-0.79,1.44,-0.15,-0.79,1.44,-0.15,-0.85,1.1,0.11,0.3325,-0.05345,-0.12783,-0.93287,-0.86,1.06,0.06,0.3325,-0.05345,-0.12783,-0.93287,-0.83,1.07,0.09,0.41468,-0.15481,0.54494,-0.71212,-0.8,1.09,0.11,0.17409,0.02292,0.49034,-0.85366,-0.8,1.1,0.14,0.06637,0.03696,0.56119,-0.8242,-0.8,1.1,0.16,0.06637,0.03696,0.56119,-0.8242,-0.84,1.08,0.09,0.3325,-0.05345,-0.12783,-0.93287,-0.83,1.12,0.13,0.06645,-0.07774,-0.06978,-0.99231,-0.83,1.12,0.17,-0.36652,-0.10633,-0.05481,-0.92269,-0.82,1.11,0.18,-0.54829,-0.08844,-0.03983,-0.83064,-0.82,1.09,0.19,-0.54829,-0.08844,-0.03983,-0.83064,-0.85,1.08,0.09,0.3325,-0.05345,-0.12783,-0.93287,-0.85,1.12,0.13,0.13181,-0.05581,-0.13549,-0.98039,-0.85,1.13,0.17,-0.2879,-0.10942,-0.11262,-0.9447,-0.84,1.11,0.19,-0.47089,-0.11866,-0.14969,-0.86126,-0.84,1.1,0.21,-0.47089,-0.11866,-0.14969,-0.86126,-0.87,1.07,0.09,0.3325,-0.05345,-0.12783,-0.93287,-0.87,1.11,0.13,0.16432,-0.0411,-0.19081,-0.9669,-0.87,1.12,0.17,-0.28426,-0.1406,-0.19004,-0.92915,-0.86,1.11,0.19,-0.51116,-0.20753,-0.17099,-0.81634,-0.85,1.09,0.2,-0.51116,-0.20753,-0.17099,-0.81634,-0.88,1.07,0.09,0.27578,0.008,-0.36257,-0.89018,-0.89,1.09,0.13,0.17262,-0.05031,-0.26593,-0.94707,-0.89,1.1,0.16,-0.25252,-0.1491,-0.29125,-0.91059,-0.88,1.09,0.17,-0.45698,-0.26035,-0.25516,-0.81135,-0.86,1.08,0.19,-0.45698,-0.26035,-0.25516,-0.81135,-0.71,1.09,0.12,-0.32019,-0.17857,-0.12284,0.92223,-0.69,1.06,0.07,-0.32019,-0.17857,-0.12284,0.92223,-0.73,1.07,0.09,-0.41654,-0.24942,0.58519,0.64949,-0.75,1.08,0.11,-0.24372,-0.09528,0.5545,0.78997,-0.77,1.09,0.14,-0.16335,-0.07847,0.63404,0.75177,-0.77,1.09,0.16,-0.16335,-0.07847,0.63404,0.75177,-0.72,1.07,0.1,-0.32019,-0.17857,-0.12284,0.92223,-0.73,1.11,0.13,-0.1257,-0.18717,-0.05023,0.97296,-0.75,1.12,0.17,0.30858,-0.19821,0.01068,0.93026,-0.75,1.11,0.18,0.48303,-0.16635,0.03924,0.85876,-0.76,1.09,0.2,0.48303,-0.16635,0.03924,0.85876,-0.7,1.07,0.1,-0.32019,-0.17857,-0.12284,0.92223,-0.71,1.12,0.14,-0.07755,-0.17617,-0.10003,0.97619,-0.73,1.12,0.18,0.35812,-0.2041,-0.02572,0.91073,-0.74,1.11,0.2,0.53762,-0.18992,-0.04498,0.82029,-0.74,1.09,0.21,0.53762,-0.18992,-0.04498,0.82029,-0.68,1.07,0.1,-0.32019,-0.17857,-0.12284,0.92223,-0.69,1.11,0.14,-0.09631,-0.1527,-0.16512,0.96961,-0.7,1.11,0.18,0.41495,-0.23341,-0.10318,0.87332,-0.72,1.1,0.19,0.64637,-0.27126,-0.06043,0.71061,-0.73,1.08,0.2,0.64637,-0.27126,-0.06043,0.71061,-0.68,1.07,0.11,-0.23886,-0.11198,-0.35152,0.89824,-0.68,1.09,0.15,-0.25396,-0.08399,-0.26817,0.92549,-0.68,1.11,0.17,0.35262,-0.23652,-0.24535,0.8715,-0.69,1.1,0.19,0.61267,-0.34571,-0.16604,0.69105,-0.71,1.08,0.19,0.61267,-0.34571,-0.16604,0.69105,-0.81,1.08,0.19
-0.79,1.44,-0.15,-0.79,1.44,-0.15,-0.85,1.1,0.11,0.33698,-0.05295,-0.13125,-0.93081,-0.86,1.06,0.06,0.33698,-0.05295,-0.13125,-0.93081,-0.83,1.08,0.09,0.41416,-0.15104,0.54686,-0.71176,-0.8,1.09,0.11,0.17418,0.02706,0.491,-0.85314,-0.8,1.1,0.14,0.0667,0.0408,0.56149,-0.82378,-0.8,1.1,0.16,0.0667,0.0408,0.56149,-0.82378,-0.84,1.08,0.09,0.33698,-0.05295,-0.13125,-0.93081,-0.83,1.12,0.13,0.07069,-0.07665,-0.07411,-0.99178,-0.83,1.12,0.17,-0.36277,-0.10732,-0.05912,-0.92379,-0.82,1.11,0.18,-0.54507,-0.09034,-0.04393,-0.83235,-0.82,1.09,0.19,-0.54507,-0.09034,-0.04393,-0.83235,-0.85,1.08,0.09,0.33698,-0.05295,-0.13125,-0.93081,-0.86,1.12,0.13,0.13205,-0.05664,-0.13882,-0.97984,-0.85,1.13,0.17,-0.29475,-0.11245,-0.11444,-0.94201,-0.84,1.12,0.19,-0.48132,-0.12202,-0.1506,-0.85484,-0.84,1.1,0.2,-0.48132,-0.12202,-0.1506,-0.85484,-0.87,1.07,0.09,0.33698,-0.05295,-0.13125,-0.93081,-0.87,1.11,0.13,0.16832,-0.04223,-0.19408,-0.96551,-0.87,1.12,0.17,-0.28327,-0.14386,-0.19192,-0.92856,-0.86,1.11,0.19,-0.5113,-0.21136,-0.1717,-0.81512,-0.85,1.09,0.2,-0.5113,-0.21136,-0.1717,-0.81512,-0.88,1.07,0.09,0.27978,0.00721,-0.36609,-0.88749,-0.89,1.09,0.13,0.17853,-0.05374,-0.26814,-0.94517,-0.89,1.1,0.16,-0.24301,-0.15247,-0.29224,-0.9123,-0.88,1.1,0.17,-0.44744,-0.26372,-0.25502,-0.81561,-0.86,1.08,0.19,-0.44744,-0.26372,-0.25502,-0.81561,-0.71,1.1,0.12,-0.32662,-0.18111,-0.11536,0.92044,-0.69,1.06,0.07,-0.32662,-0.18111,-0.11536,0.92044,-0.73,1.07,0.09,-0.42347,-0.25409,0.58757,0.641,-0.75,1.08,0.11,-0.25227,-0.10012,0.55834,0.78396,-0.77,1.09,0.14,-0.16838,-0.07863,0.63828,0.74704,-0.78,1.09,0.16,-0.16838,-0.07863,0.63828,0.74704,-0.72,1.08,0.1,-0.32662,-0.18111,-0.11536,0.92044,-0.73,1.11,0.13,-0.12333,-0.19005,-0.03931,0.9732,-0.75,1.12,0.17,0.31009,-0.19609,0.02157,0.93001,-0.75,1.11,0.18,0.48714,-0.16203,0.05019,0.85669,-0.76,1.09,0.19,0.48714,-0.16203,0.05019,0.85669,-0.7,1.07,0.1,-0.32662,-0.18111,-0.11536,0.92044,-0.71,1.12,0.14,-0.09112,-0.17597,-0.09381,0.97567,-0.73,1.13,0.18,0.34497,-0.20137,-0.02034,0.91653,-0.74,1.11,0.2,0.53478,-0.18695,-0.03935,0.82311,-0.74,1.09,0.21,0.53478,-0.18695,-0.03935,0.82311,-0.68,1.07,0.1,-0.32662,-0.18111,-0.11536,0.92044,-0.69,1.11,0.14,-0.12759,-0.14941,-0.16207,0.96702,-0.7,1.12,0.18,0.38531,-0.23015,-0.10199,0.88778,-0.72,1.1,0.19,0.62671,-0.26882,-0.05827,0.72909,-0.73,1.08,0.2,0.62671,-0.26882,-0.05827,0.72909,-0.68,1.07,0.11,-0.24564,-0.11588,-0.34476,0.89854,-0.68,1.09,0.15,-0.27159,-0.08307,-0.26219,0.92228,-0.68,1.11,0.17,0.33378,-0.23308,-0.2416,0.88085,-0.69,1.1,0.19,0.60311,-0.34251,-0.16069,0.70223,-0.7,1.09,0.19,0.60311,-0.34251,-0.16069,0.70223,-0.81,1.08,0.19
-0.79,1.44,-0.15,-0.79,1.44,-0.15,-0.85,1.1,0.11,0.33654,-0.05112,-0.12843,-0.93147,-0.86,1.06,0.06,0.33654,-0.05112,-0.12843,-0.93147,-0.83,1.08,0.09,0.41123,-0.15006,0.54994,-0.71129,-0.8,1.09,0.11,0.17235,0.02883,0.49372,-0.85188,-0.8,1.1,0.14,0.06451,0.04286,0.56381,-0.82227,-0.8,1.1,0.16,0.06451,0.04286,0.56381,-0.82227,-0.84,1.08,0.09,0.33654,-0.05112,-0.12843,-0.93147,-0.83,1.12,0.13,0.06967,-0.07331,-0.07239,-0.99224,-0.83,1.12,0.17,-0.36859,-0.10385,-0.05847,-0.92192,-0.82,1.11,0.18,-0.5517,-0.08684,-0.04366,-0.82836,-0.82,1.09,0.19,-0.5517,-0.08684,-0.04366,-0.82836,-0.85,1.08,0.09,0.33654,-0.05112,-0.12843,-0.93147,-0.86,1.12,0.13,0.12818,-0.05452,-0.13633,-0.98082,-0.85,1.13,0.17,-0.31095,-0.1109,-0.11168,-0.93731,-0.84,1.11,0.19,-0.50434,-0.11986,-0.14769,-0.8423,-0.84,1.09,0.2,-0.50434,-0.11986,-0.14769,-0.8423,-0.87,1.07,0.09,0.33654,-0.05112,-0.12843,-0.93147,-0.87,1.11,0.13,0.16534,-0.04085,-0.19129,-0.96665,-0.87,1.12,0.17,-0.29474,-0.1429,-0.18905,-0.92573,-0.86,1.11,0.19,-0.52734,-0.21029,-0.16846,-0.8058,-0.85,1.09,0.2,-0.52734,-0.21029,-0.16846,-0.8058,-0.88,1.07,0.09,0.28012,0.00921,-0.36346,-0.88845,-0.89,1.09,0.13,0.17813,-0.05469,-0.2644,-0.94624,-0.89,1.1,0.16,-0.24443,-0.15191,-0.28844,-0.91322,-0.88,1.1,0.17,-0.45324,-0.2634,-0.25046,-0.81392,-0.86,1.08,0.18,-0.45324,-0.2634,-0.25046,-0.81392,-0.71,1.1,0.12,-0.33079,-0.18077,-0.10752,0.91997,-0.69,1.06,0.07,-0.33079,-0.18077,-0.10752,0.91997,-0.73,1.07,0.09,-0.42862,-0.25405,0.58918,0.63608,-0.75,1.08,0.11,-0.25706,-0.0992,0.56033,0.78109,-0.77,1.09,0.14,-0.16411,-0.06948,0.64034,0.74713,-0.77,1.09,0.16,-0.16411,-0.06948,0.64034,0.74713,-0.72,1.08,0.09,-0.33079,-0.18077,-0.10752,0.91997,-0.73,1.12,0.13,-0.12292,-0.19619,-0.02579,0.97249,-0.75,1.12,0.17,0.3081,-0.19592,0.03595,0.93027,-0.76,1.11,0.18,0.48702,-0.15897,0.06463,0.85636,-0.76,1.09,0.19,0.48702,-0.15897,0.06463,0.85636,-0.7,1.07,0.1,-0.33079,-0.18077,-0.10752,0.91997,-0.71,1.12,0.14,-0.10981,-0.17355,-0.08845,0.97468,-0.73,1.13,0.18,0.32483,-0.19705,-0.01715,0.92486,-0.74,1.11,0.2,0.52083,-0.18333,-0.03694,0.83292,-0.74,1.09,0.21,0.52083,-0.18333,-0.03694,0.83292,-0.68,1.07,0.1,-0.33079,-0.18077,-0.10752,0.91997,-0.69,1.11,0.14,-0.16526,-0.14181,-0.16037,0.96274,-0.7,1.12,0.18,0.34599,-0.22378,-0.10466,0.90513,-0.72,1.11,0.19,0.59529,-0.26475,-0.06147,0.75615,-0.73,1.09,0.2,0.59529,-0.26475,-0.06147,0.75615,-0.68,1.07,0.11,-0.25086,-0.11633,-0.33766,0.89973,-0.68,1.09,0.15,-0.30169,-0.06908,-0.25739,0.9154,-0.68,1.11,0.17,0.29582,-0.21939,-0.24743,0.89618,-0.69,1.1,0.18,0.57482,-0.33274,-0.16814,0.72842,-0.7,1.09,0.19,0.57482,-0.33274,-0.16814,0.72842,-0.81,1.08,0.19
-0.79,1.44,-0.15,-0.79,1.44,-0.15,-0.85,1.1,0.11,0.33261,-0.04866,-0.12162,-0.93392,-0.86,1.06,0.06,0.33261,-0.04866,-0.12162,-0.93392,-0.83,1.07,0.09,0.40305,-0.1516,0.55683,-0.71029,-0.8,1.09,0.11,0.16584,0.02974,0.50111,-0.84883,-0.8,1.1,0.14,0.05678,0.04483,0.5703,-0.81824,-0.8,1.1,0.16,0.05678,0.04483,0.5703,-0.81824,-0.84,1.08,0.09,0.33261,-0.04866,-0.12162,-0.93392,-0.83,1.12,0.13,0.06548,-0.06908,-0.06656,-0.99323,-0.83,1.12,0.17,-0.37657,-0.09765,-0.05467,-0.9196,-0.82,1.11,0.18,-0.56007,-0.07999,-0.04085,-0.82356,-0.82,1.09,0.19,-0.56007,-0.07999,-0.04085,-0.82356,-0.85,1.08,0.09,0.33261,-0.04866,-0.12162,-0.93392,-0.86,1.12,0.13,0.12228,-0.05094,-0.12994,-0.98263,-0.85,1.13,0.17,-0.32488,-0.10571,-0.10664,-0.93376,-0.84,1.11,0.19,-0.52358,-0.11357,-0.14349,-0.83209,-0.84,1.09,0.2,-0.52358,-0.11357,-0.14349,-0.83209,-0.87,1.07,0.09,0.33261,-0.04866,-0.12162,-0.93392,-0.87,1.11,0.13,0.15877,-0.03803,-0.18453,-0.96917,-0.87,1.12,0.17,-0.30971,-0.1386,-0.18352,-0.9226,-0.86,1.11,0.19,-0.54761,-0.20532,-0.16349,-0.7945,-0.85,1.09,0.2,-0.54761,-0.20532,-0.16349,-0.7945,-0.88,1.07,0.09,0.27773,0.01287,-0.35688,-0.89182,-0.89,1.09,0.13,0.17343,-0.05307,-0.25731,-0.94916,-0.89,1.1,0.16,-0.25565,-0.14884,-0.28211,-0.91264,-0.88,1.09,0.17,-0.47447,-0.26161,-0.24286,-0.80465,-0.86,1.08,0.18,-0.47447,-0.26161,-0.24286,-0.80465,-0.71,1.1,0.12,-0.32556,-0.17774,-0.10215,0.92303,-0.69,1.06,0.07,-0.32556,-0.17774,-0.10215,0.92303,-0.73,1.07,0.09,-0.42709,-0.2576,0.58754,0.63721,-0.75,1.08,0.11,-0.25474,-0.10273,0.55968,0.78187,-0.77,1.09,0.14,-0.15736,-0.06935,0.64,0.74889,-0.78,1.09,0.16,-0.15736,-0.06935,0.64,0.74889,-0.72,1.08,0.09,-0.32556,-0.17774,-0.10215,0.92303,-0.73,1.11,0.13,-0.11907,-0.19907,-0.0176,0.97257,-0.75,1.12,0.17,0.30597,-0.19521,0.04334,0.93081,-0.76,1.11,0.18,0.48514,-0.15683,0.07174,0.85726,-0.76,1.09,0.19,0.48514,-0.15683,0.07174,0.85726,-0.7,1.07,0.1,-0.32556,-0.17774,-0.10215,0.92303,-0.71,1.12,0.14,-0.11861,-0.16836,-0.08611,0.97477,-0.73,1.13,0.18,0.31567,-0.19145,-0.01752,0.92919,-0.74,1.11,0.2,0.51541,-0.17852,-0.03831,0.83727,-0.74,1.09,0.21,0.51541,-0.17852,-0.03831,0.83727,-0.68,1.07,0.1,-0.32556,-0.17774,-0.10215,0.92303,-0.69,1.11,0.14,-0.17683,-0.13395,-0.15818,0.96217,-0.7,1.12,0.18,0.33543,-0.21638,-0.10654,0.91067,-0.71,1.11,0.19,0.5882,-0.25861,-0.06481,0.76351,-0.73,1.09,0.2,0.5882,-0.25861,-0.06481,0.76351,-0.68,1.07,0.11,-0.24712,-0.11179,-0.33242,0.90329,-0.68,1.09,0.15,-0.30703,-0.05728,-0.25274,0.91574,-0.68,1.11,0.17,0.28774,-0.20681,-0.25114,0.90076,-0.69,1.1,0.18,0.56996,-0.32267,-0.17509,0.7351,-0.7,1.09,0.19,0.56996,-0.32267,-0.17509,0.7351,-0.81,1.08,0.19
-0.79,1.44,-0.15,-0.79,1.44,-0.15,-0.85,1.1,0.11,0.32695,-0.04736,-0.11638,-0.93665,-0.86,1.06,0.06,0.32695,-0.04736,-0.11638,-0.93665,-0.83,1.07,0.09,0.39612,-0.15574,0.56086,-0.71012,-0.8,1.09,0.11,0.15923,0.02762,0.50651,-0.84695,-0.8,1.1,0.14,0.05011,0.04294,0.57533,-0.81525,-0.8,1.1,0.16,0.05011,0.04294,0.57533,-0.81525,-0.84,1.08,0.09,0.32695,-0.04736,-0.11638,-0.93665,-0.83,1.12,0.13,0.05941,-0.06596,-0.06221,-0.99411,-0.83,1.12,0.17,-0.38539,-0.09296,-0.05187,-0.91659,-0.82,1.11,0.18,-0.56883,-0.0748,-0.03872,-0.81813,-0.82,1.09,0.19,-0.56883,-0.0748,-0.03872,-0.81813,-0.85,1.08,0.09,0.32695,-0.04736,-0.11638,-0.93665,-0.85,1.12,0.13,0.11237,-0.04928,-0.12455,-0.9846,-0.85,1.13,0.17,-0.33876,-0.10216,-0.10212,-0.92972,-0.84,1.11,0.19,-0.54035,-0.10867,-0.13958,-0.82264,-0.84,1.09,0.2,-0.54035,-0.10867,-0.13958,-0.82264,-0.87,1.07,0.09,0.32695,-0.04736,-0.11638,-0.93665,-0.87,1.11,0.13,0.14871,-0.03701,-0.17886,-0.97187,-0.87,1.12,0.17,-0.32503,-0.13564,-0.17858,-0.91873,-0.86,1.1,0.19,-0.56579,-0.20139,-0.15916,-0.78357,-0.85,1.08,0.2,-0.56579,-0.20139,-0.15916,-0.78357,-0.88,1.07,0.09,0.27321,0.01579,-0.3516,-0.89526,-0.89,1.09,0.13,0.16596,-0.05173,-0.25194,-0.952,-0.89,1.1,0.16,-0.27239,-0.14736,-0.27685,-0.90964,-0.88,1.09,0.17,-0.49873,-0.26098,-0.23658,-0.79195,-0.86,1.08,0.18,-0.49873,-0.26098,-0.23658,-0.79195,-0.71,1.09,0.12,-0.30863,-0.17435,-0.08929,0.93079,-0.69,1.06,0.07,-0.30863,-0.17435,-0.08929,0.93079,-0.73,1.07,0.09,-0.41768,-0.27111,0.58671,0.63861,-0.75,1.08,0.11,-0.24569,-0.11623,0.56233,0.78097,-0.77,1.08,0.14,-0.14813,-0.08208,0.64339,0.74657,-0.78,1.09,0.16,-0.14813,-0.08208,0.64339,0.74657,-0.72,1.08,0.09,-0.30863,-0.17435,-0.08929,0.93079,-0.74,1.11,0.13,-0.14659,-0.20428,-0.01099,0.96781,-0.75,1.12,0.17,0.23101,-0.20019,0.04152,0.95123,-0.76,1.11,0.19,0.40525,-0.1636,0.06676,0.89697,-0.76,1.1,0.2,0.40525,-0.1636,0.06676,0.89697,-0.7,1.07,0.1,-0.30863,-0.17435,-0.08929,0.93079,-0.71,1.11,0.14,-0.13752,-0.15901,-0.08,0.97437,-0.73,1.13,0.18,0.2855,-0.1804,-0.01846,0.94107,-0.74,1.11,0.2,0.48728,-0.16995,-0.0421,0.85551,-0.74,1.09,0.21,0.48728,-0.16995,-0.0421,0.85551,-0.68,1.08,0.1,-0.30863,-0.17435,-0.08929,0.93079,-0.7,1.11,0.14,-0.18388,-0.12165,-0.14913,0.96392,-0.7,1.12,0.18,0.32417,-0.20092,-0.10601,0.91832,-0.71,1.11,0.2,0.57856,-0.24409,-0.06884,0.77521,-0.73,1.09,0.2,0.57856,-0.24409,-0.06884,0.77521,-0.68,1.07,0.11,-0.2331,-0.10368,-0.31927,0.91268,-0.68,1.09,0.15,-0.3052,-0.04402,-0.23878,0.92081,-0.68,1.11,0.17,0.28348,-0.18585,-0.24905,0.90723,-0.69,1.1,0.19,0.56752,-0.30244,-0.18048,0.74423,-0.7,1.09,0.19,0.56752,-0.30244,-0.18048,0.74423,-0.81,1.08,0.19
-0.79,1.44,-0.15,-0.79,1.44,-0.15,-0.85,1.1,0.11,0.31553,-0.04832,-0.11226,-0.94101,-0.86,1.06,0.06,0.31553,-0.04832,-0.11226,-0.94101,-0.83,1.07,0.09,0.38815,-0.16624,0.56158,-0.71157,-0.8,1.09,0.11,0.15023,0.01876,0.51073,-0.8463,-0.8,1.09,0.14,0.04166,0.03391,0.57982,-0.81297,-0.8,1.1,0.16,0.04166,0.03391,0.57982,-0.81297,-0.84,1.08,0.09,0.31553,-0.04832,-0.11226,-0.94101,-0.83,1.12,0.13,0.04679,-0.06487,-0.05863,-0.99507,-0.83,1.12,0.17,-0.40129,-0.09032,-0.0488,-0.91018,-0.82,1.1,0.18,-0.58532,-0.0716,-0.03554,-0.80685,-0.82,1.08,0.19,-0.58532,-0.0716,-0.03554,-0.80685,-0.85,1.08,0.09,0.31553,-0.04832,-0.11226,-0.94101,-0.85,1.12,0.13,0.09409,-0.04957,-0.11984,-0.98708,-0.85,1.12,0.17,-0.36151,-0.10065,-0.09728,-0.9218,-0.84,1.11,0.19,-0.56722,-0.10523,-0.13469,-0.80564,-0.84,1.08,0.2,-0.56722,-0.10523,-0.13469,-0.80564,-0.87,1.07,0.09,0.31553,-0.04832,-0.11226,-0.94101,-0.87,1.1,0.13,0.13107,-0.03764,-0.17392,-0.97527,-0.87,1.11,0.17,-0.34956,-0.1345,-0.1734,-0.91085,-0.86,1.1,0.19,-0.5934,-0.19905,-0.15399,-0.76456,-0.85,1.08,0.19,-0.5934,-0.19905,-0.15399,-0.76456,-0.88,1.07,0.09,0.26246,0.0179,-0.3469,-0.90026,-0.89,1.09,0.13,0.15221,-0.05061,-0.24775,-0.95545,-0.89,1.1,0.16,-0.29804,-0.14687,-0.27215,-0.90307,-0.88,1.09,0.17,-0.53221,-0.26171,-0.23044,-0.77147,-0.86,1.08,0.18,-0.53221,-0.26171,-0.23044,-0.77147,-0.71,1.09,0.12,-0.26191,-0.17438,-0.06212,0.94717,-0.69,1.06,0.07,-0.26191,-0.17438,-0.06212,0.94717,-0.73,1.07,0.09,-0.39685,-0.30765,0.57762,0.64359,-0.76,1.07,0.11,-0.23501,-0.16232,0.55958,0.77801,-0.77,1.08,0.14,-0.15367,-0.13882,0.64316,0.73719,-0.78,1.08,0.16,-0.15367,-0.13882,0.64316,0.73719,-0.72,1.07,0.1,-0.26191,-0.17438,-0.06212,0.94717,-0.74,1.11,0.14,-0.12477,-0.22471,0.01728,0.96625,-0.76,1.11,0.17,0.17851,-0.21311,0.05907,0.95876,-0.77,1.11,0.19,0.32034,-0.17657,0.07774,0.92745,-0.77,1.09,0.21,0.32034,-0.17657,0.07774,0.92745,-0.7,1.07,0.1,-0.26191,-0.17438,-0.06212,0.94717,-0.72,1.11,0.14,-0.15531,-0.14625,-0.06349,0.97492,-0.73,1.12,0.18,0.25165,-0.16194,-0.0118,0.9541,-0.74,1.11,0.2,0.45639,-0.15279,-0.03996,0.87565,-0.75,1.09,0.22,0.45639,-0.15279,-0.03996,0.87565,-0.69,1.08,0.1,-0.26191,-0.17438,-0.06212,0.94717,-0.7,1.1,0.15,-0.20835,-0.09652,-0.13021,0.96453,-0.71,1.12,0.18,0.29609,-0.1701,-0.10286,0.93425,-0.72,1.1,0.2,0.55496,-0.21465,-0.07447,0.80025,-0.73,1.08,0.21,0.55496,-0.21465,-0.07447,0.80025,-0.68,1.07,0.11,-0.19137,-0.09124,-0.28979,0.93331,-0.68,1.09,0.15,-0.30018,-0.01521,-0.20648,0.93114,-0.68,1.11,0.17,0.27028,-0.13828,-0.24212,0.92153,-0.69,1.1,0.19,0.56001,-0.25599,-0.18993,0.76471,-0.7,1.08,0.2,0.56001,-0.25599,-0.18993,0.76471,-0.81,1.08,0.19
-0.79,1.44,-0.15,-0.79,1.44,-0.15,-0.85,1.1,0.11,0.30893,-0.04933,-0.11146,-0.94324,-0.86,1.06,0.06,0.30893,-0.04933,-0.11146,-0.94324,-0.83,1.07,0.09,0.38329,-0.17289,0.56148,-0.71269,-0.8,1.09,0.11,0.14426,0.01318,0.51288,-0.84615,-0.8,1.09,0.14,0.03529,0.02869,0.58204,-0.81188,-0.8,1.1,0.16,0.03529,0.02869,0.58204,-0.81188,-0.84,1.08,0.09,0.30893,-0.04933,-0.11146,-0.94324,-0.83,1.12,0.13,0.03826,-0.06513,-0.05784,-0.99546,-0.83,1.12,0.17,-0.41078,-0.09008,-0.04786,-0.90601,-0.82,1.1,0.18,-0.59597,-0.07123,-0.03414,-0.79911,-0.82,1.08,0.19,-0.59597,-0.07123,-0.03414,-0.79911,-0.85,1.08,0.09,0.30893,-0.04933,-0.11146,-0.94324,-0.85,1.12,0.13,0.08196,-0.05013,-0.11877,-0.98826,-0.85,1.12,0.17,-0.37618,-0.10085,-0.09574,-0.91605,-0.84,1.1,0.19,-0.58543,-0.10457,-0.13274,-0.79292,-0.84,1.08,0.2,-0.58543,-0.10457,-0.13274,-0.79292,-0.87,1.07,0.09,0.30893,-0.04933,-0.11146,-0.94324,-0.87,1.1,0.13,0.1225,-0.0376,-0.17297,-0.97656,-0.87,1.11,0.17,-0.36289,-0.13461,-0.1721,-0.90585,-0.86,1.1,0.19,-0.61023,-0.19915,-0.15201,-0.75157,-0.85,1.08,0.19,-0.61023,-0.19915,-0.15201,-0.75157,-0.88,1.07,0.09,0.25593,0.01862,-0.34563,-0.9026,-0.89,1.09,0.13,0.1463,-0.04825,-0.24747,-0.95657,-0.89,1.1,0.16,-0.31175,-0.1465,-0.27198,-0.89854,-0.88,1.09,0.17,-0.55105,-0.26298,-0.22896,-0.75813,-0.86,1.07,0.18,-0.55105,-0.26298,-0.22896,-0.75813,-0.72,1.09,0.13,-0.21589,-0.17026,-0.02732,0.96107,-0.69,1.07,0.07,-0.21589,-0.17026,-0.02732,0.96107,-0.73,1.07,0.1,-0.4021,-0.3176,0.54269,0.66553,-0.76,1.07,0.11,-0.26385,-0.20121,0.51625,0.78955,-0.78,1.08,0.14,-0.22372,-0.20756,0.59944,0.73996,-0.79,1.08,0.15,-0.22372,-0.20756,0.59944,0.73996,-0.72,1.07,0.1,-0.21589,-0.17026,-0.02732,0.96107,-0.74,1.1,0.15,-0.05026,-0.24645,0.06632,0.96558,-0.76,1.1,0.18,0.19665,-0.22305,0.09977,0.94954,-0.77,1.09,0.2,0.31187,-0.18321,0.1147,0.92521,-0.78,1.08,0.21,0.31187,-0.18321,0.1147,0.92521,-0.71,1.07,0.1,-0.21589,-0.17026,-0.02732,0.96107,-0.72,1.1,0.15,-0.16201,-0.13079,-0.03652,0.9774,-0.73,1.12,0.19,0.22591,-0.13715,0.00378,0.96444,-0.74,1.11,0.21,0.43089,-0.12707,-0.03046,0.89289,-0.75,1.09,0.23,0.43089,-0.12707,-0.03046,0.89289,-0.69,1.08,0.11,-0.21589,-0.17026,-0.02732,0.96107,-0.71,1.1,0.15,-0.2396,-0.07066,-0.10023,0.96309,-0.71,1.12,0.19,0.25552,-0.13308,-0.09046,0.95332,-0.72,1.1,0.21,0.5175,-0.17679,-0.07306,0.83403,-0.72,1.09,0.22,0.5175,-0.17679,-0.07306,0.83403,-0.68,1.07,0.11,-0.1523,-0.07514,-0.25261,0.95255,-0.69,1.09,0.15,-0.295,0.0112,-0.16338,0.94136,-0.68,1.1,0.18,0.23532,-0.08251,-0.22377,0.9422,-0.69,1.1,0.19,0.53239,-0.19765,-0.19092,0.80065,-0.7,1.08,0.2,0.53239,-0.19765,-0.19092,0.80065,-0.81,1.08,0.19
-0.79,1.44,-0.15,-0.79,1.44,-0.15,-0.85,1.1,0.11,0.31011,-0.05351,-0.11757,-0.94188,-0.86,1.06,0.06,0.31011,-0.05351,-0.11757,-0.94188,-0.82,1.07,0.09,0.38613,-0.17481,0.55831,-0.71319,-0.8,1.09,0.11,0.14552,0.01075,0.5104,-0.84747,-0.8,1.09,0.14,0.03648,0.02627,0.57995,-0.81341,-0.8,1.1,0.16,0.03648,0.02627,0.57995,-0.81341,-0.84,1.08,0.09,0.31011,-0.05351,-0.11757,-0.94188,-0.83,1.12,0.13,0.03415,-0.07141,-0.06186,-0.99494,-0.83,1.12,0.17,-0.41377,-0.09735,-0.04872,-0.90385,-0.82,1.1,0.18,-0.59833,-0.07849,-0.03337,-0.7967,-0.82,1.08,0.19,-0.59833,-0.07849,-0.03337,-0.7967,-0.85,1.08,0.09,0.31011,-0.05351,-0.11757,-0.94188,-0.85,1.12,0.13,0.07661,-0.05624,-0.1235,-0.98778,-0.85,1.12,0.17,-0.38163,-0.10847,-0.09708,-0.91278,-0.84,1.1,0.19,-0.59236,-0.11206,-0.132,-0.78685,-0.83,1.08,0.2,-0.59236,-0.11206,-0.132,-0.78685,-0.87,1.07,0.09,0.31011,-0.05351,-0.11757,-0.94188,-0.87,1.11,0.13,0.12352,-0.04214,-0.17856,-0.97524,-0.87,1.11,0.17,-0.36372,-0.14172,-0.17443,-0.90399,-0.86,1.1,0.19,-0.61249,-0.20682,-0.15176,-0.7477,-0.85,1.08,0.19,-0.61249,-0.20682,-0.15176,-0.7477,-0.88,1.07,0.09,0.25537,0.01403,-0.35136,-0.90063,-0.89,1.09,0.13,0.15218,-0.04876,-0.25399,-0.95391,-0.89,1.1,0.16,-0.31146,-0.15213,-0.27673,-0.89625,-0.88,1.09,0.17,-0.55372,-0.27069,-0.23063,-0.75295,-0.86,1.08,0.18,-0.55372,-0.27069,-0.23063,-0.75295,-0.72,1.09,0.13,-0.17778,-0.16515,-0.0141,0.97001,-0.69,1.07,0.07,-0.17778,-0.16515,-0.0141,0.97001,-0.73,1.07,0.1,-0.4004,-0.31975,0.50883,0.69176,-0.76,1.08,0.11,-0.27445,-0.22055,0.475,0.80648,-0.78,1.09,0.14,-0.26415,-0.24659,0.55507,0.74921,-0.8,1.09,0.15,-0.26415,-0.24659,0.55507,0.74921,-0.72,1.08,0.1,-0.17778,-0.16515,-0.0141,0.97001,-0.74,1.1,0.15,0.01892,-0.25282,0.0884,0.96328,-0.76,1.1,0.18,0.26139,-0.22218,0.12239,0.93131,-0.77,1.08,0.2,0.37783,-0.17829,0.13988,0.89772,-0.78,1.07,0.21,0.37783,-0.17829,0.13988,0.89772,-0.71,1.08,0.1,-0.17778,-0.16515,-0.0141,0.97001,-0.72,1.1,0.15,-0.13015,-0.12487,-0.02264,0.98334,-0.73,1.11,0.19,0.25854,-0.12595,0.01438,0.95765,-0.74,1.1,0.22,0.47444,-0.11143,-0.02191,0.87293,-0.75,1.08,0.23,0.47444,-0.11143,-0.02191,0.87293,-0.69,1.08,0.11,-0.17778,-0.16515,-0.0141,0.97001,-0.7,1.1,0.16,-0.2051,-0.06597,-0.08296,0.97299,-0.71,1.11,0.19,0.29424,-0.11964,-0.07809,0.94499,-0.72,1.1,0.21,0.5644,-0.15977,-0.06462,0.80731,-0.72,1.08,0.22,0.5644,-0.15977,-0.06462,0.80731,-0.68,1.08,0.11,-0.11816,-0.0608,-0.2364,0.96253,-0.69,1.09,0.15,-0.26227,0.0178,-0.14322,0.95414,-0.68,1.1,0.18,0.25542,-0.06085,-0.21073,0.94162,-0.69,1.09,0.2,0.55969,-0.17448,-0.18563,0.78857,-0.7,1.08,0.2,0.55969,-0.17448,-0.18563,0.78857,-0.81,1.08,0.19
-0.79,1.44,-0.15,-0.79,1.44,-0.15,-0.85,1.1,0.11,0.31068,-0.05769,-0.12518,-0.94047,-0.86,1.06,0.06,0.31068,-0.05769,-0.12518,-0.94047,-0.82,1.07,0.09,0.38797,-0.17552,0.55482,-0.71473,-0.8,1.09,0.11,0.14623,0.0091,0.50715,-0.84931,-0.8,1.09,0.14,0.03806,0.02376,0.57716,-0.8154,-0.8,1.1,0.16,0.03806,0.02376,0.57716,-0.8154,-0.84,1.08,0.09,0.31068,-0.05769,-0.12518,-0.94047,-0.83,1.12,0.13,0.02999,-0.07829,-0.0672,-0.99421,-0.83,1.12,0.17,-0.41312,-0.10554,-0.05095,-0.90311,-0.82,1.1,0.18,-0.59546,-0.08685,-0.03411,-0.79795,-0.82,1.08,0.19,-0.59546,-0.08685,-0.03411,-0.79795,-0.85,1.08,0.09,0.31068,-0.05769,-0.12518,-0.94047,-0.85,1.12,0.13,0.07441,-0.06251,-0.12971,-0.98678,-0.85,1.12,0.17,-0.38037,-0.11653,-0.10011,-0.91199,-0.84,1.1,0.19,-0.58987,-0.12052,-0.13305,-0.78729,-0.83,1.08,0.2,-0.58987,-0.12052,-0.13305,-0.78729,-0.87,1.07,0.09,0.31068,-0.05769,-0.12518,-0.94047,-0.87,1.11,0.13,0.12568,-0.0468,-0.18557,-0.97344,-0.87,1.12,0.17,-0.3603,-0.1491,-0.17831,-0.90342,-0.86,1.1,0.19,-0.60798,-0.21491,-0.15338,-0.74876,-0.85,1.08,0.19,-0.60798,-0.21491,-0.15338,-0.74876,-0.88,1.07,0.09,0.25402,0.00953,-0.35843,-0.89828,-0.89,1.09,0.13,0.15983,-0.049,-0.2618,-0.95054,-0.89,1.1,0.16,-0.30537,-0.15718,-0.28316,-0.89547,-0.88,1.09,0.17,-0.54731,-0.27737,-0.23497,-0.75386,-0.86,1.08,0.18,-0.54731,-0.27737,-0.23497,-0.75386,-0.72,1.09,0.13,-0.18626,-0.16824,-0.03266,0.96744,-0.69,1.07,0.07,-0.18626,-0.16824,-0.03266,0.96744,-0.73,1.07,0.09,-0.4142,-0.3068,0.49613,0.69869,-0.76,1.08,0.11,-0.28841,-0.21157,0.45857,0.8135,-0.78,1.09,0.13,-0.28103,-0.2387,0.53955,0.75692,-0.8,1.1,0.15,-0.28103,-0.2387,0.53955,0.75692,-0.72,1.08,0.1,-0.18626,-0.16824,-0.03266,0.96744,-0.74,1.1,0.15,0.011,-0.25796,0.07231,0.96338,-0.76,1.1,0.18,0.27738,-0.22853,0.11391,0.92621,-0.77,1.09,0.2,0.40685,-0.18358,0.13585,0.88449,-0.78,1.07,0.21,0.40685,-0.18358,0.13585,0.88449,-0.71,1.08,0.1,-0.18626,-0.16824,-0.03266,0.96744,-0.72,1.11,0.15,-0.11582,-0.13251,-0.03776,0.98367,-0.73,1.12,0.19,0.3155,-0.1383,0.00963,0.93874,-0.74,1.1,0.21,0.55619,-0.11958,-0.02169,0.82212,-0.75,1.08,0.22,0.55619,-0.11958,-0.02169,0.82212,-0.69,1.08,0.11,-0.18626,-0.16824,-0.03266,0.96744,-0.7,1.1,0.15,-0.1551,-0.08201,-0.09657,0.97974,-0.71,1.11,0.19,0.38295,-0.14152,-0.07781,0.90954,-0.72,1.1,0.21,0.66764,-0.17815,-0.055,0.72076,-0.72,1.07,0.21,0.66764,-0.17815,-0.055,0.72076,-0.68,1.08,0.11,-0.12318,-0.06625,-0.25497,0.95678,-0.69,1.09,0.15,-0.21112,-0.00601,-0.16621,0.96321,-0.68,1.1,0.18,0.32544,-0.09302,-0.21734,0.91553,-0.69,1.09,0.2,0.63814,-0.21048,-0.17844,0.71877,-0.7,1.07,0.2,0.63814,-0.21048,-0.17844,0.71877,-0.81,1.08,0.19
-0.79,1.44,-0.15,-0.79,1.44,-0.15,-0.85,1.1,0.11,0.31193,-0.06525,-0.13982,-0.93749,-0.86,1.06,0.06,0.31193,-0.06525,-0.13982,-0.93749,-0.82,1.08,0.09,0.39241,-0.17666,0.54721,-0.71789,-0.8,1.09,0.11,0.14931,0.00519,0.49989,-0.85311,-0.8,1.1,0.14,0.04323,0.01801,0.57099,-0.81962,-0.8,1.1,0.16,0.04323,0.01801,0.57099,-0.81962,-0.84,1.08,0.09,0.31193,-0.06525,-0.13982,-0.93749,-0.83,1.12,0.13,0.02494,-0.09241,-0.07688,-0.99244,-0.82,1.12,0.17,-0.40441,-0.12155,-0.05514,-0.90478,-0.82,1.1,0.18,-0.58101,-0.1031,-0.03608,-0.80654,-0.81,1.08,0.19,-0.58101,-0.1031,-0.03608,-0.80654,-0.85,1.08,0.09,0.31193,-0.06525,-0.13982,-0.93749,-0.85,1.12,0.13,0.07383,-0.07398,-0.14182,-0.98436,-0.85,1.12,0.17,-0.37477,-0.13163,-0.10643,-0.91154,-0.84,1.11,0.19,-0.58184,-0.13668,-0.13581,-0.79015,-0.83,1.08,0.2,-0.58184,-0.13668,-0.13581,-0.79015,-0.87,1.07,0.09,0.31193,-0.06525,-0.13982,-0.93749,-0.87,1.11,0.13,0.13163,-0.05499,-0.19928,-0.96951,-0.87,1.12,0.17,-0.35294,-0.16301,-0.18615,-0.90234,-0.86,1.1,0.19,-0.59883,-0.23034,-0.15695,-0.75081,-0.84,1.08,0.19,-0.59883,-0.23034,-0.15695,-0.75081,-0.88,1.07,0.09,0.25166,0.00126,-0.37203,-0.89345,-0.88,1.09,0.13,0.17002,-0.05179,-0.27628,-0.9445,-0.88,1.1,0.16,-0.29626,-0.16788,-0.29412,-0.89305,-0.87,1.09,0.17,-0.53707,-0.29065,-0.24186,-0.75404,-0.86,1.08,0.18,-0.53707,-0.29065,-0.24186,-0.75404,-0.71,1.1,0.12,-0.28008,-0.17807,-0.08398,0.93957,-0.69,1.07,0.07,-0.28008,-0.17807,-0.08398,0.93957,-0.73,1.07,0.09,-0.48005,-0.24171,0.4996,0.67936,-0.75,1.09,0.11,-0.34701,-0.14481,0.45261,0.80855,-0.77,1.1,0.13,-0.31971,-0.15759,0.53899,0.76317,-0.79,1.11,0.15,-0.31971,-0.15759,0.53899,0.76317,-0.72,1.08,0.1,-0.28008,-0.17807,-0.08398,0.93957,-0.74,1.11,0.14,-0.09245,-0.25423,0.02373,0.96242,-0.76,1.12,0.17,0.2665,-0.23348,0.08879,0.93091,-0.76,1.11,0.19,0.42634,-0.18862,0.11824,0.87674,-0.77,1.09,0.2,0.42634,-0.18862,0.11824,0.87674,-0.7,1.08,0.1,-0.28008,-0.17807,-0.08398,0.93957,-0.72,1.12,0.15,-0.12576,-0.15717,-0.0774,0.97647,-0.73,1.13,0.18,0.3978,-0.1782,0.00238,0.9,-0.74,1.11,0.2,0.67513,-0.15087,-0.01164,0.72201,-0.74,1.09,0.2,0.67513,-0.15087,-0.01164,0.72201,-0.68,1.08,0.11,-0.28008,-0.17807,-0.08398,0.93957,-0.7,1.11,0.15,-0.11679,-0.12738,-0.13648,0.97545,-0.71,1.12,0.18,0.48999,-0.20546,-0.0725,0.84406,-0.72,1.1,0.2,0.78659,-0.23028,-0.01848,0.57263,-0.72,1.08,0.19,0.78659,-0.23028,-0.01848,0.57263,-0.68,1.08,0.11,-0.20527,-0.10004,-0.31187,0.92228,-0.68,1.1,0.15,-0.17368,-0.08,-0.22621,0.95513,-0.68,1.11,0.18,0.42685,-0.19997,-0.21689,0.85485,-0.69,1.09,0.19,0.73639,-0.31122,-0.1295,0.5866,-0.71,1.08,0.18,0.73639,-0.31122,-0.1295,0.5866,-0.81,1.08,0.19
-0.79,1.44,-0.15,-0.79,1.44,-0.15,-0.85,1.1,0.11,0.31998,-0.07101,-0.15464,-0.93202,-0.86,1.06,0.05,0.31998,-0.07101,-0.15464,-0.93202,-0.82,1.08,0.09,0.40105,-0.1721,0.54022,-0.71952,-0.8,1.09,0.1,0.15783,0.00617,0.49131,-0.85654,-0.8,1.1,0.14,0.05311,0.01777,0.56326,-0.82438,-0.8,1.1,0.16,0.05311,0.01777,0.56326,-0.82438,-0.84,1.08,0.08,0.31998,-0.07101,-0.15464,-0.93202,-0.83,1.12,0.13,0.02082,-0.10981,-0.08314,-0.99025,-0.82,1.12,0.16,-0.39762,-0.13923,-0.05487,-0.90526,-0.82,1.1,0.18,-0.56861,-0.12012,-0.03347,-0.8131,-0.81,1.08,0.19,-0.56861,-0.12012,-0.03347,-0.8131,-0.85,1.08,0.09,0.31998,-0.07101,-0.15464,-0.93202,-0.85,1.12,0.13,0.08234,-0.08437,-0.15442,-0.98095,-0.85,1.13,0.17,-0.36532,-0.14661,-0.11306,-0.91229,-0.84,1.11,0.19,-0.57358,-0.15335,-0.13876,-0.79261,-0.83,1.09,0.2,-0.57358,-0.15335,-0.13876,-0.79261,-0.87,1.07,0.09,0.31998,-0.07101,-0.15464,-0.93202,-0.87,1.11,0.13,0.14668,-0.06164,-0.21383,-0.96383,-0.87,1.12,0.17,-0.33984,-0.17697,-0.19475,-0.90292,-0.86,1.1,0.19,-0.58669,-0.24648,-0.16066,-0.75447,-0.84,1.08,0.19,-0.58669,-0.24648,-0.16066,-0.75447,-0.88,1.07,0.09,0.25629,-0.00702,-0.38627,-0.88604,-0.88,1.09,0.13,0.18261,-0.05442,-0.29164,-0.93736,-0.88,1.1,0.16,-0.28445,-0.17908,-0.30586,-0.89077,-0.87,1.09,0.17,-0.5251,-0.30488,-0.24893,-0.75455,-0.86,1.08,0.18,-0.5251,-0.30488,-0.24893,-0.75455,-0.7,1.09,0.12,-0.37795,-0.18443,-0.13015,0.89789,-0.68,1.05,0.07,-0.37795,-0.18443,-0.13015,0.89789,-0.72,1.07,0.09,-0.51204,-0.1802,0.53512,0.6473,-0.75,1.08,0.11,-0.35686,-0.06019,0.48208,0.79789,-0.76,1.1,0.13,-0.27479,-0.03912,0.56639,0.77599,-0.77,1.11,0.15,-0.27479,-0.03912,0.56639,0.77599,-0.71,1.07,0.1,-0.37795,-0.18443,-0.13015,0.89789,-0.73,1.12,0.13,-0.19056,-0.2285,-0.03379,0.95411,-0.74,1.13,0.16,0.2682,-0.2288,0.05024,0.93445,-0.75,1.12,0.18,0.46506,-0.18756,0.08799,0.8607,-0.76,1.1,0.19,0.46506,-0.18756,0.08799,0.8607,-0.7,1.07,0.1,-0.37795,-0.18443,-0.13015,0.89789,-0.71,1.12,0.13,-0.17185,-0.17921,-0.11527,0.9618,-0.72,1.13,0.17,0.38811,-0.21772,-0.00955,0.89548,-0.73,1.11,0.19,0.68321,-0.19141,-0.00722,0.70466,-0.74,1.09,0.19,0.68321,-0.19141,-0.00722,0.70466,-0.68,1.07,0.11,-0.37795,-0.18443,-0.13015,0.89789,-0.69,1.11,0.14,-0.13214,-0.16971,-0.16922,0.96182,-0.7,1.12,0.18,0.50382,-0.26157,-0.06317,0.82083,-0.71,1.1,0.18,0.81041,-0.27443,0.02046,0.5172,-0.72,1.08,0.18,0.81041,-0.27443,0.02046,0.5172,-0.67,1.07,0.11,-0.29298,-0.13315,-0.36155,0.87505,-0.67,1.09,0.15,-0.19831,-0.15155,-0.26434,0.93158,-0.68,1.11,0.17,0.42114,-0.28692,-0.19801,0.83733,-0.69,1.1,0.18,0.72905,-0.38159,-0.07282,0.56354,-0.7,1.08,0.18,0.72905,-0.38159,-0.07282,0.56354,-0.81,1.08,0.19
-0.79,1.44,-0.15,-0.79,1.44,-0.15,-0.85,1.1,0.11,0.32492,-0.07318,-0.1578,-0.92961,-0.86,1.06,0.06,0.32492,-0.07318,-0.1578,-0.92961,-0.82,1.08,0.09,0.40422,-0.16814,0.54036,-0.71858,-0.8,1.09,0.1,0.1642,0.00805,0.48997,-0.8561,-0.8,1.1,0.14,0.06007,0.01958,0.56214,-0.82463,-0.8,1.1,0.16,0.06007,0.01958,0.56214,-0.82463,-0.84,1.08,0.08,0.32492,-0.07318,-0.1578,-0.92961,-0.83,1.12,0.13,0.01175,-0.12418,-0.07594,-0.98928,-0.82,1.12,0.16,-0.39767,-0.14864,-0.04371,-0.90435,-0.82,1.1,0.18,-0.56318,-0.12699,-0.02161,-0.81623,-0.81,1.08,0.19,-0.56318,-0.12699,-0.02161,-0.81623,-0.85,1.08,0.09,0.32492,-0.07318,-0.1578,-0.92961,-0.85,1.12,0.13,0.08932,-0.08891,-0.15617,-0.97966,-0.85,1.13,0.17,-0.36221,-0.15199,-0.11198,-0.91278,-0.84,1.11,0.19,-0.57439,-0.15886,-0.13613,-0.79139,-0.83,1.09,0.2,-0.57439,-0.15886,-0.13613,-0.79139,-0.87,1.07,0.09,0.32492,-0.07318,-0.1578,-0.92961,-0.87,1.1,0.13,0.15884,-0.06253,-0.21752,-0.96101,-0.87,1.12,0.17,-0.33565,-0.18162,-0.19588,-0.90332,-0.86,1.1,0.19,-0.58668,-0.25192,-0.1593,-0.75297,-0.84,1.08,0.19,-0.58668,-0.25192,-0.1593,-0.75297,-0.88,1.07,0.09,0.26022,-0.01054,-0.38948,-0.88345,-0.88,1.09,0.13,0.18972,-0.05293,-0.29599,-0.93466,-0.88,1.1,0.16,-0.27783,-0.18069,-0.31018,-0.89104,-0.87,1.09,0.17,-0.5217,-0.30862,-0.25117,-0.75465,-0.86,1.08,0.18,-0.5217,-0.30862,-0.25117,-0.75465,-0.7,1.1,0.11,-0.42809,-0.18846,-0.12805,0.87455,-0.68,1.05,0.07,-0.42809,-0.18846,-0.12805,0.87455,-0.72,1.07,0.09,-0.52304,-0.1455,0.56531,0.62103,-0.75,1.08,0.11,-0.35877,-0.00873,0.50653,0.78398,-0.76,1.1,0.13,-0.2572,0.02572,0.58424,0.76932,-0.77,1.11,0.15,-0.2572,0.02572,0.58424,0.76932,-0.71,1.07,0.09,-0.42809,-0.18846,-0.12805,0.87455,-0.73,1.12,0.12,-0.18655,-0.2216,-0.02093,0.9569,-0.74,1.13,0.15,0.29474,-0.21533,0.06358,0.92883,-0.75,1.12,0.17,0.50557,-0.16947,0.10246,0.83975,-0.76,1.1,0.18,0.50557,-0.16947,0.10246,0.83975,-0.7,1.07,0.1,-0.42809,-0.18846,-0.12805,0.87455,-0.71,1.12,0.13,-0.23493,-0.18078,-0.11747,0.9478,-0.72,1.14,0.16,0.30452,-0.22072,-0.01569,0.92645,-0.73,1.13,0.18,0.59793,-0.20394,-0.01593,0.77501,-0.74,1.1,0.19,0.59793,-0.20394,-0.01593,0.77501,-0.68,1.07,0.1,-0.42809,-0.18846,-0.12805,0.87455,-0.69,1.11,0.13,-0.22062,-0.1706,-0.17587,0.94408,-0.7,1.13,0.17,0.37847,-0.26657,-0.07822,0.88294,-0.71,1.11,0.18,0.70024,-0.29232,0.00256,0.6513,-0.72,1.09,0.18,0.70024,-0.29232,0.00256,0.6513,-0.67,1.07,0.11,-0.3414,-0.15067,-0.36164,0.85437,-0.68,1.1,0.14,-0.29004,-0.14761,-0.27126,0.90582,-0.68,1.12,0.16,0.32326,-0.29391,-0.20735,0.87528,-0.69,1.11,0.18,0.65107,-0.39299,-0.07686,0.6448,-0.7,1.09,0.17,0.65107,-0.39299,-0.07686,0.6448,-0.81,1.08,0.19
-0.79,1.44,-0.15,-0.79,1.44,-0.15,-0.85,1.1,0.11,0.32455,-0.09057,-0.1606,-0.92773,-0.86,1.06,0.06,0.32455,-0.09057,-0.1606,-0.92773,-0.82,1.07,0.08,0.41655,-0.17963,0.53436,-0.71322,-0.8,1.09,0.1,0.17675,-0.00611,0.48783,-0.85484,-0.79,1.1,0.13,0.07003,0.009,0.56148,-0.82448,-0.79,1.1,0.16,0.07003,0.009,0.56148,-0.82448,-0.83,1.08,0.08,0.32455,-0.09057,-0.1606,-0.92773,-0.83,1.12,0.13,0.00267,-0.15421,-0.06221,-0.98607,-0.82,1.12,0.16,-0.39097,-0.16981,-0.0216,-0.90435,-0.81,1.1,0.18,-0.54957,-0.14369,0.00255,-0.82299,-0.8,1.08,0.19,-0.54957,-0.14369,0.00255,-0.82299,-0.85,1.07,0.09,0.32455,-0.09057,-0.1606,-0.92773,-0.85,1.12,0.13,0.09639,-0.10828,-0.15385,-0.9774,-0.84,1.13,0.17,-0.35441,-0.16825,-0.10129,-0.91424,-0.83,1.11,0.19,-0.57041,-0.17282,-0.12172,-0.79369,-0.82,1.09,0.2,-0.57041,-0.17282,-0.12172,-0.79369,-0.87,1.07,0.09,0.32455,-0.09057,-0.1606,-0.92773,-0.87,1.1,0.13,0.17175,-0.0766,-0.21883,-0.95747,-0.86,1.12,0.17,-0.32553,-0.19544,-0.18931,-0.90554,-0.85,1.11,0.19,-0.58157,-0.26386,-0.14775,-0.7552,-0.84,1.09,0.19,-0.58157,-0.26386,-0.14775,-0.7552,-0.87,1.07,0.09,0.25589,-0.02761,-0.39143,-0.88348,-0.88,1.09,0.13,0.19448,-0.06451,-0.29785,-0.93236,-0.88,1.1,0.16,-0.27323,-0.19208,-0.30638,-0.89139,-0.87,1.09,0.17,-0.52163,-0.31945,-0.24237,-0.75306,-0.85,1.08,0.18,-0.52163,-0.31945,-0.24237,-0.75306,-0.7,1.1,0.11,-0.40612,-0.17534,-0.12488,0.8881,-0.68,1.05,0.07,-0.40612,-0.17534,-0.12488,0.8881,-0.72,1.07,0.09,-0.48375,-0.14231,0.58468,0.63552,-0.75,1.08,0.11,-0.31744,0.00384,0.52506,0.78964,-0.76,1.1,0.14,-0.22268,0.0295,0.60086,0.76714,-0.76,1.11,0.16,-0.22268,0.0295,0.60086,0.76714,-0.71,1.07,0.09,-0.40612,-0.17534,-0.12488,0.8881,-0.73,1.12,0.12,-0.13318,-0.20952,-0.0148,0.96858,-0.74,1.13,0.16,0.344,-0.20071,0.06198,0.91517,-0.75,1.11,0.17,0.54599,-0.15551,0.09792,0.81739,-0.75,1.09,0.18,0.54599,-0.15551,0.09792,0.81739,-0.7,1.07,0.1,-0.40612,-0.17534,-0.12488,0.8881,-0.71,1.12,0.13,-0.20074,-0.16791,-0.11429,0.95836,-0.72,1.14,0.17,0.29616,-0.20658,-0.02951,0.93206,-0.73,1.12,0.19,0.54469,-0.19667,-0.04043,0.81425,-0.74,1.1,0.19,0.54469,-0.19667,-0.04043,0.81425,-0.68,1.07,0.1,-0.40612,-0.17534,-0.12488,0.8881,-0.69,1.11,0.14,-0.21498,-0.14995,-0.17855,0.94838,-0.7,1.13,0.17,0.33897,-0.24666,-0.1044,0.90187,-0.71,1.11,0.18,0.62703,-0.28668,-0.04249,0.72308,-0.72,1.09,0.19,0.62703,-0.28668,-0.04249,0.72308,-0.67,1.07,0.11,-0.32305,-0.13147,-0.35854,0.86591,-0.67,1.1,0.14,-0.33156,-0.09184,-0.28022,0.89617,-0.67,1.12,0.16,0.26569,-0.25458,-0.25075,0.89539,-0.69,1.11,0.18,0.5748,-0.37164,-0.14473,0.71452,-0.7,1.09,0.18,0.5748,-0.37164,-0.14473,0.71452,-0.81,1.08,0.19
-0.79,1.44,-0.15,-0.79,1.44,-0.15,-0.84,1.1,0.11,0.31857,-0.14224,-0.16955,-0.9217,-0.86,1.06,0.06,0.31857,-0.14224,-0.16955,-0.9217,-0.82,1.07,0.08,0.44681,-0.21733,0.51666,-0.69727,-0.8,1.09,0.1,0.20643,-0.05024,0.48302,-0.84944,-0.79,1.1,0.13,0.0971,-0.02807,0.56166,-0.82117,-0.78,1.1,0.15,0.0971,-0.02807,0.56166,-0.82117,-0.83,1.08,0.08,0.31857,-0.14224,-0.16955,-0.9217,-0.82,1.12,0.12,-0.01994,-0.21698,-0.04022,-0.97514,-0.8,1.12,0.16,-0.38666,-0.21864,0.01805,-0.89575,-0.8,1.1,0.17,-0.53384,-0.18535,0.04787,-0.82363,-0.79,1.08,0.18,-0.53384,-0.18535,0.04787,-0.82363,-0.85,1.08,0.08,0.31857,-0.14224,-0.16955,-0.9217,-0.84,1.12,0.13,0.09989,-0.16211,-0.15027,-0.97013,-0.83,1.13,0.17,-0.33289,-0.21345,-0.07747,-0.91521,-0.82,1.11,0.18,-0.54878,-0.21223,-0.08846,-0.80373,-0.81,1.09,0.19,-0.54878,-0.21223,-0.08846,-0.80373,-0.86,1.07,0.09,0.31857,-0.14224,-0.16955,-0.9217,-0.86,1.11,0.13,0.1804,-0.12474,-0.22201,-0.95006,-0.85,1.12,0.17,-0.30997,-0.23791,-0.16931,-0.90479,-0.84,1.11,0.18,-0.56613,-0.29838,-0.11595,-0.75962,-0.82,1.09,0.19,-0.56613,-0.29838,-0.11595,-0.75962,-0.87,1.07,0.09,0.23827,-0.0774,-0.39706,-0.88294,-0.87,1.09,0.13,0.19256,-0.10891,-0.30179,-0.92735,-0.87,1.1,0.16,-0.26885,-0.2308,-0.2903,-0.88892,-0.86,1.1,0.18,-0.51618,-0.35079,-0.21538,-0.75108,-0.84,1.08,0.18,-0.51618,-0.35079,-0.21538,-0.75108,-0.7,1.1,0.12,-0.37349,-0.16022,-0.11754,0.9061,-0.68,1.05,0.07,-0.37349,-0.16022,-0.11754,0.9061,-0.72,1.07,0.1,-0.44086,-0.15536,0.5999,0.64933,-0.75,1.08,0.11,-0.27285,-0.00109,0.5439,0.79356,-0.76,1.09,0.14,-0.19703,0.00689,0.61989,0.75952,-0.76,1.1,0.16,-0.19703,0.00689,0.61989,0.75952,-0.71,1.07,0.09,-0.37349,-0.16022,-0.11754,0.9061,-0.73,1.12,0.13,-0.11391,-0.19428,-0.01689,0.97416,-0.74,1.13,0.16,0.35381,-0.18833,0.05074,0.91475,-0.75,1.11,0.18,0.55135,-0.14624,0.08355,0.8171,-0.75,1.09,0.19,0.55135,-0.14624,0.08355,0.8171,-0.7,1.07,0.1,-0.37349,-0.16022,-0.11754,0.9061,-0.71,1.12,0.13,-0.15879,-0.15196,-0.10766,0.96959,-0.72,1.13,0.17,0.31606,-0.18811,-0.03619,0.9292,-0.73,1.12,0.19,0.54371,-0.1793,-0.05393,0.81812,-0.74,1.1,0.2,0.54371,-0.1793,-0.05393,0.81812,-0.68,1.07,0.1,-0.37349,-0.16022,-0.11754,0.9061,-0.69,1.11,0.14,-0.18118,-0.12872,-0.17359,0.95941,-0.7,1.12,0.17,0.35418,-0.22276,-0.11692,0.90071,-0.71,1.11,0.19,0.62392,-0.26776,-0.06741,0.73108,-0.72,1.09,0.19,0.62392,-0.26776,-0.06741,0.73108,-0.67,1.07,0.11,-0.2953,-0.10742,-0.35086,0.88213,-0.67,1.1,0.14,-0.30887,-0.05749,-0.27393,0.90899,-0.67,1.11,0.17,0.27647,-0.21772,-0.26889,0.89658,-0.68,1.11,0.18,0.56744,-0.34105,-0.18319,0.72673,-0.7,1.09,0.18,0.56744,-0.34105,-0.18319,0.72673,-0.81,1.08,0.19
-0.79,1.44,-0.15,-0.79,1.44,-0.15,-0.84,1.1,0.1,0.31371,-0.17635,-0.17246,-0.91692,-0.86,1.06,0.06,0.31371,-0.17635,-0.17246,-0.91692,-0.82,1.07,0.08,0.4655,-0.24424,0.50564,-0.6841,-0.79,1.09,0.09,0.2252,-0.08089,0.48145,-0.84318,-0.78,1.1,0.12,0.11255,-0.05252,0.56358,-0.81667,-0.78,1.1,0.14,0.11255,-0.05252,0.56358,-0.81667,-0.83,1.08,0.08,0.31371,-0.17635,-0.17246,-0.91692,-0.82,1.12,0.12,-0.04523,-0.25707,-0.01816,-0.96516,-0.8,1.11,0.15,-0.38272,-0.24833,0.04661,-0.88864,-0.79,1.1,0.16,-0.51813,-0.21096,0.07807,-0.82519,-0.78,1.08,0.17,-0.51813,-0.21096,0.07807,-0.82519,-0.85,1.07,0.08,0.31371,-0.17635,-0.17246,-0.91692,-0.84,1.12,0.13,0.10008,-0.19682,-0.14541,-0.96442,-0.82,1.13,0.16,-0.3087,-0.24117,-0.06374,-0.91787,-0.81,1.11,0.18,-0.51644,-0.23728,-0.07078,-0.81974,-0.8,1.09,0.19,-0.51644,-0.23728,-0.07078,-0.81974,-0.86,1.07,0.09,0.31371,-0.17635,-0.17246,-0.91692,-0.85,1.11,0.13,0.18367,-0.15625,-0.22186,-0.94479,-0.84,1.12,0.16,-0.29123,-0.26295,-0.15742,-0.90624,-0.83,1.11,0.18,-0.54283,-0.31861,-0.09878,-0.77076,-0.82,1.09,0.19,-0.54283,-0.31861,-0.09878,-0.77076,-0.87,1.07,0.09,0.22618,-0.11014,-0.39758,-0.88241,-0.87,1.09,0.13,0.18949,-0.13755,-0.30196,-0.92412,-0.86,1.1,0.16,-0.26089,-0.25272,-0.27971,-0.88872,-0.85,1.1,0.18,-0.50374,-0.36711,-0.20046,-0.75583,-0.83,1.08,0.18,-0.50374,-0.36711,-0.20046,-0.75583,-0.7,1.09,0.12,-0.3399,-0.15745,-0.11467,0.92007,-0.69,1.05,0.07,-0.3399,-0.15745,-0.11467,0.92007,-0.72,1.07,0.1,-0.41299,-0.18314,0.60186,0.65853,-0.75,1.08,0.12,-0.24229,-0.02518,0.55339,0.79651,-0.76,1.09,0.14,-0.18243,-0.03092,0.62992,0.7543,-0.76,1.09,0.17,-0.18243,-0.03092,0.62992,0.7543,-0.71,1.07,0.1,-0.3399,-0.15745,-0.11467,0.92007,-0.73,1.11,0.13,-0.13028,-0.18695,-0.03027,0.97322,-0.74,1.12,0.17,0.32135,-0.18904,0.03205,0.92735,-0.75,1.11,0.18,0.51818,-0.1517,0.0636,0.83931,-0.75,1.09,0.19,0.51818,-0.1517,0.0636,0.83931,-0.7,1.07,0.1,-0.3399,-0.15745,-0.11467,0.92007,-0.71,1.11,0.14,-0.12017,-0.14776,-0.10398,0.97617,-0.72,1.13,0.18,0.34245,-0.18178,-0.03715,0.92104,-0.73,1.11,0.2,0.55723,-0.17155,-0.05721,0.81043,-0.74,1.09,0.2,0.55723,-0.17155,-0.05721,0.81043,-0.68,1.07,0.1,-0.3399,-0.15745,-0.11467,0.92007,-0.69,1.11,0.14,-0.13678,-0.1228,-0.16875,0.96837,-0.7,1.12,0.18,0.39052,-0.21274,-0.11825,0.88783,-0.71,1.1,0.19,0.64777,-0.25742,-0.07442,0.71316,-0.72,1.08,0.2,0.64777,-0.25742,-0.07442,0.71316,-0.67,1.07,0.11,-0.2635,-0.09576,-0.34631,0.89525,-0.67,1.09,0.15,-0.26991,-0.05195,-0.26705,0.92365,-0.67,1.11,0.17,0.31565,-0.20575,-0.26726,0.88691,-0.68,1.1,0.18,0.59511,-0.32772,-0.19001,0.70876,-0.7,1.08,0.19,0.59511,-0.32772,-0.19001,0.70876,-0.81,1.08,0.19
-0.79,1.44,-0.15,-0.79,1.44,-0.15,-0.84,1.1,0.1,0.31604,-0.18515,-0.17763,-0.91339,-0.86,1.06,0.06,0.31604,-0.18515,-0.17763,-0.91339,-0.82,1.07,0.08,0.47466,-0.25024,0.49892,-0.68055,-0.8,1.09,0.09,0.23353,-0.08914,0.47702,-0.8426,-0.78,1.1,0.12,0.11841,-0.05825,0.56045,-0.81761,-0.78,1.1,0.14,0.11841,-0.05825,0.56045,-0.81761,-0.83,1.08,0.08,0.31604,-0.18515,-0.17763,-0.91339,-0.82,1.12,0.12,-0.05935,-0.27017,-0.01105,-0.96092,-0.8,1.11,0.15,-0.38241,-0.25856,0.05421,-0.88542,-0.79,1.1,0.16,-0.511,-0.22055,0.08537,-0.82641,-0.78,1.08,0.17,-0.511,-0.22055,0.08537,-0.82641,-0.85,1.07,0.08,0.31604,-0.18515,-0.17763,-0.91339,-0.84,1.12,0.12,0.1023,-0.20682,-0.14834,-0.96164,-0.82,1.13,0.16,-0.29983,-0.25112,-0.06383,-0.91813,-0.81,1.11,0.18,-0.50427,-0.24746,-0.06946,-0.82441,-0.8,1.09,0.19,-0.50427,-0.24746,-0.06946,-0.82441,-0.86,1.07,0.09,0.31604,-0.18515,-0.17763,-0.91339,-0.85,1.1,0.13,0.18573,-0.16504,-0.22628,-0.94184,-0.85,1.12,0.16,-0.28296,-0.27193,-0.15846,-0.90602,-0.83,1.11,0.18,-0.53108,-0.32737,-0.09822,-0.77533,-0.82,1.09,0.19,-0.53108,-0.32737,-0.09822,-0.77533,-0.87,1.07,0.1,0.22595,-0.11973,-0.40202,-0.8792,-0.87,1.09,0.13,0.18953,-0.14571,-0.30657,-0.92134,-0.86,1.1,0.16,-0.25054,-0.25918,-0.28237,-0.889,-0.85,1.1,0.18,-0.48695,-0.37247,-0.20354,-0.76336,-0.84,1.08,0.18,-0.48695,-0.37247,-0.20354,-0.76336,-0.7,1.09,0.12,-0.32889,-0.16742,-0.11539,0.92222,-0.69,1.05,0.07,-0.32889,-0.16742,-0.11539,0.92222,-0.72,1.07,0.1,-0.41202,-0.19995,0.59843,0.65737,-0.75,1.08,0.12,-0.24092,-0.04277,0.55442,0.79545,-0.76,1.09,0.14,-0.18737,-0.05241,0.63151,0.75056,-0.77,1.09,0.17,-0.18737,-0.05241,0.63151,0.75056,-0.71,1.07,0.1,-0.32889,-0.16742,-0.11539,0.92222,-0.73,1.11,0.13,-0.12929,-0.18997,-0.03536,0.9726,-0.74,1.12,0.17,0.31767,-0.19411,0.02794,0.9277,-0.75,1.11,0.18,0.51005,-0.15788,0.05961,0.84343,-0.76,1.09,0.19,0.51005,-0.15788,0.05961,0.84343,-0.7,1.07,0.1,-0.32889,-0.16742,-0.11539,0.92222,-0.71,1.11,0.14,-0.1052,-0.15732,-0.10173,0.97665,-0.72,1.12,0.18,0.34988,-0.18884,-0.03206,0.917,-0.73,1.11,0.2,0.55501,-0.17674,-0.05152,0.81122,-0.74,1.08,0.21,0.55501,-0.17674,-0.05152,0.81122,-0.68,1.07,0.1,-0.32889,-0.16742,-0.11539,0.92222,-0.69,1.1,0.14,-0.11611,-0.13314,-0.16558,0.97024,-0.7,1.11,0.18,0.40679,-0.21876,-0.11118,0.87995,-0.71,1.1,0.19,0.65574,-0.26027,-0.06769,0.70547,-0.72,1.08,0.2,0.65574,-0.26027,-0.06769,0.70547,-0.68,1.07,0.11,-0.25064,-0.10285,-0.34573,0.89837,-0.68,1.09,0.15,-0.25045,-0.06541,-0.26508,0.92883,-0.68,1.1,0.17,0.33763,-0.21452,-0.25773,0.87952,-0.69,1.1,0.19,0.61025,-0.33157,-0.1804,0.6965,-0.7,1.08,0.19,0.61025,-0.33157,-0.1804,0.6965,-0.81,1.08,0.19
-0.79,1.44,-0.15,-0.79,1.44,-0.15,-0.85,1.09,0.11,0.30653,-0.16964,-0.19431,-0.91625,-0.86,1.06,0.06,0.30653,-0.16964,-0.19431,-0.91625,-0.82,1.07,0.08,0.46713,-0.24914,0.48366,-0.69699,-0.8,1.09,0.09,0.22062,-0.09162,0.46126,-0.8545,-0.79,1.1,0.12,0.09831,-0.05963,0.54537,-0.83027,-0.78,1.1,0.15,0.09831,-0.05963,0.54537,-0.83027,-0.84,1.08,0.08,0.30653,-0.16964,-0.19431,-0.91625,-0.82,1.12,0.12,-0.08794,-0.26654,-0.02479,-0.95948,-0.8,1.11,0.15,-0.39357,-0.2596,0.03552,-0.88116,-0.79,1.09,0.17,-0.51527,-0.22467,0.06542,-0.82446,-0.79,1.07,0.18,-0.51527,-0.22467,0.06542,-0.82446,-0.85,1.07,0.09,0.30653,-0.16964,-0.19431,-0.91625,-0.84,1.11,0.13,0.09346,-0.19234,-0.16963,-0.96203,-0.83,1.12,0.17,-0.30267,-0.24591,-0.09056,-0.91636,-0.82,1.11,0.19,-0.50246,-0.24771,-0.09726,-0.82263,-0.8,1.09,0.2,-0.50246,-0.24771,-0.09726,-0.82263,-0.87,1.07,0.09,0.30653,-0.16964,-0.19431,-0.91625,-0.86,1.1,0.13,0.17892,-0.14502,-0.24669,-0.94133,-0.85,1.12,0.17,-0.27853,-0.26178,-0.18835,-0.90466,-0.84,1.11,0.19,-0.51845,-0.32548,-0.1319,-0.77966,-0.82,1.09,0.19,-0.51845,-0.32548,-0.1319,-0.77966,-0.87,1.07,0.1,0.21756,-0.10265,-0.4177,-0.87616,-0.87,1.09,0.14,0.18191,-0.12422,-0.32554,-0.91951,-0.87,1.1,0.16,-0.23359,-0.24042,-0.31343,-0.88848,-0.86,1.09,0.18,-0.45117,-0.35861,-0.24535,-0.77952,-0.84,1.08,0.19,-0.45117,-0.35861,-0.24535,-0.77952,-0.7,1.09,0.12,-0.32423,-0.17147,-0.11105,0.92366,-0.69,1.05,0.07,-0.32423,-0.17147,-0.11105,0.92366,-0.73,1.07,0.1,-0.41256,-0.21133,0.59781,0.65403,-0.75,1.07,0.12,-0.24263,-0.05502,0.55679,0.79252,-0.76,1.08,0.14,-0.19459,-0.06797,0.63406,0.74531,-0.77,1.09,0.17,-0.19459,-0.06797,0.63406,0.74531,-0.71,1.07,0.1,-0.32423,-0.17147,-0.11105,0.92366,-0.73,1.11,0.13,-0.12277,-0.18464,-0.03486,0.97449,-0.74,1.12,0.17,0.32524,-0.18892,0.02616,0.9262,-0.75,1.11,0.19,0.51472,-0.15322,0.05648,0.84166,-0.76,1.09,0.2,0.51472,-0.15322,0.05648,0.84166,-0.7,1.07,0.1,-0.32423,-0.17147,-0.11105,0.92366,-0.71,1.11,0.14,-0.09041,-0.16043,-0.09514,0.97828,-0.72,1.12,0.18,0.34899,-0.18803,-0.02785,0.91765,-0.73,1.1,0.2,0.54099,-0.17516,-0.04915,0.82111,-0.74,1.08,0.21,0.54099,-0.17516,-0.04915,0.82111,-0.68,1.07,0.11,-0.32423,-0.17147,-0.11105,0.92366,-0.69,1.1,0.14,-0.10673,-0.13631,-0.1597,0.97187,-0.7,1.11,0.18,0.40535,-0.2169,-0.10708,0.88158,-0.71,1.1,0.2,0.64541,-0.25711,-0.06698,0.71613,-0.73,1.07,0.2,0.64541,-0.25711,-0.06698,0.71613,-0.68,1.07,0.11,-0.24587,-0.10552,-0.34109,0.90115,-0.68,1.09,0.15,-0.24614,-0.07341,-0.2589,0.93113,-0.68,1.1,0.17,0.34787,-0.21837,-0.24727,0.87759,-0.69,1.09,0.19,0.61695,-0.33092,-0.17088,0.69331,-0.7,1.08,0.19,0.61695,-0.33092,-0.17088,0.69331,-0.81,1.08,0.19
-0.79,1.44,-0.15,-0.79,1.44,-0.15,-0.85,1.09,0.11,0.30159,-0.15867,-0.2044,-0.91766,-0.86,1.06,0.06,0.30159,-0.15867,-0.2044,-0.91766,-0.83,1.07,0.08,0.46466,-0.24557,0.47202,-0.7078,-0.8,1.09,0.09,0.21542,-0.09169,0.44825,-0.8627,-0.79,1.1,0.12,0.08678,-0.05834,0.53284,-0.83973,-0.78,1.1,0.15,0.08678,-0.05834,0.53284,-0.83973,-0.84,1.08,0.08,0.30159,-0.15867,-0.2044,-0.91766,-0.83,1.12,0.12,-0.10346,-0.26242,-0.0349,-0.95876,-0.81,1.11,0.16,-0.40183,-0.25864,0.02281,-0.87813,-0.8,1.09,0.17,-0.52009,-0.22558,0.052,-0.82214,-0.79,1.07,0.18,-0.52009,-0.22558,0.052,-0.82214,-0.85,1.07,0.09,0.30159,-0.15867,-0.2044,-0.91766,-0.85,1.11,0.13,0.08849,-0.18139,-0.1831,-0.96215,-0.83,1.12,0.17,-0.30607,-0.2411,-0.10758,-0.91467,-0.82,1.11,0.19,-0.50387,-0.24627,-0.11501,-0.8199,-0.81,1.09,0.2,-0.50387,-0.24627,-0.11501,-0.8199,-0.87,1.07,0.09,0.30159,-0.15867,-0.2044,-0.91766,-0.86,1.1,0.14,0.17502,-0.13105,-0.25918,-0.94076,-0.86,1.12,0.17,-0.27969,-0.2547,-0.20623,-0.90242,-0.84,1.11,0.19,-0.51622,-0.3233,-0.15171,-0.77845,-0.83,1.09,0.2,-0.51622,-0.3233,-0.15171,-0.77845,-0.87,1.06,0.1,0.21361,-0.09099,-0.42727,-0.8738,-0.88,1.08,0.14,0.17892,-0.10842,-0.33741,-0.91782,-0.87,1.1,0.17,-0.23102,-0.22952,-0.33137,-0.88552,-0.86,1.09,0.18,-0.44242,-0.35144,-0.26728,-0.78059,-0.85,1.08,0.19,-0.44242,-0.35144,-0.26728,-0.78059,-0.71,1.09,0.12,-0.31639,-0.17177,-0.1112,0.9263,-0.69,1.06,0.07,-0.31639,-0.17177,-0.1112,0.9263,-0.73,1.07,0.1,-0.41175,-0.22008,0.59239,0.65659,-0.75,1.07,0.12,-0.24028,-0.06466,0.55361,0.79473,-0.76,1.08,0.14,-0.19575,-0.08006,0.63111,0.7463,-0.77,1.09,0.17,-0.19575,-0.08006,0.63111,0.7463,-0.71,1.07,0.1,-0.31639,-0.17177,-0.1112,0.9263,-0.73,1.11,0.14,-0.11313,-0.17983,-0.03769,0.97644,-0.75,1.12,0.17,0.33601,-0.18559,0.02168,0.92314,-0.75,1.1,0.19,0.52439,-0.1508,0.05165,0.83642,-0.76,1.09,0.2,0.52439,-0.1508,0.05165,0.83642,-0.7,1.07,0.1,-0.31639,-0.17177,-0.1112,0.9263,-0.71,1.11,0.14,-0.07665,-0.16076,-0.09418,0.9795,-0.72,1.12,0.18,0.35591,-0.18755,-0.02808,0.91507,-0.73,1.1,0.2,0.54165,-0.17431,-0.04999,0.82081,-0.74,1.08,0.21,0.54165,-0.17431,-0.04999,0.82081,-0.68,1.07,0.11,-0.31639,-0.17177,-0.1112,0.9263,-0.69,1.1,0.15,-0.09623,-0.13669,-0.15877,0.97306,-0.7,1.11,0.18,0.41094,-0.21588,-0.10719,0.87922,-0.71,1.09,0.2,0.64585,-0.2559,-0.06866,0.71602,-0.73,1.07,0.2,0.64585,-0.2559,-0.06866,0.71602,-0.68,1.07,0.11,-0.23815,-0.10382,-0.34068,0.90357,-0.68,1.09,0.15,-0.23884,-0.07646,-0.25718,0.93326,-0.68,1.1,0.17,0.35667,-0.21959,-0.24391,0.87469,-0.69,1.09,0.19,0.6222,-0.33036,-0.16862,0.68941,-0.7,1.08,0.19,0.6222,-0.33036,-0.16862,0.68941,-0.81,1.08,0.19
-0.79,1.44,-0.15,-0.79,1.44,-0.15,-0.85,1.09,0.11,0.30864,-0.11839,-0.20978,-0.92017,-0.87,1.06,0.06,0.30864,-0.11839,-0.20978,-0.92017,-0.83,1.08,0.08,0.45239,-0.21281,0.47166,-0.72636,-0.81,1.09,0.1,0.20278,-0.06026,0.4363,-0.87458,-0.8,1.1,0.13,0.06862,-0.02907,0.51719,-0.85262,-0.79,1.1,0.15,0.06862,-0.02907,0.51719,-0.85262,-0.84,1.08,0.08,0.30864,-0.11839,-0.20978,-0.92017,-0.83,1.12,0.13,-0.10056,-0.22763,-0.05719,-0.96685,-0.82,1.11,0.16,-0.4007,-0.23255,-0.00933,-0.88616,-0.81,1.09,0.17,-0.51695,-0.20392,0.01557,-0.83123,-0.8,1.08,0.18,-0.51695,-0.20392,0.01557,-0.83123,-0.86,1.07,0.09,0.30864,-0.11839,-0.20978,-0.92017,-0.85,1.11,0.13,0.09341,-0.14252,-0.19763,-0.96535,-0.84,1.12,0.17,-0.30276,-0.21142,-0.13638,-0.91926,-0.83,1.11,0.19,-0.49903,-0.22351,-0.14966,-0.82378,-0.82,1.09,0.2,-0.49903,-0.22351,-0.14966,-0.82378,-0.87,1.07,0.09,0.30864,-0.11839,-0.20978,-0.92017,-0.87,1.1,0.14,0.17707,-0.09284,-0.26922,-0.9421,-0.87,1.12,0.17,-0.28114,-0.22663,-0.23176,-0.90327,-0.85,1.1,0.19,-0.51729,-0.3035,-0.18383,-0.77878,-0.84,1.09,0.2,-0.51729,-0.3035,-0.18383,-0.77878,-0.88,1.06,0.1,0.22798,-0.05321,-0.43473,-0.8696,-0.88,1.08,0.14,0.1848,-0.07001,-0.34746,-0.91663,-0.88,1.1,0.16,-0.23163,-0.20269,-0.35475,-0.88285,-0.87,1.09,0.18,-0.44529,-0.33314,-0.29546,-0.77682,-0.86,1.08,0.19,-0.44529,-0.33314,-0.29546,-0.77682,-0.71,1.09,0.12,-0.31278,-0.17266,-0.09794,0.92885,-0.69,1.06,0.07,-0.31278,-0.17266,-0.09794,0.92885,-0.73,1.07,0.1,-0.4138,-0.2335,0.59326,0.64984,-0.75,1.07,0.11,-0.24334,-0.07816,0.55822,0.78935,-0.77,1.08,0.14,-0.19934,-0.09251,0.63573,0.73997,-0.78,1.09,0.16,-0.19934,-0.09251,0.63573,0.73997,-0.72,1.07,0.1,-0.31278,-0.17266,-0.09794,0.92885,-0.73,1.11,0.14,-0.12181,-0.17528,-0.02848,0.97654,-0.75,1.12,0.17,0.31061,-0.17814,0.02456,0.93337,-0.75,1.11,0.19,0.49454,-0.14346,0.05084,0.85573,-0.76,1.09,0.2,0.49454,-0.14346,0.05084,0.85573,-0.7,1.07,0.1,-0.31278,-0.17266,-0.09794,0.92885,-0.71,1.11,0.14,-0.07655,-0.15817,-0.08147,0.98106,-0.73,1.12,0.18,0.35258,-0.17965,-0.01855,0.91819,-0.74,1.1,0.2,0.53793,-0.16493,-0.04248,0.8256,-0.74,1.08,0.21,0.53793,-0.16493,-0.04248,0.8256,-0.68,1.07,0.11,-0.31278,-0.17266,-0.09794,0.92885,-0.7,1.1,0.15,-0.09797,-0.13457,-0.1458,0.97521,-0.7,1.11,0.18,0.40987,-0.20754,-0.0973,0.88287,-0.72,1.09,0.2,0.6456,-0.2452,-0.06171,0.72061,-0.73,1.07,0.2,0.6456,-0.2452,-0.06171,0.72061,-0.68,1.07,0.11,-0.23629,-0.10333,-0.32785,0.90885,-0.68,1.09,0.15,-0.2395,-0.07932,-0.24304,0.93663,-0.68,1.1,0.18,0.35769,-0.21361,-0.23117,0.8792,-0.69,1.09,0.19,0.62381,-0.32033,-0.15935,0.69488,-0.71,1.08,0.19,0.62381,-0.32033,-0.15935,0.69488,-0.81,1.08,0.19
-0.79,1.44,-0.15,-0.79,1.44,-0.15,-0.86,1.1,0.11,0.34898,-0.06636,-0.18202,-0.91688,-0.86,1.06,0.06,0.34898,-0.06636,-0.18202,-0.91688,-0.83,1.08,0.09,0.44224,-0.15225,0.50888,-0.72269,-0.81,1.09,0.1,0.20502,0.00697,0.45301,-0.86758,-0.8,1.1,0.13,0.06358,0.04127,0.52414,-0.84826,-0.8,1.11,0.16,0.06358,0.04127,0.52414,-0.84826,-0.84,1.08,0.09,0.34898,-0.06636,-0.18202,-0.91688,-0.84,1.12,0.13,-0.0583,-0.15923,-0.06073,-0.98365,-0.83,1.12,0.16,-0.38481,-0.17052,-0.03032,-0.9066,-0.82,1.1,0.18,-0.50449,-0.145,-0.01382,-0.85104,-0.82,1.08,0.19,-0.50449,-0.145,-0.01382,-0.85104,-0.86,1.08,0.09,0.34898,-0.06636,-0.18202,-0.91688,-0.86,1.12,0.13,0.10579,-0.09121,-0.18035,-0.97363,-0.86,1.13,0.17,-0.33525,-0.16375,-0.13413,-0.91804,-0.85,1.11,0.19,-0.54726,-0.17694,-0.15527,-0.80318,-0.84,1.09,0.2,-0.54726,-0.17694,-0.15527,-0.80318,-0.88,1.07,0.09,0.34898,-0.06636,-0.18202,-0.91688,-0.88,1.11,0.13,0.16441,-0.05655,-0.24669,-0.95337,-0.88,1.12,0.17,-0.33634,-0.19333,-0.22187,-0.89458,-0.86,1.1,0.19,-0.58602,-0.27088,-0.17996,-0.74217,-0.85,1.09,0.19,-0.58602,-0.27088,-0.17996,-0.74217,-0.88,1.07,0.09,0.28176,-0.01115,-0.41379,-0.8656,-0.89,1.09,0.13,0.19036,-0.04084,-0.32854,-0.92421,-0.89,1.1,0.16,-0.26718,-0.1836,-0.34453,-0.88103,-0.88,1.09,0.18,-0.50265,-0.31994,-0.28407,-0.75119,-0.87,1.08,0.18,-0.50265,-0.31994,-0.28407,-0.75119,-0.71,1.09,0.12,-0.30889,-0.16687,-0.08813,0.93219,-0.69,1.06,0.07,-0.30889,-0.16687,-0.08813,0.93219,-0.73,1.07,0.1,-0.41186,-0.24237,0.59311,0.64796,-0.75,1.07,0.11,-0.24289,-0.08791,0.56026,0.78701,-0.77,1.08,0.14,-0.19808,-0.10078,0.63782,0.73743,-0.78,1.09,0.16,-0.19808,-0.10078,0.63782,0.73743,-0.72,1.07,0.1,-0.30889,-0.16687,-0.08813,0.93219,-0.74,1.11,0.14,-0.14867,-0.16841,-0.02573,0.9741,-0.75,1.12,0.17,0.23958,-0.17238,0.01595,0.95532,-0.75,1.11,0.19,0.41291,-0.14081,0.03634,0.89909,-0.76,1.09,0.21,0.41291,-0.14081,0.03634,0.89909,-0.7,1.07,0.1,-0.30889,-0.16687,-0.08813,0.93219,-0.71,1.11,0.14,-0.10761,-0.1468,-0.07902,0.98012,-0.73,1.12,0.18,0.31003,-0.1684,-0.02365,0.9354,-0.73,1.11,0.2,0.49617,-0.15771,-0.05066,0.85227,-0.74,1.09,0.21,0.49617,-0.15771,-0.05066,0.85227,-0.68,1.07,0.11,-0.30889,-0.16687,-0.08813,0.93219,-0.7,1.1,0.15,-0.12034,-0.1226,-0.14093,0.975,-0.7,1.11,0.18,0.38844,-0.19552,-0.0991,0.89502,-0.71,1.1,0.2,0.6274,-0.23493,-0.06667,0.73941,-0.73,1.08,0.2,0.6274,-0.23493,-0.06667,0.73941,-0.68,1.07,0.11,-0.23504,-0.09628,-0.3186,0.91322,-0.68,1.09,0.15,-0.24743,-0.0706,-0.23355,0.93768,-0.68,1.11,0.18,0.35043,-0.20154,-0.22881,0.88557,-0.69,1.1,0.19,0.61689,-0.30802,-0.16181,0.70596,-0.7,1.08,0.19,0.61689,-0.30802,-0.16181,0.70596,-0.81,1.08,0.19
-0.79,1.44,-0.15,-0.79,1.44,-0.15,-0.86,1.1,0.11,0.37373,-0.02552,-0.12256,-0.91905,-0.86,1.06,0.06,0.37373,-0.02552,-0.12256,-0.91905,-0.83,1.08,0.09,0.42989,-0.11858,0.5551,-0.70213,-0.81,1.09,0.11,0.21216,0.04854,0.48849,-0.84499,-0.81,1.1,0.14,0.06873,0.08865,0.55218,-0.82615,-0.81,1.11,0.16,0.06873,0.08865,0.55218,-0.82615,-0.84,1.08,0.09,0.37373,-0.02552,-0.12256,-0.91905,-0.84,1.12,0.13,0.02439,-0.07744,-0.04555,-0.99566,-0.84,1.12,0.16,-0.35756,-0.09269,-0.03838,-0.92849,-0.83,1.11,0.18,-0.49678,-0.06975,-0.03132,-0.8645,-0.83,1.09,0.19,-0.49678,-0.06975,-0.03132,-0.8645,-0.86,1.08,0.09,0.37373,-0.02552,-0.12256,-0.91905,-0.86,1.12,0.13,0.10097,-0.03867,-0.13398,-0.98507,-0.86,1.13,0.17,-0.4025,-0.10326,-0.10958,-0.90295,-0.85,1.11,0.18,-0.63981,-0.11176,-0.1435,-0.7467,-0.85,1.09,0.19,-0.63981,-0.11176,-0.1435,-0.7467,-0.88,1.07,0.09,0.37373,-0.02552,-0.12256,-0.91905,-0.88,1.11,0.13,0.12203,-0.0229,-0.19517,-0.97288,-0.88,1.12,0.16,-0.42211,-0.1452,-0.19026,-0.87438,-0.87,1.1,0.18,-0.69352,-0.21837,-0.15898,-0.66789,-0.86,1.08,0.18,-0.69352,-0.21837,-0.15898,-0.66789,-0.88,1.07,0.09,0.32247,0.02465,-0.36091,-0.87473,-0.89,1.09,0.13,0.16342,-0.02428,-0.277,-0.94656,-0.9,1.1,0.15,-0.33757,-0.15533,-0.30302,-0.87755,-0.89,1.09,0.17,-0.60339,-0.29057,-0.24493,-0.70108,-0.87,1.08,0.17,-0.60339,-0.29057,-0.24493,-0.70108,-0.71,1.09,0.12,-0.29747,-0.16124,-0.06582,0.93871,-0.69,1.06,0.07,-0.29747,-0.16124,-0.06582,0.93871,-0.73,1.06,0.1,-0.40601,-0.25277,0.59675,0.64433,-0.75,1.07,0.12,-0.24172,-0.09989,0.56611,0.78174,-0.77,1.08,0.14,-0.19205,-0.10758,0.64378,0.73286,-0.78,1.08,0.16,-0.19205,-0.10758,0.64378,0.73286,-0.72,1.07,0.1,-0.29747,-0.16124,-0.06582,0.93871,-0.74,1.11,0.14,-0.15106,-0.16387,-0.00541,0.97483,-0.75,1.12,0.17,0.19614,-0.16172,0.02595,0.9668,-0.75,1.11,0.19,0.34995,-0.1298,0.03947,0.92689,-0.76,1.09,0.21,0.34995,-0.1298,0.03947,0.92689,-0.7,1.07,0.1,-0.29747,-0.16124,-0.06582,0.93871,-0.71,1.11,0.14,-0.14519,-0.1327,-0.06523,0.97829,-0.72,1.12,0.18,0.25401,-0.14994,-0.02014,0.9553,-0.73,1.11,0.21,0.43575,-0.14251,-0.05214,0.88719,-0.74,1.09,0.22,0.43575,-0.14251,-0.05214,0.88719,-0.68,1.07,0.11,-0.29747,-0.16124,-0.06582,0.93871,-0.7,1.1,0.15,-0.17315,-0.10356,-0.12725,0.97113,-0.7,1.12,0.18,0.33217,-0.17358,-0.09728,0.92199,-0.71,1.1,0.2,0.57496,-0.21498,-0.07113,0.78622,-0.72,1.08,0.21,0.57496,-0.21498,-0.07113,0.78622,-0.68,1.07,0.11,-0.22816,-0.08713,-0.29686,0.92316,-0.68,1.09,0.15,-0.28135,-0.05145,-0.21161,0.93457,-0.68,1.11,0.17,0.3112,-0.1743,-0.22343,0.90711,-0.69,1.1,0.19,0.58558,-0.28115,-0.16473,0.74224,-0.7,1.08,0.19,0.58558,-0.28115,-0.16473,0.74224,-0.81,1.08,0.19
-0.79,1.44,-0.15,-0.79,1.44,-0.15,-0.85,1.1,0.11,0.35167,-0.02058,-0.09629,-0.93093,-0.85,1.06,0.06,0.35167,-0.02058,-0.09629,-0.93093,-0.82,1.07,0.09,0.42526,-0.14299,0.55487,-0.70059,-0.8,1.09,0.11,0.21165,0.02234,0.49568,-0.84203,-0.8,1.1,0.14,0.07374,0.06154,0.56306,-0.82082,-0.79,1.1,0.16,0.07374,0.06154,0.56306,-0.82082,-0.83,1.08,0.09,0.35167,-0.02058,-0.09629,-0.93093,-0.83,1.12,0.13,0.04018,-0.05286,-0.03509,-0.99718,-0.83,1.12,0.17,-0.35287,-0.0668,-0.0373,-0.93254,-0.83,1.1,0.18,-0.50628,-0.04472,-0.03335,-0.86056,-0.82,1.09,0.2,-0.50628,-0.04472,-0.03335,-0.86056,-0.85,1.07,0.09,0.35167,-0.02058,-0.09629,-0.93093,-0.85,1.12,0.13,0.07618,-0.02391,-0.11114,-0.99059,-0.85,1.12,0.17,-0.41612,-0.07766,-0.09811,-0.90066,-0.85,1.1,0.19,-0.64725,-0.08275,-0.13958,-0.7448,-0.84,1.08,0.19,-0.64725,-0.08275,-0.13958,-0.7448,-0.87,1.07,0.09,0.35167,-0.02058,-0.09629,-0.93093,-0.87,1.11,0.13,0.09647,-0.00948,-0.17073,-0.98054,-0.87,1.11,0.17,-0.43389,-0.11711,-0.17927,-0.87515,-0.86,1.1,0.18,-0.70082,-0.18743,-0.1594,-0.66956,-0.85,1.07,0.18,-0.70082,-0.18743,-0.1594,-0.66956,-0.88,1.07,0.09,0.30561,0.03616,-0.33493,-0.89057,-0.89,1.09,0.13,0.1537,-0.01074,-0.25031,-0.95583,-0.89,1.1,0.15,-0.33998,-0.12664,-0.28818,-0.88619,-0.88,1.09,0.17,-0.60124,-0.25657,-0.24345,-0.71653,-0.87,1.07,0.17,-0.60124,-0.25657,-0.24345,-0.71653,-0.71,1.09,0.12,-0.25317,-0.16731,-0.0476,0.95165,-0.69,1.06,0.07,-0.25317,-0.16731,-0.0476,0.95165,-0.73,1.06,0.1,-0.40652,-0.28238,0.56811,0.65746,-0.76,1.07,0.11,-0.24132,-0.13926,0.54316,0.79205,-0.77,1.08,0.14,-0.18949,-0.14293,0.62368,0.74478,-0.78,1.08,0.16,-0.18949,-0.14293,0.62368,0.74478,-0.72,1.07,0.1,-0.25317,-0.16731,-0.0476,0.95165,-0.74,1.1,0.14,-0.07031,-0.17632,0.02461,0.98151,-0.75,1.1,0.18,0.27989,-0.16073,0.05897,0.94464,-0.76,1.09,0.2,0.42879,-0.1226,0.07429,0.89196,-0.76,1.07,0.21,0.42879,-0.1226,0.07429,0.89196,-0.7,1.07,0.1,-0.25317,-0.16731,-0.0476,0.95165,-0.72,1.1,0.15,-0.12704,-0.13281,-0.04865,0.98176,-0.73,1.11,0.19,0.26836,-0.14326,-0.00546,0.95259,-0.74,1.1,0.21,0.44783,-0.13233,-0.039,0.88341,-0.74,1.08,0.22,0.44783,-0.13233,-0.039,0.88341,-0.69,1.07,0.11,-0.25317,-0.16731,-0.0476,0.95165,-0.7,1.1,0.15,-0.21624,-0.09229,-0.11555,0.96508,-0.7,1.11,0.18,0.28178,-0.15883,-0.09325,0.94164,-0.71,1.1,0.2,0.52333,-0.20085,-0.07163,0.82502,-0.72,1.08,0.21,0.52333,-0.20085,-0.07163,0.82502,-0.68,1.07,0.11,-0.18634,-0.0817,-0.27557,0.9395,-0.68,1.08,0.15,-0.31585,-0.02829,-0.18881,0.9294,-0.68,1.1,0.17,0.2455,-0.13805,-0.22151,0.9336,-0.69,1.09,0.19,0.52784,-0.24658,-0.17325,0.79408,-0.7,1.08,0.2,0.52784,-0.24658,-0.17325,0.79408,-0.81,1.08,0.19
-0.79,1.44,-0.15,-0.79,1.44,-0.15,-0.85,1.1,0.11,0.33921,-0.02779,-0.09706,-0.93528,-0.85,1.06,0.05,0.33921,-0.02779,-0.09706,-0.93528,-0.82,1.07,0.09,0.42927,-0.1552,0.54348,-0.70446,-0.8,1.09,0.1,0.215,0.00595,0.48781,-0.84604,-0.79,1.1,0.13,0.08601,0.03916,0.55895,-0.8238,-0.79,1.11,0.16,0.08601,0.03916,0.55895,-0.8238,-0.83,1.08,0.09,0.33921,-0.02779,-0.09706,-0.93528,-0.83,1.12,0.13,0.02881,-0.0545,-0.03803,-0.99737,-0.82,1.12,0.17,-0.36875,-0.06939,-0.03901,-0.92612,-0.82,1.1,0.18,-0.52299,-0.04755,-0.03396,-0.85034,-0.82,1.09,0.19,-0.52299,-0.04755,-0.03396,-0.85034,-0.85,1.08,0.08,0.33921,-0.02779,-0.09706,-0.93528,-0.85,1.12,0.13,0.05734,-0.03122,-0.10946,-0.99185,-0.85,1.12,0.17,-0.42303,-0.08192,-0.09405,-0.89749,-0.84,1.1,0.19,-0.64545,-0.08449,-0.13452,-0.7471,-0.84,1.08,0.19,-0.64545,-0.08449,-0.13452,-0.7471,-0.87,1.07,0.09,0.33921,-0.02779,-0.09706,-0.93528,-0.87,1.11,0.13,0.07866,-0.017,-0.16861,-0.98239,-0.87,1.11,0.17,-0.43223,-0.11825,-0.17592,-0.8765,-0.86,1.09,0.18,-0.69207,-0.18628,-0.15737,-0.67939,-0.85,1.07,0.18,-0.69207,-0.18628,-0.15737,-0.67939,-0.87,1.07,0.09,0.29187,0.03235,-0.33469,-0.8954,-0.88,1.09,0.13,0.14304,-0.01714,-0.24814,-0.95795,-0.88,1.1,0.15,-0.34018,-0.1271,-0.28419,-0.88733,-0.88,1.09,0.17,-0.58771,-0.25156,-0.24384,-0.72929,-0.86,1.08,0.17,-0.58771,-0.25156,-0.24384,-0.72929,-0.71,1.08,0.12,-0.22612,-0.15827,-0.04187,0.96025,-0.69,1.06,0.07,-0.22612,-0.15827,-0.04187,0.96025,-0.73,1.06,0.09,-0.40581,-0.28626,0.5422,0.67779,-0.76,1.07,0.11,-0.23888,-0.15122,0.51622,0.80845,-0.77,1.08,0.14,-0.18935,-0.15731,0.5985,0.76236,-0.78,1.08,0.16,-0.18935,-0.15731,0.5985,0.76236,-0.72,1.07,0.1,-0.22612,-0.15827,-0.04187,0.96025,-0.74,1.1,0.14,-0.02048,-0.17597,0.03667,0.9835,-0.75,1.1,0.18,0.3294,-0.15476,0.07034,0.92876,-0.76,1.08,0.2,0.47851,-0.11408,0.08654,0.86633,-0.76,1.06,0.21,0.47851,-0.11408,0.08654,0.86633,-0.7,1.07,0.1,-0.22612,-0.15827,-0.04187,0.96025,-0.72,1.1,0.15,-0.11472,-0.12275,-0.04468,0.98477,-0.73,1.11,0.19,0.28616,-0.13231,-0.00504,0.94899,-0.73,1.1,0.21,0.47025,-0.12037,-0.04027,0.87336,-0.74,1.08,0.22,0.47025,-0.12037,-0.04027,0.87336,-0.69,1.07,0.11,-0.22612,-0.15827,-0.04187,0.96025,-0.7,1.09,0.15,-0.21633,-0.07921,-0.11019,0.96684,-0.7,1.11,0.18,0.28676,-0.14527,-0.09437,0.94221,-0.71,1.1,0.21,0.53066,-0.18814,-0.0761,0.82293,-0.72,1.08,0.22,0.53066,-0.18814,-0.0761,0.82293,-0.68,1.07,0.11,-0.16266,-0.06602,-0.26818,0.94724,-0.68,1.08,0.15,-0.31826,-0.01008,-0.17786,0.93111,-0.68,1.1,0.17,0.22368,-0.11275,-0.22388,0.94188,-0.68,1.09,0.19,0.51076,-0.224,-0.18259,0.8097,-0.7,1.08,0.2,0.51076,-0.224,-0.18259,0.8097,-0.81,1.08,0.19
-0.79,1.44,-0.15,-0.79,1.44,-0.15,-0.85,1.1,0.11,0.3487,-0.03805,-0.11012,-0.92996,-0.85,1.06,0.05,0.3487,-0.03805,-0.11012,-0.92996,-0.82,1.08,0.08,0.44232,-0.15255,0.53599,-0.7027,-0.8,1.09,0.1,0.22625,0.00611,0.47958,-0.84781,-0.79,1.1,0.13,0.10027,0.03718,0.55189,-0.82703,-0.79,1.11,0.16,0.10027,0.03718,0.55189,-0.82703,-0.83,1.08,0.08,0.3487,-0.03805,-0.11012,-0.92996,-0.83,1.12,0.13,0.03471,-0.07002,-0.04532,-0.99591,-0.82,1.12,0.16,-0.37671,-0.08726,-0.03821,-0.92142,-0.82,1.11,0.18,-0.53555,-0.06523,-0.02936,-0.84147,-0.82,1.09,0.19,-0.53555,-0.06523,-0.02936,-0.84147,-0.85,1.08,0.08,0.3487,-0.03805,-0.11012,-0.92996,-0.85,1.12,0.13,0.08305,-0.04515,-0.11876,-0.98841,-0.85,1.13,0.17,-0.38436,-0.09739,-0.09704,-0.91289,-0.84,1.11,0.19,-0.60429,-0.1021,-0.13431,-0.7787,-0.83,1.09,0.19,-0.60429,-0.1021,-0.13431,-0.7787,-0.87,1.08,0.09,0.3487,-0.03805,-0.11012,-0.92996,-0.87,1.11,0.13,0.11155,-0.0306,-0.17749,-0.9773,-0.87,1.12,0.16,-0.38927,-0.1334,-0.17752,-0.89396,-0.86,1.1,0.18,-0.64816,-0.20114,-0.1549,-0.71794,-0.85,1.08,0.19,-0.64816,-0.20114,-0.1549,-0.71794,-0.87,1.07,0.09,0.2972,0.01947,-0.34738,-0.88917,-0.88,1.09,0.13,0.17083,-0.02887,-0.25714,-0.95072,-0.88,1.1,0.15,-0.30322,-0.14081,-0.28755,-0.89752,-0.88,1.1,0.17,-0.54769,-0.26376,-0.24339,-0.7558,-0.86,1.08,0.18,-0.54769,-0.26376,-0.24339,-0.7558,-0.71,1.09,0.12,-0.23824,-0.14388,-0.05161,0.9591,-0.69,1.06,0.07,-0.23824,-0.14388,-0.05161,0.9591,-0.73,1.07,0.1,-0.41898,-0.25696,0.53127,0.69006,-0.75,1.08,0.11,-0.25734,-0.13012,0.49567,0.81924,-0.77,1.08,0.14,-0.21322,-0.14085,0.57859,0.77455,-0.78,1.09,0.16,-0.21322,-0.14085,0.57859,0.77455,-0.72,1.07,0.1,-0.23824,-0.14388,-0.05161,0.9591,-0.74,1.1,0.14,-0.04717,-0.17602,0.02651,0.9829,-0.75,1.1,0.18,0.31066,-0.15863,0.06203,0.93514,-0.76,1.09,0.2,0.47293,-0.11851,0.08028,0.86939,-0.76,1.07,0.21,0.47293,-0.11851,0.08028,0.86939,-0.7,1.07,0.1,-0.23824,-0.14388,-0.05161,0.9591,-0.72,1.1,0.15,-0.12116,-0.11665,-0.05362,0.9843,-0.72,1.11,0.19,0.31059,-0.13076,-0.0115,0.94144,-0.73,1.1,0.21,0.52155,-0.11841,-0.04543,0.84374,-0.74,1.08,0.22,0.52155,-0.11841,-0.04543,0.84374,-0.69,1.07,0.1,-0.23824,-0.14388,-0.05161,0.9591,-0.7,1.1,0.15,-0.21406,-0.07332,-0.11859,0.96682,-0.7,1.11,0.18,0.31041,-0.14642,-0.10169,0.93374,-0.71,1.1,0.2,0.5672,-0.19136,-0.0808,0.79695,-0.72,1.08,0.21,0.5672,-0.19136,-0.0808,0.79695,-0.68,1.07,0.11,-0.17603,-0.05495,-0.27933,0.94232,-0.68,1.09,0.15,-0.32325,0.00154,-0.1878,0.92749,-0.68,1.1,0.17,0.21948,-0.10923,-0.23802,0.93981,-0.68,1.1,0.19,0.51483,-0.22722,-0.19471,0.80337,-0.69,1.08,0.2,0.51483,-0.22722,-0.19471,0.80337,-0.81,1.08,0.19
-0.79,1.44,-0.15,-0.79,1.44,-0.15,-0.85,1.1,0.1,0.36742,-0.04646,-0.12531,-0.9204,-0.86,1.06,0.06,0.36742,-0.04646,-0.12531,-0.9204,-0.82,1.08,0.08,0.45712,-0.14069,0.53224,-0.69855,-0.8,1.09,0.1,0.23899,0.01687,0.47241,-0.84819,-0.79,1.11,0.13,0.11285,0.04763,0.54429,-0.82991,-0.79,1.11,0.15,0.11285,0.04763,0.54429,-0.82991,-0.83,1.08,0.08,0.36742,-0.04646,-0.12531,-0.9204,-0.83,1.12,0.12,0.05119,-0.08325,-0.05571,-0.99365,-0.83,1.13,0.16,-0.39153,-0.10535,-0.03863,-0.9133,-0.82,1.11,0.18,-0.56337,-0.08368,-0.02435,-0.82159,-0.82,1.09,0.19,-0.56337,-0.08368,-0.02435,-0.82159,-0.85,1.08,0.08,0.36742,-0.04646,-0.12531,-0.9204,-0.85,1.12,0.13,0.12584,-0.05735,-0.13128,-0.98165,-0.85,1.13,0.17,-0.33982,-0.11415,-0.10279,-0.92786,-0.84,1.12,0.19,-0.56452,-0.12269,-0.1363,-0.80479,-0.83,1.1,0.19,-0.56452,-0.12269,-0.1363,-0.80479,-0.87,1.08,0.09,0.36742,-0.04646,-0.12531,-0.9204,-0.87,1.11,0.13,0.16232,-0.04264,-0.18959,-0.96741,-0.87,1.12,0.16,-0.33838,-0.15138,-0.18121,-0.9109,-0.86,1.11,0.18,-0.60335,-0.22054,-0.15202,-0.75115,-0.85,1.09,0.19,-0.60335,-0.22054,-0.15202,-0.75115,-0.87,1.07,0.09,0.31161,0.00584,-0.36258,-0.87829,-0.89,1.1,0.13,0.20531,-0.0416,-0.26898,-0.94009,-0.89,1.11,0.15,-0.2691,-0.16037,-0.29185,-0.90371,-0.88,1.1,0.17,-0.51824,-0.28428,-0.2395,-0.77023,-0.86,1.09,0.18,-0.51824,-0.28428,-0.2395,-0.77023,-0.71,1.09,0.12,-0.27126,-0.15647,-0.08037,0.94629,-0.69,1.06,0.07,-0.27126,-0.15647,-0.08037,0.94629,-0.73,1.07,0.09,-0.46039,-0.23744,0.50735,0.68867,-0.75,1.08,0.11,-0.30063,-0.12142,0.46563,0.82345,-0.77,1.09,0.13,-0.26061,-0.13211,0.55102,0.78167,-0.78,1.1,0.15,-0.26061,-0.13211,0.55102,0.78167,-0.72,1.08,0.1,-0.27126,-0.15647,-0.08037,0.94629,-0.74,1.11,0.14,-0.11473,-0.21196,0.00314,0.97052,-0.75,1.12,0.17,0.25835,-0.20142,0.05658,0.94313,-0.76,1.1,0.19,0.43794,-0.16109,0.0841,0.88045,-0.76,1.09,0.2,0.43794,-0.16109,0.0841,0.88045,-0.7,1.07,0.1,-0.27126,-0.15647,-0.08037,0.94629,-0.72,1.11,0.14,-0.14974,-0.14078,-0.07841,0.9755,-0.73,1.12,0.18,0.30465,-0.16403,-0.01952,0.93803,-0.73,1.11,0.2,0.54575,-0.15265,-0.04306,0.8228,-0.74,1.09,0.21,0.54575,-0.15265,-0.04306,0.8228,-0.69,1.08,0.1,-0.27126,-0.15647,-0.08037,0.94629,-0.7,1.1,0.15,-0.21903,-0.09535,-0.14598,0.96001,-0.7,1.12,0.18,0.32295,-0.18166,-0.11023,0.92225,-0.71,1.11,0.2,0.60156,-0.22798,-0.07351,0.76207,-0.72,1.08,0.21,0.60156,-0.22798,-0.07351,0.76207,-0.68,1.07,0.11,-0.20159,-0.0763,-0.30892,0.92634,-0.68,1.09,0.15,-0.33977,-0.00875,-0.22215,0.91386,-0.68,1.11,0.17,0.21217,-0.14093,-0.25949,0.93155,-0.68,1.1,0.19,0.52606,-0.26876,-0.19747,0.78233,-0.7,1.09,0.2,0.52606,-0.26876,-0.19747,0.78233,-0.81,1.08,0.19
-0.79,1.44,-0.15,-0.79,1.44,-0.15,-0.85,1.1,0.11,0.35991,-0.05433,-0.13087,-0.92216,-0.86,1.06,0.06,0.35991,-0.05433,-0.13087,-0.92216,-0.82,1.08,0.08,0.44698,-0.14821,0.53566,-0.70093,-0.8,1.09,0.1,0.22172,0.0154,0.47847,-0.84951,-0.8,1.1,0.13,0.09467,0.04595,0.54958,-0.82879,-0.79,1.11,0.16,0.09467,0.04595,0.54958,-0.82879,-0.84,1.08,0.08,0.35991,-0.05433,-0.13087,-0.92216,-0.83,1.12,0.13,0.0441,-0.0931,-0.05826,-0.99297,-0.83,1.13,0.16,-0.42139,-0.11607,-0.03355,-0.89879,-0.82,1.11,0.18,-0.60401,-0.09352,-0.01443,-0.79134,-0.82,1.09,0.18,-0.60401,-0.09352,-0.01443,-0.79134,-0.85,1.08,0.08,0.35991,-0.05433,-0.13087,-0.92216,-0.85,1.12,0.13,0.12628,-0.06625,-0.13442,-0.98061,-0.85,1.13,0.17,-0.34762,-0.12442,-0.10034,-0.92391,-0.84,1.12,0.19,-0.57497,-0.13175,-0.13101,-0.7968,-0.83,1.09,0.19,-0.57497,-0.13175,-0.13101,-0.7968,-0.87,1.07,0.09,0.35991,-0.05433,-0.13087,-0.92216,-0.87,1.11,0.13,0.16193,-0.05251,-0.19183,-0.96655,-0.87,1.12,0.16,-0.34318,-0.16186,-0.17753,-0.90802,-0.86,1.11,0.18,-0.60874,-0.22935,-0.14502,-0.74552,-0.85,1.09,0.19,-0.60874,-0.22935,-0.14502,-0.74552,-0.88,1.07,0.09,0.30191,-9e-05,-0.36712,-0.87981,-0.89,1.09,0.13,0.19912,-0.0512,-0.27154,-0.94021,-0.89,1.11,0.16,-0.28022,-0.17102,-0.28879,-0.89935,-0.88,1.1,0.17,-0.53204,-0.2945,-0.23237,-0.75908,-0.86,1.08,0.18,-0.53204,-0.2945,-0.23237,-0.75908,-0.71,1.09,0.12,-0.26722,-0.17524,-0.08831,0.94344,-0.69,1.06,0.07,-0.26722,-0.17524,-0.08831,0.94344,-0.73,1.07,0.09,-0.46699,-0.25366,0.49854,0.68486,-0.75,1.08,0.1,-0.30675,-0.14022,0.4605,0.82109,-0.77,1.09,0.13,-0.26683,-0.14913,0.54674,0.77951,-0.78,1.1,0.15,-0.26683,-0.14913,0.54674,0.77951,-0.72,1.07,0.09,-0.26722,-0.17524,-0.08831,0.94344,-0.74,1.11,0.14,-0.10828,-0.26191,0.0132,0.95891,-0.76,1.12,0.17,0.26375,-0.24366,0.08533,0.9294,-0.77,1.1,0.19,0.44536,-0.19656,0.122,0.86495,-0.77,1.09,0.2,0.44536,-0.19656,0.122,0.86495,-0.7,1.07,0.1,-0.26722,-0.17524,-0.08831,0.94344,-0.72,1.11,0.14,-0.15892,-0.16166,-0.08524,0.97023,-0.73,1.12,0.18,0.28973,-0.18578,-0.0171,0.93875,-0.74,1.11,0.2,0.53919,-0.17388,-0.03434,0.82332,-0.75,1.09,0.21,0.53919,-0.17388,-0.03434,0.82332,-0.69,1.07,0.1,-0.26722,-0.17524,-0.08831,0.94344,-0.7,1.1,0.15,-0.21525,-0.11038,-0.15388,0.95802,-0.7,1.12,0.18,0.32158,-0.19793,-0.10975,0.91944,-0.72,1.1,0.2,0.60852,-0.24341,-0.06562,0.75243,-0.73,1.08,0.2,0.60852,-0.24341,-0.06562,0.75243,-0.68,1.07,0.11,-0.19273,-0.09418,-0.31511,0.9245,-0.68,1.09,0.15,-0.31852,-0.00461,-0.23234,0.91899,-0.68,1.11,0.17,0.23403,-0.14159,-0.27021,0.92313,-0.69,1.1,0.19,0.5539,-0.27554,-0.20477,0.75851,-0.7,1.08,0.19,0.5539,-0.27554,-0.20477,0.75851,-0.81,1.08,0.19
-0.79,1.44,-0.15,-0.79,1.44,-0.15,-0.85,1.1,0.11,0.35146,-0.05462,-0.13018,-0.9255,-0.86,1.06,0.06,0.35146,-0.05462,-0.13018,-0.9255,-0.82,1.08,0.09,0.43476,-0.15584,0.54079,-0.70303,-0.8,1.09,0.1,0.20764,0.01164,0.48606,-0.84882,-0.8,1.1,0.13,0.0826,0.0408,0.55701,-0.82538,-0.79,1.11,0.16,0.0826,0.0408,0.55701,-0.82538,-0.84,1.08,0.08,0.35146,-0.05462,-0.13018,-0.9255,-0.83,1.12,0.13,0.05145,-0.09178,-0.06019,-0.99263,-0.83,1.13,0.16,-0.42008,-0.1162,-0.03512,-0.89933,-0.82,1.11,0.18,-0.60721,-0.09414,-0.01537,-0.78879,-0.82,1.09,0.18,-0.60721,-0.09414,-0.01537,-0.78879,-0.85,1.08,0.09,0.35146,-0.05462,-0.13018,-0.9255,-0.85,1.12,0.13,0.10621,-0.06853,-0.13216,-0.98314,-0.85,1.13,0.17,-0.38496,-0.12705,-0.09484,-0.90921,-0.84,1.11,0.19,-0.61337,-0.13074,-0.12403,-0.76896,-0.83,1.09,0.19,-0.61337,-0.13074,-0.12403,-0.76896,-0.87,1.07,0.09,0.35146,-0.05462,-0.13018,-0.9255,-0.87,1.11,0.13,0.13613,-0.05644,-0.18913,-0.97083,-0.87,1.12,0.17,-0.37632,-0.16445,-0.17241,-0.89533,-0.86,1.1,0.18,-0.6384,-0.22943,-0.13961,-0.72133,-0.85,1.08,0.19,-0.6384,-0.22943,-0.13961,-0.72133,-0.88,1.07,0.09,0.2937,0.00186,-0.36596,-0.88307,-0.89,1.09,0.13,0.17722,-0.05694,-0.2692,-0.94492,-0.89,1.1,0.16,-0.30518,-0.17414,-0.2835,-0.89228,-0.88,1.1,0.17,-0.55522,-0.29591,-0.22705,-0.74338,-0.86,1.08,0.18,-0.55522,-0.29591,-0.22705,-0.74338,-0.71,1.09,0.12,-0.26335,-0.18034,-0.09353,0.94307,-0.69,1.06,0.07,-0.26335,-0.18034,-0.09353,0.94307,-0.73,1.07,0.09,-0.46388,-0.26227,0.49771,0.68434,-0.75,1.08,0.1,-0.30689,-0.15078,0.46082,0.81898,-0.77,1.09,0.13,-0.2677,-0.15938,0.54722,0.77684,-0.79,1.1,0.15,-0.2677,-0.15938,0.54722,0.77684,-0.72,1.07,0.09,-0.26335,-0.18034,-0.09353,0.94307,-0.74,1.11,0.14,-0.07023,-0.29624,0.03459,0.9519,-0.76,1.11,0.17,0.28135,-0.26856,0.11329,0.91427,-0.77,1.1,0.18,0.4545,-0.21627,0.15363,0.85033,-0.77,1.08,0.19,0.4545,-0.21627,0.15363,0.85033,-0.7,1.07,0.1,-0.26335,-0.18034,-0.09353,0.94307,-0.72,1.11,0.14,-0.18386,-0.16461,-0.09486,0.96442,-0.73,1.12,0.18,0.23275,-0.19209,-0.03075,0.95288,-0.74,1.11,0.2,0.48177,-0.18759,-0.04693,0.85469,-0.75,1.09,0.21,0.48177,-0.18759,-0.04693,0.85469,-0.69,1.07,0.1,-0.26335,-0.18034,-0.09353,0.94307,-0.7,1.1,0.15,-0.23218,-0.10153,-0.16366,0.95341,-0.7,1.12,0.18,0.27335,-0.19225,-0.128,0.93378,-0.71,1.11,0.2,0.56376,-0.2453,-0.08438,0.78415,-0.73,1.09,0.21,0.56376,-0.2453,-0.08438,0.78415,-0.68,1.07,0.11,-0.18721,-0.09846,-0.31944,0.9237,-0.68,1.09,0.15,-0.3024,0.02077,-0.23849,0.92263,-0.68,1.1,0.17,0.21926,-0.11378,-0.29148,0.92413,-0.68,1.1,0.19,0.53631,-0.25701,-0.23528,0.76874,-0.7,1.08,0.2,0.53631,-0.25701,-0.23528,0.76874,-0.81,1.08,0.19
-0.79,1.44,-0.15,-0.79,1.44,-0.15,-0.85,1.1,0.11,0.33453,-0.04202,-0.09529,-0.93661,-0.86,1.06,0.05,0.33453,-0.04202,-0.09529,-0.93661,-0.82,1.07,0.09,0.41385,-0.16466,0.55957,-0.69893,-0.8,1.09,0.11,0.18989,0.01004,0.50771,-0.84028,-0.79,1.1,0.14,0.0654,0.04048,0.57708,-0.81306,-0.79,1.1,0.16,0.0654,0.04048,0.57708,-0.81306,-0.83,1.08,0.09,0.33453,-0.04202,-0.09529,-0.93661,-0.83,1.12,0.13,0.04193,-0.06527,-0.03482,-0.99638,-0.83,1.12,0.17,-0.42086,-0.08043,-0.02603,-0.90318,-0.82,1.1,0.18,-0.60201,-0.05697,-0.01484,-0.79631,-0.82,1.08,0.19,-0.60201,-0.05697,-0.01484,-0.79631,-0.85,1.08,0.08,0.33453,-0.04202,-0.09529,-0.93661,-0.85,1.12,0.13,0.05872,-0.04977,-0.09991,-0.99201,-0.85,1.12,0.17,-0.43027,-0.09437,-0.07598,-0.89453,-0.84,1.1,0.19,-0.64993,-0.09107,-0.11382,-0.74588,-0.84,1.08,0.19,-0.64993,-0.09107,-0.11382,-0.74588,-0.87,1.08,0.09,0.33453,-0.04202,-0.09529,-0.93661,-0.87,1.11,0.13,0.07526,-0.04159,-0.1559,-0.98402,-0.87,1.11,0.17,-0.43315,-0.1321,-0.15309,-0.87835,-0.86,1.1,0.18,-0.68525,-0.19088,-0.13318,-0.69011,-0.85,1.07,0.18,-0.68525,-0.19088,-0.13318,-0.69011,-0.88,1.07,0.09,0.28462,0.01977,-0.33234,-0.89897,-0.89,1.09,0.13,0.13632,-0.04444,-0.23694,-0.96088,-0.88,1.1,0.16,-0.33858,-0.14208,-0.26265,-0.8923,-0.88,1.09,0.17,-0.57961,-0.25688,-0.22135,-0.74099,-0.86,1.08,0.18,-0.57961,-0.25688,-0.22135,-0.74099,-0.71,1.09,0.12,-0.22229,-0.16737,-0.08066,0.95711,-0.69,1.06,0.07,-0.22229,-0.16737,-0.08066,0.95711,-0.73,1.07,0.09,-0.42373,-0.27942,0.50477,0.69828,-0.75,1.08,0.11,-0.27947,-0.17137,0.46797,0.82069,-0.77,1.09,0.13,-0.25621,-0.1918,0.55121,0.77054,-0.79,1.09,0.15,-0.25621,-0.1918,0.55121,0.77054,-0.72,1.07,0.09,-0.22229,-0.16737,-0.08066,0.95711,-0.74,1.1,0.14,0.0666,-0.30119,0.08311,0.9476,-0.76,1.09,0.17,0.37093,-0.25885,0.14923,0.87928,-0.77,1.08,0.19,0.5149,-0.2034,0.18424,0.81214,-0.77,1.06,0.19,0.5149,-0.2034,0.18424,0.81214,-0.7,1.07,0.1,-0.22229,-0.16737,-0.08066,0.95711,-0.72,1.1,0.15,-0.13717,-0.15187,-0.08085,0.97549,-0.73,1.11,0.18,0.24404,-0.17314,-0.02987,0.95372,-0.74,1.1,0.21,0.47694,-0.16827,-0.05255,0.86108,-0.74,1.08,0.22,0.47694,-0.16827,-0.05255,0.86108,-0.68,1.07,0.1,-0.22229,-0.16737,-0.08066,0.95711,-0.7,1.09,0.15,-0.21154,-0.07811,-0.15016,0.9626,-0.7,1.11,0.18,0.26528,-0.16058,-0.13305,0.94135,-0.71,1.1,0.2,0.54841,-0.21675,-0.10124,0.80126,-0.72,1.08,0.21,0.54841,-0.21675,-0.10124,0.80126,-0.68,1.07,0.11,-0.15169,-0.0752,-0.30437,0.93739,-0.68,1.08,0.15,-0.26829,0.05753,-0.21636,0.93696,-0.67,1.1,0.17,0.2147,-0.05661,-0.29293,0.93,-0.68,1.09,0.19,0.52005,-0.20064,-0.26087,0.78819,-0.69,1.07,0.2,0.52005,-0.20064,-0.26087,0.78819,-0.81,1.08,0.19
