-0.79,1.45,-0.16,-0.79,1.45,-0.16,-0.85,1.09,0.11,0.26563,-0.10074,-0.1899,-0.9398,-0.86,1.06,0.05,0.26563,-0.10074,-0.1899,-0.9398,-0.82,1.08,0.08,0.43966,-0.22527,0.44702,-0.74573,-0.8,1.09,0.1,0.20313,-0.08788,0.41254,-0.88364,-0.79,1.1,0.13,0.09677,-0.07442,0.49824,-0.8584,-0.78,1.1,0.15,0.09677,-0.07442,0.49824,-0.8584,-0.84,1.08,0.08,0.26563,-0.10074,-0.1899,-0.9398,-0.83,1.11,0.13,-0.0498,-0.19665,-0.07517,-0.97632,-0.81,1.11,0.16,-0.33866,-0.20933,-0.03988,-0.91646,-0.8,1.09,0.18,-0.45741,-0.18515,-0.02027,-0.86953,-0.8,1.08,0.19,-0.45741,-0.18515,-0.02027,-0.86953,-0.85,1.07,0.08,0.26563,-0.10074,-0.1899,-0.9398,-0.85,1.11,0.13,0.14484,-0.07748,-0.20145,-0.96563,-0.85,1.12,0.17,-0.31382,-0.16417,-0.15596,-0.92209,-0.83,1.11,0.19,-0.52891,-0.18409,-0.1762,-0.80951,-0.82,1.09,0.2,-0.52891,-0.18409,-0.1762,-0.80951,-0.87,1.07,0.09,0.26563,-0.10074,-0.1899,-0.9398,-0.86,1.1,0.14,0.22228,-0.02854,-0.25965,-0.93934,-0.87,1.11,0.17,-0.29235,-0.18163,-0.24322,-0.90685,-0.86,1.1,0.19,-0.54089,-0.26607,-0.20435,-0.77129,-0.84,1.08,0.2,-0.54089,-0.26607,-0.20435,-0.77129,-0.87,1.06,0.09,0.19242,-0.0241,-0.41384,-0.88946,-0.88,1.08,0.13,0.20131,-0.01602,-0.32762,-0.92298,-0.88,1.09,0.16,-0.23822,-0.15557,-0.35751,-0.88951,-0.87,1.09,0.18,-0.45978,-0.29124,-0.30917,-0.77987,-0.86,1.07,0.19,-0.45978,-0.29124,-0.30917,-0.77987,-0.7,1.09,0.11,-0.35604,-0.18335,-0.09601,0.91126,-0.68,1.05,0.07,-0.35604,-0.18335,-0.09601,0.91126,-0.72,1.06,0.09,-0.44577,-0.21124,0.60108,0.62878,-0.75,1.07,0.11,-0.27483,-0.05324,0.5613,0.77883,-0.76,1.08,0.14,-0.16913,-0.01476,0.63746,0.75155,-0.77,1.09,0.16,-0.16913,-0.01476,0.63746,0.75155,-0.71,1.07,0.09,-0.35604,-0.18335,-0.09601,0.91126,-0.73,1.11,0.13,-0.00855,-0.21608,0.03784,0.97561,-0.75,1.11,0.16,0.31413,-0.1938,0.08041,0.9259,-0.75,1.1,0.18,0.41293,-0.15633,0.09266,0.89245,-0.76,1.08,0.19,0.41293,-0.15633,0.09266,0.89245,-0.7,1.07,0.1,-0.35604,-0.18335,-0.09601,0.91126,-0.71,1.11,0.13,-0.06904,-0.19656,-0.05174,0.97669,-0.72,1.12,0.17,0.37328,-0.20106,0.02815,0.90523,-0.73,1.1,0.19,0.58391,-0.17311,0.0112,0.79307,-0.74,1.08,0.2,0.58391,-0.17311,0.0112,0.79307,-0.68,1.07,0.1,-0.35604,-0.18335,-0.09601,0.91126,-0.69,1.1,0.14,-0.13669,-0.17104,-0.1305,0.96697,-0.7,1.12,0.17,0.40856,-0.23481,-0.05656,0.88019,-0.71,1.1,0.19,0.6797,-0.25769,-0.00505,0.68671,-0.72,1.08,0.19,0.6797,-0.25769,-0.00505,0.68671,-0.67,1.07,0.11,-0.27654,-0.12508,-0.32821,0.89451,-0.67,1.09,0.14,-0.21904,-0.14489,-0.22907,0.93731,-0.68,1.11,0.17,0.37931,-0.25689,-0.18183,0.8701,-0.69,1.09,0.18,0.67435,-0.34668,-0.08483,0.64643,-0.7,1.08,0.18,0.67435,-0.34668,-0.08483,0.64643,-0.81,1.08,0.19
-0.79,1.45,-0.16,-0.79,1.45,-0.16,-0.85,1.09,0.11,0.28076,-0.08425,-0.19108,-0.93678,-0.86,1.06,0.06,0.28076,-0.08425,-0.19108,-0.93678,-0.83,1.08,0.08,0.44185,-0.20517,0.45206,-0.74721,-0.8,1.09,0.1,0.2028,-0.06554,0.41183,-0.88599,-0.79,1.1,0.13,0.07817,-0.04335,0.49498,-0.8643,-0.79,1.11,0.15,0.07817,-0.04335,0.49498,-0.8643,-0.84,1.08,0.08,0.28076,-0.08425,-0.19108,-0.93678,-0.83,1.11,0.13,-0.03307,-0.17811,-0.0832,-0.97993,-0.82,1.11,0.17,-0.33927,-0.19531,-0.04965,-0.91885,-0.81,1.1,0.18,-0.46447,-0.17272,-0.03041,-0.86805,-0.8,1.08,0.19,-0.46447,-0.17272,-0.03041,-0.86805,-0.85,1.07,0.09,0.28076,-0.08425,-0.19108,-0.93678,-0.85,1.11,0.13,0.15154,-0.06167,-0.20529,-0.96493,-0.85,1.12,0.17,-0.35142,-0.15975,-0.15919,-0.90865,-0.84,1.11,0.19,-0.59003,-0.18228,-0.17616,-0.76656,-0.83,1.09,0.2,-0.59003,-0.18228,-0.17616,-0.76656,-0.87,1.07,0.09,0.28076,-0.08425,-0.19108,-0.93678,-0.87,1.1,0.14,0.21327,-0.01891,-0.26209,-0.94099,-0.87,1.11,0.17,-0.33877,-0.1845,-0.2437,-0.88983,-0.86,1.1,0.19,-0.60415,-0.27256,-0.19823,-0.72209,-0.84,1.08,0.19,-0.60415,-0.27256,-0.19823,-0.72209,-0.88,1.07,0.09,0.21037,-0.01171,-0.41678,-0.88425,-0.88,1.08,0.13,0.18903,-0.01488,-0.33149,-0.92421,-0.89,1.09,0.16,-0.27273,-0.16435,-0.3582,-0.87767,-0.88,1.09,0.18,-0.51079,-0.3072,-0.30154,-0.74418,-0.86,1.07,0.19,-0.51079,-0.3072,-0.30154,-0.74418,-0.7,1.09,0.11,-0.35489,-0.18212,-0.09574,0.91199,-0.68,1.05,0.07,-0.35489,-0.18212,-0.09574,0.91199,-0.72,1.06,0.09,-0.4444,-0.21215,0.60108,0.62945,-0.75,1.07,0.11,-0.27253,-0.05343,0.56164,0.77938,-0.76,1.08,0.14,-0.16645,-0.01483,0.63772,0.75192,-0.77,1.09,0.16,-0.16645,-0.01483,0.63772,0.75192,-0.71,1.07,0.09,-0.35489,-0.18212,-0.09574,0.91199,-0.73,1.11,0.13,-0.0038,-0.21604,0.03961,0.97557,-0.74,1.11,0.16,0.3165,-0.19325,0.08162,0.9251,-0.75,1.09,0.18,0.41403,-0.15574,0.09365,0.89194,-0.76,1.08,0.19,0.41403,-0.15574,0.09365,0.89194,-0.7,1.07,0.1,-0.35489,-0.18212,-0.09574,0.91199,-0.71,1.11,0.13,-0.06664,-0.19636,-0.05084,0.97694,-0.72,1.12,0.17,0.37514,-0.20047,0.02876,0.90458,-0.73,1.1,0.19,0.58604,-0.17222,0.01174,0.79168,-0.74,1.08,0.2,0.58604,-0.17222,0.01174,0.79168,-0.68,1.07,0.1,-0.35489,-0.18212,-0.09574,0.91199,-0.69,1.1,0.14,-0.13604,-0.17035,-0.13013,0.96723,-0.7,1.12,0.17,0.40866,-0.23398,-0.05679,0.88036,-0.71,1.1,0.19,0.67962,-0.25699,-0.0056,0.68705,-0.72,1.08,0.19,0.67962,-0.25699,-0.0056,0.68705,-0.67,1.07,0.11,-0.2757,-0.12353,-0.32796,0.89508,-0.67,1.09,0.14,-0.21952,-0.1445,-0.22851,0.9374,-0.68,1.1,0.17,0.37513,-0.25557,-0.18254,0.87214,-0.69,1.09,0.18,0.67074,-0.34578,-0.08604,0.65049,-0.7,1.08,0.18,0.67074,-0.34578,-0.08604,0.65049,-0.81,1.08,0.19
-0.79,1.45,-0.16,-0.79,1.45,-0.16,-0.86,1.1,0.11,0.31702,-0.06421,-0.16398,-0.93193,-0.86,1.06,0.06,0.31702,-0.06421,-0.16398,-0.93193,-0.83,1.08,0.08,0.44882,-0.17705,0.48458,-0.72966,-0.81,1.09,0.1,0.2171,-0.02992,0.43571,-0.873,-0.8,1.11,0.13,0.0811,0.00171,0.51324,-0.8544,-0.79,1.11,0.16,0.0811,0.00171,0.51324,-0.8544,-0.84,1.08,0.09,0.31702,-0.06421,-0.16398,-0.93193,-0.84,1.12,0.13,0.01445,-0.14121,-0.06948,-0.98743,-0.83,1.12,0.17,-0.30457,-0.15771,-0.04662,-0.93818,-0.82,1.11,0.18,-0.43202,-0.13521,-0.03363,-0.89104,-0.81,1.09,0.2,-0.43202,-0.13521,-0.03363,-0.89104,-0.85,1.08,0.09,0.31702,-0.06421,-0.16398,-0.93193,-0.86,1.12,0.13,0.15666,-0.04587,-0.18088,-0.96986,-0.86,1.13,0.17,-0.37845,-0.13853,-0.1417,-0.90416,-0.85,1.11,0.19,-0.63052,-0.15761,-0.16318,-0.74228,-0.84,1.09,0.2,-0.63052,-0.15761,-0.16318,-0.74228,-0.87,1.07,0.09,0.31702,-0.06421,-0.16398,-0.93193,-0.87,1.1,0.13,0.18043,-0.01934,-0.23754,-0.95428,-0.88,1.12,0.17,-0.39729,-0.17581,-0.22004,-0.8734,-0.86,1.1,0.19,-0.6723,-0.25827,-0.1749,-0.67135,-0.85,1.08,0.19,-0.6723,-0.25827,-0.1749,-0.67135,-0.88,1.07,0.09,0.25351,-1e-05,-0.395,-0.88301,-0.89,1.09,0.13,0.17492,-0.02637,-0.30925,-0.93438,-0.89,1.1,0.16,-0.30777,-0.1691,-0.33126,-0.87576,-0.88,1.09,0.18,-0.5604,-0.30869,-0.27034,-0.71943,-0.86,1.08,0.18,-0.5604,-0.30869,-0.27034,-0.71943,-0.7,1.09,0.12,-0.35588,-0.18085,-0.09803,0.91161,-0.68,1.05,0.07,-0.35588,-0.18085,-0.09803,0.91161,-0.72,1.06,0.09,-0.44601,-0.2089,0.59886,0.63151,-0.75,1.07,0.11,-0.27263,-0.05013,0.55856,0.78177,-0.76,1.08,0.14,-0.16401,-0.0102,0.63438,0.75535,-0.77,1.09,0.16,-0.16401,-0.0102,0.63438,0.75535,-0.71,1.07,0.09,-0.35588,-0.18085,-0.09803,0.91161,-0.73,1.11,0.13,-0.00118,-0.21679,0.03913,0.97543,-0.74,1.11,0.16,0.31907,-0.19403,0.08144,0.92407,-0.75,1.09,0.18,0.41594,-0.15657,0.09353,0.89092,-0.76,1.08,0.19,0.41594,-0.15657,0.09353,0.89092,-0.69,1.07,0.1,-0.35588,-0.18085,-0.09803,0.91161,-0.71,1.11,0.13,-0.0656,-0.19772,-0.05165,0.9767,-0.72,1.12,0.17,0.37548,-0.20205,0.02854,0.90409,-0.73,1.1,0.19,0.586,-0.17381,0.01187,0.79136,-0.74,1.08,0.2,0.586,-0.17381,0.01187,0.79136,-0.68,1.07,0.1,-0.35588,-0.18085,-0.09803,0.91161,-0.69,1.1,0.14,-0.13674,-0.17109,-0.13179,0.96678,-0.7,1.12,0.17,0.40559,-0.23539,-0.0583,0.8813,-0.71,1.1,0.19,0.67557,-0.25901,-0.00691,0.69027,-0.72,1.08,0.19,0.67557,-0.25901,-0.00691,0.69027,-0.67,1.06,0.11,-0.27662,-0.12261,-0.33027,0.89408,-0.67,1.09,0.14,-0.22093,-0.14607,-0.22999,0.93646,-0.68,1.1,0.17,0.36864,-0.2569,-0.18401,0.87421,-0.69,1.09,0.18,0.66346,-0.34747,-0.08754,0.65682,-0.7,1.08,0.18,0.66346,-0.34747,-0.08754,0.65682,-0.81,1.08,0.19
-0.79,1.45,-0.16,-0.79,1.45,-0.16,-0.85,1.1,0.11,0.32616,-0.05914,-0.1162,-0.93628,-0.86,1.06,0.06,0.32616,-0.05914,-0.1162,-0.93628,-0.83,1.08,0.09,0.44215,-0.18159,0.52171,-0.70665,-0.8,1.09,0.1,0.21832,-0.02342,0.47452,-0.85242,-0.8,1.1,0.13,0.07882,0.01677,0.54876,-0.83209,-0.79,1.11,0.16,0.07882,0.01677,0.54876,-0.83209,-0.84,1.08,0.09,0.32616,-0.05914,-0.1162,-0.93628,-0.83,1.12,0.13,0.0318,-0.1126,-0.03276,-0.99259,-0.83,1.12,0.17,-0.29735,-0.11954,-0.02,-0.94704,-0.82,1.11,0.19,-0.42339,-0.09369,-0.01291,-0.901,-0.82,1.09,0.2,-0.42339,-0.09369,-0.01291,-0.901,-0.85,1.08,0.09,0.32616,-0.05914,-0.1162,-0.93628,-0.86,1.12,0.13,0.11169,-0.0423,-0.13189,-0.98404,-0.85,1.13,0.17,-0.4357,-0.11042,-0.10085,-0.88758,-0.85,1.11,0.19,-0.68771,-0.11555,-0.13127,-0.70461,-0.84,1.08,0.19,-0.68771,-0.11555,-0.13127,-0.70461,-0.87,1.08,0.09,0.32616,-0.05914,-0.1162,-0.93628,-0.87,1.11,0.13,0.1226,-0.02329,-0.18997,-0.97383,-0.87,1.12,0.17,-0.47,-0.15224,-0.17864,-0.85089,-0.86,1.1,0.18,-0.74755,-0.22163,-0.14204,-0.60982,-0.85,1.08,0.18,-0.74755,-0.22163,-0.14204,-0.60982,-0.88,1.07,0.09,0.27004,0.0045,-0.35102,-0.89657,-0.89,1.09,0.13,0.15233,-0.0341,-0.2628,-0.95214,-0.89,1.1,0.16,-0.36165,-0.15919,-0.28461,-0.87342,-0.88,1.09,0.17,-0.63238,-0.28971,-0.22488,-0.68234,-0.86,1.08,0.18,-0.63238,-0.28971,-0.22488,-0.68234,-0.7,1.09,0.12,-0.35846,-0.18035,-0.10488,0.90994,-0.68,1.05,0.07,-0.35846,-0.18035,-0.10488,0.90994,-0.72,1.06,0.09,-0.45095,-0.2027,0.59291,0.63563,-0.75,1.07,0.11,-0.27573,-0.04538,0.55076,0.7865,-0.76,1.09,0.14,-0.16577,-0.00562,0.62663,0.76146,-0.76,1.09,0.16,-0.16577,-0.00562,0.62663,0.76146,-0.71,1.07,0.09,-0.35846,-0.18035,-0.10488,0.90994,-0.73,1.11,0.13,0.00048,-0.21883,0.03414,0.97517,-0.74,1.11,0.16,0.32243,-0.19737,0.07777,0.92252,-0.75,1.09,0.18,0.41906,-0.16028,0.0903,0.88912,-0.76,1.08,0.19,0.41906,-0.16028,0.0903,0.88912,-0.69,1.07,0.1,-0.35846,-0.18035,-0.10488,0.90994,-0.71,1.11,0.13,-0.06293,-0.20095,-0.05616,0.97596,-0.72,1.12,0.17,0.37488,-0.20698,0.02531,0.90332,-0.73,1.1,0.19,0.58256,-0.17962,0.00955,0.79264,-0.74,1.08,0.2,0.58256,-0.17962,0.00955,0.79264,-0.68,1.07,0.1,-0.35846,-0.18035,-0.10488,0.90994,-0.69,1.1,0.14,-0.13411,-0.17432,-0.13685,0.96587,-0.7,1.12,0.17,0.40234,-0.24039,-0.06211,0.88118,-0.71,1.1,0.19,0.66908,-0.26524,-0.00977,0.69418,-0.72,1.08,0.19,0.66908,-0.26524,-0.00977,0.69418,-0.67,1.06,0.11,-0.27828,-0.12301,-0.33692,0.89102,-0.67,1.09,0.14,-0.21985,-0.14889,-0.23595,0.93479,-0.68,1.1,0.17,0.36461,-0.26171,-0.18818,0.87359,-0.69,1.09,0.18,0.65541,-0.35312,-0.09125,0.66137,-0.7,1.08,0.18,0.65541,-0.35312,-0.09125,0.66137,-0.81,1.08,0.19
-0.79,1.45,-0.16,-0.79,1.45,-0.16,-0.85,1.1,0.11,0.32462,-0.0566,-0.11446,-0.93719,-0.86,1.06,0.06,0.32462,-0.0566,-0.11446,-0.93719,-0.83,1.08,0.09,0.44745,-0.18666,0.51504,-0.70688,-0.8,1.09,0.1,0.22016,-0.02924,0.4697,-0.85443,-0.79,1.1,0.13,0.07284,0.01572,0.54422,-0.83563,-0.79,1.11,0.16,0.07284,0.01572,0.54422,-0.83563,-0.84,1.08,0.09,0.32462,-0.0566,-0.11446,-0.93719,-0.83,1.12,0.13,0.02639,-0.10674,-0.03357,-0.99337,-0.83,1.12,0.17,-0.31204,-0.11436,-0.02155,-0.94291,-0.82,1.11,0.19,-0.43811,-0.08864,-0.01462,-0.89442,-0.82,1.09,0.2,-0.43811,-0.08864,-0.01462,-0.89442,-0.85,1.08,0.09,0.32462,-0.0566,-0.11446,-0.93719,-0.85,1.12,0.13,0.09715,-0.04406,-0.12842,-0.98597,-0.85,1.13,0.17,-0.44755,-0.10968,-0.09722,-0.88217,-0.84,1.11,0.19,-0.70019,-0.11309,-0.12762,-0.6933,-0.84,1.08,0.19,-0.70019,-0.11309,-0.12762,-0.6933,-0.87,1.08,0.09,0.32462,-0.0566,-0.11446,-0.93719,-0.87,1.11,0.13,0.10889,-0.02482,-0.18723,-0.97595,-0.87,1.12,0.17,-0.48198,-0.15124,-0.17592,-0.84491,-0.86,1.1,0.18,-0.76235,-0.22004,-0.13845,-0.59265,-0.85,1.08,0.18,-0.76235,-0.22004,-0.13845,-0.59265,-0.88,1.07,0.09,0.2693,0.00743,-0.34936,-0.89743,-0.89,1.09,0.13,0.14595,-0.03449,-0.26078,-0.95368,-0.89,1.1,0.16,-0.37305,-0.15953,-0.28199,-0.8694,-0.88,1.09,0.17,-0.64782,-0.29065,-0.22054,-0.66874,-0.86,1.07,0.17,-0.64782,-0.29065,-0.22054,-0.66874,-0.7,1.09,0.11,-0.36375,-0.18053,-0.11202,0.90694,-0.68,1.05,0.07,-0.36375,-0.18053,-0.11202,0.90694,-0.72,1.06,0.09,-0.45625,-0.19403,0.58872,0.63844,-0.75,1.07,0.11,-0.28022,-0.0382,0.54402,0.78998,-0.76,1.09,0.14,-0.16978,0.00083,0.61972,0.76624,-0.76,1.09,0.16,-0.16978,0.00083,0.61972,0.76624,-0.71,1.07,0.09,-0.36375,-0.18053,-0.11202,0.90694,-0.73,1.11,0.13,0.00358,-0.21998,0.02907,0.97507,-0.74,1.11,0.16,0.33291,-0.19942,0.075,0.91858,-0.75,1.1,0.18,0.42988,-0.16245,0.08823,0.88376,-0.76,1.08,0.19,0.42988,-0.16245,0.08823,0.88376,-0.69,1.07,0.1,-0.36375,-0.18053,-0.11202,0.90694,-0.71,1.11,0.13,-0.05721,-0.20479,-0.05986,0.9753,-0.72,1.12,0.17,0.37629,-0.21208,0.02286,0.90162,-0.73,1.1,0.19,0.57957,-0.18536,0.00786,0.79352,-0.74,1.08,0.2,0.57957,-0.18536,0.00786,0.79352,-0.68,1.07,0.1,-0.36375,-0.18053,-0.11202,0.90694,-0.69,1.1,0.14,-0.1269,-0.17962,-0.14061,0.96533,-0.7,1.12,0.17,0.40183,-0.24617,-0.06426,0.87966,-0.71,1.1,0.19,0.66407,-0.27159,-0.01113,0.69651,-0.72,1.08,0.19,0.66407,-0.27159,-0.01113,0.69651,-0.67,1.06,0.11,-0.28242,-0.12484,-0.34395,0.88677,-0.67,1.09,0.14,-0.21586,-0.15439,-0.24153,0.9334,-0.68,1.1,0.17,0.36391,-0.26835,-0.19044,0.87137,-0.69,1.09,0.18,0.64936,-0.3596,-0.093,0.6636,-0.7,1.08,0.18,0.64936,-0.3596,-0.093,0.6636,-0.81,1.08,0.19
-0.79,1.45,-0.16,-0.79,1.45,-0.16,-0.85,1.1,0.11,0.31875,-0.05428,-0.13758,-0.93623,-0.86,1.06,0.06,0.31875,-0.05428,-0.13758,-0.93623,-0.83,1.08,0.09,0.45381,-0.18681,0.49119,-0.71964,-0.8,1.09,0.1,0.22085,-0.03622,0.44586,-0.86667,-0.79,1.1,0.13,0.06677,0.0089,0.52212,-0.8502,-0.79,1.11,0.16,0.06677,0.0089,0.52212,-0.8502,-0.84,1.08,0.09,0.31875,-0.05428,-0.13758,-0.93623,-0.83,1.12,0.13,-0.00499,-0.11594,-0.05073,-0.99195,-0.83,1.12,0.17,-0.35474,-0.12847,-0.03274,-0.92552,-0.82,1.1,0.19,-0.48511,-0.10404,-0.02159,-0.86797,-0.82,1.09,0.2,-0.48511,-0.10404,-0.02159,-0.86797,-0.85,1.08,0.09,0.31875,-0.05428,-0.13758,-0.93623,-0.86,1.12,0.13,0.10425,-0.05161,-0.14829,-0.98208,-0.85,1.13,0.17,-0.42647,-0.12518,-0.11169,-0.88881,-0.84,1.11,0.19,-0.67987,-0.13349,-0.13714,-0.70792,-0.84,1.08,0.19,-0.67987,-0.13349,-0.13714,-0.70792,-0.87,1.07,0.09,0.31875,-0.05428,-0.13758,-0.93623,-0.87,1.11,0.13,0.13151,-0.02722,-0.20762,-0.96895,-0.87,1.12,0.17,-0.44184,-0.16226,-0.19328,-0.86087,-0.86,1.1,0.19,-0.72551,-0.23732,-0.15116,-0.62807,-0.85,1.08,0.18,-0.72551,-0.23732,-0.15116,-0.62807,-0.88,1.07,0.09,0.26087,0.01034,-0.37075,-0.89128,-0.89,1.09,0.13,0.15802,-0.03194,-0.28177,-0.94584,-0.89,1.1,0.16,-0.34153,-0.16358,-0.30331,-0.87441,-0.88,1.09,0.18,-0.61133,-0.29989,-0.24055,-0.69172,-0.86,1.07,0.18,-0.61133,-0.29989,-0.24055,-0.69172,-0.7,1.09,0.11,-0.37972,-0.17923,-0.12045,0.89955,-0.68,1.05,0.07,-0.37972,-0.17923,-0.12045,0.89955,-0.72,1.06,0.09,-0.46518,-0.1754,0.58743,0.63856,-0.74,1.08,0.11,-0.29127,-0.02212,0.53734,0.79117,-0.76,1.09,0.14,-0.18211,0.01496,0.61235,0.76918,-0.76,1.1,0.16,-0.18211,0.01496,0.61235,0.76918,-0.71,1.07,0.09,-0.37972,-0.17923,-0.12045,0.89955,-0.73,1.11,0.13,0.00319,-0.21613,0.02095,0.97613,-0.74,1.11,0.16,0.35454,-0.19689,0.07079,0.91133,-0.75,1.1,0.18,0.45563,-0.15977,0.08544,0.87154,-0.75,1.08,0.19,0.45563,-0.15977,0.08544,0.87154,-0.69,1.07,0.1,-0.37972,-0.17923,-0.12045,0.89955,-0.7,1.11,0.13,-0.0521,-0.2072,-0.064,0.97481,-0.72,1.12,0.17,0.37938,-0.21602,0.01988,0.89945,-0.73,1.1,0.19,0.57888,-0.1899,0.00546,0.79297,-0.74,1.08,0.19,0.57888,-0.1899,0.00546,0.79297,-0.68,1.07,0.1,-0.37972,-0.17923,-0.12045,0.89955,-0.69,1.11,0.14,-0.11706,-0.18633,-0.14362,0.96486,-0.7,1.12,0.17,0.40413,-0.25266,-0.06504,0.8767,-0.71,1.1,0.19,0.66151,-0.27808,-0.01104,0.69639,-0.72,1.08,0.19,0.66151,-0.27808,-0.01104,0.69639,-0.67,1.06,0.11,-0.2971,-0.12808,-0.35285,0.87797,-0.67,1.09,0.14,-0.21293,-0.16311,-0.24768,0.93098,-0.68,1.11,0.17,0.36176,-0.27798,-0.19143,0.86903,-0.69,1.1,0.18,0.6411,-0.36831,-0.09294,0.66685,-0.7,1.08,0.18,0.6411,-0.36831,-0.09294,0.66685,-0.81,1.08,0.19
-0.79,1.45,-0.16,-0.79,1.45,-0.16,-0.86,1.1,0.11,0.32983,-0.06124,-0.16141,-0.92812,-0.86,1.06,0.06,0.32983,-0.06124,-0.16141,-0.92812,-0.83,1.08,0.08,0.46858,-0.18017,0.4766,-0.72168,-0.8,1.1,0.1,0.23568,-0.03615,0.42907,-0.87123,-0.79,1.11,0.13,0.08344,0.00619,0.50682,-0.85798,-0.79,1.11,0.15,0.08344,0.00619,0.50682,-0.85798,-0.84,1.08,0.09,0.32983,-0.06124,-0.16141,-0.92812,-0.83,1.12,0.13,-0.00752,-0.13085,-0.06798,-0.98904,-0.83,1.12,0.17,-0.40158,-0.15041,-0.03612,-0.90266,-0.82,1.1,0.18,-0.54338,-0.12651,-0.0178,-0.82971,-0.81,1.09,0.19,-0.54338,-0.12651,-0.0178,-0.82971,-0.85,1.08,0.09,0.32983,-0.06124,-0.16141,-0.92812,-0.86,1.12,0.13,0.11027,-0.07153,-0.16628,-0.97728,-0.85,1.13,0.17,-0.42126,-0.15193,-0.11611,-0.88655,-0.84,1.11,0.19,-0.67589,-0.16058,-0.13312,-0.70687,-0.83,1.09,0.19,-0.67589,-0.16058,-0.13312,-0.70687,-0.87,1.07,0.09,0.32983,-0.06124,-0.16141,-0.92812,-0.87,1.11,0.13,0.14026,-0.04784,-0.22617,-0.96275,-0.87,1.12,0.17,-0.42802,-0.18923,-0.19707,-0.86148,-0.86,1.1,0.18,-0.71039,-0.26367,-0.14534,-0.63616,-0.85,1.08,0.18,-0.71039,-0.26367,-0.14534,-0.63616,-0.88,1.07,0.09,0.26696,-0.00027,-0.39358,-0.87968,-0.89,1.09,0.13,0.16626,-0.04959,-0.30205,-0.93737,-0.89,1.1,0.16,-0.3263,-0.1878,-0.31249,-0.87213,-0.88,1.09,0.18,-0.59225,-0.32455,-0.24144,-0.69686,-0.86,1.08,0.18,-0.59225,-0.32455,-0.24144,-0.69686,-0.7,1.09,0.11,-0.38606,-0.18639,-0.12996,0.89405,-0.68,1.05,0.07,-0.38606,-0.18639,-0.12996,0.89405,-0.72,1.06,0.09,-0.47287,-0.17105,0.58296,0.6382,-0.74,1.08,0.11,-0.30128,-0.02143,0.53135,0.79148,-0.76,1.09,0.14,-0.1986,0.01095,0.60753,0.76899,-0.76,1.1,0.16,-0.1986,0.01095,0.60753,0.76899,-0.71,1.07,0.09,-0.38606,-0.18639,-0.12996,0.89405,-0.73,1.11,0.12,-0.00215,-0.21952,0.00913,0.97556,-0.74,1.11,0.16,0.36599,-0.20324,0.06472,0.90584,-0.75,1.1,0.17,0.47671,-0.16586,0.08265,0.85931,-0.75,1.08,0.19,0.47671,-0.16586,0.08265,0.85931,-0.69,1.07,0.1,-0.38606,-0.18639,-0.12996,0.89405,-0.7,1.12,0.13,-0.04502,-0.2166,-0.06867,0.9728,-0.72,1.12,0.17,0.3855,-0.22641,0.0199,0.89428,-0.73,1.1,0.18,0.58426,-0.19959,0.00799,0.7866,-0.74,1.08,0.19,0.58426,-0.19959,0.00799,0.7866,-0.68,1.07,0.1,-0.38606,-0.18639,-0.12996,0.89405,-0.69,1.11,0.14,-0.10378,-0.19929,-0.14667,0.96333,-0.7,1.12,0.17,0.40868,-0.26434,-0.06291,0.87129,-0.71,1.1,0.19,0.66174,-0.28842,-0.00626,0.69201,-0.72,1.08,0.19,0.66174,-0.28842,-0.00626,0.69201,-0.67,1.06,0.11,-0.30052,-0.13726,-0.36167,0.8718,-0.67,1.09,0.14,-0.20215,-0.17817,-0.25313,0.92915,-0.68,1.11,0.17,0.36272,-0.29099,-0.18958,0.86476,-0.69,1.1,0.18,0.63407,-0.37902,-0.08987,0.668,-0.71,1.08,0.18,0.63407,-0.37902,-0.08987,0.668,-0.81,1.08,0.19
-0.79,1.45,-0.16,-0.79,1.45,-0.16,-0.85,1.1,0.11,0.35132,-0.06629,-0.15853,-0.92035,-0.86,1.06,0.06,0.35132,-0.06629,-0.15853,-0.92035,-0.83,1.08,0.08,0.48017,-0.17189,0.48725,-0.70886,-0.8,1.1,0.1,0.253,-0.0273,0.43711,-0.86266,-0.79,1.11,0.13,0.10246,0.01683,0.51374,-0.85164,-0.79,1.12,0.15,0.10246,0.01683,0.51374,-0.85164,-0.84,1.08,0.09,0.35132,-0.06629,-0.15853,-0.92035,-0.83,1.12,0.13,0.01513,-0.13188,-0.06411,-0.98907,-0.82,1.13,0.16,-0.41103,-0.15142,-0.02699,-0.89855,-0.82,1.11,0.18,-0.56746,-0.12635,-0.00559,-0.81363,-0.81,1.09,0.19,-0.56746,-0.12635,-0.00559,-0.81363,-0.85,1.08,0.09,0.35132,-0.06629,-0.15853,-0.92035,-0.86,1.12,0.13,0.11621,-0.08392,-0.15849,-0.9769,-0.85,1.13,0.17,-0.41712,-0.15855,-0.10279,-0.889,-0.84,1.11,0.19,-0.67461,-0.1633,-0.11841,-0.71008,-0.83,1.09,0.19,-0.67461,-0.1633,-0.11841,-0.71008,-0.87,1.08,0.09,0.35132,-0.06629,-0.15853,-0.92035,-0.87,1.11,0.13,0.15938,-0.06,-0.2205,-0.9604,-0.87,1.12,0.17,-0.40525,-0.19552,-0.18637,-0.87339,-0.86,1.11,0.18,-0.69196,-0.26622,-0.13334,-0.65768,-0.85,1.09,0.18,-0.69196,-0.26622,-0.13334,-0.65768,-0.88,1.07,0.09,0.28727,-0.01064,-0.3921,-0.87385,-0.89,1.09,0.13,0.19212,-0.05892,-0.29824,-0.9331,-0.89,1.11,0.16,-0.29744,-0.19445,-0.3056,-0.88336,-0.88,1.1,0.17,-0.56568,-0.32783,-0.23283,-0.71995,-0.86,1.08,0.18,-0.56568,-0.32783,-0.23283,-0.71995,-0.7,1.09,0.11,-0.38528,-0.19221,-0.13426,0.89252,-0.68,1.05,0.07,-0.38528,-0.19221,-0.13426,0.89252,-0.72,1.06,0.09,-0.47397,-0.17338,0.58167,0.63792,-0.75,1.08,0.11,-0.30383,-0.02526,0.53052,0.79095,-0.76,1.09,0.14,-0.20792,0.00237,0.60773,0.76644,-0.76,1.1,0.16,-0.20792,0.00237,0.60773,0.76644,-0.71,1.07,0.09,-0.38528,-0.19221,-0.13426,0.89252,-0.73,1.11,0.13,-0.00187,-0.22196,0.00278,0.97505,-0.74,1.11,0.16,0.37398,-0.20734,0.06157,0.90186,-0.75,1.1,0.17,0.49124,-0.16969,0.08183,0.85041,-0.75,1.08,0.18,0.49124,-0.16969,0.08183,0.85041,-0.69,1.07,0.1,-0.38528,-0.19221,-0.13426,0.89252,-0.71,1.11,0.13,-0.04036,-0.22194,-0.07141,0.97161,-0.72,1.12,0.17,0.38846,-0.23236,0.01957,0.89147,-0.73,1.1,0.19,0.5862,-0.2053,0.00899,0.78368,-0.74,1.08,0.19,0.5862,-0.2053,0.00899,0.78368,-0.68,1.07,0.1,-0.38528,-0.19221,-0.13426,0.89252,-0.69,1.11,0.14,-0.09605,-0.20683,-0.14773,0.96238,-0.7,1.11,0.17,0.40816,-0.27061,-0.06205,0.86967,-0.72,1.1,0.19,0.658,-0.29426,-0.00443,0.69313,-0.73,1.08,0.19,0.658,-0.29426,-0.00443,0.69313,-0.67,1.06,0.11,-0.29799,-0.14303,-0.3653,0.87023,-0.67,1.09,0.14,-0.19224,-0.18792,-0.25437,0.92899,-0.68,1.1,0.17,0.3626,-0.29721,-0.18777,0.86309,-0.69,1.09,0.18,0.6272,-0.38359,-0.08919,0.67195,-0.71,1.08,0.18,0.6272,-0.38359,-0.08919,0.67195,-0.81,1.08,0.19
-0.79,1.45,-0.16,-0.79,1.45,-0.16,-0.85,1.1,0.11,0.36526,-0.07847,-0.12742,-0.9188,-0.86,1.06,0.06,0.36526,-0.07847,-0.12742,-0.9188,-0.82,1.08,0.08,0.48366,-0.17888,0.51558,-0.68429,-0.8,1.09,0.1,0.26399,-0.02671,0.46797,-0.84297,-0.79,1.11,0.13,0.11635,0.02271,0.54321,-0.83119,-0.79,1.11,0.15,0.11635,0.02271,0.54321,-0.83119,-0.83,1.08,0.09,0.36526,-0.07847,-0.12742,-0.9188,-0.83,1.12,0.13,0.03371,-0.12701,-0.03493,-0.99071,-0.82,1.13,0.16,-0.40467,-0.13509,-0.00116,-0.90443,-0.81,1.11,0.18,-0.5682,-0.10562,0.01769,-0.81589,-0.81,1.09,0.19,-0.5682,-0.10562,0.01769,-0.81589,-0.85,1.08,0.09,0.36526,-0.07847,-0.12742,-0.9188,-0.85,1.12,0.13,0.07748,-0.09977,-0.1171,-0.98505,-0.84,1.13,0.17,-0.44569,-0.1491,-0.06096,-0.88058,-0.83,1.11,0.18,-0.6975,-0.13954,-0.08142,-0.69814,-0.83,1.09,0.19,-0.6975,-0.13954,-0.08142,-0.69814,-0.87,1.08,0.09,0.36526,-0.07847,-0.12742,-0.9188,-0.87,1.11,0.13,0.14558,-0.07612,-0.18417,-0.96907,-0.86,1.12,0.17,-0.40824,-0.18574,-0.15065,-0.88099,-0.85,1.11,0.18,-0.69213,-0.24389,-0.10558,-0.67107,-0.84,1.09,0.18,-0.69213,-0.24389,-0.10558,-0.67107,-0.87,1.07,0.09,0.30263,-0.02497,-0.3634,-0.88076,-0.88,1.1,0.13,0.21594,-0.06632,-0.26705,-0.93683,-0.88,1.11,0.16,-0.27159,-0.18543,-0.2767,-0.90294,-0.87,1.1,0.17,-0.537,-0.30738,-0.21198,-0.75645,-0.86,1.09,0.18,-0.537,-0.30738,-0.21198,-0.75645,-0.7,1.09,0.12,-0.3814,-0.19143,-0.13311,0.89452,-0.68,1.05,0.07,-0.3814,-0.19143,-0.13311,0.89452,-0.72,1.06,0.1,-0.46838,-0.17791,0.58446,0.63826,-0.74,1.07,0.11,-0.29842,-0.02864,0.53458,0.79016,-0.76,1.09,0.14,-0.20537,-0.00312,0.61191,0.76379,-0.76,1.1,0.16,-0.20537,-0.00312,0.61191,0.76379,-0.71,1.07,0.09,-0.3814,-0.19143,-0.13311,0.89452,-0.73,1.11,0.13,-0.00041,-0.21925,0.00099,0.97567,-0.74,1.11,0.16,0.37334,-0.20562,0.05837,0.90274,-0.75,1.1,0.18,0.49186,-0.16831,0.07865,0.85062,-0.75,1.08,0.19,0.49186,-0.16831,0.07865,0.85062,-0.69,1.07,0.1,-0.3814,-0.19143,-0.13311,0.89452,-0.71,1.11,0.13,-0.03831,-0.21856,-0.07296,0.97234,-0.72,1.12,0.17,0.38603,-0.23005,0.01553,0.89321,-0.73,1.1,0.19,0.58066,-0.20434,0.00394,0.78807,-0.74,1.08,0.19,0.58066,-0.20434,0.00394,0.78807,-0.68,1.07,0.1,-0.3814,-0.19143,-0.13311,0.89452,-0.69,1.1,0.14,-0.09334,-0.20424,-0.14786,0.96318,-0.7,1.11,0.17,0.40232,-0.2678,-0.06594,0.87297,-0.72,1.1,0.19,0.64923,-0.29321,-0.01023,0.70173,-0.73,1.07,0.19,0.64923,-0.29321,-0.01023,0.70173,-0.67,1.06,0.11,-0.29451,-0.14118,-0.36407,0.87223,-0.67,1.09,0.14,-0.18675,-0.18693,-0.25299,0.93069,-0.68,1.1,0.17,0.35922,-0.29344,-0.18976,0.86536,-0.69,1.09,0.18,0.61914,-0.38031,-0.095,0.68044,-0.71,1.08,0.18,0.61914,-0.38031,-0.095,0.68044,-0.81,1.08,0.19
-0.79,1.45,-0.16,-0.79,1.45,-0.16,-0.85,1.1,0.11,0.34392,-0.07556,-0.13959,-0.92549,-0.86,1.06,0.06,0.34392,-0.07556,-0.13959,-0.92549,-0.82,1.08,0.09,0.47021,-0.18965,0.5038,-0.69937,-0.8,1.09,0.1,0.24712,-0.03972,0.45913,-0.85238,-0.79,1.1,0.13,0.09886,0.00743,0.53626,-0.83821,-0.79,1.11,0.15,0.09886,0.00743,0.53626,-0.83821,-0.83,1.08,0.09,0.34392,-0.07556,-0.13959,-0.92549,-0.83,1.12,0.13,0.01216,-0.12677,-0.05008,-0.99059,-0.82,1.12,0.17,-0.42582,-0.14096,-0.01469,-0.89364,-0.81,1.1,0.18,-0.58732,-0.11378,0.00615,-0.80129,-0.81,1.08,0.19,-0.58732,-0.11378,0.00615,-0.80129,-0.85,1.08,0.09,0.34392,-0.07556,-0.13959,-0.92549,-0.85,1.12,0.13,0.04087,-0.10271,-0.12723,-0.98569,-0.84,1.12,0.17,-0.47617,-0.15631,-0.06839,-0.86264,-0.83,1.1,0.19,-0.7224,-0.14625,-0.08534,-0.67042,-0.83,1.08,0.18,-0.7224,-0.14625,-0.08534,-0.67042,-0.87,1.07,0.09,0.34392,-0.07556,-0.13959,-0.92549,-0.87,1.11,0.13,0.10533,-0.07816,-0.19411,-0.97217,-0.86,1.12,0.17,-0.44579,-0.19164,-0.15816,-0.85996,-0.85,1.1,0.18,-0.72108,-0.25077,-0.11075,-0.63631,-0.84,1.08,0.18,-0.72108,-0.25077,-0.11075,-0.63631,-0.87,1.07,0.1,0.28075,-0.01702,-0.37362,-0.88391,-0.88,1.09,0.13,0.19277,-0.06063,-0.27897,-0.9388,-0.88,1.1,0.16,-0.30895,-0.1894,-0.28688,-0.88678,-0.87,1.1,0.18,-0.5729,-0.31542,-0.21966,-0.72391,-0.86,1.08,0.18,-0.5729,-0.31542,-0.21966,-0.72391,-0.7,1.09,0.12,-0.38395,-0.18842,-0.1341,0.89392,-0.68,1.04,0.07,-0.38395,-0.18842,-0.1341,0.89392,-0.72,1.06,0.1,-0.46627,-0.17479,0.58649,0.63881,-0.74,1.07,0.11,-0.29581,-0.02436,0.53585,0.79042,-0.76,1.09,0.14,-0.20158,0.00161,0.61264,0.76422,-0.76,1.1,0.16,-0.20158,0.00161,0.61264,0.76422,-0.71,1.07,0.09,-0.38395,-0.18842,-0.1341,0.89392,-0.73,1.11,0.13,-0.00451,-0.2148,-0.00357,0.97664,-0.74,1.11,0.16,0.36953,-0.20334,0.0524,0.90518,-0.75,1.1,0.18,0.48862,-0.16684,0.07232,0.85334,-0.75,1.08,0.19,0.48862,-0.16684,0.07232,0.85334,-0.69,1.06,0.1,-0.38395,-0.18842,-0.1341,0.89392,-0.7,1.11,0.13,-0.04027,-0.21516,-0.07575,0.9728,-0.72,1.12,0.17,0.3815,-0.22824,0.0108,0.89568,-0.73,1.1,0.19,0.57341,-0.20411,-0.00166,0.79343,-0.74,1.08,0.19,0.57341,-0.20411,-0.00166,0.79343,-0.68,1.06,0.1,-0.38395,-0.18842,-0.1341,0.89392,-0.69,1.1,0.14,-0.09491,-0.20179,-0.14965,0.96326,-0.7,1.11,0.17,0.39661,-0.26634,-0.06988,0.87572,-0.71,1.1,0.19,0.64044,-0.29337,-0.01563,0.7096,-0.73,1.07,0.19,0.64044,-0.29337,-0.01563,0.7096,-0.67,1.06,0.11,-0.29748,-0.13889,-0.36532,0.87106,-0.67,1.09,0.14,-0.18727,-0.18594,-0.25386,0.93055,-0.68,1.1,0.17,0.35398,-0.29219,-0.19237,0.86736,-0.69,1.09,0.18,0.60953,-0.37956,-0.10022,0.68874,-0.71,1.08,0.18,0.60953,-0.37956,-0.10022,0.68874,-0.81,1.08,0.19
-0.79,1.45,-0.16,-0.79,1.45,-0.16,-0.85,1.1,0.11,0.32709,-0.06884,-0.17586,-0.92593,-0.86,1.06,0.06,0.32709,-0.06884,-0.17586,-0.92593,-0.82,1.08,0.09,0.46729,-0.18825,0.47128,-0.72394,-0.8,1.09,0.1,0.24387,-0.0508,0.42494,-0.87027,-0.79,1.11,0.13,0.09524,-0.00948,0.50544,-0.85754,-0.79,1.11,0.15,0.09524,-0.00948,0.50544,-0.85754,-0.83,1.08,0.09,0.32709,-0.06884,-0.17586,-0.92593,-0.83,1.12,0.13,-0.00391,-0.13257,-0.08766,-0.98728,-0.82,1.12,0.17,-0.44318,-0.16243,-0.0451,-0.88044,-0.81,1.1,0.18,-0.60382,-0.14057,-0.01893,-0.7844,-0.81,1.08,0.19,-0.60382,-0.14057,-0.01893,-0.7844,-0.85,1.08,0.09,0.32709,-0.06884,-0.17586,-0.92593,-0.85,1.12,0.13,0.02425,-0.10574,-0.16452,-0.98039,-0.84,1.12,0.17,-0.51023,-0.18053,-0.09393,-0.83562,-0.83,1.1,0.19,-0.76394,-0.17484,-0.09803,-0.61337,-0.82,1.08,0.18,-0.76394,-0.17484,-0.09803,-0.61337,-0.87,1.07,0.09,0.32709,-0.06884,-0.17586,-0.92593,-0.87,1.1,0.14,0.08049,-0.07998,-0.22971,-0.96662,-0.86,1.11,0.17,-0.5,-0.21919,-0.1783,-0.81863,-0.85,1.09,0.18,-0.77756,-0.28335,-0.11211,-0.55004,-0.84,1.07,0.18,-0.77756,-0.28335,-0.11211,-0.55004,-0.87,1.07,0.1,0.26075,-0.00763,-0.40659,-0.87558,-0.88,1.09,0.14,0.16096,-0.05888,-0.31463,-0.93361,-0.88,1.1,0.16,-0.39545,-0.22417,-0.30517,-0.8368,-0.87,1.09,0.18,-0.67643,-0.3638,-0.20905,-0.60531,-0.85,1.07,0.17,-0.67643,-0.3638,-0.20905,-0.60531,-0.7,1.09,0.11,-0.39244,-0.18517,-0.14032,0.88995,-0.68,1.04,0.07,-0.39244,-0.18517,-0.14032,0.88995,-0.72,1.06,0.09,-0.46636,-0.1655,0.5878,0.64001,-0.74,1.07,0.11,-0.29315,-0.01277,0.53488,0.79234,-0.75,1.09,0.14,-0.19434,0.01548,0.61038,0.76775,-0.76,1.1,0.16,-0.19434,0.01548,0.61038,0.76775,-0.71,1.07,0.09,-0.39244,-0.18517,-0.14032,0.88995,-0.72,1.11,0.12,-0.01334,-0.21034,-0.01428,0.97743,-0.74,1.11,0.16,0.37582,-0.20282,0.04405,0.90315,-0.75,1.1,0.17,0.50031,-0.16702,0.06537,0.84707,-0.75,1.08,0.18,0.50031,-0.16702,0.06537,0.84707,-0.69,1.07,0.1,-0.39244,-0.18517,-0.14032,0.88995,-0.7,1.11,0.13,-0.04334,-0.21407,-0.08225,0.97238,-0.72,1.12,0.17,0.38514,-0.23003,0.00616,0.89371,-0.73,1.1,0.19,0.57831,-0.20647,-0.00546,0.78924,-0.74,1.08,0.19,0.57831,-0.20647,-0.00546,0.78924,-0.68,1.06,0.1,-0.39244,-0.18517,-0.14032,0.88995,-0.69,1.1,0.14,-0.09458,-0.20252,-0.15472,0.96234,-0.7,1.11,0.17,0.39817,-0.26957,-0.0734,0.87373,-0.71,1.1,0.19,0.64184,-0.29739,-0.01786,0.7066,-0.72,1.07,0.19,0.64184,-0.29739,-0.01786,0.7066,-0.67,1.06,0.11,-0.30558,-0.13818,-0.37177,0.86563,-0.67,1.09,0.14,-0.18807,-0.18854,-0.25889,0.92847,-0.68,1.1,0.17,0.35218,-0.29709,-0.19517,0.8658,-0.69,1.09,0.18,0.60737,-0.38505,-0.10108,0.68748,-0.71,1.08,0.18,0.60737,-0.38505,-0.10108,0.68748,-0.81,1.08,0.19
-0.79,1.45,-0.16,-0.79,1.45,-0.16,-0.85,1.1,0.11,0.3113,-0.0599,-0.19817,-0.92749,-0.86,1.06,0.06,0.3113,-0.0599,-0.19817,-0.92749,-0.82,1.08,0.09,0.4596,-0.18641,0.4499,-0.7427,-0.8,1.1,0.1,0.23863,-0.05765,0.40176,-0.88223,-0.79,1.11,0.13,0.09109,-0.02126,0.48437,-0.86985,-0.79,1.11,0.16,0.09109,-0.02126,0.48437,-0.86985,-0.84,1.08,0.09,0.3113,-0.0599,-0.19817,-0.92749,-0.83,1.12,0.13,-0.01847,-0.13195,-0.11255,-0.98467,-0.82,1.12,0.17,-0.45901,-0.17282,-0.06688,-0.86889,-0.82,1.1,0.18,-0.62064,-0.15502,-0.0372,-0.76772,-0.81,1.08,0.19,-0.62064,-0.15502,-0.0372,-0.76772,-0.85,1.08,0.09,0.3113,-0.0599,-0.19817,-0.92749,-0.86,1.12,0.14,0.02721,-0.09494,-0.19356,-0.97611,-0.85,1.12,0.18,-0.53272,-0.19116,-0.11788,-0.81595,-0.84,1.1,0.19,-0.80188,-0.19212,-0.11082,-0.55479,-0.83,1.08,0.18,-0.80188,-0.19212,-0.11082,-0.55479,-0.87,1.07,0.09,0.3113,-0.0599,-0.19817,-0.92749,-0.87,1.1,0.14,0.07637,-0.068,-0.25599,-0.96125,-0.87,1.11,0.17,-0.53576,-0.23325,-0.19685,-0.78728,-0.85,1.09,0.18,-0.81825,-0.30402,-0.11368,-0.47447,-0.84,1.07,0.17,-0.81825,-0.30402,-0.11368,-0.47447,-0.87,1.07,0.1,0.24416,0.00411,-0.42645,-0.87093,-0.88,1.08,0.14,0.13646,-0.04688,-0.33911,-0.92961,-0.88,1.09,0.17,-0.45322,-0.24112,-0.32169,-0.79559,-0.87,1.08,0.18,-0.73969,-0.39295,-0.20217,-0.50752,-0.86,1.07,0.17,-0.73969,-0.39295,-0.20217,-0.50752,-0.7,1.09,0.11,-0.40056,-0.18713,-0.16106,0.88238,-0.68,1.04,0.07,-0.40056,-0.18713,-0.16106,0.88238,-0.72,1.06,0.09,-0.46754,-0.1593,0.5824,0.64563,-0.74,1.08,0.11,-0.28404,-0.00189,0.52823,0.80018,-0.75,1.09,0.14,-0.16618,0.03811,0.60075,0.78105,-0.76,1.1,0.16,-0.16618,0.03811,0.60075,0.78105,-0.71,1.07,0.09,-0.40056,-0.18713,-0.16106,0.88238,-0.72,1.12,0.12,-0.02311,-0.21253,-0.04057,0.97604,-0.74,1.12,0.16,0.4074,-0.21422,0.03075,0.88724,-0.75,1.1,0.17,0.54985,-0.17888,0.05963,0.8137,-0.75,1.08,0.18,0.54985,-0.17888,0.05963,0.8137,-0.69,1.07,0.1,-0.40056,-0.18713,-0.16106,0.88238,-0.7,1.12,0.13,-0.04078,-0.22274,-0.10003,0.96887,-0.72,1.12,0.17,0.41181,-0.24556,0.00105,0.87756,-0.73,1.1,0.18,0.6137,-0.22006,-0.00419,0.75824,-0.74,1.08,0.19,0.6137,-0.22006,-0.00419,0.75824,-0.68,1.07,0.1,-0.40056,-0.18713,-0.16106,0.88238,-0.68,1.11,0.14,-0.08845,-0.21294,-0.1712,0.95787,-0.7,1.11,0.17,0.41721,-0.28771,-0.07765,0.85857,-0.71,1.1,0.18,0.66342,-0.31478,-0.01395,0.67867,-0.72,1.08,0.18,0.66342,-0.31478,-0.01395,0.67867,-0.67,1.06,0.11,-0.31026,-0.14319,-0.39138,0.85443,-0.67,1.09,0.14,-0.18071,-0.20104,-0.27544,0.92253,-0.68,1.1,0.17,0.36087,-0.31685,-0.20053,0.85391,-0.69,1.09,0.18,0.6199,-0.40578,-0.09541,0.6648,-0.71,1.08,0.18,0.6199,-0.40578,-0.09541,0.6648,-0.81,1.08,0.19
-0.79,1.45,-0.16,-0.79,1.45,-0.16,-0.85,1.1,0.11,0.33143,-0.04962,-0.12465,-0.93389,-0.86,1.06,0.06,0.33143,-0.04962,-0.12465,-0.93389,-0.82,1.08,0.09,0.44527,-0.18368,0.5159,-0.70841,-0.8,1.09,0.11,0.2368,-0.03666,0.46761,-0.85084,-0.79,1.1,0.14,0.09434,0.00705,0.54412,-0.83366,-0.79,1.11,0.16,0.09434,0.00705,0.54412,-0.83366,-0.84,1.08,0.09,0.33143,-0.04962,-0.12465,-0.93389,-0.83,1.12,0.13,0.01008,-0.09915,-0.04553,-0.99398,-0.82,1.12,0.17,-0.40399,-0.11343,-0.02594,-0.90733,-0.82,1.1,0.19,-0.56882,-0.08892,-0.01068,-0.81757,-0.82,1.08,0.19,-0.56882,-0.08892,-0.01068,-0.81757,-0.85,1.08,0.09,0.33143,-0.04962,-0.12465,-0.93389,-0.85,1.12,0.13,0.11799,-0.05314,-0.13236,-0.98272,-0.85,1.13,0.18,-0.35125,-0.11126,-0.10522,-0.92367,-0.84,1.11,0.2,-0.59434,-0.12174,-0.13812,-0.78286,-0.83,1.09,0.2,-0.59434,-0.12174,-0.13812,-0.78286,-0.87,1.07,0.09,0.33143,-0.04962,-0.12465,-0.93389,-0.87,1.11,0.13,0.18482,-0.02037,-0.19462,-0.96309,-0.87,1.12,0.17,-0.32827,-0.13801,-0.19454,-0.91397,-0.86,1.11,0.19,-0.60607,-0.21419,-0.16619,-0.74779,-0.85,1.09,0.2,-0.60607,-0.21419,-0.16619,-0.74779,-0.88,1.07,0.1,0.27597,0.01213,-0.35962,-0.89127,-0.89,1.09,0.13,0.20544,-0.00666,-0.2736,-0.93963,-0.89,1.1,0.16,-0.29869,-0.14253,-0.3088,-0.89169,-0.88,1.09,0.18,-0.56077,-0.27783,-0.25648,-0.73659,-0.87,1.08,0.18,-0.56077,-0.27783,-0.25648,-0.73659,-0.7,1.09,0.11,-0.39981,-0.19705,-0.15374,0.88187,-0.68,1.05,0.07,-0.39981,-0.19705,-0.15374,0.88187,-0.72,1.06,0.09,-0.46351,-0.17095,0.59347,0.6354,-0.74,1.08,0.11,-0.27542,-0.00508,0.54358,0.79287,-0.75,1.09,0.14,-0.14398,0.04723,0.61334,0.77515,-0.76,1.1,0.16,-0.14398,0.04723,0.61334,0.77515,-0.71,1.07,0.09,-0.39981,-0.19705,-0.15374,0.88187,-0.72,1.12,0.12,-0.02085,-0.21351,-0.03497,0.97609,-0.74,1.12,0.15,0.43147,-0.21168,0.04154,0.87596,-0.75,1.1,0.17,0.58614,-0.17333,0.07414,0.78797,-0.75,1.08,0.17,0.58614,-0.17333,0.07414,0.78797,-0.69,1.07,0.1,-0.39981,-0.19705,-0.15374,0.88187,-0.7,1.12,0.13,-0.0396,-0.22722,-0.09145,0.96873,-0.72,1.12,0.17,0.41699,-0.24552,0.01188,0.87504,-0.73,1.1,0.18,0.62244,-0.21686,0.00722,0.75199,-0.74,1.08,0.18,0.62244,-0.21686,0.00722,0.75199,-0.68,1.07,0.1,-0.39981,-0.19705,-0.15374,0.88187,-0.69,1.11,0.13,-0.09025,-0.2191,-0.16221,0.95788,-0.7,1.12,0.17,0.41581,-0.28849,-0.06683,0.85989,-0.72,1.1,0.18,0.66403,-0.31219,-0.00297,0.6794,-0.73,1.08,0.18,0.66403,-0.31219,-0.00297,0.6794,-0.67,1.06,0.11,-0.30851,-0.15258,-0.38391,0.85683,-0.67,1.09,0.14,-0.17771,-0.2117,-0.26488,0.92382,-0.68,1.11,0.17,0.36334,-0.31964,-0.18648,0.85501,-0.7,1.1,0.18,0.62473,-0.40378,-0.08055,0.66346,-0.71,1.08,0.18,0.62473,-0.40378,-0.08055,0.66346,-0.81,1.08,0.19
-0.79,1.45,-0.16,-0.79,1.45,-0.16,-0.85,1.1,0.11,0.3305,-0.05162,-0.09346,-0.93775,-0.86,1.06,0.06,0.3305,-0.05162,-0.09346,-0.93775,-0.82,1.07,0.09,0.4371,-0.19284,0.53868,-0.69396,-0.8,1.09,0.11,0.23036,-0.03729,0.49379,-0.83768,-0.79,1.1,0.14,0.09457,0.00616,0.56923,-0.81669,-0.79,1.1,0.16,0.09457,0.00616,0.56923,-0.81669,-0.83,1.08,0.09,0.3305,-0.05162,-0.09346,-0.93775,-0.83,1.12,0.13,0.03217,-0.09115,-0.01794,-0.99516,-0.82,1.12,0.17,-0.34681,-0.09504,-0.00799,-0.93308,-0.82,1.1,0.19,-0.51312,-0.06787,0.00142,-0.85563,-0.82,1.09,0.2,-0.51312,-0.06787,0.00142,-0.85563,-0.85,1.08,0.09,0.3305,-0.05162,-0.09346,-0.93775,-0.85,1.12,0.13,0.12111,-0.04835,-0.10144,-0.98626,-0.85,1.13,0.18,-0.25687,-0.08447,-0.08864,-0.95866,-0.84,1.12,0.2,-0.42959,-0.09038,-0.13174,-0.88878,-0.84,1.1,0.21,-0.42959,-0.09038,-0.13174,-0.88878,-0.87,1.08,0.09,0.3305,-0.05162,-0.09346,-0.93775,-0.87,1.11,0.13,0.20417,-0.01376,-0.16454,-0.96491,-0.87,1.12,0.17,-0.20921,-0.09914,-0.18142,-0.95577,-0.86,1.11,0.19,-0.42336,-0.16385,-0.17405,-0.87386,-0.85,1.1,0.21,-0.42336,-0.16385,-0.17405,-0.87386,-0.88,1.07,0.1,0.27896,0.0115,-0.33006,-0.90173,-0.88,1.09,0.13,0.24996,0.0113,-0.24244,-0.93734,-0.89,1.11,0.16,-0.16438,-0.08647,-0.29742,-0.93651,-0.88,1.1,0.18,-0.35106,-0.19446,-0.27738,-0.87293,-0.87,1.09,0.19,-0.35106,-0.19446,-0.27738,-0.87293,-0.7,1.09,0.11,-0.39689,-0.19992,-0.14572,0.8839,-0.68,1.05,0.07,-0.39689,-0.19992,-0.14572,0.8839,-0.72,1.07,0.09,-0.45654,-0.17831,0.60294,0.62947,-0.75,1.08,0.11,-0.26756,-0.00716,0.55569,0.78712,-0.76,1.09,0.14,-0.13246,0.04966,0.62413,0.76841,-0.76,1.1,0.16,-0.13246,0.04966,0.62413,0.76841,-0.71,1.07,0.09,-0.39689,-0.19992,-0.14572,0.8839,-0.73,1.12,0.12,-0.01537,-0.20957,-0.0295,0.97723,-0.74,1.12,0.15,0.44877,-0.20492,0.0474,0.86854,-0.75,1.1,0.17,0.60967,-0.16479,0.0811,0.77108,-0.75,1.08,0.17,0.60967,-0.16479,0.0811,0.77108,-0.69,1.07,0.09,-0.39689,-0.19992,-0.14572,0.8839,-0.71,1.12,0.13,-0.03899,-0.22502,-0.0851,0.96985,-0.72,1.12,0.16,0.41624,-0.24066,0.01598,0.87668,-0.73,1.1,0.18,0.62053,-0.21138,0.00975,0.75509,-0.74,1.08,0.18,0.62053,-0.21138,0.00975,0.75509,-0.68,1.07,0.1,-0.39689,-0.19992,-0.14572,0.8839,-0.69,1.11,0.13,-0.09441,-0.21798,-0.15541,0.95886,-0.7,1.12,0.17,0.40783,-0.28396,-0.06305,0.86549,-0.72,1.1,0.18,0.65541,-0.30722,-0.00163,0.68996,-0.73,1.08,0.18,0.65541,-0.30722,-0.00163,0.68996,-0.67,1.07,0.11,-0.30618,-0.15432,-0.3761,0.86081,-0.67,1.09,0.14,-0.17837,-0.21418,-0.25568,0.92571,-0.68,1.11,0.17,0.35874,-0.3159,-0.17919,0.85989,-0.7,1.1,0.18,0.61973,-0.39781,-0.07622,0.67222,-0.71,1.08,0.18,0.61973,-0.39781,-0.07622,0.67222,-0.81,1.08,0.19
-0.79,1.45,-0.16,-0.79,1.45,-0.16,-0.85,1.09,0.11,0.31187,-0.05424,-0.10047,-0.94324,-0.85,1.06,0.06,0.31187,-0.05424,-0.10047,-0.94324,-0.82,1.07,0.09,0.43659,-0.1987,0.52046,-0.70641,-0.8,1.09,0.1,0.22119,-0.04516,0.47755,-0.84911,-0.79,1.1,0.13,0.08907,-0.00746,0.55498,-0.82705,-0.78,1.1,0.16,0.08907,-0.00746,0.55498,-0.82705,-0.83,1.08,0.09,0.31187,-0.05424,-0.10047,-0.94324,-0.83,1.11,0.13,0.02326,-0.08701,-0.03164,-0.99543,-0.82,1.11,0.17,-0.33537,-0.09562,-0.02433,-0.9369,-0.82,1.1,0.19,-0.49407,-0.07126,-0.01578,-0.86635,-0.81,1.08,0.2,-0.49407,-0.07126,-0.01578,-0.86635,-0.85,1.07,0.09,0.31187,-0.05424,-0.10047,-0.94324,-0.85,1.11,0.14,0.0579,-0.05812,-0.1038,-0.99121,-0.84,1.12,0.18,-0.29057,-0.09109,-0.08983,-0.94826,-0.84,1.1,0.2,-0.42504,-0.0914,-0.13163,-0.89088,-0.83,1.09,0.22,-0.42504,-0.0914,-0.13163,-0.89088,-0.87,1.07,0.09,0.31187,-0.05424,-0.10047,-0.94324,-0.87,1.1,0.13,0.16083,-0.02325,-0.16804,-0.97229,-0.87,1.12,0.17,-0.21831,-0.10123,-0.18444,-0.95293,-0.86,1.11,0.19,-0.39411,-0.16018,-0.18077,-0.88676,-0.85,1.09,0.21,-0.39411,-0.16018,-0.18077,-0.88676,-0.87,1.07,0.09,0.25931,0.01346,-0.33532,-0.90562,-0.88,1.09,0.13,0.23087,0.00842,-0.24686,-0.94111,-0.89,1.1,0.16,-0.14216,-0.07652,-0.30188,-0.93958,-0.88,1.1,0.18,-0.27518,-0.16923,-0.29116,-0.90048,-0.87,1.09,0.2,-0.27518,-0.16923,-0.29116,-0.90048,-0.7,1.09,0.11,-0.38128,-0.19662,-0.13366,0.89337,-0.68,1.05,0.07,-0.38128,-0.19662,-0.13366,0.89337,-0.72,1.06,0.09,-0.43837,-0.19269,0.61311,0.62834,-0.75,1.07,0.11,-0.25169,-0.01797,0.57022,0.78178,-0.76,1.09,0.14,-0.11952,0.03839,0.63896,0.75893,-0.76,1.09,0.16,-0.11952,0.03839,0.63896,0.75893,-0.71,1.07,0.09,-0.38128,-0.19662,-0.13366,0.89337,-0.73,1.12,0.12,-0.01151,-0.20047,-0.02379,0.97934,-0.74,1.12,0.16,0.45177,-0.1942,0.04784,0.86943,-0.75,1.1,0.17,0.61503,-0.1539,0.08007,0.76918,-0.75,1.08,0.17,0.61503,-0.1539,0.08007,0.76918,-0.69,1.07,0.1,-0.38128,-0.19662,-0.13366,0.89337,-0.71,1.12,0.13,-0.03879,-0.21405,-0.08034,0.97274,-0.72,1.12,0.17,0.40529,-0.22893,0.01192,0.88498,-0.73,1.1,0.18,0.6037,-0.20227,0.00152,0.77113,-0.74,1.08,0.19,0.6037,-0.20227,0.00152,0.77113,-0.68,1.07,0.1,-0.38128,-0.19662,-0.13366,0.89337,-0.69,1.11,0.14,-0.09663,-0.20607,-0.14971,0.96218,-0.7,1.12,0.17,0.39351,-0.27006,-0.06812,0.87612,-0.72,1.1,0.18,0.63586,-0.29657,-0.01338,0.71243,-0.73,1.08,0.19,0.63586,-0.29657,-0.01338,0.71243,-0.67,1.07,0.11,-0.29327,-0.14634,-0.36425,0.87172,-0.67,1.09,0.14,-0.18035,-0.20186,-0.24738,0.93034,-0.68,1.11,0.17,0.3463,-0.29893,-0.18266,0.87026,-0.7,1.1,0.18,0.60059,-0.38258,-0.09001,0.6963,-0.71,1.08,0.18,0.60059,-0.38258,-0.09001,0.6963,-0.81,1.08,0.19
-0.79,1.45,-0.16,-0.79,1.45,-0.16,-0.85,1.1,0.11,0.3313,-0.05438,-0.12168,-0.93406,-0.86,1.06,0.06,0.3313,-0.05438,-0.12168,-0.93406,-0.82,1.07,0.09,0.45841,-0.18012,0.50559,-0.70838,-0.8,1.09,0.1,0.24146,-0.03289,0.45702,-0.85542,-0.79,1.1,0.13,0.10985,0.00232,0.53476,-0.83783,-0.79,1.11,0.15,0.10985,0.00232,0.53476,-0.83783,-0.83,1.08,0.09,0.3313,-0.05438,-0.12168,-0.93406,-0.83,1.12,0.13,0.04099,-0.08134,-0.05899,-0.99409,-0.82,1.12,0.17,-0.32274,-0.10079,-0.05132,-0.93971,-0.82,1.11,0.19,-0.47638,-0.08078,-0.04253,-0.87449,-0.81,1.09,0.2,-0.47638,-0.08078,-0.04253,-0.87449,-0.85,1.07,0.09,0.3313,-0.05438,-0.12168,-0.93406,-0.85,1.12,0.13,0.04055,-0.06987,-0.12121,-0.98933,-0.85,1.12,0.17,-0.32277,-0.10969,-0.10018,-0.93475,-0.84,1.1,0.19,-0.46738,-0.11054,-0.13833,-0.86614,-0.83,1.09,0.21,-0.46738,-0.11054,-0.13833,-0.86614,-0.87,1.07,0.09,0.3313,-0.05438,-0.12168,-0.93406,-0.87,1.11,0.13,0.14368,-0.03973,-0.18598,-0.97118,-0.87,1.12,0.17,-0.2509,-0.12587,-0.1931,-0.94017,-0.86,1.11,0.19,-0.43387,-0.18695,-0.1839,-0.86197,-0.85,1.09,0.21,-0.43387,-0.18695,-0.1839,-0.86197,-0.87,1.07,0.09,0.27528,0.00762,-0.35668,-0.89272,-0.88,1.09,0.13,0.23933,-0.01134,-0.26558,-0.93384,-0.89,1.1,0.16,-0.14163,-0.10519,-0.31102,-0.93388,-0.88,1.1,0.18,-0.28122,-0.20117,-0.29419,-0.89101,-0.87,1.09,0.19,-0.28122,-0.20117,-0.29419,-0.89101,-0.7,1.09,0.11,-0.35468,-0.18705,-0.11942,0.90827,-0.68,1.05,0.07,-0.35468,-0.18705,-0.11942,0.90827,-0.72,1.06,0.09,-0.41286,-0.21229,0.62007,0.63245,-0.75,1.07,0.11,-0.23396,-0.03945,0.58216,0.77768,-0.76,1.08,0.14,-0.11723,0.00588,0.65372,0.74758,-0.76,1.09,0.16,-0.11723,0.00588,0.65372,0.74758,-0.71,1.07,0.09,-0.35468,-0.18705,-0.11942,0.90827,-0.73,1.11,0.13,-0.01498,-0.18682,-0.02026,0.98207,-0.74,1.11,0.16,0.42983,-0.18152,0.04042,0.88355,-0.75,1.09,0.18,0.59415,-0.14314,0.06916,0.78849,-0.75,1.07,0.18,0.59415,-0.14314,0.06916,0.78849,-0.69,1.07,0.1,-0.35468,-0.18705,-0.11942,0.90827,-0.71,1.11,0.13,-0.03435,-0.19533,-0.07685,0.97712,-0.72,1.12,0.17,0.39385,-0.21069,0.00255,0.8947,-0.73,1.1,0.19,0.58512,-0.18786,-0.01328,0.78878,-0.74,1.07,0.2,0.58512,-0.18786,-0.01328,0.78878,-0.68,1.07,0.1,-0.35468,-0.18705,-0.11942,0.90827,-0.69,1.1,0.14,-0.08934,-0.18487,-0.14441,0.96798,-0.7,1.11,0.17,0.38582,-0.24756,-0.07836,0.88528,-0.71,1.09,0.19,0.62114,-0.27869,-0.03249,0.73175,-0.73,1.07,0.19,0.62114,-0.27869,-0.03249,0.73175,-0.67,1.06,0.11,-0.27123,-0.12922,-0.35,0.88726,-0.67,1.09,0.14,-0.17399,-0.17879,-0.23885,0.93846,-0.68,1.1,0.17,0.3381,-0.2711,-0.19199,0.88053,-0.69,1.09,0.18,0.58536,-0.3586,-0.11212,0.71847,-0.71,1.08,0.18,0.58536,-0.3586,-0.11212,0.71847,-0.81,1.08,0.19
-0.79,1.45,-0.16,-0.79,1.45,-0.16,-0.85,1.1,0.11,0.35994,-0.05408,-0.12766,-0.92262,-0.86,1.06,0.06,0.35994,-0.05408,-0.12766,-0.92262,-0.82,1.08,0.08,0.47721,-0.16242,0.5087,-0.69793,-0.8,1.09,0.1,0.26068,-0.01527,0.45523,-0.85122,-0.79,1.11,0.13,0.12781,0.02138,0.53135,-0.83719,-0.79,1.11,0.15,0.12781,0.02138,0.53135,-0.83719,-0.83,1.08,0.09,0.35994,-0.05408,-0.12766,-0.92262,-0.83,1.12,0.13,0.07222,-0.08172,-0.06497,-0.99191,-0.82,1.13,0.16,-0.29796,-0.10442,-0.05604,-0.9472,-0.82,1.11,0.18,-0.45499,-0.08549,-0.0471,-0.88513,-0.82,1.1,0.2,-0.45499,-0.08549,-0.0471,-0.88513,-0.85,1.08,0.09,0.35994,-0.05408,-0.12766,-0.92262,-0.85,1.12,0.13,0.08781,-0.0702,-0.12858,-0.98531,-0.85,1.13,0.17,-0.29148,-0.11486,-0.10519,-0.94381,-0.84,1.11,0.19,-0.45002,-0.11961,-0.14237,-0.87344,-0.83,1.1,0.21,-0.45002,-0.11961,-0.14237,-0.87344,-0.87,1.07,0.09,0.35994,-0.05408,-0.12766,-0.92262,-0.87,1.11,0.13,0.18839,-0.04128,-0.19302,-0.96206,-0.87,1.12,0.16,-0.22171,-0.13492,-0.19628,-0.94558,-0.86,1.11,0.19,-0.41843,-0.19909,-0.18259,-0.86714,-0.85,1.1,0.2,-0.41843,-0.19909,-0.18259,-0.86714,-0.87,1.07,0.09,0.30243,0.00027,-0.36412,-0.88088,-0.88,1.09,0.13,0.26985,-0.02086,-0.27106,-0.92373,-0.89,1.11,0.16,-0.1167,-0.12045,-0.31199,-0.93517,-0.88,1.11,0.17,-0.27183,-0.221,-0.28841,-0.89112,-0.87,1.1,0.19,-0.27183,-0.221,-0.28841,-0.89112,-0.7,1.09,0.11,-0.38909,-0.17387,-0.10125,0.89896,-0.68,1.05,0.07,-0.38909,-0.17387,-0.10125,0.89896,-0.72,1.06,0.09,-0.42094,-0.17881,0.63912,0.61836,-0.74,1.07,0.11,-0.24962,-0.0039,0.59203,0.76628,-0.75,1.09,0.14,-0.12812,0.04624,0.65898,0.73973,-0.76,1.09,0.16,-0.12812,0.04624,0.65898,0.73973,-0.71,1.07,0.09,-0.38909,-0.17387,-0.10125,0.89896,-0.73,1.11,0.12,-0.03884,-0.16995,-0.00399,0.98468,-0.74,1.12,0.16,0.41162,-0.15966,0.04791,0.89598,-0.74,1.1,0.17,0.57515,-0.12051,0.07116,0.80599,-0.75,1.08,0.18,0.57515,-0.12051,0.07116,0.80599,-0.69,1.07,0.09,-0.38909,-0.17387,-0.10125,0.89896,-0.7,1.12,0.13,-0.06167,-0.17815,-0.06329,0.98003,-0.72,1.12,0.17,0.39601,-0.18939,0.01268,0.89841,-0.73,1.1,0.18,0.60088,-0.16396,-0.00657,0.78232,-0.73,1.08,0.19,0.60088,-0.16396,-0.00657,0.78232,-0.68,1.07,0.1,-0.38909,-0.17387,-0.10125,0.89896,-0.69,1.11,0.13,-0.1193,-0.17054,-0.13067,0.96933,-0.7,1.12,0.17,0.38789,-0.23162,-0.06614,0.88967,-0.71,1.1,0.18,0.63748,-0.25963,-0.02184,0.72508,-0.72,1.08,0.19,0.63748,-0.25963,-0.02184,0.72508,-0.67,1.07,0.1,-0.30998,-0.12456,-0.33556,0.88079,-0.67,1.09,0.14,-0.21105,-0.16527,-0.22614,0.93648,-0.68,1.11,0.16,0.32312,-0.25964,-0.18368,0.89132,-0.69,1.1,0.18,0.58734,-0.34691,-0.10185,0.7241,-0.7,1.08,0.18,0.58734,-0.34691,-0.10185,0.7241,-0.81,1.08,0.19
-0.79,1.45,-0.16,-0.79,1.45,-0.16,-0.85,1.1,0.11,0.35496,-0.07653,-0.13876,-0.92135,-0.86,1.06,0.06,0.35496,-0.07653,-0.13876,-0.92135,-0.82,1.08,0.08,0.4802,-0.18589,0.50422,-0.69327,-0.8,1.09,0.1,0.253,-0.03385,0.45912,-0.85091,-0.79,1.11,0.13,0.11966,0.00412,0.53698,-0.83506,-0.78,1.11,0.15,0.11966,0.00412,0.53698,-0.83506,-0.83,1.08,0.08,0.35496,-0.07653,-0.13876,-0.92135,-0.83,1.12,0.13,0.06495,-0.10752,-0.06798,-0.98975,-0.82,1.13,0.16,-0.32315,-0.13028,-0.04675,-0.93617,-0.81,1.11,0.18,-0.47924,-0.1093,-0.0327,-0.87024,-0.81,1.1,0.19,-0.47924,-0.1093,-0.0327,-0.87024,-0.85,1.08,0.09,0.35496,-0.07653,-0.13876,-0.92135,-0.85,1.12,0.13,0.06393,-0.09963,-0.12932,-0.98451,-0.84,1.13,0.17,-0.36415,-0.14701,-0.08698,-0.91554,-0.83,1.11,0.19,-0.5564,-0.1466,-0.11499,-0.80976,-0.82,1.09,0.2,-0.5564,-0.1466,-0.11499,-0.80976,-0.87,1.07,0.09,0.35496,-0.07653,-0.13876,-0.92135,-0.87,1.11,0.13,0.15731,-0.07217,-0.19668,-0.96507,-0.86,1.12,0.17,-0.30381,-0.1731,-0.17931,-0.91956,-0.85,1.11,0.19,-0.53413,-0.23631,-0.15143,-0.79746,-0.84,1.09,0.2,-0.53413,-0.23631,-0.15143,-0.79746,-0.87,1.07,0.09,0.29143,-0.02081,-0.3735,-0.88042,-0.88,1.09,0.13,0.23542,-0.05738,-0.27747,-0.92968,-0.88,1.11,0.16,-0.20016,-0.16867,-0.29734,-0.91819,-0.87,1.1,0.18,-0.40487,-0.28023,-0.25455,-0.83232,-0.86,1.09,0.19,-0.40487,-0.28023,-0.25455,-0.83232,-0.7,1.1,0.1,-0.44112,-0.14921,-0.08567,0.8808,-0.68,1.05,0.06,-0.44112,-0.14921,-0.08567,0.8808,-0.72,1.07,0.09,-0.43108,-0.12847,0.65949,0.60228,-0.74,1.08,0.11,-0.26331,0.05269,0.59872,0.7546,-0.75,1.1,0.14,-0.11992,0.12093,0.65438,0.73674,-0.75,1.1,0.16,-0.11992,0.12093,0.65438,0.73674,-0.71,1.07,0.09,-0.44112,-0.14921,-0.08567,0.8808,-0.72,1.12,0.12,-0.05929,-0.1489,0.01625,0.98694,-0.73,1.13,0.15,0.41951,-0.13068,0.06036,0.89626,-0.74,1.11,0.17,0.58511,-0.08932,0.07846,0.80219,-0.74,1.09,0.17,0.58511,-0.08932,0.07846,0.80219,-0.69,1.07,0.09,-0.44112,-0.14921,-0.08567,0.8808,-0.7,1.13,0.12,-0.08591,-0.15436,-0.0514,0.98293,-0.71,1.13,0.16,0.46764,-0.16089,0.02892,0.86867,-0.72,1.11,0.17,0.7285,-0.12079,0.00912,0.67425,-0.72,1.09,0.17,0.7285,-0.12079,0.00912,0.67425,-0.67,1.08,0.09,-0.44112,-0.14921,-0.08567,0.8808,-0.68,1.12,0.12,-0.1656,-0.1478,-0.12263,0.96731,-0.69,1.13,0.16,0.44604,-0.21545,-0.04828,0.86735,-0.7,1.11,0.17,0.74893,-0.23229,0.00624,0.62057,-0.71,1.09,0.17,0.74893,-0.23229,0.00624,0.62057,-0.67,1.07,0.1,-0.36798,-0.11372,-0.32447,0.86393,-0.67,1.1,0.13,-0.27437,-0.13712,-0.22201,0.92554,-0.67,1.12,0.15,0.35542,-0.25632,-0.1735,0.88197,-0.68,1.11,0.17,0.68894,-0.34526,-0.06129,0.63435,-0.69,1.09,0.16,0.68894,-0.34526,-0.06129,0.63435,-0.81,1.08,0.19
-0.79,1.45,-0.16,-0.79,1.45,-0.16,-0.85,1.1,0.11,0.33843,-0.08148,-0.16994,-0.92193,-0.86,1.06,0.06,0.33843,-0.08148,-0.16994,-0.92193,-0.82,1.08,0.08,0.47306,-0.19779,0.48376,-0.70927,-0.8,1.09,0.1,0.23758,-0.049,0.44256,-0.8633,-0.79,1.11,0.13,0.10312,-0.01376,0.5227,-0.84614,-0.78,1.11,0.15,0.10312,-0.01376,0.5227,-0.84614,-0.83,1.08,0.08,0.33843,-0.08148,-0.16994,-0.92193,-0.83,1.12,0.13,0.02525,-0.12349,-0.09333,-0.98762,-0.82,1.12,0.16,-0.3761,-0.15491,-0.06121,-0.91149,-0.81,1.11,0.18,-0.52691,-0.13559,-0.04137,-0.83801,-0.81,1.09,0.19,-0.52691,-0.13559,-0.04137,-0.83801,-0.85,1.08,0.09,0.33843,-0.08148,-0.16994,-0.92193,-0.85,1.12,0.13,0.00512,-0.12058,-0.15161,-0.98105,-0.84,1.12,0.17,-0.47378,-0.18076,-0.08655,-0.85754,-0.83,1.1,0.18,-0.69167,-0.17391,-0.09929,-0.69389,-0.82,1.08,0.18,-0.69167,-0.17391,-0.09929,-0.69389,-0.87,1.07,0.09,0.33843,-0.08148,-0.16994,-0.92193,-0.87,1.11,0.13,0.0784,-0.0967,-0.21873,-0.96781,-0.86,1.11,0.17,-0.44588,-0.21557,-0.17354,-0.85124,-0.85,1.1,0.18,-0.69866,-0.2764,-0.1232,-0.64831,-0.83,1.08,0.18,-0.69866,-0.2764,-0.1232,-0.64831,-0.87,1.07,0.09,0.27001,-0.02267,-0.40139,-0.87491,-0.88,1.09,0.13,0.1552,-0.0859,-0.30346,-0.93619,-0.88,1.1,0.16,-0.35328,-0.22397,-0.29239,-0.85997,-0.87,1.09,0.17,-0.60137,-0.34758,-0.21723,-0.68582,-0.85,1.08,0.18,-0.60137,-0.34758,-0.21723,-0.68582,-0.7,1.1,0.1,-0.45012,-0.13948,-0.08764,0.87764,-0.68,1.05,0.06,-0.45012,-0.13948,-0.08764,0.87764,-0.72,1.07,0.09,-0.42789,-0.12394,0.66223,0.60249,-0.74,1.08,0.11,-0.24899,0.06756,0.60003,0.75723,-0.75,1.1,0.14,-0.07673,0.15873,0.64522,0.74338,-0.74,1.11,0.16,-0.07673,0.15873,0.64522,0.74338,-0.71,1.08,0.09,-0.45012,-0.13948,-0.08764,0.87764,-0.72,1.13,0.11,-0.04657,-0.1469,0.02225,0.9878,-0.73,1.13,0.15,0.4508,-0.12431,0.06741,0.88135,-0.74,1.11,0.16,0.62168,-0.08067,0.08624,0.77432,-0.74,1.09,0.17,0.62168,-0.08067,0.08624,0.77432,-0.69,1.08,0.09,-0.45012,-0.13948,-0.08764,0.87764,-0.7,1.13,0.12,-0.07827,-0.14958,-0.05171,0.98429,-0.71,1.13,0.16,0.50119,-0.15606,0.03078,0.85059,-0.72,1.11,0.17,0.78426,-0.10892,0.01256,0.61066,-0.72,1.09,0.16,0.78426,-0.10892,0.01256,0.61066,-0.67,1.08,0.09,-0.45012,-0.13948,-0.08764,0.87764,-0.68,1.12,0.12,-0.16956,-0.14074,-0.1264,0.96719,-0.69,1.13,0.16,0.47638,-0.21381,-0.04782,0.8515,-0.7,1.11,0.17,0.80019,-0.22598,0.01465,0.55535,-0.71,1.09,0.16,0.80019,-0.22598,0.01465,0.55535,-0.67,1.07,0.1,-0.37848,-0.10664,-0.32716,0.85927,-0.67,1.11,0.13,-0.28658,-0.12445,-0.22842,0.92207,-0.67,1.12,0.15,0.38321,-0.25873,-0.17623,0.86899,-0.68,1.11,0.16,0.74198,-0.34931,-0.04617,0.57037,-0.69,1.09,0.16,0.74198,-0.34931,-0.04617,0.57037,-0.81,1.08,0.19
-0.79,1.45,-0.16,-0.79,1.45,-0.16,-0.85,1.1,0.11,0.3205,-0.07464,-0.22296,-0.91761,-0.86,1.06,0.06,0.3205,-0.07464,-0.22296,-0.91761,-0.83,1.08,0.09,0.46473,-0.19365,0.4466,-0.73965,-0.8,1.1,0.1,0.23056,-0.05981,0.40246,-0.8839,-0.79,1.11,0.13,0.0986,-0.03253,0.48593,-0.86781,-0.79,1.11,0.15,0.0986,-0.03253,0.48593,-0.86781,-0.84,1.08,0.09,0.3205,-0.07464,-0.22296,-0.91761,-0.84,1.12,0.13,-0.02724,-0.14138,-0.13878,-0.9798,-0.82,1.12,0.17,-0.42541,-0.18859,-0.09475,-0.88005,-0.81,1.1,0.18,-0.56557,-0.17366,-0.06858,-0.80329,-0.81,1.08,0.19,-0.56557,-0.17366,-0.06858,-0.80329,-0.85,1.08,0.09,0.3205,-0.07464,-0.22296,-0.91761,-0.86,1.12,0.13,-0.01865,-0.1297,-0.20502,-0.96995,-0.85,1.12,0.18,-0.55357,-0.22377,-0.11152,-0.79439,-0.83,1.09,0.18,-0.80201,-0.21785,-0.096,-0.54781,-0.82,1.07,0.17,-0.80201,-0.21785,-0.096,-0.54781,-0.87,1.07,0.09,0.3205,-0.07464,-0.22296,-0.91761,-0.87,1.1,0.14,0.04971,-0.10297,-0.27067,-0.95586,-0.87,1.11,0.17,-0.54612,-0.26662,-0.18955,-0.77119,-0.85,1.09,0.18,-0.81596,-0.33004,-0.09643,-0.46475,-0.84,1.07,0.17,-0.81596,-0.33004,-0.09643,-0.46475,-0.87,1.06,0.1,0.24671,-0.01391,-0.44942,-0.85846,-0.88,1.08,0.14,0.12408,-0.08721,-0.35498,-0.92249,-0.88,1.09,0.17,-0.44512,-0.27552,-0.31482,-0.79173,-0.87,1.08,0.18,-0.72632,-0.41938,-0.18413,-0.51253,-0.85,1.07,0.17,-0.72632,-0.41938,-0.18413,-0.51253,-0.7,1.1,0.1,-0.45332,-0.1385,-0.09771,0.87508,-0.68,1.05,0.06,-0.45332,-0.1385,-0.09771,0.87508,-0.72,1.07,0.09,-0.43179,-0.12843,0.65609,0.60548,-0.74,1.08,0.11,-0.24461,0.06656,0.595,0.7627,-0.75,1.1,0.14,-0.0531,0.17231,0.63493,0.75123,-0.74,1.11,0.16,-0.0531,0.17231,0.63493,0.75123,-0.71,1.08,0.09,-0.45332,-0.1385,-0.09771,0.87508,-0.72,1.13,0.11,-0.03923,-0.15289,0.01837,0.98729,-0.73,1.13,0.15,0.47604,-0.12978,0.06984,0.86699,-0.74,1.11,0.16,0.65554,-0.08416,0.09216,0.74477,-0.74,1.09,0.16,0.65554,-0.08416,0.09216,0.74477,-0.69,1.08,0.09,-0.45332,-0.1385,-0.09771,0.87508,-0.7,1.13,0.12,-0.06883,-0.15506,-0.05746,0.98383,-0.71,1.13,0.16,0.52093,-0.16326,0.03153,0.83725,-0.72,1.11,0.17,0.81464,-0.111,0.0181,0.56896,-0.72,1.09,0.16,0.81464,-0.111,0.0181,0.56896,-0.68,1.08,0.09,-0.45332,-0.1385,-0.09771,0.87508,-0.68,1.12,0.12,-0.1642,-0.14491,-0.13431,0.96644,-0.69,1.13,0.16,0.49724,-0.22255,-0.04733,0.83725,-0.7,1.11,0.17,0.82892,-0.23026,0.02424,0.5092,-0.71,1.09,0.16,0.82892,-0.23026,0.02424,0.5092,-0.67,1.07,0.1,-0.38042,-0.10691,-0.33684,0.85463,-0.67,1.11,0.13,-0.28654,-0.12523,-0.23873,0.91936,-0.67,1.12,0.15,0.40867,-0.27096,-0.17626,0.85352,-0.68,1.11,0.16,0.77639,-0.35947,-0.02959,0.51684,-0.69,1.09,0.15,0.77639,-0.35947,-0.02959,0.51684,-0.81,1.08,0.19
-0.79,1.45,-0.16,-0.79,1.45,-0.16,-0.86,1.1,0.11,0.33005,-0.05502,-0.24547,-0.90983,-0.86,1.06,0.06,0.33005,-0.05502,-0.24547,-0.90983,-0.83,1.08,0.09,0.46009,-0.17118,0.44009,-0.75189,-0.81,1.1,0.11,0.23306,-0.04349,0.3879,-0.89069,-0.8,1.11,0.13,0.10364,-0.02054,0.47035,-0.87613,-0.79,1.12,0.16,0.10364,-0.02054,0.47035,-0.87613,-0.84,1.08,0.09,0.33005,-0.05502,-0.24547,-0.90983,-0.84,1.12,0.13,-0.02013,-0.13654,-0.16233,-0.97704,-0.83,1.12,0.17,-0.40761,-0.19254,-0.12034,-0.88448,-0.82,1.11,0.18,-0.54384,-0.18112,-0.09505,-0.81388,-0.81,1.09,0.19,-0.54384,-0.18112,-0.09505,-0.81388,-0.85,1.08,0.09,0.33005,-0.05502,-0.24547,-0.90983,-0.86,1.12,0.14,0.04616,-0.09981,-0.24368,-0.9636,-0.86,1.12,0.18,-0.48727,-0.21948,-0.1622,-0.82951,-0.84,1.1,0.19,-0.75087,-0.23634,-0.14659,-0.59904,-0.83,1.08,0.18,-0.75087,-0.23634,-0.14659,-0.59904,-0.87,1.07,0.1,0.33005,-0.05502,-0.24547,-0.90983,-0.88,1.1,0.14,0.10646,-0.0683,-0.30624,-0.94351,-0.87,1.11,0.18,-0.48434,-0.26114,-0.23955,-0.7999,-0.86,1.09,0.19,-0.76753,-0.34756,-0.14451,-0.51887,-0.84,1.08,0.18,-0.76753,-0.34756,-0.14451,-0.51887,-0.88,1.06,0.1,0.257,0.0016,-0.4713,-0.8437,-0.89,1.08,0.14,0.14725,-0.06339,-0.38248,-0.90995,-0.89,1.09,0.17,-0.41241,-0.27212,-0.35164,-0.79512,-0.87,1.08,0.18,-0.69378,-0.43119,-0.21946,-0.53346,-0.86,1.07,0.17,-0.69378,-0.43119,-0.21946,-0.53346,-0.7,1.1,0.1,-0.45422,-0.13741,-0.10274,0.87421,-0.68,1.05,0.06,-0.45422,-0.13741,-0.10274,0.87421,-0.72,1.07,0.09,-0.42738,-0.13249,0.6571,0.60664,-0.74,1.08,0.11,-0.23588,0.06653,0.5972,0.76373,-0.75,1.1,0.14,-0.0392,0.1764,0.63515,0.75095,-0.74,1.11,0.16,-0.0392,0.1764,0.63515,0.75095,-0.71,1.08,0.08,-0.45422,-0.13741,-0.10274,0.87421,-0.72,1.13,0.11,-0.03352,-0.15424,0.01502,0.98735,-0.73,1.13,0.15,0.50677,-0.13044,0.07164,0.84914,-0.74,1.11,0.16,0.69787,-0.0824,0.09729,0.70478,-0.73,1.09,0.16,0.69787,-0.0824,0.09729,0.70478,-0.69,1.08,0.09,-0.45422,-0.13741,-0.10274,0.87421,-0.7,1.13,0.11,-0.05148,-0.15778,-0.05881,0.98438,-0.71,1.13,0.15,0.55624,-0.16514,0.03614,0.81365,-0.72,1.11,0.16,0.85165,-0.10513,0.02571,0.51282,-0.72,1.09,0.15,0.85165,-0.10513,0.02571,0.51282,-0.68,1.08,0.09,-0.45422,-0.13741,-0.10274,0.87421,-0.68,1.12,0.12,-0.14988,-0.14733,-0.13721,0.96799,-0.69,1.13,0.15,0.53251,-0.22664,-0.04249,0.81441,-0.7,1.11,0.16,0.86252,-0.2276,0.03504,0.45059,-0.71,1.09,0.15,0.86252,-0.2276,0.03504,0.45059,-0.67,1.07,0.09,-0.38082,-0.10625,-0.34168,0.85261,-0.67,1.11,0.13,-0.28358,-0.12408,-0.24459,0.91889,-0.67,1.12,0.15,0.43097,-0.27755,-0.17566,0.84046,-0.68,1.11,0.16,0.80107,-0.36401,-0.01845,0.47482,-0.69,1.1,0.15,0.80107,-0.36401,-0.01845,0.47482,-0.81,1.08,0.19
-0.79,1.45,-0.16,-0.79,1.45,-0.16,-0.86,1.1,0.11,0.34501,-0.04647,-0.24374,-0.90521,-0.86,1.06,0.06,0.34501,-0.04647,-0.24374,-0.90521,-0.83,1.08,0.09,0.4652,-0.15836,0.44589,-0.74812,-0.81,1.1,0.11,0.23911,-0.02964,0.39003,-0.88872,-0.8,1.11,0.14,0.11094,-0.00723,0.47105,-0.87507,-0.8,1.12,0.16,0.11094,-0.00723,0.47105,-0.87507,-0.84,1.08,0.09,0.34501,-0.04647,-0.24374,-0.90521,-0.84,1.13,0.13,-0.00216,-0.13001,-0.16165,-0.97824,-0.83,1.13,0.17,-0.3859,-0.18597,-0.12343,-0.89513,-0.82,1.11,0.18,-0.52364,-0.17518,-0.09986,-0.82773,-0.81,1.09,0.19,-0.52364,-0.17518,-0.09986,-0.82773,-0.85,1.08,0.09,0.34501,-0.04647,-0.24374,-0.90521,-0.86,1.12,0.13,0.11108,-0.07637,-0.25099,-0.95856,-0.86,1.13,0.18,-0.40445,-0.19931,-0.18674,-0.87283,-0.85,1.11,0.19,-0.66797,-0.22948,-0.1827,-0.68395,-0.83,1.09,0.19,-0.66797,-0.22948,-0.1827,-0.68395,-0.87,1.07,0.1,0.34501,-0.04647,-0.24374,-0.90521,-0.88,1.1,0.14,0.1781,-0.03794,-0.31274,-0.93222,-0.88,1.12,0.17,-0.38154,-0.23235,-0.27107,-0.85262,-0.86,1.1,0.19,-0.66573,-0.33215,-0.19568,-0.63889,-0.85,1.09,0.19,-0.66573,-0.33215,-0.19568,-0.63889,-0.88,1.07,0.1,0.27358,0.00616,-0.47093,-0.83865,-0.89,1.09,0.14,0.20264,-0.03668,-0.38432,-0.89994,-0.89,1.1,0.17,-0.31837,-0.23857,-0.37861,-0.83569,-0.88,1.09,0.18,-0.58795,-0.40039,-0.27533,-0.64668,-0.86,1.08,0.18,-0.58795,-0.40039,-0.27533,-0.64668,-0.7,1.1,0.1,-0.45682,-0.13777,-0.10191,0.87289,-0.68,1.05,0.06,-0.45682,-0.13777,-0.10191,0.87289,-0.72,1.07,0.09,-0.42321,-0.13399,0.66205,0.60385,-0.74,1.08,0.11,-0.23011,0.06909,0.60269,0.76095,-0.75,1.1,0.14,-0.02992,0.18304,0.63824,0.74717,-0.74,1.11,0.16,-0.02992,0.18304,0.63824,0.74717,-0.71,1.08,0.08,-0.45682,-0.13777,-0.10191,0.87289,-0.72,1.13,0.11,-0.034,-0.15413,0.01649,0.98733,-0.73,1.13,0.15,0.52719,-0.12775,0.07603,0.83664,-0.74,1.11,0.16,0.72816,-0.07689,0.1034,0.67319,-0.73,1.09,0.15,0.72816,-0.07689,0.1034,0.67319,-0.69,1.08,0.09,-0.45682,-0.13777,-0.10191,0.87289,-0.7,1.13,0.11,-0.04387,-0.15838,-0.05625,0.9848,-0.71,1.13,0.15,0.5819,-0.16297,0.0424,0.79563,-0.72,1.11,0.16,0.87831,-0.09565,0.03263,0.46729,-0.72,1.09,0.15,0.87831,-0.09565,0.03263,0.46729,-0.68,1.08,0.09,-0.45682,-0.13777,-0.10191,0.87289,-0.68,1.12,0.12,-0.14171,-0.14815,-0.13553,0.96933,-0.69,1.13,0.15,0.55908,-0.22646,-0.03588,0.79678,-0.7,1.11,0.16,0.88655,-0.22076,0.04446,0.40412,-0.7,1.09,0.15,0.88655,-0.22076,0.04446,0.40412,-0.67,1.08,0.09,-0.38341,-0.10731,-0.34097,0.8516,-0.67,1.11,0.12,-0.28367,-0.12313,-0.24495,0.9189,-0.67,1.13,0.15,0.44572,-0.27982,-0.17235,0.83267,-0.68,1.11,0.16,0.81706,-0.36351,-0.00964,0.44742,-0.69,1.1,0.15,0.81706,-0.36351,-0.00964,0.44742,-0.81,1.08,0.19
-0.79,1.45,-0.16,-0.79,1.45,-0.16,-0.86,1.1,0.11,0.35815,-0.05349,-0.22178,-0.90536,-0.86,1.06,0.06,0.35815,-0.05349,-0.22178,-0.90536,-0.83,1.08,0.09,0.47395,-0.15775,0.46297,-0.73222,-0.8,1.1,0.1,0.24546,-0.02209,0.40776,-0.8792,-0.8,1.11,0.13,0.11018,0.00707,0.48661,-0.86661,-0.79,1.12,0.16,0.11018,0.00707,0.48661,-0.86661,-0.84,1.08,0.09,0.35815,-0.05349,-0.22178,-0.90536,-0.84,1.13,0.13,0.01662,-0.12509,-0.14113,-0.98192,-0.83,1.13,0.17,-0.37259,-0.17425,-0.10598,-0.90531,-0.82,1.11,0.18,-0.5152,-0.16136,-0.08408,-0.83753,-0.81,1.09,0.19,-0.5152,-0.16136,-0.08408,-0.83753,-0.85,1.08,0.09,0.35815,-0.05349,-0.22178,-0.90536,-0.86,1.12,0.13,0.13579,-0.07631,-0.22895,-0.9609,-0.86,1.13,0.17,-0.32743,-0.17711,-0.17941,-0.91062,-0.85,1.12,0.19,-0.54135,-0.20135,-0.19512,-0.79267,-0.83,1.1,0.2,-0.54135,-0.20135,-0.19512,-0.79267,-0.87,1.07,0.09,0.35815,-0.05349,-0.22178,-0.90536,-0.88,1.11,0.13,0.21326,-0.03832,-0.29093,-0.93189,-0.88,1.12,0.17,-0.27564,-0.19973,-0.2689,-0.90101,-0.86,1.11,0.19,-0.51369,-0.28889,-0.22564,-0.77573,-0.85,1.1,0.2,-0.51369,-0.28889,-0.22564,-0.77573,-0.88,1.07,0.1,0.28792,-0.00293,-0.45142,-0.84458,-0.89,1.09,0.13,0.24145,-0.03196,-0.36319,-0.89932,-0.89,1.1,0.16,-0.20633,-0.19427,-0.37914,-0.88088,-0.88,1.1,0.18,-0.40898,-0.32762,-0.32379,-0.78776,-0.86,1.09,0.19,-0.40898,-0.32762,-0.32379,-0.78776,-0.7,1.1,0.1,-0.45722,-0.13873,-0.10154,0.87258,-0.68,1.05,0.06,-0.45722,-0.13873,-0.10154,0.87258,-0.72,1.07,0.09,-0.41934,-0.13642,0.66554,0.60217,-0.74,1.08,0.11,-0.22456,0.07002,0.60699,0.7591,-0.75,1.1,0.14,-0.02256,0.18639,0.64113,0.74411,-0.74,1.11,0.16,-0.02256,0.18639,0.64113,0.74411,-0.71,1.08,0.08,-0.45722,-0.13873,-0.10154,0.87258,-0.72,1.13,0.11,-0.03658,-0.15509,0.01717,0.98707,-0.73,1.13,0.15,0.53536,-0.12727,0.07878,0.83126,-0.74,1.11,0.15,0.74186,-0.07467,0.10718,0.65771,-0.74,1.09,0.15,0.74186,-0.07467,0.10718,0.65771,-0.69,1.08,0.09,-0.45722,-0.13873,-0.10154,0.87258,-0.7,1.13,0.11,-0.04085,-0.15914,-0.05511,0.98487,-0.71,1.13,0.15,0.58912,-0.16254,0.04473,0.79026,-0.72,1.11,0.16,0.88643,-0.09256,0.03526,0.45215,-0.72,1.09,0.15,0.88643,-0.09256,0.03526,0.45215,-0.68,1.08,0.09,-0.45722,-0.13873,-0.10154,0.87258,-0.68,1.12,0.12,-0.14031,-0.148,-0.13571,0.96953,-0.69,1.13,0.15,0.56477,-0.22655,-0.03498,0.79277,-0.7,1.11,0.16,0.89257,-0.21927,0.04665,0.39124,-0.71,1.09,0.15,0.89257,-0.21927,0.04665,0.39124,-0.67,1.08,0.09,-0.38366,-0.10835,-0.34057,0.85151,-0.67,1.11,0.12,-0.28836,-0.1201,-0.24637,0.91746,-0.67,1.13,0.15,0.44716,-0.28016,-0.17362,0.83152,-0.68,1.11,0.16,0.82142,-0.3642,-0.00772,0.43882,-0.69,1.1,0.14,0.82142,-0.3642,-0.00772,0.43882,-0.81,1.08,0.19
-0.79,1.45,-0.16,-0.79,1.45,-0.16,-0.85,1.1,0.11,0.34852,-0.06926,-0.20285,-0.91246,-0.86,1.06,0.06,0.34852,-0.06926,-0.20285,-0.91246,-0.82,1.08,0.09,0.46577,-0.17386,0.47824,-0.72396,-0.8,1.09,0.1,0.23114,-0.02845,0.42885,-0.87284,-0.79,1.11,0.13,0.08662,0.00838,0.50618,-0.85803,-0.79,1.11,0.15,0.08662,0.00838,0.50618,-0.85803,-0.84,1.08,0.09,0.34852,-0.06926,-0.20285,-0.91246,-0.83,1.12,0.13,0.0124,-0.12911,-0.12175,-0.98405,-0.82,1.12,0.16,-0.38947,-0.17139,-0.08436,-0.90101,-0.82,1.11,0.18,-0.53917,-0.15572,-0.06094,-0.82543,-0.81,1.09,0.19,-0.53917,-0.15572,-0.06094,-0.82543,-0.85,1.08,0.09,0.34852,-0.06926,-0.20285,-0.91246,-0.86,1.12,0.13,0.11519,-0.09114,-0.20454,-0.96777,-0.85,1.13,0.17,-0.34193,-0.17744,-0.15241,-0.91015,-0.84,1.11,0.19,-0.54361,-0.19266,-0.17068,-0.7989,-0.83,1.09,0.2,-0.54361,-0.19266,-0.17068,-0.7989,-0.87,1.07,0.09,0.34852,-0.06926,-0.20285,-0.91246,-0.87,1.1,0.13,0.19547,-0.05725,-0.26721,-0.94187,-0.87,1.12,0.17,-0.28872,-0.20159,-0.2413,-0.90431,-0.86,1.11,0.19,-0.518,-0.28076,-0.20187,-0.78237,-0.84,1.09,0.2,-0.518,-0.28076,-0.20187,-0.78237,-0.87,1.07,0.1,0.27787,-0.01486,-0.43293,-0.85741,-0.88,1.09,0.13,0.22893,-0.04619,-0.34263,-0.90998,-0.89,1.1,0.16,-0.21175,-0.19202,-0.35688,-0.88934,-0.88,1.1,0.18,-0.40555,-0.3159,-0.30727,-0.80082,-0.86,1.09,0.19,-0.40555,-0.3159,-0.30727,-0.80082,-0.7,1.1,0.1,-0.45751,-0.14034,-0.10107,0.87222,-0.69,1.06,0.06,-0.45751,-0.14034,-0.10107,0.87222,-0.72,1.07,0.09,-0.41982,-0.13876,0.66621,0.60055,-0.74,1.09,0.11,-0.22424,0.06883,0.60844,0.75814,-0.75,1.1,0.13,-0.01828,0.18926,0.64127,0.74338,-0.74,1.11,0.16,-0.01828,0.18926,0.64127,0.74338,-0.71,1.08,0.08,-0.45751,-0.14034,-0.10107,0.87222,-0.72,1.13,0.11,-0.04253,-0.15673,0.01762,0.98657,-0.73,1.13,0.14,0.53567,-0.12798,0.081,0.83073,-0.74,1.11,0.15,0.74555,-0.07424,0.11,0.6531,-0.74,1.09,0.15,0.74555,-0.07424,0.11,0.6531,-0.7,1.08,0.09,-0.45751,-0.14034,-0.10107,0.87222,-0.7,1.13,0.11,-0.04224,-0.16033,-0.05421,0.98467,-0.71,1.14,0.15,0.58658,-0.163,0.04591,0.79199,-0.72,1.11,0.16,0.88467,-0.09277,0.03639,0.45544,-0.72,1.09,0.15,0.88467,-0.09277,0.03639,0.45544,-0.68,1.08,0.09,-0.45751,-0.14034,-0.10107,0.87222,-0.68,1.12,0.12,-0.14284,-0.14851,-0.13566,0.96909,-0.69,1.13,0.15,0.56042,-0.22692,-0.0351,0.79574,-0.7,1.11,0.16,0.88984,-0.21999,0.04655,0.39701,-0.71,1.09,0.15,0.88984,-0.21999,0.04655,0.39701,-0.67,1.08,0.09,-0.38368,-0.11001,-0.34006,0.8515,-0.67,1.11,0.12,-0.29628,-0.11778,-0.24724,0.91499,-0.67,1.13,0.15,0.43863,-0.27966,-0.17594,0.83573,-0.68,1.11,0.16,0.81654,-0.3652,-0.00955,0.447,-0.69,1.1,0.15,0.81654,-0.3652,-0.00955,0.447,-0.81,1.08,0.19
-0.79,1.45,-0.16,-0.79,1.45,-0.16,-0.85,1.1,0.11,0.34349,-0.07013,-0.19326,-0.91638,-0.86,1.06,0.06,0.34349,-0.07013,-0.19326,-0.91638,-0.82,1.08,0.09,0.45103,-0.17145,0.49281,-0.7241,-0.8,1.09,0.1,0.21615,-0.01968,0.44273,-0.86999,-0.79,1.1,0.13,0.06847,0.01939,0.51743,-0.85276,-0.79,1.11,0.16,0.06847,0.01939,0.51743,-0.85276,-0.84,1.08,0.09,0.34349,-0.07013,-0.19326,-0.91638,-0.83,1.12,0.13,0.00912,-0.12329,-0.11535,-0.9856,-0.82,1.12,0.17,-0.40212,-0.16423,-0.07922,-0.89725,-0.82,1.1,0.18,-0.55435,-0.14797,-0.056,-0.81711,-0.81,1.09,0.19,-0.55435,-0.14797,-0.056,-0.81711,-0.85,1.07,0.09,0.34349,-0.07013,-0.19326,-0.91638,-0.85,1.12,0.13,0.09761,-0.09388,-0.19252,-0.9719,-0.85,1.13,0.17,-0.36252,-0.17461,-0.13997,-0.90471,-0.84,1.11,0.19,-0.56421,-0.18602,-0.15879,-0.78857,-0.83,1.09,0.2,-0.56421,-0.18602,-0.15879,-0.78857,-0.87,1.07,0.09,0.34349,-0.07013,-0.19326,-0.91638,-0.87,1.1,0.13,0.1786,-0.06327,-0.25488,-0.94823,-0.87,1.12,0.17,-0.30979,-0.20088,-0.22755,-0.90106,-0.86,1.11,0.19,-0.53993,-0.27632,-0.1888,-0.77232,-0.84,1.09,0.2,-0.53993,-0.27632,-0.1888,-0.77232,-0.87,1.06,0.1,0.27409,-0.01394,-0.42373,-0.86321,-0.88,1.09,0.13,0.21844,-0.05185,-0.3316,-0.91632,-0.88,1.1,0.16,-0.22289,-0.1908,-0.34499,-0.89157,-0.87,1.09,0.18,-0.41897,-0.31244,-0.29606,-0.7995,-0.86,1.08,0.19,-0.41897,-0.31244,-0.29606,-0.7995,-0.7,1.1,0.1,-0.45206,-0.14111,-0.10116,0.87493,-0.69,1.06,0.06,-0.45206,-0.14111,-0.10116,0.87493,-0.72,1.07,0.09,-0.41806,-0.14511,0.66487,0.60176,-0.75,1.08,0.11,-0.22287,0.06159,0.60915,0.7586,-0.75,1.1,0.13,-0.01456,0.18475,0.64262,0.74344,-0.75,1.1,0.16,-0.01456,0.18475,0.64262,0.74344,-0.71,1.08,0.08,-0.45206,-0.14111,-0.10116,0.87493,-0.72,1.13,0.11,-0.04421,-0.15818,0.0168,0.98628,-0.74,1.13,0.15,0.53286,-0.1298,0.08098,0.83226,-0.74,1.11,0.15,0.74312,-0.07604,0.11038,0.6556,-0.74,1.09,0.15,0.74312,-0.07604,0.11038,0.6556,-0.7,1.08,0.09,-0.45206,-0.14111,-0.10116,0.87493,-0.7,1.13,0.11,-0.03772,-0.16071,-0.05434,0.98478,-0.72,1.13,0.15,0.58615,-0.16356,0.0452,0.79224,-0.72,1.11,0.16,0.88315,-0.09395,0.03585,0.45819,-0.72,1.09,0.15,0.88315,-0.09395,0.03585,0.45819,-0.68,1.08,0.09,-0.45206,-0.14111,-0.10116,0.87493,-0.69,1.12,0.12,-0.13853,-0.14833,-0.13584,0.96972,-0.69,1.13,0.15,0.56069,-0.22665,-0.03633,0.79557,-0.7,1.11,0.16,0.88904,-0.22061,0.04494,0.39864,-0.71,1.09,0.15,0.88904,-0.22061,0.04494,0.39864,-0.67,1.08,0.09,-0.37818,-0.10925,-0.33993,0.8541,-0.67,1.11,0.12,-0.29216,-0.11587,-0.24776,0.91642,-0.67,1.13,0.15,0.44011,-0.27786,-0.1784,0.83503,-0.68,1.11,0.16,0.81617,-0.36508,-0.01349,0.44766,-0.69,1.1,0.15,0.81617,-0.36508,-0.01349,0.44766,-0.81,1.08,0.19
-0.79,1.45,-0.16,-0.79,1.45,-0.16,-0.85,1.09,0.11,0.34522,-0.06816,-0.18988,-0.91658,-0.86,1.06,0.06,0.34522,-0.06816,-0.18988,-0.91658,-0.82,1.08,0.09,0.44305,-0.16225,0.50216,-0.72472,-0.8,1.09,0.11,0.21004,-0.00774,0.44907,-0.86842,-0.8,1.1,0.14,0.06116,0.03184,0.52151,-0.85045,-0.8,1.11,0.16,0.06116,0.03184,0.52151,-0.85045,-0.84,1.08,0.09,0.34522,-0.06816,-0.18988,-0.91658,-0.83,1.12,0.13,0.01203,-0.11746,-0.1151,-0.98631,-0.83,1.12,0.17,-0.4038,-0.15928,-0.08067,-0.89726,-0.82,1.1,0.18,-0.55704,-0.1434,-0.05802,-0.81595,-0.81,1.09,0.19,-0.55704,-0.1434,-0.05802,-0.81595,-0.85,1.07,0.09,0.34522,-0.06816,-0.18988,-0.91658,-0.86,1.12,0.13,0.09184,-0.0935,-0.18847,-0.9733,-0.85,1.13,0.17,-0.37004,-0.1726,-0.13625,-0.90262,-0.84,1.11,0.19,-0.57208,-0.18287,-0.1554,-0.78431,-0.83,1.09,0.2,-0.57208,-0.18287,-0.1554,-0.78431,-0.87,1.07,0.09,0.34522,-0.06816,-0.18988,-0.91658,-0.87,1.1,0.13,0.16989,-0.0659,-0.25012,-0.95091,-0.87,1.12,0.17,-0.32004,-0.20079,-0.22211,-0.89885,-0.86,1.1,0.19,-0.55062,-0.27473,-0.18351,-0.76659,-0.84,1.09,0.2,-0.55062,-0.27473,-0.18351,-0.76659,-0.87,1.06,0.1,0.27664,-0.0123,-0.42078,-0.86387,-0.88,1.09,0.13,0.21058,-0.05839,-0.32681,-0.91948,-0.89,1.1,0.16,-0.23002,-0.19325,-0.33816,-0.89185,-0.88,1.09,0.18,-0.42745,-0.31355,-0.28878,-0.79724,-0.86,1.08,0.19,-0.42745,-0.31355,-0.28878,-0.79724,-0.7,1.1,0.1,-0.44044,-0.13829,-0.10243,0.88113,-0.69,1.06,0.06,-0.44044,-0.13829,-0.10243,0.88113,-0.72,1.07,0.09,-0.40939,-0.15334,0.66312,0.60758,-0.75,1.08,0.11,-0.21695,0.05024,0.60997,0.76049,-0.75,1.1,0.14,-0.00836,0.17415,0.64562,0.74349,-0.75,1.1,0.16,-0.00836,0.17415,0.64562,0.74349,-0.71,1.08,0.08,-0.44044,-0.13829,-0.10243,0.88113,-0.72,1.13,0.11,-0.04246,-0.15655,0.01192,0.98669,-0.74,1.13,0.15,0.53101,-0.13153,0.07547,0.83369,-0.74,1.11,0.16,0.7405,-0.07942,0.10531,0.65899,-0.74,1.09,0.16,0.7405,-0.07942,0.10531,0.65899,-0.7,1.08,0.09,-0.44044,-0.13829,-0.10243,0.88113,-0.7,1.13,0.12,-0.02606,-0.15797,-0.05718,0.98544,-0.72,1.13,0.16,0.58923,-0.16338,0.03991,0.79027,-0.72,1.11,0.16,0.88205,-0.09652,0.03081,0.46013,-0.72,1.09,0.15,0.88205,-0.09652,0.03081,0.46013,-0.68,1.08,0.09,-0.44044,-0.13829,-0.10243,0.88113,-0.69,1.12,0.12,-0.12082,-0.1457,-0.13687,0.97234,-0.69,1.13,0.16,0.57159,-0.2246,-0.04032,0.78817,-0.71,1.11,0.16,0.89338,-0.22066,0.03981,0.38935,-0.71,1.09,0.15,0.89338,-0.22066,0.03981,0.38935,-0.67,1.08,0.09,-0.36723,-0.10328,-0.34086,0.85924,-0.67,1.11,0.13,-0.26936,-0.1138,-0.2483,0.9235,-0.67,1.12,0.15,0.45571,-0.27367,-0.1823,0.82716,-0.68,1.11,0.16,0.82239,-0.36352,-0.02152,0.43711,-0.69,1.09,0.15,0.82239,-0.36352,-0.02152,0.43711,-0.81,1.08,0.19
-0.79,1.45,-0.16,-0.79,1.45,-0.16,-0.86,1.09,0.11,0.35162,-0.06355,-0.18854,-0.91476,-0.86,1.05,0.06,0.35162,-0.06355,-0.18854,-0.91476,-0.83,1.07,0.09,0.43996,-0.15171,0.50869,-0.72433,-0.8,1.09,0.11,0.2098,0.00369,0.45216,-0.8669,-0.8,1.1,0.14,0.06132,0.04284,0.52295,-0.84908,-0.8,1.11,0.16,0.06132,0.04284,0.52295,-0.84908,-0.84,1.08,0.09,0.35162,-0.06355,-0.18854,-0.91476,-0.84,1.12,0.13,0.01787,-0.11129,-0.11634,-0.98679,-0.83,1.12,0.17,-0.40034,-0.15452,-0.08405,-0.89933,-0.82,1.1,0.18,-0.55439,-0.13935,-0.0622,-0.81815,-0.81,1.09,0.19,-0.55439,-0.13935,-0.0622,-0.81815,-0.85,1.07,0.09,0.35162,-0.06355,-0.18854,-0.91476,-0.86,1.12,0.13,0.08895,-0.09058,-0.18765,-0.974,-0.85,1.12,0.17,-0.37726,-0.17026,-0.13607,-0.9001,-0.84,1.11,0.19,-0.58167,-0.18048,-0.15522,-0.77781,-0.83,1.09,0.2,-0.58167,-0.18048,-0.15522,-0.77781,-0.87,1.07,0.09,0.35162,-0.06355,-0.18854,-0.91476,-0.87,1.1,0.13,0.1633,-0.06536,-0.24873,-0.95247,-0.87,1.12,0.17,-0.32896,-0.19995,-0.22083,-0.89612,-0.86,1.1,0.19,-0.56224,-0.27402,-0.18169,-0.7588,-0.84,1.09,0.2,-0.56224,-0.27402,-0.18169,-0.7588,-0.88,1.06,0.1,0.28401,-0.00939,-0.42009,-0.86184,-0.89,1.09,0.14,0.20586,-0.06108,-0.32535,-0.92089,-0.89,1.1,0.16,-0.23584,-0.19492,-0.33553,-0.89095,-0.88,1.09,0.18,-0.43747,-0.31595,-0.28456,-0.79235,-0.86,1.08,0.19,-0.43747,-0.31595,-0.28456,-0.79235,-0.7,1.1,0.1,-0.43792,-0.13168,-0.09922,0.88377,-0.69,1.06,0.06,-0.43792,-0.13168,-0.09922,0.88377,-0.72,1.07,0.09,-0.40366,-0.15399,0.66495,0.60925,-0.75,1.08,0.11,-0.22554,0.03878,0.61186,0.75714,-0.75,1.1,0.14,-0.03633,0.14807,0.65559,0.73956,-0.75,1.1,0.16,-0.03633,0.14807,0.65559,0.73956,-0.71,1.08,0.09,-0.43792,-0.13168,-0.09922,0.88377,-0.72,1.13,0.11,-0.12774,-0.14726,-0.00677,0.98079,-0.73,1.14,0.15,0.37082,-0.14119,0.04217,0.91694,-0.74,1.12,0.16,0.57254,-0.10158,0.06569,0.8109,-0.74,1.1,0.17,0.57254,-0.10158,0.06569,0.8109,-0.7,1.08,0.09,-0.43792,-0.13168,-0.09922,0.88377,-0.7,1.13,0.12,-0.04328,-0.14848,-0.06119,0.98607,-0.71,1.13,0.16,0.53707,-0.15995,0.02344,0.8279,-0.72,1.11,0.17,0.83248,-0.10853,0.01055,0.54322,-0.72,1.09,0.16,0.83248,-0.10853,0.01055,0.54322,-0.68,1.08,0.09,-0.43792,-0.13168,-0.09922,0.88377,-0.69,1.12,0.12,-0.11163,-0.13909,-0.13494,0.97467,-0.69,1.13,0.16,0.54878,-0.21675,-0.05137,0.80574,-0.7,1.11,0.17,0.86988,-0.22295,0.02135,0.43948,-0.71,1.09,0.15,0.86988,-0.22295,0.02135,0.43948,-0.67,1.08,0.09,-0.36655,-0.09592,-0.33807,0.86148,-0.67,1.11,0.13,-0.25685,-0.10943,-0.24541,0.92835,-0.67,1.12,0.15,0.44542,-0.26303,-0.18966,0.83453,-0.68,1.11,0.16,0.80365,-0.35881,-0.0428,0.47283,-0.69,1.09,0.15,0.80365,-0.35881,-0.0428,0.47283,-0.81,1.08,0.19
-0.79,1.45,-0.16,-0.79,1.45,-0.16,-0.86,1.09,0.11,0.35543,-0.06096,-0.18687,-0.9138,-0.86,1.05,0.06,0.35543,-0.06096,-0.18687,-0.9138,-0.83,1.07,0.09,0.43741,-0.1468,0.51375,-0.72332,-0.8,1.09,0.11,0.20958,0.00932,0.4556,-0.86511,-0.8,1.1,0.14,0.06209,0.04813,0.52558,-0.84711,-0.8,1.11,0.16,0.06209,0.04813,0.52558,-0.84711,-0.84,1.08,0.09,0.35543,-0.06096,-0.18687,-0.9138,-0.84,1.12,0.13,0.02012,-0.10793,-0.11579,-0.98719,-0.83,1.12,0.17,-0.4014,-0.15158,-0.08444,-0.89932,-0.82,1.11,0.18,-0.55627,-0.13659,-0.06291,-0.81728,-0.81,1.09,0.19,-0.55627,-0.13659,-0.06291,-0.81728,-0.85,1.07,0.09,0.35543,-0.06096,-0.18687,-0.9138,-0.86,1.12,0.13,0.08083,-0.09007,-0.18563,-0.97514,-0.85,1.12,0.17,-0.39132,-0.16971,-0.13336,-0.89458,-0.84,1.11,0.19,-0.59999,-0.17907,-0.15171,-0.76481,-0.83,1.09,0.2,-0.59999,-0.17907,-0.15171,-0.76481,-0.87,1.07,0.09,0.35543,-0.06096,-0.18687,-0.9138,-0.87,1.1,0.13,0.15406,-0.0663,-0.24668,-0.95447,-0.87,1.12,0.17,-0.34254,-0.20046,-0.21791,-0.89163,-0.86,1.1,0.19,-0.58011,-0.27436,-0.17737,-0.74614,-0.84,1.08,0.19,-0.58011,-0.27436,-0.17737,-0.74614,-0.88,1.06,0.1,0.28849,-0.00777,-0.41886,-0.86097,-0.89,1.09,0.14,0.20243,-0.06214,-0.32391,-0.92209,-0.89,1.1,0.16,-0.24158,-0.19571,-0.33343,-0.89004,-0.88,1.09,0.18,-0.4494,-0.31826,-0.28031,-0.78624,-0.86,1.08,0.19,-0.4494,-0.31826,-0.28031,-0.78624,-0.7,1.1,0.1,-0.42854,-0.13887,-0.09618,0.88759,-0.69,1.06,0.06,-0.42854,-0.13887,-0.09618,0.88759,-0.72,1.07,0.09,-0.41073,-0.17022,0.65889,0.60678,-0.75,1.08,0.11,-0.2391,0.01454,0.61031,0.75507,-0.76,1.09,0.14,-0.07614,0.10333,0.66533,0.73544,-0.76,1.1,0.16,-0.07614,0.10333,0.66533,0.73544,-0.71,1.08,0.09,-0.42854,-0.13887,-0.09618,0.88759,-0.73,1.13,0.12,-0.14259,-0.15401,-0.00566,0.97771,-0.74,1.14,0.15,0.285,-0.14997,0.03508,0.94607,-0.74,1.12,0.17,0.45951,-0.11451,0.05289,0.87917,-0.75,1.11,0.18,0.45951,-0.11451,0.05289,0.87917,-0.7,1.08,0.09,-0.42854,-0.13887,-0.09618,0.88759,-0.71,1.13,0.12,-0.09513,-0.14939,-0.06572,0.982,-0.72,1.14,0.16,0.41429,-0.16524,0.00594,0.895,-0.72,1.12,0.17,0.69261,-0.13589,-0.01186,0.7083,-0.73,1.09,0.18,0.69261,-0.13589,-0.01186,0.7083,-0.68,1.08,0.09,-0.42854,-0.13887,-0.09618,0.88759,-0.69,1.12,0.12,-0.15162,-0.13674,-0.13757,0.96922,-0.7,1.13,0.16,0.43625,-0.21343,-0.07196,0.87118,-0.71,1.11,0.17,0.75431,-0.23896,-0.01206,0.61137,-0.71,1.09,0.17,0.75431,-0.23896,-0.01206,0.61137,-0.67,1.08,0.1,-0.35634,-0.10035,-0.33447,0.86665,-0.67,1.11,0.13,-0.27388,-0.10639,-0.24296,0.92447,-0.67,1.12,0.15,0.38187,-0.2508,-0.20171,0.86636,-0.69,1.11,0.16,0.72243,-0.35318,-0.0811,0.58889,-0.7,1.09,0.16,0.72243,-0.35318,-0.0811,0.58889,-0.81,1.08,0.19
-0.79,1.45,-0.16,-0.79,1.45,-0.16,-0.85,1.09,0.11,0.34727,-0.06228,-0.18023,-0.91817,-0.86,1.05,0.06,0.34727,-0.06228,-0.18023,-0.91817,-0.83,1.07,0.09,0.42686,-0.15429,0.52112,-0.72279,-0.8,1.09,0.11,0.2008,0.00447,0.46525,-0.86209,-0.8,1.1,0.14,0.05451,0.04369,0.53521,-0.84183,-0.8,1.1,0.16,0.05451,0.04369,0.53521,-0.84183,-0.84,1.08,0.09,0.34727,-0.06228,-0.18023,-0.91817,-0.84,1.12,0.13,0.00695,-0.10806,-0.10805,-0.98823,-0.83,1.12,0.17,-0.4204,-0.14867,-0.07635,-0.89181,-0.82,1.1,0.18,-0.57663,-0.13243,-0.05429,-0.80437,-0.81,1.08,0.19,-0.57663,-0.13243,-0.05429,-0.80437,-0.85,1.07,0.09,0.34727,-0.06228,-0.18023,-0.91817,-0.86,1.12,0.13,0.05546,-0.0926,-0.17686,-0.9783,-0.85,1.12,0.17,-0.42465,-0.16876,-0.12275,-0.88098,-0.84,1.1,0.19,-0.64284,-0.17476,-0.13923,-0.73269,-0.83,1.08,0.19,-0.64284,-0.17476,-0.13923,-0.73269,-0.87,1.07,0.09,0.34727,-0.06228,-0.18023,-0.91817,-0.87,1.1,0.14,0.1301,-0.0692,-0.23862,-0.95987,-0.87,1.11,0.17,-0.37667,-0.20039,-0.20792,-0.88019,-0.86,1.1,0.19,-0.62538,-0.27301,-0.16406,-0.71235,-0.84,1.08,0.19,-0.62538,-0.27301,-0.16406,-0.71235,-0.88,1.06,0.1,0.28117,-0.00663,-0.41216,-0.86661,-0.89,1.09,0.14,0.1843,-0.06465,-0.31697,-0.92811,-0.89,1.1,0.16,-0.27438,-0.19826,-0.32376,-0.88351,-0.88,1.09,0.18,-0.5036,-0.32544,-0.26311,-0.75581,-0.86,1.08,0.19,-0.5036,-0.32544,-0.26311,-0.75581,-0.71,1.09,0.11,-0.38069,-0.18358,-0.09344,0.90147,-0.69,1.05,0.07,-0.38069,-0.18358,-0.09344,0.90147,-0.73,1.07,0.09,-0.43046,-0.21825,0.63173,0.60662,-0.75,1.07,0.11,-0.25955,-0.0459,0.59603,0.75847,-0.76,1.08,0.13,-0.12853,0.0184,0.66636,0.73424,-0.77,1.09,0.16,-0.12853,0.0184,0.66636,0.73424,-0.71,1.07,0.09,-0.38069,-0.18358,-0.09344,0.90147,-0.73,1.12,0.12,-0.04732,-0.20381,0.02795,0.97747,-0.75,1.12,0.15,0.31778,-0.1834,0.07511,0.92722,-0.75,1.1,0.17,0.44721,-0.1437,0.09201,0.87801,-0.76,1.09,0.18,0.44721,-0.1437,0.09201,0.87801,-0.7,1.07,0.09,-0.38069,-0.18358,-0.09344,0.90147,-0.71,1.12,0.13,-0.08674,-0.18897,-0.05391,0.97666,-0.73,1.13,0.16,0.35192,-0.19559,0.02172,0.91511,-0.74,1.11,0.18,0.56997,-0.1704,0.00381,0.80379,-0.74,1.09,0.19,0.56997,-0.1704,0.00381,0.80379,-0.68,1.07,0.1,-0.38069,-0.18358,-0.09344,0.90147,-0.69,1.11,0.13,-0.16072,-0.1673,-0.13194,0.96373,-0.7,1.12,0.17,0.36229,-0.23195,-0.06497,0.9004,-0.72,1.11,0.18,0.63944,-0.25943,-0.01381,0.72362,-0.73,1.09,0.18,0.63944,-0.25943,-0.01381,0.72362,-0.68,1.07,0.1,-0.3009,-0.13173,-0.32715,0.88605,-0.68,1.1,0.14,-0.2565,-0.1387,-0.23199,0.92798,-0.68,1.11,0.16,0.32088,-0.25244,-0.19274,0.89228,-0.69,1.1,0.17,0.62191,-0.34702,-0.09684,0.69529,-0.71,1.09,0.17,0.62191,-0.34702,-0.09684,0.69529,-0.81,1.08,0.19
-0.79,1.45,-0.16,-0.79,1.45,-0.16,-0.85,1.09,0.11,0.33329,-0.0665,-0.17312,-0.9244,-0.86,1.06,0.06,0.33329,-0.0665,-0.17312,-0.9244,-0.82,1.07,0.09,0.41677,-0.16809,0.52494,-0.72284,-0.8,1.09,0.11,0.18973,-0.00641,0.47344,-0.86013,-0.8,1.1,0.14,0.04635,0.03203,0.54437,-0.83695,-0.8,1.1,0.16,0.04635,0.03203,0.54437,-0.83695,-0.84,1.08,0.09,0.33329,-0.0665,-0.17312,-0.9244,-0.83,1.12,0.13,-0.011,-0.11267,-0.0975,-0.98878,-0.82,1.12,0.17,-0.44439,-0.14839,-0.0637,-0.88116,-0.82,1.1,0.18,-0.60227,-0.13002,-0.04038,-0.78659,-0.81,1.08,0.19,-0.60227,-0.13002,-0.04038,-0.78659,-0.85,1.07,0.09,0.33329,-0.0665,-0.17312,-0.9244,-0.85,1.11,0.13,0.02825,-0.09731,-0.16655,-0.98081,-0.85,1.12,0.18,-0.46504,-0.16948,-0.10858,-0.8621,-0.84,1.1,0.19,-0.69359,-0.17026,-0.1222,-0.68921,-0.83,1.07,0.19,-0.69359,-0.17026,-0.1222,-0.68921,-0.87,1.07,0.09,0.33329,-0.0665,-0.17312,-0.9244,-0.87,1.1,0.14,0.10497,-0.0731,-0.22952,-0.96486,-0.87,1.11,0.17,-0.41986,-0.20217,-0.1948,-0.86308,-0.85,1.09,0.19,-0.67988,-0.27194,-0.14623,-0.66516,-0.84,1.07,0.19,-0.67988,-0.27194,-0.14623,-0.66516,-0.88,1.06,0.1,0.26765,-0.00682,-0.40453,-0.87446,-0.88,1.08,0.14,0.16331,-0.06698,-0.30927,-0.93445,-0.88,1.1,0.16,-0.32503,-0.20496,-0.31065,-0.86939,-0.87,1.09,0.18,-0.57935,-0.33671,-0.23838,-0.70297,-0.86,1.07,0.18,-0.57935,-0.33671,-0.23838,-0.70297,-0.7,1.09,0.11,-0.37299,-0.19161,-0.1034,0.90193,-0.68,1.05,0.07,-0.37299,-0.19161,-0.1034,0.90193,-0.72,1.06,0.09,-0.44142,-0.2152,0.61626,0.61567,-0.75,1.07,0.11,-0.26974,-0.04965,0.57882,0.76795,-0.76,1.08,0.13,-0.15114,0.00179,0.65231,0.74273,-0.77,1.09,0.16,-0.15114,0.00179,0.65231,0.74273,-0.71,1.07,0.09,-0.37299,-0.19161,-0.1034,0.90193,-0.73,1.11,0.12,-0.01159,-0.21693,0.03108,0.97562,-0.75,1.11,0.15,0.35397,-0.19324,0.08345,0.91126,-0.75,1.1,0.17,0.47408,-0.15272,0.10146,0.86118,-0.76,1.08,0.18,0.47408,-0.15272,0.10146,0.86118,-0.7,1.07,0.09,-0.37299,-0.19161,-0.1034,0.90193,-0.71,1.12,0.13,-0.06572,-0.20361,-0.05535,0.97527,-0.73,1.12,0.17,0.38316,-0.20869,0.02975,0.89931,-0.74,1.1,0.18,0.60183,-0.17861,0.01598,0.77824,-0.74,1.08,0.19,0.60183,-0.17861,0.01598,0.77824,-0.68,1.07,0.1,-0.37299,-0.19161,-0.1034,0.90193,-0.69,1.11,0.13,-0.1368,-0.18249,-0.1342,0.96435,-0.7,1.12,0.17,0.39514,-0.24577,-0.05659,0.88332,-0.72,1.1,0.18,0.66827,-0.26839,-0.00113,0.69382,-0.73,1.08,0.18,0.66827,-0.26839,-0.00113,0.69382,-0.67,1.07,0.1,-0.29038,-0.13802,-0.33566,0.88542,-0.68,1.09,0.14,-0.23321,-0.15813,-0.23541,0.93016,-0.68,1.11,0.16,0.34514,-0.26888,-0.18401,0.88018,-0.69,1.1,0.18,0.64005,-0.35847,-0.08379,0.6744,-0.71,1.08,0.17,0.64005,-0.35847,-0.08379,0.6744,-0.81,1.08,0.19
-0.79,1.45,-0.16,-0.79,1.45,-0.16,-0.85,1.09,0.11,0.33333,-0.06924,-0.17141,-0.92451,-0.86,1.06,0.06,0.33333,-0.06924,-0.17141,-0.92451,-0.82,1.07,0.09,0.41913,-0.17016,0.52483,-0.72106,-0.8,1.09,0.11,0.1909,-0.00787,0.4741,-0.85949,-0.8,1.1,0.14,0.04893,0.02999,0.54538,-0.83622,-0.8,1.1,0.16,0.04893,0.02999,0.54538,-0.83622,-0.84,1.08,0.09,0.33333,-0.06924,-0.17141,-0.92451,-0.83,1.12,0.13,-0.0186,-0.11902,-0.09088,-0.98855,-0.82,1.12,0.17,-0.46911,-0.15212,-0.05187,-0.86839,-0.82,1.1,0.18,-0.63217,-0.13181,-0.02572,-0.7631,-0.81,1.08,0.18,-0.63217,-0.13181,-0.02572,-0.7631,-0.85,1.07,0.09,0.33333,-0.06924,-0.17141,-0.92451,-0.85,1.12,0.13,0.00759,-0.10481,-0.16039,-0.98144,-0.85,1.12,0.17,-0.5129,-0.176,-0.09352,-0.83499,-0.83,1.1,0.19,-0.75777,-0.1699,-0.10052,-0.62195,-0.83,1.07,0.18,-0.75777,-0.1699,-0.10052,-0.62195,-0.87,1.07,0.09,0.33333,-0.06924,-0.17141,-0.92451,-0.87,1.1,0.13,0.08348,-0.081,-0.22499,-0.96739,-0.87,1.11,0.17,-0.47478,-0.21274,-0.17938,-0.83495,-0.85,1.09,0.18,-0.74951,-0.27778,-0.11949,-0.58889,-0.84,1.07,0.18,-0.74951,-0.27778,-0.11949,-0.58889,-0.88,1.07,0.1,0.26736,-0.00943,-0.40285,-0.87529,-0.88,1.09,0.13,0.15284,-0.07137,-0.30752,-0.93647,-0.88,1.1,0.16,-0.37931,-0.22158,-0.29805,-0.84746,-0.87,1.09,0.18,-0.66095,-0.35769,-0.20541,-0.62691,-0.85,1.07,0.17,-0.66095,-0.35769,-0.20541,-0.62691,-0.7,1.09,0.11,-0.38635,-0.19001,-0.12292,0.89416,-0.68,1.05,0.07,-0.38635,-0.19001,-0.12292,0.89416,-0.72,1.07,0.09,-0.45551,-0.19057,0.60372,0.62588,-0.75,1.08,0.11,-0.28281,-0.03069,0.55865,0.77909,-0.76,1.09,0.13,-0.16665,0.01506,0.63214,0.75657,-0.76,1.1,0.16,-0.16665,0.01506,0.63214,0.75657,-0.71,1.07,0.09,-0.38635,-0.19001,-0.12292,0.89416,-0.73,1.12,0.12,-0.00932,-0.22287,0.01813,0.97464,-0.74,1.12,0.15,0.37668,-0.20172,0.07833,0.90071,-0.75,1.1,0.17,0.49551,-0.16167,0.09826,0.84775,-0.75,1.08,0.18,0.49551,-0.16167,0.09826,0.84775,-0.69,1.07,0.09,-0.38635,-0.19001,-0.12292,0.89416,-0.71,1.12,0.13,-0.03811,-0.21487,-0.06206,0.97392,-0.72,1.12,0.16,0.44418,-0.21997,0.03801,0.86768,-0.73,1.1,0.18,0.67133,-0.18101,0.03075,0.71805,-0.74,1.08,0.18,0.67133,-0.18101,0.03075,0.71805,-0.68,1.07,0.1,-0.38635,-0.19001,-0.12292,0.89416,-0.69,1.11,0.13,-0.09559,-0.19932,-0.13917,0.96528,-0.7,1.12,0.17,0.46459,-0.26245,-0.04324,0.84464,-0.71,1.1,0.18,0.73576,-0.27558,0.0207,0.6183,-0.72,1.08,0.17,0.73576,-0.27558,0.0207,0.6183,-0.67,1.07,0.1,-0.30104,-0.14069,-0.35486,0.87388,-0.67,1.09,0.14,-0.19715,-0.18044,-0.24581,0.93175,-0.68,1.11,0.16,0.39103,-0.29261,-0.17586,0.85472,-0.69,1.1,0.17,0.68198,-0.37681,-0.06485,0.62347,-0.71,1.08,0.17,0.68198,-0.37681,-0.06485,0.62347,-0.81,1.08,0.19
-0.79,1.45,-0.16,-0.79,1.45,-0.16,-0.85,1.1,0.11,0.34583,-0.05814,-0.17512,-0.91998,-0.86,1.06,0.06,0.34583,-0.05814,-0.17512,-0.91998,-0.82,1.08,0.09,0.42427,-0.15586,0.52361,-0.72217,-0.8,1.09,0.11,0.19559,0.00552,0.46843,-0.86156,-0.8,1.1,0.14,0.0535,0.04206,0.53849,-0.83988,-0.8,1.11,0.16,0.0535,0.04206,0.53849,-0.83988,-0.84,1.08,0.09,0.34583,-0.05814,-0.17512,-0.91998,-0.83,1.12,0.13,0.00259,-0.11021,-0.09832,-0.98903,-0.83,1.12,0.17,-0.44558,-0.14787,-0.06319,-0.88068,-0.82,1.1,0.18,-0.61283,-0.13004,-0.03816,-0.77851,-0.81,1.08,0.19,-0.61283,-0.13004,-0.03816,-0.77851,-0.85,1.08,0.09,0.34583,-0.05814,-0.17512,-0.91998,-0.86,1.12,0.13,0.04285,-0.09273,-0.16948,-0.98022,-0.85,1.12,0.17,-0.46386,-0.16869,-0.1111,-0.86258,-0.84,1.1,0.19,-0.71464,-0.17201,-0.12151,-0.66703,-0.83,1.08,0.19,-0.71464,-0.17201,-0.12151,-0.66703,-0.87,1.07,0.09,0.34583,-0.05814,-0.17512,-0.91998,-0.87,1.11,0.13,0.12343,-0.06547,-0.23399,-0.96215,-0.87,1.12,0.17,-0.42171,-0.20303,-0.19819,-0.8612,-0.86,1.1,0.19,-0.70347,-0.27688,-0.14159,-0.63908,-0.84,1.08,0.18,-0.70347,-0.27688,-0.14159,-0.63908,-0.88,1.07,0.1,0.28132,-0.00197,-0.40746,-0.86881,-0.89,1.09,0.13,0.18425,-0.05462,-0.31459,-0.92957,-0.89,1.1,0.16,-0.33891,-0.21072,-0.31465,-0.86124,-0.87,1.09,0.18,-0.62079,-0.35241,-0.2266,-0.66263,-0.86,1.08,0.18,-0.62079,-0.35241,-0.2266,-0.66263,-0.7,1.1,0.11,-0.40996,-0.18517,-0.14585,0.88112,-0.68,1.05,0.07,-0.40996,-0.18517,-0.14585,0.88112,-0.72,1.07,0.09,-0.46836,-0.16297,0.59484,0.63265,-0.74,1.08,0.11,-0.29344,-0.00606,0.5418,0.7876,-0.75,1.1,0.13,-0.16796,0.04354,0.61295,0.77084,-0.76,1.1,0.15,-0.16796,0.04354,0.61295,0.77084,-0.71,1.07,0.09,-0.40996,-0.18517,-0.14585,0.88112,-0.72,1.12,0.12,-0.02161,-0.22202,-0.00563,0.97479,-0.74,1.12,0.15,0.40697,-0.20771,0.06597,0.88706,-0.75,1.1,0.16,0.53543,-0.16799,0.09033,0.82276,-0.75,1.09,0.17,0.53543,-0.16799,0.09033,0.82276,-0.69,1.07,0.09,-0.40996,-0.18517,-0.14585,0.88112,-0.7,1.12,0.12,-0.04109,-0.21999,-0.08088,0.97128,-0.72,1.13,0.16,0.46076,-0.23299,0.0296,0.85589,-0.73,1.1,0.17,0.69939,-0.19257,0.02925,0.68769,-0.74,1.08,0.17,0.69939,-0.19257,0.02925,0.68769,-0.68,1.07,0.1,-0.40996,-0.18517,-0.14585,0.88112,-0.69,1.11,0.13,-0.09083,-0.20845,-0.15591,0.96125,-0.7,1.12,0.16,0.47611,-0.27954,-0.04893,0.83233,-0.71,1.1,0.17,0.75196,-0.29173,0.02512,0.59061,-0.72,1.08,0.17,0.75196,-0.29173,0.02512,0.59061,-0.67,1.07,0.1,-0.32192,-0.14315,-0.37776,0.85626,-0.67,1.1,0.14,-0.19457,-0.1924,-0.26464,0.92471,-0.68,1.11,0.16,0.39819,-0.31453,-0.18122,0.84242,-0.69,1.1,0.17,0.69044,-0.39885,-0.05756,0.60075,-0.7,1.08,0.17,0.69044,-0.39885,-0.05756,0.60075,-0.81,1.08,0.19
-0.79,1.45,-0.16,-0.79,1.45,-0.16,-0.85,1.09,0.11,0.31669,-0.04722,-0.16334,-0.93317,-0.86,1.06,0.06,0.31669,-0.04722,-0.16334,-0.93317,-0.82,1.08,0.09,0.39994,-0.17831,0.52496,-0.72984,-0.8,1.09,0.11,0.16677,-0.01217,0.47699,-0.86286,-0.8,1.1,0.14,0.03965,0.01441,0.54949,-0.83444,-0.79,1.1,0.17,0.03965,0.01441,0.54949,-0.83444,-0.84,1.08,0.09,0.31669,-0.04722,-0.16334,-0.93317,-0.83,1.12,0.14,0.01814,-0.09725,-0.09394,-0.99065,-0.83,1.12,0.17,-0.35665,-0.12878,-0.07622,-0.92217,-0.82,1.1,0.19,-0.52187,-0.11348,-0.05923,-0.84337,-0.81,1.09,0.2,-0.52187,-0.11348,-0.05923,-0.84337,-0.85,1.07,0.09,0.31669,-0.04722,-0.16334,-0.93317,-0.86,1.11,0.14,0.08404,-0.06689,-0.16631,-0.98021,-0.85,1.12,0.18,-0.31242,-0.12889,-0.13871,-0.93088,-0.84,1.11,0.2,-0.50758,-0.14321,-0.16978,-0.83248,-0.83,1.09,0.21,-0.50758,-0.14321,-0.16978,-0.83248,-0.87,1.07,0.09,0.31669,-0.04722,-0.16334,-0.93317,-0.87,1.1,0.14,0.17639,-0.02991,-0.22848,-0.95697,-0.87,1.12,0.17,-0.26234,-0.14642,-0.22893,-0.92592,-0.86,1.11,0.19,-0.49477,-0.2248,-0.20504,-0.81402,-0.85,1.09,0.21,-0.49477,-0.2248,-0.20504,-0.81402,-0.88,1.07,0.1,0.25678,0.01669,-0.3949,-0.88195,-0.89,1.09,0.14,0.21437,-0.01549,-0.30372,-0.9282,-0.89,1.1,0.16,-0.20974,-0.13863,-0.33914,-0.90652,-0.88,1.09,0.18,-0.41873,-0.26406,-0.30033,-0.81531,-0.87,1.08,0.19,-0.41873,-0.26406,-0.30033,-0.81531,-0.7,1.1,0.11,-0.41309,-0.18704,-0.15103,0.87839,-0.68,1.05,0.07,-0.41309,-0.18704,-0.15103,0.87839,-0.72,1.07,0.09,-0.46679,-0.16015,0.5964,0.63307,-0.74,1.08,0.11,-0.28622,0.00141,0.54298,0.78946,-0.75,1.1,0.13,-0.14594,0.06132,0.6108,0.7758,-0.76,1.1,0.16,-0.14594,0.06132,0.6108,0.7758,-0.71,1.07,0.09,-0.41309,-0.18704,-0.15103,0.87839,-0.72,1.12,0.12,-0.0199,-0.21725,-0.01775,0.97575,-0.74,1.12,0.15,0.4345,-0.20699,0.05909,0.87457,-0.75,1.1,0.16,0.58195,-0.16615,0.08913,0.79107,-0.75,1.08,0.17,0.58195,-0.16615,0.08913,0.79107,-0.69,1.07,0.09,-0.41309,-0.18704,-0.15103,0.87839,-0.7,1.12,0.12,-0.03448,-0.22253,-0.08474,0.97063,-0.72,1.13,0.16,0.47062,-0.23689,0.02881,0.84945,-0.73,1.1,0.17,0.70993,-0.19539,0.03042,0.67594,-0.74,1.08,0.17,0.70993,-0.19539,0.03042,0.67594,-0.68,1.07,0.1,-0.41309,-0.18704,-0.15103,0.87839,-0.69,1.11,0.13,-0.08337,-0.21332,-0.15822,0.96047,-0.7,1.12,0.16,0.48206,-0.28454,-0.04814,0.82725,-0.71,1.1,0.17,0.75721,-0.29561,0.02822,0.58176,-0.72,1.08,0.17,0.75721,-0.29561,0.02822,0.58176,-0.67,1.07,0.1,-0.32388,-0.14607,-0.38261,0.85286,-0.67,1.1,0.14,-0.18269,-0.20142,-0.26603,0.92482,-0.68,1.11,0.16,0.40866,-0.32167,-0.17697,0.83559,-0.69,1.1,0.17,0.70069,-0.40352,-0.04933,0.58632,-0.71,1.08,0.17,0.70069,-0.40352,-0.04933,0.58632,-0.81,1.08,0.19
-0.79,1.45,-0.16,-0.79,1.45,-0.16,-0.85,1.09,0.12,0.28581,-0.04784,-0.15768,-0.94401,-0.86,1.06,0.06,0.28581,-0.04784,-0.15768,-0.94401,-0.82,1.07,0.09,0.38796,-0.20483,0.51383,-0.73723,-0.8,1.09,0.11,0.14679,-0.03731,0.47478,-0.86698,-0.79,1.09,0.14,0.03599,-0.02198,0.55052,-0.83376,-0.79,1.09,0.17,0.03599,-0.02198,0.55052,-0.83376,-0.83,1.08,0.09,0.28581,-0.04784,-0.15768,-0.94401,-0.83,1.11,0.14,-0.00065,-0.0949,-0.09113,-0.99131,-0.83,1.11,0.17,-0.33499,-0.12175,-0.07989,-0.9309,-0.82,1.1,0.19,-0.48396,-0.1058,-0.06739,-0.86605,-0.81,1.08,0.2,-0.48396,-0.1058,-0.06739,-0.86605,-0.85,1.07,0.09,0.28581,-0.04784,-0.15768,-0.94401,-0.85,1.11,0.14,0.04804,-0.06615,-0.15981,-0.98376,-0.85,1.12,0.18,-0.30616,-0.11925,-0.13837,-0.93429,-0.84,1.1,0.2,-0.45062,-0.12669,-0.17444,-0.86629,-0.83,1.08,0.22,-0.45062,-0.12669,-0.17444,-0.86629,-0.87,1.07,0.09,0.28581,-0.04784,-0.15768,-0.94401,-0.87,1.1,0.14,0.14219,-0.02968,-0.2208,-0.96444,-0.87,1.11,0.18,-0.24848,-0.13016,-0.22881,-0.93218,-0.86,1.1,0.2,-0.43243,-0.19901,-0.21722,-0.85218,-0.85,1.08,0.21,-0.43243,-0.19901,-0.21722,-0.85218,-0.87,1.06,0.1,0.22735,0.02411,-0.38732,-0.89315,-0.88,1.08,0.14,0.19152,-0.01396,-0.29489,-0.93604,-0.89,1.09,0.16,-0.17489,-0.11091,-0.33702,-0.91844,-0.88,1.09,0.18,-0.3238,-0.21522,-0.31774,-0.8648,-0.87,1.08,0.2,-0.3238,-0.21522,-0.31774,-0.8648,-0.7,1.1,0.11,-0.41778,-0.19143,-0.15341,0.8748,-0.68,1.05,0.07,-0.41778,-0.19143,-0.15341,0.8748,-0.72,1.07,0.09,-0.46904,-0.16107,0.59805,0.62959,-0.74,1.08,0.11,-0.28306,0.00514,0.54541,0.78891,-0.75,1.1,0.13,-0.13389,0.07181,0.61098,0.77693,-0.76,1.1,0.16,-0.13389,0.07181,0.61098,0.77693,-0.71,1.07,0.09,-0.41778,-0.19143,-0.15341,0.8748,-0.72,1.12,0.12,-0.02801,-0.21227,-0.02981,0.97636,-0.74,1.12,0.15,0.43964,-0.20764,0.04905,0.87247,-0.75,1.11,0.16,0.60149,-0.16721,0.08298,0.77677,-0.75,1.09,0.17,0.60149,-0.16721,0.08298,0.77677,-0.69,1.07,0.09,-0.41778,-0.19143,-0.15341,0.8748,-0.7,1.12,0.12,-0.03802,-0.22469,-0.08808,0.9697,-0.72,1.13,0.16,0.46469,-0.24058,0.02638,0.85176,-0.73,1.11,0.17,0.70323,-0.20032,0.0287,0.68155,-0.74,1.08,0.17,0.70323,-0.20032,0.0287,0.68155,-0.68,1.07,0.1,-0.41778,-0.19143,-0.15341,0.8748,-0.69,1.11,0.13,-0.08806,-0.21768,-0.15988,0.9588,-0.7,1.12,0.16,0.46981,-0.28889,-0.04934,0.8327,-0.71,1.1,0.17,0.74513,-0.3009,0.0278,0.59453,-0.72,1.08,0.17,0.74513,-0.3009,0.0278,0.59453,-0.67,1.07,0.1,-0.32725,-0.15185,-0.38475,0.8496,-0.67,1.1,0.14,-0.18427,-0.20993,-0.26558,0.92274,-0.68,1.11,0.16,0.40091,-0.32737,-0.17355,0.83784,-0.69,1.1,0.17,0.69475,-0.40746,-0.0435,0.59111,-0.71,1.08,0.17,0.69475,-0.40746,-0.0435,0.59111,-0.81,1.08,0.19
-0.79,1.45,-0.16,-0.79,1.45,-0.16,-0.85,1.09,0.11,0.28875,-0.04608,-0.1608,-0.94268,-0.86,1.06,0.06,0.28875,-0.04608,-0.1608,-0.94268,-0.82,1.08,0.09,0.39884,-0.20146,0.50404,-0.73911,-0.8,1.09,0.11,0.1559,-0.03763,0.46392,-0.87124,-0.79,1.1,0.14,0.04734,-0.02428,0.54073,-0.83951,-0.79,1.1,0.16,0.04734,-0.02428,0.54073,-0.83951,-0.84,1.08,0.09,0.28875,-0.04608,-0.1608,-0.94268,-0.83,1.11,0.14,0.00332,-0.09098,-0.09655,-0.99116,-0.83,1.12,0.17,-0.33721,-0.12054,-0.08549,-0.92976,-0.82,1.1,0.19,-0.4848,-0.10536,-0.07322,-0.86516,-0.81,1.08,0.2,-0.4848,-0.10536,-0.07322,-0.86516,-0.85,1.07,0.09,0.28875,-0.04608,-0.1608,-0.94268,-0.86,1.11,0.14,0.03022,-0.06983,-0.16115,-0.98399,-0.85,1.12,0.18,-0.32658,-0.12347,-0.13784,-0.92688,-0.84,1.1,0.2,-0.46944,-0.12948,-0.17299,-0.85612,-0.83,1.08,0.21,-0.46944,-0.12948,-0.17299,-0.85612,-0.87,1.07,0.09,0.28875,-0.04608,-0.1608,-0.94268,-0.87,1.1,0.14,0.1284,-0.03437,-0.22278,-0.96576,-0.87,1.11,0.17,-0.26227,-0.13481,-0.22893,-0.9277,-0.86,1.1,0.2,-0.44354,-0.20293,-0.21695,-0.84559,-0.85,1.08,0.21,-0.44354,-0.20293,-0.21695,-0.84559,-0.88,1.07,0.1,0.23015,0.02497,-0.39051,-0.89102,-0.89,1.08,0.14,0.19161,-0.01683,-0.2975,-0.93515,-0.89,1.09,0.16,-0.17954,-0.11629,-0.33793,-0.91654,-0.88,1.09,0.18,-0.329,-0.22094,-0.31767,-0.86141,-0.87,1.08,0.2,-0.329,-0.22094,-0.31767,-0.86141,-0.7,1.1,0.11,-0.42217,-0.20349,-0.15614,0.86947,-0.68,1.05,0.07,-0.42217,-0.20349,-0.15614,0.86947,-0.72,1.07,0.09,-0.47747,-0.16493,0.59702,0.6232,-0.74,1.08,0.1,-0.2907,0.00155,0.54579,0.78588,-0.75,1.1,0.13,-0.1396,0.07105,0.61158,0.77552,-0.76,1.11,0.15,-0.1396,0.07105,0.61158,0.77552,-0.71,1.07,0.09,-0.42217,-0.20349,-0.15614,0.86947,-0.72,1.12,0.11,-0.04782,-0.21697,-0.03873,0.97424,-0.74,1.13,0.15,0.42766,-0.21615,0.04517,0.87655,-0.75,1.11,0.16,0.59841,-0.17574,0.08236,0.77733,-0.75,1.09,0.17,0.59841,-0.17574,0.08236,0.77733,-0.69,1.07,0.09,-0.42217,-0.20349,-0.15614,0.86947,-0.7,1.12,0.12,-0.04672,-0.23381,-0.0898,0.967,-0.72,1.13,0.16,0.44589,-0.24976,0.0267,0.85912,-0.73,1.11,0.17,0.6792,-0.21159,0.02958,0.70217,-0.74,1.08,0.17,0.6792,-0.21159,0.02958,0.70217,-0.68,1.07,0.1,-0.42217,-0.20349,-0.15614,0.86947,-0.69,1.11,0.13,-0.09504,-0.22914,-0.15977,0.95548,-0.7,1.12,0.16,0.44274,-0.29771,-0.04917,0.84436,-0.72,1.1,0.17,0.71411,-0.31131,0.02751,0.6264,-0.73,1.08,0.17,0.71411,-0.31131,0.02751,0.6264,-0.67,1.07,0.1,-0.32871,-0.16523,-0.38668,0.84565,-0.67,1.1,0.14,-0.1893,-0.2245,-0.26449,0.91859,-0.68,1.11,0.16,0.37872,-0.33613,-0.16991,0.84541,-0.7,1.1,0.17,0.66868,-0.41419,-0.04113,0.61614,-0.71,1.09,0.17,0.66868,-0.41419,-0.04113,0.61614,-0.81,1.08,0.19
-0.79,1.45,-0.16,-0.79,1.45,-0.16,-0.85,1.1,0.11,0.30825,-0.042,-0.17317,-0.93447,-0.86,1.06,0.06,0.30825,-0.042,-0.17317,-0.93447,-0.82,1.08,0.09,0.42139,-0.18423,0.49167,-0.73943,-0.8,1.09,0.11,0.18127,-0.02859,0.44563,-0.87621,-0.8,1.1,0.14,0.06868,-0.01322,0.52319,-0.84934,-0.79,1.11,0.16,0.06868,-0.01322,0.52319,-0.84934,-0.84,1.08,0.09,0.30825,-0.042,-0.17317,-0.93447,-0.84,1.12,0.13,0.02206,-0.08627,-0.11179,-0.98973,-0.83,1.12,0.17,-0.36064,-0.12627,-0.09569,-0.91915,-0.82,1.11,0.19,-0.5193,-0.11386,-0.07968,-0.84322,-0.82,1.09,0.2,-0.5193,-0.11386,-0.07968,-0.84322,-0.85,1.08,0.09,0.30825,-0.042,-0.17317,-0.93447,-0.86,1.12,0.14,0.02087,-0.07734,-0.17051,-0.9821,-0.85,1.12,0.18,-0.35074,-0.1362,-0.14153,-0.91564,-0.84,1.1,0.2,-0.51088,-0.14385,-0.17285,-0.82972,-0.83,1.08,0.21,-0.51088,-0.14385,-0.17285,-0.82972,-0.87,1.07,0.09,0.30825,-0.042,-0.17317,-0.93447,-0.87,1.1,0.14,0.12237,-0.04276,-0.23379,-0.96361,-0.87,1.11,0.17,-0.27469,-0.14845,-0.23467,-0.92057,-0.86,1.1,0.19,-0.46739,-0.21992,-0.21761,-0.82815,-0.85,1.09,0.21,-0.46739,-0.21992,-0.21761,-0.82815,-0.88,1.07,0.1,0.24829,0.0235,-0.40359,-0.88029,-0.89,1.09,0.13,0.20155,-0.02273,-0.31008,-0.92882,-0.89,1.1,0.16,-0.17942,-0.13122,-0.34616,-0.91146,-0.88,1.09,0.18,-0.34048,-0.24147,-0.31999,-0.85051,-0.87,1.08,0.2,-0.34048,-0.24147,-0.31999,-0.85051,-0.7,1.1,0.11,-0.4206,-0.21691,-0.16239,0.86584,-0.68,1.05,0.07,-0.4206,-0.21691,-0.16239,0.86584,-0.72,1.07,0.09,-0.48672,-0.17127,0.59014,0.62089,-0.75,1.08,0.1,-0.29785,-0.00622,0.54093,0.78654,-0.76,1.1,0.13,-0.14676,0.06366,0.60827,0.77744,-0.76,1.11,0.15,-0.14676,0.06366,0.60827,0.77744,-0.71,1.07,0.09,-0.4206,-0.21691,-0.16239,0.86584,-0.73,1.12,0.11,-0.08374,-0.22085,-0.0586,0.96994,-0.74,1.13,0.15,0.41203,-0.22927,0.03458,0.88118,-0.75,1.11,0.16,0.6005,-0.18957,0.07849,0.77286,-0.75,1.09,0.17,0.6005,-0.18957,0.07849,0.77286,-0.69,1.07,0.09,-0.4206,-0.21691,-0.16239,0.86584,-0.71,1.12,0.12,-0.0637,-0.24194,-0.10009,0.96301,-0.72,1.13,0.16,0.41342,-0.26253,0.01718,0.8717,-0.74,1.11,0.17,0.63505,-0.23073,0.0198,0.73694,-0.74,1.09,0.18,0.63505,-0.23073,0.0198,0.73694,-0.68,1.07,0.1,-0.4206,-0.21691,-0.16239,0.86584,-0.69,1.11,0.13,-0.1036,-0.24032,-0.16528,0.95089,-0.71,1.12,0.16,0.40617,-0.30901,-0.05668,0.85809,-0.72,1.11,0.18,0.66344,-0.32792,0.01666,0.67234,-0.73,1.09,0.17,0.66344,-0.32792,0.01666,0.67234,-0.67,1.07,0.11,-0.3236,-0.17851,-0.39151,0.84269,-0.68,1.1,0.14,-0.19008,-0.23934,-0.26689,0.91398,-0.69,1.11,0.16,0.34789,-0.34476,-0.17356,0.85439,-0.7,1.1,0.17,0.61849,-0.4232,-0.05456,0.65984,-0.71,1.09,0.17,0.61849,-0.4232,-0.05456,0.65984,-0.81,1.08,0.19
-0.8,1.45,-0.16,-0.8,1.45,-0.16,-0.85,1.1,0.11,0.31676,-0.04393,-0.16637,-0.93277,-0.86,1.06,0.06,0.31676,-0.04393,-0.16637,-0.93277,-0.82,1.08,0.09,0.42863,-0.18199,0.49634,-0.73266,-0.8,1.09,0.11,0.19192,-0.02663,0.44949,-0.87202,-0.8,1.1,0.14,0.07593,-0.00774,0.52679,-0.84656,-0.79,1.11,0.16,0.07593,-0.00774,0.52679,-0.84656,-0.84,1.08,0.09,0.31676,-0.04393,-0.16637,-0.93277,-0.84,1.12,0.13,0.03142,-0.08503,-0.10524,-0.99031,-0.83,1.12,0.17,-0.36721,-0.12432,-0.08805,-0.91758,-0.82,1.11,0.19,-0.53569,-0.11157,-0.07071,-0.83402,-0.82,1.09,0.2,-0.53569,-0.11157,-0.07071,-0.83402,-0.85,1.08,0.09,0.31676,-0.04393,-0.16637,-0.93277,-0.86,1.12,0.14,0.03652,-0.07802,-0.163,-0.98286,-0.85,1.12,0.18,-0.34133,-0.13491,-0.13363,-0.92056,-0.84,1.1,0.2,-0.50944,-0.14277,-0.16504,-0.83238,-0.83,1.08,0.21,-0.50944,-0.14277,-0.16504,-0.83238,-0.87,1.07,0.09,0.31676,-0.04393,-0.16637,-0.93277,-0.87,1.1,0.14,0.13225,-0.04668,-0.22582,-0.96402,-0.87,1.11,0.17,-0.26923,-0.14998,-0.22527,-0.92427,-0.86,1.1,0.19,-0.47085,-0.22106,-0.20659,-0.8287,-0.85,1.09,0.21,-0.47085,-0.22106,-0.20659,-0.8287,-0.88,1.07,0.1,0.25712,0.01975,-0.39782,-0.88048,-0.89,1.09,0.13,0.19609,-0.03227,-0.30321,-0.93197,-0.89,1.1,0.16,-0.19208,-0.13902,-0.33564,-0.91166,-0.88,1.09,0.18,-0.36089,-0.24958,-0.30692,-0.84455,-0.87,1.08,0.19,-0.36089,-0.24958,-0.30692,-0.84455,-0.7,1.09,0.11,-0.39001,-0.20415,-0.15076,0.88515,-0.68,1.05,0.07,-0.39001,-0.20415,-0.15076,0.88515,-0.72,1.07,0.09,-0.46245,-0.19042,0.5923,0.63171,-0.75,1.08,0.11,-0.27069,-0.02182,0.54861,0.79075,-0.76,1.09,0.14,-0.12694,0.04191,0.61824,0.77454,-0.76,1.1,0.16,-0.12694,0.04191,0.61824,0.77454,-0.71,1.07,0.09,-0.39001,-0.20415,-0.15076,0.88515,-0.73,1.12,0.12,-0.04761,-0.20267,-0.05303,0.97665,-0.74,1.12,0.16,0.46737,-0.20909,0.03517,0.85826,-0.75,1.1,0.17,0.66415,-0.16798,0.08002,0.72407,-0.75,1.08,0.17,0.66415,-0.16798,0.08002,0.72407,-0.69,1.07,0.1,-0.39001,-0.20415,-0.15076,0.88515,-0.71,1.12,0.13,-0.06578,-0.21714,-0.10544,0.9682,-0.72,1.12,0.17,0.35585,-0.24302,-0.01528,0.90227,-0.73,1.11,0.18,0.55441,-0.2255,-0.02353,0.80076,-0.74,1.09,0.19,0.55441,-0.2255,-0.02353,0.80076,-0.68,1.07,0.1,-0.39001,-0.20415,-0.15076,0.88515,-0.69,1.11,0.14,-0.11425,-0.21289,-0.16935,0.95548,-0.7,1.12,0.17,0.35334,-0.2844,-0.08781,0.88688,-0.72,1.1,0.19,0.59494,-0.31721,-0.02884,0.73796,-0.73,1.08,0.19,0.59494,-0.31721,-0.02884,0.73796,-0.67,1.07,0.11,-0.29791,-0.15691,-0.3802,0.86144,-0.67,1.09,0.14,-0.19021,-0.21066,-0.26403,0.92181,-0.68,1.11,0.17,0.32462,-0.31394,-0.19487,0.87068,-0.7,1.1,0.18,0.57445,-0.4002,-0.09832,0.70723,-0.71,1.08,0.18,0.57445,-0.4002,-0.09832,0.70723,-0.81,1.08,0.19
-0.79,1.45,-0.16,-0.79,1.45,-0.16,-0.85,1.09,0.11,0.32008,-0.04419,-0.16307,-0.93221,-0.86,1.06,0.06,0.32008,-0.04419,-0.16307,-0.93221,-0.82,1.08,0.09,0.43147,-0.18123,0.4983,-0.72985,-0.8,1.09,0.11,0.19517,-0.02543,0.45127,-0.87041,-0.8,1.1,0.14,0.07694,-0.00468,0.52829,-0.84556,-0.79,1.11,0.16,0.07694,-0.00468,0.52829,-0.84556,-0.84,1.08,0.09,0.32008,-0.04419,-0.16307,-0.93221,-0.84,1.12,0.13,0.03798,-0.08399,-0.10228,-0.99048,-0.83,1.12,0.17,-0.36828,-0.12302,-0.08477,-0.91763,-0.82,1.1,0.19,-0.5427,-0.11024,-0.06679,-0.82998,-0.82,1.09,0.2,-0.5427,-0.11024,-0.06679,-0.82998,-0.85,1.07,0.09,0.32008,-0.04419,-0.16307,-0.93221,-0.86,1.11,0.13,0.05895,-0.07562,-0.16056,-0.98236,-0.85,1.12,0.18,-0.32027,-0.13203,-0.13229,-0.92871,-0.84,1.11,0.2,-0.49004,-0.14103,-0.16459,-0.84432,-0.83,1.09,0.21,-0.49004,-0.14103,-0.16459,-0.84432,-0.87,1.07,0.09,0.32008,-0.04419,-0.16307,-0.93221,-0.87,1.1,0.13,0.13862,-0.04869,-0.2215,-0.96403,-0.87,1.11,0.17,-0.26438,-0.15052,-0.22033,-0.92677,-0.86,1.1,0.19,-0.46902,-0.22102,-0.20115,-0.83109,-0.85,1.09,0.21,-0.46902,-0.22102,-0.20115,-0.83109,-0.88,1.07,0.1,0.26074,0.01879,-0.39497,-0.88072,-0.89,1.09,0.13,0.18332,-0.04025,-0.29949,-0.93546,-0.89,1.1,0.16,-0.20846,-0.14492,-0.32874,-0.90966,-0.88,1.09,0.18,-0.37917,-0.25462,-0.29913,-0.8378,-0.87,1.08,0.19,-0.37917,-0.25462,-0.29913,-0.8378,-0.7,1.09,0.12,-0.37224,-0.19897,-0.14606,0.89471,-0.68,1.05,0.07,-0.37224,-0.19897,-0.14606,0.89471,-0.72,1.06,0.1,-0.46173,-0.20753,0.58043,0.63784,-0.75,1.07,0.11,-0.26809,-0.04244,0.54151,0.79567,-0.76,1.09,0.14,-0.14042,0.00859,0.61603,0.77506,-0.76,1.09,0.16,-0.14042,0.00859,0.61603,0.77506,-0.71,1.07,0.1,-0.37224,-0.19897,-0.14606,0.89471,-0.73,1.11,0.13,-0.02385,-0.19588,-0.04935,0.97909,-0.74,1.12,0.16,0.50727,-0.20002,0.03902,0.83734,-0.75,1.09,0.17,0.7109,-0.15666,0.08612,0.6802,-0.75,1.07,0.17,0.7109,-0.15666,0.08612,0.6802,-0.69,1.07,0.1,-0.37224,-0.19897,-0.14606,0.89471,-0.71,1.11,0.13,-0.07772,-0.20365,-0.1115,0.96956,-0.72,1.12,0.17,0.29175,-0.23165,-0.04001,0.92716,-0.73,1.11,0.19,0.46773,-0.22376,-0.05574,0.85326,-0.74,1.09,0.2,0.46773,-0.22376,-0.05574,0.85326,-0.68,1.07,0.11,-0.37224,-0.19897,-0.14606,0.89471,-0.69,1.1,0.14,-0.136,-0.1972,-0.17516,0.95495,-0.7,1.12,0.17,0.29238,-0.26975,-0.11127,0.9107,-0.72,1.1,0.19,0.51878,-0.31119,-0.06148,0.79388,-0.73,1.09,0.2,0.51878,-0.31119,-0.06148,0.79388,-0.67,1.06,0.11,-0.28227,-0.14679,-0.37523,0.87062,-0.67,1.09,0.15,-0.2069,-0.19168,-0.26588,0.92182,-0.68,1.1,0.17,0.28591,-0.29486,-0.21296,0.88654,-0.69,1.1,0.18,0.51706,-0.38523,-0.13124,0.75301,-0.71,1.08,0.19,0.51706,-0.38523,-0.13124,0.75301,-0.81,1.08,0.19
-0.79,1.45,-0.16,-0.79,1.45,-0.16,-0.85,1.09,0.11,0.31901,-0.05353,-0.14848,-0.93452,-0.86,1.06,0.06,0.31901,-0.05353,-0.14848,-0.93452,-0.82,1.07,0.09,0.42824,-0.18836,0.51117,-0.721,-0.8,1.09,0.11,0.196,-0.02911,0.46636,-0.86212,-0.79,1.1,0.14,0.07933,-0.00692,0.54309,-0.83589,-0.79,1.1,0.16,0.07933,-0.00692,0.54309,-0.83589,-0.84,1.08,0.09,0.31901,-0.05353,-0.14848,-0.93452,-0.83,1.12,0.13,0.0422,-0.09072,-0.08464,-0.99138,-0.83,1.12,0.17,-0.3691,-0.12242,-0.06539,-0.91897,-0.82,1.1,0.19,-0.54436,-0.10593,-0.04774,-0.83076,-0.81,1.08,0.2,-0.54436,-0.10593,-0.04774,-0.83076,-0.85,1.07,0.09,0.31901,-0.05353,-0.14848,-0.93452,-0.85,1.11,0.13,0.06956,-0.07992,-0.1445,-0.98382,-0.85,1.12,0.18,-0.3175,-0.13082,-0.11494,-0.93213,-0.84,1.11,0.2,-0.48905,-0.13701,-0.1479,-0.84863,-0.83,1.09,0.21,-0.48905,-0.13701,-0.1479,-0.84863,-0.87,1.07,0.09,0.31901,-0.05353,-0.14848,-0.93452,-0.87,1.1,0.13,0.14308,-0.05419,-0.20585,-0.96655,-0.87,1.11,0.17,-0.26721,-0.15056,-0.2031,-0.92988,-0.86,1.1,0.19,-0.47541,-0.2175,-0.18409,-0.83234,-0.85,1.09,0.2,-0.47541,-0.2175,-0.18409,-0.83234,-0.88,1.07,0.1,0.25978,0.01056,-0.38101,-0.88726,-0.89,1.09,0.13,0.18089,-0.04727,-0.28439,-0.9403,-0.89,1.1,0.16,-0.21951,-0.14739,-0.31164,-0.91267,-0.88,1.09,0.18,-0.39622,-0.25509,-0.28122,-0.83597,-0.86,1.08,0.19,-0.39622,-0.25509,-0.28122,-0.83597,-0.7,1.09,0.12,-0.36198,-0.21263,-0.15941,0.8935,-0.68,1.05,0.07,-0.36198,-0.21263,-0.15941,0.8935,-0.72,1.06,0.09,-0.47941,-0.21483,0.55478,0.64516,-0.75,1.08,0.11,-0.29262,-0.06547,0.51608,0.80234,-0.76,1.09,0.13,-0.19018,-0.03306,0.5968,0.77882,-0.77,1.1,0.16,-0.19018,-0.03306,0.5968,0.77882,-0.71,1.07,0.09,-0.36198,-0.21263,-0.15941,0.8935,-0.73,1.11,0.13,-0.0496,-0.20868,-0.06774,0.97437,-0.74,1.12,0.16,0.52491,-0.21949,0.04175,0.82131,-0.75,1.1,0.17,0.74942,-0.17149,0.10188,0.63134,-0.75,1.08,0.17,0.74942,-0.17149,0.10188,0.63134,-0.7,1.07,0.1,-0.36198,-0.21263,-0.15941,0.8935,-0.71,1.11,0.13,-0.0528,-0.22286,-0.11582,0.96651,-0.73,1.12,0.17,0.36637,-0.25243,-0.02238,0.89529,-0.74,1.1,0.19,0.56619,-0.23538,-0.02761,0.78947,-0.75,1.08,0.2,0.56619,-0.23538,-0.02761,0.78947,-0.68,1.07,0.11,-0.36198,-0.21263,-0.15941,0.8935,-0.69,1.1,0.14,-0.08726,-0.22043,-0.17515,0.95557,-0.71,1.11,0.18,0.38461,-0.29331,-0.08751,0.87085,-0.72,1.1,0.19,0.62107,-0.32461,-0.02641,0.71288,-0.73,1.08,0.19,0.62107,-0.32461,-0.02641,0.71288,-0.67,1.06,0.11,-0.26766,-0.1583,-0.38621,0.86841,-0.68,1.09,0.15,-0.16347,-0.21496,-0.27061,0.92403,-0.69,1.1,0.17,0.35948,-0.321,-0.19473,0.85429,-0.7,1.09,0.18,0.59873,-0.40578,-0.09947,0.68335,-0.72,1.08,0.18,0.59873,-0.40578,-0.09947,0.68335,-0.81,1.08,0.19
-0.8,1.45,-0.16,-0.8,1.45,-0.16,-0.85,1.09,0.11,0.32094,-0.0588,-0.14403,-0.93424,-0.86,1.06,0.06,0.32094,-0.0588,-0.14403,-0.93424,-0.82,1.07,0.09,0.42091,-0.18544,0.52373,-0.71705,-0.8,1.09,0.11,0.19077,-0.02201,0.47804,-0.85709,-0.79,1.1,0.14,0.07506,0.00021,0.55335,-0.82956,-0.79,1.1,0.16,0.07506,0.00021,0.55335,-0.82956,-0.84,1.08,0.09,0.32094,-0.0588,-0.14403,-0.93424,-0.83,1.11,0.13,0.04764,-0.09664,-0.07766,-0.99114,-0.82,1.12,0.17,-0.36605,-0.12523,-0.05632,-0.92041,-0.82,1.1,0.19,-0.54192,-0.10696,-0.03833,-0.83271,-0.81,1.08,0.2,-0.54192,-0.10696,-0.03833,-0.83271,-0.85,1.07,0.09,0.32094,-0.0588,-0.14403,-0.93424,-0.85,1.11,0.13,0.0778,-0.08342,-0.13922,-0.98367,-0.85,1.12,0.18,-0.31837,-0.13308,-0.10752,-0.9324,-0.84,1.11,0.2,-0.49286,-0.13811,-0.14005,-0.84758,-0.83,1.09,0.21,-0.49286,-0.13811,-0.14005,-0.84758,-0.87,1.07,0.09,0.32094,-0.0588,-0.14403,-0.93424,-0.87,1.1,0.14,0.1519,-0.05699,-0.20125,-0.96601,-0.87,1.11,0.17,-0.26787,-0.15336,-0.19641,-0.93067,-0.86,1.1,0.19,-0.47978,-0.2192,-0.17637,-0.83106,-0.85,1.09,0.2,-0.47978,-0.2192,-0.17637,-0.83106,-0.88,1.06,0.1,0.26119,0.00511,-0.37681,-0.88869,-0.88,1.09,0.13,0.18304,-0.05048,-0.28001,-0.94103,-0.89,1.1,0.16,-0.2253,-0.15107,-0.3056,-0.9127,-0.88,1.09,0.18,-0.4073,-0.25894,-0.27347,-0.83203,-0.86,1.08,0.19,-0.4073,-0.25894,-0.27347,-0.83203,-0.7,1.09,0.12,-0.35452,-0.21988,-0.17057,0.89268,-0.68,1.05,0.07,-0.35452,-0.21988,-0.17057,0.89268,-0.72,1.07,0.09,-0.48055,-0.21497,0.54569,0.65198,-0.75,1.08,0.11,-0.29936,-0.07303,0.50557,0.80589,-0.76,1.09,0.13,-0.20622,-0.04744,0.58799,0.7807,-0.77,1.1,0.15,-0.20622,-0.04744,0.58799,0.7807,-0.71,1.07,0.09,-0.35452,-0.21988,-0.17057,0.89268,-0.73,1.12,0.13,-0.12165,-0.20446,-0.10145,0.96597,-0.74,1.13,0.16,0.47768,-0.23684,0.01737,0.84583,-0.75,1.11,0.17,0.72795,-0.19401,0.08737,0.65178,-0.75,1.09,0.17,0.72795,-0.19401,0.08737,0.65178,-0.7,1.07,0.1,-0.35452,-0.21988,-0.17057,0.89268,-0.71,1.12,0.13,-0.05137,-0.22932,-0.12766,0.96358,-0.73,1.12,0.17,0.4285,-0.26473,-0.0118,0.86381,-0.74,1.1,0.18,0.65613,-0.23835,-0.00531,0.716,-0.75,1.08,0.19,0.65613,-0.23835,-0.00531,0.716,-0.68,1.07,0.11,-0.35452,-0.21988,-0.17057,0.89268,-0.69,1.11,0.14,-0.06381,-0.22967,-0.18184,0.954,-0.71,1.11,0.18,0.45565,-0.30786,-0.07211,0.83211,-0.72,1.09,0.19,0.70581,-0.32967,0.0026,0.62701,-0.73,1.07,0.18,0.70581,-0.32967,0.0026,0.62701,-0.67,1.07,0.11,-0.25738,-0.1641,-0.39566,0.86619,-0.68,1.09,0.15,-0.13868,-0.22588,-0.27746,0.92345,-0.69,1.1,0.17,0.41626,-0.33893,-0.18219,0.82381,-0.7,1.09,0.18,0.67155,-0.41957,-0.06763,0.60697,-0.72,1.07,0.18,0.67155,-0.41957,-0.06763,0.60697,-0.81,1.08,0.19
-0.8,1.45,-0.16,-0.8,1.45,-0.16,-0.85,1.09,0.11,0.32681,-0.06044,-0.14947,-0.93124,-0.86,1.06,0.06,0.32681,-0.06044,-0.14947,-0.93124,-0.82,1.07,0.09,0.41869,-0.17605,0.52828,-0.71737,-0.8,1.09,0.11,0.1871,-0.01015,0.47979,-0.85714,-0.8,1.1,0.14,0.07181,0.01091,0.55378,-0.82949,-0.79,1.1,0.16,0.07181,0.01091,0.55378,-0.82949,-0.84,1.08,0.09,0.32681,-0.06044,-0.14947,-0.93124,-0.83,1.11,0.13,0.05325,-0.0992,-0.08255,-0.99021,-0.83,1.12,0.17,-0.36172,-0.12978,-0.05952,-0.92129,-0.82,1.1,0.19,-0.53718,-0.11205,-0.04082,-0.835,-0.81,1.08,0.2,-0.53718,-0.11205,-0.04082,-0.835,-0.85,1.07,0.09,0.32681,-0.06044,-0.14947,-0.93124,-0.85,1.11,0.13,0.0827,-0.08673,-0.14396,-0.9823,-0.85,1.12,0.18,-0.32112,-0.13897,-0.10941,-0.93037,-0.84,1.11,0.2,-0.49902,-0.14443,-0.14046,-0.84285,-0.83,1.09,0.21,-0.49902,-0.14443,-0.14046,-0.84285,-0.87,1.07,0.09,0.32681,-0.06044,-0.14947,-0.93124,-0.87,1.1,0.14,0.15903,-0.05985,-0.20646,-0.96359,-0.87,1.11,0.17,-0.26951,-0.16028,-0.1984,-0.92861,-0.86,1.1,0.19,-0.48383,-0.22678,-0.17609,-0.82672,-0.85,1.09,0.2,-0.48383,-0.22678,-0.17609,-0.82672,-0.88,1.06,0.1,0.26582,0.00179,-0.38225,-0.885,-0.89,1.09,0.13,0.1893,-0.05288,-0.28542,-0.93803,-0.89,1.1,0.16,-0.22221,-0.15711,-0.30904,-0.91128,-0.88,1.09,0.18,-0.40633,-0.26628,-0.27465,-0.82979,-0.86,1.08,0.19,-0.40633,-0.26628,-0.27465,-0.82979,-0.7,1.1,0.11,-0.37105,-0.21014,-0.16238,0.88983,-0.68,1.05,0.07,-0.37105,-0.21014,-0.16238,0.88983,-0.72,1.07,0.09,-0.45981,-0.18511,0.57895,0.6474,-0.74,1.08,0.11,-0.28587,-0.0351,0.53092,0.79698,-0.76,1.1,0.14,-0.18934,-0.00832,0.60842,0.77065,-0.76,1.1,0.16,-0.18934,-0.00832,0.60842,0.77065,-0.71,1.07,0.09,-0.37105,-0.21014,-0.16238,0.88983,-0.73,1.12,0.12,-0.15774,-0.18516,-0.10496,0.96427,-0.74,1.13,0.16,0.42971,-0.22422,-0.00101,0.87468,-0.75,1.11,0.17,0.6854,-0.18871,0.06256,0.7005,-0.75,1.09,0.17,0.6854,-0.18871,0.06256,0.7005,-0.69,1.07,0.1,-0.37105,-0.21014,-0.16238,0.88983,-0.71,1.12,0.13,-0.07869,-0.21071,-0.13053,0.96559,-0.72,1.13,0.17,0.43082,-0.2508,-0.01613,0.86674,-0.73,1.11,0.18,0.66301,-0.2256,-0.01231,0.7137,-0.74,1.09,0.18,0.66301,-0.2256,-0.01231,0.7137,-0.68,1.07,0.1,-0.37105,-0.21014,-0.16238,0.88983,-0.69,1.11,0.14,-0.081,-0.21373,-0.18152,0.95646,-0.7,1.12,0.17,0.45633,-0.2961,-0.07529,0.83571,-0.72,1.1,0.18,0.71302,-0.31924,-0.00195,0.62424,-0.73,1.08,0.18,0.71302,-0.31924,-0.00195,0.62424,-0.67,1.07,0.11,-0.2766,-0.15834,-0.38965,0.86406,-0.67,1.09,0.14,-0.16345,-0.21138,-0.27543,0.92344,-0.68,1.11,0.17,0.39541,-0.32797,-0.18852,0.83699,-0.7,1.1,0.18,0.66224,-0.41253,-0.07302,0.62123,-0.71,1.08,0.18,0.66224,-0.41253,-0.07302,0.62123,-0.81,1.08,0.19
-0.8,1.45,-0.16,-0.8,1.45,-0.16,-0.85,1.09,0.11,0.32967,-0.05952,-0.15725,-0.929,-0.86,1.05,0.06,0.32967,-0.05952,-0.15725,-0.929,-0.82,1.07,0.09,0.41835,-0.16995,0.52642,-0.72041,-0.8,1.09,0.11,0.18232,-0.00254,0.47624,-0.8602,-0.8,1.1,0.14,0.0661,0.01769,0.54943,-0.83273,-0.8,1.1,0.16,0.0661,0.01769,0.54943,-0.83273,-0.84,1.08,0.09,0.32967,-0.05952,-0.15725,-0.929,-0.83,1.11,0.13,0.05564,-0.09799,-0.09182,-0.98938,-0.83,1.12,0.17,-0.35966,-0.1326,-0.06835,-0.92108,-0.82,1.1,0.19,-0.53432,-0.11649,-0.04914,-0.83578,-0.81,1.09,0.2,-0.53432,-0.11649,-0.04914,-0.83578,-0.85,1.07,0.09,0.32967,-0.05952,-0.15725,-0.929,-0.86,1.11,0.13,0.08536,-0.08664,-0.15246,-0.9808,-0.85,1.12,0.18,-0.32574,-0.1433,-0.11604,-0.92731,-0.84,1.11,0.2,-0.50688,-0.15004,-0.14569,-0.83626,-0.83,1.09,0.21,-0.50688,-0.15004,-0.14569,-0.83626,-0.87,1.07,0.09,0.32967,-0.05952,-0.15725,-0.929,-0.87,1.1,0.14,0.16336,-0.05958,-0.21464,-0.96109,-0.87,1.11,0.17,-0.27155,-0.16522,-0.20465,-0.92579,-0.86,1.1,0.19,-0.48829,-0.23354,-0.18029,-0.82129,-0.85,1.09,0.2,-0.48829,-0.23354,-0.18029,-0.82129,-0.88,1.06,0.1,0.26773,0.00163,-0.38974,-0.88115,-0.89,1.08,0.14,0.19182,-0.0538,-0.29296,-0.93514,-0.89,1.1,0.16,-0.22032,-0.16174,-0.31519,-0.90882,-0.88,1.09,0.18,-0.40748,-0.27324,-0.27843,-0.8257,-0.86,1.08,0.19,-0.40748,-0.27324,-0.27843,-0.8257,-0.7,1.1,0.1,-0.4263,-0.19395,-0.12963,0.87398,-0.68,1.05,0.06,-0.4263,-0.19395,-0.12963,0.87398,-0.72,1.07,0.09,-0.45015,-0.13653,0.63179,0.61609,-0.74,1.08,0.11,-0.28867,0.02649,0.57218,0.76719,-0.75,1.1,0.13,-0.17466,0.06907,0.63958,0.74543,-0.75,1.11,0.16,-0.17466,0.06907,0.63958,0.74543,-0.71,1.08,0.09,-0.4263,-0.19395,-0.12963,0.87398,-0.72,1.13,0.11,-0.15955,-0.16629,-0.06781,0.97072,-0.73,1.14,0.15,0.37435,-0.18825,0.00616,0.90796,-0.74,1.12,0.16,0.59339,-0.15504,0.04555,0.78853,-0.75,1.1,0.17,0.59339,-0.15504,0.04555,0.78853,-0.69,1.08,0.09,-0.4263,-0.19395,-0.12963,0.87398,-0.7,1.13,0.12,-0.08363,-0.19014,-0.09852,0.97321,-0.72,1.14,0.16,0.44064,-0.21676,0.00323,0.87111,-0.73,1.12,0.17,0.6699,-0.18722,-0.00349,0.71845,-0.73,1.09,0.17,0.6699,-0.18722,-0.00349,0.71845,-0.68,1.08,0.09,-0.4263,-0.19395,-0.12963,0.87398,-0.69,1.12,0.13,-0.10509,-0.19433,-0.15414,0.96303,-0.7,1.13,0.16,0.44763,-0.26659,-0.06032,0.85142,-0.71,1.11,0.17,0.71043,-0.28704,0.00239,0.64257,-0.72,1.09,0.17,0.71043,-0.28704,0.00239,0.64257,-0.67,1.07,0.1,-0.33832,-0.15573,-0.36271,0.85424,-0.67,1.11,0.13,-0.23134,-0.18726,-0.25537,0.91989,-0.68,1.12,0.16,0.33337,-0.30212,-0.18631,0.87343,-0.69,1.11,0.17,0.62086,-0.38941,-0.07588,0.67612,-0.7,1.1,0.17,0.62086,-0.38941,-0.07588,0.67612,-0.81,1.08,0.19
-0.8,1.45,-0.16,-0.8,1.45,-0.16,-0.85,1.09,0.11,0.32801,-0.0591,-0.15834,-0.92943,-0.86,1.05,0.06,0.32801,-0.0591,-0.15834,-0.92943,-0.83,1.07,0.09,0.41573,-0.17001,0.52674,-0.72168,-0.8,1.09,0.11,0.17864,-0.00177,0.47662,-0.86077,-0.8,1.1,0.14,0.06214,0.01829,0.54957,-0.83293,-0.8,1.1,0.16,0.06214,0.01829,0.54957,-0.83293,-0.84,1.08,0.09,0.32801,-0.0591,-0.15834,-0.92943,-0.83,1.11,0.13,0.05309,-0.09621,-0.0941,-0.98948,-0.83,1.12,0.17,-0.36293,-0.13192,-0.07103,-0.91969,-0.82,1.1,0.19,-0.53754,-0.11634,-0.05177,-0.83357,-0.81,1.08,0.2,-0.53754,-0.11634,-0.05177,-0.83357,-0.85,1.07,0.09,0.32801,-0.0591,-0.15834,-0.92943,-0.86,1.11,0.13,0.08437,-0.08439,-0.15486,-0.9807,-0.85,1.12,0.18,-0.32885,-0.14252,-0.11881,-0.92597,-0.84,1.1,0.2,-0.51312,-0.15002,-0.1482,-0.83201,-0.83,1.09,0.21,-0.51312,-0.15002,-0.1482,-0.83201,-0.87,1.07,0.09,0.32801,-0.0591,-0.15834,-0.92943,-0.87,1.1,0.14,0.16575,-0.05725,-0.21651,-0.9604,-0.87,1.11,0.17,-0.27378,-0.16506,-0.20655,-0.92474,-0.86,1.1,0.19,-0.49412,-0.23447,-0.18141,-0.81729,-0.85,1.09,0.2,-0.49412,-0.23447,-0.18141,-0.81729,-0.88,1.06,0.1,0.26605,0.00242,-0.39066,-0.88124,-0.89,1.08,0.14,0.19348,-0.05164,-0.29425,-0.93451,-0.89,1.1,0.16,-0.22273,-0.16188,-0.31667,-0.90769,-0.88,1.09,0.18,-0.4164,-0.27582,-0.278,-0.82052,-0.86,1.08,0.19,-0.4164,-0.27582,-0.278,-0.82052,-0.69,1.11,0.1,-0.48123,-0.16143,-0.10059,0.85571,-0.68,1.05,0.06,-0.48123,-0.16143,-0.10059,0.85571,-0.72,1.07,0.09,-0.4393,-0.09542,0.67044,0.59028,-0.74,1.09,0.11,-0.27734,0.0864,0.60057,0.74494,-0.75,1.1,0.13,-0.12959,0.15848,0.6505,0.73139,-0.74,1.11,0.16,-0.12959,0.15848,0.6505,0.73139,-0.71,1.08,0.08,-0.48123,-0.16143,-0.10059,0.85571,-0.72,1.13,0.11,-0.11712,-0.14574,-0.01822,0.9822,-0.73,1.14,0.14,0.39116,-0.14484,0.03303,0.90826,-0.74,1.12,0.16,0.57783,-0.10777,0.05623,0.80706,-0.74,1.1,0.16,0.57783,-0.10777,0.05623,0.80706,-0.69,1.08,0.09,-0.48123,-0.16143,-0.10059,0.85571,-0.7,1.13,0.11,-0.07669,-0.16027,-0.0706,0.98155,-0.71,1.14,0.15,0.45932,-0.17649,0.01299,0.87046,-0.72,1.12,0.16,0.70372,-0.14298,-0.00301,0.69593,-0.72,1.09,0.16,0.70372,-0.14298,-0.00301,0.69593,-0.67,1.08,0.09,-0.48123,-0.16143,-0.10059,0.85571,-0.68,1.12,0.12,-0.15953,-0.15984,-0.13904,0.96419,-0.69,1.14,0.15,0.43041,-0.23355,-0.05893,0.8699,-0.7,1.12,0.16,0.7222,-0.25468,-0.00041,0.64309,-0.71,1.1,0.16,0.7222,-0.25468,-0.00041,0.64309,-0.67,1.08,0.1,-0.40264,-0.13765,-0.33912,0.839,-0.67,1.11,0.12,-0.33947,-0.12776,-0.25173,0.89726,-0.67,1.13,0.15,0.27814,-0.27091,-0.20306,0.89889,-0.68,1.12,0.16,0.61254,-0.37069,-0.08433,0.69302,-0.69,1.11,0.16,0.61254,-0.37069,-0.08433,0.69302,-0.81,1.08,0.19
-0.8,1.45,-0.16,-0.8,1.45,-0.16,-0.85,1.09,0.11,0.32857,-0.05897,-0.15832,-0.92925,-0.86,1.05,0.06,0.32857,-0.05897,-0.15832,-0.92925,-0.83,1.07,0.09,0.41208,-0.16967,0.53041,-0.72116,-0.8,1.08,0.11,0.17476,0.00039,0.48023,-0.85955,-0.8,1.09,0.14,0.05564,0.02217,0.55236,-0.83145,-0.8,1.1,0.16,0.05564,0.02217,0.55236,-0.83145,-0.84,1.07,0.09,0.32857,-0.05897,-0.15832,-0.92925,-0.83,1.11,0.13,0.05257,-0.09443,-0.09512,-0.98958,-0.83,1.12,0.17,-0.36421,-0.13078,-0.07259,-0.91923,-0.82,1.1,0.19,-0.53886,-0.11553,-0.05345,-0.83272,-0.81,1.08,0.2,-0.53886,-0.11553,-0.05345,-0.83272,-0.85,1.07,0.09,0.32857,-0.05897,-0.15832,-0.92925,-0.86,1.11,0.13,0.08452,-0.08294,-0.15569,-0.98068,-0.85,1.12,0.18,-0.33069,-0.14179,-0.11986,-0.9253,-0.84,1.1,0.2,-0.5169,-0.14966,-0.14917,-0.82956,-0.83,1.09,0.21,-0.5169,-0.14966,-0.14917,-0.82956,-0.87,1.07,0.09,0.32857,-0.05897,-0.15832,-0.92925,-0.87,1.1,0.14,0.16796,-0.05589,-0.21706,-0.95997,-0.87,1.11,0.17,-0.27485,-0.16489,-0.20708,-0.92433,-0.86,1.1,0.19,-0.49779,-0.23488,-0.18142,-0.81494,-0.85,1.09,0.2,-0.49779,-0.23488,-0.18142,-0.81494,-0.88,1.06,0.1,0.26662,0.0024,-0.39068,-0.88106,-0.89,1.08,0.14,0.19598,-0.04965,-0.29475,-0.93394,-0.89,1.1,0.16,-0.22381,-0.16172,-0.31748,-0.90717,-0.88,1.09,0.18,-0.42216,-0.27735,-0.27747,-0.81723,-0.86,1.08,0.19,-0.42216,-0.27735,-0.27747,-0.81723,-0.7,1.1,0.1,-0.46698,-0.15502,-0.11017,0.86357,-0.68,1.05,0.06,-0.46698,-0.15502,-0.11017,0.86357,-0.72,1.07,0.09,-0.43879,-0.12362,0.65792,0.59943,-0.74,1.09,0.11,-0.25865,0.06677,0.59559,0.75757,-0.75,1.1,0.13,-0.09152,0.15344,0.64299,0.74474,-0.75,1.11,0.16,-0.09152,0.15344,0.64299,0.74474,-0.71,1.08,0.09,-0.46698,-0.15502,-0.11017,0.86357,-0.72,1.13,0.11,-0.08831,-0.1602,-0.00767,0.9831,-0.73,1.14,0.14,0.39892,-0.15234,0.04607,0.90307,-0.74,1.12,0.16,0.5726,-0.11313,0.06896,0.80906,-0.74,1.1,0.17,0.5726,-0.11313,0.06896,0.80906,-0.69,1.08,0.09,-0.46698,-0.15502,-0.11017,0.86357,-0.7,1.13,0.11,-0.05974,-0.16438,-0.07334,0.98185,-0.71,1.14,0.15,0.48316,-0.18105,0.01476,0.85648,-0.72,1.11,0.17,0.74774,-0.14225,0.00361,0.64857,-0.72,1.09,0.16,0.74774,-0.14225,0.00361,0.64857,-0.67,1.08,0.09,-0.46698,-0.15502,-0.11017,0.86357,-0.68,1.12,0.12,-0.1511,-0.15569,-0.14953,0.96466,-0.69,1.13,0.15,0.466,-0.23775,-0.06277,0.84993,-0.7,1.11,0.17,0.77384,-0.25614,0.00588,0.57925,-0.71,1.09,0.16,0.77384,-0.25614,0.00588,0.57925,-0.67,1.08,0.1,-0.38868,-0.12757,-0.34814,0.84347,-0.67,1.11,0.13,-0.33883,-0.10999,-0.26494,0.89605,-0.67,1.13,0.15,0.32619,-0.27584,-0.21142,0.8791,-0.68,1.12,0.16,0.68147,-0.38053,-0.07412,0.62072,-0.69,1.1,0.16,0.68147,-0.38053,-0.07412,0.62072,-0.81,1.08,0.19
-0.8,1.45,-0.16,-0.8,1.45,-0.16,-0.85,1.09,0.11,0.32928,-0.05881,-0.15936,-0.92883,-0.86,1.05,0.06,0.32928,-0.05881,-0.15936,-0.92883,-0.83,1.07,0.09,0.40958,-0.16901,0.53259,-0.72113,-0.8,1.08,0.11,0.17214,0.00212,0.48222,-0.85897,-0.8,1.09,0.14,0.05,0.02581,0.55363,-0.83086,-0.8,1.1,0.17,0.05,0.02581,0.55363,-0.83086,-0.84,1.07,0.09,0.32928,-0.05881,-0.15936,-0.92883,-0.83,1.11,0.13,0.05263,-0.09346,-0.09684,-0.9895,-0.83,1.12,0.17,-0.36539,-0.13072,-0.07436,-0.91863,-0.82,1.1,0.19,-0.54046,-0.11584,-0.05509,-0.83154,-0.82,1.08,0.2,-0.54046,-0.11584,-0.05509,-0.83154,-0.85,1.07,0.09,0.32928,-0.05881,-0.15936,-0.92883,-0.86,1.11,0.14,0.08509,-0.0824,-0.15714,-0.98045,-0.85,1.12,0.18,-0.33326,-0.14233,-0.12091,-0.92415,-0.84,1.1,0.2,-0.52155,-0.1505,-0.14985,-0.82637,-0.83,1.08,0.21,-0.52155,-0.1505,-0.14985,-0.82637,-0.87,1.07,0.09,0.32928,-0.05881,-0.15936,-0.92883,-0.87,1.1,0.14,0.16941,-0.05519,-0.21844,-0.95945,-0.87,1.11,0.17,-0.27634,-0.16559,-0.20811,-0.92353,-0.86,1.1,0.19,-0.50117,-0.23616,-0.18181,-0.8124,-0.85,1.08,0.2,-0.50117,-0.23616,-0.18181,-0.8124,-0.88,1.06,0.1,0.26721,0.00233,-0.3917,-0.88043,-0.89,1.08,0.14,0.19686,-0.04842,-0.29623,-0.93335,-0.89,1.1,0.16,-0.22461,-0.16195,-0.31907,-0.90638,-0.88,1.09,0.18,-0.42521,-0.27872,-0.27825,-0.81492,-0.86,1.08,0.19,-0.42521,-0.27872,-0.27825,-0.81492,-0.7,1.1,0.1,-0.45307,-0.156,-0.11605,0.87001,-0.68,1.05,0.06,-0.45307,-0.156,-0.11605,0.87001,-0.72,1.07,0.09,-0.44081,-0.14435,0.64707,0.6051,-0.74,1.08,0.11,-0.25392,0.04619,0.59087,0.76437,-0.75,1.1,0.13,-0.07776,0.14013,0.63958,0.75183,-0.75,1.11,0.16,-0.07776,0.14013,0.63958,0.75183,-0.71,1.08,0.09,-0.45307,-0.156,-0.11605,0.87001,-0.72,1.13,0.11,-0.07033,-0.16911,-0.00579,0.98307,-0.73,1.13,0.15,0.40682,-0.15925,0.05043,0.89811,-0.74,1.11,0.16,0.57742,-0.11915,0.07455,0.80426,-0.74,1.09,0.17,0.57742,-0.11915,0.07455,0.80426,-0.69,1.08,0.09,-0.45307,-0.156,-0.11605,0.87001,-0.7,1.13,0.12,-0.04522,-0.17127,-0.07314,0.98146,-0.71,1.13,0.16,0.50217,-0.18638,0.02013,0.84421,-0.72,1.11,0.17,0.77349,-0.14242,0.01251,0.61747,-0.73,1.09,0.16,0.77349,-0.14242,0.01251,0.61747,-0.68,1.08,0.09,-0.45307,-0.156,-0.11605,0.87001,-0.68,1.12,0.12,-0.14473,-0.15763,-0.15401,0.96462,-0.69,1.13,0.16,0.48601,-0.24266,-0.06133,0.83735,-0.7,1.11,0.17,0.79852,-0.25779,0.0132,0.54381,-0.71,1.09,0.16,0.79852,-0.25779,0.0132,0.54381,-0.67,1.07,0.1,-0.37407,-0.12484,-0.35319,0.84838,-0.67,1.11,0.13,-0.32804,-0.10752,-0.26992,0.89887,-0.67,1.13,0.15,0.35631,-0.28075,-0.21147,0.86574,-0.68,1.12,0.16,0.71845,-0.38538,-0.06356,0.57556,-0.69,1.1,0.16,0.71845,-0.38538,-0.06356,0.57556,-0.81,1.08,0.19
-0.8,1.45,-0.16,-0.8,1.45,-0.16,-0.85,1.09,0.11,0.33054,-0.06006,-0.1611,-0.928,-0.86,1.05,0.06,0.33054,-0.06006,-0.1611,-0.928,-0.83,1.07,0.09,0.40858,-0.16842,0.53399,-0.7208,-0.8,1.08,0.11,0.17132,0.00323,0.48344,-0.85844,-0.8,1.09,0.14,0.04796,0.02777,0.5545,-0.83034,-0.8,1.1,0.17,0.04796,0.02777,0.5545,-0.83034,-0.84,1.07,0.09,0.33054,-0.06006,-0.1611,-0.928,-0.83,1.11,0.13,0.05467,-0.09448,-0.09863,-0.98912,-0.83,1.12,0.17,-0.36456,-0.13253,-0.07538,-0.91861,-0.82,1.1,0.19,-0.54034,-0.11788,-0.05564,-0.83129,-0.81,1.08,0.2,-0.54034,-0.11788,-0.05564,-0.83129,-0.85,1.07,0.09,0.33054,-0.06006,-0.1611,-0.928,-0.86,1.11,0.14,0.08552,-0.0841,-0.15852,-0.98004,-0.85,1.12,0.18,-0.33512,-0.14477,-0.12109,-0.92308,-0.84,1.1,0.2,-0.52569,-0.15307,-0.14926,-0.82337,-0.83,1.08,0.21,-0.52569,-0.15307,-0.14926,-0.82337,-0.87,1.07,0.09,0.33054,-0.06006,-0.1611,-0.928,-0.87,1.1,0.14,0.17031,-0.05669,-0.22004,-0.95883,-0.87,1.11,0.17,-0.27734,-0.16812,-0.20852,-0.92268,-0.86,1.1,0.19,-0.50397,-0.23901,-0.18114,-0.80999,-0.85,1.08,0.2,-0.50397,-0.23901,-0.18114,-0.80999,-0.88,1.06,0.1,0.26794,0.00071,-0.39337,-0.87947,-0.89,1.08,0.14,0.19813,-0.04946,-0.29798,-0.93247,-0.89,1.09,0.16,-0.22477,-0.16426,-0.31997,-0.9056,-0.88,1.09,0.18,-0.42774,-0.28196,-0.27779,-0.81263,-0.86,1.08,0.19,-0.42774,-0.28196,-0.27779,-0.81263,-0.7,1.1,0.1,-0.43638,-0.16091,-0.11813,0.87734,-0.68,1.05,0.06,-0.43638,-0.16091,-0.11813,0.87734,-0.72,1.07,0.09,-0.43582,-0.1645,0.64239,0.60855,-0.74,1.08,0.11,-0.24677,0.02585,0.59235,0.76652,-0.75,1.1,0.13,-0.06571,0.12514,0.6431,0.75262,-0.75,1.1,0.16,-0.06571,0.12514,0.6431,0.75262,-0.71,1.08,0.09,-0.43638,-0.16091,-0.11813,0.87734,-0.72,1.13,0.11,-0.0518,-0.17618,-0.00411,0.98298,-0.74,1.13,0.15,0.42483,-0.16413,0.05544,0.88854,-0.74,1.11,0.16,0.59505,-0.12268,0.08131,0.79009,-0.74,1.09,0.17,0.59505,-0.12268,0.08131,0.79009,-0.69,1.08,0.09,-0.43638,-0.16091,-0.11813,0.87734,-0.7,1.13,0.12,-0.02762,-0.17722,-0.07133,0.98119,-0.72,1.13,0.16,0.52399,-0.18991,0.02649,0.82986,-0.72,1.11,0.17,0.79799,-0.14031,0.02162,0.58572,-0.73,1.08,0.16,0.79799,-0.14031,0.02162,0.58572,-0.68,1.08,0.09,-0.43638,-0.16091,-0.11813,0.87734,-0.68,1.12,0.12,-0.13206,-0.1611,-0.15425,0.96582,-0.7,1.13,0.16,0.50636,-0.24556,-0.05707,0.82465,-0.71,1.11,0.17,0.81952,-0.25658,0.02116,0.51196,-0.71,1.09,0.16,0.81952,-0.25658,0.02116,0.51196,-0.67,1.07,0.1,-0.35648,-0.12515,-0.35429,0.85542,-0.67,1.1,0.13,-0.31243,-0.10915,-0.27022,0.90413,-0.67,1.12,0.15,0.38251,-0.28319,-0.20793,0.85455,-0.68,1.11,0.16,0.74668,-0.38583,-0.05371,0.53918,-0.69,1.1,0.16,0.74668,-0.38583,-0.05371,0.53918,-0.81,1.08,0.19
-0.8,1.45,-0.16,-0.8,1.45,-0.16,-0.85,1.09,0.11,0.33903,-0.06472,-0.16823,-0.92335,-0.86,1.05,0.06,0.33903,-0.06472,-0.16823,-0.92335,-0.83,1.07,0.09,0.41346,-0.16484,0.53416,-0.71871,-0.8,1.08,0.11,0.17742,0.00589,0.48243,-0.85776,-0.8,1.09,0.14,0.05259,0.03168,0.55329,-0.83072,-0.8,1.1,0.17,0.05259,0.03168,0.55329,-0.83072,-0.84,1.07,0.09,0.33903,-0.06472,-0.16823,-0.92335,-0.83,1.11,0.13,0.06272,-0.10017,-0.10446,-0.98748,-0.83,1.12,0.17,-0.35979,-0.1406,-0.07775,-0.9191,-0.82,1.1,0.19,-0.5365,-0.12637,-0.05642,-0.83248,-0.81,1.09,0.2,-0.5365,-0.12637,-0.05642,-0.83248,-0.85,1.07,0.09,0.33903,-0.06472,-0.16823,-0.92335,-0.86,1.11,0.13,0.086,-0.09225,-0.16337,-0.97847,-0.85,1.12,0.18,-0.33974,-0.15494,-0.12111,-0.91973,-0.84,1.1,0.2,-0.53465,-0.1632,-0.14656,-0.81611,-0.83,1.08,0.21,-0.53465,-0.1632,-0.14656,-0.81611,-0.87,1.07,0.1,0.33903,-0.06472,-0.16823,-0.92335,-0.87,1.1,0.14,0.17076,-0.06508,-0.22584,-0.95687,-0.87,1.11,0.17,-0.28064,-0.17916,-0.20911,-0.91947,-0.86,1.1,0.19,-0.51065,-0.25037,-0.17793,-0.80305,-0.84,1.08,0.2,-0.51065,-0.25037,-0.17793,-0.80305,-0.88,1.06,0.1,0.27428,-0.00634,-0.40041,-0.8743,-0.89,1.08,0.14,0.20365,-0.05682,-0.30454,-0.92874,-0.89,1.09,0.16,-0.22449,-0.17609,-0.32181,-0.9028,-0.88,1.09,0.18,-0.43265,-0.29559,-0.27473,-0.8062,-0.86,1.08,0.19,-0.43265,-0.29559,-0.27473,-0.8062,-0.7,1.1,0.1,-0.42475,-0.16032,-0.1254,0.88214,-0.68,1.06,0.06,-0.42475,-0.16032,-0.1254,0.88214,-0.72,1.07,0.09,-0.4306,-0.17661,0.63597,0.61557,-0.75,1.08,0.1,-0.24138,0.01086,0.58937,0.77088,-0.75,1.1,0.13,-0.05841,0.11143,0.6426,0.7558,-0.75,1.1,0.16,-0.05841,0.11143,0.6426,0.7558,-0.71,1.08,0.09,-0.42475,-0.16032,-0.1254,0.88214,-0.72,1.13,0.11,-0.03989,-0.18043,-0.00946,0.98273,-0.74,1.13,0.15,0.4345,-0.17015,0.05253,0.8829,-0.74,1.11,0.16,0.60571,-0.12893,0.08037,0.78104,-0.74,1.09,0.17,0.60571,-0.12893,0.08037,0.78104,-0.69,1.08,0.09,-0.42475,-0.16032,-0.1254,0.88214,-0.7,1.13,0.12,-0.01887,-0.17989,-0.07772,0.98043,-0.72,1.13,0.16,0.53495,-0.19543,0.02361,0.82163,-0.72,1.11,0.17,0.81167,-0.14449,0.02228,0.56552,-0.73,1.08,0.16,0.81167,-0.14449,0.02228,0.56552,-0.68,1.08,0.09,-0.42475,-0.16032,-0.1254,0.88214,-0.69,1.12,0.13,-0.12997,-0.16021,-0.16246,0.96491,-0.7,1.13,0.16,0.51314,-0.25028,-0.06235,0.81863,-0.71,1.11,0.17,0.82872,-0.26187,0.02092,0.49417,-0.71,1.09,0.16,0.82872,-0.26187,0.02092,0.49417,-0.67,1.07,0.1,-0.34423,-0.12163,-0.3607,0.85826,-0.67,1.1,0.13,-0.30788,-0.10423,-0.27716,0.90417,-0.67,1.12,0.15,0.39162,-0.28518,-0.21458,0.84809,-0.68,1.11,0.16,0.75877,-0.39092,-0.05368,0.51824,-0.69,1.1,0.16,0.75877,-0.39092,-0.05368,0.51824,-0.81,1.08,0.19
-0.8,1.45,-0.16,-0.8,1.45,-0.16,-0.85,1.09,0.11,0.34154,-0.06689,-0.17529,-0.92095,-0.86,1.05,0.06,0.34154,-0.06689,-0.17529,-0.92095,-0.83,1.07,0.09,0.41396,-0.16337,0.53268,-0.71986,-0.8,1.08,0.11,0.17925,0.00588,0.48036,-0.85854,-0.8,1.09,0.14,0.05457,0.03143,0.55142,-0.83185,-0.8,1.1,0.17,0.05457,0.03143,0.55142,-0.83185,-0.84,1.07,0.09,0.34154,-0.06689,-0.17529,-0.92095,-0.83,1.11,0.13,0.05679,-0.10429,-0.11004,-0.98681,-0.83,1.12,0.17,-0.36815,-0.14681,-0.08057,-0.91456,-0.82,1.1,0.18,-0.54322,-0.13291,-0.05784,-0.82698,-0.81,1.08,0.19,-0.54322,-0.13291,-0.05784,-0.82698,-0.85,1.07,0.09,0.34154,-0.06689,-0.17529,-0.92095,-0.86,1.11,0.13,0.07435,-0.09884,-0.16805,-0.97799,-0.85,1.12,0.18,-0.35419,-0.16329,-0.12183,-0.91271,-0.84,1.1,0.19,-0.55034,-0.17081,-0.1449,-0.80434,-0.83,1.08,0.2,-0.55034,-0.17081,-0.1449,-0.80434,-0.87,1.07,0.1,0.34154,-0.06689,-0.17529,-0.92095,-0.87,1.1,0.14,0.15718,-0.07274,-0.23097,-0.95742,-0.87,1.11,0.17,-0.29789,-0.18878,-0.20955,-0.91198,-0.86,1.1,0.19,-0.52948,-0.25992,-0.1752,-0.78829,-0.84,1.08,0.2,-0.52948,-0.25992,-0.1752,-0.78829,-0.88,1.06,0.1,0.27531,-0.00942,-0.40706,-0.87087,-0.89,1.08,0.14,0.19833,-0.06368,-0.31062,-0.92743,-0.89,1.09,0.16,-0.23718,-0.18721,-0.32289,-0.89691,-0.88,1.09,0.18,-0.44973,-0.30834,-0.27139,-0.79311,-0.86,1.08,0.19,-0.44973,-0.30834,-0.27139,-0.79311,-0.7,1.1,0.11,-0.41047,-0.17316,-0.13469,0.88509,-0.68,1.06,0.06,-0.41047,-0.17316,-0.13469,0.88509,-0.72,1.08,0.09,-0.44128,-0.19854,0.61935,0.61828,-0.75,1.08,0.1,-0.25682,-0.02221,0.57854,0.77385,-0.76,1.1,0.13,-0.08652,0.06912,0.64134,0.75922,-0.76,1.1,0.16,-0.08652,0.06912,0.64134,0.75922,-0.71,1.08,0.09,-0.41047,-0.17316,-0.13469,0.88509,-0.73,1.13,0.12,-0.08991,-0.19832,-0.02471,0.97569,-0.74,1.13,0.15,0.33413,-0.19676,0.03647,0.92104,-0.75,1.12,0.17,0.50109,-0.16008,0.06401,0.84805,-0.75,1.1,0.18,0.50109,-0.16008,0.06401,0.84805,-0.7,1.08,0.09,-0.41047,-0.17316,-0.13469,0.88509,-0.7,1.13,0.12,-0.0521,-0.1923,-0.08889,0.97591,-0.72,1.13,0.16,0.44965,-0.2134,0.00772,0.8673,-0.73,1.11,0.17,0.71925,-0.17793,0.00674,0.67155,-0.74,1.09,0.17,0.71925,-0.17793,0.00674,0.67155,-0.68,1.08,0.09,-0.41047,-0.17316,-0.13469,0.88509,-0.69,1.12,0.13,-0.14851,-0.16787,-0.17329,0.95903,-0.7,1.13,0.16,0.45083,-0.2605,-0.0781,0.85017,-0.71,1.11,0.17,0.76233,-0.28328,0.00238,0.5819,-0.72,1.09,0.17,0.76233,-0.28328,0.00238,0.5819,-0.67,1.08,0.1,-0.32639,-0.13085,-0.36806,0.86074,-0.67,1.1,0.13,-0.31005,-0.11013,-0.28476,0.90036,-0.67,1.12,0.16,0.35982,-0.28821,-0.22413,0.85862,-0.69,1.11,0.17,0.7101,-0.39719,-0.07591,0.5764,-0.7,1.1,0.16,0.7101,-0.39719,-0.07591,0.5764,-0.81,1.08,0.19
-0.8,1.45,-0.16,-0.8,1.45,-0.16,-0.85,1.09,0.11,0.3401,-0.06747,-0.17534,-0.92143,-0.86,1.05,0.06,0.3401,-0.06747,-0.17534,-0.92143,-0.83,1.07,0.09,0.41014,-0.1642,0.53511,-0.72006,-0.8,1.08,0.11,0.17782,0.00487,0.48291,-0.85741,-0.8,1.09,0.14,0.05504,0.02947,0.55412,-0.8301,-0.8,1.1,0.17,0.05504,0.02947,0.55412,-0.8301,-0.84,1.07,0.09,0.3401,-0.06747,-0.17534,-0.92143,-0.83,1.11,0.13,0.04189,-0.10542,-0.10873,-0.98758,-0.83,1.12,0.17,-0.3831,-0.147,-0.07881,-0.90852,-0.82,1.1,0.18,-0.55484,-0.13248,-0.05598,-0.81943,-0.81,1.08,0.19,-0.55484,-0.13248,-0.05598,-0.81943,-0.85,1.07,0.09,0.3401,-0.06747,-0.17534,-0.92143,-0.86,1.11,0.13,0.06028,-0.1014,-0.16666,-0.97893,-0.85,1.12,0.18,-0.36845,-0.16496,-0.1193,-0.90708,-0.84,1.1,0.19,-0.56449,-0.17108,-0.14168,-0.79499,-0.83,1.08,0.2,-0.56449,-0.17108,-0.14168,-0.79499,-0.87,1.07,0.1,0.3401,-0.06747,-0.17534,-0.92143,-0.87,1.1,0.14,0.14056,-0.07703,-0.22945,-0.96003,-0.87,1.11,0.17,-0.31628,-0.19173,-0.20614,-0.90593,-0.86,1.1,0.19,-0.54848,-0.2618,-0.17086,-0.77553,-0.84,1.08,0.2,-0.54848,-0.2618,-0.17086,-0.77553,-0.88,1.06,0.1,0.27378,-0.00962,-0.407,-0.87138,-0.89,1.08,0.14,0.18888,-0.06812,-0.30984,-0.92935,-0.88,1.09,0.16,-0.25213,-0.19194,-0.31931,-0.8931,-0.87,1.09,0.18,-0.46835,-0.31336,-0.26564,-0.78223,-0.86,1.08,0.19,-0.46835,-0.31336,-0.26564,-0.78223,-0.71,1.1,0.11,-0.35818,-0.20678,-0.13183,0.90087,-0.69,1.06,0.07,-0.35818,-0.20678,-0.13183,0.90087,-0.73,1.07,0.09,-0.44888,-0.26086,0.59032,0.61804,-0.75,1.08,0.1,-0.26519,-0.09614,0.56682,0.77405,-0.77,1.09,0.13,-0.12689,-0.02661,0.64536,0.7528,-0.77,1.09,0.15,-0.12689,-0.02661,0.64536,0.7528,-0.72,1.08,0.09,-0.35818,-0.20678,-0.13183,0.90087,-0.73,1.12,0.12,-0.10868,-0.23267,-0.02772,0.96607,-0.75,1.13,0.15,0.26097,-0.23197,0.03525,0.9364,-0.76,1.12,0.17,0.41635,-0.19685,0.06341,0.88537,-0.77,1.1,0.18,0.41635,-0.19685,0.06341,0.88537,-0.7,1.08,0.09,-0.35818,-0.20678,-0.13183,0.90087,-0.71,1.12,0.13,-0.11035,-0.21074,-0.09897,0.96624,-0.73,1.13,0.17,0.29821,-0.2348,-0.01623,0.92503,-0.74,1.12,0.18,0.5162,-0.22117,-0.0249,0.82704,-0.75,1.1,0.19,0.5162,-0.22117,-0.0249,0.82704,-0.68,1.08,0.1,-0.35818,-0.20678,-0.13183,0.90087,-0.7,1.11,0.14,-0.17733,-0.17842,-0.17774,0.95138,-0.71,1.13,0.17,0.32314,-0.26363,-0.10271,0.90307,-0.72,1.11,0.19,0.59387,-0.30262,-0.04088,0.74436,-0.73,1.09,0.19,0.59387,-0.30262,-0.04088,0.74436,-0.68,1.07,0.1,-0.26893,-0.15031,-0.36061,0.88037,-0.68,1.1,0.14,-0.28402,-0.12934,-0.2764,0.90896,-0.68,1.12,0.16,0.3065,-0.27664,-0.22846,0.88167,-0.7,1.11,0.18,0.60569,-0.38265,-0.11887,0.68745,-0.71,1.09,0.18,0.60569,-0.38265,-0.11887,0.68745,-0.81,1.08,0.19
-0.8,1.45,-0.16,-0.8,1.45,-0.16,-0.85,1.09,0.11,0.34286,-0.06845,-0.16777,-0.92175,-0.86,1.05,0.06,0.34286,-0.06845,-0.16777,-0.92175,-0.83,1.07,0.09,0.40623,-0.16512,0.54493,-0.71468,-0.8,1.08,0.11,0.17878,0.0055,0.49294,-0.85148,-0.8,1.09,0.14,0.0564,0.03138,0.56358,-0.82354,-0.8,1.1,0.17,0.0564,0.03138,0.56358,-0.82354,-0.84,1.07,0.09,0.34286,-0.06845,-0.16777,-0.92175,-0.83,1.11,0.13,0.03635,-0.10512,-0.09981,-0.98877,-0.83,1.12,0.17,-0.39114,-0.14301,-0.07053,-0.90641,-0.82,1.1,0.18,-0.56143,-0.12683,-0.04852,-0.81631,-0.81,1.08,0.19,-0.56143,-0.12683,-0.04852,-0.81631,-0.85,1.07,0.09,0.34286,-0.06845,-0.16777,-0.92175,-0.86,1.11,0.13,0.05762,-0.10014,-0.15925,-0.98046,-0.85,1.12,0.18,-0.38464,-0.16221,-0.11086,-0.90191,-0.84,1.1,0.19,-0.58868,-0.16642,-0.1328,-0.77982,-0.83,1.08,0.2,-0.58868,-0.16642,-0.1328,-0.77982,-0.87,1.07,0.1,0.34286,-0.06845,-0.16777,-0.92175,-0.87,1.1,0.14,0.13584,-0.07721,-0.22197,-0.96245,-0.87,1.11,0.17,-0.3372,-0.19155,-0.19668,-0.90051,-0.86,1.1,0.19,-0.57911,-0.26029,-0.1593,-0.75598,-0.84,1.08,0.2,-0.57911,-0.26029,-0.1593,-0.75598,-0.88,1.06,0.1,0.27731,-0.01095,-0.40011,-0.87344,-0.89,1.08,0.14,0.18659,-0.06904,-0.30286,-0.93204,-0.88,1.1,0.16,-0.27762,-0.19689,-0.30901,-0.88807,-0.87,1.09,0.18,-0.5139,-0.32157,-0.24763,-0.75577,-0.86,1.08,0.19,-0.5139,-0.32157,-0.24763,-0.75577,-0.71,1.09,0.11,-0.33092,-0.21535,-0.12322,0.91046,-0.68,1.05,0.07,-0.33092,-0.21535,-0.12322,0.91046,-0.73,1.07,0.09,-0.44701,-0.28112,0.57786,0.62228,-0.75,1.07,0.1,-0.26401,-0.12159,0.5593,0.77634,-0.77,1.08,0.13,-0.14412,-0.06663,0.64192,0.75015,-0.78,1.09,0.15,-0.14412,-0.06663,0.64192,0.75015,-0.71,1.07,0.09,-0.33092,-0.21535,-0.12322,0.91046,-0.73,1.11,0.13,-0.09577,-0.23465,-0.0248,0.96703,-0.75,1.12,0.16,0.27116,-0.2325,0.03807,0.93326,-0.76,1.11,0.18,0.42149,-0.19707,0.06551,0.88273,-0.77,1.09,0.19,0.42149,-0.19707,0.06551,0.88273,-0.7,1.07,0.09,-0.33092,-0.21535,-0.12322,0.91046,-0.71,1.11,0.13,-0.09391,-0.21205,-0.09244,0.96833,-0.73,1.12,0.17,0.30732,-0.23304,-0.01148,0.92256,-0.74,1.11,0.19,0.49452,-0.21869,-0.02542,0.84082,-0.75,1.09,0.2,0.49452,-0.21869,-0.02542,0.84082,-0.68,1.07,0.1,-0.33092,-0.21535,-0.12322,0.91046,-0.7,1.1,0.14,-0.15535,-0.18115,-0.16798,0.95647,-0.71,1.12,0.17,0.32597,-0.25846,-0.09843,0.90402,-0.72,1.1,0.19,0.56637,-0.29638,-0.04791,0.76752,-0.73,1.09,0.2,0.56637,-0.29638,-0.04791,0.76752,-0.68,1.07,0.11,-0.2418,-0.15146,-0.35028,0.89213,-0.68,1.09,0.14,-0.26281,-0.13958,-0.26357,0.9176,-0.69,1.11,0.17,0.28936,-0.26663,-0.2229,0.89191,-0.7,1.1,0.18,0.55114,-0.36589,-0.13622,0.73744,-0.71,1.09,0.19,0.55114,-0.36589,-0.13622,0.73744,-0.81,1.08,0.19
-0.8,1.45,-0.16,-0.8,1.45,-0.16,-0.85,1.09,0.11,0.33831,-0.06685,-0.15181,-0.9263,-0.86,1.05,0.06,0.33831,-0.06685,-0.15181,-0.9263,-0.82,1.07,0.09,0.39575,-0.17052,0.55828,-0.70896,-0.8,1.08,0.11,0.17285,0.00368,0.508,-0.84383,-0.8,1.09,0.14,0.05049,0.03139,0.57774,-0.81406,-0.8,1.1,0.17,0.05049,0.03139,0.57774,-0.81406,-0.84,1.07,0.09,0.33831,-0.06685,-0.15181,-0.9263,-0.83,1.11,0.13,0.03026,-0.09995,-0.08412,-0.99097,-0.82,1.12,0.17,-0.40414,-0.13193,-0.05765,-0.90329,-0.82,1.1,0.18,-0.57422,-0.11341,-0.03749,-0.80994,-0.81,1.08,0.19,-0.57422,-0.11341,-0.03749,-0.80994,-0.85,1.07,0.09,0.33831,-0.06685,-0.15181,-0.9263,-0.85,1.11,0.13,0.04766,-0.09303,-0.14496,-0.9839,-0.85,1.12,0.18,-0.41956,-0.15207,-0.09719,-0.8896,-0.84,1.1,0.19,-0.6389,-0.15258,-0.11934,-0.7445,-0.83,1.08,0.2,-0.6389,-0.15258,-0.11934,-0.7445,-0.87,1.07,0.09,0.33831,-0.06685,-0.15181,-0.9263,-0.87,1.1,0.14,0.12082,-0.0722,-0.20696,-0.96817,-0.87,1.11,0.17,-0.38338,-0.1854,-0.1808,-0.88654,-0.85,1.09,0.19,-0.64129,-0.2514,-0.14128,-0.71104,-0.84,1.07,0.19,-0.64129,-0.2514,-0.14128,-0.71104,-0.88,1.06,0.1,0.27539,-0.00754,-0.38499,-0.88084,-0.88,1.08,0.14,0.17643,-0.06409,-0.28852,-0.93889,-0.88,1.1,0.16,-0.31886,-0.19439,-0.29396,-0.87984,-0.87,1.09,0.18,-0.58031,-0.32238,-0.22485,-0.71327,-0.86,1.07,0.18,-0.58031,-0.32238,-0.22485,-0.71327,-0.71,1.09,0.12,-0.32401,-0.21475,-0.11666,0.91394,-0.68,1.05,0.07,-0.32401,-0.21475,-0.11666,0.91394,-0.72,1.06,0.09,-0.44551,-0.28235,0.57649,0.62407,-0.75,1.07,0.1,-0.26335,-0.12401,0.55792,0.77717,-0.77,1.08,0.13,-0.15482,-0.07859,0.64073,0.74788,-0.77,1.08,0.15,-0.15482,-0.07859,0.64073,0.74788,-0.71,1.07,0.09,-0.32401,-0.21475,-0.11666,0.91394,-0.73,1.11,0.13,-0.09129,-0.22677,-0.02322,0.96938,-0.75,1.12,0.16,0.29446,-0.22372,0.04106,0.9282,-0.76,1.1,0.18,0.44932,-0.18725,0.06906,0.87079,-0.76,1.09,0.19,0.44932,-0.18725,0.06906,0.87079,-0.7,1.07,0.1,-0.32401,-0.21475,-0.11666,0.91394,-0.71,1.11,0.13,-0.0859,-0.20791,-0.08702,0.97048,-0.73,1.12,0.17,0.31923,-0.22699,-0.00729,0.92006,-0.74,1.1,0.19,0.49734,-0.21144,-0.02365,0.84106,-0.75,1.08,0.2,0.49734,-0.21144,-0.02365,0.84106,-0.68,1.07,0.1,-0.32401,-0.21475,-0.11666,0.91394,-0.7,1.1,0.14,-0.1439,-0.17934,-0.16052,0.95988,-0.71,1.12,0.17,0.33661,-0.25278,-0.09332,0.90227,-0.72,1.1,0.19,0.56659,-0.28924,-0.04767,0.7701,-0.73,1.08,0.2,0.56659,-0.28924,-0.04767,0.7701,-0.68,1.07,0.11,-0.23609,-0.14884,-0.34369,0.89665,-0.68,1.09,0.15,-0.25405,-0.1385,-0.25635,0.92226,-0.68,1.11,0.17,0.29608,-0.2604,-0.21839,0.89266,-0.7,1.1,0.18,0.54387,-0.35651,-0.1403,0.74661,-0.71,1.08,0.19,0.54387,-0.35651,-0.1403,0.74661,-0.81,1.08,0.19
-0.8,1.45,-0.16,-0.8,1.45,-0.16,-0.85,1.09,0.11,0.32942,-0.06039,-0.12306,-0.93418,-0.86,1.05,0.06,0.32942,-0.06039,-0.12306,-0.93418,-0.82,1.07,0.09,0.3863,-0.1785,0.57205,-0.7012,-0.8,1.08,0.11,0.1666,0.00037,0.52445,-0.83499,-0.8,1.09,0.14,0.04514,0.0296,0.59341,-0.80309,-0.79,1.09,0.17,0.04514,0.0296,0.59341,-0.80309,-0.83,1.07,0.09,0.32942,-0.06039,-0.12306,-0.93418,-0.83,1.11,0.13,0.02658,-0.08564,-0.05883,-0.99423,-0.82,1.12,0.17,-0.411,-0.10811,-0.04088,-0.90428,-0.82,1.1,0.19,-0.58049,-0.08668,-0.02548,-0.80924,-0.81,1.08,0.19,-0.58049,-0.08668,-0.02548,-0.80924,-0.85,1.07,0.09,0.32942,-0.06039,-0.12306,-0.93418,-0.85,1.11,0.13,0.03412,-0.07702,-0.12003,-0.98919,-0.85,1.12,0.18,-0.45266,-0.1278,-0.08008,-0.87884,-0.84,1.1,0.19,-0.67974,-0.12327,-0.10766,-0.71496,-0.83,1.07,0.19,-0.67974,-0.12327,-0.10766,-0.71496,-0.87,1.07,0.09,0.32942,-0.06039,-0.12306,-0.93418,-0.87,1.1,0.14,0.09456,-0.06027,-0.18015,-0.97723,-0.87,1.11,0.17,-0.42734,-0.16357,-0.16171,-0.87434,-0.85,1.09,0.19,-0.69181,-0.22488,-0.12801,-0.67413,-0.84,1.07,0.19,-0.69181,-0.22488,-0.12801,-0.67413,-0.87,1.06,0.1,0.27201,0.00219,-0.35766,-0.89336,-0.88,1.09,0.13,0.15763,-0.05431,-0.26203,-0.95055,-0.88,1.1,0.16,-0.35169,-0.17474,-0.27457,-0.87772,-0.87,1.09,0.18,-0.62156,-0.3,-0.21086,-0.69224,-0.86,1.07,0.18,-0.62156,-0.3,-0.21086,-0.69224,-0.7,1.09,0.12,-0.32079,-0.20549,-0.11243,0.91773,-0.68,1.05,0.07,-0.32079,-0.20549,-0.11243,0.91773,-0.72,1.06,0.09,-0.43883,-0.27916,0.57853,0.62833,-0.75,1.07,0.11,-0.25583,-0.11943,0.55905,0.77958,-0.77,1.08,0.13,-0.15113,-0.07835,0.64106,0.74837,-0.77,1.08,0.16,-0.15113,-0.07835,0.64106,0.74837,-0.71,1.07,0.09,-0.32079,-0.20549,-0.11243,0.91773,-0.73,1.11,0.13,-0.09541,-0.21368,-0.02541,0.9719,-0.75,1.12,0.16,0.32933,-0.21105,0.04274,0.91933,-0.76,1.1,0.18,0.49746,-0.17298,0.07303,0.84692,-0.76,1.08,0.19,0.49746,-0.17298,0.07303,0.84692,-0.7,1.07,0.1,-0.32079,-0.20549,-0.11243,0.91773,-0.71,1.11,0.14,-0.06747,-0.19944,-0.08173,0.97416,-0.73,1.12,0.17,0.35526,-0.21693,-0.00178,0.90925,-0.74,1.1,0.19,0.53615,-0.19804,-0.01886,0.82034,-0.75,1.08,0.2,0.53615,-0.19804,-0.01886,0.82034,-0.68,1.07,0.1,-0.32079,-0.20549,-0.11243,0.91773,-0.69,1.1,0.14,-0.11345,-0.17365,-0.15267,0.96626,-0.71,1.11,0.18,0.37347,-0.24351,-0.08802,0.89077,-0.72,1.1,0.19,0.60446,-0.27792,-0.04436,0.74527,-0.73,1.08,0.2,0.60446,-0.27792,-0.04436,0.74527,-0.67,1.07,0.11,-0.23541,-0.1386,-0.3401,0.89984,-0.68,1.09,0.15,-0.24396,-0.12682,-0.25277,0.92764,-0.68,1.1,0.17,0.32377,-0.25174,-0.21789,0.88562,-0.69,1.1,0.18,0.57472,-0.34888,-0.14097,0.72671,-0.71,1.08,0.19,0.57472,-0.34888,-0.14097,0.72671,-0.81,1.08,0.19
-0.8,1.45,-0.16,-0.8,1.45,-0.16,-0.85,1.09,0.11,0.32723,-0.04597,-0.11265,-0.93708,-0.86,1.06,0.06,0.32723,-0.04597,-0.11265,-0.93708,-0.82,1.07,0.09,0.38669,-0.17343,0.57005,-0.70388,-0.8,1.08,0.11,0.1666,0.0046,0.52079,-0.83726,-0.79,1.09,0.14,0.04989,0.0295,0.59014,-0.80522,-0.79,1.09,0.17,0.04989,0.0295,0.59014,-0.80522,-0.83,1.07,0.09,0.32723,-0.04597,-0.11265,-0.93708,-0.83,1.11,0.13,0.04203,-0.06899,-0.05443,-0.99524,-0.82,1.12,0.17,-0.38238,-0.09087,-0.04562,-0.91839,-0.82,1.1,0.19,-0.55233,-0.07071,-0.03462,-0.8299,-0.82,1.08,0.2,-0.55233,-0.07071,-0.03462,-0.8299,-0.85,1.07,0.09,0.32723,-0.04597,-0.11265,-0.93708,-0.85,1.11,0.13,0.04493,-0.05788,-0.11565,-0.99058,-0.85,1.12,0.18,-0.43062,-0.10784,-0.08714,-0.89182,-0.84,1.1,0.19,-0.65293,-0.10707,-0.12083,-0.74001,-0.83,1.07,0.2,-0.65293,-0.10707,-0.12083,-0.74001,-0.87,1.07,0.09,0.32723,-0.04597,-0.11265,-0.93708,-0.87,1.1,0.13,0.09572,-0.0426,-0.17388,-0.97918,-0.87,1.11,0.17,-0.41216,-0.14274,-0.16766,-0.88411,-0.86,1.09,0.19,-0.67268,-0.20686,-0.14192,-0.69611,-0.85,1.07,0.19,-0.67268,-0.20686,-0.14192,-0.69611,-0.87,1.07,0.1,0.27428,0.0172,-0.34815,-0.89625,-0.88,1.09,0.13,0.15723,-0.03929,-0.25395,-0.95354,-0.88,1.1,0.16,-0.33105,-0.15146,-0.27813,-0.88888,-0.88,1.09,0.18,-0.58874,-0.27526,-0.2271,-0.72529,-0.86,1.07,0.18,-0.58874,-0.27526,-0.2271,-0.72529,-0.7,1.09,0.12,-0.32345,-0.20161,-0.11715,0.91707,-0.68,1.05,0.07,-0.32345,-0.20161,-0.11715,0.91707,-0.72,1.07,0.09,-0.44395,-0.27508,0.57198,0.63252,-0.75,1.07,0.11,-0.25983,-0.11763,0.55106,0.78421,-0.77,1.08,0.13,-0.15918,-0.08086,0.63345,0.75291,-0.77,1.09,0.16,-0.15918,-0.08086,0.63345,0.75291,-0.71,1.07,0.09,-0.32345,-0.20161,-0.11715,0.91707,-0.73,1.11,0.13,-0.10235,-0.21052,-0.03224,0.97168,-0.75,1.12,0.16,0.32644,-0.21111,0.03608,0.92064,-0.76,1.1,0.18,0.4985,-0.17407,0.06721,0.84657,-0.76,1.08,0.19,0.4985,-0.17407,0.06721,0.84657,-0.7,1.07,0.1,-0.32345,-0.20161,-0.11715,0.91707,-0.71,1.11,0.14,-0.05981,-0.19939,-0.08423,0.97446,-0.73,1.12,0.18,0.36502,-0.21786,-0.00343,0.90514,-0.74,1.1,0.19,0.54832,-0.19849,-0.01965,0.81213,-0.75,1.08,0.2,0.54832,-0.19849,-0.01965,0.81213,-0.68,1.07,0.1,-0.32345,-0.20161,-0.11715,0.91707,-0.69,1.1,0.14,-0.10445,-0.17393,-0.15545,0.96679,-0.71,1.11,0.18,0.38664,-0.24519,-0.08917,0.88456,-0.72,1.1,0.19,0.62042,-0.27943,-0.04381,0.73149,-0.73,1.08,0.2,0.62042,-0.27943,-0.04381,0.73149,-0.67,1.07,0.11,-0.23814,-0.13557,-0.34498,0.89772,-0.68,1.09,0.15,-0.2442,-0.12197,-0.25822,0.92672,-0.68,1.1,0.17,0.33974,-0.25472,-0.22097,0.87799,-0.69,1.1,0.18,0.59578,-0.35368,-0.13998,0.70737,-0.71,1.08,0.19,0.59578,-0.35368,-0.13998,0.70737,-0.81,1.08,0.19
-0.8,1.45,-0.16,-0.8,1.45,-0.16,-0.85,1.09,0.11,0.31036,-0.04623,-0.10541,-0.94362,-0.85,1.06,0.06,0.31036,-0.04623,-0.10541,-0.94362,-0.82,1.07,0.09,0.38555,-0.18983,0.56173,-0.70695,-0.8,1.08,0.11,0.15945,-0.01105,0.51789,-0.84038,-0.79,1.09,0.14,0.05566,0.00442,0.58991,-0.80554,-0.79,1.09,0.17,0.05566,0.00442,0.58991,-0.80554,-0.83,1.07,0.09,0.31036,-0.04623,-0.10541,-0.94362,-0.83,1.11,0.14,0.05711,-0.0724,-0.04692,-0.99463,-0.82,1.12,0.17,-0.2976,-0.08805,-0.04422,-0.94959,-0.82,1.1,0.19,-0.45754,-0.0675,-0.03793,-0.88581,-0.81,1.09,0.21,-0.45754,-0.0675,-0.03793,-0.88581,-0.85,1.07,0.09,0.31036,-0.04623,-0.10541,-0.94362,-0.85,1.11,0.14,0.10555,-0.04699,-0.11279,-0.98688,-0.85,1.12,0.18,-0.29682,-0.08986,-0.09739,-0.9457,-0.84,1.11,0.2,-0.48482,-0.09666,-0.13862,-0.85813,-0.83,1.09,0.21,-0.48482,-0.09666,-0.13862,-0.85813,-0.87,1.07,0.09,0.31036,-0.04623,-0.10541,-0.94362,-0.87,1.1,0.14,0.1543,-0.0259,-0.16999,-0.97295,-0.87,1.11,0.17,-0.28407,-0.11527,-0.17977,-0.93472,-0.86,1.1,0.19,-0.51411,-0.18086,-0.16744,-0.82155,-0.85,1.08,0.21,-0.51411,-0.18086,-0.16744,-0.82155,-0.87,1.07,0.1,0.2588,0.02149,-0.34012,-0.90381,-0.88,1.09,0.13,0.18604,-0.02434,-0.24545,-0.95108,-0.88,1.1,0.16,-0.21955,-0.11189,-0.28585,-0.92605,-0.88,1.09,0.18,-0.41875,-0.22074,-0.25989,-0.84165,-0.86,1.08,0.19,-0.41875,-0.22074,-0.25989,-0.84165,-0.7,1.09,0.12,-0.31694,-0.19946,-0.11414,0.92018,-0.68,1.05,0.07,-0.31694,-0.19946,-0.11414,0.92018,-0.72,1.06,0.09,-0.4446,-0.27956,0.56607,0.63541,-0.75,1.07,0.11,-0.26064,-0.12457,0.54597,0.78642,-0.77,1.08,0.13,-0.16584,-0.09256,0.62914,0.75373,-0.78,1.09,0.16,-0.16584,-0.09256,0.62914,0.75373,-0.71,1.07,0.09,-0.31694,-0.19946,-0.11414,0.92018,-0.73,1.11,0.13,-0.09675,-0.20927,-0.02927,0.97262,-0.75,1.12,0.17,0.32679,-0.20878,0.03703,0.92101,-0.76,1.1,0.18,0.49833,-0.17162,0.06758,0.84714,-0.76,1.08,0.19,0.49833,-0.17162,0.06758,0.84714,-0.7,1.07,0.1,-0.31694,-0.19946,-0.11414,0.92018,-0.71,1.11,0.14,-0.05384,-0.19797,-0.08082,0.97539,-0.73,1.12,0.18,0.36694,-0.21504,-0.00188,0.90505,-0.74,1.1,0.19,0.55129,-0.19526,-0.01852,0.81093,-0.75,1.08,0.2,0.55129,-0.19526,-0.01852,0.81093,-0.68,1.07,0.11,-0.31694,-0.19946,-0.11414,0.92018,-0.69,1.1,0.14,-0.10023,-0.17122,-0.15259,0.96817,-0.71,1.11,0.18,0.39136,-0.24132,-0.088,0.88366,-0.72,1.09,0.19,0.62791,-0.27526,-0.04295,0.72671,-0.73,1.07,0.2,0.62791,-0.27526,-0.04295,0.72671,-0.67,1.07,0.11,-0.23264,-0.13166,-0.34183,0.90094,-0.68,1.09,0.15,-0.24053,-0.1163,-0.25545,0.92917,-0.68,1.1,0.17,0.34967,-0.24957,-0.22065,0.87565,-0.69,1.09,0.19,0.61151,-0.34974,-0.13867,0.69607,-0.71,1.08,0.19,0.61151,-0.34974,-0.13867,0.69607,-0.81,1.08,0.19
-0.8,1.45,-0.16,-0.8,1.45,-0.16,-0.85,1.09,0.12,0.2779,-0.05068,-0.09798,-0.95426,-0.85,1.06,0.06,0.2779,-0.05068,-0.09798,-0.95426,-0.82,1.07,0.09,0.38823,-0.21022,0.53792,-0.71814,-0.8,1.08,0.11,0.14981,-0.03365,0.50116,-0.85162,-0.79,1.09,0.14,0.05687,-0.02723,0.57625,-0.81484,-0.79,1.09,0.17,0.05687,-0.02723,0.57625,-0.81484,-0.83,1.07,0.09,0.2779,-0.05068,-0.09798,-0.95426,-0.83,1.11,0.14,0.03317,-0.08475,-0.03494,-0.99524,-0.82,1.11,0.18,-0.2684,-0.09302,-0.03401,-0.9582,-0.81,1.1,0.2,-0.40891,-0.07007,-0.02995,-0.90939,-0.81,1.08,0.21,-0.40891,-0.07007,-0.02995,-0.90939,-0.85,1.07,0.09,0.2779,-0.05068,-0.09798,-0.95426,-0.85,1.11,0.14,0.14609,-0.04132,-0.10769,-0.98252,-0.85,1.12,0.18,-0.18258,-0.07556,-0.10091,-0.97508,-0.84,1.11,0.21,-0.32337,-0.08417,-0.1457,-0.93119,-0.83,1.1,0.23,-0.32337,-0.08417,-0.1457,-0.93119,-0.87,1.07,0.09,0.2779,-0.05068,-0.09798,-0.95426,-0.87,1.1,0.14,0.2255,-0.00924,-0.16364,-0.96036,-0.87,1.11,0.17,-0.15801,-0.08996,-0.18423,-0.96592,-0.86,1.11,0.2,-0.35345,-0.15299,-0.17968,-0.9052,-0.85,1.09,0.22,-0.35345,-0.15299,-0.17968,-0.9052,-0.87,1.06,0.1,0.2273,0.02553,-0.33049,-0.91567,-0.88,1.08,0.14,0.23475,-0.00485,-0.23303,-0.9437,-0.88,1.1,0.16,-0.12172,-0.07846,-0.28517,-0.94747,-0.88,1.09,0.18,-0.29141,-0.17854,-0.26841,-0.90064,-0.87,1.08,0.2,-0.29141,-0.17854,-0.26841,-0.90064,-0.7,1.09,0.12,-0.31511,-0.19855,-0.1131,0.92114,-0.68,1.05,0.07,-0.31511,-0.19855,-0.1131,0.92114,-0.72,1.06,0.09,-0.44751,-0.27989,0.56158,0.6372,-0.75,1.07,0.11,-0.26494,-0.12784,0.54096,0.78792,-0.77,1.08,0.13,-0.17437,-0.0991,0.62465,0.75471,-0.78,1.09,0.16,-0.17437,-0.0991,0.62465,0.75471,-0.71,1.07,0.1,-0.31511,-0.19855,-0.1131,0.92114,-0.73,1.11,0.13,-0.09424,-0.21282,-0.02553,0.9722,-0.75,1.11,0.17,0.31688,-0.21089,0.03912,0.9239,-0.76,1.1,0.18,0.48682,-0.17356,0.06924,0.85328,-0.76,1.08,0.19,0.48682,-0.17356,0.06924,0.85328,-0.7,1.07,0.1,-0.31511,-0.19855,-0.1131,0.92114,-0.71,1.11,0.14,-0.06118,-0.19749,-0.08099,0.97504,-0.73,1.12,0.18,0.35209,-0.21475,-0.00411,0.91099,-0.74,1.1,0.2,0.53785,-0.19639,-0.02101,0.81958,-0.75,1.08,0.21,0.53785,-0.19639,-0.02101,0.81958,-0.68,1.07,0.11,-0.31511,-0.19855,-0.1131,0.92114,-0.69,1.1,0.15,-0.10956,-0.16926,-0.15319,0.96741,-0.71,1.11,0.18,0.38149,-0.24017,-0.08964,0.88812,-0.72,1.09,0.2,0.62077,-0.27492,-0.04431,0.73287,-0.73,1.07,0.2,0.62077,-0.27492,-0.04431,0.73287,-0.67,1.06,0.11,-0.23119,-0.13024,-0.34078,0.90192,-0.68,1.09,0.15,-0.24656,-0.11231,-0.25503,0.9282,-0.68,1.1,0.17,0.34304,-0.24639,-0.22279,0.87862,-0.69,1.09,0.19,0.61043,-0.34826,-0.13955,0.69758,-0.71,1.08,0.19,0.61043,-0.34826,-0.13955,0.69758,-0.81,1.08,0.19
-0.8,1.45,-0.16,-0.8,1.45,-0.16,-0.85,1.09,0.12,0.24718,-0.05924,-0.09821,-0.96216,-0.85,1.06,0.06,0.24718,-0.05924,-0.09821,-0.96216,-0.82,1.07,0.09,0.40766,-0.21328,0.49379,-0.7379,-0.8,1.08,0.11,0.15954,-0.05072,0.45804,-0.87302,-0.79,1.09,0.14,0.07,-0.04889,0.5371,-0.83918,-0.78,1.09,0.16,0.07,-0.04889,0.5371,-0.83918,-0.83,1.07,0.09,0.24718,-0.05924,-0.09821,-0.96216,-0.82,1.1,0.14,0.00022,-0.09368,-0.03367,-0.99503,-0.82,1.1,0.18,-0.3084,-0.10057,-0.02924,-0.94547,-0.81,1.09,0.2,-0.45001,-0.07657,-0.0226,-0.88945,-0.81,1.07,0.21,-0.45001,-0.07657,-0.0226,-0.88945,-0.85,1.07,0.09,0.24718,-0.05924,-0.09821,-0.96216,-0.85,1.1,0.14,0.10008,-0.0498,-0.10564,-0.9881,-0.84,1.11,0.18,-0.2485,-0.08434,-0.09453,-0.96031,-0.84,1.1,0.21,-0.39762,-0.08925,-0.13766,-0.90276,-0.83,1.08,0.22,-0.39762,-0.08925,-0.13766,-0.90276,-0.87,1.07,0.09,0.24718,-0.05924,-0.09821,-0.96216,-0.86,1.09,0.14,0.19511,-0.01663,-0.16171,-0.96722,-0.86,1.11,0.18,-0.2101,-0.09872,-0.17854,-0.95616,-0.86,1.1,0.2,-0.41117,-0.16068,-0.17279,-0.88049,-0.85,1.08,0.22,-0.41117,-0.16068,-0.17279,-0.88049,-0.87,1.06,0.1,0.19562,0.02471,-0.32787,-0.92392,-0.88,1.08,0.14,0.22809,-0.00521,-0.22991,-0.94609,-0.88,1.09,0.17,-0.14412,-0.08165,-0.28153,-0.94515,-0.88,1.09,0.18,-0.33302,-0.1864,-0.26212,-0.88637,-0.87,1.08,0.2,-0.33302,-0.1864,-0.26212,-0.88637,-0.7,1.09,0.12,-0.31818,-0.19599,-0.11587,0.92029,-0.68,1.05,0.07,-0.31818,-0.19599,-0.11587,0.92029,-0.72,1.06,0.09,-0.45497,-0.27597,0.55422,0.64007,-0.75,1.07,0.11,-0.27225,-0.12713,0.53207,0.79159,-0.77,1.08,0.13,-0.18184,-0.0989,0.61644,0.7597,-0.78,1.09,0.15,-0.18184,-0.0989,0.61644,0.7597,-0.71,1.07,0.09,-0.31818,-0.19599,-0.11587,0.92029,-0.73,1.11,0.13,-0.09147,-0.22534,-0.01843,0.9698,-0.75,1.12,0.17,0.30529,-0.22003,0.04752,0.92527,-0.76,1.1,0.18,0.47186,-0.18144,0.07803,0.85927,-0.76,1.08,0.19,0.47186,-0.18144,0.07803,0.85927,-0.7,1.07,0.1,-0.31818,-0.19599,-0.11587,0.92029,-0.71,1.11,0.14,-0.08889,-0.19649,-0.08774,0.97252,-0.73,1.12,0.18,0.31787,-0.21691,-0.01246,0.9229,-0.74,1.1,0.2,0.5071,-0.20237,-0.02918,0.83729,-0.75,1.08,0.21,0.5071,-0.20237,-0.02918,0.83729,-0.68,1.07,0.11,-0.31818,-0.19599,-0.11587,0.92029,-0.69,1.1,0.14,-0.14916,-0.16248,-0.16267,0.96171,-0.7,1.11,0.18,0.33933,-0.23999,-0.10151,0.90386,-0.72,1.1,0.2,0.58415,-0.27935,-0.05487,0.76008,-0.73,1.08,0.2,0.58415,-0.27935,-0.05487,0.76008,-0.67,1.06,0.11,-0.23432,-0.12856,-0.34377,0.90022,-0.68,1.09,0.15,-0.27,-0.10173,-0.26011,0.92146,-0.68,1.1,0.17,0.30997,-0.24041,-0.23481,0.88937,-0.69,1.1,0.19,0.58262,-0.34718,-0.15128,0.71912,-0.7,1.08,0.19,0.58262,-0.34718,-0.15128,0.71912,-0.81,1.08,0.19
-0.8,1.45,-0.16,-0.8,1.45,-0.16,-0.85,1.09,0.12,0.25938,-0.05754,-0.1059,-0.95823,-0.85,1.06,0.06,0.25938,-0.05754,-0.1059,-0.95823,-0.82,1.07,0.09,0.43446,-0.1905,0.47197,-0.7431,-0.8,1.09,0.11,0.19613,-0.04385,0.42744,-0.88142,-0.79,1.1,0.14,0.10819,-0.04281,0.50889,-0.85293,-0.78,1.1,0.16,0.10819,-0.04281,0.50889,-0.85293,-0.83,1.08,0.09,0.25938,-0.05754,-0.1059,-0.95823,-0.83,1.11,0.14,0.0097,-0.08877,-0.04346,-0.99506,-0.82,1.11,0.18,-0.33309,-0.10055,-0.0364,-0.93681,-0.81,1.09,0.2,-0.48159,-0.07778,-0.02803,-0.87249,-0.81,1.08,0.21,-0.48159,-0.07778,-0.02803,-0.87249,-0.85,1.07,0.09,0.25938,-0.05754,-0.1059,-0.95823,-0.85,1.11,0.14,0.0671,-0.05469,-0.11111,-0.99003,-0.84,1.11,0.18,-0.33856,-0.09626,-0.09232,-0.93144,-0.84,1.1,0.2,-0.51658,-0.09854,-0.13197,-0.84025,-0.83,1.08,0.22,-0.51658,-0.09854,-0.13197,-0.84025,-0.87,1.07,0.09,0.25938,-0.05754,-0.1059,-0.95823,-0.86,1.1,0.14,0.18046,-0.02086,-0.16923,-0.96869,-0.87,1.11,0.18,-0.30088,-0.11922,-0.17652,-0.92957,-0.86,1.1,0.2,-0.52973,-0.18348,-0.16361,-0.81176,-0.85,1.08,0.21,-0.52973,-0.18348,-0.16361,-0.81176,-0.87,1.07,0.1,0.20677,0.02314,-0.33625,-0.9185,-0.88,1.08,0.14,0.22767,-0.00976,-0.23837,-0.94406,-0.88,1.1,0.16,-0.22199,-0.11192,-0.28271,-0.92643,-0.88,1.09,0.18,-0.46419,-0.23186,-0.24737,-0.81828,-0.86,1.08,0.19,-0.46419,-0.23186,-0.24737,-0.81828,-0.71,1.09,0.12,-0.30583,-0.19997,-0.11021,0.9243,-0.68,1.05,0.07,-0.30583,-0.19997,-0.11021,0.9243,-0.72,1.06,0.09,-0.46098,-0.28336,0.54074,0.64405,-0.75,1.07,0.1,-0.27742,-0.1392,0.52006,0.79574,-0.77,1.08,0.13,-0.19057,-0.11355,0.60606,0.76386,-0.78,1.09,0.15,-0.19057,-0.11355,0.60606,0.76386,-0.71,1.07,0.09,-0.30583,-0.19997,-0.11021,0.9243,-0.73,1.11,0.13,-0.07607,-0.24609,-0.00044,0.96626,-0.75,1.11,0.16,0.29377,-0.23341,0.06595,0.92459,-0.76,1.1,0.18,0.45099,-0.19236,0.09608,0.86624,-0.77,1.08,0.19,0.45099,-0.19236,0.09608,0.86624,-0.7,1.07,0.1,-0.30583,-0.19997,-0.11021,0.9243,-0.71,1.11,0.14,-0.10364,-0.20006,-0.08478,0.97059,-0.73,1.12,0.18,0.29548,-0.21908,-0.01019,0.92983,-0.74,1.1,0.2,0.48513,-0.20552,-0.02699,0.84952,-0.75,1.08,0.21,0.48513,-0.20552,-0.02699,0.84952,-0.68,1.07,0.1,-0.30583,-0.19997,-0.11021,0.9243,-0.7,1.1,0.14,-0.16963,-0.15912,-0.16164,0.95905,-0.7,1.11,0.18,0.31575,-0.23693,-0.10286,0.91301,-0.72,1.1,0.2,0.56211,-0.27746,-0.05705,0.77704,-0.73,1.08,0.2,0.56211,-0.27746,-0.05705,0.77704,-0.68,1.06,0.11,-0.22226,-0.12919,-0.33731,0.90561,-0.68,1.09,0.15,-0.28102,-0.09175,-0.25559,0.92048,-0.68,1.1,0.17,0.28521,-0.22703,-0.23976,0.89979,-0.69,1.1,0.19,0.55954,-0.33617,-0.16061,0.74034,-0.71,1.08,0.19,0.55954,-0.33617,-0.16061,0.74034,-0.81,1.08,0.19
-0.8,1.45,-0.16,-0.8,1.45,-0.16,-0.85,1.09,0.11,0.28227,-0.05659,-0.12326,-0.9497,-0.85,1.06,0.06,0.28227,-0.05659,-0.12326,-0.9497,-0.82,1.08,0.09,0.45434,-0.17246,0.46298,-0.74127,-0.8,1.09,0.11,0.22959,-0.03736,0.41143,-0.88126,-0.79,1.1,0.14,0.14427,-0.0363,0.49441,-0.8564,-0.78,1.11,0.16,0.14427,-0.0363,0.49441,-0.8564,-0.83,1.08,0.09,0.28227,-0.05659,-0.12326,-0.9497,-0.83,1.11,0.14,0.03341,-0.08477,-0.06388,-0.99379,-0.82,1.12,0.18,-0.33016,-0.10558,-0.0546,-0.93641,-0.82,1.1,0.19,-0.4846,-0.08607,-0.04459,-0.86935,-0.81,1.08,0.21,-0.4846,-0.08607,-0.04459,-0.86935,-0.85,1.08,0.09,0.28227,-0.05659,-0.12326,-0.9497,-0.85,1.11,0.14,0.0585,-0.06198,-0.12659,-0.98829,-0.84,1.12,0.18,-0.37171,-0.11191,-0.10047,-0.91609,-0.84,1.1,0.2,-0.57202,-0.11575,-0.13516,-0.80071,-0.83,1.08,0.21,-0.57202,-0.11575,-0.13516,-0.80071,-0.87,1.07,0.09,0.28227,-0.05659,-0.12326,-0.9497,-0.87,1.1,0.14,0.16483,-0.02913,-0.18648,-0.9681,-0.87,1.11,0.18,-0.33759,-0.13854,-0.18501,-0.91248,-0.86,1.1,0.19,-0.58368,-0.20674,-0.16333,-0.76805,-0.84,1.08,0.2,-0.58368,-0.20674,-0.16333,-0.76805,-0.87,1.07,0.1,0.22684,0.01781,-0.35452,-0.90694,-0.88,1.09,0.14,0.22905,-0.01884,-0.25694,-0.9387,-0.88,1.1,0.16,-0.2507,-0.13807,-0.29177,-0.91267,-0.88,1.09,0.18,-0.5079,-0.26466,-0.2441,-0.78256,-0.86,1.08,0.19,-0.5079,-0.26466,-0.2441,-0.78256,-0.71,1.08,0.12,-0.26681,-0.19801,-0.08724,0.93914,-0.68,1.05,0.07,-0.26681,-0.19801,-0.08724,0.93914,-0.72,1.06,0.09,-0.45155,-0.30126,0.52286,0.65724,-0.75,1.07,0.1,-0.27355,-0.16688,0.50391,0.80212,-0.77,1.08,0.13,-0.20659,-0.15583,0.59082,0.76418,-0.78,1.08,0.15,-0.20659,-0.15583,0.59082,0.76418,-0.71,1.07,0.09,-0.26681,-0.19801,-0.08724,0.93914,-0.74,1.1,0.14,-0.02412,-0.26468,0.0369,0.96333,-0.75,1.1,0.17,0.29506,-0.24061,0.09521,0.91978,-0.76,1.09,0.18,0.43122,-0.19711,0.12135,0.87205,-0.77,1.07,0.2,0.43122,-0.19711,0.12135,0.87205,-0.7,1.07,0.1,-0.26681,-0.19801,-0.08724,0.93914,-0.72,1.1,0.14,-0.10971,-0.19187,-0.07033,0.97273,-0.73,1.11,0.18,0.26905,-0.20583,-0.00495,0.94086,-0.74,1.1,0.2,0.45233,-0.19343,-0.02596,0.87023,-0.75,1.08,0.21,0.45233,-0.19343,-0.02596,0.87023,-0.68,1.07,0.1,-0.26681,-0.19801,-0.08724,0.93914,-0.7,1.09,0.15,-0.18535,-0.14189,-0.14622,0.96132,-0.71,1.11,0.18,0.29145,-0.21401,-0.09981,0.92698,-0.72,1.1,0.2,0.53535,-0.2553,-0.06182,0.80274,-0.73,1.08,0.21,0.53535,-0.2553,-0.06182,0.80274,-0.68,1.06,0.11,-0.18785,-0.11672,-0.31271,0.92374,-0.68,1.08,0.15,-0.27126,-0.06935,-0.23069,0.93187,-0.68,1.1,0.17,0.26993,-0.18712,-0.2367,0.91439,-0.69,1.09,0.19,0.54314,-0.2969,-0.17283,0.76615,-0.7,1.07,0.2,0.54314,-0.2969,-0.17283,0.76615,-0.81,1.08,0.19
-0.8,1.45,-0.16,-0.8,1.45,-0.16,-0.85,1.1,0.11,0.28747,-0.05753,-0.13746,-0.94613,-0.86,1.06,0.06,0.28747,-0.05753,-0.13746,-0.94613,-0.82,1.08,0.09,0.45211,-0.17385,0.46383,-0.74178,-0.8,1.09,0.1,0.23158,-0.04035,0.41221,-0.88024,-0.79,1.11,0.13,0.14903,-0.04041,0.49552,-0.85476,-0.79,1.11,0.16,0.14903,-0.04041,0.49552,-0.85476,-0.83,1.08,0.09,0.28747,-0.05753,-0.13746,-0.94613,-0.83,1.12,0.14,0.04878,-0.08511,-0.08032,-0.99193,-0.82,1.12,0.17,-0.30125,-0.11118,-0.07139,-0.94435,-0.82,1.11,0.19,-0.45377,-0.09437,-0.06154,-0.88397,-0.81,1.09,0.21,-0.45377,-0.09437,-0.06154,-0.88397,-0.85,1.08,0.09,0.28747,-0.05753,-0.13746,-0.94613,-0.85,1.11,0.14,0.06992,-0.06375,-0.14155,-0.9854,-0.85,1.12,0.18,-0.34764,-0.11853,-0.11477,-0.923,-0.84,1.1,0.2,-0.54491,-0.12635,-0.14813,-0.81558,-0.83,1.08,0.21,-0.54491,-0.12635,-0.14813,-0.81558,-0.87,1.07,0.09,0.28747,-0.05753,-0.13746,-0.94613,-0.87,1.1,0.14,0.17254,-0.02813,-0.20185,-0.96369,-0.87,1.12,0.17,-0.31265,-0.14227,-0.20065,-0.91747,-0.86,1.1,0.19,-0.55483,-0.21441,-0.17775,-0.78396,-0.85,1.08,0.2,-0.55483,-0.21441,-0.17775,-0.78396,-0.87,1.07,0.1,0.22976,0.01506,-0.36824,-0.90077,-0.88,1.09,0.14,0.23397,-0.01964,-0.2712,-0.93345,-0.89,1.1,0.16,-0.23724,-0.14377,-0.30437,-0.91126,-0.88,1.09,0.18,-0.48295,-0.27066,-0.25696,-0.79213,-0.86,1.08,0.19,-0.48295,-0.27066,-0.25696,-0.79213,-0.71,1.08,0.12,-0.24693,-0.19317,-0.0771,0.94645,-0.68,1.06,0.07,-0.24693,-0.19317,-0.0771,0.94645,-0.72,1.06,0.09,-0.45918,-0.29634,0.49585,0.67489,-0.75,1.07,0.1,-0.29323,-0.17933,0.46983,0.81309,-0.77,1.08,0.13,-0.25281,-0.18607,0.55622,0.76947,-0.78,1.09,0.15,-0.25281,-0.18607,0.55622,0.76947,-0.71,1.07,0.09,-0.24693,-0.19317,-0.0771,0.94645,-0.74,1.1,0.14,0.01038,-0.27648,0.05861,0.95917,-0.76,1.1,0.17,0.28489,-0.24906,0.10823,0.91929,-0.76,1.08,0.19,0.40213,-0.20637,0.13045,0.88243,-0.77,1.07,0.2,0.40213,-0.20637,0.13045,0.88243,-0.7,1.07,0.1,-0.24693,-0.19317,-0.0771,0.94645,-0.72,1.1,0.14,-0.11292,-0.18507,-0.0648,0.97406,-0.73,1.11,0.18,0.24577,-0.19739,-0.0067,0.94899,-0.74,1.1,0.2,0.41745,-0.18713,-0.03103,0.88868,-0.75,1.08,0.22,0.41745,-0.18713,-0.03103,0.88868,-0.68,1.07,0.11,-0.24693,-0.19317,-0.0771,0.94645,-0.7,1.09,0.15,-0.19226,-0.12953,-0.13947,0.96271,-0.7,1.11,0.18,0.27165,-0.19884,-0.10227,0.93606,-0.72,1.1,0.2,0.50772,-0.24163,-0.07023,0.82396,-0.73,1.08,0.21,0.50772,-0.24163,-0.07023,0.82396,-0.68,1.06,0.11,-0.17089,-0.10671,-0.3017,0.93187,-0.68,1.08,0.15,-0.27005,-0.05155,-0.2188,0.93624,-0.68,1.1,0.18,0.2469,-0.1596,-0.23956,0.9253,-0.69,1.09,0.19,0.51893,-0.27113,-0.18523,0.78923,-0.7,1.07,0.2,0.51893,-0.27113,-0.18523,0.78923,-0.81,1.08,0.19
-0.8,1.45,-0.16,-0.8,1.45,-0.16,-0.85,1.1,0.11,0.2918,-0.06414,-0.14016,-0.94398,-0.86,1.06,0.06,0.2918,-0.06414,-0.14016,-0.94398,-0.82,1.08,0.08,0.44298,-0.18333,0.47944,-0.73504,-0.8,1.09,0.1,0.22222,-0.04337,0.43101,-0.87348,-0.79,1.11,0.13,0.13891,-0.04217,0.51333,-0.84582,-0.79,1.11,0.15,0.13891,-0.04217,0.51333,-0.84582,-0.83,1.08,0.09,0.2918,-0.06414,-0.14016,-0.94398,-0.83,1.12,0.13,0.05298,-0.09161,-0.08151,-0.99104,-0.82,1.12,0.17,-0.27502,-0.11612,-0.07299,-0.95161,-0.82,1.11,0.19,-0.41927,-0.09897,-0.06435,-0.90015,-0.81,1.09,0.2,-0.41927,-0.09897,-0.06435,-0.90015,-0.85,1.08,0.09,0.2918,-0.06414,-0.14016,-0.94398,-0.85,1.12,0.13,0.08496,-0.06768,-0.14448,-0.98353,-0.85,1.12,0.18,-0.31015,-0.12063,-0.11875,-0.9355,-0.84,1.11,0.2,-0.49006,-0.12919,-0.15321,-0.84834,-0.83,1.09,0.21,-0.49006,-0.12919,-0.15321,-0.84834,-0.87,1.08,0.09,0.2918,-0.06414,-0.14016,-0.94398,-0.87,1.1,0.13,0.18519,-0.03178,-0.20496,-0.96057,-0.87,1.12,0.17,-0.27069,-0.14119,-0.20524,-0.92988,-0.86,1.11,0.19,-0.49574,-0.21191,-0.18549,-0.82154,-0.85,1.09,0.2,-0.49574,-0.21191,-0.18549,-0.82154,-0.87,1.07,0.09,0.23224,0.00741,-0.3709,-0.89914,-0.88,1.09,0.13,0.24289,-0.02423,-0.27386,-0.93028,-0.89,1.1,0.16,-0.19718,-0.13978,-0.308,-0.92017,-0.88,1.1,0.18,-0.41331,-0.25833,-0.2689,-0.83074,-0.86,1.09,0.19,-0.41331,-0.25833,-0.2689,-0.83074,-0.71,1.08,0.12,-0.23674,-0.18954,-0.07394,0.95003,-0.68,1.06,0.07,-0.23674,-0.18954,-0.07394,0.95003,-0.72,1.06,0.09,-0.46645,-0.28937,0.47518,0.68767,-0.75,1.07,0.1,-0.30835,-0.18376,0.44348,0.82127,-0.77,1.08,0.13,-0.28673,-0.20161,0.52884,0.77296,-0.79,1.09,0.14,-0.28673,-0.20161,0.52884,0.77296,-0.71,1.07,0.09,-0.23674,-0.18954,-0.07394,0.95003,-0.74,1.1,0.14,0.0279,-0.28274,0.0677,0.9564,-0.76,1.09,0.17,0.28357,-0.25429,0.11388,0.91758,-0.77,1.08,0.19,0.39112,-0.21226,0.13425,0.88541,-0.77,1.06,0.2,0.39112,-0.21226,0.13425,0.88541,-0.7,1.07,0.1,-0.23674,-0.18954,-0.07394,0.95003,-0.72,1.1,0.15,-0.09961,-0.18464,-0.06014,0.9759,-0.73,1.11,0.18,0.25017,-0.19512,-0.00429,0.94833,-0.74,1.1,0.2,0.41677,-0.18428,-0.02956,0.88964,-0.75,1.08,0.22,0.41677,-0.18428,-0.02956,0.88964,-0.68,1.07,0.1,-0.23674,-0.18954,-0.07394,0.95003,-0.7,1.09,0.15,-0.17894,-0.12725,-0.13491,0.96622,-0.7,1.11,0.18,0.28003,-0.19372,-0.1005,0.93486,-0.71,1.09,0.2,0.51322,-0.23597,-0.07055,0.82216,-0.73,1.08,0.21,0.51322,-0.23597,-0.07055,0.82216,-0.68,1.06,0.11,-0.16215,-0.10052,-0.29802,0.9353,-0.68,1.08,0.15,-0.2613,-0.04665,-0.21414,0.94005,-0.68,1.1,0.18,0.24943,-0.15072,-0.23892,0.92628,-0.69,1.09,0.19,0.52032,-0.2623,-0.18798,0.79065,-0.7,1.07,0.2,0.52032,-0.2623,-0.18798,0.79065,-0.81,1.08,0.19
