1,-0.64,0.81,0.13,0.27405,-0.05982,-0.06848,-0.95741,-0.64,0.78,0.08,0.27405,-0.05982,-0.06848,-0.95741,-0.61,0.79,0.11,0.37181,-0.23139,0.56647,-0.69809,-0.59,0.8,0.13,0.15182,-0.05217,0.53553,-0.82912,-0.58,0.8,0.16,0.00221,0.00283,0.60668,-0.79494,-0.58,0.81,0.19,0.00221,0.00283,0.60668,-0.79494,-0.62,0.79,0.11,0.27405,-0.05982,-0.06848,-0.95741,-0.61,0.83,0.16,0.06449,-0.05017,-0.02557,-0.99633,-0.61,0.83,0.2,-0.25416,-0.05865,-0.03441,-0.96477,-0.61,0.82,0.22,-0.39156,-0.03606,-0.03607,-0.91874,-0.6,0.81,0.23,-0.39156,-0.03606,-0.03607,-0.91874,-0.64,0.79,0.11,0.27405,-0.05982,-0.06848,-0.95741,-0.64,0.83,0.16,0.11167,-0.00289,-0.09446,-0.98924,-0.64,0.84,0.2,-0.24235,-0.03712,-0.1001,-0.9643,-0.63,0.83,0.22,-0.37535,-0.04219,-0.14994,-0.9137,-0.63,0.81,0.24,-0.37535,-0.04219,-0.14994,-0.9137,-0.66,0.79,0.11,0.27405,-0.05982,-0.06848,-0.95741,-0.65,0.82,0.16,0.12897,0.01244,-0.14614,-0.98074,-0.66,0.83,0.2,-0.23052,-0.05524,-0.17906,-0.95485,-0.65,0.82,0.22,-0.40046,-0.11298,-0.18505,-0.89029,-0.64,0.8,0.24,-0.40046,-0.11298,-0.18505,-0.89029,-0.66,0.79,0.11,0.22576,0.01846,-0.30188,-0.92605,-0.67,0.81,0.16,0.13618,0.01919,-0.22199,-0.9653,-0.67,0.82,0.18,-0.18453,-0.0348,-0.28221,-0.9408,-0.67,0.81,0.2,-0.27848,-0.11336,-0.28386,-0.91051,-0.66,0.8,0.22,-0.27848,-0.11336,-0.28386,-0.91051,-0.49,0.81,0.14,0.31774,0.20253,0.12078,-0.91839,-0.47,0.78,0.09,0.31774,0.20253,0.12078,-0.91839,-0.51,0.79,0.11,0.43679,0.25119,-0.57597,-0.64372,-0.54,0.8,0.13,0.2408,0.08447,-0.54995,-0.79526,-0.55,0.81,0.16,0.12559,0.04134,-0.62864,-0.76637,-0.55,0.81,0.18,0.12559,0.04134,-0.62864,-0.76637,-0.5,0.79,0.12,0.31774,0.20253,0.12078,-0.91839,-0.52,0.83,0.15,-0.02137,0.23233,-0.00842,-0.97237,-0.53,0.83,0.19,-0.35697,0.21693,-0.06158,-0.90649,-0.54,0.82,0.2,-0.46274,0.18041,-0.07975,-0.86427,-0.55,0.8,0.21,-0.46274,0.18041,-0.07975,-0.86427,-0.48,0.79,0.12,0.31774,0.20253,0.12078,-0.91839,-0.5,0.83,0.16,0.00841,0.2104,0.07367,-0.9748,-0.51,0.84,0.2,-0.45238,0.22185,-0.02101,-0.86354,-0.52,0.82,0.21,-0.66721,0.18788,-0.01334,-0.72066,-0.53,0.79,0.21,-0.66721,0.18788,-0.01334,-0.72066,-0.47,0.79,0.13,0.31774,0.20253,0.12078,-0.91839,-0.48,0.83,0.17,0.06189,0.19022,0.146,-0.96885,-0.49,0.83,0.2,-0.47025,0.25602,0.0614,-0.84235,-0.51,0.81,0.21,-0.72824,0.27675,0.00271,-0.62696,-0.51,0.79,0.21,-0.72824,0.27675,0.00271,-0.62696,-0.46,0.79,0.13,0.23189,0.13516,0.34794,-0.89827,-0.46,0.81,0.17,0.13539,0.17725,0.24093,-0.94457,-0.47,0.82,0.2,-0.41655,0.27603,0.18303,-0.84664,-0.48,0.81,0.21,-0.68643,0.36273,0.08733,-0.62419,-0.5,0.79,0.2,-0.68643,0.36273,0.08733,-0.62419,-0.6,0.8,0.21
2,-0.63,0.81,0.13,0.29205,-0.07854,-0.04773,-0.95198,-0.64,0.78,0.07,0.29205,-0.07854,-0.04773,-0.95198,-0.61,0.79,0.11,0.38108,-0.21209,0.59203,-0.67771,-0.58,0.79,0.13,0.15271,-0.01628,0.55693,-0.81624,-0.57,0.8,0.16,0.00156,0.04183,0.62137,-0.7824,-0.58,0.8,0.18,0.00156,0.04183,0.62137,-0.7824,-0.62,0.79,0.11,0.29205,-0.07854,-0.04773,-0.95198,-0.61,0.83,0.15,0.04223,-0.0582,-0.00063,-0.99741,-0.6,0.83,0.19,-0.34309,-0.05831,-0.00403,-0.93748,-0.6,0.81,0.21,-0.49652,-0.03082,-0.0023,-0.86747,-0.6,0.8,0.22,-0.49652,-0.03082,-0.0023,-0.86747,-0.63,0.79,0.11,0.29205,-0.07854,-0.04773,-0.95198,-0.63,0.83,0.15,0.11258,-0.02418,-0.06998,-0.99088,-0.63,0.84,0.2,-0.27393,-0.05073,-0.06817,-0.95799,-0.62,0.83,0.22,-0.40958,-0.04962,-0.11642,-0.90345,-0.62,0.81,0.24,-0.40958,-0.04962,-0.11642,-0.90345,-0.65,0.79,0.11,0.29205,-0.07854,-0.04773,-0.95198,-0.65,0.82,0.15,0.12981,-0.01217,-0.12236,-0.98388,-0.65,0.83,0.19,-0.24886,-0.07218,-0.1473,-0.95455,-0.64,0.82,0.21,-0.42226,-0.12378,-0.15107,-0.88519,-0.63,0.8,0.23,-0.42226,-0.12378,-0.15107,-0.88519,-0.66,0.79,0.11,0.24233,-0.00376,-0.28285,-0.92804,-0.66,0.81,0.15,0.14168,-0.00862,-0.19966,-0.96953,-0.67,0.82,0.18,-0.19411,-0.05733,-0.25248,-0.9462,-0.66,0.81,0.2,-0.2946,-0.13372,-0.25176,-0.91211,-0.65,0.8,0.22,-0.2946,-0.13372,-0.25176,-0.91211,-0.49,0.81,0.14,0.3163,0.20168,0.12269,-0.91882,-0.47,0.78,0.09,0.3163,0.20168,0.12269,-0.91882,-0.51,0.79,0.11,0.43527,0.25332,-0.57489,-0.64488,-0.54,0.8,0.13,0.23731,0.08556,-0.54976,-0.79632,-0.55,0.81,0.16,0.12142,0.04222,-0.62846,-0.76715,-0.55,0.81,0.18,0.12142,0.04222,-0.62846,-0.76715,-0.5,0.79,0.12,0.3163,0.20168,0.12269,-0.91882,-0.52,0.83,0.15,-0.02673,0.23245,-0.00754,-0.97221,-0.53,0.83,0.19,-0.3611,0.21726,-0.06057,-0.90484,-0.54,0.82,0.2,-0.46675,0.18081,-0.07893,-0.8621,-0.55,0.8,0.21,-0.46675,0.18081,-0.07893,-0.8621,-0.48,0.79,0.12,0.3163,0.20168,0.12269,-0.91882,-0.5,0.83,0.16,0.00261,0.21087,0.07448,-0.97467,-0.51,0.84,0.2,-0.45564,0.22262,-0.02004,-0.86164,-0.52,0.81,0.21,-0.67027,0.18859,-0.01274,-0.71764,-0.53,0.79,0.21,-0.67027,0.18859,-0.01274,-0.71764,-0.47,0.79,0.13,0.3163,0.20168,0.12269,-0.91882,-0.48,0.83,0.17,0.05486,0.19087,0.14669,-0.96904,-0.49,0.83,0.2,-0.47378,0.25649,0.06246,-0.84015,-0.51,0.81,0.21,-0.73123,0.27738,0.00346,-0.62318,-0.51,0.79,0.21,-0.73123,0.27738,0.00346,-0.62318,-0.46,0.79,0.13,0.2304,0.13402,0.34969,-0.89815,-0.46,0.81,0.17,0.12402,0.18041,0.24091,-0.94553,-0.47,0.82,0.2,-0.4217,0.27676,0.18265,-0.84393,-0.48,0.81,0.21,-0.68994,0.36313,0.08711,-0.6201,-0.5,0.79,0.2,-0.68994,0.36313,0.08711,-0.6201,-0.6,0.8,0.21
3,-0.63,0.81,0.13,0.30704,-0.08714,-0.03101,-0.94719,-0.64,0.78,0.07,0.30704,-0.08714,-0.03101,-0.94719,-0.6,0.78,0.11,0.38344,-0.18137,0.61678,-0.66307,-0.58,0.79,0.13,0.14413,0.03342,0.57233,-0.80657,-0.58,0.8,0.16,-0.01443,0.0965,0.62692,-0.77295,-0.58,0.81,0.18,-0.01443,0.0965,0.62692,-0.77295,-0.61,0.79,0.11,0.30704,-0.08714,-0.03101,-0.94719,-0.6,0.83,0.15,0.02756,-0.05381,0.01556,-0.99805,-0.6,0.83,0.19,-0.40214,-0.04722,0.01162,-0.91429,-0.6,0.81,0.2,-0.56075,-0.01677,0.01344,-0.8277,-0.6,0.79,0.21,-0.56075,-0.01677,0.01344,-0.8277,-0.63,0.79,0.11,0.30704,-0.08714,-0.03101,-0.94719,-0.62,0.83,0.15,0.08383,-0.03596,-0.04954,-0.9946,-0.62,0.84,0.19,-0.3522,-0.05573,-0.04204,-0.93332,-0.62,0.82,0.21,-0.49362,-0.04669,-0.08935,-0.86382,-0.61,0.8,0.23,-0.49362,-0.04669,-0.08935,-0.86382,-0.65,0.79,0.11,0.30704,-0.08714,-0.03101,-0.94719,-0.64,0.82,0.15,0.09555,-0.02915,-0.10201,-0.98975,-0.64,0.83,0.19,-0.31338,-0.08255,-0.12078,-0.93829,-0.64,0.82,0.21,-0.4884,-0.12806,-0.12441,-0.85416,-0.63,0.8,0.22,-0.4884,-0.12806,-0.12441,-0.85416,-0.66,0.79,0.11,0.25749,-0.01556,-0.26762,-0.92835,-0.66,0.81,0.15,0.10712,-0.03997,-0.17935,-0.97712,-0.66,0.82,0.18,-0.23678,-0.07899,-0.22231,-0.94248,-0.65,0.81,0.2,-0.33909,-0.15167,-0.22116,-0.90172,-0.65,0.8,0.21,-0.33909,-0.15167,-0.22116,-0.90172,-0.49,0.81,0.14,0.31768,0.20167,0.12071,-0.9186,-0.47,0.78,0.09,0.31768,0.20167,0.12071,-0.9186,-0.51,0.79,0.11,0.43321,0.25461,-0.57876,-0.64229,-0.54,0.8,0.13,0.23367,0.08386,-0.55455,-0.79425,-0.55,0.81,0.16,0.11552,0.03841,-0.63259,-0.76486,-0.55,0.81,0.18,0.11552,0.03841,-0.63259,-0.76486,-0.5,0.79,0.12,0.31768,0.20167,0.12071,-0.9186,-0.52,0.83,0.15,-0.02973,0.23193,-0.01082,-0.97222,-0.53,0.83,0.19,-0.36064,0.21581,-0.06269,-0.90523,-0.54,0.81,0.2,-0.4655,0.17919,-0.08067,-0.86296,-0.55,0.8,0.21,-0.4655,0.17919,-0.08067,-0.86296,-0.48,0.79,0.12,0.31768,0.20167,0.12071,-0.9186,-0.5,0.83,0.16,0.00075,0.21143,0.07125,-0.97479,-0.51,0.84,0.2,-0.45033,0.22177,-0.02138,-0.86462,-0.52,0.81,0.21,-0.66286,0.18813,-0.0132,-0.7246,-0.53,0.79,0.22,-0.66286,0.18813,-0.0132,-0.7246,-0.47,0.79,0.13,0.31768,0.20167,0.12071,-0.9186,-0.48,0.83,0.17,0.05303,0.19135,0.14395,-0.96946,-0.49,0.83,0.2,-0.46816,0.25493,0.06201,-0.84379,-0.51,0.81,0.21,-0.72469,0.27617,0.00433,-0.6313,-0.51,0.79,0.21,-0.72469,0.27617,0.00433,-0.6313,-0.46,0.79,0.13,0.23202,0.13429,0.34793,-0.89838,-0.46,0.81,0.17,0.11886,0.18269,0.23784,-0.94654,-0.47,0.82,0.2,-0.41983,0.27531,0.18076,-0.84574,-0.48,0.81,0.21,-0.68538,0.36086,0.08764,-0.62639,-0.5,0.79,0.2,-0.68538,0.36086,0.08764,-0.62639,-0.6,0.8,0.21
4,-0.63,0.81,0.13,0.32325,-0.08954,-0.02286,-0.94179,-0.64,0.78,0.07,0.32325,-0.08954,-0.02286,-0.94179,-0.6,0.79,0.11,0.38862,-0.16462,0.63023,-0.65167,-0.58,0.79,0.13,0.1484,0.05743,0.57997,-0.79895,-0.58,0.81,0.16,-0.01448,0.12469,0.62946,-0.76682,-0.58,0.81,0.18,-0.01448,0.12469,0.62946,-0.76682,-0.61,0.79,0.11,0.32325,-0.08954,-0.02286,-0.94179,-0.6,0.83,0.15,0.04173,-0.05033,0.02171,-0.99762,-0.6,0.83,0.19,-0.40741,-0.0415,0.01663,-0.91215,-0.59,0.82,0.2,-0.5695,-0.01017,0.01763,-0.82174,-0.6,0.8,0.21,-0.5695,-0.01017,0.01763,-0.82174,-0.63,0.79,0.11,0.32325,-0.08954,-0.02286,-0.94179,-0.62,0.83,0.15,0.0841,-0.04061,-0.03969,-0.99484,-0.62,0.84,0.19,-0.38018,-0.05659,-0.02951,-0.92271,-0.62,0.82,0.21,-0.53398,-0.04435,-0.07706,-0.84081,-0.61,0.8,0.22,-0.53398,-0.04435,-0.07706,-0.84081,-0.65,0.79,0.11,0.32325,-0.08954,-0.02286,-0.94179,-0.64,0.83,0.15,0.08696,-0.03664,-0.092,-0.99128,-0.64,0.83,0.19,-0.347,-0.08766,-0.10703,-0.92761,-0.63,0.82,0.21,-0.52996,-0.13045,-0.10997,-0.83068,-0.63,0.8,0.22,-0.52996,-0.13045,-0.10997,-0.83068,-0.65,0.79,0.11,0.27392,-0.02185,-0.26084,-0.92545,-0.66,0.82,0.15,0.09246,-0.0588,-0.16729,-0.9798,-0.66,0.82,0.18,-0.26319,-0.09376,-0.20384,-0.93829,-0.65,0.81,0.2,-0.37296,-0.16539,-0.20134,-0.89051,-0.64,0.8,0.21,-0.37296,-0.16539,-0.20134,-0.89051,-0.49,0.81,0.14,0.32029,0.20149,0.11857,-0.91802,-0.47,0.78,0.09,0.32029,0.20149,0.11857,-0.91802,-0.51,0.79,0.11,0.43076,0.25525,-0.58394,-0.639,-0.54,0.8,0.13,0.22957,0.08081,-0.56054,-0.79156,-0.55,0.8,0.16,0.10931,0.03328,-0.63765,-0.76181,-0.55,0.81,0.18,0.10931,0.03328,-0.63765,-0.76181,-0.5,0.79,0.12,0.32029,0.20149,0.11857,-0.91802,-0.52,0.83,0.15,-0.03061,0.23122,-0.01406,-0.97232,-0.53,0.83,0.19,-0.35799,0.21428,-0.06466,-0.9065,-0.54,0.81,0.2,-0.46152,0.17757,-0.08204,-0.8653,-0.55,0.8,0.21,-0.46152,0.17757,-0.08204,-0.8653,-0.48,0.79,0.12,0.32029,0.20149,0.11857,-0.91802,-0.5,0.84,0.16,0.00112,0.21178,0.06807,-0.97494,-0.51,0.84,0.2,-0.44483,0.22077,-0.02303,-0.86768,-0.52,0.82,0.21,-0.65442,0.18756,-0.01382,-0.73237,-0.53,0.79,0.22,-0.65442,0.18756,-0.01382,-0.73237,-0.47,0.79,0.13,0.32029,0.20149,0.11857,-0.91802,-0.48,0.83,0.17,0.05427,0.19157,0.14141,-0.96972,-0.49,0.83,0.2,-0.46142,0.2535,0.06135,-0.84798,-0.51,0.81,0.21,-0.71605,0.27513,0.00533,-0.64152,-0.52,0.79,0.21,-0.71605,0.27513,0.00533,-0.64152,-0.46,0.79,0.13,0.23489,0.1347,0.3461,-0.89827,-0.46,0.81,0.17,0.121,0.18327,0.23559,-0.94671,-0.47,0.82,0.2,-0.41385,0.27397,0.17977,-0.84932,-0.48,0.81,0.21,-0.67678,0.35904,0.08912,-0.63649,-0.5,0.79,0.2,-0.67678,0.35904,0.08912,-0.63649,-0.6,0.8,0.21
5,-0.62,0.81,0.13,0.33995,-0.09026,-0.02282,-0.93582,-0.64,0.78,0.07,0.33995,-0.09026,-0.02282,-0.93582,-0.6,0.79,0.11,0.39609,-0.15479,0.63574,-0.6442,-0.58,0.8,0.13,0.1598,0.06702,0.58204,-0.79448,-0.58,0.81,0.16,-0.00444,0.13641,0.62985,-0.76463,-0.58,0.81,0.18,-0.00444,0.13641,0.62985,-0.76463,-0.61,0.79,0.1,0.33995,-0.09026,-0.02282,-0.93582,-0.6,0.83,0.15,0.05867,-0.05128,0.02168,-0.99672,-0.6,0.84,0.18,-0.39624,-0.04272,0.01735,-0.91699,-0.59,0.82,0.2,-0.56075,-0.01131,0.01827,-0.82771,-0.59,0.8,0.21,-0.56075,-0.01131,0.01827,-0.82771,-0.63,0.79,0.1,0.33995,-0.09026,-0.02282,-0.93582,-0.62,0.84,0.15,0.09685,-0.0437,-0.03923,-0.99356,-0.62,0.84,0.19,-0.386,-0.0598,-0.02656,-0.92017,-0.61,0.83,0.21,-0.55933,-0.04713,-0.07431,-0.82426,-0.61,0.8,0.22,-0.55933,-0.04713,-0.07431,-0.82426,-0.65,0.8,0.11,0.33995,-0.09026,-0.02282,-0.93582,-0.64,0.83,0.15,0.09404,-0.04094,-0.09165,-0.9905,-0.64,0.84,0.19,-0.36835,-0.09456,-0.10256,-0.91916,-0.63,0.82,0.2,-0.57313,-0.13747,-0.10251,-0.80132,-0.62,0.8,0.21,-0.57313,-0.13747,-0.10251,-0.80132,-0.65,0.79,0.11,0.29006,-0.02684,-0.2619,-0.92008,-0.66,0.82,0.15,0.0838,-0.06887,-0.16613,-0.98012,-0.66,0.82,0.18,-0.29801,-0.10732,-0.19731,-0.92776,-0.65,0.81,0.19,-0.43782,-0.1837,-0.18974,-0.8594,-0.64,0.8,0.21,-0.43782,-0.1837,-0.18974,-0.8594,-0.49,0.81,0.14,0.32125,0.20069,0.11508,-0.9183,-0.47,0.78,0.09,0.32125,0.20069,0.11508,-0.9183,-0.51,0.79,0.11,0.4253,0.25844,-0.59079,-0.63505,-0.54,0.79,0.13,0.22306,0.07973,-0.56897,-0.7875,-0.55,0.8,0.16,0.10258,0.03126,-0.6452,-0.75645,-0.55,0.81,0.18,0.10258,0.03126,-0.6452,-0.75645,-0.5,0.79,0.12,0.32125,0.20069,0.11508,-0.9183,-0.52,0.83,0.15,-0.03144,0.22963,-0.01786,-0.97261,-0.53,0.83,0.19,-0.35527,0.21175,-0.06687,-0.908,-0.54,0.81,0.2,-0.45726,0.17496,-0.08349,-0.86795,-0.55,0.8,0.22,-0.45726,0.17496,-0.08349,-0.86795,-0.48,0.79,0.12,0.32125,0.20069,0.11508,-0.9183,-0.5,0.84,0.16,0.00146,0.21129,0.06393,-0.97533,-0.51,0.84,0.2,-0.44041,0.21859,-0.02542,-0.87041,-0.52,0.82,0.21,-0.64733,0.18554,-0.01497,-0.73913,-0.53,0.79,0.22,-0.64733,0.18554,-0.01497,-0.73913,-0.47,0.79,0.13,0.32125,0.20069,0.11508,-0.9183,-0.48,0.83,0.17,0.05539,0.19064,0.13792,-0.97034,-0.49,0.83,0.2,-0.45499,0.25062,0.06042,-0.85236,-0.51,0.81,0.21,-0.70724,0.27266,0.00666,-0.65224,-0.51,0.79,0.21,-0.70724,0.27266,0.00666,-0.65224,-0.46,0.79,0.13,0.23647,0.13402,0.34293,-0.89918,-0.46,0.81,0.17,0.12414,0.18202,0.23252,-0.94731,-0.47,0.82,0.2,-0.40653,0.27065,0.17922,-0.85403,-0.48,0.81,0.21,-0.6671,0.35552,0.09166,-0.64821,-0.5,0.79,0.21,-0.6671,0.35552,0.09166,-0.64821,-0.6,0.8,0.21
6,-0.63,0.81,0.13,0.3376,-0.08223,-0.02278,-0.93742,-0.64,0.78,0.07,0.3376,-0.08223,-0.02278,-0.93742,-0.6,0.79,0.11,0.38395,-0.15224,0.64132,-0.64661,-0.58,0.8,0.13,0.15003,0.07087,0.58669,-0.79263,-0.58,0.81,0.16,-0.0148,0.14075,0.63305,-0.76107,-0.58,0.81,0.18,-0.0148,0.14075,0.63305,-0.76107,-0.61,0.79,0.11,0.3376,-0.08223,-0.02278,-0.93742,-0.6,0.83,0.15,0.0503,-0.04559,0.02135,-0.99746,-0.6,0.84,0.19,-0.39625,-0.03769,0.01411,-0.91726,-0.6,0.82,0.2,-0.55885,-0.00698,0.01409,-0.82912,-0.6,0.8,0.21,-0.55885,-0.00698,0.01409,-0.82912,-0.63,0.79,0.11,0.3376,-0.08223,-0.02278,-0.93742,-0.62,0.84,0.15,0.09141,-0.03707,-0.04021,-0.99431,-0.62,0.84,0.19,-0.38511,-0.05417,-0.03092,-0.92076,-0.62,0.82,0.21,-0.56351,-0.04268,-0.07993,-0.82112,-0.61,0.8,0.22,-0.56351,-0.04268,-0.07993,-0.82112,-0.65,0.79,0.11,0.3376,-0.08223,-0.02278,-0.93742,-0.64,0.83,0.15,0.09084,-0.0331,-0.09337,-0.99093,-0.64,0.84,0.19,-0.36973,-0.0881,-0.10782,-0.91865,-0.63,0.82,0.21,-0.58442,-0.13323,-0.10825,-0.79308,-0.63,0.8,0.21,-0.58442,-0.13323,-0.10825,-0.79308,-0.65,0.79,0.11,0.28942,-0.01835,-0.26201,-0.92046,-0.66,0.82,0.15,0.06651,-0.06194,-0.1687,-0.98147,-0.66,0.82,0.18,-0.32417,-0.10269,-0.20129,-0.91861,-0.65,0.81,0.19,-0.4812,-0.18333,-0.19245,-0.83534,-0.64,0.79,0.2,-0.4812,-0.18333,-0.19245,-0.83534,-0.49,0.81,0.14,0.32315,0.20168,0.11606,-0.91729,-0.47,0.78,0.09,0.32315,0.20168,0.11606,-0.91729,-0.51,0.79,0.11,0.42504,0.25982,-0.59227,-0.63328,-0.54,0.79,0.13,0.22157,0.07938,-0.57124,-0.78632,-0.55,0.8,0.16,0.1003,0.03002,-0.64719,-0.75511,-0.55,0.81,0.18,0.1003,0.03002,-0.64719,-0.75511,-0.5,0.79,0.12,0.32315,0.20168,0.11606,-0.91729,-0.52,0.83,0.15,-0.03097,0.23145,-0.01835,-0.97218,-0.53,0.83,0.19,-0.35308,0.21344,-0.06755,-0.90841,-0.54,0.81,0.2,-0.45444,0.17665,-0.08413,-0.86902,-0.55,0.8,0.22,-0.45444,0.17665,-0.08413,-0.86902,-0.48,0.79,0.12,0.32315,0.20168,0.11606,-0.91729,-0.5,0.84,0.16,0.00275,0.21343,0.0638,-0.97487,-0.51,0.84,0.2,-0.43606,0.22055,-0.02575,-0.87209,-0.52,0.82,0.21,-0.64245,0.18778,-0.0155,-0.7428,-0.53,0.79,0.22,-0.64245,0.18778,-0.0155,-0.7428,-0.47,0.79,0.13,0.32315,0.20168,0.11606,-0.91729,-0.48,0.83,0.17,0.05765,0.1927,0.13828,-0.96975,-0.49,0.83,0.2,-0.44973,0.25247,0.06046,-0.8546,-0.51,0.81,0.21,-0.70147,0.27471,0.00651,-0.6576,-0.52,0.79,0.21,-0.70147,0.27471,0.00651,-0.6576,-0.46,0.79,0.13,0.23798,0.13553,0.34393,-0.89817,-0.46,0.81,0.17,0.1275,0.18412,0.23312,-0.94631,-0.47,0.82,0.2,-0.39889,0.27219,0.17981,-0.85701,-0.48,0.81,0.21,-0.65871,0.3571,0.09241,-0.65577,-0.5,0.79,0.21,-0.65871,0.3571,0.09241,-0.65577,-0.6,0.8,0.21
7,-0.63,0.82,0.13,0.33824,-0.07779,-0.02176,-0.93759,-0.64,0.78,0.07,0.33824,-0.07779,-0.02176,-0.93759,-0.6,0.79,0.11,0.37767,-0.1502,0.64566,-0.64647,-0.58,0.8,0.13,0.14816,0.07201,0.59038,-0.79013,-0.58,0.81,0.16,-0.01875,0.14438,0.63558,-0.75818,-0.58,0.81,0.18,-0.01875,0.14438,0.63558,-0.75818,-0.61,0.79,0.11,0.33824,-0.07779,-0.02176,-0.93759,-0.6,0.83,0.15,0.04471,-0.0427,0.02268,-0.99783,-0.6,0.84,0.19,-0.38938,-0.03454,0.01352,-0.92033,-0.6,0.82,0.2,-0.54929,-0.00404,0.01263,-0.83553,-0.6,0.8,0.21,-0.54929,-0.00404,0.01263,-0.83553,-0.63,0.79,0.1,0.33824,-0.07779,-0.02176,-0.93759,-0.62,0.84,0.15,0.08943,-0.03346,-0.03975,-0.99464,-0.62,0.84,0.19,-0.3766,-0.05038,-0.03276,-0.92442,-0.62,0.83,0.21,-0.55527,-0.03989,-0.08262,-0.82659,-0.61,0.8,0.22,-0.55527,-0.03989,-0.08262,-0.82659,-0.65,0.8,0.11,0.33824,-0.07779,-0.02176,-0.93759,-0.64,0.83,0.15,0.09189,-0.02834,-0.09367,-0.99095,-0.64,0.84,0.19,-0.36362,-0.08349,-0.11058,-0.92118,-0.64,0.82,0.21,-0.57935,-0.12967,-0.1119,-0.79688,-0.63,0.8,0.21,-0.57935,-0.12967,-0.1119,-0.79688,-0.66,0.79,0.11,0.2911,-0.01415,-0.26123,-0.92023,-0.66,0.82,0.15,0.06338,-0.05559,-0.17045,-0.98175,-0.66,0.82,0.18,-0.32787,-0.09752,-0.2052,-0.917,-0.65,0.81,0.19,-0.48661,-0.17939,-0.19707,-0.83198,-0.64,0.79,0.2,-0.48661,-0.17939,-0.19707,-0.83198,-0.49,0.81,0.14,0.33039,0.2053,0.11702,-0.91378,-0.47,0.78,0.09,0.33039,0.2053,0.11702,-0.91378,-0.51,0.79,0.11,0.43047,0.25815,-0.5937,-0.62895,-0.54,0.79,0.13,0.2275,0.07745,-0.57234,-0.78401,-0.55,0.8,0.16,0.1057,0.02694,-0.64812,-0.75368,-0.55,0.81,0.18,0.1057,0.02694,-0.64812,-0.75368,-0.5,0.79,0.12,0.33039,0.2053,0.11702,-0.91378,-0.52,0.83,0.15,-0.02504,0.23558,-0.02018,-0.97132,-0.54,0.83,0.19,-0.34691,0.21693,-0.07056,-0.90973,-0.54,0.82,0.2,-0.44737,0.17995,-0.0871,-0.87172,-0.55,0.8,0.21,-0.44737,0.17995,-0.0871,-0.87172,-0.48,0.79,0.12,0.33039,0.2053,0.11702,-0.91378,-0.5,0.84,0.16,0.00865,0.21805,0.06272,-0.97388,-0.52,0.84,0.2,-0.42882,0.22433,-0.0284,-0.87463,-0.53,0.82,0.21,-0.63521,0.19144,-0.0187,-0.748,-0.53,0.79,0.22,-0.63521,0.19144,-0.0187,-0.748,-0.47,0.79,0.13,0.33039,0.2053,0.11702,-0.91378,-0.48,0.83,0.17,0.0646,0.19773,0.13799,-0.96834,-0.49,0.83,0.2,-0.44171,0.25683,0.05792,-0.85765,-0.51,0.81,0.21,-0.69393,0.27835,0.00289,-0.66406,-0.52,0.79,0.21,-0.69393,0.27835,0.00289,-0.66406,-0.46,0.79,0.13,0.24418,0.14104,0.34508,-0.89521,-0.46,0.81,0.17,0.13659,0.18872,0.23381,-0.94396,-0.47,0.82,0.2,-0.38993,0.27716,0.17809,-0.8599,-0.48,0.81,0.21,-0.65028,0.36119,0.08921,-0.66236,-0.5,0.8,0.21,-0.65028,0.36119,0.08921,-0.66236,-0.6,0.8,0.21
8,-0.63,0.82,0.13,0.33433,-0.0684,-0.02202,-0.93971,-0.64,0.78,0.07,0.33433,-0.0684,-0.02202,-0.93971,-0.6,0.79,0.11,0.37111,-0.14521,0.64509,-0.65196,-0.58,0.8,0.13,0.14481,0.07401,0.58809,-0.79227,-0.58,0.81,0.16,-0.02931,0.15143,0.63106,-0.76024,-0.59,0.81,0.19,-0.02931,0.15143,0.63106,-0.76024,-0.61,0.79,0.11,0.33433,-0.0684,-0.02202,-0.93971,-0.6,0.83,0.15,0.03489,-0.03618,0.02178,-0.9985,-0.6,0.84,0.19,-0.38479,-0.02892,0.00939,-0.9225,-0.6,0.82,0.2,-0.54066,0.00073,0.00733,-0.84121,-0.6,0.8,0.21,-0.54066,0.00073,0.00733,-0.84121,-0.63,0.79,0.11,0.33433,-0.0684,-0.02202,-0.93971,-0.63,0.84,0.15,0.08453,-0.02498,-0.04172,-0.99523,-0.62,0.84,0.19,-0.36718,-0.04311,-0.03903,-0.92833,-0.62,0.83,0.21,-0.54357,-0.03452,-0.09022,-0.83379,-0.62,0.8,0.22,-0.54357,-0.03452,-0.09022,-0.83379,-0.65,0.8,0.11,0.33433,-0.0684,-0.02202,-0.93971,-0.65,0.83,0.15,0.0929,-0.01783,-0.09652,-0.99083,-0.64,0.84,0.19,-0.35427,-0.0745,-0.11829,-0.92464,-0.64,0.82,0.21,-0.56815,-0.12288,-0.12159,-0.80457,-0.63,0.8,0.22,-0.56815,-0.12288,-0.12159,-0.80457,-0.66,0.79,0.11,0.28919,-0.00396,-0.26154,-0.92084,-0.66,0.82,0.15,0.06552,-0.04089,-0.17545,-0.98145,-0.66,0.82,0.18,-0.32466,-0.08603,-0.21552,-0.91692,-0.66,0.81,0.19,-0.48081,-0.16961,-0.20956,-0.83435,-0.64,0.79,0.2,-0.48081,-0.16961,-0.20956,-0.83435,-0.49,0.81,0.14,0.32899,0.2028,0.11783,-0.91474,-0.47,0.78,0.09,0.32899,0.2028,0.11783,-0.91474,-0.51,0.79,0.11,0.427,0.25848,-0.59441,-0.6305,-0.54,0.79,0.13,0.22425,0.0776,-0.57305,-0.78441,-0.55,0.8,0.16,0.10212,0.02703,-0.64871,-0.75367,-0.55,0.81,0.18,0.10212,0.02703,-0.64871,-0.75367,-0.5,0.79,0.12,0.32899,0.2028,0.11783,-0.91474,-0.52,0.83,0.15,-0.02874,0.23372,-0.01913,-0.97169,-0.53,0.83,0.19,-0.35132,0.21536,-0.06915,-0.90852,-0.54,0.82,0.2,-0.45116,0.17854,-0.08555,-0.87021,-0.55,0.8,0.21,-0.45116,0.17854,-0.08555,-0.87021,-0.48,0.79,0.12,0.32899,0.2028,0.11783,-0.91474,-0.5,0.84,0.16,0.00512,0.21647,0.06352,-0.97421,-0.51,0.84,0.2,-0.43086,0.22327,-0.02665,-0.87396,-0.52,0.82,0.21,-0.63513,0.19087,-0.0165,-0.74827,-0.53,0.79,0.22,-0.63513,0.19087,-0.0165,-0.74827,-0.47,0.79,0.13,0.32899,0.2028,0.11783,-0.91474,-0.48,0.83,0.17,0.0614,0.19575,0.13895,-0.96881,-0.49,0.83,0.2,-0.44398,0.25546,0.05999,-0.85675,-0.51,0.81,0.21,-0.69461,0.27771,0.0057,-0.66359,-0.52,0.79,0.21,-0.69461,0.27771,0.0057,-0.66359,-0.46,0.79,0.13,0.2432,0.13821,0.34591,-0.8956,-0.46,0.81,0.17,0.13408,0.18605,0.23501,-0.94455,-0.47,0.82,0.2,-0.39285,0.27543,0.18031,-0.85866,-0.48,0.81,0.21,-0.65108,0.36014,0.09271,-0.66166,-0.5,0.79,0.21,-0.65108,0.36014,0.09271,-0.66166,-0.6,0.8,0.21
9,-0.63,0.82,0.13,0.32598,-0.06201,-0.02157,-0.94309,-0.64,0.78,0.07,0.32598,-0.06201,-0.02157,-0.94309,-0.6,0.79,0.11,0.36519,-0.14375,0.64263,-0.65803,-0.58,0.8,0.13,0.14073,0.07269,0.58513,-0.79532,-0.58,0.81,0.16,-0.04028,0.15477,0.62652,-0.76282,-0.59,0.81,0.19,-0.04028,0.15477,0.62652,-0.76282,-0.61,0.79,0.11,0.32598,-0.06201,-0.02157,-0.94309,-0.6,0.83,0.15,0.0244,-0.03293,0.02257,-0.9989,-0.6,0.83,0.19,-0.3867,-0.02544,0.00847,-0.92182,-0.6,0.82,0.2,-0.54036,0.00403,0.00583,-0.84141,-0.6,0.8,0.21,-0.54036,0.00403,0.00583,-0.84141,-0.63,0.79,0.11,0.32598,-0.06201,-0.02157,-0.94309,-0.63,0.84,0.15,0.0732,-0.01903,-0.04207,-0.99625,-0.63,0.84,0.19,-0.36887,-0.0374,-0.04236,-0.92776,-0.62,0.82,0.21,-0.54158,-0.02932,-0.09438,-0.83482,-0.62,0.8,0.22,-0.54158,-0.02932,-0.09438,-0.83482,-0.65,0.8,0.11,0.32598,-0.06201,-0.02157,-0.94309,-0.65,0.83,0.15,0.0887,-0.00931,-0.0978,-0.9912,-0.65,0.84,0.19,-0.3529,-0.06664,-0.12352,-0.92507,-0.64,0.82,0.21,-0.56408,-0.11631,-0.12872,-0.80729,-0.63,0.8,0.22,-0.56408,-0.11631,-0.12872,-0.80729,-0.66,0.79,0.11,0.28243,0.00444,-0.26075,-0.92316,-0.66,0.82,0.15,0.0675,-0.02687,-0.17867,-0.98122,-0.66,0.82,0.18,-0.32368,-0.07493,-0.22384,-0.91625,-0.66,0.81,0.19,-0.47871,-0.1601,-0.21986,-0.83479,-0.65,0.79,0.21,-0.47871,-0.1601,-0.21986,-0.83479,-0.49,0.81,0.14,0.32519,0.20237,0.11838,-0.91613,-0.47,0.78,0.09,0.32519,0.20237,0.11838,-0.91613,-0.51,0.79,0.12,0.42467,0.26032,-0.59328,-0.63238,-0.53,0.79,0.13,0.22242,0.08027,-0.57227,-0.78523,-0.55,0.8,0.16,0.09952,0.02915,-0.6482,-0.75438,-0.55,0.81,0.19,0.09952,0.02915,-0.6482,-0.75438,-0.5,0.79,0.12,0.32519,0.20237,0.11838,-0.91613,-0.52,0.83,0.15,-0.03345,0.23383,-0.01872,-0.97152,-0.53,0.83,0.19,-0.35592,0.21546,-0.06884,-0.90673,-0.54,0.81,0.2,-0.45505,0.17867,-0.08528,-0.86818,-0.55,0.8,0.22,-0.45505,0.17867,-0.08528,-0.86818,-0.48,0.79,0.12,0.32519,0.20237,0.11838,-0.91613,-0.5,0.83,0.16,0.00157,0.21619,0.06419,-0.97424,-0.51,0.84,0.2,-0.43266,0.22331,-0.02557,-0.87309,-0.52,0.81,0.21,-0.63447,0.19125,-0.01516,-0.74876,-0.53,0.79,0.22,-0.63447,0.19125,-0.01516,-0.74876,-0.46,0.79,0.13,0.32519,0.20237,0.11838,-0.91613,-0.48,0.83,0.17,0.05816,0.19478,0.1398,-0.96909,-0.49,0.83,0.2,-0.4456,0.25484,0.06161,-0.85598,-0.51,0.81,0.21,-0.6943,0.27768,0.00798,-0.66391,-0.52,0.79,0.21,-0.6943,0.27768,0.00798,-0.66391,-0.46,0.79,0.13,0.23951,0.13682,0.3462,-0.8967,-0.46,0.81,0.17,0.13039,0.18438,0.2358,-0.9452,-0.47,0.82,0.2,-0.39554,0.27398,0.18203,-0.85752,-0.48,0.81,0.21,-0.651,0.3591,0.09598,-0.66184,-0.5,0.79,0.21,-0.651,0.3591,0.09598,-0.66184,-0.6,0.8,0.21
10,-0.63,0.82,0.13,0.3224,-0.06401,-0.02007,-0.94422,-0.64,0.78,0.07,0.3224,-0.06401,-0.02007,-0.94422,-0.6,0.79,0.11,0.36342,-0.14786,0.64308,-0.65766,-0.58,0.8,0.13,0.13876,0.06918,0.587,-0.7946,-0.58,0.81,0.16,-0.0466,0.15554,0.62749,-0.7615,-0.59,0.81,0.19,-0.0466,0.15554,0.62749,-0.7615,-0.61,0.79,0.11,0.3224,-0.06401,-0.02007,-0.94422,-0.6,0.83,0.15,0.02149,-0.03567,0.02546,-0.99881,-0.6,0.83,0.19,-0.39371,-0.02662,0.01235,-0.91876,-0.6,0.82,0.2,-0.54937,0.00358,0.01011,-0.83551,-0.6,0.8,0.21,-0.54937,0.00358,0.01011,-0.83551,-0.63,0.79,0.11,0.3224,-0.06401,-0.02007,-0.94422,-0.63,0.84,0.15,0.06579,-0.02147,-0.03931,-0.99683,-0.62,0.84,0.19,-0.37793,-0.03838,-0.03874,-0.92423,-0.62,0.82,0.21,-0.55251,-0.02911,-0.09067,-0.82805,-0.62,0.8,0.22,-0.55251,-0.02911,-0.09067,-0.82805,-0.65,0.8,0.11,0.3224,-0.06401,-0.02007,-0.94422,-0.65,0.83,0.15,0.08554,-0.01054,-0.09564,-0.99168,-0.65,0.84,0.19,-0.35863,-0.067,-0.12097,-0.92318,-0.64,0.82,0.21,-0.57239,-0.11622,-0.12609,-0.80185,-0.63,0.8,0.22,-0.57239,-0.11622,-0.12609,-0.80185,-0.66,0.79,0.11,0.27874,0.00344,-0.25899,-0.92478,-0.66,0.82,0.15,0.06777,-0.02554,-0.17725,-0.9815,-0.66,0.82,0.18,-0.33188,-0.07509,-0.22277,-0.91356,-0.66,0.81,0.19,-0.49461,-0.1619,-0.21796,-0.82562,-0.65,0.79,0.2,-0.49461,-0.1619,-0.21796,-0.82562,-0.49,0.81,0.14,0.32712,0.20316,0.11899,-0.91518,-0.47,0.77,0.09,0.32712,0.20316,0.11899,-0.91518,-0.51,0.79,0.12,0.42739,0.25878,-0.59232,-0.63208,-0.53,0.79,0.13,0.22604,0.07997,-0.57067,-0.78539,-0.55,0.8,0.16,0.10159,0.02747,-0.6467,-0.75545,-0.55,0.81,0.18,0.10159,0.02747,-0.6467,-0.75545,-0.5,0.79,0.12,0.32712,0.20316,0.11899,-0.91518,-0.52,0.83,0.15,-0.03134,0.23443,-0.01825,-0.97146,-0.53,0.83,0.19,-0.35645,0.21604,-0.06921,-0.90636,-0.54,0.81,0.2,-0.45525,0.17924,-0.08566,-0.86792,-0.55,0.8,0.21,-0.45525,0.17924,-0.08566,-0.86792,-0.48,0.79,0.12,0.32712,0.20316,0.11899,-0.91518,-0.5,0.83,0.16,0.00252,0.21724,0.06428,-0.974,-0.51,0.84,0.2,-0.43266,0.22427,-0.0262,-0.87282,-0.52,0.82,0.21,-0.63301,0.19219,-0.01578,-0.74975,-0.53,0.79,0.22,-0.63301,0.19219,-0.01578,-0.74975,-0.46,0.79,0.13,0.32712,0.20316,0.11899,-0.91518,-0.48,0.83,0.17,0.058,0.19607,0.13984,-0.96883,-0.49,0.83,0.2,-0.44481,0.25591,0.06123,-0.8561,-0.51,0.81,0.21,-0.69136,0.27875,0.00801,-0.66652,-0.52,0.79,0.21,-0.69136,0.27875,0.00801,-0.66652,-0.46,0.79,0.13,0.24115,0.13813,0.34685,-0.8958,-0.46,0.81,0.17,0.13122,0.18491,0.23656,-0.94479,-0.47,0.82,0.2,-0.39285,0.27455,0.18288,-0.8584,-0.48,0.81,0.21,-0.64434,0.35952,0.09858,-0.66773,-0.5,0.79,0.21,-0.64434,0.35952,0.09858,-0.66773,-0.6,0.8,0.21
11,-0.63,0.82,0.13,0.31889,-0.06526,-0.01803,-0.94537,-0.64,0.78,0.07,0.31889,-0.06526,-0.01803,-0.94537,-0.6,0.79,0.11,0.36083,-0.15213,0.64413,-0.65708,-0.58,0.8,0.13,0.13632,0.06561,0.58954,-0.79344,-0.58,0.81,0.16,-0.05177,0.15508,0.62954,-0.75957,-0.59,0.81,0.19,-0.05177,0.15508,0.62954,-0.75957,-0.61,0.79,0.11,0.31889,-0.06526,-0.01803,-0.94537,-0.6,0.83,0.15,0.01895,-0.03637,0.02782,-0.99877,-0.6,0.83,0.19,-0.39873,-0.02618,0.01486,-0.91658,-0.6,0.82,0.2,-0.5572,0.00449,0.01272,-0.83027,-0.6,0.8,0.21,-0.5572,0.00449,0.01272,-0.83027,-0.63,0.79,0.1,0.31889,-0.06526,-0.01803,-0.94537,-0.63,0.84,0.15,0.06089,-0.02218,-0.03675,-0.99722,-0.62,0.84,0.19,-0.38255,-0.03784,-0.03614,-0.92245,-0.62,0.82,0.21,-0.55938,-0.02788,-0.08833,-0.82372,-0.62,0.8,0.22,-0.55938,-0.02788,-0.08833,-0.82372,-0.65,0.8,0.11,0.31889,-0.06526,-0.01803,-0.94537,-0.65,0.83,0.15,0.08243,-0.01071,-0.09328,-0.99216,-0.65,0.84,0.19,-0.36395,-0.06626,-0.11873,-0.92144,-0.64,0.82,0.21,-0.58076,-0.11517,-0.12399,-0.79629,-0.63,0.8,0.22,-0.58076,-0.11517,-0.12399,-0.79629,-0.66,0.79,0.11,0.27534,0.00315,-0.25674,-0.92642,-0.66,0.82,0.15,0.06684,-0.02402,-0.17534,-0.98194,-0.66,0.82,0.18,-0.33984,-0.07447,-0.22138,-0.91102,-0.66,0.81,0.19,-0.50993,-0.16276,-0.21591,-0.81662,-0.65,0.79,0.2,-0.50993,-0.16276,-0.21591,-0.81662,-0.49,0.81,0.14,0.3312,0.20338,0.11706,-0.91391,-0.47,0.77,0.09,0.3312,0.20338,0.11706,-0.91391,-0.51,0.79,0.12,0.42906,0.25611,-0.59488,-0.62963,-0.53,0.79,0.13,0.22878,0.07699,-0.57243,-0.78362,-0.55,0.8,0.16,0.1034,0.02333,-0.64801,-0.75422,-0.55,0.81,0.18,0.1034,0.02333,-0.64801,-0.75422,-0.5,0.79,0.12,0.3312,0.20338,0.11706,-0.91391,-0.52,0.83,0.15,-0.02689,0.23364,-0.02003,-0.97175,-0.53,0.83,0.19,-0.35419,0.21468,-0.07107,-0.90742,-0.54,0.81,0.2,-0.45343,0.17767,-0.08737,-0.86902,-0.55,0.8,0.21,-0.45343,0.17767,-0.08737,-0.86902,-0.48,0.79,0.12,0.3312,0.20338,0.11706,-0.91391,-0.5,0.84,0.16,0.0067,0.21674,0.06256,-0.9742,-0.51,0.84,0.2,-0.42891,0.22312,-0.0275,-0.87493,-0.52,0.82,0.21,-0.62899,0.19111,-0.01656,-0.75337,-0.53,0.79,0.22,-0.62899,0.19111,-0.01656,-0.75337,-0.46,0.79,0.13,0.3312,0.20338,0.11706,-0.91391,-0.48,0.83,0.17,0.06176,0.19572,0.13827,-0.9689,-0.49,0.83,0.2,-0.43993,0.25488,0.06045,-0.85898,-0.51,0.81,0.21,-0.68628,0.27779,0.00794,-0.67216,-0.52,0.79,0.21,-0.68628,0.27779,0.00794,-0.67216,-0.46,0.79,0.13,0.24534,0.13934,0.34529,-0.89508,-0.46,0.81,0.17,0.1356,0.18401,0.23547,-0.94462,-0.47,0.82,0.2,-0.38746,0.27329,0.18286,-0.86125,-0.48,0.81,0.21,-0.63756,0.35818,0.09998,-0.6747,-0.5,0.79,0.21,-0.63756,0.35818,0.09998,-0.6747,-0.6,0.8,0.21
12,-0.63,0.81,0.13,0.31136,-0.06833,-0.01251,-0.94775,-0.64,0.78,0.07,0.31136,-0.06833,-0.01251,-0.94775,-0.6,0.79,0.11,0.35522,-0.16093,0.64716,-0.65506,-0.58,0.79,0.13,0.13151,0.05842,0.59566,-0.79024,-0.58,0.8,0.16,-0.05739,0.15059,0.63595,-0.75472,-0.59,0.81,0.19,-0.05739,0.15059,0.63595,-0.75472,-0.61,0.79,0.11,0.31136,-0.06833,-0.01251,-0.94775,-0.6,0.83,0.15,0.01205,-0.03806,0.03434,-0.99861,-0.6,0.83,0.19,-0.40461,-0.02484,0.02145,-0.9139,-0.6,0.81,0.2,-0.56431,0.00706,0.01916,-0.82531,-0.6,0.79,0.21,-0.56431,0.00706,0.01916,-0.82531,-0.63,0.79,0.1,0.31136,-0.06833,-0.01251,-0.94775,-0.62,0.83,0.15,0.05307,-0.0232,-0.0304,-0.99786,-0.62,0.84,0.19,-0.3864,-0.03576,-0.03013,-0.92115,-0.62,0.82,0.21,-0.5634,-0.02443,-0.08285,-0.82166,-0.62,0.8,0.22,-0.5634,-0.02443,-0.08285,-0.82166,-0.65,0.8,0.11,0.31136,-0.06833,-0.01251,-0.94775,-0.64,0.83,0.15,0.07689,-0.01068,-0.08725,-0.99316,-0.64,0.83,0.19,-0.3691,-0.06332,-0.11346,-0.92026,-0.64,0.82,0.21,-0.58633,-0.11095,-0.11971,-0.79346,-0.63,0.79,0.22,-0.58633,-0.11095,-0.11971,-0.79346,-0.66,0.79,0.11,0.26815,0.00217,-0.25077,-0.93016,-0.66,0.82,0.15,0.06265,-0.0216,-0.1699,-0.98323,-0.66,0.82,0.18,-0.34535,-0.07007,-0.21734,-0.91027,-0.66,0.81,0.19,-0.51658,-0.15788,-0.21296,-0.81417,-0.65,0.79,0.2,-0.51658,-0.15788,-0.21296,-0.81417,-0.49,0.81,0.14,0.33394,0.20509,0.11766,-0.91246,-0.47,0.77,0.09,0.33394,0.20509,0.11766,-0.91246,-0.51,0.79,0.12,0.43101,0.25508,-0.59559,-0.62804,-0.53,0.79,0.13,0.23069,0.07564,-0.57293,-0.78282,-0.55,0.8,0.16,0.10532,0.0218,-0.64837,-0.75369,-0.55,0.81,0.18,0.10532,0.0218,-0.64837,-0.75369,-0.5,0.79,0.12,0.33394,0.20509,0.11766,-0.91246,-0.52,0.83,0.15,-0.02334,0.23549,-0.02018,-0.97139,-0.53,0.83,0.19,-0.35367,0.21624,-0.07254,-0.90714,-0.54,0.82,0.2,-0.45377,0.17899,-0.08921,-0.86839,-0.55,0.8,0.21,-0.45377,0.17899,-0.08921,-0.86839,-0.48,0.79,0.12,0.33394,0.20509,0.11766,-0.91246,-0.5,0.84,0.16,0.01031,0.21852,0.06278,-0.97376,-0.51,0.84,0.2,-0.42491,0.22487,-0.02795,-0.87642,-0.52,0.82,0.21,-0.62473,0.19307,-0.01721,-0.7564,-0.53,0.79,0.22,-0.62473,0.19307,-0.01721,-0.7564,-0.46,0.79,0.13,0.33394,0.20509,0.11766,-0.91246,-0.48,0.83,0.17,0.06517,0.19733,0.13881,-0.96827,-0.49,0.83,0.2,-0.43581,0.25662,0.06028,-0.86057,-0.51,0.81,0.21,-0.68204,0.27957,0.00743,-0.67572,-0.52,0.79,0.21,-0.68204,0.27957,0.00743,-0.67572,-0.46,0.79,0.13,0.24758,0.14177,0.34593,-0.89383,-0.46,0.81,0.17,0.13882,0.18415,0.23677,-0.9438,-0.47,0.82,0.2,-0.38467,0.27441,0.18379,-0.86194,-0.48,0.81,0.21,-0.63374,0.35943,0.10101,-0.67748,-0.5,0.8,0.21,-0.63374,0.35943,0.10101,-0.67748,-0.6,0.8,0.21
13,-0.63,0.81,0.13,0.3163,-0.07738,-0.00961,-0.94545,-0.64,0.78,0.07,0.3163,-0.07738,-0.00961,-0.94545,-0.6,0.79,0.11,0.36238,-0.16494,0.64917,-0.64811,-0.58,0.79,0.13,0.14063,0.05419,0.59914,-0.78633,-0.58,0.8,0.16,-0.04787,0.14831,0.64017,-0.75226,-0.58,0.81,0.18,-0.04787,0.14831,0.64017,-0.75226,-0.61,0.79,0.1,0.3163,-0.07738,-0.00961,-0.94545,-0.6,0.83,0.15,0.01786,-0.04605,0.03988,-0.99798,-0.6,0.83,0.19,-0.39925,-0.02995,0.02984,-0.91587,-0.6,0.81,0.2,-0.55942,0.00352,0.02818,-0.8284,-0.6,0.79,0.21,-0.55942,0.00352,0.02818,-0.8284,-0.63,0.79,0.1,0.3163,-0.07738,-0.00961,-0.94545,-0.62,0.84,0.15,0.05637,-0.03108,-0.02565,-0.9976,-0.62,0.84,0.19,-0.38127,-0.04078,-0.0225,-0.92329,-0.62,0.82,0.21,-0.5588,-0.02815,-0.07446,-0.82547,-0.61,0.8,0.22,-0.5588,-0.02815,-0.07446,-0.82547,-0.65,0.8,0.11,0.3163,-0.07738,-0.00961,-0.94545,-0.64,0.83,0.15,0.08044,-0.01864,-0.083,-0.99312,-0.64,0.83,0.19,-0.3653,-0.06861,-0.10615,-0.92227,-0.64,0.82,0.21,-0.58339,-0.11435,-0.11123,-0.79637,-0.63,0.8,0.22,-0.58339,-0.11435,-0.11123,-0.79637,-0.66,0.79,0.11,0.27151,-0.00789,-0.24802,-0.9299,-0.66,0.82,0.15,0.06566,-0.02908,-0.16599,-0.98351,-0.66,0.82,0.18,-0.34266,-0.07541,-0.21086,-0.91238,-0.65,0.81,0.19,-0.51343,-0.16157,-0.20557,-0.81733,-0.64,0.79,0.2,-0.51343,-0.16157,-0.20557,-0.81733,-0.49,0.81,0.14,0.33439,0.2049,0.12001,-0.91203,-0.47,0.77,0.09,0.33439,0.2049,0.12001,-0.91203,-0.51,0.79,0.12,0.43111,0.25369,-0.59478,-0.6293,-0.53,0.79,0.13,0.22959,0.07382,-0.5718,-0.78415,-0.55,0.8,0.16,0.10355,0.01994,-0.64704,-0.75513,-0.55,0.81,0.18,0.10355,0.01994,-0.64704,-0.75513,-0.5,0.79,0.12,0.33439,0.2049,0.12001,-0.91203,-0.52,0.83,0.15,-0.02331,0.23587,-0.01783,-0.97134,-0.53,0.83,0.19,-0.3563,0.21718,-0.0711,-0.906,-0.54,0.82,0.2,-0.45652,0.18004,-0.08801,-0.86685,-0.55,0.8,0.21,-0.45652,0.18004,-0.08801,-0.86685,-0.48,0.79,0.12,0.33439,0.2049,0.12001,-0.91203,-0.5,0.84,0.16,0.0097,0.21918,0.06481,-0.97348,-0.51,0.84,0.2,-0.42718,0.22631,-0.0269,-0.87497,-0.52,0.82,0.21,-0.62728,0.19448,-0.01667,-0.75393,-0.53,0.79,0.22,-0.62728,0.19448,-0.01667,-0.75393,-0.47,0.79,0.13,0.33439,0.2049,0.12001,-0.91203,-0.48,0.83,0.17,0.06418,0.19808,0.14077,-0.9679,-0.49,0.83,0.2,-0.43997,0.25842,0.06063,-0.85789,-0.51,0.81,0.21,-0.68639,0.28115,0.00689,-0.67065,-0.52,0.79,0.21,-0.68639,0.28115,0.00689,-0.67065,-0.46,0.79,0.13,0.24774,0.14178,0.34818,-0.89291,-0.46,0.81,0.17,0.1383,0.18415,0.23917,-0.94327,-0.47,0.82,0.2,-0.38989,0.27657,0.18443,-0.85876,-0.48,0.81,0.21,-0.63952,0.36174,0.10025,-0.67091,-0.5,0.79,0.21,-0.63952,0.36174,0.10025,-0.67091,-0.6,0.8,0.21
14,-0.62,0.82,0.12,0.327,-0.0947,-0.00365,-0.94026,-0.64,0.78,0.07,0.327,-0.0947,-0.00365,-0.94026,-0.6,0.79,0.1,0.37401,-0.17314,0.65534,-0.63298,-0.58,0.79,0.13,0.15719,0.04615,0.60837,-0.77656,-0.57,0.8,0.16,-0.02914,0.14358,0.65086,-0.74493,-0.58,0.81,0.18,-0.02914,0.14358,0.65086,-0.74493,-0.61,0.79,0.1,0.327,-0.0947,-0.00365,-0.94026,-0.6,0.83,0.15,0.0312,-0.05952,0.04964,-0.9965,-0.59,0.83,0.18,-0.3941,-0.03814,0.04472,-0.91718,-0.59,0.82,0.2,-0.55719,-0.00176,0.04423,-0.82921,-0.59,0.8,0.21,-0.55719,-0.00176,0.04423,-0.82921,-0.63,0.8,0.1,0.327,-0.0947,-0.00365,-0.94026,-0.62,0.84,0.15,0.05996,-0.04577,-0.01612,-0.99702,-0.61,0.84,0.19,-0.38355,-0.04998,-0.00726,-0.92214,-0.61,0.82,0.21,-0.56561,-0.03398,-0.05789,-0.82194,-0.61,0.8,0.22,-0.56561,-0.03398,-0.05789,-0.82194,-0.65,0.8,0.1,0.327,-0.0947,-0.00365,-0.94026,-0.64,0.83,0.15,0.07749,-0.03464,-0.07404,-0.99364,-0.64,0.84,0.19,-0.37535,-0.07947,-0.09071,-0.91901,-0.63,0.82,0.2,-0.59897,-0.12108,-0.09335,-0.78604,-0.62,0.8,0.21,-0.59897,-0.12108,-0.09335,-0.78604,-0.65,0.8,0.11,0.27921,-0.02748,-0.24235,-0.92874,-0.66,0.82,0.15,0.06252,-0.0458,-0.15785,-0.98442,-0.65,0.82,0.18,-0.35594,-0.08892,-0.19622,-0.90934,-0.65,0.81,0.19,-0.53565,-0.17346,-0.18758,-0.80486,-0.64,0.79,0.2,-0.53565,-0.17346,-0.18758,-0.80486,-0.49,0.81,0.14,0.33412,0.20393,0.12121,-0.91219,-0.47,0.77,0.09,0.33412,0.20393,0.12121,-0.91219,-0.51,0.79,0.12,0.42908,0.25423,-0.59545,-0.62984,-0.53,0.79,0.13,0.22589,0.07275,-0.57289,-0.78453,-0.55,0.8,0.16,0.09784,0.01747,-0.64772,-0.75537,-0.55,0.81,0.19,0.09784,0.01747,-0.64772,-0.75537,-0.5,0.79,0.12,0.33412,0.20393,0.12121,-0.91219,-0.52,0.83,0.15,-0.02422,0.23491,-0.01604,-0.97158,-0.53,0.83,0.19,-0.35734,0.21685,-0.06911,-0.90582,-0.54,0.82,0.2,-0.45736,0.17994,-0.08598,-0.86663,-0.55,0.8,0.21,-0.45736,0.17994,-0.08598,-0.86663,-0.48,0.79,0.12,0.33412,0.20393,0.12121,-0.91219,-0.5,0.84,0.16,0.00779,0.21913,0.06561,-0.97346,-0.51,0.84,0.2,-0.43235,0.22648,-0.02705,-0.87238,-0.52,0.82,0.21,-0.6339,0.19404,-0.01731,-0.74848,-0.53,0.79,0.22,-0.6339,0.19404,-0.01731,-0.74848,-0.47,0.79,0.13,0.33412,0.20393,0.12121,-0.91219,-0.48,0.83,0.17,0.06334,0.19778,0.14189,-0.96785,-0.49,0.83,0.2,-0.44509,0.25895,0.06053,-0.85509,-0.51,0.81,0.21,-0.69265,0.2813,0.00596,-0.66413,-0.52,0.79,0.21,-0.69265,0.2813,0.00596,-0.66413,-0.46,0.79,0.13,0.2475,0.14079,0.34935,-0.89268,-0.46,0.81,0.17,0.1383,0.1833,0.24053,-0.94309,-0.47,0.82,0.2,-0.39506,0.27757,0.18456,-0.85605,-0.48,0.81,0.21,-0.64732,0.363,0.09842,-0.66296,-0.5,0.79,0.21,-0.64732,0.363,0.09842,-0.66296,-0.6,0.8,0.21
15,-0.62,0.81,0.12,0.31362,-0.09732,0.00698,-0.94452,-0.64,0.78,0.07,0.31362,-0.09732,0.00698,-0.94452,-0.6,0.78,0.1,0.35627,-0.187,0.6661,-0.62802,-0.58,0.79,0.13,0.1414,0.03786,0.62411,-0.7675,-0.57,0.8,0.16,-0.04116,0.13624,0.66695,-0.73139,-0.58,0.8,0.18,-0.04116,0.13624,0.66695,-0.73139,-0.61,0.79,0.1,0.31362,-0.09732,0.00698,-0.94452,-0.6,0.83,0.15,0.01815,-0.05812,0.06024,-0.99633,-0.59,0.83,0.18,-0.41132,-0.03175,0.05389,-0.90934,-0.59,0.81,0.2,-0.57643,0.00653,0.05262,-0.81542,-0.59,0.79,0.21,-0.57643,0.00653,0.05262,-0.81542,-0.63,0.79,0.1,0.31362,-0.09732,0.00698,-0.94452,-0.62,0.83,0.15,0.04582,-0.04328,-0.0055,-0.998,-0.61,0.84,0.19,-0.4004,-0.0429,0.00133,-0.91533,-0.61,0.82,0.21,-0.58444,-0.02417,-0.05094,-0.80948,-0.61,0.8,0.22,-0.58444,-0.02417,-0.05094,-0.80948,-0.64,0.8,0.1,0.31362,-0.09732,0.00698,-0.94452,-0.64,0.83,0.15,0.06038,-0.03042,-0.06389,-0.99566,-0.63,0.83,0.19,-0.39636,-0.07088,-0.08355,-0.91154,-0.63,0.81,0.2,-0.62187,-0.1106,-0.08886,-0.77017,-0.62,0.79,0.21,-0.62187,-0.1106,-0.08886,-0.77017,-0.65,0.79,0.11,0.26713,-0.02646,-0.23102,-0.93519,-0.66,0.82,0.15,0.04258,-0.03754,-0.14988,-0.98707,-0.65,0.82,0.18,-0.38079,-0.07789,-0.19187,-0.90118,-0.65,0.81,0.19,-0.56284,-0.16231,-0.18624,-0.78879,-0.64,0.79,0.2,-0.56284,-0.16231,-0.18624,-0.78879,-0.49,0.81,0.14,0.33271,0.20344,0.12061,-0.91289,-0.47,0.77,0.09,0.33271,0.20344,0.12061,-0.91289,-0.51,0.79,0.12,0.42384,0.25722,-0.59911,-0.6287,-0.53,0.79,0.13,0.21917,0.07261,-0.5779,-0.78277,-0.55,0.8,0.16,0.08909,0.01533,-0.65205,-0.75277,-0.55,0.81,0.19,0.08909,0.01533,-0.65205,-0.75277,-0.5,0.79,0.12,0.33271,0.20344,0.12061,-0.91289,-0.52,0.83,0.15,-0.02629,0.23444,-0.01667,-0.97163,-0.53,0.83,0.19,-0.35883,0.21617,-0.06943,-0.90537,-0.54,0.81,0.2,-0.45936,0.17917,-0.0864,-0.86569,-0.55,0.8,0.21,-0.45936,0.17917,-0.0864,-0.86569,-0.48,0.79,0.12,0.33271,0.20344,0.12061,-0.91289,-0.5,0.83,0.16,0.00815,0.219,0.06509,-0.97352,-0.51,0.84,0.2,-0.43186,0.22614,-0.02741,-0.8727,-0.52,0.82,0.21,-0.63438,0.19356,-0.01771,-0.74819,-0.53,0.79,0.22,-0.63438,0.19356,-0.01771,-0.74819,-0.47,0.79,0.13,0.33271,0.20344,0.12061,-0.91289,-0.48,0.83,0.17,0.06489,0.19694,0.14182,-0.96793,-0.49,0.83,0.2,-0.44429,0.25829,0.06073,-0.85569,-0.51,0.81,0.21,-0.69305,0.28069,0.00602,-0.66397,-0.52,0.79,0.21,-0.69305,0.28069,0.00602,-0.66397,-0.46,0.79,0.13,0.24631,0.13991,0.34872,-0.89339,-0.46,0.81,0.17,0.14092,0.18175,0.24042,-0.94303,-0.47,0.82,0.2,-0.39393,0.27666,0.18497,-0.85677,-0.48,0.81,0.21,-0.64848,0.36251,0.09809,-0.66215,-0.5,0.79,0.21,-0.64848,0.36251,0.09809,-0.66215,-0.6,0.8,0.21
16,-0.62,0.81,0.13,0.30355,-0.08399,0.00761,-0.94908,-0.64,0.78,0.07,0.30355,-0.08399,0.00761,-0.94908,-0.6,0.78,0.11,0.33947,-0.18091,0.66905,-0.63592,-0.58,0.79,0.13,0.12458,0.04541,0.62492,-0.76934,-0.58,0.8,0.16,-0.05776,0.14165,0.66591,-0.73018,-0.58,0.8,0.18,-0.05776,0.14165,0.66591,-0.73018,-0.61,0.79,0.1,0.30355,-0.08399,0.00761,-0.94908,-0.6,0.83,0.15,0.00741,-0.04526,0.05701,-0.99732,-0.59,0.83,0.19,-0.41895,-0.02135,0.04535,-0.90662,-0.59,0.81,0.2,-0.58387,0.0152,0.04247,-0.81059,-0.6,0.79,0.21,-0.58387,0.0152,0.04247,-0.81059,-0.63,0.79,0.1,0.30355,-0.08399,0.00761,-0.94908,-0.62,0.83,0.15,0.03952,-0.02814,-0.00911,-0.99878,-0.62,0.84,0.19,-0.4017,-0.0308,-0.00875,-0.91521,-0.61,0.82,0.21,-0.58277,-0.01436,-0.06314,-0.81005,-0.61,0.79,0.22,-0.58277,-0.01436,-0.06314,-0.81005,-0.65,0.8,0.1,0.30355,-0.08399,0.00761,-0.94908,-0.64,0.83,0.15,0.05768,-0.01283,-0.06785,-0.99594,-0.64,0.83,0.19,-0.39494,-0.05659,-0.09519,-0.91201,-0.63,0.81,0.21,-0.61719,-0.09974,-0.10398,-0.77351,-0.63,0.79,0.21,-0.61719,-0.09974,-0.10398,-0.77351,-0.65,0.79,0.11,0.26015,-0.01081,-0.23019,-0.93767,-0.66,0.82,0.15,0.04028,-0.01478,-0.15558,-0.98689,-0.66,0.82,0.18,-0.37999,-0.05925,-0.20652,-0.89969,-0.65,0.81,0.19,-0.55584,-0.14619,-0.20535,-0.79215,-0.64,0.79,0.2,-0.55584,-0.14619,-0.20535,-0.79215,-0.49,0.81,0.14,0.32993,0.20334,0.11955,-0.91406,-0.47,0.77,0.09,0.32993,0.20334,0.11955,-0.91406,-0.51,0.79,0.12,0.41866,0.26132,-0.602,-0.62772,-0.53,0.79,0.13,0.2131,0.07433,-0.58237,-0.78097,-0.55,0.8,0.16,0.08395,0.01741,-0.6563,-0.74962,-0.55,0.8,0.19,0.08395,0.01741,-0.6563,-0.74962,-0.5,0.79,0.12,0.32993,0.20334,0.11955,-0.91406,-0.52,0.83,0.15,-0.02802,0.23511,-0.01813,-0.9714,-0.53,0.83,0.19,-0.36053,0.21626,-0.07107,-0.90454,-0.54,0.81,0.2,-0.46176,0.17898,-0.08828,-0.86426,-0.55,0.8,0.21,-0.46176,0.17898,-0.08828,-0.86426,-0.48,0.79,0.12,0.32993,0.20334,0.11955,-0.91406,-0.5,0.83,0.16,0.00855,0.21933,0.06404,-0.97351,-0.51,0.84,0.2,-0.42926,0.22604,-0.02792,-0.87399,-0.52,0.82,0.21,-0.63178,0.19358,-0.01807,-0.75037,-0.53,0.79,0.22,-0.63178,0.19358,-0.01807,-0.75037,-0.47,0.79,0.13,0.32993,0.20334,0.11955,-0.91406,-0.48,0.83,0.17,0.06597,0.19626,0.14126,-0.96808,-0.49,0.83,0.2,-0.44166,0.25736,0.06107,-0.85731,-0.51,0.81,0.21,-0.69073,0.28004,0.00669,-0.66665,-0.52,0.79,0.21,-0.69073,0.28004,0.00669,-0.66665,-0.46,0.79,0.13,0.24377,0.13905,0.34755,-0.89468,-0.46,0.81,0.17,0.14133,0.18055,0.23961,-0.94341,-0.47,0.82,0.2,-0.39273,0.27506,0.18521,-0.85779,-0.48,0.81,0.21,-0.64794,0.36115,0.09866,-0.66333,-0.5,0.79,0.21,-0.64794,0.36115,0.09866,-0.66333,-0.6,0.8,0.21
17,-0.63,0.81,0.13,0.30392,-0.06349,-0.01181,-0.95051,-0.64,0.78,0.07,0.30392,-0.06349,-0.01181,-0.95051,-0.6,0.79,0.11,0.33425,-0.15677,0.65833,-0.65597,-0.58,0.79,0.13,0.11813,0.06313,0.60564,-0.78439,-0.58,0.8,0.16,-0.06828,0.1548,0.64427,-0.74585,-0.59,0.81,0.19,-0.06828,0.1548,0.64427,-0.74585,-0.61,0.79,0.1,0.30392,-0.06349,-0.01181,-0.95051,-0.6,0.83,0.15,0.00517,-0.02981,0.03141,-0.99905,-0.6,0.83,0.19,-0.40553,-0.01846,0.01521,-0.91377,-0.6,0.81,0.2,-0.56744,0.0122,0.0119,-0.82324,-0.6,0.79,0.21,-0.56744,0.0122,0.0119,-0.82324,-0.63,0.79,0.1,0.30392,-0.06349,-0.01181,-0.95051,-0.62,0.83,0.15,0.04019,-0.01198,-0.03415,-0.99854,-0.62,0.84,0.19,-0.39436,-0.02696,-0.0385,-0.91775,-0.62,0.82,0.21,-0.56865,-0.01692,-0.09255,-0.81718,-0.62,0.8,0.22,-0.56865,-0.01692,-0.09255,-0.81718,-0.65,0.8,0.1,0.30392,-0.06349,-0.01181,-0.95051,-0.64,0.83,0.15,0.06602,0.00403,-0.09217,-0.99354,-0.64,0.83,0.19,-0.37526,-0.05148,-0.12462,-0.91706,-0.64,0.81,0.21,-0.58742,-0.10172,-0.1338,-0.79164,-0.63,0.79,0.21,-0.58742,-0.10172,-0.1338,-0.79164,-0.66,0.79,0.11,0.262,0.0088,-0.24971,-0.93216,-0.66,0.82,0.15,0.0521,0.00071,-0.17823,-0.98261,-0.66,0.82,0.18,-0.35077,-0.05173,-0.23368,-0.90536,-0.66,0.81,0.19,-0.50824,-0.14011,-0.23452,-0.81674,-0.65,0.79,0.2,-0.50824,-0.14011,-0.23452,-0.81674,-0.49,0.81,0.14,0.32692,0.20558,0.12204,-0.91431,-0.47,0.77,0.09,0.32692,0.20558,0.12204,-0.91431,-0.51,0.79,0.12,0.41916,0.26498,-0.59902,-0.6287,-0.54,0.79,0.13,0.21198,0.07802,-0.58069,-0.78216,-0.55,0.8,0.16,0.08398,0.02222,-0.65522,-0.75043,-0.55,0.8,0.19,0.08398,0.02222,-0.65522,-0.75043,-0.5,0.79,0.12,0.32692,0.20558,0.12204,-0.91431,-0.52,0.83,0.15,-0.02783,0.23936,-0.01672,-0.97039,-0.54,0.83,0.19,-0.3602,0.22073,-0.07123,-0.90358,-0.54,0.81,0.2,-0.46235,0.18335,-0.08917,-0.86294,-0.55,0.8,0.21,-0.46235,0.18335,-0.08917,-0.86294,-0.48,0.79,0.12,0.32692,0.20558,0.12204,-0.91431,-0.5,0.83,0.16,0.00694,0.22233,0.06578,-0.97273,-0.52,0.84,0.2,-0.42963,0.22951,-0.0275,-0.87292,-0.53,0.81,0.21,-0.63281,0.19693,-0.01864,-0.74862,-0.53,0.79,0.22,-0.63281,0.19693,-0.01864,-0.74862,-0.47,0.79,0.13,0.32692,0.20558,0.12204,-0.91431,-0.48,0.82,0.17,0.06355,0.19863,0.14318,-0.96748,-0.49,0.83,0.2,-0.44294,0.26023,0.06168,-0.85573,-0.51,0.81,0.21,-0.69214,0.28284,0.00616,-0.66401,-0.52,0.79,0.21,-0.69214,0.28284,0.00616,-0.66401,-0.46,0.79,0.13,0.24004,0.14061,0.34955,-0.89466,-0.46,0.81,0.17,0.13869,0.18168,0.24191,-0.94299,-0.47,0.82,0.2,-0.39443,0.27693,0.18662,-0.8561,-0.48,0.81,0.21,-0.64932,0.36336,0.09924,-0.66069,-0.5,0.79,0.21,-0.64932,0.36336,0.09924,-0.66069,-0.6,0.8,0.21
18,-0.63,0.82,0.13,0.30927,-0.06291,-0.03533,-0.94823,-0.64,0.78,0.07,0.30927,-0.06291,-0.03533,-0.94823,-0.61,0.79,0.11,0.34607,-0.1473,0.64116,-0.66892,-0.59,0.8,0.13,0.12721,0.06463,0.58494,-0.79843,-0.58,0.81,0.16,-0.05822,0.14966,0.62612,-0.76301,-0.59,0.81,0.19,-0.05822,0.14966,0.62612,-0.76301,-0.62,0.8,0.11,0.30927,-0.06291,-0.03533,-0.94823,-0.61,0.83,0.15,0.00988,-0.03479,0.00773,-0.99932,-0.6,0.83,0.19,-0.39691,-0.0328,-0.0045,-0.91726,-0.6,0.82,0.2,-0.55826,-0.00556,-0.00512,-0.82963,-0.6,0.8,0.21,-0.55826,-0.00556,-0.00512,-0.82963,-0.63,0.8,0.1,0.30927,-0.06291,-0.03533,-0.94823,-0.63,0.84,0.15,0.04192,-0.01658,-0.05801,-0.9973,-0.63,0.84,0.19,-0.39128,-0.04136,-0.05808,-0.91751,-0.62,0.82,0.21,-0.56266,-0.03483,-0.10861,-0.81878,-0.62,0.8,0.22,-0.56266,-0.03483,-0.10861,-0.81878,-0.65,0.8,0.11,0.30927,-0.06291,-0.03533,-0.94823,-0.65,0.83,0.15,0.07347,-0.00022,-0.11582,-0.99055,-0.65,0.83,0.19,-0.35549,-0.06421,-0.14434,-0.92123,-0.64,0.82,0.21,-0.55644,-0.11774,-0.1501,-0.80869,-0.63,0.8,0.22,-0.55644,-0.11774,-0.1501,-0.80869,-0.66,0.79,0.11,0.26404,0.0075,-0.27277,-0.92511,-0.67,0.82,0.15,0.07799,-0.00349,-0.19873,-0.97694,-0.67,0.82,0.18,-0.29395,-0.05757,-0.25162,-0.92031,-0.66,0.81,0.19,-0.42827,-0.14288,-0.25151,-0.8561,-0.65,0.8,0.21,-0.42827,-0.14288,-0.25151,-0.8561,-0.49,0.81,0.14,0.32669,0.20451,0.12416,-0.91435,-0.47,0.77,0.09,0.32669,0.20451,0.12416,-0.91435,-0.51,0.79,0.12,0.41989,0.2629,-0.59691,-0.63108,-0.54,0.79,0.13,0.21295,0.07734,-0.57769,-0.78418,-0.55,0.8,0.16,0.08494,0.02212,-0.65238,-0.75279,-0.55,0.8,0.19,0.08494,0.02212,-0.65238,-0.75279,-0.5,0.79,0.12,0.32669,0.20451,0.12416,-0.91435,-0.52,0.83,0.15,-0.02851,0.23923,-0.01453,-0.97043,-0.53,0.83,0.19,-0.35943,0.22144,-0.06877,-0.9039,-0.54,0.81,0.2,-0.46104,0.18439,-0.08663,-0.86367,-0.55,0.8,0.21,-0.46104,0.18439,-0.08663,-0.86367,-0.48,0.79,0.12,0.32669,0.20451,0.12416,-0.91435,-0.5,0.83,0.16,0.00621,0.22182,0.06818,-0.97268,-0.51,0.84,0.2,-0.42943,0.23014,-0.02492,-0.87293,-0.53,0.81,0.21,-0.63224,0.19819,-0.01621,-0.74882,-0.53,0.79,0.22,-0.63224,0.19819,-0.01621,-0.74882,-0.47,0.79,0.13,0.32669,0.20451,0.12416,-0.91435,-0.48,0.82,0.17,0.06305,0.19787,0.14561,-0.9673,-0.49,0.83,0.2,-0.44312,0.26078,0.06419,-0.85529,-0.51,0.81,0.21,-0.69196,0.28414,0.00841,-0.66361,-0.52,0.79,0.21,-0.69196,0.28414,0.00841,-0.66361,-0.46,0.79,0.13,0.23974,0.13956,0.3516,-0.89411,-0.46,0.81,0.17,0.13887,0.17983,0.24461,-0.94263,-0.47,0.82,0.2,-0.39385,0.27677,0.18988,-0.8557,-0.48,0.81,0.21,-0.64846,0.36428,0.10235,-0.66055,-0.5,0.79,0.21,-0.64846,0.36428,0.10235,-0.66055,-0.6,0.8,0.21
19,-0.63,0.81,0.13,0.3026,-0.06525,-0.04342,-0.94989,-0.64,0.78,0.07,0.3026,-0.06525,-0.04342,-0.94989,-0.61,0.79,0.11,0.34709,-0.15143,0.63278,-0.67541,-0.59,0.8,0.13,0.12424,0.05911,0.57778,-0.80451,-0.59,0.81,0.16,-0.04927,0.13225,0.62379,-0.76875,-0.59,0.81,0.19,-0.04927,0.13225,0.62379,-0.76875,-0.62,0.79,0.11,0.3026,-0.06525,-0.04342,-0.94989,-0.61,0.83,0.15,0.00408,-0.04002,0.00113,-0.99919,-0.61,0.83,0.19,-0.39364,-0.04002,-0.00883,-0.91835,-0.61,0.81,0.21,-0.55369,-0.01344,-0.00821,-0.83257,-0.6,0.79,0.22,-0.55369,-0.01344,-0.00821,-0.83257,-0.64,0.79,0.11,0.3026,-0.06525,-0.04342,-0.94989,-0.63,0.83,0.15,0.04408,-0.01919,-0.06556,-0.99669,-0.63,0.84,0.19,-0.36927,-0.04562,-0.06472,-0.92594,-0.63,0.82,0.21,-0.53098,-0.04082,-0.11407,-0.83868,-0.62,0.8,0.23,-0.53098,-0.04082,-0.11407,-0.83868,-0.65,0.8,0.11,0.3026,-0.06525,-0.04342,-0.94989,-0.65,0.83,0.15,0.11196,0.00307,-0.12351,-0.986,-0.65,0.83,0.19,-0.28698,-0.06115,-0.15349,-0.94358,-0.65,0.82,0.21,-0.46853,-0.1149,-0.15959,-0.86128,-0.64,0.8,0.23,-0.46853,-0.1149,-0.15959,-0.86128,-0.66,0.79,0.11,0.25593,0.0067,-0.27997,-0.92524,-0.67,0.81,0.15,0.15321,0.01267,-0.20159,-0.96733,-0.67,0.82,0.18,-0.17625,-0.03745,-0.26149,-0.94824,-0.67,0.82,0.2,-0.27381,-0.11438,-0.26246,-0.91818,-0.66,0.81,0.22,-0.27381,-0.11438,-0.26246,-0.91818,-0.49,0.81,0.14,0.32565,0.20307,0.12425,-0.91503,-0.47,0.77,0.09,0.32565,0.20307,0.12425,-0.91503,-0.51,0.79,0.12,0.42132,0.2596,-0.59445,-0.63382,-0.53,0.79,0.13,0.21584,0.07659,-0.57372,-0.78638,-0.55,0.8,0.16,0.08638,0.02071,-0.64861,-0.75592,-0.55,0.8,0.19,0.08638,0.02071,-0.64861,-0.75592,-0.5,0.79,0.12,0.32565,0.20307,0.12425,-0.91503,-0.52,0.83,0.15,-0.03173,0.23777,-0.01427,-0.9707,-0.53,0.83,0.19,-0.35837,0.22037,-0.067,-0.90472,-0.54,0.81,0.2,-0.45848,0.18367,-0.08434,-0.86542,-0.55,0.8,0.21,-0.45848,0.18367,-0.08434,-0.86542,-0.48,0.79,0.12,0.32565,0.20307,0.12425,-0.91503,-0.5,0.83,0.16,0.00426,0.22023,0.06877,-0.97301,-0.51,0.84,0.2,-0.43051,0.22897,-0.02347,-0.87275,-0.52,0.81,0.21,-0.63257,0.19737,-0.01444,-0.74879,-0.53,0.79,0.22,-0.63257,0.19737,-0.01444,-0.74879,-0.47,0.79,0.13,0.32565,0.20307,0.12425,-0.91503,-0.48,0.82,0.17,0.06192,0.19628,0.14611,-0.96762,-0.49,0.83,0.2,-0.44452,0.25965,0.06536,-0.85482,-0.51,0.81,0.21,-0.69304,0.2834,0.00993,-0.66278,-0.52,0.79,0.21,-0.69304,0.2834,0.00993,-0.66278,-0.46,0.79,0.13,0.239,0.13785,0.35171,-0.89453,-0.46,0.81,0.17,0.13732,0.17775,0.2451,-0.94312,-0.47,0.82,0.2,-0.39505,0.27509,0.19146,-0.85534,-0.48,0.81,0.21,-0.64961,0.36323,0.10435,-0.65968,-0.5,0.79,0.21,-0.64961,0.36323,0.10435,-0.65968,-0.6,0.8,0.21
20,-0.63,0.81,0.13,0.28499,-0.07111,-0.05506,-0.9543,-0.64,0.78,0.07,0.28499,-0.07111,-0.05506,-0.9543,-0.61,0.79,0.11,0.34524,-0.16582,0.61834,-0.68627,-0.59,0.8,0.13,0.11215,0.0451,0.56806,-0.81406,-0.59,0.8,0.16,-0.05129,0.10735,0.61919,-0.77618,-0.59,0.81,0.19,-0.05129,0.10735,0.61919,-0.77618,-0.62,0.79,0.11,0.28499,-0.07111,-0.05506,-0.9543,-0.61,0.83,0.15,0.00032,-0.04993,-0.00847,-0.99872,-0.61,0.83,0.19,-0.38717,-0.05266,-0.0143,-0.92039,-0.6,0.81,0.21,-0.54189,-0.02674,-0.01182,-0.83994,-0.6,0.79,0.22,-0.54189,-0.02674,-0.01182,-0.83994,-0.64,0.79,0.11,0.28499,-0.07111,-0.05506,-0.9543,-0.63,0.83,0.15,0.03376,-0.02579,-0.0749,-0.99629,-0.63,0.83,0.2,-0.36468,-0.05429,-0.07132,-0.92681,-0.63,0.82,0.22,-0.51299,-0.04967,-0.11847,-0.84873,-0.62,0.8,0.23,-0.51299,-0.04967,-0.11847,-0.84873,-0.65,0.79,0.11,0.28499,-0.07111,-0.05506,-0.9543,-0.65,0.82,0.15,0.10933,-0.00069,-0.13261,-0.98512,-0.65,0.83,0.19,-0.28278,-0.06705,-0.16064,-0.94326,-0.65,0.82,0.21,-0.45386,-0.12062,-0.16593,-0.86714,-0.64,0.8,0.23,-0.45386,-0.12062,-0.16593,-0.86714,-0.66,0.79,0.11,0.23596,0.00508,-0.28957,-0.9276,-0.67,0.81,0.15,0.14763,0.01574,-0.21083,-0.96618,-0.67,0.82,0.18,-0.18247,-0.03759,-0.27099,-0.94438,-0.67,0.81,0.2,-0.27556,-0.11448,-0.27245,-0.91473,-0.66,0.8,0.22,-0.27556,-0.11448,-0.27245,-0.91473,-0.49,0.81,0.14,0.32387,0.2037,0.12563,-0.91533,-0.47,0.77,0.09,0.32387,0.2037,0.12563,-0.91533,-0.51,0.79,0.12,0.42485,0.25788,-0.58971,-0.63659,-0.54,0.79,0.13,0.22303,0.08005,-0.56753,-0.78851,-0.55,0.8,0.16,0.08809,0.01975,-0.64317,-0.76038,-0.55,0.81,0.19,0.08809,0.01975,-0.64317,-0.76038,-0.5,0.79,0.12,0.32387,0.2037,0.12563,-0.91533,-0.52,0.83,0.15,-0.03444,0.23888,-0.01344,-0.97034,-0.53,0.83,0.19,-0.35624,0.22196,-0.06546,-0.90528,-0.54,0.81,0.2,-0.4551,0.18556,-0.08259,-0.86697,-0.55,0.8,0.21,-0.4551,0.18556,-0.08259,-0.86697,-0.48,0.79,0.12,0.32387,0.2037,0.12563,-0.91533,-0.5,0.83,0.16,0.00484,0.22046,0.07086,-0.97281,-0.51,0.84,0.2,-0.43124,0.23008,-0.02206,-0.87213,-0.53,0.82,0.21,-0.63505,0.19854,-0.01366,-0.7464,-0.53,0.79,0.22,-0.63505,0.19854,-0.01366,-0.7464,-0.47,0.79,0.13,0.32387,0.2037,0.12563,-0.91533,-0.48,0.82,0.17,0.06351,0.19623,0.14814,-0.96722,-0.49,0.83,0.2,-0.44391,0.26077,0.06682,-0.85468,-0.51,0.81,0.21,-0.69334,0.28487,0.01062,-0.66183,-0.52,0.79,0.21,-0.69334,0.28487,0.01062,-0.66183,-0.46,0.79,0.13,0.23696,0.13808,0.35284,-0.89459,-0.46,0.81,0.17,0.13614,0.17831,0.24624,-0.94289,-0.47,0.82,0.2,-0.39289,0.27545,0.19295,-0.85588,-0.48,0.81,0.21,-0.64794,0.36412,0.10541,-0.66066,-0.5,0.79,0.21,-0.64794,0.36412,0.10541,-0.66066,-0.6,0.8,0.21
21,-0.63,0.81,0.13,0.29191,-0.07222,-0.05387,-0.95219,-0.64,0.78,0.07,0.29191,-0.07222,-0.05387,-0.95219,-0.61,0.79,0.11,0.34858,-0.16177,0.62153,-0.68266,-0.59,0.79,0.13,0.1148,0.05107,0.56991,-0.81205,-0.59,0.8,0.16,-0.04355,0.10943,0.62124,-0.77472,-0.59,0.81,0.19,-0.04355,0.10943,0.62124,-0.77472,-0.62,0.79,0.11,0.29191,-0.07222,-0.05387,-0.95219,-0.61,0.83,0.15,0.0132,-0.0486,-0.0088,-0.99869,-0.61,0.83,0.19,-0.37615,-0.05191,-0.01501,-0.92498,-0.6,0.81,0.21,-0.5293,-0.02614,-0.01312,-0.84793,-0.6,0.79,0.22,-0.5293,-0.02614,-0.01312,-0.84793,-0.64,0.79,0.11,0.29191,-0.07222,-0.05387,-0.95219,-0.63,0.83,0.15,0.03939,-0.02519,-0.07481,-0.9961,-0.63,0.83,0.2,-0.36856,-0.05446,-0.07095,-0.92529,-0.63,0.82,0.22,-0.51943,-0.04977,-0.11813,-0.84484,-0.62,0.79,0.23,-0.51943,-0.04977,-0.11813,-0.84484,-0.65,0.79,0.11,0.29191,-0.07222,-0.05387,-0.95219,-0.65,0.82,0.15,0.10956,-0.00192,-0.13227,-0.98514,-0.65,0.83,0.19,-0.28797,-0.06893,-0.15958,-0.94173,-0.65,0.82,0.21,-0.46144,-0.12256,-0.16448,-0.86313,-0.64,0.8,0.23,-0.46144,-0.12256,-0.16448,-0.86313,-0.66,0.79,0.11,0.24264,0.0023,-0.28893,-0.92609,-0.67,0.81,0.15,0.1386,0.00918,-0.21091,-0.96759,-0.67,0.82,0.18,-0.19273,-0.0434,-0.26875,-0.94273,-0.67,0.81,0.2,-0.28757,-0.12046,-0.2699,-0.91101,-0.66,0.8,0.22,-0.28757,-0.12046,-0.2699,-0.91101,-0.49,0.81,0.14,0.32091,0.20331,0.1266,-0.91633,-0.47,0.77,0.09,0.32091,0.20331,0.1266,-0.91633,-0.51,0.79,0.12,0.42423,0.25881,-0.58746,-0.6387,-0.53,0.79,0.13,0.22336,0.08271,-0.56522,-0.7898,-0.55,0.8,0.16,0.08516,0.01992,-0.6412,-0.76237,-0.55,0.81,0.19,0.08516,0.01992,-0.6412,-0.76237,-0.5,0.79,0.12,0.32091,0.20331,0.1266,-0.91633,-0.52,0.83,0.15,-0.03809,0.23841,-0.01198,-0.97034,-0.53,0.83,0.19,-0.35862,0.22196,-0.06365,-0.90448,-0.54,0.81,0.2,-0.4576,0.18573,-0.08091,-0.86577,-0.55,0.8,0.22,-0.4576,0.18573,-0.08091,-0.86577,-0.48,0.79,0.12,0.32091,0.20331,0.1266,-0.91633,-0.5,0.83,0.16,0.00145,0.21961,0.07237,-0.9729,-0.51,0.84,0.2,-0.43637,0.22989,-0.02086,-0.86965,-0.52,0.81,0.21,-0.64163,0.19806,-0.01293,-0.74089,-0.53,0.79,0.22,-0.64163,0.19806,-0.01293,-0.74089,-0.47,0.79,0.13,0.32091,0.20331,0.1266,-0.91633,-0.48,0.82,0.17,0.06052,0.19547,0.14932,-0.96739,-0.49,0.83,0.2,-0.44755,0.26065,0.06798,-0.85272,-0.51,0.81,0.21,-0.69753,0.28491,0.01134,-0.65738,-0.52,0.79,0.21,-0.69753,0.28491,0.01134,-0.65738,-0.46,0.79,0.13,0.23402,0.13697,0.35358,-0.89524,-0.46,0.81,0.17,0.13271,0.17839,0.24677,-0.94322,-0.47,0.82,0.2,-0.39326,0.27496,0.19408,-0.85562,-0.48,0.81,0.21,-0.64894,0.36412,0.10626,-0.65955,-0.5,0.79,0.21,-0.64894,0.36412,0.10626,-0.65955,-0.6,0.8,0.21
22,-0.63,0.81,0.13,0.30615,-0.09822,-0.02495,-0.94658,-0.64,0.78,0.07,0.30615,-0.09822,-0.02495,-0.94658,-0.61,0.78,0.11,0.36538,-0.17277,0.64159,-0.65192,-0.58,0.79,0.13,0.13935,0.04574,0.59418,-0.79084,-0.58,0.8,0.16,-0.01279,0.10735,0.64638,-0.75532,-0.58,0.8,0.19,-0.01279,0.10735,0.64638,-0.75532,-0.62,0.79,0.11,0.30615,-0.09822,-0.02495,-0.94658,-0.6,0.83,0.15,0.03088,-0.0644,0.02515,-0.99713,-0.6,0.83,0.19,-0.35985,-0.05376,0.02249,-0.93119,-0.59,0.81,0.2,-0.51287,-0.02172,0.02363,-0.85787,-0.59,0.79,0.22,-0.51287,-0.02172,0.02363,-0.85787,-0.63,0.79,0.11,0.30615,-0.09822,-0.02495,-0.94658,-0.62,0.83,0.15,0.06467,-0.04121,-0.0429,-0.99613,-0.62,0.84,0.19,-0.34714,-0.05653,-0.03519,-0.93545,-0.62,0.82,0.21,-0.49812,-0.0471,-0.08295,-0.86185,-0.61,0.8,0.23,-0.49812,-0.0471,-0.08295,-0.86185,-0.65,0.79,0.11,0.30615,-0.09822,-0.02495,-0.94658,-0.64,0.82,0.15,0.12652,-0.02148,-0.10161,-0.98651,-0.64,0.83,0.19,-0.27279,-0.07529,-0.12366,-0.95112,-0.64,0.82,0.21,-0.4471,-0.12204,-0.12786,-0.87685,-0.63,0.8,0.23,-0.4471,-0.12204,-0.12786,-0.87685,-0.66,0.79,0.11,0.25519,-0.02608,-0.26129,-0.93055,-0.66,0.81,0.15,0.14857,-0.01382,-0.18127,-0.97205,-0.66,0.82,0.18,-0.1826,-0.05516,-0.23389,-0.95337,-0.66,0.82,0.2,-0.27632,-0.1276,-0.23383,-0.92341,-0.65,0.81,0.22,-0.27632,-0.1276,-0.23383,-0.92341,-0.49,0.81,0.14,0.31779,0.20474,0.12536,-0.91727,-0.47,0.78,0.09,0.31779,0.20474,0.12536,-0.91727,-0.51,0.79,0.12,0.42208,0.26393,-0.58802,-0.63751,-0.53,0.79,0.13,0.22085,0.087,-0.56751,-0.78841,-0.55,0.8,0.16,0.08259,0.02351,-0.64381,-0.76035,-0.55,0.81,0.19,0.08259,0.02351,-0.64381,-0.76035,-0.5,0.79,0.12,0.31779,0.20474,0.12536,-0.91727,-0.52,0.83,0.15,-0.0417,0.23883,-0.01324,-0.97008,-0.53,0.83,0.19,-0.36208,0.22185,-0.06501,-0.90303,-0.54,0.81,0.2,-0.46185,0.18536,-0.0826,-0.86343,-0.55,0.79,0.21,-0.46185,0.18536,-0.0826,-0.86343,-0.48,0.79,0.12,0.31779,0.20474,0.12536,-0.91727,-0.5,0.83,0.16,-0.00246,0.21976,0.07113,-0.97295,-0.51,0.83,0.2,-0.44168,0.22937,-0.02249,-0.86707,-0.53,0.81,0.21,-0.64878,0.19653,-0.01494,-0.73501,-0.53,0.79,0.22,-0.64878,0.19653,-0.01494,-0.73501,-0.47,0.79,0.13,0.31779,0.20474,0.12536,-0.91727,-0.48,0.82,0.17,0.05648,0.19573,0.14789,-0.9678,-0.49,0.83,0.2,-0.45197,0.26004,0.06649,-0.8507,-0.51,0.81,0.21,-0.70293,0.28359,0.00959,-0.6522,-0.52,0.79,0.21,-0.70293,0.28359,0.00959,-0.6522,-0.46,0.79,0.13,0.23085,0.13756,0.35211,-0.89655,-0.46,0.81,0.17,0.12822,0.17973,0.24489,-0.94408,-0.47,0.82,0.2,-0.3964,0.27452,0.1921,-0.85475,-0.48,0.81,0.21,-0.65333,0.36319,0.10389,-0.6561,-0.5,0.79,0.21,-0.65333,0.36319,0.10389,-0.6561,-0.6,0.8,0.21
23,-0.61,0.82,0.11,0.3487,-0.17837,0.03824,-0.91931,-0.63,0.78,0.07,0.3487,-0.17837,0.03824,-0.91931,-0.59,0.79,0.09,0.42591,-0.20504,0.67522,-0.56625,-0.57,0.79,0.11,0.22427,0.01749,0.64084,-0.73398,-0.56,0.81,0.14,0.08324,0.09196,0.69699,-0.70628,-0.56,0.81,0.17,0.08324,0.09196,0.69699,-0.70628,-0.6,0.8,0.09,0.3487,-0.17837,0.03824,-0.91931,-0.58,0.83,0.13,0.08206,-0.12384,0.10707,-0.98309,-0.57,0.84,0.17,-0.31229,-0.07763,0.12183,-0.93894,-0.56,0.83,0.19,-0.46599,-0.02895,0.12435,-0.87553,-0.57,0.81,0.2,-0.46599,-0.02895,0.12435,-0.87553,-0.62,0.8,0.09,0.3487,-0.17837,0.03824,-0.91931,-0.6,0.84,0.13,0.11272,-0.10507,0.03461,-0.98745,-0.59,0.85,0.17,-0.27947,-0.08527,0.05991,-0.95448,-0.58,0.84,0.2,-0.42291,-0.06483,0.01508,-0.90372,-0.58,0.82,0.21,-0.42291,-0.06483,0.01508,-0.90372,-0.63,0.8,0.1,0.3487,-0.17837,0.03824,-0.91931,-0.62,0.84,0.14,0.16479,-0.09323,-0.0285,-0.9815,-0.61,0.85,0.17,-0.21912,-0.11333,-0.02956,-0.96864,-0.6,0.84,0.2,-0.39115,-0.14262,-0.02772,-0.90879,-0.6,0.82,0.21,-0.39115,-0.14262,-0.02772,-0.90879,-0.64,0.8,0.1,0.28916,-0.11514,-0.19898,-0.92926,-0.64,0.83,0.14,0.18265,-0.08804,-0.11258,-0.97274,-0.63,0.84,0.17,-0.14842,-0.10421,-0.14624,-0.97248,-0.63,0.84,0.19,-0.24105,-0.16634,-0.14067,-0.94575,-0.62,0.83,0.21,-0.24105,-0.16634,-0.14067,-0.94575,-0.49,0.81,0.14,0.31973,0.20432,0.12387,-0.91689,-0.47,0.78,0.09,0.31973,0.20432,0.12387,-0.91689,-0.51,0.79,0.12,0.42019,0.2643,-0.59164,-0.63525,-0.53,0.79,0.13,0.21874,0.08542,-0.57153,-0.78627,-0.55,0.8,0.16,0.08291,0.02346,-0.6474,-0.75726,-0.55,0.8,0.19,0.08291,0.02346,-0.6474,-0.75726,-0.5,0.79,0.12,0.31973,0.20432,0.12387,-0.91689,-0.52,0.83,0.15,-0.04028,0.238,-0.01482,-0.97032,-0.53,0.83,0.19,-0.36195,0.22051,-0.06652,-0.9033,-0.54,0.81,0.2,-0.46281,0.18376,-0.0842,-0.86311,-0.55,0.8,0.21,-0.46281,0.18376,-0.0842,-0.86311,-0.48,0.79,0.12,0.31973,0.20432,0.12387,-0.91689,-0.5,0.83,0.16,-0.0003,0.21857,0.07017,-0.97329,-0.51,0.84,0.2,-0.44021,0.2279,-0.02291,-0.86819,-0.52,0.81,0.21,-0.64863,0.195,-0.01511,-0.73555,-0.53,0.79,0.22,-0.64863,0.195,-0.01511,-0.73555,-0.46,0.79,0.13,0.31973,0.20432,0.12387,-0.91689,-0.48,0.82,0.17,0.05871,0.19474,0.14687,-0.96802,-0.49,0.83,0.2,-0.45107,0.25882,0.06585,-0.85159,-0.51,0.81,0.21,-0.70363,0.2822,0.00891,-0.65207,-0.52,0.79,0.21,-0.70363,0.2822,0.00891,-0.65207,-0.46,0.79,0.13,0.23304,0.13757,0.35087,-0.89647,-0.46,0.81,0.17,0.13068,0.17912,0.24374,-0.94416,-0.47,0.82,0.2,-0.39585,0.27391,0.19106,-0.85544,-0.48,0.81,0.21,-0.65492,0.36249,0.10218,-0.65516,-0.5,0.79,0.21,-0.65492,0.36249,0.10218,-0.65516,-0.6,0.8,0.21
24,-0.58,0.84,0.09,0.40561,-0.2712,0.04301,-0.87183,-0.62,0.8,0.06,0.40561,-0.2712,0.04301,-0.87183,-0.57,0.8,0.07,0.50819,-0.23243,0.6684,-0.49088,-0.54,0.8,0.09,0.32962,-0.02543,0.64564,-0.68837,-0.53,0.82,0.11,0.19977,0.05762,0.7099,-0.67292,-0.52,0.83,0.14,0.19977,0.05762,0.7099,-0.67292,-0.58,0.81,0.07,0.40561,-0.2712,0.04301,-0.87183,-0.55,0.85,0.1,0.14158,-0.20898,0.13742,-0.95781,-0.53,0.86,0.13,-0.25391,-0.14478,0.18451,-0.93836,-0.53,0.84,0.15,-0.40824,-0.0854,0.19621,-0.88744,-0.53,0.83,0.17,-0.40824,-0.0854,0.19621,-0.88744,-0.6,0.81,0.08,0.40561,-0.2712,0.04301,-0.87183,-0.57,0.86,0.11,0.14033,-0.19633,0.06689,-0.96814,-0.55,0.87,0.14,-0.24211,-0.15801,0.12432,-0.94919,-0.55,0.86,0.17,-0.38647,-0.12967,0.08985,-0.90871,-0.54,0.84,0.18,-0.38647,-0.12967,0.08985,-0.90871,-0.61,0.82,0.08,0.40561,-0.2712,0.04301,-0.87183,-0.59,0.86,0.11,0.15703,-0.1919,0.00409,-0.96876,-0.57,0.87,0.15,-0.22399,-0.19212,0.03774,-0.95472,-0.56,0.86,0.17,-0.39919,-0.20717,0.05315,-0.89157,-0.56,0.84,0.19,-0.39919,-0.20717,0.05315,-0.89157,-0.62,0.82,0.09,0.32657,-0.22336,-0.19082,-0.89836,-0.61,0.85,0.12,0.15891,-0.19531,-0.0866,-0.9639,-0.6,0.86,0.15,-0.18451,-0.19671,-0.08444,-0.95923,-0.59,0.85,0.17,-0.28287,-0.25148,-0.07046,-0.92292,-0.58,0.84,0.18,-0.28287,-0.25148,-0.07046,-0.92292,-0.49,0.81,0.14,0.32081,0.20396,0.12249,-0.91678,-0.47,0.78,0.09,0.32081,0.20396,0.12249,-0.91678,-0.51,0.79,0.12,0.41759,0.26575,-0.59516,-0.63308,-0.53,0.79,0.13,0.21344,0.08301,-0.5762,-0.78457,-0.55,0.8,0.16,0.08362,0.02595,-0.6516,-0.75349,-0.55,0.8,0.19,0.08362,0.02595,-0.6516,-0.75349,-0.5,0.79,0.12,0.32081,0.20396,0.12249,-0.91678,-0.52,0.83,0.15,-0.04106,0.23799,-0.01726,-0.97025,-0.53,0.83,0.19,-0.36315,0.21963,-0.06894,-0.90285,-0.54,0.81,0.2,-0.46413,0.18258,-0.0866,-0.86241,-0.55,0.8,0.21,-0.46413,0.18258,-0.0866,-0.86241,-0.48,0.79,0.12,0.32081,0.20396,0.12249,-0.91678,-0.5,0.83,0.16,0.00018,0.21768,0.06899,-0.97358,-0.51,0.84,0.2,-0.44436,0.22645,-0.02471,-0.8664,-0.52,0.81,0.21,-0.65666,0.19239,-0.01732,-0.72903,-0.53,0.79,0.22,-0.65666,0.19239,-0.01732,-0.72903,-0.46,0.79,0.13,0.32081,0.20396,0.12249,-0.91678,-0.48,0.83,0.17,0.06073,0.19369,0.14606,-0.96823,-0.49,0.83,0.2,-0.4549,0.25794,0.06413,-0.84995,-0.51,0.81,0.21,-0.71077,0.28041,0.00627,-0.64509,-0.52,0.79,0.21,-0.71077,0.28041,0.00627,-0.64509,-0.46,0.79,0.13,0.23435,0.13744,0.34967,-0.89662,-0.46,0.81,0.17,0.13341,0.17851,0.24267,-0.94416,-0.47,0.82,0.2,-0.40023,0.27439,0.18867,-0.85378,-0.48,0.81,0.21,-0.66459,0.36267,0.09697,-0.64605,-0.5,0.79,0.21,-0.66459,0.36267,0.09697,-0.64605,-0.6,0.8,0.21
25,-0.58,0.83,0.09,0.37154,-0.29019,-0.00227,-0.8819,-0.62,0.79,0.05,0.37154,-0.29019,-0.00227,-0.8819,-0.57,0.8,0.07,0.48093,-0.28638,0.65541,-0.50708,-0.54,0.8,0.08,0.29861,-0.08223,0.64964,-0.69429,-0.53,0.81,0.11,0.16666,0.00574,0.72021,-0.67341,-0.52,0.82,0.13,0.16666,0.00574,0.72021,-0.67341,-0.58,0.81,0.07,0.37154,-0.29019,-0.00227,-0.8819,-0.55,0.85,0.1,0.09241,-0.23691,0.10241,-0.96169,-0.53,0.85,0.13,-0.29176,-0.18464,0.16121,-0.92455,-0.52,0.84,0.15,-0.43854,-0.12945,0.18016,-0.8709,-0.52,0.82,0.16,-0.43854,-0.12945,0.18016,-0.8709,-0.6,0.81,0.07,0.37154,-0.29019,-0.00227,-0.8819,-0.57,0.85,0.1,0.07433,-0.22786,0.03998,-0.97003,-0.55,0.86,0.14,-0.30055,-0.19702,0.11065,-0.92661,-0.54,0.84,0.16,-0.44994,-0.16571,0.08358,-0.87356,-0.53,0.82,0.18,-0.44994,-0.16571,0.08358,-0.87356,-0.61,0.82,0.08,0.37154,-0.29019,-0.00227,-0.8819,-0.59,0.85,0.11,0.09308,-0.22003,-0.02562,-0.9707,-0.57,0.86,0.15,-0.29308,-0.22647,0.02182,-0.92862,-0.56,0.84,0.17,-0.48423,-0.2401,0.04661,-0.84006,-0.55,0.82,0.18,-0.48423,-0.2401,0.04661,-0.84006,-0.62,0.81,0.09,0.28312,-0.23411,-0.23161,-0.90077,-0.6,0.84,0.12,0.08684,-0.21909,-0.11843,-0.96459,-0.59,0.85,0.15,-0.29797,-0.2289,-0.09614,-0.92173,-0.58,0.84,0.16,-0.43419,-0.28594,-0.07202,-0.85119,-0.57,0.82,0.17,-0.43419,-0.28594,-0.07202,-0.85119,-0.49,0.81,0.14,0.3189,0.21094,0.12293,-0.9158,-0.47,0.78,0.09,0.3189,0.21094,0.12293,-0.9158,-0.51,0.79,0.11,0.41157,0.28109,-0.6009,-0.62492,-0.54,0.79,0.13,0.20597,0.09327,-0.58772,-0.77683,-0.55,0.8,0.16,0.07801,0.03516,-0.66339,-0.74337,-0.55,0.8,0.19,0.07801,0.03516,-0.66339,-0.74337,-0.5,0.79,0.12,0.3189,0.21094,0.12293,-0.9158,-0.52,0.83,0.15,-0.03401,0.24637,-0.01847,-0.9684,-0.54,0.83,0.19,-0.35113,0.22773,-0.07162,-0.90538,-0.55,0.81,0.2,-0.45135,0.19058,-0.08955,-0.86715,-0.55,0.8,0.21,-0.45135,0.19058,-0.08955,-0.86715,-0.48,0.79,0.12,0.3189,0.21094,0.12293,-0.9158,-0.5,0.83,0.16,0.00355,0.2243,0.06808,-0.97213,-0.52,0.84,0.2,-0.44176,0.23195,-0.0288,-0.86615,-0.53,0.81,0.21,-0.65788,0.19648,-0.02324,-0.72667,-0.53,0.79,0.22,-0.65788,0.19648,-0.02324,-0.72667,-0.47,0.79,0.13,0.3189,0.21094,0.12293,-0.9158,-0.48,0.82,0.17,0.06946,0.19851,0.14708,-0.96651,-0.49,0.83,0.2,-0.44953,0.2631,0.06152,-0.85142,-0.51,0.81,0.21,-0.70893,0.28437,0.00108,-0.6454,-0.52,0.79,0.21,-0.70893,0.28437,0.00108,-0.6454,-0.46,0.79,0.13,0.23101,0.14395,0.34949,-0.89653,-0.46,0.81,0.17,0.14182,0.18196,0.24347,-0.94207,-0.47,0.82,0.2,-0.39663,0.27928,0.1863,-0.85439,-0.48,0.81,0.21,-0.66654,0.3669,0.09033,-0.64261,-0.5,0.79,0.21,-0.66654,0.3669,0.09033,-0.64261,-0.6,0.8,0.21
26,-0.6,0.83,0.1,0.32187,-0.21791,-0.02364,-0.92106,-0.62,0.79,0.05,0.32187,-0.21791,-0.02364,-0.92106,-0.58,0.79,0.08,0.40371,-0.28537,0.65509,-0.57135,-0.55,0.8,0.09,0.21157,-0.07818,0.64597,-0.72928,-0.54,0.8,0.12,0.07491,0.00145,0.71454,-0.69557,-0.54,0.81,0.15,0.07491,0.00145,0.71454,-0.69557,-0.59,0.8,0.08,0.32187,-0.21791,-0.02364,-0.92106,-0.56,0.84,0.12,0.03304,-0.17283,0.06055,-0.98253,-0.55,0.84,0.15,-0.33759,-0.14177,0.09482,-0.92571,-0.55,0.83,0.17,-0.48001,-0.09778,0.10808,-0.86507,-0.55,0.81,0.18,-0.48001,-0.09778,0.10808,-0.86507,-0.61,0.81,0.08,0.32187,-0.21791,-0.02364,-0.92106,-0.59,0.85,0.12,0.02598,-0.16358,-0.0009,-0.98619,-0.57,0.85,0.16,-0.33833,-0.15296,0.04631,-0.92736,-0.56,0.83,0.18,-0.48762,-0.12965,0.01328,-0.86327,-0.56,0.81,0.2,-0.48762,-0.12965,0.01328,-0.86327,-0.62,0.81,0.09,0.32187,-0.21791,-0.02364,-0.92106,-0.6,0.84,0.13,0.06318,-0.14883,-0.06706,-0.98456,-0.59,0.85,0.16,-0.31937,-0.17532,-0.04502,-0.93018,-0.58,0.83,0.18,-0.51014,-0.20371,-0.02978,-0.83509,-0.58,0.81,0.19,-0.51014,-0.20371,-0.02978,-0.83509,-0.63,0.81,0.09,0.24629,-0.14875,-0.25476,-0.92321,-0.62,0.83,0.13,0.06346,-0.13734,-0.15945,-0.97554,-0.62,0.84,0.16,-0.32794,-0.16818,-0.16356,-0.91511,-0.61,0.82,0.18,-0.47031,-0.238,-0.14703,-0.83698,-0.6,0.81,0.19,-0.47031,-0.238,-0.14703,-0.83698,-0.49,0.81,0.14,0.31247,0.21386,0.12546,-0.917,-0.47,0.78,0.09,0.31247,0.21386,0.12546,-0.917,-0.51,0.79,0.11,0.39644,0.29932,-0.60835,-0.61899,-0.54,0.79,0.13,0.18894,0.10473,-0.60206,-0.76867,-0.55,0.8,0.16,0.05729,0.04071,-0.67748,-0.73218,-0.55,0.8,0.19,0.05729,0.04071,-0.67748,-0.73218,-0.5,0.79,0.12,0.31247,0.21386,0.12546,-0.917,-0.52,0.83,0.15,-0.03229,0.2506,-0.01491,-0.96744,-0.54,0.83,0.19,-0.34703,0.2331,-0.06906,-0.9058,-0.55,0.81,0.2,-0.44722,0.19628,-0.08743,-0.86823,-0.55,0.8,0.21,-0.44722,0.19628,-0.08743,-0.86823,-0.48,0.79,0.12,0.31247,0.21386,0.12546,-0.917,-0.5,0.83,0.16,0.00504,0.22603,0.07219,-0.97143,-0.52,0.83,0.2,-0.43806,0.23544,-0.02539,-0.8672,-0.53,0.81,0.21,-0.65375,0.20108,-0.0206,-0.72921,-0.53,0.79,0.22,-0.65375,0.20108,-0.0206,-0.72921,-0.47,0.79,0.13,0.31247,0.21386,0.12546,-0.917,-0.48,0.82,0.17,0.07507,0.19755,0.15232,-0.96547,-0.49,0.83,0.2,-0.4416,0.26506,0.06707,-0.85454,-0.51,0.81,0.21,-0.70127,0.28839,0.00589,-0.65194,-0.52,0.79,0.21,-0.70127,0.28839,0.00589,-0.65194,-0.46,0.79,0.13,0.22381,0.14532,0.35124,-0.89746,-0.46,0.81,0.17,0.14801,0.17758,0.24816,-0.94073,-0.47,0.82,0.2,-0.3899,0.27846,0.19272,-0.85633,-0.48,0.81,0.21,-0.66011,0.36845,0.09658,-0.64743,-0.5,0.79,0.21,-0.66011,0.36845,0.09658,-0.64743,-0.6,0.8,0.21
27,-0.61,0.82,0.11,0.3061,-0.16976,-0.03374,-0.93614,-0.63,0.79,0.06,0.3061,-0.16976,-0.03374,-0.93614,-0.59,0.79,0.09,0.36977,-0.26168,0.65219,-0.60782,-0.57,0.8,0.11,0.17499,-0.05672,0.63374,-0.75136,-0.55,0.8,0.14,0.03759,0.01385,0.69961,-0.71341,-0.55,0.8,0.16,0.03759,0.01385,0.69961,-0.71341,-0.6,0.8,0.09,0.3061,-0.16976,-0.03374,-0.93614,-0.58,0.84,0.13,0.0111,-0.13051,0.03777,-0.99067,-0.57,0.84,0.17,-0.35246,-0.1108,0.05684,-0.9275,-0.57,0.82,0.18,-0.49285,-0.07309,0.06574,-0.86454,-0.56,0.8,0.2,-0.49285,-0.07309,0.06574,-0.86454,-0.62,0.8,0.09,0.3061,-0.16976,-0.03374,-0.93614,-0.6,0.84,0.13,0.01404,-0.12051,-0.02423,-0.99232,-0.59,0.84,0.18,-0.34347,-0.12132,0.00779,-0.93126,-0.58,0.83,0.2,-0.48779,-0.10427,-0.02998,-0.86619,-0.58,0.8,0.21,-0.48779,-0.10427,-0.02998,-0.86619,-0.63,0.8,0.1,0.3061,-0.16976,-0.03374,-0.93614,-0.62,0.83,0.14,0.06873,-0.10097,-0.09042,-0.98839,-0.61,0.84,0.18,-0.29481,-0.13859,-0.08718,-0.94142,-0.6,0.83,0.2,-0.47595,-0.17692,-0.07956,-0.85781,-0.6,0.81,0.21,-0.47595,-0.17692,-0.07956,-0.85781,-0.64,0.8,0.1,0.23929,-0.09694,-0.26632,-0.92866,-0.64,0.82,0.14,0.07845,-0.08333,-0.18148,-0.97671,-0.63,0.83,0.17,-0.29476,-0.12443,-0.20647,-0.92466,-0.63,0.82,0.19,-0.42106,-0.19936,-0.19811,-0.86239,-0.62,0.81,0.2,-0.42106,-0.19936,-0.19811,-0.86239,-0.49,0.81,0.14,0.31456,0.21015,0.12759,-0.91685,-0.47,0.78,0.09,0.31456,0.21015,0.12759,-0.91685,-0.51,0.79,0.12,0.39297,0.29337,-0.61077,-0.62166,-0.53,0.79,0.13,0.18708,0.0993,-0.60215,-0.76978,-0.55,0.8,0.16,0.05679,0.03731,-0.67686,-0.73297,-0.55,0.8,0.19,0.05679,0.03731,-0.67686,-0.73297,-0.5,0.79,0.12,0.31456,0.21015,0.12759,-0.91685,-0.52,0.83,0.15,-0.0325,0.24718,-0.01167,-0.96835,-0.54,0.83,0.19,-0.35301,0.23049,-0.06631,-0.90436,-0.54,0.81,0.2,-0.45376,0.19386,-0.08476,-0.86564,-0.55,0.8,0.21,-0.45376,0.19386,-0.08476,-0.86564,-0.48,0.79,0.12,0.31456,0.21015,0.12759,-0.91685,-0.5,0.83,0.16,0.00595,0.22217,0.07597,-0.97203,-0.51,0.84,0.2,-0.43951,0.23367,-0.02081,-0.86707,-0.53,0.81,0.21,-0.65456,0.20044,-0.01566,-0.72878,-0.53,0.79,0.22,-0.65456,0.20044,-0.01566,-0.72878,-0.46,0.79,0.13,0.31456,0.21015,0.12759,-0.91685,-0.48,0.82,0.17,0.07571,0.19351,0.15577,-0.96569,-0.49,0.83,0.2,-0.44201,0.2635,0.0718,-0.85442,-0.51,0.81,0.21,-0.70103,0.28848,0.01102,-0.65208,-0.52,0.79,0.21,-0.70103,0.28848,0.01102,-0.65208,-0.46,0.79,0.13,0.2263,0.14222,0.35363,-0.89638,-0.46,0.81,0.17,0.14829,0.17247,0.25159,-0.94073,-0.47,0.82,0.2,-0.38985,0.2761,0.19817,-0.85587,-0.48,0.81,0.21,-0.65847,0.36804,0.10312,-0.64833,-0.5,0.79,0.21,-0.65847,0.36804,0.10312,-0.64833,-0.6,0.8,0.21
28,-0.62,0.82,0.12,0.30207,-0.14084,-0.03961,-0.94199,-0.63,0.78,0.07,0.30207,-0.14084,-0.03961,-0.94199,-0.6,0.79,0.1,0.36553,-0.22771,0.64292,-0.63339,-0.57,0.79,0.12,0.16806,-0.02781,0.61262,-0.7718,-0.56,0.8,0.15,0.03007,0.0345,0.67634,-0.73517,-0.56,0.81,0.17,0.03007,0.0345,0.67634,-0.73517,-0.61,0.8,0.1,0.30207,-0.14084,-0.03961,-0.94199,-0.59,0.83,0.14,-5e-05,-0.1079,0.02649,-0.99381,-0.58,0.83,0.17,-0.359,-0.09373,0.03757,-0.92786,-0.58,0.82,0.19,-0.49648,-0.05923,0.04393,-0.86491,-0.58,0.8,0.2,-0.49648,-0.05923,0.04393,-0.86491,-0.62,0.8,0.1,0.30207,-0.14084,-0.03961,-0.94199,-0.61,0.84,0.14,0.01089,-0.09589,-0.0372,-0.99464,-0.6,0.84,0.18,-0.34531,-0.10291,-0.01334,-0.93273,-0.6,0.82,0.2,-0.48133,-0.08916,-0.05376,-0.87034,-0.59,0.8,0.22,-0.48133,-0.08916,-0.05376,-0.87034,-0.64,0.8,0.1,0.30207,-0.14084,-0.03961,-0.94199,-0.63,0.83,0.14,0.07029,-0.073,-0.10306,-0.9895,-0.62,0.84,0.18,-0.27785,-0.11554,-0.11053,-0.94722,-0.62,0.82,0.2,-0.44352,-0.1581,-0.10828,-0.87554,-0.61,0.81,0.22,-0.44352,-0.1581,-0.10828,-0.87554,-0.65,0.8,0.1,0.24045,-0.0674,-0.27319,-0.92898,-0.65,0.82,0.14,0.08447,-0.05147,-0.19414,-0.97597,-0.65,0.82,0.17,-0.26179,-0.09401,-0.23146,-0.93223,-0.64,0.82,0.19,-0.35928,-0.16652,-0.23004,-0.88897,-0.63,0.8,0.21,-0.35928,-0.16652,-0.23004,-0.88897,-0.49,0.81,0.14,0.3197,0.20118,0.13169,-0.9165,-0.47,0.78,0.09,0.3197,0.20118,0.13169,-0.9165,-0.51,0.79,0.12,0.39287,0.27649,-0.60999,-0.63017,-0.53,0.79,0.13,0.18892,0.08567,-0.59506,-0.77645,-0.55,0.8,0.16,0.06675,0.03378,-0.66903,-0.73946,-0.55,0.8,0.19,0.06675,0.03378,-0.66903,-0.73946,-0.5,0.79,0.12,0.3197,0.20118,0.13169,-0.9165,-0.52,0.83,0.15,-0.03394,0.23943,-0.00579,-0.9703,-0.53,0.83,0.19,-0.36535,0.22436,-0.06081,-0.90138,-0.54,0.81,0.2,-0.46662,0.18818,-0.07918,-0.86057,-0.55,0.8,0.21,-0.46662,0.18818,-0.07918,-0.86057,-0.48,0.79,0.12,0.3197,0.20118,0.13169,-0.9165,-0.5,0.83,0.16,0.00401,0.21529,0.08143,-0.97314,-0.51,0.84,0.2,-0.44894,0.22988,-0.01472,-0.86336,-0.52,0.82,0.21,-0.66311,0.19755,-0.00911,-0.72192,-0.53,0.79,0.22,-0.66311,0.19755,-0.00911,-0.72192,-0.46,0.79,0.13,0.3197,0.20118,0.13169,-0.9165,-0.48,0.83,0.17,0.06842,0.18792,0.15968,-0.9667,-0.49,0.83,0.2,-0.45274,0.2608,0.07699,-0.84916,-0.5,0.81,0.21,-0.7095,0.28726,0.01691,-0.64328,-0.51,0.79,0.21,-0.7095,0.28726,0.01691,-0.64328,-0.46,0.79,0.13,0.23257,0.13473,0.35841,-0.89404,-0.46,0.81,0.17,0.13931,0.16877,0.25544,-0.94173,-0.47,0.82,0.2,-0.39786,0.27431,0.20328,-0.85155,-0.48,0.81,0.21,-0.66207,0.36775,0.10999,-0.64369,-0.5,0.79,0.21,-0.66207,0.36775,0.10999,-0.64369,-0.6,0.8,0.21
29,-0.62,0.82,0.12,0.31825,-0.13212,-0.03904,-0.93794,-0.63,0.78,0.07,0.31825,-0.13212,-0.03904,-0.93794,-0.6,0.79,0.1,0.38294,-0.1936,0.63955,-0.63785,-0.57,0.8,0.12,0.18817,0.00059,0.59803,-0.77907,-0.57,0.81,0.15,0.0476,0.06147,0.65955,-0.74763,-0.56,0.81,0.17,0.0476,0.06147,0.65955,-0.74763,-0.61,0.8,0.1,0.31825,-0.13212,-0.03904,-0.93794,-0.59,0.83,0.14,-0.00081,-0.10044,0.02725,-0.99457,-0.58,0.83,0.17,-0.35482,-0.08666,0.03511,-0.93025,-0.58,0.82,0.19,-0.48399,-0.05293,0.03957,-0.87257,-0.58,0.8,0.21,-0.48399,-0.05293,0.03957,-0.87257,-0.62,0.8,0.1,0.31825,-0.13212,-0.03904,-0.93794,-0.61,0.84,0.14,0.02056,-0.08838,-0.03933,-0.9951,-0.6,0.84,0.18,-0.33686,-0.09679,-0.01795,-0.93639,-0.6,0.82,0.2,-0.46555,-0.08417,-0.05935,-0.87901,-0.59,0.8,0.22,-0.46555,-0.08417,-0.05935,-0.87901,-0.64,0.8,0.1,0.31825,-0.13212,-0.03904,-0.93794,-0.63,0.83,0.14,0.07467,-0.06703,-0.10494,-0.9894,-0.63,0.84,0.18,-0.26991,-0.11036,-0.11464,-0.94964,-0.62,0.82,0.2,-0.42672,-0.1531,-0.11395,-0.88402,-0.61,0.81,0.22,-0.42672,-0.1531,-0.11395,-0.88402,-0.65,0.8,0.1,0.25807,-0.06287,-0.27422,-0.92426,-0.65,0.82,0.14,0.08517,-0.04839,-0.19743,-0.97541,-0.65,0.82,0.17,-0.2493,-0.08955,-0.23618,-0.93491,-0.64,0.82,0.19,-0.32979,-0.15859,-0.23691,-0.89998,-0.63,0.81,0.21,-0.32979,-0.15859,-0.23691,-0.89998,-0.49,0.81,0.14,0.32694,0.19975,0.13499,-0.91378,-0.47,0.78,0.09,0.32694,0.19975,0.13499,-0.91378,-0.51,0.79,0.12,0.4028,0.26357,-0.60521,-0.63404,-0.53,0.79,0.13,0.19908,0.07626,-0.58576,-0.78195,-0.55,0.8,0.16,0.08008,0.02883,-0.6598,-0.7466,-0.55,0.8,0.19,0.08008,0.02883,-0.6598,-0.7466,-0.5,0.79,0.12,0.32694,0.19975,0.13499,-0.91378,-0.52,0.84,0.15,-0.03388,0.2398,-0.00516,-0.97022,-0.53,0.83,0.19,-0.3662,0.22486,-0.06058,-0.90092,-0.54,0.82,0.2,-0.46679,0.18874,-0.07889,-0.86038,-0.55,0.8,0.21,-0.46679,0.18874,-0.07889,-0.86038,-0.48,0.79,0.12,0.32694,0.19975,0.13499,-0.91378,-0.49,0.84,0.16,0.00525,0.21626,0.08327,-0.97276,-0.51,0.84,0.2,-0.44979,0.23157,-0.0141,-0.86248,-0.52,0.82,0.21,-0.66509,0.19914,-0.0092,-0.71966,-0.53,0.79,0.21,-0.66509,0.19914,-0.0092,-0.71966,-0.46,0.79,0.13,0.32694,0.19975,0.13499,-0.91378,-0.48,0.83,0.17,0.06633,0.18988,0.16135,-0.96618,-0.49,0.83,0.2,-0.45632,0.26341,0.07681,-0.84646,-0.5,0.81,0.21,-0.71301,0.28946,0.01559,-0.63842,-0.51,0.79,0.21,-0.71301,0.28946,0.01559,-0.63842,-0.46,0.79,0.13,0.23946,0.13528,0.36209,-0.89065,-0.46,0.81,0.17,0.13595,0.17257,0.25758,-0.94095,-0.47,0.82,0.2,-0.39989,0.27824,0.20317,-0.84935,-0.48,0.81,0.21,-0.66262,0.37122,0.10889,-0.6413,-0.5,0.8,0.21,-0.66262,0.37122,0.10889,-0.6413,-0.6,0.8,0.21
30,-0.62,0.82,0.12,0.32379,-0.13015,-0.04319,-0.93614,-0.63,0.78,0.07,0.32379,-0.13015,-0.04319,-0.93614,-0.6,0.79,0.1,0.39343,-0.1751,0.63362,-0.64271,-0.57,0.8,0.12,0.20069,0.01373,0.58597,-0.78497,-0.57,0.81,0.15,0.05749,0.07443,0.64667,-0.75695,-0.57,0.81,0.17,0.05749,0.07443,0.64667,-0.75695,-0.61,0.79,0.1,0.32379,-0.13015,-0.04319,-0.93614,-0.59,0.83,0.14,-0.01611,-0.10046,0.02609,-0.99447,-0.58,0.83,0.17,-0.36021,-0.087,0.03314,-0.92821,-0.58,0.82,0.19,-0.47957,-0.0538,0.03705,-0.87507,-0.58,0.8,0.21,-0.47957,-0.0538,0.03705,-0.87507,-0.62,0.8,0.1,0.32379,-0.13015,-0.04319,-0.93614,-0.61,0.84,0.14,0.01405,-0.08774,-0.04353,-0.99509,-0.6,0.84,0.18,-0.34164,-0.09758,-0.02224,-0.93449,-0.6,0.82,0.2,-0.46266,-0.0851,-0.06341,-0.88016,-0.59,0.8,0.22,-0.46266,-0.0851,-0.06341,-0.88016,-0.64,0.8,0.1,0.32379,-0.13015,-0.04319,-0.93614,-0.63,0.83,0.14,0.06257,-0.06709,-0.10933,-0.98976,-0.63,0.84,0.18,-0.27478,-0.11066,-0.11949,-0.94762,-0.62,0.82,0.2,-0.42045,-0.15307,-0.1198,-0.88625,-0.61,0.81,0.22,-0.42045,-0.15307,-0.1198,-0.88625,-0.65,0.79,0.11,0.26329,-0.06243,-0.27868,-0.92148,-0.65,0.82,0.14,0.06791,-0.0516,-0.203,-0.97546,-0.65,0.82,0.17,-0.2502,-0.08942,-0.24073,-0.93352,-0.64,0.81,0.19,-0.31228,-0.15433,-0.24378,-0.90512,-0.63,0.8,0.21,-0.31228,-0.15433,-0.24378,-0.90512,-0.49,0.82,0.14,0.33311,0.19921,0.13501,-0.91166,-0.47,0.78,0.09,0.33311,0.19921,0.13501,-0.91166,-0.51,0.79,0.12,0.41177,0.25317,-0.60206,-0.63551,-0.53,0.8,0.13,0.2072,0.06746,-0.57929,-0.78546,-0.55,0.8,0.16,0.08917,0.02203,-0.65314,-0.75164,-0.55,0.81,0.19,0.08917,0.02203,-0.65314,-0.75164,-0.5,0.79,0.12,0.33311,0.19921,0.13501,-0.91166,-0.52,0.84,0.15,-0.03936,0.24107,-0.01034,-0.96966,-0.53,0.83,0.19,-0.36667,0.22449,-0.06474,-0.90054,-0.54,0.82,0.2,-0.46343,0.18822,-0.08211,-0.86201,-0.55,0.8,0.21,-0.46343,0.18822,-0.08211,-0.86201,-0.48,0.79,0.12,0.33311,0.19921,0.13501,-0.91166,-0.49,0.84,0.16,0.00676,0.21754,0.08148,-0.97262,-0.51,0.84,0.2,-0.44683,0.23192,-0.01587,-0.86389,-0.52,0.82,0.21,-0.66258,0.19926,-0.01092,-0.72192,-0.53,0.79,0.21,-0.66258,0.19926,-0.01092,-0.72192,-0.47,0.79,0.13,0.33311,0.19921,0.13501,-0.91166,-0.48,0.83,0.17,0.0681,0.19134,0.16037,-0.96594,-0.49,0.84,0.2,-0.45425,0.26417,0.07533,-0.84747,-0.5,0.82,0.21,-0.71164,0.28974,0.01383,-0.63986,-0.51,0.79,0.21,-0.71164,0.28974,0.01383,-0.63986,-0.46,0.79,0.13,0.24558,0.13634,0.36254,-0.88863,-0.46,0.81,0.17,0.13642,0.17528,0.25696,-0.94055,-0.47,0.82,0.2,-0.39768,0.27986,0.2017,-0.8502,-0.48,0.81,0.21,-0.65962,0.3721,0.10751,-0.64412,-0.5,0.8,0.21,-0.65962,0.3721,0.10751,-0.64412,-0.6,0.8,0.21
31,-0.62,0.81,0.12,0.31581,-0.13014,-0.05151,-0.93844,-0.63,0.78,0.07,0.31581,-0.13014,-0.05151,-0.93844,-0.6,0.79,0.1,0.39282,-0.17493,0.62519,-0.65133,-0.57,0.8,0.12,0.19711,0.01195,0.57723,-0.79235,-0.56,0.81,0.15,0.05082,0.07303,0.63824,-0.76468,-0.57,0.81,0.17,0.05082,0.07303,0.63824,-0.76468,-0.61,0.79,0.1,0.31581,-0.13014,-0.05151,-0.93844,-0.59,0.83,0.14,-0.03671,-0.10341,0.02031,-0.99375,-0.58,0.83,0.18,-0.36888,-0.09153,0.02765,-0.92454,-0.58,0.81,0.19,-0.48208,-0.0591,0.03195,-0.87355,-0.58,0.79,0.21,-0.48208,-0.0591,0.03195,-0.87355,-0.62,0.79,0.1,0.31581,-0.13014,-0.05151,-0.93844,-0.61,0.84,0.14,0.00052,-0.08848,-0.05171,-0.99473,-0.6,0.84,0.18,-0.35064,-0.1009,-0.02999,-0.93058,-0.6,0.82,0.2,-0.46674,-0.08873,-0.0705,-0.8771,-0.59,0.8,0.22,-0.46674,-0.08873,-0.0705,-0.8771,-0.64,0.8,0.1,0.31581,-0.13014,-0.05151,-0.93844,-0.63,0.83,0.14,0.04901,-0.06635,-0.11778,-0.98961,-0.63,0.83,0.18,-0.28243,-0.11162,-0.12828,-0.9441,-0.62,0.82,0.2,-0.42107,-0.15457,-0.12911,-0.88439,-0.61,0.8,0.22,-0.42107,-0.15457,-0.12911,-0.88439,-0.65,0.79,0.11,0.25436,-0.0606,-0.28609,-0.92184,-0.65,0.82,0.15,0.05174,-0.05094,-0.21125,-0.97473,-0.65,0.82,0.18,-0.25546,-0.08782,-0.24875,-0.93013,-0.64,0.81,0.19,-0.30824,-0.15096,-0.25321,-0.90448,-0.63,0.8,0.21,-0.30824,-0.15096,-0.25321,-0.90448,-0.49,0.82,0.14,0.33576,0.20035,0.13294,-0.91074,-0.47,0.78,0.09,0.33576,0.20035,0.13294,-0.91074,-0.51,0.79,0.12,0.41678,0.25032,-0.60109,-0.63429,-0.53,0.8,0.13,0.21061,0.06404,-0.57769,-0.78601,-0.55,0.8,0.16,0.09347,0.01961,-0.65145,-0.75266,-0.55,0.81,0.19,0.09347,0.01961,-0.65145,-0.75266,-0.5,0.79,0.12,0.33576,0.20035,0.13294,-0.91074,-0.52,0.84,0.15,-0.04494,0.24321,-0.01713,-0.96878,-0.53,0.83,0.19,-0.36289,0.22478,-0.06965,-0.90163,-0.54,0.82,0.2,-0.45478,0.18846,-0.08574,-0.86621,-0.55,0.8,0.21,-0.45478,0.18846,-0.08574,-0.86621,-0.48,0.79,0.12,0.33576,0.20035,0.13294,-0.91074,-0.5,0.84,0.16,0.0088,0.21918,0.07813,-0.97251,-0.51,0.84,0.2,-0.44252,0.23191,-0.01894,-0.86605,-0.52,0.82,0.21,-0.65823,0.19887,-0.01366,-0.72594,-0.53,0.79,0.21,-0.65823,0.19887,-0.01366,-0.72594,-0.47,0.79,0.13,0.33576,0.20035,0.13294,-0.91074,-0.48,0.83,0.16,0.07056,0.193,0.15763,-0.96588,-0.49,0.84,0.2,-0.45179,0.26421,0.07221,-0.84904,-0.51,0.82,0.21,-0.70989,0.28885,0.01085,-0.64227,-0.52,0.79,0.21,-0.70989,0.28885,0.01085,-0.64227,-0.46,0.79,0.13,0.24821,0.13808,0.3607,-0.88838,-0.46,0.81,0.17,0.13794,0.17668,0.25479,-0.94066,-0.47,0.82,0.2,-0.39653,0.28002,0.19916,-0.85129,-0.48,0.81,0.21,-0.65894,0.3714,0.10507,-0.64561,-0.5,0.8,0.21,-0.65894,0.3714,0.10507,-0.64561,-0.6,0.8,0.21
32,-0.62,0.81,0.12,0.30842,-0.11922,-0.06152,-0.94174,-0.63,0.78,0.07,0.30842,-0.11922,-0.06152,-0.94174,-0.6,0.79,0.1,0.38451,-0.17282,0.6179,-0.6637,-0.57,0.8,0.12,0.18273,0.01501,0.56917,-0.80152,-0.57,0.81,0.15,0.03293,0.07539,0.62942,-0.77269,-0.57,0.81,0.18,0.03293,0.07539,0.62942,-0.77269,-0.61,0.79,0.1,0.30842,-0.11922,-0.06152,-0.94174,-0.59,0.83,0.14,-0.0484,-0.0966,0.00754,-0.99412,-0.58,0.83,0.18,-0.37911,-0.08909,0.01325,-0.92096,-0.58,0.81,0.19,-0.49255,-0.05838,0.01771,-0.86815,-0.58,0.79,0.21,-0.49255,-0.05838,0.01771,-0.86815,-0.62,0.79,0.1,0.30842,-0.11922,-0.06152,-0.94174,-0.61,0.83,0.14,-0.00802,-0.07949,-0.06512,-0.99467,-0.61,0.83,0.19,-0.35807,-0.09707,-0.04575,-0.92751,-0.6,0.82,0.21,-0.47376,-0.08645,-0.08645,-0.87213,-0.6,0.8,0.22,-0.47376,-0.08645,-0.08645,-0.87213,-0.64,0.79,0.1,0.30842,-0.11922,-0.06152,-0.94174,-0.63,0.83,0.15,0.04223,-0.05603,-0.13049,-0.98896,-0.63,0.83,0.18,-0.28825,-0.10583,-0.14369,-0.94078,-0.62,0.82,0.21,-0.42585,-0.15106,-0.14534,-0.88018,-0.61,0.8,0.22,-0.42585,-0.15106,-0.14534,-0.88018,-0.65,0.79,0.11,0.24801,-0.04822,-0.29563,-0.92129,-0.65,0.81,0.15,0.0452,-0.04079,-0.22289,-0.97294,-0.65,0.82,0.18,-0.25826,-0.08064,-0.2627,-0.92617,-0.64,0.81,0.19,-0.31027,-0.14466,-0.26773,-0.90063,-0.63,0.8,0.21,-0.31027,-0.14466,-0.26773,-0.90063,-0.49,0.82,0.14,0.33626,0.20187,0.13399,-0.91007,-0.47,0.78,0.09,0.33626,0.20187,0.13399,-0.91007,-0.51,0.79,0.12,0.41988,0.25177,-0.59874,-0.63389,-0.54,0.8,0.13,0.20907,0.06309,-0.57646,-0.7874,-0.55,0.8,0.16,0.09161,0.01885,-0.65014,-0.75403,-0.55,0.81,0.19,0.09161,0.01885,-0.65014,-0.75403,-0.5,0.79,0.12,0.33626,0.20187,0.13399,-0.91007,-0.52,0.84,0.15,-0.04697,0.24593,-0.01856,-0.96797,-0.53,0.83,0.18,-0.36462,0.22683,-0.0719,-0.90024,-0.54,0.82,0.2,-0.45538,0.19037,-0.08802,-0.86524,-0.55,0.8,0.21,-0.45538,0.19037,-0.08802,-0.86524,-0.48,0.79,0.12,0.33626,0.20187,0.13399,-0.91007,-0.5,0.84,0.16,0.00914,0.22165,0.07803,-0.97196,-0.51,0.84,0.2,-0.44436,0.234,-0.02081,-0.8645,-0.52,0.82,0.21,-0.66215,0.20003,-0.01648,-0.72199,-0.53,0.79,0.21,-0.66215,0.20003,-0.01648,-0.72199,-0.47,0.79,0.13,0.33626,0.20187,0.13399,-0.91007,-0.48,0.83,0.17,0.07138,0.19571,0.15769,-0.96526,-0.49,0.84,0.2,-0.45746,0.26704,0.0689,-0.84538,-0.51,0.82,0.21,-0.71818,0.2899,0.00541,-0.63257,-0.52,0.79,0.21,-0.71818,0.2899,0.00541,-0.63257,-0.46,0.79,0.13,0.24825,0.13977,0.36162,-0.88773,-0.46,0.81,0.17,0.13903,0.17801,0.25572,-0.93999,-0.47,0.82,0.2,-0.40517,0.28378,0.19644,-0.8466,-0.48,0.81,0.21,-0.67193,0.37445,0.09821,-0.63139,-0.5,0.8,0.2,-0.67193,0.37445,0.09821,-0.63139,-0.6,0.8,0.21
33,-0.63,0.82,0.12,0.30139,-0.09285,-0.06733,-0.94658,-0.64,0.78,0.07,0.30139,-0.09285,-0.06733,-0.94658,-0.6,0.79,0.1,0.36584,-0.16233,0.6155,-0.67895,-0.58,0.8,0.12,0.15415,0.03143,0.5636,-0.81093,-0.58,0.81,0.16,-0.00433,0.09344,0.61953,-0.77938,-0.58,0.81,0.18,-0.00433,0.09344,0.61953,-0.77938,-0.61,0.8,0.1,0.30139,-0.09285,-0.06733,-0.94658,-0.6,0.83,0.15,-0.05412,-0.07226,-0.00873,-0.99588,-0.59,0.83,0.18,-0.38892,-0.07147,-0.00989,-0.91844,-0.59,0.81,0.2,-0.50691,-0.0438,-0.00683,-0.86086,-0.59,0.79,0.21,-0.50691,-0.0438,-0.00683,-0.86086,-0.63,0.8,0.1,0.30139,-0.09285,-0.06733,-0.94658,-0.62,0.84,0.15,-0.01068,-0.05497,-0.07912,-0.99529,-0.62,0.83,0.19,-0.36635,-0.07942,-0.06698,-0.92466,-0.61,0.82,0.21,-0.48516,-0.07142,-0.10961,-0.86459,-0.61,0.8,0.22,-0.48516,-0.07142,-0.10961,-0.86459,-0.65,0.8,0.1,0.30139,-0.09285,-0.06733,-0.94658,-0.64,0.83,0.15,0.04387,-0.0309,-0.14223,-0.98838,-0.64,0.83,0.19,-0.29058,-0.08693,-0.16266,-0.93891,-0.63,0.82,0.21,-0.43076,-0.13578,-0.16674,-0.87647,-0.62,0.8,0.22,-0.43076,-0.13578,-0.16674,-0.87647,-0.65,0.79,0.11,0.24575,-0.02067,-0.30175,-0.92094,-0.66,0.81,0.15,0.05122,-0.017,-0.23215,-0.97118,-0.66,0.82,0.18,-0.24738,-0.06026,-0.27879,-0.92599,-0.65,0.81,0.2,-0.30109,-0.12621,-0.28445,-0.90139,-0.64,0.8,0.21,-0.30109,-0.12621,-0.28445,-0.90139,-0.49,0.81,0.14,0.33486,0.20239,0.13474,-0.91036,-0.47,0.78,0.09,0.33486,0.20239,0.13474,-0.91036,-0.51,0.79,0.12,0.41932,0.25431,-0.59798,-0.63397,-0.54,0.8,0.13,0.2034,0.06199,-0.57726,-0.78839,-0.55,0.8,0.16,0.08323,0.01602,-0.65045,-0.75481,-0.55,0.81,0.19,0.08323,0.01602,-0.65045,-0.75481,-0.5,0.79,0.12,0.33486,0.20239,0.13474,-0.91036,-0.52,0.84,0.15,-0.04705,0.24625,-0.01715,-0.96791,-0.53,0.83,0.19,-0.36609,0.22748,-0.07103,-0.89955,-0.54,0.82,0.2,-0.45729,0.19104,-0.08738,-0.86415,-0.55,0.8,0.21,-0.45729,0.19104,-0.08738,-0.86415,-0.48,0.79,0.12,0.33486,0.20239,0.13474,-0.91036,-0.5,0.84,0.16,0.00733,0.22283,0.07812,-0.9717,-0.51,0.84,0.2,-0.44722,0.23503,-0.02165,-0.86272,-0.52,0.82,0.21,-0.66607,0.20043,-0.01791,-0.71823,-0.53,0.79,0.21,-0.66607,0.20043,-0.01791,-0.71823,-0.47,0.79,0.13,0.33486,0.20239,0.13474,-0.91036,-0.48,0.83,0.17,0.06903,0.19736,0.15746,-0.96514,-0.49,0.84,0.2,-0.46285,0.26844,0.06686,-0.84217,-0.51,0.82,0.21,-0.72472,0.29013,0.0022,-0.62498,-0.52,0.79,0.21,-0.72472,0.29013,0.0022,-0.62498,-0.46,0.79,0.13,0.24668,0.13995,0.3622,-0.8879,-0.46,0.81,0.17,0.13825,0.1788,0.25613,-0.93985,-0.47,0.82,0.2,-0.41138,0.28575,0.19473,-0.84332,-0.48,0.81,0.21,-0.68013,0.37589,0.0943,-0.62228,-0.5,0.8,0.2,-0.68013,0.37589,0.0943,-0.62228,-0.6,0.8,0.21
34,-0.64,0.82,0.13,0.29148,-0.0689,-0.06308,-0.95201,-0.64,0.78,0.07,0.29148,-0.0689,-0.06308,-0.95201,-0.61,0.79,0.11,0.33943,-0.15738,0.62302,-0.68692,-0.59,0.8,0.13,0.12338,0.04368,0.56977,-0.81132,-0.59,0.81,0.16,-0.03837,0.10608,0.62171,-0.77508,-0.59,0.81,0.19,-0.03837,0.10608,0.62171,-0.77508,-0.62,0.8,0.1,0.29148,-0.0689,-0.06308,-0.95201,-0.61,0.83,0.15,-0.04984,-0.04656,-0.01526,-0.99756,-0.61,0.83,0.19,-0.39356,-0.04984,-0.02425,-0.91763,-0.61,0.81,0.2,-0.51955,-0.02451,-0.02336,-0.85377,-0.6,0.79,0.21,-0.51955,-0.02451,-0.02336,-0.85377,-0.64,0.8,0.1,0.29148,-0.0689,-0.06308,-0.95201,-0.63,0.84,0.15,-0.00759,-0.02818,-0.08302,-0.99612,-0.63,0.84,0.19,-0.37214,-0.05658,-0.0797,-0.92302,-0.63,0.82,0.21,-0.49569,-0.05067,-0.1253,-0.85792,-0.62,0.8,0.23,-0.49569,-0.05067,-0.1253,-0.85792,-0.66,0.8,0.1,0.29148,-0.0689,-0.06308,-0.95201,-0.65,0.83,0.15,0.05203,-0.00343,-0.14347,-0.98828,-0.65,0.83,0.19,-0.28941,-0.06317,-0.17264,-0.93939,-0.65,0.82,0.21,-0.4326,-0.1145,-0.18011,-0.87596,-0.64,0.8,0.23,-0.4326,-0.1145,-0.18011,-0.87596,-0.66,0.79,0.11,0.24161,0.00541,-0.29781,-0.92353,-0.67,0.81,0.15,0.06458,0.01082,-0.23057,-0.97085,-0.67,0.82,0.18,-0.22946,-0.03317,-0.28588,-0.9298,-0.67,0.81,0.2,-0.28556,-0.10064,-0.29248,-0.90707,-0.66,0.8,0.21,-0.28556,-0.10064,-0.29248,-0.90707,-0.49,0.82,0.14,0.33802,0.20235,0.14468,-0.90767,-0.47,0.78,0.09,0.33802,0.20235,0.14468,-0.90767,-0.51,0.79,0.11,0.42222,0.25064,-0.59314,-0.63803,-0.53,0.8,0.13,0.18992,0.04893,-0.57318,-0.79562,-0.54,0.8,0.16,0.04673,-0.01297,-0.64284,-0.76447,-0.55,0.81,0.19,0.04673,-0.01297,-0.64284,-0.76447,-0.5,0.79,0.12,0.33802,0.20235,0.14468,-0.90767,-0.52,0.84,0.15,-0.04402,0.24832,-0.00675,-0.96765,-0.53,0.83,0.18,-0.36637,0.23268,-0.06272,-0.89872,-0.54,0.82,0.2,-0.45677,0.19716,-0.07941,-0.86382,-0.55,0.8,0.21,-0.45677,0.19716,-0.07941,-0.86382,-0.48,0.79,0.12,0.33802,0.20235,0.14468,-0.90767,-0.49,0.84,0.16,0.00667,0.22809,0.08527,-0.96988,-0.51,0.84,0.2,-0.44589,0.24302,-0.01746,-0.86129,-0.52,0.82,0.21,-0.66141,0.20966,-0.01534,-0.71996,-0.53,0.79,0.21,-0.66141,0.20966,-0.01534,-0.71996,-0.47,0.79,0.13,0.33802,0.20235,0.14468,-0.90767,-0.48,0.83,0.16,0.0692,0.20275,0.16512,-0.96272,-0.49,0.84,0.2,-0.45991,0.27693,0.07084,-0.8407,-0.51,0.82,0.21,-0.71878,0.2997,0.004,-0.6273,-0.52,0.79,0.21,-0.71878,0.2997,0.004,-0.6273,-0.46,0.79,0.13,0.24839,0.14113,0.37171,-0.8833,-0.46,0.81,0.17,0.14293,0.18274,0.26504,-0.93591,-0.47,0.82,0.2,-0.40728,0.29462,0.19934,-0.84118,-0.48,0.81,0.21,-0.67271,0.38545,0.09664,-0.62414,-0.5,0.8,0.2,-0.67271,0.38545,0.09664,-0.62414,-0.6,0.8,0.21
35,-0.64,0.82,0.13,0.29178,-0.06706,-0.07166,-0.95144,-0.65,0.78,0.07,0.29178,-0.06706,-0.07166,-0.95144,-0.62,0.79,0.11,0.34239,-0.15646,0.61542,-0.6925,-0.6,0.8,0.13,0.123,0.04307,0.56173,-0.81699,-0.6,0.81,0.16,-0.03844,0.10327,0.61451,-0.78117,-0.6,0.81,0.19,-0.03844,0.10327,0.61451,-0.78117,-0.63,0.8,0.1,0.29178,-0.06706,-0.07166,-0.95144,-0.62,0.83,0.15,-0.04057,-0.04058,-0.02928,-0.99792,-0.62,0.83,0.19,-0.39983,-0.04999,-0.03861,-0.91441,-0.61,0.81,0.2,-0.5333,-0.02707,-0.03694,-0.84469,-0.61,0.79,0.21,-0.5333,-0.02707,-0.03694,-0.84469,-0.65,0.8,0.1,0.29178,-0.06706,-0.07166,-0.95144,-0.64,0.84,0.15,-0.00177,-0.0243,-0.09441,-0.99524,-0.64,0.84,0.19,-0.38488,-0.05904,-0.09058,-0.91661,-0.63,0.82,0.21,-0.51671,-0.05475,-0.13574,-0.84356,-0.63,0.8,0.23,-0.51671,-0.05475,-0.13574,-0.84356,-0.66,0.8,0.11,0.29178,-0.06706,-0.07166,-0.95144,-0.66,0.83,0.15,0.06182,-0.00143,-0.15262,-0.98635,-0.66,0.83,0.19,-0.29957,-0.06857,-0.18076,-0.93428,-0.65,0.82,0.21,-0.44901,-0.12216,-0.18703,-0.86515,-0.65,0.8,0.23,-0.44901,-0.12216,-0.18703,-0.86515,-0.67,0.79,0.11,0.24109,0.00689,-0.30607,-0.92095,-0.68,0.81,0.15,0.08143,0.01079,-0.23648,-0.96816,-0.68,0.82,0.18,-0.22017,-0.03829,-0.29186,-0.92999,-0.68,0.81,0.2,-0.28433,-0.1088,-0.29699,-0.90505,-0.67,0.8,0.22,-0.28433,-0.1088,-0.29699,-0.90505,-0.48,0.82,0.13,0.37932,0.19351,0.18383,-0.88593,-0.47,0.78,0.09,0.37932,0.19351,0.18383,-0.88593,-0.51,0.8,0.11,0.45633,0.20266,-0.56967,-0.65282,-0.53,0.81,0.13,0.17486,-0.0164,-0.53582,-0.82587,-0.54,0.82,0.16,-0.05164,-0.12583,-0.58234,-0.80149,-0.53,0.82,0.18,-0.05164,-0.12583,-0.58234,-0.80149,-0.49,0.8,0.11,0.37932,0.19351,0.18383,-0.88593,-0.51,0.85,0.14,-0.02095,0.24949,0.03067,-0.96766,-0.53,0.85,0.18,-0.38504,0.24523,-0.03901,-0.88887,-0.54,0.83,0.19,-0.47632,0.21187,-0.05803,-0.85139,-0.54,0.81,0.2,-0.47632,0.21187,-0.05803,-0.85139,-0.48,0.8,0.11,0.37932,0.19351,0.18383,-0.88593,-0.49,0.85,0.15,-0.00369,0.24318,0.10901,-0.96383,-0.51,0.85,0.19,-0.48447,0.26688,-0.01356,-0.833,-0.52,0.83,0.2,-0.6973,0.23031,-0.01995,-0.67848,-0.53,0.8,0.2,-0.6973,0.23031,-0.01995,-0.67848,-0.46,0.8,0.12,0.37932,0.19351,0.18383,-0.88593,-0.47,0.83,0.16,0.06108,0.22359,0.19038,-0.95396,-0.49,0.84,0.19,-0.48844,0.30957,0.07178,-0.81267,-0.5,0.82,0.2,-0.74165,0.32885,-0.00803,-0.5846,-0.51,0.8,0.19,-0.74165,0.32885,-0.00803,-0.5846,-0.46,0.79,0.13,0.28511,0.1449,0.41107,-0.85366,-0.46,0.82,0.16,0.16728,0.19746,0.30081,-0.9179,-0.47,0.83,0.19,-0.4115,0.33617,0.20874,-0.82103,-0.48,0.82,0.2,-0.67656,0.42736,0.08569,-0.59354,-0.49,0.81,0.19,-0.67656,0.42736,0.08569,-0.59354,-0.6,0.8,0.21
36,-0.64,0.82,0.13,0.29444,-0.07554,-0.10676,-0.94668,-0.65,0.78,0.07,0.29444,-0.07554,-0.10676,-0.94668,-0.62,0.79,0.11,0.35979,-0.15721,0.58736,-0.7077,-0.6,0.8,0.13,0.13621,0.03122,0.5334,-0.83424,-0.59,0.81,0.16,-0.02463,0.08634,0.59075,-0.80184,-0.6,0.81,0.18,-0.02463,0.08634,0.59075,-0.80184,-0.63,0.8,0.1,0.29444,-0.07554,-0.10676,-0.94668,-0.62,0.84,0.15,-0.03973,-0.04931,-0.06699,-0.99574,-0.62,0.83,0.19,-0.41016,-0.0727,-0.06958,-0.90645,-0.61,0.82,0.2,-0.54612,-0.0544,-0.06356,-0.83352,-0.61,0.8,0.21,-0.54612,-0.0544,-0.06356,-0.83352,-0.65,0.8,0.1,0.29444,-0.07554,-0.10676,-0.94668,-0.64,0.84,0.15,-0.00597,-0.0395,-0.12774,-0.991,-0.64,0.84,0.19,-0.41295,-0.08905,-0.11301,-0.89932,-0.63,0.82,0.21,-0.55434,-0.08725,-0.15259,-0.81352,-0.63,0.79,0.22,-0.55434,-0.08725,-0.15259,-0.81352,-0.66,0.8,0.11,0.29444,-0.07554,-0.10676,-0.94668,-0.66,0.83,0.15,0.05852,-0.01724,-0.18519,-0.98081,-0.66,0.83,0.19,-0.33105,-0.10135,-0.20261,-0.91601,-0.65,0.82,0.21,-0.48796,-0.15942,-0.20244,-0.83396,-0.64,0.8,0.22,-0.48796,-0.15942,-0.20244,-0.83396,-0.67,0.79,0.11,0.23707,-0.00318,-0.33928,-0.91032,-0.68,0.81,0.15,0.08529,-0.00799,-0.26627,-0.96009,-0.68,0.82,0.18,-0.24161,-0.074,-0.31335,-0.9154,-0.67,0.81,0.2,-0.32158,-0.15164,-0.31417,-0.88028,-0.66,0.8,0.22,-0.32158,-0.15164,-0.31417,-0.88028,-0.47,0.83,0.13,0.43646,0.14274,0.25116,-0.85208,-0.47,0.78,0.09,0.43646,0.14274,0.25116,-0.85208,-0.5,0.81,0.11,0.497,0.10659,-0.51153,-0.6928,-0.52,0.82,0.13,0.17455,-0.0954,-0.44034,-0.87552,-0.52,0.84,0.16,-0.11139,-0.20286,-0.46059,-0.85691,-0.51,0.84,0.18,-0.11139,-0.20286,-0.46059,-0.85691,-0.49,0.81,0.11,0.43646,0.14274,0.25116,-0.85208,-0.49,0.86,0.14,0.05572,0.22049,0.12513,-0.96572,-0.51,0.87,0.17,-0.34954,0.25761,0.04848,-0.89951,-0.52,0.85,0.19,-0.45789,0.23397,0.0248,-0.85731,-0.53,0.83,0.2,-0.45789,0.23397,0.0248,-0.85731,-0.47,0.8,0.11,0.43646,0.14274,0.25116,-0.85208,-0.47,0.85,0.15,0.04428,0.22806,0.18633,-0.95463,-0.49,0.86,0.18,-0.44774,0.29341,0.05748,-0.8427,-0.51,0.84,0.2,-0.67122,0.27635,0.04039,-0.68663,-0.52,0.82,0.2,-0.67122,0.27635,0.04039,-0.68663,-0.46,0.8,0.12,0.43646,0.14274,0.25116,-0.85208,-0.46,0.84,0.15,0.09239,0.21247,0.26177,-0.93691,-0.47,0.85,0.19,-0.46185,0.34286,0.13175,-0.80733,-0.49,0.84,0.2,-0.72295,0.38075,0.03089,-0.57569,-0.5,0.82,0.19,-0.72295,0.38075,0.03089,-0.57569,-0.45,0.79,0.13,0.34211,0.11356,0.47819,-0.80088,-0.45,0.82,0.16,0.20976,0.17913,0.37275,-0.88599,-0.45,0.84,0.19,-0.36916,0.36998,0.27124,-0.80825,-0.47,0.83,0.19,-0.64066,0.48299,0.121,-0.58449,-0.48,0.82,0.19,-0.64066,0.48299,0.121,-0.58449,-0.6,0.8,0.21
37,-0.64,0.82,0.13,0.29449,-0.07664,-0.1421,-0.94192,-0.65,0.78,0.07,0.29449,-0.07664,-0.1421,-0.94192,-0.62,0.8,0.1,0.36892,-0.1538,0.56064,-0.72521,-0.6,0.81,0.13,0.14121,0.02474,0.50515,-0.85104,-0.59,0.82,0.16,-0.02048,0.07508,0.56554,-0.82104,-0.6,0.82,0.18,-0.02048,0.07508,0.56554,-0.82104,-0.63,0.8,0.1,0.29449,-0.07664,-0.1421,-0.94192,-0.62,0.84,0.15,-0.04441,-0.05513,-0.10468,-0.99198,-0.62,0.84,0.19,-0.41941,-0.09277,-0.10161,-0.89731,-0.61,0.82,0.2,-0.55631,-0.07933,-0.09161,-0.82209,-0.61,0.8,0.21,-0.55631,-0.07933,-0.09161,-0.82209,-0.65,0.8,0.1,0.29449,-0.07664,-0.1421,-0.94192,-0.64,0.84,0.15,-0.01102,-0.05009,-0.1618,-0.98549,-0.64,0.84,0.19,-0.43276,-0.11532,-0.13745,-0.88347,-0.63,0.82,0.21,-0.58151,-0.11702,-0.17128,-0.78665,-0.62,0.79,0.22,-0.58151,-0.11702,-0.17128,-0.78665,-0.66,0.8,0.11,0.29449,-0.07664,-0.1421,-0.94192,-0.66,0.83,0.15,0.05641,-0.02711,-0.21851,-0.97383,-0.66,0.83,0.19,-0.35338,-0.12898,-0.22637,-0.89847,-0.65,0.81,0.21,-0.51726,-0.1925,-0.21945,-0.80451,-0.64,0.8,0.22,-0.51726,-0.1925,-0.21945,-0.80451,-0.67,0.79,0.11,0.23202,-0.00557,-0.37249,-0.89855,-0.68,0.81,0.15,0.09377,-0.02093,-0.29601,-0.95034,-0.68,0.82,0.18,-0.24886,-0.10275,-0.33566,-0.90269,-0.67,0.81,0.2,-0.34271,-0.18792,-0.3309,-0.85892,-0.66,0.8,0.21,-0.34271,-0.18792,-0.3309,-0.85892,-0.46,0.83,0.13,0.44404,0.06845,0.32844,-0.83082,-0.47,0.78,0.09,0.44404,0.06845,0.32844,-0.83082,-0.49,0.81,0.11,0.52214,0.01599,-0.40552,-0.75011,-0.51,0.84,0.13,0.14911,-0.14352,-0.29946,-0.93139,-0.5,0.85,0.16,-0.18812,-0.21735,-0.30342,-0.90847,-0.49,0.84,0.18,-0.18812,-0.21735,-0.30342,-0.90847,-0.48,0.81,0.11,0.44404,0.06845,0.32844,-0.83082,-0.47,0.86,0.14,0.19609,0.12915,0.27333,-0.93282,-0.48,0.88,0.18,-0.21919,0.24175,0.21593,-0.92027,-0.49,0.87,0.2,-0.35683,0.2446,0.18977,-0.88138,-0.5,0.86,0.21,-0.35683,0.2446,0.18977,-0.88138,-0.47,0.8,0.12,0.44404,0.06845,0.32844,-0.83082,-0.45,0.85,0.15,0.14056,0.16087,0.3085,-0.92693,-0.46,0.87,0.19,-0.3283,0.29365,0.20349,-0.8744,-0.48,0.85,0.2,-0.54054,0.31951,0.18889,-0.75502,-0.5,0.84,0.21,-0.54054,0.31951,0.18889,-0.75502,-0.45,0.79,0.12,0.44404,0.06845,0.32844,-0.83082,-0.44,0.83,0.16,0.1506,0.14798,0.37175,-0.904,-0.45,0.85,0.19,-0.35685,0.3439,0.27001,-0.82552,-0.47,0.84,0.2,-0.60391,0.42978,0.17033,-0.64929,-0.49,0.82,0.2,-0.60391,0.42978,0.17033,-0.64929,-0.45,0.79,0.13,0.35437,0.04761,0.55102,-0.75401,-0.43,0.82,0.16,0.23692,0.12004,0.46055,-0.84697,-0.43,0.83,0.19,-0.2709,0.35382,0.39387,-0.80392,-0.45,0.83,0.2,-0.50792,0.50334,0.2614,-0.64833,-0.47,0.82,0.2,-0.50792,0.50334,0.2614,-0.64833,-0.6,0.8,0.21
38,-0.64,0.82,0.13,0.29511,-0.07453,-0.13658,-0.94271,-0.65,0.78,0.07,0.29511,-0.07453,-0.13658,-0.94271,-0.62,0.79,0.1,0.36306,-0.15158,0.56851,-0.7225,-0.6,0.81,0.13,0.13819,0.02883,0.51236,-0.84709,-0.59,0.82,0.16,-0.02134,0.07868,0.57193,-0.81624,-0.6,0.82,0.18,-0.02134,0.07868,0.57193,-0.81624,-0.63,0.8,0.1,0.29511,-0.07453,-0.13658,-0.94271,-0.62,0.84,0.15,-0.05275,-0.05048,-0.10061,-0.99224,-0.62,0.83,0.19,-0.42864,-0.08688,-0.09949,-0.89377,-0.61,0.82,0.2,-0.56508,-0.07315,-0.09012,-0.81683,-0.61,0.8,0.21,-0.56508,-0.07315,-0.09012,-0.81683,-0.64,0.8,0.1,0.29511,-0.07453,-0.13658,-0.94271,-0.64,0.84,0.15,-0.01252,-0.04677,-0.15712,-0.98639,-0.64,0.84,0.19,-0.43804,-0.11083,-0.13422,-0.88194,-0.63,0.82,0.21,-0.58898,-0.11213,-0.16868,-0.78235,-0.62,0.79,0.22,-0.58898,-0.11213,-0.16868,-0.78235,-0.66,0.8,0.11,0.29511,-0.07453,-0.13658,-0.94271,-0.66,0.83,0.15,0.05794,-0.02604,-0.21269,-0.97505,-0.66,0.83,0.19,-0.36057,-0.12755,-0.22061,-0.89725,-0.65,0.81,0.21,-0.52935,-0.19093,-0.21346,-0.7986,-0.64,0.8,0.22,-0.52935,-0.19093,-0.21346,-0.7986,-0.67,0.79,0.11,0.23381,-0.00345,-0.36744,-0.90017,-0.68,0.81,0.15,0.10175,-0.02513,-0.28787,-0.95192,-0.68,0.82,0.18,-0.24807,-0.10646,-0.32647,-0.90584,-0.67,0.81,0.2,-0.35388,-0.1945,-0.31933,-0.8573,-0.66,0.8,0.21,-0.35388,-0.1945,-0.31933,-0.8573,-0.46,0.82,0.14,0.38326,0.06685,0.33159,-0.85947,-0.47,0.77,0.09,0.38326,0.06685,0.33159,-0.85947,-0.5,0.81,0.12,0.49441,0.0403,-0.38295,-0.77928,-0.51,0.83,0.13,0.09922,-0.1178,-0.28788,-0.9452,-0.51,0.84,0.16,-0.252,-0.19065,-0.29625,-0.90132,-0.49,0.83,0.18,-0.252,-0.19065,-0.29625,-0.90132,-0.48,0.81,0.12,0.38326,0.06685,0.33159,-0.85947,-0.48,0.85,0.15,0.2079,0.07917,0.30375,-0.92642,-0.48,0.87,0.19,-0.20085,0.20862,0.26522,-0.91967,-0.49,0.86,0.21,-0.34234,0.22005,0.24282,-0.88058,-0.5,0.85,0.22,-0.34234,0.22005,0.24282,-0.88058,-0.47,0.8,0.12,0.38326,0.06685,0.33159,-0.85947,-0.46,0.84,0.16,0.134,0.12597,0.32973,-0.92599,-0.46,0.86,0.2,-0.30535,0.26566,0.24745,-0.88031,-0.48,0.84,0.22,-0.48115,0.29546,0.24836,-0.78709,-0.5,0.83,0.23,-0.48115,0.29546,0.24836,-0.78709,-0.46,0.79,0.12,0.38326,0.06685,0.33159,-0.85947,-0.45,0.82,0.16,0.12496,0.12062,0.38287,-0.90733,-0.45,0.84,0.2,-0.34138,0.31246,0.30818,-0.83118,-0.47,0.83,0.21,-0.55031,0.40281,0.23595,-0.69227,-0.49,0.81,0.22,-0.55031,0.40281,0.23595,-0.69227,-0.45,0.78,0.13,0.29489,0.02952,0.5515,-0.77975,-0.44,0.8,0.17,0.19724,0.10557,0.45981,-0.85937,-0.44,0.82,0.19,-0.24561,0.30658,0.42379,-0.81614,-0.45,0.81,0.21,-0.42993,0.44546,0.33854,-0.7086,-0.47,0.81,0.21,-0.42993,0.44546,0.33854,-0.7086,-0.6,0.8,0.21
39,-0.64,0.82,0.13,0.30019,-0.07257,-0.13576,-0.94138,-0.65,0.78,0.07,0.30019,-0.07257,-0.13576,-0.94138,-0.62,0.79,0.1,0.36137,-0.14657,0.57326,-0.72062,-0.6,0.81,0.13,0.13872,0.03448,0.51556,-0.84485,-0.59,0.82,0.16,-0.01491,0.08049,0.5752,-0.81391,-0.6,0.82,0.18,-0.01491,0.08049,0.5752,-0.81391,-0.63,0.8,0.1,0.30019,-0.07257,-0.13576,-0.94138,-0.62,0.84,0.15,-0.05706,-0.04856,-0.10062,-0.9921,-0.62,0.83,0.18,-0.43402,-0.08517,-0.1001,-0.89126,-0.61,0.82,0.2,-0.57053,-0.07159,-0.09075,-0.8131,-0.61,0.8,0.21,-0.57053,-0.07159,-0.09075,-0.8131,-0.64,0.8,0.1,0.30019,-0.07257,-0.13576,-0.94138,-0.64,0.84,0.15,-0.00961,-0.04559,-0.15698,-0.9865,-0.64,0.84,0.19,-0.43734,-0.11003,-0.13437,-0.88237,-0.63,0.82,0.21,-0.5908,-0.11176,-0.16888,-0.78099,-0.62,0.79,0.22,-0.5908,-0.11176,-0.16888,-0.78099,-0.66,0.8,0.11,0.30019,-0.07257,-0.13576,-0.94138,-0.66,0.83,0.15,0.06357,-0.02809,-0.211,-0.97501,-0.66,0.83,0.19,-0.36022,-0.13001,-0.21757,-0.89778,-0.65,0.82,0.21,-0.53403,-0.19374,-0.20921,-0.79593,-0.64,0.8,0.22,-0.53403,-0.19374,-0.20921,-0.79593,-0.67,0.79,0.11,0.23928,-0.00277,-0.36712,-0.89887,-0.68,0.81,0.15,0.11392,-0.0317,-0.28423,-0.95144,-0.68,0.82,0.18,-0.24108,-0.11357,-0.32073,-0.90891,-0.67,0.81,0.2,-0.3582,-0.20447,-0.31035,-0.85649,-0.66,0.8,0.21,-0.3582,-0.20447,-0.31035,-0.85649,-0.47,0.82,0.14,0.3489,0.08492,0.3231,-0.87559,-0.47,0.77,0.09,0.3489,0.08492,0.3231,-0.87559,-0.5,0.8,0.12,0.48293,0.0641,-0.38008,-0.78626,-0.51,0.82,0.13,0.08099,-0.09731,-0.29562,-0.94688,-0.51,0.83,0.16,-0.27229,-0.17433,-0.30912,-0.89438,-0.5,0.82,0.18,-0.27229,-0.17433,-0.30912,-0.89438,-0.49,0.8,0.12,0.3489,0.08492,0.3231,-0.87559,-0.48,0.85,0.15,0.21548,0.06334,0.30447,-0.92567,-0.48,0.86,0.19,-0.17456,0.18919,0.27638,-0.92593,-0.49,0.86,0.21,-0.31383,0.20176,0.25825,-0.89113,-0.51,0.85,0.23,-0.31383,0.20176,0.25825,-0.89113,-0.47,0.79,0.12,0.3489,0.08492,0.3231,-0.87559,-0.46,0.84,0.16,0.12409,0.11798,0.32748,-0.92922,-0.47,0.85,0.2,-0.29556,0.25171,0.25488,-0.88562,-0.49,0.84,0.22,-0.44483,0.27682,0.26509,-0.80946,-0.5,0.82,0.23,-0.44483,0.27682,0.26509,-0.80946,-0.46,0.79,0.12,0.3489,0.08492,0.3231,-0.87559,-0.45,0.82,0.16,0.1022,0.12366,0.37287,-0.91391,-0.46,0.83,0.2,-0.33609,0.29922,0.30831,-0.83812,-0.48,0.82,0.22,-0.51648,0.38198,0.25324,-0.72333,-0.5,0.81,0.22,-0.51648,0.38198,0.25324,-0.72333,-0.45,0.78,0.13,0.25879,0.03747,0.54147,-0.79902,-0.44,0.8,0.17,0.17494,0.11909,0.44487,-0.87023,-0.45,0.81,0.19,-0.21898,0.28464,0.42084,-0.83302,-0.46,0.81,0.21,-0.35605,0.40114,0.36626,-0.76037,-0.48,0.81,0.22,-0.35605,0.40114,0.36626,-0.76037,-0.6,0.8,0.21
40,-0.64,0.82,0.13,0.30924,-0.07566,-0.13032,-0.93897,-0.65,0.78,0.07,0.30924,-0.07566,-0.13032,-0.93897,-0.62,0.79,0.1,0.36437,-0.14368,0.58127,-0.71324,-0.6,0.81,0.13,0.14388,0.0394,0.52277,-0.83932,-0.59,0.82,0.16,-0.00082,0.08056,0.58308,-0.80841,-0.59,0.82,0.18,-0.00082,0.08056,0.58308,-0.80841,-0.63,0.8,0.1,0.30924,-0.07566,-0.13032,-0.93897,-0.62,0.84,0.15,-0.04232,-0.04943,-0.0952,-0.99333,-0.62,0.84,0.18,-0.4184,-0.08401,-0.09498,-0.89937,-0.61,0.82,0.2,-0.55525,-0.06962,-0.08648,-0.82424,-0.61,0.8,0.21,-0.55525,-0.06962,-0.08648,-0.82424,-0.64,0.8,0.1,0.30924,-0.07566,-0.13032,-0.93897,-0.64,0.84,0.15,0.00252,-0.0477,-0.15118,-0.98735,-0.64,0.84,0.19,-0.42484,-0.10929,-0.12847,-0.88942,-0.63,0.82,0.21,-0.57924,-0.11072,-0.16357,-0.79087,-0.62,0.8,0.22,-0.57924,-0.11072,-0.16357,-0.79087,-0.66,0.8,0.11,0.30924,-0.07566,-0.13032,-0.93897,-0.66,0.83,0.15,0.07727,-0.03225,-0.20478,-0.97522,-0.66,0.83,0.19,-0.34678,-0.13135,-0.2102,-0.9046,-0.65,0.82,0.21,-0.52246,-0.19389,-0.20144,-0.80552,-0.64,0.8,0.22,-0.52246,-0.19389,-0.20144,-0.80552,-0.67,0.79,0.11,0.24821,-0.00788,-0.36257,-0.89826,-0.67,0.81,0.15,0.13094,-0.03813,-0.27718,-0.95109,-0.67,0.82,0.18,-0.22481,-0.11804,-0.31233,-0.91541,-0.67,0.81,0.2,-0.34439,-0.20821,-0.30042,-0.86475,-0.66,0.8,0.21,-0.34439,-0.20821,-0.30042,-0.86475,-0.47,0.82,0.14,0.35288,0.1128,0.30384,-0.87774,-0.47,0.78,0.09,0.35288,0.1128,0.30384,-0.87774,-0.5,0.8,0.12,0.46773,0.07482,-0.42557,-0.77105,-0.52,0.82,0.13,0.07528,-0.10874,-0.34247,-0.93017,-0.51,0.83,0.16,-0.26722,-0.19869,-0.34962,-0.87572,-0.5,0.82,0.18,-0.26722,-0.19869,-0.34962,-0.87572,-0.49,0.8,0.11,0.35288,0.1128,0.30384,-0.87774,-0.49,0.85,0.15,0.19537,0.09656,0.27825,-0.93546,-0.49,0.86,0.19,-0.1649,0.19998,0.24668,-0.93379,-0.5,0.86,0.21,-0.28049,0.20179,0.23375,-0.90882,-0.51,0.85,0.22,-0.28049,0.20179,0.23375,-0.90882,-0.47,0.8,0.12,0.35288,0.1128,0.30384,-0.87774,-0.47,0.84,0.16,0.11071,0.14213,0.30249,-0.93597,-0.48,0.85,0.2,-0.30788,0.2616,0.22284,-0.8872,-0.49,0.84,0.22,-0.4475,0.27841,0.23461,-0.81681,-0.51,0.83,0.23,-0.4475,0.27841,0.23461,-0.81681,-0.46,0.79,0.12,0.35288,0.1128,0.30384,-0.87774,-0.46,0.82,0.16,0.08958,0.14842,0.34753,-0.92151,-0.47,0.83,0.2,-0.34349,0.30612,0.2778,-0.84329,-0.48,0.82,0.21,-0.51291,0.37849,0.22781,-0.73606,-0.5,0.81,0.22,-0.51291,0.37849,0.22781,-0.73606,-0.46,0.78,0.13,0.25954,0.06463,0.52332,-0.80907,-0.45,0.8,0.17,0.17081,0.14369,0.42293,-0.87824,-0.45,0.82,0.19,-0.21133,0.29029,0.39602,-0.84513,-0.46,0.81,0.21,-0.32553,0.39138,0.3525,-0.78523,-0.48,0.81,0.22,-0.32553,0.39138,0.3525,-0.78523,-0.6,0.8,0.21
41,-0.64,0.82,0.13,0.31022,-0.075,-0.13267,-0.93837,-0.65,0.78,0.07,0.31022,-0.075,-0.13267,-0.93837,-0.62,0.8,0.1,0.36356,-0.14251,0.58104,-0.71408,-0.6,0.81,0.13,0.14019,0.04227,0.52222,-0.84015,-0.59,0.82,0.16,0.00247,0.07773,0.58337,-0.80848,-0.59,0.82,0.18,0.00247,0.07773,0.58337,-0.80848,-0.63,0.8,0.1,0.31022,-0.075,-0.13267,-0.93837,-0.62,0.84,0.15,-0.02596,-0.04841,-0.09873,-0.9936,-0.62,0.84,0.18,-0.39661,-0.0841,-0.09923,-0.90873,-0.61,0.82,0.2,-0.53269,-0.07019,-0.0916,-0.83841,-0.61,0.8,0.21,-0.53269,-0.07019,-0.0916,-0.83841,-0.64,0.8,0.1,0.31022,-0.075,-0.13267,-0.93837,-0.64,0.84,0.15,0.01052,-0.04731,-0.1537,-0.98693,-0.64,0.84,0.19,-0.41236,-0.10939,-0.13151,-0.89482,-0.63,0.82,0.21,-0.56415,-0.11162,-0.16693,-0.80088,-0.62,0.8,0.22,-0.56415,-0.11162,-0.16693,-0.80088,-0.66,0.8,0.11,0.31022,-0.075,-0.13267,-0.93837,-0.66,0.83,0.15,0.0877,-0.03186,-0.20686,-0.97391,-0.66,0.83,0.19,-0.33236,-0.1313,-0.2126,-0.90945,-0.65,0.82,0.21,-0.50596,-0.19404,-0.20398,-0.81532,-0.64,0.8,0.22,-0.50596,-0.19404,-0.20398,-0.81532,-0.67,0.79,0.11,0.24897,-0.00756,-0.36487,-0.89712,-0.67,0.81,0.15,0.14073,-0.03867,-0.27833,-0.94933,-0.67,0.82,0.18,-0.20924,-0.11772,-0.31385,-0.91862,-0.67,0.81,0.2,-0.32551,-0.20699,-0.30195,-0.8718,-0.66,0.81,0.21,-0.32551,-0.20699,-0.30195,-0.8718,-0.47,0.82,0.14,0.37655,0.13935,0.28628,-0.86996,-0.47,0.78,0.09,0.37655,0.13935,0.28628,-0.86996,-0.5,0.8,0.11,0.47415,0.07361,-0.46085,-0.74658,-0.52,0.82,0.13,0.09409,-0.12408,-0.37508,-0.91382,-0.51,0.83,0.16,-0.24494,-0.22557,-0.3746,-0.86533,-0.5,0.83,0.18,-0.24494,-0.22557,-0.3746,-0.86533,-0.49,0.8,0.11,0.37655,0.13935,0.28628,-0.86996,-0.49,0.85,0.15,0.16687,0.13614,0.2481,-0.94449,-0.5,0.86,0.18,-0.19185,0.22406,0.20536,-0.93318,-0.51,0.86,0.2,-0.29341,0.21762,0.19277,-0.91071,-0.52,0.85,0.22,-0.29341,0.21762,0.19277,-0.91071,-0.48,0.8,0.12,0.37655,0.13935,0.28628,-0.86996,-0.47,0.84,0.15,0.09466,0.17482,0.27374,-0.94103,-0.49,0.86,0.19,-0.33473,0.28037,0.17977,-0.8815,-0.5,0.84,0.21,-0.47633,0.28938,0.18871,-0.80855,-0.52,0.83,0.22,-0.47633,0.28938,0.18871,-0.80855,-0.46,0.79,0.12,0.37655,0.13935,0.28628,-0.86996,-0.46,0.83,0.16,0.07025,0.18272,0.31908,-0.92729,-0.47,0.84,0.2,-0.36918,0.32396,0.23585,-0.83853,-0.49,0.83,0.21,-0.53854,0.38637,0.18369,-0.72591,-0.51,0.81,0.21,-0.53854,0.38637,0.18369,-0.72591,-0.46,0.79,0.13,0.27956,0.09601,0.50754,-0.80934,-0.45,0.81,0.17,0.16113,0.17538,0.40234,-0.88397,-0.46,0.82,0.19,-0.2228,0.30975,0.36525,-0.84912,-0.47,0.82,0.21,-0.33426,0.40402,0.32172,-0.78838,-0.49,0.82,0.22,-0.33426,0.40402,0.32172,-0.78838,-0.6,0.8,0.21
42,-0.64,0.82,0.13,0.30699,-0.07586,-0.13351,-0.93925,-0.65,0.78,0.07,0.30699,-0.07586,-0.13351,-0.93925,-0.62,0.8,0.1,0.36181,-0.14489,0.58022,-0.71516,-0.6,0.81,0.13,0.13387,0.04253,0.52223,-0.84116,-0.59,0.82,0.16,-0.00205,0.07608,0.58345,-0.80858,-0.6,0.82,0.18,-0.00205,0.07608,0.58345,-0.80858,-0.63,0.8,0.1,0.30699,-0.07586,-0.13351,-0.93925,-0.62,0.84,0.15,-0.02197,-0.04882,-0.09957,-0.99359,-0.62,0.84,0.18,-0.39052,-0.08463,-0.10008,-0.91122,-0.61,0.82,0.2,-0.52651,-0.07082,-0.0926,-0.84214,-0.61,0.8,0.21,-0.52651,-0.07082,-0.0926,-0.84214,-0.64,0.8,0.1,0.30699,-0.07586,-0.13351,-0.93925,-0.64,0.84,0.15,0.01129,-0.04761,-0.15423,-0.98682,-0.64,0.84,0.19,-0.40805,-0.10937,-0.13228,-0.89668,-0.63,0.82,0.21,-0.55675,-0.11152,-0.16792,-0.80585,-0.62,0.8,0.22,-0.55675,-0.11152,-0.16792,-0.80585,-0.66,0.8,0.11,0.30699,-0.07586,-0.13351,-0.93925,-0.66,0.83,0.15,0.08844,-0.03242,-0.20706,-0.97378,-0.66,0.83,0.19,-0.32541,-0.13052,-0.2133,-0.91191,-0.65,0.82,0.21,-0.49541,-0.19274,-0.2053,-0.82175,-0.64,0.8,0.22,-0.49541,-0.19274,-0.2053,-0.82175,-0.67,0.79,0.11,0.24553,-0.00762,-0.36539,-0.89786,-0.67,0.81,0.15,0.13884,-0.04178,-0.27769,-0.94967,-0.67,0.82,0.18,-0.19823,-0.11598,-0.31321,-0.92149,-0.67,0.81,0.2,-0.30785,-0.20295,-0.30238,-0.87898,-0.66,0.81,0.21,-0.30785,-0.20295,-0.30238,-0.87898,-0.47,0.82,0.14,0.39407,0.14096,0.27723,-0.86486,-0.47,0.78,0.09,0.39407,0.14096,0.27723,-0.86486,-0.5,0.8,0.12,0.4832,0.06554,-0.47064,-0.73534,-0.52,0.82,0.13,0.1091,-0.13424,-0.38089,-0.9083,-0.51,0.83,0.16,-0.23827,-0.2422,-0.37349,-0.86318,-0.5,0.83,0.18,-0.23827,-0.2422,-0.37349,-0.86318,-0.49,0.8,0.11,0.39407,0.14096,0.27723,-0.86486,-0.49,0.85,0.15,0.16323,0.14109,0.23613,-0.94747,-0.5,0.87,0.18,-0.19907,0.22476,0.19187,-0.93437,-0.51,0.86,0.2,-0.29843,0.2164,0.17965,-0.91205,-0.52,0.85,0.22,-0.29843,0.2164,0.17965,-0.91205,-0.48,0.8,0.12,0.39407,0.14096,0.27723,-0.86486,-0.47,0.85,0.15,0.10107,0.17439,0.26581,-0.94272,-0.48,0.86,0.19,-0.34423,0.27933,0.16835,-0.88042,-0.5,0.84,0.21,-0.48959,0.28674,0.17657,-0.80431,-0.52,0.83,0.22,-0.48959,0.28674,0.17657,-0.80431,-0.46,0.79,0.12,0.39407,0.14096,0.27723,-0.86486,-0.46,0.83,0.16,0.07629,0.18149,0.31267,-0.92924,-0.47,0.84,0.2,-0.37402,0.3226,0.22744,-0.83923,-0.49,0.83,0.21,-0.54563,0.38354,0.17506,-0.72425,-0.51,0.81,0.21,-0.54563,0.38354,0.17506,-0.72425,-0.46,0.79,0.13,0.29755,0.10174,0.50015,-0.80682,-0.45,0.81,0.17,0.15885,0.17768,0.39587,-0.88684,-0.46,0.83,0.19,-0.22786,0.30982,0.35799,-0.85084,-0.47,0.82,0.21,-0.34064,0.40332,0.31444,-0.78894,-0.49,0.82,0.22,-0.34064,0.40332,0.31444,-0.78894,-0.6,0.8,0.21
43,-0.64,0.82,0.13,0.29806,-0.08278,-0.13105,-0.94188,-0.65,0.78,0.07,0.29806,-0.08278,-0.13105,-0.94188,-0.62,0.79,0.1,0.35807,-0.15574,0.58144,-0.71377,-0.59,0.81,0.13,0.12732,0.03455,0.52707,-0.83952,-0.59,0.81,0.16,-0.00807,0.06848,0.58875,-0.80537,-0.59,0.82,0.18,-0.00807,0.06848,0.58875,-0.80537,-0.63,0.8,0.1,0.29806,-0.08278,-0.13105,-0.94188,-0.62,0.84,0.15,-0.02854,-0.05386,-0.09491,-0.99362,-0.61,0.84,0.18,-0.39748,-0.08748,-0.09383,-0.9086,-0.61,0.82,0.2,-0.53356,-0.07272,-0.08572,-0.83826,-0.6,0.8,0.21,-0.53356,-0.07272,-0.08572,-0.83826,-0.64,0.8,0.1,0.29806,-0.08278,-0.13105,-0.94188,-0.64,0.84,0.15,0.00545,-0.05212,-0.14974,-0.98734,-0.64,0.84,0.19,-0.41364,-0.11148,-0.12632,-0.89472,-0.63,0.82,0.21,-0.56114,-0.11214,-0.16165,-0.804,-0.62,0.8,0.22,-0.56114,-0.11214,-0.16165,-0.804,-0.66,0.8,0.11,0.29806,-0.08278,-0.13105,-0.94188,-0.66,0.83,0.15,0.0827,-0.03727,-0.20265,-0.97504,-0.66,0.83,0.19,-0.32895,-0.13232,-0.20768,-0.91167,-0.65,0.82,0.21,-0.49731,-0.193,-0.19981,-0.8219,-0.63,0.8,0.22,-0.49731,-0.193,-0.19981,-0.8219,-0.67,0.79,0.11,0.23576,-0.01206,-0.36218,-0.90172,-0.67,0.81,0.15,0.12968,-0.04879,-0.27296,-0.95199,-0.67,0.82,0.18,-0.20104,-0.1181,-0.30691,-0.92274,-0.67,0.81,0.2,-0.30791,-0.20324,-0.29657,-0.88087,-0.65,0.81,0.21,-0.30791,-0.20324,-0.29657,-0.88087,-0.47,0.82,0.14,0.39007,0.13696,0.27362,-0.86846,-0.47,0.78,0.09,0.39007,0.13696,0.27362,-0.86846,-0.5,0.8,0.12,0.48387,0.07207,-0.46827,-0.7358,-0.52,0.82,0.13,0.11051,-0.12665,-0.38175,-0.90885,-0.51,0.83,0.16,-0.24105,-0.23758,-0.37543,-0.86285,-0.5,0.83,0.18,-0.24105,-0.23758,-0.37543,-0.86285,-0.49,0.8,0.11,0.39007,0.13696,0.27362,-0.86846,-0.49,0.85,0.15,0.15123,0.13862,0.23154,-0.95095,-0.5,0.86,0.18,-0.20795,0.21976,0.18947,-0.93411,-0.51,0.86,0.2,-0.3052,0.21067,0.17801,-0.91147,-0.52,0.85,0.22,-0.3052,0.21067,0.17801,-0.91147,-0.48,0.8,0.12,0.39007,0.13696,0.27362,-0.86846,-0.47,0.85,0.15,0.09813,0.16431,0.26705,-0.94449,-0.48,0.86,0.19,-0.35264,0.27191,0.17253,-0.8786,-0.5,0.84,0.21,-0.50251,0.28041,0.18047,-0.79767,-0.52,0.83,0.22,-0.50251,0.28041,0.18047,-0.79767,-0.46,0.79,0.12,0.39007,0.13696,0.27362,-0.86846,-0.46,0.83,0.16,0.07399,0.16915,0.31538,-0.93083,-0.47,0.84,0.2,-0.38439,0.31511,0.23289,-0.83589,-0.49,0.83,0.21,-0.55902,0.37796,0.18042,-0.71561,-0.51,0.81,0.21,-0.55902,0.37796,0.18042,-0.71561,-0.46,0.79,0.13,0.29495,0.09647,0.49692,-0.81042,-0.45,0.81,0.17,0.1499,0.16658,0.39684,-0.89011,-0.45,0.82,0.19,-0.24034,0.30087,0.36216,-0.84885,-0.47,0.82,0.21,-0.35479,0.39596,0.31952,-0.78438,-0.49,0.82,0.22,-0.35479,0.39596,0.31952,-0.78438,-0.6,0.8,0.21
44,-0.64,0.82,0.13,0.29035,-0.08685,-0.13242,-0.94373,-0.65,0.78,0.07,0.29035,-0.08685,-0.13242,-0.94373,-0.61,0.79,0.1,0.35589,-0.16379,0.57879,-0.71521,-0.59,0.81,0.13,0.12335,0.02679,0.52707,-0.84039,-0.59,0.81,0.16,-0.01083,0.05997,0.5897,-0.80532,-0.59,0.82,0.18,-0.01083,0.05997,0.5897,-0.80532,-0.63,0.8,0.1,0.29035,-0.08685,-0.13242,-0.94373,-0.62,0.84,0.15,-0.03565,-0.05802,-0.0945,-0.99319,-0.61,0.84,0.18,-0.40445,-0.09105,-0.09187,-0.90537,-0.61,0.82,0.2,-0.54054,-0.07597,-0.08296,-0.83376,-0.6,0.8,0.21,-0.54054,-0.07597,-0.08296,-0.83376,-0.64,0.8,0.1,0.29035,-0.08685,-0.13242,-0.94373,-0.64,0.84,0.15,0.00059,-0.055,-0.14988,-0.98717,-0.63,0.84,0.19,-0.41888,-0.11421,-0.12512,-0.8921,-0.63,0.82,0.21,-0.56634,-0.11434,-0.15989,-0.80039,-0.62,0.8,0.22,-0.56634,-0.11434,-0.15989,-0.80039,-0.66,0.8,0.11,0.29035,-0.08685,-0.13242,-0.94373,-0.66,0.83,0.15,0.07891,-0.0398,-0.20282,-0.97522,-0.66,0.83,0.19,-0.33398,-0.13485,-0.20666,-0.90971,-0.65,0.82,0.21,-0.50209,-0.19518,-0.19841,-0.8188,-0.63,0.8,0.22,-0.50209,-0.19518,-0.19841,-0.8188,-0.67,0.79,0.11,0.22722,-0.01417,-0.36273,-0.90366,-0.67,0.81,0.15,0.12356,-0.05247,-0.27275,-0.95267,-0.67,0.82,0.18,-0.20746,-0.12114,-0.30536,-0.92143,-0.66,0.81,0.2,-0.31394,-0.20591,-0.29499,-0.87865,-0.65,0.8,0.21,-0.31394,-0.20591,-0.29499,-0.87865,-0.48,0.82,0.14,0.37171,0.14248,0.27095,-0.87642,-0.47,0.77,0.09,0.37171,0.14248,0.27095,-0.87642,-0.5,0.8,0.12,0.4846,0.10004,-0.45996,-0.73728,-0.52,0.82,0.13,0.11688,-0.09426,-0.38699,-0.90978,-0.52,0.83,0.16,-0.22653,-0.20638,-0.39439,-0.86634,-0.51,0.82,0.18,-0.22653,-0.20638,-0.39439,-0.86634,-0.49,0.8,0.11,0.37171,0.14248,0.27095,-0.87642,-0.5,0.85,0.15,0.12729,0.14625,0.22422,-0.95506,-0.5,0.86,0.18,-0.227,0.22262,0.18125,-0.93062,-0.52,0.85,0.2,-0.32393,0.21254,0.16897,-0.90628,-0.53,0.84,0.22,-0.32393,0.21254,0.16897,-0.90628,-0.48,0.8,0.12,0.37171,0.14248,0.27095,-0.87642,-0.48,0.84,0.16,0.08184,0.16456,0.26421,-0.94679,-0.49,0.85,0.2,-0.36999,0.27096,0.16938,-0.87235,-0.5,0.84,0.21,-0.52432,0.27881,0.17584,-0.78513,-0.52,0.82,0.22,-0.52432,0.27881,0.17584,-0.78513,-0.46,0.79,0.12,0.37171,0.14248,0.27095,-0.87642,-0.46,0.83,0.16,0.06492,0.16382,0.3151,-0.93256,-0.47,0.84,0.2,-0.39778,0.31124,0.23372,-0.83083,-0.49,0.82,0.21,-0.57637,0.37506,0.17999,-0.70337,-0.51,0.81,0.21,-0.57637,0.37506,0.17999,-0.70337,-0.46,0.79,0.13,0.27626,0.09685,0.4933,-0.81912,-0.45,0.81,0.17,0.1304,0.16079,0.39612,-0.89456,-0.46,0.82,0.19,-0.26676,0.29677,0.3615,-0.84266,-0.47,0.82,0.21,-0.38626,0.39398,0.31792,-0.77104,-0.49,0.81,0.22,-0.38626,0.39398,0.31792,-0.77104,-0.6,0.8,0.21
45,-0.64,0.82,0.13,0.28908,-0.08636,-0.13461,-0.94385,-0.65,0.78,0.07,0.28908,-0.08636,-0.13461,-0.94385,-0.62,0.79,0.1,0.35399,-0.16437,0.5781,-0.71657,-0.59,0.81,0.13,0.12108,0.02621,0.52657,-0.84106,-0.59,0.81,0.16,-0.00837,0.05565,0.58995,-0.80547,-0.59,0.82,0.18,-0.00837,0.05565,0.58995,-0.80547,-0.63,0.8,0.1,0.28908,-0.08636,-0.13461,-0.94385,-0.62,0.84,0.15,-0.03618,-0.05818,-0.09674,-0.99295,-0.61,0.84,0.18,-0.40244,-0.09176,-0.09413,-0.90596,-0.61,0.82,0.2,-0.53813,-0.07697,-0.08521,-0.83501,-0.6,0.8,0.21,-0.53813,-0.07697,-0.08521,-0.83501,-0.64,0.8,0.1,0.28908,-0.08636,-0.13461,-0.94385,-0.64,0.84,0.15,0.00163,-0.05418,-0.15249,-0.98682,-0.64,0.84,0.19,-0.41894,-0.11475,-0.12768,-0.89164,-0.63,0.82,0.21,-0.56654,-0.11532,-0.16228,-0.79962,-0.62,0.8,0.22,-0.56654,-0.11532,-0.16228,-0.79962,-0.66,0.8,0.11,0.28908,-0.08636,-0.13461,-0.94385,-0.66,0.83,0.15,0.08099,-0.03854,-0.20528,-0.97459,-0.66,0.83,0.19,-0.3335,-0.13519,-0.20915,-0.90926,-0.65,0.82,0.21,-0.50168,-0.19604,-0.20072,-0.81829,-0.63,0.8,0.22,-0.50168,-0.19604,-0.20072,-0.81829,-0.67,0.79,0.11,0.22579,-0.01346,-0.36471,-0.90323,-0.67,0.81,0.15,0.12326,-0.05324,-0.27439,-0.9522,-0.67,0.82,0.18,-0.20832,-0.12259,-0.30656,-0.92065,-0.66,0.81,0.2,-0.31502,-0.20759,-0.29594,-0.87755,-0.65,0.8,0.21,-0.31502,-0.20759,-0.29594,-0.87755,-0.48,0.82,0.14,0.35837,0.17034,0.24123,-0.88564,-0.47,0.77,0.09,0.35837,0.17034,0.24123,-0.88564,-0.51,0.8,0.11,0.49502,0.14403,-0.4711,-0.71574,-0.53,0.81,0.13,0.14671,-0.05164,-0.41744,-0.8953,-0.53,0.83,0.16,-0.16522,-0.16555,-0.44516,-0.86437,-0.52,0.82,0.18,-0.16522,-0.16555,-0.44516,-0.86437,-0.49,0.8,0.11,0.35837,0.17034,0.24123,-0.88564,-0.5,0.85,0.15,0.06963,0.17735,0.17564,-0.96584,-0.52,0.85,0.18,-0.28975,0.23332,0.12413,-0.91989,-0.53,0.84,0.2,-0.38896,0.2175,0.1081,-0.88866,-0.54,0.83,0.21,-0.38896,0.2175,0.1081,-0.88866,-0.48,0.79,0.12,0.35837,0.17034,0.24123,-0.88564,-0.48,0.84,0.16,0.061,0.18223,0.2266,-0.95484,-0.5,0.85,0.2,-0.39787,0.26962,0.12634,-0.86778,-0.51,0.83,0.21,-0.56357,0.26984,0.13063,-0.76975,-0.53,0.81,0.22,-0.56357,0.26984,0.13063,-0.76975,-0.46,0.79,0.12,0.35837,0.17034,0.24123,-0.88564,-0.47,0.83,0.16,0.05953,0.17444,0.2819,-0.94157,-0.48,0.84,0.2,-0.41817,0.30668,0.19647,-0.83215,-0.5,0.82,0.21,-0.60974,0.36339,0.14022,-0.69029,-0.51,0.8,0.21,-0.60974,0.36339,0.14022,-0.69029,-0.46,0.79,0.13,0.26158,0.11922,0.46406,-0.83786,-0.46,0.81,0.17,0.11619,0.17357,0.36419,-0.9076,-0.46,0.82,0.2,-0.3011,0.29983,0.32306,-0.84562,-0.48,0.81,0.21,-0.44022,0.3966,0.27304,-0.75787,-0.5,0.81,0.22,-0.44022,0.3966,0.27304,-0.75787,-0.6,0.8,0.21
46,-0.64,0.82,0.13,0.28903,-0.08366,-0.1325,-0.94441,-0.65,0.78,0.07,0.28903,-0.08366,-0.1325,-0.94441,-0.62,0.79,0.1,0.35025,-0.16401,0.58115,-0.71603,-0.59,0.8,0.13,0.11761,0.02795,0.52955,-0.83962,-0.59,0.81,0.16,-0.00874,0.05516,0.59289,-0.80334,-0.59,0.81,0.18,-0.00874,0.05516,0.59289,-0.80334,-0.63,0.8,0.1,0.28903,-0.08366,-0.1325,-0.94441,-0.62,0.84,0.15,-0.03769,-0.05594,-0.09491,-0.9932,-0.61,0.83,0.19,-0.39898,-0.08845,-0.09376,-0.90785,-0.61,0.82,0.2,-0.53303,-0.07344,-0.08566,-0.83854,-0.6,0.8,0.21,-0.53303,-0.07344,-0.08566,-0.83854,-0.64,0.8,0.1,0.28903,-0.08366,-0.1325,-0.94441,-0.64,0.84,0.15,0.00149,-0.05119,-0.1511,-0.98719,-0.64,0.84,0.19,-0.4184,-0.11134,-0.12779,-0.89231,-0.63,0.82,0.21,-0.5655,-0.11196,-0.16302,-0.80069,-0.62,0.8,0.22,-0.5655,-0.11196,-0.16302,-0.80069,-0.66,0.8,0.11,0.28903,-0.08366,-0.1325,-0.94441,-0.66,0.83,0.15,0.08252,-0.03546,-0.20371,-0.9749,-0.66,0.83,0.19,-0.33205,-0.13178,-0.20902,-0.91032,-0.65,0.82,0.21,-0.50001,-0.19265,-0.20131,-0.81997,-0.63,0.8,0.22,-0.50001,-0.19265,-0.20131,-0.81997,-0.67,0.79,0.11,0.22658,-0.01071,-0.36283,-0.90383,-0.67,0.81,0.15,0.12362,-0.05174,-0.27228,-0.95284,-0.67,0.82,0.18,-0.20661,-0.12004,-0.30524,-0.92181,-0.67,0.81,0.2,-0.31302,-0.20478,-0.295,-0.87924,-0.65,0.8,0.21,-0.31302,-0.20478,-0.295,-0.87924,-0.49,0.82,0.14,0.34473,0.21312,0.17025,-0.8982,-0.47,0.77,0.09,0.34473,0.21312,0.17025,-0.8982,-0.51,0.79,0.11,0.49596,0.20254,-0.5181,-0.66676,-0.53,0.8,0.12,0.17116,-0.01371,-0.488,-0.85579,-0.54,0.81,0.16,-0.11575,-0.14669,-0.52546,-0.83004,-0.53,0.81,0.18,-0.11575,-0.14669,-0.52546,-0.83004,-0.5,0.8,0.11,0.34473,0.21312,0.17025,-0.8982,-0.52,0.84,0.15,0.03235,0.20411,0.08426,-0.97478,-0.53,0.84,0.18,-0.33111,0.22422,0.02903,-0.91611,-0.54,0.83,0.2,-0.43124,0.19825,0.01242,-0.8801,-0.55,0.81,0.21,-0.43124,0.19825,0.01242,-0.8801,-0.48,0.79,0.12,0.34473,0.21312,0.17025,-0.8982,-0.5,0.84,0.15,0.03615,0.20392,0.14236,-0.96791,-0.51,0.84,0.19,-0.42778,0.24885,0.04162,-0.86796,-0.52,0.82,0.21,-0.60251,0.23215,0.04944,-0.762,-0.53,0.8,0.21,-0.60251,0.23215,0.04944,-0.762,-0.47,0.79,0.12,0.34473,0.21312,0.17025,-0.8982,-0.48,0.83,0.16,0.05212,0.1923,0.20304,-0.95869,-0.49,0.83,0.2,-0.44483,0.28429,0.11694,-0.84121,-0.51,0.82,0.21,-0.65112,0.32218,0.06539,-0.68408,-0.52,0.8,0.21,-0.65112,0.32218,0.06539,-0.68408,-0.46,0.79,0.13,0.24925,0.15474,0.39525,-0.87046,-0.46,0.81,0.17,0.11064,0.19273,0.28981,-0.93093,-0.47,0.82,0.19,-0.34368,0.29195,0.24146,-0.85927,-0.49,0.81,0.21,-0.51126,0.37902,0.1865,-0.74845,-0.5,0.8,0.21,-0.51126,0.37902,0.1865,-0.74845,-0.6,0.8,0.21
47,-0.64,0.82,0.13,0.28596,-0.07717,-0.12193,-0.94731,-0.65,0.78,0.07,0.28596,-0.07717,-0.12193,-0.94731,-0.62,0.79,0.11,0.34053,-0.16429,0.59004,-0.71337,-0.59,0.8,0.13,0.10804,0.03214,0.5387,-0.83492,-0.59,0.81,0.16,-0.01459,0.05688,0.60122,-0.79692,-0.59,0.81,0.19,-0.01459,0.05688,0.60122,-0.79692,-0.63,0.8,0.1,0.28596,-0.07717,-0.12193,-0.94731,-0.62,0.84,0.15,-0.04435,-0.04941,-0.08469,-0.99419,-0.61,0.83,0.19,-0.40062,-0.07802,-0.0871,-0.90875,-0.61,0.82,0.2,-0.5318,-0.06179,-0.08086,-0.84074,-0.61,0.8,0.21,-0.5318,-0.06179,-0.08086,-0.84074,-0.64,0.8,0.1,0.28596,-0.07717,-0.12193,-0.94731,-0.64,0.83,0.15,-0.00103,-0.04272,-0.14206,-0.98894,-0.64,0.84,0.19,-0.41987,-0.09961,-0.12339,-0.89362,-0.63,0.82,0.21,-0.56606,-0.09954,-0.16072,-0.80239,-0.62,0.79,0.22,-0.56606,-0.09954,-0.16072,-0.80239,-0.66,0.79,0.11,0.28596,-0.07717,-0.12193,-0.94731,-0.66,0.82,0.15,0.08097,-0.02732,-0.19422,-0.97723,-0.66,0.83,0.19,-0.33246,-0.12002,-0.20412,-0.91291,-0.65,0.82,0.21,-0.50009,-0.18007,-0.19898,-0.82334,-0.64,0.8,0.22,-0.50009,-0.18007,-0.19898,-0.82334,-0.67,0.79,0.11,0.22639,-0.0032,-0.35288,-0.90786,-0.67,0.81,0.15,0.12011,-0.04477,-0.26266,-0.95634,-0.67,0.82,0.18,-0.20634,-0.10875,-0.29889,-0.92534,-0.67,0.81,0.2,-0.31172,-0.19236,-0.29052,-0.88398,-0.66,0.8,0.21,-0.31172,-0.19236,-0.29052,-0.88398,-0.5,0.81,0.14,0.31776,0.24743,0.0979,-0.91007,-0.47,0.77,0.09,0.31776,0.24743,0.0979,-0.91007,-0.51,0.78,0.11,0.46797,0.2763,-0.57307,-0.61339,-0.54,0.79,0.12,0.16872,0.03307,-0.57287,-0.80141,-0.55,0.8,0.15,-0.10488,-0.13312,-0.6153,-0.76986,-0.54,0.8,0.18,-0.10488,-0.13312,-0.6153,-0.76986,-0.5,0.79,0.11,0.31776,0.24743,0.0979,-0.91007,-0.53,0.83,0.15,-0.02571,0.23051,-0.0191,-0.97254,-0.54,0.83,0.18,-0.3687,0.21087,-0.07278,-0.90238,-0.55,0.81,0.2,-0.46094,0.17414,-0.0877,-0.86575,-0.56,0.79,0.21,-0.46094,0.17414,-0.0877,-0.86575,-0.49,0.79,0.12,0.31776,0.24743,0.0979,-0.91007,-0.51,0.83,0.16,0.00623,0.2212,0.05494,-0.97366,-0.52,0.83,0.19,-0.44914,0.22282,-0.0414,-0.86424,-0.53,0.81,0.21,-0.6285,0.18841,-0.02783,-0.75413,-0.54,0.79,0.21,-0.6285,0.18841,-0.02783,-0.75413,-0.47,0.79,0.13,0.31776,0.24743,0.0979,-0.91007,-0.49,0.82,0.16,0.04914,0.20281,0.12566,-0.96988,-0.5,0.83,0.2,-0.46095,0.25453,0.04371,-0.84902,-0.52,0.81,0.21,-0.68021,0.27352,0.00011,-0.68007,-0.53,0.79,0.21,-0.68021,0.27352,0.00011,-0.68007,-0.46,0.79,0.13,0.22598,0.17938,0.32326,-0.90126,-0.47,0.81,0.17,0.1186,0.19633,0.21888,-0.94841,-0.48,0.82,0.2,-0.37581,0.26901,0.17003,-0.87034,-0.49,0.81,0.21,-0.57127,0.34437,0.11416,-0.73622,-0.51,0.79,0.21,-0.57127,0.34437,0.11416,-0.73622,-0.6,0.8,0.21
48,-0.64,0.81,0.13,0.27851,-0.07229,-0.11281,-0.95104,-0.65,0.78,0.07,0.27851,-0.07229,-0.11281,-0.95104,-0.62,0.79,0.11,0.33008,-0.16892,0.59612,-0.71215,-0.6,0.8,0.13,0.0963,0.03188,0.54648,-0.8313,-0.59,0.81,0.16,-0.0243,0.05528,0.60836,-0.79136,-0.6,0.81,0.19,-0.0243,0.05528,0.60836,-0.79136,-0.63,0.8,0.1,0.27851,-0.07229,-0.11281,-0.95104,-0.62,0.83,0.15,-0.05604,-0.04549,-0.07471,-0.99459,-0.61,0.83,0.19,-0.40623,-0.06998,-0.07967,-0.9076,-0.61,0.81,0.2,-0.53286,-0.05229,-0.07487,-0.84126,-0.61,0.79,0.21,-0.53286,-0.05229,-0.07487,-0.84126,-0.64,0.8,0.1,0.27851,-0.07229,-0.11281,-0.95104,-0.64,0.83,0.15,-0.00808,-0.03652,-0.13337,-0.99036,-0.64,0.83,0.19,-0.42622,-0.09015,-0.11823,-0.89232,-0.63,0.81,0.21,-0.57081,-0.0889,-0.15718,-0.80098,-0.62,0.79,0.22,-0.57081,-0.0889,-0.15718,-0.80098,-0.66,0.79,0.11,0.27851,-0.07229,-0.11281,-0.95104,-0.66,0.82,0.15,0.0733,-0.02108,-0.18537,-0.9797,-0.66,0.83,0.19,-0.33788,-0.10988,-0.19911,-0.9133,-0.65,0.81,0.21,-0.50447,-0.1689,-0.19635,-0.82367,-0.64,0.8,0.22,-0.50447,-0.1689,-0.19635,-0.82367,-0.67,0.79,0.11,0.22139,0.00377,-0.34387,-0.91254,-0.67,0.81,0.15,0.10819,-0.03908,-0.25426,-0.96027,-0.67,0.82,0.18,-0.21226,-0.09796,-0.2931,-0.92706,-0.67,0.81,0.2,-0.31461,-0.17993,-0.28704,-0.88671,-0.66,0.8,0.22,-0.31461,-0.17993,-0.28704,-0.88671,-0.5,0.8,0.14,0.28058,0.24956,0.03003,-0.92633,-0.46,0.77,0.09,0.28058,0.24956,0.03003,-0.92633,-0.51,0.77,0.11,0.40963,0.33947,-0.62384,-0.57253,-0.54,0.78,0.13,0.13532,0.07174,-0.6488,-0.74538,-0.55,0.78,0.16,-0.11907,-0.11976,-0.69413,-0.69976,-0.54,0.78,0.18,-0.11907,-0.11976,-0.69413,-0.69976,-0.5,0.78,0.11,0.28058,0.24956,0.03003,-0.92633,-0.53,0.82,0.15,-0.08628,0.23498,-0.11198,-0.96167,-0.55,0.81,0.19,-0.37174,0.18996,-0.15087,-0.89608,-0.55,0.79,0.2,-0.45073,0.14728,-0.16139,-0.86551,-0.55,0.77,0.21,-0.45073,0.14728,-0.16139,-0.86551,-0.48,0.78,0.12,0.28058,0.24956,0.03003,-0.92633,-0.51,0.82,0.16,-0.01914,0.21275,-0.01735,-0.97677,-0.53,0.82,0.2,-0.43228,0.18607,-0.09288,-0.87743,-0.53,0.8,0.21,-0.61117,0.14349,-0.06985,-0.77525,-0.54,0.77,0.22,-0.61117,0.14349,-0.06985,-0.77525,-0.47,0.79,0.13,0.28058,0.24956,0.03003,-0.92633,-0.49,0.82,0.17,0.05964,0.18576,0.06396,-0.9787,-0.5,0.82,0.2,-0.4499,0.20895,0.00119,-0.86829,-0.51,0.8,0.22,-0.68045,0.2182,-0.02931,-0.69894,-0.52,0.78,0.22,-0.68045,0.2182,-0.02931,-0.69894,-0.46,0.79,0.13,0.19876,0.17022,0.25566,-0.93067,-0.47,0.81,0.17,0.1329,0.16951,0.15793,-0.96367,-0.48,0.82,0.2,-0.38626,0.21924,0.1277,-0.88681,-0.49,0.8,0.21,-0.61398,0.2884,0.07716,-0.73069,-0.5,0.78,0.21,-0.61398,0.2884,0.07716,-0.73069,-0.6,0.8,0.21
49,-0.64,0.82,0.13,0.27905,-0.07236,-0.11758,-0.9503,-0.65,0.78,0.07,0.27905,-0.07236,-0.11758,-0.9503,-0.62,0.79,0.11,0.33348,-0.16887,0.59107,-0.71478,-0.59,0.8,0.13,0.09757,0.03076,0.54138,-0.83453,-0.59,0.81,0.16,-0.02475,0.05486,0.60349,-0.79509,-0.6,0.81,0.19,-0.02475,0.05486,0.60349,-0.79509,-0.63,0.8,0.1,0.27905,-0.07236,-0.11758,-0.9503,-0.62,0.83,0.15,-0.06204,-0.04939,-0.0776,-0.99383,-0.61,0.83,0.19,-0.40615,-0.074,-0.08145,-0.90716,-0.61,0.81,0.2,-0.52926,-0.05616,-0.07638,-0.84315,-0.61,0.79,0.21,-0.52926,-0.05616,-0.07638,-0.84315,-0.64,0.8,0.1,0.27905,-0.07236,-0.11758,-0.9503,-0.64,0.83,0.15,-0.00892,-0.03846,-0.13771,-0.98969,-0.64,0.83,0.19,-0.4255,-0.09357,-0.12145,-0.89188,-0.63,0.81,0.21,-0.56919,-0.0927,-0.15978,-0.80119,-0.62,0.79,0.22,-0.56919,-0.0927,-0.15978,-0.80119,-0.66,0.79,0.11,0.27905,-0.07236,-0.11758,-0.9503,-0.66,0.82,0.15,0.07183,-0.02205,-0.19014,-0.97888,-0.66,0.83,0.19,-0.33754,-0.11238,-0.20316,-0.91223,-0.65,0.81,0.21,-0.50276,-0.1719,-0.19995,-0.82323,-0.64,0.8,0.22,-0.50276,-0.1719,-0.19995,-0.82323,-0.67,0.79,0.11,0.22125,0.0034,-0.3484,-0.91085,-0.67,0.81,0.15,0.1047,-0.03983,-0.25927,-0.95929,-0.67,0.82,0.18,-0.21308,-0.09933,-0.29758,-0.9253,-0.67,0.81,0.2,-0.31146,-0.1807,-0.2919,-0.88608,-0.66,0.8,0.22,-0.31146,-0.1807,-0.2919,-0.88608,-0.49,0.81,0.14,0.29596,0.21967,0.05035,-0.92824,-0.46,0.77,0.09,0.29596,0.21967,0.05035,-0.92824,-0.51,0.78,0.11,0.42484,0.32311,-0.60002,-0.59589,-0.54,0.78,0.13,0.15934,0.08254,-0.61506,-0.76779,-0.55,0.79,0.16,-0.08384,-0.08355,-0.6716,-0.7314,-0.54,0.79,0.18,-0.08384,-0.08355,-0.6716,-0.7314,-0.5,0.79,0.11,0.29596,0.21967,0.05035,-0.92824,-0.52,0.82,0.15,-0.06454,0.2256,-0.08768,-0.96812,-0.54,0.82,0.19,-0.3456,0.18968,-0.12327,-0.91071,-0.55,0.8,0.2,-0.42347,0.15003,-0.13239,-0.88354,-0.55,0.78,0.22,-0.42347,0.15003,-0.13239,-0.88354,-0.48,0.79,0.12,0.29596,0.21967,0.05035,-0.92824,-0.5,0.83,0.16,-0.00263,0.19992,0.00613,-0.97979,-0.52,0.83,0.2,-0.41752,0.18463,-0.06598,-0.88727,-0.53,0.81,0.22,-0.60165,0.14808,-0.04306,-0.78373,-0.53,0.78,0.22,-0.60165,0.14808,-0.04306,-0.78373,-0.47,0.79,0.13,0.29596,0.21967,0.05035,-0.92824,-0.48,0.82,0.17,0.07502,0.16975,0.08753,-0.97872,-0.5,0.83,0.2,-0.43651,0.20772,0.02919,-0.87491,-0.51,0.81,0.22,-0.679,0.22458,-0.00486,-0.69893,-0.51,0.78,0.22,-0.679,0.22458,-0.00486,-0.69893,-0.46,0.79,0.13,0.21696,0.14457,0.27843,-0.9244,-0.47,0.81,0.17,0.15252,0.14733,0.18249,-0.96007,-0.47,0.82,0.2,-0.38293,0.21671,0.15679,-0.88421,-0.48,0.81,0.21,-0.6357,0.29673,0.0959,-0.70615,-0.49,0.79,0.21,-0.6357,0.29673,0.0959,-0.70615,-0.6,0.8,0.21
50,-0.64,0.82,0.13,0.29202,-0.07127,-0.12644,-0.94533,-0.65,0.78,0.07,0.29202,-0.07127,-0.12644,-0.94533,-0.62,0.79,0.11,0.34762,-0.15813,0.5832,-0.71696,-0.59,0.8,0.13,0.11236,0.03632,0.52976,-0.83989,-0.59,0.81,0.16,-0.0114,0.06063,0.59242,-0.80326,-0.59,0.81,0.19,-0.0114,0.06063,0.59242,-0.80326,-0.63,0.8,0.1,0.29202,-0.07127,-0.12644,-0.94533,-0.62,0.84,0.15,-0.06099,-0.05547,-0.08399,-0.99305,-0.61,0.83,0.19,-0.3945,-0.08095,-0.08626,-0.91125,-0.61,0.81,0.2,-0.5113,-0.06301,-0.08122,-0.85323,-0.61,0.8,0.21,-0.5113,-0.06301,-0.08122,-0.85323,-0.64,0.8,0.1,0.29202,-0.07127,-0.12644,-0.94533,-0.64,0.84,0.15,-0.00294,-0.04365,-0.14584,-0.98834,-0.64,0.84,0.19,-0.41539,-0.10119,-0.12708,-0.89502,-0.63,0.82,0.21,-0.55738,-0.10137,-0.16428,-0.8075,-0.62,0.79,0.22,-0.55738,-0.10137,-0.16428,-0.8075,-0.66,0.79,0.11,0.29202,-0.07127,-0.12644,-0.94533,-0.66,0.82,0.15,0.08021,-0.02584,-0.19934,-0.9763,-0.66,0.83,0.19,-0.32761,-0.11965,-0.20991,-0.9134,-0.65,0.82,0.21,-0.49118,-0.18011,-0.20515,-0.82717,-0.64,0.8,0.22,-0.49118,-0.18011,-0.20515,-0.82717,-0.67,0.79,0.11,0.23288,0.00091,-0.3578,-0.90429,-0.67,0.81,0.15,0.1149,-0.043,-0.26862,-0.9554,-0.67,0.82,0.18,-0.2026,-0.10603,-0.30547,-0.92434,-0.67,0.81,0.2,-0.29825,-0.18752,-0.29876,-0.88692,-0.66,0.8,0.22,-0.29825,-0.18752,-0.29876,-0.88692,-0.49,0.81,0.14,0.3203,0.21643,0.08039,-0.91875,-0.47,0.78,0.09,0.3203,0.21643,0.08039,-0.91875,-0.51,0.78,0.11,0.44636,0.30211,-0.58654,-0.60454,-0.54,0.79,0.12,0.19383,0.08279,-0.59046,-0.77906,-0.55,0.8,0.16,-0.0386,-0.06544,-0.65284,-0.75368,-0.55,0.8,0.18,-0.0386,-0.06544,-0.65284,-0.75368,-0.5,0.79,0.11,0.3203,0.21643,0.08039,-0.91875,-0.52,0.83,0.15,-0.02869,0.237,-0.0594,-0.96927,-0.54,0.83,0.18,-0.31484,0.20933,-0.10013,-0.92034,-0.55,0.81,0.2,-0.39617,0.17171,-0.11048,-0.89519,-0.55,0.8,0.22,-0.39617,0.17171,-0.11048,-0.89519,-0.48,0.79,0.12,0.3203,0.21643,0.08039,-0.91875,-0.5,0.83,0.16,0.02143,0.21123,0.03283,-0.97665,-0.52,0.84,0.2,-0.40148,0.20606,-0.04817,-0.89108,-0.53,0.82,0.21,-0.60028,0.17234,-0.03144,-0.78037,-0.53,0.79,0.22,-0.60028,0.17234,-0.03144,-0.78037,-0.47,0.79,0.12,0.3203,0.21643,0.08039,-0.91875,-0.48,0.83,0.16,0.09669,0.1808,0.1155,-0.97192,-0.49,0.83,0.2,-0.42009,0.23243,0.04573,-0.87602,-0.51,0.82,0.21,-0.6759,0.25256,-0.00028,-0.69237,-0.52,0.79,0.21,-0.6759,0.25256,-0.00028,-0.69237,-0.46,0.79,0.13,0.23715,0.14836,0.30902,-0.90899,-0.46,0.81,0.17,0.17753,0.15617,0.21249,-0.94812,-0.47,0.83,0.2,-0.36912,0.2442,0.17435,-0.87961,-0.48,0.81,0.21,-0.6355,0.32962,0.09685,-0.69146,-0.5,0.8,0.21,-0.6355,0.32962,0.09685,-0.69146,-0.6,0.8,0.21
51,-0.64,0.81,0.13,0.29773,-0.07125,-0.13142,-0.94287,-0.65,0.78,0.07,0.29773,-0.07125,-0.13142,-0.94287,-0.62,0.79,0.1,0.35606,-0.15158,0.57757,-0.71879,-0.59,0.8,0.13,0.12212,0.03883,0.52184,-0.84336,-0.59,0.81,0.16,-0.00291,0.06355,0.58492,-0.80859,-0.59,0.81,0.18,-0.00291,0.06355,0.58492,-0.80859,-0.63,0.8,0.1,0.29773,-0.07125,-0.13142,-0.94287,-0.62,0.84,0.15,-0.06423,-0.06067,-0.08629,-0.99234,-0.61,0.83,0.19,-0.38791,-0.08561,-0.08757,-0.91353,-0.61,0.81,0.2,-0.49901,-0.06719,-0.08273,-0.86002,-0.6,0.8,0.21,-0.49901,-0.06719,-0.08273,-0.86002,-0.64,0.8,0.1,0.29773,-0.07125,-0.13142,-0.94287,-0.64,0.83,0.15,-0.00323,-0.04882,-0.14911,-0.98761,-0.64,0.84,0.19,-0.41012,-0.10649,-0.12851,-0.89663,-0.63,0.82,0.21,-0.54927,-0.10667,-0.16502,-0.81222,-0.62,0.79,0.22,-0.54927,-0.10667,-0.16502,-0.81222,-0.66,0.79,0.11,0.29773,-0.07125,-0.13142,-0.94287,-0.66,0.82,0.15,0.08185,-0.03007,-0.20356,-0.97517,-0.66,0.83,0.19,-0.32403,-0.12491,-0.21215,-0.91345,-0.65,0.82,0.21,-0.48562,-0.18533,-0.20655,-0.82896,-0.64,0.8,0.22,-0.48562,-0.18533,-0.20655,-0.82896,-0.67,0.79,0.11,0.23775,-0.0007,-0.3629,-0.90099,-0.67,0.81,0.15,0.11857,-0.04643,-0.27324,-0.95348,-0.67,0.82,0.18,-0.19821,-0.1108,-0.30879,-0.92362,-0.67,0.81,0.2,-0.29232,-0.19219,-0.30149,-0.88697,-0.66,0.8,0.21,-0.29232,-0.19219,-0.30149,-0.88697,-0.49,0.81,0.14,0.32539,0.21775,0.08049,-0.91664,-0.47,0.78,0.09,0.32539,0.21775,0.08049,-0.91664,-0.51,0.79,0.11,0.44491,0.29767,-0.59308,-0.60142,-0.54,0.79,0.13,0.20068,0.08143,-0.59412,-0.77467,-0.55,0.8,0.16,-0.02495,-0.06298,-0.65697,-0.75087,-0.55,0.8,0.18,-0.02495,-0.06298,-0.65697,-0.75087,-0.5,0.79,0.11,0.32539,0.21775,0.08049,-0.91664,-0.52,0.83,0.15,-0.01726,0.24055,-0.06005,-0.96862,-0.54,0.83,0.18,-0.30639,0.21255,-0.10241,-0.9222,-0.55,0.81,0.2,-0.39018,0.17455,-0.11328,-0.89692,-0.55,0.8,0.22,-0.39018,0.17455,-0.11328,-0.89692,-0.48,0.79,0.12,0.32539,0.21775,0.08049,-0.91664,-0.5,0.83,0.16,0.02721,0.21474,0.03119,-0.97579,-0.52,0.84,0.2,-0.40015,0.20836,-0.05215,-0.89093,-0.53,0.82,0.21,-0.60514,0.17307,-0.03657,-0.77622,-0.53,0.79,0.22,-0.60514,0.17307,-0.03657,-0.77622,-0.47,0.79,0.12,0.32539,0.21775,0.08049,-0.91664,-0.48,0.83,0.16,0.10468,0.18481,0.11469,-0.97043,-0.5,0.84,0.2,-0.41653,0.23592,0.04186,-0.87698,-0.51,0.82,0.21,-0.67858,0.2543,-0.00672,-0.68906,-0.52,0.79,0.21,-0.67858,0.2543,-0.00672,-0.68906,-0.46,0.79,0.13,0.24183,0.15099,0.30937,-0.9072,-0.46,0.81,0.17,0.18861,0.15951,0.21259,-0.9454,-0.47,0.83,0.19,-0.36617,0.24931,0.17084,-0.8801,-0.48,0.82,0.21,-0.6419,0.33402,0.08788,-0.6846,-0.5,0.8,0.21,-0.6419,0.33402,0.08788,-0.6846,-0.6,0.8,0.21
52,-0.64,0.81,0.13,0.29528,-0.07634,-0.13396,-0.94289,-0.65,0.78,0.07,0.29528,-0.07634,-0.13396,-0.94289,-0.61,0.79,0.1,0.36109,-0.15546,0.57232,-0.71965,-0.59,0.8,0.13,0.12753,0.03226,0.51778,-0.84534,-0.59,0.81,0.16,-0.00064,0.05951,0.58151,-0.81136,-0.59,0.81,0.18,-0.00064,0.05951,0.58151,-0.81136,-0.63,0.8,0.1,0.29528,-0.07634,-0.13396,-0.94289,-0.62,0.84,0.15,-0.06421,-0.06878,-0.08512,-0.99192,-0.61,0.83,0.19,-0.38216,-0.09234,-0.08439,-0.91559,-0.61,0.81,0.2,-0.49117,-0.07329,-0.07919,-0.86435,-0.6,0.8,0.21,-0.49117,-0.07329,-0.07919,-0.86435,-0.64,0.79,0.1,0.29528,-0.07634,-0.13396,-0.94289,-0.64,0.83,0.15,-0.00291,-0.0542,-0.14988,-0.98721,-0.64,0.83,0.19,-0.40619,-0.11121,-0.12742,-0.898,-0.63,0.82,0.21,-0.54497,-0.11127,-0.16331,-0.81484,-0.62,0.79,0.22,-0.54497,-0.11127,-0.16331,-0.81484,-0.66,0.79,0.11,0.29528,-0.07634,-0.13396,-0.94289,-0.66,0.82,0.15,0.08174,-0.03463,-0.20497,-0.97473,-0.66,0.83,0.19,-0.32289,-0.12936,-0.21169,-0.91334,-0.65,0.82,0.21,-0.48389,-0.1895,-0.20532,-0.82933,-0.64,0.8,0.22,-0.48389,-0.1895,-0.20532,-0.82933,-0.67,0.79,0.11,0.23397,-0.00516,-0.36493,-0.90114,-0.67,0.81,0.15,0.11688,-0.05087,-0.27474,-0.95303,-0.67,0.82,0.18,-0.19896,-0.11504,-0.30882,-0.92294,-0.67,0.81,0.2,-0.29222,-0.19612,-0.30117,-0.88625,-0.65,0.8,0.22,-0.29222,-0.19612,-0.30117,-0.88625,-0.49,0.81,0.14,0.32684,0.21208,0.08711,-0.91685,-0.47,0.78,0.09,0.32684,0.21208,0.08711,-0.91685,-0.51,0.79,0.11,0.43995,0.28983,-0.59473,-0.60724,-0.54,0.79,0.13,0.19536,0.07347,-0.59251,-0.77806,-0.55,0.8,0.16,-0.03226,-0.07038,-0.65326,-0.75317,-0.55,0.8,0.18,-0.03226,-0.07038,-0.65326,-0.75317,-0.5,0.79,0.11,0.32684,0.21208,0.08711,-0.91685,-0.52,0.83,0.15,-0.01594,0.23817,-0.05231,-0.96968,-0.54,0.83,0.18,-0.30938,0.21217,-0.09521,-0.92206,-0.55,0.81,0.2,-0.39441,0.17466,-0.1064,-0.89589,-0.55,0.8,0.22,-0.39441,0.17466,-0.1064,-0.89589,-0.48,0.79,0.12,0.32684,0.21208,0.08711,-0.91685,-0.5,0.83,0.16,0.02463,0.21257,0.03763,-0.97611,-0.52,0.84,0.2,-0.41352,0.20857,-0.04795,-0.88499,-0.53,0.82,0.21,-0.62316,0.17253,-0.0336,-0.76209,-0.53,0.79,0.22,-0.62316,0.17253,-0.0336,-0.76209,-0.47,0.79,0.12,0.32684,0.21208,0.08711,-0.91685,-0.48,0.83,0.16,0.10429,0.18269,0.12116,-0.97009,-0.49,0.84,0.2,-0.42765,0.2379,0.04571,-0.87088,-0.51,0.82,0.21,-0.69363,0.25647,-0.00542,-0.67311,-0.51,0.79,0.21,-0.69363,0.25647,-0.00542,-0.67311,-0.46,0.79,0.13,0.24347,0.14589,0.31613,-0.90526,-0.46,0.81,0.17,0.18965,0.15707,0.21903,-0.94413,-0.47,0.83,0.19,-0.37813,0.25326,0.17421,-0.87323,-0.48,0.82,0.21,-0.66105,0.3395,0.08548,-0.66366,-0.49,0.8,0.2,-0.66105,0.3395,0.08548,-0.66366,-0.6,0.8,0.21
53,-0.64,0.81,0.13,0.29399,-0.07823,-0.13927,-0.94237,-0.65,0.78,0.07,0.29399,-0.07823,-0.13927,-0.94237,-0.61,0.79,0.11,0.36472,-0.15815,0.56601,-0.72222,-0.59,0.8,0.13,0.13062,0.02698,0.51226,-0.84841,-0.59,0.81,0.16,-0.00237,0.05739,0.57628,-0.81523,-0.59,0.81,0.18,-0.00237,0.05739,0.57628,-0.81523,-0.63,0.8,0.1,0.29399,-0.07823,-0.13927,-0.94237,-0.62,0.83,0.15,-0.05857,-0.0734,-0.089,-0.99159,-0.61,0.83,0.19,-0.37305,-0.09775,-0.08697,-0.91854,-0.61,0.81,0.2,-0.48207,-0.07899,-0.08144,-0.86876,-0.6,0.8,0.22,-0.48207,-0.07899,-0.08144,-0.86876,-0.64,0.79,0.1,0.29399,-0.07823,-0.13927,-0.94237,-0.64,0.83,0.15,0.00382,-0.05563,-0.15518,-0.98631,-0.64,0.83,0.19,-0.39924,-0.11471,-0.13172,-0.90006,-0.63,0.82,0.21,-0.53949,-0.11592,-0.16704,-0.81707,-0.62,0.79,0.22,-0.53949,-0.11592,-0.16704,-0.81707,-0.66,0.79,0.11,0.29399,-0.07823,-0.13927,-0.94237,-0.66,0.82,0.15,0.08768,-0.03502,-0.21033,-0.97306,-0.66,0.83,0.19,-0.31831,-0.13249,-0.21609,-0.91347,-0.65,0.82,0.21,-0.48027,-0.19365,-0.20878,-0.82961,-0.63,0.8,0.22,-0.48027,-0.19365,-0.20878,-0.82961,-0.67,0.79,0.11,0.2316,-0.00689,-0.36975,-0.89978,-0.67,0.81,0.15,0.12068,-0.05118,-0.27965,-0.95111,-0.67,0.81,0.18,-0.19542,-0.11734,-0.31332,-0.92189,-0.67,0.81,0.2,-0.28896,-0.19908,-0.30508,-0.88532,-0.65,0.8,0.22,-0.28896,-0.19908,-0.30508,-0.88532,-0.49,0.81,0.14,0.32933,0.20883,0.091,-0.91633,-0.47,0.78,0.09,0.32933,0.20883,0.091,-0.91633,-0.51,0.79,0.11,0.43719,0.28404,-0.59683,-0.6099,-0.54,0.79,0.13,0.19304,0.06754,-0.59222,-0.77939,-0.55,0.8,0.16,-0.0371,-0.0774,-0.6511,-0.75413,-0.54,0.8,0.18,-0.0371,-0.0774,-0.6511,-0.75413,-0.5,0.79,0.11,0.32933,0.20883,0.091,-0.91633,-0.52,0.83,0.15,-0.01517,0.23604,-0.04777,-0.97045,-0.54,0.83,0.18,-0.31475,0.21093,-0.0916,-0.9209,-0.54,0.82,0.2,-0.40066,0.17359,-0.10305,-0.89371,-0.55,0.8,0.22,-0.40066,0.17359,-0.10305,-0.89371,-0.48,0.79,0.12,0.32933,0.20883,0.091,-0.91633,-0.5,0.84,0.16,0.01943,0.21164,0.04023,-0.97633,-0.52,0.84,0.2,-0.43827,0.20772,-0.04991,-0.87309,-0.53,0.82,0.21,-0.65592,0.16798,-0.03732,-0.73496,-0.53,0.79,0.21,-0.65592,0.16798,-0.03732,-0.73496,-0.47,0.79,0.12,0.32933,0.20883,0.091,-0.91633,-0.48,0.83,0.16,0.10033,0.18273,0.12374,-0.97017,-0.49,0.84,0.2,-0.44894,0.23987,0.0434,-0.85967,-0.51,0.82,0.21,-0.71979,0.2559,-0.01083,-0.64522,-0.51,0.79,0.21,-0.71979,0.2559,-0.01083,-0.64522,-0.46,0.79,0.13,0.24602,0.1434,0.3202,-0.90354,-0.46,0.81,0.17,0.18725,0.15801,0.22204,-0.94375,-0.47,0.83,0.19,-0.39563,0.2583,0.17226,-0.86434,-0.48,0.82,0.2,-0.68645,0.344,0.07679,-0.63605,-0.49,0.8,0.2,-0.68645,0.344,0.07679,-0.63605,-0.6,0.8,0.21
54,-0.64,0.81,0.13,0.28886,-0.07787,-0.14643,-0.9429,-0.65,0.78,0.07,0.28886,-0.07787,-0.14643,-0.9429,-0.61,0.79,0.11,0.36006,-0.16471,0.56191,-0.72628,-0.59,0.8,0.13,0.12225,0.02126,0.51038,-0.85095,-0.59,0.81,0.16,-0.02022,0.05767,0.57343,-0.81697,-0.59,0.81,0.19,-0.02022,0.05767,0.57343,-0.81697,-0.63,0.8,0.1,0.28886,-0.07787,-0.14643,-0.9429,-0.62,0.83,0.15,-0.05448,-0.07213,-0.09837,-0.99104,-0.61,0.83,0.19,-0.36945,-0.09969,-0.09617,-0.91887,-0.61,0.81,0.2,-0.48022,-0.08221,-0.09027,-0.86861,-0.6,0.8,0.22,-0.48022,-0.08221,-0.09027,-0.86861,-0.64,0.79,0.11,0.28886,-0.07787,-0.14643,-0.9429,-0.64,0.83,0.15,0.00981,-0.05255,-0.16401,-0.98501,-0.64,0.83,0.2,-0.39966,-0.11657,-0.14019,-0.89835,-0.63,0.82,0.21,-0.54324,-0.11957,-0.17484,-0.81242,-0.62,0.79,0.22,-0.54324,-0.11957,-0.17484,-0.81242,-0.66,0.79,0.11,0.28886,-0.07787,-0.14643,-0.9429,-0.66,0.82,0.15,0.09495,-0.03068,-0.21838,-0.97075,-0.66,0.83,0.19,-0.3193,-0.1342,-0.22394,-0.91098,-0.65,0.81,0.21,-0.4842,-0.1975,-0.21557,-0.82467,-0.64,0.8,0.22,-0.4842,-0.1975,-0.21557,-0.82467,-0.67,0.79,0.11,0.22569,-0.00554,-0.37608,-0.89867,-0.67,0.8,0.15,0.12737,-0.04728,-0.28637,-0.94844,-0.67,0.81,0.18,-0.19059,-0.11707,-0.32072,-0.92038,-0.67,0.81,0.2,-0.28685,-0.20069,-0.31164,-0.88335,-0.65,0.8,0.22,-0.28685,-0.20069,-0.31164,-0.88335,-0.49,0.82,0.14,0.33292,0.20693,0.09967,-0.91456,-0.47,0.78,0.09,0.33292,0.20693,0.09967,-0.91456,-0.51,0.79,0.11,0.43967,0.27721,-0.59327,-0.61472,-0.54,0.79,0.13,0.1958,0.06377,-0.58577,-0.78388,-0.55,0.8,0.16,-0.04102,-0.08394,-0.6433,-0.75989,-0.54,0.8,0.18,-0.04102,-0.08394,-0.6433,-0.75989,-0.5,0.79,0.11,0.33292,0.20693,0.09967,-0.91456,-0.52,0.83,0.15,-0.01593,0.23474,-0.03843,-0.97117,-0.54,0.83,0.18,-0.32443,0.21171,-0.08433,-0.91805,-0.54,0.82,0.2,-0.4119,0.17479,-0.09654,-0.88908,-0.55,0.8,0.21,-0.4119,0.17479,-0.09654,-0.88908,-0.48,0.79,0.12,0.33292,0.20693,0.09967,-0.91456,-0.5,0.84,0.16,0.01508,0.21291,0.04739,-0.97581,-0.52,0.84,0.19,-0.46056,0.21108,-0.04867,-0.86079,-0.52,0.82,0.21,-0.6872,0.16811,-0.03929,-0.70566,-0.53,0.79,0.21,-0.6872,0.16811,-0.03929,-0.70566,-0.47,0.79,0.12,0.33292,0.20693,0.09967,-0.91456,-0.48,0.83,0.16,0.09139,0.18601,0.12953,-0.96968,-0.49,0.84,0.2,-0.46985,0.24593,0.04298,-0.84671,-0.51,0.82,0.21,-0.74388,0.25967,-0.01588,-0.6156,-0.51,0.79,0.2,-0.74388,0.25967,-0.01588,-0.6156,-0.46,0.79,0.13,0.2487,0.14272,0.32876,-0.89983,-0.46,0.82,0.17,0.17401,0.1654,0.22755,-0.94371,-0.47,0.83,0.19,-0.41376,0.26756,0.17069,-0.85328,-0.48,0.82,0.2,-0.70666,0.35196,0.06873,-0.60994,-0.5,0.8,0.2,-0.70666,0.35196,0.06873,-0.60994,-0.6,0.8,0.21
55,-0.64,0.81,0.13,0.28557,-0.08128,-0.14206,-0.94428,-0.65,0.78,0.07,0.28557,-0.08128,-0.14206,-0.94428,-0.61,0.79,0.11,0.3564,-0.17346,0.56619,-0.72272,-0.59,0.8,0.13,0.11605,0.01654,0.51778,-0.84745,-0.59,0.81,0.16,-0.03157,0.05782,0.5799,-0.81202,-0.59,0.81,0.19,-0.03157,0.05782,0.5799,-0.81202,-0.63,0.8,0.1,0.28557,-0.08128,-0.14206,-0.94428,-0.62,0.83,0.15,-0.05595,-0.07038,-0.09531,-0.99138,-0.61,0.83,0.19,-0.37028,-0.09695,-0.09391,-0.91906,-0.61,0.81,0.2,-0.4809,-0.0792,-0.08835,-0.86871,-0.6,0.8,0.22,-0.4809,-0.0792,-0.08835,-0.86871,-0.64,0.79,0.11,0.28557,-0.08128,-0.14206,-0.94428,-0.64,0.83,0.15,0.01155,-0.05005,-0.16097,-0.98562,-0.64,0.83,0.2,-0.40348,-0.11385,-0.13782,-0.89736,-0.63,0.81,0.21,-0.54911,-0.11663,-0.17279,-0.80933,-0.62,0.79,0.22,-0.54911,-0.11663,-0.17279,-0.80933,-0.66,0.79,0.11,0.28557,-0.08128,-0.14206,-0.94428,-0.66,0.82,0.15,0.09729,-0.02949,-0.21439,-0.97144,-0.66,0.83,0.19,-0.32292,-0.13283,-0.22016,-0.91083,-0.65,0.81,0.21,-0.49071,-0.19598,-0.21177,-0.82216,-0.63,0.8,0.22,-0.49071,-0.19598,-0.21177,-0.82216,-0.67,0.79,0.11,0.22239,-0.00789,-0.37161,-0.90132,-0.67,0.8,0.15,0.13056,-0.04709,-0.28163,-0.94943,-0.67,0.81,0.18,-0.18834,-0.11577,-0.3164,-0.9225,-0.67,0.81,0.2,-0.28748,-0.19976,-0.30699,-0.88499,-0.65,0.8,0.22,-0.28748,-0.19976,-0.30699,-0.88499,-0.49,0.82,0.14,0.33397,0.20941,0.10102,-0.91346,-0.47,0.78,0.09,0.33397,0.20941,0.10102,-0.91346,-0.51,0.79,0.11,0.44405,0.27705,-0.59034,-0.61446,-0.54,0.8,0.12,0.20112,0.06595,-0.58266,-0.78467,-0.55,0.8,0.16,-0.0417,-0.08636,-0.64001,-0.76236,-0.54,0.81,0.18,-0.0417,-0.08636,-0.64001,-0.76236,-0.5,0.79,0.11,0.33397,0.20941,0.10102,-0.91346,-0.52,0.84,0.15,-0.01643,0.23572,-0.03717,-0.97097,-0.54,0.83,0.18,-0.32831,0.2127,-0.08426,-0.91644,-0.54,0.82,0.2,-0.41905,0.17542,-0.09744,-0.88551,-0.55,0.8,0.21,-0.41905,0.17542,-0.09744,-0.88551,-0.48,0.79,0.12,0.33397,0.20941,0.10102,-0.91346,-0.5,0.84,0.16,0.01872,0.21513,0.04878,-0.97519,-0.52,0.84,0.19,-0.453,0.21398,-0.04754,-0.86414,-0.53,0.82,0.21,-0.67948,0.17197,-0.03861,-0.71221,-0.53,0.79,0.21,-0.67948,0.17197,-0.03861,-0.71221,-0.47,0.79,0.12,0.33397,0.20941,0.10102,-0.91346,-0.48,0.83,0.16,0.09269,0.18875,0.13036,-0.96891,-0.49,0.84,0.2,-0.46398,0.24854,0.0433,-0.84916,-0.51,0.82,0.21,-0.73766,0.2626,-0.01607,-0.62181,-0.51,0.8,0.2,-0.73766,0.2626,-0.01607,-0.62181,-0.46,0.79,0.13,0.24904,0.14551,0.32994,-0.89886,-0.46,0.82,0.17,0.16926,0.17051,0.22745,-0.94369,-0.47,0.83,0.19,-0.41052,0.26999,0.16965,-0.85429,-0.48,0.82,0.2,-0.70103,0.35365,0.06826,-0.61549,-0.5,0.8,0.2,-0.70103,0.35365,0.06826,-0.61549,-0.6,0.8,0.21
56,-0.64,0.81,0.13,0.2871,-0.08284,-0.13151,-0.94521,-0.65,0.78,0.07,0.2871,-0.08284,-0.13151,-0.94521,-0.61,0.79,0.11,0.35634,-0.1759,0.57358,-0.7163,-0.59,0.8,0.13,0.11498,0.01833,0.52619,-0.84236,-0.59,0.81,0.16,-0.03352,0.06172,0.58732,-0.8063,-0.59,0.81,0.19,-0.03352,0.06172,0.58732,-0.8063,-0.63,0.79,0.11,0.2871,-0.08284,-0.13151,-0.94521,-0.62,0.83,0.15,-0.05398,-0.06454,-0.08735,-0.99262,-0.61,0.83,0.19,-0.36652,-0.08873,-0.08846,-0.92193,-0.61,0.81,0.21,-0.47737,-0.0704,-0.08405,-0.87184,-0.6,0.79,0.22,-0.47737,-0.0704,-0.08405,-0.87184,-0.64,0.79,0.11,0.2871,-0.08284,-0.13151,-0.94521,-0.64,0.83,0.15,0.01333,-0.04518,-0.1525,-0.98718,-0.64,0.83,0.2,-0.40223,-0.10586,-0.13223,-0.89973,-0.63,0.81,0.21,-0.54742,-0.10789,-0.16873,-0.81254,-0.62,0.79,0.22,-0.54742,-0.10789,-0.16873,-0.81254,-0.66,0.79,0.11,0.2871,-0.08284,-0.13151,-0.94521,-0.66,0.82,0.15,0.09996,-0.02644,-0.20512,-0.97326,-0.66,0.83,0.19,-0.32214,-0.12646,-0.21301,-0.91371,-0.65,0.81,0.21,-0.49069,-0.18844,-0.20602,-0.82539,-0.64,0.8,0.22,-0.49069,-0.18844,-0.20602,-0.82539,-0.67,0.79,0.11,0.22501,-0.00938,-0.36177,-0.90466,-0.67,0.8,0.15,0.13547,-0.04595,-0.27157,-0.95173,-0.67,0.81,0.18,-0.18497,-0.11205,-0.30746,-0.92666,-0.67,0.81,0.2,-0.28574,-0.19534,-0.29832,-0.88949,-0.66,0.8,0.22,-0.28574,-0.19534,-0.29832,-0.88949,-0.49,0.82,0.14,0.32978,0.2112,0.1051,-0.91411,-0.47,0.78,0.09,0.32978,0.2112,0.1051,-0.91411,-0.51,0.79,0.11,0.44666,0.27967,-0.58339,-0.61801,-0.54,0.8,0.12,0.20437,0.07277,-0.57629,-0.78792,-0.55,0.8,0.15,-0.04319,-0.08189,-0.63533,-0.76667,-0.55,0.81,0.18,-0.04319,-0.08189,-0.63533,-0.76667,-0.5,0.79,0.11,0.32978,0.2112,0.1051,-0.91411,-0.52,0.83,0.15,-0.01962,0.23709,-0.032,-0.97076,-0.54,0.83,0.18,-0.3322,0.21548,-0.08,-0.91478,-0.55,0.82,0.2,-0.42467,0.17841,-0.094,-0.8826,-0.55,0.8,0.21,-0.42467,0.17841,-0.094,-0.8826,-0.48,0.79,0.12,0.32978,0.2112,0.1051,-0.91411,-0.5,0.84,0.16,0.01816,0.21719,0.05336,-0.9745,-0.52,0.84,0.19,-0.45015,0.21812,-0.04375,-0.86479,-0.53,0.82,0.21,-0.67462,0.17751,-0.03568,-0.71561,-0.53,0.79,0.21,-0.67462,0.17751,-0.03568,-0.71561,-0.47,0.79,0.12,0.32978,0.2112,0.1051,-0.91411,-0.48,0.83,0.16,0.08937,0.19067,0.1341,-0.96834,-0.49,0.84,0.2,-0.46267,0.25189,0.04641,-0.84873,-0.51,0.82,0.21,-0.73405,0.26709,-0.01364,-0.62421,-0.51,0.79,0.21,-0.73405,0.26709,-0.01364,-0.62421,-0.46,0.79,0.13,0.24403,0.14636,0.33341,-0.89881,-0.46,0.82,0.17,0.163,0.17336,0.23036,-0.94356,-0.47,0.83,0.19,-0.40632,0.27177,0.17292,-0.85507,-0.48,0.81,0.2,-0.69162,0.35622,0.07333,-0.62401,-0.5,0.8,0.2,-0.69162,0.35622,0.07333,-0.62401,-0.6,0.8,0.21
57,-0.64,0.81,0.13,0.29509,-0.08449,-0.12744,-0.94316,-0.65,0.78,0.07,0.29509,-0.08449,-0.12744,-0.94316,-0.61,0.79,0.11,0.36256,-0.17275,0.57683,-0.71132,-0.59,0.8,0.13,0.12149,0.02249,0.52844,-0.83993,-0.59,0.81,0.16,-0.02772,0.06717,0.58898,-0.80487,-0.59,0.81,0.19,-0.02772,0.06717,0.58898,-0.80487,-0.63,0.8,0.11,0.29509,-0.08449,-0.12744,-0.94316,-0.62,0.83,0.15,-0.04521,-0.06005,-0.08654,-0.99341,-0.61,0.83,0.19,-0.3595,-0.08457,-0.08902,-0.92503,-0.61,0.81,0.21,-0.47097,-0.0664,-0.0853,-0.8755,-0.6,0.8,0.22,-0.47097,-0.0664,-0.0853,-0.8755,-0.64,0.79,0.11,0.29509,-0.08449,-0.12744,-0.94316,-0.64,0.83,0.15,0.02115,-0.04407,-0.14989,-0.98749,-0.64,0.83,0.2,-0.39703,-0.10412,-0.13012,-0.90255,-0.63,0.82,0.21,-0.54263,-0.10615,-0.16707,-0.81632,-0.62,0.79,0.22,-0.54263,-0.10615,-0.16707,-0.81632,-0.66,0.79,0.11,0.29509,-0.08449,-0.12744,-0.94316,-0.66,0.82,0.15,0.10755,-0.02776,-0.20172,-0.97312,-0.66,0.83,0.19,-0.31722,-0.12694,-0.20906,-0.91627,-0.65,0.82,0.21,-0.4866,-0.18829,-0.20193,-0.82885,-0.64,0.8,0.22,-0.4866,-0.18829,-0.20193,-0.82885,-0.67,0.79,0.11,0.23301,-0.01285,-0.3585,-0.90389,-0.67,0.81,0.15,0.14447,-0.04994,-0.26727,-0.95142,-0.67,0.82,0.18,-0.17778,-0.11544,-0.30226,-0.92936,-0.67,0.81,0.2,-0.28029,-0.1985,-0.29219,-0.89256,-0.65,0.8,0.22,-0.28029,-0.1985,-0.29219,-0.89256,-0.49,0.82,0.14,0.32665,0.20797,0.11489,-0.91479,-0.47,0.78,0.09,0.32665,0.20797,0.11489,-0.91479,-0.51,0.79,0.11,0.44948,0.27563,-0.57278,-0.62763,-0.54,0.8,0.12,0.20744,0.0753,-0.5635,-0.79609,-0.55,0.81,0.16,-0.04214,-0.07592,-0.6245,-0.77619,-0.55,0.81,0.18,-0.04214,-0.07592,-0.6245,-0.77619,-0.5,0.79,0.11,0.32665,0.20797,0.11489,-0.91479,-0.52,0.84,0.15,-0.02072,0.23544,-0.01901,-0.97148,-0.54,0.83,0.18,-0.3354,0.21785,-0.06762,-0.91405,-0.54,0.82,0.2,-0.42981,0.18184,-0.0824,-0.88057,-0.55,0.8,0.21,-0.42981,0.18184,-0.0824,-0.88057,-0.48,0.79,0.12,0.32665,0.20797,0.11489,-0.91479,-0.5,0.84,0.16,0.0138,0.21635,0.06402,-0.97412,-0.52,0.84,0.2,-0.4505,0.22253,-0.03313,-0.86396,-0.53,0.82,0.21,-0.66914,0.18522,-0.02575,-0.71922,-0.53,0.79,0.21,-0.66914,0.18522,-0.02575,-0.71922,-0.47,0.79,0.12,0.32665,0.20797,0.11489,-0.91479,-0.48,0.83,0.16,0.08331,0.18887,0.14426,-0.96777,-0.49,0.84,0.2,-0.4622,0.25543,0.05734,-0.84725,-0.51,0.82,0.21,-0.72779,0.27466,-0.00292,-0.62839,-0.51,0.79,0.21,-0.72779,0.27466,-0.00292,-0.62839,-0.46,0.79,0.13,0.24028,0.14267,0.34264,-0.89694,-0.46,0.81,0.17,0.15719,0.17125,0.23996,-0.94254,-0.47,0.83,0.19,-0.40514,0.27387,0.18335,-0.85278,-0.48,0.81,0.2,-0.68162,0.3614,0.08604,-0.63038,-0.5,0.8,0.2,-0.68162,0.3614,0.08604,-0.63038,-0.6,0.8,0.21
58,-0.64,0.81,0.13,0.29404,-0.08311,-0.12617,-0.94378,-0.65,0.78,0.07,0.29404,-0.08311,-0.12617,-0.94378,-0.61,0.79,0.11,0.36022,-0.17392,0.57808,-0.71121,-0.59,0.8,0.13,0.11848,0.02248,0.53013,-0.83929,-0.59,0.81,0.16,-0.03206,0.06822,0.59022,-0.80371,-0.59,0.81,0.19,-0.03206,0.06822,0.59022,-0.80371,-0.63,0.79,0.11,0.29404,-0.08311,-0.12617,-0.94378,-0.62,0.83,0.15,-0.04546,-0.05567,-0.08752,-0.99357,-0.61,0.83,0.19,-0.36433,-0.08118,-0.09093,-0.92326,-0.61,0.81,0.21,-0.47757,-0.06346,-0.08726,-0.87195,-0.6,0.8,0.22,-0.47757,-0.06346,-0.08726,-0.87195,-0.64,0.79,0.11,0.29404,-0.08311,-0.12617,-0.94378,-0.64,0.83,0.15,0.01908,-0.04165,-0.14938,-0.98772,-0.64,0.83,0.2,-0.4012,-0.102,-0.13043,-0.9009,-0.63,0.82,0.21,-0.54646,-0.10387,-0.16765,-0.81393,-0.62,0.79,0.22,-0.54646,-0.10387,-0.16765,-0.81393,-0.66,0.79,0.11,0.29404,-0.08311,-0.12617,-0.94378,-0.66,0.82,0.15,0.1035,-0.02641,-0.20066,-0.97382,-0.66,0.83,0.19,-0.32183,-0.12526,-0.20867,-0.91498,-0.65,0.82,0.21,-0.49066,-0.18643,-0.20204,-0.82685,-0.64,0.8,0.22,-0.49066,-0.18643,-0.20204,-0.82685,-0.67,0.79,0.11,0.23245,-0.01119,-0.35728,-0.90454,-0.67,0.81,0.15,0.14219,-0.05096,-0.26542,-0.95223,-0.67,0.82,0.18,-0.18143,-0.11603,-0.30008,-0.92929,-0.67,0.81,0.2,-0.28508,-0.19914,-0.28995,-0.89163,-0.65,0.8,0.22,-0.28508,-0.19914,-0.28995,-0.89163,-0.49,0.82,0.13,0.35421,0.20295,0.11469,-0.90565,-0.47,0.78,0.09,0.35421,0.20295,0.11469,-0.90565,-0.51,0.79,0.11,0.46615,0.25403,-0.57691,-0.62077,-0.54,0.8,0.12,0.23202,0.05872,-0.55927,-0.79369,-0.55,0.81,0.15,-0.01465,-0.08892,-0.61729,-0.78156,-0.54,0.81,0.18,-0.01465,-0.08892,-0.61729,-0.78156,-0.5,0.8,0.11,0.35421,0.20295,0.11469,-0.90565,-0.52,0.84,0.15,0.03463,0.23086,-0.01127,-0.9723,-0.53,0.84,0.18,-0.28369,0.21739,-0.05903,-0.93208,-0.54,0.83,0.2,-0.38412,0.18245,-0.07308,-0.90212,-0.55,0.81,0.21,-0.38412,0.18245,-0.07308,-0.90212,-0.48,0.8,0.12,0.35421,0.20295,0.11469,-0.90565,-0.5,0.84,0.15,0.05056,0.21093,0.0682,-0.97381,-0.51,0.85,0.19,-0.39071,0.22095,-0.02025,-0.89338,-0.52,0.83,0.21,-0.60297,0.19268,-0.00924,-0.77409,-0.53,0.8,0.21,-0.60297,0.19268,-0.00924,-0.77409,-0.47,0.8,0.12,0.35421,0.20295,0.11469,-0.90565,-0.48,0.83,0.16,0.1093,0.18545,0.14669,-0.96548,-0.49,0.84,0.2,-0.41283,0.25329,0.06778,-0.87225,-0.5,0.82,0.21,-0.67734,0.27874,0.0107,-0.68074,-0.51,0.8,0.21,-0.67734,0.27874,0.0107,-0.68074,-0.46,0.79,0.13,0.26819,0.14479,0.34452,-0.88793,-0.46,0.82,0.16,0.18386,0.1678,0.24325,-0.93748,-0.47,0.83,0.19,-0.36627,0.27235,0.1916,-0.86889,-0.48,0.82,0.2,-0.63499,0.36211,0.10028,-0.67499,-0.5,0.8,0.2,-0.63499,0.36211,0.10028,-0.67499,-0.6,0.8,0.21
59,-0.64,0.81,0.13,0.29004,-0.08364,-0.12081,-0.94567,-0.65,0.78,0.07,0.29004,-0.08364,-0.12081,-0.94567,-0.61,0.79,0.11,0.35694,-0.17873,0.58091,-0.70936,-0.59,0.8,0.13,0.11461,0.01978,0.53469,-0.83701,-0.59,0.81,0.16,-0.03654,0.06676,0.59457,-0.80043,-0.59,0.81,0.19,-0.03654,0.06676,0.59457,-0.80043,-0.63,0.79,0.11,0.29004,-0.08364,-0.12081,-0.94567,-0.62,0.83,0.15,-0.04606,-0.05419,-0.08223,-0.99407,-0.61,0.83,0.19,-0.36797,-0.07834,-0.08616,-0.92252,-0.61,0.81,0.21,-0.4842,-0.06036,-0.08247,-0.86897,-0.6,0.79,0.22,-0.4842,-0.06036,-0.08247,-0.86897,-0.64,0.79,0.11,0.29004,-0.08364,-0.12081,-0.94567,-0.64,0.83,0.15,0.01649,-0.03992,-0.14407,-0.98863,-0.64,0.83,0.2,-0.40318,-0.09806,-0.12644,-0.90103,-0.63,0.81,0.21,-0.54827,-0.09923,-0.16437,-0.81396,-0.62,0.79,0.22,-0.54827,-0.09923,-0.16437,-0.81396,-0.66,0.79,0.11,0.29004,-0.08364,-0.12081,-0.94567,-0.66,0.82,0.15,0.09971,-0.02492,-0.19531,-0.97534,-0.66,0.83,0.19,-0.32471,-0.12123,-0.20472,-0.9154,-0.65,0.81,0.21,-0.49343,-0.18164,-0.19907,-0.82699,-0.64,0.8,0.22,-0.49343,-0.18164,-0.19907,-0.82699,-0.67,0.79,0.11,0.22918,-0.01051,-0.35191,-0.90748,-0.67,0.81,0.15,0.13831,-0.05043,-0.25989,-0.95435,-0.67,0.81,0.18,-0.18674,-0.1138,-0.29497,-0.93015,-0.67,0.81,0.2,-0.29114,-0.19645,-0.28536,-0.89175,-0.65,0.8,0.22,-0.29114,-0.19645,-0.28536,-0.89175,-0.49,0.82,0.13,0.36453,0.19827,0.11306,-0.90279,-0.47,0.78,0.09,0.36453,0.19827,0.11306,-0.90279,-0.51,0.79,0.11,0.47418,0.24761,-0.57595,-0.61816,-0.54,0.8,0.12,0.24454,0.05639,-0.55563,-0.79265,-0.55,0.81,0.15,0.01238,-0.07937,-0.61639,-0.78333,-0.55,0.82,0.18,0.01238,-0.07937,-0.61639,-0.78333,-0.5,0.8,0.11,0.36453,0.19827,0.11306,-0.90279,-0.52,0.84,0.15,0.10982,0.22683,0.00509,-0.96771,-0.53,0.85,0.18,-0.21122,0.22074,-0.04255,-0.95124,-0.54,0.84,0.2,-0.32185,0.18792,-0.05662,-0.92623,-0.55,0.83,0.22,-0.32185,0.18792,-0.05662,-0.92623,-0.48,0.8,0.12,0.36453,0.19827,0.11306,-0.90279,-0.5,0.84,0.15,0.0751,0.20408,0.07217,-0.9734,-0.51,0.85,0.19,-0.34035,0.21725,-0.00704,-0.91483,-0.52,0.83,0.21,-0.53714,0.19689,0.0084,-0.82015,-0.53,0.81,0.22,-0.53714,0.19689,0.0084,-0.82015,-0.47,0.8,0.12,0.36453,0.19827,0.11306,-0.90279,-0.48,0.83,0.16,0.11022,0.1802,0.14649,-0.9664,-0.49,0.84,0.19,-0.38021,0.24638,0.07861,-0.88801,-0.5,0.83,0.21,-0.63252,0.27744,0.0282,-0.7226,-0.51,0.81,0.21,-0.63252,0.27744,0.0282,-0.7226,-0.46,0.79,0.13,0.27943,0.14278,0.34388,-0.88503,-0.46,0.82,0.16,0.19079,0.15672,0.24641,-0.93719,-0.47,0.83,0.19,-0.33871,0.26092,0.20551,-0.88032,-0.48,0.82,0.2,-0.58326,0.35286,0.12902,-0.72017,-0.5,0.81,0.21,-0.58326,0.35286,0.12902,-0.72017,-0.6,0.8,0.21
60,-0.64,0.81,0.13,0.2908,-0.08475,-0.11474,-0.94609,-0.65,0.78,0.07,0.2908,-0.08475,-0.11474,-0.94609,-0.61,0.79,0.11,0.35753,-0.1805,0.58451,-0.70565,-0.59,0.8,0.13,0.11646,0.01903,0.53892,-0.83405,-0.59,0.81,0.16,-0.03602,0.06814,0.59843,-0.79746,-0.59,0.81,0.19,-0.03602,0.06814,0.59843,-0.79746,-0.63,0.79,0.11,0.2908,-0.08475,-0.11474,-0.94609,-0.62,0.83,0.15,-0.04401,-0.05442,-0.07541,-0.99469,-0.61,0.83,0.19,-0.36797,-0.07654,-0.0795,-0.92327,-0.61,0.81,0.21,-0.48546,-0.05786,-0.07599,-0.86903,-0.6,0.79,0.22,-0.48546,-0.05786,-0.07599,-0.86903,-0.64,0.79,0.11,0.2908,-0.08475,-0.11474,-0.94609,-0.64,0.83,0.15,0.01749,-0.03922,-0.1381,-0.98949,-0.64,0.83,0.2,-0.39913,-0.09444,-0.12171,-0.90386,-0.63,0.81,0.21,-0.54335,-0.095,-0.16046,-0.81854,-0.62,0.79,0.23,-0.54335,-0.095,-0.16046,-0.81854,-0.66,0.79,0.11,0.2908,-0.08475,-0.11474,-0.94609,-0.66,0.82,0.15,0.10037,-0.02406,-0.18968,-0.97641,-0.66,0.83,0.19,-0.32155,-0.11745,-0.20036,-0.91797,-0.65,0.81,0.21,-0.48989,-0.17701,-0.19562,-0.83091,-0.64,0.8,0.23,-0.48989,-0.17701,-0.19562,-0.83091,-0.67,0.79,0.11,0.23054,-0.01157,-0.34621,-0.90932,-0.67,0.81,0.15,0.13969,-0.04836,-0.25471,-0.95565,-0.67,0.82,0.18,-0.18913,-0.1113,-0.2906,-0.93134,-0.67,0.81,0.2,-0.29395,-0.19349,-0.28146,-0.89271,-0.65,0.8,0.22,-0.29395,-0.19349,-0.28146,-0.89271,-0.49,0.81,0.14,0.33785,0.19641,0.11037,-0.91384,-0.47,0.78,0.09,0.33785,0.19641,0.11037,-0.91384,-0.51,0.79,0.11,0.46062,0.26893,-0.5676,-0.62716,-0.54,0.8,0.13,0.22671,0.0777,-0.55464,-0.79683,-0.55,0.81,0.16,0.00114,-0.05284,-0.62148,-0.78165,-0.55,0.81,0.18,0.00114,-0.05284,-0.62148,-0.78165,-0.5,0.79,0.11,0.33785,0.19641,0.11037,-0.91384,-0.52,0.83,0.15,0.11163,0.22148,0.01401,-0.96865,-0.53,0.84,0.18,-0.21575,0.21836,-0.03378,-0.95112,-0.54,0.83,0.2,-0.33239,0.18623,-0.04906,-0.92327,-0.55,0.82,0.22,-0.33239,0.18623,-0.04906,-0.92327,-0.48,0.79,0.12,0.33785,0.19641,0.11037,-0.91384,-0.5,0.84,0.16,0.04792,0.19936,0.07089,-0.97618,-0.51,0.84,0.2,-0.3697,0.21204,-0.007,-0.9046,-0.52,0.82,0.21,-0.5585,0.19015,0.00979,-0.80736,-0.53,0.8,0.22,-0.5585,0.19015,0.00979,-0.80736,-0.47,0.79,0.13,0.33785,0.19641,0.11037,-0.91384,-0.48,0.83,0.16,0.06799,0.17487,0.14202,-0.97192,-0.49,0.83,0.2,-0.41665,0.23765,0.07884,-0.87391,-0.5,0.82,0.21,-0.65729,0.26824,0.03351,-0.70349,-0.52,0.79,0.22,-0.65729,0.26824,0.03351,-0.70349,-0.46,0.79,0.13,0.25417,0.13385,0.33986,-0.89553,-0.46,0.81,0.17,0.15916,0.14639,0.24384,-0.9454,-0.47,0.83,0.2,-0.3649,0.24727,0.20978,-0.87275,-0.48,0.81,0.21,-0.59406,0.33908,0.14342,-0.71522,-0.5,0.8,0.21,-0.59406,0.33908,0.14342,-0.71522,-0.6,0.8,0.21
