-0.79,1.45,-0.15,-0.79,1.45,-0.15,-0.85,1.1,0.11,0.32381,-0.07242,-0.15489,-0.93055,-0.86,1.06,0.06,0.32381,-0.07242,-0.15489,-0.93055,-0.82,1.08,0.09,0.44827,-0.19087,0.49932,-0.71645,-0.8,1.09,0.1,0.19713,-0.02673,0.45734,-0.86675,-0.79,1.1,0.13,0.08748,-0.01022,0.53487,-0.84033,-0.79,1.11,0.16,0.08748,-0.01022,0.53487,-0.84033,-0.84,1.08,0.09,0.32381,-0.07242,-0.15489,-0.93055,-0.83,1.12,0.13,0.07004,-0.14162,-0.06735,-0.98514,-0.82,1.12,0.17,-0.28982,-0.16057,-0.03775,-0.94276,-0.81,1.11,0.18,-0.45441,-0.13825,-0.01843,-0.87981,-0.81,1.09,0.2,-0.45441,-0.13825,-0.01843,-0.87981,-0.85,1.08,0.09,0.32381,-0.07242,-0.15489,-0.93055,-0.85,1.12,0.13,0.13416,-0.08942,-0.15283,-0.97501,-0.85,1.13,0.17,-0.27444,-0.14608,-0.11582,-0.94336,-0.84,1.12,0.19,-0.47952,-0.15824,-0.14386,-0.85107,-0.83,1.1,0.21,-0.47952,-0.15824,-0.14386,-0.85107,-0.87,1.07,0.09,0.32381,-0.07242,-0.15489,-0.93055,-0.87,1.1,0.13,0.19516,-0.05659,-0.21576,-0.95507,-0.87,1.12,0.17,-0.27037,-0.17066,-0.2016,-0.92582,-0.86,1.11,0.19,-0.52229,-0.2437,-0.16841,-0.79966,-0.84,1.09,0.2,-0.52229,-0.2437,-0.16841,-0.79966,-0.87,1.07,0.09,0.25969,-0.00938,-0.38671,-0.88483,-0.88,1.09,0.13,0.22229,-0.04042,-0.29341,-0.92891,-0.88,1.1,0.16,-0.2309,-0.16616,-0.31597,-0.90512,-0.88,1.1,0.18,-0.47098,-0.29411,-0.26221,-0.78926,-0.86,1.08,0.19,-0.47098,-0.29411,-0.26221,-0.78926,-0.71,1.09,0.11,-0.32149,-0.20454,-0.07121,0.92181,-0.68,1.06,0.07,-0.32149,-0.20454,-0.07121,0.92181,-0.72,1.06,0.09,-0.4481,-0.26617,0.58889,0.61771,-0.75,1.07,0.1,-0.27178,-0.10748,0.56538,0.77132,-0.77,1.08,0.13,-0.17818,-0.07403,0.64611,0.73846,-0.78,1.09,0.15,-0.17818,-0.07403,0.64611,0.73846,-0.71,1.07,0.09,-0.32149,-0.20454,-0.07121,0.92181,-0.74,1.11,0.13,-0.00222,-0.26631,0.08826,0.95984,-0.75,1.11,0.16,0.42639,-0.20521,0.17168,0.86407,-0.76,1.09,0.17,0.59543,-0.13882,0.20496,0.76432,-0.76,1.07,0.18,0.59543,-0.13882,0.20496,0.76432,-0.7,1.07,0.1,-0.32149,-0.20454,-0.07121,0.92181,-0.71,1.11,0.13,-0.05721,-0.22431,-0.01625,0.9727,-0.73,1.12,0.17,0.26278,-0.21777,0.04465,0.9389,-0.74,1.1,0.19,0.42798,-0.19765,0.02271,0.88162,-0.75,1.09,0.21,0.42798,-0.19765,0.02271,0.88162,-0.68,1.07,0.1,-0.32149,-0.20454,-0.07121,0.92181,-0.7,1.1,0.14,-0.18364,-0.1694,-0.11894,0.96095,-0.71,1.12,0.17,0.23045,-0.22108,-0.07658,0.94454,-0.72,1.11,0.19,0.46407,-0.25725,-0.04017,0.84667,-0.73,1.09,0.21,0.46407,-0.25725,-0.04017,0.84667,-0.67,1.07,0.11,-0.24199,-0.13649,-0.30116,0.9122,-0.68,1.09,0.14,-0.34827,-0.03631,-0.22847,0.9084,-0.68,1.11,0.17,0.166,-0.15827,-0.25454,0.93947,-0.68,1.11,0.18,0.42622,-0.27096,-0.20161,0.83921,-0.7,1.1,0.2,0.42622,-0.27096,-0.20161,0.83921,-0.81,1.08,0.19
-0.79,1.45,-0.15,-0.79,1.45,-0.15,-0.85,1.1,0.11,0.33773,-0.08665,-0.14241,-0.92636,-0.86,1.06,0.06,0.33773,-0.08665,-0.14241,-0.92636,-0.82,1.08,0.08,0.46349,-0.19635,0.50771,-0.69918,-0.8,1.09,0.1,0.2156,-0.03035,0.46791,-0.85654,-0.79,1.1,0.13,0.09994,-0.00651,0.54537,-0.83219,-0.79,1.11,0.15,0.09994,-0.00651,0.54537,-0.83219,-0.83,1.08,0.08,0.33773,-0.08665,-0.14241,-0.92636,-0.83,1.12,0.13,0.07841,-0.16329,-0.04166,-0.98258,-0.82,1.13,0.16,-0.27689,-0.1718,-0.00683,-0.9454,-0.81,1.11,0.18,-0.43645,-0.14406,0.01267,-0.88803,-0.8,1.1,0.19,-0.43645,-0.14406,0.01267,-0.88803,-0.85,1.08,0.09,0.33773,-0.08665,-0.14241,-0.92636,-0.85,1.12,0.13,0.15691,-0.10227,-0.1377,-0.9726,-0.84,1.13,0.17,-0.25739,-0.15242,-0.09602,-0.94937,-0.83,1.12,0.19,-0.46809,-0.16157,-0.12313,-0.86001,-0.82,1.1,0.2,-0.46809,-0.16157,-0.12313,-0.86001,-0.87,1.07,0.09,0.33773,-0.08665,-0.14241,-0.92636,-0.87,1.11,0.13,0.2269,-0.06479,-0.20435,-0.95003,-0.86,1.12,0.17,-0.24748,-0.17522,-0.18593,-0.9346,-0.85,1.11,0.19,-0.5077,-0.24481,-0.15066,-0.81216,-0.84,1.1,0.2,-0.5077,-0.24481,-0.15066,-0.81216,-0.87,1.07,0.09,0.27204,-0.0264,-0.37546,-0.88562,-0.88,1.09,0.13,0.24829,-0.03653,-0.28543,-0.92496,-0.88,1.11,0.16,-0.20856,-0.16209,-0.31047,-0.91315,-0.87,1.1,0.18,-0.45531,-0.28983,-0.25615,-0.80192,-0.86,1.09,0.19,-0.45531,-0.28983,-0.25615,-0.80192,-0.71,1.09,0.12,-0.31638,-0.202,-0.08716,0.92277,-0.68,1.06,0.07,-0.31638,-0.202,-0.08716,0.92277,-0.72,1.07,0.09,-0.45242,-0.26567,0.57217,0.63036,-0.75,1.07,0.1,-0.27859,-0.11612,0.54652,0.78116,-0.77,1.08,0.13,-0.20125,-0.09689,0.62876,0.74483,-0.78,1.09,0.15,-0.20125,-0.09689,0.62876,0.74483,-0.71,1.07,0.09,-0.31638,-0.202,-0.08716,0.92277,-0.73,1.11,0.13,0.00569,-0.28192,0.08349,0.95578,-0.75,1.11,0.16,0.41135,-0.22521,0.16889,0.86692,-0.76,1.09,0.17,0.56581,-0.1631,0.20234,0.78251,-0.76,1.07,0.18,0.56581,-0.1631,0.20234,0.78251,-0.7,1.07,0.09,-0.31638,-0.202,-0.08716,0.92277,-0.71,1.11,0.14,-0.04712,-0.23055,-0.02828,0.97151,-0.73,1.12,0.17,0.31723,-0.22542,0.04623,0.92001,-0.74,1.1,0.19,0.49333,-0.20031,0.02826,0.84599,-0.75,1.08,0.2,0.49333,-0.20031,0.02826,0.84599,-0.68,1.07,0.1,-0.31638,-0.202,-0.08716,0.92277,-0.7,1.1,0.14,-0.13437,-0.17611,-0.12582,0.96701,-0.71,1.12,0.17,0.31211,-0.23063,-0.07325,0.91871,-0.72,1.1,0.19,0.54546,-0.26347,-0.03434,0.79491,-0.73,1.08,0.2,0.54546,-0.26347,-0.03434,0.79491,-0.67,1.07,0.11,-0.23532,-0.13314,-0.31612,0.90938,-0.68,1.09,0.14,-0.28068,-0.04736,-0.24332,0.92724,-0.68,1.11,0.17,0.25435,-0.175,-0.25927,0.91513,-0.69,1.1,0.19,0.5058,-0.28798,-0.20441,0.78705,-0.7,1.09,0.19,0.5058,-0.28798,-0.20441,0.78705,-0.81,1.08,0.19
-0.79,1.45,-0.15,-0.79,1.45,-0.15,-0.85,1.1,0.11,0.35063,-0.0999,-0.11199,-0.92441,-0.86,1.06,0.06,0.35063,-0.0999,-0.11199,-0.92441,-0.82,1.07,0.08,0.47151,-0.20433,0.53011,-0.67447,-0.79,1.09,0.1,0.22788,-0.03013,0.49362,-0.83875,-0.79,1.1,0.13,0.10737,0.002,0.56955,-0.81491,-0.78,1.1,0.15,0.10737,0.002,0.56955,-0.81491,-0.83,1.08,0.08,0.35063,-0.0999,-0.11199,-0.92441,-0.82,1.12,0.12,0.07897,-0.1758,0.00068,-0.98125,-0.81,1.12,0.16,-0.26837,-0.1689,0.03579,-0.94772,-0.8,1.11,0.18,-0.42302,-0.13428,0.05318,-0.89454,-0.8,1.09,0.19,-0.42302,-0.13428,0.05318,-0.89454,-0.85,1.07,0.08,0.35063,-0.0999,-0.11199,-0.92441,-0.84,1.12,0.13,0.1765,-0.1108,-0.10532,-0.97236,-0.84,1.13,0.17,-0.24549,-0.14755,-0.06207,-0.95609,-0.83,1.12,0.19,-0.46695,-0.15066,-0.09082,-0.86661,-0.82,1.1,0.2,-0.46695,-0.15066,-0.09082,-0.86661,-0.86,1.07,0.09,0.35063,-0.0999,-0.11199,-0.92441,-0.86,1.11,0.13,0.2586,-0.07106,-0.17559,-0.94723,-0.86,1.13,0.16,-0.22728,-0.16982,-0.15579,-0.94617,-0.85,1.12,0.18,-0.50025,-0.2323,-0.12152,-0.82524,-0.84,1.1,0.19,-0.50025,-0.2323,-0.12152,-0.82524,-0.87,1.07,0.09,0.28609,-0.04162,-0.34718,-0.89212,-0.88,1.09,0.13,0.27525,-0.03998,-0.25761,-0.92535,-0.88,1.11,0.16,-0.18401,-0.15435,-0.28484,-0.928,-0.87,1.1,0.17,-0.44255,-0.27676,-0.23139,-0.82098,-0.86,1.09,0.18,-0.44255,-0.27676,-0.23139,-0.82098,-0.7,1.09,0.12,-0.32497,-0.19191,-0.08912,0.92175,-0.68,1.06,0.07,-0.32497,-0.19191,-0.08912,0.92175,-0.72,1.07,0.09,-0.46432,-0.24472,0.56303,0.63837,-0.75,1.08,0.1,-0.29814,-0.10516,0.52938,0.78728,-0.76,1.09,0.13,-0.22929,-0.09301,0.61222,0.75097,-0.78,1.09,0.15,-0.22929,-0.09301,0.61222,0.75097,-0.71,1.07,0.09,-0.32497,-0.19191,-0.08912,0.92175,-0.73,1.11,0.13,0.01276,-0.27732,0.08882,0.95658,-0.75,1.11,0.16,0.40579,-0.22101,0.16865,0.87066,-0.76,1.09,0.17,0.55371,-0.16078,0.1995,0.79231,-0.76,1.07,0.18,0.55371,-0.16078,0.1995,0.79231,-0.7,1.07,0.1,-0.32497,-0.19191,-0.08912,0.92175,-0.71,1.11,0.14,-0.07398,-0.22014,-0.03755,0.97193,-0.73,1.12,0.17,0.31051,-0.21879,0.03804,0.92427,-0.74,1.1,0.19,0.50545,-0.19428,0.0212,0.84043,-0.75,1.08,0.2,0.50545,-0.19428,0.0212,0.84043,-0.68,1.07,0.1,-0.32497,-0.19191,-0.08912,0.92175,-0.69,1.11,0.14,-0.15075,-0.16481,-0.13192,0.96577,-0.7,1.12,0.18,0.31544,-0.2254,-0.07925,0.91838,-0.72,1.1,0.19,0.5622,-0.2599,-0.03817,0.78417,-0.73,1.08,0.2,0.5622,-0.2599,-0.03817,0.78417,-0.67,1.07,0.11,-0.24546,-0.12533,-0.3192,0.90672,-0.68,1.09,0.14,-0.28845,-0.04067,-0.24641,0.92435,-0.67,1.11,0.17,0.25843,-0.17507,-0.26347,0.91277,-0.68,1.1,0.19,0.51791,-0.29132,-0.20565,0.77756,-0.7,1.09,0.19,0.51791,-0.29132,-0.20565,0.77756,-0.81,1.08,0.19
-0.79,1.45,-0.15,-0.79,1.45,-0.15,-0.84,1.09,0.11,0.32189,-0.09903,-0.09964,-0.9363,-0.86,1.06,0.06,0.32189,-0.09903,-0.09964,-0.9363,-0.82,1.07,0.08,0.44712,-0.22565,0.53491,-0.68047,-0.79,1.08,0.1,0.20358,-0.04777,0.50531,-0.83722,-0.79,1.09,0.13,0.08557,-0.01685,0.58185,-0.80861,-0.78,1.09,0.15,0.08557,-0.01685,0.58185,-0.80861,-0.83,1.07,0.08,0.32189,-0.09903,-0.09964,-0.9363,-0.82,1.11,0.13,0.03537,-0.18175,0.01882,-0.98253,-0.81,1.11,0.16,-0.29599,-0.16789,0.05222,-0.93887,-0.8,1.1,0.18,-0.44553,-0.1305,0.06951,-0.88297,-0.8,1.08,0.19,-0.44553,-0.1305,0.06951,-0.88297,-0.85,1.07,0.09,0.32189,-0.09903,-0.09964,-0.9363,-0.84,1.11,0.13,0.17831,-0.10312,-0.09727,-0.97371,-0.84,1.13,0.17,-0.24209,-0.1371,-0.05828,-0.95875,-0.83,1.12,0.19,-0.4666,-0.14004,-0.08949,-0.86871,-0.82,1.1,0.2,-0.4666,-0.14004,-0.08949,-0.86871,-0.86,1.07,0.09,0.32189,-0.09903,-0.09964,-0.9363,-0.86,1.1,0.13,0.26528,-0.05762,-0.16603,-0.94802,-0.86,1.12,0.16,-0.21713,-0.15308,-0.15437,-0.95163,-0.85,1.11,0.19,-0.49132,-0.21621,-0.12513,-0.83439,-0.84,1.1,0.2,-0.49132,-0.21621,-0.12513,-0.83439,-0.87,1.07,0.09,0.25997,-0.03293,-0.33367,-0.90554,-0.88,1.09,0.13,0.26398,-0.02457,-0.24456,-0.93268,-0.88,1.1,0.16,-0.18085,-0.12937,-0.28202,-0.93328,-0.87,1.1,0.18,-0.43983,-0.25199,-0.23649,-0.82893,-0.86,1.09,0.19,-0.43983,-0.25199,-0.23649,-0.82893,-0.7,1.09,0.12,-0.31927,-0.19386,-0.09126,0.92312,-0.68,1.06,0.07,-0.31927,-0.19386,-0.09126,0.92312,-0.72,1.07,0.09,-0.45869,-0.24952,0.56395,0.63977,-0.75,1.08,0.11,-0.29138,-0.10858,0.53173,0.78776,-0.77,1.09,0.13,-0.22456,-0.09832,0.61434,0.75,-0.78,1.09,0.15,-0.22456,-0.09832,0.61434,0.75,-0.71,1.07,0.09,-0.31927,-0.19386,-0.09126,0.92312,-0.73,1.11,0.13,0.03161,-0.27889,0.09122,0.95546,-0.75,1.11,0.16,0.41352,-0.22278,0.16907,0.86648,-0.76,1.09,0.18,0.5516,-0.16455,0.19842,0.79328,-0.76,1.07,0.18,0.5516,-0.16455,0.19842,0.79328,-0.7,1.07,0.1,-0.31927,-0.19386,-0.09126,0.92312,-0.71,1.11,0.14,-0.07285,-0.22107,-0.04113,0.97166,-0.73,1.12,0.17,0.32878,-0.2203,0.03922,0.91752,-0.74,1.1,0.19,0.53119,-0.19351,0.02415,0.82451,-0.75,1.08,0.2,0.53119,-0.19351,0.02415,0.82451,-0.68,1.07,0.1,-0.31927,-0.19386,-0.09126,0.92312,-0.69,1.1,0.14,-0.15514,-0.1643,-0.13574,0.96463,-0.7,1.12,0.18,0.33241,-0.22857,-0.07794,0.91169,-0.72,1.1,0.19,0.58662,-0.26197,-0.03385,0.76557,-0.73,1.08,0.2,0.58662,-0.26197,-0.03385,0.76557,-0.67,1.07,0.11,-0.23921,-0.12588,-0.32072,0.90778,-0.68,1.09,0.15,-0.27362,-0.04972,-0.24653,0.92838,-0.68,1.11,0.17,0.29215,-0.18642,-0.25596,0.90243,-0.69,1.1,0.19,0.55972,-0.30213,-0.19214,0.74733,-0.7,1.08,0.19,0.55972,-0.30213,-0.19214,0.74733,-0.81,1.08,0.19
-0.79,1.45,-0.15,-0.79,1.45,-0.15,-0.85,1.09,0.11,0.28589,-0.09387,-0.11863,-0.94625,-0.86,1.06,0.06,0.28589,-0.09387,-0.11863,-0.94625,-0.82,1.07,0.08,0.4282,-0.2393,0.51092,-0.70593,-0.8,1.08,0.1,0.18403,-0.07092,0.48459,-0.85222,-0.79,1.09,0.13,0.07155,-0.04717,0.56427,-0.82113,-0.78,1.09,0.15,0.07155,-0.04717,0.56427,-0.82113,-0.83,1.07,0.08,0.28589,-0.09387,-0.11863,-0.94625,-0.82,1.11,0.13,-0.00703,-0.18981,0.00113,-0.98179,-0.81,1.11,0.17,-0.32909,-0.18051,0.03679,-0.92615,-0.8,1.09,0.18,-0.4768,-0.14517,0.05732,-0.86505,-0.8,1.08,0.19,-0.4768,-0.14517,0.05732,-0.86505,-0.85,1.07,0.09,0.28589,-0.09387,-0.11863,-0.94625,-0.84,1.11,0.13,0.16813,-0.09278,-0.121,-0.9739,-0.84,1.12,0.17,-0.24315,-0.13666,-0.08532,-0.95652,-0.83,1.11,0.2,-0.46499,-0.14568,-0.11582,-0.86553,-0.82,1.09,0.21,-0.46499,-0.14568,-0.11582,-0.86553,-0.87,1.07,0.09,0.28589,-0.09387,-0.11863,-0.94625,-0.86,1.1,0.13,0.25295,-0.04261,-0.18565,-0.94854,-0.86,1.12,0.17,-0.22221,-0.14776,-0.17962,-0.94685,-0.85,1.11,0.19,-0.49204,-0.21824,-0.15119,-0.8291,-0.84,1.09,0.2,-0.49204,-0.21824,-0.15119,-0.8291,-0.87,1.07,0.09,0.22335,-0.01944,-0.34915,-0.90985,-0.88,1.08,0.13,0.24226,-0.00737,-0.26017,-0.93465,-0.88,1.1,0.16,-0.19319,-0.11698,-0.30382,-0.92557,-0.87,1.09,0.18,-0.44828,-0.24642,-0.26157,-0.81848,-0.86,1.08,0.19,-0.44828,-0.24642,-0.26157,-0.81848,-0.7,1.09,0.12,-0.33355,-0.19204,-0.10179,0.91734,-0.68,1.06,0.07,-0.33355,-0.19204,-0.10179,0.91734,-0.72,1.07,0.09,-0.46312,-0.2354,0.56633,0.63983,-0.75,1.08,0.11,-0.29529,-0.09361,0.53064,0.78896,-0.76,1.09,0.13,-0.22676,-0.08288,0.61273,0.75251,-0.77,1.1,0.15,-0.22676,-0.08288,0.61273,0.75251,-0.71,1.07,0.09,-0.33355,-0.19204,-0.10179,0.91734,-0.73,1.11,0.13,0.03576,-0.27301,0.08394,0.95767,-0.75,1.11,0.16,0.41949,-0.21988,0.16037,0.866,-0.76,1.09,0.17,0.55068,-0.1646,0.18793,0.79646,-0.76,1.07,0.18,0.55068,-0.1646,0.18793,0.79646,-0.7,1.07,0.1,-0.33355,-0.19204,-0.10179,0.91734,-0.71,1.12,0.14,-0.06689,-0.2221,-0.04729,0.97158,-0.73,1.12,0.17,0.3676,-0.22223,0.04213,0.90206,-0.74,1.1,0.19,0.57985,-0.19071,0.02999,0.79152,-0.74,1.08,0.2,0.57985,-0.19071,0.02999,0.79152,-0.68,1.07,0.1,-0.33355,-0.19204,-0.10179,0.91734,-0.69,1.11,0.14,-0.1413,-0.17336,-0.1398,0.96459,-0.7,1.12,0.17,0.38644,-0.24084,-0.0672,0.88778,-0.72,1.1,0.19,0.65117,-0.26806,-0.01553,0.70984,-0.73,1.08,0.19,0.65117,-0.26806,-0.01553,0.70984,-0.67,1.07,0.11,-0.25205,-0.12808,-0.33176,0.9,-0.68,1.09,0.14,-0.24143,-0.0845,-0.25287,0.93307,-0.68,1.11,0.17,0.36329,-0.22585,-0.23405,0.87306,-0.69,1.1,0.18,0.64337,-0.33552,-0.15095,0.67135,-0.7,1.08,0.18,0.64337,-0.33552,-0.15095,0.67135,-0.81,1.08,0.19
-0.79,1.45,-0.15,-0.79,1.45,-0.15,-0.85,1.09,0.11,0.2845,-0.08478,-0.13092,-0.9459,-0.86,1.06,0.06,0.2845,-0.08478,-0.13092,-0.9459,-0.82,1.07,0.08,0.43095,-0.22544,0.49769,-0.71817,-0.8,1.09,0.1,0.19327,-0.06724,0.46521,-0.86122,-0.79,1.09,0.13,0.08702,-0.04959,0.54606,-0.83174,-0.78,1.1,0.15,0.08702,-0.04959,0.54606,-0.83174,-0.83,1.08,0.09,0.2845,-0.08478,-0.13092,-0.9459,-0.83,1.11,0.13,-0.01477,-0.18634,-0.01111,-0.98231,-0.81,1.11,0.17,-0.34028,-0.18089,0.02482,-0.92243,-0.8,1.09,0.18,-0.49167,-0.1472,0.0467,-0.85698,-0.8,1.08,0.19,-0.49167,-0.1472,0.0467,-0.85698,-0.85,1.07,0.09,0.2845,-0.08478,-0.13092,-0.9459,-0.85,1.11,0.13,0.16491,-0.08118,-0.13575,-0.97354,-0.84,1.12,0.17,-0.24969,-0.13244,-0.10297,-0.95368,-0.83,1.11,0.2,-0.47658,-0.14583,-0.13336,-0.85663,-0.83,1.09,0.21,-0.47658,-0.14583,-0.13336,-0.85663,-0.87,1.07,0.09,0.2845,-0.08478,-0.13092,-0.9459,-0.86,1.1,0.14,0.25024,-0.03085,-0.19869,-0.94707,-0.87,1.12,0.17,-0.23087,-0.14493,-0.19562,-0.94204,-0.86,1.11,0.19,-0.5042,-0.22092,-0.16636,-0.81811,-0.84,1.09,0.2,-0.5042,-0.22092,-0.16636,-0.81811,-0.87,1.07,0.09,0.22216,-0.01062,-0.36095,-0.90568,-0.88,1.08,0.13,0.24096,0.00387,-0.27255,-0.93147,-0.88,1.1,0.16,-0.20174,-0.11535,-0.31882,-0.91889,-0.88,1.09,0.18,-0.46838,-0.25363,-0.2729,-0.80113,-0.86,1.08,0.19,-0.46838,-0.25363,-0.2729,-0.80113,-0.7,1.1,0.12,-0.3496,-0.18311,-0.11222,0.91195,-0.68,1.06,0.07,-0.3496,-0.18311,-0.11222,0.91195,-0.72,1.07,0.09,-0.46871,-0.21607,0.56551,0.64329,-0.75,1.08,0.11,-0.3018,-0.07577,0.52443,0.79256,-0.76,1.09,0.13,-0.23104,-0.0645,0.60621,0.75827,-0.77,1.1,0.15,-0.23104,-0.0645,0.60621,0.75827,-0.71,1.07,0.09,-0.3496,-0.18311,-0.11222,0.91195,-0.73,1.12,0.13,0.02084,-0.25822,0.0638,0.96375,-0.75,1.11,0.16,0.40803,-0.21465,0.13599,0.87689,-0.75,1.1,0.17,0.53695,-0.16408,0.16156,0.81158,-0.76,1.08,0.18,0.53695,-0.16408,0.16156,0.81158,-0.7,1.07,0.1,-0.3496,-0.18311,-0.11222,0.91195,-0.71,1.12,0.13,-0.05596,-0.2174,-0.05371,0.973,-0.72,1.12,0.17,0.39751,-0.21986,0.03903,0.89001,-0.73,1.1,0.19,0.62047,-0.18544,0.029,0.76144,-0.74,1.08,0.19,0.62047,-0.18544,0.029,0.76144,-0.68,1.07,0.1,-0.3496,-0.18311,-0.11222,0.91195,-0.69,1.11,0.14,-0.11744,-0.17754,-0.14258,0.96662,-0.7,1.12,0.17,0.43568,-0.24662,-0.06067,0.86353,-0.71,1.1,0.19,0.70784,-0.26858,-0.0029,0.65331,-0.72,1.08,0.19,0.70784,-0.26858,-0.0029,0.65331,-0.67,1.07,0.11,-0.26807,-0.1237,-0.34316,0.89167,-0.67,1.1,0.14,-0.22513,-0.10698,-0.25808,0.93341,-0.68,1.11,0.17,0.40156,-0.25108,-0.21934,0.85299,-0.69,1.1,0.18,0.69084,-0.35554,-0.12056,0.6179,-0.7,1.08,0.18,0.69084,-0.35554,-0.12056,0.6179,-0.81,1.08,0.19
-0.79,1.45,-0.15,-0.79,1.45,-0.15,-0.85,1.09,0.11,0.28227,-0.07559,-0.13185,-0.94722,-0.86,1.06,0.06,0.28227,-0.07559,-0.13185,-0.94722,-0.82,1.07,0.09,0.42895,-0.21265,0.49392,-0.72583,-0.8,1.09,0.1,0.2026,-0.06269,0.45548,-0.86462,-0.79,1.1,0.13,0.1043,-0.05066,0.53693,-0.83562,-0.78,1.1,0.16,0.1043,-0.05066,0.53693,-0.83562,-0.83,1.08,0.09,0.28227,-0.07559,-0.13185,-0.94722,-0.83,1.11,0.13,-0.02199,-0.17842,-0.01403,-0.98361,-0.81,1.11,0.17,-0.36243,-0.17384,0.02231,-0.91538,-0.81,1.09,0.18,-0.52302,-0.14002,0.04571,-0.8395,-0.8,1.08,0.19,-0.52302,-0.14002,0.04571,-0.8395,-0.85,1.07,0.09,0.28227,-0.07559,-0.13185,-0.94722,-0.85,1.11,0.14,0.155,-0.06832,-0.13904,-0.97569,-0.85,1.12,0.18,-0.27321,-0.12352,-0.10952,-0.94768,-0.84,1.11,0.2,-0.51353,-0.1389,-0.1406,-0.835,-0.83,1.09,0.21,-0.51353,-0.1389,-0.1406,-0.835,-0.87,1.07,0.09,0.28227,-0.07559,-0.13185,-0.94722,-0.87,1.1,0.14,0.24045,-0.01802,-0.20076,-0.9495,-0.87,1.12,0.17,-0.25684,-0.1378,-0.20173,-0.93507,-0.86,1.11,0.19,-0.54125,-0.21771,-0.17216,-0.79373,-0.85,1.09,0.2,-0.54125,-0.21771,-0.17216,-0.79373,-0.87,1.07,0.09,0.22175,-0.00109,-0.36198,-0.90543,-0.88,1.09,0.13,0.23463,0.01636,-0.27456,-0.93236,-0.89,1.1,0.16,-0.22876,-0.11209,-0.32448,-0.91094,-0.88,1.09,0.18,-0.51073,-0.25833,-0.27514,-0.77247,-0.86,1.08,0.19,-0.51073,-0.25833,-0.27514,-0.77247,-0.7,1.1,0.12,-0.3575,-0.16628,-0.1176,0.91144,-0.68,1.06,0.07,-0.3575,-0.16628,-0.1176,0.91144,-0.72,1.07,0.09,-0.46211,-0.20232,0.56898,0.64945,-0.75,1.08,0.11,-0.29837,-0.06301,0.52372,0.79544,-0.76,1.1,0.14,-0.22499,-0.05117,0.60479,0.76223,-0.77,1.1,0.16,-0.22499,-0.05117,0.60479,0.76223,-0.71,1.08,0.09,-0.3575,-0.16628,-0.1176,0.91144,-0.72,1.12,0.13,-0.02002,-0.23584,0.03364,0.971,-0.74,1.12,0.16,0.35581,-0.20896,0.09547,0.90588,-0.75,1.1,0.18,0.48566,-0.16547,0.11788,0.85021,-0.75,1.08,0.19,0.48566,-0.16547,0.11788,0.85021,-0.69,1.07,0.1,-0.3575,-0.16628,-0.1176,0.91144,-0.7,1.12,0.13,-0.05916,-0.2017,-0.06418,0.97555,-0.72,1.13,0.17,0.39736,-0.21067,0.02292,0.89286,-0.73,1.11,0.19,0.6317,-0.17954,0.01253,0.75403,-0.74,1.08,0.19,0.6317,-0.17954,0.01253,0.75403,-0.68,1.07,0.1,-0.3575,-0.16628,-0.1176,0.91144,-0.69,1.11,0.14,-0.11654,-0.16517,-0.14979,0.96783,-0.7,1.12,0.17,0.44542,-0.24085,-0.07125,0.85937,-0.71,1.1,0.19,0.72808,-0.26563,-0.01074,0.63184,-0.72,1.08,0.18,0.72808,-0.26563,-0.01074,0.63184,-0.67,1.07,0.11,-0.27845,-0.10922,-0.34967,0.88784,-0.67,1.1,0.14,-0.23044,-0.10622,-0.26106,0.93138,-0.67,1.11,0.17,0.40552,-0.25496,-0.21968,0.84988,-0.68,1.1,0.18,0.70893,-0.36122,-0.11114,0.59547,-0.7,1.08,0.18,0.70893,-0.36122,-0.11114,0.59547,-0.81,1.08,0.19
-0.79,1.45,-0.15,-0.79,1.45,-0.15,-0.85,1.09,0.11,0.29191,-0.07226,-0.13372,-0.94429,-0.86,1.06,0.06,0.29191,-0.07226,-0.13372,-0.94429,-0.82,1.07,0.09,0.43042,-0.20029,0.49928,-0.7248,-0.8,1.09,0.1,0.21018,-0.05208,0.45643,-0.86301,-0.79,1.1,0.13,0.1163,-0.04266,0.53737,-0.8342,-0.78,1.1,0.16,0.1163,-0.04266,0.53737,-0.8342,-0.83,1.08,0.09,0.29191,-0.07226,-0.13372,-0.94429,-0.83,1.11,0.13,-0.01008,-0.17662,-0.01548,-0.98411,-0.81,1.11,0.17,-0.36025,-0.17276,0.02204,-0.91645,-0.81,1.1,0.18,-0.52885,-0.1387,0.04664,-0.836,-0.8,1.08,0.19,-0.52885,-0.1387,0.04664,-0.836,-0.85,1.08,0.09,0.29191,-0.07226,-0.13372,-0.94429,-0.85,1.11,0.13,0.16849,-0.06264,-0.14271,-0.9733,-0.85,1.13,0.17,-0.26184,-0.12033,-0.11497,-0.95065,-0.84,1.11,0.2,-0.50905,-0.1387,-0.14635,-0.83679,-0.83,1.1,0.21,-0.50905,-0.1387,-0.14635,-0.83679,-0.87,1.07,0.09,0.29191,-0.07226,-0.13372,-0.94429,-0.87,1.1,0.14,0.25309,-0.01229,-0.20407,-0.9456,-0.87,1.12,0.17,-0.24398,-0.13499,-0.20705,-0.93775,-0.86,1.11,0.19,-0.53437,-0.21788,-0.17689,-0.7973,-0.85,1.09,0.2,-0.53437,-0.21788,-0.17689,-0.7973,-0.87,1.07,0.09,0.23156,-0.00031,-0.36459,-0.90192,-0.88,1.09,0.13,0.24607,0.02209,-0.2779,-0.9283,-0.89,1.1,0.16,-0.21821,-0.11014,-0.32986,-0.91184,-0.88,1.09,0.18,-0.50447,-0.25953,-0.27935,-0.77467,-0.86,1.08,0.19,-0.50447,-0.25953,-0.27935,-0.77467,-0.7,1.09,0.12,-0.34443,-0.16972,-0.11319,0.91638,-0.68,1.06,0.07,-0.34443,-0.16972,-0.11319,0.91638,-0.72,1.07,0.09,-0.44606,-0.21843,0.57769,0.64775,-0.75,1.08,0.11,-0.28277,-0.07549,0.5369,0.79125,-0.76,1.09,0.14,-0.20748,-0.0618,0.61742,0.75626,-0.77,1.1,0.16,-0.20748,-0.0618,0.61742,0.75626,-0.71,1.07,0.09,-0.34443,-0.16972,-0.11319,0.91638,-0.73,1.11,0.13,-0.00813,-0.2341,0.03381,0.97159,-0.74,1.11,0.16,0.35704,-0.208,0.09261,0.90592,-0.75,1.1,0.18,0.4841,-0.16526,0.11433,0.85162,-0.75,1.08,0.19,0.4841,-0.16526,0.11433,0.85162,-0.69,1.07,0.1,-0.34443,-0.16972,-0.11319,0.91638,-0.7,1.12,0.14,-0.05835,-0.20111,-0.06306,0.97579,-0.72,1.12,0.17,0.39381,-0.20974,0.02263,0.89466,-0.73,1.1,0.19,0.62849,-0.17899,0.0119,0.75685,-0.74,1.08,0.2,0.62849,-0.17899,0.0119,0.75685,-0.68,1.07,0.1,-0.34443,-0.16972,-0.11319,0.91638,-0.69,1.11,0.14,-0.12668,-0.16395,-0.14797,0.96704,-0.7,1.12,0.18,0.43409,-0.23908,-0.07084,0.86567,-0.71,1.1,0.19,0.72069,-0.26419,-0.01051,0.64086,-0.72,1.08,0.19,0.72069,-0.26419,-0.01051,0.64086,-0.67,1.07,0.11,-0.26562,-0.10907,-0.34452,0.89379,-0.67,1.09,0.14,-0.239,-0.10708,-0.25475,0.93087,-0.67,1.11,0.17,0.39908,-0.2526,-0.21412,0.85503,-0.69,1.1,0.18,0.71217,-0.35778,-0.10315,0.59512,-0.7,1.08,0.18,0.71217,-0.35778,-0.10315,0.59512,-0.81,1.08,0.19
-0.79,1.45,-0.15,-0.79,1.45,-0.15,-0.85,1.1,0.11,0.32145,-0.07369,-0.14178,-0.93335,-0.86,1.06,0.06,0.32145,-0.07369,-0.14178,-0.93335,-0.82,1.08,0.08,0.44361,-0.17882,0.50867,-0.71588,-0.8,1.09,0.1,0.2256,-0.02935,0.45962,-0.85849,-0.79,1.1,0.13,0.12917,-0.01786,0.53905,-0.83212,-0.78,1.11,0.15,0.12917,-0.01786,0.53905,-0.83212,-0.83,1.08,0.08,0.32145,-0.07369,-0.14178,-0.93335,-0.83,1.12,0.13,0.03724,-0.17842,-0.02312,-0.98298,-0.81,1.12,0.16,-0.3146,-0.17838,0.01548,-0.93219,-0.81,1.11,0.18,-0.48843,-0.14583,0.04019,-0.85939,-0.8,1.09,0.19,-0.48843,-0.14583,0.04019,-0.85939,-0.85,1.08,0.09,0.32145,-0.07369,-0.14178,-0.93335,-0.85,1.12,0.13,0.21888,-0.06227,-0.15287,-0.96169,-0.85,1.14,0.17,-0.21541,-0.12549,-0.1236,-0.96051,-0.84,1.13,0.19,-0.46881,-0.14939,-0.15334,-0.85696,-0.83,1.11,0.21,-0.46881,-0.14939,-0.15334,-0.85696,-0.87,1.07,0.09,0.32145,-0.07369,-0.14178,-0.93335,-0.87,1.11,0.13,0.29663,-0.01357,-0.21413,-0.93058,-0.87,1.13,0.16,-0.20119,-0.14323,-0.21361,-0.94519,-0.86,1.12,0.19,-0.49803,-0.22914,-0.17895,-0.81697,-0.85,1.1,0.2,-0.49803,-0.22914,-0.17895,-0.81697,-0.87,1.07,0.09,0.25893,-0.00949,-0.37425,-0.89039,-0.88,1.09,0.13,0.27798,0.0164,-0.2882,-0.91618,-0.89,1.11,0.16,-0.18525,-0.12265,-0.336,-0.91529,-0.88,1.1,0.17,-0.47542,-0.27378,-0.27898,-0.78816,-0.86,1.09,0.18,-0.47542,-0.27378,-0.27898,-0.78816,-0.7,1.09,0.12,-0.33547,-0.17406,-0.11057,0.9192,-0.68,1.05,0.07,-0.33547,-0.17406,-0.11057,0.9192,-0.72,1.07,0.09,-0.43793,-0.22626,0.58162,0.6471,-0.75,1.08,0.11,-0.27471,-0.08151,0.54302,0.78932,-0.76,1.09,0.14,-0.19642,-0.06528,0.6233,0.75409,-0.77,1.09,0.16,-0.19642,-0.06528,0.6233,0.75409,-0.71,1.07,0.09,-0.33547,-0.17406,-0.11057,0.9192,-0.73,1.11,0.13,0.00396,-0.23481,0.03564,0.97138,-0.74,1.11,0.16,0.36695,-0.2078,0.09425,0.90182,-0.75,1.1,0.18,0.49307,-0.16479,0.11618,0.8463,-0.75,1.08,0.19,0.49307,-0.16479,0.11618,0.8463,-0.69,1.07,0.1,-0.33547,-0.17406,-0.11057,0.9192,-0.71,1.11,0.14,-0.0579,-0.20285,-0.06199,0.97553,-0.72,1.12,0.18,0.38607,-0.21102,0.0225,0.89773,-0.73,1.1,0.19,0.61642,-0.18133,0.01123,0.76617,-0.74,1.08,0.2,0.61642,-0.18133,0.01123,0.76617,-0.68,1.07,0.1,-0.33547,-0.17406,-0.11057,0.9192,-0.69,1.11,0.14,-0.13459,-0.16547,-0.14675,0.9659,-0.7,1.12,0.18,0.42341,-0.23973,-0.0697,0.87086,-0.71,1.1,0.19,0.70951,-0.26497,-0.01002,0.6529,-0.72,1.08,0.19,0.70951,-0.26497,-0.01002,0.6529,-0.67,1.07,0.11,-0.25637,-0.11097,-0.34124,0.89751,-0.67,1.09,0.15,-0.24992,-0.10822,-0.25127,0.92881,-0.67,1.11,0.17,0.3879,-0.25196,-0.21097,0.86113,-0.69,1.1,0.18,0.70559,-0.35621,-0.09962,0.60443,-0.7,1.08,0.18,0.70559,-0.35621,-0.09962,0.60443,-0.81,1.08,0.19
-0.79,1.45,-0.15,-0.79,1.45,-0.15,-0.85,1.1,0.11,0.34194,-0.07628,-0.15738,-0.92331,-0.86,1.06,0.06,0.34194,-0.07628,-0.15738,-0.92331,-0.82,1.08,0.08,0.4512,-0.16556,0.51149,-0.71232,-0.8,1.09,0.1,0.22837,-0.01295,0.45903,-0.85847,-0.79,1.11,0.13,0.12271,0.00357,0.53655,-0.83489,-0.79,1.11,0.15,0.12271,0.00357,0.53655,-0.83489,-0.83,1.08,0.08,0.34194,-0.07628,-0.15738,-0.92331,-0.83,1.12,0.13,0.07716,-0.17903,-0.04207,-0.97991,-0.82,1.13,0.16,-0.27305,-0.18662,-0.00249,-0.94372,-0.81,1.12,0.18,-0.44755,-0.15783,0.02242,-0.87993,-0.8,1.1,0.19,-0.44755,-0.15783,0.02242,-0.87993,-0.85,1.08,0.09,0.34194,-0.07628,-0.15738,-0.92331,-0.85,1.12,0.13,0.23661,-0.06729,-0.16849,-0.95451,-0.85,1.14,0.16,-0.22169,-0.14046,-0.13185,-0.9559,-0.84,1.13,0.19,-0.48065,-0.16628,-0.15647,-0.84666,-0.83,1.11,0.2,-0.48065,-0.16628,-0.15647,-0.84666,-0.87,1.07,0.09,0.34194,-0.07628,-0.15738,-0.92331,-0.87,1.11,0.13,0.31115,-0.02027,-0.23038,-0.92179,-0.87,1.13,0.16,-0.19991,-0.16117,-0.22154,-0.94074,-0.86,1.12,0.18,-0.49867,-0.24913,-0.17967,-0.81054,-0.85,1.11,0.19,-0.49867,-0.24913,-0.17967,-0.81054,-0.87,1.07,0.09,0.27622,-0.01793,-0.3901,-0.87818,-0.88,1.09,0.13,0.28812,0.00153,-0.30428,-0.90796,-0.89,1.11,0.16,-0.1754,-0.1447,-0.34267,-0.91152,-0.88,1.1,0.17,-0.46324,-0.29615,-0.27756,-0.78782,-0.86,1.09,0.18,-0.46324,-0.29615,-0.27756,-0.78782,-0.7,1.09,0.12,-0.34223,-0.17567,-0.1109,0.91636,-0.68,1.05,0.07,-0.34223,-0.17567,-0.1109,0.91636,-0.72,1.07,0.09,-0.44038,-0.21853,0.58535,0.64473,-0.75,1.08,0.11,-0.27886,-0.07374,0.54475,0.78743,-0.76,1.09,0.14,-0.19376,-0.05205,0.6245,0.75482,-0.77,1.09,0.16,-0.19376,-0.05205,0.6245,0.75482,-0.71,1.07,0.09,-0.34223,-0.17567,-0.1109,0.91636,-0.73,1.11,0.13,0.00198,-0.23271,0.03505,0.97191,-0.74,1.11,0.16,0.36904,-0.20573,0.09379,0.90149,-0.75,1.1,0.18,0.49606,-0.16265,0.1157,0.84503,-0.75,1.08,0.19,0.49606,-0.16265,0.1157,0.84503,-0.69,1.07,0.1,-0.34223,-0.17567,-0.1109,0.91636,-0.71,1.12,0.14,-0.06073,-0.20482,-0.06085,0.97502,-0.72,1.12,0.17,0.38211,-0.21234,0.02412,0.89907,-0.73,1.1,0.19,0.6096,-0.18278,0.01261,0.77124,-0.74,1.08,0.2,0.6096,-0.18278,0.01261,0.77124,-0.68,1.07,0.1,-0.34223,-0.17567,-0.1109,0.91636,-0.69,1.11,0.14,-0.13847,-0.16979,-0.14543,0.9648,-0.7,1.12,0.18,0.41639,-0.24253,-0.06698,0.87368,-0.71,1.1,0.19,0.7007,-0.26708,-0.00742,0.66154,-0.72,1.08,0.19,0.7007,-0.26708,-0.00742,0.66154,-0.67,1.07,0.11,-0.26258,-0.11433,-0.34189,0.89504,-0.67,1.09,0.15,-0.25597,-0.11492,-0.25078,0.92649,-0.67,1.11,0.17,0.3805,-0.25707,-0.20676,0.86394,-0.69,1.1,0.18,0.69924,-0.35906,-0.09386,0.61101,-0.7,1.08,0.18,0.69924,-0.35906,-0.09386,0.61101,-0.81,1.08,0.19
-0.79,1.45,-0.15,-0.79,1.45,-0.15,-0.85,1.1,0.11,0.33989,-0.06725,-0.16044,-0.92424,-0.86,1.06,0.06,0.33989,-0.06725,-0.16044,-0.92424,-0.82,1.08,0.08,0.43669,-0.16351,0.51877,-0.71655,-0.8,1.09,0.1,0.20953,-0.00514,0.46596,-0.85962,-0.79,1.1,0.13,0.09788,0.01365,0.54129,-0.83501,-0.79,1.11,0.16,0.09788,0.01365,0.54129,-0.83501,-0.83,1.08,0.08,0.33989,-0.06725,-0.16044,-0.92424,-0.83,1.12,0.13,0.08472,-0.16497,-0.05407,-0.98116,-0.82,1.13,0.16,-0.26438,-0.17778,-0.01895,-0.9477,-0.81,1.12,0.18,-0.43516,-0.15225,0.0034,-0.88738,-0.8,1.1,0.19,-0.43516,-0.15225,0.0034,-0.88738,-0.85,1.08,0.09,0.33989,-0.06725,-0.16044,-0.92424,-0.85,1.12,0.13,0.22074,-0.06067,-0.17167,-0.95819,-0.85,1.14,0.17,-0.25545,-0.13838,-0.13517,-0.94727,-0.84,1.13,0.19,-0.51523,-0.16338,-0.15956,-0.82607,-0.83,1.11,0.2,-0.51523,-0.16338,-0.15956,-0.82607,-0.87,1.07,0.09,0.33989,-0.06725,-0.16044,-0.92424,-0.87,1.11,0.13,0.28663,-0.01664,-0.23294,-0.92914,-0.87,1.13,0.16,-0.23721,-0.16142,-0.22437,-0.93131,-0.86,1.12,0.18,-0.53212,-0.24956,-0.1828,-0.78813,-0.85,1.1,0.19,-0.53212,-0.24956,-0.1828,-0.78813,-0.87,1.07,0.09,0.27566,-0.0087,-0.39313,-0.87714,-0.88,1.09,0.13,0.26611,-0.00181,-0.30712,-0.91371,-0.89,1.11,0.16,-0.20216,-0.14881,-0.34311,-0.90513,-0.88,1.1,0.17,-0.4819,-0.29854,-0.2792,-0.77505,-0.86,1.09,0.18,-0.4819,-0.29854,-0.2792,-0.77505,-0.7,1.09,0.12,-0.34896,-0.1766,-0.11052,0.91369,-0.68,1.05,0.07,-0.34896,-0.1766,-0.11052,0.91369,-0.72,1.07,0.09,-0.44285,-0.21119,0.58895,0.64221,-0.75,1.08,0.11,-0.28364,-0.06684,0.54637,0.78521,-0.76,1.09,0.14,-0.19529,-0.04237,0.62559,0.75412,-0.77,1.1,0.16,-0.19529,-0.04237,0.62559,0.75412,-0.71,1.07,0.09,-0.34896,-0.1766,-0.11052,0.91369,-0.73,1.11,0.13,-0.00185,-0.22952,0.03398,0.97271,-0.74,1.11,0.16,0.37384,-0.20244,0.09345,0.90029,-0.75,1.1,0.18,0.50343,-0.15903,0.11562,0.84137,-0.75,1.08,0.19,0.50343,-0.15903,0.11562,0.84137,-0.69,1.07,0.1,-0.34896,-0.1766,-0.11052,0.91369,-0.71,1.12,0.14,-0.05962,-0.20606,-0.05844,0.97497,-0.72,1.12,0.17,0.38433,-0.21233,0.02713,0.89804,-0.73,1.1,0.19,0.61098,-0.18191,0.01548,0.7703,-0.74,1.08,0.2,0.61098,-0.18191,0.01548,0.7703,-0.68,1.07,0.1,-0.34896,-0.1766,-0.11052,0.91369,-0.69,1.11,0.14,-0.1393,-0.17358,-0.14301,0.96437,-0.7,1.12,0.18,0.41472,-0.24435,-0.0631,0.87425,-0.71,1.1,0.19,0.69823,-0.26755,-0.00351,0.66399,-0.72,1.08,0.19,0.69823,-0.26755,-0.00351,0.66399,-0.67,1.07,0.11,-0.269,-0.11699,-0.34189,0.89278,-0.67,1.09,0.15,-0.26038,-0.12097,-0.24955,0.92482,-0.68,1.11,0.17,0.37487,-0.26109,-0.2024,0.86622,-0.69,1.1,0.18,0.69439,-0.36088,-0.08843,0.61625,-0.7,1.08,0.18,0.69439,-0.36088,-0.08843,0.61625,-0.81,1.08,0.19
-0.79,1.45,-0.15,-0.79,1.45,-0.15,-0.85,1.1,0.11,0.3271,-0.05769,-0.13957,-0.93284,-0.86,1.06,0.06,0.3271,-0.05769,-0.13957,-0.93284,-0.82,1.08,0.09,0.4119,-0.17713,0.53873,-0.71325,-0.8,1.09,0.11,0.1864,-0.01008,0.49033,-0.85131,-0.79,1.1,0.14,0.07642,0.00877,0.5642,-0.82204,-0.79,1.1,0.16,0.07642,0.00877,0.5642,-0.82204,-0.83,1.08,0.09,0.3271,-0.05769,-0.13957,-0.93284,-0.83,1.12,0.13,0.09262,-0.14307,-0.04664,-0.98427,-0.82,1.13,0.16,-0.25334,-0.1548,-0.02032,-0.9547,-0.81,1.11,0.18,-0.42064,-0.12987,-0.00323,-0.89788,-0.81,1.1,0.2,-0.42064,-0.12987,-0.00323,-0.89788,-0.85,1.08,0.09,0.3271,-0.05769,-0.13957,-0.93284,-0.85,1.12,0.13,0.18256,-0.05211,-0.1504,-0.97023,-0.85,1.13,0.17,-0.29103,-0.11988,-0.12109,-0.94142,-0.84,1.12,0.19,-0.5446,-0.13899,-0.15134,-0.81313,-0.83,1.1,0.2,-0.5446,-0.13899,-0.15134,-0.81313,-0.87,1.07,0.09,0.3271,-0.05769,-0.13957,-0.93284,-0.87,1.11,0.13,0.23801,-0.01151,-0.21194,-0.94779,-0.87,1.12,0.17,-0.28121,-0.14275,-0.2116,-0.92508,-0.86,1.11,0.19,-0.56894,-0.2262,-0.17873,-0.77019,-0.85,1.09,0.19,-0.56894,-0.2262,-0.17873,-0.77019,-0.87,1.07,0.09,0.26803,0.00479,-0.37309,-0.88822,-0.88,1.09,0.13,0.22992,0.00237,-0.28796,-0.92963,-0.89,1.1,0.16,-0.24205,-0.13352,-0.32862,-0.9031,-0.88,1.1,0.17,-0.51069,-0.27643,-0.27534,-0.76614,-0.86,1.08,0.18,-0.51069,-0.27643,-0.27534,-0.76614,-0.7,1.09,0.12,-0.35632,-0.18189,-0.10891,0.90999,-0.68,1.05,0.07,-0.35632,-0.18189,-0.10891,0.90999,-0.72,1.07,0.1,-0.4469,-0.20698,0.59372,0.63635,-0.75,1.08,0.11,-0.29077,-0.06314,0.55006,0.78032,-0.76,1.09,0.14,-0.20099,-0.03655,0.6289,0.75016,-0.77,1.1,0.16,-0.20099,-0.03655,0.6289,0.75016,-0.71,1.07,0.1,-0.35632,-0.18189,-0.10891,0.90999,-0.73,1.11,0.13,-0.0094,-0.23166,0.03643,0.97207,-0.74,1.12,0.16,0.37318,-0.20299,0.09806,0.89996,-0.75,1.1,0.18,0.50558,-0.15853,0.12087,0.83943,-0.75,1.08,0.19,0.50558,-0.15853,0.12087,0.83943,-0.69,1.07,0.1,-0.35632,-0.18189,-0.10891,0.90999,-0.71,1.12,0.14,-0.06514,-0.2107,-0.0548,0.97384,-0.72,1.12,0.17,0.38406,-0.21473,0.03368,0.89736,-0.73,1.1,0.19,0.6131,-0.18235,0.02278,0.76833,-0.74,1.08,0.2,0.6131,-0.18235,0.02278,0.76833,-0.68,1.07,0.1,-0.35632,-0.18189,-0.10891,0.90999,-0.69,1.11,0.14,-0.14337,-0.18044,-0.13925,0.96307,-0.7,1.12,0.18,0.4128,-0.24828,-0.0556,0.87456,-0.71,1.1,0.19,0.69829,-0.26853,0.0054,0.66351,-0.72,1.08,0.19,0.69829,-0.26853,0.0054,0.66351,-0.67,1.07,0.11,-0.27532,-0.12414,-0.3405,0.89042,-0.67,1.09,0.15,-0.264,-0.13155,-0.24667,0.92312,-0.68,1.11,0.17,0.37121,-0.26783,-0.19371,0.86773,-0.69,1.1,0.18,0.693,-0.36345,-0.07707,0.61783,-0.7,1.08,0.18,0.693,-0.36345,-0.07707,0.61783,-0.81,1.08,0.19
-0.79,1.45,-0.15,-0.79,1.45,-0.15,-0.85,1.09,0.11,0.32447,-0.05749,-0.09214,-0.93964,-0.85,1.06,0.06,0.32447,-0.05749,-0.09214,-0.93964,-0.82,1.07,0.09,0.40396,-0.19184,0.56716,-0.69163,-0.8,1.08,0.11,0.18277,-0.01416,0.52401,-0.83175,-0.79,1.09,0.14,0.07145,0.01014,0.59605,-0.7997,-0.79,1.1,0.16,0.07145,0.01014,0.59605,-0.7997,-0.83,1.08,0.09,0.32447,-0.05749,-0.09214,-0.93964,-0.83,1.11,0.13,0.09877,-0.12175,-0.00891,-0.98759,-0.82,1.12,0.17,-0.24648,-0.12204,0.00753,-0.9614,-0.81,1.11,0.19,-0.41221,-0.09272,0.01792,-0.90618,-0.81,1.09,0.2,-0.41221,-0.09272,0.01792,-0.90618,-0.85,1.07,0.09,0.32447,-0.05749,-0.09214,-0.93964,-0.85,1.11,0.13,0.16754,-0.04615,-0.10283,-0.9794,-0.85,1.13,0.17,-0.25561,-0.0876,-0.08681,-0.95888,-0.84,1.12,0.19,-0.48198,-0.09832,-0.12875,-0.86108,-0.83,1.1,0.21,-0.48198,-0.09832,-0.12875,-0.86108,-0.87,1.07,0.09,0.32447,-0.05749,-0.09214,-0.93964,-0.87,1.1,0.13,0.22661,-0.00852,-0.16503,-0.95987,-0.87,1.12,0.17,-0.24802,-0.10677,-0.17842,-0.94618,-0.86,1.11,0.19,-0.52069,-0.17903,-0.16234,-0.81883,-0.85,1.09,0.2,-0.52069,-0.17903,-0.16234,-0.81883,-0.87,1.07,0.09,0.27206,0.00735,-0.32821,-0.90455,-0.88,1.09,0.13,0.23048,0.00797,-0.24241,-0.94237,-0.89,1.1,0.16,-0.2348,-0.10342,-0.29302,-0.92104,-0.88,1.1,0.18,-0.48848,-0.23051,-0.25698,-0.80138,-0.87,1.08,0.18,-0.48848,-0.23051,-0.25698,-0.80138,-0.7,1.09,0.12,-0.3534,-0.18073,-0.10521,0.9118,-0.68,1.05,0.07,-0.3534,-0.18073,-0.10521,0.9118,-0.72,1.07,0.1,-0.44124,-0.20926,0.59812,0.63543,-0.75,1.08,0.11,-0.28709,-0.065,0.55498,0.77805,-0.76,1.09,0.14,-0.19978,-0.04013,0.63363,0.74632,-0.77,1.1,0.16,-0.19978,-0.04013,0.63363,0.74632,-0.71,1.07,0.1,-0.3534,-0.18073,-0.10521,0.9118,-0.73,1.11,0.13,-0.00909,-0.22974,0.03861,0.97244,-0.74,1.11,0.16,0.37294,-0.20043,0.09917,0.9005,-0.75,1.1,0.18,0.5062,-0.15571,0.12174,0.83946,-0.75,1.08,0.19,0.5062,-0.15571,0.12174,0.83946,-0.69,1.07,0.1,-0.3534,-0.18073,-0.10521,0.9118,-0.71,1.12,0.14,-0.06681,-0.20811,-0.05281,0.97439,-0.72,1.12,0.17,0.38187,-0.21158,0.03406,0.89903,-0.73,1.1,0.19,0.61151,-0.17934,0.0223,0.77032,-0.74,1.08,0.2,0.61151,-0.17934,0.0223,0.77032,-0.68,1.07,0.1,-0.3534,-0.18073,-0.10521,0.9118,-0.69,1.11,0.14,-0.14351,-0.17858,-0.13603,0.96385,-0.7,1.12,0.18,0.41125,-0.24489,-0.05443,0.87632,-0.71,1.1,0.19,0.6975,-0.26502,0.00532,0.66575,-0.72,1.08,0.19,0.6975,-0.26502,0.00532,0.66575,-0.67,1.07,0.11,-0.27323,-0.12209,-0.33691,0.89271,-0.67,1.09,0.15,-0.26224,-0.13077,-0.24263,0.9248,-0.68,1.11,0.17,0.37041,-0.26397,-0.19192,0.86965,-0.69,1.1,0.18,0.69341,-0.3593,-0.07692,0.61981,-0.7,1.08,0.18,0.69341,-0.3593,-0.07692,0.61981,-0.81,1.08,0.19
-0.79,1.45,-0.15,-0.79,1.45,-0.15,-0.84,1.09,0.11,0.30948,-0.05712,-0.0499,-0.94788,-0.85,1.06,0.06,0.30948,-0.05712,-0.0499,-0.94788,-0.82,1.07,0.09,0.41485,-0.20572,0.56451,-0.6833,-0.79,1.08,0.11,0.19281,-0.02832,0.52607,-0.82781,-0.79,1.09,0.14,0.08037,-0.00085,0.59952,-0.79632,-0.78,1.09,0.16,0.08037,-0.00085,0.59952,-0.79632,-0.83,1.07,0.09,0.30948,-0.05712,-0.0499,-0.94788,-0.82,1.11,0.13,0.0946,-0.09636,0.0202,-0.99063,-0.81,1.12,0.17,-0.25226,-0.08813,0.0263,-0.96328,-0.81,1.1,0.19,-0.41864,-0.05589,0.03069,-0.90591,-0.81,1.09,0.21,-0.41864,-0.05589,0.03069,-0.90591,-0.85,1.07,0.09,0.30948,-0.05712,-0.0499,-0.94788,-0.84,1.11,0.13,0.1411,-0.04005,-0.05999,-0.98736,-0.84,1.12,0.17,-0.2353,-0.06135,-0.05352,-0.96851,-0.84,1.11,0.2,-0.4232,-0.06369,-0.10225,-0.89799,-0.83,1.09,0.21,-0.4232,-0.06369,-0.10225,-0.89799,-0.86,1.07,0.09,0.30948,-0.05712,-0.0499,-0.94788,-0.86,1.1,0.13,0.21056,-0.00559,-0.12159,-0.96997,-0.86,1.12,0.17,-0.21415,-0.07562,-0.14533,-0.96296,-0.86,1.11,0.19,-0.45462,-0.13567,-0.14292,-0.86861,-0.85,1.09,0.21,-0.45462,-0.13567,-0.14292,-0.86861,-0.87,1.07,0.09,0.2634,0.01275,-0.28693,-0.92094,-0.88,1.09,0.13,0.22336,0.01362,-0.1996,-0.95398,-0.88,1.1,0.16,-0.20822,-0.06813,-0.25972,-0.9405,-0.88,1.1,0.18,-0.43252,-0.17793,-0.24119,-0.85035,-0.87,1.08,0.19,-0.43252,-0.17793,-0.24119,-0.85035,-0.7,1.09,0.12,-0.34965,-0.17946,-0.10566,0.91344,-0.68,1.05,0.07,-0.34965,-0.17946,-0.10566,0.91344,-0.72,1.07,0.1,-0.43885,-0.21238,0.59674,0.63734,-0.75,1.08,0.11,-0.28544,-0.06913,0.55412,0.77891,-0.76,1.09,0.14,-0.20485,-0.04972,0.63321,0.74472,-0.77,1.09,0.16,-0.20485,-0.04972,0.63321,0.74472,-0.71,1.07,0.1,-0.34965,-0.17946,-0.10566,0.91344,-0.73,1.11,0.13,-0.0109,-0.2298,0.03655,0.97249,-0.74,1.11,0.16,0.36967,-0.20151,0.09693,0.90185,-0.75,1.1,0.18,0.5031,-0.15717,0.11956,0.84137,-0.75,1.08,0.19,0.5031,-0.15717,0.11956,0.84137,-0.69,1.07,0.1,-0.34965,-0.17946,-0.10566,0.91344,-0.71,1.12,0.14,-0.07105,-0.20679,-0.05525,0.97424,-0.72,1.12,0.17,0.37556,-0.21164,0.03074,0.90178,-0.73,1.1,0.19,0.60462,-0.18085,0.0188,0.77548,-0.74,1.08,0.2,0.60462,-0.18085,0.0188,0.77548,-0.68,1.07,0.1,-0.34965,-0.17946,-0.10566,0.91344,-0.69,1.11,0.14,-0.14845,-0.1768,-0.13783,0.96318,-0.7,1.12,0.18,0.40302,-0.24439,-0.05772,0.88007,-0.71,1.1,0.19,0.68918,-0.26614,0.00165,0.67394,-0.72,1.08,0.19,0.68918,-0.26614,0.00165,0.67394,-0.67,1.07,0.11,-0.26976,-0.11985,-0.33718,0.89397,-0.67,1.09,0.15,-0.26325,-0.12917,-0.24286,0.92468,-0.68,1.11,0.17,0.36581,-0.26221,-0.19399,0.87166,-0.69,1.1,0.18,0.68952,-0.35863,-0.07958,0.62419,-0.7,1.08,0.18,0.68952,-0.35863,-0.07958,0.62419,-0.81,1.08,0.19
-0.78,1.45,-0.15,-0.78,1.45,-0.15,-0.84,1.09,0.11,0.30278,-0.05612,-0.02921,-0.95096,-0.85,1.06,0.06,0.30278,-0.05612,-0.02921,-0.95096,-0.82,1.07,0.09,0.43494,-0.20227,0.54825,-0.68508,-0.79,1.08,0.11,0.21026,-0.03109,0.50869,-0.8343,-0.78,1.09,0.14,0.09801,-0.0043,0.58401,-0.8058,-0.78,1.09,0.16,0.09801,-0.0043,0.58401,-0.8058,-0.83,1.07,0.09,0.30278,-0.05612,-0.02921,-0.95096,-0.82,1.11,0.14,0.10118,-0.07927,0.03181,-0.99119,-0.81,1.11,0.17,-0.24702,-0.06824,0.03145,-0.96609,-0.81,1.1,0.19,-0.41573,-0.03539,0.03222,-0.90823,-0.81,1.09,0.21,-0.41573,-0.03539,0.03222,-0.90823,-0.84,1.07,0.09,0.30278,-0.05612,-0.02921,-0.95096,-0.84,1.11,0.14,0.12504,-0.03724,-0.03851,-0.9907,-0.84,1.12,0.18,-0.22056,-0.04946,-0.03619,-0.97345,-0.84,1.11,0.2,-0.38243,-0.0482,-0.08664,-0.91865,-0.83,1.09,0.22,-0.38243,-0.0482,-0.08664,-0.91865,-0.86,1.07,0.09,0.30278,-0.05612,-0.02921,-0.95096,-0.86,1.1,0.13,0.20649,-0.0068,-0.09911,-0.97339,-0.86,1.12,0.17,-0.1811,-0.06238,-0.12632,-0.97332,-0.86,1.11,0.19,-0.39546,-0.11555,-0.12887,-0.90203,-0.85,1.09,0.21,-0.39546,-0.11555,-0.12887,-0.90203,-0.87,1.07,0.09,0.25997,0.01591,-0.26662,-0.92794,-0.88,1.09,0.13,0.23299,0.01591,-0.17691,-0.95612,-0.88,1.1,0.16,-0.16417,-0.04837,-0.24097,-0.95532,-0.88,1.1,0.18,-0.36137,-0.14672,-0.23025,-0.89156,-0.87,1.09,0.19,-0.36137,-0.14672,-0.23025,-0.89156,-0.7,1.09,0.12,-0.34862,-0.17866,-0.10717,0.91382,-0.68,1.05,0.07,-0.34862,-0.17866,-0.10717,0.91382,-0.72,1.07,0.1,-0.43992,-0.2136,0.59384,0.6389,-0.75,1.08,0.11,-0.28707,-0.07189,0.55123,0.78011,-0.76,1.09,0.14,-0.21114,-0.05617,0.63076,0.74458,-0.77,1.09,0.16,-0.21114,-0.05617,0.63076,0.74458,-0.71,1.07,0.1,-0.34862,-0.17866,-0.10717,0.91382,-0.73,1.11,0.13,-0.01475,-0.23036,0.03392,0.9724,-0.74,1.11,0.16,0.36508,-0.20323,0.09451,0.90359,-0.75,1.1,0.18,0.4986,-0.15931,0.11723,0.84396,-0.75,1.08,0.19,0.4986,-0.15931,0.11723,0.84396,-0.69,1.07,0.1,-0.34862,-0.17866,-0.10717,0.91382,-0.71,1.12,0.14,-0.07551,-0.20674,-0.0577,0.97377,-0.72,1.12,0.17,0.36968,-0.21281,0.02814,0.90402,-0.73,1.1,0.19,0.59762,-0.18323,0.01624,0.78039,-0.74,1.08,0.2,0.59762,-0.18323,0.01624,0.78039,-0.68,1.07,0.1,-0.34862,-0.17866,-0.10717,0.91382,-0.69,1.11,0.14,-0.15519,-0.17625,-0.14031,0.96185,-0.7,1.12,0.18,0.39389,-0.24537,-0.06063,0.88372,-0.71,1.1,0.19,0.6792,-0.26857,-0.00135,0.68304,-0.72,1.08,0.19,0.6792,-0.26857,-0.00135,0.68304,-0.67,1.07,0.11,-0.26872,-0.11884,-0.3386,0.89388,-0.67,1.09,0.15,-0.26818,-0.12833,-0.24434,0.92299,-0.68,1.11,0.17,0.35797,-0.26229,-0.19631,0.87437,-0.69,1.1,0.18,0.68243,-0.3597,-0.08182,0.63104,-0.7,1.08,0.18,0.68243,-0.3597,-0.08182,0.63104,-0.81,1.08,0.19
-0.78,1.45,-0.15,-0.78,1.45,-0.15,-0.84,1.09,0.11,0.30797,-0.05835,-0.06729,-0.94722,-0.85,1.06,0.06,0.30797,-0.05835,-0.06729,-0.94722,-0.82,1.07,0.09,0.44089,-0.19483,0.53004,-0.69765,-0.79,1.08,0.1,0.21424,-0.03093,0.48766,-0.84577,-0.79,1.09,0.13,0.10202,-0.00671,0.5643,-0.81922,-0.78,1.1,0.16,0.10202,-0.00671,0.5643,-0.81922,-0.83,1.07,0.09,0.30797,-0.05835,-0.06729,-0.94722,-0.82,1.11,0.13,0.10798,-0.08562,-0.00662,-0.99044,-0.82,1.12,0.17,-0.26066,-0.0876,-0.00056,-0.96145,-0.81,1.11,0.19,-0.43043,-0.06001,0.00468,-0.90061,-0.81,1.09,0.2,-0.43043,-0.06001,0.00468,-0.90061,-0.84,1.07,0.09,0.30797,-0.05835,-0.06729,-0.94722,-0.84,1.11,0.13,0.07672,-0.05301,-0.07133,-0.99308,-0.84,1.12,0.18,-0.33893,-0.07927,-0.05599,-0.93579,-0.83,1.1,0.2,-0.52857,-0.07557,-0.10004,-0.83958,-0.83,1.08,0.21,-0.52857,-0.07557,-0.10004,-0.83958,-0.86,1.07,0.09,0.30797,-0.05835,-0.06729,-0.94722,-0.86,1.1,0.13,0.15116,-0.02357,-0.13425,-0.97907,-0.86,1.11,0.17,-0.31016,-0.1006,-0.14724,-0.93381,-0.85,1.1,0.19,-0.5473,-0.15868,-0.13975,-0.80979,-0.85,1.08,0.2,-0.5473,-0.15868,-0.13975,-0.80979,-0.87,1.07,0.09,0.25926,0.01146,-0.3034,-0.91684,-0.88,1.09,0.13,0.21847,0.00354,-0.21433,-0.95201,-0.88,1.1,0.16,-0.22865,-0.08753,-0.26773,-0.93187,-0.88,1.09,0.18,-0.45183,-0.19894,-0.24443,-0.83458,-0.86,1.08,0.19,-0.45183,-0.19894,-0.24443,-0.83458,-0.7,1.09,0.12,-0.3507,-0.18024,-0.10996,0.91238,-0.68,1.05,0.07,-0.3507,-0.18024,-0.10996,0.91238,-0.72,1.07,0.1,-0.44247,-0.21111,0.59245,0.63926,-0.75,1.08,0.11,-0.28968,-0.07007,0.54913,0.78079,-0.76,1.09,0.14,-0.2096,-0.05102,0.62871,0.74712,-0.77,1.09,0.16,-0.2096,-0.05102,0.62871,0.74712,-0.71,1.07,0.1,-0.3507,-0.18024,-0.10996,0.91238,-0.73,1.11,0.13,-0.0135,-0.23168,0.03226,0.97216,-0.74,1.11,0.16,0.36753,-0.20492,0.09379,0.90229,-0.75,1.1,0.18,0.50116,-0.16104,0.11692,0.84216,-0.76,1.08,0.19,0.50116,-0.16104,0.11692,0.84216,-0.69,1.07,0.1,-0.3507,-0.18024,-0.10996,0.91238,-0.71,1.12,0.14,-0.07281,-0.20912,-0.05897,0.97339,-0.72,1.12,0.17,0.37401,-0.2154,0.02855,0.90161,-0.73,1.1,0.19,0.60216,-0.18524,0.0175,0.77639,-0.74,1.08,0.2,0.60216,-0.18524,0.0175,0.77639,-0.68,1.07,0.1,-0.3507,-0.18024,-0.10996,0.91238,-0.69,1.11,0.14,-0.15259,-0.17918,-0.14185,0.9615,-0.7,1.12,0.18,0.39827,-0.24868,-0.05977,0.88089,-0.71,1.1,0.19,0.68351,-0.27112,0.00088,0.67773,-0.72,1.08,0.19,0.68351,-0.27112,0.00088,0.67773,-0.67,1.07,0.11,-0.27004,-0.12106,-0.34126,0.89217,-0.67,1.09,0.15,-0.26801,-0.13162,-0.24667,0.92196,-0.68,1.11,0.17,0.35781,-0.26631,-0.19606,0.87327,-0.69,1.1,0.18,0.682,-0.36321,-0.07981,0.62975,-0.7,1.08,0.18,0.682,-0.36321,-0.07981,0.62975,-0.81,1.08,0.19
-0.78,1.45,-0.15,-0.78,1.45,-0.15,-0.85,1.1,0.11,0.31023,-0.06551,-0.09075,-0.94405,-0.85,1.06,0.06,0.31023,-0.06551,-0.09075,-0.94405,-0.82,1.07,0.09,0.43724,-0.19756,0.5272,-0.70133,-0.79,1.09,0.11,0.21214,-0.0356,0.48534,-0.84745,-0.79,1.1,0.14,0.10012,-0.01174,0.5625,-0.82063,-0.78,1.1,0.16,0.10012,-0.01174,0.5625,-0.82063,-0.83,1.08,0.09,0.31023,-0.06551,-0.09075,-0.94405,-0.82,1.11,0.14,0.1042,-0.09348,-0.02926,-0.98972,-0.82,1.12,0.17,-0.26909,-0.10313,-0.01823,-0.9574,-0.81,1.11,0.19,-0.43448,-0.07831,-0.01011,-0.89721,-0.81,1.09,0.2,-0.43448,-0.07831,-0.01011,-0.89721,-0.85,1.08,0.09,0.31023,-0.06551,-0.09075,-0.94405,-0.84,1.12,0.14,0.06344,-0.06813,-0.09069,-0.99152,-0.84,1.12,0.18,-0.39002,-0.1036,-0.06311,-0.91278,-0.83,1.1,0.2,-0.60376,-0.09892,-0.10022,-0.78463,-0.83,1.08,0.2,-0.60376,-0.09892,-0.10022,-0.78463,-0.86,1.07,0.09,0.31023,-0.06551,-0.09075,-0.94405,-0.86,1.11,0.14,0.1316,-0.039,-0.1547,-0.97838,-0.86,1.12,0.17,-0.36292,-0.12853,-0.15459,-0.90987,-0.85,1.1,0.19,-0.61749,-0.18897,-0.13618,-0.7513,-0.84,1.08,0.2,-0.61749,-0.18897,-0.13618,-0.7513,-0.87,1.07,0.1,0.25673,0.00319,-0.32564,-0.90997,-0.88,1.09,0.13,0.19043,-0.01702,-0.23644,-0.95265,-0.88,1.1,0.16,-0.27937,-0.12032,-0.27598,-0.91176,-0.87,1.09,0.18,-0.51855,-0.23829,-0.2404,-0.7852,-0.86,1.08,0.19,-0.51855,-0.23829,-0.2404,-0.7852,-0.7,1.09,0.12,-0.36543,-0.17947,-0.11512,0.90609,-0.68,1.05,0.07,-0.36543,-0.17947,-0.11512,0.90609,-0.72,1.07,0.1,-0.44956,-0.19521,0.59415,0.63779,-0.75,1.08,0.11,-0.29819,-0.05489,0.54683,0.78041,-0.76,1.09,0.14,-0.21263,-0.03188,0.62564,0.74989,-0.77,1.1,0.16,-0.21263,-0.03188,0.62564,0.74989,-0.71,1.07,0.09,-0.36543,-0.17947,-0.11512,0.90609,-0.73,1.12,0.13,-0.01972,-0.22963,0.02864,0.97266,-0.74,1.12,0.16,0.36578,-0.2042,0.09055,0.9035,-0.75,1.1,0.18,0.49889,-0.16091,0.11338,0.84401,-0.75,1.08,0.19,0.49889,-0.16091,0.11338,0.84401,-0.69,1.07,0.1,-0.36543,-0.17947,-0.11512,0.90609,-0.71,1.12,0.13,-0.07024,-0.21038,-0.06053,0.97321,-0.72,1.12,0.17,0.38484,-0.2169,0.02979,0.89664,-0.73,1.11,0.19,0.61505,-0.18525,0.01979,0.76616,-0.74,1.08,0.19,0.61505,-0.18525,0.01979,0.76616,-0.68,1.07,0.1,-0.36543,-0.17947,-0.11512,0.90609,-0.69,1.11,0.14,-0.148,-0.18325,-0.14351,0.96121,-0.7,1.12,0.17,0.41158,-0.25333,-0.05651,0.87363,-0.71,1.1,0.19,0.69777,-0.27349,0.00667,0.66202,-0.72,1.08,0.19,0.69777,-0.27349,0.00667,0.66202,-0.67,1.07,0.11,-0.28384,-0.12433,-0.34703,0.88518,-0.67,1.09,0.14,-0.26916,-0.13851,-0.25082,0.91949,-0.68,1.11,0.17,0.36063,-0.27532,-0.19378,0.86983,-0.69,1.1,0.18,0.68497,-0.37038,-0.07314,0.62313,-0.7,1.08,0.18,0.68497,-0.37038,-0.07314,0.62313,-0.81,1.08,0.19
-0.78,1.45,-0.15,-0.78,1.45,-0.15,-0.84,1.1,0.11,0.29363,-0.07288,-0.09778,-0.94811,-0.85,1.06,0.06,0.29363,-0.07288,-0.09778,-0.94811,-0.82,1.07,0.09,0.4244,-0.21832,0.52427,-0.70524,-0.79,1.09,0.11,0.19739,-0.05524,0.48894,-0.84789,-0.78,1.1,0.14,0.09059,-0.03457,0.56753,-0.81762,-0.78,1.1,0.16,0.09059,-0.03457,0.56753,-0.81762,-0.83,1.08,0.09,0.29363,-0.07288,-0.09778,-0.94811,-0.82,1.11,0.14,0.06998,-0.10758,-0.03019,-0.99127,-0.81,1.12,0.17,-0.27443,-0.11523,-0.01743,-0.95452,-0.81,1.11,0.19,-0.4241,-0.08976,-0.0089,-0.90111,-0.8,1.09,0.21,-0.4241,-0.08976,-0.0089,-0.90111,-0.84,1.08,0.09,0.29363,-0.07288,-0.09778,-0.94811,-0.84,1.11,0.14,0.10101,-0.06718,-0.10175,-0.98739,-0.84,1.12,0.18,-0.34933,-0.1078,-0.07392,-0.92784,-0.83,1.11,0.2,-0.56796,-0.10841,-0.11027,-0.8084,-0.82,1.08,0.21,-0.56796,-0.10841,-0.11027,-0.8084,-0.86,1.08,0.09,0.29363,-0.07288,-0.09778,-0.94811,-0.86,1.1,0.14,0.17201,-0.03255,-0.164,-0.9708,-0.86,1.12,0.17,-0.32084,-0.12856,-0.1653,-0.92369,-0.85,1.1,0.19,-0.57956,-0.19319,-0.14569,-0.77818,-0.84,1.08,0.2,-0.57956,-0.19319,-0.14569,-0.77818,-0.87,1.07,0.1,0.23807,-8e-05,-0.33082,-0.91317,-0.88,1.09,0.14,0.19605,-0.01471,-0.24113,-0.95037,-0.88,1.1,0.16,-0.25932,-0.11683,-0.28231,-0.91619,-0.87,1.09,0.18,-0.49353,-0.23506,-0.2482,-0.79973,-0.86,1.08,0.19,-0.49353,-0.23506,-0.2482,-0.79973,-0.7,1.1,0.11,-0.39199,-0.17606,-0.11893,0.8951,-0.68,1.05,0.07,-0.39199,-0.17606,-0.11893,0.8951,-0.72,1.07,0.09,-0.46314,-0.16903,0.59725,0.63263,-0.74,1.08,0.11,-0.31214,-0.02823,0.54373,0.77854,-0.76,1.1,0.14,-0.22218,-0.00247,0.62099,0.75167,-0.76,1.1,0.16,-0.22218,-0.00247,0.62099,0.75167,-0.71,1.07,0.09,-0.39199,-0.17606,-0.11893,0.8951,-0.72,1.12,0.13,-0.02177,-0.22337,0.02975,0.97404,-0.74,1.12,0.16,0.38215,-0.19627,0.09306,0.89821,-0.75,1.1,0.17,0.51452,-0.15249,0.11522,0.83591,-0.75,1.08,0.18,0.51452,-0.15249,0.11522,0.83591,-0.69,1.07,0.1,-0.39199,-0.17606,-0.11893,0.8951,-0.7,1.12,0.13,-0.06208,-0.20988,-0.05772,0.97405,-0.72,1.13,0.17,0.41869,-0.21401,0.03831,0.88172,-0.73,1.11,0.18,0.65929,-0.17594,0.03008,0.73039,-0.74,1.08,0.19,0.65929,-0.17594,0.03008,0.73039,-0.68,1.07,0.1,-0.39199,-0.17606,-0.11893,0.8951,-0.69,1.11,0.14,-0.1399,-0.18805,-0.14117,0.96184,-0.7,1.12,0.17,0.44451,-0.25686,-0.04509,0.85697,-0.71,1.1,0.18,0.73615,-0.27003,0.02248,0.62021,-0.72,1.08,0.18,0.73615,-0.27003,0.02248,0.62021,-0.67,1.07,0.11,-0.30993,-0.12815,-0.35224,0.87376,-0.67,1.1,0.14,-0.27134,-0.14758,-0.25316,0.91679,-0.68,1.12,0.17,0.37717,-0.28784,-0.18453,0.86072,-0.69,1.1,0.18,0.70426,-0.37776,-0.05582,0.5985,-0.7,1.09,0.17,0.70426,-0.37776,-0.05582,0.5985,-0.81,1.08,0.19
-0.79,1.45,-0.15,-0.79,1.45,-0.15,-0.84,1.09,0.12,0.26833,-0.07754,-0.08535,-0.9564,-0.85,1.06,0.06,0.26833,-0.07754,-0.08535,-0.9564,-0.82,1.07,0.09,0.41321,-0.24248,0.51924,-0.7077,-0.79,1.08,0.11,0.18468,-0.07918,0.49152,-0.84737,-0.78,1.09,0.14,0.0885,-0.06499,0.57182,-0.813,-0.78,1.09,0.16,0.0885,-0.06499,0.57182,-0.813,-0.83,1.08,0.09,0.26833,-0.07754,-0.08535,-0.9564,-0.82,1.11,0.14,0.03685,-0.12409,-0.00954,-0.99154,-0.81,1.11,0.17,-0.27581,-0.12301,0.00352,-0.9533,-0.8,1.1,0.19,-0.41782,-0.09417,0.01217,-0.90356,-0.8,1.08,0.21,-0.41782,-0.09417,0.01217,-0.90356,-0.84,1.08,0.09,0.26833,-0.07754,-0.08535,-0.9564,-0.84,1.11,0.14,0.1472,-0.05701,-0.09513,-0.98287,-0.84,1.12,0.18,-0.2911,-0.09521,-0.07386,-0.94907,-0.83,1.11,0.2,-0.51199,-0.09996,-0.11415,-0.84548,-0.82,1.09,0.21,-0.51199,-0.09996,-0.11415,-0.84548,-0.86,1.07,0.09,0.26833,-0.07754,-0.08535,-0.9564,-0.86,1.1,0.14,0.2174,-0.01745,-0.1539,-0.96372,-0.86,1.12,0.17,-0.27171,-0.11133,-0.16344,-0.94184,-0.85,1.11,0.2,-0.5334,-0.17706,-0.14858,-0.81367,-0.84,1.09,0.21,-0.5334,-0.17706,-0.14858,-0.81367,-0.87,1.07,0.1,0.21421,0.00205,-0.31687,-0.92396,-0.88,1.09,0.14,0.21343,0.00011,-0.22605,-0.95045,-0.88,1.1,0.16,-0.21979,-0.09167,-0.27721,-0.93083,-0.87,1.09,0.18,-0.45156,-0.20781,-0.25027,-0.83083,-0.86,1.08,0.19,-0.45156,-0.20781,-0.25027,-0.83083,-0.7,1.1,0.11,-0.42479,-0.16968,-0.11206,0.88216,-0.68,1.05,0.07,-0.42479,-0.16968,-0.11206,0.88216,-0.72,1.07,0.09,-0.47658,-0.13896,0.6077,0.61989,-0.74,1.08,0.11,-0.32392,0.00693,0.54751,0.77153,-0.75,1.1,0.14,-0.22407,0.03996,0.62109,0.74996,-0.76,1.11,0.16,-0.22407,0.03996,0.62109,0.74996,-0.71,1.08,0.09,-0.42479,-0.16968,-0.11206,0.88216,-0.72,1.12,0.12,-0.0261,-0.20993,0.04031,0.97654,-0.74,1.12,0.16,0.40732,-0.17667,0.1029,0.89011,-0.74,1.11,0.17,0.54142,-0.13088,0.1234,0.82128,-0.75,1.09,0.18,0.54142,-0.13088,0.1234,0.82128,-0.69,1.07,0.1,-0.42479,-0.16968,-0.11206,0.88216,-0.7,1.12,0.13,-0.06521,-0.20232,-0.04754,0.97599,-0.72,1.13,0.16,0.45106,-0.20064,0.05135,0.86813,-0.73,1.11,0.18,0.70928,-0.15357,0.04234,0.68669,-0.73,1.09,0.18,0.70928,-0.15357,0.04234,0.68669,-0.68,1.08,0.1,-0.42479,-0.16968,-0.11206,0.88216,-0.68,1.12,0.13,-0.14376,-0.18649,-0.13072,0.96305,-0.7,1.13,0.17,0.47342,-0.25059,-0.02902,0.84394,-0.71,1.11,0.18,0.77615,-0.2544,0.04066,0.57551,-0.71,1.09,0.17,0.77615,-0.2544,0.04066,0.57551,-0.67,1.07,0.11,-0.34421,-0.13045,-0.34762,0.86236,-0.67,1.1,0.14,-0.28215,-0.15236,-0.24601,0.91469,-0.67,1.12,0.16,0.39558,-0.29293,-0.16791,0.85412,-0.69,1.11,0.17,0.73195,-0.37493,-0.03168,0.56804,-0.7,1.09,0.17,0.73195,-0.37493,-0.03168,0.56804,-0.81,1.08,0.19
-0.79,1.45,-0.15,-0.79,1.45,-0.15,-0.84,1.09,0.12,0.24746,-0.08227,-0.08813,-0.96137,-0.85,1.06,0.06,0.24746,-0.08227,-0.08813,-0.96137,-0.82,1.07,0.09,0.41865,-0.25518,0.49289,-0.7188,-0.79,1.08,0.1,0.1872,-0.10062,0.46861,-0.85746,-0.78,1.09,0.13,0.10195,-0.09445,0.55171,-0.82238,-0.77,1.09,0.16,0.10195,-0.09445,0.55171,-0.82238,-0.83,1.08,0.09,0.24746,-0.08227,-0.08813,-0.96137,-0.82,1.11,0.14,0.00797,-0.147,-0.00226,-0.9891,-0.81,1.11,0.17,-0.27374,-0.14222,0.01311,-0.95114,-0.8,1.1,0.19,-0.41086,-0.11187,0.02385,-0.90449,-0.8,1.08,0.21,-0.41086,-0.11187,0.02385,-0.90449,-0.84,1.08,0.09,0.24746,-0.08227,-0.08813,-0.96137,-0.84,1.11,0.14,0.16757,-0.05417,-0.1004,-0.97924,-0.84,1.12,0.18,-0.25983,-0.09424,-0.08086,-0.95764,-0.83,1.11,0.2,-0.48138,-0.10262,-0.12146,-0.86197,-0.82,1.09,0.22,-0.48138,-0.10262,-0.12146,-0.86197,-0.86,1.07,0.09,0.24746,-0.08227,-0.08813,-0.96137,-0.86,1.1,0.14,0.25388,-0.00929,-0.1569,-0.95438,-0.86,1.12,0.17,-0.2341,-0.10687,-0.16919,-0.95139,-0.85,1.11,0.2,-0.49882,-0.1753,-0.15461,-0.83459,-0.84,1.09,0.21,-0.49882,-0.1753,-0.15461,-0.83459,-0.87,1.07,0.1,0.19255,0.00243,-0.31758,-0.92847,-0.87,1.09,0.14,0.23278,0.00888,-0.22472,-0.94617,-0.88,1.1,0.16,-0.19161,-0.08231,-0.28024,-0.937,-0.87,1.09,0.18,-0.43099,-0.20126,-0.25345,-0.84232,-0.86,1.08,0.2,-0.43099,-0.20126,-0.25345,-0.84232,-0.7,1.1,0.11,-0.45916,-0.16048,-0.09956,0.86805,-0.68,1.05,0.07,-0.45916,-0.16048,-0.09956,0.86805,-0.72,1.07,0.09,-0.47283,-0.11596,0.63426,0.60058,-0.74,1.09,0.11,-0.3035,0.05425,0.56941,0.76205,-0.75,1.1,0.14,-0.17139,0.11146,0.6306,0.7487,-0.75,1.11,0.16,-0.17139,0.11146,0.6306,0.7487,-0.71,1.08,0.09,-0.45916,-0.16048,-0.09956,0.86805,-0.72,1.13,0.12,-0.01309,-0.1884,0.05587,0.98041,-0.74,1.13,0.15,0.4825,-0.14223,0.11793,0.85619,-0.74,1.11,0.16,0.63162,-0.09045,0.13835,0.75745,-0.74,1.09,0.17,0.63162,-0.09045,0.13835,0.75745,-0.69,1.08,0.09,-0.45916,-0.16048,-0.09956,0.86805,-0.7,1.13,0.12,-0.05744,-0.18753,-0.03446,0.97997,-0.72,1.13,0.16,0.52859,-0.17599,0.06922,0.82754,-0.72,1.11,0.17,0.81666,-0.10814,0.05801,0.56393,-0.72,1.09,0.16,0.81666,-0.10814,0.05801,0.56393,-0.67,1.08,0.1,-0.45916,-0.16048,-0.09956,0.86805,-0.68,1.12,0.13,-0.14917,-0.17855,-0.1176,0.96542,-0.69,1.13,0.16,0.52939,-0.23693,-0.00803,0.81458,-0.7,1.11,0.17,0.85232,-0.22262,0.06683,0.46853,-0.71,1.09,0.16,0.85232,-0.22262,0.06683,0.46853,-0.67,1.07,0.1,-0.38139,-0.13041,-0.3376,0.85062,-0.67,1.11,0.13,-0.30233,-0.14501,-0.23836,0.91146,-0.67,1.13,0.16,0.43602,-0.29364,-0.14981,0.83739,-0.68,1.11,0.17,0.80096,-0.36428,0.00909,0.47505,-0.69,1.1,0.16,0.80096,-0.36428,0.00909,0.47505,-0.81,1.08,0.19
-0.79,1.45,-0.15,-0.79,1.45,-0.15,-0.84,1.09,0.11,0.26418,-0.07198,-0.11481,-0.9549,-0.85,1.06,0.06,0.26418,-0.07198,-0.11481,-0.9549,-0.82,1.08,0.09,0.44016,-0.22488,0.47014,-0.7312,-0.79,1.09,0.1,0.21027,-0.08219,0.43536,-0.87149,-0.78,1.1,0.13,0.12561,-0.07857,0.51963,-0.84145,-0.78,1.1,0.16,0.12561,-0.07857,0.51963,-0.84145,-0.83,1.08,0.09,0.26418,-0.07198,-0.11481,-0.9549,-0.82,1.11,0.14,0.01497,-0.14547,-0.02638,-0.9889,-0.81,1.11,0.17,-0.27594,-0.1478,-0.00903,-0.9497,-0.8,1.1,0.19,-0.41569,-0.12062,0.00318,-0.90147,-0.8,1.08,0.21,-0.41569,-0.12062,0.00318,-0.90147,-0.84,1.08,0.09,0.26418,-0.07198,-0.11481,-0.9549,-0.84,1.11,0.14,0.17063,-0.0493,-0.12727,-0.97584,-0.84,1.13,0.18,-0.25813,-0.10143,-0.10697,-0.9548,-0.83,1.11,0.2,-0.48347,-0.11626,-0.14475,-0.85545,-0.83,1.09,0.21,-0.48347,-0.11626,-0.14475,-0.85545,-0.86,1.07,0.09,0.26418,-0.07198,-0.11481,-0.9549,-0.86,1.1,0.14,0.25303,-0.00452,-0.18388,-0.94981,-0.86,1.12,0.17,-0.24583,-0.1183,-0.19354,-0.9424,-0.86,1.11,0.19,-0.51698,-0.19449,-0.17314,-0.81543,-0.84,1.09,0.21,-0.51698,-0.19449,-0.17314,-0.81543,-0.87,1.07,0.1,0.20724,0.00753,-0.3446,-0.91556,-0.88,1.09,0.14,0.24313,0.01293,-0.25215,-0.93656,-0.88,1.1,0.16,-0.20151,-0.09846,-0.30497,-0.92558,-0.88,1.09,0.18,-0.46471,-0.23169,-0.26663,-0.81195,-0.86,1.08,0.19,-0.46471,-0.23169,-0.26663,-0.81195,-0.69,1.1,0.11,-0.48271,-0.12488,-0.08818,0.86233,-0.68,1.05,0.07,-0.48271,-0.12488,-0.08818,0.86233,-0.72,1.07,0.1,-0.44157,-0.09539,0.66389,0.59596,-0.74,1.09,0.11,-0.26023,0.0987,0.59282,0.75571,-0.74,1.1,0.14,-0.09322,0.18264,0.63545,0.74442,-0.74,1.11,0.16,-0.09322,0.18264,0.63545,0.74442,-0.71,1.08,0.09,-0.48271,-0.12488,-0.08818,0.86233,-0.72,1.13,0.12,-0.0384,-0.14856,0.04646,0.98706,-0.73,1.13,0.15,0.48642,-0.11062,0.09301,0.86169,-0.73,1.11,0.16,0.66363,-0.06033,0.11085,0.73734,-0.73,1.09,0.17,0.66363,-0.06033,0.11085,0.73734,-0.69,1.08,0.09,-0.48271,-0.12488,-0.08818,0.86233,-0.7,1.13,0.12,-0.0689,-0.14855,-0.04019,0.98568,-0.71,1.14,0.16,0.54156,-0.14684,0.04515,0.82651,-0.71,1.11,0.17,0.84804,-0.08503,0.02604,0.52242,-0.71,1.09,0.16,0.84804,-0.08503,0.02604,0.52242,-0.67,1.08,0.1,-0.48271,-0.12488,-0.08818,0.86233,-0.68,1.12,0.12,-0.17112,-0.13953,-0.12176,0.96769,-0.69,1.14,0.16,0.53979,-0.21205,-0.03019,0.8141,-0.7,1.11,0.17,0.88003,-0.20601,0.04297,0.42575,-0.7,1.09,0.15,0.88003,-0.20601,0.04297,0.42575,-0.67,1.08,0.1,-0.41326,-0.10142,-0.32935,0.84288,-0.66,1.11,0.13,-0.33542,-0.10507,-0.2375,0.90557,-0.66,1.13,0.15,0.41896,-0.27021,-0.17293,0.84945,-0.67,1.12,0.16,0.81017,-0.35603,-0.00971,0.46558,-0.68,1.1,0.15,0.81017,-0.35603,-0.00971,0.46558,-0.81,1.08,0.19
-0.79,1.45,-0.15,-0.79,1.45,-0.15,-0.85,1.1,0.11,0.3077,-0.06277,-0.17073,-0.93393,-0.85,1.06,0.06,0.3077,-0.06277,-0.17073,-0.93393,-0.82,1.08,0.09,0.48028,-0.17636,0.43714,-0.73969,-0.8,1.1,0.1,0.2509,-0.04943,0.38718,-0.88583,-0.79,1.11,0.13,0.16307,-0.04631,0.47262,-0.86481,-0.78,1.12,0.15,0.16307,-0.04631,0.47262,-0.86481,-0.83,1.08,0.09,0.3077,-0.06277,-0.17073,-0.93393,-0.83,1.12,0.13,0.04264,-0.14897,-0.07712,-0.98491,-0.82,1.12,0.17,-0.28043,-0.1684,-0.05071,-0.94362,-0.81,1.11,0.19,-0.42677,-0.1475,-0.03361,-0.89162,-0.8,1.1,0.2,-0.42677,-0.1475,-0.03361,-0.89162,-0.85,1.08,0.09,0.3077,-0.06277,-0.17073,-0.93393,-0.85,1.12,0.13,0.19075,-0.05386,-0.18267,-0.96299,-0.85,1.13,0.17,-0.24733,-0.13129,-0.15334,-0.94767,-0.84,1.12,0.2,-0.48075,-0.15814,-0.18128,-0.84321,-0.83,1.1,0.21,-0.48075,-0.15814,-0.18128,-0.84321,-0.87,1.08,0.09,0.3077,-0.06277,-0.17073,-0.93393,-0.87,1.11,0.14,0.27217,-0.00867,-0.24071,-0.93161,-0.87,1.13,0.17,-0.2372,-0.15485,-0.23738,-0.9292,-0.86,1.12,0.19,-0.51496,-0.24454,-0.20085,-0.79667,-0.85,1.1,0.2,-0.51496,-0.24454,-0.20085,-0.79667,-0.87,1.07,0.1,0.2438,0.00347,-0.40067,-0.88318,-0.88,1.09,0.13,0.26915,0.00408,-0.30945,-0.91202,-0.89,1.1,0.16,-0.19909,-0.14529,-0.34777,-0.90461,-0.88,1.1,0.18,-0.47129,-0.29435,-0.28704,-0.78029,-0.86,1.09,0.19,-0.47129,-0.29435,-0.28704,-0.78029,-0.69,1.1,0.11,-0.49502,-0.10023,-0.08884,0.8585,-0.68,1.05,0.07,-0.49502,-0.10023,-0.08884,0.8585,-0.72,1.07,0.1,-0.42204,-0.08387,0.67494,0.59942,-0.74,1.09,0.12,-0.23201,0.12275,0.59952,0.7561,-0.74,1.1,0.14,-0.04342,0.22242,0.62913,0.74353,-0.73,1.11,0.17,-0.04342,0.22242,0.62913,0.74353,-0.7,1.08,0.09,-0.49502,-0.10023,-0.08884,0.8585,-0.71,1.13,0.12,-0.0505,-0.12485,0.03246,0.99036,-0.72,1.13,0.15,0.49105,-0.09693,0.07029,0.86286,-0.73,1.11,0.16,0.68389,-0.05036,0.08716,0.72261,-0.72,1.09,0.17,0.68389,-0.05036,0.08716,0.72261,-0.69,1.08,0.09,-0.49502,-0.10023,-0.08884,0.8585,-0.69,1.13,0.12,-0.06935,-0.12584,-0.05163,0.98828,-0.7,1.14,0.16,0.55071,-0.13541,0.02363,0.8233,-0.71,1.11,0.17,0.86214,-0.08148,0.00243,0.50008,-0.71,1.09,0.16,0.86214,-0.08148,0.00243,0.50008,-0.67,1.08,0.1,-0.49502,-0.10023,-0.08884,0.8585,-0.67,1.12,0.12,-0.17512,-0.11617,-0.13181,0.96874,-0.68,1.14,0.16,0.54539,-0.20253,-0.05143,0.81171,-0.69,1.11,0.16,0.88967,-0.20681,0.02256,0.40646,-0.69,1.1,0.15,0.88967,-0.20681,0.02256,0.40646,-0.67,1.07,0.1,-0.43026,-0.08066,-0.33138,0.8358,-0.66,1.11,0.13,-0.34973,-0.08036,-0.24391,0.90097,-0.66,1.13,0.15,0.40929,-0.25996,-0.1931,0.853,-0.67,1.12,0.16,0.80918,-0.35867,-0.02768,0.46455,-0.68,1.1,0.15,0.80918,-0.35867,-0.02768,0.46455,-0.81,1.08,0.19
-0.79,1.45,-0.15,-0.79,1.45,-0.15,-0.86,1.1,0.11,0.37225,-0.04504,-0.2141,-0.90198,-0.86,1.06,0.06,0.37225,-0.04504,-0.2141,-0.90198,-0.83,1.08,0.08,0.5058,-0.11474,0.43924,-0.73353,-0.81,1.11,0.1,0.27785,0.00946,0.37116,-0.88597,-0.8,1.12,0.13,0.17586,0.01809,0.45256,-0.87403,-0.8,1.13,0.15,0.17586,0.01809,0.45256,-0.87403,-0.84,1.09,0.09,0.37225,-0.04504,-0.2141,-0.90198,-0.84,1.13,0.13,0.10665,-0.13244,-0.12566,-0.97739,-0.83,1.14,0.16,-0.25763,-0.17426,-0.09422,-0.94572,-0.82,1.13,0.18,-0.4161,-0.16133,-0.07415,-0.89182,-0.81,1.11,0.19,-0.4161,-0.16133,-0.07415,-0.89182,-0.85,1.08,0.09,0.37225,-0.04504,-0.2141,-0.90198,-0.86,1.12,0.13,0.22933,-0.055,-0.22541,-0.94529,-0.86,1.14,0.16,-0.21448,-0.15331,-0.18955,-0.94582,-0.85,1.13,0.19,-0.44582,-0.18981,-0.21084,-0.84898,-0.84,1.12,0.2,-0.44582,-0.18981,-0.21084,-0.84898,-0.87,1.07,0.09,0.37225,-0.04504,-0.2141,-0.90198,-0.88,1.11,0.13,0.29567,-0.01667,-0.28453,-0.91178,-0.88,1.13,0.16,-0.2017,-0.18332,-0.27067,-0.92328,-0.87,1.12,0.18,-0.47072,-0.28069,-0.22447,-0.80576,-0.85,1.11,0.19,-0.47072,-0.28069,-0.22447,-0.80576,-0.88,1.07,0.09,0.30446,0.00199,-0.44542,-0.84196,-0.89,1.09,0.13,0.29573,-0.01458,-0.3546,-0.8869,-0.89,1.11,0.16,-0.15296,-0.18002,-0.37932,-0.8946,-0.88,1.11,0.17,-0.39677,-0.32759,-0.31277,-0.7984,-0.87,1.1,0.18,-0.39677,-0.32759,-0.31277,-0.7984,-0.69,1.1,0.1,-0.49325,-0.11096,-0.09265,0.85779,-0.68,1.05,0.07,-0.49325,-0.11096,-0.09265,0.85779,-0.72,1.07,0.09,-0.42912,-0.09713,0.67178,0.59594,-0.74,1.09,0.11,-0.23754,0.10938,0.60059,0.75558,-0.74,1.1,0.14,-0.04684,0.21267,0.63184,0.74388,-0.74,1.11,0.16,-0.04684,0.21267,0.63184,0.74388,-0.71,1.08,0.09,-0.49325,-0.11096,-0.09265,0.85779,-0.72,1.13,0.11,-0.04866,-0.13479,0.03223,0.98915,-0.73,1.13,0.15,0.51016,-0.1038,0.07767,0.85025,-0.73,1.11,0.16,0.7112,-0.0538,0.09777,0.69408,-0.73,1.09,0.16,0.7112,-0.0538,0.09777,0.69408,-0.69,1.08,0.09,-0.49325,-0.11096,-0.09265,0.85779,-0.69,1.13,0.12,-0.05094,-0.13752,-0.04854,0.988,-0.71,1.14,0.16,0.57235,-0.14222,0.03439,0.80685,-0.71,1.11,0.16,0.87813,-0.08025,0.01618,0.47137,-0.71,1.09,0.15,0.87813,-0.08025,0.01618,0.47137,-0.67,1.08,0.09,-0.49325,-0.11096,-0.09265,0.85779,-0.68,1.12,0.12,-0.15358,-0.12858,-0.13053,0.971,-0.68,1.13,0.16,0.56545,-0.20984,-0.04189,0.79654,-0.69,1.11,0.16,0.90094,-0.20678,0.03503,0.37989,-0.7,1.09,0.15,0.90094,-0.20678,0.03503,0.37989,-0.67,1.07,0.1,-0.42581,-0.09085,-0.33447,0.8358,-0.66,1.11,0.13,-0.33267,-0.0946,-0.2455,0.9056,-0.66,1.13,0.15,0.42937,-0.27014,-0.18341,0.84204,-0.67,1.12,0.16,0.82043,-0.36122,-0.01445,0.44295,-0.68,1.1,0.15,0.82043,-0.36122,-0.01445,0.44295,-0.81,1.08,0.19
-0.79,1.45,-0.15,-0.79,1.45,-0.15,-0.86,1.1,0.11,0.39797,-0.04115,-0.20108,-0.89415,-0.86,1.06,0.06,0.39797,-0.04115,-0.20108,-0.89415,-0.83,1.08,0.09,0.4968,-0.10214,0.47596,-0.71849,-0.81,1.1,0.1,0.26443,0.03793,0.40438,-0.87471,-0.8,1.12,0.13,0.14316,0.05774,0.47895,-0.86416,-0.8,1.13,0.15,0.14316,0.05774,0.47895,-0.86416,-0.84,1.08,0.08,0.39797,-0.04115,-0.20108,-0.89415,-0.84,1.13,0.12,0.1276,-0.11113,-0.12283,-0.9779,-0.84,1.14,0.16,-0.2816,-0.15837,-0.09194,-0.9419,-0.83,1.13,0.18,-0.45002,-0.14602,-0.07182,-0.87807,-0.82,1.11,0.19,-0.45002,-0.14602,-0.07182,-0.87807,-0.85,1.08,0.09,0.39797,-0.04115,-0.20108,-0.89415,-0.86,1.12,0.12,0.20634,-0.06729,-0.20653,-0.95406,-0.86,1.14,0.16,-0.254,-0.15826,-0.16487,-0.93982,-0.85,1.13,0.18,-0.47577,-0.18472,-0.18666,-0.83945,-0.84,1.11,0.2,-0.47577,-0.18472,-0.18666,-0.83945,-0.87,1.07,0.09,0.39797,-0.04115,-0.20108,-0.89415,-0.88,1.11,0.13,0.26209,-0.03873,-0.26765,-0.92638,-0.88,1.13,0.16,-0.23289,-0.19099,-0.24724,-0.92095,-0.87,1.12,0.18,-0.48523,-0.27707,-0.20475,-0.80366,-0.85,1.11,0.19,-0.48523,-0.27707,-0.20475,-0.80366,-0.88,1.07,0.09,0.33214,-0.00042,-0.43487,-0.837,-0.89,1.09,0.13,0.28818,-0.0378,-0.34052,-0.89419,-0.89,1.11,0.15,-0.15069,-0.1881,-0.35888,-0.90173,-0.89,1.11,0.17,-0.3665,-0.31897,-0.30156,-0.82036,-0.87,1.1,0.18,-0.3665,-0.31897,-0.30156,-0.82036,-0.69,1.1,0.1,-0.48547,-0.11809,-0.09676,0.86082,-0.68,1.05,0.07,-0.48547,-0.11809,-0.09676,0.86082,-0.72,1.07,0.09,-0.43193,-0.11057,0.66684,0.5971,-0.74,1.08,0.11,-0.23984,0.09393,0.60002,0.75739,-0.75,1.1,0.14,-0.05038,0.19716,0.63477,0.74542,-0.74,1.11,0.16,-0.05038,0.19716,0.63477,0.74542,-0.71,1.08,0.09,-0.48547,-0.11809,-0.09676,0.86082,-0.72,1.13,0.11,-0.04284,-0.14192,0.02914,0.98852,-0.73,1.13,0.15,0.5207,-0.11075,0.0798,0.84276,-0.73,1.11,0.16,0.72518,-0.05923,0.10257,0.67829,-0.73,1.09,0.16,0.72518,-0.05923,0.10257,0.67829,-0.69,1.08,0.09,-0.48547,-0.11809,-0.09676,0.86082,-0.7,1.13,0.12,-0.02819,-0.14569,-0.04761,0.98778,-0.71,1.13,0.16,0.59494,-0.14752,0.04096,0.78906,-0.71,1.11,0.16,0.89396,-0.07921,0.02566,0.44035,-0.71,1.09,0.15,0.89396,-0.07921,0.02566,0.44035,-0.68,1.08,0.09,-0.48547,-0.11809,-0.09676,0.86082,-0.68,1.12,0.12,-0.12415,-0.13766,-0.12982,0.97406,-0.69,1.13,0.16,0.59269,-0.21481,-0.03493,0.77547,-0.7,1.11,0.16,0.91598,-0.20532,0.04458,0.34181,-0.7,1.09,0.15,0.91598,-0.20532,0.04458,0.34181,-0.67,1.07,0.1,-0.41617,-0.09579,-0.33786,0.83874,-0.66,1.11,0.13,-0.30665,-0.10567,-0.24686,0.91316,-0.67,1.13,0.15,0.45576,-0.27678,-0.17648,0.82737,-0.68,1.11,0.16,0.83531,-0.36219,-0.00521,0.41358,-0.68,1.1,0.15,0.83531,-0.36219,-0.00521,0.41358,-0.81,1.08,0.19
-0.79,1.45,-0.15,-0.79,1.45,-0.15,-0.86,1.1,0.11,0.38125,-0.04429,-0.15625,-0.91009,-0.86,1.05,0.06,0.38125,-0.04429,-0.15625,-0.91009,-0.83,1.08,0.09,0.46387,-0.12404,0.5197,-0.70665,-0.81,1.09,0.1,0.23353,0.03442,0.45494,-0.85867,-0.8,1.11,0.13,0.10101,0.06491,0.52478,-0.84273,-0.8,1.11,0.16,0.10101,0.06491,0.52478,-0.84273,-0.84,1.08,0.09,0.38125,-0.04429,-0.15625,-0.91009,-0.84,1.12,0.13,0.10524,-0.0894,-0.08878,-0.98643,-0.83,1.13,0.16,-0.33201,-0.12616,-0.06627,-0.93245,-0.83,1.12,0.18,-0.50684,-0.10983,-0.04952,-0.85358,-0.82,1.1,0.19,-0.50684,-0.10983,-0.04952,-0.85358,-0.85,1.07,0.09,0.38125,-0.04429,-0.15625,-0.91009,-0.86,1.12,0.13,0.15862,-0.06823,-0.15813,-0.9722,-0.86,1.13,0.17,-0.30847,-0.13681,-0.12118,-0.93351,-0.85,1.12,0.19,-0.51978,-0.14928,-0.14997,-0.82768,-0.84,1.1,0.2,-0.51978,-0.14928,-0.14997,-0.82768,-0.87,1.07,0.09,0.38125,-0.04429,-0.15625,-0.91009,-0.88,1.11,0.13,0.2096,-0.04643,-0.21901,-0.95181,-0.88,1.12,0.16,-0.2806,-0.16913,-0.20494,-0.92231,-0.86,1.11,0.18,-0.52537,-0.24201,-0.17354,-0.79706,-0.85,1.09,0.19,-0.52537,-0.24201,-0.17354,-0.79706,-0.88,1.07,0.09,0.3213,0.00305,-0.39237,-0.86186,-0.89,1.09,0.13,0.24936,-0.04816,-0.29416,-0.9214,-0.89,1.11,0.16,-0.19392,-0.17218,-0.31459,-0.91312,-0.88,1.1,0.17,-0.40769,-0.29087,-0.26683,-0.8234,-0.87,1.09,0.18,-0.40769,-0.29087,-0.26683,-0.8234,-0.7,1.1,0.11,-0.46726,-0.13174,-0.10322,0.86814,-0.69,1.05,0.07,-0.46726,-0.13174,-0.10322,0.86814,-0.72,1.07,0.09,-0.43385,-0.13652,0.65807,0.60007,-0.74,1.08,0.11,-0.25091,0.05644,0.59968,0.75779,-0.75,1.1,0.14,-0.07399,0.15261,0.64542,0.74476,-0.75,1.11,0.16,-0.07399,0.15261,0.64542,0.74476,-0.71,1.08,0.09,-0.46726,-0.13174,-0.10322,0.86814,-0.72,1.13,0.12,-0.10214,-0.15693,0.01089,0.98225,-0.73,1.13,0.15,0.41149,-0.13918,0.06481,0.89839,-0.74,1.12,0.16,0.61608,-0.09327,0.08968,0.77698,-0.74,1.1,0.17,0.61608,-0.09327,0.08968,0.77698,-0.69,1.08,0.09,-0.46726,-0.13174,-0.10322,0.86814,-0.7,1.13,0.12,-0.01541,-0.15906,-0.04949,0.98591,-0.71,1.13,0.16,0.58743,-0.15998,0.04448,0.79206,-0.72,1.11,0.17,0.88588,-0.09044,0.03385,0.45375,-0.72,1.08,0.15,0.88588,-0.09044,0.03385,0.45375,-0.68,1.08,0.1,-0.46726,-0.13174,-0.10322,0.86814,-0.68,1.12,0.12,-0.10003,-0.1509,-0.13058,0.97477,-0.69,1.13,0.16,0.6023,-0.22367,-0.02914,0.76574,-0.7,1.11,0.16,0.91833,-0.20968,0.05356,0.33141,-0.7,1.09,0.15,0.91833,-0.20968,0.05356,0.33141,-0.67,1.07,0.1,-0.39466,-0.10432,-0.34282,0.84607,-0.67,1.11,0.13,-0.28219,-0.11792,-0.24953,0.9188,-0.67,1.12,0.15,0.46544,-0.28269,-0.17365,0.82055,-0.68,1.11,0.16,0.83766,-0.36538,-0.00148,0.40597,-0.69,1.1,0.15,0.83766,-0.36538,-0.00148,0.40597,-0.81,1.08,0.19
-0.79,1.45,-0.15,-0.79,1.45,-0.15,-0.85,1.1,0.11,0.36193,-0.05055,-0.11614,-0.92356,-0.86,1.05,0.06,0.36193,-0.05055,-0.11614,-0.92356,-0.82,1.07,0.09,0.43715,-0.14629,0.55236,-0.69455,-0.8,1.09,0.11,0.21275,0.02428,0.49473,-0.84225,-0.8,1.1,0.14,0.07658,0.06212,0.56226,-0.82106,-0.8,1.1,0.16,0.07658,0.06212,0.56226,-0.82106,-0.84,1.08,0.09,0.36193,-0.05055,-0.11614,-0.92356,-0.83,1.12,0.13,0.08537,-0.07878,-0.053,-0.99181,-0.83,1.12,0.17,-0.37337,-0.10156,-0.03644,-0.92139,-0.82,1.11,0.18,-0.5542,-0.07998,-0.02264,-0.82823,-0.82,1.09,0.19,-0.5542,-0.07998,-0.02264,-0.82823,-0.85,1.07,0.09,0.36193,-0.05055,-0.11614,-0.92356,-0.85,1.12,0.13,0.1248,-0.06478,-0.11746,-0.98307,-0.85,1.13,0.17,-0.36558,-0.1166,-0.08416,-0.9196,-0.84,1.11,0.19,-0.58502,-0.11845,-0.11755,-0.79367,-0.84,1.09,0.2,-0.58502,-0.11845,-0.11755,-0.79367,-0.87,1.07,0.09,0.36193,-0.05055,-0.11614,-0.92356,-0.87,1.11,0.13,0.1711,-0.04754,-0.17722,-0.96802,-0.87,1.12,0.17,-0.33597,-0.15066,-0.16731,-0.91457,-0.86,1.1,0.19,-0.59325,-0.21452,-0.14095,-0.763,-0.85,1.09,0.19,-0.59325,-0.21452,-0.14095,-0.763,-0.88,1.07,0.09,0.30669,0.00362,-0.35351,-0.88372,-0.89,1.09,0.13,0.21284,-0.0511,-0.25438,-0.94201,-0.89,1.1,0.16,-0.26978,-0.16411,-0.27404,-0.9084,-0.88,1.1,0.17,-0.51894,-0.28207,-0.22213,-0.77575,-0.86,1.08,0.18,-0.51894,-0.28207,-0.22213,-0.77575,-0.7,1.1,0.1,-0.46491,-0.15719,-0.12003,0.86298,-0.69,1.05,0.07,-0.46491,-0.15719,-0.12003,0.86298,-0.72,1.07,0.09,-0.46245,-0.15571,0.63711,0.59665,-0.75,1.09,0.11,-0.28632,0.02191,0.5842,0.75912,-0.76,1.1,0.13,-0.12623,0.10626,0.64178,0.74893,-0.76,1.11,0.16,-0.12623,0.10626,0.64178,0.74893,-0.71,1.08,0.09,-0.46491,-0.15719,-0.12003,0.86298,-0.72,1.13,0.11,-0.17106,-0.18391,-0.0133,0.96785,-0.74,1.14,0.15,0.26433,-0.18062,0.04273,0.9464,-0.75,1.13,0.16,0.43905,-0.14354,0.06559,0.8845,-0.75,1.11,0.18,0.43905,-0.14354,0.06559,0.8845,-0.7,1.08,0.09,-0.46491,-0.15719,-0.12003,0.86298,-0.7,1.13,0.12,-0.06946,-0.1851,-0.06476,0.97812,-0.72,1.14,0.16,0.46292,-0.19434,0.03095,0.86428,-0.73,1.12,0.17,0.7606,-0.14693,0.02657,0.63182,-0.73,1.09,0.17,0.7606,-0.14693,0.02657,0.63182,-0.68,1.08,0.1,-0.46491,-0.15719,-0.12003,0.86298,-0.69,1.12,0.12,-0.11609,-0.17812,-0.13994,0.96706,-0.7,1.13,0.16,0.5083,-0.2488,-0.03904,0.82353,-0.71,1.11,0.17,0.83284,-0.24925,0.04342,0.4923,-0.71,1.09,0.16,0.83284,-0.24925,0.04342,0.4923,-0.67,1.08,0.1,-0.38486,-0.1295,-0.35724,0.84113,-0.67,1.11,0.13,-0.28182,-0.14385,-0.26132,0.91192,-0.68,1.13,0.15,0.4037,-0.29841,-0.18165,0.84557,-0.69,1.11,0.16,0.76376,-0.38559,-0.02287,0.51716,-0.7,1.1,0.16,0.76376,-0.38559,-0.02287,0.51716,-0.81,1.08,0.19
-0.79,1.45,-0.15,-0.79,1.45,-0.15,-0.85,1.09,0.11,0.35348,-0.04803,-0.09657,-0.9292,-0.86,1.06,0.06,0.35348,-0.04803,-0.09657,-0.9292,-0.82,1.07,0.09,0.42016,-0.15268,0.57004,-0.68936,-0.8,1.08,0.11,0.19845,0.02478,0.51457,-0.8338,-0.8,1.1,0.14,0.06005,0.06618,0.58,-0.8097,-0.8,1.1,0.16,0.06005,0.06618,0.58,-0.8097,-0.84,1.08,0.09,0.35348,-0.04803,-0.09657,-0.9292,-0.83,1.12,0.13,0.08277,-0.07044,-0.03598,-0.99342,-0.83,1.12,0.17,-0.38942,-0.08674,-0.02382,-0.91666,-0.82,1.11,0.18,-0.58102,-0.06312,-0.0116,-0.81135,-0.82,1.09,0.19,-0.58102,-0.06312,-0.0116,-0.81135,-0.85,1.07,0.09,0.35348,-0.04803,-0.09657,-0.9292,-0.85,1.12,0.13,0.1125,-0.05572,-0.10006,-0.98703,-0.85,1.13,0.17,-0.39443,-0.10139,-0.0716,-0.9105,-0.84,1.11,0.19,-0.63476,-0.1002,-0.10801,-0.75854,-0.84,1.08,0.19,-0.63476,-0.1002,-0.10801,-0.75854,-0.87,1.07,0.09,0.35348,-0.04803,-0.09657,-0.9292,-0.87,1.11,0.13,0.16055,-0.04029,-0.15871,-0.97335,-0.87,1.12,0.17,-0.37363,-0.13889,-0.152,-0.90444,-0.86,1.1,0.18,-0.65391,-0.20064,-0.12551,-0.71861,-0.85,1.08,0.19,-0.65391,-0.20064,-0.12551,-0.71861,-0.88,1.07,0.09,0.30167,0.00896,-0.33459,-0.89273,-0.89,1.09,0.13,0.20289,-0.04294,-0.23667,-0.9492,-0.89,1.1,0.16,-0.3146,-0.15677,-0.25865,-0.89975,-0.88,1.09,0.17,-0.59946,-0.27956,-0.19905,-0.7231,-0.86,1.08,0.18,-0.59946,-0.27956,-0.19905,-0.7231,-0.7,1.1,0.11,-0.44976,-0.18516,-0.12111,0.86531,-0.69,1.06,0.07,-0.44976,-0.18516,-0.12111,0.86531,-0.73,1.07,0.09,-0.484,-0.18028,0.62005,0.59058,-0.75,1.09,0.1,-0.31017,-0.01176,0.57412,0.75765,-0.76,1.1,0.13,-0.17266,0.0568,0.64187,0.74496,-0.77,1.11,0.15,-0.17266,0.0568,0.64187,0.74496,-0.71,1.08,0.09,-0.44976,-0.18516,-0.12111,0.86531,-0.73,1.13,0.11,-0.16619,-0.21502,-0.00423,0.96236,-0.74,1.14,0.15,0.21182,-0.20807,0.05216,0.95348,-0.75,1.13,0.16,0.35566,-0.17195,0.07168,0.91586,-0.76,1.12,0.18,0.35566,-0.17195,0.07168,0.91586,-0.7,1.08,0.09,-0.44976,-0.18516,-0.12111,0.86531,-0.71,1.13,0.12,-0.14312,-0.20572,-0.07302,0.96533,-0.72,1.14,0.16,0.29791,-0.21971,0.01241,0.92888,-0.74,1.13,0.18,0.53615,-0.19879,0.00204,0.82038,-0.74,1.11,0.18,0.53615,-0.19879,0.00204,0.82038,-0.68,1.08,0.1,-0.44976,-0.18516,-0.12111,0.86531,-0.69,1.12,0.13,-0.19233,-0.18912,-0.15117,0.951,-0.7,1.14,0.16,0.33157,-0.2618,-0.06865,0.90377,-0.72,1.12,0.18,0.6236,-0.28888,-0.00309,0.7264,-0.73,1.1,0.18,0.6236,-0.28888,-0.00309,0.7264,-0.68,1.08,0.1,-0.36421,-0.15314,-0.35612,0.8468,-0.68,1.11,0.13,-0.31827,-0.15145,-0.26416,0.89777,-0.68,1.13,0.16,0.29791,-0.29555,-0.19853,0.88571,-0.69,1.12,0.17,0.6094,-0.38967,-0.07919,0.68594,-0.71,1.1,0.17,0.6094,-0.38967,-0.07919,0.68594,-0.81,1.08,0.19
-0.79,1.45,-0.15,-0.79,1.45,-0.15,-0.85,1.09,0.11,0.34009,-0.0512,-0.07885,-0.93568,-0.86,1.06,0.06,0.34009,-0.0512,-0.07885,-0.93568,-0.82,1.07,0.09,0.40628,-0.16618,0.58198,-0.68456,-0.8,1.08,0.11,0.18622,0.01652,0.53097,-0.82651,-0.79,1.09,0.14,0.05032,0.05842,0.59634,-0.79902,-0.79,1.1,0.16,0.05032,0.05842,0.59634,-0.79902,-0.83,1.07,0.09,0.34009,-0.0512,-0.07885,-0.93568,-0.83,1.11,0.13,0.07247,-0.0696,-0.01814,-0.99477,-0.82,1.12,0.17,-0.40161,-0.07748,-0.0083,-0.91249,-0.82,1.1,0.18,-0.59888,-0.0507,0.00249,-0.79923,-0.82,1.08,0.19,-0.59888,-0.0507,0.00249,-0.79923,-0.85,1.07,0.09,0.34009,-0.0512,-0.07885,-0.93568,-0.85,1.11,0.13,0.09994,-0.05235,-0.08305,-0.99014,-0.85,1.12,0.17,-0.40622,-0.0898,-0.05866,-0.90746,-0.84,1.1,0.19,-0.65129,-0.085,-0.09861,-0.74758,-0.83,1.08,0.19,-0.65129,-0.085,-0.09861,-0.74758,-0.87,1.07,0.09,0.34009,-0.0512,-0.07885,-0.93568,-0.87,1.11,0.13,0.14863,-0.03769,-0.14107,-0.97805,-0.87,1.12,0.17,-0.3886,-0.12731,-0.13849,-0.902,-0.86,1.1,0.18,-0.67375,-0.18541,-0.11591,-0.70586,-0.85,1.08,0.19,-0.67375,-0.18541,-0.11591,-0.70586,-0.87,1.07,0.09,0.29042,0.0099,-0.31685,-0.90286,-0.88,1.09,0.13,0.18982,-0.03832,-0.22006,-0.95607,-0.88,1.1,0.16,-0.32888,-0.1433,-0.24703,-0.90016,-0.88,1.09,0.17,-0.61789,-0.2639,-0.19222,-0.71528,-0.86,1.08,0.18,-0.61789,-0.2639,-0.19222,-0.71528,-0.71,1.1,0.11,-0.42031,-0.21449,-0.11822,0.87371,-0.69,1.06,0.07,-0.42031,-0.21449,-0.11822,0.87371,-0.73,1.07,0.09,-0.50035,-0.2131,0.59748,0.58928,-0.75,1.08,0.1,-0.32323,-0.05135,0.56103,0.76035,-0.77,1.1,0.13,-0.19711,0.00999,0.63619,0.74586,-0.77,1.11,0.15,-0.19711,0.00999,0.63619,0.74586,-0.72,1.08,0.09,-0.42031,-0.21449,-0.11822,0.87371,-0.73,1.13,0.12,-0.14735,-0.24464,0.00529,0.95834,-0.75,1.14,0.15,0.21591,-0.23241,0.06899,0.94584,-0.76,1.13,0.17,0.35425,-0.19396,0.09119,0.91026,-0.77,1.11,0.18,0.35425,-0.19396,0.09119,0.91026,-0.7,1.08,0.09,-0.42031,-0.21449,-0.11822,0.87371,-0.71,1.13,0.12,-0.157,-0.22849,-0.07192,0.95811,-0.73,1.14,0.16,0.2446,-0.24063,0.01382,0.93919,-0.74,1.13,0.18,0.44606,-0.22477,0.00172,0.86632,-0.75,1.11,0.19,0.44606,-0.22477,0.00172,0.86632,-0.68,1.08,0.1,-0.42031,-0.21449,-0.11822,0.87371,-0.7,1.12,0.13,-0.20992,-0.20485,-0.15249,0.94378,-0.71,1.14,0.16,0.26756,-0.27353,-0.0738,0.92095,-0.72,1.12,0.18,0.52897,-0.30515,-0.01478,0.79174,-0.73,1.11,0.19,0.52897,-0.30515,-0.01478,0.79174,-0.68,1.08,0.11,-0.32988,-0.1742,-0.35039,0.85911,-0.68,1.11,0.14,-0.30926,-0.16903,-0.25907,0.89926,-0.69,1.13,0.16,0.24116,-0.29253,-0.20293,0.90282,-0.7,1.12,0.17,0.51857,-0.38523,-0.10285,0.75638,-0.71,1.1,0.18,0.51857,-0.38523,-0.10285,0.75638,-0.81,1.08,0.19
-0.79,1.45,-0.15,-0.79,1.45,-0.15,-0.85,1.09,0.11,0.31886,-0.05008,-0.07674,-0.94336,-0.86,1.06,0.06,0.31886,-0.05008,-0.07674,-0.94336,-0.82,1.07,0.09,0.39511,-0.18111,0.57599,-0.69233,-0.8,1.08,0.11,0.17598,-0.00096,0.52943,-0.8299,-0.79,1.09,0.14,0.0496,0.03375,0.59791,-0.79931,-0.79,1.09,0.16,0.0496,0.03375,0.59791,-0.79931,-0.83,1.07,0.09,0.31886,-0.05008,-0.07674,-0.94336,-0.83,1.11,0.13,0.05203,-0.06865,-0.01675,-0.99614,-0.82,1.12,0.17,-0.41467,-0.07544,-0.00814,-0.9068,-0.82,1.1,0.19,-0.60933,-0.04856,0.00248,-0.79143,-0.82,1.08,0.19,-0.60933,-0.04856,0.00248,-0.79143,-0.85,1.07,0.09,0.31886,-0.05008,-0.07674,-0.94336,-0.85,1.11,0.13,0.08408,-0.04793,-0.08232,-0.9919,-0.85,1.12,0.17,-0.40627,-0.08444,-0.06161,-0.90775,-0.84,1.1,0.19,-0.64348,-0.08031,-0.10305,-0.75424,-0.83,1.08,0.2,-0.64348,-0.08031,-0.10305,-0.75424,-0.87,1.07,0.09,0.31886,-0.05008,-0.07674,-0.94336,-0.87,1.1,0.13,0.12642,-0.03332,-0.13918,-0.9816,-0.87,1.11,0.17,-0.39785,-0.12009,-0.14094,-0.89857,-0.86,1.1,0.19,-0.6742,-0.17852,-0.12209,-0.70617,-0.85,1.07,0.19,-0.6742,-0.17852,-0.12209,-0.70617,-0.87,1.07,0.09,0.27026,0.01649,-0.31343,-0.91019,-0.88,1.09,0.13,0.16751,-0.03262,-0.21805,-0.9609,-0.88,1.1,0.16,-0.33019,-0.13044,-0.25023,-0.90075,-0.88,1.09,0.17,-0.60262,-0.24916,-0.2048,-0.72995,-0.86,1.07,0.18,-0.60262,-0.24916,-0.2048,-0.72995,-0.71,1.1,0.11,-0.38912,-0.22463,-0.12376,0.88477,-0.68,1.06,0.07,-0.38912,-0.22463,-0.12376,0.88477,-0.72,1.07,0.09,-0.49763,-0.23942,0.57811,0.6007,-0.75,1.08,0.1,-0.31518,-0.08172,0.54892,0.76985,-0.77,1.09,0.13,-0.19313,-0.02445,0.62864,0.75294,-0.77,1.1,0.15,-0.19313,-0.02445,0.62864,0.75294,-0.71,1.08,0.09,-0.38912,-0.22463,-0.12376,0.88477,-0.73,1.12,0.12,-0.12734,-0.25322,-0.00484,0.95898,-0.75,1.13,0.15,0.25586,-0.2421,0.06804,0.93343,-0.76,1.12,0.17,0.40277,-0.20227,0.09548,0.88755,-0.77,1.1,0.18,0.40277,-0.20227,0.09548,0.88755,-0.7,1.08,0.09,-0.38912,-0.22463,-0.12376,0.88477,-0.71,1.12,0.13,-0.12085,-0.23838,-0.07411,0.96077,-0.73,1.13,0.16,0.294,-0.24981,0.01979,0.92237,-0.74,1.12,0.18,0.49374,-0.22912,0.01045,0.83882,-0.75,1.1,0.19,0.49374,-0.22912,0.01045,0.83882,-0.68,1.08,0.1,-0.38912,-0.22463,-0.12376,0.88477,-0.7,1.12,0.13,-0.17137,-0.21374,-0.15358,0.9494,-0.71,1.13,0.17,0.30842,-0.28062,-0.0702,0.9062,-0.72,1.12,0.18,0.56141,-0.30978,-0.01098,0.76729,-0.74,1.1,0.19,0.56141,-0.30978,-0.01098,0.76729,-0.68,1.07,0.11,-0.29661,-0.1761,-0.35348,0.86952,-0.68,1.1,0.14,-0.27346,-0.17594,-0.26076,0.909,-0.69,1.12,0.16,0.273,-0.29539,-0.20201,0.89298,-0.7,1.11,0.18,0.53791,-0.38645,-0.10597,0.74167,-0.71,1.1,0.18,0.53791,-0.38645,-0.10597,0.74167,-0.81,1.08,0.19
-0.79,1.45,-0.15,-0.79,1.45,-0.15,-0.85,1.09,0.11,0.30875,-0.0522,-0.07461,-0.94678,-0.85,1.06,0.06,0.30875,-0.0522,-0.07461,-0.94678,-0.82,1.07,0.09,0.40243,-0.19487,0.56267,-0.69533,-0.8,1.08,0.11,0.18834,-0.02359,0.51963,-0.83304,-0.79,1.09,0.14,0.07084,0.00583,0.59244,-0.80247,-0.79,1.1,0.16,0.07084,0.00583,0.59244,-0.80247,-0.83,1.08,0.09,0.30875,-0.0522,-0.07461,-0.94678,-0.83,1.11,0.13,0.04169,-0.06889,-0.01516,-0.99664,-0.82,1.12,0.17,-0.41753,-0.0746,-0.00725,-0.90557,-0.82,1.1,0.19,-0.60668,-0.04746,0.00284,-0.79352,-0.82,1.08,0.19,-0.60668,-0.04746,0.00284,-0.79352,-0.85,1.08,0.09,0.30875,-0.0522,-0.07461,-0.94678,-0.85,1.11,0.13,0.07088,-0.0481,-0.08019,-0.99309,-0.84,1.12,0.18,-0.41746,-0.08332,-0.05979,-0.90289,-0.84,1.1,0.19,-0.64465,-0.0775,-0.10145,-0.75374,-0.83,1.08,0.2,-0.64465,-0.0775,-0.10145,-0.75374,-0.87,1.07,0.09,0.30875,-0.0522,-0.07461,-0.94678,-0.87,1.11,0.13,0.09718,-0.03625,-0.1358,-0.98529,-0.86,1.11,0.17,-0.41677,-0.11851,-0.13803,-0.89062,-0.86,1.09,0.19,-0.67777,-0.17432,-0.12226,-0.70377,-0.85,1.07,0.19,-0.67777,-0.17432,-0.12226,-0.70377,-0.87,1.07,0.09,0.26026,0.01705,-0.31062,-0.91405,-0.88,1.09,0.13,0.14269,-0.03664,-0.21534,-0.96536,-0.88,1.1,0.16,-0.33221,-0.12499,-0.24794,-0.90141,-0.87,1.09,0.18,-0.57664,-0.23649,-0.2123,-0.75266,-0.86,1.07,0.18,-0.57664,-0.23649,-0.2123,-0.75266,-0.7,1.1,0.11,-0.37881,-0.2218,-0.12655,0.88954,-0.68,1.05,0.07,-0.37881,-0.2218,-0.12655,0.88954,-0.72,1.07,0.09,-0.49201,-0.24201,0.57335,0.6088,-0.75,1.08,0.1,-0.30725,-0.08479,0.54467,0.77572,-0.77,1.09,0.13,-0.17805,-0.02336,0.62455,0.76006,-0.77,1.1,0.15,-0.17805,-0.02336,0.62455,0.76006,-0.71,1.08,0.09,-0.37881,-0.2218,-0.12655,0.88954,-0.73,1.12,0.12,-0.11605,-0.24483,-0.0141,0.96249,-0.75,1.13,0.15,0.32372,-0.23379,0.07065,0.91409,-0.76,1.11,0.17,0.49142,-0.19024,0.10482,0.8434,-0.76,1.09,0.18,0.49142,-0.19024,0.10482,0.8434,-0.7,1.07,0.09,-0.37881,-0.2218,-0.12655,0.88954,-0.71,1.12,0.13,-0.07983,-0.23848,-0.06995,0.96533,-0.73,1.13,0.16,0.38243,-0.24594,0.03692,0.88989,-0.74,1.11,0.18,0.59341,-0.2138,0.03114,0.77537,-0.75,1.09,0.19,0.59341,-0.2138,0.03114,0.77537,-0.68,1.07,0.1,-0.37881,-0.2218,-0.12655,0.88954,-0.7,1.11,0.14,-0.12257,-0.21681,-0.1476,0.95717,-0.71,1.12,0.17,0.40322,-0.28121,-0.05034,0.86937,-0.72,1.11,0.18,0.66022,-0.30028,0.01235,0.68832,-0.73,1.08,0.18,0.66022,-0.30028,0.01235,0.68832,-0.68,1.07,0.11,-0.28674,-0.17062,-0.35577,0.87298,-0.68,1.1,0.14,-0.25048,-0.17359,-0.26201,0.91568,-0.69,1.12,0.17,0.33992,-0.30126,-0.19176,0.87001,-0.7,1.11,0.18,0.61408,-0.38955,-0.08745,0.68082,-0.71,1.09,0.18,0.61408,-0.38955,-0.08745,0.68082,-0.81,1.08,0.19
-0.79,1.45,-0.15,-0.79,1.45,-0.15,-0.85,1.1,0.11,0.31803,-0.05311,-0.1538,-0.93401,-0.86,1.06,0.06,0.31803,-0.05311,-0.1538,-0.93401,-0.82,1.08,0.09,0.4408,-0.18152,0.49508,-0.72639,-0.8,1.09,0.1,0.22349,-0.03748,0.44622,-0.86576,-0.79,1.11,0.13,0.11126,-0.01746,0.52597,-0.84301,-0.79,1.11,0.16,0.11126,-0.01746,0.52597,-0.84301,-0.83,1.08,0.09,0.31803,-0.05311,-0.1538,-0.93401,-0.83,1.12,0.13,0.05265,-0.0912,-0.09105,-0.99026,-0.83,1.12,0.17,-0.40572,-0.12925,-0.06435,-0.90252,-0.82,1.11,0.18,-0.59345,-0.1133,-0.04165,-0.79576,-0.81,1.09,0.19,-0.59345,-0.1133,-0.04165,-0.79576,-0.85,1.08,0.09,0.31803,-0.05311,-0.1538,-0.93401,-0.85,1.12,0.13,0.07865,-0.06737,-0.15751,-0.98207,-0.85,1.13,0.17,-0.42542,-0.14017,-0.11499,-0.88665,-0.84,1.11,0.19,-0.65715,-0.14662,-0.13797,-0.72638,-0.83,1.08,0.19,-0.65715,-0.14662,-0.13797,-0.72638,-0.87,1.08,0.09,0.31803,-0.05311,-0.1538,-0.93401,-0.87,1.11,0.13,0.09369,-0.05569,-0.21259,-0.97105,-0.87,1.11,0.17,-0.41818,-0.17515,-0.19259,-0.87026,-0.86,1.1,0.19,-0.67401,-0.24506,-0.15492,-0.67945,-0.84,1.08,0.19,-0.67401,-0.24506,-0.15492,-0.67945,-0.87,1.07,0.09,0.25818,0.01101,-0.38592,-0.8856,-0.88,1.09,0.13,0.13529,-0.05641,-0.29111,-0.9454,-0.88,1.1,0.16,-0.32108,-0.17394,-0.30552,-0.87938,-0.87,1.09,0.18,-0.54883,-0.29706,-0.25462,-0.73872,-0.86,1.08,0.18,-0.54883,-0.29706,-0.25462,-0.73872,-0.7,1.1,0.11,-0.38111,-0.21315,-0.12115,0.89143,-0.68,1.05,0.07,-0.38111,-0.21315,-0.12115,0.89143,-0.72,1.07,0.09,-0.47607,-0.2308,0.59004,0.60987,-0.75,1.08,0.1,-0.29809,-0.07167,0.55737,0.77158,-0.76,1.09,0.13,-0.16811,-0.00937,0.63455,0.75432,-0.77,1.1,0.15,-0.16811,-0.00937,0.63455,0.75432,-0.71,1.07,0.09,-0.38111,-0.21315,-0.12115,0.89143,-0.73,1.12,0.12,-0.07107,-0.23784,0.00396,0.96869,-0.75,1.12,0.16,0.38464,-0.21678,0.08782,0.89294,-0.76,1.11,0.17,0.55113,-0.16915,0.12127,0.80805,-0.76,1.09,0.18,0.55113,-0.16915,0.12127,0.80805,-0.7,1.07,0.1,-0.38111,-0.21315,-0.12115,0.89143,-0.71,1.12,0.13,-0.05097,-0.23145,-0.05934,0.9697,-0.73,1.13,0.17,0.42985,-0.23335,0.04821,0.87089,-0.74,1.1,0.18,0.6655,-0.19132,0.04502,0.72005,-0.74,1.08,0.18,0.6655,-0.19132,0.04502,0.72005,-0.68,1.07,0.1,-0.38111,-0.21315,-0.12115,0.89143,-0.69,1.11,0.14,-0.10653,-0.21001,-0.14051,0.96167,-0.71,1.12,0.17,0.4576,-0.27258,-0.03697,0.84554,-0.72,1.1,0.18,0.73714,-0.28204,0.03296,0.61318,-0.73,1.08,0.18,0.73714,-0.28204,0.03296,0.61318,-0.67,1.07,0.11,-0.29148,-0.16235,-0.35142,0.87475,-0.68,1.1,0.14,-0.2458,-0.16552,-0.25753,0.91971,-0.68,1.11,0.17,0.39637,-0.30155,-0.17795,0.8487,-0.7,1.1,0.18,0.69982,-0.38628,-0.05477,0.59836,-0.71,1.09,0.17,0.69982,-0.38628,-0.05477,0.59836,-0.81,1.08,0.19
-0.79,1.45,-0.15,-0.79,1.45,-0.15,-0.86,1.1,0.11,0.33845,-0.05365,-0.22112,-0.91306,-0.86,1.06,0.06,0.33845,-0.05365,-0.22112,-0.91306,-0.83,1.09,0.09,0.4712,-0.16366,0.44828,-0.74177,-0.8,1.1,0.1,0.24908,-0.03607,0.39376,-0.88409,-0.8,1.12,0.13,0.13738,-0.02049,0.47667,-0.86804,-0.79,1.12,0.15,0.13738,-0.02049,0.47667,-0.86804,-0.84,1.09,0.09,0.33845,-0.05365,-0.22112,-0.91306,-0.84,1.13,0.13,0.07909,-0.11393,-0.15298,-0.97845,-0.83,1.13,0.17,-0.37707,-0.17828,-0.10869,-0.90234,-0.82,1.12,0.18,-0.56627,-0.17107,-0.07527,-0.80275,-0.81,1.1,0.19,-0.56627,-0.17107,-0.07527,-0.80275,-0.85,1.08,0.09,0.33845,-0.05365,-0.22112,-0.91306,-0.86,1.12,0.13,0.11444,-0.08049,-0.22501,-0.96426,-0.86,1.13,0.17,-0.40882,-0.19012,-0.16158,-0.87785,-0.84,1.12,0.19,-0.6576,-0.21048,-0.16533,-0.70422,-0.83,1.09,0.19,-0.6576,-0.21048,-0.16533,-0.70422,-0.87,1.08,0.09,0.33845,-0.05365,-0.22112,-0.91306,-0.88,1.11,0.13,0.11974,-0.06818,-0.28006,-0.95004,-0.87,1.12,0.17,-0.40355,-0.2264,-0.23822,-0.8539,-0.86,1.1,0.19,-0.66487,-0.31,-0.1769,-0.65617,-0.84,1.09,0.19,-0.66487,-0.31,-0.1769,-0.65617,-0.88,1.07,0.1,0.26878,0.00208,-0.4496,-0.85183,-0.89,1.09,0.13,0.14824,-0.07077,-0.35658,-0.91971,-0.89,1.1,0.16,-0.30458,-0.2197,-0.35448,-0.85634,-0.87,1.09,0.18,-0.53183,-0.35676,-0.28384,-0.71366,-0.86,1.08,0.18,-0.53183,-0.35676,-0.28384,-0.71366,-0.7,1.09,0.11,-0.37572,-0.21334,-0.11179,0.89489,-0.68,1.05,0.07,-0.37572,-0.21334,-0.11179,0.89489,-0.72,1.07,0.09,-0.45546,-0.23298,0.60981,0.60532,-0.75,1.07,0.11,-0.28532,-0.07089,0.57739,0.7617,-0.76,1.09,0.13,-0.1707,-0.01926,0.65379,0.73692,-0.77,1.09,0.16,-0.1707,-0.01926,0.65379,0.73692,-0.71,1.07,0.09,-0.37572,-0.21334,-0.11179,0.89489,-0.73,1.12,0.12,-0.01395,-0.24699,0.03971,0.9681,-0.75,1.12,0.16,0.43204,-0.20766,0.12264,0.86901,-0.75,1.1,0.17,0.58957,-0.15368,0.15459,0.77775,-0.76,1.08,0.18,0.58957,-0.15368,0.15459,0.77775,-0.7,1.07,0.1,-0.37572,-0.21334,-0.11179,0.89489,-0.71,1.12,0.13,-0.03871,-0.23219,-0.04577,0.97082,-0.73,1.12,0.17,0.44238,-0.22716,0.06072,0.86546,-0.74,1.1,0.18,0.68983,-0.17866,0.05774,0.6992,-0.74,1.08,0.18,0.68983,-0.17866,0.05774,0.6992,-0.68,1.07,0.1,-0.37572,-0.21334,-0.11179,0.89489,-0.69,1.11,0.14,-0.10419,-0.2076,-0.13148,0.96372,-0.71,1.12,0.17,0.47375,-0.26574,-0.0272,0.83917,-0.72,1.1,0.18,0.76455,-0.26924,0.0446,0.58394,-0.73,1.08,0.18,0.76455,-0.26924,0.0446,0.58394,-0.67,1.07,0.11,-0.28746,-0.16077,-0.34231,0.87997,-0.68,1.1,0.14,-0.24628,-0.15869,-0.25021,0.9228,-0.68,1.11,0.17,0.41812,-0.29546,-0.17057,0.84189,-0.7,1.1,0.18,0.73622,-0.37786,-0.04017,0.56,-0.71,1.08,0.17,0.73622,-0.37786,-0.04017,0.56,-0.81,1.08,0.19
-0.79,1.45,-0.15,-0.79,1.45,-0.15,-0.86,1.1,0.11,0.35704,-0.07151,-0.22863,-0.90285,-0.86,1.06,0.06,0.35704,-0.07151,-0.22863,-0.90285,-0.83,1.09,0.08,0.49098,-0.16971,0.44851,-0.72731,-0.8,1.11,0.1,0.26467,-0.04076,0.39677,-0.87799,-0.79,1.12,0.13,0.14739,-0.01988,0.48008,-0.86452,-0.79,1.13,0.15,0.14739,-0.01988,0.48008,-0.86452,-0.84,1.09,0.09,0.35704,-0.07151,-0.22863,-0.90285,-0.84,1.13,0.13,0.10115,-0.14057,-0.14945,-0.97349,-0.83,1.14,0.16,-0.35605,-0.20093,-0.09313,-0.90784,-0.82,1.13,0.18,-0.54782,-0.19018,-0.05558,-0.81279,-0.81,1.11,0.19,-0.54782,-0.19018,-0.05558,-0.81279,-0.85,1.08,0.09,0.35704,-0.07151,-0.22863,-0.90285,-0.86,1.13,0.13,0.16059,-0.09384,-0.23146,-0.9549,-0.85,1.14,0.17,-0.36892,-0.20618,-0.1589,-0.89226,-0.84,1.12,0.19,-0.6338,-0.22915,-0.15673,-0.72195,-0.83,1.1,0.19,-0.6338,-0.22915,-0.15673,-0.72195,-0.87,1.08,0.09,0.35704,-0.07151,-0.22863,-0.90285,-0.87,1.11,0.13,0.16992,-0.07734,-0.28815,-0.93921,-0.87,1.13,0.17,-0.36535,-0.24294,-0.23648,-0.86693,-0.86,1.11,0.18,-0.64232,-0.32758,-0.16547,-0.67286,-0.84,1.09,0.18,-0.64232,-0.32758,-0.16547,-0.67286,-0.88,1.07,0.1,0.28221,-0.02062,-0.45704,-0.84323,-0.89,1.09,0.13,0.16961,-0.08263,-0.36457,-0.91186,-0.88,1.11,0.16,-0.28929,-0.23805,-0.35451,-0.85672,-0.87,1.1,0.18,-0.52889,-0.3782,-0.27219,-0.70933,-0.85,1.09,0.18,-0.52889,-0.3782,-0.27219,-0.70933,-0.7,1.09,0.12,-0.35804,-0.21349,-0.09579,0.90391,-0.68,1.05,0.07,-0.35804,-0.21349,-0.09579,0.90391,-0.72,1.06,0.09,-0.43359,-0.24633,0.62405,0.60157,-0.75,1.07,0.11,-0.26893,-0.08164,0.5952,0.75283,-0.76,1.08,0.14,-0.18018,-0.05113,0.6718,0.71666,-0.77,1.09,0.16,-0.18018,-0.05113,0.6718,0.71666,-0.71,1.07,0.09,-0.35804,-0.21349,-0.09579,0.90391,-0.73,1.11,0.13,0.02369,-0.26595,0.08449,0.95999,-0.75,1.11,0.16,0.43927,-0.2079,0.16546,0.85817,-0.76,1.09,0.17,0.58047,-0.14906,0.19419,0.77661,-0.76,1.07,0.18,0.58047,-0.14906,0.19419,0.77661,-0.7,1.07,0.1,-0.35804,-0.21349,-0.09579,0.90391,-0.71,1.11,0.13,-0.04847,-0.23151,-0.03265,0.97108,-0.73,1.12,0.17,0.43206,-0.22045,0.07136,0.87157,-0.74,1.1,0.19,0.69094,-0.16821,0.06698,0.69987,-0.74,1.07,0.19,0.69094,-0.16821,0.06698,0.69987,-0.68,1.07,0.1,-0.35804,-0.21349,-0.09579,0.90391,-0.69,1.11,0.14,-0.12924,-0.19895,-0.12346,0.96357,-0.71,1.12,0.17,0.46071,-0.25524,-0.02302,0.84975,-0.72,1.1,0.19,0.76679,-0.25678,0.04814,0.58633,-0.73,1.08,0.18,0.76679,-0.25678,0.04814,0.58633,-0.67,1.07,0.11,-0.27241,-0.15569,-0.32621,0.89171,-0.68,1.09,0.15,-0.25602,-0.14211,-0.23818,0.92603,-0.68,1.11,0.17,0.41406,-0.27641,-0.17157,0.85013,-0.69,1.1,0.18,0.75005,-0.36181,-0.04115,0.55211,-0.71,1.08,0.17,0.75005,-0.36181,-0.04115,0.55211,-0.81,1.08,0.19
-0.79,1.45,-0.15,-0.79,1.45,-0.15,-0.85,1.1,0.11,0.35792,-0.08407,-0.17896,-0.91258,-0.86,1.06,0.06,0.35792,-0.08407,-0.17896,-0.91258,-0.82,1.08,0.08,0.47742,-0.18912,0.49329,-0.70211,-0.8,1.1,0.1,0.24661,-0.03942,0.44917,-0.85783,-0.79,1.11,0.13,0.11441,-0.00414,0.5282,-0.84137,-0.79,1.12,0.15,0.11441,-0.00414,0.5282,-0.84137,-0.84,1.09,0.08,0.35792,-0.08407,-0.17896,-0.91258,-0.83,1.13,0.13,0.08304,-0.14169,-0.09431,-0.9819,-0.82,1.14,0.16,-0.38582,-0.17686,-0.042,-0.90449,-0.81,1.12,0.18,-0.57828,-0.15537,-0.00932,-0.80085,-0.81,1.1,0.18,-0.57828,-0.15537,-0.00932,-0.80085,-0.85,1.08,0.09,0.35792,-0.08407,-0.17896,-0.91258,-0.85,1.13,0.13,0.16112,-0.09599,-0.1804,-0.96555,-0.85,1.14,0.17,-0.36893,-0.18039,-0.11561,-0.90443,-0.84,1.12,0.19,-0.63362,-0.19145,-0.1247,-0.73914,-0.83,1.1,0.19,-0.63362,-0.19145,-0.1247,-0.73914,-0.87,1.08,0.09,0.35792,-0.08407,-0.17896,-0.91258,-0.87,1.11,0.13,0.18153,-0.07732,-0.23899,-0.95076,-0.87,1.13,0.17,-0.35825,-0.21601,-0.19651,-0.88678,-0.85,1.11,0.18,-0.6413,-0.28893,-0.13823,-0.69724,-0.84,1.09,0.19,-0.6413,-0.28893,-0.13823,-0.69724,-0.88,1.07,0.09,0.28725,-0.03069,-0.41087,-0.86471,-0.88,1.1,0.13,0.18238,-0.07847,-0.31759,-0.92721,-0.88,1.11,0.16,-0.28563,-0.21369,-0.31613,-0.8791,-0.87,1.1,0.18,-0.53511,-0.34421,-0.24304,-0.7322,-0.85,1.09,0.18,-0.53511,-0.34421,-0.24304,-0.7322,-0.7,1.09,0.12,-0.34245,-0.20859,-0.08761,0.91189,-0.68,1.05,0.07,-0.34245,-0.20859,-0.08761,0.91189,-0.72,1.06,0.1,-0.4182,-0.25629,0.62804,0.60415,-0.75,1.07,0.11,-0.25525,-0.0908,0.60167,0.7514,-0.76,1.08,0.14,-0.18095,-0.07352,0.67797,0.70866,-0.77,1.08,0.16,-0.18095,-0.07352,0.67797,0.70866,-0.71,1.07,0.1,-0.34245,-0.20859,-0.08761,0.91189,-0.73,1.11,0.13,0.04458,-0.27878,0.10968,0.95303,-0.75,1.1,0.16,0.42587,-0.21477,0.18633,0.85895,-0.76,1.08,0.17,0.55408,-0.15579,0.21278,0.78959,-0.76,1.06,0.18,0.55408,-0.15579,0.21278,0.78959,-0.7,1.07,0.1,-0.34245,-0.20859,-0.08761,0.91189,-0.71,1.11,0.14,-0.07984,-0.22672,-0.03492,0.97005,-0.73,1.12,0.17,0.40643,-0.21759,0.06769,0.88481,-0.74,1.1,0.19,0.67921,-0.16704,0.0632,0.71188,-0.74,1.07,0.19,0.67921,-0.16704,0.0632,0.71188,-0.68,1.07,0.11,-0.34245,-0.20859,-0.08761,0.91189,-0.69,1.1,0.14,-0.16027,-0.18791,-0.12431,0.96101,-0.71,1.12,0.18,0.44427,-0.24825,-0.02666,0.8604,-0.72,1.1,0.19,0.76289,-0.25134,0.04463,0.594,-0.72,1.08,0.18,0.76289,-0.25134,0.04463,0.594,-0.67,1.07,0.11,-0.25932,-0.14645,-0.31785,0.90015,-0.68,1.09,0.15,-0.26095,-0.12637,-0.23192,0.92852,-0.68,1.11,0.17,0.40794,-0.26035,-0.17783,0.85684,-0.69,1.1,0.18,0.7556,-0.35096,-0.04919,0.55089,-0.7,1.08,0.17,0.7556,-0.35096,-0.04919,0.55089,-0.81,1.08,0.19
-0.79,1.45,-0.15,-0.79,1.45,-0.15,-0.85,1.1,0.11,0.35312,-0.08864,-0.14485,-0.92004,-0.86,1.06,0.06,0.35312,-0.08864,-0.14485,-0.92004,-0.82,1.08,0.08,0.46238,-0.20092,0.52221,-0.68785,-0.8,1.09,0.1,0.23009,-0.03723,0.48273,-0.84418,-0.79,1.1,0.13,0.09289,0.00512,0.55871,-0.82413,-0.79,1.11,0.15,0.09289,0.00512,0.55871,-0.82413,-0.84,1.08,0.08,0.35312,-0.08864,-0.14485,-0.92004,-0.83,1.12,0.13,0.06082,-0.13225,-0.06148,-0.98744,-0.82,1.13,0.16,-0.41717,-0.15291,-0.01601,-0.89573,-0.81,1.11,0.18,-0.61028,-0.12598,0.01241,-0.78201,-0.81,1.09,0.18,-0.61028,-0.12598,0.01241,-0.78201,-0.85,1.08,0.09,0.35312,-0.08864,-0.14485,-0.92004,-0.85,1.12,0.13,0.13173,-0.09701,-0.14349,-0.97604,-0.84,1.14,0.17,-0.37255,-0.15902,-0.08856,-0.90999,-0.83,1.12,0.19,-0.61974,-0.16177,-0.10788,-0.76034,-0.83,1.1,0.19,-0.61974,-0.16177,-0.10788,-0.76034,-0.87,1.08,0.09,0.35312,-0.08864,-0.14485,-0.92004,-0.87,1.11,0.13,0.17069,-0.0775,-0.20389,-0.96088,-0.86,1.13,0.17,-0.34877,-0.19256,-0.17223,-0.9009,-0.85,1.11,0.18,-0.62203,-0.25752,-0.12784,-0.7283,-0.84,1.09,0.19,-0.62203,-0.25752,-0.12784,-0.7283,-0.88,1.07,0.09,0.2863,-0.03245,-0.37864,-0.87955,-0.88,1.1,0.13,0.18552,-0.07563,-0.28391,-0.93769,-0.88,1.11,0.16,-0.28471,-0.19479,-0.28905,-0.893,-0.87,1.1,0.17,-0.52919,-0.31551,-0.22731,-0.75415,-0.86,1.09,0.18,-0.52919,-0.31551,-0.22731,-0.75415,-0.7,1.09,0.12,-0.34295,-0.20186,-0.09269,0.91271,-0.68,1.05,0.07,-0.34295,-0.20186,-0.09269,0.91271,-0.72,1.06,0.1,-0.41962,-0.24986,0.62249,0.61155,-0.75,1.07,0.11,-0.25688,-0.08736,0.59366,0.75759,-0.76,1.08,0.14,-0.19037,-0.0781,0.67024,0.71305,-0.77,1.08,0.16,-0.19037,-0.0781,0.67024,0.71305,-0.71,1.07,0.1,-0.34295,-0.20186,-0.09269,0.91271,-0.73,1.11,0.13,0.04275,-0.28105,0.10796,0.95264,-0.75,1.1,0.16,0.41425,-0.21967,0.18315,0.86406,-0.76,1.09,0.17,0.53867,-0.16242,0.20895,0.79987,-0.76,1.07,0.18,0.53867,-0.16242,0.20895,0.79987,-0.7,1.07,0.1,-0.34295,-0.20186,-0.09269,0.91271,-0.71,1.11,0.14,-0.08554,-0.22429,-0.04088,0.9699,-0.73,1.12,0.17,0.40637,-0.21809,0.06255,0.88509,-0.74,1.1,0.19,0.6851,-0.16812,0.05928,0.7063,-0.74,1.08,0.19,0.6851,-0.16812,0.05928,0.7063,-0.68,1.07,0.11,-0.34295,-0.20186,-0.09269,0.91271,-0.69,1.1,0.14,-0.16565,-0.18471,-0.12983,0.95999,-0.71,1.12,0.18,0.44895,-0.24939,-0.03025,0.85752,-0.72,1.1,0.19,0.77125,-0.25276,0.04361,0.58257,-0.72,1.08,0.18,0.77125,-0.25276,0.04361,0.58257,-0.67,1.07,0.11,-0.26048,-0.14001,-0.32313,0.89896,-0.68,1.09,0.15,-0.26322,-0.12156,-0.23689,0.92726,-0.68,1.11,0.17,0.40344,-0.25975,-0.18502,0.85763,-0.69,1.1,0.18,0.7565,-0.35403,-0.05282,0.54734,-0.7,1.08,0.17,0.7565,-0.35403,-0.05282,0.54734,-0.81,1.08,0.19
-0.79,1.45,-0.15,-0.79,1.45,-0.15,-0.85,1.1,0.11,0.33814,-0.08028,-0.14856,-0.92582,-0.86,1.06,0.06,0.33814,-0.08028,-0.14856,-0.92582,-0.82,1.08,0.08,0.44947,-0.20423,0.51719,-0.69913,-0.8,1.09,0.1,0.21552,-0.04138,0.47844,-0.85026,-0.79,1.1,0.13,0.08189,-0.0034,0.5551,-0.82773,-0.79,1.11,0.15,0.08189,-0.0034,0.5551,-0.82773,-0.84,1.08,0.09,0.33814,-0.08028,-0.14856,-0.92582,-0.83,1.12,0.13,0.04804,-0.11941,-0.07288,-0.989,-0.82,1.13,0.16,-0.41521,-0.14617,-0.03449,-0.89724,-0.81,1.11,0.18,-0.60647,-0.1235,-0.00763,-0.78542,-0.81,1.09,0.19,-0.60647,-0.1235,-0.00763,-0.78542,-0.85,1.08,0.09,0.33814,-0.08028,-0.14856,-0.92582,-0.85,1.12,0.13,0.10245,-0.09046,-0.14786,-0.97952,-0.85,1.13,0.17,-0.37435,-0.15244,-0.09995,-0.9092,-0.84,1.11,0.19,-0.60119,-0.15694,-0.12265,-0.77388,-0.83,1.09,0.2,-0.60119,-0.15694,-0.12265,-0.77388,-0.87,1.07,0.09,0.33814,-0.08028,-0.14856,-0.92582,-0.87,1.11,0.13,0.14374,-0.07062,-0.20777,-0.96498,-0.87,1.12,0.17,-0.35165,-0.18336,-0.18371,-0.89943,-0.85,1.11,0.19,-0.60649,-0.25025,-0.14623,-0.74038,-0.84,1.09,0.19,-0.60649,-0.25025,-0.14623,-0.74038,-0.88,1.07,0.09,0.27291,-0.0205,-0.38148,-0.88294,-0.88,1.09,0.13,0.17299,-0.06463,-0.28835,-0.93955,-0.88,1.1,0.16,-0.28701,-0.18337,-0.29942,-0.89126,-0.87,1.1,0.18,-0.50936,-0.30173,-0.2481,-0.76678,-0.86,1.08,0.18,-0.50936,-0.30173,-0.2481,-0.76678,-0.7,1.09,0.12,-0.35755,-0.19289,-0.10651,0.90753,-0.68,1.05,0.07,-0.35755,-0.19289,-0.10651,0.90753,-0.72,1.07,0.09,-0.43403,-0.22818,0.61089,0.62159,-0.75,1.07,0.11,-0.27009,-0.07067,0.57538,0.76876,-0.76,1.08,0.14,-0.20703,-0.06587,0.65284,0.72567,-0.77,1.09,0.16,-0.20703,-0.06587,0.65284,0.72567,-0.71,1.07,0.09,-0.35755,-0.19289,-0.10651,0.90753,-0.73,1.11,0.13,0.02424,-0.27363,0.08818,0.95748,-0.75,1.11,0.16,0.40309,-0.22015,0.16308,0.87319,-0.75,1.09,0.17,0.52853,-0.1661,0.18855,0.81088,-0.76,1.07,0.18,0.52853,-0.1661,0.18855,0.81088,-0.69,1.07,0.1,-0.35755,-0.19289,-0.10651,0.90753,-0.71,1.12,0.13,-0.05773,-0.22415,-0.04446,0.97183,-0.73,1.12,0.17,0.43305,-0.21927,0.05967,0.87225,-0.73,1.1,0.19,0.70756,-0.1678,0.05771,0.68401,-0.74,1.08,0.19,0.70756,-0.1678,0.05771,0.68401,-0.68,1.07,0.1,-0.35755,-0.19289,-0.10651,0.90753,-0.69,1.11,0.14,-0.13578,-0.19126,-0.1332,0.96293,-0.7,1.12,0.17,0.47738,-0.25549,-0.02894,0.84023,-0.71,1.1,0.19,0.79183,-0.25624,0.04763,0.55234,-0.72,1.08,0.18,0.79183,-0.25624,0.04763,0.55234,-0.67,1.07,0.11,-0.27463,-0.13533,-0.33764,0.89009,-0.67,1.09,0.15,-0.26048,-0.13122,-0.24732,0.92399,-0.68,1.11,0.17,0.4049,-0.2737,-0.18636,0.8523,-0.69,1.1,0.18,0.75518,-0.36667,-0.04735,0.54131,-0.7,1.08,0.17,0.75518,-0.36667,-0.04735,0.54131,-0.81,1.08,0.19
-0.79,1.45,-0.15,-0.79,1.45,-0.15,-0.85,1.1,0.11,0.33756,-0.07017,-0.17964,-0.92134,-0.86,1.06,0.06,0.33756,-0.07017,-0.17964,-0.92134,-0.82,1.08,0.08,0.45657,-0.19149,0.49073,-0.71699,-0.8,1.1,0.1,0.22295,-0.04064,0.44703,-0.86534,-0.79,1.11,0.13,0.08994,-0.00765,0.52563,-0.84591,-0.79,1.11,0.15,0.08994,-0.00765,0.52563,-0.84591,-0.84,1.08,0.09,0.33756,-0.07017,-0.17964,-0.92134,-0.83,1.12,0.13,0.04928,-0.11845,-0.10624,-0.98603,-0.83,1.13,0.16,-0.39977,-0.15974,-0.06675,-0.90012,-0.82,1.11,0.18,-0.58622,-0.14364,-0.03784,-0.79642,-0.81,1.09,0.19,-0.58622,-0.14364,-0.03784,-0.79642,-0.85,1.08,0.09,0.33756,-0.07017,-0.17964,-0.92134,-0.86,1.12,0.13,0.10312,-0.08734,-0.18082,-0.97419,-0.85,1.13,0.17,-0.3748,-0.16582,-0.12972,-0.90288,-0.84,1.11,0.19,-0.60034,-0.17729,-0.1476,-0.76575,-0.83,1.09,0.2,-0.60034,-0.17729,-0.1476,-0.76575,-0.87,1.07,0.09,0.33756,-0.07017,-0.17964,-0.92134,-0.87,1.11,0.13,0.14126,-0.06642,-0.24001,-0.95814,-0.87,1.12,0.17,-0.35333,-0.19625,-0.21283,-0.88958,-0.86,1.1,0.19,-0.60426,-0.27102,-0.16995,-0.72975,-0.84,1.09,0.19,-0.60426,-0.27102,-0.16995,-0.72975,-0.88,1.07,0.09,0.27016,-0.0118,-0.41074,-0.87073,-0.88,1.09,0.13,0.17355,-0.05743,-0.32009,-0.92958,-0.88,1.1,0.16,-0.28287,-0.19203,-0.32995,-0.87991,-0.87,1.09,0.18,-0.50132,-0.31819,-0.2746,-0.75633,-0.86,1.08,0.18,-0.50132,-0.31819,-0.2746,-0.75633,-0.7,1.1,0.11,-0.39729,-0.17574,-0.13553,0.89045,-0.68,1.05,0.07,-0.39729,-0.17574,-0.13553,0.89045,-0.72,1.07,0.09,-0.45887,-0.18251,0.5962,0.63299,-0.74,1.08,0.11,-0.29135,-0.0299,0.54786,0.78363,-0.75,1.1,0.14,-0.22014,-0.02115,0.62576,0.74801,-0.76,1.1,0.16,-0.22014,-0.02115,0.62576,0.74801,-0.71,1.08,0.09,-0.39729,-0.17574,-0.13553,0.89045,-0.72,1.12,0.12,-0.02122,-0.25021,0.03975,0.96714,-0.74,1.12,0.16,0.39321,-0.21505,0.11638,0.88634,-0.75,1.11,0.17,0.52486,-0.16738,0.14188,0.82242,-0.75,1.09,0.18,0.52486,-0.16738,0.14188,0.82242,-0.69,1.07,0.1,-0.39729,-0.17574,-0.13553,0.89045,-0.7,1.12,0.13,-0.0351,-0.22176,-0.06166,0.97252,-0.72,1.13,0.17,0.46769,-0.22461,0.04731,0.85357,-0.73,1.1,0.18,0.73934,-0.17316,0.04949,0.6488,-0.73,1.08,0.18,0.73934,-0.17316,0.04949,0.6488,-0.67,1.07,0.1,-0.39729,-0.17574,-0.13553,0.89045,-0.68,1.11,0.14,-0.10223,-0.19908,-0.14812,0.96332,-0.7,1.12,0.17,0.51051,-0.26949,-0.03487,0.81581,-0.71,1.1,0.18,0.81383,-0.2695,0.04869,0.51253,-0.71,1.08,0.17,0.81383,-0.2695,0.04869,0.51253,-0.67,1.07,0.11,-0.31288,-0.12989,-0.3681,0.86587,-0.67,1.1,0.14,-0.25737,-0.14427,-0.27221,0.91589,-0.67,1.12,0.17,0.41593,-0.30196,-0.19246,0.83593,-0.69,1.1,0.17,0.75507,-0.39366,-0.04074,0.52272,-0.7,1.09,0.17,0.75507,-0.39366,-0.04074,0.52272,-0.81,1.08,0.19
-0.79,1.45,-0.15,-0.79,1.45,-0.15,-0.86,1.1,0.11,0.35408,-0.06109,-0.20967,-0.90936,-0.86,1.06,0.06,0.35408,-0.06109,-0.20967,-0.90936,-0.83,1.08,0.08,0.47307,-0.16859,0.46983,-0.72598,-0.8,1.1,0.1,0.23938,-0.02739,0.41864,-0.87561,-0.8,1.11,0.13,0.10819,0.00087,0.49777,-0.86053,-0.79,1.12,0.15,0.10819,0.00087,0.49777,-0.86053,-0.84,1.09,0.09,0.35408,-0.06109,-0.20967,-0.90936,-0.84,1.13,0.13,0.06742,-0.11809,-0.13774,-0.98109,-0.83,1.13,0.16,-0.37794,-0.17361,-0.09549,-0.90438,-0.82,1.12,0.18,-0.56195,-0.16313,-0.06457,-0.80835,-0.81,1.1,0.19,-0.56195,-0.16313,-0.06457,-0.80835,-0.85,1.08,0.09,0.35408,-0.06109,-0.20967,-0.90936,-0.86,1.12,0.13,0.1284,-0.08332,-0.21395,-0.96478,-0.85,1.14,0.17,-0.35362,-0.17939,-0.1595,-0.90407,-0.84,1.12,0.19,-0.58351,-0.19976,-0.17232,-0.76806,-0.83,1.1,0.2,-0.58351,-0.19976,-0.17232,-0.76806,-0.87,1.08,0.09,0.35408,-0.06109,-0.20967,-0.90936,-0.87,1.11,0.13,0.16362,-0.06221,-0.27242,-0.94612,-0.87,1.12,0.17,-0.33211,-0.21072,-0.24119,-0.88721,-0.86,1.11,0.19,-0.58483,-0.29415,-0.19123,-0.73136,-0.84,1.09,0.19,-0.58483,-0.29415,-0.19123,-0.73136,-0.88,1.07,0.1,0.28404,-0.00866,-0.43981,-0.85194,-0.89,1.09,0.13,0.18971,-0.05411,-0.35138,-0.91521,-0.89,1.1,0.16,-0.26297,-0.20516,-0.35831,-0.87199,-0.88,1.1,0.18,-0.48053,-0.33897,-0.29647,-0.75252,-0.86,1.09,0.18,-0.48053,-0.33897,-0.29647,-0.75252,-0.69,1.1,0.11,-0.45474,-0.15214,-0.15565,0.86362,-0.68,1.05,0.07,-0.45474,-0.15214,-0.15565,0.86362,-0.71,1.08,0.09,-0.47649,-0.12094,0.59799,0.63304,-0.74,1.09,0.11,-0.30194,0.03636,0.53323,0.78942,-0.75,1.11,0.13,-0.19976,0.06468,0.60473,0.76825,-0.75,1.12,0.16,-0.19976,0.06468,0.60473,0.76825,-0.7,1.08,0.09,-0.45474,-0.15214,-0.15565,0.86362,-0.71,1.13,0.11,-0.07531,-0.20964,-0.01008,0.97482,-0.73,1.14,0.15,0.39006,-0.19774,0.06394,0.89703,-0.74,1.12,0.16,0.53814,-0.15681,0.09012,0.82323,-0.74,1.1,0.17,0.53814,-0.15681,0.09012,0.82323,-0.69,1.08,0.09,-0.45474,-0.15214,-0.15565,0.86362,-0.69,1.13,0.12,-0.04999,-0.20963,-0.08036,0.97319,-0.71,1.14,0.16,0.47969,-0.22304,0.03146,0.84803,-0.72,1.11,0.17,0.75772,-0.17442,0.03591,0.62781,-0.72,1.09,0.17,0.75772,-0.17442,0.03591,0.62781,-0.67,1.08,0.1,-0.45474,-0.15214,-0.15565,0.86362,-0.68,1.12,0.13,-0.1221,-0.19469,-0.16562,0.95904,-0.69,1.13,0.16,0.50523,-0.27803,-0.04662,0.81564,-0.7,1.11,0.17,0.81443,-0.28123,0.0444,0.50561,-0.71,1.09,0.16,0.81443,-0.28123,0.0444,0.50561,-0.67,1.07,0.1,-0.37105,-0.12307,-0.39051,0.83347,-0.66,1.11,0.13,-0.28991,-0.14485,-0.29313,0.89947,-0.66,1.12,0.16,0.4077,-0.32475,-0.19772,0.8302,-0.68,1.11,0.17,0.74935,-0.4159,-0.03084,0.51435,-0.69,1.1,0.16,0.74935,-0.4159,-0.03084,0.51435,-0.81,1.08,0.19
-0.79,1.45,-0.15,-0.79,1.45,-0.15,-0.86,1.1,0.11,0.36268,-0.06122,-0.19897,-0.90837,-0.86,1.06,0.06,0.36268,-0.06122,-0.19897,-0.90837,-0.83,1.08,0.08,0.47093,-0.16301,0.48442,-0.71902,-0.8,1.1,0.1,0.23875,-0.01696,0.43164,-0.86971,-0.8,1.11,0.13,0.10471,0.01429,0.5086,-0.85449,-0.79,1.12,0.15,0.10471,0.01429,0.5086,-0.85449,-0.84,1.09,0.09,0.36268,-0.06122,-0.19897,-0.90837,-0.84,1.13,0.13,0.0723,-0.11441,-0.12741,-0.98257,-0.83,1.13,0.16,-0.37721,-0.16615,-0.08732,-0.90691,-0.82,1.12,0.18,-0.56245,-0.15419,-0.05798,-0.81026,-0.81,1.1,0.19,-0.56245,-0.15419,-0.05798,-0.81026,-0.85,1.08,0.09,0.36268,-0.06122,-0.19897,-0.90837,-0.86,1.12,0.13,0.13783,-0.08097,-0.20386,-0.96586,-0.85,1.14,0.17,-0.35079,-0.17341,-0.15086,-0.90781,-0.84,1.12,0.19,-0.58308,-0.19223,-0.16551,-0.7718,-0.83,1.1,0.19,-0.58308,-0.19223,-0.16551,-0.7718,-0.87,1.08,0.09,0.36268,-0.06122,-0.19897,-0.90837,-0.87,1.11,0.13,0.17575,-0.06015,-0.26263,-0.94685,-0.87,1.12,0.17,-0.32497,-0.20528,-0.23302,-0.89329,-0.86,1.11,0.19,-0.58074,-0.28691,-0.18482,-0.7391,-0.84,1.09,0.19,-0.58074,-0.28691,-0.18482,-0.7391,-0.88,1.07,0.09,0.29385,-0.01051,-0.43046,-0.85337,-0.89,1.09,0.13,0.19798,-0.05313,-0.34208,-0.91704,-0.89,1.11,0.16,-0.25538,-0.20029,-0.35098,-0.87834,-0.88,1.1,0.18,-0.47609,-0.33276,-0.29019,-0.76053,-0.86,1.09,0.18,-0.47609,-0.33276,-0.29019,-0.76053,-0.69,1.11,0.1,-0.48956,-0.15788,-0.13674,0.84659,-0.68,1.05,0.07,-0.48956,-0.15788,-0.13674,0.84659,-0.72,1.08,0.09,-0.47962,-0.10414,0.62711,0.60486,-0.74,1.09,0.11,-0.29879,0.07118,0.55843,0.77059,-0.75,1.11,0.13,-0.16215,0.12819,0.61737,0.75903,-0.75,1.12,0.15,-0.16215,0.12819,0.61737,0.75903,-0.71,1.08,0.09,-0.48956,-0.15788,-0.13674,0.84659,-0.72,1.13,0.11,-0.09457,-0.195,0.00194,0.97623,-0.73,1.14,0.14,0.38595,-0.17874,0.0704,0.9023,-0.74,1.12,0.16,0.55079,-0.1353,0.09613,0.81798,-0.74,1.1,0.17,0.55079,-0.1353,0.09613,0.81798,-0.69,1.08,0.09,-0.48956,-0.15788,-0.13674,0.84659,-0.7,1.13,0.11,-0.06618,-0.20475,-0.06068,0.97469,-0.71,1.14,0.15,0.48007,-0.20789,0.04872,0.85085,-0.72,1.12,0.16,0.77103,-0.15185,0.04849,0.61653,-0.72,1.09,0.16,0.77103,-0.15185,0.04849,0.61653,-0.67,1.08,0.09,-0.48956,-0.15788,-0.13674,0.84659,-0.68,1.12,0.12,-0.15691,-0.19535,-0.14709,0.95686,-0.69,1.14,0.15,0.49645,-0.26886,-0.02516,0.825,-0.7,1.12,0.16,0.82391,-0.26108,0.06522,0.49875,-0.71,1.1,0.15,0.82391,-0.26108,0.06522,0.49875,-0.67,1.08,0.1,-0.40653,-0.13789,-0.37346,0.82235,-0.66,1.11,0.13,-0.33184,-0.15117,-0.2766,0.88911,-0.67,1.13,0.15,0.38172,-0.32408,-0.17692,0.84733,-0.68,1.12,0.16,0.75286,-0.40503,-2e-05,0.5188,-0.69,1.1,0.15,0.75286,-0.40503,-2e-05,0.5188,-0.81,1.08,0.19
-0.79,1.45,-0.15,-0.79,1.45,-0.15,-0.85,1.1,0.11,0.35814,-0.06466,-0.16107,-0.91739,-0.86,1.06,0.06,0.35814,-0.06466,-0.16107,-0.91739,-0.82,1.08,0.09,0.44573,-0.16907,0.52458,-0.70538,-0.8,1.09,0.1,0.21758,-0.00777,0.47394,-0.85322,-0.79,1.1,0.13,0.0795,0.03026,0.54643,-0.83317,-0.79,1.11,0.16,0.0795,0.03026,0.54643,-0.83317,-0.84,1.08,0.09,0.35814,-0.06466,-0.16107,-0.91739,-0.83,1.12,0.13,0.06086,-0.10532,-0.0905,-0.98844,-0.83,1.13,0.16,-0.39958,-0.14187,-0.05709,-0.90386,-0.82,1.11,0.18,-0.58476,-0.12396,-0.03255,-0.80102,-0.81,1.09,0.19,-0.58476,-0.12396,-0.03255,-0.80102,-0.85,1.08,0.09,0.35814,-0.06466,-0.16107,-0.91739,-0.85,1.12,0.13,0.12636,-0.07687,-0.16535,-0.97508,-0.85,1.13,0.17,-0.36509,-0.1509,-0.11941,-0.91087,-0.84,1.12,0.19,-0.59555,-0.16138,-0.14149,-0.77411,-0.83,1.09,0.19,-0.59555,-0.16138,-0.14149,-0.77411,-0.87,1.07,0.09,0.35814,-0.06466,-0.16107,-0.91739,-0.87,1.11,0.13,0.16931,-0.05742,-0.22447,-0.95794,-0.87,1.12,0.17,-0.33592,-0.18343,-0.20216,-0.90147,-0.86,1.11,0.18,-0.59394,-0.25664,-0.16273,-0.74491,-0.84,1.09,0.19,-0.59394,-0.25664,-0.16273,-0.74491,-0.88,1.07,0.09,0.2939,-0.01094,-0.39494,-0.87036,-0.88,1.09,0.13,0.1922,-0.05177,-0.30494,-0.93134,-0.89,1.1,0.16,-0.26745,-0.18178,-0.31947,-0.89071,-0.88,1.1,0.17,-0.49518,-0.3075,-0.2649,-0.76816,-0.86,1.08,0.18,-0.49518,-0.3075,-0.2649,-0.76816,-0.7,1.11,0.1,-0.49896,-0.16757,-0.10481,0.84379,-0.68,1.05,0.07,-0.49896,-0.16757,-0.10481,0.84379,-0.72,1.08,0.09,-0.46752,-0.11193,0.66076,0.57645,-0.74,1.09,0.11,-0.27945,0.08719,0.59489,0.74861,-0.75,1.1,0.13,-0.11236,0.17498,0.63919,0.7404,-0.75,1.11,0.15,-0.11236,0.17498,0.63919,0.7404,-0.71,1.08,0.09,-0.49896,-0.16757,-0.10481,0.84379,-0.72,1.13,0.11,-0.07828,-0.18609,0.0372,0.9787,-0.74,1.14,0.14,0.42087,-0.15162,0.10037,0.88871,-0.74,1.12,0.15,0.60242,-0.09976,0.12459,0.78206,-0.74,1.1,0.16,0.60242,-0.09976,0.12459,0.78206,-0.69,1.08,0.09,-0.49896,-0.16757,-0.10481,0.84379,-0.7,1.13,0.11,-0.05698,-0.19736,-0.02771,0.97828,-0.72,1.14,0.15,0.5071,-0.182,0.07594,0.83902,-0.72,1.12,0.16,0.8058,-0.11199,0.06633,0.57771,-0.72,1.09,0.15,0.8058,-0.11199,0.06633,0.57771,-0.68,1.08,0.09,-0.49896,-0.16757,-0.10481,0.84379,-0.68,1.13,0.12,-0.16326,-0.1919,-0.11636,0.96072,-0.7,1.14,0.15,0.5111,-0.24672,0.00074,0.82335,-0.71,1.12,0.16,0.84836,-0.22569,0.08236,0.47177,-0.71,1.1,0.15,0.84836,-0.22569,0.08236,0.47177,-0.67,1.08,0.1,-0.41816,-0.14902,-0.34311,0.82778,-0.67,1.11,0.13,-0.34825,-0.15264,-0.24771,0.8911,-0.67,1.13,0.15,0.38737,-0.30935,-0.15023,0.85538,-0.68,1.12,0.16,0.77793,-0.37753,0.02515,0.50165,-0.69,1.11,0.15,0.77793,-0.37753,0.02515,0.50165,-0.81,1.08,0.19
-0.79,1.45,-0.15,-0.79,1.45,-0.15,-0.85,1.1,0.11,0.36037,-0.06606,-0.15016,-0.91827,-0.86,1.06,0.06,0.36037,-0.06606,-0.15016,-0.91827,-0.82,1.08,0.09,0.43725,-0.16444,0.5397,-0.70035,-0.8,1.09,0.1,0.2114,0.00206,0.48768,-0.84704,-0.79,1.1,0.14,0.07292,0.04149,0.55792,-0.82564,-0.79,1.11,0.16,0.07292,0.04149,0.55792,-0.82564,-0.83,1.08,0.09,0.36037,-0.06606,-0.15016,-0.91827,-0.83,1.12,0.13,0.05587,-0.10156,-0.08036,-0.99,-0.82,1.13,0.16,-0.41499,-0.13434,-0.0483,-0.89856,-0.82,1.11,0.18,-0.60093,-0.11473,-0.0247,-0.79064,-0.81,1.09,0.18,-0.60093,-0.11473,-0.0247,-0.79064,-0.85,1.08,0.09,0.36037,-0.06606,-0.15016,-0.91827,-0.85,1.12,0.13,0.10436,-0.08132,-0.15121,-0.97961,-0.85,1.13,0.17,-0.3836,-0.14728,-0.10547,-0.90556,-0.84,1.11,0.19,-0.611,-0.15291,-0.12892,-0.76594,-0.83,1.09,0.19,-0.611,-0.15291,-0.12892,-0.76594,-0.87,1.07,0.09,0.36037,-0.06606,-0.15016,-0.91827,-0.87,1.11,0.13,0.15271,-0.06436,-0.21057,-0.96343,-0.87,1.12,0.17,-0.35069,-0.18123,-0.18764,-0.89942,-0.86,1.11,0.18,-0.60776,-0.24976,-0.14999,-0.73875,-0.84,1.09,0.19,-0.60776,-0.24976,-0.14999,-0.73875,-0.87,1.07,0.09,0.29729,-0.01243,-0.38485,-0.87371,-0.88,1.09,0.13,0.18545,-0.06129,-0.29154,-0.93641,-0.88,1.1,0.16,-0.28075,-0.18492,-0.30276,-0.89181,-0.87,1.1,0.17,-0.51476,-0.30747,-0.24662,-0.76136,-0.86,1.08,0.18,-0.51476,-0.30747,-0.24662,-0.76136,-0.7,1.1,0.1,-0.48668,-0.16113,-0.08504,0.85437,-0.68,1.05,0.07,-0.48668,-0.16113,-0.08504,0.85437,-0.72,1.07,0.09,-0.44322,-0.12914,0.67962,0.57009,-0.74,1.08,0.11,-0.24759,0.08727,0.61915,0.74009,-0.75,1.1,0.14,-0.05867,0.19801,0.65291,0.72873,-0.75,1.11,0.16,-0.05867,0.19801,0.65291,0.72873,-0.71,1.08,0.09,-0.48668,-0.16113,-0.08504,0.85437,-0.72,1.13,0.11,-0.04525,-0.17215,0.05681,0.98239,-0.74,1.13,0.14,0.48378,-0.12481,0.11504,0.85857,-0.74,1.11,0.16,0.67776,-0.06647,0.13747,0.71926,-0.74,1.09,0.16,0.67776,-0.06647,0.13747,0.71926,-0.69,1.08,0.09,-0.48668,-0.16113,-0.08504,0.85437,-0.7,1.13,0.11,-0.01055,-0.18175,-0.0087,0.98325,-0.72,1.13,0.15,0.5994,-0.15212,0.09249,0.7804,-0.72,1.11,0.16,0.89154,-0.06133,0.07414,0.44261,-0.72,1.09,0.15,0.89154,-0.06133,0.07414,0.44261,-0.68,1.08,0.09,-0.48668,-0.16113,-0.08504,0.85437,-0.69,1.12,0.12,-0.14718,-0.1743,-0.10388,0.96807,-0.7,1.14,0.15,0.55256,-0.22433,0.00435,0.80271,-0.71,1.11,0.16,0.88845,-0.19799,0.07966,0.40634,-0.71,1.09,0.15,0.88845,-0.19799,0.07966,0.40634,-0.67,1.08,0.1,-0.41019,-0.13839,-0.32456,0.84098,-0.67,1.11,0.13,-0.37498,-0.12312,-0.2372,0.88767,-0.67,1.13,0.15,0.36763,-0.28412,-0.16191,0.87058,-0.68,1.12,0.16,0.77888,-0.36232,0.00888,0.51185,-0.69,1.11,0.15,0.77888,-0.36232,0.00888,0.51185,-0.81,1.08,0.19
-0.79,1.45,-0.15,-0.79,1.45,-0.15,-0.85,1.1,0.11,0.36889,-0.06662,-0.15222,-0.9145,-0.86,1.06,0.06,0.36889,-0.06662,-0.15222,-0.9145,-0.82,1.08,0.09,0.44102,-0.15384,0.54169,-0.69887,-0.8,1.09,0.11,0.2165,0.01227,0.4863,-0.84645,-0.79,1.1,0.14,0.08083,0.04946,0.55593,-0.82581,-0.79,1.11,0.16,0.08083,0.04946,0.55593,-0.82581,-0.84,1.08,0.09,0.36889,-0.06662,-0.15222,-0.9145,-0.83,1.12,0.13,0.05386,-0.10059,-0.08281,-0.99001,-0.82,1.13,0.16,-0.4202,-0.13478,-0.05041,-0.89595,-0.82,1.11,0.18,-0.60614,-0.11561,-0.02639,-0.78647,-0.81,1.09,0.18,-0.60614,-0.11561,-0.02639,-0.78647,-0.85,1.08,0.09,0.36889,-0.06662,-0.15222,-0.9145,-0.85,1.12,0.13,0.09145,-0.0884,-0.14954,-0.98054,-0.85,1.13,0.17,-0.3901,-0.15192,-0.10151,-0.90246,-0.84,1.11,0.19,-0.61552,-0.15578,-0.12391,-0.76257,-0.83,1.09,0.19,-0.61552,-0.15578,-0.12391,-0.76257,-0.87,1.07,0.09,0.36889,-0.06662,-0.15222,-0.9145,-0.87,1.11,0.13,0.1429,-0.0742,-0.20881,-0.96461,-0.87,1.12,0.17,-0.35526,-0.18751,-0.1823,-0.89744,-0.85,1.11,0.18,-0.61109,-0.25386,-0.14326,-0.73593,-0.84,1.09,0.19,-0.61109,-0.25386,-0.14326,-0.73593,-0.88,1.07,0.09,0.30519,-0.01531,-0.38724,-0.86987,-0.88,1.09,0.13,0.18592,-0.07466,-0.28959,-0.93595,-0.88,1.1,0.16,-0.28374,-0.19669,-0.29435,-0.89116,-0.87,1.1,0.17,-0.52142,-0.31721,-0.23396,-0.75681,-0.86,1.08,0.18,-0.52142,-0.31721,-0.23396,-0.75681,-0.7,1.1,0.1,-0.48542,-0.15611,-0.07371,0.85707,-0.68,1.05,0.07,-0.48542,-0.15611,-0.07371,0.85707,-0.72,1.07,0.09,-0.4392,-0.14059,0.68585,0.56298,-0.74,1.08,0.11,-0.23827,0.08486,0.62916,0.73497,-0.75,1.1,0.14,-0.02937,0.21671,0.65442,0.72382,-0.74,1.11,0.16,-0.02937,0.21671,0.65442,0.72382,-0.71,1.08,0.09,-0.48542,-0.15611,-0.07371,0.85707,-0.72,1.13,0.11,-0.03356,-0.16298,0.06783,0.98372,-0.74,1.13,0.15,0.52977,-0.10584,0.12409,0.83231,-0.74,1.11,0.16,0.74083,-0.04074,0.14524,0.65454,-0.73,1.09,0.15,0.74083,-0.04074,0.14524,0.65454,-0.69,1.08,0.09,-0.48542,-0.15611,-0.07371,0.85707,-0.7,1.13,0.11,0.01892,-0.17164,0.00339,0.98497,-0.72,1.13,0.15,0.66689,-0.13048,0.10332,0.72633,-0.72,1.1,0.16,0.94526,-0.02166,0.07721,0.31631,-0.72,1.09,0.14,0.94526,-0.02166,0.07721,0.31631,-0.68,1.08,0.09,-0.48542,-0.15611,-0.07371,0.85707,-0.69,1.12,0.12,-0.1386,-0.1626,-0.09767,0.97201,-0.7,1.14,0.16,0.59037,-0.21064,0.00775,0.77912,-0.7,1.11,0.16,0.92324,-0.17688,0.08135,0.33124,-0.7,1.1,0.14,0.92324,-0.17688,0.08135,0.33124,-0.67,1.08,0.1,-0.41155,-0.13269,-0.31406,0.84521,-0.67,1.11,0.13,-0.39668,-0.10419,-0.23167,0.88211,-0.67,1.13,0.15,0.34402,-0.26833,-0.17148,0.88332,-0.68,1.12,0.16,0.77271,-0.35451,-0.00269,0.52653,-0.69,1.11,0.15,0.77271,-0.35451,-0.00269,0.52653,-0.81,1.08,0.19
-0.79,1.45,-0.15,-0.79,1.45,-0.15,-0.85,1.1,0.11,0.3665,-0.06584,-0.16383,-0.91351,-0.86,1.06,0.06,0.3665,-0.06584,-0.16383,-0.91351,-0.82,1.08,0.09,0.44495,-0.15222,0.52998,-0.70567,-0.8,1.09,0.11,0.21833,0.00993,0.47397,-0.85299,-0.8,1.1,0.14,0.08905,0.0412,0.54553,-0.83232,-0.79,1.11,0.16,0.08905,0.0412,0.54553,-0.83232,-0.84,1.08,0.09,0.3665,-0.06584,-0.16383,-0.91351,-0.83,1.12,0.13,0.04565,-0.10335,-0.09399,-0.98914,-0.83,1.13,0.16,-0.42281,-0.14198,-0.05968,-0.89303,-0.82,1.11,0.18,-0.60632,-0.12452,-0.03417,-0.78467,-0.81,1.09,0.18,-0.60632,-0.12452,-0.03417,-0.78467,-0.85,1.08,0.09,0.3665,-0.06584,-0.16383,-0.91351,-0.85,1.12,0.13,0.07873,-0.09443,-0.15848,-0.97968,-0.85,1.13,0.17,-0.39235,-0.1603,-0.10799,-0.89928,-0.84,1.11,0.19,-0.61488,-0.16512,-0.12813,-0.76042,-0.83,1.09,0.19,-0.61488,-0.16512,-0.12813,-0.76042,-0.87,1.07,0.09,0.3665,-0.06584,-0.16383,-0.91351,-0.87,1.11,0.13,0.13566,-0.07914,-0.21837,-0.96315,-0.87,1.12,0.17,-0.3545,-0.19494,-0.18942,-0.89468,-0.86,1.1,0.18,-0.60757,-0.26278,-0.1482,-0.73474,-0.84,1.09,0.19,-0.60757,-0.26278,-0.1482,-0.73474,-0.88,1.07,0.09,0.30144,-0.01441,-0.39795,-0.86635,-0.89,1.09,0.13,0.18534,-0.07728,-0.29966,-0.93267,-0.88,1.1,0.16,-0.2818,-0.20329,-0.30199,-0.88773,-0.87,1.1,0.17,-0.51652,-0.32514,-0.23983,-0.75497,-0.86,1.08,0.18,-0.51652,-0.32514,-0.23983,-0.75497,-0.7,1.1,0.11,-0.43379,-0.17051,-0.13424,0.87449,-0.68,1.05,0.07,-0.43379,-0.17051,-0.13424,0.87449,-0.72,1.07,0.09,-0.4558,-0.19591,0.62227,0.60551,-0.75,1.08,0.11,-0.25846,-0.00795,0.58239,0.77069,-0.76,1.1,0.14,-0.07212,0.09699,0.63919,0.75949,-0.76,1.1,0.16,-0.07212,0.09699,0.63919,0.75949,-0.71,1.08,0.09,-0.43379,-0.17051,-0.13424,0.87449,-0.72,1.13,0.12,-0.13315,-0.21572,-0.00858,0.9673,-0.74,1.14,0.15,0.27602,-0.20779,0.05526,0.93679,-0.75,1.12,0.17,0.45002,-0.16779,0.08365,0.87311,-0.75,1.11,0.18,0.45002,-0.16779,0.08365,0.87311,-0.7,1.08,0.09,-0.43379,-0.17051,-0.13424,0.87449,-0.7,1.13,0.12,-0.1039,-0.20417,-0.07912,0.97018,-0.72,1.14,0.16,0.32993,-0.22053,0.00488,0.91787,-0.73,1.12,0.18,0.61437,-0.19569,0.00294,0.76436,-0.74,1.1,0.18,0.61437,-0.19569,0.00294,0.76436,-0.68,1.08,0.1,-0.43379,-0.17051,-0.13424,0.87449,-0.69,1.12,0.13,-0.20238,-0.17478,-0.17045,0.94839,-0.7,1.14,0.16,0.35316,-0.26274,-0.08365,0.89401,-0.71,1.12,0.18,0.69411,-0.29089,0.00108,0.65848,-0.72,1.1,0.18,0.69411,-0.29089,0.00108,0.65848,-0.67,1.07,0.1,-0.34977,-0.1346,-0.36875,0.85063,-0.67,1.1,0.14,-0.36351,-0.10618,-0.28676,0.87998,-0.67,1.13,0.16,0.29583,-0.28887,-0.22962,0.88109,-0.68,1.12,0.17,0.6982,-0.40315,-0.05717,0.58883,-0.7,1.1,0.17,0.6982,-0.40315,-0.05717,0.58883,-0.81,1.08,0.19
-0.79,1.45,-0.15,-0.79,1.45,-0.15,-0.85,1.1,0.11,0.34988,-0.06343,-0.16081,-0.92071,-0.86,1.06,0.06,0.34988,-0.06343,-0.16081,-0.92071,-0.82,1.08,0.09,0.43007,-0.16178,0.53131,-0.71175,-0.8,1.09,0.11,0.20141,0.00285,0.47827,-0.8548,-0.8,1.1,0.14,0.07537,0.03138,0.5503,-0.83097,-0.79,1.11,0.16,0.07537,0.03138,0.5503,-0.83097,-0.84,1.08,0.09,0.34988,-0.06343,-0.16081,-0.92071,-0.83,1.12,0.13,0.02249,-0.10212,-0.09034,-0.99041,-0.83,1.12,0.17,-0.43671,-0.13813,-0.05832,-0.88702,-0.82,1.1,0.18,-0.61522,-0.12017,-0.03383,-0.77841,-0.81,1.08,0.19,-0.61522,-0.12017,-0.03383,-0.77841,-0.85,1.07,0.09,0.34988,-0.06343,-0.16081,-0.92071,-0.85,1.12,0.13,0.05718,-0.09281,-0.15467,-0.98193,-0.85,1.12,0.17,-0.40448,-0.15587,-0.10683,-0.89481,-0.84,1.1,0.19,-0.62179,-0.1594,-0.12833,-0.75598,-0.83,1.08,0.19,-0.62179,-0.1594,-0.12833,-0.75598,-0.87,1.07,0.09,0.34988,-0.06343,-0.16081,-0.92071,-0.87,1.11,0.13,0.11734,-0.07566,-0.21512,-0.96656,-0.87,1.12,0.17,-0.36762,-0.18871,-0.18953,-0.89069,-0.86,1.1,0.19,-0.61684,-0.25626,-0.15101,-0.72872,-0.84,1.08,0.19,-0.61684,-0.25626,-0.15101,-0.72872,-0.88,1.07,0.1,0.28614,-0.00757,-0.39423,-0.8733,-0.89,1.09,0.13,0.16927,-0.07105,-0.29711,-0.93703,-0.88,1.1,0.16,-0.29735,-0.19528,-0.30267,-0.88422,-0.87,1.09,0.18,-0.52997,-0.31746,-0.2437,-0.74764,-0.86,1.08,0.18,-0.52997,-0.31746,-0.2437,-0.74764,-0.7,1.1,0.11,-0.41543,-0.20254,-0.16745,0.87084,-0.68,1.05,0.07,-0.41543,-0.20254,-0.16745,0.87084,-0.72,1.07,0.09,-0.48171,-0.21369,0.58469,0.61679,-0.75,1.09,0.1,-0.28308,-0.04253,0.54939,0.785,-0.76,1.1,0.13,-0.1223,0.03813,0.61979,0.77424,-0.76,1.11,0.15,-0.1223,0.03813,0.61979,0.77424,-0.71,1.08,0.09,-0.41543,-0.20254,-0.16745,0.87084,-0.73,1.13,0.12,-0.09786,-0.25553,-0.02623,0.96148,-0.74,1.13,0.15,0.32084,-0.24952,0.05914,0.91176,-0.75,1.12,0.16,0.48387,-0.20844,0.09514,0.84461,-0.76,1.1,0.18,0.48387,-0.20844,0.09514,0.84461,-0.7,1.08,0.09,-0.41543,-0.20254,-0.16745,0.87084,-0.71,1.13,0.13,-0.08149,-0.24528,-0.09842,0.96099,-0.72,1.14,0.16,0.38018,-0.26522,0.01532,0.88594,-0.74,1.12,0.18,0.64456,-0.23206,0.02606,0.72802,-0.74,1.09,0.18,0.64456,-0.23206,0.02606,0.72802,-0.68,1.08,0.1,-0.41543,-0.20254,-0.16745,0.87084,-0.69,1.12,0.13,-0.15531,-0.22044,-0.18581,0.94486,-0.7,1.13,0.17,0.41026,-0.30855,-0.06617,0.85563,-0.72,1.11,0.18,0.7198,-0.32461,0.02987,0.61288,-0.73,1.09,0.17,0.7198,-0.32461,0.02987,0.61288,-0.68,1.07,0.11,-0.32077,-0.16292,-0.39699,0.84437,-0.68,1.1,0.14,-0.29219,-0.16798,-0.30438,0.89093,-0.68,1.12,0.16,0.34853,-0.33801,-0.20898,0.84888,-0.69,1.11,0.17,0.69078,-0.43347,-0.04236,0.57718,-0.71,1.1,0.17,0.69078,-0.43347,-0.04236,0.57718,-0.81,1.08,0.19
-0.79,1.45,-0.15,-0.79,1.45,-0.15,-0.85,1.09,0.11,0.33459,-0.06068,-0.15308,-0.92787,-0.86,1.06,0.06,0.33459,-0.06068,-0.15308,-0.92787,-0.82,1.07,0.09,0.41394,-0.16979,0.53686,-0.71527,-0.8,1.09,0.11,0.18446,-0.00154,0.48637,-0.85406,-0.8,1.1,0.14,0.06191,0.02449,0.55828,-0.82698,-0.79,1.1,0.16,0.06191,0.02449,0.55828,-0.82698,-0.84,1.08,0.09,0.33459,-0.06068,-0.15308,-0.92787,-0.83,1.12,0.13,-0.00086,-0.1004,-0.08117,-0.99163,-0.83,1.12,0.17,-0.45009,-0.13134,-0.05233,-0.88172,-0.82,1.1,0.18,-0.62369,-0.11199,-0.02954,-0.77305,-0.81,1.08,0.19,-0.62369,-0.11199,-0.02954,-0.77305,-0.85,1.07,0.09,0.33459,-0.06068,-0.15308,-0.92787,-0.85,1.12,0.13,0.03637,-0.08957,-0.1465,-0.98448,-0.85,1.12,0.17,-0.41624,-0.14807,-0.10243,-0.89125,-0.84,1.1,0.19,-0.62878,-0.14969,-0.12619,-0.75253,-0.83,1.08,0.2,-0.62878,-0.14969,-0.12619,-0.75253,-0.87,1.07,0.09,0.33459,-0.06068,-0.15308,-0.92787,-0.87,1.1,0.13,0.09976,-0.07077,-0.20754,-0.97055,-0.87,1.11,0.17,-0.38138,-0.1794,-0.18631,-0.8875,-0.86,1.1,0.19,-0.62786,-0.24593,-0.15136,-0.72277,-0.84,1.08,0.19,-0.62786,-0.24593,-0.15136,-0.72277,-0.88,1.07,0.1,0.27286,-0.0006,-0.38613,-0.88117,-0.89,1.09,0.13,0.15433,-0.06327,-0.29042,-0.94225,-0.88,1.1,0.16,-0.31537,-0.18509,-0.29998,-0.88108,-0.87,1.09,0.18,-0.54883,-0.30754,-0.24409,-0.73799,-0.86,1.07,0.18,-0.54883,-0.30754,-0.24409,-0.73799,-0.7,1.1,0.11,-0.41148,-0.22756,-0.17531,0.86497,-0.68,1.05,0.07,-0.41148,-0.22756,-0.17531,0.86497,-0.72,1.07,0.09,-0.4947,-0.2097,0.57567,0.61636,-0.75,1.09,0.1,-0.30048,-0.04601,0.5385,0.78588,-0.76,1.1,0.13,-0.15942,0.01912,0.61286,0.77371,-0.77,1.11,0.15,-0.15942,0.01912,0.61286,0.77371,-0.71,1.08,0.09,-0.41148,-0.22756,-0.17531,0.86497,-0.73,1.13,0.12,-0.06911,-0.27441,-0.02438,0.95882,-0.75,1.13,0.15,0.35375,-0.26455,0.07089,0.89434,-0.76,1.12,0.16,0.50915,-0.22138,0.10933,0.8245,-0.76,1.1,0.17,0.50915,-0.22138,0.10933,0.8245,-0.7,1.08,0.1,-0.41148,-0.22756,-0.17531,0.86497,-0.71,1.13,0.12,-0.07485,-0.27067,-0.09688,0.95486,-0.73,1.13,0.16,0.37656,-0.28707,0.02636,0.8804,-0.74,1.12,0.17,0.61084,-0.25378,0.03635,0.7491,-0.75,1.09,0.18,0.61084,-0.25378,0.03635,0.7491,-0.68,1.08,0.1,-0.41148,-0.22756,-0.17531,0.86497,-0.69,1.12,0.13,-0.13497,-0.25191,-0.18024,0.94119,-0.71,1.13,0.17,0.40579,-0.32953,-0.05154,0.85093,-0.72,1.11,0.18,0.68702,-0.34227,0.03937,0.63977,-0.73,1.09,0.17,0.68702,-0.34227,0.03937,0.63977,-0.68,1.07,0.11,-0.31077,-0.1873,-0.40236,0.8405,-0.68,1.1,0.14,-0.23496,-0.22758,-0.29152,0.8989,-0.69,1.12,0.16,0.37935,-0.36705,-0.1711,0.83192,-0.7,1.11,0.17,0.6804,-0.44235,-0.0191,0.58397,-0.71,1.09,0.17,0.6804,-0.44235,-0.0191,0.58397,-0.81,1.08,0.19
-0.79,1.45,-0.15,-0.79,1.45,-0.15,-0.85,1.09,0.11,0.33166,-0.05986,-0.15082,-0.92934,-0.86,1.06,0.06,0.33166,-0.05986,-0.15082,-0.92934,-0.82,1.07,0.09,0.41189,-0.16934,0.53725,-0.71627,-0.8,1.09,0.11,0.18181,-0.00051,0.48664,-0.85447,-0.8,1.1,0.14,0.06116,0.02395,0.55856,-0.82686,-0.8,1.1,0.16,0.06116,0.02395,0.55856,-0.82686,-0.84,1.08,0.09,0.33166,-0.05986,-0.15082,-0.92934,-0.83,1.12,0.13,-0.00992,-0.10244,-0.07625,-0.99176,-0.83,1.12,0.17,-0.45519,-0.13054,-0.04754,-0.87949,-0.82,1.1,0.18,-0.62657,-0.11011,-0.02512,-0.77114,-0.81,1.08,0.19,-0.62657,-0.11011,-0.02512,-0.77114,-0.85,1.07,0.09,0.33166,-0.05986,-0.15082,-0.92934,-0.85,1.12,0.13,0.02788,-0.09022,-0.14309,-0.9852,-0.85,1.12,0.18,-0.41978,-0.1465,-0.09982,-0.89014,-0.84,1.1,0.19,-0.63054,-0.14719,-0.12415,-0.75189,-0.83,1.08,0.2,-0.63054,-0.14719,-0.12415,-0.75189,-0.87,1.07,0.09,0.33166,-0.05986,-0.15082,-0.92934,-0.87,1.1,0.13,0.09295,-0.07031,-0.20502,-0.97179,-0.87,1.11,0.17,-0.38671,-0.17727,-0.1847,-0.88596,-0.86,1.1,0.19,-0.63288,-0.24332,-0.15049,-0.71945,-0.84,1.08,0.19,-0.63288,-0.24332,-0.15049,-0.71945,-0.88,1.07,0.1,0.27048,0.00105,-0.38386,-0.88289,-0.89,1.09,0.13,0.15009,-0.06005,-0.28915,-0.94353,-0.89,1.1,0.16,-0.32762,-0.18395,-0.29907,-0.87715,-0.87,1.09,0.18,-0.56479,-0.30761,-0.24216,-0.72646,-0.86,1.07,0.18,-0.56479,-0.30761,-0.24216,-0.72646,-0.7,1.1,0.11,-0.4133,-0.23459,-0.16188,0.86484,-0.68,1.05,0.07,-0.4133,-0.23459,-0.16188,0.86484,-0.72,1.07,0.09,-0.49144,-0.1985,0.58887,0.61017,-0.75,1.08,0.11,-0.30095,-0.03175,0.54843,0.77952,-0.76,1.1,0.13,-0.16062,0.03385,0.62027,0.76702,-0.76,1.1,0.15,-0.16062,0.03385,0.62027,0.76702,-0.71,1.08,0.09,-0.4133,-0.23459,-0.16188,0.86484,-0.73,1.12,0.12,-0.02034,-0.2632,-0.00825,0.96449,-0.75,1.12,0.15,0.42831,-0.24361,0.08833,0.86568,-0.76,1.11,0.16,0.58022,-0.19656,0.12593,0.78029,-0.76,1.09,0.17,0.58022,-0.19656,0.12593,0.78029,-0.7,1.07,0.1,-0.4133,-0.23459,-0.16188,0.86484,-0.71,1.12,0.13,-0.05413,-0.273,-0.07674,0.95742,-0.73,1.13,0.16,0.3806,-0.28037,0.04031,0.88029,-0.74,1.11,0.18,0.58711,-0.24704,0.04204,0.76974,-0.75,1.09,0.18,0.58711,-0.24704,0.04204,0.76974,-0.68,1.07,0.1,-0.4133,-0.23459,-0.16188,0.86484,-0.69,1.11,0.13,-0.11392,-0.26095,-0.15741,0.9456,-0.71,1.13,0.17,0.38979,-0.32281,-0.04102,0.86149,-0.73,1.11,0.18,0.64737,-0.33667,0.03536,0.68287,-0.74,1.09,0.18,0.64737,-0.33667,0.03536,0.68287,-0.68,1.07,0.11,-0.31297,-0.19425,-0.38947,0.84418,-0.68,1.1,0.14,-0.21504,-0.24561,-0.26958,0.90596,-0.69,1.12,0.17,0.37391,-0.36221,-0.15351,0.8399,-0.7,1.11,0.17,0.65486,-0.43172,-0.02074,0.61995,-0.72,1.09,0.17,0.65486,-0.43172,-0.02074,0.61995,-0.81,1.08,0.19
-0.79,1.45,-0.15,-0.79,1.45,-0.15,-0.85,1.09,0.11,0.33534,-0.06043,-0.15438,-0.92739,-0.86,1.06,0.06,0.33534,-0.06043,-0.15438,-0.92739,-0.82,1.07,0.09,0.41749,-0.16517,0.53343,-0.71685,-0.8,1.09,0.11,0.18602,0.00249,0.48155,-0.85645,-0.8,1.1,0.14,0.06734,0.02513,0.55381,-0.82953,-0.8,1.1,0.16,0.06734,0.02513,0.55381,-0.82953,-0.84,1.08,0.09,0.33534,-0.06043,-0.15438,-0.92739,-0.83,1.12,0.13,-0.0122,-0.10652,-0.077,-0.99125,-0.83,1.12,0.17,-0.45531,-0.13436,-0.04666,-0.8789,-0.82,1.1,0.18,-0.62475,-0.1136,-0.02379,-0.77215,-0.81,1.08,0.19,-0.62475,-0.1136,-0.02379,-0.77215,-0.85,1.07,0.09,0.33534,-0.06043,-0.15438,-0.92739,-0.86,1.12,0.13,0.02511,-0.09506,-0.14416,-0.98466,-0.85,1.12,0.17,-0.41753,-0.15076,-0.09936,-0.89054,-0.84,1.1,0.19,-0.62689,-0.15121,-0.12286,-0.75436,-0.83,1.08,0.2,-0.62689,-0.15121,-0.12286,-0.75436,-0.87,1.07,0.09,0.33534,-0.06043,-0.15438,-0.92739,-0.87,1.1,0.13,0.09281,-0.07391,-0.20745,-0.97102,-0.87,1.11,0.17,-0.38547,-0.18135,-0.18526,-0.88555,-0.86,1.1,0.19,-0.63157,-0.24738,-0.14978,-0.71937,-0.84,1.08,0.19,-0.63157,-0.24738,-0.14978,-0.71937,-0.88,1.07,0.1,0.27346,-0.0006,-0.38741,-0.88042,-0.89,1.09,0.13,0.15131,-0.06126,-0.29305,-0.94206,-0.89,1.1,0.16,-0.33356,-0.18943,-0.30055,-0.87323,-0.87,1.09,0.18,-0.57282,-0.31417,-0.24078,-0.71777,-0.86,1.07,0.18,-0.57282,-0.31417,-0.24078,-0.71777,-0.7,1.1,0.12,-0.39582,-0.21471,-0.14237,0.88145,-0.68,1.05,0.08,-0.39582,-0.21471,-0.14237,0.88145,-0.72,1.07,0.1,-0.46219,-0.20099,0.60478,0.61662,-0.75,1.08,0.11,-0.27103,-0.02639,0.56512,0.77878,-0.76,1.09,0.14,-0.13059,0.03876,0.63453,0.7608,-0.76,1.1,0.16,-0.13059,0.03876,0.63453,0.7608,-0.71,1.07,0.1,-0.39582,-0.21471,-0.14237,0.88145,-0.73,1.12,0.12,0.01071,-0.23283,-0.00183,0.97246,-0.74,1.12,0.16,0.4693,-0.21194,0.08244,0.85325,-0.75,1.1,0.17,0.62426,-0.1652,0.11708,0.75452,-0.75,1.08,0.17,0.62426,-0.1652,0.11708,0.75452,-0.7,1.07,0.1,-0.39582,-0.21471,-0.14237,0.88145,-0.71,1.12,0.13,-0.03178,-0.24656,-0.06634,0.96633,-0.73,1.12,0.17,0.34494,-0.2538,0.02103,0.90342,-0.74,1.11,0.18,0.51701,-0.2311,0.00915,0.82414,-0.75,1.09,0.19,0.51701,-0.2311,0.00915,0.82414,-0.68,1.07,0.11,-0.39582,-0.21471,-0.14237,0.88145,-0.69,1.11,0.14,-0.10218,-0.23547,-0.14523,0.95552,-0.71,1.12,0.17,0.3493,-0.29163,-0.06097,0.88838,-0.72,1.11,0.19,0.58169,-0.31715,-0.00462,0.74902,-0.73,1.09,0.19,0.58169,-0.31715,-0.00462,0.74902,-0.67,1.07,0.11,-0.3026,-0.1687,-0.37193,0.86119,-0.68,1.1,0.15,-0.21148,-0.2175,-0.25623,0.91778,-0.69,1.11,0.17,0.34978,-0.32589,-0.17037,0.86164,-0.7,1.1,0.18,0.61051,-0.40417,-0.06508,0.678,-0.71,1.09,0.18,0.61051,-0.40417,-0.06508,0.678,-0.81,1.08,0.19
-0.79,1.45,-0.15,-0.79,1.45,-0.15,-0.85,1.1,0.11,0.34837,-0.07695,-0.17775,-0.91713,-0.86,1.06,0.06,0.34837,-0.07695,-0.17775,-0.91713,-0.82,1.08,0.09,0.44221,-0.16205,0.51498,-0.71623,-0.8,1.09,0.11,0.20813,-0.00163,0.46219,-0.86201,-0.8,1.1,0.14,0.08963,0.02065,0.53664,-0.83879,-0.79,1.11,0.16,0.08963,0.02065,0.53664,-0.83879,-0.84,1.08,0.09,0.34837,-0.07695,-0.17775,-0.91713,-0.83,1.12,0.13,-0.00877,-0.13238,-0.08973,-0.98709,-0.82,1.12,0.16,-0.45118,-0.16326,-0.04636,-0.87615,-0.81,1.1,0.18,-0.6174,-0.14184,-0.01843,-0.77353,-0.81,1.08,0.18,-0.6174,-0.14184,-0.01843,-0.77353,-0.85,1.08,0.09,0.34837,-0.07695,-0.17775,-0.91713,-0.85,1.12,0.13,0.02073,-0.12504,-0.15609,-0.97958,-0.84,1.12,0.17,-0.41811,-0.1827,-0.09691,-0.88454,-0.83,1.1,0.19,-0.62724,-0.18139,-0.11256,-0.74899,-0.82,1.08,0.19,-0.62724,-0.18139,-0.11256,-0.74899,-0.87,1.07,0.09,0.34837,-0.07695,-0.17775,-0.91713,-0.87,1.11,0.13,0.09305,-0.10169,-0.22347,-0.96492,-0.86,1.11,0.17,-0.38299,-0.21325,-0.18575,-0.8794,-0.85,1.1,0.19,-0.62839,-0.27786,-0.14033,-0.7129,-0.84,1.08,0.19,-0.62839,-0.27786,-0.14033,-0.7129,-0.88,1.07,0.1,0.27957,-0.02116,-0.40943,-0.8682,-0.88,1.09,0.13,0.15682,-0.08568,-0.31229,-0.93303,-0.88,1.1,0.16,-0.33121,-0.22213,-0.30397,-0.86519,-0.87,1.09,0.18,-0.57079,-0.34674,-0.23254,-0.70703,-0.85,1.08,0.18,-0.57079,-0.34674,-0.23254,-0.70703,-0.7,1.09,0.12,-0.36326,-0.19681,-0.13961,0.8999,-0.68,1.05,0.08,-0.36326,-0.19681,-0.13961,0.8999,-0.72,1.07,0.1,-0.44898,-0.21767,0.58786,0.63676,-0.75,1.08,0.11,-0.26245,-0.05388,0.55123,0.79016,-0.76,1.09,0.14,-0.15201,-0.01453,0.62755,0.76346,-0.76,1.09,0.16,-0.15201,-0.01453,0.62755,0.76346,-0.71,1.07,0.1,-0.36326,-0.19681,-0.13961,0.8999,-0.73,1.12,0.13,-0.00561,-0.21857,-0.01746,0.97565,-0.74,1.12,0.16,0.43027,-0.20877,0.0558,0.87645,-0.75,1.1,0.18,0.58928,-0.16745,0.08868,0.78539,-0.75,1.08,0.18,0.58928,-0.16745,0.08868,0.78539,-0.69,1.07,0.1,-0.36326,-0.19681,-0.13961,0.8999,-0.71,1.12,0.14,-0.01672,-0.22502,-0.07704,0.97116,-0.73,1.12,0.17,0.33744,-0.23785,-0.00316,0.9108,-0.74,1.1,0.19,0.49531,-0.22081,-0.02022,0.83994,-0.75,1.08,0.2,0.49531,-0.22081,-0.02022,0.83994,-0.68,1.07,0.11,-0.36326,-0.19681,-0.13961,0.8999,-0.69,1.11,0.14,-0.07789,-0.21188,-0.15105,0.96241,-0.7,1.11,0.18,0.35462,-0.27085,-0.08261,0.8911,-0.72,1.1,0.19,0.57105,-0.30327,-0.03617,0.76198,-0.73,1.08,0.2,0.57105,-0.30327,-0.03617,0.76198,-0.67,1.07,0.11,-0.27483,-0.14199,-0.36884,0.87651,-0.68,1.09,0.15,-0.21379,-0.17967,-0.2634,0.92338,-0.68,1.11,0.17,0.32244,-0.29311,-0.20501,0.87641,-0.69,1.1,0.19,0.56534,-0.38292,-0.11845,0.72093,-0.71,1.08,0.19,0.56534,-0.38292,-0.11845,0.72093,-0.81,1.08,0.19
-0.79,1.45,-0.15,-0.79,1.45,-0.15,-0.85,1.1,0.11,0.36254,-0.09548,-0.20389,-0.90437,-0.86,1.06,0.06,0.36254,-0.09548,-0.20389,-0.90437,-0.82,1.08,0.08,0.46709,-0.15809,0.49573,-0.7149,-0.8,1.09,0.1,0.23101,-0.00548,0.44187,-0.86681,-0.79,1.11,0.13,0.11213,0.0168,0.51839,-0.84759,-0.79,1.11,0.15,0.11213,0.0168,0.51839,-0.84759,-0.84,1.08,0.09,0.36254,-0.09548,-0.20389,-0.90437,-0.83,1.12,0.12,-0.00968,-0.16145,-0.10288,-0.98146,-0.82,1.13,0.16,-0.44975,-0.19506,-0.0451,-0.87043,-0.81,1.11,0.17,-0.61141,-0.1728,-0.0119,-0.77213,-0.8,1.09,0.18,-0.61141,-0.1728,-0.0119,-0.77213,-0.85,1.08,0.09,0.36254,-0.09548,-0.20389,-0.90437,-0.85,1.12,0.13,0.00364,-0.16062,-0.16633,-0.97289,-0.84,1.12,0.17,-0.43324,-0.21913,-0.08962,-0.86963,-0.83,1.1,0.18,-0.64294,-0.2139,-0.09557,-0.7292,-0.82,1.08,0.19,-0.64294,-0.2139,-0.09557,-0.7292,-0.87,1.07,0.09,0.36254,-0.09548,-0.20389,-0.90437,-0.87,1.11,0.13,0.08428,-0.13548,-0.23908,-0.9578,-0.86,1.12,0.17,-0.39299,-0.2508,-0.18182,-0.86579,-0.85,1.1,0.18,-0.6381,-0.31224,-0.12406,-0.69278,-0.83,1.08,0.18,-0.6381,-0.31224,-0.12406,-0.69278,-0.87,1.07,0.1,0.28601,-0.0443,-0.43375,-0.85329,-0.88,1.09,0.13,0.16331,-0.11355,-0.33317,-0.92165,-0.88,1.1,0.16,-0.33168,-0.26032,-0.30544,-0.85378,-0.87,1.09,0.18,-0.57442,-0.38478,-0.21858,-0.68863,-0.85,1.08,0.18,-0.57442,-0.38478,-0.21858,-0.68863,-0.7,1.09,0.12,-0.34675,-0.19632,-0.14038,0.90638,-0.68,1.05,0.07,-0.34675,-0.19632,-0.14038,0.90638,-0.72,1.07,0.1,-0.47043,-0.24585,0.55263,0.64254,-0.75,1.08,0.11,-0.30658,-0.11195,0.51812,0.79058,-0.77,1.09,0.14,-0.24648,-0.1059,0.60176,0.75228,-0.78,1.1,0.15,-0.24648,-0.1059,0.60176,0.75228,-0.71,1.07,0.1,-0.34675,-0.19632,-0.14038,0.90638,-0.73,1.12,0.13,-0.15128,-0.21383,-0.05925,0.96327,-0.74,1.13,0.16,0.24555,-0.22713,0.00544,0.94238,-0.75,1.12,0.18,0.42244,-0.19658,0.03757,0.88402,-0.76,1.1,0.2,0.42244,-0.19658,0.03757,0.88402,-0.7,1.07,0.1,-0.34675,-0.19632,-0.14038,0.90638,-0.71,1.12,0.14,-0.04627,-0.21679,-0.09172,0.9708,-0.73,1.12,0.18,0.31506,-0.23595,-0.01843,0.91909,-0.74,1.11,0.2,0.47998,-0.22275,-0.03502,0.84781,-0.75,1.09,0.21,0.47998,-0.22275,-0.03502,0.84781,-0.68,1.07,0.11,-0.34675,-0.19632,-0.14038,0.90638,-0.69,1.11,0.15,-0.07262,-0.20178,-0.15882,0.96374,-0.71,1.11,0.18,0.36044,-0.26503,-0.09382,0.8894,-0.72,1.1,0.19,0.57647,-0.30036,-0.04843,0.75837,-0.73,1.08,0.2,0.57647,-0.30036,-0.04843,0.75837,-0.68,1.07,0.11,-0.25872,-0.1372,-0.36861,0.88225,-0.68,1.09,0.15,-0.22097,-0.15489,-0.2723,0.9236,-0.68,1.11,0.18,0.30951,-0.27613,-0.22706,0.88113,-0.69,1.1,0.19,0.54623,-0.37258,-0.1473,0.73561,-0.71,1.08,0.19,0.54623,-0.37258,-0.1473,0.73561,-0.81,1.08,0.19
-0.79,1.45,-0.15,-0.79,1.45,-0.15,-0.85,1.1,0.11,0.37187,-0.09359,-0.21582,-0.89798,-0.86,1.06,0.06,0.37187,-0.09359,-0.21582,-0.89798,-0.82,1.08,0.08,0.46932,-0.1463,0.49339,-0.71757,-0.8,1.1,0.1,0.2312,0.00592,0.43585,-0.8698,-0.8,1.11,0.13,0.11113,0.02745,0.5114,-0.85168,-0.79,1.12,0.15,0.11113,0.02745,0.5114,-0.85168,-0.84,1.08,0.08,0.37187,-0.09359,-0.21582,-0.89798,-0.83,1.13,0.12,-0.01511,-0.16606,-0.11113,-0.97972,-0.82,1.13,0.16,-0.44998,-0.20248,-0.05134,-0.86827,-0.81,1.11,0.17,-0.60877,-0.1812,-0.01727,-0.77219,-0.81,1.09,0.18,-0.60877,-0.1812,-0.01727,-0.77219,-0.85,1.08,0.09,0.37187,-0.09359,-0.21582,-0.89798,-0.85,1.12,0.13,-0.00615,-0.16872,-0.173,-0.97034,-0.84,1.12,0.17,-0.44426,-0.22958,-0.09108,-0.86118,-0.83,1.1,0.18,-0.65885,-0.22382,-0.09264,-0.71221,-0.82,1.08,0.18,-0.65885,-0.22382,-0.09264,-0.71221,-0.87,1.07,0.09,0.37187,-0.09359,-0.21582,-0.89798,-0.87,1.11,0.13,0.08824,-0.13983,-0.24975,-0.95409,-0.86,1.12,0.17,-0.39291,-0.26094,-0.1874,-0.86163,-0.85,1.1,0.18,-0.64282,-0.32412,-0.12388,-0.68292,-0.83,1.08,0.18,-0.64282,-0.32412,-0.12388,-0.68292,-0.87,1.07,0.1,0.29388,-0.04551,-0.44531,-0.84455,-0.88,1.09,0.13,0.17952,-0.11294,-0.34544,-0.91416,-0.88,1.1,0.16,-0.32412,-0.27075,-0.31338,-0.85055,-0.87,1.1,0.17,-0.57583,-0.3998,-0.21716,-0.67928,-0.85,1.08,0.18,-0.57583,-0.3998,-0.21716,-0.67928,-0.71,1.09,0.12,-0.3211,-0.19831,-0.13205,0.91658,-0.68,1.06,0.07,-0.3211,-0.19831,-0.13205,0.91658,-0.72,1.07,0.09,-0.46417,-0.26994,0.54122,0.64712,-0.75,1.08,0.11,-0.30088,-0.13994,0.51184,0.7924,-0.77,1.09,0.13,-0.24817,-0.13821,0.59623,0.75088,-0.78,1.09,0.15,-0.24817,-0.13821,0.59623,0.75088,-0.71,1.07,0.1,-0.3211,-0.19831,-0.13205,0.91658,-0.73,1.11,0.13,-0.16338,-0.22645,-0.05321,0.95875,-0.75,1.13,0.17,0.20036,-0.23705,0.00788,0.95058,-0.76,1.12,0.18,0.37303,-0.20668,0.039,0.90367,-0.77,1.1,0.2,0.37303,-0.20668,0.039,0.90367,-0.7,1.07,0.1,-0.3211,-0.19831,-0.13205,0.91658,-0.71,1.11,0.14,-0.08815,-0.20429,-0.10136,0.96965,-0.73,1.12,0.18,0.29659,-0.22904,-0.02683,0.92675,-0.74,1.11,0.2,0.48934,-0.21842,-0.04063,0.84332,-0.75,1.09,0.21,0.48934,-0.21842,-0.04063,0.84332,-0.68,1.07,0.11,-0.3211,-0.19831,-0.13205,0.91658,-0.69,1.1,0.15,-0.12673,-0.17317,-0.17315,0.96123,-0.71,1.12,0.18,0.33112,-0.25033,-0.11295,0.90274,-0.72,1.1,0.2,0.56954,-0.29247,-0.0645,0.76546,-0.73,1.08,0.2,0.56954,-0.29247,-0.0645,0.76546,-0.68,1.07,0.11,-0.23447,-0.13224,-0.35903,0.89366,-0.68,1.09,0.15,-0.27016,-0.09858,-0.2774,0.9167,-0.68,1.11,0.18,0.26676,-0.23682,-0.25945,0.89746,-0.69,1.1,0.19,0.52379,-0.34851,-0.18187,0.75572,-0.71,1.09,0.2,0.52379,-0.34851,-0.18187,0.75572,-0.81,1.08,0.19
-0.79,1.45,-0.15,-0.79,1.45,-0.15,-0.86,1.1,0.11,0.38721,-0.07111,-0.21763,-0.89311,-0.86,1.06,0.06,0.38721,-0.07111,-0.21763,-0.89311,-0.83,1.08,0.09,0.46126,-0.12097,0.50216,-0.72142,-0.81,1.1,0.1,0.22317,0.03423,0.4364,-0.87097,-0.8,1.11,0.13,0.10471,0.05251,0.50912,-0.85269,-0.8,1.12,0.16,0.10471,0.05251,0.50912,-0.85269,-0.84,1.08,0.09,0.38721,-0.07111,-0.21763,-0.89311,-0.84,1.13,0.12,-0.0025,-0.14725,-0.11996,-0.9818,-0.83,1.13,0.16,-0.41155,-0.18761,-0.07349,-0.88884,-0.82,1.11,0.17,-0.56754,-0.17041,-0.0448,-0.80427,-0.81,1.09,0.18,-0.56754,-0.17041,-0.0448,-0.80427,-0.85,1.08,0.09,0.38721,-0.07111,-0.21763,-0.89311,-0.86,1.12,0.13,0.02442,-0.14816,-0.18379,-0.97143,-0.85,1.13,0.17,-0.38378,-0.21219,-0.11798,-0.89094,-0.83,1.11,0.18,-0.59801,-0.21738,-0.12588,-0.76111,-0.82,1.09,0.19,-0.59801,-0.21738,-0.12588,-0.76111,-0.87,1.07,0.09,0.38721,-0.07111,-0.21763,-0.89311,-0.87,1.11,0.13,0.13781,-0.11183,-0.26188,-0.94864,-0.87,1.12,0.17,-0.32386,-0.23942,-0.21622,-0.8894,-0.85,1.11,0.18,-0.57732,-0.31377,-0.15903,-0.73686,-0.84,1.09,0.19,-0.57732,-0.31377,-0.15903,-0.73686,-0.88,1.07,0.1,0.31322,-0.02765,-0.44862,-0.83658,-0.89,1.09,0.13,0.22472,-0.08322,-0.35286,-0.90447,-0.89,1.11,0.16,-0.27201,-0.2504,-0.33633,-0.86614,-0.87,1.1,0.17,-0.53008,-0.38871,-0.24363,-0.71314,-0.86,1.09,0.18,-0.53008,-0.38871,-0.24363,-0.71314,-0.71,1.09,0.12,-0.29791,-0.20131,-0.10913,0.92672,-0.68,1.06,0.07,-0.29791,-0.20131,-0.10913,0.92672,-0.72,1.07,0.09,-0.44781,-0.29078,0.54881,0.64321,-0.75,1.07,0.11,-0.2806,-0.15432,0.5263,0.78769,-0.77,1.08,0.13,-0.22468,-0.15026,0.61013,0.74477,-0.78,1.09,0.15,-0.22468,-0.15026,0.61013,0.74477,-0.71,1.07,0.1,-0.29791,-0.20131,-0.10913,0.92672,-0.73,1.11,0.14,-0.11019,-0.26601,-0.00125,0.95765,-0.75,1.12,0.17,0.24215,-0.25436,0.06816,0.93382,-0.76,1.1,0.18,0.40193,-0.2133,0.10049,0.88479,-0.77,1.09,0.2,0.40193,-0.2133,0.10049,0.88479,-0.7,1.07,0.1,-0.29791,-0.20131,-0.10913,0.92672,-0.71,1.11,0.14,-0.11279,-0.19629,-0.08861,0.97,-0.73,1.12,0.18,0.3124,-0.21758,-0.00927,0.92465,-0.74,1.1,0.2,0.54064,-0.2015,-0.02047,0.81651,-0.75,1.08,0.21,0.54064,-0.2015,-0.02047,0.81651,-0.68,1.07,0.11,-0.29791,-0.20131,-0.10913,0.92672,-0.7,1.1,0.15,-0.17969,-0.14982,-0.16568,0.95803,-0.71,1.12,0.18,0.32884,-0.23363,-0.1054,0.90894,-0.72,1.1,0.2,0.60362,-0.27512,-0.05231,0.74647,-0.73,1.08,0.2,0.60362,-0.27512,-0.05231,0.74647,-0.68,1.07,0.11,-0.21443,-0.12849,-0.33563,0.90822,-0.68,1.09,0.15,-0.2913,-0.06591,-0.25748,0.91897,-0.68,1.1,0.18,0.25973,-0.20371,-0.25813,0.90797,-0.69,1.1,0.19,0.55695,-0.3247,-0.17722,0.74362,-0.7,1.08,0.2,0.55695,-0.3247,-0.17722,0.74362,-0.81,1.08,0.19
-0.79,1.45,-0.15,-0.79,1.45,-0.15,-0.86,1.1,0.1,0.41154,-0.053,-0.20211,-0.88712,-0.86,1.06,0.06,0.41154,-0.053,-0.20211,-0.88712,-0.83,1.08,0.09,0.45914,-0.09524,0.52263,-0.71203,-0.81,1.1,0.1,0.22504,0.06575,0.44859,-0.86244,-0.8,1.11,0.13,0.10749,0.08366,0.5179,-0.84453,-0.8,1.12,0.16,0.10749,0.08366,0.5179,-0.84453,-0.84,1.08,0.09,0.41154,-0.053,-0.20211,-0.88712,-0.84,1.13,0.12,0.02976,-0.12405,-0.11249,-0.98543,-0.83,1.13,0.16,-0.36249,-0.16247,-0.07999,-0.91422,-0.82,1.12,0.17,-0.51513,-0.1464,-0.05886,-0.84246,-0.82,1.1,0.18,-0.51513,-0.1464,-0.05886,-0.84246,-0.85,1.08,0.09,0.41154,-0.053,-0.20211,-0.88712,-0.86,1.13,0.12,0.09017,-0.11895,-0.18095,-0.9721,-0.85,1.14,0.16,-0.29926,-0.18185,-0.13235,-0.92729,-0.84,1.12,0.18,-0.50518,-0.19528,-0.15105,-0.82695,-0.83,1.1,0.2,-0.50518,-0.19528,-0.15105,-0.82695,-0.87,1.07,0.09,0.41154,-0.053,-0.20211,-0.88712,-0.88,1.11,0.13,0.19288,-0.08533,-0.25444,-0.94381,-0.88,1.13,0.16,-0.25469,-0.21068,-0.22477,-0.91664,-0.86,1.12,0.18,-0.50558,-0.28885,-0.1782,-0.79322,-0.85,1.1,0.19,-0.50558,-0.28885,-0.1782,-0.79322,-0.88,1.07,0.09,0.3428,-0.01571,-0.43611,-0.8319,-0.89,1.1,0.13,0.26354,-0.06309,-0.34153,-0.89996,-0.89,1.11,0.15,-0.21311,-0.22259,-0.34144,-0.88795,-0.88,1.11,0.17,-0.46903,-0.36126,-0.26038,-0.76269,-0.86,1.1,0.18,-0.46903,-0.36126,-0.26038,-0.76269,-0.71,1.09,0.12,-0.29681,-0.20294,-0.09922,0.92783,-0.68,1.06,0.07,-0.29681,-0.20294,-0.09922,0.92783,-0.72,1.06,0.09,-0.4449,-0.29132,0.5561,0.63871,-0.75,1.07,0.11,-0.27408,-0.14942,0.53533,0.78484,-0.77,1.08,0.13,-0.21227,-0.14123,0.61884,0.74299,-0.78,1.09,0.15,-0.21227,-0.14123,0.61884,0.74299,-0.71,1.07,0.1,-0.29681,-0.20294,-0.09922,0.92783,-0.74,1.11,0.14,-0.06371,-0.2819,0.03333,0.95675,-0.76,1.11,0.17,0.30296,-0.25377,0.11085,0.91188,-0.76,1.1,0.18,0.4605,-0.20429,0.14509,0.85156,-0.77,1.08,0.19,0.4605,-0.20429,0.14509,0.85156,-0.7,1.07,0.1,-0.29681,-0.20294,-0.09922,0.92783,-0.71,1.11,0.14,-0.12238,-0.19799,-0.07934,0.96929,-0.73,1.12,0.18,0.32283,-0.21525,0.00433,0.92165,-0.74,1.1,0.2,0.56381,-0.19443,-0.00584,0.80267,-0.75,1.08,0.21,0.56381,-0.19443,-0.00584,0.80267,-0.68,1.07,0.11,-0.29681,-0.20294,-0.09922,0.92783,-0.7,1.1,0.15,-0.19614,-0.14771,-0.15839,0.95636,-0.71,1.12,0.18,0.33554,-0.23095,-0.0949,0.90834,-0.72,1.1,0.2,0.62211,-0.26899,-0.04003,0.73419,-0.73,1.08,0.2,0.62211,-0.26899,-0.04003,0.73419,-0.68,1.07,0.11,-0.21439,-0.12951,-0.32608,0.91156,-0.68,1.09,0.15,-0.29893,-0.05946,-0.2487,0.91938,-0.68,1.11,0.17,0.26675,-0.1978,-0.25205,0.90895,-0.69,1.1,0.19,0.58047,-0.32022,-0.1678,0.72963,-0.7,1.08,0.19,0.58047,-0.32022,-0.1678,0.72963,-0.81,1.08,0.19
-0.79,1.45,-0.15,-0.79,1.45,-0.15,-0.86,1.1,0.11,0.39711,-0.03597,-0.17706,-0.89981,-0.86,1.06,0.06,0.39711,-0.03597,-0.17706,-0.89981,-0.83,1.08,0.09,0.43405,-0.10157,0.54184,-0.71253,-0.81,1.1,0.11,0.19533,0.07123,0.46963,-0.85803,-0.81,1.11,0.14,0.07472,0.09051,0.53586,-0.83611,-0.81,1.12,0.16,0.07472,0.09051,0.53586,-0.83611,-0.84,1.08,0.09,0.39711,-0.03597,-0.17706,-0.89981,-0.84,1.13,0.12,0.05098,-0.09768,-0.09917,-0.98895,-0.83,1.13,0.16,-0.33926,-0.13317,-0.07878,-0.92788,-0.83,1.12,0.18,-0.492,-0.11724,-0.06366,-0.86032,-0.82,1.1,0.19,-0.492,-0.11724,-0.06366,-0.86032,-0.86,1.08,0.09,0.39711,-0.03597,-0.17706,-0.89981,-0.86,1.13,0.13,0.11214,-0.08608,-0.16828,-0.97555,-0.86,1.14,0.17,-0.28618,-0.14781,-0.13265,-0.93737,-0.85,1.12,0.19,-0.48962,-0.16277,-0.15961,-0.84161,-0.84,1.1,0.2,-0.48962,-0.16277,-0.15961,-0.84161,-0.87,1.07,0.09,0.39711,-0.03597,-0.17706,-0.89981,-0.88,1.11,0.13,0.19041,-0.05842,-0.23517,-0.95133,-0.88,1.13,0.16,-0.26453,-0.17917,-0.21922,-0.92188,-0.87,1.12,0.18,-0.51356,-0.25663,-0.18299,-0.79807,-0.85,1.1,0.19,-0.51356,-0.25663,-0.18299,-0.79807,-0.88,1.07,0.09,0.33565,0.00601,-0.41277,-0.84672,-0.89,1.1,0.13,0.25606,-0.03901,-0.31965,-0.91145,-0.89,1.11,0.15,-0.21072,-0.18587,-0.33661,-0.89874,-0.89,1.1,0.17,-0.46046,-0.32232,-0.27106,-0.78142,-0.87,1.09,0.18,-0.46046,-0.32232,-0.27106,-0.78142,-0.71,1.09,0.12,-0.29964,-0.19996,-0.09959,0.92753,-0.68,1.06,0.07,-0.29964,-0.19996,-0.09959,0.92753,-0.72,1.06,0.09,-0.4495,-0.28237,0.55297,0.64222,-0.75,1.07,0.11,-0.2759,-0.14013,0.53018,0.7894,-0.77,1.08,0.13,-0.21193,-0.13125,0.61381,0.74906,-0.78,1.09,0.15,-0.21193,-0.13125,0.61381,0.74906,-0.71,1.07,0.1,-0.29964,-0.19996,-0.09959,0.92753,-0.73,1.11,0.14,-0.05698,-0.28702,0.04099,0.95535,-0.76,1.11,0.17,0.3329,-0.25224,0.12668,0.89973,-0.76,1.09,0.18,0.49662,-0.19807,0.16369,0.82906,-0.77,1.08,0.19,0.49662,-0.19807,0.16369,0.82906,-0.7,1.07,0.1,-0.29964,-0.19996,-0.09959,0.92753,-0.71,1.11,0.14,-0.11955,-0.20291,-0.07542,0.96894,-0.73,1.12,0.18,0.33866,-0.2177,0.01318,0.91528,-0.74,1.1,0.2,0.58425,-0.19288,0.00452,0.78831,-0.75,1.08,0.2,0.58425,-0.19288,0.00452,0.78831,-0.68,1.07,0.11,-0.29964,-0.19996,-0.09959,0.92753,-0.7,1.1,0.15,-0.19043,-0.14842,-0.1571,0.95762,-0.7,1.12,0.18,0.3483,-0.23133,-0.0919,0.90373,-0.72,1.1,0.2,0.63764,-0.26787,-0.03593,0.72136,-0.73,1.08,0.2,0.63764,-0.26787,-0.03593,0.72136,-0.68,1.07,0.11,-0.21771,-0.12726,-0.32684,0.91082,-0.68,1.09,0.15,-0.29761,-0.05434,-0.2498,0.91982,-0.68,1.11,0.17,0.27861,-0.19694,-0.25395,0.90504,-0.69,1.1,0.19,0.59404,-0.32081,-0.16879,0.71813,-0.7,1.08,0.19,0.59404,-0.32081,-0.16879,0.71813,-0.81,1.08,0.19
-0.79,1.45,-0.15,-0.79,1.45,-0.15,-0.86,1.1,0.11,0.35118,-0.02743,-0.14391,-0.92477,-0.86,1.06,0.06,0.35118,-0.02743,-0.14391,-0.92477,-0.83,1.07,0.09,0.40795,-0.14099,0.54698,-0.7173,-0.81,1.09,0.11,0.16153,0.04068,0.48785,-0.85689,-0.8,1.1,0.14,0.03542,0.06451,0.55404,-0.82923,-0.8,1.1,0.17,0.03542,0.06451,0.55404,-0.82923,-0.84,1.08,0.09,0.35118,-0.02743,-0.14391,-0.92477,-0.84,1.12,0.13,0.03682,-0.07629,-0.07656,-0.99346,-0.83,1.12,0.17,-0.37376,-0.10577,-0.06409,-0.91924,-0.83,1.11,0.19,-0.53348,-0.08814,-0.05154,-0.83963,-0.82,1.09,0.2,-0.53348,-0.08814,-0.05154,-0.83963,-0.85,1.07,0.09,0.35118,-0.02743,-0.14391,-0.92477,-0.86,1.12,0.13,0.07401,-0.05947,-0.14442,-0.98495,-0.86,1.12,0.17,-0.37907,-0.12037,-0.11467,-0.91031,-0.85,1.11,0.19,-0.58795,-0.12769,-0.14618,-0.78527,-0.84,1.08,0.2,-0.58795,-0.12769,-0.14618,-0.78527,-0.87,1.07,0.09,0.35118,-0.02743,-0.14391,-0.92477,-0.88,1.11,0.13,0.13225,-0.03795,-0.20572,-0.96889,-0.88,1.12,0.17,-0.36221,-0.15355,-0.19839,-0.8977,-0.86,1.1,0.19,-0.61192,-0.22558,-0.17024,-0.73871,-0.85,1.08,0.19,-0.61192,-0.22558,-0.17024,-0.73871,-0.88,1.07,0.09,0.29715,0.02789,-0.37956,-0.87571,-0.89,1.09,0.13,0.19899,-0.0227,-0.28812,-0.93642,-0.89,1.1,0.16,-0.27196,-0.15236,-0.31715,-0.89568,-0.88,1.09,0.17,-0.51965,-0.28476,-0.2654,-0.76055,-0.87,1.08,0.18,-0.51965,-0.28476,-0.2654,-0.76055,-0.71,1.09,0.12,-0.29498,-0.18866,-0.09143,0.93222,-0.68,1.06,0.07,-0.29498,-0.18866,-0.09143,0.93222,-0.72,1.06,0.09,-0.45432,-0.2699,0.54322,0.65243,-0.75,1.07,0.11,-0.28211,-0.13288,0.51578,0.79796,-0.77,1.08,0.14,-0.22404,-0.12951,0.59962,0.75729,-0.78,1.09,0.16,-0.22404,-0.12951,0.59962,0.75729,-0.71,1.07,0.1,-0.29498,-0.18866,-0.09143,0.93222,-0.73,1.11,0.14,-0.04882,-0.28003,0.04936,0.95748,-0.75,1.11,0.17,0.33631,-0.243,0.13022,0.90049,-0.76,1.09,0.18,0.49823,-0.18857,0.16509,0.83003,-0.77,1.07,0.19,0.49823,-0.18857,0.16509,0.83003,-0.7,1.07,0.1,-0.29498,-0.18866,-0.09143,0.93222,-0.71,1.11,0.14,-0.10716,-0.19722,-0.06466,0.97234,-0.73,1.12,0.18,0.34677,-0.20768,0.0191,0.91447,-0.74,1.1,0.2,0.58709,-0.18144,0.00698,0.78889,-0.74,1.08,0.21,0.58709,-0.18144,0.00698,0.78889,-0.68,1.07,0.11,-0.29498,-0.18866,-0.09143,0.93222,-0.69,1.1,0.15,-0.17738,-0.13958,-0.14769,0.96294,-0.7,1.11,0.18,0.35392,-0.21767,-0.09076,0.90505,-0.71,1.1,0.2,0.63778,-0.25464,-0.04115,0.72574,-0.73,1.08,0.2,0.63778,-0.25464,-0.04115,0.72574,-0.67,1.07,0.11,-0.21659,-0.11455,-0.31946,0.91538,-0.68,1.09,0.15,-0.29427,-0.04119,-0.24113,0.92389,-0.68,1.1,0.18,0.27804,-0.17974,-0.25516,0.90845,-0.69,1.1,0.19,0.58651,-0.30388,-0.17954,0.72899,-0.7,1.08,0.19,0.58651,-0.30388,-0.17954,0.72899,-0.81,1.08,0.19
-0.79,1.45,-0.15,-0.79,1.45,-0.15,-0.85,1.09,0.11,0.33667,-0.03087,-0.13725,-0.93105,-0.86,1.06,0.06,0.33667,-0.03087,-0.13725,-0.93105,-0.82,1.07,0.09,0.42454,-0.16035,0.52658,-0.71887,-0.8,1.09,0.11,0.18071,0.01097,0.47381,-0.86182,-0.8,1.1,0.14,0.04796,0.0406,0.5437,-0.83692,-0.8,1.1,0.16,0.04796,0.0406,0.5437,-0.83692,-0.84,1.08,0.09,0.33667,-0.03087,-0.13725,-0.93105,-0.84,1.12,0.13,0.03785,-0.07176,-0.0747,-0.9939,-0.83,1.12,0.17,-0.42137,-0.10423,-0.05868,-0.89897,-0.82,1.1,0.19,-0.59746,-0.08677,-0.04239,-0.79607,-0.82,1.08,0.19,-0.59746,-0.08677,-0.04239,-0.79607,-0.85,1.07,0.09,0.33667,-0.03087,-0.13725,-0.93105,-0.86,1.11,0.13,0.05404,-0.05547,-0.14051,-0.98705,-0.85,1.12,0.18,-0.44312,-0.12032,-0.10717,-0.88186,-0.85,1.1,0.19,-0.66773,-0.1238,-0.136,-0.72132,-0.84,1.08,0.19,-0.66773,-0.1238,-0.136,-0.72132,-0.87,1.07,0.09,0.33667,-0.03087,-0.13725,-0.93105,-0.87,1.1,0.13,0.09003,-0.03981,-0.19935,-0.97497,-0.87,1.11,0.17,-0.43138,-0.1564,-0.1883,-0.86833,-0.86,1.09,0.19,-0.68829,-0.22603,-0.15658,-0.6713,-0.85,1.07,0.19,-0.68829,-0.22603,-0.15658,-0.6713,-0.88,1.07,0.09,0.28321,0.02856,-0.37231,-0.88338,-0.89,1.09,0.13,0.16384,-0.02846,-0.28143,-0.94506,-0.89,1.1,0.16,-0.3285,-0.15846,-0.30578,-0.87948,-0.88,1.09,0.18,-0.57998,-0.28981,-0.25154,-0.71858,-0.87,1.07,0.18,-0.57998,-0.28981,-0.25154,-0.71858,-0.71,1.09,0.12,-0.27618,-0.17763,-0.07327,0.9417,-0.68,1.06,0.07,-0.27618,-0.17763,-0.07327,0.9417,-0.72,1.06,0.1,-0.46333,-0.26664,0.51827,0.66755,-0.75,1.07,0.11,-0.29828,-0.14354,0.4863,0.80867,-0.77,1.09,0.13,-0.2595,-0.15309,0.57077,0.76384,-0.78,1.09,0.15,-0.2595,-0.15309,0.57077,0.76384,-0.71,1.07,0.1,-0.27618,-0.17763,-0.07327,0.9417,-0.73,1.1,0.14,-0.00847,-0.27504,0.07389,0.95855,-0.75,1.1,0.17,0.33309,-0.23439,0.14007,0.90249,-0.76,1.09,0.19,0.47562,-0.18204,0.16845,0.84396,-0.76,1.07,0.2,0.47562,-0.18204,0.16845,0.84396,-0.7,1.07,0.1,-0.27618,-0.17763,-0.07327,0.9417,-0.71,1.11,0.15,-0.1023,-0.18553,-0.0501,0.97601,-0.73,1.11,0.18,0.30987,-0.19167,0.01799,0.93108,-0.74,1.1,0.2,0.52509,-0.17083,-0.00217,0.83372,-0.74,1.08,0.21,0.52509,-0.17083,-0.00217,0.83372,-0.68,1.07,0.11,-0.27618,-0.17763,-0.07327,0.9417,-0.69,1.1,0.15,-0.17772,-0.12415,-0.13183,0.96728,-0.7,1.11,0.18,0.32572,-0.19373,-0.0911,0.92091,-0.71,1.1,0.2,0.59418,-0.23309,-0.0539,0.76793,-0.72,1.08,0.21,0.59418,-0.23309,-0.0539,0.76793,-0.67,1.07,0.11,-0.20305,-0.09831,-0.3014,0.92642,-0.68,1.09,0.15,-0.2917,-0.02217,-0.22045,0.93049,-0.67,1.1,0.18,0.26291,-0.14729,-0.2514,0.91977,-0.68,1.09,0.19,0.55998,-0.26927,-0.1928,0.75944,-0.7,1.08,0.2,0.55998,-0.26927,-0.1928,0.75944,-0.81,1.08,0.19
-0.79,1.45,-0.15,-0.79,1.45,-0.15,-0.85,1.1,0.11,0.34052,-0.04677,-0.15379,-0.9264,-0.86,1.06,0.06,0.34052,-0.04677,-0.15379,-0.9264,-0.82,1.08,0.09,0.45069,-0.16669,0.50264,-0.71864,-0.8,1.09,0.11,0.21389,-0.01003,0.45143,-0.86623,-0.79,1.1,0.14,0.08203,0.02007,0.52608,-0.84623,-0.79,1.11,0.16,0.08203,0.02007,0.52608,-0.84623,-0.84,1.08,0.09,0.34052,-0.04677,-0.15379,-0.9264,-0.83,1.12,0.13,0.04155,-0.08914,-0.08736,-0.99131,-0.83,1.12,0.17,-0.44109,-0.12718,-0.0585,-0.88648,-0.82,1.1,0.18,-0.62459,-0.10978,-0.0353,-0.77239,-0.82,1.08,0.19,-0.62459,-0.10978,-0.0353,-0.77239,-0.85,1.07,0.09,0.34052,-0.04677,-0.15379,-0.9264,-0.86,1.12,0.13,0.03984,-0.07828,-0.15037,-0.98472,-0.85,1.12,0.17,-0.45657,-0.14507,-0.10408,-0.87159,-0.84,1.1,0.19,-0.68488,-0.14617,-0.12534,-0.70276,-0.83,1.08,0.19,-0.68488,-0.14617,-0.12534,-0.70276,-0.87,1.07,0.09,0.34052,-0.04677,-0.15379,-0.9264,-0.87,1.1,0.13,0.06849,-0.0643,-0.20999,-0.97318,-0.87,1.11,0.17,-0.4527,-0.1825,-0.18424,-0.85312,-0.86,1.09,0.19,-0.71019,-0.24932,-0.14272,-0.64273,-0.84,1.07,0.18,-0.71019,-0.24932,-0.14272,-0.64273,-0.88,1.07,0.1,0.28141,0.01143,-0.3876,-0.87775,-0.89,1.09,0.13,0.15944,-0.04941,-0.29455,-0.94094,-0.89,1.1,0.16,-0.34657,-0.18758,-0.30411,-0.86731,-0.88,1.09,0.18,-0.6008,-0.31855,-0.23836,-0.69337,-0.86,1.07,0.18,-0.6008,-0.31855,-0.23836,-0.69337,-0.71,1.09,0.12,-0.26382,-0.17007,-0.07789,0.94626,-0.68,1.06,0.07,-0.26382,-0.17007,-0.07789,0.94626,-0.72,1.06,0.1,-0.46503,-0.26027,0.49871,0.6836,-0.75,1.08,0.11,-0.30786,-0.14845,0.46149,0.81866,-0.77,1.09,0.13,-0.28477,-0.16781,0.54583,0.76995,-0.78,1.09,0.15,-0.28477,-0.16781,0.54583,0.76995,-0.71,1.07,0.1,-0.26382,-0.17007,-0.07789,0.94626,-0.73,1.1,0.14,0.03269,-0.27879,0.082,0.95629,-0.75,1.1,0.17,0.33586,-0.23965,0.13955,0.90016,-0.76,1.08,0.19,0.45744,-0.19114,0.16382,0.85287,-0.76,1.06,0.2,0.45744,-0.19114,0.16382,0.85287,-0.7,1.07,0.1,-0.26382,-0.17007,-0.07789,0.94626,-0.71,1.1,0.15,-0.09269,-0.1833,-0.0545,0.97716,-0.73,1.11,0.19,0.27652,-0.19175,0.00442,0.94167,-0.74,1.1,0.21,0.46759,-0.17717,-0.01862,0.86581,-0.74,1.08,0.22,0.46759,-0.17717,-0.01862,0.86581,-0.68,1.07,0.11,-0.26382,-0.17007,-0.07789,0.94626,-0.69,1.1,0.15,-0.17844,-0.11684,-0.13724,0.9673,-0.7,1.11,0.19,0.29871,-0.18742,-0.1041,0.92995,-0.71,1.1,0.21,0.55291,-0.23128,-0.07137,0.79731,-0.72,1.08,0.21,0.55291,-0.23128,-0.07137,0.79731,-0.67,1.07,0.11,-0.19192,-0.08788,-0.30522,0.92859,-0.68,1.08,0.15,-0.30017,0.00166,-0.22239,0.9276,-0.67,1.1,0.18,0.23568,-0.1245,-0.26731,0.92601,-0.68,1.09,0.19,0.5253,-0.25125,-0.21744,0.78336,-0.69,1.08,0.2,0.5253,-0.25125,-0.21744,0.78336,-0.81,1.08,0.19
-0.79,1.45,-0.15,-0.79,1.45,-0.15,-0.85,1.1,0.11,0.34648,-0.04764,-0.1614,-0.92284,-0.86,1.06,0.06,0.34648,-0.04764,-0.1614,-0.92284,-0.82,1.08,0.09,0.45502,-0.15949,0.49969,-0.71961,-0.8,1.09,0.1,0.21969,-0.00524,0.44606,-0.86761,-0.79,1.11,0.13,0.08552,0.02571,0.52035,-0.84927,-0.79,1.11,0.16,0.08552,0.02571,0.52035,-0.84927,-0.83,1.08,0.09,0.34648,-0.04764,-0.1614,-0.92284,-0.83,1.12,0.13,0.03949,-0.09385,-0.09256,-0.99049,-0.83,1.12,0.17,-0.44292,-0.13377,-0.06074,-0.88444,-0.82,1.11,0.18,-0.62749,-0.11679,-0.03575,-0.76899,-0.82,1.08,0.19,-0.62749,-0.11679,-0.03575,-0.76899,-0.85,1.07,0.09,0.34648,-0.04764,-0.1614,-0.92284,-0.86,1.12,0.13,0.04498,-0.08385,-0.15583,-0.98319,-0.85,1.12,0.17,-0.44097,-0.15142,-0.10781,-0.87806,-0.84,1.1,0.19,-0.66738,-0.15403,-0.12799,-0.71728,-0.83,1.08,0.19,-0.66738,-0.15403,-0.12799,-0.71728,-0.87,1.07,0.09,0.34648,-0.04764,-0.1614,-0.92284,-0.87,1.11,0.13,0.08265,-0.06733,-0.21689,-0.97036,-0.87,1.11,0.17,-0.42691,-0.18669,-0.19058,-0.86405,-0.86,1.09,0.19,-0.68426,-0.2555,-0.14832,-0.66672,-0.84,1.07,0.19,-0.68426,-0.2555,-0.14832,-0.66672,-0.87,1.07,0.09,0.28599,0.0087,-0.39506,-0.87296,-0.89,1.09,0.13,0.17635,-0.04925,-0.3017,-0.93566,-0.89,1.1,0.16,-0.32758,-0.19181,-0.31054,-0.87147,-0.88,1.09,0.18,-0.57936,-0.32345,-0.244,-0.70724,-0.86,1.08,0.18,-0.57936,-0.32345,-0.244,-0.70724,-0.7,1.09,0.12,-0.28717,-0.17359,-0.10627,0.936,-0.68,1.06,0.07,-0.28717,-0.17359,-0.10627,0.936,-0.72,1.07,0.09,-0.48849,-0.23824,0.48276,0.6867,-0.75,1.08,0.11,-0.33178,-0.13271,0.43961,0.82405,-0.77,1.1,0.13,-0.31039,-0.15185,0.52561,0.77739,-0.78,1.1,0.15,-0.31039,-0.15185,0.52561,0.77739,-0.71,1.07,0.1,-0.28717,-0.17359,-0.10627,0.936,-0.73,1.11,0.14,0.02911,-0.28954,0.06935,0.95421,-0.75,1.1,0.17,0.32374,-0.25508,0.12856,0.902,-0.76,1.09,0.19,0.43489,-0.21001,0.15176,0.8624,-0.77,1.07,0.2,0.43489,-0.21001,0.15176,0.8624,-0.7,1.07,0.1,-0.28717,-0.17359,-0.10627,0.936,-0.71,1.11,0.14,-0.04544,-0.20596,-0.06194,0.97554,-0.73,1.11,0.18,0.31978,-0.21495,0.00579,0.92277,-0.74,1.1,0.2,0.5037,-0.19695,-0.01242,0.84103,-0.75,1.08,0.21,0.5037,-0.19695,-0.01242,0.84103,-0.68,1.07,0.11,-0.28717,-0.17359,-0.10627,0.936,-0.69,1.1,0.15,-0.14125,-0.13987,-0.15574,0.96759,-0.7,1.11,0.18,0.33126,-0.21475,-0.11037,0.91212,-0.71,1.1,0.2,0.57539,-0.258,-0.07115,0.77285,-0.72,1.08,0.21,0.57539,-0.258,-0.07115,0.77285,-0.67,1.07,0.11,-0.21,-0.09808,-0.33379,0.91371,-0.68,1.09,0.15,-0.31225,-0.00081,-0.2544,0.9153,-0.67,1.1,0.17,0.21752,-0.14388,-0.2926,0.91998,-0.68,1.1,0.19,0.49084,-0.274,-0.23797,0.79206,-0.69,1.08,0.2,0.49084,-0.274,-0.23797,0.79206,-0.81,1.08,0.19
-0.79,1.45,-0.15,-0.79,1.45,-0.15,-0.85,1.1,0.11,0.35197,-0.0499,-0.16433,-0.92012,-0.86,1.06,0.06,0.35197,-0.0499,-0.16433,-0.92012,-0.82,1.08,0.09,0.45526,-0.15476,0.50312,-0.7181,-0.8,1.09,0.1,0.22082,0.00026,0.44798,-0.86634,-0.79,1.11,0.13,0.08683,0.03119,0.52158,-0.8482,-0.79,1.11,0.16,0.08683,0.03119,0.52158,-0.8482,-0.83,1.08,0.09,0.35197,-0.0499,-0.16433,-0.92012,-0.83,1.12,0.13,0.04041,-0.09904,-0.09253,-0.98995,-0.83,1.12,0.17,-0.43696,-0.13799,-0.059,-0.88687,-0.82,1.11,0.18,-0.62125,-0.12052,-0.03348,-0.77357,-0.81,1.09,0.19,-0.62125,-0.12052,-0.03348,-0.77357,-0.85,1.08,0.09,0.35197,-0.0499,-0.16433,-0.92012,-0.86,1.12,0.13,0.06559,-0.08769,-0.15721,-0.98148,-0.85,1.12,0.17,-0.38842,-0.15158,-0.11282,-0.9019,-0.84,1.11,0.19,-0.60566,-0.15768,-0.1357,-0.76805,-0.83,1.09,0.2,-0.60566,-0.15768,-0.1357,-0.76805,-0.87,1.07,0.09,0.35197,-0.0499,-0.16433,-0.92012,-0.87,1.11,0.13,0.12395,-0.06526,-0.22045,-0.96529,-0.87,1.12,0.17,-0.35746,-0.18178,-0.19968,-0.89404,-0.86,1.1,0.19,-0.60954,-0.25329,-0.16207,-0.73351,-0.84,1.08,0.19,-0.60954,-0.25329,-0.16207,-0.73351,-0.87,1.07,0.09,0.29048,0.00495,-0.39806,-0.87014,-0.89,1.09,0.13,0.20805,-0.04401,-0.30434,-0.92852,-0.89,1.1,0.16,-0.28438,-0.18714,-0.31744,-0.88507,-0.88,1.09,0.18,-0.52774,-0.31731,-0.25569,-0.74528,-0.86,1.08,0.18,-0.52774,-0.31731,-0.25569,-0.74528,-0.7,1.1,0.12,-0.35375,-0.16475,-0.13323,0.91103,-0.68,1.06,0.07,-0.35375,-0.16475,-0.13323,0.91103,-0.72,1.07,0.09,-0.52296,-0.17787,0.49051,0.674,-0.74,1.09,0.11,-0.36729,-0.07242,0.4344,0.81924,-0.76,1.11,0.13,-0.33726,-0.08627,0.52195,0.7787,-0.77,1.12,0.15,-0.33726,-0.08627,0.52195,0.7787,-0.71,1.08,0.09,-0.35375,-0.16475,-0.13323,0.91103,-0.72,1.12,0.13,-0.0385,-0.27884,0.0463,0.95845,-0.74,1.12,0.16,0.26927,-0.25262,0.10578,0.9233,-0.75,1.11,0.18,0.38141,-0.21117,0.12652,0.89103,-0.76,1.09,0.19,0.38141,-0.21117,0.12652,0.89103,-0.69,1.08,0.1,-0.35375,-0.16475,-0.13323,0.91103,-0.7,1.12,0.14,-0.04338,-0.21676,-0.06819,0.97287,-0.72,1.13,0.17,0.33766,-0.22714,0.00813,0.91342,-0.73,1.11,0.19,0.52622,-0.20694,-0.00646,0.82476,-0.74,1.09,0.2,0.52622,-0.20694,-0.00646,0.82476,-0.68,1.08,0.1,-0.35375,-0.16475,-0.13323,0.91103,-0.69,1.11,0.14,-0.13557,-0.15958,-0.17135,0.9627,-0.7,1.12,0.18,0.3441,-0.24026,-0.11252,0.90067,-0.71,1.11,0.19,0.58826,-0.28259,-0.06521,0.75487,-0.72,1.09,0.2,0.58826,-0.28259,-0.06521,0.75487,-0.67,1.07,0.11,-0.27295,-0.10731,-0.36422,0.88393,-0.67,1.1,0.15,-0.35629,-0.00702,-0.29149,0.88772,-0.66,1.12,0.17,0.17339,-0.17467,-0.31841,0.91545,-0.67,1.11,0.19,0.44561,-0.31095,-0.25058,0.80122,-0.69,1.1,0.19,0.44561,-0.31095,-0.25058,0.80122,-0.81,1.08,0.19
-0.79,1.45,-0.15,-0.79,1.45,-0.15,-0.85,1.1,0.11,0.35316,-0.0561,-0.16414,-0.91934,-0.86,1.06,0.06,0.35316,-0.0561,-0.16414,-0.91934,-0.82,1.08,0.09,0.44896,-0.15577,0.51222,-0.7154,-0.8,1.09,0.1,0.21486,0.00307,0.45747,-0.86287,-0.79,1.1,0.13,0.08365,0.03302,0.53039,-0.84297,-0.79,1.11,0.16,0.08365,0.03302,0.53039,-0.84297,-0.84,1.08,0.09,0.35316,-0.0561,-0.16414,-0.91934,-0.83,1.12,0.13,0.04197,-0.10779,-0.08805,-0.98938,-0.83,1.12,0.17,-0.4242,-0.14292,-0.05273,-0.89266,-0.82,1.11,0.18,-0.60864,-0.124,-0.02692,-0.78324,-0.81,1.09,0.19,-0.60864,-0.124,-0.02692,-0.78324,-0.85,1.07,0.09,0.35316,-0.0561,-0.16414,-0.91934,-0.86,1.12,0.13,0.08663,-0.09358,-0.15506,-0.97964,-0.85,1.13,0.17,-0.32821,-0.15121,-0.11491,-0.92532,-0.84,1.11,0.19,-0.52771,-0.15939,-0.14125,-0.82229,-0.83,1.09,0.2,-0.52771,-0.15939,-0.14125,-0.82229,-0.87,1.07,0.09,0.35316,-0.0561,-0.16414,-0.91934,-0.87,1.11,0.13,0.15328,-0.06896,-0.21891,-0.96116,-0.87,1.12,0.17,-0.30293,-0.17977,-0.20079,-0.91411,-0.86,1.11,0.19,-0.5442,-0.25032,-0.16722,-0.78309,-0.84,1.09,0.2,-0.5442,-0.25032,-0.16722,-0.78309,-0.88,1.07,0.09,0.29039,-0.0014,-0.39777,-0.87032,-0.89,1.09,0.13,0.22343,-0.04533,-0.30338,-0.92519,-0.89,1.1,0.16,-0.25726,-0.18491,-0.31797,-0.8936,-0.88,1.1,0.18,-0.4932,-0.31227,-0.25967,-0.76929,-0.86,1.08,0.18,-0.4932,-0.31227,-0.25967,-0.76929,-0.69,1.1,0.11,-0.41383,-0.15994,-0.14386,0.88458,-0.68,1.06,0.07,-0.41383,-0.15994,-0.14386,0.88458,-0.72,1.08,0.09,-0.52718,-0.14299,0.53081,0.64798,-0.74,1.09,0.1,-0.3615,-0.01855,0.46969,0.80521,-0.75,1.11,0.13,-0.2975,-0.01311,0.55352,0.77778,-0.76,1.12,0.15,-0.2975,-0.01311,0.55352,0.77778,-0.71,1.08,0.09,-0.41383,-0.15994,-0.14386,0.88458,-0.72,1.13,0.12,-0.10372,-0.25271,0.02195,0.96172,-0.74,1.14,0.15,0.25848,-0.23273,0.08733,0.93349,-0.75,1.12,0.17,0.37995,-0.19277,0.10723,0.89832,-0.75,1.11,0.19,0.37995,-0.19277,0.10723,0.89832,-0.69,1.08,0.1,-0.41383,-0.15994,-0.14386,0.88458,-0.7,1.13,0.13,-0.06654,-0.21993,-0.06739,0.97091,-0.72,1.14,0.17,0.3333,-0.2298,0.01452,0.91427,-0.73,1.12,0.18,0.54012,-0.20743,0.00301,0.81562,-0.73,1.1,0.19,0.54012,-0.20743,0.00301,0.81562,-0.67,1.08,0.1,-0.41383,-0.15994,-0.14386,0.88458,-0.68,1.12,0.13,-0.15845,-0.17235,-0.17521,0.95629,-0.69,1.13,0.17,0.33546,-0.25571,-0.10563,0.90051,-0.71,1.12,0.19,0.59657,-0.29571,-0.04895,0.74449,-0.72,1.1,0.19,0.59657,-0.29571,-0.04895,0.74449,-0.67,1.08,0.11,-0.3311,-0.11899,-0.37755,0.85655,-0.67,1.1,0.14,-0.38661,-0.02802,-0.31018,0.86807,-0.66,1.13,0.16,0.16426,-0.21346,-0.31746,0.90922,-0.67,1.12,0.18,0.44832,-0.35053,-0.23152,0.78901,-0.69,1.11,0.19,0.44832,-0.35053,-0.23152,0.78901,-0.81,1.08,0.19
-0.79,1.45,-0.15,-0.79,1.45,-0.15,-0.85,1.1,0.11,0.3473,-0.06079,-0.16763,-0.92065,-0.86,1.06,0.06,0.3473,-0.06079,-0.16763,-0.92065,-0.82,1.08,0.09,0.44148,-0.16088,0.51434,-0.7174,-0.8,1.09,0.11,0.20624,-0.00011,0.46124,-0.86297,-0.8,1.1,0.14,0.07859,0.02751,0.53449,-0.84107,-0.79,1.11,0.16,0.07859,0.02751,0.53449,-0.84107,-0.84,1.08,0.09,0.3473,-0.06079,-0.16763,-0.92065,-0.83,1.12,0.13,0.03938,-0.11422,-0.08969,-0.98861,-0.83,1.12,0.17,-0.42018,-0.14894,-0.05223,-0.89361,-0.82,1.11,0.18,-0.60408,-0.12979,-0.02542,-0.78588,-0.81,1.09,0.19,-0.60408,-0.12979,-0.02542,-0.78588,-0.85,1.07,0.09,0.3473,-0.06079,-0.16763,-0.92065,-0.86,1.12,0.13,0.07707,-0.10124,-0.15557,-0.9796,-0.85,1.12,0.17,-0.33328,-0.15781,-0.11283,-0.92265,-0.84,1.11,0.19,-0.52929,-0.1647,-0.13801,-0.82078,-0.83,1.09,0.2,-0.52929,-0.1647,-0.13801,-0.82078,-0.87,1.07,0.09,0.3473,-0.06079,-0.16763,-0.92065,-0.87,1.1,0.13,0.14554,-0.07604,-0.22008,-0.96156,-0.87,1.12,0.17,-0.30794,-0.18579,-0.19913,-0.91159,-0.86,1.1,0.19,-0.54624,-0.25512,-0.16458,-0.78067,-0.84,1.09,0.2,-0.54624,-0.25512,-0.16458,-0.78067,-0.88,1.07,0.09,0.28323,-0.00461,-0.40051,-0.87141,-0.89,1.09,0.13,0.21513,-0.05005,-0.30594,-0.92608,-0.89,1.1,0.16,-0.26515,-0.18955,-0.31789,-0.89034,-0.88,1.09,0.18,-0.49944,-0.31644,-0.25872,-0.76386,-0.86,1.08,0.18,-0.49944,-0.31644,-0.25872,-0.76386,-0.7,1.1,0.11,-0.41992,-0.17739,-0.12168,0.8817,-0.68,1.05,0.07,-0.41992,-0.17739,-0.12168,0.8817,-0.72,1.07,0.09,-0.51972,-0.16856,0.56182,0.62116,-0.75,1.08,0.11,-0.34979,-0.029,0.50962,0.78556,-0.76,1.1,0.13,-0.26408,-0.00562,0.59004,0.76295,-0.77,1.11,0.15,-0.26408,-0.00562,0.59004,0.76295,-0.71,1.08,0.09,-0.41992,-0.17739,-0.12168,0.8817,-0.72,1.12,0.12,-0.11671,-0.24208,0.02799,0.9628,-0.74,1.13,0.15,0.28271,-0.21738,0.09769,0.92913,-0.75,1.12,0.17,0.42813,-0.17274,0.12167,0.87867,-0.75,1.1,0.19,0.42813,-0.17274,0.12167,0.87867,-0.69,1.07,0.1,-0.41992,-0.17739,-0.12168,0.8817,-0.7,1.12,0.13,-0.0825,-0.22615,-0.0441,0.96959,-0.72,1.13,0.17,0.29899,-0.22708,0.03368,0.92623,-0.73,1.12,0.18,0.50191,-0.20347,0.01956,0.84042,-0.74,1.1,0.2,0.50191,-0.20347,0.01956,0.84042,-0.68,1.07,0.1,-0.41992,-0.17739,-0.12168,0.8817,-0.69,1.11,0.13,-0.17976,-0.18263,-0.15188,0.9546,-0.7,1.13,0.17,0.29955,-0.25268,-0.08429,0.91614,-0.71,1.12,0.19,0.56407,-0.28749,-0.02989,0.77349,-0.72,1.1,0.19,0.56407,-0.28749,-0.02989,0.77349,-0.67,1.07,0.11,-0.33656,-0.13715,-0.35602,0.86091,-0.67,1.1,0.14,-0.40181,-0.05134,-0.28813,0.86769,-0.67,1.12,0.16,0.16419,-0.22525,-0.28428,0.91733,-0.68,1.12,0.18,0.45837,-0.35196,-0.19405,0.79269,-0.69,1.11,0.19,0.45837,-0.35196,-0.19405,0.79269,-0.81,1.08,0.19
