-0.78,1.45,-0.16,-0.78,1.45,-0.16,-0.85,1.09,0.11,0.31166,-0.04057,-0.16256,-0.9353,-0.86,1.06,0.06,0.31166,-0.04057,-0.16256,-0.9353,-0.82,1.08,0.09,0.41454,-0.1666,0.50532,-0.73828,-0.8,1.09,0.11,0.1675,-0.00211,0.45432,-0.87495,-0.8,1.1,0.14,0.06509,0.00515,0.52945,-0.84583,-0.8,1.1,0.16,0.06509,0.00515,0.52945,-0.84583,-0.84,1.08,0.09,0.31166,-0.04057,-0.16256,-0.9353,-0.83,1.12,0.13,0.05405,-0.08301,-0.10265,-0.98977,-0.83,1.12,0.17,-0.27275,-0.11484,-0.0958,-0.95039,-0.82,1.11,0.19,-0.41207,-0.10065,-0.08783,-0.90131,-0.82,1.09,0.2,-0.41207,-0.10065,-0.08783,-0.90131,-0.85,1.08,0.09,0.31166,-0.04057,-0.16256,-0.9353,-0.86,1.11,0.13,0.05408,-0.07313,-0.16011,-0.9829,-0.85,1.12,0.18,-0.29922,-0.12579,-0.1363,-0.93598,-0.84,1.11,0.2,-0.44403,-0.13319,-0.17147,-0.86931,-0.83,1.09,0.21,-0.44403,-0.13319,-0.17147,-0.86931,-0.87,1.07,0.09,0.31166,-0.04057,-0.16256,-0.9353,-0.87,1.1,0.13,0.15525,-0.03632,-0.22375,-0.96152,-0.87,1.11,0.17,-0.23384,-0.13751,-0.22887,-0.9349,-0.86,1.1,0.19,-0.41944,-0.20663,-0.21524,-0.85734,-0.85,1.09,0.21,-0.41944,-0.20663,-0.21524,-0.85734,-0.88,1.07,0.09,0.25336,0.02449,-0.394,-0.88316,-0.89,1.09,0.13,0.21535,-0.02079,-0.29894,-0.92942,-0.89,1.1,0.16,-0.15702,-0.12271,-0.33788,-0.91985,-0.88,1.09,0.18,-0.30927,-0.22798,-0.31497,-0.86786,-0.87,1.09,0.19,-0.30927,-0.22798,-0.31497,-0.86786,-0.7,1.09,0.11,-0.38754,-0.18721,-0.09875,0.89722,-0.68,1.05,0.07,-0.38754,-0.18721,-0.09875,0.89722,-0.72,1.07,0.09,-0.47814,-0.22161,0.59243,0.60935,-0.75,1.08,0.11,-0.2831,-0.04894,0.55964,0.77734,-0.76,1.09,0.14,-0.13824,0.02207,0.63212,0.76212,-0.77,1.09,0.16,-0.13824,0.02207,0.63212,0.76212,-0.71,1.07,0.09,-0.38754,-0.18721,-0.09875,0.89722,-0.73,1.12,0.13,-0.13106,-0.22823,0.01983,0.96454,-0.75,1.12,0.16,0.31989,-0.20347,0.0959,0.92037,-0.75,1.11,0.18,0.50391,-0.15347,0.12705,0.84046,-0.76,1.09,0.19,0.50391,-0.15347,0.12705,0.84046,-0.7,1.07,0.1,-0.38754,-0.18721,-0.09875,0.89722,-0.71,1.12,0.13,-0.04697,-0.21661,-0.03009,0.97466,-0.73,1.12,0.17,0.34651,-0.2118,0.04584,0.91267,-0.74,1.1,0.19,0.55318,-0.18202,0.0297,0.81239,-0.74,1.08,0.2,0.55318,-0.18202,0.0297,0.81239,-0.68,1.07,0.1,-0.38754,-0.18721,-0.09875,0.89722,-0.69,1.11,0.14,-0.14118,-0.17673,-0.13115,0.96521,-0.7,1.12,0.17,0.32688,-0.2354,-0.07255,0.9124,-0.72,1.11,0.19,0.59034,-0.26683,-0.02429,0.76139,-0.73,1.09,0.19,0.59034,-0.26683,-0.02429,0.76139,-0.67,1.07,0.11,-0.30611,-0.13735,-0.33231,0.88148,-0.68,1.1,0.14,-0.33826,-0.0717,-0.25967,0.90167,-0.67,1.12,0.17,0.22654,-0.21771,-0.25333,0.91494,-0.68,1.11,0.18,0.51371,-0.33348,-0.17193,0.77158,-0.7,1.1,0.19,0.51371,-0.33348,-0.17193,0.77158,-0.81,1.08,0.19
-0.78,1.45,-0.16,-0.78,1.45,-0.16,-0.85,1.1,0.11,0.31618,-0.05196,-0.14839,-0.93558,-0.86,1.06,0.06,0.31618,-0.05196,-0.14839,-0.93558,-0.82,1.08,0.09,0.42129,-0.17828,0.51456,-0.72523,-0.8,1.09,0.11,0.17635,-0.01073,0.46757,-0.86612,-0.8,1.1,0.14,0.07231,0.00043,0.54291,-0.83667,-0.79,1.1,0.16,0.07231,0.00043,0.54291,-0.83667,-0.84,1.08,0.09,0.31618,-0.05196,-0.14839,-0.93558,-0.83,1.12,0.13,0.05392,-0.0929,-0.08376,-0.99068,-0.83,1.12,0.17,-0.29768,-0.11993,-0.07167,-0.94439,-0.82,1.11,0.19,-0.44398,-0.10259,-0.06136,-0.88802,-0.81,1.09,0.2,-0.44398,-0.10259,-0.06136,-0.88802,-0.85,1.08,0.09,0.31618,-0.05196,-0.14839,-0.93558,-0.85,1.12,0.13,0.08329,-0.07682,-0.14564,-0.98283,-0.85,1.12,0.17,-0.2819,-0.12575,-0.12017,-0.94355,-0.84,1.11,0.2,-0.43484,-0.13259,-0.15555,-0.87701,-0.83,1.09,0.21,-0.43484,-0.13259,-0.15555,-0.87701,-0.87,1.07,0.09,0.31618,-0.05196,-0.14839,-0.93558,-0.87,1.1,0.13,0.17111,-0.04382,-0.20866,-0.96191,-0.87,1.12,0.17,-0.22667,-0.14061,-0.21105,-0.94038,-0.86,1.11,0.19,-0.41978,-0.20726,-0.19615,-0.8616,-0.85,1.09,0.21,-0.41978,-0.20726,-0.19615,-0.8616,-0.88,1.07,0.09,0.25736,0.01282,-0.38077,-0.88804,-0.88,1.09,0.13,0.21975,-0.03148,-0.2844,-0.93265,-0.89,1.1,0.16,-0.1549,-0.12751,-0.32074,-0.92568,-0.88,1.1,0.18,-0.31281,-0.23095,-0.29634,-0.87235,-0.87,1.09,0.19,-0.31281,-0.23095,-0.29634,-0.87235,-0.7,1.1,0.12,-0.38497,-0.18466,-0.10624,0.898,-0.68,1.05,0.07,-0.38497,-0.18466,-0.10624,0.898,-0.72,1.07,0.09,-0.47961,-0.22362,0.58467,0.61492,-0.75,1.08,0.11,-0.2833,-0.05369,0.55222,0.78225,-0.76,1.09,0.13,-0.13708,0.01711,0.62578,0.76767,-0.77,1.1,0.16,-0.13708,0.01711,0.62578,0.76767,-0.71,1.07,0.09,-0.38497,-0.18466,-0.10624,0.898,-0.73,1.12,0.13,-0.13483,-0.22805,0.01008,0.96422,-0.75,1.13,0.16,0.32397,-0.20704,0.08887,0.91885,-0.75,1.11,0.18,0.51192,-0.15782,0.12189,0.83557,-0.76,1.09,0.19,0.51192,-0.15782,0.12189,0.83557,-0.7,1.07,0.1,-0.38497,-0.18466,-0.10624,0.898,-0.71,1.12,0.13,-0.04765,-0.21685,-0.03866,0.97427,-0.73,1.12,0.17,0.34398,-0.2155,0.03766,0.91314,-0.74,1.11,0.19,0.55043,-0.18765,0.02248,0.81321,-0.74,1.08,0.2,0.55043,-0.18765,0.02248,0.81321,-0.68,1.07,0.1,-0.38497,-0.18466,-0.10624,0.898,-0.69,1.11,0.14,-0.14582,-0.17446,-0.14056,0.96361,-0.7,1.12,0.17,0.32221,-0.23795,-0.08172,0.91262,-0.71,1.11,0.19,0.58549,-0.27213,-0.03218,0.76296,-0.73,1.09,0.2,0.58549,-0.27213,-0.03218,0.76296,-0.67,1.07,0.11,-0.30308,-0.13438,-0.33941,0.88027,-0.67,1.1,0.14,-0.34642,-0.06095,-0.26803,0.8969,-0.67,1.12,0.17,0.22017,-0.21519,-0.26522,0.91372,-0.68,1.11,0.18,0.50937,-0.33564,-0.18267,0.77105,-0.7,1.1,0.19,0.50937,-0.33564,-0.18267,0.77105,-0.81,1.08,0.19
-0.78,1.45,-0.16,-0.78,1.45,-0.16,-0.85,1.09,0.11,0.31847,-0.06006,-0.12095,-0.93827,-0.86,1.06,0.06,0.31847,-0.06006,-0.12095,-0.93827,-0.82,1.07,0.09,0.42213,-0.18974,0.53253,-0.70867,-0.8,1.09,0.11,0.1804,-0.01559,0.4896,-0.85294,-0.79,1.1,0.14,0.0754,-0.00045,0.56424,-0.82216,-0.79,1.1,0.16,0.0754,-0.00045,0.56424,-0.82216,-0.83,1.08,0.09,0.31847,-0.06006,-0.12095,-0.93827,-0.83,1.12,0.13,0.05588,-0.09618,-0.0532,-0.99237,-0.82,1.12,0.17,-0.31257,-0.11309,-0.03999,-0.94229,-0.82,1.11,0.19,-0.46767,-0.09118,-0.0295,-0.87869,-0.81,1.09,0.2,-0.46767,-0.09118,-0.0295,-0.87869,-0.85,1.07,0.09,0.31847,-0.06006,-0.12095,-0.93827,-0.85,1.11,0.13,0.10837,-0.07494,-0.11931,-0.98407,-0.85,1.12,0.17,-0.26016,-0.11484,-0.09621,-0.95387,-0.84,1.11,0.2,-0.41582,-0.11949,-0.13411,-0.89153,-0.83,1.1,0.21,-0.41582,-0.11949,-0.13411,-0.89153,-0.87,1.07,0.09,0.31847,-0.06006,-0.12095,-0.93827,-0.87,1.1,0.13,0.18763,-0.04591,-0.18128,-0.96427,-0.87,1.12,0.17,-0.213,-0.13233,-0.18504,-0.9502,-0.86,1.11,0.19,-0.41067,-0.19429,-0.17208,-0.87407,-0.85,1.09,0.21,-0.41067,-0.19429,-0.17208,-0.87407,-0.87,1.07,0.09,0.2617,0.00539,-0.35493,-0.8975,-0.88,1.09,0.13,0.22147,-0.0377,-0.25725,-0.93987,-0.88,1.1,0.16,-0.15671,-0.12333,-0.29377,-0.93484,-0.88,1.1,0.18,-0.32107,-0.22314,-0.27006,-0.87988,-0.87,1.09,0.19,-0.32107,-0.22314,-0.27006,-0.87988,-0.7,1.09,0.12,-0.36451,-0.17988,-0.1058,0.90751,-0.68,1.05,0.07,-0.36451,-0.17988,-0.1058,0.90751,-0.72,1.07,0.09,-0.46193,-0.23952,0.58391,0.62314,-0.75,1.08,0.11,-0.26453,-0.06857,0.55598,0.78499,-0.76,1.09,0.14,-0.11926,0.00138,0.6311,0.76648,-0.77,1.09,0.16,-0.11926,0.00138,0.6311,0.76648,-0.71,1.07,0.09,-0.36451,-0.17988,-0.1058,0.90751,-0.73,1.11,0.13,-0.11331,-0.22494,0.00858,0.96772,-0.75,1.12,0.16,0.35199,-0.20372,0.08758,0.90936,-0.75,1.11,0.18,0.54115,-0.15406,0.12153,0.81771,-0.76,1.09,0.19,0.54115,-0.15406,0.12153,0.81771,-0.7,1.07,0.1,-0.36451,-0.17988,-0.1058,0.90751,-0.71,1.12,0.14,-0.02279,-0.21337,-0.03854,0.97595,-0.73,1.12,0.17,0.36751,-0.21193,0.03637,0.90482,-0.74,1.1,0.19,0.57324,-0.18269,0.02102,0.79849,-0.74,1.08,0.2,0.57324,-0.18269,0.02102,0.79849,-0.68,1.07,0.1,-0.36451,-0.17988,-0.1058,0.90751,-0.69,1.11,0.14,-0.12741,-0.1676,-0.14109,0.96735,-0.7,1.12,0.18,0.34101,-0.23149,-0.08551,0.90709,-0.71,1.1,0.19,0.60349,-0.2666,-0.03764,0.75054,-0.73,1.08,0.2,0.60349,-0.2666,-0.03764,0.75054,-0.67,1.07,0.11,-0.28415,-0.12417,-0.33817,0.88853,-0.68,1.09,0.15,-0.3372,-0.04674,-0.26556,0.90199,-0.67,1.11,0.17,0.23749,-0.20351,-0.26995,0.91067,-0.68,1.11,0.18,0.53169,-0.3278,-0.18917,0.75767,-0.7,1.09,0.19,0.53169,-0.3278,-0.18917,0.75767,-0.81,1.08,0.19
-0.78,1.45,-0.16,-0.78,1.45,-0.16,-0.85,1.09,0.11,0.31785,-0.0709,-0.09622,-0.94058,-0.86,1.06,0.06,0.31785,-0.0709,-0.09622,-0.94058,-0.82,1.07,0.09,0.42205,-0.20165,0.54799,-0.69349,-0.8,1.08,0.1,0.18375,-0.02188,0.50928,-0.84047,-0.79,1.09,0.14,0.0803,-0.00462,0.58358,-0.80806,-0.79,1.1,0.16,0.0803,-0.00462,0.58358,-0.80806,-0.83,1.08,0.09,0.31785,-0.0709,-0.09622,-0.94058,-0.83,1.11,0.13,0.05463,-0.10245,-0.02484,-0.99293,-0.82,1.12,0.17,-0.32669,-0.10868,-0.00987,-0.93881,-0.81,1.1,0.19,-0.48884,-0.08177,0.00084,-0.86853,-0.81,1.08,0.2,-0.48884,-0.08177,0.00084,-0.86853,-0.85,1.07,0.09,0.31785,-0.0709,-0.09622,-0.94058,-0.85,1.11,0.13,0.10772,-0.07952,-0.09325,-0.9866,-0.84,1.12,0.17,-0.26151,-0.10954,-0.07034,-0.95638,-0.83,1.11,0.2,-0.41785,-0.11008,-0.10961,-0.89514,-0.83,1.09,0.21,-0.41785,-0.11008,-0.10961,-0.89514,-0.87,1.07,0.09,0.31785,-0.0709,-0.09622,-0.94058,-0.86,1.1,0.13,0.18579,-0.05281,-0.15581,-0.96872,-0.86,1.12,0.17,-0.21619,-0.12832,-0.15925,-0.95469,-0.86,1.11,0.19,-0.41619,-0.18496,-0.14786,-0.8779,-0.84,1.09,0.21,-0.41619,-0.18496,-0.14786,-0.8779,-0.87,1.07,0.09,0.26229,-0.0042,-0.33119,-0.90637,-0.88,1.09,0.13,0.20971,-0.04524,-0.23349,-0.9484,-0.88,1.1,0.16,-0.17623,-0.1219,-0.26882,-0.93905,-0.87,1.1,0.18,-0.34632,-0.21818,-0.24602,-0.8786,-0.86,1.09,0.19,-0.34632,-0.21818,-0.24602,-0.8786,-0.7,1.09,0.12,-0.35986,-0.17554,-0.11007,0.90971,-0.68,1.05,0.07,-0.35986,-0.17554,-0.11007,0.90971,-0.72,1.07,0.09,-0.45564,-0.24191,0.58264,0.62802,-0.75,1.08,0.11,-0.25894,-0.07202,0.55501,0.78723,-0.76,1.09,0.14,-0.11198,-0.00129,0.63044,0.76811,-0.77,1.09,0.16,-0.11198,-0.00129,0.63044,0.76811,-0.71,1.07,0.09,-0.35986,-0.17554,-0.11007,0.90971,-0.73,1.11,0.13,-0.10297,-0.22177,0.00423,0.96964,-0.74,1.12,0.16,0.36203,-0.20267,0.08217,0.90615,-0.75,1.11,0.18,0.55145,-0.15395,0.11653,0.81155,-0.75,1.09,0.19,0.55145,-0.15395,0.11653,0.81155,-0.7,1.07,0.1,-0.35986,-0.17554,-0.11007,0.90971,-0.71,1.12,0.14,-0.01096,-0.21179,-0.04198,0.97635,-0.73,1.12,0.17,0.37957,-0.21166,0.03283,0.90003,-0.73,1.1,0.19,0.58611,-0.18218,0.018,0.78928,-0.74,1.08,0.2,0.58611,-0.18218,0.018,0.78928,-0.68,1.07,0.1,-0.35986,-0.17554,-0.11007,0.90971,-0.69,1.11,0.14,-0.12392,-0.16455,-0.14583,0.96763,-0.7,1.12,0.18,0.34705,-0.23113,-0.09048,0.9044,-0.71,1.1,0.19,0.61134,-0.26756,-0.04177,0.74359,-0.72,1.08,0.2,0.61134,-0.26756,-0.04177,0.74359,-0.67,1.07,0.11,-0.27991,-0.11878,-0.34219,0.88907,-0.67,1.09,0.15,-0.3408,-0.03921,-0.26894,0.89999,-0.67,1.11,0.17,0.24301,-0.20248,-0.27507,0.9079,-0.68,1.11,0.18,0.5475,-0.33114,-0.18999,0.74464,-0.7,1.09,0.19,0.5475,-0.33114,-0.18999,0.74464,-0.81,1.08,0.19
-0.78,1.45,-0.16,-0.78,1.45,-0.16,-0.85,1.09,0.11,0.31941,-0.07105,-0.09319,-0.94034,-0.86,1.06,0.06,0.31941,-0.07105,-0.09319,-0.94034,-0.82,1.07,0.09,0.42199,-0.2004,0.55089,-0.69158,-0.8,1.08,0.1,0.1845,-0.01985,0.51178,-0.83884,-0.79,1.09,0.14,0.08149,-0.00266,0.58583,-0.80632,-0.79,1.1,0.16,0.08149,-0.00266,0.58583,-0.80632,-0.83,1.08,0.09,0.31941,-0.07105,-0.09319,-0.94034,-0.82,1.11,0.13,0.05627,-0.10226,-0.02152,-0.99293,-0.82,1.12,0.17,-0.33335,-0.10736,-0.00591,-0.93665,-0.81,1.1,0.19,-0.49911,-0.07973,0.00517,-0.86284,-0.81,1.08,0.2,-0.49911,-0.07973,0.00517,-0.86284,-0.85,1.07,0.09,0.31941,-0.07105,-0.09319,-0.94034,-0.85,1.11,0.13,0.1059,-0.07883,-0.09027,-0.98713,-0.84,1.12,0.17,-0.26711,-0.10804,-0.06742,-0.95521,-0.83,1.11,0.2,-0.42638,-0.10803,-0.10687,-0.89169,-0.83,1.09,0.21,-0.42638,-0.10803,-0.10687,-0.89169,-0.87,1.07,0.09,0.31941,-0.07105,-0.09319,-0.94034,-0.86,1.1,0.13,0.17874,-0.05276,-0.15285,-0.97052,-0.86,1.12,0.17,-0.22581,-0.12721,-0.15644,-0.95308,-0.85,1.11,0.19,-0.42898,-0.18354,-0.14514,-0.87248,-0.84,1.09,0.21,-0.42898,-0.18354,-0.14514,-0.87248,-0.87,1.07,0.09,0.2642,-0.00465,-0.32842,-0.90682,-0.88,1.09,0.13,0.19315,-0.04531,-0.23218,-0.95223,-0.88,1.1,0.16,-0.20311,-0.12302,-0.26658,-0.9341,-0.87,1.1,0.18,-0.37815,-0.22029,-0.24359,-0.86553,-0.86,1.08,0.19,-0.37815,-0.22029,-0.24359,-0.86553,-0.7,1.09,0.12,-0.36035,-0.17499,-0.11652,0.90882,-0.68,1.05,0.07,-0.36035,-0.17499,-0.11652,0.90882,-0.72,1.07,0.09,-0.4559,-0.2405,0.57972,0.63106,-0.75,1.08,0.11,-0.26106,-0.07342,0.55112,0.78913,-0.76,1.09,0.14,-0.11335,-0.00261,0.62703,0.7707,-0.77,1.09,0.16,-0.11335,-0.00261,0.62703,0.7707,-0.71,1.07,0.09,-0.36035,-0.17499,-0.11652,0.90882,-0.73,1.12,0.13,-0.09662,-0.2223,-0.00072,0.97018,-0.74,1.12,0.16,0.36399,-0.20559,0.07709,0.90515,-0.75,1.11,0.18,0.55003,-0.1583,0.11155,0.81238,-0.75,1.09,0.19,0.55003,-0.1583,0.11155,0.81238,-0.7,1.07,0.1,-0.36035,-0.17499,-0.11652,0.90882,-0.71,1.12,0.14,-0.00186,-0.21455,-0.04553,0.97565,-0.72,1.12,0.17,0.38965,-0.2154,0.03114,0.89488,-0.73,1.1,0.19,0.59591,-0.18542,0.01757,0.78116,-0.74,1.08,0.2,0.59591,-0.18542,0.01757,0.78116,-0.68,1.07,0.1,-0.36035,-0.17499,-0.11652,0.90882,-0.69,1.11,0.14,-0.11739,-0.16765,-0.15031,0.96722,-0.7,1.12,0.18,0.35972,-0.23634,-0.09138,0.898,-0.71,1.1,0.19,0.62476,-0.27233,-0.04032,0.73068,-0.72,1.08,0.2,0.62476,-0.27233,-0.04032,0.73068,-0.67,1.07,0.11,-0.27961,-0.1186,-0.34833,0.8868,-0.67,1.09,0.14,-0.33941,-0.04178,-0.27467,0.89867,-0.67,1.11,0.17,0.25398,-0.21076,-0.27626,0.90264,-0.68,1.11,0.18,0.56204,-0.34042,-0.18594,0.73051,-0.7,1.09,0.19,0.56204,-0.34042,-0.18594,0.73051,-0.81,1.08,0.19
-0.78,1.45,-0.16,-0.78,1.45,-0.16,-0.85,1.09,0.11,0.32195,-0.06793,-0.09867,-0.93915,-0.86,1.06,0.06,0.32195,-0.06793,-0.09867,-0.93915,-0.82,1.07,0.09,0.42252,-0.19492,0.5488,-0.69447,-0.8,1.08,0.11,0.1855,-0.01592,0.50772,-0.84116,-0.79,1.09,0.14,0.08181,0.00108,0.58166,-0.80931,-0.79,1.1,0.16,0.08181,0.00108,0.58166,-0.80931,-0.83,1.07,0.09,0.32195,-0.06793,-0.09867,-0.93915,-0.83,1.11,0.13,0.05782,-0.10041,-0.02762,-0.99288,-0.82,1.12,0.17,-0.34212,-0.10818,-0.01103,-0.93334,-0.81,1.1,0.19,-0.51058,-0.08143,0.00093,-0.85597,-0.81,1.08,0.2,-0.51058,-0.08143,0.00093,-0.85597,-0.85,1.07,0.09,0.32195,-0.06793,-0.09867,-0.93915,-0.85,1.11,0.13,0.09669,-0.07771,-0.09557,-0.98766,-0.84,1.12,0.17,-0.29494,-0.11027,-0.07061,-0.9465,-0.84,1.11,0.19,-0.46803,-0.11018,-0.10888,-0.87003,-0.83,1.09,0.21,-0.46803,-0.11018,-0.10888,-0.87003,-0.87,1.07,0.09,0.32195,-0.06793,-0.09867,-0.93915,-0.87,1.1,0.13,0.16401,-0.05272,-0.15799,-0.9723,-0.86,1.12,0.17,-0.25664,-0.13137,-0.15948,-0.94416,-0.85,1.1,0.19,-0.47198,-0.18947,-0.14582,-0.84857,-0.84,1.09,0.2,-0.47198,-0.18947,-0.14582,-0.84857,-0.87,1.07,0.09,0.26655,-0.00242,-0.33389,-0.90414,-0.88,1.09,0.13,0.18316,-0.04569,-0.23827,-0.95268,-0.88,1.1,0.16,-0.22943,-0.12973,-0.27028,-0.926,-0.87,1.09,0.18,-0.41835,-0.23157,-0.24346,-0.84385,-0.86,1.08,0.19,-0.41835,-0.23157,-0.24346,-0.84385,-0.7,1.09,0.12,-0.36522,-0.18119,-0.11965,0.90524,-0.68,1.05,0.07,-0.36522,-0.18119,-0.11965,0.90524,-0.72,1.07,0.09,-0.45661,-0.23853,0.58395,0.62739,-0.75,1.08,0.11,-0.26653,-0.07305,0.55431,0.78509,-0.76,1.09,0.14,-0.11787,-8e-05,0.62994,0.76765,-0.77,1.09,0.16,-0.11787,-8e-05,0.62994,0.76765,-0.71,1.07,0.09,-0.36522,-0.18119,-0.11965,0.90524,-0.73,1.12,0.13,-0.08992,-0.22791,0.00095,0.96952,-0.75,1.12,0.16,0.35942,-0.21055,0.07869,0.9057,-0.75,1.11,0.18,0.53573,-0.16412,0.11184,0.8207,-0.76,1.09,0.19,0.53573,-0.16412,0.11184,0.8207,-0.7,1.07,0.1,-0.36522,-0.18119,-0.11965,0.90524,-0.71,1.12,0.13,-0.0042,-0.22134,-0.04554,0.97412,-0.73,1.12,0.17,0.39113,-0.22151,0.03488,0.8926,-0.74,1.1,0.19,0.59592,-0.19052,0.02253,0.77979,-0.74,1.08,0.19,0.59592,-0.19052,0.02253,0.77979,-0.68,1.07,0.1,-0.36522,-0.18119,-0.11965,0.90524,-0.69,1.11,0.14,-0.1073,-0.17844,-0.14825,0.96678,-0.7,1.12,0.17,0.38162,-0.24549,-0.08136,0.8874,-0.72,1.1,0.19,0.64452,-0.2771,-0.02783,0.71206,-0.73,1.08,0.19,0.64452,-0.2771,-0.02783,0.71206,-0.67,1.07,0.11,-0.28267,-0.12616,-0.35118,0.88366,-0.67,1.09,0.14,-0.32478,-0.06195,-0.2766,0.90232,-0.67,1.11,0.17,0.28633,-0.23161,-0.26274,0.89182,-0.68,1.11,0.18,0.59068,-0.35462,-0.16609,0.70552,-0.7,1.09,0.18,0.59068,-0.35462,-0.16609,0.70552,-0.81,1.08,0.19
-0.78,1.45,-0.16,-0.78,1.45,-0.16,-0.85,1.09,0.11,0.32452,-0.06742,-0.10501,-0.93761,-0.86,1.06,0.06,0.32452,-0.06742,-0.10501,-0.93761,-0.82,1.07,0.09,0.42493,-0.19175,0.54542,-0.69655,-0.8,1.08,0.1,0.18821,-0.0147,0.50318,-0.84331,-0.79,1.09,0.14,0.08343,0.00269,0.57727,-0.81228,-0.79,1.1,0.16,0.08343,0.00269,0.57727,-0.81228,-0.83,1.07,0.09,0.32452,-0.06742,-0.10501,-0.93761,-0.83,1.11,0.13,0.05892,-0.10049,-0.03428,-0.9926,-0.82,1.12,0.17,-0.34804,-0.11105,-0.01625,-0.93074,-0.81,1.1,0.18,-0.51863,-0.08521,-0.00319,-0.85073,-0.81,1.08,0.2,-0.51863,-0.08521,-0.00319,-0.85073,-0.85,1.07,0.09,0.32452,-0.06742,-0.10501,-0.93761,-0.85,1.11,0.13,0.09008,-0.07944,-0.10121,-0.98759,-0.84,1.12,0.17,-0.31337,-0.11494,-0.07366,-0.93977,-0.84,1.11,0.19,-0.49578,-0.11492,-0.11037,-0.8537,-0.83,1.09,0.21,-0.49578,-0.11492,-0.11037,-0.8537,-0.87,1.07,0.09,0.32452,-0.06742,-0.10501,-0.93761,-0.87,1.1,0.13,0.15665,-0.05503,-0.16374,-0.97243,-0.86,1.12,0.17,-0.27668,-0.13778,-0.16219,-0.9371,-0.85,1.1,0.19,-0.50055,-0.19719,-0.14571,-0.83026,-0.84,1.09,0.2,-0.50055,-0.19719,-0.14571,-0.83026,-0.87,1.07,0.09,0.26828,-0.00279,-0.34008,-0.90131,-0.88,1.09,0.13,0.18164,-0.04826,-0.24424,-0.95133,-0.88,1.1,0.16,-0.24147,-0.13751,-0.27343,-0.92088,-0.87,1.09,0.18,-0.44,-0.24261,-0.24266,-0.82985,-0.86,1.08,0.19,-0.44,-0.24261,-0.24266,-0.82985,-0.7,1.09,0.12,-0.35458,-0.18636,-0.11625,0.90886,-0.68,1.05,0.07,-0.35458,-0.18636,-0.11625,0.90886,-0.72,1.07,0.09,-0.44469,-0.24966,0.59039,0.6256,-0.75,1.08,0.11,-0.25947,-0.08432,0.56347,0.77978,-0.76,1.09,0.14,-0.11273,-0.01044,0.64003,0.75997,-0.77,1.09,0.16,-0.11273,-0.01044,0.64003,0.75997,-0.71,1.07,0.09,-0.35458,-0.18636,-0.11625,0.90886,-0.73,1.11,0.13,-0.06822,-0.23212,0.00815,0.97026,-0.75,1.12,0.16,0.36987,-0.21144,0.08464,0.90074,-0.75,1.1,0.18,0.53677,-0.16477,0.11636,0.81926,-0.76,1.08,0.19,0.53677,-0.16477,0.11636,0.81926,-0.7,1.07,0.1,-0.35458,-0.18636,-0.11625,0.90886,-0.71,1.12,0.14,-0.00351,-0.22321,-0.04414,0.97376,-0.73,1.12,0.17,0.39959,-0.2223,0.03888,0.88848,-0.74,1.1,0.19,0.60202,-0.18994,0.02661,0.77511,-0.74,1.07,0.2,0.60202,-0.18994,0.02661,0.77511,-0.68,1.07,0.1,-0.35458,-0.18636,-0.11625,0.90886,-0.69,1.11,0.14,-0.0949,-0.18278,-0.14252,0.96813,-0.7,1.12,0.18,0.40489,-0.24683,-0.07152,0.87751,-0.72,1.1,0.19,0.66448,-0.27449,-0.01834,0.69482,-0.73,1.08,0.19,0.66448,-0.27449,-0.01834,0.69482,-0.67,1.07,0.11,-0.27171,-0.1284,-0.34706,0.88839,-0.68,1.09,0.15,-0.29273,-0.08059,-0.26915,0.91399,-0.68,1.11,0.17,0.33449,-0.24291,-0.24312,0.8775,-0.69,1.1,0.18,0.63237,-0.35736,-0.14504,0.67184,-0.7,1.09,0.18,0.63237,-0.35736,-0.14504,0.67184,-0.81,1.08,0.19
-0.78,1.45,-0.16,-0.78,1.45,-0.16,-0.85,1.09,0.11,0.32558,-0.05765,-0.12591,-0.93532,-0.86,1.06,0.06,0.32558,-0.05765,-0.12591,-0.93532,-0.82,1.07,0.09,0.42616,-0.18315,0.53132,-0.7089,-0.8,1.08,0.11,0.18736,-0.01167,0.48596,-0.85358,-0.79,1.09,0.14,0.08173,0.00388,0.56065,-0.824,-0.79,1.1,0.16,0.08173,0.00388,0.56065,-0.824,-0.83,1.08,0.09,0.32558,-0.05765,-0.12591,-0.93532,-0.83,1.11,0.13,0.06108,-0.09434,-0.05871,-0.99193,-0.82,1.12,0.17,-0.34521,-0.11529,-0.04109,-0.93051,-0.82,1.1,0.19,-0.51688,-0.09411,-0.02678,-0.85045,-0.81,1.09,0.2,-0.51688,-0.09411,-0.02678,-0.85045,-0.85,1.07,0.09,0.32558,-0.05765,-0.12591,-0.93532,-0.85,1.11,0.13,0.08874,-0.0749,-0.12384,-0.98548,-0.85,1.12,0.17,-0.31076,-0.11951,-0.09655,-0.93799,-0.84,1.11,0.19,-0.49143,-0.12383,-0.13184,-0.85193,-0.83,1.09,0.21,-0.49143,-0.12383,-0.13184,-0.85193,-0.87,1.07,0.09,0.32558,-0.05765,-0.12591,-0.93532,-0.87,1.1,0.13,0.15538,-0.04911,-0.18583,-0.96898,-0.87,1.11,0.17,-0.27282,-0.14125,-0.18493,-0.9335,-0.86,1.1,0.19,-0.4932,-0.2059,-0.16701,-0.82853,-0.85,1.09,0.2,-0.4932,-0.2059,-0.16701,-0.82853,-0.87,1.07,0.09,0.26845,0.00575,-0.36017,-0.89341,-0.88,1.09,0.13,0.1848,-0.04041,-0.26596,-0.94524,-0.88,1.1,0.16,-0.23431,-0.1393,-0.29619,-0.9154,-0.88,1.09,0.18,-0.42715,-0.24846,-0.26487,-0.82804,-0.86,1.08,0.19,-0.42715,-0.24846,-0.26487,-0.82804,-0.7,1.09,0.12,-0.3407,-0.18888,-0.11409,0.91391,-0.68,1.05,0.07,-0.3407,-0.18888,-0.11409,0.91391,-0.72,1.07,0.09,-0.43243,-0.26272,0.59281,0.62654,-0.75,1.07,0.11,-0.25175,-0.09909,0.56885,0.77667,-0.76,1.08,0.14,-0.11335,-0.03033,0.64736,0.7531,-0.77,1.09,0.16,-0.11335,-0.03033,0.64736,0.7531,-0.71,1.07,0.1,-0.3407,-0.18888,-0.11409,0.91391,-0.73,1.11,0.13,-0.04681,-0.23497,0.01276,0.97079,-0.75,1.12,0.17,0.38183,-0.21218,0.0881,0.89522,-0.76,1.1,0.18,0.54084,-0.16564,0.11878,0.81606,-0.76,1.08,0.19,0.54084,-0.16564,0.11878,0.81606,-0.7,1.07,0.1,-0.3407,-0.18888,-0.11409,0.91391,-0.71,1.11,0.14,-0.0165,-0.22114,-0.04976,0.97383,-0.73,1.12,0.18,0.40449,-0.22221,0.03706,0.88636,-0.74,1.1,0.19,0.60938,-0.18959,0.02536,0.76946,-0.74,1.07,0.2,0.60938,-0.18959,0.02536,0.76946,-0.68,1.07,0.11,-0.3407,-0.18888,-0.11409,0.91391,-0.69,1.11,0.14,-0.09713,-0.18151,-0.14243,0.96816,-0.7,1.11,0.18,0.41216,-0.24643,-0.06967,0.87438,-0.72,1.1,0.19,0.67177,-0.27322,-0.01645,0.68833,-0.73,1.08,0.19,0.67177,-0.27322,-0.01645,0.68833,-0.67,1.07,0.11,-0.25796,-0.12721,-0.34402,0.89383,-0.68,1.09,0.15,-0.27673,-0.09018,-0.26309,0.91982,-0.68,1.11,0.17,0.35128,-0.24535,-0.23286,0.87303,-0.69,1.1,0.19,0.64773,-0.35571,-0.13487,0.6601,-0.7,1.08,0.18,0.64773,-0.35571,-0.13487,0.6601,-0.81,1.08,0.19
-0.78,1.45,-0.16,-0.78,1.45,-0.16,-0.85,1.09,0.11,0.33667,-0.05632,-0.13973,-0.92949,-0.86,1.06,0.06,0.33667,-0.05632,-0.13973,-0.92949,-0.82,1.07,0.09,0.4405,-0.17672,0.51965,-0.71042,-0.8,1.09,0.1,0.20202,-0.0112,0.47209,-0.85802,-0.79,1.1,0.14,0.09631,0.00413,0.54796,-0.83093,-0.79,1.1,0.16,0.09631,0.00413,0.54796,-0.83093,-0.84,1.08,0.09,0.33667,-0.05632,-0.13973,-0.92949,-0.83,1.12,0.13,0.0735,-0.09433,-0.07365,-0.99009,-0.83,1.12,0.17,-0.33042,-0.12144,-0.05502,-0.93437,-0.82,1.11,0.18,-0.5025,-0.10288,-0.03984,-0.85751,-0.81,1.09,0.2,-0.5025,-0.10288,-0.03984,-0.85751,-0.85,1.07,0.09,0.33667,-0.05632,-0.13973,-0.92949,-0.85,1.11,0.13,0.10217,-0.07692,-0.13782,-0.98217,-0.85,1.12,0.17,-0.29055,-0.12633,-0.10941,-0.94215,-0.84,1.11,0.19,-0.46632,-0.13354,-0.14359,-0.86261,-0.83,1.09,0.21,-0.46632,-0.13354,-0.14359,-0.86261,-0.87,1.07,0.09,0.33667,-0.05632,-0.13973,-0.92949,-0.87,1.1,0.13,0.16528,-0.05171,-0.19958,-0.96446,-0.87,1.12,0.17,-0.25059,-0.14753,-0.19748,-0.93618,-0.86,1.11,0.19,-0.46294,-0.21402,-0.1786,-0.84142,-0.85,1.09,0.2,-0.46294,-0.21402,-0.1786,-0.84142,-0.88,1.07,0.09,0.27762,0.00367,-0.37392,-0.88493,-0.88,1.09,0.13,0.19636,-0.04273,-0.27969,-0.93882,-0.89,1.1,0.16,-0.20771,-0.14358,-0.30905,-0.91691,-0.88,1.09,0.18,-0.3831,-0.25018,-0.27961,-0.84408,-0.86,1.08,0.19,-0.3831,-0.25018,-0.27961,-0.84408,-0.7,1.09,0.12,-0.33901,-0.18484,-0.11687,0.91501,-0.68,1.05,0.07,-0.33901,-0.18484,-0.11687,0.91501,-0.72,1.07,0.1,-0.42915,-0.26033,0.5918,0.63074,-0.75,1.07,0.11,-0.25127,-0.09937,0.56633,0.77863,-0.76,1.08,0.14,-0.1198,-0.03705,0.64531,0.75356,-0.77,1.09,0.16,-0.1198,-0.03705,0.64531,0.75356,-0.71,1.07,0.1,-0.33901,-0.18484,-0.11687,0.91501,-0.73,1.11,0.13,-0.04048,-0.23227,0.01012,0.97176,-0.75,1.12,0.17,0.37939,-0.2115,0.08248,0.89695,-0.75,1.1,0.18,0.53361,-0.16665,0.11187,0.82157,-0.76,1.08,0.19,0.53361,-0.16665,0.11187,0.82157,-0.7,1.07,0.1,-0.33901,-0.18484,-0.11687,0.91501,-0.71,1.11,0.14,-0.02871,-0.21529,-0.05865,0.97436,-0.73,1.12,0.18,0.40316,-0.22058,0.02888,0.88768,-0.74,1.1,0.19,0.61155,-0.18964,0.01745,0.76795,-0.74,1.08,0.2,0.61155,-0.18964,0.01745,0.76795,-0.68,1.07,0.11,-0.33901,-0.18484,-0.11687,0.91501,-0.69,1.11,0.14,-0.11167,-0.17585,-0.14904,0.96664,-0.7,1.12,0.18,0.40564,-0.24603,-0.07614,0.877,-0.72,1.1,0.19,0.66769,-0.27505,-0.02212,0.69141,-0.73,1.08,0.19,0.66769,-0.27505,-0.02212,0.69141,-0.67,1.07,0.11,-0.25675,-0.12285,-0.34677,0.89372,-0.68,1.09,0.15,-0.27669,-0.0915,-0.26434,0.91934,-0.68,1.11,0.17,0.34897,-0.24662,-0.23351,0.87342,-0.69,1.1,0.19,0.64646,-0.35726,-0.13452,0.66058,-0.7,1.08,0.19,0.64646,-0.35726,-0.13452,0.66058,-0.81,1.08,0.19
-0.78,1.45,-0.16,-0.78,1.45,-0.16,-0.85,1.1,0.11,0.34602,-0.05964,-0.12496,-0.92795,-0.86,1.06,0.06,0.34602,-0.05964,-0.12496,-0.92795,-0.82,1.07,0.09,0.45177,-0.18084,0.52539,-0.69798,-0.8,1.09,0.1,0.21659,-0.01479,0.47932,-0.85036,-0.79,1.1,0.13,0.10627,0.0062,0.55516,-0.8249,-0.79,1.11,0.16,0.10627,0.0062,0.55516,-0.8249,-0.83,1.08,0.09,0.34602,-0.05964,-0.12496,-0.92795,-0.83,1.12,0.13,0.09968,-0.0938,-0.05945,-0.9888,-0.82,1.13,0.17,-0.30335,-0.11584,-0.04242,-0.94486,-0.82,1.11,0.18,-0.4779,-0.09527,-0.02925,-0.87274,-0.81,1.09,0.2,-0.4779,-0.09527,-0.02925,-0.87274,-0.85,1.07,0.09,0.34602,-0.05964,-0.12496,-0.92795,-0.85,1.12,0.13,0.12171,-0.07673,-0.12291,-0.98193,-0.85,1.13,0.17,-0.25695,-0.11901,-0.09767,-0.95408,-0.84,1.12,0.19,-0.42389,-0.12516,-0.1344,-0.8869,-0.83,1.1,0.21,-0.42389,-0.12516,-0.1344,-0.8869,-0.87,1.07,0.09,0.34602,-0.05964,-0.12496,-0.92795,-0.87,1.11,0.13,0.1762,-0.05328,-0.18479,-0.96538,-0.87,1.12,0.17,-0.2199,-0.13921,-0.18602,-0.94745,-0.86,1.11,0.19,-0.42259,-0.20194,-0.17083,-0.86687,-0.85,1.1,0.21,-0.42259,-0.20194,-0.17083,-0.86687,-0.88,1.07,0.09,0.28808,-0.00143,-0.36056,-0.88713,-0.88,1.09,0.13,0.20529,-0.04473,-0.26579,-0.94086,-0.89,1.1,0.16,-0.18179,-0.1347,-0.2978,-0.92743,-0.88,1.1,0.18,-0.34337,-0.23457,-0.27315,-0.86744,-0.87,1.09,0.19,-0.34337,-0.23457,-0.27315,-0.86744,-0.7,1.09,0.12,-0.34434,-0.17711,-0.11702,0.91453,-0.68,1.05,0.07,-0.34434,-0.17711,-0.11702,0.91453,-0.72,1.07,0.1,-0.42817,-0.25161,0.59374,0.63311,-0.75,1.08,0.11,-0.252,-0.09143,0.56546,0.78,-0.76,1.08,0.14,-0.123,-0.03207,0.64364,0.7547,-0.77,1.09,0.16,-0.123,-0.03207,0.64364,0.7547,-0.71,1.07,0.1,-0.34434,-0.17711,-0.11702,0.91453,-0.73,1.11,0.13,-0.05347,-0.22426,0.00511,0.97305,-0.74,1.12,0.17,0.36023,-0.20732,0.07281,0.90662,-0.75,1.1,0.18,0.51526,-0.1645,0.10071,0.83505,-0.76,1.08,0.19,0.51526,-0.1645,0.10071,0.83505,-0.7,1.07,0.1,-0.34434,-0.17711,-0.11702,0.91453,-0.71,1.12,0.14,-0.04582,-0.20486,-0.06568,0.97551,-0.72,1.12,0.18,0.38552,-0.21456,0.01738,0.89724,-0.73,1.1,0.19,0.59512,-0.18778,0.0043,0.78137,-0.74,1.08,0.2,0.59512,-0.18778,0.0043,0.78137,-0.68,1.07,0.11,-0.34434,-0.17711,-0.11702,0.91453,-0.69,1.11,0.14,-0.12882,-0.1658,-0.15387,0.96553,-0.7,1.12,0.18,0.38552,-0.24022,-0.08623,0.8867,-0.71,1.1,0.19,0.64912,-0.27351,-0.03379,0.70901,-0.72,1.08,0.2,0.64912,-0.27351,-0.03379,0.70901,-0.67,1.07,0.11,-0.2635,-0.11654,-0.34771,0.89224,-0.67,1.09,0.15,-0.28687,-0.0834,-0.26552,0.91665,-0.67,1.11,0.17,0.32881,-0.23933,-0.24145,0.88108,-0.69,1.1,0.19,0.62708,-0.35332,-0.14529,0.67884,-0.7,1.09,0.19,0.62708,-0.35332,-0.14529,0.67884,-0.81,1.08,0.19
-0.78,1.45,-0.16,-0.78,1.45,-0.16,-0.85,1.09,0.11,0.31988,-0.05654,-0.12362,-0.93766,-0.86,1.06,0.06,0.31988,-0.05654,-0.12362,-0.93766,-0.82,1.07,0.09,0.44224,-0.20317,0.51184,-0.70793,-0.8,1.09,0.1,0.20326,-0.03961,0.47295,-0.85641,-0.79,1.1,0.13,0.09489,-0.02047,0.55111,-0.82877,-0.79,1.1,0.16,0.09489,-0.02047,0.55111,-0.82877,-0.83,1.08,0.09,0.31988,-0.05654,-0.12362,-0.93766,-0.83,1.11,0.13,0.12712,-0.09056,-0.06472,-0.98562,-0.82,1.12,0.17,-0.24965,-0.11422,-0.05167,-0.96019,-0.82,1.11,0.19,-0.42803,-0.09597,-0.04013,-0.89776,-0.81,1.1,0.2,-0.42803,-0.09597,-0.04013,-0.89776,-0.85,1.07,0.09,0.31988,-0.05654,-0.12362,-0.93766,-0.85,1.11,0.13,0.10559,-0.07093,-0.12328,-0.98419,-0.85,1.12,0.17,-0.23637,-0.1097,-0.10439,-0.95979,-0.84,1.11,0.2,-0.37903,-0.11556,-0.14361,-0.90684,-0.83,1.1,0.22,-0.37903,-0.11556,-0.14361,-0.90684,-0.87,1.07,0.09,0.31988,-0.05654,-0.12362,-0.93766,-0.87,1.1,0.13,0.14271,-0.04605,-0.18435,-0.97135,-0.87,1.11,0.17,-0.20784,-0.12228,-0.19406,-0.95089,-0.86,1.11,0.19,-0.38416,-0.18289,-0.1857,-0.88571,-0.85,1.09,0.21,-0.38416,-0.18289,-0.1857,-0.88571,-0.88,1.07,0.09,0.26343,0.00837,-0.35765,-0.89589,-0.88,1.09,0.13,0.1772,-0.03146,-0.2663,-0.94694,-0.89,1.1,0.16,-0.17902,-0.11104,-0.30551,-0.92859,-0.88,1.09,0.18,-0.30629,-0.20235,-0.29163,-0.88329,-0.87,1.09,0.2,-0.30629,-0.20235,-0.29163,-0.88329,-0.7,1.1,0.12,-0.35336,-0.17655,-0.11851,0.911,-0.68,1.06,0.07,-0.35336,-0.17655,-0.11851,0.911,-0.72,1.07,0.1,-0.43533,-0.24507,0.59322,0.63128,-0.75,1.08,0.11,-0.25958,-0.08574,0.56312,0.77985,-0.76,1.09,0.14,-0.13034,-0.02632,0.64093,0.756,-0.77,1.09,0.16,-0.13034,-0.02632,0.64093,0.756,-0.71,1.07,0.1,-0.35336,-0.17655,-0.11851,0.911,-0.73,1.12,0.13,-0.09665,-0.22088,-0.00714,0.97047,-0.74,1.12,0.17,0.31207,-0.21091,0.05874,0.92449,-0.75,1.11,0.18,0.47133,-0.17092,0.08608,0.86094,-0.76,1.09,0.19,0.47133,-0.17092,0.08608,0.86094,-0.7,1.07,0.1,-0.35336,-0.17655,-0.11851,0.911,-0.71,1.12,0.14,-0.07414,-0.20029,-0.07369,0.97414,-0.72,1.13,0.18,0.34854,-0.21438,0.0057,0.91243,-0.73,1.11,0.19,0.55434,-0.19331,-0.00886,0.80948,-0.74,1.09,0.2,0.55434,-0.19331,-0.00886,0.80948,-0.68,1.07,0.11,-0.35336,-0.17655,-0.11851,0.911,-0.69,1.11,0.14,-0.14895,-0.1624,-0.1589,0.96239,-0.7,1.12,0.18,0.35425,-0.2395,-0.09482,0.89897,-0.71,1.11,0.2,0.61453,-0.27658,-0.044,0.73751,-0.72,1.09,0.2,0.61453,-0.27658,-0.044,0.73751,-0.67,1.07,0.11,-0.27221,-0.11839,-0.34969,0.8886,-0.67,1.09,0.15,-0.30137,-0.0821,-0.26827,0.9113,-0.67,1.11,0.17,0.30382,-0.23859,-0.24639,0.88886,-0.69,1.1,0.19,0.59822,-0.35335,-0.15282,0.7028,-0.7,1.09,0.19,0.59822,-0.35335,-0.15282,0.7028,-0.81,1.08,0.19
-0.78,1.45,-0.16,-0.78,1.45,-0.16,-0.85,1.09,0.11,0.30119,-0.05671,-0.12678,-0.9434,-0.86,1.06,0.06,0.30119,-0.05671,-0.12678,-0.9434,-0.82,1.08,0.09,0.43791,-0.21587,0.49779,-0.71683,-0.8,1.09,0.1,0.20023,-0.05829,0.46233,-0.86184,-0.79,1.1,0.13,0.09388,-0.04087,0.54274,-0.83363,-0.78,1.1,0.16,0.09388,-0.04087,0.54274,-0.83363,-0.83,1.08,0.09,0.30119,-0.05671,-0.12678,-0.9434,-0.83,1.11,0.13,0.13277,-0.08938,-0.07168,-0.9845,-0.82,1.12,0.17,-0.21474,-0.11401,-0.06207,-0.96801,-0.82,1.12,0.19,-0.38745,-0.0976,-0.05233,-0.91522,-0.81,1.1,0.21,-0.38745,-0.0976,-0.05233,-0.91522,-0.85,1.08,0.09,0.30119,-0.05671,-0.12678,-0.9434,-0.85,1.11,0.13,0.0864,-0.06709,-0.12841,-0.98567,-0.85,1.12,0.18,-0.22791,-0.10446,-0.11346,-0.96139,-0.84,1.11,0.2,-0.34397,-0.10879,-0.15399,-0.91986,-0.83,1.1,0.22,-0.34397,-0.10879,-0.15399,-0.91986,-0.87,1.07,0.09,0.30119,-0.05671,-0.12678,-0.9434,-0.87,1.1,0.13,0.09019,-0.04631,-0.18742,-0.97703,-0.87,1.11,0.17,-0.23034,-0.11567,-0.2005,-0.94518,-0.86,1.1,0.19,-0.38412,-0.17336,-0.19639,-0.88534,-0.85,1.09,0.21,-0.38412,-0.17336,-0.19639,-0.88534,-0.87,1.07,0.09,0.24475,0.01282,-0.35928,-0.90047,-0.88,1.09,0.13,0.15199,-0.02458,-0.27068,-0.95028,-0.88,1.1,0.16,-0.18298,-0.09774,-0.3129,-0.92686,-0.88,1.09,0.18,-0.28264,-0.18157,-0.30556,-0.89094,-0.87,1.08,0.2,-0.28264,-0.18157,-0.30556,-0.89094,-0.7,1.09,0.12,-0.34707,-0.18085,-0.11813,0.91262,-0.68,1.06,0.07,-0.34707,-0.18085,-0.11813,0.91262,-0.72,1.07,0.1,-0.44063,-0.25409,0.5852,0.63153,-0.75,1.08,0.11,-0.25862,-0.09329,0.55845,0.78265,-0.76,1.09,0.14,-0.12876,-0.03372,0.63747,0.75889,-0.77,1.09,0.16,-0.12876,-0.03372,0.63747,0.75889,-0.71,1.07,0.1,-0.34707,-0.18085,-0.11813,0.91262,-0.73,1.12,0.13,-0.13778,-0.21862,-0.02239,0.96577,-0.74,1.13,0.17,0.27095,-0.21616,0.04382,0.93698,-0.75,1.11,0.18,0.43669,-0.17889,0.0719,0.87871,-0.76,1.1,0.2,0.43669,-0.17889,0.0719,0.87871,-0.7,1.07,0.1,-0.34707,-0.18085,-0.11813,0.91262,-0.71,1.12,0.14,-0.09819,-0.19707,-0.08189,0.97202,-0.72,1.13,0.18,0.31424,-0.2152,-0.00572,0.92461,-0.73,1.11,0.2,0.51033,-0.1994,-0.0221,0.83625,-0.74,1.09,0.21,0.51033,-0.1994,-0.0221,0.83625,-0.68,1.07,0.11,-0.34707,-0.18085,-0.11813,0.91262,-0.69,1.11,0.14,-0.15111,-0.16208,-0.16038,0.96186,-0.7,1.12,0.18,0.34288,-0.23914,-0.09844,0.90308,-0.71,1.11,0.2,0.59544,-0.27764,-0.04999,0.75225,-0.73,1.09,0.2,0.59544,-0.27764,-0.04999,0.75225,-0.67,1.07,0.11,-0.26525,-0.12101,-0.3487,0.89074,-0.68,1.09,0.15,-0.29647,-0.08443,-0.2673,0.91298,-0.68,1.11,0.17,0.30388,-0.23817,-0.24544,0.88921,-0.69,1.1,0.19,0.59005,-0.35116,-0.15581,0.71011,-0.7,1.09,0.19,0.59005,-0.35116,-0.15581,0.71011,-0.81,1.08,0.19
-0.78,1.45,-0.16,-0.78,1.45,-0.16,-0.85,1.1,0.11,0.30071,-0.05935,-0.13457,-0.94231,-0.86,1.06,0.06,0.30071,-0.05935,-0.13457,-0.94231,-0.82,1.08,0.08,0.45051,-0.21253,0.48138,-0.72121,-0.8,1.09,0.1,0.21664,-0.06426,0.444,-0.86706,-0.79,1.1,0.13,0.1062,-0.04458,0.5263,-0.84246,-0.78,1.11,0.15,0.1062,-0.04458,0.5263,-0.84246,-0.83,1.08,0.08,0.30071,-0.05935,-0.13457,-0.94231,-0.83,1.12,0.13,0.11822,-0.09183,-0.07837,-0.98562,-0.82,1.13,0.17,-0.22893,-0.11823,-0.06756,-0.96387,-0.82,1.12,0.19,-0.39753,-0.10234,-0.05703,-0.91008,-0.81,1.1,0.2,-0.39753,-0.10234,-0.05703,-0.91008,-0.85,1.08,0.08,0.30071,-0.05935,-0.13457,-0.94231,-0.85,1.12,0.13,0.08011,-0.06641,-0.138,-0.98495,-0.85,1.12,0.17,-0.22598,-0.10575,-0.1236,-0.96045,-0.84,1.11,0.2,-0.3311,-0.10983,-0.16408,-0.92271,-0.83,1.1,0.22,-0.3311,-0.10983,-0.16408,-0.92271,-0.87,1.07,0.09,0.30071,-0.05935,-0.13457,-0.94231,-0.87,1.1,0.13,0.06426,-0.05026,-0.19546,-0.97731,-0.87,1.11,0.17,-0.24626,-0.11909,-0.20797,-0.93911,-0.86,1.1,0.19,-0.39187,-0.17632,-0.20439,-0.87953,-0.85,1.09,0.21,-0.39187,-0.17632,-0.20439,-0.87953,-0.87,1.07,0.09,0.24267,0.01007,-0.36647,-0.89817,-0.88,1.09,0.13,0.13933,-0.02656,-0.27967,-0.94956,-0.88,1.1,0.16,-0.1906,-0.1003,-0.32058,-0.92241,-0.88,1.09,0.18,-0.28305,-0.18278,-0.31422,-0.88755,-0.87,1.08,0.2,-0.28305,-0.18278,-0.31422,-0.88755,-0.7,1.09,0.12,-0.33153,-0.18354,-0.11572,0.91816,-0.68,1.05,0.07,-0.33153,-0.18354,-0.11572,0.91816,-0.72,1.07,0.1,-0.44011,-0.2678,0.5752,0.6354,-0.75,1.07,0.11,-0.25145,-0.10594,0.5531,0.78716,-0.77,1.08,0.14,-0.12372,-0.04884,0.63395,0.76185,-0.77,1.09,0.16,-0.12372,-0.04884,0.63395,0.76185,-0.71,1.07,0.1,-0.33153,-0.18354,-0.11572,0.91816,-0.73,1.11,0.13,-0.14494,-0.21234,-0.03099,0.96589,-0.75,1.12,0.17,0.26611,-0.21403,0.03386,0.93927,-0.76,1.11,0.18,0.43806,-0.17827,0.06282,0.87885,-0.76,1.09,0.2,0.43806,-0.17827,0.06282,0.87885,-0.7,1.07,0.1,-0.33153,-0.18354,-0.11572,0.91816,-0.71,1.11,0.14,-0.09491,-0.19344,-0.08421,0.97287,-0.73,1.12,0.18,0.3179,-0.21282,-0.00925,0.92389,-0.74,1.11,0.2,0.50886,-0.19769,-0.02667,0.83742,-0.74,1.09,0.21,0.50886,-0.19769,-0.02667,0.83742,-0.68,1.07,0.11,-0.33153,-0.18354,-0.11572,0.91816,-0.69,1.1,0.15,-0.13711,-0.16109,-0.15805,0.96451,-0.7,1.12,0.18,0.35843,-0.23679,-0.0967,0.89784,-0.72,1.1,0.2,0.60718,-0.27444,-0.04983,0.744,-0.73,1.08,0.2,0.60718,-0.27444,-0.04983,0.744,-0.67,1.07,0.11,-0.24989,-0.11957,-0.34528,0.89668,-0.68,1.09,0.15,-0.28022,-0.08529,-0.26311,0.91923,-0.68,1.11,0.17,0.32224,-0.2354,-0.24154,0.88454,-0.69,1.1,0.19,0.60424,-0.34674,-0.15465,0.70054,-0.7,1.08,0.19,0.60424,-0.34674,-0.15465,0.70054,-0.81,1.08,0.19
-0.78,1.45,-0.16,-0.78,1.45,-0.16,-0.85,1.1,0.11,0.32337,-0.06191,-0.13507,-0.93454,-0.86,1.06,0.05,0.32337,-0.06191,-0.13507,-0.93454,-0.82,1.08,0.08,0.46616,-0.19464,0.48667,-0.71271,-0.8,1.09,0.1,0.23257,-0.0456,0.44411,-0.86406,-0.79,1.11,0.13,0.10734,-0.01649,0.52425,-0.84461,-0.79,1.11,0.15,0.10734,-0.01649,0.52425,-0.84461,-0.83,1.08,0.08,0.32337,-0.06191,-0.13507,-0.93454,-0.83,1.12,0.13,0.0779,-0.0957,-0.07136,-0.98979,-0.82,1.13,0.16,-0.28927,-0.11972,-0.05718,-0.94801,-0.82,1.11,0.18,-0.45508,-0.1014,-0.04476,-0.88353,-0.81,1.1,0.2,-0.45508,-0.1014,-0.04476,-0.88353,-0.85,1.08,0.08,0.32337,-0.06191,-0.13507,-0.93454,-0.85,1.12,0.13,0.10099,-0.07113,-0.13752,-0.98277,-0.85,1.13,0.17,-0.2177,-0.11189,-0.1203,-0.96209,-0.84,1.12,0.19,-0.32855,-0.11674,-0.16006,-0.92348,-0.83,1.1,0.21,-0.32855,-0.11674,-0.16006,-0.92348,-0.87,1.08,0.09,0.32337,-0.06191,-0.13507,-0.93454,-0.87,1.11,0.13,0.10905,-0.05425,-0.19565,-0.97308,-0.87,1.12,0.17,-0.21817,-0.12797,-0.20466,-0.94559,-0.86,1.11,0.19,-0.37042,-0.18601,-0.19827,-0.88819,-0.85,1.09,0.21,-0.37042,-0.18601,-0.19827,-0.88819,-0.87,1.07,0.09,0.26415,0.0018,-0.36848,-0.89132,-0.88,1.09,0.13,0.1692,-0.03725,-0.2785,-0.94468,-0.88,1.1,0.16,-0.16524,-0.1133,-0.31618,-0.9273,-0.88,1.1,0.18,-0.26532,-0.19752,-0.30593,-0.89275,-0.87,1.09,0.19,-0.26532,-0.19752,-0.30593,-0.89275,-0.7,1.09,0.12,-0.32039,-0.18568,-0.11389,0.9219,-0.68,1.05,0.07,-0.32039,-0.18568,-0.11389,0.9219,-0.72,1.07,0.1,-0.43771,-0.27342,0.57015,0.63921,-0.75,1.07,0.11,-0.24923,-0.11364,0.54923,0.78951,-0.77,1.08,0.14,-0.13003,-0.06373,0.63127,0.76192,-0.77,1.09,0.16,-0.13003,-0.06373,0.63127,0.76192,-0.71,1.07,0.1,-0.32039,-0.18568,-0.11389,0.9219,-0.73,1.11,0.14,-0.12633,-0.2113,-0.02911,0.96879,-0.75,1.12,0.17,0.28738,-0.21173,0.03572,0.93344,-0.76,1.11,0.19,0.46051,-0.17526,0.06541,0.86772,-0.76,1.09,0.2,0.46051,-0.17526,0.06541,0.86772,-0.7,1.07,0.1,-0.32039,-0.18568,-0.11389,0.9219,-0.71,1.11,0.14,-0.08306,-0.19272,-0.08308,0.9742,-0.73,1.12,0.18,0.33761,-0.2116,-0.00663,0.91717,-0.74,1.1,0.2,0.53164,-0.19453,-0.02343,0.82399,-0.75,1.08,0.21,0.53164,-0.19453,-0.02343,0.82399,-0.68,1.07,0.11,-0.32039,-0.18568,-0.11389,0.9219,-0.69,1.1,0.15,-0.12707,-0.16065,-0.15616,0.96626,-0.7,1.11,0.18,0.37891,-0.23612,-0.09287,0.88997,-0.72,1.1,0.2,0.62907,-0.27207,-0.04552,0.72676,-0.73,1.08,0.2,0.62907,-0.27207,-0.04552,0.72676,-0.68,1.07,0.11,-0.23885,-0.11878,-0.34268,0.90078,-0.68,1.09,0.15,-0.2661,-0.08819,-0.25958,0.92414,-0.68,1.11,0.17,0.34082,-0.23547,-0.23634,0.87894,-0.69,1.1,0.19,0.62451,-0.34554,-0.14854,0.68449,-0.7,1.08,0.19,0.62451,-0.34554,-0.14854,0.68449,-0.81,1.08,0.19
-0.78,1.45,-0.16,-0.78,1.45,-0.16,-0.85,1.1,0.11,0.32666,-0.06209,-0.13423,-0.9335,-0.86,1.06,0.06,0.32666,-0.06209,-0.13423,-0.9335,-0.82,1.08,0.08,0.45493,-0.18582,0.50157,-0.71199,-0.8,1.09,0.1,0.21723,-0.02847,0.45676,-0.86219,-0.79,1.1,0.13,0.0852,0.00412,0.53332,-0.8416,-0.79,1.11,0.15,0.0852,0.00412,0.53332,-0.8416,-0.83,1.08,0.08,0.32666,-0.06209,-0.13423,-0.9335,-0.83,1.12,0.13,0.07101,-0.09618,-0.06919,-0.99041,-0.82,1.13,0.16,-0.30168,-0.11954,-0.05428,-0.94433,-0.82,1.11,0.18,-0.46614,-0.10056,-0.04164,-0.87799,-0.81,1.09,0.2,-0.46614,-0.10056,-0.04164,-0.87799,-0.85,1.08,0.08,0.32666,-0.06209,-0.13423,-0.9335,-0.85,1.12,0.13,0.11387,-0.07252,-0.136,-0.98147,-0.85,1.13,0.17,-0.22247,-0.115,-0.11638,-0.96111,-0.84,1.12,0.19,-0.34219,-0.12029,-0.15551,-0.91883,-0.83,1.1,0.21,-0.34219,-0.12029,-0.15551,-0.91883,-0.87,1.07,0.09,0.32666,-0.06209,-0.13423,-0.9335,-0.87,1.11,0.13,0.15301,-0.05283,-0.19434,-0.96749,-0.87,1.12,0.17,-0.20359,-0.13386,-0.20001,-0.94902,-0.86,1.11,0.19,-0.36837,-0.19338,-0.19072,-0.88912,-0.85,1.1,0.21,-0.36837,-0.19338,-0.19072,-0.88912,-0.87,1.07,0.09,0.26743,0.00081,-0.36791,-0.89057,-0.88,1.09,0.13,0.19614,-0.03984,-0.2744,-0.94056,-0.88,1.1,0.16,-0.15379,-0.12119,-0.31067,-0.93013,-0.88,1.1,0.18,-0.27774,-0.21207,-0.29461,-0.88943,-0.87,1.09,0.19,-0.27774,-0.21207,-0.29461,-0.88943,-0.7,1.09,0.12,-0.32067,-0.18393,-0.11329,0.92223,-0.68,1.05,0.07,-0.32067,-0.18393,-0.11329,0.92223,-0.72,1.07,0.1,-0.43756,-0.26782,0.57047,0.64139,-0.75,1.07,0.11,-0.25243,-0.11057,0.54712,0.79039,-0.77,1.08,0.14,-0.13995,-0.06639,0.62904,0.76178,-0.77,1.09,0.16,-0.13995,-0.06639,0.62904,0.76178,-0.71,1.07,0.1,-0.32067,-0.18393,-0.11329,0.92223,-0.73,1.11,0.14,-0.11503,-0.20975,-0.02603,0.97062,-0.75,1.12,0.17,0.2994,-0.20872,0.03803,0.93024,-0.76,1.11,0.19,0.47239,-0.17169,0.06761,0.86186,-0.76,1.09,0.2,0.47239,-0.17169,0.06761,0.86186,-0.7,1.07,0.1,-0.32067,-0.18393,-0.11329,0.92223,-0.71,1.11,0.14,-0.08866,-0.18864,-0.08508,0.97433,-0.73,1.12,0.18,0.34159,-0.2089,-0.00812,0.9163,-0.74,1.1,0.2,0.54278,-0.1917,-0.0244,0.81734,-0.74,1.08,0.21,0.54278,-0.1917,-0.0244,0.81734,-0.68,1.07,0.11,-0.32067,-0.18393,-0.11329,0.92223,-0.69,1.1,0.15,-0.13546,-0.15667,-0.15773,0.96552,-0.7,1.11,0.18,0.37851,-0.23453,-0.0943,0.89041,-0.72,1.1,0.2,0.63415,-0.27098,-0.0458,0.72272,-0.73,1.08,0.2,0.63415,-0.27098,-0.0458,0.72272,-0.68,1.07,0.11,-0.23955,-0.11709,-0.34224,0.90099,-0.68,1.09,0.15,-0.26472,-0.08858,-0.25864,0.92476,-0.68,1.11,0.17,0.34171,-0.23496,-0.23552,0.87895,-0.69,1.1,0.19,0.6294,-0.34545,-0.1462,0.68055,-0.7,1.08,0.19,0.6294,-0.34545,-0.1462,0.68055,-0.81,1.08,0.19
-0.78,1.45,-0.16,-0.78,1.45,-0.16,-0.85,1.1,0.11,0.33161,-0.06159,-0.13111,-0.93223,-0.86,1.06,0.05,0.33161,-0.06159,-0.13111,-0.93223,-0.82,1.08,0.08,0.44583,-0.17687,0.51625,-0.70954,-0.8,1.09,0.1,0.20359,-0.01084,0.46907,-0.85931,-0.79,1.1,0.13,0.06769,0.0237,0.54208,-0.83726,-0.79,1.11,0.15,0.06769,0.0237,0.54208,-0.83726,-0.83,1.08,0.08,0.33161,-0.06159,-0.13111,-0.93223,-0.83,1.12,0.13,0.07493,-0.09581,-0.06546,-0.99041,-0.82,1.12,0.16,-0.3146,-0.11881,-0.04883,-0.94049,-0.82,1.11,0.18,-0.48005,-0.09885,-0.03578,-0.87092,-0.81,1.09,0.19,-0.48005,-0.09885,-0.03578,-0.87092,-0.85,1.08,0.08,0.33161,-0.06159,-0.13111,-0.93223,-0.85,1.12,0.13,0.1199,-0.07462,-0.13137,-0.98122,-0.85,1.13,0.17,-0.25962,-0.12036,-0.10613,-0.95229,-0.84,1.12,0.19,-0.40894,-0.12582,-0.14317,-0.89244,-0.83,1.1,0.21,-0.40894,-0.12582,-0.14317,-0.89244,-0.87,1.07,0.09,0.33161,-0.06159,-0.13111,-0.93223,-0.87,1.11,0.13,0.16275,-0.05586,-0.18965,-0.96666,-0.87,1.12,0.17,-0.25186,-0.14667,-0.18715,-0.9381,-0.86,1.11,0.19,-0.44831,-0.20815,-0.17163,-0.85219,-0.85,1.09,0.2,-0.44831,-0.20815,-0.17163,-0.85219,-0.87,1.07,0.09,0.27279,0.00015,-0.36533,-0.89001,-0.88,1.09,0.13,0.20665,-0.04521,-0.26914,-0.93958,-0.88,1.1,0.16,-0.19495,-0.14119,-0.29911,-0.92336,-0.88,1.1,0.17,-0.36884,-0.24494,-0.27067,-0.85481,-0.86,1.09,0.19,-0.36884,-0.24494,-0.27067,-0.85481,-0.7,1.09,0.12,-0.32127,-0.18452,-0.11274,0.92197,-0.68,1.06,0.07,-0.32127,-0.18452,-0.11274,0.92197,-0.72,1.07,0.1,-0.43622,-0.26502,0.57303,0.64118,-0.75,1.07,0.11,-0.25577,-0.11016,0.54803,0.78874,-0.77,1.08,0.14,-0.14954,-0.07051,0.62989,0.75888,-0.77,1.09,0.16,-0.14954,-0.07051,0.62989,0.75888,-0.71,1.07,0.1,-0.32127,-0.18452,-0.11274,0.92197,-0.73,1.11,0.14,-0.11052,-0.21315,-0.02234,0.97049,-0.75,1.12,0.17,0.29816,-0.21044,0.04155,0.9301,-0.76,1.11,0.19,0.47023,-0.17279,0.07116,0.86253,-0.76,1.09,0.2,0.47023,-0.17279,0.07116,0.86253,-0.7,1.07,0.1,-0.32127,-0.18452,-0.11274,0.92197,-0.71,1.11,0.14,-0.09892,-0.1868,-0.08719,0.97351,-0.73,1.12,0.18,0.34074,-0.20837,-0.00883,0.91673,-0.74,1.11,0.2,0.55168,-0.19105,-0.02393,0.81153,-0.74,1.08,0.21,0.55168,-0.19105,-0.02393,0.81153,-0.68,1.07,0.11,-0.32127,-0.18452,-0.11274,0.92197,-0.69,1.1,0.15,-0.14936,-0.15324,-0.16023,0.9636,-0.7,1.12,0.18,0.37175,-0.23404,-0.0964,0.89316,-0.72,1.1,0.2,0.63368,-0.27135,-0.0463,0.72296,-0.73,1.08,0.2,0.63368,-0.27135,-0.0463,0.72296,-0.68,1.07,0.11,-0.2401,-0.11781,-0.34172,0.90094,-0.68,1.09,0.15,-0.26561,-0.088,-0.25843,0.92462,-0.68,1.11,0.17,0.33816,-0.23377,-0.23628,0.88044,-0.69,1.1,0.19,0.62831,-0.34498,-0.14641,0.68175,-0.7,1.08,0.19,0.62831,-0.34498,-0.14641,0.68175,-0.81,1.08,0.19
-0.78,1.45,-0.16,-0.78,1.45,-0.16,-0.85,1.1,0.11,0.34405,-0.05846,-0.11961,-0.92947,-0.86,1.06,0.05,0.34405,-0.05846,-0.11961,-0.92947,-0.82,1.07,0.08,0.44573,-0.16697,0.53139,-0.70076,-0.8,1.09,0.1,0.20462,0.00472,0.48114,-0.85242,-0.79,1.1,0.13,0.06686,0.04164,0.55137,-0.83053,-0.79,1.11,0.15,0.06686,0.04164,0.55137,-0.83053,-0.83,1.08,0.08,0.34405,-0.05846,-0.11961,-0.92947,-0.83,1.12,0.13,0.08516,-0.08951,-0.05472,-0.99083,-0.82,1.13,0.16,-0.33822,-0.11053,-0.0374,-0.93381,-0.82,1.11,0.18,-0.51056,-0.08879,-0.02426,-0.8549,-0.81,1.09,0.19,-0.51056,-0.08879,-0.02426,-0.8549,-0.85,1.08,0.08,0.34405,-0.05846,-0.11961,-0.92947,-0.85,1.12,0.13,0.11279,-0.07302,-0.11868,-0.9838,-0.85,1.13,0.17,-0.31164,-0.11831,-0.08965,-0.93853,-0.84,1.11,0.19,-0.49819,-0.1218,-0.12509,-0.84931,-0.83,1.09,0.2,-0.49819,-0.1218,-0.12509,-0.84931,-0.87,1.07,0.09,0.34405,-0.05846,-0.11961,-0.92947,-0.87,1.11,0.13,0.15058,-0.05756,-0.17706,-0.97091,-0.87,1.12,0.16,-0.3132,-0.15112,-0.16878,-0.92227,-0.86,1.11,0.18,-0.54632,-0.21258,-0.14696,-0.79671,-0.84,1.09,0.19,-0.54632,-0.21258,-0.14696,-0.79671,-0.87,1.07,0.09,0.28714,0.00043,-0.35543,-0.8895,-0.88,1.09,0.13,0.20605,-0.05089,-0.2572,-0.94276,-0.88,1.1,0.15,-0.24378,-0.15533,-0.28074,-0.91522,-0.88,1.1,0.17,-0.46379,-0.2676,-0.23925,-0.80997,-0.86,1.08,0.18,-0.46379,-0.2676,-0.23925,-0.80997,-0.71,1.09,0.12,-0.3068,-0.20015,-0.10139,0.92495,-0.68,1.06,0.07,-0.3068,-0.20015,-0.10139,0.92495,-0.73,1.06,0.09,-0.43467,-0.28361,0.57369,0.63364,-0.75,1.07,0.11,-0.25927,-0.13139,0.55316,0.78072,-0.77,1.08,0.14,-0.16204,-0.09586,0.63651,0.74793,-0.78,1.08,0.16,-0.16204,-0.09586,0.63651,0.74793,-0.71,1.07,0.1,-0.3068,-0.20015,-0.10139,0.92495,-0.74,1.11,0.13,-0.10451,-0.2352,-0.00507,0.9663,-0.75,1.12,0.17,0.27904,-0.225,0.06061,0.93158,-0.76,1.1,0.18,0.44774,-0.18416,0.09127,0.87022,-0.77,1.09,0.2,0.44774,-0.18416,0.09127,0.87022,-0.7,1.07,0.1,-0.3068,-0.20015,-0.10139,0.92495,-0.71,1.11,0.14,-0.0977,-0.19785,-0.0753,0.97244,-0.73,1.12,0.18,0.34479,-0.21304,0.00747,0.91416,-0.74,1.1,0.2,0.56612,-0.191,-0.00545,0.80187,-0.75,1.08,0.21,0.56612,-0.191,-0.00545,0.80187,-0.68,1.07,0.11,-0.3068,-0.20015,-0.10139,0.92495,-0.7,1.1,0.15,-0.14713,-0.16204,-0.14878,0.96435,-0.71,1.11,0.18,0.3816,-0.23617,-0.08045,0.89002,-0.72,1.1,0.2,0.65107,-0.26788,-0.02824,0.70962,-0.73,1.08,0.2,0.65107,-0.26788,-0.02824,0.70962,-0.68,1.07,0.11,-0.22439,-0.12932,-0.32904,0.90811,-0.68,1.09,0.15,-0.2534,-0.09788,-0.24602,0.93042,-0.68,1.1,0.18,0.3502,-0.23295,-0.22123,0.87986,-0.69,1.09,0.19,0.64586,-0.33953,-0.13066,0.67121,-0.71,1.08,0.19,0.64586,-0.33953,-0.13066,0.67121,-0.81,1.08,0.19
-0.78,1.45,-0.16,-0.78,1.45,-0.16,-0.85,1.1,0.11,0.35412,-0.05147,-0.12145,-0.92585,-0.86,1.06,0.06,0.35412,-0.05147,-0.12145,-0.92585,-0.82,1.07,0.08,0.44813,-0.15706,0.53394,-0.69959,-0.8,1.09,0.1,0.20623,0.01575,0.48048,-0.85227,-0.79,1.1,0.13,0.06854,0.05199,0.54948,-0.83107,-0.79,1.11,0.16,0.06854,0.05199,0.54948,-0.83107,-0.83,1.08,0.08,0.35412,-0.05147,-0.12145,-0.92585,-0.83,1.12,0.13,0.09079,-0.08151,-0.05887,-0.99078,-0.82,1.13,0.16,-0.34921,-0.10591,-0.0426,-0.93006,-0.82,1.11,0.18,-0.53205,-0.08568,-0.02852,-0.84188,-0.82,1.09,0.19,-0.53205,-0.08568,-0.02852,-0.84188,-0.85,1.08,0.08,0.35412,-0.05147,-0.12145,-0.92585,-0.85,1.12,0.13,0.11401,-0.06736,-0.12196,-0.98366,-0.85,1.13,0.17,-0.31664,-0.11519,-0.09424,-0.9368,-0.84,1.11,0.19,-0.51581,-0.12059,-0.12955,-0.83822,-0.83,1.09,0.2,-0.51581,-0.12059,-0.12955,-0.83822,-0.87,1.07,0.09,0.35412,-0.05147,-0.12145,-0.92585,-0.87,1.11,0.13,0.14682,-0.05404,-0.17979,-0.97118,-0.87,1.12,0.16,-0.31814,-0.1494,-0.17265,-0.92014,-0.86,1.11,0.18,-0.5603,-0.21315,-0.14938,-0.78633,-0.85,1.09,0.19,-0.5603,-0.21315,-0.14938,-0.78633,-0.87,1.07,0.09,0.29815,0.00457,-0.35801,-0.88482,-0.88,1.09,0.13,0.20575,-0.05232,-0.25875,-0.94232,-0.88,1.1,0.15,-0.24469,-0.15749,-0.28136,-0.91442,-0.88,1.1,0.17,-0.472,-0.27181,-0.23716,-0.80442,-0.86,1.08,0.18,-0.472,-0.27181,-0.23716,-0.80442,-0.71,1.09,0.12,-0.29001,-0.21278,-0.09261,0.92846,-0.68,1.06,0.07,-0.29001,-0.21278,-0.09261,0.92846,-0.73,1.06,0.09,-0.43749,-0.29751,0.56548,0.63271,-0.75,1.07,0.11,-0.26694,-0.15172,0.54712,0.77871,-0.77,1.08,0.13,-0.17971,-0.12236,0.63217,0.74371,-0.78,1.08,0.16,-0.17971,-0.12236,0.63217,0.74371,-0.72,1.07,0.1,-0.29001,-0.21278,-0.09261,0.92846,-0.74,1.11,0.14,-0.09165,-0.25875,0.01154,0.96152,-0.76,1.11,0.17,0.27844,-0.24107,0.08207,0.92608,-0.77,1.1,0.18,0.44334,-0.19646,0.11474,0.867,-0.77,1.08,0.2,0.44334,-0.19646,0.11474,0.867,-0.7,1.07,0.1,-0.29001,-0.21278,-0.09261,0.92846,-0.72,1.11,0.14,-0.09414,-0.20733,-0.06652,0.97146,-0.73,1.12,0.18,0.35738,-0.21738,0.02184,0.90805,-0.74,1.1,0.2,0.59186,-0.18966,0.01184,0.78332,-0.75,1.08,0.2,0.59186,-0.18966,0.01184,0.78332,-0.68,1.07,0.11,-0.29001,-0.21278,-0.09261,0.92846,-0.7,1.1,0.15,-0.14434,-0.16847,-0.14049,0.96491,-0.71,1.11,0.18,0.39931,-0.2382,-0.06652,0.88283,-0.72,1.09,0.2,0.67809,-0.26408,-0.01117,0.68581,-0.73,1.07,0.2,0.67809,-0.26408,-0.01117,0.68581,-0.68,1.07,0.11,-0.20669,-0.13741,-0.31868,0.91479,-0.68,1.09,0.15,-0.24227,-0.10415,-0.23597,0.93529,-0.69,1.1,0.18,0.36331,-0.23136,-0.20954,0.87782,-0.7,1.09,0.19,0.67009,-0.33518,-0.11547,0.65215,-0.71,1.07,0.19,0.67009,-0.33518,-0.11547,0.65215,-0.81,1.08,0.19
-0.78,1.44,-0.16,-0.78,1.44,-0.16,-0.85,1.1,0.11,0.37813,-0.04782,-0.12878,-0.9155,-0.86,1.06,0.06,0.37813,-0.04782,-0.12878,-0.9155,-0.82,1.08,0.09,0.46235,-0.1402,0.53482,-0.69321,-0.8,1.09,0.1,0.21977,0.03244,0.47593,-0.85096,-0.8,1.11,0.13,0.08098,0.06901,0.5434,-0.83271,-0.8,1.11,0.16,0.08098,0.06901,0.5434,-0.83271,-0.84,1.08,0.08,0.37813,-0.04782,-0.12878,-0.9155,-0.83,1.12,0.12,0.10891,-0.07843,-0.06679,-0.9887,-0.83,1.13,0.16,-0.34107,-0.10753,-0.04985,-0.93254,-0.82,1.12,0.18,-0.53187,-0.0892,-0.03462,-0.8414,-0.82,1.1,0.19,-0.53187,-0.0892,-0.03462,-0.8414,-0.85,1.08,0.09,0.37813,-0.04782,-0.12878,-0.9155,-0.86,1.12,0.13,0.14423,-0.06568,-0.13045,-0.97871,-0.85,1.13,0.17,-0.28352,-0.11728,-0.10299,-0.94618,-0.84,1.12,0.19,-0.48499,-0.12662,-0.13796,-0.85424,-0.84,1.1,0.2,-0.48499,-0.12662,-0.13796,-0.85424,-0.87,1.07,0.09,0.37813,-0.04782,-0.12878,-0.9155,-0.87,1.11,0.13,0.1759,-0.05433,-0.18774,-0.96481,-0.87,1.12,0.16,-0.2845,-0.15355,-0.17961,-0.9291,-0.86,1.11,0.18,-0.52868,-0.21969,-0.1544,-0.80523,-0.85,1.09,0.19,-0.52868,-0.21969,-0.1544,-0.80523,-0.88,1.07,0.09,0.32131,0.00154,-0.3664,-0.87322,-0.89,1.1,0.13,0.23136,-0.05794,-0.26462,-0.93439,-0.89,1.11,0.15,-0.21216,-0.16518,-0.28494,-0.92006,-0.88,1.1,0.17,-0.43802,-0.27932,-0.23814,-0.82061,-0.86,1.09,0.18,-0.43802,-0.27932,-0.23814,-0.82061,-0.71,1.09,0.12,-0.26635,-0.21727,-0.07567,0.93601,-0.68,1.06,0.07,-0.26635,-0.21727,-0.07567,0.93601,-0.73,1.06,0.09,-0.43595,-0.30821,0.55533,0.63762,-0.75,1.07,0.11,-0.27105,-0.1701,0.53734,0.7803,-0.77,1.08,0.13,-0.19569,-0.14929,0.62332,0.74222,-0.78,1.08,0.15,-0.19569,-0.14929,0.62332,0.74222,-0.72,1.07,0.1,-0.26635,-0.21727,-0.07567,0.93601,-0.74,1.1,0.14,-0.0445,-0.27607,0.04372,0.95911,-0.76,1.1,0.17,0.32208,-0.24395,0.11836,0.90705,-0.77,1.09,0.18,0.48223,-0.19239,0.1523,0.84098,-0.77,1.07,0.2,0.48223,-0.19239,0.1523,0.84098,-0.7,1.07,0.1,-0.26635,-0.21727,-0.07567,0.93601,-0.72,1.1,0.14,-0.09585,-0.20719,-0.05392,0.9721,-0.74,1.11,0.18,0.36859,-0.2111,0.03588,0.9046,-0.75,1.09,0.2,0.61589,-0.1777,0.02576,0.7671,-0.75,1.07,0.2,0.61589,-0.1777,0.02576,0.7671,-0.68,1.07,0.11,-0.26635,-0.21727,-0.07567,0.93601,-0.7,1.1,0.15,-0.15486,-0.16323,-0.12833,0.96587,-0.71,1.11,0.18,0.4028,-0.22838,-0.05616,0.88456,-0.72,1.09,0.2,0.6908,-0.25071,-0.00243,0.67818,-0.73,1.07,0.2,0.6908,-0.25071,-0.00243,0.67818,-0.68,1.07,0.11,-0.1851,-0.1355,-0.30044,0.9258,-0.68,1.08,0.15,-0.23063,-0.10011,-0.21757,0.94311,-0.69,1.1,0.18,0.37583,-0.21609,-0.19776,0.87918,-0.7,1.09,0.19,0.69191,-0.3177,-0.10721,0.63941,-0.71,1.07,0.19,0.69191,-0.3177,-0.10721,0.63941,-0.81,1.08,0.19
-0.78,1.44,-0.16,-0.78,1.44,-0.16,-0.85,1.1,0.11,0.38896,-0.05582,-0.12812,-0.91059,-0.86,1.06,0.06,0.38896,-0.05582,-0.12812,-0.91059,-0.82,1.08,0.09,0.47126,-0.14007,0.53821,-0.68456,-0.8,1.09,0.1,0.22874,0.03401,0.47949,-0.84653,-0.8,1.11,0.13,0.08948,0.07236,0.54669,-0.82939,-0.8,1.11,0.16,0.08948,0.07236,0.54669,-0.82939,-0.84,1.08,0.09,0.38896,-0.05582,-0.12812,-0.91059,-0.83,1.12,0.12,0.12147,-0.08614,-0.06345,-0.98681,-0.83,1.13,0.16,-0.33088,-0.11335,-0.04313,-0.93585,-0.82,1.12,0.18,-0.52473,-0.09368,-0.02682,-0.84568,-0.82,1.1,0.19,-0.52473,-0.09368,-0.02682,-0.84568,-0.85,1.08,0.09,0.38896,-0.05582,-0.12812,-0.91059,-0.85,1.12,0.12,0.16768,-0.07244,-0.12864,-0.97472,-0.85,1.14,0.16,-0.25513,-0.12237,-0.09913,-0.954,-0.84,1.13,0.19,-0.45648,-0.13234,-0.13351,-0.86965,-0.83,1.11,0.2,-0.45648,-0.13234,-0.13351,-0.86965,-0.87,1.07,0.09,0.38896,-0.05582,-0.12812,-0.91059,-0.87,1.11,0.13,0.20159,-0.0611,-0.18613,-0.95968,-0.87,1.13,0.16,-0.25713,-0.15937,-0.17492,-0.93696,-0.86,1.12,0.18,-0.50289,-0.22443,-0.14799,-0.82148,-0.85,1.1,0.19,-0.50289,-0.22443,-0.14799,-0.82148,-0.88,1.07,0.09,0.33032,-0.00912,-0.36612,-0.86992,-0.89,1.1,0.13,0.24965,-0.06569,-0.2628,-0.92967,-0.89,1.11,0.15,-0.19227,-0.17219,-0.28023,-0.92458,-0.88,1.11,0.17,-0.41915,-0.28468,-0.23112,-0.83057,-0.86,1.09,0.18,-0.41915,-0.28468,-0.23112,-0.83057,-0.71,1.09,0.13,-0.25241,-0.20607,-0.0615,0.94342,-0.68,1.06,0.07,-0.25241,-0.20607,-0.0615,0.94342,-0.73,1.06,0.1,-0.42889,-0.30216,0.55286,0.64738,-0.75,1.07,0.11,-0.2682,-0.168,0.53138,0.7858,-0.77,1.08,0.14,-0.20565,-0.15849,0.61597,0.74375,-0.78,1.08,0.16,-0.20565,-0.15849,0.61597,0.74375,-0.72,1.07,0.1,-0.25241,-0.20607,-0.0615,0.94342,-0.74,1.1,0.14,-0.00581,-0.27373,0.06764,0.95941,-0.76,1.1,0.17,0.36288,-0.23114,0.14082,0.89166,-0.77,1.08,0.19,0.52054,-0.17505,0.17365,0.81746,-0.77,1.06,0.2,0.52054,-0.17505,0.17365,0.81746,-0.7,1.07,0.1,-0.25241,-0.20607,-0.0615,0.94342,-0.72,1.1,0.15,-0.09436,-0.19416,-0.04375,0.97544,-0.74,1.11,0.19,0.38055,-0.19441,0.04077,0.90318,-0.74,1.09,0.2,0.63547,-0.15842,0.0269,0.75522,-0.75,1.07,0.21,0.63547,-0.15842,0.0269,0.75522,-0.68,1.07,0.11,-0.25241,-0.20607,-0.0615,0.94342,-0.7,1.1,0.15,-0.15545,-0.14834,-0.1167,0.96965,-0.71,1.11,0.19,0.4132,-0.21012,-0.05273,0.8845,-0.72,1.09,0.2,0.70744,-0.23169,-0.00405,0.66771,-0.73,1.07,0.2,0.70744,-0.23169,-0.00405,0.66771,-0.68,1.07,0.11,-0.17577,-0.12047,-0.28651,0.93408,-0.68,1.09,0.15,-0.22459,-0.08398,-0.20269,0.94943,-0.69,1.1,0.18,0.38182,-0.19359,-0.19581,0.88227,-0.7,1.09,0.19,0.70617,-0.29745,-0.11183,0.63273,-0.71,1.07,0.19,0.70617,-0.29745,-0.11183,0.63273,-0.81,1.08,0.19
-0.78,1.44,-0.16,-0.78,1.44,-0.16,-0.85,1.1,0.11,0.38112,-0.06305,-0.12415,-0.91398,-0.86,1.05,0.06,0.38112,-0.06305,-0.12415,-0.91398,-0.82,1.07,0.09,0.46516,-0.15103,0.54233,-0.68315,-0.8,1.09,0.1,0.22012,0.02705,0.4874,-0.84454,-0.79,1.1,0.13,0.08003,0.06684,0.5546,-0.82556,-0.79,1.11,0.16,0.08003,0.06684,0.5546,-0.82556,-0.83,1.08,0.09,0.38112,-0.06305,-0.12415,-0.91398,-0.83,1.12,0.13,0.11346,-0.09387,-0.05648,-0.98748,-0.82,1.13,0.16,-0.3392,-0.117,-0.03344,-0.93281,-0.82,1.12,0.18,-0.53276,-0.09513,-0.01626,-0.84075,-0.81,1.1,0.19,-0.53276,-0.09513,-0.01626,-0.84075,-0.85,1.07,0.09,0.38112,-0.06305,-0.12415,-0.91398,-0.85,1.12,0.13,0.17436,-0.0771,-0.12395,-0.9738,-0.85,1.14,0.17,-0.24257,-0.12413,-0.0937,-0.95759,-0.84,1.12,0.19,-0.44083,-0.13334,-0.12819,-0.87833,-0.83,1.11,0.2,-0.44083,-0.13334,-0.12819,-0.87833,-0.87,1.07,0.09,0.38112,-0.06305,-0.12415,-0.91398,-0.87,1.11,0.13,0.21507,-0.06348,-0.18199,-0.95739,-0.87,1.13,0.16,-0.24252,-0.15984,-0.17015,-0.94164,-0.86,1.12,0.18,-0.48785,-0.22365,-0.14339,-0.83152,-0.84,1.1,0.2,-0.48785,-0.22365,-0.14339,-0.83152,-0.87,1.07,0.09,0.32172,-0.01395,-0.36174,-0.8749,-0.88,1.09,0.13,0.25265,-0.0677,-0.25822,-0.93,-0.88,1.11,0.16,-0.18974,-0.1722,-0.27533,-0.92657,-0.88,1.1,0.17,-0.41721,-0.2834,-0.22636,-0.83329,-0.86,1.09,0.18,-0.41721,-0.2834,-0.22636,-0.83329,-0.71,1.09,0.13,-0.2464,-0.19293,-0.05089,0.94841,-0.69,1.06,0.08,-0.2464,-0.19293,-0.05089,0.94841,-0.73,1.07,0.1,-0.42894,-0.28924,0.54774,0.65751,-0.75,1.07,0.11,-0.2748,-0.16177,0.5204,0.79214,-0.77,1.08,0.14,-0.22428,-0.16223,0.60406,0.74732,-0.79,1.09,0.16,-0.22428,-0.16223,0.60406,0.74732,-0.72,1.07,0.1,-0.2464,-0.19293,-0.05089,0.94841,-0.74,1.1,0.15,0.009,-0.2691,0.08185,0.95959,-0.76,1.1,0.18,0.3817,-0.22025,0.15347,0.88445,-0.77,1.08,0.19,0.53978,-0.16132,0.18521,0.80518,-0.77,1.06,0.2,0.53978,-0.16132,0.18521,0.80518,-0.7,1.07,0.11,-0.2464,-0.19293,-0.05089,0.94841,-0.72,1.11,0.15,-0.09413,-0.18185,-0.03537,0.97817,-0.73,1.11,0.19,0.39304,-0.17906,0.04449,0.90082,-0.74,1.09,0.21,0.65831,-0.14029,0.02723,0.73906,-0.75,1.07,0.21,0.65831,-0.14029,0.02723,0.73906,-0.69,1.07,0.11,-0.2464,-0.19293,-0.05089,0.94841,-0.7,1.1,0.16,-0.15222,-0.13554,-0.10671,0.97318,-0.71,1.11,0.19,0.42974,-0.19443,-0.04933,0.88039,-0.72,1.09,0.21,0.73214,-0.21455,-0.00422,0.64646,-0.73,1.07,0.2,0.73214,-0.21455,-0.00422,0.64646,-0.68,1.07,0.12,-0.17407,-0.1056,-0.27667,0.93915,-0.68,1.09,0.16,-0.2214,-0.06934,-0.19182,0.95361,-0.68,1.1,0.18,0.38742,-0.17549,-0.19559,0.88366,-0.69,1.09,0.2,0.7236,-0.28255,-0.11479,0.61918,-0.71,1.07,0.19,0.7236,-0.28255,-0.11479,0.61918,-0.81,1.08,0.19
-0.78,1.44,-0.16,-0.78,1.44,-0.16,-0.85,1.1,0.11,0.36223,-0.06302,-0.12134,-0.922,-0.86,1.06,0.06,0.36223,-0.06302,-0.12134,-0.922,-0.82,1.07,0.09,0.44919,-0.16081,0.54362,-0.69054,-0.8,1.09,0.1,0.20032,0.02081,0.49195,-0.84701,-0.79,1.1,0.13,0.06418,0.05707,0.55972,-0.82422,-0.79,1.1,0.16,0.06418,0.05707,0.55972,-0.82422,-0.83,1.08,0.09,0.36223,-0.06302,-0.12134,-0.922,-0.83,1.12,0.13,0.09082,-0.09347,-0.05391,-0.99,-0.82,1.13,0.16,-0.34451,-0.11437,-0.03351,-0.93119,-0.82,1.11,0.18,-0.53033,-0.09228,-0.0177,-0.84257,-0.81,1.09,0.19,-0.53033,-0.09228,-0.0177,-0.84257,-0.85,1.07,0.09,0.36223,-0.06302,-0.12134,-0.922,-0.85,1.12,0.13,0.16209,-0.07357,-0.12258,-0.97637,-0.85,1.13,0.17,-0.23863,-0.11861,-0.09591,-0.95906,-0.84,1.12,0.19,-0.42122,-0.12708,-0.13228,-0.88822,-0.83,1.1,0.21,-0.42122,-0.12708,-0.13228,-0.88822,-0.87,1.07,0.09,0.36223,-0.06302,-0.12134,-0.922,-0.87,1.11,0.13,0.21253,-0.05681,-0.18083,-0.95859,-0.87,1.12,0.16,-0.23022,-0.15065,-0.17427,-0.94548,-0.86,1.11,0.19,-0.46128,-0.21419,-0.15229,-0.84744,-0.84,1.1,0.2,-0.46128,-0.21419,-0.15229,-0.84744,-0.87,1.07,0.09,0.3037,-0.00883,-0.35803,-0.88289,-0.88,1.09,0.13,0.24095,-0.05935,-0.2566,-0.93412,-0.88,1.11,0.16,-0.19194,-0.16034,-0.27879,-0.92721,-0.87,1.1,0.17,-0.40717,-0.26985,-0.23631,-0.83997,-0.86,1.09,0.19,-0.40717,-0.26985,-0.23631,-0.83997,-0.71,1.09,0.13,-0.25152,-0.16776,-0.04344,0.95221,-0.69,1.06,0.08,-0.25152,-0.16776,-0.04344,0.95221,-0.73,1.07,0.1,-0.42488,-0.27914,0.54852,0.66384,-0.76,1.07,0.12,-0.27287,-0.15288,0.51794,0.79618,-0.77,1.08,0.15,-0.22405,-0.15574,0.60117,0.75109,-0.79,1.09,0.17,-0.22405,-0.15574,0.60117,0.75109,-0.72,1.07,0.11,-0.25152,-0.16776,-0.04344,0.95221,-0.74,1.1,0.15,-0.14561,-0.25334,0.03822,0.95559,-0.76,1.11,0.18,0.17285,-0.23305,0.09208,0.95254,-0.77,1.1,0.2,0.34155,-0.18827,0.11975,0.91299,-0.77,1.09,0.22,0.34155,-0.18827,0.11975,0.91299,-0.7,1.07,0.11,-0.25152,-0.16776,-0.04344,0.95221,-0.72,1.11,0.16,-0.13625,-0.15261,-0.03879,0.97808,-0.73,1.12,0.19,0.34793,-0.15591,0.02612,0.9241,-0.74,1.1,0.21,0.62841,-0.12668,0.00222,0.76749,-0.74,1.08,0.22,0.62841,-0.12668,0.00222,0.76749,-0.69,1.08,0.12,-0.25152,-0.16776,-0.04344,0.95221,-0.7,1.1,0.16,-0.16101,-0.10813,-0.1027,0.97562,-0.71,1.11,0.19,0.42059,-0.16988,-0.06188,0.88905,-0.72,1.09,0.21,0.73678,-0.19649,-0.02263,0.64656,-0.72,1.07,0.21,0.73678,-0.19649,-0.02263,0.64656,-0.68,1.07,0.12,-0.18521,-0.08163,-0.27142,0.94094,-0.68,1.09,0.16,-0.23028,-0.04455,-0.1855,0.95424,-0.68,1.1,0.19,0.37742,-0.1523,-0.20529,0.89007,-0.69,1.09,0.2,0.72705,-0.26772,-0.12938,0.61886,-0.7,1.07,0.2,0.72705,-0.26772,-0.12938,0.61886,-0.81,1.08,0.19
-0.78,1.44,-0.16,-0.78,1.44,-0.16,-0.85,1.09,0.11,0.33495,-0.06166,-0.12049,-0.93246,-0.86,1.06,0.06,0.33495,-0.06166,-0.12049,-0.93246,-0.82,1.07,0.09,0.4302,-0.1724,0.53936,-0.70306,-0.8,1.08,0.1,0.17794,0.01008,0.49151,-0.85244,-0.79,1.1,0.14,0.04426,0.04303,0.56025,-0.82602,-0.79,1.1,0.16,0.04426,0.04303,0.56025,-0.82602,-0.83,1.08,0.09,0.33495,-0.06166,-0.12049,-0.93246,-0.83,1.11,0.13,0.06005,-0.08946,-0.05583,-0.99261,-0.82,1.12,0.17,-0.34427,-0.10955,-0.04069,-0.93157,-0.82,1.1,0.18,-0.51745,-0.08846,-0.02733,-0.85069,-0.81,1.09,0.19,-0.51745,-0.08846,-0.02733,-0.85069,-0.85,1.07,0.09,0.33495,-0.06166,-0.12049,-0.93246,-0.85,1.11,0.13,0.12841,-0.06803,-0.12358,-0.98164,-0.85,1.13,0.17,-0.26124,-0.11241,-0.10031,-0.95344,-0.84,1.11,0.19,-0.42743,-0.11886,-0.13814,-0.88549,-0.83,1.1,0.21,-0.42743,-0.11886,-0.13814,-0.88549,-0.87,1.07,0.09,0.33495,-0.06166,-0.12049,-0.93246,-0.87,1.1,0.13,0.18225,-0.04902,-0.18151,-0.96511,-0.87,1.12,0.17,-0.24489,-0.14001,-0.18085,-0.94219,-0.86,1.11,0.19,-0.45764,-0.20279,-0.16443,-0.84994,-0.85,1.09,0.2,-0.45764,-0.20279,-0.16443,-0.84994,-0.87,1.07,0.09,0.2775,-0.00038,-0.35558,-0.8925,-0.88,1.09,0.13,0.21138,-0.04797,-0.25768,-0.9416,-0.88,1.1,0.16,-0.20654,-0.14396,-0.28616,-0.92452,-0.87,1.1,0.18,-0.40162,-0.25071,-0.25299,-0.84371,-0.86,1.08,0.19,-0.40162,-0.25071,-0.25299,-0.84371,-0.72,1.09,0.13,-0.21617,-0.16834,-0.01846,0.96156,-0.69,1.06,0.08,-0.21617,-0.16834,-0.01846,0.96156,-0.73,1.06,0.1,-0.39274,-0.30886,0.55946,0.66134,-0.76,1.07,0.12,-0.24112,-0.17744,0.53662,0.78893,-0.78,1.08,0.15,-0.19289,-0.18099,0.6184,0.74001,-0.79,1.08,0.17,-0.19289,-0.18099,0.6184,0.74001,-0.72,1.07,0.11,-0.21617,-0.16834,-0.01846,0.96156,-0.74,1.1,0.15,-0.082,-0.25839,0.06962,0.96003,-0.76,1.1,0.19,0.19999,-0.23056,0.11473,0.94535,-0.77,1.09,0.21,0.34355,-0.18484,0.1372,0.91049,-0.78,1.08,0.22,0.34355,-0.18484,0.1372,0.91049,-0.71,1.07,0.11,-0.21617,-0.16834,-0.01846,0.96156,-0.72,1.1,0.16,-0.15898,-0.14481,-0.02338,0.97632,-0.74,1.12,0.2,0.28772,-0.14341,0.03013,0.94644,-0.74,1.1,0.22,0.56497,-0.11907,0.00072,0.81648,-0.75,1.08,0.23,0.56497,-0.11907,0.00072,0.81648,-0.69,1.07,0.12,-0.21617,-0.16834,-0.01846,0.96156,-0.7,1.1,0.16,-0.19844,-0.09519,-0.08413,0.97185,-0.71,1.11,0.2,0.36368,-0.14904,-0.05644,0.91779,-0.72,1.09,0.21,0.6881,-0.17759,-0.02607,0.70306,-0.73,1.07,0.21,0.6881,-0.17759,-0.02607,0.70306,-0.68,1.07,0.12,-0.15421,-0.07311,-0.24421,0.95459,-0.69,1.09,0.16,-0.23515,-0.03162,-0.15634,0.95878,-0.69,1.1,0.19,0.34487,-0.11944,-0.1924,0.91092,-0.69,1.09,0.2,0.70369,-0.2328,-0.13248,0.65808,-0.7,1.07,0.2,0.70369,-0.2328,-0.13248,0.65808,-0.81,1.08,0.19
-0.78,1.45,-0.16,-0.78,1.45,-0.16,-0.85,1.09,0.11,0.31885,-0.05931,-0.12098,-0.93818,-0.86,1.06,0.06,0.31885,-0.05931,-0.12098,-0.93818,-0.82,1.07,0.09,0.42173,-0.17558,0.53309,-0.71213,-0.8,1.08,0.11,0.16876,0.00471,0.48614,-0.85742,-0.79,1.09,0.14,0.03476,0.03643,0.55549,-0.83,-0.79,1.1,0.16,0.03476,0.03643,0.55549,-0.83,-0.83,1.07,0.09,0.31885,-0.05931,-0.12098,-0.93818,-0.83,1.11,0.13,0.04342,-0.08243,-0.06055,-0.99381,-0.82,1.12,0.17,-0.35013,-0.10406,-0.04902,-0.92961,-0.82,1.1,0.19,-0.51728,-0.08428,-0.03706,-0.85085,-0.81,1.08,0.2,-0.51728,-0.08428,-0.03706,-0.85085,-0.85,1.07,0.09,0.31885,-0.05931,-0.12098,-0.93818,-0.85,1.11,0.13,0.09934,-0.06332,-0.1254,-0.98509,-0.85,1.12,0.17,-0.28963,-0.10843,-0.10384,-0.94529,-0.84,1.11,0.2,-0.45195,-0.1136,-0.14205,-0.8733,-0.83,1.09,0.21,-0.45195,-0.1136,-0.14205,-0.8733,-0.87,1.07,0.09,0.31885,-0.05931,-0.12098,-0.93818,-0.87,1.1,0.13,0.15944,-0.04293,-0.18315,-0.96912,-0.87,1.11,0.17,-0.26609,-0.13415,-0.18545,-0.93638,-0.86,1.1,0.19,-0.47422,-0.19731,-0.17119,-0.84076,-0.85,1.09,0.2,-0.47422,-0.19731,-0.17119,-0.84076,-0.87,1.07,0.09,0.26222,0.00602,-0.35501,-0.89732,-0.88,1.09,0.13,0.19146,-0.04169,-0.25886,-0.94583,-0.88,1.1,0.16,-0.2244,-0.13676,-0.28984,-0.92029,-0.88,1.09,0.18,-0.41375,-0.24324,-0.26008,-0.83786,-0.86,1.08,0.19,-0.41375,-0.24324,-0.26008,-0.83786,-0.72,1.09,0.14,-0.18799,-0.15585,-0.00683,0.9697,-0.69,1.07,0.08,-0.18799,-0.15585,-0.00683,0.9697,-0.73,1.06,0.1,-0.36875,-0.3171,0.55808,0.67233,-0.76,1.07,0.12,-0.22281,-0.18895,0.53489,0.79281,-0.78,1.07,0.15,-0.17944,-0.19728,0.61571,0.74148,-0.79,1.07,0.17,-0.17944,-0.19728,0.61571,0.74148,-0.72,1.07,0.11,-0.18799,-0.15585,-0.00683,0.9697,-0.75,1.09,0.16,0.00068,-0.25405,0.09588,0.96243,-0.76,1.09,0.19,0.26193,-0.21942,0.13434,0.93016,-0.77,1.08,0.21,0.39383,-0.17145,0.15485,0.88968,-0.78,1.06,0.22,0.39383,-0.17145,0.15485,0.88968,-0.71,1.07,0.11,-0.18799,-0.15585,-0.00683,0.9697,-0.72,1.1,0.16,-0.14812,-0.12979,-0.01442,0.98031,-0.73,1.11,0.2,0.27507,-0.12661,0.02838,0.95263,-0.74,1.1,0.22,0.53597,-0.10553,-0.0067,0.83759,-0.75,1.08,0.23,0.53597,-0.10553,-0.0067,0.83759,-0.69,1.07,0.11,-0.18799,-0.15585,-0.00683,0.9697,-0.7,1.09,0.16,-0.20904,-0.07718,-0.07401,0.97204,-0.71,1.11,0.2,0.3303,-0.12757,-0.06034,0.93327,-0.72,1.09,0.22,0.64712,-0.16068,-0.03941,0.74422,-0.72,1.07,0.22,0.64712,-0.16068,-0.03941,0.74422,-0.68,1.07,0.12,-0.131,-0.05383,-0.2309,0.96261,-0.69,1.08,0.16,-0.2322,-0.01112,-0.13997,0.96248,-0.68,1.1,0.19,0.31381,-0.08665,-0.19233,0.92575,-0.69,1.09,0.2,0.67138,-0.20215,-0.14827,0.69742,-0.7,1.07,0.2,0.67138,-0.20215,-0.14827,0.69742,-0.81,1.08,0.19
-0.78,1.45,-0.16,-0.78,1.45,-0.16,-0.85,1.09,0.11,0.31372,-0.05726,-0.12351,-0.9397,-0.86,1.06,0.06,0.31372,-0.05726,-0.12351,-0.9397,-0.82,1.07,0.09,0.41897,-0.17315,0.52947,-0.71704,-0.8,1.08,0.11,0.16733,0.00465,0.48148,-0.86032,-0.79,1.09,0.14,0.03163,0.03658,0.55085,-0.8332,-0.79,1.1,0.16,0.03163,0.03658,0.55085,-0.8332,-0.83,1.07,0.09,0.31372,-0.05726,-0.12351,-0.9397,-0.83,1.11,0.13,0.03832,-0.07626,-0.06675,-0.99411,-0.82,1.12,0.17,-0.35702,-0.10082,-0.05691,-0.92689,-0.82,1.1,0.19,-0.52397,-0.0825,-0.04518,-0.84653,-0.81,1.08,0.2,-0.52397,-0.0825,-0.04518,-0.84653,-0.85,1.07,0.09,0.31372,-0.05726,-0.12351,-0.9397,-0.85,1.11,0.13,0.08411,-0.0615,-0.12839,-0.98624,-0.85,1.12,0.17,-0.30808,-0.10816,-0.10686,-0.93913,-0.84,1.1,0.2,-0.47188,-0.11303,-0.14474,-0.86233,-0.83,1.09,0.21,-0.47188,-0.11303,-0.14474,-0.86233,-0.87,1.07,0.09,0.31372,-0.05726,-0.12351,-0.9397,-0.87,1.1,0.13,0.14826,-0.04083,-0.18599,-0.97044,-0.87,1.11,0.17,-0.28137,-0.13393,-0.18853,-0.93132,-0.86,1.1,0.19,-0.49066,-0.19789,-0.17415,-0.83052,-0.85,1.08,0.2,-0.49066,-0.19789,-0.17415,-0.83052,-0.87,1.07,0.09,0.2573,0.00924,-0.35709,-0.89788,-0.88,1.09,0.13,0.18525,-0.04009,-0.26118,-0.9465,-0.88,1.1,0.16,-0.23639,-0.13767,-0.29188,-0.9165,-0.88,1.09,0.18,-0.42921,-0.2458,-0.26126,-0.82892,-0.86,1.08,0.19,-0.42921,-0.2458,-0.26126,-0.82892,-0.72,1.09,0.13,-0.22846,-0.16268,-0.02179,0.95962,-0.69,1.07,0.08,-0.22846,-0.16268,-0.02179,0.95962,-0.73,1.07,0.1,-0.41897,-0.27977,0.54178,0.67281,-0.76,1.08,0.12,-0.28567,-0.16798,0.50539,0.79672,-0.78,1.09,0.14,-0.25642,-0.1834,0.58739,0.74538,-0.79,1.09,0.16,-0.25642,-0.1834,0.58739,0.74538,-0.72,1.07,0.1,-0.22846,-0.16268,-0.02179,0.95962,-0.75,1.1,0.15,0.02479,-0.25379,0.10727,0.96097,-0.76,1.1,0.18,0.30079,-0.21297,0.14905,0.91758,-0.77,1.08,0.2,0.43431,-0.16179,0.17049,0.86956,-0.77,1.07,0.21,0.43431,-0.16179,0.17049,0.86956,-0.71,1.08,0.11,-0.22846,-0.16268,-0.02179,0.95962,-0.72,1.11,0.16,-0.09218,-0.14151,-0.01545,0.98551,-0.74,1.11,0.2,0.37583,-0.13511,0.03911,0.91595,-0.74,1.1,0.21,0.63977,-0.10186,0.00789,0.76174,-0.75,1.07,0.22,0.63977,-0.10186,0.00789,0.76174,-0.69,1.08,0.11,-0.22846,-0.16268,-0.02179,0.95962,-0.7,1.1,0.16,-0.16229,-0.09628,-0.08301,0.97852,-0.71,1.11,0.19,0.40315,-0.14822,-0.05499,0.90138,-0.72,1.1,0.21,0.7127,-0.17516,-0.02683,0.67872,-0.73,1.07,0.21,0.7127,-0.17516,-0.02683,0.67872,-0.68,1.08,0.12,-0.16685,-0.07051,-0.24885,0.95145,-0.69,1.09,0.16,-0.2323,-0.03408,-0.16103,0.95862,-0.69,1.1,0.18,0.32927,-0.12029,-0.19646,0.91571,-0.69,1.09,0.2,0.67947,-0.23366,-0.13866,0.68154,-0.7,1.08,0.2,0.67947,-0.23366,-0.13866,0.68154,-0.81,1.08,0.19
-0.78,1.45,-0.16,-0.78,1.45,-0.16,-0.85,1.09,0.11,0.31505,-0.05848,-0.12475,-0.93902,-0.86,1.06,0.06,0.31505,-0.05848,-0.12475,-0.93902,-0.82,1.07,0.09,0.42058,-0.17157,0.52888,-0.71691,-0.8,1.08,0.11,0.16997,0.00525,0.4803,-0.86046,-0.79,1.09,0.14,0.03415,0.03728,0.54973,-0.83381,-0.79,1.1,0.16,0.03415,0.03728,0.54973,-0.83381,-0.83,1.08,0.09,0.31505,-0.05848,-0.12475,-0.93902,-0.83,1.11,0.13,0.0396,-0.07503,-0.06931,-0.99398,-0.82,1.12,0.17,-0.36055,-0.10104,-0.05921,-0.92536,-0.82,1.1,0.19,-0.52835,-0.08319,-0.04716,-0.84363,-0.81,1.08,0.2,-0.52835,-0.08319,-0.04716,-0.84363,-0.85,1.07,0.09,0.31505,-0.05848,-0.12475,-0.93902,-0.85,1.11,0.13,0.0789,-0.06372,-0.12897,-0.98645,-0.85,1.12,0.17,-0.32058,-0.11122,-0.10565,-0.93472,-0.84,1.1,0.19,-0.48971,-0.11573,-0.14262,-0.85232,-0.83,1.08,0.21,-0.48971,-0.11573,-0.14262,-0.85232,-0.87,1.07,0.09,0.31505,-0.05848,-0.12475,-0.93902,-0.87,1.1,0.13,0.14675,-0.04309,-0.18682,-0.97042,-0.87,1.11,0.17,-0.29462,-0.13856,-0.18684,-0.92687,-0.86,1.1,0.19,-0.5096,-0.20275,-0.17057,-0.8186,-0.85,1.08,0.2,-0.5096,-0.20275,-0.17057,-0.8186,-0.87,1.07,0.09,0.25817,0.00766,-0.35832,-0.89716,-0.88,1.09,0.13,0.18605,-0.04222,-0.26212,-0.94599,-0.88,1.1,0.16,-0.25103,-0.14474,-0.29013,-0.91206,-0.88,1.09,0.18,-0.45529,-0.25573,-0.25527,-0.81373,-0.86,1.08,0.19,-0.45529,-0.25573,-0.25527,-0.81373,-0.71,1.1,0.13,-0.29664,-0.14833,-0.05881,0.94157,-0.69,1.07,0.08,-0.29664,-0.14833,-0.05881,0.94157,-0.73,1.07,0.1,-0.47025,-0.2139,0.52885,0.67337,-0.76,1.09,0.12,-0.34603,-0.11389,0.47617,0.80035,-0.77,1.1,0.14,-0.32238,-0.13134,0.56066,0.75132,-0.79,1.11,0.16,-0.32238,-0.13134,0.56066,0.75132,-0.72,1.08,0.1,-0.29664,-0.14833,-0.05881,0.94157,-0.74,1.12,0.15,-0.05546,-0.24218,0.07127,0.96602,-0.76,1.12,0.18,0.25367,-0.21059,0.1177,0.93672,-0.76,1.11,0.2,0.39473,-0.16396,0.13844,0.89339,-0.77,1.09,0.21,0.39473,-0.16396,0.13844,0.89339,-0.71,1.08,0.11,-0.29664,-0.14833,-0.05881,0.94157,-0.72,1.12,0.15,-0.10957,-0.13706,-0.04787,0.98332,-0.73,1.13,0.19,0.39588,-0.1459,0.01413,0.90653,-0.74,1.11,0.21,0.67856,-0.11643,-0.01093,0.72518,-0.74,1.08,0.21,0.67856,-0.11643,-0.01093,0.72518,-0.69,1.08,0.11,-0.29664,-0.14833,-0.05881,0.94157,-0.7,1.11,0.15,-0.15153,-0.09986,-0.11664,0.97645,-0.71,1.12,0.19,0.45099,-0.17226,-0.07432,0.87259,-0.71,1.1,0.2,0.76597,-0.20206,-0.03168,0.60947,-0.72,1.08,0.2,0.76597,-0.20206,-0.03168,0.60947,-0.68,1.08,0.11,-0.23095,-0.07394,-0.29079,0.92555,-0.68,1.1,0.15,-0.22734,-0.04612,-0.20587,0.95069,-0.68,1.11,0.18,0.36946,-0.16329,-0.22169,0.88752,-0.69,1.1,0.19,0.7124,-0.2838,-0.14103,0.62615,-0.7,1.08,0.19,0.7124,-0.2838,-0.14103,0.62615,-0.81,1.08,0.19
-0.78,1.45,-0.16,-0.78,1.45,-0.16,-0.85,1.09,0.11,0.31762,-0.05982,-0.12382,-0.93819,-0.86,1.06,0.06,0.31762,-0.05982,-0.12382,-0.93819,-0.82,1.07,0.09,0.42013,-0.17097,0.53244,-0.71468,-0.8,1.08,0.11,0.17221,0.0059,0.48354,-0.85819,-0.79,1.09,0.14,0.03682,0.03836,0.55284,-0.83159,-0.79,1.1,0.16,0.03682,0.03836,0.55284,-0.83159,-0.83,1.08,0.09,0.31762,-0.05982,-0.12382,-0.93819,-0.83,1.11,0.13,0.04377,-0.07531,-0.06858,-0.99384,-0.82,1.12,0.17,-0.365,-0.10164,-0.05748,-0.92366,-0.82,1.1,0.18,-0.53507,-0.08361,-0.04489,-0.83946,-0.81,1.08,0.19,-0.53507,-0.08361,-0.04489,-0.83946,-0.85,1.07,0.09,0.31762,-0.05982,-0.12382,-0.93819,-0.85,1.11,0.13,0.07658,-0.06588,-0.12723,-0.98672,-0.85,1.12,0.17,-0.33231,-0.11352,-0.10208,-0.93073,-0.84,1.1,0.19,-0.509,-0.11746,-0.1382,-0.84144,-0.83,1.08,0.21,-0.509,-0.11746,-0.1382,-0.84144,-0.87,1.07,0.09,0.31762,-0.05982,-0.12382,-0.93819,-0.87,1.1,0.13,0.14855,-0.04501,-0.18555,-0.9703,-0.87,1.11,0.17,-0.30449,-0.14198,-0.18335,-0.92386,-0.86,1.1,0.19,-0.52651,-0.20618,-0.16521,-0.80807,-0.84,1.08,0.2,-0.52651,-0.20618,-0.16521,-0.80807,-0.87,1.07,0.09,0.26053,0.00573,-0.35758,-0.89679,-0.88,1.09,0.13,0.19429,-0.0417,-0.26129,-0.94458,-0.88,1.1,0.16,-0.25405,-0.1479,-0.28841,-0.91127,-0.87,1.09,0.18,-0.46809,-0.26113,-0.25025,-0.80627,-0.86,1.08,0.19,-0.46809,-0.26113,-0.25025,-0.80627,-0.71,1.1,0.13,-0.34911,-0.15379,-0.10641,0.91823,-0.69,1.06,0.08,-0.34911,-0.15379,-0.10641,0.91823,-0.73,1.07,0.1,-0.51752,-0.17629,0.50154,0.67048,-0.75,1.09,0.12,-0.39089,-0.08413,0.44083,0.80361,-0.77,1.11,0.14,-0.35931,-0.09361,0.52868,0.7633,-0.78,1.12,0.15,-0.35931,-0.09361,0.52868,0.7633,-0.72,1.08,0.1,-0.34911,-0.15379,-0.10641,0.91823,-0.73,1.12,0.14,-0.09413,-0.21958,0.01377,0.97095,-0.75,1.13,0.18,0.2666,-0.20484,0.06672,0.93942,-0.76,1.11,0.19,0.41823,-0.16497,0.08937,0.88875,-0.76,1.1,0.21,0.41823,-0.16497,0.08937,0.88875,-0.7,1.08,0.11,-0.34911,-0.15379,-0.10641,0.91823,-0.71,1.12,0.15,-0.15369,-0.15239,-0.09356,0.9718,-0.72,1.13,0.19,0.35891,-0.1826,-0.01628,0.91519,-0.73,1.12,0.2,0.65077,-0.16364,-0.02757,0.74092,-0.74,1.09,0.21,0.65077,-0.16364,-0.02757,0.74092,-0.69,1.08,0.11,-0.34911,-0.15379,-0.10641,0.91823,-0.69,1.11,0.15,-0.19775,-0.11959,-0.1638,0.95904,-0.7,1.13,0.19,0.41662,-0.21879,-0.09646,0.87707,-0.71,1.11,0.2,0.74225,-0.25425,-0.03053,0.61927,-0.72,1.09,0.2,0.74225,-0.25425,-0.03053,0.61927,-0.68,1.07,0.12,-0.27437,-0.09424,-0.33929,0.89483,-0.68,1.1,0.15,-0.25628,-0.08203,-0.25251,0.92942,-0.68,1.11,0.18,0.3648,-0.22881,-0.23173,0.87228,-0.69,1.1,0.19,0.70759,-0.34722,-0.11757,0.6041,-0.7,1.09,0.19,0.70759,-0.34722,-0.11757,0.6041,-0.81,1.08,0.19
-0.78,1.45,-0.16,-0.78,1.45,-0.16,-0.85,1.09,0.11,0.3213,-0.06131,-0.12566,-0.9366,-0.86,1.06,0.06,0.3213,-0.06131,-0.12566,-0.9366,-0.82,1.07,0.09,0.41802,-0.16936,0.53705,-0.71285,-0.8,1.08,0.11,0.17291,0.00798,0.48749,-0.8558,-0.79,1.09,0.14,0.03724,0.04123,0.55629,-0.82913,-0.79,1.1,0.16,0.03724,0.04123,0.55629,-0.82913,-0.83,1.08,0.09,0.3213,-0.06131,-0.12566,-0.9366,-0.83,1.11,0.13,0.04944,-0.07746,-0.06991,-0.99331,-0.82,1.12,0.17,-0.36377,-0.10455,-0.05732,-0.92383,-0.82,1.1,0.18,-0.53652,-0.08661,-0.04389,-0.83829,-0.81,1.08,0.19,-0.53652,-0.08661,-0.04389,-0.83829,-0.85,1.07,0.09,0.3213,-0.06131,-0.12566,-0.9366,-0.85,1.11,0.13,0.07916,-0.06884,-0.12818,-0.98619,-0.85,1.12,0.17,-0.3352,-0.11722,-0.10106,-0.92935,-0.84,1.1,0.19,-0.51771,-0.12131,-0.13616,-0.8359,-0.83,1.08,0.2,-0.51771,-0.12131,-0.13616,-0.8359,-0.87,1.07,0.09,0.3213,-0.06131,-0.12566,-0.9366,-0.87,1.1,0.13,0.15498,-0.04701,-0.18718,-0.96888,-0.87,1.11,0.17,-0.30381,-0.14582,-0.18301,-0.92355,-0.86,1.1,0.19,-0.53095,-0.21057,-0.16296,-0.80449,-0.84,1.08,0.2,-0.53095,-0.21057,-0.16296,-0.80449,-0.87,1.07,0.09,0.26355,0.00328,-0.35953,-0.89514,-0.88,1.09,0.13,0.20595,-0.04095,-0.26321,-0.94161,-0.88,1.1,0.16,-0.24705,-0.15044,-0.28992,-0.91229,-0.88,1.09,0.18,-0.46724,-0.26561,-0.24913,-0.80565,-0.86,1.08,0.19,-0.46724,-0.26561,-0.24913,-0.80565,-0.71,1.09,0.13,-0.3354,-0.15603,-0.10446,0.92317,-0.69,1.05,0.08,-0.3354,-0.15603,-0.10446,0.92317,-0.73,1.07,0.11,-0.49268,-0.18932,0.52044,0.67125,-0.75,1.08,0.12,-0.35854,-0.08639,0.46443,0.80516,-0.77,1.1,0.14,-0.31421,-0.09037,0.55085,0.7679,-0.78,1.11,0.16,-0.31421,-0.09037,0.55085,0.7679,-0.72,1.07,0.11,-0.3354,-0.15603,-0.10446,0.92317,-0.73,1.11,0.15,-0.06323,-0.19863,0.00317,0.97803,-0.75,1.12,0.18,0.30888,-0.18771,0.05138,0.93098,-0.76,1.1,0.2,0.45845,-0.15007,0.07253,0.87295,-0.76,1.09,0.21,0.45845,-0.15007,0.07253,0.87295,-0.7,1.07,0.11,-0.3354,-0.15603,-0.10446,0.92317,-0.71,1.11,0.15,-0.1335,-0.15343,-0.09054,0.97491,-0.73,1.13,0.19,0.37774,-0.18172,-0.01326,0.90781,-0.73,1.11,0.21,0.65598,-0.16087,-0.02593,0.73698,-0.74,1.08,0.21,0.65598,-0.16087,-0.02593,0.73698,-0.69,1.07,0.12,-0.3354,-0.15603,-0.10446,0.92317,-0.7,1.11,0.15,-0.18345,-0.12392,-0.15918,0.96211,-0.7,1.12,0.19,0.4304,-0.21898,-0.09051,0.87099,-0.71,1.1,0.2,0.74645,-0.25176,-0.02724,0.61537,-0.72,1.08,0.2,0.74645,-0.25176,-0.02724,0.61537,-0.68,1.07,0.12,-0.26081,-0.09283,-0.33646,0.90008,-0.68,1.09,0.16,-0.24369,-0.0941,-0.24559,0.93351,-0.68,1.11,0.18,0.3889,-0.23559,-0.2168,0.86386,-0.69,1.1,0.19,0.72366,-0.34597,-0.10347,0.58814,-0.71,1.08,0.19,0.72366,-0.34597,-0.10347,0.58814,-0.81,1.08,0.19
-0.78,1.45,-0.16,-0.78,1.45,-0.16,-0.85,1.09,0.11,0.32524,-0.05923,-0.13535,-0.93402,-0.86,1.06,0.06,0.32524,-0.05923,-0.13535,-0.93402,-0.82,1.07,0.09,0.41113,-0.16327,0.54076,-0.71547,-0.8,1.08,0.11,0.16716,0.015,0.48905,-0.85596,-0.8,1.09,0.14,0.02987,0.0486,0.55651,-0.82888,-0.8,1.1,0.16,0.02987,0.0486,0.55651,-0.82888,-0.83,1.08,0.09,0.32524,-0.05923,-0.13535,-0.93402,-0.83,1.11,0.13,0.05221,-0.07881,-0.0793,-0.99236,-0.82,1.12,0.17,-0.3613,-0.10973,-0.06523,-0.92367,-0.82,1.1,0.18,-0.5348,-0.09329,-0.05066,-0.83828,-0.81,1.08,0.19,-0.5348,-0.09329,-0.05066,-0.83828,-0.85,1.07,0.09,0.32524,-0.05923,-0.13535,-0.93402,-0.85,1.11,0.13,0.08279,-0.06981,-0.13786,-0.98451,-0.85,1.12,0.17,-0.3351,-0.1226,-0.10895,-0.9278,-0.84,1.1,0.19,-0.52028,-0.12841,-0.14257,-0.83217,-0.83,1.08,0.2,-0.52028,-0.12841,-0.14257,-0.83217,-0.87,1.07,0.09,0.32524,-0.05923,-0.13535,-0.93402,-0.87,1.1,0.13,0.16095,-0.04667,-0.19714,-0.96595,-0.87,1.11,0.17,-0.30028,-0.15093,-0.19136,-0.92219,-0.86,1.1,0.19,-0.52926,-0.21804,-0.16913,-0.80233,-0.84,1.08,0.2,-0.52926,-0.21804,-0.16913,-0.80233,-0.87,1.07,0.09,0.26648,0.00393,-0.36896,-0.89042,-0.88,1.09,0.13,0.21011,-0.03986,-0.2731,-0.93791,-0.88,1.1,0.16,-0.24256,-0.15453,-0.29894,-0.9099,-0.88,1.09,0.18,-0.46383,-0.2724,-0.25594,-0.80322,-0.86,1.08,0.19,-0.46383,-0.2724,-0.25594,-0.80322,-0.71,1.09,0.13,-0.32543,-0.14579,-0.10565,0.92826,-0.69,1.06,0.08,-0.32543,-0.14579,-0.10565,0.92826,-0.73,1.07,0.11,-0.47041,-0.18423,0.53251,0.67912,-0.75,1.08,0.12,-0.32191,-0.06788,0.47799,0.81442,-0.77,1.1,0.15,-0.27138,-0.07246,0.5625,0.77762,-0.78,1.11,0.17,-0.27138,-0.07246,0.5625,0.77762,-0.72,1.07,0.11,-0.32543,-0.14579,-0.10565,0.92826,-0.73,1.11,0.15,-0.04917,-0.19111,0.00035,0.98034,-0.75,1.12,0.18,0.32493,-0.18129,0.04634,0.92704,-0.75,1.1,0.2,0.47235,-0.14446,0.06671,0.86693,-0.76,1.08,0.21,0.47235,-0.14446,0.06671,0.86693,-0.7,1.07,0.11,-0.32543,-0.14579,-0.10565,0.92826,-0.71,1.11,0.15,-0.12368,-0.14523,-0.09268,0.97725,-0.72,1.12,0.19,0.3358,-0.17428,-0.02902,0.92522,-0.73,1.11,0.21,0.56564,-0.1628,-0.04982,0.80689,-0.74,1.09,0.22,0.56564,-0.1628,-0.04982,0.80689,-0.68,1.07,0.11,-0.32543,-0.14579,-0.10565,0.92826,-0.69,1.1,0.15,-0.18655,-0.11245,-0.16236,0.96239,-0.7,1.12,0.19,0.36625,-0.20513,-0.11284,0.90058,-0.71,1.1,0.21,0.64443,-0.24977,-0.06709,0.7196,-0.72,1.08,0.21,0.64443,-0.24977,-0.06709,0.7196,-0.68,1.07,0.12,-0.25302,-0.08017,-0.33746,0.90315,-0.68,1.09,0.16,-0.2981,-0.05802,-0.25022,0.91933,-0.68,1.11,0.18,0.30342,-0.20681,-0.2477,0.89656,-0.69,1.1,0.19,0.61864,-0.32803,-0.15839,0.69613,-0.7,1.08,0.2,0.61864,-0.32803,-0.15839,0.69613,-0.81,1.08,0.19
-0.78,1.45,-0.16,-0.78,1.45,-0.16,-0.85,1.09,0.11,0.33315,-0.05665,-0.14386,-0.93011,-0.86,1.06,0.06,0.33315,-0.05665,-0.14386,-0.93011,-0.82,1.07,0.09,0.40803,-0.15529,0.54414,-0.71645,-0.8,1.09,0.11,0.1659,0.02318,0.48968,-0.85566,-0.8,1.1,0.14,0.02797,0.05669,0.556,-0.82878,-0.8,1.1,0.16,0.02797,0.05669,0.556,-0.82878,-0.83,1.08,0.09,0.33315,-0.05665,-0.14386,-0.93011,-0.83,1.12,0.13,0.05568,-0.07964,-0.0873,-0.99143,-0.83,1.12,0.17,-0.35795,-0.11387,-0.07212,-0.92396,-0.82,1.1,0.18,-0.53138,-0.09869,-0.05676,-0.83945,-0.81,1.09,0.19,-0.53138,-0.09869,-0.05676,-0.83945,-0.85,1.07,0.09,0.33315,-0.05665,-0.14386,-0.93011,-0.85,1.11,0.13,0.0898,-0.07025,-0.14652,-0.98261,-0.85,1.12,0.17,-0.3319,-0.12719,-0.11608,-0.92746,-0.84,1.11,0.19,-0.51963,-0.13479,-0.14843,-0.83054,-0.83,1.09,0.2,-0.51963,-0.13479,-0.14843,-0.83054,-0.87,1.07,0.09,0.33315,-0.05665,-0.14386,-0.93011,-0.87,1.1,0.13,0.16917,-0.04638,-0.20604,-0.96269,-0.87,1.12,0.17,-0.29477,-0.15575,-0.19865,-0.92162,-0.86,1.1,0.19,-0.52579,-0.22504,-0.1743,-0.80157,-0.85,1.09,0.2,-0.52579,-0.22504,-0.1743,-0.80157,-0.87,1.06,0.09,0.27355,0.00409,-0.37755,-0.88465,-0.88,1.09,0.13,0.21701,-0.03948,-0.28195,-0.93373,-0.89,1.1,0.16,-0.23614,-0.15923,-0.30663,-0.90822,-0.88,1.09,0.18,-0.45968,-0.27974,-0.26093,-0.80147,-0.86,1.08,0.19,-0.45968,-0.27974,-0.26093,-0.80147,-0.71,1.09,0.13,-0.32109,-0.14283,-0.10434,0.93038,-0.69,1.06,0.08,-0.32109,-0.14283,-0.10434,0.93038,-0.73,1.07,0.1,-0.46229,-0.18332,0.53734,0.68114,-0.75,1.08,0.12,-0.3044,-0.05929,0.48411,0.81821,-0.76,1.1,0.14,-0.25223,-0.06497,0.5676,0.78102,-0.77,1.11,0.17,-0.25223,-0.06497,0.5676,0.78102,-0.72,1.07,0.1,-0.32109,-0.14283,-0.10434,0.93038,-0.73,1.11,0.14,-0.03845,-0.19028,0.00343,0.98097,-0.75,1.12,0.18,0.35109,-0.17824,0.05198,0.91775,-0.75,1.1,0.19,0.50118,-0.13996,0.07342,0.85079,-0.76,1.08,0.2,0.50118,-0.13996,0.07342,0.85079,-0.7,1.07,0.1,-0.32109,-0.14283,-0.10434,0.93038,-0.71,1.11,0.15,-0.12176,-0.14384,-0.09116,0.97784,-0.72,1.13,0.19,0.29353,-0.17082,-0.03635,0.93986,-0.73,1.11,0.21,0.49454,-0.16385,-0.06152,0.85135,-0.74,1.09,0.22,0.49454,-0.16385,-0.06152,0.85135,-0.68,1.07,0.11,-0.32109,-0.14283,-0.10434,0.93038,-0.69,1.1,0.15,-0.2029,-0.105,-0.16395,0.95965,-0.7,1.12,0.18,0.29896,-0.19388,-0.12776,0.92558,-0.71,1.11,0.2,0.55228,-0.24418,-0.09188,0.79178,-0.72,1.09,0.21,0.55228,-0.24418,-0.09188,0.79178,-0.68,1.07,0.11,-0.24958,-0.07608,-0.33607,0.90497,-0.68,1.09,0.15,-0.33745,-0.02182,-0.25181,0.90678,-0.67,1.11,0.18,0.22023,-0.17023,-0.27554,0.92011,-0.68,1.1,0.19,0.51145,-0.29741,-0.2078,0.77896,-0.7,1.09,0.2,0.51145,-0.29741,-0.2078,0.77896,-0.81,1.08,0.19
-0.78,1.45,-0.16,-0.78,1.45,-0.16,-0.85,1.09,0.11,0.34657,-0.05578,-0.14844,-0.92452,-0.86,1.06,0.06,0.34657,-0.05578,-0.14844,-0.92452,-0.82,1.07,0.09,0.40532,-0.14846,0.55363,-0.71216,-0.8,1.09,0.11,0.16877,0.03083,0.49681,-0.85073,-0.8,1.1,0.14,0.0327,0.06412,0.56217,-0.82388,-0.8,1.1,0.16,0.0327,0.06412,0.56217,-0.82388,-0.84,1.08,0.09,0.34657,-0.05578,-0.14844,-0.92452,-0.83,1.12,0.13,0.0577,-0.08294,-0.08925,-0.99087,-0.83,1.12,0.16,-0.36508,-0.11844,-0.07134,-0.92065,-0.82,1.11,0.18,-0.53904,-0.10308,-0.05472,-0.83415,-0.82,1.09,0.19,-0.53904,-0.10308,-0.05472,-0.83415,-0.85,1.07,0.09,0.34657,-0.05578,-0.14844,-0.92452,-0.85,1.12,0.13,0.09836,-0.07247,-0.15054,-0.98103,-0.85,1.12,0.17,-0.34339,-0.1335,-0.11597,-0.92239,-0.84,1.11,0.19,-0.54365,-0.14169,-0.14583,-0.81431,-0.83,1.09,0.2,-0.54365,-0.14169,-0.14583,-0.81431,-0.87,1.07,0.09,0.34657,-0.05578,-0.14844,-0.92452,-0.87,1.1,0.13,0.17696,-0.04925,-0.21046,-0.96019,-0.87,1.12,0.17,-0.30332,-0.16409,-0.19849,-0.91743,-0.86,1.1,0.19,-0.5457,-0.23479,-0.16939,-0.78638,-0.85,1.09,0.19,-0.5457,-0.23479,-0.16939,-0.78638,-0.88,1.07,0.09,0.28619,0.00128,-0.38272,-0.87842,-0.88,1.09,0.13,0.22345,-0.04356,-0.28688,-0.93052,-0.89,1.1,0.16,-0.23863,-0.16864,-0.30779,-0.90548,-0.88,1.09,0.17,-0.4769,-0.29354,-0.25465,-0.78839,-0.86,1.08,0.18,-0.4769,-0.29354,-0.25465,-0.78839,-0.71,1.09,0.12,-0.32899,-0.14641,-0.09738,0.92782,-0.69,1.06,0.07,-0.32899,-0.14641,-0.09738,0.92782,-0.73,1.07,0.1,-0.46557,-0.17836,0.54592,0.67335,-0.75,1.08,0.11,-0.30245,-0.04828,0.49279,0.81446,-0.76,1.1,0.14,-0.25171,-0.05559,0.57548,0.77613,-0.77,1.11,0.16,-0.25171,-0.05559,0.57548,0.77613,-0.72,1.07,0.1,-0.32899,-0.14641,-0.09738,0.92782,-0.73,1.11,0.14,0.00718,-0.19583,0.02812,0.98021,-0.75,1.11,0.17,0.4834,-0.16385,0.09425,0.85475,-0.75,1.09,0.18,0.65232,-0.11331,0.12247,0.73935,-0.75,1.07,0.19,0.65232,-0.11331,0.12247,0.73935,-0.7,1.07,0.1,-0.32899,-0.14641,-0.09738,0.92782,-0.71,1.11,0.14,-0.07795,-0.15756,-0.07099,0.98187,-0.72,1.12,0.18,0.31482,-0.17415,-0.01621,0.9329,-0.73,1.11,0.2,0.4965,-0.16161,-0.04253,0.8518,-0.74,1.09,0.21,0.4965,-0.16161,-0.04253,0.8518,-0.68,1.07,0.11,-0.32899,-0.14641,-0.09738,0.92782,-0.69,1.11,0.15,-0.19957,-0.11026,-0.15569,0.96113,-0.7,1.12,0.18,0.2689,-0.19008,-0.12434,0.936,-0.71,1.11,0.2,0.50377,-0.23897,-0.09383,0.8248,-0.72,1.09,0.21,0.50377,-0.23897,-0.09383,0.8248,-0.68,1.07,0.11,-0.2575,-0.08141,-0.32985,0.90458,-0.68,1.09,0.15,-0.3539,0.02265,-0.25189,0.90044,-0.67,1.11,0.17,0.166,-0.12412,-0.3028,0.93024,-0.68,1.11,0.19,0.41128,-0.24953,-0.26034,0.83714,-0.69,1.1,0.2,0.41128,-0.24953,-0.26034,0.83714,-0.81,1.08,0.19
-0.78,1.45,-0.16,-0.78,1.45,-0.16,-0.85,1.1,0.11,0.358,-0.05528,-0.14165,-0.92126,-0.86,1.06,0.06,0.358,-0.05528,-0.14165,-0.92126,-0.82,1.07,0.09,0.40451,-0.14433,0.56585,-0.70381,-0.8,1.09,0.11,0.17514,0.03605,0.50766,-0.8428,-0.8,1.1,0.14,0.04396,0.06808,0.57276,-0.81571,-0.8,1.1,0.16,0.04396,0.06808,0.57276,-0.81571,-0.84,1.08,0.09,0.358,-0.05528,-0.14165,-0.92126,-0.83,1.12,0.13,0.06457,-0.08276,-0.08079,-0.99119,-0.83,1.12,0.16,-0.37867,-0.11626,-0.06119,-0.91616,-0.82,1.11,0.18,-0.5569,-0.09924,-0.04401,-0.82345,-0.82,1.09,0.19,-0.5569,-0.09924,-0.04401,-0.82345,-0.85,1.07,0.09,0.358,-0.05528,-0.14165,-0.92126,-0.85,1.12,0.13,0.09965,-0.07288,-0.14297,-0.982,-0.85,1.13,0.17,-0.3756,-0.13436,-0.10432,-0.91104,-0.84,1.11,0.19,-0.59559,-0.13999,-0.13209,-0.77989,-0.83,1.09,0.19,-0.59559,-0.13999,-0.13209,-0.77989,-0.87,1.07,0.09,0.358,-0.05528,-0.14165,-0.92126,-0.87,1.11,0.13,0.1725,-0.05301,-0.20274,-0.96246,-0.87,1.12,0.16,-0.33187,-0.16815,-0.18639,-0.90931,-0.86,1.1,0.18,-0.59045,-0.23726,-0.15297,-0.7561,-0.85,1.09,0.19,-0.59045,-0.23726,-0.15297,-0.7561,-0.88,1.07,0.09,0.29836,-0.00094,-0.37709,-0.8768,-0.89,1.09,0.13,0.22308,-0.04922,-0.28022,-0.93236,-0.89,1.1,0.16,-0.25488,-0.17517,-0.29729,-0.90331,-0.88,1.1,0.17,-0.51226,-0.30216,-0.23679,-0.76826,-0.86,1.08,0.18,-0.51226,-0.30216,-0.23679,-0.76826,-0.71,1.1,0.12,-0.34769,-0.14656,-0.10329,0.92031,-0.69,1.06,0.07,-0.34769,-0.14656,-0.10329,0.92031,-0.73,1.07,0.1,-0.48133,-0.16277,0.54187,0.66949,-0.75,1.08,0.11,-0.32352,-0.03803,0.48428,0.81201,-0.76,1.1,0.14,-0.27742,-0.04731,0.56785,0.77353,-0.77,1.11,0.16,-0.27742,-0.04731,0.56785,0.77353,-0.72,1.08,0.1,-0.34769,-0.14656,-0.10329,0.92031,-0.73,1.12,0.13,0.0084,-0.19437,0.02665,0.98053,-0.75,1.12,0.17,0.53203,-0.15784,0.10141,0.82568,-0.75,1.09,0.18,0.70245,-0.10425,0.13131,0.6917,-0.75,1.07,0.18,0.70245,-0.10425,0.13131,0.6917,-0.7,1.07,0.1,-0.34769,-0.14656,-0.10329,0.92031,-0.71,1.12,0.14,0.02103,-0.17649,-0.04865,0.98287,-0.73,1.12,0.18,0.44388,-0.18086,0.01926,0.87743,-0.73,1.1,0.19,0.6293,-0.15189,-0.00249,0.76217,-0.74,1.07,0.2,0.6293,-0.15189,-0.00249,0.76217,-0.68,1.07,0.1,-0.34769,-0.14656,-0.10329,0.92031,-0.69,1.11,0.14,-0.08802,-0.13824,-0.14152,0.97628,-0.7,1.12,0.18,0.393,-0.20563,-0.09746,0.89094,-0.71,1.1,0.19,0.62173,-0.24375,-0.06454,0.74153,-0.72,1.08,0.2,0.62173,-0.24375,-0.06454,0.74153,-0.68,1.07,0.11,-0.27488,-0.0866,-0.33664,0.89645,-0.68,1.09,0.15,-0.3492,0.02318,-0.2636,0.89891,-0.67,1.11,0.17,0.17819,-0.13227,-0.31201,0.9238,-0.68,1.11,0.19,0.42061,-0.25967,-0.26741,0.82714,-0.69,1.1,0.2,0.42061,-0.25967,-0.26741,0.82714,-0.81,1.08,0.19
-0.78,1.45,-0.16,-0.78,1.45,-0.16,-0.85,1.09,0.11,0.35239,-0.0512,-0.12115,-0.92657,-0.86,1.06,0.06,0.35239,-0.0512,-0.12115,-0.92657,-0.82,1.07,0.09,0.3935,-0.15189,0.58016,-0.69678,-0.8,1.08,0.11,0.17349,0.02972,0.52436,-0.8331,-0.8,1.09,0.14,0.04624,0.06191,0.58968,-0.80393,-0.8,1.1,0.16,0.04624,0.06191,0.58968,-0.80393,-0.84,1.08,0.09,0.35239,-0.0512,-0.12115,-0.92657,-0.83,1.12,0.13,0.06038,-0.07275,-0.06259,-0.99355,-0.83,1.12,0.16,-0.40277,-0.10023,-0.04716,-0.90857,-0.82,1.1,0.18,-0.58417,-0.08082,-0.0321,-0.80696,-0.82,1.08,0.19,-0.58417,-0.08082,-0.0321,-0.80696,-0.85,1.07,0.09,0.35239,-0.0512,-0.12115,-0.92657,-0.85,1.12,0.13,0.07469,-0.06588,-0.12275,-0.98743,-0.85,1.12,0.17,-0.42691,-0.12095,-0.08637,-0.892,-0.84,1.1,0.19,-0.66098,-0.1205,-0.11596,-0.73153,-0.83,1.08,0.19,-0.66098,-0.1205,-0.11596,-0.73153,-0.87,1.07,0.09,0.35239,-0.0512,-0.12115,-0.92657,-0.87,1.11,0.13,0.12263,-0.05408,-0.18015,-0.97447,-0.87,1.12,0.17,-0.40997,-0.16087,-0.16309,-0.88287,-0.86,1.1,0.18,-0.67933,-0.22351,-0.12959,-0.68685,-0.85,1.08,0.18,-0.67933,-0.22351,-0.12959,-0.68685,-0.88,1.07,0.09,0.29656,0.0053,-0.35763,-0.88551,-0.89,1.09,0.13,0.1809,-0.0568,-0.25889,-0.94711,-0.89,1.1,0.16,-0.32729,-0.17638,-0.27116,-0.88783,-0.88,1.09,0.17,-0.60458,-0.30131,-0.20515,-0.70824,-0.86,1.08,0.17,-0.60458,-0.30131,-0.20515,-0.70824,-0.71,1.09,0.12,-0.32425,-0.15587,-0.0823,0.92941,-0.69,1.06,0.07,-0.32425,-0.15587,-0.0823,0.92941,-0.73,1.07,0.1,-0.479,-0.20328,0.53641,0.66445,-0.75,1.08,0.11,-0.33974,-0.09189,0.48528,0.8004,-0.77,1.1,0.14,-0.31228,-0.10889,0.56937,0.75262,-0.78,1.11,0.15,-0.31228,-0.10889,0.56937,0.75262,-0.72,1.07,0.1,-0.32425,-0.15587,-0.0823,0.92941,-0.74,1.11,0.14,-0.13108,-0.2199,0.01998,0.96647,-0.75,1.12,0.17,0.25253,-0.20212,0.07761,0.94306,-0.76,1.11,0.19,0.44422,-0.15644,0.10723,0.87561,-0.76,1.09,0.2,0.44422,-0.15644,0.10723,0.87561,-0.7,1.07,0.1,-0.32425,-0.15587,-0.0823,0.92941,-0.71,1.11,0.14,-0.04987,-0.17278,-0.0441,0.98271,-0.73,1.12,0.18,0.36999,-0.1767,0.01996,0.91186,-0.74,1.1,0.2,0.58895,-0.15105,-0.00199,0.79393,-0.74,1.08,0.21,0.58895,-0.15105,-0.00199,0.79393,-0.69,1.07,0.11,-0.32425,-0.15587,-0.0823,0.92941,-0.7,1.11,0.15,-0.11272,-0.12669,-0.12928,0.977,-0.7,1.12,0.18,0.3812,-0.19158,-0.09007,0.89993,-0.72,1.1,0.2,0.64568,-0.2291,-0.0536,0.72645,-0.73,1.08,0.2,0.64568,-0.2291,-0.0536,0.72645,-0.68,1.07,0.11,-0.25304,-0.08909,-0.31474,0.91048,-0.68,1.09,0.15,-0.32691,0.02394,-0.24078,0.91355,-0.67,1.11,0.17,0.22074,-0.12266,-0.2925,0.92232,-0.68,1.1,0.19,0.51563,-0.25978,-0.23913,0.78067,-0.69,1.09,0.2,0.51563,-0.25978,-0.23913,0.78067,-0.81,1.08,0.19
-0.78,1.45,-0.16,-0.78,1.45,-0.16,-0.85,1.09,0.11,0.34363,-0.04175,-0.10657,-0.9321,-0.86,1.06,0.06,0.34363,-0.04175,-0.10657,-0.9321,-0.82,1.07,0.09,0.38313,-0.15601,0.58644,-0.6964,-0.8,1.08,0.11,0.16658,0.02665,0.53192,-0.82982,-0.8,1.09,0.14,0.04298,0.05688,0.59743,-0.79874,-0.8,1.1,0.17,0.04298,0.05688,0.59743,-0.79874,-0.83,1.08,0.09,0.34363,-0.04175,-0.10657,-0.9321,-0.83,1.12,0.13,0.05864,-0.06039,-0.05136,-0.99513,-0.83,1.12,0.17,-0.39823,-0.08376,-0.0435,-0.91242,-0.82,1.1,0.18,-0.58013,-0.06394,-0.03209,-0.81137,-0.82,1.08,0.19,-0.58013,-0.06394,-0.03209,-0.81137,-0.85,1.07,0.09,0.34363,-0.04175,-0.10657,-0.9321,-0.85,1.12,0.13,0.06683,-0.05266,-0.11113,-0.99016,-0.85,1.12,0.17,-0.42597,-0.10278,-0.08393,-0.89495,-0.84,1.1,0.19,-0.65652,-0.10226,-0.11892,-0.73782,-0.84,1.08,0.19,-0.65652,-0.10226,-0.11892,-0.73782,-0.87,1.07,0.09,0.34363,-0.04175,-0.10657,-0.9321,-0.87,1.11,0.13,0.11379,-0.04093,-0.16799,-0.97834,-0.87,1.11,0.17,-0.41091,-0.14158,-0.16116,-0.88608,-0.86,1.1,0.18,-0.67929,-0.20458,-0.13466,-0.69179,-0.85,1.08,0.18,-0.67929,-0.20458,-0.13466,-0.69179,-0.88,1.07,0.09,0.29198,0.01731,-0.3436,-0.8924,-0.89,1.09,0.13,0.17147,-0.04595,-0.24563,-0.95297,-0.89,1.1,0.16,-0.33173,-0.158,-0.2662,-0.89114,-0.88,1.09,0.17,-0.60691,-0.28173,-0.20826,-0.71338,-0.86,1.07,0.18,-0.60691,-0.28173,-0.20826,-0.71338,-0.71,1.09,0.12,-0.26849,-0.17491,-0.06438,0.94508,-0.69,1.06,0.07,-0.26849,-0.17491,-0.06438,0.94508,-0.73,1.06,0.1,-0.44708,-0.26809,0.53363,0.66595,-0.76,1.07,0.11,-0.3131,-0.15958,0.49477,0.7948,-0.78,1.08,0.13,-0.29656,-0.18225,0.57621,0.73947,-0.79,1.09,0.15,-0.29656,-0.18225,0.57621,0.73947,-0.72,1.07,0.1,-0.26849,-0.17491,-0.06438,0.94508,-0.74,1.1,0.14,-0.04909,-0.26952,0.0622,0.95973,-0.76,1.1,0.17,0.22553,-0.2432,0.10914,0.93706,-0.77,1.09,0.19,0.36416,-0.19846,0.13345,0.90011,-0.78,1.08,0.21,0.36416,-0.19846,0.13345,0.90011,-0.71,1.07,0.1,-0.26849,-0.17491,-0.06438,0.94508,-0.72,1.11,0.15,-0.18654,-0.17235,-0.06074,0.9653,-0.73,1.12,0.18,0.10249,-0.184,-0.02072,0.97735,-0.74,1.12,0.21,0.29598,-0.18548,-0.04631,0.93587,-0.75,1.1,0.23,0.29598,-0.18548,-0.04631,0.93587,-0.69,1.07,0.11,-0.26849,-0.17491,-0.06438,0.94508,-0.7,1.1,0.15,-0.2649,-0.10036,-0.13634,0.9493,-0.71,1.12,0.18,0.15432,-0.1691,-0.11839,0.96622,-0.72,1.11,0.21,0.42224,-0.22136,-0.08707,0.87472,-0.73,1.1,0.22,0.42224,-0.22136,-0.08707,0.87472,-0.68,1.07,0.11,-0.19735,-0.09345,-0.29247,0.93101,-0.68,1.09,0.15,-0.34546,0.04618,-0.20853,0.9138,-0.68,1.1,0.17,0.1673,-0.07784,-0.27931,0.9423,-0.68,1.1,0.19,0.46518,-0.2119,-0.2417,0.82479,-0.69,1.09,0.2,0.46518,-0.2119,-0.2417,0.82479,-0.81,1.08,0.19
-0.78,1.45,-0.16,-0.78,1.45,-0.16,-0.85,1.09,0.11,0.31148,-0.04838,-0.10423,-0.94328,-0.85,1.06,0.06,0.31148,-0.04838,-0.10423,-0.94328,-0.82,1.07,0.09,0.3847,-0.18209,0.56507,-0.70679,-0.8,1.08,0.11,0.1611,-0.00368,0.51864,-0.83967,-0.79,1.09,0.14,0.04613,0.01967,0.58892,-0.80664,-0.79,1.09,0.16,0.04613,0.01967,0.58892,-0.80664,-0.83,1.08,0.09,0.31148,-0.04838,-0.10423,-0.94328,-0.83,1.11,0.13,0.0463,-0.08367,-0.03843,-0.99468,-0.82,1.12,0.17,-0.32627,-0.09595,-0.03046,-0.9399,-0.82,1.1,0.19,-0.49672,-0.07314,-0.02087,-0.86457,-0.81,1.08,0.2,-0.49672,-0.07314,-0.02087,-0.86457,-0.85,1.07,0.09,0.31148,-0.04838,-0.10423,-0.94328,-0.85,1.11,0.13,0.11347,-0.05105,-0.11009,-0.9861,-0.85,1.12,0.17,-0.29977,-0.09363,-0.09227,-0.94491,-0.84,1.11,0.2,-0.50302,-0.10061,-0.13254,-0.84811,-0.83,1.09,0.21,-0.50302,-0.10061,-0.13254,-0.84811,-0.87,1.07,0.09,0.31148,-0.04838,-0.10423,-0.94328,-0.87,1.1,0.13,0.149,-0.03253,-0.16676,-0.97413,-0.87,1.11,0.17,-0.30709,-0.12273,-0.1722,-0.92789,-0.86,1.1,0.19,-0.5553,-0.18839,-0.15562,-0.79494,-0.85,1.08,0.2,-0.5553,-0.18839,-0.15562,-0.79494,-0.87,1.07,0.09,0.25961,0.01915,-0.33902,-0.90405,-0.88,1.09,0.13,0.17694,-0.03526,-0.24213,-0.95332,-0.88,1.1,0.16,-0.25594,-0.12744,-0.27604,-0.91764,-0.88,1.09,0.18,-0.487,-0.24246,-0.24004,-0.804,-0.86,1.08,0.19,-0.487,-0.24246,-0.24004,-0.804,-0.71,1.09,0.12,-0.26298,-0.18496,-0.07817,0.94367,-0.69,1.06,0.07,-0.26298,-0.18496,-0.07817,0.94367,-0.73,1.07,0.09,-0.45199,-0.27428,0.52039,0.67057,-0.76,1.08,0.11,-0.31469,-0.16765,0.48273,0.7999,-0.78,1.09,0.13,-0.29863,-0.18977,0.56488,0.74547,-0.79,1.09,0.15,-0.29863,-0.18977,0.56488,0.74547,-0.72,1.07,0.1,-0.26298,-0.18496,-0.07817,0.94367,-0.74,1.11,0.14,0.03533,-0.28985,0.08587,0.95256,-0.76,1.1,0.17,0.34462,-0.24771,0.14875,0.89317,-0.77,1.08,0.19,0.47774,-0.19536,0.17762,0.83789,-0.77,1.07,0.2,0.47774,-0.19536,0.17762,0.83789,-0.7,1.07,0.1,-0.26298,-0.18496,-0.07817,0.94367,-0.72,1.11,0.15,-0.09338,-0.18944,-0.05617,0.97583,-0.74,1.12,0.18,0.23625,-0.19814,-0.00299,0.95127,-0.75,1.1,0.21,0.42401,-0.18758,-0.0256,0.88565,-0.75,1.09,0.22,0.42401,-0.18758,-0.0256,0.88565,-0.69,1.07,0.11,-0.26298,-0.18496,-0.07817,0.94367,-0.7,1.1,0.15,-0.18779,-0.11928,-0.14093,0.9647,-0.71,1.12,0.18,0.25643,-0.18806,-0.11189,0.94147,-0.72,1.1,0.2,0.50958,-0.23494,-0.07882,0.82397,-0.73,1.09,0.21,0.50958,-0.23494,-0.07882,0.82397,-0.68,1.07,0.11,-0.18804,-0.10249,-0.30457,0.9281,-0.68,1.09,0.15,-0.31229,0.03681,-0.22366,0.92255,-0.68,1.1,0.18,0.20363,-0.09155,-0.28754,0.93138,-0.68,1.1,0.19,0.49103,-0.226,-0.24741,0.80411,-0.7,1.08,0.2,0.49103,-0.226,-0.24741,0.80411,-0.81,1.08,0.19
-0.78,1.45,-0.16,-0.78,1.45,-0.16,-0.85,1.09,0.11,0.27209,-0.0642,-0.11472,-0.95325,-0.85,1.06,0.06,0.27209,-0.0642,-0.11472,-0.95325,-0.82,1.07,0.09,0.40064,-0.19656,0.51894,-0.72907,-0.8,1.08,0.11,0.16152,-0.02888,0.47729,-0.86329,-0.79,1.09,0.14,0.06352,-0.02082,0.55347,-0.83018,-0.79,1.09,0.16,0.06352,-0.02082,0.55347,-0.83018,-0.83,1.07,0.09,0.27209,-0.0642,-0.11472,-0.95325,-0.82,1.11,0.14,0.05151,-0.1287,-0.03692,-0.98966,-0.81,1.11,0.17,-0.22131,-0.13525,-0.02675,-0.96541,-0.81,1.1,0.19,-0.35889,-0.11124,-0.01848,-0.92654,-0.8,1.09,0.21,-0.35889,-0.11124,-0.01848,-0.92654,-0.85,1.07,0.09,0.27209,-0.0642,-0.11472,-0.95325,-0.85,1.11,0.14,0.18099,-0.05549,-0.12357,-0.97411,-0.84,1.12,0.18,-0.14534,-0.09439,-0.11138,-0.97855,-0.84,1.12,0.2,-0.28611,-0.10616,-0.15337,-0.93987,-0.83,1.1,0.22,-0.28611,-0.10616,-0.15337,-0.93987,-0.86,1.07,0.09,0.27209,-0.0642,-0.11472,-0.95325,-0.86,1.1,0.14,0.20823,-0.02628,-0.1786,-0.96128,-0.86,1.11,0.17,-0.17183,-0.11012,-0.192,-0.95994,-0.86,1.11,0.2,-0.36559,-0.17393,-0.18338,-0.8958,-0.85,1.09,0.21,-0.36559,-0.17393,-0.18338,-0.8958,-0.87,1.07,0.09,0.21654,0.0132,-0.34542,-0.91303,-0.88,1.08,0.13,0.20182,-0.02118,-0.25002,-0.94674,-0.88,1.09,0.16,-0.15105,-0.09619,-0.29481,-0.93862,-0.87,1.09,0.18,-0.31292,-0.19595,-0.27667,-0.88721,-0.86,1.08,0.2,-0.31292,-0.19595,-0.27667,-0.88721,-0.71,1.09,0.12,-0.29371,-0.18234,-0.09088,0.93393,-0.69,1.06,0.07,-0.29371,-0.18234,-0.09088,0.93393,-0.73,1.07,0.09,-0.47371,-0.23618,0.52068,0.66986,-0.76,1.08,0.11,-0.33455,-0.12933,0.47556,0.80324,-0.77,1.1,0.13,-0.30058,-0.13971,0.56087,0.75866,-0.79,1.1,0.15,-0.30058,-0.13971,0.56087,0.75866,-0.72,1.08,0.1,-0.29371,-0.18234,-0.09088,0.93393,-0.74,1.11,0.14,0.04019,-0.28925,0.09232,0.95194,-0.76,1.11,0.17,0.4058,-0.2345,0.17029,0.8668,-0.77,1.09,0.18,0.54396,-0.17609,0.20132,0.79534,-0.77,1.07,0.19,0.54396,-0.17609,0.20132,0.79534,-0.7,1.07,0.1,-0.29371,-0.18234,-0.09088,0.93393,-0.72,1.11,0.14,-0.01264,-0.20804,-0.03875,0.97727,-0.73,1.12,0.18,0.38257,-0.20679,0.03527,0.8998,-0.74,1.1,0.2,0.58967,-0.17661,0.01938,0.78786,-0.75,1.07,0.2,0.58967,-0.17661,0.01938,0.78786,-0.69,1.08,0.11,-0.29371,-0.18234,-0.09088,0.93393,-0.7,1.11,0.15,-0.10067,-0.14354,-0.13655,0.975,-0.71,1.11,0.18,0.39194,-0.20934,-0.08816,0.89151,-0.72,1.1,0.2,0.64756,-0.24491,-0.04792,0.71999,-0.73,1.08,0.2,0.64756,-0.24491,-0.04792,0.71999,-0.68,1.07,0.11,-0.21672,-0.10791,-0.31921,0.91624,-0.68,1.09,0.15,-0.28347,0.01778,-0.24639,0.92662,-0.68,1.11,0.17,0.2713,-0.1292,-0.29366,0.90745,-0.69,1.1,0.19,0.55312,-0.26443,-0.24165,0.75216,-0.7,1.09,0.2,0.55312,-0.26443,-0.24165,0.75216,-0.81,1.08,0.19
-0.78,1.45,-0.16,-0.78,1.45,-0.16,-0.84,1.09,0.11,0.24186,-0.0857,-0.11166,-0.96005,-0.85,1.06,0.06,0.24186,-0.0857,-0.11166,-0.96005,-0.82,1.07,0.09,0.41989,-0.20332,0.48083,-0.7424,-0.8,1.08,0.1,0.16884,-0.04554,0.44196,-0.87982,-0.79,1.09,0.13,0.07349,-0.0412,0.52161,-0.84902,-0.78,1.09,0.16,0.07349,-0.0412,0.52161,-0.84902,-0.83,1.07,0.09,0.24186,-0.0857,-0.11166,-0.96005,-0.82,1.1,0.14,0.02875,-0.15045,-0.03162,-0.98769,-0.81,1.11,0.17,-0.21401,-0.15359,-0.02046,-0.96446,-0.8,1.1,0.19,-0.33839,-0.12838,-0.01194,-0.93213,-0.8,1.08,0.21,-0.33839,-0.12838,-0.01194,-0.93213,-0.84,1.07,0.09,0.24186,-0.0857,-0.11166,-0.96005,-0.84,1.1,0.14,0.16162,-0.06972,-0.12038,-0.977,-0.84,1.12,0.18,-0.17657,-0.10781,-0.1025,-0.97298,-0.83,1.11,0.2,-0.32553,-0.11737,-0.14233,-0.92736,-0.82,1.1,0.22,-0.32553,-0.11737,-0.14233,-0.92736,-0.86,1.07,0.09,0.24186,-0.0857,-0.11166,-0.96005,-0.86,1.09,0.14,0.22004,-0.03515,-0.17565,-0.9589,-0.86,1.11,0.17,-0.1747,-0.12035,-0.18424,-0.95971,-0.85,1.1,0.2,-0.37708,-0.18357,-0.17267,-0.89123,-0.84,1.09,0.21,-0.37708,-0.18357,-0.17267,-0.89123,-0.87,1.06,0.09,0.18313,-0.00034,-0.33923,-0.92271,-0.87,1.08,0.14,0.2206,-0.02056,-0.2439,-0.94415,-0.88,1.09,0.16,-0.14269,-0.09786,-0.28904,-0.94155,-0.87,1.09,0.18,-0.31979,-0.20066,-0.26778,-0.88643,-0.86,1.08,0.2,-0.31979,-0.20066,-0.26778,-0.88643,-0.71,1.09,0.12,-0.31361,-0.17715,-0.09019,0.92851,-0.69,1.06,0.07,-0.31361,-0.17715,-0.09019,0.92851,-0.73,1.07,0.1,-0.47339,-0.21576,0.5391,0.66237,-0.75,1.08,0.11,-0.32657,-0.09843,0.49236,0.80078,-0.77,1.09,0.14,-0.27096,-0.09605,0.57726,0.76428,-0.78,1.1,0.16,-0.27096,-0.09605,0.57726,0.76428,-0.72,1.07,0.1,-0.31361,-0.17715,-0.09019,0.92851,-0.74,1.11,0.14,0.01626,-0.27948,0.08928,0.95585,-0.76,1.11,0.17,0.38535,-0.22717,0.16386,0.87923,-0.76,1.09,0.18,0.52803,-0.16951,0.19359,0.80931,-0.76,1.07,0.19,0.52803,-0.16951,0.19359,0.80931,-0.7,1.07,0.1,-0.31361,-0.17715,-0.09019,0.92851,-0.72,1.11,0.14,-0.00706,-0.21222,-0.02786,0.9768,-0.73,1.12,0.18,0.37914,-0.20662,0.045,0.90085,-0.74,1.1,0.2,0.58559,-0.17458,0.02864,0.79107,-0.75,1.07,0.21,0.58559,-0.17458,0.02864,0.79107,-0.69,1.07,0.11,-0.31361,-0.17715,-0.09019,0.92851,-0.7,1.11,0.15,-0.08448,-0.15155,-0.12876,0.97638,-0.71,1.11,0.18,0.39952,-0.21127,-0.07939,0.88851,-0.72,1.1,0.2,0.65396,-0.24383,-0.0392,0.71509,-0.73,1.07,0.2,0.65396,-0.24383,-0.0392,0.71509,-0.68,1.07,0.11,-0.23725,-0.10776,-0.32031,0.91077,-0.68,1.09,0.15,-0.26015,-0.00918,-0.24966,0.93269,-0.68,1.11,0.18,0.32526,-0.16005,-0.27812,0.88952,-0.69,1.1,0.19,0.60269,-0.28847,-0.21739,0.71154,-0.7,1.08,0.19,0.60269,-0.28847,-0.21739,0.71154,-0.81,1.08,0.19
-0.78,1.45,-0.16,-0.78,1.45,-0.16,-0.84,1.09,0.11,0.22155,-0.11381,-0.08013,-0.96516,-0.86,1.06,0.06,0.22155,-0.11381,-0.08013,-0.96516,-0.82,1.07,0.08,0.44147,-0.23429,0.45791,-0.73521,-0.79,1.08,0.1,0.18817,-0.08403,0.42963,-0.87917,-0.78,1.09,0.13,0.0942,-0.07749,0.51361,-0.84931,-0.78,1.09,0.15,0.0942,-0.07749,0.51361,-0.84931,-0.83,1.07,0.09,0.22155,-0.11381,-0.08013,-0.96516,-0.81,1.1,0.14,0.00447,-0.16727,0.00301,-0.9859,-0.8,1.1,0.17,-0.24763,-0.16073,0.01898,-0.95524,-0.8,1.09,0.19,-0.37688,-0.12991,0.03019,-0.91661,-0.79,1.07,0.21,-0.37688,-0.12991,0.03019,-0.91661,-0.84,1.07,0.09,0.22155,-0.11381,-0.08013,-0.96516,-0.84,1.1,0.14,0.14347,-0.09061,-0.08754,-0.9816,-0.83,1.11,0.18,-0.20622,-0.11694,-0.06334,-0.96943,-0.82,1.1,0.2,-0.37794,-0.12042,-0.10154,-0.91233,-0.82,1.09,0.22,-0.37794,-0.12042,-0.10154,-0.91233,-0.86,1.07,0.09,0.22155,-0.11381,-0.08013,-0.96516,-0.85,1.09,0.14,0.22824,-0.0574,-0.14484,-0.96106,-0.85,1.11,0.17,-0.20695,-0.13452,-0.14289,-0.95847,-0.84,1.1,0.2,-0.43923,-0.19099,-0.12611,-0.86873,-0.83,1.08,0.21,-0.43923,-0.19099,-0.12611,-0.86873,-0.87,1.07,0.1,0.16199,-0.02206,-0.30641,-0.93776,-0.87,1.08,0.14,0.2424,-0.03775,-0.21106,-0.94619,-0.87,1.09,0.16,-0.16209,-0.11335,-0.25035,-0.94774,-0.87,1.09,0.18,-0.41807,-0.22567,-0.21237,-0.85393,-0.85,1.08,0.2,-0.41807,-0.22567,-0.21237,-0.85393,-0.7,1.09,0.12,-0.3368,-0.16504,-0.1029,0.92127,-0.69,1.06,0.07,-0.3368,-0.16504,-0.1029,0.92127,-0.73,1.07,0.1,-0.47089,-0.19709,0.55078,0.66035,-0.75,1.08,0.11,-0.30311,-0.06219,0.50366,0.80659,-0.76,1.1,0.14,-0.21695,-0.04227,0.58566,0.77983,-0.77,1.1,0.16,-0.21695,-0.04227,0.58566,0.77983,-0.71,1.07,0.1,-0.3368,-0.16504,-0.1029,0.92127,-0.73,1.11,0.14,-0.00364,-0.25422,0.06325,0.96507,-0.75,1.11,0.17,0.34975,-0.21704,0.1252,0.90272,-0.76,1.1,0.18,0.4853,-0.16819,0.14985,0.84483,-0.76,1.08,0.2,0.4853,-0.16819,0.14985,0.84483,-0.7,1.07,0.1,-0.3368,-0.16504,-0.1029,0.92127,-0.71,1.12,0.14,-0.00139,-0.21059,-0.03301,0.97702,-0.73,1.12,0.18,0.33815,-0.20885,0.02913,0.91716,-0.74,1.1,0.2,0.51125,-0.18595,0.00835,0.83903,-0.74,1.08,0.21,0.51125,-0.18595,0.00835,0.83903,-0.68,1.07,0.11,-0.3368,-0.16504,-0.1029,0.92127,-0.69,1.11,0.15,-0.06993,-0.16002,-0.1324,0.97569,-0.7,1.11,0.18,0.38547,-0.21765,-0.08465,0.89268,-0.72,1.1,0.2,0.62676,-0.25199,-0.04587,0.73592,-0.73,1.08,0.2,0.62676,-0.25199,-0.04587,0.73592,-0.68,1.07,0.11,-0.26056,-0.10209,-0.33459,0.89985,-0.68,1.09,0.15,-0.21571,-0.05732,-0.25855,0.93986,-0.68,1.11,0.18,0.40463,-0.2102,-0.25118,0.85382,-0.69,1.1,0.19,0.66862,-0.32515,-0.17698,0.64491,-0.7,1.08,0.19,0.66862,-0.32515,-0.17698,0.64491,-0.81,1.08,0.19
-0.78,1.45,-0.16,-0.78,1.45,-0.16,-0.84,1.09,0.11,0.23555,-0.12137,-0.07407,-0.9614,-0.86,1.06,0.06,0.23555,-0.12137,-0.07407,-0.9614,-0.82,1.07,0.08,0.4589,-0.24546,0.45447,-0.72292,-0.79,1.09,0.1,0.21683,-0.10236,0.42841,-0.87119,-0.78,1.09,0.13,0.12821,-0.09506,0.51477,-0.84234,-0.77,1.1,0.15,0.12821,-0.09506,0.51477,-0.84234,-0.83,1.08,0.09,0.23555,-0.12137,-0.07407,-0.9614,-0.81,1.1,0.14,0.02659,-0.17075,0.00879,-0.98492,-0.8,1.11,0.17,-0.26172,-0.16219,0.0316,-0.95089,-0.79,1.09,0.19,-0.40958,-0.12871,0.04652,-0.90195,-0.79,1.08,0.2,-0.40958,-0.12871,0.04652,-0.90195,-0.84,1.07,0.09,0.23555,-0.12137,-0.07407,-0.9614,-0.84,1.11,0.14,0.1552,-0.10311,-0.07963,-0.97925,-0.83,1.12,0.18,-0.18604,-0.12562,-0.05266,-0.97306,-0.82,1.11,0.2,-0.36627,-0.12874,-0.08931,-0.91722,-0.81,1.1,0.22,-0.36627,-0.12874,-0.08931,-0.91722,-0.86,1.07,0.09,0.23555,-0.12137,-0.07407,-0.9614,-0.85,1.1,0.14,0.23436,-0.07303,-0.13804,-0.95952,-0.85,1.12,0.17,-0.21596,-0.14781,-0.12803,-0.95662,-0.84,1.11,0.2,-0.47577,-0.20216,-0.10433,-0.84964,-0.83,1.09,0.21,-0.47577,-0.20216,-0.10433,-0.84964,-0.87,1.07,0.1,0.1749,-0.03269,-0.30158,-0.93669,-0.87,1.09,0.14,0.25783,-0.05038,-0.20604,-0.94262,-0.87,1.1,0.16,-0.22927,-0.1438,-0.23295,-0.93407,-0.86,1.09,0.18,-0.55127,-0.26319,-0.17045,-0.77316,-0.85,1.08,0.19,-0.55127,-0.26319,-0.17045,-0.77316,-0.7,1.1,0.12,-0.3513,-0.15914,-0.12144,0.91461,-0.68,1.06,0.07,-0.3513,-0.15914,-0.12144,0.91461,-0.72,1.07,0.1,-0.46385,-0.19471,0.55787,0.66009,-0.75,1.08,0.11,-0.28005,-0.04647,0.51252,0.81039,-0.76,1.1,0.14,-0.17531,-0.01578,0.59139,0.78694,-0.77,1.1,0.16,-0.17531,-0.01578,0.59139,0.78694,-0.71,1.08,0.1,-0.3513,-0.15914,-0.12144,0.91461,-0.73,1.12,0.13,-0.00834,-0.23537,0.03238,0.97133,-0.74,1.12,0.17,0.34579,-0.2108,0.08919,0.90997,-0.75,1.1,0.18,0.47033,-0.16901,0.11028,0.85911,-0.76,1.08,0.19,0.47033,-0.16901,0.11028,0.85911,-0.7,1.08,0.1,-0.3513,-0.15914,-0.12144,0.91461,-0.7,1.12,0.14,0.01753,-0.21074,-0.04634,0.97629,-0.72,1.12,0.18,0.37623,-0.2129,0.02147,0.90148,-0.73,1.1,0.19,0.55501,-0.18827,0.00343,0.81025,-0.74,1.08,0.2,0.55501,-0.18827,0.00343,0.81025,-0.68,1.07,0.1,-0.3513,-0.15914,-0.12144,0.91461,-0.69,1.11,0.14,-0.04202,-0.17025,-0.14209,0.9742,-0.7,1.12,0.18,0.45572,-0.23385,-0.07776,0.85533,-0.71,1.1,0.19,0.69909,-0.26274,-0.03133,0.66427,-0.72,1.07,0.19,0.69909,-0.26274,-0.03133,0.66427,-0.67,1.07,0.11,-0.27333,-0.10065,-0.3533,0.88901,-0.67,1.1,0.15,-0.18757,-0.08689,-0.27127,0.94004,-0.67,1.11,0.17,0.47215,-0.25002,-0.23257,0.8127,-0.69,1.09,0.18,0.73878,-0.3579,-0.13684,0.55442,-0.7,1.08,0.18,0.73878,-0.3579,-0.13684,0.55442,-0.81,1.08,0.19
-0.78,1.45,-0.16,-0.78,1.45,-0.16,-0.85,1.1,0.11,0.28016,-0.07983,-0.14545,-0.94551,-0.86,1.06,0.06,0.28016,-0.07983,-0.14545,-0.94551,-0.82,1.08,0.08,0.48197,-0.18802,0.42419,-0.74324,-0.8,1.1,0.1,0.25394,-0.06601,0.37725,-0.88816,-0.79,1.11,0.13,0.17469,-0.06699,0.46447,-0.8656,-0.78,1.12,0.15,0.17469,-0.06699,0.46447,-0.8656,-0.83,1.08,0.09,0.28016,-0.07983,-0.14545,-0.94551,-0.83,1.12,0.13,0.06569,-0.13965,-0.06894,-0.98561,-0.82,1.12,0.17,-0.26087,-0.15767,-0.04557,-0.95132,-0.81,1.11,0.19,-0.41652,-0.13661,-0.02937,-0.89833,-0.8,1.09,0.2,-0.41652,-0.13661,-0.02937,-0.89833,-0.85,1.08,0.09,0.28016,-0.07983,-0.14545,-0.94551,-0.85,1.11,0.14,0.1732,-0.079,-0.15065,-0.97009,-0.84,1.13,0.18,-0.1482,-0.12484,-0.12975,-0.97243,-0.84,1.12,0.2,-0.31698,-0.14261,-0.16546,-0.92294,-0.83,1.11,0.22,-0.31698,-0.14261,-0.16546,-0.92294,-0.87,1.08,0.09,0.28016,-0.07983,-0.14545,-0.94551,-0.87,1.1,0.14,0.21111,-0.05474,-0.20539,-0.95407,-0.86,1.12,0.17,-0.2339,-0.16043,-0.19634,-0.93862,-0.85,1.11,0.19,-0.48386,-0.23233,-0.16693,-0.82706,-0.84,1.09,0.2,-0.48386,-0.23233,-0.16693,-0.82706,-0.87,1.07,0.1,0.21695,-0.00525,-0.37441,-0.90151,-0.88,1.09,0.14,0.23186,-0.03874,-0.27759,-0.9315,-0.88,1.1,0.16,-0.278,-0.1755,-0.29547,-0.897,-0.87,1.09,0.18,-0.57457,-0.31304,-0.22069,-0.72331,-0.86,1.08,0.18,-0.57457,-0.31304,-0.22069,-0.72331,-0.7,1.1,0.11,-0.39015,-0.15015,-0.13128,0.89889,-0.68,1.06,0.07,-0.39015,-0.15015,-0.13128,0.89889,-0.72,1.07,0.1,-0.44398,-0.17347,0.59637,0.64586,-0.74,1.09,0.11,-0.25493,-0.00549,0.54698,0.79736,-0.75,1.1,0.14,-0.12968,0.04022,0.61702,0.77515,-0.76,1.11,0.16,-0.12968,0.04022,0.61702,0.77515,-0.71,1.08,0.09,-0.39015,-0.15015,-0.13128,0.89889,-0.72,1.12,0.13,-0.03099,-0.20751,0.00775,0.97771,-0.74,1.13,0.16,0.36271,-0.19184,0.0639,0.9097,-0.74,1.11,0.18,0.48625,-0.15357,0.0828,0.85623,-0.75,1.09,0.19,0.48625,-0.15357,0.0828,0.85623,-0.69,1.08,0.1,-0.39015,-0.15015,-0.13128,0.89889,-0.7,1.13,0.13,-0.0098,-0.2006,-0.06106,0.97772,-0.72,1.13,0.17,0.46001,-0.20705,0.02932,0.86294,-0.72,1.11,0.18,0.68374,-0.16982,0.01905,0.70943,-0.73,1.08,0.19,0.68374,-0.16982,0.01905,0.70943,-0.68,1.08,0.1,-0.39015,-0.15015,-0.13128,0.89889,-0.68,1.12,0.14,-0.06808,-0.17238,-0.15035,0.97111,-0.69,1.12,0.17,0.51902,-0.24717,-0.06006,0.81604,-0.71,1.1,0.18,0.78988,-0.26376,0.00395,0.55362,-0.71,1.08,0.17,0.78988,-0.26376,0.00395,0.55362,-0.67,1.07,0.11,-0.31171,-0.10238,-0.3652,0.8712,-0.67,1.1,0.14,-0.2138,-0.10789,-0.27739,0.93043,-0.67,1.11,0.17,0.46767,-0.27702,-0.21738,0.81073,-0.68,1.1,0.18,0.75298,-0.37917,-0.10051,0.52835,-0.7,1.09,0.17,0.75298,-0.37917,-0.10051,0.52835,-0.81,1.08,0.19
-0.78,1.45,-0.16,-0.78,1.45,-0.16,-0.86,1.1,0.11,0.32709,-0.04978,-0.2185,-0.91803,-0.86,1.06,0.06,0.32709,-0.04978,-0.2185,-0.91803,-0.83,1.08,0.08,0.48434,-0.13206,0.41901,-0.75658,-0.81,1.1,0.1,0.26072,-0.0153,0.35499,-0.89765,-0.8,1.12,0.13,0.18007,-0.01923,0.44009,-0.87951,-0.8,1.13,0.15,0.18007,-0.01923,0.44009,-0.87951,-0.84,1.09,0.08,0.32709,-0.04978,-0.2185,-0.91803,-0.84,1.12,0.13,0.0711,-0.1251,-0.1419,-0.97937,-0.83,1.13,0.16,-0.2633,-0.16895,-0.11729,-0.94253,-0.82,1.12,0.18,-0.41567,-0.15919,-0.09878,-0.89001,-0.81,1.11,0.2,-0.41567,-0.15919,-0.09878,-0.89001,-0.85,1.08,0.08,0.32709,-0.04978,-0.2185,-0.91803,-0.86,1.12,0.13,0.18166,-0.06887,-0.22362,-0.95512,-0.86,1.14,0.17,-0.14464,-0.14072,-0.20059,-0.95867,-0.85,1.13,0.19,-0.29968,-0.16773,-0.23265,-0.90991,-0.84,1.12,0.21,-0.29968,-0.16773,-0.23265,-0.90991,-0.87,1.07,0.09,0.32709,-0.04978,-0.2185,-0.91803,-0.88,1.11,0.13,0.21335,-0.04719,-0.27817,-0.93535,-0.88,1.12,0.17,-0.21984,-0.1851,-0.26451,-0.92057,-0.86,1.11,0.19,-0.44832,-0.27124,-0.2286,-0.82048,-0.85,1.1,0.2,-0.44832,-0.27124,-0.2286,-0.82048,-0.88,1.07,0.09,0.25886,0.00893,-0.44658,-0.85643,-0.89,1.09,0.13,0.22304,-0.04475,-0.35058,-0.90848,-0.89,1.1,0.16,-0.26766,-0.21405,-0.35488,-0.86983,-0.88,1.09,0.17,-0.51495,-0.35696,-0.2781,-0.72806,-0.86,1.08,0.18,-0.51495,-0.35696,-0.2781,-0.72806,-0.69,1.1,0.11,-0.43477,-0.13832,-0.12611,0.88087,-0.68,1.06,0.07,-0.43477,-0.13832,-0.12611,0.88087,-0.72,1.08,0.09,-0.43967,-0.13561,0.62573,0.62989,-0.74,1.09,0.11,-0.25253,0.04386,0.56599,0.78356,-0.75,1.1,0.14,-0.11441,0.09971,0.62664,0.76439,-0.75,1.11,0.16,-0.11441,0.09971,0.62664,0.76439,-0.71,1.08,0.09,-0.43477,-0.13832,-0.12611,0.88087,-0.72,1.13,0.12,-0.05341,-0.18459,0.00751,0.98134,-0.73,1.13,0.16,0.40437,-0.16744,0.0662,0.8967,-0.74,1.12,0.17,0.53975,-0.12742,0.08546,0.82773,-0.74,1.1,0.18,0.53975,-0.12742,0.08546,0.82773,-0.69,1.08,0.09,-0.43477,-0.13832,-0.12611,0.88087,-0.7,1.13,0.13,-0.05241,-0.18175,-0.06615,0.97972,-0.71,1.14,0.16,0.47396,-0.19217,0.027,0.8589,-0.72,1.11,0.18,0.73551,-0.15016,0.01804,0.66042,-0.72,1.09,0.18,0.73551,-0.15016,0.01804,0.66042,-0.67,1.08,0.1,-0.43477,-0.13832,-0.12611,0.88087,-0.68,1.12,0.13,-0.118,-0.16245,-0.15054,0.968,-0.69,1.13,0.17,0.50977,-0.24327,-0.05615,0.82329,-0.7,1.11,0.18,0.80801,-0.25607,0.01535,0.53039,-0.71,1.09,0.17,0.80801,-0.25607,0.01535,0.53039,-0.67,1.08,0.1,-0.35841,-0.1026,-0.36294,0.85399,-0.66,1.11,0.14,-0.26632,-0.10553,-0.27589,0.91751,-0.67,1.12,0.16,0.43981,-0.28354,-0.21123,0.82556,-0.68,1.11,0.17,0.7588,-0.38529,-0.07494,0.51977,-0.69,1.09,0.16,0.7588,-0.38529,-0.07494,0.51977,-0.81,1.08,0.19
-0.78,1.45,-0.16,-0.78,1.45,-0.16,-0.86,1.1,0.1,0.37475,-0.04376,-0.22922,-0.89728,-0.86,1.06,0.06,0.37475,-0.04376,-0.22922,-0.89728,-0.83,1.09,0.08,0.49556,-0.09301,0.43992,-0.74313,-0.81,1.11,0.1,0.27102,0.0299,0.36502,-0.89018,-0.81,1.12,0.13,0.17925,0.0312,0.44608,-0.87631,-0.8,1.13,0.15,0.17925,0.0312,0.44608,-0.87631,-0.84,1.09,0.08,0.37475,-0.04376,-0.22922,-0.89728,-0.84,1.13,0.12,0.10034,-0.11553,-0.15516,-0.97597,-0.84,1.14,0.16,-0.23961,-0.16586,-0.13191,-0.94746,-0.83,1.13,0.18,-0.38774,-0.15799,-0.11544,-0.90076,-0.82,1.12,0.19,-0.38774,-0.15799,-0.11544,-0.90076,-0.86,1.08,0.08,0.37475,-0.04376,-0.22922,-0.89728,-0.87,1.12,0.12,0.20437,-0.07318,-0.23302,-0.94793,-0.86,1.14,0.16,-0.16153,-0.15687,-0.20156,-0.95324,-0.85,1.14,0.19,-0.31718,-0.18295,-0.23079,-0.90148,-0.84,1.12,0.2,-0.31718,-0.18295,-0.23079,-0.90148,-0.87,1.08,0.09,0.37475,-0.04376,-0.22922,-0.89728,-0.88,1.11,0.13,0.24912,-0.0506,-0.28956,-0.92279,-0.88,1.13,0.16,-0.18233,-0.19453,-0.27224,-0.92455,-0.87,1.12,0.18,-0.39798,-0.27952,-0.23637,-0.84119,-0.85,1.11,0.2,-0.39798,-0.27952,-0.23637,-0.84119,-0.88,1.07,0.09,0.30511,0.00178,-0.45945,-0.83415,-0.89,1.09,0.13,0.27222,-0.04873,-0.36175,-0.89032,-0.89,1.11,0.15,-0.16737,-0.20739,-0.3718,-0.88924,-0.88,1.11,0.17,-0.37044,-0.33747,-0.31272,-0.80691,-0.87,1.1,0.18,-0.37044,-0.33747,-0.31272,-0.80691,-0.69,1.11,0.11,-0.46961,-0.1312,-0.10318,0.86695,-0.68,1.06,0.07,-0.46961,-0.1312,-0.10318,0.86695,-0.72,1.08,0.09,-0.44541,-0.10905,0.64941,0.60661,-0.74,1.09,0.11,-0.26076,0.08012,0.58224,0.76588,-0.75,1.11,0.14,-0.11017,0.14853,0.6338,0.75107,-0.75,1.11,0.16,-0.11017,0.14853,0.6338,0.75107,-0.71,1.08,0.09,-0.46961,-0.1312,-0.10318,0.86695,-0.72,1.13,0.12,-0.08813,-0.1657,0.02563,0.9819,-0.73,1.14,0.15,0.39431,-0.14154,0.07721,0.90473,-0.74,1.12,0.17,0.55277,-0.0979,0.0951,0.82208,-0.74,1.1,0.18,0.55277,-0.0979,0.0951,0.82208,-0.69,1.08,0.09,-0.46961,-0.1312,-0.10318,0.86695,-0.7,1.13,0.12,-0.07465,-0.16397,-0.04882,0.98242,-0.71,1.14,0.16,0.47585,-0.16743,0.03611,0.86269,-0.72,1.12,0.17,0.76003,-0.12056,0.02053,0.63828,-0.72,1.09,0.17,0.76003,-0.12056,0.02053,0.63828,-0.68,1.08,0.1,-0.46961,-0.1312,-0.10318,0.86695,-0.68,1.12,0.12,-0.15395,-0.14997,-0.13283,0.96755,-0.69,1.14,0.16,0.50088,-0.22487,-0.04447,0.83461,-0.7,1.12,0.17,0.82246,-0.23231,0.02467,0.51864,-0.71,1.09,0.16,0.82246,-0.23231,0.02467,0.51864,-0.67,1.08,0.1,-0.39708,-0.10445,-0.34288,0.8449,-0.66,1.11,0.13,-0.32127,-0.09481,-0.2591,0.90591,-0.66,1.13,0.15,0.40553,-0.27236,-0.20158,0.84896,-0.68,1.12,0.16,0.76419,-0.3731,-0.05455,0.52329,-0.69,1.1,0.16,0.76419,-0.3731,-0.05455,0.52329,-0.81,1.08,0.19
-0.78,1.45,-0.16,-0.78,1.45,-0.16,-0.86,1.1,0.1,0.39297,-0.05495,-0.19767,-0.89637,-0.86,1.06,0.06,0.39297,-0.05495,-0.19767,-0.89637,-0.83,1.08,0.08,0.49787,-0.09644,0.47522,-0.71902,-0.81,1.1,0.1,0.26425,0.04375,0.4019,-0.87563,-0.8,1.12,0.13,0.15929,0.0541,0.47848,-0.86183,-0.8,1.13,0.15,0.15929,0.0541,0.47848,-0.86183,-0.84,1.09,0.08,0.39297,-0.05495,-0.19767,-0.89637,-0.84,1.13,0.12,0.10966,-0.11434,-0.12226,-0.97977,-0.83,1.14,0.15,-0.23803,-0.15445,-0.1005,-0.95362,-0.82,1.13,0.17,-0.37956,-0.14109,-0.08748,-0.91015,-0.82,1.12,0.19,-0.37956,-0.14109,-0.08748,-0.91015,-0.85,1.08,0.08,0.39297,-0.05495,-0.19767,-0.89637,-0.86,1.13,0.12,0.20672,-0.0837,-0.19784,-0.95452,-0.86,1.14,0.16,-0.18731,-0.15798,-0.161,-0.95605,-0.85,1.14,0.18,-0.34417,-0.17631,-0.19088,-0.90223,-0.84,1.12,0.2,-0.34417,-0.17631,-0.19088,-0.90223,-0.87,1.08,0.09,0.39297,-0.05495,-0.19767,-0.89637,-0.88,1.11,0.12,0.25514,-0.06295,-0.25657,-0.93012,-0.88,1.13,0.16,-0.18145,-0.19148,-0.23738,-0.93491,-0.87,1.13,0.18,-0.39005,-0.26624,-0.20593,-0.85707,-0.85,1.11,0.19,-0.39005,-0.26624,-0.20593,-0.85707,-0.88,1.07,0.09,0.32488,-0.01238,-0.43108,-0.84171,-0.89,1.1,0.13,0.28923,-0.05993,-0.33088,-0.89625,-0.89,1.11,0.15,-0.11617,-0.19036,-0.34672,-0.91107,-0.88,1.11,0.17,-0.28983,-0.30318,-0.30227,-0.85599,-0.87,1.11,0.18,-0.28983,-0.30318,-0.30227,-0.85599,-0.7,1.11,0.1,-0.49052,-0.12919,-0.08918,0.85717,-0.68,1.05,0.07,-0.49052,-0.12919,-0.08918,0.85717,-0.72,1.08,0.09,-0.44194,-0.0976,0.66882,0.58978,-0.74,1.09,0.11,-0.25607,0.103,0.59824,0.75229,-0.75,1.11,0.14,-0.089,0.18772,0.63954,0.74016,-0.74,1.11,0.16,-0.089,0.18772,0.63954,0.74016,-0.71,1.08,0.09,-0.49052,-0.12919,-0.08918,0.85717,-0.72,1.13,0.11,-0.11044,-0.15611,0.03711,0.98084,-0.73,1.14,0.15,0.38464,-0.12723,0.0844,0.91035,-0.74,1.12,0.16,0.55839,-0.081,0.10101,0.81941,-0.74,1.1,0.17,0.55839,-0.081,0.10101,0.81941,-0.69,1.08,0.09,-0.49052,-0.12919,-0.08918,0.85717,-0.7,1.13,0.12,-0.08067,-0.15538,-0.03645,0.98388,-0.71,1.14,0.15,0.49288,-0.15244,0.04553,0.85543,-0.72,1.12,0.17,0.79285,-0.09855,0.02568,0.60085,-0.72,1.09,0.16,0.79285,-0.09855,0.02568,0.60085,-0.68,1.08,0.09,-0.49052,-0.12919,-0.08918,0.85717,-0.68,1.13,0.12,-0.17588,-0.14239,-0.1235,0.9662,-0.69,1.14,0.16,0.50962,-0.21486,-0.03547,0.83239,-0.7,1.12,0.17,0.84738,-0.21573,0.0344,0.48397,-0.7,1.1,0.15,0.84738,-0.21573,0.0344,0.48397,-0.67,1.08,0.1,-0.41989,-0.10795,-0.33028,0.83843,-0.67,1.11,0.13,-0.36879,-0.0853,-0.24979,0.89125,-0.67,1.13,0.15,0.36646,-0.26461,-0.19881,0.86958,-0.68,1.12,0.16,0.75851,-0.36625,-0.04358,0.53723,-0.69,1.11,0.15,0.75851,-0.36625,-0.04358,0.53723,-0.81,1.08,0.19
-0.78,1.45,-0.16,-0.78,1.45,-0.16,-0.85,1.1,0.1,0.35821,-0.06447,-0.137,-0.92128,-0.86,1.06,0.05,0.35821,-0.06447,-0.137,-0.92128,-0.82,1.07,0.08,0.45923,-0.13614,0.52259,-0.70532,-0.8,1.09,0.1,0.21986,0.02907,0.46202,-0.85869,-0.8,1.1,0.13,0.10171,0.05051,0.53387,-0.83791,-0.8,1.11,0.15,0.10171,0.05051,0.53387,-0.83791,-0.83,1.08,0.08,0.35821,-0.06447,-0.137,-0.92128,-0.83,1.12,0.12,0.06831,-0.10502,-0.06288,-0.99013,-0.82,1.13,0.16,-0.29769,-0.12503,-0.04605,-0.94532,-0.82,1.11,0.18,-0.43802,-0.10335,-0.03606,-0.89227,-0.81,1.1,0.19,-0.43802,-0.10335,-0.03606,-0.89227,-0.85,1.07,0.08,0.35821,-0.06447,-0.137,-0.92128,-0.85,1.12,0.12,0.14945,-0.08309,-0.13454,-0.97604,-0.85,1.13,0.16,-0.2611,-0.13309,-0.10164,-0.95067,-0.84,1.12,0.19,-0.42276,-0.13885,-0.13602,-0.88515,-0.83,1.1,0.2,-0.42276,-0.13885,-0.13602,-0.88515,-0.87,1.07,0.09,0.35821,-0.06447,-0.137,-0.92128,-0.87,1.11,0.13,0.20784,-0.0618,-0.19511,-0.95651,-0.87,1.12,0.16,-0.24158,-0.1627,-0.18367,-0.93885,-0.86,1.11,0.18,-0.45291,-0.2253,-0.16183,-0.8473,-0.85,1.1,0.19,-0.45291,-0.2253,-0.16183,-0.8473,-0.87,1.07,0.09,0.29732,-0.00979,-0.37245,-0.87908,-0.88,1.09,0.13,0.24962,-0.05673,-0.2721,-0.9276,-0.88,1.11,0.15,-0.16765,-0.16111,-0.2954,-0.92665,-0.88,1.1,0.17,-0.35163,-0.26617,-0.25934,-0.85922,-0.86,1.09,0.18,-0.35163,-0.26617,-0.25934,-0.85922,-0.7,1.11,0.1,-0.48935,-0.13925,-0.09243,0.85592,-0.69,1.05,0.07,-0.48935,-0.13925,-0.09243,0.85592,-0.72,1.07,0.09,-0.43678,-0.10629,0.67385,0.58639,-0.75,1.09,0.11,-0.24876,0.09904,0.60598,0.74906,-0.75,1.1,0.14,-0.06815,0.1973,0.64225,0.73753,-0.75,1.11,0.16,-0.06815,0.1973,0.64225,0.73753,-0.71,1.08,0.09,-0.48935,-0.13925,-0.09243,0.85592,-0.72,1.13,0.11,-0.10794,-0.16317,0.03438,0.98007,-0.74,1.14,0.15,0.41939,-0.13149,0.09036,0.89367,-0.74,1.12,0.16,0.60736,-0.08151,0.11106,0.78239,-0.74,1.1,0.17,0.60736,-0.08151,0.11106,0.78239,-0.7,1.08,0.09,-0.48935,-0.13925,-0.09243,0.85592,-0.7,1.13,0.11,-0.03117,-0.16347,-0.03227,0.98553,-0.72,1.14,0.15,0.6046,-0.15079,0.06658,0.77929,-0.72,1.11,0.16,0.89602,-0.07071,0.05041,0.43545,-0.72,1.09,0.15,0.89602,-0.07071,0.05041,0.43545,-0.68,1.08,0.09,-0.48935,-0.13925,-0.09243,0.85592,-0.69,1.12,0.12,-0.1219,-0.15569,-0.11831,0.97309,-0.7,1.13,0.16,0.60703,-0.21957,-0.01089,0.76367,-0.7,1.11,0.16,0.92013,-0.19708,0.06614,0.33189,-0.71,1.09,0.14,0.92013,-0.19708,0.06614,0.33189,-0.67,1.08,0.1,-0.41623,-0.11768,-0.33281,0.83794,-0.67,1.11,0.13,-0.33685,-0.10353,-0.25018,0.90179,-0.67,1.13,0.15,0.43102,-0.28125,-0.17806,0.8387,-0.68,1.12,0.16,0.81571,-0.36755,-0.00716,0.44662,-0.69,1.1,0.15,0.81571,-0.36755,-0.00716,0.44662,-0.81,1.08,0.19
-0.78,1.45,-0.16,-0.78,1.45,-0.16,-0.85,1.09,0.11,0.34422,-0.0577,-0.13843,-0.92683,-0.86,1.06,0.06,0.34422,-0.0577,-0.13843,-0.92683,-0.82,1.07,0.08,0.446,-0.13886,0.52081,-0.71453,-0.8,1.09,0.1,0.20066,0.02928,0.46114,-0.86385,-0.8,1.1,0.13,0.07768,0.05166,0.53174,-0.84175,-0.8,1.11,0.16,0.07768,0.05166,0.53174,-0.84175,-0.83,1.08,0.08,0.34422,-0.0577,-0.13843,-0.92683,-0.83,1.12,0.13,0.04793,-0.09914,-0.06631,-0.9917,-0.82,1.12,0.16,-0.33656,-0.12133,-0.04892,-0.93253,-0.82,1.11,0.18,-0.48327,-0.10023,-0.03714,-0.86892,-0.81,1.09,0.19,-0.48327,-0.10023,-0.03714,-0.86892,-0.85,1.07,0.08,0.34422,-0.0577,-0.13843,-0.92683,-0.85,1.12,0.13,0.12926,-0.07723,-0.13685,-0.97908,-0.85,1.13,0.17,-0.28178,-0.12853,-0.10604,-0.9449,-0.84,1.11,0.19,-0.44914,-0.13463,-0.1405,-0.87201,-0.83,1.1,0.2,-0.44914,-0.13463,-0.1405,-0.87201,-0.87,1.07,0.09,0.34422,-0.0577,-0.13843,-0.92683,-0.87,1.1,0.13,0.19004,-0.05443,-0.19722,-0.96022,-0.87,1.12,0.16,-0.25856,-0.15633,-0.18925,-0.93429,-0.86,1.11,0.18,-0.47135,-0.22053,-0.16859,-0.83712,-0.85,1.09,0.2,-0.47135,-0.22053,-0.16859,-0.83712,-0.87,1.07,0.09,0.28487,0.00042,-0.37314,-0.88296,-0.88,1.09,0.13,0.2244,-0.05095,-0.27402,-0.93379,-0.89,1.1,0.15,-0.19071,-0.15409,-0.29965,-0.922,-0.88,1.1,0.17,-0.37608,-0.26098,-0.26532,-0.84857,-0.86,1.09,0.19,-0.37608,-0.26098,-0.26532,-0.84857,-0.7,1.1,0.1,-0.47163,-0.14912,-0.09121,0.8643,-0.69,1.05,0.07,-0.47163,-0.14912,-0.09121,0.8643,-0.73,1.07,0.09,-0.42925,-0.12972,0.67453,0.58646,-0.75,1.08,0.11,-0.23784,0.07933,0.61417,0.74829,-0.75,1.1,0.14,-0.05091,0.18584,0.65077,0.73442,-0.75,1.11,0.16,-0.05091,0.18584,0.65077,0.73442,-0.71,1.08,0.09,-0.47163,-0.14912,-0.09121,0.8643,-0.73,1.13,0.11,-0.0837,-0.16849,0.03533,0.98151,-0.74,1.13,0.15,0.47107,-0.13169,0.09837,0.86664,-0.74,1.11,0.16,0.67509,-0.07615,0.12349,0.72332,-0.74,1.09,0.16,0.67509,-0.07615,0.12349,0.72332,-0.7,1.08,0.09,-0.47163,-0.14912,-0.09121,0.8643,-0.71,1.13,0.12,0.00028,-0.16863,-0.0287,0.98526,-0.72,1.13,0.15,0.63662,-0.15133,0.07405,0.75255,-0.72,1.1,0.16,0.92153,-0.06164,0.05946,0.37874,-0.72,1.09,0.14,0.92153,-0.06164,0.05946,0.37874,-0.68,1.08,0.09,-0.47163,-0.14912,-0.09121,0.8643,-0.69,1.12,0.12,-0.0723,-0.16418,-0.11014,0.97759,-0.7,1.13,0.16,0.65368,-0.21764,0.00181,0.7248,-0.71,1.1,0.16,0.94662,-0.18299,0.07964,0.25315,-0.71,1.09,0.14,0.94662,-0.18299,0.07964,0.25315,-0.68,1.08,0.1,-0.39706,-0.12237,-0.33069,0.84736,-0.67,1.11,0.13,-0.2632,-0.12747,-0.24055,0.92553,-0.68,1.13,0.15,0.51349,-0.28609,-0.15232,0.79453,-0.69,1.11,0.16,0.86773,-0.35465,0.01982,0.34768,-0.69,1.1,0.14,0.86773,-0.35465,0.01982,0.34768,-0.81,1.08,0.19
-0.78,1.45,-0.16,-0.78,1.45,-0.16,-0.85,1.09,0.11,0.33901,-0.05187,-0.1412,-0.92868,-0.86,1.06,0.06,0.33901,-0.05187,-0.1412,-0.92868,-0.82,1.07,0.09,0.43798,-0.1356,0.52059,-0.72026,-0.8,1.09,0.1,0.19116,0.03334,0.45975,-0.86659,-0.8,1.1,0.13,0.06589,0.05578,0.52938,-0.84398,-0.8,1.1,0.16,0.06589,0.05578,0.52938,-0.84398,-0.84,1.08,0.09,0.33901,-0.05187,-0.1412,-0.92868,-0.83,1.12,0.13,0.03739,-0.09405,-0.07086,-0.99234,-0.83,1.12,0.16,-0.35829,-0.1188,-0.05357,-0.92447,-0.82,1.1,0.18,-0.51063,-0.09873,-0.04051,-0.85315,-0.82,1.08,0.19,-0.51063,-0.09873,-0.04051,-0.85315,-0.85,1.07,0.09,0.33901,-0.05187,-0.1412,-0.92868,-0.85,1.11,0.13,0.11437,-0.07327,-0.14012,-0.98077,-0.85,1.12,0.17,-0.30134,-0.12668,-0.10997,-0.93864,-0.84,1.11,0.19,-0.47366,-0.13302,-0.14408,-0.8586,-0.83,1.09,0.2,-0.47366,-0.13302,-0.14408,-0.8586,-0.87,1.07,0.09,0.33901,-0.05187,-0.1412,-0.92868,-0.87,1.1,0.13,0.17398,-0.05087,-0.20009,-0.96286,-0.87,1.12,0.17,-0.27712,-0.15444,-0.19325,-0.92845,-0.86,1.1,0.19,-0.49328,-0.22007,-0.17236,-0.82373,-0.85,1.09,0.2,-0.49328,-0.22007,-0.17236,-0.82373,-0.88,1.06,0.09,0.28061,0.00735,-0.37559,-0.88325,-0.89,1.09,0.13,0.2067,-0.04903,-0.27707,-0.93707,-0.89,1.1,0.16,-0.20939,-0.15269,-0.30289,-0.91711,-0.88,1.09,0.17,-0.39882,-0.26184,-0.26816,-0.83694,-0.86,1.08,0.19,-0.39882,-0.26184,-0.26816,-0.83694,-0.7,1.1,0.1,-0.46556,-0.14507,-0.10001,0.8673,-0.69,1.05,0.07,-0.46556,-0.14507,-0.10001,0.8673,-0.73,1.07,0.09,-0.42743,-0.13249,0.66715,0.59553,-0.75,1.08,0.11,-0.23759,0.07092,0.60757,0.75458,-0.75,1.1,0.14,-0.05221,0.17437,0.64708,0.74038,-0.75,1.11,0.16,-0.05221,0.17437,0.64708,0.74038,-0.71,1.08,0.09,-0.46556,-0.14507,-0.10001,0.8673,-0.73,1.13,0.11,-0.10823,-0.16721,0.01649,0.97982,-0.74,1.14,0.15,0.4203,-0.1441,0.07738,0.89252,-0.74,1.12,0.16,0.6256,-0.0947,0.10373,0.76739,-0.74,1.1,0.17,0.6256,-0.0947,0.10373,0.76739,-0.7,1.08,0.09,-0.46556,-0.14507,-0.10001,0.8673,-0.71,1.13,0.12,-0.0176,-0.16708,-0.04406,0.9848,-0.72,1.13,0.16,0.57623,-0.16369,0.05188,0.79904,-0.72,1.11,0.16,0.87802,-0.09193,0.0416,0.46786,-0.73,1.09,0.15,0.87802,-0.09193,0.0416,0.46786,-0.68,1.08,0.09,-0.46556,-0.14507,-0.10001,0.8673,-0.69,1.12,0.12,-0.0724,-0.16237,-0.1211,0.97659,-0.7,1.13,0.16,0.62804,-0.22434,-0.01398,0.74501,-0.71,1.1,0.16,0.93126,-0.20043,0.0675,0.29668,-0.71,1.09,0.14,0.93126,-0.20043,0.0675,0.29668,-0.68,1.08,0.1,-0.39073,-0.11693,-0.33905,0.84776,-0.67,1.11,0.13,-0.25634,-0.12632,-0.24806,0.92563,-0.68,1.12,0.15,0.50014,-0.28714,-0.16384,0.80035,-0.69,1.11,0.16,0.85541,-0.36282,0.00769,0.36956,-0.69,1.1,0.14,0.85541,-0.36282,0.00769,0.36956,-0.81,1.08,0.19
-0.78,1.45,-0.16,-0.78,1.45,-0.16,-0.85,1.09,0.11,0.34013,-0.04413,-0.13957,-0.92891,-0.86,1.06,0.06,0.34013,-0.04413,-0.13957,-0.92891,-0.82,1.07,0.09,0.42866,-0.12747,0.52817,-0.72183,-0.8,1.09,0.11,0.18408,0.04354,0.4645,-0.86513,-0.8,1.1,0.14,0.05677,0.0667,0.53226,-0.84204,-0.8,1.1,0.16,0.05677,0.0667,0.53226,-0.84204,-0.84,1.08,0.09,0.34013,-0.04413,-0.13957,-0.92891,-0.83,1.12,0.13,0.03847,-0.08453,-0.07288,-0.99301,-0.83,1.12,0.17,-0.37012,-0.11169,-0.05762,-0.92044,-0.82,1.1,0.18,-0.52966,-0.09283,-0.04429,-0.84195,-0.82,1.08,0.19,-0.52966,-0.09283,-0.04429,-0.84195,-0.85,1.07,0.09,0.34013,-0.04413,-0.13957,-0.92891,-0.86,1.11,0.13,0.09979,-0.06751,-0.13924,-0.9829,-0.85,1.12,0.17,-0.32954,-0.12254,-0.10976,-0.9297,-0.84,1.11,0.19,-0.5128,-0.12862,-0.14358,-0.83659,-0.83,1.09,0.2,-0.5128,-0.12862,-0.14358,-0.83659,-0.87,1.07,0.09,0.34013,-0.04413,-0.13957,-0.92891,-0.87,1.1,0.13,0.15507,-0.04711,-0.19873,-0.96656,-0.87,1.11,0.17,-0.30877,-0.15241,-0.19224,-0.91895,-0.86,1.1,0.19,-0.53419,-0.21909,-0.17026,-0.79853,-0.85,1.08,0.2,-0.53419,-0.21909,-0.17026,-0.79853,-0.88,1.06,0.09,0.28353,0.01467,-0.37436,-0.88275,-0.89,1.09,0.13,0.19522,-0.04575,-0.27643,-0.93989,-0.89,1.1,0.16,-0.23476,-0.15302,-0.30193,-0.91121,-0.88,1.09,0.17,-0.43854,-0.26654,-0.26392,-0.81669,-0.86,1.08,0.18,-0.43854,-0.26654,-0.26392,-0.81669,-0.7,1.1,0.11,-0.44112,-0.13452,-0.10574,0.88098,-0.69,1.06,0.07,-0.44112,-0.13452,-0.10574,0.88098,-0.73,1.07,0.09,-0.4249,-0.15504,0.64977,0.61092,-0.75,1.08,0.11,-0.24473,0.03163,0.59664,0.76363,-0.76,1.1,0.14,-0.08358,0.11423,0.65088,0.74587,-0.76,1.1,0.16,-0.08358,0.11423,0.65088,0.74587,-0.71,1.08,0.09,-0.44112,-0.13452,-0.10574,0.88098,-0.73,1.13,0.12,-0.19182,-0.16197,-0.01411,0.96787,-0.74,1.14,0.15,0.20396,-0.16291,0.02568,0.96499,-0.74,1.13,0.17,0.37409,-0.13032,0.04234,0.91721,-0.75,1.12,0.19,0.37409,-0.13032,0.04234,0.91721,-0.7,1.08,0.09,-0.44112,-0.13452,-0.10574,0.88098,-0.7,1.13,0.12,-0.1138,-0.15294,-0.07285,0.97895,-0.72,1.14,0.16,0.32796,-0.17183,-0.01111,0.92887,-0.73,1.12,0.18,0.58297,-0.15586,-0.03101,0.7968,-0.73,1.1,0.19,0.58297,-0.15586,-0.03101,0.7968,-0.68,1.08,0.1,-0.44112,-0.13452,-0.10574,0.88098,-0.69,1.12,0.13,-0.16343,-0.13631,-0.14825,0.96578,-0.7,1.13,0.16,0.36409,-0.21435,-0.09392,0.90148,-0.71,1.12,0.18,0.66939,-0.252,-0.0391,0.69777,-0.72,1.1,0.18,0.66939,-0.252,-0.0391,0.69777,-0.68,1.07,0.1,-0.3682,-0.09984,-0.3442,0.85789,-0.67,1.11,0.13,-0.29867,-0.09177,-0.25929,0.91386,-0.67,1.12,0.16,0.34462,-0.24958,-0.2253,0.87646,-0.68,1.11,0.17,0.67345,-0.36085,-0.11107,0.63555,-0.7,1.1,0.17,0.67345,-0.36085,-0.11107,0.63555,-0.81,1.08,0.19
-0.78,1.45,-0.16,-0.78,1.45,-0.16,-0.85,1.09,0.11,0.338,-0.04558,-0.12966,-0.93106,-0.86,1.06,0.06,0.338,-0.04558,-0.12966,-0.93106,-0.82,1.07,0.09,0.4198,-0.13722,0.54063,-0.716,-0.8,1.09,0.11,0.18095,0.03672,0.48011,-0.85756,-0.8,1.1,0.14,0.05761,0.05968,0.54824,-0.8322,-0.8,1.1,0.16,0.05761,0.05968,0.54824,-0.8322,-0.83,1.08,0.09,0.338,-0.04558,-0.12966,-0.93106,-0.83,1.12,0.13,0.04602,-0.08223,-0.06419,-0.99348,-0.83,1.12,0.17,-0.36426,-0.10631,-0.05049,-0.92383,-0.82,1.1,0.18,-0.52833,-0.08654,-0.03791,-0.84377,-0.82,1.08,0.19,-0.52833,-0.08654,-0.03791,-0.84377,-0.85,1.07,0.09,0.338,-0.04558,-0.12966,-0.93106,-0.85,1.11,0.13,0.09631,-0.06606,-0.1295,-0.98468,-0.85,1.12,0.17,-0.33469,-0.11718,-0.10145,-0.9295,-0.84,1.11,0.19,-0.52479,-0.12214,-0.13619,-0.83134,-0.83,1.09,0.2,-0.52479,-0.12214,-0.13619,-0.83134,-0.87,1.07,0.09,0.338,-0.04558,-0.12966,-0.93106,-0.87,1.1,0.13,0.15183,-0.0459,-0.18913,-0.96906,-0.87,1.12,0.17,-0.31548,-0.1473,-0.18409,-0.91918,-0.86,1.1,0.19,-0.54844,-0.21306,-0.1625,-0.79209,-0.85,1.08,0.2,-0.54844,-0.21306,-0.1625,-0.79209,-0.88,1.07,0.09,0.28252,0.01419,-0.36488,-0.88704,-0.89,1.09,0.13,0.19579,-0.04306,-0.26731,-0.94253,-0.89,1.1,0.16,-0.24395,-0.14946,-0.29403,-0.91198,-0.88,1.09,0.17,-0.46137,-0.26499,-0.25393,-0.80774,-0.86,1.08,0.18,-0.46137,-0.26499,-0.25393,-0.80774,-0.71,1.1,0.11,-0.39328,-0.1745,-0.10265,0.89685,-0.69,1.06,0.07,-0.39328,-0.1745,-0.10265,0.89685,-0.73,1.07,0.09,-0.44627,-0.22167,0.61871,0.60737,-0.75,1.08,0.11,-0.26816,-0.04959,0.58446,0.76423,-0.77,1.09,0.14,-0.14158,0.0097,0.65675,0.74063,-0.77,1.1,0.16,-0.14158,0.0097,0.65675,0.74063,-0.72,1.08,0.09,-0.39328,-0.1745,-0.10265,0.89685,-0.73,1.12,0.13,-0.18737,-0.20237,-0.01125,0.96115,-0.75,1.14,0.16,0.15537,-0.2009,0.03345,0.96663,-0.76,1.13,0.18,0.29732,-0.16857,0.0496,0.93847,-0.76,1.12,0.19,0.29732,-0.16857,0.0496,0.93847,-0.7,1.08,0.1,-0.39328,-0.1745,-0.10265,0.89685,-0.71,1.12,0.13,-0.18754,-0.17863,-0.0811,0.96247,-0.73,1.14,0.17,0.17538,-0.19826,-0.02336,0.96405,-0.74,1.13,0.19,0.35678,-0.19527,-0.04699,0.91234,-0.75,1.12,0.21,0.35678,-0.19527,-0.04699,0.91234,-0.68,1.08,0.1,-0.39328,-0.1745,-0.10265,0.89685,-0.69,1.12,0.14,-0.22971,-0.14966,-0.15486,0.94913,-0.7,1.13,0.17,0.21458,-0.22315,-0.10965,0.94453,-0.72,1.12,0.19,0.4664,-0.26865,-0.06676,0.84014,-0.73,1.11,0.2,0.4664,-0.26865,-0.06676,0.84014,-0.68,1.07,0.11,-0.31376,-0.12636,-0.33705,0.87863,-0.68,1.1,0.14,-0.31234,-0.1072,-0.25134,0.90983,-0.68,1.12,0.16,0.21615,-0.23102,-0.23535,0.91898,-0.69,1.12,0.18,0.4912,-0.33755,-0.15569,0.78775,-0.71,1.1,0.19,0.4912,-0.33755,-0.15569,0.78775,-0.81,1.08,0.19
-0.78,1.45,-0.16,-0.78,1.45,-0.16,-0.85,1.09,0.11,0.29904,-0.05556,-0.10437,-0.94689,-0.86,1.06,0.06,0.29904,-0.05556,-0.10437,-0.94689,-0.82,1.07,0.09,0.39811,-0.18784,0.54592,-0.71288,-0.8,1.08,0.11,0.16471,-0.01208,0.50167,-0.84915,-0.79,1.09,0.14,0.07002,-0.00441,0.57564,-0.81469,-0.79,1.09,0.16,0.07002,-0.00441,0.57564,-0.81469,-0.83,1.07,0.09,0.29904,-0.05556,-0.10437,-0.94689,-0.83,1.11,0.13,0.09712,-0.10452,-0.03639,-0.9891,-0.82,1.12,0.17,-0.23329,-0.11477,-0.02599,-0.96526,-0.81,1.11,0.19,-0.39896,-0.09151,-0.01691,-0.91223,-0.81,1.09,0.21,-0.39896,-0.09151,-0.01691,-0.91223,-0.85,1.07,0.09,0.29904,-0.05556,-0.10437,-0.94689,-0.85,1.11,0.14,0.16799,-0.05572,-0.1104,-0.978,-0.85,1.12,0.17,-0.21504,-0.0957,-0.09364,-0.96738,-0.84,1.11,0.2,-0.40903,-0.10683,-0.13448,-0.89621,-0.83,1.1,0.22,-0.40903,-0.10683,-0.13448,-0.89621,-0.87,1.07,0.09,0.29904,-0.05556,-0.10437,-0.94689,-0.87,1.1,0.14,0.21765,-0.0245,-0.16877,-0.96101,-0.87,1.12,0.17,-0.21872,-0.11537,-0.17834,-0.95239,-0.86,1.11,0.19,-0.45872,-0.18265,-0.164,-0.854,-0.85,1.09,0.21,-0.45872,-0.18265,-0.164,-0.854,-0.87,1.07,0.09,0.246,0.01528,-0.33803,-0.90829,-0.88,1.09,0.13,0.21642,-0.01474,-0.24357,-0.94531,-0.88,1.1,0.16,-0.19821,-0.10747,-0.28765,-0.93082,-0.88,1.09,0.18,-0.41595,-0.2218,-0.25811,-0.84331,-0.87,1.08,0.19,-0.41595,-0.2218,-0.25811,-0.84331,-0.71,1.09,0.12,-0.34897,-0.19865,-0.08752,0.91165,-0.69,1.05,0.07,-0.34897,-0.19865,-0.08752,0.91165,-0.73,1.07,0.09,-0.44276,-0.26295,0.60496,0.60732,-0.76,1.07,0.11,-0.2587,-0.09089,0.58332,0.76456,-0.77,1.08,0.14,-0.14078,-0.03661,0.6607,0.73642,-0.78,1.09,0.16,-0.14078,-0.03661,0.6607,0.73642,-0.72,1.07,0.09,-0.34897,-0.19865,-0.08752,0.91165,-0.74,1.11,0.13,-0.13108,-0.22139,0.00906,0.96629,-0.75,1.12,0.16,0.22206,-0.20972,0.06132,0.95024,-0.76,1.11,0.18,0.35994,-0.17251,0.08019,0.91337,-0.77,1.1,0.2,0.35994,-0.17251,0.08019,0.91337,-0.7,1.07,0.1,-0.34897,-0.19865,-0.08752,0.91165,-0.72,1.12,0.14,-0.15107,-0.1952,-0.06391,0.96695,-0.73,1.13,0.17,0.23367,-0.20698,0.00343,0.95002,-0.74,1.12,0.19,0.403,-0.19562,-0.01979,0.89383,-0.75,1.1,0.21,0.403,-0.19562,-0.01979,0.89383,-0.69,1.07,0.1,-0.34897,-0.19865,-0.08752,0.91165,-0.7,1.11,0.14,-0.18028,-0.16803,-0.13337,0.95994,-0.71,1.12,0.17,0.28455,-0.2299,-0.07892,0.92734,-0.72,1.11,0.19,0.51787,-0.26499,-0.0401,0.8124,-0.73,1.09,0.2,0.51787,-0.26499,-0.0401,0.8124,-0.68,1.07,0.11,-0.26771,-0.13821,-0.3188,0.89866,-0.68,1.09,0.15,-0.26917,-0.12892,-0.22963,0.92639,-0.69,1.11,0.17,0.24868,-0.23167,-0.20917,0.91692,-0.7,1.1,0.18,0.49098,-0.32511,-0.14372,0.79535,-0.71,1.09,0.19,0.49098,-0.32511,-0.14372,0.79535,-0.81,1.08,0.19
-0.78,1.45,-0.16,-0.78,1.45,-0.16,-0.84,1.09,0.12,0.24546,-0.07943,-0.08324,-0.96255,-0.86,1.06,0.06,0.24546,-0.07943,-0.08324,-0.96255,-0.82,1.07,0.09,0.39258,-0.2507,0.52121,-0.7151,-0.79,1.08,0.11,0.15876,-0.08231,0.4967,-0.8493,-0.79,1.08,0.14,0.09112,-0.08969,0.57561,-0.80767,-0.78,1.08,0.16,0.09112,-0.08969,0.57561,-0.80767,-0.83,1.07,0.09,0.24546,-0.07943,-0.08324,-0.96255,-0.82,1.1,0.14,0.07451,-0.14745,-0.0087,-0.98622,-0.81,1.11,0.17,-0.18375,-0.14633,0.00329,-0.97201,-0.8,1.1,0.2,-0.32714,-0.1184,0.01255,-0.93745,-0.8,1.09,0.21,-0.32714,-0.1184,0.01255,-0.93745,-0.85,1.07,0.09,0.24546,-0.07943,-0.08324,-0.96255,-0.84,1.1,0.14,0.1862,-0.06791,-0.09169,-0.97586,-0.84,1.12,0.18,-0.15633,-0.09705,-0.07576,-0.98,-0.83,1.11,0.2,-0.33612,-0.1067,-0.11737,-0.92837,-0.83,1.1,0.22,-0.33612,-0.1067,-0.11737,-0.92837,-0.86,1.07,0.09,0.24546,-0.07943,-0.08324,-0.96255,-0.86,1.09,0.14,0.23978,-0.02805,-0.14799,-0.95907,-0.86,1.11,0.17,-0.16193,-0.10461,-0.16099,-0.96794,-0.86,1.1,0.2,-0.39264,-0.16704,-0.15045,-0.89179,-0.85,1.09,0.21,-0.39264,-0.16704,-0.15045,-0.89179,-0.87,1.06,0.1,0.19187,0.00585,-0.31286,-0.9302,-0.88,1.08,0.14,0.22274,-0.00481,-0.21822,-0.95013,-0.88,1.09,0.16,-0.14797,-0.07586,-0.27107,-0.94809,-0.88,1.09,0.18,-0.35565,-0.18331,-0.25058,-0.88154,-0.87,1.08,0.2,-0.35565,-0.18331,-0.25058,-0.88154,-0.71,1.09,0.12,-0.33728,-0.20445,-0.08201,0.91527,-0.69,1.05,0.07,-0.33728,-0.20445,-0.08201,0.91527,-0.73,1.06,0.09,-0.44636,-0.2693,0.59728,0.60951,-0.75,1.07,0.11,-0.25695,-0.09637,0.57815,0.76839,-0.77,1.08,0.14,-0.13853,-0.04234,0.65646,0.74033,-0.78,1.08,0.16,-0.13853,-0.04234,0.65646,0.74033,-0.72,1.07,0.09,-0.33728,-0.20445,-0.08201,0.91527,-0.74,1.11,0.13,-0.11556,-0.2233,0.0147,0.96776,-0.75,1.12,0.16,0.27336,-0.2064,0.07526,0.93649,-0.76,1.1,0.18,0.42045,-0.16545,0.09746,0.88676,-0.77,1.09,0.19,0.42045,-0.16545,0.09746,0.88676,-0.7,1.07,0.1,-0.33728,-0.20445,-0.08201,0.91527,-0.72,1.11,0.14,-0.12909,-0.19924,-0.05553,0.96982,-0.73,1.12,0.17,0.29897,-0.20638,0.02224,0.93141,-0.74,1.11,0.19,0.47655,-0.18718,0.00073,0.85899,-0.75,1.09,0.21,0.47655,-0.18718,0.00073,0.85899,-0.69,1.07,0.11,-0.33728,-0.20445,-0.08201,0.91527,-0.7,1.1,0.14,-0.15335,-0.1742,-0.12346,0.96483,-0.71,1.12,0.18,0.34417,-0.23184,-0.06026,0.90784,-0.72,1.1,0.19,0.57986,-0.26017,-0.02075,0.77178,-0.73,1.08,0.2,0.57986,-0.26017,-0.02075,0.77178,-0.68,1.07,0.11,-0.2559,-0.1408,-0.31248,0.90391,-0.68,1.09,0.15,-0.25397,-0.13336,-0.22264,0.93174,-0.69,1.11,0.17,0.28383,-0.23457,-0.1971,0.90861,-0.7,1.1,0.19,0.53168,-0.32531,-0.12975,0.77114,-0.71,1.08,0.19,0.53168,-0.32531,-0.12975,0.77114,-0.81,1.08,0.19
-0.78,1.45,-0.16,-0.78,1.45,-0.16,-0.84,1.09,0.11,0.23308,-0.10517,-0.09965,-0.9616,-0.86,1.06,0.06,0.23308,-0.10517,-0.09965,-0.9616,-0.82,1.07,0.09,0.41821,-0.264,0.48292,-0.72263,-0.79,1.08,0.1,0.17315,-0.10544,0.46366,-0.86251,-0.78,1.09,0.13,0.10019,-0.10871,0.54631,-0.82443,-0.77,1.09,0.15,0.10019,-0.10871,0.54631,-0.82443,-0.83,1.07,0.09,0.23308,-0.10517,-0.09965,-0.9616,-0.82,1.1,0.14,0.04695,-0.18276,-0.01447,-0.98193,-0.8,1.1,0.17,-0.21414,-0.18118,0.00759,-0.95982,-0.8,1.09,0.19,-0.34776,-0.15211,0.02134,-0.92492,-0.79,1.08,0.21,-0.34776,-0.15211,0.02134,-0.92492,-0.85,1.07,0.09,0.23308,-0.10517,-0.09965,-0.9616,-0.84,1.1,0.14,0.18337,-0.0927,-0.10751,-0.97274,-0.83,1.12,0.18,-0.16757,-0.12646,-0.08102,-0.97435,-0.83,1.11,0.2,-0.3506,-0.13605,-0.11682,-0.9192,-0.82,1.09,0.22,-0.3506,-0.13605,-0.11682,-0.9192,-0.86,1.07,0.09,0.23308,-0.10517,-0.09965,-0.9616,-0.86,1.09,0.14,0.24305,-0.05127,-0.16453,-0.95458,-0.86,1.11,0.17,-0.18067,-0.13637,-0.16401,-0.96014,-0.85,1.1,0.2,-0.42005,-0.19938,-0.14437,-0.87348,-0.84,1.09,0.21,-0.42005,-0.19938,-0.14437,-0.87348,-0.87,1.06,0.1,0.17227,-0.01693,-0.32634,-0.92927,-0.87,1.08,0.14,0.23382,-0.02192,-0.23236,-0.94385,-0.88,1.09,0.17,-0.16374,-0.10548,-0.27607,-0.9412,-0.87,1.09,0.18,-0.40611,-0.22261,-0.24158,-0.85274,-0.86,1.08,0.2,-0.40611,-0.22261,-0.24158,-0.85274,-0.71,1.09,0.12,-0.35414,-0.18767,-0.09269,0.91147,-0.69,1.05,0.07,-0.35414,-0.18767,-0.09269,0.91147,-0.73,1.07,0.1,-0.45567,-0.24595,0.59084,0.6187,-0.75,1.08,0.11,-0.26259,-0.0746,0.56459,0.77893,-0.77,1.09,0.14,-0.13592,-0.0177,0.64116,0.75507,-0.77,1.09,0.16,-0.13592,-0.0177,0.64116,0.75507,-0.72,1.07,0.1,-0.35414,-0.18767,-0.09269,0.91147,-0.73,1.11,0.13,-0.12956,-0.2073,0.00016,0.96966,-0.75,1.12,0.16,0.30826,-0.19459,0.06572,0.92887,-0.76,1.11,0.18,0.47589,-0.15285,0.09152,0.86127,-0.76,1.09,0.19,0.47589,-0.15285,0.09152,0.86127,-0.7,1.07,0.1,-0.35414,-0.18767,-0.09269,0.91147,-0.71,1.12,0.14,-0.11959,-0.18812,-0.06406,0.97273,-0.73,1.13,0.17,0.34317,-0.19931,0.01713,0.91772,-0.74,1.11,0.19,0.54647,-0.1767,-0.00169,0.81862,-0.74,1.09,0.2,0.54647,-0.1767,-0.00169,0.81862,-0.68,1.07,0.11,-0.35414,-0.18767,-0.09269,0.91147,-0.7,1.11,0.14,-0.13954,-0.16573,-0.13188,0.9673,-0.71,1.12,0.18,0.39389,-0.23048,-0.06345,0.88753,-0.72,1.1,0.19,0.64903,-0.2573,-0.01799,0.71571,-0.73,1.08,0.19,0.64903,-0.2573,-0.01799,0.71571,-0.68,1.07,0.11,-0.27427,-0.12877,-0.3247,0.89597,-0.68,1.1,0.15,-0.26519,-0.11998,-0.23553,0.92726,-0.68,1.11,0.17,0.32318,-0.24207,-0.20366,0.8919,-0.69,1.1,0.18,0.59924,-0.33853,-0.12126,0.71527,-0.71,1.09,0.19,0.59924,-0.33853,-0.12126,0.71527,-0.81,1.08,0.19
-0.78,1.45,-0.16,-0.78,1.45,-0.16,-0.84,1.09,0.11,0.24448,-0.09865,-0.12604,-0.95635,-0.86,1.06,0.06,0.24448,-0.09865,-0.12604,-0.95635,-0.82,1.07,0.09,0.4333,-0.24255,0.46279,-0.73433,-0.8,1.08,0.1,0.1781,-0.08859,0.4376,-0.87689,-0.79,1.09,0.13,0.08364,-0.08157,0.5212,-0.8454,-0.78,1.09,0.16,0.08364,-0.08157,0.5212,-0.8454,-0.83,1.07,0.09,0.24448,-0.09865,-0.12604,-0.95635,-0.82,1.11,0.14,0.03175,-0.17973,-0.03568,-0.98256,-0.81,1.11,0.17,-0.25302,-0.18366,-0.00898,-0.94983,-0.8,1.1,0.19,-0.39428,-0.15644,0.00811,-0.90554,-0.79,1.08,0.21,-0.39428,-0.15644,0.00811,-0.90554,-0.85,1.07,0.09,0.24448,-0.09865,-0.12604,-0.95635,-0.84,1.1,0.14,0.18747,-0.08803,-0.13385,-0.96912,-0.84,1.12,0.18,-0.17002,-0.13214,-0.10627,-0.97074,-0.83,1.11,0.2,-0.36019,-0.14696,-0.13986,-0.91055,-0.82,1.1,0.22,-0.36019,-0.14696,-0.13986,-0.91055,-0.86,1.07,0.09,0.24448,-0.09865,-0.12604,-0.95635,-0.86,1.09,0.14,0.24876,-0.04777,-0.19059,-0.94843,-0.86,1.11,0.17,-0.20689,-0.15087,-0.18424,-0.94894,-0.85,1.1,0.2,-0.46511,-0.22114,-0.15663,-0.84276,-0.84,1.09,0.21,-0.46511,-0.22114,-0.15663,-0.84276,-0.87,1.06,0.1,0.18104,-0.01421,-0.35252,-0.91802,-0.88,1.08,0.14,0.24912,-0.01832,-0.25834,-0.9332,-0.88,1.09,0.17,-0.21032,-0.13371,-0.29527,-0.92234,-0.87,1.09,0.18,-0.49879,-0.2692,-0.23941,-0.7883,-0.86,1.07,0.19,-0.49879,-0.2692,-0.23941,-0.7883,-0.7,1.09,0.12,-0.35096,-0.175,-0.09942,0.9145,-0.69,1.05,0.07,-0.35096,-0.175,-0.09942,0.9145,-0.73,1.07,0.1,-0.44876,-0.24337,0.58692,0.62842,-0.75,1.08,0.11,-0.25267,-0.07186,0.55972,0.78594,-0.76,1.09,0.14,-0.12151,-0.0137,0.63583,0.76208,-0.77,1.09,0.16,-0.12151,-0.0137,0.63583,0.76208,-0.71,1.07,0.1,-0.35096,-0.175,-0.09942,0.9145,-0.73,1.11,0.13,-0.1208,-0.19655,-0.00855,0.97299,-0.75,1.12,0.17,0.32182,-0.1882,0.05402,0.92633,-0.75,1.11,0.18,0.4954,-0.14803,0.08048,0.85217,-0.76,1.09,0.19,0.4954,-0.14803,0.08048,0.85217,-0.7,1.07,0.1,-0.35096,-0.175,-0.09942,0.9145,-0.71,1.12,0.14,-0.10999,-0.17854,-0.07201,0.97511,-0.72,1.13,0.18,0.34883,-0.19436,0.00482,0.9168,-0.73,1.11,0.19,0.55325,-0.1741,-0.01454,0.81449,-0.74,1.09,0.2,0.55325,-0.1741,-0.01454,0.81449,-0.68,1.07,0.11,-0.35096,-0.175,-0.09942,0.9145,-0.69,1.11,0.14,-0.12907,-0.15618,-0.13939,0.96929,-0.7,1.12,0.18,0.40078,-0.22569,-0.07567,0.88471,-0.72,1.1,0.19,0.65706,-0.25621,-0.03046,0.70831,-0.72,1.08,0.19,0.65706,-0.25621,-0.03046,0.70831,-0.68,1.07,0.11,-0.27281,-0.11554,-0.33163,0.89568,-0.68,1.09,0.15,-0.26226,-0.10637,-0.24305,0.92781,-0.68,1.11,0.17,0.33057,-0.23624,-0.21632,0.88776,-0.69,1.1,0.19,0.60916,-0.33796,-0.13339,0.70492,-0.7,1.08,0.19,0.60916,-0.33796,-0.13339,0.70492,-0.81,1.08,0.19
-0.79,1.45,-0.16,-0.79,1.45,-0.16,-0.85,1.09,0.11,0.26042,-0.09215,-0.14524,-0.95005,-0.86,1.06,0.06,0.26042,-0.09215,-0.14524,-0.95005,-0.82,1.07,0.09,0.44417,-0.22474,0.45499,-0.73837,-0.8,1.09,0.1,0.18521,-0.07342,0.42432,-0.88332,-0.79,1.1,0.13,0.07896,-0.06128,0.50751,-0.85583,-0.78,1.1,0.16,0.07896,-0.06128,0.50751,-0.85583,-0.83,1.08,0.09,0.26042,-0.09215,-0.14524,-0.95005,-0.82,1.11,0.14,0.02861,-0.17309,-0.05298,-0.98306,-0.81,1.11,0.17,-0.27753,-0.18271,-0.02327,-0.9429,-0.8,1.1,0.19,-0.431,-0.15757,-0.00285,-0.88848,-0.8,1.08,0.2,-0.431,-0.15757,-0.00285,-0.88848,-0.85,1.07,0.09,0.26042,-0.09215,-0.14524,-0.95005,-0.85,1.11,0.14,0.18233,-0.08601,-0.15174,-0.96764,-0.84,1.12,0.18,-0.1699,-0.13597,-0.1243,-0.96809,-0.83,1.12,0.2,-0.35853,-0.15401,-0.1567,-0.90729,-0.82,1.1,0.22,-0.35853,-0.15401,-0.1567,-0.90729,-0.87,1.07,0.09,0.26042,-0.09215,-0.14524,-0.95005,-0.86,1.1,0.14,0.25049,-0.04757,-0.20904,-0.94408,-0.86,1.12,0.17,-0.20252,-0.15892,-0.20065,-0.94523,-0.85,1.11,0.2,-0.46199,-0.23387,-0.16939,-0.83856,-0.84,1.09,0.21,-0.46199,-0.23387,-0.16939,-0.83856,-0.87,1.07,0.1,0.19524,-0.01245,-0.37215,-0.90732,-0.88,1.08,0.14,0.26458,-0.01815,-0.27745,-0.92341,-0.88,1.1,0.16,-0.21279,-0.15023,-0.30957,-0.91451,-0.87,1.09,0.18,-0.51038,-0.29279,-0.24323,-0.77112,-0.86,1.08,0.19,-0.51038,-0.29279,-0.24323,-0.77112,-0.7,1.09,0.12,-0.34951,-0.17167,-0.11129,0.91432,-0.69,1.05,0.07,-0.34951,-0.17167,-0.11129,0.91432,-0.72,1.07,0.1,-0.44515,-0.24587,0.58242,0.63418,-0.75,1.08,0.11,-0.24739,-0.07515,0.55581,0.79008,-0.76,1.09,0.14,-0.11375,-0.01611,0.63233,0.76613,-0.77,1.09,0.16,-0.11375,-0.01611,0.63233,0.76613,-0.71,1.07,0.1,-0.34951,-0.17167,-0.11129,0.91432,-0.73,1.11,0.13,-0.104,-0.19624,-0.0175,0.97487,-0.74,1.12,0.17,0.34179,-0.19122,0.04657,0.91894,-0.75,1.11,0.18,0.51635,-0.15204,0.07484,0.83944,-0.76,1.09,0.19,0.51635,-0.15204,0.07484,0.83944,-0.7,1.07,0.1,-0.34951,-0.17167,-0.11129,0.91432,-0.71,1.12,0.14,-0.0985,-0.17972,-0.08199,0.97533,-0.72,1.13,0.18,0.35296,-0.19978,-0.00489,0.91405,-0.73,1.11,0.19,0.55375,-0.18134,-0.02305,0.81237,-0.74,1.09,0.2,0.55375,-0.18134,-0.02305,0.81237,-0.68,1.07,0.11,-0.34951,-0.17167,-0.11129,0.91432,-0.69,1.11,0.14,-0.11854,-0.158,-0.14932,0.96886,-0.7,1.12,0.18,0.40259,-0.23141,-0.08495,0.88156,-0.71,1.1,0.19,0.65504,-0.26443,-0.03826,0.70678,-0.72,1.08,0.19,0.65504,-0.26443,-0.03826,0.70678,-0.68,1.07,0.11,-0.27044,-0.11226,-0.34294,0.89255,-0.68,1.09,0.15,-0.25773,-0.10435,-0.25451,0.92624,-0.68,1.11,0.17,0.33406,-0.24099,-0.22647,0.88263,-0.69,1.1,0.18,0.60923,-0.34558,-0.1418,0.69951,-0.7,1.08,0.19,0.60923,-0.34558,-0.1418,0.69951,-0.81,1.08,0.19
-0.79,1.45,-0.16,-0.79,1.45,-0.16,-0.85,1.09,0.11,0.27415,-0.08808,-0.15947,-0.94427,-0.86,1.06,0.06,0.27415,-0.08808,-0.15947,-0.94427,-0.82,1.07,0.09,0.44957,-0.21092,0.45423,-0.73964,-0.8,1.09,0.1,0.18957,-0.06031,0.4191,-0.88588,-0.79,1.1,0.13,0.07619,-0.04513,0.50127,-0.86075,-0.79,1.1,0.16,0.07619,-0.04513,0.50127,-0.86075,-0.83,1.08,0.09,0.27415,-0.08808,-0.15947,-0.94427,-0.83,1.11,0.14,0.03149,-0.16781,-0.06723,-0.98302,-0.82,1.11,0.17,-0.28498,-0.18253,-0.03642,-0.94029,-0.81,1.1,0.19,-0.44419,-0.15963,-0.01442,-0.88148,-0.8,1.09,0.2,-0.44419,-0.15963,-0.01442,-0.88148,-0.85,1.07,0.09,0.27415,-0.08808,-0.15947,-0.94427,-0.85,1.11,0.14,0.18031,-0.08671,-0.16474,-0.96583,-0.84,1.13,0.18,-0.15627,-0.13906,-0.13833,-0.96804,-0.84,1.12,0.2,-0.33305,-0.15874,-0.17068,-0.91364,-0.83,1.11,0.22,-0.33305,-0.15874,-0.17068,-0.91364,-0.87,1.07,0.09,0.27415,-0.08808,-0.15947,-0.94427,-0.87,1.1,0.14,0.24778,-0.05148,-0.22204,-0.94162,-0.87,1.12,0.17,-0.19558,-0.16634,-0.21168,-0.94301,-0.86,1.11,0.2,-0.44907,-0.24328,-0.17872,-0.84096,-0.84,1.09,0.21,-0.44907,-0.24328,-0.17872,-0.84096,-0.87,1.07,0.1,0.20749,-0.01242,-0.38674,-0.89846,-0.88,1.08,0.14,0.27803,-0.01882,-0.29165,-0.91503,-0.88,1.1,0.16,-0.20299,-0.16064,-0.32059,-0.91116,-0.88,1.09,0.18,-0.49702,-0.30555,-0.25021,-0.77266,-0.86,1.08,0.19,-0.49702,-0.30555,-0.25021,-0.77266,-0.7,1.09,0.12,-0.35201,-0.1711,-0.12433,0.91178,-0.68,1.05,0.07,-0.35201,-0.1711,-0.12433,0.91178,-0.72,1.07,0.09,-0.4454,-0.24443,0.57805,0.63853,-0.75,1.08,0.11,-0.24821,-0.07625,0.55056,0.79339,-0.76,1.09,0.14,-0.11336,-0.01714,0.62754,0.7701,-0.77,1.09,0.16,-0.11336,-0.01714,0.62754,0.7701,-0.71,1.07,0.09,-0.35201,-0.1711,-0.12433,0.91178,-0.73,1.12,0.13,-0.08605,-0.19802,-0.02635,0.97606,-0.74,1.12,0.16,0.37444,-0.19556,0.04279,0.90539,-0.75,1.11,0.18,0.55118,-0.15638,0.07406,0.81625,-0.75,1.09,0.19,0.55118,-0.15638,0.07406,0.81625,-0.7,1.07,0.1,-0.35201,-0.1711,-0.12433,0.91178,-0.71,1.12,0.14,-0.07101,-0.18597,-0.08849,0.97598,-0.72,1.12,0.17,0.37838,-0.20794,-0.0078,0.90196,-0.73,1.11,0.19,0.57458,-0.18826,-0.02383,0.79615,-0.74,1.08,0.2,0.57458,-0.18826,-0.02383,0.79615,-0.68,1.07,0.1,-0.35201,-0.1711,-0.12433,0.91178,-0.69,1.11,0.14,-0.09107,-0.16768,-0.15545,0.96924,-0.7,1.12,0.18,0.42306,-0.2414,-0.08654,0.86906,-0.71,1.1,0.19,0.66893,-0.27371,-0.03765,0.69007,-0.73,1.08,0.19,0.66893,-0.27371,-0.03765,0.69007,-0.68,1.07,0.11,-0.27119,-0.11283,-0.3554,0.88736,-0.68,1.09,0.14,-0.2456,-0.11062,-0.26597,0.92558,-0.68,1.11,0.17,0.34945,-0.25297,-0.23074,0.87215,-0.69,1.1,0.18,0.6201,-0.35788,-0.1422,0.68351,-0.7,1.08,0.18,0.6201,-0.35788,-0.1422,0.68351,-0.81,1.08,0.19
-0.79,1.45,-0.16,-0.79,1.45,-0.16,-0.85,1.1,0.11,0.31349,-0.0765,-0.18213,-0.92882,-0.86,1.06,0.06,0.31349,-0.0765,-0.18213,-0.92882,-0.82,1.08,0.09,0.46381,-0.17479,0.46032,-0.7365,-0.8,1.09,0.1,0.20633,-0.02514,0.41307,-0.88666,-0.8,1.11,0.13,0.08984,-0.00947,0.49243,-0.86565,-0.79,1.11,0.15,0.08984,-0.00947,0.49243,-0.86565,-0.84,1.08,0.09,0.31349,-0.0765,-0.18213,-0.92882,-0.83,1.12,0.13,0.07273,-0.15681,-0.09217,-0.98062,-0.82,1.12,0.17,-0.24446,-0.18103,-0.06348,-0.95049,-0.81,1.11,0.18,-0.40348,-0.16302,-0.04307,-0.89932,-0.81,1.1,0.2,-0.40348,-0.16302,-0.04307,-0.89932,-0.85,1.08,0.09,0.31349,-0.0765,-0.18213,-0.92882,-0.85,1.11,0.13,0.20621,-0.08281,-0.18691,-0.95691,-0.85,1.13,0.17,-0.12664,-0.14281,-0.16073,-0.96837,-0.84,1.13,0.2,-0.28939,-0.16564,-0.19303,-0.9228,-0.83,1.12,0.22,-0.28939,-0.16564,-0.19303,-0.9228,-0.87,1.07,0.09,0.31349,-0.0765,-0.18213,-0.92882,-0.87,1.1,0.13,0.26471,-0.05139,-0.24411,-0.9315,-0.87,1.12,0.17,-0.16724,-0.1746,-0.23223,-0.94213,-0.86,1.12,0.19,-0.40599,-0.25456,-0.19859,-0.85495,-0.85,1.1,0.2,-0.40599,-0.25456,-0.19859,-0.85495,-0.87,1.07,0.1,0.24506,-0.01194,-0.4112,-0.8779,-0.88,1.09,0.13,0.30317,-0.02179,-0.3153,-0.899,-0.89,1.1,0.16,-0.16805,-0.17464,-0.33995,-0.90868,-0.88,1.1,0.18,-0.44351,-0.31948,-0.26856,-0.79316,-0.86,1.09,0.19,-0.44351,-0.31948,-0.26856,-0.79316,-0.7,1.1,0.12,-0.36664,-0.16236,-0.11231,0.90918,-0.69,1.06,0.07,-0.36664,-0.16236,-0.11231,0.90918,-0.72,1.07,0.09,-0.4484,-0.22378,0.58886,0.63412,-0.75,1.08,0.11,-0.26294,-0.06008,0.554,0.78762,-0.76,1.09,0.14,-0.13061,-0.00199,0.62921,0.76618,-0.77,1.1,0.16,-0.13061,-0.00199,0.62921,0.76618,-0.71,1.08,0.09,-0.36664,-0.16236,-0.11231,0.90918,-0.73,1.12,0.13,-0.1031,-0.18697,-0.01677,0.9768,-0.74,1.13,0.16,0.36098,-0.18171,0.04666,0.91351,-0.75,1.11,0.18,0.53892,-0.14213,0.07455,0.82692,-0.75,1.09,0.19,0.53892,-0.14213,0.07455,0.82692,-0.7,1.07,0.1,-0.36664,-0.16236,-0.11231,0.90918,-0.71,1.12,0.13,-0.03425,-0.18204,-0.067,0.98041,-0.72,1.12,0.17,0.41573,-0.19425,0.01007,0.88844,-0.73,1.1,0.19,0.61576,-0.16806,-0.00782,0.76976,-0.74,1.08,0.19,0.61576,-0.16806,-0.00782,0.76976,-0.68,1.07,0.1,-0.36664,-0.16236,-0.11231,0.90918,-0.69,1.11,0.14,-0.09067,-0.15829,-0.1449,0.97248,-0.7,1.12,0.17,0.42815,-0.22825,-0.08164,0.87059,-0.71,1.1,0.19,0.68139,-0.25949,-0.03504,0.68348,-0.72,1.08,0.19,0.68139,-0.25949,-0.03504,0.68348,-0.67,1.07,0.11,-0.2889,-0.10754,-0.34543,0.88637,-0.67,1.1,0.14,-0.31177,-0.073,-0.26345,0.90998,-0.67,1.11,0.17,0.29977,-0.23084,-0.24664,0.8922,-0.68,1.11,0.18,0.59112,-0.34557,-0.1577,0.71154,-0.7,1.09,0.18,0.59112,-0.34557,-0.1577,0.71154,-0.81,1.08,0.19
-0.79,1.45,-0.16,-0.79,1.45,-0.16,-0.85,1.09,0.11,0.31299,-0.0779,-0.17529,-0.93019,-0.86,1.06,0.06,0.31299,-0.0779,-0.17529,-0.93019,-0.82,1.08,0.09,0.45499,-0.1766,0.47349,-0.73321,-0.8,1.09,0.1,0.19667,-0.02068,0.42694,-0.88239,-0.8,1.1,0.13,0.07802,-0.00316,0.50473,-0.85974,-0.79,1.11,0.16,0.07802,-0.00316,0.50473,-0.85974,-0.84,1.08,0.09,0.31299,-0.0779,-0.17529,-0.93019,-0.83,1.12,0.13,0.07258,-0.15369,-0.08706,-0.9816,-0.82,1.12,0.17,-0.24655,-0.17656,-0.05933,-0.95106,-0.81,1.11,0.18,-0.40436,-0.15782,-0.0399,-0.9,-0.81,1.1,0.2,-0.40436,-0.15782,-0.0399,-0.9,-0.85,1.07,0.09,0.31299,-0.0779,-0.17529,-0.93019,-0.85,1.11,0.13,0.19029,-0.08787,-0.17783,-0.96148,-0.85,1.13,0.17,-0.14759,-0.14502,-0.14989,-0.96681,-0.84,1.12,0.2,-0.31061,-0.16491,-0.182,-0.91826,-0.83,1.11,0.21,-0.31061,-0.16491,-0.182,-0.91826,-0.87,1.07,0.09,0.31299,-0.0779,-0.17529,-0.93019,-0.87,1.1,0.13,0.25125,-0.05703,-0.23599,-0.93698,-0.87,1.12,0.17,-0.18124,-0.17545,-0.22299,-0.94162,-0.86,1.11,0.19,-0.4166,-0.25214,-0.19052,-0.85239,-0.85,1.1,0.2,-0.4166,-0.25214,-0.19052,-0.85239,-0.87,1.07,0.1,0.24522,-0.01288,-0.40476,-0.88083,-0.88,1.09,0.13,0.29106,-0.03164,-0.30804,-0.9052,-0.89,1.1,0.16,-0.17095,-0.17485,-0.33082,-0.91146,-0.88,1.1,0.18,-0.43427,-0.31282,-0.26458,-0.80221,-0.86,1.09,0.19,-0.43427,-0.31282,-0.26458,-0.80221,-0.71,1.09,0.12,-0.32639,-0.14773,-0.06537,0.93133,-0.69,1.06,0.07,-0.32639,-0.14773,-0.06537,0.93133,-0.73,1.07,0.1,-0.41379,-0.24205,0.60548,0.63528,-0.75,1.07,0.11,-0.23732,-0.07668,0.57499,0.77923,-0.77,1.08,0.14,-0.12785,-0.03512,0.65128,0.74716,-0.77,1.09,0.17,-0.12785,-0.03512,0.65128,0.74716,-0.72,1.07,0.1,-0.32639,-0.14773,-0.06537,0.93133,-0.73,1.11,0.14,-0.08753,-0.17409,0.02545,0.9805,-0.75,1.12,0.17,0.30775,-0.15586,0.06655,0.93625,-0.75,1.1,0.19,0.47607,-0.11449,0.08506,0.86777,-0.75,1.08,0.2,0.47607,-0.11449,0.08506,0.86777,-0.7,1.07,0.1,-0.32639,-0.14773,-0.06537,0.93133,-0.71,1.11,0.14,-0.05265,-0.15271,-0.03533,0.98624,-0.72,1.12,0.18,0.3258,-0.15561,0.01233,0.93246,-0.73,1.1,0.2,0.52135,-0.13677,-0.0172,0.84214,-0.74,1.08,0.21,0.52135,-0.13677,-0.0172,0.84214,-0.68,1.07,0.1,-0.32639,-0.14773,-0.06537,0.93133,-0.69,1.1,0.14,-0.16968,-0.11129,-0.12023,0.97179,-0.7,1.12,0.18,0.30771,-0.17417,-0.09213,0.93086,-0.71,1.1,0.2,0.57239,-0.21528,-0.06198,0.78878,-0.72,1.08,0.21,0.57239,-0.21528,-0.06198,0.78878,-0.68,1.07,0.11,-0.25915,-0.08108,-0.29921,0.91474,-0.68,1.09,0.15,-0.37918,-0.00204,-0.21635,0.89967,-0.67,1.11,0.17,0.19653,-0.14229,-0.25507,0.93599,-0.68,1.11,0.18,0.5089,-0.26763,-0.19342,0.79498,-0.69,1.09,0.19,0.5089,-0.26763,-0.19342,0.79498,-0.81,1.08,0.19
-0.79,1.45,-0.16,-0.79,1.45,-0.16,-0.85,1.09,0.11,0.30929,-0.08124,-0.15973,-0.93393,-0.86,1.06,0.06,0.30929,-0.08124,-0.15973,-0.93393,-0.82,1.07,0.09,0.44599,-0.1812,0.48908,-0.72736,-0.8,1.09,0.1,0.17974,-0.01396,0.44487,-0.87726,-0.79,1.1,0.13,0.0549,0.00768,0.51996,-0.85239,-0.79,1.1,0.16,0.0549,0.00768,0.51996,-0.85239,-0.83,1.08,0.09,0.30929,-0.08124,-0.15973,-0.93393,-0.83,1.11,0.13,0.06734,-0.1475,-0.07475,-0.98393,-0.82,1.12,0.17,-0.2549,-0.1668,-0.0492,-0.9512,-0.81,1.11,0.18,-0.41001,-0.14628,-0.03174,-0.89971,-0.8,1.09,0.2,-0.41001,-0.14628,-0.03174,-0.89971,-0.85,1.07,0.09,0.30929,-0.08124,-0.15973,-0.93393,-0.85,1.11,0.13,0.17503,-0.09211,-0.16036,-0.96704,-0.85,1.13,0.17,-0.18109,-0.14522,-0.12956,-0.96402,-0.84,1.12,0.2,-0.3455,-0.1601,-0.16183,-0.91039,-0.83,1.11,0.21,-0.3455,-0.1601,-0.16183,-0.91039,-0.87,1.07,0.09,0.30929,-0.08124,-0.15973,-0.93393,-0.87,1.1,0.13,0.24029,-0.06269,-0.21921,-0.94355,-0.87,1.12,0.17,-0.19504,-0.173,-0.20573,-0.94324,-0.86,1.11,0.19,-0.42747,-0.24455,-0.17563,-0.85242,-0.84,1.1,0.2,-0.42747,-0.24455,-0.17563,-0.85242,-0.87,1.07,0.09,0.24307,-0.01453,-0.3899,-0.88808,-0.88,1.09,0.13,0.27808,-0.0455,-0.29113,-0.91424,-0.88,1.1,0.16,-0.16323,-0.17021,-0.31335,-0.91989,-0.88,1.1,0.18,-0.4091,-0.2973,-0.25586,-0.82389,-0.86,1.09,0.19,-0.4091,-0.2973,-0.25586,-0.82389,-0.71,1.08,0.13,-0.24911,-0.13249,-0.03335,0.95879,-0.69,1.06,0.07,-0.24911,-0.13249,-0.03335,0.95879,-0.73,1.06,0.1,-0.3933,-0.27165,0.56937,0.66883,-0.75,1.07,0.12,-0.22603,-0.12644,0.54171,0.79967,-0.77,1.08,0.15,-0.16259,-0.12362,0.62237,0.7556,-0.78,1.08,0.17,-0.16259,-0.12362,0.62237,0.7556,-0.72,1.07,0.1,-0.24911,-0.13249,-0.03335,0.95879,-0.74,1.1,0.15,-0.03822,-0.18032,0.05545,0.9813,-0.75,1.1,0.18,0.28851,-0.15492,0.08561,0.94098,-0.75,1.09,0.2,0.43189,-0.11296,0.0993,0.8893,-0.76,1.07,0.22,0.43189,-0.11296,0.0993,0.8893,-0.7,1.07,0.1,-0.24911,-0.13249,-0.03335,0.95879,-0.71,1.1,0.15,-0.05268,-0.13044,-0.01756,0.9899,-0.73,1.11,0.19,0.28426,-0.12911,0.0146,0.9499,-0.73,1.09,0.21,0.44702,-0.11413,-0.02236,0.88693,-0.74,1.07,0.23,0.44702,-0.11413,-0.02236,0.88693,-0.69,1.07,0.11,-0.24911,-0.13249,-0.03335,0.95879,-0.7,1.09,0.15,-0.1726,-0.07737,-0.09476,0.97737,-0.7,1.11,0.19,0.28046,-0.13028,-0.08876,0.94683,-0.71,1.09,0.21,0.52121,-0.17225,-0.07523,0.83247,-0.72,1.08,0.22,0.52121,-0.17225,-0.07523,0.83247,-0.68,1.07,0.11,-0.19148,-0.04588,-0.26332,0.9444,-0.68,1.08,0.15,-0.35888,0.04624,-0.16865,0.91685,-0.67,1.1,0.17,0.16941,-0.06171,-0.24537,0.95252,-0.68,1.1,0.19,0.47949,-0.18733,-0.21412,0.83015,-0.69,1.08,0.2,0.47949,-0.18733,-0.21412,0.83015,-0.81,1.08,0.19
-0.79,1.45,-0.16,-0.79,1.45,-0.16,-0.85,1.09,0.11,0.30426,-0.08249,-0.14883,-0.93727,-0.86,1.06,0.06,0.30426,-0.08249,-0.14883,-0.93727,-0.82,1.07,0.09,0.43895,-0.18399,0.4981,-0.72482,-0.8,1.09,0.1,0.1681,-0.0099,0.45522,-0.87431,-0.79,1.1,0.13,0.0407,0.01349,0.52869,-0.84773,-0.79,1.1,0.16,0.0407,0.01349,0.52869,-0.84773,-0.83,1.08,0.09,0.30426,-0.08249,-0.14883,-0.93727,-0.83,1.11,0.13,0.06181,-0.14242,-0.0664,-0.98564,-0.82,1.12,0.17,-0.26106,-0.1592,-0.04289,-0.95114,-0.81,1.11,0.19,-0.41299,-0.13754,-0.0271,-0.89988,-0.8,1.09,0.2,-0.41299,-0.13754,-0.0271,-0.89988,-0.85,1.07,0.09,0.30426,-0.08249,-0.14883,-0.93727,-0.85,1.11,0.13,0.16986,-0.092,-0.14925,-0.96975,-0.84,1.13,0.17,-0.19268,-0.14182,-0.11841,-0.96371,-0.84,1.12,0.2,-0.35712,-0.15427,-0.15144,-0.9087,-0.83,1.1,0.21,-0.35712,-0.15427,-0.15144,-0.9087,-0.87,1.07,0.09,0.30426,-0.08249,-0.14883,-0.93727,-0.87,1.1,0.13,0.2372,-0.06327,-0.20809,-0.9468,-0.87,1.12,0.17,-0.19963,-0.16864,-0.19562,-0.94522,-0.85,1.11,0.19,-0.42906,-0.23717,-0.16785,-0.85527,-0.84,1.1,0.2,-0.42906,-0.23717,-0.16785,-0.85527,-0.87,1.06,0.09,0.23941,-0.01403,-0.37931,-0.89365,-0.88,1.08,0.13,0.27223,-0.05181,-0.27908,-0.91941,-0.88,1.1,0.16,-0.15807,-0.16594,-0.30179,-0.92542,-0.87,1.1,0.18,-0.39567,-0.28722,-0.24896,-0.83604,-0.86,1.09,0.19,-0.39567,-0.28722,-0.24896,-0.83604,-0.71,1.08,0.13,-0.23324,-0.13898,-0.04134,0.96155,-0.69,1.06,0.07,-0.23324,-0.13898,-0.04134,0.96155,-0.73,1.06,0.1,-0.41632,-0.267,0.52976,0.68902,-0.75,1.07,0.12,-0.25462,-0.14035,0.49655,0.81787,-0.77,1.08,0.14,-0.21829,-0.15612,0.57871,0.77011,-0.78,1.09,0.16,-0.21829,-0.15612,0.57871,0.77011,-0.72,1.07,0.1,-0.23324,-0.13898,-0.04134,0.96155,-0.74,1.1,0.15,-0.02535,-0.19274,0.04924,0.97969,-0.75,1.1,0.18,0.30656,-0.16779,0.08492,0.93309,-0.76,1.08,0.2,0.44691,-0.12584,0.10087,0.87992,-0.76,1.07,0.21,0.44691,-0.12584,0.10087,0.87992,-0.7,1.07,0.1,-0.23324,-0.13898,-0.04134,0.96155,-0.72,1.1,0.15,-0.0508,-0.1385,-0.02581,0.98872,-0.73,1.1,0.19,0.29757,-0.1393,0.01126,0.94442,-0.73,1.09,0.21,0.45951,-0.1239,-0.02371,0.87917,-0.74,1.07,0.23,0.45951,-0.1239,-0.02371,0.87917,-0.69,1.07,0.11,-0.23324,-0.13898,-0.04134,0.96155,-0.7,1.09,0.15,-0.16234,-0.08289,-0.1018,0.97796,-0.7,1.11,0.19,0.29708,-0.13856,-0.0919,0.94027,-0.71,1.09,0.21,0.52861,-0.18029,-0.07741,0.82588,-0.72,1.07,0.22,0.52861,-0.18029,-0.07741,0.82588,-0.68,1.07,0.11,-0.1736,-0.04864,-0.26928,0.94604,-0.68,1.08,0.15,-0.33772,0.04804,-0.17453,0.92367,-0.67,1.1,0.18,0.18925,-0.06103,-0.25154,0.9472,-0.68,1.09,0.19,0.47372,-0.18329,-0.225,0.83149,-0.69,1.08,0.21,0.47372,-0.18329,-0.225,0.83149,-0.81,1.08,0.19
-0.79,1.45,-0.16,-0.79,1.45,-0.16,-0.85,1.09,0.11,0.30676,-0.08072,-0.15167,-0.93615,-0.86,1.06,0.06,0.30676,-0.08072,-0.15167,-0.93615,-0.82,1.07,0.09,0.43824,-0.17545,0.49891,-0.72681,-0.8,1.09,0.1,0.16789,-0.00172,0.45291,-0.8756,-0.8,1.1,0.13,0.0424,0.01962,0.52581,-0.84932,-0.8,1.1,0.16,0.0424,0.01962,0.52581,-0.84932,-0.83,1.08,0.09,0.30676,-0.08072,-0.15167,-0.93615,-0.83,1.11,0.13,0.06019,-0.13785,-0.07106,-0.98607,-0.82,1.12,0.17,-0.26474,-0.15643,-0.04842,-0.95031,-0.81,1.11,0.19,-0.41536,-0.1356,-0.03311,-0.89888,-0.81,1.09,0.2,-0.41536,-0.1356,-0.03311,-0.89888,-0.85,1.07,0.09,0.30676,-0.08072,-0.15167,-0.93615,-0.85,1.11,0.13,0.17225,-0.09072,-0.15231,-0.96897,-0.84,1.13,0.17,-0.18835,-0.14153,-0.12197,-0.96417,-0.84,1.12,0.2,-0.3493,-0.15437,-0.15525,-0.91107,-0.83,1.1,0.21,-0.3493,-0.15437,-0.15525,-0.91107,-0.87,1.07,0.09,0.30676,-0.08072,-0.15167,-0.93615,-0.87,1.1,0.13,0.24198,-0.06235,-0.21092,-0.94503,-0.87,1.12,0.17,-0.19179,-0.16868,-0.19885,-0.94616,-0.86,1.11,0.19,-0.41583,-0.23726,-0.17189,-0.86096,-0.84,1.1,0.2,-0.41583,-0.23726,-0.17189,-0.86096,-0.87,1.06,0.09,0.24181,-0.01304,-0.38221,-0.89178,-0.88,1.08,0.13,0.27162,-0.05455,-0.2812,-0.91879,-0.88,1.1,0.16,-0.15344,-0.16765,-0.30317,-0.92544,-0.87,1.1,0.18,-0.38513,-0.28759,-0.25136,-0.84011,-0.86,1.09,0.19,-0.38513,-0.28759,-0.25136,-0.84011,-0.71,1.09,0.12,-0.29017,-0.18574,-0.11229,0.93204,-0.68,1.06,0.07,-0.29017,-0.18574,-0.11229,0.93204,-0.73,1.07,0.09,-0.49849,-0.25161,0.47428,0.68063,-0.75,1.08,0.1,-0.33182,-0.14331,0.43659,0.82386,-0.77,1.1,0.13,-0.28955,-0.14863,0.52513,0.78632,-0.78,1.11,0.14,-0.28955,-0.14863,0.52513,0.78632,-0.72,1.08,0.09,-0.29017,-0.18574,-0.11229,0.93204,-0.73,1.11,0.13,-0.0587,-0.25417,0.00581,0.96536,-0.75,1.11,0.17,0.35355,-0.2343,0.08618,0.90149,-0.76,1.1,0.18,0.51216,-0.18839,0.11959,0.8294,-0.77,1.08,0.19,0.51216,-0.18839,0.11959,0.8294,-0.7,1.07,0.1,-0.29017,-0.18574,-0.11229,0.93204,-0.71,1.11,0.14,-0.12026,-0.19689,-0.08932,0.96891,-0.73,1.12,0.18,0.28196,-0.21823,-0.01503,0.93416,-0.74,1.11,0.2,0.47259,-0.20652,-0.03207,0.85614,-0.75,1.09,0.21,0.47259,-0.20652,-0.03207,0.85614,-0.68,1.07,0.1,-0.29017,-0.18574,-0.11229,0.93204,-0.7,1.1,0.15,-0.20727,-0.13874,-0.17154,0.95308,-0.7,1.12,0.18,0.28455,-0.22599,-0.11931,0.92397,-0.72,1.11,0.2,0.52594,-0.27212,-0.07743,0.80208,-0.73,1.09,0.21,0.52594,-0.27212,-0.07743,0.80208,-0.68,1.07,0.11,-0.20961,-0.11113,-0.33899,0.91038,-0.68,1.09,0.15,-0.35524,0.00611,-0.25981,0.89792,-0.67,1.11,0.17,0.19382,-0.15146,-0.29757,0.92247,-0.68,1.1,0.19,0.47354,-0.28406,-0.23773,0.7991,-0.7,1.09,0.2,0.47354,-0.28406,-0.23773,0.7991,-0.81,1.08,0.19
-0.79,1.45,-0.16,-0.79,1.45,-0.16,-0.85,1.09,0.11,0.30887,-0.07825,-0.15248,-0.93553,-0.86,1.06,0.06,0.30887,-0.07825,-0.15248,-0.93553,-0.82,1.07,0.09,0.43627,-0.16687,0.50143,-0.72828,-0.8,1.09,0.1,0.16691,0.00706,0.45228,-0.87609,-0.8,1.1,0.14,0.04679,0.02439,0.52486,-0.84955,-0.8,1.1,0.16,0.04679,0.02439,0.52486,-0.84955,-0.84,1.08,0.09,0.30887,-0.07825,-0.15248,-0.93553,-0.83,1.11,0.13,0.05475,-0.13291,-0.07315,-0.98691,-0.82,1.12,0.17,-0.27344,-0.15248,-0.05146,-0.94833,-0.81,1.11,0.19,-0.42321,-0.13205,-0.03658,-0.89561,-0.81,1.09,0.2,-0.42321,-0.13205,-0.03658,-0.89561,-0.85,1.07,0.09,0.30887,-0.07825,-0.15248,-0.93553,-0.85,1.11,0.13,0.1725,-0.08869,-0.1533,-0.96896,-0.85,1.13,0.17,-0.18643,-0.13978,-0.12387,-0.96455,-0.84,1.12,0.2,-0.34273,-0.15245,-0.15773,-0.91346,-0.83,1.1,0.21,-0.34273,-0.15245,-0.15773,-0.91346,-0.87,1.07,0.09,0.30887,-0.07825,-0.15248,-0.93553,-0.87,1.1,0.13,0.24555,-0.06066,-0.21174,-0.94403,-0.87,1.12,0.17,-0.18338,-0.16667,-0.20096,-0.94774,-0.86,1.11,0.19,-0.40185,-0.23502,-0.17538,-0.86748,-0.84,1.1,0.2,-0.40185,-0.23502,-0.17538,-0.86748,-0.87,1.06,0.09,0.24427,-0.01119,-0.38321,-0.8907,-0.88,1.08,0.13,0.26832,-0.05651,-0.28148,-0.91955,-0.88,1.1,0.16,-0.15008,-0.16712,-0.30351,-0.92597,-0.88,1.1,0.18,-0.37422,-0.28505,-0.25392,-0.84512,-0.86,1.09,0.19,-0.37422,-0.28505,-0.25392,-0.84512,-0.7,1.1,0.11,-0.30281,-0.20487,-0.13862,0.92039,-0.68,1.06,0.06,-0.30281,-0.20487,-0.13862,0.92039,-0.72,1.07,0.08,-0.52058,-0.25026,0.45473,0.67793,-0.75,1.09,0.09,-0.35089,-0.14724,0.41699,0.82542,-0.76,1.1,0.12,-0.30311,-0.14764,0.5077,0.79282,-0.78,1.11,0.14,-0.30311,-0.14764,0.5077,0.79282,-0.71,1.08,0.09,-0.30281,-0.20487,-0.13862,0.92039,-0.73,1.12,0.13,-0.03182,-0.28744,0.00683,0.95724,-0.75,1.12,0.16,0.41366,-0.25879,0.11249,0.8656,-0.76,1.1,0.17,0.58519,-0.20371,0.15776,0.76888,-0.76,1.08,0.18,0.58519,-0.20371,0.15776,0.76888,-0.7,1.08,0.09,-0.30281,-0.20487,-0.13862,0.92039,-0.71,1.12,0.13,-0.15044,-0.21793,-0.11604,0.95729,-0.73,1.13,0.17,0.25958,-0.24892,-0.02831,0.93266,-0.74,1.12,0.19,0.4641,-0.24044,-0.03664,0.85174,-0.75,1.1,0.2,0.4641,-0.24044,-0.03664,0.85174,-0.68,1.07,0.1,-0.30281,-0.20487,-0.13862,0.92039,-0.69,1.11,0.14,-0.22296,-0.15709,-0.19865,0.94136,-0.7,1.12,0.17,0.27267,-0.25662,-0.13158,0.91787,-0.71,1.11,0.19,0.52305,-0.30543,-0.07742,0.79192,-0.73,1.1,0.2,0.52305,-0.30543,-0.07742,0.79192,-0.67,1.07,0.1,-0.21441,-0.13438,-0.36349,0.89657,-0.68,1.09,0.14,-0.34853,-0.00037,-0.29024,0.89123,-0.67,1.11,0.17,0.21134,-0.17786,-0.31672,0.90741,-0.68,1.11,0.18,0.48706,-0.31544,-0.24686,0.7761,-0.7,1.09,0.19,0.48706,-0.31544,-0.24686,0.7761,-0.81,1.08,0.19
