-0.78,1.46,-0.17,-0.78,1.46,-0.17,-0.86,1.1,0.11,0.32628,-0.07355,-0.18914,-0.92323,-0.86,1.06,0.06,0.32628,-0.07355,-0.18914,-0.92323,-0.83,1.08,0.09,0.43138,-0.1775,0.50029,-0.72946,-0.81,1.09,0.1,0.18224,-0.01415,0.45325,-0.87244,-0.8,1.11,0.13,0.04545,0.01638,0.52682,-0.8486,-0.8,1.11,0.16,0.04545,0.01638,0.52682,-0.8486,-0.84,1.08,0.09,0.32628,-0.07355,-0.18914,-0.92323,-0.84,1.12,0.13,-0.02998,-0.11558,-0.11672,-0.98596,-0.83,1.12,0.16,-0.41991,-0.15505,-0.087,-0.88998,-0.82,1.1,0.18,-0.57514,-0.14055,-0.06381,-0.80336,-0.82,1.08,0.19,-0.57514,-0.14055,-0.06381,-0.80336,-0.86,1.08,0.09,0.32628,-0.07355,-0.18914,-0.92323,-0.86,1.12,0.13,0.00856,-0.10978,-0.17892,-0.97768,-0.85,1.12,0.17,-0.38588,-0.17297,-0.13239,-0.89647,-0.84,1.1,0.19,-0.56815,-0.17912,-0.15366,-0.78836,-0.83,1.08,0.2,-0.56815,-0.17912,-0.15366,-0.78836,-0.87,1.07,0.09,0.32628,-0.07355,-0.18914,-0.92323,-0.88,1.11,0.13,0.0894,-0.08731,-0.2411,-0.96242,-0.87,1.12,0.17,-0.35422,-0.20208,-0.21432,-0.88756,-0.86,1.1,0.19,-0.57829,-0.27251,-0.17714,-0.74829,-0.84,1.08,0.19,-0.57829,-0.27251,-0.17714,-0.74829,-0.88,1.07,0.09,0.25717,-0.01265,-0.41869,-0.87086,-0.89,1.09,0.13,0.16211,-0.0805,-0.32041,-0.92983,-0.89,1.1,0.16,-0.28364,-0.20787,-0.32161,-0.87915,-0.88,1.09,0.18,-0.5041,-0.3316,-0.26148,-0.75336,-0.86,1.08,0.18,-0.5041,-0.3316,-0.26148,-0.75336,-0.7,1.1,0.11,-0.36947,-0.1941,-0.13945,0.89798,-0.68,1.06,0.07,-0.36947,-0.1941,-0.13945,0.89798,-0.72,1.07,0.09,-0.50179,-0.24377,0.53823,0.63174,-0.75,1.09,0.1,-0.30916,-0.09643,0.50917,0.79741,-0.76,1.1,0.13,-0.18429,-0.04398,0.59305,0.78256,-0.77,1.1,0.15,-0.18429,-0.04398,0.59305,0.78256,-0.71,1.08,0.09,-0.36947,-0.1941,-0.13945,0.89798,-0.73,1.12,0.12,-0.13418,-0.23203,-0.03446,0.96279,-0.74,1.13,0.16,0.33652,-0.23007,0.05429,0.91152,-0.75,1.12,0.17,0.51947,-0.18799,0.09229,0.82843,-0.76,1.1,0.18,0.51947,-0.18799,0.09229,0.82843,-0.69,1.08,0.09,-0.36947,-0.1941,-0.13945,0.89798,-0.7,1.12,0.13,-0.01542,-0.23856,-0.0619,0.96903,-0.72,1.13,0.17,0.38294,-0.24387,0.02797,0.89056,-0.74,1.11,0.18,0.57277,-0.21585,0.01829,0.79057,-0.74,1.08,0.19,0.57277,-0.21585,0.01829,0.79057,-0.68,1.08,0.1,-0.36947,-0.1941,-0.13945,0.89798,-0.69,1.11,0.14,-0.0997,-0.20327,-0.15805,0.96113,-0.7,1.12,0.17,0.35893,-0.26927,-0.08546,0.88958,-0.72,1.11,0.19,0.59733,-0.3021,-0.03228,0.74222,-0.73,1.09,0.19,0.59733,-0.3021,-0.03228,0.74222,-0.67,1.07,0.11,-0.28146,-0.14092,-0.3692,0.87442,-0.67,1.1,0.14,-0.31511,-0.09688,-0.29119,0.89807,-0.67,1.12,0.17,0.23092,-0.24989,-0.26853,0.90118,-0.68,1.11,0.18,0.48469,-0.36265,-0.18711,0.77366,-0.7,1.1,0.19,0.48469,-0.36265,-0.18711,0.77366,-0.81,1.08,0.19
-0.78,1.46,-0.17,-0.78,1.46,-0.17,-0.86,1.1,0.11,0.32608,-0.06215,-0.22182,-0.91684,-0.86,1.06,0.06,0.32608,-0.06215,-0.22182,-0.91684,-0.83,1.08,0.09,0.43872,-0.17561,0.47196,-0.74427,-0.81,1.1,0.1,0.19208,-0.02557,0.42362,-0.88487,-0.8,1.11,0.13,0.0573,0.00061,0.50063,-0.86376,-0.8,1.11,0.16,0.0573,0.00061,0.50063,-0.86376,-0.84,1.09,0.09,0.32608,-0.06215,-0.22182,-0.91684,-0.84,1.12,0.13,-0.02523,-0.11613,-0.15221,-0.98118,-0.83,1.12,0.17,-0.41346,-0.16968,-0.11924,-0.88659,-0.82,1.11,0.18,-0.56884,-0.16079,-0.09311,-0.80119,-0.82,1.09,0.19,-0.56884,-0.16079,-0.09311,-0.80119,-0.86,1.08,0.09,0.32608,-0.06215,-0.22182,-0.91684,-0.86,1.12,0.13,0.01835,-0.10634,-0.21532,-0.97056,-0.85,1.12,0.17,-0.37763,-0.18523,-0.16626,-0.89188,-0.84,1.11,0.19,-0.55982,-0.19846,-0.1839,-0.7832,-0.83,1.09,0.2,-0.55982,-0.19846,-0.1839,-0.7832,-0.87,1.07,0.09,0.32608,-0.06215,-0.22182,-0.91684,-0.88,1.11,0.13,0.09921,-0.07998,-0.27663,-0.95249,-0.87,1.12,0.17,-0.34048,-0.21189,-0.24873,-0.88165,-0.86,1.1,0.19,-0.55921,-0.2906,-0.20813,-0.74801,-0.84,1.09,0.2,-0.55921,-0.2906,-0.20813,-0.74801,-0.88,1.07,0.1,0.25487,-0.00307,-0.44918,-0.85631,-0.89,1.09,0.13,0.16731,-0.06947,-0.35444,-0.91736,-0.89,1.1,0.16,-0.26763,-0.21165,-0.35718,-0.86948,-0.88,1.09,0.18,-0.47155,-0.34019,-0.2989,-0.75668,-0.86,1.08,0.19,-0.47155,-0.34019,-0.2989,-0.75668,-0.7,1.1,0.11,-0.36639,-0.21068,-0.14053,0.89533,-0.68,1.06,0.07,-0.36639,-0.21068,-0.14053,0.89533,-0.72,1.07,0.09,-0.49526,-0.25316,0.54881,0.62406,-0.75,1.08,0.1,-0.30669,-0.10364,0.52241,0.78885,-0.76,1.1,0.13,-0.18093,-0.04767,0.60622,0.77297,-0.77,1.1,0.15,-0.18093,-0.04767,0.60622,0.77297,-0.71,1.08,0.09,-0.36639,-0.21068,-0.14053,0.89533,-0.73,1.12,0.12,-0.14014,-0.2438,-0.03674,0.95894,-0.74,1.13,0.15,0.30669,-0.24303,0.05175,0.9188,-0.75,1.12,0.17,0.49025,-0.20172,0.0912,0.843,-0.76,1.1,0.18,0.49025,-0.20172,0.0912,0.843,-0.69,1.08,0.09,-0.36639,-0.21068,-0.14053,0.89533,-0.71,1.12,0.13,-0.01256,-0.2488,-0.06185,0.9665,-0.73,1.13,0.17,0.37991,-0.25334,0.03086,0.88912,-0.74,1.11,0.18,0.57163,-0.22453,0.02345,0.78884,-0.75,1.08,0.19,0.57163,-0.22453,0.02345,0.78884,-0.68,1.08,0.1,-0.36639,-0.21068,-0.14053,0.89533,-0.69,1.11,0.14,-0.09459,-0.21318,-0.15857,0.95941,-0.71,1.12,0.17,0.3626,-0.27803,-0.08151,0.88576,-0.72,1.11,0.19,0.6044,-0.30909,-0.02461,0.73387,-0.73,1.09,0.19,0.6044,-0.30909,-0.02461,0.73387,-0.67,1.07,0.11,-0.27495,-0.15672,-0.36897,0.8739,-0.68,1.1,0.14,-0.3073,-0.10931,-0.29247,0.89893,-0.68,1.12,0.17,0.24611,-0.26235,-0.26112,0.89578,-0.69,1.11,0.18,0.5078,-0.37394,-0.17258,0.75666,-0.7,1.1,0.19,0.5078,-0.37394,-0.17258,0.75666,-0.81,1.08,0.19
-0.79,1.46,-0.17,-0.79,1.46,-0.17,-0.86,1.1,0.11,0.33844,-0.06698,-0.23155,-0.90959,-0.86,1.06,0.06,0.33844,-0.06698,-0.23155,-0.90959,-0.83,1.09,0.08,0.44885,-0.17933,0.47046,-0.73827,-0.81,1.1,0.1,0.20426,-0.03116,0.42328,-0.88212,-0.8,1.11,0.13,0.07207,-0.00497,0.50155,-0.86211,-0.8,1.12,0.16,0.07207,-0.00497,0.50155,-0.86211,-0.84,1.09,0.09,0.33844,-0.06698,-0.23155,-0.90959,-0.84,1.13,0.13,-0.00934,-0.12397,-0.1598,-0.97929,-0.83,1.13,0.16,-0.40783,-0.1816,-0.12104,-0.88659,-0.82,1.11,0.18,-0.56645,-0.17331,-0.09222,-0.80037,-0.81,1.09,0.19,-0.56645,-0.17331,-0.09222,-0.80037,-0.86,1.08,0.09,0.33844,-0.06698,-0.23155,-0.90959,-0.86,1.12,0.13,0.04277,-0.11123,-0.22506,-0.96703,-0.85,1.13,0.17,-0.37303,-0.19759,-0.16898,-0.89065,-0.84,1.11,0.19,-0.56358,-0.21262,-0.18263,-0.77706,-0.83,1.09,0.2,-0.56358,-0.21262,-0.18263,-0.77706,-0.87,1.08,0.09,0.33844,-0.06698,-0.23155,-0.90959,-0.88,1.11,0.13,0.12066,-0.08475,-0.28645,-0.94668,-0.87,1.12,0.17,-0.32568,-0.22328,-0.25327,-0.88314,-0.86,1.11,0.19,-0.54719,-0.30345,-0.20849,-0.75169,-0.84,1.09,0.19,-0.54719,-0.30345,-0.20849,-0.75169,-0.88,1.07,0.1,0.26461,-0.01149,-0.45874,-0.84818,-0.89,1.09,0.13,0.18144,-0.07475,-0.36406,-0.91047,-0.89,1.1,0.16,-0.2473,-0.2197,-0.36432,-0.87054,-0.88,1.1,0.18,-0.446,-0.34771,-0.30506,-0.76624,-0.86,1.09,0.19,-0.446,-0.34771,-0.30506,-0.76624,-0.7,1.1,0.11,-0.34961,-0.23091,-0.12189,0.89978,-0.68,1.06,0.07,-0.34961,-0.23091,-0.12189,0.89978,-0.72,1.07,0.09,-0.48533,-0.28024,0.56094,0.60932,-0.75,1.08,0.1,-0.30063,-0.12685,0.54285,0.77385,-0.77,1.09,0.13,-0.18347,-0.07222,0.62794,0.75287,-0.78,1.1,0.15,-0.18347,-0.07222,0.62794,0.75287,-0.71,1.08,0.09,-0.34961,-0.23091,-0.12189,0.89978,-0.73,1.12,0.12,-0.1264,-0.26776,-0.00891,0.95512,-0.75,1.13,0.15,0.28747,-0.25451,0.07882,0.91999,-0.76,1.11,0.17,0.46484,-0.20857,0.11787,0.85237,-0.77,1.1,0.18,0.46484,-0.20857,0.11787,0.85237,-0.7,1.08,0.09,-0.34961,-0.23091,-0.12189,0.89978,-0.71,1.12,0.13,-0.04132,-0.2575,-0.05073,0.96406,-0.73,1.12,0.17,0.33781,-0.25792,0.04036,0.90429,-0.75,1.11,0.18,0.53141,-0.23008,0.0326,0.81462,-0.75,1.09,0.19,0.53141,-0.23008,0.0326,0.81462,-0.68,1.08,0.1,-0.34961,-0.23091,-0.12189,0.89978,-0.7,1.11,0.14,-0.12488,-0.21535,-0.14867,0.95704,-0.71,1.12,0.17,0.32651,-0.27605,-0.07359,0.90098,-0.72,1.11,0.19,0.57156,-0.3061,-0.01773,0.76112,-0.74,1.09,0.19,0.57156,-0.3061,-0.01773,0.76112,-0.67,1.07,0.11,-0.25705,-0.17186,-0.34912,0.88459,-0.68,1.1,0.14,-0.30185,-0.11654,-0.27439,0.90555,-0.68,1.12,0.17,0.25009,-0.25686,-0.24362,0.90118,-0.69,1.11,0.18,0.51214,-0.36304,-0.15879,0.76203,-0.71,1.1,0.19,0.51214,-0.36304,-0.15879,0.76203,-0.81,1.08,0.19
-0.79,1.46,-0.17,-0.79,1.46,-0.17,-0.86,1.1,0.11,0.34364,-0.08238,-0.20208,-0.91339,-0.86,1.06,0.06,0.34364,-0.08238,-0.20208,-0.91339,-0.83,1.08,0.08,0.44683,-0.19614,0.49862,-0.71641,-0.81,1.1,0.1,0.20688,-0.03811,0.45717,-0.86414,-0.8,1.11,0.13,0.07527,-0.00614,0.53457,-0.84174,-0.79,1.11,0.15,0.07527,-0.00614,0.53457,-0.84174,-0.84,1.09,0.08,0.34364,-0.08238,-0.20208,-0.91339,-0.84,1.13,0.13,-0.00388,-0.12852,-0.12597,-0.98367,-0.83,1.13,0.16,-0.41832,-0.17354,-0.08573,-0.88744,-0.82,1.11,0.18,-0.58044,-0.15923,-0.05774,-0.79649,-0.81,1.09,0.18,-0.58044,-0.15923,-0.05774,-0.79649,-0.86,1.08,0.09,0.34364,-0.08238,-0.20208,-0.91339,-0.86,1.12,0.13,0.05037,-0.11689,-0.19265,-0.97298,-0.85,1.13,0.17,-0.37857,-0.19054,-0.13526,-0.89559,-0.84,1.11,0.19,-0.57422,-0.1988,-0.15094,-0.77972,-0.83,1.09,0.2,-0.57422,-0.1988,-0.15094,-0.77972,-0.87,1.08,0.09,0.34364,-0.08238,-0.20208,-0.91339,-0.87,1.11,0.13,0.12575,-0.09401,-0.25481,-0.95416,-0.87,1.12,0.17,-0.3282,-0.21801,-0.22055,-0.89225,-0.86,1.11,0.19,-0.55371,-0.28995,-0.17841,-0.75993,-0.84,1.09,0.19,-0.55371,-0.28995,-0.17841,-0.75993,-0.88,1.07,0.1,0.27052,-0.0264,-0.43145,-0.86022,-0.89,1.09,0.13,0.18393,-0.08662,-0.33407,-0.92036,-0.89,1.1,0.16,-0.24219,-0.21458,-0.33449,-0.88511,-0.88,1.1,0.18,-0.43947,-0.33355,-0.27987,-0.78567,-0.86,1.09,0.19,-0.43947,-0.33355,-0.27987,-0.78567,-0.71,1.09,0.12,-0.27284,-0.23266,-0.09043,0.92911,-0.68,1.06,0.07,-0.27284,-0.23266,-0.09043,0.92911,-0.72,1.06,0.09,-0.42641,-0.33631,0.56816,0.61828,-0.75,1.07,0.1,-0.24255,-0.17724,0.5655,0.76809,-0.77,1.07,0.13,-0.14991,-0.1409,0.65134,0.73036,-0.78,1.07,0.15,-0.14991,-0.1409,0.65134,0.73036,-0.71,1.07,0.09,-0.27284,-0.23266,-0.09043,0.92911,-0.74,1.1,0.13,0.02145,-0.29489,0.06245,0.95325,-0.76,1.1,0.16,0.39456,-0.25062,0.14643,0.87182,-0.77,1.08,0.18,0.54659,-0.19343,0.18335,0.79386,-0.77,1.06,0.18,0.54659,-0.19343,0.18335,0.79386,-0.7,1.07,0.1,-0.27284,-0.23266,-0.09043,0.92911,-0.72,1.11,0.14,-0.05919,-0.24155,-0.04817,0.96738,-0.74,1.11,0.18,0.29066,-0.24359,0.02821,0.92487,-0.75,1.1,0.2,0.46784,-0.22317,0.01358,0.85506,-0.76,1.08,0.21,0.46784,-0.22317,0.01358,0.85506,-0.68,1.07,0.11,-0.27284,-0.23266,-0.09043,0.92911,-0.7,1.1,0.15,-0.15488,-0.18303,-0.14007,0.96067,-0.71,1.11,0.18,0.28082,-0.24304,-0.08492,0.92458,-0.72,1.1,0.2,0.51833,-0.27923,-0.04106,0.80727,-0.74,1.08,0.21,0.51833,-0.27923,-0.04106,0.80727,-0.67,1.07,0.11,-0.18625,-0.15298,-0.31393,0.91834,-0.68,1.09,0.15,-0.25544,-0.08936,-0.23683,0.9331,-0.68,1.1,0.17,0.2619,-0.20031,-0.2354,0.91426,-0.69,1.09,0.19,0.51119,-0.30436,-0.17528,0.78443,-0.71,1.08,0.2,0.51119,-0.30436,-0.17528,0.78443,-0.81,1.08,0.19
-0.79,1.46,-0.17,-0.79,1.46,-0.17,-0.85,1.1,0.11,0.34574,-0.09671,-0.16798,-0.91809,-0.86,1.06,0.06,0.34574,-0.09671,-0.16798,-0.91809,-0.83,1.08,0.08,0.44414,-0.20973,0.52535,-0.69481,-0.8,1.09,0.1,0.20396,-0.03921,0.48934,-0.847,-0.79,1.1,0.13,0.06967,-0.00022,0.56471,-0.82234,-0.79,1.11,0.15,0.06967,-0.00022,0.56471,-0.82234,-0.84,1.08,0.08,0.34574,-0.09671,-0.16798,-0.91809,-0.83,1.12,0.12,-0.00216,-0.12956,-0.08894,-0.98757,-0.82,1.12,0.16,-0.42299,-0.15929,-0.05098,-0.89057,-0.82,1.11,0.18,-0.58527,-0.13867,-0.02606,-0.79847,-0.81,1.09,0.18,-0.58527,-0.13867,-0.02606,-0.79847,-0.85,1.08,0.09,0.34574,-0.09671,-0.16798,-0.91809,-0.85,1.12,0.13,0.04803,-0.12201,-0.15475,-0.97921,-0.85,1.13,0.17,-0.37932,-0.17821,-0.09981,-0.90244,-0.83,1.11,0.19,-0.57187,-0.17878,-0.12004,-0.79158,-0.82,1.09,0.19,-0.57187,-0.17878,-0.12004,-0.79158,-0.87,1.08,0.09,0.34574,-0.09671,-0.16798,-0.91809,-0.87,1.11,0.13,0.1187,-0.10437,-0.21698,-0.9633,-0.87,1.12,0.17,-0.33206,-0.20816,-0.18427,-0.90136,-0.85,1.11,0.19,-0.55645,-0.27032,-0.14758,-0.7717,-0.84,1.09,0.19,-0.55645,-0.27032,-0.14758,-0.7717,-0.88,1.07,0.09,0.27429,-0.03943,-0.39944,-0.87388,-0.89,1.09,0.13,0.17388,-0.10128,-0.29821,-0.93305,-0.88,1.11,0.16,-0.24874,-0.2088,-0.29816,-0.89757,-0.87,1.1,0.18,-0.44231,-0.31714,-0.24937,-0.801,-0.86,1.09,0.19,-0.44231,-0.31714,-0.24937,-0.801,-0.71,1.09,0.12,-0.27066,-0.22289,-0.09567,0.93162,-0.68,1.06,0.07,-0.27066,-0.22289,-0.09567,0.93162,-0.72,1.06,0.09,-0.43434,-0.31623,0.55376,0.63616,-0.75,1.07,0.1,-0.25646,-0.16898,0.54166,0.78248,-0.77,1.08,0.13,-0.18673,-0.15401,0.6262,0.74114,-0.78,1.08,0.15,-0.18673,-0.15401,0.6262,0.74114,-0.71,1.07,0.09,-0.27066,-0.22289,-0.09567,0.93162,-0.73,1.1,0.13,0.05781,-0.30337,0.07912,0.94782,-0.76,1.1,0.16,0.42021,-0.25223,0.16329,0.85624,-0.76,1.08,0.18,0.56358,-0.19311,0.19969,0.77796,-0.76,1.06,0.18,0.56358,-0.19311,0.19969,0.77796,-0.7,1.07,0.1,-0.27066,-0.22289,-0.09567,0.93162,-0.71,1.11,0.14,-0.07275,-0.22855,-0.06124,0.96888,-0.73,1.11,0.18,0.28239,-0.23619,0.01237,0.92969,-0.74,1.1,0.2,0.45382,-0.21959,-0.00448,0.8636,-0.75,1.08,0.21,0.45382,-0.21959,-0.00448,0.8636,-0.68,1.07,0.11,-0.27066,-0.22289,-0.09567,0.93162,-0.7,1.1,0.15,-0.15944,-0.16828,-0.14897,0.96129,-0.71,1.11,0.18,0.27295,-0.23345,-0.10002,0.9279,-0.72,1.1,0.2,0.50029,-0.27397,-0.06071,0.81913,-0.73,1.08,0.21,0.50029,-0.27397,-0.06071,0.81913,-0.67,1.07,0.11,-0.18538,-0.14281,-0.31939,0.91828,-0.68,1.09,0.15,-0.24922,-0.06821,-0.24278,0.93504,-0.68,1.1,0.18,0.22975,-0.17492,-0.25675,0.92233,-0.69,1.09,0.19,0.46027,-0.28201,-0.20822,0.81564,-0.7,1.08,0.2,0.46027,-0.28201,-0.20822,0.81564,-0.81,1.08,0.19
-0.78,1.46,-0.17,-0.78,1.46,-0.17,-0.85,1.1,0.11,0.33561,-0.10387,-0.13127,-0.92701,-0.86,1.06,0.06,0.33561,-0.10387,-0.13127,-0.92701,-0.83,1.08,0.08,0.43374,-0.22132,0.54687,-0.68105,-0.8,1.09,0.1,0.19186,-0.03888,0.51562,-0.83416,-0.79,1.1,0.13,0.05606,0.00469,0.58882,-0.8063,-0.79,1.1,0.16,0.05606,0.00469,0.58882,-0.8063,-0.84,1.08,0.08,0.33561,-0.10387,-0.13127,-0.92701,-0.83,1.12,0.13,-0.01303,-0.12274,-0.05243,-0.99097,-0.82,1.12,0.16,-0.42268,-0.1371,-0.02274,-0.89556,-0.81,1.1,0.18,-0.57943,-0.1114,-0.00343,-0.80737,-0.81,1.08,0.18,-0.57943,-0.1114,-0.00343,-0.80737,-0.85,1.08,0.09,0.33561,-0.10387,-0.13127,-0.92701,-0.85,1.12,0.13,0.03086,-0.11904,-0.11609,-0.9856,-0.84,1.12,0.17,-0.37573,-0.15705,-0.07004,-0.91063,-0.83,1.11,0.19,-0.55159,-0.15124,-0.09754,-0.81447,-0.82,1.08,0.2,-0.55159,-0.15124,-0.09754,-0.81447,-0.87,1.08,0.09,0.33561,-0.10387,-0.13127,-0.92701,-0.87,1.11,0.13,0.09953,-0.10524,-0.17788,-0.97333,-0.86,1.12,0.17,-0.33136,-0.18695,-0.15394,-0.9119,-0.85,1.1,0.19,-0.54514,-0.24073,-0.12725,-0.79289,-0.84,1.08,0.2,-0.54514,-0.24073,-0.12725,-0.79289,-0.88,1.07,0.09,0.26799,-0.04234,-0.3642,-0.89093,-0.88,1.09,0.13,0.15542,-0.10721,-0.25951,-0.9471,-0.88,1.1,0.16,-0.25277,-0.1913,-0.26431,-0.91085,-0.87,1.1,0.18,-0.43775,-0.28943,-0.22498,-0.82097,-0.86,1.09,0.19,-0.43775,-0.28943,-0.22498,-0.82097,-0.7,1.09,0.12,-0.30277,-0.21803,-0.12512,0.91931,-0.68,1.06,0.07,-0.30277,-0.21803,-0.12512,0.91931,-0.72,1.07,0.09,-0.46703,-0.27777,0.53411,0.64766,-0.75,1.08,0.1,-0.29216,-0.14241,0.50927,0.79687,-0.77,1.09,0.13,-0.23361,-0.13722,0.59425,0.75728,-0.78,1.09,0.15,-0.23361,-0.13722,0.59425,0.75728,-0.71,1.07,0.09,-0.30277,-0.21803,-0.12512,0.91931,-0.73,1.11,0.13,0.01952,-0.30773,0.05265,0.94982,-0.75,1.11,0.16,0.3979,-0.26526,0.14432,0.86631,-0.76,1.09,0.17,0.54633,-0.20889,0.18327,0.79013,-0.76,1.07,0.18,0.54633,-0.20889,0.18327,0.79013,-0.69,1.07,0.1,-0.30277,-0.21803,-0.12512,0.91931,-0.71,1.11,0.14,-0.09579,-0.23064,-0.08908,0.96421,-0.73,1.12,0.18,0.31301,-0.24871,0.00153,0.91661,-0.74,1.11,0.19,0.50927,-0.23066,-0.0077,0.82909,-0.75,1.09,0.2,0.50927,-0.23066,-0.0077,0.82909,-0.68,1.07,0.11,-0.30277,-0.21803,-0.12512,0.91931,-0.69,1.1,0.15,-0.13947,-0.17879,-0.17067,0.95888,-0.71,1.12,0.18,0.33004,-0.25589,-0.10506,0.90253,-0.72,1.1,0.2,0.56656,-0.2956,-0.05601,0.76713,-0.73,1.08,0.2,0.56656,-0.2956,-0.05601,0.76713,-0.67,1.07,0.11,-0.21356,-0.14702,-0.34995,0.90017,-0.68,1.09,0.15,-0.22352,-0.08107,-0.27503,0.93157,-0.68,1.1,0.18,0.27441,-0.20592,-0.27439,0.89834,-0.69,1.1,0.19,0.50347,-0.31745,-0.2161,0.77398,-0.7,1.08,0.2,0.50347,-0.31745,-0.2161,0.77398,-0.81,1.08,0.19
-0.78,1.46,-0.17,-0.78,1.46,-0.17,-0.85,1.1,0.11,0.31716,-0.10111,-0.11259,-0.93622,-0.86,1.06,0.06,0.31716,-0.10111,-0.11259,-0.93622,-0.83,1.07,0.09,0.42189,-0.22957,0.55047,-0.68286,-0.8,1.08,0.1,0.17481,-0.04139,0.52258,-0.83345,-0.79,1.09,0.13,0.04065,0.00076,0.59526,-0.8025,-0.79,1.09,0.16,0.04065,0.00076,0.59526,-0.8025,-0.84,1.08,0.09,0.31716,-0.10111,-0.11259,-0.93622,-0.83,1.12,0.13,-0.02469,-0.11381,-0.03676,-0.99252,-0.82,1.11,0.17,-0.4011,-0.12166,-0.01672,-0.90776,-0.81,1.1,0.18,-0.54965,-0.09506,-0.0024,-0.82997,-0.81,1.08,0.19,-0.54965,-0.09506,-0.0024,-0.82997,-0.85,1.08,0.09,0.31716,-0.10111,-0.11259,-0.93622,-0.85,1.12,0.13,0.01407,-0.10956,-0.09936,-0.9889,-0.84,1.12,0.17,-0.36711,-0.13971,-0.06252,-0.9175,-0.83,1.1,0.19,-0.52509,-0.13247,-0.09499,-0.83529,-0.82,1.08,0.2,-0.52509,-0.13247,-0.09499,-0.83529,-0.87,1.07,0.09,0.31716,-0.10111,-0.11259,-0.93622,-0.87,1.11,0.13,0.0876,-0.0949,-0.16113,-0.97845,-0.86,1.11,0.17,-0.3196,-0.16631,-0.14756,-0.9211,-0.85,1.1,0.19,-0.51738,-0.21767,-0.12949,-0.81741,-0.84,1.08,0.2,-0.51738,-0.21767,-0.12949,-0.81741,-0.88,1.07,0.1,0.25315,-0.03421,-0.34549,-0.90299,-0.88,1.09,0.13,0.14653,-0.09591,-0.24232,-0.95426,-0.88,1.1,0.16,-0.23846,-0.16693,-0.25682,-0.92158,-0.87,1.09,0.18,-0.4077,-0.25996,-0.22743,-0.84527,-0.86,1.08,0.19,-0.4077,-0.25996,-0.22743,-0.84527,-0.7,1.1,0.12,-0.34044,-0.21198,-0.1427,0.90488,-0.68,1.06,0.07,-0.34044,-0.21198,-0.1427,0.90488,-0.72,1.07,0.09,-0.49965,-0.24664,0.52115,0.64647,-0.75,1.08,0.1,-0.326,-0.11844,0.48757,0.80123,-0.76,1.1,0.13,-0.26782,-0.11305,0.57364,0.76579,-0.78,1.1,0.15,-0.26782,-0.11305,0.57364,0.76579,-0.71,1.08,0.09,-0.34044,-0.21198,-0.1427,0.90488,-0.73,1.12,0.13,-0.05379,-0.29931,0.01984,0.95243,-0.75,1.12,0.16,0.3419,-0.27092,0.11431,0.89255,-0.76,1.11,0.17,0.50162,-0.21928,0.15447,0.82246,-0.76,1.09,0.18,0.50162,-0.21928,0.15447,0.82246,-0.69,1.07,0.1,-0.34044,-0.21198,-0.1427,0.90488,-0.71,1.12,0.14,-0.11336,-0.23008,-0.10336,0.961,-0.72,1.13,0.17,0.33249,-0.25455,-0.0015,0.9081,-0.74,1.11,0.19,0.55676,-0.23402,-0.00346,0.79702,-0.75,1.09,0.2,0.55676,-0.23402,-0.00346,0.79702,-0.68,1.07,0.11,-0.34044,-0.21198,-0.1427,0.90488,-0.69,1.11,0.14,-0.1102,-0.19229,-0.17696,0.95894,-0.7,1.12,0.18,0.38939,-0.27295,-0.09534,0.87452,-0.72,1.1,0.19,0.64198,-0.30715,-0.03447,0.70166,-0.73,1.08,0.19,0.64198,-0.30715,-0.03447,0.70166,-0.67,1.07,0.11,-0.24907,-0.15131,-0.36938,0.8824,-0.68,1.09,0.15,-0.21383,-0.10003,-0.29468,0.92598,-0.68,1.11,0.17,0.32461,-0.24399,-0.27203,0.87241,-0.69,1.1,0.19,0.56334,-0.35665,-0.19725,0.71871,-0.71,1.09,0.19,0.56334,-0.35665,-0.19725,0.71871,-0.81,1.08,0.19
-0.78,1.46,-0.17,-0.78,1.46,-0.17,-0.85,1.09,0.11,0.2987,-0.09816,-0.13188,-0.94008,-0.86,1.06,0.06,0.2987,-0.09816,-0.13188,-0.94008,-0.83,1.07,0.09,0.41859,-0.23557,0.52768,-0.7006,-0.8,1.08,0.1,0.16443,-0.05354,0.50187,-0.84748,-0.79,1.09,0.13,0.03802,-0.02073,0.57747,-0.81526,-0.79,1.09,0.16,0.03802,-0.02073,0.57747,-0.81526,-0.84,1.08,0.09,0.2987,-0.09816,-0.13188,-0.94008,-0.83,1.11,0.13,-0.00971,-0.12348,-0.05593,-0.99072,-0.82,1.11,0.17,-0.34575,-0.13671,-0.03693,-0.92758,-0.81,1.1,0.18,-0.48621,-0.11327,-0.02338,-0.86615,-0.81,1.08,0.2,-0.48621,-0.11327,-0.02338,-0.86615,-0.85,1.07,0.09,0.2987,-0.09816,-0.13188,-0.94008,-0.85,1.11,0.13,0.04309,-0.10661,-0.12361,-0.98565,-0.84,1.12,0.18,-0.32189,-0.14505,-0.08865,-0.93139,-0.83,1.1,0.2,-0.47356,-0.14415,-0.12096,-0.86043,-0.82,1.08,0.21,-0.47356,-0.14415,-0.12096,-0.86043,-0.87,1.07,0.09,0.2987,-0.09816,-0.13188,-0.94008,-0.87,1.1,0.14,0.11812,-0.08427,-0.18552,-0.97187,-0.86,1.11,0.17,-0.27858,-0.16592,-0.17507,-0.92963,-0.85,1.1,0.19,-0.46972,-0.22315,-0.15693,-0.83961,-0.84,1.08,0.21,-0.46972,-0.22315,-0.15693,-0.83961,-0.88,1.07,0.1,0.23311,-0.02734,-0.36242,-0.90198,-0.88,1.09,0.14,0.15706,-0.08216,-0.26315,-0.94833,-0.88,1.1,0.16,-0.21271,-0.15908,-0.28281,-0.92166,-0.87,1.09,0.18,-0.37,-0.25442,-0.25605,-0.85604,-0.86,1.08,0.19,-0.37,-0.25442,-0.25605,-0.85604,-0.7,1.1,0.11,-0.37383,-0.20291,-0.13671,0.89464,-0.68,1.06,0.07,-0.37383,-0.20291,-0.13671,0.89464,-0.72,1.07,0.09,-0.52569,-0.22305,0.52022,0.63503,-0.75,1.09,0.1,-0.34834,-0.0938,0.48194,0.7985,-0.76,1.1,0.13,-0.27907,-0.08026,0.56814,0.77,-0.77,1.11,0.15,-0.27907,-0.08026,0.56814,0.77,-0.71,1.08,0.09,-0.37383,-0.20291,-0.13671,0.89464,-0.73,1.12,0.13,-0.10378,-0.26701,0.00272,0.95809,-0.74,1.13,0.16,0.3202,-0.24736,0.0919,0.90986,-0.75,1.11,0.17,0.49403,-0.19874,0.13006,0.83638,-0.76,1.1,0.18,0.49403,-0.19874,0.13006,0.83638,-0.69,1.08,0.1,-0.37383,-0.20291,-0.13671,0.89464,-0.7,1.12,0.13,-0.10317,-0.22578,-0.08855,0.96464,-0.72,1.13,0.17,0.3333,-0.24403,0.00711,0.91066,-0.73,1.12,0.19,0.55081,-0.22219,0.001,0.80451,-0.74,1.1,0.2,0.55081,-0.22219,0.001,0.80451,-0.68,1.08,0.1,-0.37383,-0.20291,-0.13671,0.89464,-0.69,1.11,0.14,-0.13161,-0.19031,-0.17031,0.95784,-0.7,1.13,0.17,0.35436,-0.26728,-0.09467,0.89109,-0.71,1.11,0.19,0.60795,-0.30278,-0.03675,0.73306,-0.73,1.09,0.19,0.60795,-0.30278,-0.03675,0.73306,-0.67,1.07,0.11,-0.2843,-0.15077,-0.36631,0.87307,-0.67,1.1,0.14,-0.26641,-0.09599,-0.29351,0.91305,-0.67,1.12,0.17,0.27024,-0.24352,-0.27361,0.8904,-0.69,1.11,0.18,0.51453,-0.35685,-0.19741,0.75429,-0.7,1.1,0.19,0.51453,-0.35685,-0.19741,0.75429,-0.81,1.08,0.19
-0.78,1.46,-0.17,-0.78,1.46,-0.17,-0.85,1.09,0.11,0.26764,-0.10075,-0.13463,-0.94873,-0.86,1.06,0.06,0.26764,-0.10075,-0.13463,-0.94873,-0.83,1.07,0.09,0.40334,-0.25719,0.51455,-0.71162,-0.8,1.08,0.1,0.14686,-0.07812,0.49596,-0.85227,-0.79,1.09,0.13,0.03585,-0.0568,0.57441,-0.81581,-0.79,1.09,0.16,0.03585,-0.0568,0.57441,-0.81581,-0.84,1.08,0.09,0.26764,-0.10075,-0.13463,-0.94873,-0.83,1.11,0.13,0.02538,-0.14823,-0.0549,-0.9871,-0.82,1.11,0.17,-0.25873,-0.15871,-0.03661,-0.95212,-0.81,1.1,0.19,-0.39252,-0.13545,-0.02417,-0.90939,-0.8,1.09,0.2,-0.39252,-0.13545,-0.02417,-0.90939,-0.85,1.07,0.09,0.26764,-0.10075,-0.13463,-0.94873,-0.85,1.11,0.14,0.09535,-0.0981,-0.13419,-0.98147,-0.84,1.12,0.18,-0.25494,-0.13987,-0.10399,-0.95112,-0.83,1.11,0.2,-0.408,-0.1453,-0.13779,-0.89075,-0.83,1.09,0.22,-0.408,-0.1453,-0.13779,-0.89075,-0.87,1.07,0.09,0.26764,-0.10075,-0.13463,-0.94873,-0.87,1.1,0.14,0.15702,-0.06653,-0.19438,-0.96599,-0.86,1.11,0.17,-0.23705,-0.15416,-0.18997,-0.94019,-0.85,1.1,0.2,-0.43141,-0.21589,-0.17283,-0.85872,-0.84,1.09,0.21,-0.43141,-0.21589,-0.17283,-0.85872,-0.88,1.07,0.1,0.20196,-0.02226,-0.36246,-0.90958,-0.88,1.08,0.14,0.16339,-0.06042,-0.26786,-0.94758,-0.88,1.09,0.17,-0.19759,-0.13873,-0.29603,-0.92416,-0.87,1.09,0.18,-0.35451,-0.23692,-0.27227,-0.86259,-0.86,1.08,0.2,-0.35451,-0.23692,-0.27227,-0.86259,-0.7,1.1,0.12,-0.36647,-0.19811,-0.1274,0.90012,-0.68,1.06,0.07,-0.36647,-0.19811,-0.1274,0.90012,-0.72,1.07,0.09,-0.52104,-0.23312,0.52094,0.63466,-0.75,1.08,0.1,-0.33626,-0.09848,0.48683,0.80015,-0.76,1.1,0.13,-0.25068,-0.07411,0.57305,0.77671,-0.77,1.11,0.15,-0.25068,-0.07411,0.57305,0.77671,-0.71,1.08,0.09,-0.36647,-0.19811,-0.1274,0.90012,-0.73,1.12,0.13,-0.09542,-0.24806,-0.00039,0.96403,-0.74,1.13,0.16,0.35039,-0.22948,0.08612,0.90396,-0.75,1.11,0.17,0.52871,-0.18108,0.12323,0.82005,-0.76,1.09,0.18,0.52871,-0.18108,0.12323,0.82005,-0.69,1.07,0.1,-0.36647,-0.19811,-0.1274,0.90012,-0.71,1.12,0.13,-0.05489,-0.22581,-0.06811,0.97024,-0.72,1.13,0.17,0.34541,-0.23529,0.01666,0.90832,-0.73,1.11,0.19,0.54032,-0.21223,0.00487,0.81424,-0.74,1.09,0.2,0.54032,-0.21223,0.00487,0.81424,-0.68,1.07,0.1,-0.36647,-0.19811,-0.1274,0.90012,-0.69,1.11,0.14,-0.10959,-0.19074,-0.15558,0.96302,-0.7,1.12,0.17,0.34664,-0.2571,-0.09,0.89757,-0.71,1.11,0.19,0.58734,-0.29216,-0.03988,0.75371,-0.73,1.09,0.2,0.58734,-0.29216,-0.03988,0.75371,-0.67,1.07,0.11,-0.27938,-0.14366,-0.35749,0.8795,-0.67,1.1,0.15,-0.28457,-0.0863,-0.28378,0.91162,-0.67,1.11,0.17,0.26027,-0.23365,-0.26919,0.89733,-0.68,1.11,0.19,0.50458,-0.3458,-0.19684,0.76621,-0.7,1.1,0.19,0.50458,-0.3458,-0.19684,0.76621,-0.81,1.08,0.19
-0.78,1.46,-0.17,-0.78,1.46,-0.17,-0.85,1.09,0.11,0.235,-0.10986,-0.12083,-0.95818,-0.86,1.06,0.06,0.235,-0.10986,-0.12083,-0.95818,-0.83,1.07,0.08,0.39321,-0.28444,0.50367,-0.7147,-0.8,1.08,0.1,0.13561,-0.10751,0.4944,-0.85183,-0.79,1.08,0.13,0.03056,-0.0893,0.57529,-0.81248,-0.78,1.08,0.16,0.03056,-0.0893,0.57529,-0.81248,-0.84,1.08,0.09,0.235,-0.10986,-0.12083,-0.95818,-0.83,1.11,0.14,0.03321,-0.1763,-0.03728,-0.98307,-0.81,1.11,0.17,-0.20771,-0.18011,-0.0199,-0.96126,-0.8,1.1,0.19,-0.32963,-0.15474,-0.00857,-0.9313,-0.8,1.09,0.21,-0.32963,-0.15474,-0.00857,-0.9313,-0.85,1.07,0.09,0.235,-0.10986,-0.12083,-0.95818,-0.85,1.11,0.14,0.13033,-0.09366,-0.12614,-0.97894,-0.84,1.12,0.18,-0.21244,-0.13245,-0.09917,-0.96306,-0.83,1.11,0.2,-0.3701,-0.14005,-0.13449,-0.90848,-0.82,1.09,0.22,-0.3701,-0.14005,-0.13449,-0.90848,-0.87,1.07,0.09,0.235,-0.10986,-0.12083,-0.95818,-0.86,1.1,0.14,0.19062,-0.05419,-0.18441,-0.96266,-0.86,1.11,0.18,-0.20334,-0.14002,-0.18533,-0.95116,-0.85,1.1,0.2,-0.4054,-0.20263,-0.16984,-0.87507,-0.84,1.09,0.21,-0.4054,-0.20263,-0.16984,-0.87507,-0.88,1.07,0.1,0.17024,-0.02274,-0.34631,-0.92226,-0.88,1.08,0.14,0.17719,-0.0418,-0.25391,-0.94994,-0.88,1.09,0.17,-0.17642,-0.11501,-0.29081,-0.93332,-0.87,1.09,0.18,-0.34154,-0.21474,-0.26948,-0.87443,-0.86,1.08,0.2,-0.34154,-0.21474,-0.26948,-0.87443,-0.7,1.1,0.12,-0.35645,-0.19976,-0.1341,0.9028,-0.68,1.06,0.07,-0.35645,-0.19976,-0.1341,0.9028,-0.72,1.07,0.09,-0.51,-0.24947,0.52203,0.63651,-0.75,1.08,0.1,-0.32478,-0.11348,0.49238,0.7995,-0.76,1.1,0.13,-0.22794,-0.08063,0.57943,0.77833,-0.77,1.11,0.15,-0.22794,-0.08063,0.57943,0.77833,-0.71,1.08,0.09,-0.35645,-0.19976,-0.1341,0.9028,-0.73,1.12,0.13,-0.11037,-0.24674,-0.01794,0.96261,-0.75,1.13,0.16,0.34547,-0.23578,0.07236,0.90544,-0.75,1.11,0.18,0.52965,-0.18947,0.11219,0.81914,-0.76,1.09,0.18,0.52965,-0.18947,0.11219,0.81914,-0.69,1.08,0.1,-0.35645,-0.19976,-0.1341,0.9028,-0.71,1.12,0.14,-0.02219,-0.23391,-0.066,0.96976,-0.73,1.12,0.17,0.37161,-0.24151,0.02088,0.89618,-0.74,1.11,0.19,0.56427,-0.21563,0.0109,0.79686,-0.75,1.08,0.2,0.56427,-0.21563,0.0109,0.79686,-0.68,1.08,0.1,-0.35645,-0.19976,-0.1341,0.9028,-0.69,1.11,0.14,-0.0669,-0.20136,-0.15234,0.96528,-0.7,1.12,0.18,0.39642,-0.26418,-0.08007,0.87558,-0.72,1.1,0.19,0.63564,-0.29446,-0.02737,0.7131,-0.73,1.08,0.19,0.63564,-0.29446,-0.02737,0.7131,-0.67,1.07,0.11,-0.26835,-0.14293,-0.36309,0.88075,-0.68,1.1,0.15,-0.26579,-0.09382,-0.28719,0.91546,-0.68,1.11,0.17,0.32772,-0.25388,-0.25669,0.87307,-0.69,1.1,0.18,0.58602,-0.36523,-0.17121,0.70276,-0.7,1.09,0.19,0.58602,-0.36523,-0.17121,0.70276,-0.81,1.08,0.19
-0.79,1.46,-0.17,-0.79,1.46,-0.17,-0.85,1.09,0.11,0.20687,-0.11374,-0.08851,-0.9677,-0.86,1.06,0.06,0.20687,-0.11374,-0.08851,-0.9677,-0.83,1.07,0.08,0.40493,-0.29953,0.4765,-0.72059,-0.8,1.08,0.1,0.14416,-0.1322,0.4724,-0.8594,-0.79,1.08,0.13,0.03834,-0.11369,0.55723,-0.82164,-0.78,1.08,0.15,0.03834,-0.11369,0.55723,-0.82164,-0.84,1.07,0.09,0.20687,-0.11374,-0.08851,-0.9677,-0.82,1.1,0.14,0.01474,-0.17928,-0.00698,-0.98366,-0.81,1.1,0.17,-0.21449,-0.17537,0.00813,-0.96082,-0.8,1.09,0.19,-0.33413,-0.14645,0.01855,-0.9309,-0.8,1.08,0.21,-0.33413,-0.14645,0.01855,-0.9309,-0.85,1.07,0.09,0.20687,-0.11374,-0.08851,-0.9677,-0.84,1.1,0.14,0.14362,-0.08744,-0.09741,-0.98094,-0.84,1.11,0.18,-0.19966,-0.11691,-0.07442,-0.97001,-0.83,1.1,0.2,-0.36854,-0.12248,-0.11253,-0.91461,-0.82,1.09,0.22,-0.36854,-0.12248,-0.11253,-0.91461,-0.87,1.07,0.09,0.20687,-0.11374,-0.08851,-0.9677,-0.86,1.09,0.14,0.21296,-0.04725,-0.15354,-0.96376,-0.86,1.11,0.18,-0.18786,-0.12318,-0.15903,-0.96138,-0.85,1.1,0.2,-0.40892,-0.18296,-0.14562,-0.8821,-0.84,1.09,0.21,-0.40892,-0.18296,-0.14562,-0.8821,-0.88,1.07,0.1,0.14657,-0.01875,-0.31298,-0.93819,-0.88,1.08,0.14,0.19755,-0.02961,-0.21961,-0.95492,-0.88,1.09,0.17,-0.1559,-0.09244,-0.26398,-0.94734,-0.88,1.09,0.19,-0.35299,-0.19503,-0.242,-0.88249,-0.86,1.08,0.2,-0.35299,-0.19503,-0.242,-0.88249,-0.7,1.1,0.12,-0.3339,-0.197,-0.14097,0.91095,-0.68,1.06,0.07,-0.3339,-0.197,-0.14097,0.91095,-0.72,1.07,0.09,-0.50033,-0.27211,0.50746,0.64661,-0.75,1.08,0.1,-0.30919,-0.1371,0.48429,0.80689,-0.77,1.1,0.13,-0.20434,-0.0996,0.57393,0.78672,-0.78,1.1,0.15,-0.20434,-0.0996,0.57393,0.78672,-0.71,1.08,0.09,-0.3339,-0.197,-0.14097,0.91095,-0.73,1.12,0.13,-0.19835,-0.2339,-0.06304,0.94972,-0.74,1.13,0.16,0.25118,-0.24726,0.02462,0.9355,-0.75,1.12,0.18,0.45322,-0.2111,0.06753,0.86341,-0.76,1.1,0.19,0.45322,-0.2111,0.06753,0.86341,-0.7,1.07,0.1,-0.3339,-0.197,-0.14097,0.91095,-0.71,1.12,0.14,-0.095,-0.22003,-0.10015,0.96568,-0.73,1.13,0.18,0.30815,-0.24351,-0.01454,0.91953,-0.74,1.11,0.19,0.51498,-0.22889,-0.0228,0.82577,-0.75,1.09,0.2,0.51498,-0.22889,-0.0228,0.82577,-0.68,1.07,0.11,-0.3339,-0.197,-0.14097,0.91095,-0.69,1.11,0.14,-0.07391,-0.1917,-0.16665,0.96437,-0.7,1.12,0.18,0.41256,-0.26484,-0.09058,0.86686,-0.72,1.1,0.19,0.66658,-0.29718,-0.03128,0.68292,-0.73,1.08,0.19,0.66658,-0.29718,-0.03128,0.68292,-0.67,1.07,0.11,-0.24598,-0.13457,-0.36832,0.88641,-0.68,1.09,0.15,-0.23528,-0.0972,-0.28898,0.92287,-0.68,1.11,0.17,0.37282,-0.25937,-0.25245,0.8544,-0.69,1.1,0.19,0.64999,-0.37359,-0.15361,0.6437,-0.7,1.08,0.18,0.64999,-0.37359,-0.15361,0.6437,-0.81,1.08,0.19
-0.79,1.46,-0.17,-0.79,1.46,-0.17,-0.85,1.08,0.12,0.19074,-0.11735,-0.06464,-0.97246,-0.86,1.06,0.06,0.19074,-0.11735,-0.06464,-0.97246,-0.82,1.07,0.08,0.40654,-0.30814,0.46747,-0.72197,-0.8,1.08,0.1,0.14608,-0.14436,0.46605,-0.86059,-0.79,1.08,0.13,0.03459,-0.12181,0.55287,-0.82359,-0.78,1.08,0.15,0.03459,-0.12181,0.55287,-0.82359,-0.84,1.07,0.09,0.19074,-0.11735,-0.06464,-0.97246,-0.82,1.1,0.14,-0.00213,-0.17639,0.01508,-0.9842,-0.81,1.09,0.17,-0.23459,-0.16699,0.02959,-0.95719,-0.8,1.08,0.19,-0.35915,-0.13501,0.04038,-0.92258,-0.8,1.07,0.21,-0.35915,-0.13501,0.04038,-0.92258,-0.85,1.07,0.09,0.19074,-0.11735,-0.06464,-0.97246,-0.84,1.1,0.14,0.14051,-0.08981,-0.07376,-0.98324,-0.84,1.11,0.18,-0.19304,-0.11051,-0.05256,-0.97353,-0.83,1.1,0.21,-0.36158,-0.11282,-0.09231,-0.92088,-0.82,1.08,0.23,-0.36158,-0.11282,-0.09231,-0.92088,-0.87,1.07,0.1,0.19074,-0.11735,-0.06464,-0.97246,-0.86,1.09,0.14,0.21224,-0.05527,-0.12891,-0.9671,-0.86,1.11,0.18,-0.19368,-0.12118,-0.13308,-0.96441,-0.85,1.1,0.2,-0.42354,-0.17558,-0.12022,-0.88053,-0.84,1.08,0.22,-0.42354,-0.17558,-0.12022,-0.88053,-0.88,1.07,0.1,0.13347,-0.01779,-0.28852,-0.94796,-0.88,1.08,0.14,0.20871,-0.03554,-0.19389,-0.95791,-0.88,1.09,0.17,-0.16315,-0.09376,-0.23752,-0.95298,-0.87,1.09,0.19,-0.39717,-0.19825,-0.21028,-0.87106,-0.86,1.07,0.2,-0.39717,-0.19825,-0.21028,-0.87106,-0.7,1.1,0.12,-0.33666,-0.20381,-0.15065,0.90688,-0.68,1.06,0.07,-0.33666,-0.20381,-0.15065,0.90688,-0.72,1.07,0.09,-0.52408,-0.27623,0.48006,0.64698,-0.75,1.09,0.1,-0.32418,-0.14658,0.45953,0.81379,-0.77,1.1,0.12,-0.2073,-0.10216,0.55242,0.80089,-0.78,1.1,0.14,-0.2073,-0.10216,0.55242,0.80089,-0.71,1.08,0.09,-0.33666,-0.20381,-0.15065,0.90688,-0.73,1.12,0.13,-0.26602,-0.21936,-0.09787,0.93356,-0.74,1.14,0.16,0.16543,-0.25113,-0.01691,0.95356,-0.75,1.13,0.18,0.3798,-0.22492,0.02713,0.8969,-0.76,1.12,0.19,0.3798,-0.22492,0.02713,0.8969,-0.7,1.07,0.1,-0.33666,-0.20381,-0.15065,0.90688,-0.71,1.12,0.14,-0.20277,-0.20053,-0.14062,0.9481,-0.72,1.14,0.17,0.20696,-0.24379,-0.05795,0.94571,-0.73,1.13,0.19,0.42075,-0.24525,-0.06597,0.8709,-0.75,1.11,0.21,0.42075,-0.24525,-0.06597,0.8709,-0.68,1.07,0.11,-0.33666,-0.20381,-0.15065,0.90688,-0.69,1.11,0.14,-0.16712,-0.17793,-0.19613,0.94971,-0.7,1.12,0.18,0.32708,-0.27141,-0.12003,0.89719,-0.72,1.11,0.19,0.59079,-0.31516,-0.05641,0.74058,-0.73,1.09,0.2,0.59079,-0.31516,-0.05641,0.74058,-0.67,1.07,0.11,-0.24595,-0.14248,-0.3771,0.88147,-0.68,1.09,0.15,-0.28865,-0.09205,-0.3001,0.90452,-0.68,1.11,0.17,0.31083,-0.26423,-0.26553,0.87353,-0.69,1.1,0.19,0.59594,-0.3831,-0.1626,0.68677,-0.7,1.09,0.19,0.59594,-0.3831,-0.1626,0.68677,-0.81,1.08,0.19
-0.79,1.46,-0.17,-0.79,1.46,-0.17,-0.85,1.09,0.12,0.23382,-0.10215,-0.10643,-0.96102,-0.86,1.06,0.06,0.23382,-0.10215,-0.10643,-0.96102,-0.83,1.07,0.09,0.43868,-0.26597,0.45362,-0.72873,-0.8,1.09,0.1,0.1812,-0.11347,0.43682,-0.87377,-0.79,1.09,0.13,0.0688,-0.09365,0.52322,-0.84424,-0.78,1.09,0.15,0.0688,-0.09365,0.52322,-0.84424,-0.84,1.08,0.09,0.23382,-0.10215,-0.10643,-0.96102,-0.83,1.11,0.14,0.03864,-0.1683,-0.02538,-0.98465,-0.81,1.11,0.17,-0.20854,-0.16971,-0.00925,-0.96313,-0.81,1.1,0.19,-0.33982,-0.14309,0.00236,-0.92954,-0.8,1.09,0.21,-0.33982,-0.14309,0.00236,-0.92954,-0.85,1.07,0.09,0.23382,-0.10215,-0.10643,-0.96102,-0.85,1.11,0.14,0.17947,-0.08188,-0.11621,-0.97344,-0.84,1.12,0.18,-0.13794,-0.11607,-0.0969,-0.97883,-0.84,1.11,0.21,-0.29617,-0.12779,-0.13539,-0.93682,-0.83,1.1,0.23,-0.29617,-0.12779,-0.13539,-0.93682,-0.87,1.07,0.1,0.23382,-0.10215,-0.10643,-0.96102,-0.87,1.1,0.14,0.24343,-0.04857,-0.17116,-0.95346,-0.86,1.11,0.18,-0.15703,-0.13275,-0.17377,-0.96308,-0.86,1.11,0.2,-0.38324,-0.19689,-0.15617,-0.8888,-0.85,1.09,0.21,-0.38324,-0.19689,-0.15617,-0.8888,-0.88,1.07,0.1,0.17267,-0.01437,-0.33294,-0.92689,-0.88,1.08,0.14,0.24573,-0.02869,-0.2374,-0.93938,-0.88,1.1,0.17,-0.16104,-0.11729,-0.27727,-0.93991,-0.88,1.09,0.18,-0.40352,-0.23432,-0.23922,-0.85149,-0.86,1.08,0.2,-0.40352,-0.23432,-0.23922,-0.85149,-0.7,1.1,0.12,-0.34564,-0.22742,-0.14616,0.89858,-0.68,1.06,0.07,-0.34564,-0.22742,-0.14616,0.89858,-0.72,1.07,0.09,-0.54009,-0.2818,0.48068,0.63075,-0.75,1.08,0.1,-0.33597,-0.14913,0.46421,0.80585,-0.77,1.1,0.12,-0.19296,-0.0847,0.55821,0.80249,-0.78,1.1,0.14,-0.19296,-0.0847,0.55821,0.80249,-0.71,1.08,0.09,-0.34564,-0.22742,-0.14616,0.89858,-0.73,1.12,0.13,-0.25529,-0.233,-0.09061,0.93399,-0.75,1.14,0.15,0.19476,-0.26011,0.00071,0.94573,-0.76,1.13,0.17,0.41687,-0.2289,0.05004,0.87825,-0.76,1.11,0.19,0.41687,-0.2289,0.05004,0.87825,-0.7,1.07,0.1,-0.34564,-0.22742,-0.14616,0.89858,-0.71,1.12,0.13,-0.19456,-0.22009,-0.13197,0.94673,-0.73,1.14,0.17,0.22639,-0.25849,-0.03868,0.93831,-0.74,1.12,0.19,0.4344,-0.2541,-0.04464,0.86298,-0.75,1.11,0.2,0.4344,-0.2541,-0.04464,0.86298,-0.68,1.07,0.11,-0.34564,-0.22742,-0.14616,0.89858,-0.69,1.11,0.14,-0.17391,-0.19924,-0.18916,0.94566,-0.71,1.12,0.17,0.3261,-0.28735,-0.10146,0.89487,-0.72,1.11,0.19,0.58264,-0.32459,-0.03632,0.74421,-0.73,1.09,0.19,0.58264,-0.32459,-0.03632,0.74421,-0.67,1.07,0.11,-0.25054,-0.16828,-0.37188,0.87785,-0.68,1.09,0.15,-0.31226,-0.1113,-0.29776,0.89523,-0.68,1.11,0.17,0.28731,-0.28023,-0.25199,0.88058,-0.69,1.11,0.18,0.56813,-0.3918,-0.14761,0.70847,-0.71,1.09,0.19,0.56813,-0.3918,-0.14761,0.70847,-0.81,1.08,0.19
-0.79,1.46,-0.17,-0.79,1.46,-0.17,-0.85,1.09,0.11,0.25789,-0.08764,-0.13536,-0.95262,-0.86,1.06,0.06,0.25789,-0.08764,-0.13536,-0.95262,-0.83,1.08,0.09,0.44991,-0.23894,0.44802,-0.73469,-0.8,1.09,0.1,0.19506,-0.09197,0.42151,-0.88081,-0.79,1.1,0.13,0.0802,-0.07299,0.50694,-0.85513,-0.79,1.1,0.15,0.0802,-0.07299,0.50694,-0.85513,-0.84,1.08,0.09,0.25789,-0.08764,-0.13536,-0.95262,-0.83,1.11,0.14,0.05605,-0.16202,-0.0524,-0.9838,-0.82,1.12,0.17,-0.20908,-0.17138,-0.03378,-0.96217,-0.81,1.11,0.19,-0.34714,-0.14826,-0.02054,-0.92579,-0.8,1.09,0.21,-0.34714,-0.14826,-0.02054,-0.92579,-0.85,1.08,0.09,0.25789,-0.08764,-0.13536,-0.95262,-0.85,1.11,0.14,0.20266,-0.072,-0.1457,-0.96567,-0.85,1.13,0.18,-0.11097,-0.11598,-0.12819,-0.97867,-0.84,1.12,0.2,-0.26433,-0.13346,-0.1663,-0.94057,-0.83,1.11,0.22,-0.26433,-0.13346,-0.1663,-0.94057,-0.87,1.07,0.09,0.25789,-0.08764,-0.13536,-0.95262,-0.87,1.1,0.14,0.25779,-0.03843,-0.20012,-0.94447,-0.87,1.12,0.17,-0.14151,-0.1359,-0.20358,-0.9592,-0.86,1.11,0.2,-0.36622,-0.20728,-0.18382,-0.88833,-0.85,1.1,0.21,-0.36622,-0.20728,-0.18382,-0.88833,-0.88,1.07,0.1,0.19506,-0.00702,-0.36285,-0.91118,-0.88,1.08,0.14,0.2681,-0.01504,-0.26707,-0.92551,-0.89,1.1,0.16,-0.16211,-0.12746,-0.30701,-0.9291,-0.88,1.09,0.18,-0.41416,-0.25592,-0.2614,-0.83346,-0.87,1.08,0.19,-0.41416,-0.25592,-0.2614,-0.83346,-0.7,1.09,0.12,-0.3279,-0.21794,-0.12976,0.91002,-0.68,1.05,0.07,-0.3279,-0.21794,-0.12976,0.91002,-0.72,1.07,0.09,-0.50751,-0.29004,0.50615,0.63414,-0.75,1.08,0.1,-0.30287,-0.14607,0.49239,0.8028,-0.77,1.09,0.13,-0.15999,-0.08013,0.58365,0.79205,-0.77,1.09,0.15,-0.15999,-0.08013,0.58365,0.79205,-0.71,1.07,0.09,-0.3279,-0.21794,-0.12976,0.91002,-0.73,1.11,0.13,-0.22031,-0.21605,-0.07432,0.94829,-0.74,1.13,0.16,0.24205,-0.23677,0.00968,0.94088,-0.76,1.12,0.18,0.46425,-0.20324,0.05517,0.8603,-0.76,1.1,0.19,0.46425,-0.20324,0.05517,0.8603,-0.7,1.07,0.1,-0.3279,-0.21794,-0.12976,0.91002,-0.71,1.11,0.14,-0.16568,-0.20584,-0.11603,0.95745,-0.73,1.13,0.17,0.2606,-0.2386,-0.02949,0.93504,-0.74,1.11,0.19,0.45877,-0.2306,-0.04114,0.85712,-0.75,1.1,0.21,0.45877,-0.2306,-0.04114,0.85712,-0.68,1.07,0.11,-0.3279,-0.21794,-0.12976,0.91002,-0.69,1.1,0.14,-0.14557,-0.18652,-0.17207,0.95625,-0.71,1.12,0.18,0.35437,-0.26666,-0.09418,0.89131,-0.72,1.1,0.19,0.59899,-0.30215,-0.0394,0.74051,-0.73,1.08,0.2,0.59899,-0.30215,-0.0394,0.74051,-0.67,1.07,0.11,-0.23743,-0.15352,-0.35605,0.89067,-0.68,1.09,0.15,-0.28951,-0.10507,-0.27852,0.90971,-0.68,1.11,0.17,0.31012,-0.26103,-0.24192,0.88157,-0.69,1.1,0.19,0.57679,-0.36811,-0.15232,0.71317,-0.71,1.08,0.19,0.57679,-0.36811,-0.15232,0.71317,-0.81,1.08,0.19
-0.79,1.46,-0.17,-0.79,1.46,-0.17,-0.85,1.1,0.11,0.3166,-0.09256,-0.18028,-0.92666,-0.86,1.06,0.06,0.3166,-0.09256,-0.18028,-0.92666,-0.83,1.08,0.08,0.48819,-0.20438,0.44468,-0.7226,-0.8,1.1,0.1,0.2346,-0.06239,0.40739,-0.8804,-0.79,1.11,0.12,0.10601,-0.03563,0.49118,-0.86385,-0.79,1.12,0.15,0.10601,-0.03563,0.49118,-0.86385,-0.84,1.08,0.08,0.3166,-0.09256,-0.18028,-0.92666,-0.83,1.12,0.13,0.11374,-0.17145,-0.0918,-0.97429,-0.82,1.13,0.16,-0.19072,-0.19503,-0.06102,-0.96014,-0.81,1.12,0.18,-0.34478,-0.17672,-0.04133,-0.92097,-0.81,1.11,0.2,-0.34478,-0.17672,-0.04133,-0.92097,-0.85,1.08,0.09,0.3166,-0.09256,-0.18028,-0.92666,-0.86,1.12,0.13,0.24585,-0.08369,-0.19012,-0.94679,-0.85,1.14,0.17,-0.09516,-0.14677,-0.16198,-0.97117,-0.84,1.14,0.19,-0.2613,-0.17202,-0.19339,-0.92991,-0.83,1.13,0.21,-0.2613,-0.17202,-0.19339,-0.92991,-0.87,1.08,0.09,0.3166,-0.09256,-0.18028,-0.92666,-0.87,1.11,0.13,0.29027,-0.05324,-0.24592,-0.92327,-0.87,1.13,0.16,-0.136,-0.17686,-0.23319,-0.94649,-0.86,1.12,0.19,-0.3713,-0.25655,-0.1993,-0.86983,-0.85,1.11,0.2,-0.3713,-0.25655,-0.1993,-0.86983,-0.88,1.07,0.09,0.24505,-0.02841,-0.4091,-0.87851,-0.88,1.09,0.13,0.30951,-0.03121,-0.31479,-0.89674,-0.89,1.11,0.16,-0.13195,-0.17236,-0.33946,-0.91523,-0.88,1.11,0.18,-0.38944,-0.31064,-0.27459,-0.82246,-0.87,1.1,0.19,-0.38944,-0.31064,-0.27459,-0.82246,-0.7,1.09,0.12,-0.32378,-0.20442,-0.13277,0.91419,-0.68,1.05,0.07,-0.32378,-0.20442,-0.13277,0.91419,-0.72,1.07,0.09,-0.48608,-0.28518,0.52067,0.64133,-0.75,1.08,0.1,-0.2837,-0.13678,0.50467,0.80381,-0.76,1.09,0.13,-0.15272,-0.08014,0.5933,0.78629,-0.77,1.09,0.15,-0.15272,-0.08014,0.5933,0.78629,-0.71,1.07,0.09,-0.32378,-0.20442,-0.13277,0.91419,-0.73,1.11,0.13,-0.19659,-0.20134,-0.07574,0.9566,-0.74,1.13,0.16,0.26421,-0.22378,0.0008,0.93814,-0.75,1.11,0.18,0.48214,-0.19256,0.04323,0.85358,-0.76,1.1,0.19,0.48214,-0.19256,0.04323,0.85358,-0.69,1.07,0.1,-0.32378,-0.20442,-0.13277,0.91419,-0.71,1.11,0.14,-0.14284,-0.19378,-0.11805,0.96339,-0.72,1.12,0.18,0.28419,-0.22827,-0.03641,0.93049,-0.73,1.11,0.2,0.4764,-0.22038,-0.05052,0.84966,-0.74,1.09,0.21,0.4764,-0.22038,-0.05052,0.84966,-0.68,1.07,0.11,-0.32378,-0.20442,-0.13277,0.91419,-0.69,1.1,0.15,-0.12045,-0.17723,-0.1731,0.96131,-0.7,1.11,0.18,0.37547,-0.25787,-0.10101,0.88449,-0.72,1.1,0.2,0.61373,-0.29512,-0.04996,0.73057,-0.73,1.08,0.2,0.61373,-0.29512,-0.04996,0.73057,-0.67,1.07,0.11,-0.23573,-0.13905,-0.3595,0.89211,-0.68,1.09,0.15,-0.26889,-0.10235,-0.27885,0.91622,-0.68,1.1,0.17,0.32303,-0.25535,-0.24586,0.8775,-0.69,1.1,0.19,0.58181,-0.3629,-0.16109,0.70982,-0.7,1.08,0.19,0.58181,-0.3629,-0.16109,0.70982,-0.81,1.08,0.19
-0.78,1.46,-0.17,-0.78,1.46,-0.17,-0.85,1.1,0.1,0.35927,-0.10366,-0.18434,-0.90895,-0.86,1.06,0.05,0.35927,-0.10366,-0.18434,-0.90895,-0.83,1.08,0.08,0.49956,-0.18582,0.47491,-0.70027,-0.8,1.1,0.09,0.24779,-0.03332,0.4322,-0.86643,-0.8,1.11,0.12,0.10128,0.00734,0.5102,-0.85404,-0.79,1.12,0.14,0.10128,0.00734,0.5102,-0.85404,-0.84,1.09,0.08,0.35927,-0.10366,-0.18434,-0.90895,-0.83,1.13,0.12,0.12281,-0.17841,-0.08682,-0.97239,-0.82,1.14,0.15,-0.23904,-0.20331,-0.04187,-0.94857,-0.81,1.13,0.17,-0.4096,-0.18186,-0.01548,-0.89382,-0.81,1.11,0.19,-0.4096,-0.18186,-0.01548,-0.89382,-0.85,1.08,0.08,0.35927,-0.10366,-0.18434,-0.90895,-0.86,1.13,0.12,0.23616,-0.10647,-0.18841,-0.94731,-0.85,1.15,0.16,-0.17261,-0.17775,-0.14055,-0.95857,-0.84,1.14,0.18,-0.36913,-0.19883,-0.1632,-0.89307,-0.83,1.13,0.2,-0.36913,-0.19883,-0.1632,-0.89307,-0.87,1.08,0.09,0.35927,-0.10366,-0.18434,-0.90895,-0.87,1.11,0.13,0.29356,-0.07711,-0.24854,-0.91984,-0.87,1.14,0.16,-0.17757,-0.20995,-0.2163,-0.93681,-0.86,1.13,0.18,-0.42975,-0.2864,-0.1705,-0.83918,-0.84,1.12,0.19,-0.42975,-0.2864,-0.1705,-0.83918,-0.88,1.07,0.09,0.28381,-0.05054,-0.41516,-0.86287,-0.88,1.1,0.13,0.32319,-0.05876,-0.32094,-0.88831,-0.89,1.12,0.15,-0.12633,-0.20374,-0.33091,-0.91271,-0.88,1.11,0.17,-0.38432,-0.33792,-0.25636,-0.81999,-0.86,1.11,0.18,-0.38432,-0.33792,-0.25636,-0.81999,-0.7,1.09,0.12,-0.33068,-0.20307,-0.14311,0.91046,-0.68,1.05,0.07,-0.33068,-0.20307,-0.14311,0.91046,-0.72,1.07,0.09,-0.48487,-0.28019,0.52368,0.64199,-0.75,1.08,0.1,-0.28289,-0.13105,0.50614,0.80413,-0.76,1.09,0.13,-0.15872,-0.07975,0.59382,0.78475,-0.77,1.09,0.15,-0.15872,-0.07975,0.59382,0.78475,-0.71,1.07,0.09,-0.33068,-0.20307,-0.14311,0.91046,-0.73,1.11,0.13,-0.18884,-0.20281,-0.08255,0.95728,-0.74,1.13,0.16,0.26602,-0.22795,-0.00598,0.93661,-0.75,1.12,0.18,0.47773,-0.1984,0.03616,0.85504,-0.76,1.1,0.19,0.47773,-0.1984,0.03616,0.85504,-0.69,1.07,0.1,-0.33068,-0.20307,-0.14311,0.91046,-0.71,1.11,0.14,-0.13892,-0.19616,-0.1263,0.96243,-0.72,1.13,0.18,0.28676,-0.23386,-0.043,0.92802,-0.73,1.11,0.2,0.4782,-0.22697,-0.0558,0.84658,-0.74,1.09,0.21,0.4782,-0.22697,-0.0558,0.84658,-0.68,1.07,0.11,-0.33068,-0.20307,-0.14311,0.91046,-0.69,1.1,0.15,-0.12131,-0.18042,-0.1822,0.95892,-0.7,1.11,0.18,0.37341,-0.26512,-0.10726,0.88248,-0.72,1.1,0.19,0.61238,-0.30384,-0.05337,0.72789,-0.73,1.08,0.2,0.61238,-0.30384,-0.05337,0.72789,-0.67,1.07,0.11,-0.24131,-0.13989,-0.36973,0.88629,-0.68,1.09,0.15,-0.26999,-0.10858,-0.28824,0.91227,-0.68,1.11,0.17,0.31694,-0.26503,-0.25048,0.87554,-0.69,1.1,0.19,0.57617,-0.37363,-0.16152,0.70876,-0.7,1.08,0.19,0.57617,-0.37363,-0.16152,0.70876,-0.81,1.08,0.19
-0.78,1.46,-0.17,-0.78,1.46,-0.17,-0.85,1.1,0.1,0.36358,-0.13378,-0.15551,-0.9087,-0.86,1.06,0.06,0.36358,-0.13378,-0.15551,-0.9087,-0.83,1.08,0.08,0.49178,-0.20522,0.51252,-0.67332,-0.8,1.09,0.09,0.25035,-0.04057,0.47622,-0.84196,-0.79,1.11,0.12,0.1055,0.00809,0.5528,-0.82657,-0.79,1.11,0.14,0.1055,0.00809,0.5528,-0.82657,-0.84,1.08,0.08,0.36358,-0.13378,-0.15551,-0.9087,-0.83,1.13,0.12,0.08747,-0.20076,-0.04203,-0.97482,-0.81,1.13,0.15,-0.30904,-0.20673,0.01573,-0.92817,-0.8,1.12,0.17,-0.48343,-0.17377,0.04593,-0.85673,-0.8,1.1,0.18,-0.48343,-0.17377,0.04593,-0.85673,-0.85,1.08,0.08,0.36358,-0.13378,-0.15551,-0.9087,-0.85,1.13,0.12,0.20793,-0.13903,-0.15073,-0.95641,-0.84,1.14,0.16,-0.23536,-0.1948,-0.0864,-0.94826,-0.83,1.13,0.18,-0.4494,-0.20212,-0.10416,-0.86391,-0.82,1.12,0.19,-0.4494,-0.20212,-0.10416,-0.86391,-0.87,1.08,0.09,0.36358,-0.13378,-0.15551,-0.9087,-0.86,1.11,0.13,0.2605,-0.1128,-0.21448,-0.93457,-0.86,1.14,0.16,-0.23325,-0.22711,-0.16662,-0.93073,-0.85,1.13,0.18,-0.49256,-0.28871,-0.11706,-0.81261,-0.83,1.11,0.19,-0.49256,-0.28871,-0.11706,-0.81261,-0.88,1.07,0.09,0.2858,-0.08009,-0.38725,-0.87289,-0.88,1.1,0.13,0.29202,-0.09956,-0.2911,-0.90558,-0.88,1.12,0.15,-0.16285,-0.22337,-0.28686,-0.91722,-0.87,1.11,0.17,-0.41782,-0.34228,-0.21186,-0.81448,-0.85,1.1,0.18,-0.41782,-0.34228,-0.21186,-0.81448,-0.7,1.09,0.12,-0.34632,-0.20423,-0.15336,0.90268,-0.68,1.05,0.07,-0.34632,-0.20423,-0.15336,0.90268,-0.72,1.07,0.09,-0.48698,-0.26925,0.53182,0.63838,-0.75,1.08,0.11,-0.28364,-0.11628,0.51179,0.80256,-0.76,1.09,0.13,-0.15704,-0.06341,0.59736,0.78389,-0.77,1.1,0.15,-0.15704,-0.06341,0.59736,0.78389,-0.71,1.07,0.1,-0.34632,-0.20423,-0.15336,0.90268,-0.73,1.12,0.13,-0.18077,-0.21087,-0.08469,0.95692,-0.74,1.13,0.16,0.26583,-0.23586,-0.0062,0.9347,-0.75,1.12,0.18,0.46879,-0.20645,0.03556,0.85811,-0.76,1.1,0.19,0.46879,-0.20645,0.03556,0.85811,-0.69,1.07,0.1,-0.34632,-0.20423,-0.15336,0.90268,-0.71,1.12,0.14,-0.1469,-0.20248,-0.13391,0.9589,-0.72,1.13,0.17,0.28087,-0.24307,-0.04642,0.92729,-0.73,1.12,0.19,0.47531,-0.23704,-0.0568,0.84538,-0.74,1.1,0.21,0.47531,-0.23704,-0.0568,0.84538,-0.68,1.07,0.11,-0.34632,-0.20423,-0.15336,0.90268,-0.69,1.11,0.14,-0.14243,-0.18539,-0.19295,0.95295,-0.7,1.12,0.18,0.35275,-0.27561,-0.11343,0.88698,-0.72,1.1,0.19,0.5954,-0.31618,-0.05522,0.73653,-0.73,1.08,0.2,0.5954,-0.31618,-0.05522,0.73653,-0.67,1.07,0.11,-0.25492,-0.14553,-0.38021,0.87709,-0.67,1.09,0.15,-0.28733,-0.11354,-0.29943,0.90271,-0.68,1.11,0.17,0.2937,-0.27589,-0.25728,0.87831,-0.69,1.1,0.19,0.55679,-0.38657,-0.16233,0.71708,-0.7,1.09,0.19,0.55679,-0.38657,-0.16233,0.71708,-0.81,1.08,0.19
-0.78,1.46,-0.17,-0.78,1.46,-0.17,-0.85,1.1,0.1,0.32814,-0.12692,-0.1548,-0.92317,-0.86,1.06,0.06,0.32814,-0.12692,-0.1548,-0.92317,-0.82,1.08,0.08,0.46131,-0.22251,0.51085,-0.69044,-0.8,1.09,0.09,0.21657,-0.05542,0.47981,-0.84842,-0.79,1.1,0.12,0.07356,-0.00982,0.55747,-0.82688,-0.79,1.1,0.15,0.07356,-0.00982,0.55747,-0.82688,-0.84,1.08,0.08,0.32814,-0.12692,-0.1548,-0.92317,-0.83,1.12,0.12,0.04746,-0.19724,-0.04367,-0.97823,-0.81,1.13,0.16,-0.34567,-0.20314,0.01229,-0.91602,-0.8,1.11,0.17,-0.51947,-0.17045,0.04344,-0.83618,-0.8,1.09,0.18,-0.51947,-0.17045,0.04344,-0.83618,-0.85,1.08,0.08,0.32814,-0.12692,-0.1548,-0.92317,-0.85,1.12,0.13,0.16644,-0.13297,-0.14937,-0.96556,-0.84,1.14,0.16,-0.27496,-0.18808,-0.08833,-0.93873,-0.83,1.12,0.19,-0.49258,-0.19388,-0.10634,-0.8417,-0.82,1.1,0.2,-0.49258,-0.19388,-0.10634,-0.8417,-0.87,1.08,0.09,0.32814,-0.12692,-0.1548,-0.92317,-0.86,1.11,0.13,0.21683,-0.10359,-0.21266,-0.94712,-0.86,1.13,0.16,-0.27836,-0.2168,-0.17041,-0.92004,-0.85,1.11,0.18,-0.53961,-0.27956,-0.12282,-0.78459,-0.83,1.1,0.19,-0.53961,-0.27956,-0.12282,-0.78459,-0.87,1.07,0.09,0.25275,-0.06407,-0.38472,-0.88544,-0.88,1.09,0.13,0.2403,-0.09133,-0.28877,-0.92224,-0.88,1.11,0.16,-0.21761,-0.2114,-0.28834,-0.90819,-0.87,1.1,0.17,-0.47016,-0.33173,-0.21836,-0.78818,-0.85,1.09,0.18,-0.47016,-0.33173,-0.21836,-0.78818,-0.7,1.09,0.12,-0.34273,-0.2071,-0.1447,0.90483,-0.68,1.05,0.08,-0.34273,-0.2071,-0.1447,0.90483,-0.72,1.07,0.09,-0.4748,-0.27474,0.54648,0.6328,-0.75,1.08,0.11,-0.27072,-0.11445,0.529,0.7961,-0.76,1.09,0.13,-0.14571,-0.0612,0.61296,0.77414,-0.77,1.09,0.16,-0.14571,-0.0612,0.61296,0.77414,-0.71,1.07,0.1,-0.34273,-0.2071,-0.1447,0.90483,-0.73,1.11,0.13,-0.16304,-0.21807,-0.0691,0.95973,-0.74,1.13,0.16,0.27815,-0.23504,0.0095,0.93129,-0.75,1.11,0.18,0.47378,-0.20235,0.04949,0.85565,-0.76,1.1,0.19,0.47378,-0.20235,0.04949,0.85565,-0.69,1.07,0.1,-0.34273,-0.2071,-0.1447,0.90483,-0.71,1.11,0.14,-0.13819,-0.20615,-0.12239,0.96095,-0.72,1.13,0.18,0.29545,-0.24154,-0.03298,0.92373,-0.73,1.11,0.19,0.49387,-0.23189,-0.04298,0.83694,-0.74,1.09,0.2,0.49387,-0.23189,-0.04298,0.83694,-0.68,1.07,0.11,-0.34273,-0.2071,-0.1447,0.90483,-0.69,1.1,0.15,-0.14808,-0.18551,-0.18508,0.95363,-0.7,1.12,0.18,0.35116,-0.27239,-0.10568,0.88956,-0.72,1.1,0.19,0.597,-0.31097,-0.04801,0.73796,-0.73,1.08,0.2,0.597,-0.31097,-0.04801,0.73796,-0.67,1.07,0.11,-0.25202,-0.1471,-0.37172,0.88129,-0.68,1.09,0.15,-0.28837,-0.11611,-0.29048,0.90498,-0.68,1.11,0.17,0.29243,-0.27247,-0.24916,0.88214,-0.69,1.1,0.19,0.55988,-0.38127,-0.15452,0.71923,-0.7,1.09,0.19,0.55988,-0.38127,-0.15452,0.71923,-0.81,1.08,0.19
-0.78,1.46,-0.17,-0.78,1.46,-0.17,-0.85,1.1,0.11,0.28978,-0.11896,-0.16077,-0.93597,-0.86,1.06,0.05,0.28978,-0.11896,-0.16077,-0.93597,-0.82,1.08,0.08,0.43724,-0.23862,0.49518,-0.71181,-0.8,1.09,0.1,0.18641,-0.0736,0.46925,-0.86002,-0.79,1.1,0.13,0.046,-0.03339,0.54921,-0.83375,-0.79,1.1,0.15,0.046,-0.03339,0.54921,-0.83375,-0.84,1.08,0.08,0.28978,-0.11896,-0.16077,-0.93597,-0.83,1.12,0.13,0.01512,-0.19392,-0.05475,-0.97937,-0.81,1.12,0.16,-0.35467,-0.20355,-0.0041,-0.91256,-0.8,1.1,0.18,-0.52508,-0.17401,0.02703,-0.83263,-0.8,1.08,0.19,-0.52508,-0.17401,0.02703,-0.83263,-0.85,1.08,0.08,0.28978,-0.11896,-0.16077,-0.93597,-0.85,1.11,0.13,0.12993,-0.1248,-0.15631,-0.97114,-0.84,1.13,0.17,-0.29877,-0.18211,-0.10045,-0.93139,-0.83,1.11,0.19,-0.51185,-0.18909,-0.11944,-0.82945,-0.82,1.09,0.2,-0.51185,-0.18909,-0.11944,-0.82945,-0.87,1.07,0.09,0.28978,-0.11896,-0.16077,-0.93597,-0.86,1.1,0.13,0.18123,-0.09159,-0.21847,-0.95448,-0.86,1.12,0.17,-0.30592,-0.2066,-0.18347,-0.91108,-0.85,1.11,0.19,-0.56196,-0.2729,-0.13916,-0.76835,-0.83,1.09,0.19,-0.56196,-0.2729,-0.13916,-0.76835,-0.87,1.07,0.09,0.21619,-0.04674,-0.3879,-0.89477,-0.88,1.09,0.13,0.19977,-0.07769,-0.29341,-0.93165,-0.88,1.1,0.16,-0.25348,-0.1971,-0.29913,-0.89857,-0.87,1.09,0.18,-0.502,-0.32134,-0.23426,-0.76802,-0.85,1.08,0.18,-0.502,-0.32134,-0.23426,-0.76802,-0.7,1.09,0.12,-0.33456,-0.20282,-0.13385,0.91051,-0.68,1.05,0.08,-0.33456,-0.20282,-0.13385,0.91051,-0.72,1.07,0.09,-0.46101,-0.27849,0.5566,0.63254,-0.75,1.07,0.11,-0.25717,-0.11356,0.54047,0.79301,-0.76,1.08,0.14,-0.13855,-0.06483,0.62328,0.76689,-0.77,1.09,0.16,-0.13855,-0.06483,0.62328,0.76689,-0.71,1.07,0.1,-0.33456,-0.20282,-0.13385,0.91051,-0.73,1.11,0.13,-0.14981,-0.21634,-0.05568,0.96315,-0.74,1.12,0.16,0.2871,-0.22739,0.01957,0.93031,-0.75,1.11,0.18,0.47798,-0.19282,0.05691,0.85505,-0.76,1.09,0.19,0.47798,-0.19282,0.05691,0.85505,-0.69,1.07,0.1,-0.33456,-0.20282,-0.13385,0.91051,-0.71,1.11,0.14,-0.12835,-0.20156,-0.11103,0.96466,-0.72,1.12,0.18,0.30688,-0.23237,-0.02455,0.92262,-0.73,1.11,0.2,0.50601,-0.22044,-0.0364,0.83308,-0.74,1.09,0.21,0.50601,-0.22044,-0.0364,0.83308,-0.68,1.07,0.11,-0.33456,-0.20282,-0.13385,0.91051,-0.69,1.1,0.15,-0.15015,-0.17786,-0.17631,0.95642,-0.7,1.12,0.18,0.35098,-0.26156,-0.10186,0.89332,-0.71,1.1,0.2,0.5982,-0.29962,-0.04746,0.74171,-0.73,1.08,0.2,0.5982,-0.29962,-0.04746,0.74171,-0.67,1.07,0.11,-0.24642,-0.14027,-0.36132,0.88829,-0.67,1.09,0.15,-0.28812,-0.10992,-0.27935,0.90932,-0.68,1.11,0.17,0.29209,-0.26038,-0.24452,0.88718,-0.69,1.1,0.19,0.56245,-0.36874,-0.15376,0.7239,-0.7,1.08,0.19,0.56245,-0.36874,-0.15376,0.7239,-0.81,1.08,0.19
-0.78,1.46,-0.17,-0.78,1.46,-0.17,-0.85,1.1,0.11,0.26542,-0.12332,-0.16401,-0.94204,-0.86,1.06,0.05,0.26542,-0.12332,-0.16401,-0.94204,-0.82,1.08,0.08,0.43152,-0.25431,0.47826,-0.72138,-0.8,1.09,0.09,0.17886,-0.0945,0.45725,-0.86603,-0.79,1.1,0.12,0.04134,-0.05746,0.54044,-0.8384,-0.78,1.1,0.15,0.04134,-0.05746,0.54044,-0.8384,-0.84,1.08,0.08,0.26542,-0.12332,-0.16401,-0.94204,-0.82,1.12,0.13,-0.00508,-0.20267,-0.05709,-0.97757,-0.81,1.12,0.16,-0.34495,-0.21181,-0.00963,-0.91436,-0.8,1.1,0.18,-0.50909,-0.18338,0.02123,-0.84069,-0.79,1.08,0.19,-0.50909,-0.18338,0.02123,-0.84069,-0.85,1.08,0.08,0.26542,-0.12332,-0.16401,-0.94204,-0.85,1.11,0.13,0.11069,-0.12672,-0.15975,-0.97271,-0.84,1.12,0.17,-0.3018,-0.18338,-0.10574,-0.92957,-0.83,1.11,0.19,-0.51118,-0.19103,-0.12463,-0.82866,-0.82,1.09,0.2,-0.51118,-0.19103,-0.12463,-0.82866,-0.87,1.07,0.09,0.26542,-0.12332,-0.16401,-0.94204,-0.86,1.1,0.13,0.16566,-0.08945,-0.222,-0.9567,-0.86,1.12,0.17,-0.31072,-0.20389,-0.18987,-0.90875,-0.85,1.1,0.19,-0.56268,-0.27167,-0.14697,-0.76681,-0.83,1.08,0.19,-0.56268,-0.27167,-0.14697,-0.76681,-0.87,1.07,0.09,0.19114,-0.04513,-0.38879,-0.90015,-0.88,1.09,0.13,0.17838,-0.07394,-0.29578,-0.93553,-0.88,1.1,0.16,-0.26403,-0.18994,-0.30446,-0.89527,-0.87,1.09,0.18,-0.50741,-0.31508,-0.24323,-0.76426,-0.85,1.08,0.18,-0.50741,-0.31508,-0.24323,-0.76426,-0.7,1.09,0.12,-0.32107,-0.19846,-0.13126,0.91668,-0.68,1.05,0.08,-0.32107,-0.19846,-0.13126,0.91668,-0.72,1.06,0.1,-0.44519,-0.28612,0.56037,0.63713,-0.75,1.07,0.11,-0.24024,-0.11821,0.5466,0.79343,-0.76,1.08,0.14,-0.12957,-0.07624,0.62901,0.76272,-0.77,1.08,0.16,-0.12957,-0.07624,0.62901,0.76272,-0.71,1.07,0.1,-0.32107,-0.19846,-0.13126,0.91668,-0.73,1.11,0.14,-0.126,-0.21698,-0.04893,0.96677,-0.74,1.12,0.17,0.30499,-0.22459,0.02445,0.92517,-0.75,1.11,0.18,0.49071,-0.18909,0.06072,0.84839,-0.76,1.09,0.19,0.49071,-0.18909,0.06072,0.84839,-0.69,1.07,0.1,-0.32107,-0.19846,-0.13126,0.91668,-0.71,1.11,0.14,-0.10787,-0.19882,-0.10676,0.96821,-0.72,1.12,0.18,0.32614,-0.22777,-0.02213,0.9172,-0.73,1.11,0.2,0.52496,-0.21416,-0.03457,0.82302,-0.74,1.08,0.21,0.52496,-0.21416,-0.03457,0.82302,-0.68,1.07,0.11,-0.32107,-0.19846,-0.13126,0.91668,-0.69,1.1,0.15,-0.14062,-0.17153,-0.17455,0.95934,-0.7,1.11,0.18,0.35951,-0.25474,-0.10398,0.89165,-0.71,1.1,0.2,0.60622,-0.29352,-0.05154,0.73735,-0.73,1.08,0.2,0.60622,-0.29352,-0.05154,0.73735,-0.67,1.06,0.11,-0.23451,-0.13235,-0.35828,0.89394,-0.67,1.09,0.15,-0.27684,-0.10299,-0.27567,0.91475,-0.68,1.1,0.18,0.30053,-0.25078,-0.2465,0.88658,-0.69,1.1,0.19,0.57063,-0.36047,-0.15902,0.72052,-0.7,1.08,0.19,0.57063,-0.36047,-0.15902,0.72052,-0.81,1.08,0.19
-0.78,1.46,-0.17,-0.78,1.46,-0.17,-0.85,1.1,0.11,0.26503,-0.12921,-0.1645,-0.94128,-0.86,1.07,0.05,0.26503,-0.12921,-0.1645,-0.94128,-0.82,1.08,0.08,0.43626,-0.25803,0.47475,-0.71952,-0.8,1.09,0.09,0.18556,-0.10071,0.45469,-0.86527,-0.79,1.1,0.12,0.04861,-0.06335,0.53904,-0.83849,-0.78,1.1,0.15,0.04861,-0.06335,0.53904,-0.83849,-0.84,1.08,0.08,0.26503,-0.12921,-0.1645,-0.94128,-0.82,1.12,0.13,-0.01409,-0.21216,-0.05159,-0.97577,-0.81,1.12,0.16,-0.34218,-0.21856,-0.00381,-0.91385,-0.8,1.1,0.18,-0.49998,-0.18914,0.02657,-0.84471,-0.79,1.08,0.19,-0.49998,-0.18914,0.02657,-0.84471,-0.85,1.08,0.08,0.26503,-0.12921,-0.1645,-0.94128,-0.85,1.11,0.13,0.10962,-0.13231,-0.15939,-0.97215,-0.84,1.13,0.17,-0.29703,-0.18769,-0.10421,-0.93042,-0.82,1.11,0.19,-0.50509,-0.19503,-0.12245,-0.83178,-0.81,1.09,0.2,-0.50509,-0.19503,-0.12245,-0.83178,-0.87,1.08,0.09,0.26503,-0.12921,-0.1645,-0.94128,-0.86,1.1,0.13,0.16812,-0.09293,-0.22279,-0.95575,-0.86,1.12,0.17,-0.30797,-0.20735,-0.18889,-0.90911,-0.85,1.1,0.19,-0.56016,-0.27474,-0.14496,-0.76793,-0.83,1.09,0.19,-0.56016,-0.27474,-0.14496,-0.76793,-0.87,1.07,0.09,0.18949,-0.05086,-0.38895,-0.90012,-0.88,1.09,0.13,0.18142,-0.07496,-0.29673,-0.93457,-0.88,1.1,0.16,-0.26311,-0.1922,-0.30449,-0.89505,-0.87,1.09,0.18,-0.50785,-0.31761,-0.24204,-0.7633,-0.85,1.08,0.18,-0.50785,-0.31761,-0.24204,-0.7633,-0.7,1.09,0.12,-0.30623,-0.19643,-0.13141,0.92216,-0.68,1.05,0.08,-0.30623,-0.19643,-0.13141,0.92216,-0.72,1.06,0.1,-0.4323,-0.29489,0.55963,0.64263,-0.75,1.07,0.11,-0.22557,-0.12546,0.54857,0.79527,-0.76,1.08,0.14,-0.11976,-0.08803,0.63105,0.76137,-0.77,1.08,0.16,-0.11976,-0.08803,0.63105,0.76137,-0.71,1.07,0.1,-0.30623,-0.19643,-0.13141,0.92216,-0.73,1.11,0.14,-0.07885,-0.22072,-0.03911,0.97136,-0.74,1.11,0.17,0.3462,-0.22272,0.03373,0.91072,-0.75,1.1,0.19,0.52241,-0.18536,0.06924,0.82942,-0.76,1.08,0.2,0.52241,-0.18536,0.06924,0.82942,-0.69,1.07,0.1,-0.30623,-0.19643,-0.13141,0.92216,-0.71,1.11,0.14,-0.08358,-0.19862,-0.10451,0.9709,-0.72,1.12,0.18,0.34932,-0.2263,-0.02021,0.90904,-0.73,1.1,0.2,0.54523,-0.2108,-0.03278,0.81069,-0.74,1.08,0.21,0.54523,-0.2108,-0.03278,0.81069,-0.68,1.07,0.11,-0.30623,-0.19643,-0.13141,0.92216,-0.69,1.1,0.15,-0.12832,-0.16777,-0.17485,0.96167,-0.7,1.11,0.18,0.37049,-0.25108,-0.10657,0.88789,-0.71,1.09,0.2,0.61468,-0.29046,-0.05557,0.73124,-0.73,1.07,0.2,0.61468,-0.29046,-0.05557,0.73124,-0.67,1.06,0.11,-0.22044,-0.12654,-0.35751,0.89865,-0.67,1.08,0.15,-0.26271,-0.09741,-0.27458,0.91984,-0.68,1.1,0.18,0.31136,-0.24353,-0.24972,0.88396,-0.69,1.09,0.19,0.57811,-0.35432,-0.16574,0.71609,-0.7,1.08,0.19,0.57811,-0.35432,-0.16574,0.71609,-0.81,1.08,0.19
-0.78,1.46,-0.17,-0.78,1.46,-0.17,-0.85,1.1,0.11,0.27048,-0.13864,-0.16024,-0.93912,-0.86,1.07,0.05,0.27048,-0.13864,-0.16024,-0.93912,-0.82,1.08,0.08,0.44345,-0.26251,0.47796,-0.71134,-0.8,1.09,0.09,0.19573,-0.10542,0.45928,-0.86002,-0.79,1.1,0.12,0.0592,-0.0661,0.5443,-0.83418,-0.78,1.1,0.14,0.0592,-0.0661,0.5443,-0.83418,-0.84,1.08,0.08,0.27048,-0.13864,-0.16024,-0.93912,-0.82,1.12,0.12,-0.0357,-0.2282,-0.03208,-0.97243,-0.81,1.12,0.16,-0.36045,-0.22667,0.01958,-0.90461,-0.8,1.1,0.17,-0.5138,-0.19306,0.05103,-0.83435,-0.79,1.08,0.18,-0.5138,-0.19306,0.05103,-0.83435,-0.85,1.08,0.08,0.27048,-0.13864,-0.16024,-0.93912,-0.84,1.12,0.13,0.11253,-0.14194,-0.15322,-0.97145,-0.83,1.13,0.17,-0.29063,-0.19365,-0.09539,-0.93217,-0.82,1.11,0.19,-0.50034,-0.19936,-0.11252,-0.83501,-0.81,1.09,0.2,-0.50034,-0.19936,-0.11252,-0.83501,-0.87,1.08,0.09,0.27048,-0.13864,-0.16024,-0.93912,-0.86,1.1,0.13,0.17622,-0.10063,-0.21871,-0.95446,-0.86,1.12,0.17,-0.30108,-0.21258,-0.18138,-0.91174,-0.84,1.11,0.19,-0.55676,-0.27798,-0.13551,-0.77096,-0.83,1.09,0.19,-0.55676,-0.27798,-0.13551,-0.77096,-0.87,1.07,0.09,0.19345,-0.06134,-0.38498,-0.90034,-0.88,1.09,0.13,0.1943,-0.07758,-0.29367,-0.93273,-0.87,1.1,0.16,-0.25674,-0.19602,-0.29974,-0.89767,-0.86,1.09,0.18,-0.51031,-0.32196,-0.2333,-0.76256,-0.85,1.08,0.18,-0.51031,-0.32196,-0.2333,-0.76256,-0.7,1.09,0.12,-0.30659,-0.19648,-0.1362,0.92133,-0.68,1.05,0.08,-0.30659,-0.19648,-0.1362,0.92133,-0.72,1.06,0.1,-0.43268,-0.29222,0.55769,0.64527,-0.75,1.07,0.11,-0.22639,-0.12417,0.54548,0.79736,-0.76,1.08,0.14,-0.12444,-0.09036,0.62793,0.76292,-0.77,1.08,0.16,-0.12444,-0.09036,0.62793,0.76292,-0.71,1.07,0.1,-0.30659,-0.19648,-0.1362,0.92133,-0.73,1.11,0.14,-0.05237,-0.22511,-0.03527,0.97228,-0.74,1.11,0.17,0.3699,-0.22442,0.03872,0.90073,-0.75,1.09,0.19,0.53873,-0.18624,0.07396,0.8183,-0.76,1.08,0.19,0.53873,-0.18624,0.07396,0.8183,-0.69,1.07,0.1,-0.30659,-0.19648,-0.1362,0.92133,-0.71,1.11,0.14,-0.0761,-0.20142,-0.10703,0.97066,-0.72,1.12,0.18,0.35618,-0.22983,-0.02123,0.90546,-0.73,1.1,0.2,0.54893,-0.21406,-0.03326,0.80731,-0.74,1.08,0.21,0.54893,-0.21406,-0.03326,0.80731,-0.68,1.07,0.11,-0.30659,-0.19648,-0.1362,0.92133,-0.69,1.1,0.15,-0.12891,-0.1691,-0.17937,0.96053,-0.7,1.11,0.18,0.36856,-0.25439,-0.10999,0.88733,-0.71,1.09,0.2,0.60905,-0.29459,-0.05894,0.73403,-0.73,1.07,0.2,0.60905,-0.29459,-0.05894,0.73403,-0.67,1.06,0.11,-0.22013,-0.12687,-0.36203,0.89688,-0.67,1.08,0.15,-0.26022,-0.09853,-0.27908,0.91907,-0.67,1.1,0.18,0.31039,-0.24605,-0.25333,0.88258,-0.69,1.09,0.19,0.57121,-0.3568,-0.17061,0.71924,-0.7,1.08,0.2,0.57121,-0.3568,-0.17061,0.71924,-0.81,1.08,0.19
-0.78,1.46,-0.17,-0.78,1.46,-0.17,-0.85,1.1,0.11,0.26969,-0.14384,-0.15781,-0.93897,-0.86,1.07,0.05,0.26969,-0.14384,-0.15781,-0.93897,-0.82,1.08,0.08,0.44309,-0.26757,0.48087,-0.7077,-0.8,1.09,0.09,0.19725,-0.10998,0.46372,-0.85671,-0.79,1.1,0.12,0.06063,-0.06927,0.54913,-0.83065,-0.78,1.1,0.14,0.06063,-0.06927,0.54913,-0.83065,-0.84,1.08,0.08,0.26969,-0.14384,-0.15781,-0.93897,-0.82,1.12,0.12,-0.06525,-0.24272,-0.013,-0.96781,-0.8,1.11,0.16,-0.38265,-0.23351,0.04124,-0.89294,-0.8,1.1,0.17,-0.53061,-0.19616,0.07354,-0.82132,-0.79,1.08,0.18,-0.53061,-0.19616,0.07354,-0.82132,-0.85,1.08,0.08,0.26969,-0.14384,-0.15781,-0.93897,-0.84,1.12,0.13,0.10336,-0.14919,-0.14812,-0.97217,-0.83,1.13,0.17,-0.29229,-0.19743,-0.08931,-0.93146,-0.82,1.11,0.19,-0.50345,-0.20168,-0.10555,-0.8335,-0.81,1.09,0.2,-0.50345,-0.20168,-0.10555,-0.8335,-0.87,1.08,0.09,0.26969,-0.14384,-0.15781,-0.93897,-0.86,1.1,0.13,0.17787,-0.10382,-0.21649,-0.95431,-0.86,1.12,0.17,-0.30008,-0.21446,-0.17782,-0.91233,-0.84,1.11,0.19,-0.56096,-0.27928,-0.13019,-0.76836,-0.83,1.09,0.19,-0.56096,-0.27928,-0.13019,-0.76836,-0.87,1.07,0.09,0.19195,-0.06619,-0.38239,-0.90142,-0.88,1.09,0.13,0.20279,-0.07378,-0.29245,-0.93161,-0.87,1.1,0.16,-0.25873,-0.19604,-0.29869,-0.89745,-0.86,1.1,0.18,-0.52611,-0.32536,-0.22718,-0.75216,-0.85,1.08,0.18,-0.52611,-0.32536,-0.22718,-0.75216,-0.7,1.09,0.12,-0.30839,-0.197,-0.13719,0.92047,-0.68,1.05,0.08,-0.30839,-0.197,-0.13719,0.92047,-0.72,1.06,0.1,-0.4326,-0.29114,0.55913,0.64457,-0.75,1.07,0.11,-0.22811,-0.12379,0.54627,0.79639,-0.76,1.08,0.14,-0.13025,-0.09299,0.62854,0.76114,-0.77,1.08,0.16,-0.13025,-0.09299,0.62854,0.76114,-0.71,1.07,0.1,-0.30839,-0.197,-0.13719,0.92047,-0.73,1.11,0.14,-0.03751,-0.22884,-0.02991,0.97228,-0.74,1.11,0.17,0.38217,-0.22522,0.04476,0.89511,-0.75,1.09,0.18,0.54504,-0.18616,0.07927,0.81363,-0.76,1.07,0.19,0.54504,-0.18616,0.07927,0.81363,-0.69,1.07,0.1,-0.30839,-0.197,-0.13719,0.92047,-0.71,1.11,0.14,-0.06735,-0.20465,-0.10485,0.97087,-0.72,1.11,0.18,0.36516,-0.23169,-0.01763,0.90148,-0.73,1.1,0.2,0.55494,-0.21459,-0.02953,0.80319,-0.74,1.08,0.21,0.55494,-0.21459,-0.02953,0.80319,-0.68,1.07,0.11,-0.30839,-0.197,-0.13719,0.92047,-0.69,1.1,0.15,-0.12707,-0.17148,-0.17925,0.96037,-0.7,1.11,0.18,0.36907,-0.25619,-0.10902,0.88672,-0.71,1.09,0.2,0.606,-0.29595,-0.05859,0.73603,-0.73,1.07,0.2,0.606,-0.29595,-0.05859,0.73603,-0.67,1.06,0.11,-0.22164,-0.12788,-0.36305,0.89595,-0.67,1.08,0.15,-0.25482,-0.102,-0.27969,0.92002,-0.68,1.1,0.18,0.31099,-0.24755,-0.25299,0.88204,-0.69,1.09,0.19,0.56391,-0.35656,-0.17322,0.72448,-0.7,1.08,0.2,0.56391,-0.35656,-0.17322,0.72448,-0.81,1.08,0.19
-0.78,1.46,-0.17,-0.78,1.46,-0.17,-0.85,1.1,0.11,0.27149,-0.14306,-0.16325,-0.93764,-0.86,1.07,0.05,0.27149,-0.14306,-0.16325,-0.93764,-0.82,1.08,0.08,0.44333,-0.26663,0.47952,-0.70882,-0.8,1.09,0.09,0.19795,-0.10993,0.4619,-0.85755,-0.79,1.1,0.12,0.06202,-0.06992,0.54742,-0.83162,-0.78,1.1,0.14,0.06202,-0.06992,0.54742,-0.83162,-0.84,1.08,0.08,0.27149,-0.14306,-0.16325,-0.93764,-0.82,1.12,0.12,-0.07497,-0.24811,-0.01153,-0.96576,-0.81,1.11,0.16,-0.37543,-0.23862,0.04014,-0.89471,-0.8,1.1,0.17,-0.51638,-0.20202,0.07112,-0.82914,-0.79,1.08,0.18,-0.51638,-0.20202,0.07112,-0.82914,-0.85,1.08,0.08,0.27149,-0.14306,-0.16325,-0.93764,-0.84,1.12,0.13,0.0952,-0.15161,-0.15173,-0.97207,-0.83,1.13,0.17,-0.29301,-0.20032,-0.09311,-0.93024,-0.82,1.11,0.19,-0.50403,-0.20527,-0.10854,-0.83189,-0.81,1.09,0.2,-0.50403,-0.20527,-0.10854,-0.83189,-0.87,1.08,0.09,0.27149,-0.14306,-0.16325,-0.93764,-0.86,1.11,0.13,0.17615,-0.10354,-0.22189,-0.95342,-0.86,1.12,0.17,-0.30183,-0.21685,-0.18251,-0.91025,-0.84,1.11,0.19,-0.56522,-0.28326,-0.133,-0.76328,-0.83,1.09,0.19,-0.56522,-0.28326,-0.133,-0.76328,-0.87,1.07,0.09,0.19312,-0.06609,-0.38764,-0.89893,-0.88,1.09,0.13,0.20399,-0.07073,-0.29843,-0.92969,-0.88,1.1,0.16,-0.26375,-0.1985,-0.30404,-0.89364,-0.87,1.1,0.18,-0.5377,-0.33154,-0.22838,-0.74081,-0.85,1.08,0.18,-0.5377,-0.33154,-0.22838,-0.74081,-0.7,1.09,0.12,-0.31239,-0.196,-0.13669,0.91941,-0.68,1.05,0.08,-0.31239,-0.196,-0.13669,0.91941,-0.72,1.06,0.1,-0.43143,-0.28856,0.56346,0.64274,-0.75,1.07,0.11,-0.2306,-0.122,0.54926,0.79389,-0.76,1.08,0.14,-0.13476,-0.0923,0.63118,0.75824,-0.77,1.08,0.16,-0.13476,-0.0923,0.63118,0.75824,-0.71,1.07,0.1,-0.31239,-0.196,-0.13669,0.91941,-0.73,1.11,0.14,-0.03891,-0.23013,-0.02725,0.972,-0.74,1.11,0.17,0.37658,-0.22551,0.04666,0.8973,-0.75,1.09,0.18,0.53715,-0.18638,0.08033,0.81871,-0.76,1.08,0.19,0.53715,-0.18638,0.08033,0.81871,-0.69,1.07,0.1,-0.31239,-0.196,-0.13669,0.91941,-0.71,1.11,0.14,-0.06595,-0.20501,-0.10302,0.97109,-0.72,1.12,0.18,0.36546,-0.23118,-0.0161,0.90152,-0.73,1.1,0.2,0.55461,-0.21379,-0.02825,0.80368,-0.74,1.08,0.21,0.55461,-0.21379,-0.02825,0.80368,-0.68,1.07,0.11,-0.31239,-0.196,-0.13669,0.91941,-0.69,1.1,0.15,-0.1275,-0.17124,-0.17853,0.96049,-0.7,1.11,0.18,0.36479,-0.2552,-0.10955,0.88871,-0.71,1.1,0.2,0.60088,-0.29526,-0.05977,0.7404,-0.73,1.08,0.2,0.60088,-0.29526,-0.05977,0.7404,-0.67,1.06,0.11,-0.22581,-0.12789,-0.36292,0.89495,-0.67,1.08,0.15,-0.25523,-0.1019,-0.2796,0.91994,-0.67,1.1,0.18,0.30451,-0.24582,-0.25438,0.88439,-0.69,1.09,0.19,0.55344,-0.35445,-0.17694,0.73264,-0.7,1.08,0.2,0.55344,-0.35445,-0.17694,0.73264,-0.81,1.08,0.19
-0.78,1.46,-0.17,-0.78,1.46,-0.17,-0.85,1.1,0.11,0.27328,-0.1393,-0.16801,-0.93685,-0.86,1.07,0.05,0.27328,-0.1393,-0.16801,-0.93685,-0.83,1.08,0.08,0.44238,-0.26373,0.47857,-0.71114,-0.8,1.09,0.09,0.19787,-0.10806,0.45969,-0.85899,-0.79,1.1,0.12,0.06321,-0.06944,0.54509,-0.8331,-0.78,1.1,0.14,0.06321,-0.06944,0.54509,-0.8331,-0.84,1.08,0.08,0.27328,-0.1393,-0.16801,-0.93685,-0.82,1.12,0.12,-0.08395,-0.24916,-0.01184,-0.96474,-0.81,1.11,0.16,-0.36633,-0.24019,0.0355,-0.89825,-0.8,1.1,0.17,-0.49829,-0.20503,0.0639,-0.83999,-0.79,1.08,0.18,-0.49829,-0.20503,0.0639,-0.83999,-0.85,1.08,0.08,0.27328,-0.1393,-0.16801,-0.93685,-0.85,1.12,0.13,0.08968,-0.14968,-0.15608,-0.97221,-0.83,1.13,0.17,-0.29392,-0.19973,-0.09877,-0.9295,-0.82,1.11,0.19,-0.50557,-0.20596,-0.11399,-0.83005,-0.81,1.09,0.2,-0.50557,-0.20596,-0.11399,-0.83005,-0.87,1.08,0.09,0.27328,-0.1393,-0.16801,-0.93685,-0.86,1.11,0.13,0.17249,-0.09996,-0.2269,-0.95329,-0.86,1.12,0.17,-0.30994,-0.21698,-0.18755,-0.90647,-0.85,1.11,0.19,-0.57742,-0.28537,-0.13622,-0.75273,-0.83,1.09,0.19,-0.57742,-0.28537,-0.13622,-0.75273,-0.88,1.07,0.09,0.19497,-0.06302,-0.39241,-0.89668,-0.88,1.09,0.13,0.20453,-0.0643,-0.30401,-0.92823,-0.88,1.1,0.16,-0.27351,-0.19925,-0.30987,-0.88852,-0.87,1.1,0.18,-0.55602,-0.33712,-0.22952,-0.72424,-0.85,1.08,0.18,-0.55602,-0.33712,-0.22952,-0.72424,-0.7,1.09,0.12,-0.31887,-0.19674,-0.13354,0.91749,-0.68,1.05,0.08,-0.31887,-0.19674,-0.13354,0.91749,-0.72,1.06,0.1,-0.43249,-0.28422,0.56958,0.63856,-0.75,1.07,0.11,-0.2357,-0.11804,0.55365,0.78993,-0.76,1.08,0.14,-0.14102,-0.08848,0.63507,0.7543,-0.77,1.08,0.16,-0.14102,-0.08848,0.63507,0.7543,-0.71,1.07,0.1,-0.31887,-0.19674,-0.13354,0.91749,-0.73,1.11,0.14,-0.04236,-0.23162,-0.02172,0.97164,-0.74,1.11,0.17,0.36772,-0.22496,0.0509,0.90088,-0.75,1.1,0.18,0.52587,-0.1854,0.08336,0.82592,-0.76,1.08,0.19,0.52587,-0.1854,0.08336,0.82592,-0.69,1.07,0.1,-0.31887,-0.19674,-0.13354,0.91749,-0.71,1.11,0.14,-0.06939,-0.20536,-0.09923,0.97117,-0.72,1.12,0.18,0.36098,-0.22987,-0.01289,0.90371,-0.73,1.1,0.2,0.5499,-0.21218,-0.02559,0.80742,-0.74,1.08,0.21,0.5499,-0.21218,-0.02559,0.80742,-0.68,1.07,0.11,-0.31887,-0.19674,-0.13354,0.91749,-0.69,1.1,0.15,-0.13203,-0.17147,-0.17565,0.96037,-0.7,1.11,0.18,0.35795,-0.25386,-0.10762,0.8921,-0.71,1.1,0.2,0.59397,-0.29363,-0.05858,0.7467,-0.73,1.08,0.2,0.59397,-0.29363,-0.05858,0.7467,-0.67,1.06,0.11,-0.2324,-0.13016,-0.36038,0.89397,-0.67,1.09,0.15,-0.2591,-0.10226,-0.2775,0.91946,-0.67,1.1,0.18,0.29722,-0.24428,-0.25331,0.88759,-0.69,1.09,0.19,0.5437,-0.35201,-0.17771,0.74088,-0.7,1.08,0.2,0.5437,-0.35201,-0.17771,0.74088,-0.81,1.08,0.19
-0.78,1.46,-0.17,-0.78,1.46,-0.17,-0.85,1.1,0.11,0.27681,-0.13475,-0.17482,-0.93523,-0.86,1.07,0.05,0.27681,-0.13475,-0.17482,-0.93523,-0.83,1.08,0.08,0.44466,-0.25728,0.47438,-0.71487,-0.8,1.09,0.09,0.20175,-0.10465,0.45286,-0.86213,-0.79,1.1,0.12,0.06869,-0.06814,0.53833,-0.83716,-0.78,1.1,0.14,0.06869,-0.06814,0.53833,-0.83716,-0.84,1.08,0.08,0.27681,-0.13475,-0.17482,-0.93523,-0.83,1.12,0.12,-0.09623,-0.24957,-0.01319,-0.96347,-0.81,1.11,0.16,-0.36127,-0.24122,0.0299,-0.90022,-0.8,1.1,0.17,-0.4828,-0.20752,0.05544,-0.84898,-0.79,1.08,0.18,-0.4828,-0.20752,0.05544,-0.84898,-0.85,1.08,0.08,0.27681,-0.13475,-0.17482,-0.93523,-0.85,1.12,0.13,0.08623,-0.1477,-0.16258,-0.97176,-0.84,1.13,0.17,-0.29312,-0.19993,-0.10633,-0.92887,-0.82,1.11,0.19,-0.50454,-0.20788,-0.12127,-0.82917,-0.81,1.09,0.2,-0.50454,-0.20788,-0.12127,-0.82917,-0.87,1.08,0.09,0.27681,-0.13475,-0.17482,-0.93523,-0.86,1.11,0.13,0.17265,-0.09584,-0.23426,-0.95191,-0.86,1.12,0.17,-0.31403,-0.21798,-0.19479,-0.90328,-0.85,1.11,0.19,-0.58324,-0.28882,-0.1419,-0.74584,-0.83,1.09,0.19,-0.58324,-0.28882,-0.1419,-0.74584,-0.88,1.07,0.09,0.1984,-0.05971,-0.39924,-0.89313,-0.88,1.09,0.13,0.20837,-0.05828,-0.31151,-0.92528,-0.88,1.1,0.16,-0.27546,-0.2003,-0.31791,-0.88484,-0.87,1.1,0.18,-0.56121,-0.34223,-0.23463,-0.71615,-0.85,1.08,0.18,-0.56121,-0.34223,-0.23463,-0.71615,-0.7,1.09,0.12,-0.32524,-0.19751,-0.13045,0.91553,-0.68,1.05,0.08,-0.32524,-0.19751,-0.13045,0.91553,-0.72,1.06,0.1,-0.4338,-0.27903,0.57534,0.63478,-0.75,1.07,0.11,-0.24053,-0.11311,0.55754,0.78645,-0.76,1.08,0.14,-0.14659,-0.08353,0.63842,0.75097,-0.77,1.08,0.16,-0.14659,-0.08353,0.63842,0.75097,-0.71,1.07,0.1,-0.32524,-0.19751,-0.13045,0.91553,-0.73,1.11,0.14,-0.0435,-0.23223,-0.01626,0.97155,-0.74,1.11,0.17,0.36258,-0.22354,0.05511,0.90307,-0.75,1.1,0.18,0.51783,-0.18359,0.0863,0.83108,-0.76,1.08,0.19,0.51783,-0.18359,0.0863,0.83108,-0.69,1.07,0.1,-0.32524,-0.19751,-0.13045,0.91553,-0.71,1.11,0.14,-0.07312,-0.20542,-0.09574,0.97123,-0.72,1.12,0.18,0.35699,-0.22846,-0.00988,0.90569,-0.73,1.1,0.2,0.54553,-0.21048,-0.02316,0.8109,-0.74,1.08,0.21,0.54553,-0.21048,-0.02316,0.8109,-0.68,1.07,0.11,-0.32524,-0.19751,-0.13045,0.91553,-0.69,1.1,0.15,-0.13681,-0.17152,-0.17297,0.96018,-0.7,1.11,0.18,0.35244,-0.25264,-0.10553,0.89489,-0.71,1.1,0.2,0.58826,-0.29204,-0.05716,0.75193,-0.73,1.08,0.2,0.58826,-0.29204,-0.05716,0.75193,-0.67,1.06,0.11,-0.23888,-0.13244,-0.35786,0.89294,-0.67,1.09,0.15,-0.26208,-0.10308,-0.27536,0.91917,-0.67,1.1,0.18,0.29205,-0.24336,-0.25169,0.89002,-0.69,1.09,0.19,0.53664,-0.35015,-0.17743,0.74695,-0.7,1.08,0.2,0.53664,-0.35015,-0.17743,0.74695,-0.81,1.08,0.19
-0.78,1.46,-0.17,-0.78,1.46,-0.17,-0.85,1.1,0.1,0.2834,-0.1322,-0.18427,-0.9318,-0.86,1.07,0.05,0.2834,-0.1322,-0.18427,-0.9318,-0.83,1.08,0.08,0.44882,-0.2484,0.47062,-0.7179,-0.8,1.09,0.09,0.20736,-0.09869,0.44578,-0.86518,-0.79,1.1,0.12,0.07604,-0.06438,0.53108,-0.84145,-0.78,1.11,0.14,0.07604,-0.06438,0.53108,-0.84145,-0.84,1.09,0.08,0.2834,-0.1322,-0.18427,-0.9318,-0.83,1.12,0.12,-0.13065,-0.25077,-0.01036,-0.95913,-0.81,1.11,0.15,-0.38774,-0.2409,0.03156,-0.88917,-0.8,1.1,0.17,-0.49582,-0.20743,0.05471,-0.84152,-0.79,1.08,0.18,-0.49582,-0.20743,0.05471,-0.84152,-0.85,1.08,0.08,0.2834,-0.1322,-0.18427,-0.9318,-0.85,1.12,0.13,0.07462,-0.15075,-0.16933,-0.9711,-0.84,1.13,0.17,-0.30045,-0.20479,-0.1121,-0.92478,-0.83,1.11,0.19,-0.50815,-0.21314,-0.12605,-0.82491,-0.81,1.09,0.2,-0.50815,-0.21314,-0.12605,-0.82491,-0.87,1.08,0.09,0.2834,-0.1322,-0.18427,-0.9318,-0.86,1.11,0.13,0.17033,-0.09672,-0.24328,-0.94997,-0.86,1.12,0.17,-0.32063,-0.22423,-0.20092,-0.89808,-0.85,1.11,0.18,-0.58734,-0.29635,-0.14595,-0.73886,-0.83,1.09,0.19,-0.58734,-0.29635,-0.14595,-0.73886,-0.88,1.07,0.09,0.20405,-0.05925,-0.40865,-0.88761,-0.88,1.09,0.13,0.21349,-0.05645,-0.32147,-0.92081,-0.88,1.1,0.16,-0.28007,-0.20793,-0.32514,-0.87898,-0.87,1.1,0.17,-0.56446,-0.35211,-0.2382,-0.70758,-0.85,1.08,0.18,-0.56446,-0.35211,-0.2382,-0.70758,-0.7,1.09,0.12,-0.32849,-0.19865,-0.12959,0.91424,-0.68,1.05,0.08,-0.32849,-0.19865,-0.12959,0.91424,-0.72,1.06,0.1,-0.43621,-0.27546,0.57665,0.6335,-0.75,1.07,0.11,-0.24468,-0.11042,0.55756,0.78554,-0.76,1.08,0.14,-0.15227,-0.0819,0.63829,0.75013,-0.77,1.08,0.16,-0.15227,-0.0819,0.63829,0.75013,-0.71,1.07,0.1,-0.32849,-0.19865,-0.12959,0.91424,-0.73,1.11,0.14,-0.04162,-0.23373,-0.01303,0.97132,-0.74,1.11,0.17,0.35909,-0.22387,0.05738,0.90424,-0.75,1.1,0.18,0.51125,-0.18386,0.08769,0.83494,-0.76,1.08,0.19,0.51125,-0.18386,0.08769,0.83494,-0.69,1.07,0.1,-0.32849,-0.19865,-0.12959,0.91424,-0.71,1.11,0.14,-0.0743,-0.20624,-0.09442,0.9711,-0.72,1.12,0.18,0.35467,-0.22863,-0.00864,0.90657,-0.73,1.1,0.2,0.54209,-0.2106,-0.02216,0.8132,-0.74,1.08,0.21,0.54209,-0.2106,-0.02216,0.8132,-0.68,1.07,0.11,-0.32849,-0.19865,-0.12959,0.91424,-0.69,1.1,0.15,-0.13825,-0.1719,-0.17234,0.96002,-0.7,1.11,0.18,0.34979,-0.25258,-0.1051,0.89599,-0.71,1.1,0.2,0.58452,-0.29191,-0.05717,0.75489,-0.73,1.08,0.2,0.58452,-0.29191,-0.05717,0.75489,-0.67,1.06,0.11,-0.24194,-0.13438,-0.3572,0.89209,-0.67,1.09,0.15,-0.26037,-0.10507,-0.27478,0.9196,-0.68,1.1,0.18,0.29018,-0.2436,-0.25096,0.89077,-0.69,1.1,0.19,0.53164,-0.34949,-0.17802,0.75068,-0.7,1.08,0.2,0.53164,-0.34949,-0.17802,0.75068,-0.81,1.08,0.19
-0.78,1.46,-0.17,-0.78,1.46,-0.17,-0.85,1.1,0.1,0.29743,-0.11988,-0.22682,-0.91963,-0.86,1.07,0.05,0.29743,-0.11988,-0.22682,-0.91963,-0.83,1.09,0.08,0.45309,-0.21745,0.45237,-0.73674,-0.8,1.1,0.09,0.21061,-0.07601,0.41689,-0.88095,-0.79,1.11,0.12,0.08387,-0.05039,0.50116,-0.85981,-0.79,1.11,0.15,0.08387,-0.05039,0.50116,-0.85981,-0.84,1.09,0.08,0.29743,-0.11988,-0.22682,-0.91963,-0.83,1.13,0.12,-0.18091,-0.25217,-0.0409,-0.94974,-0.81,1.11,0.15,-0.47433,-0.24868,0.01466,-0.84436,-0.8,1.09,0.16,-0.57991,-0.21669,0.04262,-0.78418,-0.8,1.07,0.17,-0.57991,-0.21669,0.04262,-0.78418,-0.85,1.08,0.08,0.29743,-0.11988,-0.22682,-0.91963,-0.85,1.12,0.13,0.05556,-0.15674,-0.20743,-0.96401,-0.84,1.13,0.17,-0.31497,-0.22444,-0.14513,-0.91069,-0.83,1.12,0.19,-0.51488,-0.23781,-0.1541,-0.80907,-0.82,1.1,0.2,-0.51488,-0.23781,-0.1541,-0.80907,-0.87,1.08,0.09,0.29743,-0.11988,-0.22682,-0.91963,-0.87,1.11,0.13,0.15794,-0.0986,-0.28397,-0.94058,-0.86,1.12,0.17,-0.32625,-0.24525,-0.23515,-0.88211,-0.85,1.11,0.18,-0.58075,-0.32548,-0.17383,-0.72566,-0.83,1.09,0.19,-0.58075,-0.32548,-0.17383,-0.72566,-0.88,1.07,0.09,0.21444,-0.05272,-0.44951,-0.86555,-0.88,1.09,0.13,0.20535,-0.0558,-0.36397,-0.90678,-0.88,1.1,0.16,-0.29537,-0.23377,-0.35782,-0.85444,-0.87,1.1,0.17,-0.56489,-0.38579,-0.2617,-0.68086,-0.85,1.09,0.18,-0.56489,-0.38579,-0.2617,-0.68086,-0.7,1.09,0.12,-0.32718,-0.19743,-0.13376,0.91438,-0.68,1.05,0.08,-0.32718,-0.19743,-0.13376,0.91438,-0.72,1.06,0.1,-0.43822,-0.27254,0.57149,0.63803,-0.75,1.07,0.11,-0.24706,-0.11027,0.55101,0.78942,-0.76,1.08,0.14,-0.15663,-0.08397,0.63217,0.75418,-0.77,1.08,0.16,-0.15663,-0.08397,0.63217,0.75418,-0.71,1.07,0.1,-0.32718,-0.19743,-0.13376,0.91438,-0.73,1.11,0.14,-0.03593,-0.23471,-0.01562,0.97128,-0.74,1.11,0.17,0.36111,-0.22586,0.05458,0.90311,-0.75,1.1,0.18,0.5114,-0.18644,0.08491,0.83456,-0.76,1.08,0.19,0.5114,-0.18644,0.08491,0.83456,-0.69,1.07,0.1,-0.32718,-0.19743,-0.13376,0.91438,-0.71,1.11,0.14,-0.07231,-0.20587,-0.09879,0.97089,-0.72,1.12,0.18,0.35569,-0.23015,-0.0129,0.90573,-0.73,1.1,0.2,0.54311,-0.21287,-0.02597,0.81182,-0.74,1.08,0.21,0.54311,-0.21287,-0.02597,0.81182,-0.68,1.07,0.11,-0.32718,-0.19743,-0.13376,0.91438,-0.69,1.1,0.15,-0.13676,-0.17051,-0.17697,0.95964,-0.7,1.11,0.18,0.3495,-0.25341,-0.11016,0.89527,-0.71,1.1,0.2,0.58313,-0.29407,-0.06202,0.75475,-0.73,1.08,0.2,0.58313,-0.29407,-0.06202,0.75475,-0.67,1.06,0.11,-0.24033,-0.13298,-0.36109,0.89116,-0.67,1.09,0.15,-0.2558,-0.10384,-0.27875,0.91983,-0.67,1.1,0.18,0.28784,-0.24265,-0.25632,0.89026,-0.69,1.1,0.19,0.52549,-0.34944,-0.18474,0.75341,-0.7,1.08,0.2,0.52549,-0.34944,-0.18474,0.75341,-0.81,1.08,0.19
-0.78,1.46,-0.17,-0.78,1.46,-0.17,-0.85,1.1,0.11,0.3063,-0.1116,-0.23919,-0.91461,-0.86,1.07,0.05,0.3063,-0.1116,-0.23919,-0.91461,-0.83,1.09,0.08,0.4559,-0.20345,0.44728,-0.7421,-0.8,1.1,0.09,0.21836,-0.06701,0.40649,-0.88465,-0.8,1.11,0.12,0.10043,-0.04768,0.49073,-0.86419,-0.79,1.12,0.15,0.10043,-0.04768,0.49073,-0.86419,-0.84,1.09,0.08,0.3063,-0.1116,-0.23919,-0.91461,-0.83,1.13,0.12,-0.16521,-0.24477,-0.06289,-0.95333,-0.82,1.12,0.15,-0.48572,-0.2491,-0.00106,-0.83787,-0.81,1.1,0.16,-0.5975,-0.21889,0.02953,-0.77085,-0.8,1.08,0.17,-0.5975,-0.21889,0.02953,-0.77085,-0.85,1.08,0.08,0.3063,-0.1116,-0.23919,-0.91461,-0.85,1.12,0.13,0.05861,-0.15489,-0.21967,-0.96142,-0.84,1.13,0.17,-0.31041,-0.22726,-0.1573,-0.90953,-0.83,1.12,0.19,-0.50642,-0.24292,-0.16601,-0.81054,-0.82,1.1,0.2,-0.50642,-0.24292,-0.16601,-0.81054,-0.87,1.08,0.09,0.3063,-0.1116,-0.23919,-0.91461,-0.87,1.11,0.13,0.15923,-0.09662,-0.29616,-0.9368,-0.87,1.12,0.17,-0.31524,-0.24743,-0.24855,-0.88183,-0.85,1.11,0.18,-0.5611,-0.33024,-0.18875,-0.73518,-0.83,1.1,0.19,-0.5611,-0.33024,-0.18875,-0.73518,-0.88,1.07,0.09,0.22309,-0.04747,-0.46185,-0.85713,-0.88,1.09,0.13,0.20217,-0.05435,-0.37704,-0.90223,-0.88,1.1,0.16,-0.29229,-0.23751,-0.37019,-0.84918,-0.87,1.1,0.17,-0.54748,-0.38916,-0.27798,-0.68669,-0.85,1.09,0.18,-0.54748,-0.38916,-0.27798,-0.68669,-0.7,1.09,0.12,-0.32701,-0.19694,-0.13415,0.91449,-0.68,1.05,0.08,-0.32701,-0.19694,-0.13415,0.91449,-0.72,1.06,0.1,-0.43988,-0.27066,0.56947,0.63949,-0.75,1.07,0.11,-0.24869,-0.10936,0.54828,0.79094,-0.76,1.08,0.14,-0.15783,-0.08297,0.6296,0.75618,-0.77,1.08,0.16,-0.15783,-0.08297,0.6296,0.75618,-0.71,1.07,0.1,-0.32701,-0.19694,-0.13415,0.91449,-0.73,1.11,0.14,-0.03526,-0.23527,-0.01535,0.97117,-0.74,1.11,0.17,0.36045,-0.22632,0.05474,0.90325,-0.75,1.1,0.18,0.51038,-0.18692,0.08503,0.83507,-0.76,1.08,0.19,0.51038,-0.18692,0.08503,0.83507,-0.69,1.07,0.1,-0.32701,-0.19694,-0.13415,0.91449,-0.71,1.11,0.14,-0.07133,-0.20551,-0.09918,0.971,-0.72,1.12,0.18,0.35751,-0.22998,-0.01318,0.90505,-0.73,1.1,0.2,0.54568,-0.21261,-0.0261,0.81016,-0.74,1.08,0.21,0.54568,-0.21261,-0.0261,0.81016,-0.68,1.07,0.11,-0.32701,-0.19694,-0.13415,0.91449,-0.69,1.1,0.15,-0.13524,-0.16986,-0.17743,0.95988,-0.7,1.11,0.18,0.35104,-0.25301,-0.11087,0.89469,-0.71,1.1,0.2,0.58484,-0.29385,-0.06272,0.75345,-0.73,1.08,0.2,0.58484,-0.29385,-0.06272,0.75345,-0.67,1.06,0.11,-0.24021,-0.13247,-0.36148,0.89111,-0.67,1.09,0.15,-0.25239,-0.10386,-0.27905,0.92067,-0.67,1.1,0.18,0.28861,-0.24185,-0.25715,0.88999,-0.69,1.09,0.19,0.52498,-0.34867,-0.18627,0.75374,-0.7,1.08,0.2,0.52498,-0.34867,-0.18627,0.75374,-0.81,1.08,0.19
-0.78,1.46,-0.17,-0.78,1.46,-0.17,-0.86,1.11,0.11,0.31907,-0.09845,-0.23085,-0.9139,-0.86,1.07,0.05,0.31907,-0.09845,-0.23085,-0.9139,-0.83,1.09,0.08,0.4616,-0.19603,0.45246,-0.73741,-0.81,1.11,0.1,0.23182,-0.06192,0.40856,-0.88063,-0.8,1.12,0.13,0.12592,-0.04796,0.49296,-0.85955,-0.79,1.12,0.15,0.12592,-0.04796,0.49296,-0.85955,-0.84,1.09,0.08,0.31907,-0.09845,-0.23085,-0.9139,-0.84,1.13,0.12,-0.08697,-0.21986,-0.0828,-0.96811,-0.82,1.13,0.16,-0.40651,-0.23417,-0.03116,-0.88258,-0.81,1.11,0.17,-0.52731,-0.20845,-0.0044,-0.82369,-0.8,1.09,0.18,-0.52731,-0.20845,-0.0044,-0.82369,-0.85,1.09,0.08,0.31907,-0.09845,-0.23085,-0.9139,-0.86,1.13,0.13,0.08198,-0.13956,-0.21573,-0.96295,-0.85,1.14,0.17,-0.28477,-0.21112,-0.16045,-0.92119,-0.83,1.12,0.19,-0.47519,-0.22842,-0.1743,-0.83165,-0.82,1.11,0.2,-0.47519,-0.22842,-0.1743,-0.83165,-0.87,1.08,0.09,0.31907,-0.09845,-0.23085,-0.9139,-0.87,1.11,0.13,0.17601,-0.08438,-0.28998,-0.93691,-0.87,1.13,0.17,-0.27877,-0.22859,-0.25392,-0.89753,-0.85,1.12,0.19,-0.51461,-0.31177,-0.20382,-0.77229,-0.84,1.1,0.19,-0.51461,-0.31177,-0.20382,-0.77229,-0.88,1.07,0.09,0.23936,-0.03733,-0.45565,-0.85656,-0.88,1.09,0.13,0.21233,-0.04554,-0.37084,-0.90295,-0.89,1.11,0.16,-0.25753,-0.21699,-0.37495,-0.86372,-0.87,1.1,0.18,-0.49068,-0.36151,-0.30091,-0.73348,-0.86,1.09,0.18,-0.49068,-0.36151,-0.30091,-0.73348,-0.7,1.09,0.12,-0.32521,-0.19648,-0.13484,0.91512,-0.68,1.05,0.08,-0.32521,-0.19648,-0.13484,0.91512,-0.72,1.06,0.1,-0.44134,-0.27145,0.56606,0.64118,-0.75,1.07,0.11,-0.24925,-0.11099,0.54506,0.79276,-0.76,1.08,0.14,-0.1581,-0.08457,0.62674,0.75832,-0.77,1.08,0.16,-0.1581,-0.08457,0.62674,0.75832,-0.71,1.07,0.1,-0.32521,-0.19648,-0.13484,0.91512,-0.73,1.11,0.14,-0.03261,-0.23639,-0.01502,0.97099,-0.74,1.11,0.17,0.36149,-0.22723,0.05514,0.90258,-0.75,1.1,0.18,0.51037,-0.18782,0.08538,0.83484,-0.76,1.08,0.19,0.51037,-0.18782,0.08538,0.83484,-0.69,1.07,0.1,-0.32521,-0.19648,-0.13484,0.91512,-0.71,1.11,0.14,-0.06825,-0.2054,-0.09961,0.9712,-0.72,1.12,0.18,0.36206,-0.23006,-0.0132,0.90322,-0.73,1.1,0.2,0.55108,-0.21235,-0.02581,0.80657,-0.74,1.08,0.21,0.55108,-0.21235,-0.02581,0.80657,-0.68,1.07,0.11,-0.32521,-0.19648,-0.13484,0.91512,-0.69,1.1,0.15,-0.13212,-0.16915,-0.17809,0.96032,-0.7,1.11,0.18,0.35449,-0.25265,-0.11171,0.89332,-0.71,1.1,0.2,0.58802,-0.29364,-0.06362,0.75097,-0.73,1.08,0.2,0.58802,-0.29364,-0.06362,0.75097,-0.67,1.06,0.12,-0.23846,-0.13157,-0.36204,0.89149,-0.67,1.09,0.15,-0.24663,-0.10397,-0.2794,0.92212,-0.67,1.1,0.18,0.29278,-0.24126,-0.25774,0.88862,-0.69,1.09,0.19,0.52694,-0.34788,-0.18785,0.75235,-0.7,1.08,0.2,0.52694,-0.34788,-0.18785,0.75235,-0.81,1.08,0.19
-0.78,1.46,-0.17,-0.78,1.46,-0.17,-0.86,1.11,0.11,0.3512,-0.07528,-0.13271,-0.92378,-0.86,1.07,0.06,0.3512,-0.07528,-0.13271,-0.92378,-0.83,1.08,0.08,0.45679,-0.1864,0.52665,-0.69226,-0.8,1.1,0.1,0.24173,-0.0315,0.48063,-0.84236,-0.79,1.11,0.13,0.13253,-0.00733,0.55873,-0.81866,-0.79,1.12,0.15,0.13253,-0.00733,0.55873,-0.81866,-0.84,1.09,0.08,0.3512,-0.07528,-0.13271,-0.92378,-0.83,1.13,0.12,0.05952,-0.13314,-0.04155,-0.98844,-0.82,1.13,0.16,-0.27489,-0.14264,-0.02075,-0.95061,-0.82,1.12,0.18,-0.41624,-0.11727,-0.00901,-0.90162,-0.81,1.11,0.19,-0.41624,-0.11727,-0.00901,-0.90162,-0.86,1.08,0.08,0.3512,-0.07528,-0.13271,-0.92378,-0.86,1.13,0.13,0.13409,-0.08901,-0.12997,-0.97837,-0.85,1.14,0.17,-0.25396,-0.1342,-0.09821,-0.95281,-0.84,1.13,0.19,-0.441,-0.1423,-0.13101,-0.87641,-0.83,1.11,0.2,-0.441,-0.1423,-0.13101,-0.87641,-0.87,1.08,0.09,0.3512,-0.07528,-0.13271,-0.92378,-0.87,1.12,0.13,0.20997,-0.05469,-0.19679,-0.95614,-0.87,1.13,0.16,-0.23798,-0.15695,-0.18847,-0.93979,-0.86,1.12,0.18,-0.46699,-0.22361,-0.16454,-0.83955,-0.85,1.11,0.2,-0.46699,-0.22361,-0.16454,-0.83955,-0.88,1.08,0.09,0.28885,-0.01837,-0.36764,-0.88378,-0.89,1.1,0.13,0.24793,-0.03663,-0.27637,-0.9278,-0.89,1.12,0.16,-0.16403,-0.14327,-0.30799,-0.92613,-0.88,1.11,0.17,-0.36296,-0.2561,-0.2715,-0.85379,-0.87,1.1,0.19,-0.36296,-0.2561,-0.2715,-0.85379,-0.7,1.09,0.12,-0.31467,-0.19276,-0.13846,0.91905,-0.68,1.05,0.08,-0.31467,-0.19276,-0.13846,0.91905,-0.72,1.06,0.1,-0.43834,-0.2796,0.55678,0.64783,-0.75,1.07,0.11,-0.24385,-0.12106,0.53794,0.79781,-0.76,1.08,0.14,-0.1534,-0.09581,0.62068,0.76292,-0.77,1.08,0.16,-0.1534,-0.09581,0.62068,0.76292,-0.71,1.07,0.1,-0.31467,-0.19276,-0.13846,0.91905,-0.73,1.11,0.14,-0.02472,-0.23471,-0.02051,0.97153,-0.74,1.11,0.17,0.36528,-0.22786,0.04848,0.90128,-0.75,1.09,0.19,0.51281,-0.18963,0.07873,0.83359,-0.76,1.07,0.2,0.51281,-0.18963,0.07873,0.83359,-0.69,1.07,0.1,-0.31467,-0.19276,-0.13846,0.91905,-0.71,1.11,0.14,-0.05721,-0.20198,-0.10423,0.97215,-0.72,1.11,0.18,0.37003,-0.22879,-0.01945,0.90019,-0.73,1.1,0.2,0.55679,-0.21189,-0.03227,0.80253,-0.74,1.08,0.21,0.55679,-0.21189,-0.03227,0.80253,-0.68,1.07,0.11,-0.31467,-0.19276,-0.13846,0.91905,-0.69,1.1,0.15,-0.1204,-0.16419,-0.1822,0.96195,-0.7,1.11,0.19,0.36263,-0.24953,-0.11861,0.89004,-0.71,1.09,0.2,0.59244,-0.29223,-0.07197,0.74728,-0.73,1.07,0.21,0.59244,-0.29223,-0.07197,0.74728,-0.67,1.06,0.12,-0.22844,-0.1253,-0.36494,0.89383,-0.67,1.08,0.15,-0.23308,-0.099,-0.28199,0.92539,-0.67,1.1,0.18,0.30151,-0.23616,-0.26352,0.88537,-0.69,1.09,0.19,0.52913,-0.34345,-0.19727,0.75043,-0.7,1.08,0.2,0.52913,-0.34345,-0.19727,0.75043,-0.81,1.08,0.19
-0.78,1.46,-0.17,-0.78,1.46,-0.17,-0.86,1.1,0.11,0.33039,-0.06499,-0.08984,-0.93731,-0.86,1.06,0.06,0.33039,-0.06499,-0.08984,-0.93731,-0.83,1.08,0.08,0.4388,-0.20581,0.54311,-0.68566,-0.8,1.09,0.1,0.22305,-0.04241,0.50356,-0.8336,-0.79,1.1,0.13,0.10649,-0.01115,0.58033,-0.80731,-0.79,1.11,0.15,0.10649,-0.01115,0.58033,-0.80731,-0.84,1.08,0.09,0.33039,-0.06499,-0.08984,-0.93731,-0.83,1.12,0.13,0.11007,-0.10316,-0.01999,-0.98835,-0.83,1.13,0.17,-0.22991,-0.10858,-0.00986,-0.96709,-0.82,1.12,0.19,-0.3883,-0.08255,-0.003,-0.91782,-0.82,1.1,0.2,-0.3883,-0.08255,-0.003,-0.91782,-0.86,1.08,0.09,0.33039,-0.06499,-0.08984,-0.93731,-0.85,1.12,0.13,0.13571,-0.06213,-0.09449,-0.98427,-0.85,1.13,0.17,-0.25721,-0.09597,-0.07562,-0.9586,-0.84,1.12,0.19,-0.43639,-0.09978,-0.11679,-0.88655,-0.84,1.1,0.21,-0.43639,-0.09978,-0.11679,-0.88655,-0.87,1.08,0.09,0.33039,-0.06499,-0.08984,-0.93731,-0.87,1.11,0.13,0.17616,-0.03805,-0.15508,-0.97132,-0.87,1.13,0.17,-0.26055,-0.11995,-0.16114,-0.94433,-0.86,1.11,0.19,-0.48231,-0.17961,-0.14938,-0.84428,-0.85,1.1,0.2,-0.48231,-0.17961,-0.14938,-0.84428,-0.88,1.08,0.09,0.27661,-0.00142,-0.3262,-0.90393,-0.89,1.1,0.13,0.23115,-0.02454,-0.23297,-0.94429,-0.89,1.11,0.16,-0.16958,-0.10878,-0.27536,-0.93999,-0.88,1.11,0.18,-0.3562,-0.21108,-0.25157,-0.8748,-0.87,1.1,0.19,-0.3562,-0.21108,-0.25157,-0.8748,-0.7,1.09,0.12,-0.31708,-0.18839,-0.13915,0.91902,-0.68,1.05,0.08,-0.31708,-0.18839,-0.13915,0.91902,-0.72,1.06,0.1,-0.4395,-0.27605,0.55552,0.64964,-0.75,1.07,0.11,-0.24554,-0.11862,0.53538,0.79938,-0.76,1.08,0.14,-0.15168,-0.09105,0.61826,0.76581,-0.77,1.09,0.16,-0.15168,-0.09105,0.61826,0.76581,-0.71,1.07,0.1,-0.31708,-0.18839,-0.13915,0.91902,-0.73,1.11,0.14,-0.04239,-0.22987,-0.02698,0.97192,-0.74,1.11,0.17,0.34275,-0.22668,0.0391,0.91083,-0.75,1.1,0.19,0.49181,-0.19023,0.06846,0.8469,-0.76,1.08,0.2,0.49181,-0.19023,0.06846,0.8469,-0.69,1.07,0.1,-0.31708,-0.18839,-0.13915,0.91902,-0.7,1.11,0.14,-0.06899,-0.19649,-0.10835,0.97206,-0.72,1.12,0.18,0.35254,-0.22558,-0.0272,0.90779,-0.73,1.1,0.2,0.53787,-0.2115,-0.04131,0.81502,-0.74,1.08,0.21,0.53787,-0.2115,-0.04131,0.81502,-0.68,1.07,0.11,-0.31708,-0.18839,-0.13915,0.91902,-0.69,1.1,0.15,-0.12817,-0.15878,-0.18496,0.96133,-0.7,1.11,0.19,0.34935,-0.24567,-0.12499,0.89553,-0.71,1.1,0.2,0.57783,-0.29051,-0.07978,0.75852,-0.72,1.08,0.21,0.57783,-0.29051,-0.07978,0.75852,-0.67,1.06,0.11,-0.23158,-0.12159,-0.36603,0.89309,-0.67,1.09,0.15,-0.23564,-0.09543,-0.28308,0.92479,-0.67,1.1,0.18,0.29306,-0.23232,-0.26753,0.88801,-0.69,1.09,0.19,0.518,-0.34019,-0.20325,0.75805,-0.7,1.08,0.2,0.518,-0.34019,-0.20325,0.75805,-0.81,1.08,0.19
-0.78,1.46,-0.17,-0.78,1.46,-0.17,-0.85,1.1,0.11,0.30961,-0.06378,-0.07788,-0.94552,-0.86,1.06,0.06,0.30961,-0.06378,-0.07788,-0.94552,-0.83,1.08,0.09,0.43751,-0.21802,0.53097,-0.69219,-0.8,1.09,0.1,0.21675,-0.0562,0.49535,-0.83934,-0.79,1.1,0.13,0.09191,-0.02009,0.57336,-0.81389,-0.79,1.1,0.16,0.09191,-0.02009,0.57336,-0.81389,-0.84,1.08,0.09,0.30961,-0.06378,-0.07788,-0.94552,-0.83,1.12,0.13,0.12344,-0.10162,-0.01306,-0.98705,-0.82,1.13,0.17,-0.21966,-0.10517,-0.00348,-0.96988,-0.82,1.12,0.19,-0.38848,-0.07831,0.00351,-0.91812,-0.82,1.1,0.2,-0.38848,-0.07831,0.00351,-0.91812,-0.86,1.08,0.09,0.30961,-0.06378,-0.07788,-0.94552,-0.85,1.12,0.13,0.13328,-0.04923,-0.08734,-0.98599,-0.85,1.13,0.17,-0.25827,-0.08115,-0.07419,-0.95979,-0.85,1.12,0.2,-0.43154,-0.08448,-0.11823,-0.89031,-0.84,1.1,0.21,-0.43154,-0.08448,-0.11823,-0.89031,-0.87,1.08,0.09,0.30961,-0.06378,-0.07788,-0.94552,-0.87,1.11,0.13,0.12279,-0.03179,-0.1441,-0.9814,-0.87,1.12,0.17,-0.31076,-0.10716,-0.15519,-0.93159,-0.86,1.1,0.19,-0.52958,-0.16481,-0.14783,-0.81886,-0.85,1.09,0.2,-0.52958,-0.16481,-0.14783,-0.81886,-0.88,1.07,0.09,0.25826,0.00543,-0.31343,-0.9138,-0.89,1.1,0.13,0.19673,-0.01763,-0.2223,-0.95476,-0.89,1.11,0.16,-0.2088,-0.09674,-0.26801,-0.93553,-0.88,1.1,0.18,-0.39435,-0.19773,-0.24881,-0.86226,-0.87,1.09,0.19,-0.39435,-0.19773,-0.24881,-0.86226,-0.7,1.09,0.12,-0.33035,-0.18971,-0.13827,0.9142,-0.68,1.05,0.08,-0.33035,-0.18971,-0.13827,0.9142,-0.72,1.07,0.1,-0.45012,-0.26571,0.55719,0.64524,-0.75,1.08,0.11,-0.25825,-0.10962,0.53393,0.79762,-0.76,1.09,0.14,-0.15598,-0.07506,0.61667,0.76796,-0.77,1.09,0.16,-0.15598,-0.07506,0.61667,0.76796,-0.71,1.07,0.1,-0.33035,-0.18971,-0.13827,0.9142,-0.73,1.11,0.14,-0.09572,-0.22755,-0.03717,0.96834,-0.74,1.12,0.17,0.28889,-0.22995,0.02827,0.92891,-0.75,1.11,0.19,0.44377,-0.19565,0.05722,0.87265,-0.76,1.09,0.2,0.44377,-0.19565,0.05722,0.87265,-0.69,1.07,0.1,-0.33035,-0.18971,-0.13827,0.9142,-0.71,1.11,0.14,-0.1086,-0.19441,-0.11312,0.9683,-0.72,1.12,0.18,0.30772,-0.22597,-0.0341,0.92363,-0.73,1.11,0.2,0.49521,-0.21615,-0.0489,0.84003,-0.74,1.09,0.21,0.49521,-0.21615,-0.0489,0.84003,-0.68,1.07,0.11,-0.33035,-0.18971,-0.13827,0.9142,-0.69,1.1,0.15,-0.15645,-0.15909,-0.18674,0.95673,-0.7,1.12,0.18,0.31673,-0.24717,-0.12723,0.90686,-0.71,1.1,0.2,0.54787,-0.29338,-0.08124,0.77921,-0.72,1.08,0.21,0.54787,-0.29338,-0.08124,0.77921,-0.67,1.07,0.11,-0.24437,-0.12628,-0.36601,0.88903,-0.67,1.09,0.15,-0.25093,-0.09961,-0.28329,0.92025,-0.67,1.1,0.18,0.27363,-0.23602,-0.26637,0.89357,-0.69,1.1,0.19,0.5009,-0.34363,-0.20021,0.76872,-0.7,1.08,0.2,0.5009,-0.34363,-0.20021,0.76872,-0.81,1.08,0.19
-0.78,1.46,-0.17,-0.78,1.46,-0.17,-0.85,1.1,0.11,0.31364,-0.07665,-0.10141,-0.94099,-0.86,1.06,0.06,0.31364,-0.07665,-0.10141,-0.94099,-0.83,1.08,0.08,0.45929,-0.21628,0.50573,-0.69751,-0.8,1.09,0.1,0.23423,-0.06311,0.46958,-0.84891,-0.79,1.1,0.13,0.09988,-0.02264,0.54984,-0.82897,-0.79,1.11,0.15,0.09988,-0.02264,0.54984,-0.82897,-0.84,1.08,0.08,0.31364,-0.07665,-0.10141,-0.94099,-0.83,1.12,0.13,0.09382,-0.12414,-0.0255,-0.98749,-0.82,1.13,0.17,-0.26785,-0.12993,-0.00495,-0.95465,-0.82,1.11,0.19,-0.4416,-0.10246,0.00885,-0.8913,-0.81,1.1,0.2,-0.4416,-0.10246,0.00885,-0.8913,-0.85,1.08,0.09,0.31364,-0.07665,-0.10141,-0.94099,-0.85,1.12,0.13,0.13079,-0.06657,-0.10799,-0.98326,-0.85,1.13,0.17,-0.26367,-0.10545,-0.08609,-0.95496,-0.84,1.12,0.19,-0.44291,-0.11063,-0.12511,-0.88087,-0.83,1.1,0.21,-0.44291,-0.11063,-0.12511,-0.88087,-0.87,1.08,0.09,0.31364,-0.07665,-0.10141,-0.94099,-0.87,1.11,0.13,0.11599,-0.04781,-0.16567,-0.97817,-0.87,1.12,0.17,-0.32081,-0.13141,-0.16712,-0.92298,-0.86,1.1,0.19,-0.54778,-0.19227,-0.15182,-0.79995,-0.85,1.09,0.2,-0.54778,-0.19227,-0.15182,-0.79995,-0.88,1.07,0.09,0.25629,-0.00893,-0.3356,-0.90643,-0.89,1.1,0.13,0.17403,-0.03295,-0.24648,-0.95283,-0.89,1.11,0.16,-0.24245,-0.12239,-0.28228,-0.92009,-0.88,1.1,0.18,-0.438,-0.22935,-0.25542,-0.83085,-0.87,1.09,0.19,-0.438,-0.22935,-0.25542,-0.83085,-0.7,1.09,0.12,-0.32177,-0.20402,-0.12828,0.91564,-0.68,1.05,0.08,-0.32177,-0.20402,-0.12828,0.91564,-0.72,1.06,0.1,-0.45205,-0.27872,0.55827,0.63741,-0.75,1.07,0.11,-0.26043,-0.12171,0.53926,0.79156,-0.76,1.08,0.14,-0.15445,-0.08205,0.62293,0.76248,-0.77,1.09,0.16,-0.15445,-0.08205,0.62293,0.76248,-0.71,1.07,0.1,-0.32177,-0.20402,-0.12828,0.91564,-0.73,1.11,0.14,-0.12169,-0.23263,-0.03704,0.96421,-0.75,1.12,0.17,0.26935,-0.23505,0.03202,0.93337,-0.76,1.11,0.18,0.43292,-0.19982,0.06316,0.87674,-0.76,1.09,0.2,0.43292,-0.19982,0.06316,0.87674,-0.7,1.07,0.1,-0.32177,-0.20402,-0.12828,0.91564,-0.71,1.11,0.14,-0.10814,-0.20423,-0.10221,0.96755,-0.73,1.12,0.18,0.31256,-0.23042,-0.01894,0.92133,-0.74,1.11,0.2,0.50203,-0.21719,-0.03275,0.8365,-0.75,1.09,0.21,0.50203,-0.21719,-0.03275,0.8365,-0.68,1.07,0.11,-0.32177,-0.20402,-0.12828,0.91564,-0.69,1.1,0.15,-0.14644,-0.17187,-0.17349,0.9586,-0.7,1.11,0.18,0.33166,-0.25231,-0.10859,0.90252,-0.72,1.1,0.2,0.56459,-0.29303,-0.06143,0.76916,-0.73,1.08,0.21,0.56459,-0.29303,-0.06143,0.76916,-0.67,1.06,0.11,-0.23447,-0.13796,-0.35517,0.89434,-0.68,1.09,0.15,-0.24317,-0.11274,-0.27176,0.92429,-0.68,1.1,0.18,0.28922,-0.24216,-0.24862,0.89213,-0.69,1.1,0.19,0.52057,-0.34534,-0.18048,0.75972,-0.71,1.08,0.2,0.52057,-0.34534,-0.18048,0.75972,-0.81,1.08,0.19
-0.78,1.46,-0.17,-0.78,1.46,-0.17,-0.85,1.1,0.11,0.33913,-0.07622,-0.11219,-0.93091,-0.86,1.06,0.06,0.33913,-0.07622,-0.11219,-0.93091,-0.83,1.08,0.08,0.47704,-0.19706,0.50552,-0.69141,-0.8,1.09,0.1,0.25326,-0.04589,0.46357,-0.84786,-0.79,1.11,0.13,0.10943,0.0004,0.54178,-0.83336,-0.79,1.11,0.15,0.10943,0.0004,0.54178,-0.83336,-0.84,1.08,0.08,0.33913,-0.07622,-0.11219,-0.93091,-0.83,1.12,0.13,0.06907,-0.12515,-0.02782,-0.98934,-0.82,1.13,0.16,-0.32094,-0.13122,-0.00273,-0.93796,-0.82,1.11,0.18,-0.49752,-0.10277,0.01371,-0.86123,-0.81,1.1,0.19,-0.49752,-0.10277,0.01371,-0.86123,-0.85,1.08,0.08,0.33913,-0.07622,-0.11219,-0.93091,-0.85,1.12,0.13,0.15348,-0.07138,-0.11796,-0.97849,-0.85,1.14,0.17,-0.24964,-0.11488,-0.09231,-0.95706,-0.84,1.12,0.19,-0.43767,-0.12266,-0.12916,-0.88132,-0.84,1.11,0.21,-0.43767,-0.12266,-0.12916,-0.88132,-0.87,1.08,0.09,0.33913,-0.07622,-0.11219,-0.93091,-0.87,1.11,0.13,0.15178,-0.05285,-0.1766,-0.97107,-0.87,1.12,0.17,-0.29524,-0.14381,-0.17278,-0.9286,-0.86,1.11,0.19,-0.53232,-0.20735,-0.15203,-0.80655,-0.85,1.09,0.2,-0.53232,-0.20735,-0.15203,-0.80655,-0.88,1.08,0.09,0.27972,-0.01541,-0.34754,-0.89484,-0.89,1.1,0.13,0.20486,-0.03954,-0.25724,-0.94356,-0.89,1.11,0.16,-0.22297,-0.13871,-0.28817,-0.92087,-0.88,1.1,0.17,-0.43991,-0.25241,-0.25111,-0.82444,-0.87,1.09,0.19,-0.43991,-0.25241,-0.25111,-0.82444,-0.7,1.09,0.12,-0.31506,-0.21237,-0.11553,0.91776,-0.68,1.05,0.08,-0.31506,-0.21237,-0.11553,0.91776,-0.72,1.06,0.1,-0.45037,-0.28879,0.5631,0.62983,-0.75,1.07,0.11,-0.26131,-0.13095,0.54709,0.78439,-0.77,1.08,0.14,-0.15831,-0.09145,0.63109,0.75386,-0.77,1.08,0.16,-0.15831,-0.09145,0.63109,0.75386,-0.71,1.07,0.1,-0.31506,-0.21237,-0.11553,0.91776,-0.73,1.11,0.14,-0.12023,-0.23489,-0.02626,0.9642,-0.75,1.12,0.17,0.27725,-0.2326,0.04446,0.93116,-0.76,1.1,0.18,0.44531,-0.19472,0.07649,0.87059,-0.76,1.09,0.2,0.44531,-0.19472,0.07649,0.87059,-0.7,1.07,0.1,-0.31506,-0.21237,-0.11553,0.91776,-0.71,1.11,0.14,-0.10096,-0.20834,-0.08835,0.96881,-0.73,1.12,0.18,0.3275,-0.22824,-0.00273,0.91686,-0.74,1.1,0.2,0.52196,-0.21065,-0.01622,0.82639,-0.75,1.08,0.21,0.52196,-0.21065,-0.01622,0.82639,-0.68,1.07,0.11,-0.31506,-0.21237,-0.11553,0.91776,-0.69,1.1,0.15,-0.13885,-0.17744,-0.15913,0.9612,-0.71,1.11,0.18,0.34705,-0.25076,-0.09174,0.89903,-0.72,1.1,0.2,0.58393,-0.28661,-0.04457,0.75821,-0.73,1.08,0.2,0.58393,-0.28661,-0.04457,0.75821,-0.67,1.06,0.11,-0.228,-0.14412,-0.34218,0.90009,-0.68,1.09,0.15,-0.23731,-0.11984,-0.25815,0.9288,-0.68,1.1,0.18,0.30303,-0.24205,-0.23225,0.89199,-0.69,1.09,0.19,0.54084,-0.34171,-0.16298,0.75111,-0.71,1.08,0.2,0.54084,-0.34171,-0.16298,0.75111,-0.81,1.08,0.19
-0.78,1.46,-0.17,-0.78,1.46,-0.17,-0.86,1.1,0.1,0.36424,-0.06359,-0.10439,-0.92325,-0.86,1.06,0.06,0.36424,-0.06359,-0.10439,-0.92325,-0.83,1.08,0.08,0.47377,-0.16893,0.53035,-0.68245,-0.8,1.1,0.1,0.2526,-0.0098,0.47994,-0.84009,-0.8,1.11,0.13,0.0988,0.04357,0.55111,-0.82742,-0.79,1.11,0.15,0.0988,0.04357,0.55111,-0.82742,-0.84,1.08,0.08,0.36424,-0.06359,-0.10439,-0.92325,-0.83,1.13,0.12,0.08752,-0.1048,-0.02572,-0.9903,-0.83,1.13,0.16,-0.3418,-0.11241,-0.00399,-0.93302,-0.82,1.12,0.18,-0.52909,-0.08432,0.01091,-0.8443,-0.82,1.1,0.19,-0.52909,-0.08432,0.01091,-0.8443,-0.86,1.08,0.08,0.36424,-0.06359,-0.10439,-0.92325,-0.86,1.13,0.13,0.17024,-0.06416,-0.10982,-0.97716,-0.85,1.14,0.16,-0.25574,-0.10721,-0.08529,-0.95699,-0.85,1.13,0.19,-0.4569,-0.11463,-0.12339,-0.87343,-0.84,1.11,0.2,-0.4569,-0.11463,-0.12339,-0.87343,-0.87,1.08,0.09,0.36424,-0.06359,-0.10439,-0.92325,-0.87,1.12,0.13,0.18419,-0.04961,-0.16775,-0.9672,-0.87,1.13,0.16,-0.28444,-0.14162,-0.16321,-0.93402,-0.86,1.12,0.18,-0.53401,-0.20429,-0.14141,-0.80815,-0.85,1.1,0.19,-0.53401,-0.20429,-0.14141,-0.80815,-0.88,1.08,0.09,0.30788,-0.00931,-0.34215,-0.88772,-0.89,1.1,0.13,0.23808,-0.04574,-0.2458,-0.93851,-0.89,1.11,0.15,-0.20269,-0.14529,-0.27432,-0.92874,-0.88,1.11,0.17,-0.43767,-0.25921,-0.23128,-0.82932,-0.87,1.1,0.18,-0.43767,-0.25921,-0.23128,-0.82932,-0.7,1.09,0.12,-0.30498,-0.21531,-0.10102,0.92218,-0.68,1.05,0.08,-0.30498,-0.21531,-0.10102,0.92218,-0.72,1.06,0.1,-0.45114,-0.29512,0.56094,0.62827,-0.75,1.07,0.11,-0.27159,-0.14484,0.54438,0.78033,-0.77,1.08,0.14,-0.18672,-0.1179,0.62901,0.74537,-0.78,1.08,0.16,-0.18672,-0.1179,0.62901,0.74537,-0.71,1.07,0.1,-0.30498,-0.21531,-0.10102,0.92218,-0.73,1.1,0.14,-0.12548,-0.24922,-0.00816,0.96025,-0.75,1.11,0.17,0.25987,-0.2395,0.06391,0.93328,-0.76,1.1,0.19,0.4293,-0.19811,0.09669,0.87584,-0.77,1.08,0.2,0.4293,-0.19811,0.09669,0.87584,-0.7,1.07,0.1,-0.30498,-0.21531,-0.10102,0.92218,-0.71,1.11,0.14,-0.11925,-0.20508,-0.07982,0.96817,-0.73,1.12,0.18,0.31938,-0.22182,0.00567,0.92128,-0.74,1.1,0.2,0.53414,-0.20221,-0.00671,0.82083,-0.75,1.08,0.21,0.53414,-0.20221,-0.00671,0.82083,-0.68,1.07,0.11,-0.30498,-0.21531,-0.10102,0.92218,-0.7,1.1,0.15,-0.15183,-0.17104,-0.14935,0.96197,-0.71,1.11,0.18,0.34707,-0.24194,-0.08341,0.90225,-0.72,1.1,0.2,0.59942,-0.27578,-0.035,0.75061,-0.73,1.08,0.2,0.59942,-0.27578,-0.035,0.75061,-0.67,1.06,0.11,-0.21959,-0.14399,-0.32758,0.9076,-0.68,1.09,0.15,-0.23822,-0.1124,-0.24487,0.93309,-0.68,1.1,0.18,0.30579,-0.22923,-0.22487,0.89631,-0.69,1.09,0.19,0.56033,-0.33012,-0.15397,0.74387,-0.71,1.08,0.2,0.56033,-0.33012,-0.15397,0.74387,-0.81,1.08,0.19
-0.78,1.46,-0.17,-0.78,1.46,-0.17,-0.86,1.1,0.11,0.3603,-0.05553,-0.09684,-0.92613,-0.86,1.06,0.06,0.3603,-0.05553,-0.09684,-0.92613,-0.83,1.08,0.08,0.45743,-0.16631,0.54387,-0.6836,-0.81,1.09,0.1,0.23399,0.00025,0.49282,-0.83808,-0.8,1.11,0.13,0.08016,0.05356,0.56133,-0.82196,-0.8,1.11,0.15,0.08016,0.05356,0.56133,-0.82196,-0.84,1.08,0.08,0.3603,-0.05553,-0.09684,-0.92613,-0.84,1.12,0.13,0.09537,-0.08986,-0.02602,-0.99104,-0.83,1.13,0.16,-0.34979,-0.09937,-0.00891,-0.9315,-0.82,1.12,0.18,-0.5442,-0.07256,0.00444,-0.8358,-0.82,1.1,0.19,-0.5442,-0.07256,0.00444,-0.8358,-0.86,1.08,0.08,0.3603,-0.05553,-0.09684,-0.92613,-0.86,1.12,0.13,0.15446,-0.05912,-0.1013,-0.98101,-0.85,1.14,0.17,-0.29571,-0.10083,-0.07725,-0.9468,-0.85,1.12,0.19,-0.5075,-0.10521,-0.11623,-0.84727,-0.84,1.1,0.2,-0.5075,-0.10521,-0.11623,-0.84727,-0.87,1.08,0.09,0.3603,-0.05553,-0.09684,-0.92613,-0.87,1.11,0.13,0.15612,-0.04964,-0.15726,-0.97387,-0.87,1.13,0.16,-0.33023,-0.13852,-0.15232,-0.92117,-0.86,1.11,0.18,-0.58564,-0.19827,-0.13104,-0.77495,-0.85,1.09,0.19,-0.58564,-0.19827,-0.13104,-0.77495,-0.88,1.08,0.09,0.30674,-0.00014,-0.33503,-0.89088,-0.89,1.1,0.13,0.20943,-0.05593,-0.23393,-0.94778,-0.89,1.11,0.15,-0.24286,-0.14964,-0.25817,-0.92303,-0.88,1.11,0.17,-0.48516,-0.26101,-0.21383,-0.8067,-0.87,1.09,0.18,-0.48516,-0.26101,-0.21383,-0.8067,-0.71,1.08,0.12,-0.281,-0.21072,-0.08594,0.93233,-0.68,1.05,0.08,-0.281,-0.21072,-0.08594,0.93233,-0.72,1.06,0.1,-0.46192,-0.29394,0.53196,0.64594,-0.75,1.07,0.11,-0.29993,-0.16748,0.50781,0.79002,-0.77,1.08,0.13,-0.24269,-0.16036,0.59406,0.74999,-0.78,1.08,0.15,-0.24269,-0.16036,0.59406,0.74999,-0.71,1.07,0.1,-0.281,-0.21072,-0.08594,0.93233,-0.74,1.1,0.14,-0.10965,-0.29073,0.0263,0.95014,-0.76,1.11,0.17,0.21505,-0.27044,0.09538,0.93355,-0.77,1.1,0.19,0.3723,-0.22527,0.12874,0.89111,-0.77,1.08,0.2,0.3723,-0.22527,0.12874,0.89111,-0.7,1.07,0.1,-0.281,-0.21072,-0.08594,0.93233,-0.71,1.1,0.15,-0.17301,-0.19228,-0.08105,0.96256,-0.73,1.12,0.18,0.25863,-0.21153,-0.0031,0.94253,-0.74,1.11,0.2,0.48945,-0.19799,-0.01703,0.84909,-0.75,1.09,0.22,0.48945,-0.19799,-0.01703,0.84909,-0.68,1.07,0.11,-0.281,-0.21072,-0.08594,0.93233,-0.7,1.1,0.15,-0.22111,-0.14187,-0.15161,0.95289,-0.7,1.11,0.18,0.28139,-0.22048,-0.09835,0.92873,-0.72,1.1,0.2,0.55247,-0.2618,-0.05197,0.78965,-0.73,1.08,0.21,0.55247,-0.2618,-0.05197,0.78965,-0.67,1.06,0.11,-0.19926,-0.13289,-0.3118,0.91947,-0.68,1.08,0.15,-0.26325,-0.07088,-0.23323,0.93342,-0.68,1.1,0.18,0.26825,-0.18677,-0.23954,0.91421,-0.69,1.09,0.2,0.54535,-0.29826,-0.17421,0.76373,-0.7,1.08,0.2,0.54535,-0.29826,-0.17421,0.76373,-0.81,1.08,0.19
-0.78,1.46,-0.17,-0.78,1.46,-0.17,-0.86,1.1,0.11,0.33282,-0.05733,-0.11049,-0.93474,-0.86,1.06,0.06,0.33282,-0.05733,-0.11049,-0.93474,-0.83,1.08,0.08,0.44343,-0.18629,0.52838,-0.69963,-0.8,1.09,0.1,0.21246,-0.02097,0.48364,-0.84883,-0.8,1.1,0.13,0.06184,0.02749,0.55562,-0.82868,-0.8,1.11,0.16,0.06184,0.02749,0.55562,-0.82868,-0.84,1.08,0.08,0.33282,-0.05733,-0.11049,-0.93474,-0.83,1.12,0.13,0.07717,-0.09482,-0.04135,-0.99164,-0.83,1.13,0.17,-0.35679,-0.10985,-0.02179,-0.92745,-0.82,1.11,0.18,-0.54519,-0.08541,-0.00633,-0.83392,-0.82,1.09,0.19,-0.54519,-0.08541,-0.00633,-0.83392,-0.86,1.08,0.09,0.33282,-0.05733,-0.11049,-0.93474,-0.86,1.12,0.13,0.10102,-0.06591,-0.11212,-0.98635,-0.85,1.13,0.17,-0.35814,-0.1121,-0.08265,-0.92322,-0.84,1.11,0.19,-0.57209,-0.11378,-0.11763,-0.8037,-0.84,1.09,0.2,-0.57209,-0.11378,-0.11763,-0.8037,-0.87,1.08,0.09,0.33282,-0.05733,-0.11049,-0.93474,-0.87,1.11,0.13,0.09364,-0.05606,-0.1682,-0.97969,-0.87,1.12,0.17,-0.396,-0.14823,-0.15876,-0.89219,-0.86,1.1,0.18,-0.64846,-0.20839,-0.13394,-0.71981,-0.85,1.08,0.19,-0.64846,-0.20839,-0.13394,-0.71981,-0.88,1.07,0.09,0.2777,0.00476,-0.34615,-0.89613,-0.89,1.1,0.13,0.15122,-0.06179,-0.24658,-0.95526,-0.89,1.11,0.16,-0.30525,-0.15781,-0.26539,-0.90082,-0.88,1.1,0.17,-0.54597,-0.27195,-0.21896,-0.76159,-0.87,1.08,0.18,-0.54597,-0.27195,-0.21896,-0.76159,-0.71,1.08,0.13,-0.22163,-0.20617,-0.07473,0.95015,-0.68,1.06,0.07,-0.22163,-0.20617,-0.07473,0.95015,-0.72,1.06,0.09,-0.44704,-0.30703,0.4926,0.68061,-0.75,1.07,0.11,-0.29845,-0.2009,0.46318,0.80996,-0.77,1.08,0.13,-0.26831,-0.21257,0.54885,0.76262,-0.79,1.08,0.15,-0.26831,-0.21257,0.54885,0.76262,-0.71,1.07,0.1,-0.22163,-0.20617,-0.07473,0.95015,-0.74,1.09,0.14,0.00406,-0.3275,0.07018,0.94223,-0.76,1.09,0.17,0.29159,-0.29253,0.1393,0.9,-0.77,1.08,0.19,0.42881,-0.24155,0.17423,0.85289,-0.78,1.06,0.2,0.42881,-0.24155,0.17423,0.85289,-0.7,1.07,0.1,-0.22163,-0.20617,-0.07473,0.95015,-0.72,1.1,0.15,-0.1381,-0.18604,-0.073,0.97005,-0.73,1.11,0.19,0.24118,-0.2018,-0.00969,0.94922,-0.74,1.1,0.21,0.463,-0.19157,-0.02727,0.86498,-0.75,1.08,0.22,0.463,-0.19157,-0.02727,0.86498,-0.68,1.07,0.11,-0.22163,-0.20617,-0.07473,0.95015,-0.7,1.09,0.15,-0.22103,-0.11714,-0.14542,0.95722,-0.7,1.11,0.19,0.24576,-0.19197,-0.11212,0.94349,-0.71,1.1,0.21,0.51264,-0.23957,-0.07502,0.82108,-0.73,1.08,0.22,0.51264,-0.23957,-0.07502,0.82108,-0.67,1.06,0.11,-0.14398,-0.11349,-0.29639,0.93731,-0.68,1.08,0.16,-0.25385,-0.00852,-0.21441,0.94314,-0.68,1.09,0.18,0.21331,-0.10632,-0.26131,0.93537,-0.68,1.09,0.2,0.49256,-0.22885,-0.2206,0.81015,-0.7,1.07,0.21,0.49256,-0.22885,-0.2206,0.81015,-0.81,1.08,0.19
-0.78,1.46,-0.17,-0.78,1.46,-0.17,-0.85,1.1,0.11,0.32969,-0.05813,-0.12814,-0.93355,-0.86,1.06,0.06,0.32969,-0.05813,-0.12814,-0.93355,-0.83,1.08,0.08,0.44576,-0.18857,0.51516,-0.70735,-0.8,1.09,0.1,0.20875,-0.02545,0.47139,-0.85648,-0.8,1.11,0.13,0.06064,0.01889,0.54492,-0.83608,-0.79,1.11,0.16,0.06064,0.01889,0.54492,-0.83608,-0.84,1.08,0.08,0.32969,-0.05813,-0.12814,-0.93355,-0.83,1.12,0.13,0.07509,-0.10019,-0.0584,-0.99041,-0.83,1.13,0.16,-0.34707,-0.1215,-0.03637,-0.92922,-0.82,1.11,0.18,-0.52881,-0.09969,-0.01947,-0.84264,-0.82,1.09,0.19,-0.52881,-0.09969,-0.01947,-0.84264,-0.85,1.08,0.09,0.32969,-0.05813,-0.12814,-0.93355,-0.86,1.12,0.13,0.08321,-0.07341,-0.12744,-0.98562,-0.85,1.13,0.17,-0.37605,-0.12573,-0.0926,-0.91335,-0.84,1.11,0.19,-0.59396,-0.12857,-0.12319,-0.78454,-0.83,1.09,0.2,-0.59396,-0.12857,-0.12319,-0.78454,-0.87,1.08,0.09,0.32969,-0.05813,-0.12814,-0.93355,-0.87,1.11,0.13,0.08395,-0.06184,-0.18452,-0.97728,-0.87,1.12,0.17,-0.40653,-0.16139,-0.16969,-0.88311,-0.86,1.1,0.18,-0.66147,-0.22452,-0.13906,-0.70194,-0.85,1.08,0.19,-0.66147,-0.22452,-0.13906,-0.70194,-0.88,1.07,0.09,0.27204,0.00414,-0.36253,-0.89138,-0.89,1.1,0.13,0.14261,-0.06552,-0.2636,-0.95178,-0.89,1.1,0.16,-0.31641,-0.16953,-0.27778,-0.89106,-0.88,1.09,0.17,-0.56011,-0.28822,-0.22551,-0.74321,-0.86,1.08,0.18,-0.56011,-0.28822,-0.22551,-0.74321,-0.7,1.08,0.12,-0.20495,-0.20761,-0.09309,0.95196,-0.68,1.06,0.07,-0.20495,-0.20761,-0.09309,0.95196,-0.72,1.06,0.09,-0.44764,-0.30363,0.46651,0.69985,-0.75,1.07,0.1,-0.29978,-0.20512,0.43362,0.82464,-0.77,1.09,0.13,-0.28533,-0.22686,0.51806,0.77378,-0.78,1.09,0.15,-0.28533,-0.22686,0.51806,0.77378,-0.71,1.07,0.1,-0.20495,-0.20761,-0.09309,0.95196,-0.73,1.1,0.14,0.0526,-0.34216,0.06981,0.93557,-0.76,1.09,0.17,0.34219,-0.3044,0.14547,0.87698,-0.77,1.07,0.18,0.47565,-0.25191,0.18384,0.8225,-0.77,1.06,0.19,0.47565,-0.25191,0.18384,0.8225,-0.7,1.07,0.1,-0.20495,-0.20761,-0.09309,0.95196,-0.71,1.1,0.15,-0.09217,-0.19571,-0.08362,0.97273,-0.73,1.11,0.19,0.26416,-0.21378,-0.02058,0.94026,-0.74,1.09,0.21,0.46989,-0.20429,-0.03672,0.85797,-0.75,1.08,0.22,0.46989,-0.20429,-0.03672,0.85797,-0.68,1.07,0.11,-0.20495,-0.20761,-0.09309,0.95196,-0.7,1.09,0.15,-0.18718,-0.11928,-0.16012,0.96182,-0.7,1.11,0.19,0.24548,-0.19508,-0.13087,0.94051,-0.71,1.1,0.21,0.49436,-0.24688,-0.0956,0.82796,-0.72,1.08,0.22,0.49436,-0.24688,-0.0956,0.82796,-0.67,1.06,0.11,-0.12492,-0.11151,-0.31217,0.93515,-0.68,1.08,0.15,-0.22872,0.00676,-0.22879,0.9462,-0.67,1.09,0.18,0.20715,-0.08904,-0.28238,0.93243,-0.68,1.08,0.2,0.45664,-0.21147,-0.25189,0.82662,-0.69,1.07,0.21,0.45664,-0.21147,-0.25189,0.82662,-0.81,1.08,0.19
-0.78,1.46,-0.17,-0.78,1.46,-0.17,-0.85,1.1,0.11,0.32738,-0.05585,-0.13264,-0.93387,-0.86,1.06,0.06,0.32738,-0.05585,-0.13264,-0.93387,-0.83,1.08,0.08,0.44262,-0.18775,0.51323,-0.71094,-0.8,1.09,0.1,0.2012,-0.02293,0.46947,-0.85941,-0.79,1.1,0.13,0.06594,0.01182,0.5439,-0.83647,-0.79,1.11,0.16,0.06594,0.01182,0.5439,-0.83647,-0.84,1.08,0.08,0.32738,-0.05585,-0.13264,-0.93387,-0.83,1.12,0.13,0.06593,-0.09959,-0.06257,-0.99087,-0.83,1.13,0.17,-0.33985,-0.12174,-0.04255,-0.9316,-0.82,1.11,0.18,-0.5176,-0.10103,-0.02636,-0.84923,-0.82,1.09,0.19,-0.5176,-0.10103,-0.02636,-0.84923,-0.85,1.08,0.08,0.32738,-0.05585,-0.13264,-0.93387,-0.86,1.12,0.13,0.08828,-0.07423,-0.13116,-0.98463,-0.85,1.13,0.17,-0.33747,-0.12468,-0.10007,-0.92766,-0.84,1.11,0.19,-0.54816,-0.13096,-0.13198,-0.81545,-0.83,1.09,0.2,-0.54816,-0.13096,-0.13198,-0.81545,-0.87,1.08,0.09,0.32738,-0.05585,-0.13264,-0.93387,-0.87,1.11,0.13,0.13024,-0.05318,-0.19148,-0.97136,-0.87,1.12,0.17,-0.33172,-0.15315,-0.18377,-0.91254,-0.86,1.11,0.19,-0.58195,-0.22099,-0.15701,-0.76671,-0.85,1.09,0.19,-0.58195,-0.22099,-0.15701,-0.76671,-0.88,1.07,0.09,0.26964,0.00679,-0.36667,-0.89039,-0.89,1.09,0.13,0.18667,-0.05069,-0.26869,-0.94361,-0.89,1.11,0.16,-0.24535,-0.15381,-0.29279,-0.91127,-0.88,1.1,0.17,-0.47654,-0.27274,-0.24765,-0.79824,-0.86,1.09,0.18,-0.47654,-0.27274,-0.24765,-0.79824,-0.7,1.09,0.12,-0.26225,-0.19668,-0.12169,0.93687,-0.68,1.06,0.07,-0.26225,-0.19668,-0.12169,0.93687,-0.72,1.07,0.09,-0.48711,-0.25196,0.46157,0.69728,-0.75,1.08,0.1,-0.33393,-0.15425,0.41915,0.83006,-0.76,1.1,0.13,-0.31688,-0.1744,0.5058,0.78316,-0.78,1.11,0.14,-0.31688,-0.1744,0.5058,0.78316,-0.71,1.08,0.09,-0.26225,-0.19668,-0.12169,0.93687,-0.73,1.11,0.14,-0.01222,-0.31625,0.03383,0.94799,-0.75,1.11,0.17,0.31682,-0.28831,0.1139,0.8964,-0.76,1.09,0.18,0.46536,-0.23899,0.15273,0.83845,-0.77,1.08,0.19,0.46536,-0.23899,0.15273,0.83845,-0.69,1.07,0.1,-0.26225,-0.19668,-0.12169,0.93687,-0.71,1.11,0.14,-0.03065,-0.21444,-0.08289,0.97273,-0.73,1.11,0.18,0.31593,-0.23014,-0.01467,0.92033,-0.74,1.1,0.2,0.50788,-0.21579,-0.02816,0.83349,-0.75,1.08,0.21,0.50788,-0.21579,-0.02816,0.83349,-0.68,1.07,0.11,-0.26225,-0.19668,-0.12169,0.93687,-0.69,1.1,0.15,-0.13892,-0.14528,-0.17527,0.96378,-0.7,1.11,0.18,0.28445,-0.2222,-0.13545,0.9227,-0.71,1.1,0.2,0.52128,-0.2726,-0.0949,0.80309,-0.73,1.08,0.21,0.52128,-0.2726,-0.0949,0.80309,-0.67,1.07,0.11,-0.17892,-0.11543,-0.34498,0.91414,-0.67,1.09,0.15,-0.26572,-0.0149,-0.26724,0.92615,-0.67,1.1,0.18,0.17862,-0.13174,-0.30589,0.92584,-0.68,1.1,0.19,0.42044,-0.25708,-0.26209,0.82973,-0.69,1.09,0.21,0.42044,-0.25708,-0.26209,0.82973,-0.81,1.08,0.19
-0.78,1.46,-0.17,-0.78,1.46,-0.17,-0.85,1.1,0.11,0.32079,-0.05577,-0.1356,-0.93573,-0.86,1.06,0.06,0.32079,-0.05577,-0.1356,-0.93573,-0.83,1.08,0.08,0.43565,-0.18902,0.51277,-0.71522,-0.8,1.09,0.1,0.19215,-0.02299,0.46948,-0.86148,-0.79,1.1,0.13,0.07092,0.00181,0.54493,-0.83547,-0.79,1.11,0.16,0.07092,0.00181,0.54493,-0.83547,-0.84,1.08,0.08,0.32079,-0.05577,-0.1356,-0.93573,-0.83,1.12,0.13,0.05092,-0.09955,-0.06547,-0.99157,-0.83,1.12,0.17,-0.33807,-0.12169,-0.0474,-0.93201,-0.82,1.11,0.18,-0.51003,-0.10165,-0.03201,-0.85353,-0.82,1.09,0.19,-0.51003,-0.10165,-0.03201,-0.85353,-0.85,1.08,0.09,0.32079,-0.05577,-0.1356,-0.93573,-0.85,1.12,0.13,0.09357,-0.07516,-0.13377,-0.98372,-0.85,1.13,0.17,-0.2915,-0.12216,-0.10735,-0.94264,-0.84,1.11,0.19,-0.47245,-0.12961,-0.1421,-0.86012,-0.83,1.1,0.21,-0.47245,-0.12961,-0.1421,-0.86012,-0.87,1.08,0.09,0.32079,-0.05577,-0.1356,-0.93573,-0.87,1.11,0.13,0.16212,-0.04891,-0.1949,-0.96609,-0.87,1.12,0.17,-0.26153,-0.14442,-0.19352,-0.9345,-0.86,1.11,0.19,-0.48412,-0.21161,-0.17391,-0.83103,-0.85,1.09,0.2,-0.48412,-0.21161,-0.17391,-0.83103,-0.88,1.07,0.09,0.26282,0.00844,-0.36899,-0.89146,-0.89,1.09,0.13,0.21151,-0.04443,-0.2701,-0.93826,-0.89,1.11,0.16,-0.19003,-0.14126,-0.30031,-0.92399,-0.88,1.1,0.18,-0.39177,-0.25335,-0.26483,-0.84391,-0.87,1.09,0.19,-0.39177,-0.25335,-0.26483,-0.84391,-0.69,1.1,0.12,-0.34995,-0.17608,-0.17817,0.90266,-0.68,1.06,0.07,-0.34995,-0.17608,-0.17817,0.90266,-0.72,1.08,0.09,-0.53513,-0.16999,0.45307,0.69244,-0.74,1.1,0.1,-0.37176,-0.07217,0.39453,0.83722,-0.75,1.12,0.13,-0.33593,-0.08265,0.4842,0.80366,-0.76,1.13,0.14,-0.33593,-0.08265,0.4842,0.80366,-0.7,1.08,0.09,-0.34995,-0.17608,-0.17817,0.90266,-0.72,1.12,0.13,-0.13565,-0.25367,-0.06191,0.95573,-0.74,1.14,0.16,0.27269,-0.26404,0.02305,0.92487,-0.75,1.12,0.18,0.44824,-0.22928,0.06337,0.86168,-0.75,1.11,0.19,0.44824,-0.22928,0.06337,0.86168,-0.69,1.08,0.1,-0.34995,-0.17608,-0.17817,0.90266,-0.7,1.12,0.14,-0.02362,-0.23277,-0.11153,0.96583,-0.72,1.13,0.17,0.32881,-0.25758,-0.03257,0.90801,-0.73,1.11,0.19,0.5215,-0.24528,-0.03911,0.8163,-0.74,1.09,0.2,0.5215,-0.24528,-0.03911,0.8163,-0.67,1.08,0.1,-0.34995,-0.17608,-0.17817,0.90266,-0.68,1.11,0.14,-0.14157,-0.17702,-0.21465,0.95003,-0.69,1.13,0.18,0.28492,-0.26878,-0.15502,0.90694,-0.71,1.11,0.19,0.52084,-0.32247,-0.09998,0.78406,-0.72,1.1,0.2,0.52084,-0.32247,-0.09998,0.78406,-0.67,1.07,0.11,-0.26078,-0.11948,-0.40524,0.86804,-0.67,1.1,0.15,-0.3368,-0.03948,-0.33153,0.88039,-0.66,1.12,0.17,0.16347,-0.21253,-0.3392,0.90169,-0.67,1.11,0.19,0.40997,-0.34661,-0.26553,0.8008,-0.69,1.1,0.2,0.40997,-0.34661,-0.26553,0.8008,-0.81,1.08,0.19
-0.78,1.46,-0.17,-0.78,1.46,-0.17,-0.85,1.1,0.11,0.32331,-0.05866,-0.14127,-0.93385,-0.86,1.06,0.06,0.32331,-0.05866,-0.14127,-0.93385,-0.83,1.08,0.08,0.43264,-0.18373,0.51595,-0.71615,-0.8,1.09,0.1,0.18949,-0.01667,0.47087,-0.86145,-0.8,1.1,0.13,0.07745,0.00171,0.54633,-0.83398,-0.79,1.11,0.16,0.07745,0.00171,0.54633,-0.83398,-0.84,1.08,0.08,0.32331,-0.05866,-0.14127,-0.93385,-0.83,1.12,0.13,0.04951,-0.09923,-0.07266,-0.99117,-0.83,1.13,0.17,-0.33262,-0.12374,-0.05503,-0.93329,-0.82,1.11,0.18,-0.49967,-0.10484,-0.04005,-0.85891,-0.82,1.09,0.19,-0.49967,-0.10484,-0.04005,-0.85891,-0.85,1.08,0.09,0.32331,-0.05866,-0.14127,-0.93385,-0.86,1.12,0.13,0.09267,-0.08248,-0.1368,-0.9828,-0.85,1.13,0.17,-0.27142,-0.1277,-0.11011,-0.94758,-0.84,1.11,0.19,-0.42952,-0.13404,-0.14527,-0.88116,-0.83,1.1,0.21,-0.42952,-0.13404,-0.14527,-0.88116,-0.87,1.08,0.09,0.32331,-0.05866,-0.14127,-0.93385,-0.87,1.11,0.13,0.16458,-0.05808,-0.19768,-0.96461,-0.87,1.12,0.17,-0.23849,-0.14988,-0.19493,-0.9395,-0.86,1.11,0.19,-0.44054,-0.21408,-0.17726,-0.85362,-0.85,1.1,0.2,-0.44054,-0.21408,-0.17726,-0.85362,-0.88,1.07,0.09,0.2639,0.00475,-0.37439,-0.88891,-0.89,1.09,0.13,0.21504,-0.05407,-0.27323,-0.93604,-0.89,1.11,0.16,-0.18128,-0.14994,-0.29988,-0.92452,-0.88,1.1,0.18,-0.36865,-0.25744,-0.2657,-0.85278,-0.87,1.09,0.19,-0.36865,-0.25744,-0.2657,-0.85278,-0.69,1.1,0.11,-0.41514,-0.16651,-0.17569,0.87696,-0.68,1.05,0.07,-0.41514,-0.16651,-0.17569,0.87696,-0.71,1.08,0.09,-0.54537,-0.12182,0.49662,0.66416,-0.74,1.09,0.1,-0.37912,-0.00953,0.42899,0.81984,-0.75,1.11,0.13,-0.30515,0.00118,0.51396,0.8017,-0.76,1.13,0.15,-0.30515,0.00118,0.51396,0.8017,-0.7,1.08,0.09,-0.41514,-0.16651,-0.17569,0.87696,-0.71,1.13,0.12,-0.16499,-0.20421,-0.07954,0.96164,-0.73,1.14,0.15,0.34864,-0.22702,0.01188,0.90927,-0.74,1.13,0.17,0.54909,-0.19269,0.05496,0.81139,-0.74,1.11,0.18,0.54909,-0.19269,0.05496,0.81139,-0.69,1.08,0.1,-0.41514,-0.16651,-0.17569,0.87696,-0.69,1.13,0.13,-0.07963,-0.22334,-0.11001,0.96523,-0.71,1.13,0.17,0.27268,-0.24883,-0.03549,0.92869,-0.72,1.12,0.19,0.44911,-0.24096,-0.04837,0.85901,-0.73,1.1,0.2,0.44911,-0.24096,-0.04837,0.85901,-0.67,1.07,0.1,-0.41514,-0.16651,-0.17569,0.87696,-0.68,1.12,0.14,-0.20192,-0.18056,-0.21058,0.9393,-0.69,1.13,0.17,0.22163,-0.27189,-0.14988,0.92439,-0.7,1.12,0.19,0.4543,-0.32492,-0.09592,0.82392,-0.72,1.11,0.2,0.4543,-0.32492,-0.09592,0.82392,-0.66,1.07,0.11,-0.32669,-0.12728,-0.40685,0.84354,-0.66,1.1,0.14,-0.38975,-0.06379,-0.33302,0.85623,-0.66,1.12,0.16,0.13403,-0.24787,-0.32141,0.90404,-0.67,1.12,0.18,0.38273,-0.37483,-0.23687,0.8105,-0.69,1.11,0.19,0.38273,-0.37483,-0.23687,0.8105,-0.81,1.08,0.19
-0.78,1.46,-0.17,-0.78,1.46,-0.17,-0.85,1.1,0.11,0.32455,-0.06485,-0.14883,-0.93183,-0.86,1.06,0.06,0.32455,-0.06485,-0.14883,-0.93183,-0.83,1.08,0.08,0.43618,-0.18476,0.51204,-0.71654,-0.8,1.09,0.1,0.1934,-0.01966,0.46724,-0.86249,-0.8,1.1,0.13,0.08708,-0.00485,0.54376,-0.8347,-0.79,1.11,0.16,0.08708,-0.00485,0.54376,-0.8347,-0.84,1.08,0.09,0.32455,-0.06485,-0.14883,-0.93183,-0.83,1.12,0.13,0.05387,-0.10231,-0.08159,-0.98994,-0.83,1.13,0.17,-0.32604,-0.12995,-0.06238,-0.9343,-0.82,1.11,0.18,-0.49201,-0.11225,-0.04656,-0.86206,-0.81,1.09,0.2,-0.49201,-0.11225,-0.04656,-0.86206,-0.85,1.08,0.09,0.32455,-0.06485,-0.14883,-0.93183,-0.85,1.12,0.13,0.08333,-0.09337,-0.14072,-0.98211,-0.85,1.13,0.17,-0.27535,-0.13862,-0.11047,-0.94486,-0.84,1.11,0.19,-0.43061,-0.14425,-0.1439,-0.87924,-0.83,1.1,0.21,-0.43061,-0.14425,-0.1439,-0.87924,-0.87,1.08,0.09,0.32455,-0.06485,-0.14883,-0.93183,-0.87,1.11,0.13,0.16189,-0.0688,-0.20264,-0.96332,-0.87,1.12,0.17,-0.23801,-0.16099,-0.19554,-0.93765,-0.86,1.11,0.19,-0.43831,-0.22475,-0.17559,-0.85237,-0.85,1.1,0.2,-0.43831,-0.22475,-0.17559,-0.85237,-0.88,1.07,0.09,0.2628,-0.00192,-0.38135,-0.88629,-0.89,1.09,0.13,0.21572,-0.06531,-0.27845,-0.93363,-0.89,1.1,0.16,-0.18408,-0.16347,-0.29965,-0.92174,-0.88,1.1,0.18,-0.37178,-0.27073,-0.26231,-0.84834,-0.86,1.09,0.19,-0.37178,-0.27073,-0.26231,-0.84834,-0.7,1.09,0.12,-0.38402,-0.18044,-0.13508,0.89539,-0.68,1.05,0.07,-0.38402,-0.18044,-0.13508,0.89539,-0.72,1.07,0.1,-0.51033,-0.16475,0.538,0.65037,-0.74,1.08,0.11,-0.34403,-0.03678,0.48253,0.80465,-0.75,1.1,0.13,-0.26976,-0.02426,0.56556,0.77897,-0.76,1.11,0.15,-0.26976,-0.02426,0.56556,0.77897,-0.71,1.07,0.1,-0.38402,-0.18044,-0.13508,0.89539,-0.72,1.12,0.13,-0.04083,-0.21238,-0.01205,0.97626,-0.74,1.12,0.16,0.47662,-0.19584,0.07596,0.85365,-0.74,1.1,0.17,0.66553,-0.14595,0.11544,0.72281,-0.74,1.08,0.18,0.66553,-0.14595,0.11544,0.72281,-0.69,1.07,0.1,-0.38402,-0.18044,-0.13508,0.89539,-0.7,1.12,0.13,-0.05666,-0.21782,-0.07324,0.97159,-0.72,1.12,0.17,0.27382,-0.23013,-0.0087,0.9338,-0.73,1.11,0.19,0.42401,-0.21821,-0.02965,0.87848,-0.74,1.09,0.21,0.42401,-0.21821,-0.02965,0.87848,-0.67,1.07,0.11,-0.38402,-0.18044,-0.13508,0.89539,-0.68,1.11,0.14,-0.19254,-0.17785,-0.17282,0.94944,-0.69,1.12,0.17,0.21464,-0.25067,-0.12236,0.93601,-0.71,1.12,0.19,0.42807,-0.29657,-0.08104,0.84984,-0.72,1.1,0.21,0.42807,-0.29657,-0.08104,0.84984,-0.67,1.07,0.11,-0.29904,-0.13099,-0.36674,0.87116,-0.67,1.09,0.15,-0.36708,-0.07233,-0.29057,0.88068,-0.67,1.11,0.17,0.1596,-0.2285,-0.28395,0.91743,-0.68,1.11,0.18,0.39754,-0.3423,-0.21377,0.82407,-0.69,1.1,0.19,0.39754,-0.3423,-0.21377,0.82407,-0.81,1.08,0.19
-0.79,1.46,-0.17,-0.79,1.46,-0.17,-0.85,1.1,0.11,0.3205,-0.06852,-0.15067,-0.93268,-0.86,1.06,0.06,0.3205,-0.06852,-0.15067,-0.93268,-0.83,1.08,0.09,0.43627,-0.18967,0.50896,-0.7174,-0.8,1.09,0.1,0.19342,-0.02564,0.46573,-0.86315,-0.79,1.1,0.13,0.09094,-0.0131,0.54311,-0.83462,-0.79,1.11,0.16,0.09094,-0.0131,0.54311,-0.83462,-0.84,1.08,0.09,0.3205,-0.06852,-0.15067,-0.93268,-0.83,1.12,0.13,0.05749,-0.104,-0.08461,-0.9893,-0.83,1.13,0.17,-0.31826,-0.13244,-0.06512,-0.93645,-0.82,1.11,0.18,-0.4839,-0.11522,-0.04917,-0.86611,-0.81,1.09,0.2,-0.4839,-0.11522,-0.04917,-0.86611,-0.85,1.08,0.09,0.3205,-0.06852,-0.15067,-0.93268,-0.85,1.12,0.13,0.07314,-0.09874,-0.14061,-0.98241,-0.85,1.13,0.17,-0.27956,-0.14283,-0.10928,-0.94314,-0.84,1.11,0.19,-0.43267,-0.14772,-0.14212,-0.87794,-0.83,1.1,0.21,-0.43267,-0.14772,-0.14212,-0.87794,-0.87,1.08,0.09,0.3205,-0.06852,-0.15067,-0.93268,-0.87,1.11,0.13,0.15789,-0.07251,-0.20373,-0.96349,-0.87,1.12,0.17,-0.23848,-0.16397,-0.19562,-0.937,-0.86,1.11,0.19,-0.43697,-0.22737,-0.17532,-0.85243,-0.85,1.09,0.2,-0.43697,-0.22737,-0.17532,-0.85243,-0.88,1.07,0.09,0.25785,-0.00455,-0.38268,-0.88716,-0.89,1.09,0.13,0.22154,-0.06529,-0.28005,-0.93179,-0.89,1.1,0.16,-0.17926,-0.16492,-0.30096,-0.922,-0.88,1.1,0.18,-0.3675,-0.27256,-0.26292,-0.84943,-0.86,1.09,0.19,-0.3675,-0.27256,-0.26292,-0.84943,-0.7,1.09,0.12,-0.36782,-0.18359,-0.12843,0.9025,-0.68,1.05,0.07,-0.36782,-0.18359,-0.12843,0.9025,-0.72,1.07,0.1,-0.50023,-0.17991,0.54043,0.65218,-0.74,1.08,0.11,-0.33342,-0.05033,0.48885,0.80457,-0.76,1.1,0.14,-0.26341,-0.04062,0.57217,0.77562,-0.77,1.11,0.16,-0.26341,-0.04062,0.57217,0.77562,-0.71,1.07,0.1,-0.36782,-0.18359,-0.12843,0.9025,-0.72,1.11,0.13,0.00567,-0.21563,0.00446,0.97645,-0.74,1.11,0.16,0.52312,-0.18819,0.0929,0.82601,-0.74,1.09,0.17,0.70368,-0.13433,0.13156,0.68519,-0.74,1.07,0.17,0.70368,-0.13433,0.13156,0.68519,-0.69,1.07,0.1,-0.36782,-0.18359,-0.12843,0.9025,-0.7,1.12,0.14,-0.04625,-0.21771,-0.06779,0.97256,-0.72,1.12,0.17,0.26947,-0.22801,-0.00711,0.9356,-0.73,1.11,0.19,0.4039,-0.21632,-0.03077,0.88833,-0.74,1.09,0.21,0.4039,-0.21632,-0.03077,0.88833,-0.68,1.07,0.11,-0.36782,-0.18359,-0.12843,0.9025,-0.69,1.11,0.14,-0.19291,-0.17751,-0.16747,0.95038,-0.7,1.12,0.18,0.2058,-0.24714,-0.1198,0.93927,-0.71,1.11,0.2,0.40827,-0.2921,-0.08226,0.86095,-0.72,1.1,0.21,0.40827,-0.2921,-0.08226,0.86095,-0.67,1.07,0.11,-0.2835,-0.12956,-0.35944,0.87957,-0.67,1.09,0.15,-0.35656,-0.07172,-0.28242,0.88767,-0.67,1.11,0.17,0.16974,-0.22212,-0.27818,0.91895,-0.68,1.11,0.19,0.39877,-0.33253,-0.21375,0.82748,-0.69,1.1,0.2,0.39877,-0.33253,-0.21375,0.82748,-0.81,1.08,0.19
-0.79,1.46,-0.17,-0.79,1.46,-0.17,-0.85,1.1,0.11,0.28288,-0.06351,-0.13833,-0.947,-0.86,1.06,0.06,0.28288,-0.06351,-0.13833,-0.947,-0.83,1.08,0.09,0.40815,-0.211,0.50791,-0.72865,-0.8,1.09,0.1,0.16215,-0.04377,0.47159,-0.86568,-0.79,1.1,0.14,0.06346,-0.03486,0.54923,-0.83253,-0.79,1.1,0.16,0.06346,-0.03486,0.54923,-0.83253,-0.84,1.08,0.09,0.28288,-0.06351,-0.13833,-0.947,-0.83,1.12,0.13,0.06109,-0.09336,-0.07999,-0.99053,-0.83,1.12,0.17,-0.26258,-0.11713,-0.07154,-0.9551,-0.82,1.11,0.19,-0.41982,-0.10085,-0.06148,-0.89989,-0.81,1.09,0.21,-0.41982,-0.10085,-0.06148,-0.89989,-0.85,1.08,0.09,0.28288,-0.06351,-0.13833,-0.947,-0.85,1.11,0.14,0.03121,-0.09002,-0.12982,-0.98695,-0.85,1.12,0.18,-0.30433,-0.12857,-0.10448,-0.93805,-0.84,1.1,0.2,-0.45088,-0.13093,-0.13975,-0.8718,-0.83,1.09,0.21,-0.45088,-0.13093,-0.13975,-0.8718,-0.87,1.07,0.09,0.28288,-0.06351,-0.13833,-0.947,-0.87,1.1,0.14,0.13476,-0.05804,-0.19351,-0.97006,-0.87,1.11,0.17,-0.25705,-0.14482,-0.19314,-0.93576,-0.86,1.1,0.19,-0.45326,-0.20763,-0.1779,-0.84841,-0.85,1.09,0.21,-0.45326,-0.20763,-0.1779,-0.84841,-0.88,1.07,0.09,0.22393,0.01032,-0.36851,-0.90219,-0.89,1.09,0.13,0.22556,-0.03989,-0.2684,-0.93568,-0.89,1.1,0.16,-0.17364,-0.1368,-0.30093,-0.92767,-0.88,1.1,0.18,-0.36414,-0.24568,-0.26875,-0.85721,-0.87,1.09,0.19,-0.36414,-0.24568,-0.26875,-0.85721,-0.7,1.09,0.12,-0.36396,-0.18747,-0.14583,0.90062,-0.68,1.05,0.07,-0.36396,-0.18747,-0.14583,0.90062,-0.72,1.07,0.09,-0.50753,-0.18175,0.52196,0.66101,-0.74,1.08,0.11,-0.33994,-0.05845,0.47005,0.81245,-0.76,1.1,0.13,-0.27787,-0.05418,0.55506,0.78215,-0.77,1.11,0.15,-0.27787,-0.05418,0.55506,0.78215,-0.71,1.07,0.1,-0.36396,-0.18747,-0.14583,0.90062,-0.72,1.12,0.13,-0.00678,-0.22706,-0.01306,0.97377,-0.74,1.12,0.16,0.49224,-0.20924,0.07938,0.8412,-0.75,1.1,0.17,0.6621,-0.16052,0.11857,0.72236,-0.75,1.07,0.18,0.6621,-0.16052,0.11857,0.72236,-0.69,1.07,0.1,-0.36396,-0.18747,-0.14583,0.90062,-0.7,1.12,0.14,-0.0402,-0.22912,-0.08068,0.96922,-0.72,1.12,0.17,0.30127,-0.24319,-0.00862,0.92197,-0.73,1.11,0.19,0.43798,-0.22963,-0.02906,0.86868,-0.74,1.09,0.21,0.43798,-0.22963,-0.02906,0.86868,-0.68,1.07,0.11,-0.36396,-0.18747,-0.14583,0.90062,-0.69,1.11,0.14,-0.15288,-0.19454,-0.17401,0.95315,-0.7,1.12,0.18,0.27429,-0.26731,-0.11163,0.91698,-0.71,1.11,0.19,0.47335,-0.30839,-0.07075,0.82209,-0.73,1.09,0.2,0.47335,-0.30839,-0.07075,0.82209,-0.67,1.07,0.11,-0.27656,-0.1331,-0.37527,0.87462,-0.67,1.09,0.15,-0.31444,-0.09226,-0.29605,0.8972,-0.67,1.11,0.17,0.24017,-0.25133,-0.27283,0.89706,-0.68,1.1,0.19,0.46343,-0.35885,-0.20296,0.78439,-0.7,1.09,0.19,0.46343,-0.35885,-0.20296,0.78439,-0.81,1.08,0.19
-0.79,1.46,-0.17,-0.79,1.46,-0.17,-0.85,1.1,0.11,0.2639,-0.06065,-0.13125,-0.95365,-0.86,1.07,0.06,0.2639,-0.06065,-0.13125,-0.95365,-0.83,1.08,0.09,0.39613,-0.22083,0.5051,-0.73429,-0.8,1.09,0.1,0.14679,-0.05201,0.47222,-0.86762,-0.79,1.1,0.14,0.04741,-0.04347,0.54988,-0.83276,-0.79,1.1,0.16,0.04741,-0.04347,0.54988,-0.83276,-0.84,1.08,0.09,0.2639,-0.06065,-0.13125,-0.95365,-0.83,1.12,0.13,0.05174,-0.08955,-0.07475,-0.99182,-0.83,1.12,0.17,-0.23529,-0.10892,-0.07212,-0.96311,-0.82,1.11,0.19,-0.37634,-0.09171,-0.06634,-0.91954,-0.82,1.09,0.21,-0.37634,-0.09171,-0.06634,-0.91954,-0.85,1.08,0.09,0.2639,-0.06065,-0.13125,-0.95365,-0.85,1.11,0.14,0.01125,-0.08475,-0.12381,-0.98862,-0.85,1.12,0.18,-0.30628,-0.11947,-0.10281,-0.9388,-0.84,1.1,0.2,-0.44653,-0.12095,-0.13979,-0.87547,-0.83,1.08,0.21,-0.44653,-0.12095,-0.13979,-0.87547,-0.87,1.08,0.09,0.2639,-0.06065,-0.13125,-0.95365,-0.87,1.1,0.14,0.13566,-0.04676,-0.18851,-0.97153,-0.87,1.11,0.17,-0.25171,-0.13161,-0.19357,-0.93907,-0.86,1.1,0.19,-0.44822,-0.19496,-0.18117,-0.85339,-0.85,1.09,0.21,-0.44822,-0.19496,-0.18117,-0.85339,-0.88,1.07,0.09,0.20703,0.01809,-0.36042,-0.90935,-0.89,1.09,0.13,0.23279,-0.02459,-0.26106,-0.93651,-0.89,1.1,0.16,-0.16346,-0.11955,-0.30072,-0.93196,-0.88,1.1,0.18,-0.36083,-0.23067,-0.27074,-0.86214,-0.87,1.09,0.19,-0.36083,-0.23067,-0.27074,-0.86214,-0.7,1.09,0.12,-0.3557,-0.19934,-0.15397,0.90002,-0.68,1.05,0.07,-0.3557,-0.19934,-0.15397,0.90002,-0.72,1.07,0.09,-0.5108,-0.1959,0.5121,0.66217,-0.74,1.08,0.11,-0.34578,-0.07748,0.46296,0.81247,-0.76,1.1,0.13,-0.2884,-0.07482,0.54921,0.78076,-0.77,1.11,0.15,-0.2884,-0.07482,0.54921,0.78076,-0.71,1.07,0.1,-0.3557,-0.19934,-0.15397,0.90002,-0.73,1.12,0.13,-0.08742,-0.2364,-0.0429,0.96676,-0.74,1.12,0.16,0.37569,-0.23693,0.04742,0.89469,-0.75,1.11,0.18,0.54017,-0.19716,0.0843,0.81378,-0.76,1.09,0.18,0.54017,-0.19716,0.0843,0.81378,-0.69,1.07,0.1,-0.3557,-0.19934,-0.15397,0.90002,-0.71,1.12,0.14,-0.02178,-0.24338,-0.08206,0.96621,-0.72,1.12,0.17,0.3851,-0.25641,0.01415,0.88643,-0.74,1.1,0.19,0.54464,-0.23294,0.00194,0.80567,-0.75,1.08,0.2,0.54464,-0.23294,0.00194,0.80567,-0.68,1.07,0.11,-0.3557,-0.19934,-0.15397,0.90002,-0.69,1.11,0.14,-0.06349,-0.22118,-0.16063,0.95982,-0.7,1.11,0.18,0.42633,-0.28748,-0.06914,0.85488,-0.72,1.1,0.19,0.63416,-0.3136,-0.01963,0.70648,-0.73,1.08,0.19,0.63416,-0.3136,-0.01963,0.70648,-0.67,1.07,0.11,-0.26498,-0.14312,-0.38166,0.87387,-0.67,1.09,0.15,-0.21508,-0.14061,-0.29293,0.92096,-0.68,1.11,0.17,0.40358,-0.29773,-0.22571,0.83519,-0.69,1.1,0.18,0.63575,-0.39301,-0.13683,0.65011,-0.71,1.08,0.18,0.63575,-0.39301,-0.13683,0.65011,-0.81,1.08,0.19
-0.79,1.46,-0.17,-0.79,1.46,-0.17,-0.85,1.1,0.11,0.28517,-0.05915,-0.13381,-0.94724,-0.86,1.07,0.05,0.28517,-0.05915,-0.13381,-0.94724,-0.83,1.08,0.08,0.41045,-0.20521,0.50832,-0.72872,-0.8,1.09,0.1,0.16131,-0.03641,0.47046,-0.86679,-0.8,1.1,0.13,0.05516,-0.02335,0.54715,-0.83489,-0.79,1.1,0.16,0.05516,-0.02335,0.54715,-0.83489,-0.84,1.08,0.08,0.28517,-0.05915,-0.13381,-0.94724,-0.83,1.12,0.13,0.04958,-0.09128,-0.07371,-0.99186,-0.83,1.12,0.17,-0.24466,-0.11075,-0.06978,-0.96073,-0.82,1.11,0.19,-0.38424,-0.093,-0.06363,-0.91633,-0.82,1.1,0.2,-0.38424,-0.093,-0.06363,-0.91633,-0.85,1.08,0.08,0.28517,-0.05915,-0.13381,-0.94724,-0.85,1.12,0.13,0.03033,-0.08443,-0.12665,-0.98788,-0.85,1.12,0.17,-0.29936,-0.12157,-0.10417,-0.94061,-0.84,1.11,0.2,-0.44813,-0.12452,-0.14054,-0.87403,-0.83,1.09,0.21,-0.44813,-0.12452,-0.14054,-0.87403,-0.87,1.08,0.09,0.28517,-0.05915,-0.13381,-0.94724,-0.87,1.11,0.13,0.15905,-0.04586,-0.19228,-0.96728,-0.87,1.12,0.17,-0.24466,-0.13642,-0.19503,-0.93995,-0.86,1.11,0.19,-0.45339,-0.20209,-0.17948,-0.84934,-0.85,1.09,0.2,-0.45339,-0.20209,-0.17948,-0.84934,-0.88,1.07,0.09,0.22769,0.01419,-0.36459,-0.90279,-0.89,1.09,0.13,0.25214,-0.02631,-0.26448,-0.93047,-0.89,1.11,0.16,-0.15565,-0.1278,-0.30214,-0.93175,-0.88,1.1,0.18,-0.37396,-0.24499,-0.26497,-0.85436,-0.87,1.09,0.19,-0.37396,-0.24499,-0.26497,-0.85436,-0.7,1.09,0.12,-0.32045,-0.21,-0.13462,0.91383,-0.68,1.05,0.08,-0.32045,-0.21,-0.13462,0.91383,-0.72,1.07,0.1,-0.48578,-0.24101,0.52281,0.65773,-0.75,1.08,0.11,-0.32501,-0.12025,0.48438,0.8033,-0.76,1.09,0.13,-0.27103,-0.118,0.5704,0.76633,-0.78,1.1,0.15,-0.27103,-0.118,0.5704,0.76633,-0.71,1.07,0.1,-0.32045,-0.21,-0.13462,0.91383,-0.73,1.11,0.13,-0.1324,-0.2378,-0.04611,0.96114,-0.75,1.12,0.17,0.24071,-0.24405,0.02116,0.93917,-0.76,1.11,0.18,0.39828,-0.21134,0.05126,0.89111,-0.77,1.1,0.2,0.39828,-0.21134,0.05126,0.89111,-0.7,1.07,0.1,-0.32045,-0.21,-0.13462,0.91383,-0.71,1.11,0.14,-0.06838,-0.23053,-0.08855,0.96661,-0.73,1.12,0.18,0.34595,-0.24801,0.00381,0.90487,-0.74,1.1,0.2,0.53346,-0.22765,-0.00613,0.81459,-0.75,1.08,0.21,0.53346,-0.22765,-0.00613,0.81459,-0.68,1.07,0.11,-0.32045,-0.21,-0.13462,0.91383,-0.69,1.1,0.15,-0.08353,-0.20182,-0.15944,0.96274,-0.71,1.11,0.18,0.42631,-0.27222,-0.07267,0.85958,-0.72,1.09,0.2,0.66197,-0.2989,-0.01785,0.68712,-0.73,1.07,0.2,0.66197,-0.2989,-0.01785,0.68712,-0.67,1.07,0.11,-0.2311,-0.14385,-0.36064,0.8921,-0.68,1.09,0.15,-0.20767,-0.13266,-0.27354,0.92976,-0.68,1.1,0.18,0.42261,-0.28097,-0.2134,0.83482,-0.69,1.09,0.19,0.68109,-0.37712,-0.11702,0.61661,-0.71,1.08,0.18,0.68109,-0.37712,-0.11702,0.61661,-0.81,1.08,0.19
-0.79,1.46,-0.17,-0.79,1.46,-0.17,-0.85,1.1,0.11,0.3103,-0.06245,-0.11513,-0.94157,-0.86,1.07,0.05,0.3103,-0.06245,-0.11513,-0.94157,-0.83,1.08,0.08,0.42207,-0.19571,0.5294,-0.70943,-0.8,1.09,0.1,0.18055,-0.0228,0.48838,-0.85344,-0.79,1.1,0.13,0.07291,-0.00553,0.5635,-0.82287,-0.79,1.11,0.16,0.07291,-0.00553,0.5635,-0.82287,-0.84,1.09,0.08,0.3103,-0.06245,-0.11513,-0.94157,-0.83,1.12,0.13,0.05971,-0.0894,-0.05296,-0.99279,-0.82,1.13,0.17,-0.29502,-0.10614,-0.04385,-0.94856,-0.82,1.11,0.18,-0.44296,-0.08471,-0.03595,-0.89181,-0.82,1.1,0.2,-0.44296,-0.08471,-0.03595,-0.89181,-0.85,1.08,0.08,0.3103,-0.06245,-0.11513,-0.94157,-0.85,1.12,0.13,0.04539,-0.08406,-0.10713,-0.98964,-0.85,1.13,0.17,-0.3459,-0.12019,-0.07848,-0.92722,-0.84,1.11,0.19,-0.52997,-0.11921,-0.11335,-0.83191,-0.83,1.09,0.2,-0.52997,-0.11921,-0.11335,-0.83191,-0.87,1.08,0.09,0.3103,-0.06245,-0.11513,-0.94157,-0.87,1.11,0.13,0.12349,-0.05985,-0.17009,-0.97583,-0.87,1.12,0.17,-0.34622,-0.14999,-0.16117,-0.91195,-0.86,1.11,0.19,-0.59063,-0.21039,-0.13786,-0.76674,-0.85,1.09,0.19,-0.59063,-0.21039,-0.13786,-0.76674,-0.88,1.08,0.09,0.25406,0.00534,-0.3488,-0.90209,-0.89,1.1,0.13,0.19075,-0.05819,-0.24658,-0.94838,-0.89,1.11,0.16,-0.29984,-0.16682,-0.2629,-0.90175,-0.88,1.1,0.17,-0.56153,-0.28473,-0.20712,-0.74881,-0.86,1.08,0.18,-0.56153,-0.28473,-0.20712,-0.74881,-0.71,1.08,0.13,-0.23626,-0.21142,-0.07548,0.9454,-0.68,1.06,0.07,-0.23626,-0.21142,-0.07548,0.9454,-0.72,1.06,0.1,-0.4307,-0.31831,0.52931,0.65804,-0.75,1.07,0.11,-0.27836,-0.19773,0.50711,0.79136,-0.77,1.07,0.13,-0.24441,-0.20787,0.59007,0.74086,-0.79,1.08,0.15,-0.24441,-0.20787,0.59007,0.74086,-0.71,1.07,0.1,-0.23626,-0.21142,-0.07548,0.9454,-0.74,1.1,0.14,-0.0384,-0.28947,0.04052,0.95556,-0.76,1.1,0.17,0.25082,-0.26646,0.09849,0.92541,-0.77,1.09,0.19,0.38068,-0.22387,0.12514,0.88843,-0.78,1.07,0.2,0.38068,-0.22387,0.12514,0.88843,-0.7,1.07,0.1,-0.23626,-0.21142,-0.07548,0.9454,-0.72,1.1,0.15,-0.11752,-0.19879,-0.06483,0.97081,-0.73,1.11,0.19,0.28279,-0.21011,0.00758,0.93585,-0.74,1.1,0.21,0.4881,-0.1935,-0.00979,0.85101,-0.75,1.08,0.22,0.4881,-0.1935,-0.00979,0.85101,-0.68,1.07,0.11,-0.23626,-0.21142,-0.07548,0.9454,-0.7,1.09,0.15,-0.19551,-0.1379,-0.14013,0.96079,-0.71,1.11,0.19,0.31487,-0.21108,-0.08952,0.92103,-0.72,1.09,0.21,0.57717,-0.24927,-0.04845,0.77614,-0.73,1.07,0.21,0.57717,-0.24927,-0.04845,0.77614,-0.68,1.06,0.11,-0.15704,-0.12228,-0.29809,0.93356,-0.68,1.08,0.16,-0.27009,-0.05371,-0.21727,0.93646,-0.68,1.1,0.18,0.29662,-0.17253,-0.23048,0.91057,-0.69,1.09,0.2,0.59392,-0.28594,-0.16425,0.73384,-0.7,1.07,0.2,0.59392,-0.28594,-0.16425,0.73384,-0.81,1.08,0.19
-0.78,1.46,-0.17,-0.78,1.46,-0.17,-0.85,1.1,0.11,0.31823,-0.06005,-0.09727,-0.9411,-0.86,1.07,0.05,0.31823,-0.06005,-0.09727,-0.9411,-0.82,1.08,0.08,0.4208,-0.19379,0.54513,-0.69872,-0.8,1.09,0.1,0.1841,-0.0167,0.50349,-0.844,-0.79,1.1,0.13,0.07692,0.00214,0.57738,-0.81284,-0.79,1.11,0.16,0.07692,0.00214,0.57738,-0.81284,-0.84,1.08,0.08,0.31823,-0.06005,-0.09727,-0.9411,-0.83,1.12,0.13,0.07025,-0.08247,-0.03635,-0.99345,-0.82,1.13,0.17,-0.30636,-0.09477,-0.02859,-0.94675,-0.82,1.11,0.19,-0.46391,-0.07131,-0.0213,-0.88275,-0.82,1.1,0.2,-0.46391,-0.07131,-0.0213,-0.88275,-0.85,1.08,0.08,0.31823,-0.06005,-0.09727,-0.9411,-0.85,1.12,0.13,0.04868,-0.07626,-0.09102,-0.99173,-0.85,1.13,0.17,-0.36654,-0.10836,-0.06411,-0.92184,-0.84,1.11,0.19,-0.56638,-0.10446,-0.10096,-0.81124,-0.83,1.09,0.2,-0.56638,-0.10446,-0.10096,-0.81124,-0.87,1.08,0.09,0.31823,-0.06005,-0.09727,-0.9411,-0.87,1.11,0.13,0.09812,-0.05888,-0.15162,-0.98179,-0.87,1.12,0.17,-0.39288,-0.14274,-0.14304,-0.89711,-0.86,1.1,0.18,-0.65067,-0.19886,-0.12003,-0.72297,-0.85,1.08,0.19,-0.65067,-0.19886,-0.12003,-0.72297,-0.88,1.08,0.09,0.26474,0.00628,-0.33256,-0.90514,-0.89,1.1,0.13,0.17437,-0.06016,-0.22979,-0.9556,-0.88,1.11,0.16,-0.34589,-0.16632,-0.2437,-0.89068,-0.87,1.1,0.17,-0.62282,-0.28213,-0.18434,-0.70606,-0.86,1.08,0.17,-0.62282,-0.28213,-0.18434,-0.70606,-0.71,1.08,0.13,-0.18544,-0.19645,-0.04401,0.96181,-0.68,1.06,0.07,-0.18544,-0.19645,-0.04401,0.96181,-0.72,1.06,0.09,-0.41197,-0.33491,0.50338,0.68171,-0.75,1.07,0.11,-0.26867,-0.22696,0.4788,0.8044,-0.77,1.07,0.13,-0.25767,-0.25261,0.55856,0.74686,-0.79,1.08,0.15,-0.25767,-0.25261,0.55856,0.74686,-0.71,1.07,0.1,-0.18544,-0.19645,-0.04401,0.96181,-0.74,1.09,0.15,0.03448,-0.31845,0.09002,0.94303,-0.76,1.08,0.18,0.28556,-0.28305,0.1445,0.90413,-0.77,1.07,0.19,0.40574,-0.23478,0.17257,0.8663,-0.78,1.05,0.2,0.40574,-0.23478,0.17257,0.8663,-0.7,1.07,0.1,-0.18544,-0.19645,-0.04401,0.96181,-0.72,1.09,0.15,-0.11848,-0.17493,-0.0447,0.9764,-0.73,1.1,0.19,0.25627,-0.18064,0.01123,0.94951,-0.74,1.09,0.21,0.46625,-0.16567,-0.01287,0.86891,-0.75,1.07,0.23,0.46625,-0.16567,-0.01287,0.86891,-0.68,1.07,0.11,-0.18544,-0.19645,-0.04401,0.96181,-0.7,1.09,0.16,-0.20895,-0.10181,-0.11401,0.96591,-0.7,1.1,0.19,0.27209,-0.16463,-0.09,0.9438,-0.71,1.09,0.21,0.53932,-0.20651,-0.06249,0.81399,-0.72,1.07,0.22,0.53932,-0.20651,-0.06249,0.81399,-0.67,1.06,0.11,-0.11505,-0.09439,-0.26416,0.95293,-0.68,1.08,0.16,-0.26286,0.01027,-0.17512,0.94875,-0.68,1.09,0.18,0.22181,-0.07604,-0.23523,0.94323,-0.68,1.08,0.2,0.52604,-0.19694,-0.20199,0.8023,-0.69,1.07,0.21,0.52604,-0.19694,-0.20199,0.8023,-0.81,1.08,0.19
-0.78,1.46,-0.17,-0.78,1.46,-0.17,-0.85,1.1,0.11,0.30473,-0.07227,-0.09029,-0.94539,-0.86,1.07,0.05,0.30473,-0.07227,-0.09029,-0.94539,-0.82,1.08,0.08,0.42047,-0.21506,0.54132,-0.69565,-0.8,1.09,0.1,0.18024,-0.03644,0.50715,-0.84201,-0.79,1.1,0.13,0.07878,-0.0202,0.58278,-0.80855,-0.79,1.1,0.16,0.07878,-0.0202,0.58278,-0.80855,-0.83,1.08,0.08,0.30473,-0.07227,-0.09029,-0.94539,-0.83,1.12,0.13,0.08285,-0.11218,-0.01897,-0.99005,-0.82,1.12,0.17,-0.25848,-0.11604,-0.00571,-0.95901,-0.81,1.11,0.19,-0.41296,-0.08891,0.00285,-0.90639,-0.81,1.1,0.2,-0.41296,-0.08891,0.00285,-0.90639,-0.85,1.08,0.08,0.30473,-0.07227,-0.09029,-0.94539,-0.85,1.12,0.13,0.12407,-0.07549,-0.09016,-0.98528,-0.84,1.13,0.17,-0.25757,-0.1057,-0.06766,-0.95807,-0.84,1.12,0.19,-0.44991,-0.10871,-0.10683,-0.87997,-0.83,1.1,0.21,-0.44991,-0.10871,-0.10683,-0.87997,-0.87,1.08,0.09,0.30473,-0.07227,-0.09029,-0.94539,-0.87,1.11,0.13,0.15675,-0.05118,-0.14989,-0.97486,-0.86,1.12,0.17,-0.31139,-0.13354,-0.14749,-0.92922,-0.85,1.11,0.19,-0.56807,-0.19246,-0.12782,-0.78988,-0.84,1.09,0.2,-0.56807,-0.19246,-0.12782,-0.78988,-0.87,1.08,0.09,0.25004,-0.00202,-0.32458,-0.91221,-0.88,1.1,0.13,0.2145,-0.04021,-0.22684,-0.94917,-0.88,1.11,0.16,-0.28513,-0.14535,-0.25402,-0.91272,-0.87,1.1,0.17,-0.5592,-0.26379,-0.20269,-0.75936,-0.86,1.08,0.18,-0.5592,-0.26379,-0.20269,-0.75936,-0.71,1.09,0.12,-0.21613,-0.19455,-0.06514,0.95456,-0.68,1.06,0.07,-0.21613,-0.19455,-0.06514,0.95456,-0.72,1.06,0.09,-0.44975,-0.30048,0.48124,0.68981,-0.75,1.07,0.1,-0.30381,-0.19926,0.44842,0.81665,-0.77,1.09,0.13,-0.30044,-0.22822,0.52979,0.75959,-0.79,1.09,0.15,-0.30044,-0.22822,0.52979,0.75959,-0.71,1.07,0.1,-0.21613,-0.19455,-0.06514,0.95456,-0.73,1.1,0.14,0.01421,-0.32941,0.08409,0.94033,-0.76,1.09,0.17,0.28025,-0.29338,0.14648,0.90218,-0.77,1.08,0.19,0.40534,-0.2439,0.17735,0.86299,-0.77,1.06,0.2,0.40534,-0.2439,0.17735,0.86299,-0.7,1.07,0.1,-0.21613,-0.19455,-0.06514,0.95456,-0.71,1.1,0.15,-0.10776,-0.18115,-0.05783,0.97582,-0.73,1.11,0.19,0.26263,-0.19117,0.00067,0.94577,-0.74,1.1,0.21,0.47682,-0.17764,-0.02021,0.86063,-0.75,1.08,0.22,0.47682,-0.17764,-0.02021,0.86063,-0.68,1.07,0.11,-0.21613,-0.19455,-0.06514,0.95456,-0.7,1.09,0.15,-0.18994,-0.10684,-0.13239,0.96694,-0.7,1.11,0.19,0.27493,-0.17542,-0.10651,0.93931,-0.71,1.1,0.21,0.53991,-0.22149,-0.07516,0.80858,-0.72,1.08,0.22,0.53991,-0.22149,-0.07516,0.80858,-0.67,1.07,0.11,-0.14233,-0.10031,-0.28746,0.94183,-0.68,1.08,0.15,-0.25901,0.02341,-0.20269,0.94408,-0.67,1.1,0.18,0.21289,-0.07477,-0.26556,0.93732,-0.68,1.09,0.2,0.49514,-0.20115,-0.23433,0.81208,-0.69,1.07,0.21,0.49514,-0.20115,-0.23433,0.81208,-0.81,1.08,0.19
-0.78,1.46,-0.17,-0.78,1.46,-0.17,-0.85,1.1,0.11,0.29036,-0.07425,-0.08709,-0.95005,-0.86,1.07,0.05,0.29036,-0.07425,-0.08709,-0.95005,-0.82,1.08,0.08,0.41938,-0.2253,0.53172,-0.70046,-0.8,1.09,0.1,0.17291,-0.04672,0.50144,-0.84645,-0.79,1.1,0.13,0.08085,-0.03776,0.57838,-0.81087,-0.78,1.1,0.15,0.08085,-0.03776,0.57838,-0.81087,-0.83,1.08,0.08,0.29036,-0.07425,-0.08709,-0.95005,-0.82,1.12,0.13,0.10176,-0.1585,0.00139,-0.9821,-0.81,1.12,0.16,-0.14528,-0.15532,0.01413,-0.97702,-0.8,1.12,0.19,-0.28094,-0.12639,0.02225,-0.95111,-0.8,1.1,0.2,-0.28094,-0.12639,0.02225,-0.95111,-0.85,1.08,0.08,0.29036,-0.07425,-0.08709,-0.95005,-0.84,1.12,0.13,0.24832,-0.05784,-0.09901,-0.96187,-0.84,1.14,0.17,-0.07119,-0.08893,-0.08783,-0.9896,-0.84,1.13,0.19,-0.23965,-0.1046,-0.13083,-0.9563,-0.83,1.12,0.22,-0.23965,-0.1046,-0.13083,-0.9563,-0.87,1.08,0.09,0.29036,-0.07425,-0.08709,-0.95005,-0.86,1.11,0.13,0.30667,-0.01404,-0.15663,-0.93874,-0.87,1.13,0.16,-0.11126,-0.10111,-0.17141,-0.97366,-0.86,1.12,0.19,-0.35748,-0.16905,-0.15862,-0.90469,-0.85,1.11,0.21,-0.35748,-0.16905,-0.15862,-0.90469,-0.87,1.07,0.09,0.23609,-0.00025,-0.32039,-0.91739,-0.88,1.09,0.13,0.31929,0.0267,-0.22533,-0.92009,-0.89,1.11,0.15,-0.12466,-0.08025,-0.28747,-0.94625,-0.88,1.11,0.17,-0.39308,-0.20818,-0.25324,-0.85908,-0.87,1.1,0.19,-0.39308,-0.20818,-0.25324,-0.85908,-0.7,1.09,0.12,-0.246,-0.19403,-0.0856,0.94578,-0.68,1.06,0.07,-0.246,-0.19403,-0.0856,0.94578,-0.72,1.07,0.09,-0.47399,-0.27419,0.47487,0.68896,-0.75,1.08,0.1,-0.31393,-0.16808,0.44021,0.82426,-0.77,1.09,0.13,-0.30405,-0.19392,0.52397,0.77163,-0.78,1.1,0.15,-0.30405,-0.19392,0.52397,0.77163,-0.71,1.07,0.09,-0.246,-0.19403,-0.0856,0.94578,-0.73,1.1,0.14,-0.01598,-0.33142,0.07016,0.94074,-0.76,1.1,0.17,0.28794,-0.29429,0.14572,0.89958,-0.77,1.09,0.18,0.42401,-0.24257,0.18045,0.85371,-0.77,1.07,0.2,0.42401,-0.24257,0.18045,0.85371,-0.7,1.07,0.1,-0.246,-0.19403,-0.0856,0.94578,-0.71,1.11,0.15,-0.03707,-0.20079,-0.05401,0.97744,-0.73,1.11,0.18,0.33171,-0.20707,0.01202,0.9203,-0.74,1.09,0.2,0.54242,-0.18577,-0.00429,0.8193,-0.75,1.07,0.21,0.54242,-0.18577,-0.00429,0.8193,-0.68,1.07,0.11,-0.246,-0.19403,-0.0856,0.94578,-0.69,1.1,0.15,-0.10892,-0.13017,-0.13966,0.97554,-0.7,1.11,0.18,0.34604,-0.19563,-0.1048,0.91159,-0.71,1.09,0.2,0.6005,-0.23818,-0.06904,0.7602,-0.72,1.07,0.21,0.6005,-0.23818,-0.06904,0.7602,-0.67,1.07,0.11,-0.16863,-0.10759,-0.30965,0.92957,-0.68,1.09,0.15,-0.23813,0.01456,-0.23176,0.94306,-0.67,1.1,0.18,0.23221,-0.09459,-0.28659,0.92466,-0.68,1.09,0.19,0.49772,-0.22324,-0.25107,0.79963,-0.69,1.08,0.2,0.49772,-0.22324,-0.25107,0.79963,-0.81,1.08,0.19
-0.78,1.46,-0.17,-0.78,1.46,-0.17,-0.85,1.09,0.11,0.25738,-0.07407,-0.10399,-0.95784,-0.86,1.06,0.05,0.25738,-0.07407,-0.10399,-0.95784,-0.82,1.07,0.08,0.4164,-0.22202,0.49672,-0.72841,-0.8,1.09,0.1,0.16164,-0.05447,0.46508,-0.86868,-0.79,1.09,0.13,0.07308,-0.05214,0.54416,-0.83417,-0.78,1.1,0.15,0.07308,-0.05214,0.54416,-0.83417,-0.83,1.08,0.08,0.25738,-0.07407,-0.10399,-0.95784,-0.82,1.11,0.13,0.02327,-0.18238,0.00097,-0.98295,-0.81,1.11,0.17,-0.21036,-0.17674,0.01738,-0.96136,-0.8,1.1,0.19,-0.33553,-0.14659,0.02879,-0.93011,-0.8,1.09,0.2,-0.33553,-0.14659,0.02879,-0.93011,-0.85,1.08,0.08,0.25738,-0.07407,-0.10399,-0.95784,-0.85,1.11,0.13,0.21983,-0.05039,-0.11732,-0.96715,-0.84,1.13,0.17,-0.17853,-0.09566,-0.10042,-0.97411,-0.84,1.12,0.2,-0.40564,-0.11397,-0.14041,-0.89596,-0.83,1.1,0.21,-0.40564,-0.11397,-0.14041,-0.89596,-0.87,1.07,0.09,0.25738,-0.07407,-0.10399,-0.95784,-0.86,1.1,0.13,0.30289,0.00012,-0.17271,-0.93725,-0.87,1.12,0.17,-0.20707,-0.11269,-0.18389,-0.95426,-0.86,1.11,0.19,-0.49693,-0.18923,-0.16282,-0.83111,-0.85,1.1,0.2,-0.49693,-0.18923,-0.16282,-0.83111,-0.87,1.07,0.09,0.20168,0.00753,-0.33374,-0.92081,-0.88,1.09,0.13,0.31535,0.05204,-0.2363,-0.91761,-0.89,1.1,0.16,-0.14365,-0.06807,-0.30779,-0.93808,-0.88,1.1,0.17,-0.46485,-0.2195,-0.26543,-0.81565,-0.87,1.09,0.19,-0.46485,-0.2195,-0.26543,-0.81565,-0.7,1.09,0.12,-0.30591,-0.18897,-0.14288,0.92211,-0.68,1.06,0.07,-0.30591,-0.18897,-0.14288,0.92211,-0.72,1.07,0.09,-0.47872,-0.25124,0.50283,0.67444,-0.75,1.08,0.11,-0.29189,-0.12093,0.47102,0.8236,-0.76,1.1,0.13,-0.22425,-0.11379,0.55783,0.79094,-0.77,1.1,0.15,-0.22425,-0.11379,0.55783,0.79094,-0.71,1.08,0.1,-0.30591,-0.18897,-0.14288,0.92211,-0.73,1.11,0.14,-0.0905,-0.25653,-0.03027,0.96181,-0.74,1.12,0.17,0.27179,-0.25483,0.04031,0.92713,-0.76,1.11,0.18,0.43076,-0.21819,0.07398,0.87256,-0.76,1.09,0.2,0.43076,-0.21819,0.07398,0.87256,-0.69,1.07,0.1,-0.30591,-0.18897,-0.14288,0.92211,-0.71,1.11,0.14,-0.04557,-0.22566,-0.09211,0.96877,-0.72,1.12,0.18,0.32909,-0.24454,-0.01181,0.91201,-0.74,1.1,0.2,0.53275,-0.22794,-0.01982,0.81476,-0.75,1.08,0.21,0.53275,-0.22794,-0.01982,0.81476,-0.68,1.07,0.11,-0.30591,-0.18897,-0.14288,0.92211,-0.69,1.1,0.15,-0.13813,-0.17312,-0.18335,0.95777,-0.7,1.12,0.18,0.3186,-0.25528,-0.12192,0.90469,-0.71,1.1,0.2,0.57302,-0.30049,-0.06675,0.75954,-0.73,1.08,0.2,0.57302,-0.30049,-0.06675,0.75954,-0.67,1.07,0.11,-0.22007,-0.11947,-0.3687,0.89519,-0.67,1.09,0.15,-0.30488,-0.05488,-0.2905,0.90534,-0.67,1.11,0.17,0.21967,-0.20705,-0.29476,0.90664,-0.68,1.1,0.19,0.49365,-0.33508,-0.21756,0.77246,-0.7,1.09,0.2,0.49365,-0.33508,-0.21756,0.77246,-0.81,1.08,0.19
-0.78,1.46,-0.17,-0.78,1.46,-0.17,-0.85,1.09,0.11,0.25598,-0.07134,-0.12484,-0.95593,-0.86,1.06,0.05,0.25598,-0.07134,-0.12484,-0.95593,-0.82,1.08,0.08,0.43823,-0.1902,0.46019,-0.74833,-0.8,1.09,0.1,0.19482,-0.04577,0.41592,-0.88711,-0.79,1.1,0.13,0.10588,-0.04523,0.49796,-0.85953,-0.79,1.11,0.15,0.10588,-0.04523,0.49796,-0.85953,-0.83,1.08,0.09,0.25598,-0.07134,-0.12484,-0.95593,-0.83,1.11,0.13,-0.03827,-0.17264,-0.01421,-0.98414,-0.81,1.11,0.17,-0.32015,-0.16894,0.00946,-0.93213,-0.81,1.09,0.19,-0.45725,-0.13844,0.02601,-0.87811,-0.8,1.08,0.2,-0.45725,-0.13844,0.02601,-0.87811,-0.85,1.08,0.09,0.25598,-0.07134,-0.12484,-0.95593,-0.85,1.11,0.14,0.12413,-0.05908,-0.13321,-0.98151,-0.84,1.12,0.18,-0.38434,-0.12124,-0.09822,-0.90991,-0.84,1.1,0.19,-0.66199,-0.13029,-0.12523,-0.7274,-0.83,1.08,0.2,-0.66199,-0.13029,-0.12523,-0.7274,-0.87,1.07,0.09,0.25598,-0.07134,-0.12484,-0.95593,-0.86,1.1,0.14,0.25394,-0.00627,-0.19244,-0.94786,-0.87,1.12,0.17,-0.36017,-0.14742,-0.18555,-0.90228,-0.86,1.1,0.19,-0.6859,-0.22646,-0.14281,-0.67666,-0.85,1.08,0.19,-0.6859,-0.22646,-0.14281,-0.67666,-0.87,1.07,0.09,0.19801,0.00982,-0.35338,-0.91423,-0.88,1.08,0.13,0.29344,0.03266,-0.25687,-0.92024,-0.89,1.1,0.16,-0.25293,-0.12158,-0.31065,-0.90816,-0.88,1.09,0.18,-0.62066,-0.28842,-0.23133,-0.69144,-0.86,1.08,0.18,-0.62066,-0.28842,-0.23133,-0.69144,-0.7,1.1,0.12,-0.33968,-0.18198,-0.16539,0.90783,-0.68,1.06,0.07,-0.33968,-0.18198,-0.16539,0.90783,-0.72,1.07,0.09,-0.48228,-0.23532,0.51641,0.66735,-0.74,1.09,0.11,-0.2934,-0.09928,0.48153,0.81987,-0.76,1.1,0.13,-0.20332,-0.07735,0.56721,0.79432,-0.77,1.11,0.16,-0.20332,-0.07735,0.56721,0.79432,-0.71,1.08,0.1,-0.33968,-0.18198,-0.16539,0.90783,-0.72,1.12,0.13,-0.17726,-0.22543,-0.08172,0.95451,-0.74,1.13,0.16,0.20239,-0.24706,-0.01455,0.94752,-0.75,1.13,0.18,0.36993,-0.22068,0.01746,0.9023,-0.76,1.11,0.2,0.36993,-0.22068,0.01746,0.9023,-0.69,1.08,0.1,-0.33968,-0.18198,-0.16539,0.90783,-0.7,1.12,0.14,-0.13339,-0.22149,-0.12585,0.95776,-0.72,1.13,0.18,0.22342,-0.25363,-0.04987,0.93982,-0.73,1.12,0.2,0.38964,-0.25096,-0.06437,0.88378,-0.74,1.11,0.21,0.38964,-0.25096,-0.06437,0.88378,-0.68,1.07,0.11,-0.33968,-0.18198,-0.16539,0.90783,-0.69,1.11,0.15,-0.21413,-0.17861,-0.2085,0.93743,-0.7,1.13,0.18,0.2359,-0.27367,-0.14156,0.92164,-0.71,1.12,0.2,0.47313,-0.32448,-0.08609,0.81452,-0.72,1.1,0.21,0.47313,-0.32448,-0.08609,0.81452,-0.67,1.07,0.11,-0.25131,-0.12212,-0.39239,0.87633,-0.67,1.09,0.15,-0.38013,-0.05986,-0.31365,0.86807,-0.67,1.11,0.17,0.15805,-0.23669,-0.30576,0.90858,-0.68,1.11,0.19,0.43381,-0.36619,-0.21601,0.79439,-0.69,1.1,0.2,0.43381,-0.36619,-0.21601,0.79439,-0.81,1.08,0.19
-0.78,1.46,-0.17,-0.78,1.46,-0.17,-0.85,1.1,0.11,0.26917,-0.06877,-0.13072,-0.9517,-0.86,1.07,0.06,0.26917,-0.06877,-0.13072,-0.9517,-0.82,1.08,0.09,0.4503,-0.17529,0.45549,-0.74768,-0.8,1.09,0.1,0.23873,-0.0489,0.4029,-0.88221,-0.79,1.11,0.13,0.15787,-0.04946,0.48745,-0.85734,-0.78,1.11,0.16,0.15787,-0.04946,0.48745,-0.85734,-0.83,1.08,0.09,0.26917,-0.06877,-0.13072,-0.9517,-0.83,1.11,0.14,-0.02621,-0.1472,-0.03421,-0.98817,-0.82,1.11,0.17,-0.32657,-0.15083,-0.01417,-0.93295,-0.81,1.1,0.19,-0.46231,-0.12389,-0.00017,-0.87802,-0.8,1.08,0.2,-0.46231,-0.12389,-0.00017,-0.87802,-0.85,1.08,0.09,0.26917,-0.06877,-0.13072,-0.9517,-0.85,1.11,0.14,0.0514,-0.06757,-0.13464,-0.98725,-0.84,1.12,0.18,-0.46667,-0.13013,-0.09303,-0.86984,-0.84,1.1,0.19,-0.73664,-0.13108,-0.11479,-0.65346,-0.83,1.07,0.19,-0.73664,-0.13108,-0.11479,-0.65346,-0.87,1.08,0.09,0.26917,-0.06877,-0.13072,-0.9517,-0.87,1.1,0.14,0.17267,-0.0221,-0.19743,-0.96474,-0.87,1.12,0.17,-0.45387,-0.16351,-0.17927,-0.8574,-0.86,1.1,0.19,-0.76128,-0.23609,-0.13027,-0.5897,-0.84,1.08,0.18,-0.76128,-0.23609,-0.13027,-0.5897,-0.87,1.07,0.1,0.21056,0.00887,-0.36009,-0.9088,-0.88,1.09,0.14,0.26625,0.00325,-0.26435,-0.92694,-0.89,1.1,0.16,-0.32545,-0.16182,-0.29557,-0.88348,-0.88,1.09,0.18,-0.68267,-0.31869,-0.19946,-0.62659,-0.86,1.08,0.17,-0.68267,-0.31869,-0.19946,-0.62659,-0.7,1.1,0.12,-0.33371,-0.18288,-0.14512,0.91331,-0.68,1.06,0.07,-0.33371,-0.18288,-0.14512,0.91331,-0.72,1.07,0.09,-0.46964,-0.24348,0.53457,0.65908,-0.75,1.08,0.11,-0.28316,-0.10144,0.50245,0.8106,-0.76,1.09,0.13,-0.19782,-0.0815,0.58677,0.78098,-0.77,1.1,0.16,-0.19782,-0.0815,0.58677,0.78098,-0.71,1.08,0.09,-0.33371,-0.18288,-0.14512,0.91331,-0.73,1.12,0.13,-0.19398,-0.22103,-0.0683,0.95334,-0.74,1.13,0.16,0.19408,-0.23837,-0.00178,0.95158,-0.75,1.12,0.18,0.3639,-0.20989,0.02873,0.90703,-0.76,1.11,0.2,0.3639,-0.20989,0.02873,0.90703,-0.69,1.07,0.1,-0.33371,-0.18288,-0.14512,0.91331,-0.7,1.12,0.14,-0.15967,-0.215,-0.11317,0.9568,-0.72,1.13,0.17,0.17468,-0.24227,-0.04639,0.95323,-0.73,1.12,0.2,0.3182,-0.24129,-0.0674,0.91432,-0.74,1.11,0.21,0.3182,-0.24129,-0.0674,0.91432,-0.68,1.07,0.11,-0.33371,-0.18288,-0.14512,0.91331,-0.69,1.11,0.14,-0.24573,-0.17071,-0.19488,0.93408,-0.7,1.13,0.18,0.19283,-0.25992,-0.13581,0.93638,-0.71,1.12,0.2,0.41318,-0.30949,-0.0895,0.85176,-0.72,1.1,0.21,0.41318,-0.30949,-0.0895,0.85176,-0.67,1.07,0.11,-0.2481,-0.12061,-0.37305,0.88585,-0.67,1.09,0.15,-0.40338,-0.04905,-0.29423,0.86505,-0.67,1.11,0.17,0.15355,-0.22457,-0.29194,0.91693,-0.68,1.11,0.19,0.42928,-0.34974,-0.20816,0.80627,-0.69,1.1,0.19,0.42928,-0.34974,-0.20816,0.80627,-0.81,1.08,0.19
-0.78,1.46,-0.17,-0.78,1.46,-0.17,-0.85,1.1,0.11,0.30985,-0.04761,-0.16181,-0.9357,-0.86,1.07,0.06,0.30985,-0.04761,-0.16181,-0.9357,-0.82,1.08,0.09,0.43757,-0.1595,0.48404,-0.74081,-0.8,1.1,0.11,0.22827,-0.02406,0.42747,-0.87441,-0.8,1.11,0.14,0.14287,-0.02245,0.50881,-0.84864,-0.79,1.12,0.16,0.14287,-0.02245,0.50881,-0.84864,-0.84,1.09,0.09,0.30985,-0.04761,-0.16181,-0.9357,-0.83,1.12,0.13,0.05846,-0.11124,-0.08736,-0.98822,-0.83,1.13,0.17,-0.19365,-0.13056,-0.08274,-0.96882,-0.82,1.12,0.19,-0.30928,-0.11278,-0.07868,-0.94097,-0.81,1.11,0.21,-0.30928,-0.11278,-0.07868,-0.94097,-0.85,1.08,0.09,0.30985,-0.04761,-0.16181,-0.9357,-0.86,1.12,0.13,0.07901,-0.05139,-0.17296,-0.98041,-0.85,1.13,0.18,-0.39032,-0.1289,-0.14123,-0.9006,-0.84,1.11,0.19,-0.64908,-0.14863,-0.16449,-0.7277,-0.83,1.09,0.2,-0.64908,-0.14863,-0.16449,-0.7277,-0.87,1.08,0.09,0.30985,-0.04761,-0.16181,-0.9357,-0.87,1.11,0.14,0.18722,-0.00479,-0.23494,-0.9538,-0.88,1.12,0.17,-0.37963,-0.15991,-0.22794,-0.88225,-0.86,1.11,0.19,-0.68216,-0.25131,-0.18067,-0.66247,-0.85,1.09,0.19,-0.68216,-0.25131,-0.18067,-0.66247,-0.88,1.07,0.09,0.25025,0.01811,-0.39298,-0.88466,-0.89,1.09,0.13,0.28711,0.0196,-0.29955,-0.90964,-0.89,1.11,0.16,-0.28535,-0.16654,-0.33417,-0.8827,-0.88,1.1,0.17,-0.62364,-0.33396,-0.23959,-0.66493,-0.87,1.09,0.18,-0.62364,-0.33396,-0.23959,-0.66493,-0.7,1.09,0.12,-0.30977,-0.18423,-0.11699,0.92543,-0.68,1.06,0.07,-0.30977,-0.18423,-0.11699,0.92543,-0.72,1.07,0.09,-0.45355,-0.25345,0.54472,0.65828,-0.75,1.08,0.11,-0.27481,-0.11193,0.51413,0.80475,-0.76,1.09,0.13,-0.20682,-0.10373,0.59756,0.76771,-0.77,1.09,0.16,-0.20682,-0.10373,0.59756,0.76771,-0.71,1.07,0.09,-0.30977,-0.18423,-0.11699,0.92543,-0.73,1.11,0.13,-0.17905,-0.22064,-0.04276,0.95783,-0.74,1.12,0.17,0.21975,-0.22756,0.02391,0.94834,-0.75,1.11,0.18,0.38773,-0.19434,0.05269,0.89951,-0.76,1.1,0.2,0.38773,-0.19434,0.05269,0.89951,-0.7,1.07,0.1,-0.30977,-0.18423,-0.11699,0.92543,-0.71,1.11,0.14,-0.07126,-0.21569,-0.07164,0.97122,-0.73,1.12,0.18,0.29062,-0.2279,-0.00048,0.9293,-0.74,1.1,0.2,0.44318,-0.21369,-0.02122,0.87033,-0.75,1.09,0.21,0.44318,-0.21369,-0.02122,0.87033,-0.68,1.07,0.1,-0.30977,-0.18423,-0.11699,0.92543,-0.69,1.1,0.15,-0.14441,-0.17608,-0.15375,0.96151,-0.7,1.11,0.18,0.31805,-0.24499,-0.09364,0.91107,-0.71,1.1,0.2,0.54041,-0.28228,-0.05255,0.7909,-0.73,1.08,0.2,0.54041,-0.28228,-0.05255,0.7909,-0.67,1.07,0.11,-0.22836,-0.11474,-0.34495,0.90316,-0.67,1.09,0.15,-0.3676,-0.04469,-0.26505,0.8903,-0.67,1.11,0.17,0.23823,-0.21321,-0.26423,0.90993,-0.68,1.1,0.19,0.52361,-0.33302,-0.18381,0.76232,-0.7,1.09,0.19,0.52361,-0.33302,-0.18381,0.76232,-0.81,1.08,0.19
-0.78,1.46,-0.17,-0.78,1.46,-0.17,-0.86,1.1,0.11,0.27744,-0.03056,-0.12645,-0.9519,-0.86,1.07,0.06,0.27744,-0.03056,-0.12645,-0.9519,-0.83,1.08,0.09,0.38255,-0.19774,0.52119,-0.73683,-0.8,1.09,0.11,0.16912,-0.04295,0.47693,-0.86145,-0.8,1.1,0.14,0.0848,-0.04232,0.55504,-0.82641,-0.79,1.1,0.16,0.0848,-0.04232,0.55504,-0.82641,-0.84,1.08,0.09,0.27744,-0.03056,-0.12645,-0.9519,-0.84,1.12,0.14,0.02194,-0.0804,-0.06247,-0.99456,-0.83,1.12,0.17,-0.19894,-0.09134,-0.06952,-0.97327,-0.82,1.11,0.2,-0.29915,-0.07089,-0.07152,-0.94888,-0.82,1.1,0.21,-0.29915,-0.07089,-0.07152,-0.94888,-0.85,1.08,0.09,0.27744,-0.03056,-0.12645,-0.9519,-0.86,1.11,0.14,0.22505,0.01373,-0.14842,-0.96288,-0.86,1.13,0.18,-0.05225,-0.03,-0.15871,-0.98549,-0.86,1.13,0.2,-0.19829,-0.05594,-0.20937,-0.95589,-0.86,1.12,0.23,-0.19829,-0.05594,-0.20937,-0.95589,-0.87,1.08,0.09,0.27744,-0.03056,-0.12645,-0.9519,-0.87,1.1,0.14,0.3113,0.0523,-0.19592,-0.92843,-0.88,1.13,0.17,-0.09282,-0.05566,-0.23449,-0.96608,-0.88,1.12,0.19,-0.32734,-0.13996,-0.23126,-0.90542,-0.87,1.11,0.21,-0.32734,-0.13996,-0.23126,-0.90542,-0.88,1.07,0.09,0.22707,0.04425,-0.35786,-0.90466,-0.89,1.09,0.13,0.3023,0.05106,-0.25841,-0.9161,-0.9,1.1,0.16,-0.12689,-0.0685,-0.32747,-0.93379,-0.89,1.1,0.18,-0.38634,-0.20755,-0.29563,-0.84868,-0.88,1.09,0.19,-0.38634,-0.20755,-0.29563,-0.84868,-0.7,1.09,0.12,-0.31581,-0.18444,-0.10398,0.9249,-0.68,1.06,0.07,-0.31581,-0.18444,-0.10398,0.9249,-0.72,1.07,0.09,-0.45821,-0.2431,0.55189,0.65296,-0.75,1.08,0.11,-0.28863,-0.10539,0.51727,0.79876,-0.76,1.09,0.13,-0.23409,-0.10611,0.59992,0.75766,-0.77,1.09,0.16,-0.23409,-0.10611,0.59992,0.75766,-0.71,1.07,0.09,-0.31581,-0.18444,-0.10398,0.9249,-0.73,1.11,0.13,-0.24126,-0.21775,-0.04416,0.94468,-0.74,1.13,0.16,0.13803,-0.22741,0.01744,0.96381,-0.75,1.12,0.18,0.30625,-0.19654,0.04326,0.93044,-0.76,1.11,0.2,0.30625,-0.19654,0.04326,0.93044,-0.7,1.07,0.1,-0.31581,-0.18444,-0.10398,0.9249,-0.71,1.11,0.14,-0.08488,-0.20755,-0.06355,0.97246,-0.73,1.12,0.18,0.27916,-0.21754,0.00427,0.93527,-0.74,1.11,0.2,0.45121,-0.20289,-0.0159,0.8689,-0.74,1.09,0.21,0.45121,-0.20289,-0.0159,0.8689,-0.68,1.07,0.1,-0.31581,-0.18444,-0.10398,0.9249,-0.69,1.1,0.14,-0.13475,-0.16554,-0.14366,0.96633,-0.7,1.11,0.18,0.34297,-0.23195,-0.0865,0.90614,-0.71,1.1,0.2,0.58701,-0.26738,-0.04336,0.76292,-0.73,1.08,0.2,0.58701,-0.26738,-0.04336,0.76292,-0.67,1.07,0.11,-0.236,-0.11603,-0.33309,0.90548,-0.67,1.09,0.15,-0.34915,-0.04496,-0.2542,0.90081,-0.67,1.11,0.17,0.27984,-0.21084,-0.25225,0.902,-0.68,1.1,0.19,0.58154,-0.33048,-0.16701,0.72437,-0.7,1.09,0.19,0.58154,-0.33048,-0.16701,0.72437,-0.81,1.08,0.19
-0.78,1.46,-0.17,-0.78,1.46,-0.17,-0.85,1.09,0.12,0.22547,-0.05101,-0.10182,-0.96757,-0.86,1.07,0.06,0.22547,-0.05101,-0.10182,-0.96757,-0.82,1.07,0.09,0.37134,-0.24625,0.5041,-0.73983,-0.8,1.08,0.11,0.15462,-0.09403,0.47396,-0.86175,-0.79,1.09,0.14,0.08203,-0.09927,0.55468,-0.82204,-0.78,1.09,0.16,0.08203,-0.09927,0.55468,-0.82204,-0.84,1.08,0.09,0.22547,-0.05101,-0.10182,-0.96757,-0.83,1.11,0.14,-0.02709,-0.08384,-0.04087,-0.99527,-0.82,1.1,0.18,-0.25377,-0.089,-0.04701,-0.96201,-0.82,1.09,0.2,-0.35612,-0.06589,-0.04747,-0.9309,-0.82,1.08,0.21,-0.35612,-0.06589,-0.04747,-0.9309,-0.85,1.08,0.09,0.22547,-0.05101,-0.10182,-0.96757,-0.85,1.11,0.14,0.15634,-0.00583,-0.1201,-0.98036,-0.85,1.12,0.18,-0.1149,-0.03893,-0.12653,-0.98452,-0.85,1.11,0.21,-0.22469,-0.05065,-0.17512,-0.95723,-0.85,1.1,0.23,-0.22469,-0.05065,-0.17512,-0.95723,-0.87,1.07,0.09,0.22547,-0.05101,-0.10182,-0.96757,-0.87,1.1,0.14,0.25027,0.02564,-0.16785,-0.95317,-0.87,1.11,0.17,-0.11505,-0.05706,-0.20152,-0.97103,-0.87,1.11,0.2,-0.3026,-0.12353,-0.20282,-0.92306,-0.86,1.1,0.22,-0.3026,-0.12353,-0.20282,-0.92306,-0.88,1.07,0.09,0.17569,0.03787,-0.3296,-0.92686,-0.88,1.08,0.14,0.26827,0.02791,-0.22886,-0.93535,-0.89,1.1,0.16,-0.13602,-0.06431,-0.29244,-0.94437,-0.89,1.09,0.18,-0.35577,-0.18091,-0.27137,-0.87582,-0.88,1.08,0.2,-0.35577,-0.18091,-0.27137,-0.87582,-0.7,1.09,0.12,-0.26895,-0.17289,-0.085,0.94369,-0.68,1.06,0.07,-0.26895,-0.17289,-0.085,0.94369,-0.72,1.06,0.1,-0.42933,-0.27367,0.54337,0.66748,-0.75,1.07,0.11,-0.26543,-0.14138,0.51404,0.80332,-0.76,1.08,0.14,-0.22325,-0.15116,0.59618,0.75623,-0.78,1.09,0.16,-0.22325,-0.15116,0.59618,0.75623,-0.71,1.07,0.1,-0.26895,-0.17289,-0.085,0.94369,-0.73,1.1,0.14,-0.1952,-0.21337,-0.02606,0.95692,-0.74,1.12,0.17,0.13343,-0.21677,0.02036,0.96685,-0.75,1.11,0.19,0.28951,-0.18606,0.04137,0.93801,-0.76,1.1,0.21,0.28951,-0.18606,0.04137,0.93801,-0.7,1.07,0.1,-0.26895,-0.17289,-0.085,0.94369,-0.71,1.1,0.15,-0.13742,-0.18009,-0.0706,0.97144,-0.72,1.12,0.18,0.1713,-0.19416,-0.024,0.9656,-0.73,1.11,0.21,0.33124,-0.19125,-0.05076,0.92257,-0.74,1.09,0.23,0.33124,-0.19125,-0.05076,0.92257,-0.68,1.07,0.11,-0.26895,-0.17289,-0.085,0.94369,-0.69,1.1,0.15,-0.20805,-0.12758,-0.14466,0.95891,-0.7,1.11,0.18,0.22304,-0.19645,-0.11353,0.94804,-0.71,1.1,0.2,0.46136,-0.24332,-0.08094,0.84935,-0.72,1.09,0.22,0.46136,-0.24332,-0.08094,0.84935,-0.67,1.06,0.11,-0.19535,-0.09216,-0.31224,0.92512,-0.67,1.08,0.15,-0.34068,-0.01659,-0.22789,0.91199,-0.67,1.1,0.17,0.25006,-0.16103,-0.25517,0.92002,-0.68,1.09,0.19,0.55186,-0.28427,-0.18958,0.76073,-0.69,1.08,0.2,0.55186,-0.28427,-0.18958,0.76073,-0.81,1.08,0.19
-0.78,1.46,-0.17,-0.78,1.46,-0.17,-0.85,1.1,0.11,0.24737,-0.06996,-0.1318,-0.95736,-0.86,1.07,0.06,0.24737,-0.06996,-0.1318,-0.95736,-0.82,1.08,0.08,0.42583,-0.22279,0.46056,-0.74627,-0.8,1.09,0.1,0.20568,-0.08801,0.42277,-0.87819,-0.79,1.1,0.13,0.13508,-0.09382,0.50757,-0.84577,-0.78,1.11,0.15,0.13508,-0.09382,0.50757,-0.84577,-0.84,1.08,0.09,0.24737,-0.06996,-0.1318,-0.95736,-0.83,1.11,0.14,-0.00822,-0.0922,-0.0728,-0.99304,-0.82,1.11,0.17,-0.28363,-0.10862,-0.07066,-0.95014,-0.82,1.1,0.19,-0.40561,-0.08933,-0.06561,-0.9073,-0.81,1.08,0.21,-0.40561,-0.08933,-0.06561,-0.9073,-0.85,1.08,0.09,0.24737,-0.06996,-0.1318,-0.95736,-0.85,1.11,0.14,0.12698,-0.03777,-0.14709,-0.98021,-0.85,1.12,0.18,-0.15658,-0.07852,-0.14284,-0.97412,-0.84,1.12,0.2,-0.26194,-0.08859,-0.18651,-0.94274,-0.84,1.1,0.23,-0.26194,-0.08859,-0.18651,-0.94274,-0.87,1.08,0.09,0.24737,-0.06996,-0.1318,-0.95736,-0.87,1.1,0.14,0.21875,-0.01748,-0.19672,-0.95559,-0.87,1.12,0.17,-0.15399,-0.10807,-0.21225,-0.95894,-0.86,1.11,0.2,-0.33315,-0.17365,-0.2047,-0.90386,-0.85,1.1,0.21,-0.33315,-0.17365,-0.2047,-0.90386,-0.88,1.07,0.09,0.18895,0.013,-0.35923,-0.91383,-0.88,1.09,0.14,0.27778,-0.01181,-0.25942,-0.92488,-0.89,1.1,0.16,-0.13816,-0.11741,-0.30287,-0.93563,-0.88,1.1,0.18,-0.35634,-0.23482,-0.26788,-0.86378,-0.87,1.09,0.19,-0.35634,-0.23482,-0.26788,-0.86378,-0.7,1.08,0.13,-0.20178,-0.16149,-0.05091,0.96468,-0.68,1.06,0.07,-0.20178,-0.16149,-0.05091,0.96468,-0.72,1.06,0.1,-0.40249,-0.31061,0.51478,0.69031,-0.75,1.07,0.11,-0.25152,-0.19422,0.48779,0.81307,-0.77,1.07,0.14,-0.23969,-0.22362,0.56673,0.75588,-0.78,1.08,0.16,-0.23969,-0.22362,0.56673,0.75588,-0.71,1.06,0.1,-0.20178,-0.16149,-0.05091,0.96468,-0.73,1.09,0.15,-0.0542,-0.21463,0.02594,0.97484,-0.75,1.09,0.18,0.25687,-0.19846,0.06585,0.94355,-0.76,1.08,0.2,0.40364,-0.15938,0.08606,0.89681,-0.76,1.07,0.21,0.40364,-0.15938,0.08606,0.89681,-0.7,1.06,0.1,-0.20178,-0.16149,-0.05091,0.96468,-0.71,1.09,0.15,-0.12532,-0.15294,-0.04998,0.97898,-0.72,1.1,0.19,0.18183,-0.16177,-0.01335,0.96984,-0.73,1.09,0.22,0.32724,-0.15687,-0.04657,0.93066,-0.74,1.08,0.23,0.32724,-0.15687,-0.04657,0.93066,-0.68,1.07,0.11,-0.20178,-0.16149,-0.05091,0.96468,-0.69,1.09,0.15,-0.21959,-0.09816,-0.11723,0.96354,-0.7,1.1,0.19,0.20085,-0.15742,-0.10311,0.96138,-0.71,1.09,0.21,0.41882,-0.20237,-0.0843,0.88121,-0.72,1.08,0.23,0.41882,-0.20237,-0.0843,0.88121,-0.67,1.06,0.11,-0.13708,-0.06365,-0.27437,0.94967,-0.67,1.08,0.15,-0.31744,0.00926,-0.18154,0.93069,-0.67,1.09,0.18,0.20687,-0.09444,-0.23802,0.94426,-0.68,1.09,0.2,0.49024,-0.21043,-0.20218,0.82128,-0.69,1.07,0.21,0.49024,-0.21043,-0.20218,0.82128,-0.81,1.08,0.19
-0.78,1.46,-0.17,-0.78,1.46,-0.17,-0.86,1.1,0.11,0.32242,-0.06736,-0.18177,-0.92654,-0.86,1.07,0.06,0.32242,-0.06736,-0.18177,-0.92654,-0.83,1.08,0.08,0.4867,-0.16111,0.43968,-0.73746,-0.81,1.1,0.1,0.26382,-0.03697,0.3846,-0.88381,-0.8,1.12,0.13,0.16711,-0.02877,0.46923,-0.86664,-0.79,1.13,0.15,0.16711,-0.02877,0.46923,-0.86664,-0.84,1.09,0.08,0.32242,-0.06736,-0.18177,-0.92654,-0.84,1.13,0.13,0.0442,-0.09504,-0.12448,-0.98667,-0.83,1.13,0.16,-0.30821,-0.13623,-0.10856,-0.93523,-0.82,1.12,0.18,-0.45844,-0.12495,-0.09415,-0.87485,-0.82,1.1,0.2,-0.45844,-0.12495,-0.09415,-0.87485,-0.85,1.08,0.08,0.32242,-0.06736,-0.18177,-0.92654,-0.86,1.12,0.13,0.1403,-0.06317,-0.19354,-0.96895,-0.86,1.13,0.17,-0.23049,-0.13247,-0.16861,-0.94915,-0.85,1.12,0.19,-0.37596,-0.1483,-0.20285,-0.89191,-0.84,1.11,0.21,-0.37596,-0.1483,-0.20285,-0.89191,-0.87,1.08,0.09,0.32242,-0.06736,-0.18177,-0.92654,-0.87,1.11,0.13,0.23007,-0.04398,-0.2455,-0.94067,-0.88,1.13,0.17,-0.2124,-0.16978,-0.23588,-0.93297,-0.86,1.12,0.19,-0.41778,-0.24394,-0.21074,-0.84944,-0.85,1.11,0.2,-0.41778,-0.24394,-0.21074,-0.84944,-0.88,1.07,0.09,0.25569,-0.00525,-0.4118,-0.87465,-0.89,1.09,0.13,0.30105,-0.04244,-0.31031,-0.90071,-0.89,1.11,0.16,-0.15351,-0.1837,-0.32883,-0.91354,-0.88,1.11,0.17,-0.38677,-0.31126,-0.26971,-0.8251,-0.87,1.1,0.19,-0.38677,-0.31126,-0.26971,-0.8251,-0.7,1.08,0.13,-0.181,-0.15137,-0.04132,0.97089,-0.68,1.06,0.07,-0.181,-0.15137,-0.04132,0.97089,-0.72,1.06,0.1,-0.40362,-0.29416,0.49416,0.7116,-0.75,1.07,0.11,-0.26729,-0.19239,0.45693,0.82629,-0.77,1.08,0.14,-0.29268,-0.24436,0.53044,0.75714,-0.78,1.09,0.15,-0.29268,-0.24436,0.53044,0.75714,-0.71,1.07,0.1,-0.181,-0.15137,-0.04132,0.97089,-0.73,1.09,0.15,-0.00464,-0.22521,0.04689,0.97317,-0.75,1.09,0.18,0.32521,-0.19859,0.09372,0.91979,-0.76,1.08,0.2,0.47937,-0.15294,0.11812,0.85607,-0.76,1.06,0.21,0.47937,-0.15294,0.11812,0.85607,-0.7,1.07,0.1,-0.181,-0.15137,-0.04132,0.97089,-0.71,1.1,0.16,-0.09042,-0.14648,-0.03787,0.98434,-0.72,1.1,0.19,0.28229,-0.15136,0.00643,0.94729,-0.73,1.09,0.22,0.47188,-0.13694,-0.02498,0.87061,-0.74,1.07,0.23,0.47188,-0.13694,-0.02498,0.87061,-0.68,1.07,0.11,-0.181,-0.15137,-0.04132,0.97089,-0.69,1.09,0.16,-0.18521,-0.09256,-0.10417,0.97277,-0.7,1.1,0.19,0.29016,-0.15047,-0.08707,0.94106,-0.71,1.09,0.21,0.53366,-0.19106,-0.06779,0.82104,-0.71,1.07,0.22,0.53366,-0.19106,-0.06779,0.82104,-0.67,1.07,0.11,-0.1203,-0.04851,-0.26364,0.95586,-0.67,1.08,0.15,-0.29322,0.01786,-0.16806,0.94099,-0.67,1.1,0.18,0.23564,-0.07898,-0.23116,0.94064,-0.67,1.09,0.2,0.53147,-0.19672,-0.19915,0.79949,-0.69,1.07,0.21,0.53147,-0.19672,-0.19915,0.79949,-0.81,1.08,0.19
-0.78,1.46,-0.17,-0.78,1.46,-0.17,-0.86,1.1,0.11,0.33933,-0.06659,-0.17627,-0.9216,-0.86,1.06,0.06,0.33933,-0.06659,-0.17627,-0.9216,-0.83,1.08,0.08,0.4756,-0.15475,0.47057,-0.72693,-0.81,1.1,0.1,0.2489,-0.01726,0.41449,-0.87518,-0.8,1.11,0.13,0.13386,0.00168,0.49438,-0.85887,-0.8,1.12,0.15,0.13386,0.00168,0.49438,-0.85887,-0.84,1.08,0.08,0.33933,-0.06659,-0.17627,-0.9216,-0.84,1.12,0.13,0.05695,-0.09161,-0.11996,-0.9869,-0.83,1.13,0.16,-0.3208,-0.13449,-0.10197,-0.93199,-0.82,1.12,0.18,-0.48234,-0.12341,-0.0856,-0.86301,-0.82,1.1,0.19,-0.48234,-0.12341,-0.0856,-0.86301,-0.86,1.08,0.09,0.33933,-0.06659,-0.17627,-0.9216,-0.86,1.12,0.13,0.13634,-0.07382,-0.18314,-0.97078,-0.86,1.13,0.17,-0.26516,-0.1433,-0.1506,-0.94153,-0.85,1.12,0.19,-0.43182,-0.15776,-0.18147,-0.86932,-0.84,1.1,0.21,-0.43182,-0.15776,-0.18147,-0.86932,-0.87,1.08,0.09,0.33933,-0.06659,-0.17627,-0.9216,-0.88,1.11,0.13,0.21354,-0.05664,-0.23708,-0.94604,-0.87,1.12,0.17,-0.24529,-0.18025,-0.22057,-0.92666,-0.86,1.11,0.19,-0.46258,-0.25242,-0.1913,-0.82807,-0.85,1.1,0.2,-0.46258,-0.25242,-0.1913,-0.82807,-0.88,1.07,0.09,0.27309,-0.0086,-0.40784,-0.87121,-0.89,1.09,0.13,0.28413,-0.06346,-0.30294,-0.90745,-0.89,1.11,0.16,-0.17148,-0.19707,-0.31312,-0.91308,-0.88,1.1,0.17,-0.39882,-0.31809,-0.2537,-0.82183,-0.87,1.09,0.19,-0.39882,-0.31809,-0.2537,-0.82183,-0.7,1.09,0.12,-0.24957,-0.15081,-0.08173,0.95304,-0.68,1.07,0.07,-0.24957,-0.15081,-0.08173,0.95304,-0.72,1.07,0.1,-0.45551,-0.23311,0.48902,0.70643,-0.75,1.08,0.11,-0.32029,-0.13622,0.43919,0.82823,-0.76,1.1,0.14,-0.34361,-0.18449,0.51888,0.7607,-0.78,1.11,0.15,-0.34361,-0.18449,0.51888,0.7607,-0.71,1.08,0.1,-0.24957,-0.15081,-0.08173,0.95304,-0.73,1.11,0.14,-0.08152,-0.23525,0.01437,0.9684,-0.75,1.11,0.18,0.29637,-0.21743,0.07732,0.92677,-0.75,1.1,0.19,0.46905,-0.17282,0.10804,0.85933,-0.76,1.08,0.21,0.46905,-0.17282,0.10804,0.85933,-0.7,1.08,0.1,-0.24957,-0.15081,-0.08173,0.95304,-0.71,1.11,0.15,-0.12256,-0.16206,-0.0694,0.97668,-0.72,1.12,0.19,0.31823,-0.17863,-0.00417,0.93102,-0.73,1.11,0.21,0.55611,-0.16187,-0.02439,0.81483,-0.74,1.08,0.22,0.55611,-0.16187,-0.02439,0.81483,-0.68,1.08,0.11,-0.24957,-0.15081,-0.08173,0.95304,-0.69,1.1,0.15,-0.19065,-0.11149,-0.13975,0.96524,-0.69,1.12,0.18,0.33721,-0.18963,-0.09954,0.91675,-0.71,1.1,0.2,0.61698,-0.23172,-0.06041,0.74966,-0.72,1.08,0.21,0.61698,-0.23172,-0.06041,0.74966,-0.67,1.07,0.11,-0.18144,-0.06541,-0.3087,0.9314,-0.67,1.09,0.15,-0.31581,0.00479,-0.2201,0.92293,-0.67,1.11,0.17,0.23001,-0.12479,-0.26599,0.92778,-0.67,1.1,0.19,0.55565,-0.25943,-0.20605,0.76256,-0.69,1.08,0.2,0.55565,-0.25943,-0.20605,0.76256,-0.81,1.08,0.19
