-0.8,1.44,-0.15,-0.8,1.44,-0.15,-0.85,1.09,0.11,0.33479,-0.05382,-0.15279,-0.92826,-0.86,1.06,0.06,0.33479,-0.05382,-0.15279,-0.92826,-0.82,1.07,0.09,0.41746,-0.14787,0.53108,-0.72237,-0.8,1.09,0.11,0.17948,0.02184,0.47387,-0.86183,-0.8,1.1,0.14,0.06449,0.03921,0.54494,-0.83507,-0.8,1.1,0.16,0.06449,0.03921,0.54494,-0.83507,-0.84,1.08,0.09,0.33479,-0.05382,-0.15279,-0.92826,-0.83,1.12,0.13,-0.03118,-0.09249,-0.08252,-0.9918,-0.83,1.12,0.17,-0.44402,-0.12185,-0.06196,-0.88553,-0.82,1.1,0.18,-0.58893,-0.10257,-0.04563,-0.80035,-0.81,1.08,0.19,-0.58893,-0.10257,-0.04563,-0.80035,-0.85,1.07,0.09,0.33479,-0.05382,-0.15279,-0.92826,-0.85,1.11,0.13,0.01274,-0.08755,-0.14536,-0.98542,-0.85,1.12,0.18,-0.41804,-0.14316,-0.10553,-0.89085,-0.84,1.1,0.19,-0.60037,-0.14284,-0.13306,-0.77553,-0.83,1.08,0.2,-0.60037,-0.14284,-0.13306,-0.77553,-0.87,1.07,0.09,0.33479,-0.05382,-0.15279,-0.92826,-0.87,1.1,0.13,0.08454,-0.06624,-0.20837,-0.97214,-0.87,1.11,0.17,-0.37829,-0.17174,-0.19243,-0.88903,-0.86,1.09,0.19,-0.59953,-0.23665,-0.16561,-0.74642,-0.84,1.08,0.19,-0.59953,-0.23665,-0.16561,-0.74642,-0.88,1.07,0.1,0.27451,0.00606,-0.38609,-0.88065,-0.89,1.09,0.13,0.14813,-0.05557,-0.29264,-0.94304,-0.89,1.1,0.16,-0.31265,-0.17623,-0.30673,-0.88154,-0.87,1.09,0.18,-0.51819,-0.2926,-0.26263,-0.75953,-0.86,1.07,0.19,-0.51819,-0.2926,-0.26263,-0.75953,-0.7,1.1,0.11,-0.35882,-0.21358,-0.14563,0.8969,-0.68,1.06,0.07,-0.35882,-0.21358,-0.14563,0.8969,-0.72,1.07,0.09,-0.4706,-0.23864,0.56749,0.63209,-0.75,1.08,0.1,-0.29184,-0.08862,0.53517,0.78777,-0.76,1.09,0.13,-0.20755,-0.0659,0.61684,0.75637,-0.77,1.1,0.15,-0.20755,-0.0659,0.61684,0.75637,-0.71,1.08,0.09,-0.35882,-0.21358,-0.14563,0.8969,-0.73,1.12,0.12,-0.18015,-0.20086,-0.08324,0.95931,-0.74,1.13,0.15,0.30792,-0.22646,0.00061,0.92407,-0.75,1.12,0.17,0.52283,-0.1947,0.04524,0.82867,-0.76,1.1,0.18,0.52283,-0.1947,0.04524,0.82867,-0.7,1.07,0.09,-0.35882,-0.21358,-0.14563,0.8969,-0.71,1.12,0.13,-0.13513,-0.20371,-0.12559,0.96149,-0.72,1.13,0.17,0.29571,-0.24058,-0.03763,0.92372,-0.74,1.12,0.18,0.48182,-0.23188,-0.04985,0.84356,-0.75,1.1,0.2,0.48182,-0.23188,-0.04985,0.84356,-0.68,1.07,0.1,-0.35882,-0.21358,-0.14563,0.8969,-0.69,1.11,0.14,-0.1301,-0.19591,-0.18058,0.95503,-0.71,1.12,0.17,0.3587,-0.27749,-0.0996,0.88567,-0.72,1.11,0.19,0.591,-0.31386,-0.04504,0.74174,-0.73,1.09,0.19,0.591,-0.31386,-0.04504,0.74174,-0.68,1.07,0.11,-0.26627,-0.15784,-0.37311,0.87463,-0.68,1.1,0.14,-0.26738,-0.14375,-0.28728,0.90847,-0.68,1.11,0.17,0.29492,-0.28683,-0.23613,0.88034,-0.69,1.11,0.18,0.54269,-0.38725,-0.1469,0.73071,-0.71,1.09,0.18,0.54269,-0.38725,-0.1469,0.73071,-0.81,1.08,0.19
-0.8,1.44,-0.15,-0.8,1.44,-0.15,-0.85,1.09,0.11,0.3311,-0.0512,-0.1523,-0.92982,-0.86,1.06,0.06,0.3311,-0.0512,-0.1523,-0.92982,-0.82,1.07,0.09,0.41219,-0.14884,0.53224,-0.72434,-0.8,1.09,0.11,0.17471,0.0213,0.47529,-0.86204,-0.8,1.1,0.14,0.06015,0.03814,0.54623,-0.8346,-0.8,1.1,0.17,0.06015,0.03814,0.54623,-0.8346,-0.84,1.08,0.09,0.3311,-0.0512,-0.1523,-0.92982,-0.83,1.12,0.13,-0.02792,-0.0894,-0.08388,-0.99207,-0.83,1.12,0.17,-0.44149,-0.11972,-0.06441,-0.88691,-0.82,1.1,0.18,-0.58894,-0.10106,-0.04816,-0.80038,-0.82,1.08,0.19,-0.58894,-0.10106,-0.04816,-0.80038,-0.85,1.07,0.09,0.3311,-0.0512,-0.1523,-0.92982,-0.85,1.11,0.13,0.01673,-0.08361,-0.14645,-0.98554,-0.85,1.12,0.18,-0.41199,-0.13984,-0.1086,-0.89382,-0.84,1.1,0.19,-0.59498,-0.14065,-0.13686,-0.77942,-0.83,1.08,0.2,-0.59498,-0.14065,-0.13686,-0.77942,-0.87,1.07,0.09,0.3311,-0.0512,-0.1523,-0.92982,-0.87,1.1,0.14,0.08829,-0.06196,-0.20884,-0.97198,-0.87,1.11,0.17,-0.37318,-0.16801,-0.19504,-0.89133,-0.86,1.09,0.19,-0.59512,-0.23392,-0.169,-0.75003,-0.84,1.08,0.2,-0.59512,-0.23392,-0.169,-0.75003,-0.88,1.07,0.1,0.27152,0.00959,-0.38547,-0.88182,-0.89,1.09,0.13,0.15017,-0.05086,-0.29246,-0.94304,-0.89,1.1,0.16,-0.30947,-0.1718,-0.30892,-0.88277,-0.88,1.09,0.18,-0.51648,-0.28931,-0.26539,-0.761,-0.86,1.07,0.19,-0.51648,-0.28931,-0.26539,-0.761,-0.7,1.1,0.11,-0.36901,-0.21636,-0.13922,0.89311,-0.68,1.06,0.07,-0.36901,-0.21636,-0.13922,0.89311,-0.72,1.07,0.09,-0.47153,-0.23713,0.57849,0.62192,-0.75,1.08,0.1,-0.29702,-0.08553,0.54594,0.77873,-0.76,1.09,0.13,-0.20798,-0.05741,0.62682,0.74869,-0.77,1.1,0.15,-0.20798,-0.05741,0.62682,0.74869,-0.71,1.08,0.09,-0.36901,-0.21636,-0.13922,0.89311,-0.73,1.12,0.12,-0.14381,-0.21575,-0.05798,0.96406,-0.75,1.13,0.15,0.35217,-0.22616,0.03197,0.90764,-0.75,1.12,0.17,0.56206,-0.18646,0.07706,0.80211,-0.76,1.1,0.18,0.56206,-0.18646,0.07706,0.80211,-0.7,1.08,0.09,-0.36901,-0.21636,-0.13922,0.89311,-0.71,1.12,0.13,-0.12728,-0.21054,-0.11293,0.96266,-0.73,1.13,0.16,0.3121,-0.24139,-0.02102,0.91863,-0.74,1.12,0.18,0.50494,-0.22827,-0.0319,0.83181,-0.75,1.1,0.19,0.50494,-0.22827,-0.0319,0.83181,-0.68,1.07,0.1,-0.36901,-0.21636,-0.13922,0.89311,-0.69,1.11,0.13,-0.14543,-0.19746,-0.17515,0.95351,-0.71,1.13,0.17,0.34575,-0.2769,-0.09354,0.89165,-0.72,1.11,0.18,0.58233,-0.31201,-0.03846,0.74971,-0.73,1.09,0.19,0.58233,-0.31201,-0.03846,0.74971,-0.68,1.07,0.11,-0.27653,-0.16305,-0.3675,0.87286,-0.68,1.1,0.14,-0.28944,-0.1391,-0.28458,0.90327,-0.68,1.12,0.16,0.2759,-0.28397,-0.23564,0.88753,-0.69,1.11,0.18,0.5303,-0.38523,-0.14487,0.74121,-0.71,1.1,0.18,0.5303,-0.38523,-0.14487,0.74121,-0.81,1.08,0.19
-0.8,1.44,-0.15,-0.8,1.44,-0.15,-0.85,1.09,0.11,0.32984,-0.04995,-0.14976,-0.93074,-0.86,1.06,0.06,0.32984,-0.04995,-0.14976,-0.93074,-0.82,1.07,0.09,0.40865,-0.15159,0.53535,-0.72348,-0.8,1.09,0.11,0.17119,0.02012,0.47933,-0.86054,-0.8,1.1,0.14,0.05894,0.03569,0.55033,-0.8321,-0.8,1.1,0.17,0.05894,0.03569,0.55033,-0.8321,-0.84,1.08,0.09,0.32984,-0.04995,-0.14976,-0.93074,-0.83,1.12,0.13,-0.01125,-0.08531,-0.08447,-0.9927,-0.83,1.12,0.17,-0.42548,-0.11661,-0.06674,-0.89494,-0.82,1.1,0.19,-0.57834,-0.09879,-0.05094,-0.80819,-0.82,1.08,0.19,-0.57834,-0.09879,-0.05094,-0.80819,-0.85,1.07,0.09,0.32984,-0.04995,-0.14976,-0.93074,-0.85,1.11,0.13,0.03619,-0.07763,-0.14682,-0.98545,-0.85,1.12,0.18,-0.38451,-0.13365,-0.11294,-0.90639,-0.84,1.1,0.19,-0.56784,-0.13707,-0.14312,-0.79893,-0.83,1.08,0.2,-0.56784,-0.13707,-0.14312,-0.79893,-0.87,1.07,0.09,0.32984,-0.04995,-0.14976,-0.93074,-0.87,1.1,0.14,0.1071,-0.05563,-0.20811,-0.97063,-0.87,1.11,0.17,-0.34752,-0.16113,-0.19831,-0.90219,-0.86,1.1,0.19,-0.57023,-0.22844,-0.17405,-0.76965,-0.84,1.08,0.2,-0.57023,-0.22844,-0.17405,-0.76965,-0.88,1.07,0.1,0.2709,0.01124,-0.38304,-0.88304,-0.89,1.09,0.13,0.16043,-0.04632,-0.28989,-0.94238,-0.89,1.1,0.16,-0.2911,-0.16454,-0.3101,-0.88996,-0.88,1.09,0.18,-0.49871,-0.28233,-0.26817,-0.77438,-0.86,1.08,0.19,-0.49871,-0.28233,-0.26817,-0.77438,-0.71,1.1,0.11,-0.36385,-0.22093,-0.10638,0.8986,-0.68,1.05,0.07,-0.36385,-0.22093,-0.10638,0.8986,-0.72,1.07,0.09,-0.4522,-0.251,0.60917,0.60119,-0.75,1.07,0.1,-0.28578,-0.09145,0.5813,0.75635,-0.77,1.09,0.13,-0.19262,-0.05596,0.65998,0.72401,-0.77,1.09,0.15,-0.19262,-0.05596,0.65998,0.72401,-0.71,1.07,0.09,-0.36385,-0.22093,-0.10638,0.8986,-0.73,1.12,0.12,-0.06201,-0.23515,0.01265,0.9699,-0.75,1.12,0.15,0.42159,-0.20709,0.101,0.87703,-0.76,1.1,0.17,0.60968,-0.15269,0.13915,0.76525,-0.76,1.08,0.17,0.60968,-0.15269,0.13915,0.76525,-0.7,1.07,0.09,-0.36385,-0.22093,-0.10638,0.8986,-0.71,1.12,0.13,-0.1217,-0.21333,-0.07509,0.96646,-0.73,1.13,0.17,0.31502,-0.22722,0.01318,0.92139,-0.74,1.11,0.18,0.50789,-0.20737,-0.00148,0.83609,-0.75,1.09,0.19,0.50789,-0.20737,-0.00148,0.83609,-0.68,1.07,0.1,-0.36385,-0.22093,-0.10638,0.8986,-0.7,1.11,0.14,-0.16737,-0.19091,-0.14733,0.95595,-0.71,1.12,0.17,0.32269,-0.25815,-0.07369,0.90764,-0.72,1.11,0.19,0.56375,-0.28939,-0.02457,0.7732,-0.73,1.09,0.19,0.56375,-0.28939,-0.02457,0.7732,-0.68,1.07,0.11,-0.2751,-0.16504,-0.33604,0.88553,-0.68,1.1,0.14,-0.29966,-0.13005,-0.25554,0.90994,-0.68,1.12,0.16,0.26821,-0.26071,-0.21772,0.9015,-0.69,1.11,0.18,0.5261,-0.35784,-0.13576,0.75944,-0.71,1.09,0.18,0.5261,-0.35784,-0.13576,0.75944,-0.81,1.08,0.19
-0.8,1.44,-0.15,-0.8,1.44,-0.15,-0.85,1.09,0.11,0.32857,-0.0535,-0.14478,-0.93178,-0.86,1.06,0.06,0.32857,-0.0535,-0.14478,-0.93178,-0.82,1.07,0.09,0.40748,-0.15951,0.53946,-0.71937,-0.8,1.09,0.11,0.17053,0.01404,0.48607,-0.85701,-0.8,1.1,0.14,0.06348,0.02731,0.55785,-0.82706,-0.8,1.1,0.17,0.06348,0.02731,0.55785,-0.82706,-0.84,1.08,0.09,0.32857,-0.0535,-0.14478,-0.93178,-0.83,1.12,0.13,0.00239,-0.08433,-0.08137,-0.99311,-0.83,1.12,0.17,-0.41375,-0.11481,-0.06422,-0.90084,-0.82,1.1,0.19,-0.57311,-0.09704,-0.04838,-0.81227,-0.82,1.08,0.19,-0.57311,-0.09704,-0.04838,-0.81227,-0.85,1.07,0.09,0.32857,-0.0535,-0.14478,-0.93178,-0.85,1.11,0.13,0.04715,-0.07615,-0.1431,-0.98565,-0.85,1.12,0.18,-0.36816,-0.1301,-0.1111,-0.91389,-0.84,1.1,0.2,-0.55046,-0.13402,-0.14256,-0.81161,-0.83,1.08,0.21,-0.55046,-0.13402,-0.14256,-0.81161,-0.87,1.07,0.09,0.32857,-0.0535,-0.14478,-0.93178,-0.87,1.1,0.14,0.11753,-0.05523,-0.20338,-0.97045,-0.87,1.11,0.17,-0.33201,-0.15777,-0.1951,-0.90929,-0.86,1.1,0.19,-0.5537,-0.22426,-0.17222,-0.78324,-0.84,1.08,0.2,-0.5537,-0.22426,-0.17222,-0.78324,-0.88,1.07,0.1,0.26961,0.0083,-0.3782,-0.88555,-0.89,1.09,0.13,0.16619,-0.04799,-0.28398,-0.9431,-0.89,1.1,0.16,-0.27832,-0.1612,-0.30534,-0.89628,-0.88,1.09,0.18,-0.48486,-0.2771,-0.26488,-0.78611,-0.86,1.08,0.19,-0.48486,-0.2771,-0.26488,-0.78611,-0.71,1.09,0.11,-0.33347,-0.21571,-0.08895,0.91343,-0.68,1.05,0.07,-0.33347,-0.21571,-0.08895,0.91343,-0.72,1.06,0.09,-0.41705,-0.27305,0.62388,0.6019,-0.75,1.07,0.11,-0.25136,-0.10649,0.60261,0.74989,-0.77,1.08,0.13,-0.15785,-0.07017,0.68013,0.71244,-0.77,1.08,0.16,-0.15785,-0.07017,0.68013,0.71244,-0.71,1.07,0.09,-0.33347,-0.21571,-0.08895,0.91343,-0.74,1.11,0.13,0.02803,-0.24165,0.05838,0.9682,-0.75,1.11,0.16,0.47378,-0.1927,0.13764,0.84821,-0.76,1.09,0.17,0.632,-0.13466,0.16898,0.74424,-0.76,1.06,0.17,0.632,-0.13466,0.16898,0.74424,-0.7,1.07,0.1,-0.33347,-0.21571,-0.08895,0.91343,-0.72,1.11,0.13,-0.09205,-0.20971,-0.05479,0.97188,-0.73,1.12,0.17,0.33008,-0.21516,0.02653,0.91872,-0.74,1.1,0.19,0.51665,-0.19227,0.00855,0.83429,-0.75,1.08,0.2,0.51665,-0.19227,0.00855,0.83429,-0.68,1.07,0.1,-0.33347,-0.21571,-0.08895,0.91343,-0.7,1.1,0.14,-0.16598,-0.17551,-0.13559,0.96086,-0.71,1.12,0.17,0.31838,-0.23849,-0.07287,0.91458,-0.72,1.1,0.19,0.55788,-0.27062,-0.0301,0.78398,-0.73,1.08,0.2,0.55788,-0.27062,-0.0301,0.78398,-0.68,1.07,0.11,-0.24894,-0.15129,-0.31807,0.9022,-0.68,1.09,0.14,-0.28258,-0.10807,-0.23852,0.92281,-0.68,1.11,0.17,0.27667,-0.22911,-0.21878,0.90725,-0.69,1.1,0.18,0.52905,-0.32739,-0.14963,0.76846,-0.71,1.09,0.19,0.52905,-0.32739,-0.14963,0.76846,-0.81,1.08,0.19
-0.8,1.44,-0.15,-0.8,1.44,-0.15,-0.85,1.09,0.11,0.32969,-0.06382,-0.14173,-0.9312,-0.86,1.06,0.06,0.32969,-0.06382,-0.14173,-0.9312,-0.82,1.07,0.09,0.41176,-0.16881,0.54205,-0.71283,-0.8,1.09,0.11,0.17591,0.00549,0.49177,-0.85275,-0.8,1.1,0.14,0.07175,0.01854,0.56446,-0.82212,-0.79,1.1,0.16,0.07175,0.01854,0.56446,-0.82212,-0.83,1.08,0.09,0.32969,-0.06382,-0.14173,-0.9312,-0.83,1.12,0.13,0.00636,-0.09211,-0.07591,-0.99283,-0.82,1.12,0.17,-0.41421,-0.11995,-0.05546,-0.90054,-0.82,1.1,0.18,-0.57652,-0.1007,-0.03837,-0.80995,-0.81,1.08,0.19,-0.57652,-0.1007,-0.03837,-0.80995,-0.85,1.07,0.09,0.32969,-0.06382,-0.14173,-0.9312,-0.85,1.12,0.13,0.0444,-0.08545,-0.13711,-0.98586,-0.85,1.12,0.18,-0.3732,-0.13628,-0.10145,-0.91206,-0.84,1.1,0.19,-0.55655,-0.1379,-0.13173,-0.80863,-0.83,1.08,0.2,-0.55655,-0.1379,-0.13173,-0.80863,-0.87,1.07,0.09,0.32969,-0.06382,-0.14173,-0.9312,-0.87,1.1,0.14,0.11488,-0.06564,-0.19795,-0.97124,-0.87,1.11,0.17,-0.33554,-0.16456,-0.18558,-0.90879,-0.85,1.1,0.19,-0.55776,-0.22833,-0.16128,-0.78151,-0.84,1.08,0.2,-0.55776,-0.22833,-0.16128,-0.78151,-0.87,1.07,0.1,0.269,-0.00195,-0.3751,-0.88709,-0.88,1.09,0.13,0.16439,-0.05962,-0.27898,-0.94424,-0.88,1.1,0.16,-0.28066,-0.16904,-0.29584,-0.89729,-0.87,1.09,0.18,-0.4875,-0.28219,-0.25389,-0.78629,-0.86,1.08,0.19,-0.4875,-0.28219,-0.25389,-0.78629,-0.71,1.09,0.12,-0.32444,-0.20867,-0.10129,0.91703,-0.68,1.05,0.07,-0.32444,-0.20867,-0.10129,0.91703,-0.72,1.06,0.09,-0.41145,-0.27158,0.61441,0.61599,-0.75,1.07,0.11,-0.24235,-0.1067,0.59217,0.76107,-0.76,1.08,0.14,-0.15047,-0.07444,0.67019,0.72296,-0.77,1.08,0.16,-0.15047,-0.07444,0.67019,0.72296,-0.71,1.07,0.09,-0.32444,-0.20867,-0.10129,0.91703,-0.73,1.11,0.13,0.04596,-0.25052,0.05598,0.9654,-0.75,1.11,0.16,0.46467,-0.20507,0.13371,0.85097,-0.76,1.09,0.17,0.61094,-0.15029,0.16447,0.75968,-0.76,1.06,0.18,0.61094,-0.15029,0.16447,0.75968,-0.7,1.07,0.1,-0.32444,-0.20867,-0.10129,0.91703,-0.71,1.11,0.13,-0.07117,-0.2105,-0.06327,0.97295,-0.73,1.12,0.17,0.34959,-0.21919,0.01918,0.9107,-0.74,1.1,0.19,0.53572,-0.19629,0.00267,0.82126,-0.75,1.08,0.2,0.53572,-0.19629,0.00267,0.82126,-0.68,1.07,0.1,-0.32444,-0.20867,-0.10129,0.91703,-0.7,1.1,0.14,-0.14752,-0.17191,-0.14629,0.96296,-0.71,1.12,0.17,0.34083,-0.24016,-0.08299,0.90513,-0.72,1.1,0.19,0.57965,-0.2743,-0.03904,0.76631,-0.73,1.08,0.2,0.57965,-0.2743,-0.03904,0.76631,-0.68,1.07,0.11,-0.23987,-0.14233,-0.32963,0.90197,-0.68,1.09,0.14,-0.26649,-0.09751,-0.25021,0.92567,-0.68,1.11,0.17,0.29478,-0.22621,-0.23352,0.89856,-0.69,1.1,0.18,0.54612,-0.32932,-0.16418,0.75256,-0.71,1.08,0.19,0.54612,-0.32932,-0.16418,0.75256,-0.81,1.08,0.19
-0.8,1.44,-0.15,-0.8,1.44,-0.15,-0.85,1.09,0.11,0.32349,-0.06713,-0.16345,-0.92959,-0.86,1.06,0.06,0.32349,-0.06713,-0.16345,-0.92959,-0.82,1.07,0.09,0.41461,-0.1752,0.52456,-0.72266,-0.8,1.09,0.11,0.17422,-0.00578,0.47632,-0.86182,-0.8,1.1,0.14,0.07269,0.00424,0.55094,-0.83136,-0.79,1.1,0.16,0.07269,0.00424,0.55094,-0.83136,-0.83,1.08,0.09,0.32349,-0.06713,-0.16345,-0.92959,-0.83,1.12,0.13,-0.00104,-0.10236,-0.09542,-0.99016,-0.82,1.12,0.17,-0.42539,-0.13768,-0.06795,-0.89189,-0.82,1.1,0.18,-0.58877,-0.1206,-0.04657,-0.79789,-0.81,1.08,0.19,-0.58877,-0.1206,-0.04657,-0.79789,-0.85,1.07,0.09,0.32349,-0.06713,-0.16345,-0.92959,-0.85,1.11,0.13,0.0294,-0.09632,-0.15582,-0.98264,-0.85,1.12,0.18,-0.38969,-0.1543,-0.11317,-0.90085,-0.84,1.1,0.19,-0.57464,-0.15708,-0.13867,-0.79113,-0.83,1.08,0.2,-0.57464,-0.15708,-0.13867,-0.79113,-0.87,1.07,0.09,0.32349,-0.06713,-0.16345,-0.92959,-0.87,1.1,0.14,0.09968,-0.07521,-0.21718,-0.96811,-0.87,1.11,0.17,-0.34896,-0.18134,-0.19827,-0.89779,-0.85,1.1,0.19,-0.56948,-0.24755,-0.16896,-0.76542,-0.84,1.08,0.2,-0.56948,-0.24755,-0.16896,-0.76542,-0.87,1.06,0.1,0.25929,-0.00449,-0.39486,-0.88138,-0.88,1.09,0.14,0.1498,-0.06819,-0.29862,-0.94007,-0.88,1.1,0.16,-0.29425,-0.18485,-0.30877,-0.88538,-0.87,1.09,0.18,-0.49798,-0.30056,-0.26261,-0.76988,-0.86,1.07,0.19,-0.49798,-0.30056,-0.26261,-0.76988,-0.7,1.09,0.12,-0.32663,-0.19432,-0.12898,0.91592,-0.68,1.06,0.07,-0.32663,-0.19432,-0.12898,0.91592,-0.72,1.07,0.09,-0.42326,-0.25096,0.58782,0.64213,-0.75,1.07,0.11,-0.24904,-0.09475,0.55828,0.7857,-0.76,1.08,0.14,-0.16155,-0.07112,0.63782,0.74969,-0.77,1.09,0.16,-0.16155,-0.07112,0.63782,0.74969,-0.71,1.07,0.09,-0.32663,-0.19432,-0.12898,0.91592,-0.73,1.11,0.13,0.02807,-0.25327,0.02493,0.96667,-0.75,1.11,0.16,0.42572,-0.22418,0.1009,0.87082,-0.76,1.09,0.17,0.56887,-0.17652,0.13237,0.79228,-0.76,1.07,0.18,0.56887,-0.17652,0.13237,0.79228,-0.7,1.07,0.1,-0.32663,-0.19432,-0.12898,0.91592,-0.71,1.11,0.14,-0.044,-0.21157,-0.08395,0.97276,-0.73,1.12,0.17,0.38159,-0.22853,0.00276,0.89563,-0.74,1.1,0.19,0.57799,-0.2058,-0.00873,0.78962,-0.75,1.08,0.2,0.57799,-0.2058,-0.00873,0.78962,-0.68,1.07,0.1,-0.32663,-0.19432,-0.12898,0.91592,-0.69,1.1,0.14,-0.10937,-0.17306,-0.16693,0.96448,-0.7,1.11,0.18,0.39435,-0.25155,-0.09596,0.87864,-0.72,1.1,0.19,0.63872,-0.28709,-0.04469,0.71248,-0.73,1.08,0.19,0.63872,-0.28709,-0.04469,0.71248,-0.67,1.07,0.11,-0.24109,-0.12955,-0.35677,0.8932,-0.68,1.09,0.15,-0.23687,-0.09481,-0.27601,0.92667,-0.68,1.11,0.17,0.33697,-0.24019,-0.25241,0.87467,-0.69,1.1,0.18,0.59462,-0.35083,-0.17252,0.70255,-0.7,1.08,0.19,0.59462,-0.35083,-0.17252,0.70255,-0.81,1.08,0.19
-0.8,1.44,-0.15,-0.8,1.44,-0.15,-0.86,1.09,0.11,0.30819,-0.03674,-0.26893,-0.91178,-0.86,1.06,0.06,0.30819,-0.03674,-0.26893,-0.91178,-0.83,1.08,0.09,0.4206,-0.1516,0.43585,-0.78112,-0.81,1.1,0.11,0.16583,-0.01175,0.37967,-0.91006,-0.8,1.11,0.14,0.06575,-0.01335,0.45905,-0.88587,-0.8,1.11,0.16,0.06575,-0.01335,0.45905,-0.88587,-0.84,1.08,0.09,0.30819,-0.03674,-0.26893,-0.91178,-0.84,1.12,0.14,-0.03371,-0.11293,-0.20314,-0.97203,-0.83,1.12,0.17,-0.447,-0.19226,-0.16052,-0.85876,-0.82,1.1,0.18,-0.60577,-0.19173,-0.12646,-0.76176,-0.81,1.08,0.19,-0.60577,-0.19173,-0.12646,-0.76176,-0.85,1.07,0.09,0.30819,-0.03674,-0.26893,-0.91178,-0.86,1.11,0.14,-0.00011,-0.10469,-0.26228,-0.9593,-0.86,1.11,0.18,-0.41168,-0.20768,-0.20463,-0.86343,-0.84,1.1,0.19,-0.59641,-0.22744,-0.21374,-0.73952,-0.83,1.08,0.2,-0.59641,-0.22744,-0.21374,-0.73952,-0.87,1.07,0.09,0.30819,-0.03674,-0.26893,-0.91178,-0.88,1.1,0.14,0.07398,-0.074,-0.32286,-0.94064,-0.87,1.1,0.18,-0.36101,-0.22757,-0.29147,-0.85611,-0.86,1.09,0.19,-0.57125,-0.31601,-0.24526,-0.7167,-0.84,1.08,0.2,-0.57125,-0.31601,-0.24526,-0.7167,-0.88,1.06,0.1,0.2363,0.02366,-0.49168,-0.83776,-0.89,1.08,0.14,0.12986,-0.05759,-0.40218,-0.90447,-0.89,1.09,0.17,-0.30179,-0.22248,-0.40203,-0.83535,-0.88,1.08,0.18,-0.49155,-0.36025,-0.34164,-0.71546,-0.86,1.07,0.19,-0.49155,-0.36025,-0.34164,-0.71546,-0.7,1.1,0.12,-0.35037,-0.17009,-0.16278,0.90654,-0.68,1.06,0.07,-0.35037,-0.17009,-0.16278,0.90654,-0.72,1.07,0.09,-0.4517,-0.21294,0.55303,0.66692,-0.75,1.08,0.11,-0.28053,-0.07422,0.5103,0.80956,-0.76,1.1,0.14,-0.20063,-0.05986,0.59226,0.77807,-0.77,1.1,0.16,-0.20063,-0.05986,0.59226,0.77807,-0.71,1.08,0.09,-0.35037,-0.17009,-0.16278,0.90654,-0.72,1.12,0.13,-0.10894,-0.2196,-0.05994,0.96763,-0.74,1.13,0.16,0.29259,-0.23159,0.0084,0.92773,-0.75,1.12,0.18,0.44994,-0.20049,0.03858,0.86941,-0.76,1.1,0.19,0.44994,-0.20049,0.03858,0.86941,-0.69,1.07,0.1,-0.35037,-0.17009,-0.16278,0.90654,-0.7,1.12,0.14,-0.05315,-0.19996,-0.12067,0.97089,-0.72,1.13,0.17,0.37671,-0.23414,-0.03422,0.8956,-0.73,1.11,0.19,0.58115,-0.21935,-0.04214,0.78255,-0.74,1.09,0.2,0.58115,-0.21935,-0.04214,0.78255,-0.68,1.07,0.1,-0.35037,-0.17009,-0.16278,0.90654,-0.69,1.11,0.14,-0.09236,-0.16891,-0.19742,0.96123,-0.7,1.12,0.18,0.41413,-0.26348,-0.12244,0.8626,-0.71,1.1,0.19,0.66098,-0.30568,-0.06361,0.68236,-0.72,1.08,0.19,0.66098,-0.30568,-0.06361,0.68236,-0.67,1.07,0.11,-0.26452,-0.11295,-0.39132,0.87415,-0.67,1.09,0.14,-0.23037,-0.09802,-0.30806,0.91783,-0.67,1.11,0.17,0.3534,-0.26499,-0.27222,0.85486,-0.69,1.1,0.18,0.61677,-0.38301,-0.17659,0.66462,-0.7,1.08,0.18,0.61677,-0.38301,-0.17659,0.66462,-0.81,1.08,0.19
-0.8,1.44,-0.14,-0.8,1.44,-0.14,-0.86,1.1,0.11,0.31489,-0.03625,-0.25786,-0.91271,-0.86,1.06,0.06,0.31489,-0.03625,-0.25786,-0.91271,-0.83,1.08,0.09,0.4192,-0.16276,0.45065,-0.77117,-0.81,1.1,0.11,0.1707,-0.01967,0.39766,-0.9013,-0.8,1.11,0.14,0.07229,-0.01945,0.47722,-0.87559,-0.8,1.11,0.16,0.07229,-0.01945,0.47722,-0.87559,-0.84,1.08,0.09,0.31489,-0.03625,-0.25786,-0.91271,-0.84,1.12,0.13,-0.03518,-0.11057,-0.1913,-0.97465,-0.83,1.12,0.17,-0.44835,-0.18485,-0.15113,-0.86138,-0.82,1.1,0.18,-0.60541,-0.18232,-0.1191,-0.76554,-0.81,1.08,0.19,-0.60541,-0.18232,-0.1191,-0.76554,-0.85,1.08,0.09,0.31489,-0.03625,-0.25786,-0.91271,-0.86,1.12,0.14,0.00408,-0.10274,-0.25094,-0.96253,-0.85,1.12,0.18,-0.41264,-0.20187,-0.19448,-0.86669,-0.84,1.1,0.19,-0.60231,-0.22045,-0.20442,-0.73948,-0.83,1.08,0.2,-0.60231,-0.22045,-0.20442,-0.73948,-0.87,1.07,0.09,0.31489,-0.03625,-0.25786,-0.91271,-0.88,1.1,0.14,0.07825,-0.07262,-0.31217,-0.94401,-0.87,1.11,0.18,-0.36158,-0.22257,-0.28203,-0.86034,-0.86,1.09,0.19,-0.57634,-0.30963,-0.23649,-0.71836,-0.84,1.08,0.2,-0.57634,-0.30963,-0.23649,-0.71836,-0.87,1.06,0.1,0.24442,0.02308,-0.48211,-0.84101,-0.89,1.08,0.14,0.13515,-0.05638,-0.39227,-0.90812,-0.89,1.09,0.17,-0.30088,-0.21839,-0.3936,-0.84075,-0.88,1.08,0.18,-0.49448,-0.35517,-0.33368,-0.71972,-0.86,1.07,0.19,-0.49448,-0.35517,-0.33368,-0.71972,-0.7,1.1,0.12,-0.35402,-0.17655,-0.15354,0.9055,-0.68,1.06,0.07,-0.35402,-0.17655,-0.15354,0.9055,-0.72,1.07,0.09,-0.45652,-0.21748,0.55837,0.65765,-0.75,1.08,0.11,-0.28861,-0.07897,0.51688,0.80206,-0.76,1.1,0.13,-0.2111,-0.06449,0.59896,0.76976,-0.77,1.1,0.16,-0.2111,-0.06449,0.59896,0.76976,-0.71,1.08,0.09,-0.35402,-0.17655,-0.15354,0.9055,-0.73,1.12,0.13,-0.11176,-0.20501,-0.06203,0.97038,-0.74,1.13,0.16,0.30533,-0.21911,0.00406,0.92669,-0.75,1.11,0.18,0.47204,-0.18848,0.03487,0.86049,-0.76,1.1,0.19,0.47204,-0.18848,0.03487,0.86049,-0.69,1.07,0.1,-0.35402,-0.17655,-0.15354,0.9055,-0.7,1.12,0.13,-0.0894,-0.19359,-0.12112,0.96946,-0.72,1.13,0.17,0.33541,-0.22874,-0.03932,0.91303,-0.73,1.11,0.19,0.53885,-0.21808,-0.04999,0.81215,-0.74,1.09,0.2,0.53885,-0.21808,-0.04999,0.81215,-0.68,1.07,0.1,-0.35402,-0.17655,-0.15354,0.9055,-0.69,1.11,0.14,-0.13863,-0.16378,-0.19547,0.95695,-0.7,1.12,0.17,0.35928,-0.25829,-0.12594,0.88789,-0.71,1.11,0.19,0.60973,-0.30341,-0.06963,0.72892,-0.72,1.09,0.19,0.60973,-0.30341,-0.06963,0.72892,-0.67,1.07,0.11,-0.26803,-0.11993,-0.38255,0.87603,-0.67,1.09,0.14,-0.25801,-0.10443,-0.29789,0.91312,-0.67,1.11,0.17,0.32214,-0.26486,-0.26188,0.87034,-0.69,1.1,0.18,0.59056,-0.37936,-0.16689,0.69244,-0.7,1.09,0.18,0.59056,-0.37936,-0.16689,0.69244,-0.81,1.08,0.19
-0.8,1.44,-0.14,-0.8,1.44,-0.14,-0.85,1.1,0.11,0.32397,-0.05143,-0.21846,-0.91906,-0.86,1.06,0.06,0.32397,-0.05143,-0.21846,-0.91906,-0.82,1.08,0.09,0.42112,-0.18265,0.4852,-0.74423,-0.8,1.1,0.11,0.17928,-0.02876,0.43866,-0.88012,-0.79,1.11,0.14,0.07911,-0.0219,0.51729,-0.85187,-0.79,1.11,0.16,0.07911,-0.0219,0.51729,-0.85187,-0.84,1.08,0.09,0.32397,-0.05143,-0.21846,-0.91906,-0.84,1.12,0.13,-0.02569,-0.11193,-0.14754,-0.98237,-0.83,1.12,0.17,-0.4415,-0.16753,-0.11146,-0.87441,-0.82,1.1,0.18,-0.59937,-0.15776,-0.08381,-0.78029,-0.81,1.08,0.19,-0.59937,-0.15776,-0.08381,-0.78029,-0.85,1.08,0.09,0.32397,-0.05143,-0.21846,-0.91906,-0.86,1.12,0.14,0.01518,-0.10571,-0.20815,-0.97225,-0.85,1.12,0.18,-0.40748,-0.18634,-0.15459,-0.88053,-0.84,1.1,0.19,-0.60142,-0.19733,-0.16953,-0.75539,-0.82,1.08,0.2,-0.60142,-0.19733,-0.16953,-0.75539,-0.87,1.07,0.09,0.32397,-0.05143,-0.21846,-0.91906,-0.87,1.1,0.14,0.08801,-0.07873,-0.27097,-0.95532,-0.87,1.11,0.17,-0.35817,-0.20951,-0.24313,-0.87676,-0.85,1.1,0.19,-0.57916,-0.28722,-0.20256,-0.73556,-0.84,1.08,0.2,-0.57916,-0.28722,-0.20256,-0.73556,-0.87,1.07,0.1,0.25548,0.00813,-0.44628,-0.85761,-0.88,1.09,0.14,0.14385,-0.06457,-0.35326,-0.92214,-0.88,1.1,0.17,-0.29459,-0.20661,-0.35733,-0.86188,-0.87,1.09,0.18,-0.49285,-0.33409,-0.30273,-0.7442,-0.86,1.08,0.19,-0.49285,-0.33409,-0.30273,-0.7442,-0.7,1.09,0.12,-0.34361,-0.18526,-0.13576,0.91059,-0.68,1.05,0.07,-0.34361,-0.18526,-0.13576,0.91059,-0.72,1.07,0.09,-0.44617,-0.23105,0.5724,0.648,-0.75,1.08,0.11,-0.27731,-0.08596,0.53559,0.793,-0.76,1.09,0.14,-0.19763,-0.06872,0.61668,0.7589,-0.77,1.09,0.16,-0.19763,-0.06872,0.61668,0.7589,-0.71,1.07,0.09,-0.34361,-0.18526,-0.13576,0.91059,-0.73,1.11,0.13,-0.06899,-0.20802,-0.0364,0.97501,-0.74,1.12,0.16,0.37522,-0.20916,0.03505,0.90235,-0.75,1.1,0.18,0.54741,-0.17162,0.06829,0.81622,-0.76,1.08,0.19,0.54741,-0.17162,0.06829,0.81622,-0.7,1.07,0.1,-0.34361,-0.18526,-0.13576,0.91059,-0.71,1.12,0.14,-0.12123,-0.18919,-0.11223,0.96794,-0.72,1.13,0.17,0.27921,-0.22035,-0.0394,0.93378,-0.73,1.11,0.19,0.4606,-0.21343,-0.05681,0.85969,-0.74,1.1,0.21,0.4606,-0.21343,-0.05681,0.85969,-0.68,1.07,0.1,-0.34361,-0.18526,-0.13576,0.91059,-0.69,1.11,0.14,-0.19911,-0.15395,-0.18868,0.94924,-0.7,1.12,0.17,0.26973,-0.24446,-0.13185,0.92201,-0.71,1.11,0.19,0.50578,-0.29321,-0.08547,0.80679,-0.73,1.09,0.2,0.50578,-0.29321,-0.08547,0.80679,-0.67,1.07,0.11,-0.25854,-0.12517,-0.36478,0.88568,-0.68,1.09,0.15,-0.29284,-0.09988,-0.28111,0.90843,-0.68,1.11,0.17,0.27097,-0.24929,-0.25538,0.89399,-0.69,1.1,0.18,0.53154,-0.3598,-0.17227,0.74722,-0.7,1.09,0.19,0.53154,-0.3598,-0.17227,0.74722,-0.81,1.08,0.19
-0.8,1.44,-0.14,-0.8,1.44,-0.14,-0.85,1.1,0.11,0.34885,-0.06339,-0.1444,-0.92381,-0.86,1.06,0.06,0.34885,-0.06339,-0.1444,-0.92381,-0.82,1.08,0.09,0.42512,-0.18561,0.54409,-0.69913,-0.8,1.09,0.11,0.19705,-0.01472,0.49903,-0.84376,-0.79,1.1,0.14,0.0892,0.00517,0.57337,-0.81441,-0.79,1.11,0.16,0.0892,0.00517,0.57337,-0.81441,-0.83,1.08,0.09,0.34885,-0.06339,-0.1444,-0.92381,-0.83,1.12,0.13,0.00341,-0.09704,-0.07325,-0.99258,-0.82,1.12,0.17,-0.41973,-0.12339,-0.05058,-0.8978,-0.82,1.11,0.18,-0.58055,-0.1031,-0.0329,-0.807,-0.81,1.09,0.19,-0.58055,-0.1031,-0.0329,-0.807,-0.85,1.08,0.09,0.34885,-0.06339,-0.1444,-0.92381,-0.85,1.12,0.13,0.04321,-0.0948,-0.13406,-0.98548,-0.84,1.13,0.17,-0.38476,-0.14456,-0.09312,-0.90686,-0.83,1.11,0.19,-0.58015,-0.14457,-0.12065,-0.79244,-0.83,1.09,0.2,-0.58015,-0.14457,-0.12065,-0.79244,-0.87,1.07,0.09,0.34885,-0.06339,-0.1444,-0.92381,-0.87,1.11,0.13,0.1152,-0.07539,-0.19721,-0.97065,-0.86,1.12,0.17,-0.33502,-0.17286,-0.18055,-0.90845,-0.85,1.1,0.19,-0.5631,-0.23581,-0.153,-0.77711,-0.84,1.09,0.2,-0.5631,-0.23581,-0.153,-0.77711,-0.87,1.07,0.1,0.2874,-0.00658,-0.37885,-0.87968,-0.88,1.09,0.13,0.17244,-0.06608,-0.28191,-0.9415,-0.88,1.1,0.16,-0.26346,-0.17385,-0.29696,-0.90121,-0.87,1.1,0.18,-0.46423,-0.28508,-0.25526,-0.79879,-0.86,1.08,0.19,-0.46423,-0.28508,-0.25526,-0.79879,-0.7,1.09,0.12,-0.32045,-0.17482,-0.1291,0.922,-0.68,1.05,0.07,-0.32045,-0.17482,-0.1291,0.922,-0.72,1.07,0.09,-0.42838,-0.23325,0.57071,0.66059,-0.75,1.08,0.11,-0.25085,-0.08236,0.53537,0.80229,-0.76,1.09,0.14,-0.16769,-0.06565,0.61552,0.76727,-0.77,1.09,0.16,-0.16769,-0.06565,0.61552,0.76727,-0.71,1.07,0.09,-0.32045,-0.17482,-0.1291,0.922,-0.73,1.11,0.13,-0.01309,-0.20345,-0.02166,0.97876,-0.74,1.11,0.17,0.44709,-0.19604,0.05043,0.87128,-0.75,1.09,0.18,0.61604,-0.15476,0.08401,0.76778,-0.75,1.07,0.18,0.61604,-0.15476,0.08401,0.76778,-0.7,1.07,0.1,-0.32045,-0.17482,-0.1291,0.922,-0.71,1.11,0.14,-0.07402,-0.18556,-0.09947,0.97478,-0.72,1.12,0.18,0.30401,-0.2106,-0.03405,0.92848,-0.73,1.1,0.2,0.45941,-0.20107,-0.05647,0.86332,-0.74,1.09,0.21,0.45941,-0.20107,-0.05647,0.86332,-0.68,1.07,0.1,-0.32045,-0.17482,-0.1291,0.922,-0.69,1.1,0.14,-0.17548,-0.14608,-0.18001,0.9568,-0.7,1.12,0.18,0.27266,-0.22973,-0.13331,0.92472,-0.71,1.11,0.2,0.48507,-0.27783,-0.09712,0.82346,-0.73,1.09,0.21,0.48507,-0.27783,-0.09712,0.82346,-0.67,1.07,0.11,-0.23902,-0.10855,-0.35763,0.89621,-0.68,1.09,0.15,-0.30976,-0.07059,-0.2748,0.9075,-0.67,1.11,0.17,0.2305,-0.21628,-0.27106,0.90918,-0.68,1.1,0.19,0.46465,-0.32689,-0.2079,0.79625,-0.7,1.09,0.19,0.46465,-0.32689,-0.2079,0.79625,-0.81,1.08,0.19
-0.8,1.44,-0.14,-0.8,1.44,-0.14,-0.85,1.1,0.11,0.351,-0.06061,-0.13502,-0.92461,-0.86,1.06,0.06,0.351,-0.06061,-0.13502,-0.92461,-0.82,1.08,0.09,0.42411,-0.18098,0.55019,-0.69618,-0.8,1.09,0.11,0.19563,-0.00729,0.50383,-0.84133,-0.79,1.1,0.14,0.08103,0.01734,0.57651,-0.81288,-0.79,1.1,0.16,0.08103,0.01734,0.57651,-0.81288,-0.83,1.08,0.09,0.351,-0.06061,-0.13502,-0.92461,-0.83,1.12,0.13,0.0119,-0.09095,-0.06599,-0.9936,-0.82,1.12,0.17,-0.4134,-0.11507,-0.04645,-0.90206,-0.82,1.1,0.18,-0.57596,-0.09424,-0.03042,-0.81146,-0.81,1.08,0.19,-0.57596,-0.09424,-0.03042,-0.81146,-0.85,1.08,0.09,0.351,-0.06061,-0.13502,-0.92461,-0.85,1.12,0.13,0.04964,-0.08883,-0.12637,-0.98675,-0.84,1.12,0.17,-0.3712,-0.13516,-0.08995,-0.91425,-0.84,1.11,0.19,-0.56175,-0.13516,-0.12039,-0.80726,-0.83,1.09,0.2,-0.56175,-0.13516,-0.12039,-0.80726,-0.87,1.07,0.09,0.351,-0.06061,-0.13502,-0.92461,-0.87,1.11,0.13,0.11939,-0.07078,-0.18874,-0.97217,-0.86,1.12,0.17,-0.32086,-0.1631,-0.17682,-0.91607,-0.85,1.1,0.19,-0.54476,-0.22496,-0.1531,-0.79322,-0.84,1.09,0.2,-0.54476,-0.22496,-0.1531,-0.79322,-0.87,1.07,0.1,0.29135,-0.00405,-0.37028,-0.88204,-0.88,1.09,0.13,0.1752,-0.06221,-0.27346,-0.94375,-0.88,1.1,0.16,-0.24895,-0.16301,-0.29296,-0.90864,-0.87,1.1,0.18,-0.44111,-0.27078,-0.25656,-0.81626,-0.86,1.08,0.19,-0.44111,-0.27078,-0.25656,-0.81626,-0.7,1.09,0.12,-0.31476,-0.16242,-0.13096,0.92596,-0.68,1.06,0.07,-0.31476,-0.16242,-0.13096,0.92596,-0.72,1.07,0.09,-0.43271,-0.21945,0.55644,0.67452,-0.75,1.08,0.11,-0.2551,-0.07455,0.51627,0.81415,-0.76,1.09,0.14,-0.17511,-0.06233,0.59719,0.78027,-0.77,1.1,0.16,-0.17511,-0.06233,0.59719,0.78027,-0.71,1.07,0.09,-0.31476,-0.16242,-0.13096,0.92596,-0.73,1.11,0.13,-0.02885,-0.19495,-0.03046,0.97992,-0.74,1.11,0.17,0.43859,-0.19278,0.03991,0.87686,-0.75,1.1,0.18,0.61097,-0.15356,0.07319,0.77316,-0.75,1.08,0.19,0.61097,-0.15356,0.07319,0.77316,-0.7,1.07,0.1,-0.31476,-0.16242,-0.13096,0.92596,-0.71,1.11,0.14,-0.01121,-0.18723,-0.08843,0.97826,-0.72,1.11,0.18,0.37274,-0.20736,-0.02117,0.90422,-0.73,1.1,0.2,0.52812,-0.1916,-0.04265,0.82617,-0.74,1.08,0.21,0.52812,-0.1916,-0.04265,0.82617,-0.68,1.07,0.1,-0.31476,-0.16242,-0.13096,0.92596,-0.69,1.1,0.14,-0.11705,-0.14894,-0.17243,0.96663,-0.7,1.11,0.18,0.33598,-0.22747,-0.12491,0.90541,-0.71,1.1,0.2,0.54438,-0.2722,-0.09049,0.78827,-0.72,1.08,0.2,0.54438,-0.2722,-0.09049,0.78827,-0.67,1.07,0.11,-0.23574,-0.09484,-0.35968,0.89781,-0.67,1.09,0.15,-0.3041,-0.05238,-0.27665,0.91008,-0.67,1.11,0.17,0.24254,-0.20359,-0.28113,0.90592,-0.68,1.1,0.19,0.47922,-0.31853,-0.22015,0.78767,-0.7,1.09,0.19,0.47922,-0.31853,-0.22015,0.78767,-0.81,1.08,0.19
-0.8,1.44,-0.14,-0.8,1.44,-0.14,-0.85,1.1,0.11,0.33616,-0.05195,-0.15094,-0.92818,-0.86,1.06,0.06,0.33616,-0.05195,-0.15094,-0.92818,-0.82,1.08,0.09,0.41445,-0.17893,0.53589,-0.71347,-0.8,1.09,0.11,0.17904,-0.00727,0.48879,-0.8538,-0.79,1.1,0.14,0.06128,0.01572,0.56148,-0.82507,-0.79,1.1,0.16,0.06128,0.01572,0.56148,-0.82507,-0.83,1.08,0.09,0.33616,-0.05195,-0.15094,-0.92818,-0.83,1.12,0.13,0.00167,-0.08795,-0.08486,-0.9925,-0.83,1.12,0.17,-0.42178,-0.12009,-0.06485,-0.89637,-0.82,1.1,0.18,-0.58461,-0.10263,-0.04714,-0.80342,-0.81,1.08,0.19,-0.58461,-0.10263,-0.04714,-0.80342,-0.85,1.07,0.09,0.33616,-0.05195,-0.15094,-0.92818,-0.85,1.12,0.13,0.03803,-0.08388,-0.14487,-0.98515,-0.85,1.12,0.18,-0.37462,-0.13754,-0.10975,-0.91033,-0.84,1.1,0.19,-0.55914,-0.14086,-0.13938,-0.80504,-0.83,1.08,0.2,-0.55914,-0.14086,-0.13938,-0.80504,-0.87,1.07,0.09,0.33616,-0.05195,-0.15094,-0.92818,-0.87,1.1,0.13,0.10761,-0.06374,-0.20628,-0.97047,-0.87,1.11,0.17,-0.32355,-0.16262,-0.19676,-0.91113,-0.86,1.1,0.19,-0.54074,-0.2287,-0.17345,-0.7907,-0.84,1.08,0.2,-0.54074,-0.2287,-0.17345,-0.7907,-0.87,1.07,0.1,0.27648,0.00761,-0.38451,-0.88071,-0.88,1.09,0.13,0.1594,-0.05453,-0.28969,-0.94218,-0.88,1.1,0.16,-0.25797,-0.16034,-0.31099,-0.90057,-0.88,1.09,0.18,-0.44394,-0.27106,-0.27604,-0.80824,-0.86,1.08,0.19,-0.44394,-0.27106,-0.27604,-0.80824,-0.71,1.09,0.12,-0.31118,-0.16344,-0.11062,0.92963,-0.69,1.06,0.07,-0.31118,-0.16344,-0.11062,0.92963,-0.73,1.07,0.09,-0.43862,-0.23066,0.55706,0.66641,-0.75,1.08,0.11,-0.27113,-0.09219,0.51841,0.80575,-0.77,1.09,0.14,-0.20132,-0.08427,0.60055,0.76922,-0.77,1.1,0.16,-0.20132,-0.08427,0.60055,0.76922,-0.72,1.07,0.1,-0.31118,-0.16344,-0.11062,0.92963,-0.73,1.11,0.14,-0.13749,-0.18663,-0.03678,0.97207,-0.74,1.12,0.17,0.30083,-0.19218,0.02334,0.93382,-0.75,1.11,0.19,0.48346,-0.1577,0.05187,0.85948,-0.76,1.09,0.2,0.48346,-0.1577,0.05187,0.85948,-0.7,1.07,0.1,-0.31118,-0.16344,-0.11062,0.92963,-0.71,1.11,0.14,-0.00896,-0.18267,-0.06849,0.98074,-0.73,1.12,0.18,0.37705,-0.19538,-0.00432,0.90534,-0.74,1.1,0.2,0.53699,-0.17664,-0.02756,0.82443,-0.74,1.08,0.21,0.53699,-0.17664,-0.02756,0.82443,-0.68,1.07,0.1,-0.31118,-0.16344,-0.11062,0.92963,-0.69,1.1,0.15,-0.09694,-0.14726,-0.15018,0.97281,-0.7,1.11,0.18,0.35983,-0.21549,-0.10571,0.90162,-0.71,1.1,0.2,0.57184,-0.25565,-0.07421,0.77597,-0.73,1.08,0.2,0.57184,-0.25565,-0.07421,0.77597,-0.68,1.07,0.11,-0.23485,-0.0942,-0.34023,0.90566,-0.68,1.09,0.15,-0.30212,-0.0505,-0.25704,0.91657,-0.67,1.11,0.17,0.26079,-0.19494,-0.26393,0.90792,-0.68,1.1,0.19,0.50683,-0.30744,-0.20406,0.77908,-0.7,1.09,0.19,0.50683,-0.30744,-0.20406,0.77908,-0.81,1.08,0.19
-0.8,1.44,-0.14,-0.8,1.44,-0.14,-0.85,1.09,0.11,0.33262,-0.05026,-0.15849,-0.92829,-0.86,1.06,0.06,0.33262,-0.05026,-0.15849,-0.92829,-0.82,1.08,0.09,0.41315,-0.1749,0.52963,-0.71987,-0.8,1.09,0.11,0.17598,-0.00509,0.48116,-0.85877,-0.8,1.1,0.14,0.05787,0.01661,0.55392,-0.83039,-0.79,1.1,0.16,0.05787,0.01661,0.55392,-0.83039,-0.84,1.08,0.09,0.33262,-0.05026,-0.15849,-0.92829,-0.83,1.12,0.13,0.00265,-0.08789,-0.09364,-0.99172,-0.83,1.12,0.17,-0.42137,-0.12386,-0.07268,-0.89545,-0.82,1.1,0.18,-0.58566,-0.10793,-0.05391,-0.80153,-0.81,1.08,0.19,-0.58566,-0.10793,-0.05391,-0.80153,-0.85,1.07,0.09,0.33262,-0.05026,-0.15849,-0.92829,-0.85,1.12,0.13,0.03598,-0.08368,-0.15306,-0.98401,-0.85,1.12,0.18,-0.37595,-0.14072,-0.11728,-0.90835,-0.84,1.1,0.19,-0.55907,-0.14528,-0.14607,-0.80312,-0.83,1.08,0.2,-0.55907,-0.14528,-0.14607,-0.80312,-0.87,1.07,0.09,0.33262,-0.05026,-0.15849,-0.92829,-0.87,1.1,0.14,0.10521,-0.06319,-0.21399,-0.9691,-0.87,1.11,0.17,-0.32493,-0.16533,-0.20393,-0.90857,-0.86,1.1,0.19,-0.54046,-0.23291,-0.17986,-0.78823,-0.84,1.08,0.2,-0.54046,-0.23291,-0.17986,-0.78823,-0.88,1.07,0.1,0.27234,0.00986,-0.39137,-0.87895,-0.89,1.09,0.13,0.15434,-0.05515,-0.2966,-0.94083,-0.89,1.1,0.16,-0.26272,-0.16362,-0.31672,-0.8966,-0.88,1.09,0.18,-0.44797,-0.27559,-0.2809,-0.80279,-0.86,1.08,0.19,-0.44797,-0.27559,-0.2809,-0.80279,-0.71,1.09,0.12,-0.28762,-0.16839,-0.08432,0.93905,-0.69,1.06,0.07,-0.28762,-0.16839,-0.08432,0.93905,-0.73,1.07,0.09,-0.42403,-0.25966,0.56492,0.65851,-0.75,1.08,0.11,-0.26311,-0.12182,0.53299,0.7949,-0.77,1.08,0.14,-0.202,-0.11794,0.61499,0.75305,-0.78,1.09,0.16,-0.202,-0.11794,0.61499,0.75305,-0.72,1.07,0.1,-0.28762,-0.16839,-0.08432,0.93905,-0.74,1.11,0.14,-0.13871,-0.19324,-0.01338,0.9712,-0.75,1.12,0.17,0.21999,-0.19132,0.03116,0.95605,-0.76,1.11,0.19,0.3839,-0.15746,0.05236,0.90834,-0.76,1.09,0.21,0.3839,-0.15746,0.05236,0.90834,-0.7,1.07,0.1,-0.28762,-0.16839,-0.08432,0.93905,-0.72,1.11,0.14,-0.06485,-0.17121,-0.05885,0.98134,-0.73,1.12,0.18,0.30048,-0.18174,-0.00478,0.9363,-0.74,1.1,0.2,0.46489,-0.1681,-0.03178,0.86868,-0.75,1.08,0.22,0.46489,-0.1681,-0.03178,0.86868,-0.69,1.07,0.1,-0.28762,-0.16839,-0.08432,0.93905,-0.7,1.1,0.15,-0.13163,-0.1312,-0.13414,0.97338,-0.71,1.11,0.18,0.32071,-0.19455,-0.09983,0.92159,-0.72,1.1,0.2,0.54104,-0.23523,-0.07238,0.80418,-0.73,1.08,0.21,0.54104,-0.23523,-0.07238,0.80418,-0.68,1.07,0.11,-0.21454,-0.09232,-0.31333,0.92048,-0.68,1.09,0.15,-0.30105,-0.04261,-0.22952,0.92459,-0.68,1.11,0.17,0.26609,-0.1733,-0.24589,0.91581,-0.69,1.1,0.19,0.52862,-0.28466,-0.18935,0.77697,-0.7,1.08,0.2,0.52862,-0.28466,-0.18935,0.77697,-0.81,1.08,0.19
-0.8,1.44,-0.14,-0.8,1.44,-0.14,-0.85,1.09,0.11,0.33324,-0.0516,-0.16093,-0.92757,-0.86,1.06,0.06,0.33324,-0.0516,-0.16093,-0.92757,-0.82,1.08,0.09,0.41407,-0.17213,0.52842,-0.72089,-0.8,1.09,0.11,0.17792,-0.00356,0.47895,-0.85961,-0.8,1.1,0.14,0.06106,0.0171,0.55189,-0.83151,-0.79,1.1,0.16,0.06106,0.0171,0.55189,-0.83151,-0.84,1.08,0.09,0.33324,-0.0516,-0.16093,-0.92757,-0.83,1.12,0.13,0.00567,-0.08915,-0.09621,-0.99134,-0.83,1.12,0.17,-0.42298,-0.12654,-0.0738,-0.89422,-0.82,1.1,0.18,-0.589,-0.11094,-0.05414,-0.79865,-0.81,1.08,0.19,-0.589,-0.11094,-0.05414,-0.79865,-0.85,1.07,0.09,0.33324,-0.0516,-0.16093,-0.92757,-0.86,1.12,0.13,0.0366,-0.08523,-0.15531,-0.9835,-0.85,1.12,0.18,-0.37944,-0.14362,-0.11802,-0.90635,-0.84,1.1,0.19,-0.56412,-0.14824,-0.14595,-0.79906,-0.83,1.08,0.2,-0.56412,-0.14824,-0.14595,-0.79906,-0.87,1.07,0.09,0.33324,-0.0516,-0.16093,-0.92757,-0.87,1.1,0.14,0.10523,-0.0652,-0.21602,-0.96851,-0.87,1.11,0.17,-0.32946,-0.16904,-0.20409,-0.90622,-0.86,1.1,0.19,-0.5468,-0.23682,-0.17863,-0.78296,-0.84,1.08,0.2,-0.5468,-0.23682,-0.17863,-0.78296,-0.88,1.07,0.1,0.27234,0.00829,-0.39365,-0.87795,-0.89,1.09,0.13,0.15347,-0.05837,-0.29828,-0.94025,-0.89,1.1,0.16,-0.27006,-0.16939,-0.31591,-0.89363,-0.88,1.09,0.18,-0.46058,-0.28283,-0.27727,-0.79435,-0.86,1.08,0.19,-0.46058,-0.28283,-0.27727,-0.79435,-0.71,1.09,0.12,-0.26856,-0.17036,-0.06596,0.94578,-0.69,1.06,0.07,-0.26856,-0.17036,-0.06596,0.94578,-0.73,1.07,0.09,-0.4164,-0.27549,0.56453,0.65728,-0.76,1.07,0.11,-0.25692,-0.13823,0.53623,0.79205,-0.77,1.08,0.14,-0.2001,-0.13678,0.61816,0.74775,-0.78,1.09,0.16,-0.2001,-0.13678,0.61816,0.74775,-0.72,1.07,0.1,-0.26856,-0.17036,-0.06596,0.94578,-0.74,1.1,0.14,-0.11068,-0.20513,0.01188,0.97238,-0.75,1.11,0.17,0.23325,-0.19357,0.05607,0.9513,-0.76,1.1,0.19,0.38355,-0.15617,0.07533,0.9071,-0.77,1.09,0.21,0.38355,-0.15617,0.07533,0.9071,-0.7,1.07,0.1,-0.26856,-0.17036,-0.06596,0.94578,-0.72,1.11,0.14,-0.07706,-0.16394,-0.0475,0.98231,-0.73,1.11,0.18,0.28629,-0.171,0.00257,0.94276,-0.74,1.1,0.2,0.45376,-0.15714,-0.02647,0.87676,-0.75,1.08,0.22,0.45376,-0.15714,-0.02647,0.87676,-0.69,1.07,0.11,-0.26856,-0.17036,-0.06596,0.94578,-0.7,1.1,0.15,-0.14902,-0.12104,-0.12108,0.9739,-0.71,1.11,0.18,0.31512,-0.18127,-0.0908,0.92714,-0.72,1.1,0.2,0.54558,-0.22063,-0.06525,0.80586,-0.73,1.08,0.21,0.54558,-0.22063,-0.06525,0.80586,-0.68,1.07,0.11,-0.19814,-0.08899,-0.29424,0.93073,-0.68,1.09,0.15,-0.2914,-0.03901,-0.20947,0.93257,-0.68,1.1,0.17,0.28211,-0.15937,-0.2312,0.91737,-0.69,1.1,0.19,0.55952,-0.26977,-0.17621,0.76361,-0.7,1.08,0.2,0.55952,-0.26977,-0.17621,0.76361,-0.81,1.08,0.19
-0.8,1.44,-0.14,-0.8,1.44,-0.14,-0.85,1.1,0.11,0.33658,-0.05662,-0.16259,-0.92578,-0.86,1.06,0.06,0.33658,-0.05662,-0.16259,-0.92578,-0.82,1.08,0.09,0.41797,-0.17048,0.52851,-0.71897,-0.8,1.09,0.11,0.18458,-0.00365,0.47835,-0.85854,-0.8,1.1,0.14,0.07121,0.01529,0.55191,-0.83072,-0.79,1.1,0.16,0.07121,0.01529,0.55191,-0.83072,-0.84,1.08,0.09,0.33658,-0.05662,-0.16259,-0.92578,-0.83,1.12,0.13,0.01015,-0.09425,-0.09623,-0.99083,-0.83,1.12,0.17,-0.42487,-0.13175,-0.07069,-0.89282,-0.82,1.1,0.18,-0.59272,-0.11562,-0.04968,-0.79552,-0.81,1.08,0.19,-0.59272,-0.11562,-0.04968,-0.79552,-0.85,1.07,0.09,0.33658,-0.05662,-0.16259,-0.92578,-0.85,1.12,0.13,0.04006,-0.09007,-0.15579,-0.98286,-0.85,1.12,0.18,-0.38254,-0.14908,-0.11538,-0.9045,-0.84,1.1,0.19,-0.57131,-0.15327,-0.14177,-0.79374,-0.83,1.08,0.2,-0.57131,-0.15327,-0.14177,-0.79374,-0.87,1.07,0.09,0.33658,-0.05662,-0.16259,-0.92578,-0.87,1.1,0.14,0.10801,-0.07043,-0.21674,-0.96768,-0.87,1.11,0.17,-0.33495,-0.1759,-0.20098,-0.90359,-0.86,1.1,0.19,-0.55713,-0.24339,-0.17272,-0.77494,-0.84,1.08,0.2,-0.55713,-0.24339,-0.17272,-0.77494,-0.88,1.07,0.1,0.27433,0.00246,-0.39527,-0.87664,-0.89,1.09,0.13,0.15662,-0.0636,-0.29923,-0.93909,-0.88,1.1,0.16,-0.28107,-0.17944,-0.31241,-0.88949,-0.87,1.09,0.18,-0.48326,-0.29555,-0.26785,-0.77934,-0.86,1.08,0.19,-0.48326,-0.29555,-0.26785,-0.77934,-0.71,1.09,0.12,-0.25748,-0.16708,-0.04821,0.95051,-0.69,1.06,0.07,-0.25748,-0.16708,-0.04821,0.95051,-0.73,1.06,0.09,-0.42185,-0.27654,0.55528,0.66123,-0.76,1.07,0.11,-0.25947,-0.14075,0.52725,0.79679,-0.77,1.08,0.14,-0.20046,-0.13768,0.61014,0.75405,-0.78,1.08,0.16,-0.20046,-0.13768,0.61014,0.75405,-0.72,1.07,0.1,-0.25748,-0.16708,-0.04821,0.95051,-0.74,1.1,0.14,-0.07006,-0.2007,0.0362,0.97647,-0.75,1.11,0.18,0.29641,-0.17806,0.08178,0.93474,-0.76,1.09,0.19,0.4508,-0.13521,0.10144,0.87648,-0.76,1.08,0.21,0.4508,-0.13521,0.10144,0.87648,-0.7,1.07,0.1,-0.25748,-0.16708,-0.04821,0.95051,-0.72,1.11,0.15,-0.07098,-0.15558,-0.03202,0.98475,-0.73,1.11,0.19,0.32199,-0.15699,0.01877,0.93345,-0.74,1.1,0.21,0.50096,-0.13778,-0.01173,0.85435,-0.74,1.08,0.22,0.50096,-0.13778,-0.01173,0.85435,-0.69,1.07,0.11,-0.25748,-0.16708,-0.04821,0.95051,-0.7,1.1,0.15,-0.14105,-0.11497,-0.10347,0.97784,-0.71,1.11,0.18,0.35862,-0.1701,-0.07262,0.91498,-0.72,1.09,0.2,0.60016,-0.20414,-0.04888,0.77184,-0.72,1.07,0.21,0.60016,-0.20414,-0.04888,0.77184,-0.68,1.07,0.11,-0.19049,-0.08253,-0.27653,0.93831,-0.68,1.09,0.15,-0.278,-0.03848,-0.19042,0.94073,-0.68,1.1,0.17,0.30931,-0.14976,-0.21482,0.91419,-0.69,1.09,0.19,0.5975,-0.25745,-0.16153,0.74203,-0.7,1.08,0.19,0.5975,-0.25745,-0.16153,0.74203,-0.81,1.08,0.19
-0.8,1.43,-0.14,-0.8,1.43,-0.14,-0.85,1.09,0.11,0.3371,-0.05315,-0.1643,-0.9255,-0.86,1.06,0.06,0.3371,-0.05315,-0.1643,-0.9255,-0.82,1.07,0.09,0.4135,-0.16377,0.53047,-0.72167,-0.8,1.09,0.11,0.182,0.00272,0.47801,-0.85929,-0.8,1.1,0.14,0.07132,0.0192,0.5512,-0.8311,-0.8,1.1,0.16,0.07132,0.0192,0.5512,-0.8311,-0.84,1.08,0.09,0.3371,-0.05315,-0.1643,-0.9255,-0.83,1.12,0.13,0.00964,-0.09218,-0.09848,-0.99081,-0.83,1.12,0.17,-0.42739,-0.13104,-0.0733,-0.89151,-0.82,1.1,0.18,-0.59607,-0.1155,-0.05212,-0.79287,-0.81,1.08,0.19,-0.59607,-0.1155,-0.05212,-0.79287,-0.85,1.07,0.09,0.3371,-0.05315,-0.1643,-0.9255,-0.86,1.12,0.13,0.04051,-0.08726,-0.15849,-0.98266,-0.85,1.12,0.18,-0.38315,-0.14783,-0.11883,-0.904,-0.84,1.1,0.19,-0.57416,-0.153,-0.14514,-0.79112,-0.83,1.08,0.2,-0.57416,-0.153,-0.14514,-0.79112,-0.87,1.07,0.09,0.3371,-0.05315,-0.1643,-0.9255,-0.87,1.1,0.13,0.10976,-0.06725,-0.21927,-0.96714,-0.87,1.11,0.17,-0.33645,-0.175,-0.20404,-0.90252,-0.86,1.1,0.19,-0.56195,-0.2439,-0.17506,-0.77077,-0.84,1.08,0.2,-0.56195,-0.2439,-0.17506,-0.77077,-0.88,1.07,0.1,0.27532,0.00564,-0.397,-0.87553,-0.89,1.09,0.13,0.15859,-0.05936,-0.30185,-0.9382,-0.89,1.1,0.16,-0.285,-0.17909,-0.31562,-0.88718,-0.88,1.09,0.18,-0.49261,-0.29791,-0.26913,-0.77211,-0.86,1.08,0.19,-0.49261,-0.29791,-0.26913,-0.77211,-0.71,1.09,0.12,-0.28952,-0.17649,-0.07317,0.93791,-0.69,1.06,0.07,-0.28952,-0.17649,-0.07317,0.93791,-0.73,1.07,0.09,-0.45972,-0.25691,0.53612,0.65972,-0.76,1.08,0.11,-0.29277,-0.12646,0.50342,0.80304,-0.77,1.09,0.13,-0.21831,-0.11123,0.58915,0.76998,-0.78,1.09,0.15,-0.21831,-0.11123,0.58915,0.76998,-0.72,1.07,0.1,-0.28952,-0.17649,-0.07317,0.93791,-0.74,1.11,0.14,-0.07774,-0.20726,0.01854,0.97502,-0.75,1.11,0.17,0.34146,-0.18668,0.07862,0.91781,-0.76,1.1,0.19,0.507,-0.14228,0.10386,0.84375,-0.76,1.08,0.2,0.507,-0.14228,0.10386,0.84375,-0.7,1.07,0.1,-0.28952,-0.17649,-0.07317,0.93791,-0.72,1.11,0.14,-0.09224,-0.17074,-0.0532,0.97955,-0.73,1.12,0.18,0.33441,-0.17916,0.01173,0.92517,-0.74,1.1,0.2,0.52405,-0.15953,-0.01303,0.83651,-0.75,1.08,0.21,0.52405,-0.15953,-0.01303,0.83651,-0.69,1.07,0.1,-0.28952,-0.17649,-0.07317,0.93791,-0.7,1.1,0.15,-0.15747,-0.13443,-0.12569,0.97022,-0.71,1.12,0.18,0.36131,-0.20009,-0.07797,0.90738,-0.72,1.1,0.2,0.60756,-0.23413,-0.04411,0.7577,-0.73,1.08,0.2,0.60756,-0.23413,-0.04411,0.7577,-0.68,1.07,0.11,-0.21628,-0.1005,-0.30242,0.92286,-0.68,1.09,0.15,-0.27194,-0.06949,-0.21718,0.93491,-0.68,1.11,0.17,0.33025,-0.19358,-0.21597,0.89823,-0.69,1.1,0.19,0.61365,-0.29856,-0.14755,0.71591,-0.7,1.08,0.19,0.61365,-0.29856,-0.14755,0.71591,-0.81,1.08,0.19
-0.8,1.43,-0.14,-0.8,1.43,-0.14,-0.85,1.09,0.11,0.33626,-0.05104,-0.16803,-0.92525,-0.86,1.06,0.06,0.33626,-0.05104,-0.16803,-0.92525,-0.82,1.07,0.09,0.41172,-0.15834,0.52844,-0.72537,-0.8,1.09,0.11,0.18276,0.00574,0.47402,-0.86132,-0.8,1.1,0.14,0.07366,0.02057,0.54736,-0.8334,-0.8,1.1,0.16,0.07366,0.02057,0.54736,-0.8334,-0.84,1.08,0.09,0.33626,-0.05104,-0.16803,-0.92525,-0.83,1.12,0.13,0.00522,-0.09247,-0.1018,-0.99048,-0.83,1.12,0.17,-0.43298,-0.13279,-0.07591,-0.88833,-0.82,1.1,0.18,-0.6014,-0.11773,-0.05409,-0.78837,-0.82,1.08,0.19,-0.6014,-0.11773,-0.05409,-0.78837,-0.85,1.07,0.09,0.33626,-0.05104,-0.16803,-0.92525,-0.86,1.12,0.13,0.0367,-0.08729,-0.16208,-0.98222,-0.85,1.12,0.18,-0.3892,-0.14972,-0.1216,-0.90073,-0.84,1.1,0.19,-0.58226,-0.15534,-0.14701,-0.78436,-0.83,1.08,0.2,-0.58226,-0.15534,-0.14701,-0.78436,-0.87,1.07,0.09,0.33626,-0.05104,-0.16803,-0.92525,-0.87,1.1,0.13,0.10761,-0.06688,-0.2229,-0.96657,-0.87,1.11,0.17,-0.34209,-0.17709,-0.20674,-0.89937,-0.86,1.1,0.19,-0.5697,-0.24699,-0.17645,-0.76375,-0.84,1.08,0.2,-0.5697,-0.24699,-0.17645,-0.76375,-0.88,1.07,0.1,0.27442,0.00775,-0.40048,-0.87421,-0.89,1.09,0.13,0.1578,-0.05782,-0.30574,-0.93716,-0.89,1.1,0.16,-0.29085,-0.18134,-0.3188,-0.88368,-0.88,1.09,0.18,-0.50305,-0.30263,-0.26988,-0.76324,-0.86,1.08,0.19,-0.50305,-0.30263,-0.26988,-0.76324,-0.71,1.1,0.12,-0.32958,-0.17345,-0.10838,0.92171,-0.69,1.06,0.07,-0.32958,-0.17345,-0.10838,0.92171,-0.73,1.07,0.09,-0.48475,-0.21951,0.52855,0.66141,-0.75,1.08,0.11,-0.31552,-0.09171,0.48656,0.80951,-0.77,1.1,0.13,-0.22957,-0.0701,0.57188,0.78444,-0.78,1.1,0.15,-0.22957,-0.0701,0.57188,0.78444,-0.72,1.08,0.09,-0.32958,-0.17345,-0.10838,0.92171,-0.73,1.12,0.13,-0.06584,-0.20103,-0.00838,0.97733,-0.75,1.12,0.17,0.37929,-0.19041,0.05705,0.90367,-0.75,1.1,0.18,0.54562,-0.1493,0.08518,0.82022,-0.76,1.08,0.19,0.54562,-0.1493,0.08518,0.82022,-0.7,1.07,0.1,-0.32958,-0.17345,-0.10838,0.92171,-0.71,1.12,0.14,-0.08109,-0.18053,-0.07875,0.97705,-0.73,1.12,0.18,0.36497,-0.19882,-0.00261,0.90954,-0.74,1.11,0.2,0.55739,-0.17939,-0.02171,0.81035,-0.74,1.09,0.2,0.55739,-0.17939,-0.02171,0.81035,-0.68,1.07,0.1,-0.32958,-0.17345,-0.10838,0.92171,-0.69,1.11,0.14,-0.14204,-0.15208,-0.15203,0.96622,-0.7,1.12,0.18,0.38785,-0.22931,-0.08824,0.88837,-0.72,1.1,0.19,0.63276,-0.264,-0.04459,0.72659,-0.73,1.08,0.2,0.63276,-0.264,-0.04459,0.72659,-0.68,1.07,0.11,-0.25105,-0.10877,-0.33882,0.90019,-0.68,1.09,0.15,-0.25935,-0.09832,-0.25077,0.92746,-0.68,1.11,0.17,0.35317,-0.23881,-0.22254,0.87677,-0.69,1.1,0.18,0.62887,-0.3425,-0.13817,0.6842,-0.71,1.08,0.19,0.62887,-0.3425,-0.13817,0.6842,-0.81,1.08,0.19
-0.8,1.43,-0.14,-0.8,1.43,-0.14,-0.85,1.09,0.11,0.32997,-0.04964,-0.17081,-0.92708,-0.86,1.06,0.06,0.32997,-0.04964,-0.17081,-0.92708,-0.82,1.08,0.09,0.40731,-0.15789,0.52538,-0.73017,-0.8,1.09,0.11,0.17994,0.00417,0.4706,-0.8638,-0.8,1.1,0.14,0.07239,0.0174,0.54431,-0.83557,-0.8,1.1,0.17,0.07239,0.0174,0.54431,-0.83557,-0.84,1.08,0.09,0.32997,-0.04964,-0.17081,-0.92708,-0.83,1.12,0.13,-0.0075,-0.0935,-0.10368,-0.99018,-0.83,1.12,0.17,-0.44472,-0.13425,-0.07712,-0.88219,-0.82,1.1,0.18,-0.61151,-0.11932,-0.05467,-0.78027,-0.82,1.08,0.19,-0.61151,-0.11932,-0.05467,-0.78027,-0.85,1.07,0.09,0.32997,-0.04964,-0.17081,-0.92708,-0.86,1.12,0.13,0.02459,-0.08791,-0.16434,-0.98217,-0.85,1.12,0.18,-0.40568,-0.15185,-0.12245,-0.89296,-0.84,1.1,0.19,-0.60025,-0.15687,-0.14667,-0.77044,-0.83,1.08,0.2,-0.60025,-0.15687,-0.14667,-0.77044,-0.87,1.07,0.09,0.32997,-0.04964,-0.17081,-0.92708,-0.87,1.1,0.14,0.09664,-0.06703,-0.22522,-0.96718,-0.87,1.11,0.17,-0.35804,-0.17916,-0.20786,-0.89247,-0.86,1.1,0.19,-0.58679,-0.24943,-0.17641,-0.7499,-0.84,1.08,0.2,-0.58679,-0.24943,-0.17641,-0.7499,-0.88,1.07,0.1,0.2682,0.01061,-0.40269,-0.8751,-0.89,1.09,0.13,0.14932,-0.05709,-0.30826,-0.93777,-0.89,1.1,0.16,-0.30328,-0.18277,-0.3205,-0.87857,-0.88,1.09,0.18,-0.51862,-0.30588,-0.26993,-0.7514,-0.86,1.07,0.19,-0.51862,-0.30588,-0.26993,-0.7514,-0.7,1.09,0.12,-0.34661,-0.17035,-0.12238,0.91426,-0.68,1.06,0.07,-0.34661,-0.17035,-0.12238,0.91426,-0.72,1.07,0.09,-0.46503,-0.20098,0.55725,0.6579,-0.75,1.08,0.11,-0.30189,-0.06656,0.51075,0.80222,-0.76,1.1,0.14,-0.21608,-0.04595,0.59263,0.77459,-0.77,1.1,0.16,-0.21608,-0.04595,0.59263,0.77459,-0.71,1.07,0.1,-0.34661,-0.17035,-0.12238,0.91426,-0.73,1.12,0.13,-0.04287,-0.19621,-0.01711,0.97947,-0.74,1.12,0.17,0.40232,-0.1893,0.04728,0.89446,-0.75,1.1,0.18,0.56515,-0.15,0.07574,0.80769,-0.75,1.08,0.19,0.56515,-0.15,0.07574,0.80769,-0.7,1.07,0.1,-0.34661,-0.17035,-0.12238,0.91426,-0.71,1.12,0.14,-0.05496,-0.18586,-0.08447,0.97739,-0.72,1.12,0.18,0.38742,-0.2058,-0.00564,0.89862,-0.73,1.1,0.19,0.57744,-0.18532,-0.02274,0.79479,-0.74,1.08,0.2,0.57744,-0.18532,-0.02274,0.79479,-0.68,1.07,0.1,-0.34661,-0.17035,-0.12238,0.91426,-0.69,1.11,0.14,-0.11956,-0.16208,-0.15872,0.96656,-0.7,1.12,0.18,0.40409,-0.24008,-0.08991,0.87806,-0.71,1.1,0.19,0.64557,-0.27418,-0.04327,0.71147,-0.73,1.08,0.19,0.64557,-0.27418,-0.04327,0.71147,-0.67,1.07,0.11,-0.26635,-0.1106,-0.35327,0.88996,-0.68,1.09,0.15,-0.24862,-0.11354,-0.26203,0.92555,-0.68,1.11,0.17,0.36219,-0.25685,-0.22221,0.86803,-0.69,1.1,0.18,0.63292,-0.35866,-0.13253,0.67321,-0.7,1.08,0.18,0.63292,-0.35866,-0.13253,0.67321,-0.81,1.08,0.19
-0.8,1.43,-0.14,-0.8,1.43,-0.14,-0.85,1.09,0.11,0.32234,-0.05086,-0.1698,-0.92988,-0.86,1.06,0.06,0.32234,-0.05086,-0.1698,-0.92988,-0.82,1.08,0.09,0.40163,-0.1616,0.5255,-0.73242,-0.8,1.09,0.11,0.17481,0.00055,0.47179,-0.86421,-0.8,1.1,0.14,0.06883,0.01262,0.54573,-0.83503,-0.8,1.1,0.17,0.06883,0.01262,0.54573,-0.83503,-0.84,1.08,0.09,0.32234,-0.05086,-0.1698,-0.92988,-0.83,1.12,0.13,-0.02141,-0.09631,-0.10064,-0.99002,-0.83,1.12,0.17,-0.45583,-0.13497,-0.07344,-0.8767,-0.82,1.1,0.18,-0.61977,-0.11911,-0.05085,-0.77402,-0.81,1.08,0.19,-0.61977,-0.11911,-0.05085,-0.77402,-0.85,1.07,0.09,0.32234,-0.05086,-0.1698,-0.92988,-0.86,1.12,0.14,0.01291,-0.08942,-0.16241,-0.98258,-0.85,1.12,0.18,-0.42019,-0.15273,-0.11943,-0.88648,-0.84,1.1,0.19,-0.61523,-0.15631,-0.14302,-0.75935,-0.83,1.08,0.2,-0.61523,-0.15631,-0.14302,-0.75935,-0.87,1.07,0.09,0.32234,-0.05086,-0.1698,-0.92988,-0.87,1.1,0.14,0.08478,-0.0681,-0.22358,-0.9686,-0.87,1.11,0.17,-0.37425,-0.17999,-0.20523,-0.88624,-0.86,1.09,0.19,-0.60347,-0.24949,-0.17334,-0.73725,-0.84,1.08,0.2,-0.60347,-0.24949,-0.17334,-0.73725,-0.88,1.07,0.1,0.26065,0.01143,-0.4012,-0.87805,-0.89,1.09,0.14,0.13973,-0.05703,-0.30705,-0.93965,-0.89,1.09,0.16,-0.31673,-0.18284,-0.31874,-0.87445,-0.87,1.09,0.18,-0.5339,-0.30639,-0.26763,-0.74125,-0.86,1.07,0.19,-0.5339,-0.30639,-0.26763,-0.74125,-0.7,1.09,0.12,-0.34408,-0.17173,-0.12654,0.91439,-0.68,1.05,0.07,-0.34408,-0.17173,-0.12654,0.91439,-0.72,1.07,0.1,-0.44111,-0.20842,0.57731,0.65475,-0.75,1.08,0.11,-0.28214,-0.06871,0.53298,0.79474,-0.76,1.09,0.14,-0.20076,-0.05124,0.61328,0.76221,-0.77,1.1,0.16,-0.20076,-0.05124,0.61328,0.76221,-0.71,1.07,0.1,-0.34408,-0.17173,-0.12654,0.91439,-0.73,1.12,0.13,-0.02574,-0.19819,-0.01799,0.97966,-0.74,1.12,0.17,0.41182,-0.19133,0.04599,0.88977,-0.75,1.1,0.18,0.57171,-0.15233,0.07473,0.80272,-0.75,1.08,0.19,0.57171,-0.15233,0.07473,0.80272,-0.7,1.07,0.1,-0.34408,-0.17173,-0.12654,0.91439,-0.71,1.12,0.14,-0.03778,-0.18959,-0.08514,0.97744,-0.72,1.12,0.18,0.39317,-0.20916,-0.00686,0.89533,-0.73,1.1,0.19,0.57992,-0.18857,-0.02344,0.7922,-0.74,1.08,0.2,0.57992,-0.18857,-0.02344,0.7922,-0.68,1.07,0.1,-0.34408,-0.17173,-0.12654,0.91439,-0.69,1.11,0.14,-0.10397,-0.16665,-0.15983,0.96741,-0.7,1.12,0.18,0.4014,-0.24237,-0.09297,0.87835,-0.71,1.1,0.19,0.64028,-0.27733,-0.04628,0.71483,-0.73,1.08,0.19,0.64028,-0.27733,-0.04628,0.71483,-0.67,1.07,0.11,-0.26302,-0.11147,-0.35695,0.88937,-0.68,1.09,0.15,-0.23714,-0.11846,-0.26475,0.92717,-0.68,1.11,0.17,0.36338,-0.25921,-0.22386,0.8664,-0.69,1.1,0.18,0.62759,-0.36049,-0.13607,0.6765,-0.7,1.08,0.18,0.62759,-0.36049,-0.13607,0.6765,-0.81,1.08,0.19
-0.8,1.43,-0.15,-0.8,1.43,-0.15,-0.85,1.09,0.11,0.31851,-0.06243,-0.15825,-0.93253,-0.86,1.06,0.06,0.31851,-0.06243,-0.15825,-0.93253,-0.82,1.07,0.09,0.39975,-0.17279,0.53492,-0.72402,-0.8,1.09,0.11,0.17289,-0.00629,0.48497,-0.85725,-0.8,1.1,0.14,0.06745,0.00725,0.55878,-0.82654,-0.79,1.1,0.17,0.06745,0.00725,0.55878,-0.82654,-0.84,1.08,0.09,0.31851,-0.06243,-0.15825,-0.93253,-0.83,1.12,0.13,-0.02972,-0.10576,-0.0835,-0.99043,-0.82,1.12,0.17,-0.45996,-0.13548,-0.05455,-0.87585,-0.82,1.1,0.18,-0.62019,-0.11575,-0.03264,-0.77518,-0.81,1.08,0.19,-0.62019,-0.11575,-0.03264,-0.77518,-0.85,1.07,0.09,0.31851,-0.06243,-0.15825,-0.93253,-0.85,1.11,0.14,0.00672,-0.09738,-0.14735,-0.98426,-0.85,1.12,0.18,-0.42882,-0.15345,-0.10206,-0.88439,-0.84,1.1,0.19,-0.62413,-0.15263,-0.12583,-0.75586,-0.83,1.07,0.2,-0.62413,-0.15263,-0.12583,-0.75586,-0.87,1.07,0.09,0.31851,-0.06243,-0.15825,-0.93253,-0.87,1.1,0.14,0.0759,-0.07645,-0.20972,-0.97181,-0.87,1.11,0.17,-0.38809,-0.18142,-0.18862,-0.88368,-0.85,1.09,0.19,-0.61883,-0.24626,-0.15678,-0.72927,-0.84,1.07,0.19,-0.61883,-0.24626,-0.15678,-0.72927,-0.87,1.07,0.1,0.25612,0.0016,-0.38982,-0.88456,-0.88,1.09,0.14,0.13086,-0.06435,-0.29492,-0.94433,-0.88,1.1,0.16,-0.33172,-0.18456,-0.30405,-0.87376,-0.87,1.09,0.18,-0.55138,-0.30471,-0.25282,-0.73431,-0.86,1.07,0.18,-0.55138,-0.30471,-0.25282,-0.73431,-0.7,1.09,0.12,-0.33615,-0.17043,-0.12422,0.91789,-0.68,1.05,0.07,-0.33615,-0.17043,-0.12422,0.91789,-0.72,1.07,0.1,-0.42301,-0.21545,0.58882,0.65416,-0.75,1.08,0.11,-0.26373,-0.07058,0.54687,0.79145,-0.76,1.09,0.14,-0.18245,-0.0537,0.62593,0.75633,-0.77,1.09,0.16,-0.18245,-0.0537,0.62593,0.75633,-0.71,1.07,0.1,-0.33615,-0.17043,-0.12422,0.91789,-0.73,1.11,0.13,-0.01411,-0.1957,-0.01621,0.98043,-0.74,1.12,0.17,0.40854,-0.18872,0.04342,0.89196,-0.75,1.1,0.18,0.56485,-0.15055,0.07076,0.80826,-0.75,1.08,0.19,0.56485,-0.15055,0.07076,0.80826,-0.7,1.07,0.1,-0.33615,-0.17043,-0.12422,0.91789,-0.71,1.11,0.14,-0.02546,-0.18785,-0.08244,0.9784,-0.72,1.12,0.18,0.39172,-0.20618,-0.00817,0.89665,-0.73,1.1,0.19,0.57207,-0.18627,-0.02626,0.79834,-0.74,1.08,0.2,0.57207,-0.18627,-0.02626,0.79834,-0.68,1.07,0.1,-0.33615,-0.17043,-0.12422,0.91789,-0.69,1.11,0.14,-0.09575,-0.16433,-0.15756,0.96902,-0.7,1.11,0.18,0.39659,-0.23769,-0.09549,0.88153,-0.71,1.1,0.19,0.63171,-0.27375,-0.05136,0.72344,-0.73,1.08,0.2,0.63171,-0.27375,-0.05136,0.72344,-0.67,1.07,0.11,-0.25588,-0.10804,-0.35434,0.89292,-0.67,1.09,0.15,-0.22977,-0.11501,-0.2623,0.93015,-0.68,1.11,0.17,0.35897,-0.25155,-0.22693,0.86969,-0.69,1.1,0.18,0.62091,-0.35393,-0.14301,0.68465,-0.7,1.08,0.19,0.62091,-0.35393,-0.14301,0.68465,-0.81,1.08,0.19
-0.8,1.43,-0.15,-0.8,1.43,-0.15,-0.85,1.09,0.11,0.32071,-0.0667,-0.15423,-0.93215,-0.86,1.06,0.06,0.32071,-0.0667,-0.15423,-0.93215,-0.82,1.07,0.09,0.40358,-0.17405,0.537,-0.72004,-0.8,1.09,0.11,0.17414,-0.00526,0.48775,-0.85542,-0.8,1.1,0.14,0.06817,0.00903,0.56131,-0.82474,-0.79,1.1,0.17,0.06817,0.00903,0.56131,-0.82474,-0.84,1.08,0.09,0.32071,-0.0667,-0.15423,-0.93215,-0.83,1.12,0.13,-0.0279,-0.10995,-0.07688,-0.99057,-0.82,1.12,0.17,-0.45609,-0.13628,-0.04715,-0.87817,-0.82,1.1,0.18,-0.61437,-0.11504,-0.02574,-0.78016,-0.81,1.08,0.19,-0.61437,-0.11504,-0.02574,-0.78016,-0.85,1.07,0.09,0.32071,-0.0667,-0.15423,-0.93215,-0.85,1.12,0.14,0.00952,-0.1003,-0.14217,-0.9847,-0.84,1.12,0.18,-0.42728,-0.15391,-0.096,-0.88574,-0.84,1.1,0.19,-0.62357,-0.15186,-0.11985,-0.75745,-0.83,1.08,0.2,-0.62357,-0.15186,-0.11985,-0.75745,-0.87,1.07,0.09,0.32071,-0.0667,-0.15423,-0.93215,-0.87,1.1,0.14,0.0767,-0.07937,-0.20515,-0.97249,-0.86,1.11,0.17,-0.38929,-0.18218,-0.18298,-0.88419,-0.85,1.09,0.19,-0.62139,-0.24554,-0.15092,-0.72857,-0.84,1.07,0.19,-0.62139,-0.24554,-0.15092,-0.72857,-0.88,1.07,0.1,0.25794,-0.00297,-0.38608,-0.88566,-0.88,1.09,0.14,0.12934,-0.06633,-0.29151,-0.94546,-0.88,1.1,0.16,-0.33462,-0.18489,-0.30002,-0.87398,-0.87,1.09,0.18,-0.55431,-0.30386,-0.24904,-0.73375,-0.86,1.07,0.18,-0.55431,-0.30386,-0.24904,-0.73375,-0.7,1.09,0.12,-0.34033,-0.17103,-0.12518,0.91611,-0.68,1.05,0.07,-0.34033,-0.17103,-0.12518,0.91611,-0.72,1.07,0.1,-0.41718,-0.2069,0.59743,0.65286,-0.75,1.08,0.11,-0.25603,-0.05732,0.55404,0.79007,-0.76,1.09,0.14,-0.17022,-0.03796,0.63149,0.75552,-0.77,1.09,0.16,-0.17022,-0.03796,0.63149,0.75552,-0.71,1.07,0.1,-0.34033,-0.17103,-0.12518,0.91611,-0.73,1.11,0.13,-0.00872,-0.19541,-0.01556,0.98056,-0.74,1.12,0.17,0.40724,-0.18834,0.04253,0.89268,-0.75,1.1,0.18,0.55946,-0.15064,0.06889,0.81213,-0.75,1.08,0.19,0.55946,-0.15064,0.06889,0.81213,-0.7,1.07,0.1,-0.34033,-0.17103,-0.12518,0.91611,-0.71,1.12,0.14,-0.02437,-0.18944,-0.08198,0.97816,-0.72,1.12,0.18,0.39088,-0.2074,-0.00748,0.89674,-0.73,1.1,0.19,0.57008,-0.18743,-0.02552,0.79952,-0.74,1.08,0.2,0.57008,-0.18743,-0.02552,0.79952,-0.68,1.07,0.1,-0.34033,-0.17103,-0.12518,0.91611,-0.69,1.11,0.14,-0.09764,-0.16628,-0.15779,0.96846,-0.7,1.11,0.18,0.39637,-0.23973,-0.09428,0.88121,-0.71,1.1,0.19,0.63178,-0.27536,-0.04952,0.72289,-0.73,1.08,0.2,0.63178,-0.27536,-0.04952,0.72289,-0.67,1.07,0.11,-0.2597,-0.10975,-0.35547,0.89115,-0.67,1.09,0.15,-0.22965,-0.11852,-0.26283,0.92959,-0.68,1.11,0.17,0.35664,-0.25414,-0.22588,0.87017,-0.69,1.1,0.18,0.62,-0.3562,-0.14054,0.68482,-0.7,1.08,0.18,0.62,-0.3562,-0.14054,0.68482,-0.81,1.08,0.19
-0.8,1.43,-0.15,-0.8,1.43,-0.15,-0.85,1.09,0.11,0.31536,-0.06271,-0.1699,-0.93153,-0.86,1.06,0.06,0.31536,-0.06271,-0.1699,-0.93153,-0.82,1.08,0.09,0.40791,-0.17244,0.519,-0.7311,-0.8,1.09,0.11,0.17388,-0.00883,0.46915,-0.86579,-0.8,1.1,0.14,0.06708,0.00394,0.54392,-0.83644,-0.79,1.1,0.16,0.06708,0.00394,0.54392,-0.83644,-0.84,1.08,0.09,0.31536,-0.06271,-0.1699,-0.93153,-0.83,1.12,0.13,-0.03163,-0.11233,-0.09284,-0.98882,-0.82,1.12,0.17,-0.45739,-0.14514,-0.06069,-0.87524,-0.82,1.1,0.18,-0.6147,-0.12624,-0.03748,-0.77769,-0.81,1.08,0.19,-0.6147,-0.12624,-0.03748,-0.77769,-0.85,1.07,0.09,0.31536,-0.06271,-0.1699,-0.93153,-0.85,1.11,0.14,0.01011,-0.10018,-0.159,-0.98213,-0.85,1.12,0.18,-0.42772,-0.16149,-0.11074,-0.88245,-0.84,1.1,0.19,-0.62405,-0.16253,-0.13221,-0.75277,-0.83,1.08,0.2,-0.62405,-0.16253,-0.13221,-0.75277,-0.87,1.07,0.09,0.31536,-0.06271,-0.1699,-0.93153,-0.87,1.1,0.14,0.07585,-0.07694,-0.22193,-0.96906,-0.87,1.11,0.17,-0.38936,-0.1881,-0.19855,-0.87954,-0.85,1.09,0.19,-0.61943,-0.25542,-0.16419,-0.72396,-0.84,1.07,0.2,-0.61943,-0.25542,-0.16419,-0.72396,-0.88,1.07,0.1,0.2514,0.00163,-0.40044,-0.88116,-0.88,1.09,0.14,0.12451,-0.06163,-0.30798,-0.94119,-0.88,1.09,0.17,-0.33427,-0.18721,-0.31676,-0.86768,-0.87,1.08,0.18,-0.54753,-0.30929,-0.26585,-0.73067,-0.86,1.07,0.19,-0.54753,-0.30929,-0.26585,-0.73067,-0.7,1.09,0.12,-0.35062,-0.1722,-0.12089,0.91258,-0.68,1.05,0.07,-0.35062,-0.1722,-0.12089,0.91258,-0.72,1.07,0.1,-0.42315,-0.1995,0.60204,0.64706,-0.75,1.08,0.11,-0.2621,-0.04841,0.55713,0.78649,-0.76,1.09,0.14,-0.17668,-0.02907,0.63399,0.75233,-0.77,1.1,0.16,-0.17668,-0.02907,0.63399,0.75233,-0.71,1.07,0.09,-0.35062,-0.1722,-0.12089,0.91258,-0.73,1.12,0.13,-0.01666,-0.19345,-0.01148,0.9809,-0.74,1.12,0.16,0.40154,-0.18499,0.04572,0.8958,-0.75,1.1,0.18,0.55271,-0.14693,0.07096,0.81724,-0.75,1.08,0.19,0.55271,-0.14693,0.07096,0.81724,-0.7,1.07,0.1,-0.35062,-0.1722,-0.12089,0.91258,-0.71,1.12,0.14,-0.03423,-0.18934,-0.07758,0.97824,-0.72,1.12,0.17,0.3846,-0.20559,-0.00293,0.89989,-0.73,1.1,0.19,0.56707,-0.18508,-0.02122,0.80232,-0.74,1.08,0.2,0.56707,-0.18508,-0.02122,0.80232,-0.68,1.07,0.1,-0.35062,-0.1722,-0.12089,0.91258,-0.69,1.11,0.14,-0.10752,-0.16762,-0.15339,0.96789,-0.7,1.12,0.18,0.39324,-0.23964,-0.08825,0.88326,-0.71,1.1,0.19,0.63283,-0.27365,-0.04275,0.72306,-0.73,1.08,0.19,0.63283,-0.27365,-0.04275,0.72306,-0.67,1.07,0.11,-0.27009,-0.11343,-0.35202,0.88897,-0.68,1.09,0.14,-0.23537,-0.12384,-0.25834,0.92872,-0.68,1.11,0.17,0.35192,-0.25641,-0.21916,0.87314,-0.69,1.1,0.18,0.61992,-0.35663,-0.13183,0.68639,-0.7,1.08,0.18,0.61992,-0.35663,-0.13183,0.68639,-0.81,1.08,0.19
-0.8,1.43,-0.15,-0.8,1.43,-0.15,-0.85,1.09,0.11,0.31115,-0.05599,-0.18645,-0.93021,-0.86,1.06,0.06,0.31115,-0.05599,-0.18645,-0.93021,-0.83,1.08,0.09,0.41014,-0.16938,0.50201,-0.74235,-0.8,1.09,0.11,0.17142,-0.01039,0.45117,-0.87576,-0.8,1.1,0.14,0.06459,9e-05,0.5269,-0.84747,-0.8,1.1,0.17,0.06459,9e-05,0.5269,-0.84747,-0.84,1.08,0.09,0.31115,-0.05599,-0.18645,-0.93021,-0.84,1.12,0.13,-0.03448,-0.11067,-0.11188,-0.98694,-0.83,1.12,0.17,-0.45945,-0.15181,-0.07847,-0.87161,-0.82,1.1,0.18,-0.61644,-0.13611,-0.05362,-0.77369,-0.81,1.08,0.19,-0.61644,-0.13611,-0.05362,-0.77369,-0.85,1.07,0.09,0.31115,-0.05599,-0.18645,-0.93021,-0.86,1.11,0.14,0.01211,-0.09628,-0.17832,-0.97918,-0.85,1.12,0.18,-0.42898,-0.16725,-0.1289,-0.87829,-0.84,1.1,0.19,-0.62498,-0.17215,-0.14826,-0.74685,-0.83,1.08,0.2,-0.62498,-0.17215,-0.14826,-0.74685,-0.87,1.07,0.09,0.31115,-0.05599,-0.18645,-0.93021,-0.87,1.1,0.14,0.07689,-0.07123,-0.24054,-0.96496,-0.87,1.11,0.18,-0.38773,-0.19221,-0.21712,-0.87497,-0.86,1.09,0.19,-0.6151,-0.26433,-0.18098,-0.72044,-0.84,1.07,0.2,-0.6151,-0.26433,-0.18098,-0.72044,-0.88,1.06,0.1,0.24642,0.00851,-0.41572,-0.87543,-0.89,1.08,0.14,0.12129,-0.056,-0.32516,-0.93618,-0.89,1.09,0.17,-0.33021,-0.18834,-0.33489,-0.86217,-0.87,1.08,0.18,-0.53549,-0.31317,-0.28491,-0.73076,-0.86,1.07,0.19,-0.53549,-0.31317,-0.28491,-0.73076,-0.71,1.09,0.12,-0.31416,-0.17428,-0.08844,0.92903,-0.69,1.06,0.07,-0.31416,-0.17428,-0.08844,0.92903,-0.73,1.07,0.1,-0.41215,-0.24704,0.59935,0.64022,-0.75,1.07,0.11,-0.25536,-0.09905,0.56607,0.77753,-0.77,1.08,0.14,-0.19091,-0.09286,0.64492,0.73417,-0.78,1.09,0.16,-0.19091,-0.09286,0.64492,0.73417,-0.72,1.07,0.1,-0.31416,-0.17428,-0.08844,0.92903,-0.74,1.11,0.14,-0.12335,-0.1984,-0.00604,0.97231,-0.75,1.12,0.17,0.1929,-0.19467,0.03119,0.96121,-0.76,1.11,0.19,0.33513,-0.16217,0.04772,0.92688,-0.76,1.1,0.21,0.33513,-0.16217,0.04772,0.92688,-0.7,1.07,0.1,-0.31416,-0.17428,-0.08844,0.92903,-0.72,1.11,0.14,-0.09582,-0.17225,-0.06577,0.97817,-0.73,1.12,0.18,0.31795,-0.18591,-0.00149,0.9297,-0.74,1.11,0.2,0.51521,-0.16968,-0.02414,0.83975,-0.75,1.09,0.21,0.51521,-0.16968,-0.02414,0.83975,-0.69,1.07,0.11,-0.31416,-0.17428,-0.08844,0.92903,-0.7,1.1,0.15,-0.14099,-0.14303,-0.13551,0.97021,-0.71,1.12,0.18,0.36475,-0.21088,-0.0846,0.90296,-0.72,1.1,0.2,0.61796,-0.24616,-0.04531,0.7453,-0.73,1.08,0.2,0.61796,-0.24616,-0.04531,0.7453,-0.68,1.07,0.11,-0.23862,-0.10499,-0.31886,0.91125,-0.68,1.09,0.15,-0.2389,-0.10035,-0.22893,0.93832,-0.68,1.11,0.17,0.33941,-0.21781,-0.21196,0.89018,-0.69,1.1,0.19,0.61705,-0.3191,-0.13673,0.70621,-0.71,1.08,0.19,0.61705,-0.3191,-0.13673,0.70621,-0.81,1.08,0.19
-0.8,1.43,-0.15,-0.8,1.43,-0.15,-0.85,1.09,0.11,0.31095,-0.05593,-0.18685,-0.9302,-0.86,1.06,0.06,0.31095,-0.05593,-0.18685,-0.9302,-0.82,1.08,0.09,0.40892,-0.17264,0.50285,-0.7417,-0.8,1.09,0.11,0.16838,-0.01218,0.45321,-0.87527,-0.8,1.1,0.14,0.05954,-0.00039,0.52872,-0.84671,-0.8,1.1,0.16,0.05954,-0.00039,0.52872,-0.84671,-0.84,1.08,0.09,0.31095,-0.05593,-0.18685,-0.9302,-0.83,1.12,0.13,-0.03359,-0.10775,-0.11459,-0.98698,-0.83,1.12,0.17,-0.4617,-0.15066,-0.08162,-0.87033,-0.82,1.1,0.18,-0.6192,-0.13562,-0.05672,-0.77135,-0.81,1.08,0.19,-0.6192,-0.13562,-0.05672,-0.77135,-0.85,1.07,0.09,0.31095,-0.05593,-0.18685,-0.9302,-0.86,1.11,0.14,0.01541,-0.09376,-0.18034,-0.979,-0.85,1.12,0.18,-0.43192,-0.16683,-0.13071,-0.87666,-0.84,1.1,0.19,-0.62844,-0.17206,-0.14991,-0.74363,-0.83,1.08,0.2,-0.62844,-0.17206,-0.14991,-0.74363,-0.87,1.07,0.09,0.31095,-0.05593,-0.18685,-0.9302,-0.87,1.1,0.14,0.07804,-0.06922,-0.24193,-0.96467,-0.87,1.11,0.17,-0.38821,-0.19156,-0.21893,-0.87445,-0.86,1.09,0.19,-0.61471,-0.26408,-0.18308,-0.72034,-0.84,1.07,0.2,-0.61471,-0.26408,-0.18308,-0.72034,-0.88,1.06,0.1,0.24618,0.0086,-0.41608,-0.87533,-0.89,1.08,0.14,0.12018,-0.05518,-0.32597,-0.93609,-0.88,1.09,0.17,-0.32801,-0.18676,-0.33648,-0.86273,-0.87,1.08,0.18,-0.53054,-0.31107,-0.28785,-0.7341,-0.86,1.07,0.19,-0.53054,-0.31107,-0.28785,-0.7341,-0.72,1.09,0.13,-0.23288,-0.17587,-0.03754,0.95573,-0.69,1.06,0.07,-0.23288,-0.17587,-0.03754,0.95573,-0.73,1.07,0.1,-0.39828,-0.31514,0.56184,0.65299,-0.76,1.07,0.11,-0.25083,-0.186,0.5398,0.78173,-0.78,1.08,0.14,-0.22551,-0.20609,0.61781,0.72456,-0.79,1.08,0.16,-0.22551,-0.20609,0.61781,0.72456,-0.72,1.07,0.1,-0.23288,-0.17587,-0.03754,0.95573,-0.74,1.1,0.14,-0.11206,-0.24209,0.04136,0.96287,-0.76,1.11,0.18,0.08129,-0.23048,0.06147,0.96773,-0.77,1.1,0.2,0.16855,-0.19901,0.06721,0.96305,-0.78,1.1,0.22,0.16855,-0.19901,0.06721,0.96305,-0.71,1.07,0.1,-0.23288,-0.17587,-0.03754,0.95573,-0.72,1.1,0.15,-0.14663,-0.14825,-0.03962,0.97722,-0.74,1.12,0.19,0.28951,-0.15365,0.01546,0.94464,-0.74,1.1,0.21,0.54607,-0.13409,-0.01144,0.82686,-0.75,1.08,0.22,0.54607,-0.13409,-0.01144,0.82686,-0.69,1.07,0.11,-0.23288,-0.17587,-0.03754,0.95573,-0.7,1.1,0.15,-0.19302,-0.10108,-0.10296,0.97053,-0.71,1.11,0.19,0.37395,-0.16439,-0.06805,0.91022,-0.72,1.1,0.2,0.67766,-0.19622,-0.03446,0.70787,-0.73,1.07,0.21,0.67766,-0.19622,-0.03446,0.70787,-0.68,1.07,0.11,-0.16626,-0.08502,-0.26368,0.94636,-0.69,1.09,0.15,-0.24014,-0.051,-0.17677,0.95315,-0.69,1.1,0.18,0.3407,-0.14757,-0.19795,0.90718,-0.69,1.09,0.19,0.67535,-0.25703,-0.13241,0.67846,-0.71,1.07,0.19,0.67535,-0.25703,-0.13241,0.67846,-0.81,1.08,0.19
-0.8,1.43,-0.15,-0.8,1.43,-0.15,-0.85,1.09,0.11,0.31608,-0.06086,-0.16784,-0.93178,-0.86,1.06,0.06,0.31608,-0.06086,-0.16784,-0.93178,-0.82,1.07,0.09,0.40592,-0.17746,0.52185,-0.72898,-0.8,1.09,0.11,0.1659,-0.00903,0.47415,-0.86463,-0.8,1.1,0.14,0.05347,0.00725,0.54788,-0.83482,-0.79,1.1,0.16,0.05347,0.00725,0.54788,-0.83482,-0.83,1.08,0.09,0.31608,-0.06086,-0.16784,-0.93178,-0.83,1.12,0.13,-0.02671,-0.10313,-0.09688,-0.98958,-0.82,1.12,0.17,-0.4579,-0.13909,-0.06752,-0.87546,-0.82,1.1,0.18,-0.6166,-0.12164,-0.04506,-0.77652,-0.81,1.08,0.19,-0.6166,-0.12164,-0.04506,-0.77652,-0.85,1.07,0.09,0.31608,-0.06086,-0.16784,-0.93178,-0.85,1.11,0.14,0.02191,-0.09126,-0.16187,-0.98234,-0.85,1.12,0.18,-0.4295,-0.15655,-0.1151,-0.88191,-0.84,1.1,0.19,-0.62771,-0.15882,-0.13729,-0.74961,-0.83,1.08,0.2,-0.62771,-0.15882,-0.13729,-0.74961,-0.87,1.07,0.09,0.31608,-0.06086,-0.16784,-0.93178,-0.87,1.1,0.14,0.08297,-0.06869,-0.22338,-0.96876,-0.87,1.11,0.17,-0.38645,-0.18266,-0.20289,-0.88098,-0.85,1.09,0.19,-0.61528,-0.25128,-0.17023,-0.72754,-0.84,1.07,0.19,-0.61528,-0.25128,-0.17023,-0.72754,-0.87,1.07,0.1,0.25276,0.00334,-0.39863,-0.88159,-0.88,1.09,0.14,0.12432,-0.05625,-0.30785,-0.9416,-0.88,1.09,0.16,-0.32526,-0.17925,-0.3206,-0.87137,-0.87,1.08,0.18,-0.53059,-0.29987,-0.27457,-0.74375,-0.86,1.07,0.19,-0.53059,-0.29987,-0.27457,-0.74375,-0.71,1.08,0.13,-0.16072,-0.16348,-0.00223,0.97336,-0.69,1.07,0.07,-0.16072,-0.16348,-0.00223,0.97336,-0.73,1.06,0.1,-0.37374,-0.34116,0.52434,0.68484,-0.76,1.07,0.11,-0.2255,-0.22183,0.50429,0.80351,-0.78,1.07,0.14,-0.2176,-0.25459,0.58004,0.74256,-0.79,1.07,0.16,-0.2176,-0.25459,0.58004,0.74256,-0.72,1.07,0.1,-0.16072,-0.16348,-0.00223,0.97336,-0.74,1.09,0.15,0.01057,-0.26021,0.09238,0.96106,-0.76,1.09,0.18,0.19936,-0.23551,0.11473,0.94426,-0.77,1.08,0.2,0.27729,-0.19861,0.12268,0.93199,-0.78,1.07,0.22,0.27729,-0.19861,0.12268,0.93199,-0.71,1.07,0.1,-0.16072,-0.16348,-0.00223,0.97336,-0.72,1.09,0.16,-0.1326,-0.12067,-0.01286,0.98371,-0.73,1.11,0.2,0.40014,-0.11354,0.03935,0.90854,-0.74,1.09,0.21,0.70432,-0.07522,0.00234,0.70588,-0.74,1.06,0.21,0.70432,-0.07522,0.00234,0.70588,-0.69,1.07,0.11,-0.16072,-0.16348,-0.00223,0.97336,-0.7,1.09,0.16,-0.21388,-0.0664,-0.071,0.97201,-0.71,1.11,0.19,0.43717,-0.12295,-0.05118,0.88947,-0.71,1.09,0.21,0.77501,-0.14773,-0.02796,0.6138,-0.72,1.06,0.2,0.77501,-0.14773,-0.02796,0.6138,-0.68,1.07,0.11,-0.1036,-0.05497,-0.22324,0.96768,-0.68,1.08,0.16,-0.22527,-0.01748,-0.13135,0.96524,-0.68,1.09,0.18,0.35194,-0.09236,-0.18022,0.91386,-0.69,1.08,0.2,0.72256,-0.2049,-0.13106,0.6471,-0.7,1.06,0.2,0.72256,-0.2049,-0.13106,0.6471,-0.81,1.08,0.19
-0.79,1.43,-0.15,-0.79,1.43,-0.15,-0.85,1.1,0.11,0.3394,-0.0677,-0.12931,-0.92925,-0.86,1.06,0.06,0.3394,-0.0677,-0.12931,-0.92925,-0.82,1.07,0.09,0.41216,-0.17107,0.557,-0.70044,-0.8,1.09,0.11,0.17706,0.00964,0.50779,-0.84304,-0.79,1.1,0.14,0.06146,0.03256,0.57793,-0.81312,-0.79,1.1,0.16,0.06146,0.03256,0.57793,-0.81312,-0.83,1.08,0.09,0.3394,-0.0677,-0.12931,-0.92925,-0.83,1.12,0.13,-0.00603,-0.09506,-0.05836,-0.99374,-0.82,1.12,0.17,-0.4394,-0.1155,-0.03662,-0.89008,-0.82,1.1,0.18,-0.59939,-0.09269,-0.01986,-0.79483,-0.81,1.08,0.19,-0.59939,-0.09269,-0.01986,-0.79483,-0.85,1.07,0.09,0.3394,-0.0677,-0.12931,-0.92925,-0.85,1.12,0.13,0.0422,-0.08715,-0.12325,-0.98764,-0.84,1.12,0.17,-0.41043,-0.13523,-0.08316,-0.89797,-0.83,1.1,0.19,-0.61134,-0.13219,-0.11202,-0.77217,-0.83,1.08,0.2,-0.61134,-0.13219,-0.11202,-0.77217,-0.87,1.07,0.09,0.3394,-0.0677,-0.12931,-0.92925,-0.87,1.11,0.13,0.1058,-0.06847,-0.18537,-0.97456,-0.86,1.11,0.17,-0.36871,-0.16529,-0.16966,-0.89886,-0.85,1.1,0.19,-0.60438,-0.22618,-0.14293,-0.75042,-0.84,1.08,0.19,-0.60438,-0.22618,-0.14293,-0.75042,-0.87,1.07,0.1,0.27937,-0.00776,-0.36396,-0.8885,-0.88,1.09,0.13,0.14877,-0.05946,-0.27097,-0.94916,-0.88,1.1,0.16,-0.30834,-0.16769,-0.28715,-0.89126,-0.87,1.09,0.18,-0.52346,-0.28135,-0.24393,-0.76637,-0.86,1.08,0.18,-0.52346,-0.28135,-0.24393,-0.76637,-0.71,1.08,0.13,-0.15485,-0.14587,-0.01282,0.97703,-0.69,1.07,0.07,-0.15485,-0.14587,-0.01282,0.97703,-0.73,1.07,0.1,-0.36618,-0.32371,0.5181,0.70192,-0.76,1.07,0.12,-0.22077,-0.20772,0.49206,0.81608,-0.78,1.08,0.14,-0.21339,-0.2422,0.56854,0.75668,-0.79,1.08,0.16,-0.21339,-0.2422,0.56854,0.75668,-0.72,1.07,0.1,-0.15485,-0.14587,-0.01282,0.97703,-0.74,1.09,0.15,0.03056,-0.25494,0.08565,0.96267,-0.76,1.09,0.19,0.23943,-0.22872,0.11214,0.9369,-0.77,1.08,0.2,0.33554,-0.18916,0.125,0.91433,-0.77,1.06,0.22,0.33554,-0.18916,0.125,0.91433,-0.71,1.07,0.1,-0.15485,-0.14587,-0.01282,0.97703,-0.72,1.1,0.16,-0.12067,-0.1044,-0.02289,0.98692,-0.73,1.11,0.2,0.42802,-0.10429,0.0241,0.89741,-0.73,1.09,0.21,0.74635,-0.06798,-0.01463,0.66191,-0.74,1.06,0.21,0.74635,-0.06798,-0.01463,0.66191,-0.69,1.07,0.11,-0.15485,-0.14587,-0.01282,0.97703,-0.7,1.09,0.16,-0.19916,-0.05028,-0.07933,0.97546,-0.7,1.11,0.19,0.45314,-0.11514,-0.06779,0.88137,-0.71,1.09,0.21,0.79895,-0.14678,-0.04426,0.58153,-0.72,1.06,0.2,0.79895,-0.14678,-0.04426,0.58153,-0.68,1.07,0.11,-0.10001,-0.03639,-0.23375,0.96646,-0.68,1.08,0.16,-0.22062,-0.00115,-0.13968,0.96531,-0.68,1.09,0.18,0.34364,-0.08092,-0.19661,0.91472,-0.69,1.08,0.2,0.7275,-0.20448,-0.14714,0.63818,-0.7,1.06,0.2,0.7275,-0.20448,-0.14714,0.63818,-0.81,1.08,0.19
-0.79,1.44,-0.15,-0.79,1.44,-0.15,-0.85,1.1,0.11,0.34148,-0.06256,-0.12918,-0.92886,-0.86,1.06,0.06,0.34148,-0.06256,-0.12918,-0.92886,-0.82,1.07,0.09,0.41107,-0.16538,0.55766,-0.70192,-0.8,1.09,0.11,0.17378,0.01676,0.50666,-0.84429,-0.79,1.1,0.14,0.05746,0.03925,0.57599,-0.81449,-0.79,1.1,0.16,0.05746,0.03925,0.57599,-0.81449,-0.83,1.08,0.09,0.34148,-0.06256,-0.12918,-0.92886,-0.83,1.12,0.13,-0.00759,-0.08979,-0.06006,-0.99412,-0.82,1.12,0.17,-0.43321,-0.1111,-0.04142,-0.89346,-0.82,1.1,0.18,-0.59127,-0.08915,-0.02595,-0.80111,-0.81,1.08,0.19,-0.59127,-0.08915,-0.02595,-0.80111,-0.85,1.07,0.09,0.34148,-0.06256,-0.12918,-0.92886,-0.85,1.12,0.13,0.03978,-0.0825,-0.12452,-0.98798,-0.84,1.12,0.17,-0.40479,-0.13087,-0.08755,-0.90075,-0.84,1.1,0.19,-0.60358,-0.12915,-0.11758,-0.77794,-0.83,1.08,0.2,-0.60358,-0.12915,-0.11758,-0.77794,-0.87,1.07,0.09,0.34148,-0.06256,-0.12918,-0.92886,-0.87,1.11,0.13,0.10603,-0.06383,-0.18645,-0.97464,-0.86,1.11,0.17,-0.36516,-0.16115,-0.1733,-0.90036,-0.85,1.1,0.19,-0.6001,-0.22319,-0.14775,-0.75381,-0.84,1.08,0.19,-0.6001,-0.22319,-0.14775,-0.75381,-0.87,1.07,0.09,0.28248,-0.00326,-0.36414,-0.88747,-0.88,1.09,0.13,0.15143,-0.05489,-0.27181,-0.94877,-0.88,1.1,0.16,-0.30534,-0.16418,-0.29002,-0.89202,-0.87,1.09,0.18,-0.52074,-0.2788,-0.24747,-0.76803,-0.86,1.08,0.18,-0.52074,-0.2788,-0.24747,-0.76803,-0.71,1.09,0.13,-0.19418,-0.14496,-0.04111,0.96932,-0.69,1.07,0.07,-0.19418,-0.14496,-0.04111,0.96932,-0.73,1.07,0.1,-0.40234,-0.29365,0.50611,0.70409,-0.76,1.08,0.11,-0.25525,-0.18225,0.47306,0.82331,-0.77,1.09,0.14,-0.24215,-0.21115,0.55342,0.76844,-0.79,1.09,0.16,-0.24215,-0.21115,0.55342,0.76844,-0.72,1.08,0.1,-0.19418,-0.14496,-0.04111,0.96932,-0.74,1.1,0.15,0.00582,-0.25953,0.06951,0.96321,-0.76,1.1,0.18,0.25223,-0.23329,0.10657,0.93306,-0.77,1.09,0.2,0.3715,-0.19115,0.12582,0.89979,-0.77,1.07,0.22,0.3715,-0.19115,0.12582,0.89979,-0.7,1.08,0.1,-0.19418,-0.14496,-0.04111,0.96932,-0.72,1.1,0.16,-0.15553,-0.10645,-0.05222,0.98069,-0.73,1.12,0.19,0.40495,-0.12214,0.00188,0.90614,-0.73,1.1,0.21,0.73795,-0.09433,-0.02817,0.66764,-0.74,1.07,0.21,0.73795,-0.09433,-0.02817,0.66764,-0.69,1.08,0.11,-0.19418,-0.14496,-0.04111,0.96932,-0.7,1.1,0.16,-0.23111,-0.05314,-0.11063,0.96516,-0.7,1.11,0.19,0.4247,-0.13834,-0.08897,0.89027,-0.71,1.1,0.21,0.78321,-0.17785,-0.05104,0.59359,-0.72,1.07,0.2,0.78321,-0.17785,-0.05104,0.59359,-0.68,1.07,0.11,-0.13444,-0.04524,-0.26508,0.95373,-0.68,1.09,0.15,-0.25046,-0.01002,-0.17301,0.95249,-0.68,1.1,0.18,0.30378,-0.10702,-0.21965,0.92088,-0.68,1.09,0.2,0.69715,-0.23904,-0.15241,0.65849,-0.7,1.07,0.2,0.69715,-0.23904,-0.15241,0.65849,-0.81,1.08,0.19
-0.8,1.44,-0.15,-0.8,1.44,-0.15,-0.85,1.09,0.11,0.33165,-0.05551,-0.14587,-0.9304,-0.86,1.06,0.06,0.33165,-0.05551,-0.14587,-0.9304,-0.82,1.07,0.09,0.40876,-0.16535,0.54093,-0.71622,-0.8,1.09,0.11,0.16776,0.01142,0.48974,-0.8555,-0.8,1.1,0.14,0.05141,0.03131,0.56034,-0.82607,-0.8,1.1,0.16,0.05141,0.03131,0.56034,-0.82607,-0.83,1.08,0.09,0.33165,-0.05551,-0.14587,-0.9304,-0.83,1.12,0.13,-0.01771,-0.08906,-0.07844,-0.99277,-0.82,1.12,0.17,-0.43414,-0.11751,-0.05938,-0.89117,-0.82,1.1,0.18,-0.5895,-0.09857,-0.04278,-0.80059,-0.81,1.08,0.19,-0.5895,-0.09857,-0.04278,-0.80059,-0.85,1.07,0.09,0.33165,-0.05551,-0.14587,-0.9304,-0.85,1.11,0.13,0.02961,-0.07982,-0.14295,-0.98606,-0.85,1.12,0.17,-0.40475,-0.13557,-0.10646,-0.89803,-0.84,1.1,0.19,-0.5986,-0.13751,-0.13508,-0.77751,-0.83,1.08,0.2,-0.5986,-0.13751,-0.13508,-0.77751,-0.87,1.07,0.09,0.33165,-0.05551,-0.14587,-0.9304,-0.87,1.1,0.13,0.09683,-0.05895,-0.20447,-0.97229,-0.87,1.11,0.17,-0.36785,-0.16412,-0.19213,-0.8949,-0.86,1.1,0.19,-0.59766,-0.23064,-0.16565,-0.74978,-0.84,1.08,0.19,-0.59766,-0.23064,-0.16565,-0.74978,-0.87,1.07,0.09,0.27205,0.0055,-0.37936,-0.88433,-0.88,1.09,0.13,0.14641,-0.0468,-0.28911,-0.94488,-0.88,1.1,0.16,-0.30745,-0.16443,-0.3087,-0.88495,-0.87,1.09,0.18,-0.51834,-0.28325,-0.266,-0.76179,-0.86,1.07,0.18,-0.51834,-0.28325,-0.266,-0.76179,-0.7,1.1,0.12,-0.29296,-0.15758,-0.12257,0.93505,-0.69,1.07,0.07,-0.29296,-0.15758,-0.12257,0.93505,-0.73,1.08,0.09,-0.48139,-0.21838,0.48376,0.69753,-0.75,1.09,0.11,-0.31357,-0.10615,0.43792,0.83584,-0.77,1.11,0.13,-0.2673,-0.11343,0.52519,0.79991,-0.78,1.11,0.15,-0.2673,-0.11343,0.52519,0.79991,-0.72,1.08,0.09,-0.29296,-0.15758,-0.12257,0.93505,-0.73,1.12,0.14,-0.04002,-0.26227,0.01545,0.96404,-0.75,1.12,0.17,0.29239,-0.24467,0.07741,0.92122,-0.76,1.11,0.19,0.4357,-0.2031,0.10593,0.87046,-0.77,1.09,0.2,0.4357,-0.2031,0.10593,0.87046,-0.7,1.08,0.1,-0.29296,-0.15758,-0.12257,0.93505,-0.71,1.12,0.14,-0.17199,-0.13689,-0.12508,0.96749,-0.72,1.13,0.18,0.38391,-0.18751,-0.04247,0.90313,-0.73,1.12,0.2,0.71194,-0.17366,-0.04394,0.67901,-0.74,1.09,0.2,0.71194,-0.17366,-0.04394,0.67901,-0.68,1.08,0.1,-0.29296,-0.15758,-0.12257,0.93505,-0.69,1.11,0.15,-0.23972,-0.09304,-0.19124,0.94726,-0.7,1.13,0.18,0.40351,-0.21944,-0.1266,0.8792,-0.71,1.11,0.19,0.75339,-0.26747,-0.04934,0.59869,-0.72,1.09,0.19,0.75339,-0.26747,-0.04934,0.59869,-0.68,1.07,0.11,-0.21665,-0.08421,-0.35047,0.90727,-0.68,1.09,0.15,-0.28614,-0.05968,-0.26369,0.91926,-0.68,1.11,0.17,0.26224,-0.20097,-0.26692,0.90532,-0.69,1.1,0.19,0.63708,-0.34084,-0.15357,0.67407,-0.7,1.09,0.19,0.63708,-0.34084,-0.15357,0.67407,-0.81,1.08,0.19
-0.8,1.44,-0.15,-0.8,1.44,-0.15,-0.85,1.09,0.11,0.31063,-0.05134,-0.17677,-0.93254,-0.86,1.06,0.06,0.31063,-0.05134,-0.17677,-0.93254,-0.82,1.07,0.09,0.41007,-0.17646,0.50531,-0.73849,-0.8,1.09,0.11,0.16745,-0.01376,0.45715,-0.87337,-0.8,1.1,0.14,0.05233,0.00243,0.53204,-0.8451,-0.79,1.1,0.16,0.05233,0.00243,0.53204,-0.8451,-0.84,1.08,0.09,0.31063,-0.05134,-0.17677,-0.93254,-0.83,1.12,0.13,-0.03457,-0.09596,-0.10961,-0.98873,-0.83,1.11,0.17,-0.44826,-0.13644,-0.08467,-0.87937,-0.82,1.1,0.18,-0.60292,-0.12179,-0.06362,-0.78588,-0.81,1.08,0.19,-0.60292,-0.12179,-0.06362,-0.78588,-0.85,1.07,0.09,0.31063,-0.05134,-0.17677,-0.93254,-0.86,1.11,0.13,0.01204,-0.08318,-0.17419,-0.98112,-0.85,1.11,0.18,-0.41599,-0.15164,-0.13346,-0.88665,-0.84,1.1,0.19,-0.60649,-0.15809,-0.15736,-0.76316,-0.83,1.07,0.2,-0.60649,-0.15809,-0.15736,-0.76316,-0.87,1.07,0.09,0.31063,-0.05134,-0.17677,-0.93254,-0.87,1.1,0.14,0.08218,-0.05708,-0.2358,-0.96664,-0.87,1.11,0.17,-0.37576,-0.17594,-0.22098,-0.88262,-0.86,1.09,0.19,-0.59954,-0.24914,-0.19054,-0.73633,-0.84,1.07,0.2,-0.59954,-0.24914,-0.19054,-0.73633,-0.87,1.06,0.09,0.24818,0.01362,-0.40684,-0.87903,-0.88,1.08,0.13,0.13594,-0.03804,-0.3193,-0.93708,-0.89,1.09,0.16,-0.31545,-0.17055,-0.33835,-0.87001,-0.87,1.08,0.18,-0.51958,-0.29603,-0.29365,-0.74577,-0.86,1.07,0.19,-0.51958,-0.29603,-0.29365,-0.74577,-0.69,1.1,0.1,-0.44031,-0.17839,-0.19579,0.85789,-0.68,1.05,0.07,-0.44031,-0.17839,-0.19579,0.85789,-0.72,1.07,0.08,-0.53864,-0.09565,0.51605,0.6591,-0.74,1.09,0.1,-0.34938,0.03643,0.44305,0.82481,-0.75,1.11,0.12,-0.24198,0.06287,0.51961,0.81701,-0.75,1.13,0.14,-0.24198,0.06287,0.51961,0.81701,-0.71,1.08,0.08,-0.44031,-0.17839,-0.19579,0.85789,-0.72,1.13,0.11,-0.07421,-0.24212,-0.04861,0.96618,-0.73,1.13,0.14,0.4081,-0.24319,0.05075,0.87848,-0.74,1.12,0.16,0.56413,-0.20296,0.08841,0.79545,-0.75,1.1,0.16,0.56413,-0.20296,0.08841,0.79545,-0.69,1.07,0.09,-0.44031,-0.17839,-0.19579,0.85789,-0.7,1.13,0.12,-0.15512,-0.20838,-0.1613,0.9521,-0.71,1.14,0.15,0.40154,-0.26733,-0.03044,0.87543,-0.72,1.12,0.17,0.68839,-0.24406,-0.00974,0.68297,-0.73,1.1,0.17,0.68839,-0.24406,-0.00974,0.68297,-0.68,1.07,0.09,-0.44031,-0.17839,-0.19579,0.85789,-0.68,1.12,0.12,-0.21287,-0.19214,-0.23206,0.92947,-0.69,1.13,0.16,0.4135,-0.32046,-0.09762,0.84664,-0.71,1.12,0.17,0.72859,-0.34661,0.01066,0.59069,-0.72,1.1,0.16,0.72859,-0.34661,0.01066,0.59069,-0.67,1.07,0.1,-0.34612,-0.14703,-0.42568,0.82303,-0.67,1.1,0.13,-0.29074,-0.17806,-0.32374,0.88259,-0.67,1.12,0.16,0.29243,-0.3449,-0.23611,0.86011,-0.69,1.11,0.17,0.6215,-0.45101,-0.07624,0.63602,-0.7,1.1,0.16,0.6215,-0.45101,-0.07624,0.63602,-0.81,1.08,0.19
-0.8,1.44,-0.15,-0.8,1.44,-0.15,-0.85,1.09,0.11,0.3134,-0.05556,-0.18126,-0.93051,-0.86,1.06,0.06,0.3134,-0.05556,-0.18126,-0.93051,-0.82,1.08,0.09,0.41421,-0.18069,0.50316,-0.73662,-0.8,1.09,0.11,0.1748,-0.0206,0.4561,-0.87235,-0.79,1.1,0.14,0.06225,-0.00502,0.53216,-0.84434,-0.79,1.1,0.16,0.06225,-0.00502,0.53216,-0.84434,-0.84,1.08,0.09,0.3134,-0.05556,-0.18126,-0.93051,-0.83,1.12,0.13,-0.02812,-0.0995,-0.11394,-0.98809,-0.83,1.12,0.17,-0.44699,-0.1421,-0.08629,-0.87896,-0.82,1.1,0.18,-0.60479,-0.12799,-0.06364,-0.78345,-0.81,1.08,0.19,-0.60479,-0.12799,-0.06364,-0.78345,-0.85,1.07,0.09,0.3134,-0.05556,-0.18126,-0.93051,-0.85,1.11,0.13,0.01559,-0.08708,-0.17825,-0.98,-0.85,1.12,0.18,-0.41604,-0.15751,-0.13476,-0.8854,-0.84,1.1,0.19,-0.60772,-0.16421,-0.15715,-0.76093,-0.83,1.08,0.2,-0.60772,-0.16421,-0.15715,-0.76093,-0.87,1.07,0.09,0.3134,-0.05556,-0.18126,-0.93051,-0.87,1.1,0.13,0.08442,-0.06194,-0.23954,-0.96522,-0.87,1.11,0.17,-0.374,-0.18223,-0.22181,-0.88188,-0.85,1.09,0.19,-0.59779,-0.25543,-0.18953,-0.73586,-0.84,1.08,0.19,-0.59779,-0.25543,-0.18953,-0.73586,-0.87,1.07,0.09,0.2494,0.0086,-0.41108,-0.87678,-0.88,1.08,0.13,0.13931,-0.04248,-0.32315,-0.93507,-0.88,1.09,0.16,-0.31181,-0.17648,-0.33969,-0.86962,-0.87,1.08,0.18,-0.51349,-0.30122,-0.29403,-0.74776,-0.86,1.07,0.19,-0.51349,-0.30122,-0.29403,-0.74776,-0.69,1.1,0.1,-0.48919,-0.19026,-0.14848,0.83812,-0.68,1.04,0.07,-0.48919,-0.19026,-0.14848,0.83812,-0.72,1.07,0.09,-0.52157,-0.08155,0.59481,0.60623,-0.74,1.08,0.1,-0.32907,0.08663,0.51881,0.78425,-0.75,1.1,0.13,-0.19878,0.13433,0.58087,0.77784,-0.75,1.11,0.15,-0.19878,0.13433,0.58087,0.77784,-0.71,1.07,0.09,-0.48919,-0.19026,-0.14848,0.83812,-0.72,1.12,0.11,-0.0512,-0.20048,-0.02477,0.97805,-0.73,1.13,0.14,0.46718,-0.19261,0.0587,0.86093,-0.74,1.11,0.15,0.6276,-0.15021,0.09076,0.7585,-0.74,1.09,0.16,0.6276,-0.15021,0.09076,0.7585,-0.69,1.07,0.09,-0.48919,-0.19026,-0.14848,0.83812,-0.7,1.12,0.11,-0.12129,-0.21867,-0.09124,0.96392,-0.72,1.13,0.15,0.40023,-0.23783,0.02354,0.88471,-0.73,1.11,0.16,0.64196,-0.20437,0.02214,0.73867,-0.73,1.09,0.17,0.64196,-0.20437,0.02214,0.73867,-0.68,1.07,0.1,-0.48919,-0.19026,-0.14848,0.83812,-0.68,1.11,0.12,-0.19003,-0.21873,-0.16087,0.94349,-0.7,1.13,0.15,0.38088,-0.29451,-0.04602,0.87526,-0.71,1.11,0.17,0.67204,-0.3088,0.03236,0.67228,-0.72,1.09,0.17,0.67204,-0.3088,0.03236,0.67228,-0.67,1.07,0.1,-0.39798,-0.17055,-0.38243,0.81625,-0.67,1.1,0.13,-0.2888,-0.2192,-0.2618,0.89443,-0.68,1.12,0.15,0.30838,-0.34305,-0.16133,0.87247,-0.69,1.11,0.16,0.62491,-0.41824,-0.0216,0.65886,-0.7,1.09,0.16,0.62491,-0.41824,-0.0216,0.65886,-0.81,1.08,0.19
-0.8,1.44,-0.15,-0.8,1.44,-0.15,-0.85,1.1,0.11,0.33868,-0.06508,-0.15695,-0.92543,-0.86,1.06,0.06,0.33868,-0.06508,-0.15695,-0.92543,-0.82,1.08,0.09,0.42498,-0.17672,0.53004,-0.71219,-0.8,1.09,0.11,0.19232,-0.00962,0.48201,-0.85474,-0.79,1.1,0.14,0.07801,0.01158,0.55609,-0.82737,-0.79,1.11,0.16,0.07801,0.01158,0.55609,-0.82737,-0.83,1.08,0.09,0.33868,-0.06508,-0.15695,-0.92543,-0.83,1.12,0.13,-0.00122,-0.09951,-0.08778,-0.99116,-0.82,1.12,0.17,-0.42944,-0.13209,-0.06176,-0.89124,-0.82,1.1,0.18,-0.59181,-0.11385,-0.04154,-0.79692,-0.81,1.08,0.19,-0.59181,-0.11385,-0.04154,-0.79692,-0.85,1.08,0.09,0.33868,-0.06508,-0.15695,-0.92543,-0.85,1.12,0.13,0.03866,-0.09071,-0.15194,-0.98346,-0.85,1.12,0.17,-0.39533,-0.14937,-0.1098,-0.89964,-0.84,1.1,0.19,-0.58981,-0.15222,-0.1354,-0.78142,-0.83,1.08,0.2,-0.58981,-0.15222,-0.1354,-0.78142,-0.87,1.07,0.09,0.33868,-0.06508,-0.15695,-0.92543,-0.87,1.11,0.13,0.10667,-0.0688,-0.21445,-0.96845,-0.87,1.12,0.17,-0.3531,-0.17689,-0.19686,-0.89737,-0.85,1.1,0.19,-0.58213,-0.2442,-0.16678,-0.75742,-0.84,1.08,0.19,-0.58213,-0.2442,-0.16678,-0.75742,-0.87,1.07,0.09,0.27541,-0.00612,-0.38987,-0.8787,-0.88,1.09,0.13,0.16243,-0.0514,-0.30014,-0.93856,-0.88,1.1,0.16,-0.2952,-0.17628,-0.31562,-0.8844,-0.87,1.09,0.18,-0.50214,-0.29522,-0.27022,-0.76661,-0.86,1.08,0.18,-0.50214,-0.29522,-0.27022,-0.76661,-0.7,1.09,0.11,-0.45655,-0.18647,-0.10392,0.86371,-0.68,1.04,0.07,-0.45655,-0.18647,-0.10392,0.86371,-0.72,1.06,0.09,-0.48047,-0.1275,0.63396,0.59244,-0.74,1.07,0.11,-0.28173,0.0657,0.57258,0.76712,-0.75,1.09,0.14,-0.12895,0.13719,0.62662,0.75624,-0.75,1.1,0.16,-0.12895,0.13719,0.62662,0.75624,-0.71,1.07,0.09,-0.45655,-0.18647,-0.10392,0.86371,-0.73,1.12,0.12,-0.00481,-0.17611,0.01469,0.98425,-0.74,1.12,0.15,0.51676,-0.14957,0.08061,0.8391,-0.74,1.1,0.16,0.6885,-0.1011,0.10826,0.70994,-0.74,1.07,0.16,0.6885,-0.1011,0.10826,0.70994,-0.69,1.07,0.1,-0.45655,-0.18647,-0.10392,0.86371,-0.7,1.12,0.12,-0.06752,-0.19842,-0.047,0.97666,-0.72,1.13,0.16,0.42237,-0.19851,0.04376,0.88334,-0.73,1.11,0.18,0.64786,-0.16115,0.02919,0.74395,-0.73,1.08,0.18,0.64786,-0.16115,0.02919,0.74395,-0.68,1.07,0.1,-0.45655,-0.18647,-0.10392,0.86371,-0.69,1.11,0.13,-0.14884,-0.20149,-0.11636,0.9611,-0.7,1.12,0.16,0.40009,-0.25338,-0.02698,0.88034,-0.71,1.11,0.18,0.67921,-0.26486,0.03111,0.68378,-0.72,1.08,0.18,0.67921,-0.26486,0.03111,0.68378,-0.67,1.07,0.11,-0.37296,-0.15572,-0.34008,0.84912,-0.67,1.1,0.14,-0.25173,-0.20572,-0.21744,0.92034,-0.68,1.12,0.16,0.35892,-0.30389,-0.1329,0.87245,-0.69,1.1,0.17,0.66964,-0.37117,-0.01508,0.64311,-0.7,1.09,0.17,0.66964,-0.37117,-0.01508,0.64311,-0.81,1.08,0.19
-0.8,1.44,-0.15,-0.8,1.44,-0.15,-0.85,1.1,0.11,0.34888,-0.06963,-0.15047,-0.92238,-0.86,1.06,0.06,0.34888,-0.06963,-0.15047,-0.92238,-0.82,1.08,0.09,0.42874,-0.17568,0.53969,-0.70289,-0.8,1.09,0.1,0.19712,-0.00512,0.49159,-0.84821,-0.79,1.1,0.14,0.07979,0.01966,0.56453,-0.82131,-0.79,1.11,0.16,0.07979,0.01966,0.56453,-0.82131,-0.83,1.08,0.09,0.34888,-0.06963,-0.15047,-0.92238,-0.83,1.12,0.13,0.00933,-0.10279,-0.07893,-0.99152,-0.82,1.12,0.16,-0.42302,-0.13168,-0.05191,-0.895,-0.82,1.11,0.18,-0.58678,-0.11169,-0.03202,-0.80137,-0.81,1.09,0.19,-0.58678,-0.11169,-0.03202,-0.80137,-0.85,1.08,0.09,0.34888,-0.06963,-0.15047,-0.92238,-0.85,1.12,0.13,0.04293,-0.09598,-0.14271,-0.98416,-0.84,1.12,0.17,-0.3903,-0.14997,-0.09946,-0.90293,-0.83,1.11,0.19,-0.58561,-0.15089,-0.12539,-0.78649,-0.83,1.08,0.2,-0.58561,-0.15089,-0.12539,-0.78649,-0.87,1.07,0.09,0.34888,-0.06963,-0.15047,-0.92238,-0.87,1.11,0.13,0.1123,-0.0742,-0.20675,-0.96909,-0.86,1.12,0.17,-0.34686,-0.17798,-0.18783,-0.90152,-0.85,1.1,0.19,-0.57794,-0.24307,-0.1576,-0.76293,-0.84,1.08,0.19,-0.57794,-0.24307,-0.1576,-0.76293,-0.87,1.07,0.09,0.28531,-0.01294,-0.38431,-0.87791,-0.88,1.09,0.13,0.16925,-0.0558,-0.29434,-0.93894,-0.88,1.1,0.16,-0.29542,-0.17996,-0.30772,-0.88637,-0.87,1.09,0.18,-0.50599,-0.29762,-0.26072,-0.76644,-0.86,1.08,0.18,-0.50599,-0.29762,-0.26072,-0.76644,-0.7,1.09,0.11,-0.4442,-0.1883,-0.10278,0.86986,-0.68,1.05,0.07,-0.4442,-0.1883,-0.10278,0.86986,-0.72,1.06,0.1,-0.48028,-0.14682,0.62827,0.59418,-0.75,1.08,0.11,-0.27714,0.04735,0.5732,0.76967,-0.76,1.09,0.14,-0.11611,0.12647,0.62767,0.75931,-0.75,1.1,0.16,-0.11611,0.12647,0.62767,0.75931,-0.71,1.07,0.09,-0.4442,-0.1883,-0.10278,0.86986,-0.73,1.12,0.12,0.01861,-0.17712,0.0189,0.98383,-0.74,1.12,0.15,0.55904,-0.1453,0.08863,0.81148,-0.74,1.09,0.16,0.73822,-0.09278,0.11895,0.65747,-0.74,1.07,0.16,0.73822,-0.09278,0.11895,0.65747,-0.7,1.07,0.1,-0.4442,-0.1883,-0.10278,0.86986,-0.71,1.12,0.12,-0.03099,-0.20119,-0.03913,0.97828,-0.72,1.12,0.16,0.45946,-0.19633,0.05288,0.86461,-0.73,1.1,0.18,0.68273,-0.15343,0.03875,0.71333,-0.74,1.08,0.18,0.68273,-0.15343,0.03875,0.71333,-0.68,1.07,0.1,-0.4442,-0.1883,-0.10278,0.86986,-0.69,1.11,0.13,-0.12163,-0.20536,-0.10976,0.96488,-0.7,1.12,0.17,0.42725,-0.25202,-0.0194,0.86809,-0.72,1.1,0.18,0.70286,-0.25981,0.03787,0.6611,-0.72,1.08,0.18,0.70286,-0.25981,0.03787,0.6611,-0.67,1.07,0.11,-0.36067,-0.15405,-0.33848,0.85535,-0.67,1.1,0.14,-0.23445,-0.20702,-0.21476,0.92523,-0.68,1.11,0.16,0.38531,-0.30308,-0.12732,0.86225,-0.7,1.1,0.17,0.69202,-0.36774,-0.01042,0.6211,-0.71,1.08,0.17,0.69202,-0.36774,-0.01042,0.6211,-0.81,1.08,0.19
-0.8,1.44,-0.15,-0.8,1.44,-0.15,-0.85,1.1,0.11,0.34,-0.07077,-0.24306,-0.90571,-0.86,1.06,0.06,0.34,-0.07077,-0.24306,-0.90571,-0.82,1.08,0.08,0.45574,-0.16872,0.45911,-0.74368,-0.8,1.1,0.1,0.20274,-0.02168,0.4092,-0.88937,-0.8,1.11,0.13,0.08444,-0.00606,0.48816,-0.86864,-0.79,1.11,0.16,0.08444,-0.00606,0.48816,-0.86864,-0.84,1.08,0.08,0.34,-0.07077,-0.24306,-0.90571,-0.84,1.12,0.13,-0.02373,-0.14311,-0.15931,-0.97651,-0.83,1.12,0.16,-0.44603,-0.20177,-0.10688,-0.86541,-0.82,1.11,0.18,-0.60458,-0.19091,-0.07225,-0.76994,-0.81,1.09,0.18,-0.60458,-0.19091,-0.07225,-0.76994,-0.85,1.08,0.09,0.34,-0.07077,-0.24306,-0.90571,-0.86,1.12,0.13,0.01448,-0.13581,-0.22343,-0.9651,-0.85,1.12,0.17,-0.39189,-0.21767,-0.15861,-0.87971,-0.83,1.11,0.19,-0.58,-0.22856,-0.16793,-0.76365,-0.82,1.09,0.19,-0.58,-0.22856,-0.16793,-0.76365,-0.87,1.07,0.09,0.34,-0.07077,-0.24306,-0.90571,-0.87,1.1,0.13,0.10253,-0.09985,-0.29314,-0.9453,-0.87,1.11,0.17,-0.33318,-0.23661,-0.25459,-0.87647,-0.85,1.1,0.19,-0.55179,-0.3161,-0.20662,-0.74358,-0.84,1.09,0.19,-0.55179,-0.3161,-0.20662,-0.74358,-0.87,1.07,0.1,0.26378,-0.01624,-0.46923,-0.8426,-0.88,1.09,0.13,0.16116,-0.06845,-0.38164,-0.90757,-0.88,1.1,0.16,-0.29057,-0.23153,-0.37645,-0.84868,-0.87,1.09,0.18,-0.48731,-0.36356,-0.31323,-0.72955,-0.85,1.08,0.18,-0.48731,-0.36356,-0.31323,-0.72955,-0.71,1.1,0.12,-0.37089,-0.19345,-0.13162,0.89872,-0.69,1.05,0.07,-0.37089,-0.19345,-0.13162,0.89872,-0.73,1.07,0.09,-0.47403,-0.23151,0.57134,0.62871,-0.75,1.08,0.11,-0.29299,-0.07848,0.53775,0.78665,-0.77,1.09,0.13,-0.1997,-0.04908,0.61848,0.75842,-0.78,1.1,0.16,-0.1997,-0.04908,0.61848,0.75842,-0.72,1.07,0.09,-0.37089,-0.19345,-0.13162,0.89872,-0.73,1.12,0.13,-0.15188,-0.21538,-0.04113,0.96377,-0.75,1.13,0.16,0.21674,-0.22201,0.01594,0.95052,-0.76,1.12,0.18,0.37644,-0.19063,0.04172,0.90565,-0.76,1.1,0.19,0.37644,-0.19063,0.04172,0.90565,-0.7,1.07,0.1,-0.37089,-0.19345,-0.13162,0.89872,-0.71,1.12,0.13,-0.11374,-0.20384,-0.097,0.96752,-0.73,1.13,0.17,0.35259,-0.22835,-0.00323,0.90749,-0.74,1.11,0.19,0.59474,-0.20654,-0.00827,0.77689,-0.75,1.09,0.19,0.59474,-0.20654,-0.00827,0.77689,-0.68,1.07,0.1,-0.37089,-0.19345,-0.13162,0.89872,-0.69,1.11,0.14,-0.16774,-0.18197,-0.1696,0.95393,-0.71,1.12,0.17,0.38093,-0.26657,-0.08105,0.88163,-0.72,1.11,0.19,0.66376,-0.29586,-0.01354,0.68681,-0.73,1.09,0.19,0.66376,-0.29586,-0.01354,0.68681,-0.68,1.07,0.11,-0.28405,-0.14033,-0.36199,0.87669,-0.68,1.1,0.15,-0.28016,-0.1337,-0.27321,0.91049,-0.68,1.11,0.17,0.32087,-0.28035,-0.22074,0.87734,-0.69,1.1,0.18,0.62873,-0.38426,-0.10534,0.66779,-0.71,1.09,0.18,0.62873,-0.38426,-0.10534,0.66779,-0.81,1.08,0.19
-0.8,1.44,-0.15,-0.8,1.44,-0.15,-0.86,1.1,0.11,0.34614,-0.07425,-0.24787,-0.9018,-0.86,1.06,0.06,0.34614,-0.07425,-0.24787,-0.9018,-0.83,1.08,0.08,0.4625,-0.16859,0.45681,-0.74094,-0.8,1.1,0.1,0.20571,-0.02093,0.40732,-0.88957,-0.8,1.11,0.13,0.08481,-0.00389,0.48618,-0.86972,-0.8,1.12,0.15,0.08481,-0.00389,0.48618,-0.86972,-0.84,1.08,0.08,0.34614,-0.07425,-0.24787,-0.9018,-0.84,1.13,0.13,-0.04184,-0.15321,-0.15687,-0.97476,-0.83,1.12,0.16,-0.46669,-0.20993,-0.09916,-0.85341,-0.82,1.11,0.17,-0.62299,-0.19745,-0.06238,-0.75432,-0.81,1.09,0.18,-0.62299,-0.19745,-0.06238,-0.75432,-0.85,1.08,0.09,0.34614,-0.07425,-0.24787,-0.9018,-0.86,1.12,0.13,-0.01628,-0.15291,-0.21824,-0.9637,-0.85,1.12,0.17,-0.42446,-0.23147,-0.14544,-0.86319,-0.83,1.1,0.18,-0.61522,-0.23775,-0.15011,-0.7365,-0.82,1.08,0.19,-0.61522,-0.23775,-0.15011,-0.7365,-0.87,1.07,0.09,0.34614,-0.07425,-0.24787,-0.9018,-0.87,1.1,0.13,0.09422,-0.11214,-0.29371,-0.94461,-0.87,1.11,0.17,-0.34468,-0.24855,-0.24864,-0.8704,-0.85,1.1,0.19,-0.56433,-0.32619,-0.19697,-0.73235,-0.84,1.09,0.19,-0.56433,-0.32619,-0.19697,-0.73235,-0.87,1.07,0.09,0.2684,-0.02152,-0.47387,-0.83842,-0.88,1.09,0.13,0.17505,-0.07085,-0.38585,-0.90303,-0.88,1.1,0.16,-0.28035,-0.23837,-0.37808,-0.84949,-0.87,1.09,0.18,-0.48303,-0.37271,-0.31004,-0.72914,-0.85,1.08,0.18,-0.48303,-0.37271,-0.31004,-0.72914,-0.71,1.09,0.12,-0.28712,-0.19835,-0.0904,0.93276,-0.69,1.06,0.07,-0.28712,-0.19835,-0.0904,0.93276,-0.73,1.07,0.09,-0.43248,-0.31465,0.5597,0.633,-0.76,1.07,0.1,-0.26319,-0.17133,0.54521,0.77726,-0.78,1.08,0.13,-0.20617,-0.16545,0.62818,0.73179,-0.79,1.08,0.15,-0.20617,-0.16545,0.62818,0.73179,-0.72,1.07,0.09,-0.28712,-0.19835,-0.0904,0.93276,-0.74,1.11,0.13,-0.06051,-0.26877,0.03275,0.96074,-0.76,1.11,0.17,0.23634,-0.24902,0.08641,0.93524,-0.77,1.1,0.18,0.36559,-0.20857,0.10968,0.90045,-0.78,1.08,0.2,0.36559,-0.20857,0.10968,0.90045,-0.7,1.07,0.1,-0.28712,-0.19835,-0.0904,0.93276,-0.72,1.11,0.14,-0.15632,-0.17851,-0.0843,0.96778,-0.73,1.12,0.18,0.26649,-0.20015,-0.01397,0.94272,-0.74,1.11,0.2,0.51061,-0.18872,-0.02858,0.83836,-0.75,1.09,0.21,0.51061,-0.18872,-0.02858,0.83836,-0.69,1.07,0.1,-0.28712,-0.19835,-0.0904,0.93276,-0.7,1.1,0.15,-0.23381,-0.12248,-0.15991,0.95119,-0.71,1.12,0.18,0.28063,-0.20961,-0.11246,0.92987,-0.72,1.11,0.2,0.56904,-0.25632,-0.06443,0.77868,-0.73,1.09,0.2,0.56904,-0.25632,-0.06443,0.77868,-0.68,1.07,0.11,-0.20711,-0.1222,-0.31729,0.91733,-0.68,1.09,0.15,-0.28766,-0.06558,-0.23726,0.92556,-0.68,1.1,0.17,0.22805,-0.18258,-0.2478,0.92372,-0.69,1.1,0.19,0.52379,-0.30006,-0.17704,0.77734,-0.71,1.08,0.2,0.52379,-0.30006,-0.17704,0.77734,-0.81,1.08,0.19
-0.8,1.44,-0.15,-0.8,1.44,-0.15,-0.85,1.1,0.1,0.3688,-0.08354,-0.21271,-0.90098,-0.86,1.06,0.06,0.3688,-0.08354,-0.21271,-0.90098,-0.83,1.08,0.08,0.46836,-0.16695,0.49244,-0.71433,-0.8,1.1,0.1,0.21586,-0.00674,0.44274,-0.87026,-0.8,1.11,0.13,0.07665,0.02639,0.51671,-0.85231,-0.79,1.11,0.15,0.07665,0.02639,0.51671,-0.85231,-0.84,1.08,0.08,0.3688,-0.08354,-0.21271,-0.90098,-0.84,1.13,0.12,-0.0656,-0.15555,-0.10903,-0.9796,-0.82,1.12,0.16,-0.53769,-0.19342,-0.04439,-0.81945,-0.81,1.1,0.17,-0.69989,-0.17107,-0.00549,-0.69344,-0.81,1.08,0.17,-0.69989,-0.17107,-0.00549,-0.69344,-0.85,1.08,0.08,0.3688,-0.08354,-0.21271,-0.90098,-0.86,1.12,0.12,-0.04341,-0.16102,-0.17133,-0.971,-0.84,1.12,0.16,-0.50535,-0.22438,-0.08581,-0.8288,-0.83,1.1,0.18,-0.73022,-0.21353,-0.08272,-0.6437,-0.82,1.08,0.17,-0.73022,-0.21353,-0.08272,-0.6437,-0.87,1.07,0.09,0.3688,-0.08354,-0.21271,-0.90098,-0.87,1.11,0.13,0.0762,-0.12667,-0.2517,-0.95645,-0.86,1.12,0.17,-0.42516,-0.25451,-0.19005,-0.84755,-0.85,1.1,0.18,-0.6829,-0.31938,-0.12349,-0.64529,-0.83,1.08,0.18,-0.6829,-0.31938,-0.12349,-0.64529,-0.88,1.07,0.09,0.29337,-0.03468,-0.44268,-0.84662,-0.88,1.09,0.13,0.19402,-0.08121,-0.35154,-0.91224,-0.88,1.1,0.16,-0.33196,-0.25649,-0.32894,-0.84606,-0.87,1.1,0.17,-0.59163,-0.39462,-0.23135,-0.66387,-0.85,1.08,0.17,-0.59163,-0.39462,-0.23135,-0.66387,-0.71,1.09,0.12,-0.23582,-0.17164,-0.06842,0.95407,-0.69,1.06,0.07,-0.23582,-0.17164,-0.06842,0.95407,-0.73,1.07,0.09,-0.43305,-0.29981,0.51008,0.68,-0.76,1.08,0.1,-0.274,-0.1814,0.48328,0.81145,-0.77,1.09,0.13,-0.23952,-0.19364,0.56738,0.76368,-0.79,1.09,0.15,-0.23952,-0.19364,0.56738,0.76368,-0.72,1.07,0.09,-0.23582,-0.17164,-0.06842,0.95407,-0.74,1.1,0.14,0.05213,-0.27307,0.0803,0.95722,-0.76,1.1,0.17,0.34174,-0.23614,0.13274,0.89991,-0.76,1.08,0.18,0.46459,-0.1883,0.15705,0.85091,-0.77,1.06,0.2,0.46459,-0.1883,0.15705,0.85091,-0.7,1.07,0.09,-0.23582,-0.17164,-0.06842,0.95407,-0.72,1.11,0.14,-0.11387,-0.14765,-0.06587,0.98025,-0.73,1.12,0.18,0.26423,-0.16321,-0.0182,0.95038,-0.74,1.1,0.2,0.47394,-0.15455,-0.04534,0.8657,-0.74,1.08,0.22,0.47394,-0.15455,-0.04534,0.8657,-0.69,1.07,0.1,-0.23582,-0.17164,-0.06842,0.95407,-0.7,1.1,0.15,-0.20093,-0.08495,-0.13724,0.96622,-0.7,1.11,0.18,0.27547,-0.16001,-0.11894,0.94041,-0.71,1.1,0.2,0.53968,-0.21044,-0.09169,0.80997,-0.72,1.08,0.21,0.53968,-0.21044,-0.09169,0.80997,-0.68,1.07,0.1,-0.16567,-0.08234,-0.29372,0.93782,-0.68,1.09,0.15,-0.26664,-0.00044,-0.20889,0.94089,-0.68,1.1,0.17,0.20965,-0.10013,-0.25966,0.93733,-0.68,1.09,0.19,0.48684,-0.22184,-0.22155,0.81529,-0.7,1.08,0.2,0.48684,-0.22184,-0.22155,0.81529,-0.81,1.08,0.19
-0.8,1.44,-0.15,-0.8,1.44,-0.15,-0.85,1.1,0.1,0.37936,-0.08263,-0.20607,-0.89822,-0.86,1.06,0.06,0.37936,-0.08263,-0.20607,-0.89822,-0.82,1.08,0.08,0.47251,-0.1594,0.4999,-0.70811,-0.8,1.1,0.1,0.21936,0.00399,0.44786,-0.86677,-0.8,1.11,0.13,0.06061,0.04953,0.51768,-0.85199,-0.8,1.12,0.15,0.06061,0.04953,0.51768,-0.85199,-0.84,1.08,0.08,0.37936,-0.08263,-0.20607,-0.89822,-0.84,1.13,0.12,-0.08777,-0.15733,-0.09442,-0.9791,-0.82,1.12,0.16,-0.58785,-0.18841,-0.02354,-0.78637,-0.82,1.1,0.16,-0.76127,-0.16164,0.02097,-0.62762,-0.81,1.08,0.16,-0.76127,-0.16164,0.02097,-0.62762,-0.85,1.08,0.08,0.37936,-0.08263,-0.20607,-0.89822,-0.86,1.12,0.12,-0.0442,-0.16078,-0.1625,-0.97252,-0.84,1.12,0.16,-0.53034,-0.22205,-0.07192,-0.81502,-0.83,1.1,0.17,-0.77394,-0.20523,-0.06394,-0.59566,-0.82,1.08,0.17,-0.77394,-0.20523,-0.06394,-0.59566,-0.87,1.07,0.09,0.37936,-0.08263,-0.20607,-0.89822,-0.87,1.11,0.13,0.07973,-0.12698,-0.24457,-0.95797,-0.86,1.12,0.16,-0.45718,-0.25812,-0.17428,-0.83306,-0.85,1.1,0.18,-0.73857,-0.31865,-0.09518,-0.58644,-0.84,1.08,0.17,-0.73857,-0.31865,-0.09518,-0.58644,-0.88,1.07,0.09,0.30476,-0.03625,-0.43718,-0.84539,-0.88,1.09,0.13,0.20147,-0.0826,-0.34561,-0.91277,-0.88,1.11,0.16,-0.36591,-0.26924,-0.31288,-0.83411,-0.87,1.1,0.17,-0.65794,-0.41072,-0.191,-0.60162,-0.85,1.08,0.17,-0.65794,-0.41072,-0.191,-0.60162,-0.71,1.09,0.12,-0.2502,-0.15669,-0.0736,0.95259,-0.69,1.06,0.06,-0.2502,-0.15669,-0.0736,0.95259,-0.73,1.07,0.09,-0.44666,-0.26212,0.50346,0.6916,-0.75,1.08,0.1,-0.28926,-0.14785,0.46657,0.82267,-0.77,1.09,0.13,-0.25861,-0.16406,0.55102,0.77626,-0.78,1.1,0.15,-0.25861,-0.16406,0.55102,0.77626,-0.72,1.07,0.09,-0.2502,-0.15669,-0.0736,0.95259,-0.73,1.11,0.14,0.05781,-0.26595,0.08338,0.95863,-0.75,1.1,0.17,0.36211,-0.22606,0.13728,0.89382,-0.76,1.08,0.18,0.49006,-0.17632,0.16222,0.83811,-0.76,1.06,0.19,0.49006,-0.17632,0.16222,0.83811,-0.7,1.07,0.09,-0.2502,-0.15669,-0.0736,0.95259,-0.71,1.11,0.14,-0.06337,-0.1541,-0.05704,0.98437,-0.73,1.11,0.18,0.3213,-0.16528,-0.00615,0.93242,-0.73,1.1,0.2,0.52817,-0.15009,-0.03233,0.83514,-0.74,1.08,0.21,0.52817,-0.15009,-0.03233,0.83514,-0.68,1.07,0.1,-0.2502,-0.15669,-0.0736,0.95259,-0.7,1.1,0.14,-0.15205,-0.08802,-0.13633,0.97496,-0.7,1.11,0.18,0.32658,-0.16083,-0.11714,0.92399,-0.71,1.1,0.2,0.584,-0.20929,-0.09088,0.77903,-0.72,1.08,0.2,0.584,-0.20929,-0.09088,0.77903,-0.68,1.07,0.1,-0.18199,-0.07114,-0.30071,0.93348,-0.68,1.09,0.14,-0.26869,0.01955,-0.21679,0.93831,-0.67,1.1,0.17,0.21008,-0.0878,-0.27558,0.93392,-0.68,1.1,0.19,0.47911,-0.21344,-0.24195,0.81631,-0.69,1.08,0.2,0.47911,-0.21344,-0.24195,0.81631,-0.81,1.08,0.19
-0.8,1.44,-0.15,-0.8,1.44,-0.15,-0.85,1.1,0.1,0.38092,-0.07509,-0.19871,-0.89987,-0.86,1.06,0.06,0.38092,-0.07509,-0.19871,-0.89987,-0.82,1.08,0.08,0.46696,-0.15461,0.50721,-0.70766,-0.8,1.1,0.1,0.21349,0.01209,0.4535,-0.86522,-0.8,1.11,0.13,0.04824,0.06163,0.52066,-0.85017,-0.8,1.12,0.15,0.04824,0.06163,0.52066,-0.85017,-0.84,1.08,0.08,0.38092,-0.07509,-0.19871,-0.89987,-0.84,1.13,0.12,-0.08352,-0.14847,-0.09022,-0.98125,-0.82,1.12,0.16,-0.58048,-0.17862,-0.02566,-0.79403,-0.82,1.1,0.16,-0.75652,-0.15261,0.01648,-0.63571,-0.81,1.08,0.16,-0.75652,-0.15261,0.01648,-0.63571,-0.85,1.08,0.08,0.38092,-0.07509,-0.19871,-0.89987,-0.86,1.13,0.12,-0.02365,-0.14716,-0.16263,-0.97536,-0.84,1.13,0.16,-0.51069,-0.21033,-0.07969,-0.82982,-0.83,1.1,0.17,-0.75899,-0.19821,-0.07581,-0.61554,-0.82,1.08,0.17,-0.75899,-0.19821,-0.07581,-0.61554,-0.87,1.08,0.09,0.38092,-0.07509,-0.19871,-0.89987,-0.87,1.11,0.13,0.09871,-0.1129,-0.24251,-0.95849,-0.87,1.12,0.16,-0.43694,-0.24519,-0.18104,-0.84628,-0.85,1.1,0.18,-0.72314,-0.30998,-0.10654,-0.60797,-0.84,1.08,0.17,-0.72314,-0.30998,-0.10654,-0.60797,-0.88,1.07,0.09,0.30884,-0.0289,-0.43075,-0.84749,-0.89,1.09,0.13,0.2117,-0.07026,-0.3407,-0.91333,-0.89,1.11,0.16,-0.35632,-0.25701,-0.31618,-0.84084,-0.87,1.1,0.17,-0.65192,-0.40121,-0.19846,-0.61208,-0.86,1.09,0.17,-0.65192,-0.40121,-0.19846,-0.61208,-0.71,1.09,0.11,-0.28265,-0.15386,-0.08997,0.94252,-0.69,1.06,0.06,-0.28265,-0.15386,-0.08997,0.94252,-0.73,1.07,0.09,-0.46207,-0.22796,0.51142,0.68773,-0.75,1.08,0.1,-0.30456,-0.11217,0.46725,0.8224,-0.77,1.1,0.13,-0.26661,-0.12445,0.55232,0.77999,-0.78,1.1,0.15,-0.26661,-0.12445,0.55232,0.77999,-0.72,1.08,0.09,-0.28265,-0.15386,-0.08997,0.94252,-0.73,1.11,0.13,0.03315,-0.26542,0.07446,0.96068,-0.75,1.11,0.16,0.34651,-0.22797,0.13046,0.90052,-0.76,1.09,0.18,0.47645,-0.17921,0.15543,0.84659,-0.76,1.07,0.19,0.47645,-0.17921,0.15543,0.84659,-0.7,1.08,0.09,-0.28265,-0.15386,-0.08997,0.94252,-0.71,1.11,0.14,-0.01582,-0.17586,-0.0515,0.98294,-0.73,1.11,0.18,0.36897,-0.1826,0.00812,0.91129,-0.73,1.1,0.19,0.57067,-0.16059,-0.01376,0.8052,-0.74,1.07,0.2,0.57067,-0.16059,-0.01376,0.8052,-0.68,1.08,0.1,-0.28265,-0.15386,-0.08997,0.94252,-0.69,1.1,0.14,-0.1018,-0.11283,-0.14181,0.97816,-0.7,1.11,0.18,0.37311,-0.1832,-0.11113,0.90271,-0.71,1.1,0.19,0.62203,-0.22738,-0.07967,0.745,-0.72,1.08,0.2,0.62203,-0.22738,-0.07967,0.745,-0.68,1.07,0.1,-0.21187,-0.07683,-0.31908,0.92054,-0.68,1.09,0.14,-0.27462,0.01217,-0.23956,0.93115,-0.67,1.11,0.17,0.21259,-0.10868,-0.29095,0.92647,-0.68,1.1,0.18,0.47496,-0.23676,-0.25095,0.80956,-0.69,1.09,0.2,0.47496,-0.23676,-0.25095,0.80956,-0.81,1.08,0.19
-0.8,1.44,-0.15,-0.8,1.44,-0.15,-0.86,1.1,0.11,0.35212,-0.043,-0.17138,-0.91913,-0.86,1.06,0.06,0.35212,-0.043,-0.17138,-0.91913,-0.83,1.08,0.09,0.42608,-0.1686,0.52485,-0.71733,-0.8,1.09,0.11,0.17749,0.00496,0.47514,-0.86181,-0.8,1.1,0.14,0.03329,0.04231,0.54405,-0.83732,-0.8,1.11,0.16,0.03329,0.04231,0.54405,-0.83732,-0.84,1.08,0.09,0.35212,-0.043,-0.17138,-0.91913,-0.84,1.12,0.13,0.03285,-0.10207,-0.09543,-0.98964,-0.83,1.13,0.17,-0.29835,-0.1304,-0.0821,-0.94194,-0.82,1.11,0.18,-0.44542,-0.11466,-0.06987,-0.8852,-0.82,1.1,0.2,-0.44542,-0.11466,-0.06987,-0.8852,-0.85,1.08,0.09,0.35212,-0.043,-0.17138,-0.91913,-0.86,1.12,0.13,0.13921,-0.07037,-0.17221,-0.97263,-0.85,1.13,0.17,-0.22005,-0.12923,-0.14792,-0.95551,-0.85,1.12,0.19,-0.42288,-0.15158,-0.17943,-0.87522,-0.84,1.11,0.21,-0.42288,-0.15158,-0.17943,-0.87522,-0.87,1.07,0.09,0.35212,-0.043,-0.17138,-0.91913,-0.87,1.11,0.13,0.2282,-0.02711,-0.23839,-0.94359,-0.88,1.12,0.17,-0.20555,-0.1492,-0.23844,-0.93735,-0.87,1.12,0.19,-0.45729,-0.23429,-0.20913,-0.83202,-0.85,1.1,0.2,-0.45729,-0.23429,-0.20913,-0.83202,-0.88,1.07,0.09,0.29108,0.01133,-0.40482,-0.86675,-0.89,1.09,0.13,0.27659,0.00901,-0.31753,-0.90697,-0.89,1.11,0.16,-0.1999,-0.14923,-0.35578,-0.90066,-0.89,1.1,0.17,-0.46985,-0.30036,-0.2935,-0.77646,-0.87,1.09,0.18,-0.46985,-0.30036,-0.2935,-0.77646,-0.7,1.1,0.11,-0.32877,-0.15341,-0.11211,0.9251,-0.69,1.06,0.07,-0.32877,-0.15341,-0.11211,0.9251,-0.72,1.07,0.09,-0.47141,-0.19106,0.53397,0.67539,-0.75,1.09,0.11,-0.30579,-0.06364,0.48382,0.81753,-0.76,1.1,0.13,-0.24646,-0.06392,0.56749,0.78302,-0.77,1.11,0.15,-0.24646,-0.06392,0.56749,0.78302,-0.71,1.08,0.09,-0.32877,-0.15341,-0.11211,0.9251,-0.73,1.12,0.13,-0.01805,-0.26001,0.05241,0.96401,-0.75,1.12,0.16,0.30099,-0.23102,0.10836,0.91885,-0.76,1.1,0.18,0.43173,-0.18627,0.13196,0.87264,-0.76,1.09,0.19,0.43173,-0.18627,0.13196,0.87264,-0.7,1.08,0.09,-0.32877,-0.15341,-0.11211,0.9251,-0.71,1.12,0.13,0.01373,-0.19963,-0.04735,0.97863,-0.72,1.12,0.17,0.38708,-0.20269,0.01949,0.89928,-0.73,1.1,0.19,0.58553,-0.17651,0.00213,0.7912,-0.74,1.08,0.2,0.58553,-0.17651,0.00213,0.7912,-0.68,1.08,0.1,-0.32877,-0.15341,-0.11211,0.9251,-0.69,1.11,0.14,-0.08012,-0.14274,-0.15005,0.97503,-0.7,1.12,0.17,0.38547,-0.21182,-0.10585,0.89182,-0.71,1.1,0.19,0.63339,-0.25266,-0.06583,0.72845,-0.72,1.08,0.19,0.63339,-0.25266,-0.06583,0.72845,-0.67,1.07,0.1,-0.25383,-0.08879,-0.34338,0.89988,-0.67,1.1,0.14,-0.29035,-0.00931,-0.26853,0.91842,-0.67,1.11,0.17,0.2268,-0.15296,-0.30152,0.91337,-0.68,1.11,0.18,0.49175,-0.28372,-0.24553,0.78575,-0.69,1.09,0.19,0.49175,-0.28372,-0.24553,0.78575,-0.81,1.08,0.19
-0.8,1.44,-0.15,-0.8,1.44,-0.15,-0.85,1.09,0.11,0.29117,-0.03323,-0.1465,-0.9448,-0.86,1.06,0.06,0.29117,-0.03323,-0.1465,-0.9448,-0.82,1.07,0.09,0.38914,-0.20926,0.51763,-0.73269,-0.8,1.09,0.11,0.13647,-0.03343,0.48145,-0.86514,-0.8,1.09,0.14,0.01718,-0.01278,0.55553,-0.83122,-0.79,1.09,0.16,0.01718,-0.01278,0.55553,-0.83122,-0.84,1.08,0.09,0.29117,-0.03323,-0.1465,-0.9448,-0.84,1.11,0.14,0.02338,-0.08541,-0.08111,-0.99276,-0.83,1.11,0.17,-0.29734,-0.10887,-0.07543,-0.94554,-0.82,1.1,0.19,-0.4415,-0.09204,-0.06709,-0.89,-0.82,1.08,0.21,-0.4415,-0.09204,-0.06709,-0.89,-0.85,1.07,0.09,0.29117,-0.03323,-0.1465,-0.9448,-0.86,1.11,0.14,0.08431,-0.04291,-0.15503,-0.98337,-0.85,1.12,0.18,-0.27244,-0.09638,-0.14212,-0.94673,-0.85,1.1,0.2,-0.42356,-0.10763,-0.182,-0.88084,-0.84,1.09,0.22,-0.42356,-0.10763,-0.182,-0.88084,-0.87,1.07,0.09,0.29117,-0.03323,-0.1465,-0.9448,-0.87,1.1,0.14,0.13804,-0.01032,-0.21422,-0.96693,-0.88,1.11,0.17,-0.25999,-0.11144,-0.22983,-0.93122,-0.87,1.1,0.2,-0.45413,-0.18312,-0.22096,-0.84345,-0.86,1.08,0.21,-0.45413,-0.18312,-0.22096,-0.84345,-0.88,1.06,0.09,0.23713,0.03747,-0.37768,-0.89427,-0.89,1.08,0.13,0.20357,0.02342,-0.29064,-0.93463,-0.89,1.09,0.16,-0.16874,-0.07858,-0.34671,-0.91932,-0.89,1.09,0.18,-0.32722,-0.18881,-0.33126,-0.86461,-0.88,1.08,0.2,-0.32722,-0.18881,-0.33126,-0.86461,-0.7,1.1,0.11,-0.33265,-0.15744,-0.11472,0.92271,-0.69,1.06,0.07,-0.33265,-0.15744,-0.11472,0.92271,-0.73,1.07,0.09,-0.46326,-0.22578,0.54431,0.66192,-0.75,1.09,0.1,-0.27969,-0.08223,0.50698,0.81117,-0.76,1.1,0.13,-0.19959,-0.06753,0.5896,0.77973,-0.77,1.1,0.15,-0.19959,-0.06753,0.5896,0.77973,-0.71,1.08,0.09,-0.33265,-0.15744,-0.11472,0.92271,-0.73,1.12,0.13,-0.13587,-0.22794,-0.00876,0.96411,-0.75,1.13,0.16,0.20733,-0.22267,0.04473,0.95154,-0.76,1.12,0.18,0.35096,-0.18765,0.06639,0.91499,-0.76,1.1,0.2,0.35096,-0.18765,0.06639,0.91499,-0.7,1.08,0.09,-0.33265,-0.15744,-0.11472,0.92271,-0.71,1.12,0.14,-0.08984,-0.19005,-0.07473,0.97479,-0.72,1.13,0.17,0.25534,-0.20511,-0.01684,0.94469,-0.73,1.12,0.19,0.4325,-0.19585,-0.03874,0.87925,-0.74,1.1,0.21,0.4325,-0.19585,-0.03874,0.87925,-0.68,1.08,0.1,-0.33265,-0.15744,-0.11472,0.92271,-0.69,1.11,0.14,-0.1362,-0.13968,-0.15967,0.9677,-0.7,1.12,0.17,0.31175,-0.21336,-0.11908,0.91821,-0.71,1.11,0.19,0.55674,-0.25959,-0.07976,0.78504,-0.72,1.09,0.2,0.55674,-0.25959,-0.07976,0.78504,-0.68,1.07,0.1,-0.25643,-0.09389,-0.34589,0.89766,-0.67,1.1,0.14,-0.30598,-0.03053,-0.26757,0.91316,-0.67,1.11,0.17,0.24417,-0.18149,-0.28501,0.90896,-0.68,1.11,0.18,0.51688,-0.30764,-0.21837,0.76844,-0.7,1.09,0.19,0.51688,-0.30764,-0.21837,0.76844,-0.81,1.08,0.19
-0.8,1.44,-0.15,-0.8,1.44,-0.15,-0.85,1.09,0.11,0.31171,-0.03477,-0.13731,-0.93956,-0.86,1.06,0.06,0.31171,-0.03477,-0.13731,-0.93956,-0.82,1.07,0.09,0.42223,-0.18669,0.50965,-0.72604,-0.8,1.09,0.11,0.17726,-0.02089,0.46537,-0.86693,-0.8,1.1,0.14,0.05855,9e-05,0.54056,-0.83927,-0.79,1.1,0.16,0.05855,9e-05,0.54056,-0.83927,-0.84,1.08,0.09,0.31171,-0.03477,-0.13731,-0.93956,-0.83,1.11,0.13,0.0465,-0.08162,-0.07271,-0.99292,-0.83,1.12,0.17,-0.31926,-0.10629,-0.06371,-0.93953,-0.82,1.1,0.19,-0.47054,-0.08811,-0.05426,-0.87629,-0.82,1.09,0.2,-0.47054,-0.08811,-0.05426,-0.87629,-0.85,1.07,0.09,0.31171,-0.03477,-0.13731,-0.93956,-0.86,1.11,0.13,0.09206,-0.04302,-0.1465,-0.98398,-0.85,1.12,0.18,-0.29831,-0.09813,-0.13085,-0.94035,-0.85,1.11,0.2,-0.45072,-0.10637,-0.17035,-0.86978,-0.84,1.09,0.21,-0.45072,-0.10637,-0.17035,-0.86978,-0.87,1.07,0.09,0.31171,-0.03477,-0.13731,-0.93956,-0.87,1.1,0.13,0.10171,-0.02483,-0.20407,-0.97334,-0.87,1.11,0.17,-0.30285,-0.12066,-0.21469,-0.92067,-0.86,1.1,0.19,-0.49241,-0.18746,-0.20553,-0.82471,-0.85,1.08,0.2,-0.49241,-0.18746,-0.20553,-0.82471,-0.88,1.07,0.09,0.25808,0.03115,-0.37055,-0.89169,-0.89,1.09,0.13,0.16569,-0.00829,-0.28348,-0.94452,-0.89,1.1,0.16,-0.20506,-0.10079,-0.32821,-0.91655,-0.88,1.09,0.18,-0.3448,-0.20065,-0.31404,-0.86153,-0.87,1.08,0.19,-0.3448,-0.20065,-0.31404,-0.86153,-0.7,1.1,0.12,-0.31293,-0.16966,-0.12685,0.92585,-0.69,1.06,0.07,-0.31293,-0.16966,-0.12685,0.92585,-0.73,1.07,0.09,-0.45223,-0.26362,0.53677,0.66171,-0.75,1.08,0.1,-0.25441,-0.11221,0.51252,0.81241,-0.77,1.09,0.13,-0.15536,-0.08336,0.59664,0.78291,-0.78,1.1,0.15,-0.15536,-0.08336,0.59664,0.78291,-0.72,1.08,0.09,-0.31293,-0.16966,-0.12685,0.92585,-0.73,1.12,0.13,-0.18471,-0.19548,-0.06097,0.96122,-0.74,1.13,0.16,0.21379,-0.21181,-0.00313,0.95364,-0.75,1.12,0.18,0.38514,-0.18359,0.02352,0.90411,-0.76,1.11,0.2,0.38514,-0.18359,0.02352,0.90411,-0.7,1.08,0.09,-0.31293,-0.16966,-0.12685,0.92585,-0.71,1.12,0.14,-0.10926,-0.18138,-0.10323,0.97186,-0.72,1.13,0.17,0.25414,-0.20793,-0.04261,0.94359,-0.74,1.11,0.2,0.42249,-0.2031,-0.06459,0.88095,-0.75,1.1,0.21,0.42249,-0.2031,-0.06459,0.88095,-0.68,1.08,0.1,-0.31293,-0.16966,-0.12685,0.92585,-0.69,1.11,0.14,-0.12564,-0.14969,-0.1705,0.96578,-0.7,1.12,0.18,0.34702,-0.22997,-0.11834,0.90149,-0.72,1.1,0.19,0.58399,-0.27411,-0.07576,0.76032,-0.73,1.08,0.2,0.58399,-0.27411,-0.07576,0.76032,-0.68,1.07,0.1,-0.23305,-0.10142,-0.3553,0.89954,-0.68,1.09,0.14,-0.29095,-0.05636,-0.27352,0.91507,-0.68,1.11,0.17,0.32552,-0.22377,-0.26326,0.88015,-0.69,1.1,0.18,0.60106,-0.34263,-0.18085,0.69902,-0.7,1.09,0.18,0.60106,-0.34263,-0.18085,0.69902,-0.81,1.08,0.19
-0.8,1.44,-0.15,-0.8,1.44,-0.15,-0.86,1.1,0.11,0.34748,-0.0313,-0.14875,-0.92529,-0.86,1.06,0.06,0.34748,-0.0313,-0.14875,-0.92529,-0.83,1.08,0.09,0.44968,-0.15418,0.50661,-0.71928,-0.8,1.09,0.1,0.21022,0.00513,0.45158,-0.8671,-0.8,1.11,0.13,0.08246,0.03144,0.52489,-0.84658,-0.8,1.11,0.16,0.08246,0.03144,0.52489,-0.84658,-0.84,1.08,0.09,0.34748,-0.0313,-0.14875,-0.92529,-0.84,1.12,0.13,0.06713,-0.07557,-0.08609,-0.99115,-0.83,1.13,0.17,-0.37586,-0.11217,-0.06913,-0.91726,-0.83,1.11,0.18,-0.54903,-0.09641,-0.05344,-0.8285,-0.82,1.09,0.19,-0.54903,-0.09641,-0.05344,-0.8285,-0.85,1.08,0.09,0.34748,-0.0313,-0.14875,-0.92529,-0.86,1.12,0.13,0.10152,-0.04879,-0.15697,-0.98116,-0.86,1.13,0.17,-0.33597,-0.11449,-0.13267,-0.92543,-0.85,1.11,0.19,-0.51417,-0.12436,-0.16755,-0.83192,-0.84,1.09,0.2,-0.51417,-0.12436,-0.16755,-0.83192,-0.87,1.07,0.09,0.34748,-0.0313,-0.14875,-0.92529,-0.88,1.11,0.13,0.10766,-0.03706,-0.2141,-0.97015,-0.87,1.11,0.17,-0.333,-0.14443,-0.21388,-0.90692,-0.86,1.1,0.19,-0.54394,-0.21441,-0.19561,-0.78733,-0.85,1.08,0.2,-0.54394,-0.21441,-0.19561,-0.78733,-0.88,1.07,0.09,0.29207,0.02489,-0.38376,-0.87567,-0.89,1.09,0.13,0.16817,-0.0324,-0.29363,-0.94045,-0.89,1.1,0.16,-0.2316,-0.137,-0.32561,-0.90641,-0.88,1.09,0.18,-0.39806,-0.24505,-0.29964,-0.83169,-0.87,1.08,0.19,-0.39806,-0.24505,-0.29964,-0.83169,-0.71,1.1,0.11,-0.31081,-0.18561,-0.13347,0.92257,-0.69,1.06,0.07,-0.31081,-0.18561,-0.13347,0.92257,-0.73,1.07,0.09,-0.45531,-0.27492,0.53512,0.65632,-0.75,1.08,0.1,-0.25918,-0.12486,0.51404,0.80809,-0.77,1.09,0.13,-0.15568,-0.09085,0.59947,0.77984,-0.78,1.1,0.15,-0.15568,-0.09085,0.59947,0.77984,-0.72,1.08,0.09,-0.31081,-0.18561,-0.13347,0.92257,-0.73,1.12,0.13,-0.165,-0.20029,-0.06711,0.96341,-0.75,1.13,0.16,0.27542,-0.21826,0.00294,0.93622,-0.76,1.12,0.18,0.46235,-0.18761,0.03705,0.86583,-0.76,1.1,0.19,0.46235,-0.18761,0.03705,0.86583,-0.7,1.08,0.09,-0.31081,-0.18561,-0.13347,0.92257,-0.71,1.12,0.14,-0.08884,-0.19273,-0.10682,0.97137,-0.73,1.13,0.17,0.32266,-0.22142,-0.03015,0.91976,-0.74,1.11,0.19,0.49926,-0.21001,-0.04723,0.83929,-0.75,1.09,0.2,0.49926,-0.21001,-0.04723,0.83929,-0.68,1.07,0.1,-0.31081,-0.18561,-0.13347,0.92257,-0.7,1.11,0.14,-0.11001,-0.1668,-0.17254,0.96452,-0.71,1.12,0.18,0.39481,-0.24913,-0.1036,0.87825,-0.72,1.1,0.19,0.63208,-0.28698,-0.05482,0.71771,-0.73,1.08,0.19,0.63208,-0.28698,-0.05482,0.71771,-0.68,1.07,0.11,-0.22682,-0.117,-0.36043,0.89719,-0.68,1.09,0.14,-0.28646,-0.07856,-0.27859,0.91332,-0.68,1.11,0.17,0.35118,-0.24978,-0.24879,0.8674,-0.69,1.1,0.18,0.63056,-0.36309,-0.15486,0.66827,-0.71,1.08,0.18,0.63056,-0.36309,-0.15486,0.66827,-0.81,1.08,0.19
-0.8,1.44,-0.15,-0.8,1.44,-0.15,-0.86,1.1,0.11,0.35578,-0.03006,-0.15693,-0.92081,-0.86,1.06,0.06,0.35578,-0.03006,-0.15693,-0.92081,-0.83,1.08,0.09,0.45373,-0.14463,0.50477,-0.72001,-0.8,1.09,0.11,0.21411,0.01351,0.44666,-0.8686,-0.8,1.11,0.14,0.08169,0.04182,0.51882,-0.84994,-0.8,1.11,0.16,0.08169,0.04182,0.51882,-0.84994,-0.84,1.08,0.09,0.35578,-0.03006,-0.15693,-0.92081,-0.84,1.12,0.13,0.07734,-0.07209,-0.09731,-0.98962,-0.83,1.13,0.17,-0.37888,-0.11536,-0.07899,-0.91482,-0.83,1.11,0.18,-0.56531,-0.10265,-0.06042,-0.81623,-0.82,1.09,0.19,-0.56531,-0.10265,-0.06042,-0.81623,-0.85,1.08,0.09,0.35578,-0.03006,-0.15693,-0.92081,-0.86,1.12,0.13,0.1108,-0.05316,-0.16322,-0.97891,-0.86,1.13,0.17,-0.32899,-0.12159,-0.13606,-0.92654,-0.85,1.11,0.19,-0.52078,-0.13422,-0.16871,-0.82602,-0.84,1.09,0.2,-0.52078,-0.13422,-0.16871,-0.82602,-0.87,1.07,0.09,0.35578,-0.03006,-0.15693,-0.92081,-0.88,1.11,0.13,0.12449,-0.04266,-0.21938,-0.96672,-0.87,1.12,0.17,-0.32416,-0.15418,-0.21467,-0.90833,-0.86,1.1,0.19,-0.54821,-0.22655,-0.19118,-0.78205,-0.85,1.09,0.2,-0.54821,-0.22655,-0.19118,-0.78205,-0.88,1.07,0.09,0.2993,0.0236,-0.39193,-0.86963,-0.89,1.09,0.13,0.18402,-0.03913,-0.29843,-0.9357,-0.89,1.1,0.16,-0.23114,-0.15162,-0.32552,-0.90422,-0.88,1.1,0.18,-0.41774,-0.26598,-0.29098,-0.81858,-0.87,1.08,0.19,-0.41774,-0.26598,-0.29098,-0.81858,-0.71,1.1,0.11,-0.32909,-0.18727,-0.1361,0.91548,-0.68,1.06,0.07,-0.32909,-0.18727,-0.1361,0.91548,-0.73,1.07,0.09,-0.45337,-0.25856,0.55313,0.64934,-0.75,1.08,0.1,-0.26493,-0.1069,0.52676,0.80057,-0.77,1.09,0.13,-0.16033,-0.07109,0.60989,0.77284,-0.78,1.1,0.15,-0.16033,-0.07109,0.60989,0.77284,-0.71,1.08,0.09,-0.32909,-0.18727,-0.1361,0.91548,-0.73,1.12,0.13,-0.16534,-0.19818,-0.06752,0.96376,-0.75,1.13,0.16,0.28523,-0.21653,0.00399,0.93367,-0.75,1.12,0.18,0.47632,-0.18543,0.03916,0.85861,-0.76,1.1,0.19,0.47632,-0.18543,0.03916,0.85861,-0.7,1.08,0.09,-0.32909,-0.18727,-0.1361,0.91548,-0.71,1.12,0.13,-0.08805,-0.19483,-0.10688,0.97101,-0.73,1.13,0.17,0.33251,-0.22363,-0.0271,0.9158,-0.74,1.11,0.19,0.51452,-0.21093,-0.04273,0.83003,-0.75,1.09,0.2,0.51452,-0.21093,-0.04273,0.83003,-0.68,1.07,0.1,-0.32909,-0.18727,-0.1361,0.91548,-0.69,1.11,0.14,-0.11352,-0.17088,-0.17394,0.96315,-0.71,1.12,0.17,0.39456,-0.25384,-0.10177,0.87723,-0.72,1.1,0.19,0.63404,-0.29094,-0.05093,0.71467,-0.73,1.08,0.19,0.63404,-0.29094,-0.05093,0.71467,-0.68,1.07,0.11,-0.24393,-0.12343,-0.36404,0.89036,-0.68,1.09,0.14,-0.30125,-0.08443,-0.2829,0.90669,-0.68,1.11,0.17,0.33654,-0.25847,-0.24797,0.87089,-0.69,1.1,0.18,0.61858,-0.37107,-0.1501,0.67612,-0.71,1.09,0.18,0.61858,-0.37107,-0.1501,0.67612,-0.81,1.08,0.19
-0.8,1.44,-0.15,-0.8,1.44,-0.15,-0.85,1.09,0.12,0.28602,-0.03874,-0.13263,-0.94821,-0.86,1.06,0.06,0.28602,-0.03874,-0.13263,-0.94821,-0.82,1.07,0.09,0.4019,-0.20165,0.5103,-0.73308,-0.8,1.08,0.11,0.14964,-0.03013,0.47147,-0.86857,-0.79,1.09,0.14,0.02891,-0.00899,0.54614,-0.83714,-0.79,1.09,0.17,0.02891,-0.00899,0.54614,-0.83714,-0.83,1.07,0.09,0.28602,-0.03874,-0.13263,-0.94821,-0.83,1.11,0.14,0.06532,-0.07535,-0.07634,-0.99208,-0.83,1.11,0.18,-0.30949,-0.10286,-0.0684,-0.94285,-0.82,1.1,0.19,-0.48869,-0.0877,-0.05643,-0.8662,-0.82,1.08,0.21,-0.48869,-0.0877,-0.05643,-0.8662,-0.85,1.07,0.09,0.28602,-0.03874,-0.13263,-0.94821,-0.85,1.11,0.14,0.11385,-0.04472,-0.13997,-0.98257,-0.85,1.12,0.18,-0.2734,-0.09687,-0.12458,-0.94887,-0.84,1.1,0.2,-0.44931,-0.10862,-0.16419,-0.87142,-0.84,1.09,0.22,-0.44931,-0.10862,-0.16419,-0.87142,-0.87,1.07,0.09,0.28602,-0.03874,-0.13263,-0.94821,-0.87,1.1,0.14,0.16697,-0.01697,-0.19648,-0.96604,-0.87,1.11,0.17,-0.24944,-0.11501,-0.20903,-0.93854,-0.86,1.1,0.2,-0.46307,-0.18559,-0.19736,-0.84391,-0.85,1.08,0.21,-0.46307,-0.18559,-0.19736,-0.84391,-0.88,1.06,0.1,0.23289,0.03393,-0.36413,-0.90112,-0.89,1.08,0.14,0.19419,-0.00697,-0.27039,-0.94294,-0.89,1.09,0.16,-0.19032,-0.10091,-0.31641,-0.92384,-0.88,1.09,0.18,-0.36757,-0.2105,-0.29499,-0.85649,-0.87,1.08,0.2,-0.36757,-0.2105,-0.29499,-0.85649,-0.7,1.1,0.11,-0.35489,-0.18016,-0.13346,0.90763,-0.68,1.06,0.07,-0.35489,-0.18016,-0.13346,0.90763,-0.72,1.07,0.09,-0.45422,-0.23121,0.57195,0.64272,-0.75,1.08,0.1,-0.27499,-0.07911,0.53724,0.79341,-0.76,1.09,0.13,-0.1684,-0.04141,0.61732,0.76736,-0.77,1.1,0.15,-0.1684,-0.04141,0.61732,0.76736,-0.71,1.08,0.09,-0.35489,-0.18016,-0.13346,0.90763,-0.73,1.12,0.13,-0.18299,-0.18849,-0.06549,0.96265,-0.74,1.13,0.16,0.26674,-0.2074,0.00117,0.94119,-0.75,1.12,0.18,0.45817,-0.17728,0.03363,0.87036,-0.76,1.11,0.19,0.45817,-0.17728,0.03363,0.87036,-0.7,1.08,0.09,-0.35489,-0.18016,-0.13346,0.90763,-0.71,1.12,0.13,-0.11474,-0.18608,-0.10778,0.96984,-0.72,1.13,0.17,0.30372,-0.21629,-0.03249,0.92732,-0.73,1.12,0.19,0.4857,-0.20662,-0.05023,0.84786,-0.74,1.1,0.2,0.4857,-0.20662,-0.05023,0.84786,-0.68,1.08,0.1,-0.35489,-0.18016,-0.13346,0.90763,-0.69,1.11,0.14,-0.14711,-0.16195,-0.17654,0.95967,-0.7,1.12,0.17,0.35447,-0.2478,-0.11019,0.89488,-0.71,1.11,0.19,0.59598,-0.28878,-0.06124,0.74677,-0.73,1.09,0.19,0.59598,-0.28878,-0.06124,0.74677,-0.67,1.07,0.1,-0.2709,-0.12294,-0.36361,0.88277,-0.68,1.1,0.14,-0.33903,-0.07522,-0.28402,0.89372,-0.67,1.12,0.16,0.28877,-0.25275,-0.25606,0.88722,-0.69,1.11,0.18,0.57563,-0.36859,-0.15939,0.7123,-0.7,1.09,0.18,0.57563,-0.36859,-0.15939,0.7123,-0.81,1.08,0.19
-0.8,1.44,-0.15,-0.8,1.44,-0.15,-0.85,1.08,0.12,0.2238,-0.05388,-0.10626,-0.96733,-0.86,1.06,0.06,0.2238,-0.05388,-0.10626,-0.96733,-0.82,1.07,0.09,0.36918,-0.24933,0.50361,-0.74022,-0.8,1.07,0.11,0.11029,-0.07316,0.48144,-0.86643,-0.79,1.08,0.14,0.00494,-0.06138,0.55884,-0.82698,-0.79,1.08,0.17,0.00494,-0.06138,0.55884,-0.82698,-0.83,1.07,0.09,0.2238,-0.05388,-0.10626,-0.96733,-0.83,1.1,0.14,0.02431,-0.08826,-0.04949,-0.99457,-0.82,1.1,0.18,-0.27899,-0.1006,-0.04658,-0.95387,-0.82,1.09,0.2,-0.43162,-0.08002,-0.03957,-0.89763,-0.81,1.07,0.21,-0.43162,-0.08002,-0.03957,-0.89763,-0.85,1.07,0.09,0.2238,-0.05388,-0.10626,-0.96733,-0.85,1.1,0.14,0.09219,-0.0468,-0.11354,-0.98814,-0.85,1.11,0.19,-0.23725,-0.08215,-0.10455,-0.96231,-0.84,1.09,0.21,-0.37918,-0.08841,-0.14794,-0.90913,-0.83,1.08,0.23,-0.37918,-0.08841,-0.14794,-0.90913,-0.87,1.06,0.1,0.2238,-0.05388,-0.10626,-0.96733,-0.87,1.09,0.14,0.16234,-0.01294,-0.16831,-0.97219,-0.87,1.1,0.18,-0.21064,-0.09074,-0.18899,-0.95482,-0.86,1.09,0.2,-0.39865,-0.15302,-0.18594,-0.88492,-0.85,1.08,0.22,-0.39865,-0.15302,-0.18594,-0.88492,-0.87,1.06,0.1,0.17286,0.03532,-0.33356,-0.92607,-0.88,1.07,0.14,0.18394,0.00434,-0.23848,-0.95356,-0.89,1.08,0.17,-0.16696,-0.06658,-0.29299,-0.93907,-0.88,1.08,0.19,-0.32468,-0.16542,-0.28186,-0.88756,-0.87,1.07,0.2,-0.32468,-0.16542,-0.28186,-0.88756,-0.7,1.1,0.11,-0.35232,-0.17535,-0.13105,0.90992,-0.68,1.06,0.07,-0.35232,-0.17535,-0.13105,0.90992,-0.72,1.07,0.09,-0.45015,-0.23017,0.57303,0.645,-0.75,1.08,0.11,-0.27147,-0.07799,0.53786,0.79431,-0.76,1.09,0.13,-0.16202,-0.03847,0.61762,0.76864,-0.77,1.1,0.16,-0.16202,-0.03847,0.61762,0.76864,-0.71,1.08,0.09,-0.35232,-0.17535,-0.13105,0.90992,-0.73,1.12,0.13,-0.18064,-0.18226,-0.06478,0.96434,-0.74,1.13,0.16,0.26642,-0.20144,-0.00165,0.94257,-0.75,1.12,0.18,0.4563,-0.17205,0.02921,0.87255,-0.76,1.1,0.19,0.4563,-0.17205,0.02921,0.87255,-0.7,1.08,0.09,-0.35232,-0.17535,-0.13105,0.90992,-0.71,1.12,0.13,-0.12129,-0.17876,-0.109,0.97029,-0.72,1.13,0.17,0.28797,-0.20984,-0.03888,0.93356,-0.73,1.12,0.19,0.46438,-0.20243,-0.05887,0.86018,-0.74,1.1,0.2,0.46438,-0.20243,-0.05887,0.86018,-0.68,1.08,0.1,-0.35232,-0.17535,-0.13105,0.90992,-0.69,1.11,0.14,-0.17162,-0.15054,-0.18019,0.95677,-0.7,1.13,0.17,0.31938,-0.23924,-0.12142,0.90885,-0.71,1.11,0.19,0.55688,-0.28446,-0.07621,0.77663,-0.72,1.09,0.2,0.55688,-0.28446,-0.07621,0.77663,-0.67,1.07,0.1,-0.2697,-0.11739,-0.36149,0.88476,-0.67,1.1,0.14,-0.35838,-0.06105,-0.28227,0.88778,-0.67,1.12,0.16,0.25822,-0.2393,-0.26535,0.89758,-0.68,1.11,0.18,0.54305,-0.35835,-0.17468,0.73904,-0.7,1.1,0.18,0.54305,-0.35835,-0.17468,0.73904,-0.81,1.08,0.19
-0.8,1.44,-0.15,-0.8,1.44,-0.15,-0.85,1.08,0.12,0.22515,-0.07555,-0.12443,-0.96339,-0.86,1.06,0.06,0.22515,-0.07555,-0.12443,-0.96339,-0.82,1.07,0.09,0.40519,-0.24677,0.46644,-0.74657,-0.8,1.08,0.11,0.13614,-0.08281,0.44443,-0.88153,-0.79,1.08,0.14,0.03112,-0.07292,0.52567,-0.84698,-0.78,1.08,0.16,0.03112,-0.07292,0.52567,-0.84698,-0.83,1.07,0.09,0.22515,-0.07555,-0.12443,-0.96339,-0.82,1.1,0.14,0.02336,-0.11144,-0.06307,-0.99149,-0.82,1.1,0.18,-0.24749,-0.12491,-0.05675,-0.95913,-0.81,1.09,0.2,-0.38336,-0.1049,-0.04906,-0.91631,-0.81,1.08,0.21,-0.38336,-0.1049,-0.04906,-0.91631,-0.85,1.07,0.09,0.22515,-0.07555,-0.12443,-0.96339,-0.85,1.1,0.14,0.11258,-0.06244,-0.13193,-0.98286,-0.84,1.11,0.18,-0.20471,-0.1018,-0.11797,-0.96634,-0.84,1.1,0.21,-0.33622,-0.10998,-0.15864,-0.92179,-0.83,1.08,0.23,-0.33622,-0.10998,-0.15864,-0.92179,-0.87,1.07,0.1,0.22515,-0.07555,-0.12443,-0.96339,-0.86,1.09,0.14,0.19917,-0.0286,-0.1867,-0.96159,-0.86,1.1,0.18,-0.16954,-0.11279,-0.19975,-0.95845,-0.86,1.1,0.2,-0.35316,-0.1764,-0.19146,-0.89861,-0.85,1.08,0.22,-0.35316,-0.1764,-0.19146,-0.89861,-0.87,1.06,0.1,0.16721,0.01318,-0.35012,-0.92157,-0.88,1.07,0.14,0.22412,-0.01032,-0.25365,-0.94092,-0.88,1.09,0.17,-0.12638,-0.0886,-0.30225,-0.94065,-0.88,1.08,0.19,-0.29537,-0.19197,-0.28312,-0.89204,-0.87,1.07,0.2,-0.29537,-0.19197,-0.28312,-0.89204,-0.7,1.1,0.11,-0.35049,-0.17977,-0.13161,0.90968,-0.68,1.06,0.07,-0.35049,-0.17977,-0.13161,0.90968,-0.72,1.07,0.09,-0.45313,-0.23226,0.57031,0.64457,-0.75,1.08,0.1,-0.2742,-0.081,0.53568,0.79454,-0.76,1.09,0.13,-0.15808,-0.03605,0.61572,0.77111,-0.77,1.1,0.15,-0.15808,-0.03605,0.61572,0.77111,-0.71,1.08,0.09,-0.35049,-0.17977,-0.13161,0.90968,-0.73,1.12,0.13,-0.18098,-0.18387,-0.06654,0.96385,-0.74,1.13,0.16,0.26743,-0.20367,-0.00219,0.9418,-0.75,1.12,0.18,0.45634,-0.17436,0.02899,0.87208,-0.76,1.1,0.19,0.45634,-0.17436,0.02899,0.87208,-0.7,1.07,0.09,-0.35049,-0.17977,-0.13161,0.90968,-0.71,1.12,0.13,-0.12207,-0.18176,-0.10966,0.96955,-0.72,1.13,0.17,0.28826,-0.21291,-0.03796,0.93281,-0.73,1.12,0.19,0.46072,-0.20519,-0.05791,0.86156,-0.74,1.1,0.2,0.46072,-0.20519,-0.05791,0.86156,-0.68,1.07,0.1,-0.35049,-0.17977,-0.13161,0.90968,-0.69,1.11,0.14,-0.17836,-0.15303,-0.18144,0.95491,-0.7,1.12,0.17,0.31296,-0.24231,-0.12107,0.91032,-0.71,1.11,0.19,0.54438,-0.28718,-0.07679,0.7844,-0.73,1.09,0.2,0.54438,-0.28718,-0.07679,0.7844,-0.67,1.07,0.1,-0.26694,-0.12134,-0.36164,0.88501,-0.68,1.1,0.14,-0.36589,-0.06018,-0.28328,0.88445,-0.67,1.12,0.16,0.24601,-0.23871,-0.26738,0.90056,-0.68,1.11,0.18,0.52365,-0.35682,-0.18,0.75238,-0.7,1.1,0.18,0.52365,-0.35682,-0.18,0.75238,-0.81,1.08,0.19
-0.8,1.44,-0.15,-0.8,1.44,-0.15,-0.85,1.09,0.12,0.24911,-0.0749,-0.15032,-0.9538,-0.86,1.06,0.06,0.24911,-0.0749,-0.15032,-0.9538,-0.82,1.07,0.09,0.43073,-0.22333,0.44951,-0.75003,-0.8,1.09,0.1,0.15512,-0.06569,0.42031,-0.89161,-0.79,1.09,0.14,0.03971,-0.05213,0.50169,-0.86256,-0.79,1.09,0.16,0.03971,-0.05213,0.50169,-0.86256,-0.83,1.07,0.09,0.24911,-0.0749,-0.15032,-0.9538,-0.83,1.11,0.14,0.04541,-0.11148,-0.08962,-0.98868,-0.82,1.11,0.17,-0.22652,-0.13276,-0.08208,-0.96142,-0.81,1.1,0.2,-0.3618,-0.11637,-0.07383,-0.92201,-0.81,1.09,0.21,-0.3618,-0.11637,-0.07383,-0.92201,-0.85,1.07,0.09,0.24911,-0.0749,-0.15032,-0.9538,-0.85,1.1,0.14,0.1413,-0.06266,-0.15926,-0.97506,-0.85,1.12,0.18,-0.1882,-0.11295,-0.14225,-0.96519,-0.84,1.11,0.21,-0.33043,-0.12681,-0.18063,-0.91767,-0.83,1.09,0.22,-0.33043,-0.12681,-0.18063,-0.91767,-0.87,1.07,0.09,0.24911,-0.0749,-0.15032,-0.9538,-0.87,1.09,0.14,0.23625,-0.02939,-0.21359,-0.94747,-0.87,1.11,0.17,-0.17005,-0.134,-0.21894,-0.95142,-0.86,1.1,0.2,-0.37481,-0.20527,-0.2025,-0.88112,-0.85,1.09,0.21,-0.37481,-0.20527,-0.2025,-0.88112,-0.87,1.06,0.1,0.18708,0.00703,-0.37658,-0.90727,-0.88,1.08,0.14,0.26112,-0.01888,-0.27849,-0.92407,-0.88,1.09,0.16,-0.14425,-0.12735,-0.3177,-0.92846,-0.88,1.09,0.18,-0.37312,-0.25192,-0.27671,-0.84897,-0.86,1.08,0.2,-0.37312,-0.25192,-0.27671,-0.84897,-0.7,1.1,0.11,-0.35788,-0.18526,-0.13466,0.90524,-0.68,1.06,0.07,-0.35788,-0.18526,-0.13466,0.90524,-0.72,1.07,0.09,-0.46142,-0.22785,0.56898,0.64143,-0.75,1.08,0.1,-0.28315,-0.07784,0.53314,0.79343,-0.76,1.09,0.13,-0.16046,-0.02744,0.61291,0.7732,-0.77,1.1,0.15,-0.16046,-0.02744,0.61291,0.7732,-0.71,1.08,0.09,-0.35788,-0.18526,-0.13466,0.90524,-0.73,1.12,0.12,-0.18821,-0.1867,-0.07022,0.96166,-0.74,1.13,0.16,0.27621,-0.20806,-0.00053,0.93831,-0.75,1.12,0.17,0.46444,-0.17824,0.03179,0.8669,-0.76,1.1,0.19,0.46444,-0.17824,0.03179,0.8669,-0.7,1.08,0.09,-0.35788,-0.18526,-0.13466,0.90524,-0.71,1.12,0.13,-0.1051,-0.19002,-0.10705,0.97025,-0.72,1.13,0.17,0.34117,-0.22024,-0.02345,0.91354,-0.73,1.11,0.19,0.51856,-0.20641,-0.0403,0.82877,-0.74,1.09,0.2,0.51856,-0.20641,-0.0403,0.82877,-0.68,1.07,0.1,-0.35788,-0.18526,-0.13466,0.90524,-0.69,1.11,0.14,-0.15871,-0.1643,-0.17926,0.95691,-0.7,1.12,0.17,0.3578,-0.25328,-0.1073,0.89237,-0.71,1.11,0.19,0.58843,-0.2929,-0.06009,0.75123,-0.73,1.09,0.19,0.58843,-0.2929,-0.06009,0.75123,-0.68,1.07,0.1,-0.27261,-0.12886,-0.36461,0.88099,-0.68,1.1,0.14,-0.36274,-0.0688,-0.28729,0.88383,-0.67,1.12,0.16,0.25439,-0.24924,-0.26407,0.89634,-0.69,1.11,0.18,0.52973,-0.36532,-0.17393,0.74543,-0.7,1.1,0.18,0.52973,-0.36532,-0.17393,0.74543,-0.81,1.08,0.19
-0.8,1.44,-0.15,-0.8,1.44,-0.15,-0.85,1.09,0.11,0.29674,-0.06886,-0.18148,-0.93502,-0.86,1.06,0.06,0.29674,-0.06886,-0.18148,-0.93502,-0.82,1.08,0.09,0.4583,-0.1826,0.44793,-0.74564,-0.8,1.09,0.1,0.18058,-0.02795,0.40509,-0.89583,-0.8,1.1,0.13,0.04875,-0.00727,0.48318,-0.87414,-0.79,1.11,0.16,0.04875,-0.00727,0.48318,-0.87414,-0.84,1.08,0.09,0.29674,-0.06886,-0.18148,-0.93502,-0.83,1.11,0.13,0.07377,-0.10764,-0.1208,-0.98406,-0.82,1.12,0.17,-0.22682,-0.1416,-0.10873,-0.95743,-0.82,1.11,0.19,-0.367,-0.12945,-0.09815,-0.91593,-0.81,1.1,0.21,-0.367,-0.12945,-0.09815,-0.91593,-0.85,1.07,0.09,0.29674,-0.06886,-0.18148,-0.93502,-0.85,1.11,0.14,0.16991,-0.0658,-0.19044,-0.96464,-0.85,1.13,0.17,-0.20973,-0.13556,-0.16355,-0.95441,-0.84,1.12,0.2,-0.38344,-0.15659,-0.19558,-0.88893,-0.83,1.1,0.22,-0.38344,-0.15659,-0.19558,-0.88893,-0.87,1.07,0.09,0.29674,-0.06886,-0.18148,-0.93502,-0.87,1.1,0.14,0.26952,-0.03216,-0.24558,-0.9306,-0.87,1.12,0.17,-0.1973,-0.167,-0.2365,-0.93662,-0.86,1.11,0.19,-0.43653,-0.24835,-0.2048,-0.84013,-0.85,1.1,0.2,-0.43653,-0.24835,-0.2048,-0.84013,-0.87,1.06,0.1,0.23041,-0.0002,-0.40965,-0.88267,-0.88,1.08,0.14,0.29616,-0.0317,-0.3094,-0.90308,-0.89,1.1,0.16,-0.15684,-0.1729,-0.33318,-0.91351,-0.88,1.1,0.18,-0.42088,-0.31162,-0.26696,-0.809,-0.86,1.09,0.19,-0.42088,-0.31162,-0.26696,-0.809,-0.7,1.1,0.11,-0.36188,-0.18895,-0.13242,0.90322,-0.68,1.06,0.07,-0.36188,-0.18895,-0.13242,0.90322,-0.72,1.07,0.09,-0.46046,-0.22259,0.57576,0.63791,-0.75,1.08,0.1,-0.28485,-0.07179,0.53845,0.78979,-0.76,1.09,0.13,-0.15335,-0.01384,0.61668,0.77201,-0.77,1.1,0.15,-0.15335,-0.01384,0.61668,0.77201,-0.71,1.08,0.09,-0.36188,-0.18895,-0.13242,0.90322,-0.73,1.12,0.12,-0.17789,-0.18901,-0.0651,0.96353,-0.74,1.13,0.15,0.30366,-0.20739,0.00887,0.92989,-0.75,1.12,0.17,0.4915,-0.17532,0.04209,0.85201,-0.76,1.1,0.18,0.4915,-0.17532,0.04209,0.85201,-0.7,1.08,0.09,-0.36188,-0.18895,-0.13242,0.90322,-0.71,1.12,0.13,-0.07828,-0.19491,-0.09868,0.9727,-0.72,1.13,0.17,0.40769,-0.22091,-0.00373,0.88599,-0.73,1.11,0.18,0.60232,-0.19794,-0.01607,0.77316,-0.74,1.09,0.19,0.60232,-0.19794,-0.01607,0.77316,-0.68,1.08,0.1,-0.36188,-0.18895,-0.13242,0.90322,-0.69,1.11,0.14,-0.12734,-0.17221,-0.17113,0.96169,-0.7,1.12,0.17,0.42003,-0.25776,-0.0882,0.86565,-0.72,1.11,0.18,0.65987,-0.28986,-0.03591,0.69228,-0.73,1.08,0.18,0.65987,-0.28986,-0.03591,0.69228,-0.68,1.07,0.1,-0.27607,-0.1335,-0.36252,0.88008,-0.68,1.1,0.14,-0.34064,-0.07936,-0.28528,0.89234,-0.68,1.12,0.16,0.28367,-0.25602,-0.25522,0.88817,-0.69,1.11,0.18,0.55946,-0.36924,-0.16261,0.72404,-0.7,1.1,0.18,0.55946,-0.36924,-0.16261,0.72404,-0.81,1.08,0.19
-0.8,1.44,-0.15,-0.8,1.44,-0.15,-0.85,1.09,0.11,0.31886,-0.06973,-0.18232,-0.92748,-0.86,1.06,0.06,0.31886,-0.06973,-0.18232,-0.92748,-0.82,1.08,0.09,0.45834,-0.17067,0.46856,-0.73569,-0.8,1.09,0.1,0.18601,-0.01034,0.42117,-0.88764,-0.8,1.1,0.13,0.04701,0.01635,0.49589,-0.86696,-0.8,1.11,0.16,0.04701,0.01635,0.49589,-0.86696,-0.84,1.08,0.09,0.31886,-0.06973,-0.18232,-0.92748,-0.83,1.12,0.13,0.07847,-0.10716,-0.12051,-0.98379,-0.83,1.12,0.17,-0.25177,-0.14449,-0.10411,-0.95126,-0.82,1.11,0.19,-0.40131,-0.13254,-0.0907,-0.90175,-0.81,1.1,0.2,-0.40131,-0.13254,-0.0907,-0.90175,-0.85,1.07,0.09,0.31886,-0.06973,-0.18232,-0.92748,-0.85,1.11,0.13,0.15462,-0.07574,-0.18825,-0.96691,-0.85,1.13,0.17,-0.26026,-0.14951,-0.15237,-0.94164,-0.84,1.12,0.19,-0.45184,-0.1683,-0.17982,-0.85743,-0.83,1.1,0.21,-0.45184,-0.1683,-0.17982,-0.85743,-0.87,1.07,0.09,0.31886,-0.06973,-0.18232,-0.92748,-0.87,1.1,0.13,0.25415,-0.04362,-0.24564,-0.93443,-0.87,1.12,0.17,-0.23594,-0.18204,-0.22766,-0.92702,-0.86,1.11,0.19,-0.48182,-0.26141,-0.19085,-0.81431,-0.85,1.1,0.2,-0.48182,-0.26141,-0.19085,-0.81431,-0.87,1.06,0.1,0.25167,-0.00669,-0.41199,-0.87572,-0.88,1.08,0.13,0.2953,-0.04575,-0.31055,-0.90237,-0.89,1.1,0.16,-0.16695,-0.18883,-0.32637,-0.91102,-0.88,1.1,0.18,-0.42712,-0.32365,-0.25696,-0.80423,-0.86,1.09,0.19,-0.42712,-0.32365,-0.25696,-0.80423,-0.7,1.1,0.11,-0.36194,-0.19223,-0.1338,0.9023,-0.68,1.06,0.07,-0.36194,-0.19223,-0.1338,0.9023,-0.72,1.07,0.09,-0.45231,-0.21875,0.58452,0.6371,-0.75,1.08,0.1,-0.27992,-0.06662,0.54601,0.78681,-0.76,1.09,0.13,-0.14663,-0.00677,0.62285,0.76845,-0.77,1.1,0.15,-0.14663,-0.00677,0.62285,0.76845,-0.71,1.08,0.09,-0.36194,-0.19223,-0.1338,0.9023,-0.73,1.12,0.12,-0.16181,-0.19341,-0.06206,0.96569,-0.74,1.13,0.15,0.32753,-0.20932,0.01544,0.92123,-0.75,1.12,0.17,0.51432,-0.17557,0.04991,0.83795,-0.76,1.1,0.18,0.51432,-0.17557,0.04991,0.83795,-0.7,1.08,0.09,-0.36194,-0.19223,-0.1338,0.9023,-0.71,1.12,0.13,-0.07258,-0.19701,-0.09936,0.97265,-0.72,1.13,0.17,0.42318,-0.22302,-0.00067,0.87817,-0.74,1.11,0.18,0.62917,-0.19743,-0.01016,0.75171,-0.74,1.09,0.19,0.62917,-0.19743,-0.01016,0.75171,-0.68,1.08,0.1,-0.36194,-0.19223,-0.1338,0.9023,-0.69,1.11,0.14,-0.11981,-0.17452,-0.17184,0.96211,-0.7,1.12,0.17,0.44246,-0.26116,-0.08326,0.85387,-0.72,1.1,0.18,0.69051,-0.29046,-0.02628,0.66192,-0.73,1.08,0.18,0.69051,-0.29046,-0.02628,0.66192,-0.68,1.07,0.1,-0.27527,-0.13684,-0.36361,0.87937,-0.68,1.1,0.14,-0.32686,-0.08588,-0.28632,0.89655,-0.68,1.12,0.16,0.29927,-0.26103,-0.2519,0.88252,-0.69,1.11,0.18,0.58044,-0.37401,-0.15468,0.7066,-0.7,1.09,0.18,0.58044,-0.37401,-0.15468,0.7066,-0.81,1.08,0.19
-0.8,1.44,-0.15,-0.8,1.44,-0.15,-0.85,1.09,0.11,0.33446,-0.06551,-0.15128,-0.92788,-0.86,1.06,0.06,0.33446,-0.06551,-0.15128,-0.92788,-0.82,1.07,0.09,0.45017,-0.16623,0.50535,-0.71717,-0.8,1.09,0.1,0.1883,0.0051,0.45581,-0.86992,-0.8,1.1,0.13,0.05208,0.0351,0.5272,-0.84742,-0.8,1.1,0.16,0.05208,0.0351,0.5272,-0.84742,-0.84,1.08,0.09,0.33446,-0.06551,-0.15128,-0.92788,-0.83,1.12,0.13,0.08533,-0.09543,-0.0904,-0.98764,-0.82,1.12,0.17,-0.26653,-0.12537,-0.07695,-0.95254,-0.82,1.11,0.19,-0.42303,-0.10982,-0.0654,-0.89706,-0.81,1.1,0.2,-0.42303,-0.10982,-0.0654,-0.89706,-0.85,1.07,0.09,0.33446,-0.06551,-0.15128,-0.92788,-0.85,1.11,0.13,0.15303,-0.07136,-0.15649,-0.97314,-0.85,1.13,0.17,-0.25734,-0.13145,-0.12631,-0.94897,-0.84,1.12,0.19,-0.44849,-0.14551,-0.15848,-0.86751,-0.83,1.1,0.21,-0.44849,-0.14551,-0.15848,-0.86751,-0.87,1.07,0.09,0.33446,-0.06551,-0.15128,-0.92788,-0.87,1.1,0.13,0.2463,-0.04475,-0.21438,-0.94413,-0.87,1.12,0.17,-0.235,-0.16477,-0.20242,-0.9363,-0.86,1.11,0.19,-0.48018,-0.23747,-0.17237,-0.82663,-0.85,1.09,0.2,-0.48018,-0.23747,-0.17237,-0.82663,-0.87,1.06,0.09,0.27199,-0.00521,-0.38429,-0.88223,-0.88,1.09,0.13,0.28862,-0.05152,-0.28071,-0.91392,-0.89,1.1,0.16,-0.16818,-0.17629,-0.29954,-0.92245,-0.88,1.1,0.18,-0.42321,-0.30132,-0.23861,-0.82047,-0.86,1.09,0.19,-0.42321,-0.30132,-0.23861,-0.82047,-0.7,1.1,0.11,-0.36139,-0.19092,-0.13386,0.90279,-0.68,1.06,0.07,-0.36139,-0.19092,-0.13386,0.90279,-0.72,1.07,0.09,-0.4437,-0.21864,0.59156,0.6367,-0.75,1.08,0.11,-0.27393,-0.06537,0.55291,0.78421,-0.76,1.09,0.13,-0.14361,-0.00733,0.62921,0.76382,-0.77,1.1,0.16,-0.14361,-0.00733,0.62921,0.76382,-0.71,1.08,0.09,-0.36139,-0.19092,-0.13386,0.90279,-0.73,1.12,0.12,-0.14719,-0.19517,-0.0577,0.96794,-0.74,1.13,0.16,0.34001,-0.20843,0.01962,0.91682,-0.75,1.12,0.17,0.526,-0.1737,0.05428,0.83079,-0.76,1.1,0.18,0.526,-0.1737,0.05428,0.83079,-0.7,1.08,0.09,-0.36139,-0.19092,-0.13386,0.90279,-0.71,1.12,0.13,-0.07374,-0.19519,-0.10045,0.97282,-0.72,1.13,0.17,0.41631,-0.22198,-0.004,0.8817,-0.73,1.11,0.18,0.62589,-0.19752,-0.01336,0.75437,-0.74,1.09,0.19,0.62589,-0.19752,-0.01336,0.75437,-0.68,1.08,0.1,-0.36139,-0.19092,-0.13386,0.90279,-0.69,1.11,0.14,-0.12605,-0.17054,-0.17436,0.96158,-0.7,1.12,0.17,0.43281,-0.25916,-0.08855,0.85888,-0.72,1.11,0.18,0.68613,-0.29044,-0.03057,0.66629,-0.73,1.08,0.18,0.68613,-0.29044,-0.03057,0.66629,-0.68,1.07,0.1,-0.275,-0.13539,-0.36372,0.87963,-0.68,1.1,0.14,-0.32549,-0.0832,-0.28666,0.8972,-0.68,1.12,0.16,0.30117,-0.25917,-0.25368,0.88191,-0.69,1.11,0.18,0.58922,-0.37419,-0.15362,0.69943,-0.7,1.09,0.18,0.58922,-0.37419,-0.15362,0.69943,-0.81,1.08,0.19
-0.8,1.44,-0.15,-0.8,1.44,-0.15,-0.85,1.09,0.11,0.3312,-0.05808,-0.14583,-0.93041,-0.86,1.05,0.06,0.3312,-0.05808,-0.14583,-0.93041,-0.82,1.07,0.09,0.43995,-0.16461,0.51267,-0.71869,-0.8,1.09,0.11,0.17959,0.00941,0.46234,-0.86827,-0.8,1.1,0.14,0.04753,0.03675,0.53312,-0.8439,-0.8,1.1,0.16,0.04753,0.03675,0.53312,-0.8439,-0.84,1.07,0.09,0.3312,-0.05808,-0.14583,-0.93041,-0.83,1.11,0.13,0.07435,-0.08789,-0.08598,-0.98962,-0.83,1.12,0.17,-0.28376,-0.117,-0.07471,-0.94879,-0.82,1.11,0.19,-0.44439,-0.10142,-0.0634,-0.88781,-0.81,1.09,0.2,-0.44439,-0.10142,-0.0634,-0.88781,-0.85,1.07,0.09,0.3312,-0.05808,-0.14583,-0.93041,-0.85,1.11,0.13,0.14849,-0.06485,-0.15148,-0.97509,-0.85,1.13,0.17,-0.25444,-0.12239,-0.1254,-0.95108,-0.84,1.11,0.2,-0.44231,-0.13625,-0.1597,-0.87195,-0.83,1.1,0.21,-0.44231,-0.13625,-0.1597,-0.87195,-0.87,1.07,0.09,0.3312,-0.05808,-0.14583,-0.93041,-0.87,1.1,0.13,0.23898,-0.03903,-0.20876,-0.94751,-0.87,1.12,0.17,-0.22807,-0.15372,-0.20259,-0.93985,-0.86,1.11,0.19,-0.47094,-0.22658,-0.17608,-0.83419,-0.85,1.09,0.2,-0.47094,-0.22658,-0.17608,-0.83419,-0.88,1.06,0.1,0.27109,0.00311,-0.37922,-0.8847,-0.88,1.08,0.13,0.27111,-0.04869,-0.27548,-0.921,-0.89,1.1,0.16,-0.17411,-0.16606,-0.29807,-0.92373,-0.88,1.1,0.18,-0.41859,-0.28834,-0.24379,-0.82596,-0.86,1.09,0.19,-0.41859,-0.28834,-0.24379,-0.82596,-0.7,1.1,0.11,-0.36016,-0.15946,-0.12384,0.91078,-0.68,1.06,0.07,-0.36016,-0.15946,-0.12384,0.91078,-0.72,1.07,0.09,-0.41645,-0.20551,0.60673,0.64515,-0.75,1.08,0.11,-0.24696,-0.04599,0.56477,0.78608,-0.76,1.09,0.14,-0.11958,0.00711,0.63763,0.76098,-0.76,1.1,0.16,-0.11958,0.00711,0.63763,0.76098,-0.71,1.08,0.09,-0.36016,-0.15946,-0.12384,0.91078,-0.72,1.12,0.13,-0.14226,-0.16397,-0.05368,0.97468,-0.74,1.13,0.16,0.33561,-0.17914,0.00577,0.92479,-0.74,1.12,0.18,0.52226,-0.14786,0.03424,0.83917,-0.75,1.1,0.19,0.52226,-0.14786,0.03424,0.83917,-0.69,1.08,0.09,-0.36016,-0.15946,-0.12384,0.91078,-0.7,1.12,0.13,-0.0858,-0.16007,-0.10286,0.97797,-0.72,1.13,0.17,0.38712,-0.19218,-0.02782,0.90135,-0.73,1.11,0.19,0.59559,-0.17641,-0.04504,0.78238,-0.73,1.09,0.19,0.59559,-0.17641,-0.04504,0.78238,-0.68,1.07,0.1,-0.36016,-0.15946,-0.12384,0.91078,-0.69,1.11,0.14,-0.15842,-0.1302,-0.1775,0.96252,-0.69,1.12,0.17,0.38228,-0.22605,-0.11829,0.88813,-0.71,1.11,0.19,0.64088,-0.27025,-0.0699,0.71509,-0.72,1.09,0.19,0.64088,-0.27025,-0.0699,0.71509,-0.67,1.07,0.1,-0.28158,-0.10338,-0.35607,0.88501,-0.67,1.1,0.14,-0.33816,-0.04728,-0.27731,0.89806,-0.67,1.12,0.16,0.27289,-0.22177,-0.27164,0.89586,-0.68,1.11,0.18,0.56494,-0.34603,-0.18361,0.72622,-0.69,1.09,0.18,0.56494,-0.34603,-0.18361,0.72622,-0.81,1.08,0.19
-0.8,1.44,-0.15,-0.8,1.44,-0.15,-0.85,1.09,0.11,0.34212,-0.05403,-0.14529,-0.92678,-0.86,1.05,0.06,0.34212,-0.05403,-0.14529,-0.92678,-0.82,1.07,0.09,0.4401,-0.15229,0.52016,-0.71592,-0.8,1.09,0.11,0.18357,0.02245,0.46541,-0.86556,-0.8,1.1,0.14,0.05548,0.04738,0.53524,-0.84155,-0.8,1.1,0.16,0.05548,0.04738,0.53524,-0.84155,-0.84,1.07,0.09,0.34212,-0.05403,-0.14529,-0.92678,-0.83,1.11,0.13,0.07245,-0.084,-0.08541,-0.99015,-0.83,1.12,0.17,-0.30025,-0.11427,-0.07379,-0.94411,-0.82,1.11,0.19,-0.46161,-0.09855,-0.06226,-0.87939,-0.82,1.09,0.2,-0.46161,-0.09855,-0.06226,-0.87939,-0.85,1.07,0.09,0.34212,-0.05403,-0.14529,-0.92678,-0.85,1.11,0.13,0.1452,-0.06585,-0.14948,-0.97583,-0.85,1.13,0.17,-0.25815,-0.12252,-0.12312,-0.95036,-0.84,1.11,0.19,-0.44392,-0.13544,-0.15753,-0.87165,-0.83,1.1,0.21,-0.44392,-0.13544,-0.15753,-0.87165,-0.87,1.07,0.09,0.34212,-0.05403,-0.14529,-0.92678,-0.87,1.1,0.13,0.22891,-0.04284,-0.20689,-0.95024,-0.87,1.12,0.17,-0.23481,-0.15509,-0.19992,-0.93853,-0.86,1.11,0.19,-0.47473,-0.22662,-0.17378,-0.83251,-0.85,1.09,0.2,-0.47473,-0.22662,-0.17378,-0.83251,-0.88,1.06,0.1,0.28264,0.00428,-0.37955,-0.88093,-0.89,1.08,0.13,0.25592,-0.05632,-0.27454,-0.92518,-0.89,1.1,0.16,-0.18634,-0.17011,-0.29436,-0.92179,-0.88,1.1,0.18,-0.42376,-0.28946,-0.24151,-0.8236,-0.86,1.08,0.19,-0.42376,-0.28946,-0.24151,-0.8236,-0.7,1.1,0.11,-0.35889,-0.15084,-0.12653,0.91238,-0.68,1.06,0.07,-0.35889,-0.15084,-0.12653,0.91238,-0.72,1.07,0.09,-0.4101,-0.20377,0.6064,0.65006,-0.74,1.08,0.11,-0.23905,-0.04318,0.56398,0.78925,-0.76,1.09,0.14,-0.11676,0.00442,0.63687,0.76207,-0.76,1.1,0.16,-0.11676,0.00442,0.63687,0.76207,-0.71,1.08,0.09,-0.35889,-0.15084,-0.12653,0.91238,-0.72,1.12,0.13,-0.14234,-0.15701,-0.05807,0.97556,-0.73,1.13,0.16,0.32057,-0.175,-0.00429,0.93091,-0.74,1.12,0.18,0.50343,-0.14609,0.02204,0.85131,-0.75,1.1,0.19,0.50343,-0.14609,0.02204,0.85131,-0.69,1.07,0.1,-0.35889,-0.15084,-0.12653,0.91238,-0.7,1.12,0.13,-0.08409,-0.15354,-0.10705,0.97872,-0.71,1.13,0.17,0.37588,-0.18786,-0.03729,0.90666,-0.72,1.11,0.19,0.57685,-0.17518,-0.05651,0.79584,-0.73,1.09,0.2,0.57685,-0.17518,-0.05651,0.79584,-0.68,1.07,0.1,-0.35889,-0.15084,-0.12653,0.91238,-0.68,1.11,0.14,-0.16011,-0.12248,-0.18165,0.96248,-0.69,1.12,0.17,0.36578,-0.21987,-0.12916,0.89509,-0.7,1.11,0.19,0.61832,-0.26789,-0.08425,0.73404,-0.72,1.09,0.19,0.61832,-0.26789,-0.08425,0.73404,-0.67,1.07,0.1,-0.28172,-0.09459,-0.35899,0.88477,-0.67,1.1,0.14,-0.3431,-0.03773,-0.27944,0.89598,-0.67,1.11,0.16,0.25081,-0.21108,-0.28198,0.90168,-0.68,1.11,0.18,0.5352,-0.33756,-0.20042,0.74796,-0.69,1.09,0.18,0.5352,-0.33756,-0.20042,0.74796,-0.81,1.08,0.19
-0.79,1.44,-0.15,-0.79,1.44,-0.15,-0.85,1.09,0.11,0.35599,-0.05327,-0.14807,-0.92114,-0.86,1.05,0.06,0.35599,-0.05327,-0.14807,-0.92114,-0.82,1.07,0.09,0.4404,-0.13764,0.5289,-0.7123,-0.8,1.09,0.11,0.19108,0.03642,0.46891,-0.86156,-0.8,1.1,0.14,0.06323,0.06166,0.53731,-0.83875,-0.8,1.1,0.16,0.06323,0.06166,0.53731,-0.83875,-0.84,1.07,0.09,0.35599,-0.05327,-0.14807,-0.92114,-0.83,1.11,0.13,0.07027,-0.08208,-0.08849,-0.9902,-0.83,1.12,0.17,-0.32923,-0.11577,-0.07401,-0.9342,-0.82,1.11,0.19,-0.49039,-0.09995,-0.06112,-0.86359,-0.82,1.09,0.2,-0.49039,-0.09995,-0.06112,-0.86359,-0.85,1.07,0.09,0.35599,-0.05327,-0.14807,-0.92114,-0.86,1.11,0.13,0.12681,-0.07278,-0.14901,-0.97797,-0.85,1.12,0.17,-0.29552,-0.1309,-0.11731,-0.93903,-0.84,1.11,0.19,-0.48235,-0.14053,-0.14958,-0.85159,-0.83,1.09,0.21,-0.48235,-0.14053,-0.14958,-0.85159,-0.87,1.07,0.09,0.35599,-0.05327,-0.14807,-0.92114,-0.87,1.1,0.13,0.20646,-0.05254,-0.20741,-0.95477,-0.87,1.12,0.17,-0.26149,-0.16393,-0.19573,-0.93083,-0.86,1.11,0.19,-0.49885,-0.23336,-0.16798,-0.81761,-0.85,1.09,0.2,-0.49885,-0.23336,-0.16798,-0.81761,-0.88,1.06,0.1,0.29594,0.00129,-0.38303,-0.87505,-0.89,1.08,0.13,0.23992,-0.06803,-0.27647,-0.9281,-0.89,1.1,0.16,-0.20599,-0.18117,-0.29036,-0.91676,-0.88,1.09,0.18,-0.4387,-0.29803,-0.23633,-0.81417,-0.86,1.08,0.19,-0.4387,-0.29803,-0.23633,-0.81417,-0.7,1.1,0.11,-0.36988,-0.17786,-0.13143,0.90238,-0.68,1.06,0.07,-0.36988,-0.17786,-0.13143,0.90238,-0.72,1.07,0.09,-0.43266,-0.21168,0.60306,0.63585,-0.75,1.08,0.11,-0.26246,-0.05327,0.56307,0.78181,-0.76,1.09,0.13,-0.14835,-0.009,0.63827,0.75533,-0.77,1.1,0.16,-0.14835,-0.009,0.63827,0.75533,-0.71,1.08,0.09,-0.36988,-0.17786,-0.13143,0.90238,-0.73,1.12,0.12,-0.13749,-0.18707,-0.05142,0.97132,-0.74,1.13,0.16,0.32009,-0.19865,0.01458,0.92621,-0.75,1.12,0.17,0.49222,-0.16597,0.04321,0.85341,-0.76,1.1,0.18,0.49222,-0.16597,0.04321,0.85341,-0.7,1.07,0.09,-0.36988,-0.17786,-0.13143,0.90238,-0.71,1.12,0.13,-0.05889,-0.18921,-0.09397,0.97565,-0.72,1.13,0.17,0.39556,-0.21322,-0.00972,0.8933,-0.73,1.11,0.18,0.59051,-0.19261,-0.02407,0.78334,-0.74,1.09,0.19,0.59051,-0.19261,-0.02407,0.78334,-0.68,1.07,0.1,-0.36988,-0.17786,-0.13143,0.90238,-0.69,1.11,0.13,-0.13845,-0.16039,-0.1742,0.96164,-0.7,1.12,0.17,0.38654,-0.24754,-0.10315,0.88242,-0.71,1.11,0.18,0.63437,-0.28566,-0.05187,0.71643,-0.73,1.09,0.19,0.63437,-0.28566,-0.05187,0.71643,-0.68,1.07,0.1,-0.28626,-0.12452,-0.36271,0.87806,-0.68,1.1,0.14,-0.33254,-0.07744,-0.28404,0.89596,-0.67,1.12,0.16,0.26551,-0.24578,-0.26181,0.89474,-0.69,1.11,0.18,0.54642,-0.36255,-0.17059,0.73545,-0.7,1.1,0.18,0.54642,-0.36255,-0.17059,0.73545,-0.81,1.08,0.19
-0.79,1.44,-0.15,-0.79,1.44,-0.15,-0.85,1.09,0.11,0.35753,-0.05529,-0.15209,-0.91977,-0.86,1.05,0.06,0.35753,-0.05529,-0.15209,-0.91977,-0.82,1.07,0.09,0.43221,-0.13484,0.53599,-0.71256,-0.8,1.08,0.11,0.19023,0.03839,0.47483,-0.85842,-0.8,1.1,0.14,0.06213,0.06449,0.54262,-0.83519,-0.8,1.1,0.16,0.06213,0.06449,0.54262,-0.83519,-0.84,1.07,0.09,0.35753,-0.05529,-0.15209,-0.91977,-0.83,1.11,0.13,0.04929,-0.08427,-0.09126,-0.99103,-0.83,1.12,0.17,-0.3896,-0.12161,-0.07038,-0.9102,-0.82,1.1,0.18,-0.55435,-0.10528,-0.05346,-0.82387,-0.82,1.08,0.19,-0.55435,-0.10528,-0.05346,-0.82387,-0.85,1.07,0.09,0.35753,-0.05529,-0.15209,-0.91977,-0.86,1.11,0.13,0.08908,-0.08175,-0.14909,-0.9814,-0.85,1.12,0.17,-0.37436,-0.14373,-0.10717,-0.90978,-0.84,1.1,0.19,-0.57925,-0.14836,-0.13384,-0.79028,-0.83,1.08,0.2,-0.57925,-0.14836,-0.13384,-0.79028,-0.87,1.07,0.09,0.35753,-0.05529,-0.15209,-0.91977,-0.87,1.1,0.13,0.16526,-0.06434,-0.20814,-0.96189,-0.87,1.11,0.17,-0.32917,-0.17855,-0.18705,-0.90817,-0.86,1.1,0.19,-0.57535,-0.24568,-0.15332,-0.76492,-0.85,1.08,0.19,-0.57535,-0.24568,-0.15332,-0.76492,-0.88,1.06,0.1,0.29647,-0.00125,-0.38682,-0.8732,-0.89,1.08,0.13,0.21599,-0.07631,-0.28027,-0.93219,-0.89,1.1,0.16,-0.26195,-0.19809,-0.28455,-0.90065,-0.88,1.09,0.18,-0.50941,-0.31743,-0.2212,-0.76865,-0.86,1.08,0.18,-0.50941,-0.31743,-0.2212,-0.76865,-0.7,1.1,0.11,-0.36756,-0.17853,-0.12306,0.90437,-0.68,1.06,0.07,-0.36756,-0.17853,-0.12306,0.90437,-0.72,1.07,0.09,-0.42638,-0.21406,0.61113,0.63158,-0.75,1.08,0.11,-0.25353,-0.04998,0.57265,0.77801,-0.76,1.09,0.14,-0.14302,-0.00844,0.64691,0.74899,-0.77,1.1,0.16,-0.14302,-0.00844,0.64691,0.74899,-0.71,1.08,0.09,-0.36756,-0.17853,-0.12306,0.90437,-0.73,1.12,0.12,-0.10441,-0.19301,-0.03164,0.97511,-0.74,1.13,0.16,0.34554,-0.19442,0.03336,0.91744,-0.75,1.11,0.17,0.50687,-0.15853,0.05984,0.84521,-0.76,1.09,0.18,0.50687,-0.15853,0.05984,0.84521,-0.7,1.07,0.09,-0.36756,-0.17853,-0.12306,0.90437,-0.71,1.12,0.13,-0.0348,-0.1945,-0.07686,0.97727,-0.72,1.12,0.17,0.41169,-0.20985,0.00643,0.88681,-0.73,1.1,0.18,0.60333,-0.18488,-0.00898,0.77571,-0.74,1.08,0.19,0.60333,-0.18488,-0.00898,0.77571,-0.68,1.07,0.1,-0.36756,-0.17853,-0.12306,0.90437,-0.69,1.11,0.14,-0.1167,-0.16476,-0.16081,0.96611,-0.7,1.12,0.17,0.40686,-0.24337,-0.0902,0.87584,-0.72,1.1,0.18,0.6531,-0.27723,-0.04093,0.70351,-0.73,1.08,0.19,0.6531,-0.27723,-0.04093,0.70351,-0.68,1.07,0.1,-0.28502,-0.12426,-0.35468,0.88178,-0.68,1.1,0.14,-0.31966,-0.08245,-0.27495,0.90301,-0.68,1.12,0.16,0.28631,-0.24493,-0.25063,0.89175,-0.69,1.11,0.18,0.56753,-0.35818,-0.16042,0.7238,-0.7,1.09,0.18,0.56753,-0.35818,-0.16042,0.7238,-0.81,1.08,0.19
-0.79,1.44,-0.15,-0.79,1.44,-0.15,-0.85,1.09,0.11,0.35386,-0.05195,-0.15315,-0.92121,-0.86,1.05,0.06,0.35386,-0.05195,-0.15315,-0.92121,-0.83,1.07,0.09,0.41922,-0.1356,0.54289,-0.71494,-0.8,1.08,0.11,0.18353,0.03749,0.48178,-0.85604,-0.8,1.09,0.14,0.05568,0.06388,0.5491,-0.83145,-0.8,1.1,0.17,0.05568,0.06388,0.5491,-0.83145,-0.84,1.07,0.09,0.35386,-0.05195,-0.15315,-0.92121,-0.83,1.11,0.13,0.03586,-0.08036,-0.09376,-0.9917,-0.83,1.12,0.17,-0.4229,-0.12057,-0.07158,-0.89526,-0.82,1.1,0.18,-0.59435,-0.10507,-0.05229,-0.79559,-0.82,1.08,0.19,-0.59435,-0.10507,-0.05229,-0.79559,-0.85,1.07,0.09,0.35386,-0.05195,-0.15315,-0.92121,-0.86,1.11,0.13,0.06133,-0.08185,-0.14927,-0.98349,-0.85,1.12,0.17,-0.42238,-0.14617,-0.10376,-0.88852,-0.84,1.1,0.19,-0.6417,-0.14841,-0.12705,-0.74166,-0.83,1.08,0.19,-0.6417,-0.14841,-0.12705,-0.74166,-0.87,1.07,0.09,0.35386,-0.05195,-0.15315,-0.92121,-0.87,1.1,0.13,0.1365,-0.06568,-0.20826,-0.96627,-0.87,1.11,0.17,-0.37531,-0.18238,-0.1837,-0.89002,-0.86,1.1,0.19,-0.63244,-0.24943,-0.14537,-0.7188,-0.85,1.08,0.19,-0.63244,-0.24943,-0.14537,-0.7188,-0.88,1.06,0.1,0.29343,0.00293,-0.38769,-0.87383,-0.89,1.08,0.13,0.19666,-0.07293,-0.28328,-0.93582,-0.89,1.1,0.16,-0.30131,-0.20137,-0.28503,-0.88737,-0.88,1.09,0.18,-0.56476,-0.32579,-0.21404,-0.72738,-0.86,1.07,0.18,-0.56476,-0.32579,-0.21404,-0.72738,-0.71,1.1,0.11,-0.35674,-0.17675,-0.10513,0.91129,-0.69,1.06,0.07,-0.35674,-0.17675,-0.10513,0.91129,-0.73,1.07,0.09,-0.41605,-0.22555,0.61993,0.62588,-0.75,1.08,0.11,-0.24167,-0.05583,0.58547,0.77182,-0.76,1.09,0.14,-0.13729,-0.01835,0.65947,0.73886,-0.77,1.09,0.16,-0.13729,-0.01835,0.65947,0.73886,-0.72,1.07,0.09,-0.35674,-0.17675,-0.10513,0.91129,-0.73,1.12,0.13,-0.08568,-0.19568,-0.00668,0.97689,-0.75,1.12,0.16,0.34042,-0.18658,0.05206,0.9201,-0.75,1.11,0.18,0.49299,-0.14816,0.07495,0.85405,-0.76,1.09,0.19,0.49299,-0.14816,0.07495,0.85405,-0.7,1.07,0.1,-0.35674,-0.17675,-0.10513,0.91129,-0.71,1.12,0.13,-0.02576,-0.19042,-0.05765,0.97967,-0.73,1.12,0.17,0.40916,-0.19772,0.01913,0.89058,-0.74,1.1,0.19,0.59891,-0.1707,0.00035,0.78242,-0.74,1.08,0.19,0.59891,-0.1707,0.00035,0.78242,-0.68,1.07,0.1,-0.35674,-0.17675,-0.10513,0.91129,-0.69,1.11,0.14,-0.1091,-0.1582,-0.14348,0.97082,-0.7,1.12,0.17,0.40892,-0.22797,-0.08075,0.87994,-0.72,1.1,0.19,0.65592,-0.2598,-0.0368,0.70776,-0.73,1.08,0.19,0.65592,-0.2598,-0.0368,0.70776,-0.68,1.07,0.11,-0.2773,-0.11899,-0.33727,0.89174,-0.68,1.1,0.14,-0.31261,-0.0763,-0.257,0.91126,-0.68,1.11,0.17,0.29837,-0.22929,-0.23998,0.89488,-0.69,1.11,0.18,0.58138,-0.34015,-0.15608,0.72245,-0.7,1.09,0.18,0.58138,-0.34015,-0.15608,0.72245,-0.81,1.08,0.19
-0.79,1.44,-0.15,-0.79,1.44,-0.15,-0.85,1.09,0.11,0.31887,-0.0501,-0.13654,-0.93657,-0.86,1.05,0.06,0.31887,-0.0501,-0.13654,-0.93657,-0.82,1.07,0.09,0.38621,-0.16679,0.55367,-0.71866,-0.8,1.08,0.11,0.14878,0.01436,0.50279,-0.85138,-0.8,1.09,0.15,0.02831,0.03695,0.57117,-0.81951,-0.8,1.09,0.17,0.02831,0.03695,0.57117,-0.81951,-0.84,1.07,0.09,0.31887,-0.0501,-0.13654,-0.93657,-0.83,1.11,0.14,0.044,-0.07168,-0.08216,-0.99306,-0.83,1.11,0.17,-0.37293,-0.1045,-0.07034,-0.91927,-0.82,1.1,0.19,-0.54652,-0.08914,-0.05619,-0.83079,-0.82,1.08,0.2,-0.54652,-0.08914,-0.05619,-0.83079,-0.85,1.07,0.09,0.31887,-0.0501,-0.13654,-0.93657,-0.85,1.11,0.14,0.06135,-0.06768,-0.1374,-0.98629,-0.85,1.11,0.18,-0.38774,-0.12398,-0.10519,-0.90731,-0.84,1.1,0.2,-0.60222,-0.12898,-0.13561,-0.77609,-0.83,1.07,0.2,-0.60222,-0.12898,-0.13561,-0.77609,-0.87,1.07,0.1,0.31887,-0.0501,-0.13654,-0.93657,-0.87,1.1,0.14,0.13234,-0.04766,-0.1957,-0.97052,-0.87,1.11,0.17,-0.36027,-0.15643,-0.18545,-0.90074,-0.86,1.09,0.19,-0.61461,-0.22503,-0.15633,-0.73971,-0.85,1.07,0.2,-0.61461,-0.22503,-0.15633,-0.73971,-0.88,1.06,0.1,0.26199,0.01442,-0.36992,-0.89124,-0.89,1.08,0.14,0.18093,-0.04696,-0.27175,-0.94404,-0.89,1.09,0.16,-0.30206,-0.16731,-0.29031,-0.89246,-0.88,1.08,0.18,-0.5578,-0.29317,-0.23353,-0.74052,-0.86,1.07,0.18,-0.5578,-0.29317,-0.23353,-0.74052,-0.71,1.09,0.12,-0.28797,-0.15906,-0.04528,0.94325,-0.69,1.06,0.07,-0.28797,-0.15906,-0.04528,0.94325,-0.73,1.06,0.1,-0.40577,-0.28405,0.59292,0.63491,-0.76,1.07,0.11,-0.24076,-0.13121,0.57094,0.77385,-0.77,1.07,0.14,-0.16928,-0.11725,0.65105,0.73057,-0.78,1.08,0.16,-0.16928,-0.11725,0.65105,0.73057,-0.72,1.07,0.1,-0.28797,-0.15906,-0.04528,0.94325,-0.74,1.1,0.14,-0.09661,-0.19039,0.03929,0.97615,-0.75,1.11,0.17,0.23897,-0.17067,0.07513,0.95295,-0.76,1.1,0.19,0.37894,-0.13128,0.08899,0.91173,-0.76,1.08,0.21,0.37894,-0.13128,0.08899,0.91173,-0.7,1.07,0.1,-0.28797,-0.15906,-0.04528,0.94325,-0.72,1.11,0.14,-0.11868,-0.1445,-0.03496,0.98174,-0.73,1.12,0.18,0.31014,-0.14803,0.01695,0.93894,-0.74,1.1,0.2,0.51531,-0.1291,-0.01408,0.8471,-0.74,1.08,0.22,0.51531,-0.1291,-0.01408,0.8471,-0.69,1.07,0.11,-0.28797,-0.15906,-0.04528,0.94325,-0.7,1.1,0.15,-0.18969,-0.10056,-0.10757,0.97074,-0.7,1.11,0.18,0.33601,-0.16335,-0.07864,0.92424,-0.71,1.1,0.2,0.60177,-0.20025,-0.05232,0.77139,-0.72,1.08,0.21,0.60177,-0.20025,-0.05232,0.77139,-0.68,1.07,0.11,-0.22221,-0.08204,-0.27662,0.93133,-0.68,1.09,0.15,-0.30653,-0.02846,-0.19206,0.93185,-0.68,1.1,0.17,0.29236,-0.14766,-0.22009,0.91885,-0.69,1.1,0.19,0.59444,-0.25957,-0.16303,0.74343,-0.7,1.08,0.19,0.59444,-0.25957,-0.16303,0.74343,-0.81,1.08,0.19
-0.79,1.44,-0.15,-0.79,1.44,-0.15,-0.85,1.09,0.12,0.28215,-0.05632,-0.11702,-0.95054,-0.86,1.05,0.06,0.28215,-0.05632,-0.11702,-0.95054,-0.82,1.07,0.09,0.36723,-0.20314,0.55381,-0.71915,-0.8,1.07,0.11,0.12683,-0.01782,0.51516,-0.84747,-0.8,1.08,0.15,0.0199,-0.00302,0.58639,-0.80978,-0.79,1.08,0.17,0.0199,-0.00302,0.58639,-0.80978,-0.83,1.07,0.09,0.28215,-0.05632,-0.11702,-0.95054,-0.83,1.1,0.14,0.05602,-0.07258,-0.06516,-0.99365,-0.82,1.11,0.18,-0.28574,-0.09377,-0.06248,-0.95166,-0.82,1.1,0.19,-0.44786,-0.07648,-0.05513,-0.88912,-0.81,1.08,0.21,-0.44786,-0.07648,-0.05513,-0.88912,-0.85,1.07,0.09,0.28215,-0.05632,-0.11702,-0.95054,-0.85,1.1,0.14,0.08691,-0.05635,-0.12263,-0.98703,-0.85,1.11,0.18,-0.30417,-0.10104,-0.10375,-0.94155,-0.84,1.1,0.2,-0.48913,-0.10808,-0.14247,-0.85368,-0.83,1.08,0.22,-0.48913,-0.10808,-0.14247,-0.85368,-0.87,1.07,0.09,0.28215,-0.05632,-0.11702,-0.95054,-0.87,1.09,0.14,0.16026,-0.03043,-0.17968,-0.97011,-0.87,1.11,0.18,-0.28718,-0.12562,-0.18524,-0.93136,-0.86,1.09,0.2,-0.52165,-0.19297,-0.16922,-0.81364,-0.85,1.07,0.21,-0.52165,-0.19297,-0.16922,-0.81364,-0.87,1.06,0.1,0.22764,0.01833,-0.34865,-0.909,-0.88,1.08,0.14,0.19136,-0.02387,-0.25307,-0.94803,-0.88,1.09,0.17,-0.24709,-0.12513,-0.29006,-0.91605,-0.88,1.08,0.18,-0.47301,-0.2428,-0.25484,-0.80769,-0.86,1.07,0.19,-0.47301,-0.2428,-0.25484,-0.80769,-0.71,1.08,0.13,-0.22942,-0.14387,-0.02193,0.96238,-0.69,1.06,0.07,-0.22942,-0.14387,-0.02193,0.96238,-0.73,1.06,0.1,-0.41125,-0.2963,0.53708,0.67426,-0.76,1.07,0.11,-0.25496,-0.17012,0.51053,0.80338,-0.77,1.07,0.14,-0.2197,-0.18392,0.59222,0.75312,-0.79,1.08,0.16,-0.2197,-0.18392,0.59222,0.75312,-0.72,1.06,0.1,-0.22942,-0.14387,-0.02193,0.96238,-0.74,1.09,0.15,-0.06494,-0.1898,0.05618,0.97806,-0.75,1.1,0.18,0.23274,-0.16704,0.08428,0.95437,-0.76,1.08,0.2,0.36384,-0.12726,0.0959,0.91773,-0.76,1.07,0.22,0.36384,-0.12726,0.0959,0.91773,-0.7,1.07,0.1,-0.22942,-0.14387,-0.02193,0.96238,-0.72,1.1,0.15,-0.14426,-0.11587,-0.02656,0.98237,-0.73,1.11,0.19,0.30211,-0.11864,0.01433,0.94575,-0.73,1.09,0.21,0.53145,-0.10084,-0.02285,0.84076,-0.74,1.07,0.22,0.53145,-0.10084,-0.02285,0.84076,-0.69,1.07,0.11,-0.22942,-0.14387,-0.02193,0.96238,-0.7,1.09,0.15,-0.22672,-0.06649,-0.09072,0.96744,-0.7,1.11,0.19,0.3344,-0.12952,-0.07714,0.9303,-0.71,1.09,0.21,0.61735,-0.16807,-0.05904,0.76625,-0.72,1.07,0.21,0.61735,-0.16807,-0.05904,0.76625,-0.68,1.06,0.11,-0.1716,-0.05211,-0.25004,0.95148,-0.68,1.08,0.15,-0.31403,0.0045,-0.15799,0.93617,-0.68,1.1,0.18,0.26943,-0.09833,-0.21282,0.93405,-0.68,1.09,0.19,0.59941,-0.21547,-0.16831,0.7523,-0.69,1.07,0.2,0.59941,-0.21547,-0.16831,0.7523,-0.81,1.08,0.19
-0.79,1.44,-0.15,-0.79,1.44,-0.15,-0.85,1.08,0.12,0.26204,-0.06306,-0.09986,-0.9578,-0.86,1.05,0.06,0.26204,-0.06306,-0.09986,-0.9578,-0.82,1.06,0.09,0.37754,-0.22112,0.53848,-0.72014,-0.8,1.07,0.11,0.13252,-0.0394,0.50603,-0.85137,-0.79,1.08,0.14,0.03586,-0.03103,0.58041,-0.81294,-0.79,1.08,0.17,0.03586,-0.03103,0.58041,-0.81294,-0.83,1.07,0.09,0.26204,-0.06306,-0.09986,-0.9578,-0.83,1.1,0.14,0.05975,-0.07368,-0.04981,-0.99424,-0.82,1.11,0.18,-0.25052,-0.08804,-0.0507,-0.96277,-0.82,1.09,0.2,-0.39811,-0.06816,-0.04711,-0.91359,-0.81,1.08,0.21,-0.39811,-0.06816,-0.04711,-0.91359,-0.85,1.07,0.09,0.26204,-0.06306,-0.09986,-0.9578,-0.85,1.1,0.14,0.10702,-0.04917,-0.10886,-0.98706,-0.84,1.11,0.18,-0.25472,-0.08627,-0.09662,-0.9583,-0.84,1.1,0.2,-0.41076,-0.09189,-0.13932,-0.89634,-0.83,1.08,0.22,-0.41076,-0.09189,-0.13932,-0.89634,-0.87,1.06,0.09,0.26204,-0.06306,-0.09986,-0.9578,-0.87,1.09,0.14,0.18828,-0.02249,-0.16392,-0.96808,-0.87,1.11,0.18,-0.22712,-0.10654,-0.17741,-0.95163,-0.86,1.1,0.2,-0.43346,-0.16869,-0.16966,-0.86883,-0.85,1.08,0.21,-0.43346,-0.16869,-0.16966,-0.86883,-0.87,1.06,0.1,0.20905,0.01729,-0.33059,-0.92017,-0.88,1.08,0.14,0.20318,-0.01996,-0.23376,-0.95062,-0.88,1.09,0.17,-0.1922,-0.10129,-0.27802,-0.93568,-0.88,1.08,0.18,-0.38057,-0.20511,-0.25624,-0.86454,-0.87,1.07,0.2,-0.38057,-0.20511,-0.25624,-0.86454,-0.71,1.08,0.13,-0.21752,-0.14215,-0.03224,0.96511,-0.69,1.06,0.07,-0.21752,-0.14215,-0.03224,0.96511,-0.73,1.06,0.1,-0.4269,-0.27977,0.50347,0.69714,-0.76,1.07,0.11,-0.27239,-0.16608,0.46957,0.82324,-0.77,1.08,0.14,-0.24836,-0.1871,0.55257,0.77329,-0.79,1.08,0.16,-0.24836,-0.1871,0.55257,0.77329,-0.72,1.07,0.1,-0.21752,-0.14215,-0.03224,0.96511,-0.74,1.09,0.15,-0.04846,-0.18804,0.04545,0.97991,-0.75,1.09,0.18,0.26308,-0.167,0.07597,0.94717,-0.76,1.08,0.2,0.39872,-0.12753,0.08942,0.90375,-0.76,1.07,0.22,0.39872,-0.12753,0.08942,0.90375,-0.7,1.07,0.1,-0.21752,-0.14215,-0.03224,0.96511,-0.72,1.1,0.15,-0.12397,-0.1158,-0.03545,0.98487,-0.73,1.11,0.19,0.34438,-0.12201,0.0092,0.93082,-0.73,1.09,0.21,0.57931,-0.10203,-0.02613,0.80828,-0.74,1.07,0.22,0.57931,-0.10203,-0.02613,0.80828,-0.69,1.07,0.11,-0.21752,-0.14215,-0.03224,0.96511,-0.7,1.09,0.15,-0.21754,-0.06769,-0.09963,0.96859,-0.7,1.11,0.19,0.35239,-0.13578,-0.08295,0.92223,-0.71,1.09,0.21,0.63446,-0.17533,-0.06246,0.75022,-0.72,1.07,0.21,0.63446,-0.17533,-0.06246,0.75022,-0.68,1.06,0.11,-0.15894,-0.04779,-0.25895,0.95153,-0.68,1.08,0.15,-0.32355,0.00185,-0.1651,0.93169,-0.68,1.1,0.18,0.2482,-0.1029,-0.21768,0.93831,-0.68,1.09,0.19,0.57952,-0.22138,-0.17049,0.76556,-0.69,1.07,0.2,0.57952,-0.22138,-0.17049,0.76556,-0.81,1.08,0.19
-0.79,1.44,-0.15,-0.79,1.44,-0.15,-0.85,1.08,0.12,0.25293,-0.07445,-0.09363,-0.96006,-0.86,1.05,0.06,0.25293,-0.07445,-0.09363,-0.96006,-0.82,1.06,0.09,0.40356,-0.23169,0.51105,-0.72269,-0.8,1.07,0.11,0.15395,-0.05981,0.48228,-0.86031,-0.79,1.08,0.14,0.05961,-0.05228,0.56044,-0.82439,-0.78,1.08,0.16,0.05961,-0.05228,0.56044,-0.82439,-0.83,1.07,0.09,0.25293,-0.07445,-0.09363,-0.96006,-0.82,1.1,0.14,0.07145,-0.07629,-0.04649,-0.99344,-0.82,1.1,0.18,-0.23631,-0.08966,-0.04699,-0.96639,-0.81,1.09,0.2,-0.38402,-0.06932,-0.04364,-0.91969,-0.81,1.08,0.21,-0.38402,-0.06932,-0.04364,-0.91969,-0.85,1.07,0.09,0.25293,-0.07445,-0.09363,-0.96006,-0.85,1.1,0.14,0.12001,-0.05305,-0.10353,-0.98593,-0.84,1.11,0.18,-0.23762,-0.08771,-0.09065,-0.96313,-0.84,1.1,0.21,-0.38713,-0.09259,-0.13342,-0.90761,-0.83,1.08,0.22,-0.38713,-0.09259,-0.13342,-0.90761,-0.87,1.06,0.09,0.25293,-0.07445,-0.09363,-0.96006,-0.86,1.09,0.14,0.20173,-0.02894,-0.1575,-0.96626,-0.86,1.11,0.18,-0.2081,-0.10921,-0.16927,-0.95714,-0.86,1.1,0.2,-0.40668,-0.16846,-0.16177,-0.88321,-0.85,1.08,0.21,-0.40668,-0.16846,-0.16177,-0.88321,-0.87,1.06,0.1,0.19872,0.00859,-0.32354,-0.92507,-0.88,1.08,0.14,0.21564,-0.02987,-0.22516,-0.94969,-0.88,1.09,0.17,-0.16806,-0.10441,-0.26735,-0.94307,-0.88,1.08,0.18,-0.34964,-0.20365,-0.24576,-0.88084,-0.86,1.07,0.2,-0.34964,-0.20365,-0.24576,-0.88084,-0.71,1.09,0.12,-0.25087,-0.14521,-0.06848,0.95461,-0.69,1.06,0.07,-0.25087,-0.14521,-0.06848,0.95461,-0.73,1.06,0.09,-0.44913,-0.25139,0.499,0.6972,-0.75,1.08,0.11,-0.28655,-0.13563,0.46041,0.82917,-0.77,1.09,0.14,-0.2439,-0.14522,0.54624,0.78806,-0.78,1.09,0.16,-0.2439,-0.14522,0.54624,0.78806,-0.72,1.07,0.1,-0.25087,-0.14521,-0.06848,0.95461,-0.73,1.1,0.14,-0.07821,-0.18911,0.01066,0.97878,-0.75,1.11,0.18,0.29777,-0.17632,0.05536,0.93658,-0.75,1.09,0.2,0.44912,-0.13818,0.07442,0.87958,-0.76,1.08,0.21,0.44912,-0.13818,0.07442,0.87958,-0.7,1.07,0.1,-0.25087,-0.14521,-0.06848,0.95461,-0.71,1.1,0.15,-0.12497,-0.12789,-0.06698,0.9816,-0.72,1.11,0.19,0.36187,-0.14748,-0.01008,0.92043,-0.73,1.1,0.21,0.59544,-0.13023,-0.03764,0.79188,-0.74,1.07,0.21,0.59544,-0.13023,-0.03764,0.79188,-0.68,1.07,0.11,-0.25087,-0.14521,-0.06848,0.95461,-0.69,1.1,0.15,-0.21248,-0.08364,-0.13373,0.96435,-0.7,1.11,0.18,0.35851,-0.16797,-0.10187,0.91262,-0.71,1.1,0.2,0.63493,-0.21145,-0.07025,0.73974,-0.72,1.07,0.21,0.63493,-0.21145,-0.07025,0.73974,-0.68,1.07,0.11,-0.1857,-0.05979,-0.29648,0.9349,-0.68,1.08,0.15,-0.33968,-0.00737,-0.20565,0.91775,-0.67,1.1,0.17,0.2303,-0.13491,-0.24514,0.93202,-0.68,1.09,0.19,0.54757,-0.25874,-0.18608,0.77369,-0.69,1.08,0.2,0.54757,-0.25874,-0.18608,0.77369,-0.81,1.08,0.19
-0.79,1.44,-0.15,-0.79,1.44,-0.15,-0.85,1.08,0.12,0.23068,-0.08355,-0.08209,-0.96596,-0.86,1.05,0.06,0.23068,-0.08355,-0.08209,-0.96596,-0.82,1.06,0.09,0.42196,-0.25362,0.47517,-0.72928,-0.8,1.07,0.1,0.17242,-0.09652,0.45295,-0.86936,-0.78,1.08,0.13,0.08022,-0.08924,0.53617,-0.83553,-0.78,1.08,0.16,0.08022,-0.08924,0.53617,-0.83553,-0.83,1.07,0.09,0.23068,-0.08355,-0.08209,-0.96596,-0.82,1.09,0.14,0.07921,-0.07065,-0.04096,-0.99351,-0.82,1.1,0.18,-0.22593,-0.08269,-0.04368,-0.96964,-0.81,1.09,0.2,-0.37819,-0.06224,-0.04137,-0.9227,-0.81,1.08,0.21,-0.37819,-0.06224,-0.04137,-0.9227,-0.85,1.06,0.09,0.23068,-0.08355,-0.08209,-0.96596,-0.84,1.1,0.14,0.12274,-0.05297,-0.09323,-0.98663,-0.84,1.11,0.18,-0.23258,-0.0838,-0.08129,-0.96554,-0.83,1.09,0.21,-0.38178,-0.08754,-0.12489,-0.91158,-0.83,1.08,0.22,-0.38178,-0.08754,-0.12489,-0.91158,-0.87,1.06,0.1,0.23068,-0.08355,-0.08209,-0.96596,-0.86,1.09,0.14,0.20697,-0.03198,-0.14567,-0.96691,-0.86,1.1,0.18,-0.20194,-0.10709,-0.15738,-0.96072,-0.85,1.09,0.2,-0.40037,-0.16384,-0.15064,-0.88891,-0.84,1.08,0.22,-0.40037,-0.16384,-0.15064,-0.88891,-0.87,1.06,0.1,0.1768,0.00542,-0.3103,-0.93404,-0.88,1.07,0.14,0.22685,-0.03403,-0.2112,-0.95014,-0.88,1.09,0.17,-0.15386,-0.1027,-0.25345,-0.9495,-0.87,1.08,0.18,-0.34074,-0.20005,-0.23134,-0.88902,-0.86,1.07,0.2,-0.34074,-0.20005,-0.23134,-0.88902,-0.7,1.09,0.12,-0.28604,-0.14813,-0.09798,0.94161,-0.69,1.06,0.07,-0.28604,-0.14813,-0.09798,0.94161,-0.73,1.07,0.09,-0.45728,-0.22007,0.51452,0.69118,-0.75,1.08,0.11,-0.27541,-0.08862,0.47305,0.83218,-0.76,1.09,0.14,-0.19089,-0.07419,0.55788,0.80426,-0.77,1.1,0.16,-0.19089,-0.07419,0.55788,0.80426,-0.72,1.07,0.09,-0.28604,-0.14813,-0.09798,0.94161,-0.73,1.11,0.14,-0.1223,-0.18481,-0.02295,0.97486,-0.74,1.12,0.17,0.29068,-0.18504,0.02987,0.93828,-0.75,1.11,0.19,0.46344,-0.15004,0.05446,0.87163,-0.76,1.09,0.2,0.46344,-0.15004,0.05446,0.87163,-0.7,1.07,0.1,-0.28604,-0.14813,-0.09798,0.94161,-0.71,1.11,0.14,-0.11028,-0.14382,-0.08759,0.97953,-0.72,1.12,0.18,0.37333,-0.17112,-0.02065,0.91154,-0.73,1.1,0.2,0.59749,-0.15505,-0.04208,0.78562,-0.74,1.08,0.21,0.59749,-0.15505,-0.04208,0.78562,-0.68,1.07,0.1,-0.28604,-0.14813,-0.09798,0.94161,-0.69,1.1,0.15,-0.17852,-0.10601,-0.15622,0.96565,-0.7,1.12,0.18,0.37525,-0.19619,-0.1113,0.89906,-0.71,1.1,0.2,0.63574,-0.24013,-0.07296,0.72996,-0.72,1.08,0.2,0.63574,-0.24013,-0.07296,0.72996,-0.68,1.07,0.11,-0.21524,-0.07226,-0.32723,0.91726,-0.68,1.09,0.15,-0.343,-0.01932,-0.23985,0.90799,-0.67,1.11,0.17,0.22062,-0.16334,-0.2665,0.92392,-0.68,1.1,0.19,0.51195,-0.28764,-0.20223,0.78376,-0.69,1.09,0.19,0.51195,-0.28764,-0.20223,0.78376,-0.81,1.08,0.19
-0.79,1.44,-0.15,-0.79,1.44,-0.15,-0.84,1.08,0.12,0.21409,-0.09082,-0.07212,-0.9699,-0.86,1.05,0.06,0.21409,-0.09082,-0.07212,-0.9699,-0.82,1.06,0.09,0.42293,-0.27552,0.4611,-0.7298,-0.79,1.07,0.1,0.18623,-0.12984,0.44303,-0.86729,-0.78,1.08,0.13,0.09771,-0.12218,0.52973,-0.83361,-0.77,1.08,0.15,0.09771,-0.12218,0.52973,-0.83361,-0.83,1.06,0.09,0.21409,-0.09082,-0.07212,-0.9699,-0.82,1.09,0.14,0.07501,-0.0678,-0.03368,-0.9943,-0.81,1.1,0.18,-0.23111,-0.0777,-0.03755,-0.96909,-0.81,1.09,0.2,-0.39124,-0.05668,-0.03529,-0.91787,-0.81,1.07,0.21,-0.39124,-0.05668,-0.03529,-0.91787,-0.85,1.06,0.09,0.21409,-0.09082,-0.07212,-0.9699,-0.84,1.09,0.14,0.11932,-0.05497,-0.08348,-0.98781,-0.84,1.1,0.18,-0.23549,-0.08215,-0.07153,-0.96575,-0.83,1.09,0.21,-0.39089,-0.08478,-0.11558,-0.90921,-0.83,1.07,0.23,-0.39089,-0.08478,-0.11558,-0.90921,-0.87,1.06,0.1,0.21409,-0.09082,-0.07212,-0.9699,-0.86,1.08,0.14,0.20665,-0.03667,-0.13534,-0.96831,-0.86,1.1,0.18,-0.21008,-0.10822,-0.14548,-0.96072,-0.85,1.09,0.2,-0.41979,-0.16359,-0.13785,-0.88205,-0.84,1.07,0.22,-0.41979,-0.16359,-0.13785,-0.88205,-0.87,1.06,0.1,0.16057,0.00256,-0.299,-0.94064,-0.88,1.07,0.14,0.23085,-0.04115,-0.1998,-0.95137,-0.88,1.09,0.17,-0.16143,-0.10783,-0.23972,-0.95123,-0.87,1.08,0.19,-0.37784,-0.20858,-0.2119,-0.87683,-0.86,1.07,0.2,-0.37784,-0.20858,-0.2119,-0.87683,-0.7,1.1,0.12,-0.31739,-0.15602,-0.1183,0.92786,-0.69,1.06,0.07,-0.31739,-0.15602,-0.1183,0.92786,-0.73,1.07,0.09,-0.46419,-0.21107,0.52898,0.67835,-0.75,1.08,0.11,-0.27098,-0.06783,0.48793,0.82698,-0.76,1.1,0.13,-0.17243,-0.04419,0.57011,0.80205,-0.77,1.1,0.16,-0.17243,-0.04419,0.57011,0.80205,-0.71,1.08,0.09,-0.31739,-0.15602,-0.1183,0.92786,-0.73,1.12,0.13,-0.16223,-0.18816,-0.0454,0.96758,-0.74,1.13,0.16,0.24642,-0.1983,0.01007,0.9486,-0.75,1.12,0.18,0.42373,-0.16726,0.03657,0.88946,-0.76,1.1,0.2,0.42373,-0.16726,0.03657,0.88946,-0.7,1.08,0.09,-0.31739,-0.15602,-0.1183,0.92786,-0.71,1.12,0.14,-0.11673,-0.16241,-0.10033,0.97464,-0.72,1.13,0.18,0.31493,-0.19211,-0.03339,0.92887,-0.73,1.11,0.2,0.5102,-0.18253,-0.05414,0.83872,-0.74,1.09,0.21,0.5102,-0.18253,-0.05414,0.83872,-0.68,1.07,0.1,-0.31739,-0.15602,-0.1183,0.92786,-0.69,1.11,0.14,-0.17529,-0.12766,-0.17116,0.96108,-0.7,1.12,0.18,0.32645,-0.21624,-0.12288,0.91191,-0.71,1.11,0.19,0.57085,-0.26307,-0.08245,0.77339,-0.72,1.09,0.2,0.57085,-0.26307,-0.08245,0.77339,-0.68,1.07,0.1,-0.24136,-0.08869,-0.34831,0.90142,-0.68,1.09,0.14,-0.34544,-0.03827,-0.26411,0.89969,-0.67,1.11,0.17,0.20836,-0.19059,-0.27679,0.9185,-0.68,1.11,0.18,0.48029,-0.31242,-0.20813,0.79271,-0.7,1.09,0.19,0.48029,-0.31242,-0.20813,0.79271,-0.81,1.08,0.19
