-0.8,1.45,-0.16,-0.8,1.45,-0.16,-0.85,1.1,0.11,0.35459,-0.05601,-0.17493,-0.9168,-0.86,1.06,0.06,0.35459,-0.05601,-0.17493,-0.9168,-0.82,1.08,0.09,0.44161,-0.16448,0.51523,-0.71586,-0.8,1.09,0.1,0.20563,-0.00279,0.46337,-0.86197,-0.8,1.11,0.14,0.06953,0.03061,0.53579,-0.84093,-0.79,1.11,0.16,0.06953,0.03061,0.53579,-0.84093,-0.84,1.08,0.09,0.35459,-0.05601,-0.17493,-0.9168,-0.84,1.12,0.13,0.01975,-0.10499,-0.10162,-0.98907,-0.83,1.13,0.17,-0.38198,-0.14122,-0.07617,-0.91014,-0.82,1.11,0.18,-0.5363,-0.12484,-0.0576,-0.83276,-0.81,1.09,0.19,-0.5363,-0.12484,-0.0576,-0.83276,-0.85,1.08,0.09,0.35459,-0.05601,-0.17493,-0.9168,-0.86,1.12,0.13,0.06732,-0.08958,-0.17061,-0.97895,-0.85,1.13,0.17,-0.37428,-0.1578,-0.12584,-0.90508,-0.84,1.11,0.19,-0.58018,-0.1664,-0.14832,-0.78339,-0.83,1.09,0.2,-0.58018,-0.1664,-0.14832,-0.78339,-0.87,1.07,0.09,0.35459,-0.05601,-0.17493,-0.9168,-0.87,1.11,0.13,0.15377,-0.05779,-0.23671,-0.95759,-0.87,1.12,0.17,-0.32604,-0.18398,-0.21698,-0.90154,-0.86,1.11,0.19,-0.56876,-0.25923,-0.18041,-0.75945,-0.85,1.09,0.19,-0.56876,-0.25923,-0.18041,-0.75945,-0.88,1.07,0.09,0.29032,-0.00217,-0.40789,-0.86564,-0.89,1.09,0.13,0.21141,-0.03326,-0.32058,-0.92273,-0.89,1.1,0.16,-0.2556,-0.17793,-0.34,-0.88736,-0.88,1.1,0.18,-0.4791,-0.30855,-0.28609,-0.77033,-0.86,1.09,0.18,-0.4791,-0.30855,-0.28609,-0.77033,-0.7,1.1,0.11,-0.41212,-0.13705,-0.07657,0.8975,-0.69,1.05,0.06,-0.41212,-0.13705,-0.07657,0.8975,-0.72,1.07,0.09,-0.41904,-0.17743,0.65159,0.60692,-0.75,1.08,0.11,-0.24179,0.00848,0.60522,0.7584,-0.76,1.09,0.14,-0.10059,0.07707,0.66616,0.73496,-0.76,1.1,0.16,-0.10059,0.07707,0.66616,0.73496,-0.71,1.07,0.09,-0.41212,-0.13705,-0.07657,0.8975,-0.73,1.12,0.12,-0.12362,-0.15665,0.02077,0.97967,-0.74,1.13,0.15,0.28495,-0.14192,0.05726,0.94625,-0.74,1.12,0.17,0.44,-0.10376,0.07055,0.88919,-0.75,1.1,0.19,0.44,-0.10376,0.07055,0.88919,-0.7,1.07,0.09,-0.41212,-0.13705,-0.07657,0.8975,-0.71,1.12,0.12,-0.07635,-0.13987,-0.04823,0.98604,-0.72,1.13,0.16,0.44211,-0.14778,0.01775,0.88453,-0.72,1.11,0.18,0.71528,-0.11334,-0.00592,0.68956,-0.73,1.08,0.18,0.71528,-0.11334,-0.00592,0.68956,-0.68,1.07,0.09,-0.41212,-0.13705,-0.07657,0.8975,-0.69,1.11,0.13,-0.13446,-0.12386,-0.12212,0.97553,-0.7,1.13,0.16,0.48203,-0.1952,-0.06153,0.85192,-0.71,1.1,0.18,0.7971,-0.21569,-0.00816,0.56396,-0.71,1.08,0.17,0.7971,-0.21569,-0.00816,0.56396,-0.67,1.07,0.1,-0.34339,-0.09344,-0.31527,0.87975,-0.67,1.1,0.13,-0.28593,-0.08036,-0.23008,0.92674,-0.67,1.12,0.16,0.40192,-0.23005,-0.20201,0.86298,-0.68,1.11,0.17,0.7509,-0.33584,-0.08522,0.56223,-0.69,1.09,0.16,0.7509,-0.33584,-0.08522,0.56223,-0.81,1.08,0.19
-0.8,1.45,-0.16,-0.8,1.45,-0.16,-0.85,1.1,0.11,0.35145,-0.05955,-0.17201,-0.91834,-0.86,1.06,0.06,0.35145,-0.05955,-0.17201,-0.91834,-0.82,1.08,0.09,0.43232,-0.1648,0.52361,-0.71538,-0.8,1.09,0.11,0.19527,0.00135,0.47196,-0.85972,-0.8,1.1,0.14,0.05655,0.03657,0.54276,-0.83718,-0.8,1.11,0.16,0.05655,0.03657,0.54276,-0.83718,-0.84,1.08,0.09,0.35145,-0.05955,-0.17201,-0.91834,-0.83,1.12,0.13,0.01252,-0.107,-0.09775,-0.98936,-0.83,1.12,0.17,-0.40279,-0.14243,-0.06963,-0.90146,-0.82,1.11,0.18,-0.55748,-0.12492,-0.04993,-0.81921,-0.81,1.09,0.19,-0.55748,-0.12492,-0.04993,-0.81921,-0.85,1.08,0.09,0.35145,-0.05955,-0.17201,-0.91834,-0.86,1.12,0.13,0.05998,-0.09402,-0.16543,-0.9799,-0.85,1.13,0.17,-0.38296,-0.1596,-0.11897,-0.90206,-0.84,1.11,0.19,-0.5871,-0.16587,-0.14123,-0.77965,-0.83,1.09,0.2,-0.5871,-0.16587,-0.14123,-0.77965,-0.87,1.07,0.09,0.35145,-0.05955,-0.17201,-0.91834,-0.87,1.11,0.13,0.1422,-0.06516,-0.23096,-0.96031,-0.87,1.12,0.17,-0.3377,-0.18718,-0.2087,-0.89854,-0.86,1.1,0.19,-0.57873,-0.25951,-0.17201,-0.75375,-0.84,1.09,0.19,-0.57873,-0.25951,-0.17201,-0.75375,-0.88,1.07,0.09,0.28693,-0.00468,-0.40488,-0.86817,-0.89,1.09,0.13,0.20008,-0.04355,-0.31536,-0.92662,-0.89,1.1,0.16,-0.26885,-0.18388,-0.33054,-0.88581,-0.88,1.1,0.18,-0.49234,-0.31171,-0.27577,-0.76445,-0.86,1.08,0.18,-0.49234,-0.31171,-0.27577,-0.76445,-0.7,1.1,0.11,-0.39436,-0.15301,-0.08083,0.90252,-0.69,1.05,0.07,-0.39436,-0.15301,-0.08083,0.90252,-0.72,1.07,0.09,-0.43415,-0.19633,0.63207,0.61112,-0.75,1.08,0.11,-0.25826,-0.0206,0.59043,0.76437,-0.76,1.09,0.14,-0.12391,0.04296,0.65771,0.74177,-0.76,1.1,0.16,-0.12391,0.04296,0.65771,0.74177,-0.71,1.07,0.09,-0.39436,-0.15301,-0.08083,0.90252,-0.73,1.12,0.12,-0.10852,-0.1774,0.02361,0.97785,-0.74,1.13,0.16,0.27274,-0.16116,0.06375,0.94635,-0.75,1.11,0.17,0.41734,-0.1227,0.07816,0.89703,-0.75,1.1,0.19,0.41734,-0.1227,0.07816,0.89703,-0.7,1.07,0.09,-0.39436,-0.15301,-0.08083,0.90252,-0.71,1.12,0.13,-0.10686,-0.15411,-0.0539,0.98078,-0.72,1.13,0.17,0.36994,-0.16412,0.01256,0.91436,-0.73,1.11,0.18,0.62393,-0.13853,-0.00954,0.76904,-0.73,1.09,0.19,0.62393,-0.13853,-0.00954,0.76904,-0.68,1.07,0.1,-0.39436,-0.15301,-0.08083,0.90252,-0.69,1.11,0.13,-0.16539,-0.13218,-0.12867,0.96882,-0.7,1.13,0.17,0.41102,-0.20425,-0.06993,0.8857,-0.71,1.11,0.18,0.7193,-0.23181,-0.01839,0.65462,-0.72,1.09,0.18,0.7193,-0.23181,-0.01839,0.65462,-0.67,1.07,0.1,-0.3222,-0.10459,-0.31764,0.88564,-0.67,1.1,0.13,-0.27597,-0.0936,-0.2304,0.92844,-0.68,1.12,0.16,0.3791,-0.23265,-0.20096,0.8728,-0.69,1.11,0.17,0.70972,-0.33568,-0.09508,0.61203,-0.7,1.09,0.17,0.70972,-0.33568,-0.09508,0.61203,-0.81,1.08,0.19
-0.8,1.45,-0.16,-0.8,1.45,-0.16,-0.85,1.1,0.11,0.34599,-0.0611,-0.16842,-0.92098,-0.86,1.06,0.06,0.34599,-0.0611,-0.16842,-0.92098,-0.83,1.08,0.09,0.42544,-0.16805,0.52787,-0.71562,-0.8,1.09,0.11,0.18917,-0.00017,0.47722,-0.85818,-0.8,1.1,0.14,0.05041,0.03548,0.54771,-0.8344,-0.8,1.11,0.16,0.05041,0.03548,0.54771,-0.8344,-0.84,1.08,0.09,0.34599,-0.0611,-0.16842,-0.92098,-0.83,1.12,0.13,0.00426,-0.10735,-0.0937,-0.98979,-0.83,1.12,0.17,-0.43411,-0.14256,-0.06205,-0.88734,-0.82,1.11,0.18,-0.59449,-0.12412,-0.03994,-0.79346,-0.81,1.08,0.19,-0.59449,-0.12412,-0.03994,-0.79346,-0.85,1.08,0.09,0.34599,-0.0611,-0.16842,-0.92098,-0.86,1.12,0.13,0.05133,-0.09443,-0.16142,-0.98102,-0.85,1.12,0.17,-0.4156,-0.16114,-0.11092,-0.88826,-0.84,1.11,0.19,-0.62799,-0.1644,-0.13105,-0.74929,-0.83,1.08,0.19,-0.62799,-0.1644,-0.13105,-0.74929,-0.87,1.07,0.09,0.34599,-0.0611,-0.16842,-0.92098,-0.87,1.11,0.13,0.12085,-0.07075,-0.22486,-0.96428,-0.87,1.12,0.17,-0.37778,-0.19241,-0.19746,-0.88389,-0.86,1.1,0.19,-0.62574,-0.262,-0.15722,-0.71769,-0.84,1.08,0.19,-0.62574,-0.262,-0.15722,-0.71769,-0.88,1.07,0.1,0.28178,-0.00461,-0.40115,-0.87159,-0.89,1.09,0.13,0.17796,-0.0551,-0.30913,-0.93259,-0.89,1.1,0.16,-0.3123,-0.19634,-0.31613,-0.87406,-0.88,1.09,0.18,-0.55444,-0.32626,-0.25153,-0.72311,-0.86,1.08,0.18,-0.55444,-0.32626,-0.25153,-0.72311,-0.71,1.09,0.11,-0.36222,-0.17864,-0.09822,0.90953,-0.69,1.05,0.07,-0.36222,-0.17864,-0.09822,0.90953,-0.73,1.07,0.09,-0.44292,-0.22929,0.60357,0.62205,-0.75,1.08,0.11,-0.26488,-0.06418,0.57027,0.77493,-0.76,1.09,0.13,-0.14733,-0.01451,0.64589,0.74894,-0.77,1.09,0.16,-0.14733,-0.01451,0.64589,0.74894,-0.71,1.07,0.09,-0.36222,-0.17864,-0.09822,0.90953,-0.73,1.11,0.12,-0.07789,-0.21402,0.01834,0.97355,-0.75,1.12,0.16,0.27646,-0.19803,0.06758,0.93797,-0.76,1.11,0.18,0.41165,-0.1594,0.08616,0.89315,-0.76,1.09,0.19,0.41165,-0.1594,0.08616,0.89315,-0.7,1.07,0.09,-0.36222,-0.17864,-0.09822,0.90953,-0.71,1.12,0.13,-0.11888,-0.18054,-0.07068,0.97379,-0.73,1.13,0.17,0.30401,-0.1958,-0.00066,0.93233,-0.74,1.11,0.19,0.52478,-0.17928,-0.0188,0.83193,-0.74,1.09,0.2,0.52478,-0.17928,-0.0188,0.83193,-0.68,1.07,0.1,-0.36222,-0.17864,-0.09822,0.90953,-0.69,1.11,0.14,-0.1881,-0.14862,-0.14861,0.9594,-0.7,1.12,0.17,0.34595,-0.22649,-0.08593,0.90644,-0.71,1.11,0.19,0.63461,-0.26145,-0.03247,0.72654,-0.72,1.09,0.19,0.63461,-0.26145,-0.03247,0.72654,-0.68,1.07,0.1,-0.28322,-0.12208,-0.33095,0.89183,-0.68,1.1,0.14,-0.27549,-0.10607,-0.2443,0.92367,-0.68,1.11,0.16,0.32928,-0.24051,-0.21471,0.88749,-0.69,1.1,0.18,0.64819,-0.34669,-0.11241,0.66859,-0.7,1.09,0.18,0.64819,-0.34669,-0.11241,0.66859,-0.81,1.08,0.19
-0.8,1.45,-0.15,-0.8,1.45,-0.15,-0.85,1.1,0.11,0.33849,-0.05297,-0.13836,-0.92924,-0.86,1.06,0.06,0.33849,-0.05297,-0.13836,-0.92924,-0.82,1.08,0.09,0.41203,-0.17249,0.54641,-0.70846,-0.8,1.09,0.11,0.18544,-0.00165,0.49683,-0.8478,-0.8,1.1,0.14,0.05192,0.03361,0.56685,-0.8215,-0.8,1.1,0.16,0.05192,0.03361,0.56685,-0.8215,-0.84,1.08,0.09,0.33849,-0.05297,-0.13836,-0.92924,-0.83,1.12,0.13,0.00385,-0.08802,-0.07001,-0.99365,-0.83,1.12,0.17,-0.46665,-0.11648,-0.0453,-0.87557,-0.82,1.1,0.18,-0.63954,-0.09593,-0.02503,-0.76234,-0.82,1.08,0.19,-0.63954,-0.09593,-0.02503,-0.76234,-0.85,1.08,0.09,0.33849,-0.05297,-0.13836,-0.92924,-0.86,1.12,0.13,0.02963,-0.0781,-0.1348,-0.98735,-0.85,1.12,0.17,-0.48523,-0.13892,-0.08782,-0.8588,-0.84,1.1,0.19,-0.72154,-0.13447,-0.10959,-0.67029,-0.83,1.08,0.19,-0.72154,-0.13447,-0.10959,-0.67029,-0.87,1.08,0.09,0.33849,-0.05297,-0.13836,-0.92924,-0.87,1.11,0.13,0.07694,-0.06261,-0.19508,-0.97576,-0.87,1.12,0.17,-0.46953,-0.17782,-0.16833,-0.84828,-0.86,1.1,0.18,-0.73613,-0.24038,-0.12633,-0.61998,-0.84,1.08,0.18,-0.73613,-0.24038,-0.12633,-0.61998,-0.88,1.07,0.09,0.28027,0.00652,-0.37285,-0.88453,-0.89,1.09,0.13,0.14146,-0.05486,-0.2796,-0.94805,-0.89,1.1,0.16,-0.38422,-0.18893,-0.28564,-0.85738,-0.88,1.09,0.17,-0.65172,-0.31829,-0.21471,-0.65411,-0.86,1.08,0.17,-0.65172,-0.31829,-0.21471,-0.65411,-0.7,1.09,0.11,-0.35577,-0.19096,-0.13056,0.90549,-0.68,1.05,0.07,-0.35577,-0.19096,-0.13056,0.90549,-0.72,1.07,0.09,-0.46198,-0.232,0.57103,0.63772,-0.75,1.08,0.1,-0.27747,-0.0766,0.53765,0.79251,-0.76,1.09,0.13,-0.17413,-0.0413,0.61763,0.76584,-0.77,1.1,0.15,-0.17413,-0.0413,0.61763,0.76584,-0.71,1.07,0.09,-0.35577,-0.19096,-0.13056,0.90549,-0.73,1.12,0.12,-0.0801,-0.23327,-0.01247,0.96903,-0.75,1.12,0.16,0.27628,-0.22681,0.04643,0.93277,-0.76,1.11,0.17,0.41128,-0.19109,0.06943,0.88854,-0.76,1.09,0.19,0.41128,-0.19109,0.06943,0.88854,-0.7,1.07,0.09,-0.35577,-0.19096,-0.13056,0.90549,-0.71,1.12,0.13,-0.10633,-0.20018,-0.09804,0.96903,-0.72,1.13,0.17,0.33089,-0.22522,-0.01298,0.91631,-0.74,1.11,0.19,0.5514,-0.2087,-0.02273,0.80739,-0.74,1.09,0.19,0.5514,-0.2087,-0.02273,0.80739,-0.68,1.07,0.1,-0.35577,-0.19096,-0.13056,0.90549,-0.69,1.11,0.14,-0.17183,-0.16703,-0.1764,0.9547,-0.7,1.12,0.17,0.36414,-0.25659,-0.09829,0.88989,-0.72,1.11,0.19,0.6408,-0.2932,-0.0359,0.7086,-0.73,1.09,0.19,0.6408,-0.2932,-0.0359,0.7086,-0.68,1.07,0.1,-0.26996,-0.13383,-0.36029,0.88284,-0.68,1.09,0.14,-0.27177,-0.11946,-0.27405,0.91475,-0.68,1.11,0.17,0.323,-0.26716,-0.23153,0.87789,-0.69,1.1,0.18,0.62532,-0.37573,-0.1231,0.6728,-0.71,1.09,0.18,0.62532,-0.37573,-0.1231,0.6728,-0.81,1.08,0.19
-0.8,1.45,-0.15,-0.8,1.45,-0.15,-0.85,1.1,0.11,0.32852,-0.04765,-0.11891,-0.93577,-0.86,1.06,0.06,0.32852,-0.04765,-0.11891,-0.93577,-0.82,1.08,0.09,0.4165,-0.18561,0.54255,-0.70549,-0.8,1.09,0.11,0.20342,-0.02425,0.4959,-0.84387,-0.79,1.1,0.14,0.0837,0.00472,0.57046,-0.81703,-0.79,1.11,0.16,0.0837,0.00472,0.57046,-0.81703,-0.83,1.08,0.09,0.32852,-0.04765,-0.11891,-0.93577,-0.83,1.12,0.13,0.01913,-0.07272,-0.05812,-0.99547,-0.83,1.12,0.17,-0.45924,-0.09805,-0.04136,-0.88192,-0.82,1.1,0.18,-0.64107,-0.07747,-0.02427,-0.76318,-0.82,1.08,0.19,-0.64107,-0.07747,-0.02427,-0.76318,-0.85,1.08,0.09,0.32852,-0.04765,-0.11891,-0.93577,-0.85,1.12,0.13,0.00629,-0.0663,-0.11828,-0.99074,-0.85,1.12,0.18,-0.51666,-0.12089,-0.07848,-0.84397,-0.84,1.1,0.19,-0.75905,-0.1128,-0.10426,-0.63265,-0.83,1.08,0.18,-0.75905,-0.1128,-0.10426,-0.63265,-0.87,1.08,0.09,0.32852,-0.04765,-0.11891,-0.93577,-0.87,1.11,0.13,0.03826,-0.05504,-0.17685,-0.98195,-0.87,1.11,0.17,-0.51684,-0.16203,-0.15613,-0.82598,-0.86,1.09,0.18,-0.78474,-0.22092,-0.11775,-0.56703,-0.84,1.07,0.18,-0.78474,-0.22092,-0.11775,-0.56703,-0.88,1.07,0.09,0.27433,0.01501,-0.35408,-0.89395,-0.89,1.1,0.13,0.10987,-0.05227,-0.26109,-0.95762,-0.88,1.1,0.16,-0.42032,-0.17582,-0.27077,-0.848,-0.87,1.09,0.17,-0.69063,-0.30252,-0.20385,-0.62447,-0.86,1.07,0.17,-0.69063,-0.30252,-0.20385,-0.62447,-0.7,1.1,0.11,-0.36672,-0.20029,-0.13484,0.89845,-0.68,1.05,0.07,-0.36672,-0.20029,-0.13484,0.89845,-0.72,1.07,0.09,-0.47572,-0.22297,0.56814,0.6334,-0.75,1.08,0.1,-0.29279,-0.0703,0.53211,0.79132,-0.76,1.09,0.13,-0.18798,-0.03337,0.61216,0.76734,-0.77,1.1,0.15,-0.18798,-0.03337,0.61216,0.76734,-0.71,1.07,0.09,-0.36672,-0.20029,-0.13484,0.89845,-0.73,1.12,0.12,-0.09371,-0.23471,-0.02029,0.96733,-0.75,1.12,0.15,0.27841,-0.23061,0.04357,0.93135,-0.76,1.11,0.17,0.41635,-0.19506,0.06796,0.88543,-0.76,1.1,0.18,0.41635,-0.19506,0.06796,0.88543,-0.7,1.07,0.09,-0.36672,-0.20029,-0.13484,0.89845,-0.71,1.12,0.13,-0.10237,-0.21069,-0.09749,0.96728,-0.73,1.13,0.17,0.35839,-0.23449,-0.00158,0.90364,-0.74,1.11,0.18,0.58062,-0.21279,-0.00812,0.78583,-0.75,1.09,0.19,0.58062,-0.21279,-0.00812,0.78583,-0.68,1.07,0.1,-0.36672,-0.20029,-0.13484,0.89845,-0.69,1.11,0.14,-0.16242,-0.18179,-0.17533,0.95385,-0.7,1.12,0.17,0.38439,-0.26922,-0.08629,0.87882,-0.72,1.11,0.18,0.66,-0.30026,-0.01966,0.68837,-0.73,1.09,0.18,0.66,-0.30026,-0.01966,0.68837,-0.67,1.07,0.1,-0.27816,-0.14619,-0.36434,0.87665,-0.68,1.1,0.14,-0.27573,-0.13441,-0.27738,0.91048,-0.68,1.11,0.16,0.326,-0.28334,-0.22323,0.87385,-0.69,1.1,0.18,0.62745,-0.38732,-0.10905,0.66664,-0.71,1.09,0.18,0.62745,-0.38732,-0.10905,0.66664,-0.81,1.08,0.19
-0.8,1.45,-0.15,-0.8,1.45,-0.15,-0.85,1.1,0.11,0.30983,-0.04125,-0.11883,-0.94244,-0.86,1.06,0.06,0.30983,-0.04125,-0.11883,-0.94244,-0.82,1.08,0.09,0.41031,-0.19797,0.53056,-0.71481,-0.8,1.09,0.11,0.19757,-0.04107,0.48705,-0.84974,-0.79,1.1,0.14,0.08279,-0.01622,0.564,-0.82145,-0.79,1.11,0.16,0.08279,-0.01622,0.564,-0.82145,-0.83,1.08,0.09,0.30983,-0.04125,-0.11883,-0.94244,-0.83,1.12,0.14,0.01825,-0.06293,-0.06388,-0.9958,-0.83,1.12,0.17,-0.4461,-0.09135,-0.05255,-0.88876,-0.82,1.1,0.19,-0.62733,-0.07326,-0.03734,-0.7744,-0.82,1.08,0.19,-0.62733,-0.07326,-0.03734,-0.7744,-0.85,1.08,0.09,0.30983,-0.04125,-0.11883,-0.94244,-0.85,1.12,0.14,-0.0013,-0.05525,-0.12275,-0.9909,-0.85,1.12,0.18,-0.51658,-0.11308,-0.08898,-0.84406,-0.84,1.1,0.19,-0.75463,-0.1084,-0.1169,-0.63648,-0.83,1.07,0.19,-0.75463,-0.1084,-0.1169,-0.63648,-0.87,1.08,0.09,0.30983,-0.04125,-0.11883,-0.94244,-0.87,1.11,0.14,0.02478,-0.04368,-0.18001,-0.98238,-0.87,1.11,0.17,-0.51778,-0.15198,-0.16696,-0.82519,-0.86,1.09,0.18,-0.78096,-0.21508,-0.13266,-0.57118,-0.85,1.07,0.18,-0.78096,-0.21508,-0.13266,-0.57118,-0.88,1.07,0.09,0.25745,0.02601,-0.35288,-0.89918,-0.89,1.09,0.13,0.09484,-0.04142,-0.26222,-0.95944,-0.88,1.1,0.16,-0.4193,-0.1618,-0.27941,-0.84849,-0.87,1.09,0.18,-0.68007,-0.28998,-0.22084,-0.63612,-0.86,1.07,0.17,-0.68007,-0.28998,-0.22084,-0.63612,-0.7,1.1,0.11,-0.36793,-0.19811,-0.12764,0.8995,-0.68,1.05,0.07,-0.36793,-0.19811,-0.12764,0.8995,-0.72,1.07,0.09,-0.46958,-0.2189,0.57772,0.63073,-0.75,1.08,0.1,-0.28933,-0.06411,0.54054,0.78739,-0.76,1.09,0.13,-0.18338,-0.02596,0.61937,0.76294,-0.77,1.1,0.15,-0.18338,-0.02596,0.61937,0.76294,-0.71,1.07,0.09,-0.36793,-0.19811,-0.12764,0.8995,-0.73,1.12,0.12,-0.0935,-0.22636,-0.01706,0.96939,-0.75,1.12,0.15,0.29668,-0.22082,0.04762,0.92787,-0.75,1.11,0.17,0.43887,-0.18418,0.0722,0.8765,-0.76,1.09,0.18,0.43887,-0.18418,0.0722,0.8765,-0.7,1.07,0.09,-0.36793,-0.19811,-0.12764,0.8995,-0.71,1.12,0.13,-0.09424,-0.2069,-0.08962,0.96968,-0.72,1.13,0.17,0.37156,-0.22736,0.00483,0.90013,-0.74,1.11,0.18,0.5957,-0.20319,-0.00296,0.77708,-0.74,1.09,0.19,0.5957,-0.20319,-0.00296,0.77708,-0.68,1.07,0.1,-0.36793,-0.19811,-0.12764,0.8995,-0.69,1.11,0.14,-0.15321,-0.18012,-0.16677,0.95722,-0.7,1.12,0.17,0.40179,-0.26347,-0.07813,0.87352,-0.72,1.11,0.18,0.67745,-0.29145,-0.01338,0.67523,-0.73,1.08,0.18,0.67745,-0.29145,-0.01338,0.67523,-0.67,1.07,0.1,-0.28077,-0.14405,-0.35779,0.87886,-0.68,1.1,0.14,-0.27238,-0.13489,-0.26972,0.91371,-0.68,1.11,0.16,0.34364,-0.28188,-0.21344,0.87,-0.69,1.1,0.18,0.64621,-0.38243,-0.09954,0.65288,-0.71,1.09,0.17,0.64621,-0.38243,-0.09954,0.65288,-0.81,1.08,0.19
-0.8,1.45,-0.15,-0.8,1.45,-0.15,-0.85,1.1,0.11,0.2875,-0.0325,-0.13388,-0.94782,-0.86,1.06,0.06,0.2875,-0.0325,-0.13388,-0.94782,-0.82,1.08,0.09,0.40361,-0.20734,0.50717,-0.73273,-0.8,1.09,0.11,0.18722,-0.0569,0.46581,-0.86298,-0.79,1.1,0.14,0.0769,-0.03786,0.54533,-0.83383,-0.79,1.1,0.16,0.0769,-0.03786,0.54533,-0.83383,-0.83,1.08,0.09,0.2875,-0.0325,-0.13388,-0.94782,-0.83,1.12,0.14,0.01023,-0.0576,-0.08264,-0.99486,-0.83,1.12,0.18,-0.40773,-0.09136,-0.07642,-0.9053,-0.82,1.1,0.19,-0.58096,-0.07743,-0.06332,-0.80776,-0.82,1.08,0.2,-0.58096,-0.07743,-0.06332,-0.80776,-0.85,1.08,0.09,0.2875,-0.0325,-0.13388,-0.94782,-0.85,1.12,0.14,0.0363,-0.03771,-0.145,-0.98805,-0.85,1.12,0.18,-0.45006,-0.10571,-0.12096,-0.87843,-0.84,1.1,0.2,-0.67685,-0.11346,-0.15272,-0.71111,-0.84,1.08,0.2,-0.67685,-0.11346,-0.15272,-0.71111,-0.87,1.08,0.09,0.2875,-0.0325,-0.13388,-0.94782,-0.87,1.1,0.14,0.06979,-0.01932,-0.20098,-0.97692,-0.87,1.11,0.18,-0.43577,-0.13612,-0.20256,-0.86634,-0.86,1.09,0.19,-0.68887,-0.21099,-0.17724,-0.67047,-0.85,1.07,0.19,-0.68887,-0.21099,-0.17724,-0.67047,-0.88,1.07,0.09,0.23543,0.03958,-0.36559,-0.89964,-0.89,1.09,0.13,0.11971,-0.01658,-0.27738,-0.95313,-0.89,1.1,0.16,-0.3391,-0.13236,-0.31137,-0.8778,-0.88,1.09,0.18,-0.56588,-0.25917,-0.27304,-0.73352,-0.86,1.07,0.18,-0.56588,-0.25917,-0.27304,-0.73352,-0.7,1.09,0.11,-0.35695,-0.2069,-0.1187,0.90316,-0.68,1.05,0.07,-0.35695,-0.2069,-0.1187,0.90316,-0.72,1.07,0.09,-0.46101,-0.23221,0.58542,0.62517,-0.75,1.08,0.1,-0.28334,-0.07544,0.55209,0.78053,-0.76,1.09,0.13,-0.17786,-0.03565,0.63108,0.75421,-0.77,1.09,0.15,-0.17786,-0.03565,0.63108,0.75421,-0.71,1.07,0.09,-0.35695,-0.2069,-0.1187,0.90316,-0.73,1.11,0.12,-0.06841,-0.23275,-0.0021,0.97013,-0.75,1.12,0.16,0.32865,-0.21966,0.06579,0.91619,-0.76,1.1,0.17,0.47365,-0.17943,0.09217,0.8573,-0.76,1.09,0.18,0.47365,-0.17943,0.09217,0.8573,-0.7,1.07,0.09,-0.35695,-0.2069,-0.1187,0.90316,-0.71,1.12,0.13,-0.07982,-0.2133,-0.07729,0.97065,-0.73,1.12,0.17,0.38289,-0.22713,0.0182,0.89525,-0.74,1.1,0.18,0.6069,-0.19877,0.01032,0.76945,-0.75,1.08,0.19,0.6069,-0.19877,0.01032,0.76945,-0.68,1.07,0.1,-0.35695,-0.2069,-0.1187,0.90316,-0.69,1.11,0.14,-0.14165,-0.18639,-0.15543,0.95971,-0.71,1.12,0.17,0.41483,-0.26214,-0.06508,0.86888,-0.72,1.1,0.18,0.69085,-0.2852,-0.00104,0.66437,-0.73,1.08,0.18,0.69085,-0.2852,-0.00104,0.66437,-0.67,1.07,0.11,-0.26951,-0.14961,-0.3482,0.88529,-0.68,1.09,0.14,-0.2595,-0.14224,-0.25919,0.91937,-0.68,1.11,0.17,0.36973,-0.28279,-0.19768,0.8627,-0.69,1.1,0.18,0.67466,-0.37737,-0.08234,0.629,-0.71,1.08,0.17,0.67466,-0.37737,-0.08234,0.629,-0.81,1.08,0.19
-0.8,1.45,-0.15,-0.8,1.45,-0.15,-0.85,1.1,0.11,0.28814,-0.03471,-0.1796,-0.93995,-0.86,1.07,0.06,0.28814,-0.03471,-0.1796,-0.93995,-0.82,1.08,0.09,0.42043,-0.19979,0.46951,-0.75026,-0.8,1.1,0.11,0.19535,-0.05976,0.42583,-0.88144,-0.79,1.11,0.14,0.08268,-0.04358,0.50784,-0.85637,-0.79,1.11,0.16,0.08268,-0.04358,0.50784,-0.85637,-0.84,1.08,0.09,0.28814,-0.03471,-0.1796,-0.93995,-0.84,1.12,0.14,0.01081,-0.07257,-0.1261,-0.9893,-0.83,1.12,0.17,-0.40365,-0.12293,-0.10968,-0.89996,-0.82,1.1,0.19,-0.57267,-0.11452,-0.09044,-0.80669,-0.82,1.08,0.2,-0.57267,-0.11452,-0.09044,-0.80669,-0.85,1.08,0.09,0.28814,-0.03471,-0.1796,-0.93995,-0.86,1.12,0.14,0.05394,-0.04579,-0.19085,-0.97907,-0.85,1.12,0.18,-0.43218,-0.13565,-0.15663,-0.87766,-0.84,1.1,0.2,-0.65279,-0.1518,-0.17949,-0.72014,-0.83,1.08,0.2,-0.65279,-0.1518,-0.17949,-0.72014,-0.87,1.07,0.09,0.28814,-0.03471,-0.1796,-0.93995,-0.87,1.1,0.14,0.09144,-0.02496,-0.24588,-0.96466,-0.87,1.11,0.18,-0.41123,-0.16475,-0.23732,-0.86454,-0.86,1.09,0.19,-0.65375,-0.24738,-0.20317,-0.68566,-0.85,1.07,0.19,-0.65375,-0.24738,-0.20317,-0.68566,-0.88,1.07,0.09,0.22932,0.03537,-0.40827,-0.88288,-0.89,1.09,0.14,0.13009,-0.02183,-0.32045,-0.93804,-0.89,1.09,0.16,-0.31471,-0.15427,-0.3474,-0.86975,-0.88,1.09,0.18,-0.52449,-0.28503,-0.30466,-0.74219,-0.86,1.07,0.19,-0.52449,-0.28503,-0.30466,-0.74219,-0.71,1.09,0.11,-0.34602,-0.21785,-0.09503,0.90762,-0.68,1.05,0.07,-0.34602,-0.21785,-0.09503,0.90762,-0.72,1.06,0.09,-0.44898,-0.24907,0.60369,0.60987,-0.75,1.07,0.1,-0.27764,-0.08825,0.57548,0.76416,-0.77,1.08,0.13,-0.17575,-0.0473,0.65401,0.73427,-0.77,1.09,0.15,-0.17575,-0.0473,0.65401,0.73427,-0.71,1.07,0.09,-0.34602,-0.21785,-0.09503,0.90762,-0.73,1.11,0.12,-0.00561,-0.24708,0.04885,0.96775,-0.75,1.11,0.16,0.38723,-0.21075,0.11838,0.88973,-0.76,1.09,0.17,0.52602,-0.16177,0.14447,0.82235,-0.76,1.07,0.18,0.52602,-0.16177,0.14447,0.82235,-0.7,1.07,0.09,-0.34602,-0.21785,-0.09503,0.90762,-0.71,1.11,0.13,-0.07062,-0.21968,-0.0496,0.97175,-0.73,1.12,0.17,0.38989,-0.21989,0.04521,0.89308,-0.74,1.1,0.18,0.61746,-0.18405,0.03535,0.76395,-0.75,1.08,0.19,0.61746,-0.18405,0.03535,0.76395,-0.68,1.07,0.1,-0.34602,-0.21785,-0.09503,0.90762,-0.7,1.1,0.14,-0.13872,-0.19202,-0.13021,0.96277,-0.71,1.12,0.17,0.42086,-0.25295,-0.04079,0.87019,-0.72,1.1,0.18,0.70282,-0.26758,0.02011,0.65882,-0.73,1.08,0.18,0.70282,-0.26758,0.02011,0.65882,-0.68,1.07,0.11,-0.2599,-0.15689,-0.32448,0.89585,-0.68,1.09,0.14,-0.25179,-0.14871,-0.23488,0.927,-0.69,1.11,0.17,0.38796,-0.27365,-0.17322,0.8629,-0.7,1.1,0.18,0.70257,-0.35972,-0.05918,0.61114,-0.71,1.08,0.17,0.70257,-0.35972,-0.05918,0.61114,-0.81,1.08,0.19
-0.8,1.45,-0.15,-0.8,1.45,-0.15,-0.86,1.1,0.11,0.3114,-0.04248,-0.18864,-0.9304,-0.86,1.06,0.06,0.3114,-0.04248,-0.18864,-0.9304,-0.82,1.08,0.09,0.43822,-0.19038,0.47127,-0.74137,-0.8,1.1,0.1,0.21085,-0.04967,0.42541,-0.87869,-0.79,1.11,0.13,0.09294,-0.0296,0.50672,-0.85658,-0.79,1.11,0.16,0.09294,-0.0296,0.50672,-0.85658,-0.84,1.09,0.09,0.3114,-0.04248,-0.18864,-0.9304,-0.84,1.12,0.13,0.03249,-0.08249,-0.13231,-0.98724,-0.83,1.13,0.17,-0.39749,-0.13682,-0.10888,-0.90079,-0.82,1.11,0.19,-0.57069,-0.12854,-0.08649,-0.80642,-0.82,1.09,0.19,-0.57069,-0.12854,-0.08649,-0.80642,-0.85,1.08,0.09,0.3114,-0.04248,-0.18864,-0.9304,-0.86,1.12,0.13,0.07998,-0.05639,-0.1983,-0.97524,-0.85,1.13,0.18,-0.41346,-0.14989,-0.15689,-0.88429,-0.84,1.11,0.19,-0.63926,-0.1672,-0.17603,-0.72966,-0.83,1.09,0.2,-0.63926,-0.1672,-0.17603,-0.72966,-0.87,1.08,0.09,0.3114,-0.04248,-0.18864,-0.9304,-0.87,1.11,0.14,0.119,-0.03662,-0.25372,-0.95923,-0.87,1.12,0.17,-0.38765,-0.18049,-0.23702,-0.87234,-0.86,1.1,0.19,-0.63468,-0.26305,-0.1973,-0.69933,-0.85,1.08,0.19,-0.63468,-0.26305,-0.1973,-0.69933,-0.88,1.07,0.09,0.24914,0.02153,-0.41816,-0.87327,-0.89,1.09,0.13,0.14993,-0.03658,-0.32843,-0.93184,-0.89,1.1,0.16,-0.29678,-0.17306,-0.34761,-0.87243,-0.88,1.09,0.18,-0.51124,-0.30441,-0.29769,-0.74656,-0.86,1.08,0.19,-0.51124,-0.30441,-0.29769,-0.74656,-0.71,1.09,0.11,-0.3343,-0.21671,-0.07869,0.91383,-0.68,1.05,0.07,-0.3343,-0.21671,-0.07869,0.91383,-0.72,1.06,0.09,-0.43164,-0.25898,0.6178,0.6041,-0.75,1.07,0.11,-0.26564,-0.09559,0.59227,0.75467,-0.76,1.08,0.13,-0.17191,-0.06002,0.67003,0.71966,-0.77,1.08,0.16,-0.17191,-0.06002,0.67003,0.71966,-0.71,1.07,0.09,-0.3343,-0.21671,-0.07869,0.91383,-0.74,1.11,0.13,0.03783,-0.25784,0.08957,0.96128,-0.75,1.1,0.16,0.42507,-0.20321,0.16005,0.86741,-0.76,1.08,0.17,0.55869,-0.1475,0.18562,0.79477,-0.76,1.06,0.18,0.55869,-0.1475,0.18562,0.79477,-0.7,1.07,0.09,-0.3343,-0.21671,-0.07869,0.91383,-0.72,1.11,0.13,-0.07382,-0.21758,-0.03459,0.97263,-0.73,1.12,0.17,0.38729,-0.21113,0.0575,0.89561,-0.74,1.1,0.19,0.62338,-0.17157,0.04588,0.76148,-0.75,1.07,0.19,0.62338,-0.17157,0.04588,0.76148,-0.68,1.07,0.1,-0.3343,-0.21671,-0.07869,0.91383,-0.7,1.1,0.14,-0.15604,-0.18483,-0.11897,0.96298,-0.71,1.12,0.17,0.40641,-0.24149,-0.03511,0.8805,-0.72,1.1,0.19,0.69771,-0.25494,0.02305,0.66909,-0.73,1.08,0.19,0.69771,-0.25494,0.02305,0.66909,-0.68,1.07,0.11,-0.25097,-0.15218,-0.30832,0.90487,-0.68,1.09,0.14,-0.25185,-0.13849,-0.22025,0.93214,-0.68,1.11,0.17,0.38892,-0.25639,-0.16877,0.86863,-0.7,1.1,0.18,0.71213,-0.34272,-0.05929,0.60983,-0.71,1.08,0.17,0.71213,-0.34272,-0.05929,0.60983,-0.81,1.08,0.19
-0.8,1.45,-0.15,-0.8,1.45,-0.15,-0.85,1.1,0.11,0.33542,-0.0634,-0.16873,-0.92466,-0.86,1.06,0.06,0.33542,-0.0634,-0.16873,-0.92466,-0.82,1.08,0.09,0.45366,-0.19263,0.49488,-0.71567,-0.8,1.1,0.1,0.22551,-0.04292,0.45097,-0.86251,-0.79,1.11,0.13,0.09859,-0.01262,0.53013,-0.84207,-0.79,1.11,0.16,0.09859,-0.01262,0.53013,-0.84207,-0.84,1.09,0.09,0.33542,-0.0634,-0.16873,-0.92466,-0.83,1.13,0.13,0.05344,-0.09634,-0.10691,-0.98815,-0.83,1.13,0.17,-0.41226,-0.14174,-0.07477,-0.89686,-0.82,1.11,0.18,-0.5989,-0.12773,-0.04893,-0.78905,-0.81,1.09,0.19,-0.5989,-0.12773,-0.04893,-0.78905,-0.85,1.08,0.09,0.33542,-0.0634,-0.16873,-0.92466,-0.85,1.12,0.13,0.10384,-0.07465,-0.17376,-0.97645,-0.85,1.13,0.17,-0.38942,-0.15333,-0.12721,-0.89925,-0.84,1.12,0.19,-0.61763,-0.16415,-0.14768,-0.75484,-0.83,1.09,0.2,-0.61763,-0.16415,-0.14768,-0.75484,-0.87,1.08,0.09,0.33542,-0.0634,-0.16873,-0.92466,-0.87,1.11,0.13,0.14479,-0.05755,-0.23035,-0.96055,-0.87,1.12,0.17,-0.35791,-0.18543,-0.20771,-0.89128,-0.86,1.11,0.19,-0.60995,-0.25927,-0.16829,-0.72967,-0.84,1.09,0.19,-0.60995,-0.25927,-0.16829,-0.72967,-0.87,1.07,0.09,0.27096,-0.00414,-0.40069,-0.87522,-0.88,1.09,0.13,0.17228,-0.05874,-0.30685,-0.93419,-0.88,1.11,0.16,-0.28019,-0.18498,-0.31889,-0.88633,-0.87,1.1,0.18,-0.49991,-0.30826,-0.26624,-0.76432,-0.86,1.09,0.18,-0.49991,-0.30826,-0.26624,-0.76432,-0.7,1.09,0.12,-0.3197,-0.20395,-0.08609,0.92129,-0.68,1.05,0.07,-0.3197,-0.20395,-0.08609,0.92129,-0.72,1.06,0.09,-0.4178,-0.26134,0.61125,0.61928,-0.75,1.07,0.11,-0.25177,-0.10081,0.58522,0.76418,-0.76,1.08,0.14,-0.16905,-0.07716,0.66337,0.72485,-0.77,1.08,0.16,-0.16905,-0.07716,0.66337,0.72485,-0.71,1.07,0.09,-0.3197,-0.20395,-0.08609,0.92129,-0.73,1.11,0.13,0.0481,-0.26475,0.08794,0.95909,-0.75,1.1,0.16,0.42828,-0.21094,0.15997,0.86399,-0.76,1.08,0.17,0.56038,-0.1554,0.18669,0.79181,-0.76,1.06,0.18,0.56038,-0.1554,0.18669,0.79181,-0.7,1.07,0.1,-0.3197,-0.20395,-0.08609,0.92129,-0.71,1.11,0.14,-0.07835,-0.21066,-0.0465,0.97331,-0.73,1.12,0.17,0.38273,-0.21061,0.04356,0.89848,-0.74,1.1,0.19,0.62245,-0.17473,0.03256,0.76221,-0.74,1.07,0.19,0.62245,-0.17473,0.03256,0.76221,-0.68,1.07,0.1,-0.3197,-0.20395,-0.08609,0.92129,-0.7,1.1,0.14,-0.16084,-0.17067,-0.13104,0.96324,-0.71,1.11,0.17,0.4022,-0.23657,-0.05281,0.88288,-0.72,1.1,0.19,0.69531,-0.25671,0.00524,0.67128,-0.73,1.07,0.19,0.69531,-0.25671,0.00524,0.67128,-0.67,1.07,0.11,-0.23831,-0.1359,-0.31522,0.9085,-0.68,1.09,0.14,-0.24481,-0.11651,-0.22906,0.93489,-0.68,1.1,0.17,0.38852,-0.2428,-0.19071,0.86817,-0.69,1.09,0.18,0.70944,-0.33961,-0.08548,0.61159,-0.7,1.08,0.18,0.70944,-0.33961,-0.08548,0.61159,-0.81,1.08,0.19
-0.8,1.45,-0.16,-0.8,1.45,-0.16,-0.85,1.1,0.11,0.32478,-0.06226,-0.15738,-0.93052,-0.86,1.06,0.06,0.32478,-0.06226,-0.15738,-0.93052,-0.82,1.08,0.09,0.44175,-0.20164,0.50247,-0.71535,-0.8,1.09,0.1,0.21067,-0.04652,0.46178,-0.86035,-0.79,1.1,0.13,0.08041,-0.01368,0.54012,-0.83763,-0.79,1.11,0.16,0.08041,-0.01368,0.54012,-0.83763,-0.84,1.08,0.09,0.32478,-0.06226,-0.15738,-0.93052,-0.83,1.12,0.13,0.04208,-0.09092,-0.09714,-0.99022,-0.83,1.12,0.17,-0.42036,-0.13192,-0.06917,-0.89505,-0.82,1.11,0.18,-0.60834,-0.117,-0.04498,-0.78371,-0.81,1.08,0.19,-0.60834,-0.117,-0.04498,-0.78371,-0.85,1.08,0.09,0.32478,-0.06226,-0.15738,-0.93052,-0.85,1.12,0.13,0.08263,-0.07322,-0.16134,-0.9807,-0.85,1.12,0.17,-0.38777,-0.14281,-0.12071,-0.90259,-0.84,1.11,0.19,-0.60264,-0.15097,-0.14571,-0.76994,-0.83,1.08,0.2,-0.60264,-0.15097,-0.14571,-0.76994,-0.87,1.07,0.09,0.32478,-0.06226,-0.15738,-0.93052,-0.87,1.1,0.13,0.12709,-0.05621,-0.21808,-0.96599,-0.87,1.12,0.17,-0.35181,-0.17224,-0.20246,-0.89754,-0.86,1.1,0.19,-0.5927,-0.24327,-0.17052,-0.74863,-0.84,1.08,0.2,-0.5927,-0.24327,-0.17052,-0.74863,-0.88,1.07,0.09,0.26238,0.00019,-0.38945,-0.88289,-0.88,1.09,0.13,0.16162,-0.05416,-0.2959,-0.93989,-0.88,1.1,0.16,-0.28206,-0.17184,-0.31287,-0.89052,-0.87,1.09,0.18,-0.48778,-0.28941,-0.26921,-0.77836,-0.86,1.08,0.19,-0.48778,-0.28941,-0.26921,-0.77836,-0.7,1.09,0.12,-0.28917,-0.1854,-0.08761,0.93506,-0.68,1.05,0.07,-0.28917,-0.1854,-0.08761,0.93506,-0.72,1.06,0.09,-0.4173,-0.27766,0.57746,0.64444,-0.75,1.07,0.11,-0.24664,-0.12733,0.55376,0.78505,-0.76,1.08,0.14,-0.17702,-0.11627,0.63483,0.74306,-0.77,1.08,0.16,-0.17702,-0.11627,0.63483,0.74306,-0.71,1.07,0.09,-0.28917,-0.1854,-0.08761,0.93506,-0.73,1.1,0.13,-0.05709,-0.26595,0.03992,0.96147,-0.75,1.11,0.17,0.24732,-0.24335,0.09438,0.93312,-0.76,1.09,0.18,0.38231,-0.20092,0.11867,0.89408,-0.77,1.08,0.2,0.38231,-0.20092,0.11867,0.89408,-0.7,1.07,0.1,-0.28917,-0.1854,-0.08761,0.93506,-0.71,1.11,0.14,-0.08002,-0.1934,-0.0578,0.97614,-0.73,1.11,0.18,0.35144,-0.20132,0.01877,0.91411,-0.74,1.1,0.2,0.58794,-0.17533,0.00458,0.78966,-0.74,1.07,0.2,0.58794,-0.17533,0.00458,0.78966,-0.68,1.07,0.1,-0.28917,-0.1854,-0.08761,0.93506,-0.69,1.1,0.14,-0.14359,-0.14807,-0.13625,0.96897,-0.7,1.11,0.18,0.39585,-0.21835,-0.07525,0.8888,-0.71,1.09,0.19,0.68399,-0.24834,-0.02399,0.6855,-0.72,1.07,0.19,0.68399,-0.24834,-0.02399,0.6855,-0.67,1.06,0.11,-0.21212,-0.10972,-0.31559,0.91835,-0.68,1.08,0.15,-0.22213,-0.09098,-0.2291,0.94334,-0.68,1.1,0.17,0.37859,-0.21395,-0.21303,0.87494,-0.69,1.09,0.19,0.69878,-0.32272,-0.11907,0.6272,-0.7,1.07,0.18,0.69878,-0.32272,-0.11907,0.6272,-0.81,1.08,0.19
-0.8,1.45,-0.16,-0.8,1.45,-0.16,-0.85,1.1,0.11,0.31761,-0.0622,-0.14701,-0.93469,-0.86,1.06,0.06,0.31761,-0.0622,-0.14701,-0.93469,-0.82,1.08,0.09,0.43349,-0.21065,0.50934,-0.71294,-0.8,1.09,0.1,0.2013,-0.05144,0.47178,-0.85689,-0.79,1.1,0.13,0.07219,-0.01831,0.54991,-0.83189,-0.79,1.1,0.16,0.07219,-0.01831,0.54991,-0.83189,-0.83,1.08,0.09,0.31761,-0.0622,-0.14701,-0.93469,-0.83,1.12,0.13,0.03885,-0.08747,-0.08779,-0.99153,-0.82,1.12,0.17,-0.41675,-0.12398,-0.0635,-0.89829,-0.82,1.1,0.18,-0.60282,-0.10784,-0.0417,-0.78946,-0.81,1.08,0.19,-0.60282,-0.10784,-0.0417,-0.78946,-0.85,1.07,0.09,0.31761,-0.0622,-0.14701,-0.93469,-0.85,1.12,0.13,0.06709,-0.07209,-0.15023,-0.98373,-0.85,1.12,0.18,-0.39501,-0.13542,-0.11267,-0.90163,-0.84,1.1,0.19,-0.60292,-0.14075,-0.14024,-0.77266,-0.83,1.08,0.2,-0.60292,-0.14075,-0.14024,-0.77266,-0.87,1.07,0.09,0.31761,-0.0622,-0.14701,-0.93469,-0.87,1.1,0.14,0.10872,-0.05568,-0.20714,-0.97065,-0.87,1.11,0.17,-0.36219,-0.16415,-0.19488,-0.8966,-0.86,1.1,0.19,-0.59664,-0.23221,-0.16722,-0.74976,-0.84,1.08,0.2,-0.59664,-0.23221,-0.16722,-0.74976,-0.87,1.07,0.1,0.25683,0.00252,-0.37926,-0.88893,-0.88,1.09,0.13,0.14949,-0.05162,-0.28624,-0.94501,-0.88,1.1,0.16,-0.28984,-0.16268,-0.30617,-0.89207,-0.87,1.09,0.18,-0.4889,-0.27674,-0.26766,-0.78278,-0.86,1.08,0.19,-0.4889,-0.27674,-0.26766,-0.78278,-0.71,1.08,0.12,-0.26419,-0.17782,-0.0849,0.94413,-0.68,1.06,0.07,-0.26419,-0.17782,-0.0849,0.94413,-0.72,1.06,0.09,-0.43185,-0.29413,0.53556,0.66346,-0.75,1.07,0.11,-0.25516,-0.15563,0.51456,0.80368,-0.77,1.08,0.13,-0.19738,-0.15355,0.59863,0.76099,-0.78,1.08,0.15,-0.19738,-0.15355,0.59863,0.76099,-0.71,1.07,0.09,-0.26419,-0.17782,-0.0849,0.94413,-0.73,1.1,0.14,-0.10851,-0.26118,0.01434,0.95907,-0.75,1.11,0.17,0.17617,-0.24946,0.06305,0.95014,-0.76,1.1,0.19,0.31093,-0.21271,0.08553,0.92237,-0.77,1.09,0.2,0.31093,-0.21271,0.08553,0.92237,-0.7,1.07,0.1,-0.26419,-0.17782,-0.0849,0.94413,-0.71,1.1,0.14,-0.11924,-0.17881,-0.07011,0.97411,-0.73,1.11,0.18,0.30268,-0.19399,-0.0011,0.93314,-0.74,1.1,0.2,0.54656,-0.1768,-0.01705,0.81837,-0.74,1.08,0.21,0.54656,-0.1768,-0.01705,0.81837,-0.68,1.07,0.1,-0.26419,-0.17782,-0.0849,0.94413,-0.69,1.09,0.15,-0.17019,-0.1299,-0.14137,0.96653,-0.7,1.11,0.18,0.36987,-0.20662,-0.08898,0.90143,-0.71,1.09,0.2,0.66552,-0.24305,-0.03991,0.70457,-0.72,1.07,0.2,0.66552,-0.24305,-0.03991,0.70457,-0.67,1.06,0.11,-0.18973,-0.09589,-0.31147,0.92617,-0.68,1.08,0.15,-0.2387,-0.06996,-0.22544,0.94197,-0.68,1.1,0.17,0.35931,-0.19544,-0.22295,0.88487,-0.69,1.09,0.19,0.69292,-0.31167,-0.13153,0.63672,-0.7,1.07,0.19,0.69292,-0.31167,-0.13153,0.63672,-0.81,1.08,0.19
-0.8,1.45,-0.16,-0.8,1.45,-0.16,-0.85,1.1,0.11,0.32379,-0.06406,-0.14155,-0.93329,-0.86,1.06,0.06,0.32379,-0.06406,-0.14155,-0.93329,-0.82,1.08,0.09,0.43621,-0.21177,0.51547,-0.70652,-0.8,1.09,0.1,0.20415,-0.05008,0.47857,-0.85252,-0.79,1.1,0.13,0.07526,-0.01577,0.55626,-0.82744,-0.79,1.1,0.16,0.07526,-0.01577,0.55626,-0.82744,-0.83,1.08,0.09,0.32379,-0.06406,-0.14155,-0.93329,-0.83,1.12,0.13,0.0505,-0.08782,-0.08221,-0.99145,-0.82,1.12,0.17,-0.39657,-0.12141,-0.05965,-0.90798,-0.82,1.11,0.18,-0.57897,-0.10425,-0.04001,-0.80767,-0.81,1.08,0.19,-0.57897,-0.10425,-0.04001,-0.80767,-0.85,1.08,0.09,0.32379,-0.06406,-0.14155,-0.93329,-0.85,1.12,0.13,0.0682,-0.07434,-0.14368,-0.98447,-0.85,1.12,0.18,-0.39438,-0.13441,-0.10583,-0.90288,-0.84,1.1,0.19,-0.6004,-0.13801,-0.1341,-0.77621,-0.83,1.08,0.2,-0.6004,-0.13801,-0.1341,-0.77621,-0.87,1.07,0.09,0.32379,-0.06406,-0.14155,-0.93329,-0.87,1.1,0.13,0.10661,-0.05838,-0.20126,-0.97197,-0.87,1.11,0.17,-0.36371,-0.16345,-0.18868,-0.89744,-0.85,1.1,0.19,-0.59615,-0.22944,-0.16207,-0.75213,-0.84,1.08,0.2,-0.59615,-0.22944,-0.16207,-0.75213,-0.87,1.07,0.1,0.26322,-0.00066,-0.37452,-0.88907,-0.88,1.09,0.13,0.14747,-0.05295,-0.28211,-0.9465,-0.88,1.1,0.16,-0.29108,-0.16149,-0.30212,-0.89326,-0.87,1.09,0.18,-0.4868,-0.27348,-0.26523,-0.78606,-0.86,1.08,0.19,-0.4868,-0.27348,-0.26523,-0.78606,-0.71,1.08,0.12,-0.2239,-0.17446,-0.0746,0.95596,-0.68,1.06,0.07,-0.2239,-0.17446,-0.0746,0.95596,-0.73,1.06,0.09,-0.43522,-0.3096,0.49183,0.68763,-0.75,1.07,0.11,-0.25338,-0.18298,0.47281,0.82387,-0.77,1.08,0.13,-0.20617,-0.18886,0.55896,0.78063,-0.78,1.08,0.15,-0.20617,-0.18886,0.55896,0.78063,-0.72,1.07,0.09,-0.2239,-0.17446,-0.0746,0.95596,-0.74,1.09,0.14,-0.05539,-0.25839,0.02384,0.96416,-0.75,1.1,0.17,0.23603,-0.24211,0.07317,0.93825,-0.76,1.09,0.19,0.36991,-0.2031,0.09656,0.90144,-0.77,1.07,0.21,0.36991,-0.2031,0.09656,0.90144,-0.7,1.07,0.1,-0.2239,-0.17446,-0.0746,0.95596,-0.71,1.1,0.15,-0.12585,-0.16518,-0.0703,0.97567,-0.73,1.11,0.19,0.30082,-0.18181,-0.0063,0.93617,-0.74,1.09,0.21,0.54946,-0.16641,-0.0249,0.8184,-0.74,1.07,0.22,0.54946,-0.16641,-0.0249,0.8184,-0.68,1.07,0.11,-0.2239,-0.17446,-0.0746,0.95596,-0.7,1.09,0.15,-0.20371,-0.11107,-0.13902,0.96273,-0.7,1.1,0.18,0.34166,-0.19105,-0.09572,0.91521,-0.71,1.09,0.2,0.64656,-0.23186,-0.05044,0.72502,-0.72,1.07,0.21,0.64656,-0.23186,-0.05044,0.72502,-0.68,1.06,0.11,-0.15265,-0.08244,-0.29837,0.93855,-0.68,1.08,0.15,-0.26854,-0.04533,-0.21141,0.93869,-0.68,1.09,0.18,0.32118,-0.16754,-0.22727,0.90395,-0.69,1.08,0.19,0.67566,-0.29062,-0.14218,0.66243,-0.7,1.07,0.19,0.67566,-0.29062,-0.14218,0.66243,-0.81,1.08,0.19
-0.8,1.45,-0.16,-0.8,1.45,-0.16,-0.85,1.1,0.11,0.36129,-0.07767,-0.12946,-0.92015,-0.86,1.06,0.06,0.36129,-0.07767,-0.12946,-0.92015,-0.82,1.08,0.08,0.46144,-0.19656,0.53361,-0.68096,-0.8,1.09,0.1,0.23147,-0.02937,0.49283,-0.83826,-0.79,1.1,0.13,0.09941,0.01089,0.56777,-0.81709,-0.78,1.11,0.15,0.09941,0.01089,0.56777,-0.81709,-0.83,1.08,0.09,0.36129,-0.07767,-0.12946,-0.92015,-0.83,1.12,0.13,0.08585,-0.09722,-0.06611,-0.98935,-0.82,1.13,0.16,-0.36751,-0.12371,-0.04038,-0.92087,-0.81,1.11,0.18,-0.5513,-0.10267,-0.02178,-0.82768,-0.81,1.09,0.19,-0.5513,-0.10267,-0.02178,-0.82768,-0.85,1.08,0.09,0.36129,-0.07767,-0.12946,-0.92015,-0.85,1.12,0.13,0.10937,-0.08663,-0.12862,-0.98183,-0.84,1.13,0.17,-0.3528,-0.13852,-0.08731,-0.92126,-0.83,1.12,0.19,-0.56209,-0.14037,-0.11617,-0.80675,-0.83,1.09,0.2,-0.56209,-0.14037,-0.11617,-0.80675,-0.87,1.08,0.09,0.36129,-0.07767,-0.12946,-0.92015,-0.87,1.11,0.13,0.14929,-0.07239,-0.18776,-0.9681,-0.86,1.12,0.17,-0.32363,-0.1709,-0.1697,-0.91502,-0.85,1.11,0.19,-0.56261,-0.23245,-0.14104,-0.78073,-0.84,1.09,0.19,-0.56261,-0.23245,-0.14104,-0.78073,-0.87,1.07,0.09,0.29864,-0.02322,-0.36511,-0.88146,-0.88,1.1,0.13,0.18583,-0.06952,-0.26982,-0.94225,-0.88,1.11,0.16,-0.25609,-0.17396,-0.28432,-0.90737,-0.87,1.1,0.18,-0.45793,-0.28199,-0.24304,-0.80729,-0.86,1.09,0.19,-0.45793,-0.28199,-0.24304,-0.80729,-0.71,1.08,0.12,-0.21086,-0.16844,-0.0602,0.96101,-0.68,1.06,0.07,-0.21086,-0.16844,-0.0602,0.96101,-0.73,1.06,0.09,-0.43134,-0.30737,0.48638,0.69491,-0.75,1.07,0.1,-0.25253,-0.18428,0.46522,0.82816,-0.77,1.08,0.13,-0.21041,-0.19392,0.55102,0.7839,-0.78,1.08,0.15,-0.21041,-0.19392,0.55102,0.7839,-0.72,1.07,0.09,-0.21086,-0.16844,-0.0602,0.96101,-0.74,1.09,0.14,0.00415,-0.25737,0.05263,0.96487,-0.75,1.09,0.17,0.32435,-0.22763,0.1082,0.91174,-0.76,1.08,0.19,0.47289,-0.17991,0.13645,0.8517,-0.77,1.06,0.2,0.47289,-0.17991,0.13645,0.8517,-0.7,1.07,0.1,-0.21086,-0.16844,-0.0602,0.96101,-0.71,1.1,0.15,-0.11385,-0.15706,-0.05667,0.97937,-0.73,1.11,0.19,0.31937,-0.16851,0.00366,0.93252,-0.74,1.09,0.21,0.57092,-0.14945,-0.01834,0.80708,-0.74,1.07,0.21,0.57092,-0.14945,-0.01834,0.80708,-0.68,1.07,0.1,-0.21086,-0.16844,-0.0602,0.96101,-0.7,1.09,0.15,-0.20475,-0.10219,-0.12543,0.96535,-0.7,1.11,0.18,0.34284,-0.17647,-0.0889,0.91838,-0.71,1.09,0.2,0.64845,-0.21589,-0.04942,0.72833,-0.72,1.07,0.21,0.64845,-0.21589,-0.04942,0.72833,-0.68,1.06,0.11,-0.1432,-0.07295,-0.28375,0.94534,-0.68,1.08,0.15,-0.28158,-0.03004,-0.19512,0.93901,-0.68,1.09,0.17,0.29318,-0.14317,-0.22464,0.9182,-0.68,1.09,0.19,0.65187,-0.26729,-0.15101,0.69341,-0.7,1.07,0.19,0.65187,-0.26729,-0.15101,0.69341,-0.81,1.08,0.19
-0.8,1.45,-0.16,-0.8,1.45,-0.16,-0.85,1.1,0.11,0.36908,-0.07989,-0.16803,-0.91058,-0.86,1.06,0.06,0.36908,-0.07989,-0.16803,-0.91058,-0.82,1.08,0.08,0.47934,-0.18461,0.50507,-0.69359,-0.8,1.1,0.1,0.23918,-0.02499,0.46088,-0.85426,-0.79,1.11,0.13,0.10434,0.01213,0.53711,-0.83694,-0.79,1.11,0.15,0.10434,0.01213,0.53711,-0.83694,-0.83,1.08,0.08,0.36908,-0.07989,-0.16803,-0.91058,-0.83,1.13,0.12,0.09199,-0.11188,-0.10116,-0.98427,-0.82,1.13,0.16,-0.35762,-0.15245,-0.06541,-0.91902,-0.81,1.12,0.18,-0.5423,-0.13612,-0.04056,-0.82809,-0.81,1.1,0.19,-0.5423,-0.13612,-0.04056,-0.82809,-0.85,1.08,0.09,0.36908,-0.07989,-0.16803,-0.91058,-0.85,1.12,0.13,0.14074,-0.09531,-0.1677,-0.97107,-0.85,1.14,0.17,-0.30505,-0.16259,-0.12051,-0.93058,-0.84,1.12,0.19,-0.512,-0.17377,-0.14384,-0.82884,-0.83,1.1,0.2,-0.512,-0.17377,-0.14384,-0.82884,-0.87,1.08,0.09,0.36908,-0.07989,-0.16803,-0.91058,-0.87,1.11,0.13,0.19081,-0.07572,-0.22778,-0.95183,-0.87,1.13,0.17,-0.27181,-0.19261,-0.20355,-0.92064,-0.85,1.12,0.19,-0.50943,-0.26308,-0.16717,-0.80207,-0.84,1.1,0.2,-0.50943,-0.26308,-0.16717,-0.80207,-0.87,1.07,0.09,0.30049,-0.02903,-0.40152,-0.86466,-0.88,1.1,0.13,0.21338,-0.0734,-0.30661,-0.9247,-0.88,1.11,0.16,-0.2146,-0.19248,-0.31661,-0.90369,-0.87,1.1,0.18,-0.41076,-0.30627,-0.26924,-0.81547,-0.86,1.09,0.19,-0.41076,-0.30627,-0.26924,-0.81547,-0.71,1.09,0.12,-0.27563,-0.16823,-0.07476,0.94347,-0.68,1.06,0.07,-0.27563,-0.16823,-0.07476,0.94347,-0.72,1.07,0.09,-0.47682,-0.25842,0.49584,0.67824,-0.75,1.08,0.1,-0.30526,-0.13944,0.46191,0.82098,-0.77,1.09,0.13,-0.25757,-0.14337,0.54881,0.78225,-0.78,1.1,0.15,-0.25757,-0.14337,0.54881,0.78225,-0.71,1.07,0.09,-0.27563,-0.16823,-0.07476,0.94347,-0.73,1.11,0.14,-0.04918,-0.25739,0.04969,0.96378,-0.75,1.11,0.17,0.3099,-0.22567,0.11459,0.91646,-0.76,1.09,0.18,0.47211,-0.17504,0.14494,0.85174,-0.76,1.08,0.2,0.47211,-0.17504,0.14494,0.85174,-0.7,1.07,0.09,-0.27563,-0.16823,-0.07476,0.94347,-0.71,1.11,0.14,-0.13086,-0.1649,-0.06292,0.97557,-0.72,1.12,0.18,0.34492,-0.1782,0.0095,0.92151,-0.73,1.1,0.2,0.6096,-0.15427,-0.00803,0.77751,-0.74,1.08,0.2,0.6096,-0.15427,-0.00803,0.77751,-0.68,1.07,0.1,-0.27563,-0.16823,-0.07476,0.94347,-0.69,1.1,0.14,-0.20011,-0.11887,-0.13484,0.96314,-0.7,1.12,0.18,0.37205,-0.19756,-0.08295,0.90314,-0.71,1.1,0.19,0.67977,-0.2322,-0.03467,0.69483,-0.72,1.08,0.2,0.67977,-0.2322,-0.03467,0.69483,-0.67,1.07,0.1,-0.20422,-0.08888,-0.3033,0.9265,-0.68,1.09,0.14,-0.30404,-0.04457,-0.21797,0.92632,-0.67,1.11,0.17,0.28044,-0.1726,-0.23317,0.91498,-0.68,1.1,0.18,0.63661,-0.29699,-0.1461,0.69655,-0.7,1.08,0.19,0.63661,-0.29699,-0.1461,0.69655,-0.81,1.08,0.19
-0.8,1.45,-0.16,-0.8,1.45,-0.16,-0.85,1.1,0.11,0.35571,-0.06704,-0.21012,-0.9082,-0.86,1.06,0.06,0.35571,-0.06704,-0.21012,-0.9082,-0.82,1.08,0.08,0.4767,-0.17628,0.47034,-0.72143,-0.8,1.1,0.1,0.2273,-0.02683,0.42332,-0.87659,-0.79,1.11,0.13,0.09018,0.00427,0.50131,-0.86054,-0.79,1.12,0.15,0.09018,0.00427,0.50131,-0.86054,-0.84,1.08,0.08,0.35571,-0.06704,-0.21012,-0.9082,-0.84,1.13,0.13,0.06939,-0.11402,-0.1436,-0.98059,-0.83,1.13,0.16,-0.38088,-0.1732,-0.10154,-0.90257,-0.82,1.12,0.18,-0.56469,-0.16398,-0.07045,-0.80578,-0.81,1.1,0.19,-0.56469,-0.16398,-0.07045,-0.80578,-0.85,1.08,0.09,0.35571,-0.06704,-0.21012,-0.9082,-0.86,1.12,0.13,0.13404,-0.08832,-0.2135,-0.96367,-0.85,1.13,0.17,-0.32788,-0.18009,-0.16069,-0.91337,-0.84,1.12,0.19,-0.53728,-0.199,-0.17727,-0.80019,-0.83,1.1,0.2,-0.53728,-0.199,-0.17727,-0.80019,-0.87,1.07,0.09,0.35571,-0.06704,-0.21012,-0.9082,-0.87,1.11,0.13,0.18735,-0.06526,-0.2719,-0.94166,-0.87,1.12,0.17,-0.28399,-0.20739,-0.24406,-0.90375,-0.86,1.11,0.19,-0.5175,-0.288,-0.20163,-0.78013,-0.84,1.1,0.2,-0.5175,-0.288,-0.20163,-0.78013,-0.87,1.07,0.1,0.28434,-0.01493,-0.44013,-0.85159,-0.88,1.09,0.13,0.21001,-0.06022,-0.34842,-0.91152,-0.89,1.1,0.16,-0.21315,-0.19897,-0.35867,-0.88675,-0.88,1.1,0.18,-0.40375,-0.32208,-0.30822,-0.79891,-0.86,1.09,0.19,-0.40375,-0.32208,-0.30822,-0.79891,-0.7,1.1,0.11,-0.3359,-0.17017,-0.09769,0.92123,-0.68,1.06,0.07,-0.3359,-0.17017,-0.09769,0.92123,-0.72,1.07,0.09,-0.49987,-0.2112,0.52056,0.6592,-0.75,1.09,0.1,-0.33117,-0.08709,0.47624,0.8099,-0.76,1.1,0.13,-0.26901,-0.08139,0.56191,0.77799,-0.77,1.11,0.15,-0.26901,-0.08139,0.56191,0.77799,-0.71,1.08,0.09,-0.3359,-0.17017,-0.09769,0.92123,-0.73,1.12,0.13,-0.12419,-0.25214,0.0251,0.95936,-0.75,1.13,0.16,0.24841,-0.23063,0.09263,0.93623,-0.76,1.11,0.18,0.41574,-0.18451,0.1225,0.8821,-0.76,1.1,0.19,0.41574,-0.18451,0.1225,0.8821,-0.7,1.08,0.09,-0.3359,-0.17017,-0.09769,0.92123,-0.71,1.12,0.13,-0.1467,-0.17844,-0.07552,0.97002,-0.72,1.13,0.17,0.34061,-0.19619,0.00738,0.91948,-0.73,1.12,0.19,0.6057,-0.17235,-0.00468,0.77679,-0.74,1.09,0.2,0.6057,-0.17235,-0.00468,0.77679,-0.68,1.08,0.1,-0.3359,-0.17017,-0.09769,0.92123,-0.69,1.11,0.14,-0.18633,-0.14246,-0.14811,0.96075,-0.7,1.13,0.17,0.38841,-0.22434,-0.07973,0.8902,-0.71,1.11,0.19,0.69296,-0.25508,-0.02142,0.67401,-0.72,1.09,0.19,0.69296,-0.25508,-0.02142,0.67401,-0.67,1.07,0.1,-0.25935,-0.10677,-0.32932,0.9016,-0.67,1.1,0.14,-0.30145,-0.07563,-0.24523,0.9183,-0.67,1.12,0.16,0.29278,-0.21629,-0.23505,0.90125,-0.68,1.11,0.18,0.63476,-0.33558,-0.13254,0.6833,-0.7,1.09,0.18,0.63476,-0.33558,-0.13254,0.6833,-0.81,1.08,0.19
-0.8,1.45,-0.16,-0.8,1.45,-0.16,-0.85,1.1,0.11,0.35627,-0.06829,-0.19798,-0.91061,-0.86,1.06,0.06,0.35627,-0.06829,-0.19798,-0.91061,-0.82,1.08,0.08,0.47182,-0.18048,0.48244,-0.71559,-0.8,1.1,0.1,0.22461,-0.02678,0.43674,-0.87068,-0.79,1.11,0.13,0.08268,0.00912,0.5135,-0.85405,-0.79,1.11,0.15,0.08268,0.00912,0.5135,-0.85405,-0.84,1.08,0.08,0.35627,-0.06829,-0.19798,-0.91061,-0.84,1.13,0.13,0.05925,-0.11335,-0.12974,-0.98326,-0.83,1.13,0.16,-0.41638,-0.1686,-0.08482,-0.88939,-0.82,1.11,0.18,-0.60518,-0.15646,-0.05206,-0.77882,-0.81,1.09,0.18,-0.60518,-0.15646,-0.05206,-0.77882,-0.85,1.08,0.09,0.35627,-0.06829,-0.19798,-0.91061,-0.86,1.12,0.13,0.13264,-0.08377,-0.20329,-0.96647,-0.85,1.13,0.17,-0.37155,-0.17809,-0.14594,-0.89941,-0.84,1.12,0.19,-0.60017,-0.19384,-0.15939,-0.75949,-0.83,1.1,0.19,-0.60017,-0.19384,-0.15939,-0.75949,-0.87,1.07,0.09,0.35627,-0.06829,-0.19798,-0.91061,-0.87,1.11,0.13,0.18605,-0.06233,-0.26109,-0.94516,-0.87,1.12,0.17,-0.32116,-0.20822,-0.22917,-0.89498,-0.86,1.11,0.18,-0.56808,-0.2869,-0.1831,-0.7493,-0.84,1.09,0.19,-0.56808,-0.2869,-0.1831,-0.7493,-0.88,1.07,0.09,0.28628,-0.0157,-0.42893,-0.85663,-0.88,1.09,0.13,0.20715,-0.05766,-0.33807,-0.91622,-0.89,1.1,0.16,-0.2457,-0.20263,-0.34575,-0.88263,-0.88,1.1,0.18,-0.45634,-0.32968,-0.28855,-0.77447,-0.86,1.09,0.18,-0.45634,-0.32968,-0.28855,-0.77447,-0.7,1.1,0.11,-0.36204,-0.18005,-0.11179,0.90775,-0.68,1.06,0.07,-0.36204,-0.18005,-0.11179,0.90775,-0.72,1.07,0.09,-0.47935,-0.21393,0.56317,0.6382,-0.75,1.09,0.1,-0.30208,-0.06759,0.52336,0.7939,-0.76,1.1,0.13,-0.21968,-0.04811,0.60463,0.7641,-0.77,1.11,0.15,-0.21968,-0.04811,0.60463,0.7641,-0.71,1.08,0.09,-0.36204,-0.18005,-0.11179,0.90775,-0.73,1.12,0.12,-0.15865,-0.23876,-0.00203,0.95803,-0.75,1.13,0.15,0.22651,-0.22846,0.0653,0.94458,-0.76,1.12,0.17,0.39533,-0.18761,0.09438,0.89421,-0.76,1.11,0.19,0.39533,-0.18761,0.09438,0.89421,-0.7,1.08,0.09,-0.36204,-0.18005,-0.11179,0.90775,-0.71,1.12,0.13,-0.15039,-0.19281,-0.083,0.96608,-0.72,1.14,0.17,0.32695,-0.2125,0.00582,0.92082,-0.73,1.12,0.18,0.57127,-0.19087,-0.00457,0.79825,-0.74,1.1,0.19,0.57127,-0.19087,-0.00457,0.79825,-0.68,1.08,0.1,-0.36204,-0.18005,-0.11179,0.90775,-0.69,1.11,0.13,-0.18754,-0.16095,-0.157,0.95618,-0.7,1.13,0.17,0.36245,-0.24276,-0.08225,0.89607,-0.71,1.11,0.18,0.65301,-0.27464,-0.02195,0.70545,-0.72,1.09,0.19,0.65301,-0.27464,-0.02195,0.70545,-0.67,1.07,0.1,-0.28088,-0.1239,-0.34366,0.8875,-0.67,1.1,0.14,-0.31021,-0.10008,-0.25896,0.90923,-0.68,1.12,0.16,0.28168,-0.2447,-0.2317,0.89839,-0.69,1.11,0.18,0.59551,-0.35597,-0.12987,0.70837,-0.7,1.1,0.18,0.59551,-0.35597,-0.12987,0.70837,-0.81,1.08,0.19
-0.8,1.45,-0.16,-0.8,1.45,-0.16,-0.85,1.1,0.11,0.35466,-0.06578,-0.12574,-0.92416,-0.86,1.06,0.06,0.35466,-0.06578,-0.12574,-0.92416,-0.82,1.08,0.08,0.44258,-0.19309,0.54332,-0.68676,-0.8,1.09,0.1,0.20729,-0.01813,0.50174,-0.83962,-0.79,1.1,0.13,0.06335,0.02861,0.57282,-0.81673,-0.79,1.11,0.16,0.06335,0.02861,0.57282,-0.81673,-0.83,1.08,0.09,0.35466,-0.06578,-0.12574,-0.92416,-0.83,1.12,0.13,0.06138,-0.08689,-0.06325,-0.99231,-0.82,1.13,0.16,-0.43435,-0.11457,-0.03704,-0.89266,-0.82,1.11,0.18,-0.62949,-0.09325,-0.01578,-0.77123,-0.81,1.09,0.18,-0.62949,-0.09325,-0.01578,-0.77123,-0.85,1.08,0.09,0.35466,-0.06578,-0.12574,-0.92416,-0.85,1.12,0.13,0.10512,-0.0677,-0.13196,-0.98334,-0.85,1.13,0.17,-0.40976,-0.12864,-0.09177,-0.8984,-0.84,1.11,0.19,-0.64476,-0.13046,-0.11944,-0.74364,-0.83,1.09,0.19,-0.64476,-0.13046,-0.11944,-0.74364,-0.87,1.08,0.09,0.35466,-0.06578,-0.12574,-0.92416,-0.87,1.11,0.13,0.14049,-0.05516,-0.18893,-0.97032,-0.87,1.12,0.17,-0.38335,-0.16544,-0.17103,-0.89243,-0.86,1.11,0.18,-0.64326,-0.2296,-0.13835,-0.71719,-0.84,1.09,0.19,-0.64326,-0.2296,-0.13835,-0.71719,-0.88,1.07,0.09,0.29514,-0.00971,-0.36163,-0.88432,-0.88,1.1,0.13,0.17623,-0.05293,-0.26998,-0.94512,-0.88,1.11,0.16,-0.30555,-0.17083,-0.28614,-0.89195,-0.87,1.1,0.17,-0.54109,-0.28969,-0.23543,-0.75357,-0.86,1.08,0.18,-0.54109,-0.28969,-0.23543,-0.75357,-0.7,1.1,0.11,-0.33893,-0.18066,-0.10885,0.91686,-0.68,1.06,0.07,-0.33893,-0.18066,-0.10885,0.91686,-0.72,1.07,0.09,-0.45496,-0.24409,0.56975,0.63938,-0.75,1.08,0.1,-0.27081,-0.08898,0.5396,0.7922,-0.76,1.09,0.13,-0.17867,-0.06196,0.6205,0.76106,-0.77,1.1,0.15,-0.17867,-0.06196,0.6205,0.76106,-0.71,1.08,0.09,-0.33893,-0.18066,-0.10885,0.91686,-0.73,1.12,0.13,-0.1407,-0.21957,-0.01483,0.96528,-0.75,1.13,0.16,0.25144,-0.21491,0.04729,0.94253,-0.75,1.12,0.18,0.42081,-0.17706,0.07509,0.88653,-0.76,1.1,0.19,0.42081,-0.17706,0.07509,0.88653,-0.7,1.08,0.09,-0.33893,-0.18066,-0.10885,0.91686,-0.71,1.12,0.13,-0.14339,-0.18674,-0.08584,0.96809,-0.72,1.13,0.17,0.26315,-0.20789,-0.01528,0.94197,-0.73,1.12,0.19,0.45866,-0.19764,-0.03422,0.86568,-0.74,1.1,0.2,0.45866,-0.19764,-0.03422,0.86568,-0.68,1.08,0.1,-0.33893,-0.18066,-0.10885,0.91686,-0.69,1.11,0.14,-0.18923,-0.15419,-0.15795,0.9568,-0.7,1.13,0.17,0.30235,-0.23213,-0.10048,0.91902,-0.71,1.11,0.19,0.55834,-0.27272,-0.05389,0.78165,-0.72,1.09,0.2,0.55834,-0.27272,-0.05389,0.78165,-0.67,1.07,0.1,-0.25863,-0.11837,-0.33945,0.89659,-0.68,1.1,0.14,-0.30832,-0.0907,-0.25519,0.91192,-0.68,1.12,0.16,0.26881,-0.231,-0.23741,0.90444,-0.69,1.11,0.18,0.55466,-0.34081,-0.15273,0.74356,-0.7,1.09,0.18,0.55466,-0.34081,-0.15273,0.74356,-0.81,1.08,0.19
-0.8,1.45,-0.16,-0.8,1.45,-0.16,-0.85,1.1,0.11,0.33303,-0.0564,-0.08862,-0.93705,-0.86,1.06,0.06,0.33303,-0.0564,-0.08862,-0.93705,-0.82,1.07,0.09,0.4175,-0.20239,0.56276,-0.68413,-0.8,1.09,0.1,0.19126,-0.02327,0.52362,-0.82988,-0.79,1.1,0.14,0.05176,0.02328,0.59397,-0.80248,-0.79,1.1,0.16,0.05176,0.02328,0.59397,-0.80248,-0.83,1.08,0.09,0.33303,-0.0564,-0.08862,-0.93705,-0.83,1.12,0.13,0.04572,-0.0637,-0.03357,-0.99636,-0.82,1.12,0.17,-0.44763,-0.07941,-0.0229,-0.89039,-0.82,1.1,0.18,-0.64001,-0.05559,-0.00983,-0.76629,-0.82,1.08,0.19,-0.64001,-0.05559,-0.00983,-0.76629,-0.85,1.08,0.09,0.33303,-0.0564,-0.08862,-0.93705,-0.85,1.12,0.13,0.04521,-0.05188,-0.09592,-0.99301,-0.85,1.12,0.17,-0.47402,-0.09656,-0.06817,-0.87254,-0.84,1.1,0.19,-0.70337,-0.08886,-0.10426,-0.6975,-0.83,1.08,0.19,-0.70337,-0.08886,-0.10426,-0.6975,-0.87,1.08,0.09,0.33303,-0.0564,-0.08862,-0.93705,-0.87,1.11,0.13,0.06529,-0.044,-0.15182,-0.98527,-0.87,1.11,0.17,-0.46509,-0.13525,-0.1456,-0.86267,-0.86,1.09,0.18,-0.72093,-0.19148,-0.12363,-0.65445,-0.85,1.07,0.18,-0.72093,-0.19148,-0.12363,-0.65445,-0.88,1.07,0.09,0.28111,0.00633,-0.3255,-0.90277,-0.88,1.09,0.13,0.12205,-0.04397,-0.23495,-0.96331,-0.88,1.1,0.16,-0.36757,-0.1438,-0.25927,-0.88147,-0.87,1.09,0.17,-0.60812,-0.2581,-0.21775,-0.71844,-0.86,1.07,0.18,-0.60812,-0.2581,-0.21775,-0.71844,-0.7,1.1,0.11,-0.32009,-0.18371,-0.10945,0.92294,-0.68,1.06,0.07,-0.32009,-0.18371,-0.10945,0.92294,-0.72,1.07,0.09,-0.44695,-0.26174,0.56264,0.64433,-0.75,1.08,0.1,-0.26003,-0.10693,0.53748,0.79503,-0.77,1.09,0.13,-0.16774,-0.07973,0.61964,0.7626,-0.77,1.09,0.15,-0.16774,-0.07973,0.61964,0.7626,-0.71,1.08,0.09,-0.32009,-0.18371,-0.10945,0.92294,-0.73,1.11,0.13,-0.15134,-0.20607,-0.03247,0.96622,-0.75,1.13,0.16,0.2476,-0.20945,0.02716,0.94556,-0.75,1.11,0.18,0.42095,-0.17519,0.05482,0.88832,-0.76,1.1,0.19,0.42095,-0.17519,0.05482,0.88832,-0.7,1.07,0.09,-0.32009,-0.18371,-0.10945,0.92294,-0.71,1.12,0.13,-0.1435,-0.1837,-0.09168,0.96812,-0.72,1.13,0.17,0.2339,-0.20671,-0.02817,0.94962,-0.73,1.12,0.19,0.40004,-0.20065,-0.05126,0.89279,-0.74,1.1,0.21,0.40004,-0.20065,-0.05126,0.89279,-0.68,1.07,0.1,-0.32009,-0.18371,-0.10945,0.92294,-0.69,1.11,0.14,-0.18224,-0.15372,-0.15941,0.95799,-0.7,1.12,0.17,0.2902,-0.23016,-0.10641,0.92276,-0.71,1.11,0.19,0.52423,-0.27227,-0.0659,0.80418,-0.73,1.09,0.2,0.52423,-0.27227,-0.0659,0.80418,-0.67,1.07,0.1,-0.23957,-0.11658,-0.33859,0.90243,-0.68,1.09,0.14,-0.31045,-0.08555,-0.25478,0.9118,-0.68,1.11,0.17,0.26573,-0.22649,-0.24016,0.90577,-0.69,1.1,0.18,0.53817,-0.33515,-0.16222,0.75613,-0.7,1.09,0.19,0.53817,-0.33515,-0.16222,0.75613,-0.81,1.08,0.19
-0.8,1.45,-0.16,-0.8,1.45,-0.16,-0.85,1.1,0.11,0.33825,-0.05449,-0.09813,-0.93434,-0.86,1.06,0.06,0.33825,-0.05449,-0.09813,-0.93434,-0.82,1.08,0.09,0.43248,-0.19037,0.54831,-0.68998,-0.8,1.09,0.1,0.21047,-0.02131,0.50455,-0.83707,-0.79,1.1,0.13,0.0778,0.01863,0.5772,-0.81268,-0.79,1.1,0.16,0.0778,0.01863,0.5772,-0.81268,-0.83,1.08,0.09,0.33825,-0.05449,-0.09813,-0.93434,-0.83,1.12,0.13,0.0583,-0.06112,-0.04603,-0.99536,-0.82,1.13,0.17,-0.43197,-0.08338,-0.03532,-0.89733,-0.82,1.11,0.18,-0.62329,-0.06225,-0.02181,-0.7792,-0.82,1.09,0.19,-0.62329,-0.06225,-0.02181,-0.7792,-0.85,1.08,0.09,0.33825,-0.05449,-0.09813,-0.93434,-0.85,1.12,0.13,0.04022,-0.05251,-0.10616,-0.99215,-0.85,1.12,0.17,-0.48579,-0.103,-0.07568,-0.86468,-0.84,1.1,0.19,-0.71632,-0.09642,-0.1091,-0.68241,-0.83,1.08,0.19,-0.71632,-0.09642,-0.1091,-0.68241,-0.87,1.08,0.09,0.33825,-0.05449,-0.09813,-0.93434,-0.87,1.11,0.13,0.04408,-0.04835,-0.16081,-0.98481,-0.87,1.11,0.17,-0.49256,-0.14439,-0.1498,-0.84504,-0.86,1.09,0.18,-0.7483,-0.20119,-0.12332,-0.61997,-0.84,1.07,0.18,-0.7483,-0.20119,-0.12332,-0.61997,-0.88,1.07,0.09,0.28528,0.00656,-0.33491,-0.898,-0.88,1.1,0.13,0.11033,-0.05098,-0.24371,-0.9622,-0.88,1.1,0.16,-0.38615,-0.15558,-0.26214,-0.87061,-0.87,1.09,0.17,-0.63063,-0.27191,-0.21493,-0.69439,-0.86,1.08,0.17,-0.63063,-0.27191,-0.21493,-0.69439,-0.71,1.09,0.11,-0.30783,-0.19254,-0.11722,0.92435,-0.68,1.06,0.06,-0.30783,-0.19254,-0.11722,0.92435,-0.72,1.07,0.09,-0.45119,-0.27519,0.54743,0.64886,-0.75,1.08,0.1,-0.26552,-0.12707,0.52494,0.79862,-0.77,1.09,0.13,-0.1801,-0.10437,0.60932,0.76512,-0.78,1.09,0.15,-0.1801,-0.10437,0.60932,0.76512,-0.71,1.07,0.09,-0.30783,-0.19254,-0.11722,0.92435,-0.73,1.11,0.13,-0.1774,-0.19792,-0.05649,0.96237,-0.75,1.13,0.16,0.23128,-0.21208,0.00419,0.94948,-0.76,1.12,0.18,0.41032,-0.1821,0.03324,0.89296,-0.76,1.1,0.19,0.41032,-0.1821,0.03324,0.89296,-0.7,1.07,0.09,-0.30783,-0.19254,-0.11722,0.92435,-0.71,1.11,0.13,-0.12161,-0.19037,-0.09775,0.96923,-0.73,1.13,0.17,0.26131,-0.21511,-0.0298,0.94051,-0.74,1.11,0.19,0.4236,-0.20747,-0.05144,0.88027,-0.75,1.1,0.21,0.4236,-0.20747,-0.05144,0.88027,-0.68,1.07,0.1,-0.30783,-0.19254,-0.11722,0.92435,-0.69,1.1,0.14,-0.14142,-0.16673,-0.16052,0.96252,-0.71,1.12,0.17,0.33288,-0.24096,-0.10109,0.90604,-0.72,1.1,0.19,0.55909,-0.28001,-0.0595,0.77812,-0.73,1.08,0.2,0.55909,-0.28001,-0.0595,0.77812,-0.68,1.07,0.1,-0.22475,-0.12254,-0.34452,0.9032,-0.68,1.09,0.14,-0.29561,-0.0939,-0.26095,0.91417,-0.68,1.11,0.17,0.29407,-0.23909,-0.23751,0.8944,-0.69,1.1,0.18,0.56019,-0.34549,-0.15732,0.73626,-0.71,1.09,0.18,0.56019,-0.34549,-0.15732,0.73626,-0.81,1.08,0.19
-0.8,1.44,-0.16,-0.8,1.44,-0.16,-0.85,1.1,0.11,0.34777,-0.04978,-0.10987,-0.92979,-0.86,1.06,0.06,0.34777,-0.04978,-0.10987,-0.92979,-0.82,1.08,0.09,0.44561,-0.17283,0.53657,-0.69545,-0.8,1.09,0.1,0.22262,-0.00927,0.4871,-0.84445,-0.79,1.1,0.13,0.08908,0.02867,0.55965,-0.82343,-0.79,1.11,0.16,0.08908,0.02867,0.55965,-0.82343,-0.83,1.08,0.09,0.34777,-0.04978,-0.10987,-0.92979,-0.83,1.12,0.13,0.06933,-0.05886,-0.05943,-0.99408,-0.83,1.13,0.17,-0.41143,-0.0876,-0.04905,-0.9059,-0.82,1.11,0.18,-0.59945,-0.06922,-0.0355,-0.79662,-0.82,1.09,0.19,-0.59945,-0.06922,-0.0355,-0.79662,-0.85,1.08,0.09,0.34777,-0.04978,-0.10987,-0.92979,-0.85,1.12,0.13,0.0516,-0.05094,-0.11962,-0.99017,-0.85,1.13,0.17,-0.47137,-0.1085,-0.08837,-0.87077,-0.84,1.11,0.19,-0.7023,-0.10619,-0.12005,-0.6936,-0.83,1.08,0.19,-0.7023,-0.10619,-0.12005,-0.6936,-0.87,1.08,0.09,0.34777,-0.04978,-0.10987,-0.92979,-0.87,1.11,0.13,0.04849,-0.04915,-0.17328,-0.98245,-0.87,1.12,0.17,-0.48367,-0.15127,-0.16028,-0.84705,-0.86,1.1,0.18,-0.7392,-0.2113,-0.13094,-0.62593,-0.85,1.07,0.18,-0.7392,-0.2113,-0.13094,-0.62593,-0.88,1.07,0.09,0.2939,0.00829,-0.34676,-0.89068,-0.89,1.1,0.13,0.1201,-0.05225,-0.25534,-0.95794,-0.88,1.1,0.16,-0.37149,-0.16195,-0.27206,-0.87278,-0.87,1.09,0.17,-0.61329,-0.28017,-0.22289,-0.70406,-0.86,1.08,0.17,-0.61329,-0.28017,-0.22289,-0.70406,-0.71,1.09,0.11,-0.31365,-0.20595,-0.11468,0.91981,-0.68,1.06,0.06,-0.31365,-0.20595,-0.11468,0.91981,-0.73,1.07,0.08,-0.46792,-0.27464,0.54155,0.64214,-0.75,1.08,0.1,-0.28817,-0.1332,0.51774,0.79446,-0.77,1.09,0.12,-0.20826,-0.1124,0.60328,0.76161,-0.78,1.09,0.15,-0.20826,-0.1124,0.60328,0.76161,-0.71,1.07,0.09,-0.31365,-0.20595,-0.11468,0.91981,-0.73,1.11,0.13,-0.14572,-0.20713,-0.04519,0.96634,-0.75,1.12,0.16,0.29932,-0.21427,0.02663,0.9294,-0.76,1.11,0.17,0.48107,-0.17882,0.05946,0.85619,-0.76,1.09,0.19,0.48107,-0.17882,0.05946,0.85619,-0.7,1.07,0.09,-0.31365,-0.20595,-0.11468,0.91981,-0.71,1.11,0.13,-0.09338,-0.2025,-0.08756,0.97088,-0.73,1.12,0.17,0.31898,-0.22243,-0.00845,0.92125,-0.74,1.11,0.19,0.48553,-0.20749,-0.02735,0.8488,-0.75,1.09,0.2,0.48553,-0.20749,-0.02735,0.8488,-0.68,1.07,0.1,-0.31365,-0.20595,-0.11468,0.91981,-0.7,1.11,0.14,-0.11054,-0.18296,-0.15029,0.96526,-0.71,1.12,0.17,0.38235,-0.25087,-0.07977,0.88572,-0.72,1.1,0.19,0.60739,-0.28251,-0.03596,0.7416,-0.73,1.08,0.19,0.60739,-0.28251,-0.03596,0.7416,-0.68,1.07,0.1,-0.22804,-0.13732,-0.3417,0.90132,-0.68,1.09,0.14,-0.28872,-0.11002,-0.2587,0.91521,-0.68,1.11,0.17,0.32343,-0.25546,-0.22126,0.88384,-0.69,1.1,0.18,0.5887,-0.35569,-0.13641,0.71296,-0.71,1.09,0.18,0.5887,-0.35569,-0.13641,0.71296,-0.81,1.08,0.19
-0.8,1.45,-0.16,-0.8,1.45,-0.16,-0.85,1.1,0.11,0.36436,-0.0403,-0.13517,-0.92051,-0.86,1.06,0.06,0.36436,-0.0403,-0.13517,-0.92051,-0.82,1.08,0.09,0.45605,-0.14283,0.5239,-0.70509,-0.8,1.1,0.1,0.22719,0.0174,0.46506,-0.85546,-0.8,1.11,0.13,0.08768,0.05423,0.53506,-0.8385,-0.8,1.12,0.16,0.08768,0.05423,0.53506,-0.8385,-0.84,1.08,0.09,0.36436,-0.0403,-0.13517,-0.92051,-0.83,1.13,0.13,0.0601,-0.0606,-0.083,-0.99289,-0.83,1.13,0.16,-0.42087,-0.10023,-0.06876,-0.89894,-0.83,1.11,0.18,-0.6063,-0.08566,-0.05189,-0.7889,-0.82,1.09,0.19,-0.6063,-0.08566,-0.05189,-0.7889,-0.85,1.08,0.09,0.36436,-0.0403,-0.13517,-0.92051,-0.86,1.12,0.13,0.06789,-0.05205,-0.14565,-0.98563,-0.85,1.13,0.17,-0.44949,-0.12249,-0.1107,-0.8779,-0.84,1.11,0.18,-0.68025,-0.12708,-0.13803,-0.70856,-0.84,1.09,0.19,-0.68025,-0.12708,-0.13803,-0.70856,-0.87,1.08,0.09,0.36436,-0.0403,-0.13517,-0.92051,-0.87,1.11,0.13,0.07193,-0.05067,-0.19901,-0.97604,-0.87,1.12,0.17,-0.45151,-0.16547,-0.18204,-0.85768,-0.86,1.1,0.18,-0.70861,-0.23246,-0.14688,-0.64981,-0.85,1.08,0.18,-0.70861,-0.23246,-0.14688,-0.64981,-0.88,1.07,0.09,0.30855,0.01227,-0.37182,-0.87544,-0.89,1.1,0.13,0.14127,-0.05464,-0.27954,-0.94811,-0.89,1.11,0.16,-0.34233,-0.17557,-0.29258,-0.87543,-0.88,1.1,0.17,-0.58251,-0.29874,-0.2378,-0.71756,-0.86,1.08,0.18,-0.58251,-0.29874,-0.2378,-0.71756,-0.71,1.09,0.11,-0.31161,-0.21232,-0.09408,0.92139,-0.68,1.06,0.06,-0.31161,-0.21232,-0.09408,0.92139,-0.72,1.07,0.08,-0.46409,-0.28106,0.55553,0.63009,-0.75,1.07,0.1,-0.29055,-0.13807,0.53328,0.78238,-0.77,1.08,0.12,-0.20967,-0.11408,0.61833,0.74879,-0.78,1.09,0.14,-0.20967,-0.11408,0.61833,0.74879,-0.71,1.07,0.09,-0.31161,-0.21232,-0.09408,0.92139,-0.74,1.11,0.13,-0.05377,-0.22265,0.00664,0.97339,-0.75,1.11,0.16,0.40948,-0.20092,0.08482,0.88587,-0.76,1.1,0.17,0.58829,-0.15198,0.11904,0.78527,-0.76,1.08,0.18,0.58829,-0.15198,0.11904,0.78527,-0.7,1.07,0.09,-0.31161,-0.21232,-0.09408,0.92139,-0.72,1.11,0.13,-0.10042,-0.20193,-0.06877,0.97181,-0.73,1.12,0.17,0.30723,-0.21428,0.00711,0.92717,-0.74,1.11,0.19,0.47701,-0.19746,-0.01343,0.85633,-0.75,1.09,0.2,0.47701,-0.19746,-0.01343,0.85633,-0.68,1.07,0.1,-0.31161,-0.21232,-0.09408,0.92139,-0.7,1.1,0.14,-0.14308,-0.17461,-0.13831,0.96432,-0.71,1.12,0.17,0.34816,-0.23869,-0.0742,0.9035,-0.72,1.1,0.19,0.57865,-0.2704,-0.0333,0.76872,-0.73,1.08,0.19,0.57865,-0.2704,-0.0333,0.76872,-0.68,1.07,0.1,-0.22762,-0.14247,-0.32168,0.90797,-0.68,1.09,0.14,-0.29088,-0.09914,-0.24168,0.92041,-0.68,1.11,0.17,0.31677,-0.23524,-0.21603,0.89311,-0.69,1.1,0.18,0.58502,-0.33521,-0.13823,0.72545,-0.71,1.08,0.18,0.58502,-0.33521,-0.13823,0.72545,-0.81,1.08,0.19
-0.8,1.45,-0.16,-0.8,1.45,-0.16,-0.86,1.1,0.11,0.36236,-0.03186,-0.1603,-0.9176,-0.86,1.06,0.06,0.36236,-0.03186,-0.1603,-0.9176,-0.83,1.08,0.09,0.44501,-0.12447,0.51546,-0.72165,-0.81,1.1,0.11,0.20722,0.03677,0.45074,-0.86749,-0.8,1.11,0.14,0.06296,0.0709,0.51791,-0.85016,-0.8,1.12,0.16,0.06296,0.0709,0.51791,-0.85016,-0.84,1.08,0.09,0.36236,-0.03186,-0.1603,-0.9176,-0.84,1.13,0.13,0.02425,-0.06824,-0.10313,-0.99203,-0.83,1.13,0.16,-0.45319,-0.11572,-0.08286,-0.87998,-0.83,1.11,0.18,-0.6336,-0.10359,-0.06144,-0.76423,-0.82,1.09,0.18,-0.6336,-0.10359,-0.06144,-0.76423,-0.85,1.08,0.09,0.36236,-0.03186,-0.1603,-0.9176,-0.86,1.12,0.13,0.0711,-0.05533,-0.16901,-0.98149,-0.86,1.13,0.17,-0.42953,-0.13514,-0.13128,-0.88318,-0.85,1.11,0.19,-0.65446,-0.14525,-0.15531,-0.72558,-0.84,1.09,0.19,-0.65446,-0.14525,-0.15531,-0.72558,-0.87,1.08,0.09,0.36236,-0.03186,-0.1603,-0.9176,-0.88,1.11,0.13,0.10698,-0.04687,-0.2237,-0.96763,-0.88,1.12,0.17,-0.39752,-0.17224,-0.20753,-0.87706,-0.86,1.1,0.18,-0.65056,-0.24679,-0.17104,-0.69758,-0.85,1.08,0.19,-0.65056,-0.24679,-0.17104,-0.69758,-0.88,1.07,0.09,0.30488,0.01998,-0.39542,-0.86619,-0.89,1.09,0.13,0.1637,-0.05019,-0.30197,-0.93782,-0.89,1.1,0.16,-0.30227,-0.17908,-0.31643,-0.88116,-0.88,1.1,0.17,-0.53404,-0.30621,-0.26152,-0.7434,-0.86,1.08,0.18,-0.53404,-0.30621,-0.26152,-0.7434,-0.71,1.09,0.11,-0.30225,-0.20408,-0.07373,0.9282,-0.68,1.06,0.06,-0.30225,-0.20408,-0.07373,0.9282,-0.72,1.06,0.09,-0.44561,-0.28362,0.57256,0.62703,-0.75,1.07,0.1,-0.27838,-0.13804,0.55039,0.77494,-0.77,1.08,0.13,-0.1991,-0.11481,0.63392,0.73846,-0.78,1.08,0.15,-0.1991,-0.11481,0.63392,0.73846,-0.71,1.07,0.09,-0.30225,-0.20408,-0.07373,0.9282,-0.74,1.11,0.13,-0.00224,-0.24335,0.05885,0.96815,-0.75,1.11,0.16,0.45813,-0.19294,0.14155,0.85607,-0.76,1.09,0.17,0.63523,-0.13052,0.17578,0.74064,-0.76,1.06,0.18,0.63523,-0.13052,0.17578,0.74064,-0.7,1.07,0.09,-0.30225,-0.20408,-0.07373,0.9282,-0.72,1.11,0.13,-0.10865,-0.19092,-0.05265,0.97415,-0.73,1.12,0.17,0.28002,-0.19811,0.01302,0.93924,-0.74,1.11,0.19,0.45316,-0.18219,-0.01079,0.87255,-0.75,1.09,0.21,0.45316,-0.18219,-0.01079,0.87255,-0.68,1.07,0.1,-0.30225,-0.20408,-0.07373,0.9282,-0.7,1.1,0.14,-0.17379,-0.15268,-0.12796,0.96442,-0.71,1.12,0.17,0.29549,-0.21388,-0.08064,0.9276,-0.72,1.1,0.19,0.5316,-0.24982,-0.04548,0.80804,-0.73,1.08,0.2,0.5316,-0.24982,-0.04548,0.80804,-0.68,1.07,0.1,-0.22299,-0.13122,-0.30223,0.91745,-0.68,1.09,0.14,-0.3019,-0.05578,-0.22579,0.92453,-0.68,1.11,0.17,0.26991,-0.18311,-0.235,0.91564,-0.69,1.1,0.18,0.54034,-0.292,-0.17361,0.76982,-0.7,1.08,0.19,0.54034,-0.292,-0.17361,0.76982,-0.81,1.08,0.19
-0.8,1.44,-0.16,-0.8,1.44,-0.16,-0.86,1.1,0.11,0.34234,-0.04306,-0.16303,-0.92432,-0.86,1.06,0.06,0.34234,-0.04306,-0.16303,-0.92432,-0.83,1.08,0.09,0.42872,-0.14292,0.51735,-0.72672,-0.8,1.09,0.11,0.18809,0.02181,0.45856,-0.86826,-0.8,1.11,0.14,0.05332,0.05034,0.52803,-0.84605,-0.8,1.11,0.16,0.05332,0.05034,0.52803,-0.84605,-0.84,1.08,0.09,0.34234,-0.04306,-0.16303,-0.92432,-0.84,1.12,0.13,0.00337,-0.08242,-0.1,-0.99156,-0.83,1.12,0.17,-0.46665,-0.12572,-0.0742,-0.87231,-0.82,1.1,0.18,-0.64238,-0.11122,-0.05088,-0.75657,-0.82,1.08,0.18,-0.64238,-0.11122,-0.05088,-0.75657,-0.85,1.08,0.09,0.34234,-0.04306,-0.16303,-0.92432,-0.86,1.12,0.13,0.06033,-0.06775,-0.16643,-0.98187,-0.85,1.13,0.17,-0.42888,-0.14303,-0.12453,-0.88323,-0.84,1.11,0.19,-0.64736,-0.15029,-0.14748,-0.73252,-0.83,1.08,0.19,-0.64736,-0.15029,-0.14748,-0.73252,-0.87,1.07,0.09,0.34234,-0.04306,-0.16303,-0.92432,-0.87,1.11,0.13,0.10993,-0.05457,-0.22249,-0.96718,-0.87,1.12,0.17,-0.39235,-0.17777,-0.20302,-0.87934,-0.86,1.1,0.19,-0.63985,-0.24968,-0.16674,-0.70743,-0.85,1.08,0.19,-0.63985,-0.24968,-0.16674,-0.70743,-0.88,1.07,0.09,0.28268,0.01418,-0.39644,-0.87334,-0.89,1.09,0.13,0.16212,-0.05403,-0.30122,-0.93812,-0.89,1.1,0.16,-0.30248,-0.18146,-0.31423,-0.88138,-0.88,1.09,0.17,-0.53136,-0.30689,-0.25983,-0.74563,-0.86,1.08,0.18,-0.53136,-0.30689,-0.25983,-0.74563,-0.7,1.09,0.11,-0.32502,-0.19142,-0.08747,0.92199,-0.68,1.06,0.06,-0.32502,-0.19142,-0.08747,0.92199,-0.72,1.07,0.09,-0.45704,-0.2529,0.57045,0.63384,-0.75,1.08,0.1,-0.29365,-0.11211,0.53889,0.78154,-0.77,1.09,0.13,-0.21941,-0.09477,0.62163,0.74596,-0.78,1.09,0.15,-0.21941,-0.09477,0.62163,0.74596,-0.71,1.07,0.09,-0.32502,-0.19142,-0.08747,0.92199,-0.73,1.11,0.13,-0.04065,-0.25553,0.05361,0.96446,-0.75,1.11,0.16,0.41042,-0.20908,0.13998,0.87649,-0.76,1.1,0.17,0.59057,-0.14761,0.17578,0.77365,-0.76,1.07,0.18,0.59057,-0.14761,0.17578,0.77365,-0.7,1.07,0.09,-0.32502,-0.19142,-0.08747,0.92199,-0.71,1.11,0.13,-0.12305,-0.19308,-0.06135,0.9715,-0.73,1.13,0.17,0.26104,-0.2037,0.00486,0.94358,-0.74,1.11,0.19,0.44094,-0.19014,-0.01731,0.877,-0.75,1.09,0.2,0.44094,-0.19014,-0.01731,0.877,-0.68,1.07,0.1,-0.32502,-0.19142,-0.08747,0.92199,-0.69,1.11,0.14,-0.18294,-0.14693,-0.14171,0.9617,-0.7,1.12,0.17,0.2734,-0.21428,-0.0978,0.93262,-0.71,1.11,0.19,0.51063,-0.25526,-0.06147,0.81873,-0.73,1.09,0.2,0.51063,-0.25526,-0.06147,0.81873,-0.67,1.07,0.1,-0.24584,-0.1248,-0.31767,0.90724,-0.68,1.09,0.14,-0.31383,-0.03472,-0.24439,0.91683,-0.67,1.11,0.16,0.21443,-0.16612,-0.26721,0.92467,-0.68,1.11,0.18,0.46917,-0.28203,-0.2131,0.80927,-0.7,1.09,0.19,0.46917,-0.28203,-0.2131,0.80927,-0.81,1.08,0.19
-0.8,1.44,-0.15,-0.8,1.44,-0.15,-0.85,1.1,0.11,0.33158,-0.05061,-0.16309,-0.92784,-0.86,1.06,0.06,0.33158,-0.05061,-0.16309,-0.92784,-0.82,1.08,0.09,0.4204,-0.1546,0.51934,-0.72777,-0.8,1.09,0.11,0.18121,0.0109,0.46423,-0.86691,-0.8,1.1,0.14,0.05823,0.03286,0.53594,-0.84161,-0.8,1.11,0.16,0.05823,0.03286,0.53594,-0.84161,-0.84,1.08,0.09,0.33158,-0.05061,-0.16309,-0.92784,-0.83,1.12,0.13,-0.00869,-0.09145,-0.09612,-0.99112,-0.83,1.12,0.17,-0.46919,-0.1309,-0.06782,-0.87071,-0.82,1.1,0.18,-0.64086,-0.11467,-0.04411,-0.75776,-0.82,1.08,0.18,-0.64086,-0.11467,-0.04411,-0.75776,-0.85,1.08,0.09,0.33158,-0.05061,-0.16309,-0.92784,-0.86,1.12,0.13,0.05293,-0.0762,-0.16305,-0.98224,-0.85,1.12,0.17,-0.42912,-0.14779,-0.11854,-0.88316,-0.84,1.1,0.19,-0.64386,-0.15291,-0.14093,-0.73634,-0.83,1.08,0.19,-0.64386,-0.15291,-0.14093,-0.73634,-0.87,1.07,0.09,0.33158,-0.05061,-0.16309,-0.92784,-0.87,1.1,0.13,0.10913,-0.06005,-0.22049,-0.9674,-0.87,1.11,0.17,-0.39282,-0.18133,-0.19865,-0.8794,-0.86,1.1,0.19,-0.63751,-0.25125,-0.16233,-0.71,-0.84,1.08,0.19,-0.63751,-0.25125,-0.16233,-0.71,-0.88,1.07,0.09,0.27063,0.00958,-0.39558,-0.8776,-0.89,1.09,0.13,0.16068,-0.05636,-0.29987,-0.93866,-0.89,1.1,0.16,-0.30649,-0.18354,-0.31159,-0.8805,-0.88,1.09,0.18,-0.53546,-0.3082,-0.25674,-0.74322,-0.86,1.08,0.18,-0.53546,-0.3082,-0.25674,-0.74322,-0.7,1.09,0.11,-0.3185,-0.19358,-0.08365,0.92417,-0.68,1.06,0.06,-0.3185,-0.19358,-0.08365,0.92417,-0.72,1.07,0.09,-0.44717,-0.2542,0.57835,0.63318,-0.75,1.08,0.1,-0.28593,-0.11168,0.54707,0.77877,-0.77,1.09,0.13,-0.21588,-0.09788,0.62888,0.74049,-0.78,1.09,0.15,-0.21588,-0.09788,0.62888,0.74049,-0.71,1.07,0.09,-0.3185,-0.19358,-0.08365,0.92417,-0.73,1.11,0.13,-0.0312,-0.26455,0.06404,0.96174,-0.75,1.11,0.16,0.40495,-0.21433,0.15021,0.87608,-0.76,1.09,0.17,0.58004,-0.15174,0.18571,0.77849,-0.76,1.07,0.18,0.58004,-0.15174,0.18571,0.77849,-0.7,1.07,0.09,-0.3185,-0.19358,-0.08365,0.92417,-0.71,1.11,0.13,-0.1028,-0.20067,-0.05103,0.97291,-0.73,1.12,0.17,0.28717,-0.20635,0.01876,0.9352,-0.74,1.11,0.19,0.47616,-0.18802,-0.00159,0.85902,-0.75,1.09,0.2,0.47616,-0.18802,-0.00159,0.85902,-0.68,1.07,0.1,-0.3185,-0.19358,-0.08365,0.92417,-0.69,1.11,0.14,-0.15963,-0.15046,-0.13448,0.96633,-0.7,1.12,0.17,0.29579,-0.21321,-0.0904,0.92676,-0.72,1.11,0.19,0.53198,-0.25174,-0.05491,0.8066,-0.73,1.09,0.2,0.53198,-0.25174,-0.05491,0.8066,-0.67,1.07,0.1,-0.23959,-0.12516,-0.31346,0.91031,-0.68,1.09,0.14,-0.28964,-0.03405,-0.24092,0.92569,-0.68,1.11,0.17,0.22664,-0.15818,-0.26655,0.92334,-0.68,1.1,0.18,0.46653,-0.27091,-0.21943,0.8129,-0.7,1.09,0.19,0.46653,-0.27091,-0.21943,0.8129,-0.81,1.08,0.19
-0.8,1.44,-0.15,-0.8,1.44,-0.15,-0.85,1.1,0.11,0.32599,-0.05588,-0.15835,-0.93034,-0.86,1.06,0.06,0.32599,-0.05588,-0.15835,-0.93034,-0.82,1.08,0.09,0.41597,-0.1621,0.52353,-0.72568,-0.8,1.09,0.11,0.18136,0.00307,0.47061,-0.8635,-0.8,1.1,0.14,0.06675,0.02105,0.54372,-0.83635,-0.8,1.1,0.16,0.06675,0.02105,0.54372,-0.83635,-0.84,1.08,0.09,0.32599,-0.05588,-0.15835,-0.93034,-0.83,1.12,0.13,-0.01282,-0.09592,-0.08916,-0.99131,-0.83,1.12,0.17,-0.46862,-0.13122,-0.06029,-0.87152,-0.82,1.1,0.18,-0.63793,-0.11327,-0.03711,-0.76081,-0.82,1.08,0.19,-0.63793,-0.11327,-0.03711,-0.76081,-0.85,1.07,0.09,0.32599,-0.05588,-0.15835,-0.93034,-0.86,1.12,0.13,0.04418,-0.08124,-0.15604,-0.98341,-0.85,1.12,0.17,-0.43544,-0.14844,-0.11032,-0.88101,-0.84,1.1,0.19,-0.64969,-0.15106,-0.13274,-0.73312,-0.83,1.08,0.19,-0.64969,-0.15106,-0.13274,-0.73312,-0.87,1.07,0.09,0.32599,-0.05588,-0.15835,-0.93034,-0.87,1.1,0.13,0.1033,-0.06357,-0.21466,-0.96913,-0.87,1.11,0.17,-0.40026,-0.18148,-0.19177,-0.87755,-0.86,1.1,0.19,-0.64555,-0.24932,-0.15555,-0.70491,-0.84,1.08,0.19,-0.64555,-0.24932,-0.15555,-0.70491,-0.88,1.07,0.09,0.26474,0.00608,-0.39063,-0.88164,-0.89,1.09,0.13,0.1581,-0.05737,-0.29494,-0.9406,-0.89,1.1,0.16,-0.31867,-0.18488,-0.30542,-0.87806,-0.88,1.09,0.18,-0.55266,-0.30937,-0.24883,-0.73276,-0.86,1.07,0.18,-0.55266,-0.30937,-0.24883,-0.73276,-0.7,1.09,0.11,-0.31867,-0.19396,-0.08368,0.92403,-0.68,1.06,0.06,-0.31867,-0.19396,-0.08368,0.92403,-0.72,1.07,0.09,-0.44092,-0.24977,0.58571,0.63257,-0.75,1.07,0.1,-0.28043,-0.1049,0.55353,0.77715,-0.76,1.09,0.13,-0.21101,-0.09228,0.63439,0.73791,-0.78,1.09,0.15,-0.21101,-0.09228,0.63439,0.73791,-0.71,1.07,0.09,-0.31867,-0.19396,-0.08368,0.92403,-0.73,1.11,0.13,-0.02428,-0.26389,0.06596,0.96199,-0.75,1.11,0.16,0.40599,-0.21362,0.1503,0.87576,-0.76,1.09,0.17,0.57515,-0.15231,0.18442,0.7823,-0.76,1.07,0.18,0.57515,-0.15231,0.18442,0.7823,-0.7,1.07,0.09,-0.31867,-0.19396,-0.08368,0.92403,-0.71,1.11,0.13,-0.08233,-0.20338,-0.04579,0.97456,-0.73,1.12,0.17,0.32982,-0.20584,0.02972,0.92085,-0.74,1.1,0.19,0.52783,-0.18172,0.01109,0.82961,-0.75,1.08,0.2,0.52783,-0.18172,0.01109,0.82961,-0.68,1.07,0.1,-0.31867,-0.19396,-0.08368,0.92403,-0.69,1.11,0.14,-0.13788,-0.15369,-0.13089,0.96966,-0.7,1.12,0.17,0.32411,-0.21423,-0.08463,0.91755,-0.72,1.1,0.19,0.56154,-0.25048,-0.0487,0.78712,-0.73,1.08,0.2,0.56154,-0.25048,-0.0487,0.78712,-0.67,1.07,0.1,-0.23967,-0.12559,-0.31348,0.91023,-0.68,1.09,0.14,-0.27189,-0.03812,-0.24135,0.93079,-0.68,1.11,0.17,0.24693,-0.16101,-0.26468,0.91818,-0.68,1.1,0.18,0.48128,-0.27209,-0.21875,0.80405,-0.7,1.09,0.19,0.48128,-0.27209,-0.21875,0.80405,-0.81,1.08,0.19
-0.79,1.44,-0.16,-0.79,1.44,-0.16,-0.85,1.1,0.11,0.32935,-0.05833,-0.14767,-0.93076,-0.86,1.06,0.06,0.32935,-0.05833,-0.14767,-0.93076,-0.82,1.08,0.09,0.41412,-0.16129,0.53442,-0.71894,-0.8,1.09,0.11,0.18414,0.0059,0.48118,-0.85704,-0.8,1.1,0.14,0.06919,0.02563,0.5535,-0.82957,-0.8,1.1,0.16,0.06919,0.02563,0.5535,-0.82957,-0.84,1.08,0.09,0.32935,-0.05833,-0.14767,-0.93076,-0.83,1.12,0.13,-0.00845,-0.09545,-0.07756,-0.99237,-0.83,1.12,0.17,-0.46338,-0.12548,-0.05049,-0.87578,-0.82,1.1,0.18,-0.63217,-0.10561,-0.02905,-0.76705,-0.82,1.08,0.19,-0.63217,-0.10561,-0.02905,-0.76705,-0.85,1.08,0.09,0.32935,-0.05833,-0.14767,-0.93076,-0.85,1.12,0.13,0.04409,-0.08157,-0.14458,-0.98514,-0.85,1.12,0.17,-0.43778,-0.14338,-0.09992,-0.88194,-0.84,1.1,0.19,-0.65338,-0.14354,-0.12391,-0.7329,-0.83,1.08,0.19,-0.65338,-0.14354,-0.12391,-0.7329,-0.87,1.07,0.09,0.32935,-0.05833,-0.14767,-0.93076,-0.87,1.1,0.13,0.1054,-0.06397,-0.2039,-0.9712,-0.87,1.11,0.17,-0.40213,-0.17699,-0.1819,-0.8797,-0.86,1.1,0.19,-0.65038,-0.24237,-0.14706,-0.70472,-0.84,1.08,0.19,-0.65038,-0.24237,-0.14706,-0.70472,-0.88,1.07,0.09,0.26897,0.00327,-0.38081,-0.88466,-0.89,1.09,0.13,0.16058,-0.05857,-0.28456,-0.9433,-0.89,1.1,0.16,-0.32201,-0.18249,-0.29531,-0.88079,-0.88,1.09,0.18,-0.56189,-0.30556,-0.23834,-0.73082,-0.86,1.08,0.18,-0.56189,-0.30556,-0.23834,-0.73082,-0.7,1.09,0.11,-0.32811,-0.19479,-0.09592,0.91935,-0.68,1.06,0.06,-0.32811,-0.19479,-0.09592,0.91935,-0.72,1.07,0.09,-0.45654,-0.24136,0.57246,0.63687,-0.75,1.08,0.1,-0.29555,-0.10178,0.53738,0.78327,-0.76,1.09,0.13,-0.22862,-0.09108,0.61942,0.74549,-0.78,1.1,0.15,-0.22862,-0.09108,0.61942,0.74549,-0.71,1.07,0.09,-0.32811,-0.19479,-0.09592,0.91935,-0.73,1.11,0.13,-0.04267,-0.2676,0.05265,0.96114,-0.75,1.12,0.16,0.38371,-0.2241,0.13869,0.88505,-0.76,1.1,0.17,0.55315,-0.1656,0.17395,0.79771,-0.76,1.08,0.18,0.55315,-0.1656,0.17395,0.79771,-0.7,1.07,0.09,-0.32811,-0.19479,-0.09592,0.91935,-0.71,1.12,0.13,-0.09122,-0.208,-0.05682,0.97221,-0.73,1.12,0.17,0.32896,-0.21451,0.0235,0.91936,-0.74,1.11,0.19,0.53416,-0.19104,0.00785,0.82348,-0.75,1.09,0.2,0.53416,-0.19104,0.00785,0.82348,-0.68,1.07,0.1,-0.32811,-0.19479,-0.09592,0.91935,-0.69,1.11,0.14,-0.14135,-0.15874,-0.14202,0.96677,-0.7,1.12,0.17,0.32818,-0.22467,-0.0902,0.91306,-0.72,1.11,0.19,0.5706,-0.26189,-0.04967,0.77677,-0.73,1.09,0.2,0.5706,-0.26189,-0.04967,0.77677,-0.67,1.07,0.1,-0.24699,-0.12923,-0.32567,0.90345,-0.68,1.09,0.14,-0.27535,-0.04292,-0.25447,0.92606,-0.68,1.11,0.17,0.24651,-0.17338,-0.27256,0.91372,-0.68,1.1,0.18,0.48355,-0.28701,-0.22149,0.79671,-0.7,1.09,0.19,0.48355,-0.28701,-0.22149,0.79671,-0.81,1.08,0.19
-0.79,1.45,-0.16,-0.79,1.45,-0.16,-0.85,1.1,0.11,0.33331,-0.06404,-0.13289,-0.9312,-0.86,1.06,0.06,0.33331,-0.06404,-0.13289,-0.9312,-0.82,1.08,0.09,0.41139,-0.16237,0.54989,-0.70853,-0.8,1.09,0.11,0.1853,0.00933,0.49712,-0.84761,-0.8,1.1,0.14,0.07095,0.03072,0.56834,-0.81915,-0.8,1.1,0.16,0.07095,0.03072,0.56834,-0.81915,-0.84,1.08,0.09,0.33331,-0.06404,-0.13289,-0.9312,-0.83,1.12,0.13,-0.00409,-0.09601,-0.0614,-0.99348,-0.82,1.12,0.17,-0.46126,-0.11875,-0.03571,-0.87856,-0.82,1.1,0.18,-0.63073,-0.09606,-0.01594,-0.76987,-0.81,1.08,0.19,-0.63073,-0.09606,-0.01594,-0.76987,-0.85,1.08,0.09,0.33331,-0.06404,-0.13289,-0.9312,-0.85,1.12,0.13,0.04267,-0.08419,-0.12796,-0.98728,-0.85,1.12,0.17,-0.44134,-0.13775,-0.08394,-0.88272,-0.84,1.1,0.19,-0.65916,-0.13399,-0.10979,-0.73178,-0.83,1.08,0.19,-0.65916,-0.13399,-0.10979,-0.73178,-0.87,1.07,0.09,0.33331,-0.06404,-0.13289,-0.9312,-0.87,1.11,0.13,0.10736,-0.06696,-0.1883,-0.97393,-0.87,1.12,0.17,-0.40437,-0.17215,-0.16668,-0.88265,-0.86,1.1,0.19,-0.65692,-0.23351,-0.1334,-0.70437,-0.84,1.08,0.19,-0.65692,-0.23351,-0.1334,-0.70437,-0.88,1.07,0.09,0.2737,-0.00275,-0.36704,-0.88902,-0.89,1.09,0.13,0.16412,-0.06244,-0.26963,-0.94682,-0.88,1.1,0.16,-0.32606,-0.18053,-0.27989,-0.88474,-0.87,1.09,0.18,-0.57489,-0.30107,-0.22186,-0.72776,-0.86,1.08,0.18,-0.57489,-0.30107,-0.22186,-0.72776,-0.71,1.09,0.11,-0.30966,-0.19787,-0.08578,0.92607,-0.68,1.06,0.06,-0.30966,-0.19787,-0.08578,0.92607,-0.72,1.07,0.09,-0.44526,-0.25742,0.57425,0.63695,-0.75,1.07,0.1,-0.28293,-0.1156,0.54363,0.7817,-0.77,1.08,0.13,-0.21372,-0.10279,0.62574,0.74311,-0.78,1.09,0.15,-0.21372,-0.10279,0.62574,0.74311,-0.71,1.07,0.09,-0.30966,-0.19787,-0.08578,0.92607,-0.73,1.11,0.13,-0.01785,-0.27181,0.06589,0.95993,-0.75,1.11,0.16,0.38883,-0.22441,0.14803,0.88121,-0.76,1.09,0.17,0.54973,-0.16566,0.18163,0.79835,-0.76,1.07,0.18,0.54973,-0.16566,0.18163,0.79835,-0.7,1.07,0.09,-0.30966,-0.19787,-0.08578,0.92607,-0.71,1.11,0.13,-0.10254,-0.20564,-0.0535,0.97177,-0.73,1.12,0.17,0.30965,-0.21137,0.02353,0.92676,-0.74,1.11,0.19,0.51283,-0.18953,0.0064,0.83728,-0.75,1.09,0.2,0.51283,-0.18953,0.0064,0.83728,-0.68,1.07,0.1,-0.30966,-0.19787,-0.08578,0.92607,-0.7,1.1,0.14,-0.16652,-0.15015,-0.13891,0.96459,-0.7,1.12,0.17,0.30362,-0.21655,-0.09122,0.92336,-0.72,1.1,0.19,0.54911,-0.2551,-0.05252,0.79413,-0.73,1.08,0.2,0.54911,-0.2551,-0.05252,0.79413,-0.67,1.07,0.1,-0.2298,-0.12726,-0.31461,0.91215,-0.68,1.09,0.14,-0.27405,-0.03545,-0.24204,0.93008,-0.68,1.11,0.17,0.24657,-0.15982,-0.26635,0.918,-0.69,1.1,0.18,0.48723,-0.27296,-0.21881,0.80014,-0.7,1.09,0.19,0.48723,-0.27296,-0.21881,0.80014,-0.81,1.08,0.19
-0.79,1.45,-0.16,-0.79,1.45,-0.16,-0.85,1.1,0.11,0.33209,-0.0612,-0.13405,-0.93167,-0.86,1.06,0.06,0.33209,-0.0612,-0.13405,-0.93167,-0.82,1.08,0.09,0.40745,-0.16036,0.55078,-0.71057,-0.8,1.09,0.11,0.18081,0.0121,0.49738,-0.84839,-0.8,1.1,0.14,0.06821,0.03171,0.56839,-0.81931,-0.8,1.1,0.16,0.06821,0.03171,0.56839,-0.81931,-0.84,1.08,0.09,0.33209,-0.0612,-0.13405,-0.93167,-0.83,1.12,0.13,-0.00371,-0.09391,-0.0635,-0.99355,-0.82,1.12,0.17,-0.46102,-0.11787,-0.03852,-0.87868,-0.82,1.1,0.18,-0.63058,-0.09576,-0.01887,-0.76996,-0.82,1.08,0.19,-0.63058,-0.09576,-0.01887,-0.76996,-0.85,1.08,0.09,0.33209,-0.0612,-0.13405,-0.93167,-0.85,1.12,0.13,0.03818,-0.08323,-0.1289,-0.98742,-0.85,1.12,0.17,-0.4413,-0.13693,-0.08585,-0.88269,-0.84,1.1,0.19,-0.65766,-0.1336,-0.11196,-0.73287,-0.83,1.08,0.19,-0.65766,-0.1336,-0.11196,-0.73287,-0.87,1.07,0.09,0.33209,-0.0612,-0.13405,-0.93167,-0.87,1.11,0.13,0.1042,-0.06515,-0.18965,-0.97413,-0.87,1.12,0.17,-0.40462,-0.17071,-0.16923,-0.88233,-0.86,1.1,0.19,-0.65606,-0.23281,-0.1365,-0.70481,-0.84,1.08,0.19,-0.65606,-0.23281,-0.1365,-0.70481,-0.88,1.07,0.09,0.27293,0.0003,-0.36814,-0.88881,-0.89,1.09,0.13,0.16331,-0.05926,-0.27131,-0.94668,-0.88,1.1,0.16,-0.32698,-0.17867,-0.28279,-0.88385,-0.87,1.09,0.18,-0.57464,-0.29999,-0.22551,-0.72728,-0.86,1.08,0.18,-0.57464,-0.29999,-0.22551,-0.72728,-0.71,1.09,0.11,-0.31094,-0.19952,-0.08803,0.92507,-0.68,1.06,0.06,-0.31094,-0.19952,-0.08803,0.92507,-0.72,1.07,0.09,-0.44467,-0.25724,0.57568,0.63615,-0.75,1.07,0.1,-0.28207,-0.11466,0.54518,0.78107,-0.77,1.08,0.13,-0.20842,-0.09828,0.62734,0.74387,-0.78,1.09,0.15,-0.20842,-0.09828,0.62734,0.74387,-0.71,1.07,0.09,-0.31094,-0.19952,-0.08803,0.92507,-0.73,1.11,0.13,-0.01392,-0.27646,0.06839,0.95849,-0.75,1.11,0.16,0.39005,-0.22782,0.15175,0.87916,-0.76,1.09,0.17,0.54879,-0.1687,0.18559,0.79745,-0.76,1.07,0.18,0.54879,-0.1687,0.18559,0.79745,-0.7,1.07,0.09,-0.31094,-0.19952,-0.08803,0.92507,-0.71,1.11,0.13,-0.10567,-0.20794,-0.05557,0.97083,-0.73,1.12,0.17,0.30784,-0.21432,0.02294,0.9267,-0.74,1.11,0.19,0.51134,-0.19264,0.00648,0.83748,-0.75,1.09,0.2,0.51134,-0.19264,0.00648,0.83748,-0.68,1.07,0.1,-0.31094,-0.19952,-0.08803,0.92507,-0.7,1.1,0.14,-0.16931,-0.15212,-0.14118,0.96346,-0.71,1.12,0.17,0.30331,-0.21969,-0.09167,0.92268,-0.72,1.1,0.19,0.54893,-0.25824,-0.05199,0.79328,-0.73,1.09,0.2,0.54893,-0.25824,-0.05199,0.79328,-0.67,1.07,0.1,-0.23039,-0.12931,-0.31673,0.91098,-0.68,1.09,0.14,-0.27837,-0.03593,-0.24444,0.92815,-0.68,1.11,0.17,0.24017,-0.16133,-0.26831,0.91886,-0.69,1.1,0.18,0.48184,-0.27514,-0.21978,0.80239,-0.7,1.09,0.19,0.48184,-0.27514,-0.21978,0.80239,-0.81,1.08,0.19
-0.79,1.45,-0.16,-0.79,1.45,-0.16,-0.85,1.1,0.11,0.31883,-0.04901,-0.14898,-0.93475,-0.86,1.06,0.06,0.31883,-0.04901,-0.14898,-0.93475,-0.82,1.08,0.09,0.40668,-0.16937,0.5287,-0.72554,-0.8,1.09,0.11,0.18337,-0.00785,0.4773,-0.85936,-0.8,1.1,0.14,0.07583,0.00726,0.55182,-0.83048,-0.79,1.11,0.16,0.07583,0.00726,0.55182,-0.83048,-0.84,1.08,0.09,0.31883,-0.04901,-0.14898,-0.93475,-0.83,1.12,0.13,0.06277,-0.09408,-0.08309,-0.9901,-0.83,1.13,0.17,-0.31334,-0.12281,-0.06743,-0.93925,-0.82,1.11,0.19,-0.4788,-0.10612,-0.05341,-0.86985,-0.82,1.09,0.2,-0.4788,-0.10612,-0.05341,-0.86985,-0.85,1.08,0.09,0.31883,-0.04901,-0.14898,-0.93475,-0.86,1.12,0.14,0.08453,-0.06862,-0.15011,-0.98266,-0.85,1.13,0.18,-0.36297,-0.1305,-0.1164,-0.91524,-0.84,1.11,0.2,-0.57904,-0.13957,-0.14526,-0.79002,-0.83,1.09,0.2,-0.57904,-0.13957,-0.14526,-0.79002,-0.87,1.07,0.09,0.31883,-0.04901,-0.14898,-0.93475,-0.87,1.11,0.14,0.13027,-0.04583,-0.20956,-0.96799,-0.87,1.12,0.17,-0.35746,-0.16086,-0.19882,-0.89823,-0.86,1.1,0.19,-0.6083,-0.23288,-0.16818,-0.7399,-0.85,1.08,0.2,-0.6083,-0.23288,-0.16818,-0.7399,-0.88,1.07,0.1,0.26047,0.01501,-0.3816,-0.88675,-0.89,1.09,0.13,0.16989,-0.03326,-0.29023,-0.94117,-0.89,1.1,0.16,-0.30189,-0.16078,-0.31368,-0.88579,-0.88,1.09,0.18,-0.53996,-0.28964,-0.26269,-0.74535,-0.86,1.08,0.18,-0.53996,-0.28964,-0.26269,-0.74535,-0.7,1.09,0.11,-0.32965,-0.20029,-0.10475,0.91665,-0.68,1.06,0.06,-0.32965,-0.20029,-0.10475,0.91665,-0.72,1.07,0.09,-0.45283,-0.23976,0.57621,0.63675,-0.75,1.08,0.1,-0.2886,-0.09637,0.54154,0.78369,-0.76,1.09,0.13,-0.20398,-0.07239,0.62326,0.75146,-0.77,1.09,0.15,-0.20398,-0.07239,0.62326,0.75146,-0.71,1.07,0.09,-0.32965,-0.20029,-0.10475,0.91665,-0.73,1.11,0.12,-0.02592,-0.2797,0.05693,0.95805,-0.75,1.11,0.16,0.39099,-0.23385,0.14595,0.87814,-0.76,1.1,0.17,0.5502,-0.17561,0.18118,0.796,-0.76,1.08,0.18,0.5502,-0.17561,0.18118,0.796,-0.7,1.07,0.09,-0.32965,-0.20029,-0.10475,0.91665,-0.71,1.11,0.13,-0.07652,-0.21855,-0.05888,0.97104,-0.73,1.12,0.17,0.375,-0.22364,0.03418,0.89899,-0.74,1.1,0.18,0.59528,-0.1925,0.02403,0.77975,-0.75,1.08,0.19,0.59528,-0.1925,0.02403,0.77975,-0.68,1.07,0.1,-0.32965,-0.20029,-0.10475,0.91665,-0.69,1.11,0.14,-0.12723,-0.17323,-0.14429,0.96591,-0.71,1.12,0.17,0.38675,-0.24161,-0.07444,0.88685,-0.72,1.1,0.19,0.64738,-0.27119,-0.02321,0.71191,-0.73,1.08,0.19,0.64738,-0.27119,-0.02321,0.71191,-0.67,1.07,0.1,-0.24616,-0.13541,-0.33377,0.89981,-0.68,1.09,0.14,-0.24902,-0.067,-0.26047,0.93041,-0.68,1.11,0.17,0.32496,-0.20906,-0.25601,0.88609,-0.69,1.1,0.18,0.59426,-0.32475,-0.18272,0.71274,-0.7,1.08,0.18,0.59426,-0.32475,-0.18272,0.71274,-0.81,1.08,0.19
-0.8,1.45,-0.16,-0.8,1.45,-0.16,-0.85,1.1,0.11,0.30175,-0.04981,-0.13707,-0.94217,-0.86,1.06,0.06,0.30175,-0.04981,-0.13707,-0.94217,-0.82,1.08,0.09,0.40914,-0.20078,0.51888,-0.72323,-0.8,1.09,0.11,0.18181,-0.03998,0.47743,-0.85872,-0.79,1.1,0.14,0.08693,-0.03128,0.55537,-0.82646,-0.79,1.1,0.16,0.08693,-0.03128,0.55537,-0.82646,-0.83,1.08,0.09,0.30175,-0.04981,-0.13707,-0.94217,-0.83,1.12,0.14,0.08874,-0.11987,-0.06041,-0.98697,-0.82,1.12,0.17,-0.20271,-0.13503,-0.0491,-0.96864,-0.82,1.12,0.19,-0.35074,-0.11491,-0.03978,-0.92854,-0.81,1.1,0.21,-0.35074,-0.11491,-0.03978,-0.92854,-0.85,1.08,0.09,0.30175,-0.04981,-0.13707,-0.94217,-0.85,1.12,0.14,0.18865,-0.0474,-0.14641,-0.96991,-0.85,1.13,0.18,-0.21993,-0.10549,-0.12714,-0.96142,-0.84,1.12,0.2,-0.43319,-0.12555,-0.16408,-0.8773,-0.84,1.1,0.22,-0.43319,-0.12555,-0.16408,-0.8773,-0.87,1.07,0.09,0.30175,-0.04981,-0.13707,-0.94217,-0.87,1.1,0.14,0.2278,-0.01078,-0.20474,-0.95188,-0.87,1.12,0.17,-0.23772,-0.12621,-0.21262,-0.93933,-0.86,1.11,0.19,-0.49348,-0.20526,-0.19109,-0.8233,-0.85,1.09,0.21,-0.49348,-0.20526,-0.19109,-0.8233,-0.88,1.07,0.1,0.2453,0.01902,-0.36919,-0.89619,-0.88,1.09,0.14,0.21354,0.0074,-0.28134,-0.93552,-0.89,1.1,0.16,-0.21228,-0.10853,-0.32916,-0.91368,-0.88,1.09,0.18,-0.44126,-0.2387,-0.29429,-0.81345,-0.87,1.08,0.19,-0.44126,-0.2387,-0.29429,-0.81345,-0.7,1.1,0.11,-0.35859,-0.18983,-0.12783,0.90501,-0.68,1.06,0.06,-0.35859,-0.18983,-0.12783,0.90501,-0.72,1.07,0.09,-0.47132,-0.20968,0.56565,0.64337,-0.75,1.08,0.1,-0.3041,-0.06929,0.52296,0.79324,-0.76,1.1,0.13,-0.20785,-0.03894,0.60406,0.76837,-0.77,1.1,0.15,-0.20785,-0.03894,0.60406,0.76837,-0.71,1.08,0.09,-0.35859,-0.18983,-0.12783,0.90501,-0.73,1.12,0.12,-0.06833,-0.26626,0.0228,0.96121,-0.75,1.12,0.15,0.3557,-0.23701,0.11006,0.89732,-0.75,1.11,0.17,0.51708,-0.18615,0.14468,0.82283,-0.76,1.09,0.18,0.51708,-0.18615,0.14468,0.82283,-0.69,1.07,0.09,-0.35859,-0.18983,-0.12783,0.90501,-0.71,1.12,0.13,-0.07735,-0.21866,-0.07603,0.96975,-0.72,1.13,0.17,0.39104,-0.23109,0.02343,0.89058,-0.73,1.11,0.18,0.62155,-0.19996,0.01782,0.75722,-0.74,1.09,0.19,0.62155,-0.19996,0.01782,0.75722,-0.68,1.07,0.1,-0.35859,-0.18983,-0.12783,0.90501,-0.69,1.11,0.13,-0.10389,-0.1854,-0.15595,0.96463,-0.7,1.12,0.17,0.43988,-0.25949,-0.06941,0.85694,-0.72,1.1,0.18,0.70871,-0.28343,-0.00698,0.64602,-0.72,1.08,0.18,0.70871,-0.28343,-0.00698,0.64602,-0.67,1.07,0.1,-0.27332,-0.13334,-0.35797,0.88282,-0.67,1.1,0.14,-0.21672,-0.10456,-0.27795,0.92997,-0.68,1.11,0.17,0.40223,-0.25959,-0.23713,0.84534,-0.69,1.1,0.18,0.68168,-0.36896,-0.1369,0.6168,-0.7,1.08,0.17,0.68168,-0.36896,-0.1369,0.6168,-0.81,1.08,0.19
-0.8,1.45,-0.16,-0.8,1.45,-0.16,-0.84,1.09,0.11,0.29065,-0.08571,-0.0745,-0.95007,-0.85,1.06,0.06,0.29065,-0.08571,-0.0745,-0.95007,-0.82,1.07,0.09,0.41552,-0.24607,0.54479,-0.68556,-0.79,1.08,0.1,0.18899,-0.07271,0.51938,-0.83021,-0.78,1.09,0.13,0.09642,-0.05789,0.59778,-0.79373,-0.77,1.09,0.16,0.09642,-0.05789,0.59778,-0.79373,-0.83,1.08,0.09,0.29065,-0.08571,-0.0745,-0.95007,-0.82,1.11,0.13,0.06407,-0.16471,0.02272,-0.984,-0.8,1.12,0.17,-0.19772,-0.15456,0.03877,-0.96722,-0.8,1.11,0.19,-0.32068,-0.12201,0.04639,-0.93815,-0.79,1.09,0.21,-0.32068,-0.12201,0.04639,-0.93815,-0.84,1.08,0.09,0.29065,-0.08571,-0.0745,-0.95007,-0.84,1.11,0.14,0.199,-0.06995,-0.08317,-0.97395,-0.83,1.13,0.17,-0.22735,-0.1016,-0.05871,-0.96672,-0.83,1.12,0.2,-0.45178,-0.10674,-0.09856,-0.88022,-0.82,1.1,0.21,-0.45178,-0.10674,-0.09856,-0.88022,-0.86,1.07,0.09,0.29065,-0.08571,-0.0745,-0.95007,-0.86,1.1,0.14,0.25575,-0.02713,-0.14411,-0.95556,-0.86,1.12,0.17,-0.24041,-0.11743,-0.14879,-0.95199,-0.85,1.11,0.19,-0.51431,-0.18026,-0.13105,-0.82814,-0.84,1.09,0.2,-0.51431,-0.18026,-0.13105,-0.82814,-0.87,1.07,0.09,0.23576,-0.01117,-0.30804,-0.92163,-0.87,1.09,0.13,0.23295,0.00246,-0.22015,-0.94724,-0.88,1.1,0.16,-0.20477,-0.08969,-0.27288,-0.93571,-0.87,1.1,0.18,-0.45493,-0.20925,-0.24268,-0.83088,-0.86,1.08,0.19,-0.45493,-0.20925,-0.24268,-0.83088,-0.7,1.1,0.11,-0.36617,-0.19228,-0.12766,0.90147,-0.68,1.05,0.07,-0.36617,-0.19228,-0.12766,0.90147,-0.72,1.07,0.09,-0.46709,-0.21269,0.57658,0.63573,-0.75,1.08,0.1,-0.30214,-0.06946,0.53508,0.78586,-0.76,1.09,0.13,-0.19735,-0.03104,0.61506,0.76276,-0.77,1.1,0.15,-0.19735,-0.03104,0.61506,0.76276,-0.71,1.07,0.09,-0.36617,-0.19228,-0.12766,0.90147,-0.73,1.12,0.12,-0.09248,-0.24456,-0.00024,0.96521,-0.74,1.12,0.15,0.33201,-0.22813,0.07924,0.91184,-0.75,1.11,0.17,0.4941,-0.18356,0.11128,0.84249,-0.76,1.09,0.18,0.4941,-0.18356,0.11128,0.84249,-0.69,1.07,0.09,-0.36617,-0.19228,-0.12766,0.90147,-0.71,1.12,0.13,-0.08527,-0.21892,-0.07673,0.96898,-0.72,1.13,0.17,0.3846,-0.23172,0.02319,0.89322,-0.73,1.11,0.18,0.61909,-0.20078,0.01813,0.759,-0.74,1.09,0.19,0.61909,-0.20078,0.01813,0.759,-0.68,1.07,0.1,-0.36617,-0.19228,-0.12766,0.90147,-0.69,1.11,0.13,-0.11746,-0.18825,-0.15604,0.9625,-0.7,1.12,0.17,0.43561,-0.263,-0.06535,0.85837,-0.72,1.1,0.18,0.71288,-0.28487,0.00078,0.64082,-0.72,1.08,0.18,0.71288,-0.28487,0.00078,0.64082,-0.67,1.07,0.1,-0.28024,-0.13777,-0.35808,0.87992,-0.67,1.1,0.14,-0.22496,-0.1292,-0.27065,0.92706,-0.68,1.11,0.17,0.40476,-0.27744,-0.21383,0.84467,-0.69,1.1,0.18,0.69785,-0.37811,-0.10139,0.5998,-0.7,1.08,0.17,0.69785,-0.37811,-0.10139,0.5998,-0.81,1.08,0.19
-0.8,1.45,-0.16,-0.8,1.45,-0.16,-0.83,1.09,0.11,0.28158,-0.11132,-0.03193,-0.95252,-0.85,1.06,0.06,0.28158,-0.11132,-0.03193,-0.95252,-0.81,1.07,0.08,0.43191,-0.26123,0.54749,-0.66743,-0.79,1.08,0.1,0.20214,-0.08381,0.5285,-0.82025,-0.77,1.08,0.13,0.09802,-0.05695,0.60759,-0.78612,-0.77,1.09,0.15,0.09802,-0.05695,0.60759,-0.78612,-0.82,1.07,0.08,0.28158,-0.11132,-0.03193,-0.95252,-0.81,1.11,0.13,0.0039,-0.18112,0.08267,-0.97997,-0.79,1.11,0.17,-0.26001,-0.15275,0.10181,-0.948,-0.79,1.09,0.19,-0.37483,-0.11202,0.10994,-0.91371,-0.79,1.08,0.2,-0.37483,-0.11202,0.10994,-0.91371,-0.84,1.07,0.09,0.28158,-0.11132,-0.03193,-0.95252,-0.83,1.11,0.13,0.18207,-0.08998,-0.038,-0.97842,-0.82,1.13,0.17,-0.31053,-0.10106,-0.00258,-0.94517,-0.82,1.11,0.19,-0.56955,-0.08701,-0.0433,-0.81619,-0.81,1.09,0.2,-0.56955,-0.08701,-0.0433,-0.81619,-0.86,1.07,0.09,0.28158,-0.11132,-0.03193,-0.95252,-0.85,1.1,0.13,0.25814,-0.04802,-0.10159,-0.95955,-0.85,1.12,0.17,-0.31464,-0.12219,-0.09417,-0.93659,-0.84,1.11,0.19,-0.62041,-0.16797,-0.07423,-0.76247,-0.83,1.09,0.19,-0.62041,-0.16797,-0.07423,-0.76247,-0.86,1.07,0.09,0.22761,-0.03296,-0.2656,-0.93625,-0.87,1.09,0.13,0.24203,-0.01462,-0.17647,-0.95398,-0.87,1.11,0.16,-0.22828,-0.09316,-0.22552,-0.94252,-0.86,1.1,0.18,-0.52516,-0.20812,-0.18873,-0.80329,-0.85,1.08,0.19,-0.52516,-0.20812,-0.18873,-0.80329,-0.7,1.09,0.11,-0.36949,-0.19347,-0.13259,0.89915,-0.68,1.05,0.07,-0.36949,-0.19347,-0.13259,0.89915,-0.72,1.07,0.09,-0.46367,-0.21184,0.58053,0.63492,-0.75,1.08,0.1,-0.30004,-0.06795,0.53879,0.78426,-0.76,1.09,0.13,-0.19225,-0.02699,0.61821,0.76166,-0.77,1.1,0.15,-0.19225,-0.02699,0.61821,0.76166,-0.71,1.07,0.09,-0.36949,-0.19347,-0.13259,0.89915,-0.73,1.12,0.12,-0.09641,-0.23062,-0.01768,0.96809,-0.74,1.12,0.16,0.32675,-0.22318,0.05687,0.91662,-0.75,1.11,0.17,0.48764,-0.18298,0.08757,0.84915,-0.76,1.09,0.18,0.48764,-0.18298,0.08757,0.84915,-0.69,1.07,0.09,-0.36949,-0.19347,-0.13259,0.89915,-0.71,1.12,0.13,-0.08308,-0.21958,-0.08163,0.96862,-0.72,1.13,0.17,0.3842,-0.23464,0.01862,0.89274,-0.73,1.11,0.18,0.61806,-0.20487,0.01441,0.75883,-0.74,1.08,0.19,0.61806,-0.20487,0.01441,0.75883,-0.68,1.07,0.1,-0.36949,-0.19347,-0.13259,0.89915,-0.69,1.11,0.14,-0.12731,-0.19191,-0.16057,0.95978,-0.7,1.12,0.17,0.43039,-0.2692,-0.06558,0.85907,-0.71,1.1,0.18,0.71067,-0.29068,0.00372,0.64066,-0.72,1.08,0.18,0.71067,-0.29068,0.00372,0.64066,-0.67,1.07,0.11,-0.28256,-0.14002,-0.36282,0.87688,-0.67,1.09,0.14,-0.24369,-0.14278,-0.27103,0.9202,-0.68,1.11,0.17,0.39915,-0.29261,-0.20184,0.84517,-0.69,1.1,0.18,0.70348,-0.38803,-0.0782,0.59029,-0.7,1.08,0.17,0.70348,-0.38803,-0.0782,0.59029,-0.81,1.08,0.19
-0.8,1.45,-0.16,-0.8,1.45,-0.16,-0.84,1.09,0.11,0.27841,-0.10336,-0.03358,-0.9543,-0.85,1.06,0.06,0.27841,-0.10336,-0.03358,-0.9543,-0.81,1.07,0.08,0.44273,-0.2513,0.52941,-0.67865,-0.79,1.08,0.1,0.21214,-0.08247,0.50643,-0.8317,-0.78,1.09,0.13,0.09905,-0.05131,0.58689,-0.80195,-0.77,1.09,0.15,0.09905,-0.05131,0.58689,-0.80195,-0.82,1.07,0.09,0.27841,-0.10336,-0.03358,-0.9543,-0.81,1.11,0.13,0.00216,-0.17005,0.07559,-0.98253,-0.8,1.11,0.17,-0.29513,-0.14062,0.09704,-0.94006,-0.79,1.09,0.19,-0.42595,-0.09828,0.10698,-0.89301,-0.79,1.08,0.2,-0.42595,-0.09828,0.10698,-0.89301,-0.84,1.07,0.09,0.27841,-0.10336,-0.03358,-0.9543,-0.83,1.11,0.14,0.15795,-0.08204,-0.03885,-0.98327,-0.83,1.12,0.17,-0.37741,-0.0944,-0.00292,-0.92122,-0.82,1.1,0.19,-0.67274,-0.07467,-0.04451,-0.73475,-0.82,1.08,0.2,-0.67274,-0.07467,-0.04451,-0.73475,-0.86,1.08,0.09,0.27841,-0.10336,-0.03358,-0.9543,-0.85,1.1,0.14,0.24759,-0.04199,-0.10244,-0.96252,-0.85,1.12,0.17,-0.36642,-0.12122,-0.09407,-0.91771,-0.84,1.1,0.19,-0.70233,-0.16654,-0.06938,-0.68861,-0.84,1.08,0.19,-0.70233,-0.16654,-0.06938,-0.68861,-0.87,1.07,0.09,0.22592,-0.02438,-0.26726,-0.93645,-0.87,1.09,0.13,0.24635,-0.01374,-0.17606,-0.95296,-0.87,1.11,0.16,-0.27316,-0.10367,-0.22265,-0.93009,-0.87,1.1,0.18,-0.62097,-0.2279,-0.17032,-0.73037,-0.85,1.08,0.18,-0.62097,-0.2279,-0.17032,-0.73037,-0.7,1.09,0.11,-0.37296,-0.18927,-0.14021,0.89745,-0.68,1.05,0.07,-0.37296,-0.18927,-0.14021,0.89745,-0.72,1.07,0.09,-0.45973,-0.2009,0.58164,0.6403,-0.74,1.08,0.11,-0.29487,-0.05585,0.53703,0.78837,-0.76,1.09,0.13,-0.18723,-0.01692,0.61535,0.76551,-0.76,1.1,0.15,-0.18723,-0.01692,0.61535,0.76551,-0.71,1.07,0.09,-0.37296,-0.18927,-0.14021,0.89745,-0.72,1.12,0.12,-0.10269,-0.22517,-0.02963,0.96844,-0.74,1.13,0.16,0.32309,-0.22334,0.04427,0.91857,-0.75,1.11,0.17,0.48491,-0.18539,0.07515,0.85138,-0.76,1.09,0.18,0.48491,-0.18539,0.07515,0.85138,-0.69,1.07,0.09,-0.37296,-0.18927,-0.14021,0.89745,-0.7,1.12,0.13,-0.0846,-0.21786,-0.08983,0.96815,-0.72,1.13,0.17,0.38126,-0.237,0.01022,0.89351,-0.73,1.11,0.18,0.61473,-0.2096,0.00679,0.76034,-0.74,1.09,0.19,0.61473,-0.2096,0.00679,0.76034,-0.68,1.07,0.1,-0.37296,-0.18927,-0.14021,0.89745,-0.69,1.11,0.14,-0.13792,-0.19019,-0.16951,0.95712,-0.7,1.12,0.17,0.42214,-0.27328,-0.07302,0.86127,-0.71,1.1,0.18,0.70336,-0.29739,-0.00168,0.64563,-0.72,1.08,0.18,0.70336,-0.29739,-0.00168,0.64563,-0.67,1.07,0.1,-0.28575,-0.13705,-0.37041,0.87313,-0.67,1.09,0.14,-0.26484,-0.13647,-0.2801,0.91257,-0.68,1.11,0.17,0.384,-0.29669,-0.21042,0.84867,-0.69,1.1,0.18,0.69322,-0.39562,-0.08216,0.59681,-0.7,1.08,0.17,0.69322,-0.39562,-0.08216,0.59681,-0.81,1.08,0.19
-0.8,1.45,-0.16,-0.8,1.45,-0.16,-0.85,1.09,0.11,0.25885,-0.06838,-0.09225,-0.95907,-0.86,1.06,0.06,0.25885,-0.06838,-0.09225,-0.95907,-0.82,1.07,0.09,0.43885,-0.22467,0.47543,-0.72863,-0.8,1.09,0.1,0.20518,-0.07792,0.44138,-0.87006,-0.79,1.1,0.13,0.09211,-0.05723,0.52473,-0.84433,-0.78,1.1,0.16,0.09211,-0.05723,0.52473,-0.84433,-0.83,1.08,0.09,0.25885,-0.06838,-0.09225,-0.95907,-0.82,1.11,0.14,-0.0038,-0.15324,0.00524,-0.98817,-0.81,1.11,0.17,-0.30698,-0.14526,0.02553,-0.94022,-0.81,1.09,0.19,-0.4547,-0.11235,0.03943,-0.88265,-0.8,1.08,0.21,-0.4547,-0.11235,0.03943,-0.88265,-0.85,1.07,0.09,0.25885,-0.06838,-0.09225,-0.95907,-0.85,1.11,0.14,0.15423,-0.05125,-0.10221,-0.9814,-0.84,1.12,0.18,-0.35288,-0.09892,-0.07581,-0.92733,-0.84,1.1,0.2,-0.64305,-0.10497,-0.1118,-0.75031,-0.83,1.08,0.2,-0.64305,-0.10497,-0.1118,-0.75031,-0.87,1.07,0.09,0.25885,-0.06838,-0.09225,-0.95907,-0.86,1.1,0.14,0.23209,-0.00622,-0.16036,-0.95936,-0.87,1.12,0.17,-0.35728,-0.12277,-0.16399,-0.91125,-0.86,1.1,0.19,-0.68352,-0.19524,-0.1336,-0.69053,-0.85,1.08,0.19,-0.68352,-0.19524,-0.1336,-0.69053,-0.87,1.07,0.1,0.20591,0.01313,-0.32294,-0.92365,-0.88,1.09,0.14,0.23101,0.01435,-0.23027,-0.9452,-0.88,1.1,0.16,-0.27567,-0.1042,-0.28295,-0.91274,-0.88,1.09,0.18,-0.60994,-0.25146,-0.22621,-0.71664,-0.86,1.07,0.18,-0.60994,-0.25146,-0.22621,-0.71664,-0.7,1.09,0.11,-0.36632,-0.19308,-0.14731,0.89824,-0.68,1.05,0.07,-0.36632,-0.19308,-0.14731,0.89824,-0.72,1.07,0.09,-0.4581,-0.20636,0.57649,0.64437,-0.74,1.08,0.11,-0.2887,-0.06004,0.5336,0.79266,-0.76,1.09,0.13,-0.18275,-0.02334,0.61249,0.76871,-0.77,1.1,0.15,-0.18275,-0.02334,0.61249,0.76871,-0.71,1.07,0.09,-0.36632,-0.19308,-0.14731,0.89824,-0.73,1.12,0.12,-0.10589,-0.22613,-0.04165,0.96743,-0.74,1.12,0.16,0.32097,-0.22934,0.03415,0.91827,-0.75,1.11,0.17,0.48425,-0.19307,0.06651,0.85077,-0.76,1.09,0.18,0.48425,-0.19307,0.06651,0.85077,-0.69,1.07,0.09,-0.36632,-0.19308,-0.14731,0.89824,-0.7,1.12,0.13,-0.07562,-0.22262,-0.09577,0.96724,-0.72,1.12,0.17,0.38476,-0.24392,0.0061,0.89018,-0.73,1.11,0.18,0.61519,-0.21726,0.00434,0.75784,-0.74,1.08,0.19,0.61519,-0.21726,0.00434,0.75784,-0.68,1.07,0.1,-0.36632,-0.19308,-0.14731,0.89824,-0.69,1.11,0.14,-0.13827,-0.19346,-0.17695,0.95506,-0.7,1.12,0.17,0.41857,-0.27994,-0.07794,0.86044,-0.71,1.1,0.18,0.69786,-0.30554,-0.00452,0.64778,-0.72,1.08,0.18,0.69786,-0.30554,-0.00452,0.64778,-0.67,1.07,0.11,-0.27752,-0.13939,-0.37644,0.87284,-0.67,1.09,0.14,-0.27776,-0.13295,-0.28824,0.90669,-0.68,1.11,0.17,0.36892,-0.29998,-0.21889,0.85206,-0.69,1.1,0.18,0.68085,-0.40228,-0.08762,0.60576,-0.7,1.08,0.17,0.68085,-0.40228,-0.08762,0.60576,-0.81,1.08,0.19
-0.8,1.45,-0.16,-0.8,1.45,-0.16,-0.85,1.09,0.11,0.26964,-0.04591,-0.17976,-0.94492,-0.86,1.06,0.06,0.26964,-0.04591,-0.17976,-0.94492,-0.82,1.08,0.09,0.45782,-0.18299,0.41306,-0.7657,-0.8,1.1,0.1,0.22295,-0.06079,0.36466,-0.90201,-0.79,1.11,0.13,0.12345,-0.05612,0.45075,-0.88229,-0.79,1.11,0.16,0.12345,-0.05612,0.45075,-0.88229,-0.84,1.08,0.09,0.26964,-0.04591,-0.17976,-0.94492,-0.83,1.11,0.14,0.02878,-0.15542,-0.08547,-0.98372,-0.82,1.12,0.17,-0.26332,-0.17492,-0.06219,-0.94668,-0.81,1.11,0.19,-0.4107,-0.15594,-0.0444,-0.89724,-0.81,1.09,0.21,-0.4107,-0.15594,-0.0444,-0.89724,-0.85,1.08,0.09,0.26964,-0.04591,-0.17976,-0.94492,-0.86,1.11,0.14,0.17238,-0.03749,-0.19189,-0.96543,-0.86,1.13,0.18,-0.27495,-0.12215,-0.16751,-0.93884,-0.85,1.11,0.2,-0.53493,-0.15617,-0.19424,-0.8073,-0.84,1.09,0.21,-0.53493,-0.15617,-0.19424,-0.8073,-0.87,1.07,0.09,0.26964,-0.04591,-0.17976,-0.94492,-0.87,1.1,0.14,0.23117,0.01143,-0.24794,-0.94072,-0.88,1.12,0.17,-0.3039,-0.14716,-0.25107,-0.90717,-0.87,1.1,0.19,-0.60774,-0.24788,-0.20864,-0.72504,-0.85,1.08,0.2,-0.60774,-0.24788,-0.20864,-0.72504,-0.88,1.07,0.1,0.20899,0.02906,-0.40665,-0.88889,-0.89,1.08,0.14,0.22132,0.02857,-0.31742,-0.92165,-0.89,1.09,0.16,-0.26634,-0.13261,-0.36392,-0.88263,-0.88,1.09,0.18,-0.56863,-0.30268,-0.29467,-0.70585,-0.87,1.07,0.19,-0.56863,-0.30268,-0.29467,-0.70585,-0.7,1.09,0.11,-0.35434,-0.19526,-0.14055,0.90364,-0.68,1.05,0.07,-0.35434,-0.19526,-0.14055,0.90364,-0.72,1.07,0.09,-0.4497,-0.21636,0.5798,0.64404,-0.75,1.08,0.11,-0.2784,-0.067,0.53999,0.79147,-0.76,1.09,0.13,-0.17578,-0.03262,0.61902,0.76476,-0.77,1.09,0.16,-0.17578,-0.03262,0.61902,0.76476,-0.71,1.07,0.09,-0.35434,-0.19526,-0.14055,0.90364,-0.73,1.11,0.12,-0.10462,-0.22232,-0.04072,0.96849,-0.74,1.12,0.16,0.3187,-0.2256,0.0324,0.92005,-0.75,1.11,0.17,0.48282,-0.18967,0.06417,0.85252,-0.76,1.09,0.18,0.48282,-0.18967,0.06417,0.85252,-0.69,1.07,0.09,-0.35434,-0.19526,-0.14055,0.90364,-0.71,1.12,0.13,-0.05198,-0.22187,-0.08733,0.96976,-0.72,1.12,0.17,0.39848,-0.23915,0.01092,0.88538,-0.73,1.1,0.18,0.61817,-0.21123,0.00639,0.75711,-0.74,1.08,0.19,0.61817,-0.21123,0.00639,0.75711,-0.68,1.07,0.1,-0.35434,-0.19526,-0.14055,0.90364,-0.69,1.11,0.14,-0.12536,-0.19089,-0.17086,0.95846,-0.7,1.12,0.17,0.41877,-0.27299,-0.07829,0.86254,-0.72,1.1,0.18,0.69006,-0.29978,-0.01049,0.65866,-0.73,1.08,0.18,0.69006,-0.29978,-0.01049,0.65866,-0.67,1.07,0.11,-0.26632,-0.13813,-0.36929,0.87956,-0.67,1.09,0.14,-0.29814,-0.11855,-0.28467,0.90334,-0.68,1.11,0.17,0.33849,-0.28565,-0.22825,0.86702,-0.69,1.1,0.18,0.65354,-0.39318,-0.10385,0.63837,-0.7,1.08,0.18,0.65354,-0.39318,-0.10385,0.63837,-0.81,1.08,0.19
-0.8,1.45,-0.16,-0.8,1.45,-0.16,-0.86,1.1,0.11,0.33239,-0.05626,-0.22065,-0.91524,-0.86,1.06,0.06,0.33239,-0.05626,-0.22065,-0.91524,-0.83,1.09,0.08,0.4961,-0.14901,0.41464,-0.74817,-0.81,1.11,0.1,0.26698,-0.03163,0.35629,-0.89486,-0.8,1.12,0.13,0.17204,-0.0271,0.44183,-0.88003,-0.79,1.13,0.15,0.17204,-0.0271,0.44183,-0.88003,-0.84,1.09,0.08,0.33239,-0.05626,-0.22065,-0.91524,-0.84,1.13,0.13,0.09709,-0.17238,-0.11637,-0.9733,-0.83,1.14,0.16,-0.18834,-0.20129,-0.08797,-0.95722,-0.82,1.13,0.18,-0.32917,-0.18615,-0.06999,-0.92309,-0.81,1.12,0.2,-0.32917,-0.18615,-0.06999,-0.92309,-0.85,1.08,0.09,0.33239,-0.05626,-0.22065,-0.91524,-0.86,1.12,0.13,0.21633,-0.06042,-0.23086,-0.94671,-0.86,1.14,0.17,-0.21448,-0.15789,-0.19412,-0.94413,-0.85,1.13,0.19,-0.45494,-0.19716,-0.21281,-0.84194,-0.84,1.12,0.21,-0.45494,-0.19716,-0.21281,-0.84194,-0.87,1.08,0.09,0.33239,-0.05626,-0.22065,-0.91524,-0.87,1.11,0.13,0.24673,-0.02006,-0.29059,-0.92427,-0.88,1.13,0.17,-0.26257,-0.19107,-0.27313,-0.90551,-0.87,1.12,0.19,-0.54809,-0.2929,-0.21852,-0.75237,-0.85,1.1,0.19,-0.54809,-0.2929,-0.21852,-0.75237,-0.88,1.07,0.09,0.26239,0.00113,-0.44871,-0.85429,-0.89,1.09,0.13,0.23455,-0.0082,-0.36411,-0.9013,-0.89,1.1,0.16,-0.24494,-0.18736,-0.38549,-0.86965,-0.88,1.1,0.18,-0.51412,-0.34998,-0.30529,-0.72111,-0.86,1.09,0.18,-0.51412,-0.34998,-0.30529,-0.72111,-0.7,1.09,0.12,-0.33915,-0.18929,-0.1328,0.91187,-0.68,1.05,0.07,-0.33915,-0.18929,-0.1328,0.91187,-0.72,1.07,0.09,-0.44395,-0.2196,0.57529,0.65095,-0.75,1.08,0.11,-0.27199,-0.07143,0.53596,0.79603,-0.76,1.09,0.14,-0.17875,-0.04532,0.61576,0.76605,-0.77,1.09,0.16,-0.17875,-0.04532,0.61576,0.76605,-0.71,1.07,0.09,-0.33915,-0.18929,-0.1328,0.91187,-0.73,1.11,0.13,-0.14122,-0.21047,-0.05,0.96605,-0.74,1.12,0.16,0.25578,-0.22016,0.0125,0.94125,-0.75,1.11,0.18,0.41784,-0.18878,0.04011,0.88779,-0.76,1.1,0.19,0.41784,-0.18878,0.04011,0.88779,-0.7,1.07,0.1,-0.33915,-0.18929,-0.1328,0.91187,-0.71,1.11,0.13,-0.03519,-0.21144,-0.08331,0.9732,-0.72,1.12,0.17,0.40015,-0.22796,0.00591,0.88763,-0.74,1.1,0.19,0.60698,-0.20246,-0.00341,0.76849,-0.74,1.08,0.19,0.60698,-0.20246,-0.00341,0.76849,-0.68,1.07,0.1,-0.33915,-0.18929,-0.1328,0.91187,-0.69,1.11,0.14,-0.11351,-0.1762,-0.16799,0.96325,-0.7,1.12,0.18,0.41624,-0.25739,-0.0882,0.86759,-0.72,1.1,0.19,0.67844,-0.28907,-0.0287,0.67478,-0.73,1.08,0.19,0.67844,-0.28907,-0.0287,0.67478,-0.67,1.07,0.11,-0.25379,-0.12792,-0.36147,0.88801,-0.68,1.09,0.14,-0.32139,-0.08897,-0.28041,0.90009,-0.67,1.11,0.17,0.2978,-0.25724,-0.24758,0.88535,-0.69,1.1,0.18,0.61044,-0.37404,-0.13757,0.68449,-0.7,1.09,0.18,0.61044,-0.37404,-0.13757,0.68449,-0.81,1.08,0.19
-0.8,1.45,-0.16,-0.8,1.45,-0.16,-0.85,1.1,0.11,0.35735,-0.08213,-0.19329,-0.91005,-0.86,1.06,0.06,0.35735,-0.08213,-0.19329,-0.91005,-0.82,1.08,0.08,0.4932,-0.16643,0.46661,-0.71507,-0.8,1.1,0.1,0.2684,-0.03165,0.41428,-0.8691,-0.79,1.12,0.12,0.16449,-0.01611,0.49685,-0.85195,-0.79,1.12,0.15,0.16449,-0.01611,0.49685,-0.85195,-0.84,1.09,0.08,0.35735,-0.08213,-0.19329,-0.91005,-0.83,1.13,0.12,0.074,-0.19031,-0.07166,-0.97631,-0.82,1.13,0.16,-0.22695,-0.20576,-0.03682,-0.95121,-0.81,1.12,0.18,-0.3602,-0.18256,-0.01889,-0.91464,-0.8,1.11,0.19,-0.3602,-0.18256,-0.01889,-0.91464,-0.85,1.08,0.08,0.35735,-0.08213,-0.19329,-0.91005,-0.85,1.12,0.13,0.18766,-0.09796,-0.19407,-0.95788,-0.85,1.14,0.16,-0.25414,-0.17678,-0.14332,-0.94001,-0.84,1.13,0.19,-0.4929,-0.19966,-0.1593,-0.83175,-0.83,1.11,0.2,-0.4929,-0.19966,-0.1593,-0.83175,-0.87,1.08,0.09,0.35735,-0.08213,-0.19329,-0.91005,-0.87,1.11,0.13,0.23526,-0.0576,-0.26019,-0.93469,-0.87,1.13,0.16,-0.27929,-0.20704,-0.22845,-0.90936,-0.86,1.12,0.18,-0.56315,-0.29205,-0.17275,-0.75347,-0.84,1.1,0.19,-0.56315,-0.29205,-0.17275,-0.75347,-0.87,1.07,0.09,0.28513,-0.02931,-0.42417,-0.85902,-0.88,1.09,0.13,0.2402,-0.04011,-0.33864,-0.90886,-0.89,1.11,0.16,-0.245,-0.20261,-0.34856,-0.88172,-0.88,1.1,0.17,-0.51065,-0.34889,-0.26935,-0.73822,-0.86,1.09,0.18,-0.51065,-0.34889,-0.26935,-0.73822,-0.7,1.08,0.12,-0.25579,-0.14865,-0.04859,0.954,-0.69,1.06,0.07,-0.25579,-0.14865,-0.04859,0.954,-0.72,1.06,0.1,-0.38677,-0.25646,0.58625,0.66404,-0.75,1.07,0.12,-0.22335,-0.10774,0.55502,0.79401,-0.76,1.07,0.14,-0.15611,-0.10273,0.63411,0.75032,-0.77,1.08,0.17,-0.15611,-0.10273,0.63411,0.75032,-0.71,1.07,0.1,-0.25579,-0.14865,-0.04859,0.954,-0.73,1.1,0.14,-0.08466,-0.16687,0.02122,0.98211,-0.74,1.1,0.18,0.23963,-0.15482,0.04813,0.95723,-0.75,1.09,0.2,0.38229,-0.11941,0.06015,0.91432,-0.76,1.08,0.21,0.38229,-0.11941,0.06015,0.91432,-0.7,1.07,0.1,-0.25579,-0.14865,-0.04859,0.954,-0.71,1.1,0.15,-0.05428,-0.13845,-0.03354,0.98831,-0.72,1.11,0.19,0.34538,-0.14152,0.01165,0.92766,-0.73,1.09,0.21,0.54358,-0.12169,-0.02041,0.83024,-0.73,1.07,0.22,0.54358,-0.12169,-0.02041,0.83024,-0.68,1.07,0.11,-0.25579,-0.14865,-0.04859,0.954,-0.69,1.09,0.15,-0.15827,-0.09271,-0.10834,0.97705,-0.7,1.11,0.19,0.36038,-0.15534,-0.08484,0.91586,-0.71,1.09,0.2,0.62563,-0.19387,-0.06058,0.75322,-0.72,1.07,0.21,0.62563,-0.19387,-0.06058,0.75322,-0.67,1.06,0.11,-0.19255,-0.06386,-0.27773,0.939,-0.67,1.08,0.15,-0.32937,-0.01126,-0.18815,0.9252,-0.67,1.1,0.17,0.26728,-0.1331,-0.22667,0.92708,-0.68,1.09,0.19,0.59593,-0.25288,-0.167,0.74366,-0.69,1.08,0.19,0.59593,-0.25288,-0.167,0.74366,-0.81,1.08,0.19
-0.79,1.45,-0.16,-0.79,1.45,-0.16,-0.85,1.1,0.11,0.35412,-0.09209,-0.16826,-0.91532,-0.86,1.06,0.06,0.35412,-0.09209,-0.16826,-0.91532,-0.82,1.08,0.08,0.47669,-0.18131,0.49762,-0.70162,-0.8,1.09,0.1,0.24771,-0.03112,0.4509,-0.85695,-0.79,1.11,0.13,0.12581,-0.00236,0.52975,-0.83877,-0.79,1.11,0.15,0.12581,-0.00236,0.52975,-0.83877,-0.83,1.08,0.08,0.35412,-0.09209,-0.16826,-0.91532,-0.83,1.12,0.12,0.02099,-0.18581,-0.04151,-0.98148,-0.81,1.12,0.16,-0.31474,-0.1913,-0.00221,-0.9297,-0.81,1.11,0.18,-0.44492,-0.16248,0.01619,-0.88056,-0.8,1.09,0.19,-0.44492,-0.16248,0.01619,-0.88056,-0.85,1.08,0.08,0.35412,-0.09209,-0.16826,-0.91532,-0.85,1.12,0.13,0.14488,-0.1134,-0.16106,-0.96965,-0.84,1.13,0.17,-0.31159,-0.17712,-0.10453,-0.92769,-0.83,1.12,0.19,-0.54546,-0.1862,-0.12158,-0.8081,-0.82,1.1,0.2,-0.54546,-0.1862,-0.12158,-0.8081,-0.87,1.07,0.09,0.35412,-0.09209,-0.16826,-0.91532,-0.87,1.11,0.13,0.21669,-0.07184,-0.23144,-0.94568,-0.86,1.12,0.16,-0.30011,-0.20342,-0.19759,-0.91078,-0.85,1.11,0.18,-0.57898,-0.27733,-0.14696,-0.75251,-0.84,1.09,0.19,-0.57898,-0.27733,-0.14696,-0.75251,-0.87,1.07,0.09,0.28336,-0.03708,-0.4004,-0.87064,-0.88,1.09,0.13,0.23721,-0.05073,-0.31229,-0.91849,-0.88,1.11,0.16,-0.24638,-0.19638,-0.32226,-0.89268,-0.87,1.1,0.17,-0.50804,-0.33211,-0.25018,-0.75432,-0.86,1.09,0.18,-0.50804,-0.33211,-0.25018,-0.75432,-0.71,1.08,0.13,-0.20194,-0.12635,-0.03173,0.9707,-0.69,1.06,0.07,-0.20194,-0.12635,-0.03173,0.9707,-0.73,1.06,0.1,-0.38499,-0.27769,0.53333,0.70017,-0.75,1.07,0.12,-0.23303,-0.15446,0.49999,0.81966,-0.77,1.07,0.14,-0.21414,-0.18375,0.57894,0.76499,-0.78,1.08,0.16,-0.21414,-0.18375,0.57894,0.76499,-0.72,1.07,0.1,-0.20194,-0.12635,-0.03173,0.9707,-0.73,1.09,0.15,-0.02936,-0.1724,0.04264,0.98367,-0.74,1.09,0.19,0.26522,-0.15368,0.06558,0.9496,-0.75,1.08,0.21,0.39938,-0.11592,0.07696,0.90617,-0.75,1.06,0.22,0.39938,-0.11592,0.07696,0.90617,-0.7,1.07,0.1,-0.20194,-0.12635,-0.03173,0.9707,-0.71,1.09,0.16,-0.10441,-0.10549,-0.03408,0.98834,-0.72,1.1,0.2,0.2988,-0.11214,-0.00197,0.9477,-0.73,1.09,0.22,0.50296,-0.09906,-0.04077,0.85764,-0.73,1.07,0.23,0.50296,-0.09906,-0.04077,0.85764,-0.68,1.07,0.11,-0.20194,-0.12635,-0.03173,0.9707,-0.69,1.09,0.16,-0.20873,-0.0553,-0.09754,0.97152,-0.69,1.1,0.19,0.31077,-0.11948,-0.09371,0.93828,-0.7,1.09,0.21,0.5806,-0.16395,-0.07955,0.79353,-0.71,1.07,0.22,0.5806,-0.16395,-0.07955,0.79353,-0.67,1.06,0.11,-0.1471,-0.02847,-0.25772,0.95453,-0.67,1.08,0.15,-0.32225,0.02517,-0.15945,0.93279,-0.67,1.09,0.18,0.22698,-0.07553,-0.22673,0.94412,-0.67,1.09,0.19,0.56155,-0.19978,-0.18844,0.78054,-0.69,1.07,0.2,0.56155,-0.19978,-0.18844,0.78054,-0.81,1.08,0.19
-0.79,1.44,-0.16,-0.79,1.44,-0.16,-0.85,1.1,0.11,0.35639,-0.08328,-0.15978,-0.9168,-0.86,1.06,0.06,0.35639,-0.08328,-0.15978,-0.9168,-0.82,1.08,0.08,0.46626,-0.17076,0.51062,-0.70194,-0.8,1.09,0.1,0.23513,-0.01412,0.46082,-0.85566,-0.79,1.1,0.13,0.1059,0.0183,0.53627,-0.83718,-0.79,1.11,0.15,0.1059,0.0183,0.53627,-0.83718,-0.83,1.08,0.08,0.35639,-0.08328,-0.15978,-0.9168,-0.83,1.12,0.12,0.01335,-0.16427,-0.04406,-0.98534,-0.82,1.12,0.16,-0.35168,-0.17199,-0.00651,-0.92016,-0.81,1.11,0.18,-0.48859,-0.14356,0.01189,-0.86054,-0.8,1.09,0.19,-0.48859,-0.14356,0.01189,-0.86054,-0.85,1.07,0.08,0.35639,-0.08328,-0.15978,-0.9168,-0.85,1.12,0.13,0.13234,-0.1082,-0.15126,-0.9736,-0.84,1.13,0.17,-0.32357,-0.16779,-0.09838,-0.926,-0.83,1.12,0.19,-0.5521,-0.17452,-0.11847,-0.80666,-0.82,1.09,0.2,-0.5521,-0.17452,-0.11847,-0.80666,-0.87,1.07,0.09,0.35639,-0.08328,-0.15978,-0.9168,-0.87,1.11,0.13,0.21063,-0.07008,-0.22099,-0.94968,-0.87,1.12,0.16,-0.30009,-0.19488,-0.1912,-0.91401,-0.85,1.11,0.18,-0.57223,-0.26626,-0.14587,-0.76183,-0.84,1.09,0.19,-0.57223,-0.26626,-0.14587,-0.76183,-0.87,1.07,0.09,0.28855,-0.02867,-0.39298,-0.87263,-0.88,1.09,0.13,0.24216,-0.05113,-0.30178,-0.92069,-0.88,1.1,0.16,-0.23785,-0.19029,-0.31401,-0.89923,-0.87,1.1,0.17,-0.49618,-0.32215,-0.2463,-0.7677,-0.86,1.09,0.18,-0.49618,-0.32215,-0.2463,-0.7677,-0.7,1.08,0.13,-0.22377,-0.135,-0.06432,0.9631,-0.69,1.06,0.07,-0.22377,-0.135,-0.06432,0.9631,-0.72,1.06,0.1,-0.41972,-0.25766,0.50501,0.70881,-0.75,1.07,0.11,-0.26657,-0.14408,0.46544,0.83159,-0.77,1.08,0.14,-0.26104,-0.17956,0.54585,0.77567,-0.78,1.09,0.16,-0.26104,-0.17956,0.54585,0.77567,-0.71,1.07,0.1,-0.22377,-0.135,-0.06432,0.9631,-0.73,1.1,0.15,-0.00047,-0.18964,0.02735,0.98147,-0.74,1.1,0.18,0.36042,-0.16938,0.06877,0.9147,-0.75,1.08,0.2,0.5035,-0.12887,0.08773,0.84981,-0.75,1.06,0.21,0.5035,-0.12887,0.08773,0.84981,-0.7,1.07,0.1,-0.22377,-0.135,-0.06432,0.9631,-0.71,1.1,0.15,-0.11986,-0.12088,-0.06454,0.98329,-0.72,1.11,0.19,0.29987,-0.13897,-0.02124,0.94356,-0.73,1.1,0.21,0.509,-0.12928,-0.05326,0.84934,-0.73,1.08,0.22,0.509,-0.12928,-0.05326,0.84934,-0.68,1.07,0.11,-0.22377,-0.135,-0.06432,0.9631,-0.69,1.09,0.15,-0.22267,-0.07318,-0.12997,0.96342,-0.69,1.11,0.19,0.30031,-0.15232,-0.11138,0.93499,-0.7,1.1,0.21,0.56715,-0.20055,-0.08646,0.79413,-0.71,1.08,0.21,0.56715,-0.20055,-0.08646,0.79413,-0.67,1.07,0.11,-0.16201,-0.04303,-0.29059,0.94205,-0.67,1.08,0.15,-0.33583,0.01631,-0.1955,0.92127,-0.67,1.1,0.17,0.20636,-0.10239,-0.2519,0.93994,-0.67,1.09,0.19,0.52046,-0.22969,-0.20513,0.79642,-0.69,1.08,0.2,0.52046,-0.22969,-0.20513,0.79642,-0.81,1.08,0.19
-0.79,1.44,-0.16,-0.79,1.44,-0.16,-0.85,1.1,0.11,0.35802,-0.07161,-0.15791,-0.91747,-0.86,1.06,0.06,0.35802,-0.07161,-0.15791,-0.91747,-0.82,1.08,0.08,0.46154,-0.15734,0.51283,-0.70657,-0.8,1.09,0.1,0.22992,0.0001,0.45868,-0.85834,-0.79,1.1,0.13,0.10097,0.03058,0.53255,-0.8398,-0.79,1.11,0.15,0.10097,0.03058,0.53255,-0.8398,-0.83,1.08,0.08,0.35802,-0.07161,-0.15791,-0.91747,-0.83,1.12,0.12,0.01724,-0.14629,-0.05238,-0.9877,-0.82,1.12,0.16,-0.35898,-0.15865,-0.01904,-0.91956,-0.81,1.11,0.18,-0.50439,-0.13226,-0.00079,-0.85329,-0.81,1.09,0.19,-0.50439,-0.13226,-0.00079,-0.85329,-0.85,1.07,0.09,0.35802,-0.07161,-0.15791,-0.91747,-0.85,1.12,0.13,0.13073,-0.09829,-0.15095,-0.97492,-0.85,1.13,0.17,-0.32212,-0.15842,-0.10318,-0.92763,-0.84,1.11,0.19,-0.54755,-0.16651,-0.12582,-0.81033,-0.83,1.09,0.2,-0.54755,-0.16651,-0.12582,-0.81033,-0.87,1.07,0.09,0.35802,-0.07161,-0.15791,-0.91747,-0.87,1.11,0.13,0.20814,-0.06358,-0.21857,-0.95124,-0.87,1.12,0.16,-0.29772,-0.18694,-0.19344,-0.91597,-0.86,1.11,0.18,-0.56652,-0.25902,-0.15146,-0.76748,-0.84,1.09,0.19,-0.56652,-0.25902,-0.15146,-0.76748,-0.87,1.07,0.09,0.29279,-0.01758,-0.39174,-0.87207,-0.88,1.09,0.13,0.24207,-0.04802,-0.29866,-0.9219,-0.88,1.1,0.16,-0.23407,-0.18467,-0.31351,-0.90156,-0.88,1.1,0.17,-0.49062,-0.31599,-0.24843,-0.77313,-0.86,1.09,0.18,-0.49062,-0.31599,-0.24843,-0.77313,-0.7,1.09,0.12,-0.28347,-0.15175,-0.11673,0.93967,-0.68,1.06,0.07,-0.28347,-0.15175,-0.11673,0.93967,-0.72,1.07,0.09,-0.46276,-0.21139,0.49878,0.70171,-0.75,1.08,0.11,-0.29415,-0.09325,0.45177,0.83707,-0.76,1.1,0.13,-0.26413,-0.11334,0.53661,0.79337,-0.77,1.1,0.15,-0.26413,-0.11334,0.53661,0.79337,-0.71,1.07,0.09,-0.28347,-0.15175,-0.11673,0.93967,-0.73,1.11,0.13,0.01163,-0.20728,-0.00216,0.97821,-0.74,1.11,0.17,0.48507,-0.18845,0.07295,0.85081,-0.75,1.09,0.18,0.64428,-0.14309,0.10482,0.74393,-0.75,1.07,0.18,0.64428,-0.14309,0.10482,0.74393,-0.7,1.07,0.09,-0.28347,-0.15175,-0.11673,0.93967,-0.71,1.11,0.14,-0.09787,-0.15888,-0.10031,0.9773,-0.72,1.12,0.18,0.34148,-0.18899,-0.03322,0.92009,-0.73,1.1,0.2,0.54578,-0.17771,-0.05294,0.81716,-0.74,1.08,0.21,0.54578,-0.17771,-0.05294,0.81716,-0.68,1.07,0.1,-0.28347,-0.15175,-0.11673,0.93967,-0.69,1.1,0.14,-0.20258,-0.11769,-0.17398,0.95647,-0.69,1.12,0.18,0.32251,-0.21299,-0.12503,0.91378,-0.71,1.1,0.19,0.57697,-0.26117,-0.08293,0.76943,-0.72,1.08,0.2,0.57697,-0.26117,-0.08293,0.76943,-0.67,1.07,0.1,-0.20941,-0.07585,-0.34455,0.91196,-0.67,1.09,0.14,-0.35848,-0.01021,-0.25758,0.89724,-0.67,1.11,0.17,0.19025,-0.16364,-0.28707,0.92446,-0.67,1.1,0.18,0.48196,-0.29478,-0.22026,0.79518,-0.69,1.09,0.19,0.48196,-0.29478,-0.22026,0.79518,-0.81,1.08,0.19
-0.79,1.43,-0.16,-0.79,1.43,-0.16,-0.85,1.1,0.11,0.3541,-0.05985,-0.15934,-0.91959,-0.86,1.06,0.06,0.3541,-0.05985,-0.15934,-0.91959,-0.82,1.07,0.09,0.45482,-0.1469,0.51064,-0.71471,-0.8,1.09,0.1,0.22266,0.00974,0.45299,-0.86321,-0.8,1.1,0.13,0.1011,0.03345,0.52685,-0.84326,-0.79,1.11,0.16,0.1011,0.03345,0.52685,-0.84326,-0.84,1.08,0.09,0.3541,-0.05985,-0.15934,-0.91959,-0.83,1.12,0.13,0.02607,-0.12888,-0.06559,-0.98915,-0.82,1.12,0.16,-0.35571,-0.14792,-0.03704,-0.92207,-0.82,1.11,0.18,-0.50638,-0.12472,-0.01962,-0.85302,-0.81,1.09,0.19,-0.50638,-0.12472,-0.01962,-0.85302,-0.85,1.07,0.09,0.3541,-0.05985,-0.15934,-0.91959,-0.86,1.12,0.13,0.12297,-0.08766,-0.15474,-0.97635,-0.85,1.13,0.17,-0.32886,-0.15044,-0.11148,-0.92563,-0.84,1.11,0.19,-0.55242,-0.1603,-0.13579,-0.80666,-0.83,1.09,0.2,-0.55242,-0.1603,-0.13579,-0.80666,-0.87,1.07,0.09,0.3541,-0.05985,-0.15934,-0.91959,-0.87,1.11,0.13,0.19392,-0.05655,-0.21979,-0.95441,-0.87,1.12,0.17,-0.30873,-0.1804,-0.19881,-0.91248,-0.86,1.11,0.18,-0.57371,-0.2539,-0.15933,-0.76224,-0.85,1.09,0.19,-0.57371,-0.2539,-0.15933,-0.76224,-0.88,1.07,0.09,0.29119,-0.00511,-0.39323,-0.8721,-0.89,1.09,0.13,0.22355,-0.04663,-0.29917,-0.92647,-0.89,1.1,0.16,-0.24752,-0.18057,-0.31537,-0.89815,-0.88,1.1,0.17,-0.49902,-0.31161,-0.25324,-0.76795,-0.86,1.08,0.18,-0.49902,-0.31161,-0.25324,-0.76795,-0.7,1.1,0.11,-0.34284,-0.16328,-0.13522,0.91516,-0.68,1.06,0.06,-0.34284,-0.16328,-0.13522,0.91516,-0.72,1.07,0.09,-0.48161,-0.15467,0.52917,0.68126,-0.74,1.09,0.1,-0.30937,-0.02559,0.47036,0.82608,-0.75,1.1,0.13,-0.2295,-0.015,0.55234,0.80127,-0.76,1.11,0.15,-0.2295,-0.015,0.55234,0.80127,-0.71,1.08,0.09,-0.34284,-0.16328,-0.13522,0.91516,-0.72,1.12,0.12,0.01835,-0.20816,-0.00689,0.9779,-0.74,1.12,0.16,0.57132,-0.18373,0.08776,0.79507,-0.74,1.09,0.16,0.74462,-0.13081,0.12738,0.64203,-0.74,1.07,0.16,0.74462,-0.13081,0.12738,0.64203,-0.69,1.07,0.09,-0.34284,-0.16328,-0.13522,0.91516,-0.7,1.12,0.13,-0.08297,-0.19496,-0.09431,0.97273,-0.72,1.13,0.17,0.29774,-0.21752,-0.02507,0.9292,-0.73,1.11,0.19,0.45863,-0.20685,-0.04585,0.863,-0.74,1.09,0.2,0.45863,-0.20685,-0.04585,0.863,-0.68,1.07,0.09,-0.34284,-0.16328,-0.13522,0.91516,-0.69,1.11,0.13,-0.21044,-0.15556,-0.18102,0.94802,-0.69,1.12,0.17,0.26696,-0.24373,-0.12231,0.92432,-0.71,1.11,0.18,0.49656,-0.28973,-0.07846,0.81445,-0.72,1.1,0.19,0.49656,-0.28973,-0.07846,0.81445,-0.67,1.07,0.1,-0.26234,-0.10308,-0.36549,0.88711,-0.67,1.09,0.14,-0.38861,-0.03607,-0.28445,0.87566,-0.67,1.11,0.16,0.17845,-0.20949,-0.29025,0.91653,-0.68,1.11,0.17,0.44926,-0.33414,-0.21391,0.80048,-0.69,1.1,0.18,0.44926,-0.33414,-0.21391,0.80048,-0.81,1.08,0.19
-0.79,1.43,-0.16,-0.79,1.43,-0.16,-0.85,1.09,0.11,0.33736,-0.05522,-0.16823,-0.92457,-0.86,1.06,0.06,0.33736,-0.05522,-0.16823,-0.92457,-0.83,1.07,0.09,0.44414,-0.15059,0.50064,-0.72762,-0.8,1.09,0.1,0.21036,0.00327,0.44388,-0.87104,-0.8,1.1,0.14,0.09463,0.0213,0.51917,-0.84915,-0.8,1.11,0.16,0.09463,0.0213,0.51917,-0.84915,-0.84,1.08,0.09,0.33736,-0.05522,-0.16823,-0.92457,-0.84,1.12,0.13,0.01338,-0.12312,-0.08068,-0.98902,-0.83,1.12,0.17,-0.36623,-0.14796,-0.05338,-0.91713,-0.82,1.1,0.18,-0.51585,-0.12737,-0.03548,-0.84641,-0.81,1.08,0.19,-0.51585,-0.12737,-0.03548,-0.84641,-0.85,1.07,0.09,0.33736,-0.05522,-0.16823,-0.92457,-0.86,1.11,0.13,0.10158,-0.08393,-0.16501,-0.97745,-0.85,1.12,0.17,-0.35527,-0.15235,-0.12124,-0.91426,-0.84,1.11,0.19,-0.5773,-0.16289,-0.14407,-0.78704,-0.83,1.09,0.2,-0.5773,-0.16289,-0.14407,-0.78704,-0.87,1.07,0.09,0.33736,-0.05522,-0.16823,-0.92457,-0.87,1.1,0.13,0.17122,-0.05278,-0.22863,-0.95688,-0.87,1.12,0.17,-0.33171,-0.18119,-0.20833,-0.90207,-0.86,1.1,0.19,-0.59212,-0.25687,-0.1686,-0.74498,-0.85,1.08,0.19,-0.59212,-0.25687,-0.1686,-0.74498,-0.88,1.06,0.09,0.27461,0.00338,-0.40061,-0.87412,-0.89,1.09,0.13,0.19979,-0.04401,-0.30724,-0.92938,-0.89,1.1,0.16,-0.26509,-0.17859,-0.32419,-0.89036,-0.88,1.09,0.18,-0.50894,-0.31092,-0.26447,-0.75787,-0.86,1.08,0.18,-0.50894,-0.31092,-0.26447,-0.75787,-0.7,1.1,0.1,-0.38869,-0.17338,-0.12118,0.89676,-0.68,1.05,0.06,-0.38869,-0.17338,-0.12118,0.89676,-0.72,1.07,0.08,-0.50815,-0.13595,0.54868,0.64981,-0.74,1.09,0.1,-0.34445,-0.00593,0.48591,0.80325,-0.76,1.1,0.12,-0.26783,0.00653,0.567,0.77894,-0.76,1.12,0.14,-0.26783,0.00653,0.567,0.77894,-0.71,1.08,0.08,-0.38869,-0.17338,-0.12118,0.89676,-0.73,1.12,0.12,-0.01747,-0.2092,0.01357,0.97762,-0.74,1.12,0.15,0.55557,-0.17212,0.10852,0.80619,-0.74,1.1,0.16,0.7476,-0.11135,0.14746,0.63792,-0.74,1.08,0.15,0.7476,-0.11135,0.14746,0.63792,-0.69,1.07,0.09,-0.38869,-0.17338,-0.12118,0.89676,-0.7,1.12,0.12,-0.09943,-0.2119,-0.06428,0.97009,-0.72,1.13,0.16,0.19011,-0.2218,-0.01213,0.9563,-0.73,1.12,0.18,0.30336,-0.21521,-0.04054,0.92737,-0.74,1.11,0.2,0.30336,-0.21521,-0.04054,0.92737,-0.68,1.07,0.09,-0.38869,-0.17338,-0.12118,0.89676,-0.69,1.11,0.13,-0.2368,-0.17475,-0.16078,0.94209,-0.7,1.13,0.16,0.15799,-0.24316,-0.11495,0.95011,-0.71,1.13,0.18,0.35613,-0.28773,-0.07911,0.88551,-0.72,1.11,0.19,0.35613,-0.28773,-0.07911,0.88551,-0.67,1.07,0.1,-0.30695,-0.12468,-0.35435,0.87446,-0.67,1.1,0.13,-0.43075,-0.05149,-0.27773,0.85713,-0.67,1.12,0.15,0.12487,-0.21931,-0.27695,0.92715,-0.68,1.12,0.17,0.3783,-0.33434,-0.20423,0.83869,-0.69,1.11,0.18,0.3783,-0.33434,-0.20423,0.83869,-0.81,1.08,0.19
-0.79,1.43,-0.16,-0.79,1.43,-0.16,-0.86,1.09,0.11,0.32691,-0.05435,-0.17134,-0.9278,-0.86,1.06,0.06,0.32691,-0.05435,-0.17134,-0.9278,-0.83,1.07,0.09,0.43888,-0.15321,0.49492,-0.73414,-0.8,1.09,0.11,0.20611,-0.00188,0.43873,-0.87466,-0.8,1.1,0.14,0.09135,0.01476,0.51474,-0.85234,-0.8,1.11,0.16,0.09135,0.01476,0.51474,-0.85234,-0.84,1.08,0.09,0.32691,-0.05435,-0.17134,-0.9278,-0.84,1.12,0.13,0.00256,-0.12148,-0.08599,-0.98886,-0.83,1.12,0.17,-0.37457,-0.14808,-0.05919,-0.91338,-0.82,1.1,0.18,-0.52237,-0.12831,-0.04114,-0.842,-0.81,1.08,0.19,-0.52237,-0.12831,-0.04114,-0.842,-0.85,1.07,0.09,0.32691,-0.05435,-0.17134,-0.9278,-0.86,1.11,0.13,0.09069,-0.08161,-0.16933,-0.97798,-0.85,1.12,0.17,-0.37087,-0.15289,-0.12522,-0.90742,-0.84,1.1,0.19,-0.59292,-0.16354,-0.14724,-0.77461,-0.83,1.08,0.2,-0.59292,-0.16354,-0.14724,-0.77461,-0.87,1.07,0.09,0.32691,-0.05435,-0.17134,-0.9278,-0.87,1.1,0.13,0.1623,-0.04996,-0.23215,-0.95774,-0.87,1.11,0.17,-0.34418,-0.18119,-0.21215,-0.8965,-0.86,1.1,0.19,-0.60252,-0.25771,-0.17238,-0.73542,-0.85,1.08,0.19,-0.60252,-0.25771,-0.17238,-0.73542,-0.88,1.06,0.1,0.26417,0.00678,-0.40284,-0.87629,-0.89,1.08,0.13,0.18983,-0.04211,-0.3098,-0.93071,-0.89,1.1,0.16,-0.27226,-0.17658,-0.32757,-0.88735,-0.88,1.09,0.18,-0.51299,-0.30937,-0.26925,-0.75408,-0.86,1.08,0.18,-0.51299,-0.30937,-0.26925,-0.75408,-0.7,1.1,0.1,-0.38836,-0.17224,-0.11037,0.89851,-0.68,1.05,0.06,-0.38836,-0.17224,-0.11037,0.89851,-0.72,1.07,0.08,-0.50669,-0.14061,0.55503,0.64455,-0.74,1.08,0.1,-0.34593,-0.01006,0.49354,0.7979,-0.76,1.1,0.12,-0.28201,-0.00564,0.5755,0.76761,-0.77,1.11,0.14,-0.28201,-0.00564,0.5755,0.76761,-0.71,1.07,0.08,-0.38836,-0.17224,-0.11037,0.89851,-0.73,1.12,0.12,-0.0429,-0.20495,0.01705,0.97768,-0.74,1.12,0.15,0.52998,-0.16788,0.10814,0.82416,-0.75,1.1,0.16,0.73071,-0.1068,0.14572,0.65835,-0.74,1.08,0.16,0.73071,-0.1068,0.14572,0.65835,-0.69,1.07,0.09,-0.38836,-0.17224,-0.11037,0.89851,-0.71,1.12,0.12,-0.06114,-0.21264,-0.04325,0.97426,-0.72,1.13,0.16,0.22696,-0.21591,0.00797,0.94963,-0.73,1.11,0.18,0.34373,-0.20512,-0.02043,0.91617,-0.74,1.1,0.2,0.34373,-0.20512,-0.02043,0.91617,-0.68,1.07,0.09,-0.38836,-0.17224,-0.11037,0.89851,-0.69,1.11,0.13,-0.19193,-0.18003,-0.14089,0.95441,-0.7,1.13,0.16,0.20453,-0.2385,-0.09555,0.94454,-0.71,1.12,0.18,0.40332,-0.27832,-0.06187,0.86951,-0.72,1.1,0.19,0.40332,-0.27832,-0.06187,0.86951,-0.67,1.07,0.1,-0.30835,-0.12306,-0.34421,0.87823,-0.67,1.1,0.13,-0.42705,-0.04728,-0.2681,0.86228,-0.67,1.12,0.15,0.12608,-0.20892,-0.27241,0.93072,-0.68,1.12,0.17,0.3827,-0.32368,-0.20235,0.84133,-0.69,1.11,0.18,0.3827,-0.32368,-0.20235,0.84133,-0.81,1.08,0.19
-0.79,1.43,-0.16,-0.79,1.43,-0.16,-0.85,1.09,0.11,0.31983,-0.05732,-0.1686,-0.93059,-0.86,1.06,0.06,0.31983,-0.05732,-0.1686,-0.93059,-0.83,1.07,0.09,0.43738,-0.15622,0.49291,-0.73575,-0.8,1.09,0.11,0.2091,-0.00785,0.43726,-0.87466,-0.8,1.1,0.14,0.09755,0.00734,0.5143,-0.85201,-0.8,1.11,0.16,0.09755,0.00734,0.5143,-0.85201,-0.84,1.08,0.09,0.31983,-0.05732,-0.1686,-0.93059,-0.83,1.12,0.13,-0.00615,-0.12214,-0.0836,-0.98897,-0.83,1.12,0.17,-0.38353,-0.14761,-0.05663,-0.90989,-0.82,1.1,0.18,-0.52996,-0.12732,-0.03853,-0.83753,-0.81,1.08,0.19,-0.52996,-0.12732,-0.03853,-0.83753,-0.85,1.07,0.09,0.31983,-0.05732,-0.1686,-0.93059,-0.86,1.11,0.13,0.08432,-0.08176,-0.16698,-0.97894,-0.85,1.12,0.17,-0.38512,-0.15296,-0.12173,-0.90193,-0.84,1.1,0.19,-0.60935,-0.16216,-0.14319,-0.76282,-0.83,1.08,0.2,-0.60935,-0.16216,-0.14319,-0.76282,-0.87,1.07,0.09,0.31983,-0.05732,-0.1686,-0.93059,-0.87,1.1,0.13,0.15867,-0.05032,-0.22929,-0.95902,-0.87,1.11,0.17,-0.35735,-0.18201,-0.20793,-0.89215,-0.86,1.1,0.19,-0.61604,-0.25717,-0.16783,-0.7254,-0.85,1.08,0.19,-0.61604,-0.25717,-0.16783,-0.7254,-0.88,1.06,0.1,0.25704,0.00581,-0.39971,-0.87985,-0.89,1.08,0.13,0.18482,-0.04358,-0.30626,-0.93282,-0.89,1.1,0.16,-0.28054,-0.17681,-0.32338,-0.88626,-0.88,1.09,0.18,-0.52266,-0.30889,-0.26489,-0.74917,-0.86,1.07,0.18,-0.52266,-0.30889,-0.26489,-0.74917,-0.7,1.1,0.11,-0.37481,-0.17891,-0.13006,0.90033,-0.68,1.05,0.06,-0.37481,-0.17891,-0.13006,0.90033,-0.72,1.07,0.08,-0.50755,-0.15671,0.53575,0.65636,-0.75,1.08,0.1,-0.34925,-0.03456,0.47707,0.80575,-0.76,1.1,0.12,-0.29391,-0.03504,0.56126,0.7729,-0.77,1.11,0.14,-0.29391,-0.03504,0.56126,0.7729,-0.71,1.07,0.08,-0.37481,-0.17891,-0.13006,0.90033,-0.73,1.12,0.12,-0.1392,-0.20942,-0.0334,0.96729,-0.74,1.13,0.15,0.4219,-0.20443,0.06511,0.88089,-0.75,1.11,0.16,0.64141,-0.15439,0.11037,0.74336,-0.75,1.09,0.17,0.64141,-0.15439,0.11037,0.74336,-0.7,1.07,0.09,-0.37481,-0.17891,-0.13006,0.90033,-0.71,1.12,0.12,-0.02393,-0.22357,-0.05713,0.97272,-0.72,1.12,0.16,0.30271,-0.22978,0.00781,0.92494,-0.73,1.11,0.18,0.45696,-0.21344,-0.01223,0.86341,-0.74,1.09,0.19,0.45696,-0.21344,-0.01223,0.86341,-0.68,1.07,0.09,-0.37481,-0.17891,-0.13006,0.90033,-0.69,1.11,0.13,-0.13483,-0.19158,-0.15273,0.9601,-0.7,1.12,0.16,0.30575,-0.25601,-0.09108,0.91251,-0.71,1.11,0.18,0.53127,-0.29254,-0.04633,0.79374,-0.73,1.09,0.19,0.53127,-0.29254,-0.04633,0.79374,-0.67,1.07,0.1,-0.29105,-0.12682,-0.36163,0.8766,-0.67,1.09,0.13,-0.4109,-0.04218,-0.28721,0.86423,-0.67,1.12,0.15,0.16273,-0.22061,-0.28683,0.91792,-0.68,1.11,0.17,0.44691,-0.34627,-0.20188,0.79976,-0.69,1.1,0.18,0.44691,-0.34627,-0.20188,0.79976,-0.81,1.08,0.19
-0.79,1.43,-0.16,-0.79,1.43,-0.16,-0.86,1.09,0.11,0.31646,-0.05408,-0.16693,-0.93223,-0.86,1.06,0.06,0.31646,-0.05408,-0.16693,-0.93223,-0.83,1.07,0.09,0.43378,-0.15196,0.49311,-0.73864,-0.81,1.09,0.11,0.20965,-0.00562,0.43578,-0.87528,-0.8,1.1,0.14,0.09955,0.00846,0.51285,-0.85265,-0.8,1.11,0.16,0.09955,0.00846,0.51285,-0.85265,-0.84,1.08,0.09,0.31646,-0.05408,-0.16693,-0.93223,-0.84,1.12,0.13,-0.01152,-0.11605,-0.08501,-0.98953,-0.83,1.12,0.17,-0.39185,-0.14259,-0.05974,-0.90694,-0.82,1.1,0.18,-0.53727,-0.12278,-0.04225,-0.83336,-0.81,1.08,0.19,-0.53727,-0.12278,-0.04225,-0.83336,-0.85,1.07,0.09,0.31646,-0.05408,-0.16693,-0.93223,-0.86,1.11,0.13,0.0782,-0.07681,-0.1669,-0.97986,-0.85,1.12,0.18,-0.40163,-0.14992,-0.12224,-0.89514,-0.84,1.1,0.19,-0.62837,-0.15872,-0.1436,-0.74789,-0.83,1.08,0.2,-0.62837,-0.15872,-0.1436,-0.74789,-0.87,1.07,0.09,0.31646,-0.05408,-0.16693,-0.93223,-0.87,1.1,0.13,0.15406,-0.04613,-0.22833,-0.96021,-0.87,1.11,0.17,-0.37325,-0.18032,-0.20734,-0.8861,-0.86,1.1,0.19,-0.63308,-0.25553,-0.16708,-0.71133,-0.85,1.08,0.19,-0.63308,-0.25553,-0.16708,-0.71133,-0.88,1.06,0.09,0.25466,0.0099,-0.39803,-0.88127,-0.89,1.08,0.13,0.18214,-0.04008,-0.30477,-0.93399,-0.89,1.09,0.16,-0.29174,-0.17579,-0.32245,-0.88318,-0.88,1.09,0.18,-0.53697,-0.30895,-0.26318,-0.73956,-0.86,1.07,0.18,-0.53697,-0.30895,-0.26318,-0.73956,-0.7,1.09,0.11,-0.36151,-0.18946,-0.14217,0.90178,-0.68,1.05,0.06,-0.36151,-0.18946,-0.14217,0.90178,-0.72,1.07,0.08,-0.51356,-0.17896,0.51572,0.66201,-0.75,1.08,0.1,-0.36297,-0.06827,0.4604,0.80723,-0.76,1.1,0.12,-0.31797,-0.07266,0.54676,0.77115,-0.77,1.11,0.14,-0.31797,-0.07266,0.54676,0.77115,-0.71,1.07,0.08,-0.36151,-0.18946,-0.14217,0.90178,-0.73,1.12,0.12,-0.18364,-0.21843,-0.05899,0.9566,-0.74,1.13,0.15,0.31382,-0.22995,0.03283,0.92063,-0.75,1.12,0.17,0.53954,-0.18935,0.0807,0.81642,-0.76,1.1,0.17,0.53954,-0.18935,0.0807,0.81642,-0.7,1.07,0.09,-0.36151,-0.18946,-0.14217,0.90178,-0.71,1.12,0.12,-0.02871,-0.2323,-0.07282,0.96949,-0.73,1.12,0.16,0.31868,-0.2433,0.00156,0.9161,-0.74,1.11,0.18,0.49921,-0.22571,-0.01135,0.83649,-0.75,1.09,0.19,0.49921,-0.22571,-0.01135,0.83649,-0.68,1.07,0.09,-0.36151,-0.18946,-0.14217,0.90178,-0.69,1.11,0.13,-0.12969,-0.19538,-0.16793,0.9575,-0.7,1.12,0.16,0.33139,-0.26812,-0.097,0.89938,-0.72,1.11,0.18,0.5808,-0.305,-0.04066,0.75365,-0.73,1.09,0.19,0.5808,-0.305,-0.04066,0.75365,-0.67,1.07,0.1,-0.27427,-0.13429,-0.37159,0.87673,-0.68,1.09,0.14,-0.4078,-0.03518,-0.29918,0.86195,-0.67,1.11,0.16,0.18532,-0.22833,-0.29604,0.90878,-0.68,1.11,0.17,0.50386,-0.36515,-0.19282,0.75869,-0.7,1.1,0.18,0.50386,-0.36515,-0.19282,0.75869,-0.81,1.08,0.19
-0.79,1.43,-0.16,-0.79,1.43,-0.16,-0.86,1.09,0.11,0.31858,-0.04939,-0.16426,-0.93225,-0.86,1.06,0.06,0.31858,-0.04939,-0.16426,-0.93225,-0.83,1.07,0.09,0.43051,-0.1435,0.4976,-0.73923,-0.81,1.09,0.11,0.20998,0.00262,0.43755,-0.87433,-0.8,1.1,0.14,0.09973,0.01656,0.51378,-0.85194,-0.8,1.11,0.16,0.09973,0.01656,0.51378,-0.85194,-0.84,1.08,0.09,0.31858,-0.04939,-0.16426,-0.93225,-0.84,1.12,0.13,-0.01072,-0.10791,-0.08596,-0.99038,-0.83,1.12,0.17,-0.39765,-0.13592,-0.06278,-0.90524,-0.82,1.1,0.18,-0.54358,-0.1167,-0.04601,-0.82993,-0.82,1.08,0.19,-0.54358,-0.1167,-0.04601,-0.82993,-0.85,1.07,0.09,0.31858,-0.04939,-0.16426,-0.93225,-0.86,1.11,0.13,0.0734,-0.07164,-0.16561,-0.98084,-0.85,1.12,0.18,-0.41259,-0.14558,-0.12258,-0.89081,-0.84,1.1,0.19,-0.64154,-0.15429,-0.14445,-0.7374,-0.83,1.08,0.2,-0.64154,-0.15429,-0.14445,-0.7374,-0.87,1.07,0.09,0.31858,-0.04939,-0.16426,-0.93225,-0.87,1.1,0.13,0.15047,-0.04161,-0.22669,-0.96137,-0.87,1.11,0.17,-0.38358,-0.17703,-0.20723,-0.88238,-0.86,1.1,0.19,-0.64517,-0.25265,-0.16728,-0.70138,-0.85,1.08,0.19,-0.64517,-0.25265,-0.16728,-0.70138,-0.88,1.06,0.09,0.25805,0.01406,-0.39582,-0.88121,-0.89,1.08,0.13,0.18417,-0.03541,-0.30298,-0.93436,-0.89,1.1,0.16,-0.29903,-0.17421,-0.32177,-0.8813,-0.88,1.09,0.18,-0.54847,-0.3088,-0.2615,-0.73174,-0.86,1.07,0.18,-0.54847,-0.3088,-0.2615,-0.73174,-0.7,1.09,0.11,-0.33504,-0.19658,-0.13785,0.9111,-0.68,1.05,0.06,-0.33504,-0.19658,-0.13785,0.9111,-0.72,1.07,0.08,-0.5095,-0.2112,0.50107,0.66689,-0.75,1.08,0.1,-0.36386,-0.10774,0.45127,0.80768,-0.76,1.1,0.12,-0.33185,-0.1182,0.53823,0.76565,-0.78,1.11,0.14,-0.33185,-0.1182,0.53823,0.76565,-0.71,1.07,0.08,-0.33504,-0.19658,-0.13785,0.9111,-0.73,1.11,0.12,-0.13237,-0.25311,-0.03047,0.95786,-0.75,1.12,0.15,0.30043,-0.24921,0.05793,0.91885,-0.76,1.11,0.17,0.49785,-0.20514,0.10206,0.83645,-0.76,1.09,0.18,0.49785,-0.20514,0.10206,0.83645,-0.7,1.07,0.09,-0.33504,-0.19658,-0.13785,0.9111,-0.71,1.11,0.13,-0.13374,-0.22274,-0.10118,0.96034,-0.73,1.13,0.16,0.19874,-0.24513,-0.03296,0.94833,-0.74,1.12,0.19,0.3875,-0.24158,-0.0459,0.88847,-0.75,1.1,0.2,0.3875,-0.24158,-0.0459,0.88847,-0.68,1.07,0.1,-0.33504,-0.19658,-0.13785,0.9111,-0.69,1.1,0.13,-0.24113,-0.16777,-0.19248,0.9363,-0.7,1.12,0.17,0.20968,-0.2577,-0.13212,0.9339,-0.71,1.12,0.19,0.47095,-0.30839,-0.075,0.82309,-0.73,1.1,0.2,0.47095,-0.30839,-0.075,0.82309,-0.67,1.07,0.1,-0.2476,-0.13432,-0.36549,0.88717,-0.68,1.09,0.14,-0.41634,-0.01463,-0.29196,0.86094,-0.67,1.11,0.16,0.1719,-0.20693,-0.30308,0.91421,-0.68,1.11,0.17,0.49737,-0.34925,-0.20523,0.76715,-0.7,1.1,0.18,0.49737,-0.34925,-0.20523,0.76715,-0.81,1.08,0.19
-0.79,1.43,-0.16,-0.79,1.43,-0.16,-0.86,1.09,0.11,0.321,-0.04986,-0.16396,-0.93145,-0.86,1.06,0.06,0.321,-0.04986,-0.16396,-0.93145,-0.83,1.07,0.09,0.43141,-0.13928,0.499,-0.73857,-0.81,1.09,0.11,0.21242,0.00643,0.43764,-0.87368,-0.8,1.1,0.14,0.10205,0.02048,0.51359,-0.8517,-0.8,1.11,0.16,0.10205,0.02048,0.51359,-0.8517,-0.84,1.08,0.09,0.321,-0.04986,-0.16396,-0.93145,-0.84,1.12,0.13,-0.00859,-0.10682,-0.08643,-0.99048,-0.83,1.12,0.17,-0.40143,-0.13556,-0.06276,-0.90363,-0.82,1.1,0.18,-0.54951,-0.11648,-0.04554,-0.82608,-0.82,1.08,0.19,-0.54951,-0.11648,-0.04554,-0.82608,-0.85,1.07,0.09,0.321,-0.04986,-0.16396,-0.93145,-0.86,1.11,0.13,0.06917,-0.073,-0.16483,-0.98118,-0.85,1.12,0.18,-0.41386,-0.14598,-0.12168,-0.89028,-0.84,1.1,0.19,-0.64223,-0.15429,-0.1435,-0.73699,-0.83,1.08,0.2,-0.64223,-0.15429,-0.1435,-0.73699,-0.87,1.07,0.09,0.321,-0.04986,-0.16396,-0.93145,-0.87,1.1,0.13,0.14973,-0.04217,-0.2266,-0.96149,-0.87,1.11,0.17,-0.38168,-0.17684,-0.20733,-0.88321,-0.86,1.1,0.19,-0.64329,-0.25251,-0.16749,-0.70311,-0.85,1.08,0.19,-0.64329,-0.25251,-0.16749,-0.70311,-0.88,1.06,0.1,0.26035,0.013,-0.3957,-0.88061,-0.89,1.09,0.13,0.18778,-0.03391,-0.30336,-0.93358,-0.89,1.1,0.16,-0.30129,-0.17543,-0.32194,-0.88023,-0.88,1.09,0.18,-0.55352,-0.31099,-0.26015,-0.72747,-0.86,1.07,0.18,-0.55352,-0.31099,-0.26015,-0.72747,-0.7,1.09,0.11,-0.28075,-0.19119,-0.11796,0.93312,-0.68,1.06,0.06,-0.28075,-0.19119,-0.11796,0.93312,-0.72,1.07,0.09,-0.47197,-0.24751,0.5007,0.68212,-0.75,1.08,0.1,-0.33211,-0.14584,0.45652,0.81242,-0.77,1.09,0.12,-0.32861,-0.17589,0.53912,0.75527,-0.78,1.1,0.14,-0.32861,-0.17589,0.53912,0.75527,-0.71,1.07,0.09,-0.28075,-0.19119,-0.11796,0.93312,-0.73,1.11,0.13,-0.01703,-0.27179,0.01821,0.96203,-0.75,1.11,0.16,0.38399,-0.24487,0.10284,0.88432,-0.76,1.09,0.17,0.55658,-0.19276,0.14357,0.79527,-0.76,1.07,0.18,0.55658,-0.19276,0.14357,0.79527,-0.7,1.07,0.09,-0.28075,-0.19119,-0.11796,0.93312,-0.71,1.11,0.14,-0.11842,-0.20664,-0.09355,0.96671,-0.73,1.12,0.17,0.20619,-0.22691,-0.03335,0.95125,-0.74,1.11,0.19,0.38074,-0.22316,-0.05195,0.89585,-0.75,1.09,0.21,0.38074,-0.22316,-0.05195,0.89585,-0.68,1.07,0.1,-0.28075,-0.19119,-0.11796,0.93312,-0.69,1.1,0.14,-0.21879,-0.14741,-0.17738,0.94812,-0.7,1.12,0.17,0.22475,-0.23071,-0.13068,0.93765,-0.71,1.11,0.19,0.4699,-0.28108,-0.08606,0.83233,-0.73,1.09,0.2,0.4699,-0.28108,-0.08606,0.83233,-0.67,1.06,0.1,-0.19856,-0.11441,-0.34328,0.91085,-0.68,1.08,0.14,-0.37035,0.00119,-0.26281,0.89094,-0.67,1.1,0.16,0.19115,-0.16263,-0.29536,0.92183,-0.68,1.1,0.18,0.50276,-0.30193,-0.22144,0.77913,-0.69,1.09,0.19,0.50276,-0.30193,-0.22144,0.77913,-0.81,1.08,0.19
-0.79,1.43,-0.15,-0.79,1.43,-0.15,-0.85,1.09,0.11,0.32206,-0.05001,-0.16105,-0.93158,-0.86,1.06,0.06,0.32206,-0.05001,-0.16105,-0.93158,-0.83,1.07,0.09,0.43078,-0.13766,0.50214,-0.73711,-0.81,1.09,0.11,0.21237,0.00891,0.44032,-0.87231,-0.8,1.1,0.14,0.10184,0.02325,0.51591,-0.85025,-0.8,1.11,0.16,0.10184,0.02325,0.51591,-0.85025,-0.84,1.08,0.09,0.32206,-0.05001,-0.16105,-0.93158,-0.84,1.12,0.13,-0.00736,-0.10532,-0.08409,-0.99085,-0.83,1.12,0.17,-0.40208,-0.1334,-0.06096,-0.90378,-0.82,1.1,0.18,-0.55146,-0.11413,-0.04389,-0.82519,-0.82,1.08,0.19,-0.55146,-0.11413,-0.04389,-0.82519,-0.85,1.07,0.09,0.32206,-0.05001,-0.16105,-0.93158,-0.86,1.11,0.13,0.06642,-0.0732,-0.16161,-0.98189,-0.85,1.12,0.18,-0.41326,-0.14412,-0.11931,-0.89118,-0.84,1.1,0.19,-0.64092,-0.15183,-0.14186,-0.73895,-0.83,1.08,0.2,-0.64092,-0.15183,-0.14186,-0.73895,-0.87,1.07,0.09,0.32206,-0.05001,-0.16105,-0.93158,-0.87,1.1,0.13,0.14963,-0.04214,-0.22373,-0.96217,-0.87,1.11,0.17,-0.38,-0.17483,-0.20533,-0.8848,-0.86,1.1,0.19,-0.64193,-0.24999,-0.16631,-0.70553,-0.85,1.08,0.19,-0.64193,-0.24999,-0.16631,-0.70553,-0.88,1.06,0.1,0.26175,0.0127,-0.39305,-0.88138,-0.89,1.09,0.13,0.19118,-0.03127,-0.30119,-0.93368,-0.89,1.1,0.16,-0.30419,-0.17442,-0.32051,-0.87995,-0.88,1.09,0.18,-0.55947,-0.31059,-0.25805,-0.72383,-0.86,1.07,0.18,-0.55947,-0.31059,-0.25805,-0.72383,-0.7,1.09,0.12,-0.27214,-0.19141,-0.11286,0.93625,-0.68,1.06,0.06,-0.27214,-0.19141,-0.11286,0.93625,-0.72,1.07,0.09,-0.46971,-0.24948,0.49761,0.68521,-0.75,1.08,0.1,-0.32867,-0.14783,0.45384,0.81496,-0.76,1.09,0.12,-0.33297,-0.18315,0.53528,0.75436,-0.78,1.1,0.14,-0.33297,-0.18315,0.53528,0.75436,-0.71,1.07,0.09,-0.27214,-0.19141,-0.11286,0.93625,-0.73,1.11,0.13,-0.00852,-0.28207,0.02934,0.95891,-0.75,1.11,0.16,0.39482,-0.24895,0.11839,0.87643,-0.76,1.09,0.18,0.56735,-0.19321,0.16054,0.78423,-0.76,1.07,0.18,0.56735,-0.19321,0.16054,0.78423,-0.7,1.07,0.09,-0.27214,-0.19141,-0.11286,0.93625,-0.71,1.11,0.14,-0.08507,-0.21022,-0.08208,0.97048,-0.73,1.12,0.18,0.27843,-0.2268,-0.01194,0.93322,-0.74,1.1,0.19,0.46625,-0.21458,-0.02776,0.85779,-0.75,1.08,0.21,0.46625,-0.21458,-0.02776,0.85779,-0.68,1.07,0.1,-0.27214,-0.19141,-0.11286,0.93625,-0.69,1.1,0.14,-0.1646,-0.15603,-0.16379,0.96007,-0.7,1.11,0.18,0.30684,-0.23356,-0.10951,0.91614,-0.71,1.1,0.19,0.55434,-0.27637,-0.06414,0.78244,-0.73,1.08,0.2,0.55434,-0.27637,-0.06414,0.78244,-0.67,1.07,0.1,-0.19084,-0.1123,-0.33778,0.91481,-0.68,1.08,0.14,-0.33139,-0.00805,-0.25781,0.90755,-0.67,1.1,0.17,0.23648,-0.16509,-0.28648,0.91365,-0.68,1.1,0.18,0.54328,-0.30093,-0.21401,0.75398,-0.7,1.08,0.19,0.54328,-0.30093,-0.21401,0.75398,-0.81,1.08,0.19
-0.79,1.43,-0.15,-0.79,1.43,-0.15,-0.85,1.09,0.11,0.32113,-0.04924,-0.15343,-0.93323,-0.86,1.06,0.06,0.32113,-0.04924,-0.15343,-0.93323,-0.83,1.07,0.09,0.42824,-0.1386,0.50774,-0.73457,-0.8,1.09,0.11,0.20998,0.01015,0.4463,-0.86984,-0.8,1.1,0.14,0.09948,0.02489,0.5214,-0.84713,-0.8,1.11,0.16,0.09948,0.02489,0.5214,-0.84713,-0.84,1.08,0.09,0.32113,-0.04924,-0.15343,-0.93323,-0.83,1.12,0.13,-0.0051,-0.10174,-0.07769,-0.99176,-0.83,1.12,0.17,-0.39955,-0.1276,-0.05663,-0.90602,-0.82,1.1,0.19,-0.5499,-0.10772,-0.04058,-0.82726,-0.82,1.08,0.19,-0.5499,-0.10772,-0.04058,-0.82726,-0.85,1.07,0.09,0.32113,-0.04924,-0.15343,-0.93323,-0.86,1.11,0.13,0.06543,-0.07076,-0.15425,-0.98332,-0.85,1.12,0.18,-0.412,-0.13809,-0.11447,-0.89335,-0.84,1.1,0.19,-0.63978,-0.14485,-0.13894,-0.74188,-0.83,1.08,0.2,-0.63978,-0.14485,-0.13894,-0.74188,-0.87,1.07,0.09,0.32113,-0.04924,-0.15343,-0.93323,-0.87,1.1,0.14,0.14978,-0.03998,-0.21637,-0.96393,-0.87,1.11,0.17,-0.38065,-0.1691,-0.20033,-0.88678,-0.86,1.1,0.19,-0.64418,-0.24315,-0.16323,-0.70658,-0.85,1.08,0.19,-0.64418,-0.24315,-0.16323,-0.70658,-0.88,1.06,0.1,0.26205,0.01401,-0.3859,-0.88443,-0.89,1.09,0.13,0.19449,-0.02653,-0.29443,-0.9353,-0.89,1.1,0.16,-0.30846,-0.16953,-0.3162,-0.88098,-0.88,1.09,0.18,-0.56886,-0.30611,-0.254,-0.71984,-0.86,1.07,0.18,-0.56886,-0.30611,-0.254,-0.71984,-0.7,1.09,0.11,-0.30469,-0.19537,-0.13145,0.92288,-0.68,1.06,0.07,-0.30469,-0.19537,-0.13145,0.92288,-0.72,1.07,0.09,-0.50198,-0.22319,0.48317,0.68173,-0.75,1.08,0.1,-0.36233,-0.12792,0.43314,0.81532,-0.76,1.1,0.12,-0.36672,-0.16041,0.51731,0.75642,-0.78,1.11,0.14,-0.36672,-0.16041,0.51731,0.75642,-0.71,1.08,0.09,-0.30469,-0.19537,-0.13145,0.92288,-0.73,1.11,0.13,-0.04765,-0.29413,0.01839,0.9544,-0.75,1.12,0.16,0.37437,-0.26323,0.11872,0.88117,-0.76,1.1,0.17,0.55258,-0.20658,0.16439,0.79054,-0.76,1.08,0.18,0.55258,-0.20658,0.16439,0.79054,-0.69,1.07,0.09,-0.30469,-0.19537,-0.13145,0.92288,-0.71,1.11,0.14,-0.0756,-0.22722,-0.08625,0.96707,-0.73,1.12,0.17,0.35412,-0.24402,0.00841,0.90276,-0.74,1.1,0.19,0.58566,-0.21922,0.00549,0.78033,-0.75,1.08,0.2,0.58566,-0.21922,0.00549,0.78033,-0.68,1.07,0.1,-0.30469,-0.19537,-0.13145,0.92288,-0.69,1.1,0.14,-0.11037,-0.18286,-0.1655,0.9628,-0.7,1.11,0.17,0.41739,-0.26146,-0.08305,0.86633,-0.72,1.1,0.19,0.68857,-0.29076,-0.01931,0.66405,-0.73,1.08,0.19,0.68857,-0.29076,-0.01931,0.66405,-0.67,1.07,0.1,-0.21916,-0.1251,-0.3575,0.89917,-0.68,1.09,0.14,-0.29127,-0.04336,-0.28221,0.91304,-0.67,1.11,0.17,0.31103,-0.21512,-0.28021,0.88231,-0.68,1.1,0.18,0.62554,-0.34935,-0.18217,0.6734,-0.7,1.08,0.18,0.62554,-0.34935,-0.18217,0.6734,-0.81,1.08,0.19
-0.79,1.43,-0.15,-0.79,1.43,-0.15,-0.85,1.09,0.11,0.31461,-0.0513,-0.13729,-0.93784,-0.86,1.06,0.06,0.31461,-0.0513,-0.13729,-0.93784,-0.82,1.07,0.09,0.42666,-0.15026,0.51344,-0.72922,-0.8,1.09,0.11,0.20814,0.00119,0.45564,-0.86549,-0.8,1.1,0.14,0.10199,0.0147,0.53146,-0.84079,-0.79,1.1,0.16,0.10199,0.0147,0.53146,-0.84079,-0.84,1.08,0.09,0.31461,-0.0513,-0.13729,-0.93784,-0.83,1.11,0.14,0.01333,-0.09983,-0.06322,-0.9929,-0.83,1.12,0.17,-0.36344,-0.11962,-0.04668,-0.92273,-0.82,1.1,0.19,-0.51563,-0.09835,-0.03339,-0.85049,-0.82,1.08,0.2,-0.51563,-0.09835,-0.03339,-0.85049,-0.85,1.07,0.09,0.31461,-0.0513,-0.13729,-0.93784,-0.85,1.11,0.14,0.08228,-0.06493,-0.13986,-0.98461,-0.85,1.12,0.18,-0.38688,-0.12507,-0.10608,-0.90743,-0.84,1.1,0.2,-0.61739,-0.13186,-0.13506,-0.76367,-0.83,1.08,0.2,-0.61739,-0.13186,-0.13506,-0.76367,-0.87,1.07,0.09,0.31461,-0.0513,-0.13729,-0.93784,-0.87,1.1,0.14,0.16068,-0.03431,-0.20123,-0.96567,-0.87,1.11,0.17,-0.36807,-0.15591,-0.19104,-0.8965,-0.86,1.1,0.19,-0.63566,-0.22825,-0.15848,-0.72023,-0.85,1.08,0.19,-0.63566,-0.22825,-0.15848,-0.72023,-0.88,1.07,0.1,0.2575,0.01431,-0.37028,-0.8924,-0.89,1.09,0.14,0.19833,-0.01919,-0.27927,-0.93931,-0.89,1.1,0.16,-0.30472,-0.1553,-0.3074,-0.88799,-0.88,1.09,0.18,-0.56947,-0.29051,-0.24979,-0.72726,-0.86,1.07,0.18,-0.56947,-0.29051,-0.24979,-0.72726,-0.7,1.1,0.11,-0.34827,-0.18518,-0.14737,0.90703,-0.68,1.06,0.07,-0.34827,-0.18518,-0.14737,0.90703,-0.72,1.07,0.09,-0.5265,-0.18601,0.48284,0.67459,-0.74,1.09,0.1,-0.38546,-0.09117,0.42575,0.81354,-0.76,1.11,0.12,-0.37392,-0.11343,0.51322,0.76415,-0.77,1.12,0.14,-0.37392,-0.11343,0.51322,0.76415,-0.71,1.08,0.09,-0.34827,-0.18518,-0.14737,0.90703,-0.72,1.12,0.12,-0.09626,-0.28049,-0.0004,0.95502,-0.74,1.13,0.16,0.36485,-0.25636,0.10614,0.88876,-0.75,1.11,0.17,0.55641,-0.20048,0.15346,0.79162,-0.76,1.09,0.18,0.55641,-0.20048,0.15346,0.79162,-0.69,1.08,0.09,-0.34827,-0.18518,-0.14737,0.90703,-0.7,1.12,0.13,-0.07778,-0.22865,-0.09127,0.96609,-0.72,1.13,0.17,0.37017,-0.24735,0.00955,0.89537,-0.73,1.11,0.18,0.62083,-0.21911,0.01173,0.75261,-0.74,1.09,0.19,0.62083,-0.21911,0.01173,0.75261,-0.68,1.08,0.1,-0.34827,-0.18518,-0.14737,0.90703,-0.69,1.11,0.14,-0.11063,-0.19077,-0.17349,0.95983,-0.7,1.12,0.17,0.43348,-0.27385,-0.08037,0.85478,-0.71,1.1,0.18,0.72247,-0.29928,-0.00429,0.62325,-0.72,1.08,0.18,0.72247,-0.29928,-0.00429,0.62325,-0.67,1.07,0.1,-0.26151,-0.12677,-0.37593,0.8799,-0.67,1.1,0.14,-0.30205,-0.06455,-0.30094,0.90224,-0.67,1.11,0.17,0.34145,-0.25714,-0.27156,0.86229,-0.68,1.11,0.18,0.67498,-0.38897,-0.1425,0.61057,-0.7,1.09,0.17,0.67498,-0.38897,-0.1425,0.61057,-0.81,1.08,0.19
-0.79,1.43,-0.15,-0.79,1.43,-0.15,-0.85,1.09,0.11,0.28954,-0.06599,-0.11494,-0.94795,-0.86,1.06,0.06,0.28954,-0.06599,-0.11494,-0.94795,-0.82,1.07,0.09,0.42615,-0.18895,0.50892,-0.72367,-0.8,1.08,0.11,0.20536,-0.03689,0.46295,-0.86148,-0.79,1.09,0.14,0.10861,-0.02642,0.54212,-0.83283,-0.79,1.1,0.16,0.10861,-0.02642,0.54212,-0.83283,-0.83,1.07,0.09,0.28954,-0.06599,-0.11494,-0.94795,-0.83,1.11,0.14,0.02723,-0.11634,-0.03757,-0.99212,-0.82,1.11,0.17,-0.29041,-0.12424,-0.02481,-0.94848,-0.81,1.1,0.19,-0.43906,-0.09969,-0.01431,-0.8928,-0.81,1.08,0.21,-0.43906,-0.09969,-0.01431,-0.8928,-0.85,1.07,0.09,0.28954,-0.06599,-0.11494,-0.94795,-0.85,1.11,0.14,0.11066,-0.0658,-0.11901,-0.98451,-0.85,1.12,0.18,-0.31244,-0.11174,-0.09314,-0.93873,-0.84,1.1,0.2,-0.53278,-0.11919,-0.12839,-0.82792,-0.83,1.08,0.21,-0.53278,-0.11919,-0.12839,-0.82792,-0.87,1.07,0.09,0.28954,-0.06599,-0.11494,-0.94795,-0.87,1.1,0.14,0.18445,-0.03122,-0.17969,-0.96577,-0.87,1.11,0.17,-0.30947,-0.13588,-0.17898,-0.92397,-0.86,1.1,0.19,-0.57372,-0.20521,-0.15527,-0.77757,-0.85,1.08,0.2,-0.57372,-0.20521,-0.15527,-0.77757,-0.88,1.06,0.1,0.23314,0.00711,-0.34695,-0.90842,-0.88,1.08,0.14,0.20101,-0.01532,-0.25531,-0.94561,-0.89,1.1,0.16,-0.26771,-0.12871,-0.29304,-0.90879,-0.88,1.09,0.18,-0.52368,-0.25627,-0.24877,-0.77343,-0.86,1.07,0.19,-0.52368,-0.25627,-0.24877,-0.77343,-0.7,1.1,0.11,-0.36236,-0.17873,-0.13533,0.90468,-0.68,1.06,0.07,-0.36236,-0.17873,-0.13533,0.90468,-0.72,1.07,0.09,-0.51609,-0.18174,0.51194,0.66222,-0.74,1.09,0.1,-0.36732,-0.07342,0.45683,0.80684,-0.76,1.1,0.12,-0.32948,-0.08185,0.54343,0.76774,-0.77,1.12,0.14,-0.32948,-0.08185,0.54343,0.76774,-0.71,1.08,0.09,-0.36236,-0.17873,-0.13533,0.90468,-0.72,1.12,0.12,-0.10303,-0.25632,0.00146,0.96108,-0.74,1.13,0.16,0.36959,-0.23338,0.09871,0.89398,-0.75,1.11,0.17,0.56583,-0.17893,0.14205,0.79224,-0.75,1.09,0.18,0.56583,-0.17893,0.14205,0.79224,-0.69,1.08,0.09,-0.36236,-0.17873,-0.13533,0.90468,-0.7,1.12,0.13,-0.06374,-0.22395,-0.07278,0.96979,-0.72,1.13,0.17,0.36374,-0.23513,0.0185,0.90115,-0.73,1.11,0.18,0.60389,-0.20654,0.01463,0.7697,-0.74,1.09,0.19,0.60389,-0.20654,0.01463,0.7697,-0.68,1.07,0.1,-0.36236,-0.17873,-0.13533,0.90468,-0.69,1.11,0.14,-0.12076,-0.18691,-0.16069,0.96159,-0.7,1.12,0.17,0.40906,-0.26286,-0.07637,0.87048,-0.71,1.1,0.18,0.69784,-0.28914,-0.007,0.65526,-0.72,1.08,0.18,0.69784,-0.28914,-0.007,0.65526,-0.67,1.07,0.1,-0.27822,-0.12356,-0.36588,0.87947,-0.67,1.1,0.14,-0.32372,-0.06746,-0.28929,0.89831,-0.67,1.12,0.16,0.3263,-0.25504,-0.25962,0.8724,-0.68,1.11,0.18,0.66339,-0.38174,-0.13371,0.62954,-0.7,1.09,0.17,0.66339,-0.38174,-0.13371,0.62954,-0.81,1.08,0.19
-0.79,1.43,-0.15,-0.79,1.43,-0.15,-0.85,1.09,0.12,0.27062,-0.08393,-0.09813,-0.95399,-0.86,1.06,0.06,0.27062,-0.08393,-0.09813,-0.95399,-0.82,1.07,0.09,0.42562,-0.22101,0.50624,-0.71674,-0.8,1.08,0.11,0.20231,-0.06744,0.47045,-0.85627,-0.79,1.09,0.14,0.10984,-0.05719,0.55161,-0.82486,-0.78,1.09,0.16,0.10984,-0.05719,0.55161,-0.82486,-0.83,1.07,0.09,0.27062,-0.08393,-0.09813,-0.95399,-0.82,1.1,0.14,0.02641,-0.14176,-0.01353,-0.98946,-0.81,1.11,0.17,-0.24318,-0.14083,-0.00109,-0.9597,-0.81,1.1,0.19,-0.37875,-0.11288,0.00825,-0.91855,-0.8,1.08,0.21,-0.37875,-0.11288,0.00825,-0.91855,-0.85,1.07,0.09,0.27062,-0.08393,-0.09813,-0.95399,-0.85,1.11,0.14,0.12316,-0.07542,-0.10214,-0.98423,-0.84,1.12,0.18,-0.25534,-0.10993,-0.07907,-0.95732,-0.83,1.1,0.2,-0.45059,-0.11549,-0.11698,-0.87747,-0.83,1.09,0.22,-0.45059,-0.11549,-0.11698,-0.87747,-0.87,1.07,0.09,0.27062,-0.08393,-0.09813,-0.95399,-0.86,1.1,0.14,0.20145,-0.03657,-0.16327,-0.9651,-0.86,1.11,0.17,-0.25046,-0.12577,-0.16692,-0.9453,-0.85,1.1,0.2,-0.49602,-0.18999,-0.14987,-0.83391,-0.84,1.08,0.21,-0.49602,-0.18999,-0.14987,-0.83391,-0.87,1.06,0.1,0.21336,-0.00519,-0.32894,-0.91992,-0.88,1.08,0.14,0.21244,-0.01855,-0.23622,-0.94801,-0.88,1.09,0.17,-0.21312,-0.11048,-0.27878,-0.92987,-0.88,1.09,0.18,-0.44504,-0.22633,-0.24629,-0.8307,-0.86,1.08,0.19,-0.44504,-0.22633,-0.24629,-0.8307,-0.7,1.1,0.11,-0.36375,-0.17793,-0.13116,0.90489,-0.68,1.05,0.07,-0.36375,-0.17793,-0.13116,0.90489,-0.72,1.07,0.09,-0.50204,-0.18759,0.53091,0.65644,-0.75,1.08,0.1,-0.34913,-0.07013,0.47871,0.80251,-0.76,1.1,0.13,-0.29877,-0.07162,0.56388,0.76658,-0.77,1.11,0.15,-0.29877,-0.07162,0.56388,0.76658,-0.71,1.07,0.09,-0.36375,-0.17793,-0.13116,0.90489,-0.73,1.12,0.13,-0.10917,-0.24551,-0.00313,0.96322,-0.74,1.12,0.16,0.35061,-0.22756,0.08591,0.90438,-0.75,1.11,0.17,0.54498,-0.177,0.12649,0.80973,-0.75,1.09,0.18,0.54498,-0.177,0.12649,0.80973,-0.69,1.07,0.09,-0.36375,-0.17793,-0.13116,0.90489,-0.7,1.12,0.13,-0.04196,-0.22634,-0.06119,0.97122,-0.72,1.12,0.17,0.34453,-0.23313,0.01983,0.90915,-0.73,1.11,0.19,0.55636,-0.20826,0.01011,0.80435,-0.74,1.08,0.19,0.55636,-0.20826,0.01011,0.80435,-0.68,1.07,0.1,-0.36375,-0.17793,-0.13116,0.90489,-0.69,1.11,0.14,-0.10849,-0.18987,-0.1525,0.96381,-0.7,1.12,0.17,0.3938,-0.25865,-0.07555,0.87881,-0.71,1.1,0.19,0.66776,-0.28658,-0.01377,0.68686,-0.72,1.08,0.19,0.66776,-0.28658,-0.01377,0.68686,-0.67,1.07,0.1,-0.28031,-0.12296,-0.3621,0.88045,-0.67,1.09,0.14,-0.32846,-0.07319,-0.28382,0.89789,-0.67,1.11,0.16,0.32328,-0.25653,-0.25168,0.87541,-0.68,1.1,0.18,0.65433,-0.37853,-0.13007,0.6416,-0.7,1.09,0.18,0.65433,-0.37853,-0.13007,0.6416,-0.81,1.08,0.19
-0.8,1.43,-0.15,-0.8,1.43,-0.15,-0.85,1.09,0.11,0.26245,-0.08981,-0.09394,-0.95616,-0.86,1.06,0.06,0.26245,-0.08981,-0.09394,-0.95616,-0.82,1.07,0.09,0.42528,-0.23239,0.50255,-0.71595,-0.8,1.08,0.1,0.19925,-0.07828,0.47061,-0.85598,-0.79,1.09,0.13,0.10752,-0.06805,0.55248,-0.82375,-0.78,1.09,0.16,0.10752,-0.06805,0.55248,-0.82375,-0.83,1.07,0.09,0.26245,-0.08981,-0.09394,-0.95616,-0.82,1.1,0.14,0.02307,-0.15426,-0.00529,-0.98775,-0.81,1.11,0.17,-0.23243,-0.15071,0.00804,-0.96083,-0.8,1.09,0.19,-0.36366,-0.12157,0.0177,-0.92339,-0.8,1.08,0.21,-0.36366,-0.12157,0.0177,-0.92339,-0.85,1.07,0.09,0.26245,-0.08981,-0.09394,-0.95616,-0.84,1.1,0.14,0.12994,-0.07854,-0.09842,-0.9835,-0.84,1.12,0.18,-0.22746,-0.10984,-0.07685,-0.96452,-0.83,1.1,0.2,-0.4111,-0.11563,-0.11549,-0.89682,-0.83,1.09,0.22,-0.4111,-0.11563,-0.11549,-0.89682,-0.87,1.07,0.09,0.26245,-0.08981,-0.09394,-0.95616,-0.86,1.1,0.14,0.21318,-0.03711,-0.15961,-0.96317,-0.86,1.11,0.17,-0.21822,-0.12159,-0.16542,-0.95406,-0.85,1.1,0.2,-0.45498,-0.18474,-0.15049,-0.85803,-0.84,1.08,0.21,-0.45498,-0.18474,-0.15049,-0.85803,-0.87,1.06,0.1,0.20477,-0.0088,-0.32408,-0.92356,-0.88,1.08,0.14,0.22457,-0.01599,-0.23105,-0.94653,-0.88,1.09,0.17,-0.1817,-0.10135,-0.27663,-0.93818,-0.88,1.09,0.18,-0.40664,-0.21451,-0.24739,-0.85289,-0.86,1.08,0.2,-0.40664,-0.21451,-0.24739,-0.85289,-0.7,1.09,0.11,-0.36006,-0.17926,-0.13602,0.90539,-0.68,1.05,0.07,-0.36006,-0.17926,-0.13602,0.90539,-0.72,1.07,0.09,-0.49238,-0.19513,0.53647,0.65703,-0.75,1.08,0.1,-0.33534,-0.07284,0.48688,0.80324,-0.76,1.1,0.13,-0.27997,-0.07181,0.57142,0.76808,-0.77,1.11,0.15,-0.27997,-0.07181,0.57142,0.76808,-0.71,1.07,0.09,-0.36006,-0.17926,-0.13602,0.90539,-0.73,1.12,0.13,-0.13316,-0.24338,-0.01903,0.96056,-0.74,1.13,0.16,0.30067,-0.23554,0.06398,0.92197,-0.75,1.11,0.17,0.49035,-0.19131,0.10289,0.84402,-0.76,1.09,0.18,0.49035,-0.19131,0.10289,0.84402,-0.69,1.07,0.09,-0.36006,-0.17926,-0.13602,0.90539,-0.7,1.12,0.13,-0.02842,-0.23181,-0.06129,0.97041,-0.72,1.12,0.17,0.34203,-0.23837,0.01806,0.90877,-0.73,1.1,0.19,0.54313,-0.21474,0.00782,0.81169,-0.74,1.08,0.19,0.54313,-0.21474,0.00782,0.81169,-0.68,1.07,0.1,-0.36006,-0.17926,-0.13602,0.90539,-0.69,1.11,0.14,-0.09195,-0.1957,-0.15304,0.96427,-0.7,1.12,0.17,0.40325,-0.26289,-0.07484,0.87332,-0.71,1.1,0.19,0.67016,-0.29024,-0.01347,0.68299,-0.72,1.08,0.19,0.67016,-0.29024,-0.01347,0.68299,-0.67,1.07,0.11,-0.27577,-0.12351,-0.36637,0.88004,-0.67,1.09,0.14,-0.32007,-0.08193,-0.28638,0.89935,-0.67,1.11,0.16,0.33717,-0.26565,-0.24672,0.86884,-0.68,1.1,0.18,0.66256,-0.38414,-0.12325,0.63107,-0.7,1.09,0.17,0.66256,-0.38414,-0.12325,0.63107,-0.81,1.08,0.19
-0.8,1.43,-0.15,-0.8,1.43,-0.15,-0.85,1.09,0.12,0.2493,-0.08165,-0.08936,-0.96083,-0.86,1.06,0.06,0.2493,-0.08165,-0.08936,-0.96083,-0.82,1.07,0.09,0.41476,-0.23224,0.50044,-0.7236,-0.8,1.08,0.11,0.18417,-0.07603,0.46884,-0.86052,-0.79,1.09,0.14,0.09193,-0.06731,0.5501,-0.82729,-0.78,1.09,0.16,0.09193,-0.06731,0.5501,-0.82729,-0.83,1.07,0.09,0.2493,-0.08165,-0.08936,-0.96083,-0.82,1.1,0.14,0.00686,-0.15306,0.00034,-0.98819,-0.81,1.1,0.17,-0.26242,-0.14748,0.01541,-0.95349,-0.81,1.09,0.19,-0.40686,-0.11674,0.0276,-0.90558,-0.8,1.07,0.21,-0.40686,-0.11674,0.0276,-0.90558,-0.85,1.07,0.09,0.2493,-0.08165,-0.08936,-0.96083,-0.85,1.1,0.14,0.12694,-0.0681,-0.09562,-0.98494,-0.84,1.11,0.18,-0.23409,-0.09932,-0.0776,-0.96401,-0.83,1.1,0.2,-0.42283,-0.10556,-0.11811,-0.89226,-0.83,1.08,0.22,-0.42283,-0.10556,-0.11811,-0.89226,-0.87,1.07,0.09,0.2493,-0.08165,-0.08936,-0.96083,-0.86,1.09,0.14,0.21878,-0.02482,-0.15533,-0.96301,-0.86,1.11,0.18,-0.20986,-0.10842,-0.16697,-0.95725,-0.86,1.1,0.2,-0.45207,-0.1733,-0.15465,-0.86121,-0.85,1.08,0.21,-0.45207,-0.1733,-0.15465,-0.86121,-0.87,1.06,0.1,0.19429,0.00256,-0.31893,-0.92765,-0.88,1.08,0.14,0.23017,0.00085,-0.22534,-0.9467,-0.88,1.09,0.17,-0.17047,-0.08268,-0.27854,-0.94155,-0.88,1.09,0.18,-0.40636,-0.19978,-0.25178,-0.85532,-0.87,1.08,0.2,-0.40636,-0.19978,-0.25178,-0.85532,-0.7,1.09,0.11,-0.3405,-0.17681,-0.16606,0.90842,-0.68,1.05,0.07,-0.3405,-0.17681,-0.16606,0.90842,-0.72,1.07,0.09,-0.48415,-0.21206,0.51263,0.67664,-0.74,1.08,0.1,-0.31084,-0.08744,0.46821,0.82251,-0.76,1.1,0.13,-0.25513,-0.08883,0.55366,0.78771,-0.77,1.11,0.15,-0.25513,-0.08883,0.55366,0.78771,-0.71,1.08,0.09,-0.3405,-0.17681,-0.16606,0.90842,-0.72,1.12,0.13,-0.17656,-0.23759,-0.07288,0.9524,-0.74,1.13,0.16,0.20475,-0.25495,-0.00113,0.94503,-0.75,1.12,0.18,0.37849,-0.22592,0.03402,0.89697,-0.76,1.11,0.19,0.37849,-0.22592,0.03402,0.89697,-0.69,1.07,0.09,-0.3405,-0.17681,-0.16606,0.90842,-0.7,1.12,0.13,-0.05016,-0.23508,-0.1015,0.96536,-0.72,1.12,0.17,0.30691,-0.25654,-0.02154,0.91626,-0.73,1.11,0.19,0.50539,-0.24338,-0.02819,0.82738,-0.74,1.09,0.2,0.50539,-0.24338,-0.02819,0.82738,-0.68,1.07,0.1,-0.3405,-0.17681,-0.16606,0.90842,-0.69,1.11,0.14,-0.09313,-0.19723,-0.18579,0.95808,-0.7,1.12,0.17,0.3997,-0.28047,-0.10195,0.86671,-0.71,1.1,0.19,0.66499,-0.3156,-0.03276,0.6761,-0.72,1.08,0.19,0.66499,-0.3156,-0.03276,0.6761,-0.67,1.07,0.11,-0.25307,-0.11721,-0.39338,0.87605,-0.67,1.09,0.14,-0.30363,-0.08532,-0.31126,0.89647,-0.67,1.11,0.17,0.35036,-0.28327,-0.26268,0.85323,-0.68,1.1,0.18,0.67029,-0.40669,-0.1289,0.60721,-0.7,1.08,0.18,0.67029,-0.40669,-0.1289,0.60721,-0.81,1.08,0.19
-0.8,1.44,-0.15,-0.8,1.44,-0.15,-0.85,1.09,0.12,0.25859,-0.07238,-0.12302,-0.95538,-0.86,1.06,0.06,0.25859,-0.07238,-0.12302,-0.95538,-0.82,1.07,0.09,0.43318,-0.21091,0.46927,-0.74004,-0.8,1.08,0.11,0.19801,-0.06607,0.43069,-0.87803,-0.79,1.09,0.14,0.10378,-0.05947,0.51355,-0.84969,-0.78,1.1,0.16,0.10378,-0.05947,0.51355,-0.84969,-0.83,1.07,0.09,0.25859,-0.07238,-0.12302,-0.95538,-0.83,1.1,0.14,0.01771,-0.15221,-0.03367,-0.98762,-0.82,1.11,0.17,-0.27965,-0.15653,-0.01292,-0.94717,-0.81,1.09,0.19,-0.44098,-0.12998,0.00439,-0.88804,-0.8,1.08,0.21,-0.44098,-0.12998,0.00439,-0.88804,-0.85,1.07,0.09,0.25859,-0.07238,-0.12302,-0.95538,-0.85,1.1,0.14,0.13431,-0.06518,-0.1296,-0.98026,-0.84,1.12,0.18,-0.24128,-0.11062,-0.10855,-0.958,-0.84,1.1,0.2,-0.44924,-0.12449,-0.14503,-0.87273,-0.83,1.09,0.22,-0.44924,-0.12449,-0.14503,-0.87273,-0.87,1.07,0.09,0.25859,-0.07238,-0.12302,-0.95538,-0.87,1.09,0.14,0.22892,-0.02062,-0.1886,-0.95478,-0.87,1.11,0.17,-0.21435,-0.12264,-0.19655,-0.94888,-0.86,1.1,0.2,-0.47265,-0.19766,-0.17648,-0.84047,-0.85,1.08,0.21,-0.47265,-0.19766,-0.17648,-0.84047,-0.87,1.06,0.1,0.20059,0.00823,-0.35185,-0.91428,-0.88,1.08,0.14,0.2412,0.00299,-0.25775,-0.93562,-0.88,1.09,0.17,-0.17096,-0.09923,-0.30767,-0.93073,-0.88,1.09,0.18,-0.43387,-0.23246,-0.2683,-0.82809,-0.87,1.07,0.2,-0.43387,-0.23246,-0.2683,-0.82809,-0.7,1.09,0.12,-0.32413,-0.18139,-0.1556,0.91533,-0.68,1.06,0.07,-0.32413,-0.18139,-0.1556,0.91533,-0.72,1.07,0.09,-0.47775,-0.2347,0.51193,0.67423,-0.75,1.08,0.1,-0.30003,-0.10703,0.4742,0.82077,-0.76,1.1,0.13,-0.2456,-0.10875,0.55968,0.78397,-0.77,1.1,0.15,-0.2456,-0.10875,0.55968,0.78397,-0.71,1.07,0.09,-0.32413,-0.18139,-0.1556,0.91533,-0.73,1.11,0.13,-0.1631,-0.23615,-0.0662,0.95564,-0.74,1.13,0.16,0.21816,-0.25075,0.0043,0.94314,-0.75,1.12,0.18,0.38809,-0.22071,0.03811,0.89399,-0.76,1.1,0.19,0.38809,-0.22071,0.03811,0.89399,-0.69,1.07,0.1,-0.32413,-0.18139,-0.1556,0.91533,-0.7,1.11,0.14,-0.09534,-0.22511,-0.10912,0.9635,-0.72,1.12,0.17,0.25715,-0.25036,-0.03407,0.93276,-0.73,1.11,0.19,0.44107,-0.24321,-0.0457,0.86268,-0.75,1.09,0.21,0.44107,-0.24321,-0.0457,0.86268,-0.68,1.07,0.1,-0.32413,-0.18139,-0.1556,0.91533,-0.69,1.1,0.14,-0.12089,-0.18805,-0.18464,0.95704,-0.7,1.12,0.18,0.36459,-0.27196,-0.10796,0.884,-0.71,1.1,0.19,0.6225,-0.31084,-0.04569,0.71679,-0.73,1.08,0.19,0.6225,-0.31084,-0.04569,0.71679,-0.67,1.07,0.11,-0.23762,-0.11709,-0.3823,0.88526,-0.67,1.09,0.14,-0.31143,-0.0824,-0.29998,0.89791,-0.67,1.11,0.17,0.33651,-0.27214,-0.25838,0.86368,-0.68,1.1,0.18,0.6547,-0.39402,-0.13359,0.63109,-0.7,1.08,0.18,0.6547,-0.39402,-0.13359,0.63109,-0.81,1.08,0.19
-0.8,1.44,-0.15,-0.8,1.44,-0.15,-0.85,1.09,0.11,0.30615,-0.09635,-0.16495,-0.93262,-0.86,1.06,0.06,0.30615,-0.09635,-0.16495,-0.93262,-0.82,1.07,0.08,0.49234,-0.19273,0.43647,-0.72798,-0.8,1.09,0.1,0.25764,-0.06354,0.39261,-0.88059,-0.79,1.11,0.13,0.16091,-0.05364,0.47887,-0.86135,-0.78,1.11,0.15,0.16091,-0.05364,0.47887,-0.86135,-0.83,1.08,0.09,0.30615,-0.09635,-0.16495,-0.93262,-0.82,1.11,0.13,0.06747,-0.18218,-0.06476,-0.97881,-0.81,1.12,0.17,-0.25104,-0.19635,-0.02914,-0.94741,-0.8,1.11,0.18,-0.41723,-0.17251,-0.00469,-0.89227,-0.8,1.09,0.2,-0.41723,-0.17251,-0.00469,-0.89227,-0.85,1.07,0.09,0.30615,-0.09635,-0.16495,-0.93262,-0.85,1.11,0.13,0.17124,-0.10022,-0.1667,-0.96584,-0.84,1.13,0.17,-0.24677,-0.16331,-0.12231,-0.94735,-0.83,1.12,0.2,-0.4837,-0.18156,-0.14321,-0.84413,-0.82,1.1,0.21,-0.4837,-0.18156,-0.14321,-0.84413,-0.86,1.07,0.09,0.30615,-0.09635,-0.16495,-0.93262,-0.86,1.1,0.14,0.26459,-0.05626,-0.23018,-0.9348,-0.86,1.12,0.17,-0.22501,-0.18529,-0.20836,-0.93361,-0.85,1.11,0.19,-0.50747,-0.26476,-0.16314,-0.80359,-0.84,1.09,0.2,-0.50747,-0.26476,-0.16314,-0.80359,-0.87,1.06,0.1,0.23619,-0.02879,-0.39397,-0.88779,-0.88,1.08,0.14,0.28058,-0.03972,-0.29967,-0.91099,-0.88,1.1,0.16,-0.16856,-0.17219,-0.32205,-0.91554,-0.87,1.1,0.18,-0.45818,-0.3147,-0.24874,-0.7932,-0.86,1.09,0.19,-0.45818,-0.3147,-0.24874,-0.7932,-0.7,1.09,0.12,-0.30229,-0.18885,-0.13829,0.92403,-0.68,1.05,0.07,-0.30229,-0.18885,-0.13829,0.92403,-0.72,1.07,0.09,-0.46325,-0.25746,0.51932,0.67039,-0.75,1.08,0.1,-0.28416,-0.12534,0.48824,0.81558,-0.76,1.09,0.13,-0.23377,-0.1295,0.57284,0.77488,-0.78,1.09,0.15,-0.23377,-0.1295,0.57284,0.77488,-0.71,1.07,0.09,-0.30229,-0.18885,-0.13829,0.92403,-0.73,1.11,0.13,-0.13342,-0.23682,-0.04947,0.96108,-0.74,1.12,0.16,0.25701,-0.24405,0.02223,0.93482,-0.76,1.11,0.18,0.42837,-0.21021,0.05664,0.87698,-0.76,1.09,0.19,0.42837,-0.21021,0.05664,0.87698,-0.7,1.07,0.1,-0.30229,-0.18885,-0.13829,0.92403,-0.71,1.11,0.14,-0.09018,-0.21923,-0.09939,0.9664,-0.72,1.12,0.18,0.26556,-0.2414,-0.02643,0.93301,-0.74,1.11,0.2,0.43679,-0.23252,-0.04198,0.86798,-0.75,1.09,0.21,0.43679,-0.23252,-0.04198,0.86798,-0.68,1.07,0.1,-0.30229,-0.18885,-0.13829,0.92403,-0.69,1.1,0.14,-0.11162,-0.18575,-0.16972,0.96137,-0.7,1.11,0.18,0.3647,-0.26136,-0.09913,0.88818,-0.72,1.1,0.19,0.6059,-0.29823,-0.0465,0.73606,-0.73,1.08,0.2,0.6059,-0.29823,-0.0465,0.73606,-0.67,1.06,0.11,-0.2172,-0.11826,-0.36415,0.89791,-0.68,1.09,0.15,-0.29146,-0.08991,-0.28066,0.91005,-0.68,1.1,0.17,0.34199,-0.25928,-0.24421,0.86959,-0.69,1.09,0.18,0.64429,-0.37386,-0.13602,0.65316,-0.7,1.08,0.18,0.64429,-0.37386,-0.13602,0.65316,-0.81,1.08,0.19
-0.8,1.44,-0.15,-0.8,1.44,-0.15,-0.84,1.1,0.1,0.33262,-0.14795,-0.17315,-0.91515,-0.86,1.06,0.06,0.33262,-0.14795,-0.17315,-0.91515,-0.82,1.08,0.08,0.5341,-0.21716,0.42871,-0.69555,-0.79,1.09,0.09,0.30296,-0.093,0.39353,-0.86296,-0.78,1.11,0.11,0.20174,-0.07385,0.48344,-0.84861,-0.77,1.12,0.13,0.20174,-0.07385,0.48344,-0.84861,-0.83,1.08,0.08,0.33262,-0.14795,-0.17315,-0.91515,-0.82,1.12,0.12,0.07189,-0.23785,-0.04683,-0.96751,-0.8,1.13,0.15,-0.25676,-0.24345,0.00896,-0.93527,-0.79,1.11,0.17,-0.41842,-0.21244,0.04081,-0.88212,-0.78,1.1,0.18,-0.41842,-0.21244,0.04081,-0.88212,-0.84,1.08,0.08,0.33262,-0.14795,-0.17315,-0.91515,-0.84,1.12,0.13,0.18811,-0.15748,-0.16512,-0.95528,-0.83,1.14,0.16,-0.26003,-0.21812,-0.08957,-0.93637,-0.82,1.12,0.18,-0.51777,-0.22647,-0.09392,-0.81964,-0.81,1.1,0.19,-0.51777,-0.22647,-0.09392,-0.81964,-0.86,1.07,0.09,0.33262,-0.14795,-0.17315,-0.91515,-0.86,1.11,0.13,0.27265,-0.11618,-0.2351,-0.92569,-0.85,1.13,0.16,-0.25789,-0.24792,-0.1728,-0.9177,-0.84,1.12,0.18,-0.56112,-0.31375,-0.10207,-0.75913,-0.82,1.1,0.19,-0.56112,-0.31375,-0.10207,-0.75913,-0.87,1.07,0.09,0.2503,-0.08682,-0.40106,-0.87691,-0.87,1.09,0.13,0.29553,-0.09872,-0.3079,-0.89895,-0.87,1.11,0.16,-0.18942,-0.24084,-0.29488,-0.90508,-0.86,1.1,0.17,-0.50321,-0.37544,-0.18852,-0.75517,-0.84,1.09,0.18,-0.50321,-0.37544,-0.18852,-0.75517,-0.7,1.09,0.12,-0.31471,-0.19234,-0.13422,0.91975,-0.68,1.05,0.07,-0.31471,-0.19234,-0.13422,0.91975,-0.72,1.07,0.09,-0.47379,-0.24973,0.5225,0.66344,-0.75,1.08,0.1,-0.29284,-0.11575,0.4903,0.81268,-0.76,1.09,0.13,-0.24575,-0.12195,0.57449,0.77117,-0.77,1.1,0.15,-0.24575,-0.12195,0.57449,0.77117,-0.71,1.07,0.09,-0.31471,-0.19234,-0.13422,0.91975,-0.73,1.11,0.13,-0.12835,-0.23657,-0.04108,0.96222,-0.74,1.12,0.16,0.28181,-0.23976,0.03492,0.92837,-0.75,1.11,0.18,0.45697,-0.20297,0.07047,0.86314,-0.76,1.09,0.19,0.45697,-0.20297,0.07047,0.86314,-0.7,1.07,0.1,-0.31471,-0.19234,-0.13422,0.91975,-0.71,1.11,0.14,-0.10256,-0.2173,-0.09715,0.96583,-0.72,1.12,0.17,0.26441,-0.23921,-0.02233,0.93401,-0.74,1.11,0.19,0.43252,-0.22975,-0.0389,0.87099,-0.75,1.09,0.21,0.43252,-0.22975,-0.0389,0.87099,-0.68,1.07,0.1,-0.31471,-0.19234,-0.13422,0.91975,-0.69,1.1,0.14,-0.1225,-0.18809,-0.16581,0.96027,-0.7,1.11,0.18,0.35537,-0.26205,-0.09423,0.89228,-0.72,1.1,0.19,0.59325,-0.2978,-0.04299,0.74667,-0.73,1.08,0.2,0.59325,-0.2978,-0.04299,0.74667,-0.67,1.07,0.11,-0.22915,-0.12472,-0.361,0.89533,-0.68,1.09,0.15,-0.29688,-0.099,-0.27731,0.90838,-0.68,1.11,0.17,0.33315,-0.26374,-0.23699,0.87366,-0.69,1.1,0.18,0.62858,-0.37388,-0.13204,0.66908,-0.7,1.08,0.18,0.62858,-0.37388,-0.13204,0.66908,-0.81,1.08,0.19
-0.8,1.44,-0.15,-0.8,1.44,-0.15,-0.84,1.09,0.1,0.3238,-0.17458,-0.15735,-0.91647,-0.86,1.06,0.05,0.3238,-0.17458,-0.15735,-0.91647,-0.82,1.07,0.07,0.52824,-0.24992,0.44542,-0.67831,-0.79,1.09,0.08,0.29977,-0.11904,0.4209,-0.84783,-0.78,1.1,0.11,0.19538,-0.09325,0.51192,-0.8313,-0.77,1.11,0.13,0.19538,-0.09325,0.51192,-0.8313,-0.83,1.08,0.07,0.3238,-0.17458,-0.15735,-0.91647,-0.82,1.12,0.11,-0.00026,-0.2661,-0.00022,-0.96395,-0.8,1.12,0.15,-0.34318,-0.25156,0.06746,-0.90244,-0.79,1.1,0.16,-0.49679,-0.20956,0.10239,-0.83594,-0.78,1.08,0.17,-0.49679,-0.20956,0.10239,-0.83594,-0.85,1.07,0.08,0.3238,-0.17458,-0.15735,-0.91647,-0.84,1.12,0.12,0.17645,-0.18095,-0.14525,-0.95657,-0.82,1.13,0.16,-0.28789,-0.23115,-0.05729,-0.92758,-0.81,1.12,0.18,-0.55858,-0.22827,-0.05633,-0.79543,-0.8,1.1,0.18,-0.55858,-0.22827,-0.05633,-0.79543,-0.86,1.07,0.09,0.3238,-0.17458,-0.15735,-0.91647,-0.85,1.1,0.13,0.26394,-0.13967,-0.2184,-0.92905,-0.85,1.13,0.16,-0.2887,-0.2618,-0.14119,-0.91004,-0.83,1.11,0.18,-0.60388,-0.3153,-0.06313,-0.72934,-0.82,1.09,0.18,-0.60388,-0.3153,-0.06313,-0.72934,-0.87,1.07,0.09,0.23845,-0.1103,-0.38431,-0.88503,-0.87,1.09,0.13,0.28729,-0.11856,-0.2929,-0.90422,-0.87,1.11,0.15,-0.22627,-0.25753,-0.26645,-0.90083,-0.85,1.1,0.17,-0.56021,-0.38398,-0.14672,-0.71917,-0.84,1.09,0.17,-0.56021,-0.38398,-0.14672,-0.71917,-0.7,1.09,0.11,-0.33503,-0.18745,-0.13145,0.91397,-0.68,1.06,0.07,-0.33503,-0.18745,-0.13145,0.91397,-0.72,1.07,0.09,-0.48297,-0.23058,0.53015,0.65766,-0.75,1.08,0.1,-0.30118,-0.09392,0.49359,0.81046,-0.76,1.09,0.13,-0.25303,-0.09996,0.5773,0.76987,-0.77,1.1,0.15,-0.25303,-0.09996,0.5773,0.76987,-0.71,1.07,0.09,-0.33503,-0.18745,-0.13145,0.91397,-0.73,1.11,0.13,-0.10903,-0.23019,-0.02876,0.96659,-0.74,1.12,0.16,0.32422,-0.22728,0.04914,0.91696,-0.75,1.11,0.18,0.49854,-0.18731,0.08384,0.84223,-0.76,1.09,0.19,0.49854,-0.18731,0.08384,0.84223,-0.69,1.07,0.09,-0.33503,-0.18745,-0.13145,0.91397,-0.71,1.12,0.13,-0.10401,-0.21246,-0.09206,0.96725,-0.72,1.13,0.17,0.29542,-0.23337,-0.0115,0.92635,-0.73,1.11,0.19,0.46765,-0.22014,-0.02803,0.8556,-0.74,1.09,0.2,0.46765,-0.22014,-0.02803,0.8556,-0.68,1.07,0.1,-0.33503,-0.18745,-0.13145,0.91397,-0.69,1.11,0.14,-0.13201,-0.18538,-0.16271,0.96007,-0.7,1.12,0.17,0.36838,-0.26054,-0.08692,0.88818,-0.71,1.1,0.19,0.60928,-0.29388,-0.0353,0.73564,-0.73,1.08,0.19,0.60928,-0.29388,-0.0353,0.73564,-0.67,1.07,0.11,-0.25033,-0.12496,-0.36006,0.88999,-0.67,1.09,0.14,-0.30704,-0.10047,-0.27587,0.90528,-0.67,1.11,0.17,0.32867,-0.26621,-0.23345,0.87556,-0.69,1.1,0.18,0.62585,-0.37497,-0.12735,0.67193,-0.7,1.09,0.18,0.62585,-0.37497,-0.12735,0.67193,-0.81,1.08,0.19
-0.8,1.44,-0.15,-0.8,1.44,-0.15,-0.84,1.09,0.1,0.30015,-0.1628,-0.17594,-0.92328,-0.86,1.06,0.05,0.30015,-0.1628,-0.17594,-0.92328,-0.82,1.07,0.07,0.50673,-0.2546,0.43452,-0.69971,-0.8,1.09,0.08,0.2794,-0.12776,0.40956,-0.859,-0.78,1.1,0.11,0.17592,-0.10561,0.50143,-0.84052,-0.77,1.11,0.13,0.17592,-0.10561,0.50143,-0.84052,-0.83,1.08,0.07,0.30015,-0.1628,-0.17594,-0.92328,-0.82,1.11,0.12,-0.05072,-0.26529,-0.01398,-0.96273,-0.8,1.11,0.15,-0.40665,-0.25323,0.05906,-0.8758,-0.79,1.09,0.16,-0.5589,-0.21176,0.09746,-0.7958,-0.79,1.07,0.17,-0.5589,-0.21176,0.09746,-0.7958,-0.85,1.07,0.08,0.30015,-0.1628,-0.17594,-0.92328,-0.84,1.11,0.12,0.15012,-0.16889,-0.16615,-0.95986,-0.83,1.13,0.16,-0.30914,-0.22947,-0.08232,-0.91924,-0.82,1.11,0.18,-0.57471,-0.23228,-0.08064,-0.78055,-0.8,1.09,0.19,-0.57471,-0.23228,-0.08064,-0.78055,-0.86,1.07,0.09,0.30015,-0.1628,-0.17594,-0.92328,-0.86,1.1,0.13,0.24223,-0.12187,-0.23805,-0.93263,-0.85,1.12,0.16,-0.30342,-0.25601,-0.16898,-0.90213,-0.84,1.11,0.18,-0.61106,-0.31941,-0.09229,-0.71838,-0.82,1.09,0.18,-0.61106,-0.31941,-0.09229,-0.71838,-0.87,1.06,0.09,0.21526,-0.09338,-0.40062,-0.88569,-0.87,1.08,0.13,0.26463,-0.09338,-0.31171,-0.90779,-0.87,1.1,0.16,-0.25035,-0.24505,-0.29424,-0.88921,-0.86,1.09,0.17,-0.57486,-0.38313,-0.17893,-0.70052,-0.84,1.08,0.17,-0.57486,-0.38313,-0.17893,-0.70052,-0.7,1.09,0.11,-0.33592,-0.17681,-0.11858,0.91752,-0.68,1.06,0.07,-0.33592,-0.17681,-0.11858,0.91752,-0.72,1.07,0.09,-0.47076,-0.224,0.54598,0.65584,-0.74,1.08,0.1,-0.28957,-0.08155,0.50811,0.80705,-0.76,1.09,0.13,-0.23859,-0.08709,0.59044,0.76608,-0.77,1.1,0.15,-0.23859,-0.08709,0.59044,0.76608,-0.71,1.07,0.09,-0.33592,-0.17681,-0.11858,0.91752,-0.72,1.11,0.13,-0.07914,-0.21773,-0.01094,0.97273,-0.74,1.12,0.16,0.36357,-0.20697,0.06184,0.90618,-0.75,1.1,0.18,0.53363,-0.16458,0.09324,0.82429,-0.75,1.08,0.18,0.53363,-0.16458,0.09324,0.82429,-0.69,1.07,0.09,-0.33592,-0.17681,-0.11858,0.91752,-0.7,1.11,0.13,-0.08239,-0.20138,-0.07717,0.97299,-0.72,1.12,0.17,0.33769,-0.21696,0.00235,0.91591,-0.73,1.11,0.19,0.51881,-0.19847,-0.01529,0.83139,-0.74,1.09,0.2,0.51881,-0.19847,-0.01529,0.83139,-0.68,1.07,0.1,-0.33592,-0.17681,-0.11858,0.91752,-0.69,1.11,0.14,-0.13324,-0.17181,-0.15273,0.96406,-0.7,1.12,0.17,0.37914,-0.24479,-0.0826,0.88854,-0.71,1.1,0.19,0.62496,-0.2773,-0.0344,0.72893,-0.72,1.08,0.19,0.62496,-0.2773,-0.0344,0.72893,-0.67,1.07,0.1,-0.25513,-0.11411,-0.34866,0.89461,-0.67,1.09,0.14,-0.31592,-0.08666,-0.26412,0.90715,-0.67,1.11,0.17,0.32286,-0.2492,-0.23271,0.8829,-0.68,1.1,0.18,0.62436,-0.35944,-0.13239,0.68077,-0.7,1.09,0.18,0.62436,-0.35944,-0.13239,0.68077,-0.81,1.08,0.19
