-0.8,1.44,-0.15,-0.8,1.44,-0.15,-0.85,1.1,0.11,0.3499,-0.07988,-0.13092,-0.92415,-0.86,1.06,0.06,0.3499,-0.07988,-0.13092,-0.92415,-0.82,1.08,0.08,0.44351,-0.16613,0.54032,-0.69553,-0.8,1.09,0.1,0.23253,-0.00833,0.48789,-0.84132,-0.79,1.1,0.13,0.13769,0.00454,0.56461,-0.81378,-0.79,1.11,0.15,0.13769,0.00454,0.56461,-0.81378,-0.83,1.08,0.08,0.3499,-0.07988,-0.13092,-0.92415,-0.83,1.12,0.13,0.06199,-0.13023,-0.044,-0.98857,-0.82,1.13,0.16,-0.3891,-0.14273,-0.00602,-0.91005,-0.81,1.11,0.18,-0.56725,-0.11412,0.01599,-0.81545,-0.81,1.09,0.19,-0.56725,-0.11412,0.01599,-0.81545,-0.85,1.08,0.09,0.3499,-0.07988,-0.13092,-0.92415,-0.85,1.12,0.13,0.07879,-0.10121,-0.12068,-0.98437,-0.84,1.13,0.17,-0.42454,-0.15078,-0.06658,-0.89028,-0.83,1.11,0.18,-0.67095,-0.14417,-0.08764,-0.72205,-0.83,1.08,0.19,-0.67095,-0.14417,-0.08764,-0.72205,-0.87,1.07,0.09,0.3499,-0.07988,-0.13092,-0.92415,-0.87,1.11,0.13,0.16175,-0.07335,-0.18814,-0.96595,-0.86,1.12,0.17,-0.37422,-0.18314,-0.15852,-0.89515,-0.85,1.11,0.18,-0.65472,-0.24444,-0.11591,-0.7058,-0.84,1.09,0.18,-0.65472,-0.24444,-0.11591,-0.7058,-0.87,1.07,0.09,0.28689,-0.02247,-0.36571,-0.88512,-0.88,1.09,0.13,0.21628,-0.05439,-0.27246,-0.93596,-0.88,1.11,0.16,-0.28139,-0.18106,-0.28537,-0.89811,-0.87,1.1,0.17,-0.55231,-0.30793,-0.21917,-0.74303,-0.86,1.08,0.18,-0.55231,-0.30793,-0.21917,-0.74303,-0.7,1.09,0.12,-0.3665,-0.18067,-0.11192,0.90582,-0.68,1.05,0.07,-0.3665,-0.18067,-0.11192,0.90582,-0.72,1.06,0.1,-0.43978,-0.21314,0.60487,0.62873,-0.75,1.07,0.11,-0.25656,-0.04414,0.56737,0.78123,-0.76,1.08,0.14,-0.14428,-0.00214,0.64137,0.75354,-0.76,1.09,0.17,-0.14428,-0.00214,0.64137,0.75354,-0.71,1.07,0.1,-0.3665,-0.18067,-0.11192,0.90582,-0.73,1.11,0.13,0.00534,-0.22683,0.03741,0.9732,-0.74,1.11,0.17,0.34274,-0.20226,0.08711,0.91326,-0.75,1.09,0.18,0.452,-0.16255,0.10364,0.87094,-0.75,1.08,0.19,0.452,-0.16255,0.10364,0.87094,-0.69,1.07,0.1,-0.3665,-0.18067,-0.11192,0.90582,-0.71,1.11,0.14,-0.05765,-0.20604,-0.0584,0.9751,-0.72,1.12,0.18,0.38433,-0.21232,0.02672,0.89805,-0.73,1.1,0.19,0.61141,-0.18197,0.01514,0.76996,-0.74,1.08,0.2,0.61141,-0.18197,0.01514,0.76996,-0.68,1.07,0.11,-0.3665,-0.18067,-0.11192,0.90582,-0.69,1.1,0.14,-0.14111,-0.17787,-0.14303,0.96333,-0.7,1.11,0.18,0.41911,-0.24837,-0.05906,0.8713,-0.71,1.1,0.19,0.70537,-0.2694,0.00286,0.65564,-0.72,1.07,0.19,0.70537,-0.2694,0.00286,0.65564,-0.67,1.06,0.11,-0.28509,-0.1257,-0.34401,0.88577,-0.67,1.09,0.15,-0.25889,-0.1377,-0.24838,0.92321,-0.68,1.11,0.17,0.36758,-0.27163,-0.19344,0.86815,-0.69,1.1,0.18,0.68844,-0.36669,-0.07583,0.62116,-0.7,1.08,0.18,0.68844,-0.36669,-0.07583,0.62116,-0.81,1.08,0.19
-0.8,1.44,-0.15,-0.8,1.44,-0.15,-0.85,1.1,0.11,0.33294,-0.07899,-0.17489,-0.92321,-0.86,1.06,0.06,0.33294,-0.07899,-0.17489,-0.92321,-0.82,1.08,0.08,0.44682,-0.17057,0.5002,-0.72184,-0.8,1.09,0.1,0.22614,-0.02331,0.44866,-0.8643,-0.79,1.1,0.13,0.12324,-0.00932,0.52774,-0.84037,-0.79,1.11,0.16,0.12324,-0.00932,0.52774,-0.84037,-0.83,1.08,0.09,0.33294,-0.07899,-0.17489,-0.92321,-0.83,1.12,0.13,0.01398,-0.14188,-0.08408,-0.98621,-0.82,1.12,0.16,-0.4444,-0.17038,-0.03425,-0.87881,-0.81,1.1,0.18,-0.61564,-0.14662,-0.00442,-0.77426,-0.81,1.08,0.18,-0.61564,-0.14662,-0.00442,-0.77426,-0.85,1.08,0.09,0.33294,-0.07899,-0.17489,-0.92321,-0.85,1.12,0.13,0.02845,-0.11883,-0.15803,-0.97985,-0.84,1.12,0.17,-0.49752,-0.18721,-0.08337,-0.8429,-0.83,1.1,0.18,-0.74785,-0.1786,-0.08756,-0.63338,-0.82,1.08,0.18,-0.74785,-0.1786,-0.08756,-0.63338,-0.87,1.07,0.09,0.33294,-0.07899,-0.17489,-0.92321,-0.87,1.11,0.13,0.10503,-0.09033,-0.22579,-0.96428,-0.86,1.12,0.17,-0.46124,-0.22284,-0.17296,-0.84124,-0.85,1.1,0.18,-0.73952,-0.28522,-0.1096,-0.59979,-0.84,1.08,0.18,-0.73952,-0.28522,-0.1096,-0.59979,-0.87,1.07,0.09,0.2645,-0.01904,-0.40572,-0.87468,-0.88,1.09,0.13,0.17391,-0.06773,-0.31222,-0.9315,-0.88,1.1,0.16,-0.35867,-0.22276,-0.30388,-0.85405,-0.87,1.09,0.17,-0.63937,-0.35995,-0.21179,-0.64559,-0.85,1.08,0.17,-0.63937,-0.35995,-0.21179,-0.64559,-0.7,1.09,0.12,-0.38107,-0.17925,-0.12117,0.89887,-0.68,1.05,0.07,-0.38107,-0.17925,-0.12117,0.89887,-0.72,1.06,0.1,-0.45179,-0.19814,0.59961,0.63016,-0.75,1.07,0.11,-0.26973,-0.03297,0.55741,0.78451,-0.76,1.09,0.14,-0.15719,0.00823,0.63131,0.75939,-0.76,1.09,0.16,-0.15719,0.00823,0.63131,0.75939,-0.71,1.07,0.1,-0.38107,-0.17925,-0.12117,0.89887,-0.73,1.11,0.13,-0.00866,-0.22663,0.02789,0.97354,-0.74,1.11,0.16,0.33578,-0.20516,0.07949,0.91589,-0.75,1.1,0.18,0.44604,-0.16637,0.09631,0.87413,-0.75,1.08,0.19,0.44604,-0.16637,0.09631,0.87413,-0.69,1.07,0.1,-0.38107,-0.17925,-0.12117,0.89887,-0.7,1.12,0.13,-0.06707,-0.20877,-0.06574,0.97345,-0.72,1.12,0.17,0.38024,-0.21802,0.0226,0.89854,-0.73,1.1,0.19,0.61216,-0.18838,0.01322,0.76785,-0.74,1.08,0.19,0.61216,-0.18838,0.01322,0.76785,-0.68,1.07,0.11,-0.38107,-0.17925,-0.12117,0.89887,-0.69,1.11,0.14,-0.15049,-0.1821,-0.15053,0.95996,-0.7,1.12,0.17,0.41428,-0.25666,-0.06139,0.87105,-0.71,1.1,0.19,0.70411,-0.27779,0.00488,0.65349,-0.72,1.08,0.19,0.70411,-0.27779,0.00488,0.65349,-0.67,1.06,0.11,-0.29831,-0.12849,-0.3536,0.87719,-0.67,1.09,0.15,-0.2705,-0.14308,-0.25688,0.91672,-0.68,1.11,0.17,0.35862,-0.28282,-0.19548,0.86787,-0.69,1.1,0.18,0.68355,-0.37788,-0.0707,0.62045,-0.7,1.08,0.18,0.68355,-0.37788,-0.0707,0.62045,-0.81,1.08,0.19
-0.8,1.44,-0.15,-0.8,1.44,-0.15,-0.85,1.1,0.11,0.3151,-0.06744,-0.21236,-0.92253,-0.86,1.06,0.06,0.3151,-0.06744,-0.21236,-0.92253,-0.83,1.08,0.09,0.44187,-0.16765,0.46509,-0.74855,-0.8,1.1,0.11,0.21711,-0.03133,0.41194,-0.88441,-0.8,1.11,0.14,0.10182,-0.01504,0.49239,-0.86427,-0.79,1.11,0.16,0.10182,-0.01504,0.49239,-0.86427,-0.84,1.08,0.09,0.3151,-0.06744,-0.21236,-0.92253,-0.84,1.12,0.13,-0.02328,-0.14453,-0.1218,-0.9817,-0.82,1.12,0.17,-0.48554,-0.18991,-0.06429,-0.85091,-0.82,1.1,0.18,-0.65061,-0.17166,-0.0287,-0.7392,-0.81,1.08,0.18,-0.65061,-0.17166,-0.0287,-0.7392,-0.85,1.08,0.09,0.3151,-0.06744,-0.21236,-0.92253,-0.86,1.12,0.14,0.00792,-0.11649,-0.19879,-0.97306,-0.85,1.12,0.18,-0.57871,-0.21577,-0.1015,-0.7799,-0.84,1.1,0.18,-0.85015,-0.20507,-0.07966,-0.47837,-0.83,1.08,0.17,-0.85015,-0.20507,-0.07966,-0.47837,-0.87,1.07,0.09,0.3151,-0.06744,-0.21236,-0.92253,-0.87,1.1,0.14,0.07212,-0.08931,-0.26293,-0.95796,-0.87,1.11,0.17,-0.568,-0.26067,-0.17963,-0.75971,-0.85,1.09,0.18,-0.85122,-0.32055,-0.0775,-0.40825,-0.84,1.07,0.17,-0.85122,-0.32055,-0.0775,-0.40825,-0.88,1.07,0.1,0.24437,-0.00494,-0.43956,-0.86432,-0.88,1.09,0.14,0.13431,-0.06715,-0.34841,-0.92524,-0.88,1.09,0.17,-0.47386,-0.26997,-0.3109,-0.77841,-0.87,1.08,0.17,-0.7687,-0.41847,-0.16661,-0.45412,-0.86,1.07,0.16,-0.7687,-0.41847,-0.16661,-0.45412,-0.7,1.1,0.11,-0.40455,-0.18104,-0.15127,0.88356,-0.68,1.05,0.07,-0.40455,-0.18104,-0.15127,0.88356,-0.72,1.07,0.09,-0.46917,-0.16993,0.58622,0.63824,-0.74,1.08,0.11,-0.28429,-0.00963,0.53554,0.79516,-0.75,1.1,0.14,-0.16492,0.0333,0.60816,0.77578,-0.76,1.1,0.16,-0.16492,0.0333,0.60816,0.77578,-0.71,1.07,0.09,-0.40455,-0.18104,-0.15127,0.88356,-0.72,1.12,0.12,-0.02065,-0.22963,-0.00371,0.97305,-0.74,1.12,0.16,0.37449,-0.21614,0.06306,0.89948,-0.75,1.1,0.17,0.4961,-0.17786,0.08557,0.84553,-0.75,1.09,0.18,0.4961,-0.17786,0.08557,0.84553,-0.69,1.07,0.1,-0.40455,-0.18104,-0.15127,0.88356,-0.7,1.12,0.13,-0.0524,-0.22288,-0.08515,0.96971,-0.72,1.13,0.17,0.41954,-0.23864,0.01908,0.8756,-0.73,1.11,0.18,0.65821,-0.20492,0.01853,0.72418,-0.74,1.08,0.18,0.65821,-0.20492,0.01853,0.72418,-0.68,1.07,0.1,-0.40455,-0.18104,-0.15127,0.88356,-0.69,1.11,0.14,-0.13178,-0.20127,-0.16975,0.95567,-0.7,1.12,0.17,0.44537,-0.28351,-0.06143,0.84705,-0.71,1.1,0.18,0.73319,-0.30055,0.01741,0.60975,-0.72,1.08,0.18,0.73319,-0.30055,0.01741,0.60975,-0.67,1.07,0.11,-0.31673,-0.13778,-0.38283,0.85682,-0.67,1.1,0.14,-0.26911,-0.16181,-0.28279,0.90632,-0.67,1.11,0.17,0.36894,-0.31627,-0.19929,0.85096,-0.69,1.1,0.18,0.69221,-0.40932,-0.05624,0.59172,-0.7,1.09,0.17,0.69221,-0.40932,-0.05624,0.59172,-0.81,1.08,0.19
-0.8,1.44,-0.15,-0.8,1.44,-0.15,-0.86,1.1,0.11,0.31244,-0.05471,-0.21534,-0.92359,-0.86,1.06,0.06,0.31244,-0.05471,-0.21534,-0.92359,-0.83,1.08,0.09,0.43517,-0.16394,0.46294,-0.75461,-0.81,1.1,0.11,0.21113,-0.02851,0.40845,-0.88757,-0.8,1.11,0.14,0.09895,-0.01515,0.48881,-0.86663,-0.79,1.11,0.16,0.09895,-0.01515,0.48881,-0.86663,-0.84,1.08,0.09,0.31244,-0.05471,-0.21534,-0.92359,-0.84,1.12,0.13,-0.02332,-0.13721,-0.12679,-0.98212,-0.83,1.12,0.17,-0.46114,-0.18365,-0.07746,-0.86465,-0.82,1.1,0.18,-0.62209,-0.1677,-0.04546,-0.76342,-0.81,1.08,0.19,-0.62209,-0.1677,-0.04546,-0.76342,-0.85,1.08,0.09,0.31244,-0.05471,-0.21534,-0.92359,-0.86,1.12,0.14,0.06667,-0.09008,-0.21327,-0.97054,-0.85,1.12,0.18,-0.49613,-0.19871,-0.13688,-0.83404,-0.84,1.1,0.19,-0.7793,-0.20943,-0.1254,-0.57715,-0.83,1.08,0.18,-0.7793,-0.20943,-0.1254,-0.57715,-0.87,1.07,0.09,0.31244,-0.05471,-0.21534,-0.92359,-0.87,1.1,0.14,0.13197,-0.05609,-0.27547,-0.95055,-0.87,1.11,0.17,-0.48004,-0.23697,-0.21927,-0.81567,-0.86,1.1,0.19,-0.78095,-0.31925,-0.13064,-0.5207,-0.84,1.08,0.18,-0.78095,-0.31925,-0.13064,-0.5207,-0.88,1.07,0.1,0.24399,0.00802,-0.44253,-0.86289,-0.89,1.08,0.14,0.15923,-0.04241,-0.35413,-0.92056,-0.89,1.09,0.17,-0.41295,-0.24207,-0.34005,-0.80947,-0.87,1.08,0.18,-0.71195,-0.40339,-0.21427,-0.53338,-0.86,1.07,0.17,-0.71195,-0.40339,-0.21427,-0.53338,-0.7,1.1,0.11,-0.43182,-0.18528,-0.1663,0.86692,-0.68,1.05,0.07,-0.43182,-0.18528,-0.1663,0.86692,-0.72,1.07,0.09,-0.48673,-0.14645,0.58232,0.63447,-0.74,1.08,0.11,-0.29622,0.01539,0.52523,0.79759,-0.75,1.1,0.14,-0.15823,0.07019,0.59313,0.78628,-0.75,1.11,0.16,-0.15823,0.07019,0.59313,0.78628,-0.71,1.07,0.09,-0.43182,-0.18528,-0.1663,0.86692,-0.72,1.12,0.12,-0.03186,-0.22648,-0.02407,0.9732,-0.74,1.13,0.15,0.42052,-0.21853,0.05722,0.87871,-0.74,1.11,0.16,0.56966,-0.17793,0.08904,0.79743,-0.75,1.09,0.17,0.56966,-0.17793,0.08904,0.79743,-0.69,1.07,0.1,-0.43182,-0.18528,-0.1663,0.86692,-0.7,1.12,0.13,-0.06138,-0.23264,-0.09446,0.96602,-0.72,1.13,0.16,0.42079,-0.25155,0.0187,0.87138,-0.73,1.11,0.18,0.66217,-0.21692,0.02256,0.71692,-0.74,1.09,0.18,0.66217,-0.21692,0.02256,0.71692,-0.68,1.07,0.1,-0.43182,-0.18528,-0.1663,0.86692,-0.68,1.11,0.13,-0.1329,-0.21738,-0.17633,0.95079,-0.7,1.13,0.17,0.44192,-0.30041,-0.05745,0.8433,-0.71,1.11,0.18,0.7291,-0.3147,0.02759,0.60714,-0.72,1.09,0.17,0.7291,-0.3147,0.02759,0.60714,-0.67,1.07,0.11,-0.34044,-0.15014,-0.39768,0.83869,-0.67,1.1,0.14,-0.26161,-0.18758,-0.29065,0.90105,-0.68,1.12,0.16,0.37197,-0.34029,-0.18955,0.84257,-0.69,1.11,0.17,0.68976,-0.42631,-0.03846,0.58397,-0.7,1.09,0.17,0.68976,-0.42631,-0.03846,0.58397,-0.81,1.08,0.19
-0.8,1.45,-0.15,-0.8,1.45,-0.15,-0.86,1.1,0.11,0.32023,-0.03944,-0.14612,-0.93517,-0.86,1.06,0.06,0.32023,-0.03944,-0.14612,-0.93517,-0.83,1.08,0.09,0.41438,-0.16351,0.52075,-0.72827,-0.8,1.09,0.11,0.20385,-0.01281,0.46638,-0.86068,-0.8,1.1,0.14,0.0991,0.0015,0.54283,-0.83398,-0.79,1.11,0.16,0.0991,0.0015,0.54283,-0.83398,-0.84,1.08,0.09,0.32023,-0.03944,-0.14612,-0.93517,-0.84,1.12,0.14,-0.00709,-0.10173,-0.0656,-0.99262,-0.83,1.12,0.17,-0.41013,-0.12318,-0.04441,-0.90258,-0.82,1.1,0.19,-0.56801,-0.10164,-0.02773,-0.81625,-0.82,1.08,0.2,-0.56801,-0.10164,-0.02773,-0.81625,-0.85,1.08,0.09,0.32023,-0.03944,-0.14612,-0.93517,-0.86,1.12,0.14,0.12622,-0.05025,-0.15328,-0.9788,-0.85,1.13,0.18,-0.32058,-0.11558,-0.12771,-0.93143,-0.85,1.11,0.2,-0.54504,-0.13135,-0.16018,-0.81242,-0.84,1.09,0.21,-0.54504,-0.13135,-0.16018,-0.81242,-0.87,1.07,0.09,0.32023,-0.03944,-0.14612,-0.93517,-0.87,1.1,0.14,0.20503,-0.01261,-0.2143,-0.95492,-0.88,1.12,0.17,-0.27493,-0.13496,-0.21875,-0.92647,-0.87,1.11,0.19,-0.53105,-0.21543,-0.19424,-0.79615,-0.85,1.09,0.2,-0.53105,-0.21543,-0.19424,-0.79615,-0.88,1.07,0.1,0.2642,0.02409,-0.37928,-0.88643,-0.89,1.09,0.14,0.2242,0.00374,-0.29047,-0.93024,-0.89,1.1,0.16,-0.23649,-0.12924,-0.33248,-0.90379,-0.88,1.09,0.18,-0.47474,-0.26349,-0.2892,-0.78839,-0.87,1.08,0.19,-0.47474,-0.26349,-0.2892,-0.78839,-0.7,1.1,0.11,-0.43104,-0.18633,-0.1503,0.87,-0.68,1.05,0.07,-0.43104,-0.18633,-0.1503,0.87,-0.72,1.07,0.09,-0.47497,-0.15386,0.60088,0.62424,-0.74,1.08,0.11,-0.27886,0.02079,0.54681,0.78918,-0.75,1.1,0.14,-0.1247,0.08999,0.60909,0.77805,-0.75,1.1,0.16,-0.1247,0.08999,0.60909,0.77805,-0.71,1.07,0.09,-0.43104,-0.18633,-0.1503,0.87,-0.72,1.12,0.12,-0.02484,-0.21368,-0.01636,0.97645,-0.74,1.12,0.15,0.44985,-0.20196,0.06326,0.86767,-0.75,1.1,0.17,0.61579,-0.15822,0.09742,0.76568,-0.75,1.08,0.17,0.61579,-0.15822,0.09742,0.76568,-0.69,1.07,0.1,-0.43104,-0.18633,-0.1503,0.87,-0.7,1.12,0.13,-0.05088,-0.22794,-0.07741,0.96926,-0.72,1.13,0.16,0.42505,-0.23923,0.02948,0.87249,-0.73,1.11,0.18,0.66209,-0.20232,0.02869,0.72103,-0.74,1.08,0.18,0.66209,-0.20232,0.02869,0.72103,-0.68,1.07,0.1,-0.43104,-0.18633,-0.1503,0.87,-0.69,1.11,0.13,-0.12176,-0.21718,-0.15674,0.95574,-0.7,1.12,0.17,0.43555,-0.28789,-0.04781,0.85155,-0.71,1.11,0.18,0.72034,-0.30066,0.02953,0.62437,-0.72,1.08,0.18,0.72034,-0.30066,0.02953,0.62437,-0.67,1.07,0.11,-0.34167,-0.15027,-0.3827,0.84512,-0.67,1.1,0.14,-0.24435,-0.19653,-0.26958,0.91049,-0.68,1.11,0.17,0.37904,-0.3304,-0.17258,0.84699,-0.69,1.1,0.17,0.6921,-0.4103,-0.03196,0.59298,-0.7,1.09,0.17,0.6921,-0.4103,-0.03196,0.59298,-0.81,1.08,0.19
-0.8,1.45,-0.15,-0.8,1.45,-0.15,-0.85,1.09,0.11,0.31421,-0.04908,-0.11598,-0.94096,-0.86,1.06,0.06,0.31421,-0.04908,-0.11598,-0.94096,-0.82,1.07,0.09,0.41766,-0.17786,0.53177,-0.71495,-0.8,1.09,0.11,0.20697,-0.02255,0.48212,-0.85101,-0.79,1.1,0.14,0.11055,-0.01096,0.55928,-0.8215,-0.79,1.1,0.16,0.11055,-0.01096,0.55928,-0.8215,-0.83,1.08,0.09,0.31421,-0.04908,-0.11598,-0.94096,-0.83,1.12,0.14,0.02342,-0.09479,-0.04234,-0.99432,-0.82,1.12,0.17,-0.34708,-0.10711,-0.03011,-0.93121,-0.82,1.1,0.19,-0.50393,-0.08347,-0.01925,-0.85949,-0.81,1.08,0.2,-0.50393,-0.08347,-0.01925,-0.85949,-0.85,1.07,0.09,0.31421,-0.04908,-0.11598,-0.94096,-0.85,1.11,0.14,0.10356,-0.05648,-0.12031,-0.9857,-0.85,1.12,0.18,-0.27135,-0.09865,-0.10328,-0.95183,-0.84,1.11,0.2,-0.42886,-0.10438,-0.14356,-0.88576,-0.83,1.09,0.22,-0.42886,-0.10438,-0.14356,-0.88576,-0.87,1.07,0.09,0.31421,-0.04908,-0.11598,-0.94096,-0.87,1.1,0.14,0.18855,-0.02178,-0.18246,-0.96472,-0.87,1.12,0.17,-0.21442,-0.11136,-0.19547,-0.95048,-0.86,1.11,0.19,-0.41037,-0.17589,-0.187,-0.87504,-0.85,1.09,0.21,-0.41037,-0.17589,-0.187,-0.87504,-0.88,1.07,0.1,0.2605,0.01737,-0.35029,-0.89952,-0.88,1.09,0.13,0.22257,-0.00281,-0.25963,-0.93971,-0.89,1.1,0.16,-0.17088,-0.09772,-0.30807,-0.93077,-0.88,1.1,0.18,-0.33255,-0.20036,-0.28992,-0.87477,-0.87,1.09,0.2,-0.33255,-0.20036,-0.28992,-0.87477,-0.7,1.09,0.11,-0.40351,-0.18947,-0.14088,0.88399,-0.68,1.05,0.07,-0.40351,-0.18947,-0.14088,0.88399,-0.72,1.07,0.1,-0.45376,-0.18209,0.60767,0.62584,-0.75,1.08,0.11,-0.25781,-0.00341,0.56232,0.7857,-0.76,1.09,0.14,-0.10765,0.06553,0.62718,0.76861,-0.76,1.1,0.16,-0.10765,0.06553,0.62718,0.76861,-0.71,1.07,0.09,-0.40351,-0.18947,-0.14088,0.88399,-0.73,1.12,0.12,-0.00165,-0.21266,-0.00893,0.97708,-0.74,1.12,0.16,0.46331,-0.19751,0.06747,0.86127,-0.75,1.1,0.17,0.62468,-0.15326,0.10043,0.75908,-0.75,1.08,0.17,0.62468,-0.15326,0.10043,0.75908,-0.69,1.07,0.1,-0.40351,-0.18947,-0.14088,0.88399,-0.7,1.12,0.13,-0.02818,-0.22582,-0.06972,0.97126,-0.72,1.12,0.17,0.42333,-0.23423,0.02911,0.87469,-0.73,1.1,0.18,0.64488,-0.19964,0.02415,0.73736,-0.74,1.08,0.19,0.64488,-0.19964,0.02415,0.73736,-0.68,1.07,0.1,-0.40351,-0.18947,-0.14088,0.88399,-0.69,1.11,0.14,-0.09645,-0.2155,-0.14675,0.96059,-0.7,1.12,0.17,0.42971,-0.27872,-0.05007,0.85741,-0.72,1.1,0.18,0.6997,-0.29518,0.01782,0.65036,-0.73,1.08,0.18,0.6997,-0.29518,0.01782,0.65036,-0.67,1.07,0.11,-0.31543,-0.14547,-0.37256,0.86055,-0.67,1.09,0.14,-0.21867,-0.19635,-0.25803,0.92035,-0.68,1.11,0.17,0.37982,-0.31655,-0.1724,0.85195,-0.69,1.1,0.18,0.67765,-0.39759,-0.04789,0.61678,-0.71,1.08,0.17,0.67765,-0.39759,-0.04789,0.61678,-0.81,1.08,0.19
-0.8,1.44,-0.15,-0.8,1.44,-0.15,-0.85,1.09,0.11,0.31054,-0.05077,-0.1102,-0.94278,-0.86,1.06,0.06,0.31054,-0.05077,-0.1102,-0.94278,-0.82,1.07,0.09,0.42255,-0.17719,0.52757,-0.71535,-0.8,1.09,0.11,0.20666,-0.02073,0.47812,-0.85338,-0.79,1.1,0.14,0.11032,-0.00978,0.55534,-0.82421,-0.79,1.1,0.16,0.11032,-0.00978,0.55534,-0.82421,-0.83,1.08,0.09,0.31054,-0.05077,-0.1102,-0.94278,-0.83,1.11,0.13,0.03209,-0.08545,-0.04365,-0.99487,-0.82,1.12,0.17,-0.32881,-0.09874,-0.03586,-0.93853,-0.82,1.1,0.19,-0.48302,-0.07618,-0.02734,-0.87186,-0.81,1.08,0.2,-0.48302,-0.07618,-0.02734,-0.87186,-0.85,1.07,0.09,0.31054,-0.05077,-0.1102,-0.94278,-0.85,1.11,0.13,0.05942,-0.06238,-0.11105,-0.99007,-0.85,1.12,0.18,-0.29681,-0.09842,-0.09432,-0.94516,-0.84,1.1,0.2,-0.43321,-0.09911,-0.13487,-0.88561,-0.83,1.09,0.21,-0.43321,-0.09911,-0.13487,-0.88561,-0.87,1.07,0.09,0.31054,-0.05077,-0.1102,-0.94278,-0.87,1.1,0.13,0.15022,-0.03131,-0.17405,-0.97271,-0.87,1.11,0.17,-0.22879,-0.11058,-0.18705,-0.94892,-0.86,1.1,0.19,-0.40224,-0.16935,-0.18193,-0.88115,-0.85,1.09,0.21,-0.40224,-0.16935,-0.18193,-0.88115,-0.87,1.07,0.09,0.25738,0.01685,-0.34452,-0.90265,-0.88,1.09,0.13,0.21514,-0.00712,-0.25311,-0.94319,-0.89,1.1,0.16,-0.15598,-0.09124,-0.30177,-0.9361,-0.88,1.09,0.18,-0.29005,-0.18414,-0.2891,-0.89352,-0.87,1.09,0.2,-0.29005,-0.18414,-0.2891,-0.89352,-0.7,1.09,0.12,-0.36398,-0.20105,-0.13888,0.89878,-0.68,1.05,0.07,-0.36398,-0.20105,-0.13888,0.89878,-0.72,1.06,0.1,-0.43738,-0.22645,0.60075,0.6297,-0.75,1.07,0.11,-0.24457,-0.05165,0.56826,0.78396,-0.76,1.08,0.14,-0.11532,0.00391,0.6413,0.75857,-0.76,1.09,0.16,-0.11532,0.00391,0.6413,0.75857,-0.71,1.07,0.1,-0.36398,-0.20105,-0.13888,0.89878,-0.73,1.11,0.13,-0.03316,-0.22396,-0.02008,0.97383,-0.75,1.12,0.16,0.38345,-0.21672,0.05077,0.89634,-0.75,1.1,0.18,0.54344,-0.1769,0.08291,0.8164,-0.76,1.08,0.18,0.54344,-0.1769,0.08291,0.8164,-0.7,1.07,0.1,-0.36398,-0.20105,-0.13888,0.89878,-0.71,1.11,0.14,-0.0274,-0.23181,-0.07385,0.96957,-0.73,1.12,0.17,0.38768,-0.24242,0.0185,0.88915,-0.74,1.1,0.19,0.59199,-0.21482,0.01141,0.77671,-0.75,1.08,0.19,0.59199,-0.21482,0.01141,0.77671,-0.68,1.07,0.11,-0.36398,-0.20105,-0.13888,0.89878,-0.69,1.1,0.14,-0.08433,-0.21757,-0.14857,0.96098,-0.71,1.11,0.18,0.41211,-0.27946,-0.05924,0.86519,-0.72,1.1,0.19,0.66579,-0.30122,0.00273,0.68263,-0.73,1.07,0.19,0.66579,-0.30122,0.00273,0.68263,-0.67,1.06,0.11,-0.27477,-0.14639,-0.36792,0.87619,-0.68,1.09,0.15,-0.19873,-0.19388,-0.2573,0.92559,-0.68,1.1,0.17,0.37838,-0.30867,-0.17989,0.85393,-0.7,1.09,0.18,0.65885,-0.39252,-0.06792,0.63814,-0.71,1.08,0.18,0.65885,-0.39252,-0.06792,0.63814,-0.81,1.08,0.19
-0.8,1.45,-0.15,-0.8,1.45,-0.15,-0.85,1.09,0.11,0.31564,-0.04838,-0.13677,-0.93772,-0.86,1.06,0.06,0.31564,-0.04838,-0.13677,-0.93772,-0.82,1.07,0.09,0.43729,-0.1612,0.50292,-0.72791,-0.8,1.09,0.11,0.21565,-0.01228,0.44852,-0.86728,-0.79,1.1,0.14,0.11544,-0.0017,0.52659,-0.84224,-0.79,1.11,0.16,0.11544,-0.0017,0.52659,-0.84224,-0.83,1.08,0.09,0.31564,-0.04838,-0.13677,-0.93772,-0.83,1.11,0.13,0.03977,-0.08309,-0.07463,-0.99295,-0.82,1.12,0.17,-0.31943,-0.10775,-0.0657,-0.93917,-0.82,1.1,0.19,-0.47191,-0.08997,-0.05582,-0.87527,-0.81,1.09,0.2,-0.47191,-0.08997,-0.05582,-0.87527,-0.85,1.07,0.09,0.31564,-0.04838,-0.13677,-0.93772,-0.85,1.11,0.13,0.03434,-0.07204,-0.13452,-0.98769,-0.85,1.12,0.17,-0.32771,-0.11644,-0.11181,-0.93088,-0.84,1.1,0.2,-0.47152,-0.11861,-0.14859,-0.86111,-0.83,1.08,0.21,-0.47152,-0.11861,-0.14859,-0.86111,-0.87,1.07,0.09,0.31564,-0.04838,-0.13677,-0.93772,-0.87,1.1,0.13,0.13046,-0.04052,-0.19858,-0.97052,-0.87,1.11,0.17,-0.25483,-0.12935,-0.20538,-0.93603,-0.86,1.1,0.19,-0.43362,-0.19215,-0.19568,-0.85835,-0.85,1.09,0.21,-0.43362,-0.19215,-0.19568,-0.85835,-0.87,1.07,0.09,0.25917,0.01692,-0.36995,-0.89201,-0.88,1.09,0.13,0.2066,-0.01699,-0.27808,-0.93792,-0.89,1.1,0.16,-0.16423,-0.10949,-0.32062,-0.92641,-0.88,1.09,0.18,-0.3026,-0.20697,-0.30386,-0.87936,-0.87,1.09,0.19,-0.3026,-0.20697,-0.30386,-0.87936,-0.71,1.09,0.12,-0.28986,-0.2123,-0.10261,0.92757,-0.68,1.05,0.07,-0.28986,-0.2123,-0.10261,0.92757,-0.73,1.06,0.09,-0.40973,-0.30999,0.58756,0.62514,-0.75,1.07,0.11,-0.23815,-0.15328,0.57452,0.76793,-0.77,1.07,0.14,-0.16803,-0.13831,0.65545,0.7232,-0.78,1.07,0.16,-0.16803,-0.13831,0.65545,0.7232,-0.72,1.07,0.1,-0.28986,-0.2123,-0.10261,0.92757,-0.74,1.1,0.14,-0.06044,-0.24819,0.00409,0.96682,-0.76,1.11,0.17,0.25925,-0.23668,0.05827,0.93455,-0.77,1.1,0.19,0.39874,-0.19903,0.08316,0.89134,-0.77,1.08,0.2,0.39874,-0.19903,0.08316,0.89134,-0.7,1.07,0.1,-0.28986,-0.2123,-0.10261,0.92757,-0.72,1.11,0.14,-0.0639,-0.21922,-0.06518,0.9714,-0.74,1.11,0.18,0.34702,-0.22801,0.01901,0.90952,-0.75,1.1,0.2,0.55672,-0.20345,0.00783,0.80536,-0.75,1.07,0.21,0.55672,-0.20345,0.00783,0.80536,-0.68,1.07,0.11,-0.28986,-0.2123,-0.10261,0.92757,-0.7,1.1,0.15,-0.12386,-0.18531,-0.14109,0.96458,-0.71,1.11,0.18,0.38107,-0.24967,-0.06772,0.88762,-0.73,1.09,0.2,0.64428,-0.27678,-0.01364,0.71282,-0.74,1.07,0.2,0.64428,-0.27678,-0.01364,0.71282,-0.68,1.06,0.11,-0.20526,-0.13723,-0.32816,0.91178,-0.68,1.08,0.15,-0.22471,-0.13431,-0.23903,0.93506,-0.69,1.1,0.18,0.3517,-0.25026,-0.20094,0.87938,-0.7,1.09,0.19,0.64378,-0.34738,-0.10735,0.67331,-0.71,1.07,0.19,0.64378,-0.34738,-0.10735,0.67331,-0.81,1.08,0.19
-0.8,1.44,-0.15,-0.8,1.44,-0.15,-0.85,1.09,0.11,0.30959,-0.05025,-0.16201,-0.93562,-0.86,1.06,0.06,0.30959,-0.05025,-0.16201,-0.93562,-0.82,1.07,0.09,0.44006,-0.16018,0.48214,-0.74042,-0.8,1.09,0.1,0.21349,-0.0168,0.42734,-0.87837,-0.79,1.1,0.13,0.11307,-0.00835,0.50669,-0.85464,-0.79,1.11,0.16,0.11307,-0.00835,0.50669,-0.85464,-0.83,1.08,0.09,0.30959,-0.05025,-0.16201,-0.93562,-0.83,1.12,0.13,0.02646,-0.09454,-0.09645,-0.99048,-0.83,1.12,0.17,-0.32987,-0.12576,-0.08214,-0.932,-0.82,1.1,0.19,-0.47814,-0.11007,-0.06926,-0.8686,-0.81,1.09,0.2,-0.47814,-0.11007,-0.06926,-0.8686,-0.85,1.07,0.09,0.30959,-0.05025,-0.16201,-0.93562,-0.85,1.11,0.13,0.03172,-0.08062,-0.15822,-0.9836,-0.85,1.12,0.18,-0.33984,-0.13456,-0.12914,-0.92181,-0.84,1.1,0.2,-0.49564,-0.14005,-0.16163,-0.84179,-0.83,1.08,0.21,-0.49564,-0.14005,-0.16163,-0.84179,-0.87,1.07,0.09,0.30959,-0.05025,-0.16201,-0.93562,-0.87,1.1,0.13,0.12809,-0.04641,-0.22241,-0.96539,-0.87,1.11,0.17,-0.2683,-0.14696,-0.2231,-0.92555,-0.86,1.1,0.19,-0.45723,-0.21506,-0.2075,-0.83763,-0.85,1.08,0.21,-0.45723,-0.21506,-0.2075,-0.83763,-0.87,1.06,0.09,0.24943,0.0156,-0.39307,-0.8849,-0.88,1.08,0.13,0.19572,-0.02497,-0.30093,-0.93301,-0.89,1.1,0.16,-0.17673,-0.12584,-0.33793,-0.91582,-0.88,1.09,0.18,-0.32367,-0.22944,-0.3163,-0.86171,-0.87,1.08,0.19,-0.32367,-0.22944,-0.3163,-0.86171,-0.71,1.08,0.12,-0.21387,-0.19005,-0.04308,0.95723,-0.68,1.06,0.07,-0.21387,-0.19005,-0.04308,0.95723,-0.73,1.06,0.09,-0.38805,-0.34073,0.55622,0.65111,-0.75,1.06,0.11,-0.23154,-0.20597,0.54298,0.78047,-0.77,1.07,0.14,-0.19377,-0.21602,0.62294,0.72645,-0.79,1.07,0.15,-0.19377,-0.21602,0.62294,0.72645,-0.72,1.07,0.1,-0.21387,-0.19005,-0.04308,0.95723,-0.74,1.09,0.14,0.04211,-0.26767,0.08606,0.95874,-0.76,1.09,0.17,0.31243,-0.23247,0.13145,0.91163,-0.77,1.07,0.19,0.4223,-0.18754,0.15087,0.87392,-0.77,1.06,0.2,0.4223,-0.18754,0.15087,0.87392,-0.7,1.07,0.1,-0.21387,-0.19005,-0.04308,0.95723,-0.72,1.1,0.15,-0.07009,-0.1764,-0.02946,0.98138,-0.73,1.1,0.19,0.34385,-0.17437,0.03344,0.92209,-0.74,1.08,0.21,0.56802,-0.14722,0.01025,0.80968,-0.75,1.06,0.22,0.56802,-0.14722,0.01025,0.80968,-0.68,1.07,0.11,-0.21387,-0.19005,-0.04308,0.95723,-0.7,1.09,0.15,-0.15147,-0.12603,-0.10163,0.97511,-0.71,1.1,0.19,0.37995,-0.18109,-0.05989,0.90513,-0.72,1.08,0.2,0.66319,-0.20932,-0.02493,0.71815,-0.73,1.06,0.21,0.66319,-0.20932,-0.02493,0.71815,-0.68,1.06,0.11,-0.14412,-0.09471,-0.26642,0.94831,-0.68,1.08,0.15,-0.21728,-0.0711,-0.17938,0.95685,-0.68,1.09,0.18,0.34758,-0.1607,-0.19097,0.90382,-0.69,1.08,0.19,0.66927,-0.26446,-0.12478,0.68306,-0.7,1.06,0.19,0.66927,-0.26446,-0.12478,0.68306,-0.81,1.08,0.19
-0.8,1.44,-0.16,-0.8,1.44,-0.16,-0.85,1.09,0.11,0.31147,-0.05995,-0.15843,-0.93504,-0.86,1.06,0.06,0.31147,-0.05995,-0.15843,-0.93504,-0.82,1.08,0.09,0.44207,-0.16666,0.48742,-0.73432,-0.8,1.09,0.1,0.21545,-0.02113,0.43477,-0.87414,-0.79,1.1,0.13,0.11721,-0.01273,0.51434,-0.84944,-0.79,1.11,0.16,0.11721,-0.01273,0.51434,-0.84944,-0.83,1.08,0.09,0.31147,-0.05995,-0.15843,-0.93504,-0.83,1.12,0.13,0.01805,-0.10512,-0.08775,-0.99042,-0.82,1.12,0.17,-0.33846,-0.13237,-0.07021,-0.92897,-0.82,1.1,0.19,-0.48469,-0.11451,-0.05638,-0.86532,-0.81,1.09,0.2,-0.48469,-0.11451,-0.05638,-0.86532,-0.85,1.07,0.09,0.31147,-0.05995,-0.15843,-0.93504,-0.85,1.11,0.13,0.041,-0.08781,-0.1528,-0.98349,-0.85,1.12,0.18,-0.33246,-0.13947,-0.12124,-0.92483,-0.84,1.1,0.2,-0.49188,-0.14435,-0.15298,-0.84487,-0.83,1.08,0.21,-0.49188,-0.14435,-0.15298,-0.84487,-0.87,1.07,0.09,0.31147,-0.05995,-0.15843,-0.93504,-0.87,1.1,0.13,0.13839,-0.05382,-0.21768,-0.96466,-0.87,1.11,0.17,-0.26286,-0.15315,-0.21511,-0.928,-0.86,1.1,0.19,-0.45735,-0.2204,-0.19741,-0.83862,-0.84,1.09,0.21,-0.45735,-0.2204,-0.19741,-0.83862,-0.87,1.07,0.09,0.24975,0.00581,-0.38957,-0.88647,-0.88,1.09,0.13,0.19831,-0.03487,-0.29627,-0.93364,-0.89,1.1,0.16,-0.17584,-0.13366,-0.32996,-0.91779,-0.88,1.09,0.18,-0.33144,-0.23841,-0.30521,-0.86032,-0.86,1.08,0.19,-0.33144,-0.23841,-0.30521,-0.86032,-0.71,1.09,0.12,-0.22713,-0.1812,-0.05691,0.95517,-0.68,1.06,0.07,-0.22713,-0.1812,-0.05691,0.95517,-0.73,1.06,0.09,-0.41451,-0.30634,0.53415,0.67009,-0.75,1.07,0.11,-0.26236,-0.18386,0.50876,0.79908,-0.77,1.08,0.13,-0.23088,-0.19863,0.59041,0.74743,-0.79,1.08,0.15,-0.23088,-0.19863,0.59041,0.74743,-0.72,1.07,0.1,-0.22713,-0.1812,-0.05691,0.95517,-0.74,1.1,0.14,0.04687,-0.27687,0.08635,0.95587,-0.76,1.09,0.17,0.32414,-0.23996,0.13641,0.90484,-0.76,1.08,0.19,0.43655,-0.19372,0.15794,0.86426,-0.77,1.06,0.2,0.43655,-0.19372,0.15794,0.86426,-0.7,1.07,0.1,-0.22713,-0.1812,-0.05691,0.95517,-0.72,1.1,0.15,-0.08817,-0.17032,-0.0453,0.98039,-0.73,1.11,0.19,0.34319,-0.17528,0.01958,0.92256,-0.74,1.09,0.21,0.5882,-0.15013,-0.00112,0.79466,-0.74,1.07,0.21,0.5882,-0.15013,-0.00112,0.79466,-0.68,1.07,0.11,-0.22713,-0.1812,-0.05691,0.95517,-0.7,1.09,0.15,-0.1671,-0.11845,-0.11716,0.97176,-0.7,1.11,0.19,0.39173,-0.18526,-0.07176,0.89838,-0.71,1.09,0.2,0.69084,-0.21627,-0.03055,0.68923,-0.72,1.07,0.2,0.69084,-0.21627,-0.03055,0.68923,-0.68,1.07,0.11,-0.15688,-0.08943,-0.2814,0.94245,-0.68,1.08,0.15,-0.22752,-0.05866,-0.19478,0.95229,-0.68,1.1,0.18,0.34144,-0.16079,-0.20964,0.90201,-0.69,1.09,0.19,0.68212,-0.27502,-0.13449,0.66407,-0.7,1.07,0.19,0.68212,-0.27502,-0.13449,0.66407,-0.81,1.08,0.19
-0.8,1.43,-0.16,-0.8,1.43,-0.16,-0.85,1.09,0.11,0.306,-0.07642,-0.15814,-0.93569,-0.86,1.06,0.06,0.306,-0.07642,-0.15814,-0.93569,-0.82,1.07,0.09,0.44316,-0.18483,0.48805,-0.72887,-0.8,1.09,0.1,0.21597,-0.03823,0.44112,-0.87024,-0.79,1.1,0.13,0.12267,-0.03104,0.52199,-0.84351,-0.79,1.11,0.16,0.12267,-0.03104,0.52199,-0.84351,-0.83,1.08,0.09,0.306,-0.07642,-0.15814,-0.93569,-0.83,1.11,0.13,0.00977,-0.12516,-0.07938,-0.98891,-0.82,1.12,0.17,-0.35045,-0.14814,-0.05454,-0.92318,-0.81,1.1,0.18,-0.49737,-0.12764,-0.03773,-0.85726,-0.81,1.08,0.2,-0.49737,-0.12764,-0.03773,-0.85726,-0.85,1.07,0.09,0.306,-0.07642,-0.15814,-0.93569,-0.85,1.11,0.13,0.05418,-0.10047,-0.15011,-0.98206,-0.84,1.12,0.17,-0.3181,-0.15014,-0.11425,-0.92909,-0.83,1.1,0.2,-0.48012,-0.15465,-0.14437,-0.85131,-0.82,1.08,0.21,-0.48012,-0.15465,-0.14437,-0.85131,-0.87,1.07,0.09,0.306,-0.07642,-0.15814,-0.93569,-0.87,1.1,0.14,0.14556,-0.06652,-0.21552,-0.9633,-0.86,1.11,0.17,-0.25865,-0.16466,-0.20751,-0.92894,-0.85,1.1,0.19,-0.45853,-0.23086,-0.18644,-0.83767,-0.84,1.09,0.21,-0.45853,-0.23086,-0.18644,-0.83767,-0.87,1.07,0.1,0.24107,-0.0089,-0.38836,-0.88937,-0.88,1.08,0.13,0.18998,-0.04955,-0.29438,-0.9353,-0.88,1.1,0.16,-0.19462,-0.14914,-0.32153,-0.9146,-0.87,1.09,0.18,-0.36334,-0.25626,-0.29148,-0.84697,-0.86,1.08,0.19,-0.36334,-0.25626,-0.29148,-0.84697,-0.71,1.09,0.12,-0.25365,-0.17814,-0.08014,0.94737,-0.68,1.06,0.07,-0.25365,-0.17814,-0.08014,0.94737,-0.72,1.07,0.09,-0.43767,-0.27322,0.52497,0.6769,-0.75,1.08,0.11,-0.28154,-0.15251,0.49213,0.8095,-0.77,1.09,0.13,-0.24761,-0.16642,0.57532,0.76158,-0.78,1.09,0.15,-0.24761,-0.16642,0.57532,0.76158,-0.71,1.07,0.1,-0.25365,-0.17814,-0.08014,0.94737,-0.73,1.1,0.14,0.03729,-0.28168,0.07552,0.9558,-0.75,1.1,0.17,0.34908,-0.24295,0.13675,0.89466,-0.76,1.08,0.19,0.47422,-0.19391,0.16301,0.84317,-0.77,1.06,0.2,0.47422,-0.19391,0.16301,0.84317,-0.7,1.07,0.1,-0.25365,-0.17814,-0.08014,0.94737,-0.71,1.11,0.15,-0.09612,-0.17749,-0.06359,0.97735,-0.73,1.11,0.18,0.39102,-0.18891,0.01774,0.90061,-0.74,1.1,0.2,0.66135,-0.15742,0.00533,0.73335,-0.74,1.07,0.2,0.66135,-0.15742,0.00533,0.73335,-0.68,1.07,0.1,-0.25365,-0.17814,-0.08014,0.94737,-0.7,1.1,0.15,-0.17179,-0.12502,-0.13839,0.96732,-0.7,1.11,0.18,0.42443,-0.20562,-0.07763,0.87838,-0.71,1.09,0.2,0.73805,-0.23504,-0.02255,0.63209,-0.72,1.07,0.19,0.73805,-0.23504,-0.02255,0.63209,-0.67,1.07,0.11,-0.18007,-0.09347,-0.30605,0.93015,-0.68,1.09,0.15,-0.23418,-0.06286,-0.22034,0.94481,-0.68,1.1,0.18,0.35948,-0.18528,-0.22383,0.88676,-0.69,1.09,0.19,0.70858,-0.30527,-0.1304,0.62267,-0.7,1.07,0.19,0.70858,-0.30527,-0.1304,0.62267,-0.81,1.08,0.19
-0.8,1.43,-0.15,-0.8,1.43,-0.15,-0.85,1.09,0.11,0.3174,-0.06794,-0.1955,-0.92543,-0.86,1.06,0.06,0.3174,-0.06794,-0.1955,-0.92543,-0.82,1.08,0.09,0.4565,-0.16677,0.46133,-0.74227,-0.8,1.09,0.1,0.2259,-0.0297,0.40868,-0.88378,-0.79,1.1,0.13,0.13427,-0.02617,0.49083,-0.86045,-0.79,1.11,0.16,0.13427,-0.02617,0.49083,-0.86045,-0.84,1.08,0.09,0.3174,-0.06794,-0.1955,-0.92543,-0.83,1.12,0.13,0.02102,-0.13036,-0.11576,-0.98446,-0.82,1.12,0.17,-0.34634,-0.16713,-0.08498,-0.91918,-0.81,1.1,0.18,-0.4959,-0.15162,-0.06431,-0.85262,-0.81,1.09,0.19,-0.4959,-0.15162,-0.06431,-0.85262,-0.85,1.07,0.09,0.3174,-0.06794,-0.1955,-0.92543,-0.85,1.11,0.13,0.07611,-0.09996,-0.18969,-0.97377,-0.85,1.12,0.17,-0.29786,-0.16526,-0.15048,-0.92807,-0.84,1.11,0.19,-0.46247,-0.17719,-0.17701,-0.85052,-0.83,1.09,0.21,-0.46247,-0.17719,-0.17701,-0.85052,-0.87,1.07,0.09,0.3174,-0.06794,-0.1955,-0.92543,-0.87,1.1,0.13,0.15599,-0.065,-0.2537,-0.95241,-0.87,1.11,0.17,-0.25234,-0.18117,-0.24102,-0.91946,-0.86,1.1,0.19,-0.45416,-0.25532,-0.21394,-0.82631,-0.84,1.09,0.2,-0.45416,-0.25532,-0.21394,-0.82631,-0.87,1.06,0.1,0.24881,-0.00518,-0.42415,-0.87072,-0.88,1.08,0.13,0.18316,-0.05042,-0.3324,-0.92381,-0.88,1.09,0.16,-0.21723,-0.17187,-0.35244,-0.8939,-0.87,1.09,0.18,-0.38867,-0.28713,-0.31542,-0.8167,-0.86,1.08,0.19,-0.38867,-0.28713,-0.31542,-0.8167,-0.7,1.1,0.12,-0.3301,-0.18057,-0.12485,0.91806,-0.68,1.06,0.07,-0.3301,-0.18057,-0.12485,0.91806,-0.72,1.07,0.09,-0.48032,-0.21469,0.52986,0.66517,-0.75,1.08,0.11,-0.31862,-0.09114,0.48515,0.8092,-0.76,1.1,0.13,-0.27026,-0.09567,0.56974,0.7702,-0.77,1.11,0.15,-0.27026,-0.09567,0.56974,0.7702,-0.71,1.08,0.09,-0.3301,-0.18057,-0.12485,0.91806,-0.73,1.12,0.13,-0.04239,-0.28252,0.03778,0.95758,-0.75,1.12,0.16,0.29763,-0.25525,0.10796,0.91357,-0.76,1.1,0.18,0.43031,-0.21014,0.13566,0.86733,-0.76,1.09,0.19,0.43031,-0.21014,0.13566,0.86733,-0.7,1.07,0.1,-0.3301,-0.18057,-0.12485,0.91806,-0.71,1.12,0.14,-0.11234,-0.19926,-0.09254,0.96908,-0.72,1.13,0.17,0.38464,-0.22211,0.00591,0.89593,-0.73,1.11,0.19,0.6586,-0.19272,0.00513,0.72738,-0.74,1.09,0.19,0.6586,-0.19272,0.00513,0.72738,-0.68,1.07,0.1,-0.3301,-0.18057,-0.12485,0.91806,-0.69,1.11,0.14,-0.17449,-0.15591,-0.17274,0.95677,-0.7,1.12,0.18,0.42237,-0.2511,-0.08569,0.86672,-0.71,1.1,0.19,0.73424,-0.27956,-0.01106,0.61856,-0.72,1.08,0.19,0.73424,-0.27956,-0.01106,0.61856,-0.67,1.07,0.11,-0.24783,-0.11658,-0.35396,0.89426,-0.67,1.09,0.15,-0.25865,-0.09898,-0.26831,0.92267,-0.68,1.11,0.17,0.34924,-0.24926,-0.23624,0.87183,-0.69,1.1,0.18,0.69043,-0.36707,-0.11323,0.61298,-0.7,1.08,0.18,0.69043,-0.36707,-0.11323,0.61298,-0.81,1.08,0.19
-0.8,1.43,-0.15,-0.8,1.43,-0.15,-0.85,1.09,0.11,0.34273,-0.0628,-0.20519,-0.9146,-0.86,1.05,0.06,0.34273,-0.0628,-0.20519,-0.9146,-0.82,1.08,0.09,0.47109,-0.14889,0.46156,-0.7368,-0.8,1.09,0.1,0.24319,-0.01418,0.40349,-0.88196,-0.8,1.11,0.13,0.15092,-0.00987,0.48524,-0.8612,-0.79,1.12,0.15,0.15092,-0.00987,0.48524,-0.8612,-0.84,1.08,0.09,0.34273,-0.0628,-0.20519,-0.9146,-0.83,1.12,0.13,0.03733,-0.12996,-0.12363,-0.98307,-0.83,1.12,0.16,-0.36018,-0.17298,-0.08679,-0.91259,-0.82,1.11,0.18,-0.51287,-0.15797,-0.06382,-0.84139,-0.81,1.09,0.19,-0.51287,-0.15797,-0.06382,-0.84139,-0.85,1.07,0.09,0.34273,-0.0628,-0.20519,-0.9146,-0.86,1.11,0.13,0.10058,-0.09839,-0.20042,-0.96955,-0.85,1.12,0.17,-0.31455,-0.17509,-0.15345,-0.92025,-0.84,1.11,0.19,-0.49748,-0.18925,-0.17545,-0.8282,-0.83,1.09,0.2,-0.49748,-0.18925,-0.17545,-0.8282,-0.87,1.07,0.09,0.34273,-0.0628,-0.20519,-0.9146,-0.87,1.1,0.13,0.16232,-0.06887,-0.2633,-0.94846,-0.87,1.11,0.17,-0.28042,-0.19809,-0.24123,-0.90771,-0.86,1.1,0.19,-0.49809,-0.27501,-0.20595,-0.79615,-0.84,1.09,0.2,-0.49809,-0.27501,-0.20595,-0.79615,-0.87,1.06,0.1,0.27323,-0.00715,-0.43494,-0.85798,-0.88,1.08,0.13,0.17249,-0.06137,-0.344,-0.92095,-0.88,1.09,0.16,-0.25773,-0.19779,-0.35288,-0.87746,-0.87,1.09,0.18,-0.44021,-0.31744,-0.30673,-0.7819,-0.86,1.08,0.19,-0.44021,-0.31744,-0.30673,-0.7819,-0.7,1.1,0.11,-0.36487,-0.17857,-0.12517,0.90516,-0.68,1.05,0.07,-0.36487,-0.17857,-0.12517,0.90516,-0.72,1.07,0.09,-0.4674,-0.20334,0.57092,0.64362,-0.75,1.08,0.11,-0.3033,-0.06312,0.52629,0.79186,-0.76,1.09,0.13,-0.23527,-0.05462,0.60741,0.75678,-0.77,1.1,0.15,-0.23527,-0.05462,0.60741,0.75678,-0.71,1.07,0.09,-0.36487,-0.17857,-0.12517,0.90516,-0.73,1.12,0.13,-0.05924,-0.25462,0.02687,0.96485,-0.74,1.12,0.16,0.29797,-0.2319,0.09161,0.92144,-0.75,1.11,0.18,0.42896,-0.18961,0.11527,0.87565,-0.76,1.09,0.19,0.42896,-0.18961,0.11527,0.87565,-0.69,1.07,0.1,-0.36487,-0.17857,-0.12517,0.90516,-0.7,1.12,0.13,-0.11393,-0.20235,-0.0851,0.96893,-0.72,1.13,0.17,0.3807,-0.22116,0.01329,0.89776,-0.73,1.11,0.19,0.64781,-0.1906,0.01055,0.73749,-0.74,1.09,0.19,0.64781,-0.1906,0.01055,0.73749,-0.68,1.07,0.1,-0.36487,-0.17857,-0.12517,0.90516,-0.69,1.11,0.14,-0.1731,-0.16829,-0.16551,0.9562,-0.7,1.12,0.17,0.42124,-0.25663,-0.07329,0.86679,-0.71,1.11,0.19,0.73051,-0.28004,0.00139,0.62284,-0.72,1.08,0.18,0.73051,-0.28004,0.00139,0.62284,-0.67,1.07,0.11,-0.2821,-0.12367,-0.35651,0.88206,-0.67,1.1,0.14,-0.2664,-0.12286,-0.26599,0.91825,-0.67,1.11,0.17,0.35426,-0.27046,-0.21688,0.86851,-0.69,1.1,0.18,0.69058,-0.37692,-0.08873,0.61087,-0.7,1.09,0.18,0.69058,-0.37692,-0.08873,0.61087,-0.81,1.08,0.19
-0.8,1.43,-0.15,-0.8,1.43,-0.15,-0.85,1.1,0.11,0.37248,-0.06103,-0.15475,-0.91301,-0.86,1.05,0.06,0.37248,-0.06103,-0.15475,-0.91301,-0.82,1.07,0.09,0.46873,-0.13971,0.51512,-0.70386,-0.8,1.09,0.1,0.25391,0.00866,0.45458,-0.85371,-0.79,1.11,0.13,0.15348,0.0228,0.53181,-0.83253,-0.79,1.11,0.15,0.15348,0.0228,0.53181,-0.83253,-0.84,1.08,0.09,0.37248,-0.06103,-0.15475,-0.91301,-0.83,1.12,0.13,0.04958,-0.11107,-0.0743,-0.98979,-0.82,1.12,0.16,-0.41067,-0.13931,-0.04012,-0.90019,-0.82,1.11,0.18,-0.57266,-0.11695,-0.01984,-0.81116,-0.81,1.09,0.18,-0.57266,-0.11695,-0.01984,-0.81116,-0.85,1.07,0.09,0.37248,-0.06103,-0.15475,-0.91301,-0.85,1.12,0.13,0.0941,-0.08977,-0.14937,-0.98019,-0.85,1.13,0.17,-0.4018,-0.15462,-0.0983,-0.89721,-0.84,1.11,0.18,-0.62409,-0.15661,-0.12007,-0.75602,-0.83,1.09,0.19,-0.62409,-0.15661,-0.12007,-0.75602,-0.87,1.07,0.09,0.37248,-0.06103,-0.15475,-0.91301,-0.87,1.11,0.13,0.14035,-0.07154,-0.21178,-0.96454,-0.87,1.12,0.17,-0.37159,-0.18939,-0.18355,-0.89014,-0.86,1.1,0.18,-0.62487,-0.25557,-0.14408,-0.72351,-0.84,1.08,0.19,-0.62487,-0.25557,-0.14408,-0.72351,-0.87,1.07,0.09,0.30951,-0.0109,-0.38998,-0.86718,-0.88,1.09,0.13,0.17085,-0.06534,-0.2979,-0.93691,-0.88,1.1,0.16,-0.31906,-0.19842,-0.30194,-0.87616,-0.87,1.09,0.17,-0.5485,-0.31996,-0.24304,-0.73328,-0.86,1.08,0.18,-0.5485,-0.31996,-0.24304,-0.73328,-0.7,1.1,0.11,-0.37716,-0.17736,-0.12246,0.90072,-0.68,1.05,0.07,-0.37716,-0.17736,-0.12246,0.90072,-0.72,1.07,0.09,-0.45536,-0.20159,0.59214,0.63354,-0.75,1.08,0.11,-0.29246,-0.05363,0.54812,0.78176,-0.76,1.09,0.14,-0.21304,-0.03623,0.62688,0.74855,-0.77,1.1,0.16,-0.21304,-0.03623,0.62688,0.74855,-0.71,1.07,0.09,-0.37716,-0.17736,-0.12246,0.90072,-0.73,1.12,0.13,-0.03941,-0.2308,0.02063,0.97198,-0.74,1.12,0.16,0.32049,-0.21125,0.07749,0.92014,-0.75,1.11,0.18,0.43886,-0.17209,0.09622,0.87666,-0.75,1.09,0.19,0.43886,-0.17209,0.09622,0.87666,-0.69,1.07,0.1,-0.37716,-0.17736,-0.12246,0.90072,-0.7,1.12,0.13,-0.10498,-0.20342,-0.07738,0.97037,-0.72,1.13,0.17,0.38257,-0.21833,0.0189,0.89756,-0.73,1.11,0.19,0.62964,-0.18804,0.01205,0.75369,-0.74,1.09,0.19,0.62964,-0.18804,0.01205,0.75369,-0.68,1.07,0.1,-0.37716,-0.17736,-0.12246,0.90072,-0.69,1.11,0.14,-0.16867,-0.17615,-0.15681,0.95704,-0.7,1.12,0.17,0.42113,-0.25748,-0.06304,0.8674,-0.71,1.11,0.18,0.71921,-0.27799,0.007,0.63672,-0.72,1.08,0.18,0.71921,-0.27799,0.007,0.63672,-0.67,1.07,0.11,-0.29471,-0.12561,-0.35471,0.87838,-0.67,1.1,0.14,-0.26284,-0.14428,-0.25675,0.91879,-0.68,1.11,0.17,0.36334,-0.28247,-0.1955,0.86601,-0.69,1.1,0.18,0.68916,-0.37763,-0.0699,0.61446,-0.7,1.09,0.17,0.68916,-0.37763,-0.0699,0.61446,-0.81,1.08,0.19
-0.8,1.43,-0.15,-0.8,1.43,-0.15,-0.85,1.1,0.11,0.37762,-0.06098,-0.12004,-0.91612,-0.86,1.05,0.06,0.37762,-0.06098,-0.12004,-0.91612,-0.82,1.07,0.09,0.45182,-0.14208,0.55275,-0.68566,-0.8,1.09,0.1,0.24449,0.01786,0.49332,-0.83459,-0.79,1.1,0.13,0.13231,0.04286,0.56599,-0.8126,-0.79,1.11,0.16,0.13231,0.04286,0.56599,-0.8126,-0.83,1.08,0.09,0.37762,-0.06098,-0.12004,-0.91612,-0.83,1.12,0.13,0.04461,-0.09825,-0.04141,-0.9933,-0.82,1.12,0.16,-0.45134,-0.11338,-0.01237,-0.88503,-0.82,1.1,0.18,-0.62204,-0.08615,0.00556,-0.77821,-0.82,1.08,0.18,-0.62204,-0.08615,0.00556,-0.77821,-0.85,1.07,0.09,0.37762,-0.06098,-0.12004,-0.91612,-0.85,1.12,0.13,0.07689,-0.08069,-0.11565,-0.98702,-0.85,1.13,0.17,-0.46877,-0.13371,-0.06638,-0.87061,-0.84,1.1,0.18,-0.71455,-0.12473,-0.09083,-0.68235,-0.83,1.08,0.18,-0.71455,-0.12473,-0.09083,-0.68235,-0.87,1.07,0.09,0.37762,-0.06098,-0.12004,-0.91612,-0.87,1.11,0.13,0.11754,-0.06721,-0.17751,-0.97476,-0.87,1.12,0.17,-0.45062,-0.17614,-0.14775,-0.86261,-0.85,1.1,0.18,-0.72708,-0.23262,-0.10656,-0.6371,-0.84,1.08,0.18,-0.72708,-0.23262,-0.10656,-0.6371,-0.88,1.07,0.09,0.3193,-0.01084,-0.35775,-0.87746,-0.88,1.09,0.13,0.1626,-0.06174,-0.26593,-0.94817,-0.88,1.1,0.16,-0.37476,-0.19163,-0.26938,-0.86618,-0.87,1.09,0.17,-0.64281,-0.31438,-0.19979,-0.66936,-0.86,1.08,0.17,-0.64281,-0.31438,-0.19979,-0.66936,-0.7,1.1,0.11,-0.38749,-0.177,-0.1266,0.89582,-0.68,1.05,0.07,-0.38749,-0.177,-0.1266,0.89582,-0.72,1.07,0.09,-0.45204,-0.18955,0.60041,0.63185,-0.75,1.08,0.11,-0.28836,-0.03778,0.55371,0.78028,-0.76,1.09,0.14,-0.19786,-0.01251,0.63044,0.75049,-0.77,1.1,0.16,-0.19786,-0.01251,0.63044,0.75049,-0.71,1.07,0.09,-0.38749,-0.177,-0.1266,0.89582,-0.73,1.12,0.12,-0.02566,-0.22263,0.01565,0.97444,-0.74,1.12,0.16,0.3329,-0.20515,0.06955,0.91774,-0.75,1.11,0.17,0.43837,-0.16804,0.08522,0.87883,-0.75,1.09,0.19,0.43837,-0.16804,0.08522,0.87883,-0.69,1.07,0.1,-0.38749,-0.177,-0.1266,0.89582,-0.7,1.12,0.13,-0.09482,-0.20856,-0.07475,0.97053,-0.72,1.13,0.17,0.3861,-0.22156,0.02232,0.89518,-0.73,1.11,0.18,0.62073,-0.1911,0.01456,0.76024,-0.74,1.09,0.19,0.62073,-0.1911,0.01456,0.76024,-0.68,1.07,0.1,-0.38749,-0.177,-0.1266,0.89582,-0.69,1.11,0.14,-0.1642,-0.18584,-0.15431,0.9564,-0.7,1.12,0.17,0.42042,-0.26349,-0.05668,0.86638,-0.71,1.11,0.18,0.70929,-0.28211,0.01195,0.6459,-0.72,1.08,0.18,0.70929,-0.28211,0.01195,0.6459,-0.67,1.07,0.11,-0.30429,-0.12817,-0.35916,0.87292,-0.67,1.1,0.14,-0.26002,-0.16081,-0.25513,0.9173,-0.68,1.11,0.17,0.36673,-0.29448,-0.18384,0.86313,-0.69,1.1,0.18,0.68521,-0.38312,-0.05793,0.61673,-0.7,1.09,0.17,0.68521,-0.38312,-0.05793,0.61673,-0.81,1.08,0.19
-0.8,1.43,-0.15,-0.8,1.43,-0.15,-0.85,1.09,0.11,0.35622,-0.0613,-0.0936,-0.92768,-0.86,1.05,0.06,0.35622,-0.0613,-0.0936,-0.92768,-0.82,1.07,0.09,0.42207,-0.16012,0.5766,-0.681,-0.8,1.08,0.11,0.21653,0.01012,0.52294,-0.82435,-0.79,1.09,0.14,0.10209,0.03837,0.59349,-0.79742,-0.79,1.1,0.16,0.10209,0.03837,0.59349,-0.79742,-0.83,1.07,0.09,0.35622,-0.0613,-0.0936,-0.92768,-0.83,1.12,0.13,0.02409,-0.0883,-0.0187,-0.99563,-0.82,1.12,0.17,-0.47076,-0.09306,0.00237,-0.87733,-0.82,1.1,0.18,-0.64212,-0.06311,0.01681,-0.76381,-0.82,1.08,0.18,-0.64212,-0.06311,0.01681,-0.76381,-0.85,1.07,0.09,0.35622,-0.0613,-0.0936,-0.92768,-0.85,1.12,0.13,0.0522,-0.06906,-0.09253,-0.99194,-0.84,1.12,0.17,-0.50656,-0.11199,-0.05147,-0.85335,-0.84,1.1,0.18,-0.75719,-0.0969,-0.0817,-0.64078,-0.83,1.07,0.18,-0.75719,-0.0969,-0.0817,-0.64078,-0.87,1.07,0.09,0.35622,-0.0613,-0.0936,-0.92768,-0.87,1.11,0.13,0.08967,-0.05709,-0.15285,-0.98251,-0.86,1.11,0.17,-0.49671,-0.15556,-0.13088,-0.84377,-0.85,1.09,0.18,-0.77709,-0.20674,-0.09549,-0.58675,-0.84,1.07,0.17,-0.77709,-0.20674,-0.09549,-0.58675,-0.88,1.07,0.09,0.30203,-0.00461,-0.33154,-0.89378,-0.88,1.09,0.13,0.13822,-0.05237,-0.24084,-0.95924,-0.88,1.1,0.16,-0.41252,-0.17166,-0.25181,-0.85846,-0.87,1.09,0.17,-0.68862,-0.29224,-0.18721,-0.63667,-0.86,1.07,0.17,-0.68862,-0.29224,-0.18721,-0.63667,-0.7,1.1,0.11,-0.38798,-0.18098,-0.12996,0.89433,-0.68,1.05,0.07,-0.38798,-0.18098,-0.12996,0.89433,-0.72,1.07,0.09,-0.45235,-0.18672,0.60054,0.63236,-0.75,1.08,0.11,-0.28386,-0.03143,0.5536,0.78228,-0.76,1.09,0.14,-0.18807,-0.00288,0.62939,0.75398,-0.76,1.1,0.16,-0.18807,-0.00288,0.62939,0.75398,-0.71,1.07,0.09,-0.38798,-0.18098,-0.12996,0.89433,-0.73,1.12,0.12,-0.0089,-0.22681,0.01847,0.97372,-0.74,1.12,0.16,0.34625,-0.20777,0.07317,0.91191,-0.75,1.1,0.17,0.44534,-0.17064,0.08833,0.8745,-0.76,1.09,0.19,0.44534,-0.17064,0.08833,0.8745,-0.69,1.07,0.1,-0.38798,-0.18098,-0.12996,0.89433,-0.71,1.12,0.13,-0.07936,-0.21702,-0.07097,0.97035,-0.72,1.13,0.17,0.39678,-0.22705,0.02895,0.88892,-0.73,1.11,0.18,0.62742,-0.19413,0.02231,0.75376,-0.74,1.08,0.19,0.62742,-0.19413,0.02231,0.75376,-0.68,1.07,0.1,-0.38798,-0.18098,-0.12996,0.89433,-0.69,1.11,0.14,-0.15499,-0.19432,-0.1531,0.95644,-0.7,1.12,0.17,0.42524,-0.26919,-0.05188,0.86256,-0.71,1.11,0.18,0.70962,-0.2858,0.01735,0.64378,-0.72,1.08,0.18,0.70962,-0.2858,0.01735,0.64378,-0.67,1.07,0.11,-0.3035,-0.13238,-0.3621,0.87135,-0.67,1.1,0.14,-0.25492,-0.16875,-0.25633,0.91697,-0.68,1.11,0.17,0.36987,-0.3008,-0.18031,0.86035,-0.69,1.1,0.18,0.68378,-0.38715,-0.05408,0.61615,-0.7,1.09,0.17,0.68378,-0.38715,-0.05408,0.61615,-0.81,1.08,0.19
-0.8,1.43,-0.15,-0.8,1.43,-0.15,-0.85,1.09,0.11,0.33592,-0.06291,-0.08043,-0.93634,-0.86,1.06,0.06,0.33592,-0.06291,-0.08043,-0.93634,-0.82,1.07,0.09,0.41308,-0.17833,0.57606,-0.68243,-0.8,1.08,0.11,0.20638,-0.00681,0.52796,-0.82378,-0.79,1.09,0.14,0.09843,0.01742,0.60019,-0.79358,-0.79,1.1,0.16,0.09843,0.01742,0.60019,-0.79358,-0.83,1.07,0.09,0.33592,-0.06291,-0.08043,-0.93634,-0.83,1.11,0.13,0.01074,-0.08395,-0.00853,-0.99638,-0.82,1.11,0.17,-0.44242,-0.08423,0.00506,-0.89283,-0.82,1.1,0.18,-0.60538,-0.05411,0.01566,-0.79394,-0.82,1.07,0.19,-0.60538,-0.05411,0.01566,-0.79394,-0.85,1.07,0.09,0.33592,-0.06291,-0.08043,-0.93634,-0.85,1.11,0.13,0.04387,-0.06199,-0.08211,-0.99373,-0.84,1.12,0.17,-0.5008,-0.09949,-0.04832,-0.85847,-0.84,1.1,0.19,-0.74699,-0.08448,-0.08315,-0.65419,-0.83,1.07,0.19,-0.74699,-0.08448,-0.08315,-0.65419,-0.87,1.07,0.09,0.33592,-0.06291,-0.08043,-0.93634,-0.87,1.11,0.13,0.07991,-0.04938,-0.1414,-0.98549,-0.86,1.11,0.17,-0.4949,-0.14073,-0.12798,-0.84787,-0.85,1.09,0.18,-0.77179,-0.19176,-0.0996,-0.59804,-0.84,1.07,0.18,-0.77179,-0.19176,-0.0996,-0.59804,-0.87,1.07,0.09,0.28373,-0.00051,-0.31771,-0.90474,-0.88,1.09,0.13,0.12452,-0.04548,-0.2276,-0.96469,-0.88,1.1,0.16,-0.40984,-0.15326,-0.24691,-0.86462,-0.87,1.09,0.17,-0.6794,-0.27139,-0.19275,-0.65392,-0.86,1.07,0.17,-0.6794,-0.27139,-0.19275,-0.65392,-0.7,1.1,0.11,-0.38479,-0.18946,-0.12891,0.89411,-0.68,1.05,0.07,-0.38479,-0.18946,-0.12891,0.89411,-0.72,1.07,0.09,-0.45444,-0.19281,0.60043,0.62911,-0.75,1.08,0.11,-0.28127,-0.03398,0.55581,0.78154,-0.76,1.09,0.14,-0.18694,-0.00644,0.6317,0.75231,-0.77,1.1,0.16,-0.18694,-0.00644,0.6317,0.75231,-0.71,1.07,0.09,-0.38479,-0.18946,-0.12891,0.89411,-0.73,1.12,0.12,0.00095,-0.23459,0.02527,0.97177,-0.74,1.12,0.16,0.35216,-0.21259,0.08166,0.90781,-0.75,1.1,0.17,0.44833,-0.17474,0.09698,0.87124,-0.76,1.08,0.19,0.44833,-0.17474,0.09698,0.87124,-0.7,1.07,0.1,-0.38479,-0.18946,-0.12891,0.89411,-0.71,1.12,0.13,-0.06747,-0.22641,-0.06416,0.96957,-0.73,1.13,0.17,0.40247,-0.2321,0.03824,0.88469,-0.74,1.11,0.18,0.62885,-0.19658,0.03224,0.75157,-0.74,1.08,0.19,0.62885,-0.19658,0.03224,0.75157,-0.68,1.07,0.1,-0.38479,-0.18946,-0.12891,0.89411,-0.69,1.11,0.14,-0.14324,-0.20357,-0.14807,0.95714,-0.7,1.12,0.17,0.42831,-0.27312,-0.04488,0.8602,-0.72,1.1,0.18,0.70758,-0.28733,0.02369,0.64514,-0.73,1.08,0.18,0.70758,-0.28733,0.02369,0.64514,-0.67,1.07,0.11,-0.2988,-0.13995,-0.36044,0.87248,-0.67,1.1,0.14,-0.24461,-0.17671,-0.25398,0.91893,-0.68,1.11,0.17,0.37033,-0.30307,-0.17659,0.86013,-0.69,1.1,0.18,0.6768,-0.38742,-0.05398,0.62364,-0.71,1.08,0.17,0.6768,-0.38742,-0.05398,0.62364,-0.81,1.08,0.19
-0.8,1.43,-0.15,-0.8,1.43,-0.15,-0.85,1.09,0.11,0.30598,-0.06993,-0.09132,-0.94506,-0.86,1.06,0.06,0.30598,-0.06993,-0.09132,-0.94506,-0.82,1.07,0.09,0.41251,-0.20383,0.54929,-0.69755,-0.8,1.08,0.11,0.19966,-0.03905,0.50849,-0.83669,-0.79,1.09,0.14,0.10763,-0.02725,0.58543,-0.80309,-0.78,1.1,0.16,0.10763,-0.02725,0.58543,-0.80309,-0.83,1.08,0.09,0.30598,-0.06993,-0.09132,-0.94506,-0.82,1.11,0.13,-0.01872,-0.0958,-0.01653,-0.99509,-0.82,1.11,0.17,-0.42736,-0.09765,-0.00144,-0.89879,-0.81,1.09,0.19,-0.57293,-0.0686,0.00937,-0.81667,-0.81,1.07,0.19,-0.57293,-0.0686,0.00937,-0.81667,-0.85,1.07,0.09,0.30598,-0.06993,-0.09132,-0.94506,-0.85,1.11,0.14,0.03206,-0.06903,-0.09147,-0.99289,-0.84,1.12,0.18,-0.48034,-0.10847,-0.05616,-0.86853,-0.83,1.09,0.19,-0.71062,-0.09646,-0.08918,-0.69121,-0.83,1.07,0.19,-0.71062,-0.09646,-0.08918,-0.69121,-0.87,1.07,0.09,0.30598,-0.06993,-0.09132,-0.94506,-0.86,1.1,0.14,0.0738,-0.05042,-0.15176,-0.98437,-0.86,1.11,0.17,-0.47102,-0.14302,-0.14009,-0.85911,-0.85,1.09,0.19,-0.73455,-0.19758,-0.11399,-0.63906,-0.84,1.07,0.18,-0.73455,-0.19758,-0.11399,-0.63906,-0.87,1.07,0.1,0.2516,-8e-05,-0.32573,-0.91137,-0.88,1.09,0.13,0.11384,-0.04178,-0.23634,-0.96407,-0.88,1.1,0.16,-0.3851,-0.14474,-0.26025,-0.87351,-0.87,1.09,0.18,-0.63179,-0.26147,-0.21618,-0.69695,-0.86,1.07,0.18,-0.63179,-0.26147,-0.21618,-0.69695,-0.7,1.09,0.12,-0.37129,-0.1875,-0.12111,0.90129,-0.68,1.05,0.07,-0.37129,-0.1875,-0.12111,0.90129,-0.72,1.07,0.1,-0.44331,-0.20411,0.60395,0.63012,-0.75,1.08,0.11,-0.27167,-0.04452,0.56234,0.77973,-0.76,1.09,0.14,-0.18598,-0.02361,0.63885,0.74614,-0.77,1.1,0.16,-0.18598,-0.02361,0.63885,0.74614,-0.71,1.07,0.09,-0.37129,-0.1875,-0.12111,0.90129,-0.73,1.12,0.13,-0.00759,-0.23221,0.02582,0.97229,-0.75,1.12,0.16,0.33302,-0.21138,0.07872,0.91554,-0.75,1.1,0.18,0.43156,-0.17385,0.09364,0.88021,-0.76,1.08,0.19,0.43156,-0.17385,0.09364,0.88021,-0.7,1.07,0.1,-0.37129,-0.1875,-0.12111,0.90129,-0.71,1.12,0.13,-0.06785,-0.2204,-0.06163,0.97109,-0.73,1.12,0.17,0.37886,-0.22655,0.03159,0.89674,-0.74,1.11,0.19,0.59836,-0.1957,0.02229,0.77664,-0.74,1.08,0.19,0.59836,-0.1957,0.02229,0.77664,-0.68,1.07,0.1,-0.37129,-0.1875,-0.12111,0.90129,-0.69,1.11,0.14,-0.13789,-0.19563,-0.144,0.9602,-0.7,1.12,0.17,0.40931,-0.26296,-0.05319,0.87206,-0.72,1.1,0.19,0.68348,-0.28242,0.00928,0.67306,-0.73,1.08,0.19,0.68348,-0.28242,0.00928,0.67306,-0.67,1.07,0.11,-0.2871,-0.13411,-0.35251,0.88052,-0.68,1.09,0.14,-0.23496,-0.16613,-0.24872,0.92484,-0.68,1.11,0.17,0.36059,-0.28684,-0.1848,0.86807,-0.69,1.1,0.18,0.65939,-0.37554,-0.07356,0.64711,-0.71,1.08,0.18,0.65939,-0.37554,-0.07356,0.64711,-0.81,1.08,0.19
-0.8,1.43,-0.15,-0.8,1.43,-0.15,-0.85,1.09,0.11,0.29589,-0.0552,-0.14487,-0.94256,-0.86,1.06,0.06,0.29589,-0.0552,-0.14487,-0.94256,-0.82,1.08,0.09,0.42249,-0.19293,0.49888,-0.73171,-0.8,1.09,0.11,0.20369,-0.04555,0.45345,-0.8665,-0.79,1.1,0.14,0.11754,-0.04235,0.53411,-0.83613,-0.79,1.1,0.16,0.11754,-0.04235,0.53411,-0.83613,-0.83,1.08,0.09,0.29589,-0.0552,-0.14487,-0.94256,-0.83,1.12,0.14,-0.02632,-0.10275,-0.07033,-0.99187,-0.82,1.11,0.17,-0.41568,-0.12487,-0.05005,-0.89951,-0.82,1.1,0.19,-0.55337,-0.10317,-0.03571,-0.82575,-0.81,1.08,0.2,-0.55337,-0.10317,-0.03571,-0.82575,-0.85,1.08,0.09,0.29589,-0.0552,-0.14487,-0.94256,-0.85,1.11,0.14,0.04901,-0.06502,-0.14884,-0.9855,-0.85,1.12,0.18,-0.44943,-0.133,-0.10927,-0.87657,-0.84,1.1,0.19,-0.67544,-0.13627,-0.13415,-0.71219,-0.83,1.07,0.2,-0.67544,-0.13627,-0.13415,-0.71219,-0.87,1.07,0.09,0.29589,-0.0552,-0.14487,-0.94256,-0.87,1.1,0.14,0.09955,-0.03753,-0.20928,-0.97205,-0.87,1.11,0.17,-0.42831,-0.16146,-0.19659,-0.86709,-0.86,1.09,0.19,-0.68124,-0.23296,-0.16359,-0.67445,-0.84,1.07,0.19,-0.68124,-0.23296,-0.16359,-0.67445,-0.87,1.07,0.1,0.23742,0.01493,-0.3759,-0.89561,-0.88,1.09,0.14,0.13129,-0.02326,-0.29025,-0.94762,-0.88,1.09,0.16,-0.34238,-0.15044,-0.31761,-0.87136,-0.88,1.08,0.18,-0.56375,-0.27694,-0.27489,-0.72796,-0.86,1.07,0.18,-0.56375,-0.27694,-0.27489,-0.72796,-0.7,1.09,0.12,-0.34904,-0.19079,-0.11596,0.91012,-0.68,1.05,0.07,-0.34904,-0.19079,-0.11596,0.91012,-0.72,1.07,0.1,-0.43818,-0.23145,0.5957,0.63212,-0.75,1.07,0.11,-0.26763,-0.07542,0.56101,0.77971,-0.76,1.09,0.14,-0.19408,-0.06267,0.6396,0.74116,-0.77,1.09,0.16,-0.19408,-0.06267,0.6396,0.74116,-0.71,1.07,0.1,-0.34904,-0.19079,-0.11596,0.91012,-0.73,1.11,0.13,-0.07866,-0.23888,0.00688,0.96783,-0.75,1.12,0.16,0.22784,-0.2283,0.05445,0.94499,-0.76,1.11,0.18,0.33134,-0.19433,0.06838,0.92074,-0.76,1.1,0.2,0.33134,-0.19433,0.06838,0.92074,-0.7,1.07,0.1,-0.34904,-0.19079,-0.11596,0.91012,-0.71,1.12,0.14,-0.0991,-0.21503,-0.07087,0.96898,-0.73,1.12,0.17,0.31429,-0.227,0.01224,0.92171,-0.74,1.11,0.19,0.51899,-0.20673,-0.00073,0.82941,-0.75,1.09,0.2,0.51899,-0.20673,-0.00073,0.82941,-0.68,1.07,0.11,-0.34904,-0.19079,-0.11596,0.91012,-0.69,1.11,0.14,-0.15131,-0.1848,-0.1489,0.95958,-0.7,1.12,0.18,0.35503,-0.25422,-0.07405,0.89657,-0.72,1.1,0.19,0.61614,-0.28409,-0.01949,0.73436,-0.73,1.08,0.2,0.61614,-0.28409,-0.01949,0.73436,-0.68,1.07,0.11,-0.26545,-0.13135,-0.34618,0.89019,-0.68,1.09,0.15,-0.23693,-0.15008,-0.24861,0.92711,-0.68,1.11,0.17,0.32559,-0.26702,-0.20287,0.88404,-0.69,1.1,0.18,0.60834,-0.3624,-0.10772,0.69785,-0.71,1.08,0.19,0.60834,-0.3624,-0.10772,0.69785,-0.81,1.08,0.19
-0.8,1.43,-0.15,-0.8,1.43,-0.15,-0.86,1.1,0.11,0.30439,-0.04719,-0.22516,-0.92435,-0.86,1.06,0.06,0.30439,-0.04719,-0.22516,-0.92435,-0.83,1.08,0.09,0.44989,-0.16774,0.43327,-0.76272,-0.8,1.1,0.1,0.22457,-0.04273,0.37949,-0.89651,-0.8,1.11,0.13,0.13521,-0.04255,0.46388,-0.87449,-0.79,1.12,0.16,0.13521,-0.04255,0.46388,-0.87449,-0.84,1.08,0.09,0.30439,-0.04719,-0.22516,-0.92435,-0.84,1.12,0.13,-0.01563,-0.1223,-0.14819,-0.98124,-0.83,1.12,0.17,-0.40497,-0.17402,-0.11305,-0.89047,-0.82,1.1,0.18,-0.54367,-0.16187,-0.0904,-0.81857,-0.81,1.09,0.19,-0.54367,-0.16187,-0.0904,-0.81857,-0.85,1.08,0.09,0.30439,-0.04719,-0.22516,-0.92435,-0.86,1.11,0.14,0.06259,-0.07532,-0.22977,-0.96831,-0.85,1.12,0.18,-0.43448,-0.1835,-0.1729,-0.86467,-0.84,1.1,0.19,-0.66259,-0.20311,-0.18034,-0.69799,-0.83,1.08,0.19,-0.66259,-0.20311,-0.18034,-0.69799,-0.87,1.07,0.09,0.30439,-0.04719,-0.22516,-0.92435,-0.87,1.1,0.14,0.11627,-0.04143,-0.29019,-0.94897,-0.87,1.11,0.17,-0.40645,-0.20957,-0.26064,-0.85026,-0.86,1.09,0.19,-0.65494,-0.29916,-0.20752,-0.66219,-0.84,1.08,0.19,-0.65494,-0.29916,-0.20752,-0.66219,-0.88,1.07,0.1,0.23637,0.0169,-0.45119,-0.86039,-0.89,1.08,0.14,0.14927,-0.02296,-0.36824,-0.91738,-0.89,1.09,0.16,-0.31778,-0.19092,-0.38343,-0.8459,-0.88,1.08,0.18,-0.53281,-0.33469,-0.32375,-0.7066,-0.86,1.07,0.18,-0.53281,-0.33469,-0.32375,-0.7066,-0.7,1.09,0.12,-0.32555,-0.18923,-0.11563,0.91915,-0.68,1.05,0.07,-0.32555,-0.18923,-0.11563,0.91915,-0.72,1.07,0.09,-0.43791,-0.25582,0.5763,0.64083,-0.75,1.07,0.11,-0.26318,-0.10411,0.54775,0.78732,-0.77,1.08,0.14,-0.19834,-0.09768,0.62826,0.74593,-0.78,1.09,0.16,-0.19834,-0.09768,0.62826,0.74593,-0.71,1.07,0.1,-0.32555,-0.18923,-0.11563,0.91915,-0.73,1.11,0.13,-0.10025,-0.23641,-0.00862,0.96643,-0.75,1.12,0.17,0.20552,-0.23131,0.0387,0.95014,-0.76,1.11,0.18,0.31229,-0.19918,0.05294,0.92736,-0.77,1.1,0.2,0.31229,-0.19918,0.05294,0.92736,-0.7,1.07,0.1,-0.32555,-0.18923,-0.11563,0.91915,-0.71,1.11,0.14,-0.10066,-0.20641,-0.0799,0.96999,-0.73,1.12,0.18,0.29052,-0.22288,-0.00496,0.93054,-0.74,1.11,0.2,0.47264,-0.20876,-0.02229,0.85588,-0.75,1.09,0.21,0.47264,-0.20876,-0.02229,0.85588,-0.68,1.07,0.11,-0.32555,-0.18923,-0.11563,0.91915,-0.69,1.1,0.14,-0.15999,-0.1714,-0.15705,0.95935,-0.7,1.12,0.18,0.31245,-0.2439,-0.09613,0.91304,-0.72,1.1,0.2,0.54998,-0.28221,-0.05111,0.78439,-0.73,1.08,0.2,0.54998,-0.28221,-0.05111,0.78439,-0.68,1.07,0.11,-0.24291,-0.1237,-0.34446,0.89836,-0.68,1.09,0.15,-0.25545,-0.12692,-0.25311,0.92443,-0.68,1.11,0.17,0.27426,-0.24416,-0.22679,0.90207,-0.69,1.1,0.19,0.52609,-0.34411,-0.15204,0.76269,-0.71,1.08,0.19,0.52609,-0.34411,-0.15204,0.76269,-0.81,1.08,0.19
-0.8,1.43,-0.15,-0.8,1.43,-0.15,-0.86,1.1,0.11,0.31149,-0.04904,-0.24835,-0.91591,-0.86,1.06,0.06,0.31149,-0.04904,-0.24835,-0.91591,-0.83,1.08,0.09,0.45945,-0.16177,0.41789,-0.76688,-0.81,1.1,0.1,0.23277,-0.04205,0.36232,-0.90154,-0.8,1.11,0.13,0.1365,-0.03924,0.44736,-0.883,-0.79,1.12,0.16,0.1365,-0.03924,0.44736,-0.883,-0.84,1.08,0.09,0.31149,-0.04904,-0.24835,-0.91591,-0.84,1.12,0.13,-0.00894,-0.13053,-0.17009,-0.97671,-0.83,1.12,0.17,-0.40407,-0.1914,-0.12826,-0.88523,-0.82,1.11,0.18,-0.54458,-0.1818,-0.10216,-0.81237,-0.81,1.09,0.19,-0.54458,-0.1818,-0.10216,-0.81237,-0.85,1.08,0.09,0.31149,-0.04904,-0.24835,-0.91591,-0.86,1.12,0.13,0.06935,-0.0822,-0.25249,-0.9616,-0.86,1.12,0.18,-0.44131,-0.20443,-0.18521,-0.8539,-0.84,1.11,0.19,-0.67437,-0.22712,-0.18425,-0.67801,-0.83,1.08,0.19,-0.67437,-0.22712,-0.18425,-0.67801,-0.87,1.07,0.09,0.31149,-0.04904,-0.24835,-0.91591,-0.88,1.1,0.14,0.12093,-0.04869,-0.31258,-0.9409,-0.87,1.11,0.17,-0.41661,-0.2335,-0.27062,-0.83587,-0.86,1.1,0.19,-0.6673,-0.32609,-0.20628,-0.63705,-0.84,1.08,0.19,-0.6673,-0.32609,-0.20628,-0.63705,-0.88,1.07,0.1,0.23976,0.01204,-0.47286,-0.84781,-0.89,1.08,0.14,0.15228,-0.03141,-0.39003,-0.90758,-0.89,1.09,0.16,-0.32443,-0.21501,-0.39507,-0.83213,-0.88,1.08,0.18,-0.54796,-0.36622,-0.3218,-0.67975,-0.86,1.07,0.18,-0.54796,-0.36622,-0.3218,-0.67975,-0.7,1.09,0.12,-0.32616,-0.18934,-0.11616,0.91884,-0.68,1.05,0.07,-0.32616,-0.18934,-0.11616,0.91884,-0.72,1.07,0.09,-0.44373,-0.25359,0.57098,0.64248,-0.75,1.07,0.11,-0.26821,-0.10365,0.54167,0.78988,-0.77,1.08,0.14,-0.20461,-0.09816,0.62263,0.74889,-0.78,1.09,0.16,-0.20461,-0.09816,0.62263,0.74889,-0.71,1.07,0.1,-0.32616,-0.18934,-0.11616,0.91884,-0.73,1.11,0.13,-0.09931,-0.2242,-0.01667,0.96933,-0.75,1.12,0.17,0.22536,-0.22155,0.03157,0.94823,-0.76,1.11,0.18,0.33984,-0.18964,0.04711,0.91996,-0.76,1.09,0.2,0.33984,-0.18964,0.04711,0.91996,-0.7,1.07,0.1,-0.32616,-0.18934,-0.11616,0.91884,-0.71,1.11,0.14,-0.09111,-0.20428,-0.08017,0.97136,-0.73,1.12,0.18,0.29635,-0.22087,-0.00689,0.92916,-0.74,1.11,0.2,0.46578,-0.20707,-0.02624,0.85993,-0.75,1.09,0.21,0.46578,-0.20707,-0.02624,0.85993,-0.68,1.07,0.11,-0.32616,-0.18934,-0.11616,0.91884,-0.69,1.1,0.14,-0.15651,-0.17058,-0.15764,0.95998,-0.7,1.12,0.18,0.30495,-0.24224,-0.09973,0.91563,-0.72,1.1,0.2,0.52839,-0.28151,-0.0589,0.7988,-0.73,1.08,0.2,0.52839,-0.28151,-0.0589,0.7988,-0.68,1.07,0.11,-0.24341,-0.12399,-0.34499,0.89797,-0.68,1.09,0.15,-0.27131,-0.12,-0.25569,0.92012,-0.68,1.11,0.17,0.25363,-0.23986,-0.23344,0.90755,-0.69,1.1,0.19,0.49101,-0.33933,-0.16517,0.78517,-0.71,1.09,0.19,0.49101,-0.33933,-0.16517,0.78517,-0.81,1.08,0.19
-0.8,1.44,-0.15,-0.8,1.44,-0.15,-0.86,1.1,0.11,0.33132,-0.04603,-0.23255,-0.91325,-0.86,1.06,0.06,0.33132,-0.04603,-0.23255,-0.91325,-0.83,1.08,0.09,0.45793,-0.14845,0.44427,-0.75557,-0.81,1.1,0.1,0.23637,-0.02225,0.38488,-0.89191,-0.8,1.12,0.13,0.12492,-0.00996,0.46652,-0.87559,-0.8,1.12,0.16,0.12492,-0.00996,0.46652,-0.87559,-0.84,1.09,0.09,0.33132,-0.04603,-0.23255,-0.91325,-0.84,1.12,0.13,0.00683,-0.11885,-0.15787,-0.98026,-0.83,1.13,0.17,-0.41295,-0.17921,-0.11734,-0.8852,-0.82,1.11,0.18,-0.56135,-0.169,-0.09115,-0.805,-0.81,1.09,0.19,-0.56135,-0.169,-0.09115,-0.805,-0.85,1.08,0.09,0.33132,-0.04603,-0.23255,-0.91325,-0.86,1.12,0.13,0.08546,-0.07656,-0.23835,-0.96438,-0.86,1.13,0.17,-0.44295,-0.1953,-0.17294,-0.85775,-0.84,1.11,0.19,-0.68638,-0.21639,-0.17325,-0.67234,-0.83,1.09,0.19,-0.68638,-0.21639,-0.17325,-0.67234,-0.87,1.07,0.09,0.33132,-0.04603,-0.23255,-0.91325,-0.88,1.1,0.13,0.13687,-0.04756,-0.2978,-0.94357,-0.88,1.12,0.17,-0.41754,-0.22875,-0.25573,-0.84139,-0.86,1.1,0.19,-0.67957,-0.31877,-0.19021,-0.63277,-0.84,1.08,0.18,-0.67957,-0.31877,-0.19021,-0.63277,-0.88,1.07,0.1,0.26184,0.01076,-0.45985,-0.84845,-0.89,1.09,0.13,0.16667,-0.03756,-0.3749,-0.91118,-0.89,1.1,0.16,-0.32311,-0.21786,-0.37754,-0.84,-0.88,1.09,0.18,-0.56088,-0.36815,-0.29898,-0.67859,-0.86,1.08,0.18,-0.56088,-0.36815,-0.29898,-0.67859,-0.7,1.09,0.12,-0.33486,-0.19079,-0.10867,0.91633,-0.68,1.05,0.07,-0.33486,-0.19079,-0.10867,0.91633,-0.72,1.06,0.09,-0.45172,-0.24251,0.5747,0.63786,-0.75,1.07,0.11,-0.27713,-0.09217,0.5426,0.78759,-0.76,1.09,0.14,-0.21135,-0.08485,0.62332,0.74806,-0.77,1.09,0.16,-0.21135,-0.08485,0.62332,0.74806,-0.71,1.07,0.09,-0.33486,-0.19079,-0.10867,0.91633,-0.73,1.11,0.13,-0.10126,-0.2031,-0.0204,0.97369,-0.75,1.12,0.16,0.27461,-0.20148,0.03195,0.93967,-0.75,1.11,0.18,0.40561,-0.16824,0.05024,0.89702,-0.76,1.09,0.2,0.40561,-0.16824,0.05024,0.89702,-0.7,1.07,0.1,-0.33486,-0.19079,-0.10867,0.91633,-0.71,1.11,0.14,-0.029,-0.20652,-0.05877,0.97624,-0.73,1.12,0.18,0.35741,-0.2138,0.01406,0.90904,-0.74,1.1,0.19,0.51555,-0.19301,-0.00694,0.83481,-0.75,1.08,0.2,0.51555,-0.19301,-0.00694,0.83481,-0.68,1.07,0.1,-0.33486,-0.19079,-0.10867,0.91633,-0.69,1.1,0.14,-0.11582,-0.17781,-0.14151,0.96692,-0.7,1.11,0.18,0.34015,-0.23931,-0.08402,0.90552,-0.72,1.1,0.19,0.55212,-0.27377,-0.0475,0.7861,-0.73,1.08,0.2,0.55212,-0.27377,-0.0475,0.7861,-0.67,1.07,0.11,-0.25263,-0.12741,-0.33841,0.89745,-0.68,1.09,0.15,-0.2796,-0.11846,-0.25007,0.91938,-0.68,1.11,0.17,0.25212,-0.23778,-0.22819,0.90985,-0.69,1.1,0.19,0.48309,-0.33467,-0.16341,0.79242,-0.71,1.09,0.19,0.48309,-0.33467,-0.16341,0.79242,-0.81,1.08,0.19
-0.8,1.44,-0.15,-0.8,1.44,-0.15,-0.86,1.1,0.11,0.34814,-0.04053,-0.19676,-0.91566,-0.86,1.06,0.06,0.34814,-0.04053,-0.19676,-0.91566,-0.83,1.08,0.09,0.44843,-0.13758,0.4848,-0.73821,-0.81,1.1,0.11,0.23483,-0.00065,0.42244,-0.87544,-0.8,1.11,0.14,0.11585,0.01917,0.49955,-0.85829,-0.8,1.12,0.16,0.11585,0.01917,0.49955,-0.85829,-0.84,1.08,0.09,0.34814,-0.04053,-0.19676,-0.91566,-0.84,1.13,0.13,0.02036,-0.09867,-0.12745,-0.98672,-0.83,1.13,0.17,-0.41382,-0.14957,-0.0967,-0.89276,-0.82,1.11,0.18,-0.57197,-0.13716,-0.07409,-0.80532,-0.82,1.09,0.19,-0.57197,-0.13716,-0.07409,-0.80532,-0.85,1.08,0.09,0.34814,-0.04053,-0.19676,-0.91566,-0.86,1.12,0.13,0.10231,-0.06273,-0.20555,-0.97126,-0.86,1.13,0.17,-0.42779,-0.16556,-0.15349,-0.87523,-0.85,1.11,0.19,-0.67412,-0.18344,-0.16469,-0.69627,-0.83,1.09,0.19,-0.67412,-0.18344,-0.16469,-0.69627,-0.87,1.07,0.09,0.34814,-0.04053,-0.19676,-0.91566,-0.88,1.11,0.13,0.15828,-0.03721,-0.26445,-0.95059,-0.88,1.12,0.17,-0.39536,-0.20014,-0.23586,-0.86487,-0.86,1.1,0.18,-0.66372,-0.28562,-0.18238,-0.66681,-0.85,1.09,0.19,-0.66372,-0.28562,-0.18238,-0.66681,-0.88,1.07,0.09,0.28424,0.01359,-0.42817,-0.85773,-0.89,1.09,0.13,0.19157,-0.03061,-0.34135,-0.9197,-0.89,1.1,0.16,-0.297,-0.19376,-0.35462,-0.86516,-0.88,1.09,0.18,-0.5413,-0.33753,-0.2857,-0.71515,-0.86,1.08,0.18,-0.5413,-0.33753,-0.2857,-0.71515,-0.7,1.09,0.12,-0.34153,-0.19532,-0.11105,0.91262,-0.68,1.05,0.07,-0.34153,-0.19532,-0.11105,0.91262,-0.72,1.07,0.09,-0.45742,-0.23815,0.57536,0.63483,-0.75,1.08,0.11,-0.28227,-0.08733,0.54236,0.78647,-0.76,1.09,0.13,-0.21426,-0.07806,0.62308,0.74818,-0.77,1.09,0.16,-0.21426,-0.07806,0.62308,0.74818,-0.71,1.07,0.09,-0.34153,-0.19532,-0.11105,0.91262,-0.73,1.11,0.13,-0.08602,-0.20483,-0.01839,0.97484,-0.75,1.12,0.16,0.31682,-0.20085,0.04041,0.92609,-0.75,1.1,0.18,0.45845,-0.16525,0.06253,0.87098,-0.76,1.09,0.19,0.45845,-0.16525,0.06253,0.87098,-0.7,1.07,0.1,-0.34153,-0.19532,-0.11105,0.91262,-0.71,1.11,0.14,-0.01347,-0.21279,-0.05474,0.97547,-0.73,1.12,0.17,0.37007,-0.21782,0.01988,0.90289,-0.74,1.1,0.19,0.52646,-0.19526,-0.00038,0.82748,-0.75,1.08,0.2,0.52646,-0.19526,-0.00038,0.82748,-0.68,1.07,0.1,-0.34153,-0.19532,-0.11105,0.91262,-0.69,1.11,0.14,-0.10267,-0.18582,-0.13928,0.96723,-0.71,1.12,0.18,0.35087,-0.24478,-0.07894,0.90041,-0.72,1.1,0.19,0.5629,-0.2775,-0.0411,0.77746,-0.73,1.08,0.2,0.5629,-0.2775,-0.0411,0.77746,-0.67,1.07,0.11,-0.25788,-0.13374,-0.3408,0.89413,-0.68,1.09,0.15,-0.28213,-0.12311,-0.25298,0.9172,-0.68,1.11,0.17,0.2649,-0.24714,-0.22464,0.90459,-0.69,1.1,0.18,0.49923,-0.34331,-0.15602,0.78011,-0.71,1.09,0.19,0.49923,-0.34331,-0.15602,0.78011,-0.81,1.08,0.19
-0.8,1.44,-0.15,-0.8,1.44,-0.15,-0.86,1.1,0.11,0.34689,-0.03839,-0.17655,-0.92034,-0.86,1.06,0.06,0.34689,-0.03839,-0.17655,-0.92034,-0.83,1.08,0.09,0.43421,-0.13748,0.50695,-0.73182,-0.81,1.1,0.11,0.22427,0.00629,0.44473,-0.86711,-0.8,1.11,0.14,0.10378,0.02856,0.51955,-0.84763,-0.8,1.11,0.16,0.10378,0.02856,0.51955,-0.84763,-0.84,1.08,0.09,0.34689,-0.03839,-0.17655,-0.92034,-0.84,1.12,0.13,0.01774,-0.08825,-0.11029,-0.98981,-0.83,1.13,0.17,-0.41982,-0.13291,-0.08552,-0.89374,-0.82,1.11,0.18,-0.58238,-0.11911,-0.06515,-0.8015,-0.82,1.09,0.19,-0.58238,-0.11911,-0.06515,-0.8015,-0.85,1.08,0.09,0.34689,-0.03839,-0.17655,-0.92034,-0.86,1.12,0.13,0.10152,-0.05627,-0.18601,-0.97567,-0.86,1.13,0.17,-0.41087,-0.14655,-0.14369,-0.88829,-0.85,1.11,0.19,-0.6487,-0.16221,-0.16313,-0.72544,-0.84,1.09,0.19,-0.6487,-0.16221,-0.16313,-0.72544,-0.87,1.07,0.09,0.34689,-0.03839,-0.17655,-0.92034,-0.88,1.11,0.13,0.16612,-0.03124,-0.24445,-0.95482,-0.88,1.12,0.17,-0.36666,-0.17841,-0.22716,-0.88438,-0.86,1.11,0.19,-0.62897,-0.26073,-0.1853,-0.70857,-0.85,1.09,0.19,-0.62897,-0.26073,-0.1853,-0.70857,-0.88,1.07,0.09,0.28623,0.01695,-0.40944,-0.86611,-0.89,1.09,0.13,0.20516,-0.02319,-0.32107,-0.92428,-0.89,1.1,0.16,-0.26909,-0.17179,-0.34399,-0.88304,-0.88,1.1,0.18,-0.50634,-0.30905,-0.28675,-0.75226,-0.87,1.08,0.18,-0.50634,-0.30905,-0.28675,-0.75226,-0.7,1.09,0.12,-0.33799,-0.19847,-0.11882,0.91228,-0.68,1.05,0.07,-0.33799,-0.19847,-0.11882,0.91228,-0.72,1.07,0.09,-0.46009,-0.24181,0.56748,0.63861,-0.75,1.08,0.11,-0.28298,-0.09278,0.53535,0.79039,-0.76,1.09,0.13,-0.21668,-0.08488,0.61673,0.75199,-0.77,1.09,0.15,-0.21668,-0.08488,0.61673,0.75199,-0.71,1.07,0.09,-0.33799,-0.19847,-0.11882,0.91228,-0.73,1.11,0.13,-0.03342,-0.22182,-0.00425,0.9745,-0.75,1.12,0.16,0.37739,-0.20859,0.06279,0.90007,-0.75,1.1,0.18,0.52099,-0.16835,0.08927,0.83202,-0.76,1.08,0.19,0.52099,-0.16835,0.08927,0.83202,-0.7,1.07,0.1,-0.33799,-0.19847,-0.11882,0.91228,-0.71,1.11,0.14,-0.02157,-0.21995,-0.06175,0.97332,-0.73,1.12,0.17,0.35307,-0.2274,0.01407,0.90743,-0.74,1.1,0.19,0.50998,-0.20675,-0.00482,0.83495,-0.75,1.08,0.2,0.50998,-0.20675,-0.00482,0.83495,-0.68,1.07,0.1,-0.33799,-0.19847,-0.11882,0.91228,-0.69,1.11,0.14,-0.11739,-0.18861,-0.14913,0.96354,-0.71,1.12,0.18,0.33407,-0.25209,-0.08665,0.90407,-0.72,1.1,0.19,0.54917,-0.28687,-0.04583,0.78359,-0.73,1.08,0.2,0.54917,-0.28687,-0.04583,0.78359,-0.67,1.07,0.11,-0.25271,-0.13625,-0.3477,0.89257,-0.68,1.09,0.15,-0.28906,-0.11976,-0.26182,0.91299,-0.68,1.11,0.17,0.27061,-0.25301,-0.23043,0.89981,-0.69,1.1,0.18,0.51464,-0.35234,-0.15552,0.76604,-0.71,1.09,0.19,0.51464,-0.35234,-0.15552,0.76604,-0.81,1.08,0.19
-0.8,1.44,-0.15,-0.8,1.44,-0.15,-0.86,1.1,0.11,0.34405,-0.03675,-0.17616,-0.92155,-0.86,1.06,0.06,0.34405,-0.03675,-0.17616,-0.92155,-0.83,1.08,0.09,0.42613,-0.135,0.5114,-0.73394,-0.81,1.09,0.11,0.2162,0.01072,0.4485,-0.86718,-0.8,1.11,0.14,0.09596,0.03227,0.52247,-0.84662,-0.8,1.11,0.16,0.09596,0.03227,0.52247,-0.84662,-0.84,1.08,0.09,0.34405,-0.03675,-0.17616,-0.92155,-0.84,1.12,0.13,0.01538,-0.08523,-0.1116,-0.98997,-0.83,1.12,0.17,-0.42152,-0.13067,-0.0881,-0.89302,-0.83,1.11,0.18,-0.58625,-0.11761,-0.06765,-0.79868,-0.82,1.09,0.19,-0.58625,-0.11761,-0.06765,-0.79868,-0.85,1.08,0.09,0.34405,-0.03675,-0.17616,-0.92155,-0.86,1.12,0.13,0.09878,-0.05608,-0.18498,-0.97616,-0.86,1.13,0.17,-0.39464,-0.1428,-0.14592,-0.89587,-0.85,1.11,0.19,-0.62039,-0.1584,-0.16832,-0.74947,-0.84,1.09,0.2,-0.62039,-0.1584,-0.16832,-0.74947,-0.87,1.07,0.09,0.34405,-0.03675,-0.17616,-0.92155,-0.88,1.11,0.13,0.17029,-0.03039,-0.24314,-0.95444,-0.88,1.12,0.17,-0.34447,-0.17262,-0.22962,-0.89377,-0.87,1.11,0.19,-0.59699,-0.25408,-0.19272,-0.73614,-0.85,1.09,0.19,-0.59699,-0.25408,-0.19272,-0.73614,-0.88,1.07,0.09,0.28385,0.0193,-0.40894,-0.86708,-0.89,1.09,0.13,0.21193,-0.02203,-0.319,-0.92349,-0.89,1.1,0.16,-0.24792,-0.16484,-0.34489,-0.89017,-0.88,1.1,0.18,-0.47433,-0.29821,-0.29344,-0.77458,-0.87,1.08,0.19,-0.47433,-0.29821,-0.29344,-0.77458,-0.7,1.09,0.12,-0.33273,-0.19774,-0.11644,0.91468,-0.68,1.06,0.07,-0.33273,-0.19774,-0.11644,0.91468,-0.72,1.07,0.09,-0.45581,-0.24518,0.56829,0.63966,-0.75,1.08,0.11,-0.27941,-0.09616,0.53692,0.79019,-0.76,1.09,0.13,-0.2149,-0.08968,0.6182,0.75074,-0.77,1.09,0.15,-0.2149,-0.08968,0.6182,0.75074,-0.71,1.07,0.09,-0.33273,-0.19774,-0.11644,0.91468,-0.73,1.11,0.13,0.00892,-0.2418,0.02543,0.96995,-0.75,1.11,0.16,0.42379,-0.2124,0.10023,0.87478,-0.76,1.09,0.17,0.56608,-0.16518,0.12929,0.79722,-0.76,1.07,0.18,0.56608,-0.16518,0.12929,0.79722,-0.7,1.07,0.1,-0.33273,-0.19774,-0.11644,0.91468,-0.71,1.11,0.13,-0.0385,-0.22275,-0.06062,0.97223,-0.73,1.12,0.17,0.33687,-0.22978,0.01615,0.91294,-0.74,1.1,0.19,0.49847,-0.20956,-0.0021,0.84119,-0.75,1.08,0.2,0.49847,-0.20956,-0.0021,0.84119,-0.68,1.07,0.1,-0.33273,-0.19774,-0.11644,0.91468,-0.69,1.11,0.14,-0.14257,-0.18447,-0.15176,0.96053,-0.7,1.12,0.17,0.31426,-0.25097,-0.08936,0.91119,-0.72,1.1,0.19,0.53785,-0.28704,-0.04654,0.7913,-0.73,1.09,0.2,0.53785,-0.28704,-0.04654,0.7913,-0.67,1.07,0.11,-0.24807,-0.13407,-0.34516,0.89518,-0.68,1.09,0.14,-0.30044,-0.10842,-0.26146,0.91084,-0.68,1.11,0.17,0.26675,-0.24618,-0.23458,0.90178,-0.69,1.1,0.18,0.5208,-0.34879,-0.15755,0.76308,-0.7,1.09,0.19,0.5208,-0.34879,-0.15755,0.76308,-0.81,1.08,0.19
-0.8,1.44,-0.15,-0.8,1.44,-0.15,-0.86,1.1,0.11,0.33909,-0.03694,-0.1813,-0.92238,-0.86,1.06,0.06,0.33909,-0.03694,-0.1813,-0.92238,-0.83,1.08,0.09,0.42326,-0.13368,0.50714,-0.73877,-0.81,1.09,0.11,0.21251,0.011,0.44377,-0.87051,-0.8,1.11,0.14,0.09663,0.02888,0.51838,-0.84918,-0.8,1.11,0.16,0.09663,0.02888,0.51838,-0.84918,-0.84,1.08,0.09,0.33909,-0.03694,-0.1813,-0.92238,-0.84,1.12,0.13,0.01244,-0.0861,-0.11737,-0.98927,-0.83,1.12,0.17,-0.4219,-0.1337,-0.0932,-0.89187,-0.83,1.11,0.18,-0.58686,-0.1216,-0.07201,-0.79726,-0.82,1.09,0.19,-0.58686,-0.1216,-0.07201,-0.79726,-0.85,1.08,0.09,0.33909,-0.03694,-0.1813,-0.92238,-0.86,1.12,0.13,0.0932,-0.05886,-0.18893,-0.97578,-0.86,1.13,0.17,-0.39078,-0.14568,-0.14937,-0.89652,-0.85,1.11,0.19,-0.60962,-0.16127,-0.17175,-0.75688,-0.84,1.09,0.2,-0.60962,-0.16127,-0.17175,-0.75688,-0.87,1.07,0.09,0.33909,-0.03694,-0.1813,-0.92238,-0.88,1.11,0.13,0.16855,-0.03251,-0.24694,-0.9537,-0.88,1.12,0.17,-0.3374,-0.17426,-0.2332,-0.89522,-0.87,1.1,0.19,-0.58426,-0.25564,-0.19711,-0.74461,-0.85,1.09,0.19,-0.58426,-0.25564,-0.19711,-0.74461,-0.88,1.07,0.1,0.27827,0.02017,-0.41339,-0.86676,-0.89,1.09,0.13,0.2107,-0.02526,-0.32197,-0.92266,-0.89,1.1,0.16,-0.24057,-0.16587,-0.34712,-0.89113,-0.88,1.09,0.18,-0.461,-0.29762,-0.29707,-0.78144,-0.87,1.08,0.19,-0.461,-0.29762,-0.29707,-0.78144,-0.7,1.09,0.12,-0.32811,-0.19423,-0.11096,0.91777,-0.68,1.06,0.07,-0.32811,-0.19423,-0.11096,0.91777,-0.72,1.07,0.09,-0.44824,-0.24685,0.57322,0.63997,-0.75,1.08,0.11,-0.27383,-0.09707,0.54209,0.7885,-0.76,1.09,0.13,-0.21096,-0.09208,0.62287,0.74769,-0.77,1.09,0.15,-0.21096,-0.09208,0.62287,0.74769,-0.71,1.07,0.09,-0.32811,-0.19423,-0.11096,0.91777,-0.73,1.11,0.13,0.02683,-0.25201,0.04624,0.96625,-0.75,1.11,0.16,0.43807,-0.2125,0.12323,0.86473,-0.75,1.09,0.17,0.5793,-0.16114,0.15278,0.78429,-0.76,1.07,0.18,0.5793,-0.16114,0.15278,0.78429,-0.7,1.07,0.1,-0.32811,-0.19423,-0.11096,0.91777,-0.71,1.11,0.13,-0.05001,-0.22107,-0.05723,0.97229,-0.73,1.12,0.17,0.32572,-0.2271,0.01852,0.9176,-0.74,1.1,0.19,0.4949,-0.20684,0.00056,0.84397,-0.75,1.08,0.2,0.4949,-0.20684,0.00056,0.84397,-0.68,1.07,0.1,-0.32811,-0.19423,-0.11096,0.91777,-0.69,1.11,0.14,-0.15801,-0.17689,-0.15067,0.95971,-0.7,1.12,0.17,0.30442,-0.24477,-0.09049,0.9161,-0.72,1.11,0.19,0.53595,-0.2817,-0.04725,0.79446,-0.73,1.09,0.2,0.53595,-0.2817,-0.04725,0.79446,-0.67,1.07,0.11,-0.24504,-0.12918,-0.33992,0.89873,-0.68,1.09,0.14,-0.30639,-0.09081,-0.25849,0.91162,-0.68,1.11,0.17,0.25893,-0.22994,-0.24239,0.90627,-0.69,1.1,0.18,0.51676,-0.33641,-0.16872,0.76898,-0.7,1.09,0.19,0.51676,-0.33641,-0.16872,0.76898,-0.81,1.08,0.19
-0.8,1.44,-0.15,-0.8,1.44,-0.15,-0.86,1.1,0.11,0.33386,-0.0375,-0.18667,-0.92319,-0.86,1.06,0.06,0.33386,-0.0375,-0.18667,-0.92319,-0.83,1.08,0.09,0.42386,-0.13272,0.49953,-0.74377,-0.81,1.09,0.11,0.21363,0.00886,0.43567,-0.87434,-0.8,1.11,0.14,0.10734,0.02026,0.51198,-0.85202,-0.8,1.11,0.16,0.10734,0.02026,0.51198,-0.85202,-0.84,1.08,0.09,0.33386,-0.0375,-0.18667,-0.92319,-0.84,1.12,0.13,0.01087,-0.0882,-0.12268,-0.98846,-0.83,1.12,0.17,-0.41991,-0.13752,-0.09753,-0.89177,-0.83,1.1,0.18,-0.58408,-0.12609,-0.07576,-0.79826,-0.82,1.09,0.19,-0.58408,-0.12609,-0.07576,-0.79826,-0.85,1.08,0.09,0.33386,-0.0375,-0.18667,-0.92319,-0.86,1.12,0.13,0.08766,-0.06209,-0.193,-0.9753,-0.86,1.12,0.17,-0.39227,-0.14986,-0.1519,-0.89476,-0.85,1.11,0.19,-0.60853,-0.16547,-0.17332,-0.75649,-0.84,1.09,0.2,-0.60853,-0.16547,-0.17332,-0.75649,-0.87,1.07,0.09,0.33386,-0.0375,-0.18667,-0.92319,-0.88,1.1,0.13,0.16624,-0.03464,-0.25113,-0.95294,-0.88,1.12,0.17,-0.33712,-0.17763,-0.23606,-0.89391,-0.87,1.1,0.19,-0.58171,-0.25929,-0.1993,-0.74475,-0.85,1.08,0.2,-0.58171,-0.25929,-0.1993,-0.74475,-0.88,1.07,0.1,0.27232,0.02072,-0.41801,-0.86642,-0.89,1.09,0.13,0.20834,-0.02797,-0.32559,-0.92185,-0.89,1.1,0.16,-0.23946,-0.16859,-0.34944,-0.89002,-0.88,1.09,0.18,-0.45718,-0.3,-0.29927,-0.78194,-0.87,1.08,0.19,-0.45718,-0.3,-0.29927,-0.78194,-0.7,1.09,0.12,-0.32208,-0.19251,-0.10935,0.92046,-0.68,1.06,0.07,-0.32208,-0.19251,-0.10935,0.92046,-0.72,1.07,0.09,-0.44011,-0.25097,0.5764,0.64116,-0.75,1.07,0.11,-0.26653,-0.10024,0.54629,0.78771,-0.76,1.09,0.13,-0.20638,-0.09768,0.62661,0.74514,-0.77,1.09,0.15,-0.20638,-0.09768,0.62661,0.74514,-0.71,1.07,0.09,-0.32208,-0.19251,-0.10935,0.92046,-0.73,1.11,0.13,0.04145,-0.25863,0.057,0.9634,-0.75,1.11,0.16,0.43935,-0.21529,0.13301,0.86193,-0.75,1.09,0.17,0.5781,-0.16262,0.16255,0.7829,-0.76,1.07,0.18,0.5781,-0.16262,0.16255,0.7829,-0.7,1.07,0.1,-0.32208,-0.19251,-0.10935,0.92046,-0.71,1.11,0.14,-0.05537,-0.21946,-0.05809,0.97231,-0.73,1.12,0.17,0.31684,-0.22608,0.01616,0.921,-0.74,1.1,0.19,0.48888,-0.2067,-0.00177,0.84751,-0.75,1.08,0.2,0.48888,-0.2067,-0.00177,0.84751,-0.68,1.07,0.1,-0.32208,-0.19251,-0.10935,0.92046,-0.69,1.1,0.14,-0.16504,-0.17082,-0.15241,0.95935,-0.7,1.12,0.17,0.29691,-0.24038,-0.0949,0.91927,-0.72,1.11,0.19,0.53016,-0.27886,-0.05228,0.79902,-0.73,1.09,0.2,0.53016,-0.27886,-0.05228,0.79902,-0.67,1.07,0.11,-0.23973,-0.12587,-0.3381,0.90132,-0.68,1.09,0.14,-0.30359,-0.07667,-0.25838,0.91389,-0.68,1.11,0.17,0.2499,-0.21489,-0.25242,0.90976,-0.69,1.1,0.18,0.50551,-0.32473,-0.18372,0.77798,-0.7,1.09,0.19,0.50551,-0.32473,-0.18372,0.77798,-0.81,1.08,0.19
-0.8,1.44,-0.15,-0.8,1.44,-0.15,-0.86,1.1,0.11,0.32607,-0.04098,-0.18456,-0.92625,-0.86,1.06,0.06,0.32607,-0.04098,-0.18456,-0.92625,-0.83,1.08,0.09,0.42143,-0.13873,0.49811,-0.74501,-0.81,1.09,0.11,0.21334,0.00147,0.43577,-0.87441,-0.8,1.11,0.14,0.11375,0.00929,0.51335,-0.85055,-0.8,1.11,0.16,0.11375,0.00929,0.51335,-0.85055,-0.84,1.08,0.09,0.32607,-0.04098,-0.18456,-0.92625,-0.84,1.12,0.13,0.00321,-0.09199,-0.11883,-0.98864,-0.83,1.12,0.17,-0.42815,-0.13919,-0.09228,-0.88814,-0.82,1.1,0.18,-0.59172,-0.12673,-0.06998,-0.79304,-0.82,1.08,0.19,-0.59172,-0.12673,-0.06998,-0.79304,-0.85,1.08,0.09,0.32607,-0.04098,-0.18456,-0.92625,-0.86,1.12,0.13,0.08013,-0.06625,-0.18899,-0.97646,-0.86,1.12,0.18,-0.39823,-0.15128,-0.14662,-0.89277,-0.85,1.11,0.19,-0.61319,-0.16502,-0.16788,-0.75404,-0.83,1.08,0.2,-0.61319,-0.16502,-0.16788,-0.75404,-0.87,1.07,0.09,0.32607,-0.04098,-0.18456,-0.92625,-0.88,1.1,0.14,0.16141,-0.038,-0.24759,-0.95457,-0.88,1.11,0.17,-0.34114,-0.17826,-0.23165,-0.89341,-0.86,1.1,0.19,-0.58476,-0.25835,-0.19522,-0.74377,-0.85,1.08,0.2,-0.58476,-0.25835,-0.19522,-0.74377,-0.88,1.07,0.1,0.26431,0.01943,-0.41544,-0.87016,-0.89,1.09,0.13,0.20261,-0.03099,-0.32221,-0.92421,-0.89,1.1,0.16,-0.24481,-0.16892,-0.34527,-0.89012,-0.88,1.09,0.18,-0.4622,-0.29907,-0.29554,-0.78075,-0.87,1.08,0.19,-0.4622,-0.29907,-0.29554,-0.78075,-0.7,1.09,0.12,-0.31664,-0.19337,-0.12193,0.92059,-0.68,1.06,0.07,-0.31664,-0.19337,-0.12193,0.92059,-0.72,1.07,0.09,-0.43742,-0.25706,0.56893,0.64723,-0.75,1.08,0.11,-0.2624,-0.10811,0.54011,0.7923,-0.76,1.09,0.13,-0.20798,-0.1103,0.62066,0.7479,-0.77,1.09,0.15,-0.20798,-0.1103,0.62066,0.7479,-0.71,1.07,0.09,-0.31664,-0.19337,-0.12193,0.92059,-0.73,1.11,0.13,0.04258,-0.26484,0.04454,0.96232,-0.75,1.11,0.16,0.44096,-0.22589,0.12446,0.85967,-0.76,1.09,0.17,0.58,-0.17447,0.15605,0.78026,-0.76,1.07,0.18,0.58,-0.17447,0.15605,0.78026,-0.7,1.07,0.1,-0.31664,-0.19337,-0.12193,0.92059,-0.71,1.11,0.14,-0.04234,-0.22525,-0.06745,0.97104,-0.73,1.12,0.17,0.33644,-0.23469,0.0117,0.91192,-0.74,1.1,0.19,0.51506,-0.21427,-0.00296,0.82993,-0.75,1.08,0.2,0.51506,-0.21427,-0.00296,0.82993,-0.68,1.07,0.1,-0.31664,-0.19337,-0.12193,0.92059,-0.69,1.1,0.14,-0.13842,-0.17766,-0.15996,0.96109,-0.7,1.12,0.18,0.33151,-0.24982,-0.09639,0.90466,-0.72,1.1,0.19,0.56745,-0.28741,-0.04979,0.77001,-0.73,1.08,0.2,0.56745,-0.28741,-0.04979,0.77001,-0.67,1.07,0.11,-0.23251,-0.12578,-0.34953,0.89886,-0.68,1.09,0.15,-0.27433,-0.08507,-0.26872,0.9194,-0.68,1.11,0.17,0.28855,-0.22786,-0.25443,0.89447,-0.69,1.1,0.19,0.54339,-0.33826,-0.18109,0.74667,-0.7,1.08,0.19,0.54339,-0.33826,-0.18109,0.74667,-0.81,1.08,0.19
-0.8,1.44,-0.15,-0.8,1.44,-0.15,-0.86,1.09,0.11,0.31786,-0.0432,-0.18227,-0.92945,-0.86,1.06,0.06,0.31786,-0.0432,-0.18227,-0.92945,-0.83,1.08,0.09,0.41741,-0.14488,0.49741,-0.74657,-0.81,1.09,0.11,0.20997,-0.00495,0.43672,-0.87474,-0.8,1.1,0.14,0.11514,0.00015,0.51505,-0.84939,-0.8,1.11,0.16,0.11514,0.00015,0.51505,-0.84939,-0.84,1.08,0.09,0.31786,-0.0432,-0.18227,-0.92945,-0.84,1.12,0.13,-0.00469,-0.09515,-0.11485,-0.9888,-0.83,1.12,0.17,-0.43655,-0.14022,-0.08719,-0.8844,-0.82,1.1,0.18,-0.59991,-0.12679,-0.0644,-0.78732,-0.82,1.08,0.19,-0.59991,-0.12679,-0.0644,-0.78732,-0.85,1.07,0.09,0.31786,-0.0432,-0.18227,-0.92945,-0.86,1.11,0.14,0.07297,-0.06888,-0.18528,-0.97755,-0.85,1.12,0.18,-0.40321,-0.15142,-0.14244,-0.89118,-0.84,1.1,0.19,-0.61662,-0.16364,-0.16388,-0.75243,-0.83,1.08,0.2,-0.61662,-0.16364,-0.16388,-0.75243,-0.87,1.07,0.09,0.31786,-0.0432,-0.18227,-0.92945,-0.88,1.1,0.14,0.15667,-0.03966,-0.24426,-0.95615,-0.88,1.11,0.17,-0.34385,-0.17727,-0.22847,-0.89339,-0.86,1.1,0.19,-0.58618,-0.25619,-0.19289,-0.74401,-0.85,1.08,0.2,-0.58618,-0.25619,-0.19289,-0.74401,-0.88,1.06,0.1,0.25616,0.01947,-0.41269,-0.8739,-0.89,1.08,0.14,0.19561,-0.03252,-0.31902,-0.92677,-0.89,1.1,0.16,-0.24958,-0.16729,-0.34217,-0.89031,-0.88,1.09,0.18,-0.46579,-0.29627,-0.29362,-0.78042,-0.87,1.08,0.19,-0.46579,-0.29627,-0.29362,-0.78042,-0.7,1.09,0.12,-0.31243,-0.18484,-0.13716,0.92164,-0.68,1.06,0.07,-0.31243,-0.18484,-0.13716,0.92164,-0.72,1.07,0.09,-0.43728,-0.2585,0.5545,0.65916,-0.75,1.08,0.11,-0.26236,-0.11527,0.52479,0.80154,-0.76,1.09,0.14,-0.21516,-0.12324,0.60601,0.75583,-0.78,1.09,0.16,-0.21516,-0.12324,0.60601,0.75583,-0.71,1.07,0.09,-0.31243,-0.18484,-0.13716,0.92164,-0.73,1.11,0.13,-0.02158,-0.26075,0.00339,0.96516,-0.75,1.11,0.16,0.3771,-0.24132,0.08375,0.89025,-0.76,1.1,0.18,0.52495,-0.1967,0.11696,0.81979,-0.76,1.08,0.19,0.52495,-0.1967,0.11696,0.81979,-0.7,1.07,0.1,-0.31243,-0.18484,-0.13716,0.92164,-0.71,1.11,0.14,-0.02723,-0.22209,-0.08208,0.97118,-0.73,1.12,0.18,0.36989,-0.23719,0.00205,0.89829,-0.74,1.1,0.19,0.56035,-0.21558,-0.00887,0.79966,-0.75,1.08,0.2,0.56035,-0.21558,-0.00887,0.79966,-0.68,1.07,0.1,-0.31243,-0.18484,-0.13716,0.92164,-0.69,1.1,0.14,-0.0857,-0.18107,-0.16642,0.96549,-0.7,1.11,0.18,0.39696,-0.25543,-0.09692,0.87623,-0.72,1.1,0.19,0.63597,-0.29099,-0.04597,0.71327,-0.73,1.07,0.2,0.63597,-0.29099,-0.04597,0.71327,-0.67,1.07,0.11,-0.22805,-0.11678,-0.36405,0.89545,-0.68,1.09,0.15,-0.22423,-0.09421,-0.28029,0.92859,-0.68,1.1,0.17,0.36227,-0.2448,-0.25305,0.86302,-0.69,1.09,0.19,0.62212,-0.35644,-0.16928,0.67622,-0.7,1.08,0.19,0.62212,-0.35644,-0.16928,0.67622,-0.81,1.08,0.19
-0.8,1.44,-0.15,-0.8,1.44,-0.15,-0.86,1.09,0.11,0.31714,-0.04686,-0.18581,-0.92882,-0.86,1.06,0.06,0.31714,-0.04686,-0.18581,-0.92882,-0.83,1.08,0.09,0.41926,-0.14746,0.49459,-0.7469,-0.81,1.09,0.11,0.21038,-0.00784,0.43467,-0.87564,-0.8,1.1,0.14,0.11639,-0.00323,0.51339,-0.85022,-0.8,1.11,0.16,0.11639,-0.00323,0.51339,-0.85022,-0.84,1.08,0.09,0.31714,-0.04686,-0.18581,-0.92882,-0.84,1.12,0.13,-0.00396,-0.10104,-0.11617,-0.98807,-0.83,1.12,0.17,-0.43678,-0.14622,-0.08561,-0.88347,-0.82,1.1,0.18,-0.60061,-0.13245,-0.06159,-0.78608,-0.82,1.08,0.19,-0.60061,-0.13245,-0.06159,-0.78608,-0.85,1.07,0.09,0.31714,-0.04686,-0.18581,-0.92882,-0.86,1.11,0.14,0.07396,-0.07363,-0.18754,-0.9767,-0.85,1.12,0.18,-0.40145,-0.1566,-0.14224,-0.89111,-0.84,1.1,0.19,-0.61468,-0.16865,-0.16246,-0.75321,-0.83,1.08,0.2,-0.61468,-0.16865,-0.16246,-0.75321,-0.87,1.07,0.09,0.31714,-0.04686,-0.18581,-0.92882,-0.87,1.1,0.14,0.15722,-0.04417,-0.24686,-0.95519,-0.87,1.11,0.17,-0.3418,-0.18217,-0.22863,-0.89315,-0.86,1.1,0.19,-0.58343,-0.26079,-0.19175,-0.74487,-0.85,1.08,0.2,-0.58343,-0.26079,-0.19175,-0.74487,-0.88,1.06,0.1,0.25422,0.01592,-0.41582,-0.87305,-0.89,1.08,0.14,0.19337,-0.03765,-0.3217,-0.92612,-0.89,1.1,0.16,-0.24912,-0.17194,-0.34255,-0.8894,-0.88,1.09,0.18,-0.46328,-0.30018,-0.2933,-0.78054,-0.86,1.08,0.19,-0.46328,-0.30018,-0.2933,-0.78054,-0.7,1.09,0.12,-0.29928,-0.1738,-0.11897,0.93063,-0.68,1.06,0.07,-0.29928,-0.1738,-0.11897,0.93063,-0.72,1.07,0.09,-0.43235,-0.26872,0.55122,0.66107,-0.75,1.08,0.11,-0.25876,-0.12723,0.52366,0.80165,-0.77,1.09,0.14,-0.2123,-0.13523,0.60508,0.75533,-0.78,1.09,0.16,-0.2123,-0.13523,0.60508,0.75533,-0.71,1.07,0.1,-0.29928,-0.1738,-0.11897,0.93063,-0.73,1.11,0.14,-0.12041,-0.23647,-0.02197,0.9639,-0.75,1.12,0.17,0.23687,-0.23422,0.03894,0.94208,-0.76,1.11,0.19,0.39203,-0.19882,0.06641,0.89575,-0.76,1.09,0.2,0.39203,-0.19882,0.06641,0.89575,-0.7,1.07,0.1,-0.29928,-0.1738,-0.11897,0.93063,-0.71,1.11,0.14,-0.04649,-0.19907,-0.07825,0.97575,-0.73,1.12,0.18,0.3488,-0.21482,-0.00495,0.91223,-0.74,1.1,0.2,0.54052,-0.19663,-0.02109,0.81776,-0.74,1.08,0.21,0.54052,-0.19663,-0.02109,0.81776,-0.68,1.07,0.11,-0.29928,-0.1738,-0.11897,0.93063,-0.69,1.1,0.15,-0.08104,-0.16192,-0.15345,0.97143,-0.7,1.11,0.18,0.40149,-0.23213,-0.09558,0.88079,-0.72,1.09,0.2,0.64457,-0.26837,-0.05071,0.7141,-0.73,1.07,0.2,0.64457,-0.26837,-0.05071,0.7141,-0.67,1.07,0.11,-0.21999,-0.10177,-0.34666,0.90613,-0.68,1.09,0.15,-0.22396,-0.08156,-0.26145,0.93533,-0.68,1.1,0.18,0.36435,-0.22337,-0.24568,0.87005,-0.69,1.09,0.19,0.63689,-0.33615,-0.16534,0.67383,-0.7,1.08,0.19,0.63689,-0.33615,-0.16534,0.67383,-0.81,1.08,0.19
-0.8,1.44,-0.15,-0.8,1.44,-0.15,-0.86,1.09,0.11,0.3167,-0.04997,-0.18999,-0.92796,-0.86,1.06,0.06,0.3167,-0.04997,-0.18999,-0.92796,-0.83,1.08,0.09,0.41909,-0.14923,0.49331,-0.74749,-0.81,1.09,0.11,0.20736,-0.00857,0.43408,-0.87664,-0.8,1.1,0.14,0.11321,-0.00418,0.51277,-0.85102,-0.8,1.11,0.16,0.11321,-0.00418,0.51277,-0.85102,-0.84,1.08,0.09,0.3167,-0.04997,-0.18999,-0.92796,-0.84,1.12,0.13,-0.00216,-0.10624,-0.11859,-0.98724,-0.83,1.12,0.17,-0.43598,-0.15209,-0.0853,-0.8829,-0.82,1.1,0.18,-0.60095,-0.13829,-0.05995,-0.78494,-0.81,1.08,0.19,-0.60095,-0.13829,-0.05995,-0.78494,-0.85,1.07,0.09,0.3167,-0.04997,-0.18999,-0.92796,-0.86,1.11,0.14,0.0745,-0.07819,-0.19048,-0.97573,-0.85,1.12,0.18,-0.39957,-0.16186,-0.14282,-0.89092,-0.84,1.1,0.19,-0.61264,-0.17393,-0.16178,-0.75382,-0.83,1.08,0.2,-0.61264,-0.17393,-0.16178,-0.75382,-0.87,1.07,0.09,0.3167,-0.04997,-0.18999,-0.92796,-0.87,1.1,0.14,0.15676,-0.04842,-0.25017,-0.9542,-0.87,1.11,0.17,-0.34003,-0.18703,-0.22966,-0.89255,-0.86,1.1,0.19,-0.58089,-0.26561,-0.19146,-0.74523,-0.85,1.08,0.2,-0.58089,-0.26561,-0.19146,-0.74523,-0.88,1.06,0.1,0.25258,0.01282,-0.41957,-0.87178,-0.89,1.08,0.14,0.18971,-0.04259,-0.32517,-0.92545,-0.89,1.1,0.16,-0.25098,-0.17708,-0.34356,-0.88748,-0.88,1.09,0.18,-0.4639,-0.3051,-0.29318,-0.7783,-0.86,1.08,0.19,-0.4639,-0.3051,-0.29318,-0.7783,-0.71,1.09,0.12,-0.27248,-0.16628,-0.08275,0.94407,-0.69,1.06,0.07,-0.27248,-0.16628,-0.08275,0.94407,-0.73,1.06,0.1,-0.42739,-0.27999,0.54524,0.66457,-0.75,1.07,0.11,-0.25529,-0.1413,0.51979,0.80292,-0.77,1.08,0.14,-0.20906,-0.14884,0.6017,0.75637,-0.78,1.08,0.16,-0.20906,-0.14884,0.6017,0.75637,-0.72,1.07,0.1,-0.27248,-0.16628,-0.08275,0.94407,-0.73,1.1,0.14,-0.11589,-0.21205,-0.00168,0.97036,-0.75,1.11,0.18,0.20911,-0.20568,0.04168,0.95511,-0.76,1.1,0.19,0.35096,-0.17132,0.06036,0.9186,-0.76,1.09,0.21,0.35096,-0.17132,0.06036,0.9186,-0.7,1.07,0.1,-0.27248,-0.16628,-0.08275,0.94407,-0.71,1.1,0.15,-0.0965,-0.1692,-0.0643,0.97874,-0.73,1.11,0.19,0.28619,-0.18241,-0.00747,0.94062,-0.74,1.1,0.21,0.47618,-0.16977,-0.0321,0.86221,-0.74,1.08,0.22,0.47618,-0.16977,-0.0321,0.86221,-0.68,1.07,0.11,-0.27248,-0.16628,-0.08275,0.94407,-0.69,1.1,0.15,-0.12992,-0.1324,-0.13157,0.9738,-0.7,1.11,0.19,0.3606,-0.19797,-0.08975,0.90704,-0.71,1.09,0.2,0.61377,-0.23556,-0.05427,0.75157,-0.72,1.07,0.21,0.61377,-0.23556,-0.05427,0.75157,-0.68,1.06,0.11,-0.20044,-0.0864,-0.31076,0.92509,-0.68,1.08,0.15,-0.25386,-0.06128,-0.22399,0.93895,-0.68,1.1,0.18,0.34051,-0.18789,-0.22738,0.89278,-0.69,1.09,0.19,0.63535,-0.29964,-0.15528,0.69458,-0.7,1.07,0.19,0.63535,-0.29964,-0.15528,0.69458,-0.81,1.08,0.19
-0.8,1.44,-0.15,-0.8,1.44,-0.15,-0.86,1.09,0.11,0.31529,-0.05167,-0.19206,-0.92792,-0.86,1.06,0.06,0.31529,-0.05167,-0.19206,-0.92792,-0.83,1.08,0.09,0.41965,-0.15053,0.49114,-0.74834,-0.81,1.09,0.11,0.2064,-0.00987,0.43235,-0.87771,-0.8,1.1,0.14,0.11255,-0.00585,0.5112,-0.85204,-0.8,1.11,0.16,0.11255,-0.00585,0.5112,-0.85204,-0.84,1.08,0.09,0.31529,-0.05167,-0.19206,-0.92792,-0.84,1.12,0.13,-0.00153,-0.10829,-0.12032,-0.98681,-0.83,1.12,0.17,-0.43392,-0.15457,-0.08618,-0.8834,-0.82,1.1,0.18,-0.59862,-0.14087,-0.06049,-0.78623,-0.81,1.08,0.19,-0.59862,-0.14087,-0.06049,-0.78623,-0.85,1.07,0.09,0.31529,-0.05167,-0.19206,-0.92792,-0.86,1.11,0.14,0.07186,-0.08087,-0.19177,-0.97546,-0.85,1.12,0.18,-0.39899,-0.16434,-0.14319,-0.89067,-0.84,1.1,0.19,-0.61099,-0.1763,-0.16167,-0.75464,-0.83,1.08,0.2,-0.61099,-0.1763,-0.16167,-0.75464,-0.87,1.07,0.09,0.31529,-0.05167,-0.19206,-0.92792,-0.87,1.1,0.14,0.153,-0.05147,-0.2515,-0.9543,-0.87,1.11,0.17,-0.34264,-0.18998,-0.22949,-0.89098,-0.86,1.1,0.19,-0.58318,-0.26832,-0.19044,-0.74273,-0.85,1.08,0.2,-0.58318,-0.26832,-0.19044,-0.74273,-0.88,1.06,0.1,0.25057,0.01142,-0.42134,-0.87153,-0.89,1.08,0.14,0.18673,-0.04561,-0.32663,-0.9254,-0.89,1.09,0.16,-0.25433,-0.18037,-0.34339,-0.88593,-0.88,1.09,0.18,-0.46765,-0.30848,-0.29196,-0.77518,-0.86,1.08,0.19,-0.46765,-0.30848,-0.29196,-0.77518,-0.71,1.08,0.13,-0.24418,-0.15537,-0.04426,0.95618,-0.69,1.06,0.07,-0.24418,-0.15537,-0.04426,0.95618,-0.73,1.06,0.1,-0.42474,-0.27818,0.53497,0.6753,-0.75,1.07,0.11,-0.25861,-0.14708,0.50649,0.8093,-0.77,1.08,0.14,-0.21385,-0.15547,0.58932,0.76341,-0.78,1.08,0.16,-0.21385,-0.15547,0.58932,0.76341,-0.72,1.06,0.1,-0.24418,-0.15537,-0.04426,0.95618,-0.74,1.09,0.15,-0.04811,-0.19285,0.04075,0.9792,-0.75,1.1,0.18,0.27516,-0.1721,0.07521,0.94288,-0.76,1.08,0.2,0.40518,-0.13303,0.08893,0.90012,-0.76,1.07,0.22,0.40518,-0.13303,0.08893,0.90012,-0.7,1.07,0.1,-0.24418,-0.15537,-0.04426,0.95618,-0.71,1.1,0.15,-0.11266,-0.14901,-0.03563,0.98175,-0.73,1.11,0.19,0.26213,-0.15314,0.00971,0.95275,-0.73,1.09,0.21,0.4385,-0.13969,-0.02248,0.88753,-0.74,1.08,0.23,0.4385,-0.13969,-0.02248,0.88753,-0.68,1.07,0.11,-0.24418,-0.15537,-0.04426,0.95618,-0.7,1.09,0.15,-0.18145,-0.10902,-0.10275,0.97192,-0.7,1.11,0.19,0.31784,-0.16599,-0.07448,0.93053,-0.71,1.09,0.21,0.57317,-0.20195,-0.04949,0.79262,-0.72,1.07,0.22,0.57317,-0.20195,-0.04949,0.79262,-0.68,1.06,0.11,-0.18048,-0.06758,-0.27224,0.94273,-0.68,1.08,0.15,-0.28755,-0.04581,-0.18233,0.93913,-0.68,1.1,0.18,0.30483,-0.15278,-0.20357,0.91777,-0.68,1.09,0.19,0.61425,-0.25957,-0.14401,0.73115,-0.7,1.07,0.2,0.61425,-0.25957,-0.14401,0.73115,-0.81,1.08,0.19
-0.8,1.44,-0.15,-0.8,1.44,-0.15,-0.86,1.09,0.11,0.31817,-0.05213,-0.18953,-0.92743,-0.86,1.06,0.06,0.31817,-0.05213,-0.18953,-0.92743,-0.83,1.08,0.09,0.42199,-0.14897,0.49285,-0.74621,-0.81,1.09,0.11,0.2083,-0.00762,0.43371,-0.87661,-0.8,1.1,0.14,0.1142,-0.00325,0.51238,-0.85113,-0.8,1.11,0.16,0.1142,-0.00325,0.51238,-0.85113,-0.84,1.08,0.09,0.31817,-0.05213,-0.18953,-0.92743,-0.84,1.12,0.13,0.00119,-0.10729,-0.11811,-0.98719,-0.83,1.12,0.17,-0.42838,-0.15247,-0.08519,-0.88656,-0.82,1.1,0.18,-0.59254,-0.13853,-0.06033,-0.79124,-0.81,1.08,0.19,-0.59254,-0.13853,-0.06033,-0.79124,-0.85,1.07,0.09,0.31817,-0.05213,-0.18953,-0.92743,-0.86,1.11,0.14,0.0716,-0.08103,-0.18918,-0.97597,-0.85,1.12,0.18,-0.39413,-0.16241,-0.1418,-0.89341,-0.84,1.1,0.19,-0.60489,-0.17419,-0.16117,-0.76013,-0.83,1.08,0.2,-0.60489,-0.17419,-0.16117,-0.76013,-0.87,1.07,0.09,0.31817,-0.05213,-0.18953,-0.92743,-0.87,1.1,0.14,0.15287,-0.05244,-0.24891,-0.95495,-0.87,1.11,0.17,-0.34087,-0.18896,-0.22723,-0.89245,-0.86,1.1,0.19,-0.58145,-0.26668,-0.18868,-0.74512,-0.85,1.08,0.2,-0.58145,-0.26668,-0.18868,-0.74512,-0.88,1.06,0.1,0.25362,0.01035,-0.41919,-0.87169,-0.89,1.08,0.14,0.18966,-0.04661,-0.32412,-0.92564,-0.89,1.09,0.16,-0.25394,-0.18113,-0.34045,-0.88702,-0.88,1.09,0.18,-0.46964,-0.30912,-0.28825,-0.77511,-0.86,1.08,0.19,-0.46964,-0.30912,-0.28825,-0.77511,-0.71,1.08,0.13,-0.24192,-0.15236,-0.0489,0.95701,-0.69,1.06,0.07,-0.24192,-0.15236,-0.0489,0.95701,-0.73,1.06,0.1,-0.44013,-0.26667,0.51202,0.68776,-0.75,1.07,0.11,-0.27633,-0.1455,0.47839,0.82074,-0.77,1.08,0.14,-0.24391,-0.1618,0.56195,0.77366,-0.78,1.09,0.16,-0.24391,-0.1618,0.56195,0.77366,-0.72,1.07,0.1,-0.24192,-0.15236,-0.0489,0.95701,-0.73,1.09,0.15,-0.04,-0.19321,0.03794,0.97961,-0.75,1.1,0.18,0.28884,-0.17268,0.07374,0.93879,-0.76,1.08,0.2,0.42362,-0.13319,0.08887,0.89157,-0.76,1.07,0.22,0.42362,-0.13319,0.08887,0.89157,-0.7,1.07,0.1,-0.24192,-0.15236,-0.0489,0.95701,-0.71,1.1,0.15,-0.12013,-0.15235,-0.03999,0.98018,-0.73,1.11,0.19,0.2538,-0.15797,0.00679,0.95425,-0.73,1.1,0.21,0.42735,-0.14554,-0.02473,0.89195,-0.74,1.08,0.23,0.42735,-0.14554,-0.02473,0.89195,-0.68,1.07,0.11,-0.24192,-0.15236,-0.0489,0.95701,-0.69,1.09,0.15,-0.19382,-0.11425,-0.10681,0.96849,-0.7,1.11,0.19,0.30503,-0.17296,-0.07524,0.93348,-0.71,1.09,0.21,0.55501,-0.2091,-0.04914,0.80363,-0.72,1.07,0.22,0.55501,-0.2091,-0.04914,0.80363,-0.68,1.06,0.11,-0.17826,-0.06417,-0.27664,0.94211,-0.68,1.08,0.15,-0.31012,-0.04673,-0.18588,0.93118,-0.68,1.1,0.18,0.26996,-0.155,-0.20706,0.92748,-0.68,1.09,0.19,0.58415,-0.26311,-0.14518,0.75397,-0.7,1.07,0.2,0.58415,-0.26311,-0.14518,0.75397,-0.81,1.08,0.19
-0.8,1.44,-0.15,-0.8,1.44,-0.15,-0.86,1.09,0.11,0.32308,-0.05357,-0.18392,-0.92678,-0.86,1.06,0.06,0.32308,-0.05357,-0.18392,-0.92678,-0.83,1.07,0.09,0.4259,-0.14736,0.49681,-0.74167,-0.81,1.09,0.11,0.21226,-0.00481,0.43735,-0.87387,-0.8,1.1,0.14,0.11692,0.00088,0.51567,-0.84877,-0.8,1.11,0.16,0.11692,0.00088,0.51567,-0.84877,-0.84,1.08,0.09,0.32308,-0.05357,-0.18392,-0.92678,-0.84,1.12,0.13,0.00581,-0.10599,-0.11273,-0.98794,-0.83,1.12,0.17,-0.4214,-0.1488,-0.08143,-0.89087,-0.82,1.1,0.18,-0.58509,-0.13413,-0.05781,-0.79771,-0.81,1.08,0.19,-0.58509,-0.13413,-0.05781,-0.79771,-0.85,1.07,0.09,0.32308,-0.05357,-0.18392,-0.92678,-0.86,1.11,0.14,0.07342,-0.08098,-0.18362,-0.9769,-0.85,1.12,0.18,-0.38879,-0.15916,-0.13766,-0.89697,-0.84,1.1,0.19,-0.59855,-0.1702,-0.15834,-0.76662,-0.83,1.08,0.2,-0.59855,-0.1702,-0.15834,-0.76662,-0.87,1.07,0.09,0.32308,-0.05357,-0.18392,-0.92678,-0.87,1.1,0.14,0.15555,-0.05314,-0.24355,-0.95586,-0.87,1.11,0.17,-0.33692,-0.18651,-0.22264,-0.89562,-0.86,1.1,0.19,-0.57781,-0.26301,-0.18519,-0.75012,-0.85,1.08,0.2,-0.57781,-0.26301,-0.18519,-0.75012,-0.88,1.06,0.1,0.25888,0.00795,-0.41428,-0.87252,-0.89,1.08,0.14,0.19507,-0.04677,-0.31912,-0.92624,-0.89,1.1,0.16,-0.25401,-0.18113,-0.33534,-0.88894,-0.88,1.09,0.18,-0.47281,-0.30859,-0.28253,-0.7755,-0.86,1.08,0.19,-0.47281,-0.30859,-0.28253,-0.7755,-0.71,1.09,0.12,-0.28636,-0.16786,-0.10388,0.93757,-0.69,1.06,0.07,-0.28636,-0.16786,-0.10388,0.93757,-0.73,1.07,0.1,-0.49113,-0.24014,0.4763,0.68867,-0.75,1.08,0.11,-0.31884,-0.12792,0.43681,0.83137,-0.77,1.09,0.13,-0.28989,-0.144,0.52336,0.78824,-0.78,1.1,0.15,-0.28989,-0.144,0.52336,0.78824,-0.72,1.07,0.1,-0.28636,-0.16786,-0.10388,0.93757,-0.73,1.11,0.14,-0.10346,-0.21902,-0.01339,0.97013,-0.75,1.11,0.17,0.25804,-0.21428,0.04135,0.94116,-0.76,1.1,0.19,0.40588,-0.17884,0.06457,0.89393,-0.76,1.09,0.21,0.40588,-0.17884,0.06457,0.89393,-0.7,1.07,0.1,-0.28636,-0.16786,-0.10388,0.93757,-0.71,1.11,0.15,-0.14968,-0.18557,-0.08579,0.96737,-0.73,1.12,0.18,0.24415,-0.20665,-0.0185,0.94728,-0.74,1.11,0.21,0.42357,-0.19836,-0.03998,0.88298,-0.75,1.09,0.22,0.42357,-0.19836,-0.03998,0.88298,-0.68,1.07,0.11,-0.28636,-0.16786,-0.10388,0.93757,-0.69,1.1,0.15,-0.21511,-0.14633,-0.15684,0.95274,-0.7,1.12,0.18,0.28686,-0.2267,-0.10073,0.92529,-0.71,1.1,0.2,0.5351,-0.26788,-0.05794,0.7991,-0.73,1.08,0.21,0.5351,-0.26788,-0.05794,0.7991,-0.68,1.07,0.11,-0.21071,-0.0921,-0.33179,0.9149,-0.68,1.09,0.15,-0.34895,-0.06287,-0.24519,0.90231,-0.68,1.1,0.17,0.22361,-0.2049,-0.24525,0.9208,-0.69,1.1,0.19,0.53182,-0.32227,-0.1619,0.76622,-0.7,1.08,0.2,0.53182,-0.32227,-0.1619,0.76622,-0.81,1.08,0.19
-0.8,1.44,-0.15,-0.8,1.44,-0.15,-0.86,1.09,0.11,0.32657,-0.05786,-0.18158,-0.92576,-0.86,1.06,0.06,0.32657,-0.05786,-0.18158,-0.92576,-0.83,1.07,0.09,0.43145,-0.14867,0.49737,-0.73782,-0.81,1.09,0.11,0.2171,-0.00577,0.43842,-0.87214,-0.8,1.1,0.14,0.11959,0.00187,0.51674,-0.84775,-0.8,1.11,0.16,0.11959,0.00187,0.51674,-0.84775,-0.84,1.08,0.09,0.32657,-0.05786,-0.18158,-0.92576,-0.84,1.12,0.13,0.00949,-0.10906,-0.10916,-0.98798,-0.83,1.12,0.17,-0.41848,-0.15016,-0.07683,-0.89243,-0.82,1.1,0.18,-0.58284,-0.13465,-0.05305,-0.79959,-0.81,1.08,0.19,-0.58284,-0.13465,-0.05305,-0.79959,-0.85,1.07,0.09,0.32657,-0.05786,-0.18158,-0.92576,-0.86,1.11,0.14,0.07538,-0.08464,-0.18036,-0.97705,-0.85,1.12,0.18,-0.38702,-0.1609,-0.1331,-0.89812,-0.84,1.1,0.19,-0.59772,-0.17098,-0.15352,-0.76807,-0.83,1.08,0.2,-0.59772,-0.17098,-0.15352,-0.76807,-0.87,1.07,0.09,0.32657,-0.05786,-0.18158,-0.92576,-0.87,1.1,0.14,0.15711,-0.05748,-0.24067,-0.95608,-0.87,1.11,0.17,-0.33632,-0.18902,-0.2179,-0.89648,-0.86,1.1,0.19,-0.57864,-0.26424,-0.17966,-0.75039,-0.85,1.08,0.2,-0.57864,-0.26424,-0.17966,-0.75039,-0.88,1.06,0.1,0.26172,0.00298,-0.41222,-0.87268,-0.89,1.08,0.14,0.19837,-0.05036,-0.31677,-0.92616,-0.89,1.1,0.16,-0.25659,-0.18542,-0.33084,-0.889,-0.88,1.09,0.18,-0.48036,-0.31304,-0.27544,-0.77162,-0.86,1.08,0.19,-0.48036,-0.31304,-0.27544,-0.77162,-0.7,1.1,0.12,-0.33559,-0.19189,-0.14974,0.91002,-0.68,1.06,0.07,-0.33559,-0.19189,-0.14974,0.91002,-0.72,1.07,0.09,-0.51678,-0.22219,0.48394,0.67035,-0.75,1.09,0.1,-0.33042,-0.10071,0.44412,0.8267,-0.76,1.1,0.13,-0.28309,-0.10562,0.53143,0.79138,-0.78,1.11,0.15,-0.28309,-0.10562,0.53143,0.79138,-0.71,1.08,0.09,-0.33559,-0.19189,-0.14974,0.91002,-0.73,1.12,0.13,-0.15286,-0.25037,-0.04882,0.95476,-0.75,1.13,0.16,0.26142,-0.25594,0.03509,0.93001,-0.76,1.12,0.18,0.42328,-0.22015,0.06932,0.87611,-0.76,1.1,0.19,0.42328,-0.22015,0.06932,0.87611,-0.7,1.07,0.1,-0.33559,-0.19189,-0.14974,0.91002,-0.71,1.12,0.14,-0.15049,-0.22346,-0.11476,0.95616,-0.73,1.13,0.17,0.28051,-0.25393,-0.01907,0.92546,-0.74,1.12,0.19,0.47192,-0.24226,-0.02842,0.84723,-0.75,1.1,0.2,0.47192,-0.24226,-0.02842,0.84723,-0.68,1.07,0.1,-0.33559,-0.19189,-0.14974,0.91002,-0.69,1.11,0.14,-0.20313,-0.18767,-0.19038,0.94195,-0.7,1.12,0.17,0.31043,-0.28041,-0.10429,0.90229,-0.72,1.11,0.19,0.55653,-0.31933,-0.04518,0.76568,-0.73,1.09,0.2,0.55653,-0.31933,-0.04518,0.76568,-0.68,1.07,0.11,-0.24746,-0.13026,-0.37694,0.88301,-0.68,1.09,0.15,-0.37016,-0.08774,-0.29656,0.87598,-0.68,1.11,0.17,0.20475,-0.2592,-0.26943,0.9046,-0.69,1.11,0.18,0.50204,-0.37988,-0.16607,0.75899,-0.7,1.1,0.19,0.50204,-0.37988,-0.16607,0.75899,-0.81,1.08,0.19
-0.8,1.44,-0.15,-0.8,1.44,-0.15,-0.86,1.09,0.11,0.32871,-0.05695,-0.1814,-0.9251,-0.86,1.06,0.06,0.32871,-0.05695,-0.1814,-0.9251,-0.83,1.07,0.09,0.43159,-0.14672,0.4987,-0.73722,-0.81,1.09,0.11,0.21674,-0.00311,0.43925,-0.87182,-0.8,1.1,0.14,0.11926,0.00441,0.51732,-0.84743,-0.8,1.11,0.16,0.11926,0.00441,0.51732,-0.84743,-0.84,1.08,0.09,0.32871,-0.05695,-0.1814,-0.9251,-0.84,1.12,0.13,0.01036,-0.10791,-0.10931,-0.98808,-0.83,1.12,0.17,-0.42024,-0.14942,-0.07703,-0.89171,-0.82,1.1,0.18,-0.58583,-0.13407,-0.05307,-0.79751,-0.81,1.08,0.19,-0.58583,-0.13407,-0.05307,-0.79751,-0.85,1.07,0.09,0.32871,-0.05695,-0.1814,-0.9251,-0.86,1.11,0.14,0.07489,-0.08401,-0.18035,-0.97714,-0.85,1.12,0.18,-0.38775,-0.16037,-0.13334,-0.89786,-0.84,1.1,0.19,-0.59884,-0.17054,-0.15381,-0.76724,-0.83,1.08,0.2,-0.59884,-0.17054,-0.15381,-0.76724,-0.87,1.07,0.09,0.32871,-0.05695,-0.1814,-0.9251,-0.87,1.1,0.14,0.15635,-0.05715,-0.24065,-0.95623,-0.87,1.11,0.17,-0.33726,-0.18875,-0.21802,-0.89616,-0.86,1.1,0.19,-0.58031,-0.26414,-0.17964,-0.74913,-0.85,1.08,0.2,-0.58031,-0.26414,-0.17964,-0.74913,-0.88,1.06,0.1,0.26402,0.00333,-0.41222,-0.87199,-0.89,1.08,0.14,0.19919,-0.04979,-0.31693,-0.92596,-0.89,1.1,0.16,-0.25965,-0.18644,-0.3306,-0.88799,-0.88,1.09,0.18,-0.48632,-0.31498,-0.27389,-0.76764,-0.86,1.08,0.19,-0.48632,-0.31498,-0.27389,-0.76764,-0.7,1.1,0.11,-0.34994,-0.21341,-0.14526,0.9005,-0.68,1.06,0.07,-0.34994,-0.21341,-0.14526,0.9005,-0.72,1.07,0.09,-0.50331,-0.22983,0.52551,0.6463,-0.75,1.08,0.1,-0.32117,-0.09505,0.48935,0.8052,-0.77,1.1,0.13,-0.25474,-0.08602,0.57453,0.77306,-0.78,1.11,0.15,-0.25474,-0.08602,0.57453,0.77306,-0.71,1.08,0.09,-0.34994,-0.21341,-0.14526,0.9005,-0.73,1.12,0.12,-0.07157,-0.27317,-0.00707,0.95927,-0.75,1.12,0.16,0.38868,-0.25234,0.09666,0.88086,-0.76,1.11,0.17,0.5534,-0.20249,0.13715,0.7962,-0.76,1.09,0.18,0.5534,-0.20249,0.13715,0.7962,-0.7,1.07,0.1,-0.34994,-0.21341,-0.14526,0.9005,-0.71,1.12,0.13,-0.11964,-0.24629,-0.09534,0.95705,-0.73,1.13,0.17,0.3287,-0.26546,0.01398,0.90625,-0.74,1.11,0.19,0.53213,-0.24279,0.01008,0.81104,-0.75,1.09,0.19,0.53213,-0.24279,0.01008,0.81104,-0.68,1.07,0.1,-0.34994,-0.21341,-0.14526,0.9005,-0.69,1.11,0.14,-0.18103,-0.21165,-0.17743,0.9439,-0.71,1.13,0.17,0.33913,-0.29413,-0.07906,0.89007,-0.72,1.11,0.19,0.59063,-0.32407,-0.01454,0.73886,-0.73,1.09,0.19,0.59063,-0.32407,-0.01454,0.73886,-0.68,1.07,0.11,-0.2577,-0.15532,-0.37226,0.878,-0.68,1.1,0.14,-0.33884,-0.11392,-0.29402,0.88643,-0.68,1.12,0.17,0.25607,-0.28118,-0.24831,0.8909,-0.69,1.11,0.18,0.54356,-0.39192,-0.14202,0.72854,-0.71,1.09,0.18,0.54356,-0.39192,-0.14202,0.72854,-0.81,1.08,0.19
-0.8,1.44,-0.15,-0.8,1.44,-0.15,-0.86,1.09,0.11,0.32884,-0.05437,-0.18216,-0.92505,-0.86,1.06,0.06,0.32884,-0.05437,-0.18216,-0.92505,-0.83,1.07,0.09,0.42987,-0.14475,0.499,-0.73842,-0.81,1.09,0.11,0.21514,-0.00107,0.43895,-0.87237,-0.8,1.1,0.14,0.11839,0.0057,0.5169,-0.8478,-0.8,1.11,0.16,0.11839,0.0057,0.5169,-0.8478,-0.84,1.08,0.09,0.32884,-0.05437,-0.18216,-0.92505,-0.84,1.12,0.13,0.01059,-0.10531,-0.11119,-0.98815,-0.83,1.12,0.17,-0.42341,-0.14821,-0.07927,-0.89021,-0.82,1.1,0.18,-0.59134,-0.13351,-0.0549,-0.7934,-0.82,1.08,0.19,-0.59134,-0.13351,-0.0549,-0.7934,-0.85,1.07,0.09,0.32884,-0.05437,-0.18216,-0.92505,-0.86,1.11,0.14,0.07243,-0.08179,-0.18178,-0.97725,-0.85,1.12,0.18,-0.38933,-0.15893,-0.13575,-0.89707,-0.84,1.1,0.19,-0.6011,-0.16974,-0.15632,-0.76513,-0.83,1.08,0.2,-0.6011,-0.16974,-0.15632,-0.76513,-0.87,1.07,0.09,0.32884,-0.05437,-0.18216,-0.92505,-0.87,1.1,0.14,0.15278,-0.05553,-0.24166,-0.95665,-0.87,1.11,0.17,-0.34017,-0.18763,-0.21983,-0.89485,-0.86,1.1,0.19,-0.58428,-0.2638,-0.18132,-0.74575,-0.85,1.08,0.2,-0.58428,-0.2638,-0.18132,-0.74575,-0.88,1.06,0.1,0.26457,0.00577,-0.41301,-0.87143,-0.89,1.08,0.14,0.19843,-0.04794,-0.31791,-0.92588,-0.89,1.1,0.16,-0.26264,-0.18608,-0.33189,-0.8867,-0.88,1.09,0.18,-0.49251,-0.31616,-0.27402,-0.76314,-0.86,1.08,0.19,-0.49251,-0.31616,-0.27402,-0.76314,-0.7,1.1,0.11,-0.34829,-0.2048,-0.12961,0.90551,-0.68,1.06,0.07,-0.34829,-0.2048,-0.12961,0.90551,-0.72,1.07,0.09,-0.47721,-0.22586,0.55665,0.64141,-0.75,1.08,0.1,-0.30826,-0.08751,0.51824,0.79294,-0.76,1.09,0.13,-0.24306,-0.07932,0.60104,0.75722,-0.77,1.1,0.15,-0.24306,-0.07932,0.60104,0.75722,-0.71,1.07,0.09,-0.34829,-0.2048,-0.12961,0.90551,-0.73,1.12,0.13,-0.01518,-0.26231,0.02345,0.96458,-0.75,1.12,0.16,0.44758,-0.22626,0.11995,0.85679,-0.76,1.1,0.17,0.60901,-0.17129,0.15755,0.75825,-0.76,1.08,0.18,0.60901,-0.17129,0.15755,0.75825,-0.7,1.07,0.1,-0.34829,-0.2048,-0.12961,0.90551,-0.71,1.12,0.13,-0.09734,-0.23407,-0.0786,0.96414,-0.73,1.13,0.17,0.34853,-0.2468,0.02243,0.90394,-0.74,1.11,0.19,0.55256,-0.22128,0.01475,0.80343,-0.75,1.09,0.19,0.55256,-0.22128,0.01475,0.80343,-0.68,1.07,0.1,-0.34829,-0.2048,-0.12961,0.90551,-0.69,1.11,0.14,-0.16673,-0.19638,-0.16409,0.95221,-0.71,1.12,0.17,0.35101,-0.27339,-0.07729,0.89223,-0.72,1.11,0.19,0.60381,-0.30354,-0.01889,0.73683,-0.73,1.09,0.19,0.60381,-0.30354,-0.01889,0.73683,-0.67,1.07,0.11,-0.25999,-0.14566,-0.35807,0.88486,-0.68,1.09,0.14,-0.32141,-0.09763,-0.28023,0.89924,-0.68,1.11,0.17,0.27871,-0.25905,-0.2469,0.89121,-0.69,1.11,0.18,0.559,-0.36982,-0.15228,0.72634,-0.7,1.09,0.18,0.559,-0.36982,-0.15228,0.72634,-0.81,1.08,0.19
-0.8,1.44,-0.15,-0.8,1.44,-0.15,-0.86,1.09,0.11,0.32841,-0.05151,-0.18051,-0.9257,-0.86,1.06,0.06,0.32841,-0.05151,-0.18051,-0.9257,-0.83,1.07,0.09,0.42591,-0.14355,0.50216,-0.7388,-0.81,1.09,0.11,0.21202,0.00102,0.44175,-0.87173,-0.8,1.1,0.14,0.11597,0.00723,0.51937,-0.84661,-0.8,1.11,0.16,0.11597,0.00723,0.51937,-0.84661,-0.84,1.08,0.09,0.32841,-0.05151,-0.18051,-0.9257,-0.84,1.12,0.13,0.01095,-0.10196,-0.1107,-0.98855,-0.83,1.12,0.17,-0.42579,-0.14523,-0.07987,-0.88951,-0.82,1.1,0.19,-0.59609,-0.1309,-0.05551,-0.79022,-0.82,1.08,0.19,-0.59609,-0.1309,-0.05551,-0.79022,-0.85,1.07,0.09,0.32841,-0.05151,-0.18051,-0.9257,-0.86,1.11,0.14,0.07008,-0.07891,-0.18077,-0.97785,-0.85,1.12,0.18,-0.39132,-0.15584,-0.13625,-0.89667,-0.84,1.1,0.19,-0.60375,-0.16686,-0.15742,-0.76345,-0.83,1.08,0.2,-0.60375,-0.16686,-0.15742,-0.76345,-0.87,1.07,0.09,0.32841,-0.05151,-0.18051,-0.9257,-0.87,1.1,0.14,0.14881,-0.05343,-0.24024,-0.95775,-0.87,1.11,0.17,-0.34362,-0.18484,-0.21982,-0.89411,-0.86,1.1,0.19,-0.58891,-0.26134,-0.18179,-0.74286,-0.85,1.08,0.2,-0.58891,-0.26134,-0.18179,-0.74286,-0.88,1.06,0.1,0.26497,0.00875,-0.41154,-0.87198,-0.89,1.08,0.14,0.19634,-0.04577,-0.31659,-0.92689,-0.89,1.1,0.16,-0.26601,-0.18382,-0.33157,-0.88629,-0.88,1.09,0.18,-0.49842,-0.3148,-0.27352,-0.76004,-0.86,1.08,0.19,-0.49842,-0.3148,-0.27352,-0.76004,-0.7,1.09,0.12,-0.33284,-0.19434,-0.11625,0.91539,-0.68,1.06,0.07,-0.33284,-0.19434,-0.11625,0.91539,-0.72,1.07,0.09,-0.45416,-0.23379,0.56956,0.64396,-0.75,1.08,0.11,-0.29372,-0.09584,0.53198,0.78838,-0.76,1.09,0.13,-0.23808,-0.09513,0.6136,0.74684,-0.77,1.1,0.15,-0.23808,-0.09513,0.6136,0.74684,-0.71,1.07,0.09,-0.33284,-0.19434,-0.11625,0.91539,-0.73,1.11,0.13,0.00972,-0.25412,0.03807,0.96637,-0.75,1.11,0.16,0.45893,-0.21322,0.12594,0.85326,-0.75,1.09,0.17,0.61619,-0.15779,0.16048,0.75476,-0.76,1.07,0.18,0.61619,-0.15779,0.16048,0.75476,-0.7,1.07,0.1,-0.33284,-0.19434,-0.11625,0.91539,-0.71,1.11,0.14,-0.07858,-0.2208,-0.06796,0.96977,-0.73,1.12,0.17,0.34736,-0.23047,0.02076,0.90873,-0.74,1.11,0.19,0.54674,-0.20621,0.00855,0.81147,-0.75,1.08,0.2,0.54674,-0.20621,0.00855,0.81147,-0.68,1.07,0.1,-0.33284,-0.19434,-0.11625,0.91539,-0.69,1.11,0.14,-0.15197,-0.1799,-0.15391,0.95961,-0.7,1.12,0.18,0.34965,-0.25215,-0.082,0.89858,-0.72,1.1,0.19,0.59912,-0.285,-0.03121,0.74757,-0.73,1.08,0.2,0.59912,-0.285,-0.03121,0.74757,-0.67,1.07,0.11,-0.24889,-0.1307,-0.3452,0.89544,-0.68,1.09,0.15,-0.30726,-0.07805,-0.26688,0.9101,-0.68,1.11,0.17,0.28403,-0.23136,-0.2506,0.8961,-0.69,1.1,0.18,0.55476,-0.34336,-0.17009,0.73853,-0.7,1.09,0.19,0.55476,-0.34336,-0.17009,0.73853,-0.81,1.08,0.19
-0.8,1.44,-0.15,-0.8,1.44,-0.15,-0.86,1.09,0.11,0.32942,-0.05163,-0.17932,-0.92556,-0.86,1.06,0.06,0.32942,-0.05163,-0.17932,-0.92556,-0.83,1.07,0.09,0.42422,-0.14318,0.50525,-0.73774,-0.81,1.09,0.11,0.21117,0.00216,0.44474,-0.87041,-0.8,1.1,0.14,0.11562,0.00822,0.52215,-0.84494,-0.8,1.11,0.16,0.11562,0.00822,0.52215,-0.84494,-0.84,1.08,0.09,0.32942,-0.05163,-0.17932,-0.92556,-0.84,1.12,0.13,0.01285,-0.10194,-0.10937,-0.98868,-0.83,1.12,0.17,-0.42655,-0.1449,-0.07828,-0.88934,-0.82,1.1,0.19,-0.59827,-0.13038,-0.05371,-0.78879,-0.82,1.08,0.19,-0.59827,-0.13038,-0.05371,-0.78879,-0.85,1.07,0.09,0.32942,-0.05163,-0.17932,-0.92556,-0.86,1.11,0.14,0.07061,-0.07915,-0.17937,-0.97805,-0.85,1.12,0.18,-0.3921,-0.15559,-0.13471,-0.89661,-0.84,1.1,0.19,-0.60589,-0.16636,-0.15583,-0.7622,-0.83,1.08,0.2,-0.60589,-0.16636,-0.15583,-0.7622,-0.87,1.07,0.09,0.32942,-0.05163,-0.17932,-0.92556,-0.87,1.1,0.14,0.14738,-0.05426,-0.23883,-0.95828,-0.87,1.11,0.17,-0.34536,-0.18485,-0.2182,-0.89384,-0.86,1.1,0.19,-0.59185,-0.26107,-0.17992,-0.74107,-0.85,1.08,0.2,-0.59185,-0.26107,-0.17992,-0.74107,-0.88,1.06,0.1,0.26609,0.00843,-0.4105,-0.87213,-0.89,1.08,0.14,0.19527,-0.04674,-0.31543,-0.92746,-0.89,1.1,0.16,-0.26706,-0.18397,-0.33016,-0.88647,-0.88,1.09,0.18,-0.5005,-0.31485,-0.27183,-0.75926,-0.86,1.08,0.19,-0.5005,-0.31485,-0.27183,-0.75926,-0.7,1.09,0.12,-0.32555,-0.1894,-0.11382,0.91934,-0.68,1.06,0.07,-0.32555,-0.1894,-0.11382,0.91934,-0.72,1.07,0.09,-0.44597,-0.23846,0.57076,0.6469,-0.75,1.08,0.11,-0.28738,-0.1011,0.5339,0.78876,-0.76,1.09,0.14,-0.23808,-0.10556,0.61506,0.74423,-0.77,1.09,0.16,-0.23808,-0.10556,0.61506,0.74423,-0.71,1.07,0.09,-0.32555,-0.1894,-0.11382,0.91934,-0.73,1.11,0.13,0.0188,-0.25484,0.04325,0.96583,-0.75,1.11,0.16,0.44692,-0.21421,0.12584,0.85938,-0.75,1.09,0.18,0.60005,-0.15992,0.15892,0.76754,-0.76,1.07,0.18,0.60005,-0.15992,0.15892,0.76754,-0.7,1.07,0.1,-0.32555,-0.1894,-0.11382,0.91934,-0.71,1.11,0.14,-0.06938,-0.21694,-0.06568,0.9715,-0.73,1.12,0.18,0.3406,-0.22623,0.01725,0.91242,-0.74,1.1,0.19,0.53447,-0.20369,0.00314,0.82027,-0.75,1.08,0.2,0.53447,-0.20369,0.00314,0.82027,-0.68,1.07,0.1,-0.32555,-0.1894,-0.11382,0.91934,-0.69,1.1,0.14,-0.14507,-0.17387,-0.15232,0.96204,-0.7,1.12,0.18,0.34613,-0.24499,-0.08642,0.9015,-0.72,1.1,0.19,0.59137,-0.27964,-0.03891,0.75536,-0.73,1.08,0.2,0.59137,-0.27964,-0.03891,0.75536,-0.67,1.07,0.11,-0.24312,-0.12381,-0.34274,0.89894,-0.68,1.09,0.15,-0.30012,-0.06913,-0.26418,0.91398,-0.67,1.11,0.17,0.28179,-0.21939,-0.25567,0.89838,-0.69,1.1,0.19,0.54859,-0.33294,-0.18057,0.74539,-0.7,1.09,0.19,0.54859,-0.33294,-0.18057,0.74539,-0.81,1.08,0.19
-0.8,1.44,-0.15,-0.8,1.44,-0.15,-0.86,1.09,0.11,0.32792,-0.05188,-0.17875,-0.92619,-0.86,1.06,0.06,0.32792,-0.05188,-0.17875,-0.92619,-0.83,1.07,0.09,0.42356,-0.14469,0.5051,-0.73793,-0.81,1.09,0.11,0.21065,0.00058,0.44501,-0.8704,-0.8,1.1,0.14,0.1152,0.00664,0.52252,-0.84478,-0.8,1.11,0.16,0.1152,0.00664,0.52252,-0.84478,-0.84,1.08,0.09,0.32792,-0.05188,-0.17875,-0.92619,-0.84,1.12,0.13,0.01294,-0.1023,-0.10866,-0.98872,-0.83,1.12,0.17,-0.42684,-0.14494,-0.07743,-0.88927,-0.82,1.1,0.19,-0.59943,-0.13033,-0.05269,-0.78799,-0.82,1.08,0.19,-0.59943,-0.13033,-0.05269,-0.78799,-0.85,1.07,0.09,0.32792,-0.05188,-0.17875,-0.92619,-0.86,1.11,0.14,0.06909,-0.07968,-0.17844,-0.97828,-0.85,1.12,0.18,-0.39351,-0.15559,-0.13365,-0.89615,-0.84,1.1,0.19,-0.6076,-0.16607,-0.15473,-0.76112,-0.83,1.08,0.2,-0.6076,-0.16607,-0.15473,-0.76112,-0.87,1.07,0.09,0.32792,-0.05188,-0.17875,-0.92619,-0.87,1.1,0.14,0.14506,-0.0549,-0.23793,-0.95882,-0.87,1.11,0.17,-0.34766,-0.18487,-0.21716,-0.8932,-0.86,1.1,0.19,-0.59455,-0.26083,-0.17881,-0.73926,-0.85,1.08,0.2,-0.59455,-0.26083,-0.17881,-0.73926,-0.88,1.06,0.1,0.26465,0.0086,-0.40986,-0.87287,-0.89,1.08,0.14,0.19326,-0.04681,-0.31482,-0.92809,-0.89,1.1,0.16,-0.2698,-0.18383,-0.32948,-0.88592,-0.88,1.09,0.18,-0.50427,-0.31491,-0.27089,-0.75708,-0.86,1.08,0.19,-0.50427,-0.31491,-0.27089,-0.75708,-0.7,1.09,0.12,-0.3228,-0.18535,-0.11824,0.92058,-0.68,1.05,0.07,-0.3228,-0.18535,-0.11824,0.92058,-0.72,1.07,0.09,-0.44639,-0.24011,0.56405,0.65187,-0.75,1.08,0.11,-0.28655,-0.10434,0.52729,0.79308,-0.76,1.09,0.14,-0.23591,-0.10787,0.609,0.74955,-0.77,1.09,0.16,-0.23591,-0.10787,0.609,0.74955,-0.71,1.07,0.09,-0.3228,-0.18535,-0.11824,0.92058,-0.73,1.11,0.13,0.02086,-0.25536,0.03935,0.96582,-0.75,1.11,0.16,0.43675,-0.21802,0.1195,0.86454,-0.75,1.09,0.18,0.58744,-0.16558,0.1522,0.77739,-0.76,1.07,0.18,0.58744,-0.16558,0.1522,0.77739,-0.7,1.07,0.1,-0.3228,-0.18535,-0.11824,0.92058,-0.71,1.11,0.14,-0.06192,-0.21564,-0.06923,0.97205,-0.73,1.12,0.18,0.34634,-0.22644,0.01316,0.91027,-0.74,1.1,0.19,0.53996,-0.20434,-0.00067,0.81651,-0.74,1.08,0.2,0.53996,-0.20434,-0.00067,0.81651,-0.68,1.07,0.1,-0.3228,-0.18535,-0.11824,0.92058,-0.69,1.1,0.14,-0.1375,-0.17129,-0.15633,0.96297,-0.7,1.12,0.18,0.35115,-0.24421,-0.09178,0.89924,-0.71,1.1,0.19,0.59546,-0.28028,-0.04435,0.7516,-0.73,1.08,0.2,0.59546,-0.28028,-0.04435,0.7516,-0.67,1.07,0.11,-0.24066,-0.11923,-0.34696,0.8986,-0.67,1.09,0.15,-0.29209,-0.06571,-0.26807,0.9157,-0.67,1.11,0.17,0.28348,-0.21657,-0.26194,0.89673,-0.68,1.1,0.19,0.54859,-0.3321,-0.18779,0.74397,-0.7,1.08,0.19,0.54859,-0.3321,-0.18779,0.74397,-0.81,1.08,0.19
-0.8,1.44,-0.15,-0.8,1.44,-0.15,-0.86,1.09,0.11,0.3257,-0.04989,-0.1771,-0.9274,-0.86,1.06,0.06,0.3257,-0.04989,-0.1771,-0.9274,-0.83,1.07,0.09,0.42054,-0.14559,0.5063,-0.73865,-0.81,1.09,0.11,0.207,0.00062,0.44652,-0.8705,-0.8,1.1,0.14,0.11114,0.00672,0.52379,-0.84454,-0.8,1.11,0.16,0.11114,0.00672,0.52379,-0.84454,-0.84,1.08,0.09,0.3257,-0.04989,-0.1771,-0.9274,-0.84,1.12,0.13,0.01061,-0.1006,-0.1073,-0.98907,-0.83,1.12,0.17,-0.42903,-0.14275,-0.07699,-0.88861,-0.82,1.1,0.19,-0.60179,-0.1281,-0.05256,-0.78656,-0.82,1.08,0.19,-0.60179,-0.1281,-0.05256,-0.78656,-0.85,1.07,0.09,0.3257,-0.04989,-0.1771,-0.9274,-0.86,1.11,0.14,0.06641,-0.07782,-0.177,-0.97888,-0.85,1.12,0.18,-0.39419,-0.15296,-0.13358,-0.89631,-0.84,1.1,0.2,-0.6076,-0.16339,-0.15539,-0.76157,-0.83,1.08,0.2,-0.6076,-0.16339,-0.15539,-0.76157,-0.87,1.07,0.09,0.3257,-0.04989,-0.1771,-0.9274,-0.87,1.1,0.14,0.14254,-0.05312,-0.23633,-0.95969,-0.87,1.11,0.17,-0.34891,-0.18213,-0.21696,-0.89332,-0.86,1.1,0.19,-0.59571,-0.25813,-0.17948,-0.73911,-0.85,1.08,0.2,-0.59571,-0.25813,-0.17948,-0.73911,-0.88,1.06,0.1,0.26313,0.01118,-0.40824,-0.87406,-0.89,1.08,0.14,0.19121,-0.04495,-0.31321,-0.92915,-0.89,1.1,0.16,-0.27195,-0.18128,-0.32896,-0.88598,-0.88,1.09,0.18,-0.50697,-0.31252,-0.27103,-0.75621,-0.86,1.08,0.19,-0.50697,-0.31252,-0.27103,-0.75621,-0.7,1.09,0.12,-0.32568,-0.18371,-0.11989,0.91968,-0.68,1.05,0.07,-0.32568,-0.18371,-0.11989,0.91968,-0.72,1.07,0.09,-0.449,-0.23861,0.56218,0.65224,-0.75,1.08,0.11,-0.28824,-0.10299,0.52512,0.79408,-0.76,1.09,0.14,-0.23528,-0.10475,0.60712,0.75172,-0.77,1.09,0.16,-0.23528,-0.10475,0.60712,0.75172,-0.71,1.07,0.09,-0.32568,-0.18371,-0.11989,0.91968,-0.73,1.11,0.13,0.01972,-0.25423,0.03798,0.9662,-0.75,1.11,0.16,0.42584,-0.21894,0.11524,0.87031,-0.75,1.09,0.18,0.5738,-0.16802,0.14687,0.78801,-0.76,1.07,0.18,0.5738,-0.16802,0.14687,0.78801,-0.7,1.07,0.1,-0.32568,-0.18371,-0.11989,0.91968,-0.71,1.11,0.14,-0.05992,-0.21447,-0.07039,0.97235,-0.72,1.12,0.18,0.3471,-0.22584,0.01133,0.91016,-0.74,1.1,0.19,0.54086,-0.20407,-0.00255,0.81598,-0.74,1.08,0.2,0.54086,-0.20407,-0.00255,0.81598,-0.68,1.07,0.1,-0.32568,-0.18371,-0.11989,0.91968,-0.69,1.1,0.14,-0.13476,-0.1701,-0.15781,0.96333,-0.7,1.12,0.18,0.35254,-0.24367,-0.09397,0.89862,-0.71,1.1,0.19,0.59691,-0.28034,-0.04652,0.75029,-0.73,1.08,0.2,0.59691,-0.28034,-0.04652,0.75029,-0.67,1.07,0.11,-0.24358,-0.11839,-0.3488,0.89721,-0.67,1.09,0.15,-0.28712,-0.06676,-0.26988,0.91666,-0.67,1.11,0.17,0.28641,-0.21753,-0.26321,0.89519,-0.68,1.1,0.19,0.55054,-0.3333,-0.18891,0.74171,-0.7,1.09,0.19,0.55054,-0.3333,-0.18891,0.74171,-0.81,1.08,0.19
-0.8,1.44,-0.15,-0.8,1.44,-0.15,-0.86,1.09,0.11,0.32368,-0.0487,-0.17536,-0.9285,-0.86,1.06,0.06,0.32368,-0.0487,-0.17536,-0.9285,-0.83,1.07,0.09,0.41836,-0.14701,0.50723,-0.73897,-0.81,1.09,0.11,0.20395,0.00013,0.44793,-0.8705,-0.8,1.1,0.14,0.10806,0.00611,0.52507,-0.84415,-0.8,1.11,0.17,0.10806,0.00611,0.52507,-0.84415,-0.84,1.08,0.09,0.32368,-0.0487,-0.17536,-0.9285,-0.84,1.12,0.14,0.00841,-0.09978,-0.10547,-0.98937,-0.83,1.12,0.17,-0.43003,-0.14105,-0.0759,-0.88849,-0.82,1.1,0.19,-0.6027,-0.12621,-0.05181,-0.78621,-0.82,1.08,0.19,-0.6027,-0.12621,-0.05181,-0.78621,-0.85,1.07,0.09,0.32368,-0.0487,-0.17536,-0.9285,-0.86,1.11,0.14,0.06441,-0.07691,-0.17514,-0.97942,-0.85,1.12,0.18,-0.39448,-0.15101,-0.13265,-0.89665,-0.84,1.1,0.2,-0.60745,-0.16122,-0.15502,-0.76222,-0.83,1.08,0.2,-0.60745,-0.16122,-0.15502,-0.76222,-0.87,1.07,0.09,0.32368,-0.0487,-0.17536,-0.9285,-0.87,1.1,0.14,0.1406,-0.05176,-0.23465,-0.96047,-0.87,1.11,0.17,-0.35026,-0.17989,-0.21636,-0.89339,-0.86,1.1,0.19,-0.59702,-0.2558,-0.1796,-0.73884,-0.85,1.08,0.2,-0.59702,-0.2558,-0.1796,-0.73884,-0.88,1.06,0.1,0.26164,0.01294,-0.40652,-0.87528,-0.89,1.08,0.14,0.1895,-0.04293,-0.31172,-0.93009,-0.89,1.09,0.16,-0.27542,-0.17926,-0.32836,-0.88555,-0.88,1.09,0.18,-0.51178,-0.31091,-0.27064,-0.75377,-0.86,1.07,0.19,-0.51178,-0.31091,-0.27064,-0.75377,-0.7,1.09,0.12,-0.32864,-0.18488,-0.11927,0.91847,-0.68,1.06,0.07,-0.32864,-0.18488,-0.11927,0.91847,-0.72,1.07,0.09,-0.45009,-0.2406,0.56405,0.64914,-0.75,1.08,0.11,-0.28753,-0.10302,0.52809,0.79236,-0.76,1.09,0.14,-0.23127,-0.10214,0.61006,0.75094,-0.77,1.09,0.16,-0.23127,-0.10214,0.61006,0.75094,-0.71,1.07,0.09,-0.32864,-0.18488,-0.11927,0.91847,-0.73,1.11,0.13,0.01969,-0.25447,0.03986,0.96606,-0.75,1.11,0.16,0.41925,-0.21924,0.1154,0.87341,-0.75,1.09,0.18,0.56495,-0.16883,0.1462,0.79433,-0.76,1.07,0.18,0.56495,-0.16883,0.1462,0.79433,-0.7,1.07,0.1,-0.32864,-0.18488,-0.11927,0.91847,-0.71,1.11,0.14,-0.05973,-0.21474,-0.06935,0.97237,-0.73,1.12,0.18,0.34635,-0.22568,0.01216,0.91048,-0.74,1.1,0.19,0.54043,-0.20377,-0.00175,0.81634,-0.74,1.08,0.2,0.54043,-0.20377,-0.00175,0.81634,-0.68,1.07,0.1,-0.32864,-0.18488,-0.11927,0.91847,-0.69,1.1,0.14,-0.13397,-0.1706,-0.15709,0.96347,-0.7,1.12,0.18,0.35261,-0.24367,-0.0933,0.89866,-0.71,1.1,0.19,0.59754,-0.28015,-0.04572,0.74991,-0.73,1.08,0.2,0.59754,-0.28015,-0.04572,0.74991,-0.67,1.07,0.11,-0.24631,-0.1203,-0.34835,0.89639,-0.67,1.09,0.15,-0.28294,-0.07057,-0.26944,0.9178,-0.67,1.11,0.17,0.29052,-0.21999,-0.2608,0.89397,-0.68,1.1,0.19,0.55412,-0.33479,-0.18603,0.7391,-0.7,1.09,0.19,0.55412,-0.33479,-0.18603,0.7391,-0.81,1.08,0.19
-0.8,1.44,-0.15,-0.8,1.44,-0.15,-0.86,1.09,0.11,0.32264,-0.04869,-0.17479,-0.92897,-0.86,1.06,0.06,0.32264,-0.04869,-0.17479,-0.92897,-0.83,1.07,0.09,0.41712,-0.14812,0.50788,-0.73901,-0.81,1.09,0.11,0.20257,-0.00058,0.44892,-0.87031,-0.8,1.1,0.14,0.10726,0.00505,0.52607,-0.84363,-0.8,1.11,0.17,0.10726,0.00505,0.52607,-0.84363,-0.84,1.08,0.09,0.32264,-0.04869,-0.17479,-0.92897,-0.84,1.12,0.14,0.00781,-0.10028,-0.10449,-0.98943,-0.83,1.12,0.17,-0.42937,-0.14096,-0.07501,-0.8889,-0.82,1.1,0.19,-0.60209,-0.12594,-0.05098,-0.78679,-0.82,1.08,0.19,-0.60209,-0.12594,-0.05098,-0.78679,-0.85,1.07,0.09,0.32264,-0.04869,-0.17479,-0.92897,-0.86,1.11,0.14,0.06296,-0.07712,-0.17435,-0.97964,-0.85,1.12,0.18,-0.39559,-0.15077,-0.1319,-0.89631,-0.84,1.1,0.2,-0.60903,-0.1608,-0.15427,-0.7612,-0.83,1.08,0.2,-0.60903,-0.1608,-0.15427,-0.7612,-0.87,1.07,0.09,0.32264,-0.04869,-0.17479,-0.92897,-0.87,1.1,0.14,0.13917,-0.05185,-0.23395,-0.96084,-0.87,1.11,0.17,-0.35242,-0.17974,-0.21561,-0.89275,-0.86,1.1,0.19,-0.60041,-0.25563,-0.17859,-0.73639,-0.85,1.08,0.2,-0.60041,-0.25563,-0.17859,-0.73639,-0.88,1.06,0.1,0.26071,0.01324,-0.40592,-0.87583,-0.89,1.08,0.14,0.18901,-0.04215,-0.31127,-0.93038,-0.89,1.09,0.16,-0.27921,-0.17949,-0.32782,-0.88451,-0.88,1.09,0.18,-0.51919,-0.31224,-0.26876,-0.74881,-0.86,1.07,0.19,-0.51919,-0.31224,-0.26876,-0.74881,-0.7,1.09,0.12,-0.32949,-0.18566,-0.11423,0.91865,-0.68,1.05,0.07,-0.32949,-0.18566,-0.11423,0.91865,-0.72,1.07,0.09,-0.44636,-0.24557,0.57078,0.64395,-0.75,1.08,0.11,-0.28199,-0.10395,0.53702,0.78822,-0.76,1.09,0.14,-0.22155,-0.09976,0.61852,0.74726,-0.77,1.09,0.16,-0.22155,-0.09976,0.61852,0.74726,-0.71,1.07,0.09,-0.32949,-0.18566,-0.11423,0.91865,-0.73,1.11,0.13,0.02266,-0.25461,0.04722,0.96562,-0.75,1.11,0.16,0.41866,-0.21672,0.12139,0.87351,-0.75,1.09,0.18,0.56341,-0.16546,0.15146,0.79514,-0.76,1.07,0.19,0.56341,-0.16546,0.15146,0.79514,-0.7,1.07,0.1,-0.32949,-0.18566,-0.11423,0.91865,-0.71,1.11,0.14,-0.05885,-0.21403,-0.06404,0.97295,-0.73,1.12,0.18,0.34626,-0.22286,0.01643,0.91114,-0.74,1.1,0.19,0.54175,-0.20006,0.002,0.81638,-0.74,1.08,0.2,0.54175,-0.20006,0.002,0.81638,-0.68,1.07,0.1,-0.32949,-0.18566,-0.11423,0.91865,-0.69,1.1,0.14,-0.13435,-0.16983,-0.15234,0.96431,-0.7,1.12,0.18,0.35275,-0.24073,-0.08953,0.89978,-0.71,1.1,0.19,0.60012,-0.27627,-0.0424,0.74949,-0.73,1.08,0.2,0.60012,-0.27627,-0.0424,0.74949,-0.67,1.07,0.11,-0.24767,-0.12111,-0.34361,0.89773,-0.67,1.09,0.15,-0.28225,-0.07165,-0.26467,0.91932,-0.67,1.11,0.17,0.29239,-0.21824,-0.2563,0.89509,-0.69,1.1,0.19,0.55893,-0.33223,-0.18146,0.73777,-0.7,1.09,0.19,0.55893,-0.33223,-0.18146,0.73777,-0.81,1.08,0.19
-0.8,1.44,-0.15,-0.8,1.44,-0.15,-0.86,1.09,0.11,0.3232,-0.04852,-0.1763,-0.9285,-0.86,1.06,0.06,0.3232,-0.04852,-0.1763,-0.9285,-0.83,1.07,0.09,0.41697,-0.14734,0.50755,-0.73947,-0.81,1.09,0.11,0.20222,0.00018,0.44837,-0.87067,-0.8,1.1,0.14,0.10659,0.00587,0.52545,-0.8441,-0.8,1.11,0.17,0.10659,0.00587,0.52545,-0.8441,-0.84,1.08,0.09,0.3232,-0.04852,-0.1763,-0.9285,-0.84,1.12,0.14,0.00902,-0.10158,-0.1053,-0.9892,-0.83,1.12,0.17,-0.42857,-0.14254,-0.07509,-0.88903,-0.82,1.1,0.19,-0.6017,-0.12755,-0.05071,-0.78684,-0.82,1.08,0.19,-0.6017,-0.12755,-0.05071,-0.78684,-0.85,1.07,0.09,0.3232,-0.04852,-0.1763,-0.9285,-0.86,1.11,0.14,0.06365,-0.07792,-0.17551,-0.97932,-0.85,1.12,0.18,-0.39478,-0.15202,-0.13257,-0.89636,-0.84,1.1,0.2,-0.60909,-0.16232,-0.15453,-0.76078,-0.83,1.08,0.2,-0.60909,-0.16232,-0.15453,-0.76078,-0.87,1.07,0.09,0.3232,-0.04852,-0.1763,-0.9285,-0.87,1.1,0.14,0.14143,-0.05191,-0.23542,-0.96015,-0.87,1.11,0.17,-0.35089,-0.18078,-0.21665,-0.89289,-0.86,1.1,0.19,-0.60016,-0.25719,-0.17892,-0.73597,-0.85,1.08,0.2,-0.60016,-0.25719,-0.17892,-0.73597,-0.88,1.06,0.1,0.26108,0.01319,-0.40737,-0.87505,-0.89,1.08,0.14,0.19321,-0.041,-0.31274,-0.92908,-0.89,1.09,0.16,-0.27784,-0.18057,-0.32917,-0.88422,-0.88,1.09,0.18,-0.52078,-0.31464,-0.26853,-0.74678,-0.86,1.07,0.19,-0.52078,-0.31464,-0.26853,-0.74678,-0.7,1.09,0.12,-0.33093,-0.18694,-0.11315,0.91801,-0.68,1.05,0.07,-0.33093,-0.18694,-0.11315,0.91801,-0.72,1.07,0.09,-0.44542,-0.24917,0.57361,0.64069,-0.75,1.08,0.11,-0.27861,-0.10459,0.54157,0.78622,-0.76,1.09,0.14,-0.21271,-0.09604,0.62298,0.74661,-0.77,1.09,0.16,-0.21271,-0.09604,0.62298,0.74661,-0.71,1.07,0.09,-0.33093,-0.18694,-0.11315,0.91801,-0.73,1.11,0.13,0.02422,-0.25685,0.05129,0.96479,-0.75,1.11,0.16,0.41898,-0.2172,0.12581,0.87261,-0.75,1.09,0.18,0.56353,-0.16517,0.15594,0.79425,-0.76,1.07,0.18,0.56353,-0.16517,0.15594,0.79425,-0.7,1.07,0.1,-0.33093,-0.18694,-0.11315,0.91801,-0.71,1.11,0.14,-0.05948,-0.21529,-0.06225,0.97275,-0.73,1.12,0.18,0.34513,-0.2233,0.01847,0.91142,-0.74,1.1,0.19,0.54342,-0.19995,0.00446,0.81529,-0.74,1.08,0.2,0.54342,-0.19995,0.00446,0.81529,-0.68,1.07,0.1,-0.33093,-0.18694,-0.11315,0.91801,-0.69,1.11,0.14,-0.13575,-0.17081,-0.15118,0.96413,-0.7,1.12,0.18,0.35188,-0.24112,-0.08793,0.90018,-0.72,1.1,0.19,0.60275,-0.27618,-0.0398,0.74755,-0.73,1.08,0.2,0.60275,-0.27618,-0.0398,0.74755,-0.67,1.07,0.11,-0.24896,-0.12271,-0.34261,0.89754,-0.68,1.09,0.15,-0.28275,-0.07319,-0.26379,0.9193,-0.67,1.11,0.17,0.29169,-0.21896,-0.25479,0.89558,-0.69,1.1,0.19,0.56217,-0.33318,-0.1783,0.73564,-0.7,1.09,0.19,0.56217,-0.33318,-0.1783,0.73564,-0.81,1.08,0.19
-0.8,1.44,-0.15,-0.8,1.44,-0.15,-0.86,1.09,0.11,0.32499,-0.04849,-0.17728,-0.92769,-0.86,1.06,0.06,0.32499,-0.04849,-0.17728,-0.92769,-0.83,1.07,0.09,0.41683,-0.14488,0.5085,-0.73939,-0.81,1.09,0.11,0.20166,0.00316,0.44865,-0.87065,-0.8,1.1,0.14,0.10614,0.00859,0.52548,-0.84411,-0.8,1.11,0.17,0.10614,0.00859,0.52548,-0.84411,-0.84,1.08,0.09,0.32499,-0.04849,-0.17728,-0.92769,-0.84,1.12,0.14,0.01058,-0.10248,-0.10573,-0.98904,-0.83,1.12,0.17,-0.42647,-0.14352,-0.07518,-0.88987,-0.82,1.1,0.19,-0.59862,-0.12844,-0.05088,-0.78903,-0.82,1.08,0.19,-0.59862,-0.12844,-0.05088,-0.78903,-0.85,1.07,0.09,0.32499,-0.04849,-0.17728,-0.92769,-0.86,1.11,0.14,0.06477,-0.07886,-0.1761,-0.97907,-0.85,1.12,0.18,-0.39282,-0.15301,-0.1328,-0.89702,-0.84,1.1,0.2,-0.60642,-0.16336,-0.15465,-0.76266,-0.83,1.08,0.2,-0.60642,-0.16336,-0.15465,-0.76266,-0.87,1.07,0.09,0.32499,-0.04849,-0.17728,-0.92769,-0.87,1.1,0.14,0.14445,-0.05211,-0.23641,-0.95944,-0.87,1.11,0.17,-0.3477,-0.18152,-0.21738,-0.89381,-0.86,1.1,0.19,-0.59674,-0.25807,-0.17948,-0.7383,-0.85,1.08,0.2,-0.59674,-0.25807,-0.17948,-0.7383,-0.88,1.06,0.1,0.26269,0.01272,-0.4084,-0.87409,-0.89,1.08,0.14,0.19771,-0.0402,-0.31381,-0.9278,-0.89,1.1,0.16,-0.27364,-0.18087,-0.33041,-0.88501,-0.88,1.09,0.18,-0.51604,-0.31504,-0.26977,-0.74945,-0.86,1.08,0.19,-0.51604,-0.31504,-0.26977,-0.74945,-0.7,1.09,0.12,-0.32968,-0.18901,-0.11416,0.91791,-0.68,1.05,0.07,-0.32968,-0.18901,-0.11416,0.91791,-0.72,1.07,0.09,-0.44086,-0.25608,0.57708,0.63799,-0.75,1.08,0.11,-0.27071,-0.1074,0.54785,0.78425,-0.76,1.09,0.14,-0.20006,-0.09514,0.62899,0.74518,-0.77,1.09,0.16,-0.20006,-0.09514,0.62899,0.74518,-0.71,1.07,0.09,-0.32968,-0.18901,-0.11416,0.91791,-0.73,1.11,0.13,0.02837,-0.26013,0.05301,0.9637,-0.75,1.11,0.16,0.42333,-0.21925,0.12896,0.86954,-0.75,1.09,0.18,0.56759,-0.16659,0.15962,0.79033,-0.76,1.07,0.18,0.56759,-0.16659,0.15962,0.79033,-0.7,1.07,0.1,-0.32968,-0.18901,-0.11416,0.91791,-0.71,1.11,0.14,-0.05911,-0.21753,-0.06281,0.97224,-0.73,1.12,0.18,0.34321,-0.22561,0.01836,0.91158,-0.74,1.1,0.19,0.54266,-0.20229,0.00499,0.81521,-0.75,1.08,0.2,0.54266,-0.20229,0.00499,0.81521,-0.68,1.07,0.1,-0.32968,-0.18901,-0.11416,0.91791,-0.69,1.11,0.14,-0.13626,-0.17239,-0.15221,0.96361,-0.7,1.12,0.18,0.34995,-0.24289,-0.08836,0.90041,-0.72,1.1,0.19,0.60206,-0.27804,-0.03933,0.74744,-0.73,1.08,0.2,0.60206,-0.27804,-0.03933,0.74744,-0.67,1.07,0.11,-0.24719,-0.1245,-0.34336,0.8975,-0.68,1.09,0.15,-0.28129,-0.07442,-0.26471,0.91938,-0.68,1.11,0.17,0.29133,-0.21991,-0.25519,0.89535,-0.69,1.1,0.19,0.56239,-0.33433,-0.17808,0.735,-0.7,1.09,0.19,0.56239,-0.33433,-0.17808,0.735,-0.81,1.08,0.19
-0.8,1.43,-0.15,-0.8,1.43,-0.15,-0.86,1.09,0.11,0.32717,-0.05001,-0.18047,-0.92622,-0.86,1.06,0.06,0.32717,-0.05001,-0.18047,-0.92622,-0.83,1.07,0.09,0.4196,-0.14312,0.50646,-0.73956,-0.81,1.09,0.11,0.20301,0.00475,0.44615,-0.87162,-0.8,1.1,0.14,0.10736,0.01005,0.52302,-0.84547,-0.8,1.11,0.17,0.10736,0.01005,0.52302,-0.84547,-0.84,1.08,0.09,0.32717,-0.05001,-0.18047,-0.92622,-0.84,1.12,0.13,0.01093,-0.10479,-0.10817,-0.98853,-0.83,1.12,0.17,-0.42493,-0.14658,-0.07652,-0.89,-0.82,1.1,0.19,-0.59493,-0.13155,-0.05205,-0.79123,-0.82,1.08,0.19,-0.59493,-0.13155,-0.05205,-0.79123,-0.85,1.07,0.09,0.32717,-0.05001,-0.18047,-0.92622,-0.86,1.11,0.14,0.06601,-0.08145,-0.17869,-0.9783,-0.85,1.12,0.18,-0.39152,-0.15653,-0.13388,-0.89682,-0.84,1.1,0.19,-0.60328,-0.16685,-0.15506,-0.76431,-0.83,1.08,0.2,-0.60328,-0.16685,-0.15506,-0.76431,-0.87,1.07,0.09,0.32717,-0.05001,-0.18047,-0.92622,-0.87,1.1,0.14,0.14636,-0.05438,-0.2393,-0.95831,-0.87,1.11,0.17,-0.34543,-0.18495,-0.21871,-0.89367,-0.86,1.1,0.19,-0.59231,-0.26139,-0.18026,-0.74051,-0.85,1.08,0.2,-0.59231,-0.26139,-0.18026,-0.74051,-0.88,1.06,0.1,0.26407,0.01054,-0.41146,-0.87227,-0.89,1.08,0.14,0.19937,-0.04256,-0.31673,-0.92635,-0.89,1.1,0.16,-0.26989,-0.18381,-0.33208,-0.88493,-0.88,1.09,0.18,-0.50782,-0.31687,-0.27195,-0.75349,-0.86,1.08,0.19,-0.50782,-0.31687,-0.27195,-0.75349,-0.7,1.09,0.12,-0.32733,-0.19299,-0.12361,0.9167,-0.68,1.06,0.07,-0.32733,-0.19299,-0.12361,0.9167,-0.72,1.07,0.09,-0.43689,-0.26402,0.57607,0.63841,-0.75,1.08,0.11,-0.26496,-0.11414,0.54927,0.78427,-0.77,1.08,0.14,-0.19265,-0.10045,0.6306,0.74507,-0.78,1.09,0.16,-0.19265,-0.10045,0.6306,0.74507,-0.71,1.07,0.09,-0.32733,-0.19299,-0.12361,0.9167,-0.73,1.11,0.13,0.02945,-0.26682,0.04513,0.96224,-0.75,1.11,0.16,0.42666,-0.22814,0.12524,0.86616,-0.76,1.09,0.18,0.57204,-0.17571,0.15799,0.78545,-0.76,1.07,0.18,0.57204,-0.17571,0.15799,0.78545,-0.7,1.07,0.1,-0.32733,-0.19299,-0.12361,0.9167,-0.71,1.11,0.14,-0.05659,-0.22374,-0.07082,0.97042,-0.73,1.12,0.18,0.34103,-0.23456,0.0126,0.91023,-0.74,1.1,0.19,0.5397,-0.21243,0.00121,0.81462,-0.75,1.08,0.2,0.5397,-0.21243,0.00121,0.81462,-0.68,1.07,0.1,-0.32733,-0.19299,-0.12361,0.9167,-0.69,1.1,0.14,-0.13099,-0.17861,-0.15992,0.96196,-0.7,1.12,0.18,0.35088,-0.25153,-0.09289,0.89721,-0.72,1.1,0.19,0.60158,-0.28751,-0.04121,0.74413,-0.73,1.08,0.2,0.60158,-0.28751,-0.04121,0.74413,-0.67,1.07,0.11,-0.24278,-0.1282,-0.35186,0.89489,-0.68,1.09,0.15,-0.27206,-0.08044,-0.27314,0.91919,-0.68,1.11,0.17,0.29975,-0.22893,-0.25857,0.88932,-0.69,1.1,0.19,0.56904,-0.34388,-0.17825,0.72538,-0.7,1.08,0.19,0.56904,-0.34388,-0.17825,0.72538,-0.81,1.08,0.19
-0.8,1.43,-0.15,-0.8,1.43,-0.15,-0.86,1.09,0.11,0.32829,-0.04962,-0.18299,-0.92535,-0.86,1.06,0.06,0.32829,-0.04962,-0.18299,-0.92535,-0.83,1.07,0.09,0.42027,-0.14045,0.50511,-0.74062,-0.81,1.09,0.11,0.20302,0.00717,0.44402,-0.87269,-0.8,1.1,0.14,0.10657,0.0126,0.52074,-0.84694,-0.8,1.11,0.17,0.10657,0.0126,0.52074,-0.84694,-0.84,1.08,0.09,0.32829,-0.04962,-0.18299,-0.92535,-0.84,1.12,0.13,0.01011,-0.1048,-0.11086,-0.98824,-0.83,1.12,0.17,-0.42453,-0.14765,-0.07909,-0.88978,-0.82,1.1,0.19,-0.59306,-0.13298,-0.05466,-0.79222,-0.82,1.08,0.19,-0.59306,-0.13298,-0.05466,-0.79222,-0.85,1.07,0.09,0.32829,-0.04962,-0.18299,-0.92535,-0.86,1.11,0.14,0.0666,-0.08163,-0.18134,-0.97776,-0.85,1.12,0.18,-0.39124,-0.15799,-0.13605,-0.89636,-0.84,1.1,0.19,-0.60208,-0.16869,-0.15689,-0.76448,-0.83,1.08,0.2,-0.60208,-0.16869,-0.15689,-0.76448,-0.87,1.07,0.09,0.32829,-0.04962,-0.18299,-0.92535,-0.87,1.1,0.14,0.14709,-0.05454,-0.24187,-0.95754,-0.87,1.11,0.17,-0.34403,-0.1863,-0.22089,-0.89339,-0.86,1.1,0.19,-0.5894,-0.26308,-0.18228,-0.74173,-0.85,1.08,0.2,-0.5894,-0.26308,-0.18228,-0.74173,-0.88,1.06,0.1,0.2649,0.01052,-0.41389,-0.87087,-0.89,1.08,0.14,0.19864,-0.04385,-0.31903,-0.92566,-0.89,1.1,0.16,-0.26684,-0.18473,-0.334,-0.88494,-0.88,1.09,0.18,-0.50149,-0.31722,-0.27459,-0.75663,-0.86,1.08,0.19,-0.50149,-0.31722,-0.27459,-0.75663,-0.7,1.09,0.12,-0.3263,-0.19003,-0.13137,0.9166,-0.68,1.05,0.07,-0.3263,-0.19003,-0.13137,0.9166,-0.72,1.07,0.09,-0.42998,-0.26439,0.57708,0.64202,-0.75,1.07,0.11,-0.2585,-0.1143,0.55013,0.78579,-0.76,1.08,0.14,-0.18702,-0.10191,0.63119,0.74581,-0.78,1.09,0.16,-0.18702,-0.10191,0.63119,0.74581,-0.71,1.07,0.09,-0.3263,-0.19003,-0.13137,0.9166,-0.73,1.11,0.13,0.02805,-0.26492,0.03409,0.96326,-0.75,1.11,0.16,0.43037,-0.23033,0.11563,0.86508,-0.76,1.09,0.18,0.57857,-0.17901,0.14973,0.78153,-0.76,1.07,0.18,0.57857,-0.17901,0.14973,0.78153,-0.7,1.07,0.1,-0.3263,-0.19003,-0.13137,0.9166,-0.71,1.11,0.14,-0.04634,-0.22339,-0.07719,0.97056,-0.73,1.12,0.18,0.35331,-0.23664,0.00736,0.90505,-0.74,1.1,0.19,0.55255,-0.21463,-0.00294,0.80536,-0.75,1.08,0.2,0.55255,-0.21463,-0.00294,0.80536,-0.68,1.07,0.11,-0.3263,-0.19003,-0.13137,0.9166,-0.69,1.1,0.14,-0.10085,-0.18295,-0.16183,0.96445,-0.7,1.11,0.18,0.38522,-0.25565,-0.09126,0.882,-0.72,1.1,0.19,0.63436,-0.28983,-0.03779,0.71565,-0.73,1.08,0.2,0.63436,-0.28983,-0.03779,0.71565,-0.67,1.07,0.11,-0.24131,-0.12528,-0.35925,0.89275,-0.68,1.09,0.15,-0.22684,-0.09617,-0.27739,0.92863,-0.68,1.1,0.17,0.3563,-0.24388,-0.25052,0.86649,-0.69,1.09,0.19,0.62139,-0.35557,-0.16528,0.67833,-0.71,1.08,0.19,0.62139,-0.35557,-0.16528,0.67833,-0.81,1.08,0.19
-0.8,1.43,-0.15,-0.8,1.43,-0.15,-0.86,1.09,0.11,0.32663,-0.04896,-0.1844,-0.92569,-0.86,1.06,0.06,0.32663,-0.04896,-0.1844,-0.92569,-0.83,1.07,0.09,0.419,-0.14007,0.5039,-0.74223,-0.81,1.09,0.11,0.20166,0.00718,0.44266,-0.87369,-0.8,1.1,0.14,0.10349,0.01338,0.51923,-0.84824,-0.8,1.11,0.17,0.10349,0.01338,0.51923,-0.84824,-0.84,1.08,0.09,0.32663,-0.04896,-0.1844,-0.92569,-0.84,1.12,0.13,0.00671,-0.10438,-0.11257,-0.98812,-0.83,1.12,0.17,-0.42731,-0.14792,-0.08086,-0.88825,-0.82,1.1,0.19,-0.59512,-0.13354,-0.05633,-0.79046,-0.82,1.08,0.19,-0.59512,-0.13354,-0.05633,-0.79046,-0.85,1.07,0.09,0.32663,-0.04896,-0.1844,-0.92569,-0.86,1.11,0.14,0.06495,-0.08047,-0.18339,-0.97759,-0.85,1.12,0.18,-0.39521,-0.15828,-0.13795,-0.89427,-0.84,1.1,0.19,-0.60631,-0.16925,-0.15845,-0.76068,-0.83,1.08,0.2,-0.60631,-0.16925,-0.15845,-0.76068,-0.87,1.07,0.09,0.32663,-0.04896,-0.1844,-0.92569,-0.87,1.1,0.14,0.14581,-0.05329,-0.24364,-0.95736,-0.87,1.11,0.17,-0.34612,-0.1863,-0.22284,-0.8921,-0.86,1.1,0.19,-0.59127,-0.26364,-0.1841,-0.7396,-0.85,1.08,0.2,-0.59127,-0.26364,-0.1841,-0.7396,-0.88,1.06,0.1,0.26323,0.01152,-0.4151,-0.87079,-0.89,1.08,0.14,0.19598,-0.0433,-0.32047,-0.92575,-0.89,1.09,0.16,-0.26902,-0.18464,-0.33551,-0.88372,-0.88,1.09,0.18,-0.50366,-0.31771,-0.27598,-0.75447,-0.86,1.08,0.19,-0.50366,-0.31771,-0.27598,-0.75447,-0.7,1.09,0.12,-0.33415,-0.18209,-0.1329,0.91516,-0.68,1.05,0.07,-0.33415,-0.18209,-0.1329,0.91516,-0.72,1.07,0.09,-0.42798,-0.25546,0.58118,0.64328,-0.75,1.08,0.11,-0.26369,-0.10921,0.55048,0.78455,-0.76,1.09,0.14,-0.19792,-0.10133,0.63111,0.74314,-0.77,1.09,0.16,-0.19792,-0.10133,0.63111,0.74314,-0.71,1.07,0.1,-0.33415,-0.18209,-0.1329,0.91516,-0.73,1.11,0.13,-0.02415,-0.254,0.01269,0.96682,-0.75,1.12,0.17,0.38238,-0.23074,0.09134,0.89006,-0.75,1.1,0.18,0.53785,-0.18378,0.12476,0.81325,-0.76,1.08,0.19,0.53785,-0.18378,0.12476,0.81325,-0.7,1.07,0.1,-0.33415,-0.18209,-0.1329,0.91516,-0.71,1.11,0.14,-0.04612,-0.21648,-0.07941,0.97196,-0.73,1.12,0.18,0.36312,-0.23118,0.00483,0.9026,-0.74,1.1,0.19,0.56945,-0.2087,-0.00517,0.79507,-0.74,1.08,0.2,0.56945,-0.2087,-0.00517,0.79507,-0.68,1.07,0.11,-0.33415,-0.18209,-0.1329,0.91516,-0.69,1.1,0.14,-0.06606,-0.18442,-0.15626,0.9681,-0.7,1.11,0.18,0.43352,-0.2542,-0.082,0.86065,-0.72,1.09,0.19,0.68604,-0.28375,-0.02647,0.66943,-0.73,1.07,0.19,0.68604,-0.28375,-0.02647,0.66943,-0.67,1.07,0.11,-0.25036,-0.11945,-0.36168,0.89008,-0.68,1.09,0.15,-0.181,-0.11526,-0.27419,0.93743,-0.68,1.1,0.18,0.41883,-0.25847,-0.23243,0.8389,-0.69,1.09,0.19,0.68267,-0.36385,-0.14025,0.61799,-0.71,1.08,0.18,0.68267,-0.36385,-0.14025,0.61799,-0.81,1.08,0.19
-0.8,1.43,-0.15,-0.8,1.43,-0.15,-0.86,1.09,0.11,0.32082,-0.04632,-0.18438,-0.92786,-0.86,1.06,0.06,0.32082,-0.04632,-0.18438,-0.92786,-0.83,1.07,0.09,0.41299,-0.13984,0.50375,-0.74574,-0.81,1.09,0.11,0.19616,0.00736,0.44236,-0.87509,-0.8,1.1,0.14,0.09632,0.01399,0.51858,-0.84947,-0.8,1.11,0.17,0.09632,0.01399,0.51858,-0.84947,-0.84,1.08,0.09,0.32082,-0.04632,-0.18438,-0.92786,-0.84,1.12,0.14,-0.00101,-0.10127,-0.11399,-0.98831,-0.83,1.12,0.17,-0.43399,-0.14551,-0.08358,-0.88515,-0.82,1.1,0.19,-0.60107,-0.13166,-0.05927,-0.78605,-0.82,1.08,0.19,-0.60107,-0.13166,-0.05927,-0.78605,-0.85,1.07,0.09,0.32082,-0.04632,-0.18438,-0.92786,-0.86,1.11,0.14,0.05941,-0.07636,-0.18483,-0.978,-0.85,1.12,0.18,-0.40278,-0.15563,-0.14071,-0.89093,-0.84,1.1,0.2,-0.61401,-0.167,-0.16145,-0.75434,-0.83,1.08,0.2,-0.61401,-0.167,-0.16145,-0.75434,-0.87,1.07,0.09,0.32082,-0.04632,-0.18438,-0.92786,-0.87,1.1,0.14,0.14125,-0.04876,-0.24453,-0.95806,-0.87,1.11,0.17,-0.35339,-0.18341,-0.22537,-0.88921,-0.86,1.1,0.19,-0.59836,-0.26162,-0.18722,-0.73381,-0.85,1.08,0.2,-0.59836,-0.26162,-0.18722,-0.73381,-0.88,1.06,0.1,0.25811,0.01558,-0.41477,-0.87241,-0.89,1.08,0.14,0.19049,-0.03868,-0.32096,-0.92693,-0.89,1.09,0.16,-0.27754,-0.18164,-0.33753,-0.88094,-0.88,1.09,0.18,-0.51401,-0.31639,-0.27804,-0.74725,-0.86,1.07,0.19,-0.51401,-0.31639,-0.27804,-0.74725,-0.7,1.09,0.12,-0.34153,-0.17467,-0.13087,0.91418,-0.68,1.05,0.07,-0.34153,-0.17467,-0.13087,0.91418,-0.72,1.07,0.1,-0.4298,-0.24918,0.583,0.64288,-0.75,1.08,0.11,-0.27172,-0.10696,0.54952,0.78279,-0.76,1.09,0.14,-0.20805,-0.10017,0.63023,0.74127,-0.77,1.09,0.16,-0.20805,-0.10017,0.63023,0.74127,-0.71,1.07,0.1,-0.34153,-0.17467,-0.13087,0.91418,-0.73,1.11,0.13,-0.08637,-0.2374,-0.00996,0.96751,-0.74,1.12,0.17,0.3104,-0.22755,0.06035,0.92099,-0.75,1.11,0.18,0.47242,-0.18683,0.09136,0.85649,-0.76,1.09,0.19,0.47242,-0.18683,0.09136,0.85649,-0.7,1.07,0.1,-0.34153,-0.17467,-0.13087,0.91418,-0.71,1.12,0.14,-0.05805,-0.2061,-0.0824,0.97333,-0.72,1.12,0.18,0.35174,-0.22312,-0.00243,0.90912,-0.73,1.1,0.19,0.56072,-0.20321,-0.01413,0.80256,-0.74,1.08,0.2,0.56072,-0.20321,-0.01413,0.80256,-0.68,1.07,0.11,-0.34153,-0.17467,-0.13087,0.91418,-0.69,1.11,0.14,-0.08096,-0.17512,-0.15853,0.96832,-0.7,1.11,0.18,0.41564,-0.2475,-0.08964,0.87061,-0.71,1.1,0.19,0.67215,-0.28045,-0.03542,0.68433,-0.72,1.07,0.19,0.67215,-0.28045,-0.03542,0.68433,-0.67,1.07,0.11,-0.25934,-0.11389,-0.36069,0.88863,-0.67,1.09,0.15,-0.2027,-0.11059,-0.27284,0.93394,-0.68,1.1,0.17,0.39404,-0.25453,-0.23529,0.85123,-0.69,1.09,0.19,0.66616,-0.36211,-0.14205,0.63634,-0.7,1.08,0.18,0.66616,-0.36211,-0.14205,0.63634,-0.81,1.08,0.19
-0.8,1.43,-0.15,-0.8,1.43,-0.15,-0.86,1.09,0.11,0.31705,-0.04203,-0.18183,-0.92987,-0.86,1.06,0.06,0.31705,-0.04203,-0.18183,-0.92987,-0.83,1.07,0.09,0.40557,-0.13546,0.50719,-0.74828,-0.81,1.09,0.11,0.19068,0.01228,0.44445,-0.87519,-0.8,1.1,0.14,0.09003,0.0188,0.51991,-0.84926,-0.8,1.11,0.17,0.09003,0.0188,0.51991,-0.84926,-0.84,1.08,0.09,0.31705,-0.04203,-0.18183,-0.92987,-0.84,1.11,0.14,-0.00849,-0.09623,-0.11305,-0.98888,-0.83,1.12,0.17,-0.44134,-0.14043,-0.0849,-0.88221,-0.82,1.1,0.19,-0.60784,-0.12689,-0.0613,-0.78146,-0.82,1.08,0.19,-0.60784,-0.12689,-0.0613,-0.78146,-0.85,1.07,0.09,0.31705,-0.04203,-0.18183,-0.92987,-0.86,1.11,0.14,0.05464,-0.07087,-0.18381,-0.97888,-0.85,1.12,0.18,-0.40899,-0.1505,-0.14211,-0.88876,-0.84,1.1,0.2,-0.61983,-0.16203,-0.16388,-0.75013,-0.83,1.08,0.2,-0.61983,-0.16203,-0.16388,-0.75013,-0.87,1.07,0.09,0.31705,-0.04203,-0.18183,-0.92987,-0.88,1.1,0.14,0.13817,-0.04271,-0.24315,-0.95915,-0.87,1.11,0.17,-0.35915,-0.17805,-0.22678,-0.88762,-0.86,1.09,0.19,-0.60383,-0.25688,-0.19014,-0.73024,-0.85,1.08,0.2,-0.60383,-0.25688,-0.19014,-0.73024,-0.88,1.06,0.1,0.25568,0.02085,-0.41226,-0.87421,-0.89,1.08,0.14,0.18761,-0.03212,-0.31935,-0.92832,-0.89,1.09,0.16,-0.2856,-0.17685,-0.33842,-0.87899,-0.88,1.09,0.18,-0.52403,-0.31302,-0.27962,-0.74109,-0.86,1.07,0.19,-0.52403,-0.31302,-0.27962,-0.74109,-0.7,1.09,0.12,-0.34246,-0.18208,-0.12083,0.91377,-0.68,1.05,0.07,-0.34246,-0.18208,-0.12083,0.91377,-0.72,1.07,0.1,-0.43384,-0.2565,0.58728,0.63332,-0.75,1.07,0.11,-0.27685,-0.11333,0.5561,0.77541,-0.77,1.08,0.14,-0.21123,-0.10332,0.63693,0.73418,-0.78,1.09,0.16,-0.21123,-0.10332,0.63693,0.73418,-0.71,1.07,0.1,-0.34246,-0.18208,-0.12083,0.91377,-0.73,1.11,0.13,-0.07533,-0.23229,-0.00177,0.96972,-0.75,1.12,0.17,0.31369,-0.21987,0.06392,0.9215,-0.75,1.1,0.18,0.46925,-0.17918,0.09211,0.85977,-0.76,1.09,0.19,0.46925,-0.17918,0.09211,0.85977,-0.7,1.07,0.1,-0.34246,-0.18208,-0.12083,0.91377,-0.71,1.11,0.14,-0.06396,-0.20699,-0.07384,0.97345,-0.72,1.12,0.18,0.34664,-0.22047,0.00579,0.9117,-0.74,1.1,0.19,0.55344,-0.19929,-0.00726,0.80866,-0.74,1.08,0.2,0.55344,-0.19929,-0.00726,0.80866,-0.68,1.07,0.11,-0.34246,-0.18208,-0.12083,0.91377,-0.69,1.1,0.14,-0.10277,-0.17646,-0.15111,0.9672,-0.7,1.11,0.18,0.39321,-0.24561,-0.08299,0.88214,-0.72,1.1,0.19,0.65126,-0.27741,-0.03035,0.70567,-0.73,1.08,0.2,0.65126,-0.27741,-0.03035,0.70567,-0.67,1.07,0.11,-0.26012,-0.12114,-0.35088,0.89137,-0.67,1.09,0.15,-0.22671,-0.1169,-0.2619,0.93078,-0.68,1.11,0.17,0.36899,-0.25426,-0.22382,0.86551,-0.69,1.1,0.19,0.64656,-0.35796,-0.1313,0.66074,-0.7,1.08,0.18,0.64656,-0.35796,-0.1313,0.66074,-0.81,1.08,0.19
-0.8,1.43,-0.15,-0.8,1.43,-0.15,-0.86,1.09,0.11,0.31519,-0.03985,-0.17839,-0.93126,-0.86,1.06,0.06,0.31519,-0.03985,-0.17839,-0.93126,-0.83,1.07,0.09,0.40178,-0.13023,0.51016,-0.74923,-0.81,1.09,0.11,0.19063,0.01674,0.44576,-0.87446,-0.8,1.1,0.14,0.09135,0.02232,0.52097,-0.84838,-0.8,1.11,0.17,0.09135,0.02232,0.52097,-0.84838,-0.84,1.08,0.09,0.31519,-0.03985,-0.17839,-0.93126,-0.84,1.11,0.14,-0.01743,-0.09448,-0.10922,-0.98936,-0.83,1.11,0.17,-0.44697,-0.13672,-0.08269,-0.88016,-0.82,1.1,0.19,-0.61081,-0.12257,-0.06005,-0.77993,-0.82,1.08,0.19,-0.61081,-0.12257,-0.06005,-0.77993,-0.85,1.07,0.09,0.31519,-0.03985,-0.17839,-0.93126,-0.86,1.11,0.14,0.0504,-0.0685,-0.18071,-0.97985,-0.85,1.12,0.18,-0.41387,-0.14701,-0.14037,-0.88735,-0.84,1.1,0.2,-0.62363,-0.15784,-0.16305,-0.74806,-0.83,1.08,0.2,-0.62363,-0.15784,-0.16305,-0.74806,-0.87,1.07,0.09,0.31519,-0.03985,-0.17839,-0.93126,-0.88,1.1,0.14,0.13584,-0.03936,-0.24037,-0.96032,-0.88,1.11,0.17,-0.36386,-0.17422,-0.22576,-0.88673,-0.86,1.09,0.19,-0.60768,-0.25275,-0.19052,-0.72839,-0.85,1.08,0.2,-0.60768,-0.25275,-0.19052,-0.72839,-0.88,1.06,0.1,0.25478,0.0236,-0.409,-0.87593,-0.89,1.08,0.14,0.18562,-0.0276,-0.31687,-0.92972,-0.89,1.09,0.16,-0.29086,-0.17273,-0.33798,-0.87826,-0.88,1.08,0.18,-0.52909,-0.30903,-0.28061,-0.7388,-0.86,1.07,0.19,-0.52909,-0.30903,-0.28061,-0.7388,-0.7,1.09,0.12,-0.34357,-0.19163,-0.11531,0.91211,-0.68,1.05,0.07,-0.34357,-0.19163,-0.11531,0.91211,-0.72,1.07,0.09,-0.43629,-0.26317,0.59195,0.62449,-0.75,1.07,0.11,-0.27786,-0.1169,0.56351,0.76915,-0.77,1.08,0.14,-0.20462,-0.09936,0.64447,0.73001,-0.78,1.09,0.16,-0.20462,-0.09936,0.64447,0.73001,-0.71,1.07,0.1,-0.34357,-0.19163,-0.11531,0.91211,-0.73,1.11,0.13,-0.03318,-0.23322,0.0138,0.97176,-0.75,1.11,0.16,0.35533,-0.21342,0.07888,0.90662,-0.76,1.1,0.18,0.50133,-0.17057,0.10561,0.84168,-0.76,1.08,0.19,0.50133,-0.17057,0.10561,0.84168,-0.7,1.07,0.1,-0.34357,-0.19163,-0.11531,0.91211,-0.71,1.11,0.14,-0.06112,-0.21441,-0.06517,0.97265,-0.73,1.12,0.18,0.35874,-0.2234,0.01913,0.90611,-0.74,1.1,0.19,0.56541,-0.19828,0.00679,0.8006,-0.74,1.08,0.2,0.56541,-0.19828,0.00679,0.8006,-0.68,1.07,0.11,-0.34357,-0.19163,-0.11531,0.91211,-0.69,1.1,0.14,-0.11715,-0.18453,-0.14502,0.96498,-0.7,1.12,0.18,0.39136,-0.25099,-0.07049,0.88254,-0.72,1.1,0.19,0.65128,-0.27861,-0.01639,0.70565,-0.73,1.08,0.19,0.65128,-0.27861,-0.01639,0.70565,-0.67,1.07,0.11,-0.26003,-0.13074,-0.34518,0.89227,-0.68,1.09,0.15,-0.23976,-0.1316,-0.25387,0.92777,-0.68,1.11,0.17,0.36022,-0.26315,-0.20807,0.87046,-0.69,1.1,0.18,0.64478,-0.36121,-0.11114,0.6644,-0.71,1.08,0.18,0.64478,-0.36121,-0.11114,0.6644,-0.81,1.08,0.19
-0.8,1.43,-0.15,-0.8,1.43,-0.15,-0.86,1.09,0.11,0.31417,-0.04054,-0.179,-0.93146,-0.86,1.06,0.06,0.31417,-0.04054,-0.179,-0.93146,-0.83,1.07,0.09,0.40115,-0.12615,0.50982,-0.7505,-0.81,1.09,0.11,0.19339,0.01887,0.44408,-0.87466,-0.8,1.1,0.14,0.09619,0.02318,0.51953,-0.84871,-0.8,1.11,0.17,0.09619,0.02318,0.51953,-0.84871,-0.84,1.08,0.09,0.31417,-0.04054,-0.179,-0.93146,-0.84,1.12,0.14,-0.02939,-0.09798,-0.10713,-0.98897,-0.83,1.11,0.17,-0.45375,-0.1383,-0.07996,-0.87669,-0.82,1.1,0.19,-0.61309,-0.12323,-0.05752,-0.77822,-0.82,1.07,0.19,-0.61309,-0.12323,-0.05752,-0.77822,-0.85,1.07,0.09,0.31417,-0.04054,-0.179,-0.93146,-0.86,1.11,0.14,0.04421,-0.07096,-0.18027,-0.98006,-0.85,1.12,0.18,-0.42108,-0.14915,-0.13858,-0.88388,-0.84,1.1,0.19,-0.62999,-0.15898,-0.16063,-0.743,-0.83,1.08,0.2,-0.62999,-0.15898,-0.16063,-0.743,-0.87,1.07,0.09,0.31417,-0.04054,-0.179,-0.93146,-0.88,1.1,0.14,0.1307,-0.04089,-0.24069,-0.96089,-0.87,1.11,0.17,-0.37192,-0.17629,-0.22479,-0.88321,-0.86,1.09,0.19,-0.61491,-0.25429,-0.18901,-0.72215,-0.85,1.08,0.2,-0.61491,-0.25429,-0.18901,-0.72215,-0.88,1.06,0.1,0.25356,0.02316,-0.40947,-0.87607,-0.89,1.08,0.14,0.18075,-0.02807,-0.31787,-0.93032,-0.89,1.09,0.16,-0.2989,-0.1745,-0.33806,-0.87517,-0.88,1.08,0.18,-0.53696,-0.31101,-0.28009,-0.73246,-0.86,1.07,0.19,-0.53696,-0.31101,-0.28009,-0.73246,-0.7,1.09,0.12,-0.34413,-0.19252,-0.1163,0.91159,-0.68,1.05,0.07,-0.34413,-0.19252,-0.1163,0.91159,-0.72,1.07,0.09,-0.43459,-0.26271,0.59392,0.624,-0.75,1.07,0.11,-0.27497,-0.11472,0.56575,0.76887,-0.77,1.08,0.14,-0.19582,-0.09245,0.64664,0.73141,-0.78,1.09,0.16,-0.19582,-0.09245,0.64664,0.73141,-0.71,1.07,0.1,-0.34413,-0.19252,-0.1163,0.91159,-0.73,1.11,0.13,-0.01492,-0.23276,0.01731,0.97227,-0.75,1.11,0.16,0.37348,-0.21105,0.08213,0.89957,-0.75,1.1,0.18,0.51382,-0.16804,0.10803,0.83432,-0.76,1.08,0.19,0.51382,-0.16804,0.10803,0.83432,-0.7,1.07,0.1,-0.34413,-0.19252,-0.1163,0.91159,-0.71,1.11,0.14,-0.05525,-0.2169,-0.06368,0.97255,-0.73,1.12,0.18,0.38217,-0.22446,0.02602,0.89604,-0.74,1.1,0.19,0.59676,-0.19521,0.01574,0.77815,-0.74,1.08,0.2,0.59676,-0.19521,0.01574,0.77815,-0.68,1.07,0.11,-0.34413,-0.19252,-0.1163,0.91159,-0.69,1.1,0.14,-0.12129,-0.18866,-0.14443,0.96376,-0.7,1.12,0.18,0.4156,-0.25616,-0.06024,0.87065,-0.72,1.1,0.19,0.68331,-0.27864,-0.00153,0.67487,-0.73,1.08,0.19,0.68331,-0.27864,-0.00153,0.67487,-0.67,1.07,0.11,-0.26025,-0.13181,-0.34608,0.8917,-0.68,1.09,0.15,-0.24322,-0.14127,-0.25198,0.92596,-0.68,1.11,0.17,0.3707,-0.27299,-0.19723,0.86554,-0.69,1.1,0.18,0.67017,-0.36778,-0.08929,0.63846,-0.71,1.08,0.18,0.67017,-0.36778,-0.08929,0.63846,-0.81,1.08,0.19
-0.8,1.43,-0.15,-0.8,1.43,-0.15,-0.86,1.09,0.11,0.3157,-0.04236,-0.1806,-0.93055,-0.86,1.06,0.06,0.3157,-0.04236,-0.1806,-0.93055,-0.83,1.07,0.09,0.40416,-0.12261,0.50801,-0.7507,-0.81,1.09,0.11,0.19891,0.02026,0.44112,-0.87489,-0.8,1.1,0.14,0.1021,0.0245,0.51684,-0.84962,-0.8,1.11,0.17,0.1021,0.0245,0.51684,-0.84962,-0.84,1.08,0.09,0.3157,-0.04236,-0.1806,-0.93055,-0.84,1.12,0.14,-0.04006,-0.10343,-0.10488,-0.98828,-0.83,1.11,0.17,-0.46051,-0.14173,-0.07607,-0.87296,-0.82,1.1,0.18,-0.61562,-0.12555,-0.05347,-0.77614,-0.82,1.07,0.19,-0.61562,-0.12555,-0.05347,-0.77614,-0.85,1.07,0.09,0.3157,-0.04236,-0.1806,-0.93055,-0.86,1.11,0.14,0.03709,-0.07593,-0.17992,-0.98004,-0.85,1.12,0.18,-0.43113,-0.15385,-0.13531,-0.87872,-0.84,1.1,0.19,-0.64069,-0.16226,-0.15586,-0.73409,-0.83,1.08,0.2,-0.64069,-0.16226,-0.15586,-0.73409,-0.87,1.07,0.09,0.3157,-0.04236,-0.1806,-0.93055,-0.88,1.1,0.14,0.12287,-0.04551,-0.24141,-0.96154,-0.87,1.11,0.17,-0.38553,-0.18186,-0.22205,-0.87692,-0.86,1.09,0.19,-0.62957,-0.25898,-0.18408,-0.70901,-0.85,1.08,0.19,-0.62957,-0.25898,-0.18408,-0.70901,-0.88,1.06,0.1,0.25445,0.02092,-0.41101,-0.87515,-0.89,1.08,0.14,0.17279,-0.03334,-0.31942,-0.93113,-0.89,1.09,0.16,-0.31454,-0.18211,-0.33553,-0.86909,-0.88,1.09,0.18,-0.55644,-0.31938,-0.2736,-0.7166,-0.86,1.07,0.18,-0.55644,-0.31938,-0.2736,-0.7166,-0.7,1.09,0.12,-0.34372,-0.19182,-0.11984,0.91143,-0.68,1.05,0.07,-0.34372,-0.19182,-0.11984,0.91143,-0.72,1.07,0.09,-0.43062,-0.26043,0.59556,0.62614,-0.75,1.07,0.11,-0.2714,-0.11209,0.56668,0.76984,-0.76,1.08,0.14,-0.19084,-0.08917,0.6473,0.73255,-0.77,1.09,0.16,-0.19084,-0.08917,0.6473,0.73255,-0.71,1.07,0.1,-0.34372,-0.19182,-0.11984,0.91143,-0.73,1.11,0.13,-0.00794,-0.23519,0.01725,0.97176,-0.75,1.11,0.16,0.37841,-0.21326,0.0827,0.89693,-0.75,1.1,0.18,0.512,-0.17084,0.10768,0.83491,-0.76,1.08,0.19,0.512,-0.17084,0.10768,0.83491,-0.7,1.07,0.1,-0.34372,-0.19182,-0.11984,0.91143,-0.71,1.11,0.14,-0.05409,-0.21977,-0.06525,0.97186,-0.73,1.12,0.18,0.39759,-0.22725,0.02958,0.88849,-0.74,1.1,0.19,0.62323,-0.19462,0.02223,0.75711,-0.74,1.08,0.2,0.62323,-0.19462,0.02223,0.75711,-0.68,1.07,0.11,-0.34372,-0.19182,-0.11984,0.91143,-0.69,1.1,0.14,-0.12302,-0.19209,-0.14626,0.96259,-0.7,1.12,0.18,0.43354,-0.26119,-0.05438,0.86074,-0.72,1.1,0.19,0.71128,-0.27951,0.01015,0.64487,-0.73,1.08,0.19,0.71128,-0.27951,0.01015,0.64487,-0.67,1.07,0.11,-0.25952,-0.13114,-0.34943,0.8907,-0.68,1.09,0.15,-0.24359,-0.1491,-0.2527,0.92443,-0.68,1.11,0.17,0.3814,-0.28197,-0.18991,0.85963,-0.69,1.1,0.18,0.69172,-0.37388,-0.07213,0.61363,-0.71,1.08,0.18,0.69172,-0.37388,-0.07213,0.61363,-0.81,1.08,0.19
-0.8,1.43,-0.15,-0.8,1.43,-0.15,-0.86,1.09,0.11,0.32112,-0.04611,-0.18145,-0.92835,-0.86,1.06,0.06,0.32112,-0.04611,-0.18145,-0.92835,-0.83,1.08,0.09,0.40976,-0.11799,0.508,-0.7484,-0.81,1.09,0.11,0.20792,0.02275,0.4397,-0.87345,-0.8,1.1,0.14,0.10955,0.02855,0.51542,-0.84942,-0.8,1.11,0.17,0.10955,0.02855,0.51542,-0.84942,-0.84,1.08,0.09,0.32112,-0.04611,-0.18145,-0.92835,-0.84,1.12,0.13,-0.04734,-0.11051,-0.10075,-0.98762,-0.83,1.11,0.17,-0.46645,-0.14613,-0.06942,-0.86963,-0.82,1.1,0.18,-0.61907,-0.12851,-0.04627,-0.77337,-0.82,1.08,0.19,-0.61907,-0.12851,-0.04627,-0.77337,-0.85,1.07,0.09,0.32112,-0.04611,-0.18145,-0.92835,-0.86,1.11,0.14,0.03347,-0.0832,-0.17792,-0.97995,-0.85,1.12,0.18,-0.43856,-0.15988,-0.12936,-0.87485,-0.84,1.1,0.19,-0.65101,-0.16651,-0.14799,-0.72564,-0.83,1.08,0.2,-0.65101,-0.16651,-0.14799,-0.72564,-0.87,1.07,0.09,0.32112,-0.04611,-0.18145,-0.92835,-0.88,1.1,0.14,0.11925,-0.05239,-0.24098,-0.96175,-0.87,1.11,0.17,-0.39507,-0.18883,-0.21705,-0.87244,-0.86,1.09,0.19,-0.64231,-0.26463,-0.17602,-0.69744,-0.85,1.08,0.19,-0.64231,-0.26463,-0.17602,-0.69744,-0.88,1.06,0.1,0.25885,0.01584,-0.41208,-0.87346,-0.89,1.08,0.14,0.17035,-0.04061,-0.31998,-0.9311,-0.89,1.09,0.16,-0.32294,-0.19059,-0.33142,-0.86576,-0.88,1.09,0.18,-0.57003,-0.32814,-0.26477,-0.70518,-0.86,1.07,0.18,-0.57003,-0.32814,-0.26477,-0.70518,-0.7,1.09,0.12,-0.34639,-0.1918,-0.12546,0.90966,-0.68,1.05,0.07,-0.34639,-0.1918,-0.12546,0.90966,-0.72,1.07,0.09,-0.43059,-0.25565,0.59528,0.6284,-0.75,1.07,0.11,-0.27216,-0.10817,0.56487,0.77146,-0.76,1.08,0.14,-0.19286,-0.0868,0.64533,0.73405,-0.77,1.09,0.16,-0.19286,-0.0868,0.64533,0.73405,-0.71,1.07,0.1,-0.34639,-0.1918,-0.12546,0.90966,-0.73,1.11,0.13,-0.00445,-0.24043,0.01704,0.97051,-0.75,1.11,0.16,0.37683,-0.21847,0.08348,0.89627,-0.75,1.1,0.18,0.5039,-0.17668,0.1077,0.83861,-0.76,1.08,0.19,0.5039,-0.17668,0.1077,0.83861,-0.7,1.07,0.1,-0.34639,-0.1918,-0.12546,0.90966,-0.71,1.11,0.14,-0.05745,-0.22377,-0.06892,0.9705,-0.73,1.12,0.17,0.3976,-0.2324,0.02909,0.88716,-0.74,1.1,0.19,0.62642,-0.19936,0.02366,0.75319,-0.74,1.08,0.19,0.62642,-0.19936,0.02366,0.75319,-0.68,1.07,0.11,-0.34639,-0.1918,-0.12546,0.90966,-0.69,1.11,0.14,-0.126,-0.19575,-0.15046,0.96082,-0.7,1.12,0.18,0.43551,-0.26693,-0.05421,0.85799,-0.72,1.1,0.19,0.71615,-0.2843,0.0137,0.63728,-0.73,1.08,0.19,0.71615,-0.2843,0.0137,0.63728,-0.67,1.07,0.11,-0.26135,-0.13202,-0.35489,0.88788,-0.68,1.09,0.15,-0.24325,-0.15537,-0.25639,0.92247,-0.68,1.11,0.17,0.38456,-0.28985,-0.18786,0.85604,-0.69,1.1,0.18,0.69718,-0.38028,-0.06492,0.60424,-0.71,1.08,0.18,0.69718,-0.38028,-0.06492,0.60424,-0.81,1.08,0.19
-0.8,1.43,-0.15,-0.8,1.43,-0.15,-0.86,1.09,0.11,0.32489,-0.04961,-0.18136,-0.92687,-0.86,1.06,0.06,0.32489,-0.04961,-0.18136,-0.92687,-0.83,1.08,0.09,0.415,-0.11478,0.50746,-0.74638,-0.81,1.09,0.11,0.21584,0.02407,0.43817,-0.87226,-0.8,1.1,0.14,0.11436,0.03228,0.51375,-0.84967,-0.8,1.11,0.17,0.11436,0.03228,0.51375,-0.84967,-0.84,1.08,0.09,0.32489,-0.04961,-0.18136,-0.92687,-0.84,1.12,0.13,-0.05454,-0.11736,-0.09544,-0.98699,-0.83,1.11,0.17,-0.47265,-0.14985,-0.06176,-0.86622,-0.82,1.1,0.18,-0.62299,-0.13067,-0.03814,-0.7703,-0.82,1.07,0.19,-0.62299,-0.13067,-0.03814,-0.7703,-0.85,1.07,0.09,0.32489,-0.04961,-0.18136,-0.92687,-0.86,1.11,0.14,0.03139,-0.09016,-0.17465,-0.97999,-0.85,1.12,0.18,-0.44263,-0.16471,-0.12277,-0.87285,-0.84,1.1,0.19,-0.65773,-0.16955,-0.13993,-0.72046,-0.83,1.08,0.2,-0.65773,-0.16955,-0.13993,-0.72046,-0.87,1.07,0.09,0.32489,-0.04961,-0.18136,-0.92687,-0.87,1.1,0.14,0.11878,-0.058,-0.23958,-0.96184,-0.87,1.11,0.17,-0.39917,-0.19367,-0.21229,-0.87068,-0.86,1.1,0.19,-0.6489,-0.26814,-0.16917,-0.69167,-0.85,1.08,0.19,-0.6489,-0.26814,-0.16917,-0.69167,-0.88,1.06,0.1,0.26181,0.01147,-0.41215,-0.87261,-0.89,1.08,0.14,0.17017,-0.04553,-0.31965,-0.93102,-0.89,1.1,0.16,-0.32635,-0.19572,-0.32816,-0.86458,-0.88,1.09,0.18,-0.57615,-0.3329,-0.25888,-0.70015,-0.86,1.07,0.18,-0.57615,-0.3329,-0.25888,-0.70015,-0.7,1.09,0.12,-0.3496,-0.19091,-0.12766,0.90832,-0.68,1.05,0.07,-0.3496,-0.19091,-0.12766,0.90832,-0.72,1.07,0.09,-0.42992,-0.25028,0.59709,0.62929,-0.75,1.07,0.11,-0.27284,-0.10322,0.56508,0.77175,-0.76,1.08,0.14,-0.19633,-0.08457,0.64514,0.73355,-0.77,1.09,0.16,-0.19633,-0.08457,0.64514,0.73355,-0.71,1.07,0.09,-0.3496,-0.19091,-0.12766,0.90832,-0.73,1.11,0.13,-0.00482,-0.2429,0.01813,0.96987,-0.75,1.11,0.16,0.37224,-0.22072,0.08444,0.89755,-0.75,1.1,0.18,0.49551,-0.17928,0.1079,0.84302,-0.76,1.08,0.19,0.49551,-0.17928,0.1079,0.84302,-0.7,1.07,0.1,-0.3496,-0.19091,-0.12766,0.90832,-0.71,1.12,0.14,-0.06131,-0.22526,-0.07007,0.96984,-0.73,1.12,0.17,0.39547,-0.23425,0.02918,0.88763,-0.74,1.1,0.19,0.62563,-0.20115,0.02438,0.75334,-0.74,1.08,0.19,0.62563,-0.20115,0.02438,0.75334,-0.68,1.07,0.1,-0.3496,-0.19091,-0.12766,0.90832,-0.69,1.11,0.14,-0.12895,-0.19697,-0.15197,0.95994,-0.7,1.12,0.18,0.43437,-0.26898,-0.05419,0.85793,-0.72,1.1,0.19,0.71617,-0.28612,0.01486,0.63641,-0.73,1.08,0.19,0.71617,-0.28612,0.01486,0.63641,-0.67,1.07,0.11,-0.26435,-0.13205,-0.3572,0.88605,-0.68,1.09,0.15,-0.24284,-0.15791,-0.25771,0.92178,-0.68,1.11,0.17,0.38531,-0.29276,-0.18712,0.85488,-0.69,1.1,0.18,0.69863,-0.38261,-0.06236,0.60136,-0.71,1.08,0.18,0.69863,-0.38261,-0.06236,0.60136,-0.81,1.08,0.19
-0.8,1.43,-0.15,-0.8,1.43,-0.15,-0.86,1.09,0.11,0.32578,-0.05124,-0.18221,-0.9263,-0.86,1.06,0.06,0.32578,-0.05124,-0.18221,-0.9263,-0.83,1.07,0.09,0.41742,-0.11392,0.50604,-0.74613,-0.81,1.09,0.11,0.21886,0.02399,0.43646,-0.87237,-0.8,1.1,0.14,0.11424,0.0342,0.51183,-0.85077,-0.8,1.11,0.17,0.11424,0.0342,0.51183,-0.85077,-0.84,1.08,0.09,0.32578,-0.05124,-0.18221,-0.9263,-0.84,1.12,0.13,-0.06133,-0.12178,-0.09281,-0.9863,-0.83,1.11,0.17,-0.47751,-0.15248,-0.05771,-0.86337,-0.82,1.09,0.18,-0.62583,-0.13243,-0.0338,-0.76789,-0.81,1.07,0.19,-0.62583,-0.13243,-0.0338,-0.76789,-0.85,1.07,0.09,0.32578,-0.05124,-0.18221,-0.9263,-0.86,1.11,0.14,0.02874,-0.09516,-0.17292,-0.97991,-0.85,1.12,0.18,-0.44471,-0.1682,-0.11892,-0.87167,-0.84,1.1,0.19,-0.66019,-0.17183,-0.13521,-0.71857,-0.83,1.08,0.19,-0.66019,-0.17183,-0.13521,-0.71857,-0.87,1.07,0.09,0.32578,-0.05124,-0.18221,-0.9263,-0.87,1.1,0.14,0.11756,-0.06143,-0.23941,-0.96182,-0.87,1.11,0.17,-0.4005,-0.19648,-0.21034,-0.86991,-0.86,1.1,0.19,-0.6504,-0.27021,-0.16636,-0.69014,-0.84,1.08,0.19,-0.6504,-0.27021,-0.16636,-0.69014,-0.88,1.06,0.1,0.26223,0.00961,-0.41295,-0.87213,-0.89,1.08,0.14,0.16923,-0.04759,-0.32039,-0.93083,-0.89,1.09,0.16,-0.3279,-0.19803,-0.32762,-0.86367,-0.88,1.09,0.18,-0.57746,-0.33491,-0.25763,-0.69857,-0.86,1.07,0.18,-0.57746,-0.33491,-0.25763,-0.69857,-0.7,1.09,0.12,-0.35205,-0.19064,-0.12726,0.90748,-0.68,1.05,0.07,-0.35205,-0.19064,-0.12726,0.90748,-0.72,1.07,0.09,-0.42743,-0.24576,0.60135,0.62871,-0.75,1.07,0.11,-0.27189,-0.09822,0.56813,0.77049,-0.76,1.08,0.14,-0.19651,-0.0808,0.64765,0.73172,-0.77,1.09,0.16,-0.19651,-0.0808,0.64765,0.73172,-0.71,1.07,0.09,-0.35205,-0.19064,-0.12726,0.90748,-0.73,1.11,0.13,-0.00474,-0.24377,0.02058,0.9696,-0.75,1.11,0.16,0.36884,-0.22091,0.08621,0.89873,-0.75,1.1,0.18,0.48912,-0.17963,0.10883,0.84655,-0.76,1.08,0.19,0.48912,-0.17963,0.10883,0.84655,-0.7,1.07,0.1,-0.35205,-0.19064,-0.12726,0.90748,-0.71,1.12,0.14,-0.06362,-0.22641,-0.06853,0.96953,-0.73,1.12,0.17,0.39464,-0.23455,0.03144,0.88784,-0.74,1.1,0.19,0.62497,-0.20092,0.02663,0.75388,-0.74,1.08,0.19,0.62497,-0.20092,0.02663,0.75388,-0.68,1.07,0.1,-0.35205,-0.19064,-0.12726,0.90748,-0.69,1.11,0.14,-0.13103,-0.19795,-0.15093,0.95962,-0.7,1.12,0.18,0.43342,-0.26934,-0.05247,0.8584,-0.72,1.1,0.19,0.71568,-0.28585,0.01667,0.63704,-0.73,1.08,0.18,0.71568,-0.28585,0.01667,0.63704,-0.67,1.07,0.11,-0.26685,-0.1324,-0.35699,0.88534,-0.68,1.09,0.15,-0.24319,-0.1603,-0.25658,0.92159,-0.68,1.11,0.17,0.38453,-0.29387,-0.18493,0.85532,-0.69,1.1,0.18,0.69846,-0.38274,-0.05973,0.60175,-0.71,1.08,0.18,0.69846,-0.38274,-0.05973,0.60175,-0.81,1.08,0.19
-0.8,1.43,-0.15,-0.8,1.43,-0.15,-0.86,1.09,0.11,0.32164,-0.05017,-0.18302,-0.92765,-0.86,1.06,0.06,0.32164,-0.05017,-0.18302,-0.92765,-0.83,1.07,0.09,0.41331,-0.11666,0.5058,-0.74815,-0.81,1.09,0.11,0.21328,0.02218,0.43701,-0.87352,-0.8,1.1,0.14,0.10847,0.03209,0.51231,-0.85132,-0.8,1.11,0.17,0.10847,0.03209,0.51231,-0.85132,-0.84,1.08,0.09,0.32164,-0.05017,-0.18302,-0.92765,-0.84,1.12,0.13,-0.06748,-0.12222,-0.09314,-0.98582,-0.83,1.11,0.17,-0.47816,-0.15253,-0.05868,-0.86294,-0.82,1.09,0.18,-0.62332,-0.13245,-0.03533,-0.76986,-0.81,1.07,0.19,-0.62332,-0.13245,-0.03533,-0.76986,-0.85,1.07,0.09,0.32164,-0.05017,-0.18302,-0.92765,-0.86,1.11,0.14,0.02349,-0.09619,-0.17273,-0.97998,-0.85,1.12,0.18,-0.44645,-0.16855,-0.11883,-0.87072,-0.84,1.1,0.19,-0.65998,-0.17187,-0.13522,-0.71875,-0.83,1.07,0.2,-0.65998,-0.17187,-0.13522,-0.71875,-0.87,1.07,0.09,0.32164,-0.05017,-0.18302,-0.92765,-0.87,1.1,0.14,0.11299,-0.06129,-0.23977,-0.96228,-0.87,1.11,0.17,-0.40234,-0.19585,-0.21127,-0.86898,-0.86,1.09,0.19,-0.65051,-0.26962,-0.16788,-0.68989,-0.84,1.07,0.19,-0.65051,-0.26962,-0.16788,-0.68989,-0.88,1.06,0.1,0.2583,0.01168,-0.41345,-0.87304,-0.89,1.08,0.14,0.16565,-0.04538,-0.32134,-0.93126,-0.89,1.09,0.16,-0.33021,-0.19601,-0.32967,-0.86247,-0.88,1.09,0.18,-0.57752,-0.33309,-0.26103,-0.69813,-0.86,1.07,0.18,-0.57752,-0.33309,-0.26103,-0.69813,-0.7,1.09,0.12,-0.35585,-0.18961,-0.12731,0.90621,-0.68,1.05,0.07,-0.35585,-0.18961,-0.12731,0.90621,-0.72,1.07,0.09,-0.42557,-0.23953,0.60548,0.62842,-0.75,1.07,0.11,-0.27092,-0.09112,0.57074,0.76978,-0.76,1.09,0.14,-0.19477,-0.07352,0.64966,0.73116,-0.77,1.09,0.16,-0.19477,-0.07352,0.64966,0.73116,-0.71,1.07,0.09,-0.35585,-0.18961,-0.12731,0.90621,-0.73,1.12,0.13,-0.00412,-0.24394,0.02292,0.96951,-0.75,1.12,0.16,0.36644,-0.22045,0.0877,0.89968,-0.75,1.1,0.18,0.48338,-0.17939,0.10938,0.84982,-0.76,1.08,0.19,0.48338,-0.17939,0.10938,0.84982,-0.7,1.07,0.1,-0.35585,-0.18961,-0.12731,0.90621,-0.71,1.12,0.14,-0.06718,-0.22675,-0.06778,0.96927,-0.73,1.12,0.17,0.39321,-0.23447,0.03276,0.88844,-0.74,1.1,0.19,0.62408,-0.20057,0.02791,0.75466,-0.74,1.08,0.19,0.62408,-0.20057,0.02791,0.75466,-0.68,1.07,0.1,-0.35585,-0.18961,-0.12731,0.90621,-0.69,1.11,0.14,-0.13561,-0.19809,-0.15081,0.95897,-0.7,1.12,0.17,0.43008,-0.26961,-0.05197,0.86003,-0.72,1.1,0.19,0.71326,-0.28603,0.01734,0.63964,-0.73,1.08,0.18,0.71326,-0.28603,0.01734,0.63964,-0.67,1.07,0.11,-0.27077,-0.13237,-0.35733,0.88401,-0.68,1.09,0.15,-0.24711,-0.16151,-0.25629,0.92042,-0.68,1.11,0.17,0.37897,-0.29464,-0.18445,0.85764,-0.69,1.1,0.18,0.69426,-0.38332,-0.05881,0.60631,-0.71,1.08,0.18,0.69426,-0.38332,-0.05881,0.60631,-0.81,1.08,0.19
-0.8,1.43,-0.15,-0.8,1.43,-0.15,-0.86,1.09,0.11,0.31478,-0.04886,-0.18052,-0.93056,-0.86,1.06,0.06,0.31478,-0.04886,-0.18052,-0.93056,-0.83,1.07,0.09,0.40422,-0.12176,0.50996,-0.74948,-0.81,1.09,0.11,0.20273,0.01982,0.44272,-0.87322,-0.8,1.1,0.14,0.09907,0.02875,0.51773,-0.8493,-0.8,1.11,0.17,0.09907,0.02875,0.51773,-0.8493,-0.84,1.08,0.09,0.31478,-0.04886,-0.18052,-0.93056,-0.84,1.12,0.14,-0.07424,-0.12069,-0.09122,-0.9857,-0.83,1.11,0.17,-0.47706,-0.14967,-0.05886,-0.86403,-0.82,1.09,0.18,-0.61914,-0.12946,-0.03666,-0.77367,-0.81,1.07,0.19,-0.61914,-0.12946,-0.03666,-0.77367,-0.85,1.07,0.09,0.31478,-0.04886,-0.18052,-0.93056,-0.86,1.11,0.14,0.01772,-0.09425,-0.17057,-0.98067,-0.85,1.12,0.18,-0.44601,-0.16496,-0.11896,-0.87162,-0.84,1.1,0.19,-0.65512,-0.16803,-0.13689,-0.72377,-0.83,1.07,0.2,-0.65512,-0.16803,-0.13689,-0.72377,-0.87,1.07,0.09,0.31478,-0.04886,-0.18052,-0.93056,-0.87,1.1,0.14,0.10702,-0.05874,-0.23749,-0.96369,-0.87,1.11,0.17,-0.40333,-0.19115,-0.21174,-0.86945,-0.86,1.09,0.19,-0.64794,-0.2647,-0.17088,-0.69347,-0.84,1.07,0.19,-0.64794,-0.2647,-0.17088,-0.69347,-0.88,1.06,0.1,0.25223,0.01482,-0.4107,-0.87606,-0.89,1.08,0.14,0.16032,-0.04095,-0.31934,-0.93308,-0.89,1.09,0.17,-0.33229,-0.18964,-0.33073,-0.86269,-0.88,1.08,0.18,-0.5743,-0.32569,-0.26635,-0.70225,-0.86,1.07,0.18,-0.5743,-0.32569,-0.26635,-0.70225,-0.7,1.09,0.12,-0.36235,-0.18745,-0.1309,0.90357,-0.68,1.05,0.07,-0.36235,-0.18745,-0.1309,0.90357,-0.72,1.07,0.09,-0.42856,-0.23086,0.60511,0.62999,-0.75,1.08,0.11,-0.27373,-0.0827,0.5681,0.77168,-0.76,1.09,0.14,-0.19629,-0.06469,0.6468,0.73412,-0.77,1.09,0.16,-0.19629,-0.06469,0.6468,0.73412,-0.71,1.07,0.09,-0.36235,-0.18745,-0.1309,0.90357,-0.73,1.12,0.13,-0.00746,-0.2444,0.02159,0.96941,-0.75,1.12,0.16,0.36056,-0.22173,0.08598,0.90191,-0.75,1.1,0.18,0.47486,-0.18128,0.10694,0.85452,-0.76,1.08,0.19,0.47486,-0.18128,0.10694,0.85452,-0.7,1.07,0.1,-0.36235,-0.18745,-0.1309,0.90357,-0.71,1.12,0.13,-0.07279,-0.22673,-0.0708,0.96865,-0.72,1.12,0.17,0.3906,-0.23583,0.03078,0.88931,-0.74,1.11,0.19,0.623,-0.20245,0.02651,0.75511,-0.74,1.08,0.19,0.623,-0.20245,0.02651,0.75511,-0.68,1.07,0.1,-0.36235,-0.18745,-0.1309,0.90357,-0.69,1.11,0.14,-0.14215,-0.19804,-0.15434,0.95747,-0.7,1.12,0.17,0.4265,-0.27193,-0.05395,0.86095,-0.72,1.1,0.19,0.71122,-0.28891,0.01675,0.64064,-0.72,1.08,0.18,0.71122,-0.28891,0.01675,0.64064,-0.67,1.07,0.11,-0.27704,-0.13207,-0.36121,0.88053,-0.67,1.09,0.15,-0.25162,-0.16247,-0.25954,0.91811,-0.68,1.11,0.17,0.37252,-0.29746,-0.18676,0.85899,-0.69,1.1,0.18,0.68911,-0.3869,-0.0593,0.60985,-0.71,1.08,0.18,0.68911,-0.3869,-0.0593,0.60985,-0.81,1.08,0.19
-0.8,1.43,-0.15,-0.8,1.43,-0.15,-0.85,1.09,0.11,0.30882,-0.05021,-0.16805,-0.93481,-0.86,1.06,0.06,0.30882,-0.05021,-0.16805,-0.93481,-0.83,1.07,0.09,0.39647,-0.1292,0.52033,-0.74524,-0.81,1.09,0.11,0.19386,0.01717,0.45545,-0.86873,-0.8,1.1,0.14,0.09319,0.02492,0.53011,-0.84242,-0.8,1.11,0.17,0.09319,0.02492,0.53011,-0.84242,-0.84,1.08,0.09,0.30882,-0.05021,-0.16805,-0.93481,-0.83,1.12,0.14,-0.07174,-0.11633,-0.08083,-0.98731,-0.83,1.11,0.17,-0.47188,-0.14127,-0.05181,-0.86873,-0.82,1.09,0.18,-0.61312,-0.1199,-0.03156,-0.7802,-0.81,1.07,0.19,-0.61312,-0.1199,-0.03156,-0.7802,-0.85,1.07,0.09,0.30882,-0.05021,-0.16805,-0.93481,-0.86,1.11,0.14,0.01717,-0.08997,-0.1593,-0.98297,-0.85,1.12,0.18,-0.44131,-0.1551,-0.11215,-0.87671,-0.84,1.1,0.19,-0.64573,-0.15667,-0.13365,-0.73527,-0.83,1.07,0.2,-0.64573,-0.15667,-0.13365,-0.73527,-0.87,1.07,0.09,0.30882,-0.05021,-0.16805,-0.93481,-0.87,1.1,0.14,0.10277,-0.0557,-0.22554,-0.9672,-0.87,1.11,0.18,-0.4013,-0.1806,-0.20466,-0.87433,-0.86,1.09,0.19,-0.64209,-0.25178,-0.16892,-0.70412,-0.84,1.07,0.19,-0.64209,-0.25178,-0.16892,-0.70412,-0.88,1.06,0.1,0.24785,0.01557,-0.39864,-0.88285,-0.89,1.08,0.14,0.15472,-0.03648,-0.30808,-0.93799,-0.89,1.09,0.17,-0.33316,-0.1776,-0.32442,-0.8673,-0.88,1.08,0.18,-0.56897,-0.30987,-0.26731,-0.7133,-0.86,1.07,0.18,-0.56897,-0.30987,-0.26731,-0.7133,-0.7,1.1,0.11,-0.38406,-0.18546,-0.13691,0.89407,-0.68,1.05,0.07,-0.38406,-0.18546,-0.13691,0.89407,-0.72,1.07,0.09,-0.44611,-0.2131,0.60142,0.62758,-0.75,1.08,0.11,-0.29192,-0.06751,0.55974,0.77261,-0.76,1.09,0.14,-0.20935,-0.04524,0.63848,0.73924,-0.77,1.1,0.16,-0.20935,-0.04524,0.63848,0.73924,-0.71,1.07,0.09,-0.38406,-0.18546,-0.13691,0.89407,-0.73,1.12,0.13,-0.05008,-0.24179,0.00886,0.969,-0.74,1.12,0.16,0.32179,-0.22507,0.07358,0.91672,-0.75,1.11,0.17,0.43932,-0.18642,0.09406,0.87373,-0.76,1.09,0.19,0.43932,-0.18642,0.09406,0.87373,-0.69,1.07,0.1,-0.38406,-0.18546,-0.13691,0.89407,-0.71,1.12,0.13,-0.087,-0.22658,-0.07538,0.96717,-0.72,1.13,0.17,0.3853,-0.23777,0.02881,0.89117,-0.73,1.11,0.18,0.62719,-0.20424,0.02652,0.75115,-0.74,1.09,0.19,0.62719,-0.20424,0.02652,0.75115,-0.68,1.07,0.1,-0.38406,-0.18546,-0.13691,0.89407,-0.69,1.11,0.14,-0.15477,-0.20006,-0.15908,0.95431,-0.7,1.12,0.17,0.42288,-0.27719,-0.05385,0.86107,-0.71,1.11,0.18,0.71362,-0.29323,0.02092,0.63587,-0.72,1.08,0.18,0.71362,-0.29323,0.02092,0.63587,-0.67,1.07,0.11,-0.2978,-0.13608,-0.36814,0.87021,-0.67,1.1,0.14,-0.26979,-0.16437,-0.26633,0.91064,-0.68,1.11,0.17,0.36185,-0.30625,-0.18811,0.86017,-0.69,1.1,0.18,0.68368,-0.39562,-0.05412,0.61085,-0.7,1.09,0.17,0.68368,-0.39562,-0.05412,0.61085,-0.81,1.08,0.19
-0.8,1.43,-0.15,-0.8,1.43,-0.15,-0.85,1.09,0.11,0.31055,-0.05273,-0.16374,-0.93486,-0.86,1.06,0.06,0.31055,-0.05273,-0.16374,-0.93486,-0.82,1.07,0.09,0.39871,-0.1316,0.52307,-0.74169,-0.81,1.09,0.11,0.19446,0.01659,0.45904,-0.86671,-0.8,1.1,0.14,0.096,0.02342,0.53383,-0.8398,-0.8,1.11,0.17,0.096,0.02342,0.53383,-0.8398,-0.84,1.08,0.09,0.31055,-0.05273,-0.16374,-0.93486,-0.83,1.12,0.14,-0.05519,-0.11453,-0.07898,-0.98874,-0.82,1.11,0.17,-0.45807,-0.13935,-0.05072,-0.87646,-0.82,1.09,0.18,-0.60174,-0.11793,-0.03108,-0.78932,-0.81,1.07,0.19,-0.60174,-0.11793,-0.03108,-0.78932,-0.85,1.07,0.09,0.31055,-0.05273,-0.16374,-0.93486,-0.86,1.11,0.14,0.02705,-0.08778,-0.15656,-0.98339,-0.85,1.12,0.18,-0.42956,-0.15162,-0.11127,-0.88324,-0.84,1.1,0.19,-0.63268,-0.15364,-0.13426,-0.74705,-0.83,1.07,0.2,-0.63268,-0.15364,-0.13426,-0.74705,-0.87,1.07,0.09,0.31055,-0.05273,-0.16374,-0.93486,-0.87,1.1,0.14,0.10776,-0.05487,-0.222,-0.96752,-0.87,1.11,0.17,-0.39114,-0.17698,-0.20307,-0.88003,-0.86,1.09,0.19,-0.62972,-0.24748,-0.16944,-0.71659,-0.84,1.07,0.19,-0.62972,-0.24748,-0.16944,-0.71659,-0.88,1.07,0.1,0.24961,0.01286,-0.39467,-0.88417,-0.89,1.08,0.14,0.15605,-0.03465,-0.30508,-0.93882,-0.89,1.09,0.16,-0.32942,-0.17365,-0.32323,-0.86997,-0.88,1.08,0.18,-0.56184,-0.30439,-0.26888,-0.72069,-0.86,1.07,0.18,-0.56184,-0.30439,-0.26888,-0.72069,-0.7,1.1,0.11,-0.40648,-0.184,-0.14017,0.8839,-0.68,1.05,0.07,-0.40648,-0.184,-0.14017,0.8839,-0.72,1.07,0.09,-0.46364,-0.19575,0.59937,0.62248,-0.75,1.08,0.11,-0.31032,-0.0521,0.5533,0.77126,-0.76,1.1,0.14,-0.21926,-0.02262,0.6315,0.74338,-0.77,1.1,0.16,-0.21926,-0.02262,0.6315,0.74338,-0.71,1.08,0.09,-0.40648,-0.184,-0.14017,0.8839,-0.72,1.12,0.12,-0.09576,-0.23387,-0.00607,0.96752,-0.74,1.13,0.15,0.28536,-0.22407,0.05859,0.93002,-0.75,1.12,0.17,0.4087,-0.1874,0.07879,0.88974,-0.76,1.1,0.19,0.4087,-0.1874,0.07879,0.88974,-0.69,1.07,0.1,-0.40648,-0.184,-0.14017,0.8839,-0.7,1.12,0.13,-0.09977,-0.22531,-0.07765,0.96605,-0.72,1.13,0.17,0.37872,-0.23773,0.02761,0.89403,-0.73,1.11,0.18,0.6278,-0.20431,0.02629,0.75062,-0.74,1.09,0.19,0.6278,-0.20431,0.02629,0.75062,-0.68,1.07,0.1,-0.40648,-0.184,-0.14017,0.8839,-0.69,1.11,0.14,-0.1692,-0.20096,-0.16197,0.95119,-0.7,1.13,0.17,0.41269,-0.28031,-0.0543,0.86496,-0.71,1.11,0.18,0.70907,-0.29623,0.02314,0.63948,-0.72,1.09,0.18,0.70907,-0.29623,0.02314,0.63948,-0.67,1.07,0.11,-0.31953,-0.1408,-0.37237,0.85989,-0.67,1.1,0.14,-0.29275,-0.16478,-0.27126,0.90198,-0.68,1.12,0.16,0.34914,-0.3137,-0.18793,0.86277,-0.69,1.11,0.18,0.67602,-0.40245,-0.04863,0.61537,-0.7,1.09,0.17,0.67602,-0.40245,-0.04863,0.61537,-0.81,1.08,0.19
