-0.8,1.45,-0.15,-0.8,1.45,-0.15,-0.85,1.1,0.11,0.33769,-0.04594,-0.11128,-0.93353,-0.86,1.06,0.06,0.33769,-0.04594,-0.11128,-0.93353,-0.82,1.08,0.09,0.45434,-0.14356,0.51704,-0.71108,-0.8,1.09,0.11,0.20555,0.02478,0.45917,-0.86388,-0.8,1.1,0.14,0.09437,0.04025,0.5321,-0.84044,-0.79,1.11,0.16,0.09437,0.04025,0.5321,-0.84044,-0.83,1.08,0.09,0.33769,-0.04594,-0.11128,-0.93353,-0.83,1.12,0.13,0.11601,-0.0499,-0.06803,-0.98966,-0.83,1.13,0.17,-0.26062,-0.07744,-0.06994,-0.95979,-0.82,1.12,0.19,-0.42442,-0.06193,-0.06598,-0.90093,-0.82,1.1,0.2,-0.42442,-0.06193,-0.06598,-0.90093,-0.85,1.08,0.09,0.33769,-0.04594,-0.11128,-0.93353,-0.85,1.12,0.13,0.16492,-0.03747,-0.12453,-0.9777,-0.85,1.13,0.17,-0.24692,-0.08753,-0.11106,-0.95866,-0.84,1.12,0.2,-0.42252,-0.09837,-0.15308,-0.8879,-0.84,1.1,0.21,-0.42252,-0.09837,-0.15308,-0.8879,-0.87,1.07,0.09,0.33769,-0.04594,-0.11128,-0.93353,-0.87,1.11,0.13,0.22958,-0.01889,-0.17886,-0.95653,-0.87,1.12,0.17,-0.22624,-0.11908,-0.18746,-0.94841,-0.86,1.11,0.19,-0.45101,-0.1862,-0.17391,-0.85538,-0.85,1.1,0.2,-0.45101,-0.1862,-0.17391,-0.85538,-0.87,1.07,0.09,0.28468,0.01459,-0.34755,-0.89328,-0.88,1.09,0.13,0.2558,-0.02767,-0.24771,-0.93405,-0.89,1.11,0.16,-0.16519,-0.12587,-0.28563,-0.93557,-0.88,1.1,0.18,-0.37156,-0.23551,-0.25302,-0.86166,-0.87,1.09,0.19,-0.37156,-0.23551,-0.25302,-0.86166,-0.7,1.09,0.12,-0.2297,-0.1569,-0.08465,0.95679,-0.68,1.07,0.06,-0.2297,-0.1569,-0.08465,0.95679,-0.72,1.07,0.09,-0.46128,-0.23516,0.461,0.72069,-0.75,1.09,0.1,-0.33832,-0.15187,0.40658,0.83497,-0.76,1.1,0.13,-0.37259,-0.20156,0.48615,0.76434,-0.78,1.11,0.14,-0.37259,-0.20156,0.48615,0.76434,-0.71,1.08,0.09,-0.2297,-0.1569,-0.08465,0.95679,-0.73,1.11,0.14,0.02462,-0.30899,0.07322,0.94792,-0.75,1.1,0.17,0.29299,-0.27628,0.1306,0.90596,-0.76,1.09,0.18,0.4137,-0.22975,0.15807,0.86665,-0.77,1.07,0.2,0.4137,-0.22975,0.15807,0.86665,-0.7,1.08,0.09,-0.2297,-0.1569,-0.08465,0.95679,-0.71,1.11,0.14,-0.14697,-0.17186,-0.07732,0.97102,-0.72,1.12,0.18,0.19515,-0.18953,-0.02652,0.96192,-0.73,1.11,0.2,0.39209,-0.1863,-0.04987,0.89948,-0.74,1.1,0.22,0.39209,-0.1863,-0.04987,0.89948,-0.68,1.08,0.1,-0.2297,-0.1569,-0.08465,0.95679,-0.69,1.1,0.15,-0.20267,-0.09845,-0.14817,0.96295,-0.7,1.12,0.18,0.26003,-0.17548,-0.12423,0.94136,-0.71,1.1,0.2,0.52282,-0.22693,-0.09225,0.81649,-0.72,1.09,0.21,0.52282,-0.22693,-0.09225,0.81649,-0.67,1.07,0.1,-0.16048,-0.06672,-0.3094,0.93492,-0.67,1.09,0.15,-0.29532,0.05183,-0.21947,0.9284,-0.67,1.1,0.17,0.22543,-0.07679,-0.29158,0.92643,-0.67,1.1,0.19,0.53666,-0.2211,-0.25103,0.77466,-0.69,1.08,0.2,0.53666,-0.2211,-0.25103,0.77466,-0.81,1.08,0.19
-0.8,1.45,-0.15,-0.8,1.45,-0.15,-0.85,1.1,0.11,0.33581,-0.05316,-0.11277,-0.93364,-0.86,1.06,0.06,0.33581,-0.05316,-0.11277,-0.93364,-0.82,1.07,0.09,0.45429,-0.14815,0.51733,-0.70995,-0.8,1.09,0.11,0.20461,0.02101,0.46108,-0.86319,-0.79,1.1,0.14,0.09327,0.03694,0.53419,-0.83939,-0.79,1.11,0.16,0.09327,0.03694,0.53419,-0.83939,-0.83,1.08,0.09,0.33581,-0.05316,-0.11277,-0.93364,-0.83,1.12,0.13,0.12339,-0.05634,-0.06884,-0.98836,-0.83,1.13,0.17,-0.25487,-0.08401,-0.06812,-0.96091,-0.82,1.12,0.19,-0.422,-0.06839,-0.06293,-0.90182,-0.82,1.1,0.2,-0.422,-0.06839,-0.06293,-0.90182,-0.85,1.08,0.09,0.33581,-0.05316,-0.11277,-0.93364,-0.85,1.12,0.13,0.17314,-0.04229,-0.12579,-0.97592,-0.85,1.13,0.17,-0.24016,-0.09271,-0.11009,-0.96001,-0.84,1.12,0.19,-0.41805,-0.10389,-0.15119,-0.88971,-0.84,1.1,0.21,-0.41805,-0.10389,-0.15119,-0.88971,-0.87,1.07,0.09,0.33581,-0.05316,-0.11277,-0.93364,-0.87,1.11,0.13,0.23994,-0.02352,-0.18001,-0.95366,-0.87,1.12,0.17,-0.2147,-0.12389,-0.18627,-0.95071,-0.86,1.12,0.19,-0.43906,-0.19059,-0.17146,-0.86111,-0.85,1.1,0.2,-0.43906,-0.19059,-0.17146,-0.86111,-0.87,1.07,0.09,0.28115,0.00798,-0.34862,-0.89407,-0.88,1.09,0.13,0.25706,-0.0338,-0.24843,-0.93331,-0.89,1.11,0.16,-0.15751,-0.12987,-0.28432,-0.93674,-0.88,1.1,0.18,-0.35911,-0.23769,-0.25163,-0.86673,-0.87,1.09,0.19,-0.35911,-0.23769,-0.25163,-0.86673,-0.7,1.09,0.12,-0.26409,-0.1648,-0.09965,0.94507,-0.68,1.06,0.07,-0.26409,-0.1648,-0.09965,0.94507,-0.72,1.07,0.09,-0.47924,-0.23208,0.47046,0.70366,-0.75,1.09,0.1,-0.34424,-0.1414,0.41955,0.82794,-0.77,1.1,0.13,-0.36822,-0.18609,0.50076,0.76094,-0.78,1.11,0.14,-0.36822,-0.18609,0.50076,0.76094,-0.71,1.08,0.09,-0.26409,-0.1648,-0.09965,0.94507,-0.73,1.11,0.14,-0.00018,-0.31318,0.06982,0.94712,-0.75,1.11,0.17,0.28027,-0.2803,0.13201,0.90855,-0.76,1.09,0.18,0.40451,-0.23316,0.16054,0.86962,-0.77,1.08,0.2,0.40451,-0.23316,0.16054,0.86962,-0.7,1.08,0.09,-0.26409,-0.1648,-0.09965,0.94507,-0.71,1.11,0.14,-0.16156,-0.1836,-0.08706,0.96572,-0.72,1.13,0.18,0.19266,-0.20447,-0.02889,0.95929,-0.73,1.12,0.2,0.40245,-0.20166,-0.04751,0.89169,-0.74,1.1,0.22,0.40245,-0.20166,-0.04751,0.89169,-0.68,1.08,0.1,-0.26409,-0.1648,-0.09965,0.94507,-0.69,1.1,0.14,-0.21609,-0.11313,-0.16234,0.95611,-0.7,1.12,0.18,0.25342,-0.19649,-0.12822,0.93847,-0.71,1.11,0.2,0.52368,-0.24867,-0.08794,0.81005,-0.72,1.09,0.21,0.52368,-0.24867,-0.08794,0.81005,-0.67,1.07,0.1,-0.19024,-0.0834,-0.32618,0.9222,-0.67,1.09,0.15,-0.31383,0.03594,-0.24242,0.91731,-0.67,1.11,0.17,0.20517,-0.1037,-0.30244,0.92503,-0.67,1.1,0.19,0.5159,-0.24973,-0.25055,0.7802,-0.69,1.09,0.2,0.5159,-0.24973,-0.25055,0.7802,-0.81,1.08,0.19
-0.8,1.45,-0.15,-0.8,1.45,-0.15,-0.85,1.1,0.11,0.33121,-0.05532,-0.10864,-0.93565,-0.86,1.06,0.06,0.33121,-0.05532,-0.10864,-0.93565,-0.82,1.07,0.09,0.44931,-0.15282,0.52138,-0.70918,-0.8,1.09,0.11,0.19848,0.01913,0.46673,-0.86163,-0.79,1.1,0.14,0.08585,0.03608,0.53936,-0.83691,-0.79,1.11,0.16,0.08585,0.03608,0.53936,-0.83691,-0.83,1.08,0.09,0.33121,-0.05532,-0.10864,-0.93565,-0.83,1.12,0.13,0.1237,-0.05703,-0.06487,-0.98855,-0.82,1.13,0.17,-0.25198,-0.08299,-0.06443,-0.96201,-0.82,1.11,0.19,-0.41851,-0.06672,-0.05962,-0.90379,-0.82,1.1,0.2,-0.41851,-0.06672,-0.05962,-0.90379,-0.85,1.08,0.09,0.33121,-0.05532,-0.10864,-0.93565,-0.85,1.12,0.13,0.16775,-0.04292,-0.12157,-0.97736,-0.85,1.13,0.17,-0.24503,-0.09142,-0.10607,-0.95935,-0.84,1.12,0.2,-0.42145,-0.10144,-0.1475,-0.88901,-0.84,1.1,0.21,-0.42145,-0.10144,-0.1475,-0.88901,-0.87,1.07,0.09,0.33121,-0.05532,-0.10864,-0.93565,-0.87,1.11,0.13,0.2365,-0.02482,-0.17554,-0.95532,-0.87,1.12,0.17,-0.21326,-0.12191,-0.18238,-0.95205,-0.86,1.11,0.19,-0.43321,-0.18703,-0.16883,-0.86536,-0.85,1.1,0.2,-0.43321,-0.18703,-0.16883,-0.86536,-0.87,1.07,0.09,0.2768,0.00719,-0.34435,-0.89708,-0.88,1.09,0.13,0.25178,-0.03642,-0.24372,-0.93588,-0.88,1.11,0.16,-0.15212,-0.12661,-0.28007,-0.93936,-0.88,1.1,0.18,-0.34308,-0.23058,-0.25053,-0.87542,-0.87,1.09,0.19,-0.34308,-0.23058,-0.25053,-0.87542,-0.7,1.1,0.11,-0.33391,-0.17482,-0.15247,0.91362,-0.68,1.06,0.07,-0.33391,-0.17482,-0.15247,0.91362,-0.72,1.08,0.09,-0.532,-0.192,0.45339,0.68888,-0.75,1.09,0.1,-0.38145,-0.10041,0.39768,0.82841,-0.76,1.11,0.12,-0.38023,-0.12795,0.48559,0.7767,-0.77,1.12,0.14,-0.38023,-0.12795,0.48559,0.7767,-0.71,1.08,0.09,-0.33391,-0.17482,-0.15247,0.91362,-0.73,1.12,0.13,-0.12365,-0.29525,-0.00754,0.94735,-0.75,1.13,0.16,0.19424,-0.2866,0.06291,0.93604,-0.76,1.12,0.18,0.33642,-0.24866,0.09396,0.90341,-0.77,1.11,0.19,0.33642,-0.24866,0.09396,0.90341,-0.69,1.08,0.09,-0.33391,-0.17482,-0.15247,0.91362,-0.7,1.12,0.13,-0.18515,-0.20673,-0.12666,0.95234,-0.72,1.14,0.17,0.16181,-0.24014,-0.05867,0.95536,-0.73,1.13,0.19,0.36158,-0.2442,-0.07058,0.89702,-0.74,1.12,0.21,0.36158,-0.2442,-0.07058,0.89702,-0.68,1.08,0.1,-0.33391,-0.17482,-0.15247,0.91362,-0.69,1.11,0.14,-0.22045,-0.14893,-0.20655,0.94157,-0.69,1.13,0.17,0.23845,-0.24781,-0.15145,0.92671,-0.71,1.12,0.19,0.49707,-0.30387,-0.09665,0.807,-0.72,1.1,0.2,0.49707,-0.30387,-0.09665,0.807,-0.67,1.07,0.1,-0.24891,-0.11294,-0.38041,0.8835,-0.67,1.09,0.14,-0.36104,0.00571,-0.30681,0.88062,-0.67,1.11,0.16,0.14923,-0.16687,-0.33978,0.91347,-0.67,1.11,0.18,0.43849,-0.31567,-0.26633,0.79822,-0.69,1.1,0.19,0.43849,-0.31567,-0.26633,0.79822,-0.81,1.08,0.19
-0.8,1.45,-0.15,-0.8,1.45,-0.15,-0.85,1.09,0.11,0.32903,-0.05915,-0.10237,-0.93689,-0.86,1.06,0.06,0.32903,-0.05915,-0.10237,-0.93689,-0.82,1.07,0.09,0.44807,-0.15852,0.52535,-0.70577,-0.8,1.09,0.11,0.1963,0.01606,0.47274,-0.85891,-0.79,1.1,0.14,0.08269,0.03438,0.54514,-0.83355,-0.79,1.1,0.16,0.08269,0.03438,0.54514,-0.83355,-0.83,1.08,0.09,0.32903,-0.05915,-0.10237,-0.93689,-0.83,1.12,0.13,0.12616,-0.05765,-0.05916,-0.98856,-0.82,1.12,0.17,-0.24912,-0.08149,-0.05894,-0.96324,-0.82,1.11,0.19,-0.41558,-0.06429,-0.05459,-0.90564,-0.82,1.1,0.2,-0.41558,-0.06429,-0.05459,-0.90564,-0.85,1.07,0.09,0.32903,-0.05915,-0.10237,-0.93689,-0.85,1.12,0.13,0.16211,-0.04497,-0.11503,-0.97901,-0.85,1.13,0.17,-0.2529,-0.09077,-0.0991,-0.95811,-0.84,1.12,0.2,-0.42889,-0.09902,-0.14076,-0.88681,-0.83,1.1,0.21,-0.42889,-0.09902,-0.14076,-0.88681,-0.87,1.07,0.09,0.32903,-0.05915,-0.10237,-0.93689,-0.87,1.11,0.13,0.23084,-0.02837,-0.16883,-0.95781,-0.87,1.12,0.17,-0.21588,-0.12122,-0.17537,-0.95286,-0.86,1.11,0.19,-0.43253,-0.18412,-0.16277,-0.86748,-0.85,1.1,0.2,-0.43253,-0.18412,-0.16277,-0.86748,-0.87,1.07,0.09,0.27475,0.00423,-0.33817,-0.90008,-0.88,1.09,0.13,0.24534,-0.04266,-0.23663,-0.93915,-0.88,1.1,0.16,-0.14607,-0.12518,-0.27237,-0.94277,-0.88,1.1,0.18,-0.32623,-0.22452,-0.24558,-0.88479,-0.87,1.09,0.19,-0.32623,-0.22452,-0.24558,-0.88479,-0.7,1.1,0.11,-0.36454,-0.17953,-0.17373,0.89705,-0.68,1.05,0.07,-0.36454,-0.17953,-0.17373,0.89705,-0.72,1.07,0.09,-0.53274,-0.17591,0.47463,0.67821,-0.74,1.09,0.1,-0.36904,-0.07131,0.4187,0.82669,-0.76,1.11,0.12,-0.33247,-0.08124,0.5072,0.79096,-0.77,1.12,0.14,-0.33247,-0.08124,0.5072,0.79096,-0.71,1.08,0.09,-0.36454,-0.17953,-0.17373,0.89705,-0.72,1.12,0.12,-0.25355,-0.24472,-0.08862,0.93165,-0.74,1.14,0.15,0.10286,-0.26908,-0.01871,0.95743,-0.75,1.14,0.17,0.26644,-0.24461,0.01259,0.93221,-0.76,1.13,0.19,0.26644,-0.24461,0.01259,0.93221,-0.69,1.07,0.09,-0.36454,-0.17953,-0.17373,0.89705,-0.7,1.12,0.13,-0.17957,-0.21912,-0.13835,0.949,-0.72,1.14,0.17,0.168,-0.2559,-0.06473,0.94979,-0.73,1.13,0.19,0.34928,-0.25959,-0.07653,0.89709,-0.74,1.12,0.2,0.34928,-0.25959,-0.07653,0.89709,-0.68,1.07,0.1,-0.36454,-0.17953,-0.17373,0.89705,-0.68,1.11,0.14,-0.19269,-0.17562,-0.21555,0.94105,-0.69,1.13,0.17,0.26491,-0.27464,-0.14727,0.91253,-0.71,1.12,0.19,0.50708,-0.32673,-0.08926,0.79256,-0.72,1.1,0.2,0.50708,-0.32673,-0.08926,0.79256,-0.67,1.07,0.1,-0.27491,-0.12656,-0.40177,0.86429,-0.67,1.09,0.14,-0.37551,-0.0287,-0.33037,0.86546,-0.66,1.11,0.16,0.16151,-0.2204,-0.33565,0.90149,-0.67,1.11,0.18,0.43466,-0.36071,-0.24923,0.78667,-0.69,1.1,0.19,0.43466,-0.36071,-0.24923,0.78667,-0.81,1.08,0.19
-0.8,1.45,-0.15,-0.8,1.45,-0.15,-0.85,1.09,0.11,0.32484,-0.0637,-0.09794,-0.93853,-0.86,1.06,0.06,0.32484,-0.0637,-0.09794,-0.93853,-0.82,1.07,0.09,0.44567,-0.16605,0.52804,-0.70355,-0.8,1.09,0.11,0.19219,0.01118,0.47814,-0.85693,-0.79,1.1,0.14,0.07733,0.03091,0.55041,-0.83073,-0.79,1.1,0.16,0.07733,0.03091,0.55041,-0.83073,-0.83,1.08,0.09,0.32484,-0.0637,-0.09794,-0.93853,-0.83,1.11,0.13,0.12483,-0.05919,-0.05509,-0.98888,-0.82,1.12,0.17,-0.2545,-0.08161,-0.05426,-0.9621,-0.82,1.11,0.19,-0.4227,-0.06366,-0.04962,-0.90267,-0.82,1.1,0.2,-0.4227,-0.06366,-0.04962,-0.90267,-0.85,1.07,0.09,0.32484,-0.0637,-0.09794,-0.93853,-0.85,1.11,0.13,0.15365,-0.04785,-0.11013,-0.9808,-0.85,1.13,0.17,-0.26665,-0.0918,-0.09298,-0.9549,-0.84,1.11,0.2,-0.44367,-0.09823,-0.13446,-0.88058,-0.83,1.1,0.21,-0.44367,-0.09823,-0.13446,-0.88058,-0.87,1.07,0.09,0.32484,-0.0637,-0.09794,-0.93853,-0.87,1.1,0.13,0.2212,-0.03252,-0.16382,-0.96082,-0.87,1.12,0.17,-0.22534,-0.12224,-0.16936,-0.95163,-0.86,1.11,0.19,-0.44093,-0.1834,-0.15705,-0.86446,-0.85,1.09,0.2,-0.44093,-0.1834,-0.15705,-0.86446,-0.87,1.07,0.09,0.27034,0.001,-0.33355,-0.90314,-0.88,1.09,0.13,0.23312,-0.05003,-0.23123,-0.94323,-0.88,1.1,0.16,-0.15168,-0.12685,-0.26524,-0.94369,-0.88,1.1,0.18,-0.32672,-0.22334,-0.23966,-0.88653,-0.86,1.09,0.19,-0.32672,-0.22334,-0.23966,-0.88653,-0.7,1.09,0.11,-0.36785,-0.20617,-0.17262,0.89016,-0.68,1.05,0.07,-0.36785,-0.20617,-0.17262,0.89016,-0.72,1.07,0.09,-0.53341,-0.19505,0.48979,0.66147,-0.74,1.08,0.1,-0.36239,-0.08129,0.4409,0.81711,-0.76,1.1,0.12,-0.3035,-0.07672,0.5288,0.7889,-0.77,1.11,0.14,-0.3035,-0.07672,0.5288,0.7889,-0.71,1.07,0.09,-0.36785,-0.20617,-0.17262,0.89016,-0.73,1.12,0.12,-0.28306,-0.22834,-0.11308,0.92464,-0.74,1.14,0.15,0.10586,-0.26478,-0.03784,0.95773,-0.75,1.13,0.17,0.28386,-0.24368,-0.00292,0.92738,-0.76,1.12,0.19,0.28386,-0.24368,-0.00292,0.92738,-0.69,1.07,0.09,-0.36785,-0.20617,-0.17262,0.89016,-0.7,1.12,0.13,-0.17563,-0.23745,-0.13545,0.94574,-0.72,1.13,0.16,0.16956,-0.27193,-0.05588,0.94561,-0.74,1.13,0.19,0.3315,-0.27292,-0.06868,0.9005,-0.75,1.11,0.2,0.3315,-0.27292,-0.06868,0.9005,-0.68,1.07,0.1,-0.36785,-0.20617,-0.17262,0.89016,-0.69,1.11,0.14,-0.19583,-0.20118,-0.21053,0.9364,-0.7,1.12,0.17,0.25293,-0.29397,-0.13332,0.91205,-0.72,1.11,0.19,0.48158,-0.34101,-0.07511,0.80384,-0.73,1.1,0.2,0.48158,-0.34101,-0.07511,0.80384,-0.67,1.06,0.11,-0.27288,-0.15398,-0.39925,0.86164,-0.67,1.09,0.14,-0.38541,-0.06198,-0.33008,0.85946,-0.67,1.11,0.16,0.17717,-0.25723,-0.31132,0.89751,-0.68,1.11,0.18,0.44309,-0.38573,-0.21752,0.77947,-0.7,1.1,0.19,0.44309,-0.38573,-0.21752,0.77947,-0.81,1.08,0.19
-0.79,1.45,-0.16,-0.79,1.45,-0.16,-0.85,1.09,0.11,0.31678,-0.06426,-0.09968,-0.94106,-0.86,1.06,0.06,0.31678,-0.06426,-0.09968,-0.94106,-0.82,1.07,0.09,0.44051,-0.17191,0.52558,-0.70723,-0.8,1.08,0.11,0.18469,0.00591,0.47774,-0.85885,-0.79,1.09,0.14,0.07012,0.02497,0.55031,-0.83164,-0.79,1.1,0.16,0.07012,0.02497,0.55031,-0.83164,-0.83,1.07,0.09,0.31678,-0.06426,-0.09968,-0.94106,-0.83,1.11,0.13,0.11685,-0.05954,-0.05693,-0.98973,-0.82,1.12,0.17,-0.26329,-0.08247,-0.05579,-0.95956,-0.82,1.11,0.19,-0.43195,-0.06476,-0.05064,-0.89814,-0.82,1.09,0.2,-0.43195,-0.06476,-0.05064,-0.89814,-0.85,1.07,0.09,0.31678,-0.06426,-0.09968,-0.94106,-0.85,1.11,0.13,0.14602,-0.04757,-0.11192,-0.98178,-0.85,1.12,0.17,-0.27381,-0.09216,-0.09476,-0.95266,-0.84,1.11,0.2,-0.4511,-0.09855,-0.13604,-0.87652,-0.83,1.09,0.21,-0.4511,-0.09855,-0.13604,-0.87652,-0.87,1.07,0.09,0.31678,-0.06426,-0.09968,-0.94106,-0.87,1.1,0.13,0.21388,-0.03243,-0.16518,-0.96225,-0.87,1.12,0.17,-0.23155,-0.12231,-0.17088,-0.94986,-0.86,1.11,0.19,-0.44692,-0.18373,-0.15861,-0.86102,-0.85,1.09,0.21,-0.44692,-0.18373,-0.15861,-0.86102,-0.87,1.07,0.09,0.26213,0.00246,-0.33461,-0.90516,-0.88,1.09,0.13,0.22407,-0.05012,-0.23256,-0.94509,-0.88,1.1,0.16,-0.16052,-0.1267,-0.26637,-0.94193,-0.88,1.1,0.18,-0.33665,-0.22378,-0.24087,-0.88237,-0.86,1.09,0.19,-0.33665,-0.22378,-0.24087,-0.88237,-0.7,1.09,0.12,-0.32345,-0.21321,-0.14545,0.91037,-0.68,1.05,0.07,-0.32345,-0.21321,-0.14545,0.91037,-0.72,1.06,0.09,-0.49493,-0.23158,0.51165,0.66305,-0.75,1.08,0.1,-0.32436,-0.10894,0.47229,0.81232,-0.76,1.09,0.13,-0.26415,-0.10401,0.55889,0.77914,-0.77,1.1,0.15,-0.26415,-0.10401,0.55889,0.77914,-0.71,1.07,0.09,-0.32345,-0.21321,-0.14545,0.91037,-0.73,1.11,0.13,-0.23142,-0.21795,-0.0918,0.94367,-0.74,1.13,0.16,0.17585,-0.24599,-0.01902,0.953,-0.75,1.12,0.18,0.36012,-0.22063,0.01622,0.9063,-0.76,1.1,0.19,0.36012,-0.22063,0.01622,0.9063,-0.69,1.07,0.1,-0.32345,-0.21321,-0.14545,0.91037,-0.71,1.11,0.14,-0.10693,-0.23081,-0.1081,0.96104,-0.73,1.12,0.17,0.2278,-0.25484,-0.03584,0.93908,-0.74,1.11,0.19,0.37094,-0.24919,-0.05446,0.89294,-0.75,1.09,0.21,0.37094,-0.24919,-0.05446,0.89294,-0.68,1.07,0.1,-0.32345,-0.21321,-0.14545,0.91037,-0.69,1.1,0.14,-0.15014,-0.19607,-0.18322,0.95155,-0.7,1.11,0.17,0.28812,-0.27394,-0.11594,0.91022,-0.72,1.1,0.19,0.50139,-0.31606,-0.06884,0.80248,-0.73,1.08,0.2,0.50139,-0.31606,-0.06884,0.80248,-0.67,1.06,0.11,-0.23189,-0.14826,-0.37077,0.887,-0.68,1.08,0.15,-0.36073,-0.06068,-0.29819,0.88163,-0.67,1.11,0.17,0.22312,-0.24003,-0.28438,0.90096,-0.69,1.1,0.18,0.48805,-0.36079,-0.20011,0.76915,-0.7,1.09,0.19,0.48805,-0.36079,-0.20011,0.76915,-0.81,1.08,0.19
-0.79,1.45,-0.16,-0.79,1.45,-0.16,-0.85,1.09,0.11,0.30794,-0.06232,-0.10128,-0.94395,-0.86,1.06,0.06,0.30794,-0.06232,-0.10128,-0.94395,-0.82,1.07,0.09,0.43345,-0.1762,0.52349,-0.71207,-0.8,1.08,0.11,0.17609,0.0019,0.47708,-0.86104,-0.79,1.09,0.14,0.06262,0.01956,0.5499,-0.83265,-0.79,1.1,0.16,0.06262,0.01956,0.5499,-0.83265,-0.83,1.07,0.09,0.30794,-0.06232,-0.10128,-0.94395,-0.83,1.11,0.13,0.10816,-0.05883,-0.0584,-0.99067,-0.82,1.12,0.17,-0.2677,-0.08191,-0.05781,-0.95827,-0.82,1.11,0.19,-0.43544,-0.06447,-0.05267,-0.89636,-0.82,1.09,0.2,-0.43544,-0.06447,-0.05267,-0.89636,-0.85,1.07,0.09,0.30794,-0.06232,-0.10128,-0.94395,-0.85,1.11,0.14,0.1388,-0.04517,-0.11375,-0.98273,-0.85,1.12,0.18,-0.27696,-0.09026,-0.09779,-0.95162,-0.84,1.11,0.2,-0.45326,-0.09699,-0.13934,-0.87506,-0.83,1.09,0.21,-0.45326,-0.09699,-0.13934,-0.87506,-0.87,1.07,0.09,0.30794,-0.06232,-0.10128,-0.94395,-0.87,1.1,0.14,0.20799,-0.02912,-0.1668,-0.96336,-0.87,1.12,0.17,-0.23462,-0.11937,-0.17417,-0.94888,-0.86,1.11,0.19,-0.44942,-0.18157,-0.16259,-0.85943,-0.85,1.09,0.21,-0.44942,-0.18157,-0.16259,-0.85943,-0.87,1.07,0.1,0.2537,0.00654,-0.33555,-0.9072,-0.88,1.09,0.13,0.2164,-0.04597,-0.23432,-0.94665,-0.88,1.1,0.16,-0.16967,-0.12344,-0.26933,-0.93991,-0.88,1.09,0.18,-0.34754,-0.22176,-0.24437,-0.87768,-0.87,1.08,0.19,-0.34754,-0.22176,-0.24437,-0.87768,-0.7,1.09,0.12,-0.31648,-0.21424,-0.13835,0.91368,-0.68,1.05,0.07,-0.31648,-0.21424,-0.13835,0.91368,-0.72,1.06,0.09,-0.48496,-0.2352,0.52118,0.66171,-0.75,1.07,0.1,-0.31717,-0.11063,0.48255,0.80889,-0.76,1.09,0.13,-0.25578,-0.1049,0.56854,0.77481,-0.77,1.1,0.15,-0.25578,-0.1049,0.56854,0.77481,-0.71,1.07,0.09,-0.31648,-0.21424,-0.13835,0.91368,-0.73,1.11,0.13,-0.21946,-0.20944,-0.08748,0.94885,-0.74,1.12,0.16,0.19886,-0.23636,-0.01616,0.95096,-0.75,1.11,0.18,0.38945,-0.2102,0.01963,0.89653,-0.76,1.1,0.19,0.38945,-0.2102,0.01963,0.89653,-0.69,1.07,0.1,-0.31648,-0.21424,-0.13835,0.91368,-0.71,1.11,0.14,-0.07433,-0.22769,-0.09785,0.96595,-0.73,1.12,0.17,0.25429,-0.24785,-0.02884,0.93439,-0.74,1.1,0.19,0.39178,-0.23972,-0.04913,0.88692,-0.75,1.09,0.21,0.39178,-0.23972,-0.04913,0.88692,-0.68,1.07,0.1,-0.31648,-0.21424,-0.13835,0.91368,-0.69,1.1,0.14,-0.13467,-0.19285,-0.176,0.95588,-0.71,1.11,0.18,0.30108,-0.26698,-0.11198,0.90859,-0.72,1.1,0.19,0.51157,-0.30803,-0.06765,0.79927,-0.73,1.08,0.2,0.51157,-0.30803,-0.06765,0.79927,-0.67,1.06,0.11,-0.22586,-0.14722,-0.36358,0.8917,-0.68,1.08,0.15,-0.36162,-0.0591,-0.29054,0.88393,-0.67,1.1,0.17,0.23195,-0.23685,-0.27746,0.90173,-0.69,1.1,0.18,0.49896,-0.35605,-0.19418,0.76587,-0.7,1.09,0.19,0.49896,-0.35605,-0.19418,0.76587,-0.81,1.08,0.19
-0.79,1.45,-0.16,-0.79,1.45,-0.16,-0.85,1.09,0.11,0.30115,-0.06285,-0.10531,-0.94566,-0.86,1.06,0.06,0.30115,-0.06285,-0.10531,-0.94566,-0.82,1.07,0.09,0.43068,-0.18093,0.51841,-0.71626,-0.8,1.08,0.11,0.17177,-0.00399,0.47365,-0.86379,-0.79,1.09,0.14,0.06113,0.01131,0.54733,-0.83461,-0.79,1.1,0.16,0.06113,0.01131,0.54733,-0.83461,-0.83,1.07,0.09,0.30115,-0.06285,-0.10531,-0.94566,-0.83,1.11,0.14,0.09891,-0.06154,-0.06137,-0.99129,-0.82,1.12,0.17,-0.26798,-0.08473,-0.06039,-0.95779,-0.82,1.1,0.19,-0.43322,-0.06753,-0.05494,-0.89707,-0.82,1.09,0.21,-0.43322,-0.06753,-0.05494,-0.89707,-0.85,1.07,0.09,0.30115,-0.06285,-0.10531,-0.94566,-0.85,1.11,0.14,0.13101,-0.0462,-0.1174,-0.98332,-0.85,1.12,0.18,-0.27842,-0.09197,-0.10128,-0.95067,-0.84,1.11,0.2,-0.45277,-0.09901,-0.14242,-0.8746,-0.83,1.09,0.21,-0.45277,-0.09901,-0.14242,-0.8746,-0.87,1.07,0.09,0.30115,-0.06285,-0.10531,-0.94566,-0.87,1.1,0.14,0.20289,-0.02866,-0.17069,-0.96378,-0.87,1.11,0.17,-0.23648,-0.11994,-0.17823,-0.94759,-0.86,1.1,0.19,-0.45025,-0.18294,-0.16651,-0.85795,-0.85,1.09,0.21,-0.45025,-0.18294,-0.16651,-0.85795,-0.87,1.06,0.1,0.24642,0.0076,-0.33884,-0.90797,-0.88,1.08,0.13,0.21146,-0.04329,-0.23861,-0.94682,-0.88,1.1,0.16,-0.17685,-0.12301,-0.27398,-0.9373,-0.88,1.09,0.18,-0.35641,-0.22287,-0.2488,-0.87258,-0.86,1.08,0.19,-0.35641,-0.22287,-0.2488,-0.87258,-0.7,1.09,0.12,-0.32315,-0.21242,-0.13769,0.91186,-0.68,1.05,0.07,-0.32315,-0.21242,-0.13769,0.91186,-0.72,1.06,0.09,-0.47928,-0.2289,0.53352,0.65821,-0.75,1.07,0.1,-0.31596,-0.10281,0.49308,0.80404,-0.76,1.09,0.13,-0.25241,-0.09557,0.57819,0.76997,-0.77,1.1,0.15,-0.25241,-0.09557,0.57819,0.76997,-0.71,1.07,0.09,-0.32315,-0.21242,-0.13769,0.91186,-0.73,1.11,0.13,-0.21222,-0.20763,-0.08404,0.9512,-0.74,1.12,0.16,0.2145,-0.23323,-0.01185,0.9484,-0.75,1.11,0.18,0.40804,-0.20599,0.02461,0.88908,-0.76,1.1,0.19,0.40804,-0.20599,0.02461,0.88908,-0.69,1.07,0.1,-0.32315,-0.21242,-0.13769,0.91186,-0.71,1.11,0.14,-0.05205,-0.22752,-0.09156,0.96806,-0.73,1.11,0.17,0.27619,-0.24532,-0.02292,0.92898,-0.74,1.1,0.19,0.41261,-0.23515,-0.04344,0.87896,-0.75,1.08,0.21,0.41261,-0.23515,-0.04344,0.87896,-0.68,1.07,0.1,-0.32315,-0.21242,-0.13769,0.91186,-0.69,1.1,0.14,-0.11971,-0.19264,-0.17282,0.95848,-0.7,1.11,0.18,0.31641,-0.26491,-0.10931,0.9043,-0.72,1.1,0.19,0.52684,-0.30505,-0.06553,0.79063,-0.73,1.08,0.2,0.52684,-0.30505,-0.06553,0.79063,-0.67,1.06,0.11,-0.23282,-0.14708,-0.36354,0.88994,-0.68,1.09,0.15,-0.36456,-0.05868,-0.29075,0.88268,-0.67,1.11,0.17,0.23802,-0.23959,-0.27581,0.89993,-0.68,1.1,0.18,0.50912,-0.35909,-0.18996,0.75879,-0.7,1.09,0.19,0.50912,-0.35909,-0.18996,0.75879,-0.81,1.08,0.19
-0.79,1.45,-0.15,-0.79,1.45,-0.15,-0.85,1.09,0.11,0.29231,-0.06577,-0.10619,-0.94813,-0.86,1.06,0.06,0.29231,-0.06577,-0.10619,-0.94813,-0.82,1.07,0.09,0.42667,-0.18888,0.51519,-0.71893,-0.8,1.08,0.11,0.1671,-0.01252,0.47315,-0.8649,-0.79,1.09,0.14,0.06047,0.0002,0.5478,-0.83442,-0.79,1.09,0.16,0.06047,0.0002,0.5478,-0.83442,-0.83,1.07,0.09,0.29231,-0.06577,-0.10619,-0.94813,-0.83,1.11,0.14,0.08345,-0.06644,-0.0602,-0.99247,-0.82,1.11,0.17,-0.27083,-0.08774,-0.05874,-0.95682,-0.82,1.1,0.19,-0.43131,-0.06986,-0.05316,-0.89792,-0.81,1.09,0.21,-0.43131,-0.06986,-0.05316,-0.89792,-0.85,1.07,0.09,0.29231,-0.06577,-0.10619,-0.94813,-0.85,1.11,0.14,0.12148,-0.04856,-0.11765,-0.9844,-0.85,1.12,0.18,-0.27634,-0.09292,-0.10165,-0.95114,-0.84,1.1,0.2,-0.44499,-0.09948,-0.14272,-0.87847,-0.83,1.09,0.21,-0.44499,-0.09948,-0.14272,-0.87847,-0.87,1.07,0.09,0.29231,-0.06577,-0.10619,-0.94813,-0.87,1.1,0.14,0.19897,-0.02896,-0.17145,-0.96446,-0.87,1.11,0.17,-0.23344,-0.11914,-0.17957,-0.94819,-0.86,1.1,0.19,-0.44302,-0.18186,-0.1685,-0.86155,-0.85,1.09,0.21,-0.44302,-0.18186,-0.1685,-0.86155,-0.87,1.06,0.1,0.23708,0.00694,-0.33891,-0.91043,-0.88,1.08,0.14,0.20991,-0.04084,-0.23954,-0.94704,-0.88,1.1,0.16,-0.17744,-0.12077,-0.27581,-0.93694,-0.88,1.09,0.18,-0.35515,-0.22061,-0.25143,-0.87292,-0.86,1.08,0.2,-0.35515,-0.22061,-0.25143,-0.87292,-0.7,1.09,0.11,-0.3435,-0.21164,-0.14217,0.90388,-0.68,1.05,0.07,-0.3435,-0.21164,-0.14217,0.90388,-0.72,1.06,0.09,-0.48437,-0.21699,0.54282,0.65088,-0.75,1.08,0.1,-0.32561,-0.09092,0.49933,0.79774,-0.76,1.09,0.13,-0.26131,-0.0825,0.5838,0.76426,-0.77,1.1,0.15,-0.26131,-0.0825,0.5838,0.76426,-0.71,1.07,0.09,-0.3435,-0.21164,-0.14217,0.90388,-0.73,1.11,0.13,-0.20144,-0.2169,-0.07699,0.95208,-0.74,1.13,0.16,0.22783,-0.23838,-0.00087,0.94407,-0.75,1.12,0.17,0.4184,-0.2087,0.03635,0.88321,-0.76,1.1,0.19,0.4184,-0.2087,0.03635,0.88321,-0.69,1.07,0.1,-0.3435,-0.21164,-0.14217,0.90388,-0.71,1.11,0.13,-0.06094,-0.23218,-0.09145,0.96644,-0.73,1.12,0.17,0.27228,-0.24989,-0.01993,0.92899,-0.74,1.11,0.19,0.41346,-0.23949,-0.03908,0.87759,-0.75,1.09,0.2,0.41346,-0.23949,-0.03908,0.87759,-0.68,1.07,0.1,-0.3435,-0.21164,-0.14217,0.90388,-0.69,1.1,0.14,-0.13141,-0.19641,-0.17612,0.95558,-0.7,1.12,0.17,0.30681,-0.27042,-0.1098,0.90592,-0.72,1.1,0.19,0.52202,-0.31083,-0.06318,0.79176,-0.73,1.08,0.2,0.52202,-0.31083,-0.06318,0.79176,-0.67,1.06,0.11,-0.25221,-0.15175,-0.36909,0.88155,-0.68,1.09,0.14,-0.37249,-0.06244,-0.29797,0.87668,-0.67,1.11,0.17,0.23424,-0.24929,-0.27766,0.89771,-0.68,1.1,0.18,0.50941,-0.36973,-0.18629,0.75439,-0.7,1.09,0.19,0.50941,-0.36973,-0.18629,0.75439,-0.81,1.08,0.19
-0.79,1.45,-0.15,-0.79,1.45,-0.15,-0.85,1.09,0.11,0.27622,-0.0695,-0.09887,-0.95346,-0.86,1.06,0.06,0.27622,-0.0695,-0.09887,-0.95346,-0.82,1.07,0.09,0.41768,-0.20308,0.51474,-0.72066,-0.8,1.08,0.11,0.15844,-0.02608,0.4775,-0.86383,-0.79,1.09,0.14,0.05564,-0.0153,0.55304,-0.83116,-0.79,1.09,0.16,0.05564,-0.0153,0.55304,-0.83116,-0.83,1.07,0.09,0.27622,-0.0695,-0.09887,-0.95346,-0.83,1.1,0.14,0.06024,-0.06989,-0.05096,-0.99443,-0.82,1.11,0.17,-0.27978,-0.08642,-0.05025,-0.95484,-0.82,1.1,0.19,-0.43447,-0.06671,-0.04527,-0.89707,-0.81,1.08,0.21,-0.43447,-0.06671,-0.04527,-0.89707,-0.85,1.07,0.09,0.27622,-0.0695,-0.09887,-0.95346,-0.85,1.11,0.14,0.10615,-0.04954,-0.10969,-0.98704,-0.84,1.11,0.18,-0.2843,-0.08978,-0.09465,-0.94982,-0.84,1.1,0.2,-0.4474,-0.09414,-0.13643,-0.87884,-0.83,1.08,0.22,-0.4474,-0.09414,-0.13643,-0.87884,-0.87,1.07,0.09,0.27622,-0.0695,-0.09887,-0.95346,-0.87,1.1,0.14,0.19006,-0.02863,-0.16371,-0.9676,-0.87,1.11,0.17,-0.2391,-0.11451,-0.17334,-0.94851,-0.86,1.1,0.2,-0.44474,-0.17526,-0.16418,-0.86286,-0.85,1.08,0.21,-0.44474,-0.17526,-0.16418,-0.86286,-0.87,1.06,0.1,0.22167,0.00753,-0.33061,-0.91734,-0.88,1.08,0.14,0.20454,-0.03759,-0.23185,-0.95026,-0.88,1.09,0.16,-0.18205,-0.11407,-0.27015,-0.93854,-0.88,1.09,0.18,-0.35879,-0.21258,-0.24781,-0.87445,-0.86,1.08,0.2,-0.35879,-0.21258,-0.24781,-0.87445,-0.7,1.09,0.12,-0.33515,-0.20338,-0.13347,0.91022,-0.68,1.05,0.07,-0.33515,-0.20338,-0.13347,0.91022,-0.72,1.06,0.09,-0.46502,-0.22422,0.55689,0.65066,-0.75,1.07,0.11,-0.30709,-0.09311,0.51558,0.79448,-0.76,1.09,0.13,-0.2421,-0.08495,0.59877,0.75872,-0.77,1.09,0.15,-0.2421,-0.08495,0.59877,0.75872,-0.71,1.07,0.09,-0.33515,-0.20338,-0.13347,0.91022,-0.73,1.11,0.13,-0.14472,-0.22522,-0.04881,0.96226,-0.74,1.12,0.16,0.28781,-0.2324,0.02865,0.92862,-0.75,1.11,0.18,0.46913,-0.19645,0.0646,0.85857,-0.76,1.09,0.19,0.46913,-0.19645,0.0646,0.85857,-0.69,1.07,0.1,-0.33515,-0.20338,-0.13347,0.91022,-0.71,1.11,0.14,-0.05314,-0.22559,-0.08285,0.96924,-0.73,1.12,0.17,0.29236,-0.24083,-0.01104,0.92542,-0.74,1.1,0.19,0.43912,-0.22803,-0.03038,0.86848,-0.75,1.09,0.21,0.43912,-0.22803,-0.03038,0.86848,-0.68,1.07,0.1,-0.33515,-0.20338,-0.13347,0.91022,-0.69,1.1,0.14,-0.12764,-0.18651,-0.16917,0.95933,-0.7,1.11,0.18,0.31629,-0.25889,-0.10685,0.90638,-0.72,1.1,0.19,0.53449,-0.29889,-0.0625,0.78809,-0.73,1.08,0.2,0.53449,-0.29889,-0.0625,0.78809,-0.67,1.06,0.11,-0.24693,-0.14097,-0.36096,0.88817,-0.67,1.09,0.15,-0.35615,-0.05724,-0.28763,0.88721,-0.67,1.11,0.17,0.25879,-0.23915,-0.27195,0.89548,-0.68,1.1,0.18,0.53437,-0.35872,-0.18446,0.74279,-0.7,1.09,0.19,0.53437,-0.35872,-0.18446,0.74279,-0.81,1.08,0.19
-0.79,1.45,-0.15,-0.79,1.45,-0.15,-0.85,1.09,0.11,0.26912,-0.07071,-0.09862,-0.95543,-0.86,1.06,0.06,0.26912,-0.07071,-0.09862,-0.95543,-0.82,1.07,0.09,0.41663,-0.20835,0.50969,-0.72335,-0.8,1.08,0.11,0.15749,-0.03337,0.47416,-0.86559,-0.79,1.09,0.14,0.05509,-0.02287,0.55047,-0.83272,-0.79,1.09,0.16,0.05509,-0.02287,0.55047,-0.83272,-0.83,1.07,0.09,0.26912,-0.07071,-0.09862,-0.95543,-0.83,1.1,0.14,0.04966,-0.07094,-0.05019,-0.99498,-0.82,1.11,0.17,-0.28153,-0.08643,-0.04999,-0.95435,-0.82,1.09,0.19,-0.43319,-0.06648,-0.04524,-0.89771,-0.81,1.08,0.21,-0.43319,-0.06648,-0.04524,-0.89771,-0.85,1.07,0.09,0.26912,-0.07071,-0.09862,-0.95543,-0.85,1.1,0.14,0.10264,-0.04919,-0.10955,-0.98744,-0.84,1.11,0.18,-0.28654,-0.08925,-0.09477,-0.94918,-0.84,1.1,0.2,-0.44896,-0.09345,-0.13662,-0.87809,-0.83,1.08,0.22,-0.44896,-0.09345,-0.13662,-0.87809,-0.87,1.07,0.09,0.26912,-0.07071,-0.09862,-0.95543,-0.87,1.09,0.14,0.19376,-0.02704,-0.16353,-0.96694,-0.87,1.11,0.17,-0.23673,-0.11338,-0.17366,-0.94918,-0.86,1.1,0.2,-0.44266,-0.1743,-0.16468,-0.86403,-0.85,1.08,0.21,-0.44266,-0.1743,-0.16468,-0.86403,-0.87,1.06,0.1,0.21455,0.00812,-0.32975,-0.91933,-0.88,1.08,0.14,0.20946,-0.0353,-0.23099,-0.94949,-0.88,1.09,0.16,-0.17751,-0.11212,-0.27026,-0.93962,-0.88,1.09,0.18,-0.35589,-0.21108,-0.24785,-0.87599,-0.86,1.08,0.2,-0.35589,-0.21108,-0.24785,-0.87599,-0.7,1.09,0.12,-0.32444,-0.19636,-0.12605,0.91668,-0.68,1.05,0.07,-0.32444,-0.19636,-0.12605,0.91668,-0.72,1.06,0.09,-0.44848,-0.23228,0.56545,0.65206,-0.75,1.07,0.11,-0.28933,-0.09667,0.52667,0.79345,-0.76,1.08,0.14,-0.22245,-0.08796,0.60895,0.75628,-0.77,1.09,0.16,-0.22245,-0.08796,0.60895,0.75628,-0.71,1.07,0.09,-0.32444,-0.19636,-0.12605,0.91668,-0.73,1.11,0.13,-0.10535,-0.22599,-0.03107,0.96792,-0.74,1.12,0.16,0.32936,-0.22434,0.04553,0.91604,-0.75,1.1,0.18,0.50344,-0.18506,0.07986,0.84019,-0.76,1.08,0.19,0.50344,-0.18506,0.07986,0.84019,-0.69,1.07,0.1,-0.32444,-0.19636,-0.12605,0.91668,-0.71,1.11,0.14,-0.04402,-0.21896,-0.07649,0.97173,-0.72,1.11,0.18,0.31815,-0.23237,-0.00333,0.91912,-0.74,1.1,0.19,0.47023,-0.21684,-0.02274,0.85519,-0.75,1.08,0.21,0.47023,-0.21684,-0.02274,0.85519,-0.68,1.07,0.1,-0.32444,-0.19636,-0.12605,0.91668,-0.69,1.1,0.14,-0.12434,-0.17761,-0.16352,0.96242,-0.7,1.11,0.18,0.33314,-0.24969,-0.10268,0.9034,-0.71,1.1,0.19,0.55448,-0.28868,-0.05994,0.77822,-0.73,1.08,0.2,0.55448,-0.28868,-0.05994,0.77822,-0.67,1.06,0.11,-0.23894,-0.13091,-0.35374,0.89478,-0.67,1.09,0.15,-0.34077,-0.05363,-0.27816,0.89645,-0.67,1.11,0.17,0.28421,-0.23146,-0.26553,0.89171,-0.68,1.1,0.18,0.56209,-0.35019,-0.18018,0.72729,-0.7,1.08,0.19,0.56209,-0.35019,-0.18018,0.72729,-0.81,1.08,0.19
-0.79,1.45,-0.15,-0.79,1.45,-0.15,-0.85,1.09,0.12,0.25931,-0.06963,-0.10502,-0.95754,-0.86,1.06,0.06,0.25931,-0.06963,-0.10502,-0.95754,-0.82,1.07,0.09,0.41362,-0.21263,0.49988,-0.73063,-0.8,1.08,0.11,0.15566,-0.04236,0.46541,-0.87027,-0.79,1.09,0.14,0.0535,-0.03263,0.54286,-0.83748,-0.79,1.09,0.16,0.0535,-0.03263,0.54286,-0.83748,-0.83,1.07,0.09,0.25931,-0.06963,-0.10502,-0.95754,-0.83,1.1,0.14,0.03559,-0.06997,-0.05697,-0.99528,-0.82,1.11,0.18,-0.29183,-0.08719,-0.05703,-0.95078,-0.82,1.09,0.2,-0.44244,-0.06823,-0.05182,-0.8927,-0.81,1.08,0.21,-0.44244,-0.06823,-0.05182,-0.8927,-0.85,1.07,0.09,0.25931,-0.06963,-0.10502,-0.95754,-0.85,1.1,0.14,0.10037,-0.04642,-0.11672,-0.98699,-0.84,1.11,0.18,-0.28968,-0.08956,-0.10233,-0.94741,-0.84,1.1,0.2,-0.45438,-0.09515,-0.14389,-0.87394,-0.83,1.08,0.22,-0.45438,-0.09515,-0.14389,-0.87394,-0.87,1.07,0.09,0.25931,-0.06963,-0.10502,-0.95754,-0.87,1.09,0.14,0.19795,-0.02341,-0.16986,-0.9651,-0.87,1.11,0.18,-0.23981,-0.1144,-0.18003,-0.9471,-0.86,1.1,0.2,-0.4489,-0.17724,-0.17022,-0.85913,-0.85,1.08,0.21,-0.4489,-0.17724,-0.17022,-0.85913,-0.87,1.06,0.1,0.20433,0.01137,-0.33503,-0.91972,-0.88,1.08,0.14,0.21362,-0.03392,-0.23577,-0.94743,-0.88,1.09,0.16,-0.17676,-0.1141,-0.27486,-0.93818,-0.88,1.09,0.18,-0.3642,-0.21645,-0.25,-0.87063,-0.86,1.08,0.2,-0.3642,-0.21645,-0.25,-0.87063,-0.7,1.09,0.12,-0.32391,-0.1964,-0.12484,0.91702,-0.68,1.05,0.07,-0.32391,-0.1964,-0.12484,0.91702,-0.72,1.06,0.09,-0.44771,-0.23619,0.56608,0.65063,-0.75,1.07,0.11,-0.28625,-0.09864,0.52882,0.7929,-0.76,1.08,0.14,-0.21521,-0.08673,0.61112,0.75677,-0.77,1.09,0.16,-0.21521,-0.08673,0.61112,0.75677,-0.71,1.07,0.09,-0.32391,-0.1964,-0.12484,0.91702,-0.73,1.11,0.13,-0.0841,-0.23136,-0.02102,0.969,-0.74,1.11,0.16,0.34878,-0.22432,0.05668,0.9082,-0.75,1.1,0.18,0.51489,-0.18328,0.08995,0.83259,-0.76,1.08,0.19,0.51489,-0.18328,0.08995,0.83259,-0.69,1.07,0.1,-0.32391,-0.1964,-0.12484,0.91702,-0.71,1.11,0.14,-0.0432,-0.22129,-0.07342,0.97148,-0.73,1.11,0.18,0.33781,-0.23333,0.00518,0.91182,-0.74,1.1,0.19,0.50236,-0.21471,-0.01177,0.8375,-0.75,1.08,0.2,0.50236,-0.21471,-0.01177,0.8375,-0.68,1.07,0.1,-0.32391,-0.1964,-0.12484,0.91702,-0.69,1.1,0.14,-0.12759,-0.17996,-0.16138,0.96192,-0.7,1.11,0.18,0.35298,-0.25318,-0.0938,0.89583,-0.72,1.1,0.19,0.58352,-0.28929,-0.04754,0.75733,-0.73,1.08,0.2,0.58352,-0.28929,-0.04754,0.75733,-0.67,1.06,0.11,-0.23859,-0.13078,-0.35257,0.89536,-0.67,1.09,0.15,-0.32863,-0.06544,-0.27563,0.90097,-0.67,1.11,0.17,0.31135,-0.24189,-0.25351,0.88333,-0.68,1.1,0.18,0.59796,-0.3579,-0.16081,0.69892,-0.7,1.08,0.19,0.59796,-0.3579,-0.16081,0.69892,-0.81,1.08,0.19
-0.8,1.45,-0.15,-0.8,1.45,-0.15,-0.85,1.09,0.12,0.25515,-0.06402,-0.11227,-0.95822,-0.86,1.06,0.06,0.25515,-0.06402,-0.11227,-0.95822,-0.82,1.07,0.09,0.41579,-0.20918,0.48769,-0.7386,-0.8,1.08,0.11,0.16151,-0.0464,0.4513,-0.87641,-0.79,1.09,0.14,0.06069,-0.03834,0.53008,-0.84491,-0.79,1.09,0.16,0.06069,-0.03834,0.53008,-0.84491,-0.83,1.07,0.09,0.25515,-0.06402,-0.11227,-0.95822,-0.83,1.1,0.14,0.02376,-0.0629,-0.06636,-0.99553,-0.82,1.11,0.18,-0.30557,-0.08345,-0.06799,-0.94606,-0.82,1.09,0.2,-0.45734,-0.06632,-0.06265,-0.8846,-0.81,1.08,0.21,-0.45734,-0.06632,-0.06265,-0.8846,-0.85,1.07,0.09,0.25515,-0.06402,-0.11227,-0.95822,-0.85,1.1,0.14,0.09695,-0.04072,-0.12505,-0.98656,-0.85,1.11,0.18,-0.29572,-0.08784,-0.11193,-0.94462,-0.84,1.1,0.21,-0.46543,-0.09547,-0.15343,-0.86644,-0.83,1.08,0.22,-0.46543,-0.09547,-0.15343,-0.86644,-0.87,1.07,0.1,0.25515,-0.06402,-0.11227,-0.95822,-0.87,1.09,0.14,0.19858,-0.01814,-0.17697,-0.9638,-0.87,1.11,0.18,-0.24787,-0.11459,-0.18773,-0.9435,-0.86,1.1,0.2,-0.46212,-0.18004,-0.17699,-0.85012,-0.85,1.08,0.21,-0.46212,-0.18004,-0.17699,-0.85012,-0.87,1.06,0.1,0.20044,0.01763,-0.34171,-0.91801,-0.88,1.08,0.14,0.21629,-0.03339,-0.24139,-0.94543,-0.88,1.09,0.17,-0.17893,-0.11755,-0.27974,-0.9359,-0.88,1.09,0.18,-0.37779,-0.22406,-0.25155,-0.86243,-0.86,1.08,0.2,-0.37779,-0.22406,-0.25155,-0.86243,-0.7,1.09,0.12,-0.32238,-0.19768,-0.1238,0.91743,-0.68,1.05,0.07,-0.32238,-0.19768,-0.1238,0.91743,-0.72,1.06,0.09,-0.4486,-0.24125,0.56462,0.64943,-0.75,1.07,0.11,-0.28553,-0.10305,0.52894,0.79251,-0.76,1.08,0.14,-0.21371,-0.09023,0.61148,0.75649,-0.77,1.09,0.16,-0.21371,-0.09023,0.61148,0.75649,-0.71,1.07,0.09,-0.32238,-0.19768,-0.1238,0.91743,-0.73,1.11,0.13,-0.06065,-0.23612,-0.01136,0.96976,-0.75,1.11,0.16,0.36925,-0.22392,0.06703,0.89946,-0.75,1.1,0.18,0.52852,-0.1813,0.09953,0.82334,-0.76,1.08,0.19,0.52852,-0.1813,0.09953,0.82334,-0.69,1.07,0.1,-0.32238,-0.19768,-0.1238,0.91743,-0.71,1.11,0.14,-0.03947,-0.22426,-0.07021,0.97119,-0.73,1.11,0.18,0.349,-0.23469,0.01129,0.90719,-0.74,1.1,0.19,0.51951,-0.21393,-0.00426,0.82724,-0.75,1.08,0.2,0.51951,-0.21393,-0.00426,0.82724,-0.68,1.07,0.1,-0.32238,-0.19768,-0.1238,0.91743,-0.69,1.1,0.14,-0.12756,-0.18315,-0.15907,0.96171,-0.7,1.11,0.18,0.36182,-0.25566,-0.08795,0.89218,-0.72,1.1,0.19,0.5965,-0.28981,-0.03986,0.7474,-0.73,1.08,0.2,0.5965,-0.28981,-0.03986,0.7474,-0.67,1.06,0.11,-0.23697,-0.13162,-0.35141,0.89612,-0.68,1.09,0.15,-0.32167,-0.07576,-0.27317,0.90342,-0.67,1.11,0.17,0.32241,-0.24865,-0.24457,0.88001,-0.69,1.1,0.18,0.61199,-0.3616,-0.14842,0.68752,-0.7,1.08,0.18,0.61199,-0.3616,-0.14842,0.68752,-0.81,1.08,0.19
-0.8,1.45,-0.15,-0.8,1.45,-0.15,-0.85,1.09,0.12,0.26657,-0.05622,-0.11912,-0.95477,-0.86,1.06,0.06,0.26657,-0.05622,-0.11912,-0.95477,-0.82,1.07,0.09,0.42996,-0.19039,0.47703,-0.74251,-0.8,1.09,0.11,0.18684,-0.03916,0.43307,-0.88091,-0.79,1.1,0.14,0.08763,-0.03212,0.51313,-0.85322,-0.79,1.1,0.16,0.08763,-0.03212,0.51313,-0.85322,-0.83,1.07,0.09,0.26657,-0.05622,-0.11912,-0.95477,-0.83,1.11,0.14,0.02164,-0.05326,-0.07616,-0.99544,-0.82,1.11,0.18,-0.32404,-0.07893,-0.07898,-0.93943,-0.82,1.09,0.2,-0.47638,-0.06364,-0.07352,-0.87385,-0.82,1.08,0.21,-0.47638,-0.06364,-0.07352,-0.87385,-0.85,1.07,0.09,0.26657,-0.05622,-0.11912,-0.95477,-0.85,1.11,0.14,0.08469,-0.03856,-0.13207,-0.98686,-0.85,1.11,0.18,-0.32717,-0.09096,-0.11737,-0.93322,-0.84,1.1,0.2,-0.50647,-0.09906,-0.15752,-0.84194,-0.83,1.08,0.22,-0.50647,-0.09906,-0.15752,-0.84194,-0.87,1.07,0.1,0.26657,-0.05622,-0.11912,-0.95477,-0.87,1.1,0.14,0.19057,-0.0166,-0.18391,-0.96415,-0.87,1.11,0.18,-0.28079,-0.12109,-0.19206,-0.93253,-0.86,1.1,0.2,-0.50277,-0.18845,-0.17876,-0.82447,-0.85,1.08,0.21,-0.50277,-0.18845,-0.17876,-0.82447,-0.87,1.06,0.1,0.21221,0.0222,-0.34937,-0.91237,-0.88,1.08,0.14,0.22146,-0.03486,-0.24759,-0.94257,-0.88,1.09,0.17,-0.19645,-0.12854,-0.28273,-0.93003,-0.88,1.09,0.18,-0.40892,-0.23942,-0.24914,-0.84463,-0.86,1.08,0.2,-0.40892,-0.23942,-0.24914,-0.84463,-0.7,1.09,0.12,-0.3218,-0.20384,-0.12307,0.91638,-0.68,1.05,0.07,-0.3218,-0.20384,-0.12307,0.91638,-0.72,1.06,0.09,-0.45413,-0.24551,0.56134,0.64683,-0.75,1.07,0.11,-0.29133,-0.10876,0.52666,0.79115,-0.76,1.09,0.13,-0.22044,-0.09573,0.60977,0.75526,-0.77,1.09,0.15,-0.22044,-0.09573,0.60977,0.75526,-0.71,1.07,0.09,-0.3218,-0.20384,-0.12307,0.91638,-0.73,1.11,0.13,-0.04133,-0.24692,0.00019,0.96815,-0.75,1.11,0.16,0.3829,-0.22849,0.08118,0.8914,-0.76,1.1,0.18,0.53719,-0.18357,0.11396,0.81532,-0.76,1.08,0.19,0.53719,-0.18357,0.11396,0.81532,-0.69,1.07,0.1,-0.3218,-0.20384,-0.12307,0.91638,-0.71,1.11,0.14,-0.03675,-0.23221,-0.06563,0.96975,-0.73,1.11,0.17,0.35175,-0.24014,0.01884,0.90457,-0.74,1.1,0.19,0.52365,-0.21764,0.00451,0.82365,-0.75,1.08,0.2,0.52365,-0.21764,0.00451,0.82365,-0.68,1.07,0.1,-0.3218,-0.20384,-0.12307,0.91638,-0.69,1.1,0.14,-0.12652,-0.1914,-0.15588,0.96076,-0.7,1.11,0.18,0.36397,-0.26135,-0.08078,0.89033,-0.72,1.1,0.19,0.60002,-0.29317,-0.03091,0.74369,-0.73,1.08,0.2,0.60002,-0.29317,-0.03091,0.74369,-0.67,1.06,0.11,-0.23526,-0.1376,-0.35029,0.89611,-0.68,1.09,0.15,-0.31631,-0.0883,-0.27155,0.90466,-0.68,1.11,0.17,0.32795,-0.2568,-0.23566,0.87805,-0.69,1.1,0.18,0.61865,-0.3661,-0.13651,0.68162,-0.7,1.08,0.18,0.61865,-0.3661,-0.13651,0.68162,-0.81,1.08,0.19
-0.8,1.45,-0.15,-0.8,1.45,-0.15,-0.85,1.09,0.12,0.28911,-0.04533,-0.12555,-0.94794,-0.86,1.06,0.06,0.28911,-0.04533,-0.12555,-0.94794,-0.82,1.07,0.09,0.44331,-0.16789,0.47687,-0.74019,-0.8,1.09,0.11,0.21401,-0.02503,0.42459,-0.87937,-0.79,1.1,0.14,0.11415,-0.01669,0.50479,-0.8555,-0.79,1.11,0.16,0.11415,-0.01669,0.50479,-0.8555,-0.83,1.08,0.09,0.28911,-0.04533,-0.12555,-0.94794,-0.83,1.11,0.14,0.03302,-0.04076,-0.0871,-0.99482,-0.83,1.11,0.18,-0.33073,-0.07305,-0.0921,-0.93638,-0.82,1.1,0.19,-0.48262,-0.05994,-0.08722,-0.86942,-0.82,1.08,0.21,-0.48262,-0.05994,-0.08722,-0.86942,-0.85,1.07,0.09,0.28911,-0.04533,-0.12555,-0.94794,-0.85,1.11,0.14,0.06138,-0.03807,-0.13849,-0.98773,-0.85,1.12,0.18,-0.37812,-0.09671,-0.12049,-0.91277,-0.84,1.1,0.2,-0.56872,-0.10402,-0.15811,-0.80046,-0.84,1.08,0.21,-0.56872,-0.10402,-0.15811,-0.80046,-0.87,1.07,0.09,0.28911,-0.04533,-0.12555,-0.94794,-0.87,1.1,0.14,0.16286,-0.01824,-0.19086,-0.96784,-0.87,1.11,0.18,-0.33374,-0.1302,-0.19483,-0.91308,-0.86,1.1,0.19,-0.56368,-0.19899,-0.1779,-0.78168,-0.85,1.08,0.2,-0.56368,-0.19899,-0.1779,-0.78168,-0.88,1.07,0.1,0.23551,0.027,-0.35754,-0.90331,-0.89,1.09,0.14,0.22316,-0.03462,-0.25485,-0.94024,-0.89,1.1,0.16,-0.22211,-0.13988,-0.28646,-0.92143,-0.88,1.09,0.18,-0.44618,-0.25499,-0.24734,-0.82142,-0.87,1.08,0.19,-0.44618,-0.25499,-0.24734,-0.82142,-0.7,1.09,0.12,-0.32448,-0.2058,-0.11102,0.91653,-0.68,1.05,0.07,-0.32448,-0.2058,-0.11102,0.91653,-0.72,1.06,0.09,-0.45885,-0.24275,0.56537,0.641,-0.75,1.07,0.11,-0.29847,-0.10634,0.52999,0.78659,-0.76,1.09,0.13,-0.22856,-0.09317,0.61291,0.75062,-0.77,1.09,0.15,-0.22856,-0.09317,0.61291,0.75062,-0.71,1.07,0.09,-0.32448,-0.2058,-0.11102,0.91653,-0.73,1.11,0.13,-0.00945,-0.25495,0.0306,0.96642,-0.75,1.11,0.16,0.40957,-0.22214,0.11154,0.87776,-0.76,1.09,0.18,0.55886,-0.172,0.14321,0.79849,-0.76,1.07,0.18,0.55886,-0.172,0.14321,0.79849,-0.69,1.07,0.1,-0.32448,-0.2058,-0.11102,0.91653,-0.71,1.11,0.14,-0.04419,-0.23306,-0.05276,0.97002,-0.73,1.12,0.17,0.34151,-0.23606,0.03009,0.90925,-0.74,1.1,0.19,0.5159,-0.21214,0.01486,0.82984,-0.75,1.08,0.2,0.5159,-0.21214,0.01486,0.82984,-0.68,1.07,0.1,-0.32448,-0.2058,-0.11102,0.91653,-0.69,1.1,0.14,-0.14079,-0.19151,-0.14518,0.96043,-0.7,1.12,0.18,0.35192,-0.25686,-0.07107,0.89729,-0.72,1.1,0.19,0.59242,-0.28651,-0.02209,0.75264,-0.73,1.08,0.2,0.59242,-0.28651,-0.02209,0.75264,-0.67,1.07,0.11,-0.23914,-0.1398,-0.339,0.89908,-0.68,1.09,0.15,-0.31725,-0.09352,-0.25978,0.90726,-0.68,1.11,0.17,0.32777,-0.25324,-0.22382,0.88223,-0.69,1.1,0.18,0.62318,-0.35896,-0.12562,0.68338,-0.7,1.08,0.18,0.62318,-0.35896,-0.12562,0.68338,-0.81,1.08,0.19
-0.8,1.45,-0.15,-0.8,1.45,-0.15,-0.85,1.1,0.11,0.32315,-0.03657,-0.13718,-0.93564,-0.86,1.06,0.06,0.32315,-0.03657,-0.13718,-0.93564,-0.82,1.08,0.09,0.46126,-0.14478,0.48017,-0.73193,-0.8,1.1,0.11,0.23651,-0.00437,0.42083,-0.87575,-0.8,1.11,0.14,0.13452,0.00592,0.50007,-0.85545,-0.79,1.12,0.16,0.13452,0.00592,0.50007,-0.85545,-0.84,1.08,0.09,0.32315,-0.03657,-0.13718,-0.93564,-0.83,1.12,0.13,0.066,-0.03507,-0.10159,-0.99202,-0.83,1.13,0.17,-0.3068,-0.07476,-0.10685,-0.9428,-0.83,1.11,0.19,-0.46195,-0.06449,-0.10201,-0.87866,-0.82,1.1,0.2,-0.46195,-0.06449,-0.10201,-0.87866,-0.85,1.08,0.09,0.32315,-0.03657,-0.13718,-0.93564,-0.86,1.12,0.14,0.07261,-0.03816,-0.1513,-0.98508,-0.85,1.13,0.18,-0.37016,-0.10302,-0.13155,-0.91382,-0.85,1.11,0.2,-0.56673,-0.11378,-0.16732,-0.79867,-0.84,1.09,0.2,-0.56673,-0.11378,-0.16732,-0.79867,-0.87,1.08,0.09,0.32315,-0.03657,-0.13718,-0.93564,-0.87,1.11,0.13,0.17018,-0.01794,-0.20476,-0.96374,-0.87,1.12,0.17,-0.32057,-0.13604,-0.20736,-0.91418,-0.86,1.11,0.19,-0.55397,-0.20878,-0.18747,-0.78383,-0.85,1.09,0.2,-0.55397,-0.20878,-0.18747,-0.78383,-0.88,1.07,0.1,0.26887,0.0265,-0.37119,-0.88838,-0.89,1.09,0.13,0.24923,-0.02925,-0.26879,-0.92994,-0.89,1.11,0.16,-0.19376,-0.14321,-0.30113,-0.92264,-0.88,1.1,0.18,-0.41679,-0.26164,-0.25968,-0.8309,-0.87,1.09,0.19,-0.41679,-0.26164,-0.25968,-0.8309,-0.7,1.09,0.12,-0.30543,-0.20326,-0.10242,0.92461,-0.68,1.05,0.07,-0.30543,-0.20326,-0.10242,0.92461,-0.72,1.06,0.09,-0.44616,-0.25573,0.56525,0.64501,-0.75,1.07,0.11,-0.28525,-0.11844,0.53302,0.78771,-0.76,1.08,0.13,-0.22327,-0.11173,0.61557,0.74749,-0.77,1.09,0.15,-0.22327,-0.11173,0.61557,0.74749,-0.71,1.07,0.09,-0.30543,-0.20326,-0.10242,0.92461,-0.73,1.11,0.13,0.0222,-0.26059,0.04835,0.96398,-0.75,1.1,0.16,0.42735,-0.22035,0.12735,0.86753,-0.76,1.08,0.18,0.57342,-0.16752,0.15885,0.78606,-0.76,1.06,0.18,0.57342,-0.16752,0.15885,0.78606,-0.69,1.07,0.1,-0.30543,-0.20326,-0.10242,0.92461,-0.71,1.11,0.14,-0.05633,-0.22723,-0.05265,0.97078,-0.73,1.11,0.18,0.30218,-0.23158,0.02084,0.92446,-0.74,1.1,0.2,0.47248,-0.21235,0.00326,0.85537,-0.75,1.08,0.21,0.47248,-0.21235,0.00326,0.85537,-0.68,1.07,0.1,-0.30543,-0.20326,-0.10242,0.92461,-0.69,1.1,0.14,-0.15965,-0.18052,-0.14423,0.95975,-0.7,1.11,0.18,0.31695,-0.24622,-0.07972,0.91245,-0.72,1.1,0.2,0.55854,-0.27986,-0.03376,0.78011,-0.73,1.08,0.2,0.55854,-0.27986,-0.03376,0.78011,-0.67,1.07,0.11,-0.22228,-0.13211,-0.32972,0.90798,-0.68,1.09,0.15,-0.3091,-0.0835,-0.24992,0.9138,-0.68,1.11,0.17,0.32073,-0.2347,-0.22649,0.88924,-0.69,1.1,0.19,0.61753,-0.34284,-0.13543,0.69482,-0.7,1.08,0.19,0.61753,-0.34284,-0.13543,0.69482,-0.81,1.08,0.19
-0.8,1.45,-0.15,-0.8,1.45,-0.15,-0.85,1.1,0.11,0.32187,-0.06018,-0.16337,-0.93064,-0.86,1.06,0.06,0.32187,-0.06018,-0.16337,-0.93064,-0.82,1.08,0.08,0.47007,-0.16963,0.46529,-0.73059,-0.8,1.1,0.1,0.23844,-0.03104,0.41402,-0.87793,-0.79,1.11,0.13,0.1299,-0.0161,0.49543,-0.85873,-0.79,1.12,0.15,0.1299,-0.0161,0.49543,-0.85873,-0.84,1.09,0.09,0.32187,-0.06018,-0.16337,-0.93064,-0.83,1.12,0.13,0.08412,-0.07223,-0.11701,-0.98692,-0.83,1.13,0.17,-0.27696,-0.11406,-0.10871,-0.94787,-0.82,1.12,0.19,-0.43209,-0.10368,-0.09839,-0.89043,-0.82,1.1,0.2,-0.43209,-0.10368,-0.09839,-0.89043,-0.85,1.08,0.09,0.32187,-0.06018,-0.16337,-0.93064,-0.85,1.12,0.13,0.08705,-0.06802,-0.17003,-0.97923,-0.85,1.13,0.17,-0.33042,-0.13462,-0.13867,-0.92384,-0.84,1.11,0.19,-0.52132,-0.14721,-0.16847,-0.82352,-0.83,1.09,0.2,-0.52132,-0.14721,-0.16847,-0.82352,-0.87,1.08,0.09,0.32187,-0.06018,-0.16337,-0.93064,-0.87,1.11,0.13,0.17003,-0.04323,-0.22745,-0.95786,-0.87,1.12,0.17,-0.28984,-0.16249,-0.21909,-0.91738,-0.86,1.11,0.19,-0.51691,-0.23645,-0.19252,-0.7999,-0.85,1.09,0.2,-0.51691,-0.23645,-0.19252,-0.7999,-0.88,1.07,0.09,0.25915,0.00273,-0.3949,-0.88141,-0.88,1.09,0.13,0.24063,-0.04366,-0.29603,-0.92334,-0.89,1.11,0.16,-0.1903,-0.16426,-0.31984,-0.91351,-0.88,1.1,0.18,-0.39627,-0.28222,-0.27605,-0.82893,-0.86,1.09,0.19,-0.39627,-0.28222,-0.27605,-0.82893,-0.7,1.09,0.12,-0.29926,-0.20208,-0.10699,0.92637,-0.68,1.05,0.07,-0.29926,-0.20208,-0.10699,0.92637,-0.72,1.06,0.09,-0.44615,-0.25927,0.55711,0.65066,-0.75,1.07,0.11,-0.28443,-0.12436,0.52525,0.7923,-0.76,1.08,0.13,-0.23427,-0.12696,0.6076,0.74822,-0.78,1.09,0.15,-0.23427,-0.12696,0.6076,0.74822,-0.71,1.07,0.09,-0.29926,-0.20208,-0.10699,0.92637,-0.73,1.11,0.13,0.0218,-0.26593,0.04459,0.96272,-0.75,1.1,0.17,0.42013,-0.22769,0.12447,0.86957,-0.76,1.09,0.18,0.56751,-0.17521,0.15727,0.78899,-0.76,1.06,0.19,0.56751,-0.17521,0.15727,0.78899,-0.7,1.07,0.1,-0.29926,-0.20208,-0.10699,0.92637,-0.71,1.11,0.14,-0.06776,-0.22569,-0.06194,0.96986,-0.73,1.12,0.18,0.27729,-0.23381,0.00817,0.93187,-0.74,1.1,0.2,0.43929,-0.21868,-0.01058,0.87126,-0.75,1.08,0.21,0.43929,-0.21868,-0.01058,0.87126,-0.68,1.07,0.1,-0.29926,-0.20208,-0.10699,0.92637,-0.69,1.1,0.15,-0.16295,-0.17739,-0.15083,0.95877,-0.7,1.11,0.18,0.29677,-0.24522,-0.091,0.91843,-0.72,1.1,0.2,0.53023,-0.28247,-0.04716,0.79803,-0.73,1.08,0.21,0.53023,-0.28247,-0.04716,0.79803,-0.67,1.07,0.11,-0.21588,-0.12952,-0.33366,0.90845,-0.68,1.09,0.15,-0.30453,-0.07761,-0.25408,0.9147,-0.68,1.1,0.17,0.29697,-0.22541,-0.23912,0.89656,-0.69,1.1,0.19,0.58506,-0.33706,-0.15478,0.72121,-0.7,1.08,0.19,0.58506,-0.33706,-0.15478,0.72121,-0.81,1.08,0.19
-0.8,1.45,-0.16,-0.8,1.45,-0.16,-0.85,1.1,0.11,0.292,-0.06527,-0.19772,-0.93348,-0.86,1.06,0.06,0.292,-0.06527,-0.19772,-0.93348,-0.82,1.08,0.08,0.45427,-0.19513,0.43898,-0.75024,-0.8,1.1,0.1,0.21211,-0.05985,0.39592,-0.89145,-0.79,1.11,0.13,0.10273,-0.04764,0.47999,-0.86994,-0.79,1.11,0.15,0.10273,-0.04764,0.47999,-0.86994,-0.84,1.08,0.08,0.292,-0.06527,-0.19772,-0.93348,-0.83,1.12,0.13,0.07147,-0.1008,-0.1416,-0.98218,-0.83,1.12,0.17,-0.25721,-0.14516,-0.12615,-0.94703,-0.82,1.11,0.19,-0.40506,-0.13643,-0.11242,-0.89704,-0.81,1.1,0.2,-0.40506,-0.13643,-0.11242,-0.89704,-0.85,1.08,0.09,0.292,-0.06527,-0.19772,-0.93348,-0.85,1.11,0.13,0.09595,-0.07419,-0.20355,-0.97152,-0.85,1.12,0.17,-0.27279,-0.14586,-0.17385,-0.93493,-0.84,1.11,0.2,-0.43182,-0.16264,-0.20411,-0.86338,-0.83,1.1,0.21,-0.43182,-0.16264,-0.20411,-0.86338,-0.87,1.07,0.09,0.292,-0.06527,-0.19772,-0.93348,-0.87,1.1,0.13,0.15686,-0.04467,-0.26053,-0.95159,-0.87,1.11,0.17,-0.25663,-0.16724,-0.2546,-0.91725,-0.86,1.1,0.19,-0.45618,-0.24457,-0.23068,-0.82394,-0.84,1.09,0.2,-0.45618,-0.24457,-0.23068,-0.82394,-0.87,1.07,0.09,0.22431,0.00374,-0.42445,-0.87722,-0.88,1.08,0.13,0.20076,-0.03619,-0.33133,-0.9212,-0.89,1.1,0.16,-0.20315,-0.16132,-0.35689,-0.8974,-0.88,1.09,0.18,-0.37301,-0.27706,-0.32209,-0.82484,-0.86,1.08,0.19,-0.37301,-0.27706,-0.32209,-0.82484,-0.7,1.09,0.12,-0.30849,-0.19283,-0.11832,0.92393,-0.68,1.06,0.07,-0.30849,-0.19283,-0.11832,0.92393,-0.72,1.07,0.09,-0.46271,-0.25428,0.53698,0.65795,-0.75,1.08,0.11,-0.29615,-0.12394,0.50366,0.80204,-0.76,1.09,0.13,-0.25094,-0.12999,0.58722,0.75849,-0.78,1.1,0.15,-0.25094,-0.12999,0.58722,0.75849,-0.71,1.07,0.09,-0.30849,-0.19283,-0.11832,0.92393,-0.73,1.11,0.13,-0.08701,-0.25904,-0.00108,0.96194,-0.75,1.12,0.16,0.32011,-0.24287,0.08043,0.91218,-0.76,1.1,0.18,0.48692,-0.1975,0.11593,0.84289,-0.76,1.08,0.19,0.48692,-0.1975,0.11593,0.84289,-0.69,1.07,0.1,-0.30849,-0.19283,-0.11832,0.92393,-0.71,1.11,0.14,-0.10153,-0.21511,-0.08209,0.96782,-0.73,1.12,0.18,0.24061,-0.23128,-0.0154,0.94254,-0.74,1.11,0.2,0.3981,-0.22231,-0.03557,0.88929,-0.75,1.09,0.21,0.3981,-0.22231,-0.03557,0.88929,-0.68,1.07,0.1,-0.30849,-0.19283,-0.11832,0.92393,-0.69,1.1,0.14,-0.16835,-0.16962,-0.16342,0.95717,-0.7,1.12,0.18,0.27317,-0.24232,-0.10982,0.92445,-0.71,1.11,0.2,0.49626,-0.28481,-0.06873,0.81724,-0.73,1.09,0.21,0.49626,-0.28481,-0.06873,0.81724,-0.67,1.07,0.11,-0.22519,-0.12304,-0.34558,0.90262,-0.68,1.09,0.15,-0.30575,-0.07065,-0.26582,0.91152,-0.67,1.11,0.17,0.2652,-0.21917,-0.25814,0.90277,-0.68,1.1,0.19,0.53371,-0.3336,-0.18241,0.75537,-0.7,1.09,0.19,0.53371,-0.3336,-0.18241,0.75537,-0.81,1.08,0.19
-0.8,1.45,-0.16,-0.8,1.45,-0.16,-0.86,1.1,0.11,0.31207,-0.0594,-0.21418,-0.92369,-0.86,1.06,0.06,0.31207,-0.0594,-0.21418,-0.92369,-0.83,1.08,0.08,0.46594,-0.1783,0.43487,-0.74967,-0.8,1.1,0.1,0.22331,-0.04547,0.38671,-0.8936,-0.8,1.11,0.13,0.11332,-0.03377,0.47016,-0.87462,-0.79,1.12,0.15,0.11332,-0.03377,0.47016,-0.87462,-0.84,1.08,0.08,0.31207,-0.0594,-0.21418,-0.92369,-0.84,1.12,0.13,0.05765,-0.10935,-0.15103,-0.98077,-0.83,1.13,0.17,-0.27268,-0.15635,-0.13179,-0.94012,-0.82,1.11,0.18,-0.41661,-0.14783,-0.11635,-0.88941,-0.81,1.1,0.2,-0.41661,-0.14783,-0.11635,-0.88941,-0.85,1.08,0.09,0.31207,-0.0594,-0.21418,-0.92369,-0.86,1.12,0.13,0.11471,-0.07528,-0.21996,-0.96581,-0.85,1.13,0.17,-0.24641,-0.15182,-0.1897,-0.93821,-0.84,1.11,0.2,-0.39206,-0.16978,-0.22014,-0.87693,-0.83,1.1,0.21,-0.39206,-0.16978,-0.22014,-0.87693,-0.87,1.07,0.09,0.31207,-0.0594,-0.21418,-0.92369,-0.87,1.1,0.13,0.17572,-0.04401,-0.27784,-0.94339,-0.87,1.12,0.17,-0.22645,-0.17189,-0.27158,-0.91947,-0.86,1.11,0.19,-0.41609,-0.25082,-0.24765,-0.83823,-0.85,1.09,0.2,-0.41609,-0.25082,-0.24765,-0.83823,-0.88,1.07,0.09,0.24283,0.0036,-0.44128,-0.86388,-0.89,1.08,0.13,0.20224,-0.04018,-0.34906,-0.91413,-0.89,1.1,0.16,-0.19484,-0.17053,-0.37162,-0.89154,-0.88,1.09,0.18,-0.35451,-0.28569,-0.33661,-0.82426,-0.86,1.08,0.19,-0.35451,-0.28569,-0.33661,-0.82426,-0.7,1.09,0.12,-0.2999,-0.18428,-0.10803,0.92975,-0.68,1.06,0.07,-0.2999,-0.18428,-0.10803,0.92975,-0.72,1.07,0.09,-0.46331,-0.26324,0.5283,0.66102,-0.75,1.08,0.1,-0.29098,-0.13203,0.49804,0.80614,-0.76,1.09,0.13,-0.24657,-0.1388,0.58193,0.76243,-0.78,1.09,0.15,-0.24657,-0.1388,0.58193,0.76243,-0.71,1.07,0.09,-0.2999,-0.18428,-0.10803,0.92975,-0.73,1.11,0.13,-0.10974,-0.23449,-0.01148,0.96584,-0.75,1.12,0.17,0.30834,-0.22477,0.06288,0.9222,-0.75,1.1,0.18,0.49043,-0.18165,0.09799,0.84669,-0.76,1.08,0.19,0.49043,-0.18165,0.09799,0.84669,-0.69,1.07,0.1,-0.2999,-0.18428,-0.10803,0.92975,-0.71,1.11,0.14,-0.09602,-0.2026,-0.07564,0.9716,-0.72,1.12,0.18,0.24772,-0.21726,-0.01352,0.94406,-0.74,1.11,0.2,0.39812,-0.2078,-0.03689,0.89273,-0.75,1.09,0.21,0.39812,-0.2078,-0.03689,0.89273,-0.68,1.07,0.1,-0.2999,-0.18428,-0.10803,0.92975,-0.69,1.1,0.14,-0.15843,-0.15953,-0.15378,0.96219,-0.7,1.12,0.18,0.27562,-0.22778,-0.10777,0.92765,-0.71,1.1,0.2,0.48888,-0.26986,-0.07305,0.82634,-0.73,1.09,0.21,0.48888,-0.26986,-0.07305,0.82634,-0.67,1.07,0.11,-0.21998,-0.11198,-0.33578,0.90902,-0.67,1.09,0.15,-0.30451,-0.05945,-0.25469,0.9159,-0.67,1.11,0.17,0.25809,-0.20101,-0.25721,0.9093,-0.68,1.1,0.19,0.5124,-0.31289,-0.19313,0.77605,-0.7,1.09,0.19,0.5124,-0.31289,-0.19313,0.77605,-0.81,1.08,0.19
-0.8,1.45,-0.16,-0.8,1.45,-0.16,-0.86,1.1,0.11,0.34068,-0.05543,-0.21009,-0.91473,-0.86,1.06,0.06,0.34068,-0.05543,-0.21009,-0.91473,-0.83,1.08,0.08,0.47701,-0.15614,0.44966,-0.73884,-0.8,1.1,0.1,0.2365,-0.01997,0.39483,-0.88757,-0.8,1.11,0.13,0.12153,-0.00471,0.47556,-0.87124,-0.79,1.12,0.15,0.12153,-0.00471,0.47556,-0.87124,-0.84,1.08,0.08,0.34068,-0.05543,-0.21009,-0.91473,-0.84,1.12,0.13,0.0523,-0.10802,-0.14365,-0.98232,-0.83,1.13,0.16,-0.30137,-0.15558,-0.12146,-0.93286,-0.82,1.12,0.18,-0.44544,-0.14543,-0.10513,-0.87714,-0.81,1.1,0.2,-0.44544,-0.14543,-0.10513,-0.87714,-0.85,1.08,0.09,0.34068,-0.05543,-0.21009,-0.91473,-0.86,1.12,0.13,0.13613,-0.07663,-0.21492,-0.96406,-0.86,1.13,0.17,-0.23386,-0.15308,-0.18322,-0.9425,-0.85,1.12,0.19,-0.38297,-0.1713,-0.21349,-0.88228,-0.83,1.11,0.21,-0.38297,-0.1713,-0.21349,-0.88228,-0.87,1.07,0.09,0.34068,-0.05543,-0.21009,-0.91473,-0.87,1.11,0.13,0.1994,-0.04721,-0.27374,-0.93972,-0.88,1.12,0.17,-0.20753,-0.17516,-0.26546,-0.92508,-0.86,1.11,0.19,-0.40002,-0.25334,-0.24029,-0.84739,-0.85,1.1,0.2,-0.40002,-0.25334,-0.24029,-0.84739,-0.88,1.07,0.09,0.27208,0.00034,-0.43956,-0.85601,-0.89,1.09,0.13,0.21609,-0.04908,-0.34574,-0.91179,-0.89,1.1,0.16,-0.18217,-0.17848,-0.36511,-0.89535,-0.88,1.1,0.18,-0.34294,-0.2922,-0.32808,-0.83029,-0.86,1.09,0.19,-0.34294,-0.2922,-0.32808,-0.83029,-0.7,1.09,0.12,-0.28354,-0.17774,-0.09858,0.93717,-0.68,1.06,0.07,-0.28354,-0.17774,-0.09858,0.93717,-0.72,1.07,0.09,-0.44751,-0.27063,0.5321,0.66585,-0.75,1.07,0.11,-0.26916,-0.13349,0.50505,0.80911,-0.76,1.08,0.13,-0.21871,-0.13775,0.58849,0.76607,-0.78,1.09,0.15,-0.21871,-0.13775,0.58849,0.76607,-0.71,1.07,0.09,-0.28354,-0.17774,-0.09858,0.93717,-0.73,1.11,0.14,-0.08876,-0.21739,-0.00855,0.972,-0.75,1.11,0.17,0.34263,-0.20666,0.06117,0.91441,-0.75,1.1,0.19,0.52446,-0.16361,0.09405,0.83026,-0.76,1.08,0.2,0.52446,-0.16361,0.09405,0.83026,-0.7,1.07,0.1,-0.28354,-0.17774,-0.09858,0.93717,-0.71,1.11,0.14,-0.0699,-0.19511,-0.06578,0.97607,-0.72,1.11,0.18,0.27699,-0.20652,-0.00618,0.9384,-0.73,1.1,0.2,0.4231,-0.1944,-0.0314,0.88443,-0.74,1.08,0.22,0.4231,-0.1944,-0.0314,0.88443,-0.68,1.07,0.1,-0.28354,-0.17774,-0.09858,0.93717,-0.69,1.1,0.15,-0.14163,-0.15232,-0.14398,0.96748,-0.7,1.11,0.18,0.29429,-0.21658,-0.10215,0.92523,-0.71,1.1,0.2,0.5041,-0.2572,-0.07132,0.82137,-0.72,1.08,0.21,0.5041,-0.2572,-0.07132,0.82137,-0.67,1.07,0.11,-0.20668,-0.10105,-0.326,0.91695,-0.67,1.09,0.15,-0.31547,-0.04324,-0.24341,0.91617,-0.67,1.1,0.17,0.24927,-0.18265,-0.25666,0.91577,-0.68,1.1,0.19,0.5048,-0.29527,-0.19823,0.78657,-0.7,1.08,0.2,0.5048,-0.29527,-0.19823,0.78657,-0.81,1.08,0.19
-0.8,1.45,-0.16,-0.8,1.45,-0.16,-0.85,1.1,0.11,0.37016,-0.05913,-0.15978,-0.91321,-0.86,1.06,0.06,0.37016,-0.05913,-0.15978,-0.91321,-0.82,1.08,0.09,0.47707,-0.14614,0.50244,-0.70612,-0.8,1.1,0.1,0.24769,0.00497,0.44464,-0.86077,-0.8,1.11,0.13,0.12838,0.02904,0.52037,-0.84374,-0.79,1.12,0.15,0.12838,0.02904,0.52037,-0.84374,-0.84,1.08,0.09,0.37016,-0.05913,-0.15978,-0.91321,-0.83,1.12,0.13,0.08183,-0.09543,-0.09433,-0.98757,-0.83,1.13,0.16,-0.3146,-0.13036,-0.07445,-0.93728,-0.82,1.12,0.18,-0.47046,-0.11407,-0.06037,-0.87293,-0.82,1.1,0.19,-0.47046,-0.11407,-0.06037,-0.87293,-0.85,1.08,0.09,0.37016,-0.05913,-0.15978,-0.91321,-0.86,1.12,0.13,0.15611,-0.07746,-0.16154,-0.97136,-0.85,1.14,0.17,-0.23406,-0.13643,-0.13124,-0.95361,-0.84,1.12,0.19,-0.39032,-0.14781,-0.16501,-0.89363,-0.83,1.11,0.21,-0.39032,-0.14781,-0.16501,-0.89363,-0.87,1.07,0.09,0.37016,-0.05913,-0.15978,-0.91321,-0.87,1.11,0.13,0.2194,-0.05434,-0.2218,-0.94853,-0.87,1.13,0.16,-0.19788,-0.16191,-0.21484,-0.94259,-0.86,1.12,0.19,-0.39861,-0.2305,-0.19328,-0.86639,-0.85,1.1,0.2,-0.39861,-0.2305,-0.19328,-0.86639,-0.88,1.07,0.09,0.30694,-0.00864,-0.39461,-0.86602,-0.89,1.09,0.13,0.23666,-0.05772,-0.29694,-0.9233,-0.89,1.11,0.16,-0.16986,-0.16865,-0.3181,-0.91734,-0.88,1.1,0.18,-0.34127,-0.27516,-0.28251,-0.85323,-0.86,1.09,0.19,-0.34127,-0.27516,-0.28251,-0.85323,-0.7,1.09,0.12,-0.29983,-0.17156,-0.10135,0.93295,-0.68,1.06,0.07,-0.29983,-0.17156,-0.10135,0.93295,-0.72,1.07,0.09,-0.44892,-0.25018,0.5429,0.66418,-0.75,1.08,0.11,-0.26993,-0.10918,0.5111,0.8087,-0.76,1.09,0.13,-0.20963,-0.10767,0.59404,0.76914,-0.77,1.09,0.16,-0.20963,-0.10767,0.59404,0.76914,-0.71,1.07,0.09,-0.29983,-0.17156,-0.10135,0.93295,-0.73,1.11,0.14,-0.08548,-0.21123,-0.00716,0.97367,-0.74,1.11,0.17,0.35831,-0.19962,0.0624,0.90987,-0.75,1.1,0.18,0.53643,-0.15654,0.09376,0.82398,-0.75,1.08,0.19,0.53643,-0.15654,0.09376,0.82398,-0.69,1.07,0.1,-0.29983,-0.17156,-0.10135,0.93295,-0.71,1.11,0.14,-0.04471,-0.19714,-0.0586,0.9776,-0.72,1.11,0.18,0.31135,-0.20556,0.00347,0.92779,-0.73,1.1,0.2,0.45611,-0.18999,-0.02152,0.86914,-0.74,1.08,0.21,0.45611,-0.18999,-0.02152,0.86914,-0.68,1.07,0.1,-0.29983,-0.17156,-0.10135,0.93295,-0.69,1.1,0.14,-0.13357,-0.15627,-0.14197,0.96829,-0.7,1.11,0.18,0.30906,-0.21964,-0.09726,0.92021,-0.71,1.1,0.2,0.52015,-0.25873,-0.06557,0.8113,-0.72,1.08,0.21,0.52015,-0.25873,-0.06557,0.8113,-0.67,1.07,0.11,-0.22342,-0.09908,-0.33021,0.91172,-0.67,1.09,0.15,-0.33419,-0.03857,-0.24784,0.90852,-0.67,1.11,0.17,0.23997,-0.18574,-0.26089,0.91643,-0.68,1.1,0.19,0.50045,-0.30052,-0.1994,0.78707,-0.69,1.09,0.19,0.50045,-0.30052,-0.1994,0.78707,-0.81,1.08,0.19
-0.8,1.45,-0.16,-0.8,1.45,-0.16,-0.85,1.1,0.11,0.36589,-0.06304,-0.12076,-0.92063,-0.86,1.06,0.06,0.36589,-0.06304,-0.12076,-0.92063,-0.82,1.07,0.09,0.46173,-0.15483,0.53492,-0.69043,-0.8,1.09,0.1,0.23561,0.00888,0.48016,-0.8449,-0.79,1.1,0.13,0.1124,0.03903,0.55275,-0.82481,-0.79,1.11,0.16,0.1124,0.03903,0.55275,-0.82481,-0.84,1.08,0.09,0.36589,-0.06304,-0.12076,-0.92063,-0.83,1.12,0.13,0.08623,-0.08723,-0.05688,-0.99082,-0.82,1.13,0.16,-0.32703,-0.10894,-0.0415,-0.9378,-0.82,1.11,0.18,-0.49314,-0.08777,-0.0298,-0.865,-0.82,1.09,0.19,-0.49314,-0.08777,-0.0298,-0.865,-0.85,1.07,0.09,0.36589,-0.06304,-0.12076,-0.92063,-0.85,1.12,0.13,0.14208,-0.07677,-0.1199,-0.97956,-0.85,1.13,0.17,-0.25588,-0.12,-0.09254,-0.95476,-0.84,1.12,0.19,-0.4193,-0.12495,-0.12938,-0.88985,-0.83,1.1,0.21,-0.4193,-0.12495,-0.12938,-0.88985,-0.87,1.07,0.09,0.36589,-0.06304,-0.12076,-0.92063,-0.87,1.11,0.13,0.20083,-0.05734,-0.18061,-0.96113,-0.87,1.12,0.17,-0.22405,-0.14738,-0.17648,-0.94707,-0.86,1.11,0.19,-0.43139,-0.20832,-0.15911,-0.86324,-0.85,1.1,0.2,-0.43139,-0.20832,-0.15911,-0.86324,-0.88,1.07,0.1,0.30734,-0.00978,-0.3577,-0.88176,-0.88,1.09,0.13,0.22058,-0.05976,-0.25863,-0.93855,-0.88,1.11,0.16,-0.19699,-0.15554,-0.28223,-0.92593,-0.88,1.1,0.18,-0.38049,-0.25781,-0.24918,-0.85245,-0.86,1.09,0.19,-0.38049,-0.25781,-0.24918,-0.85245,-0.7,1.1,0.12,-0.34475,-0.153,-0.10265,0.92043,-0.68,1.06,0.07,-0.34475,-0.153,-0.10265,0.92043,-0.72,1.07,0.09,-0.43595,-0.19655,0.58687,0.65338,-0.74,1.08,0.11,-0.26186,-0.04256,0.54198,0.79742,-0.75,1.09,0.14,-0.17872,-0.02712,0.61953,0.76388,-0.76,1.1,0.16,-0.17872,-0.02712,0.61953,0.76388,-0.71,1.07,0.09,-0.34475,-0.153,-0.10265,0.92043,-0.72,1.12,0.13,-0.08469,-0.19358,0.00066,0.97742,-0.74,1.12,0.16,0.3624,-0.18019,0.06196,0.91234,-0.74,1.11,0.18,0.52624,-0.13882,0.08675,0.83443,-0.75,1.09,0.19,0.52624,-0.13882,0.08675,0.83443,-0.69,1.07,0.1,-0.34475,-0.153,-0.10265,0.92043,-0.7,1.12,0.14,-0.02141,-0.18834,-0.0476,0.98072,-0.72,1.12,0.17,0.38215,-0.19224,0.02059,0.90365,-0.73,1.1,0.19,0.54411,-0.16884,-0.00328,0.82184,-0.73,1.08,0.2,0.54411,-0.16884,-0.00328,0.82184,-0.68,1.07,0.1,-0.34475,-0.153,-0.10265,0.92043,-0.68,1.11,0.14,-0.09457,-0.15645,-0.13213,0.97423,-0.7,1.12,0.18,0.40491,-0.21875,-0.0764,0.88451,-0.71,1.1,0.19,0.63436,-0.2502,-0.04041,0.73031,-0.72,1.08,0.19,0.63436,-0.2502,-0.04041,0.73031,-0.67,1.07,0.1,-0.2708,-0.09219,-0.33552,0.89755,-0.67,1.09,0.14,-0.32865,-0.04488,-0.25352,0.90868,-0.67,1.11,0.17,0.3111,-0.21128,-0.25029,0.89215,-0.68,1.1,0.18,0.59658,-0.32774,-0.17073,0.71241,-0.69,1.09,0.18,0.59658,-0.32774,-0.17073,0.71241,-0.81,1.08,0.19
-0.8,1.45,-0.16,-0.8,1.45,-0.16,-0.85,1.09,0.11,0.35129,-0.06015,-0.11979,-0.92662,-0.86,1.06,0.06,0.35129,-0.06015,-0.11979,-0.92662,-0.82,1.07,0.09,0.44778,-0.15786,0.53577,-0.69823,-0.8,1.09,0.11,0.21359,0.01134,0.4822,-0.84955,-0.8,1.1,0.14,0.08274,0.04438,0.55279,-0.82802,-0.79,1.1,0.16,0.08274,0.04438,0.55279,-0.82802,-0.84,1.08,0.09,0.35129,-0.06015,-0.11979,-0.92662,-0.83,1.12,0.13,0.0793,-0.08397,-0.05795,-0.99162,-0.83,1.12,0.17,-0.33491,-0.10629,-0.04371,-0.93522,-0.82,1.11,0.18,-0.50448,-0.08568,-0.03173,-0.85858,-0.82,1.09,0.2,-0.50448,-0.08568,-0.03173,-0.85858,-0.85,1.07,0.09,0.35129,-0.06015,-0.11979,-0.92662,-0.85,1.12,0.13,0.12174,-0.07371,-0.11926,-0.98261,-0.85,1.13,0.17,-0.27879,-0.11697,-0.09284,-0.94867,-0.84,1.11,0.19,-0.44848,-0.12138,-0.12966,-0.87597,-0.83,1.1,0.21,-0.44848,-0.12138,-0.12966,-0.87597,-0.87,1.07,0.09,0.35129,-0.06015,-0.11979,-0.92662,-0.87,1.11,0.13,0.18022,-0.05393,-0.17954,-0.9656,-0.87,1.12,0.17,-0.24691,-0.14349,-0.17706,-0.94186,-0.86,1.11,0.19,-0.45953,-0.20521,-0.16,-0.84919,-0.85,1.09,0.2,-0.45953,-0.20521,-0.16,-0.84919,-0.88,1.07,0.1,0.29383,-0.0031,-0.35601,-0.88708,-0.89,1.09,0.13,0.19868,-0.05484,-0.25842,-0.94379,-0.89,1.1,0.16,-0.22003,-0.1497,-0.28379,-0.92122,-0.88,1.1,0.18,-0.4084,-0.25406,-0.25144,-0.8399,-0.86,1.08,0.19,-0.4084,-0.25406,-0.25144,-0.8399,-0.69,1.1,0.11,-0.41273,-0.14078,-0.10858,0.89334,-0.68,1.06,0.07,-0.41273,-0.14078,-0.10858,0.89334,-0.72,1.07,0.09,-0.44254,-0.14871,0.61982,0.63077,-0.74,1.09,0.11,-0.26549,0.02075,0.56352,0.78201,-0.75,1.1,0.14,-0.15291,0.05836,0.63189,0.75758,-0.75,1.11,0.16,-0.15291,0.05836,0.63189,0.75758,-0.71,1.08,0.09,-0.41273,-0.14078,-0.10858,0.89334,-0.72,1.13,0.12,-0.11768,-0.18043,0.00242,0.97652,-0.73,1.14,0.15,0.33996,-0.16798,0.05933,0.92341,-0.74,1.12,0.17,0.49202,-0.12858,0.0788,0.85742,-0.74,1.1,0.18,0.49202,-0.12858,0.0788,0.85742,-0.69,1.08,0.09,-0.41273,-0.14078,-0.10858,0.89334,-0.7,1.13,0.12,-0.03706,-0.18107,-0.04634,0.98168,-0.71,1.13,0.16,0.43947,-0.18316,0.0333,0.87876,-0.72,1.11,0.18,0.64987,-0.1491,0.01407,0.74515,-0.73,1.09,0.18,0.64987,-0.1491,0.01407,0.74515,-0.67,1.08,0.1,-0.41273,-0.14078,-0.10858,0.89334,-0.68,1.12,0.13,-0.0798,-0.16359,-0.12683,0.97508,-0.69,1.13,0.17,0.51371,-0.2269,-0.04571,0.82615,-0.7,1.1,0.18,0.77777,-0.24128,0.00595,0.58037,-0.71,1.08,0.17,0.77777,-0.24128,0.00595,0.58037,-0.67,1.08,0.1,-0.33879,-0.09835,-0.34541,0.86962,-0.67,1.1,0.13,-0.28938,-0.08491,-0.26122,0.91696,-0.67,1.12,0.16,0.41827,-0.26001,-0.21526,0.84327,-0.68,1.11,0.17,0.71919,-0.36387,-0.10495,0.58254,-0.69,1.09,0.16,0.71919,-0.36387,-0.10495,0.58254,-0.81,1.08,0.19
-0.8,1.45,-0.16,-0.8,1.45,-0.16,-0.85,1.09,0.11,0.34482,-0.05928,-0.132,-0.92745,-0.86,1.06,0.06,0.34482,-0.05928,-0.132,-0.92745,-0.82,1.07,0.09,0.44331,-0.15676,0.52819,-0.70705,-0.8,1.09,0.11,0.20182,0.01331,0.47441,-0.85675,-0.8,1.1,0.14,0.06749,0.04603,0.54442,-0.83482,-0.8,1.1,0.16,0.06749,0.04603,0.54442,-0.83482,-0.84,1.08,0.09,0.34482,-0.05928,-0.132,-0.92745,-0.83,1.12,0.13,0.07437,-0.08585,-0.07069,-0.99101,-0.83,1.12,0.17,-0.33749,-0.11298,-0.05477,-0.93292,-0.82,1.11,0.18,-0.50725,-0.09432,-0.04123,-0.85563,-0.82,1.09,0.2,-0.50725,-0.09432,-0.04123,-0.85563,-0.85,1.07,0.09,0.34482,-0.05928,-0.132,-0.92745,-0.85,1.12,0.13,0.11238,-0.07477,-0.13174,-0.98205,-0.85,1.13,0.17,-0.2882,-0.12289,-0.10373,-0.94397,-0.84,1.11,0.19,-0.46026,-0.12885,-0.13894,-0.86732,-0.83,1.09,0.21,-0.46026,-0.12885,-0.13894,-0.86732,-0.87,1.07,0.09,0.34482,-0.05928,-0.132,-0.92745,-0.87,1.1,0.13,0.1707,-0.05404,-0.19182,-0.96496,-0.87,1.12,0.17,-0.25444,-0.14827,-0.1883,-0.93692,-0.86,1.11,0.19,-0.46749,-0.21257,-0.16957,-0.84114,-0.85,1.09,0.2,-0.46749,-0.21257,-0.16957,-0.84114,-0.88,1.07,0.1,0.28602,-0.00103,-0.3671,-0.88512,-0.89,1.09,0.13,0.18621,-0.05495,-0.27062,-0.9429,-0.89,1.1,0.16,-0.22567,-0.15225,-0.29516,-0.91585,-0.88,1.09,0.18,-0.41079,-0.25848,-0.26255,-0.83397,-0.86,1.08,0.19,-0.41079,-0.25848,-0.26255,-0.83397,-0.69,1.11,0.1,-0.47593,-0.13804,-0.10741,0.86192,-0.68,1.06,0.07,-0.47593,-0.13804,-0.10741,0.86192,-0.72,1.08,0.09,-0.45615,-0.10614,0.64508,0.60377,-0.74,1.09,0.11,-0.27229,0.08029,0.57705,0.76579,-0.75,1.11,0.14,-0.12947,0.14238,0.63137,0.75122,-0.75,1.12,0.16,-0.12947,0.14238,0.63137,0.75122,-0.71,1.08,0.09,-0.47593,-0.13804,-0.10741,0.86192,-0.72,1.13,0.11,-0.15534,-0.17151,0.00886,0.97282,-0.73,1.14,0.15,0.31661,-0.15725,0.06342,0.93328,-0.74,1.13,0.16,0.47001,-0.11753,0.08026,0.87111,-0.74,1.11,0.18,0.47001,-0.11753,0.08026,0.87111,-0.69,1.08,0.09,-0.47593,-0.13804,-0.10741,0.86192,-0.7,1.13,0.12,-0.08564,-0.17559,-0.04584,0.97966,-0.71,1.14,0.15,0.42909,-0.17741,0.03779,0.88486,-0.72,1.12,0.17,0.67904,-0.139,0.02024,0.72053,-0.72,1.1,0.17,0.67904,-0.139,0.02024,0.72053,-0.67,1.08,0.09,-0.47593,-0.13804,-0.10741,0.86192,-0.68,1.13,0.12,-0.11917,-0.16807,-0.12293,0.97079,-0.69,1.14,0.16,0.51894,-0.23089,-0.02916,0.82252,-0.7,1.11,0.17,0.81315,-0.23401,0.03336,0.5319,-0.71,1.09,0.16,0.81315,-0.23401,0.03336,0.5319,-0.67,1.08,0.1,-0.40128,-0.11317,-0.34669,0.84022,-0.66,1.11,0.13,-0.30846,-0.11234,-0.25936,0.90828,-0.67,1.13,0.15,0.41863,-0.2841,-0.18959,0.84148,-0.68,1.12,0.16,0.74284,-0.3763,-0.05786,0.55066,-0.69,1.1,0.15,0.74284,-0.3763,-0.05786,0.55066,-0.81,1.08,0.19
-0.8,1.45,-0.16,-0.8,1.45,-0.16,-0.85,1.09,0.11,0.343,-0.05962,-0.14128,-0.92674,-0.86,1.06,0.06,0.343,-0.05962,-0.14128,-0.92674,-0.82,1.07,0.09,0.44265,-0.15627,0.52266,-0.71167,-0.8,1.09,0.11,0.19757,0.01335,0.4688,-0.86082,-0.8,1.1,0.14,0.06526,0.04342,0.53929,-0.83847,-0.8,1.1,0.16,0.06526,0.04342,0.53929,-0.83847,-0.84,1.08,0.09,0.343,-0.05962,-0.14128,-0.92674,-0.83,1.12,0.13,0.07056,-0.08746,-0.0803,-0.99042,-0.83,1.12,0.17,-0.33974,-0.11819,-0.06302,-0.93093,-0.82,1.11,0.19,-0.50916,-0.10097,-0.04831,-0.85336,-0.82,1.09,0.2,-0.50916,-0.10097,-0.04831,-0.85336,-0.85,1.07,0.09,0.343,-0.05962,-0.14128,-0.92674,-0.85,1.11,0.13,0.10684,-0.07609,-0.14137,-0.98123,-0.85,1.12,0.17,-0.29275,-0.12783,-0.11207,-0.94096,-0.84,1.11,0.19,-0.46505,-0.13498,-0.14605,-0.86266,-0.83,1.09,0.21,-0.46505,-0.13498,-0.14605,-0.86266,-0.87,1.07,0.09,0.343,-0.05962,-0.14128,-0.92674,-0.87,1.1,0.13,0.16616,-0.05525,-0.20115,-0.96378,-0.87,1.12,0.17,-0.25548,-0.15261,-0.19658,-0.93424,-0.86,1.11,0.19,-0.46695,-0.21854,-0.17669,-0.83844,-0.85,1.09,0.2,-0.46695,-0.21854,-0.17669,-0.83844,-0.88,1.07,0.1,0.2829,-0.00125,-0.37567,-0.88252,-0.89,1.09,0.13,0.18131,-0.05703,-0.27945,-0.94116,-0.89,1.1,0.16,-0.22113,-0.1547,-0.30318,-0.91392,-0.88,1.09,0.18,-0.4016,-0.26138,-0.27064,-0.83495,-0.86,1.08,0.19,-0.4016,-0.26138,-0.27064,-0.83495,-0.7,1.11,0.1,-0.4951,-0.13737,-0.09243,0.85291,-0.68,1.05,0.07,-0.4951,-0.13737,-0.09243,0.85291,-0.72,1.08,0.09,-0.45288,-0.09788,0.66464,0.58615,-0.74,1.09,0.11,-0.26189,0.10483,0.59384,0.75351,-0.75,1.11,0.14,-0.10268,0.18215,0.63804,0.74107,-0.74,1.12,0.16,-0.10268,0.18215,0.63804,0.74107,-0.71,1.08,0.09,-0.4951,-0.13737,-0.09243,0.85291,-0.72,1.13,0.11,-0.17123,-0.16104,0.02014,0.97177,-0.73,1.14,0.14,0.30965,-0.14258,0.0699,0.9375,-0.74,1.13,0.16,0.47322,-0.10117,0.08529,0.87095,-0.74,1.11,0.18,0.47322,-0.10117,0.08529,0.87095,-0.69,1.08,0.09,-0.4951,-0.13737,-0.09243,0.85291,-0.7,1.13,0.11,-0.10864,-0.16419,-0.03869,0.97967,-0.71,1.14,0.15,0.41658,-0.16393,0.03949,0.89333,-0.72,1.12,0.17,0.68435,-0.12483,0.01868,0.71815,-0.72,1.1,0.17,0.68435,-0.12483,0.01868,0.71815,-0.68,1.08,0.09,-0.4951,-0.13737,-0.09243,0.85291,-0.68,1.13,0.12,-0.13705,-0.16121,-0.11183,0.97094,-0.69,1.14,0.16,0.50936,-0.21942,-0.02342,0.83178,-0.7,1.12,0.17,0.81932,-0.21971,0.03763,0.52823,-0.71,1.09,0.16,0.81932,-0.21971,0.03763,0.52823,-0.67,1.08,0.1,-0.42225,-0.11748,-0.33302,0.83486,-0.67,1.11,0.13,-0.31333,-0.12322,-0.24133,0.91016,-0.67,1.13,0.15,0.41529,-0.27948,-0.16991,0.84885,-0.68,1.12,0.16,0.75712,-0.36374,-0.03441,0.54155,-0.69,1.1,0.15,0.75712,-0.36374,-0.03441,0.54155,-0.81,1.08,0.19
-0.8,1.45,-0.16,-0.8,1.45,-0.16,-0.85,1.09,0.11,0.34042,-0.05978,-0.15026,-0.92626,-0.86,1.05,0.06,0.34042,-0.05978,-0.15026,-0.92626,-0.82,1.07,0.09,0.44315,-0.1564,0.51544,-0.71657,-0.8,1.09,0.11,0.19561,0.01138,0.46166,-0.86515,-0.8,1.1,0.14,0.06692,0.03796,0.53319,-0.84249,-0.8,1.1,0.16,0.06692,0.03796,0.53319,-0.84249,-0.84,1.08,0.09,0.34042,-0.05978,-0.15026,-0.92626,-0.83,1.12,0.13,0.06136,-0.08829,-0.08979,-0.99014,-0.83,1.12,0.17,-0.34803,-0.12257,-0.07138,-0.92669,-0.82,1.11,0.19,-0.51678,-0.10677,-0.05545,-0.84762,-0.82,1.09,0.2,-0.51678,-0.10677,-0.05545,-0.84762,-0.85,1.07,0.09,0.34042,-0.05978,-0.15026,-0.92626,-0.85,1.11,0.13,0.09827,-0.07716,-0.15079,-0.98064,-0.85,1.12,0.17,-0.30277,-0.13274,-0.11995,-0.93612,-0.84,1.11,0.2,-0.47566,-0.14077,-0.15259,-0.85478,-0.83,1.09,0.21,-0.47566,-0.14077,-0.15259,-0.85478,-0.87,1.07,0.09,0.34042,-0.05978,-0.15026,-0.92626,-0.87,1.1,0.13,0.15912,-0.05671,-0.21,-0.963,-0.87,1.11,0.17,-0.26189,-0.15746,-0.20397,-0.93006,-0.86,1.1,0.19,-0.47239,-0.22485,-0.18277,-0.8324,-0.85,1.09,0.2,-0.47239,-0.22485,-0.18277,-0.8324,-0.88,1.06,0.1,0.27911,-0.00111,-0.38391,-0.88017,-0.89,1.09,0.13,0.17509,-0.06016,-0.2875,-0.93972,-0.89,1.1,0.16,-0.22387,-0.15946,-0.3094,-0.91035,-0.88,1.09,0.18,-0.40138,-0.26667,-0.27628,-0.83154,-0.86,1.08,0.19,-0.40138,-0.26667,-0.27628,-0.83154,-0.7,1.1,0.1,-0.48515,-0.14215,-0.08167,0.85893,-0.68,1.05,0.07,-0.48515,-0.14215,-0.08167,0.85893,-0.72,1.07,0.09,-0.44113,-0.11356,0.67505,0.58036,-0.74,1.08,0.11,-0.24431,0.10021,0.60909,0.74785,-0.75,1.1,0.14,-0.07782,0.18621,0.64975,0.73287,-0.74,1.11,0.16,-0.07782,0.18621,0.64975,0.73287,-0.71,1.08,0.09,-0.48515,-0.14215,-0.08167,0.85893,-0.72,1.13,0.11,-0.16,-0.15962,0.02873,0.9737,-0.73,1.14,0.15,0.32703,-0.13648,0.07767,0.93188,-0.74,1.12,0.16,0.50416,-0.09215,0.09429,0.85349,-0.74,1.11,0.18,0.50416,-0.09215,0.09429,0.85349,-0.69,1.08,0.09,-0.48515,-0.14215,-0.08167,0.85893,-0.7,1.13,0.12,-0.09904,-0.16048,-0.03172,0.98154,-0.71,1.14,0.16,0.42644,-0.157,0.04361,0.88972,-0.72,1.12,0.17,0.69481,-0.11589,0.02074,0.70949,-0.72,1.09,0.17,0.69481,-0.11589,0.02074,0.70949,-0.68,1.08,0.1,-0.48515,-0.14215,-0.08167,0.85893,-0.68,1.12,0.12,-0.12654,-0.15865,-0.10259,0.9738,-0.69,1.13,0.16,0.51362,-0.21117,-0.01952,0.8314,-0.7,1.11,0.17,0.82251,-0.21056,0.03741,0.52702,-0.71,1.09,0.16,0.82251,-0.21056,0.03741,0.52702,-0.67,1.08,0.1,-0.41302,-0.119,-0.32237,0.8434,-0.67,1.11,0.13,-0.29746,-0.12895,-0.22722,0.91829,-0.67,1.13,0.15,0.41934,-0.27025,-0.16011,0.85175,-0.68,1.12,0.16,0.76285,-0.35113,-0.03007,0.54209,-0.69,1.1,0.15,0.76285,-0.35113,-0.03007,0.54209,-0.81,1.08,0.19
-0.8,1.45,-0.16,-0.8,1.45,-0.16,-0.85,1.09,0.11,0.34475,-0.06216,-0.15477,-0.92376,-0.86,1.05,0.06,0.34475,-0.06216,-0.15477,-0.92376,-0.82,1.07,0.09,0.44695,-0.15325,0.51381,-0.71607,-0.8,1.09,0.11,0.20107,0.01267,0.45891,-0.86534,-0.8,1.1,0.14,0.07546,0.03737,0.53102,-0.84317,-0.8,1.1,0.16,0.07546,0.03737,0.53102,-0.84317,-0.84,1.08,0.09,0.34475,-0.06216,-0.15477,-0.92376,-0.83,1.12,0.13,0.05786,-0.08963,-0.09445,-0.9898,-0.83,1.12,0.17,-0.35567,-0.12597,-0.07447,-0.92308,-0.82,1.11,0.18,-0.52395,-0.11064,-0.0576,-0.84257,-0.82,1.09,0.2,-0.52395,-0.11064,-0.0576,-0.84257,-0.85,1.07,0.09,0.34475,-0.06216,-0.15477,-0.92376,-0.85,1.11,0.13,0.09357,-0.08125,-0.1544,-0.98021,-0.85,1.12,0.17,-0.31527,-0.13894,-0.1204,-0.93102,-0.84,1.11,0.19,-0.49286,-0.1468,-0.15126,-0.84419,-0.83,1.09,0.21,-0.49286,-0.1468,-0.15126,-0.84419,-0.87,1.07,0.09,0.34475,-0.06216,-0.15477,-0.92376,-0.87,1.1,0.13,0.15592,-0.06222,-0.21338,-0.96244,-0.87,1.12,0.17,-0.27286,-0.16546,-0.20346,-0.92562,-0.86,1.1,0.19,-0.48681,-0.23298,-0.17968,-0.82246,-0.85,1.09,0.2,-0.48681,-0.23298,-0.17968,-0.82246,-0.88,1.06,0.1,0.28223,-0.00474,-0.38832,-0.87723,-0.89,1.09,0.13,0.17593,-0.06764,-0.29031,-0.93819,-0.88,1.1,0.16,-0.22832,-0.16922,-0.30818,-0.90789,-0.88,1.09,0.18,-0.41141,-0.27768,-0.27143,-0.8246,-0.86,1.08,0.19,-0.41141,-0.27768,-0.27143,-0.8246,-0.7,1.1,0.11,-0.48062,-0.14489,-0.0833,0.86085,-0.68,1.05,0.07,-0.48062,-0.14489,-0.0833,0.86085,-0.72,1.07,0.09,-0.43927,-0.11987,0.67433,0.58134,-0.74,1.08,0.11,-0.2377,0.09754,0.61023,0.7494,-0.75,1.1,0.14,-0.05856,0.19455,0.64672,0.73517,-0.74,1.11,0.16,-0.05856,0.19455,0.64672,0.73517,-0.71,1.08,0.09,-0.48062,-0.14489,-0.0833,0.86085,-0.72,1.13,0.11,-0.15504,-0.1594,0.0242,0.97466,-0.73,1.14,0.15,0.33669,-0.13794,0.07426,0.92849,-0.74,1.12,0.16,0.51984,-0.0935,0.09241,0.84409,-0.74,1.1,0.18,0.51984,-0.0935,0.09241,0.84409,-0.69,1.08,0.09,-0.48062,-0.14489,-0.0833,0.86085,-0.7,1.13,0.12,-0.09451,-0.16095,-0.03537,0.98179,-0.71,1.14,0.16,0.43267,-0.15912,0.04112,0.88645,-0.72,1.12,0.17,0.70192,-0.11794,0.01935,0.70215,-0.72,1.09,0.17,0.70192,-0.11794,0.01935,0.70215,-0.68,1.08,0.1,-0.48062,-0.14489,-0.0833,0.86085,-0.68,1.12,0.12,-0.12056,-0.16031,-0.10418,0.97412,-0.69,1.13,0.16,0.51463,-0.21318,-0.02076,0.83023,-0.7,1.11,0.17,0.82309,-0.21281,0.03719,0.52522,-0.71,1.09,0.16,0.82309,-0.21281,0.03719,0.52522,-0.67,1.07,0.1,-0.40781,-0.12048,-0.32366,0.84523,-0.67,1.11,0.13,-0.28004,-0.13587,-0.2259,0.92309,-0.67,1.13,0.15,0.42393,-0.27093,-0.15805,0.84965,-0.68,1.11,0.16,0.76574,-0.35068,-0.02828,0.53839,-0.69,1.1,0.16,0.76574,-0.35068,-0.02828,0.53839,-0.81,1.08,0.19
-0.8,1.45,-0.16,-0.8,1.45,-0.16,-0.85,1.09,0.11,0.34442,-0.06337,-0.15752,-0.92333,-0.86,1.05,0.06,0.34442,-0.06337,-0.15752,-0.92333,-0.82,1.07,0.09,0.44579,-0.15258,0.51362,-0.71707,-0.8,1.09,0.11,0.20356,0.01126,0.45828,-0.86511,-0.8,1.1,0.14,0.08242,0.03342,0.5312,-0.84257,-0.8,1.11,0.16,0.08242,0.03342,0.5312,-0.84257,-0.84,1.08,0.09,0.34442,-0.06337,-0.15752,-0.92333,-0.83,1.12,0.13,0.04872,-0.0907,-0.09687,-0.98996,-0.83,1.12,0.17,-0.36975,-0.12818,-0.07547,-0.91715,-0.82,1.11,0.18,-0.53794,-0.11299,-0.05757,-0.83339,-0.81,1.09,0.19,-0.53794,-0.11299,-0.05757,-0.83339,-0.85,1.07,0.09,0.34442,-0.06337,-0.15752,-0.92333,-0.85,1.11,0.13,0.08462,-0.08371,-0.15645,-0.98049,-0.85,1.12,0.17,-0.33117,-0.1429,-0.12013,-0.92492,-0.84,1.11,0.19,-0.51465,-0.15044,-0.14942,-0.83077,-0.83,1.09,0.21,-0.51465,-0.15044,-0.14942,-0.83077,-0.87,1.07,0.09,0.34442,-0.06337,-0.15752,-0.92333,-0.87,1.1,0.13,0.14863,-0.06559,-0.2152,-0.96296,-0.87,1.11,0.17,-0.29188,-0.17156,-0.20181,-0.91905,-0.86,1.1,0.19,-0.51243,-0.23943,-0.1752,-0.80585,-0.84,1.09,0.2,-0.51243,-0.23943,-0.1752,-0.80585,-0.88,1.06,0.1,0.28128,-0.00596,-0.39083,-0.87641,-0.89,1.09,0.13,0.17504,-0.07179,-0.29167,-0.93762,-0.88,1.1,0.16,-0.24143,-0.17746,-0.30589,-0.90369,-0.88,1.09,0.18,-0.43755,-0.28924,-0.26367,-0.80954,-0.86,1.08,0.19,-0.43755,-0.28924,-0.26367,-0.80954,-0.7,1.1,0.11,-0.47009,-0.14733,-0.08437,0.86613,-0.68,1.05,0.07,-0.47009,-0.14733,-0.08437,0.86613,-0.72,1.07,0.09,-0.43463,-0.13194,0.67268,0.58412,-0.74,1.08,0.11,-0.23047,0.0869,0.61257,0.75105,-0.75,1.09,0.14,-0.04292,0.192,0.6477,0.73606,-0.74,1.1,0.16,-0.04292,0.192,0.6477,0.73606,-0.71,1.07,0.09,-0.47009,-0.14733,-0.08437,0.86613,-0.72,1.12,0.12,-0.14928,-0.16044,0.0204,0.97548,-0.73,1.13,0.15,0.3422,-0.14054,0.07138,0.92631,-0.74,1.12,0.17,0.52769,-0.09633,0.09066,0.83907,-0.74,1.1,0.18,0.52769,-0.09633,0.09066,0.83907,-0.69,1.07,0.09,-0.47009,-0.14733,-0.08437,0.86613,-0.7,1.13,0.12,-0.08516,-0.16192,-0.03741,0.98241,-0.71,1.13,0.16,0.44214,-0.16084,0.04007,0.8815,-0.72,1.11,0.17,0.71108,-0.11893,0.01925,0.69272,-0.72,1.09,0.17,0.71108,-0.11893,0.01925,0.69272,-0.68,1.07,0.1,-0.47009,-0.14733,-0.08437,0.86613,-0.68,1.12,0.13,-0.10949,-0.16083,-0.10551,0.9752,-0.7,1.13,0.16,0.51728,-0.21388,-0.02329,0.82833,-0.7,1.11,0.17,0.82456,-0.21441,0.03515,0.52239,-0.71,1.08,0.16,0.82456,-0.21441,0.03515,0.52239,-0.67,1.07,0.1,-0.39687,-0.11994,-0.32427,0.85027,-0.67,1.11,0.13,-0.26309,-0.13785,-0.22558,0.92784,-0.67,1.12,0.16,0.42912,-0.26894,-0.1597,0.84736,-0.68,1.11,0.17,0.76807,-0.34962,-0.03155,0.53558,-0.69,1.09,0.16,0.76807,-0.34962,-0.03155,0.53558,-0.81,1.08,0.19
-0.8,1.45,-0.16,-0.8,1.45,-0.16,-0.85,1.09,0.11,0.34287,-0.06393,-0.16028,-0.9234,-0.86,1.05,0.06,0.34287,-0.06393,-0.16028,-0.9234,-0.82,1.07,0.09,0.4411,-0.15137,0.5155,-0.71888,-0.8,1.09,0.11,0.20305,0.01108,0.45949,-0.86459,-0.8,1.1,0.14,0.08616,0.03071,0.53286,-0.84124,-0.8,1.11,0.16,0.08616,0.03071,0.53286,-0.84124,-0.84,1.08,0.09,0.34287,-0.06393,-0.16028,-0.9234,-0.83,1.12,0.13,0.03318,-0.0932,-0.09779,-0.99028,-0.83,1.12,0.17,-0.38928,-0.13087,-0.07458,-0.90872,-0.82,1.1,0.18,-0.55663,-0.11541,-0.05544,-0.82083,-0.81,1.08,0.19,-0.55663,-0.11541,-0.05544,-0.82083,-0.85,1.07,0.09,0.34287,-0.06393,-0.16028,-0.9234,-0.85,1.11,0.13,0.07088,-0.08687,-0.15782,-0.98108,-0.85,1.12,0.17,-0.35097,-0.14707,-0.11898,-0.91708,-0.84,1.1,0.19,-0.53887,-0.1537,-0.1466,-0.81517,-0.83,1.08,0.2,-0.53887,-0.1537,-0.1466,-0.81517,-0.87,1.07,0.09,0.34287,-0.06393,-0.16028,-0.9234,-0.87,1.1,0.13,0.13825,-0.06863,-0.21698,-0.9639,-0.87,1.11,0.17,-0.31135,-0.1767,-0.20059,-0.91192,-0.86,1.1,0.19,-0.5371,-0.24478,-0.17147,-0.7888,-0.84,1.08,0.2,-0.5371,-0.24478,-0.17147,-0.7888,-0.88,1.06,0.1,0.27927,-0.00622,-0.39328,-0.87595,-0.89,1.09,0.14,0.17239,-0.07389,-0.29371,-0.93731,-0.88,1.1,0.16,-0.25631,-0.18405,-0.30486,-0.89861,-0.87,1.09,0.18,-0.46234,-0.29856,-0.25809,-0.79404,-0.86,1.08,0.19,-0.46234,-0.29856,-0.25809,-0.79404,-0.7,1.1,0.11,-0.44028,-0.14844,-0.0787,0.882,-0.68,1.05,0.07,-0.44028,-0.14844,-0.0787,0.882,-0.72,1.07,0.1,-0.42583,-0.16766,0.66607,0.58899,-0.75,1.07,0.12,-0.22223,0.04809,0.61814,0.75247,-0.75,1.09,0.14,-0.04045,0.15166,0.66153,0.73331,-0.75,1.09,0.17,-0.04045,0.15166,0.66153,0.73331,-0.71,1.07,0.09,-0.44028,-0.14844,-0.0787,0.882,-0.73,1.12,0.12,-0.14758,-0.16125,0.01928,0.97563,-0.74,1.13,0.16,0.32038,-0.14347,0.06714,0.93395,-0.74,1.11,0.17,0.50464,-0.10058,0.08603,0.85313,-0.74,1.1,0.19,0.50464,-0.10058,0.08603,0.85313,-0.69,1.07,0.1,-0.44028,-0.14844,-0.0787,0.882,-0.7,1.12,0.13,-0.06883,-0.15892,-0.03503,0.98427,-0.72,1.13,0.17,0.44022,-0.15759,0.0375,0.88316,-0.72,1.11,0.18,0.70394,-0.11751,0.01531,0.70031,-0.73,1.08,0.18,0.70394,-0.11751,0.01531,0.70031,-0.68,1.07,0.1,-0.44028,-0.14844,-0.0787,0.882,-0.69,1.11,0.13,-0.09716,-0.15361,-0.10434,0.97779,-0.7,1.12,0.17,0.50203,-0.20641,-0.03306,0.83921,-0.71,1.1,0.18,0.80598,-0.21383,0.02058,0.55159,-0.71,1.08,0.17,0.80598,-0.21383,0.02058,0.55159,-0.67,1.07,0.11,-0.36828,-0.11251,-0.31786,0.86642,-0.67,1.1,0.14,-0.2428,-0.12871,-0.22048,0.93588,-0.67,1.12,0.16,0.4299,-0.25375,-0.16728,0.85019,-0.69,1.1,0.17,0.76017,-0.33967,-0.05078,0.55153,-0.7,1.09,0.16,0.76017,-0.33967,-0.05078,0.55153,-0.81,1.08,0.19
-0.8,1.45,-0.16,-0.8,1.45,-0.16,-0.85,1.09,0.11,0.33799,-0.06487,-0.16562,-0.92419,-0.86,1.05,0.06,0.33799,-0.06487,-0.16562,-0.92419,-0.82,1.07,0.09,0.43207,-0.15267,0.51756,-0.72259,-0.8,1.09,0.11,0.19674,0.0095,0.46172,-0.86488,-0.8,1.1,0.14,0.08233,0.02732,0.53523,-0.84024,-0.8,1.1,0.16,0.08233,0.02732,0.53523,-0.84024,-0.84,1.08,0.09,0.33799,-0.06487,-0.16562,-0.92419,-0.83,1.12,0.13,0.01218,-0.0987,-0.0996,-0.99005,-0.83,1.12,0.17,-0.41135,-0.13633,-0.07352,-0.89822,-0.82,1.1,0.18,-0.57721,-0.1205,-0.05256,-0.80595,-0.81,1.08,0.19,-0.57721,-0.1205,-0.05256,-0.80595,-0.85,1.07,0.09,0.33799,-0.06487,-0.16562,-0.92419,-0.85,1.11,0.13,0.05733,-0.09085,-0.16156,-0.981,-0.85,1.12,0.18,-0.36583,-0.15242,-0.12028,-0.9102,-0.84,1.1,0.19,-0.55493,-0.1585,-0.14621,-0.80347,-0.83,1.08,0.2,-0.55493,-0.1585,-0.14621,-0.80347,-0.87,1.07,0.09,0.33799,-0.06487,-0.16562,-0.92419,-0.87,1.1,0.14,0.1277,-0.07135,-0.22145,-0.96414,-0.87,1.11,0.17,-0.32522,-0.18163,-0.20273,-0.90562,-0.86,1.1,0.19,-0.55266,-0.25031,-0.17162,-0.77618,-0.84,1.08,0.2,-0.55266,-0.25031,-0.17162,-0.77618,-0.88,1.06,0.1,0.27359,-0.0061,-0.39792,-0.87566,-0.89,1.09,0.14,0.16651,-0.07458,-0.29877,-0.93672,-0.88,1.1,0.16,-0.27174,-0.18977,-0.30728,-0.89203,-0.87,1.09,0.18,-0.48384,-0.30692,-0.25685,-0.77828,-0.86,1.08,0.19,-0.48384,-0.30692,-0.25685,-0.77828,-0.7,1.1,0.11,-0.42529,-0.16334,-0.10083,0.88446,-0.68,1.05,0.07,-0.42529,-0.16334,-0.10083,0.88446,-0.72,1.07,0.09,-0.44903,-0.1961,0.6346,0.59766,-0.75,1.08,0.11,-0.25048,-0.0006,0.59537,0.76341,-0.76,1.09,0.14,-0.08616,0.08777,0.65411,0.74633,-0.76,1.09,0.16,-0.08616,0.08777,0.65411,0.74633,-0.71,1.07,0.09,-0.42529,-0.16334,-0.10083,0.88446,-0.73,1.12,0.12,-0.16078,-0.18102,-0.00501,0.97024,-0.74,1.13,0.16,0.27323,-0.17428,0.04861,0.94478,-0.75,1.12,0.17,0.44689,-0.13612,0.07035,0.88137,-0.75,1.1,0.19,0.44689,-0.13612,0.07035,0.88137,-0.7,1.07,0.1,-0.42529,-0.16334,-0.10083,0.88446,-0.7,1.12,0.13,-0.07055,-0.17922,-0.05364,0.97981,-0.72,1.13,0.17,0.42271,-0.18502,0.02888,0.88671,-0.73,1.11,0.18,0.67972,-0.14868,0.01451,0.71809,-0.73,1.08,0.18,0.67972,-0.14868,0.01451,0.71809,-0.68,1.07,0.1,-0.42529,-0.16334,-0.10083,0.88446,-0.69,1.11,0.13,-0.09761,-0.17152,-0.12294,0.9726,-0.7,1.12,0.17,0.48217,-0.23118,-0.04155,0.84401,-0.71,1.1,0.18,0.77956,-0.24196,0.0199,0.57737,-0.72,1.08,0.17,0.77956,-0.24196,0.0199,0.57737,-0.67,1.07,0.11,-0.34754,-0.12389,-0.33742,0.86604,-0.67,1.1,0.14,-0.23828,-0.14291,-0.23847,0.93056,-0.68,1.11,0.16,0.41178,-0.27226,-0.17669,0.85153,-0.69,1.1,0.17,0.73202,-0.36002,-0.05695,0.57558,-0.7,1.08,0.17,0.73202,-0.36002,-0.05695,0.57558,-0.81,1.08,0.19
-0.8,1.45,-0.16,-0.8,1.45,-0.16,-0.85,1.09,0.11,0.33738,-0.06114,-0.16594,-0.92461,-0.86,1.05,0.06,0.33738,-0.06114,-0.16594,-0.92461,-0.83,1.07,0.09,0.42286,-0.14806,0.52389,-0.72444,-0.8,1.09,0.11,0.19,0.01555,0.46644,-0.86377,-0.8,1.1,0.14,0.07574,0.03287,0.53893,-0.83829,-0.8,1.1,0.16,0.07574,0.03287,0.53893,-0.83829,-0.84,1.08,0.09,0.33738,-0.06114,-0.16594,-0.92461,-0.83,1.12,0.13,0.00275,-0.0971,-0.09932,-0.9903,-0.83,1.12,0.17,-0.4213,-0.13464,-0.07379,-0.89383,-0.82,1.1,0.18,-0.58643,-0.11884,-0.05279,-0.79949,-0.81,1.08,0.19,-0.58643,-0.11884,-0.05279,-0.79949,-0.85,1.07,0.09,0.33738,-0.06114,-0.16594,-0.92461,-0.86,1.11,0.13,0.05203,-0.08819,-0.16242,-0.98139,-0.85,1.12,0.18,-0.3737,-0.1507,-0.12171,-0.9071,-0.84,1.1,0.19,-0.56449,-0.1569,-0.14758,-0.79684,-0.83,1.08,0.2,-0.56449,-0.1569,-0.14758,-0.79684,-0.87,1.07,0.09,0.33738,-0.06114,-0.16594,-0.92461,-0.87,1.1,0.14,0.12407,-0.06825,-0.22237,-0.96462,-0.87,1.11,0.17,-0.33205,-0.17992,-0.20441,-0.9031,-0.86,1.1,0.19,-0.56166,-0.24944,-0.17309,-0.76965,-0.84,1.08,0.2,-0.56166,-0.24944,-0.17309,-0.76965,-0.88,1.06,0.1,0.27372,-0.00231,-0.39829,-0.87546,-0.89,1.08,0.14,0.16568,-0.07073,-0.29981,-0.93684,-0.88,1.1,0.16,-0.27844,-0.18875,-0.30887,-0.88963,-0.87,1.09,0.18,-0.49588,-0.30814,-0.2568,-0.7702,-0.86,1.08,0.19,-0.49588,-0.30814,-0.2568,-0.7702,-0.7,1.1,0.11,-0.41907,-0.17976,-0.1199,0.88187,-0.68,1.05,0.07,-0.41907,-0.17976,-0.1199,0.88187,-0.72,1.07,0.09,-0.46911,-0.20951,0.61125,0.60201,-0.75,1.08,0.11,-0.27243,-0.02682,0.57561,0.77054,-0.76,1.09,0.14,-0.12083,0.05035,0.64264,0.75491,-0.76,1.1,0.16,-0.12083,0.05035,0.64264,0.75491,-0.71,1.07,0.09,-0.41907,-0.17976,-0.1199,0.88187,-0.73,1.12,0.12,-0.17546,-0.2009,-0.02433,0.96346,-0.74,1.13,0.15,0.24853,-0.2012,0.03794,0.94674,-0.75,1.12,0.17,0.41841,-0.16526,0.06322,0.89086,-0.75,1.11,0.19,0.41841,-0.16526,0.06322,0.89086,-0.7,1.07,0.1,-0.41907,-0.17976,-0.1199,0.88187,-0.71,1.12,0.13,-0.09063,-0.19917,-0.07111,0.97317,-0.72,1.13,0.16,0.39259,-0.21149,0.02135,0.89481,-0.73,1.11,0.18,0.64485,-0.17941,0.01355,0.74283,-0.74,1.09,0.18,0.64485,-0.17941,0.01355,0.74283,-0.68,1.07,0.1,-0.41907,-0.17976,-0.1199,0.88187,-0.69,1.11,0.13,-0.12086,-0.1881,-0.14174,0.96432,-0.7,1.12,0.17,0.44127,-0.25555,-0.05153,0.85867,-0.71,1.11,0.18,0.73591,-0.27108,0.0169,0.62022,-0.72,1.08,0.18,0.73591,-0.27108,0.0169,0.62022,-0.67,1.07,0.11,-0.33549,-0.13921,-0.35417,0.86176,-0.67,1.1,0.14,-0.24954,-0.158,-0.25458,0.92084,-0.68,1.12,0.16,0.38017,-0.29163,-0.18437,0.85816,-0.69,1.11,0.17,0.69365,-0.3805,-0.06113,0.60855,-0.7,1.09,0.17,0.69365,-0.3805,-0.06113,0.60855,-0.81,1.08,0.19
-0.8,1.45,-0.15,-0.8,1.45,-0.15,-0.85,1.09,0.11,0.34053,-0.05555,-0.1632,-0.92429,-0.86,1.05,0.06,0.34053,-0.05555,-0.1632,-0.92429,-0.83,1.07,0.09,0.4164,-0.14227,0.53138,-0.72388,-0.8,1.09,0.11,0.18746,0.02234,0.47198,-0.86116,-0.8,1.1,0.14,0.07313,0.03978,0.54346,-0.8353,-0.8,1.1,0.17,0.07313,0.03978,0.54346,-0.8353,-0.84,1.08,0.09,0.34053,-0.05555,-0.1632,-0.92429,-0.83,1.12,0.13,0.00293,-0.0926,-0.09716,-0.99095,-0.83,1.12,0.17,-0.42397,-0.12988,-0.07338,-0.89331,-0.82,1.1,0.18,-0.59009,-0.11415,-0.05301,-0.79747,-0.82,1.08,0.19,-0.59009,-0.11415,-0.05301,-0.79747,-0.85,1.07,0.09,0.34053,-0.05555,-0.1632,-0.92429,-0.86,1.11,0.13,0.05111,-0.08287,-0.16105,-0.98213,-0.85,1.12,0.18,-0.38328,-0.14643,-0.12141,-0.90383,-0.84,1.1,0.19,-0.58128,-0.15299,-0.14727,-0.78551,-0.83,1.08,0.2,-0.58128,-0.15299,-0.14727,-0.78551,-0.87,1.07,0.09,0.34053,-0.05555,-0.1632,-0.92429,-0.87,1.1,0.14,0.1229,-0.06318,-0.22083,-0.96547,-0.87,1.11,0.17,-0.34473,-0.17716,-0.20345,-0.8991,-0.86,1.1,0.19,-0.58191,-0.2477,-0.17099,-0.7555,-0.84,1.08,0.2,-0.58191,-0.2477,-0.17099,-0.7555,-0.88,1.06,0.1,0.27832,0.00245,-0.39612,-0.875,-0.89,1.09,0.13,0.16888,-0.06398,-0.29882,-0.93707,-0.89,1.1,0.16,-0.29174,-0.188,-0.30838,-0.88569,-0.88,1.09,0.18,-0.52339,-0.31184,-0.25153,-0.75203,-0.86,1.08,0.19,-0.52339,-0.31184,-0.25153,-0.75203,-0.71,1.09,0.11,-0.37703,-0.20636,-0.11976,0.89494,-0.68,1.05,0.07,-0.37703,-0.20636,-0.11976,0.89494,-0.72,1.07,0.09,-0.46452,-0.25333,0.595,0.60499,-0.75,1.07,0.11,-0.27282,-0.0804,0.5717,0.76959,-0.77,1.09,0.13,-0.1422,-0.01687,0.64841,0.74771,-0.77,1.09,0.16,-0.1422,-0.01687,0.64841,0.74771,-0.71,1.07,0.09,-0.37703,-0.20636,-0.11976,0.89494,-0.73,1.12,0.12,-0.12925,-0.22963,-0.01531,0.96454,-0.75,1.13,0.16,0.2801,-0.22304,0.05512,0.93207,-0.76,1.11,0.17,0.44096,-0.1839,0.08367,0.87449,-0.76,1.1,0.19,0.44096,-0.1839,0.08367,0.87449,-0.7,1.07,0.1,-0.37703,-0.20636,-0.11976,0.89494,-0.71,1.12,0.13,-0.08974,-0.22053,-0.07143,0.96861,-0.73,1.13,0.17,0.35764,-0.23138,0.02281,0.90445,-0.74,1.11,0.19,0.58621,-0.20341,0.01566,0.78405,-0.75,1.09,0.19,0.58621,-0.20341,0.01566,0.78405,-0.68,1.07,0.1,-0.37703,-0.20636,-0.11976,0.89494,-0.69,1.11,0.14,-0.15062,-0.19748,-0.15007,0.95697,-0.71,1.12,0.17,0.36729,-0.26653,-0.0652,0.88871,-0.72,1.11,0.19,0.64585,-0.2914,-0.00105,0.70567,-0.73,1.08,0.19,0.64585,-0.2914,-0.00105,0.70567,-0.68,1.07,0.11,-0.28906,-0.15441,-0.35035,0.87741,-0.68,1.1,0.14,-0.27721,-0.15537,-0.25809,0.91236,-0.68,1.11,0.17,0.30863,-0.28515,-0.20077,0.88495,-0.7,1.1,0.18,0.60723,-0.37995,-0.09156,0.69176,-0.71,1.09,0.18,0.60723,-0.37995,-0.09156,0.69176,-0.81,1.08,0.19
-0.8,1.45,-0.15,-0.8,1.45,-0.15,-0.85,1.09,0.11,0.34317,-0.04884,-0.14731,-0.92636,-0.86,1.06,0.06,0.34317,-0.04884,-0.14731,-0.92636,-0.83,1.07,0.09,0.40744,-0.13842,0.5472,-0.71792,-0.8,1.09,0.11,0.18298,0.03051,0.48664,-0.85368,-0.8,1.1,0.14,0.06964,0.0483,0.55657,-0.82647,-0.8,1.1,0.17,0.06964,0.0483,0.55657,-0.82647,-0.84,1.08,0.09,0.34317,-0.04884,-0.14731,-0.92636,-0.83,1.12,0.13,0.00887,-0.08116,-0.08437,-0.99308,-0.83,1.12,0.17,-0.4179,-0.11412,-0.06694,-0.89881,-0.82,1.1,0.18,-0.58526,-0.09748,-0.04986,-0.80342,-0.82,1.08,0.19,-0.58526,-0.09748,-0.04986,-0.80342,-0.85,1.07,0.09,0.34317,-0.04884,-0.14731,-0.92636,-0.86,1.11,0.13,0.0542,-0.07151,-0.1481,-0.98489,-0.85,1.12,0.18,-0.38139,-0.13058,-0.11477,-0.90792,-0.84,1.1,0.19,-0.58216,-0.13656,-0.14436,-0.78842,-0.83,1.08,0.2,-0.58216,-0.13656,-0.14436,-0.78842,-0.87,1.07,0.09,0.34317,-0.04884,-0.14731,-0.92636,-0.87,1.1,0.13,0.1261,-0.05254,-0.20749,-0.96865,-0.87,1.11,0.17,-0.3452,-0.16212,-0.19645,-0.90331,-0.86,1.1,0.19,-0.58734,-0.23203,-0.16776,-0.757,-0.85,1.08,0.2,-0.58734,-0.23203,-0.16776,-0.757,-0.88,1.06,0.1,0.28446,0.00898,-0.38166,-0.8794,-0.89,1.09,0.13,0.17357,-0.05272,-0.28581,-0.94096,-0.89,1.1,0.16,-0.29294,-0.17383,-0.30173,-0.89046,-0.88,1.09,0.18,-0.53155,-0.29813,-0.24759,-0.75318,-0.86,1.08,0.18,-0.53155,-0.29813,-0.24759,-0.75318,-0.71,1.09,0.12,-0.34453,-0.21132,-0.12288,0.90639,-0.68,1.05,0.07,-0.34453,-0.21132,-0.12288,0.90639,-0.72,1.07,0.09,-0.45319,-0.27356,0.58113,0.61812,-0.75,1.07,0.1,-0.26079,-0.10583,0.56279,0.77721,-0.77,1.08,0.13,-0.14147,-0.05263,0.64331,0.75058,-0.77,1.09,0.16,-0.14147,-0.05263,0.64331,0.75058,-0.71,1.07,0.09,-0.34453,-0.21132,-0.12288,0.90639,-0.73,1.11,0.13,-0.09225,-0.23985,-0.01402,0.96632,-0.75,1.12,0.16,0.30549,-0.2315,0.05789,0.92181,-0.76,1.1,0.18,0.45947,-0.19198,0.08746,0.86277,-0.76,1.09,0.19,0.45947,-0.19198,0.08746,0.86277,-0.7,1.07,0.1,-0.34453,-0.21132,-0.12288,0.90639,-0.71,1.11,0.13,-0.06483,-0.22768,-0.07269,0.96885,-0.73,1.12,0.17,0.35197,-0.23869,0.01747,0.9049,-0.74,1.1,0.19,0.55433,-0.21434,0.00786,0.80419,-0.75,1.08,0.2,0.55433,-0.21434,0.00786,0.80419,-0.68,1.07,0.1,-0.34453,-0.21132,-0.12288,0.90639,-0.7,1.1,0.14,-0.16077,-0.19143,-0.16126,0.95473,-0.71,1.12,0.17,0.32266,-0.26462,-0.087,0.9046,-0.72,1.1,0.19,0.57392,-0.29906,-0.03205,0.76168,-0.73,1.08,0.2,0.57392,-0.29906,-0.03205,0.76168,-0.68,1.07,0.11,-0.25593,-0.15095,-0.35109,0.88795,-0.68,1.09,0.15,-0.32241,-0.12504,-0.26861,0.89903,-0.68,1.11,0.17,0.21377,-0.25863,-0.23782,0.91151,-0.69,1.11,0.18,0.48739,-0.36425,-0.14854,0.77956,-0.71,1.09,0.19,0.48739,-0.36425,-0.14854,0.77956,-0.81,1.08,0.19
-0.8,1.45,-0.15,-0.8,1.45,-0.15,-0.85,1.09,0.11,0.31782,-0.05496,-0.12,-0.93892,-0.86,1.06,0.06,0.31782,-0.05496,-0.12,-0.93892,-0.82,1.07,0.09,0.39032,-0.16842,0.55992,-0.71118,-0.8,1.08,0.11,0.16604,0.00744,0.50904,-0.84454,-0.8,1.09,0.14,0.05977,0.02299,0.58003,-0.81208,-0.8,1.09,0.17,0.05977,0.02299,0.58003,-0.81208,-0.84,1.07,0.09,0.31782,-0.05496,-0.12,-0.93892,-0.83,1.11,0.14,0.03111,-0.07916,-0.05928,-0.99461,-0.83,1.11,0.17,-0.34705,-0.09945,-0.0508,-0.93117,-0.82,1.1,0.19,-0.51365,-0.08004,-0.03985,-0.85333,-0.82,1.08,0.2,-0.51365,-0.08004,-0.03985,-0.85333,-0.85,1.07,0.09,0.31782,-0.05496,-0.12,-0.93892,-0.85,1.11,0.14,0.07607,-0.06179,-0.12382,-0.98745,-0.85,1.12,0.18,-0.32232,-0.10723,-0.10185,-0.93501,-0.84,1.1,0.2,-0.51205,-0.11321,-0.13891,-0.84006,-0.83,1.08,0.21,-0.51205,-0.11321,-0.13891,-0.84006,-0.87,1.07,0.09,0.31782,-0.05496,-0.12,-0.93892,-0.87,1.1,0.14,0.14803,-0.03884,-0.18301,-0.97113,-0.87,1.11,0.17,-0.29689,-0.13375,-0.18492,-0.92724,-0.86,1.1,0.19,-0.5316,-0.20067,-0.16669,-0.80582,-0.85,1.08,0.2,-0.5316,-0.20067,-0.16669,-0.80582,-0.88,1.06,0.1,0.26225,0.01058,-0.35415,-0.8976,-0.89,1.08,0.14,0.18274,-0.03628,-0.25958,-0.94758,-0.89,1.1,0.16,-0.25937,-0.13961,-0.28991,-0.9106,-0.88,1.09,0.18,-0.48365,-0.25653,-0.25124,-0.79822,-0.86,1.07,0.19,-0.48365,-0.25653,-0.25124,-0.79822,-0.7,1.09,0.12,-0.32063,-0.20297,-0.12141,0.9172,-0.68,1.05,0.07,-0.32063,-0.20297,-0.12141,0.9172,-0.72,1.06,0.09,-0.43653,-0.28121,0.5754,0.63189,-0.75,1.07,0.11,-0.24428,-0.1159,0.55821,0.78441,-0.76,1.08,0.13,-0.12926,-0.0681,0.63977,0.75456,-0.77,1.08,0.16,-0.12926,-0.0681,0.63977,0.75456,-0.71,1.07,0.09,-0.32063,-0.20297,-0.12141,0.9172,-0.73,1.11,0.13,-0.05575,-0.23684,-0.00929,0.9699,-0.75,1.11,0.16,0.34727,-0.22547,0.06254,0.9081,-0.76,1.1,0.18,0.50001,-0.18467,0.09267,0.84101,-0.76,1.08,0.19,0.50001,-0.18467,0.09267,0.84101,-0.7,1.07,0.1,-0.32063,-0.20297,-0.12141,0.9172,-0.71,1.11,0.14,-0.02461,-0.22475,-0.06661,0.97182,-0.73,1.11,0.17,0.37757,-0.23325,0.01855,0.89593,-0.74,1.09,0.19,0.56638,-0.20791,0.00638,0.79746,-0.75,1.07,0.2,0.56638,-0.20791,0.00638,0.79746,-0.68,1.07,0.1,-0.32063,-0.20297,-0.12141,0.9172,-0.69,1.1,0.14,-0.13113,-0.18185,-0.15931,0.96143,-0.71,1.11,0.18,0.34403,-0.25346,-0.09249,0.89936,-0.72,1.1,0.19,0.585,-0.28947,-0.04331,0.75637,-0.73,1.08,0.2,0.585,-0.28947,-0.04331,0.75637,-0.67,1.06,0.11,-0.23453,-0.13637,-0.3487,0.89711,-0.68,1.09,0.15,-0.31006,-0.09546,-0.26839,0.90704,-0.68,1.11,0.17,0.22673,-0.23253,-0.25349,0.91119,-0.69,1.1,0.19,0.4927,-0.34355,-0.17483,0.78016,-0.7,1.09,0.19,0.4927,-0.34355,-0.17483,0.78016,-0.81,1.08,0.19
-0.8,1.45,-0.15,-0.8,1.45,-0.15,-0.85,1.09,0.12,0.27922,-0.06409,-0.10111,-0.95274,-0.86,1.05,0.06,0.27922,-0.06409,-0.10111,-0.95274,-0.82,1.07,0.09,0.39266,-0.20852,0.53891,-0.71549,-0.8,1.08,0.11,0.16108,-0.03587,0.50094,-0.8496,-0.79,1.08,0.14,0.0678,-0.02801,0.57663,-0.81371,-0.79,1.09,0.17,0.0678,-0.02801,0.57663,-0.81371,-0.83,1.07,0.09,0.27922,-0.06409,-0.10111,-0.95274,-0.83,1.1,0.14,0.06289,-0.08413,-0.04489,-0.99345,-0.82,1.11,0.18,-0.24167,-0.09628,-0.04339,-0.96459,-0.82,1.1,0.2,-0.39431,-0.07553,-0.03837,-0.91507,-0.81,1.08,0.21,-0.39431,-0.07553,-0.03837,-0.91507,-0.85,1.07,0.09,0.27922,-0.06409,-0.10111,-0.95274,-0.85,1.1,0.14,0.11024,-0.0541,-0.10886,-0.98644,-0.85,1.11,0.18,-0.23691,-0.08946,-0.09619,-0.96261,-0.84,1.1,0.2,-0.39171,-0.09579,-0.13853,-0.90454,-0.83,1.09,0.22,-0.39171,-0.09579,-0.13853,-0.90454,-0.87,1.07,0.1,0.27922,-0.06409,-0.10111,-0.95274,-0.87,1.09,0.14,0.18811,-0.02437,-0.16639,-0.96764,-0.87,1.11,0.18,-0.2072,-0.10561,-0.18067,-0.95566,-0.86,1.1,0.2,-0.40859,-0.16794,-0.17323,-0.88025,-0.85,1.08,0.21,-0.40859,-0.16794,-0.17323,-0.88025,-0.88,1.06,0.1,0.22539,0.01201,-0.33315,-0.91546,-0.88,1.08,0.14,0.20854,-0.01925,-0.23776,-0.94848,-0.88,1.09,0.17,-0.17121,-0.09819,-0.28288,-0.93863,-0.88,1.09,0.18,-0.35054,-0.20049,-0.26249,-0.87637,-0.87,1.08,0.2,-0.35054,-0.20049,-0.26249,-0.87637,-0.7,1.09,0.12,-0.30153,-0.1956,-0.12697,0.9245,-0.68,1.05,0.07,-0.30153,-0.1956,-0.12697,0.9245,-0.72,1.06,0.09,-0.42467,-0.29036,0.56548,0.64465,-0.75,1.07,0.11,-0.23674,-0.13205,0.54878,0.79079,-0.76,1.08,0.13,-0.12605,-0.08873,0.63239,0.75916,-0.77,1.08,0.16,-0.12605,-0.08873,0.63239,0.75916,-0.71,1.07,0.09,-0.30153,-0.1956,-0.12697,0.9245,-0.73,1.11,0.13,-0.03644,-0.23461,-0.01571,0.97128,-0.75,1.11,0.17,0.38046,-0.22458,0.05946,0.89514,-0.76,1.09,0.18,0.53689,-0.18344,0.09203,0.81831,-0.76,1.07,0.19,0.53689,-0.18344,0.09203,0.81831,-0.7,1.07,0.1,-0.30153,-0.1956,-0.12697,0.9245,-0.71,1.11,0.14,0.00818,-0.22226,-0.06962,0.97247,-0.73,1.11,0.18,0.40378,-0.23184,0.01374,0.88489,-0.74,1.09,0.19,0.58685,-0.20599,0.00142,0.78305,-0.75,1.07,0.2,0.58685,-0.20599,0.00142,0.78305,-0.68,1.07,0.1,-0.30153,-0.1956,-0.12697,0.9245,-0.69,1.1,0.14,-0.08945,-0.17825,-0.16084,0.96662,-0.7,1.11,0.18,0.38146,-0.2492,-0.09671,0.88489,-0.72,1.09,0.19,0.61668,-0.28549,-0.04938,0.73196,-0.73,1.07,0.2,0.61668,-0.28549,-0.04938,0.73196,-0.67,1.06,0.11,-0.21665,-0.12435,-0.35305,0.90164,-0.68,1.08,0.15,-0.28054,-0.08026,-0.27239,0.91687,-0.68,1.1,0.17,0.27357,-0.2242,-0.26166,0.89801,-0.69,1.09,0.19,0.53613,-0.33851,-0.18597,0.75059,-0.7,1.08,0.19,0.53613,-0.33851,-0.18597,0.75059,-0.81,1.08,0.19
-0.8,1.45,-0.15,-0.8,1.45,-0.15,-0.85,1.08,0.12,0.24657,-0.07187,-0.09728,-0.96155,-0.86,1.06,0.06,0.24657,-0.07187,-0.09728,-0.96155,-0.82,1.06,0.09,0.41149,-0.22257,0.49415,-0.73277,-0.8,1.08,0.11,0.16633,-0.06118,0.46121,-0.86941,-0.79,1.08,0.14,0.07507,-0.05662,0.54109,-0.83569,-0.79,1.09,0.16,0.07507,-0.05662,0.54109,-0.83569,-0.83,1.07,0.09,0.24657,-0.07187,-0.09728,-0.96155,-0.83,1.1,0.14,0.0498,-0.08673,-0.04396,-0.99401,-0.82,1.1,0.18,-0.22914,-0.097,-0.04436,-0.96753,-0.81,1.09,0.2,-0.36671,-0.07571,-0.04118,-0.92633,-0.81,1.08,0.21,-0.36671,-0.07571,-0.04118,-0.92633,-0.85,1.07,0.09,0.24657,-0.07187,-0.09728,-0.96155,-0.85,1.1,0.14,0.12407,-0.04782,-0.10849,-0.98516,-0.84,1.11,0.18,-0.21359,-0.08263,-0.09881,-0.9684,-0.84,1.1,0.21,-0.35601,-0.08934,-0.14241,-0.91924,-0.83,1.09,0.23,-0.35601,-0.08934,-0.14241,-0.91924,-0.87,1.07,0.1,0.24657,-0.07187,-0.09728,-0.96155,-0.87,1.09,0.14,0.21531,-0.01945,-0.1623,-0.96277,-0.87,1.11,0.18,-0.17526,-0.09966,-0.17876,-0.96302,-0.86,1.1,0.2,-0.36739,-0.16057,-0.17303,-0.89961,-0.85,1.09,0.22,-0.36739,-0.16057,-0.17303,-0.89961,-0.87,1.06,0.1,0.19255,0.01254,-0.32653,-0.92528,-0.88,1.08,0.14,0.23357,-0.01472,-0.22879,-0.94493,-0.88,1.09,0.17,-0.12596,-0.08666,-0.27767,-0.94843,-0.88,1.09,0.19,-0.29992,-0.18619,-0.25906,-0.89904,-0.87,1.08,0.2,-0.29992,-0.18619,-0.25906,-0.89904,-0.7,1.09,0.12,-0.28894,-0.18555,-0.13334,0.92968,-0.68,1.05,0.07,-0.28894,-0.18555,-0.13334,0.92968,-0.72,1.06,0.09,-0.41444,-0.29562,0.55753,0.65575,-0.75,1.07,0.11,-0.23136,-0.14367,0.5401,0.79632,-0.76,1.08,0.14,-0.12601,-0.10556,0.62507,0.76306,-0.77,1.08,0.16,-0.12601,-0.10556,0.62507,0.76306,-0.71,1.07,0.09,-0.28894,-0.18555,-0.13334,0.92968,-0.73,1.11,0.14,-0.04534,-0.22644,-0.03112,0.97247,-0.75,1.11,0.17,0.36919,-0.22402,0.0412,0.90101,-0.75,1.09,0.18,0.52899,-0.18608,0.07405,0.82466,-0.76,1.07,0.19,0.52899,-0.18608,0.07405,0.82466,-0.7,1.07,0.1,-0.28894,-0.18555,-0.13334,0.92968,-0.71,1.11,0.14,0.00614,-0.20892,-0.0852,0.9742,-0.73,1.11,0.18,0.41154,-0.22602,-0.00363,0.88291,-0.74,1.09,0.2,0.59736,-0.20307,-0.01606,0.77567,-0.74,1.07,0.2,0.59736,-0.20307,-0.01606,0.77567,-0.68,1.07,0.11,-0.28894,-0.18555,-0.13334,0.92968,-0.69,1.1,0.15,-0.05906,-0.16882,-0.16683,0.96963,-0.7,1.1,0.18,0.42462,-0.24418,-0.10299,0.86572,-0.72,1.09,0.2,0.6601,-0.28119,-0.05531,0.69436,-0.73,1.06,0.2,0.6601,-0.28119,-0.05531,0.69436,-0.67,1.06,0.11,-0.20555,-0.1114,-0.35871,0.9037,-0.68,1.08,0.15,-0.22254,-0.07881,-0.27618,0.93166,-0.68,1.1,0.18,0.3741,-0.23248,-0.25658,0.86033,-0.69,1.09,0.19,0.63355,-0.34628,-0.1767,0.66894,-0.7,1.07,0.19,0.63355,-0.34628,-0.1767,0.66894,-0.81,1.08,0.19
-0.8,1.45,-0.15,-0.8,1.45,-0.15,-0.85,1.08,0.12,0.22883,-0.07501,-0.10427,-0.96495,-0.86,1.06,0.06,0.22883,-0.07501,-0.10427,-0.96495,-0.82,1.07,0.09,0.41404,-0.22924,0.47077,-0.74457,-0.8,1.08,0.11,0.16057,-0.07285,0.44054,-0.88025,-0.79,1.09,0.14,0.06284,-0.06626,0.52207,-0.848,-0.79,1.09,0.16,0.06284,-0.06626,0.52207,-0.848,-0.83,1.07,0.09,0.22883,-0.07501,-0.10427,-0.96495,-0.83,1.1,0.14,0.02408,-0.08271,-0.0532,-0.99486,-0.82,1.1,0.18,-0.26279,-0.09551,-0.05348,-0.95862,-0.81,1.09,0.2,-0.40424,-0.0755,-0.04893,-0.91022,-0.81,1.07,0.21,-0.40424,-0.0755,-0.04893,-0.91022,-0.85,1.07,0.09,0.22883,-0.07501,-0.10427,-0.96495,-0.85,1.1,0.14,0.10184,-0.04586,-0.11609,-0.98694,-0.84,1.11,0.19,-0.24662,-0.0843,-0.10566,-0.95964,-0.84,1.1,0.21,-0.39349,-0.09079,-0.14861,-0.90268,-0.83,1.08,0.23,-0.39349,-0.09079,-0.14861,-0.90268,-0.87,1.07,0.1,0.22883,-0.07501,-0.10427,-0.96495,-0.87,1.09,0.14,0.20398,-0.01985,-0.16845,-0.96417,-0.87,1.1,0.18,-0.20099,-0.10473,-0.18317,-0.9566,-0.86,1.1,0.2,-0.39686,-0.16682,-0.17634,-0.8852,-0.85,1.08,0.22,-0.39686,-0.16682,-0.17634,-0.8852,-0.87,1.06,0.1,0.17369,0.01353,-0.33146,-0.92725,-0.88,1.08,0.14,0.22616,-0.02006,-0.23331,-0.94553,-0.88,1.09,0.17,-0.14046,-0.09472,-0.27945,-0.94509,-0.88,1.08,0.19,-0.32299,-0.19691,-0.25822,-0.88895,-0.87,1.08,0.2,-0.32299,-0.19691,-0.25822,-0.88895,-0.7,1.09,0.12,-0.31421,-0.18323,-0.1363,0.92148,-0.68,1.06,0.07,-0.31421,-0.18323,-0.1363,0.92148,-0.72,1.07,0.09,-0.43533,-0.2795,0.5561,0.65048,-0.75,1.08,0.11,-0.25708,-0.1326,0.53331,0.79493,-0.76,1.09,0.13,-0.15001,-0.0924,0.61839,0.76587,-0.77,1.09,0.16,-0.15001,-0.0924,0.61839,0.76587,-0.71,1.07,0.09,-0.31421,-0.18323,-0.1363,0.92148,-0.73,1.11,0.13,-0.08772,-0.223,-0.03851,0.9701,-0.74,1.12,0.17,0.32612,-0.22516,0.03244,0.91755,-0.75,1.1,0.18,0.49068,-0.1891,0.06458,0.84812,-0.76,1.09,0.19,0.49068,-0.1891,0.06458,0.84812,-0.69,1.07,0.1,-0.31421,-0.18323,-0.1363,0.92148,-0.71,1.11,0.14,-0.04465,-0.20016,-0.09786,0.97384,-0.72,1.12,0.18,0.37759,-0.22417,-0.01564,0.89829,-0.73,1.1,0.19,0.57643,-0.20568,-0.02738,0.79037,-0.74,1.08,0.2,0.57643,-0.20568,-0.02738,0.79037,-0.68,1.07,0.1,-0.31421,-0.18323,-0.1363,0.92148,-0.69,1.1,0.14,-0.09045,-0.16477,-0.17418,0.96661,-0.7,1.11,0.18,0.41718,-0.24792,-0.10521,0.868,-0.71,1.09,0.19,0.66783,-0.28568,-0.05154,0.68537,-0.72,1.07,0.19,0.66783,-0.28568,-0.05154,0.68537,-0.67,1.07,0.11,-0.23023,-0.1156,-0.36347,0.89528,-0.67,1.09,0.15,-0.24403,-0.08019,-0.2822,0.92433,-0.67,1.1,0.17,0.38042,-0.24664,-0.25378,0.85443,-0.69,1.09,0.18,0.65937,-0.36274,-0.1587,0.63911,-0.7,1.08,0.18,0.65937,-0.36274,-0.1587,0.63911,-0.81,1.08,0.19
-0.8,1.45,-0.15,-0.8,1.45,-0.15,-0.85,1.09,0.12,0.23662,-0.06702,-0.12021,-0.9618,-0.86,1.06,0.06,0.23662,-0.06702,-0.12021,-0.9618,-0.82,1.07,0.09,0.42184,-0.21466,0.45903,-0.75184,-0.8,1.08,0.11,0.1727,-0.06616,0.42309,-0.88701,-0.79,1.09,0.14,0.071,-0.05847,0.5053,-0.85803,-0.79,1.1,0.16,0.071,-0.05847,0.5053,-0.85803,-0.83,1.07,0.09,0.23662,-0.06702,-0.12021,-0.9618,-0.83,1.1,0.14,0.00264,-0.07278,-0.07068,-0.99484,-0.82,1.1,0.18,-0.32365,-0.0935,-0.06904,-0.93901,-0.82,1.09,0.2,-0.47091,-0.07599,-0.06188,-0.87672,-0.81,1.07,0.21,-0.47091,-0.07599,-0.06188,-0.87672,-0.85,1.07,0.09,0.23662,-0.06702,-0.12021,-0.9618,-0.85,1.1,0.14,0.06438,-0.0451,-0.13138,-0.98821,-0.85,1.11,0.19,-0.33346,-0.0948,-0.11539,-0.93086,-0.84,1.09,0.21,-0.49889,-0.10035,-0.15504,-0.84676,-0.83,1.07,0.22,-0.49889,-0.10035,-0.15504,-0.84676,-0.87,1.07,0.1,0.23662,-0.06702,-0.12021,-0.9618,-0.87,1.09,0.14,0.18074,-0.01672,-0.18447,-0.96593,-0.87,1.11,0.18,-0.27912,-0.11883,-0.19389,-0.93294,-0.86,1.09,0.2,-0.48824,-0.18455,-0.18293,-0.83312,-0.85,1.08,0.21,-0.48824,-0.18455,-0.18293,-0.83312,-0.87,1.06,0.1,0.1807,0.01891,-0.34748,-0.91992,-0.88,1.08,0.14,0.22028,-0.01941,-0.24926,-0.94285,-0.88,1.09,0.17,-0.18815,-0.11257,-0.29126,-0.93118,-0.88,1.09,0.19,-0.39032,-0.22318,-0.26325,-0.85355,-0.87,1.07,0.2,-0.39032,-0.22318,-0.26325,-0.85355,-0.7,1.1,0.12,-0.33195,-0.17957,-0.13425,0.91626,-0.68,1.06,0.07,-0.33195,-0.17957,-0.13425,0.91626,-0.72,1.07,0.09,-0.44685,-0.26686,0.55908,0.6454,-0.75,1.08,0.11,-0.27046,-0.12073,0.53288,0.79267,-0.76,1.09,0.13,-0.15556,-0.07404,0.61726,0.76766,-0.77,1.09,0.15,-0.15556,-0.07404,0.61726,0.76766,-0.71,1.08,0.09,-0.33195,-0.17957,-0.13425,0.91626,-0.73,1.12,0.13,-0.10675,-0.2171,-0.03796,0.96955,-0.74,1.12,0.16,0.31137,-0.21996,0.0313,0.92395,-0.75,1.11,0.18,0.47999,-0.18413,0.06272,0.85543,-0.76,1.09,0.19,0.47999,-0.18413,0.06272,0.85543,-0.69,1.07,0.1,-0.33195,-0.17957,-0.13425,0.91626,-0.71,1.12,0.14,-0.0698,-0.19362,-0.09994,0.97347,-0.72,1.12,0.17,0.35882,-0.21955,-0.01927,0.90701,-0.73,1.11,0.19,0.56409,-0.20313,-0.03164,0.79971,-0.74,1.09,0.2,0.56409,-0.20313,-0.03164,0.79971,-0.68,1.07,0.1,-0.33195,-0.17957,-0.13425,0.91626,-0.69,1.11,0.14,-0.12708,-0.15724,-0.1779,0.96306,-0.7,1.12,0.18,0.38835,-0.24537,-0.11032,0.88137,-0.71,1.1,0.19,0.6477,-0.28582,-0.05555,0.70407,-0.72,1.08,0.19,0.6477,-0.28582,-0.05555,0.70407,-0.67,1.07,0.11,-0.24854,-0.11643,-0.36296,0.89047,-0.67,1.09,0.15,-0.28229,-0.07057,-0.28356,0.91374,-0.67,1.11,0.17,0.35284,-0.24594,-0.2579,0.86516,-0.68,1.1,0.18,0.64584,-0.36565,-0.15742,0.65147,-0.7,1.09,0.18,0.64584,-0.36565,-0.15742,0.65147,-0.81,1.08,0.19
-0.8,1.45,-0.15,-0.8,1.45,-0.15,-0.85,1.09,0.12,0.26055,-0.05626,-0.1328,-0.95463,-0.86,1.06,0.06,0.26055,-0.05626,-0.1328,-0.95463,-0.82,1.07,0.09,0.43469,-0.19231,0.45853,-0.75088,-0.8,1.09,0.11,0.2049,-0.05488,0.41309,-0.88564,-0.79,1.1,0.14,0.1057,-0.0473,0.496,-0.86057,-0.79,1.1,0.16,0.1057,-0.0473,0.496,-0.86057,-0.83,1.08,0.09,0.26055,-0.05626,-0.1328,-0.95463,-0.83,1.11,0.14,0.00923,-0.0601,-0.08735,-0.99432,-0.82,1.11,0.18,-0.3443,-0.08971,-0.08625,-0.93058,-0.82,1.1,0.2,-0.49267,-0.07505,-0.07859,-0.8634,-0.81,1.08,0.21,-0.49267,-0.07505,-0.07859,-0.8634,-0.85,1.07,0.09,0.26055,-0.05626,-0.1328,-0.95463,-0.85,1.11,0.14,0.03082,-0.0467,-0.14342,-0.98808,-0.85,1.11,0.19,-0.40508,-0.10613,-0.12125,-0.89997,-0.84,1.09,0.2,-0.58765,-0.11088,-0.1565,-0.78606,-0.83,1.07,0.21,-0.58765,-0.11088,-0.1565,-0.78606,-0.87,1.07,0.1,0.26055,-0.05626,-0.1328,-0.95463,-0.87,1.1,0.14,0.13518,-0.02058,-0.19768,-0.97068,-0.87,1.11,0.18,-0.35622,-0.13386,-0.20048,-0.90277,-0.86,1.09,0.2,-0.57492,-0.20201,-0.18422,-0.77118,-0.85,1.07,0.21,-0.57492,-0.20201,-0.18422,-0.77118,-0.87,1.07,0.1,0.20446,0.02314,-0.36173,-0.90929,-0.88,1.08,0.14,0.2049,-0.02423,-0.26369,-0.94228,-0.88,1.09,0.17,-0.23236,-0.13108,-0.29934,-0.91609,-0.88,1.09,0.19,-0.44181,-0.24614,-0.26568,-0.82075,-0.86,1.08,0.2,-0.44181,-0.24614,-0.26568,-0.82075,-0.7,1.1,0.11,-0.33653,-0.18072,-0.131,0.91484,-0.68,1.06,0.07,-0.33653,-0.18072,-0.131,0.91484,-0.72,1.07,0.09,-0.44753,-0.26629,0.56406,0.64082,-0.75,1.08,0.1,-0.27178,-0.11863,0.53803,0.78904,-0.76,1.09,0.13,-0.15081,-0.06627,0.62193,0.76556,-0.77,1.09,0.15,-0.15081,-0.06627,0.62193,0.76556,-0.71,1.08,0.09,-0.33653,-0.18072,-0.131,0.91484,-0.73,1.12,0.13,-0.10682,-0.21499,-0.03482,0.97013,-0.74,1.13,0.16,0.32445,-0.21626,0.03633,0.92013,-0.75,1.11,0.18,0.4956,-0.17918,0.06818,0.84713,-0.76,1.09,0.19,0.4956,-0.17918,0.06818,0.84713,-0.69,1.07,0.09,-0.33653,-0.18072,-0.131,0.91484,-0.71,1.12,0.13,-0.06566,-0.19544,-0.09431,0.97396,-0.72,1.12,0.17,0.36976,-0.21881,-0.01175,0.90292,-0.73,1.11,0.19,0.57506,-0.19995,-0.02414,0.79294,-0.74,1.09,0.2,0.57506,-0.19995,-0.02414,0.79294,-0.68,1.07,0.1,-0.33653,-0.18072,-0.131,0.91484,-0.69,1.11,0.14,-0.133,-0.15821,-0.17477,0.96267,-0.7,1.12,0.17,0.38692,-0.24525,-0.10609,0.88255,-0.71,1.1,0.19,0.64634,-0.28443,-0.0517,0.70616,-0.72,1.08,0.19,0.64634,-0.28443,-0.0517,0.70616,-0.67,1.07,0.11,-0.25322,-0.11863,-0.36014,0.89,-0.67,1.09,0.14,-0.30559,-0.06551,-0.28164,0.9072,-0.67,1.11,0.17,0.33543,-0.24428,-0.25796,0.87251,-0.68,1.1,0.18,0.63287,-0.36448,-0.1572,0.66477,-0.7,1.09,0.18,0.63287,-0.36448,-0.1572,0.66477,-0.81,1.08,0.19
-0.8,1.45,-0.15,-0.8,1.45,-0.15,-0.85,1.1,0.12,0.29261,-0.05877,-0.15572,-0.94163,-0.86,1.06,0.06,0.29261,-0.05877,-0.15572,-0.94163,-0.82,1.08,0.09,0.45179,-0.1818,0.46055,-0.74211,-0.8,1.09,0.11,0.22699,-0.04717,0.4117,-0.88134,-0.79,1.11,0.14,0.13307,-0.04095,0.49495,-0.8577,-0.79,1.11,0.16,0.13307,-0.04095,0.49495,-0.8577,-0.83,1.08,0.09,0.29261,-0.05877,-0.15572,-0.94163,-0.83,1.12,0.14,0.03762,-0.07473,-0.10568,-0.99087,-0.83,1.12,0.17,-0.29944,-0.10875,-0.10013,-0.94259,-0.82,1.11,0.19,-0.4424,-0.09557,-0.09158,-0.887,-0.81,1.09,0.21,-0.4424,-0.09557,-0.09158,-0.887,-0.85,1.08,0.09,0.29261,-0.05877,-0.15572,-0.94163,-0.85,1.11,0.14,0.06737,-0.05589,-0.16603,-0.98223,-0.85,1.12,0.18,-0.36217,-0.12362,-0.13847,-0.91344,-0.84,1.1,0.2,-0.54927,-0.13431,-0.17018,-0.80703,-0.83,1.08,0.21,-0.54927,-0.13431,-0.17018,-0.80703,-0.87,1.07,0.1,0.29261,-0.05877,-0.15572,-0.94163,-0.87,1.1,0.14,0.16192,-0.02717,-0.2222,-0.96108,-0.87,1.12,0.18,-0.31857,-0.15036,-0.21921,-0.90986,-0.86,1.1,0.2,-0.54077,-0.22376,-0.19688,-0.7866,-0.85,1.08,0.2,-0.54077,-0.22376,-0.19688,-0.7866,-0.87,1.07,0.1,0.232,0.01183,-0.38569,-0.89291,-0.88,1.09,0.14,0.22698,-0.02973,-0.28839,-0.92975,-0.89,1.1,0.17,-0.20045,-0.14606,-0.31956,-0.91453,-0.88,1.09,0.18,-0.40369,-0.26376,-0.28152,-0.82959,-0.86,1.08,0.2,-0.40369,-0.26376,-0.28152,-0.82959,-0.7,1.09,0.11,-0.33437,-0.18947,-0.11116,0.91648,-0.68,1.06,0.07,-0.33437,-0.18947,-0.11116,0.91648,-0.72,1.07,0.09,-0.43379,-0.26961,0.58788,0.62732,-0.75,1.07,0.11,-0.26363,-0.11585,0.56338,0.77439,-0.76,1.08,0.13,-0.13966,-0.05728,0.64502,0.74911,-0.77,1.09,0.16,-0.13966,-0.05728,0.64502,0.74911,-0.71,1.07,0.09,-0.33437,-0.18947,-0.11116,0.91648,-0.73,1.11,0.13,-0.04565,-0.21948,0.00217,0.97455,-0.75,1.12,0.16,0.38896,-0.20236,0.0729,0.8958,-0.75,1.1,0.18,0.55242,-0.15815,0.10312,0.8119,-0.76,1.08,0.18,0.55242,-0.15815,0.10312,0.8119,-0.7,1.07,0.09,-0.33437,-0.18947,-0.11116,0.91648,-0.71,1.12,0.13,-0.03958,-0.20239,-0.06609,0.97627,-0.72,1.12,0.17,0.39993,-0.21226,0.01793,0.89145,-0.73,1.1,0.19,0.60285,-0.18481,0.00388,0.77615,-0.74,1.08,0.19,0.60285,-0.18481,0.00388,0.77615,-0.68,1.07,0.1,-0.33437,-0.18947,-0.11116,0.91648,-0.69,1.11,0.14,-0.12576,-0.16617,-0.15127,0.96628,-0.7,1.12,0.17,0.40125,-0.24015,-0.08074,0.88023,-0.71,1.1,0.19,0.66068,-0.27125,-0.02939,0.69933,-0.72,1.08,0.19,0.66068,-0.27125,-0.02939,0.69933,-0.67,1.07,0.11,-0.25207,-0.12605,-0.34081,0.89689,-0.68,1.09,0.14,-0.30379,-0.07869,-0.26123,0.91284,-0.67,1.11,0.17,0.34281,-0.24199,-0.234,0.87702,-0.69,1.1,0.18,0.64359,-0.35354,-0.13578,0.6651,-0.7,1.09,0.18,0.64359,-0.35354,-0.13578,0.6651,-0.81,1.08,0.19
-0.8,1.45,-0.15,-0.8,1.45,-0.15,-0.85,1.1,0.11,0.3001,-0.0853,-0.16033,-0.93646,-0.86,1.06,0.06,0.3001,-0.0853,-0.16033,-0.93646,-0.82,1.08,0.08,0.45802,-0.2052,0.46914,-0.72665,-0.8,1.09,0.1,0.23453,-0.0676,0.42768,-0.87036,-0.79,1.11,0.13,0.14667,-0.06129,0.51209,-0.8441,-0.78,1.11,0.15,0.14667,-0.06129,0.51209,-0.8441,-0.84,1.08,0.08,0.3001,-0.0853,-0.16033,-0.93646,-0.83,1.12,0.13,-0.00439,-0.14358,-0.07165,-0.98703,-0.82,1.12,0.17,-0.31888,-0.15997,-0.04855,-0.93293,-0.81,1.11,0.18,-0.45299,-0.13796,-0.03349,-0.88014,-0.81,1.09,0.2,-0.45299,-0.13796,-0.03349,-0.88014,-0.85,1.08,0.09,0.3001,-0.0853,-0.16033,-0.93646,-0.85,1.12,0.13,0.14124,-0.07169,-0.17049,-0.97254,-0.85,1.13,0.17,-0.25954,-0.13608,-0.14015,-0.94577,-0.84,1.12,0.19,-0.44924,-0.1525,-0.17098,-0.86354,-0.83,1.1,0.21,-0.44924,-0.1525,-0.17098,-0.86354,-0.87,1.08,0.09,0.3001,-0.0853,-0.16033,-0.93646,-0.87,1.11,0.13,0.22786,-0.03472,-0.22914,-0.94571,-0.87,1.12,0.17,-0.22579,-0.15637,-0.22427,-0.93503,-0.86,1.11,0.19,-0.45362,-0.23238,-0.1987,-0.83711,-0.85,1.1,0.2,-0.45362,-0.23238,-0.1987,-0.83711,-0.88,1.07,0.09,0.2332,-0.01622,-0.38964,-0.8908,-0.88,1.09,0.13,0.25084,-0.02735,-0.29717,-0.92088,-0.88,1.1,0.16,-0.15049,-0.14098,-0.33113,-0.92078,-0.88,1.1,0.18,-0.34619,-0.25866,-0.29419,-0.85247,-0.86,1.09,0.19,-0.34619,-0.25866,-0.29419,-0.85247,-0.7,1.09,0.11,-0.33713,-0.18669,-0.10597,0.91666,-0.68,1.06,0.07,-0.33713,-0.18669,-0.10597,0.91666,-0.72,1.07,0.09,-0.41541,-0.25509,0.60904,0.62565,-0.75,1.07,0.11,-0.24767,-0.09442,0.5812,0.76938,-0.76,1.08,0.14,-0.11997,-0.03301,0.65854,0.74218,-0.77,1.09,0.16,-0.11997,-0.03301,0.65854,0.74218,-0.71,1.07,0.09,-0.33713,-0.18669,-0.10597,0.91666,-0.73,1.11,0.13,-0.00428,-0.21846,0.02062,0.97562,-0.74,1.11,0.16,0.42564,-0.19247,0.08859,0.87974,-0.75,1.09,0.18,0.58152,-0.14567,0.11708,0.79178,-0.75,1.07,0.18,0.58152,-0.14567,0.11708,0.79178,-0.69,1.07,0.1,-0.33713,-0.18669,-0.10597,0.91666,-0.71,1.11,0.13,-0.02827,-0.20205,-0.05685,0.97732,-0.72,1.12,0.17,0.41364,-0.20762,0.02674,0.88605,-0.73,1.1,0.19,0.61817,-0.17707,0.01208,0.76574,-0.74,1.08,0.19,0.61817,-0.17707,0.01208,0.76574,-0.68,1.07,0.1,-0.33713,-0.18669,-0.10597,0.91666,-0.69,1.11,0.14,-0.11585,-0.16838,-0.14246,0.96847,-0.7,1.12,0.17,0.42106,-0.23776,-0.06985,0.87252,-0.71,1.1,0.19,0.68368,-0.26464,-0.01832,0.67986,-0.72,1.08,0.19,0.68368,-0.26464,-0.01832,0.67986,-0.67,1.07,0.11,-0.25605,-0.12381,-0.33626,0.8978,-0.67,1.09,0.14,-0.2848,-0.09195,-0.25351,0.91987,-0.67,1.11,0.17,0.36938,-0.24726,-0.21866,0.86868,-0.69,1.1,0.18,0.6771,-0.35369,-0.11513,0.63496,-0.7,1.08,0.18,0.6771,-0.35369,-0.11513,0.63496,-0.81,1.08,0.19
-0.8,1.45,-0.15,-0.8,1.45,-0.15,-0.85,1.1,0.11,0.287,-0.11772,-0.15984,-0.93714,-0.86,1.06,0.05,0.287,-0.11772,-0.15984,-0.93714,-0.82,1.08,0.08,0.45717,-0.23856,0.47034,-0.71614,-0.8,1.09,0.09,0.23518,-0.10008,0.43898,-0.86138,-0.79,1.1,0.12,0.15149,-0.09298,0.52514,-0.83225,-0.78,1.11,0.14,0.15149,-0.09298,0.52514,-0.83225,-0.84,1.08,0.08,0.287,-0.11772,-0.15984,-0.93714,-0.83,1.12,0.13,-0.04787,-0.19981,-0.03735,-0.97795,-0.81,1.12,0.16,-0.36703,-0.20134,0.00374,-0.90815,-0.8,1.1,0.17,-0.50283,-0.17103,0.02712,-0.84686,-0.8,1.08,0.19,-0.50283,-0.17103,0.02712,-0.84686,-0.85,1.08,0.08,0.287,-0.11772,-0.15984,-0.93714,-0.85,1.12,0.13,0.13524,-0.10283,-0.1649,-0.97157,-0.84,1.13,0.17,-0.25866,-0.16148,-0.12366,-0.94431,-0.83,1.12,0.19,-0.44947,-0.17408,-0.14974,-0.86328,-0.82,1.1,0.21,-0.44947,-0.17408,-0.14974,-0.86328,-0.87,1.08,0.09,0.287,-0.11772,-0.15984,-0.93714,-0.86,1.11,0.13,0.22564,-0.05872,-0.22801,-0.94533,-0.86,1.12,0.17,-0.22302,-0.17588,-0.21328,-0.93479,-0.85,1.11,0.19,-0.45339,-0.24878,-0.1826,-0.83619,-0.84,1.1,0.2,-0.45339,-0.24878,-0.1826,-0.83619,-0.88,1.07,0.09,0.21386,-0.04478,-0.38688,-0.89587,-0.88,1.09,0.13,0.23791,-0.03428,-0.29907,-0.92346,-0.88,1.1,0.16,-0.16785,-0.14849,-0.3295,-0.91717,-0.87,1.1,0.18,-0.37163,-0.26842,-0.28918,-0.84037,-0.86,1.09,0.19,-0.37163,-0.26842,-0.28918,-0.84037,-0.7,1.1,0.11,-0.35555,-0.17874,-0.11417,0.91028,-0.68,1.06,0.07,-0.35555,-0.17874,-0.11417,0.91028,-0.72,1.07,0.09,-0.41671,-0.2289,0.61501,0.62907,-0.74,1.08,0.11,-0.24706,-0.06499,0.58045,0.77319,-0.76,1.09,0.14,-0.1184,-0.00588,0.65425,0.74693,-0.76,1.09,0.16,-0.1184,-0.00588,0.65425,0.74693,-0.71,1.07,0.09,-0.35555,-0.17874,-0.11417,0.91028,-0.73,1.12,0.13,-0.00268,-0.21701,0.01959,0.97597,-0.74,1.12,0.16,0.42728,-0.19156,0.08703,0.8793,-0.75,1.1,0.17,0.57777,-0.14573,0.11433,0.7949,-0.75,1.08,0.18,0.57777,-0.14573,0.11433,0.7949,-0.69,1.07,0.09,-0.35555,-0.17874,-0.11417,0.91028,-0.7,1.12,0.13,-0.0326,-0.20213,-0.06111,0.97691,-0.72,1.12,0.17,0.42064,-0.20933,0.02557,0.88238,-0.73,1.1,0.19,0.63651,-0.17735,0.01316,0.75049,-0.74,1.08,0.19,0.63651,-0.17735,0.01316,0.75049,-0.68,1.07,0.1,-0.35555,-0.17874,-0.11417,0.91028,-0.69,1.11,0.14,-0.10924,-0.17377,-0.14452,0.96798,-0.7,1.12,0.17,0.4549,-0.24494,-0.06146,0.85399,-0.71,1.1,0.18,0.72802,-0.26616,-0.00277,0.63177,-0.72,1.08,0.18,0.72802,-0.26616,-0.00277,0.63177,-0.67,1.07,0.11,-0.27449,-0.12098,-0.3456,0.88915,-0.67,1.1,0.14,-0.25839,-0.11366,-0.25697,0.92428,-0.67,1.11,0.17,0.4125,-0.26783,-0.20305,0.84669,-0.69,1.1,0.18,0.72572,-0.36696,-0.08477,0.57576,-0.7,1.08,0.17,0.72572,-0.36696,-0.08477,0.57576,-0.81,1.08,0.19
-0.8,1.45,-0.16,-0.8,1.45,-0.16,-0.85,1.1,0.11,0.28489,-0.11787,-0.16987,-0.93599,-0.86,1.07,0.05,0.28489,-0.11787,-0.16987,-0.93599,-0.83,1.08,0.08,0.45618,-0.23652,0.46463,-0.72117,-0.8,1.1,0.09,0.23827,-0.10234,0.43155,-0.86401,-0.79,1.11,0.12,0.15419,-0.09525,0.51834,-0.83575,-0.78,1.11,0.14,0.15419,-0.09525,0.51834,-0.83575,-0.84,1.08,0.08,0.28489,-0.11787,-0.16987,-0.93599,-0.83,1.12,0.13,-0.05914,-0.21222,-0.03806,-0.97469,-0.81,1.12,0.16,-0.40989,-0.21262,0.01507,-0.88688,-0.8,1.1,0.17,-0.56044,-0.17951,0.04588,-0.8072,-0.8,1.08,0.18,-0.56044,-0.17951,0.04588,-0.8072,-0.85,1.08,0.08,0.28489,-0.11787,-0.16987,-0.93599,-0.85,1.12,0.13,0.12268,-0.10707,-0.17319,-0.97133,-0.84,1.13,0.17,-0.29097,-0.1713,-0.12589,-0.93282,-0.83,1.12,0.19,-0.50289,-0.18477,-0.14672,-0.83153,-0.82,1.1,0.2,-0.50289,-0.18477,-0.14672,-0.83153,-0.87,1.08,0.09,0.28489,-0.11787,-0.16987,-0.93599,-0.87,1.11,0.13,0.21737,-0.05767,-0.23817,-0.94483,-0.87,1.12,0.17,-0.25038,-0.18388,-0.21939,-0.92486,-0.85,1.11,0.19,-0.50072,-0.26148,-0.18149,-0.80496,-0.84,1.1,0.2,-0.50072,-0.26148,-0.18149,-0.80496,-0.88,1.07,0.09,0.21041,-0.04484,-0.39605,-0.89267,-0.88,1.09,0.13,0.22736,-0.02322,-0.31109,-0.92249,-0.88,1.1,0.16,-0.22501,-0.16025,-0.33875,-0.89941,-0.87,1.1,0.18,-0.46644,-0.29613,-0.28419,-0.78357,-0.86,1.09,0.19,-0.46644,-0.29613,-0.28419,-0.78357,-0.7,1.1,0.11,-0.38116,-0.16947,-0.12574,0.9001,-0.68,1.05,0.07,-0.38116,-0.16947,-0.12574,0.9001,-0.72,1.07,0.09,-0.42782,-0.19801,0.61427,0.6328,-0.74,1.08,0.11,-0.25585,-0.03366,0.57128,0.77913,-0.75,1.09,0.14,-0.12487,0.02374,0.64203,0.75607,-0.76,1.1,0.16,-0.12487,0.02374,0.64203,0.75607,-0.71,1.08,0.09,-0.38116,-0.16947,-0.12574,0.9001,-0.72,1.12,0.12,-0.01327,-0.213,0.01189,0.97689,-0.74,1.12,0.16,0.42474,-0.19098,0.07986,0.88133,-0.74,1.1,0.17,0.5735,-0.1467,0.10661,0.79888,-0.75,1.08,0.18,0.5735,-0.1467,0.10661,0.79888,-0.69,1.07,0.09,-0.38116,-0.16947,-0.12574,0.9001,-0.7,1.12,0.13,-0.03287,-0.20175,-0.06751,0.97655,-0.72,1.13,0.17,0.44611,-0.21123,0.02591,0.86931,-0.73,1.1,0.18,0.6802,-0.17485,0.01773,0.71165,-0.73,1.08,0.18,0.6802,-0.17485,0.01773,0.71165,-0.67,1.07,0.1,-0.38116,-0.16947,-0.12574,0.9001,-0.68,1.11,0.13,-0.09744,-0.1804,-0.14808,0.96749,-0.7,1.12,0.17,0.49909,-0.25377,-0.0513,0.82697,-0.71,1.1,0.18,0.78053,-0.26676,0.01663,0.5651,-0.72,1.08,0.17,0.78053,-0.26676,0.01663,0.5651,-0.67,1.07,0.1,-0.29976,-0.11895,-0.35846,0.87607,-0.67,1.1,0.14,-0.24382,-0.13219,-0.26352,0.92392,-0.67,1.11,0.16,0.44112,-0.28819,-0.19116,0.82814,-0.68,1.1,0.17,0.75495,-0.38004,-0.05966,0.5311,-0.7,1.09,0.17,0.75495,-0.38004,-0.05966,0.5311,-0.81,1.08,0.19
-0.8,1.45,-0.16,-0.8,1.45,-0.16,-0.85,1.1,0.11,0.2959,-0.09487,-0.18861,-0.9316,-0.86,1.07,0.06,0.2959,-0.09487,-0.18861,-0.9316,-0.83,1.08,0.08,0.45785,-0.2078,0.4548,-0.73508,-0.8,1.1,0.1,0.24491,-0.08057,0.4119,-0.874,-0.79,1.11,0.13,0.15296,-0.07158,0.49831,-0.85039,-0.79,1.12,0.15,0.15296,-0.07158,0.49831,-0.85039,-0.84,1.09,0.08,0.2959,-0.09487,-0.18861,-0.9316,-0.83,1.12,0.13,-0.05178,-0.19712,-0.06236,-0.97702,-0.82,1.12,0.16,-0.43001,-0.20776,-0.00677,-0.87857,-0.81,1.1,0.18,-0.58987,-0.17817,0.02678,-0.78714,-0.8,1.08,0.18,-0.58987,-0.17817,0.02678,-0.78714,-0.85,1.08,0.09,0.2959,-0.09487,-0.18861,-0.9316,-0.85,1.12,0.13,0.10256,-0.09547,-0.19193,-0.97135,-0.85,1.13,0.17,-0.36056,-0.17622,-0.13819,-0.90545,-0.84,1.11,0.19,-0.60457,-0.19245,-0.15066,-0.75812,-0.82,1.09,0.2,-0.60457,-0.19245,-0.15066,-0.75812,-0.87,1.08,0.09,0.2959,-0.09487,-0.18861,-0.9316,-0.87,1.11,0.13,0.18668,-0.04767,-0.25648,-0.94715,-0.87,1.12,0.17,-0.33292,-0.19629,-0.23046,-0.89304,-0.86,1.11,0.19,-0.60887,-0.28119,-0.17919,-0.71979,-0.84,1.09,0.19,-0.60887,-0.28119,-0.17919,-0.71979,-0.88,1.07,0.09,0.22327,-0.02581,-0.41525,-0.88151,-0.88,1.09,0.13,0.20294,-0.01274,-0.33295,-0.92076,-0.89,1.1,0.16,-0.30391,-0.18192,-0.35364,-0.86573,-0.88,1.09,0.18,-0.57255,-0.33483,-0.27875,-0.69454,-0.86,1.08,0.18,-0.57255,-0.33483,-0.27875,-0.69454,-0.69,1.1,0.11,-0.41193,-0.16027,-0.12582,0.88814,-0.68,1.05,0.07,-0.41193,-0.16027,-0.12582,0.88814,-0.72,1.07,0.09,-0.43639,-0.16333,0.62325,0.62805,-0.74,1.08,0.11,-0.26098,0.00682,0.57122,0.77817,-0.75,1.1,0.14,-0.12196,0.06823,0.63598,0.75895,-0.75,1.1,0.16,-0.12196,0.06823,0.63598,0.75895,-0.71,1.08,0.09,-0.41193,-0.16027,-0.12582,0.88814,-0.72,1.12,0.12,-0.03849,-0.20192,0.00976,0.9786,-0.73,1.13,0.15,0.4203,-0.18115,0.0768,0.88579,-0.74,1.11,0.17,0.57207,-0.13729,0.10214,0.80216,-0.74,1.09,0.18,0.57207,-0.13729,0.10214,0.80216,-0.69,1.08,0.09,-0.41193,-0.16027,-0.12582,0.88814,-0.7,1.13,0.13,-0.03777,-0.19535,-0.06531,0.97783,-0.71,1.13,0.16,0.46944,-0.20372,0.03106,0.85858,-0.72,1.11,0.18,0.72027,-0.16175,0.02399,0.67414,-0.73,1.08,0.18,0.72027,-0.16175,0.02399,0.67414,-0.67,1.08,0.1,-0.41193,-0.16027,-0.12582,0.88814,-0.68,1.12,0.13,-0.09832,-0.18002,-0.14435,0.96803,-0.69,1.13,0.17,0.51598,-0.25203,-0.04368,0.81752,-0.71,1.1,0.17,0.8057,-0.2596,0.02781,0.53168,-0.71,1.08,0.17,0.8057,-0.2596,0.02781,0.53168,-0.67,1.07,0.1,-0.33166,-0.11809,-0.36055,0.86375,-0.67,1.1,0.14,-0.24784,-0.14059,-0.26183,0.92209,-0.67,1.12,0.16,0.44353,-0.29485,-0.18241,0.82648,-0.68,1.11,0.17,0.76433,-0.38219,-0.04394,0.5175,-0.69,1.09,0.16,0.76433,-0.38219,-0.04394,0.5175,-0.81,1.08,0.19
-0.8,1.45,-0.16,-0.8,1.45,-0.16,-0.86,1.1,0.11,0.30903,-0.07624,-0.21423,-0.92347,-0.86,1.07,0.06,0.30903,-0.07624,-0.21423,-0.92347,-0.83,1.09,0.08,0.46538,-0.17925,0.43786,-0.74804,-0.81,1.1,0.1,0.25341,-0.05926,0.38615,-0.88496,-0.8,1.12,0.13,0.15446,-0.04956,0.47215,-0.86646,-0.79,1.12,0.15,0.15446,-0.04956,0.47215,-0.86646,-0.84,1.09,0.08,0.30903,-0.07624,-0.21423,-0.92347,-0.84,1.13,0.13,-0.042,-0.18648,-0.09302,-0.97714,-0.82,1.12,0.16,-0.41636,-0.20985,-0.04015,-0.88374,-0.81,1.11,0.18,-0.57429,-0.18648,-0.00701,-0.7971,-0.81,1.09,0.18,-0.57429,-0.18648,-0.00701,-0.7971,-0.85,1.08,0.09,0.30903,-0.07624,-0.21423,-0.92347,-0.86,1.12,0.13,0.10883,-0.08511,-0.21996,-0.96568,-0.85,1.13,0.17,-0.35888,-0.18134,-0.16643,-0.90035,-0.84,1.12,0.19,-0.60469,-0.20564,-0.17544,-0.74919,-0.83,1.1,0.2,-0.60469,-0.20564,-0.17544,-0.74919,-0.87,1.08,0.09,0.30903,-0.07624,-0.21423,-0.92347,-0.87,1.11,0.13,0.17596,-0.04038,-0.28298,-0.94198,-0.87,1.12,0.17,-0.35441,-0.20777,-0.25347,-0.87577,-0.86,1.11,0.19,-0.63187,-0.30061,-0.19422,-0.6875,-0.84,1.09,0.19,-0.63187,-0.30061,-0.19422,-0.6875,-0.88,1.07,0.09,0.23639,-0.01211,-0.44055,-0.86596,-0.89,1.09,0.13,0.18541,-0.01192,-0.36085,-0.91393,-0.89,1.1,0.16,-0.33098,-0.20064,-0.37428,-0.84268,-0.88,1.09,0.18,-0.5981,-0.36224,-0.28815,-0.65424,-0.86,1.08,0.18,-0.5981,-0.36224,-0.28815,-0.65424,-0.7,1.1,0.11,-0.43177,-0.16437,-0.12436,0.87812,-0.68,1.05,0.07,-0.43177,-0.16437,-0.12436,0.87812,-0.72,1.07,0.09,-0.44878,-0.14883,0.62744,0.61867,-0.74,1.08,0.11,-0.26581,0.02877,0.57188,0.77554,-0.75,1.1,0.14,-0.11504,0.099,0.63147,0.76041,-0.75,1.11,0.16,-0.11504,0.099,0.63147,0.76041,-0.71,1.08,0.09,-0.43177,-0.16437,-0.12436,0.87812,-0.72,1.13,0.12,-0.05749,-0.20279,0.01261,0.97745,-0.74,1.13,0.15,0.41399,-0.18009,0.08213,0.8885,-0.74,1.11,0.16,0.56999,-0.13489,0.10772,0.80331,-0.74,1.09,0.17,0.56999,-0.13489,0.10772,0.80331,-0.69,1.08,0.09,-0.43177,-0.16437,-0.12436,0.87812,-0.7,1.13,0.12,-0.05222,-0.19902,-0.0611,0.97669,-0.72,1.13,0.16,0.46986,-0.20431,0.03975,0.85785,-0.72,1.11,0.17,0.73258,-0.15782,0.03412,0.66125,-0.73,1.09,0.17,0.73258,-0.15782,0.03412,0.66125,-0.67,1.08,0.1,-0.43177,-0.16437,-0.12436,0.87812,-0.68,1.12,0.13,-0.11683,-0.18565,-0.14123,0.96537,-0.69,1.13,0.16,0.50821,-0.25556,-0.03499,0.8217,-0.71,1.11,0.17,0.80836,-0.25823,0.04037,0.52749,-0.71,1.09,0.16,0.80836,-0.25823,0.04037,0.52749,-0.67,1.07,0.1,-0.35041,-0.12755,-0.35978,0.85528,-0.67,1.1,0.13,-0.26504,-0.14859,-0.26033,0.91646,-0.67,1.12,0.16,0.43532,-0.30271,-0.17321,0.82998,-0.68,1.11,0.17,0.76951,-0.38494,-0.02471,0.50898,-0.69,1.09,0.16,0.76951,-0.38494,-0.02471,0.50898,-0.81,1.08,0.19
-0.8,1.45,-0.16,-0.8,1.45,-0.16,-0.86,1.1,0.11,0.33054,-0.05302,-0.22872,-0.91412,-0.86,1.06,0.06,0.33054,-0.05302,-0.22872,-0.91412,-0.83,1.09,0.08,0.46895,-0.14227,0.43575,-0.75496,-0.81,1.11,0.1,0.25724,-0.02403,0.37364,-0.89087,-0.8,1.12,0.13,0.15077,-0.01336,0.45688,-0.87656,-0.8,1.13,0.15,0.15077,-0.01336,0.45688,-0.87656,-0.84,1.09,0.08,0.33054,-0.05302,-0.22872,-0.91412,-0.84,1.13,0.13,-0.01942,-0.15895,-0.12247,-0.97947,-0.83,1.13,0.16,-0.37249,-0.19416,-0.08292,-0.9037,-0.82,1.11,0.18,-0.51955,-0.17785,-0.05702,-0.83378,-0.81,1.09,0.19,-0.51955,-0.17785,-0.05702,-0.83378,-0.86,1.08,0.09,0.33054,-0.05302,-0.22872,-0.91412,-0.86,1.12,0.13,0.12668,-0.0682,-0.23857,-0.96041,-0.86,1.13,0.17,-0.3353,-0.17432,-0.19168,-0.90579,-0.85,1.12,0.19,-0.57359,-0.2059,-0.20324,-0.76635,-0.83,1.1,0.2,-0.57359,-0.2059,-0.20324,-0.76635,-0.87,1.08,0.09,0.33054,-0.05302,-0.22872,-0.91412,-0.88,1.11,0.13,0.18337,-0.02741,-0.30016,-0.9357,-0.88,1.12,0.17,-0.33915,-0.2048,-0.27555,-0.87585,-0.87,1.11,0.19,-0.61023,-0.3042,-0.21784,-0.6983,-0.85,1.09,0.19,-0.61023,-0.3042,-0.21784,-0.6983,-0.88,1.07,0.09,0.26016,0.00435,-0.45608,-0.85105,-0.89,1.09,0.13,0.18834,-0.01073,-0.37738,-0.90664,-0.89,1.1,0.16,-0.31383,-0.20382,-0.39054,-0.8411,-0.88,1.09,0.17,-0.57034,-0.36675,-0.30656,-0.668,-0.86,1.08,0.18,-0.57034,-0.36675,-0.30656,-0.668,-0.7,1.1,0.1,-0.44288,-0.17133,-0.12298,0.87143,-0.68,1.05,0.07,-0.44288,-0.17133,-0.12298,0.87143,-0.72,1.07,0.09,-0.4572,-0.14685,0.63059,0.60972,-0.74,1.08,0.11,-0.26728,0.03772,0.57489,0.77242,-0.75,1.1,0.13,-0.10279,0.11959,0.62974,0.76063,-0.75,1.11,0.16,-0.10279,0.11959,0.62974,0.76063,-0.71,1.08,0.09,-0.44288,-0.17133,-0.12298,0.87143,-0.72,1.13,0.11,-0.06607,-0.20643,0.01626,0.97609,-0.74,1.13,0.15,0.41095,-0.18131,0.08818,0.88908,-0.74,1.11,0.16,0.57133,-0.13447,0.11464,0.80147,-0.75,1.09,0.17,0.57133,-0.13447,0.11464,0.80147,-0.69,1.08,0.09,-0.44288,-0.17133,-0.12298,0.87143,-0.7,1.13,0.12,-0.05559,-0.20504,-0.05568,0.97559,-0.72,1.13,0.16,0.47366,-0.20622,0.04925,0.85481,-0.73,1.11,0.17,0.74402,-0.1548,0.04505,0.64842,-0.73,1.09,0.17,0.74402,-0.1548,0.04505,0.64842,-0.68,1.08,0.09,-0.44288,-0.17133,-0.12298,0.87143,-0.68,1.12,0.12,-0.12524,-0.19308,-0.13721,0.96344,-0.7,1.13,0.16,0.50691,-0.25936,-0.02523,0.82167,-0.71,1.11,0.17,0.81426,-0.25624,0.05354,0.51813,-0.71,1.09,0.16,0.81426,-0.25624,0.05354,0.51813,-0.67,1.07,0.1,-0.36004,-0.1375,-0.35848,0.85027,-0.67,1.11,0.13,-0.27333,-0.15733,-0.25833,0.91313,-0.67,1.12,0.15,0.43298,-0.30944,-0.16393,0.8306,-0.69,1.11,0.16,0.7763,-0.38606,-0.00758,0.49825,-0.7,1.09,0.15,0.7763,-0.38606,-0.00758,0.49825,-0.81,1.08,0.19
-0.8,1.45,-0.16,-0.8,1.45,-0.16,-0.86,1.1,0.11,0.34843,-0.05336,-0.20616,-0.91282,-0.86,1.06,0.06,0.34843,-0.05336,-0.20616,-0.91282,-0.83,1.08,0.08,0.46773,-0.1321,0.46481,-0.74009,-0.81,1.1,0.1,0.25711,-0.0047,0.40045,-0.87949,-0.8,1.12,0.13,0.14484,0.01113,0.48027,-0.86501,-0.8,1.12,0.15,0.14484,0.01113,0.48027,-0.86501,-0.84,1.08,0.08,0.34843,-0.05336,-0.20616,-0.91282,-0.84,1.13,0.13,0.00175,-0.13613,-0.11278,-0.98425,-0.83,1.13,0.16,-0.34206,-0.16887,-0.08432,-0.92053,-0.82,1.11,0.18,-0.47977,-0.1522,-0.06593,-0.86157,-0.81,1.1,0.19,-0.47977,-0.1522,-0.06593,-0.86157,-0.85,1.08,0.09,0.34843,-0.05336,-0.20616,-0.91282,-0.86,1.12,0.13,0.12896,-0.07015,-0.21458,-0.96561,-0.86,1.13,0.17,-0.32993,-0.16385,-0.17064,-0.91388,-0.85,1.12,0.19,-0.55236,-0.18773,-0.1888,-0.78994,-0.83,1.1,0.2,-0.55236,-0.18773,-0.1888,-0.78994,-0.87,1.07,0.09,0.34843,-0.05336,-0.20616,-0.91282,-0.88,1.11,0.13,0.18808,-0.03459,-0.27677,-0.94171,-0.88,1.12,0.17,-0.32079,-0.19368,-0.25574,-0.89117,-0.86,1.11,0.18,-0.57705,-0.28328,-0.20929,-0.73686,-0.85,1.09,0.19,-0.57705,-0.28328,-0.20929,-0.73686,-0.88,1.07,0.09,0.2806,0.00054,-0.43648,-0.85484,-0.89,1.09,0.13,0.20481,-0.0298,-0.35157,-0.91299,-0.89,1.1,0.16,-0.26922,-0.19398,-0.36595,-0.86947,-0.88,1.1,0.17,-0.50696,-0.33825,-0.29871,-0.73441,-0.86,1.08,0.18,-0.50696,-0.33825,-0.29871,-0.73441,-0.7,1.1,0.1,-0.44193,-0.17777,-0.12617,0.87016,-0.68,1.05,0.07,-0.44193,-0.17777,-0.12617,0.87016,-0.72,1.07,0.09,-0.45843,-0.1562,0.63012,0.60695,-0.74,1.08,0.1,-0.26318,0.03259,0.57756,0.77207,-0.75,1.1,0.13,-0.08964,0.12257,0.63072,0.76101,-0.75,1.11,0.16,-0.08964,0.12257,0.63072,0.76101,-0.71,1.08,0.09,-0.44193,-0.17777,-0.12617,0.87016,-0.72,1.13,0.11,-0.06062,-0.21286,0.01647,0.97506,-0.74,1.13,0.15,0.41742,-0.18651,0.09184,0.88461,-0.75,1.11,0.16,0.58083,-0.13834,0.12021,0.79313,-0.75,1.09,0.17,0.58083,-0.13834,0.12021,0.79313,-0.69,1.08,0.09,-0.44193,-0.17777,-0.12617,0.87016,-0.7,1.13,0.12,-0.05108,-0.21225,-0.05533,0.97431,-0.72,1.13,0.16,0.47785,-0.21202,0.05362,0.85078,-0.73,1.11,0.17,0.75073,-0.15777,0.05184,0.63939,-0.73,1.09,0.16,0.75073,-0.15777,0.05184,0.63939,-0.68,1.08,0.09,-0.44193,-0.17777,-0.12617,0.87016,-0.69,1.12,0.12,-0.12555,-0.19965,-0.13865,0.96185,-0.7,1.13,0.16,0.50619,-0.26537,-0.02212,0.82028,-0.71,1.11,0.17,0.81563,-0.25979,0.05996,0.51348,-0.72,1.09,0.16,0.81563,-0.25979,0.05996,0.51348,-0.67,1.07,0.1,-0.35736,-0.14377,-0.36106,0.84927,-0.67,1.11,0.13,-0.27232,-0.16298,-0.26082,0.91173,-0.68,1.12,0.16,0.43322,-0.31516,-0.16183,0.82874,-0.69,1.11,0.16,0.77792,-0.38979,-0.00134,0.49286,-0.7,1.09,0.15,0.77792,-0.38979,-0.00134,0.49286,-0.81,1.08,0.19
-0.8,1.45,-0.16,-0.8,1.45,-0.16,-0.85,1.1,0.11,0.34813,-0.07369,-0.15503,-0.9216,-0.86,1.06,0.06,0.34813,-0.07369,-0.15503,-0.9216,-0.82,1.08,0.08,0.45944,-0.15465,0.50848,-0.71165,-0.8,1.09,0.1,0.25136,-0.01191,0.45156,-0.85602,-0.79,1.11,0.13,0.13769,0.01103,0.52928,-0.83713,-0.79,1.11,0.15,0.13769,0.01103,0.52928,-0.83713,-0.83,1.08,0.08,0.34813,-0.07369,-0.15503,-0.9216,-0.83,1.12,0.13,0.00433,-0.12586,-0.06719,-0.98976,-0.82,1.12,0.16,-0.35798,-0.14436,-0.04263,-0.92152,-0.81,1.11,0.18,-0.49563,-0.12154,-0.02778,-0.85954,-0.81,1.09,0.19,-0.49563,-0.12154,-0.02778,-0.85954,-0.85,1.08,0.09,0.34813,-0.07369,-0.15503,-0.9216,-0.85,1.12,0.13,0.09269,-0.08837,-0.15447,-0.97966,-0.85,1.13,0.17,-0.3644,-0.15141,-0.10985,-0.91226,-0.84,1.11,0.19,-0.57146,-0.15717,-0.13468,-0.7941,-0.83,1.09,0.2,-0.57146,-0.15717,-0.13468,-0.7941,-0.87,1.07,0.09,0.34813,-0.07369,-0.15503,-0.9216,-0.87,1.11,0.13,0.15442,-0.06187,-0.21795,-0.96168,-0.87,1.12,0.17,-0.34192,-0.18154,-0.19629,-0.90089,-0.85,1.1,0.18,-0.58529,-0.25078,-0.16152,-0.75396,-0.84,1.09,0.19,-0.58529,-0.25078,-0.16152,-0.75396,-0.87,1.07,0.09,0.28311,-0.01691,-0.38839,-0.87676,-0.88,1.09,0.13,0.19285,-0.05949,-0.29543,-0.93381,-0.88,1.1,0.16,-0.26683,-0.18373,-0.30796,-0.89454,-0.87,1.1,0.17,-0.48933,-0.30424,-0.25564,-0.7763,-0.86,1.08,0.18,-0.48933,-0.30424,-0.25564,-0.7763,-0.7,1.1,0.1,-0.44066,-0.17733,-0.12608,0.87091,-0.68,1.05,0.07,-0.44066,-0.17733,-0.12608,0.87091,-0.72,1.07,0.09,-0.45173,-0.16435,0.6348,0.60495,-0.74,1.08,0.11,-0.25274,0.03006,0.58505,0.77002,-0.75,1.1,0.13,-0.07144,0.12767,0.63583,0.75784,-0.75,1.1,0.16,-0.07144,0.12767,0.63583,0.75784,-0.71,1.08,0.09,-0.44066,-0.17733,-0.12608,0.87091,-0.72,1.13,0.11,-0.04916,-0.2127,0.01934,0.97569,-0.74,1.13,0.15,0.42823,-0.18467,0.09429,0.87956,-0.75,1.11,0.16,0.59329,-0.13558,0.12316,0.78387,-0.75,1.09,0.17,0.59329,-0.13558,0.12316,0.78387,-0.69,1.08,0.09,-0.44066,-0.17733,-0.12608,0.87091,-0.7,1.13,0.12,-0.04153,-0.21239,-0.05345,0.97484,-0.72,1.13,0.16,0.49052,-0.21073,0.05632,0.84369,-0.73,1.11,0.17,0.76636,-0.15336,0.05519,0.62139,-0.73,1.09,0.16,0.76636,-0.15336,0.05519,0.62139,-0.68,1.08,0.09,-0.44066,-0.17733,-0.12608,0.87091,-0.69,1.12,0.13,-0.13235,-0.19696,-0.14132,0.9611,-0.7,1.13,0.16,0.49967,-0.26519,-0.0259,0.82422,-0.71,1.11,0.17,0.81344,-0.26106,0.05743,0.5166,-0.72,1.09,0.16,0.81344,-0.26106,0.05743,0.5166,-0.67,1.07,0.1,-0.35622,-0.14298,-0.36095,0.84993,-0.67,1.11,0.13,-0.29648,-0.1494,-0.26658,0.90483,-0.67,1.12,0.16,0.40729,-0.31083,-0.17551,0.84065,-0.69,1.11,0.16,0.76289,-0.39314,-0.01273,0.5131,-0.7,1.1,0.16,0.76289,-0.39314,-0.01273,0.5131,-0.81,1.08,0.19
-0.8,1.45,-0.16,-0.8,1.45,-0.16,-0.85,1.09,0.11,0.33861,-0.07823,-0.14004,-0.92715,-0.86,1.06,0.06,0.33861,-0.07823,-0.14004,-0.92715,-0.82,1.07,0.09,0.45122,-0.16477,0.51824,-0.70759,-0.8,1.09,0.1,0.24101,-0.01656,0.46468,-0.85189,-0.79,1.1,0.13,0.12664,0.00778,0.54181,-0.83087,-0.79,1.11,0.16,0.12664,0.00778,0.54181,-0.83087,-0.83,1.08,0.09,0.33861,-0.07823,-0.14004,-0.92715,-0.83,1.12,0.13,-0.00476,-0.11907,-0.0567,-0.99125,-0.82,1.12,0.16,-0.38299,-0.13462,-0.03299,-0.9133,-0.81,1.1,0.18,-0.52432,-0.11042,-0.01814,-0.84414,-0.81,1.08,0.19,-0.52432,-0.11042,-0.01814,-0.84414,-0.85,1.07,0.09,0.33861,-0.07823,-0.14004,-0.92715,-0.85,1.11,0.13,0.06719,-0.09347,-0.13534,-0.98409,-0.84,1.12,0.17,-0.37426,-0.14541,-0.09296,-0.91112,-0.83,1.1,0.19,-0.57169,-0.14614,-0.12042,-0.79832,-0.82,1.08,0.2,-0.57169,-0.14614,-0.12042,-0.79832,-0.87,1.07,0.09,0.33861,-0.07823,-0.14004,-0.92715,-0.87,1.1,0.13,0.13565,-0.069,-0.19912,-0.96809,-0.86,1.11,0.17,-0.34419,-0.17436,-0.18,-0.90484,-0.85,1.1,0.19,-0.57999,-0.23807,-0.15024,-0.76444,-0.84,1.08,0.19,-0.57999,-0.23807,-0.15024,-0.76444,-0.87,1.07,0.09,0.27496,-0.01828,-0.37361,-0.88571,-0.88,1.09,0.13,0.18287,-0.06561,-0.278,-0.94073,-0.88,1.1,0.16,-0.26729,-0.17672,-0.29181,-0.90121,-0.87,1.09,0.18,-0.48224,-0.29053,-0.24535,-0.7892,-0.86,1.08,0.18,-0.48224,-0.29053,-0.24535,-0.7892,-0.7,1.1,0.11,-0.42785,-0.17289,-0.12259,0.87865,-0.68,1.05,0.07,-0.42785,-0.17289,-0.12259,0.87865,-0.72,1.07,0.09,-0.44524,-0.18655,0.63261,0.60562,-0.75,1.08,0.11,-0.25083,0.00393,0.5897,0.76767,-0.76,1.1,0.14,-0.0885,0.08863,0.64869,0.75068,-0.76,1.1,0.16,-0.0885,0.08863,0.64869,0.75068,-0.71,1.08,0.09,-0.42785,-0.17289,-0.12259,0.87865,-0.73,1.13,0.12,-0.11606,-0.20986,0.00107,0.97082,-0.74,1.13,0.15,0.30466,-0.19731,0.06406,0.9296,-0.75,1.12,0.17,0.46589,-0.15649,0.08895,0.86634,-0.75,1.1,0.18,0.46589,-0.15649,0.08895,0.86634,-0.7,1.08,0.09,-0.42785,-0.17289,-0.12259,0.87865,-0.71,1.13,0.12,-0.03333,-0.20678,-0.05307,0.97638,-0.72,1.13,0.16,0.48734,-0.20637,0.05096,0.84695,-0.73,1.11,0.17,0.76402,-0.15143,0.04846,0.62529,-0.73,1.08,0.17,0.76402,-0.15143,0.04846,0.62529,-0.68,1.08,0.1,-0.42785,-0.17289,-0.12259,0.87865,-0.69,1.12,0.13,-0.13619,-0.18586,-0.14468,0.96228,-0.7,1.13,0.16,0.48456,-0.2584,-0.03894,0.83481,-0.71,1.11,0.17,0.80125,-0.26178,0.04185,0.5364,-0.72,1.09,0.16,0.80125,-0.26178,0.04185,0.5364,-0.67,1.07,0.1,-0.34509,-0.13487,-0.35746,0.85729,-0.67,1.1,0.13,-0.31931,-0.12691,-0.26876,0.89984,-0.67,1.12,0.16,0.37386,-0.29553,-0.19533,0.85717,-0.69,1.11,0.17,0.74016,-0.39036,-0.03683,0.54629,-0.7,1.1,0.16,0.74016,-0.39036,-0.03683,0.54629,-0.81,1.08,0.19
-0.8,1.45,-0.16,-0.8,1.45,-0.16,-0.85,1.09,0.11,0.33093,-0.07135,-0.15726,-0.92772,-0.86,1.06,0.06,0.33093,-0.07135,-0.15726,-0.92772,-0.82,1.07,0.09,0.44837,-0.15875,0.50287,-0.72172,-0.8,1.09,0.1,0.23219,-0.01326,0.44746,-0.86354,-0.79,1.1,0.13,0.11526,0.00919,0.52469,-0.84341,-0.79,1.11,0.16,0.11526,0.00919,0.52469,-0.84341,-0.83,1.08,0.09,0.33093,-0.07135,-0.15726,-0.92772,-0.83,1.12,0.13,-0.0113,-0.11603,-0.07774,-0.99013,-0.82,1.12,0.17,-0.39228,-0.13983,-0.05299,-0.90761,-0.81,1.1,0.18,-0.53716,-0.11891,-0.03611,-0.83428,-0.81,1.08,0.19,-0.53716,-0.11891,-0.03611,-0.83428,-0.85,1.07,0.09,0.33093,-0.07135,-0.15726,-0.92772,-0.85,1.11,0.13,0.05341,-0.094,-0.15192,-0.98246,-0.85,1.12,0.17,-0.37277,-0.15145,-0.10979,-0.90887,-0.84,1.1,0.19,-0.56508,-0.15528,-0.1358,-0.79883,-0.83,1.08,0.2,-0.56508,-0.15528,-0.1358,-0.79883,-0.87,1.07,0.09,0.33093,-0.07135,-0.15726,-0.92772,-0.87,1.1,0.13,0.12542,-0.06883,-0.21505,-0.96607,-0.87,1.11,0.17,-0.34358,-0.17963,-0.1956,-0.90079,-0.85,1.1,0.19,-0.575,-0.24692,-0.16436,-0.76249,-0.84,1.08,0.2,-0.575,-0.24692,-0.16436,-0.76249,-0.87,1.06,0.09,0.26653,-0.01026,-0.38944,-0.88159,-0.88,1.09,0.13,0.1745,-0.06335,-0.29405,-0.93759,-0.88,1.1,0.16,-0.2746,-0.18166,-0.30655,-0.8931,-0.87,1.09,0.18,-0.48779,-0.29923,-0.25815,-0.77838,-0.86,1.08,0.19,-0.48779,-0.29923,-0.25815,-0.77838,-0.71,1.09,0.12,-0.34482,-0.19301,-0.09778,0.91339,-0.69,1.06,0.07,-0.34482,-0.19301,-0.09778,0.91339,-0.73,1.07,0.09,-0.43114,-0.28055,0.60445,0.60832,-0.76,1.07,0.11,-0.25686,-0.11566,0.58581,0.75992,-0.77,1.08,0.14,-0.15677,-0.07443,0.66557,0.72588,-0.78,1.09,0.16,-0.15677,-0.07443,0.66557,0.72588,-0.72,1.07,0.09,-0.34482,-0.19301,-0.09778,0.91339,-0.74,1.11,0.13,-0.1551,-0.22924,-0.00312,0.96093,-0.75,1.12,0.16,0.16258,-0.22373,0.04457,0.95996,-0.76,1.12,0.18,0.29708,-0.18996,0.06273,0.93366,-0.77,1.11,0.2,0.29708,-0.18996,0.06273,0.93366,-0.7,1.07,0.1,-0.34482,-0.19301,-0.09778,0.91339,-0.72,1.12,0.14,-0.07824,-0.20719,-0.05345,0.9737,-0.73,1.12,0.17,0.36017,-0.2116,0.03052,0.90806,-0.74,1.11,0.19,0.6154,-0.17957,0.0215,0.76719,-0.75,1.08,0.2,0.6154,-0.17957,0.0215,0.76719,-0.69,1.07,0.11,-0.34482,-0.19301,-0.09778,0.91339,-0.7,1.11,0.14,-0.14548,-0.17198,-0.13661,0.96467,-0.71,1.12,0.18,0.40547,-0.23954,-0.05959,0.88015,-0.72,1.1,0.19,0.71045,-0.26068,0.00403,0.65367,-0.73,1.08,0.19,0.71045,-0.26068,0.00403,0.65367,-0.68,1.07,0.11,-0.26339,-0.13183,-0.32862,0.89736,-0.68,1.09,0.15,-0.28193,-0.11643,-0.24164,0.92118,-0.69,1.11,0.17,0.35725,-0.25494,-0.19838,0.87637,-0.7,1.1,0.18,0.70399,-0.35566,-0.07577,0.61005,-0.71,1.08,0.18,0.70399,-0.35566,-0.07577,0.61005,-0.81,1.08,0.19
-0.8,1.45,-0.16,-0.8,1.45,-0.16,-0.85,1.09,0.11,0.32812,-0.06411,-0.174,-0.92626,-0.86,1.06,0.06,0.32812,-0.06411,-0.174,-0.92626,-0.82,1.07,0.09,0.44389,-0.1502,0.49302,-0.73303,-0.8,1.09,0.11,0.22074,-0.00487,0.43523,-0.87283,-0.8,1.1,0.14,0.10029,0.01634,0.51157,-0.85321,-0.79,1.11,0.16,0.10029,0.01634,0.51157,-0.85321,-0.84,1.08,0.09,0.32812,-0.06411,-0.174,-0.92626,-0.83,1.12,0.13,-0.01518,-0.11373,-0.09708,-0.98864,-0.82,1.12,0.17,-0.39739,-0.14518,-0.07135,-0.90328,-0.82,1.1,0.18,-0.54372,-0.1273,-0.05286,-0.82787,-0.81,1.08,0.19,-0.54372,-0.1273,-0.05286,-0.82787,-0.85,1.07,0.09,0.32812,-0.06411,-0.174,-0.92626,-0.86,1.11,0.13,0.0427,-0.0939,-0.16861,-0.98027,-0.85,1.12,0.17,-0.37544,-0.15752,-0.12594,-0.90464,-0.84,1.1,0.19,-0.56541,-0.16423,-0.15019,-0.79422,-0.83,1.08,0.2,-0.56541,-0.16423,-0.15019,-0.79422,-0.87,1.07,0.09,0.32812,-0.06411,-0.174,-0.92626,-0.87,1.1,0.13,0.11911,-0.06712,-0.23166,-0.96314,-0.87,1.11,0.17,-0.34511,-0.1851,-0.21144,-0.89551,-0.86,1.1,0.19,-0.57478,-0.25637,-0.178,-0.75646,-0.84,1.08,0.2,-0.57478,-0.25637,-0.178,-0.75646,-0.88,1.06,0.1,0.26298,-0.00319,-0.40509,-0.87563,-0.88,1.08,0.13,0.17123,-0.05852,-0.31097,-0.93303,-0.88,1.1,0.16,-0.28101,-0.18671,-0.32248,-0.88441,-0.87,1.09,0.18,-0.49668,-0.30979,-0.27042,-0.76434,-0.86,1.08,0.19,-0.49668,-0.30979,-0.27042,-0.76434,-0.71,1.08,0.13,-0.2362,-0.19255,-0.04946,0.95115,-0.69,1.06,0.07,-0.2362,-0.19255,-0.04946,0.95115,-0.73,1.06,0.1,-0.38999,-0.33959,0.57211,0.63662,-0.76,1.06,0.11,-0.2267,-0.19395,0.56283,0.77085,-0.78,1.07,0.14,-0.17069,-0.18933,0.64432,0.72102,-0.79,1.07,0.16,-0.17069,-0.18933,0.64432,0.72102,-0.72,1.06,0.1,-0.2362,-0.19255,-0.04946,0.95115,-0.74,1.09,0.14,-0.04871,-0.22907,0.04068,0.97134,-0.76,1.1,0.18,0.23731,-0.20953,0.07905,0.94527,-0.77,1.09,0.2,0.35318,-0.17161,0.0938,0.91489,-0.77,1.07,0.21,0.35318,-0.17161,0.0938,0.91489,-0.7,1.07,0.1,-0.2362,-0.19255,-0.04946,0.95115,-0.72,1.1,0.15,-0.07148,-0.18357,-0.03069,0.97992,-0.74,1.1,0.19,0.32766,-0.18196,0.0325,0.92654,-0.75,1.09,0.21,0.54459,-0.15663,0.01019,0.82389,-0.75,1.07,0.22,0.54459,-0.15663,0.01019,0.82389,-0.69,1.07,0.11,-0.2362,-0.19255,-0.04946,0.95115,-0.7,1.09,0.15,-0.14127,-0.1389,-0.10329,0.97472,-0.71,1.1,0.19,0.38231,-0.19217,-0.05604,0.90209,-0.72,1.09,0.21,0.66433,-0.21834,-0.01768,0.71462,-0.73,1.06,0.21,0.66433,-0.21834,-0.01768,0.71462,-0.68,1.06,0.11,-0.16443,-0.10272,-0.27442,0.94186,-0.69,1.08,0.16,-0.2228,-0.09322,-0.18619,0.95237,-0.69,1.09,0.18,0.36239,-0.18706,-0.18115,0.89491,-0.7,1.08,0.19,0.68764,-0.2852,-0.10298,0.6597,-0.71,1.06,0.19,0.68764,-0.2852,-0.10298,0.6597,-0.81,1.08,0.19
-0.8,1.45,-0.16,-0.8,1.45,-0.16,-0.85,1.09,0.11,0.3333,-0.06502,-0.18141,-0.92292,-0.86,1.06,0.06,0.3333,-0.06502,-0.18141,-0.92292,-0.82,1.07,0.09,0.444,-0.14617,0.49351,-0.73344,-0.8,1.09,0.11,0.21528,0.00211,0.43489,-0.87437,-0.8,1.1,0.14,0.09297,0.02341,0.51018,-0.85471,-0.8,1.11,0.16,0.09297,0.02341,0.51018,-0.85471,-0.84,1.08,0.09,0.3333,-0.06502,-0.18141,-0.92292,-0.83,1.12,0.13,-0.01628,-0.11717,-0.10312,-0.98761,-0.83,1.12,0.17,-0.40679,-0.15139,-0.07409,-0.89784,-0.82,1.1,0.18,-0.55497,-0.13405,-0.05374,-0.81924,-0.81,1.08,0.19,-0.55497,-0.13405,-0.05374,-0.81924,-0.85,1.07,0.09,0.3333,-0.06502,-0.18141,-0.92292,-0.86,1.12,0.13,0.03287,-0.10122,-0.1729,-0.97917,-0.85,1.12,0.17,-0.38142,-0.16548,-0.12721,-0.90053,-0.84,1.1,0.19,-0.57088,-0.17185,-0.14955,-0.7888,-0.83,1.08,0.2,-0.57088,-0.17185,-0.14955,-0.7888,-0.87,1.07,0.09,0.3333,-0.06502,-0.18141,-0.92292,-0.87,1.1,0.13,0.11421,-0.07364,-0.23733,-0.96188,-0.87,1.11,0.17,-0.34727,-0.19289,-0.21375,-0.89247,-0.86,1.1,0.19,-0.5771,-0.26453,-0.17782,-0.75191,-0.84,1.08,0.2,-0.5771,-0.26453,-0.17782,-0.75191,-0.88,1.06,0.1,0.26683,-0.00574,-0.41227,-0.87109,-0.89,1.09,0.14,0.17454,-0.06087,-0.31842,-0.92975,-0.88,1.1,0.16,-0.28831,-0.1965,-0.32587,-0.87867,-0.87,1.09,0.18,-0.5107,-0.32267,-0.26808,-0.75047,-0.86,1.08,0.19,-0.5107,-0.32267,-0.26808,-0.75047,-0.71,1.08,0.13,-0.16276,-0.16209,-0.0181,0.97309,-0.69,1.06,0.07,-0.16276,-0.16209,-0.0181,0.97309,-0.73,1.06,0.1,-0.3613,-0.34273,0.53428,0.68304,-0.75,1.06,0.11,-0.20718,-0.21575,0.5175,0.8017,-0.77,1.06,0.14,-0.18292,-0.23857,0.59557,0.74493,-0.79,1.07,0.16,-0.18292,-0.23857,0.59557,0.74493,-0.72,1.06,0.1,-0.16276,-0.16209,-0.0181,0.97309,-0.74,1.08,0.15,0.03685,-0.20356,0.06692,0.97608,-0.75,1.08,0.19,0.32025,-0.17532,0.09677,0.92593,-0.76,1.07,0.2,0.43521,-0.1342,0.11002,0.88345,-0.76,1.05,0.22,0.43521,-0.1342,0.11002,0.88345,-0.7,1.06,0.1,-0.16276,-0.16209,-0.0181,0.97309,-0.72,1.09,0.16,-0.03749,-0.1452,-0.01055,0.98864,-0.73,1.09,0.2,0.34892,-0.13881,0.03362,0.92621,-0.74,1.07,0.22,0.55264,-0.11374,0.00073,0.82562,-0.74,1.05,0.23,0.55264,-0.11374,0.00073,0.82562,-0.68,1.07,0.11,-0.16276,-0.16209,-0.0181,0.97309,-0.7,1.08,0.16,-0.13502,-0.0991,-0.07706,0.98286,-0.7,1.09,0.19,0.37989,-0.14391,-0.05581,0.91206,-0.71,1.08,0.21,0.65156,-0.17342,-0.03578,0.73764,-0.72,1.05,0.22,0.65156,-0.17342,-0.03578,0.73764,-0.68,1.06,0.11,-0.10364,-0.05437,-0.23886,0.96398,-0.68,1.07,0.16,-0.21224,-0.05491,-0.14792,0.9644,-0.68,1.09,0.18,0.35021,-0.12887,-0.17443,0.91122,-0.69,1.07,0.2,0.67872,-0.22948,-0.12146,0.68697,-0.7,1.06,0.2,0.67872,-0.22948,-0.12146,0.68697,-0.81,1.08,0.19
-0.8,1.45,-0.16,-0.8,1.45,-0.16,-0.85,1.1,0.11,0.34854,-0.07803,-0.19053,-0.9144,-0.86,1.06,0.06,0.34854,-0.07803,-0.19053,-0.9144,-0.82,1.08,0.09,0.45758,-0.14648,0.49305,-0.72531,-0.8,1.09,0.1,0.22493,0.00314,0.43499,-0.87188,-0.8,1.11,0.13,0.10107,0.0263,0.51026,-0.85366,-0.79,1.11,0.16,0.10107,0.0263,0.51026,-0.85366,-0.84,1.08,0.09,0.34854,-0.07803,-0.19053,-0.9144,-0.83,1.12,0.13,-0.0194,-0.13454,-0.10336,-0.98531,-0.82,1.12,0.16,-0.42838,-0.16878,-0.06376,-0.88541,-0.81,1.1,0.18,-0.578,-0.14963,-0.03917,-0.80125,-0.81,1.08,0.19,-0.578,-0.14963,-0.03917,-0.80125,-0.85,1.07,0.09,0.34854,-0.07803,-0.19053,-0.9144,-0.85,1.12,0.13,0.01539,-0.12637,-0.17082,-0.97704,-0.84,1.12,0.17,-0.40194,-0.18788,-0.11368,-0.88894,-0.83,1.1,0.19,-0.59486,-0.18991,-0.13038,-0.77011,-0.82,1.08,0.2,-0.59486,-0.18991,-0.13038,-0.77011,-0.87,1.07,0.09,0.34854,-0.07803,-0.19053,-0.9144,-0.87,1.1,0.13,0.10149,-0.09921,-0.23926,-0.96053,-0.86,1.11,0.17,-0.36081,-0.21625,-0.20324,-0.88416,-0.85,1.1,0.19,-0.59447,-0.28449,-0.15974,-0.73495,-0.84,1.08,0.19,-0.59447,-0.28449,-0.15974,-0.73495,-0.87,1.07,0.1,0.27776,-0.02286,-0.42124,-0.86307,-0.88,1.09,0.13,0.17673,-0.08143,-0.32526,-0.92539,-0.88,1.1,0.16,-0.30243,-0.22378,-0.31871,-0.86999,-0.87,1.09,0.18,-0.5346,-0.35018,-0.24884,-0.72778,-0.85,1.08,0.18,-0.5346,-0.35018,-0.24884,-0.72778,-0.71,1.08,0.13,-0.15467,-0.14438,-0.026,0.97701,-0.69,1.07,0.07,-0.15467,-0.14438,-0.026,0.97701,-0.73,1.06,0.1,-0.37988,-0.31313,0.49555,0.71559,-0.75,1.07,0.11,-0.231,-0.20213,0.46619,0.82973,-0.77,1.08,0.14,-0.23485,-0.24308,0.54237,0.76915,-0.79,1.08,0.16,-0.23485,-0.24308,0.54237,0.76915,-0.72,1.07,0.1,-0.15467,-0.14438,-0.026,0.97701,-0.73,1.09,0.15,0.04531,-0.19888,0.05857,0.97722,-0.75,1.08,0.19,0.3363,-0.17227,0.08887,0.92159,-0.76,1.07,0.2,0.46619,-0.13034,0.10492,0.86872,-0.76,1.05,0.22,0.46619,-0.13034,0.10492,0.86872,-0.7,1.07,0.1,-0.15467,-0.14438,-0.026,0.97701,-0.71,1.09,0.16,-0.03991,-0.13478,-0.02041,0.98986,-0.73,1.1,0.2,0.34541,-0.13307,0.02026,0.92875,-0.73,1.08,0.22,0.55116,-0.11126,-0.0136,0.82683,-0.74,1.06,0.23,0.55116,-0.11126,-0.0136,0.82683,-0.68,1.07,0.11,-0.15467,-0.14438,-0.026,0.97701,-0.69,1.09,0.16,-0.14577,-0.09272,-0.08512,0.98128,-0.7,1.1,0.19,0.36826,-0.1428,-0.06591,0.91632,-0.71,1.08,0.21,0.64145,-0.17594,-0.04547,0.74533,-0.72,1.06,0.22,0.64145,-0.17594,-0.04547,0.74533,-0.68,1.07,0.11,-0.0983,-0.03515,-0.24651,0.9635,-0.68,1.08,0.16,-0.23276,-0.04123,-0.15387,0.9594,-0.68,1.09,0.18,0.32597,-0.12172,-0.18699,0.91867,-0.68,1.08,0.2,0.66197,-0.22871,-0.1339,0.70111,-0.69,1.06,0.2,0.66197,-0.22871,-0.1339,0.70111,-0.81,1.08,0.19
-0.8,1.45,-0.16,-0.8,1.45,-0.16,-0.85,1.1,0.11,0.36897,-0.0972,-0.19683,-0.90314,-0.86,1.06,0.06,0.36897,-0.0972,-0.19683,-0.90314,-0.82,1.08,0.08,0.48012,-0.14627,0.49168,-0.71158,-0.8,1.09,0.1,0.24569,0.00302,0.43409,-0.86671,-0.79,1.11,0.13,0.11805,0.03045,0.50953,-0.85177,-0.79,1.12,0.15,0.11805,0.03045,0.50953,-0.85177,-0.84,1.08,0.09,0.36897,-0.0972,-0.19683,-0.90314,-0.83,1.12,0.12,-0.01693,-0.15645,-0.09766,-0.9827,-0.82,1.12,0.16,-0.4413,-0.18728,-0.04607,-0.87639,-0.81,1.11,0.17,-0.59201,-0.16491,-0.01745,-0.78868,-0.8,1.09,0.18,-0.59201,-0.16491,-0.01745,-0.78868,-0.85,1.08,0.09,0.36897,-0.0972,-0.19683,-0.90314,-0.85,1.12,0.13,-0.01171,-0.1598,-0.15857,-0.97426,-0.84,1.12,0.17,-0.44056,-0.21406,-0.08481,-0.86769,-0.83,1.1,0.18,-0.64327,-0.20709,-0.09317,-0.73119,-0.82,1.08,0.19,-0.64327,-0.20709,-0.09317,-0.73119,-0.87,1.07,0.09,0.36897,-0.0972,-0.19683,-0.90314,-0.87,1.11,0.13,0.08057,-0.13406,-0.2333,-0.95974,-0.86,1.12,0.17,-0.39293,-0.2458,-0.1787,-0.8679,-0.84,1.1,0.18,-0.63487,-0.30619,-0.12401,-0.69844,-0.83,1.08,0.18,-0.63487,-0.30619,-0.12401,-0.69844,-0.87,1.07,0.1,0.29289,-0.04734,-0.42753,-0.85393,-0.88,1.09,0.13,0.17705,-0.11222,-0.32692,-0.92151,-0.88,1.1,0.16,-0.3173,-0.2564,-0.30149,-0.86179,-0.87,1.1,0.17,-0.55991,-0.37917,-0.21721,-0.70395,-0.85,1.08,0.18,-0.55991,-0.37917,-0.21721,-0.70395,-0.71,1.09,0.12,-0.23554,-0.1675,-0.08519,0.95352,-0.69,1.07,0.07,-0.23554,-0.1675,-0.08519,0.95352,-0.73,1.07,0.09,-0.46437,-0.26842,0.46278,0.7058,-0.75,1.09,0.11,-0.31593,-0.17161,0.42222,0.83215,-0.77,1.1,0.13,-0.31963,-0.20498,0.50473,0.77528,-0.79,1.11,0.15,-0.31963,-0.20498,0.50473,0.77528,-0.72,1.08,0.1,-0.23554,-0.1675,-0.08519,0.95352,-0.73,1.11,0.14,-0.05026,-0.23655,0.01112,0.97026,-0.75,1.11,0.17,0.27532,-0.22278,0.06244,0.9331,-0.76,1.1,0.19,0.424,-0.18355,0.08788,0.8825,-0.77,1.08,0.21,0.424,-0.18355,0.08788,0.8825,-0.7,1.08,0.1,-0.23554,-0.1675,-0.08519,0.95352,-0.71,1.11,0.15,-0.10135,-0.17656,-0.07039,0.97652,-0.73,1.12,0.19,0.31849,-0.19184,-0.00263,0.92831,-0.74,1.1,0.21,0.54959,-0.17445,-0.02015,0.81677,-0.74,1.08,0.21,0.54959,-0.17445,-0.02015,0.81677,-0.68,1.08,0.11,-0.23554,-0.1675,-0.08519,0.95352,-0.7,1.1,0.15,-0.19069,-0.13423,-0.14165,0.96206,-0.7,1.12,0.18,0.34603,-0.21086,-0.08732,0.91004,-0.71,1.1,0.2,0.63318,-0.24737,-0.03975,0.73234,-0.72,1.08,0.2,0.63318,-0.24737,-0.03975,0.73234,-0.68,1.07,0.11,-0.16391,-0.07865,-0.30987,0.93323,-0.68,1.09,0.15,-0.29436,-0.07366,-0.22112,0.92684,-0.68,1.11,0.18,0.28408,-0.19588,-0.22042,0.91233,-0.69,1.1,0.19,0.63259,-0.31145,-0.12738,0.69757,-0.7,1.08,0.19,0.63259,-0.31145,-0.12738,0.69757,-0.81,1.08,0.19
-0.8,1.45,-0.16,-0.8,1.45,-0.16,-0.85,1.1,0.11,0.37544,-0.09245,-0.18715,-0.90303,-0.86,1.05,0.06,0.37544,-0.09245,-0.18715,-0.90303,-0.82,1.08,0.09,0.47446,-0.14401,0.50605,-0.70573,-0.8,1.09,0.1,0.23798,0.01241,0.44799,-0.86169,-0.79,1.11,0.13,0.10838,0.04176,0.52121,-0.84549,-0.79,1.11,0.15,0.10838,0.04176,0.52121,-0.84549,-0.84,1.08,0.09,0.37544,-0.09245,-0.18715,-0.90303,-0.83,1.12,0.12,-0.03553,-0.154,-0.08228,-0.984,-0.82,1.12,0.16,-0.43915,-0.17718,-0.03736,-0.87998,-0.81,1.1,0.17,-0.58162,-0.15314,-0.01259,-0.79881,-0.81,1.08,0.18,-0.58162,-0.15314,-0.01259,-0.79881,-0.85,1.07,0.09,0.37544,-0.09245,-0.18715,-0.90303,-0.85,1.12,0.13,-0.01542,-0.15642,-0.14698,-0.97657,-0.84,1.12,0.17,-0.43529,-0.20505,-0.07815,-0.87314,-0.83,1.1,0.18,-0.6372,-0.19713,-0.08941,-0.73968,-0.82,1.08,0.19,-0.6372,-0.19713,-0.08941,-0.73968,-0.87,1.07,0.09,0.37544,-0.09245,-0.18715,-0.90303,-0.87,1.11,0.13,0.0917,-0.12667,-0.22592,-0.96151,-0.86,1.12,0.17,-0.38039,-0.23561,-0.17656,-0.87671,-0.85,1.1,0.18,-0.62423,-0.2962,-0.12522,-0.71199,-0.83,1.08,0.19,-0.62423,-0.2962,-0.12522,-0.71199,-0.87,1.07,0.1,0.3015,-0.04392,-0.41912,-0.85528,-0.88,1.09,0.13,0.19441,-0.10209,-0.32002,-0.92161,-0.88,1.1,0.16,-0.29716,-0.24417,-0.30184,-0.87234,-0.87,1.1,0.17,-0.54125,-0.36737,-0.22182,-0.72311,-0.85,1.08,0.18,-0.54125,-0.36737,-0.22182,-0.72311,-0.71,1.1,0.12,-0.27982,-0.21554,-0.09161,0.93105,-0.68,1.06,0.07,-0.27982,-0.21554,-0.09161,0.93105,-0.73,1.07,0.09,-0.50423,-0.27628,0.47726,0.66456,-0.75,1.08,0.1,-0.3516,-0.17511,0.44257,0.80613,-0.77,1.1,0.12,-0.33456,-0.19198,0.52831,0.75638,-0.79,1.11,0.14,-0.33456,-0.19198,0.52831,0.75638,-0.72,1.08,0.09,-0.27982,-0.21554,-0.09161,0.93105,-0.74,1.11,0.13,-0.09317,-0.29184,0.02495,0.95159,-0.76,1.12,0.16,0.25209,-0.2693,0.10056,0.92402,-0.77,1.11,0.18,0.40934,-0.22252,0.1353,0.87442,-0.78,1.09,0.19,0.40934,-0.22252,0.1353,0.87442,-0.7,1.08,0.1,-0.27982,-0.21554,-0.09161,0.93105,-0.72,1.11,0.14,-0.13671,-0.227,-0.06711,0.96191,-0.74,1.13,0.18,0.31409,-0.23578,0.03005,0.91916,-0.75,1.11,0.19,0.57217,-0.20658,0.02701,0.79324,-0.76,1.09,0.2,0.57217,-0.20658,0.02701,0.79324,-0.68,1.08,0.1,-0.27982,-0.21554,-0.09161,0.93105,-0.7,1.11,0.14,-0.21246,-0.18579,-0.1443,0.94843,-0.71,1.12,0.18,0.34759,-0.2582,-0.05508,0.89971,-0.73,1.11,0.19,0.65484,-0.279,0.01336,0.70226,-0.73,1.09,0.19,0.65484,-0.279,0.01336,0.70226,-0.68,1.07,0.11,-0.19634,-0.13759,-0.31677,0.9177,-0.68,1.09,0.15,-0.30997,-0.12596,-0.23354,0.91297,-0.69,1.11,0.17,0.28443,-0.25079,-0.19676,0.90415,-0.7,1.1,0.19,0.6437,-0.35176,-0.07667,0.6753,-0.71,1.09,0.18,0.6437,-0.35176,-0.07667,0.6753,-0.81,1.08,0.19
-0.8,1.45,-0.16,-0.8,1.45,-0.16,-0.85,1.1,0.11,0.37303,-0.08285,-0.19198,-0.90395,-0.86,1.06,0.06,0.37303,-0.08285,-0.19198,-0.90395,-0.82,1.08,0.09,0.46739,-0.14195,0.50483,-0.71173,-0.8,1.09,0.1,0.22801,0.01561,0.44608,-0.86532,-0.8,1.11,0.13,0.10046,0.04219,0.51907,-0.84776,-0.79,1.11,0.16,0.10046,0.04219,0.51907,-0.84776,-0.84,1.08,0.09,0.37303,-0.08285,-0.19198,-0.90395,-0.83,1.12,0.12,-0.05786,-0.15348,-0.08273,-0.98298,-0.82,1.12,0.16,-0.42493,-0.17466,-0.04494,-0.88708,-0.81,1.1,0.17,-0.55327,-0.15132,-0.02418,-0.81879,-0.81,1.08,0.18,-0.55327,-0.15132,-0.02418,-0.81879,-0.85,1.08,0.09,0.37303,-0.08285,-0.19198,-0.90395,-0.85,1.12,0.13,-0.02523,-0.15373,-0.1511,-0.97617,-0.84,1.12,0.17,-0.42306,-0.20224,-0.08785,-0.87886,-0.83,1.1,0.18,-0.62091,-0.19722,-0.10061,-0.75197,-0.82,1.08,0.19,-0.62091,-0.19722,-0.10061,-0.75197,-0.87,1.07,0.09,0.37303,-0.08285,-0.19198,-0.90395,-0.87,1.11,0.13,0.09298,-0.1185,-0.23318,-0.9607,-0.86,1.12,0.17,-0.36826,-0.22988,-0.1892,-0.88076,-0.85,1.1,0.18,-0.60906,-0.29432,-0.14011,-0.72304,-0.83,1.08,0.19,-0.60906,-0.29432,-0.14011,-0.72304,-0.87,1.07,0.1,0.30046,-0.03409,-0.42383,-0.85378,-0.88,1.09,0.13,0.20587,-0.08792,-0.32706,-0.91811,-0.88,1.1,0.16,-0.27811,-0.23408,-0.31625,-0.87627,-0.87,1.1,0.17,-0.51977,-0.36133,-0.23951,-0.73615,-0.85,1.09,0.18,-0.51977,-0.36133,-0.23951,-0.73615,-0.71,1.09,0.12,-0.26525,-0.21486,-0.07723,0.93676,-0.68,1.06,0.07,-0.26525,-0.21486,-0.07723,0.93676,-0.73,1.07,0.09,-0.47596,-0.29152,0.50522,0.65821,-0.75,1.08,0.1,-0.31884,-0.17773,0.47696,0.79954,-0.77,1.09,0.13,-0.29161,-0.19079,0.56149,0.75053,-0.79,1.09,0.14,-0.29161,-0.19079,0.56149,0.75053,-0.72,1.07,0.09,-0.26525,-0.21486,-0.07723,0.93676,-0.74,1.11,0.14,-0.0264,-0.3009,0.06307,0.9512,-0.76,1.11,0.17,0.31703,-0.26242,0.13994,0.90058,-0.77,1.09,0.18,0.46897,-0.20826,0.17497,0.84028,-0.77,1.07,0.19,0.46897,-0.20826,0.17497,0.84028,-0.7,1.07,0.1,-0.26525,-0.21486,-0.07723,0.93676,-0.72,1.11,0.14,-0.12356,-0.22332,-0.05377,0.96538,-0.74,1.12,0.18,0.32897,-0.22624,0.04065,0.91594,-0.75,1.1,0.2,0.58828,-0.19306,0.03504,0.78449,-0.75,1.08,0.2,0.58828,-0.19306,0.03504,0.78449,-0.68,1.07,0.11,-0.26525,-0.21486,-0.07723,0.93676,-0.7,1.1,0.15,-0.20019,-0.17784,-0.13143,0.95448,-0.71,1.12,0.18,0.36235,-0.24415,-0.04881,0.89817,-0.72,1.1,0.2,0.67095,-0.263,0.01459,0.69314,-0.73,1.08,0.2,0.67095,-0.263,0.01459,0.69314,-0.68,1.07,0.11,-0.1843,-0.13286,-0.302,0.92584,-0.68,1.09,0.15,-0.28675,-0.11368,-0.21875,0.92574,-0.69,1.11,0.17,0.30932,-0.23021,-0.19255,0.90236,-0.7,1.1,0.19,0.66604,-0.33147,-0.08279,0.66307,-0.71,1.08,0.19,0.66604,-0.33147,-0.08279,0.66307,-0.81,1.08,0.19
-0.8,1.45,-0.16,-0.8,1.45,-0.16,-0.85,1.1,0.11,0.36354,-0.06662,-0.21044,-0.90505,-0.86,1.06,0.06,0.36354,-0.06662,-0.21044,-0.90505,-0.82,1.08,0.09,0.46037,-0.136,0.48761,-0.72925,-0.8,1.1,0.1,0.21561,0.01713,0.42683,-0.87809,-0.8,1.11,0.13,0.09316,0.03659,0.50096,-0.85966,-0.8,1.12,0.16,0.09316,0.03659,0.50096,-0.85966,-0.84,1.08,0.09,0.36354,-0.06662,-0.21044,-0.90505,-0.84,1.13,0.13,-0.0807,-0.1505,-0.10256,-0.97996,-0.82,1.12,0.16,-0.42687,-0.17734,-0.0681,-0.88414,-0.82,1.1,0.17,-0.5475,-0.15681,-0.04829,-0.82056,-0.81,1.08,0.18,-0.5475,-0.15681,-0.04829,-0.82056,-0.85,1.08,0.09,0.36354,-0.06662,-0.21044,-0.90505,-0.86,1.12,0.13,-0.04501,-0.15009,-0.17101,-0.97273,-0.84,1.12,0.17,-0.42632,-0.20512,-0.1106,-0.87404,-0.83,1.1,0.18,-0.61894,-0.20455,-0.1225,-0.74838,-0.82,1.08,0.19,-0.61894,-0.20455,-0.1225,-0.74838,-0.87,1.07,0.09,0.36354,-0.06662,-0.21044,-0.90505,-0.87,1.11,0.13,0.08318,-0.10843,-0.25442,-0.95739,-0.87,1.12,0.17,-0.36663,-0.22857,-0.21458,-0.87595,-0.85,1.1,0.18,-0.60297,-0.30003,-0.16538,-0.72046,-0.84,1.08,0.19,-0.60297,-0.30003,-0.16538,-0.72046,-0.87,1.07,0.09,0.29202,-0.01659,-0.44089,-0.84856,-0.89,1.09,0.13,0.19651,-0.07471,-0.3464,-0.91423,-0.89,1.1,0.16,-0.27787,-0.22911,-0.34031,-0.86861,-0.87,1.1,0.18,-0.51396,-0.363,-0.26483,-0.73071,-0.86,1.08,0.18,-0.51396,-0.363,-0.26483,-0.73071,-0.71,1.09,0.12,-0.25997,-0.18846,-0.08557,0.94317,-0.68,1.06,0.07,-0.25997,-0.18846,-0.08557,0.94317,-0.73,1.07,0.09,-0.45822,-0.27477,0.50792,0.67569,-0.75,1.08,0.11,-0.30156,-0.15997,0.47475,0.81122,-0.77,1.09,0.13,-0.27989,-0.18006,0.55794,0.76023,-0.78,1.1,0.15,-0.27989,-0.18006,0.55794,0.76023,-0.71,1.07,0.1,-0.25997,-0.18846,-0.08557,0.94317,-0.74,1.11,0.14,-0.00503,-0.29117,0.06044,0.95475,-0.76,1.1,0.17,0.32831,-0.25512,0.13115,0.89996,-0.77,1.09,0.19,0.4765,-0.20307,0.16439,0.83946,-0.77,1.07,0.2,0.4765,-0.20307,0.16439,0.83946,-0.7,1.07,0.1,-0.25997,-0.18846,-0.08557,0.94317,-0.71,1.11,0.14,-0.11963,-0.19869,-0.06614,0.97048,-0.73,1.12,0.18,0.32109,-0.21008,0.01539,0.92333,-0.74,1.1,0.2,0.57721,-0.18564,0.00535,0.7952,-0.75,1.08,0.21,0.57721,-0.18564,0.00535,0.7952,-0.68,1.07,0.11,-0.25997,-0.18846,-0.08557,0.94317,-0.7,1.1,0.15,-0.19705,-0.1491,-0.14193,0.95854,-0.71,1.12,0.18,0.35626,-0.22516,-0.07574,0.90368,-0.72,1.1,0.2,0.66373,-0.25566,-0.01804,0.70269,-0.73,1.08,0.2,0.66373,-0.25566,-0.01804,0.70269,-0.68,1.07,0.11,-0.18336,-0.10546,-0.31114,0.92653,-0.68,1.09,0.15,-0.28356,-0.07672,-0.22621,0.92873,-0.68,1.1,0.18,0.30395,-0.20253,-0.22123,0.90424,-0.69,1.09,0.19,0.65967,-0.31921,-0.12096,0.66956,-0.7,1.08,0.19,0.65967,-0.31921,-0.12096,0.66956,-0.81,1.08,0.19
-0.8,1.45,-0.16,-0.8,1.45,-0.16,-0.86,1.1,0.11,0.36281,-0.06062,-0.21714,-0.90418,-0.86,1.06,0.06,0.36281,-0.06062,-0.21714,-0.90418,-0.83,1.08,0.09,0.45901,-0.13028,0.48203,-0.73483,-0.81,1.1,0.1,0.21214,0.02146,0.41941,-0.8824,-0.8,1.11,0.13,0.09127,0.03843,0.49357,-0.86405,-0.8,1.12,0.16,0.09127,0.03843,0.49357,-0.86405,-0.84,1.08,0.09,0.36281,-0.06062,-0.21714,-0.90418,-0.84,1.13,0.13,-0.08125,-0.14811,-0.11143,-0.97931,-0.83,1.12,0.16,-0.42349,-0.17792,-0.07795,-0.88483,-0.82,1.1,0.18,-0.54318,-0.15865,-0.05834,-0.82243,-0.81,1.09,0.18,-0.54318,-0.15865,-0.05834,-0.82243,-0.85,1.08,0.09,0.36281,-0.06062,-0.21714,-0.90418,-0.86,1.12,0.13,-0.04835,-0.14881,-0.17829,-0.97146,-0.85,1.12,0.17,-0.42315,-0.20601,-0.11912,-0.87425,-0.83,1.1,0.18,-0.61402,-0.20731,-0.13091,-0.75024,-0.82,1.08,0.19,-0.61402,-0.20731,-0.13091,-0.75024,-0.87,1.07,0.09,0.36281,-0.06062,-0.21714,-0.90418,-0.87,1.11,0.13,0.08028,-0.10582,-0.26172,-0.95596,-0.87,1.12,0.17,-0.36496,-0.22864,-0.22304,-0.87452,-0.85,1.1,0.18,-0.60013,-0.30245,-0.17357,-0.71989,-0.84,1.08,0.19,-0.60013,-0.30245,-0.17357,-0.71989,-0.88,1.07,0.09,0.29164,-0.01088,-0.4472,-0.84548,-0.89,1.09,0.13,0.19237,-0.07255,-0.35302,-0.91275,-0.89,1.1,0.16,-0.27671,-0.22856,-0.34782,-0.86615,-0.88,1.1,0.17,-0.51063,-0.36429,-0.27259,-0.72955,-0.86,1.08,0.18,-0.51063,-0.36429,-0.27259,-0.72955,-0.7,1.09,0.12,-0.28049,-0.13725,-0.09838,0.94489,-0.68,1.06,0.07,-0.28049,-0.13725,-0.09838,0.94489,-0.72,1.07,0.1,-0.45403,-0.22288,0.50721,0.69779,-0.75,1.08,0.11,-0.29844,-0.10916,0.46089,0.82861,-0.76,1.1,0.14,-0.2822,-0.13674,0.54432,0.77806,-0.78,1.1,0.16,-0.2822,-0.13674,0.54432,0.77806,-0.71,1.08,0.1,-0.28049,-0.13725,-0.09838,0.94489,-0.73,1.11,0.14,-0.07071,-0.24399,0.021,0.96697,-0.74,1.12,0.17,0.25092,-0.22745,0.07329,0.93805,-0.75,1.1,0.19,0.40658,-0.1861,0.10009,0.88884,-0.76,1.09,0.21,0.40658,-0.1861,0.10009,0.88884,-0.7,1.07,0.1,-0.28049,-0.13725,-0.09838,0.94489,-0.71,1.11,0.15,-0.14284,-0.1516,-0.08594,0.97428,-0.72,1.12,0.18,0.26611,-0.1758,-0.0296,0.94731,-0.73,1.11,0.21,0.51383,-0.16929,-0.04974,0.83955,-0.73,1.09,0.22,0.51383,-0.16929,-0.04974,0.83955,-0.68,1.07,0.11,-0.28049,-0.13725,-0.09838,0.94489,-0.69,1.1,0.15,-0.221,-0.10067,-0.15838,0.95705,-0.69,1.12,0.18,0.29987,-0.19033,-0.12145,0.92688,-0.7,1.11,0.2,0.60714,-0.24145,-0.07466,0.75333,-0.71,1.09,0.21,0.60714,-0.24145,-0.07466,0.75333,-0.67,1.07,0.11,-0.212,-0.06013,-0.32772,0.91872,-0.67,1.09,0.15,-0.31156,-0.02762,-0.23839,0.91942,-0.67,1.11,0.17,0.25461,-0.16698,-0.26109,0.91604,-0.68,1.1,0.19,0.61437,-0.30431,-0.17186,0.7074,-0.69,1.08,0.19,0.61437,-0.30431,-0.17186,0.7074,-0.81,1.08,0.19
-0.8,1.45,-0.15,-0.8,1.45,-0.15,-0.86,1.1,0.11,0.36245,-0.05347,-0.20286,-0.90808,-0.86,1.06,0.06,0.36245,-0.05347,-0.20286,-0.90808,-0.83,1.08,0.09,0.44858,-0.12745,0.49656,-0.7321,-0.81,1.1,0.1,0.2036,0.02959,0.4329,-0.87765,-0.8,1.11,0.14,0.08022,0.04855,0.50497,-0.85803,-0.8,1.12,0.16,0.08022,0.04855,0.50497,-0.85803,-0.84,1.08,0.09,0.36245,-0.05347,-0.20286,-0.90808,-0.84,1.13,0.13,-0.06667,-0.13318,-0.105,-0.98326,-0.83,1.12,0.16,-0.40993,-0.162,-0.07741,-0.89427,-0.82,1.11,0.18,-0.53112,-0.14285,-0.06034,-0.83299,-0.81,1.09,0.19,-0.53112,-0.14285,-0.06034,-0.83299,-0.85,1.08,0.09,0.36245,-0.05347,-0.20286,-0.90808,-0.86,1.12,0.13,-0.02404,-0.13092,-0.17285,-0.97591,-0.85,1.12,0.17,-0.4002,-0.18745,-0.12152,-0.88879,-0.84,1.1,0.19,-0.59045,-0.19103,-0.13846,-0.77182,-0.83,1.08,0.19,-0.59045,-0.19103,-0.13846,-0.77182,-0.87,1.07,0.09,0.36245,-0.05347,-0.20286,-0.90808,-0.88,1.11,0.13,0.08744,-0.09255,-0.25129,-0.9595,-0.87,1.12,0.17,-0.35849,-0.21212,-0.22014,-0.88206,-0.86,1.1,0.19,-0.59474,-0.28594,-0.17589,-0.73047,-0.84,1.08,0.19,-0.59474,-0.28594,-0.17589,-0.73047,-0.88,1.07,0.09,0.2947,-0.00308,-0.43427,-0.85121,-0.89,1.09,0.13,0.18822,-0.06531,-0.34045,-0.91891,-0.89,1.1,0.16,-0.27896,-0.2145,-0.34132,-0.87159,-0.88,1.1,0.18,-0.51391,-0.34892,-0.27114,-0.73528,-0.86,1.08,0.18,-0.51391,-0.34892,-0.27114,-0.73528,-0.7,1.09,0.13,-0.24439,-0.13121,-0.07378,0.95792,-0.69,1.06,0.07,-0.24439,-0.13121,-0.07378,0.95792,-0.73,1.07,0.1,-0.42635,-0.24212,0.513,0.70458,-0.75,1.08,0.11,-0.27052,-0.12503,0.47113,0.83019,-0.77,1.09,0.14,-0.25416,-0.15433,0.55297,0.77834,-0.78,1.1,0.16,-0.25416,-0.15433,0.55297,0.77834,-0.72,1.07,0.1,-0.24439,-0.13121,-0.07378,0.95792,-0.73,1.1,0.15,-0.05714,-0.21845,0.02413,0.97388,-0.75,1.11,0.18,0.27146,-0.20147,0.06916,0.93858,-0.76,1.09,0.2,0.4293,-0.16057,0.09268,0.88393,-0.76,1.08,0.21,0.4293,-0.16057,0.09268,0.88393,-0.7,1.07,0.1,-0.24439,-0.13121,-0.07378,0.95792,-0.71,1.1,0.15,-0.10757,-0.1437,-0.06211,0.98179,-0.72,1.11,0.19,0.27962,-0.1582,-0.01473,0.94688,-0.73,1.1,0.21,0.49872,-0.14783,-0.04215,0.85302,-0.74,1.08,0.22,0.49872,-0.14783,-0.04215,0.85302,-0.68,1.07,0.11,-0.24439,-0.13121,-0.07378,0.95792,-0.69,1.1,0.15,-0.19852,-0.09321,-0.133,0.96655,-0.7,1.11,0.19,0.30278,-0.16793,-0.10756,0.93196,-0.71,1.1,0.21,0.58543,-0.2148,-0.07497,0.77815,-0.72,1.08,0.21,0.58543,-0.2148,-0.07497,0.77815,-0.68,1.07,0.11,-0.18152,-0.04452,-0.30164,0.93492,-0.67,1.08,0.15,-0.30496,-0.02007,-0.20905,0.92892,-0.67,1.1,0.18,0.25891,-0.14252,-0.24216,0.92413,-0.68,1.09,0.19,0.60471,-0.27103,-0.17146,0.72902,-0.69,1.08,0.2,0.60471,-0.27103,-0.17146,0.72902,-0.81,1.08,0.19
-0.8,1.45,-0.15,-0.8,1.45,-0.15,-0.86,1.1,0.11,0.35863,-0.05549,-0.19308,-0.91161,-0.86,1.06,0.06,0.35863,-0.05549,-0.19308,-0.91161,-0.83,1.08,0.09,0.44284,-0.13308,0.50517,-0.72869,-0.8,1.1,0.11,0.19873,0.02751,0.44332,-0.87362,-0.8,1.11,0.14,0.07334,0.04875,0.51465,-0.85287,-0.8,1.11,0.16,0.07334,0.04875,0.51465,-0.85287,-0.84,1.08,0.09,0.35863,-0.05549,-0.19308,-0.91161,-0.84,1.12,0.13,-0.04588,-0.12762,-0.10014,-0.98569,-0.83,1.12,0.16,-0.39255,-0.15575,-0.07459,-0.90337,-0.82,1.11,0.18,-0.51575,-0.13642,-0.05881,-0.84376,-0.81,1.09,0.19,-0.51575,-0.13642,-0.05881,-0.84376,-0.85,1.08,0.09,0.35863,-0.05549,-0.19308,-0.91161,-0.86,1.12,0.13,0.01898,-0.11734,-0.17223,-0.97786,-0.85,1.12,0.17,-0.36412,-0.17565,-0.12561,-0.90597,-0.84,1.11,0.19,-0.55473,-0.18246,-0.14618,-0.79851,-0.83,1.09,0.2,-0.55473,-0.18246,-0.14618,-0.79851,-0.87,1.07,0.09,0.35863,-0.05549,-0.19308,-0.91161,-0.87,1.11,0.13,0.10998,-0.08325,-0.24497,-0.95967,-0.87,1.12,0.17,-0.34079,-0.20252,-0.21795,-0.89182,-0.86,1.1,0.19,-0.57874,-0.27642,-0.17671,-0.7466,-0.84,1.09,0.19,-0.57874,-0.27642,-0.17671,-0.7466,-0.88,1.07,0.09,0.29189,-0.00356,-0.42496,-0.85685,-0.89,1.09,0.13,0.18752,-0.06267,-0.33134,-0.92257,-0.89,1.1,0.16,-0.28082,-0.20772,-0.33485,-0.87514,-0.88,1.09,0.18,-0.5173,-0.34074,-0.26703,-0.73823,-0.86,1.08,0.18,-0.5173,-0.34074,-0.26703,-0.73823,-0.71,1.09,0.13,-0.23215,-0.12989,-0.06557,0.96174,-0.69,1.06,0.07,-0.23215,-0.12989,-0.06557,0.96174,-0.73,1.07,0.1,-0.41987,-0.24742,0.51163,0.70762,-0.75,1.08,0.11,-0.26434,-0.13055,0.47072,0.83157,-0.77,1.09,0.14,-0.24707,-0.15946,0.55244,0.77996,-0.78,1.09,0.16,-0.24707,-0.15946,0.55244,0.77996,-0.72,1.07,0.1,-0.23215,-0.12989,-0.06557,0.96174,-0.73,1.1,0.15,-0.07134,-0.19677,0.01577,0.97772,-0.75,1.11,0.18,0.27149,-0.18338,0.05659,0.94311,-0.75,1.09,0.2,0.43728,-0.14424,0.07847,0.88421,-0.76,1.08,0.21,0.43728,-0.14424,0.07847,0.88421,-0.7,1.07,0.1,-0.23215,-0.12989,-0.06557,0.96174,-0.71,1.1,0.15,-0.09589,-0.14202,-0.05404,0.98373,-0.72,1.11,0.19,0.27253,-0.15322,-0.01093,0.94981,-0.73,1.1,0.21,0.46982,-0.14277,-0.04122,0.87016,-0.74,1.08,0.23,0.46982,-0.14277,-0.04122,0.87016,-0.68,1.07,0.11,-0.23215,-0.12989,-0.06557,0.96174,-0.69,1.09,0.15,-0.19663,-0.09435,-0.12436,0.96797,-0.7,1.11,0.19,0.28639,-0.16273,-0.10243,0.93862,-0.71,1.1,0.21,0.54998,-0.20792,-0.07544,0.80536,-0.72,1.08,0.22,0.54998,-0.20792,-0.07544,0.80536,-0.68,1.07,0.11,-0.17102,-0.04003,-0.29279,0.9399,-0.68,1.08,0.15,-0.32076,-0.0216,-0.19868,0.92584,-0.67,1.1,0.18,0.23991,-0.13846,-0.23309,0.93217,-0.68,1.09,0.19,0.57319,-0.26063,-0.16937,0.75819,-0.69,1.08,0.2,0.57319,-0.26063,-0.16937,0.75819,-0.81,1.08,0.19
