-0.79,1.46,-0.17,-0.79,1.46,-0.17,-0.85,1.09,0.11,0.24334,-0.10803,-0.12369,-0.95594,-0.86,1.06,0.06,0.24334,-0.10803,-0.12369,-0.95594,-0.82,1.07,0.08,0.40687,-0.26057,0.49654,-0.72111,-0.8,1.08,0.1,0.13665,-0.08168,0.4808,-0.86225,-0.79,1.09,0.13,0.02116,-0.06017,0.56002,-0.82602,-0.79,1.09,0.16,0.02116,-0.06017,0.56002,-0.82602,-0.83,1.08,0.09,0.24334,-0.10803,-0.12369,-0.95594,-0.82,1.11,0.13,0.03245,-0.17572,-0.03777,-0.98318,-0.81,1.11,0.17,-0.20954,-0.17967,-0.0203,-0.96094,-0.8,1.1,0.19,-0.33121,-0.15433,-0.00901,-0.93081,-0.8,1.09,0.21,-0.33121,-0.15433,-0.00901,-0.93081,-0.85,1.07,0.09,0.24334,-0.10803,-0.12369,-0.95594,-0.85,1.11,0.14,0.11922,-0.10534,-0.12381,-0.97947,-0.84,1.12,0.18,-0.22926,-0.14307,-0.09211,-0.95838,-0.83,1.11,0.2,-0.40042,-0.14969,-0.12474,-0.89538,-0.82,1.09,0.22,-0.40042,-0.14969,-0.12474,-0.89538,-0.87,1.07,0.09,0.24334,-0.10803,-0.12369,-0.95594,-0.86,1.1,0.14,0.2041,-0.06289,-0.18577,-0.9591,-0.86,1.11,0.17,-0.22979,-0.15641,-0.17736,-0.94408,-0.85,1.1,0.2,-0.46222,-0.22074,-0.15345,-0.84503,-0.84,1.09,0.21,-0.46222,-0.22074,-0.15345,-0.84503,-0.87,1.07,0.09,0.17833,-0.02307,-0.34982,-0.9194,-0.88,1.08,0.14,0.22452,-0.04276,-0.25531,-0.93946,-0.88,1.1,0.16,-0.19186,-0.13881,-0.28645,-0.92837,-0.87,1.09,0.18,-0.43231,-0.25781,-0.24272,-0.82929,-0.86,1.08,0.19,-0.43231,-0.25781,-0.24272,-0.82929,-0.7,1.1,0.11,-0.33029,-0.16159,-0.13479,0.92012,-0.69,1.06,0.07,-0.33029,-0.16159,-0.13479,0.92012,-0.73,1.07,0.09,-0.42547,-0.24131,0.57158,0.65882,-0.75,1.08,0.11,-0.25819,-0.09694,0.53662,0.79748,-0.77,1.09,0.13,-0.15478,-0.06223,0.61803,0.76825,-0.77,1.1,0.16,-0.15478,-0.06223,0.61803,0.76825,-0.71,1.08,0.09,-0.33029,-0.16159,-0.13479,0.92012,-0.73,1.12,0.13,-0.0896,-0.20252,-0.0382,0.97442,-0.74,1.13,0.16,0.29027,-0.2072,0.01621,0.9341,-0.75,1.11,0.18,0.43393,-0.17554,0.03881,0.88283,-0.76,1.1,0.19,0.43393,-0.17554,0.03881,0.88283,-0.7,1.08,0.09,-0.33029,-0.16159,-0.13479,0.92012,-0.71,1.12,0.13,-0.01023,-0.19108,-0.08777,0.97759,-0.72,1.12,0.17,0.37167,-0.2106,-0.01946,0.90395,-0.73,1.1,0.19,0.5309,-0.19452,-0.03992,0.82384,-0.74,1.08,0.2,0.5309,-0.19452,-0.03992,0.82384,-0.68,1.07,0.1,-0.33029,-0.16159,-0.13479,0.92012,-0.69,1.11,0.14,-0.06401,-0.15472,-0.16976,0.97116,-0.7,1.12,0.17,0.40608,-0.23181,-0.11588,0.87632,-0.71,1.1,0.19,0.62675,-0.27316,-0.07625,0.72577,-0.73,1.08,0.19,0.62675,-0.27316,-0.07625,0.72577,-0.68,1.07,0.1,-0.25051,-0.09814,-0.36438,0.89154,-0.68,1.09,0.14,-0.28728,-0.04599,-0.28529,0.91322,-0.67,1.11,0.17,0.32639,-0.22224,-0.2787,0.87545,-0.68,1.1,0.18,0.5919,-0.34459,-0.19921,0.70088,-0.7,1.09,0.18,0.5919,-0.34459,-0.19921,0.70088,-0.81,1.08,0.19
-0.79,1.46,-0.17,-0.79,1.46,-0.17,-0.85,1.09,0.11,0.24136,-0.10868,-0.12041,-0.95678,-0.86,1.06,0.06,0.24136,-0.10868,-0.12041,-0.95678,-0.82,1.07,0.08,0.40815,-0.26297,0.49487,-0.72067,-0.8,1.08,0.1,0.13371,-0.08231,0.48069,-0.86272,-0.79,1.09,0.13,0.00121,-0.0496,0.55958,-0.82729,-0.79,1.09,0.16,0.00121,-0.0496,0.55958,-0.82729,-0.84,1.08,0.09,0.24136,-0.10868,-0.12041,-0.95678,-0.82,1.11,0.13,0.02392,-0.17597,-0.03318,-0.98355,-0.81,1.11,0.17,-0.22344,-0.17868,-0.01475,-0.95809,-0.8,1.1,0.19,-0.34873,-0.15253,-0.00246,-0.92472,-0.8,1.09,0.21,-0.34873,-0.15253,-0.00246,-0.92472,-0.85,1.07,0.09,0.24136,-0.10868,-0.12041,-0.95678,-0.85,1.11,0.14,0.1165,-0.10373,-0.12102,-0.98032,-0.84,1.12,0.18,-0.25953,-0.14307,-0.08605,-0.95119,-0.83,1.1,0.2,-0.4555,-0.14899,-0.11671,-0.86989,-0.82,1.09,0.21,-0.4555,-0.14899,-0.11671,-0.86989,-0.87,1.07,0.09,0.24136,-0.10868,-0.12041,-0.95678,-0.86,1.1,0.14,0.20661,-0.0615,-0.18293,-0.9592,-0.86,1.11,0.17,-0.26679,-0.16099,-0.1697,-0.93494,-0.85,1.1,0.19,-0.52532,-0.22598,-0.14012,-0.80829,-0.84,1.08,0.2,-0.52532,-0.22598,-0.14012,-0.80829,-0.88,1.07,0.1,0.17673,-0.0231,-0.34654,-0.92095,-0.88,1.08,0.14,0.22987,-0.04312,-0.2517,-0.93912,-0.88,1.1,0.16,-0.21836,-0.14725,-0.27971,-0.92325,-0.87,1.09,0.18,-0.49542,-0.27368,-0.22411,-0.79337,-0.86,1.08,0.19,-0.49542,-0.27368,-0.22411,-0.79337,-0.7,1.1,0.12,-0.32209,-0.15294,-0.13671,0.92422,-0.69,1.06,0.07,-0.32209,-0.15294,-0.13671,0.92422,-0.73,1.07,0.09,-0.41885,-0.24815,0.56653,0.66485,-0.75,1.08,0.11,-0.24659,-0.10192,0.53382,0.80239,-0.76,1.09,0.14,-0.14326,-0.06856,0.61556,0.77192,-0.77,1.09,0.16,-0.14326,-0.06856,0.61556,0.77192,-0.71,1.08,0.09,-0.32209,-0.15294,-0.13671,0.92422,-0.73,1.12,0.13,-0.09177,-0.19309,-0.04601,0.9758,-0.74,1.12,0.17,0.27843,-0.20153,0.0032,0.93907,-0.75,1.11,0.18,0.42109,-0.17207,0.02427,0.89022,-0.76,1.1,0.2,0.42109,-0.17207,0.02427,0.89022,-0.7,1.08,0.09,-0.32209,-0.15294,-0.13671,0.92422,-0.71,1.12,0.14,-0.04187,-0.17483,-0.10321,0.97828,-0.72,1.12,0.18,0.33939,-0.20188,-0.04067,0.91783,-0.73,1.11,0.19,0.50046,-0.19153,-0.06291,0.84196,-0.74,1.09,0.21,0.50046,-0.19153,-0.06291,0.84196,-0.68,1.07,0.1,-0.32209,-0.15294,-0.13671,0.92422,-0.69,1.11,0.14,-0.06085,-0.14278,-0.17579,0.97212,-0.7,1.11,0.18,0.41331,-0.22463,-0.12584,0.87343,-0.71,1.1,0.19,0.63746,-0.26898,-0.0865,0.71681,-0.72,1.08,0.19,0.63746,-0.26898,-0.0865,0.71681,-0.68,1.07,0.1,-0.24402,-0.08753,-0.36609,0.89374,-0.67,1.09,0.14,-0.26709,-0.04608,-0.28513,0.91937,-0.67,1.11,0.17,0.35008,-0.22164,-0.278,0.86662,-0.68,1.1,0.18,0.61539,-0.34446,-0.19797,0.68077,-0.7,1.08,0.18,0.61539,-0.34446,-0.19797,0.68077,-0.81,1.08,0.19
-0.79,1.46,-0.17,-0.79,1.46,-0.17,-0.85,1.09,0.12,0.23524,-0.0962,-0.11873,-0.95985,-0.86,1.06,0.06,0.23524,-0.0962,-0.11873,-0.95985,-0.82,1.07,0.09,0.39935,-0.25748,0.49435,-0.72791,-0.8,1.08,0.1,0.11844,-0.07357,0.47887,-0.86674,-0.79,1.09,0.14,-0.03292,-0.03061,0.55549,-0.83031,-0.79,1.09,0.16,-0.03292,-0.03061,0.55549,-0.83031,-0.84,1.08,0.09,0.23524,-0.0962,-0.11873,-0.95985,-0.83,1.11,0.14,0.00937,-0.16326,-0.03366,-0.98596,-0.81,1.11,0.17,-0.24722,-0.16628,-0.01674,-0.95444,-0.81,1.1,0.19,-0.38275,-0.14033,-0.00347,-0.91313,-0.8,1.08,0.21,-0.38275,-0.14033,-0.00347,-0.91313,-0.85,1.07,0.09,0.23524,-0.0962,-0.11873,-0.95985,-0.85,1.11,0.14,0.11705,-0.09015,-0.12148,-0.98154,-0.84,1.12,0.18,-0.26795,-0.13148,-0.09039,-0.95013,-0.83,1.1,0.2,-0.47721,-0.13928,-0.1224,-0.859,-0.82,1.08,0.22,-0.47721,-0.13928,-0.1224,-0.859,-0.87,1.07,0.09,0.23524,-0.0962,-0.11873,-0.95985,-0.86,1.1,0.14,0.21427,-0.04789,-0.18169,-0.95853,-0.86,1.11,0.18,-0.27331,-0.15123,-0.1729,-0.9341,-0.85,1.1,0.2,-0.54728,-0.2195,-0.14307,-0.79488,-0.84,1.08,0.21,-0.54728,-0.2195,-0.14307,-0.79488,-0.88,1.07,0.1,0.17357,-0.0093,-0.34491,-0.9224,-0.88,1.08,0.14,0.23914,-0.03637,-0.2482,-0.93802,-0.88,1.1,0.17,-0.22825,-0.14593,-0.27759,-0.92171,-0.87,1.09,0.18,-0.5329,-0.27871,-0.21436,-0.76967,-0.86,1.07,0.19,-0.5329,-0.27871,-0.21436,-0.76967,-0.7,1.1,0.11,-0.33082,-0.15528,-0.13874,0.92043,-0.69,1.06,0.07,-0.33082,-0.15528,-0.13874,0.92043,-0.73,1.07,0.09,-0.44441,-0.24731,0.54904,0.66325,-0.75,1.08,0.1,-0.25906,-0.09967,0.51801,0.80909,-0.77,1.09,0.13,-0.14219,-0.05731,0.60079,0.78457,-0.77,1.1,0.16,-0.14219,-0.05731,0.60079,0.78457,-0.71,1.08,0.09,-0.33082,-0.15528,-0.13874,0.92043,-0.73,1.12,0.13,-0.15348,-0.18813,-0.06205,0.96809,-0.74,1.13,0.16,0.22658,-0.20451,-0.01132,0.95221,-0.75,1.12,0.18,0.3871,-0.17776,0.01219,0.90466,-0.76,1.11,0.2,0.3871,-0.17776,0.01219,0.90466,-0.7,1.08,0.09,-0.33082,-0.15528,-0.13874,0.92043,-0.71,1.12,0.14,-0.1311,-0.16061,-0.12383,0.9704,-0.72,1.13,0.17,0.25107,-0.19763,-0.06561,0.94531,-0.73,1.12,0.2,0.41921,-0.19708,-0.08902,0.88176,-0.74,1.1,0.21,0.41921,-0.19708,-0.08902,0.88176,-0.68,1.07,0.1,-0.33082,-0.15528,-0.13874,0.92043,-0.69,1.11,0.14,-0.13416,-0.13199,-0.18855,0.96386,-0.7,1.12,0.18,0.34802,-0.2247,-0.14005,0.89932,-0.71,1.11,0.19,0.58443,-0.27505,-0.09783,0.75711,-0.72,1.09,0.2,0.58443,-0.27505,-0.09783,0.75711,-0.68,1.07,0.1,-0.25177,-0.09217,-0.36845,0.89014,-0.67,1.09,0.14,-0.30113,-0.04581,-0.28723,0.90814,-0.67,1.11,0.17,0.31294,-0.22466,-0.27994,0.87934,-0.68,1.1,0.18,0.59159,-0.35004,-0.19407,0.69988,-0.7,1.09,0.18,0.59159,-0.35004,-0.19407,0.69988,-0.81,1.08,0.19
-0.79,1.46,-0.17,-0.79,1.46,-0.17,-0.85,1.09,0.12,0.23604,-0.08777,-0.12432,-0.95975,-0.86,1.06,0.06,0.23604,-0.08777,-0.12432,-0.95975,-0.82,1.07,0.09,0.39952,-0.24867,0.4891,-0.73439,-0.8,1.08,0.1,0.11444,-0.06561,0.47075,-0.87235,-0.79,1.09,0.14,-0.04211,-0.02187,0.54629,-0.83625,-0.79,1.09,0.16,-0.04211,-0.02187,0.54629,-0.83625,-0.84,1.08,0.09,0.23604,-0.08777,-0.12432,-0.95975,-0.83,1.11,0.14,0.00742,-0.15541,-0.04106,-0.98697,-0.82,1.11,0.17,-0.25448,-0.16068,-0.02502,-0.95331,-0.81,1.1,0.19,-0.39547,-0.13599,-0.01131,-0.90829,-0.8,1.08,0.21,-0.39547,-0.13599,-0.01131,-0.90829,-0.85,1.07,0.09,0.23604,-0.08777,-0.12432,-0.95975,-0.85,1.11,0.14,0.12489,-0.08206,-0.12848,-0.98039,-0.84,1.12,0.18,-0.25965,-0.12673,-0.1,-0.95211,-0.83,1.1,0.2,-0.47106,-0.13751,-0.13275,-0.86115,-0.83,1.09,0.22,-0.47106,-0.13751,-0.13275,-0.86115,-0.87,1.07,0.09,0.23604,-0.08777,-0.12432,-0.95975,-0.87,1.1,0.14,0.22447,-0.04168,-0.18711,-0.95544,-0.87,1.11,0.18,-0.26538,-0.1493,-0.17998,-0.93535,-0.86,1.1,0.2,-0.54356,-0.22054,-0.14947,-0.79597,-0.84,1.08,0.21,-0.54356,-0.22054,-0.14947,-0.79597,-0.88,1.07,0.1,0.1753,-0.00141,-0.35057,-0.91998,-0.88,1.08,0.14,0.25124,-0.03377,-0.25238,-0.93383,-0.88,1.1,0.17,-0.22575,-0.14953,-0.28123,-0.92064,-0.88,1.09,0.18,-0.54339,-0.28659,-0.21204,-0.76002,-0.86,1.08,0.19,-0.54339,-0.28659,-0.21204,-0.76002,-0.7,1.1,0.11,-0.32274,-0.16798,-0.14082,0.92075,-0.69,1.06,0.07,-0.32274,-0.16798,-0.14082,0.92075,-0.73,1.07,0.09,-0.45189,-0.25631,0.53886,0.66312,-0.75,1.08,0.1,-0.25947,-0.1079,0.5114,0.8121,-0.77,1.09,0.13,-0.13084,-0.05724,0.59542,0.79062,-0.77,1.1,0.15,-0.13084,-0.05724,0.59542,0.79062,-0.71,1.08,0.09,-0.32274,-0.16798,-0.14082,0.92075,-0.73,1.12,0.13,-0.18078,-0.19265,-0.07343,0.96167,-0.74,1.13,0.16,0.21404,-0.21396,-0.0165,0.95296,-0.75,1.12,0.18,0.39451,-0.18808,0.01283,0.89935,-0.76,1.11,0.2,0.39451,-0.18808,0.01283,0.89935,-0.7,1.08,0.09,-0.32274,-0.16798,-0.14082,0.92075,-0.71,1.12,0.14,-0.14696,-0.16504,-0.13023,0.96654,-0.72,1.13,0.17,0.24166,-0.20485,-0.06836,0.94603,-0.73,1.12,0.19,0.41565,-0.2055,-0.08979,0.88144,-0.74,1.1,0.21,0.41565,-0.2055,-0.08979,0.88144,-0.68,1.07,0.1,-0.32274,-0.16798,-0.14082,0.92075,-0.69,1.11,0.14,-0.13758,-0.14125,-0.18992,0.9618,-0.7,1.12,0.18,0.35771,-0.23546,-0.13351,0.89374,-0.71,1.1,0.19,0.59839,-0.28355,-0.08701,0.74428,-0.73,1.08,0.2,0.59839,-0.28355,-0.08701,0.74428,-0.68,1.07,0.1,-0.24102,-0.10279,-0.36917,0.89166,-0.68,1.09,0.14,-0.30089,-0.05675,-0.28795,0.90737,-0.67,1.11,0.17,0.31392,-0.23387,-0.27381,0.87852,-0.69,1.1,0.18,0.59629,-0.35727,-0.18338,0.6951,-0.7,1.09,0.18,0.59629,-0.35727,-0.18338,0.6951,-0.81,1.08,0.19
-0.79,1.47,-0.17,-0.79,1.47,-0.17,-0.85,1.09,0.11,0.25722,-0.08823,-0.14504,-0.95132,-0.86,1.06,0.06,0.25722,-0.08823,-0.14504,-0.95132,-0.82,1.08,0.09,0.42093,-0.23156,0.47687,-0.73607,-0.8,1.09,0.1,0.13328,-0.05478,0.45263,-0.87998,-0.79,1.09,0.14,-0.02563,-0.01245,0.52818,-0.84865,-0.79,1.09,0.16,-0.02563,-0.01245,0.52818,-0.84865,-0.84,1.08,0.09,0.25722,-0.08823,-0.14504,-0.95132,-0.83,1.11,0.14,0.00249,-0.15637,-0.05732,-0.98603,-0.82,1.11,0.17,-0.2845,-0.16675,-0.03591,-0.94338,-0.81,1.1,0.19,-0.4313,-0.14355,-0.01899,-0.89051,-0.8,1.08,0.2,-0.4313,-0.14355,-0.01899,-0.89051,-0.85,1.08,0.09,0.25722,-0.08823,-0.14504,-0.95132,-0.85,1.11,0.14,0.13632,-0.08794,-0.14804,-0.97559,-0.84,1.12,0.18,-0.25082,-0.14019,-0.11526,-0.95087,-0.84,1.11,0.2,-0.4611,-0.15434,-0.14459,-0.86178,-0.83,1.09,0.22,-0.4611,-0.15434,-0.14459,-0.86178,-0.87,1.07,0.09,0.25722,-0.08823,-0.14504,-0.95132,-0.87,1.1,0.14,0.23664,-0.04897,-0.2074,-0.94794,-0.87,1.12,0.17,-0.25632,-0.16694,-0.19291,-0.93232,-0.86,1.11,0.19,-0.53384,-0.2414,-0.15589,-0.79526,-0.84,1.09,0.2,-0.53384,-0.2414,-0.15589,-0.79526,-0.88,1.07,0.1,0.19296,-0.0078,-0.37185,-0.90798,-0.88,1.08,0.14,0.26871,-0.04278,-0.27284,-0.92278,-0.88,1.1,0.16,-0.21834,-0.17232,-0.29279,-0.91483,-0.87,1.09,0.18,-0.53702,-0.31255,-0.21262,-0.75413,-0.86,1.08,0.19,-0.53702,-0.31255,-0.21262,-0.75413,-0.71,1.09,0.12,-0.3124,-0.17363,-0.1392,0.92352,-0.69,1.06,0.07,-0.3124,-0.17363,-0.1392,0.92352,-0.73,1.07,0.09,-0.44574,-0.26515,0.53925,0.6635,-0.75,1.08,0.1,-0.25125,-0.11475,0.51471,0.81165,-0.77,1.09,0.13,-0.12221,-0.06347,0.59916,0.78869,-0.77,1.09,0.15,-0.12221,-0.06347,0.59916,0.78869,-0.72,1.08,0.09,-0.3124,-0.17363,-0.1392,0.92352,-0.73,1.12,0.13,-0.17014,-0.19386,-0.07322,0.96338,-0.74,1.13,0.16,0.23162,-0.21484,-0.01429,0.94868,-0.75,1.12,0.18,0.41717,-0.18827,0.01709,0.88895,-0.76,1.1,0.2,0.41717,-0.18827,0.01709,0.88895,-0.7,1.07,0.09,-0.3124,-0.17363,-0.1392,0.92352,-0.71,1.12,0.14,-0.13256,-0.16691,-0.12854,0.96853,-0.72,1.13,0.17,0.26891,-0.20663,-0.06324,0.93861,-0.73,1.11,0.2,0.44748,-0.20495,-0.08336,0.86649,-0.74,1.1,0.21,0.44748,-0.20495,-0.08336,0.86649,-0.68,1.07,0.1,-0.3124,-0.17363,-0.1392,0.92352,-0.69,1.11,0.14,-0.11713,-0.14632,-0.1858,0.96454,-0.7,1.12,0.18,0.39132,-0.23891,-0.12433,0.87996,-0.72,1.1,0.19,0.63345,-0.28348,-0.07598,0.71597,-0.73,1.08,0.19,0.63345,-0.28348,-0.07598,0.71597,-0.68,1.07,0.11,-0.23002,-0.1057,-0.36662,0.89527,-0.68,1.09,0.14,-0.27957,-0.06792,-0.28436,0.91453,-0.68,1.11,0.17,0.33529,-0.23852,-0.26479,0.87211,-0.69,1.1,0.18,0.61303,-0.35783,-0.17488,0.68232,-0.7,1.08,0.18,0.61303,-0.35783,-0.17488,0.68232,-0.81,1.08,0.19
-0.79,1.47,-0.17,-0.79,1.47,-0.17,-0.85,1.1,0.11,0.30365,-0.10679,-0.17267,-0.9309,-0.86,1.06,0.06,0.30365,-0.10679,-0.17267,-0.9309,-0.82,1.08,0.08,0.46506,-0.20879,0.46693,-0.72257,-0.8,1.1,0.1,0.18367,-0.04257,0.43447,-0.88073,-0.79,1.1,0.13,0.02542,-0.00049,0.51093,-0.85925,-0.79,1.11,0.15,0.02542,-0.00049,0.51093,-0.85925,-0.84,1.08,0.08,0.30365,-0.10679,-0.17267,-0.9309,-0.83,1.12,0.13,-0.0006,-0.18309,-0.06519,-0.98093,-0.82,1.12,0.16,-0.32018,-0.19569,-0.02858,-0.92649,-0.81,1.11,0.18,-0.46777,-0.17084,-0.00536,-0.86717,-0.8,1.09,0.19,-0.46777,-0.17084,-0.00536,-0.86717,-0.85,1.08,0.09,0.30365,-0.10679,-0.17267,-0.9309,-0.85,1.12,0.13,0.13735,-0.12104,-0.1671,-0.96879,-0.84,1.13,0.17,-0.26982,-0.18085,-0.11585,-0.93865,-0.83,1.12,0.19,-0.48129,-0.19289,-0.13539,-0.84429,-0.82,1.1,0.21,-0.48129,-0.19289,-0.13539,-0.84429,-0.87,1.08,0.09,0.30365,-0.10679,-0.17267,-0.9309,-0.87,1.11,0.14,0.2325,-0.08328,-0.23193,-0.94086,-0.86,1.12,0.17,-0.27364,-0.21185,-0.19398,-0.91794,-0.85,1.11,0.19,-0.54717,-0.28366,-0.14284,-0.77443,-0.84,1.1,0.2,-0.54717,-0.28366,-0.14284,-0.77443,-0.88,1.07,0.1,0.23056,-0.03876,-0.40054,-0.88595,-0.88,1.09,0.14,0.28163,-0.07433,-0.30153,-0.90788,-0.88,1.11,0.16,-0.21105,-0.21757,-0.30015,-0.90445,-0.87,1.1,0.18,-0.52053,-0.35539,-0.20412,-0.74905,-0.86,1.09,0.18,-0.52053,-0.35539,-0.20412,-0.74905,-0.7,1.1,0.12,-0.3149,-0.17132,-0.14729,0.92184,-0.69,1.06,0.07,-0.3149,-0.17132,-0.14729,0.92184,-0.73,1.07,0.09,-0.44033,-0.26048,0.54242,0.66637,-0.75,1.08,0.1,-0.2477,-0.11011,0.51611,0.81249,-0.77,1.09,0.13,-0.12552,-0.06448,0.59986,0.78757,-0.77,1.09,0.16,-0.12552,-0.06448,0.59986,0.78757,-0.72,1.08,0.09,-0.3149,-0.17132,-0.14729,0.92184,-0.73,1.12,0.13,-0.15177,-0.19372,-0.07701,0.96618,-0.74,1.13,0.16,0.2474,-0.21571,-0.01847,0.94442,-0.75,1.12,0.18,0.42947,-0.18978,0.01302,0.88282,-0.76,1.1,0.2,0.42947,-0.18978,0.01302,0.88282,-0.7,1.07,0.09,-0.3149,-0.17132,-0.14729,0.92184,-0.71,1.12,0.14,-0.11584,-0.16723,-0.13443,0.96982,-0.72,1.13,0.18,0.28957,-0.20942,-0.06746,0.93152,-0.73,1.11,0.2,0.46676,-0.20716,-0.08669,0.8554,-0.74,1.1,0.21,0.46676,-0.20716,-0.08669,0.8554,-0.68,1.07,0.1,-0.3149,-0.17132,-0.14729,0.92184,-0.69,1.11,0.14,-0.08913,-0.1504,-0.19002,0.96609,-0.7,1.11,0.18,0.41224,-0.24286,-0.12741,0.86882,-0.72,1.1,0.19,0.64866,-0.28739,-0.07865,0.70033,-0.73,1.08,0.19,0.64866,-0.28739,-0.07865,0.70033,-0.68,1.07,0.11,-0.23182,-0.10437,-0.3745,0.89169,-0.68,1.09,0.14,-0.25679,-0.07652,-0.29128,0.91835,-0.68,1.11,0.17,0.33525,-0.24145,-0.27019,0.86966,-0.69,1.1,0.18,0.59801,-0.35934,-0.18536,0.69202,-0.71,1.08,0.18,0.59801,-0.35934,-0.18536,0.69202,-0.81,1.08,0.19
-0.79,1.47,-0.17,-0.79,1.47,-0.17,-0.85,1.1,0.1,0.33637,-0.14692,-0.17339,-0.9139,-0.86,1.06,0.05,0.33637,-0.14692,-0.17339,-0.9139,-0.82,1.08,0.08,0.49524,-0.21403,0.48012,-0.69168,-0.8,1.1,0.09,0.22921,-0.04994,0.44911,-0.86213,-0.79,1.11,0.12,0.07783,-0.00399,0.52755,-0.84594,-0.79,1.11,0.14,0.07783,-0.00399,0.52755,-0.84594,-0.84,1.08,0.08,0.33637,-0.14692,-0.17339,-0.9139,-0.82,1.12,0.12,-0.02673,-0.23118,-0.02679,-0.97218,-0.81,1.12,0.15,-0.36715,-0.22752,0.02943,-0.90143,-0.8,1.11,0.17,-0.51018,-0.19272,0.05869,-0.83614,-0.79,1.09,0.18,-0.51018,-0.19272,0.05869,-0.83614,-0.85,1.08,0.08,0.33637,-0.14692,-0.17339,-0.9139,-0.85,1.12,0.12,0.14783,-0.16637,-0.15658,-0.96226,-0.83,1.14,0.16,-0.27338,-0.2195,-0.0842,-0.93273,-0.82,1.12,0.18,-0.4924,-0.22354,-0.09465,-0.83583,-0.81,1.11,0.19,-0.4924,-0.22354,-0.09465,-0.83583,-0.87,1.08,0.09,0.33637,-0.14692,-0.17339,-0.9139,-0.86,1.11,0.13,0.2396,-0.12949,-0.2285,-0.93467,-0.86,1.13,0.16,-0.27488,-0.25168,-0.16524,-0.91312,-0.84,1.12,0.18,-0.55158,-0.31246,-0.10198,-0.76663,-0.83,1.1,0.19,-0.55158,-0.31246,-0.10198,-0.76663,-0.87,1.07,0.09,0.25413,-0.08678,-0.40158,-0.87557,-0.88,1.1,0.13,0.285,-0.11465,-0.30435,-0.90167,-0.88,1.11,0.16,-0.21075,-0.25507,-0.28185,-0.9006,-0.86,1.11,0.17,-0.51211,-0.3816,-0.1765,-0.74898,-0.85,1.1,0.18,-0.51211,-0.3816,-0.1765,-0.74898,-0.7,1.1,0.12,-0.31941,-0.17103,-0.14515,0.92068,-0.69,1.06,0.07,-0.31941,-0.17103,-0.14515,0.92068,-0.73,1.07,0.09,-0.43256,-0.26015,0.5547,0.66145,-0.75,1.08,0.11,-0.24148,-0.10565,0.52869,0.80685,-0.77,1.09,0.13,-0.12582,-0.06384,0.611,0.77896,-0.77,1.09,0.16,-0.12582,-0.06384,0.611,0.77896,-0.72,1.08,0.09,-0.31941,-0.17103,-0.14515,0.92068,-0.73,1.12,0.13,-0.09036,-0.19733,-0.05945,0.97435,-0.74,1.12,0.16,0.30747,-0.21052,-0.00128,0.92798,-0.75,1.11,0.18,0.48163,-0.18078,0.02977,0.85701,-0.76,1.09,0.19,0.48163,-0.18078,0.02977,0.85701,-0.7,1.07,0.09,-0.31941,-0.17103,-0.14515,0.92068,-0.71,1.12,0.14,-0.08743,-0.17143,-0.12636,0.97314,-0.72,1.13,0.18,0.3199,-0.20981,-0.05778,0.92212,-0.73,1.11,0.19,0.49458,-0.20384,-0.07681,0.84139,-0.74,1.09,0.21,0.49458,-0.20384,-0.07681,0.84139,-0.68,1.07,0.1,-0.31941,-0.17103,-0.14515,0.92068,-0.69,1.11,0.14,-0.09342,-0.15004,-0.18823,0.96609,-0.7,1.12,0.18,0.38748,-0.23897,-0.13126,0.88064,-0.72,1.1,0.19,0.61817,-0.28509,-0.08608,0.72745,-0.73,1.08,0.2,0.61817,-0.28509,-0.08608,0.72745,-0.68,1.07,0.11,-0.23656,-0.10514,-0.37282,0.89106,-0.68,1.09,0.14,-0.26459,-0.07586,-0.28979,0.91666,-0.68,1.11,0.17,0.29806,-0.23205,-0.27592,0.88385,-0.69,1.1,0.18,0.55207,-0.34947,-0.1989,0.73043,-0.7,1.09,0.19,0.55207,-0.34947,-0.1989,0.73043,-0.81,1.08,0.19
-0.79,1.47,-0.16,-0.79,1.47,-0.16,-0.85,1.1,0.1,0.31421,-0.15724,-0.16255,-0.92202,-0.86,1.06,0.05,0.31421,-0.15724,-0.16255,-0.92202,-0.82,1.08,0.08,0.47946,-0.24114,0.48662,-0.68933,-0.8,1.09,0.09,0.22082,-0.07615,0.46404,-0.85446,-0.79,1.1,0.12,0.07887,-0.0322,0.54555,-0.83374,-0.78,1.1,0.14,0.07887,-0.0322,0.54555,-0.83374,-0.83,1.08,0.08,0.31421,-0.15724,-0.16255,-0.92202,-0.82,1.12,0.12,-0.05277,-0.24786,-0.00426,-0.96735,-0.8,1.12,0.15,-0.3823,-0.23519,0.05424,-0.89196,-0.79,1.1,0.17,-0.52198,-0.19636,0.0846,-0.82572,-0.79,1.08,0.18,-0.52198,-0.19636,0.0846,-0.82572,-0.85,1.08,0.08,0.31421,-0.15724,-0.16255,-0.92202,-0.84,1.12,0.12,0.13273,-0.17247,-0.14535,-0.96515,-0.83,1.13,0.16,-0.27772,-0.21928,-0.07399,-0.93237,-0.82,1.12,0.18,-0.49403,-0.2206,-0.08522,-0.83667,-0.81,1.1,0.19,-0.49403,-0.2206,-0.08522,-0.83667,-0.87,1.08,0.09,0.31421,-0.15724,-0.16255,-0.92202,-0.86,1.11,0.13,0.22369,-0.13113,-0.2188,-0.94069,-0.85,1.13,0.16,-0.28278,-0.24605,-0.1588,-0.91339,-0.84,1.12,0.18,-0.55675,-0.30475,-0.09868,-0.76643,-0.83,1.1,0.19,-0.55675,-0.30475,-0.09868,-0.76643,-0.87,1.07,0.09,0.23192,-0.09085,-0.38946,-0.88672,-0.87,1.09,0.13,0.26178,-0.10564,-0.29654,-0.91234,-0.87,1.11,0.16,-0.22882,-0.23953,-0.28135,-0.90062,-0.86,1.1,0.17,-0.51935,-0.36498,-0.18673,-0.7498,-0.85,1.09,0.18,-0.51935,-0.36498,-0.18673,-0.7498,-0.7,1.09,0.12,-0.31581,-0.17202,-0.13478,0.92331,-0.69,1.06,0.07,-0.31581,-0.17202,-0.13478,0.92331,-0.73,1.07,0.09,-0.42284,-0.26465,0.56623,0.65617,-0.75,1.08,0.11,-0.23357,-0.10621,0.54185,0.80035,-0.77,1.09,0.14,-0.12404,-0.06781,0.62315,0.76922,-0.77,1.09,0.16,-0.12404,-0.06781,0.62315,0.76922,-0.72,1.08,0.09,-0.31581,-0.17202,-0.13478,0.92331,-0.73,1.11,0.13,-0.03039,-0.19979,-0.03492,0.97874,-0.75,1.12,0.17,0.36696,-0.20149,0.02245,0.90787,-0.75,1.1,0.18,0.53109,-0.16706,0.05204,0.82905,-0.76,1.08,0.19,0.53109,-0.16706,0.05204,0.82905,-0.7,1.07,0.1,-0.31581,-0.17202,-0.13478,0.92331,-0.71,1.12,0.14,-0.05645,-0.17504,-0.10974,0.9768,-0.72,1.12,0.18,0.3511,-0.20597,-0.0409,0.91249,-0.73,1.1,0.19,0.52273,-0.19502,-0.06067,0.82767,-0.74,1.08,0.2,0.52273,-0.19502,-0.06067,0.82767,-0.68,1.07,0.1,-0.31581,-0.17202,-0.13478,0.92331,-0.69,1.11,0.14,-0.09364,-0.1483,-0.17811,0.96825,-0.7,1.11,0.18,0.38331,-0.23195,-0.12455,0.8853,-0.72,1.1,0.19,0.61025,-0.27644,-0.08309,0.73775,-0.73,1.08,0.2,0.61025,-0.27644,-0.08309,0.73775,-0.68,1.07,0.11,-0.23428,-0.1048,-0.3628,0.89583,-0.68,1.09,0.14,-0.27048,-0.07226,-0.27986,0.91831,-0.68,1.11,0.17,0.29171,-0.22346,-0.2703,0.88989,-0.69,1.1,0.18,0.54658,-0.33943,-0.19672,0.73983,-0.7,1.09,0.19,0.54658,-0.33943,-0.19672,0.73983,-0.81,1.08,0.19
-0.79,1.47,-0.16,-0.79,1.47,-0.16,-0.85,1.1,0.1,0.30172,-0.15933,-0.15772,-0.92666,-0.86,1.06,0.05,0.30172,-0.15933,-0.15772,-0.92666,-0.82,1.08,0.07,0.47349,-0.25528,0.48434,-0.68997,-0.8,1.09,0.09,0.22698,-0.09719,0.46441,-0.85051,-0.78,1.1,0.12,0.09933,-0.06013,0.5491,-0.82765,-0.78,1.1,0.14,0.09933,-0.06013,0.5491,-0.82765,-0.83,1.08,0.08,0.30172,-0.15933,-0.15772,-0.92666,-0.82,1.12,0.12,-0.06633,-0.25724,0.00777,-0.96404,-0.8,1.11,0.15,-0.37261,-0.24118,0.06291,-0.89389,-0.79,1.1,0.17,-0.50792,-0.20149,0.09261,-0.83237,-0.79,1.08,0.18,-0.50792,-0.20149,0.09261,-0.83237,-0.85,1.08,0.08,0.30172,-0.15933,-0.15772,-0.92666,-0.84,1.12,0.13,0.12992,-0.16992,-0.14294,-0.96634,-0.83,1.13,0.16,-0.25533,-0.21389,-0.07863,-0.93961,-0.82,1.12,0.18,-0.46434,-0.21744,-0.09263,-0.85354,-0.81,1.1,0.2,-0.46434,-0.21744,-0.09263,-0.85354,-0.87,1.08,0.09,0.30172,-0.15933,-0.15772,-0.92666,-0.86,1.11,0.13,0.2206,-0.12207,-0.21736,-0.94297,-0.85,1.12,0.16,-0.26134,-0.23312,-0.16805,-0.92148,-0.84,1.11,0.18,-0.52796,-0.29513,-0.11413,-0.78812,-0.83,1.1,0.19,-0.52796,-0.29513,-0.11413,-0.78812,-0.87,1.07,0.09,0.21999,-0.08954,-0.38396,-0.89228,-0.87,1.09,0.13,0.25178,-0.08794,-0.29497,-0.91753,-0.87,1.11,0.16,-0.22122,-0.21714,-0.29221,-0.90472,-0.86,1.1,0.17,-0.49625,-0.34406,-0.21124,-0.76859,-0.85,1.09,0.18,-0.49625,-0.34406,-0.21124,-0.76859,-0.7,1.09,0.12,-0.32082,-0.17268,-0.12957,0.92221,-0.69,1.06,0.07,-0.32082,-0.17268,-0.12957,0.92221,-0.73,1.07,0.09,-0.42066,-0.26238,0.57496,0.65087,-0.75,1.08,0.11,-0.23395,-0.10208,0.55005,0.79517,-0.77,1.09,0.14,-0.13202,-0.06881,0.6304,0.76186,-0.77,1.09,0.16,-0.13202,-0.06881,0.6304,0.76186,-0.71,1.08,0.09,-0.32082,-0.17268,-0.12957,0.92221,-0.73,1.11,0.13,0.0131,-0.20484,-0.01431,0.9786,-0.75,1.11,0.16,0.40908,-0.19669,0.04367,0.88998,-0.75,1.1,0.18,0.56113,-0.15867,0.07162,0.80922,-0.76,1.08,0.19,0.56113,-0.15867,0.07162,0.80922,-0.7,1.07,0.1,-0.32082,-0.17268,-0.12957,0.92221,-0.71,1.12,0.14,-0.03716,-0.18234,-0.09655,0.97778,-0.72,1.12,0.18,0.36945,-0.20698,-0.02585,0.90554,-0.74,1.1,0.19,0.53898,-0.19211,-0.04552,0.81885,-0.74,1.08,0.2,0.53898,-0.19211,-0.04552,0.81885,-0.68,1.07,0.1,-0.32082,-0.17268,-0.12957,0.92221,-0.69,1.11,0.14,-0.10245,-0.15019,-0.17241,0.9681,-0.7,1.12,0.18,0.37715,-0.23144,-0.11817,0.88895,-0.72,1.1,0.19,0.60379,-0.27436,-0.07747,0.74442,-0.73,1.08,0.2,0.60379,-0.27436,-0.07747,0.74442,-0.68,1.07,0.11,-0.23974,-0.10653,-0.35823,0.89602,-0.68,1.09,0.14,-0.27947,-0.0721,-0.27554,0.91694,-0.68,1.11,0.17,0.28705,-0.22271,-0.26608,0.89286,-0.69,1.1,0.18,0.54398,-0.33765,-0.19248,0.74366,-0.7,1.09,0.19,0.54398,-0.33765,-0.19248,0.74366,-0.81,1.08,0.19
-0.79,1.47,-0.16,-0.79,1.47,-0.16,-0.85,1.1,0.1,0.29765,-0.15235,-0.15905,-0.92892,-0.86,1.06,0.05,0.29765,-0.15235,-0.15905,-0.92892,-0.82,1.08,0.07,0.47719,-0.2549,0.47228,-0.6959,-0.8,1.09,0.09,0.23985,-0.10717,0.45004,-0.8535,-0.78,1.1,0.12,0.12218,-0.07666,0.53702,-0.83114,-0.78,1.1,0.14,0.12218,-0.07666,0.53702,-0.83114,-0.83,1.08,0.08,0.29765,-0.15235,-0.15905,-0.92892,-0.82,1.12,0.12,-0.07346,-0.25328,0.00553,-0.96459,-0.8,1.11,0.15,-0.36526,-0.23884,0.0557,-0.89802,-0.79,1.1,0.17,-0.49538,-0.20084,0.08331,-0.84103,-0.79,1.08,0.18,-0.49538,-0.20084,0.08331,-0.84103,-0.85,1.08,0.08,0.29765,-0.15235,-0.15905,-0.92892,-0.84,1.12,0.13,0.12791,-0.16008,-0.14717,-0.96765,-0.83,1.13,0.16,-0.25078,-0.2058,-0.08783,-0.94183,-0.82,1.12,0.19,-0.45394,-0.21145,-0.10428,-0.85928,-0.81,1.1,0.2,-0.45394,-0.21145,-0.10428,-0.85928,-0.87,1.08,0.09,0.29765,-0.15235,-0.15905,-0.92892,-0.86,1.11,0.13,0.22126,-0.10968,-0.22091,-0.94351,-0.85,1.12,0.16,-0.25175,-0.22239,-0.17902,-0.92473,-0.84,1.11,0.18,-0.51099,-0.2876,-0.12991,-0.79956,-0.83,1.1,0.19,-0.51099,-0.2876,-0.12991,-0.79956,-0.87,1.07,0.09,0.21727,-0.08166,-0.38527,-0.89314,-0.87,1.09,0.13,0.25209,-0.07318,-0.29748,-0.91793,-0.87,1.11,0.16,-0.20571,-0.20075,-0.30393,-0.9083,-0.86,1.1,0.17,-0.4698,-0.32941,-0.23166,-0.78557,-0.85,1.09,0.18,-0.4698,-0.32941,-0.23166,-0.78557,-0.7,1.1,0.12,-0.33001,-0.17239,-0.136,0.91808,-0.69,1.06,0.07,-0.33001,-0.17239,-0.136,0.91808,-0.73,1.07,0.09,-0.42598,-0.25723,0.57418,0.65014,-0.75,1.08,0.11,-0.24058,-0.0985,0.54756,0.79536,-0.77,1.09,0.13,-0.14688,-0.07178,0.62789,0.76094,-0.77,1.09,0.16,-0.14688,-0.07178,0.62789,0.76094,-0.71,1.08,0.09,-0.33001,-0.17239,-0.136,0.91808,-0.73,1.12,0.13,0.01009,-0.21157,-0.01455,0.9772,-0.75,1.12,0.16,0.4077,-0.20293,0.0466,0.88906,-0.75,1.1,0.18,0.55517,-0.1647,0.07458,0.81185,-0.76,1.08,0.19,0.55517,-0.1647,0.07458,0.81185,-0.7,1.07,0.09,-0.33001,-0.17239,-0.136,0.91808,-0.71,1.12,0.14,-0.03998,-0.18933,-0.09849,0.97614,-0.72,1.12,0.17,0.36556,-0.21416,-0.02489,0.90547,-0.74,1.1,0.19,0.53596,-0.19922,-0.0432,0.81926,-0.74,1.08,0.2,0.53596,-0.19922,-0.0432,0.81926,-0.68,1.07,0.1,-0.33001,-0.17239,-0.136,0.91808,-0.69,1.11,0.14,-0.11037,-0.15537,-0.17725,0.96554,-0.7,1.12,0.18,0.37066,-0.23879,-0.11935,0.88958,-0.72,1.1,0.19,0.59806,-0.28188,-0.07636,0.74635,-0.73,1.08,0.2,0.59806,-0.28188,-0.07636,0.74635,-0.68,1.07,0.11,-0.24787,-0.10885,-0.36489,0.89082,-0.68,1.09,0.14,-0.282,-0.07613,-0.28234,0.91376,-0.68,1.11,0.17,0.29024,-0.23195,-0.26784,0.88895,-0.69,1.1,0.18,0.54701,-0.34708,-0.19079,0.73751,-0.7,1.09,0.19,0.54701,-0.34708,-0.19079,0.73751,-0.81,1.08,0.19
-0.79,1.47,-0.16,-0.79,1.47,-0.16,-0.85,1.1,0.1,0.29498,-0.13938,-0.17493,-0.92896,-0.86,1.06,0.05,0.29498,-0.13938,-0.17493,-0.92896,-0.82,1.08,0.07,0.48075,-0.23847,0.45229,-0.71235,-0.8,1.09,0.09,0.24418,-0.10009,0.42362,-0.86655,-0.79,1.1,0.12,0.12238,-0.07115,0.51132,-0.84765,-0.78,1.11,0.14,0.12238,-0.07115,0.51132,-0.84765,-0.84,1.08,0.08,0.29498,-0.13938,-0.17493,-0.92896,-0.82,1.12,0.12,-0.0826,-0.24707,-0.01314,-0.96538,-0.81,1.11,0.15,-0.37697,-0.23815,0.03679,-0.89433,-0.8,1.1,0.17,-0.5075,-0.20278,0.06502,-0.83493,-0.79,1.08,0.18,-0.5075,-0.20278,0.06502,-0.83493,-0.85,1.08,0.08,0.29498,-0.13938,-0.17493,-0.92896,-0.85,1.12,0.13,0.12374,-0.14685,-0.1664,-0.96718,-0.84,1.13,0.17,-0.25381,-0.20075,-0.11073,-0.93969,-0.82,1.12,0.19,-0.45589,-0.21109,-0.12758,-0.85518,-0.81,1.1,0.2,-0.45589,-0.21109,-0.12758,-0.85518,-0.87,1.07,0.09,0.29498,-0.13938,-0.17493,-0.92896,-0.86,1.11,0.13,0.21938,-0.09321,-0.23868,-0.94139,-0.86,1.12,0.16,-0.25126,-0.2161,-0.20242,-0.92152,-0.85,1.11,0.18,-0.50647,-0.28807,-0.15468,-0.79786,-0.83,1.1,0.19,-0.50647,-0.28807,-0.15468,-0.79786,-0.87,1.07,0.09,0.21514,-0.06883,-0.40052,-0.88801,-0.88,1.09,0.13,0.24674,-0.05706,-0.31359,-0.91516,-0.88,1.1,0.16,-0.20463,-0.19216,-0.32586,-0.90278,-0.87,1.1,0.17,-0.4618,-0.32677,-0.25666,-0.78363,-0.85,1.09,0.18,-0.4618,-0.32677,-0.25666,-0.78363,-0.7,1.1,0.11,-0.34084,-0.17477,-0.14908,0.91163,-0.69,1.06,0.07,-0.34084,-0.17477,-0.14908,0.91163,-0.73,1.07,0.09,-0.43439,-0.25333,0.56978,0.64998,-0.75,1.08,0.11,-0.24912,-0.09684,0.54187,0.79683,-0.77,1.09,0.13,-0.16077,-0.0743,0.62261,0.76223,-0.77,1.1,0.16,-0.16077,-0.0743,0.62261,0.76223,-0.71,1.08,0.09,-0.34084,-0.17477,-0.14908,0.91163,-0.73,1.12,0.13,-0.00067,-0.22246,-0.02151,0.9747,-0.75,1.12,0.16,0.39678,-0.21598,0.04464,0.89102,-0.75,1.1,0.18,0.54183,-0.17827,0.07381,0.81804,-0.76,1.08,0.18,0.54183,-0.17827,0.07381,0.81804,-0.7,1.08,0.09,-0.34084,-0.17477,-0.14908,0.91163,-0.71,1.12,0.13,-0.05299,-0.19777,-0.10908,0.97272,-0.72,1.13,0.17,0.35239,-0.22637,-0.03105,0.90753,-0.74,1.11,0.19,0.52553,-0.21313,-0.04683,0.82232,-0.75,1.09,0.2,0.52553,-0.21313,-0.04683,0.82232,-0.68,1.07,0.1,-0.34084,-0.17477,-0.14908,0.91163,-0.69,1.11,0.14,-0.11961,-0.16282,-0.18897,0.96097,-0.7,1.12,0.17,0.36025,-0.25122,-0.1258,0.88954,-0.72,1.11,0.19,0.5886,-0.29579,-0.07873,0.74823,-0.73,1.09,0.19,0.5886,-0.29579,-0.07873,0.74823,-0.68,1.07,0.11,-0.25615,-0.11454,-0.37768,0.8824,-0.68,1.09,0.14,-0.27357,-0.08703,-0.29511,0.91132,-0.68,1.11,0.17,0.29949,-0.2482,-0.27133,0.88039,-0.69,1.1,0.18,0.55309,-0.36325,-0.18919,0.7255,-0.7,1.09,0.19,0.55309,-0.36325,-0.18919,0.7255,-0.81,1.08,0.19
-0.79,1.47,-0.16,-0.79,1.47,-0.16,-0.85,1.1,0.11,0.2841,-0.10458,-0.22512,-0.92611,-0.86,1.06,0.05,0.2841,-0.10458,-0.22512,-0.92611,-0.83,1.08,0.08,0.46708,-0.20608,0.41708,-0.75194,-0.8,1.1,0.09,0.22,-0.07684,0.37797,-0.89601,-0.79,1.11,0.12,0.09021,-0.05447,0.4644,-0.87933,-0.79,1.11,0.15,0.09021,-0.05447,0.4644,-0.87933,-0.84,1.08,0.08,0.2841,-0.10458,-0.22512,-0.92611,-0.83,1.12,0.13,-0.10387,-0.23661,-0.0706,-0.96345,-0.82,1.11,0.16,-0.40518,-0.24519,-0.01861,-0.88055,-0.8,1.1,0.17,-0.53866,-0.21772,0.0133,-0.8138,-0.8,1.08,0.18,-0.53866,-0.21772,0.0133,-0.8138,-0.85,1.08,0.08,0.2841,-0.10458,-0.22512,-0.92611,-0.85,1.12,0.13,0.11513,-0.12024,-0.22202,-0.96073,-0.85,1.13,0.17,-0.25642,-0.19661,-0.17273,-0.93046,-0.83,1.12,0.19,-0.45624,-0.21987,-0.18831,-0.84145,-0.82,1.1,0.2,-0.45624,-0.21987,-0.18831,-0.84145,-0.87,1.07,0.09,0.2841,-0.10458,-0.22512,-0.92611,-0.87,1.1,0.13,0.21396,-0.05977,-0.28983,-0.93094,-0.87,1.12,0.17,-0.25032,-0.21076,-0.26261,-0.90772,-0.86,1.11,0.19,-0.50216,-0.30064,-0.21277,-0.78242,-0.84,1.09,0.2,-0.50216,-0.30064,-0.21277,-0.78242,-0.88,1.07,0.09,0.20482,-0.03421,-0.44762,-0.86978,-0.88,1.08,0.13,0.23581,-0.02069,-0.36169,-0.90174,-0.89,1.1,0.16,-0.2165,-0.1852,-0.38222,-0.87905,-0.88,1.09,0.18,-0.47521,-0.34135,-0.30806,-0.75017,-0.86,1.08,0.18,-0.47521,-0.34135,-0.30806,-0.75017,-0.7,1.1,0.11,-0.33779,-0.17766,-0.14567,0.91275,-0.69,1.06,0.07,-0.33779,-0.17766,-0.14567,0.91275,-0.73,1.07,0.09,-0.4318,-0.25821,0.57248,0.64741,-0.75,1.08,0.11,-0.24617,-0.10009,0.54625,0.79435,-0.77,1.09,0.13,-0.16228,-0.08065,0.62678,0.75783,-0.77,1.09,0.16,-0.16228,-0.08065,0.62678,0.75783,-0.71,1.08,0.09,-0.33779,-0.17766,-0.14567,0.91275,-0.73,1.12,0.13,0.00261,-0.22775,-0.01415,0.97361,-0.75,1.12,0.16,0.39826,-0.21785,0.0532,0.88944,-0.75,1.1,0.18,0.54203,-0.17877,0.08242,0.81698,-0.76,1.08,0.18,0.54203,-0.17877,0.08242,0.81698,-0.7,1.08,0.09,-0.33779,-0.17766,-0.14567,0.91275,-0.71,1.12,0.13,-0.05123,-0.19934,-0.10522,0.97292,-0.72,1.12,0.17,0.35486,-0.22623,-0.0267,0.90674,-0.74,1.11,0.19,0.53102,-0.21199,-0.04206,0.81933,-0.75,1.09,0.2,0.53102,-0.21199,-0.04206,0.81933,-0.68,1.07,0.1,-0.33779,-0.17766,-0.14567,0.91275,-0.69,1.11,0.14,-0.11835,-0.16343,-0.18574,0.96166,-0.7,1.12,0.17,0.36281,-0.2503,-0.12245,0.88923,-0.72,1.1,0.19,0.5929,-0.29402,-0.07526,0.7459,-0.73,1.08,0.19,0.5929,-0.29402,-0.07526,0.7459,-0.68,1.07,0.11,-0.25305,-0.11649,-0.37414,0.88454,-0.68,1.09,0.14,-0.26646,-0.08885,-0.29165,0.91436,-0.68,1.11,0.17,0.30671,-0.247,-0.26772,0.87934,-0.69,1.1,0.18,0.55973,-0.36092,-0.18652,0.72225,-0.71,1.09,0.19,0.55973,-0.36092,-0.18652,0.72225,-0.81,1.08,0.19
-0.79,1.47,-0.16,-0.79,1.47,-0.16,-0.85,1.1,0.11,0.28521,-0.09944,-0.23917,-0.9228,-0.86,1.06,0.05,0.28521,-0.09944,-0.23917,-0.9228,-0.83,1.08,0.08,0.46401,-0.19454,0.41156,-0.75992,-0.81,1.1,0.09,0.21409,-0.06639,0.36896,-0.90201,-0.8,1.11,0.12,0.08091,-0.0449,0.45427,-0.88604,-0.79,1.12,0.15,0.08091,-0.0449,0.45427,-0.88604,-0.84,1.09,0.08,0.28521,-0.09944,-0.23917,-0.9228,-0.83,1.12,0.13,-0.10347,-0.23723,-0.08529,-0.96215,-0.82,1.12,0.16,-0.41667,-0.25082,-0.02879,-0.8733,-0.81,1.1,0.17,-0.55225,-0.22483,0.00539,-0.80277,-0.8,1.08,0.18,-0.55225,-0.22483,0.00539,-0.80277,-0.85,1.08,0.08,0.28521,-0.09944,-0.23917,-0.9228,-0.85,1.12,0.13,0.11871,-0.11967,-0.23587,-0.95706,-0.85,1.13,0.17,-0.2523,-0.20146,-0.1856,-0.92807,-0.83,1.12,0.19,-0.45296,-0.22772,-0.19949,-0.83856,-0.82,1.1,0.2,-0.45296,-0.22772,-0.19949,-0.83856,-0.87,1.07,0.09,0.28521,-0.09944,-0.23917,-0.9228,-0.87,1.1,0.13,0.21506,-0.0603,-0.30266,-0.92656,-0.87,1.12,0.17,-0.25013,-0.21816,-0.27281,-0.903,-0.86,1.11,0.19,-0.50432,-0.31145,-0.21902,-0.77505,-0.84,1.1,0.2,-0.50432,-0.31145,-0.21902,-0.77505,-0.88,1.07,0.09,0.20505,-0.03018,-0.46079,-0.86297,-0.88,1.08,0.13,0.23064,-0.02184,-0.37493,-0.89764,-0.89,1.1,0.16,-0.23168,-0.1973,-0.39083,-0.8687,-0.88,1.09,0.18,-0.49615,-0.35917,-0.3084,-0.72782,-0.86,1.08,0.18,-0.49615,-0.35917,-0.3084,-0.72782,-0.7,1.1,0.11,-0.33983,-0.18196,-0.1432,0.91154,-0.69,1.06,0.07,-0.33983,-0.18196,-0.1432,0.91154,-0.73,1.07,0.09,-0.4354,-0.26014,0.57357,0.64326,-0.75,1.08,0.1,-0.24998,-0.10166,0.54811,0.79168,-0.77,1.09,0.13,-0.16702,-0.08221,0.62872,0.75502,-0.78,1.09,0.15,-0.16702,-0.08221,0.62872,0.75502,-0.71,1.08,0.09,-0.33983,-0.18196,-0.1432,0.91154,-0.73,1.12,0.13,0.0016,-0.23377,-0.00724,0.97226,-0.75,1.12,0.16,0.39769,-0.22056,0.06216,0.88845,-0.76,1.1,0.17,0.54183,-0.17993,0.09188,0.81584,-0.76,1.08,0.18,0.54183,-0.17993,0.09188,0.81584,-0.7,1.07,0.09,-0.33983,-0.18196,-0.1432,0.91154,-0.71,1.12,0.13,-0.05366,-0.20283,-0.10161,0.97245,-0.73,1.12,0.17,0.35565,-0.22802,-0.02118,0.90613,-0.74,1.11,0.19,0.5379,-0.21256,-0.03532,0.81501,-0.75,1.09,0.2,0.5379,-0.21256,-0.03532,0.81501,-0.68,1.07,0.1,-0.33983,-0.18196,-0.1432,0.91154,-0.69,1.11,0.14,-0.12172,-0.1663,-0.18317,0.96124,-0.7,1.12,0.17,0.36293,-0.25209,-0.11795,0.88928,-0.72,1.1,0.19,0.59751,-0.29464,-0.0691,0.74256,-0.73,1.08,0.19,0.59751,-0.29464,-0.0691,0.74256,-0.68,1.07,0.11,-0.25451,-0.1212,-0.37171,0.88452,-0.68,1.09,0.14,-0.26559,-0.09174,-0.28977,0.91492,-0.68,1.11,0.17,0.30835,-0.24835,-0.26449,0.87937,-0.69,1.1,0.18,0.56351,-0.3616,-0.18217,0.72008,-0.71,1.09,0.19,0.56351,-0.3616,-0.18217,0.72008,-0.81,1.08,0.19
-0.79,1.47,-0.16,-0.79,1.47,-0.16,-0.86,1.1,0.11,0.29975,-0.09335,-0.23556,-0.91975,-0.86,1.07,0.05,0.29975,-0.09335,-0.23556,-0.91975,-0.83,1.09,0.08,0.47122,-0.17282,0.41594,-0.75834,-0.81,1.1,0.1,0.22002,-0.04369,0.36681,-0.90285,-0.8,1.12,0.13,0.08953,-0.02461,0.44981,-0.88829,-0.79,1.12,0.15,0.08953,-0.02461,0.44981,-0.88829,-0.84,1.09,0.08,0.29975,-0.09335,-0.23556,-0.91975,-0.84,1.13,0.13,-0.07127,-0.22602,-0.08977,-0.96736,-0.82,1.12,0.16,-0.3875,-0.24252,-0.0368,-0.88864,-0.81,1.11,0.17,-0.52606,-0.21802,-0.00469,-0.82201,-0.8,1.09,0.18,-0.52606,-0.21802,-0.00469,-0.82201,-0.85,1.08,0.08,0.29975,-0.09335,-0.23556,-0.91975,-0.86,1.12,0.13,0.13479,-0.12011,-0.23045,-0.95619,-0.85,1.13,0.17,-0.24367,-0.2013,-0.179,-0.9317,-0.84,1.12,0.19,-0.4467,-0.22698,-0.19301,-0.84361,-0.82,1.11,0.2,-0.4467,-0.22698,-0.19301,-0.84361,-0.87,1.08,0.09,0.29975,-0.09335,-0.23556,-0.91975,-0.87,1.11,0.13,0.22816,-0.06477,-0.29737,-0.92484,-0.87,1.12,0.17,-0.24104,-0.22094,-0.26513,-0.90708,-0.86,1.12,0.19,-0.49723,-0.31211,-0.21064,-0.78165,-0.84,1.1,0.2,-0.49723,-0.31211,-0.21064,-0.78165,-0.88,1.07,0.09,0.22095,-0.02766,-0.45881,-0.86018,-0.88,1.09,0.13,0.2327,-0.03637,-0.37062,-0.89842,-0.89,1.1,0.16,-0.22581,-0.20586,-0.3813,-0.87249,-0.88,1.1,0.18,-0.48906,-0.3629,-0.29771,-0.73518,-0.86,1.09,0.18,-0.48906,-0.3629,-0.29771,-0.73518,-0.7,1.1,0.11,-0.34427,-0.18288,-0.14213,0.90985,-0.69,1.06,0.07,-0.34427,-0.18288,-0.14213,0.90985,-0.73,1.07,0.09,-0.44022,-0.25571,0.57347,0.64183,-0.75,1.08,0.1,-0.25423,-0.0971,0.54695,0.7917,-0.77,1.09,0.13,-0.1713,-0.07771,0.62745,0.7556,-0.78,1.1,0.15,-0.1713,-0.07771,0.62745,0.7556,-0.71,1.08,0.09,-0.34427,-0.18288,-0.14213,0.90985,-0.73,1.12,0.13,-0.00134,-0.23649,-0.0031,0.97163,-0.75,1.12,0.16,0.39902,-0.22115,0.06813,0.88726,-0.76,1.1,0.17,0.54576,-0.17922,0.09862,0.81259,-0.76,1.08,0.18,0.54576,-0.17922,0.09862,0.81259,-0.7,1.08,0.09,-0.34427,-0.18288,-0.14213,0.90985,-0.71,1.12,0.13,-0.05712,-0.20387,-0.09993,0.97221,-0.73,1.13,0.17,0.35763,-0.22842,-0.01791,0.90532,-0.74,1.11,0.19,0.54759,-0.21198,-0.03075,0.80887,-0.75,1.09,0.2,0.54759,-0.21198,-0.03075,0.80887,-0.68,1.07,0.1,-0.34427,-0.18288,-0.14213,0.90985,-0.69,1.11,0.14,-0.12648,-0.1666,-0.18258,0.96068,-0.7,1.12,0.17,0.36288,-0.25279,-0.11606,0.88935,-0.72,1.11,0.19,0.60232,-0.29492,-0.06561,0.73887,-0.73,1.09,0.19,0.60232,-0.29492,-0.06561,0.73887,-0.68,1.07,0.11,-0.2588,-0.12322,-0.37093,0.88332,-0.68,1.09,0.14,-0.2645,-0.09265,-0.28951,0.91523,-0.68,1.11,0.17,0.30975,-0.24894,-0.26371,0.87895,-0.69,1.1,0.18,0.56731,-0.36243,-0.18016,0.71718,-0.71,1.09,0.18,0.56731,-0.36243,-0.18016,0.71718,-0.81,1.08,0.19
-0.79,1.47,-0.16,-0.79,1.47,-0.16,-0.86,1.1,0.11,0.32407,-0.08087,-0.2232,-0.91576,-0.86,1.07,0.05,0.32407,-0.08087,-0.2232,-0.91576,-0.83,1.09,0.08,0.48325,-0.14375,0.42617,-0.75112,-0.81,1.11,0.1,0.22695,-0.01025,0.36853,-0.90143,-0.8,1.12,0.13,0.10665,0.00291,0.44872,-0.88728,-0.8,1.13,0.15,0.10665,0.00291,0.44872,-0.88728,-0.84,1.09,0.08,0.32407,-0.08087,-0.2232,-0.91576,-0.84,1.13,0.12,-0.0006,-0.19519,-0.10051,-0.9756,-0.82,1.13,0.16,-0.32688,-0.21899,-0.05602,-0.91763,-0.81,1.12,0.18,-0.47087,-0.19816,-0.02921,-0.85917,-0.81,1.1,0.19,-0.47087,-0.19816,-0.02921,-0.85917,-0.86,1.08,0.08,0.32407,-0.08087,-0.2232,-0.91576,-0.86,1.12,0.13,0.15785,-0.11145,-0.21801,-0.95663,-0.85,1.14,0.17,-0.23616,-0.19129,-0.16809,-0.93776,-0.84,1.13,0.19,-0.43826,-0.21513,-0.1851,-0.85287,-0.83,1.11,0.2,-0.43826,-0.21513,-0.1851,-0.85287,-0.87,1.08,0.09,0.32407,-0.08087,-0.2232,-0.91576,-0.87,1.11,0.13,0.24097,-0.0649,-0.28347,-0.92594,-0.87,1.13,0.16,-0.22712,-0.21403,-0.25347,-0.91562,-0.86,1.12,0.19,-0.4749,-0.30015,-0.2048,-0.80152,-0.85,1.11,0.2,-0.4749,-0.30015,-0.2048,-0.80152,-0.88,1.07,0.09,0.24887,-0.02094,-0.44966,-0.85757,-0.89,1.09,0.13,0.24612,-0.05039,-0.35654,-0.89987,-0.89,1.11,0.16,-0.18065,-0.1987,-0.36916,-0.88972,-0.88,1.1,0.17,-0.41227,-0.33869,-0.3025,-0.78982,-0.86,1.09,0.19,-0.41227,-0.33869,-0.3025,-0.78982,-0.7,1.1,0.11,-0.34863,-0.18231,-0.14159,0.90839,-0.69,1.06,0.07,-0.34863,-0.18231,-0.14159,0.90839,-0.73,1.07,0.09,-0.44391,-0.25065,0.57351,0.64125,-0.75,1.08,0.1,-0.25832,-0.09255,0.5455,0.79192,-0.77,1.09,0.13,-0.17574,-0.07355,0.6259,0.75628,-0.78,1.1,0.15,-0.17574,-0.07355,0.6259,0.75628,-0.71,1.08,0.09,-0.34863,-0.18231,-0.14159,0.90839,-0.73,1.12,0.13,-0.00955,-0.2353,-0.00388,0.97187,-0.75,1.12,0.16,0.39757,-0.22014,0.06845,0.88814,-0.76,1.1,0.17,0.54953,-0.17762,0.09994,0.81023,-0.76,1.08,0.18,0.54953,-0.17762,0.09994,0.81023,-0.7,1.08,0.09,-0.34863,-0.18231,-0.14159,0.90839,-0.71,1.12,0.13,-0.06023,-0.20329,-0.09939,0.9722,-0.73,1.13,0.17,0.35692,-0.22775,-0.01713,0.90578,-0.74,1.11,0.19,0.55037,-0.21112,-0.0296,0.80724,-0.75,1.09,0.2,0.55037,-0.21112,-0.0296,0.80724,-0.68,1.07,0.1,-0.34863,-0.18231,-0.14159,0.90839,-0.69,1.11,0.14,-0.12899,-0.16611,-0.18232,0.96048,-0.7,1.12,0.17,0.36091,-0.25238,-0.11595,0.89028,-0.72,1.11,0.19,0.6025,-0.2946,-0.06502,0.7389,-0.73,1.09,0.19,0.6025,-0.2946,-0.06502,0.7389,-0.68,1.07,0.11,-0.26324,-0.12377,-0.37072,0.88202,-0.68,1.1,0.14,-0.26023,-0.09486,-0.2892,0.91632,-0.68,1.11,0.17,0.31325,-0.24999,-0.26243,0.87778,-0.69,1.1,0.18,0.5706,-0.36303,-0.17864,0.71465,-0.71,1.09,0.18,0.5706,-0.36303,-0.17864,0.71465,-0.81,1.08,0.19
-0.79,1.47,-0.16,-0.79,1.47,-0.16,-0.86,1.1,0.11,0.34592,-0.06118,-0.1543,-0.92346,-0.86,1.06,0.05,0.34592,-0.06118,-0.1543,-0.92346,-0.83,1.08,0.08,0.46792,-0.13178,0.49286,-0.72165,-0.81,1.1,0.1,0.22002,0.02474,0.43101,-0.87476,-0.8,1.11,0.13,0.1071,0.03927,0.50556,-0.85522,-0.8,1.12,0.15,0.1071,0.03927,0.50556,-0.85522,-0.84,1.09,0.08,0.34592,-0.06118,-0.1543,-0.92346,-0.84,1.13,0.13,0.07014,-0.13425,-0.06287,-0.98646,-0.83,1.13,0.16,-0.26989,-0.15127,-0.0395,-0.95011,-0.82,1.12,0.18,-0.42104,-0.12904,-0.02484,-0.89747,-0.81,1.1,0.19,-0.42104,-0.12904,-0.02484,-0.89747,-0.86,1.08,0.08,0.34592,-0.06118,-0.1543,-0.92346,-0.86,1.12,0.13,0.17566,-0.07928,-0.15438,-0.96903,-0.85,1.14,0.17,-0.22381,-0.13667,-0.12269,-0.95717,-0.85,1.13,0.19,-0.41321,-0.15148,-0.15446,-0.88457,-0.84,1.11,0.21,-0.41321,-0.15148,-0.15446,-0.88457,-0.87,1.08,0.09,0.34592,-0.06118,-0.1543,-0.92346,-0.88,1.11,0.13,0.24069,-0.04692,-0.21658,-0.94497,-0.88,1.13,0.16,-0.20864,-0.16074,-0.20826,-0.94195,-0.87,1.12,0.18,-0.43625,-0.23245,-0.18233,-0.84995,-0.85,1.11,0.2,-0.43625,-0.23245,-0.18233,-0.84995,-0.88,1.07,0.09,0.28364,-0.00407,-0.38798,-0.87693,-0.89,1.1,0.13,0.25819,-0.04296,-0.29009,-0.92051,-0.89,1.11,0.15,-0.12919,-0.14773,-0.32033,-0.92676,-0.88,1.11,0.17,-0.32242,-0.26141,-0.28236,-0.86486,-0.87,1.1,0.19,-0.32242,-0.26141,-0.28236,-0.86486,-0.7,1.1,0.11,-0.35063,-0.18033,-0.14506,0.90747,-0.69,1.06,0.07,-0.35063,-0.18033,-0.14506,0.90747,-0.73,1.07,0.09,-0.44552,-0.24845,0.57119,0.64306,-0.75,1.08,0.1,-0.2602,-0.09166,0.54233,0.79358,-0.77,1.09,0.13,-0.17712,-0.07246,0.62293,0.75851,-0.77,1.1,0.15,-0.17712,-0.07246,0.62293,0.75851,-0.71,1.08,0.09,-0.35063,-0.18033,-0.14506,0.90747,-0.73,1.12,0.13,-0.03146,-0.23004,-0.01692,0.97253,-0.75,1.12,0.16,0.38255,-0.22099,0.05569,0.89539,-0.76,1.11,0.17,0.5408,-0.18037,0.08815,0.81684,-0.76,1.09,0.18,0.5408,-0.18037,0.08815,0.81684,-0.7,1.08,0.09,-0.35063,-0.18033,-0.14506,0.90747,-0.71,1.12,0.13,-0.06092,-0.20178,-0.10363,0.97202,-0.73,1.13,0.17,0.35608,-0.22818,-0.02164,0.90591,-0.74,1.11,0.19,0.5487,-0.21254,-0.03406,0.80783,-0.75,1.09,0.2,0.5487,-0.21254,-0.03406,0.80783,-0.68,1.07,0.1,-0.35063,-0.18033,-0.14506,0.90747,-0.69,1.11,0.14,-0.12521,-0.16589,-0.18534,0.96044,-0.7,1.12,0.17,0.36146,-0.25317,-0.11944,0.88937,-0.72,1.11,0.19,0.60118,-0.29628,-0.0686,0.73899,-0.73,1.09,0.19,0.60118,-0.29628,-0.0686,0.73899,-0.68,1.07,0.11,-0.26512,-0.12246,-0.37421,0.88016,-0.68,1.1,0.14,-0.25553,-0.09604,-0.29239,0.91651,-0.68,1.11,0.17,0.31493,-0.25169,-0.26493,0.87595,-0.69,1.1,0.18,0.56889,-0.36482,-0.18169,0.71433,-0.71,1.09,0.18,0.56889,-0.36482,-0.18169,0.71433,-0.81,1.08,0.19
-0.79,1.47,-0.16,-0.79,1.47,-0.16,-0.85,1.1,0.11,0.29871,-0.06857,-0.1162,-0.94476,-0.86,1.06,0.05,0.29871,-0.06857,-0.1162,-0.94476,-0.83,1.08,0.08,0.43491,-0.1848,0.50845,-0.71984,-0.8,1.09,0.1,0.18757,-0.01869,0.46397,-0.86556,-0.8,1.1,0.13,0.08674,-0.00841,0.54079,-0.83663,-0.79,1.1,0.16,0.08674,-0.00841,0.54079,-0.83663,-0.84,1.08,0.08,0.29871,-0.06857,-0.1162,-0.94476,-0.83,1.12,0.13,0.08247,-0.12531,-0.04012,-0.98787,-0.82,1.12,0.17,-0.24335,-0.13515,-0.02329,-0.96019,-0.82,1.11,0.19,-0.39483,-0.11075,-0.01234,-0.91197,-0.81,1.1,0.2,-0.39483,-0.11075,-0.01234,-0.91197,-0.85,1.08,0.09,0.29871,-0.06857,-0.1162,-0.94476,-0.85,1.12,0.13,0.14354,-0.07177,-0.11908,-0.97983,-0.85,1.13,0.17,-0.23749,-0.11342,-0.09576,-0.95998,-0.84,1.12,0.2,-0.40308,-0.1203,-0.1338,-0.8973,-0.83,1.1,0.21,-0.40308,-0.1203,-0.1338,-0.8973,-0.87,1.08,0.09,0.29871,-0.06857,-0.1162,-0.94476,-0.87,1.11,0.13,0.17319,-0.04657,-0.17706,-0.96772,-0.87,1.12,0.17,-0.24766,-0.13438,-0.17886,-0.94266,-0.86,1.11,0.19,-0.45679,-0.19628,-0.16447,-0.85192,-0.85,1.09,0.2,-0.45679,-0.19628,-0.16447,-0.85192,-0.88,1.07,0.09,0.24136,0.00224,-0.34875,-0.9056,-0.89,1.09,0.13,0.20271,-0.04172,-0.25133,-0.94552,-0.89,1.1,0.16,-0.17687,-0.12357,-0.28666,-0.93342,-0.88,1.1,0.18,-0.35389,-0.22559,-0.26131,-0.86924,-0.87,1.09,0.19,-0.35389,-0.22559,-0.26131,-0.86924,-0.7,1.1,0.11,-0.35346,-0.17813,-0.14808,0.90632,-0.69,1.06,0.07,-0.35346,-0.17813,-0.14808,0.90632,-0.73,1.07,0.09,-0.44705,-0.2455,0.5697,0.64445,-0.75,1.08,0.1,-0.26115,-0.08906,0.53998,0.79517,-0.77,1.09,0.13,-0.17478,-0.06764,0.6206,0.7614,-0.77,1.1,0.15,-0.17478,-0.06764,0.6206,0.7614,-0.71,1.08,0.09,-0.35346,-0.17813,-0.14808,0.90632,-0.73,1.12,0.13,-0.06672,-0.22075,-0.03494,0.97242,-0.74,1.13,0.16,0.3512,-0.22092,0.03585,0.90916,-0.75,1.11,0.17,0.51525,-0.18396,0.06826,0.83427,-0.76,1.09,0.18,0.51525,-0.18396,0.06826,0.83427,-0.7,1.08,0.09,-0.35346,-0.17813,-0.14808,0.90632,-0.71,1.12,0.13,-0.07465,-0.19735,-0.111,0.97116,-0.72,1.13,0.17,0.34155,-0.22738,-0.03057,0.91143,-0.74,1.11,0.19,0.53221,-0.2146,-0.0437,0.8178,-0.74,1.09,0.2,0.53221,-0.2146,-0.0437,0.8178,-0.68,1.07,0.1,-0.35346,-0.17813,-0.14808,0.90632,-0.69,1.11,0.14,-0.13224,-0.16298,-0.19011,0.95907,-0.7,1.12,0.17,0.35058,-0.25271,-0.12587,0.89297,-0.72,1.11,0.19,0.58721,-0.2978,-0.07601,0.74881,-0.73,1.09,0.19,0.58721,-0.2978,-0.07601,0.74881,-0.68,1.07,0.11,-0.26791,-0.12113,-0.37733,0.87817,-0.68,1.1,0.14,-0.26013,-0.09494,-0.29553,0.91432,-0.68,1.11,0.17,0.30712,-0.25216,-0.26867,0.87744,-0.69,1.1,0.18,0.55737,-0.36556,-0.18672,0.7217,-0.71,1.09,0.18,0.55737,-0.36556,-0.18672,0.7217,-0.81,1.08,0.19
-0.79,1.47,-0.16,-0.79,1.47,-0.16,-0.85,1.09,0.11,0.27837,-0.07226,-0.0992,-0.9526,-0.86,1.06,0.05,0.27837,-0.07226,-0.0992,-0.9526,-0.82,1.07,0.08,0.42506,-0.20965,0.50934,-0.7183,-0.8,1.09,0.1,0.17934,-0.04257,0.47292,-0.86161,-0.79,1.1,0.13,0.08733,-0.0363,0.55131,-0.82892,-0.79,1.1,0.16,0.08733,-0.0363,0.55131,-0.82892,-0.84,1.08,0.08,0.27837,-0.07226,-0.0992,-0.9526,-0.83,1.11,0.13,0.09148,-0.12334,-0.02941,-0.9877,-0.82,1.12,0.17,-0.21431,-0.12974,-0.01656,-0.96797,-0.81,1.11,0.19,-0.35977,-0.10454,-0.00835,-0.92713,-0.81,1.1,0.21,-0.35977,-0.10454,-0.00835,-0.92713,-0.85,1.08,0.09,0.27837,-0.07226,-0.0992,-0.9526,-0.85,1.11,0.13,0.14168,-0.06486,-0.10513,-0.98217,-0.85,1.12,0.17,-0.21869,-0.09983,-0.08766,-0.96671,-0.84,1.11,0.2,-0.36982,-0.10521,-0.12869,-0.91411,-0.83,1.1,0.22,-0.36982,-0.10521,-0.12869,-0.91411,-0.87,1.07,0.09,0.27837,-0.07226,-0.0992,-0.9526,-0.87,1.1,0.13,0.13686,-0.04439,-0.16001,-0.97657,-0.87,1.11,0.17,-0.27485,-0.12225,-0.16612,-0.9391,-0.86,1.1,0.19,-0.47788,-0.18035,-0.15629,-0.84539,-0.85,1.08,0.21,-0.47788,-0.18035,-0.15629,-0.84539,-0.88,1.07,0.09,0.22315,0.00429,-0.331,-0.91686,-0.88,1.09,0.13,0.17266,-0.04163,-0.23425,-0.95582,-0.88,1.1,0.16,-0.21033,-0.11538,-0.27071,-0.93229,-0.88,1.09,0.18,-0.38512,-0.21372,-0.24945,-0.86243,-0.87,1.08,0.19,-0.38512,-0.21372,-0.24945,-0.86243,-0.7,1.1,0.11,-0.34462,-0.17692,-0.14548,0.91037,-0.69,1.06,0.07,-0.34462,-0.17692,-0.14548,0.91037,-0.73,1.07,0.09,-0.44223,-0.25238,0.56794,0.64667,-0.75,1.08,0.1,-0.25343,-0.09432,0.54053,0.79668,-0.77,1.09,0.13,-0.16225,-0.06944,0.62132,0.76342,-0.77,1.1,0.16,-0.16225,-0.06944,0.62132,0.76342,-0.71,1.08,0.09,-0.34462,-0.17692,-0.14548,0.91037,-0.73,1.12,0.13,-0.10059,-0.20977,-0.04967,0.97129,-0.74,1.13,0.16,0.31914,-0.21798,0.01795,0.92212,-0.75,1.11,0.18,0.48849,-0.18453,0.04967,0.85139,-0.76,1.1,0.19,0.48849,-0.18453,0.04967,0.85139,-0.7,1.08,0.09,-0.34462,-0.17692,-0.14548,0.91037,-0.71,1.12,0.13,-0.09547,-0.18806,-0.11741,0.97043,-0.72,1.13,0.17,0.31637,-0.22164,-0.04166,0.92144,-0.73,1.11,0.19,0.5009,-0.21282,-0.05738,0.83697,-0.74,1.09,0.2,0.5009,-0.21282,-0.05738,0.83697,-0.68,1.07,0.1,-0.34462,-0.17692,-0.14548,0.91037,-0.69,1.11,0.14,-0.13465,-0.15696,-0.19014,0.95973,-0.7,1.12,0.17,0.34473,-0.24705,-0.12976,0.89627,-0.72,1.11,0.19,0.57677,-0.2934,-0.08288,0.75788,-0.73,1.09,0.2,0.57677,-0.2934,-0.08288,0.75788,-0.68,1.07,0.11,-0.25989,-0.11752,-0.37443,0.8823,-0.68,1.09,0.14,-0.25797,-0.09159,-0.29213,0.91637,-0.68,1.11,0.17,0.30767,-0.2467,-0.26835,0.8789,-0.69,1.1,0.18,0.55542,-0.35971,-0.18948,0.72541,-0.71,1.09,0.19,0.55542,-0.35971,-0.18948,0.72541,-0.81,1.08,0.19
-0.79,1.47,-0.16,-0.79,1.47,-0.16,-0.85,1.09,0.11,0.2785,-0.07588,-0.1107,-0.95101,-0.86,1.06,0.05,0.2785,-0.07588,-0.1107,-0.95101,-0.82,1.07,0.08,0.43513,-0.21101,0.49419,-0.72244,-0.8,1.09,0.1,0.19009,-0.05104,0.45788,-0.86695,-0.79,1.1,0.13,0.09774,-0.0445,0.53804,-0.83605,-0.79,1.1,0.15,0.09774,-0.0445,0.53804,-0.83605,-0.83,1.08,0.08,0.2785,-0.07588,-0.1107,-0.95101,-0.83,1.11,0.13,0.08539,-0.12546,-0.04072,-0.98758,-0.82,1.12,0.17,-0.22489,-0.13516,-0.02602,-0.96462,-0.81,1.11,0.19,-0.36938,-0.11119,-0.01668,-0.92245,-0.81,1.09,0.2,-0.36938,-0.11119,-0.01668,-0.92245,-0.85,1.08,0.09,0.2785,-0.07588,-0.1107,-0.95101,-0.85,1.11,0.13,0.141,-0.06768,-0.11694,-0.98075,-0.85,1.12,0.17,-0.21234,-0.10601,-0.09837,-0.96644,-0.84,1.11,0.2,-0.35938,-0.11283,-0.13837,-0.91595,-0.83,1.1,0.22,-0.35938,-0.11283,-0.13837,-0.91595,-0.87,1.07,0.09,0.2785,-0.07588,-0.1107,-0.95101,-0.87,1.1,0.13,0.12977,-0.04938,-0.17093,-0.97545,-0.86,1.11,0.17,-0.28099,-0.13098,-0.17406,-0.93466,-0.86,1.1,0.19,-0.48348,-0.19053,-0.16204,-0.83886,-0.85,1.08,0.2,-0.48348,-0.19053,-0.16204,-0.83886,-0.88,1.07,0.09,0.22094,0.00032,-0.34176,-0.91345,-0.88,1.09,0.13,0.16901,-0.0453,-0.24556,-0.95346,-0.88,1.1,0.16,-0.22173,-0.12526,-0.27877,-0.92598,-0.88,1.09,0.18,-0.39945,-0.2261,-0.25478,-0.85112,-0.86,1.08,0.19,-0.39945,-0.2261,-0.25478,-0.85112,-0.7,1.09,0.12,-0.32474,-0.17074,-0.13603,0.92026,-0.69,1.06,0.07,-0.32474,-0.17074,-0.13603,0.92026,-0.73,1.07,0.09,-0.43291,-0.26674,0.56232,0.6521,-0.75,1.08,0.11,-0.23585,-0.10456,0.54021,0.80101,-0.77,1.09,0.13,-0.14271,-0.07924,0.62134,0.76635,-0.77,1.09,0.16,-0.14271,-0.07924,0.62134,0.76635,-0.71,1.08,0.09,-0.32474,-0.17074,-0.13603,0.92026,-0.73,1.12,0.13,-0.1271,-0.19132,-0.05891,0.97148,-0.74,1.13,0.16,0.29357,-0.20576,0.00173,0.93353,-0.75,1.11,0.18,0.46858,-0.17565,0.03134,0.86522,-0.76,1.1,0.19,0.46858,-0.17565,0.03134,0.86522,-0.7,1.07,0.1,-0.32474,-0.17074,-0.13603,0.92026,-0.71,1.12,0.14,-0.10464,-0.17018,-0.11838,0.97266,-0.72,1.13,0.18,0.30468,-0.20566,-0.05084,0.92859,-0.73,1.11,0.19,0.48129,-0.1995,-0.07095,0.85061,-0.74,1.09,0.21,0.48129,-0.1995,-0.07095,0.85061,-0.68,1.07,0.1,-0.32474,-0.17074,-0.13603,0.92026,-0.69,1.11,0.14,-0.12244,-0.14435,-0.18324,0.96467,-0.7,1.12,0.18,0.35605,-0.23207,-0.13041,0.89575,-0.71,1.1,0.19,0.5831,-0.27873,-0.08911,0.75787,-0.73,1.08,0.2,0.5831,-0.27873,-0.08911,0.75787,-0.68,1.07,0.11,-0.24307,-0.10586,-0.36466,0.8926,-0.68,1.09,0.14,-0.24922,-0.08167,-0.28104,0.92317,-0.68,1.11,0.17,0.31442,-0.23059,-0.26584,0.88164,-0.69,1.1,0.18,0.55905,-0.34293,-0.19406,0.72953,-0.7,1.08,0.19,0.55905,-0.34293,-0.19406,0.72953,-0.81,1.08,0.19
-0.79,1.47,-0.16,-0.79,1.47,-0.16,-0.85,1.1,0.11,0.30236,-0.07569,-0.13191,-0.94099,-0.86,1.06,0.05,0.30236,-0.07569,-0.13191,-0.94099,-0.82,1.08,0.08,0.45969,-0.18791,0.47966,-0.72339,-0.8,1.09,0.1,0.21234,-0.03462,0.43608,-0.87381,-0.79,1.1,0.13,0.10555,-0.02049,0.51607,-0.84977,-0.79,1.11,0.15,0.10555,-0.02049,0.51607,-0.84977,-0.84,1.08,0.08,0.30236,-0.07569,-0.13191,-0.94099,-0.83,1.12,0.13,0.03906,-0.12138,-0.05558,-0.99028,-0.82,1.12,0.16,-0.33019,-0.13704,-0.03269,-0.93334,-0.81,1.11,0.18,-0.48683,-0.11358,-0.0173,-0.86591,-0.81,1.09,0.19,-0.48683,-0.11358,-0.0173,-0.86591,-0.85,1.08,0.08,0.30236,-0.07569,-0.13191,-0.94099,-0.85,1.12,0.13,0.14634,-0.07379,-0.1369,-0.97693,-0.85,1.13,0.17,-0.22329,-0.12082,-0.11277,-0.96064,-0.84,1.12,0.19,-0.37624,-0.12969,-0.14983,-0.90508,-0.83,1.1,0.21,-0.37624,-0.12969,-0.14983,-0.90508,-0.87,1.07,0.09,0.30236,-0.07569,-0.13191,-0.94099,-0.87,1.1,0.13,0.15597,-0.05584,-0.192,-0.96731,-0.87,1.12,0.17,-0.25946,-0.14758,-0.18923,-0.93546,-0.86,1.11,0.19,-0.46489,-0.21088,-0.17199,-0.84251,-0.84,1.09,0.2,-0.46489,-0.21088,-0.17199,-0.84251,-0.88,1.07,0.09,0.24128,-0.00622,-0.36356,-0.89976,-0.88,1.09,0.13,0.1945,-0.05272,-0.26626,-0.9426,-0.88,1.1,0.16,-0.19767,-0.14289,-0.29453,-0.92399,-0.88,1.1,0.18,-0.37896,-0.24773,-0.26426,-0.85158,-0.86,1.09,0.19,-0.37896,-0.24773,-0.26426,-0.85158,-0.7,1.09,0.12,-0.31846,-0.17102,-0.135,0.92256,-0.69,1.06,0.07,-0.31846,-0.17102,-0.135,0.92256,-0.73,1.07,0.09,-0.42944,-0.27301,0.56092,0.65301,-0.75,1.08,0.11,-0.22601,-0.10664,0.54185,0.80246,-0.77,1.09,0.14,-0.13191,-0.08122,0.62277,0.76691,-0.77,1.09,0.16,-0.13191,-0.08122,0.62277,0.76691,-0.71,1.07,0.09,-0.31846,-0.17102,-0.135,0.92256,-0.73,1.11,0.13,-0.14304,-0.18051,-0.06829,0.97072,-0.74,1.13,0.17,0.2823,-0.20029,-0.01038,0.93813,-0.75,1.11,0.18,0.4615,-0.17264,0.01873,0.86998,-0.76,1.1,0.2,0.4615,-0.17264,0.01873,0.86998,-0.7,1.07,0.1,-0.31846,-0.17102,-0.135,0.92256,-0.71,1.11,0.14,-0.09892,-0.16668,-0.11918,0.97377,-0.72,1.12,0.18,0.31352,-0.2029,-0.05232,0.92617,-0.73,1.11,0.2,0.48733,-0.19644,-0.07309,0.84769,-0.74,1.09,0.21,0.48733,-0.19644,-0.07309,0.84769,-0.68,1.07,0.1,-0.31846,-0.17102,-0.135,0.92256,-0.69,1.1,0.14,-0.10775,-0.14548,-0.18051,0.96677,-0.7,1.11,0.18,0.37073,-0.23127,-0.1276,0.89039,-0.72,1.1,0.19,0.59424,-0.27671,-0.08741,0.75012,-0.73,1.08,0.2,0.59424,-0.27671,-0.08741,0.75012,-0.68,1.07,0.11,-0.23703,-0.10449,-0.36325,0.89496,-0.68,1.09,0.15,-0.2469,-0.08349,-0.27865,0.92435,-0.68,1.11,0.17,0.31672,-0.23047,-0.263,0.88171,-0.69,1.1,0.19,0.55608,-0.34076,-0.19369,0.7329,-0.7,1.08,0.19,0.55608,-0.34076,-0.19369,0.7329,-0.81,1.08,0.19
-0.79,1.47,-0.16,-0.79,1.47,-0.16,-0.85,1.1,0.11,0.33145,-0.07095,-0.13897,-0.93048,-0.86,1.06,0.05,0.33145,-0.07095,-0.13897,-0.93048,-0.82,1.08,0.08,0.47339,-0.16138,0.48652,-0.71635,-0.8,1.09,0.1,0.22966,-0.00865,0.43428,-0.87097,-0.8,1.11,0.13,0.11197,0.01194,0.51158,-0.85183,-0.79,1.11,0.15,0.11197,0.01194,0.51158,-0.85183,-0.84,1.08,0.08,0.33145,-0.07095,-0.13897,-0.93048,-0.83,1.12,0.13,0.04417,-0.10998,-0.0655,-0.99079,-0.82,1.12,0.16,-0.3575,-0.13175,-0.0415,-0.92364,-0.82,1.11,0.18,-0.52286,-0.11008,-0.02447,-0.84493,-0.81,1.09,0.19,-0.52286,-0.11008,-0.02447,-0.84493,-0.85,1.08,0.08,0.33145,-0.07095,-0.13897,-0.93048,-0.85,1.12,0.13,0.14107,-0.07849,-0.14109,-0.97675,-0.85,1.13,0.17,-0.2582,-0.13019,-0.11098,-0.95082,-0.84,1.12,0.19,-0.42353,-0.13817,-0.14546,-0.88339,-0.83,1.1,0.21,-0.42353,-0.13817,-0.14546,-0.88339,-0.87,1.07,0.09,0.33145,-0.07095,-0.13897,-0.93048,-0.87,1.11,0.13,0.18166,-0.06128,-0.19775,-0.96132,-0.87,1.12,0.17,-0.25484,-0.16002,-0.1886,-0.93481,-0.86,1.11,0.19,-0.46747,-0.22397,-0.16706,-0.83869,-0.85,1.09,0.2,-0.46747,-0.22397,-0.16706,-0.83869,-0.88,1.07,0.09,0.26962,-0.00926,-0.37239,-0.888,-0.88,1.09,0.13,0.22403,-0.06467,-0.27061,-0.93402,-0.88,1.11,0.16,-0.17262,-0.1592,-0.29342,-0.92669,-0.88,1.1,0.17,-0.36049,-0.26496,-0.25706,-0.8566,-0.86,1.09,0.19,-0.36049,-0.26496,-0.25706,-0.8566,-0.7,1.1,0.12,-0.3376,-0.16823,-0.14287,0.91505,-0.69,1.06,0.07,-0.3376,-0.16823,-0.14287,0.91505,-0.73,1.07,0.09,-0.44481,-0.25515,0.55743,0.65293,-0.75,1.08,0.11,-0.24095,-0.09112,0.53296,0.80597,-0.77,1.09,0.13,-0.14534,-0.0654,0.61363,0.77334,-0.77,1.09,0.16,-0.14534,-0.0654,0.61363,0.77334,-0.71,1.08,0.09,-0.3376,-0.16823,-0.14287,0.91505,-0.73,1.12,0.13,-0.15042,-0.17692,-0.07559,0.96972,-0.74,1.13,0.16,0.29982,-0.20072,-0.01311,0.93255,-0.75,1.12,0.18,0.48877,-0.17331,0.01912,0.85481,-0.76,1.1,0.19,0.48877,-0.17331,0.01912,0.85481,-0.7,1.07,0.1,-0.3376,-0.16823,-0.14287,0.91505,-0.71,1.12,0.14,-0.10679,-0.16691,-0.12648,0.97198,-0.72,1.13,0.17,0.31701,-0.20692,-0.05633,0.92386,-0.73,1.11,0.19,0.49381,-0.20099,-0.07573,0.84263,-0.74,1.09,0.21,0.49381,-0.20099,-0.07573,0.84263,-0.68,1.07,0.1,-0.3376,-0.16823,-0.14287,0.91505,-0.69,1.11,0.14,-0.11417,-0.14848,-0.18763,0.96422,-0.7,1.12,0.18,0.36678,-0.23793,-0.13152,0.8897,-0.71,1.1,0.19,0.59165,-0.2843,-0.08888,0.74915,-0.73,1.08,0.2,0.59165,-0.2843,-0.08888,0.74915,-0.68,1.07,0.11,-0.25517,-0.10694,-0.37205,0.88602,-0.68,1.09,0.14,-0.26418,-0.08523,-0.28799,0.91652,-0.68,1.11,0.17,0.29827,-0.23856,-0.2694,0.88405,-0.69,1.1,0.18,0.53894,-0.35048,-0.19646,0.74035,-0.7,1.09,0.19,0.53894,-0.35048,-0.19646,0.74035,-0.81,1.08,0.19
-0.79,1.47,-0.16,-0.79,1.47,-0.16,-0.85,1.1,0.11,0.35797,-0.07019,-0.12144,-0.92314,-0.86,1.06,0.06,0.35797,-0.07019,-0.12144,-0.92314,-0.82,1.08,0.08,0.47379,-0.1449,0.51813,-0.69719,-0.8,1.09,0.1,0.23744,0.01671,0.46056,-0.85512,-0.8,1.11,0.13,0.11513,0.04311,0.53361,-0.83675,-0.79,1.11,0.15,0.11513,0.04311,0.53361,-0.83675,-0.84,1.08,0.08,0.35797,-0.07019,-0.12144,-0.92314,-0.83,1.12,0.12,0.07513,-0.09881,-0.05212,-0.9909,-0.82,1.13,0.16,-0.3464,-0.1176,-0.03136,-0.93016,-0.82,1.11,0.18,-0.52046,-0.09462,-0.01641,-0.84847,-0.81,1.09,0.19,-0.52046,-0.09462,-0.01641,-0.84847,-0.85,1.08,0.08,0.35797,-0.07019,-0.12144,-0.92314,-0.85,1.12,0.13,0.15291,-0.08015,-0.12129,-0.97749,-0.85,1.13,0.17,-0.26089,-0.12529,-0.09044,-0.95292,-0.84,1.12,0.19,-0.43928,-0.1309,-0.12561,-0.87984,-0.83,1.1,0.2,-0.43928,-0.1309,-0.12561,-0.87984,-0.87,1.07,0.09,0.35797,-0.07019,-0.12144,-0.92314,-0.87,1.11,0.13,0.20427,-0.06673,-0.17824,-0.96024,-0.87,1.13,0.16,-0.24318,-0.15884,-0.16712,-0.94218,-0.86,1.12,0.18,-0.46475,-0.21889,-0.14515,-0.84559,-0.85,1.1,0.2,-0.46475,-0.21889,-0.14515,-0.84559,-0.88,1.07,0.09,0.29805,-0.01473,-0.35763,-0.8849,-0.88,1.09,0.13,0.2544,-0.07534,-0.25048,-0.93106,-0.88,1.11,0.15,-0.14597,-0.16385,-0.27102,-0.93723,-0.88,1.11,0.17,-0.34108,-0.26573,-0.23212,-0.8713,-0.86,1.1,0.19,-0.34108,-0.26573,-0.23212,-0.8713,-0.7,1.1,0.11,-0.34878,-0.16394,-0.13909,0.91221,-0.69,1.06,0.07,-0.34878,-0.16394,-0.13909,0.91221,-0.72,1.07,0.09,-0.44848,-0.23915,0.56314,0.65158,-0.75,1.08,0.11,-0.24678,-0.07485,0.53371,0.80539,-0.76,1.09,0.13,-0.1445,-0.0446,0.61304,0.77545,-0.77,1.1,0.16,-0.1445,-0.0446,0.61304,0.77545,-0.71,1.08,0.09,-0.34878,-0.16394,-0.13909,0.91221,-0.73,1.12,0.13,-0.11845,-0.17627,-0.06261,0.97518,-0.74,1.13,0.16,0.36534,-0.19355,0.00528,0.91051,-0.75,1.11,0.18,0.56278,-0.16138,0.04075,0.80968,-0.75,1.09,0.19,0.56278,-0.16138,0.04075,0.80968,-0.7,1.07,0.09,-0.34878,-0.16394,-0.13909,0.91221,-0.71,1.12,0.13,-0.07527,-0.16859,-0.11585,0.97596,-0.72,1.13,0.17,0.35951,-0.20413,-0.04335,0.90951,-0.73,1.11,0.19,0.5417,-0.19327,-0.06176,0.81571,-0.74,1.09,0.2,0.5417,-0.19327,-0.06176,0.81571,-0.68,1.07,0.1,-0.34878,-0.16394,-0.13909,0.91221,-0.69,1.11,0.14,-0.12393,-0.14389,-0.1857,0.96408,-0.7,1.12,0.17,0.35774,-0.23335,-0.13196,0.89451,-0.71,1.11,0.19,0.58533,-0.28037,-0.09001,0.75543,-0.72,1.09,0.2,0.58533,-0.28037,-0.09001,0.75543,-0.67,1.07,0.11,-0.26747,-0.10543,-0.36946,0.88365,-0.67,1.09,0.14,-0.31186,-0.06105,-0.2891,0.90301,-0.67,1.11,0.17,0.24718,-0.22252,-0.28368,0.89939,-0.68,1.11,0.18,0.49576,-0.34052,-0.21195,0.77029,-0.7,1.09,0.19,0.49576,-0.34052,-0.21195,0.77029,-0.81,1.08,0.19
-0.79,1.47,-0.16,-0.79,1.47,-0.16,-0.85,1.09,0.11,0.32785,-0.07075,-0.13192,-0.93279,-0.86,1.06,0.06,0.32785,-0.07075,-0.13192,-0.93279,-0.82,1.07,0.09,0.44621,-0.16971,0.51546,-0.71162,-0.8,1.09,0.1,0.2036,-0.00415,0.4659,-0.86109,-0.8,1.1,0.13,0.08546,0.01811,0.54029,-0.83693,-0.79,1.1,0.16,0.08546,0.01811,0.54029,-0.83693,-0.84,1.08,0.09,0.32785,-0.07075,-0.13192,-0.93279,-0.83,1.12,0.13,0.05955,-0.10473,-0.06284,-0.99073,-0.82,1.12,0.17,-0.35108,-0.12663,-0.04001,-0.92688,-0.82,1.11,0.18,-0.52337,-0.10507,-0.02322,-0.84528,-0.81,1.09,0.19,-0.52337,-0.10507,-0.02322,-0.84528,-0.85,1.07,0.09,0.32785,-0.07075,-0.13192,-0.93279,-0.85,1.12,0.13,0.12329,-0.08404,-0.13006,-0.98021,-0.85,1.13,0.17,-0.28518,-0.13164,-0.09744,-0.94438,-0.84,1.11,0.19,-0.4633,-0.13702,-0.13087,-0.86571,-0.83,1.09,0.21,-0.4633,-0.13702,-0.13087,-0.86571,-0.87,1.07,0.09,0.32785,-0.07075,-0.13192,-0.93279,-0.87,1.1,0.13,0.1722,-0.06658,-0.18775,-0.96471,-0.87,1.12,0.17,-0.2716,-0.16127,-0.1766,-0.93222,-0.86,1.11,0.19,-0.49099,-0.22301,-0.15416,-0.82791,-0.84,1.09,0.2,-0.49099,-0.22301,-0.15416,-0.82791,-0.88,1.07,0.09,0.26713,-0.00787,-0.36554,-0.89161,-0.88,1.09,0.13,0.22045,-0.07071,-0.26117,-0.93712,-0.88,1.1,0.16,-0.18256,-0.16223,-0.28186,-0.92785,-0.88,1.1,0.18,-0.37612,-0.26676,-0.24425,-0.85306,-0.86,1.09,0.19,-0.37612,-0.26676,-0.24425,-0.85306,-0.7,1.1,0.11,-0.34946,-0.15707,-0.12823,0.91475,-0.69,1.06,0.07,-0.34946,-0.15707,-0.12823,0.91475,-0.72,1.07,0.09,-0.43082,-0.23084,0.58253,0.64943,-0.75,1.08,0.11,-0.23353,-0.06111,0.55056,0.79913,-0.76,1.09,0.14,-0.12537,-0.02637,0.62699,0.76842,-0.77,1.1,0.16,-0.12537,-0.02637,0.62699,0.76842,-0.71,1.08,0.09,-0.34946,-0.15707,-0.12823,0.91475,-0.73,1.12,0.13,-0.09936,-0.17547,-0.0446,0.97844,-0.74,1.13,0.16,0.37898,-0.1839,0.01954,0.90674,-0.75,1.11,0.18,0.57153,-0.1488,0.05218,0.80529,-0.75,1.09,0.19,0.57153,-0.1488,0.05218,0.80529,-0.7,1.08,0.09,-0.34946,-0.15707,-0.12823,0.91475,-0.71,1.12,0.13,-0.0378,-0.16842,-0.0968,0.98022,-0.72,1.12,0.17,0.39119,-0.19508,-0.02722,0.89898,-0.73,1.11,0.19,0.57558,-0.17916,-0.04668,0.79651,-0.74,1.08,0.2,0.57558,-0.17916,-0.04668,0.79651,-0.68,1.07,0.1,-0.34946,-0.15707,-0.12823,0.91475,-0.69,1.11,0.14,-0.10872,-0.1384,-0.17395,0.9689,-0.7,1.12,0.17,0.37601,-0.22269,-0.12409,0.89086,-0.71,1.1,0.19,0.61031,-0.26799,-0.08349,0.74077,-0.72,1.08,0.19,0.61031,-0.26799,-0.08349,0.74077,-0.68,1.07,0.1,-0.27103,-0.09837,-0.35969,0.88741,-0.67,1.1,0.14,-0.31179,-0.04749,-0.2804,0.90659,-0.67,1.11,0.17,0.25565,-0.20869,-0.28281,0.90062,-0.68,1.11,0.18,0.51732,-0.33034,-0.21081,0.76079,-0.7,1.09,0.19,0.51732,-0.33034,-0.21081,0.76079,-0.81,1.08,0.19
-0.79,1.47,-0.16,-0.79,1.47,-0.16,-0.85,1.09,0.11,0.30819,-0.06484,-0.1466,-0.93772,-0.86,1.06,0.06,0.30819,-0.06484,-0.1466,-0.93772,-0.82,1.07,0.09,0.42738,-0.18444,0.50758,-0.72504,-0.8,1.09,0.1,0.18059,-0.0188,0.46276,-0.86769,-0.8,1.1,0.13,0.07366,-0.00546,0.53895,-0.8391,-0.79,1.1,0.16,0.07366,-0.00546,0.53895,-0.8391,-0.84,1.08,0.09,0.30819,-0.06484,-0.1466,-0.93772,-0.83,1.11,0.13,0.05519,-0.10563,-0.0791,-0.98972,-0.82,1.12,0.17,-0.33138,-0.13253,-0.05787,-0.93235,-0.82,1.1,0.19,-0.49861,-0.11404,-0.04124,-0.8583,-0.81,1.09,0.2,-0.49861,-0.11404,-0.04124,-0.8583,-0.85,1.07,0.09,0.30819,-0.06484,-0.1466,-0.93772,-0.85,1.11,0.13,0.1051,-0.08134,-0.14521,-0.98043,-0.85,1.12,0.17,-0.28865,-0.13349,-0.11426,-0.94117,-0.84,1.11,0.2,-0.46272,-0.14135,-0.14707,-0.86272,-0.83,1.09,0.21,-0.46272,-0.14135,-0.14707,-0.86272,-0.87,1.07,0.09,0.30819,-0.06484,-0.1466,-0.93772,-0.87,1.1,0.13,0.15184,-0.05999,-0.20321,-0.96543,-0.87,1.11,0.17,-0.28074,-0.15953,-0.195,-0.92613,-0.86,1.1,0.19,-0.495,-0.22511,-0.17311,-0.82118,-0.85,1.08,0.2,-0.495,-0.22511,-0.17311,-0.82118,-0.88,1.06,0.09,0.24717,0.00235,-0.37812,-0.89215,-0.88,1.08,0.13,0.18737,-0.05889,-0.27829,-0.9402,-0.88,1.1,0.16,-0.21573,-0.15652,-0.30139,-0.91549,-0.88,1.09,0.18,-0.40327,-0.26474,-0.26651,-0.83442,-0.86,1.08,0.19,-0.40327,-0.26474,-0.26651,-0.83442,-0.7,1.1,0.11,-0.34849,-0.14882,-0.12685,0.91669,-0.69,1.06,0.07,-0.34849,-0.14882,-0.12685,0.91669,-0.73,1.07,0.09,-0.41533,-0.22514,0.59302,0.65203,-0.75,1.08,0.11,-0.22167,-0.05332,0.55905,0.79717,-0.76,1.09,0.14,-0.11303,-0.01883,0.63384,0.76493,-0.77,1.1,0.16,-0.11303,-0.01883,0.63384,0.76493,-0.71,1.08,0.09,-0.34849,-0.14882,-0.12685,0.91669,-0.73,1.12,0.13,-0.12071,-0.17973,-0.04119,0.97541,-0.74,1.13,0.16,0.31973,-0.18741,0.01673,0.92864,-0.75,1.12,0.18,0.50696,-0.15389,0.04616,0.84686,-0.75,1.1,0.19,0.50696,-0.15389,0.04616,0.84686,-0.7,1.08,0.09,-0.34849,-0.14882,-0.12685,0.91669,-0.71,1.12,0.13,-0.04611,-0.16697,-0.09387,0.9804,-0.72,1.13,0.17,0.34197,-0.1913,-0.03391,0.91941,-0.73,1.11,0.19,0.52489,-0.18002,-0.0556,0.83005,-0.74,1.09,0.2,0.52489,-0.18002,-0.0556,0.83005,-0.68,1.08,0.1,-0.34849,-0.14882,-0.12685,0.91669,-0.69,1.11,0.14,-0.11266,-0.13079,-0.17421,0.96946,-0.7,1.12,0.17,0.35609,-0.21411,-0.13152,0.90003,-0.71,1.11,0.19,0.59378,-0.26248,-0.09249,0.75497,-0.72,1.09,0.2,0.59378,-0.26248,-0.09249,0.75497,-0.68,1.07,0.1,-0.27196,-0.08988,-0.35876,0.8884,-0.67,1.1,0.14,-0.31168,-0.0383,-0.27921,0.90743,-0.67,1.11,0.16,0.25873,-0.20141,-0.28644,0.90025,-0.68,1.11,0.18,0.52881,-0.32681,-0.21338,0.75367,-0.7,1.09,0.19,0.52881,-0.32681,-0.21338,0.75367,-0.81,1.08,0.19
-0.79,1.47,-0.16,-0.79,1.47,-0.16,-0.85,1.09,0.11,0.32166,-0.06476,-0.15628,-0.93162,-0.86,1.06,0.06,0.32166,-0.06476,-0.15628,-0.93162,-0.82,1.07,0.09,0.43946,-0.18092,0.50242,-0.7223,-0.8,1.09,0.1,0.19672,-0.02022,0.45616,-0.86765,-0.8,1.1,0.13,0.0913,-0.00695,0.53348,-0.84084,-0.79,1.1,0.16,0.0913,-0.00695,0.53348,-0.84084,-0.84,1.08,0.09,0.32166,-0.06476,-0.15628,-0.93162,-0.83,1.12,0.13,0.0642,-0.1114,-0.08545,-0.98801,-0.82,1.12,0.17,-0.3254,-0.14071,-0.06101,-0.93306,-0.82,1.11,0.18,-0.49215,-0.12268,-0.04314,-0.86074,-0.81,1.09,0.2,-0.49215,-0.12268,-0.04314,-0.86074,-0.85,1.07,0.09,0.32166,-0.06476,-0.15628,-0.93162,-0.85,1.11,0.13,0.11788,-0.08381,-0.15469,-0.97732,-0.85,1.13,0.17,-0.27575,-0.13965,-0.12196,-0.94318,-0.84,1.11,0.19,-0.45043,-0.14956,-0.15355,-0.8667,-0.83,1.09,0.21,-0.45043,-0.14956,-0.15355,-0.8667,-0.87,1.07,0.09,0.32166,-0.06476,-0.15628,-0.93162,-0.87,1.1,0.13,0.16401,-0.0611,-0.21369,-0.9611,-0.87,1.12,0.17,-0.26158,-0.16419,-0.20459,-0.92885,-0.86,1.1,0.19,-0.47432,-0.23191,-0.18126,-0.82969,-0.85,1.09,0.2,-0.47432,-0.23191,-0.18126,-0.82969,-0.88,1.07,0.09,0.25898,-0.00141,-0.38812,-0.88447,-0.89,1.09,0.13,0.18962,-0.0581,-0.2903,-0.93616,-0.89,1.1,0.16,-0.21031,-0.1602,-0.31271,-0.91232,-0.88,1.09,0.18,-0.38965,-0.26856,-0.27836,-0.8358,-0.86,1.08,0.19,-0.38965,-0.26856,-0.27836,-0.8358,-0.71,1.1,0.11,-0.3282,-0.16089,-0.12977,0.92171,-0.69,1.06,0.07,-0.3282,-0.16089,-0.12977,0.92171,-0.73,1.07,0.09,-0.42045,-0.25081,0.5762,0.65445,-0.75,1.08,0.11,-0.22372,-0.08333,0.54966,0.80055,-0.77,1.09,0.14,-0.12425,-0.05486,0.62811,0.76618,-0.77,1.1,0.16,-0.12425,-0.05486,0.62811,0.76618,-0.72,1.08,0.09,-0.3282,-0.16089,-0.12977,0.92171,-0.73,1.12,0.13,-0.20079,-0.1925,-0.06213,0.95852,-0.75,1.14,0.16,0.15637,-0.20949,-0.01439,0.96512,-0.75,1.13,0.18,0.32271,-0.18408,0.00872,0.92838,-0.76,1.12,0.2,0.32271,-0.18408,0.00872,0.92838,-0.7,1.08,0.09,-0.3282,-0.16089,-0.12977,0.92171,-0.71,1.12,0.13,-0.15418,-0.16825,-0.11454,0.96685,-0.72,1.13,0.17,0.11519,-0.19376,-0.07711,0.97121,-0.73,1.13,0.2,0.23664,-0.19914,-0.10769,0.94485,-0.74,1.12,0.22,0.23664,-0.19914,-0.10769,0.94485,-0.69,1.08,0.1,-0.3282,-0.16089,-0.12977,0.92171,-0.69,1.11,0.14,-0.21116,-0.12454,-0.18826,0.95103,-0.7,1.13,0.17,0.16892,-0.20458,-0.16322,0.95025,-0.71,1.12,0.19,0.37382,-0.26121,-0.13284,0.87999,-0.72,1.11,0.21,0.37382,-0.26121,-0.13284,0.87999,-0.68,1.07,0.1,-0.24931,-0.09672,-0.35957,0.89398,-0.68,1.1,0.14,-0.34925,-0.03448,-0.27826,0.8941,-0.67,1.12,0.16,0.17425,-0.187,-0.29476,0.92075,-0.68,1.11,0.18,0.4357,-0.3118,-0.2288,0.81277,-0.7,1.1,0.19,0.4357,-0.3118,-0.2288,0.81277,-0.81,1.08,0.19
-0.79,1.47,-0.16,-0.79,1.47,-0.16,-0.85,1.1,0.11,0.34462,-0.06792,-0.15008,-0.92418,-0.86,1.06,0.06,0.34462,-0.06792,-0.15008,-0.92418,-0.82,1.08,0.08,0.45131,-0.17006,0.51462,-0.70892,-0.8,1.09,0.1,0.21022,-0.00583,0.46515,-0.85989,-0.8,1.1,0.13,0.08985,0.01852,0.53972,-0.83683,-0.79,1.11,0.15,0.08985,0.01852,0.53972,-0.83683,-0.84,1.08,0.08,0.34462,-0.06792,-0.15008,-0.92418,-0.83,1.12,0.13,0.08053,-0.11273,-0.07696,-0.98736,-0.82,1.13,0.16,-0.327,-0.14001,-0.05005,-0.93325,-0.82,1.11,0.18,-0.49614,-0.12011,-0.03203,-0.8593,-0.81,1.09,0.19,-0.49614,-0.12011,-0.03203,-0.8593,-0.85,1.08,0.09,0.34462,-0.06792,-0.15008,-0.92418,-0.85,1.12,0.13,0.12953,-0.08878,-0.14655,-0.97666,-0.85,1.13,0.17,-0.27202,-0.14202,-0.11145,-0.94521,-0.84,1.12,0.19,-0.45073,-0.15059,-0.14264,-0.86823,-0.83,1.1,0.2,-0.45073,-0.15059,-0.14264,-0.86823,-0.87,1.07,0.09,0.34462,-0.06792,-0.15008,-0.92418,-0.87,1.11,0.13,0.18024,-0.0663,-0.20734,-0.95923,-0.87,1.12,0.17,-0.25242,-0.16804,-0.19544,-0.93266,-0.86,1.11,0.19,-0.47067,-0.23433,-0.17045,-0.83337,-0.85,1.09,0.2,-0.47067,-0.23433,-0.17045,-0.83337,-0.88,1.07,0.09,0.28155,-0.01015,-0.38374,-0.87941,-0.89,1.09,0.13,0.2071,-0.06098,-0.28625,-0.93351,-0.89,1.1,0.16,-0.20623,-0.16666,-0.30637,-0.91424,-0.88,1.1,0.17,-0.39388,-0.27578,-0.26848,-0.8347,-0.86,1.09,0.19,-0.39388,-0.27578,-0.26848,-0.8347,-0.71,1.09,0.12,-0.28095,-0.17885,-0.11341,0.93606,-0.69,1.06,0.06,-0.28095,-0.17885,-0.11341,0.93606,-0.73,1.07,0.09,-0.403,-0.28956,0.56893,0.65579,-0.76,1.08,0.1,-0.19957,-0.1183,0.55503,0.79882,-0.77,1.08,0.13,-0.10615,-0.09343,0.6352,0.75929,-0.78,1.08,0.16,-0.10615,-0.09343,0.6352,0.75929,-0.72,1.08,0.09,-0.28095,-0.17885,-0.11341,0.93606,-0.74,1.11,0.13,-0.1266,-0.20224,-0.04187,0.97022,-0.75,1.12,0.16,0.23775,-0.20947,0.0092,0.94843,-0.76,1.11,0.18,0.39331,-0.17919,0.03273,0.90118,-0.77,1.09,0.2,0.39331,-0.17919,0.03273,0.90118,-0.7,1.07,0.09,-0.28095,-0.17885,-0.11341,0.93606,-0.72,1.11,0.14,-0.06659,-0.18761,-0.08609,0.9762,-0.73,1.12,0.18,0.19012,-0.20301,-0.04705,0.95939,-0.74,1.11,0.2,0.27094,-0.19862,-0.081,0.93839,-0.75,1.1,0.22,0.27094,-0.19862,-0.081,0.93839,-0.69,1.07,0.1,-0.28095,-0.17885,-0.11341,0.93606,-0.7,1.1,0.14,-0.15324,-0.14389,-0.16414,0.96378,-0.71,1.12,0.18,0.20778,-0.20824,-0.13876,0.94563,-0.72,1.11,0.2,0.37402,-0.25514,-0.11722,0.88389,-0.73,1.09,0.21,0.37402,-0.25514,-0.11722,0.88389,-0.68,1.07,0.1,-0.20189,-0.10201,-0.33974,0.91291,-0.68,1.09,0.14,-0.3419,-0.03712,-0.25716,0.9031,-0.68,1.11,0.17,0.16394,-0.17149,-0.27902,0.93052,-0.69,1.1,0.18,0.38887,-0.28277,-0.23013,0.84609,-0.7,1.09,0.2,0.38887,-0.28277,-0.23013,0.84609,-0.81,1.08,0.19
-0.79,1.47,-0.16,-0.79,1.47,-0.16,-0.85,1.1,0.11,0.35512,-0.07665,-0.12976,-0.92259,-0.86,1.06,0.06,0.35512,-0.07665,-0.12976,-0.92259,-0.82,1.08,0.08,0.44985,-0.17308,0.53808,-0.69148,-0.8,1.09,0.1,0.21006,0.0011,0.49006,-0.846,-0.79,1.1,0.13,0.07595,0.03792,0.56081,-0.82358,-0.79,1.11,0.15,0.07595,0.03792,0.56081,-0.82358,-0.84,1.08,0.08,0.35512,-0.07665,-0.12976,-0.92259,-0.83,1.12,0.12,0.08628,-0.11477,-0.05449,-0.98814,-0.82,1.13,0.16,-0.34341,-0.1336,-0.0256,-0.92928,-0.82,1.11,0.18,-0.51768,-0.10929,-0.00772,-0.84853,-0.81,1.09,0.19,-0.51768,-0.10929,-0.00772,-0.84853,-0.85,1.08,0.08,0.35512,-0.07665,-0.12976,-0.92259,-0.85,1.12,0.13,0.12028,-0.0959,-0.12264,-0.98046,-0.85,1.13,0.17,-0.30163,-0.14064,-0.08389,-0.93926,-0.84,1.12,0.19,-0.49667,-0.14364,-0.11451,-0.84828,-0.83,1.1,0.2,-0.49667,-0.14364,-0.11451,-0.84828,-0.87,1.07,0.09,0.35512,-0.07665,-0.12976,-0.92259,-0.87,1.11,0.13,0.18046,-0.0742,-0.18554,-0.96307,-0.87,1.12,0.16,-0.28056,-0.17038,-0.16844,-0.92945,-0.86,1.11,0.18,-0.51937,-0.23206,-0.14018,-0.8104,-0.84,1.09,0.19,-0.51937,-0.23206,-0.14018,-0.8104,-0.88,1.07,0.09,0.2928,-0.02062,-0.36506,-0.8835,-0.88,1.09,0.13,0.21567,-0.06573,-0.26721,-0.93689,-0.88,1.11,0.16,-0.23357,-0.17376,-0.2829,-0.9139,-0.87,1.1,0.17,-0.45413,-0.28601,-0.23577,-0.81017,-0.86,1.09,0.18,-0.45413,-0.28601,-0.23577,-0.81017,-0.71,1.09,0.12,-0.28984,-0.17505,-0.11408,0.93399,-0.69,1.06,0.06,-0.28984,-0.17505,-0.11408,0.93399,-0.73,1.07,0.09,-0.40898,-0.27707,0.5693,0.65717,-0.75,1.08,0.11,-0.19817,-0.10118,0.55299,0.80292,-0.77,1.08,0.13,-0.10201,-0.07607,0.63192,0.76452,-0.77,1.09,0.16,-0.10201,-0.07607,0.63192,0.76452,-0.72,1.07,0.09,-0.28984,-0.17505,-0.11408,0.93399,-0.74,1.11,0.13,-0.12684,-0.19031,-0.04502,0.97245,-0.75,1.12,0.16,0.25553,-0.19943,0.00562,0.94599,-0.76,1.11,0.18,0.41742,-0.16948,0.0295,0.89228,-0.76,1.09,0.2,0.41742,-0.16948,0.0295,0.89228,-0.7,1.07,0.09,-0.28984,-0.17505,-0.11408,0.93399,-0.71,1.11,0.14,0.00881,-0.19461,-0.06862,0.97844,-0.73,1.11,0.18,0.27377,-0.20461,-0.02611,0.93942,-0.74,1.1,0.2,0.35921,-0.19451,-0.05852,0.91088,-0.75,1.08,0.21,0.35921,-0.19451,-0.05852,0.91088,-0.69,1.07,0.1,-0.28984,-0.17505,-0.11408,0.93399,-0.7,1.1,0.14,-0.12318,-0.14926,-0.1587,0.96817,-0.71,1.11,0.18,0.24016,-0.21046,-0.13172,0.93845,-0.72,1.1,0.2,0.40643,-0.25556,-0.11041,0.87024,-0.73,1.09,0.21,0.40643,-0.25556,-0.11041,0.87024,-0.68,1.07,0.1,-0.21122,-0.10047,-0.34128,0.9104,-0.68,1.09,0.14,-0.34756,-0.03147,-0.25891,0.90065,-0.68,1.11,0.17,0.14985,-0.16574,-0.28427,0.93234,-0.69,1.11,0.18,0.35986,-0.27467,-0.24032,0.85867,-0.7,1.1,0.2,0.35986,-0.27467,-0.24032,0.85867,-0.81,1.08,0.19
-0.79,1.47,-0.16,-0.79,1.47,-0.16,-0.85,1.1,0.1,0.35629,-0.0773,-0.12001,-0.92341,-0.86,1.06,0.06,0.35629,-0.0773,-0.12001,-0.92341,-0.82,1.08,0.08,0.44401,-0.17348,0.54953,-0.68613,-0.8,1.09,0.1,0.20234,0.00731,0.50191,-0.84089,-0.79,1.1,0.13,0.06346,0.0483,0.57031,-0.81755,-0.79,1.11,0.16,0.06346,0.0483,0.57031,-0.81755,-0.84,1.08,0.08,0.35629,-0.0773,-0.12001,-0.92341,-0.83,1.12,0.12,0.08393,-0.1125,-0.04463,-0.98909,-0.82,1.13,0.16,-0.3527,-0.12743,-0.01673,-0.92687,-0.82,1.11,0.18,-0.53176,-0.10151,0.00086,-0.84079,-0.81,1.09,0.19,-0.53176,-0.10151,0.00086,-0.84079,-0.85,1.08,0.08,0.35629,-0.0773,-0.12001,-0.92341,-0.85,1.12,0.13,0.10833,-0.09622,-0.11136,-0.98316,-0.84,1.13,0.17,-0.32569,-0.137,-0.07182,-0.93274,-0.84,1.11,0.19,-0.53293,-0.13688,-0.10234,-0.82872,-0.83,1.09,0.2,-0.53293,-0.13688,-0.10234,-0.82872,-0.87,1.08,0.09,0.35629,-0.0773,-0.12001,-0.92341,-0.87,1.11,0.13,0.17855,-0.07382,-0.17566,-0.9653,-0.87,1.12,0.16,-0.29273,-0.167,-0.1585,-0.92806,-0.86,1.11,0.18,-0.54257,-0.22715,-0.12952,-0.79827,-0.84,1.09,0.19,-0.54257,-0.22715,-0.12952,-0.79827,-0.88,1.07,0.09,0.29515,-0.0212,-0.35594,-0.88642,-0.88,1.1,0.13,0.21817,-0.06468,-0.25794,-0.93898,-0.88,1.11,0.16,-0.23971,-0.17105,-0.27421,-0.91547,-0.87,1.1,0.17,-0.47379,-0.28441,-0.22454,-0.80263,-0.86,1.09,0.18,-0.47379,-0.28441,-0.22454,-0.80263,-0.71,1.09,0.12,-0.30722,-0.16695,-0.12211,0.92889,-0.69,1.06,0.07,-0.30722,-0.16695,-0.12211,0.92889,-0.73,1.07,0.09,-0.42019,-0.25914,0.56608,0.66018,-0.75,1.08,0.11,-0.20887,-0.08558,0.54402,0.80814,-0.76,1.09,0.14,-0.11049,-0.06015,0.62257,0.77239,-0.77,1.09,0.16,-0.11049,-0.06015,0.62257,0.77239,-0.72,1.08,0.09,-0.30722,-0.16695,-0.12211,0.92889,-0.73,1.11,0.13,-0.14537,-0.18102,-0.05557,0.97109,-0.74,1.12,0.16,0.26369,-0.19545,-0.00214,0.9446,-0.75,1.11,0.18,0.43883,-0.16658,0.02423,0.88266,-0.76,1.1,0.2,0.43883,-0.16658,0.02423,0.88266,-0.7,1.07,0.09,-0.30722,-0.16695,-0.12211,0.92889,-0.71,1.11,0.14,-0.00478,-0.19136,-0.07695,0.97849,-0.73,1.12,0.18,0.2778,-0.20448,-0.03134,0.9381,-0.74,1.1,0.2,0.3739,-0.19491,-0.06243,0.90461,-0.75,1.09,0.21,0.3739,-0.19491,-0.06243,0.90461,-0.68,1.07,0.1,-0.30722,-0.16695,-0.12211,0.92889,-0.69,1.1,0.14,-0.12311,-0.1481,-0.16524,0.96727,-0.7,1.12,0.18,0.24782,-0.21286,-0.13655,0.93522,-0.72,1.11,0.2,0.42004,-0.25923,-0.11343,0.86226,-0.73,1.09,0.21,0.42004,-0.25923,-0.11343,0.86226,-0.68,1.07,0.1,-0.22869,-0.09709,-0.35058,0.90298,-0.68,1.09,0.14,-0.35824,-0.02089,-0.26886,0.89384,-0.67,1.11,0.17,0.13847,-0.163,-0.29753,0.93045,-0.68,1.11,0.18,0.34891,-0.27548,-0.25298,0.85929,-0.7,1.1,0.2,0.34891,-0.27548,-0.25298,0.85929,-0.81,1.08,0.19
-0.79,1.47,-0.16,-0.79,1.47,-0.16,-0.85,1.1,0.11,0.35173,-0.07399,-0.11334,-0.92626,-0.86,1.06,0.06,0.35173,-0.07399,-0.11334,-0.92626,-0.82,1.07,0.08,0.43482,-0.17521,0.5565,-0.68596,-0.8,1.09,0.1,0.19121,0.01035,0.50956,-0.83886,-0.8,1.1,0.13,0.05349,0.05056,0.57696,-0.81345,-0.79,1.1,0.16,0.05349,0.05056,0.57696,-0.81345,-0.84,1.08,0.08,0.35173,-0.07399,-0.11334,-0.92626,-0.83,1.12,0.13,0.06842,-0.10742,-0.03821,-0.99112,-0.82,1.13,0.16,-0.36769,-0.1197,-0.01321,-0.92212,-0.82,1.11,0.18,-0.5459,-0.0931,0.00327,-0.83265,-0.81,1.09,0.19,-0.5459,-0.0931,0.00327,-0.83265,-0.85,1.08,0.08,0.35173,-0.07399,-0.11334,-0.92626,-0.85,1.12,0.13,0.0658,-0.09562,-0.10165,-0.98803,-0.84,1.13,0.17,-0.38048,-0.1327,-0.06137,-0.91316,-0.84,1.11,0.19,-0.59352,-0.12718,-0.09165,-0.7894,-0.83,1.09,0.19,-0.59352,-0.12718,-0.09165,-0.7894,-0.87,1.07,0.09,0.35173,-0.07399,-0.11334,-0.92626,-0.87,1.11,0.13,0.14839,-0.07312,-0.16771,-0.97186,-0.87,1.12,0.16,-0.33016,-0.16271,-0.15129,-0.91741,-0.85,1.11,0.18,-0.58272,-0.22074,-0.12328,-0.77234,-0.84,1.09,0.19,-0.58272,-0.22074,-0.12328,-0.77234,-0.88,1.07,0.09,0.29231,-0.01653,-0.3495,-0.89002,-0.88,1.09,0.13,0.21387,-0.05957,-0.25195,-0.94193,-0.88,1.11,0.16,-0.24433,-0.16342,-0.27133,-0.9165,-0.88,1.1,0.17,-0.4827,-0.27734,-0.22294,-0.80023,-0.86,1.09,0.18,-0.4827,-0.27734,-0.22294,-0.80023,-0.7,1.1,0.12,-0.31894,-0.15948,-0.1501,0.92212,-0.69,1.06,0.07,-0.31894,-0.15948,-0.1501,0.92212,-0.73,1.07,0.09,-0.4343,-0.24639,0.54585,0.67285,-0.75,1.08,0.11,-0.22323,-0.08294,0.51864,0.82116,-0.76,1.09,0.13,-0.12161,-0.05718,0.59893,0.78944,-0.77,1.1,0.16,-0.12161,-0.05718,0.59893,0.78944,-0.71,1.08,0.09,-0.31894,-0.15948,-0.1501,0.92212,-0.73,1.12,0.13,-0.17091,-0.17601,-0.0879,0.96545,-0.74,1.13,0.16,0.2566,-0.2052,-0.02937,0.94403,-0.75,1.12,0.18,0.44278,-0.18147,0.00149,0.87807,-0.76,1.1,0.19,0.44278,-0.18147,0.00149,0.87807,-0.7,1.08,0.09,-0.31894,-0.15948,-0.1501,0.92212,-0.71,1.12,0.14,-0.11029,-0.17769,-0.12679,0.96963,-0.72,1.13,0.17,0.21508,-0.21033,-0.07412,0.95079,-0.73,1.12,0.2,0.33398,-0.20967,-0.10218,0.91327,-0.74,1.1,0.21,0.33398,-0.20967,-0.10218,0.91327,-0.68,1.07,0.1,-0.31894,-0.15948,-0.1501,0.92212,-0.69,1.11,0.14,-0.14112,-0.14414,-0.19595,0.95964,-0.7,1.12,0.18,0.26067,-0.22672,-0.15889,0.92488,-0.71,1.11,0.2,0.44629,-0.27842,-0.12899,0.84064,-0.73,1.09,0.21,0.44629,-0.27842,-0.12899,0.84064,-0.68,1.07,0.1,-0.23778,-0.09375,-0.37806,0.8898,-0.68,1.09,0.14,-0.31757,-0.02895,-0.29806,0.89971,-0.67,1.11,0.17,0.20559,-0.19052,-0.31416,0.90705,-0.68,1.1,0.18,0.41868,-0.30857,-0.26181,0.81299,-0.7,1.09,0.19,0.41868,-0.30857,-0.26181,0.81299,-0.81,1.08,0.19
-0.79,1.47,-0.16,-0.79,1.47,-0.16,-0.85,1.1,0.11,0.35163,-0.07733,-0.12444,-0.9246,-0.86,1.06,0.06,0.35163,-0.07733,-0.12444,-0.9246,-0.82,1.08,0.08,0.43697,-0.1784,0.5502,-0.68884,-0.8,1.09,0.1,0.19272,0.00464,0.50432,-0.84173,-0.79,1.1,0.13,0.06386,0.03825,0.57398,-0.81548,-0.79,1.11,0.16,0.06386,0.03825,0.57398,-0.81548,-0.84,1.08,0.08,0.35163,-0.07733,-0.12444,-0.9246,-0.83,1.12,0.13,0.04612,-0.11523,-0.04424,-0.99128,-0.82,1.13,0.16,-0.38685,-0.12875,-0.01556,-0.91298,-0.81,1.11,0.18,-0.55617,-0.10223,0.00235,-0.82475,-0.81,1.09,0.19,-0.55617,-0.10223,0.00235,-0.82475,-0.85,1.08,0.09,0.35163,-0.07733,-0.12444,-0.9246,-0.85,1.12,0.13,0.01083,-0.10987,-0.1037,-0.98846,-0.84,1.12,0.17,-0.43503,-0.14597,-0.05616,-0.88673,-0.83,1.1,0.18,-0.64469,-0.13506,-0.08195,-0.74794,-0.83,1.08,0.19,-0.64469,-0.13506,-0.08195,-0.74794,-0.87,1.08,0.09,0.35163,-0.07733,-0.12444,-0.9246,-0.87,1.11,0.13,0.09543,-0.08805,-0.17284,-0.97635,-0.86,1.12,0.17,-0.38537,-0.17707,-0.14858,-0.89334,-0.85,1.1,0.18,-0.63252,-0.2323,-0.11679,-0.7296,-0.84,1.08,0.19,-0.63252,-0.2323,-0.11679,-0.7296,-0.88,1.07,0.09,0.28999,-0.02018,-0.35982,-0.88658,-0.88,1.1,0.13,0.19937,-0.06781,-0.26204,-0.9418,-0.88,1.11,0.16,-0.26296,-0.17566,-0.27555,-0.90778,-0.87,1.1,0.17,-0.5003,-0.29051,-0.22359,-0.78442,-0.86,1.09,0.18,-0.5003,-0.29051,-0.22359,-0.78442,-0.7,1.09,0.12,-0.30646,-0.16642,-0.14655,0.92569,-0.69,1.06,0.07,-0.30646,-0.16642,-0.14655,0.92569,-0.73,1.07,0.09,-0.42475,-0.26147,0.54919,0.67053,-0.75,1.08,0.11,-0.22217,-0.10131,0.52517,0.81521,-0.77,1.09,0.13,-0.12237,-0.07462,0.60665,0.78194,-0.77,1.09,0.16,-0.12237,-0.07462,0.60665,0.78194,-0.72,1.08,0.09,-0.30646,-0.16642,-0.14655,0.92569,-0.73,1.12,0.13,-0.19707,-0.17326,-0.09447,0.96032,-0.74,1.13,0.16,0.24954,-0.20682,-0.03208,0.94548,-0.75,1.12,0.18,0.44688,-0.1838,0.00143,0.87551,-0.76,1.1,0.19,0.44688,-0.1838,0.00143,0.87551,-0.7,1.07,0.09,-0.30646,-0.16642,-0.14655,0.92569,-0.71,1.11,0.14,-0.14002,-0.16907,-0.13434,0.96631,-0.72,1.13,0.18,0.24887,-0.21014,-0.07039,0.94284,-0.73,1.12,0.2,0.40073,-0.20935,-0.09371,0.88702,-0.74,1.1,0.21,0.40073,-0.20935,-0.09371,0.88702,-0.68,1.07,0.1,-0.30646,-0.16642,-0.14655,0.92569,-0.69,1.1,0.14,-0.12817,-0.14529,-0.19266,0.96195,-0.7,1.12,0.18,0.34722,-0.23724,-0.13863,0.89662,-0.71,1.1,0.19,0.55888,-0.285,-0.09994,0.77229,-0.73,1.08,0.2,0.55888,-0.285,-0.09994,0.77229,-0.68,1.07,0.1,-0.22469,-0.09732,-0.37348,0.89474,-0.68,1.09,0.14,-0.30101,-0.03678,-0.29311,0.90671,-0.67,1.11,0.17,0.3039,-0.21865,-0.29146,0.88028,-0.69,1.1,0.18,0.55597,-0.34168,-0.21809,0.72567,-0.7,1.09,0.19,0.55597,-0.34168,-0.21809,0.72567,-0.81,1.08,0.19
-0.79,1.47,-0.16,-0.79,1.47,-0.16,-0.85,1.1,0.11,0.34607,-0.07266,-0.14365,-0.9243,-0.86,1.06,0.06,0.34607,-0.07266,-0.14365,-0.9243,-0.82,1.08,0.08,0.4335,-0.17726,0.5377,-0.7011,-0.8,1.09,0.1,0.18731,0.00102,0.49119,-0.85067,-0.8,1.1,0.13,0.06466,0.02797,0.56263,-0.8237,-0.79,1.11,0.16,0.06466,0.02797,0.56263,-0.8237,-0.84,1.08,0.08,0.34607,-0.07266,-0.14365,-0.9243,-0.83,1.12,0.13,0.01841,-0.11881,-0.06042,-0.99091,-0.82,1.13,0.16,-0.39486,-0.13765,-0.03137,-0.90783,-0.82,1.11,0.18,-0.55136,-0.11359,-0.01315,-0.82639,-0.81,1.09,0.19,-0.55136,-0.11359,-0.01315,-0.82639,-0.85,1.08,0.09,0.34607,-0.07266,-0.14365,-0.9243,-0.85,1.12,0.13,0.00264,-0.11306,-0.12241,-0.98602,-0.84,1.12,0.17,-0.43922,-0.15695,-0.07178,-0.88165,-0.83,1.1,0.18,-0.64845,-0.14915,-0.09409,-0.74055,-0.83,1.08,0.19,-0.64845,-0.14915,-0.09409,-0.74055,-0.87,1.08,0.09,0.34607,-0.07266,-0.14365,-0.9243,-0.87,1.11,0.13,0.09161,-0.08671,-0.19309,-0.97304,-0.86,1.12,0.17,-0.3882,-0.18564,-0.16664,-0.88717,-0.85,1.1,0.18,-0.63486,-0.24582,-0.13096,-0.72068,-0.84,1.08,0.19,-0.63486,-0.24582,-0.13096,-0.72068,-0.88,1.07,0.09,0.28288,-0.0149,-0.37766,-0.88155,-0.88,1.1,0.13,0.193,-0.06361,-0.28162,-0.93776,-0.88,1.11,0.16,-0.26882,-0.18109,-0.29409,-0.89914,-0.87,1.1,0.17,-0.50527,-0.30141,-0.23911,-0.77245,-0.86,1.09,0.18,-0.50527,-0.30141,-0.23911,-0.77245,-0.71,1.09,0.12,-0.29707,-0.17192,-0.1423,0.92841,-0.69,1.06,0.07,-0.29707,-0.17192,-0.1423,0.92841,-0.73,1.07,0.09,-0.41966,-0.26892,0.55069,0.66956,-0.75,1.08,0.11,-0.22012,-0.10973,0.52836,0.81261,-0.77,1.09,0.13,-0.11849,-0.08068,0.61036,0.77905,-0.77,1.09,0.16,-0.11849,-0.08068,0.61036,0.77905,-0.72,1.08,0.09,-0.29707,-0.17192,-0.1423,0.92841,-0.73,1.11,0.13,-0.18741,-0.17403,-0.09136,0.96242,-0.74,1.13,0.16,0.28951,-0.20676,-0.02231,0.93431,-0.75,1.12,0.18,0.49579,-0.1812,0.01495,0.8492,-0.76,1.1,0.19,0.49579,-0.1812,0.01495,0.8492,-0.7,1.07,0.09,-0.29707,-0.17192,-0.1423,0.92841,-0.71,1.11,0.14,-0.11353,-0.17125,-0.12817,0.97023,-0.72,1.12,0.18,0.31939,-0.2122,-0.05391,0.92198,-0.73,1.11,0.2,0.49667,-0.20558,-0.07222,0.84015,-0.74,1.09,0.21,0.49667,-0.20558,-0.07222,0.84015,-0.68,1.07,0.1,-0.29707,-0.17192,-0.1423,0.92841,-0.69,1.1,0.14,-0.10426,-0.1484,-0.18644,0.96558,-0.7,1.11,0.18,0.40927,-0.24132,-0.12248,0.87136,-0.72,1.1,0.19,0.63777,-0.28427,-0.07716,0.71168,-0.73,1.08,0.19,0.63777,-0.28427,-0.07716,0.71168,-0.68,1.07,0.11,-0.21501,-0.10024,-0.36851,0.89885,-0.68,1.09,0.14,-0.29368,-0.03927,-0.28806,0.91062,-0.68,1.11,0.17,0.33954,-0.22529,-0.28058,0.86904,-0.69,1.1,0.18,0.60721,-0.3491,-0.19819,0.68567,-0.7,1.08,0.18,0.60721,-0.3491,-0.19819,0.68567,-0.81,1.08,0.19
-0.79,1.47,-0.16,-0.79,1.47,-0.16,-0.85,1.1,0.11,0.33718,-0.05947,-0.15338,-0.92696,-0.86,1.06,0.05,0.33718,-0.05947,-0.15338,-0.92696,-0.83,1.08,0.08,0.41809,-0.1711,0.53466,-0.71419,-0.8,1.09,0.1,0.16978,0.00708,0.48584,-0.85737,-0.8,1.1,0.13,0.05062,0.02878,0.55682,-0.82859,-0.8,1.11,0.16,0.05062,0.02878,0.55682,-0.82859,-0.84,1.08,0.08,0.33718,-0.05947,-0.15338,-0.92696,-0.83,1.12,0.13,-0.00282,-0.11155,-0.07201,-0.99114,-0.83,1.12,0.16,-0.3853,-0.13375,-0.04934,-0.91171,-0.82,1.11,0.18,-0.53255,-0.11244,-0.03344,-0.83823,-0.81,1.09,0.19,-0.53255,-0.11244,-0.03344,-0.83823,-0.85,1.08,0.08,0.33718,-0.05947,-0.15338,-0.92696,-0.86,1.12,0.13,0.03027,-0.09764,-0.14084,-0.98474,-0.85,1.13,0.17,-0.38834,-0.14901,-0.09931,-0.90395,-0.84,1.11,0.19,-0.59301,-0.15083,-0.12465,-0.78106,-0.83,1.09,0.19,-0.59301,-0.15083,-0.12465,-0.78106,-0.87,1.08,0.09,0.33718,-0.05947,-0.15338,-0.92696,-0.87,1.11,0.13,0.12958,-0.0646,-0.21,-0.96692,-0.87,1.12,0.17,-0.34223,-0.17413,-0.19278,-0.90299,-0.86,1.11,0.18,-0.58883,-0.24313,-0.15972,-0.75409,-0.85,1.09,0.19,-0.58883,-0.24313,-0.15972,-0.75409,-0.88,1.07,0.09,0.27559,-0.0001,-0.38662,-0.8801,-0.89,1.09,0.13,0.20485,-0.04204,-0.2934,-0.93284,-0.89,1.11,0.16,-0.25201,-0.16746,-0.31465,-0.89969,-0.88,1.1,0.17,-0.48735,-0.29407,-0.26229,-0.77924,-0.86,1.09,0.18,-0.48735,-0.29407,-0.26229,-0.77924,-0.7,1.09,0.12,-0.29624,-0.17656,-0.14339,0.92763,-0.69,1.06,0.07,-0.29624,-0.17656,-0.14339,0.92763,-0.73,1.07,0.09,-0.4237,-0.26554,0.54791,0.67065,-0.75,1.08,0.1,-0.2259,-0.10892,0.52408,0.81391,-0.77,1.09,0.13,-0.11707,-0.07449,0.60654,0.78285,-0.77,1.09,0.16,-0.11707,-0.07449,0.60654,0.78285,-0.71,1.08,0.09,-0.29624,-0.17656,-0.14339,0.92763,-0.73,1.11,0.13,-0.16797,-0.18013,-0.08792,0.9652,-0.74,1.13,0.16,0.32596,-0.21034,-0.01251,0.9216,-0.75,1.11,0.18,0.53646,-0.18198,0.02829,0.82359,-0.76,1.09,0.19,0.53646,-0.18198,0.02829,0.82359,-0.7,1.07,0.09,-0.29624,-0.17656,-0.14339,0.92763,-0.71,1.11,0.14,-0.0426,-0.18524,-0.11467,0.97505,-0.73,1.12,0.18,0.41316,-0.21903,-0.02911,0.88345,-0.74,1.1,0.19,0.60399,-0.20127,-0.04153,0.77004,-0.74,1.08,0.2,0.60399,-0.20127,-0.04153,0.77004,-0.68,1.07,0.1,-0.29624,-0.17656,-0.14339,0.92763,-0.69,1.1,0.14,-0.08224,-0.15401,-0.18455,0.96719,-0.7,1.11,0.18,0.44443,-0.24614,-0.11439,0.85371,-0.72,1.09,0.19,0.68073,-0.28579,-0.06414,0.67143,-0.73,1.07,0.19,0.68073,-0.28579,-0.06414,0.67143,-0.68,1.07,0.1,-0.21311,-0.10469,-0.3692,0.89851,-0.68,1.09,0.14,-0.32558,-0.02124,-0.28983,0.89975,-0.67,1.11,0.17,0.30834,-0.21571,-0.29209,0.87925,-0.68,1.1,0.18,0.59328,-0.34764,-0.2055,0.69637,-0.7,1.08,0.18,0.59328,-0.34764,-0.2055,0.69637,-0.81,1.08,0.19
-0.79,1.47,-0.16,-0.79,1.47,-0.16,-0.86,1.1,0.11,0.33042,-0.05422,-0.13815,-0.93209,-0.86,1.06,0.05,0.33042,-0.05422,-0.13815,-0.93209,-0.83,1.08,0.08,0.40232,-0.17265,0.54917,-0.71186,-0.8,1.09,0.1,0.15606,0.01152,0.50083,-0.85128,-0.8,1.1,0.13,0.04079,0.03108,0.57051,-0.81969,-0.8,1.1,0.16,0.04079,0.03108,0.57051,-0.81969,-0.84,1.08,0.08,0.33042,-0.05422,-0.13815,-0.93209,-0.83,1.12,0.13,-0.01197,-0.10185,-0.05936,-0.99295,-0.83,1.12,0.16,-0.38963,-0.1195,-0.04207,-0.91222,-0.82,1.11,0.18,-0.53422,-0.09701,-0.02882,-0.83927,-0.82,1.09,0.19,-0.53422,-0.09701,-0.02882,-0.83927,-0.85,1.08,0.08,0.33042,-0.05422,-0.13815,-0.93209,-0.86,1.12,0.13,0.05733,-0.08006,-0.13324,-0.98618,-0.85,1.13,0.17,-0.3586,-0.12962,-0.10059,-0.91896,-0.84,1.11,0.19,-0.5565,-0.13344,-0.13169,-0.80942,-0.83,1.09,0.2,-0.5565,-0.13344,-0.13169,-0.80942,-0.87,1.08,0.09,0.33042,-0.05422,-0.13815,-0.93209,-0.87,1.11,0.13,0.13953,-0.05146,-0.19771,-0.96891,-0.87,1.12,0.16,-0.33346,-0.15709,-0.1882,-0.91034,-0.86,1.11,0.18,-0.57786,-0.2252,-0.16117,-0.76771,-0.85,1.09,0.19,-0.57786,-0.2252,-0.16117,-0.76771,-0.88,1.07,0.09,0.27218,0.00738,-0.37209,-0.88736,-0.89,1.09,0.13,0.19793,-0.0347,-0.27906,-0.93901,-0.89,1.11,0.16,-0.25969,-0.15364,-0.30565,-0.90307,-0.88,1.1,0.17,-0.4966,-0.27855,-0.25791,-0.78056,-0.87,1.09,0.18,-0.4966,-0.27855,-0.25791,-0.78056,-0.7,1.09,0.12,-0.30264,-0.16745,-0.13153,0.92902,-0.69,1.06,0.07,-0.30264,-0.16745,-0.13153,0.92902,-0.73,1.07,0.09,-0.42713,-0.25016,0.55212,0.67092,-0.75,1.08,0.11,-0.23323,-0.0951,0.52325,0.81411,-0.76,1.09,0.13,-0.11558,-0.05456,0.60453,0.78627,-0.77,1.09,0.16,-0.11558,-0.05456,0.60453,0.78627,-0.71,1.08,0.09,-0.30264,-0.16745,-0.13153,0.92902,-0.73,1.11,0.13,-0.16118,-0.17853,-0.0709,0.96805,-0.74,1.13,0.16,0.30727,-0.20047,-0.00424,0.93026,-0.75,1.11,0.18,0.51461,-0.17073,0.03226,0.83963,-0.76,1.09,0.19,0.51461,-0.17073,0.03226,0.83963,-0.7,1.07,0.09,-0.30264,-0.16745,-0.13153,0.92902,-0.71,1.11,0.14,-0.05477,-0.1759,-0.10498,0.97726,-0.72,1.12,0.18,0.35855,-0.205,-0.03494,0.91005,-0.73,1.1,0.19,0.54917,-0.19253,-0.05227,0.81155,-0.74,1.08,0.2,0.54917,-0.19253,-0.05227,0.81155,-0.68,1.07,0.1,-0.30264,-0.16745,-0.13153,0.92902,-0.69,1.1,0.14,-0.12196,-0.13693,-0.18042,0.96635,-0.7,1.12,0.18,0.38492,-0.22795,-0.12512,0.88556,-0.71,1.1,0.19,0.63136,-0.27363,-0.07912,0.72129,-0.73,1.08,0.19,0.63136,-0.27363,-0.07912,0.72129,-0.68,1.07,0.1,-0.22283,-0.09678,-0.35908,0.90114,-0.68,1.09,0.14,-0.38349,0.01664,-0.277,0.88087,-0.67,1.11,0.16,0.22961,-0.17729,-0.30733,0.90631,-0.68,1.1,0.18,0.5353,-0.32015,-0.22778,0.74771,-0.69,1.09,0.19,0.5353,-0.32015,-0.22778,0.74771,-0.81,1.08,0.19
-0.79,1.47,-0.16,-0.79,1.47,-0.16,-0.85,1.1,0.1,0.32836,-0.05302,-0.12113,-0.93525,-0.86,1.06,0.05,0.32836,-0.05302,-0.12113,-0.93525,-0.83,1.08,0.08,0.3913,-0.1746,0.56532,-0.70485,-0.8,1.09,0.1,0.14817,0.01568,0.51767,-0.84251,-0.8,1.1,0.14,0.03387,0.03588,0.58581,-0.80894,-0.8,1.1,0.16,0.03387,0.03588,0.58581,-0.80894,-0.84,1.08,0.08,0.32836,-0.05302,-0.12113,-0.93525,-0.83,1.12,0.13,-0.01084,-0.09438,-0.0446,-0.99448,-0.83,1.12,0.16,-0.39654,-0.10729,-0.03038,-0.91122,-0.82,1.11,0.18,-0.54446,-0.08313,-0.01858,-0.83445,-0.82,1.09,0.19,-0.54446,-0.08313,-0.01858,-0.83445,-0.85,1.08,0.08,0.32836,-0.05302,-0.12113,-0.93525,-0.86,1.12,0.13,0.06957,-0.06851,-0.1208,-0.98786,-0.85,1.13,0.17,-0.36106,-0.11541,-0.0925,-0.92074,-0.84,1.11,0.19,-0.56247,-0.11806,-0.12685,-0.80846,-0.83,1.09,0.2,-0.56247,-0.11806,-0.12685,-0.80846,-0.87,1.08,0.08,0.32836,-0.05302,-0.12113,-0.93525,-0.87,1.11,0.13,0.14034,-0.04486,-0.18224,-0.97215,-0.87,1.12,0.16,-0.34454,-0.14597,-0.1764,-0.91042,-0.86,1.11,0.18,-0.59249,-0.21151,-0.15265,-0.76218,-0.85,1.09,0.19,-0.59249,-0.21151,-0.15265,-0.76218,-0.88,1.07,0.09,0.27277,0.00973,-0.356,-0.89374,-0.89,1.1,0.13,0.19172,-0.03429,-0.26219,-0.94516,-0.89,1.11,0.15,-0.27247,-0.1465,-0.29065,-0.90544,-0.88,1.1,0.17,-0.51757,-0.26956,-0.24409,-0.77452,-0.87,1.09,0.18,-0.51757,-0.26956,-0.24409,-0.77452,-0.71,1.09,0.12,-0.27317,-0.14919,-0.08536,0.94649,-0.69,1.06,0.07,-0.27317,-0.14919,-0.08536,0.94649,-0.73,1.07,0.09,-0.42921,-0.26118,0.53681,0.6778,-0.75,1.08,0.11,-0.25455,-0.1244,0.50602,0.81466,-0.77,1.09,0.13,-0.15638,-0.09602,0.59158,0.78509,-0.78,1.09,0.16,-0.15638,-0.09602,0.59158,0.78509,-0.72,1.07,0.09,-0.27317,-0.14919,-0.08536,0.94649,-0.73,1.11,0.14,-0.12017,-0.17738,-0.01619,0.97664,-0.75,1.12,0.17,0.24938,-0.17677,0.0247,0.95182,-0.75,1.1,0.19,0.42922,-0.14312,0.04737,0.89053,-0.76,1.09,0.2,0.42922,-0.14312,0.04737,0.89053,-0.7,1.07,0.1,-0.27317,-0.14919,-0.08536,0.94649,-0.71,1.11,0.14,-0.07914,-0.14416,-0.0718,0.98377,-0.72,1.12,0.18,0.2593,-0.16063,-0.03151,0.95183,-0.73,1.1,0.2,0.43124,-0.15455,-0.06186,0.88675,-0.74,1.09,0.22,0.43124,-0.15455,-0.06186,0.88675,-0.68,1.07,0.1,-0.27317,-0.14919,-0.08536,0.94649,-0.7,1.1,0.14,-0.18545,-0.09387,-0.14771,0.96694,-0.7,1.12,0.18,0.27782,-0.17064,-0.12615,0.9369,-0.71,1.1,0.2,0.52398,-0.22143,-0.09872,0.8165,-0.72,1.08,0.21,0.52398,-0.22143,-0.09872,0.8165,-0.68,1.07,0.11,-0.20424,-0.0697,-0.31419,0.9245,-0.68,1.09,0.15,-0.3923,0.04935,-0.22269,0.89111,-0.67,1.11,0.17,0.18461,-0.10705,-0.28812,0.93351,-0.68,1.1,0.18,0.5019,-0.24829,-0.2347,0.79459,-0.69,1.09,0.19,0.5019,-0.24829,-0.2347,0.79459,-0.81,1.08,0.19
-0.79,1.47,-0.16,-0.79,1.47,-0.16,-0.85,1.1,0.1,0.33211,-0.0489,-0.10903,-0.93564,-0.86,1.06,0.05,0.33211,-0.0489,-0.10903,-0.93564,-0.83,1.08,0.08,0.38503,-0.17077,0.57796,-0.69897,-0.8,1.09,0.1,0.14491,0.0237,0.52905,-0.83579,-0.8,1.1,0.14,0.02894,0.04591,0.59541,-0.80159,-0.8,1.1,0.16,0.02894,0.04591,0.59541,-0.80159,-0.84,1.08,0.08,0.33211,-0.0489,-0.10903,-0.93564,-0.83,1.12,0.13,0.00495,-0.08453,-0.03697,-0.99572,-0.83,1.12,0.16,-0.40108,-0.09624,-0.02511,-0.91063,-0.82,1.11,0.18,-0.56073,-0.07169,-0.0138,-0.82477,-0.82,1.09,0.19,-0.56073,-0.07169,-0.0138,-0.82477,-0.85,1.08,0.08,0.33211,-0.0489,-0.10903,-0.93564,-0.86,1.12,0.13,0.08785,-0.05566,-0.11375,-0.98805,-0.85,1.13,0.17,-0.36335,-0.10285,-0.08958,-0.92162,-0.84,1.11,0.19,-0.57405,-0.10591,-0.12655,-0.80202,-0.84,1.09,0.2,-0.57405,-0.10591,-0.12655,-0.80202,-0.87,1.08,0.08,0.33211,-0.0489,-0.10903,-0.93564,-0.87,1.11,0.13,0.14569,-0.03604,-0.17271,-0.97347,-0.87,1.12,0.16,-0.35108,-0.13585,-0.17093,-0.91053,-0.86,1.11,0.18,-0.60668,-0.20118,-0.1491,-0.75447,-0.85,1.09,0.19,-0.60668,-0.20118,-0.1491,-0.75447,-0.88,1.07,0.09,0.27894,0.01321,-0.34498,-0.89611,-0.89,1.1,0.13,0.18817,-0.03351,-0.25061,-0.94903,-0.89,1.11,0.15,-0.28135,-0.14139,-0.28051,-0.90673,-0.88,1.1,0.17,-0.53549,-0.26404,-0.23388,-0.76736,-0.87,1.09,0.18,-0.53549,-0.26404,-0.23388,-0.76736,-0.71,1.09,0.12,-0.22168,-0.13056,-0.03912,0.96555,-0.69,1.06,0.07,-0.22168,-0.13056,-0.03912,0.96555,-0.73,1.07,0.09,-0.40972,-0.27949,0.52033,0.69517,-0.76,1.08,0.11,-0.26437,-0.1656,0.48495,0.81701,-0.77,1.08,0.14,-0.22011,-0.17319,0.56974,0.77263,-0.79,1.09,0.16,-0.22011,-0.17319,0.56974,0.77263,-0.72,1.07,0.1,-0.22168,-0.13056,-0.03912,0.96555,-0.74,1.1,0.15,-0.06058,-0.17537,0.03412,0.98204,-0.75,1.1,0.18,0.24867,-0.159,0.06069,0.95352,-0.76,1.09,0.2,0.39908,-0.12096,0.0748,0.90582,-0.76,1.08,0.22,0.39908,-0.12096,0.0748,0.90582,-0.71,1.07,0.1,-0.22168,-0.13056,-0.03912,0.96555,-0.72,1.1,0.15,-0.0779,-0.11567,-0.0349,0.98961,-0.73,1.11,0.19,0.24122,-0.12118,-0.00905,0.96283,-0.73,1.1,0.21,0.39931,-0.11289,-0.04763,0.90859,-0.74,1.08,0.23,0.39931,-0.11289,-0.04763,0.90859,-0.69,1.07,0.1,-0.22168,-0.13056,-0.03912,0.96555,-0.7,1.1,0.15,-0.19702,-0.06128,-0.10461,0.97287,-0.7,1.11,0.19,0.25475,-0.12107,-0.10433,0.95371,-0.71,1.1,0.21,0.49027,-0.16769,-0.09293,0.85023,-0.72,1.08,0.22,0.49027,-0.16769,-0.09293,0.85023,-0.68,1.07,0.11,-0.1644,-0.03749,-0.26649,0.94897,-0.68,1.08,0.15,-0.36022,0.06862,-0.16512,0.91557,-0.67,1.1,0.17,0.19881,-0.04949,-0.25381,0.94531,-0.68,1.1,0.19,0.51732,-0.18183,-0.22534,0.80532,-0.69,1.08,0.2,0.51732,-0.18183,-0.22534,0.80532,-0.81,1.08,0.19
-0.79,1.47,-0.16,-0.79,1.47,-0.16,-0.85,1.1,0.1,0.33477,-0.04658,-0.09957,-0.93586,-0.86,1.06,0.05,0.33477,-0.04658,-0.09957,-0.93586,-0.83,1.08,0.08,0.38164,-0.16907,0.58658,-0.69404,-0.8,1.09,0.1,0.14343,0.02841,0.53714,-0.83072,-0.8,1.1,0.14,0.02424,0.0538,0.60202,-0.7963,-0.8,1.1,0.16,0.02424,0.0538,0.60202,-0.7963,-0.84,1.08,0.08,0.33477,-0.04658,-0.09957,-0.93586,-0.83,1.12,0.13,0.0302,-0.07707,-0.03226,-0.99605,-0.83,1.13,0.16,-0.3911,-0.0885,-0.02245,-0.91581,-0.82,1.11,0.18,-0.56496,-0.06404,-0.01158,-0.82255,-0.82,1.09,0.19,-0.56496,-0.06404,-0.01158,-0.82255,-0.85,1.08,0.08,0.33477,-0.04658,-0.09957,-0.93586,-0.85,1.12,0.13,0.11364,-0.04459,-0.10884,-0.98654,-0.85,1.13,0.17,-0.33861,-0.091,-0.09016,-0.93217,-0.85,1.12,0.19,-0.55395,-0.09648,-0.13029,-0.81662,-0.84,1.09,0.2,-0.55395,-0.09648,-0.13029,-0.81662,-0.87,1.08,0.08,0.33477,-0.04658,-0.09957,-0.93586,-0.87,1.11,0.13,0.15777,-0.02747,-0.16597,-0.97304,-0.87,1.12,0.16,-0.33803,-0.1252,-0.16933,-0.91727,-0.86,1.11,0.18,-0.5977,-0.19121,-0.15027,-0.76395,-0.85,1.09,0.19,-0.5977,-0.19121,-0.15027,-0.76395,-0.88,1.08,0.09,0.28332,0.01512,-0.33627,-0.89801,-0.89,1.1,0.12,0.19255,-0.02957,-0.24208,-0.9505,-0.89,1.11,0.15,-0.27622,-0.13384,-0.27516,-0.91109,-0.88,1.1,0.17,-0.53385,-0.25582,-0.23044,-0.77231,-0.87,1.09,0.18,-0.53385,-0.25582,-0.23044,-0.77231,-0.71,1.09,0.13,-0.17151,-0.1168,-0.0299,0.97778,-0.69,1.07,0.07,-0.17151,-0.1168,-0.0299,0.97778,-0.73,1.07,0.1,-0.37956,-0.28501,0.50307,0.72224,-0.76,1.08,0.11,-0.24882,-0.18266,0.46271,0.83104,-0.77,1.08,0.14,-0.24363,-0.21727,0.54202,0.77438,-0.79,1.09,0.16,-0.24363,-0.21727,0.54202,0.77438,-0.72,1.07,0.1,-0.17151,-0.1168,-0.0299,0.97778,-0.74,1.1,0.15,-0.00937,-0.17541,0.0423,0.98354,-0.75,1.1,0.19,0.28804,-0.15589,0.06674,0.94248,-0.76,1.08,0.2,0.4312,-0.11689,0.08064,0.89101,-0.76,1.07,0.22,0.4312,-0.11689,0.08064,0.89101,-0.7,1.07,0.1,-0.17151,-0.1168,-0.0299,0.97778,-0.72,1.1,0.15,-0.04904,-0.10382,-0.02795,0.99299,-0.72,1.1,0.19,0.28091,-0.10744,-0.00499,0.95369,-0.73,1.09,0.22,0.44697,-0.09634,-0.04543,0.88819,-0.73,1.07,0.23,0.44697,-0.09634,-0.04543,0.88819,-0.69,1.08,0.1,-0.17151,-0.1168,-0.0299,0.97778,-0.7,1.09,0.15,-0.1778,-0.0463,-0.09308,0.97856,-0.7,1.11,0.19,0.28372,-0.1028,-0.10026,0.94809,-0.7,1.09,0.21,0.5224,-0.14872,-0.09389,0.83436,-0.71,1.07,0.22,0.5224,-0.14872,-0.09389,0.83436,-0.68,1.07,0.11,-0.11975,-0.0119,-0.25332,0.95987,-0.68,1.08,0.15,-0.31899,0.07719,-0.1452,0.93339,-0.67,1.1,0.17,0.24065,-0.02755,-0.24276,0.93936,-0.67,1.09,0.19,0.55957,-0.15846,-0.22419,0.78199,-0.68,1.07,0.2,0.55957,-0.15846,-0.22419,0.78199,-0.81,1.08,0.19
-0.79,1.47,-0.16,-0.79,1.47,-0.16,-0.85,1.1,0.1,0.31984,-0.04653,-0.09678,-0.94137,-0.86,1.06,0.05,0.31984,-0.04653,-0.09678,-0.94137,-0.83,1.08,0.08,0.37418,-0.17897,0.5832,-0.69845,-0.8,1.09,0.11,0.13451,0.01847,0.5371,-0.83252,-0.8,1.1,0.14,0.01499,0.04392,0.60257,-0.79672,-0.8,1.1,0.16,0.01499,0.04392,0.60257,-0.79672,-0.84,1.08,0.08,0.31984,-0.04653,-0.09678,-0.94137,-0.83,1.12,0.13,0.0374,-0.07463,-0.03319,-0.99596,-0.83,1.12,0.16,-0.39149,-0.08704,-0.0236,-0.91575,-0.82,1.11,0.18,-0.57264,-0.06305,-0.01227,-0.81728,-0.82,1.09,0.19,-0.57264,-0.06305,-0.01227,-0.81728,-0.85,1.08,0.08,0.31984,-0.04653,-0.09678,-0.94137,-0.85,1.12,0.13,0.10652,-0.04014,-0.10754,-0.98766,-0.85,1.13,0.17,-0.34517,-0.08633,-0.09103,-0.93012,-0.85,1.11,0.19,-0.55887,-0.09165,-0.13218,-0.81351,-0.84,1.09,0.2,-0.55887,-0.09165,-0.13218,-0.81351,-0.87,1.08,0.08,0.31984,-0.04653,-0.09678,-0.94137,-0.87,1.11,0.13,0.14137,-0.02368,-0.16368,-0.97604,-0.87,1.12,0.16,-0.35155,-0.11977,-0.16977,-0.91282,-0.86,1.11,0.18,-0.60832,-0.18568,-0.15278,-0.75639,-0.85,1.09,0.19,-0.60832,-0.18568,-0.15278,-0.75639,-0.88,1.07,0.09,0.26916,0.01908,-0.33262,-0.90363,-0.89,1.1,0.13,0.16901,-0.02748,-0.23962,-0.95565,-0.89,1.11,0.15,-0.29743,-0.12849,-0.27404,-0.9055,-0.88,1.1,0.17,-0.55054,-0.24971,-0.23253,-0.76189,-0.87,1.08,0.18,-0.55054,-0.24971,-0.23253,-0.76189,-0.71,1.09,0.12,-0.1696,-0.11553,-0.05475,0.97719,-0.69,1.07,0.06,-0.1696,-0.11553,-0.05475,0.97719,-0.73,1.07,0.09,-0.37999,-0.27562,0.49016,0.73443,-0.76,1.08,0.11,-0.24417,-0.17343,0.44823,0.84225,-0.77,1.09,0.14,-0.23653,-0.20727,0.52884,0.7883,-0.79,1.09,0.16,-0.23653,-0.20727,0.52884,0.7883,-0.72,1.08,0.09,-0.1696,-0.11553,-0.05475,0.97719,-0.74,1.1,0.15,-0.01829,-0.17867,0.01558,0.98362,-0.75,1.1,0.18,0.30461,-0.166,0.0467,0.93674,-0.76,1.09,0.2,0.45771,-0.12919,0.06465,0.87728,-0.76,1.07,0.21,0.45771,-0.12919,0.06465,0.87728,-0.7,1.08,0.1,-0.1696,-0.11553,-0.05475,0.97719,-0.71,1.1,0.15,-0.04447,-0.11106,-0.05105,0.99151,-0.72,1.11,0.19,0.30987,-0.12238,-0.02123,0.94263,-0.73,1.09,0.21,0.49251,-0.11225,-0.05779,0.8611,-0.74,1.07,0.23,0.49251,-0.11225,-0.05779,0.8611,-0.69,1.08,0.1,-0.1696,-0.11553,-0.05475,0.97719,-0.7,1.1,0.15,-0.16829,-0.05245,-0.11653,0.97742,-0.7,1.11,0.19,0.30975,-0.12058,-0.11657,0.93591,-0.71,1.09,0.21,0.55597,-0.17027,-0.10392,0.80691,-0.71,1.07,0.22,0.55597,-0.17027,-0.10392,0.80691,-0.68,1.07,0.1,-0.11468,-0.01081,-0.277,0.95394,-0.68,1.08,0.15,-0.31356,0.07263,-0.16977,0.93144,-0.67,1.1,0.17,0.25314,-0.0466,-0.26047,0.93054,-0.67,1.09,0.19,0.57657,-0.18486,-0.23235,0.76119,-0.69,1.08,0.19,0.57657,-0.18486,-0.23235,0.76119,-0.81,1.08,0.19
-0.79,1.47,-0.16,-0.79,1.47,-0.16,-0.85,1.1,0.11,0.3073,-0.04382,-0.08938,-0.94639,-0.86,1.07,0.05,0.3073,-0.04382,-0.08938,-0.94639,-0.82,1.08,0.08,0.37482,-0.18238,0.57618,-0.70304,-0.8,1.09,0.11,0.13676,0.01073,0.53101,-0.83619,-0.8,1.1,0.14,0.01869,0.0349,0.5979,-0.80059,-0.8,1.1,0.16,0.01869,0.0349,0.5979,-0.80059,-0.84,1.08,0.08,0.3073,-0.04382,-0.08938,-0.94639,-0.83,1.12,0.13,0.04874,-0.06524,-0.03215,-0.99616,-0.83,1.12,0.17,-0.38193,-0.07842,-0.02654,-0.92047,-0.82,1.11,0.18,-0.56625,-0.05535,-0.01702,-0.82219,-0.82,1.09,0.19,-0.56625,-0.05535,-0.01702,-0.82219,-0.85,1.08,0.08,0.3073,-0.04382,-0.08938,-0.94639,-0.85,1.12,0.13,0.09553,-0.03315,-0.10179,-0.98965,-0.85,1.13,0.17,-0.35844,-0.07762,-0.08882,-0.92607,-0.85,1.11,0.19,-0.5687,-0.08163,-0.13196,-0.80778,-0.84,1.09,0.2,-0.5687,-0.08163,-0.13196,-0.80778,-0.87,1.08,0.08,0.3073,-0.04382,-0.08938,-0.94639,-0.87,1.11,0.13,0.11622,-0.01935,-0.15667,-0.9806,-0.87,1.12,0.17,-0.37201,-0.11097,-0.16668,-0.90637,-0.86,1.1,0.18,-0.62274,-0.17536,-0.15345,-0.74692,-0.85,1.08,0.19,-0.62274,-0.17536,-0.15345,-0.74692,-0.88,1.07,0.09,0.25854,0.02514,-0.32478,-0.90942,-0.89,1.09,0.13,0.13741,-0.02657,-0.2329,-0.96238,-0.89,1.1,0.16,-0.31306,-0.11782,-0.26973,-0.90297,-0.88,1.09,0.17,-0.54851,-0.23373,-0.23674,-0.76711,-0.87,1.08,0.18,-0.54851,-0.23373,-0.23674,-0.76711,-0.71,1.09,0.12,-0.19539,-0.11379,-0.08786,0.97013,-0.69,1.07,0.06,-0.19539,-0.11379,-0.08786,0.97013,-0.73,1.08,0.09,-0.37484,-0.25511,0.50963,0.73122,-0.76,1.09,0.11,-0.22732,-0.14083,0.46785,0.84239,-0.77,1.09,0.14,-0.19323,-0.16147,0.55047,0.79597,-0.78,1.1,0.16,-0.19323,-0.16147,0.55047,0.79597,-0.72,1.08,0.09,-0.19539,-0.11379,-0.08786,0.97013,-0.73,1.11,0.14,-0.08639,-0.17345,-0.02635,0.98069,-0.75,1.11,0.18,0.27697,-0.17602,0.01263,0.94453,-0.75,1.1,0.2,0.45145,-0.1445,0.03544,0.87981,-0.76,1.08,0.21,0.45145,-0.1445,0.03544,0.87981,-0.7,1.08,0.09,-0.19539,-0.11379,-0.08786,0.97013,-0.71,1.11,0.15,-0.06829,-0.11579,-0.08354,0.9874,-0.72,1.12,0.19,0.30727,-0.13965,-0.04685,0.94015,-0.73,1.1,0.21,0.49999,-0.13458,-0.07881,0.85187,-0.74,1.08,0.22,0.49999,-0.13458,-0.07881,0.85187,-0.69,1.08,0.1,-0.19539,-0.11379,-0.08786,0.97013,-0.69,1.1,0.15,-0.16269,-0.0609,-0.14841,0.97355,-0.7,1.11,0.18,0.32299,-0.14414,-0.13932,0.92493,-0.71,1.1,0.2,0.57269,-0.19934,-0.11816,0.78634,-0.72,1.08,0.21,0.57269,-0.19934,-0.11816,0.78634,-0.68,1.08,0.1,-0.1355,-0.01606,-0.31124,0.94049,-0.68,1.09,0.14,-0.31501,0.06186,-0.20904,0.92371,-0.67,1.1,0.17,0.27293,-0.08461,-0.2854,0.91482,-0.68,1.1,0.18,0.59308,-0.23034,-0.24038,0.73309,-0.69,1.08,0.19,0.59308,-0.23034,-0.24038,0.73309,-0.81,1.08,0.19
-0.79,1.47,-0.16,-0.79,1.47,-0.16,-0.85,1.1,0.11,0.31432,-0.0422,-0.08763,-0.94432,-0.86,1.07,0.05,0.31432,-0.0422,-0.08763,-0.94432,-0.82,1.08,0.08,0.39086,-0.17766,0.568,-0.70217,-0.8,1.09,0.1,0.15524,0.00934,0.52105,-0.83924,-0.8,1.1,0.14,0.03815,0.03314,0.58949,-0.8062,-0.8,1.1,0.16,0.03815,0.03314,0.58949,-0.8062,-0.84,1.08,0.08,0.31432,-0.0422,-0.08763,-0.94432,-0.83,1.12,0.13,0.07236,-0.05932,-0.03421,-0.99502,-0.83,1.13,0.17,-0.34507,-0.07404,-0.032,-0.93511,-0.82,1.11,0.18,-0.5293,-0.05234,-0.02466,-0.84646,-0.82,1.09,0.19,-0.5293,-0.05234,-0.02466,-0.84646,-0.85,1.08,0.08,0.31432,-0.0422,-0.08763,-0.94432,-0.85,1.12,0.13,0.10562,-0.03083,-0.10088,-0.9888,-0.85,1.13,0.17,-0.3449,-0.07488,-0.08934,-0.93137,-0.85,1.11,0.19,-0.55098,-0.07949,-0.13333,-0.81995,-0.84,1.09,0.2,-0.55098,-0.07949,-0.13333,-0.81995,-0.87,1.08,0.09,0.31432,-0.0422,-0.08763,-0.94432,-0.87,1.11,0.13,0.11799,-0.01927,-0.15523,-0.98062,-0.87,1.12,0.17,-0.3586,-0.10822,-0.16659,-0.91211,-0.86,1.1,0.18,-0.6037,-0.17202,-0.15508,-0.76283,-0.85,1.08,0.19,-0.6037,-0.17202,-0.15508,-0.76283,-0.88,1.08,0.09,0.26595,0.025,-0.32367,-0.90768,-0.89,1.1,0.13,0.1438,-0.02902,-0.23057,-0.96194,-0.89,1.11,0.16,-0.28599,-0.11351,-0.26842,-0.91284,-0.88,1.1,0.17,-0.50734,-0.22478,-0.23979,-0.7966,-0.87,1.08,0.18,-0.50734,-0.22478,-0.23979,-0.7966,-0.71,1.1,0.12,-0.22486,-0.11626,-0.09824,0.96243,-0.69,1.07,0.06,-0.22486,-0.11626,-0.09824,0.96243,-0.73,1.08,0.09,-0.37479,-0.25342,0.53265,0.71526,-0.76,1.09,0.11,-0.21468,-0.12491,0.49516,0.83254,-0.77,1.09,0.14,-0.14865,-0.12489,0.57832,0.79237,-0.78,1.1,0.16,-0.14865,-0.12489,0.57832,0.79237,-0.72,1.08,0.09,-0.22486,-0.11626,-0.09824,0.96243,-0.73,1.11,0.14,-0.15275,-0.155,-0.04786,0.97486,-0.74,1.12,0.17,0.21315,-0.16828,-0.01362,0.96232,-0.75,1.11,0.19,0.39265,-0.14251,0.00649,0.90856,-0.76,1.1,0.21,0.39265,-0.14251,0.00649,0.90856,-0.7,1.08,0.09,-0.22486,-0.11626,-0.09824,0.96243,-0.71,1.11,0.14,-0.09603,-0.11651,-0.09468,0.98399,-0.72,1.12,0.18,0.28131,-0.1449,-0.05671,0.94692,-0.73,1.11,0.2,0.47081,-0.14314,-0.08794,0.86609,-0.74,1.09,0.22,0.47081,-0.14314,-0.08794,0.86609,-0.69,1.08,0.1,-0.22486,-0.11626,-0.09824,0.96243,-0.69,1.1,0.14,-0.16892,-0.067,-0.15901,0.97041,-0.7,1.12,0.18,0.31243,-0.15421,-0.14603,0.9259,-0.71,1.1,0.2,0.55899,-0.21075,-0.12211,0.79259,-0.72,1.08,0.21,0.55899,-0.21075,-0.12211,0.79259,-0.68,1.08,0.1,-0.1622,-0.02583,-0.32378,0.93177,-0.68,1.09,0.14,-0.32829,0.05389,-0.22552,0.91568,-0.67,1.11,0.17,0.26655,-0.10428,-0.29316,0.91221,-0.68,1.1,0.18,0.57968,-0.24958,-0.24139,0.73717,-0.69,1.08,0.19,0.57968,-0.24958,-0.24139,0.73717,-0.81,1.08,0.19
-0.79,1.47,-0.16,-0.79,1.47,-0.16,-0.85,1.1,0.11,0.31692,-0.0411,-0.08478,-0.94376,-0.86,1.07,0.05,0.31692,-0.0411,-0.08478,-0.94376,-0.82,1.08,0.09,0.39844,-0.17704,0.5643,-0.70105,-0.8,1.09,0.11,0.1616,0.00877,0.5172,-0.84042,-0.8,1.1,0.14,0.04589,0.03166,0.58632,-0.80816,-0.8,1.1,0.16,0.04589,0.03166,0.58632,-0.80816,-0.84,1.08,0.08,0.31692,-0.0411,-0.08478,-0.94376,-0.83,1.12,0.13,0.08967,-0.05535,-0.03396,-0.99385,-0.83,1.13,0.17,-0.30487,-0.06987,-0.03513,-0.94918,-0.82,1.11,0.19,-0.48577,-0.04895,-0.03025,-0.87219,-0.82,1.1,0.2,-0.48577,-0.04895,-0.03025,-0.87219,-0.85,1.08,0.08,0.31692,-0.0411,-0.08478,-0.94376,-0.85,1.12,0.13,0.11884,-0.02786,-0.09894,-0.98758,-0.85,1.13,0.17,-0.32029,-0.07037,-0.0898,-0.94042,-0.85,1.12,0.19,-0.5207,-0.07608,-0.1351,-0.83954,-0.84,1.09,0.2,-0.5207,-0.07608,-0.1351,-0.83954,-0.87,1.08,0.09,0.31692,-0.0411,-0.08478,-0.94376,-0.87,1.11,0.13,0.1275,-0.0169,-0.15292,-0.97983,-0.87,1.12,0.17,-0.3371,-0.10324,-0.16668,-0.92083,-0.86,1.11,0.19,-0.57739,-0.16677,-0.15723,-0.78363,-0.85,1.09,0.19,-0.57739,-0.16677,-0.15723,-0.78363,-0.88,1.08,0.09,0.26911,0.0255,-0.32119,-0.90762,-0.89,1.1,0.13,0.15256,-0.02941,-0.2268,-0.96147,-0.89,1.11,0.16,-0.26095,-0.10828,-0.26627,-0.92156,-0.88,1.1,0.17,-0.47434,-0.21655,-0.24043,-0.81872,-0.87,1.08,0.18,-0.47434,-0.21655,-0.24043,-0.81872,-0.71,1.1,0.12,-0.25209,-0.12314,-0.10063,0.95455,-0.69,1.07,0.06,-0.25209,-0.12314,-0.10063,0.95455,-0.73,1.08,0.09,-0.39198,-0.24295,0.54136,0.70304,-0.76,1.09,0.11,-0.22957,-0.11121,0.50268,0.82598,-0.77,1.1,0.14,-0.1483,-0.09925,0.58597,0.79044,-0.78,1.1,0.16,-0.1483,-0.09925,0.58597,0.79044,-0.72,1.08,0.09,-0.25209,-0.12314,-0.10063,0.95455,-0.73,1.12,0.14,-0.17613,-0.15134,-0.05099,0.97133,-0.74,1.13,0.17,0.19625,-0.16671,-0.01661,0.96614,-0.75,1.12,0.19,0.377,-0.14172,0.00285,0.9153,-0.76,1.11,0.21,0.377,-0.14172,0.00285,0.9153,-0.7,1.08,0.09,-0.25209,-0.12314,-0.10063,0.95455,-0.71,1.12,0.14,-0.12036,-0.12107,-0.09722,0.98051,-0.72,1.13,0.18,0.25955,-0.15051,-0.05699,0.95223,-0.73,1.11,0.2,0.44354,-0.14971,-0.08779,0.87929,-0.74,1.1,0.22,0.44354,-0.14971,-0.08779,0.87929,-0.69,1.08,0.1,-0.25209,-0.12314,-0.10063,0.95455,-0.69,1.11,0.14,-0.19362,-0.07454,-0.16276,0.96461,-0.7,1.12,0.18,0.2866,-0.16333,-0.14543,0.93276,-0.71,1.11,0.2,0.5302,-0.2194,-0.11951,0.81023,-0.72,1.09,0.21,0.5302,-0.2194,-0.11951,0.81023,-0.68,1.08,0.1,-0.18694,-0.03928,-0.32816,0.9251,-0.68,1.09,0.14,-0.35355,0.04489,-0.23292,0.90484,-0.67,1.11,0.16,0.24224,-0.11857,-0.29317,0.91723,-0.68,1.1,0.18,0.5487,-0.26009,-0.23793,0.75807,-0.69,1.09,0.19,0.5487,-0.26009,-0.23793,0.75807,-0.81,1.08,0.19
-0.79,1.46,-0.16,-0.79,1.46,-0.16,-0.85,1.1,0.11,0.29262,-0.04239,-0.08367,-0.95162,-0.86,1.07,0.05,0.29262,-0.04239,-0.08367,-0.95162,-0.82,1.08,0.09,0.39048,-0.19562,0.55252,-0.70992,-0.8,1.09,0.11,0.14492,-0.00882,0.51196,-0.84665,-0.8,1.1,0.14,0.02891,0.01312,0.58243,-0.81226,-0.79,1.1,0.16,0.02891,0.01312,0.58243,-0.81226,-0.84,1.08,0.09,0.29262,-0.04239,-0.08367,-0.95162,-0.83,1.12,0.13,0.09071,-0.0569,-0.03462,-0.99365,-0.83,1.12,0.17,-0.25829,-0.0698,-0.03859,-0.96277,-0.82,1.11,0.19,-0.43006,-0.04941,-0.03591,-0.90073,-0.82,1.09,0.21,-0.43006,-0.04941,-0.03591,-0.90073,-0.85,1.08,0.09,0.29262,-0.04239,-0.08367,-0.95162,-0.85,1.12,0.13,0.17175,-0.02031,-0.0993,-0.97991,-0.85,1.13,0.17,-0.20763,-0.05835,-0.09702,-0.97163,-0.85,1.12,0.2,-0.39107,-0.07041,-0.14529,-0.90609,-0.84,1.1,0.22,-0.39107,-0.07041,-0.14529,-0.90609,-0.87,1.08,0.09,0.29262,-0.04239,-0.08367,-0.95162,-0.87,1.11,0.13,0.21722,0.00025,-0.15193,-0.96423,-0.87,1.12,0.17,-0.20835,-0.08381,-0.17477,-0.95866,-0.87,1.11,0.19,-0.44159,-0.15036,-0.16949,-0.86814,-0.86,1.1,0.21,-0.44159,-0.15036,-0.16949,-0.86814,-0.88,1.07,0.09,0.24532,0.0304,-0.3183,-0.91519,-0.89,1.09,0.13,0.21517,-0.00923,-0.22111,-0.95117,-0.89,1.11,0.16,-0.16939,-0.08428,-0.27143,-0.94368,-0.88,1.1,0.18,-0.37854,-0.19223,-0.24942,-0.87037,-0.87,1.09,0.19,-0.37854,-0.19223,-0.24942,-0.87037,-0.71,1.09,0.12,-0.22314,-0.12557,-0.0681,0.96426,-0.69,1.07,0.06,-0.22314,-0.12557,-0.0681,0.96426,-0.73,1.07,0.09,-0.38968,-0.24801,0.53584,0.70676,-0.76,1.08,0.11,-0.23996,-0.12584,0.4952,0.82544,-0.77,1.09,0.14,-0.18312,-0.12967,0.57856,0.78417,-0.78,1.09,0.16,-0.18312,-0.12967,0.57856,0.78417,-0.72,1.08,0.09,-0.22314,-0.12557,-0.0681,0.96426,-0.74,1.11,0.14,-0.04881,-0.1648,0.00384,0.98511,-0.75,1.11,0.18,0.34244,-0.15489,0.04236,0.92572,-0.76,1.09,0.19,0.52111,-0.11688,0.06407,0.84302,-0.76,1.07,0.2,0.52111,-0.11688,0.06407,0.84302,-0.71,1.08,0.09,-0.22314,-0.12557,-0.0681,0.96426,-0.72,1.11,0.15,-0.08986,-0.12202,-0.06302,0.98644,-0.73,1.12,0.19,0.28922,-0.13809,-0.02515,0.94692,-0.73,1.1,0.21,0.47113,-0.12965,-0.05885,0.8705,-0.74,1.08,0.22,0.47113,-0.12965,-0.05885,0.8705,-0.69,1.08,0.1,-0.22314,-0.12557,-0.0681,0.96426,-0.7,1.1,0.15,-0.18812,-0.07224,-0.13021,0.97079,-0.7,1.11,0.18,0.29753,-0.14611,-0.11782,0.93608,-0.71,1.1,0.2,0.54137,-0.19511,-0.09821,0.81192,-0.72,1.08,0.21,0.54137,-0.19511,-0.09821,0.81192,-0.68,1.07,0.1,-0.1628,-0.03368,-0.29457,0.94106,-0.68,1.09,0.14,-0.34224,0.04604,-0.19624,0.91774,-0.67,1.11,0.17,0.25448,-0.09406,-0.26538,0.92518,-0.68,1.1,0.18,0.56564,-0.22784,-0.22134,0.76102,-0.69,1.08,0.19,0.56564,-0.22784,-0.22134,0.76102,-0.81,1.08,0.19
-0.79,1.46,-0.16,-0.79,1.46,-0.16,-0.85,1.09,0.11,0.23672,-0.04946,-0.0775,-0.96722,-0.86,1.06,0.06,0.23672,-0.04946,-0.0775,-0.96722,-0.82,1.07,0.09,0.37826,-0.23068,0.51993,-0.73033,-0.8,1.08,0.11,0.11929,-0.04859,0.49188,-0.86108,-0.79,1.09,0.14,0.00648,-0.03133,0.56658,-0.82339,-0.79,1.09,0.16,0.00648,-0.03133,0.56658,-0.82339,-0.83,1.08,0.09,0.23672,-0.04946,-0.0775,-0.96722,-0.83,1.11,0.14,0.03918,-0.06378,-0.02802,-0.9968,-0.82,1.11,0.18,-0.27042,-0.07138,-0.03312,-0.95952,-0.82,1.1,0.2,-0.42812,-0.04925,-0.03092,-0.90185,-0.82,1.08,0.21,-0.42812,-0.04925,-0.03092,-0.90185,-0.85,1.07,0.09,0.23672,-0.04946,-0.0775,-0.96722,-0.85,1.11,0.14,0.15923,-0.01965,-0.09219,-0.98273,-0.85,1.12,0.18,-0.16608,-0.04983,-0.09352,-0.9804,-0.85,1.11,0.2,-0.31236,-0.05938,-0.14248,-0.93734,-0.84,1.1,0.23,-0.31236,-0.05938,-0.14248,-0.93734,-0.87,1.07,0.09,0.23672,-0.04946,-0.0775,-0.96722,-0.87,1.1,0.14,0.22252,0.00381,-0.14225,-0.96449,-0.87,1.11,0.17,-0.15116,-0.06779,-0.1702,-0.97138,-0.87,1.11,0.2,-0.34961,-0.12889,-0.17041,-0.91221,-0.86,1.09,0.22,-0.34961,-0.12889,-0.17041,-0.91221,-0.88,1.07,0.09,0.19033,0.03744,-0.30759,-0.93154,-0.88,1.08,0.13,0.22825,0.00512,-0.20833,-0.95104,-0.89,1.1,0.16,-0.11938,-0.05715,-0.26615,-0.9548,-0.88,1.09,0.18,-0.3028,-0.15724,-0.25244,-0.90546,-0.87,1.08,0.2,-0.3028,-0.15724,-0.25244,-0.90546,-0.71,1.09,0.12,-0.21436,-0.11739,-0.07049,0.96711,-0.69,1.07,0.06,-0.21436,-0.11739,-0.07049,0.96711,-0.73,1.07,0.09,-0.3858,-0.24174,0.52795,0.71693,-0.76,1.08,0.11,-0.2439,-0.12643,0.48346,0.83114,-0.77,1.09,0.14,-0.21003,-0.14631,0.56555,0.78399,-0.78,1.09,0.16,-0.21003,-0.14631,0.56555,0.78399,-0.72,1.08,0.09,-0.21436,-0.11739,-0.07049,0.96711,-0.74,1.1,0.14,-0.07505,-0.16922,-0.00316,0.98271,-0.75,1.11,0.18,0.30941,-0.16268,0.03638,0.9362,-0.75,1.1,0.2,0.49125,-0.12602,0.05886,0.85984,-0.76,1.08,0.21,0.49125,-0.12602,0.05886,0.85984,-0.71,1.08,0.1,-0.21436,-0.11739,-0.07049,0.96711,-0.71,1.11,0.15,-0.08817,-0.12169,-0.0647,0.98653,-0.72,1.11,0.19,0.2809,-0.13811,-0.02826,0.94933,-0.73,1.1,0.21,0.46155,-0.13075,-0.06207,0.87522,-0.74,1.08,0.22,0.46155,-0.13075,-0.06207,0.87522,-0.69,1.08,0.1,-0.21436,-0.11739,-0.07049,0.96711,-0.7,1.1,0.15,-0.18066,-0.06931,-0.13128,0.97228,-0.7,1.11,0.18,0.30026,-0.14322,-0.12089,0.93527,-0.71,1.1,0.2,0.54371,-0.19311,-0.10201,0.81036,-0.72,1.08,0.21,0.54371,-0.19311,-0.10201,0.81036,-0.68,1.07,0.1,-0.1556,-0.02358,-0.2964,0.94201,-0.68,1.09,0.15,-0.33464,0.05506,-0.19594,0.92011,-0.67,1.1,0.17,0.25813,-0.08506,-0.27063,0.92352,-0.68,1.1,0.19,0.57338,-0.22272,-0.22844,0.75462,-0.69,1.08,0.19,0.57338,-0.22272,-0.22844,0.75462,-0.81,1.08,0.19
-0.79,1.46,-0.16,-0.79,1.46,-0.16,-0.85,1.09,0.11,0.22145,-0.0583,-0.0818,-0.96998,-0.86,1.06,0.06,0.22145,-0.0583,-0.0818,-0.96998,-0.82,1.07,0.09,0.39266,-0.23422,0.49131,-0.74134,-0.8,1.08,0.1,0.128,-0.06208,0.46464,-0.874,-0.79,1.09,0.14,0.01768,-0.04844,0.54253,-0.83845,-0.79,1.09,0.16,0.01768,-0.04844,0.54253,-0.83845,-0.83,1.08,0.09,0.22145,-0.0583,-0.0818,-0.96998,-0.83,1.1,0.14,0.02723,-0.06777,-0.03317,-0.99678,-0.82,1.11,0.18,-0.26865,-0.07593,-0.0379,-0.95949,-0.82,1.09,0.2,-0.41711,-0.0541,-0.03568,-0.90654,-0.81,1.08,0.21,-0.41711,-0.0541,-0.03568,-0.90654,-0.85,1.07,0.09,0.22145,-0.0583,-0.0818,-0.96998,-0.85,1.1,0.14,0.14347,-0.0284,-0.09526,-0.98465,-0.85,1.12,0.18,-0.15899,-0.05671,-0.09492,-0.98107,-0.84,1.11,0.21,-0.2776,-0.0634,-0.14204,-0.94802,-0.84,1.1,0.23,-0.2776,-0.0634,-0.14204,-0.94802,-0.87,1.07,0.09,0.22145,-0.0583,-0.0818,-0.96998,-0.87,1.1,0.14,0.20954,-0.00882,-0.14473,-0.96699,-0.87,1.11,0.17,-0.14751,-0.07702,-0.16902,-0.97146,-0.86,1.1,0.2,-0.32562,-0.13455,-0.16867,-0.92055,-0.85,1.09,0.22,-0.32562,-0.13455,-0.16867,-0.92055,-0.87,1.07,0.09,0.17306,0.03235,-0.31002,-0.93429,-0.88,1.08,0.14,0.23029,-0.00436,-0.21002,-0.95018,-0.88,1.1,0.16,-0.11771,-0.06673,-0.26446,-0.95486,-0.88,1.09,0.18,-0.29372,-0.16431,-0.24973,-0.90795,-0.87,1.08,0.2,-0.29372,-0.16431,-0.24973,-0.90795,-0.71,1.09,0.12,-0.21352,-0.11628,-0.07878,0.96679,-0.69,1.07,0.06,-0.21352,-0.11628,-0.07878,0.96679,-0.73,1.07,0.09,-0.38304,-0.24221,0.52542,0.7201,-0.76,1.08,0.11,-0.23795,-0.12551,0.48151,0.83413,-0.77,1.09,0.14,-0.20433,-0.14625,0.56347,0.787,-0.78,1.09,0.16,-0.20433,-0.14625,0.56347,0.787,-0.72,1.08,0.09,-0.21352,-0.11628,-0.07878,0.96679,-0.74,1.1,0.14,-0.10323,-0.16947,-0.01728,0.97996,-0.75,1.11,0.18,0.2633,-0.16943,0.02015,0.9495,-0.75,1.1,0.2,0.44105,-0.13666,0.04162,0.88604,-0.76,1.08,0.21,0.44105,-0.13666,0.04162,0.88604,-0.7,1.08,0.1,-0.21352,-0.11628,-0.07878,0.96679,-0.71,1.11,0.15,-0.09937,-0.12144,-0.07439,0.98481,-0.72,1.12,0.19,0.26397,-0.14135,-0.0382,0.95335,-0.73,1.1,0.21,0.44251,-0.13675,-0.07152,0.88339,-0.74,1.08,0.22,0.44251,-0.13675,-0.07152,0.88339,-0.69,1.08,0.1,-0.21352,-0.11628,-0.07878,0.96679,-0.7,1.1,0.15,-0.1789,-0.06999,-0.13917,0.97146,-0.7,1.11,0.18,0.29662,-0.14684,-0.12814,0.9349,-0.71,1.1,0.2,0.53867,-0.19853,-0.10809,0.81163,-0.72,1.08,0.21,0.53867,-0.19853,-0.10809,0.81163,-0.68,1.07,0.1,-0.15386,-0.02253,-0.30426,0.93981,-0.68,1.09,0.15,-0.32628,0.05259,-0.20453,0.92138,-0.67,1.1,0.17,0.26419,-0.09082,-0.27628,0.91958,-0.68,1.09,0.19,0.5775,-0.23007,-0.23172,0.74824,-0.69,1.08,0.19,0.5775,-0.23007,-0.23172,0.74824,-0.81,1.08,0.19
-0.79,1.47,-0.16,-0.79,1.47,-0.16,-0.85,1.09,0.11,0.24161,-0.06222,-0.10488,-0.96268,-0.86,1.07,0.06,0.24161,-0.06222,-0.10488,-0.96268,-0.82,1.07,0.09,0.41974,-0.21601,0.47219,-0.74444,-0.8,1.09,0.1,0.15213,-0.05268,0.43953,-0.88368,-0.79,1.1,0.13,0.04031,-0.03982,0.51869,-0.85308,-0.79,1.1,0.16,0.04031,-0.03982,0.51869,-0.85308,-0.83,1.08,0.09,0.24161,-0.06222,-0.10488,-0.96268,-0.83,1.11,0.14,0.04593,-0.06355,-0.06,-0.99511,-0.82,1.11,0.17,-0.25036,-0.08028,-0.06469,-0.96265,-0.82,1.1,0.19,-0.3956,-0.06246,-0.06235,-0.91417,-0.81,1.09,0.21,-0.3956,-0.06246,-0.06235,-0.91417,-0.85,1.08,0.09,0.24161,-0.06222,-0.10488,-0.96268,-0.85,1.11,0.14,0.14405,-0.03764,-0.11763,-0.98183,-0.85,1.12,0.18,-0.15701,-0.07217,-0.1135,-0.9784,-0.84,1.11,0.2,-0.27048,-0.08027,-0.15839,-0.94621,-0.84,1.1,0.23,-0.27048,-0.08027,-0.15839,-0.94621,-0.87,1.07,0.09,0.24161,-0.06222,-0.10488,-0.96268,-0.87,1.1,0.14,0.21774,-0.02299,-0.16694,-0.96135,-0.87,1.11,0.17,-0.14423,-0.09955,-0.18394,-0.96719,-0.86,1.11,0.2,-0.32155,-0.15943,-0.17885,-0.91608,-0.85,1.1,0.22,-0.32155,-0.15943,-0.17885,-0.91608,-0.87,1.07,0.09,0.18866,0.02293,-0.3336,-0.92336,-0.88,1.08,0.13,0.24672,-0.02488,-0.23188,-0.94061,-0.88,1.1,0.16,-0.12902,-0.1028,-0.276,-0.94689,-0.88,1.1,0.18,-0.31746,-0.20549,-0.25167,-0.89087,-0.87,1.09,0.2,-0.31746,-0.20549,-0.25167,-0.89087,-0.71,1.09,0.12,-0.20903,-0.12394,-0.08875,0.96595,-0.69,1.07,0.06,-0.20903,-0.12394,-0.08875,0.96595,-0.73,1.07,0.09,-0.37999,-0.25101,0.52248,0.72084,-0.76,1.08,0.11,-0.22685,-0.13012,0.48212,0.83617,-0.77,1.09,0.14,-0.19028,-0.14959,0.56401,0.7895,-0.78,1.09,0.16,-0.19028,-0.14959,0.56401,0.7895,-0.72,1.08,0.09,-0.20903,-0.12394,-0.08875,0.96595,-0.74,1.1,0.14,-0.07886,-0.17845,-0.02216,0.98053,-0.75,1.11,0.18,0.29005,-0.17887,0.01948,0.93995,-0.76,1.1,0.2,0.46579,-0.1458,0.04354,0.87172,-0.76,1.08,0.21,0.46579,-0.1458,0.04354,0.87172,-0.71,1.08,0.1,-0.20903,-0.12394,-0.08875,0.96595,-0.71,1.11,0.15,-0.10096,-0.12947,-0.08427,0.98282,-0.72,1.12,0.19,0.26562,-0.15259,-0.0439,0.95091,-0.73,1.1,0.21,0.44546,-0.14875,-0.07483,0.87968,-0.74,1.08,0.22,0.44546,-0.14875,-0.07483,0.87968,-0.69,1.08,0.1,-0.20903,-0.12394,-0.08875,0.96595,-0.7,1.1,0.15,-0.17992,-0.07824,-0.14889,0.96919,-0.7,1.11,0.18,0.29832,-0.15915,-0.13226,0.93176,-0.71,1.1,0.2,0.54107,-0.21149,-0.10842,0.8067,-0.72,1.08,0.21,0.54107,-0.21149,-0.10842,0.8067,-0.68,1.07,0.1,-0.14655,-0.02931,-0.31297,0.93793,-0.68,1.08,0.15,-0.31797,0.03886,-0.21514,0.92255,-0.67,1.1,0.17,0.2713,-0.10694,-0.2771,0.91552,-0.68,1.09,0.19,0.58448,-0.24567,-0.22619,0.73951,-0.69,1.08,0.19,0.58448,-0.24567,-0.22619,0.73951,-0.81,1.08,0.19
-0.79,1.47,-0.16,-0.79,1.47,-0.16,-0.85,1.1,0.11,0.26528,-0.06457,-0.13101,-0.95304,-0.86,1.07,0.06,0.26528,-0.06457,-0.13101,-0.95304,-0.82,1.08,0.08,0.43783,-0.19844,0.46381,-0.74418,-0.8,1.09,0.1,0.16397,-0.03722,0.42591,-0.889,-0.79,1.1,0.13,0.04319,-0.02076,0.50419,-0.86226,-0.79,1.1,0.16,0.04319,-0.02076,0.50419,-0.86226,-0.83,1.08,0.09,0.26528,-0.06457,-0.13101,-0.95304,-0.83,1.11,0.13,0.06258,-0.06199,-0.089,-0.99213,-0.82,1.12,0.17,-0.24476,-0.08884,-0.09172,-0.96114,-0.82,1.11,0.19,-0.39028,-0.07509,-0.0879,-0.91341,-0.81,1.09,0.21,-0.39028,-0.07509,-0.0879,-0.91341,-0.85,1.08,0.09,0.26528,-0.06457,-0.13101,-0.95304,-0.85,1.11,0.14,0.13165,-0.04983,-0.14177,-0.97984,-0.85,1.12,0.18,-0.18998,-0.09379,-0.13084,-0.9685,-0.84,1.11,0.2,-0.3097,-0.10284,-0.17265,-0.92936,-0.83,1.1,0.22,-0.3097,-0.10284,-0.17265,-0.92936,-0.87,1.08,0.09,0.26528,-0.06457,-0.13101,-0.95304,-0.87,1.1,0.14,0.20961,-0.03702,-0.19161,-0.95811,-0.87,1.12,0.17,-0.19224,-0.1296,-0.1973,-0.95253,-0.86,1.11,0.19,-0.3799,-0.19283,-0.18555,-0.88548,-0.85,1.1,0.21,-0.3799,-0.19283,-0.18555,-0.88548,-0.87,1.07,0.09,0.20759,0.01392,-0.36018,-0.90938,-0.88,1.09,0.13,0.25081,-0.04521,-0.25658,-0.93232,-0.88,1.1,0.16,-0.17105,-0.14532,-0.28605,-0.93156,-0.88,1.1,0.18,-0.39069,-0.25813,-0.24539,-0.84883,-0.86,1.09,0.19,-0.39069,-0.25813,-0.24539,-0.84883,-0.71,1.09,0.12,-0.21141,-0.12976,-0.09927,0.96365,-0.69,1.07,0.06,-0.21141,-0.12976,-0.09927,0.96365,-0.73,1.07,0.09,-0.38341,-0.25169,0.5185,0.72166,-0.76,1.08,0.11,-0.22387,-0.12834,0.47948,0.83876,-0.77,1.09,0.14,-0.18312,-0.14545,0.5618,0.79353,-0.78,1.09,0.16,-0.18312,-0.14545,0.5618,0.79353,-0.72,1.08,0.09,-0.21141,-0.12976,-0.09927,0.96365,-0.74,1.11,0.14,-0.03922,-0.18678,-0.02202,0.98137,-0.75,1.11,0.18,0.35187,-0.18489,0.02748,0.91719,-0.76,1.09,0.19,0.53125,-0.14916,0.05616,0.83209,-0.76,1.07,0.2,0.53125,-0.14916,0.05616,0.83209,-0.71,1.08,0.1,-0.21141,-0.12976,-0.09927,0.96365,-0.72,1.11,0.15,-0.10232,-0.13712,-0.09374,0.98079,-0.73,1.12,0.19,0.27476,-0.16374,-0.04803,0.94625,-0.73,1.1,0.21,0.46143,-0.16012,-0.07599,0.8693,-0.74,1.08,0.22,0.46143,-0.16012,-0.07599,0.8693,-0.69,1.08,0.1,-0.21141,-0.12976,-0.09927,0.96365,-0.7,1.1,0.15,-0.1832,-0.08756,-0.15885,0.9662,-0.7,1.11,0.18,0.30874,-0.17414,-0.13413,0.9254,-0.71,1.1,0.2,0.55746,-0.22666,-0.10468,0.79178,-0.72,1.08,0.21,0.55746,-0.22666,-0.10468,0.79178,-0.68,1.07,0.1,-0.14621,-0.03596,-0.3229,0.93438,-0.68,1.08,0.15,-0.31498,0.02445,-0.22718,0.92118,-0.67,1.1,0.17,0.2791,-0.12677,-0.27801,0.91035,-0.68,1.09,0.19,0.59852,-0.26642,-0.21711,0.72364,-0.7,1.08,0.19,0.59852,-0.26642,-0.21711,0.72364,-0.81,1.08,0.19
-0.79,1.47,-0.17,-0.79,1.47,-0.17,-0.85,1.1,0.11,0.31509,-0.07244,-0.14645,-0.93489,-0.86,1.06,0.06,0.31509,-0.07244,-0.14645,-0.93489,-0.82,1.08,0.08,0.45598,-0.17596,0.48717,-0.72373,-0.8,1.1,0.1,0.18871,-0.00961,0.44139,-0.8772,-0.79,1.11,0.13,0.05485,0.01755,0.51557,-0.85491,-0.79,1.11,0.15,0.05485,0.01755,0.51557,-0.85491,-0.83,1.08,0.08,0.31509,-0.07244,-0.14645,-0.93489,-0.83,1.12,0.13,0.0968,-0.07707,-0.1002,-0.98724,-0.82,1.13,0.16,-0.24378,-0.11077,-0.09384,-0.9589,-0.82,1.12,0.19,-0.3945,-0.09768,-0.08603,-0.90963,-0.81,1.1,0.2,-0.3945,-0.09768,-0.08603,-0.90963,-0.85,1.08,0.09,0.31509,-0.07244,-0.14645,-0.93489,-0.85,1.12,0.13,0.15134,-0.06687,-0.15495,-0.97397,-0.85,1.13,0.17,-0.25065,-0.12557,-0.12785,-0.95135,-0.84,1.12,0.19,-0.41717,-0.13715,-0.16275,-0.88356,-0.83,1.1,0.21,-0.41717,-0.13715,-0.16275,-0.88356,-0.87,1.08,0.09,0.31509,-0.07244,-0.14645,-0.93489,-0.87,1.11,0.13,0.22557,-0.05382,-0.20692,-0.95048,-0.87,1.13,0.17,-0.24427,-0.16589,-0.19402,-0.9355,-0.86,1.12,0.19,-0.47048,-0.23321,-0.16802,-0.83428,-0.84,1.1,0.2,-0.47048,-0.23321,-0.16802,-0.83428,-0.87,1.07,0.09,0.25235,-0.00684,-0.37822,-0.89063,-0.88,1.09,0.13,0.27301,-0.06517,-0.27252,-0.9203,-0.88,1.11,0.16,-0.17104,-0.17897,-0.28844,-0.92494,-0.87,1.1,0.17,-0.40573,-0.29526,-0.234,-0.83274,-0.86,1.09,0.19,-0.40573,-0.29526,-0.234,-0.83274,-0.71,1.1,0.12,-0.26695,-0.12315,-0.14185,0.94522,-0.69,1.07,0.06,-0.26695,-0.12315,-0.14185,0.94522,-0.73,1.08,0.09,-0.42329,-0.20525,0.50312,0.72496,-0.75,1.09,0.11,-0.25769,-0.08552,0.45354,0.84887,-0.77,1.1,0.14,-0.21035,-0.09874,0.53783,0.8104,-0.78,1.11,0.16,-0.21035,-0.09874,0.53783,0.8104,-0.72,1.08,0.09,-0.26695,-0.12315,-0.14185,0.94522,-0.73,1.12,0.14,-0.11295,-0.18491,-0.06557,0.97404,-0.74,1.13,0.17,0.29569,-0.20224,-0.00967,0.93358,-0.75,1.11,0.19,0.4868,-0.17411,0.02311,0.85567,-0.76,1.1,0.2,0.4868,-0.17411,0.02311,0.85567,-0.7,1.08,0.09,-0.26695,-0.12315,-0.14185,0.94522,-0.71,1.12,0.14,-0.13364,-0.13943,-0.13307,0.97211,-0.72,1.13,0.18,0.25488,-0.18211,-0.08116,0.94619,-0.73,1.12,0.2,0.44931,-0.18617,-0.10398,0.86756,-0.74,1.1,0.22,0.44931,-0.18617,-0.10398,0.86756,-0.69,1.08,0.1,-0.26695,-0.12315,-0.14185,0.94522,-0.69,1.11,0.14,-0.19333,-0.09384,-0.19933,0.95608,-0.7,1.12,0.18,0.30384,-0.20106,-0.16413,0.91669,-0.71,1.11,0.2,0.55706,-0.26153,-0.12369,0.77845,-0.72,1.09,0.2,0.55706,-0.26153,-0.12369,0.77845,-0.68,1.07,0.1,-0.19571,-0.04443,-0.36822,0.90782,-0.68,1.09,0.14,-0.34119,0.02522,-0.27658,0.89803,-0.67,1.11,0.17,0.25364,-0.16012,-0.31579,0.90017,-0.68,1.1,0.18,0.57173,-0.31198,-0.23686,0.7209,-0.69,1.09,0.19,0.57173,-0.31198,-0.23686,0.7209,-0.81,1.08,0.19
-0.79,1.47,-0.17,-0.79,1.47,-0.17,-0.85,1.1,0.11,0.31434,-0.07944,-0.13241,-0.93667,-0.86,1.06,0.06,0.31434,-0.07944,-0.13241,-0.93667,-0.82,1.08,0.08,0.43679,-0.1979,0.51624,-0.70961,-0.8,1.09,0.1,0.17837,-0.02143,0.47754,-0.86004,-0.79,1.1,0.13,0.04958,0.00807,0.55126,-0.83282,-0.79,1.1,0.16,0.04958,0.00807,0.55126,-0.83282,-0.83,1.08,0.08,0.31434,-0.07944,-0.13241,-0.93667,-0.83,1.12,0.13,0.12489,-0.11062,-0.07133,-0.9834,-0.82,1.13,0.16,-0.19291,-0.1319,-0.05854,-0.97055,-0.81,1.12,0.19,-0.34284,-0.11345,-0.04965,-0.9312,-0.81,1.11,0.2,-0.34284,-0.11345,-0.04965,-0.9312,-0.85,1.08,0.09,0.31434,-0.07944,-0.13241,-0.93667,-0.85,1.12,0.13,0.1717,-0.06982,-0.14094,-0.97251,-0.85,1.13,0.17,-0.25752,-0.12598,-0.11046,-0.95164,-0.84,1.12,0.19,-0.46819,-0.13917,-0.14307,-0.86079,-0.83,1.1,0.21,-0.46819,-0.13917,-0.14307,-0.86079,-0.87,1.08,0.09,0.31434,-0.07944,-0.13241,-0.93667,-0.87,1.11,0.13,0.23001,-0.05022,-0.19573,-0.95198,-0.87,1.13,0.17,-0.27427,-0.16398,-0.18087,-0.93015,-0.86,1.11,0.19,-0.53608,-0.23252,-0.14895,-0.79772,-0.84,1.1,0.2,-0.53608,-0.23252,-0.14895,-0.79772,-0.87,1.07,0.09,0.25211,-0.01295,-0.36476,-0.89622,-0.88,1.09,0.13,0.26915,-0.05723,-0.26259,-0.92484,-0.88,1.11,0.16,-0.19442,-0.17261,-0.28074,-0.9239,-0.87,1.1,0.17,-0.45403,-0.29338,-0.22163,-0.81158,-0.86,1.09,0.18,-0.45403,-0.29338,-0.22163,-0.81158,-0.71,1.1,0.11,-0.30711,-0.14224,-0.15372,0.92834,-0.69,1.07,0.06,-0.30711,-0.14224,-0.15372,0.92834,-0.73,1.08,0.09,-0.4459,-0.19469,0.51677,0.70443,-0.75,1.09,0.1,-0.27225,-0.06724,0.46706,0.83858,-0.76,1.11,0.13,-0.21576,-0.07366,0.55077,0.80291,-0.77,1.11,0.15,-0.21576,-0.07366,0.55077,0.80291,-0.72,1.09,0.09,-0.30711,-0.14224,-0.15372,0.92834,-0.73,1.12,0.13,-0.15626,-0.20305,-0.07247,0.9639,-0.74,1.14,0.16,0.27984,-0.22285,-0.00163,0.93382,-0.75,1.12,0.18,0.47754,-0.19268,0.03639,0.85645,-0.76,1.11,0.19,0.47754,-0.19268,0.03639,0.85645,-0.7,1.08,0.09,-0.30711,-0.14224,-0.15372,0.92834,-0.71,1.12,0.13,-0.10871,-0.16672,-0.13212,0.97105,-0.72,1.13,0.17,0.32717,-0.20996,-0.05874,0.91947,-0.73,1.12,0.19,0.53569,-0.2047,-0.07258,0.81601,-0.74,1.1,0.2,0.53569,-0.2047,-0.07258,0.81601,-0.68,1.08,0.1,-0.30711,-0.14224,-0.15372,0.92834,-0.69,1.11,0.14,-0.14307,-0.1306,-0.20093,0.96026,-0.7,1.12,0.17,0.37983,-0.23616,-0.14141,0.88315,-0.71,1.11,0.19,0.63576,-0.28692,-0.08878,0.71106,-0.73,1.09,0.19,0.63576,-0.28692,-0.08878,0.71106,-0.68,1.08,0.1,-0.22928,-0.0738,-0.3815,0.89244,-0.68,1.1,0.14,-0.33437,-0.00547,-0.29781,0.89414,-0.67,1.11,0.16,0.27535,-0.20204,-0.31167,0.88669,-0.68,1.11,0.18,0.5874,-0.34855,-0.21723,0.69734,-0.7,1.09,0.18,0.5874,-0.34855,-0.21723,0.69734,-0.81,1.08,0.19
-0.79,1.47,-0.16,-0.79,1.47,-0.16,-0.85,1.09,0.11,0.26843,-0.08912,-0.09577,-0.95437,-0.86,1.06,0.06,0.26843,-0.08912,-0.09577,-0.95437,-0.82,1.07,0.09,0.40613,-0.2428,0.52677,-0.70613,-0.8,1.08,0.1,0.15604,-0.06295,0.50263,-0.84797,-0.79,1.09,0.13,0.05232,-0.0461,0.5798,-0.81177,-0.78,1.09,0.16,0.05232,-0.0461,0.5798,-0.81177,-0.83,1.08,0.09,0.26843,-0.08912,-0.09577,-0.95437,-0.82,1.11,0.13,0.06485,-0.15207,-0.01425,-0.98614,-0.81,1.12,0.17,-0.22097,-0.15194,0.00353,-0.96337,-0.8,1.11,0.19,-0.36292,-0.12347,0.01466,-0.92349,-0.8,1.09,0.21,-0.36292,-0.12347,0.01466,-0.92349,-0.85,1.08,0.09,0.26843,-0.08912,-0.09577,-0.95437,-0.84,1.11,0.14,0.19583,-0.06656,-0.10707,-0.9725,-0.84,1.13,0.18,-0.22858,-0.1084,-0.08193,-0.964,-0.83,1.12,0.2,-0.45365,-0.11872,-0.1193,-0.87514,-0.83,1.1,0.21,-0.45365,-0.11872,-0.1193,-0.87514,-0.87,1.07,0.09,0.26843,-0.08912,-0.09577,-0.95437,-0.86,1.1,0.14,0.26191,-0.03528,-0.1625,-0.95066,-0.86,1.12,0.17,-0.24789,-0.13613,-0.15878,-0.94594,-0.85,1.11,0.19,-0.53114,-0.20207,-0.13311,-0.812,-0.84,1.09,0.2,-0.53114,-0.20207,-0.13311,-0.812,-0.87,1.07,0.09,0.21049,-0.00967,-0.32634,-0.92147,-0.88,1.09,0.14,0.26222,-0.0269,-0.22933,-0.93698,-0.88,1.1,0.16,-0.20635,-0.13062,-0.26563,-0.93263,-0.87,1.1,0.18,-0.49842,-0.25627,-0.21286,-0.80037,-0.86,1.08,0.19,-0.49842,-0.25627,-0.21286,-0.80037,-0.7,1.1,0.11,-0.35774,-0.15685,-0.13474,0.91064,-0.69,1.06,0.06,-0.35774,-0.15685,-0.13474,0.91064,-0.73,1.08,0.09,-0.45882,-0.1736,0.56095,0.66685,-0.75,1.09,0.1,-0.2866,-0.03204,0.5084,0.8114,-0.76,1.1,0.13,-0.20164,-0.01656,0.58783,0.78328,-0.77,1.11,0.15,-0.20164,-0.01656,0.58783,0.78328,-0.72,1.08,0.09,-0.35774,-0.15685,-0.13474,0.91064,-0.73,1.12,0.12,-0.1137,-0.20861,-0.02936,0.97092,-0.75,1.13,0.16,0.34919,-0.20695,0.04556,0.91278,-0.75,1.12,0.17,0.53765,-0.16645,0.08053,0.82264,-0.76,1.1,0.18,0.53765,-0.16645,0.08053,0.82264,-0.7,1.08,0.09,-0.35774,-0.15685,-0.13474,0.91064,-0.71,1.13,0.13,-0.09823,-0.18024,-0.10158,0.97342,-0.72,1.13,0.17,0.38346,-0.20967,-0.01499,0.89932,-0.73,1.12,0.18,0.60688,-0.1901,-0.02637,0.77127,-0.74,1.09,0.19,0.60688,-0.1901,-0.02637,0.77127,-0.68,1.08,0.09,-0.35774,-0.15685,-0.13474,0.91064,-0.69,1.12,0.13,-0.16539,-0.14512,-0.18037,0.95867,-0.7,1.13,0.17,0.38713,-0.24183,-0.10945,0.88299,-0.71,1.11,0.18,0.65729,-0.28232,-0.05258,0.69678,-0.72,1.09,0.18,0.65729,-0.28232,-0.05258,0.69678,-0.68,1.08,0.1,-0.27825,-0.10057,-0.36631,0.8822,-0.68,1.1,0.14,-0.3574,-0.03624,-0.28753,0.88785,-0.67,1.12,0.16,0.25981,-0.22353,-0.2839,0.89551,-0.68,1.11,0.17,0.57669,-0.35748,-0.18305,0.71142,-0.7,1.1,0.18,0.57669,-0.35748,-0.18305,0.71142,-0.81,1.08,0.19
-0.79,1.47,-0.16,-0.79,1.47,-0.16,-0.85,1.09,0.11,0.24888,-0.08134,-0.08917,-0.96099,-0.86,1.06,0.06,0.24888,-0.08134,-0.08917,-0.96099,-0.82,1.07,0.09,0.40277,-0.2487,0.51168,-0.71701,-0.8,1.08,0.1,0.15815,-0.07846,0.48804,-0.85478,-0.79,1.09,0.14,0.06083,-0.06653,0.5675,-0.81843,-0.78,1.09,0.16,0.06083,-0.06653,0.5675,-0.81843,-0.83,1.08,0.09,0.24888,-0.08134,-0.08917,-0.96099,-0.82,1.11,0.14,0.02597,-0.15615,-0.00156,-0.98739,-0.81,1.11,0.17,-0.24806,-0.15141,0.01509,-0.95672,-0.8,1.1,0.19,-0.38482,-0.12101,0.0262,-0.91465,-0.8,1.08,0.21,-0.38482,-0.12101,0.0262,-0.91465,-0.85,1.08,0.09,0.24888,-0.08134,-0.08917,-0.96099,-0.84,1.11,0.14,0.18642,-0.05889,-0.10056,-0.97553,-0.84,1.12,0.18,-0.22295,-0.09732,-0.08079,-0.96659,-0.83,1.11,0.2,-0.44634,-0.10795,-0.12094,-0.88006,-0.83,1.1,0.22,-0.44634,-0.10795,-0.12094,-0.88006,-0.87,1.07,0.09,0.24888,-0.08134,-0.08917,-0.96099,-0.86,1.1,0.14,0.25862,-0.02414,-0.15529,-0.95311,-0.86,1.12,0.17,-0.2514,-0.12276,-0.15829,-0.94693,-0.85,1.11,0.19,-0.54108,-0.18995,-0.13596,-0.80788,-0.84,1.09,0.2,-0.54108,-0.18995,-0.13596,-0.80788,-0.87,1.07,0.1,0.19397,0.00296,-0.31872,-0.92779,-0.88,1.09,0.14,0.26392,-0.00443,-0.22176,-0.93869,-0.88,1.1,0.16,-0.22014,-0.11187,-0.26828,-0.93116,-0.87,1.09,0.18,-0.53994,-0.24664,-0.21478,-0.77557,-0.86,1.08,0.19,-0.53994,-0.24664,-0.21478,-0.77557,-0.7,1.1,0.11,-0.39181,-0.16593,-0.14476,0.89331,-0.69,1.06,0.06,-0.39181,-0.16593,-0.14476,0.89331,-0.73,1.08,0.09,-0.46086,-0.14954,0.58217,0.65294,-0.75,1.09,0.1,-0.29141,-0.00189,0.52408,0.80026,-0.76,1.1,0.13,-0.19496,0.02225,0.59964,0.77584,-0.76,1.11,0.15,-0.19496,0.02225,0.59964,0.77584,-0.71,1.08,0.09,-0.39181,-0.16593,-0.14476,0.89331,-0.73,1.13,0.12,-0.07977,-0.2158,-0.02055,0.97296,-0.74,1.13,0.15,0.40415,-0.2069,0.06199,0.88883,-0.75,1.12,0.16,0.5807,-0.16305,0.09701,0.7917,-0.75,1.1,0.17,0.5807,-0.16305,0.09701,0.7917,-0.7,1.08,0.09,-0.39181,-0.16593,-0.14476,0.89331,-0.71,1.13,0.12,-0.07713,-0.19901,-0.09639,0.97219,-0.72,1.14,0.16,0.41432,-0.22335,0.00173,0.8823,-0.73,1.12,0.18,0.64076,-0.19644,-0.00484,0.74217,-0.74,1.09,0.18,0.64076,-0.19644,-0.00484,0.74217,-0.68,1.08,0.09,-0.39181,-0.16593,-0.14476,0.89331,-0.69,1.12,0.13,-0.15318,-0.16786,-0.18112,0.95685,-0.7,1.13,0.16,0.41991,-0.26295,-0.09154,0.8638,-0.71,1.11,0.18,0.69325,-0.29477,-0.0256,0.65716,-0.72,1.09,0.17,0.69325,-0.29477,-0.0256,0.65716,-0.68,1.07,0.1,-0.30826,-0.11902,-0.37703,0.86525,-0.68,1.1,0.13,-0.35485,-0.06229,-0.3011,0.88292,-0.67,1.12,0.16,0.28555,-0.25936,-0.27258,0.88141,-0.68,1.12,0.17,0.60044,-0.38636,-0.15717,0.68228,-0.7,1.1,0.17,0.60044,-0.38636,-0.15717,0.68228,-0.81,1.08,0.19
-0.79,1.47,-0.17,-0.79,1.47,-0.17,-0.85,1.09,0.12,0.25634,-0.07418,-0.11164,-0.95725,-0.86,1.07,0.06,0.25634,-0.07418,-0.11164,-0.95725,-0.82,1.08,0.09,0.42928,-0.22612,0.47714,-0.73275,-0.8,1.09,0.1,0.19168,-0.07619,0.444,-0.87196,-0.79,1.1,0.14,0.10455,-0.07249,0.52679,-0.84042,-0.78,1.1,0.16,0.10455,-0.07249,0.52679,-0.84042,-0.83,1.08,0.09,0.25634,-0.07418,-0.11164,-0.95725,-0.82,1.11,0.14,-0.01414,-0.16115,-0.01173,-0.98676,-0.81,1.11,0.17,-0.30101,-0.15782,0.00913,-0.94043,-0.8,1.1,0.19,-0.43975,-0.12761,0.0235,-0.8887,-0.8,1.08,0.21,-0.43975,-0.12761,0.0235,-0.8887,-0.85,1.08,0.09,0.25634,-0.07418,-0.11164,-0.95725,-0.85,1.11,0.14,0.19114,-0.05657,-0.12261,-0.97223,-0.84,1.13,0.18,-0.18649,-0.10086,-0.10505,-0.9716,-0.84,1.12,0.2,-0.3981,-0.11783,-0.14413,-0.89825,-0.83,1.1,0.22,-0.3981,-0.11783,-0.14413,-0.89825,-0.87,1.08,0.09,0.25634,-0.07418,-0.11164,-0.95725,-0.86,1.1,0.14,0.25487,-0.02057,-0.17728,-0.95036,-0.86,1.12,0.17,-0.24024,-0.12814,-0.18047,-0.94514,-0.86,1.11,0.2,-0.52655,-0.20197,-0.15533,-0.81107,-0.84,1.09,0.21,-0.52655,-0.20197,-0.15533,-0.81107,-0.87,1.07,0.1,0.1996,0.00742,-0.34088,-0.91865,-0.88,1.09,0.14,0.25366,3e-05,-0.2451,-0.93572,-0.88,1.1,0.16,-0.24162,-0.12252,-0.28925,-0.91812,-0.87,1.09,0.18,-0.55841,-0.26499,-0.22989,-0.75174,-0.86,1.08,0.19,-0.55841,-0.26499,-0.22989,-0.75174,-0.7,1.1,0.11,-0.42116,-0.16961,-0.13646,0.88047,-0.69,1.05,0.06,-0.42116,-0.16961,-0.13646,0.88047,-0.72,1.07,0.09,-0.43782,-0.11946,0.62553,0.63463,-0.75,1.09,0.11,-0.27571,0.04112,0.56071,0.77968,-0.75,1.1,0.14,-0.1754,0.06804,0.62987,0.75357,-0.76,1.11,0.16,-0.1754,0.06804,0.62987,0.75357,-0.71,1.08,0.09,-0.42116,-0.16961,-0.13646,0.88047,-0.73,1.13,0.11,0.00549,-0.2097,0.01329,0.97766,-0.74,1.13,0.15,0.48281,-0.18298,0.08841,0.85182,-0.75,1.11,0.16,0.62741,-0.13671,0.11591,0.75778,-0.75,1.08,0.16,0.62741,-0.13671,0.11591,0.75778,-0.7,1.08,0.09,-0.42116,-0.16961,-0.13646,0.88047,-0.7,1.13,0.12,-0.04922,-0.20606,-0.07379,0.97451,-0.72,1.13,0.16,0.43702,-0.21807,0.02408,0.87228,-0.73,1.11,0.17,0.6548,-0.18453,0.01501,0.73277,-0.74,1.09,0.18,0.6548,-0.18453,0.01501,0.73277,-0.68,1.08,0.09,-0.42116,-0.16961,-0.13646,0.88047,-0.69,1.12,0.13,-0.11887,-0.1852,-0.15886,0.96246,-0.7,1.13,0.16,0.45993,-0.26373,-0.06205,0.84561,-0.71,1.11,0.17,0.72782,-0.28382,0.00242,0.62427,-0.72,1.09,0.17,0.72782,-0.28382,0.00242,0.62427,-0.67,1.07,0.1,-0.33731,-0.13031,-0.37039,0.8556,-0.67,1.1,0.13,-0.2671,-0.12452,-0.28405,0.91239,-0.68,1.12,0.16,0.398,-0.29409,-0.21602,0.84169,-0.69,1.11,0.17,0.69377,-0.39443,-0.0944,0.59515,-0.7,1.09,0.16,0.69377,-0.39443,-0.0944,0.59515,-0.81,1.08,0.19
-0.79,1.47,-0.16,-0.79,1.47,-0.16,-0.85,1.1,0.11,0.31936,-0.07421,-0.14801,-0.93306,-0.86,1.06,0.06,0.31936,-0.07421,-0.14801,-0.93306,-0.82,1.08,0.09,0.47228,-0.18349,0.47356,-0.72043,-0.8,1.1,0.1,0.23669,-0.0393,0.42739,-0.87165,-0.79,1.11,0.13,0.14349,-0.03139,0.50966,-0.84774,-0.78,1.12,0.15,0.14349,-0.03139,0.50966,-0.84774,-0.83,1.08,0.09,0.31936,-0.07421,-0.14801,-0.93306,-0.83,1.12,0.13,0.0403,-0.15521,-0.04784,-0.9859,-0.82,1.13,0.17,-0.31371,-0.16544,-0.01559,-0.93486,-0.81,1.11,0.18,-0.46866,-0.13888,0.00356,-0.87239,-0.8,1.09,0.2,-0.46866,-0.13888,0.00356,-0.87239,-0.85,1.08,0.09,0.31936,-0.07421,-0.14801,-0.93306,-0.85,1.12,0.13,0.21556,-0.06663,-0.15763,-0.96138,-0.85,1.14,0.17,-0.15933,-0.1235,-0.1337,-0.9703,-0.84,1.13,0.2,-0.34336,-0.14362,-0.16861,-0.91272,-0.83,1.12,0.21,-0.34336,-0.14362,-0.16861,-0.91272,-0.87,1.08,0.09,0.31936,-0.07421,-0.14801,-0.93306,-0.87,1.11,0.13,0.24541,-0.03965,-0.21392,-0.94469,-0.87,1.13,0.17,-0.20297,-0.15301,-0.20922,-0.94426,-0.86,1.12,0.19,-0.44467,-0.22772,-0.18257,-0.84681,-0.84,1.1,0.2,-0.44467,-0.22772,-0.18257,-0.84681,-0.87,1.07,0.1,0.25593,-0.00972,-0.37991,-0.88886,-0.88,1.09,0.13,0.22608,-0.03431,-0.28753,-0.93007,-0.88,1.11,0.16,-0.23366,-0.16037,-0.31287,-0.90653,-0.87,1.1,0.18,-0.47032,-0.28659,-0.26227,-0.79239,-0.86,1.09,0.19,-0.47032,-0.28659,-0.26227,-0.79239,-0.7,1.1,0.11,-0.41039,-0.17055,-0.13624,0.8854,-0.69,1.05,0.07,-0.41039,-0.17055,-0.13624,0.8854,-0.72,1.07,0.09,-0.4319,-0.13323,0.62478,0.63669,-0.75,1.08,0.11,-0.26754,0.02886,0.56369,0.78093,-0.75,1.1,0.14,-0.18349,0.04255,0.63583,0.7485,-0.76,1.1,0.16,-0.18349,0.04255,0.63583,0.7485,-0.71,1.07,0.09,-0.41039,-0.17055,-0.13624,0.8854,-0.73,1.12,0.12,0.01617,-0.2038,0.00479,0.97887,-0.74,1.12,0.15,0.44725,-0.18547,0.06827,0.8723,-0.75,1.1,0.16,0.58145,-0.14445,0.09229,0.79532,-0.75,1.08,0.17,0.58145,-0.14445,0.09229,0.79532,-0.7,1.07,0.09,-0.41039,-0.17055,-0.13624,0.8854,-0.71,1.12,0.12,-0.03322,-0.20625,-0.07306,0.9752,-0.72,1.13,0.16,0.42161,-0.21842,0.01742,0.8799,-0.73,1.11,0.18,0.62839,-0.18885,0.0063,0.7546,-0.74,1.08,0.18,0.62839,-0.18885,0.0063,0.7546,-0.68,1.07,0.1,-0.41039,-0.17055,-0.13624,0.8854,-0.69,1.11,0.13,-0.11581,-0.18552,-0.15837,0.96285,-0.7,1.12,0.16,0.43356,-0.2617,-0.0698,0.85946,-0.71,1.11,0.18,0.69706,-0.28629,-0.00877,0.65732,-0.72,1.08,0.18,0.69706,-0.28629,-0.00877,0.65732,-0.67,1.07,0.1,-0.32663,-0.1283,-0.36967,0.86035,-0.67,1.1,0.14,-0.25872,-0.13724,-0.27659,0.91527,-0.68,1.12,0.16,0.3868,-0.29372,-0.20849,0.84891,-0.69,1.1,0.17,0.67935,-0.39066,-0.09146,0.61441,-0.7,1.09,0.17,0.67935,-0.39066,-0.09146,0.61441,-0.81,1.08,0.19
-0.79,1.47,-0.16,-0.79,1.47,-0.16,-0.85,1.1,0.1,0.35936,-0.06535,-0.14139,-0.92011,-0.86,1.06,0.06,0.35936,-0.06535,-0.14139,-0.92011,-0.82,1.08,0.08,0.4735,-0.16354,0.50881,-0.70012,-0.8,1.1,0.1,0.24525,-0.0097,0.45657,-0.85516,-0.79,1.11,0.13,0.13892,0.00852,0.53436,-0.83372,-0.79,1.12,0.15,0.13892,0.00852,0.53436,-0.83372,-0.83,1.08,0.08,0.35936,-0.06535,-0.14139,-0.92011,-0.83,1.12,0.12,0.09225,-0.12934,-0.05302,-0.98588,-0.82,1.13,0.16,-0.29456,-0.14529,-0.02477,-0.9442,-0.81,1.12,0.18,-0.46986,-0.12105,-0.00649,-0.87438,-0.81,1.1,0.19,-0.46986,-0.12105,-0.00649,-0.87438,-0.85,1.08,0.08,0.35936,-0.06535,-0.14139,-0.92011,-0.85,1.12,0.13,0.24009,-0.05974,-0.15219,-0.95688,-0.85,1.14,0.16,-0.15718,-0.11837,-0.12853,-0.97199,-0.84,1.14,0.19,-0.34588,-0.13842,-0.16434,-0.91335,-0.83,1.12,0.21,-0.34588,-0.13842,-0.16434,-0.91335,-0.87,1.08,0.09,0.35936,-0.06535,-0.14139,-0.92011,-0.87,1.11,0.13,0.28015,-0.03304,-0.21023,-0.93607,-0.87,1.13,0.16,-0.16582,-0.14635,-0.20837,-0.95272,-0.86,1.13,0.18,-0.4027,-0.22052,-0.18405,-0.8691,-0.85,1.11,0.2,-0.4027,-0.22052,-0.18405,-0.8691,-0.87,1.07,0.09,0.29766,-0.01112,-0.3766,-0.87718,-0.88,1.1,0.13,0.26607,-0.02881,-0.28492,-0.92043,-0.89,1.11,0.15,-0.16042,-0.14656,-0.31708,-0.92317,-0.88,1.11,0.17,-0.37537,-0.26646,-0.27491,-0.84411,-0.87,1.1,0.18,-0.37537,-0.26646,-0.27491,-0.84411,-0.7,1.1,0.11,-0.39873,-0.16455,-0.13339,0.89227,-0.69,1.05,0.07,-0.39873,-0.16455,-0.13339,0.89227,-0.72,1.07,0.09,-0.42389,-0.14521,0.62348,0.64071,-0.75,1.08,0.11,-0.25597,0.01919,0.56568,0.78366,-0.76,1.09,0.14,-0.188,0.01901,0.63983,0.74493,-0.76,1.1,0.16,-0.188,0.01901,0.63983,0.74493,-0.71,1.07,0.09,-0.39873,-0.16455,-0.13339,0.89227,-0.73,1.12,0.12,0.02982,-0.19397,0.00032,0.98055,-0.74,1.12,0.16,0.41936,-0.18077,0.05146,0.88815,-0.75,1.1,0.17,0.53657,-0.14408,0.07008,0.82851,-0.75,1.08,0.18,0.53657,-0.14408,0.07008,0.82851,-0.7,1.07,0.1,-0.39873,-0.16455,-0.13339,0.89227,-0.71,1.12,0.13,-0.03035,-0.19748,-0.07604,0.97688,-0.72,1.12,0.17,0.39123,-0.21226,0.00276,0.89547,-0.73,1.1,0.18,0.57898,-0.18973,-0.01331,0.79285,-0.74,1.08,0.19,0.57898,-0.18973,-0.01331,0.79285,-0.68,1.07,0.1,-0.39873,-0.16455,-0.13339,0.89227,-0.69,1.11,0.13,-0.12081,-0.17687,-0.15924,0.96373,-0.7,1.12,0.17,0.39081,-0.25201,-0.08553,0.88116,-0.71,1.1,0.18,0.63829,-0.28454,-0.03395,0.71447,-0.72,1.08,0.19,0.63829,-0.28454,-0.03395,0.71447,-0.68,1.07,0.1,-0.31686,-0.11906,-0.36681,0.86653,-0.67,1.1,0.14,-0.25589,-0.13546,-0.2708,0.91806,-0.68,1.11,0.16,0.34453,-0.27815,-0.21823,0.86966,-0.69,1.1,0.18,0.62309,-0.37801,-0.11754,0.67458,-0.7,1.09,0.18,0.62309,-0.37801,-0.11754,0.67458,-0.81,1.08,0.19
-0.79,1.47,-0.16,-0.79,1.47,-0.16,-0.85,1.1,0.11,0.33272,-0.04984,-0.10657,-0.93566,-0.86,1.06,0.05,0.33272,-0.04984,-0.10657,-0.93566,-0.82,1.07,0.08,0.43512,-0.17594,0.53557,-0.70206,-0.8,1.09,0.1,0.20911,-0.01065,0.4871,-0.84788,-0.79,1.1,0.13,0.09197,0.01492,0.56123,-0.8224,-0.79,1.1,0.15,0.09197,0.01492,0.56123,-0.8224,-0.83,1.08,0.08,0.33272,-0.04984,-0.10657,-0.93566,-0.83,1.12,0.13,0.11172,-0.09949,-0.03532,-0.98812,-0.82,1.13,0.16,-0.26556,-0.11123,-0.02113,-0.95742,-0.82,1.11,0.18,-0.44701,-0.08721,-0.00975,-0.89022,-0.81,1.1,0.2,-0.44701,-0.08721,-0.00975,-0.89022,-0.85,1.08,0.08,0.33272,-0.04984,-0.10657,-0.93566,-0.85,1.12,0.13,0.17323,-0.04415,-0.11704,-0.97691,-0.85,1.13,0.17,-0.25189,-0.09203,-0.10029,-0.95814,-0.84,1.12,0.19,-0.45105,-0.1031,-0.14129,-0.87519,-0.84,1.1,0.2,-0.45105,-0.1031,-0.14129,-0.87519,-0.87,1.07,0.09,0.33272,-0.04984,-0.10657,-0.93566,-0.87,1.11,0.13,0.25043,-0.01079,-0.17672,-0.95181,-0.87,1.12,0.16,-0.20023,-0.11074,-0.18923,-0.9549,-0.86,1.12,0.18,-0.43749,-0.18085,-0.1757,-0.86315,-0.85,1.1,0.2,-0.43749,-0.18085,-0.1757,-0.86315,-0.88,1.07,0.09,0.27968,0.01223,-0.34266,-0.89678,-0.89,1.09,0.13,0.27876,0.01107,-0.25143,-0.9268,-0.89,1.11,0.15,-0.11874,-0.0878,-0.30616,-0.94046,-0.89,1.1,0.17,-0.31316,-0.19964,-0.28234,-0.88451,-0.87,1.09,0.19,-0.31316,-0.19964,-0.28234,-0.88451,-0.7,1.09,0.12,-0.34091,-0.1776,-0.15941,0.9093,-0.69,1.05,0.07,-0.34091,-0.1776,-0.15941,0.9093,-0.73,1.07,0.09,-0.43952,-0.21609,0.56253,0.6661,-0.75,1.08,0.11,-0.25502,-0.06447,0.52308,0.81068,-0.76,1.09,0.14,-0.20339,-0.07379,0.60305,0.7678,-0.77,1.1,0.16,-0.20339,-0.07379,0.60305,0.7678,-0.72,1.07,0.09,-0.34091,-0.1776,-0.15941,0.9093,-0.73,1.11,0.13,-0.05856,-0.216,-0.05346,0.97317,-0.75,1.12,0.16,0.27814,-0.22471,-0.00283,0.93388,-0.76,1.11,0.18,0.39927,-0.19627,0.01676,0.89542,-0.76,1.09,0.19,0.39927,-0.19627,0.01676,0.89542,-0.7,1.07,0.1,-0.34091,-0.1776,-0.15941,0.9093,-0.71,1.11,0.14,-0.05717,-0.20671,-0.11628,0.96978,-0.73,1.12,0.17,0.30572,-0.23576,-0.04463,0.92139,-0.74,1.11,0.19,0.4636,-0.22745,-0.06212,0.8541,-0.75,1.09,0.2,0.4636,-0.22745,-0.06212,0.8541,-0.68,1.07,0.1,-0.34091,-0.1776,-0.15941,0.9093,-0.69,1.1,0.14,-0.12513,-0.17528,-0.19456,0.95696,-0.7,1.12,0.18,0.32743,-0.26144,-0.13165,0.89839,-0.72,1.1,0.19,0.54108,-0.30708,-0.08651,0.77811,-0.73,1.08,0.2,0.54108,-0.30708,-0.08651,0.77811,-0.68,1.06,0.11,-0.25422,-0.11781,-0.38716,0.87841,-0.68,1.09,0.14,-0.24092,-0.12451,-0.29618,0.91582,-0.68,1.1,0.17,0.29271,-0.26617,-0.26132,0.88045,-0.69,1.1,0.18,0.53071,-0.37368,-0.18112,0.73885,-0.71,1.08,0.19,0.53071,-0.37368,-0.18112,0.73885,-0.81,1.08,0.19
-0.79,1.47,-0.16,-0.79,1.47,-0.16,-0.85,1.09,0.11,0.29143,-0.04287,-0.09382,-0.95102,-0.86,1.06,0.05,0.29143,-0.04287,-0.09382,-0.95102,-0.82,1.07,0.08,0.40843,-0.19012,0.52988,-0.71851,-0.8,1.08,0.1,0.18312,-0.02631,0.48523,-0.85459,-0.79,1.09,0.13,0.06455,-0.00163,0.56008,-0.82592,-0.79,1.1,0.16,0.06455,-0.00163,0.56008,-0.82592,-0.83,1.08,0.09,0.29143,-0.04287,-0.09382,-0.95102,-0.83,1.11,0.13,0.08271,-0.0892,-0.029,-0.99215,-0.82,1.12,0.17,-0.24093,-0.09734,-0.02479,-0.96533,-0.82,1.1,0.19,-0.3976,-0.07374,-0.01944,-0.91439,-0.82,1.09,0.2,-0.3976,-0.07374,-0.01944,-0.91439,-0.85,1.07,0.08,0.29143,-0.04287,-0.09382,-0.95102,-0.85,1.11,0.13,0.0948,-0.04009,-0.10212,-0.98943,-0.85,1.12,0.17,-0.31415,-0.07976,-0.08985,-0.94174,-0.84,1.1,0.19,-0.49832,-0.08395,-0.13318,-0.85258,-0.84,1.08,0.21,-0.49832,-0.08395,-0.13318,-0.85258,-0.87,1.07,0.09,0.29143,-0.04287,-0.09382,-0.95102,-0.87,1.1,0.13,0.18921,-0.00298,-0.16234,-0.96842,-0.87,1.11,0.17,-0.25321,-0.09333,-0.18201,-0.94554,-0.86,1.1,0.19,-0.47454,-0.15914,-0.17595,-0.84766,-0.85,1.09,0.2,-0.47454,-0.15914,-0.17595,-0.84766,-0.88,1.07,0.09,0.24265,0.02991,-0.32783,-0.91255,-0.89,1.09,0.13,0.24869,0.02508,-0.2352,-0.93926,-0.89,1.1,0.16,-0.13102,-0.06034,-0.29748,-0.94377,-0.89,1.1,0.17,-0.30242,-0.16401,-0.28404,-0.89497,-0.88,1.09,0.19,-0.30242,-0.16401,-0.28404,-0.89497,-0.71,1.09,0.12,-0.28526,-0.19595,-0.13212,0.92886,-0.69,1.06,0.07,-0.28526,-0.19595,-0.13212,0.92886,-0.73,1.07,0.09,-0.44925,-0.27686,0.52473,0.66797,-0.75,1.08,0.1,-0.2569,-0.13326,0.50225,0.81485,-0.77,1.08,0.13,-0.20892,-0.14075,0.58523,0.77075,-0.78,1.09,0.15,-0.20892,-0.14075,0.58523,0.77075,-0.72,1.07,0.09,-0.28526,-0.19595,-0.13212,0.92886,-0.74,1.11,0.13,-0.05382,-0.23948,-0.02839,0.96899,-0.75,1.11,0.16,0.28661,-0.23809,0.03,0.92751,-0.76,1.1,0.18,0.41343,-0.20498,0.05314,0.88557,-0.77,1.08,0.19,0.41343,-0.20498,0.05314,0.88557,-0.7,1.07,0.09,-0.28526,-0.19595,-0.13212,0.92886,-0.72,1.11,0.14,-0.09211,-0.19737,-0.10965,0.96981,-0.73,1.12,0.18,0.27343,-0.2251,-0.04183,0.93425,-0.74,1.1,0.2,0.43309,-0.21848,-0.06165,0.87229,-0.75,1.09,0.21,0.43309,-0.21848,-0.06165,0.87229,-0.69,1.07,0.1,-0.28526,-0.19595,-0.13212,0.92886,-0.7,1.1,0.14,-0.14027,-0.15388,-0.18274,0.96086,-0.71,1.11,0.18,0.3096,-0.23697,-0.13208,0.91134,-0.72,1.1,0.2,0.51827,-0.28362,-0.09498,0.80121,-0.73,1.08,0.2,0.51827,-0.28362,-0.09498,0.80121,-0.68,1.06,0.11,-0.20002,-0.1208,-0.35665,0.90454,-0.68,1.08,0.15,-0.23023,-0.09666,-0.27255,0.92918,-0.68,1.1,0.17,0.27236,-0.21983,-0.26377,0.89884,-0.69,1.09,0.19,0.48895,-0.32479,-0.20673,0.78275,-0.71,1.08,0.19,0.48895,-0.32479,-0.20673,0.78275,-0.81,1.08,0.19
-0.79,1.47,-0.16,-0.79,1.47,-0.16,-0.85,1.09,0.11,0.29595,-0.04834,-0.12025,-0.94637,-0.86,1.06,0.05,0.29595,-0.04834,-0.12025,-0.94637,-0.82,1.07,0.08,0.42677,-0.18208,0.50453,-0.72812,-0.8,1.09,0.1,0.20484,-0.03134,0.45642,-0.8653,-0.79,1.1,0.13,0.09031,-0.01084,0.53434,-0.84036,-0.79,1.1,0.16,0.09031,-0.01084,0.53434,-0.84036,-0.83,1.08,0.09,0.29595,-0.04834,-0.12025,-0.94637,-0.83,1.11,0.13,0.06516,-0.09794,-0.05209,-0.99169,-0.82,1.12,0.17,-0.21304,-0.11037,-0.04912,-0.96955,-0.82,1.11,0.19,-0.32892,-0.08856,-0.04704,-0.93902,-0.81,1.1,0.21,-0.32892,-0.08856,-0.04704,-0.93902,-0.85,1.07,0.09,0.29595,-0.04834,-0.12025,-0.94637,-0.85,1.11,0.13,0.05738,-0.05876,-0.12309,-0.98899,-0.85,1.12,0.17,-0.2898,-0.09833,-0.10772,-0.94591,-0.84,1.1,0.2,-0.43152,-0.10196,-0.14803,-0.88401,-0.83,1.09,0.21,-0.43152,-0.10196,-0.14803,-0.88401,-0.87,1.07,0.09,0.29595,-0.04834,-0.12025,-0.94637,-0.87,1.1,0.13,0.16993,-0.01694,-0.18713,-0.96738,-0.87,1.11,0.17,-0.22622,-0.10682,-0.20255,-0.94678,-0.86,1.1,0.19,-0.41496,-0.17162,-0.19588,-0.87177,-0.85,1.09,0.21,-0.41496,-0.17162,-0.19588,-0.87177,-0.88,1.07,0.09,0.24228,0.02255,-0.35299,-0.90343,-0.88,1.09,0.13,0.24638,0.00968,-0.25974,-0.93367,-0.89,1.1,0.16,-0.10888,-0.07602,-0.31478,-0.93983,-0.88,1.1,0.18,-0.24697,-0.17241,-0.30161,-0.90461,-0.88,1.09,0.19,-0.24697,-0.17241,-0.30161,-0.90461,-0.71,1.09,0.12,-0.23423,-0.18268,-0.08184,0.95135,-0.68,1.06,0.06,-0.23423,-0.18268,-0.08184,0.95135,-0.73,1.06,0.09,-0.43132,-0.29642,0.51163,0.68142,-0.75,1.07,0.1,-0.24176,-0.15833,0.49252,0.82092,-0.77,1.08,0.13,-0.19601,-0.16744,0.57609,0.77567,-0.78,1.09,0.15,-0.19601,-0.16744,0.57609,0.77567,-0.72,1.07,0.09,-0.23423,-0.18268,-0.08184,0.95135,-0.74,1.1,0.13,0.0338,-0.25214,0.04401,0.9661,-0.75,1.1,0.17,0.38802,-0.22068,0.10715,0.8884,-0.76,1.08,0.18,0.53033,-0.17289,0.1358,0.81879,-0.77,1.06,0.19,0.53033,-0.17289,0.1358,0.81879,-0.7,1.07,0.09,-0.23423,-0.18268,-0.08184,0.95135,-0.72,1.1,0.14,-0.08981,-0.16119,-0.07428,0.98002,-0.73,1.11,0.18,0.27201,-0.17827,-0.02364,0.94534,-0.74,1.1,0.2,0.43067,-0.16956,-0.05195,0.88491,-0.75,1.08,0.22,0.43067,-0.16956,-0.05195,0.88491,-0.68,1.07,0.1,-0.23423,-0.18268,-0.08184,0.95135,-0.7,1.09,0.14,-0.15536,-0.10237,-0.14545,0.97171,-0.7,1.11,0.18,0.28554,-0.17331,-0.12441,0.93432,-0.71,1.09,0.2,0.49369,-0.22061,-0.10351,0.8348,-0.72,1.08,0.21,0.49369,-0.22061,-0.10351,0.8348,-0.68,1.07,0.1,-0.16002,-0.09332,-0.30572,0.93393,-0.68,1.08,0.14,-0.21918,-0.02514,-0.22319,0.94948,-0.68,1.09,0.17,0.2581,-0.12497,-0.26038,0.92194,-0.69,1.09,0.19,0.46286,-0.22889,-0.23244,0.82422,-0.7,1.07,0.2,0.46286,-0.22889,-0.23244,0.82422,-0.81,1.08,0.19
-0.79,1.47,-0.16,-0.79,1.47,-0.16,-0.85,1.1,0.11,0.33782,-0.05533,-0.13826,-0.92935,-0.86,1.06,0.05,0.33782,-0.05533,-0.13826,-0.92935,-0.82,1.08,0.08,0.45909,-0.15677,0.5021,-0.71593,-0.8,1.09,0.1,0.23845,-0.00963,0.44662,-0.86231,-0.79,1.11,0.13,0.13319,0.00602,0.52482,-0.84071,-0.79,1.11,0.15,0.13319,0.00602,0.52482,-0.84071,-0.84,1.08,0.08,0.33782,-0.05533,-0.13826,-0.92935,-0.83,1.12,0.13,0.05209,-0.10851,-0.05991,-0.99092,-0.82,1.13,0.16,-0.24216,-0.12325,-0.05157,-0.96099,-0.82,1.11,0.18,-0.36067,-0.10156,-0.04664,-0.92597,-0.81,1.1,0.2,-0.36067,-0.10156,-0.04664,-0.92597,-0.85,1.08,0.08,0.33782,-0.05533,-0.13826,-0.92935,-0.85,1.12,0.13,0.10056,-0.07051,-0.13975,-0.98254,-0.85,1.13,0.17,-0.249,-0.11589,-0.11899,-0.95415,-0.84,1.12,0.19,-0.39034,-0.12297,-0.15691,-0.89883,-0.83,1.1,0.21,-0.39034,-0.12297,-0.15691,-0.89883,-0.87,1.08,0.09,0.33782,-0.05533,-0.13826,-0.92935,-0.87,1.11,0.13,0.20547,-0.03126,-0.20546,-0.95634,-0.87,1.12,0.16,-0.18515,-0.12757,-0.21337,-0.95075,-0.86,1.12,0.19,-0.37101,-0.19399,-0.2016,-0.88548,-0.85,1.1,0.2,-0.37101,-0.19399,-0.2016,-0.88548,-0.88,1.07,0.09,0.27915,0.0044,-0.37265,-0.88498,-0.89,1.09,0.13,0.25957,-0.01337,-0.28036,-0.92403,-0.89,1.11,0.15,-0.10184,-0.10822,-0.32502,-0.93396,-0.88,1.1,0.17,-0.24282,-0.20693,-0.30528,-0.89723,-0.87,1.1,0.19,-0.24282,-0.20693,-0.30528,-0.89723,-0.71,1.09,0.12,-0.24509,-0.16271,-0.1021,0.95028,-0.69,1.06,0.06,-0.24509,-0.16271,-0.1021,0.95028,-0.73,1.07,0.09,-0.45142,-0.25921,0.48212,0.70469,-0.75,1.08,0.1,-0.2755,-0.14106,0.44749,0.83902,-0.77,1.09,0.13,-0.2443,-0.15914,0.53257,0.79458,-0.78,1.1,0.15,-0.2443,-0.15914,0.53257,0.79458,-0.72,1.07,0.09,-0.24509,-0.16271,-0.1021,0.95028,-0.73,1.11,0.13,0.05461,-0.25555,0.04007,0.96442,-0.75,1.1,0.17,0.42254,-0.22284,0.10874,0.87177,-0.76,1.08,0.18,0.57314,-0.17269,0.14158,0.78845,-0.76,1.06,0.19,0.57314,-0.17269,0.14158,0.78845,-0.7,1.07,0.09,-0.24509,-0.16271,-0.1021,0.95028,-0.71,1.11,0.14,-0.09686,-0.14592,-0.09663,0.97979,-0.72,1.12,0.18,0.26315,-0.17208,-0.05035,0.94795,-0.73,1.1,0.2,0.42513,-0.16845,-0.07906,0.8858,-0.74,1.09,0.22,0.42513,-0.16845,-0.07906,0.8858,-0.68,1.07,0.1,-0.24509,-0.16271,-0.1021,0.95028,-0.69,1.1,0.14,-0.16295,-0.08369,-0.1679,0.96863,-0.7,1.11,0.18,0.26708,-0.1651,-0.15394,0.93687,-0.71,1.1,0.2,0.47627,-0.21995,-0.13345,0.84082,-0.72,1.08,0.21,0.47627,-0.21995,-0.13345,0.84082,-0.68,1.07,0.1,-0.17184,-0.07676,-0.32699,0.9261,-0.68,1.09,0.14,-0.23799,0.027,-0.24573,0.93928,-0.67,1.1,0.17,0.21553,-0.08561,-0.30513,0.92364,-0.68,1.09,0.19,0.41668,-0.2007,-0.28402,0.8399,-0.69,1.08,0.2,0.41668,-0.2007,-0.28402,0.8399,-0.81,1.08,0.19
-0.79,1.47,-0.16,-0.79,1.47,-0.16,-0.85,1.1,0.11,0.34869,-0.06357,-0.13479,-0.92531,-0.86,1.06,0.06,0.34869,-0.06357,-0.13479,-0.92531,-0.82,1.08,0.08,0.46363,-0.15635,0.51165,-0.70627,-0.8,1.09,0.1,0.24159,-0.00477,0.45652,-0.85627,-0.79,1.11,0.13,0.1386,0.01067,0.53412,-0.8339,-0.79,1.11,0.15,0.1386,0.01067,0.53412,-0.8339,-0.84,1.08,0.08,0.34869,-0.06357,-0.13479,-0.92531,-0.83,1.12,0.13,0.0468,-0.11477,-0.05205,-0.99092,-0.82,1.13,0.16,-0.28634,-0.12843,-0.03694,-0.94876,-0.82,1.11,0.18,-0.41172,-0.10484,-0.029,-0.9048,-0.81,1.1,0.2,-0.41172,-0.10484,-0.029,-0.9048,-0.85,1.08,0.08,0.34869,-0.06357,-0.13479,-0.92531,-0.85,1.12,0.13,0.13171,-0.0747,-0.13653,-0.979,-0.85,1.13,0.17,-0.23269,-0.12076,-0.11274,-0.95842,-0.84,1.12,0.19,-0.38332,-0.12884,-0.14982,-0.90223,-0.83,1.11,0.21,-0.38332,-0.12884,-0.14982,-0.90223,-0.87,1.08,0.09,0.34869,-0.06357,-0.13479,-0.92531,-0.87,1.11,0.13,0.22045,-0.03922,-0.2016,-0.95353,-0.87,1.13,0.16,-0.18716,-0.13742,-0.20445,-0.95094,-0.86,1.12,0.19,-0.38529,-0.20391,-0.18913,-0.87989,-0.85,1.1,0.2,-0.38529,-0.20391,-0.18913,-0.87989,-0.88,1.07,0.09,0.28852,-0.00634,-0.36983,-0.88314,-0.88,1.09,0.13,0.23808,-0.03326,-0.27749,-0.93017,-0.89,1.11,0.15,-0.15424,-0.13355,-0.31232,-0.92781,-0.88,1.1,0.17,-0.32297,-0.23844,-0.28467,-0.87052,-0.87,1.1,0.19,-0.32297,-0.23844,-0.28467,-0.87052,-0.71,1.09,0.12,-0.25417,-0.16116,-0.10221,0.94815,-0.69,1.06,0.06,-0.25417,-0.16116,-0.10221,0.94815,-0.73,1.07,0.09,-0.46167,-0.24762,0.47865,0.70458,-0.75,1.08,0.1,-0.29792,-0.13796,0.43824,0.83675,-0.77,1.1,0.13,-0.27872,-0.1616,0.5231,0.78903,-0.78,1.1,0.14,-0.27872,-0.1616,0.5231,0.78903,-0.72,1.08,0.09,-0.25417,-0.16116,-0.10221,0.94815,-0.73,1.11,0.13,0.0504,-0.26751,0.05123,0.96087,-0.75,1.1,0.17,0.41994,-0.22945,0.1243,0.86923,-0.76,1.08,0.18,0.57429,-0.17567,0.15914,0.78358,-0.76,1.06,0.19,0.57429,-0.17567,0.15914,0.78358,-0.7,1.07,0.09,-0.25417,-0.16116,-0.10221,0.94815,-0.71,1.11,0.14,-0.10559,-0.14996,-0.09507,0.97843,-0.72,1.12,0.18,0.25366,-0.17535,-0.0476,0.95007,-0.73,1.11,0.2,0.4272,-0.17221,-0.07484,0.88444,-0.74,1.09,0.22,0.4272,-0.17221,-0.07484,0.88444,-0.68,1.07,0.1,-0.25417,-0.16116,-0.10221,0.94815,-0.69,1.1,0.14,-0.17399,-0.08505,-0.16844,0.9665,-0.7,1.11,0.18,0.25694,-0.1671,-0.15352,0.93941,-0.71,1.1,0.2,0.4752,-0.22294,-0.13082,0.84106,-0.72,1.09,0.21,0.4752,-0.22294,-0.13082,0.84106,-0.68,1.07,0.1,-0.18098,-0.07743,-0.32796,0.92395,-0.68,1.09,0.14,-0.25445,0.0403,-0.24741,0.93403,-0.67,1.1,0.17,0.19679,-0.07562,-0.3126,0.9262,-0.68,1.09,0.19,0.40869,-0.19607,-0.29096,0.84254,-0.69,1.08,0.2,0.40869,-0.19607,-0.29096,0.84254,-0.81,1.08,0.19
-0.79,1.47,-0.16,-0.79,1.47,-0.16,-0.85,1.1,0.11,0.34326,-0.06364,-0.11271,-0.93028,-0.86,1.06,0.06,0.34326,-0.06364,-0.11271,-0.93028,-0.82,1.07,0.08,0.4478,-0.16182,0.53399,-0.69867,-0.8,1.09,0.1,0.2242,0.00054,0.48101,-0.84756,-0.79,1.1,0.13,0.11918,0.01805,0.55618,-0.82228,-0.79,1.11,0.15,0.11918,0.01805,0.55618,-0.82228,-0.84,1.08,0.08,0.34326,-0.06364,-0.11271,-0.93028,-0.83,1.12,0.13,0.04531,-0.10707,-0.03261,-0.99268,-0.82,1.12,0.16,-0.32667,-0.1155,-0.01643,-0.93791,-0.82,1.11,0.18,-0.47054,-0.08932,-0.00668,-0.87782,-0.81,1.09,0.19,-0.47054,-0.08932,-0.00668,-0.87782,-0.85,1.08,0.09,0.34326,-0.06364,-0.11271,-0.93028,-0.85,1.12,0.13,0.15247,-0.06586,-0.1173,-0.97911,-0.85,1.13,0.17,-0.24339,-0.10883,-0.09473,-0.95914,-0.84,1.12,0.19,-0.41146,-0.11556,-0.13345,-0.89417,-0.83,1.1,0.21,-0.41146,-0.11556,-0.13345,-0.89417,-0.87,1.07,0.09,0.34326,-0.06364,-0.11271,-0.93028,-0.87,1.11,0.13,0.22231,-0.03533,-0.17974,-0.95761,-0.87,1.12,0.16,-0.21111,-0.12959,-0.1836,-0.95128,-0.86,1.12,0.19,-0.42612,-0.19403,-0.1688,-0.86734,-0.85,1.1,0.2,-0.42612,-0.19403,-0.1688,-0.86734,-0.88,1.07,0.09,0.28627,-0.00418,-0.34871,-0.89243,-0.89,1.09,0.13,0.21546,-0.03682,-0.25566,-0.94173,-0.89,1.11,0.16,-0.20064,-0.13287,-0.28917,-0.92654,-0.88,1.1,0.17,-0.39072,-0.23918,-0.25949,-0.85018,-0.87,1.09,0.19,-0.39072,-0.23918,-0.25949,-0.85018,-0.71,1.1,0.11,-0.29023,-0.16952,-0.12768,0.93313,-0.69,1.06,0.06,-0.29023,-0.16952,-0.12768,0.93313,-0.73,1.07,0.08,-0.49316,-0.22731,0.46818,0.69709,-0.75,1.09,0.1,-0.33135,-0.12353,0.42264,0.83446,-0.77,1.1,0.12,-0.31339,-0.1454,0.50919,0.78827,-0.78,1.11,0.14,-0.31339,-0.1454,0.50919,0.78827,-0.72,1.08,0.09,-0.29023,-0.16952,-0.12768,0.93313,-0.73,1.12,0.13,0.01044,-0.28428,0.03721,0.95796,-0.75,1.11,0.16,0.37469,-0.25232,0.11577,0.88461,-0.76,1.1,0.17,0.52958,-0.20079,0.1527,0.80988,-0.76,1.08,0.18,0.52958,-0.20079,0.1527,0.80988,-0.7,1.08,0.09,-0.29023,-0.16952,-0.12768,0.93313,-0.71,1.12,0.14,-0.14104,-0.17068,-0.11617,0.96824,-0.72,1.13,0.17,0.22111,-0.20295,-0.05892,0.95208,-0.73,1.12,0.2,0.40462,-0.20363,-0.08002,0.88793,-0.74,1.1,0.21,0.40462,-0.20363,-0.08002,0.88793,-0.68,1.08,0.1,-0.29023,-0.16952,-0.12768,0.93313,-0.69,1.11,0.14,-0.19346,-0.10605,-0.1928,0.95611,-0.7,1.12,0.17,0.24224,-0.19829,-0.16464,0.93536,-0.71,1.11,0.19,0.47071,-0.25719,-0.13115,0.83372,-0.72,1.1,0.21,0.47071,-0.25719,-0.13115,0.83372,-0.68,1.07,0.1,-0.21085,-0.09557,-0.35441,0.90598,-0.68,1.09,0.14,-0.27342,0.02176,-0.27979,0.92005,-0.67,1.11,0.17,0.18201,-0.11062,-0.33192,0.91895,-0.68,1.1,0.18,0.40374,-0.23843,-0.29728,0.83173,-0.69,1.09,0.2,0.40374,-0.23843,-0.29728,0.83173,-0.81,1.08,0.19
-0.79,1.47,-0.16,-0.79,1.47,-0.16,-0.85,1.09,0.11,0.32712,-0.05892,-0.10165,-0.93765,-0.86,1.06,0.06,0.32712,-0.05892,-0.10165,-0.93765,-0.82,1.07,0.09,0.42875,-0.16769,0.54296,-0.70232,-0.8,1.08,0.11,0.20138,0.00147,0.49204,-0.84696,-0.8,1.1,0.14,0.09529,0.01864,0.5657,-0.81887,-0.79,1.1,0.16,0.09529,0.01864,0.5657,-0.81887,-0.84,1.08,0.09,0.32712,-0.05892,-0.10165,-0.93765,-0.83,1.11,0.13,0.04142,-0.09645,-0.02786,-0.99409,-0.82,1.12,0.17,-0.34328,-0.104,-0.01454,-0.93334,-0.82,1.1,0.18,-0.49616,-0.07769,-0.00501,-0.86473,-0.82,1.08,0.2,-0.49616,-0.07769,-0.00501,-0.86473,-0.85,1.07,0.09,0.32712,-0.05892,-0.10165,-0.93765,-0.85,1.11,0.13,0.14131,-0.05621,-0.10843,-0.9824,-0.85,1.13,0.17,-0.27368,-0.09808,-0.0885,-0.95271,-0.84,1.11,0.19,-0.4477,-0.10284,-0.12888,-0.87885,-0.84,1.09,0.21,-0.4477,-0.10284,-0.12888,-0.87885,-0.87,1.07,0.09,0.32712,-0.05892,-0.10165,-0.93765,-0.87,1.1,0.13,0.2059,-0.02798,-0.16874,-0.96351,-0.87,1.12,0.17,-0.23717,-0.11923,-0.17636,-0.94786,-0.86,1.11,0.19,-0.45428,-0.18229,-0.16445,-0.85636,-0.85,1.09,0.2,-0.45428,-0.18229,-0.16445,-0.85636,-0.88,1.07,0.09,0.27303,0.00497,-0.33735,-0.9009,-0.89,1.09,0.13,0.19269,-0.03241,-0.24421,-0.94983,-0.89,1.1,0.16,-0.22253,-0.12189,-0.28078,-0.92563,-0.88,1.09,0.18,-0.41074,-0.22618,-0.25519,-0.84559,-0.87,1.08,0.19,-0.41074,-0.22618,-0.25519,-0.84559,-0.71,1.1,0.11,-0.30365,-0.17387,-0.12403,0.92854,-0.69,1.06,0.06,-0.30365,-0.17387,-0.12403,0.92854,-0.73,1.07,0.08,-0.4878,-0.22693,0.49284,0.68385,-0.75,1.09,0.1,-0.32567,-0.1153,0.44884,0.82413,-0.77,1.1,0.12,-0.30464,-0.13648,0.53413,0.77671,-0.78,1.11,0.14,-0.30464,-0.13648,0.53413,0.77671,-0.72,1.08,0.09,-0.30365,-0.17387,-0.12403,0.92854,-0.73,1.12,0.13,-0.01063,-0.28429,0.03958,0.95786,-0.75,1.12,0.16,0.34185,-0.2537,0.11425,0.89762,-0.76,1.1,0.17,0.49211,-0.20396,0.14847,0.83318,-0.77,1.08,0.18,0.49211,-0.20396,0.14847,0.83318,-0.7,1.08,0.09,-0.30365,-0.17387,-0.12403,0.92854,-0.71,1.12,0.13,-0.13987,-0.17994,-0.10756,0.96772,-0.72,1.13,0.17,0.21931,-0.20831,-0.04815,0.95194,-0.74,1.12,0.19,0.3972,-0.20681,-0.06924,0.89144,-0.75,1.1,0.21,0.3972,-0.20681,-0.06924,0.89144,-0.68,1.08,0.1,-0.30365,-0.17387,-0.12403,0.92854,-0.69,1.11,0.14,-0.15681,-0.12399,-0.1821,0.96274,-0.7,1.12,0.17,0.27816,-0.20825,-0.1481,0.92592,-0.71,1.11,0.19,0.50217,-0.2616,-0.1139,0.81634,-0.73,1.09,0.2,0.50217,-0.2616,-0.1139,0.81634,-0.68,1.07,0.1,-0.22354,-0.10314,-0.35174,0.90315,-0.68,1.09,0.14,-0.25112,-0.0001,-0.28052,0.92642,-0.67,1.11,0.17,0.2224,-0.13399,-0.32103,0.91078,-0.68,1.1,0.18,0.44176,-0.25799,-0.28228,0.81155,-0.7,1.09,0.19,0.44176,-0.25799,-0.28228,0.81155,-0.81,1.08,0.19
-0.79,1.47,-0.16,-0.79,1.47,-0.16,-0.85,1.09,0.11,0.32501,-0.0556,-0.10471,-0.93825,-0.86,1.06,0.06,0.32501,-0.0556,-0.10471,-0.93825,-0.82,1.07,0.09,0.42754,-0.16286,0.5397,-0.70669,-0.8,1.08,0.11,0.19696,0.00662,0.48731,-0.8507,-0.8,1.09,0.14,0.09073,0.02255,0.56064,-0.82276,-0.79,1.1,0.16,0.09073,0.02255,0.56064,-0.82276,-0.84,1.07,0.09,0.32501,-0.0556,-0.10471,-0.93825,-0.83,1.11,0.13,0.04861,-0.08933,-0.03603,-0.99416,-0.82,1.12,0.17,-0.34264,-0.10089,-0.0241,-0.93372,-0.82,1.1,0.19,-0.4993,-0.07632,-0.01458,-0.86294,-0.82,1.08,0.2,-0.4993,-0.07632,-0.01458,-0.86294,-0.85,1.07,0.09,0.32501,-0.0556,-0.10471,-0.93825,-0.85,1.11,0.13,0.1381,-0.05123,-0.11317,-0.9826,-0.85,1.12,0.17,-0.29281,-0.09703,-0.09327,-0.94665,-0.84,1.11,0.19,-0.47097,-0.10204,-0.13341,-0.86601,-0.84,1.09,0.21,-0.47097,-0.10204,-0.13341,-0.86601,-0.87,1.07,0.09,0.32501,-0.0556,-0.10471,-0.93825,-0.87,1.1,0.13,0.20159,-0.02491,-0.17212,-0.96391,-0.87,1.12,0.17,-0.24716,-0.11892,-0.18018,-0.94462,-0.86,1.11,0.19,-0.46305,-0.18265,-0.16848,-0.85079,-0.85,1.09,0.2,-0.46305,-0.18265,-0.16848,-0.85079,-0.88,1.07,0.09,0.27124,0.00865,-0.34021,-0.90034,-0.89,1.09,0.13,0.19102,-0.03295,-0.24612,-0.94966,-0.89,1.1,0.16,-0.21096,-0.11921,-0.28336,-0.92789,-0.88,1.09,0.18,-0.38805,-0.22095,-0.26026,-0.85608,-0.87,1.08,0.19,-0.38805,-0.22095,-0.26026,-0.85608,-0.7,1.1,0.11,-0.30786,-0.16927,-0.12636,0.92769,-0.69,1.06,0.06,-0.30786,-0.16927,-0.12636,0.92769,-0.73,1.07,0.08,-0.4704,-0.234,0.51407,0.67801,-0.75,1.09,0.1,-0.29689,-0.10793,0.47519,0.82122,-0.77,1.1,0.13,-0.26433,-0.1248,0.55912,0.77585,-0.78,1.11,0.14,-0.26433,-0.1248,0.55912,0.77585,-0.72,1.08,0.09,-0.30786,-0.16927,-0.12636,0.92769,-0.73,1.12,0.13,-0.04935,-0.26597,0.01408,0.96261,-0.75,1.12,0.16,0.30552,-0.24692,0.08348,0.91581,-0.76,1.11,0.18,0.45722,-0.20311,0.11513,0.85816,-0.77,1.09,0.19,0.45722,-0.20311,0.11513,0.85816,-0.7,1.08,0.09,-0.30786,-0.16927,-0.12636,0.92769,-0.71,1.12,0.13,-0.12383,-0.17941,-0.10618,0.97016,-0.72,1.13,0.17,0.22456,-0.20658,-0.04937,0.95103,-0.74,1.12,0.19,0.38235,-0.20428,-0.07327,0.89817,-0.75,1.1,0.21,0.38235,-0.20428,-0.07327,0.89817,-0.68,1.08,0.1,-0.30786,-0.16927,-0.12636,0.92769,-0.69,1.11,0.14,-0.12456,-0.13014,-0.17887,0.96724,-0.7,1.12,0.17,0.30216,-0.21003,-0.1446,0.91852,-0.71,1.11,0.19,0.51455,-0.26103,-0.11285,0.80893,-0.73,1.09,0.2,0.51455,-0.26103,-0.11285,0.80893,-0.68,1.07,0.1,-0.22826,-0.09972,-0.35449,0.90127,-0.68,1.09,0.14,-0.24297,-0.01035,-0.28258,0.92791,-0.67,1.11,0.17,0.24874,-0.14925,-0.31592,0.90335,-0.68,1.1,0.18,0.46342,-0.2704,-0.2751,0.79778,-0.7,1.09,0.19,0.46342,-0.2704,-0.2751,0.79778,-0.81,1.08,0.19
