1,-0.64,0.81,0.14,0.21403,-0.06006,-0.14664,-0.96389,-0.65,0.78,0.08,0.21403,-0.06006,-0.14664,-0.96389,-0.62,0.79,0.11,0.3472,-0.22803,0.50154,-0.75889,-0.59,0.8,0.13,0.14622,-0.08467,0.46306,-0.87007,-0.58,0.81,0.16,-0.01069,-0.03794,0.54297,-0.83882,-0.58,0.81,0.19,-0.01069,-0.03794,0.54297,-0.83882,-0.63,0.8,0.11,0.21403,-0.06006,-0.14664,-0.96389,-0.62,0.83,0.16,0.02957,-0.0319,-0.116,-0.9923,-0.62,0.83,0.2,-0.22234,-0.06042,-0.13029,-0.96433,-0.62,0.82,0.22,-0.35793,-0.05145,-0.13174,-0.92298,-0.61,0.8,0.24,-0.35793,-0.05145,-0.13174,-0.92298,-0.64,0.79,0.11,0.21403,-0.06006,-0.14664,-0.96389,-0.64,0.82,0.16,0.0856,0.01732,-0.17441,-0.98079,-0.65,0.83,0.21,-0.29475,-0.05188,-0.18039,-0.93696,-0.64,0.82,0.23,-0.45646,-0.0717,-0.2266,-0.85741,-0.63,0.8,0.24,-0.45646,-0.0717,-0.2266,-0.85741,-0.66,0.79,0.11,0.21403,-0.06006,-0.14664,-0.96389,-0.66,0.81,0.16,0.15166,0.02544,-0.21643,-0.96411,-0.67,0.82,0.2,-0.24911,-0.08121,-0.24568,-0.93327,-0.66,0.81,0.22,-0.43053,-0.15433,-0.24412,-0.85512,-0.65,0.8,0.24,-0.43053,-0.15433,-0.24412,-0.85512,-0.67,0.79,0.11,0.15653,0.03013,-0.37045,-0.91507,-0.68,0.8,0.16,0.14724,-0.01684,-0.27665,-0.94948,-0.68,0.81,0.19,-0.14313,-0.07741,-0.32293,-0.93233,-0.67,0.8,0.21,-0.24871,-0.1647,-0.3154,-0.90086,-0.66,0.8,0.23,-0.24871,-0.1647,-0.3154,-0.90086,-0.49,0.82,0.14,0.36439,0.21268,0.14164,-0.8955,-0.47,0.78,0.09,0.36439,0.21268,0.14164,-0.8955,-0.51,0.79,0.11,0.50237,0.21141,-0.5409,-0.64059,-0.54,0.81,0.13,0.31692,0.06893,-0.50098,-0.80239,-0.55,0.82,0.15,0.23941,0.05343,-0.58407,-0.77375,-0.56,0.83,0.17,0.23941,0.05343,-0.58407,-0.77375,-0.5,0.8,0.11,0.36439,0.21268,0.14164,-0.8955,-0.52,0.84,0.15,0.15136,0.25396,0.03523,-0.95465,-0.54,0.85,0.18,-0.23278,0.25499,-0.04067,-0.93763,-0.55,0.84,0.2,-0.38163,0.21961,-0.06994,-0.89512,-0.56,0.83,0.21,-0.38163,0.21961,-0.06994,-0.89512,-0.49,0.8,0.12,0.36439,0.21268,0.14164,-0.8955,-0.5,0.84,0.16,0.11323,0.24226,0.08965,-0.9594,-0.52,0.85,0.19,-0.32941,0.25932,-0.01548,-0.90775,-0.53,0.84,0.21,-0.54192,0.23575,-0.01186,-0.8066,-0.54,0.82,0.22,-0.54192,0.23575,-0.01186,-0.8066,-0.47,0.8,0.13,0.36439,0.21268,0.14164,-0.8955,-0.48,0.83,0.16,0.14897,0.21373,0.16692,-0.95093,-0.5,0.85,0.2,-0.39394,0.29079,0.06254,-0.86968,-0.51,0.83,0.21,-0.65867,0.31282,-0.00674,-0.68429,-0.52,0.81,0.21,-0.65867,0.31282,-0.00674,-0.68429,-0.46,0.79,0.13,0.27243,0.15825,0.36976,-0.87408,-0.47,0.82,0.17,0.25121,0.16718,0.27558,-0.91269,-0.47,0.84,0.19,-0.37466,0.31185,0.19472,-0.85116,-0.49,0.83,0.2,-0.67401,0.40223,0.06858,-0.61581,-0.5,0.81,0.2,-0.67401,0.40223,0.06858,-0.61581,-0.6,0.8,0.21
2,-0.64,0.81,0.14,0.2111,-0.06092,-0.14697,-0.96443,-0.65,0.78,0.08,0.2111,-0.06092,-0.14697,-0.96443,-0.62,0.79,0.11,0.34465,-0.23377,0.50123,-0.75851,-0.59,0.8,0.13,0.14383,-0.09033,0.46429,-0.86925,-0.58,0.81,0.16,-0.01817,-0.03979,0.54472,-0.83748,-0.58,0.81,0.19,-0.01817,-0.03979,0.54472,-0.83748,-0.63,0.8,0.11,0.2111,-0.06092,-0.14697,-0.96443,-0.62,0.82,0.16,0.02591,-0.0354,-0.11509,-0.99239,-0.62,0.83,0.2,-0.22593,-0.06347,-0.12853,-0.96354,-0.62,0.82,0.22,-0.3634,-0.05448,-0.12932,-0.921,-0.61,0.8,0.24,-0.3634,-0.05448,-0.12932,-0.921,-0.64,0.79,0.11,0.2111,-0.06092,-0.14697,-0.96443,-0.64,0.82,0.16,0.08471,0.01768,-0.17453,-0.98084,-0.65,0.83,0.21,-0.29542,-0.05154,-0.18065,-0.93671,-0.64,0.82,0.23,-0.45897,-0.07178,-0.22694,-0.85598,-0.63,0.8,0.24,-0.45897,-0.07178,-0.22694,-0.85598,-0.66,0.79,0.11,0.2111,-0.06092,-0.14697,-0.96443,-0.66,0.81,0.16,0.15142,0.0266,-0.2166,-0.96408,-0.67,0.82,0.2,-0.24747,-0.07975,-0.24642,-0.93364,-0.66,0.81,0.22,-0.4296,-0.15325,-0.24504,-0.85552,-0.65,0.8,0.24,-0.4296,-0.15325,-0.24504,-0.85552,-0.67,0.78,0.12,0.15345,0.02998,-0.37046,-0.91559,-0.68,0.8,0.16,0.14715,-0.01361,-0.27712,-0.9494,-0.68,0.81,0.19,-0.13983,-0.07338,-0.32441,-0.93264,-0.67,0.8,0.21,-0.24308,-0.16013,-0.31754,-0.90246,-0.66,0.79,0.23,-0.24308,-0.16013,-0.31754,-0.90246,-0.49,0.82,0.14,0.35713,0.22813,0.12022,-0.89775,-0.47,0.77,0.1,0.35713,0.22813,0.12022,-0.89775,-0.51,0.79,0.12,0.47202,0.22098,-0.58456,-0.62181,-0.54,0.8,0.13,0.30201,0.07059,-0.54705,-0.77752,-0.55,0.81,0.16,0.22741,0.05473,-0.62716,-0.74294,-0.56,0.82,0.18,0.22741,0.05473,-0.62716,-0.74294,-0.5,0.79,0.12,0.35713,0.22813,0.12022,-0.89775,-0.52,0.84,0.15,0.02985,0.25145,-0.01384,-0.96731,-0.54,0.84,0.18,-0.36824,0.229,-0.08901,-0.89668,-0.55,0.82,0.2,-0.4921,0.18685,-0.11366,-0.84262,-0.55,0.8,0.21,-0.4921,0.18685,-0.11366,-0.84262,-0.48,0.79,0.12,0.35713,0.22813,0.12022,-0.89775,-0.5,0.84,0.16,0.05588,0.24723,0.0574,-0.96564,-0.52,0.84,0.19,-0.40119,0.24767,-0.05131,-0.88038,-0.53,0.82,0.21,-0.59658,0.21256,-0.04367,-0.77266,-0.54,0.8,0.22,-0.59658,0.21256,-0.04367,-0.77266,-0.47,0.79,0.13,0.35713,0.22813,0.12022,-0.89775,-0.48,0.83,0.16,0.10783,0.22634,0.13582,-0.95849,-0.5,0.84,0.2,-0.43627,0.28308,0.02974,-0.85361,-0.51,0.82,0.21,-0.6883,0.29433,-0.03219,-0.66225,-0.52,0.8,0.21,-0.6883,0.29433,-0.03219,-0.66225,-0.46,0.79,0.13,0.26517,0.17098,0.34819,-0.88273,-0.47,0.82,0.17,0.20993,0.19038,0.24727,-0.92658,-0.47,0.83,0.2,-0.42022,0.30976,0.15811,-0.83813,-0.49,0.82,0.21,-0.6929,0.38483,0.04919,-0.60777,-0.5,0.8,0.2,-0.6929,0.38483,0.04919,-0.60777,-0.6,0.8,0.21
3,-0.64,0.81,0.14,0.19672,-0.05958,-0.13733,-0.96896,-0.65,0.78,0.08,0.19672,-0.05958,-0.13733,-0.96896,-0.62,0.79,0.11,0.32883,-0.24677,0.50748,-0.75726,-0.59,0.8,0.13,0.13038,-0.10129,0.47403,-0.86489,-0.58,0.8,0.16,-0.02858,-0.05088,0.55521,-0.82966,-0.58,0.8,0.19,-0.02858,-0.05088,0.55521,-0.82966,-0.63,0.8,0.11,0.19672,-0.05958,-0.13733,-0.96896,-0.62,0.82,0.16,-0.00113,-0.03752,-0.10294,-0.99398,-0.62,0.82,0.2,-0.24829,-0.06123,-0.11657,-0.95969,-0.61,0.81,0.22,-0.38496,-0.05033,-0.11718,-0.91408,-0.61,0.8,0.24,-0.38496,-0.05033,-0.11718,-0.91408,-0.64,0.79,0.11,0.19672,-0.05958,-0.13733,-0.96896,-0.64,0.82,0.17,0.07134,0.02213,-0.16408,-0.98361,-0.65,0.83,0.21,-0.3014,-0.04192,-0.17305,-0.93673,-0.64,0.81,0.23,-0.46212,-0.06016,-0.22117,-0.85668,-0.63,0.79,0.24,-0.46212,-0.06016,-0.22117,-0.85668,-0.66,0.79,0.11,0.19672,-0.05958,-0.13733,-0.96896,-0.66,0.81,0.16,0.1427,0.03336,-0.20611,-0.96749,-0.67,0.82,0.2,-0.2478,-0.06679,-0.24024,-0.93617,-0.66,0.81,0.22,-0.42722,-0.1386,-0.242,-0.86006,-0.65,0.79,0.24,-0.42722,-0.1386,-0.242,-0.86006,-0.67,0.78,0.12,0.14108,0.03507,-0.36007,-0.92153,-0.68,0.79,0.16,0.13902,-0.00317,-0.2675,-0.95347,-0.68,0.8,0.19,-0.14443,-0.0589,-0.31827,-0.93508,-0.67,0.8,0.21,-0.24412,-0.14374,-0.31403,-0.90616,-0.67,0.79,0.23,-0.24412,-0.14374,-0.31403,-0.90616,-0.49,0.81,0.14,0.32752,0.21823,0.0978,-0.91408,-0.47,0.78,0.1,0.32752,0.21823,0.0978,-0.91408,-0.51,0.78,0.12,0.43625,0.22879,-0.60496,-0.62559,-0.54,0.79,0.14,0.2759,0.07661,-0.56857,-0.77119,-0.55,0.8,0.16,0.20893,0.06776,-0.64692,-0.73024,-0.56,0.81,0.19,0.20893,0.06776,-0.64692,-0.73024,-0.5,0.79,0.12,0.32752,0.21823,0.0978,-0.91408,-0.52,0.83,0.15,-0.02237,0.23434,-0.03586,-0.97123,-0.54,0.83,0.19,-0.46056,0.19787,-0.11207,-0.858,-0.54,0.81,0.2,-0.58312,0.15118,-0.13624,-0.78648,-0.55,0.79,0.21,-0.58312,0.15118,-0.13624,-0.78648,-0.48,0.79,0.12,0.32752,0.21823,0.0978,-0.91408,-0.5,0.83,0.16,0.01523,0.22762,0.03938,-0.97283,-0.52,0.84,0.2,-0.47366,0.21898,-0.06651,-0.85045,-0.53,0.81,0.21,-0.67466,0.17393,-0.05579,-0.71517,-0.53,0.79,0.21,-0.67466,0.17393,-0.05579,-0.71517,-0.47,0.79,0.13,0.32752,0.21823,0.0978,-0.91408,-0.48,0.83,0.17,0.07006,0.21063,0.11378,-0.96839,-0.5,0.83,0.2,-0.49465,0.2567,0.01464,-0.83019,-0.51,0.81,0.21,-0.74417,0.26155,-0.03959,-0.61338,-0.52,0.79,0.21,-0.74417,0.26155,-0.03959,-0.61338,-0.46,0.79,0.13,0.2414,0.15257,0.32589,-0.90124,-0.47,0.81,0.17,0.1782,0.17777,0.22335,-0.94168,-0.47,0.83,0.2,-0.4531,0.28238,0.14799,-0.83251,-0.49,0.81,0.21,-0.72701,0.35563,0.04863,-0.58533,-0.5,0.79,0.2,-0.72701,0.35563,0.04863,-0.58533,-0.6,0.8,0.21
4,-0.64,0.81,0.14,0.19536,-0.05739,-0.14484,-0.96828,-0.65,0.79,0.08,0.19536,-0.05739,-0.14484,-0.96828,-0.62,0.79,0.11,0.3264,-0.2454,0.50385,-0.76117,-0.59,0.8,0.13,0.12732,-0.10067,0.46993,-0.86765,-0.58,0.8,0.16,-0.02397,-0.05656,0.5513,-0.83204,-0.58,0.8,0.19,-0.02397,-0.05656,0.5513,-0.83204,-0.63,0.8,0.11,0.19536,-0.05739,-0.14484,-0.96828,-0.62,0.82,0.16,-0.04253,-0.04137,-0.10786,-0.99239,-0.62,0.82,0.2,-0.30294,-0.06697,-0.11924,-0.94315,-0.61,0.81,0.22,-0.43923,-0.05619,-0.11725,-0.88892,-0.61,0.79,0.24,-0.43923,-0.05619,-0.11725,-0.88892,-0.64,0.79,0.11,0.19536,-0.05739,-0.14484,-0.96828,-0.64,0.82,0.17,0.03951,0.01711,-0.17176,-0.9842,-0.65,0.82,0.21,-0.33649,-0.05006,-0.17804,-0.92335,-0.64,0.81,0.23,-0.49229,-0.06632,-0.22404,-0.83849,-0.63,0.79,0.24,-0.49229,-0.06632,-0.22404,-0.83849,-0.66,0.79,0.11,0.19536,-0.05739,-0.14484,-0.96828,-0.66,0.81,0.16,0.1283,0.03258,-0.21378,-0.96787,-0.67,0.82,0.2,-0.26458,-0.07086,-0.24695,-0.92951,-0.66,0.81,0.22,-0.43984,-0.14294,-0.24835,-0.85113,-0.65,0.79,0.24,-0.43984,-0.14294,-0.24835,-0.85113,-0.67,0.78,0.12,0.13918,0.03724,-0.36705,-0.91898,-0.68,0.79,0.16,0.13224,-0.00028,-0.27535,-0.95221,-0.68,0.8,0.19,-0.15723,-0.06024,-0.3262,-0.93018,-0.67,0.8,0.21,-0.256,-0.1459,-0.32232,-0.89961,-0.67,0.79,0.23,-0.256,-0.1459,-0.32232,-0.89961,-0.49,0.81,0.14,0.33133,0.21539,0.10365,-0.91274,-0.47,0.78,0.1,0.33133,0.21539,0.10365,-0.91274,-0.51,0.79,0.12,0.43798,0.21927,-0.60278,-0.62988,-0.54,0.79,0.14,0.27698,0.06776,-0.56371,-0.77519,-0.55,0.81,0.16,0.21275,0.06222,-0.64202,-0.73394,-0.56,0.81,0.19,0.21275,0.06222,-0.64202,-0.73394,-0.5,0.79,0.12,0.33133,0.21539,0.10365,-0.91274,-0.52,0.83,0.15,0.00242,0.23359,-0.02312,-0.97206,-0.54,0.83,0.19,-0.45892,0.20114,-0.10523,-0.85899,-0.54,0.81,0.2,-0.60391,0.15202,-0.13475,-0.77073,-0.55,0.79,0.21,-0.60391,0.15202,-0.13475,-0.77073,-0.48,0.79,0.12,0.33133,0.21539,0.10365,-0.91274,-0.5,0.84,0.16,0.01514,0.2251,0.0464,-0.97311,-0.52,0.84,0.2,-0.50327,0.21805,-0.06676,-0.8335,-0.53,0.81,0.21,-0.73541,0.16409,-0.06197,-0.65452,-0.53,0.79,0.21,-0.73541,0.16409,-0.06197,-0.65452,-0.47,0.79,0.13,0.33133,0.21539,0.10365,-0.91274,-0.48,0.83,0.17,0.06896,0.21048,0.11896,-0.96788,-0.5,0.83,0.2,-0.51929,0.25956,0.01197,-0.81414,-0.51,0.81,0.21,-0.78439,0.2585,-0.05068,-0.56155,-0.51,0.79,0.2,-0.78439,0.2585,-0.05068,-0.56155,-0.46,0.79,0.13,0.24489,0.1509,0.33186,-0.8984,-0.47,0.81,0.17,0.17316,0.1813,0.22728,-0.94101,-0.47,0.83,0.2,-0.46224,0.28794,0.14725,-0.82568,-0.49,0.81,0.21,-0.75217,0.36042,0.03514,-0.55055,-0.5,0.8,0.2,-0.75217,0.36042,0.03514,-0.55055,-0.6,0.8,0.21
5,-0.64,0.81,0.14,0.19978,-0.05532,-0.15451,-0.966,-0.65,0.79,0.08,0.19978,-0.05532,-0.15451,-0.966,-0.62,0.79,0.11,0.3288,-0.23764,0.50001,-0.76512,-0.59,0.8,0.13,0.12947,-0.09438,0.46378,-0.87134,-0.58,0.81,0.16,-0.01478,-0.05643,0.54481,-0.83653,-0.58,0.81,0.19,-0.01478,-0.05643,0.54481,-0.83653,-0.63,0.8,0.11,0.19978,-0.05532,-0.15451,-0.966,-0.62,0.83,0.16,-0.07653,-0.0436,-0.11626,-0.98931,-0.62,0.82,0.2,-0.3633,-0.0743,-0.12439,-0.92034,-0.61,0.8,0.22,-0.49897,-0.06415,-0.1192,-0.85598,-0.61,0.79,0.23,-0.49897,-0.06415,-0.1192,-0.85598,-0.64,0.79,0.11,0.19978,-0.05532,-0.15451,-0.966,-0.64,0.82,0.17,0.00539,0.00728,-0.18128,-0.98339,-0.65,0.82,0.21,-0.38544,-0.06585,-0.18191,-0.90223,-0.64,0.8,0.23,-0.53736,-0.07937,-0.22419,-0.80913,-0.63,0.78,0.24,-0.53736,-0.07937,-0.22419,-0.80913,-0.66,0.79,0.11,0.19978,-0.05532,-0.15451,-0.966,-0.66,0.81,0.16,0.10664,0.02624,-0.22409,-0.96836,-0.67,0.82,0.2,-0.30172,-0.08446,-0.25299,-0.91533,-0.66,0.81,0.22,-0.47407,-0.15671,-0.25234,-0.82887,-0.65,0.79,0.24,-0.47407,-0.15671,-0.25234,-0.82887,-0.67,0.79,0.12,0.14257,0.03783,-0.37659,-0.91456,-0.68,0.8,0.16,0.12399,-0.00364,-0.28559,-0.95029,-0.68,0.8,0.19,-0.18105,-0.07157,-0.33418,-0.92218,-0.67,0.8,0.21,-0.2817,-0.159,-0.32952,-0.88701,-0.66,0.79,0.23,-0.2817,-0.159,-0.32952,-0.88701,-0.49,0.81,0.14,0.33377,0.21481,0.10834,-0.91144,-0.47,0.78,0.1,0.33377,0.21481,0.10834,-0.91144,-0.51,0.79,0.12,0.43946,0.21657,-0.60069,-0.63178,-0.54,0.8,0.14,0.27663,0.06463,-0.56102,-0.77753,-0.55,0.81,0.16,0.21541,0.0621,-0.63937,-0.73549,-0.56,0.81,0.19,0.21541,0.0621,-0.63937,-0.73549,-0.5,0.79,0.12,0.33377,0.21481,0.10834,-0.91144,-0.52,0.83,0.15,0.02679,0.2347,-0.01239,-0.97162,-0.54,0.84,0.19,-0.44269,0.20714,-0.09776,-0.86693,-0.55,0.82,0.2,-0.60408,0.15715,-0.13123,-0.77017,-0.55,0.8,0.21,-0.60408,0.15715,-0.13123,-0.77017,-0.48,0.79,0.12,0.33377,0.21481,0.10834,-0.91144,-0.5,0.84,0.16,0.01666,0.2247,0.05192,-0.9729,-0.52,0.84,0.2,-0.508,0.22017,-0.06348,-0.83032,-0.53,0.82,0.21,-0.7543,0.16361,-0.06197,-0.63279,-0.53,0.79,0.21,-0.7543,0.16361,-0.06197,-0.63279,-0.47,0.79,0.13,0.33377,0.21481,0.10834,-0.91144,-0.48,0.83,0.17,0.07171,0.21062,0.12416,-0.967,-0.5,0.84,0.2,-0.52287,0.26285,0.01409,-0.81075,-0.51,0.81,0.21,-0.79758,0.25997,-0.05414,-0.54162,-0.52,0.79,0.2,-0.79758,0.25997,-0.05414,-0.54162,-0.46,0.79,0.14,0.24674,0.15111,0.33649,-0.89614,-0.47,0.81,0.17,0.17504,0.18284,0.23155,-0.93932,-0.47,0.83,0.2,-0.46605,0.29289,0.14764,-0.82171,-0.49,0.81,0.21,-0.77018,0.36475,0.02364,-0.52271,-0.5,0.8,0.2,-0.77018,0.36475,0.02364,-0.52271,-0.6,0.8,0.21
6,-0.64,0.81,0.14,0.2099,-0.05571,-0.15811,-0.96325,-0.65,0.79,0.08,0.2099,-0.05571,-0.15811,-0.96325,-0.62,0.8,0.11,0.33188,-0.22886,0.50476,-0.76334,-0.59,0.8,0.13,0.13314,-0.0847,0.46627,-0.87045,-0.58,0.81,0.16,-0.00183,-0.05276,0.5462,-0.83599,-0.58,0.81,0.19,-0.00183,-0.05276,0.5462,-0.83599,-0.63,0.8,0.11,0.2099,-0.05571,-0.15811,-0.96325,-0.62,0.83,0.16,-0.05667,-0.04187,-0.12168,-0.99007,-0.62,0.82,0.2,-0.33811,-0.07385,-0.13061,-0.92907,-0.61,0.81,0.22,-0.4687,-0.06378,-0.1268,-0.87188,-0.61,0.79,0.23,-0.4687,-0.06378,-0.1268,-0.87188,-0.64,0.8,0.11,0.2099,-0.05571,-0.15811,-0.96325,-0.64,0.83,0.17,0.01731,0.00313,-0.18466,-0.98265,-0.65,0.83,0.21,-0.38146,-0.07259,-0.18278,-0.90322,-0.64,0.81,0.23,-0.53315,-0.08622,-0.22393,-0.81128,-0.63,0.79,0.24,-0.53315,-0.08622,-0.22393,-0.81128,-0.66,0.79,0.11,0.2099,-0.05571,-0.15811,-0.96325,-0.66,0.81,0.16,0.1125,0.02219,-0.22829,-0.96682,-0.67,0.82,0.2,-0.30747,-0.09323,-0.25409,-0.91225,-0.66,0.81,0.22,-0.47952,-0.16544,-0.25173,-0.82421,-0.64,0.79,0.24,-0.47952,-0.16544,-0.25173,-0.82421,-0.67,0.79,0.12,0.15183,0.03491,-0.38092,-0.91139,-0.68,0.8,0.16,0.13706,-0.00542,-0.28941,-0.94733,-0.68,0.81,0.19,-0.18198,-0.08034,-0.33689,-0.92029,-0.67,0.8,0.21,-0.28347,-0.16839,-0.33095,-0.88417,-0.66,0.79,0.23,-0.28347,-0.16839,-0.33095,-0.88417,-0.49,0.81,0.15,0.31022,0.20769,0.12243,-0.91959,-0.47,0.78,0.1,0.31022,0.20769,0.12243,-0.91959,-0.51,0.79,0.12,0.42927,0.2353,-0.58181,-0.6495,-0.54,0.8,0.14,0.25981,0.08561,-0.54657,-0.79148,-0.55,0.81,0.17,0.20667,0.09061,-0.62587,-0.74657,-0.56,0.81,0.19,0.20667,0.09061,-0.62587,-0.74657,-0.5,0.79,0.12,0.31022,0.20769,0.12243,-0.91959,-0.52,0.83,0.16,0.10057,0.23138,0.03068,-0.96717,-0.54,0.84,0.19,-0.29379,0.23074,-0.03821,-0.92682,-0.55,0.83,0.21,-0.45887,0.19399,-0.06996,-0.86424,-0.55,0.81,0.22,-0.45887,0.19399,-0.06996,-0.86424,-0.48,0.79,0.13,0.31022,0.20769,0.12243,-0.91959,-0.5,0.83,0.17,0.02291,0.21931,0.0748,-0.97251,-0.52,0.84,0.2,-0.43153,0.23063,-0.02238,-0.87183,-0.53,0.82,0.22,-0.65943,0.19644,-0.01814,-0.72542,-0.54,0.79,0.22,-0.65943,0.19644,-0.01814,-0.72542,-0.47,0.79,0.13,0.31022,0.20769,0.12243,-0.91959,-0.48,0.82,0.17,0.07231,0.19818,0.1465,-0.96645,-0.5,0.83,0.21,-0.45816,0.26328,0.05798,-0.847,-0.51,0.81,0.22,-0.72414,0.28231,-0.00516,-0.6292,-0.52,0.79,0.22,-0.72414,0.28231,-0.00516,-0.6292,-0.46,0.79,0.14,0.22329,0.13846,0.34864,-0.89968,-0.47,0.81,0.18,0.17242,0.16585,0.24869,-0.93857,-0.47,0.82,0.2,-0.42028,0.28148,0.18503,-0.84255,-0.49,0.81,0.21,-0.7098,0.37006,0.07562,-0.59458,-0.5,0.79,0.21,-0.7098,0.37006,0.07562,-0.59458,-0.6,0.8,0.21
7,-0.64,0.81,0.14,0.20482,-0.05597,-0.14614,-0.96621,-0.65,0.79,0.08,0.20482,-0.05597,-0.14614,-0.96621,-0.62,0.79,0.11,0.32108,-0.23507,0.51678,-0.75802,-0.59,0.8,0.13,0.11646,-0.08266,0.48164,-0.86465,-0.58,0.81,0.17,-0.00741,-0.05713,0.56003,-0.82647,-0.58,0.81,0.19,-0.00741,-0.05713,0.56003,-0.82647,-0.63,0.8,0.11,0.20482,-0.05597,-0.14614,-0.96621,-0.62,0.83,0.16,-0.05456,-0.03836,-0.11017,-0.99167,-0.62,0.82,0.2,-0.31492,-0.06445,-0.12219,-0.93901,-0.61,0.81,0.22,-0.43215,-0.05131,-0.12166,-0.89208,-0.61,0.79,0.24,-0.43215,-0.05131,-0.12166,-0.89208,-0.64,0.8,0.11,0.20482,-0.05597,-0.14614,-0.96621,-0.64,0.82,0.17,0.04327,0.00996,-0.17217,-0.98407,-0.65,0.83,0.21,-0.32937,-0.05618,-0.17591,-0.92597,-0.64,0.81,0.23,-0.4714,-0.06941,-0.2208,-0.85101,-0.63,0.79,0.24,-0.4714,-0.06941,-0.2208,-0.85101,-0.66,0.79,0.11,0.20482,-0.05597,-0.14614,-0.96621,-0.66,0.81,0.16,0.13627,0.0285,-0.21533,-0.96657,-0.67,0.82,0.2,-0.26622,-0.07793,-0.24605,-0.92871,-0.66,0.81,0.22,-0.43258,-0.14745,-0.24694,-0.85449,-0.65,0.8,0.24,-0.43258,-0.14745,-0.24694,-0.85449,-0.67,0.79,0.12,0.14849,0.03634,-0.36923,-0.91668,-0.68,0.8,0.16,0.15898,0.00259,-0.27613,-0.94788,-0.68,0.81,0.19,-0.15375,-0.06759,-0.32775,-0.92972,-0.67,0.8,0.21,-0.25012,-0.15256,-0.32305,-0.89989,-0.67,0.8,0.23,-0.25012,-0.15256,-0.32305,-0.89989,-0.49,0.8,0.15,0.22765,0.17957,0.11958,-0.94954,-0.47,0.78,0.1,0.22765,0.17957,0.11958,-0.94954,-0.51,0.78,0.12,0.39434,0.29991,-0.53008,-0.68816,-0.54,0.79,0.14,0.21471,0.15998,-0.5098,-0.81756,-0.55,0.8,0.17,0.18797,0.18489,-0.58866,-0.76417,-0.57,0.8,0.19,0.18797,0.18489,-0.58866,-0.76417,-0.5,0.79,0.13,0.22765,0.17957,0.11958,-0.94954,-0.52,0.82,0.17,0.15493,0.20063,0.06872,-0.96489,-0.53,0.83,0.2,-0.07452,0.21394,0.04674,-0.97288,-0.54,0.83,0.23,-0.18865,0.19315,0.0369,-0.96216,-0.55,0.82,0.25,-0.18865,0.19315,0.0369,-0.96216,-0.48,0.79,0.13,0.22765,0.17957,0.11958,-0.94954,-0.5,0.82,0.18,0.03885,0.17463,0.10155,-0.97861,-0.51,0.82,0.22,-0.32056,0.20005,0.04392,-0.92482,-0.52,0.81,0.24,-0.49887,0.19178,0.0647,-0.84271,-0.53,0.79,0.25,-0.49887,0.19178,0.0647,-0.84271,-0.47,0.79,0.14,0.22765,0.17957,0.11958,-0.94954,-0.48,0.81,0.18,0.07159,0.13702,0.16618,-0.9739,-0.49,0.82,0.22,-0.37913,0.2122,0.12564,-0.89188,-0.5,0.8,0.24,-0.60794,0.25803,0.08944,-0.74554,-0.52,0.78,0.24,-0.60794,0.25803,0.08944,-0.74554,-0.46,0.78,0.14,0.14903,0.08989,0.34101,-0.92381,-0.46,0.8,0.18,0.15616,0.09339,0.2515,-0.9506,-0.47,0.81,0.21,-0.35401,0.20248,0.24614,-0.87926,-0.48,0.8,0.22,-0.59586,0.30987,0.18629,-0.7171,-0.49,0.78,0.23,-0.59586,0.30987,0.18629,-0.7171,-0.6,0.8,0.21
8,-0.64,0.81,0.14,0.18769,-0.05639,-0.12539,-0.97256,-0.65,0.79,0.08,0.18769,-0.05639,-0.12539,-0.97256,-0.62,0.79,0.11,0.30345,-0.25107,0.52854,-0.75201,-0.59,0.8,0.13,0.08112,-0.08239,0.50171,-0.85727,-0.58,0.8,0.17,-0.04518,-0.05493,0.57744,-0.81333,-0.58,0.8,0.19,-0.04518,-0.05493,0.57744,-0.81333,-0.63,0.8,0.11,0.18769,-0.05639,-0.12539,-0.97256,-0.62,0.82,0.17,-0.04338,-0.02971,-0.09133,-0.99443,-0.62,0.82,0.2,-0.29218,-0.05002,-0.10707,-0.94903,-0.61,0.81,0.22,-0.41358,-0.03572,-0.10895,-0.90322,-0.61,0.79,0.24,-0.41358,-0.03572,-0.10895,-0.90322,-0.64,0.79,0.11,0.18769,-0.05639,-0.12539,-0.97256,-0.64,0.82,0.17,0.03367,0.01945,-0.1515,-0.98769,-0.64,0.82,0.21,-0.28688,-0.03045,-0.16224,-0.94364,-0.64,0.81,0.23,-0.40108,-0.03877,-0.21061,-0.89066,-0.63,0.79,0.25,-0.40108,-0.03877,-0.21061,-0.89066,-0.66,0.79,0.11,0.18769,-0.05639,-0.12539,-0.97256,-0.66,0.81,0.16,0.12655,0.03449,-0.19356,-0.97228,-0.66,0.82,0.2,-0.21013,-0.04719,-0.23143,-0.94872,-0.66,0.81,0.23,-0.34849,-0.10818,-0.23868,-0.89994,-0.65,0.8,0.25,-0.34849,-0.10818,-0.23868,-0.89994,-0.67,0.79,0.12,0.13461,0.04075,-0.34805,-0.92687,-0.68,0.8,0.16,0.14708,0.01276,-0.25534,-0.95551,-0.68,0.8,0.19,-0.14064,-0.04218,-0.31151,-0.93883,-0.68,0.8,0.21,-0.21537,-0.1181,-0.31148,-0.91796,-0.67,0.79,0.23,-0.21537,-0.1181,-0.31148,-0.91796,-0.5,0.79,0.16,0.14349,0.16084,0.003,-0.97649,-0.47,0.78,0.1,0.14349,0.16084,0.003,-0.97649,-0.51,0.77,0.12,0.37366,0.34198,-0.50351,-0.69993,-0.54,0.78,0.14,0.20786,0.21773,-0.48755,-0.81956,-0.56,0.78,0.17,0.21547,0.26303,-0.56002,-0.75549,-0.58,0.79,0.19,0.21547,0.26303,-0.56002,-0.75549,-0.5,0.78,0.13,0.14349,0.16084,0.003,-0.97649,-0.52,0.8,0.18,0.00608,0.18315,-0.06012,-0.98123,-0.54,0.8,0.22,-0.23548,0.1626,-0.07666,-0.95511,-0.54,0.79,0.24,-0.33263,0.12675,-0.08243,-0.93086,-0.55,0.77,0.25,-0.33263,0.12675,-0.08243,-0.93086,-0.49,0.78,0.13,0.14349,0.16084,0.003,-0.97649,-0.5,0.8,0.19,0.05279,0.12194,0.00443,-0.99112,-0.51,0.81,0.23,-0.34123,0.11499,-0.03096,-0.93241,-0.52,0.79,0.25,-0.5341,0.09228,0.00757,-0.84034,-0.52,0.77,0.26,-0.5341,0.09228,0.00757,-0.84034,-0.47,0.78,0.14,0.14349,0.16084,0.003,-0.97649,-0.48,0.8,0.19,0.16035,0.08008,0.06627,-0.98157,-0.49,0.81,0.22,-0.3304,0.12171,0.05849,-0.93413,-0.5,0.8,0.24,-0.58439,0.15484,0.04757,-0.79514,-0.5,0.77,0.25,-0.58439,0.15484,0.04757,-0.79514,-0.46,0.78,0.14,0.0873,0.04842,0.22226,-0.96986,-0.46,0.79,0.18,0.21022,0.0444,0.13079,-0.96785,-0.47,0.8,0.21,-0.27665,0.09801,0.17111,-0.94052,-0.47,0.79,0.23,-0.55493,0.19163,0.14164,-0.79704,-0.48,0.78,0.24,-0.55493,0.19163,0.14164,-0.79704,-0.6,0.8,0.21
9,-0.64,0.81,0.14,0.19617,-0.05526,-0.12627,-0.97083,-0.65,0.79,0.08,0.19617,-0.05526,-0.12627,-0.97083,-0.62,0.79,0.11,0.31371,-0.24382,0.52571,-0.75218,-0.59,0.8,0.13,0.08155,-0.07133,0.49802,-0.86037,-0.59,0.8,0.17,-0.0601,-0.03454,0.57218,-0.81719,-0.59,0.8,0.19,-0.0601,-0.03454,0.57218,-0.81719,-0.63,0.8,0.11,0.19617,-0.05526,-0.12627,-0.97083,-0.62,0.82,0.16,-0.01964,-0.028,-0.09352,-0.99503,-0.62,0.82,0.2,-0.26789,-0.04938,-0.10972,-0.95591,-0.61,0.81,0.22,-0.3917,-0.03584,-0.11228,-0.91251,-0.61,0.79,0.24,-0.3917,-0.03584,-0.11228,-0.91251,-0.64,0.79,0.11,0.19617,-0.05526,-0.12627,-0.97083,-0.64,0.82,0.17,0.0415,0.02259,-0.15408,-0.98693,-0.64,0.83,0.21,-0.28873,-0.03008,-0.1654,-0.94254,-0.64,0.81,0.23,-0.4046,-0.03905,-0.21384,-0.88828,-0.64,0.79,0.25,-0.4046,-0.03905,-0.21384,-0.88828,-0.66,0.79,0.11,0.19617,-0.05526,-0.12627,-0.97083,-0.66,0.81,0.16,0.12295,0.03563,-0.19617,-0.97218,-0.66,0.82,0.2,-0.22139,-0.0488,-0.23407,-0.94542,-0.66,0.81,0.23,-0.36043,-0.11028,-0.24127,-0.89427,-0.65,0.8,0.24,-0.36043,-0.11028,-0.24127,-0.89427,-0.67,0.79,0.12,0.14296,0.03983,-0.34975,-0.92501,-0.68,0.8,0.16,0.12834,0.00816,-0.25881,-0.95733,-0.68,0.8,0.19,-0.15898,-0.0462,-0.31307,-0.93519,-0.67,0.8,0.21,-0.23159,-0.12156,-0.31367,-0.9128,-0.67,0.79,0.23,-0.23159,-0.12156,-0.31367,-0.9128,-0.5,0.8,0.15,0.20041,0.16408,0.01819,-0.9657,-0.47,0.78,0.1,0.20041,0.16408,0.01819,-0.9657,-0.51,0.78,0.12,0.426,0.29692,-0.50157,-0.69195,-0.54,0.79,0.14,0.26996,0.18268,-0.47212,-0.81906,-0.56,0.8,0.16,0.27561,0.22284,-0.54935,-0.7567,-0.58,0.81,0.18,0.27561,0.22284,-0.54935,-0.7567,-0.5,0.79,0.13,0.20041,0.16408,0.01819,-0.9657,-0.53,0.81,0.18,-0.01255,0.20669,-0.07388,-0.97553,-0.54,0.81,0.21,-0.31093,0.17537,-0.10705,-0.92796,-0.55,0.8,0.23,-0.4336,0.1321,-0.12128,-0.88308,-0.55,0.78,0.24,-0.4336,0.1321,-0.12128,-0.88308,-0.49,0.79,0.13,0.20041,0.16408,0.01819,-0.9657,-0.5,0.82,0.18,0.10133,0.13211,0.01916,-0.98586,-0.51,0.83,0.22,-0.31875,0.13013,-0.02476,-0.93854,-0.52,0.81,0.24,-0.5388,0.10863,0.00989,-0.83534,-0.53,0.79,0.25,-0.5388,0.10863,0.00989,-0.83534,-0.47,0.79,0.13,0.20041,0.16408,0.01819,-0.9657,-0.48,0.81,0.18,0.21138,0.08937,0.08532,-0.96956,-0.49,0.83,0.22,-0.30057,0.14225,0.06697,-0.94071,-0.5,0.81,0.24,-0.5725,0.17775,0.04696,-0.79902,-0.51,0.79,0.25,-0.5725,0.17775,0.04696,-0.79902,-0.46,0.79,0.14,0.13979,0.06513,0.24267,-0.95777,-0.47,0.8,0.18,0.26787,0.0462,0.15248,-0.95019,-0.47,0.82,0.21,-0.224,0.11556,0.18865,-0.94915,-0.47,0.81,0.22,-0.523,0.21658,0.14672,-0.81119,-0.48,0.79,0.23,-0.523,0.21658,0.14672,-0.81119,-0.6,0.8,0.21
10,-0.64,0.81,0.14,0.21521,-0.06744,-0.12901,-0.96566,-0.65,0.79,0.08,0.21521,-0.06744,-0.12901,-0.96566,-0.61,0.79,0.11,0.34204,-0.24021,0.51923,-0.74546,-0.59,0.8,0.13,0.10766,-0.0707,0.49056,-0.86184,-0.58,0.81,0.16,-0.05339,-0.01982,0.56512,-0.82304,-0.58,0.8,0.19,-0.05339,-0.01982,0.56512,-0.82304,-0.63,0.8,0.11,0.21521,-0.06744,-0.12901,-0.96566,-0.62,0.83,0.16,0.01943,-0.05717,-0.08888,-0.99421,-0.61,0.83,0.2,-0.21225,-0.0756,-0.09944,-0.9692,-0.61,0.82,0.22,-0.3353,-0.06078,-0.10054,-0.93476,-0.61,0.81,0.24,-0.3353,-0.06078,-0.10054,-0.93476,-0.64,0.8,0.11,0.21521,-0.06744,-0.12901,-0.96566,-0.64,0.83,0.16,0.07688,0.01093,-0.1565,-0.98462,-0.64,0.83,0.21,-0.29703,-0.04959,-0.16183,-0.93975,-0.64,0.82,0.23,-0.45065,-0.06445,-0.20877,-0.86555,-0.63,0.8,0.25,-0.45065,-0.06445,-0.20877,-0.86555,-0.66,0.79,0.11,0.21521,-0.06744,-0.12901,-0.96566,-0.66,0.82,0.16,0.13613,0.02416,-0.20079,-0.96983,-0.66,0.83,0.2,-0.26282,-0.07474,-0.23145,-0.93369,-0.66,0.81,0.22,-0.43872,-0.14359,-0.23247,-0.85608,-0.65,0.8,0.24,-0.43872,-0.14359,-0.23247,-0.85608,-0.67,0.79,0.12,0.15858,0.02332,-0.35378,-0.92149,-0.67,0.8,0.16,0.12976,-0.00803,-0.26329,-0.95592,-0.68,0.81,0.19,-0.17819,-0.06955,-0.31215,-0.93058,-0.67,0.8,0.21,-0.27488,-0.15256,-0.30857,-0.89775,-0.66,0.79,0.23,-0.27488,-0.15256,-0.30857,-0.89775,-0.49,0.82,0.14,0.29051,0.18824,0.07333,-0.9353,-0.47,0.78,0.09,0.29051,0.18824,0.07333,-0.9353,-0.51,0.79,0.11,0.47101,0.21728,-0.53646,-0.6657,-0.54,0.8,0.13,0.31265,0.09329,-0.49199,-0.80715,-0.55,0.82,0.16,0.27727,0.10733,-0.57545,-0.76188,-0.57,0.82,0.18,0.27727,0.10733,-0.57545,-0.76188,-0.5,0.8,0.12,0.29051,0.18824,0.07333,-0.9353,-0.52,0.83,0.16,0.05451,0.25821,-0.05137,-0.96318,-0.54,0.84,0.19,-0.30084,0.22646,-0.11551,-0.91917,-0.55,0.82,0.21,-0.44954,0.17796,-0.14252,-0.86367,-0.56,0.8,0.22,-0.44954,0.17796,-0.14252,-0.86367,-0.49,0.8,0.12,0.29051,0.18824,0.07333,-0.9353,-0.5,0.84,0.16,0.06331,0.19208,0.04059,-0.97849,-0.52,0.84,0.2,-0.35441,0.19297,-0.03094,-0.91444,-0.53,0.82,0.22,-0.57297,0.16545,-0.01224,-0.80261,-0.53,0.8,0.23,-0.57297,0.16545,-0.01224,-0.80261,-0.47,0.8,0.13,0.29051,0.18824,0.07333,-0.9353,-0.48,0.83,0.17,0.15904,0.14342,0.12557,-0.9687,-0.49,0.84,0.2,-0.34355,0.20663,0.07648,-0.91292,-0.5,0.83,0.22,-0.60804,0.2403,0.03671,-0.75578,-0.51,0.8,0.23,-0.60804,0.2403,0.03671,-0.75578,-0.46,0.79,0.13,0.21484,0.11245,0.30195,-0.92197,-0.47,0.82,0.17,0.2999,0.05871,0.2205,-0.92628,-0.47,0.83,0.19,-0.21657,0.16905,0.23717,-0.93181,-0.47,0.83,0.21,-0.51107,0.28307,0.1729,-0.79296,-0.49,0.81,0.22,-0.51107,0.28307,0.1729,-0.79296,-0.6,0.8,0.21
11,-0.64,0.81,0.14,0.21319,-0.07618,-0.13485,-0.96466,-0.65,0.79,0.08,0.21319,-0.07618,-0.13485,-0.96466,-0.61,0.79,0.11,0.34824,-0.24761,0.51178,-0.74531,-0.59,0.8,0.13,0.11145,-0.07973,0.48562,-0.86337,-0.58,0.81,0.16,-0.04747,-0.03032,0.56212,-0.82514,-0.58,0.8,0.19,-0.04747,-0.03032,0.56212,-0.82514,-0.63,0.8,0.11,0.21319,-0.07618,-0.13485,-0.96466,-0.62,0.83,0.16,0.0156,-0.09066,-0.08345,-0.99226,-0.61,0.83,0.2,-0.19535,-0.10491,-0.08873,-0.97106,-0.6,0.82,0.22,-0.31077,-0.08792,-0.08763,-0.94234,-0.6,0.81,0.24,-0.31077,-0.08792,-0.08763,-0.94234,-0.64,0.79,0.11,0.21319,-0.07618,-0.13485,-0.96466,-0.64,0.83,0.16,0.09585,0.00236,-0.1603,-0.9824,-0.64,0.83,0.21,-0.29101,-0.0613,-0.16135,-0.94102,-0.64,0.82,0.23,-0.46488,-0.07984,-0.20652,-0.85724,-0.63,0.8,0.24,-0.46488,-0.07984,-0.20652,-0.85724,-0.66,0.79,0.11,0.21319,-0.07618,-0.13485,-0.96466,-0.66,0.81,0.16,0.15418,0.02153,-0.20589,-0.96611,-0.66,0.83,0.2,-0.26906,-0.08579,-0.23312,-0.93054,-0.65,0.81,0.22,-0.46618,-0.15957,-0.22966,-0.83933,-0.64,0.8,0.24,-0.46618,-0.15957,-0.22966,-0.83933,-0.67,0.79,0.12,0.15401,0.01503,-0.35879,-0.9205,-0.67,0.8,0.16,0.13525,-0.00666,-0.26908,-0.95355,-0.67,0.81,0.19,-0.18659,-0.07518,-0.3176,-0.92664,-0.67,0.8,0.21,-0.30463,-0.16602,-0.31069,-0.88494,-0.66,0.79,0.23,-0.30463,-0.16602,-0.31069,-0.88494,-0.49,0.82,0.14,0.31201,0.19146,0.08878,-0.92634,-0.47,0.78,0.09,0.31201,0.19146,0.08878,-0.92634,-0.51,0.79,0.11,0.47143,0.20414,-0.55003,-0.65845,-0.54,0.8,0.13,0.30172,0.06815,-0.50506,-0.80575,-0.55,0.82,0.16,0.25288,0.07506,-0.58751,-0.76501,-0.56,0.83,0.18,0.25288,0.07506,-0.58751,-0.76501,-0.5,0.8,0.11,0.31201,0.19146,0.08878,-0.92634,-0.52,0.84,0.15,0.09226,0.26977,-0.03804,-0.95774,-0.54,0.84,0.18,-0.24283,0.24535,-0.10186,-0.93299,-0.55,0.83,0.2,-0.38518,0.20089,-0.12811,-0.89156,-0.56,0.81,0.22,-0.38518,0.20089,-0.12811,-0.89156,-0.49,0.8,0.12,0.31201,0.19146,0.08878,-0.92634,-0.5,0.84,0.16,0.02947,0.21629,0.03336,-0.97531,-0.52,0.84,0.2,-0.34364,0.21345,-0.03824,-0.91372,-0.53,0.82,0.22,-0.53305,0.18706,-0.0204,-0.8249,-0.54,0.8,0.23,-0.53305,0.18706,-0.0204,-0.8249,-0.47,0.8,0.12,0.31201,0.19146,0.08878,-0.92634,-0.48,0.83,0.16,0.11411,0.16444,0.12791,-0.97138,-0.49,0.84,0.2,-0.34256,0.22117,0.07833,-0.90973,-0.51,0.82,0.22,-0.59146,0.25481,0.03769,-0.76409,-0.52,0.8,0.22,-0.59146,0.25481,0.03769,-0.76409,-0.46,0.79,0.13,0.23298,0.12155,0.31802,-0.91094,-0.47,0.82,0.17,0.28455,0.06286,0.23945,-0.92614,-0.47,0.83,0.19,-0.24488,0.18471,0.24891,-0.91867,-0.47,0.83,0.21,-0.52651,0.30002,0.18192,-0.77439,-0.49,0.81,0.22,-0.52651,0.30002,0.18192,-0.77439,-0.6,0.8,0.21
12,-0.64,0.81,0.14,0.20468,-0.07994,-0.13847,-0.96568,-0.65,0.79,0.08,0.20468,-0.07994,-0.13847,-0.96568,-0.61,0.79,0.11,0.34723,-0.25575,0.50444,-0.74804,-0.59,0.8,0.13,0.10857,-0.08937,0.4809,-0.86542,-0.58,0.8,0.16,-0.0458,-0.0435,0.55921,-0.82661,-0.58,0.8,0.19,-0.0458,-0.0435,0.55921,-0.82661,-0.63,0.8,0.11,0.20468,-0.07994,-0.13847,-0.96568,-0.62,0.82,0.16,0.00358,-0.12088,-0.07569,-0.98977,-0.61,0.83,0.2,-0.19321,-0.1314,-0.07667,-0.96929,-0.6,0.82,0.22,-0.3011,-0.11226,-0.07366,-0.94409,-0.6,0.81,0.24,-0.3011,-0.11226,-0.07366,-0.94409,-0.64,0.79,0.11,0.20468,-0.07994,-0.13847,-0.96568,-0.64,0.82,0.17,0.10905,-0.00232,-0.16175,-0.98079,-0.64,0.83,0.21,-0.28334,-0.0672,-0.16051,-0.9431,-0.63,0.82,0.23,-0.47105,-0.08833,-0.2046,-0.85349,-0.63,0.8,0.24,-0.47105,-0.08833,-0.2046,-0.85349,-0.66,0.79,0.12,0.20468,-0.07994,-0.13847,-0.96568,-0.66,0.81,0.16,0.17071,0.02499,-0.20822,-0.96274,-0.66,0.83,0.2,-0.26562,-0.08753,-0.23545,-0.93078,-0.65,0.81,0.22,-0.47922,-0.1656,-0.22952,-0.83081,-0.64,0.8,0.24,-0.47922,-0.1656,-0.22952,-0.83081,-0.67,0.79,0.12,0.14447,0.01323,-0.36124,-0.92112,-0.67,0.8,0.16,0.14625,0.00854,-0.27228,-0.951,-0.67,0.81,0.19,-0.18819,-0.06732,-0.32529,-0.92425,-0.67,0.8,0.21,-0.32844,-0.16712,-0.31635,-0.87414,-0.66,0.79,0.23,-0.32844,-0.16712,-0.31635,-0.87414,-0.49,0.82,0.14,0.29162,0.18759,0.10734,-0.9318,-0.47,0.78,0.09,0.29162,0.18759,0.10734,-0.9318,-0.51,0.79,0.11,0.44104,0.23183,-0.55273,-0.66801,-0.54,0.8,0.13,0.26239,0.08759,-0.51616,-0.81059,-0.55,0.81,0.16,0.21743,0.0997,-0.59712,-0.76566,-0.56,0.82,0.18,0.21743,0.0997,-0.59712,-0.76566,-0.5,0.8,0.11,0.29162,0.18759,0.10734,-0.9318,-0.52,0.83,0.16,0.13713,0.28248,-0.00203,-0.94942,-0.54,0.84,0.19,-0.10924,0.27616,-0.04671,-0.95374,-0.55,0.84,0.21,-0.2021,0.24533,-0.05911,-0.9463,-0.56,0.83,0.22,-0.2021,0.24533,-0.05911,-0.9463,-0.49,0.8,0.12,0.29162,0.18759,0.10734,-0.9318,-0.5,0.84,0.16,-0.01431,0.2269,0.0417,-0.97292,-0.52,0.84,0.2,-0.38004,0.22598,-0.0337,-0.89631,-0.53,0.82,0.22,-0.55904,0.19843,-0.01826,-0.80484,-0.54,0.79,0.23,-0.55904,0.19843,-0.01826,-0.80484,-0.47,0.8,0.12,0.29162,0.18759,0.10734,-0.9318,-0.48,0.83,0.17,0.03931,0.17304,0.13476,-0.97486,-0.49,0.83,0.2,-0.41839,0.22947,0.07988,-0.87516,-0.51,0.81,0.22,-0.65532,0.26081,0.03807,-0.70787,-0.52,0.79,0.22,-0.65532,0.26081,0.03807,-0.70787,-0.46,0.79,0.13,0.21133,0.11316,0.33432,-0.91146,-0.47,0.81,0.17,0.22222,0.06397,0.2546,-0.93899,-0.47,0.83,0.2,-0.3627,0.20396,0.25116,-0.87394,-0.48,0.82,0.21,-0.63316,0.31941,0.17864,-0.68204,-0.49,0.8,0.21,-0.63316,0.31941,0.17864,-0.68204,-0.6,0.8,0.21
13,-0.64,0.81,0.14,0.18317,-0.07608,-0.13693,-0.97052,-0.65,0.79,0.08,0.18317,-0.07608,-0.13693,-0.97052,-0.61,0.79,0.11,0.3304,-0.26682,0.50006,-0.75471,-0.59,0.8,0.13,0.09286,-0.10146,0.47958,-0.86665,-0.58,0.8,0.16,-0.05278,-0.06207,0.55928,-0.82496,-0.58,0.8,0.19,-0.05278,-0.06207,0.55928,-0.82496,-0.63,0.8,0.11,0.18317,-0.07608,-0.13693,-0.97052,-0.62,0.82,0.16,-0.02514,-0.13271,-0.06869,-0.98845,-0.61,0.82,0.2,-0.21727,-0.14058,-0.06802,-0.96354,-0.6,0.81,0.22,-0.32465,-0.1202,-0.06334,-0.93602,-0.59,0.8,0.24,-0.32465,-0.1202,-0.06334,-0.93602,-0.64,0.79,0.11,0.18317,-0.07608,-0.13693,-0.97052,-0.64,0.82,0.17,0.11197,-0.0018,-0.1571,-0.98121,-0.64,0.83,0.21,-0.2747,-0.06393,-0.15685,-0.94649,-0.63,0.82,0.23,-0.46554,-0.08541,-0.20181,-0.85746,-0.63,0.8,0.25,-0.46554,-0.08541,-0.20181,-0.85746,-0.66,0.79,0.12,0.18317,-0.07608,-0.13693,-0.97052,-0.66,0.81,0.17,0.17778,0.0327,-0.20335,-0.96228,-0.66,0.82,0.2,-0.25638,-0.07816,-0.23451,-0.93443,-0.65,0.81,0.22,-0.47574,-0.15763,-0.23016,-0.83418,-0.64,0.79,0.24,-0.47574,-0.15763,-0.23016,-0.83418,-0.67,0.78,0.12,0.12458,0.02213,-0.3578,-0.92519,-0.67,0.79,0.16,0.1481,0.02686,-0.26767,-0.95168,-0.68,0.8,0.19,-0.18922,-0.05,-0.32717,-0.92448,-0.67,0.8,0.21,-0.34421,-0.15555,-0.31932,-0.86911,-0.66,0.79,0.23,-0.34421,-0.15555,-0.31932,-0.86911,-0.5,0.82,0.14,0.26471,0.20042,0.12588,-0.93483,-0.47,0.78,0.09,0.26471,0.20042,0.12588,-0.93483,-0.51,0.79,0.11,0.44576,0.29092,-0.51358,-0.67298,-0.54,0.8,0.13,0.26559,0.15869,-0.4911,-0.81431,-0.56,0.81,0.15,0.2433,0.18204,-0.57225,-0.76171,-0.57,0.82,0.17,0.2433,0.18204,-0.57225,-0.76171,-0.5,0.8,0.11,0.26471,0.20042,0.12588,-0.93483,-0.52,0.83,0.16,0.19331,0.28593,0.04916,-0.93726,-0.54,0.85,0.19,0.02471,0.29255,0.02543,-0.95559,-0.56,0.85,0.21,-0.00818,0.26902,0.03351,-0.96252,-0.57,0.85,0.23,-0.00818,0.26902,0.03351,-0.96252,-0.49,0.8,0.12,0.26471,0.20042,0.12588,-0.93483,-0.5,0.83,0.16,0.00642,0.2228,0.07899,-0.97164,-0.52,0.84,0.2,-0.45877,0.2351,-0.02378,-0.85656,-0.53,0.81,0.22,-0.69323,0.19697,-0.02344,-0.69288,-0.54,0.79,0.22,-0.69323,0.19697,-0.02344,-0.69288,-0.47,0.8,0.13,0.26471,0.20042,0.12588,-0.93483,-0.49,0.82,0.17,0.00996,0.1806,0.15197,-0.97169,-0.5,0.83,0.21,-0.57172,0.25263,0.05607,-0.77857,-0.51,0.8,0.21,-0.83041,0.26431,-0.01139,-0.49034,-0.52,0.78,0.2,-0.83041,0.26431,-0.01139,-0.49034,-0.46,0.79,0.13,0.17997,0.11993,0.34889,-0.91187,-0.47,0.81,0.17,0.13294,0.09863,0.26412,-0.95018,-0.47,0.82,0.2,-0.50735,0.24614,0.2237,-0.79496,-0.48,0.81,0.21,-0.77466,0.35191,0.1257,-0.51016,-0.5,0.79,0.2,-0.77466,0.35191,0.1257,-0.51016,-0.6,0.8,0.21
14,-0.64,0.8,0.14,0.13889,-0.06072,-0.1204,-0.98109,-0.65,0.79,0.08,0.13889,-0.06072,-0.1204,-0.98109,-0.61,0.79,0.11,0.30405,-0.2759,0.4859,-0.77158,-0.59,0.8,0.13,0.08535,-0.1244,0.46365,-0.87308,-0.58,0.8,0.16,-0.04405,-0.09749,0.54677,-0.83042,-0.58,0.79,0.19,-0.04405,-0.09749,0.54677,-0.83042,-0.63,0.79,0.11,0.13889,-0.06072,-0.1204,-0.98109,-0.62,0.81,0.17,-0.0697,-0.1335,-0.05171,-0.98724,-0.61,0.81,0.2,-0.25073,-0.13639,-0.05253,-0.95696,-0.6,0.8,0.22,-0.35753,-0.11399,-0.04738,-0.92571,-0.59,0.78,0.24,-0.35753,-0.11399,-0.04738,-0.92571,-0.64,0.79,0.11,0.13889,-0.06072,-0.1204,-0.98109,-0.64,0.81,0.17,0.093,0.00354,-0.1357,-0.98637,-0.64,0.82,0.21,-0.22179,-0.03987,-0.1425,-0.9638,-0.64,0.81,0.24,-0.38891,-0.05779,-0.19258,-0.89907,-0.63,0.79,0.25,-0.38891,-0.05779,-0.19258,-0.89907,-0.66,0.79,0.12,0.13889,-0.06072,-0.1204,-0.98109,-0.66,0.8,0.17,0.17084,0.04404,-0.18021,-0.96768,-0.66,0.81,0.2,-0.19962,-0.04286,-0.22097,-0.95367,-0.66,0.81,0.23,-0.40748,-0.11764,-0.22559,-0.87706,-0.65,0.79,0.24,-0.40748,-0.11764,-0.22559,-0.87706,-0.67,0.78,0.12,0.08702,0.04795,-0.33805,-0.93587,-0.67,0.79,0.16,0.14717,0.06244,-0.24291,-0.95678,-0.68,0.8,0.19,-0.17564,-0.00368,-0.31582,-0.93241,-0.68,0.79,0.21,-0.33178,-0.10792,-0.31636,-0.88215,-0.67,0.78,0.23,-0.33178,-0.10792,-0.31636,-0.88215,-0.49,0.81,0.15,0.30219,0.19287,0.11792,-0.92605,-0.47,0.78,0.1,0.30219,0.19287,0.11792,-0.92605,-0.51,0.79,0.12,0.48736,0.30283,-0.49801,-0.65019,-0.54,0.8,0.13,0.31637,0.18275,-0.47686,-0.79945,-0.56,0.81,0.15,0.25928,0.17476,-0.5661,-0.76274,-0.57,0.82,0.17,0.25928,0.17476,-0.5661,-0.76274,-0.5,0.79,0.12,0.30219,0.19287,0.11792,-0.92605,-0.52,0.83,0.16,0.29404,0.22239,0.0762,-0.92643,-0.53,0.85,0.19,0.10792,0.2384,0.05793,-0.96341,-0.54,0.86,0.21,0.04005,0.21934,0.06121,-0.9729,-0.55,0.86,0.23,0.04005,0.21934,0.06121,-0.9729,-0.48,0.79,0.12,0.30219,0.19287,0.11792,-0.92605,-0.5,0.83,0.17,0.21716,0.14881,0.12995,-0.95593,-0.51,0.85,0.2,-0.20707,0.19321,0.06743,-0.95668,-0.52,0.84,0.23,-0.46907,0.20033,0.08047,-0.85637,-0.53,0.82,0.24,-0.46907,0.20033,0.08047,-0.85637,-0.47,0.79,0.13,0.30219,0.19287,0.11792,-0.92605,-0.48,0.82,0.17,0.18977,0.12009,0.18429,-0.95687,-0.49,0.84,0.21,-0.36895,0.22456,0.12493,-0.89322,-0.5,0.82,0.22,-0.67805,0.2726,0.06174,-0.6798,-0.51,0.8,0.22,-0.67805,0.2726,0.06174,-0.6798,-0.46,0.79,0.14,0.21909,0.12147,0.34476,-0.90465,-0.46,0.81,0.18,0.24585,0.07531,0.26477,-0.9294,-0.46,0.83,0.2,-0.37145,0.22966,0.24566,-0.86541,-0.48,0.81,0.21,-0.67215,0.34754,0.14914,-0.63654,-0.49,0.8,0.21,-0.67215,0.34754,0.14914,-0.63654,-0.6,0.8,0.21
15,-0.64,0.8,0.14,0.1577,-0.05715,-0.12928,-0.97732,-0.65,0.79,0.08,0.1577,-0.05715,-0.12928,-0.97732,-0.61,0.79,0.11,0.3206,-0.25673,0.4823,-0.77375,-0.59,0.8,0.13,0.10985,-0.11235,0.45263,-0.87775,-0.58,0.8,0.16,-0.01971,-0.08612,0.53584,-0.83969,-0.58,0.8,0.19,-0.01971,-0.08612,0.53584,-0.83969,-0.63,0.8,0.11,0.1577,-0.05715,-0.12928,-0.97732,-0.62,0.82,0.17,-0.04877,-0.13308,-0.05968,-0.9881,-0.61,0.81,0.2,-0.2415,-0.13867,-0.05888,-0.95864,-0.6,0.8,0.22,-0.35843,-0.11771,-0.05225,-0.92463,-0.6,0.79,0.24,-0.35843,-0.11771,-0.05225,-0.92463,-0.64,0.79,0.11,0.1577,-0.05715,-0.12928,-0.97732,-0.64,0.82,0.17,0.10136,-0.00537,-0.14442,-0.9843,-0.64,0.82,0.21,-0.2257,-0.05307,-0.14732,-0.96153,-0.64,0.81,0.24,-0.39541,-0.07175,-0.19492,-0.89471,-0.63,0.8,0.25,-0.39541,-0.07175,-0.19492,-0.89471,-0.66,0.79,0.12,0.1577,-0.05715,-0.12928,-0.97732,-0.66,0.81,0.17,0.17838,0.03454,-0.1906,-0.96471,-0.66,0.82,0.2,-0.20077,-0.05791,-0.22653,-0.95133,-0.66,0.81,0.23,-0.40897,-0.13365,-0.22746,-0.87358,-0.65,0.79,0.24,-0.40897,-0.13365,-0.22746,-0.87358,-0.67,0.78,0.12,0.10478,0.04682,-0.34857,-0.93023,-0.67,0.79,0.16,0.15844,0.05987,-0.2544,-0.95215,-0.68,0.8,0.19,-0.1655,-0.01123,-0.32587,-0.93075,-0.68,0.79,0.21,-0.32823,-0.11962,-0.32368,-0.87931,-0.67,0.78,0.23,-0.32823,-0.11962,-0.32368,-0.87931,-0.49,0.81,0.14,0.29548,0.20329,0.1155,-0.9263,-0.47,0.78,0.1,0.29548,0.20329,0.1155,-0.9263,-0.51,0.79,0.11,0.48853,0.30958,-0.49486,-0.64854,-0.54,0.8,0.12,0.31377,0.18803,-0.47656,-0.79943,-0.56,0.81,0.15,0.2374,0.16641,-0.5687,-0.76976,-0.57,0.81,0.17,0.2374,0.16641,-0.5687,-0.76976,-0.5,0.79,0.12,0.29548,0.20329,0.1155,-0.9263,-0.52,0.83,0.16,0.27967,0.21882,0.07624,-0.93171,-0.54,0.85,0.19,0.05571,0.23659,0.0496,-0.96874,-0.55,0.85,0.21,-0.04629,0.21769,0.04345,-0.97395,-0.56,0.85,0.23,-0.04629,0.21769,0.04345,-0.97395,-0.49,0.79,0.12,0.29548,0.20329,0.1155,-0.9263,-0.5,0.83,0.17,0.1859,0.15592,0.12446,-0.9621,-0.51,0.85,0.2,-0.1433,0.19016,0.0785,-0.96806,-0.52,0.84,0.23,-0.31122,0.19811,0.1042,-0.9236,-0.53,0.83,0.25,-0.31122,0.19811,0.1042,-0.9236,-0.47,0.79,0.13,0.29548,0.20329,0.1155,-0.9263,-0.48,0.82,0.17,0.15363,0.12938,0.17815,-0.96329,-0.49,0.84,0.21,-0.30627,0.21483,0.13713,-0.91719,-0.5,0.82,0.23,-0.55249,0.26624,0.09602,-0.78399,-0.52,0.8,0.23,-0.55249,0.26624,0.09602,-0.78399,-0.46,0.79,0.14,0.21078,0.13008,0.34133,-0.90672,-0.47,0.81,0.18,0.23308,0.07754,0.26265,-0.9331,-0.47,0.82,0.2,-0.332,0.21537,0.2536,-0.88265,-0.48,0.81,0.22,-0.57847,0.32516,0.18725,-0.72428,-0.49,0.8,0.22,-0.57847,0.32516,0.18725,-0.72428,-0.6,0.8,0.21
16,-0.64,0.81,0.14,0.21678,-0.05177,-0.14357,-0.96422,-0.65,0.79,0.08,0.21678,-0.05177,-0.14357,-0.96422,-0.62,0.8,0.11,0.3587,-0.21633,0.49094,-0.76388,-0.59,0.81,0.13,0.15164,-0.07424,0.44969,-0.87708,-0.58,0.81,0.16,0.00919,-0.03961,0.52963,-0.84725,-0.58,0.81,0.19,0.00919,-0.03961,0.52963,-0.84725,-0.63,0.8,0.11,0.21678,-0.05177,-0.14357,-0.96422,-0.62,0.83,0.16,0.00047,-0.12784,-0.07027,-0.9893,-0.61,0.83,0.2,-0.25345,-0.14102,-0.06161,-0.95503,-0.61,0.82,0.22,-0.39552,-0.12194,-0.05039,-0.90893,-0.6,0.8,0.24,-0.39552,-0.12194,-0.05039,-0.90893,-0.64,0.8,0.11,0.21678,-0.05177,-0.14357,-0.96422,-0.64,0.83,0.16,0.12592,-0.01299,-0.1607,-0.97885,-0.65,0.84,0.21,-0.25297,-0.0745,-0.15644,-0.95183,-0.64,0.82,0.23,-0.44477,-0.09682,-0.19942,-0.86778,-0.63,0.81,0.25,-0.44477,-0.09682,-0.19942,-0.86778,-0.66,0.79,0.11,0.21678,-0.05177,-0.14357,-0.96422,-0.66,0.82,0.16,0.19232,0.02193,-0.20995,-0.95836,-0.67,0.83,0.2,-0.23048,-0.08845,-0.23625,-0.93981,-0.66,0.82,0.22,-0.45363,-0.16894,-0.22841,-0.8447,-0.65,0.8,0.24,-0.45363,-0.16894,-0.22841,-0.8447,-0.67,0.79,0.12,0.16133,0.0377,-0.36808,-0.91491,-0.68,0.8,0.16,0.19503,0.04615,-0.27646,-0.93989,-0.68,0.81,0.19,-0.14915,-0.04156,-0.34245,-0.92669,-0.68,0.81,0.21,-0.32553,-0.15775,-0.33127,-0.87144,-0.67,0.8,0.22,-0.32553,-0.15775,-0.33127,-0.87144,-0.5,0.81,0.15,0.28458,0.2134,0.09411,-0.92985,-0.47,0.77,0.1,0.28458,0.2134,0.09411,-0.92985,-0.51,0.78,0.12,0.4801,0.31567,-0.50728,-0.64228,-0.54,0.79,0.13,0.30022,0.18592,-0.49311,-0.79508,-0.56,0.8,0.15,0.21866,0.16052,-0.58446,-0.76474,-0.57,0.81,0.17,0.21866,0.16052,-0.58446,-0.76474,-0.5,0.79,0.12,0.28458,0.2134,0.09411,-0.92985,-0.53,0.82,0.16,0.21106,0.22199,0.04219,-0.951,-0.54,0.84,0.19,-0.05486,0.23062,0.00675,-0.97147,-0.55,0.84,0.21,-0.1746,0.20555,-0.00574,-0.96293,-0.56,0.83,0.23,-0.1746,0.20555,-0.00574,-0.96293,-0.49,0.79,0.12,0.28458,0.2134,0.09411,-0.92985,-0.5,0.83,0.17,0.12881,0.16563,0.09422,-0.97319,-0.52,0.84,0.21,-0.22151,0.18959,0.04285,-0.95559,-0.53,0.83,0.23,-0.38586,0.18695,0.06903,-0.90078,-0.54,0.81,0.25,-0.38586,0.18695,0.06903,-0.90078,-0.47,0.79,0.13,0.28458,0.2134,0.09411,-0.92985,-0.49,0.82,0.17,0.09361,0.14199,0.1478,-0.97428,-0.5,0.83,0.21,-0.36629,0.20992,0.10546,-0.90036,-0.51,0.81,0.23,-0.59533,0.2507,0.07121,-0.76004,-0.52,0.79,0.23,-0.59533,0.2507,0.07121,-0.76004,-0.46,0.79,0.14,0.20107,0.13673,0.31964,-0.91581,-0.47,0.81,0.18,0.17995,0.09233,0.23901,-0.94972,-0.47,0.82,0.2,-0.36981,0.20615,0.22955,-0.87638,-0.48,0.81,0.22,-0.59561,0.30512,0.17581,-0.72197,-0.5,0.79,0.22,-0.59561,0.30512,0.17581,-0.72197,-0.6,0.8,0.21
17,-0.64,0.81,0.14,0.2331,-0.05789,-0.12558,-0.96257,-0.65,0.79,0.08,0.2331,-0.05789,-0.12558,-0.96257,-0.62,0.79,0.11,0.36109,-0.21838,0.51505,-0.74609,-0.59,0.8,0.13,0.15948,-0.07096,0.47473,-0.86265,-0.58,0.81,0.16,0.01343,-0.02883,0.5529,-0.83264,-0.58,0.81,0.19,0.01343,-0.02883,0.5529,-0.83264,-0.63,0.8,0.11,0.2331,-0.05789,-0.12558,-0.96257,-0.62,0.83,0.16,0.01643,-0.12847,-0.05079,-0.99028,-0.61,0.83,0.2,-0.24646,-0.13747,-0.04145,-0.95846,-0.6,0.82,0.22,-0.39226,-0.11565,-0.03066,-0.91204,-0.6,0.8,0.23,-0.39226,-0.11565,-0.03066,-0.91204,-0.64,0.8,0.11,0.2331,-0.05789,-0.12558,-0.96257,-0.64,0.83,0.16,0.13061,-0.01834,-0.14323,-0.98086,-0.64,0.84,0.2,-0.25526,-0.07376,-0.13784,-0.95415,-0.64,0.83,0.23,-0.4506,-0.09265,-0.18154,-0.86915,-0.63,0.81,0.24,-0.4506,-0.09265,-0.18154,-0.86915,-0.66,0.79,0.11,0.2331,-0.05789,-0.12558,-0.96257,-0.66,0.82,0.16,0.17338,0.01134,-0.19425,-0.96544,-0.66,0.83,0.2,-0.2589,-0.09238,-0.21748,-0.93656,-0.66,0.82,0.22,-0.48628,-0.16856,-0.2094,-0.83143,-0.65,0.8,0.23,-0.48628,-0.16856,-0.2094,-0.83143,-0.67,0.79,0.12,0.17842,0.02849,-0.35251,-0.9182,-0.68,0.8,0.16,0.19366,0.0375,-0.26285,-0.94445,-0.68,0.81,0.19,-0.17655,-0.05304,-0.32681,-0.92694,-0.68,0.81,0.21,-0.35638,-0.16682,-0.31439,-0.8639,-0.67,0.8,0.22,-0.35638,-0.16682,-0.31439,-0.8639,-0.49,0.81,0.14,0.33138,0.20407,0.11839,-0.91352,-0.47,0.77,0.1,0.33138,0.20407,0.11839,-0.91352,-0.51,0.79,0.12,0.51239,0.27228,-0.50293,-0.64061,-0.54,0.8,0.13,0.33456,0.14758,-0.47681,-0.79934,-0.56,0.81,0.15,0.24706,0.11921,-0.5674,-0.77641,-0.57,0.82,0.17,0.24706,0.11921,-0.5674,-0.77641,-0.5,0.79,0.12,0.33138,0.20407,0.11839,-0.91352,-0.52,0.83,0.16,0.235,0.21457,0.06091,-0.94606,-0.53,0.85,0.19,-0.05353,0.22964,0.0211,-0.97157,-0.55,0.85,0.21,-0.18303,0.20642,0.00643,-0.96117,-0.55,0.84,0.23,-0.18303,0.20642,0.00643,-0.96117,-0.49,0.79,0.12,0.33138,0.20407,0.11839,-0.91352,-0.5,0.84,0.16,0.16214,0.16457,0.11968,-0.96556,-0.51,0.85,0.2,-0.21533,0.19977,0.06129,-0.95392,-0.52,0.84,0.22,-0.39411,0.20107,0.08362,-0.89289,-0.53,0.82,0.24,-0.39411,0.20107,0.08362,-0.89289,-0.47,0.79,0.13,0.33138,0.20407,0.11839,-0.91352,-0.48,0.83,0.17,0.13286,0.14395,0.17568,-0.96476,-0.49,0.84,0.21,-0.33386,0.22684,0.12684,-0.90609,-0.5,0.82,0.22,-0.57123,0.27378,0.08477,-0.76913,-0.52,0.8,0.23,-0.57123,0.27378,0.08477,-0.76913,-0.46,0.79,0.14,0.2452,0.14012,0.34651,-0.89452,-0.47,0.81,0.17,0.21164,0.0976,0.26827,-0.93473,-0.47,0.83,0.2,-0.3321,0.22801,0.25139,-0.88007,-0.48,0.82,0.21,-0.56252,0.33308,0.18743,-0.73315,-0.49,0.8,0.22,-0.56252,0.33308,0.18743,-0.73315,-0.6,0.8,0.21
18,-0.64,0.81,0.14,0.23642,-0.05421,-0.10363,-0.96459,-0.65,0.78,0.08,0.23642,-0.05421,-0.10363,-0.96459,-0.62,0.79,0.11,0.34809,-0.22136,0.53979,-0.7338,-0.59,0.8,0.13,0.15654,-0.07023,0.50006,-0.84883,-0.58,0.81,0.16,0.01507,-0.02661,0.57672,-0.81637,-0.58,0.81,0.19,0.01507,-0.02661,0.57672,-0.81637,-0.63,0.8,0.11,0.23642,-0.05421,-0.10363,-0.96459,-0.62,0.83,0.16,0.0389,-0.09864,-0.0421,-0.99347,-0.61,0.83,0.2,-0.20412,-0.1061,-0.04327,-0.97222,-0.61,0.82,0.22,-0.337,-0.08458,-0.04013,-0.93684,-0.6,0.81,0.24,-0.337,-0.08458,-0.04013,-0.93684,-0.64,0.79,0.11,0.23642,-0.05421,-0.10363,-0.96459,-0.64,0.83,0.16,0.09823,-0.01247,-0.12275,-0.98749,-0.64,0.84,0.2,-0.26047,-0.0566,-0.12287,-0.95596,-0.64,0.82,0.23,-0.41895,-0.06727,-0.16999,-0.88941,-0.63,0.81,0.24,-0.41895,-0.06727,-0.16999,-0.88941,-0.66,0.79,0.11,0.23642,-0.05421,-0.10363,-0.96459,-0.66,0.82,0.16,0.09721,0.00577,-0.17432,-0.97986,-0.66,0.82,0.2,-0.30201,-0.07911,-0.20077,-0.92856,-0.66,0.81,0.22,-0.50296,-0.14604,-0.2002,-0.82802,-0.65,0.79,0.23,-0.50296,-0.14604,-0.2002,-0.82802,-0.67,0.79,0.11,0.18543,0.03205,-0.33221,-0.92424,-0.68,0.8,0.16,0.15575,0.02828,-0.2455,-0.95639,-0.68,0.81,0.19,-0.20807,-0.04958,-0.30727,-0.92727,-0.68,0.8,0.2,-0.35628,-0.14897,-0.30178,-0.87166,-0.67,0.79,0.22,-0.35628,-0.14897,-0.30178,-0.87166,-0.49,0.81,0.14,0.32709,0.23078,0.14012,-0.9056,-0.47,0.77,0.1,0.32709,0.23078,0.14012,-0.9056,-0.51,0.79,0.11,0.52421,0.28531,-0.48595,-0.63847,-0.54,0.8,0.12,0.33399,0.15888,-0.46626,-0.80362,-0.56,0.81,0.15,0.24362,0.12894,-0.55858,-0.78231,-0.57,0.82,0.17,0.24362,0.12894,-0.55858,-0.78231,-0.5,0.79,0.12,0.32709,0.23078,0.14012,-0.9056,-0.52,0.83,0.15,0.17098,0.2425,0.06464,-0.95278,-0.54,0.85,0.18,-0.19635,0.25631,-0.00454,-0.94643,-0.55,0.84,0.2,-0.3527,0.2269,-0.0348,-0.90714,-0.56,0.82,0.22,-0.3527,0.2269,-0.0348,-0.90714,-0.49,0.79,0.12,0.32709,0.23078,0.14012,-0.9056,-0.5,0.83,0.16,0.13396,0.20568,0.12711,-0.96104,-0.52,0.85,0.2,-0.24018,0.24028,0.05266,-0.93904,-0.53,0.84,0.22,-0.41292,0.23753,0.06809,-0.87661,-0.54,0.82,0.23,-0.41292,0.23753,0.06809,-0.87661,-0.47,0.79,0.13,0.32709,0.23078,0.14012,-0.9056,-0.49,0.83,0.17,0.11809,0.18445,0.18528,-0.95797,-0.5,0.84,0.2,-0.34109,0.26591,0.1176,-0.89393,-0.51,0.82,0.22,-0.5695,0.30809,0.06712,-0.75911,-0.53,0.8,0.23,-0.5695,0.30809,0.06712,-0.75911,-0.46,0.79,0.14,0.23261,0.1666,0.36481,-0.88603,-0.47,0.81,0.17,0.20502,0.13133,0.28433,-0.9273,-0.47,0.83,0.2,-0.33964,0.26535,0.24546,-0.86832,-0.49,0.82,0.21,-0.56781,0.36673,0.17062,-0.71693,-0.5,0.8,0.22,-0.56781,0.36673,0.17062,-0.71693,-0.6,0.8,0.21
19,-0.64,0.81,0.14,0.24753,-0.04897,-0.11029,-0.96133,-0.65,0.78,0.08,0.24753,-0.04897,-0.11029,-0.96133,-0.62,0.79,0.11,0.34908,-0.21232,0.54283,-0.73375,-0.59,0.8,0.13,0.15704,-0.06002,0.50084,-0.84905,-0.59,0.81,0.16,0.01626,-0.0175,0.57618,-0.81697,-0.58,0.81,0.19,0.01626,-0.0175,0.57618,-0.81697,-0.63,0.8,0.11,0.24753,-0.04897,-0.11029,-0.96133,-0.62,0.83,0.16,0.05029,-0.08107,-0.05521,-0.99391,-0.62,0.83,0.2,-0.19532,-0.09267,-0.05999,-0.97451,-0.61,0.82,0.22,-0.32723,-0.07355,-0.05891,-0.94023,-0.61,0.81,0.24,-0.32723,-0.07355,-0.05891,-0.94023,-0.64,0.79,0.11,0.24753,-0.04897,-0.11029,-0.96133,-0.64,0.83,0.16,0.08515,-0.00944,-0.13112,-0.98766,-0.64,0.84,0.2,-0.26066,-0.05493,-0.13245,-0.95472,-0.64,0.82,0.23,-0.40309,-0.06478,-0.17926,-0.89509,-0.63,0.81,0.24,-0.40309,-0.06478,-0.17926,-0.89509,-0.66,0.79,0.11,0.24753,-0.04897,-0.11029,-0.96133,-0.66,0.82,0.16,0.07777,0.0037,-0.18237,-0.98014,-0.66,0.82,0.2,-0.29918,-0.07894,-0.20889,-0.9277,-0.66,0.81,0.22,-0.48361,-0.14448,-0.20962,-0.83744,-0.65,0.79,0.23,-0.48361,-0.14448,-0.20962,-0.83744,-0.67,0.79,0.11,0.1964,0.03424,-0.33964,-0.91918,-0.68,0.8,0.16,0.1518,0.02354,-0.25373,-0.955,-0.68,0.81,0.19,-0.20018,-0.05295,-0.31316,-0.92685,-0.68,0.81,0.2,-0.32532,-0.14575,-0.30941,-0.88158,-0.67,0.8,0.22,-0.32532,-0.14575,-0.30941,-0.88158,-0.5,0.81,0.15,0.29706,0.22977,0.1206,-0.91892,-0.47,0.77,0.1,0.29706,0.22977,0.1206,-0.91892,-0.51,0.78,0.12,0.49111,0.30628,-0.50428,-0.64086,-0.54,0.79,0.13,0.29416,0.16713,-0.49257,-0.80182,-0.56,0.8,0.15,0.20041,0.13543,-0.5835,-0.77526,-0.57,0.81,0.17,0.20041,0.13543,-0.5835,-0.77526,-0.5,0.79,0.12,0.29706,0.22977,0.1206,-0.91892,-0.52,0.82,0.16,0.09349,0.23093,0.03798,-0.96772,-0.54,0.83,0.19,-0.31854,0.23237,-0.03589,-0.91829,-0.55,0.82,0.21,-0.48801,0.19534,-0.07026,-0.84779,-0.56,0.8,0.22,-0.48801,0.19534,-0.07026,-0.84779,-0.49,0.79,0.12,0.29706,0.22977,0.1206,-0.91892,-0.5,0.83,0.17,0.06598,0.20656,0.09704,-0.97137,-0.52,0.83,0.21,-0.31759,0.22917,0.02202,-0.91985,-0.53,0.82,0.22,-0.48439,0.21653,0.03943,-0.84672,-0.54,0.8,0.24,-0.48439,0.21653,0.03943,-0.84672,-0.47,0.79,0.13,0.29706,0.22977,0.1206,-0.91892,-0.49,0.82,0.17,0.07034,0.18421,0.15855,-0.96746,-0.5,0.82,0.21,-0.38797,0.25154,0.09505,-0.88158,-0.51,0.81,0.22,-0.60849,0.28701,0.05143,-0.73805,-0.53,0.79,0.23,-0.60849,0.28701,0.05143,-0.73805,-0.46,0.78,0.14,0.20624,0.15718,0.34448,-0.90227,-0.47,0.8,0.18,0.1659,0.13597,0.25862,-0.94186,-0.48,0.82,0.21,-0.3855,0.25334,0.22068,-0.85937,-0.49,0.8,0.22,-0.61075,0.34774,0.15239,-0.69486,-0.5,0.79,0.22,-0.61075,0.34774,0.15239,-0.69486,-0.6,0.8,0.21
20,-0.65,0.82,0.13,0.27485,-0.05577,-0.13631,-0.95014,-0.65,0.78,0.08,0.27485,-0.05577,-0.13631,-0.95014,-0.62,0.8,0.11,0.36481,-0.19297,0.54076,-0.73297,-0.59,0.81,0.13,0.16463,-0.03775,0.49432,-0.85271,-0.59,0.81,0.16,0.02199,0.00382,0.5673,-0.82321,-0.59,0.82,0.19,0.02199,0.00382,0.5673,-0.82321,-0.63,0.8,0.11,0.27485,-0.05577,-0.13631,-0.95014,-0.62,0.83,0.16,0.00291,-0.08049,-0.07898,-0.99362,-0.62,0.84,0.19,-0.29838,-0.10149,-0.07708,-0.9459,-0.61,0.82,0.21,-0.43654,-0.08444,-0.07053,-0.89293,-0.61,0.81,0.23,-0.43654,-0.08444,-0.07053,-0.89293,-0.64,0.8,0.11,0.27485,-0.05577,-0.13631,-0.95014,-0.65,0.83,0.16,0.08007,-0.02484,-0.15696,-0.98404,-0.64,0.84,0.2,-0.2748,-0.07988,-0.15051,-0.94628,-0.64,0.83,0.22,-0.41664,-0.09117,-0.19293,-0.88367,-0.63,0.81,0.24,-0.41664,-0.09117,-0.19293,-0.88367,-0.66,0.79,0.11,0.27485,-0.05577,-0.13631,-0.95014,-0.66,0.82,0.16,0.09715,-0.01279,-0.20778,-0.97325,-0.66,0.83,0.2,-0.28302,-0.10549,-0.22526,-0.9263,-0.66,0.82,0.22,-0.46422,-0.17338,-0.2199,-0.84029,-0.64,0.8,0.23,-0.46422,-0.17338,-0.2199,-0.84029,-0.67,0.79,0.11,0.21799,0.01995,-0.36621,-0.90442,-0.68,0.81,0.15,0.16317,-0.00337,-0.27882,-0.94637,-0.68,0.82,0.18,-0.17868,-0.08434,-0.32729,-0.92404,-0.68,0.81,0.2,-0.30026,-0.17783,-0.31788,-0.88157,-0.66,0.8,0.22,-0.30026,-0.17783,-0.31788,-0.88157,-0.49,0.81,0.15,0.28971,0.21597,0.11633,-0.92515,-0.47,0.77,0.1,0.28971,0.21597,0.11633,-0.92515,-0.51,0.78,0.12,0.46237,0.29709,-0.52844,-0.64707,-0.54,0.79,0.13,0.25807,0.14331,-0.51621,-0.80398,-0.55,0.8,0.16,0.15705,0.10928,-0.60313,-0.77436,-0.56,0.8,0.18,0.15705,0.10928,-0.60313,-0.77436,-0.5,0.79,0.12,0.28971,0.21597,0.11633,-0.92515,-0.52,0.82,0.16,0.07457,0.21198,0.03687,-0.97373,-0.54,0.83,0.2,-0.3364,0.21423,-0.02855,-0.91658,-0.55,0.81,0.21,-0.50457,0.17867,-0.05997,-0.84255,-0.55,0.8,0.22,-0.50457,0.17867,-0.05997,-0.84255,-0.48,0.79,0.13,0.28971,0.21597,0.11633,-0.92515,-0.5,0.83,0.17,0.05149,0.1959,0.09248,-0.9749,-0.52,0.83,0.21,-0.34549,0.21768,0.01886,-0.91263,-0.53,0.81,0.23,-0.51201,0.20293,0.03776,-0.83381,-0.54,0.79,0.24,-0.51201,0.20293,0.03776,-0.83381,-0.47,0.79,0.14,0.28971,0.21597,0.11633,-0.92515,-0.48,0.82,0.18,0.05924,0.17559,0.15325,-0.97065,-0.5,0.82,0.21,-0.3998,0.24112,0.09439,-0.87927,-0.51,0.81,0.23,-0.61642,0.2765,0.05465,-0.73525,-0.52,0.78,0.23,-0.61642,0.2765,0.05465,-0.73525,-0.46,0.78,0.14,0.20247,0.14134,0.34085,-0.90711,-0.47,0.8,0.18,0.14978,0.13378,0.25147,-0.9468,-0.47,0.81,0.21,-0.39623,0.2451,0.21727,-0.85774,-0.48,0.8,0.22,-0.61616,0.33802,0.15403,-0.69452,-0.5,0.79,0.22,-0.61616,0.33802,0.15403,-0.69452,-0.6,0.8,0.21
21,-0.65,0.82,0.13,0.28268,-0.06014,-0.13751,-0.9474,-0.65,0.78,0.08,0.28268,-0.06014,-0.13751,-0.9474,-0.62,0.8,0.11,0.36428,-0.19132,0.54855,-0.72787,-0.59,0.81,0.13,0.15283,-0.02633,0.50316,-0.85016,-0.59,0.81,0.16,0.01365,0.01253,0.57407,-0.81859,-0.59,0.82,0.19,0.01365,0.01253,0.57407,-0.81859,-0.63,0.8,0.11,0.28268,-0.06014,-0.13751,-0.9474,-0.62,0.84,0.16,-0.01952,-0.07077,-0.08546,-0.99363,-0.62,0.84,0.19,-0.35558,-0.09688,-0.08245,-0.92595,-0.61,0.82,0.21,-0.50095,-0.08121,-0.0736,-0.85851,-0.61,0.8,0.22,-0.50095,-0.08121,-0.0736,-0.85851,-0.64,0.8,0.11,0.28268,-0.06014,-0.13751,-0.9474,-0.65,0.83,0.16,0.07013,-0.03269,-0.15703,-0.98456,-0.64,0.84,0.2,-0.301,-0.08971,-0.14625,-0.93806,-0.64,0.83,0.22,-0.44236,-0.09875,-0.18694,-0.87156,-0.63,0.81,0.24,-0.44236,-0.09875,-0.18694,-0.87156,-0.66,0.79,0.11,0.28268,-0.06014,-0.13751,-0.9474,-0.66,0.82,0.16,0.10814,-0.02289,-0.20662,-0.97216,-0.66,0.83,0.19,-0.278,-0.11597,-0.21962,-0.92792,-0.65,0.82,0.22,-0.45767,-0.1821,-0.2124,-0.84396,-0.64,0.8,0.23,-0.45767,-0.1821,-0.2124,-0.84396,-0.67,0.79,0.11,0.22454,0.0137,-0.36783,-0.90227,-0.68,0.81,0.15,0.1685,-0.02397,-0.27627,-0.94589,-0.68,0.82,0.18,-0.16812,-0.10091,-0.31839,-0.92746,-0.67,0.81,0.2,-0.29051,-0.19291,-0.30612,-0.88582,-0.66,0.81,0.22,-0.29051,-0.19291,-0.30612,-0.88582,-0.49,0.81,0.15,0.2908,0.21632,0.10795,-0.92574,-0.47,0.77,0.1,0.2908,0.21632,0.10795,-0.92574,-0.51,0.78,0.12,0.44951,0.29166,-0.54882,-0.64162,-0.54,0.79,0.13,0.24401,0.12832,-0.53623,-0.79778,-0.55,0.8,0.16,0.14205,0.09355,-0.62016,-0.76582,-0.56,0.8,0.18,0.14205,0.09355,-0.62016,-0.76582,-0.5,0.79,0.12,0.2908,0.21632,0.10795,-0.92574,-0.52,0.82,0.16,0.04554,0.21641,0.01792,-0.97507,-0.54,0.83,0.2,-0.34942,0.21046,-0.04419,-0.91195,-0.54,0.81,0.21,-0.50525,0.17275,-0.07253,-0.84239,-0.55,0.79,0.22,-0.50525,0.17275,-0.07253,-0.84239,-0.48,0.79,0.13,0.2908,0.21632,0.10795,-0.92574,-0.5,0.83,0.17,0.05894,0.19829,0.08304,-0.97484,-0.52,0.83,0.21,-0.3366,0.21617,0.00974,-0.91645,-0.53,0.82,0.23,-0.49956,0.20051,0.02982,-0.84223,-0.54,0.8,0.24,-0.49956,0.20051,0.02982,-0.84223,-0.47,0.79,0.13,0.2908,0.21632,0.10795,-0.92574,-0.48,0.82,0.18,0.08475,0.17537,0.14735,-0.96972,-0.49,0.83,0.21,-0.37249,0.23885,0.08996,-0.89225,-0.51,0.81,0.23,-0.58488,0.27393,0.05278,-0.76164,-0.52,0.79,0.23,-0.58488,0.27393,0.05278,-0.76164,-0.46,0.78,0.14,0.20461,0.14167,0.33301,-0.90949,-0.47,0.8,0.18,0.16599,0.13492,0.2433,-0.94607,-0.47,0.82,0.21,-0.36295,0.23872,0.21438,-0.87483,-0.48,0.81,0.22,-0.57717,0.32971,0.15644,-0.73054,-0.5,0.79,0.22,-0.57717,0.32971,0.15644,-0.73054,-0.6,0.8,0.21
22,-0.64,0.82,0.13,0.28164,-0.06905,-0.14143,-0.94653,-0.65,0.78,0.08,0.28164,-0.06905,-0.14143,-0.94653,-0.62,0.8,0.11,0.36842,-0.19994,0.54543,-0.72581,-0.59,0.81,0.13,0.1413,-0.02664,0.50418,-0.85154,-0.59,0.81,0.16,0.0119,0.00447,0.57559,-0.81764,-0.59,0.81,0.19,0.0119,0.00447,0.57559,-0.81764,-0.63,0.8,0.11,0.28164,-0.06905,-0.14143,-0.94653,-0.62,0.84,0.16,-0.01394,-0.06744,-0.09469,-0.99312,-0.62,0.84,0.19,-0.35307,-0.0973,-0.09191,-0.92597,-0.61,0.82,0.21,-0.50181,-0.08351,-0.08256,-0.85697,-0.61,0.8,0.22,-0.50181,-0.08351,-0.08256,-0.85697,-0.64,0.8,0.11,0.28164,-0.06905,-0.14143,-0.94653,-0.64,0.83,0.16,0.06707,-0.04329,-0.15848,-0.98413,-0.64,0.84,0.2,-0.30966,-0.10094,-0.14305,-0.93459,-0.63,0.83,0.22,-0.45049,-0.10874,-0.18196,-0.86725,-0.63,0.81,0.24,-0.45049,-0.10874,-0.18196,-0.86725,-0.66,0.79,0.11,0.28164,-0.06905,-0.14143,-0.94653,-0.66,0.82,0.16,0.1147,-0.03637,-0.20693,-0.97093,-0.66,0.83,0.2,-0.2759,-0.12961,-0.21408,-0.92804,-0.65,0.82,0.22,-0.45132,-0.19342,-0.20482,-0.84673,-0.64,0.8,0.23,-0.45132,-0.19342,-0.20482,-0.84673,-0.67,0.79,0.11,0.22116,0.00509,-0.37114,-0.90184,-0.68,0.81,0.16,0.16851,-0.04671,-0.27502,-0.9454,-0.68,0.82,0.18,-0.15978,-0.11874,-0.31036,-0.92954,-0.67,0.81,0.2,-0.27926,-0.20822,-0.29578,-0.88948,-0.66,0.81,0.22,-0.27926,-0.20822,-0.29578,-0.88948,-0.49,0.81,0.14,0.31483,0.22585,0.09356,-0.91712,-0.47,0.77,0.1,0.31483,0.22585,0.09356,-0.91712,-0.51,0.78,0.12,0.46157,0.28003,-0.56809,-0.62113,-0.54,0.79,0.13,0.26457,0.11456,-0.55207,-0.78237,-0.55,0.8,0.16,0.16879,0.08136,-0.63412,-0.75018,-0.56,0.8,0.18,0.16879,0.08136,-0.63412,-0.75018,-0.5,0.79,0.12,0.31483,0.22585,0.09356,-0.91712,-0.52,0.83,0.16,0.04808,0.23398,-0.01279,-0.97097,-0.54,0.83,0.19,-0.31987,0.21666,-0.07322,-0.91945,-0.55,0.82,0.21,-0.45544,0.17636,-0.09654,-0.86727,-0.55,0.8,0.22,-0.45544,0.17636,-0.09654,-0.86727,-0.48,0.79,0.12,0.31483,0.22585,0.09356,-0.91712,-0.5,0.83,0.16,0.07582,0.2126,0.06159,-0.97225,-0.52,0.84,0.2,-0.32033,0.22097,-0.01569,-0.92104,-0.53,0.82,0.22,-0.48245,0.20203,0.00448,-0.85229,-0.54,0.8,0.23,-0.48245,0.20203,0.00448,-0.85229,-0.47,0.79,0.13,0.31483,0.22585,0.09356,-0.91712,-0.48,0.82,0.17,0.11475,0.18973,0.13064,-0.96632,-0.5,0.83,0.21,-0.34908,0.24546,0.06704,-0.90189,-0.51,0.82,0.22,-0.56542,0.27525,0.02841,-0.777,-0.52,0.8,0.23,-0.56542,0.27525,0.02841,-0.777,-0.46,0.79,0.14,0.22809,0.15682,0.32049,-0.90591,-0.47,0.81,0.18,0.20318,0.15014,0.23003,-0.93982,-0.47,0.82,0.2,-0.32941,0.24791,0.19521,-0.8899,-0.48,0.81,0.22,-0.55282,0.33437,0.13279,-0.75164,-0.5,0.8,0.22,-0.55282,0.33437,0.13279,-0.75164,-0.6,0.8,0.21
23,-0.64,0.81,0.13,0.26755,-0.07558,-0.15657,-0.94773,-0.65,0.78,0.08,0.26755,-0.07558,-0.15657,-0.94773,-0.62,0.79,0.11,0.36571,-0.21099,0.53131,-0.73447,-0.59,0.8,0.13,0.12737,-0.03648,0.4943,-0.85913,-0.59,0.81,0.16,0.00283,-0.01092,0.56726,-0.82346,-0.59,0.81,0.19,0.00283,-0.01092,0.56726,-0.82346,-0.63,0.8,0.11,0.26755,-0.07558,-0.15657,-0.94773,-0.62,0.83,0.16,-0.01871,-0.07415,-0.10963,-0.99103,-0.62,0.83,0.19,-0.35275,-0.1081,-0.10412,-0.9236,-0.61,0.82,0.21,-0.49825,-0.09579,-0.09327,-0.85666,-0.6,0.8,0.22,-0.49825,-0.09579,-0.09327,-0.85666,-0.64,0.8,0.11,0.26755,-0.07558,-0.15657,-0.94773,-0.64,0.83,0.16,0.05247,-0.05274,-0.17092,-0.98247,-0.64,0.84,0.2,-0.3225,-0.11417,-0.151,-0.92745,-0.63,0.82,0.22,-0.45808,-0.12143,-0.1877,-0.86034,-0.62,0.8,0.24,-0.45808,-0.12143,-0.1877,-0.86034,-0.66,0.79,0.11,0.26755,-0.07558,-0.15657,-0.94773,-0.66,0.82,0.16,0.10598,-0.04301,-0.22005,-0.96876,-0.66,0.83,0.2,-0.28162,-0.14013,-0.22373,-0.9225,-0.65,0.82,0.22,-0.44693,-0.20358,-0.21369,-0.84448,-0.64,0.8,0.23,-0.44693,-0.20358,-0.21369,-0.84448,-0.67,0.79,0.11,0.20402,0.00158,-0.38395,-0.90053,-0.67,0.8,0.16,0.15332,-0.05352,-0.28812,-0.94372,-0.67,0.81,0.19,-0.16633,-0.12578,-0.32071,-0.92394,-0.67,0.81,0.2,-0.27301,-0.2127,-0.30751,-0.88638,-0.66,0.8,0.22,-0.27301,-0.2127,-0.30751,-0.88638,-0.49,0.81,0.14,0.32257,0.22426,0.09148,-0.91503,-0.47,0.77,0.1,0.32257,0.22426,0.09148,-0.91503,-0.51,0.78,0.12,0.46233,0.27303,-0.57448,-0.6178,-0.54,0.79,0.13,0.26927,0.10789,-0.55594,-0.77896,-0.55,0.8,0.16,0.17627,0.07652,-0.63725,-0.74631,-0.56,0.81,0.18,0.17627,0.07652,-0.63725,-0.74631,-0.5,0.79,0.12,0.32257,0.22426,0.09148,-0.91503,-0.52,0.83,0.16,0.04525,0.23723,-0.02139,-0.97016,-0.54,0.83,0.19,-0.31631,0.21696,-0.081,-0.91995,-0.55,0.82,0.21,-0.44395,0.17639,-0.10242,-0.87253,-0.55,0.8,0.22,-0.44395,0.17639,-0.10242,-0.87253,-0.48,0.79,0.12,0.32257,0.22426,0.09148,-0.91503,-0.5,0.83,0.16,0.05205,0.2184,0.04921,-0.97323,-0.52,0.84,0.2,-0.35458,0.22063,-0.0322,-0.90805,-0.53,0.82,0.22,-0.5241,0.19607,-0.01362,-0.82867,-0.54,0.8,0.23,-0.5241,0.19607,-0.01362,-0.82867,-0.47,0.79,0.13,0.32257,0.22426,0.09148,-0.91503,-0.48,0.82,0.17,0.10115,0.19671,0.1219,-0.96758,-0.5,0.83,0.21,-0.37865,0.24792,0.05212,-0.89019,-0.51,0.82,0.22,-0.60449,0.27252,0.01046,-0.74848,-0.52,0.79,0.23,-0.60449,0.27252,0.01046,-0.74848,-0.46,0.79,0.14,0.23624,0.15713,0.31917,-0.90423,-0.47,0.81,0.18,0.20418,0.16092,0.22502,-0.93903,-0.47,0.82,0.2,-0.33811,0.25631,0.18311,-0.88682,-0.48,0.81,0.21,-0.57834,0.34103,0.11218,-0.73255,-0.5,0.8,0.22,-0.57834,0.34103,0.11218,-0.73255,-0.6,0.8,0.21
24,-0.64,0.81,0.13,0.25888,-0.07685,-0.1607,-0.94934,-0.65,0.78,0.08,0.25888,-0.07685,-0.1607,-0.94934,-0.62,0.79,0.11,0.35998,-0.2163,0.52784,-0.73825,-0.59,0.8,0.13,0.11579,-0.03937,0.49308,-0.86134,-0.59,0.81,0.16,-0.00514,-0.01733,0.56621,-0.82406,-0.59,0.81,0.19,-0.00514,-0.01733,0.56621,-0.82406,-0.63,0.8,0.11,0.25888,-0.07685,-0.1607,-0.94934,-0.62,0.83,0.16,-0.02289,-0.07276,-0.11523,-0.99041,-0.62,0.83,0.19,-0.35039,-0.10784,-0.11058,-0.92378,-0.61,0.82,0.21,-0.48932,-0.09572,-0.10065,-0.86097,-0.6,0.8,0.22,-0.48932,-0.09572,-0.10065,-0.86097,-0.64,0.79,0.11,0.25888,-0.07685,-0.1607,-0.94934,-0.64,0.83,0.16,0.04222,-0.05331,-0.17476,-0.98226,-0.64,0.83,0.2,-0.33174,-0.11598,-0.15437,-0.9234,-0.63,0.82,0.22,-0.4604,-0.12209,-0.19087,-0.85831,-0.62,0.8,0.24,-0.4604,-0.12209,-0.19087,-0.85831,-0.66,0.79,0.11,0.25888,-0.07685,-0.1607,-0.94934,-0.66,0.82,0.16,0.09954,-0.04136,-0.22432,-0.96854,-0.66,0.83,0.2,-0.28351,-0.13909,-0.22885,-0.92082,-0.65,0.81,0.22,-0.43915,-0.20148,-0.22041,-0.84733,-0.64,0.8,0.23,-0.43915,-0.20148,-0.22041,-0.84733,-0.67,0.79,0.11,0.19476,0.0023,-0.38704,-0.90126,-0.67,0.8,0.16,0.14303,-0.05169,-0.2923,-0.94416,-0.67,0.81,0.19,-0.16839,-0.12203,-0.32567,-0.92233,-0.67,0.81,0.2,-0.2591,-0.20436,-0.3159,-0.88956,-0.66,0.8,0.22,-0.2591,-0.20436,-0.3159,-0.88956,-0.49,0.81,0.15,0.31429,0.21734,0.09306,-0.91941,-0.47,0.77,0.1,0.31429,0.21734,0.09306,-0.91941,-0.51,0.78,0.12,0.44931,0.27339,-0.57775,-0.62417,-0.54,0.79,0.13,0.25681,0.10722,-0.55888,-0.78116,-0.55,0.8,0.16,0.16294,0.07622,-0.63963,-0.74734,-0.56,0.8,0.18,0.16294,0.07622,-0.63963,-0.74734,-0.5,0.79,0.12,0.31429,0.21734,0.09306,-0.91941,-0.52,0.83,0.16,0.027,0.23489,-0.02287,-0.97138,-0.54,0.83,0.19,-0.3259,0.21445,-0.0796,-0.91731,-0.55,0.81,0.21,-0.44656,0.17469,-0.09951,-0.87187,-0.55,0.8,0.22,-0.44656,0.17469,-0.09951,-0.87187,-0.48,0.79,0.13,0.31429,0.21734,0.09306,-0.91941,-0.5,0.83,0.17,0.02603,0.21725,0.04563,-0.9747,-0.52,0.83,0.2,-0.38267,0.21763,-0.03588,-0.89717,-0.53,0.81,0.22,-0.55715,0.19004,-0.01815,-0.80817,-0.54,0.79,0.23,-0.55715,0.19004,-0.01815,-0.80817,-0.47,0.79,0.13,0.31429,0.21734,0.09306,-0.91941,-0.48,0.82,0.17,0.07956,0.19502,0.11979,-0.9702,-0.5,0.83,0.21,-0.4049,0.24486,0.04992,-0.87955,-0.51,0.81,0.22,-0.63534,0.26778,0.00737,-0.72428,-0.52,0.79,0.22,-0.63534,0.26778,0.00737,-0.72428,-0.46,0.79,0.14,0.22935,0.14814,0.32057,-0.90702,-0.47,0.81,0.18,0.18274,0.16401,0.22251,-0.9435,-0.47,0.82,0.2,-0.3622,0.25646,0.17856,-0.87815,-0.48,0.81,0.22,-0.60812,0.34045,0.10506,-0.70939,-0.5,0.79,0.22,-0.60812,0.34045,0.10506,-0.70939,-0.6,0.8,0.21
25,-0.64,0.81,0.13,0.24619,-0.07525,-0.14927,-0.9547,-0.65,0.78,0.08,0.24619,-0.07525,-0.14927,-0.9547,-0.62,0.79,0.11,0.34837,-0.22632,0.53309,-0.73705,-0.59,0.8,0.13,0.10161,-0.04458,0.50209,-0.85767,-0.59,0.81,0.16,-0.01911,-0.02217,0.57468,-0.81785,-0.59,0.81,0.19,-0.01911,-0.02217,0.57468,-0.81785,-0.63,0.8,0.11,0.24619,-0.07525,-0.14927,-0.9547,-0.62,0.83,0.16,-0.0302,-0.06351,-0.10673,-0.9918,-0.62,0.83,0.2,-0.35016,-0.09526,-0.10644,-0.92574,-0.61,0.81,0.21,-0.48304,-0.08186,-0.09919,-0.8661,-0.6,0.79,0.23,-0.48304,-0.08186,-0.09919,-0.8661,-0.64,0.79,0.11,0.24619,-0.07525,-0.14927,-0.9547,-0.64,0.83,0.16,0.03352,-0.04303,-0.16561,-0.98468,-0.64,0.83,0.2,-0.34093,-0.10295,-0.14976,-0.92236,-0.63,0.81,0.22,-0.46562,-0.10755,-0.18817,-0.85803,-0.62,0.8,0.24,-0.46562,-0.10755,-0.18817,-0.85803,-0.66,0.79,0.11,0.24619,-0.07525,-0.14927,-0.9547,-0.66,0.82,0.16,0.09642,-0.02929,-0.2149,-0.97142,-0.66,0.82,0.2,-0.28344,-0.12336,-0.22542,-0.92392,-0.65,0.81,0.22,-0.43396,-0.18429,-0.22067,-0.85383,-0.64,0.8,0.23,-0.43396,-0.18429,-0.22067,-0.85383,-0.67,0.79,0.12,0.18431,0.00744,-0.37533,-0.90835,-0.68,0.8,0.16,0.13123,-0.04152,-0.28225,-0.94942,-0.67,0.81,0.19,-0.17354,-0.10611,-0.31976,-0.92541,-0.67,0.8,0.21,-0.25442,-0.18454,-0.31384,-0.89595,-0.66,0.8,0.22,-0.25442,-0.18454,-0.31384,-0.89595,-0.49,0.81,0.15,0.30994,0.22106,0.10254,-0.919,-0.47,0.77,0.1,0.30994,0.22106,0.10254,-0.919,-0.51,0.78,0.12,0.44757,0.277,-0.57337,-0.62786,-0.54,0.79,0.13,0.25303,0.11116,-0.55562,-0.78416,-0.55,0.8,0.16,0.15884,0.08042,-0.63681,-0.75018,-0.56,0.8,0.18,0.15884,0.08042,-0.63681,-0.75018,-0.5,0.79,0.12,0.30994,0.22106,0.10254,-0.919,-0.52,0.83,0.16,0.01475,0.24554,-0.02038,-0.96906,-0.54,0.83,0.19,-0.32628,0.22587,-0.07847,-0.91453,-0.55,0.81,0.21,-0.44197,0.18671,-0.09882,-0.8718,-0.55,0.8,0.22,-0.44197,0.18671,-0.09882,-0.8718,-0.48,0.79,0.13,0.30994,0.22106,0.10254,-0.919,-0.5,0.83,0.17,0.01788,0.22706,0.05028,-0.97242,-0.52,0.83,0.2,-0.38535,0.22854,-0.03473,-0.89335,-0.53,0.81,0.22,-0.56042,0.20069,-0.01939,-0.80329,-0.54,0.79,0.23,-0.56042,0.20069,-0.01939,-0.80329,-0.47,0.79,0.13,0.30994,0.22106,0.10254,-0.919,-0.48,0.82,0.17,0.07587,0.2031,0.1266,-0.96797,-0.5,0.83,0.21,-0.40477,0.2549,0.05262,-0.8766,-0.51,0.81,0.22,-0.63549,0.27803,0.00682,-0.72028,-0.52,0.79,0.22,-0.63549,0.27803,0.00682,-0.72028,-0.46,0.79,0.14,0.22305,0.15107,0.32897,-0.9051,-0.47,0.81,0.18,0.17418,0.17411,0.22878,-0.94181,-0.47,0.82,0.2,-0.36693,0.2672,0.17887,-0.87291,-0.49,0.81,0.22,-0.61422,0.35084,0.1008,-0.69963,-0.5,0.79,0.22,-0.61422,0.35084,0.1008,-0.69963,-0.6,0.8,0.21
26,-0.64,0.81,0.13,0.24317,-0.07538,-0.14168,-0.95661,-0.65,0.78,0.08,0.24317,-0.07538,-0.14168,-0.95661,-0.62,0.79,0.11,0.34669,-0.2308,0.53587,-0.73442,-0.59,0.8,0.13,0.09851,-0.04665,0.50667,-0.85522,-0.59,0.8,0.16,-0.02488,-0.02174,0.57893,-0.8147,-0.59,0.8,0.19,-0.02488,-0.02174,0.57893,-0.8147,-0.63,0.8,0.11,0.24317,-0.07538,-0.14168,-0.95661,-0.62,0.83,0.16,-0.02714,-0.0558,-0.10238,-0.99281,-0.62,0.83,0.2,-0.34704,-0.0866,-0.10487,-0.92794,-0.61,0.81,0.21,-0.47904,-0.07294,-0.0991,-0.86913,-0.61,0.79,0.23,-0.47904,-0.07294,-0.0991,-0.86913,-0.64,0.79,0.11,0.24317,-0.07538,-0.14168,-0.95661,-0.64,0.83,0.16,0.03637,-0.03565,-0.16026,-0.98576,-0.64,0.83,0.2,-0.34002,-0.09436,-0.14747,-0.92398,-0.63,0.81,0.22,-0.46346,-0.09864,-0.18716,-0.86049,-0.62,0.8,0.24,-0.46346,-0.09864,-0.18716,-0.86049,-0.66,0.79,0.11,0.24317,-0.07538,-0.14168,-0.95661,-0.66,0.82,0.16,0.10239,-0.02152,-0.20904,-0.97229,-0.66,0.82,0.2,-0.27697,-0.11395,-0.22309,-0.92765,-0.65,0.81,0.22,-0.42544,-0.17423,-0.2202,-0.86032,-0.64,0.8,0.24,-0.42544,-0.17423,-0.2202,-0.86032,-0.67,0.79,0.12,0.1824,0.00835,-0.36796,-0.91174,-0.67,0.8,0.16,0.13106,-0.0357,-0.2757,-0.9516,-0.68,0.81,0.19,-0.17246,-0.09808,-0.31552,-0.92795,-0.67,0.8,0.21,-0.24915,-0.17469,-0.31111,-0.90034,-0.66,0.8,0.22,-0.24915,-0.17469,-0.31111,-0.90034,-0.49,0.81,0.15,0.31754,0.21962,0.11488,-0.91528,-0.47,0.77,0.1,0.31754,0.21962,0.11488,-0.91528,-0.51,0.78,0.12,0.4517,0.26808,-0.56976,-0.63204,-0.54,0.79,0.13,0.25454,0.1025,-0.5495,-0.78915,-0.55,0.8,0.16,0.16038,0.07323,-0.63042,-0.75596,-0.56,0.81,0.18,0.16038,0.07323,-0.63042,-0.75596,-0.5,0.79,0.12,0.31754,0.21962,0.11488,-0.91528,-0.52,0.83,0.16,0.01441,0.25068,-0.01318,-0.96787,-0.54,0.83,0.19,-0.3241,0.23334,-0.07295,-0.91389,-0.55,0.82,0.21,-0.43781,0.19509,-0.09372,-0.87263,-0.55,0.8,0.22,-0.43781,0.19509,-0.09372,-0.87263,-0.48,0.79,0.13,0.31754,0.21962,0.11488,-0.91528,-0.5,0.83,0.17,0.02031,0.23201,0.05969,-0.97067,-0.52,0.83,0.2,-0.38201,0.23696,-0.02808,-0.89282,-0.53,0.82,0.22,-0.56133,0.21007,-0.01514,-0.80034,-0.54,0.79,0.23,-0.56133,0.21007,-0.01514,-0.80034,-0.47,0.79,0.13,0.31754,0.21962,0.11488,-0.91528,-0.48,0.82,0.17,0.08058,0.20791,0.13714,-0.96513,-0.5,0.83,0.21,-0.40036,0.26439,0.05908,-0.87539,-0.51,0.81,0.22,-0.63477,0.28877,0.009,-0.71666,-0.52,0.79,0.22,-0.63477,0.28877,0.009,-0.71666,-0.46,0.79,0.14,0.22904,0.152,0.34124,-0.89888,-0.47,0.81,0.18,0.17432,0.18023,0.23927,-0.93802,-0.47,0.82,0.2,-0.36441,0.27777,0.1845,-0.86948,-0.49,0.81,0.21,-0.61526,0.36297,0.10046,-0.69254,-0.5,0.79,0.22,-0.61526,0.36297,0.10046,-0.69254,-0.6,0.8,0.21
27,-0.64,0.81,0.14,0.23952,-0.07468,-0.13964,-0.95789,-0.65,0.78,0.08,0.23952,-0.07468,-0.13964,-0.95789,-0.62,0.79,0.11,0.34543,-0.23346,0.53463,-0.73508,-0.59,0.8,0.13,0.0959,-0.04886,0.50645,-0.85553,-0.59,0.8,0.16,-0.03037,-0.02199,0.5787,-0.81468,-0.59,0.8,0.19,-0.03037,-0.02199,0.5787,-0.81468,-0.63,0.8,0.11,0.23952,-0.07468,-0.13964,-0.95789,-0.62,0.83,0.16,-0.02516,-0.05013,-0.10279,-0.99312,-0.62,0.83,0.2,-0.34658,-0.08159,-0.10696,-0.92832,-0.61,0.81,0.21,-0.47912,-0.06834,-0.10184,-0.86914,-0.61,0.79,0.23,-0.47912,-0.06834,-0.10184,-0.86914,-0.64,0.79,0.11,0.23952,-0.07468,-0.13964,-0.95789,-0.64,0.83,0.16,0.03653,-0.03057,-0.1596,-0.98603,-0.64,0.83,0.2,-0.34178,-0.08971,-0.1486,-0.92361,-0.63,0.81,0.22,-0.46476,-0.09407,-0.18889,-0.85993,-0.62,0.8,0.24,-0.46476,-0.09407,-0.18889,-0.85993,-0.66,0.79,0.11,0.23952,-0.07468,-0.13964,-0.95789,-0.66,0.82,0.16,0.10496,-0.01633,-0.20783,-0.97238,-0.66,0.82,0.2,-0.27455,-0.10883,-0.22392,-0.92878,-0.65,0.81,0.22,-0.4215,-0.16903,-0.22203,-0.86283,-0.64,0.8,0.24,-0.4215,-0.16903,-0.22203,-0.86283,-0.67,0.79,0.12,0.17927,0.00999,-0.36575,-0.91323,-0.68,0.8,0.16,0.1301,-0.03211,-0.27389,-0.95238,-0.68,0.81,0.19,-0.17372,-0.09417,-0.31488,-0.92833,-0.67,0.8,0.21,-0.24821,-0.17002,-0.31126,-0.90145,-0.66,0.8,0.22,-0.24821,-0.17002,-0.31126,-0.90145,-0.49,0.81,0.14,0.32352,0.21886,0.11979,-0.91273,-0.47,0.77,0.1,0.32352,0.21886,0.11979,-0.91273,-0.51,0.78,0.12,0.45253,0.26185,-0.57159,-0.63241,-0.54,0.79,0.13,0.25458,0.09519,-0.54964,-0.78995,-0.55,0.8,0.16,0.16181,0.06767,-0.62996,-0.75657,-0.56,0.81,0.18,0.16181,0.06767,-0.62996,-0.75657,-0.5,0.79,0.12,0.32352,0.21886,0.11979,-0.91273,-0.52,0.83,0.16,0.01497,0.25257,-0.01118,-0.9674,-0.54,0.83,0.19,-0.32429,0.23575,-0.07194,-0.91328,-0.55,0.82,0.21,-0.4381,0.1976,-0.09307,-0.87199,-0.55,0.8,0.22,-0.4381,0.1976,-0.09307,-0.87199,-0.48,0.79,0.12,0.32352,0.21886,0.11979,-0.91273,-0.5,0.83,0.16,0.02153,0.23451,0.06246,-0.96987,-0.52,0.84,0.2,-0.38275,0.24032,-0.02717,-0.89163,-0.53,0.82,0.22,-0.56838,0.21294,-0.01601,-0.79457,-0.54,0.79,0.23,-0.56838,0.21294,-0.01601,-0.79457,-0.47,0.79,0.13,0.32352,0.21886,0.11979,-0.91273,-0.48,0.82,0.17,0.08401,0.21048,0.14089,-0.96374,-0.5,0.83,0.21,-0.40065,0.2688,0.05991,-0.87386,-0.51,0.81,0.22,-0.64046,0.29286,0.00665,-0.70993,-0.52,0.79,0.22,-0.64046,0.29286,0.00665,-0.70993,-0.46,0.79,0.14,0.23435,0.15295,0.34632,-0.8954,-0.47,0.81,0.18,0.1735,0.18438,0.24287,-0.93644,-0.47,0.82,0.2,-0.3661,0.28342,0.18482,-0.86688,-0.49,0.81,0.21,-0.62223,0.36891,0.09604,-0.68375,-0.5,0.8,0.21,-0.62223,0.36891,0.09604,-0.68375,-0.6,0.8,0.21
28,-0.64,0.81,0.14,0.23944,-0.0718,-0.13828,-0.95833,-0.65,0.78,0.08,0.23944,-0.0718,-0.13828,-0.95833,-0.62,0.79,0.11,0.34306,-0.23035,0.5364,-0.73589,-0.59,0.8,0.13,0.09381,-0.04519,0.50715,-0.85554,-0.59,0.8,0.16,-0.03388,-0.01765,0.57878,-0.81459,-0.59,0.8,0.19,-0.03388,-0.01765,0.57878,-0.81459,-0.63,0.8,0.11,0.23944,-0.0718,-0.13828,-0.95833,-0.62,0.83,0.16,-0.02005,-0.04463,-0.1035,-0.99343,-0.62,0.83,0.2,-0.34339,-0.07695,-0.10927,-0.92964,-0.61,0.81,0.21,-0.47699,-0.06422,-0.1048,-0.87027,-0.61,0.79,0.23,-0.47699,-0.06422,-0.1048,-0.87027,-0.64,0.79,0.11,0.23944,-0.0718,-0.13828,-0.95833,-0.64,0.83,0.16,0.04043,-0.02427,-0.15996,-0.986,-0.64,0.83,0.2,-0.34194,-0.0847,-0.15098,-0.92364,-0.63,0.81,0.22,-0.46538,-0.08955,-0.1919,-0.8594,-0.63,0.8,0.24,-0.46538,-0.08955,-0.1919,-0.8594,-0.66,0.79,0.11,0.23944,-0.0718,-0.13828,-0.95833,-0.66,0.82,0.16,0.10896,-0.01026,-0.20757,-0.97208,-0.66,0.83,0.2,-0.27172,-0.10358,-0.22585,-0.92975,-0.65,0.81,0.22,-0.41801,-0.16408,-0.22483,-0.86475,-0.64,0.8,0.24,-0.41801,-0.16408,-0.22483,-0.86475,-0.67,0.79,0.11,0.17997,0.01288,-0.36456,-0.91353,-0.68,0.8,0.16,0.13027,-0.02787,-0.27315,-0.9527,-0.68,0.81,0.19,-0.17383,-0.09007,-0.31546,-0.92852,-0.67,0.8,0.21,-0.24674,-0.16549,-0.31245,-0.90228,-0.66,0.8,0.22,-0.24674,-0.16549,-0.31245,-0.90228,-0.49,0.81,0.14,0.32357,0.22127,0.11685,-0.91252,-0.47,0.77,0.1,0.32357,0.22127,0.11685,-0.91252,-0.51,0.78,0.12,0.45023,0.26392,-0.5763,-0.6289,-0.54,0.79,0.13,0.25236,0.09501,-0.55531,-0.78671,-0.55,0.8,0.16,0.16055,0.0678,-0.63519,-0.75244,-0.56,0.81,0.18,0.16055,0.0678,-0.63519,-0.75244,-0.5,0.79,0.12,0.32357,0.22127,0.11685,-0.91252,-0.52,0.83,0.16,0.00994,0.25504,-0.0173,-0.96672,-0.54,0.83,0.19,-0.32911,0.23582,-0.07861,-0.91099,-0.55,0.82,0.21,-0.44288,0.19676,-0.09996,-0.86899,-0.55,0.8,0.22,-0.44288,0.19676,-0.09996,-0.86899,-0.48,0.79,0.12,0.32357,0.22127,0.11685,-0.91252,-0.5,0.83,0.16,0.01889,0.23645,0.05794,-0.96973,-0.52,0.84,0.2,-0.38572,0.24017,-0.03225,-0.89022,-0.53,0.82,0.22,-0.57475,0.21122,-0.02163,-0.79031,-0.54,0.79,0.23,-0.57475,0.21122,-0.02163,-0.79031,-0.47,0.79,0.13,0.32357,0.22127,0.11685,-0.91252,-0.48,0.82,0.17,0.08234,0.21254,0.13699,-0.96399,-0.5,0.83,0.21,-0.40407,0.26873,0.05505,-0.87263,-0.51,0.81,0.22,-0.64713,0.29105,0.00093,-0.70464,-0.52,0.79,0.22,-0.64713,0.29105,0.00093,-0.70464,-0.46,0.79,0.14,0.23431,0.15526,0.34339,-0.89614,-0.47,0.81,0.18,0.16837,0.18759,0.23898,-0.93774,-0.47,0.82,0.2,-0.37369,0.2841,0.17921,-0.8646,-0.49,0.81,0.21,-0.63385,0.36804,0.08846,-0.6745,-0.5,0.79,0.21,-0.63385,0.36804,0.08846,-0.6745,-0.6,0.8,0.21
29,-0.64,0.81,0.13,0.24237,-0.07181,-0.13742,-0.95771,-0.65,0.78,0.08,0.24237,-0.07181,-0.13742,-0.95771,-0.62,0.79,0.11,0.34286,-0.22732,0.53963,-0.73456,-0.59,0.8,0.13,0.09373,-0.04093,0.50944,-0.8544,-0.59,0.81,0.16,-0.03435,-0.01305,0.58042,-0.81349,-0.59,0.8,0.19,-0.03435,-0.01305,0.58042,-0.81349,-0.63,0.8,0.11,0.24237,-0.07181,-0.13742,-0.95771,-0.62,0.83,0.16,-0.017,-0.04308,-0.10348,-0.99355,-0.62,0.83,0.2,-0.34093,-0.07561,-0.10971,-0.9306,-0.61,0.81,0.21,-0.47485,-0.063,-0.10549,-0.87145,-0.61,0.8,0.23,-0.47485,-0.063,-0.10549,-0.87145,-0.64,0.79,0.11,0.24237,-0.07181,-0.13742,-0.95771,-0.64,0.83,0.16,0.04494,-0.02266,-0.1599,-0.98585,-0.64,0.83,0.2,-0.34014,-0.08365,-0.15134,-0.92434,-0.63,0.82,0.22,-0.46473,-0.08885,-0.19241,-0.85971,-0.63,0.8,0.24,-0.46473,-0.08885,-0.19241,-0.85971,-0.66,0.79,0.11,0.24237,-0.07181,-0.13742,-0.95771,-0.66,0.82,0.16,0.11404,-0.00873,-0.20736,-0.97155,-0.66,0.83,0.2,-0.26905,-0.10283,-0.22597,-0.93058,-0.65,0.81,0.22,-0.4159,-0.16351,-0.22496,-0.86584,-0.64,0.8,0.24,-0.4159,-0.16351,-0.22496,-0.86584,-0.67,0.79,0.11,0.18293,0.0122,-0.36401,-0.91317,-0.68,0.8,0.16,0.13367,-0.02779,-0.27256,-0.9524,-0.68,0.81,0.19,-0.17096,-0.09019,-0.31497,-0.92921,-0.67,0.8,0.21,-0.24374,-0.16552,-0.31185,-0.9033,-0.66,0.8,0.22,-0.24374,-0.16552,-0.31185,-0.9033,-0.49,0.81,0.14,0.32232,0.22246,0.1149,-0.91292,-0.47,0.77,0.1,0.32232,0.22246,0.1149,-0.91292,-0.51,0.78,0.12,0.44772,0.266,-0.57918,-0.62717,-0.54,0.79,0.13,0.25031,0.09595,-0.55892,-0.78469,-0.55,0.8,0.16,0.16063,0.07018,-0.63856,-0.74934,-0.56,0.81,0.18,0.16063,0.07018,-0.63856,-0.74934,-0.5,0.79,0.12,0.32232,0.22246,0.1149,-0.91292,-0.52,0.83,0.16,0.00796,0.25669,-0.02064,-0.96624,-0.54,0.83,0.19,-0.33005,0.23624,-0.08211,-0.91023,-0.55,0.82,0.21,-0.44392,0.19671,-0.10358,-0.86805,-0.55,0.8,0.22,-0.44392,0.19671,-0.10358,-0.86805,-0.48,0.79,0.12,0.32232,0.22246,0.1149,-0.91292,-0.5,0.83,0.16,0.01563,0.23747,0.0549,-0.96972,-0.52,0.83,0.2,-0.38728,0.23987,-0.03505,-0.88952,-0.53,0.82,0.22,-0.57621,0.21024,-0.02435,-0.78942,-0.54,0.79,0.23,-0.57621,0.21024,-0.02435,-0.78942,-0.47,0.79,0.13,0.32232,0.22246,0.1149,-0.91292,-0.48,0.82,0.17,0.08007,0.21355,0.13439,-0.96433,-0.5,0.83,0.21,-0.40612,0.26825,0.05239,-0.87199,-0.51,0.81,0.22,-0.64984,0.28968,-0.00171,-0.7027,-0.52,0.79,0.22,-0.64984,0.28968,-0.00171,-0.7027,-0.46,0.79,0.14,0.23312,0.15606,0.34139,-0.89708,-0.47,0.81,0.18,0.16547,0.18897,0.23653,-0.93859,-0.47,0.82,0.2,-0.3768,0.28375,0.17639,-0.86394,-0.49,0.81,0.21,-0.63808,0.36685,0.0854,-0.67155,-0.5,0.79,0.21,-0.63808,0.36685,0.0854,-0.67155,-0.6,0.8,0.21
30,-0.64,0.81,0.13,0.25007,-0.07903,-0.1334,-0.95573,-0.65,0.78,0.08,0.25007,-0.07903,-0.1334,-0.95573,-0.62,0.79,0.11,0.35126,-0.22848,0.5433,-0.72749,-0.59,0.8,0.13,0.10036,-0.03959,0.51392,-0.85103,-0.59,0.81,0.16,-0.02843,-0.00998,0.58469,-0.8107,-0.59,0.8,0.19,-0.02843,-0.00998,0.58469,-0.8107,-0.63,0.8,0.11,0.25007,-0.07903,-0.1334,-0.95573,-0.62,0.83,0.16,-0.00944,-0.04823,-0.09857,-0.99392,-0.62,0.83,0.2,-0.33909,-0.07963,-0.10296,-0.93171,-0.61,0.81,0.21,-0.47393,-0.06612,-0.09821,-0.87257,-0.61,0.8,0.23,-0.47393,-0.06612,-0.09821,-0.87257,-0.64,0.79,0.11,0.25007,-0.07903,-0.1334,-0.95573,-0.64,0.83,0.16,0.05378,-0.02886,-0.15536,-0.98597,-0.64,0.83,0.2,-0.33717,-0.0885,-0.14428,-0.9261,-0.63,0.82,0.22,-0.46452,-0.09322,-0.18484,-0.86103,-0.62,0.8,0.24,-0.46452,-0.09322,-0.18484,-0.86103,-0.66,0.79,0.11,0.25007,-0.07903,-0.1334,-0.95573,-0.66,0.82,0.16,0.12307,-0.01555,-0.20331,-0.97123,-0.66,0.83,0.2,-0.26643,-0.10916,-0.21898,-0.93228,-0.65,0.82,0.22,-0.41571,-0.16904,-0.21674,-0.86697,-0.64,0.8,0.24,-0.41571,-0.16904,-0.21674,-0.86697,-0.67,0.79,0.12,0.1895,0.00341,-0.36066,-0.91324,-0.67,0.8,0.16,0.14046,-0.03667,-0.26821,-0.95236,-0.68,0.81,0.19,-0.16822,-0.0988,-0.30815,-0.93112,-0.67,0.81,0.21,-0.24342,-0.17412,-0.30382,-0.9045,-0.66,0.8,0.22,-0.24342,-0.17412,-0.30382,-0.9045,-0.49,0.81,0.14,0.32179,0.22219,0.11412,-0.91327,-0.47,0.77,0.1,0.32179,0.22219,0.11412,-0.91327,-0.51,0.78,0.12,0.44598,0.26734,-0.58062,-0.62651,-0.54,0.79,0.13,0.24874,0.09666,-0.56082,-0.78375,-0.55,0.8,0.16,0.15939,0.07103,-0.64034,-0.74801,-0.56,0.81,0.19,0.15939,0.07103,-0.64034,-0.74801,-0.5,0.79,0.12,0.32179,0.22219,0.11412,-0.91327,-0.52,0.83,0.16,0.00503,0.25741,-0.02297,-0.96602,-0.54,0.83,0.19,-0.3338,0.23594,-0.08482,-0.90869,-0.55,0.81,0.21,-0.44786,0.19599,-0.10647,-0.86584,-0.55,0.8,0.22,-0.44786,0.19599,-0.10647,-0.86584,-0.48,0.79,0.12,0.32179,0.22219,0.11412,-0.91327,-0.5,0.83,0.16,0.0129,0.23852,0.05264,-0.96963,-0.52,0.83,0.2,-0.38804,0.23992,-0.03709,-0.88909,-0.53,0.82,0.22,-0.57735,0.20978,-0.02645,-0.78864,-0.54,0.79,0.23,-0.57735,0.20978,-0.02645,-0.78864,-0.47,0.79,0.13,0.32179,0.22219,0.11412,-0.91327,-0.48,0.82,0.17,0.07819,0.21437,0.13272,-0.96453,-0.5,0.83,0.21,-0.40668,0.26802,0.05092,-0.87188,-0.51,0.81,0.22,-0.65078,0.28898,-0.00316,-0.70212,-0.52,0.79,0.22,-0.65078,0.28898,-0.00316,-0.70212,-0.46,0.79,0.14,0.23276,0.15563,0.34064,-0.89753,-0.47,0.81,0.18,0.16349,0.19005,0.23513,-0.93908,-0.47,0.82,0.2,-0.37881,0.28375,0.17464,-0.86342,-0.49,0.81,0.21,-0.63979,0.36623,0.08388,-0.67045,-0.5,0.79,0.21,-0.63979,0.36623,0.08388,-0.67045,-0.6,0.8,0.21
31,-0.64,0.81,0.14,0.25193,-0.08075,-0.13106,-0.95542,-0.65,0.78,0.08,0.25193,-0.08075,-0.13106,-0.95542,-0.62,0.79,0.11,0.35559,-0.23048,0.54256,-0.7253,-0.59,0.8,0.13,0.10438,-0.04179,0.51394,-0.85043,-0.59,0.8,0.16,-0.02376,-0.01212,0.58517,-0.81048,-0.59,0.8,0.19,-0.02376,-0.01212,0.58517,-0.81048,-0.63,0.8,0.11,0.25193,-0.08075,-0.13106,-0.95542,-0.62,0.83,0.16,-0.0068,-0.04895,-0.09616,-0.99414,-0.62,0.83,0.2,-0.33801,-0.07972,-0.10033,-0.93238,-0.61,0.81,0.21,-0.47345,-0.0659,-0.09559,-0.87314,-0.61,0.8,0.23,-0.47345,-0.0659,-0.09559,-0.87314,-0.64,0.79,0.11,0.25193,-0.08075,-0.13106,-0.95542,-0.64,0.83,0.16,0.05642,-0.02968,-0.15307,-0.98616,-0.64,0.83,0.2,-0.33551,-0.08851,-0.14179,-0.92709,-0.63,0.82,0.22,-0.46406,-0.09315,-0.18241,-0.8618,-0.63,0.8,0.24,-0.46406,-0.09315,-0.18241,-0.8618,-0.66,0.79,0.11,0.25193,-0.08075,-0.13106,-0.95542,-0.66,0.82,0.16,0.12568,-0.01726,-0.2009,-0.97136,-0.66,0.83,0.2,-0.26538,-0.11016,-0.21596,-0.93317,-0.65,0.81,0.22,-0.41576,-0.16973,-0.21348,-0.86762,-0.64,0.8,0.24,-0.41576,-0.16973,-0.21348,-0.86762,-0.67,0.79,0.12,0.19127,0.00135,-0.35856,-0.9137,-0.68,0.8,0.16,0.14289,-0.03897,-0.2657,-0.95261,-0.68,0.81,0.19,-0.16577,-0.10027,-0.30516,-0.93238,-0.67,0.81,0.21,-0.24192,-0.17556,-0.3005,-0.90574,-0.66,0.8,0.23,-0.24192,-0.17556,-0.3005,-0.90574,-0.49,0.81,0.14,0.32122,0.22032,0.11246,-0.91413,-0.47,0.77,0.1,0.32122,0.22032,0.11246,-0.91413,-0.51,0.78,0.12,0.44291,0.268,-0.58307,-0.62613,-0.54,0.79,0.13,0.24547,0.09598,-0.56361,-0.78287,-0.55,0.8,0.16,0.15503,0.06951,-0.64281,-0.74695,-0.56,0.8,0.19,0.15503,0.06951,-0.64281,-0.74695,-0.5,0.79,0.12,0.32122,0.22032,0.11246,-0.91413,-0.52,0.83,0.16,0.00282,0.25636,-0.02529,-0.96625,-0.54,0.83,0.19,-0.33378,0.2343,-0.08607,-0.909,-0.55,0.81,0.21,-0.44708,0.19429,-0.10731,-0.86652,-0.55,0.8,0.22,-0.44708,0.19429,-0.10731,-0.86652,-0.48,0.79,0.13,0.32122,0.22032,0.11246,-0.91413,-0.5,0.83,0.16,0.01416,0.23664,0.05175,-0.97011,-0.52,0.83,0.2,-0.38316,0.23803,-0.03608,-0.89176,-0.53,0.82,0.22,-0.57118,0.20865,-0.02466,-0.79348,-0.54,0.79,0.23,-0.57118,0.20865,-0.02466,-0.79348,-0.47,0.79,0.13,0.32122,0.22032,0.11246,-0.91413,-0.48,0.82,0.17,0.07928,0.21188,0.13194,-0.9651,-0.5,0.83,0.21,-0.40382,0.26542,0.05204,-0.87394,-0.51,0.81,0.22,-0.64762,0.28701,-0.00105,-0.70584,-0.52,0.79,0.22,-0.64762,0.28701,-0.00105,-0.70584,-0.46,0.79,0.14,0.23281,0.15356,0.33917,-0.89843,-0.47,0.81,0.18,0.16411,0.18727,0.23407,-0.93979,-0.47,0.82,0.2,-0.37816,0.28083,0.17536,-0.86451,-0.49,0.81,0.21,-0.6387,0.36371,0.08592,-0.67261,-0.5,0.79,0.21,-0.6387,0.36371,0.08592,-0.67261,-0.6,0.8,0.21
32,-0.64,0.81,0.14,0.25161,-0.07828,-0.13477,-0.9552,-0.65,0.78,0.08,0.25161,-0.07828,-0.13477,-0.9552,-0.62,0.79,0.11,0.35683,-0.22861,0.53826,-0.72848,-0.59,0.8,0.13,0.10418,-0.0412,0.50902,-0.85343,-0.59,0.8,0.16,-0.02713,-0.01017,0.58025,-0.81392,-0.59,0.8,0.19,-0.02713,-0.01017,0.58025,-0.81392,-0.63,0.8,0.11,0.25161,-0.07828,-0.13477,-0.9552,-0.62,0.83,0.16,-0.00357,-0.0462,-0.10112,-0.99379,-0.62,0.83,0.2,-0.33279,-0.07865,-0.10608,-0.93371,-0.61,0.81,0.22,-0.46951,-0.06584,-0.10148,-0.8746,-0.61,0.8,0.23,-0.46951,-0.06584,-0.10148,-0.8746,-0.64,0.79,0.11,0.25161,-0.07828,-0.13477,-0.9552,-0.64,0.83,0.16,0.05791,-0.0266,-0.15762,-0.98544,-0.64,0.83,0.2,-0.33322,-0.08738,-0.14722,-0.92717,-0.63,0.82,0.22,-0.46275,-0.09309,-0.18792,-0.86133,-0.63,0.8,0.24,-0.46275,-0.09309,-0.18792,-0.86133,-0.66,0.79,0.11,0.25161,-0.07828,-0.13477,-0.9552,-0.66,0.82,0.16,0.12724,-0.01471,-0.20487,-0.97037,-0.66,0.83,0.2,-0.26158,-0.10902,-0.22073,-0.93326,-0.65,0.81,0.22,-0.41183,-0.16945,-0.21826,-0.86836,-0.64,0.8,0.24,-0.41183,-0.16945,-0.21826,-0.86836,-0.67,0.79,0.12,0.19096,0.00372,-0.3621,-0.91236,-0.68,0.8,0.16,0.14329,-0.03801,-0.26918,-0.95161,-0.68,0.81,0.19,-0.15834,-0.0983,-0.30912,-0.93258,-0.67,0.81,0.21,-0.23289,-0.17352,-0.30447,-0.90717,-0.66,0.8,0.23,-0.23289,-0.17352,-0.30447,-0.90717,-0.49,0.81,0.14,0.32052,0.22084,0.11395,-0.91406,-0.47,0.77,0.1,0.32052,0.22084,0.11395,-0.91406,-0.51,0.78,0.12,0.44383,0.26891,-0.58109,-0.62693,-0.54,0.79,0.13,0.24569,0.09725,-0.56193,-0.78385,-0.55,0.8,0.16,0.15243,0.06851,-0.64137,-0.74881,-0.56,0.81,0.19,0.15243,0.06851,-0.64137,-0.74881,-0.5,0.79,0.12,0.32052,0.22084,0.11395,-0.91406,-0.52,0.83,0.16,0.00278,0.2573,-0.02382,-0.96603,-0.54,0.83,0.19,-0.33416,0.23566,-0.08511,-0.9086,-0.55,0.81,0.21,-0.44756,0.19574,-0.10658,-0.86603,-0.55,0.8,0.22,-0.44756,0.19574,-0.10658,-0.86603,-0.48,0.79,0.13,0.32052,0.22084,0.11395,-0.91406,-0.5,0.83,0.16,0.01252,0.23772,0.05269,-0.96982,-0.52,0.83,0.2,-0.38693,0.23928,-0.0363,-0.88978,-0.53,0.81,0.22,-0.5762,0.20941,-0.02548,-0.78962,-0.54,0.79,0.23,-0.5762,0.20941,-0.02548,-0.78962,-0.47,0.79,0.13,0.32052,0.22084,0.11395,-0.91406,-0.48,0.82,0.17,0.07742,0.21293,0.13291,-0.96488,-0.5,0.83,0.21,-0.40775,0.26685,0.05173,-0.8717,-0.51,0.81,0.22,-0.65195,0.28806,-0.00209,-0.70141,-0.52,0.79,0.22,-0.65195,0.28806,-0.00209,-0.70141,-0.46,0.79,0.14,0.23183,0.15394,0.34049,-0.89812,-0.47,0.81,0.18,0.163,0.18771,0.23544,-0.93956,-0.47,0.82,0.2,-0.37919,0.28187,0.17621,-0.86355,-0.49,0.81,0.21,-0.63964,0.36496,0.08625,-0.67099,-0.5,0.79,0.21,-0.63964,0.36496,0.08625,-0.67099,-0.6,0.8,0.21
33,-0.64,0.81,0.14,0.25335,-0.07337,-0.14336,-0.95387,-0.65,0.78,0.08,0.25335,-0.07337,-0.14336,-0.95387,-0.62,0.79,0.11,0.35911,-0.22229,0.53133,-0.73439,-0.59,0.8,0.13,0.10408,-0.03709,0.49995,-0.85898,-0.59,0.81,0.16,-0.03229,-0.00441,0.57086,-0.8204,-0.59,0.81,0.19,-0.03229,-0.00441,0.57086,-0.8204,-0.63,0.8,0.11,0.25335,-0.07337,-0.14336,-0.95387,-0.62,0.83,0.16,-6e-05,-0.04216,-0.11156,-0.99286,-0.62,0.83,0.2,-0.32788,-0.07822,-0.11734,-0.93413,-0.61,0.81,0.22,-0.46651,-0.06736,-0.11264,-0.87473,-0.61,0.8,0.23,-0.46651,-0.06736,-0.11264,-0.87473,-0.64,0.79,0.11,0.25335,-0.07337,-0.14336,-0.95387,-0.64,0.83,0.16,0.0601,-0.02258,-0.16739,-0.9838,-0.64,0.83,0.2,-0.33108,-0.08763,-0.15771,-0.92619,-0.64,0.82,0.23,-0.46226,-0.09524,-0.19817,-0.85905,-0.63,0.8,0.24,-0.46226,-0.09524,-0.19817,-0.85905,-0.66,0.79,0.11,0.25335,-0.07337,-0.14336,-0.95387,-0.66,0.82,0.16,0.12984,-0.01093,-0.21395,-0.96812,-0.66,0.83,0.2,-0.25719,-0.10897,-0.23051,-0.93212,-0.65,0.81,0.22,-0.4076,-0.17123,-0.22769,-0.86758,-0.64,0.8,0.24,-0.4076,-0.17123,-0.22769,-0.86758,-0.67,0.78,0.12,0.19248,0.00777,-0.37048,-0.90865,-0.68,0.8,0.16,0.14561,-0.03565,-0.27765,-0.94891,-0.68,0.81,0.19,-0.1464,-0.0958,-0.31832,-0.9317,-0.67,0.81,0.21,-0.21897,-0.17137,-0.31349,-0.90797,-0.66,0.8,0.23,-0.21897,-0.17137,-0.31349,-0.90797,-0.49,0.81,0.14,0.31944,0.22108,0.11337,-0.91445,-0.47,0.77,0.1,0.31944,0.22108,0.11337,-0.91445,-0.51,0.78,0.12,0.44263,0.27034,-0.58171,-0.62658,-0.54,0.79,0.13,0.24432,0.09817,-0.56306,-0.78335,-0.55,0.8,0.16,0.14822,0.06698,-0.64249,-0.74884,-0.56,0.8,0.19,0.14822,0.06698,-0.64249,-0.74884,-0.5,0.79,0.12,0.31944,0.22108,0.11337,-0.91445,-0.52,0.83,0.16,0.00236,0.25716,-0.024,-0.96607,-0.54,0.83,0.19,-0.33442,0.23546,-0.0852,-0.90855,-0.55,0.81,0.21,-0.44804,0.19551,-0.1067,-0.86583,-0.55,0.8,0.22,-0.44804,0.19551,-0.1067,-0.86583,-0.48,0.79,0.12,0.31944,0.22108,0.11337,-0.91445,-0.5,0.83,0.16,0.01261,0.23718,0.05275,-0.96995,-0.52,0.83,0.2,-0.38781,0.23877,-0.03627,-0.88954,-0.53,0.81,0.22,-0.57748,0.20881,-0.02544,-0.78884,-0.54,0.79,0.23,-0.57748,0.20881,-0.02544,-0.78884,-0.47,0.79,0.13,0.31944,0.22108,0.11337,-0.91445,-0.48,0.82,0.17,0.07783,0.2123,0.13288,-0.965,-0.5,0.83,0.21,-0.40718,0.26628,0.05208,-0.87212,-0.51,0.81,0.22,-0.65159,0.28764,-0.00162,-0.70192,-0.52,0.79,0.22,-0.65159,0.28764,-0.00162,-0.70192,-0.46,0.79,0.14,0.23081,0.15389,0.33986,-0.89863,-0.47,0.81,0.18,0.16399,0.1873,0.23506,-0.93956,-0.47,0.82,0.2,-0.37605,0.28099,0.17674,-0.8651,-0.49,0.81,0.21,-0.63649,0.36433,0.08724,-0.6742,-0.5,0.79,0.21,-0.63649,0.36433,0.08724,-0.6742,-0.6,0.8,0.21
34,-0.64,0.81,0.14,0.25063,-0.07347,-0.14514,-0.95432,-0.65,0.78,0.08,0.25063,-0.07347,-0.14514,-0.95432,-0.62,0.79,0.11,0.35788,-0.22309,0.52935,-0.73617,-0.59,0.8,0.13,0.10239,-0.03842,0.49823,-0.86012,-0.59,0.81,0.16,-0.03951,-0.00224,0.56891,-0.82145,-0.59,0.8,0.19,-0.03951,-0.00224,0.56891,-0.82145,-0.63,0.8,0.11,0.25063,-0.07347,-0.14514,-0.95432,-0.62,0.83,0.16,-0.00263,-0.0419,-0.1135,-0.99265,-0.62,0.83,0.2,-0.33001,-0.07852,-0.11927,-0.93312,-0.61,0.81,0.22,-0.46849,-0.06792,-0.11445,-0.87339,-0.61,0.8,0.23,-0.46849,-0.06792,-0.11445,-0.87339,-0.64,0.79,0.11,0.25063,-0.07347,-0.14514,-0.95432,-0.64,0.83,0.16,0.0572,-0.02257,-0.16903,-0.98369,-0.64,0.83,0.2,-0.33471,-0.0884,-0.15914,-0.92457,-0.64,0.82,0.23,-0.46598,-0.09604,-0.19939,-0.85667,-0.63,0.8,0.24,-0.46598,-0.09604,-0.19939,-0.85667,-0.66,0.79,0.11,0.25063,-0.07347,-0.14514,-0.95432,-0.66,0.82,0.16,0.12685,-0.01132,-0.21538,-0.96819,-0.66,0.83,0.2,-0.2603,-0.10984,-0.23168,-0.93086,-0.65,0.81,0.22,-0.4107,-0.17227,-0.22873,-0.86564,-0.64,0.8,0.24,-0.4107,-0.17227,-0.22873,-0.86564,-0.67,0.78,0.12,0.18956,0.00826,-0.37191,-0.90867,-0.68,0.8,0.16,0.14274,-0.03728,-0.2788,-0.94895,-0.68,0.81,0.19,-0.14754,-0.09693,-0.31897,-0.93118,-0.67,0.8,0.21,-0.21899,-0.17219,-0.31423,-0.90755,-0.66,0.8,0.23,-0.21899,-0.17219,-0.31423,-0.90755,-0.49,0.81,0.14,0.31971,0.22134,0.10911,-0.91481,-0.47,0.77,0.1,0.31971,0.22134,0.10911,-0.91481,-0.51,0.78,0.12,0.44126,0.27092,-0.58528,-0.62397,-0.54,0.79,0.13,0.24481,0.09841,-0.56672,-0.78052,-0.55,0.8,0.16,0.1483,0.06629,-0.64593,-0.74591,-0.56,0.8,0.19,0.1483,0.06629,-0.64593,-0.74591,-0.5,0.79,0.12,0.31971,0.22134,0.10911,-0.91481,-0.52,0.83,0.16,0.00413,0.25533,-0.02705,-0.96647,-0.54,0.83,0.19,-0.3364,0.23241,-0.08835,-0.9083,-0.55,0.81,0.21,-0.45062,0.19196,-0.10968,-0.8649,-0.55,0.8,0.22,-0.45062,0.19196,-0.10968,-0.8649,-0.48,0.79,0.12,0.31971,0.22134,0.10911,-0.91481,-0.5,0.83,0.16,0.01486,0.23567,0.04937,-0.97046,-0.52,0.83,0.2,-0.38777,0.23597,-0.03921,-0.89018,-0.53,0.82,0.22,-0.57742,0.20547,-0.02769,-0.78969,-0.54,0.79,0.23,-0.57742,0.20547,-0.02769,-0.78969,-0.47,0.79,0.13,0.31971,0.22134,0.10911,-0.91481,-0.48,0.82,0.17,0.07982,0.21147,0.12902,-0.96554,-0.5,0.83,0.21,-0.40582,0.26378,0.04907,-0.87368,-0.51,0.81,0.22,-0.65032,0.28447,-0.0036,-0.70438,-0.52,0.79,0.22,-0.65032,0.28447,-0.0036,-0.70438,-0.46,0.79,0.14,0.2316,0.15407,0.33584,-0.89991,-0.47,0.81,0.18,0.16499,0.18771,0.2307,-0.94038,-0.47,0.82,0.2,-0.37463,0.27893,0.17319,-0.8671,-0.49,0.81,0.21,-0.63429,0.36114,0.08533,-0.67821,-0.5,0.79,0.21,-0.63429,0.36114,0.08533,-0.67821,-0.6,0.8,0.21
35,-0.64,0.81,0.14,0.24952,-0.07366,-0.14387,-0.95479,-0.65,0.78,0.08,0.24952,-0.07366,-0.14387,-0.95479,-0.62,0.79,0.11,0.35667,-0.22357,0.5303,-0.73592,-0.59,0.8,0.13,0.10191,-0.03883,0.49928,-0.85955,-0.59,0.8,0.16,-0.04209,-0.00099,0.56976,-0.82073,-0.59,0.8,0.19,-0.04209,-0.00099,0.56976,-0.82073,-0.63,0.8,0.11,0.24952,-0.07366,-0.14387,-0.95479,-0.62,0.83,0.16,-0.00425,-0.04192,-0.11206,-0.99281,-0.62,0.83,0.2,-0.33109,-0.07796,-0.11795,-0.93295,-0.61,0.81,0.22,-0.46884,-0.06706,-0.11326,-0.87342,-0.61,0.8,0.23,-0.46884,-0.06706,-0.11326,-0.87342,-0.64,0.79,0.11,0.24952,-0.07366,-0.14387,-0.95479,-0.64,0.83,0.16,0.05624,-0.02228,-0.16773,-0.98398,-0.64,0.83,0.2,-0.33632,-0.08772,-0.158,-0.92425,-0.64,0.82,0.23,-0.4671,-0.09504,-0.19836,-0.85641,-0.63,0.8,0.24,-0.4671,-0.09504,-0.19836,-0.85641,-0.66,0.79,0.11,0.24952,-0.07366,-0.14387,-0.95479,-0.66,0.82,0.16,0.12585,-0.01113,-0.21406,-0.96862,-0.66,0.82,0.2,-0.2616,-0.10917,-0.23055,-0.93086,-0.65,0.81,0.22,-0.41187,-0.17137,-0.22779,-0.86551,-0.64,0.8,0.24,-0.41187,-0.17137,-0.22779,-0.86551,-0.67,0.78,0.12,0.18862,0.0084,-0.37062,-0.90939,-0.68,0.8,0.16,0.14143,-0.03765,-0.27741,-0.94954,-0.68,0.81,0.19,-0.14937,-0.09692,-0.3175,-0.93139,-0.67,0.8,0.21,-0.2202,-0.17182,-0.31297,-0.90777,-0.66,0.8,0.23,-0.2202,-0.17182,-0.31297,-0.90777,-0.49,0.81,0.14,0.32124,0.22052,0.10543,-0.91491,-0.47,0.77,0.1,0.32124,0.22052,0.10543,-0.91491,-0.51,0.78,0.12,0.44015,0.26927,-0.58897,-0.622,-0.54,0.79,0.13,0.24664,0.09732,-0.56957,-0.778,-0.55,0.8,0.16,0.15121,0.06559,-0.64855,-0.74311,-0.56,0.8,0.19,0.15121,0.06559,-0.64855,-0.74311,-0.5,0.79,0.12,0.32124,0.22052,0.10543,-0.91491,-0.52,0.83,0.16,0.00729,0.25257,-0.02913,-0.96711,-0.54,0.83,0.19,-0.33754,0.2288,-0.09034,-0.9086,-0.55,0.81,0.21,-0.45306,0.18794,-0.11155,-0.86428,-0.55,0.8,0.22,-0.45306,0.18794,-0.11155,-0.86428,-0.48,0.79,0.12,0.32124,0.22052,0.10543,-0.91491,-0.5,0.83,0.16,0.01649,0.23373,0.04621,-0.97106,-0.52,0.83,0.2,-0.38723,0.23288,-0.04147,-0.89112,-0.53,0.82,0.22,-0.57644,0.20208,-0.02914,-0.79122,-0.54,0.79,0.23,-0.57644,0.20208,-0.02914,-0.79122,-0.47,0.79,0.13,0.32124,0.22052,0.10543,-0.91491,-0.48,0.82,0.17,0.08145,0.21006,0.12563,-0.96616,-0.5,0.83,0.21,-0.40383,0.26094,0.04704,-0.87557,-0.51,0.81,0.22,-0.64785,0.28133,-0.00436,-0.7079,-0.52,0.79,0.22,-0.64785,0.28133,-0.00436,-0.7079,-0.46,0.79,0.14,0.23377,0.15351,0.33253,-0.90067,-0.47,0.81,0.18,0.16633,0.18739,0.22704,-0.9411,-0.47,0.82,0.2,-0.37278,0.27665,0.17061,-0.86914,-0.49,0.81,0.21,-0.63193,0.35811,0.08424,-0.68215,-0.5,0.79,0.21,-0.63193,0.35811,0.08424,-0.68215,-0.6,0.8,0.21
36,-0.64,0.81,0.14,0.24936,-0.07413,-0.14299,-0.95492,-0.65,0.78,0.08,0.24936,-0.07413,-0.14299,-0.95492,-0.62,0.79,0.11,0.35556,-0.22289,0.53196,-0.73547,-0.59,0.8,0.13,0.10234,-0.03829,0.50057,-0.85877,-0.59,0.8,0.16,-0.04317,0.00084,0.57078,-0.81996,-0.59,0.8,0.19,-0.04317,0.00084,0.57078,-0.81996,-0.63,0.8,0.11,0.24936,-0.07413,-0.14299,-0.95492,-0.62,0.83,0.16,-0.00462,-0.04249,-0.1109,-0.99291,-0.62,0.83,0.2,-0.33072,-0.07801,-0.11674,-0.93323,-0.61,0.81,0.22,-0.46772,-0.06683,-0.11214,-0.87418,-0.61,0.8,0.23,-0.46772,-0.06683,-0.11214,-0.87418,-0.64,0.79,0.11,0.24936,-0.07413,-0.14299,-0.95492,-0.64,0.83,0.16,0.05631,-0.02198,-0.16699,-0.9841,-0.64,0.83,0.2,-0.33656,-0.0872,-0.15741,-0.92431,-0.64,0.82,0.23,-0.46687,-0.09435,-0.19786,-0.85673,-0.63,0.8,0.24,-0.46687,-0.09435,-0.19786,-0.85673,-0.66,0.79,0.11,0.24936,-0.07413,-0.14299,-0.95492,-0.66,0.82,0.16,0.12604,-0.01047,-0.21341,-0.96874,-0.66,0.82,0.2,-0.26197,-0.10844,-0.23016,-0.93093,-0.65,0.81,0.22,-0.41208,-0.17054,-0.22757,-0.86563,-0.64,0.8,0.24,-0.41208,-0.17054,-0.22757,-0.86563,-0.67,0.78,0.12,0.1885,0.00801,-0.36976,-0.90977,-0.68,0.8,0.16,0.14175,-0.03697,-0.27671,-0.94972,-0.68,0.81,0.19,-0.15102,-0.09674,-0.31694,-0.93134,-0.67,0.8,0.21,-0.22169,-0.17153,-0.31253,-0.90761,-0.66,0.8,0.23,-0.22169,-0.17153,-0.31253,-0.90761,-0.49,0.81,0.14,0.32199,0.22071,0.10723,-0.91439,-0.47,0.77,0.1,0.32199,0.22071,0.10723,-0.91439,-0.51,0.78,0.12,0.43976,0.26814,-0.58933,-0.62242,-0.54,0.79,0.13,0.24848,0.09777,-0.56914,-0.77767,-0.55,0.8,0.16,0.15437,0.06697,-0.64823,-0.74262,-0.56,0.8,0.19,0.15437,0.06697,-0.64823,-0.74262,-0.5,0.79,0.12,0.32199,0.22071,0.10723,-0.91439,-0.52,0.83,0.16,0.00892,0.25314,-0.02716,-0.96701,-0.54,0.83,0.19,-0.33762,0.22991,-0.08912,-0.90841,-0.55,0.81,0.21,-0.45371,0.18914,-0.11062,-0.86379,-0.55,0.8,0.22,-0.45371,0.18914,-0.11062,-0.86379,-0.48,0.79,0.12,0.32199,0.22071,0.10723,-0.91439,-0.5,0.83,0.16,0.01588,0.2348,0.04733,-0.97076,-0.52,0.83,0.2,-0.38948,0.23422,-0.04137,-0.88979,-0.53,0.82,0.22,-0.57855,0.20325,-0.0294,-0.78937,-0.54,0.79,0.23,-0.57855,0.20325,-0.0294,-0.78937,-0.47,0.79,0.13,0.32199,0.22071,0.10723,-0.91439,-0.48,0.82,0.17,0.08007,0.21136,0.12665,-0.96586,-0.5,0.83,0.21,-0.40474,0.2625,0.04736,-0.87466,-0.51,0.81,0.22,-0.648,0.28291,-0.00436,-0.70713,-0.52,0.79,0.22,-0.648,0.28291,-0.00436,-0.70713,-0.46,0.79,0.14,0.23421,0.15396,0.33426,-0.89984,-0.47,0.81,0.18,0.16477,0.18915,0.22819,-0.94075,-0.47,0.82,0.2,-0.37313,0.27846,0.17087,-0.86836,-0.49,0.81,0.21,-0.63121,0.35981,0.08427,-0.68192,-0.5,0.79,0.21,-0.63121,0.35981,0.08427,-0.68192,-0.6,0.8,0.21
37,-0.64,0.81,0.14,0.25178,-0.07472,-0.14283,-0.95427,-0.65,0.78,0.08,0.25178,-0.07472,-0.14283,-0.95427,-0.62,0.79,0.11,0.35666,-0.221,0.53338,-0.73448,-0.59,0.8,0.13,0.10588,-0.03736,0.50111,-0.85807,-0.59,0.8,0.16,-0.04141,0.00336,0.57115,-0.81979,-0.59,0.8,0.19,-0.04141,0.00336,0.57115,-0.81979,-0.63,0.79,0.11,0.25178,-0.07472,-0.14283,-0.95427,-0.62,0.83,0.16,-0.00099,-0.04333,-0.11063,-0.99292,-0.62,0.83,0.2,-0.32645,-0.0787,-0.11627,-0.93473,-0.61,0.81,0.22,-0.46314,-0.0674,-0.11177,-0.87662,-0.61,0.8,0.23,-0.46314,-0.0674,-0.11177,-0.87662,-0.64,0.79,0.11,0.25178,-0.07472,-0.14283,-0.95427,-0.64,0.83,0.16,0.05926,-0.02224,-0.16706,-0.98391,-0.64,0.83,0.2,-0.33348,-0.08745,-0.1574,-0.9254,-0.64,0.82,0.22,-0.46365,-0.09472,-0.19787,-0.85843,-0.63,0.8,0.24,-0.46365,-0.09472,-0.19787,-0.85843,-0.66,0.79,0.11,0.25178,-0.07472,-0.14283,-0.95427,-0.66,0.81,0.16,0.12946,-0.01007,-0.21368,-0.96824,-0.66,0.82,0.2,-0.25867,-0.10833,-0.23051,-0.93178,-0.65,0.81,0.22,-0.40868,-0.1705,-0.22788,-0.86717,-0.64,0.8,0.24,-0.40868,-0.1705,-0.22788,-0.86717,-0.67,0.78,0.12,0.19074,0.00685,-0.3698,-0.9093,-0.68,0.8,0.16,0.14549,-0.03577,-0.27702,-0.94911,-0.68,0.81,0.19,-0.14926,-0.09662,-0.31754,-0.93143,-0.67,0.8,0.21,-0.21962,-0.17137,-0.31309,-0.90795,-0.66,0.8,0.23,-0.21962,-0.17137,-0.31309,-0.90795,-0.49,0.81,0.14,0.31989,0.22207,0.10999,-0.91447,-0.47,0.77,0.1,0.31989,0.22207,0.10999,-0.91447,-0.51,0.78,0.12,0.43809,0.27035,-0.58862,-0.62331,-0.54,0.79,0.13,0.24671,0.10012,-0.56904,-0.77802,-0.55,0.8,0.16,0.1523,0.06907,-0.64828,-0.74281,-0.56,0.8,0.19,0.1523,0.06907,-0.64828,-0.74281,-0.5,0.79,0.12,0.31989,0.22207,0.10999,-0.91447,-0.52,0.83,0.16,0.00691,0.25577,-0.02526,-0.96638,-0.54,0.83,0.19,-0.33914,0.233,-0.08822,-0.90715,-0.55,0.81,0.21,-0.45513,0.19232,-0.11019,-0.8624,-0.55,0.8,0.22,-0.45513,0.19232,-0.11019,-0.8624,-0.48,0.79,0.13,0.31989,0.22207,0.10999,-0.91447,-0.5,0.83,0.16,0.01306,0.23723,0.04912,-0.97012,-0.52,0.83,0.2,-0.39427,0.23702,-0.0414,-0.88694,-0.53,0.81,0.22,-0.58419,0.2055,-0.03036,-0.78458,-0.54,0.79,0.22,-0.58419,0.2055,-0.03036,-0.78458,-0.47,0.79,0.13,0.31989,0.22207,0.10999,-0.91447,-0.48,0.82,0.17,0.07715,0.21339,0.12869,-0.96538,-0.5,0.83,0.21,-0.40857,0.2652,0.04777,-0.87204,-0.51,0.81,0.22,-0.65189,0.28538,-0.00501,-0.70254,-0.52,0.79,0.22,-0.65189,0.28538,-0.00501,-0.70254,-0.46,0.79,0.14,0.23151,0.15488,0.33663,-0.8995,-0.47,0.81,0.18,0.16143,0.1909,0.23036,-0.94044,-0.47,0.82,0.2,-0.37661,0.28093,0.17153,-0.86592,-0.49,0.81,0.21,-0.63445,0.36231,0.08386,-0.67762,-0.5,0.79,0.21,-0.63445,0.36231,0.08386,-0.67762,-0.6,0.8,0.21
38,-0.64,0.81,0.14,0.25621,-0.07794,-0.14492,-0.95251,-0.65,0.78,0.08,0.25621,-0.07794,-0.14492,-0.95251,-0.62,0.79,0.11,0.36161,-0.21895,0.53285,-0.73306,-0.59,0.8,0.13,0.11335,-0.03736,0.49963,-0.85798,-0.59,0.8,0.16,-0.03453,0.00413,0.56999,-0.82092,-0.59,0.8,0.19,-0.03453,0.00413,0.56999,-0.82092,-0.63,0.79,0.11,0.25621,-0.07794,-0.14492,-0.95251,-0.62,0.83,0.16,0.00208,-0.04717,-0.11202,-0.99258,-0.62,0.83,0.2,-0.32212,-0.08269,-0.11644,-0.93586,-0.61,0.81,0.22,-0.45786,-0.07124,-0.1116,-0.87911,-0.61,0.8,0.23,-0.45786,-0.07124,-0.1116,-0.87911,-0.64,0.79,0.11,0.25621,-0.07794,-0.14492,-0.95251,-0.64,0.83,0.16,0.06237,-0.02567,-0.16905,-0.9833,-0.64,0.83,0.2,-0.33033,-0.09142,-0.15788,-0.92607,-0.63,0.82,0.22,-0.46034,-0.09879,-0.19781,-0.85977,-0.63,0.8,0.24,-0.46034,-0.09879,-0.19781,-0.85977,-0.66,0.79,0.11,0.25621,-0.07794,-0.14492,-0.95251,-0.66,0.81,0.16,0.13325,-0.01322,-0.21596,-0.96718,-0.66,0.83,0.2,-0.25538,-0.11238,-0.23123,-0.93203,-0.65,0.81,0.22,-0.40524,-0.1746,-0.22783,-0.86798,-0.64,0.8,0.24,-0.40524,-0.1746,-0.22783,-0.86798,-0.67,0.78,0.12,0.19411,0.00253,-0.37202,-0.9077,-0.68,0.8,0.16,0.14996,-0.03816,-0.27932,-0.94765,-0.68,0.81,0.19,-0.14591,-0.10027,-0.319,-0.93107,-0.67,0.8,0.21,-0.21562,-0.17493,-0.31413,-0.90787,-0.66,0.8,0.23,-0.21562,-0.17493,-0.31413,-0.90787,-0.49,0.81,0.15,0.31702,0.22138,0.10901,-0.91576,-0.47,0.77,0.1,0.31702,0.22138,0.10901,-0.91576,-0.51,0.78,0.12,0.4368,0.27241,-0.58766,-0.62422,-0.54,0.79,0.13,0.24488,0.10212,-0.5687,-0.77857,-0.55,0.8,0.16,0.14901,0.06989,-0.64809,-0.74356,-0.56,0.8,0.19,0.14901,0.06989,-0.64809,-0.74356,-0.5,0.79,0.12,0.31702,0.22138,0.10901,-0.91576,-0.52,0.83,0.16,0.00396,0.2551,-0.02597,-0.96656,-0.54,0.83,0.19,-0.34305,0.23194,-0.08892,-0.90588,-0.55,0.81,0.21,-0.45934,0.19108,-0.11099,-0.86033,-0.55,0.8,0.22,-0.45934,0.19108,-0.11099,-0.86033,-0.48,0.79,0.13,0.31702,0.22138,0.10901,-0.91576,-0.5,0.83,0.16,0.00986,0.23653,0.04812,-0.97038,-0.52,0.83,0.2,-0.39878,0.23586,-0.04241,-0.88518,-0.53,0.81,0.22,-0.59003,0.20365,-0.03147,-0.78064,-0.54,0.79,0.22,-0.59003,0.20365,-0.03147,-0.78064,-0.47,0.79,0.13,0.31702,0.22138,0.10901,-0.91576,-0.48,0.82,0.17,0.07483,0.21288,0.12756,-0.96582,-0.5,0.83,0.21,-0.41285,0.2642,0.04651,-0.87039,-0.51,0.81,0.22,-0.65709,0.28381,-0.00633,-0.69831,-0.52,0.79,0.22,-0.65709,0.28381,-0.00633,-0.69831,-0.46,0.79,0.14,0.22899,0.15341,0.33556,-0.90079,-0.47,0.81,0.18,0.16031,0.19015,0.22929,-0.94105,-0.47,0.82,0.2,-0.3797,0.27997,0.17052,-0.86508,-0.49,0.81,0.21,-0.63958,0.36123,0.0822,-0.67357,-0.5,0.79,0.21,-0.63958,0.36123,0.0822,-0.67357,-0.6,0.8,0.21
39,-0.64,0.81,0.14,0.26073,-0.08023,-0.14817,-0.95059,-0.65,0.78,0.08,0.26073,-0.08023,-0.14817,-0.95059,-0.62,0.79,0.11,0.366,-0.21668,0.53185,-0.73228,-0.59,0.8,0.13,0.11959,-0.03692,0.49766,-0.85829,-0.59,0.81,0.16,-0.02917,0.00531,0.56824,-0.82233,-0.59,0.81,0.19,-0.02917,0.00531,0.56824,-0.82233,-0.63,0.79,0.11,0.26073,-0.08023,-0.14817,-0.95059,-0.62,0.83,0.16,0.00401,-0.05022,-0.11483,-0.99211,-0.62,0.83,0.2,-0.31971,-0.08647,-0.11814,-0.93614,-0.61,0.82,0.21,-0.45393,-0.07503,-0.11298,-0.88066,-0.61,0.8,0.23,-0.45393,-0.07503,-0.11298,-0.88066,-0.64,0.79,0.11,0.26073,-0.08023,-0.14817,-0.95059,-0.64,0.83,0.16,0.06495,-0.028,-0.17255,-0.98246,-0.64,0.83,0.2,-0.32832,-0.09508,-0.16009,-0.92603,-0.63,0.82,0.22,-0.45796,-0.10274,-0.19948,-0.86019,-0.63,0.8,0.24,-0.45796,-0.10274,-0.19948,-0.86019,-0.66,0.79,0.11,0.26073,-0.08023,-0.14817,-0.95059,-0.66,0.82,0.16,0.13634,-0.01524,-0.21962,-0.96589,-0.66,0.83,0.2,-0.25298,-0.11601,-0.23363,-0.93165,-0.65,0.82,0.22,-0.40236,-0.1785,-0.22956,-0.86807,-0.64,0.8,0.24,-0.40236,-0.1785,-0.22956,-0.86807,-0.67,0.78,0.12,0.19759,-0.00095,-0.37536,-0.90557,-0.68,0.8,0.16,0.15282,-0.04022,-0.28287,-0.94605,-0.68,0.81,0.19,-0.14475,-0.10411,-0.32164,-0.92992,-0.67,0.81,0.21,-0.21371,-0.17876,-0.31642,-0.90678,-0.66,0.8,0.23,-0.21371,-0.17876,-0.31642,-0.90678,-0.49,0.81,0.15,0.31588,0.22016,0.10737,-0.91664,-0.47,0.77,0.1,0.31588,0.22016,0.10737,-0.91664,-0.51,0.78,0.12,0.43554,0.27181,-0.5883,-0.62476,-0.54,0.79,0.13,0.24381,0.1014,-0.56912,-0.7787,-0.55,0.8,0.16,0.1474,0.06885,-0.6484,-0.74371,-0.56,0.8,0.19,0.1474,0.06885,-0.6484,-0.74371,-0.5,0.79,0.12,0.31588,0.22016,0.10737,-0.91664,-0.52,0.83,0.16,0.00372,0.25352,-0.02674,-0.96695,-0.54,0.83,0.19,-0.34443,0.23008,-0.08934,-0.90579,-0.55,0.81,0.21,-0.4614,0.18907,-0.11138,-0.85963,-0.55,0.79,0.22,-0.4614,0.18907,-0.11138,-0.85963,-0.48,0.79,0.13,0.31588,0.22016,0.10737,-0.91664,-0.5,0.83,0.17,0.00784,0.23507,0.04662,-0.97083,-0.52,0.83,0.2,-0.40301,0.23377,-0.04374,-0.88375,-0.53,0.81,0.22,-0.59547,0.20086,-0.03265,-0.77718,-0.54,0.79,0.22,-0.59547,0.20086,-0.03265,-0.77718,-0.47,0.79,0.13,0.31588,0.22016,0.10737,-0.91664,-0.48,0.82,0.17,0.07385,0.21169,0.12599,-0.96636,-0.5,0.83,0.21,-0.41596,0.26246,0.0452,-0.86951,-0.51,0.81,0.22,-0.66099,0.28157,-0.00737,-0.69553,-0.52,0.79,0.22,-0.66099,0.28157,-0.00737,-0.69553,-0.46,0.79,0.14,0.22835,0.15184,0.33402,-0.9018,-0.47,0.81,0.18,0.16212,0.18867,0.22795,-0.94136,-0.47,0.82,0.2,-0.37945,0.27837,0.16989,-0.86583,-0.49,0.81,0.21,-0.6414,0.35968,0.08129,-0.67278,-0.5,0.79,0.21,-0.6414,0.35968,0.08129,-0.67278,-0.6,0.8,0.21
40,-0.64,0.81,0.14,0.25722,-0.0782,-0.14648,-0.95198,-0.65,0.78,0.08,0.25722,-0.0782,-0.14648,-0.95198,-0.62,0.79,0.11,0.36152,-0.21779,0.53312,-0.73325,-0.59,0.8,0.13,0.11614,-0.03784,0.49919,-0.85784,-0.59,0.8,0.16,-0.03428,0.00562,0.56951,-0.82125,-0.59,0.8,0.19,-0.03428,0.00562,0.56951,-0.82125,-0.63,0.79,0.11,0.25722,-0.0782,-0.14648,-0.95198,-0.62,0.83,0.16,-0.0006,-0.04776,-0.11349,-0.99239,-0.62,0.83,0.2,-0.32285,-0.08343,-0.1178,-0.93538,-0.61,0.81,0.22,-0.45676,-0.07192,-0.11299,-0.87945,-0.61,0.8,0.23,-0.45676,-0.07192,-0.11299,-0.87945,-0.64,0.79,0.11,0.25722,-0.0782,-0.14648,-0.95198,-0.64,0.83,0.16,0.06105,-0.02441,-0.17145,-0.983,-0.64,0.83,0.2,-0.33212,-0.09131,-0.16051,-0.92498,-0.63,0.82,0.22,-0.46185,-0.09893,-0.20037,-0.85835,-0.63,0.8,0.24,-0.46185,-0.09893,-0.20037,-0.85835,-0.66,0.79,0.11,0.25722,-0.0782,-0.14648,-0.95198,-0.66,0.81,0.16,0.13375,-0.01113,-0.21834,-0.9666,-0.66,0.83,0.2,-0.25634,-0.11184,-0.23404,-0.93113,-0.65,0.81,0.22,-0.40604,-0.17453,-0.2307,-0.86686,-0.64,0.8,0.24,-0.40604,-0.17453,-0.2307,-0.86686,-0.67,0.78,0.12,0.19482,0.00197,-0.37356,-0.90691,-0.68,0.8,0.16,0.1502,-0.03622,-0.28151,-0.94704,-0.68,0.81,0.19,-0.14899,-0.10029,-0.32141,-0.92975,-0.67,0.8,0.21,-0.21865,-0.17518,-0.31664,-0.90623,-0.66,0.8,0.23,-0.21865,-0.17518,-0.31664,-0.90623,-0.49,0.81,0.15,0.31551,0.21904,0.10531,-0.91727,-0.47,0.77,0.1,0.31551,0.21904,0.10531,-0.91727,-0.51,0.78,0.12,0.43467,0.27144,-0.58933,-0.62456,-0.54,0.79,0.13,0.24276,0.10043,-0.57013,-0.77842,-0.55,0.8,0.16,0.14699,0.06848,-0.64922,-0.74311,-0.56,0.8,0.19,0.14699,0.06848,-0.64922,-0.74311,-0.5,0.79,0.12,0.31551,0.21904,0.10531,-0.91727,-0.52,0.83,0.16,0.00419,0.25182,-0.02797,-0.96736,-0.54,0.83,0.19,-0.34462,0.22801,-0.09002,-0.90617,-0.55,0.81,0.21,-0.46227,0.18684,-0.11194,-0.85957,-0.55,0.79,0.22,-0.46227,0.18684,-0.11194,-0.85957,-0.48,0.79,0.13,0.31551,0.21904,0.10531,-0.91727,-0.5,0.83,0.17,0.00844,0.23347,0.04517,-0.97128,-0.52,0.83,0.2,-0.40072,0.23181,-0.04388,-0.8853,-0.53,0.81,0.22,-0.59286,0.19914,-0.03221,-0.77963,-0.54,0.79,0.23,-0.59286,0.19914,-0.03221,-0.77963,-0.47,0.79,0.13,0.31551,0.21904,0.10531,-0.91727,-0.48,0.82,0.17,0.07451,0.21038,0.12424,-0.96683,-0.5,0.83,0.21,-0.41417,0.26043,0.04472,-0.871,-0.51,0.81,0.22,-0.65941,0.2796,-0.00715,-0.69782,-0.52,0.79,0.22,-0.65941,0.2796,-0.00715,-0.69782,-0.46,0.79,0.14,0.22851,0.15056,0.33212,-0.90267,-0.47,0.81,0.18,0.16304,0.18775,0.22597,-0.94186,-0.47,0.82,0.2,-0.37839,0.27653,0.16888,-0.86708,-0.49,0.81,0.21,-0.64066,0.35765,0.08101,-0.67459,-0.5,0.79,0.21,-0.64066,0.35765,0.08101,-0.67459,-0.6,0.8,0.21
41,-0.64,0.81,0.14,0.25299,-0.07264,-0.14237,-0.95418,-0.65,0.78,0.08,0.25299,-0.07264,-0.14237,-0.95418,-0.62,0.79,0.11,0.35499,-0.21723,0.53547,-0.73489,-0.59,0.8,0.13,0.10976,-0.03609,0.50135,-0.8575,-0.59,0.8,0.16,-0.04383,0.00934,0.57076,-0.81989,-0.59,0.8,0.19,-0.04383,0.00934,0.57076,-0.81989,-0.63,0.79,0.11,0.25299,-0.07264,-0.14237,-0.95418,-0.62,0.83,0.16,-0.00508,-0.04187,-0.11034,-0.993,-0.62,0.83,0.2,-0.32555,-0.07653,-0.11689,-0.93515,-0.61,0.81,0.22,-0.45962,-0.06497,-0.11297,-0.8785,-0.61,0.8,0.23,-0.45962,-0.06497,-0.11297,-0.8785,-0.65,0.79,0.11,0.25299,-0.07264,-0.14237,-0.95418,-0.64,0.83,0.16,0.05739,-0.01701,-0.16847,-0.98389,-0.64,0.83,0.2,-0.33525,-0.0832,-0.16075,-0.92458,-0.64,0.81,0.23,-0.46517,-0.09091,-0.20173,-0.85712,-0.63,0.8,0.24,-0.46517,-0.09091,-0.20173,-0.85712,-0.66,0.79,0.11,0.25299,-0.07264,-0.14237,-0.95418,-0.66,0.81,0.16,0.13099,-0.00352,-0.21487,-0.96781,-0.66,0.82,0.2,-0.2593,-0.10345,-0.23391,-0.93131,-0.66,0.81,0.22,-0.4096,-0.16637,-0.23202,-0.86644,-0.64,0.8,0.24,-0.4096,-0.16637,-0.23202,-0.86644,-0.67,0.78,0.12,0.19242,0.00861,-0.36954,-0.90903,-0.68,0.8,0.16,0.14636,-0.02896,-0.27804,-0.94891,-0.68,0.81,0.19,-0.15337,-0.0923,-0.32023,-0.93027,-0.67,0.8,0.21,-0.22434,-0.16756,-0.31626,-0.90641,-0.66,0.8,0.23,-0.22434,-0.16756,-0.31626,-0.90641,-0.49,0.81,0.14,0.3185,0.21996,0.10454,-0.91611,-0.47,0.77,0.1,0.3185,0.21996,0.10454,-0.91611,-0.51,0.78,0.12,0.43754,0.26948,-0.58969,-0.62307,-0.54,0.79,0.13,0.2456,0.09838,-0.57,-0.77788,-0.55,0.8,0.16,0.15033,0.06674,-0.64901,-0.74279,-0.56,0.8,0.19,0.15033,0.06674,-0.64901,-0.74279,-0.5,0.79,0.12,0.3185,0.21996,0.10454,-0.91611,-0.52,0.83,0.16,0.0078,0.25257,-0.02916,-0.96711,-0.54,0.83,0.19,-0.3417,0.22834,-0.09154,-0.90704,-0.55,0.81,0.21,-0.4604,0.18688,-0.11364,-0.86035,-0.55,0.8,0.22,-0.4604,0.18688,-0.11364,-0.86035,-0.48,0.79,0.13,0.3185,0.21996,0.10454,-0.91611,-0.5,0.83,0.16,0.01095,0.23471,0.04361,-0.97103,-0.52,0.83,0.2,-0.3958,0.23245,-0.04516,-0.88728,-0.53,0.81,0.22,-0.58771,0.19992,-0.03339,-0.78327,-0.54,0.79,0.23,-0.58771,0.19992,-0.03339,-0.78327,-0.47,0.79,0.13,0.3185,0.21996,0.10454,-0.91611,-0.48,0.82,0.17,0.07715,0.21198,0.12291,-0.96644,-0.5,0.83,0.21,-0.40997,0.26121,0.04321,-0.87283,-0.51,0.81,0.22,-0.65549,0.28007,-0.00874,-0.7013,-0.52,0.79,0.22,-0.65549,0.28007,-0.00874,-0.7013,-0.46,0.79,0.14,0.23133,0.15221,0.33154,-0.90189,-0.47,0.81,0.18,0.16544,0.18952,0.22501,-0.94132,-0.47,0.82,0.2,-0.3763,0.27774,0.16709,-0.86795,-0.49,0.81,0.21,-0.63868,0.35819,0.07901,-0.67643,-0.5,0.79,0.21,-0.63868,0.35819,0.07901,-0.67643,-0.6,0.8,0.21
42,-0.64,0.81,0.14,0.25416,-0.07183,-0.14059,-0.95419,-0.65,0.78,0.08,0.25416,-0.07183,-0.14059,-0.95419,-0.62,0.79,0.11,0.35595,-0.21624,0.53614,-0.73424,-0.59,0.8,0.13,0.11031,-0.03464,0.50176,-0.85725,-0.59,0.8,0.16,-0.04543,0.01231,0.57075,-0.81977,-0.59,0.8,0.19,-0.04543,0.01231,0.57075,-0.81977,-0.63,0.79,0.11,0.25416,-0.07183,-0.14059,-0.95419,-0.62,0.83,0.16,-0.00529,-0.04136,-0.10851,-0.99322,-0.62,0.83,0.2,-0.32599,-0.07547,-0.11531,-0.93528,-0.61,0.81,0.22,-0.4614,-0.06388,-0.11143,-0.87785,-0.61,0.8,0.23,-0.4614,-0.06388,-0.11143,-0.87785,-0.65,0.79,0.11,0.25416,-0.07183,-0.14059,-0.95419,-0.64,0.83,0.16,0.05856,-0.01571,-0.16708,-0.98408,-0.64,0.83,0.2,-0.33471,-0.08156,-0.15994,-0.92506,-0.64,0.81,0.23,-0.46633,-0.08951,-0.20118,-0.85677,-0.63,0.8,0.24,-0.46633,-0.08951,-0.20118,-0.85677,-0.66,0.79,0.11,0.25416,-0.07183,-0.14059,-0.95419,-0.66,0.81,0.16,0.13249,-0.00216,-0.21345,-0.96793,-0.66,0.82,0.2,-0.25902,-0.10196,-0.23305,-0.93177,-0.66,0.81,0.22,-0.41113,-0.16517,-0.23122,-0.86616,-0.64,0.8,0.24,-0.41113,-0.16517,-0.23122,-0.86616,-0.67,0.78,0.12,0.19396,0.00918,-0.36801,-0.90932,-0.68,0.8,0.16,0.14644,-0.02789,-0.27666,-0.94934,-0.68,0.81,0.19,-0.15403,-0.0911,-0.31922,-0.93063,-0.67,0.8,0.21,-0.22714,-0.16698,-0.31512,-0.90622,-0.66,0.8,0.23,-0.22714,-0.16698,-0.31512,-0.90622,-0.49,0.81,0.14,0.33021,0.22475,0.1099,-0.91015,-0.47,0.77,0.1,0.33021,0.22475,0.1099,-0.91015,-0.51,0.78,0.12,0.45063,0.2633,-0.58576,-0.62007,-0.54,0.79,0.13,0.25919,0.09471,-0.56419,-0.77816,-0.55,0.8,0.16,0.16347,0.06229,-0.64365,-0.74506,-0.56,0.81,0.18,0.16347,0.06229,-0.64365,-0.74506,-0.5,0.79,0.12,0.33021,0.22475,0.1099,-0.91015,-0.52,0.83,0.16,0.02027,0.25775,-0.02575,-0.96566,-0.54,0.83,0.19,-0.33443,0.23423,-0.09151,-0.90825,-0.55,0.82,0.2,-0.45474,0.19267,-0.1145,-0.86197,-0.55,0.8,0.22,-0.45474,0.19267,-0.1145,-0.86197,-0.48,0.79,0.12,0.33021,0.22475,0.1099,-0.91015,-0.5,0.83,0.16,0.02008,0.24189,0.04587,-0.96901,-0.52,0.84,0.2,-0.38697,0.24003,-0.04617,-0.88911,-0.53,0.82,0.22,-0.58021,0.20764,-0.03597,-0.78673,-0.54,0.79,0.22,-0.58021,0.20764,-0.03597,-0.78673,-0.47,0.79,0.13,0.33021,0.22475,0.1099,-0.91015,-0.48,0.82,0.17,0.08533,0.22024,0.12576,-0.96354,-0.5,0.83,0.2,-0.4017,0.2701,0.04146,-0.87405,-0.51,0.82,0.22,-0.64823,0.2882,-0.01331,-0.70467,-0.52,0.79,0.22,-0.64823,0.2882,-0.01331,-0.70467,-0.46,0.79,0.14,0.24103,0.16021,0.33705,-0.8959,-0.47,0.81,0.17,0.17462,0.19775,0.22949,-0.93687,-0.47,0.82,0.2,-0.3688,0.28818,0.16579,-0.86802,-0.49,0.81,0.21,-0.63173,0.36756,0.07389,-0.6785,-0.5,0.8,0.21,-0.63173,0.36756,0.07389,-0.6785,-0.6,0.8,0.21
43,-0.64,0.81,0.14,0.26258,-0.07191,-0.1471,-0.95092,-0.65,0.78,0.08,0.26258,-0.07191,-0.1471,-0.95092,-0.62,0.79,0.11,0.36393,-0.20967,0.53246,-0.7349,-0.59,0.8,0.13,0.11742,-0.02985,0.4959,-0.85989,-0.59,0.81,0.16,-0.03873,0.0164,0.56481,-0.82415,-0.59,0.81,0.19,-0.03873,0.0164,0.56481,-0.82415,-0.63,0.79,0.11,0.26258,-0.07191,-0.1471,-0.95092,-0.62,0.83,0.16,0.00066,-0.04361,-0.11505,-0.9924,-0.62,0.83,0.2,-0.32318,-0.08026,-0.12048,-0.9352,-0.61,0.81,0.22,-0.45992,-0.06957,-0.1158,-0.87763,-0.61,0.8,0.23,-0.45992,-0.06957,-0.1158,-0.87763,-0.64,0.79,0.11,0.26258,-0.07191,-0.1471,-0.95092,-0.64,0.83,0.16,0.06491,-0.01806,-0.17397,-0.98244,-0.64,0.83,0.2,-0.33097,-0.087,-0.16507,-0.92501,-0.64,0.82,0.22,-0.46485,-0.09619,-0.20542,-0.85584,-0.63,0.8,0.24,-0.46485,-0.09619,-0.20542,-0.85584,-0.66,0.79,0.11,0.26258,-0.07191,-0.1471,-0.95092,-0.66,0.82,0.16,0.13928,-0.00397,-0.22055,-0.96537,-0.66,0.83,0.2,-0.25592,-0.10771,-0.23828,-0.93066,-0.66,0.81,0.22,-0.41019,-0.1723,-0.23498,-0.8642,-0.64,0.8,0.24,-0.41019,-0.1723,-0.23498,-0.8642,-0.67,0.78,0.12,0.20124,0.00679,-0.37481,-0.90497,-0.68,0.8,0.16,0.15394,-0.02921,-0.28362,-0.94605,-0.68,0.81,0.19,-0.14951,-0.09613,-0.32527,-0.92876,-0.67,0.8,0.21,-0.22456,-0.17328,-0.32008,-0.90393,-0.66,0.8,0.23,-0.22456,-0.17328,-0.32008,-0.90393,-0.49,0.81,0.14,0.33257,0.2209,0.11144,-0.91004,-0.47,0.77,0.1,0.33257,0.2209,0.11144,-0.91004,-0.51,0.78,0.12,0.44989,0.25939,-0.58611,-0.62192,-0.54,0.79,0.13,0.25772,0.0903,-0.56341,-0.77974,-0.55,0.8,0.16,0.15763,0.05493,-0.64249,-0.74789,-0.56,0.81,0.19,0.15763,0.05493,-0.64249,-0.74789,-0.5,0.79,0.12,0.33257,0.2209,0.11144,-0.91004,-0.52,0.83,0.16,0.0212,0.25415,-0.02315,-0.96665,-0.54,0.83,0.19,-0.33816,0.23142,-0.08888,-0.90785,-0.55,0.82,0.2,-0.45996,0.18999,-0.112,-0.86011,-0.55,0.8,0.22,-0.45996,0.18999,-0.112,-0.86011,-0.48,0.79,0.12,0.33257,0.2209,0.11144,-0.91004,-0.5,0.83,0.16,0.02084,0.23914,0.04795,-0.96958,-0.52,0.84,0.2,-0.38844,0.2383,-0.04365,-0.88906,-0.53,0.82,0.22,-0.58241,0.2063,-0.03328,-0.78558,-0.54,0.79,0.22,-0.58241,0.2063,-0.03328,-0.78558,-0.47,0.79,0.13,0.33257,0.2209,0.11144,-0.91004,-0.48,0.82,0.17,0.08574,0.21752,0.12765,-0.96387,-0.5,0.83,0.2,-0.403,0.26873,0.04398,-0.87375,-0.51,0.82,0.22,-0.65007,0.28755,-0.01072,-0.70328,-0.52,0.79,0.22,-0.65007,0.28755,-0.01072,-0.70328,-0.46,0.79,0.14,0.24391,0.15701,0.33892,-0.89498,-0.47,0.81,0.17,0.17562,0.19484,0.23143,-0.93682,-0.47,0.82,0.2,-0.37082,0.28736,0.1681,-0.86698,-0.49,0.81,0.21,-0.63399,0.36758,0.07605,-0.67614,-0.5,0.8,0.21,-0.63399,0.36758,0.07605,-0.67614,-0.6,0.8,0.21
44,-0.65,0.81,0.14,0.27221,-0.07483,-0.16169,-0.9456,-0.65,0.78,0.08,0.27221,-0.07483,-0.16169,-0.9456,-0.62,0.79,0.11,0.37426,-0.20288,0.52447,-0.73736,-0.59,0.8,0.13,0.12716,-0.02697,0.48555,-0.86449,-0.59,0.81,0.16,-0.02587,0.01567,0.55538,-0.83105,-0.59,0.81,0.19,-0.02587,0.01567,0.55538,-0.83105,-0.63,0.79,0.11,0.27221,-0.07483,-0.16169,-0.9456,-0.62,0.83,0.16,-0.00429,-0.05191,-0.12799,-0.99041,-0.62,0.83,0.2,-0.34116,-0.09409,-0.12856,-0.92641,-0.61,0.82,0.21,-0.47862,-0.0846,-0.121,-0.86552,-0.61,0.8,0.23,-0.47862,-0.0846,-0.121,-0.86552,-0.65,0.79,0.11,0.27221,-0.07483,-0.16169,-0.9456,-0.65,0.83,0.16,0.06684,-0.02625,-0.18798,-0.97954,-0.64,0.83,0.2,-0.33459,-0.10131,-0.17395,-0.92061,-0.64,0.82,0.22,-0.46944,-0.11155,-0.21186,-0.84988,-0.63,0.8,0.24,-0.46944,-0.11155,-0.21186,-0.84988,-0.66,0.79,0.11,0.27221,-0.07483,-0.16169,-0.9456,-0.66,0.82,0.16,0.1409,-0.01145,-0.23509,-0.96164,-0.66,0.83,0.2,-0.26028,-0.12227,-0.24766,-0.92518,-0.65,0.82,0.22,-0.41487,-0.18841,-0.2415,-0.85678,-0.64,0.8,0.24,-0.41487,-0.18841,-0.2415,-0.85678,-0.67,0.78,0.12,0.20801,0.00095,-0.38913,-0.89739,-0.68,0.8,0.16,0.16101,-0.03471,-0.29812,-0.94021,-0.68,0.81,0.19,-0.14839,-0.10871,-0.33676,-0.92345,-0.67,0.81,0.21,-0.22446,-0.18741,-0.32986,-0.8976,-0.66,0.8,0.23,-0.22446,-0.18741,-0.32986,-0.8976,-0.49,0.81,0.14,0.33035,0.2193,0.1152,-0.91077,-0.47,0.77,0.1,0.33035,0.2193,0.1152,-0.91077,-0.51,0.78,0.12,0.44759,0.26022,-0.58422,-0.625,-0.54,0.79,0.13,0.25397,0.09092,-0.56179,-0.78206,-0.55,0.8,0.16,0.14864,0.05179,-0.64088,-0.75133,-0.56,0.81,0.19,0.14864,0.05179,-0.64088,-0.75133,-0.5,0.79,0.12,0.33035,0.2193,0.1152,-0.91077,-0.52,0.83,0.16,0.01601,0.25341,-0.01945,-0.96703,-0.54,0.83,0.19,-0.34448,0.23181,-0.08549,-0.9057,-0.55,0.82,0.2,-0.46668,0.19071,-0.10905,-0.85671,-0.55,0.8,0.22,-0.46668,0.19071,-0.10905,-0.85671,-0.48,0.79,0.12,0.33035,0.2193,0.1152,-0.91077,-0.5,0.83,0.16,0.01791,0.23873,0.05194,-0.96953,-0.52,0.84,0.2,-0.39276,0.23948,-0.04031,-0.887,-0.53,0.82,0.22,-0.58679,0.2078,-0.03045,-0.78203,-0.54,0.79,0.22,-0.58679,0.2078,-0.03045,-0.78203,-0.47,0.79,0.13,0.33035,0.2193,0.1152,-0.91077,-0.48,0.82,0.17,0.08302,0.21668,0.13157,-0.96377,-0.5,0.83,0.2,-0.40698,0.26988,0.04734,-0.87138,-0.51,0.81,0.22,-0.65369,0.28946,-0.00799,-0.69917,-0.52,0.79,0.22,-0.65369,0.28946,-0.00799,-0.69917,-0.46,0.79,0.14,0.24154,0.15497,0.34243,-0.89464,-0.47,0.81,0.17,0.17257,0.1934,0.23516,-0.93676,-0.47,0.82,0.2,-0.37491,0.28818,0.1715,-0.86428,-0.49,0.81,0.21,-0.63776,0.36946,0.07866,-0.67125,-0.5,0.8,0.21,-0.63776,0.36946,0.07866,-0.67125,-0.6,0.8,0.21
45,-0.64,0.81,0.14,0.27436,-0.07891,-0.16742,-0.94365,-0.65,0.78,0.08,0.27436,-0.07891,-0.16742,-0.94365,-0.62,0.79,0.11,0.37493,-0.2023,0.52435,-0.73726,-0.59,0.8,0.13,0.13054,-0.02805,0.48497,-0.86428,-0.59,0.81,0.16,-0.01234,0.00804,0.5561,-0.83099,-0.59,0.81,0.19,-0.01234,0.00804,0.5561,-0.83099,-0.63,0.8,0.11,0.27436,-0.07891,-0.16742,-0.94365,-0.62,0.83,0.16,-0.03102,-0.06153,-0.12978,-0.98915,-0.62,0.83,0.19,-0.38952,-0.1063,-0.12426,-0.90639,-0.61,0.81,0.21,-0.5276,-0.09627,-0.11293,-0.83643,-0.61,0.79,0.22,-0.5276,-0.09627,-0.11293,-0.83643,-0.65,0.79,0.11,0.27436,-0.07891,-0.16742,-0.94365,-0.64,0.83,0.16,0.05712,-0.03466,-0.19212,-0.97909,-0.64,0.83,0.2,-0.35931,-0.11356,-0.17242,-0.91009,-0.63,0.82,0.22,-0.49619,-0.12254,-0.20795,-0.83399,-0.62,0.8,0.23,-0.49619,-0.12254,-0.20795,-0.83399,-0.66,0.79,0.11,0.27436,-0.07891,-0.16742,-0.94365,-0.66,0.82,0.16,0.12963,-0.02022,-0.23984,-0.96191,-0.66,0.83,0.2,-0.28321,-0.13495,-0.24707,-0.91681,-0.65,0.81,0.22,-0.43923,-0.20098,-0.23873,-0.84243,-0.64,0.8,0.23,-0.43923,-0.20098,-0.23873,-0.84243,-0.67,0.78,0.12,0.20848,-0.00382,-0.39449,-0.89493,-0.68,0.8,0.16,0.15807,-0.04067,-0.30347,-0.93876,-0.68,0.81,0.19,-0.16134,-0.11949,-0.33899,-0.91912,-0.67,0.81,0.21,-0.24142,-0.1998,-0.33081,-0.89015,-0.66,0.8,0.22,-0.24142,-0.1998,-0.33081,-0.89015,-0.49,0.81,0.14,0.32588,0.21907,0.11965,-0.91186,-0.47,0.77,0.1,0.32588,0.21907,0.11965,-0.91186,-0.51,0.78,0.12,0.44425,0.26324,-0.58183,-0.62835,-0.54,0.79,0.13,0.25024,0.09462,-0.5601,-0.78404,-0.55,0.8,0.16,0.14195,0.05341,-0.63952,-0.75367,-0.56,0.81,0.19,0.14195,0.05341,-0.63952,-0.75367,-0.5,0.79,0.12,0.32588,0.21907,0.11965,-0.91186,-0.52,0.83,0.16,0.00902,0.25399,-0.01513,-0.96705,-0.54,0.83,0.19,-0.35036,0.2338,-0.0815,-0.9033,-0.55,0.81,0.2,-0.47134,0.19329,-0.1053,-0.85404,-0.55,0.8,0.22,-0.47134,0.19329,-0.1053,-0.85404,-0.48,0.79,0.12,0.32588,0.21907,0.11965,-0.91186,-0.5,0.83,0.16,0.01276,0.2396,0.05629,-0.96915,-0.52,0.83,0.2,-0.40099,0.24187,-0.03773,-0.88277,-0.53,0.81,0.22,-0.59541,0.20997,-0.02887,-0.77496,-0.54,0.79,0.22,-0.59541,0.20997,-0.02887,-0.77496,-0.47,0.79,0.13,0.32588,0.21907,0.11965,-0.91186,-0.48,0.82,0.17,0.07753,0.21695,0.13582,-0.96357,-0.5,0.83,0.2,-0.4163,0.27219,0.04962,-0.86611,-0.51,0.81,0.22,-0.66267,0.29189,-0.0069,-0.68966,-0.52,0.79,0.22,-0.66267,0.29189,-0.0069,-0.68966,-0.46,0.79,0.14,0.23662,0.15376,0.34634,-0.89466,-0.47,0.81,0.18,0.16472,0.19333,0.23902,-0.93721,-0.47,0.82,0.2,-0.38467,0.29007,0.17389,-0.85887,-0.49,0.81,0.21,-0.64696,0.37196,0.07972,-0.66086,-0.5,0.79,0.21,-0.64696,0.37196,0.07972,-0.66086,-0.6,0.8,0.21
46,-0.64,0.81,0.13,0.27518,-0.08166,-0.16481,-0.94363,-0.65,0.78,0.08,0.27518,-0.08166,-0.16481,-0.94363,-0.62,0.79,0.11,0.37049,-0.20335,0.53168,-0.73396,-0.59,0.8,0.13,0.13333,-0.02991,0.49209,-0.85975,-0.59,0.81,0.16,0.00203,-1e-05,0.56415,-0.82567,-0.59,0.81,0.19,0.00203,-1e-05,0.56415,-0.82567,-0.63,0.8,0.11,0.27518,-0.08166,-0.16481,-0.94363,-0.62,0.83,0.16,-0.04737,-0.0669,-0.12404,-0.98889,-0.62,0.83,0.19,-0.42118,-0.11092,-0.11496,-0.8928,-0.61,0.81,0.21,-0.56109,-0.09982,-0.10144,-0.81543,-0.6,0.79,0.22,-0.56109,-0.09982,-0.10144,-0.81543,-0.65,0.79,0.11,0.27518,-0.08166,-0.16481,-0.94363,-0.64,0.83,0.16,0.04429,-0.03988,-0.18829,-0.9803,-0.64,0.83,0.2,-0.3936,-0.12055,-0.16392,-0.89648,-0.63,0.82,0.22,-0.53876,-0.12793,-0.19733,-0.80897,-0.62,0.8,0.23,-0.53876,-0.12793,-0.19733,-0.80897,-0.66,0.79,0.11,0.27518,-0.08166,-0.16481,-0.94363,-0.66,0.82,0.16,0.11329,-0.02701,-0.23637,-0.96466,-0.66,0.83,0.2,-0.31608,-0.14326,-0.23918,-0.90684,-0.65,0.81,0.22,-0.47879,-0.20899,-0.22881,-0.82142,-0.64,0.8,0.23,-0.47879,-0.20899,-0.22881,-0.82142,-0.67,0.78,0.12,0.20907,-0.0066,-0.39204,-0.89585,-0.68,0.8,0.16,0.14986,-0.045,-0.30105,-0.94068,-0.68,0.81,0.19,-0.17995,-0.12577,-0.33432,-0.91653,-0.67,0.81,0.21,-0.2688,-0.20858,-0.32474,-0.88249,-0.66,0.8,0.22,-0.2688,-0.20858,-0.32474,-0.88249,-0.49,0.81,0.14,0.32349,0.21943,0.12311,-0.91217,-0.47,0.77,0.1,0.32349,0.21943,0.12311,-0.91217,-0.51,0.78,0.12,0.44163,0.26382,-0.58122,-0.63051,-0.54,0.79,0.13,0.24975,0.09704,-0.55911,-0.7846,-0.55,0.8,0.16,0.1409,0.05536,-0.63881,-0.75432,-0.56,0.81,0.19,0.1409,0.05536,-0.63881,-0.75432,-0.5,0.79,0.12,0.32349,0.21943,0.12311,-0.91217,-0.52,0.83,0.16,0.00567,0.25479,-0.01162,-0.96691,-0.54,0.83,0.19,-0.35266,0.23581,-0.07831,-0.90216,-0.55,0.81,0.2,-0.47224,0.19583,-0.10216,-0.85335,-0.55,0.8,0.22,-0.47224,0.19583,-0.10216,-0.85335,-0.48,0.79,0.12,0.32349,0.21943,0.12311,-0.91217,-0.5,0.83,0.16,0.00988,0.24029,0.05989,-0.9688,-0.52,0.83,0.2,-0.40958,0.24372,-0.03645,-0.87836,-0.53,0.81,0.22,-0.6061,0.21111,-0.02877,-0.76632,-0.54,0.79,0.22,-0.6061,0.21111,-0.02877,-0.76632,-0.47,0.79,0.13,0.32349,0.21943,0.12311,-0.91217,-0.48,0.82,0.17,0.07294,0.2176,0.13891,-0.96335,-0.5,0.83,0.21,-0.42544,0.27434,0.05048,-0.86092,-0.51,0.81,0.22,-0.67268,0.29363,-0.00755,-0.67914,-0.52,0.79,0.22,-0.67268,0.29363,-0.00755,-0.67914,-0.46,0.79,0.14,0.23374,0.15363,0.3494,-0.89425,-0.47,0.81,0.18,0.1573,0.19459,0.24162,-0.93756,-0.47,0.82,0.2,-0.39415,0.29246,0.17445,-0.85363,-0.49,0.81,0.21,-0.65666,0.37437,0.07851,-0.64999,-0.5,0.79,0.21,-0.65666,0.37437,0.07851,-0.64999,-0.6,0.8,0.21
47,-0.64,0.81,0.13,0.28497,-0.08253,-0.15317,-0.94261,-0.65,0.78,0.08,0.28497,-0.08253,-0.15317,-0.94261,-0.62,0.79,0.11,0.36977,-0.20319,0.54636,-0.72352,-0.59,0.8,0.13,0.14386,-0.03016,0.50608,-0.84987,-0.59,0.81,0.16,0.00869,0.00585,0.57735,-0.81643,-0.59,0.81,0.19,0.00869,0.00585,0.57735,-0.81643,-0.63,0.8,0.11,0.28497,-0.08253,-0.15317,-0.94261,-0.62,0.83,0.15,-0.04153,-0.0654,-0.11227,-0.99065,-0.62,0.83,0.19,-0.41455,-0.10499,-0.10491,-0.89784,-0.61,0.81,0.21,-0.55473,-0.09234,-0.09273,-0.82167,-0.6,0.79,0.22,-0.55473,-0.09234,-0.09273,-0.82167,-0.65,0.79,0.11,0.28497,-0.08253,-0.15317,-0.94261,-0.64,0.83,0.16,0.03828,-0.04061,-0.17729,-0.98257,-0.64,0.84,0.2,-0.41907,-0.11952,-0.15129,-0.88725,-0.63,0.82,0.22,-0.58352,-0.12669,-0.18341,-0.78091,-0.62,0.79,0.22,-0.58352,-0.12669,-0.18341,-0.78091,-0.66,0.79,0.11,0.28497,-0.08253,-0.15317,-0.94261,-0.66,0.82,0.16,0.10847,-0.02798,-0.22611,-0.96764,-0.66,0.83,0.2,-0.34662,-0.14553,-0.22636,-0.89857,-0.65,0.81,0.22,-0.52814,-0.21251,-0.21284,-0.79411,-0.64,0.8,0.23,-0.52814,-0.21251,-0.21284,-0.79411,-0.67,0.79,0.12,0.22002,-0.00941,-0.38191,-0.89758,-0.68,0.8,0.16,0.15592,-0.04217,-0.29183,-0.94273,-0.68,0.81,0.19,-0.199,-0.12883,-0.32466,-0.91564,-0.67,0.81,0.2,-0.31341,-0.21905,-0.31072,-0.8702,-0.66,0.8,0.22,-0.31341,-0.21905,-0.31072,-0.8702,-0.49,0.81,0.14,0.32302,0.21871,0.12203,-0.91265,-0.47,0.77,0.1,0.32302,0.21871,0.12203,-0.91265,-0.51,0.78,0.12,0.44188,0.26186,-0.58098,-0.63138,-0.54,0.79,0.13,0.25241,0.09708,-0.55776,-0.78471,-0.55,0.8,0.16,0.14148,0.0536,-0.6376,-0.75537,-0.56,0.81,0.19,0.14148,0.0536,-0.6376,-0.75537,-0.5,0.79,0.12,0.32302,0.21871,0.12203,-0.91265,-0.52,0.83,0.16,0.00347,0.25313,-0.01234,-0.96735,-0.54,0.83,0.19,-0.35177,0.23421,-0.07756,-0.90299,-0.55,0.81,0.21,-0.4702,0.19448,-0.10085,-0.85494,-0.55,0.8,0.22,-0.4702,0.19448,-0.10085,-0.85494,-0.48,0.79,0.13,0.32302,0.21871,0.12203,-0.91265,-0.5,0.83,0.16,0.01027,0.23828,0.06003,-0.96928,-0.52,0.83,0.2,-0.41189,0.24187,-0.03612,-0.87781,-0.53,0.81,0.22,-0.61001,0.20902,-0.02839,-0.7638,-0.54,0.79,0.22,-0.61001,0.20902,-0.02839,-0.7638,-0.47,0.79,0.13,0.32302,0.21871,0.12203,-0.91265,-0.48,0.82,0.17,0.07316,0.21579,0.13863,-0.96378,-0.5,0.83,0.21,-0.42923,0.27283,0.05004,-0.85955,-0.51,0.81,0.22,-0.67822,0.29175,-0.00824,-0.67442,-0.52,0.79,0.22,-0.67822,0.29175,-0.00824,-0.67442,-0.46,0.79,0.14,0.23358,0.15275,0.34841,-0.89483,-0.47,0.81,0.18,0.15848,0.19319,0.24094,-0.93782,-0.47,0.82,0.2,-0.39414,0.29118,0.1744,-0.85408,-0.49,0.81,0.21,-0.65911,0.37334,0.07772,-0.64819,-0.5,0.79,0.21,-0.65911,0.37334,0.07772,-0.64819,-0.6,0.8,0.21
48,-0.64,0.81,0.13,0.29042,-0.08135,-0.14873,-0.94177,-0.65,0.78,0.08,0.29042,-0.08135,-0.14873,-0.94177,-0.62,0.79,0.11,0.36757,-0.20285,0.55416,-0.71878,-0.59,0.8,0.13,0.1486,-0.03069,0.51334,-0.84466,-0.59,0.81,0.16,0.00514,0.01308,0.58359,-0.81193,-0.59,0.81,0.19,0.00514,0.01308,0.58359,-0.81193,-0.63,0.8,0.11,0.29042,-0.08135,-0.14873,-0.94177,-0.62,0.84,0.15,-0.03884,-0.06451,-0.1076,-0.99134,-0.62,0.83,0.19,-0.4081,-0.102,-0.10141,-0.90154,-0.61,0.82,0.21,-0.54651,-0.08858,-0.09026,-0.82785,-0.6,0.8,0.22,-0.54651,-0.08858,-0.09026,-0.82785,-0.64,0.79,0.11,0.29042,-0.08135,-0.14873,-0.94177,-0.64,0.83,0.16,0.03268,-0.04035,-0.17336,-0.98349,-0.64,0.84,0.2,-0.43513,-0.11917,-0.14653,-0.88034,-0.63,0.82,0.22,-0.61273,-0.12668,-0.17755,-0.7596,-0.62,0.79,0.22,-0.61273,-0.12668,-0.17755,-0.7596,-0.66,0.79,0.11,0.29042,-0.08135,-0.14873,-0.94177,-0.66,0.82,0.16,0.10772,-0.02512,-0.22338,-0.96844,-0.66,0.83,0.2,-0.36768,-0.14655,-0.22252,-0.89097,-0.65,0.81,0.21,-0.5645,-0.21576,-0.20599,-0.76964,-0.64,0.8,0.22,-0.5645,-0.21576,-0.20599,-0.76964,-0.67,0.79,0.12,0.22618,-0.00943,-0.37822,-0.89761,-0.68,0.81,0.16,0.1628,-0.03457,-0.28987,-0.94249,-0.68,0.82,0.19,-0.21682,-0.13004,-0.3234,-0.91186,-0.67,0.81,0.2,-0.35461,-0.22799,-0.30506,-0.85394,-0.66,0.8,0.22,-0.35461,-0.22799,-0.30506,-0.85394,-0.49,0.81,0.14,0.32249,0.21538,0.11786,-0.91418,-0.47,0.77,0.1,0.32249,0.21538,0.11786,-0.91418,-0.51,0.78,0.12,0.44017,0.25747,-0.58307,-0.63245,-0.54,0.79,0.14,0.25229,0.09313,-0.55828,-0.78486,-0.55,0.8,0.16,0.13882,0.04786,-0.63764,-0.75621,-0.56,0.81,0.19,0.13882,0.04786,-0.63764,-0.75621,-0.5,0.79,0.12,0.32249,0.21538,0.11786,-0.91418,-0.52,0.83,0.16,0.00261,0.24839,-0.01482,-0.96854,-0.54,0.83,0.19,-0.34781,0.2293,-0.07684,-0.90584,-0.55,0.81,0.21,-0.46503,0.18987,-0.09897,-0.85901,-0.55,0.8,0.22,-0.46503,0.18987,-0.09897,-0.85901,-0.48,0.79,0.13,0.32249,0.21538,0.11786,-0.91418,-0.5,0.83,0.16,0.01323,0.23233,0.05903,-0.97076,-0.52,0.83,0.2,-0.41362,0.23595,-0.03547,-0.87863,-0.53,0.81,0.22,-0.61414,0.203,-0.02682,-0.76217,-0.54,0.79,0.22,-0.61414,0.203,-0.02682,-0.76217,-0.47,0.79,0.13,0.32249,0.21538,0.11786,-0.91418,-0.48,0.82,0.17,0.07528,0.20995,0.13675,-0.96517,-0.5,0.83,0.21,-0.43286,0.26719,0.04997,-0.85951,-0.51,0.81,0.22,-0.68424,0.28606,-0.00737,-0.67076,-0.52,0.79,0.22,-0.68424,0.28606,-0.00737,-0.67076,-0.46,0.79,0.14,0.23431,0.14912,0.34468,-0.89669,-0.46,0.81,0.18,0.16067,0.18808,0.23799,-0.93924,-0.47,0.82,0.2,-0.39385,0.28569,0.17449,-0.85605,-0.49,0.81,0.21,-0.66237,0.36853,0.07827,-0.64755,-0.5,0.79,0.21,-0.66237,0.36853,0.07827,-0.64755,-0.6,0.8,0.21
49,-0.64,0.82,0.13,0.28916,-0.07438,-0.15275,-0.94208,-0.65,0.78,0.08,0.28916,-0.07438,-0.15275,-0.94208,-0.62,0.79,0.11,0.36158,-0.19797,0.55349,-0.72368,-0.59,0.8,0.13,0.14461,-0.02726,0.51088,-0.84697,-0.59,0.81,0.16,-0.00897,0.02262,0.57962,-0.81452,-0.59,0.81,0.19,-0.00897,0.02262,0.57962,-0.81452,-0.63,0.8,0.11,0.28916,-0.07438,-0.15275,-0.94208,-0.62,0.84,0.15,-0.04099,-0.06256,-0.11145,-0.99095,-0.62,0.83,0.19,-0.41033,-0.10162,-0.10566,-0.90008,-0.61,0.82,0.21,-0.54919,-0.08893,-0.09435,-0.82558,-0.6,0.8,0.22,-0.54919,-0.08893,-0.09435,-0.82558,-0.64,0.8,0.11,0.28916,-0.07438,-0.15275,-0.94208,-0.64,0.83,0.16,0.0277,-0.03742,-0.17755,-0.98301,-0.64,0.84,0.2,-0.4421,-0.11898,-0.15123,-0.87608,-0.63,0.82,0.22,-0.62437,-0.1279,-0.18155,-0.74889,-0.62,0.79,0.22,-0.62437,-0.1279,-0.18155,-0.74889,-0.66,0.79,0.11,0.28916,-0.07438,-0.15275,-0.94208,-0.66,0.82,0.16,0.10586,-0.01918,-0.22826,-0.96764,-0.66,0.83,0.2,-0.3737,-0.14486,-0.22893,-0.8871,-0.65,0.82,0.21,-0.5753,-0.21675,-0.2115,-0.75981,-0.64,0.8,0.22,-0.5753,-0.21675,-0.2115,-0.75981,-0.67,0.79,0.12,0.22583,-0.00245,-0.38213,-0.89609,-0.68,0.81,0.16,0.16421,-0.02509,-0.29499,-0.94095,-0.68,0.82,0.19,-0.2239,-0.12671,-0.33077,-0.90797,-0.67,0.81,0.2,-0.36883,-0.22866,-0.31142,-0.8454,-0.66,0.8,0.22,-0.36883,-0.22866,-0.31142,-0.8454,-0.49,0.81,0.14,0.32342,0.21466,0.11746,-0.91407,-0.47,0.77,0.1,0.32342,0.21466,0.11746,-0.91407,-0.51,0.78,0.12,0.44035,0.25557,-0.58361,-0.63259,-0.54,0.79,0.14,0.25259,0.09116,-0.55825,-0.78501,-0.55,0.8,0.16,0.1381,0.0452,-0.63739,-0.75671,-0.56,0.81,0.19,0.1381,0.0452,-0.63739,-0.75671,-0.5,0.79,0.12,0.32342,0.21466,0.11746,-0.91407,-0.52,0.83,0.16,0.00152,0.24659,-0.0148,-0.96901,-0.54,0.83,0.19,-0.34766,0.2277,-0.07584,-0.90639,-0.55,0.81,0.21,-0.46295,0.18862,-0.09727,-0.8606,-0.55,0.8,0.22,-0.46295,0.18862,-0.09727,-0.8606,-0.48,0.79,0.13,0.32342,0.21466,0.11746,-0.91407,-0.5,0.83,0.16,0.01228,0.23049,0.05929,-0.97119,-0.52,0.83,0.2,-0.41985,0.23419,-0.03581,-0.87613,-0.53,0.81,0.22,-0.62212,0.2005,-0.02728,-0.75632,-0.53,0.79,0.22,-0.62212,0.2005,-0.02728,-0.75632,-0.47,0.79,0.13,0.32342,0.21466,0.11746,-0.91407,-0.48,0.82,0.17,0.0743,0.20856,0.13669,-0.96556,-0.5,0.83,0.21,-0.43718,0.26609,0.04969,-0.85767,-0.51,0.81,0.22,-0.68993,0.28461,-0.00793,-0.66554,-0.52,0.79,0.22,-0.68993,0.28461,-0.00793,-0.66554,-0.46,0.79,0.14,0.23542,0.14863,0.34441,-0.89659,-0.46,0.81,0.18,0.16064,0.18754,0.23768,-0.93943,-0.47,0.82,0.2,-0.39499,0.28525,0.17424,-0.85572,-0.49,0.81,0.21,-0.66527,0.36815,0.07725,-0.64491,-0.5,0.79,0.21,-0.66527,0.36815,0.07725,-0.64491,-0.6,0.8,0.21
50,-0.64,0.82,0.13,0.28514,-0.06962,-0.15516,-0.94328,-0.65,0.78,0.08,0.28514,-0.06962,-0.15516,-0.94328,-0.62,0.8,0.11,0.35537,-0.19686,0.55257,-0.72775,-0.59,0.81,0.13,0.13911,-0.02674,0.50946,-0.84875,-0.59,0.81,0.16,-0.01749,0.02444,0.57771,-0.81569,-0.59,0.81,0.19,-0.01749,0.02444,0.57771,-0.81569,-0.63,0.8,0.11,0.28514,-0.06962,-0.15516,-0.94328,-0.62,0.84,0.15,-0.04351,-0.06091,-0.11377,-0.99068,-0.62,0.83,0.19,-0.41358,-0.10103,-0.10831,-0.89834,-0.61,0.82,0.21,-0.55389,-0.08898,-0.09674,-0.82215,-0.61,0.8,0.22,-0.55389,-0.08898,-0.09674,-0.82215,-0.64,0.8,0.11,0.28514,-0.06962,-0.15516,-0.94328,-0.64,0.83,0.16,0.01986,-0.03662,-0.17918,-0.98293,-0.64,0.84,0.2,-0.44664,-0.11855,-0.15337,-0.87346,-0.63,0.82,0.22,-0.62702,-0.12744,-0.18369,-0.74624,-0.62,0.79,0.22,-0.62702,-0.12744,-0.18369,-0.74624,-0.66,0.79,0.11,0.28514,-0.06962,-0.15516,-0.94328,-0.66,0.82,0.16,0.10081,-0.01572,-0.23068,-0.96767,-0.66,0.83,0.2,-0.3757,-0.14223,-0.2331,-0.8856,-0.65,0.81,0.21,-0.57622,-0.21504,-0.21632,-0.75824,-0.64,0.8,0.22,-0.57622,-0.21504,-0.21632,-0.75824,-0.67,0.79,0.11,0.22257,0.00312,-0.38424,-0.896,-0.68,0.81,0.16,0.16345,-0.01951,-0.29735,-0.94047,-0.68,0.82,0.18,-0.2257,-0.12305,-0.33492,-0.9065,-0.67,0.81,0.2,-0.37145,-0.2262,-0.31596,-0.84323,-0.66,0.8,0.22,-0.37145,-0.2262,-0.31596,-0.84323,-0.49,0.81,0.14,0.32221,0.21479,0.11916,-0.91425,-0.47,0.77,0.1,0.32221,0.21479,0.11916,-0.91425,-0.51,0.78,0.12,0.43849,0.25748,-0.58364,-0.63308,-0.54,0.79,0.13,0.24956,0.0921,-0.55903,-0.78531,-0.55,0.8,0.16,0.13415,0.0455,-0.63812,-0.75679,-0.56,0.81,0.19,0.13415,0.0455,-0.63812,-0.75679,-0.5,0.79,0.12,0.32221,0.21479,0.11916,-0.91425,-0.52,0.83,0.16,-0.00292,0.24713,-0.01404,-0.96888,-0.54,0.83,0.19,-0.34953,0.22855,-0.07474,-0.90554,-0.55,0.81,0.21,-0.4622,0.18985,-0.09573,-0.86091,-0.55,0.8,0.22,-0.4622,0.18985,-0.09573,-0.86091,-0.48,0.79,0.12,0.32221,0.21479,0.11916,-0.91425,-0.5,0.83,0.16,0.00901,0.23131,0.06032,-0.97097,-0.52,0.83,0.2,-0.42429,0.23526,-0.03567,-0.8737,-0.53,0.81,0.22,-0.6264,0.20121,-0.02758,-0.75258,-0.53,0.79,0.22,-0.6264,0.20121,-0.02758,-0.75258,-0.47,0.79,0.13,0.32221,0.21479,0.11916,-0.91425,-0.48,0.82,0.17,0.06992,0.20922,0.1377,-0.9656,-0.5,0.83,0.21,-0.44215,0.26704,0.04995,-0.85481,-0.51,0.81,0.22,-0.69431,0.28536,-0.00809,-0.66064,-0.52,0.79,0.22,-0.69431,0.28536,-0.00809,-0.66064,-0.46,0.79,0.14,0.23398,0.14851,0.34592,-0.8964,-0.46,0.81,0.18,0.15514,0.18885,0.23859,-0.93986,-0.47,0.82,0.2,-0.40098,0.28658,0.17394,-0.85254,-0.49,0.81,0.21,-0.6702,0.36919,0.07654,-0.63928,-0.5,0.79,0.21,-0.6702,0.36919,0.07654,-0.63928,-0.6,0.8,0.21
51,-0.64,0.82,0.13,0.28367,-0.07055,-0.15276,-0.94404,-0.65,0.78,0.08,0.28367,-0.07055,-0.15276,-0.94404,-0.62,0.8,0.11,0.35241,-0.19877,0.55561,-0.72636,-0.59,0.8,0.13,0.13762,-0.0281,0.51305,-0.84679,-0.59,0.81,0.16,-0.01801,0.02314,0.5813,-0.81316,-0.59,0.81,0.19,-0.01801,0.02314,0.5813,-0.81316,-0.63,0.8,0.11,0.28367,-0.07055,-0.15276,-0.94404,-0.62,0.84,0.15,-0.04237,-0.06041,-0.11154,-0.99102,-0.62,0.83,0.19,-0.4135,-0.09987,-0.10633,-0.89874,-0.61,0.82,0.21,-0.55682,-0.0879,-0.09459,-0.82053,-0.61,0.8,0.22,-0.55682,-0.0879,-0.09459,-0.82053,-0.64,0.8,0.11,0.28367,-0.07055,-0.15276,-0.94404,-0.64,0.83,0.16,0.01652,-0.03771,-0.17615,-0.9835,-0.64,0.84,0.2,-0.44552,-0.11729,-0.15077,-0.87466,-0.63,0.82,0.22,-0.6245,-0.12548,-0.1816,-0.74919,-0.62,0.79,0.22,-0.6245,-0.12548,-0.1816,-0.74919,-0.66,0.79,0.11,0.28367,-0.07055,-0.15276,-0.94404,-0.66,0.82,0.16,0.09843,-0.01688,-0.22782,-0.96857,-0.66,0.83,0.2,-0.37435,-0.14078,-0.23065,-0.88704,-0.65,0.81,0.21,-0.57406,-0.21283,-0.21453,-0.76101,-0.64,0.8,0.22,-0.57406,-0.21283,-0.21453,-0.76101,-0.67,0.79,0.11,0.22127,0.00267,-0.38185,-0.89734,-0.68,0.81,0.16,0.16271,-0.0213,-0.29441,-0.94149,-0.68,0.82,0.18,-0.22495,-0.1228,-0.33174,-0.90789,-0.67,0.81,0.2,-0.37098,-0.22539,-0.31287,-0.8448,-0.66,0.8,0.22,-0.37098,-0.22539,-0.31287,-0.8448,-0.49,0.81,0.14,0.32419,0.21562,0.12272,-0.91288,-0.47,0.77,0.1,0.32419,0.21562,0.12272,-0.91288,-0.51,0.78,0.12,0.43824,0.25888,-0.58395,-0.6324,-0.54,0.79,0.13,0.24788,0.09223,-0.56007,-0.78509,-0.55,0.8,0.16,0.13122,0.0446,-0.63903,-0.75659,-0.56,0.81,0.19,0.13122,0.0446,-0.63903,-0.75659,-0.5,0.79,0.12,0.32419,0.21562,0.12272,-0.91288,-0.52,0.83,0.16,-0.00249,0.24863,-0.01126,-0.96853,-0.54,0.83,0.19,-0.34896,0.23095,-0.07266,-0.90532,-0.55,0.81,0.21,-0.46128,0.19254,-0.09386,-0.86101,-0.55,0.8,0.22,-0.46128,0.19254,-0.09386,-0.86101,-0.48,0.79,0.12,0.32419,0.21562,0.12272,-0.91288,-0.5,0.83,0.16,0.01123,0.23313,0.06354,-0.9703,-0.52,0.83,0.2,-0.42255,0.23832,-0.03373,-0.87379,-0.53,0.81,0.22,-0.62476,0.20476,-0.02638,-0.75303,-0.54,0.79,0.22,-0.62476,0.20476,-0.02638,-0.75303,-0.47,0.79,0.13,0.32419,0.21562,0.12272,-0.91288,-0.48,0.82,0.17,0.07094,0.211,0.14086,-0.96468,-0.5,0.83,0.21,-0.44085,0.27022,0.05169,-0.85438,-0.51,0.81,0.22,-0.69288,0.28895,-0.00748,-0.66059,-0.52,0.79,0.22,-0.69288,0.28895,-0.00748,-0.66059,-0.46,0.79,0.14,0.23525,0.14998,0.34934,-0.8945,-0.46,0.81,0.18,0.15451,0.19088,0.24169,-0.93876,-0.47,0.82,0.2,-0.40169,0.29003,0.17516,-0.85079,-0.49,0.81,0.21,-0.6704,0.37278,0.07636,-0.637,-0.5,0.79,0.21,-0.6704,0.37278,0.07636,-0.637,-0.6,0.8,0.21
52,-0.64,0.81,0.13,0.27888,-0.07277,-0.14346,-0.94676,-0.65,0.78,0.08,0.27888,-0.07277,-0.14346,-0.94676,-0.62,0.79,0.11,0.34703,-0.2062,0.56218,-0.72181,-0.59,0.8,0.13,0.13396,-0.0334,0.52199,-0.8417,-0.59,0.81,0.16,-0.01982,0.01853,0.59046,-0.80661,-0.59,0.81,0.19,-0.01982,0.01853,0.59046,-0.80661,-0.63,0.8,0.11,0.27888,-0.07277,-0.14346,-0.94676,-0.62,0.84,0.16,-0.04227,-0.05864,-0.10239,-0.99211,-0.62,0.83,0.19,-0.4147,-0.09488,-0.09847,-0.89962,-0.61,0.81,0.21,-0.56013,-0.08194,-0.08735,-0.8197,-0.61,0.79,0.22,-0.56013,-0.08194,-0.08735,-0.8197,-0.64,0.8,0.11,0.27888,-0.07277,-0.14346,-0.94676,-0.64,0.83,0.16,0.01026,-0.03772,-0.16608,-0.98534,-0.64,0.84,0.2,-0.44749,-0.11179,-0.14245,-0.87576,-0.63,0.81,0.22,-0.62423,-0.11794,-0.17485,-0.75223,-0.62,0.79,0.22,-0.62423,-0.11794,-0.17485,-0.75223,-0.66,0.79,0.11,0.27888,-0.07277,-0.14346,-0.94676,-0.66,0.82,0.16,0.0917,-0.01816,-0.21769,-0.97153,-0.66,0.83,0.2,-0.37447,-0.13506,-0.22233,-0.89,-0.65,0.81,0.21,-0.57245,-0.20479,-0.2084,-0.76611,-0.64,0.79,0.22,-0.57245,-0.20479,-0.2084,-0.76611,-0.67,0.79,0.11,0.21743,0.00206,-0.3727,-0.90212,-0.68,0.81,0.16,0.15734,-0.02432,-0.28434,-0.94541,-0.68,0.82,0.19,-0.22666,-0.11958,-0.32188,-0.91144,-0.67,0.81,0.2,-0.37141,-0.21981,-0.30435,-0.84918,-0.66,0.8,0.22,-0.37141,-0.21981,-0.30435,-0.84918,-0.49,0.81,0.14,0.32542,0.21807,0.12447,-0.91162,-0.47,0.77,0.1,0.32542,0.21807,0.12447,-0.91162,-0.51,0.78,0.12,0.43837,0.26017,-0.58496,-0.63084,-0.54,0.79,0.13,0.24708,0.09229,-0.56176,-0.78413,-0.55,0.8,0.16,0.12948,0.04364,-0.64057,-0.75565,-0.56,0.81,0.19,0.12948,0.04364,-0.64057,-0.75565,-0.5,0.79,0.12,0.32542,0.21807,0.12447,-0.91162,-0.52,0.83,0.16,-0.00201,0.25116,-0.01059,-0.96788,-0.54,0.83,0.19,-0.34721,0.23365,-0.07265,-0.90531,-0.55,0.82,0.2,-0.46017,0.1952,-0.09428,-0.86096,-0.55,0.8,0.22,-0.46017,0.1952,-0.09428,-0.86096,-0.48,0.79,0.12,0.32542,0.21807,0.12447,-0.91162,-0.5,0.83,0.16,0.01569,0.23603,0.06501,-0.96944,-0.52,0.84,0.2,-0.41364,0.24181,-0.03247,-0.87714,-0.53,0.82,0.22,-0.61489,0.20928,-0.02543,-0.75991,-0.54,0.79,0.22,-0.61489,0.20928,-0.02543,-0.75991,-0.47,0.79,0.13,0.32542,0.21807,0.12447,-0.91162,-0.48,0.82,0.17,0.07717,0.21336,0.14299,-0.96337,-0.5,0.83,0.21,-0.43154,0.27341,0.05315,-0.85802,-0.51,0.81,0.22,-0.68375,0.29285,-0.00679,-0.66834,-0.52,0.79,0.22,-0.68375,0.29285,-0.00679,-0.66834,-0.46,0.79,0.14,0.23571,0.15282,0.3509,-0.89328,-0.47,0.81,0.18,0.16023,0.19297,0.24358,-0.93689,-0.47,0.82,0.2,-0.3947,0.29304,0.17594,-0.85287,-0.49,0.81,0.21,-0.66428,0.37593,0.07585,-0.64161,-0.5,0.79,0.21,-0.66428,0.37593,0.07585,-0.64161,-0.6,0.8,0.21
53,-0.64,0.81,0.13,0.2821,-0.07584,-0.14739,-0.94496,-0.65,0.78,0.08,0.2821,-0.07584,-0.14739,-0.94496,-0.62,0.79,0.11,0.3542,-0.20862,0.55755,-0.72122,-0.59,0.8,0.13,0.14041,-0.03753,0.518,-0.84294,-0.59,0.81,0.16,-0.0125,0.01382,0.58764,-0.80891,-0.59,0.81,0.19,-0.0125,0.01382,0.58764,-0.80891,-0.63,0.8,0.11,0.2821,-0.07584,-0.14739,-0.94496,-0.62,0.84,0.15,-0.03858,-0.06224,-0.1057,-0.9917,-0.62,0.83,0.19,-0.41362,-0.09983,-0.09988,-0.89943,-0.61,0.82,0.21,-0.56071,-0.08727,-0.08775,-0.81871,-0.6,0.8,0.22,-0.56071,-0.08727,-0.08775,-0.81871,-0.64,0.8,0.11,0.2821,-0.07584,-0.14739,-0.94496,-0.64,0.83,0.16,0.01361,-0.04175,-0.16935,-0.98458,-0.64,0.84,0.2,-0.44467,-0.117,-0.14341,-0.87636,-0.63,0.81,0.22,-0.62221,-0.12345,-0.17471,-0.75306,-0.62,0.79,0.22,-0.62221,-0.12345,-0.17471,-0.75306,-0.66,0.79,0.11,0.2821,-0.07584,-0.14739,-0.94496,-0.66,0.82,0.16,0.09471,-0.02236,-0.22115,-0.97037,-0.66,0.83,0.2,-0.37255,-0.14078,-0.22315,-0.88971,-0.65,0.81,0.21,-0.5706,-0.21056,-0.20777,-0.76611,-0.64,0.79,0.22,-0.5706,-0.21056,-0.20777,-0.76611,-0.67,0.79,0.11,0.21939,-0.0019,-0.37653,-0.90005,-0.68,0.81,0.16,0.16089,-0.02801,-0.28797,-0.94361,-0.68,0.82,0.19,-0.22401,-0.12499,-0.32368,-0.91073,-0.67,0.81,0.2,-0.36809,-0.22524,-0.30513,-0.84892,-0.66,0.8,0.22,-0.36809,-0.22524,-0.30513,-0.84892,-0.49,0.81,0.14,0.32618,0.21865,0.12354,-0.91134,-0.47,0.77,0.1,0.32618,0.21865,0.12354,-0.91134,-0.51,0.78,0.12,0.43889,0.25984,-0.58574,-0.62989,-0.54,0.79,0.13,0.24821,0.09207,-0.56241,-0.78333,-0.55,0.8,0.16,0.13176,0.04416,-0.6412,-0.75468,-0.56,0.81,0.19,0.13176,0.04416,-0.6412,-0.75468,-0.5,0.79,0.12,0.32618,0.21865,0.12354,-0.91134,-0.52,0.83,0.16,-0.00308,0.25182,-0.01264,-0.96769,-0.54,0.83,0.19,-0.34577,0.23372,-0.07418,-0.90571,-0.55,0.81,0.2,-0.45804,0.19516,-0.09559,-0.86196,-0.55,0.8,0.22,-0.45804,0.19516,-0.09559,-0.86196,-0.48,0.79,0.12,0.32618,0.21865,0.12354,-0.91134,-0.5,0.83,0.16,0.01704,0.23632,0.06405,-0.96941,-0.52,0.84,0.2,-0.41182,0.24169,-0.0333,-0.878,-0.53,0.82,0.22,-0.61381,0.20905,-0.02626,-0.76082,-0.54,0.79,0.22,-0.61381,0.20905,-0.02626,-0.76082,-0.47,0.79,0.13,0.32618,0.21865,0.12354,-0.91134,-0.48,0.82,0.17,0.08089,0.21341,0.1426,-0.96311,-0.5,0.83,0.2,-0.4286,0.27343,0.05261,-0.85952,-0.51,0.81,0.22,-0.68173,0.29277,-0.00746,-0.67043,-0.52,0.79,0.22,-0.68173,0.29277,-0.00746,-0.67043,-0.46,0.79,0.14,0.23646,0.15355,0.35005,-0.89329,-0.47,0.81,0.17,0.16488,0.19258,0.24321,-0.93626,-0.47,0.82,0.2,-0.39105,0.29301,0.17568,-0.85461,-0.49,0.81,0.21,-0.66222,0.37593,0.07507,-0.64382,-0.5,0.79,0.21,-0.66222,0.37593,0.07507,-0.64382,-0.6,0.8,0.21
54,-0.64,0.81,0.13,0.29022,-0.08259,-0.15341,-0.94097,-0.65,0.78,0.08,0.29022,-0.08259,-0.15341,-0.94097,-0.62,0.79,0.11,0.36923,-0.21193,0.55021,-0.71835,-0.59,0.8,0.13,0.15462,-0.04387,0.51156,-0.84408,-0.59,0.81,0.16,0.00339,0.00671,0.58315,-0.81233,-0.58,0.81,0.19,0.00339,0.00671,0.58315,-0.81233,-0.63,0.8,0.11,0.29022,-0.08259,-0.15341,-0.94097,-0.62,0.84,0.15,-0.02928,-0.06986,-0.11023,-0.99102,-0.62,0.83,0.19,-0.41238,-0.10967,-0.1002,-0.89882,-0.61,0.82,0.21,-0.56201,-0.09736,-0.08611,-0.81685,-0.6,0.8,0.22,-0.56201,-0.09736,-0.08611,-0.81685,-0.64,0.79,0.11,0.29022,-0.08259,-0.15341,-0.94097,-0.64,0.83,0.16,0.02302,-0.05009,-0.17404,-0.98319,-0.64,0.84,0.2,-0.43856,-0.12713,-0.14328,-0.87805,-0.63,0.82,0.22,-0.61868,-0.13392,-0.17241,-0.7547,-0.62,0.79,0.22,-0.61868,-0.13392,-0.17241,-0.7547,-0.66,0.79,0.11,0.29022,-0.08259,-0.15341,-0.94097,-0.66,0.82,0.16,0.10221,-0.03137,-0.22627,-0.96818,-0.66,0.83,0.2,-0.36779,-0.15203,-0.22284,-0.88992,-0.65,0.81,0.21,-0.56709,-0.22166,-0.20444,-0.76647,-0.63,0.8,0.22,-0.56709,-0.22166,-0.20444,-0.76647,-0.67,0.79,0.12,0.22509,-0.01078,-0.38254,-0.89604,-0.68,0.81,0.16,0.17034,-0.03556,-0.2936,-0.93996,-0.68,0.82,0.19,-0.21876,-0.1363,-0.32549,-0.90974,-0.67,0.81,0.2,-0.36304,-0.23675,-0.30454,-0.84818,-0.66,0.8,0.22,-0.36304,-0.23675,-0.30454,-0.84818,-0.49,0.81,0.14,0.32774,0.21918,0.12307,-0.91072,-0.47,0.77,0.1,0.32774,0.21918,0.12307,-0.91072,-0.51,0.78,0.12,0.43953,0.25933,-0.58676,-0.6287,-0.54,0.79,0.13,0.24986,0.09187,-0.5632,-0.78227,-0.55,0.8,0.16,0.13594,0.04574,-0.64201,-0.75316,-0.56,0.81,0.19,0.13594,0.04574,-0.64201,-0.75316,-0.5,0.79,0.12,0.32774,0.21918,0.12307,-0.91072,-0.52,0.83,0.16,-0.00244,0.25217,-0.01369,-0.96758,-0.54,0.83,0.19,-0.34474,0.23373,-0.07517,-0.90602,-0.55,0.82,0.2,-0.45678,0.19508,-0.09649,-0.86255,-0.55,0.8,0.22,-0.45678,0.19508,-0.09649,-0.86255,-0.48,0.79,0.12,0.32774,0.21918,0.12307,-0.91072,-0.5,0.83,0.16,0.01816,0.23648,0.0635,-0.96939,-0.52,0.84,0.2,-0.41207,0.24156,-0.03421,-0.87788,-0.53,0.82,0.22,-0.61569,0.20852,-0.0274,-0.75941,-0.54,0.79,0.22,-0.61569,0.20852,-0.0274,-0.75941,-0.47,0.79,0.13,0.32774,0.21918,0.12307,-0.91072,-0.48,0.82,0.17,0.08299,0.21356,0.14236,-0.96293,-0.5,0.83,0.2,-0.42814,0.27358,0.05187,-0.85974,-0.51,0.81,0.22,-0.68252,0.2926,-0.00861,-0.66969,-0.52,0.79,0.22,-0.68252,0.2926,-0.00861,-0.66969,-0.46,0.79,0.14,0.23794,0.15447,0.34967,-0.89289,-0.47,0.81,0.17,0.16791,0.19311,0.24288,-0.93569,-0.47,0.82,0.2,-0.39108,0.29404,0.17428,-0.85453,-0.49,0.81,0.21,-0.66458,0.37653,0.07219,-0.64136,-0.5,0.79,0.21,-0.66458,0.37653,0.07219,-0.64136,-0.6,0.8,0.21
55,-0.64,0.81,0.13,0.29469,-0.08383,-0.15669,-0.93892,-0.65,0.78,0.08,0.29469,-0.08383,-0.15669,-0.93892,-0.62,0.79,0.11,0.37427,-0.21366,0.54796,-0.71695,-0.59,0.8,0.13,0.15908,-0.04632,0.50986,-0.84415,-0.59,0.81,0.16,0.00982,0.00312,0.58222,-0.81296,-0.58,0.81,0.19,0.00982,0.00312,0.58222,-0.81296,-0.63,0.8,0.11,0.29469,-0.08383,-0.15669,-0.93892,-0.62,0.84,0.15,-0.02279,-0.07182,-0.11344,-0.99068,-0.62,0.83,0.19,-0.41579,-0.11397,-0.10116,-0.8966,-0.61,0.82,0.21,-0.56905,-0.10222,-0.08564,-0.81142,-0.6,0.8,0.22,-0.56905,-0.10222,-0.08564,-0.81142,-0.64,0.79,0.11,0.29469,-0.08383,-0.15669,-0.93892,-0.64,0.83,0.16,0.02931,-0.0524,-0.17713,-0.98235,-0.64,0.84,0.2,-0.43661,-0.13135,-0.14432,-0.87823,-0.63,0.82,0.22,-0.61939,-0.13872,-0.17235,-0.75327,-0.62,0.79,0.22,-0.61939,-0.13872,-0.17235,-0.75327,-0.66,0.79,0.11,0.29469,-0.08383,-0.15669,-0.93892,-0.66,0.82,0.16,0.10714,-0.0339,-0.22944,-0.96681,-0.66,0.83,0.2,-0.3661,-0.15673,-0.22381,-0.88956,-0.65,0.81,0.21,-0.56655,-0.22671,-0.20395,-0.76552,-0.63,0.8,0.22,-0.56655,-0.22671,-0.20395,-0.76552,-0.67,0.79,0.12,0.22873,-0.01327,-0.3859,-0.89364,-0.68,0.81,0.16,0.17774,-0.03577,-0.29716,-0.93746,-0.68,0.82,0.19,-0.21801,-0.14087,-0.32793,-0.90834,-0.67,0.81,0.2,-0.36306,-0.24199,-0.30581,-0.84623,-0.66,0.8,0.22,-0.36306,-0.24199,-0.30581,-0.84623,-0.49,0.81,0.14,0.32637,0.21864,0.12279,-0.91137,-0.47,0.77,0.1,0.32637,0.21864,0.12279,-0.91137,-0.51,0.78,0.12,0.43823,0.25959,-0.58691,-0.62937,-0.54,0.79,0.13,0.24845,0.09197,-0.5634,-0.78256,-0.55,0.8,0.16,0.13727,0.04824,-0.64224,-0.75257,-0.56,0.81,0.19,0.13727,0.04824,-0.64224,-0.75257,-0.5,0.79,0.12,0.32637,0.21864,0.12279,-0.91137,-0.52,0.83,0.16,-0.00398,0.25107,-0.01328,-0.96787,-0.54,0.83,0.19,-0.34822,0.23264,-0.07491,-0.90499,-0.55,0.81,0.2,-0.46165,0.19384,-0.09658,-0.86022,-0.55,0.8,0.22,-0.46165,0.19384,-0.09658,-0.86022,-0.48,0.79,0.12,0.32637,0.21864,0.12279,-0.91137,-0.5,0.83,0.16,0.01596,0.23515,0.06379,-0.96973,-0.52,0.84,0.2,-0.41574,0.2404,-0.03379,-0.87649,-0.53,0.81,0.22,-0.6203,0.20707,-0.02704,-0.75606,-0.54,0.79,0.22,-0.6203,0.20707,-0.02704,-0.75606,-0.47,0.79,0.13,0.32637,0.21864,0.12279,-0.91137,-0.48,0.82,0.17,0.08059,0.21232,0.14236,-0.96341,-0.5,0.83,0.21,-0.43159,0.27249,0.05221,-0.85834,-0.51,0.81,0.22,-0.6862,0.29149,-0.00818,-0.66641,-0.52,0.79,0.22,-0.6862,0.29149,-0.00818,-0.66641,-0.46,0.79,0.14,0.23676,0.15357,0.34935,-0.89349,-0.47,0.81,0.18,0.16554,0.19247,0.24253,-0.93634,-0.47,0.82,0.2,-0.39414,0.29325,0.17412,-0.85343,-0.49,0.81,0.21,-0.6683,0.37577,0.07181,-0.63798,-0.5,0.79,0.21,-0.6683,0.37577,0.07181,-0.63798,-0.6,0.8,0.21
56,-0.64,0.81,0.13,0.30592,-0.08191,-0.15913,-0.93508,-0.65,0.78,0.08,0.30592,-0.08191,-0.15913,-0.93508,-0.62,0.79,0.11,0.38084,-0.20844,0.54883,-0.71435,-0.59,0.8,0.13,0.16585,-0.0413,0.50922,-0.8435,-0.59,0.81,0.16,0.01678,0.00812,0.58116,-0.81358,-0.58,0.81,0.19,0.01678,0.00812,0.58116,-0.81358,-0.63,0.8,0.11,0.30592,-0.08191,-0.15913,-0.93508,-0.62,0.84,0.15,-0.00408,-0.06995,-0.11769,-0.99058,-0.62,0.84,0.19,-0.40598,-0.11531,-0.10476,-0.90051,-0.61,0.82,0.21,-0.56535,-0.10488,-0.08847,-0.81336,-0.6,0.8,0.22,-0.56535,-0.10488,-0.08847,-0.81336,-0.64,0.79,0.11,0.30592,-0.08191,-0.15913,-0.93508,-0.64,0.83,0.16,0.05411,-0.04946,-0.18146,-0.98066,-0.64,0.84,0.2,-0.41159,-0.13072,-0.14981,-0.88942,-0.63,0.82,0.22,-0.59635,-0.14081,-0.1784,-0.76988,-0.62,0.8,0.22,-0.59635,-0.14081,-0.1784,-0.76988,-0.66,0.79,0.11,0.30592,-0.08191,-0.15913,-0.93508,-0.66,0.82,0.16,0.1258,-0.03264,-0.23299,-0.96376,-0.66,0.83,0.19,-0.34611,-0.15755,-0.22747,-0.89646,-0.65,0.82,0.21,-0.5477,-0.22869,-0.20704,-0.77772,-0.64,0.8,0.22,-0.5477,-0.22869,-0.20704,-0.77772,-0.67,0.79,0.12,0.23973,-0.01431,-0.38907,-0.88935,-0.68,0.81,0.16,0.195,-0.0333,-0.30054,-0.93303,-0.68,0.82,0.19,-0.20363,-0.14241,-0.33174,-0.91006,-0.67,0.81,0.2,-0.34889,-0.24421,-0.30861,-0.85053,-0.66,0.8,0.22,-0.34889,-0.24421,-0.30861,-0.85053,-0.49,0.81,0.14,0.32371,0.21873,0.12417,-0.91212,-0.47,0.77,0.1,0.32371,0.21873,0.12417,-0.91212,-0.51,0.78,0.12,0.43748,0.26069,-0.58501,-0.6312,-0.54,0.79,0.13,0.24689,0.09329,-0.56181,-0.78404,-0.55,0.8,0.16,0.13867,0.05235,-0.64089,-0.75318,-0.56,0.81,0.19,0.13867,0.05235,-0.64089,-0.75318,-0.5,0.79,0.12,0.32371,0.21873,0.12417,-0.91212,-0.52,0.83,0.16,-0.00633,0.25118,-0.01138,-0.96785,-0.54,0.83,0.19,-0.3541,0.23305,-0.07412,-0.90267,-0.55,0.81,0.2,-0.47016,0.194,-0.09676,-0.85554,-0.55,0.8,0.22,-0.47016,0.194,-0.09676,-0.85554,-0.48,0.79,0.12,0.32371,0.21873,0.12417,-0.91212,-0.5,0.83,0.16,0.01218,0.23496,0.06534,-0.96973,-0.52,0.83,0.2,-0.42004,0.24083,-0.03255,-0.87436,-0.53,0.81,0.22,-0.62515,0.20735,-0.02623,-0.75201,-0.54,0.79,0.22,-0.62515,0.20735,-0.02623,-0.75201,-0.47,0.79,0.13,0.32371,0.21873,0.12417,-0.91212,-0.48,0.82,0.17,0.07661,0.21231,0.14355,-0.96356,-0.5,0.83,0.21,-0.43489,0.27292,0.05335,-0.85647,-0.51,0.81,0.22,-0.6891,0.2921,-0.00732,-0.66315,-0.52,0.79,0.22,-0.6891,0.2921,-0.00732,-0.66315,-0.46,0.79,0.14,0.23395,0.15302,0.35047,-0.89388,-0.47,0.81,0.18,0.16223,0.1923,0.24371,-0.93665,-0.47,0.82,0.2,-0.39609,0.29331,0.17547,-0.85223,-0.49,0.81,0.21,-0.66986,0.37628,0.073,-0.6359,-0.5,0.79,0.21,-0.66986,0.37628,0.073,-0.6359,-0.6,0.8,0.21
57,-0.65,0.81,0.13,0.30787,-0.07909,-0.1599,-0.93455,-0.65,0.78,0.08,0.30787,-0.07909,-0.1599,-0.93455,-0.62,0.79,0.11,0.3797,-0.2073,0.54976,-0.71458,-0.59,0.8,0.13,0.16408,-0.03938,0.50988,-0.84353,-0.59,0.81,0.16,0.01919,0.00688,0.58186,-0.81304,-0.59,0.81,0.19,0.01919,0.00688,0.58186,-0.81304,-0.63,0.8,0.11,0.30787,-0.07909,-0.1599,-0.93455,-0.62,0.84,0.15,0.00328,-0.06743,-0.11957,-0.99053,-0.62,0.84,0.19,-0.40389,-0.11451,-0.10686,-0.9013,-0.61,0.82,0.21,-0.5697,-0.10528,-0.08979,-0.81012,-0.61,0.8,0.22,-0.5697,-0.10528,-0.08979,-0.81012,-0.65,0.79,0.11,0.30787,-0.07909,-0.1599,-0.93455,-0.65,0.83,0.16,0.07749,-0.04227,-0.18451,-0.97886,-0.64,0.84,0.2,-0.37936,-0.12426,-0.15727,-0.90328,-0.63,0.82,0.22,-0.56206,-0.13737,-0.18804,-0.79363,-0.62,0.8,0.23,-0.56206,-0.13737,-0.18804,-0.79363,-0.66,0.79,0.11,0.30787,-0.07909,-0.1599,-0.93455,-0.66,0.82,0.16,0.14213,-0.02736,-0.23466,-0.96124,-0.66,0.83,0.19,-0.31997,-0.15178,-0.23264,-0.90579,-0.65,0.82,0.21,-0.51979,-0.22406,-0.21374,-0.7962,-0.64,0.8,0.22,-0.51979,-0.22406,-0.21374,-0.7962,-0.67,0.79,0.12,0.24211,-0.01208,-0.39003,-0.88832,-0.68,0.81,0.16,0.20531,-0.02724,-0.30181,-0.9306,-0.68,0.82,0.18,-0.18804,-0.13645,-0.33588,-0.9128,-0.67,0.81,0.2,-0.32961,-0.23775,-0.31399,-0.85805,-0.66,0.8,0.22,-0.32961,-0.23775,-0.31399,-0.85805,-0.49,0.81,0.14,0.32375,0.22014,0.1238,-0.91181,-0.47,0.77,0.1,0.32375,0.22014,0.1238,-0.91181,-0.51,0.78,0.12,0.43777,0.26079,-0.58561,-0.63041,-0.54,0.79,0.13,0.24735,0.09323,-0.56247,-0.78343,-0.55,0.8,0.16,0.14102,0.05371,-0.64154,-0.7521,-0.56,0.81,0.19,0.14102,0.05371,-0.64154,-0.7521,-0.5,0.79,0.12,0.32375,0.22014,0.1238,-0.91181,-0.52,0.83,0.16,-0.00548,0.25216,-0.01185,-0.9676,-0.54,0.83,0.19,-0.35453,0.23371,-0.07525,-0.90223,-0.55,0.81,0.2,-0.47186,0.19437,-0.09832,-0.85434,-0.55,0.8,0.22,-0.47186,0.19437,-0.09832,-0.85434,-0.48,0.79,0.12,0.32375,0.22014,0.1238,-0.91181,-0.5,0.83,0.16,0.01329,0.23567,0.06512,-0.96956,-0.52,0.83,0.2,-0.41772,0.24144,-0.03272,-0.8753,-0.53,0.81,0.22,-0.62261,0.20811,-0.0264,-0.75389,-0.54,0.79,0.22,-0.62261,0.20811,-0.0264,-0.75389,-0.47,0.79,0.13,0.32375,0.22014,0.1238,-0.91181,-0.48,0.82,0.17,0.07773,0.21312,0.14328,-0.96333,-0.5,0.83,0.21,-0.4324,0.27344,0.05311,-0.85758,-0.51,0.81,0.22,-0.68658,0.29265,-0.00757,-0.66551,-0.52,0.79,0.22,-0.68658,0.29265,-0.00757,-0.66551,-0.46,0.79,0.14,0.23376,0.15443,0.35003,-0.89386,-0.47,0.81,0.18,0.16454,0.19293,0.24355,-0.93616,-0.47,0.82,0.2,-0.39193,0.29357,0.17557,-0.85404,-0.49,0.81,0.21,-0.66587,0.37659,0.07322,-0.63987,-0.5,0.79,0.21,-0.66587,0.37659,0.07322,-0.63987,-0.6,0.8,0.21
58,-0.65,0.81,0.13,0.30484,-0.08028,-0.15967,-0.93549,-0.65,0.78,0.08,0.30484,-0.08028,-0.15967,-0.93549,-0.62,0.79,0.11,0.37868,-0.21022,0.54889,-0.71493,-0.59,0.8,0.13,0.16166,-0.04166,0.51005,-0.84379,-0.59,0.81,0.16,0.0221,0.00076,0.5827,-0.81239,-0.58,0.81,0.19,0.0221,0.00076,0.5827,-0.81239,-0.63,0.8,0.11,0.30484,-0.08028,-0.15967,-0.93549,-0.62,0.83,0.15,0.00738,-0.06767,-0.11952,-0.9905,-0.62,0.84,0.19,-0.40676,-0.11561,-0.10584,-0.89999,-0.61,0.82,0.21,-0.57764,-0.10682,-0.08768,-0.80451,-0.61,0.8,0.21,-0.57764,-0.10682,-0.08768,-0.80451,-0.65,0.79,0.11,0.30484,-0.08028,-0.15967,-0.93549,-0.65,0.83,0.16,0.08287,-0.04054,-0.18476,-0.97844,-0.64,0.84,0.2,-0.37184,-0.12247,-0.1586,-0.90641,-0.63,0.82,0.22,-0.55285,-0.13599,-0.19002,-0.79985,-0.62,0.8,0.23,-0.55285,-0.13599,-0.19002,-0.79985,-0.66,0.79,0.11,0.30484,-0.08028,-0.15967,-0.93549,-0.66,0.82,0.16,0.14474,-0.02709,-0.23412,-0.96099,-0.66,0.83,0.19,-0.31224,-0.15008,-0.23301,-0.90867,-0.65,0.82,0.21,-0.51078,-0.22224,-0.21474,-0.80225,-0.64,0.8,0.23,-0.51078,-0.22224,-0.21474,-0.80225,-0.67,0.78,0.12,0.23894,-0.01246,-0.38956,-0.88938,-0.68,0.8,0.16,0.20479,-0.02637,-0.30141,-0.93087,-0.68,0.82,0.18,-0.1804,-0.13255,-0.33669,-0.91462,-0.67,0.81,0.2,-0.31849,-0.23279,-0.31597,-0.86287,-0.66,0.8,0.22,-0.31849,-0.23279,-0.31597,-0.86287,-0.49,0.81,0.14,0.32282,0.22037,0.12156,-0.91239,-0.47,0.77,0.1,0.32282,0.22037,0.12156,-0.91239,-0.51,0.78,0.12,0.43747,0.26213,-0.58623,-0.62948,-0.54,0.79,0.13,0.24747,0.09453,-0.56348,-0.7825,-0.55,0.8,0.16,0.1415,0.05501,-0.64262,-0.751,-0.56,0.8,0.19,0.1415,0.05501,-0.64262,-0.751,-0.5,0.79,0.12,0.32282,0.22037,0.12156,-0.91239,-0.52,0.83,0.16,-0.00094,0.25179,-0.01243,-0.9677,-0.54,0.83,0.19,-0.35109,0.23321,-0.07587,-0.90365,-0.55,0.81,0.2,-0.46988,0.19369,-0.09907,-0.8555,-0.55,0.8,0.22,-0.46988,0.19369,-0.09907,-0.8555,-0.48,0.79,0.12,0.32282,0.22037,0.12156,-0.91239,-0.5,0.83,0.16,0.01499,0.2347,0.0638,-0.96986,-0.52,0.83,0.2,-0.41575,0.24003,-0.03333,-0.8766,-0.53,0.81,0.22,-0.62095,0.20674,-0.02661,-0.75562,-0.54,0.79,0.22,-0.62095,0.20674,-0.02661,-0.75562,-0.47,0.79,0.13,0.32282,0.22037,0.12156,-0.91239,-0.48,0.82,0.17,0.07912,0.21207,0.14176,-0.96367,-0.5,0.83,0.21,-0.42994,0.27176,0.05275,-0.85937,-0.51,0.81,0.22,-0.68443,0.29107,-0.00729,-0.66842,-0.52,0.79,0.22,-0.68443,0.29107,-0.00729,-0.66842,-0.46,0.79,0.14,0.23311,0.15434,0.34784,-0.8949,-0.47,0.81,0.18,0.16585,0.19196,0.24173,-0.9366,-0.47,0.82,0.2,-0.38931,0.29156,0.17513,-0.85602,-0.49,0.81,0.21,-0.66319,0.37458,0.07392,-0.64375,-0.5,0.79,0.21,-0.66319,0.37458,0.07392,-0.64375,-0.6,0.8,0.21
59,-0.64,0.81,0.13,0.29979,-0.08317,-0.15982,-0.93684,-0.65,0.78,0.08,0.29979,-0.08317,-0.15982,-0.93684,-0.62,0.79,0.11,0.37778,-0.21469,0.54686,-0.71564,-0.59,0.8,0.13,0.15992,-0.04625,0.5094,-0.84427,-0.59,0.81,0.16,0.022,-0.00494,0.58275,-0.81234,-0.58,0.81,0.19,0.022,-0.00494,0.58275,-0.81234,-0.63,0.8,0.11,0.29979,-0.08317,-0.15982,-0.93684,-0.62,0.83,0.15,0.00527,-0.06894,-0.11957,-0.99041,-0.62,0.84,0.19,-0.41705,-0.11772,-0.10426,-0.89518,-0.61,0.82,0.21,-0.58898,-0.10878,-0.08506,-0.79627,-0.6,0.8,0.21,-0.58898,-0.10878,-0.08506,-0.79627,-0.64,0.79,0.11,0.29979,-0.08317,-0.15982,-0.93684,-0.64,0.83,0.16,0.07228,-0.0441,-0.18365,-0.97934,-0.64,0.84,0.2,-0.39206,-0.12677,-0.1546,-0.89795,-0.63,0.82,0.22,-0.57388,-0.13849,-0.18466,-0.78574,-0.62,0.8,0.23,-0.57388,-0.13849,-0.18466,-0.78574,-0.66,0.79,0.11,0.29979,-0.08317,-0.15982,-0.93684,-0.66,0.82,0.16,0.13354,-0.03158,-0.23293,-0.96276,-0.66,0.83,0.2,-0.32765,-0.15417,-0.22944,-0.90346,-0.65,0.82,0.21,-0.52623,-0.22531,-0.21039,-0.7925,-0.64,0.8,0.22,-0.52623,-0.22531,-0.21039,-0.7925,-0.67,0.78,0.12,0.2334,-0.01403,-0.38922,-0.89097,-0.68,0.8,0.16,0.19623,-0.03023,-0.30081,-0.93279,-0.68,0.82,0.19,-0.19152,-0.13602,-0.33435,-0.9127,-0.67,0.81,0.2,-0.33065,-0.23622,-0.31328,-0.85833,-0.66,0.8,0.22,-0.33065,-0.23622,-0.31328,-0.85833,-0.49,0.81,0.14,0.32657,0.22175,0.12555,-0.91017,-0.47,0.77,0.1,0.32657,0.22175,0.12555,-0.91017,-0.51,0.78,0.12,0.44278,0.26053,-0.5827,-0.62971,-0.54,0.79,0.13,0.25268,0.09456,-0.55937,-0.78379,-0.55,0.8,0.16,0.14714,0.05547,-0.63892,-0.75303,-0.56,0.81,0.19,0.14714,0.05547,-0.63892,-0.75303,-0.5,0.79,0.12,0.32657,0.22175,0.12555,-0.91017,-0.52,0.83,0.16,0.01782,0.25453,-0.00504,-0.96689,-0.54,0.83,0.19,-0.33176,0.23901,-0.0696,-0.90993,-0.55,0.82,0.2,-0.45136,0.20049,-0.09295,-0.86455,-0.55,0.8,0.22,-0.45136,0.20049,-0.09295,-0.86455,-0.48,0.79,0.12,0.32657,0.22175,0.12555,-0.91017,-0.5,0.83,0.16,0.02038,0.23728,0.06749,-0.96888,-0.52,0.84,0.2,-0.40995,0.24405,-0.03101,-0.8783,-0.53,0.82,0.22,-0.61574,0.2116,-0.02519,-0.75859,-0.54,0.79,0.22,-0.61574,0.2116,-0.02519,-0.75859,-0.47,0.79,0.13,0.32657,0.22175,0.12555,-0.91017,-0.48,0.82,0.17,0.08219,0.21476,0.14522,-0.96231,-0.5,0.83,0.2,-0.42622,0.27591,0.05438,-0.8598,-0.51,0.81,0.22,-0.68094,0.29563,-0.00711,-0.66998,-0.52,0.79,0.22,-0.68094,0.29563,-0.00711,-0.66998,-0.46,0.79,0.14,0.23594,0.15684,0.35174,-0.89219,-0.47,0.81,0.17,0.16924,0.19448,0.2455,-0.93448,-0.47,0.82,0.2,-0.38582,0.29607,0.17672,-0.85572,-0.49,0.81,0.21,-0.65919,0.3793,0.07391,-0.64509,-0.5,0.79,0.21,-0.65919,0.3793,0.07391,-0.64509,-0.6,0.8,0.21
60,-0.64,0.81,0.13,0.29016,-0.08133,-0.15554,-0.94074,-0.65,0.78,0.08,0.29016,-0.08133,-0.15554,-0.94074,-0.62,0.79,0.11,0.37003,-0.21966,0.54752,-0.71767,-0.59,0.8,0.13,0.15273,-0.0508,0.51149,-0.84408,-0.59,0.81,0.16,0.01248,-0.00774,0.58487,-0.811,-0.58,0.81,0.19,0.01248,-0.00774,0.58487,-0.811,-0.63,0.8,0.11,0.29016,-0.08133,-0.15554,-0.94074,-0.62,0.83,0.15,-0.0033,-0.06382,-0.11675,-0.9911,-0.62,0.83,0.19,-0.42897,-0.11213,-0.10342,-0.89034,-0.61,0.81,0.21,-0.60075,-0.10319,-0.08482,-0.7882,-0.6,0.79,0.21,-0.60075,-0.10319,-0.08482,-0.7882,-0.64,0.79,0.11,0.29016,-0.08133,-0.15554,-0.94074,-0.64,0.83,0.16,0.05272,-0.04201,-0.17901,-0.98154,-0.64,0.84,0.2,-0.42379,-0.12477,-0.14967,-0.88455,-0.63,0.82,0.22,-0.60881,-0.13447,-0.17917,-0.76103,-0.62,0.79,0.22,-0.60881,-0.13447,-0.17917,-0.76103,-0.66,0.79,0.11,0.29016,-0.08133,-0.15554,-0.94074,-0.66,0.82,0.16,0.11347,-0.03052,-0.22793,-0.96656,-0.66,0.83,0.2,-0.35787,-0.15271,-0.22436,-0.89346,-0.65,0.81,0.21,-0.55765,-0.22282,-0.20565,-0.77271,-0.64,0.79,0.22,-0.55765,-0.22282,-0.20565,-0.77271,-0.67,0.78,0.12,0.225,-0.00962,-0.38457,-0.8952,-0.68,0.8,0.16,0.17909,-0.03055,-0.29596,-0.93776,-0.68,0.81,0.19,-0.2136,-0.13468,-0.32925,-0.90985,-0.67,0.81,0.2,-0.35578,-0.23515,-0.30874,-0.85018,-0.66,0.8,0.22,-0.35578,-0.23515,-0.30874,-0.85018,-0.49,0.81,0.14,0.33719,0.22939,0.13575,-0.90291,-0.47,0.77,0.1,0.33719,0.22939,0.13575,-0.90291,-0.51,0.79,0.12,0.4582,0.25768,-0.57433,-0.62754,-0.54,0.79,0.13,0.26724,0.09504,-0.55019,-0.78539,-0.55,0.81,0.16,0.16293,0.05666,-0.63077,-0.75655,-0.56,0.81,0.18,0.16293,0.05666,-0.63077,-0.75655,-0.5,0.79,0.12,0.33719,0.22939,0.13575,-0.90291,-0.52,0.83,0.15,0.03964,0.26577,0.00379,-0.96321,-0.54,0.84,0.19,-0.31194,0.25308,-0.06591,-0.9134,-0.55,0.82,0.2,-0.4325,0.21517,-0.09063,-0.87088,-0.56,0.81,0.21,-0.4325,0.21517,-0.09063,-0.87088,-0.48,0.79,0.12,0.33719,0.22939,0.13575,-0.90291,-0.5,0.84,0.16,0.03175,0.24864,0.07425,-0.96522,-0.52,0.84,0.2,-0.39945,0.25733,-0.03032,-0.87938,-0.53,0.82,0.21,-0.60757,0.22524,-0.02778,-0.76115,-0.54,0.8,0.22,-0.60757,0.22524,-0.02778,-0.76115,-0.47,0.79,0.13,0.33719,0.22939,0.13575,-0.90291,-0.48,0.83,0.17,0.09069,0.22636,0.15262,-0.95773,-0.5,0.84,0.2,-0.41854,0.29003,0.05403,-0.85895,-0.51,0.82,0.22,-0.67484,0.3089,-0.01261,-0.67008,-0.52,0.8,0.21,-0.67484,0.3089,-0.01261,-0.67008,-0.46,0.79,0.14,0.24334,0.16764,0.36147,-0.88432,-0.47,0.81,0.17,0.1813,0.20424,0.25513,-0.92754,-0.48,0.83,0.2,-0.37857,0.31157,0.17729,-0.85333,-0.49,0.81,0.21,-0.65282,0.3939,0.06782,-0.64348,-0.5,0.8,0.21,-0.65282,0.3939,0.06782,-0.64348,-0.6,0.8,0.21
