1,-0.64,0.82,0.13,0.34882,-0.08702,-0.10705,-0.92698,-0.65,0.78,0.07,0.34882,-0.08702,-0.10705,-0.92698,-0.61,0.79,0.1,0.40917,-0.20159,0.58442,-0.67112,-0.59,0.8,0.12,0.15894,0.00435,0.54747,-0.82158,-0.58,0.81,0.15,0.02104,0.04903,0.61201,-0.78905,-0.58,0.81,0.18,0.02104,0.04903,0.61201,-0.78905,-0.63,0.8,0.1,0.34882,-0.08702,-0.10705,-0.92698,-0.62,0.84,0.15,0.0382,-0.07454,-0.05704,-0.99485,-0.61,0.84,0.18,-0.40087,-0.09766,-0.04403,-0.90985,-0.61,0.82,0.2,-0.57843,-0.07744,-0.0301,-0.81149,-0.6,0.8,0.21,-0.57843,-0.07744,-0.0301,-0.81149,-0.64,0.79,0.1,0.34882,-0.08702,-0.10705,-0.92698,-0.64,0.84,0.15,0.10338,-0.06138,-0.12218,-0.9852,-0.64,0.85,0.19,-0.32488,-0.10954,-0.09724,-0.93435,-0.63,0.83,0.21,-0.50316,-0.11322,-0.13435,-0.84615,-0.62,0.81,0.22,-0.50316,-0.11322,-0.13435,-0.84615,-0.66,0.79,0.11,0.34882,-0.08702,-0.10705,-0.92698,-0.66,0.83,0.15,0.15323,-0.05611,-0.17398,-0.97114,-0.66,0.84,0.19,-0.25634,-0.13896,-0.17387,-0.94061,-0.65,0.83,0.21,-0.45494,-0.19794,-0.16032,-0.85331,-0.63,0.81,0.22,-0.45494,-0.19794,-0.16032,-0.85331,-0.67,0.79,0.11,0.28766,-0.02833,-0.34291,-0.89379,-0.67,0.81,0.15,0.18183,-0.07575,-0.24442,-0.94945,-0.67,0.83,0.18,-0.16608,-0.14153,-0.27098,-0.93753,-0.66,0.82,0.2,-0.29932,-0.2282,-0.25161,-0.89164,-0.65,0.81,0.21,-0.29932,-0.2282,-0.25161,-0.89164,-0.49,0.81,0.14,0.27204,0.18047,0.13578,-0.93541,-0.47,0.78,0.09,0.27204,0.18047,0.13578,-0.93541,-0.52,0.79,0.11,0.4346,0.26872,-0.52091,-0.68379,-0.54,0.8,0.13,0.24199,0.12632,-0.4952,-0.82478,-0.56,0.81,0.15,0.16766,0.11751,-0.57991,-0.78853,-0.57,0.81,0.18,0.16766,0.11751,-0.57991,-0.78853,-0.5,0.79,0.11,0.27204,0.18047,0.13578,-0.93541,-0.52,0.83,0.16,0.13968,0.21606,0.06495,-0.96415,-0.54,0.84,0.19,-0.21644,0.23094,0.0089,-0.94855,-0.55,0.83,0.21,-0.36989,0.20372,-0.01712,-0.9063,-0.56,0.82,0.22,-0.36989,0.20372,-0.01712,-0.9063,-0.49,0.79,0.12,0.27204,0.18047,0.13578,-0.93541,-0.5,0.83,0.16,0.09726,0.1913,0.11459,-0.96996,-0.52,0.84,0.2,-0.17988,0.21587,0.06894,-0.95723,-0.53,0.83,0.22,-0.28466,0.21538,0.09866,-0.9289,-0.54,0.82,0.24,-0.28466,0.21538,0.09866,-0.9289,-0.47,0.79,0.12,0.27204,0.18047,0.13578,-0.93541,-0.48,0.82,0.17,0.16983,0.14205,0.18986,-0.95652,-0.49,0.83,0.2,-0.20565,0.21907,0.15958,-0.94035,-0.5,0.83,0.22,-0.38348,0.27095,0.13264,-0.87289,-0.52,0.81,0.24,-0.38348,0.27095,0.13264,-0.87289,-0.47,0.79,0.13,0.1898,0.10223,0.35998,-0.90771,-0.47,0.81,0.17,0.32131,0.02749,0.27823,-0.90476,-0.46,0.82,0.19,-0.19905,0.17743,0.29935,-0.91613,-0.47,0.82,0.21,-0.42882,0.29619,0.24649,-0.81708,-0.49,0.81,0.22,-0.42882,0.29619,0.24649,-0.81708,-0.6,0.8,0.21
2,-0.64,0.81,0.13,0.32984,-0.07962,-0.11256,-0.93392,-0.65,0.78,0.07,0.32984,-0.07962,-0.11256,-0.93392,-0.61,0.79,0.1,0.39721,-0.20312,0.57516,-0.68568,-0.59,0.8,0.12,0.14682,-0.00175,0.53832,-0.82985,-0.59,0.81,0.16,0.01863,0.03305,0.60511,-0.79524,-0.59,0.81,0.18,0.01863,0.03305,0.60511,-0.79524,-0.63,0.8,0.1,0.32984,-0.07962,-0.11256,-0.93392,-0.62,0.84,0.15,0.0015,-0.06941,-0.06298,-0.9956,-0.61,0.84,0.19,-0.41663,-0.09366,-0.05366,-0.90265,-0.61,0.82,0.2,-0.58665,-0.07497,-0.04054,-0.80535,-0.6,0.8,0.21,-0.58665,-0.07497,-0.04054,-0.80535,-0.64,0.79,0.11,0.32984,-0.07962,-0.11256,-0.93392,-0.64,0.84,0.15,0.0613,-0.05912,-0.12599,-0.98837,-0.64,0.84,0.19,-0.32271,-0.10393,-0.1064,-0.93474,-0.63,0.83,0.21,-0.46915,-0.10606,-0.1453,-0.8646,-0.62,0.81,0.23,-0.46915,-0.10606,-0.1453,-0.8646,-0.66,0.79,0.11,0.32984,-0.07962,-0.11256,-0.93392,-0.66,0.83,0.15,0.1175,-0.05402,-0.17726,-0.97563,-0.66,0.84,0.19,-0.24876,-0.12919,-0.18329,-0.94225,-0.65,0.82,0.21,-0.41645,-0.18569,-0.17579,-0.87246,-0.64,0.81,0.23,-0.41645,-0.18569,-0.17579,-0.87246,-0.67,0.79,0.11,0.26992,-0.01635,-0.34715,-0.89798,-0.67,0.81,0.15,0.15583,-0.06951,-0.24962,-0.95319,-0.67,0.82,0.18,-0.17156,-0.12991,-0.27947,-0.93573,-0.67,0.82,0.2,-0.28055,-0.21149,-0.26661,-0.89749,-0.65,0.81,0.22,-0.28055,-0.21149,-0.26661,-0.89749,-0.49,0.81,0.14,0.25505,0.17532,0.13736,-0.94093,-0.47,0.78,0.09,0.25505,0.17532,0.13736,-0.94093,-0.51,0.79,0.11,0.43462,0.26909,-0.5018,-0.69778,-0.54,0.8,0.12,0.23909,0.13198,-0.47542,-0.8363,-0.56,0.81,0.15,0.16795,0.12696,-0.56125,-0.80042,-0.57,0.81,0.18,0.16795,0.12696,-0.56125,-0.80042,-0.5,0.79,0.11,0.25505,0.17532,0.13736,-0.94093,-0.52,0.83,0.16,0.1369,0.20656,0.07308,-0.96605,-0.54,0.84,0.19,-0.22411,0.22498,0.01881,-0.94805,-0.55,0.83,0.21,-0.37842,0.19932,-0.00679,-0.90389,-0.55,0.81,0.22,-0.37842,0.19932,-0.00679,-0.90389,-0.49,0.79,0.12,0.25505,0.17532,0.13736,-0.94093,-0.5,0.83,0.16,0.05944,0.19419,0.11026,-0.97293,-0.52,0.83,0.2,-0.21514,0.21684,0.06441,-0.95003,-0.53,0.82,0.22,-0.31156,0.21349,0.09479,-0.92107,-0.54,0.81,0.24,-0.31156,0.21349,0.09479,-0.92107,-0.47,0.79,0.12,0.25505,0.17532,0.13736,-0.94093,-0.48,0.82,0.17,0.1498,0.14378,0.18824,-0.95992,-0.49,0.83,0.2,-0.22479,0.21915,0.15793,-0.93622,-0.5,0.82,0.22,-0.39638,0.26974,0.13269,-0.86748,-0.52,0.81,0.24,-0.39638,0.26974,0.13269,-0.86748,-0.46,0.79,0.13,0.17409,0.09299,0.36036,-0.91169,-0.47,0.8,0.17,0.32184,0.014,0.27639,-0.90545,-0.46,0.82,0.19,-0.20052,0.16585,0.30444,-0.9163,-0.47,0.82,0.21,-0.4322,0.28709,0.25399,-0.81625,-0.49,0.8,0.22,-0.4322,0.28709,0.25399,-0.81625,-0.6,0.8,0.21
3,-0.64,0.81,0.13,0.31234,-0.07541,-0.12867,-0.93819,-0.65,0.78,0.07,0.31234,-0.07541,-0.12867,-0.93819,-0.62,0.79,0.11,0.3852,-0.19955,0.56299,-0.70345,-0.59,0.8,0.13,0.13781,-0.00623,0.52415,-0.84038,-0.59,0.81,0.16,0.02251,0.01612,0.59345,-0.80439,-0.59,0.81,0.18,0.02251,0.01612,0.59345,-0.80439,-0.63,0.8,0.11,0.31234,-0.07541,-0.12867,-0.93819,-0.62,0.83,0.15,-0.0232,-0.07304,-0.07719,-0.99407,-0.61,0.83,0.19,-0.4172,-0.10066,-0.06756,-0.90069,-0.61,0.82,0.2,-0.57571,-0.08363,-0.05421,-0.81156,-0.6,0.79,0.21,-0.57571,-0.08363,-0.05421,-0.81156,-0.64,0.79,0.11,0.31234,-0.07541,-0.12867,-0.93819,-0.64,0.83,0.15,0.0336,-0.06268,-0.13947,-0.98767,-0.64,0.84,0.19,-0.33536,-0.11042,-0.11899,-0.928,-0.63,0.82,0.21,-0.47006,-0.11227,-0.15674,-0.86132,-0.62,0.8,0.23,-0.47006,-0.11227,-0.15674,-0.86132,-0.66,0.79,0.11,0.31234,-0.07541,-0.12867,-0.93819,-0.66,0.82,0.15,0.09535,-0.05435,-0.19166,-0.97531,-0.66,0.83,0.19,-0.25877,-0.13176,-0.19799,-0.9362,-0.65,0.82,0.21,-0.41553,-0.18899,-0.19125,-0.86893,-0.64,0.8,0.23,-0.41553,-0.18899,-0.19125,-0.86893,-0.67,0.79,0.11,0.25151,-0.00835,-0.36125,-0.89787,-0.68,0.81,0.15,0.13531,-0.06623,-0.26505,-0.95239,-0.67,0.82,0.18,-0.18302,-0.12806,-0.29521,-0.92895,-0.67,0.81,0.2,-0.2804,-0.20848,-0.28485,-0.89262,-0.66,0.8,0.22,-0.2804,-0.20848,-0.28485,-0.89262,-0.49,0.81,0.14,0.26706,0.17337,0.14052,-0.93748,-0.47,0.78,0.09,0.26706,0.17337,0.14052,-0.93748,-0.51,0.79,0.11,0.44255,0.25863,-0.50222,-0.69645,-0.54,0.8,0.12,0.24965,0.12354,-0.47249,-0.83616,-0.56,0.81,0.15,0.17515,0.11605,-0.55853,-0.80243,-0.57,0.82,0.17,0.17515,0.11605,-0.55853,-0.80243,-0.5,0.8,0.11,0.26706,0.17337,0.14052,-0.93748,-0.52,0.83,0.16,0.15345,0.19988,0.07907,-0.9645,-0.53,0.84,0.19,-0.23213,0.22193,0.02101,-0.9468,-0.54,0.83,0.21,-0.39468,0.19659,-0.0064,-0.89752,-0.55,0.82,0.22,-0.39468,0.19659,-0.0064,-0.89752,-0.49,0.79,0.11,0.26706,0.17337,0.14052,-0.93748,-0.5,0.83,0.16,0.06889,0.19615,0.11183,-0.97174,-0.52,0.84,0.2,-0.218,0.22009,0.06257,-0.94875,-0.53,0.83,0.22,-0.32146,0.21686,0.09167,-0.91719,-0.54,0.82,0.24,-0.32146,0.21686,0.09167,-0.91719,-0.47,0.79,0.12,0.26706,0.17337,0.14052,-0.93748,-0.48,0.82,0.17,0.15636,0.14701,0.19022,-0.958,-0.49,0.83,0.2,-0.22994,0.22505,0.15585,-0.93391,-0.5,0.83,0.22,-0.40781,0.27573,0.12807,-0.86096,-0.52,0.81,0.24,-0.40781,0.27573,0.12807,-0.86096,-0.46,0.79,0.13,0.18575,0.09413,0.36443,-0.90765,-0.47,0.81,0.17,0.32851,0.01643,0.28112,-0.90154,-0.46,0.82,0.19,-0.21407,0.1777,0.30398,-0.91115,-0.47,0.82,0.21,-0.45388,0.30094,0.24766,-0.80131,-0.49,0.81,0.22,-0.45388,0.30094,0.24766,-0.80131,-0.6,0.8,0.21
4,-0.64,0.81,0.13,0.3075,-0.07781,-0.12421,-0.94019,-0.65,0.78,0.07,0.3075,-0.07781,-0.12421,-0.94019,-0.62,0.79,0.11,0.37924,-0.19911,0.56785,-0.70291,-0.59,0.8,0.13,0.13709,-0.00665,0.52852,-0.83775,-0.59,0.81,0.16,0.02903,0.01092,0.5983,-0.80067,-0.59,0.81,0.18,0.02903,0.01092,0.5983,-0.80067,-0.63,0.8,0.1,0.3075,-0.07781,-0.12421,-0.94019,-0.62,0.83,0.15,-0.02987,-0.07624,-0.07023,-0.99416,-0.61,0.83,0.19,-0.41994,-0.10043,-0.06033,-0.89996,-0.61,0.81,0.2,-0.57365,-0.08174,-0.04762,-0.81362,-0.6,0.79,0.21,-0.57365,-0.08174,-0.04762,-0.81362,-0.64,0.79,0.11,0.3075,-0.07781,-0.12421,-0.94019,-0.64,0.83,0.15,0.02297,-0.06616,-0.13279,-0.98867,-0.64,0.84,0.19,-0.34833,-0.11136,-0.11119,-0.92407,-0.63,0.82,0.21,-0.48414,-0.11153,-0.1487,-0.85502,-0.62,0.8,0.23,-0.48414,-0.11153,-0.1487,-0.85502,-0.66,0.79,0.11,0.3075,-0.07781,-0.12421,-0.94019,-0.66,0.82,0.15,0.08735,-0.05675,-0.18599,-0.97701,-0.66,0.83,0.19,-0.26991,-0.13225,-0.19163,-0.93431,-0.65,0.82,0.21,-0.42835,-0.1885,-0.18493,-0.86417,-0.64,0.8,0.23,-0.42835,-0.1885,-0.18493,-0.86417,-0.67,0.79,0.11,0.24691,-0.00931,-0.35663,-0.90098,-0.67,0.81,0.15,0.13046,-0.06687,-0.26029,-0.95434,-0.67,0.82,0.18,-0.18936,-0.12718,-0.29038,-0.92933,-0.67,0.81,0.2,-0.28857,-0.20751,-0.28019,-0.89172,-0.65,0.8,0.22,-0.28857,-0.20751,-0.28019,-0.89172,-0.49,0.81,0.14,0.26857,0.17505,0.13775,-0.93715,-0.47,0.78,0.09,0.26857,0.17505,0.13775,-0.93715,-0.52,0.79,0.11,0.43835,0.25971,-0.51069,-0.69253,-0.54,0.8,0.12,0.24737,0.12252,-0.48133,-0.83194,-0.56,0.81,0.15,0.16736,0.11079,-0.56707,-0.79884,-0.57,0.82,0.18,0.16736,0.11079,-0.56707,-0.79884,-0.5,0.8,0.11,0.26857,0.17505,0.13775,-0.93715,-0.52,0.83,0.16,0.1542,0.1965,0.07778,-0.96517,-0.54,0.84,0.19,-0.2428,0.21859,0.01852,-0.94495,-0.55,0.83,0.21,-0.41071,0.19272,-0.00997,-0.89111,-0.55,0.82,0.22,-0.41071,0.19272,-0.00997,-0.89111,-0.49,0.79,0.12,0.26857,0.17505,0.13775,-0.93715,-0.5,0.83,0.16,0.06178,0.19818,0.10699,-0.97235,-0.52,0.84,0.2,-0.24055,0.22144,0.05375,-0.94351,-0.53,0.83,0.22,-0.35284,0.2166,0.08128,-0.90663,-0.54,0.81,0.24,-0.35284,0.2166,0.08128,-0.90663,-0.47,0.79,0.12,0.26857,0.17505,0.13775,-0.93715,-0.48,0.82,0.17,0.1463,0.15021,0.18565,-0.95998,-0.49,0.83,0.2,-0.25281,0.22779,0.1478,-0.92863,-0.51,0.82,0.22,-0.43714,0.27712,0.11838,-0.84741,-0.52,0.81,0.23,-0.43714,0.27712,0.11838,-0.84741,-0.47,0.79,0.13,0.18725,0.09606,0.36186,-0.90817,-0.47,0.81,0.17,0.32121,0.02354,0.279,-0.90467,-0.46,0.83,0.19,-0.23828,0.18688,0.29604,-0.9059,-0.47,0.82,0.21,-0.48209,0.30888,0.23644,-0.78503,-0.49,0.81,0.22,-0.48209,0.30888,0.23644,-0.78503,-0.6,0.8,0.21
5,-0.64,0.81,0.13,0.29399,-0.08263,-0.10247,-0.9467,-0.65,0.78,0.07,0.29399,-0.08263,-0.10247,-0.9467,-0.61,0.79,0.11,0.36569,-0.20835,0.58229,-0.69556,-0.59,0.8,0.13,0.12942,-0.01185,0.546,-0.82765,-0.59,0.8,0.16,0.02632,0.0039,0.6153,-0.78784,-0.58,0.81,0.18,0.02632,0.0039,0.6153,-0.78784,-0.63,0.79,0.1,0.29399,-0.08263,-0.10247,-0.9467,-0.62,0.83,0.15,-0.04502,-0.07583,-0.04598,-0.99504,-0.61,0.83,0.19,-0.43273,-0.09006,-0.03844,-0.89619,-0.61,0.81,0.2,-0.58278,-0.06748,-0.02775,-0.80935,-0.6,0.79,0.21,-0.58278,-0.06748,-0.02775,-0.80935,-0.64,0.79,0.11,0.29399,-0.08263,-0.10247,-0.9467,-0.64,0.83,0.15,0.00633,-0.0647,-0.10964,-0.99184,-0.63,0.83,0.2,-0.36702,-0.10136,-0.09008,-0.92027,-0.63,0.82,0.21,-0.50312,-0.09762,-0.12917,-0.84892,-0.62,0.79,0.23,-0.50312,-0.09762,-0.12917,-0.84892,-0.66,0.79,0.11,0.29399,-0.08263,-0.10247,-0.9467,-0.66,0.82,0.15,0.07288,-0.0551,-0.16353,-0.9823,-0.65,0.83,0.19,-0.28814,-0.12259,-0.17134,-0.93413,-0.65,0.82,0.21,-0.44831,-0.17537,-0.16705,-0.86044,-0.63,0.8,0.23,-0.44831,-0.17537,-0.16705,-0.86044,-0.67,0.79,0.11,0.23577,-0.00987,-0.33494,-0.91221,-0.67,0.81,0.15,0.11865,-0.06383,-0.23882,-0.96167,-0.67,0.82,0.18,-0.2025,-0.11668,-0.27114,-0.93374,-0.67,0.81,0.2,-0.30459,-0.19537,-0.26279,-0.89443,-0.65,0.8,0.22,-0.30459,-0.19537,-0.26279,-0.89443,-0.5,0.81,0.14,0.25019,0.1814,0.13014,-0.94211,-0.47,0.78,0.09,0.25019,0.1814,0.13014,-0.94211,-0.52,0.79,0.11,0.41867,0.27834,-0.52168,-0.68927,-0.54,0.8,0.13,0.2267,0.13521,-0.49822,-0.82589,-0.56,0.81,0.15,0.14452,0.12139,-0.58339,-0.78996,-0.57,0.81,0.18,0.14452,0.12139,-0.58339,-0.78996,-0.51,0.79,0.11,0.25019,0.1814,0.13014,-0.94211,-0.52,0.83,0.16,0.13511,0.19692,0.07158,-0.96842,-0.54,0.84,0.19,-0.26993,0.21616,0.01088,-0.93824,-0.55,0.83,0.21,-0.43817,0.18865,-0.0183,-0.87868,-0.55,0.81,0.22,-0.43817,0.18865,-0.0183,-0.87868,-0.49,0.79,0.12,0.25019,0.1814,0.13014,-0.94211,-0.5,0.83,0.16,0.00446,0.2077,0.08913,-0.97411,-0.52,0.83,0.2,-0.31232,0.22489,0.02984,-0.92249,-0.53,0.82,0.22,-0.42887,0.21358,0.05538,-0.87601,-0.54,0.8,0.24,-0.42887,0.21358,0.05538,-0.87601,-0.47,0.79,0.12,0.25019,0.1814,0.13014,-0.94211,-0.49,0.82,0.17,0.09463,0.16057,0.17086,-0.96751,-0.5,0.83,0.2,-0.31121,0.23036,0.12927,-0.91289,-0.51,0.81,0.22,-0.49555,0.27483,0.10024,-0.81783,-0.52,0.8,0.23,-0.49555,0.27483,0.10024,-0.81783,-0.47,0.79,0.13,0.16912,0.09757,0.35282,-0.91509,-0.47,0.8,0.17,0.29572,0.03247,0.26967,-0.91584,-0.47,0.82,0.19,-0.26885,0.18772,0.28349,-0.90117,-0.48,0.81,0.21,-0.50907,0.30544,0.22612,-0.77229,-0.49,0.8,0.22,-0.50907,0.30544,0.22612,-0.77229,-0.6,0.8,0.21
6,-0.64,0.81,0.13,0.27213,-0.08093,-0.08739,-0.95486,-0.65,0.78,0.07,0.27213,-0.08093,-0.08739,-0.95486,-0.61,0.79,0.11,0.35159,-0.216,0.58516,-0.69808,-0.59,0.8,0.13,0.1191,-0.01984,0.55112,-0.82565,-0.59,0.8,0.16,0.01944,-0.00649,0.62061,-0.78385,-0.58,0.8,0.18,0.01944,-0.00649,0.62061,-0.78385,-0.63,0.79,0.11,0.27213,-0.08093,-0.08739,-0.95486,-0.62,0.83,0.15,-0.06431,-0.06922,-0.03202,-0.99501,-0.61,0.82,0.19,-0.44229,-0.07775,-0.02898,-0.89302,-0.61,0.81,0.2,-0.58895,-0.05354,-0.02049,-0.80614,-0.6,0.78,0.21,-0.58895,-0.05354,-0.02049,-0.80614,-0.64,0.79,0.11,0.27213,-0.08093,-0.08739,-0.95486,-0.64,0.83,0.15,-0.01461,-0.05606,-0.09577,-0.99372,-0.63,0.83,0.2,-0.38663,-0.08785,-0.08053,-0.9145,-0.63,0.81,0.22,-0.52013,-0.08164,-0.12151,-0.84145,-0.62,0.79,0.23,-0.52013,-0.08164,-0.12151,-0.84145,-0.66,0.79,0.11,0.27213,-0.08093,-0.08739,-0.95486,-0.66,0.82,0.15,0.05195,-0.04522,-0.14961,-0.98634,-0.65,0.83,0.19,-0.31057,-0.10783,-0.16214,-0.93039,-0.65,0.81,0.21,-0.47003,-0.15884,-0.16125,-0.85314,-0.64,0.79,0.23,-0.47003,-0.15884,-0.16125,-0.85314,-0.67,0.79,0.11,0.21692,-0.00228,-0.31899,-0.9226,-0.67,0.81,0.15,0.0978,-0.0512,-0.22552,-0.96796,-0.67,0.81,0.18,-0.22189,-0.09869,-0.26244,-0.93389,-0.67,0.81,0.2,-0.3234,-0.17625,-0.25751,-0.89333,-0.66,0.8,0.22,-0.3234,-0.17625,-0.25751,-0.89333,-0.5,0.81,0.14,0.24837,0.17732,0.13281,-0.94299,-0.47,0.78,0.09,0.24837,0.17732,0.13281,-0.94299,-0.52,0.79,0.11,0.41205,0.27939,-0.52397,-0.6911,-0.54,0.8,0.13,0.21836,0.13405,-0.5012,-0.82653,-0.56,0.81,0.16,0.13636,0.12102,-0.58583,-0.78966,-0.57,0.81,0.18,0.13636,0.12102,-0.58583,-0.78966,-0.5,0.8,0.11,0.24837,0.17732,0.13281,-0.94299,-0.52,0.83,0.16,0.12658,0.19489,0.07279,-0.96989,-0.54,0.84,0.19,-0.27542,0.21453,0.01354,-0.93698,-0.55,0.83,0.21,-0.44163,0.18747,-0.01512,-0.87726,-0.55,0.81,0.22,-0.44163,0.18747,-0.01512,-0.87726,-0.49,0.79,0.12,0.24837,0.17732,0.13281,-0.94299,-0.5,0.83,0.16,-0.01669,0.20899,0.08702,-0.97389,-0.52,0.83,0.2,-0.32685,0.225,0.02873,-0.91745,-0.53,0.81,0.22,-0.44216,0.21274,0.05413,-0.86966,-0.54,0.8,0.23,-0.44216,0.21274,0.05413,-0.86966,-0.47,0.79,0.12,0.24837,0.17732,0.13281,-0.94299,-0.48,0.82,0.17,0.09069,0.15774,0.17345,-0.96789,-0.5,0.83,0.2,-0.30989,0.22799,0.13396,-0.91326,-0.51,0.81,0.22,-0.49452,0.27355,0.1052,-0.81826,-0.52,0.8,0.23,-0.49452,0.27355,0.1052,-0.81826,-0.47,0.79,0.13,0.16782,0.09316,0.35541,-0.91479,-0.47,0.8,0.17,0.30048,0.02306,0.27161,-0.91401,-0.46,0.82,0.19,-0.25201,0.17799,0.29192,-0.90531,-0.47,0.81,0.21,-0.49058,0.29794,0.23732,-0.78373,-0.49,0.8,0.22,-0.49058,0.29794,0.23732,-0.78373,-0.6,0.8,0.21
7,-0.64,0.81,0.13,0.26318,-0.0767,-0.09241,-0.95724,-0.65,0.78,0.07,0.26318,-0.0767,-0.09241,-0.95724,-0.61,0.79,0.11,0.35225,-0.21078,0.57428,-0.7083,-0.59,0.8,0.13,0.12179,-0.02144,0.53787,-0.83391,-0.59,0.81,0.16,0.02202,-0.0093,0.6084,-0.79327,-0.58,0.81,0.18,0.02202,-0.0093,0.6084,-0.79327,-0.63,0.8,0.11,0.26318,-0.0767,-0.09241,-0.95724,-0.62,0.83,0.15,-0.05455,-0.0659,-0.04001,-0.99553,-0.61,0.83,0.19,-0.40835,-0.0769,-0.0398,-0.90871,-0.61,0.81,0.21,-0.55152,-0.05439,-0.03294,-0.83174,-0.6,0.79,0.22,-0.55152,-0.05439,-0.03294,-0.83174,-0.64,0.8,0.11,0.26318,-0.0767,-0.09241,-0.95724,-0.64,0.83,0.16,-0.01273,-0.04875,-0.10371,-0.99333,-0.63,0.83,0.2,-0.37193,-0.08282,-0.09175,-0.92,-0.63,0.81,0.22,-0.49678,-0.07828,-0.13351,-0.85397,-0.62,0.79,0.23,-0.49678,-0.07828,-0.13351,-0.85397,-0.66,0.79,0.11,0.26318,-0.0767,-0.09241,-0.95724,-0.66,0.82,0.16,0.04783,-0.03574,-0.15726,-0.98575,-0.65,0.83,0.19,-0.308,-0.1006,-0.17322,-0.93006,-0.65,0.81,0.22,-0.46104,-0.1528,-0.17398,-0.85664,-0.64,0.79,0.23,-0.46104,-0.1528,-0.17398,-0.85664,-0.67,0.79,0.11,0.20839,0.00392,-0.32317,-0.9231,-0.67,0.81,0.15,0.08929,-0.03915,-0.23305,-0.96756,-0.67,0.81,0.18,-0.22375,-0.08758,-0.27337,-0.93142,-0.67,0.81,0.2,-0.31549,-0.16394,-0.27105,-0.8945,-0.66,0.8,0.22,-0.31549,-0.16394,-0.27105,-0.8945,-0.49,0.82,0.14,0.27578,0.1721,0.15399,-0.93307,-0.47,0.78,0.08,0.27578,0.1721,0.15399,-0.93307,-0.51,0.79,0.11,0.42842,0.25495,-0.51938,-0.69405,-0.54,0.8,0.12,0.23367,0.11205,-0.48975,-0.83246,-0.55,0.81,0.15,0.14572,0.09624,-0.57422,-0.79986,-0.56,0.82,0.18,0.14572,0.09624,-0.57422,-0.79986,-0.5,0.8,0.11,0.27578,0.1721,0.15399,-0.93307,-0.52,0.83,0.15,0.14946,0.19485,0.09203,-0.965,-0.53,0.85,0.19,-0.251,0.22268,0.03132,-0.9415,-0.54,0.84,0.2,-0.41815,0.19896,0.00174,-0.88632,-0.55,0.82,0.22,-0.41815,0.19896,0.00174,-0.88632,-0.49,0.8,0.11,0.27578,0.1721,0.15399,-0.93307,-0.5,0.83,0.16,0.01611,0.21093,0.10867,-0.97131,-0.51,0.84,0.2,-0.29241,0.23398,0.04928,-0.92592,-0.53,0.82,0.22,-0.41198,0.22603,0.07338,-0.87966,-0.54,0.81,0.23,-0.41198,0.22603,0.07338,-0.87966,-0.47,0.79,0.12,0.27578,0.1721,0.15399,-0.93307,-0.48,0.82,0.16,0.12336,0.15689,0.19682,-0.95991,-0.49,0.84,0.2,-0.27437,0.2375,0.15551,-0.91877,-0.5,0.82,0.22,-0.46303,0.28832,0.1226,-0.82912,-0.52,0.81,0.23,-0.46303,0.28832,0.1226,-0.82912,-0.46,0.79,0.12,0.19264,0.09557,0.3778,-0.90057,-0.46,0.81,0.17,0.32984,0.01264,0.29548,-0.89652,-0.46,0.83,0.19,-0.20776,0.18161,0.31805,-0.90703,-0.47,0.82,0.21,-0.44661,0.30872,0.25949,-0.79868,-0.48,0.81,0.22,-0.44661,0.30872,0.25949,-0.79868,-0.6,0.8,0.21
8,-0.64,0.82,0.13,0.26485,-0.07663,-0.11661,-0.95414,-0.65,0.79,0.07,0.26485,-0.07663,-0.11661,-0.95414,-0.61,0.8,0.11,0.36406,-0.20651,0.5526,-0.72073,-0.59,0.81,0.13,0.13127,-0.02618,0.51428,-0.84711,-0.58,0.81,0.16,0.02721,-0.01258,0.58666,-0.80928,-0.58,0.81,0.18,0.02721,-0.01258,0.58666,-0.80928,-0.62,0.8,0.11,0.26485,-0.07663,-0.11661,-0.95414,-0.62,0.83,0.15,-0.04568,-0.07248,-0.0642,-0.99425,-0.61,0.83,0.19,-0.39908,-0.09188,-0.06004,-0.91032,-0.61,0.81,0.21,-0.54263,-0.0725,-0.05081,-0.8353,-0.6,0.79,0.22,-0.54263,-0.0725,-0.05081,-0.8353,-0.64,0.8,0.11,0.26485,-0.07663,-0.11661,-0.95414,-0.64,0.83,0.16,0.00123,-0.05254,-0.12843,-0.99033,-0.63,0.84,0.2,-0.3472,-0.09416,-0.11446,-0.92601,-0.63,0.82,0.22,-0.46485,-0.09292,-0.15473,-0.8668,-0.62,0.8,0.23,-0.46485,-0.09292,-0.15473,-0.8668,-0.66,0.8,0.11,0.26485,-0.07663,-0.11661,-0.95414,-0.66,0.82,0.16,0.05645,-0.0388,-0.18145,-0.98101,-0.65,0.83,0.19,-0.28999,-0.11076,-0.19521,-0.93034,-0.65,0.82,0.22,-0.43586,-0.16559,-0.19413,-0.86309,-0.64,0.8,0.23,-0.43586,-0.16559,-0.19413,-0.86309,-0.67,0.79,0.11,0.20668,0.00276,-0.34619,-0.91511,-0.67,0.81,0.15,0.09243,-0.04199,-0.25651,-0.9612,-0.67,0.82,0.18,-0.21281,-0.09581,-0.29482,-0.92661,-0.67,0.81,0.2,-0.29449,-0.17169,-0.29212,-0.89357,-0.66,0.8,0.22,-0.29449,-0.17169,-0.29212,-0.89357,-0.49,0.82,0.13,0.30506,0.17222,0.16634,-0.92174,-0.47,0.78,0.08,0.30506,0.17222,0.16634,-0.92174,-0.51,0.8,0.11,0.44686,0.23132,-0.51999,-0.69023,-0.54,0.81,0.12,0.25188,0.08938,-0.48406,-0.83322,-0.55,0.82,0.15,0.15459,0.06758,-0.56775,-0.80573,-0.56,0.83,0.17,0.15459,0.06758,-0.56775,-0.80573,-0.5,0.8,0.11,0.30506,0.17222,0.16634,-0.92174,-0.52,0.84,0.15,0.17875,0.19583,0.10381,-0.9586,-0.53,0.86,0.18,-0.23414,0.22954,0.03839,-0.94394,-0.54,0.85,0.2,-0.40571,0.20725,0.00703,-0.89017,-0.55,0.83,0.21,-0.40571,0.20725,0.00703,-0.89017,-0.48,0.8,0.11,0.30506,0.17222,0.16634,-0.92174,-0.49,0.84,0.15,0.03648,0.21606,0.11778,-0.96856,-0.51,0.85,0.19,-0.2949,0.24326,0.05042,-0.92267,-0.52,0.83,0.21,-0.43098,0.23577,0.07049,-0.86816,-0.54,0.81,0.23,-0.43098,0.23577,0.07049,-0.86816,-0.47,0.8,0.12,0.30506,0.17222,0.16634,-0.92174,-0.48,0.83,0.16,0.14451,0.16193,0.20882,-0.95357,-0.49,0.84,0.19,-0.26766,0.25025,0.16027,-0.91654,-0.5,0.83,0.21,-0.46795,0.30304,0.12093,-0.82132,-0.52,0.82,0.22,-0.46795,0.30304,0.12093,-0.82132,-0.46,0.79,0.12,0.21943,0.10356,0.39152,-0.8876,-0.46,0.81,0.16,0.35095,0.01332,0.312,-0.88279,-0.46,0.83,0.18,-0.18724,0.19442,0.33009,-0.90453,-0.47,0.83,0.2,-0.43049,0.32576,0.26462,-0.79909,-0.48,0.82,0.21,-0.43049,0.32576,0.26462,-0.79909,-0.6,0.8,0.21
9,-0.64,0.82,0.13,0.30003,-0.07485,-0.11553,-0.94394,-0.65,0.79,0.07,0.30003,-0.07485,-0.11553,-0.94394,-0.61,0.8,0.11,0.38661,-0.18816,0.55968,-0.70844,-0.59,0.81,0.13,0.15542,-0.00722,0.51565,-0.84256,-0.58,0.82,0.16,0.03973,0.01591,0.58616,-0.80906,-0.58,0.82,0.18,0.03973,0.01591,0.58616,-0.80906,-0.62,0.8,0.1,0.30003,-0.07485,-0.11553,-0.94394,-0.62,0.84,0.15,0.02372,-0.06592,-0.06928,-0.99513,-0.61,0.84,0.19,-0.33531,-0.08944,-0.06689,-0.93546,-0.61,0.83,0.21,-0.48752,-0.07198,-0.05948,-0.86811,-0.6,0.81,0.22,-0.48752,-0.07198,-0.05948,-0.86811,-0.64,0.8,0.11,0.30003,-0.07485,-0.11553,-0.94394,-0.64,0.84,0.15,0.06757,-0.04722,-0.13179,-0.98784,-0.64,0.85,0.19,-0.2705,-0.08949,-0.12072,-0.95092,-0.63,0.83,0.22,-0.38542,-0.0926,-0.16256,-0.90358,-0.62,0.82,0.24,-0.38542,-0.0926,-0.16256,-0.90358,-0.66,0.8,0.11,0.30003,-0.07485,-0.11553,-0.94394,-0.66,0.83,0.15,0.11018,-0.03753,-0.18335,-0.97613,-0.66,0.84,0.19,-0.22199,-0.10912,-0.19827,-0.94842,-0.65,0.83,0.21,-0.36536,-0.16468,-0.1963,-0.89491,-0.64,0.82,0.23,-0.36536,-0.16468,-0.1963,-0.89491,-0.67,0.8,0.11,0.24145,-0.00422,-0.348,-0.90586,-0.67,0.82,0.15,0.13656,-0.04684,-0.25638,-0.95573,-0.67,0.82,0.18,-0.15229,-0.09809,-0.29522,-0.9381,-0.67,0.82,0.2,-0.22686,-0.17184,-0.29055,-0.91356,-0.66,0.81,0.22,-0.22686,-0.17184,-0.29055,-0.91356,-0.49,0.82,0.13,0.31672,0.17984,0.13452,-0.92155,-0.47,0.78,0.08,0.31672,0.17984,0.13452,-0.92155,-0.51,0.79,0.11,0.43057,0.23564,-0.56531,-0.66295,-0.54,0.8,0.12,0.24176,0.07916,-0.53224,-0.80747,-0.55,0.81,0.15,0.13468,0.04563,-0.6118,-0.77813,-0.56,0.82,0.17,0.13468,0.04563,-0.6118,-0.77813,-0.5,0.8,0.11,0.31672,0.17984,0.13452,-0.92155,-0.52,0.84,0.15,0.15783,0.19759,0.06487,-0.96532,-0.53,0.85,0.18,-0.29961,0.21459,-0.00764,-0.92958,-0.54,0.84,0.2,-0.47023,0.18331,-0.03819,-0.86245,-0.55,0.82,0.21,-0.47023,0.18331,-0.03819,-0.86245,-0.49,0.8,0.11,0.31672,0.17984,0.13452,-0.92155,-0.5,0.84,0.15,0.00718,0.21691,0.07663,-0.97315,-0.52,0.84,0.19,-0.38686,0.23001,-0.00437,-0.89298,-0.53,0.82,0.21,-0.54517,0.20861,0.01266,-0.81186,-0.54,0.8,0.22,-0.54517,0.20861,0.01266,-0.81186,-0.47,0.8,0.12,0.31672,0.17984,0.13452,-0.92155,-0.48,0.83,0.16,0.09664,0.17298,0.16734,-0.96578,-0.49,0.84,0.19,-0.37619,0.24809,0.10433,-0.88659,-0.51,0.82,0.21,-0.59615,0.28645,0.06162,-0.7475,-0.52,0.8,0.21,-0.59615,0.28645,0.06162,-0.7475,-0.46,0.79,0.12,0.23361,0.11279,0.36217,-0.89529,-0.46,0.82,0.16,0.32228,0.03956,0.28442,-0.90204,-0.46,0.83,0.18,-0.27881,0.21591,0.28376,-0.8917,-0.47,0.83,0.2,-0.53593,0.33701,0.21063,-0.74487,-0.49,0.81,0.2,-0.53593,0.33701,0.21063,-0.74487,-0.6,0.8,0.21
10,-0.64,0.82,0.13,0.27442,-0.06919,-0.08702,-0.95516,-0.65,0.79,0.07,0.27442,-0.06919,-0.08702,-0.95516,-0.61,0.8,0.11,0.36336,-0.21481,0.57124,-0.70392,-0.59,0.8,0.13,0.1261,-0.0226,0.53683,-0.83391,-0.58,0.81,0.16,0.01268,0.0003,0.60663,-0.79488,-0.58,0.81,0.18,0.01268,0.0003,0.60663,-0.79488,-0.62,0.8,0.11,0.27442,-0.06919,-0.08702,-0.95516,-0.62,0.83,0.15,0.03366,-0.05426,-0.04401,-0.99699,-0.61,0.84,0.19,-0.29564,-0.06817,-0.0498,-0.95156,-0.61,0.82,0.21,-0.44555,-0.04821,-0.04766,-0.89269,-0.61,0.81,0.23,-0.44555,-0.04821,-0.04766,-0.89269,-0.64,0.8,0.11,0.27442,-0.06919,-0.08702,-0.95516,-0.64,0.84,0.15,0.0525,-0.03309,-0.10437,-0.9926,-0.64,0.84,0.2,-0.27071,-0.06514,-0.10077,-0.95515,-0.63,0.83,0.22,-0.38129,-0.06567,-0.14582,-0.91052,-0.63,0.81,0.24,-0.38129,-0.06567,-0.14582,-0.91052,-0.66,0.8,0.11,0.27442,-0.06919,-0.08702,-0.95516,-0.66,0.83,0.15,0.11305,-0.02059,-0.15579,-0.98108,-0.66,0.84,0.19,-0.20899,-0.08204,-0.17888,-0.95791,-0.65,0.83,0.22,-0.3499,-0.13457,-0.18152,-0.90913,-0.64,0.81,0.23,-0.3499,-0.13457,-0.18152,-0.90913,-0.67,0.79,0.11,0.22163,0.00866,-0.31924,-0.92135,-0.67,0.81,0.15,0.14869,-0.02402,-0.228,-0.96194,-0.67,0.82,0.18,-0.12595,-0.06472,-0.27569,-0.95076,-0.67,0.82,0.2,-0.1939,-0.13486,-0.27393,-0.9323,-0.66,0.81,0.22,-0.1939,-0.13486,-0.27393,-0.9323,-0.49,0.82,0.13,0.30674,0.18804,0.13748,-0.92285,-0.47,0.78,0.08,0.30674,0.18804,0.13748,-0.92285,-0.51,0.79,0.11,0.42269,0.25239,-0.56666,-0.6607,-0.54,0.8,0.12,0.23314,0.09407,-0.53863,-0.80416,-0.55,0.81,0.15,0.12824,0.06094,-0.61896,-0.77248,-0.56,0.82,0.17,0.12824,0.06094,-0.61896,-0.77248,-0.5,0.8,0.11,0.30674,0.18804,0.13748,-0.92285,-0.52,0.84,0.15,0.1321,0.20855,0.0619,-0.96707,-0.54,0.85,0.18,-0.32033,0.22243,-0.01425,-0.92071,-0.54,0.83,0.2,-0.49253,0.18946,-0.04764,-0.84809,-0.55,0.82,0.21,-0.49253,0.18946,-0.04764,-0.84809,-0.49,0.8,0.11,0.30674,0.18804,0.13748,-0.92285,-0.5,0.84,0.15,0.00593,0.22258,0.08054,-0.97156,-0.52,0.84,0.19,-0.37861,0.23678,-0.00077,-0.89475,-0.53,0.82,0.21,-0.54169,0.21621,0.01446,-0.81217,-0.54,0.8,0.22,-0.54169,0.21621,0.01446,-0.81217,-0.47,0.8,0.12,0.30674,0.18804,0.13748,-0.92285,-0.48,0.83,0.16,0.10515,0.17354,0.17378,-0.96365,-0.49,0.84,0.19,-0.35728,0.25076,0.11221,-0.89268,-0.51,0.82,0.21,-0.58133,0.29165,0.06745,-0.75661,-0.52,0.8,0.22,-0.58133,0.29165,0.06745,-0.75661,-0.46,0.79,0.12,0.22182,0.11854,0.36375,-0.8969,-0.47,0.81,0.16,0.32578,0.03508,0.28682,-0.90021,-0.46,0.83,0.19,-0.26622,0.21147,0.28981,-0.89466,-0.47,0.83,0.2,-0.53201,0.3367,0.21431,-0.74678,-0.49,0.81,0.21,-0.53201,0.3367,0.21431,-0.74678,-0.6,0.8,0.21
11,-0.64,0.81,0.13,0.24645,-0.06452,-0.08326,-0.96342,-0.65,0.78,0.07,0.24645,-0.06452,-0.08326,-0.96342,-0.61,0.79,0.11,0.34637,-0.23697,0.56249,-0.71238,-0.59,0.8,0.13,0.10047,-0.04148,0.53616,-0.83709,-0.58,0.8,0.16,-0.00719,-0.02394,0.6071,-0.79424,-0.58,0.8,0.18,-0.00719,-0.02394,0.6071,-0.79424,-0.62,0.8,0.11,0.24645,-0.06452,-0.08326,-0.96342,-0.62,0.83,0.16,0.01768,-0.05449,-0.03901,-0.9976,-0.61,0.83,0.19,-0.2772,-0.06468,-0.04743,-0.95746,-0.61,0.82,0.21,-0.4122,-0.04358,-0.04753,-0.90881,-0.61,0.8,0.23,-0.4122,-0.04358,-0.04753,-0.90881,-0.64,0.8,0.11,0.24645,-0.06452,-0.08326,-0.96342,-0.64,0.83,0.16,0.02183,-0.02725,-0.09995,-0.99438,-0.64,0.83,0.2,-0.29222,-0.05695,-0.09894,-0.94951,-0.63,0.82,0.22,-0.39868,-0.05581,-0.14463,-0.90389,-0.63,0.8,0.24,-0.39868,-0.05581,-0.14463,-0.90389,-0.66,0.79,0.11,0.24645,-0.06452,-0.08326,-0.96342,-0.66,0.82,0.16,0.0978,-0.01057,-0.15147,-0.98356,-0.66,0.83,0.19,-0.21819,-0.06956,-0.17854,-0.95691,-0.65,0.82,0.22,-0.35477,-0.12139,-0.18359,-0.90868,-0.64,0.8,0.24,-0.35477,-0.12139,-0.18359,-0.90868,-0.67,0.79,0.11,0.19589,0.0202,-0.31346,-0.92896,-0.67,0.81,0.15,0.14322,-0.00608,-0.22328,-0.96416,-0.67,0.81,0.18,-0.11589,-0.04165,-0.276,-0.95323,-0.67,0.81,0.2,-0.17532,-0.10954,-0.27637,-0.93855,-0.67,0.81,0.22,-0.17532,-0.10954,-0.27637,-0.93855,-0.49,0.82,0.13,0.29741,0.19947,0.13931,-0.92323,-0.47,0.78,0.08,0.29741,0.19947,0.13931,-0.92323,-0.51,0.79,0.1,0.42058,0.27095,-0.5646,-0.65645,-0.54,0.8,0.12,0.23494,0.11544,-0.54117,-0.79914,-0.55,0.81,0.15,0.142,0.08929,-0.62308,-0.76396,-0.56,0.81,0.17,0.142,0.08929,-0.62308,-0.76396,-0.5,0.8,0.11,0.29741,0.19947,0.13931,-0.92323,-0.52,0.84,0.15,0.09288,0.25237,0.03613,-0.96248,-0.54,0.84,0.18,-0.32303,0.25082,-0.04806,-0.91128,-0.55,0.83,0.19,-0.49161,0.21122,-0.08602,-0.84042,-0.56,0.81,0.2,-0.49161,0.21122,-0.08602,-0.84042,-0.49,0.8,0.11,0.29741,0.19947,0.13931,-0.92323,-0.5,0.84,0.15,0.09235,0.22172,0.10382,-0.96516,-0.52,0.85,0.19,-0.28619,0.24599,0.02362,-0.92576,-0.53,0.83,0.21,-0.46796,0.23515,0.03607,-0.85113,-0.54,0.81,0.22,-0.46796,0.23515,0.03607,-0.85113,-0.47,0.8,0.12,0.29741,0.19947,0.13931,-0.92323,-0.48,0.83,0.16,0.18418,0.16259,0.19198,-0.95015,-0.49,0.84,0.19,-0.27628,0.25201,0.13284,-0.91789,-0.51,0.83,0.21,-0.51824,0.3009,0.08245,-0.7963,-0.52,0.81,0.22,-0.51824,0.3009,0.08245,-0.7963,-0.46,0.79,0.12,0.21015,0.12765,0.36409,-0.89832,-0.47,0.81,0.16,0.34798,0.01757,0.28842,-0.89186,-0.46,0.83,0.18,-0.23282,0.19724,0.30245,-0.903,-0.47,0.83,0.2,-0.51146,0.33007,0.22605,-0.76051,-0.49,0.81,0.21,-0.51146,0.33007,0.22605,-0.76051,-0.6,0.8,0.21
12,-0.64,0.81,0.13,0.23619,-0.06712,-0.13715,-0.95964,-0.65,0.79,0.07,0.23619,-0.06712,-0.13715,-0.95964,-0.61,0.8,0.1,0.35619,-0.2444,0.51851,-0.73793,-0.59,0.8,0.12,0.1041,-0.06531,0.49398,-0.86074,-0.58,0.81,0.16,0.00076,-0.05442,0.56977,-0.82,-0.58,0.81,0.18,0.00076,-0.05442,0.56977,-0.82,-0.62,0.8,0.11,0.23619,-0.06712,-0.13715,-0.95964,-0.62,0.83,0.16,-0.00428,-0.07139,-0.0893,-0.99343,-0.61,0.83,0.19,-0.296,-0.09487,-0.09059,-0.94614,-0.61,0.82,0.21,-0.42524,-0.07893,-0.08592,-0.89753,-0.6,0.8,0.23,-0.42524,-0.07893,-0.08592,-0.89753,-0.64,0.8,0.11,0.23619,-0.06712,-0.13715,-0.95964,-0.64,0.83,0.16,0.00082,-0.0404,-0.15186,-0.98758,-0.64,0.83,0.2,-0.31186,-0.08574,-0.14384,-0.93525,-0.63,0.81,0.22,-0.41849,-0.08835,-0.18528,-0.88472,-0.62,0.8,0.24,-0.41849,-0.08835,-0.18528,-0.88472,-0.66,0.79,0.11,0.23619,-0.06712,-0.13715,-0.95964,-0.66,0.82,0.16,0.0829,-0.01503,-0.20482,-0.97517,-0.66,0.82,0.2,-0.22875,-0.08988,-0.22751,-0.94225,-0.65,0.81,0.22,-0.35997,-0.14785,-0.22924,-0.89219,-0.64,0.8,0.24,-0.35997,-0.14785,-0.22924,-0.89219,-0.67,0.79,0.11,0.17792,0.01829,-0.36336,-0.91432,-0.67,0.8,0.15,0.12166,-0.00147,-0.27746,-0.953,-0.67,0.81,0.18,-0.13185,-0.04896,-0.32811,-0.93411,-0.67,0.81,0.2,-0.18212,-0.11816,-0.32892,-0.91907,-0.66,0.8,0.22,-0.18212,-0.11816,-0.32892,-0.91907,-0.5,0.81,0.13,0.23846,0.20729,0.10048,-0.94344,-0.47,0.78,0.08,0.23846,0.20729,0.10048,-0.94344,-0.51,0.78,0.11,0.37783,0.32439,-0.57641,-0.6479,-0.54,0.79,0.12,0.20458,0.1698,-0.56576,-0.78053,-0.56,0.79,0.15,0.13907,0.16154,-0.64654,-0.7325,-0.57,0.79,0.17,0.13907,0.16154,-0.64654,-0.7325,-0.5,0.79,0.11,0.23846,0.20729,0.10048,-0.94344,-0.53,0.82,0.15,-0.03456,0.28842,-0.04159,-0.95598,-0.55,0.82,0.18,-0.42438,0.24987,-0.12953,-0.86063,-0.56,0.8,0.19,-0.57612,0.19512,-0.16797,-0.77576,-0.56,0.78,0.2,-0.57612,0.19512,-0.16797,-0.77576,-0.49,0.79,0.11,0.23846,0.20729,0.10048,-0.94344,-0.51,0.83,0.16,0.07429,0.2151,0.0751,-0.97086,-0.52,0.83,0.2,-0.28912,0.22866,0.00356,-0.92958,-0.54,0.82,0.22,-0.46472,0.21444,0.02077,-0.85885,-0.54,0.8,0.23,-0.46472,0.21444,0.02077,-0.85885,-0.47,0.79,0.12,0.23846,0.20729,0.10048,-0.94344,-0.49,0.82,0.16,0.17354,0.14714,0.15969,-0.96059,-0.5,0.83,0.2,-0.28946,0.2231,0.112,-0.92406,-0.51,0.82,0.22,-0.52837,0.26718,0.07196,-0.80266,-0.52,0.8,0.23,-0.52837,0.26718,0.07196,-0.80266,-0.47,0.79,0.12,0.15654,0.11947,0.32226,-0.92594,-0.47,0.8,0.16,0.30108,0.00801,0.24118,-0.92256,-0.47,0.82,0.19,-0.26978,0.15316,0.27357,-0.91045,-0.48,0.81,0.21,-0.54821,0.27878,0.2162,-0.75829,-0.49,0.8,0.21,-0.54821,0.27878,0.2162,-0.75829,-0.6,0.8,0.21
13,-0.64,0.82,0.13,0.25163,-0.07791,-0.1759,-0.94851,-0.65,0.79,0.07,0.25163,-0.07791,-0.1759,-0.94851,-0.61,0.8,0.1,0.37909,-0.2425,0.4951,-0.74321,-0.59,0.81,0.12,0.12952,-0.07599,0.46896,-0.87036,-0.58,0.81,0.15,0.02425,-0.06394,0.54807,-0.83363,-0.58,0.82,0.18,0.02425,-0.06394,0.54807,-0.83363,-0.63,0.8,0.1,0.25163,-0.07791,-0.1759,-0.94851,-0.62,0.84,0.15,-0.01132,-0.09197,-0.12294,-0.98808,-0.61,0.84,0.19,-0.3051,-0.12461,-0.11614,-0.93696,-0.6,0.82,0.21,-0.43324,-0.1118,-0.10695,-0.8879,-0.6,0.81,0.22,-0.43324,-0.1118,-0.10695,-0.8879,-0.64,0.8,0.1,0.25163,-0.07791,-0.1759,-0.94851,-0.64,0.83,0.16,0.00835,-0.05884,-0.18882,-0.98021,-0.64,0.83,0.2,-0.31438,-0.11719,-0.17155,-0.92628,-0.63,0.82,0.22,-0.42538,-0.12321,-0.2086,-0.87199,-0.62,0.8,0.23,-0.42538,-0.12321,-0.2086,-0.87199,-0.66,0.79,0.11,0.25163,-0.07791,-0.1759,-0.94851,-0.66,0.82,0.16,0.09316,-0.02941,-0.24342,-0.96499,-0.66,0.83,0.19,-0.22605,-0.11875,-0.25803,-0.93178,-0.65,0.82,0.22,-0.35823,-0.18141,-0.25455,-0.87975,-0.64,0.81,0.23,-0.35823,-0.18141,-0.25455,-0.87975,-0.67,0.79,0.11,0.1854,0.00238,-0.40054,-0.89732,-0.67,0.8,0.15,0.12489,-0.01719,-0.31591,-0.94038,-0.67,0.81,0.18,-0.13428,-0.07696,-0.36037,-0.91988,-0.67,0.81,0.2,-0.18349,-0.14828,-0.359,-0.90303,-0.66,0.8,0.22,-0.18349,-0.14828,-0.359,-0.90303,-0.5,0.81,0.14,0.2476,0.1928,0.12291,-0.9415,-0.47,0.78,0.08,0.2476,0.1928,0.12291,-0.9415,-0.51,0.79,0.11,0.39793,0.2991,-0.54902,-0.6714,-0.54,0.79,0.12,0.22661,0.15802,-0.52817,-0.80294,-0.56,0.8,0.15,0.17595,0.16332,-0.60967,-0.75543,-0.57,0.8,0.17,0.17595,0.16332,-0.60967,-0.75543,-0.5,0.79,0.11,0.2476,0.1928,0.12291,-0.9415,-0.52,0.83,0.15,-0.02874,0.29445,-0.02696,-0.95486,-0.54,0.82,0.18,-0.41771,0.26156,-0.11832,-0.86204,-0.55,0.8,0.2,-0.56992,0.20881,-0.15882,-0.7787,-0.56,0.78,0.2,-0.56992,0.20881,-0.15882,-0.7787,-0.49,0.79,0.11,0.2476,0.1928,0.12291,-0.9415,-0.5,0.83,0.16,0.0815,0.20652,0.09855,-0.97005,-0.52,0.84,0.2,-0.28039,0.22931,0.0289,-0.93165,-0.53,0.82,0.22,-0.45699,0.22017,0.0455,-0.86059,-0.54,0.8,0.23,-0.45699,0.22017,0.0455,-0.86059,-0.47,0.79,0.12,0.2476,0.1928,0.12291,-0.9415,-0.48,0.82,0.16,0.17176,0.13727,0.18156,-0.95848,-0.49,0.83,0.2,-0.28984,0.22431,0.13578,-0.92046,-0.51,0.82,0.22,-0.52804,0.27471,0.09421,-0.79802,-0.52,0.8,0.23,-0.52804,0.27471,0.09421,-0.79802,-0.46,0.79,0.12,0.16528,0.10802,0.34512,-0.91755,-0.47,0.8,0.17,0.30006,-0.01075,0.26328,-0.91681,-0.46,0.82,0.19,-0.26204,0.14866,0.3023,-0.90435,-0.47,0.81,0.21,-0.54181,0.28517,0.243,-0.75237,-0.49,0.8,0.21,-0.54181,0.28517,0.243,-0.75237,-0.6,0.8,0.21
14,-0.64,0.82,0.13,0.26715,-0.08088,-0.20832,-0.93739,-0.65,0.79,0.07,0.26715,-0.08088,-0.20832,-0.93739,-0.62,0.8,0.1,0.38461,-0.23519,0.48817,-0.7473,-0.59,0.81,0.12,0.13672,-0.07309,0.45913,-0.87474,-0.58,0.82,0.15,0.02239,-0.05607,0.53865,-0.84036,-0.58,0.82,0.18,0.02239,-0.05607,0.53865,-0.84036,-0.63,0.81,0.1,0.26715,-0.08088,-0.20832,-0.93739,-0.62,0.84,0.15,-0.03251,-0.09919,-0.15462,-0.98244,-0.61,0.84,0.19,-0.35331,-0.14488,-0.1395,-0.91363,-0.61,0.82,0.2,-0.48378,-0.13555,-0.12491,-0.85556,-0.6,0.81,0.22,-0.48378,-0.13555,-0.12491,-0.85556,-0.64,0.8,0.1,0.26715,-0.08088,-0.20832,-0.93739,-0.64,0.84,0.15,0.02458,-0.06719,-0.22187,-0.97245,-0.64,0.84,0.2,-0.34024,-0.14545,-0.19333,-0.90869,-0.63,0.82,0.22,-0.46746,-0.15585,-0.22463,-0.84068,-0.62,0.81,0.23,-0.46746,-0.15585,-0.22463,-0.84068,-0.66,0.8,0.11,0.26715,-0.08088,-0.20832,-0.93739,-0.66,0.82,0.15,0.09975,-0.04019,-0.27554,-0.95525,-0.66,0.83,0.19,-0.25891,-0.15221,-0.27868,-0.91222,-0.65,0.82,0.21,-0.40664,-0.2219,-0.26721,-0.84499,-0.63,0.81,0.23,-0.40664,-0.2219,-0.26721,-0.84499,-0.67,0.79,0.11,0.19547,-0.00587,-0.43174,-0.88054,-0.67,0.81,0.15,0.10223,-0.04819,-0.34583,-0.93147,-0.67,0.81,0.18,-0.19047,-0.12735,-0.37694,-0.89745,-0.66,0.81,0.2,-0.26197,-0.2089,-0.36992,-0.86654,-0.65,0.8,0.22,-0.26197,-0.2089,-0.36992,-0.86654,-0.49,0.81,0.14,0.2681,0.16786,0.16908,-0.93346,-0.47,0.78,0.09,0.2681,0.16786,0.16908,-0.93346,-0.51,0.79,0.11,0.44233,0.26443,-0.48632,-0.70563,-0.54,0.8,0.12,0.25928,0.14038,-0.45483,-0.84036,-0.55,0.82,0.15,0.20647,0.14611,-0.54126,-0.80191,-0.57,0.82,0.17,0.20647,0.14611,-0.54126,-0.80191,-0.5,0.8,0.11,0.2681,0.16786,0.16908,-0.93346,-0.52,0.83,0.16,0.12166,0.2587,0.07322,-0.95546,-0.54,0.84,0.19,-0.25584,0.2732,-0.00591,-0.92729,-0.55,0.83,0.2,-0.42616,0.24206,-0.04591,-0.87045,-0.56,0.82,0.22,-0.42616,0.24206,-0.04591,-0.87045,-0.49,0.79,0.12,0.2681,0.16786,0.16908,-0.93346,-0.5,0.83,0.16,0.11274,0.19152,0.14899,-0.96354,-0.51,0.84,0.2,-0.209,0.23051,0.09096,-0.946,-0.52,0.83,0.22,-0.36783,0.23531,0.11005,-0.89287,-0.54,0.82,0.24,-0.36783,0.23531,0.11005,-0.89287,-0.47,0.79,0.12,0.2681,0.16786,0.16908,-0.93346,-0.48,0.82,0.17,0.17492,0.1248,0.22672,-0.94996,-0.49,0.84,0.2,-0.245,0.22674,0.18961,-0.92337,-0.5,0.83,0.22,-0.4647,0.28993,0.14937,-0.82322,-0.51,0.81,0.23,-0.4647,0.28993,0.14937,-0.82322,-0.46,0.79,0.13,0.18396,0.09009,0.39149,-0.89709,-0.46,0.8,0.17,0.30467,-0.02775,0.30967,-0.90028,-0.46,0.82,0.19,-0.2296,0.1538,0.35132,-0.89454,-0.47,0.81,0.21,-0.49182,0.30152,0.29061,-0.76338,-0.48,0.8,0.22,-0.49182,0.30152,0.29061,-0.76338,-0.6,0.8,0.21
15,-0.64,0.82,0.13,0.2928,-0.0807,-0.1989,-0.93177,-0.65,0.79,0.07,0.2928,-0.0807,-0.1989,-0.93177,-0.62,0.8,0.1,0.38643,-0.22233,0.5127,-0.73375,-0.59,0.81,0.12,0.14295,-0.05311,0.47966,-0.8641,-0.58,0.82,0.15,0.01902,-0.02767,0.55589,-0.83058,-0.58,0.82,0.18,0.01902,-0.02767,0.55589,-0.83058,-0.63,0.81,0.1,0.2928,-0.0807,-0.1989,-0.93177,-0.62,0.84,0.15,-0.02196,-0.08943,-0.15018,-0.98436,-0.62,0.84,0.19,-0.37487,-0.13915,-0.13378,-0.90676,-0.61,0.83,0.2,-0.51493,-0.13057,-0.11751,-0.83904,-0.6,0.81,0.21,-0.51493,-0.13057,-0.11751,-0.83904,-0.64,0.8,0.1,0.2928,-0.0807,-0.1989,-0.93177,-0.65,0.84,0.15,0.05325,-0.06537,-0.21458,-0.97306,-0.64,0.85,0.19,-0.33337,-0.14535,-0.18423,-0.91312,-0.63,0.83,0.21,-0.47225,-0.1571,-0.21492,-0.8403,-0.62,0.81,0.23,-0.47225,-0.1571,-0.21492,-0.8403,-0.66,0.8,0.11,0.2928,-0.0807,-0.1989,-0.93177,-0.66,0.83,0.15,0.11857,-0.04501,-0.26713,-0.95528,-0.66,0.84,0.19,-0.25627,-0.15848,-0.26676,-0.91545,-0.65,0.83,0.21,-0.41603,-0.22896,-0.25228,-0.84312,-0.64,0.81,0.23,-0.41603,-0.22896,-0.25228,-0.84312,-0.67,0.79,0.11,0.22176,-0.01162,-0.42507,-0.8775,-0.67,0.81,0.15,0.11788,-0.07117,-0.33295,-0.93284,-0.67,0.82,0.18,-0.19183,-0.15207,-0.35666,-0.90159,-0.66,0.81,0.2,-0.28005,-0.23744,-0.34391,-0.86425,-0.65,0.81,0.22,-0.28005,-0.23744,-0.34391,-0.86425,-0.5,0.81,0.14,0.22471,0.17838,0.1311,-0.94895,-0.47,0.78,0.09,0.22471,0.17838,0.1311,-0.94895,-0.51,0.79,0.11,0.41201,0.30961,-0.49911,-0.69662,-0.54,0.79,0.13,0.21813,0.17222,-0.48337,-0.83013,-0.56,0.8,0.15,0.14497,0.16404,-0.57076,-0.7914,-0.57,0.8,0.18,0.14497,0.16404,-0.57076,-0.7914,-0.5,0.79,0.11,0.22471,0.17838,0.1311,-0.94895,-0.52,0.82,0.16,0.08415,0.21617,0.05973,-0.97089,-0.54,0.83,0.19,-0.30055,0.22781,-0.00307,-0.92615,-0.55,0.82,0.21,-0.47003,0.19722,-0.03603,-0.85958,-0.56,0.8,0.22,-0.47003,0.19722,-0.03603,-0.85958,-0.49,0.79,0.12,0.22471,0.17838,0.1311,-0.94895,-0.5,0.82,0.17,0.00441,0.20238,0.0964,-0.97454,-0.52,0.82,0.21,-0.28497,0.22098,0.04494,-0.93163,-0.53,0.81,0.23,-0.39531,0.21272,0.07219,-0.89066,-0.54,0.79,0.24,-0.39531,0.21272,0.07219,-0.89066,-0.47,0.79,0.12,0.22471,0.17838,0.1311,-0.94895,-0.48,0.81,0.17,0.0868,0.143,0.17738,-0.96982,-0.49,0.82,0.21,-0.29824,0.21364,0.14683,-0.91861,-0.51,0.81,0.23,-0.47663,0.26187,0.12218,-0.83026,-0.52,0.79,0.24,-0.47663,0.26187,0.12218,-0.83026,-0.47,0.78,0.13,0.14482,0.08842,0.35165,-0.92063,-0.47,0.8,0.17,0.277,-0.01126,0.26603,-0.92324,-0.46,0.81,0.2,-0.25259,0.13739,0.30867,-0.90667,-0.47,0.81,0.21,-0.47224,0.25841,0.27037,-0.79819,-0.49,0.79,0.22,-0.47224,0.25841,0.27037,-0.79819,-0.6,0.8,0.21
16,-0.64,0.82,0.13,0.32597,-0.07966,-0.13999,-0.93156,-0.65,0.78,0.07,0.32597,-0.07966,-0.13999,-0.93156,-0.62,0.8,0.1,0.38749,-0.20809,0.56691,-0.69653,-0.59,0.81,0.12,0.14998,-0.0188,0.53037,-0.83418,-0.58,0.82,0.15,0.0205,0.01714,0.59955,-0.79989,-0.58,0.82,0.18,0.0205,0.01714,0.59955,-0.79989,-0.63,0.8,0.1,0.32597,-0.07966,-0.13999,-0.93156,-0.62,0.84,0.15,0.01513,-0.06648,-0.09798,-0.99285,-0.62,0.85,0.18,-0.36868,-0.10263,-0.09051,-0.91943,-0.61,0.83,0.2,-0.52254,-0.0891,-0.07905,-0.84425,-0.6,0.81,0.21,-0.52254,-0.0891,-0.07905,-0.84425,-0.64,0.8,0.1,0.32597,-0.07966,-0.13999,-0.93156,-0.64,0.84,0.15,0.08484,-0.05341,-0.15904,-0.98217,-0.64,0.85,0.19,-0.3061,-0.11274,-0.13814,-0.93515,-0.63,0.84,0.21,-0.44873,-0.12,-0.17532,-0.86805,-0.62,0.82,0.23,-0.44873,-0.12,-0.17532,-0.86805,-0.66,0.8,0.11,0.32597,-0.07966,-0.13999,-0.93156,-0.66,0.83,0.15,0.14079,-0.04545,-0.20927,-0.9666,-0.66,0.84,0.19,-0.23576,-0.13661,-0.21407,-0.93805,-0.65,0.83,0.21,-0.40033,-0.19843,-0.20444,-0.87095,-0.64,0.82,0.23,-0.40033,-0.19843,-0.20444,-0.87095,-0.67,0.79,0.11,0.26236,-0.01643,-0.37267,-0.88995,-0.67,0.82,0.15,0.15613,-0.07484,-0.2747,-0.94581,-0.67,0.83,0.18,-0.1559,-0.13882,-0.30245,-0.93003,-0.67,0.82,0.2,-0.25069,-0.21925,-0.2899,-0.89724,-0.65,0.82,0.21,-0.25069,-0.21925,-0.2899,-0.89724,-0.49,0.81,0.14,0.26798,0.17411,0.134,-0.93804,-0.47,0.78,0.09,0.26798,0.17411,0.134,-0.93804,-0.51,0.79,0.11,0.44448,0.27629,-0.50246,-0.68821,-0.54,0.8,0.12,0.24558,0.13701,-0.4794,-0.83132,-0.56,0.81,0.15,0.15777,0.11918,-0.56672,-0.79984,-0.57,0.81,0.17,0.15777,0.11918,-0.56672,-0.79984,-0.5,0.79,0.11,0.26798,0.17411,0.134,-0.93804,-0.52,0.83,0.16,0.1155,0.20801,0.06059,-0.96939,-0.54,0.84,0.19,-0.27463,0.22141,-0.00018,-0.93571,-0.55,0.83,0.21,-0.44571,0.19171,-0.03113,-0.87385,-0.55,0.81,0.22,-0.44571,0.19171,-0.03113,-0.87385,-0.49,0.79,0.12,0.26798,0.17411,0.134,-0.93804,-0.5,0.83,0.16,0.01793,0.20221,0.0937,-0.97469,-0.52,0.83,0.2,-0.26285,0.21977,0.04457,-0.93841,-0.53,0.82,0.22,-0.36581,0.21238,0.07334,-0.90316,-0.54,0.8,0.24,-0.36581,0.21238,0.07334,-0.90316,-0.47,0.79,0.12,0.26798,0.17411,0.134,-0.93804,-0.48,0.82,0.17,0.1152,0.14694,0.17987,-0.96581,-0.49,0.83,0.2,-0.25641,0.21716,0.15016,-0.92981,-0.5,0.82,0.22,-0.43095,0.26618,0.12526,-0.85308,-0.52,0.8,0.24,-0.43095,0.26618,0.12526,-0.85308,-0.46,0.79,0.13,0.18739,0.09483,0.35834,-0.90966,-0.47,0.81,0.17,0.31732,-0.00891,0.27614,-0.90718,-0.46,0.82,0.19,-0.1992,0.14441,0.31664,-0.91608,-0.47,0.82,0.21,-0.41217,0.26434,0.27658,-0.82689,-0.48,0.81,0.22,-0.41217,0.26434,0.27658,-0.82689,-0.6,0.8,0.21
17,-0.64,0.82,0.13,0.33168,-0.0789,-0.08882,-0.93588,-0.65,0.78,0.07,0.33168,-0.0789,-0.08882,-0.93588,-0.61,0.79,0.1,0.37739,-0.21166,0.6037,-0.66957,-0.59,0.8,0.12,0.13977,-0.00323,0.56959,-0.80995,-0.58,0.81,0.16,0.0095,0.03834,0.63386,-0.77244,-0.58,0.81,0.18,0.0095,0.03834,0.63386,-0.77244,-0.62,0.8,0.1,0.33168,-0.0789,-0.08882,-0.93588,-0.62,0.84,0.15,0.03011,-0.05007,-0.04982,-0.99705,-0.61,0.84,0.18,-0.3725,-0.07031,-0.05117,-0.92395,-0.61,0.83,0.2,-0.53916,-0.05135,-0.04464,-0.83945,-0.61,0.81,0.21,-0.53916,-0.05135,-0.04464,-0.83945,-0.64,0.8,0.1,0.33168,-0.0789,-0.08882,-0.93588,-0.64,0.84,0.15,0.08303,-0.0453,-0.10741,-0.98971,-0.64,0.85,0.19,-0.30093,-0.08412,-0.09473,-0.94519,-0.63,0.83,0.21,-0.44226,-0.08542,-0.13734,-0.88219,-0.62,0.81,0.23,-0.44226,-0.08542,-0.13734,-0.88219,-0.66,0.8,0.11,0.33168,-0.0789,-0.08882,-0.93588,-0.66,0.83,0.15,0.13773,-0.04482,-0.15599,-0.97708,-0.65,0.84,0.19,-0.22812,-0.1133,-0.16697,-0.95249,-0.65,0.83,0.21,-0.39367,-0.16694,-0.16277,-0.88919,-0.64,0.82,0.23,-0.39367,-0.16694,-0.16277,-0.88919,-0.67,0.79,0.11,0.27514,-0.01533,-0.32485,-0.90473,-0.67,0.82,0.15,0.16806,-0.07106,-0.22384,-0.95739,-0.67,0.83,0.18,-0.14251,-0.11897,-0.25676,-0.94848,-0.67,0.82,0.2,-0.24072,-0.1947,-0.24647,-0.91837,-0.65,0.82,0.21,-0.24072,-0.1947,-0.24647,-0.91837,-0.49,0.82,0.13,0.31899,0.16488,0.15102,-0.92101,-0.47,0.78,0.08,0.31899,0.16488,0.15102,-0.92101,-0.51,0.79,0.11,0.47878,0.23022,-0.5009,-0.68328,-0.54,0.81,0.12,0.2768,0.09229,-0.46578,-0.83541,-0.55,0.82,0.15,0.17319,0.06564,-0.55139,-0.81343,-0.56,0.83,0.17,0.17319,0.06564,-0.55139,-0.81343,-0.5,0.8,0.11,0.31899,0.16488,0.15102,-0.92101,-0.51,0.84,0.15,0.15901,0.20301,0.0744,-0.96331,-0.53,0.85,0.18,-0.23198,0.22327,0.01418,-0.94664,-0.54,0.84,0.2,-0.4023,0.19669,-0.01526,-0.894,-0.55,0.83,0.22,-0.4023,0.19669,-0.01526,-0.894,-0.48,0.8,0.11,0.31899,0.16488,0.15102,-0.92101,-0.49,0.84,0.16,0.04775,0.20293,0.10603,-0.97226,-0.51,0.84,0.19,-0.24204,0.22484,0.0542,-0.9423,-0.52,0.83,0.22,-0.3528,0.21986,0.08153,-0.90584,-0.53,0.82,0.23,-0.3528,0.21986,0.08153,-0.90584,-0.47,0.79,0.12,0.31899,0.16488,0.15102,-0.92101,-0.48,0.83,0.16,0.15679,0.14706,0.19819,-0.9563,-0.48,0.84,0.2,-0.21965,0.22662,0.16511,-0.93442,-0.5,0.83,0.22,-0.40068,0.27963,0.1358,-0.86187,-0.51,0.82,0.23,-0.40068,0.27963,0.1358,-0.86187,-0.46,0.79,0.12,0.2366,0.09916,0.37862,-0.88929,-0.46,0.81,0.16,0.3625,-0.01571,0.30064,-0.88202,-0.45,0.83,0.19,-0.14509,0.15426,0.34012,-0.91623,-0.46,0.83,0.2,-0.3591,0.27988,0.29409,-0.84037,-0.48,0.82,0.22,-0.3591,0.27988,0.29409,-0.84037,-0.6,0.8,0.21
18,-0.64,0.82,0.13,0.32302,-0.07399,-0.06792,-0.94105,-0.65,0.78,0.07,0.32302,-0.07399,-0.06792,-0.94105,-0.61,0.79,0.11,0.36773,-0.21876,0.61301,-0.66418,-0.59,0.8,0.13,0.12567,-0.00142,0.58196,-0.80345,-0.58,0.81,0.16,-0.00327,0.03995,0.64479,-0.7633,-0.58,0.81,0.18,-0.00327,0.03995,0.64479,-0.7633,-0.62,0.8,0.1,0.32302,-0.07399,-0.06792,-0.94105,-0.61,0.84,0.15,0.0462,-0.04159,-0.03056,-0.9976,-0.61,0.84,0.19,-0.35631,-0.05519,-0.03696,-0.932,-0.61,0.82,0.2,-0.52727,-0.03413,-0.0338,-0.84834,-0.61,0.8,0.22,-0.52727,-0.03413,-0.0338,-0.84834,-0.64,0.8,0.1,0.32302,-0.07399,-0.06792,-0.94105,-0.64,0.84,0.15,0.07664,-0.03912,-0.08548,-0.99262,-0.63,0.84,0.19,-0.29179,-0.06868,-0.07799,-0.95082,-0.63,0.83,0.21,-0.42986,-0.06793,-0.12332,-0.89185,-0.62,0.81,0.23,-0.42986,-0.06793,-0.12332,-0.89185,-0.66,0.8,0.11,0.32302,-0.07399,-0.06792,-0.94105,-0.66,0.83,0.15,0.13163,-0.03874,-0.13438,-0.98138,-0.65,0.84,0.19,-0.22077,-0.09737,-0.15047,-0.95872,-0.65,0.83,0.21,-0.38369,-0.14802,-0.14968,-0.89915,-0.64,0.81,0.23,-0.38369,-0.14802,-0.14968,-0.89915,-0.67,0.79,0.11,0.27062,-0.00768,-0.30456,-0.91321,-0.67,0.82,0.15,0.16699,-0.06059,-0.20422,-0.96267,-0.67,0.83,0.18,-0.13776,-0.10133,-0.24198,-0.95509,-0.67,0.82,0.2,-0.23435,-0.17502,-0.23412,-0.92716,-0.66,0.82,0.22,-0.23435,-0.17502,-0.23412,-0.92716,-0.49,0.81,0.13,0.31338,0.17022,0.12505,-0.92584,-0.47,0.78,0.08,0.31338,0.17022,0.12505,-0.92584,-0.51,0.79,0.11,0.45264,0.23947,-0.53949,-0.66837,-0.54,0.8,0.12,0.25361,0.08716,-0.50821,-0.81842,-0.55,0.81,0.15,0.14526,0.0543,-0.59028,-0.79216,-0.56,0.82,0.17,0.14526,0.0543,-0.59028,-0.79216,-0.5,0.79,0.11,0.31338,0.17022,0.12505,-0.92584,-0.52,0.83,0.15,0.14575,0.20624,0.04529,-0.96653,-0.53,0.85,0.18,-0.2505,0.21455,-0.01489,-0.94393,-0.54,0.83,0.2,-0.41123,0.18294,-0.04093,-0.89205,-0.55,0.82,0.22,-0.41123,0.18294,-0.04093,-0.89205,-0.49,0.79,0.11,0.31338,0.17022,0.12505,-0.92584,-0.5,0.83,0.16,0.00446,0.20676,0.06958,-0.9759,-0.51,0.84,0.19,-0.32944,0.21787,0.00778,-0.91866,-0.52,0.82,0.21,-0.46162,0.20289,0.03198,-0.86297,-0.53,0.8,0.23,-0.46162,0.20289,0.03198,-0.86297,-0.47,0.79,0.12,0.31338,0.17022,0.12505,-0.92584,-0.48,0.83,0.16,0.11237,0.15405,0.16551,-0.9676,-0.49,0.84,0.2,-0.30151,0.22382,0.12538,-0.9183,-0.5,0.82,0.21,-0.49689,0.2686,0.09525,-0.81968,-0.51,0.8,0.22,-0.49689,0.2686,0.09525,-0.81968,-0.46,0.79,0.12,0.23362,0.10201,0.3536,-0.89999,-0.46,0.81,0.16,0.33255,-0.00017,0.27688,-0.90153,-0.46,0.83,0.19,-0.20327,0.15985,0.31017,-0.91483,-0.47,0.82,0.2,-0.42509,0.2802,0.26396,-0.81922,-0.48,0.81,0.21,-0.42509,0.2802,0.26396,-0.81922,-0.6,0.8,0.21
19,-0.64,0.81,0.13,0.27953,-0.0525,-0.07504,-0.95576,-0.65,0.78,0.07,0.27953,-0.0525,-0.07504,-0.95576,-0.61,0.79,0.11,0.33896,-0.23344,0.59252,-0.69248,-0.59,0.8,0.13,0.08424,-0.01669,0.56686,-0.81933,-0.58,0.8,0.16,-0.03702,0.01305,0.63169,-0.77423,-0.59,0.8,0.19,-0.03702,0.01305,0.63169,-0.77423,-0.62,0.8,0.11,0.27953,-0.0525,-0.07504,-0.95576,-0.62,0.83,0.16,0.05115,-0.02585,-0.04176,-0.99748,-0.62,0.83,0.19,-0.33051,-0.04414,-0.05452,-0.94119,-0.61,0.82,0.21,-0.49957,-0.0265,-0.05408,-0.86418,-0.61,0.8,0.22,-0.49957,-0.0265,-0.05408,-0.86418,-0.64,0.79,0.11,0.27953,-0.0525,-0.07504,-0.95576,-0.64,0.83,0.16,0.044,-0.01975,-0.09431,-0.99437,-0.64,0.84,0.2,-0.30185,-0.05141,-0.09442,-0.94728,-0.63,0.82,0.22,-0.42964,-0.05171,-0.14158,-0.89033,-0.63,0.8,0.24,-0.42964,-0.05171,-0.14158,-0.89033,-0.66,0.79,0.11,0.27953,-0.0525,-0.07504,-0.95576,-0.66,0.82,0.15,0.10179,-0.01388,-0.14323,-0.98434,-0.66,0.83,0.19,-0.23604,-0.07387,-0.16856,-0.95416,-0.65,0.82,0.22,-0.39014,-0.12668,-0.17247,-0.89554,-0.64,0.8,0.23,-0.39014,-0.12668,-0.17247,-0.89554,-0.67,0.79,0.11,0.23169,0.02407,-0.30878,-0.92217,-0.67,0.81,0.15,0.15021,-0.02187,-0.21475,-0.9648,-0.68,0.82,0.18,-0.14163,-0.06363,-0.26345,-0.9521,-0.67,0.81,0.2,-0.22611,-0.13707,-0.26104,-0.92841,-0.66,0.81,0.22,-0.22611,-0.13707,-0.26104,-0.92841,-0.49,0.81,0.13,0.31025,0.17868,0.11975,-0.926,-0.47,0.78,0.08,0.31025,0.17868,0.11975,-0.926,-0.51,0.79,0.11,0.43621,0.25407,-0.55946,-0.65739,-0.54,0.8,0.12,0.24018,0.09448,-0.53305,-0.80576,-0.55,0.81,0.15,0.1337,0.06017,-0.61396,-0.7756,-0.56,0.81,0.18,0.1337,0.06017,-0.61396,-0.7756,-0.5,0.79,0.11,0.31025,0.17868,0.11975,-0.926,-0.52,0.83,0.15,0.12983,0.21485,0.0349,-0.96735,-0.54,0.84,0.18,-0.2721,0.21779,-0.02924,-0.93684,-0.55,0.83,0.2,-0.42555,0.18377,-0.05498,-0.88437,-0.55,0.81,0.21,-0.42555,0.18377,-0.05498,-0.88437,-0.49,0.79,0.11,0.31025,0.17868,0.11975,-0.926,-0.5,0.83,0.15,-0.0195,0.21421,0.05732,-0.97491,-0.52,0.83,0.19,-0.37554,0.22015,-0.01204,-0.9002,-0.53,0.82,0.21,-0.52787,0.1987,0.00809,-0.82572,-0.54,0.79,0.22,-0.52787,0.1987,0.00809,-0.82572,-0.47,0.79,0.12,0.31025,0.17868,0.11975,-0.926,-0.48,0.82,0.16,0.08757,0.16207,0.15606,-0.97042,-0.49,0.83,0.2,-0.35751,0.22983,0.10659,-0.89889,-0.51,0.82,0.21,-0.57466,0.2699,0.06993,-0.76944,-0.52,0.8,0.22,-0.57466,0.2699,0.06993,-0.76944,-0.46,0.79,0.12,0.22958,0.10944,0.34791,-0.90237,-0.46,0.81,0.16,0.31464,0.01532,0.27202,-0.90927,-0.46,0.83,0.19,-0.2657,0.18185,0.292,-0.9006,-0.47,0.82,0.2,-0.51647,0.30527,0.23207,-0.76565,-0.49,0.81,0.21,-0.51647,0.30527,0.23207,-0.76565,-0.6,0.8,0.21
20,-0.64,0.81,0.14,0.23892,-0.03813,-0.09056,-0.96606,-0.65,0.78,0.08,0.23892,-0.03813,-0.09056,-0.96606,-0.61,0.79,0.11,0.31628,-0.24717,0.56637,-0.71979,-0.59,0.79,0.13,0.05546,-0.03819,0.54534,-0.83551,-0.59,0.8,0.17,-0.05162,-0.02387,0.61344,-0.78769,-0.59,0.79,0.19,-0.05162,-0.02387,0.61344,-0.78769,-0.62,0.79,0.11,0.23892,-0.03813,-0.09056,-0.96606,-0.62,0.82,0.16,0.02691,-0.0139,-0.05983,-0.99775,-0.62,0.83,0.2,-0.34069,-0.03831,-0.07637,-0.93629,-0.62,0.81,0.22,-0.50341,-0.02414,-0.07658,-0.86031,-0.61,0.79,0.23,-0.50341,-0.02414,-0.07658,-0.86031,-0.64,0.79,0.11,0.23892,-0.03813,-0.09056,-0.96606,-0.64,0.82,0.16,0.00048,-0.00742,-0.11095,-0.9938,-0.64,0.82,0.2,-0.33728,-0.0444,-0.11451,-0.93336,-0.64,0.81,0.23,-0.45712,-0.04474,-0.16157,-0.87346,-0.63,0.79,0.24,-0.45712,-0.04474,-0.16157,-0.87346,-0.66,0.79,0.11,0.23892,-0.03813,-0.09056,-0.96606,-0.66,0.82,0.16,0.06539,0.00282,-0.15913,-0.98509,-0.66,0.82,0.2,-0.26419,-0.06101,-0.18973,-0.94366,-0.65,0.81,0.22,-0.40997,-0.11595,-0.1965,-0.8831,-0.65,0.79,0.24,-0.40997,-0.11595,-0.1965,-0.8831,-0.67,0.79,0.11,0.19299,0.04755,-0.3205,-0.92616,-0.68,0.8,0.15,0.12316,0.00782,-0.23118,-0.96505,-0.68,0.81,0.18,-0.15874,-0.0361,-0.28686,-0.94404,-0.67,0.8,0.2,-0.23334,-0.10942,-0.28856,-0.92212,-0.67,0.8,0.22,-0.23334,-0.10942,-0.28856,-0.92212,-0.49,0.81,0.13,0.30352,0.18454,0.13535,-0.92493,-0.47,0.78,0.08,0.30352,0.18454,0.13535,-0.92493,-0.51,0.79,0.11,0.43071,0.26504,-0.55425,-0.6611,-0.54,0.8,0.12,0.23107,0.10465,-0.53137,-0.80827,-0.55,0.81,0.15,0.12802,0.07334,-0.61307,-0.77613,-0.56,0.81,0.18,0.12802,0.07334,-0.61307,-0.77613,-0.5,0.79,0.11,0.30352,0.18454,0.13535,-0.92493,-0.52,0.83,0.15,0.14077,0.22175,0.05436,-0.96336,-0.54,0.84,0.18,-0.25547,0.23221,-0.01302,-0.93842,-0.55,0.83,0.2,-0.40905,0.20094,-0.0407,-0.88918,-0.55,0.82,0.21,-0.40905,0.20094,-0.0407,-0.88918,-0.49,0.79,0.11,0.30352,0.18454,0.13535,-0.92493,-0.5,0.83,0.16,-0.01236,0.22114,0.07522,-0.97226,-0.52,0.83,0.19,-0.37161,0.23321,0.00115,-0.89862,-0.53,0.82,0.21,-0.53228,0.21359,0.01763,-0.81899,-0.54,0.8,0.22,-0.53228,0.21359,0.01763,-0.81899,-0.47,0.79,0.12,0.30352,0.18454,0.13535,-0.92493,-0.48,0.82,0.16,0.08917,0.16446,0.17358,-0.96689,-0.49,0.83,0.2,-0.36239,0.24076,0.11908,-0.89248,-0.51,0.82,0.21,-0.58544,0.28372,0.07698,-0.75554,-0.52,0.8,0.22,-0.58544,0.28372,0.07698,-0.75554,-0.46,0.79,0.12,0.21968,0.11415,0.36174,-0.89881,-0.47,0.81,0.16,0.30824,0.01826,0.28607,-0.9071,-0.46,0.83,0.19,-0.27915,0.19465,0.30002,-0.89116,-0.47,0.82,0.2,-0.53538,0.32209,0.23284,-0.74526,-0.49,0.81,0.21,-0.53538,0.32209,0.23284,-0.74526,-0.6,0.8,0.21
21,-0.64,0.81,0.14,0.24294,-0.05444,-0.10974,-0.96228,-0.65,0.78,0.08,0.24294,-0.05444,-0.10974,-0.96228,-0.61,0.79,0.11,0.33866,-0.25365,0.54733,-0.72208,-0.59,0.8,0.13,0.08884,-0.06153,0.52668,-0.84316,-0.58,0.8,0.16,-0.00382,-0.05599,0.59982,-0.79816,-0.58,0.8,0.19,-0.00382,-0.05599,0.59982,-0.79816,-0.62,0.8,0.11,0.24294,-0.05444,-0.10974,-0.96228,-0.62,0.83,0.16,0.04483,-0.02818,-0.07819,-0.99553,-0.61,0.83,0.2,-0.32295,-0.05872,-0.08814,-0.94047,-0.61,0.82,0.22,-0.48619,-0.0464,-0.0851,-0.86846,-0.61,0.8,0.23,-0.48619,-0.0464,-0.0851,-0.86846,-0.64,0.79,0.11,0.24294,-0.05444,-0.10974,-0.96228,-0.64,0.83,0.16,0.00262,-0.02554,-0.12709,-0.99156,-0.64,0.83,0.21,-0.34366,-0.06812,-0.12287,-0.92853,-0.63,0.81,0.23,-0.46768,-0.06943,-0.16659,-0.86528,-0.62,0.79,0.24,-0.46768,-0.06943,-0.16659,-0.86528,-0.66,0.79,0.11,0.24294,-0.05444,-0.10974,-0.96228,-0.66,0.82,0.16,0.07162,-0.01395,-0.1762,-0.98165,-0.66,0.82,0.2,-0.26473,-0.08416,-0.19959,-0.93968,-0.65,0.81,0.22,-0.41215,-0.14071,-0.20222,-0.87718,-0.64,0.8,0.24,-0.41215,-0.14071,-0.20222,-0.87718,-0.66,0.79,0.12,0.19088,0.03004,-0.33856,-0.92089,-0.67,0.8,0.16,0.1306,-0.00442,-0.2491,-0.95962,-0.67,0.81,0.19,-0.15226,-0.05373,-0.30046,-0.94003,-0.67,0.81,0.21,-0.22533,-0.12788,-0.30015,-0.91803,-0.66,0.8,0.23,-0.22533,-0.12788,-0.30015,-0.91803,-0.49,0.82,0.13,0.29258,0.18729,0.16126,-0.92375,-0.47,0.78,0.08,0.29258,0.18729,0.16126,-0.92375,-0.51,0.79,0.11,0.42909,0.27513,-0.5354,-0.67345,-0.54,0.8,0.12,0.22374,0.1184,-0.51538,-0.81872,-0.55,0.81,0.15,0.12667,0.09344,-0.59891,-0.7852,-0.56,0.81,0.17,0.12667,0.09344,-0.59891,-0.7852,-0.5,0.8,0.11,0.29258,0.18729,0.16126,-0.92375,-0.52,0.84,0.15,0.16747,0.22439,0.09051,-0.95573,-0.53,0.85,0.18,-0.21317,0.24921,0.0228,-0.94442,-0.55,0.84,0.2,-0.36681,0.22413,-0.00638,-0.90287,-0.55,0.83,0.21,-0.36681,0.22413,-0.00638,-0.90287,-0.49,0.79,0.11,0.29258,0.18729,0.16126,-0.92375,-0.5,0.84,0.16,0.03536,0.21857,0.11729,-0.9681,-0.52,0.84,0.19,-0.32326,0.24678,0.04181,-0.91261,-0.53,0.82,0.21,-0.48804,0.23684,0.05573,-0.83822,-0.54,0.81,0.22,-0.48804,0.23684,0.05573,-0.83822,-0.47,0.79,0.12,0.29258,0.18729,0.16126,-0.92375,-0.48,0.82,0.16,0.11476,0.15901,0.20657,-0.95858,-0.49,0.84,0.2,-0.3332,0.25147,0.15079,-0.89611,-0.51,0.82,0.21,-0.5561,0.30289,0.10436,-0.76689,-0.52,0.8,0.22,-0.5561,0.30289,0.10436,-0.76689,-0.46,0.79,0.12,0.20491,0.1152,0.38498,-0.89248,-0.47,0.81,0.16,0.2971,0.02016,0.30886,-0.90329,-0.46,0.83,0.19,-0.28406,0.20769,0.31742,-0.88058,-0.47,0.82,0.2,-0.53546,0.33942,0.24551,-0.73335,-0.49,0.81,0.21,-0.53546,0.33942,0.24551,-0.73335,-0.6,0.8,0.21
22,-0.64,0.81,0.14,0.24014,-0.0695,-0.10711,-0.9623,-0.65,0.78,0.08,0.24014,-0.0695,-0.10711,-0.9623,-0.61,0.79,0.11,0.35129,-0.2655,0.54032,-0.71705,-0.59,0.8,0.13,0.11816,-0.08693,0.52095,-0.84089,-0.58,0.8,0.16,0.02839,-0.07964,0.59758,-0.79734,-0.57,0.8,0.19,0.02839,-0.07964,0.59758,-0.79734,-0.62,0.8,0.11,0.24014,-0.0695,-0.10711,-0.9623,-0.61,0.83,0.16,0.07103,-0.03787,-0.07557,-0.99389,-0.61,0.83,0.2,-0.27244,-0.06519,-0.08389,-0.95629,-0.61,0.82,0.22,-0.43664,-0.05224,-0.08142,-0.89442,-0.6,0.8,0.23,-0.43664,-0.05224,-0.08142,-0.89442,-0.64,0.79,0.11,0.24014,-0.0695,-0.10711,-0.9623,-0.64,0.83,0.16,0.0479,-0.02558,-0.12605,-0.99054,-0.63,0.83,0.21,-0.31557,-0.07026,-0.12082,-0.93855,-0.63,0.82,0.23,-0.45944,-0.07539,-0.16492,-0.8695,-0.62,0.8,0.24,-0.45944,-0.07539,-0.16492,-0.8695,-0.66,0.79,0.12,0.24014,-0.0695,-0.10711,-0.9623,-0.65,0.82,0.16,0.11624,-0.01388,-0.17433,-0.9777,-0.65,0.83,0.2,-0.24464,-0.08987,-0.19569,-0.9454,-0.65,0.81,0.22,-0.41063,-0.14928,-0.19536,-0.87803,-0.64,0.8,0.24,-0.41063,-0.14928,-0.19536,-0.87803,-0.66,0.79,0.12,0.18542,0.01609,-0.33535,-0.92353,-0.67,0.8,0.16,0.13869,-0.01503,-0.24452,-0.95956,-0.67,0.81,0.19,-0.14885,-0.06426,-0.29326,-0.94219,-0.67,0.81,0.21,-0.23223,-0.14074,-0.2908,-0.91744,-0.66,0.8,0.23,-0.23223,-0.14074,-0.2908,-0.91744,-0.49,0.81,0.14,0.27291,0.18621,0.15093,-0.9317,-0.47,0.78,0.08,0.27291,0.18621,0.15093,-0.9317,-0.51,0.79,0.11,0.41363,0.29106,-0.53796,-0.67438,-0.54,0.8,0.12,0.20868,0.13238,-0.52262,-0.81596,-0.56,0.81,0.15,0.11277,0.10769,-0.6064,-0.77972,-0.56,0.81,0.18,0.11277,0.10769,-0.6064,-0.77972,-0.5,0.8,0.11,0.27291,0.18621,0.15093,-0.9317,-0.52,0.83,0.15,0.14357,0.21715,0.08253,-0.96199,-0.54,0.84,0.18,-0.23771,0.23888,0.01834,-0.94132,-0.55,0.83,0.2,-0.39142,0.21288,-0.01005,-0.89519,-0.55,0.82,0.22,-0.39142,0.21288,-0.01005,-0.89519,-0.49,0.79,0.11,0.27291,0.18621,0.15093,-0.9317,-0.5,0.83,0.16,0.05504,0.20008,0.12184,-0.97062,-0.52,0.84,0.2,-0.30708,0.23157,0.05246,-0.92159,-0.53,0.82,0.22,-0.46908,0.22463,0.06981,-0.85125,-0.54,0.81,0.23,-0.46908,0.22463,0.06981,-0.85125,-0.47,0.79,0.12,0.27291,0.18621,0.15093,-0.9317,-0.48,0.82,0.16,0.12787,0.14591,0.20176,-0.96003,-0.49,0.83,0.2,-0.32051,0.23799,0.15257,-0.90408,-0.51,0.82,0.22,-0.53801,0.29015,0.11157,-0.78352,-0.52,0.8,0.22,-0.53801,0.29015,0.11157,-0.78352,-0.46,0.79,0.12,0.18739,0.10876,0.37389,-0.90181,-0.47,0.81,0.17,0.28349,0.0262,0.29492,-0.91212,-0.46,0.82,0.19,-0.29654,0.20205,0.30389,-0.88255,-0.47,0.82,0.21,-0.54228,0.3281,0.23756,-0.73611,-0.49,0.8,0.21,-0.54228,0.3281,0.23756,-0.73611,-0.6,0.8,0.21
23,-0.63,0.8,0.14,0.19948,-0.07472,-0.08708,-0.97316,-0.65,0.78,0.08,0.19948,-0.07472,-0.08708,-0.97316,-0.61,0.79,0.11,0.364,-0.26962,0.50276,-0.73624,-0.58,0.8,0.13,0.15053,-0.11857,0.47891,-0.85669,-0.57,0.8,0.16,0.05925,-0.10947,0.56167,-0.81794,-0.57,0.8,0.18,0.05925,-0.10947,0.56167,-0.81794,-0.62,0.79,0.11,0.19948,-0.07472,-0.08708,-0.97316,-0.61,0.82,0.16,0.01735,-0.04967,-0.04897,-0.99741,-0.61,0.82,0.2,-0.25795,-0.06178,-0.05967,-0.96233,-0.6,0.81,0.22,-0.40275,-0.04331,-0.05998,-0.91232,-0.6,0.79,0.24,-0.40275,-0.04331,-0.05998,-0.91232,-0.64,0.79,0.11,0.19948,-0.07472,-0.08708,-0.97316,-0.63,0.82,0.17,0.07518,-0.00894,-0.10728,-0.99134,-0.63,0.83,0.21,-0.27573,-0.04663,-0.11009,-0.95377,-0.63,0.81,0.23,-0.41912,-0.05257,-0.15854,-0.89244,-0.62,0.79,0.25,-0.41912,-0.05257,-0.15854,-0.89244,-0.66,0.79,0.12,0.19948,-0.07472,-0.08708,-0.97316,-0.65,0.81,0.17,0.14433,0.00697,-0.15413,-0.97743,-0.65,0.82,0.2,-0.21207,-0.06322,-0.18441,-0.95761,-0.65,0.81,0.23,-0.37819,-0.12134,-0.18856,-0.89816,-0.64,0.8,0.24,-0.37819,-0.12134,-0.18856,-0.89816,-0.66,0.78,0.12,0.14759,0.02135,-0.31241,-0.93817,-0.67,0.8,0.16,0.13596,0.00487,-0.22159,-0.9656,-0.67,0.8,0.19,-0.14566,-0.03676,-0.27727,-0.94898,-0.67,0.8,0.21,-0.22965,-0.1118,-0.2777,-0.92609,-0.66,0.79,0.23,-0.22965,-0.1118,-0.2777,-0.92609,-0.5,0.81,0.14,0.27123,0.19856,0.11075,-0.93528,-0.47,0.78,0.08,0.27123,0.19856,0.11075,-0.93528,-0.51,0.79,0.11,0.41089,0.29953,-0.563,-0.65153,-0.54,0.79,0.12,0.21322,0.13461,-0.55078,-0.79565,-0.56,0.8,0.15,0.11476,0.10325,-0.6333,-0.75836,-0.57,0.8,0.17,0.11476,0.10325,-0.6333,-0.75836,-0.5,0.79,0.11,0.27123,0.19856,0.11075,-0.93528,-0.53,0.83,0.15,0.07299,0.21964,0.02598,-0.9725,-0.54,0.84,0.18,-0.33077,0.217,-0.04002,-0.91755,-0.55,0.82,0.2,-0.47995,0.18066,-0.06715,-0.85586,-0.56,0.8,0.21,-0.47995,0.18066,-0.06715,-0.85586,-0.49,0.79,0.11,0.27123,0.19856,0.11075,-0.93528,-0.5,0.83,0.16,0.03232,0.2013,0.07737,-0.97593,-0.52,0.84,0.2,-0.35986,0.21632,0.00375,-0.90758,-0.53,0.82,0.21,-0.51745,0.19831,0.02403,-0.83207,-0.54,0.8,0.22,-0.51745,0.19831,0.02403,-0.83207,-0.47,0.79,0.12,0.27123,0.19856,0.11075,-0.93528,-0.49,0.82,0.16,0.11045,0.15624,0.15734,-0.96883,-0.5,0.83,0.2,-0.3625,0.22899,0.10394,-0.89741,-0.51,0.82,0.21,-0.57667,0.26821,0.06837,-0.76866,-0.52,0.8,0.22,-0.57667,0.26821,0.06837,-0.76866,-0.47,0.79,0.12,0.18879,0.11914,0.33527,-0.91529,-0.47,0.81,0.16,0.26748,0.05606,0.25558,-0.92736,-0.47,0.82,0.19,-0.32794,0.20444,0.25437,-0.88654,-0.48,0.81,0.2,-0.57213,0.31439,0.19258,-0.73262,-0.49,0.8,0.21,-0.57213,0.31439,0.19258,-0.73262,-0.6,0.8,0.21
24,-0.64,0.8,0.14,0.17945,-0.07037,-0.08926,-0.97718,-0.65,0.78,0.08,0.17945,-0.07037,-0.08926,-0.97718,-0.61,0.79,0.11,0.35743,-0.26643,0.48785,-0.75051,-0.58,0.8,0.13,0.15197,-0.12497,0.46038,-0.86564,-0.57,0.8,0.16,0.0569,-0.11488,0.5449,-0.82865,-0.57,0.8,0.18,0.0569,-0.11488,0.5449,-0.82865,-0.62,0.79,0.11,0.17945,-0.07037,-0.08926,-0.97718,-0.61,0.82,0.17,-0.01806,-0.05226,-0.04814,-0.99731,-0.61,0.81,0.2,-0.27532,-0.06208,-0.05929,-0.95751,-0.6,0.8,0.22,-0.41036,-0.0427,-0.05968,-0.90897,-0.6,0.79,0.24,-0.41036,-0.0427,-0.05968,-0.90897,-0.64,0.79,0.11,0.17945,-0.07037,-0.08926,-0.97718,-0.63,0.82,0.17,0.06152,0.00315,-0.11008,-0.99201,-0.63,0.82,0.21,-0.2752,-0.03446,-0.1174,-0.95357,-0.63,0.81,0.23,-0.41157,-0.04081,-0.16727,-0.89497,-0.63,0.79,0.25,-0.41157,-0.04081,-0.16727,-0.89497,-0.66,0.79,0.12,0.17945,-0.07037,-0.08926,-0.97718,-0.65,0.81,0.17,0.13856,0.02216,-0.15567,-0.97779,-0.66,0.82,0.2,-0.21108,-0.04821,-0.19149,-0.95731,-0.65,0.81,0.23,-0.37083,-0.10677,-0.19848,-0.90094,-0.64,0.79,0.25,-0.37083,-0.10677,-0.19848,-0.90094,-0.66,0.78,0.12,0.12872,0.03023,-0.31261,-0.94063,-0.67,0.79,0.16,0.12967,0.0236,-0.22224,-0.96604,-0.67,0.8,0.19,-0.15151,-0.01884,-0.28297,-0.9469,-0.67,0.8,0.21,-0.23481,-0.09444,-0.28553,-0.92435,-0.66,0.79,0.23,-0.23481,-0.09444,-0.28553,-0.92435,-0.5,0.82,0.13,0.29919,0.19692,0.10606,-0.92761,-0.47,0.78,0.08,0.29919,0.19692,0.10606,-0.92761,-0.51,0.79,0.11,0.42771,0.27249,-0.57266,-0.64411,-0.54,0.8,0.12,0.23462,0.10822,-0.55225,-0.79263,-0.56,0.81,0.15,0.12965,0.07151,-0.63307,-0.7598,-0.56,0.81,0.17,0.12965,0.07151,-0.63307,-0.7598,-0.5,0.8,0.11,0.29919,0.19692,0.10606,-0.92761,-0.52,0.83,0.15,0.0475,0.21776,0.00707,-0.97482,-0.54,0.84,0.18,-0.37221,0.20592,-0.06035,-0.903,-0.55,0.82,0.2,-0.51557,0.1662,-0.08609,-0.83616,-0.55,0.8,0.21,-0.51557,0.1662,-0.08609,-0.83616,-0.49,0.8,0.11,0.29919,0.19692,0.10606,-0.92761,-0.5,0.84,0.15,0.01015,0.20476,0.06155,-0.97682,-0.52,0.84,0.19,-0.41019,0.21239,-0.01909,-0.88672,-0.53,0.82,0.21,-0.57115,0.18703,0.00027,-0.79926,-0.54,0.8,0.22,-0.57115,0.18703,0.00027,-0.79926,-0.47,0.8,0.12,0.29919,0.19692,0.10606,-0.92761,-0.49,0.83,0.16,0.08491,0.16783,0.14351,-0.97161,-0.5,0.84,0.2,-0.41552,0.23407,0.07989,-0.87531,-0.51,0.82,0.21,-0.63224,0.26553,0.04251,-0.72661,-0.52,0.8,0.21,-0.63224,0.26553,0.04251,-0.72661,-0.47,0.79,0.12,0.21699,0.12433,0.3331,-0.90912,-0.47,0.81,0.16,0.26098,0.07599,0.25298,-0.9285,-0.47,0.83,0.19,-0.35519,0.22349,0.23671,-0.87627,-0.48,0.82,0.2,-0.60482,0.32842,0.1675,-0.70588,-0.5,0.8,0.2,-0.60482,0.32842,0.1675,-0.70588,-0.6,0.8,0.21
25,-0.64,0.81,0.14,0.18866,-0.05778,-0.12432,-0.97243,-0.65,0.79,0.08,0.18866,-0.05778,-0.12432,-0.97243,-0.61,0.79,0.11,0.36278,-0.24022,0.47054,-0.76765,-0.59,0.8,0.13,0.15794,-0.10584,0.43462,-0.88032,-0.58,0.81,0.16,0.04812,-0.09066,0.51945,-0.84832,-0.57,0.81,0.18,0.04812,-0.09066,0.51945,-0.84832,-0.62,0.8,0.11,0.18866,-0.05778,-0.12432,-0.97243,-0.62,0.82,0.17,-0.02837,-0.04663,-0.08453,-0.99493,-0.61,0.82,0.2,-0.30692,-0.06798,-0.0942,-0.94462,-0.61,0.8,0.22,-0.44668,-0.05393,-0.09195,-0.88832,-0.6,0.79,0.24,-0.44668,-0.05393,-0.09195,-0.88832,-0.64,0.79,0.11,0.18866,-0.05778,-0.12432,-0.97243,-0.64,0.82,0.17,0.03173,0.00603,-0.14709,-0.9886,-0.64,0.82,0.21,-0.33751,-0.04955,-0.15148,-0.92773,-0.63,0.81,0.23,-0.48044,-0.05877,-0.19793,-0.85238,-0.63,0.79,0.24,-0.48044,-0.05877,-0.19793,-0.85238,-0.66,0.79,0.11,0.18866,-0.05778,-0.12432,-0.97243,-0.66,0.81,0.16,0.12069,0.03179,-0.19271,-0.97329,-0.66,0.82,0.2,-0.26457,-0.0607,-0.22805,-0.93505,-0.65,0.81,0.22,-0.42712,-0.12609,-0.23298,-0.86452,-0.64,0.79,0.24,-0.42712,-0.12609,-0.23298,-0.86452,-0.66,0.78,0.12,0.13541,0.03921,-0.34709,-0.92718,-0.67,0.8,0.16,0.12788,0.03772,-0.25905,-0.95662,-0.68,0.8,0.19,-0.17898,-0.0253,-0.32219,-0.92926,-0.67,0.8,0.21,-0.26797,-0.10741,-0.32449,-0.90076,-0.66,0.79,0.23,-0.26797,-0.10741,-0.32449,-0.90076,-0.5,0.82,0.13,0.30434,0.19578,0.10753,-0.92601,-0.47,0.78,0.08,0.30434,0.19578,0.10753,-0.92601,-0.51,0.79,0.11,0.42113,0.26592,-0.58278,-0.6421,-0.54,0.8,0.12,0.23293,0.10096,-0.55996,-0.78866,-0.56,0.81,0.15,0.13072,0.06617,-0.63955,-0.75466,-0.56,0.81,0.18,0.13072,0.06617,-0.63955,-0.75466,-0.5,0.8,0.11,0.30434,0.19578,0.10753,-0.92601,-0.52,0.83,0.15,0.02574,0.22205,-0.00162,-0.97469,-0.54,0.84,0.18,-0.38169,0.20639,-0.06754,-0.89842,-0.55,0.82,0.2,-0.52044,0.1658,-0.09276,-0.8325,-0.55,0.8,0.21,-0.52044,0.1658,-0.09276,-0.8325,-0.49,0.8,0.11,0.30434,0.19578,0.10753,-0.92601,-0.5,0.84,0.16,0.00607,0.20736,0.05959,-0.97643,-0.52,0.84,0.19,-0.41028,0.21394,-0.02115,-0.88626,-0.53,0.82,0.21,-0.58014,0.18754,-0.00326,-0.79263,-0.54,0.79,0.22,-0.58014,0.18754,-0.00326,-0.79263,-0.47,0.8,0.12,0.30434,0.19578,0.10753,-0.92601,-0.49,0.83,0.16,0.07134,0.17316,0.14042,-0.97222,-0.5,0.83,0.2,-0.4325,0.23694,0.07361,-0.86682,-0.51,0.82,0.21,-0.65957,0.26583,0.03229,-0.70232,-0.52,0.79,0.21,-0.65957,0.26583,0.03229,-0.70232,-0.47,0.79,0.12,0.22203,0.12454,0.33494,-0.9072,-0.47,0.81,0.16,0.2312,0.09275,0.25214,-0.93508,-0.47,0.83,0.19,-0.3895,0.23506,0.2251,-0.86161,-0.48,0.82,0.2,-0.64828,0.33772,0.14771,-0.66623,-0.5,0.8,0.2,-0.64828,0.33772,0.14771,-0.66623,-0.6,0.8,0.21
26,-0.64,0.81,0.14,0.21115,-0.05256,-0.1467,-0.96495,-0.65,0.79,0.08,0.21115,-0.05256,-0.1467,-0.96495,-0.61,0.8,0.11,0.36938,-0.21666,0.4731,-0.76993,-0.59,0.81,0.13,0.16916,-0.08465,0.43007,-0.88276,-0.58,0.82,0.16,0.03938,-0.05866,0.51329,-0.8553,-0.58,0.82,0.19,0.03938,-0.05866,0.51329,-0.8553,-0.62,0.8,0.11,0.21115,-0.05256,-0.1467,-0.96495,-0.62,0.83,0.16,-0.02669,-0.04543,-0.10795,-0.99276,-0.61,0.83,0.2,-0.33241,-0.07688,-0.11468,-0.93298,-0.61,0.81,0.22,-0.4729,-0.06588,-0.10988,-0.87175,-0.6,0.79,0.23,-0.4729,-0.06588,-0.10988,-0.87175,-0.64,0.8,0.11,0.21115,-0.05256,-0.1467,-0.96495,-0.64,0.83,0.16,0.01043,-0.00134,-0.17136,-0.98515,-0.64,0.83,0.21,-0.38483,-0.07048,-0.16916,-0.90461,-0.63,0.81,0.23,-0.53247,-0.0808,-0.21101,-0.81573,-0.62,0.79,0.24,-0.53247,-0.0808,-0.21101,-0.81573,-0.66,0.79,0.11,0.21115,-0.05256,-0.1467,-0.96495,-0.66,0.81,0.16,0.10788,0.02845,-0.21841,-0.96946,-0.66,0.82,0.2,-0.30498,-0.08119,-0.24852,-0.91577,-0.65,0.81,0.22,-0.4711,-0.15097,-0.24939,-0.83251,-0.64,0.79,0.24,-0.4711,-0.15097,-0.24939,-0.83251,-0.66,0.79,0.12,0.15526,0.03814,-0.37046,-0.91499,-0.67,0.8,0.16,0.14068,0.04256,-0.28463,-0.9473,-0.68,0.81,0.19,-0.19175,-0.03978,-0.34792,-0.91684,-0.67,0.8,0.21,-0.28279,-0.12595,-0.34855,-0.88469,-0.66,0.79,0.23,-0.28279,-0.12595,-0.34855,-0.88469,-0.5,0.81,0.14,0.29257,0.19755,0.11256,-0.92882,-0.47,0.78,0.09,0.29257,0.19755,0.11256,-0.92882,-0.51,0.79,0.11,0.41051,0.27819,-0.58152,-0.64492,-0.54,0.79,0.13,0.22533,0.11531,-0.56141,-0.78787,-0.56,0.8,0.16,0.13811,0.09227,-0.64153,-0.7489,-0.56,0.81,0.18,0.13811,0.09227,-0.64153,-0.7489,-0.5,0.79,0.11,0.29257,0.19755,0.11256,-0.92882,-0.52,0.83,0.15,0.00931,0.22857,-0.00033,-0.97348,-0.54,0.83,0.18,-0.37606,0.21393,-0.06413,-0.89928,-0.55,0.82,0.2,-0.5103,0.17433,-0.0893,-0.8374,-0.55,0.8,0.21,-0.5103,0.17433,-0.0893,-0.8374,-0.49,0.79,0.11,0.29257,0.19755,0.11256,-0.92882,-0.5,0.83,0.16,-0.00049,0.20985,0.06503,-0.97557,-0.52,0.83,0.2,-0.40443,0.21863,-0.01448,-0.88794,-0.53,0.81,0.21,-0.57386,0.19382,0.00263,-0.79569,-0.54,0.79,0.22,-0.57386,0.19382,0.00263,-0.79569,-0.47,0.79,0.12,0.29257,0.19755,0.11256,-0.92882,-0.48,0.82,0.16,0.06238,0.17463,0.14494,-0.97191,-0.5,0.83,0.2,-0.43547,0.23975,0.07806,-0.86417,-0.51,0.81,0.21,-0.6625,0.26962,0.03554,-0.69795,-0.52,0.79,0.21,-0.6625,0.26962,0.03554,-0.69795,-0.46,0.79,0.13,0.20951,0.12352,0.3387,-0.90892,-0.47,0.81,0.17,0.20304,0.10134,0.25382,-0.94026,-0.47,0.82,0.19,-0.4108,0.23932,0.22256,-0.85114,-0.48,0.81,0.2,-0.6658,0.34058,0.14442,-0.64796,-0.5,0.8,0.2,-0.6658,0.34058,0.14442,-0.64796,-0.6,0.8,0.21
27,-0.64,0.81,0.13,0.24217,-0.05478,-0.15409,-0.95635,-0.65,0.78,0.07,0.24217,-0.05478,-0.15409,-0.95635,-0.61,0.8,0.11,0.36959,-0.21117,0.49857,-0.75514,-0.59,0.81,0.13,0.17605,-0.07447,0.45424,-0.87013,-0.58,0.82,0.16,0.03396,-0.0369,0.53477,-0.84351,-0.58,0.82,0.18,0.03396,-0.0369,0.53477,-0.84351,-0.62,0.8,0.11,0.24217,-0.05478,-0.15409,-0.95635,-0.62,0.83,0.16,-0.0166,-0.04541,-0.11699,-0.99196,-0.62,0.83,0.19,-0.33471,-0.08152,-0.12217,-0.93081,-0.61,0.82,0.21,-0.47333,-0.07135,-0.11668,-0.8702,-0.61,0.8,0.23,-0.47333,-0.07135,-0.11668,-0.8702,-0.64,0.8,0.11,0.24217,-0.05478,-0.15409,-0.95635,-0.64,0.83,0.16,0.01162,-0.01031,-0.18082,-0.98339,-0.64,0.83,0.2,-0.38084,-0.08206,-0.17441,-0.90433,-0.63,0.81,0.22,-0.52729,-0.09293,-0.21424,-0.81696,-0.62,0.79,0.23,-0.52729,-0.09293,-0.21424,-0.81696,-0.66,0.79,0.11,0.24217,-0.05478,-0.15409,-0.95635,-0.66,0.82,0.16,0.10959,0.02013,-0.22985,-0.96683,-0.66,0.82,0.19,-0.29928,-0.09269,-0.25554,-0.91462,-0.65,0.81,0.22,-0.46409,-0.16336,-0.25399,-0.83272,-0.64,0.8,0.23,-0.46409,-0.16336,-0.25399,-0.83272,-0.67,0.79,0.11,0.18396,0.02823,-0.38015,-0.90601,-0.67,0.8,0.15,0.15959,0.03713,-0.29657,-0.94085,-0.68,0.81,0.18,-0.18348,-0.0545,-0.35724,-0.91419,-0.67,0.8,0.2,-0.27145,-0.14061,-0.3559,-0.88311,-0.67,0.8,0.22,-0.27145,-0.14061,-0.3559,-0.88311,-0.49,0.81,0.14,0.28901,0.19592,0.12169,-0.92913,-0.47,0.78,0.09,0.28901,0.19592,0.12169,-0.92913,-0.51,0.79,0.11,0.40735,0.28011,-0.57672,-0.65038,-0.54,0.8,0.13,0.22458,0.12094,-0.55611,-0.791,-0.56,0.8,0.16,0.15223,0.11034,-0.63615,-0.74831,-0.57,0.81,0.18,0.15223,0.11034,-0.63615,-0.74831,-0.5,0.79,0.11,0.28901,0.19592,0.12169,-0.92913,-0.52,0.83,0.15,0.00764,0.231,0.00866,-0.97289,-0.54,0.83,0.19,-0.36204,0.22053,-0.05302,-0.90415,-0.55,0.82,0.2,-0.49401,0.18295,-0.07807,-0.84639,-0.55,0.8,0.21,-0.49401,0.18295,-0.07807,-0.84639,-0.49,0.79,0.12,0.28901,0.19592,0.12169,-0.92913,-0.5,0.83,0.16,0.00141,0.20995,0.07577,-0.97477,-0.52,0.83,0.2,-0.39059,0.22323,-0.00182,-0.89309,-0.53,0.82,0.21,-0.56028,0.2016,0.01459,-0.80326,-0.54,0.79,0.22,-0.56028,0.2016,0.01459,-0.80326,-0.47,0.79,0.12,0.28901,0.19592,0.12169,-0.92913,-0.48,0.82,0.16,0.06134,0.17494,0.1542,-0.97049,-0.5,0.83,0.2,-0.42279,0.24342,0.08918,-0.86836,-0.51,0.81,0.21,-0.65006,0.27662,0.04524,-0.7063,-0.52,0.79,0.22,-0.65006,0.27662,0.04524,-0.7063,-0.46,0.79,0.13,0.20512,0.12132,0.34714,-0.90703,-0.47,0.81,0.17,0.19235,0.10952,0.26013,-0.93986,-0.47,0.82,0.19,-0.39548,0.24286,0.22843,-0.85582,-0.48,0.81,0.21,-0.65115,0.34582,0.14875,-0.659,-0.5,0.8,0.2,-0.65115,0.34582,0.14875,-0.659,-0.6,0.8,0.21
28,-0.64,0.81,0.12,0.27444,-0.06387,-0.14482,-0.94849,-0.65,0.78,0.07,0.27444,-0.06387,-0.14482,-0.94849,-0.61,0.79,0.1,0.37661,-0.21482,0.5276,-0.73052,-0.59,0.8,0.12,0.17824,-0.06563,0.48657,-0.85275,-0.58,0.81,0.15,0.03204,-0.01967,0.56388,-0.825,-0.58,0.81,0.18,0.03204,-0.01967,0.56388,-0.825,-0.62,0.8,0.1,0.27444,-0.06387,-0.14482,-0.94849,-0.62,0.83,0.15,0.00334,-0.04764,-0.10889,-0.99291,-0.62,0.83,0.19,-0.32879,-0.08308,-0.11264,-0.93397,-0.61,0.82,0.2,-0.46638,-0.07132,-0.10736,-0.87515,-0.61,0.8,0.22,-0.46638,-0.07132,-0.10736,-0.87515,-0.64,0.79,0.1,0.27444,-0.06387,-0.14482,-0.94849,-0.64,0.83,0.15,0.01488,-0.02383,-0.17161,-0.98476,-0.64,0.83,0.19,-0.36495,-0.08843,-0.16191,-0.91257,-0.63,0.81,0.21,-0.50183,-0.09605,-0.20149,-0.83567,-0.62,0.79,0.23,-0.50183,-0.09605,-0.20149,-0.83567,-0.66,0.79,0.1,0.27444,-0.06387,-0.14482,-0.94849,-0.66,0.82,0.15,0.10738,0.00131,-0.22269,-0.96896,-0.66,0.83,0.19,-0.28706,-0.10265,-0.24277,-0.92094,-0.65,0.81,0.21,-0.44755,-0.1695,-0.24005,-0.8446,-0.64,0.8,0.22,-0.44755,-0.1695,-0.24005,-0.8446,-0.67,0.78,0.11,0.21475,0.01181,-0.37391,-0.90218,-0.67,0.8,0.15,0.17246,0.01724,-0.29165,-0.94069,-0.68,0.81,0.18,-0.17435,-0.0729,-0.34599,-0.91901,-0.67,0.81,0.2,-0.26123,-0.15693,-0.34243,-0.88875,-0.66,0.8,0.21,-0.26123,-0.15693,-0.34243,-0.88875,-0.49,0.81,0.14,0.29554,0.18908,0.1243,-0.92814,-0.47,0.78,0.09,0.29554,0.18908,0.1243,-0.92814,-0.51,0.79,0.11,0.41076,0.27167,-0.57468,-0.65362,-0.54,0.8,0.13,0.22709,0.11313,-0.55162,-0.79457,-0.55,0.81,0.16,0.15592,0.10434,-0.63153,-0.75231,-0.56,0.81,0.18,0.15592,0.10434,-0.63153,-0.75231,-0.5,0.8,0.11,0.29554,0.18908,0.1243,-0.92814,-0.52,0.83,0.15,0.02902,0.22266,0.01844,-0.97429,-0.54,0.84,0.19,-0.33782,0.21722,-0.03974,-0.91494,-0.55,0.82,0.2,-0.47255,0.18176,-0.06386,-0.85999,-0.55,0.8,0.21,-0.47255,0.18176,-0.06386,-0.85999,-0.49,0.79,0.12,0.29554,0.18908,0.1243,-0.92814,-0.5,0.84,0.16,0.02613,0.20123,0.0852,-0.97548,-0.52,0.84,0.2,-0.36049,0.21923,0.01213,-0.90655,-0.53,0.82,0.22,-0.53056,0.20222,0.02993,-0.82263,-0.54,0.8,0.23,-0.53056,0.20222,0.02993,-0.82263,-0.47,0.79,0.12,0.29554,0.18908,0.1243,-0.92814,-0.48,0.83,0.16,0.08444,0.16673,0.1615,-0.96902,-0.49,0.83,0.2,-0.37845,0.23832,0.10485,-0.88825,-0.51,0.82,0.22,-0.60338,0.27728,0.0634,-0.74501,-0.52,0.8,0.22,-0.60338,0.27728,0.0634,-0.74501,-0.46,0.79,0.13,0.21251,0.11624,0.35051,-0.90469,-0.47,0.81,0.17,0.20513,0.10706,0.26301,-0.93663,-0.47,0.82,0.19,-0.33929,0.23263,0.24196,-0.87876,-0.48,0.82,0.21,-0.58428,0.33766,0.17133,-0.71781,-0.5,0.8,0.21,-0.58428,0.33766,0.17133,-0.71781,-0.6,0.8,0.21
29,-0.64,0.81,0.12,0.3119,-0.06873,-0.12271,-0.93965,-0.65,0.78,0.07,0.3119,-0.06873,-0.12271,-0.93965,-0.61,0.79,0.1,0.38803,-0.20036,0.56049,-0.70366,-0.59,0.8,0.12,0.18793,-0.03831,0.51735,-0.834,-0.58,0.81,0.15,0.04145,0.0129,0.58924,-0.80679,-0.58,0.81,0.18,0.04145,0.0129,0.58924,-0.80679,-0.62,0.8,0.1,0.3119,-0.06873,-0.12271,-0.93965,-0.62,0.83,0.14,0.0087,-0.05282,-0.083,-0.99511,-0.61,0.84,0.18,-0.33268,-0.08023,-0.08587,-0.93569,-0.61,0.82,0.2,-0.46693,-0.06416,-0.08152,-0.87819,-0.6,0.8,0.21,-0.46693,-0.06416,-0.08152,-0.87819,-0.64,0.79,0.1,0.3119,-0.06873,-0.12271,-0.93965,-0.64,0.83,0.15,-0.01316,-0.04171,-0.14532,-0.98842,-0.64,0.83,0.19,-0.39258,-0.09449,-0.13082,-0.90545,-0.63,0.81,0.21,-0.53242,-0.09624,-0.16957,-0.82372,-0.62,0.79,0.22,-0.53242,-0.09624,-0.16957,-0.82372,-0.66,0.79,0.1,0.3119,-0.06873,-0.12271,-0.93965,-0.66,0.82,0.15,0.09423,-0.01521,-0.20254,-0.97461,-0.66,0.83,0.18,-0.30165,-0.1091,-0.21815,-0.92169,-0.65,0.82,0.21,-0.47207,-0.17301,-0.21394,-0.83753,-0.64,0.8,0.22,-0.47207,-0.17301,-0.21394,-0.83753,-0.67,0.79,0.11,0.25327,-0.00148,-0.35585,-0.89957,-0.67,0.81,0.15,0.18721,0.00463,-0.27588,-0.94277,-0.68,0.82,0.17,-0.19206,-0.0905,-0.32595,-0.92124,-0.67,0.81,0.19,-0.30725,-0.18158,-0.31723,-0.87863,-0.66,0.8,0.21,-0.30725,-0.18158,-0.31723,-0.87863,-0.49,0.82,0.14,0.31528,0.18223,0.12278,-0.92321,-0.47,0.78,0.09,0.31528,0.18223,0.12278,-0.92321,-0.51,0.79,0.11,0.43186,0.258,-0.5677,-0.65165,-0.54,0.8,0.13,0.23998,0.0975,-0.54222,-0.79931,-0.55,0.81,0.15,0.1568,0.07997,-0.62263,-0.76246,-0.56,0.82,0.18,0.1568,0.07997,-0.62263,-0.76246,-0.5,0.8,0.11,0.31528,0.18223,0.12278,-0.92321,-0.52,0.84,0.15,0.12901,0.19582,0.0483,-0.97092,-0.53,0.85,0.18,-0.25472,0.20582,-0.00508,-0.94484,-0.54,0.84,0.2,-0.40768,0.1761,-0.02812,-0.89554,-0.55,0.82,0.22,-0.40768,0.1761,-0.02812,-0.89554,-0.49,0.8,0.11,0.31528,0.18223,0.12278,-0.92321,-0.5,0.84,0.16,0.09325,0.18292,0.09968,-0.97361,-0.51,0.85,0.2,-0.2883,0.20858,0.03467,-0.9339,-0.52,0.83,0.22,-0.4517,0.20024,0.05669,-0.86756,-0.53,0.82,0.23,-0.4517,0.20024,0.05669,-0.86756,-0.47,0.8,0.12,0.31528,0.18223,0.12278,-0.92321,-0.48,0.83,0.16,0.12448,0.1566,0.16642,-0.96555,-0.49,0.84,0.2,-0.32396,0.23124,0.11718,-0.90986,-0.5,0.83,0.22,-0.5379,0.27451,0.0808,-0.79296,-0.52,0.81,0.22,-0.5379,0.27451,0.0808,-0.79296,-0.46,0.79,0.13,0.23334,0.11436,0.35091,-0.89963,-0.47,0.82,0.16,0.23385,0.10124,0.26424,-0.93018,-0.47,0.83,0.19,-0.28721,0.22451,0.25101,-0.89672,-0.48,0.82,0.21,-0.50727,0.32668,0.19243,-0.7739,-0.49,0.81,0.21,-0.50727,0.32668,0.19243,-0.7739,-0.6,0.8,0.21
30,-0.64,0.82,0.12,0.31694,-0.05858,-0.14204,-0.93592,-0.65,0.78,0.07,0.31694,-0.05858,-0.14204,-0.93592,-0.61,0.79,0.1,0.38916,-0.18547,0.54987,-0.7154,-0.59,0.81,0.12,0.18471,-0.02542,0.50229,-0.84436,-0.58,0.82,0.15,0.04199,0.0188,0.57378,-0.81771,-0.58,0.82,0.18,0.04199,0.0188,0.57378,-0.81771,-0.63,0.8,0.1,0.31694,-0.05858,-0.14204,-0.93592,-0.62,0.84,0.15,-0.00382,-0.05779,-0.09866,-0.99343,-0.62,0.84,0.18,-0.33996,-0.08949,-0.09926,-0.9309,-0.61,0.82,0.2,-0.47065,-0.07484,-0.09353,-0.87415,-0.61,0.81,0.21,-0.47065,-0.07484,-0.09353,-0.87415,-0.64,0.8,0.1,0.31694,-0.05858,-0.14204,-0.93592,-0.64,0.84,0.15,-0.02435,-0.04735,-0.16222,-0.98532,-0.64,0.84,0.19,-0.39876,-0.10556,-0.14456,-0.89942,-0.63,0.82,0.21,-0.54276,-0.10962,-0.18093,-0.81281,-0.62,0.8,0.22,-0.54276,-0.10962,-0.18093,-0.81281,-0.66,0.79,0.1,0.31694,-0.05858,-0.14204,-0.93592,-0.66,0.82,0.15,0.09192,-0.0126,-0.223,-0.97039,-0.66,0.83,0.19,-0.30257,-0.11495,-0.23769,-0.91583,-0.65,0.82,0.21,-0.48063,-0.18456,-0.23056,-0.8257,-0.64,0.8,0.22,-0.48063,-0.18456,-0.23056,-0.8257,-0.67,0.79,0.11,0.25761,0.00643,-0.37467,-0.89063,-0.68,0.81,0.15,0.18742,0.012,-0.2967,-0.93632,-0.68,0.82,0.18,-0.19894,-0.0953,-0.34696,-0.91157,-0.67,0.81,0.19,-0.32788,-0.1949,-0.3348,-0.86164,-0.66,0.8,0.21,-0.32788,-0.1949,-0.3348,-0.86164,-0.49,0.82,0.14,0.29724,0.17973,0.13147,-0.92847,-0.47,0.78,0.09,0.29724,0.17973,0.13147,-0.92847,-0.51,0.79,0.11,0.42303,0.2677,-0.55629,-0.66327,-0.54,0.8,0.13,0.223,0.10589,-0.53423,-0.80849,-0.55,0.81,0.16,0.13248,0.08464,-0.61538,-0.77239,-0.56,0.81,0.18,0.13248,0.08464,-0.61538,-0.77239,-0.5,0.8,0.11,0.29724,0.17973,0.13147,-0.92847,-0.52,0.83,0.15,0.14035,0.17816,0.07193,-0.97128,-0.53,0.85,0.19,-0.26668,0.19928,0.0186,-0.94277,-0.54,0.83,0.21,-0.42954,0.17338,-0.00618,-0.88623,-0.55,0.82,0.22,-0.42954,0.17338,-0.00618,-0.88623,-0.49,0.8,0.12,0.29724,0.17973,0.13147,-0.92847,-0.5,0.84,0.16,0.06708,0.17647,0.11045,-0.97579,-0.51,0.84,0.2,-0.33166,0.20729,0.04303,-0.91934,-0.52,0.83,0.22,-0.49435,0.19774,0.06423,-0.84403,-0.53,0.81,0.23,-0.49435,0.19774,0.06423,-0.84403,-0.47,0.79,0.12,0.29724,0.17973,0.13147,-0.92847,-0.48,0.83,0.16,0.07704,0.15681,0.17084,-0.96969,-0.49,0.83,0.2,-0.37635,0.23252,0.11985,-0.88878,-0.51,0.82,0.22,-0.58581,0.27506,0.08361,-0.75775,-0.52,0.8,0.22,-0.58581,0.27506,0.08361,-0.75775,-0.46,0.79,0.13,0.21508,0.10763,0.35792,-0.90225,-0.47,0.81,0.17,0.20211,0.09942,0.27061,-0.93597,-0.47,0.82,0.19,-0.32194,0.22489,0.25636,-0.88321,-0.48,0.82,0.21,-0.53122,0.32665,0.20123,-0.75539,-0.49,0.8,0.21,-0.53122,0.32665,0.20123,-0.75539,-0.6,0.8,0.21
31,-0.64,0.82,0.12,0.32952,-0.05287,-0.15826,-0.92929,-0.65,0.78,0.07,0.32952,-0.05287,-0.15826,-0.92929,-0.61,0.8,0.1,0.39801,-0.16832,0.54118,-0.72137,-0.59,0.81,0.12,0.18708,-0.00864,0.48882,-0.85205,-0.59,0.82,0.15,0.05763,0.02314,0.56065,-0.82572,-0.58,0.82,0.18,0.05763,0.02314,0.56065,-0.82572,-0.63,0.8,0.1,0.32952,-0.05287,-0.15826,-0.92929,-0.62,0.84,0.15,-0.01202,-0.0683,-0.10842,-0.99168,-0.62,0.84,0.18,-0.34269,-0.10191,-0.10539,-0.92794,-0.61,0.83,0.2,-0.471,-0.08774,-0.09803,-0.87227,-0.61,0.81,0.21,-0.471,-0.08774,-0.09803,-0.87227,-0.64,0.8,0.1,0.32952,-0.05287,-0.15826,-0.92929,-0.65,0.84,0.15,-0.01139,-0.0546,-0.17552,-0.98289,-0.64,0.84,0.19,-0.3637,-0.11371,-0.15685,-0.91115,-0.63,0.82,0.21,-0.50653,-0.12109,-0.19237,-0.83172,-0.62,0.8,0.22,-0.50653,-0.12109,-0.19237,-0.83172,-0.66,0.79,0.11,0.32952,-0.05287,-0.15826,-0.92929,-0.66,0.83,0.15,0.10718,-0.01523,-0.23889,-0.96499,-0.66,0.84,0.19,-0.27574,-0.12145,-0.25198,-0.91963,-0.65,0.82,0.21,-0.45411,-0.1942,-0.24255,-0.83501,-0.64,0.81,0.22,-0.45411,-0.1942,-0.24255,-0.83501,-0.67,0.79,0.11,0.26882,0.00812,-0.39087,-0.88028,-0.68,0.81,0.15,0.20006,0.01247,-0.31349,-0.92819,-0.68,0.82,0.18,-0.18164,-0.10137,-0.36248,-0.90848,-0.68,0.82,0.19,-0.31053,-0.20361,-0.3481,-0.86078,-0.66,0.81,0.21,-0.31053,-0.20361,-0.3481,-0.86078,-0.49,0.81,0.14,0.29266,0.18031,0.14988,-0.92703,-0.47,0.78,0.09,0.29266,0.18031,0.14988,-0.92703,-0.51,0.79,0.11,0.42467,0.26627,-0.54267,-0.67399,-0.54,0.8,0.13,0.218,0.10594,-0.5205,-0.81874,-0.55,0.81,0.16,0.11126,0.07473,-0.60263,-0.78668,-0.56,0.81,0.18,0.11126,0.07473,-0.60263,-0.78668,-0.5,0.8,0.11,0.29266,0.18031,0.14988,-0.92703,-0.52,0.83,0.15,0.13391,0.17163,0.09457,-0.97143,-0.53,0.85,0.19,-0.31071,0.20383,0.03356,-0.92779,-0.54,0.83,0.21,-0.4835,0.18026,0.00354,-0.85658,-0.55,0.81,0.22,-0.4835,0.18026,0.00354,-0.85658,-0.49,0.79,0.12,0.29266,0.18031,0.14988,-0.92703,-0.5,0.83,0.16,0.05176,0.17475,0.13048,-0.97456,-0.51,0.84,0.2,-0.39793,0.21675,0.04958,-0.89006,-0.52,0.82,0.22,-0.56957,0.20423,0.06554,-0.79346,-0.53,0.8,0.22,-0.56957,0.20423,0.06554,-0.79346,-0.47,0.79,0.12,0.29266,0.18031,0.14988,-0.92703,-0.48,0.82,0.17,0.01766,0.167,0.18087,-0.96906,-0.49,0.83,0.2,-0.45931,0.24758,0.11692,-0.84502,-0.51,0.81,0.21,-0.66711,0.2867,0.07496,-0.68348,-0.52,0.79,0.21,-0.66711,0.2867,0.07496,-0.68348,-0.46,0.79,0.13,0.20796,0.10778,0.37479,-0.89703,-0.46,0.81,0.17,0.13152,0.11988,0.28364,-0.94227,-0.47,0.82,0.2,-0.39615,0.24589,0.25415,-0.84736,-0.48,0.81,0.21,-0.59644,0.34547,0.19574,-0.69757,-0.5,0.79,0.21,-0.59644,0.34547,0.19574,-0.69757,-0.6,0.8,0.21
32,-0.65,0.82,0.12,0.35186,-0.05782,-0.15792,-0.92082,-0.65,0.78,0.07,0.35186,-0.05782,-0.15792,-0.92082,-0.62,0.8,0.1,0.41504,-0.15593,0.54523,-0.71145,-0.59,0.81,0.12,0.19781,0.00818,0.48983,-0.84904,-0.59,0.82,0.15,0.0879,0.02689,0.56249,-0.82168,-0.59,0.83,0.18,0.0879,0.02689,0.56249,-0.82168,-0.63,0.8,0.1,0.35186,-0.05782,-0.15792,-0.92082,-0.63,0.84,0.14,0.01178,-0.07528,-0.10496,-0.99155,-0.62,0.85,0.18,-0.32671,-0.10864,-0.09902,-0.93362,-0.61,0.83,0.2,-0.4593,-0.09405,-0.09083,-0.87861,-0.61,0.81,0.21,-0.4593,-0.09405,-0.09083,-0.87861,-0.64,0.8,0.1,0.35186,-0.05782,-0.15792,-0.92082,-0.65,0.84,0.15,0.04197,-0.05936,-0.17349,-0.98215,-0.64,0.85,0.19,-0.2949,-0.11501,-0.15554,-0.93574,-0.63,0.83,0.21,-0.42513,-0.12337,-0.19268,-0.87574,-0.63,0.81,0.23,-0.42513,-0.12337,-0.19268,-0.87574,-0.66,0.79,0.11,0.35186,-0.05782,-0.15792,-0.92082,-0.66,0.83,0.15,0.14149,-0.02976,-0.23424,-0.96137,-0.66,0.84,0.18,-0.21863,-0.12807,-0.24446,-0.93597,-0.66,0.83,0.21,-0.38625,-0.19679,-0.23473,-0.87005,-0.64,0.82,0.22,-0.38625,-0.19679,-0.23473,-0.87005,-0.67,0.79,0.11,0.28962,-0.00248,-0.39184,-0.87326,-0.68,0.81,0.15,0.22204,-0.00866,-0.31048,-0.92424,-0.68,0.83,0.18,-0.14171,-0.1139,-0.35343,-0.91763,-0.68,0.82,0.19,-0.26193,-0.21077,-0.33735,-0.8793,-0.66,0.82,0.21,-0.26193,-0.21077,-0.33735,-0.8793,-0.49,0.82,0.14,0.3157,0.17675,0.19204,-0.91226,-0.47,0.78,0.09,0.3157,0.17675,0.19204,-0.91226,-0.51,0.8,0.11,0.43624,0.22981,-0.52909,-0.69061,-0.54,0.81,0.13,0.20467,0.06161,-0.49872,-0.83999,-0.55,0.82,0.16,0.05845,0.01083,-0.57548,-0.81566,-0.55,0.82,0.18,0.05845,0.01083,-0.57548,-0.81566,-0.5,0.8,0.11,0.3157,0.17675,0.19204,-0.91226,-0.51,0.84,0.15,0.11053,0.18132,0.12734,-0.96886,-0.52,0.85,0.19,-0.38209,0.22934,0.04571,-0.89405,-0.54,0.83,0.2,-0.56456,0.2075,0.00384,-0.79887,-0.54,0.82,0.21,-0.56456,0.2075,0.00384,-0.79887,-0.48,0.8,0.12,0.3157,0.17675,0.19204,-0.91226,-0.49,0.84,0.16,0.05949,0.18325,0.17107,-0.96624,-0.51,0.85,0.2,-0.42326,0.24594,0.07185,-0.86902,-0.52,0.83,0.21,-0.61037,0.23577,0.07704,-0.75228,-0.53,0.81,0.22,-0.61037,0.23577,0.07704,-0.75228,-0.47,0.79,0.12,0.3157,0.17675,0.19204,-0.91226,-0.48,0.83,0.16,0.00911,0.18352,0.2172,-0.95868,-0.49,0.83,0.2,-0.49064,0.28348,0.13119,-0.81345,-0.5,0.81,0.21,-0.7075,0.32424,0.07191,-0.62381,-0.52,0.79,0.21,-0.7075,0.32424,0.07191,-0.62381,-0.46,0.79,0.13,0.22536,0.11195,0.41584,-0.87393,-0.46,0.81,0.17,0.07694,0.15702,0.31656,-0.93232,-0.47,0.82,0.2,-0.45129,0.29359,0.25764,-0.80235,-0.48,0.81,0.2,-0.65567,0.39468,0.17851,-0.61843,-0.5,0.79,0.2,-0.65567,0.39468,0.17851,-0.61843,-0.6,0.8,0.21
33,-0.64,0.82,0.13,0.36135,-0.06801,-0.15601,-0.91677,-0.65,0.78,0.08,0.36135,-0.06801,-0.15601,-0.91677,-0.62,0.79,0.1,0.42288,-0.15366,0.5502,-0.70345,-0.59,0.81,0.12,0.20218,0.01432,0.49452,-0.8452,-0.59,0.82,0.16,0.10342,0.02605,0.56786,-0.81618,-0.58,0.83,0.18,0.10342,0.02605,0.56786,-0.81618,-0.63,0.8,0.1,0.36135,-0.06801,-0.15601,-0.91677,-0.62,0.84,0.14,0.04059,-0.08069,-0.1032,-0.99055,-0.62,0.84,0.18,-0.31897,-0.11586,-0.09302,-0.93604,-0.61,0.83,0.2,-0.46031,-0.10131,-0.08296,-0.87805,-0.61,0.81,0.21,-0.46031,-0.10131,-0.08296,-0.87805,-0.64,0.79,0.1,0.36135,-0.06801,-0.15601,-0.91677,-0.65,0.84,0.15,0.06135,-0.07141,-0.16678,-0.98149,-0.64,0.85,0.19,-0.28269,-0.12524,-0.14434,-0.93998,-0.63,0.83,0.21,-0.41312,-0.13249,-0.18044,-0.88273,-0.62,0.82,0.23,-0.41312,-0.13249,-0.18044,-0.88273,-0.66,0.79,0.11,0.36135,-0.06801,-0.15601,-0.91677,-0.66,0.83,0.15,0.15129,-0.04905,-0.22618,-0.96101,-0.66,0.84,0.19,-0.20856,-0.14306,-0.23003,-0.93975,-0.65,0.83,0.21,-0.37348,-0.20811,-0.21815,-0.87728,-0.64,0.82,0.23,-0.37348,-0.20811,-0.21815,-0.87728,-0.67,0.79,0.11,0.29704,-0.01484,-0.39029,-0.87133,-0.68,0.81,0.15,0.22525,-0.03509,-0.30355,-0.92514,-0.68,0.82,0.18,-0.13492,-0.134,-0.33802,-0.92173,-0.67,0.82,0.2,-0.2518,-0.22682,-0.31976,-0.88482,-0.66,0.82,0.21,-0.2518,-0.22682,-0.31976,-0.88482,-0.48,0.82,0.13,0.36303,0.17675,0.227,-0.88625,-0.47,0.78,0.09,0.36303,0.17675,0.227,-0.88625,-0.51,0.8,0.11,0.47134,0.18318,-0.513,-0.69362,-0.53,0.82,0.12,0.2,0.00233,-0.47086,-0.85923,-0.54,0.83,0.16,0.02116,-0.05916,-0.53671,-0.84143,-0.54,0.83,0.18,0.02116,-0.05916,-0.53671,-0.84143,-0.5,0.8,0.11,0.36303,0.17675,0.227,-0.88625,-0.51,0.85,0.14,0.12571,0.19405,0.15501,-0.96047,-0.52,0.86,0.18,-0.38766,0.25588,0.05668,-0.88376,-0.53,0.85,0.19,-0.57736,0.23608,0.0059,-0.78159,-0.54,0.83,0.2,-0.57736,0.23608,0.0059,-0.78159,-0.48,0.8,0.11,0.36303,0.17675,0.227,-0.88625,-0.49,0.85,0.15,0.07708,0.20337,0.19794,-0.95578,-0.5,0.86,0.19,-0.41169,0.27767,0.0825,-0.86406,-0.52,0.84,0.2,-0.60708,0.26985,0.07854,-0.74328,-0.53,0.82,0.21,-0.60708,0.26985,0.07854,-0.74328,-0.47,0.8,0.12,0.36303,0.17675,0.227,-0.88625,-0.47,0.83,0.16,0.04232,0.20566,0.24641,-0.94615,-0.49,0.84,0.19,-0.46163,0.31954,0.14181,-0.81528,-0.5,0.82,0.2,-0.68564,0.36252,0.06834,-0.62754,-0.52,0.8,0.2,-0.68564,0.36252,0.06834,-0.62754,-0.46,0.79,0.13,0.26675,0.12604,0.45094,-0.84238,-0.46,0.82,0.16,0.11544,0.18462,0.34645,-0.91245,-0.47,0.83,0.19,-0.41069,0.33608,0.26709,-0.80439,-0.48,0.82,0.2,-0.62428,0.43963,0.16845,-0.6234,-0.5,0.8,0.2,-0.62428,0.43963,0.16845,-0.6234,-0.6,0.8,0.21
34,-0.64,0.81,0.13,0.33462,-0.06967,-0.15976,-0.9261,-0.65,0.77,0.08,0.33462,-0.06967,-0.15976,-0.9261,-0.62,0.79,0.11,0.40625,-0.16614,0.54346,-0.71555,-0.59,0.8,0.13,0.1785,0.00406,0.49177,-0.85223,-0.59,0.81,0.16,0.08548,0.00985,0.56579,-0.82005,-0.58,0.82,0.18,0.08548,0.00985,0.56579,-0.82005,-0.63,0.79,0.11,0.33462,-0.06967,-0.15976,-0.9261,-0.62,0.84,0.15,0.02107,-0.08103,-0.10782,-0.99064,-0.62,0.84,0.19,-0.35265,-0.11894,-0.09526,-0.92326,-0.61,0.82,0.2,-0.49866,-0.10517,-0.08272,-0.85641,-0.6,0.8,0.21,-0.49866,-0.10517,-0.08272,-0.85641,-0.64,0.79,0.11,0.33462,-0.06967,-0.15976,-0.9261,-0.64,0.83,0.15,0.03296,-0.07446,-0.16773,-0.98246,-0.64,0.84,0.19,-0.32155,-0.12989,-0.14257,-0.92704,-0.63,0.82,0.21,-0.4517,-0.13483,-0.17744,-0.86389,-0.62,0.8,0.23,-0.4517,-0.13483,-0.17744,-0.86389,-0.66,0.79,0.11,0.33462,-0.06967,-0.15976,-0.9261,-0.66,0.82,0.15,0.12157,-0.05408,-0.22548,-0.96512,-0.66,0.83,0.19,-0.24187,-0.14726,-0.22746,-0.9317,-0.65,0.82,0.21,-0.40406,-0.21092,-0.21587,-0.86351,-0.64,0.81,0.23,-0.40406,-0.21092,-0.21587,-0.86351,-0.67,0.78,0.11,0.27012,-0.00968,-0.39208,-0.87933,-0.68,0.8,0.15,0.19492,-0.04284,-0.30224,-0.93211,-0.68,0.82,0.18,-0.16427,-0.13784,-0.3339,-0.91789,-0.67,0.81,0.2,-0.2789,-0.22934,-0.31687,-0.87704,-0.66,0.81,0.22,-0.2789,-0.22934,-0.31687,-0.87704,-0.48,0.83,0.13,0.40058,0.1837,0.21368,-0.87186,-0.47,0.78,0.09,0.40058,0.1837,0.21368,-0.87186,-0.51,0.8,0.11,0.49216,0.16028,-0.53046,-0.67134,-0.53,0.82,0.12,0.19915,-0.04045,-0.48104,-0.85282,-0.54,0.83,0.15,-0.01382,-0.12351,-0.53149,-0.8379,-0.53,0.83,0.18,-0.01382,-0.12351,-0.53149,-0.8379,-0.5,0.8,0.11,0.40058,0.1837,0.21368,-0.87186,-0.51,0.85,0.14,0.13475,0.20165,0.13366,-0.96089,-0.52,0.87,0.17,-0.38203,0.25176,0.03396,-0.88855,-0.53,0.85,0.19,-0.57225,0.22707,-0.01512,-0.78787,-0.54,0.83,0.19,-0.57225,0.22707,-0.01512,-0.78787,-0.48,0.8,0.11,0.40058,0.1837,0.21368,-0.87186,-0.49,0.85,0.15,0.0602,0.22104,0.16878,-0.95866,-0.5,0.86,0.18,-0.43138,0.27843,0.04741,-0.85682,-0.52,0.84,0.2,-0.62849,0.26149,0.04306,-0.73128,-0.53,0.82,0.2,-0.62849,0.26149,0.04306,-0.73128,-0.47,0.8,0.12,0.40058,0.1837,0.21368,-0.87186,-0.47,0.84,0.15,0.07302,0.2148,0.23021,-0.94632,-0.49,0.85,0.19,-0.43994,0.32069,0.12144,-0.82998,-0.5,0.83,0.2,-0.67042,0.35836,0.04799,-0.64793,-0.52,0.81,0.2,-0.67042,0.35836,0.04799,-0.64793,-0.46,0.79,0.12,0.30379,0.14231,0.44021,-0.83287,-0.46,0.82,0.16,0.20047,0.17752,0.3412,-0.90105,-0.46,0.84,0.19,-0.3337,0.33461,0.26639,-0.84007,-0.48,0.83,0.2,-0.56303,0.43974,0.16403,-0.68024,-0.5,0.82,0.2,-0.56303,0.43974,0.16403,-0.68024,-0.6,0.8,0.21
35,-0.64,0.81,0.13,0.32186,-0.0782,-0.17572,-0.92704,-0.65,0.77,0.08,0.32186,-0.0782,-0.17572,-0.92704,-0.61,0.79,0.11,0.40451,-0.16771,0.53017,-0.72606,-0.59,0.8,0.13,0.17176,-0.00018,0.47896,-0.86087,-0.59,0.81,0.16,0.07773,0.00462,0.5536,-0.82914,-0.58,0.82,0.18,0.07773,0.00462,0.5536,-0.82914,-0.63,0.79,0.11,0.32186,-0.0782,-0.17572,-0.92704,-0.62,0.83,0.15,0.00906,-0.09009,-0.12298,-0.98827,-0.62,0.84,0.19,-0.37395,-0.13394,-0.10429,-0.91178,-0.61,0.82,0.2,-0.52029,-0.12154,-0.08825,-0.84068,-0.6,0.8,0.21,-0.52029,-0.12154,-0.08825,-0.84068,-0.64,0.79,0.11,0.32186,-0.0782,-0.17572,-0.92704,-0.64,0.83,0.15,0.01655,-0.0874,-0.1796,-0.97971,-0.64,0.83,0.19,-0.3599,-0.14982,-0.14519,-0.90937,-0.63,0.82,0.21,-0.49366,-0.15344,-0.17606,-0.83771,-0.62,0.8,0.23,-0.49366,-0.15344,-0.17606,-0.83771,-0.66,0.79,0.11,0.32186,-0.0782,-0.17572,-0.92704,-0.66,0.82,0.15,0.10028,-0.06851,-0.23684,-0.96393,-0.66,0.83,0.19,-0.27917,-0.16824,-0.23011,-0.91695,-0.65,0.82,0.21,-0.44073,-0.23163,-0.21503,-0.84016,-0.63,0.8,0.23,-0.44073,-0.23163,-0.21503,-0.84016,-0.67,0.78,0.11,0.25375,-0.01545,-0.40578,-0.87791,-0.67,0.8,0.15,0.18088,-0.05688,-0.31377,-0.93037,-0.67,0.81,0.18,-0.17982,-0.15482,-0.33887,-0.91042,-0.67,0.81,0.2,-0.29475,-0.24713,-0.31966,-0.86595,-0.65,0.8,0.22,-0.29475,-0.24713,-0.31966,-0.86595,-0.48,0.82,0.13,0.39982,0.16945,0.19348,-0.87977,-0.47,0.78,0.09,0.39982,0.16945,0.19348,-0.87977,-0.51,0.8,0.11,0.46792,0.16503,-0.55783,-0.66531,-0.53,0.81,0.13,0.17129,-0.05349,-0.50935,-0.84164,-0.54,0.82,0.16,-0.06363,-0.15652,-0.54802,-0.81922,-0.53,0.83,0.18,-0.06363,-0.15652,-0.54802,-0.81922,-0.5,0.8,0.11,0.39982,0.16945,0.19348,-0.87977,-0.51,0.85,0.14,0.10979,0.18575,0.11228,-0.96997,-0.52,0.86,0.18,-0.38559,0.22588,0.0299,-0.89409,-0.53,0.84,0.19,-0.56142,0.20075,-0.00928,-0.80276,-0.54,0.82,0.2,-0.56142,0.20075,-0.00928,-0.80276,-0.48,0.8,0.11,0.39982,0.16945,0.19348,-0.87977,-0.49,0.85,0.15,0.03247,0.20674,0.14718,-0.96672,-0.5,0.85,0.19,-0.45733,0.2548,0.03664,-0.85123,-0.52,0.83,0.2,-0.65442,0.23427,0.03699,-0.71797,-0.53,0.81,0.2,-0.65442,0.23427,0.03699,-0.71797,-0.46,0.8,0.12,0.39982,0.16945,0.19348,-0.87977,-0.47,0.84,0.16,0.07443,0.19277,0.21759,-0.95391,-0.48,0.84,0.19,-0.44605,0.29605,0.12122,-0.83588,-0.5,0.83,0.2,-0.67904,0.33487,0.05484,-0.65097,-0.51,0.81,0.2,-0.67904,0.33487,0.05484,-0.65097,-0.46,0.79,0.13,0.3087,0.12688,0.42245,-0.8427,-0.46,0.82,0.16,0.24408,0.13272,0.33471,-0.90043,-0.46,0.84,0.19,-0.30633,0.30108,0.2816,-0.85803,-0.47,0.83,0.2,-0.54535,0.41412,0.1857,-0.70471,-0.49,0.82,0.2,-0.54535,0.41412,0.1857,-0.70471,-0.6,0.8,0.21
36,-0.64,0.81,0.13,0.31944,-0.08159,-0.18276,-0.92623,-0.65,0.77,0.08,0.31944,-0.08159,-0.18276,-0.92623,-0.61,0.79,0.11,0.40294,-0.16576,0.5273,-0.72947,-0.59,0.8,0.13,0.16889,0.00129,0.47545,-0.86338,-0.59,0.81,0.16,0.07256,0.00687,0.54985,-0.83207,-0.59,0.82,0.18,0.07256,0.00687,0.54985,-0.83207,-0.63,0.79,0.11,0.31944,-0.08159,-0.18276,-0.92623,-0.62,0.84,0.15,0.00656,-0.09186,-0.1311,-0.98708,-0.61,0.84,0.19,-0.38115,-0.13929,-0.11025,-0.90728,-0.61,0.82,0.2,-0.52708,-0.12778,-0.09299,-0.83499,-0.6,0.8,0.21,-0.52708,-0.12778,-0.09299,-0.83499,-0.64,0.79,0.11,0.31944,-0.08159,-0.18276,-0.92623,-0.64,0.83,0.15,0.01313,-0.09262,-0.18525,-0.97823,-0.64,0.83,0.19,-0.37728,-0.15914,-0.14585,-0.90059,-0.62,0.82,0.21,-0.51536,-0.16248,-0.17446,-0.82315,-0.61,0.8,0.22,-0.51536,-0.16248,-0.17446,-0.82315,-0.66,0.79,0.11,0.31944,-0.08159,-0.18276,-0.92623,-0.66,0.82,0.15,0.09444,-0.07476,-0.24208,-0.96275,-0.66,0.83,0.19,-0.29845,-0.17925,-0.23012,-0.90876,-0.64,0.82,0.21,-0.46202,-0.24273,-0.21265,-0.82608,-0.63,0.8,0.22,-0.46202,-0.24273,-0.21265,-0.82608,-0.67,0.78,0.11,0.24973,-0.01848,-0.41202,-0.87609,-0.67,0.8,0.15,0.17974,-0.06369,-0.31875,-0.92846,-0.67,0.81,0.18,-0.18483,-0.16439,-0.34034,-0.90718,-0.66,0.81,0.2,-0.30271,-0.2579,-0.31907,-0.86026,-0.65,0.8,0.22,-0.30271,-0.2579,-0.31907,-0.86026,-0.48,0.82,0.13,0.39642,0.15999,0.19229,-0.88333,-0.47,0.77,0.09,0.39642,0.15999,0.19229,-0.88333,-0.51,0.8,0.11,0.45403,0.17036,-0.56494,-0.66759,-0.53,0.81,0.13,0.15739,-0.05262,-0.51822,-0.83899,-0.53,0.82,0.16,-0.08952,-0.16593,-0.55239,-0.81199,-0.53,0.82,0.18,-0.08952,-0.16593,-0.55239,-0.81199,-0.5,0.8,0.11,0.39642,0.15999,0.19229,-0.88333,-0.51,0.85,0.14,0.0935,0.17829,0.11088,-0.97323,-0.52,0.86,0.18,-0.37442,0.21722,0.03912,-0.90061,-0.53,0.84,0.19,-0.53422,0.19383,0.00642,-0.8228,-0.54,0.82,0.2,-0.53422,0.19383,0.00642,-0.8228,-0.48,0.8,0.12,0.39642,0.15999,0.19229,-0.88333,-0.49,0.85,0.15,0.0186,0.1998,0.14657,-0.96863,-0.5,0.85,0.19,-0.47071,0.24834,0.03948,-0.8457,-0.51,0.83,0.2,-0.67162,0.22752,0.03971,-0.70398,-0.52,0.81,0.2,-0.67162,0.22752,0.03971,-0.70398,-0.46,0.79,0.12,0.39642,0.15999,0.19229,-0.88333,-0.47,0.83,0.16,0.07297,0.18133,0.22086,-0.95552,-0.48,0.84,0.19,-0.45879,0.28961,0.12654,-0.83044,-0.5,0.82,0.2,-0.6966,0.33003,0.059,-0.63431,-0.51,0.8,0.2,-0.6966,0.33003,0.059,-0.63431,-0.46,0.79,0.13,0.30746,0.1165,0.42174,-0.845,-0.46,0.82,0.16,0.24507,0.11282,0.33836,-0.90151,-0.46,0.83,0.19,-0.32629,0.29356,0.28936,-0.85067,-0.47,0.83,0.2,-0.57313,0.41183,0.19018,-0.68246,-0.49,0.81,0.2,-0.57313,0.41183,0.19018,-0.68246,-0.6,0.8,0.21
37,-0.64,0.81,0.13,0.3175,-0.07972,-0.17937,-0.92772,-0.65,0.77,0.08,0.3175,-0.07972,-0.17937,-0.92772,-0.61,0.79,0.11,0.39401,-0.16259,0.53492,-0.72951,-0.59,0.8,0.13,0.1613,0.00714,0.48206,-0.86113,-0.59,0.81,0.16,0.06437,0.01273,0.55536,-0.82902,-0.59,0.82,0.18,0.06437,0.01273,0.55536,-0.82902,-0.63,0.8,0.11,0.3175,-0.07972,-0.17937,-0.92772,-0.62,0.84,0.15,0.00404,-0.08721,-0.12957,-0.98772,-0.62,0.84,0.19,-0.38262,-0.13423,-0.11083,-0.90736,-0.61,0.82,0.2,-0.52787,-0.12278,-0.09445,-0.83508,-0.6,0.8,0.21,-0.52787,-0.12278,-0.09445,-0.83508,-0.64,0.79,0.11,0.3175,-0.07972,-0.17937,-0.92772,-0.64,0.83,0.15,0.0156,-0.08792,-0.18355,-0.97895,-0.64,0.84,0.19,-0.38081,-0.15508,-0.14522,-0.89991,-0.63,0.82,0.21,-0.52198,-0.15868,-0.17411,-0.81978,-0.62,0.8,0.22,-0.52198,-0.15868,-0.17411,-0.81978,-0.66,0.79,0.11,0.3175,-0.07972,-0.17937,-0.92772,-0.66,0.82,0.15,0.09546,-0.07109,-0.23948,-0.96358,-0.66,0.83,0.19,-0.30683,-0.17712,-0.22766,-0.907,-0.64,0.82,0.21,-0.47319,-0.24067,-0.21019,-0.82097,-0.63,0.8,0.22,-0.47319,-0.24067,-0.21019,-0.82097,-0.67,0.78,0.11,0.24869,-0.01599,-0.40881,-0.87794,-0.67,0.8,0.15,0.18306,-0.06119,-0.31516,-0.92921,-0.67,0.81,0.18,-0.18513,-0.16217,-0.33761,-0.90854,-0.67,0.81,0.2,-0.30635,-0.25641,-0.31597,-0.86056,-0.65,0.8,0.22,-0.30635,-0.25641,-0.31597,-0.86056,-0.48,0.82,0.13,0.41213,0.13856,0.17227,-0.8839,-0.47,0.77,0.09,0.41213,0.13856,0.17227,-0.8839,-0.51,0.8,0.11,0.44731,0.15091,-0.58265,-0.66156,-0.53,0.81,0.13,0.15633,-0.07732,-0.52746,-0.83148,-0.53,0.82,0.16,-0.09583,-0.19591,-0.55259,-0.80442,-0.52,0.82,0.18,-0.09583,-0.19591,-0.55259,-0.80442,-0.5,0.8,0.11,0.41213,0.13856,0.17227,-0.8839,-0.5,0.85,0.14,0.09712,0.15362,0.09576,-0.97867,-0.52,0.86,0.18,-0.3644,0.1881,0.03919,-0.91121,-0.52,0.84,0.19,-0.5174,0.1649,0.01395,-0.83959,-0.53,0.82,0.2,-0.5174,0.1649,0.01395,-0.83959,-0.48,0.8,0.11,0.41213,0.13856,0.17227,-0.8839,-0.48,0.85,0.15,0.0208,0.17461,0.13426,-0.97522,-0.5,0.85,0.19,-0.47544,0.22058,0.04057,-0.85068,-0.51,0.83,0.2,-0.68501,0.20034,0.04595,-0.69893,-0.52,0.81,0.2,-0.68501,0.20034,0.04595,-0.69893,-0.46,0.79,0.12,0.41213,0.13856,0.17227,-0.8839,-0.47,0.83,0.15,0.08961,0.15418,0.21115,-0.96105,-0.48,0.84,0.19,-0.46323,0.26467,0.12826,-0.83601,-0.49,0.83,0.2,-0.71367,0.30719,0.06407,-0.62626,-0.5,0.8,0.2,-0.71367,0.30719,0.06407,-0.62626,-0.46,0.79,0.12,0.32991,0.09857,0.40506,-0.84698,-0.45,0.82,0.16,0.26535,0.08173,0.32742,-0.90317,-0.45,0.84,0.19,-0.33556,0.27242,0.29123,-0.85345,-0.47,0.83,0.2,-0.59992,0.3968,0.1903,-0.66816,-0.48,0.81,0.2,-0.59992,0.3968,0.1903,-0.66816,-0.6,0.8,0.21
38,-0.64,0.81,0.13,0.31621,-0.07445,-0.16446,-0.93136,-0.65,0.78,0.07,0.31621,-0.07445,-0.16446,-0.93136,-0.61,0.79,0.11,0.38401,-0.15674,0.54885,-0.72577,-0.59,0.8,0.13,0.15592,0.01643,0.49412,-0.85514,-0.59,0.81,0.16,0.06019,0.0214,0.56603,-0.82191,-0.59,0.82,0.18,0.06019,0.0214,0.56603,-0.82191,-0.63,0.8,0.11,0.31621,-0.07445,-0.16446,-0.93136,-0.62,0.84,0.15,0.00146,-0.07719,-0.11708,-0.99012,-0.62,0.84,0.19,-0.38146,-0.1196,-0.10387,-0.91071,-0.61,0.82,0.2,-0.52338,-0.10675,-0.09053,-0.84053,-0.6,0.8,0.21,-0.52338,-0.10675,-0.09053,-0.84053,-0.64,0.79,0.11,0.31621,-0.07445,-0.16446,-0.93136,-0.64,0.83,0.15,0.01964,-0.07632,-0.172,-0.98194,-0.64,0.84,0.19,-0.3796,-0.14009,-0.13913,-0.90384,-0.63,0.82,0.21,-0.52075,-0.14308,-0.17061,-0.82416,-0.62,0.8,0.22,-0.52075,-0.14308,-0.17061,-0.82416,-0.66,0.79,0.11,0.31621,-0.07445,-0.16446,-0.93136,-0.66,0.82,0.15,0.09902,-0.06076,-0.2269,-0.96696,-0.66,0.83,0.19,-0.30786,-0.16348,-0.22003,-0.91109,-0.65,0.82,0.21,-0.47552,-0.22602,-0.20535,-0.825,-0.63,0.8,0.22,-0.47552,-0.22602,-0.20535,-0.825,-0.67,0.78,0.11,0.25055,-0.00984,-0.39504,-0.88378,-0.67,0.8,0.15,0.18673,-0.0524,-0.30162,-0.93349,-0.68,0.82,0.18,-0.18255,-0.14924,-0.32868,-0.91454,-0.67,0.81,0.2,-0.30478,-0.24242,-0.30911,-0.86764,-0.65,0.8,0.22,-0.30478,-0.24242,-0.30911,-0.86764,-0.48,0.82,0.13,0.42932,0.12013,0.12718,-0.88604,-0.47,0.77,0.09,0.42932,0.12013,0.12718,-0.88604,-0.51,0.79,0.11,0.43633,0.13362,-0.61799,-0.64019,-0.53,0.81,0.13,0.15661,-0.10758,-0.555,-0.80986,-0.53,0.82,0.16,-0.0964,-0.23565,-0.56808,-0.7826,-0.52,0.82,0.19,-0.0964,-0.23565,-0.56808,-0.7826,-0.5,0.8,0.11,0.42932,0.12013,0.12718,-0.88604,-0.51,0.85,0.14,0.11128,0.12369,0.05673,-0.98443,-0.52,0.86,0.18,-0.35363,0.14403,0.01828,-0.92405,-0.52,0.84,0.2,-0.50787,0.11783,0.00126,-0.85334,-0.53,0.82,0.21,-0.50787,0.11783,0.00126,-0.85334,-0.48,0.8,0.11,0.42932,0.12013,0.12718,-0.88604,-0.48,0.85,0.15,0.03158,0.1411,0.09952,-0.98447,-0.5,0.85,0.19,-0.46676,0.17418,0.02828,-0.8666,-0.51,0.83,0.2,-0.68105,0.1531,0.04619,-0.71456,-0.51,0.81,0.2,-0.68105,0.1531,0.04619,-0.71456,-0.46,0.8,0.12,0.42932,0.12013,0.12718,-0.88604,-0.47,0.84,0.15,0.11443,0.12091,0.17797,-0.96985,-0.47,0.85,0.19,-0.45172,0.22043,0.11802,-0.85641,-0.49,0.83,0.2,-0.71496,0.26301,0.0671,-0.64433,-0.5,0.81,0.2,-0.71496,0.26301,0.0671,-0.64433,-0.46,0.79,0.12,0.35666,0.08316,0.36462,-0.85612,-0.45,0.82,0.16,0.3001,0.04719,0.2927,-0.90666,-0.45,0.84,0.18,-0.32842,0.23361,0.27999,-0.8713,-0.46,0.83,0.19,-0.61221,0.36017,0.18742,-0.67849,-0.48,0.82,0.19,-0.61221,0.36017,0.18742,-0.67849,-0.6,0.8,0.21
39,-0.64,0.81,0.13,0.31157,-0.07308,-0.15854,-0.93405,-0.65,0.78,0.07,0.31157,-0.07308,-0.15854,-0.93405,-0.62,0.79,0.11,0.37651,-0.15463,0.55484,-0.72559,-0.59,0.8,0.13,0.15073,0.01997,0.49944,-0.85291,-0.59,0.81,0.16,0.05843,0.0224,0.571,-0.81856,-0.59,0.82,0.18,0.05843,0.0224,0.571,-0.81856,-0.63,0.8,0.11,0.31157,-0.07308,-0.15854,-0.93405,-0.62,0.84,0.15,-0.00564,-0.0753,-0.11075,-0.99098,-0.62,0.84,0.19,-0.38142,-0.11447,-0.09969,-0.91185,-0.61,0.82,0.2,-0.5186,-0.10045,-0.08789,-0.84453,-0.6,0.8,0.21,-0.5186,-0.10045,-0.08789,-0.84453,-0.64,0.79,0.11,0.31157,-0.07308,-0.15854,-0.93405,-0.64,0.83,0.15,0.01871,-0.07178,-0.16724,-0.98312,-0.64,0.84,0.19,-0.38014,-0.13389,-0.13674,-0.90492,-0.63,0.82,0.21,-0.52013,-0.13644,-0.16933,-0.82594,-0.62,0.8,0.22,-0.52013,-0.13644,-0.16933,-0.82594,-0.66,0.79,0.11,0.31157,-0.07308,-0.15854,-0.93405,-0.66,0.82,0.15,0.09916,-0.0555,-0.22214,-0.96837,-0.66,0.83,0.19,-0.30856,-0.15685,-0.21784,-0.91254,-0.65,0.82,0.21,-0.47591,-0.21901,-0.20465,-0.82684,-0.63,0.8,0.22,-0.47591,-0.21901,-0.20465,-0.82684,-0.67,0.78,0.11,0.24713,-0.00706,-0.38924,-0.88734,-0.67,0.8,0.15,0.18544,-0.04786,-0.29618,-0.93574,-0.68,0.82,0.18,-0.18358,-0.1427,-0.32548,-0.91651,-0.67,0.81,0.2,-0.30477,-0.23507,-0.30734,-0.87029,-0.65,0.8,0.21,-0.30477,-0.23507,-0.30734,-0.87029,-0.48,0.82,0.13,0.42286,0.12043,0.1115,-0.89121,-0.47,0.77,0.09,0.42286,0.12043,0.1115,-0.89121,-0.51,0.79,0.11,0.42737,0.14434,-0.62913,-0.63303,-0.53,0.8,0.13,0.14929,-0.10366,-0.57016,-0.80118,-0.53,0.82,0.16,-0.10277,-0.2369,-0.58221,-0.77094,-0.52,0.82,0.18,-0.10277,-0.2369,-0.58221,-0.77094,-0.5,0.8,0.11,0.42286,0.12043,0.1115,-0.89121,-0.51,0.85,0.14,0.10307,0.12443,0.03639,-0.98619,-0.52,0.85,0.18,-0.36126,0.13521,4e-05,-0.92261,-0.52,0.84,0.19,-0.51505,0.10595,-0.01548,-0.85045,-0.53,0.82,0.21,-0.51505,0.10595,-0.01548,-0.85045,-0.48,0.8,0.11,0.42286,0.12043,0.1115,-0.89121,-0.49,0.85,0.14,0.02095,0.13773,0.08167,-0.98688,-0.5,0.85,0.19,-0.46513,0.16199,0.01679,-0.87014,-0.51,0.83,0.2,-0.67891,0.1386,0.03846,-0.71999,-0.51,0.8,0.2,-0.67891,0.1386,0.03846,-0.71999,-0.46,0.79,0.12,0.42286,0.12043,0.1115,-0.89121,-0.47,0.84,0.15,0.11778,0.11389,0.1642,-0.97273,-0.48,0.85,0.19,-0.45077,0.20711,0.11058,-0.86121,-0.49,0.83,0.2,-0.71779,0.24817,0.06403,-0.64737,-0.5,0.81,0.2,-0.71779,0.24817,0.06403,-0.64737,-0.46,0.79,0.12,0.35244,0.0811,0.34959,-0.86429,-0.45,0.82,0.15,0.30889,0.03538,0.27887,-0.90861,-0.45,0.84,0.18,-0.34448,0.22329,0.27198,-0.87035,-0.46,0.83,0.19,-0.63699,0.34983,0.17992,-0.66294,-0.48,0.81,0.19,-0.63699,0.34983,0.17992,-0.66294,-0.6,0.8,0.21
40,-0.64,0.81,0.13,0.31142,-0.0734,-0.16037,-0.93376,-0.65,0.78,0.07,0.31142,-0.0734,-0.16037,-0.93376,-0.62,0.79,0.11,0.37372,-0.15226,0.55636,-0.72637,-0.59,0.8,0.13,0.14816,0.02289,0.50022,-0.85282,-0.59,0.81,0.16,0.05724,0.02403,0.5716,-0.81818,-0.59,0.82,0.18,0.05724,0.02403,0.5716,-0.81818,-0.63,0.8,0.11,0.31142,-0.0734,-0.16037,-0.93376,-0.62,0.84,0.15,-0.00699,-0.07739,-0.11154,-0.99072,-0.62,0.84,0.19,-0.37889,-0.11627,-0.10012,-0.91263,-0.61,0.82,0.2,-0.51368,-0.10201,-0.08848,-0.84729,-0.6,0.8,0.21,-0.51368,-0.10201,-0.08848,-0.84729,-0.64,0.79,0.11,0.31142,-0.0734,-0.16037,-0.93376,-0.64,0.83,0.15,0.019,-0.07261,-0.16889,-0.98277,-0.64,0.84,0.19,-0.37863,-0.13515,-0.13807,-0.90516,-0.63,0.82,0.21,-0.51781,-0.13783,-0.17052,-0.82692,-0.62,0.8,0.22,-0.51781,-0.13783,-0.17052,-0.82692,-0.66,0.79,0.11,0.31142,-0.0734,-0.16037,-0.93376,-0.66,0.82,0.15,0.09951,-0.05581,-0.22399,-0.96789,-0.66,0.83,0.19,-0.30734,-0.15773,-0.21949,-0.91241,-0.65,0.82,0.21,-0.474,-0.22009,-0.20618,-0.82727,-0.63,0.8,0.22,-0.474,-0.22009,-0.20618,-0.82727,-0.67,0.79,0.11,0.24666,-0.00742,-0.39093,-0.88672,-0.68,0.81,0.15,0.18469,-0.04841,-0.29793,-0.9353,-0.68,0.82,0.18,-0.18317,-0.14345,-0.32697,-0.91595,-0.67,0.81,0.2,-0.30347,-0.23577,-0.30884,-0.87002,-0.66,0.8,0.21,-0.30347,-0.23577,-0.30884,-0.87002,-0.48,0.82,0.13,0.41337,0.13154,0.12124,-0.89282,-0.47,0.77,0.08,0.41337,0.13154,0.12124,-0.89282,-0.51,0.79,0.11,0.42709,0.16121,-0.62301,-0.63518,-0.53,0.8,0.13,0.14727,-0.08548,-0.57111,-0.80302,-0.53,0.81,0.16,-0.10332,-0.21905,-0.58835,-0.77148,-0.52,0.82,0.18,-0.10332,-0.21905,-0.58835,-0.77148,-0.5,0.8,0.11,0.41337,0.13154,0.12124,-0.89282,-0.51,0.84,0.14,0.0901,0.14136,0.03853,-0.9851,-0.52,0.85,0.18,-0.36629,0.15094,-0.00467,-0.91817,-0.53,0.84,0.19,-0.51651,0.1207,-0.02251,-0.84744,-0.53,0.82,0.2,-0.51651,0.1207,-0.02251,-0.84744,-0.48,0.79,0.11,0.41337,0.13154,0.12124,-0.89282,-0.49,0.85,0.14,0.004,0.15532,0.08139,-0.9845,-0.5,0.85,0.18,-0.47564,0.17696,0.00863,-0.86162,-0.51,0.82,0.2,-0.6874,0.15024,0.02643,-0.71008,-0.51,0.8,0.2,-0.6874,0.15024,0.02643,-0.71008,-0.46,0.79,0.11,0.41337,0.13154,0.12124,-0.89282,-0.47,0.84,0.15,0.10785,0.12716,0.16906,-0.9714,-0.48,0.84,0.19,-0.46078,0.22061,0.10677,-0.853,-0.49,0.83,0.2,-0.72623,0.2591,0.05551,-0.63433,-0.5,0.8,0.2,-0.72623,0.2591,0.05551,-0.63433,-0.46,0.79,0.12,0.33956,0.08984,0.35782,-0.86521,-0.45,0.82,0.15,0.30339,0.0424,0.28649,-0.90779,-0.45,0.84,0.18,-0.36007,0.23634,0.27075,-0.86092,-0.46,0.83,0.19,-0.65269,0.36208,0.1721,-0.64286,-0.48,0.81,0.19,-0.65269,0.36208,0.1721,-0.64286,-0.6,0.8,0.21
41,-0.64,0.81,0.13,0.31513,-0.07354,-0.16567,-0.93158,-0.65,0.78,0.07,0.31513,-0.07354,-0.16567,-0.93158,-0.62,0.79,0.11,0.37323,-0.14392,0.55673,-0.72804,-0.6,0.81,0.13,0.1482,0.03084,0.49794,-0.8539,-0.59,0.81,0.16,0.05993,0.02946,0.56925,-0.81945,-0.59,0.82,0.18,0.05993,0.02946,0.56925,-0.81945,-0.63,0.8,0.1,0.31513,-0.07354,-0.16567,-0.93158,-0.62,0.84,0.15,-0.00963,-0.08075,-0.11543,-0.98998,-0.62,0.84,0.19,-0.38079,-0.12072,-0.10249,-0.911,-0.61,0.82,0.2,-0.51427,-0.10663,-0.09027,-0.84617,-0.6,0.8,0.21,-0.51427,-0.10663,-0.09027,-0.84617,-0.64,0.79,0.11,0.31513,-0.07354,-0.16567,-0.93158,-0.64,0.84,0.15,0.02151,-0.07506,-0.17373,-0.98169,-0.64,0.84,0.19,-0.37667,-0.13949,-0.14138,-0.90481,-0.63,0.82,0.21,-0.51599,-0.14272,-0.17311,-0.82669,-0.62,0.8,0.22,-0.51599,-0.14272,-0.17311,-0.82669,-0.66,0.79,0.11,0.31513,-0.07354,-0.16567,-0.93158,-0.66,0.82,0.15,0.10193,-0.05815,-0.22895,-0.96634,-0.66,0.83,0.19,-0.30505,-0.16211,-0.22287,-0.91159,-0.65,0.82,0.21,-0.47139,-0.225,-0.2086,-0.82684,-0.63,0.8,0.22,-0.47139,-0.225,-0.2086,-0.82684,-0.67,0.79,0.11,0.24952,-0.00873,-0.39612,-0.8836,-0.68,0.81,0.15,0.18528,-0.05187,-0.30275,-0.93345,-0.68,0.82,0.18,-0.18113,-0.14812,-0.33019,-0.91445,-0.67,0.81,0.2,-0.30131,-0.24087,-0.31117,-0.86854,-0.65,0.81,0.21,-0.30131,-0.24087,-0.31117,-0.86854,-0.48,0.82,0.13,0.41164,0.14175,0.12899,-0.89097,-0.47,0.77,0.08,0.41164,0.14175,0.12899,-0.89097,-0.51,0.79,0.11,0.42188,0.17445,-0.6261,-0.63213,-0.53,0.8,0.13,0.14348,-0.07438,-0.57957,-0.79873,-0.53,0.81,0.16,-0.10116,-0.20723,-0.60054,-0.76562,-0.52,0.82,0.18,-0.10116,-0.20723,-0.60054,-0.76562,-0.5,0.8,0.11,0.41164,0.14175,0.12899,-0.89097,-0.51,0.85,0.14,0.08152,0.15571,0.03931,-0.98365,-0.52,0.85,0.17,-0.36325,0.16397,-0.00854,-0.91711,-0.53,0.84,0.19,-0.50516,0.13314,-0.02696,-0.85227,-0.53,0.82,0.2,-0.50516,0.13314,-0.02696,-0.85227,-0.48,0.8,0.11,0.41164,0.14175,0.12899,-0.89097,-0.49,0.85,0.14,-0.00477,0.1712,0.07987,-0.98198,-0.5,0.85,0.18,-0.48526,0.18998,-0.00107,-0.85348,-0.51,0.82,0.2,-0.6981,0.15946,0.01303,-0.69789,-0.52,0.8,0.2,-0.6981,0.15946,0.01303,-0.69789,-0.46,0.79,0.11,0.41164,0.14175,0.12899,-0.89097,-0.47,0.84,0.15,0.10715,0.13989,0.17255,-0.96911,-0.48,0.85,0.18,-0.46661,0.23366,0.10087,-0.84705,-0.49,0.83,0.2,-0.73336,0.26899,0.04443,-0.62278,-0.5,0.8,0.19,-0.73336,0.26899,0.04443,-0.62278,-0.46,0.79,0.12,0.33472,0.09976,0.3645,-0.86322,-0.45,0.82,0.15,0.3093,0.04931,0.29301,-0.90336,-0.45,0.84,0.18,-0.36157,0.24872,0.26894,-0.85737,-0.46,0.83,0.19,-0.65847,0.37379,0.16269,-0.63264,-0.48,0.81,0.19,-0.65847,0.37379,0.16269,-0.63264,-0.6,0.8,0.21
42,-0.64,0.82,0.13,0.32859,-0.0742,-0.17746,-0.92468,-0.65,0.78,0.07,0.32859,-0.0742,-0.17746,-0.92468,-0.62,0.79,0.11,0.37923,-0.12585,0.55469,-0.72984,-0.6,0.81,0.13,0.15484,0.04692,0.49019,-0.85647,-0.59,0.82,0.16,0.07014,0.04214,0.56169,-0.82329,-0.59,0.82,0.18,0.07014,0.04214,0.56169,-0.82329,-0.63,0.8,0.1,0.32859,-0.0742,-0.17746,-0.92468,-0.62,0.84,0.15,-0.00372,-0.08594,-0.12617,-0.98827,-0.62,0.84,0.18,-0.37693,-0.12996,-0.11014,-0.91044,-0.61,0.82,0.2,-0.51096,-0.11699,-0.09652,-0.84612,-0.6,0.81,0.21,-0.51096,-0.11699,-0.09652,-0.84612,-0.64,0.79,0.11,0.32859,-0.0742,-0.17746,-0.92468,-0.65,0.84,0.15,0.03228,-0.08106,-0.18464,-0.97893,-0.64,0.84,0.19,-0.36961,-0.15014,-0.14829,-0.90491,-0.63,0.82,0.21,-0.51109,-0.15491,-0.17814,-0.82647,-0.62,0.8,0.22,-0.51109,-0.15491,-0.17814,-0.82647,-0.66,0.79,0.11,0.32859,-0.0742,-0.17746,-0.92468,-0.66,0.82,0.15,0.11296,-0.06456,-0.23994,-0.96203,-0.66,0.83,0.19,-0.2971,-0.17378,-0.22931,-0.91047,-0.65,0.82,0.21,-0.46491,-0.2381,-0.21207,-0.82595,-0.63,0.81,0.22,-0.46491,-0.2381,-0.21207,-0.82595,-0.67,0.79,0.11,0.26089,-0.01333,-0.40798,-0.87482,-0.68,0.81,0.15,0.19622,-0.05904,-0.31371,-0.92715,-0.68,0.82,0.18,-0.1694,-0.15967,-0.33758,-0.91206,-0.67,0.82,0.2,-0.2914,-0.25409,-0.31555,-0.86657,-0.65,0.81,0.21,-0.2914,-0.25409,-0.31555,-0.86657,-0.48,0.82,0.13,0.41104,0.14391,0.13073,-0.89065,-0.47,0.77,0.08,0.41104,0.14391,0.13073,-0.89065,-0.51,0.79,0.11,0.41105,0.17802,-0.63386,-0.63053,-0.53,0.8,0.13,0.13474,-0.07453,-0.58856,-0.79366,-0.53,0.81,0.16,-0.10394,-0.20546,-0.61013,-0.75811,-0.52,0.82,0.18,-0.10394,-0.20546,-0.61013,-0.75811,-0.5,0.8,0.11,0.41104,0.14391,0.13073,-0.89065,-0.51,0.85,0.14,0.07413,0.15977,0.03777,-0.98364,-0.52,0.85,0.17,-0.36454,0.16681,-0.01067,-0.91606,-0.53,0.84,0.19,-0.50149,0.13571,-0.02869,-0.85397,-0.53,0.82,0.2,-0.50149,0.13571,-0.02869,-0.85397,-0.48,0.8,0.11,0.41104,0.14391,0.13073,-0.89065,-0.49,0.85,0.14,-0.00914,0.1755,0.0784,-0.98131,-0.5,0.85,0.18,-0.49318,0.19293,-0.00544,-0.84825,-0.51,0.82,0.19,-0.70903,0.16022,0.00722,-0.68669,-0.52,0.8,0.19,-0.70903,0.16022,0.00722,-0.68669,-0.46,0.8,0.11,0.41104,0.14391,0.13073,-0.89065,-0.47,0.84,0.15,0.10841,0.14324,0.17291,-0.96842,-0.48,0.85,0.18,-0.47008,0.23715,0.09799,-0.8445,-0.49,0.83,0.2,-0.7396,0.27102,0.03926,-0.61482,-0.5,0.8,0.19,-0.7396,0.27102,0.03926,-0.61482,-0.46,0.79,0.12,0.33345,0.10181,0.366,-0.86284,-0.45,0.82,0.15,0.31574,0.04954,0.29429,-0.90069,-0.45,0.84,0.18,-0.35646,0.25073,0.26922,-0.85883,-0.46,0.83,0.19,-0.65903,0.37674,0.15942,-0.63113,-0.48,0.81,0.19,-0.65903,0.37674,0.15942,-0.63113,-0.6,0.8,0.21
43,-0.65,0.82,0.13,0.32968,-0.07157,-0.18871,-0.92227,-0.65,0.78,0.07,0.32968,-0.07157,-0.18871,-0.92227,-0.62,0.79,0.11,0.37672,-0.1171,0.54994,-0.73616,-0.6,0.81,0.13,0.14721,0.05647,0.48268,-0.86149,-0.6,0.82,0.16,0.06252,0.04986,0.55371,-0.82886,-0.6,0.82,0.19,0.06252,0.04986,0.55371,-0.82886,-0.63,0.8,0.1,0.32968,-0.07157,-0.18871,-0.92227,-0.62,0.84,0.15,-0.01105,-0.08798,-0.13708,-0.98658,-0.62,0.84,0.18,-0.38308,-0.13576,-0.11946,-0.90584,-0.61,0.82,0.2,-0.51585,-0.12398,-0.10481,-0.84116,-0.6,0.81,0.21,-0.51585,-0.12398,-0.10481,-0.84116,-0.64,0.79,0.11,0.32968,-0.07157,-0.18871,-0.92227,-0.65,0.84,0.15,0.03171,-0.08228,-0.19604,-0.97662,-0.64,0.84,0.19,-0.37231,-0.15643,-0.15765,-0.90115,-0.63,0.82,0.21,-0.51507,-0.16263,-0.18605,-0.82075,-0.62,0.8,0.22,-0.51507,-0.16263,-0.18605,-0.82075,-0.66,0.79,0.11,0.32968,-0.07157,-0.18871,-0.92227,-0.66,0.82,0.15,0.11391,-0.06494,-0.25117,-0.95902,-0.66,0.83,0.19,-0.29965,-0.18001,-0.23839,-0.90608,-0.65,0.82,0.21,-0.46774,-0.24612,-0.21946,-0.82005,-0.63,0.81,0.22,-0.46774,-0.24612,-0.21946,-0.82005,-0.67,0.79,0.11,0.26095,-0.01156,-0.41858,-0.86981,-0.68,0.81,0.15,0.19629,-0.0586,-0.32471,-0.92337,-0.68,0.82,0.18,-0.16716,-0.163,-0.34783,-0.90802,-0.67,0.81,0.2,-0.28885,-0.25904,-0.32486,-0.86252,-0.65,0.81,0.21,-0.28885,-0.25904,-0.32486,-0.86252,-0.48,0.82,0.13,0.40552,0.13785,0.12827,-0.89448,-0.47,0.78,0.08,0.40552,0.13785,0.12827,-0.89448,-0.51,0.79,0.11,0.39266,0.17967,-0.64288,-0.63265,-0.53,0.8,0.13,0.11814,-0.07736,-0.59792,-0.78902,-0.53,0.81,0.16,-0.11276,-0.20399,-0.61984,-0.74932,-0.52,0.81,0.18,-0.11276,-0.20399,-0.61984,-0.74932,-0.5,0.8,0.11,0.40552,0.13785,0.12827,-0.89448,-0.51,0.85,0.14,0.06192,0.15452,0.03557,-0.98541,-0.52,0.85,0.18,-0.37607,0.16082,-0.01024,-0.91247,-0.53,0.83,0.19,-0.51264,0.12974,-0.02777,-0.84829,-0.53,0.82,0.2,-0.51264,0.12974,-0.02777,-0.84829,-0.48,0.8,0.11,0.40552,0.13785,0.12827,-0.89448,-0.49,0.85,0.14,-0.01975,0.16942,0.07766,-0.98228,-0.5,0.85,0.18,-0.50652,0.18711,-0.00387,-0.84167,-0.51,0.82,0.2,-0.72375,0.15371,0.00943,-0.67266,-0.51,0.8,0.19,-0.72375,0.15371,0.00943,-0.67266,-0.46,0.8,0.11,0.40552,0.13785,0.12827,-0.89448,-0.47,0.84,0.15,0.10121,0.13683,0.17167,-0.97034,-0.48,0.85,0.19,-0.48099,0.23137,0.0998,-0.83973,-0.49,0.83,0.2,-0.75205,0.26579,0.04177,-0.60169,-0.5,0.8,0.19,-0.75205,0.26579,0.04177,-0.60169,-0.46,0.79,0.12,0.32964,0.09421,0.36375,-0.86611,-0.45,0.82,0.15,0.31142,0.04292,0.2915,-0.90344,-0.45,0.84,0.18,-0.36329,0.24422,0.27109,-0.85726,-0.46,0.83,0.19,-0.67009,0.37263,0.1611,-0.62143,-0.48,0.81,0.19,-0.67009,0.37263,0.1611,-0.62143,-0.6,0.8,0.21
44,-0.65,0.81,0.13,0.32656,-0.07378,-0.19594,-0.9217,-0.65,0.78,0.07,0.32656,-0.07378,-0.19594,-0.9217,-0.62,0.79,0.11,0.3737,-0.11848,0.54716,-0.73955,-0.6,0.81,0.13,0.12176,0.0667,0.48027,-0.86606,-0.6,0.82,0.16,0.01712,0.07019,0.54657,-0.83429,-0.6,0.82,0.19,0.01712,0.07019,0.54657,-0.83429,-0.63,0.8,0.11,0.32656,-0.07378,-0.19594,-0.9217,-0.62,0.84,0.15,-0.019,-0.09211,-0.14332,-0.9852,-0.62,0.84,0.18,-0.38795,-0.14143,-0.124,-0.90228,-0.61,0.82,0.2,-0.51769,-0.12987,-0.10877,-0.83863,-0.6,0.8,0.21,-0.51769,-0.12987,-0.10877,-0.83863,-0.64,0.79,0.11,0.32656,-0.07378,-0.19594,-0.9217,-0.65,0.83,0.15,0.02681,-0.08612,-0.20242,-0.97514,-0.64,0.84,0.19,-0.37559,-0.16236,-0.16198,-0.89796,-0.63,0.82,0.21,-0.51671,-0.1687,-0.18939,-0.81773,-0.62,0.8,0.22,-0.51671,-0.1687,-0.18939,-0.81773,-0.66,0.79,0.11,0.32656,-0.07378,-0.19594,-0.9217,-0.66,0.82,0.15,0.11106,-0.06751,-0.25791,-0.95739,-0.66,0.83,0.19,-0.30133,-0.18498,-0.24343,-0.90317,-0.65,0.82,0.21,-0.46763,-0.25163,-0.22368,-0.8173,-0.63,0.8,0.22,-0.46763,-0.25163,-0.22368,-0.8173,-0.67,0.78,0.11,0.25647,-0.01327,-0.42498,-0.86801,-0.68,0.8,0.15,0.19377,-0.0593,-0.33173,-0.92135,-0.68,0.82,0.18,-0.16642,-0.16511,-0.35424,-0.90529,-0.67,0.81,0.2,-0.28516,-0.26118,-0.33139,-0.86061,-0.65,0.81,0.21,-0.28516,-0.26118,-0.33139,-0.86061,-0.48,0.82,0.13,0.40252,0.13368,0.12986,-0.89624,-0.47,0.78,0.08,0.40252,0.13368,0.12986,-0.89624,-0.51,0.79,0.11,0.38079,0.18101,-0.64714,-0.63517,-0.53,0.8,0.13,0.1075,-0.07789,-0.60256,-0.78695,-0.53,0.81,0.16,-0.11975,-0.20237,-0.62472,-0.7446,-0.52,0.81,0.19,-0.11975,-0.20237,-0.62472,-0.7446,-0.5,0.8,0.11,0.40252,0.13368,0.12986,-0.89624,-0.51,0.85,0.14,0.05484,0.15198,0.03731,-0.98616,-0.52,0.85,0.18,-0.38737,0.15908,-0.00835,-0.90806,-0.53,0.83,0.19,-0.52594,0.12817,-0.02646,-0.84039,-0.53,0.81,0.2,-0.52594,0.12817,-0.02646,-0.84039,-0.48,0.8,0.11,0.40252,0.13368,0.12986,-0.89624,-0.49,0.85,0.14,-0.02645,0.1665,0.0803,-0.98241,-0.5,0.84,0.18,-0.5213,0.18578,-0.00209,-0.8329,-0.51,0.82,0.2,-0.74314,0.1511,0.01008,-0.65177,-0.51,0.8,0.19,-0.74314,0.1511,0.01008,-0.65177,-0.46,0.8,0.11,0.40252,0.13368,0.12986,-0.89624,-0.47,0.84,0.15,0.09654,0.13336,0.17405,-0.97088,-0.48,0.84,0.19,-0.49069,0.23036,0.10241,-0.83407,-0.49,0.82,0.2,-0.76405,0.2653,0.04288,-0.58652,-0.5,0.8,0.19,-0.76405,0.2653,0.04288,-0.58652,-0.46,0.79,0.12,0.32735,0.08935,0.3653,-0.86684,-0.45,0.82,0.15,0.31035,0.03785,0.29293,-0.90357,-0.45,0.84,0.18,-0.36439,0.24145,0.27534,-0.85622,-0.46,0.83,0.19,-0.67485,0.37272,0.16379,-0.61549,-0.48,0.81,0.19,-0.67485,0.37272,0.16379,-0.61549,-0.6,0.8,0.21
45,-0.64,0.81,0.13,0.31266,-0.0827,-0.20145,-0.92457,-0.65,0.77,0.07,0.31266,-0.0827,-0.20145,-0.92457,-0.62,0.79,0.11,0.36568,-0.1337,0.54539,-0.74226,-0.6,0.8,0.13,0.0669,0.07789,0.48337,-0.86937,-0.6,0.81,0.16,-0.10304,0.1196,0.53293,-0.83131,-0.61,0.81,0.19,-0.10304,0.1196,0.53293,-0.83131,-0.63,0.79,0.11,0.31266,-0.0827,-0.20145,-0.92457,-0.62,0.84,0.15,-0.03279,-0.09883,-0.14754,-0.98356,-0.62,0.83,0.18,-0.39953,-0.14877,-0.12553,-0.89581,-0.61,0.82,0.2,-0.52665,-0.13706,-0.10918,-0.83183,-0.6,0.8,0.21,-0.52665,-0.13706,-0.10918,-0.83183,-0.64,0.79,0.11,0.31266,-0.0827,-0.20145,-0.92457,-0.64,0.83,0.15,0.0124,-0.09453,-0.20515,-0.97408,-0.64,0.83,0.19,-0.38215,-0.16984,-0.16222,-0.89376,-0.63,0.82,0.21,-0.51312,-0.17407,-0.1894,-0.81886,-0.61,0.8,0.22,-0.51312,-0.17407,-0.1894,-0.81886,-0.66,0.79,0.11,0.31266,-0.0827,-0.20145,-0.92457,-0.66,0.82,0.15,0.09871,-0.07479,-0.26123,-0.9573,-0.66,0.83,0.19,-0.3077,-0.19115,-0.24448,-0.89945,-0.64,0.82,0.21,-0.46619,-0.25609,-0.22528,-0.81629,-0.63,0.8,0.22,-0.46619,-0.25609,-0.22528,-0.81629,-0.67,0.78,0.11,0.24034,-0.01872,-0.42879,-0.87064,-0.67,0.8,0.15,0.18429,-0.06388,-0.33566,-0.92157,-0.67,0.81,0.18,-0.17181,-0.16865,-0.35656,-0.90272,-0.67,0.81,0.2,-0.28211,-0.262,-0.33542,-0.8598,-0.65,0.8,0.22,-0.28211,-0.262,-0.33542,-0.8598,-0.48,0.82,0.13,0.39569,0.1352,0.13165,-0.89879,-0.47,0.78,0.08,0.39569,0.1352,0.13165,-0.89879,-0.51,0.79,0.11,0.37053,0.19002,-0.64998,-0.63571,-0.53,0.8,0.13,0.09891,-0.07027,-0.60901,-0.78383,-0.53,0.81,0.16,-0.12525,-0.19459,-0.63287,-0.73887,-0.52,0.81,0.19,-0.12525,-0.19459,-0.63287,-0.73887,-0.5,0.8,0.11,0.39569,0.1352,0.13165,-0.89879,-0.51,0.85,0.14,0.04599,0.15445,0.03793,-0.9862,-0.52,0.85,0.18,-0.42225,0.16103,-0.01371,-0.89196,-0.53,0.83,0.19,-0.57239,0.12863,-0.03576,-0.80904,-0.53,0.81,0.2,-0.57239,0.12863,-0.03576,-0.80904,-0.48,0.8,0.11,0.39569,0.1352,0.13165,-0.89879,-0.49,0.85,0.15,-0.0372,0.16856,0.0808,-0.98167,-0.5,0.84,0.19,-0.55719,0.18745,-0.0088,-0.8089,-0.51,0.82,0.19,-0.78978,0.14581,-0.0007,-0.59581,-0.51,0.8,0.19,-0.78978,0.14581,-0.0007,-0.59581,-0.46,0.8,0.11,0.39569,0.1352,0.13165,-0.89879,-0.47,0.84,0.15,0.08924,0.13436,0.17526,-0.97122,-0.48,0.84,0.19,-0.50814,0.23281,0.10004,-0.82316,-0.49,0.82,0.2,-0.787,0.26562,0.036,-0.55568,-0.5,0.8,0.19,-0.787,0.26562,0.036,-0.55568,-0.46,0.79,0.12,0.32012,0.08908,0.36658,-0.86903,-0.45,0.82,0.15,0.31138,0.03485,0.29388,-0.90303,-0.45,0.84,0.18,-0.36015,0.23906,0.27863,-0.85761,-0.46,0.83,0.19,-0.67853,0.37349,0.16373,-0.61099,-0.48,0.81,0.19,-0.67853,0.37349,0.16373,-0.61099,-0.6,0.8,0.21
46,-0.64,0.81,0.13,0.29943,-0.08696,-0.19896,-0.92908,-0.65,0.78,0.07,0.29943,-0.08696,-0.19896,-0.92908,-0.62,0.79,0.11,0.36188,-0.14946,0.54281,-0.74301,-0.6,0.8,0.13,0.04966,0.06952,0.48689,-0.86927,-0.6,0.81,0.16,-0.14864,0.13008,0.53016,-0.82457,-0.61,0.81,0.19,-0.14864,0.13008,0.53016,-0.82457,-0.63,0.79,0.11,0.29943,-0.08696,-0.19896,-0.92908,-0.62,0.83,0.15,-0.0461,-0.0982,-0.1458,-0.98335,-0.61,0.83,0.19,-0.41052,-0.14701,-0.1244,-0.89128,-0.61,0.81,0.2,-0.53668,-0.13506,-0.108,-0.82587,-0.6,0.8,0.21,-0.53668,-0.13506,-0.108,-0.82587,-0.64,0.79,0.11,0.29943,-0.08696,-0.19896,-0.92908,-0.64,0.83,0.15,0.00057,-0.09541,-0.20201,-0.97472,-0.64,0.83,0.19,-0.38753,-0.16821,-0.16007,-0.89213,-0.62,0.81,0.21,-0.51154,-0.17076,-0.18817,-0.82083,-0.61,0.8,0.22,-0.51154,-0.17076,-0.18817,-0.82083,-0.66,0.79,0.11,0.29943,-0.08696,-0.19896,-0.92908,-0.66,0.82,0.15,0.08969,-0.07531,-0.25802,-0.95901,-0.66,0.83,0.19,-0.31325,-0.18904,-0.24216,-0.89861,-0.64,0.81,0.21,-0.46683,-0.25243,-0.22463,-0.81725,-0.63,0.8,0.22,-0.46683,-0.25243,-0.22463,-0.81725,-0.67,0.78,0.11,0.22692,-0.01943,-0.42538,-0.87589,-0.67,0.8,0.15,0.17648,-0.06424,-0.33215,-0.92434,-0.67,0.81,0.18,-0.17935,-0.16688,-0.35325,-0.90289,-0.66,0.81,0.2,-0.28659,-0.25864,-0.33356,-0.86006,-0.65,0.8,0.22,-0.28659,-0.25864,-0.33356,-0.86006,-0.49,0.82,0.13,0.38152,0.13962,0.14077,-0.90285,-0.47,0.78,0.08,0.38152,0.13962,0.14077,-0.90285,-0.51,0.79,0.11,0.36999,0.20581,-0.63943,-0.64178,-0.53,0.8,0.13,0.09733,-0.04973,-0.60501,-0.78868,-0.53,0.81,0.16,-0.12682,-0.17393,-0.63418,-0.74262,-0.53,0.81,0.19,-0.12682,-0.17393,-0.63418,-0.74262,-0.5,0.8,0.11,0.38152,0.13962,0.14077,-0.90285,-0.51,0.85,0.14,0.04133,0.16183,0.04668,-0.98485,-0.52,0.85,0.18,-0.43532,0.17141,-0.01126,-0.88374,-0.53,0.83,0.19,-0.5935,0.13896,-0.03743,-0.79186,-0.53,0.81,0.2,-0.5935,0.13896,-0.03743,-0.79186,-0.48,0.8,0.11,0.38152,0.13962,0.14077,-0.90285,-0.49,0.84,0.15,-0.03923,0.17466,0.08967,-0.97975,-0.5,0.84,0.19,-0.55118,0.19735,-0.00294,-0.81071,-0.51,0.82,0.2,-0.78239,0.1578,0.00235,-0.60246,-0.52,0.79,0.19,-0.78239,0.1578,0.00235,-0.60246,-0.47,0.8,0.12,0.38152,0.13962,0.14077,-0.90285,-0.47,0.83,0.15,0.08346,0.13766,0.18378,-0.9697,-0.48,0.84,0.19,-0.50853,0.23987,0.10585,-0.82015,-0.49,0.82,0.2,-0.78525,0.2743,0.03899,-0.55373,-0.5,0.8,0.19,-0.78525,0.2743,0.03899,-0.55373,-0.46,0.79,0.12,0.30413,0.09002,0.37418,-0.87143,-0.46,0.82,0.16,0.29862,0.03611,0.30071,-0.90504,-0.45,0.84,0.18,-0.36228,0.24057,0.28515,-0.85415,-0.47,0.83,0.19,-0.67761,0.37725,0.16967,-0.60807,-0.48,0.81,0.19,-0.67761,0.37725,0.16967,-0.60807,-0.6,0.8,0.21
47,-0.64,0.81,0.13,0.29281,-0.08472,-0.1924,-0.93277,-0.65,0.78,0.07,0.29281,-0.08472,-0.1924,-0.93277,-0.62,0.79,0.11,0.35604,-0.16035,0.54562,-0.7415,-0.6,0.8,0.13,0.0411,0.06274,0.49399,-0.86623,-0.6,0.81,0.16,-0.17512,0.13723,0.53315,-0.81625,-0.61,0.8,0.18,-0.17512,0.13723,0.53315,-0.81625,-0.63,0.79,0.1,0.29281,-0.08472,-0.1924,-0.93277,-0.62,0.83,0.15,-0.05412,-0.08809,-0.14392,-0.98417,-0.62,0.83,0.19,-0.40988,-0.13556,-0.12771,-0.89292,-0.61,0.81,0.2,-0.53461,-0.12392,-0.1132,-0.82827,-0.6,0.79,0.21,-0.53461,-0.12392,-0.1132,-0.82827,-0.64,0.79,0.11,0.29281,-0.08472,-0.1924,-0.93277,-0.64,0.83,0.15,-0.00505,-0.08749,-0.19818,-0.97624,-0.64,0.83,0.19,-0.38662,-0.15817,-0.16088,-0.89422,-0.63,0.81,0.21,-0.50456,-0.16002,-0.19098,-0.82664,-0.61,0.79,0.22,-0.50456,-0.16002,-0.19098,-0.82664,-0.66,0.79,0.11,0.29281,-0.08472,-0.1924,-0.93277,-0.66,0.82,0.15,0.08743,-0.06807,-0.25304,-0.96109,-0.66,0.82,0.19,-0.31337,-0.17967,-0.24116,-0.90076,-0.64,0.81,0.21,-0.46362,-0.24228,-0.22616,-0.82171,-0.63,0.8,0.22,-0.46362,-0.24228,-0.22616,-0.82171,-0.67,0.78,0.11,0.22183,-0.01525,-0.41891,-0.88038,-0.67,0.8,0.15,0.17543,-0.05868,-0.32584,-0.92715,-0.67,0.81,0.18,-0.18161,-0.15961,-0.34942,-0.90523,-0.67,0.81,0.2,-0.28805,-0.25055,-0.33122,-0.86287,-0.65,0.8,0.22,-0.28805,-0.25055,-0.33122,-0.86287,-0.49,0.82,0.13,0.356,0.15809,0.15027,-0.90868,-0.47,0.78,0.09,0.356,0.15809,0.15027,-0.90868,-0.51,0.79,0.11,0.40584,0.24307,-0.5985,-0.64654,-0.54,0.8,0.13,0.12879,0.00627,-0.5799,-0.80442,-0.54,0.81,0.16,-0.09392,-0.11433,-0.62637,-0.76536,-0.54,0.81,0.18,-0.09392,-0.11433,-0.62637,-0.76536,-0.5,0.8,0.11,0.356,0.15809,0.15027,-0.90868,-0.52,0.84,0.15,0.08071,0.18285,0.06053,-0.97795,-0.53,0.85,0.18,-0.33953,0.19758,0.00334,-0.9196,-0.54,0.84,0.2,-0.49659,0.16835,-0.0229,-0.8512,-0.54,0.82,0.21,-0.49659,0.16835,-0.0229,-0.8512,-0.49,0.8,0.11,0.356,0.15809,0.15027,-0.90868,-0.49,0.84,0.15,0.0408,0.18274,0.11225,-0.97588,-0.51,0.85,0.19,-0.3385,0.21259,0.0462,-0.91547,-0.52,0.83,0.21,-0.53488,0.2036,0.06132,-0.81774,-0.53,0.81,0.22,-0.53488,0.2036,0.06132,-0.81774,-0.47,0.8,0.12,0.356,0.15809,0.15027,-0.90868,-0.48,0.83,0.16,0.15084,0.13617,0.20173,-0.95813,-0.48,0.85,0.19,-0.32286,0.23408,0.15097,-0.90453,-0.5,0.83,0.21,-0.58023,0.28909,0.09956,-0.75488,-0.51,0.81,0.22,-0.58023,0.28909,0.09956,-0.75488,-0.46,0.79,0.12,0.27416,0.10197,0.38066,-0.87723,-0.46,0.82,0.16,0.30209,0.04255,0.30502,-0.90216,-0.46,0.83,0.19,-0.2914,0.22742,0.29923,-0.87967,-0.47,0.83,0.2,-0.56855,0.35891,0.21109,-0.70949,-0.49,0.81,0.2,-0.56855,0.35891,0.21109,-0.70949,-0.6,0.8,0.21
48,-0.64,0.81,0.13,0.30027,-0.07907,-0.18486,-0.93242,-0.65,0.78,0.07,0.30027,-0.07907,-0.18486,-0.93242,-0.62,0.79,0.11,0.35453,-0.16085,0.55349,-0.73627,-0.6,0.8,0.13,0.04704,0.06237,0.50188,-0.8614,-0.6,0.81,0.16,-0.16684,0.13804,0.54122,-0.81252,-0.61,0.81,0.18,-0.16684,0.13804,0.54122,-0.81252,-0.63,0.8,0.1,0.30027,-0.07907,-0.18486,-0.93242,-0.62,0.83,0.15,-0.05596,-0.07995,-0.13914,-0.98545,-0.62,0.83,0.19,-0.40135,-0.1247,-0.12775,-0.89836,-0.61,0.81,0.2,-0.52074,-0.11229,-0.11597,-0.83831,-0.6,0.8,0.21,-0.52074,-0.11229,-0.11597,-0.83831,-0.64,0.79,0.11,0.30027,-0.07907,-0.18486,-0.93242,-0.65,0.83,0.15,-0.00231,-0.08002,-0.19328,-0.97787,-0.64,0.83,0.19,-0.38344,-0.14921,-0.15949,-0.89737,-0.63,0.81,0.21,-0.50067,-0.15105,-0.19096,-0.83069,-0.62,0.8,0.22,-0.50067,-0.15105,-0.19096,-0.83069,-0.66,0.79,0.11,0.30027,-0.07907,-0.18486,-0.93242,-0.66,0.82,0.15,0.09384,-0.06065,-0.24781,-0.96234,-0.66,0.83,0.19,-0.30853,-0.17124,-0.23929,-0.90456,-0.65,0.81,0.21,-0.45966,-0.23387,-0.22568,-0.82649,-0.63,0.8,0.22,-0.45966,-0.23387,-0.22568,-0.82649,-0.67,0.78,0.11,0.23128,-0.01124,-0.41269,-0.88095,-0.68,0.8,0.15,0.18219,-0.05467,-0.31936,-0.92835,-0.68,0.81,0.18,-0.18056,-0.1559,-0.34442,-0.908,-0.67,0.81,0.2,-0.29,-0.24717,-0.32618,-0.86511,-0.65,0.8,0.22,-0.29,-0.24717,-0.32618,-0.86511,-0.5,0.81,0.14,0.29261,0.23206,0.11493,-0.9205,-0.48,0.78,0.09,0.29261,0.23206,0.11493,-0.9205,-0.52,0.79,0.11,0.44888,0.31825,-0.55249,-0.62608,-0.55,0.79,0.12,0.22401,0.13724,-0.55427,-0.78979,-0.56,0.8,0.15,0.09835,0.08157,-0.63818,-0.75921,-0.57,0.8,0.17,0.09835,0.08157,-0.63818,-0.75921,-0.51,0.79,0.11,0.29261,0.23206,0.11493,-0.9205,-0.53,0.83,0.15,0.06052,0.25243,0.01219,-0.96564,-0.55,0.84,0.18,-0.22823,0.24722,-0.03611,-0.94101,-0.56,0.83,0.2,-0.33588,0.21502,-0.05326,-0.91549,-0.57,0.81,0.22,-0.33588,0.21502,-0.05326,-0.91549,-0.49,0.79,0.12,0.29261,0.23206,0.11493,-0.9205,-0.51,0.83,0.16,0.09046,0.22881,0.08423,-0.96559,-0.53,0.84,0.19,-0.23445,0.2445,0.01678,-0.94073,-0.54,0.83,0.22,-0.35976,0.23588,0.04002,-0.90185,-0.55,0.82,0.23,-0.35976,0.23588,0.04002,-0.90185,-0.48,0.79,0.12,0.29261,0.23206,0.11493,-0.9205,-0.49,0.82,0.16,0.13683,0.18933,0.15932,-0.95919,-0.51,0.84,0.2,-0.28753,0.25536,0.10198,-0.91745,-0.52,0.82,0.22,-0.48485,0.29435,0.06487,-0.82102,-0.53,0.81,0.23,-0.48485,0.29435,0.06487,-0.82102,-0.47,0.79,0.13,0.20223,0.15815,0.33865,-0.90521,-0.48,0.81,0.17,0.22597,0.12561,0.25671,-0.93127,-0.48,0.83,0.19,-0.29342,0.24021,0.23271,-0.89558,-0.49,0.82,0.21,-0.50397,0.3349,0.1746,-0.77677,-0.51,0.8,0.21,-0.50397,0.3349,0.1746,-0.77677,-0.6,0.8,0.21
49,-0.65,0.81,0.13,0.31435,-0.06694,-0.17015,-0.93153,-0.65,0.78,0.07,0.31435,-0.06694,-0.17015,-0.93153,-0.62,0.79,0.11,0.34879,-0.14999,0.57053,-0.72825,-0.6,0.8,0.13,0.05875,0.07156,0.51441,-0.85253,-0.6,0.81,0.16,-0.14777,0.14599,0.55311,-0.8068,-0.61,0.81,0.19,-0.14777,0.14599,0.55311,-0.8068,-0.63,0.8,0.1,0.31435,-0.06694,-0.17015,-0.93153,-0.62,0.84,0.15,-0.04309,-0.06464,-0.12941,-0.98854,-0.62,0.83,0.18,-0.38898,-0.10714,-0.12421,-0.90652,-0.61,0.82,0.2,-0.50863,-0.09436,-0.11527,-0.848,-0.61,0.8,0.21,-0.50863,-0.09436,-0.11527,-0.848,-0.64,0.79,0.1,0.31435,-0.06694,-0.17015,-0.93153,-0.65,0.83,0.15,0.00721,-0.06666,-0.18256,-0.98091,-0.64,0.84,0.19,-0.3787,-0.13337,-0.15441,-0.90275,-0.63,0.82,0.21,-0.50024,-0.13575,-0.18792,-0.83428,-0.62,0.8,0.22,-0.50024,-0.13575,-0.18792,-0.83428,-0.66,0.79,0.11,0.31435,-0.06694,-0.17015,-0.93153,-0.66,0.82,0.15,0.10351,-0.0484,-0.23648,-0.96489,-0.66,0.83,0.19,-0.30446,-0.15687,-0.23337,-0.91008,-0.65,0.82,0.21,-0.46137,-0.21994,-0.22151,-0.83048,-0.64,0.8,0.22,-0.46137,-0.21994,-0.22151,-0.83048,-0.67,0.78,0.11,0.2495,-0.00226,-0.40047,-0.88169,-0.68,0.8,0.15,0.1883,-0.0473,-0.30695,-0.93171,-0.68,0.82,0.18,-0.18226,-0.14736,-0.33517,-0.91254,-0.67,0.81,0.2,-0.30097,-0.24047,-0.31646,-0.86686,-0.66,0.8,0.21,-0.30097,-0.24047,-0.31646,-0.86686,-0.5,0.81,0.14,0.28773,0.22216,0.09071,-0.92716,-0.47,0.78,0.09,0.28773,0.22216,0.09071,-0.92716,-0.52,0.79,0.11,0.43603,0.29329,-0.57166,-0.63013,-0.55,0.79,0.12,0.23632,0.12345,-0.55974,-0.7846,-0.56,0.8,0.15,0.13065,0.0833,-0.6416,-0.75123,-0.57,0.8,0.18,0.13065,0.0833,-0.6416,-0.75123,-0.51,0.79,0.11,0.28773,0.22216,0.09071,-0.92716,-0.53,0.83,0.15,-0.00238,0.24176,-0.0283,-0.96992,-0.55,0.83,0.18,-0.32039,0.22113,-0.07916,-0.91771,-0.56,0.81,0.2,-0.4206,0.18354,-0.09506,-0.88339,-0.56,0.8,0.21,-0.4206,0.18354,-0.09506,-0.88339,-0.49,0.79,0.12,0.28773,0.22216,0.09071,-0.92716,-0.51,0.83,0.16,0.01872,0.21818,0.04709,-0.97459,-0.53,0.83,0.2,-0.39767,0.21864,-0.03696,-0.89033,-0.54,0.81,0.21,-0.55348,0.19138,-0.01737,-0.81039,-0.55,0.79,0.22,-0.55348,0.19138,-0.01737,-0.81039,-0.48,0.79,0.12,0.28773,0.22216,0.09071,-0.92716,-0.49,0.82,0.16,0.0667,0.18683,0.12261,-0.97243,-0.51,0.83,0.2,-0.43738,0.23959,0.05146,-0.86525,-0.52,0.81,0.21,-0.65284,0.26265,0.01376,-0.71037,-0.53,0.79,0.21,-0.65284,0.26265,0.01376,-0.71037,-0.47,0.79,0.13,0.20283,0.14617,0.31608,-0.9152,-0.48,0.81,0.17,0.16581,0.13887,0.22567,-0.94989,-0.48,0.82,0.19,-0.40312,0.24047,0.1891,-0.8625,-0.49,0.81,0.21,-0.63808,0.32742,0.12348,-0.68586,-0.51,0.79,0.21,-0.63808,0.32742,0.12348,-0.68586,-0.6,0.8,0.21
50,-0.64,0.82,0.13,0.32422,-0.06121,-0.15745,-0.93078,-0.65,0.78,0.07,0.32422,-0.06121,-0.15745,-0.93078,-0.62,0.79,0.11,0.34725,-0.14895,0.58252,-0.71965,-0.6,0.8,0.13,0.0768,0.06697,0.52609,-0.84431,-0.6,0.81,0.16,-0.11022,0.13222,0.57037,-0.80315,-0.6,0.81,0.19,-0.11022,0.13222,0.57037,-0.80315,-0.63,0.8,0.1,0.32422,-0.06121,-0.15745,-0.93078,-0.62,0.84,0.15,-0.02675,-0.05727,-0.11815,-0.99098,-0.62,0.84,0.18,-0.37984,-0.09743,-0.1157,-0.9126,-0.61,0.82,0.2,-0.50388,-0.08417,-0.10796,-0.85286,-0.61,0.8,0.21,-0.50388,-0.08417,-0.10796,-0.85286,-0.64,0.79,0.1,0.32422,-0.06121,-0.15745,-0.93078,-0.65,0.84,0.15,0.01472,-0.06019,-0.17126,-0.98327,-0.64,0.84,0.19,-0.38191,-0.12457,-0.14534,-0.90416,-0.63,0.82,0.21,-0.51636,-0.12771,-0.17948,-0.82756,-0.62,0.8,0.22,-0.51636,-0.12771,-0.17948,-0.82756,-0.66,0.79,0.11,0.32422,-0.06121,-0.15745,-0.93078,-0.66,0.82,0.15,0.10209,-0.04434,-0.22506,-0.96797,-0.66,0.83,0.19,-0.31422,-0.15014,-0.22379,-0.9103,-0.65,0.82,0.21,-0.48306,-0.21394,-0.21151,-0.82228,-0.64,0.8,0.22,-0.48306,-0.21394,-0.21151,-0.82228,-0.67,0.79,0.11,0.26204,0.00136,-0.3895,-0.88296,-0.68,0.81,0.15,0.18228,-0.0477,-0.29569,-0.93652,-0.68,0.82,0.18,-0.19611,-0.14533,-0.32403,-0.91402,-0.67,0.81,0.2,-0.32834,-0.24116,-0.30349,-0.86135,-0.66,0.81,0.21,-0.32834,-0.24116,-0.30349,-0.86135,-0.5,0.81,0.14,0.29845,0.21036,0.09697,-0.92589,-0.47,0.78,0.09,0.29845,0.21036,0.09697,-0.92589,-0.52,0.79,0.11,0.42752,0.2586,-0.58546,-0.63843,-0.54,0.79,0.13,0.24338,0.09584,-0.56004,-0.78609,-0.56,0.8,0.16,0.14119,0.06035,-0.63945,-0.75335,-0.56,0.81,0.18,0.14119,0.06035,-0.63945,-0.75335,-0.51,0.79,0.11,0.29845,0.21036,0.09697,-0.92589,-0.53,0.83,0.15,-0.03279,0.23459,-0.03259,-0.97099,-0.55,0.83,0.18,-0.38857,0.20848,-0.09008,-0.89299,-0.55,0.81,0.2,-0.487,0.16901,-0.10699,-0.85019,-0.56,0.79,0.21,-0.487,0.16901,-0.10699,-0.85019,-0.49,0.79,0.12,0.29845,0.21036,0.09697,-0.92589,-0.51,0.83,0.16,-0.02975,0.21337,0.04235,-0.9756,-0.53,0.83,0.2,-0.49801,0.20858,-0.05282,-0.84005,-0.53,0.81,0.21,-0.68717,0.16654,-0.03944,-0.70605,-0.54,0.78,0.21,-0.68717,0.16654,-0.03944,-0.70605,-0.47,0.79,0.12,0.29845,0.21036,0.09697,-0.92589,-0.49,0.82,0.16,0.01919,0.18653,0.11952,-0.97496,-0.5,0.83,0.2,-0.53619,0.23795,0.03488,-0.80911,-0.51,0.8,0.21,-0.77353,0.2493,-0.01286,-0.58253,-0.52,0.78,0.2,-0.77353,0.2493,-0.01286,-0.58253,-0.47,0.79,0.13,0.2148,0.13726,0.3236,-0.91121,-0.47,0.81,0.17,0.14197,0.14059,0.23,-0.95246,-0.48,0.82,0.2,-0.47884,0.25288,0.17816,-0.8216,-0.49,0.81,0.2,-0.73889,0.33873,0.09234,-0.57513,-0.5,0.79,0.2,-0.73889,0.33873,0.09234,-0.57513,-0.6,0.8,0.21
51,-0.64,0.82,0.13,0.33556,-0.06569,-0.13471,-0.93002,-0.65,0.78,0.07,0.33556,-0.06569,-0.13471,-0.93002,-0.62,0.79,0.11,0.35664,-0.14837,0.59672,-0.70336,-0.59,0.8,0.13,0.09815,0.06714,0.54012,-0.83314,-0.59,0.81,0.16,-0.07659,0.1286,0.58703,-0.79561,-0.6,0.81,0.19,-0.07659,0.1286,0.58703,-0.79561,-0.63,0.8,0.1,0.33556,-0.06569,-0.13471,-0.93002,-0.62,0.84,0.15,-0.00999,-0.05904,-0.09166,-0.99399,-0.62,0.84,0.18,-0.37795,-0.0913,-0.08911,-0.91699,-0.61,0.82,0.2,-0.50913,-0.07523,-0.08178,-0.85349,-0.61,0.8,0.21,-0.50913,-0.07523,-0.08178,-0.85349,-0.64,0.79,0.1,0.33556,-0.06569,-0.13471,-0.93002,-0.64,0.84,0.15,0.02449,-0.06095,-0.14688,-0.98697,-0.64,0.84,0.19,-0.38012,-0.11637,-0.12204,-0.90944,-0.63,0.82,0.21,-0.52538,-0.11763,-0.15753,-0.82785,-0.62,0.8,0.22,-0.52538,-0.11763,-0.15753,-0.82785,-0.66,0.79,0.11,0.33556,-0.06569,-0.13471,-0.93002,-0.66,0.83,0.15,0.11034,-0.04646,-0.20208,-0.97202,-0.66,0.84,0.19,-0.31039,-0.14311,-0.20194,-0.91782,-0.65,0.82,0.21,-0.48955,-0.20451,-0.19011,-0.82606,-0.64,0.81,0.22,-0.48955,-0.20451,-0.19011,-0.82606,-0.67,0.79,0.11,0.2753,-0.00501,-0.36884,-0.88777,-0.68,0.81,0.15,0.19022,-0.0516,-0.27385,-0.94136,-0.68,0.82,0.18,-0.19028,-0.14109,-0.30293,-0.9231,-0.67,0.82,0.19,-0.32938,-0.23522,-0.28217,-0.8698,-0.66,0.81,0.21,-0.32938,-0.23522,-0.28217,-0.8698,-0.5,0.81,0.14,0.30468,0.2007,0.1146,-0.92399,-0.47,0.78,0.09,0.30468,0.2007,0.1146,-0.92399,-0.51,0.79,0.11,0.42402,0.24595,-0.58194,-0.6489,-0.54,0.8,0.13,0.23519,0.08183,-0.55307,-0.79505,-0.55,0.81,0.16,0.12855,0.04596,-0.63137,-0.76337,-0.56,0.81,0.18,0.12855,0.04596,-0.63137,-0.76337,-0.5,0.79,0.11,0.30468,0.2007,0.1146,-0.92399,-0.52,0.83,0.15,-0.02514,0.23126,-0.01229,-0.97249,-0.54,0.83,0.19,-0.377,0.2133,-0.06878,-0.89869,-0.55,0.81,0.2,-0.48049,0.1759,-0.08686,-0.85478,-0.55,0.79,0.21,-0.48049,0.1759,-0.08686,-0.85478,-0.49,0.79,0.12,0.30468,0.2007,0.1146,-0.92399,-0.5,0.83,0.16,-0.01171,0.21049,0.06415,-0.97542,-0.52,0.83,0.2,-0.45908,0.21759,-0.02657,-0.86093,-0.53,0.81,0.21,-0.64907,0.18447,-0.01417,-0.73789,-0.54,0.79,0.21,-0.64907,0.18447,-0.01417,-0.73789,-0.47,0.79,0.12,0.30468,0.2007,0.1146,-0.92399,-0.49,0.82,0.16,0.0412,0.18174,0.14153,-0.97224,-0.5,0.83,0.2,-0.49862,0.24622,0.06006,-0.82894,-0.51,0.81,0.21,-0.73953,0.26695,0.00904,-0.61786,-0.52,0.79,0.21,-0.73953,0.26695,0.00904,-0.61786,-0.47,0.79,0.13,0.22039,0.12979,0.34132,-0.90448,-0.47,0.81,0.17,0.15783,0.13397,0.24905,-0.94611,-0.47,0.82,0.2,-0.45117,0.25826,0.19975,-0.83057,-0.49,0.81,0.2,-0.71231,0.35164,0.11083,-0.59723,-0.5,0.79,0.2,-0.71231,0.35164,0.11083,-0.59723,-0.6,0.8,0.21
52,-0.64,0.82,0.13,0.32819,-0.07094,-0.11456,-0.93495,-0.65,0.78,0.07,0.32819,-0.07094,-0.11456,-0.93495,-0.61,0.79,0.11,0.35382,-0.16055,0.60677,-0.69344,-0.59,0.8,0.13,0.09924,0.05854,0.55464,-0.82408,-0.59,0.81,0.16,-0.07534,0.12424,0.60176,-0.78535,-0.6,0.81,0.19,-0.07534,0.12424,0.60176,-0.78535,-0.63,0.8,0.1,0.32819,-0.07094,-0.11456,-0.93495,-0.62,0.84,0.15,-0.01501,-0.06518,-0.06459,-0.99567,-0.61,0.84,0.18,-0.38782,-0.08717,-0.06133,-0.91555,-0.61,0.82,0.2,-0.52349,-0.06745,-0.05408,-0.84764,-0.6,0.8,0.21,-0.52349,-0.06745,-0.05408,-0.84764,-0.64,0.79,0.1,0.32819,-0.07094,-0.11456,-0.93495,-0.64,0.84,0.15,0.01382,-0.06336,-0.12315,-0.99027,-0.64,0.84,0.19,-0.3902,-0.10865,-0.09956,-0.90886,-0.63,0.82,0.21,-0.53915,-0.10628,-0.13651,-0.82425,-0.62,0.8,0.22,-0.53915,-0.10628,-0.13651,-0.82425,-0.66,0.79,0.11,0.32819,-0.07094,-0.11456,-0.93495,-0.66,0.83,0.15,0.10505,-0.04696,-0.18077,-0.97677,-0.66,0.83,0.19,-0.31659,-0.13423,-0.18279,-0.92106,-0.65,0.82,0.21,-0.5012,-0.19258,-0.17278,-0.82575,-0.64,0.8,0.22,-0.5012,-0.19258,-0.17278,-0.82575,-0.67,0.79,0.11,0.26981,-0.0075,-0.34923,-0.89732,-0.67,0.81,0.15,0.186,-0.04923,-0.25457,-0.94772,-0.67,0.82,0.18,-0.19604,-0.1312,-0.28636,-0.92863,-0.67,0.82,0.2,-0.3378,-0.22323,-0.2676,-0.87433,-0.65,0.81,0.21,-0.3378,-0.22323,-0.2676,-0.87433,-0.5,0.81,0.14,0.30528,0.19951,0.1228,-0.923,-0.47,0.78,0.09,0.30528,0.19951,0.1228,-0.923,-0.51,0.79,0.11,0.4222,0.24468,-0.57977,-0.65249,-0.54,0.8,0.13,0.23218,0.0807,-0.55049,-0.79783,-0.55,0.81,0.16,0.12329,0.04385,-0.62871,-0.76655,-0.56,0.81,0.18,0.12329,0.04385,-0.62871,-0.76655,-0.5,0.79,0.11,0.30528,0.19951,0.1228,-0.923,-0.52,0.83,0.15,-0.02256,0.23176,-0.00281,-0.97251,-0.54,0.83,0.19,-0.36698,0.21772,-0.05826,-0.90251,-0.55,0.82,0.2,-0.47263,0.18148,-0.07693,-0.85893,-0.55,0.8,0.21,-0.47263,0.18148,-0.07693,-0.85893,-0.49,0.79,0.12,0.30528,0.19951,0.1228,-0.923,-0.5,0.83,0.16,-0.00351,0.21213,0.07348,-0.97447,-0.52,0.84,0.2,-0.40534,0.22416,-0.00737,-0.88623,-0.53,0.82,0.21,-0.58687,0.19975,0.00663,-0.78463,-0.54,0.79,0.22,-0.58687,0.19975,0.00663,-0.78463,-0.47,0.79,0.12,0.30528,0.19951,0.1228,-0.923,-0.48,0.83,0.16,0.05318,0.18304,0.1508,-0.97001,-0.5,0.83,0.2,-0.4543,0.25044,0.0759,-0.85154,-0.51,0.81,0.21,-0.69425,0.27797,0.02524,-0.66341,-0.52,0.79,0.21,-0.69425,0.27797,0.02524,-0.66341,-0.47,0.79,0.13,0.22008,0.12905,0.34915,-0.90167,-0.47,0.81,0.17,0.16303,0.13733,0.25607,-0.94286,-0.47,0.82,0.2,-0.43032,0.26229,0.20719,-0.83851,-0.49,0.81,0.21,-0.68957,0.35762,0.11839,-0.61853,-0.5,0.79,0.2,-0.68957,0.35762,0.11839,-0.61853,-0.6,0.8,0.21
53,-0.64,0.81,0.13,0.29436,-0.07047,-0.12169,-0.94529,-0.65,0.78,0.07,0.29436,-0.07047,-0.12169,-0.94529,-0.61,0.79,0.11,0.34179,-0.18964,0.58877,-0.7075,-0.59,0.8,0.13,0.07402,0.03067,0.54748,-0.83297,-0.59,0.8,0.16,-0.11142,0.10285,0.59655,-0.78812,-0.6,0.8,0.19,-0.11142,0.10285,0.59655,-0.78812,-0.63,0.79,0.11,0.29436,-0.07047,-0.12169,-0.94529,-0.62,0.83,0.15,-0.03676,-0.07423,-0.06649,-0.99434,-0.61,0.83,0.19,-0.39257,-0.09469,-0.06136,-0.91278,-0.61,0.81,0.2,-0.52639,-0.07475,-0.05298,-0.84529,-0.6,0.79,0.22,-0.52639,-0.07475,-0.05298,-0.84529,-0.64,0.79,0.11,0.29436,-0.07047,-0.12169,-0.94529,-0.64,0.83,0.15,-0.02531,-0.06749,-0.12634,-0.98936,-0.63,0.83,0.19,-0.41228,-0.11172,-0.10246,-0.89836,-0.63,0.81,0.21,-0.55811,-0.10827,-0.13842,-0.81094,-0.62,0.79,0.22,-0.55811,-0.10827,-0.13842,-0.81094,-0.66,0.79,0.11,0.29436,-0.07047,-0.12169,-0.94529,-0.66,0.82,0.15,0.07897,-0.04336,-0.18648,-0.97832,-0.66,0.83,0.19,-0.33482,-0.13117,-0.19056,-0.91344,-0.65,0.81,0.21,-0.51691,-0.19071,-0.18147,-0.81456,-0.63,0.79,0.22,-0.51691,-0.19071,-0.18147,-0.81456,-0.67,0.79,0.11,0.23597,0.00128,-0.35354,-0.90517,-0.67,0.81,0.15,0.16824,-0.03453,-0.26162,-0.94977,-0.67,0.82,0.18,-0.20987,-0.11824,-0.29833,-0.92356,-0.67,0.81,0.2,-0.34958,-0.21218,-0.28236,-0.86778,-0.66,0.8,0.21,-0.34958,-0.21218,-0.28236,-0.86778,-0.49,0.82,0.14,0.31135,0.19458,0.13361,-0.92052,-0.47,0.78,0.09,0.31135,0.19458,0.13361,-0.92052,-0.51,0.79,0.11,0.42179,0.2366,-0.57766,-0.65759,-0.54,0.8,0.13,0.2303,0.07281,-0.54597,-0.80223,-0.55,0.81,0.16,0.12232,0.03829,-0.62372,-0.77107,-0.56,0.81,0.18,0.12232,0.03829,-0.62372,-0.77107,-0.5,0.8,0.11,0.31135,0.19458,0.13361,-0.92052,-0.52,0.84,0.15,-0.00204,0.22452,0.01729,-0.97431,-0.54,0.84,0.18,-0.34917,0.21846,-0.03715,-0.91048,-0.55,0.82,0.2,-0.46353,0.18442,-0.05718,-0.86479,-0.55,0.8,0.21,-0.46353,0.18442,-0.05718,-0.86479,-0.49,0.79,0.12,0.31135,0.19458,0.13361,-0.92052,-0.5,0.84,0.16,0.00426,0.21057,0.08589,-0.97379,-0.52,0.84,0.2,-0.38527,0.22785,0.00778,-0.8942,-0.53,0.82,0.21,-0.5541,0.20827,0.0234,-0.80564,-0.54,0.8,0.22,-0.5541,0.20827,0.0234,-0.80564,-0.47,0.79,0.12,0.31135,0.19458,0.13361,-0.92052,-0.48,0.83,0.16,0.06159,0.18241,0.16233,-0.96777,-0.5,0.83,0.2,-0.42241,0.25396,0.09227,-0.86519,-0.51,0.82,0.21,-0.65296,0.28748,0.04388,-0.69933,-0.52,0.79,0.21,-0.65296,0.28748,0.04388,-0.69933,-0.46,0.79,0.13,0.22551,0.12608,0.36005,-0.89645,-0.47,0.81,0.17,0.17097,0.13757,0.26665,-0.93848,-0.47,0.82,0.19,-0.40305,0.26505,0.22028,-0.84781,-0.48,0.81,0.21,-0.65458,0.36334,0.13458,-0.64915,-0.5,0.8,0.2,-0.65458,0.36334,0.13458,-0.64915,-0.6,0.8,0.21
54,-0.64,0.82,0.13,0.28919,-0.05911,-0.14516,-0.94435,-0.65,0.78,0.07,0.28919,-0.05911,-0.14516,-0.94435,-0.61,0.79,0.11,0.3452,-0.19516,0.56471,-0.72378,-0.59,0.8,0.13,0.05431,0.0272,0.52629,-0.84814,-0.59,0.81,0.16,-0.14815,0.10498,0.57347,-0.79885,-0.6,0.81,0.18,-0.14815,0.10498,0.57347,-0.79885,-0.63,0.8,0.1,0.28919,-0.05911,-0.14516,-0.94435,-0.62,0.84,0.15,0.00388,-0.06867,-0.09601,-0.993,-0.62,0.84,0.19,-0.29186,-0.09485,-0.09738,-0.94675,-0.61,0.82,0.21,-0.41525,-0.07919,-0.09343,-0.90142,-0.61,0.81,0.22,-0.41525,-0.07919,-0.09343,-0.90142,-0.64,0.8,0.1,0.28919,-0.05911,-0.14516,-0.94435,-0.64,0.83,0.15,-0.0185,-0.06211,-0.15278,-0.98613,-0.64,0.83,0.2,-0.36432,-0.11141,-0.13384,-0.91485,-0.63,0.82,0.21,-0.49902,-0.11397,-0.17061,-0.84195,-0.62,0.8,0.23,-0.49902,-0.11397,-0.17061,-0.84195,-0.66,0.79,0.11,0.28919,-0.05911,-0.14516,-0.94435,-0.66,0.82,0.15,0.10149,-0.02985,-0.21283,-0.97135,-0.66,0.83,0.19,-0.28378,-0.12446,-0.22268,-0.92433,-0.65,0.82,0.21,-0.46015,-0.19032,-0.21413,-0.84035,-0.64,0.8,0.23,-0.46015,-0.19032,-0.21413,-0.84035,-0.67,0.79,0.11,0.23004,0.01278,-0.37554,-0.89771,-0.68,0.81,0.15,0.18917,-0.01651,-0.28473,-0.93961,-0.68,0.82,0.18,-0.16548,-0.10488,-0.32775,-0.92423,-0.67,0.81,0.2,-0.29551,-0.20097,-0.31311,-0.87991,-0.66,0.81,0.22,-0.29551,-0.20097,-0.31311,-0.87991,-0.49,0.82,0.14,0.31545,0.19006,0.13403,-0.92001,-0.47,0.78,0.09,0.31545,0.19006,0.13403,-0.92001,-0.51,0.79,0.11,0.41737,0.23218,-0.58283,-0.65743,-0.54,0.8,0.13,0.22401,0.0649,-0.55033,-0.80172,-0.55,0.81,0.16,0.11845,0.03301,-0.62697,-0.76928,-0.56,0.81,0.18,0.11845,0.03301,-0.62697,-0.76928,-0.5,0.8,0.11,0.31545,0.19006,0.13403,-0.92001,-0.52,0.84,0.15,0.02059,0.21504,0.02749,-0.976,-0.54,0.84,0.18,-0.33791,0.21349,-0.02654,-0.91626,-0.55,0.82,0.2,-0.45968,0.18061,-0.04714,-0.86825,-0.55,0.81,0.21,-0.45968,0.18061,-0.04714,-0.86825,-0.49,0.79,0.12,0.31545,0.19006,0.13403,-0.92001,-0.5,0.84,0.16,0.01094,0.20494,0.08925,-0.97464,-0.52,0.84,0.2,-0.38108,0.22412,0.0127,-0.89688,-0.53,0.82,0.21,-0.54736,0.20586,0.02947,-0.81065,-0.54,0.8,0.22,-0.54736,0.20586,0.02947,-0.81065,-0.47,0.79,0.12,0.31545,0.19006,0.13403,-0.92001,-0.48,0.83,0.16,0.06569,0.17817,0.16416,-0.96798,-0.49,0.83,0.2,-0.41192,0.25064,0.09769,-0.87061,-0.51,0.82,0.21,-0.63802,0.28618,0.05177,-0.71299,-0.52,0.8,0.21,-0.63802,0.28618,0.05177,-0.71299,-0.46,0.79,0.13,0.23036,0.12263,0.36101,-0.8953,-0.47,0.81,0.17,0.17606,0.13444,0.26771,-0.93769,-0.47,0.83,0.19,-0.38875,0.26124,0.22537,-0.85431,-0.48,0.81,0.21,-0.6335,0.36015,0.14464,-0.66937,-0.5,0.8,0.2,-0.6335,0.36015,0.14464,-0.66937,-0.6,0.8,0.21
55,-0.64,0.82,0.13,0.28147,-0.05401,-0.14014,-0.94774,-0.65,0.78,0.07,0.28147,-0.05401,-0.14014,-0.94774,-0.61,0.8,0.11,0.34884,-0.22581,0.5551,-0.72054,-0.59,0.8,0.13,0.05248,-0.00279,0.52919,-0.84687,-0.59,0.81,0.16,-0.1326,0.06505,0.58498,-0.79749,-0.59,0.81,0.18,-0.1326,0.06505,0.58498,-0.79749,-0.63,0.8,0.1,0.28147,-0.05401,-0.14014,-0.94774,-0.62,0.84,0.15,0.02531,-0.05783,-0.0962,-0.99336,-0.62,0.84,0.19,-0.2413,-0.08191,-0.10343,-0.96144,-0.61,0.83,0.21,-0.35749,-0.06652,-0.10343,-0.92578,-0.61,0.81,0.23,-0.35749,-0.06652,-0.10343,-0.92578,-0.64,0.8,0.1,0.28147,-0.05401,-0.14014,-0.94774,-0.64,0.83,0.15,0.03881,-0.03992,-0.15575,-0.98623,-0.64,0.84,0.2,-0.26678,-0.08566,-0.14846,-0.94839,-0.63,0.83,0.22,-0.3806,-0.0922,-0.19036,-0.90022,-0.63,0.81,0.24,-0.3806,-0.0922,-0.19036,-0.90022,-0.66,0.79,0.11,0.28147,-0.05401,-0.14014,-0.94774,-0.66,0.82,0.15,0.12403,-0.01599,-0.20962,-0.96975,-0.66,0.83,0.19,-0.21849,-0.10113,-0.22877,-0.94324,-0.65,0.82,0.21,-0.37956,-0.16583,-0.22543,-0.88183,-0.64,0.81,0.23,-0.37956,-0.16583,-0.22543,-0.88183,-0.67,0.79,0.11,0.22427,0.01988,-0.37039,-0.90118,-0.68,0.81,0.15,0.18752,-0.01206,-0.27873,-0.94181,-0.68,0.82,0.18,-0.13449,-0.08724,-0.32563,-0.93181,-0.67,0.81,0.2,-0.24686,-0.17708,-0.31534,-0.89904,-0.66,0.81,0.22,-0.24686,-0.17708,-0.31534,-0.89904,-0.49,0.81,0.14,0.30894,0.1918,0.13085,-0.9223,-0.47,0.78,0.09,0.30894,0.1918,0.13085,-0.9223,-0.51,0.79,0.11,0.41014,0.24043,-0.58674,-0.65553,-0.54,0.8,0.13,0.21492,0.06962,-0.55718,-0.79907,-0.55,0.81,0.16,0.11117,0.03875,-0.6336,-0.76465,-0.56,0.81,0.18,0.11117,0.03875,-0.6336,-0.76465,-0.5,0.8,0.11,0.30894,0.1918,0.13085,-0.9223,-0.52,0.84,0.15,0.01979,0.21469,0.02623,-0.97613,-0.54,0.84,0.19,-0.34044,0.21264,-0.028,-0.91548,-0.55,0.82,0.2,-0.46223,0.17953,-0.04859,-0.86704,-0.55,0.8,0.21,-0.46223,0.17953,-0.04859,-0.86704,-0.49,0.79,0.12,0.30894,0.1918,0.13085,-0.9223,-0.5,0.84,0.16,0.01331,0.20334,0.08847,-0.97501,-0.52,0.84,0.2,-0.37712,0.22235,0.01309,-0.89898,-0.53,0.82,0.21,-0.53881,0.20458,0.031,-0.81662,-0.54,0.8,0.22,-0.53881,0.20458,0.031,-0.81662,-0.47,0.79,0.12,0.30894,0.1918,0.13085,-0.9223,-0.48,0.83,0.16,0.06583,0.17667,0.16214,-0.96859,-0.5,0.83,0.2,-0.40656,0.24782,0.09809,-0.87388,-0.51,0.82,0.21,-0.62782,0.28373,0.05466,-0.72274,-0.52,0.79,0.22,-0.62782,0.28373,0.05466,-0.72274,-0.46,0.79,0.13,0.22411,0.12259,0.35747,-0.89831,-0.47,0.81,0.17,0.17248,0.13291,0.26456,-0.93947,-0.47,0.82,0.19,-0.38633,0.25642,0.22527,-0.85689,-0.48,0.81,0.21,-0.62527,0.35452,0.14916,-0.67905,-0.5,0.8,0.21,-0.62527,0.35452,0.14916,-0.67905,-0.6,0.8,0.21
56,-0.64,0.81,0.13,0.2401,-0.04581,-0.12282,-0.96186,-0.65,0.78,0.07,0.2401,-0.04581,-0.12282,-0.96186,-0.61,0.79,0.11,0.32792,-0.26668,0.54335,-0.72534,-0.59,0.8,0.13,0.03401,-0.04709,0.53326,-0.84395,-0.59,0.8,0.16,-0.11798,-0.00107,0.59915,-0.7919,-0.59,0.79,0.18,-0.11798,-0.00107,0.59915,-0.7919,-0.63,0.8,0.11,0.2401,-0.04581,-0.12282,-0.96186,-0.62,0.83,0.16,0.00252,-0.03511,-0.08626,-0.99565,-0.62,0.83,0.2,-0.27475,-0.05798,-0.09924,-0.95462,-0.61,0.81,0.22,-0.39887,-0.043,-0.10056,-0.91046,-0.61,0.8,0.23,-0.39887,-0.043,-0.10056,-0.91046,-0.64,0.79,0.11,0.2401,-0.04581,-0.12282,-0.96186,-0.64,0.83,0.16,0.0066,-0.01842,-0.14213,-0.98965,-0.64,0.83,0.2,-0.28293,-0.05832,-0.14306,-0.94662,-0.64,0.81,0.22,-0.37941,-0.06099,-0.18778,-0.90392,-0.63,0.8,0.24,-0.37941,-0.06099,-0.18778,-0.90392,-0.66,0.79,0.11,0.2401,-0.04581,-0.12282,-0.96186,-0.66,0.82,0.16,0.09389,0.0005,-0.19152,-0.97699,-0.66,0.82,0.2,-0.22339,-0.07253,-0.21953,-0.94691,-0.66,0.81,0.22,-0.36396,-0.13157,-0.22323,-0.89464,-0.65,0.8,0.24,-0.36396,-0.13157,-0.22323,-0.89464,-0.67,0.79,0.11,0.1881,0.03868,-0.35089,-0.91652,-0.68,0.8,0.15,0.15853,0.00334,-0.25905,-0.95276,-0.68,0.81,0.18,-0.15037,-0.05981,-0.3122,-0.93613,-0.68,0.8,0.2,-0.24753,-0.143,-0.30851,-0.90725,-0.67,0.8,0.22,-0.24753,-0.143,-0.30851,-0.90725,-0.49,0.81,0.14,0.30183,0.19889,0.13719,-0.92224,-0.47,0.78,0.09,0.30183,0.19889,0.13719,-0.92224,-0.51,0.79,0.11,0.40568,0.24855,-0.58562,-0.65628,-0.54,0.8,0.13,0.20416,0.07327,-0.55943,-0.79999,-0.55,0.8,0.16,0.09727,0.04034,-0.6356,-0.7648,-0.56,0.81,0.18,0.09727,0.04034,-0.6356,-0.7648,-0.5,0.79,0.11,0.30183,0.19889,0.13719,-0.92224,-0.52,0.83,0.15,-0.01952,0.22311,0.02255,-0.97434,-0.54,0.83,0.18,-0.40241,0.21707,-0.04074,-0.88842,-0.55,0.82,0.2,-0.52385,0.18155,-0.0647,-0.82972,-0.55,0.8,0.21,-0.52385,0.18155,-0.0647,-0.82972,-0.49,0.79,0.12,0.30183,0.19889,0.13719,-0.92224,-0.5,0.83,0.16,0.00674,0.21072,0.09309,-0.97308,-0.52,0.84,0.2,-0.38646,0.23093,0.01337,-0.89283,-0.53,0.82,0.21,-0.54533,0.21252,0.02984,-0.81028,-0.54,0.8,0.22,-0.54533,0.21252,0.02984,-0.81028,-0.47,0.79,0.12,0.30183,0.19889,0.13719,-0.92224,-0.48,0.82,0.16,0.06028,0.1843,0.16656,-0.96678,-0.5,0.83,0.2,-0.4111,0.25639,0.09829,-0.86925,-0.51,0.81,0.21,-0.62942,0.2918,0.05313,-0.71823,-0.52,0.79,0.22,-0.62942,0.2918,0.05313,-0.71823,-0.46,0.79,0.13,0.21486,0.1281,0.36246,-0.8978,-0.47,0.81,0.17,0.1619,0.13954,0.26923,-0.93906,-0.47,0.82,0.19,-0.39547,0.26365,0.22534,-0.85048,-0.49,0.81,0.21,-0.63178,0.36109,0.14745,-0.66987,-0.5,0.79,0.21,-0.63178,0.36109,0.14745,-0.66987,-0.6,0.8,0.21
57,-0.64,0.81,0.13,0.2184,-0.04872,-0.12692,-0.96634,-0.65,0.78,0.07,0.2184,-0.04872,-0.12692,-0.96634,-0.61,0.79,0.11,0.32031,-0.28394,0.53015,-0.73193,-0.59,0.8,0.13,0.02775,-0.07026,0.52641,-0.84687,-0.58,0.8,0.16,-0.11934,-0.02793,0.59607,-0.79353,-0.59,0.79,0.18,-0.11934,-0.02793,0.59607,-0.79353,-0.63,0.79,0.11,0.2184,-0.04872,-0.12692,-0.96634,-0.62,0.82,0.16,-0.01006,-0.02818,-0.09375,-0.99515,-0.62,0.82,0.2,-0.31798,-0.05666,-0.10646,-0.9404,-0.61,0.81,0.22,-0.45993,-0.04483,-0.10521,-0.88056,-0.61,0.79,0.23,-0.45993,-0.04483,-0.10521,-0.88056,-0.64,0.79,0.11,0.2184,-0.04872,-0.12692,-0.96634,-0.64,0.82,0.16,-0.02046,-0.01942,-0.14525,-0.98899,-0.64,0.82,0.2,-0.31028,-0.06009,-0.14562,-0.9375,-0.64,0.8,0.23,-0.40524,-0.06143,-0.18975,-0.89219,-0.63,0.79,0.24,-0.40524,-0.06143,-0.18975,-0.89219,-0.66,0.79,0.11,0.2184,-0.04872,-0.12692,-0.96634,-0.66,0.81,0.16,0.07232,-0.00111,-0.19371,-0.97839,-0.66,0.82,0.2,-0.2387,-0.07263,-0.22162,-0.94267,-0.66,0.81,0.22,-0.37331,-0.13059,-0.22604,-0.89022,-0.65,0.79,0.24,-0.37331,-0.13059,-0.22604,-0.89022,-0.67,0.78,0.11,0.16582,0.04091,-0.35269,-0.92002,-0.68,0.8,0.15,0.14633,0.00556,-0.26088,-0.9542,-0.68,0.8,0.18,-0.15857,-0.05621,-0.31443,-0.93425,-0.67,0.8,0.2,-0.2503,-0.13797,-0.31209,-0.90604,-0.67,0.79,0.22,-0.2503,-0.13797,-0.31209,-0.90604,-0.49,0.82,0.13,0.32661,0.19667,0.1745,-0.90785,-0.47,0.78,0.09,0.32661,0.19667,0.1745,-0.90785,-0.51,0.79,0.11,0.41675,0.21705,-0.5752,-0.6696,-0.54,0.8,0.13,0.19028,0.03106,-0.54155,-0.81826,-0.54,0.81,0.16,0.04625,-0.02304,-0.61112,-0.78985,-0.55,0.81,0.18,0.04625,-0.02304,-0.61112,-0.78985,-0.5,0.8,0.11,0.32661,0.19667,0.1745,-0.90785,-0.52,0.84,0.15,-0.03024,0.228,0.05413,-0.97169,-0.53,0.84,0.18,-0.4985,0.23106,-0.0374,-0.83469,-0.54,0.82,0.19,-0.63618,0.19365,-0.07333,-0.74323,-0.55,0.8,0.19,-0.63618,0.19365,-0.07333,-0.74323,-0.48,0.8,0.11,0.32661,0.19667,0.1745,-0.90785,-0.5,0.84,0.15,0.0068,0.22279,0.12436,-0.96688,-0.51,0.84,0.19,-0.44487,0.25643,0.01942,-0.85788,-0.53,0.82,0.21,-0.61442,0.23427,0.02648,-0.75293,-0.54,0.8,0.21,-0.61442,0.23427,0.02648,-0.75293,-0.47,0.79,0.12,0.32661,0.19667,0.1745,-0.90785,-0.48,0.83,0.16,0.05219,0.20131,0.19604,-0.95829,-0.49,0.84,0.2,-0.44298,0.28828,0.10699,-0.84215,-0.51,0.82,0.21,-0.66055,0.32352,0.05063,-0.67561,-0.52,0.8,0.21,-0.66055,0.32352,0.05063,-0.67561,-0.46,0.79,0.13,0.23434,0.13379,0.39912,-0.87629,-0.46,0.81,0.16,0.14691,0.16023,0.30206,-0.92817,-0.47,0.82,0.19,-0.41257,0.30004,0.2376,-0.82663,-0.48,0.81,0.2,-0.64516,0.39932,0.14545,-0.63495,-0.5,0.8,0.2,-0.64516,0.39932,0.14545,-0.63495,-0.6,0.8,0.21
58,-0.64,0.81,0.13,0.23481,-0.06068,-0.14986,-0.9585,-0.65,0.78,0.07,0.23481,-0.06068,-0.14986,-0.9585,-0.61,0.79,0.1,0.34869,-0.27827,0.5133,-0.73315,-0.59,0.8,0.12,0.0529,-0.07294,0.50772,-0.8568,-0.58,0.8,0.16,-0.10523,-0.02445,0.57953,-0.80776,-0.58,0.8,0.18,-0.10523,-0.02445,0.57953,-0.80776,-0.63,0.8,0.11,0.23481,-0.06068,-0.14986,-0.9585,-0.62,0.83,0.16,0.00924,-0.03763,-0.11748,-0.99232,-0.62,0.83,0.19,-0.32514,-0.07698,-0.12385,-0.93436,-0.61,0.81,0.21,-0.48167,-0.06976,-0.11756,-0.86563,-0.61,0.8,0.23,-0.48167,-0.06976,-0.11756,-0.86563,-0.64,0.79,0.11,0.23481,-0.06068,-0.14986,-0.9585,-0.64,0.83,0.16,-0.01081,-0.03677,-0.16601,-0.98538,-0.64,0.83,0.2,-0.31006,-0.08457,-0.15946,-0.93342,-0.63,0.81,0.22,-0.41006,-0.0879,-0.20082,-0.88532,-0.62,0.79,0.24,-0.41006,-0.0879,-0.20082,-0.88532,-0.66,0.79,0.11,0.23481,-0.06068,-0.14986,-0.9585,-0.66,0.81,0.16,0.0854,-0.01953,-0.21501,-0.97267,-0.66,0.82,0.2,-0.22944,-0.09836,-0.23533,-0.93931,-0.65,0.81,0.22,-0.36657,-0.1588,-0.23504,-0.8861,-0.64,0.8,0.24,-0.36657,-0.1588,-0.23504,-0.8861,-0.67,0.78,0.11,0.17616,0.02442,-0.37536,-0.90966,-0.67,0.8,0.15,0.16265,-0.01271,-0.28264,-0.94525,-0.68,0.81,0.18,-0.13736,-0.07984,-0.32963,-0.93065,-0.67,0.8,0.2,-0.22743,-0.16275,-0.32348,-0.90396,-0.66,0.8,0.22,-0.22743,-0.16275,-0.32348,-0.90396,-0.49,0.82,0.13,0.36454,0.18474,0.19351,-0.89193,-0.47,0.78,0.09,0.36454,0.18474,0.19351,-0.89193,-0.51,0.79,0.11,0.43671,0.18292,-0.56821,-0.67302,-0.53,0.81,0.13,0.16972,-0.02396,-0.52543,-0.8334,-0.54,0.82,0.16,-0.05345,-0.12627,-0.57209,-0.80865,-0.53,0.82,0.18,-0.05345,-0.12627,-0.57209,-0.80865,-0.5,0.8,0.11,0.36454,0.18474,0.19351,-0.89193,-0.51,0.84,0.14,0.02526,0.20261,0.09777,-0.97404,-0.53,0.85,0.18,-0.51682,0.23152,-0.00568,-0.82418,-0.53,0.83,0.19,-0.70383,0.19683,-0.05817,-0.68007,-0.54,0.81,0.19,-0.70383,0.19683,-0.05817,-0.68007,-0.48,0.8,0.11,0.36454,0.18474,0.19351,-0.89193,-0.49,0.84,0.15,0.04413,0.21415,0.15036,-0.96415,-0.51,0.85,0.19,-0.41088,0.26132,0.04622,-0.87221,-0.52,0.83,0.2,-0.59006,0.24631,0.05111,-0.76717,-0.53,0.81,0.21,-0.59006,0.24631,0.05111,-0.76717,-0.47,0.79,0.12,0.36454,0.18474,0.19351,-0.89193,-0.47,0.83,0.16,0.08784,0.19845,0.21829,-0.95145,-0.49,0.84,0.19,-0.40538,0.29799,0.12779,-0.85472,-0.5,0.83,0.2,-0.62785,0.33964,0.06688,-0.69712,-0.52,0.81,0.21,-0.62785,0.33964,0.06688,-0.69712,-0.46,0.79,0.12,0.27115,0.13267,0.41976,-0.85597,-0.46,0.82,0.16,0.16468,0.17164,0.31886,-0.91747,-0.47,0.83,0.19,-0.37481,0.31544,0.25056,-0.83501,-0.48,0.82,0.2,-0.60104,0.41643,0.15697,-0.66385,-0.5,0.8,0.2,-0.60104,0.41643,0.15697,-0.66385,-0.6,0.8,0.21
59,-0.64,0.81,0.13,0.26779,-0.07564,-0.14978,-0.94875,-0.65,0.78,0.07,0.26779,-0.07564,-0.14978,-0.94875,-0.61,0.8,0.1,0.37931,-0.26618,0.52028,-0.71734,-0.59,0.81,0.12,0.08398,-0.05955,0.51055,-0.85366,-0.58,0.81,0.15,-0.08892,0.00156,0.58025,-0.80957,-0.58,0.81,0.18,-0.08892,0.00156,0.58025,-0.80957,-0.63,0.8,0.1,0.26779,-0.07564,-0.14978,-0.94875,-0.62,0.83,0.15,0.04052,-0.0478,-0.1178,-0.99106,-0.62,0.84,0.19,-0.30757,-0.08903,-0.11949,-0.93979,-0.61,0.82,0.21,-0.46989,-0.08169,-0.11122,-0.87187,-0.6,0.81,0.22,-0.46989,-0.08169,-0.11122,-0.87187,-0.64,0.8,0.1,0.26779,-0.07564,-0.14978,-0.94875,-0.64,0.83,0.15,0.02668,-0.05154,-0.16476,-0.98463,-0.64,0.84,0.2,-0.29776,-0.10252,-0.15135,-0.93698,-0.63,0.82,0.22,-0.40853,-0.10712,-0.1908,-0.88613,-0.62,0.8,0.24,-0.40853,-0.10712,-0.1908,-0.88613,-0.66,0.79,0.11,0.26779,-0.07564,-0.14978,-0.94875,-0.66,0.82,0.16,0.11909,-0.03916,-0.2141,-0.96873,-0.66,0.83,0.19,-0.21138,-0.12132,-0.22627,-0.94308,-0.65,0.82,0.22,-0.35503,-0.1815,-0.2214,-0.88994,-0.64,0.81,0.23,-0.35503,-0.1815,-0.2214,-0.88994,-0.67,0.79,0.11,0.20518,0.00175,-0.37762,-0.90294,-0.67,0.81,0.15,0.19098,-0.04045,-0.28191,-0.93937,-0.67,0.82,0.18,-0.10581,-0.10644,-0.32138,-0.93498,-0.67,0.81,0.2,-0.1967,-0.18827,-0.31074,-0.91066,-0.66,0.81,0.22,-0.1967,-0.18827,-0.31074,-0.91066,-0.49,0.81,0.13,0.3256,0.19347,0.17062,-0.90964,-0.47,0.77,0.09,0.3256,0.19347,0.17062,-0.90964,-0.51,0.79,0.11,0.40955,0.23538,-0.58035,-0.66337,-0.54,0.8,0.13,0.14114,0.01646,-0.55757,-0.81788,-0.54,0.8,0.16,-0.09733,-0.11029,-0.60575,-0.78194,-0.54,0.8,0.18,-0.09733,-0.11029,-0.60575,-0.78194,-0.5,0.79,0.11,0.3256,0.19347,0.17062,-0.90964,-0.52,0.84,0.15,-0.01814,0.19744,0.07606,-0.97719,-0.53,0.84,0.18,-0.54973,0.21438,-0.01918,-0.80714,-0.54,0.81,0.19,-0.74092,0.17592,-0.07104,-0.64424,-0.54,0.79,0.19,-0.74092,0.17592,-0.07104,-0.64424,-0.48,0.79,0.11,0.3256,0.19347,0.17062,-0.90964,-0.5,0.83,0.15,0.03178,0.20511,0.13481,-0.96889,-0.51,0.84,0.19,-0.34059,0.24153,0.05939,-0.90672,-0.52,0.82,0.21,-0.48523,0.23302,0.07696,-0.83925,-0.54,0.8,0.22,-0.48523,0.23302,0.07696,-0.83925,-0.47,0.79,0.12,0.3256,0.19347,0.17062,-0.90964,-0.48,0.82,0.16,0.09037,0.18502,0.20369,-0.95714,-0.49,0.83,0.2,-0.30458,0.26463,0.15081,-0.90247,-0.51,0.82,0.21,-0.49248,0.31315,0.112,-0.80427,-0.52,0.8,0.22,-0.49248,0.31315,0.112,-0.80427,-0.46,0.78,0.13,0.23454,0.13016,0.39565,-0.87836,-0.46,0.81,0.16,0.14526,0.16281,0.29633,-0.92983,-0.47,0.82,0.19,-0.3159,0.27248,0.25996,-0.87085,-0.48,0.81,0.21,-0.48942,0.36545,0.20595,-0.76452,-0.5,0.8,0.21,-0.48942,0.36545,0.20595,-0.76452,-0.6,0.8,0.21
60,-0.64,0.82,0.13,0.27485,-0.08748,-0.14396,-0.94661,-0.65,0.78,0.07,0.27485,-0.08748,-0.14396,-0.94661,-0.61,0.8,0.1,0.38515,-0.26743,0.52826,-0.70787,-0.59,0.81,0.12,0.08657,-0.05451,0.51982,-0.84813,-0.58,0.81,0.15,-0.09533,0.01538,0.58721,-0.80365,-0.58,0.81,0.18,-0.09533,0.01538,0.58721,-0.80365,-0.62,0.8,0.1,0.27485,-0.08748,-0.14396,-0.94661,-0.62,0.84,0.15,0.04089,-0.05449,-0.11136,-0.99144,-0.61,0.84,0.19,-0.32337,-0.09494,-0.10952,-0.93511,-0.61,0.82,0.21,-0.48909,-0.08621,-0.09939,-0.86225,-0.6,0.81,0.22,-0.48909,-0.08621,-0.09939,-0.86225,-0.64,0.8,0.1,0.27485,-0.08748,-0.14396,-0.94661,-0.64,0.83,0.15,0.04599,-0.05935,-0.15791,-0.9846,-0.63,0.84,0.2,-0.30763,-0.11209,-0.1391,-0.93459,-0.63,0.82,0.22,-0.43113,-0.11654,-0.17705,-0.87704,-0.62,0.81,0.23,-0.43113,-0.11654,-0.17705,-0.87704,-0.66,0.79,0.11,0.27485,-0.08748,-0.14396,-0.94661,-0.66,0.82,0.15,0.12607,-0.05243,-0.2065,-0.96887,-0.65,0.83,0.19,-0.22766,-0.13644,-0.21198,-0.94054,-0.64,0.82,0.21,-0.38066,-0.19568,-0.20399,-0.88045,-0.63,0.81,0.23,-0.38066,-0.19568,-0.20399,-0.88045,-0.66,0.79,0.11,0.21042,-0.01138,-0.37232,-0.90387,-0.67,0.81,0.15,0.17837,-0.06687,-0.27339,-0.94285,-0.67,0.82,0.18,-0.11838,-0.12761,-0.3055,-0.93615,-0.66,0.82,0.2,-0.21141,-0.20793,-0.29291,-0.90899,-0.65,0.81,0.22,-0.21141,-0.20793,-0.29291,-0.90899,-0.49,0.81,0.14,0.31336,0.19555,0.17366,-0.91291,-0.47,0.77,0.09,0.31336,0.19555,0.17366,-0.91291,-0.51,0.79,0.11,0.41456,0.26433,-0.56482,-0.66276,-0.54,0.79,0.13,0.14379,0.04979,-0.55346,-0.81886,-0.54,0.8,0.16,-0.11925,-0.09869,-0.60537,-0.78075,-0.54,0.8,0.18,-0.11925,-0.09869,-0.60537,-0.78075,-0.5,0.79,0.11,0.31336,0.19555,0.17366,-0.91291,-0.52,0.83,0.15,-0.05829,0.1997,0.07362,-0.97535,-0.53,0.83,0.18,-0.57627,0.21412,-0.02047,-0.78844,-0.54,0.81,0.19,-0.76055,0.17539,-0.07272,-0.6209,-0.54,0.79,0.19,-0.76055,0.17539,-0.07272,-0.6209,-0.48,0.79,0.12,0.31336,0.19555,0.17366,-0.91291,-0.5,0.83,0.16,0.01774,0.20586,0.13774,-0.96868,-0.51,0.84,0.2,-0.30178,0.23929,0.07541,-0.91977,-0.53,0.82,0.22,-0.40366,0.23271,0.10118,-0.87902,-0.54,0.81,0.23,-0.40366,0.23271,0.10118,-0.87902,-0.47,0.79,0.12,0.31336,0.19555,0.17366,-0.91291,-0.48,0.82,0.16,0.09649,0.18084,0.21032,-0.9559,-0.49,0.83,0.2,-0.23391,0.25242,0.17508,-0.92245,-0.51,0.82,0.22,-0.37718,0.30172,0.15019,-0.86264,-0.52,0.81,0.23,-0.37718,0.30172,0.15019,-0.86264,-0.46,0.78,0.13,0.22177,0.12923,0.39752,-0.88096,-0.46,0.8,0.17,0.16026,0.15091,0.30267,-0.92733,-0.47,0.82,0.19,-0.23061,0.24512,0.28799,-0.89655,-0.48,0.81,0.21,-0.34593,0.32845,0.25838,-0.84005,-0.5,0.8,0.22,-0.34593,0.32845,0.25838,-0.84005,-0.6,0.8,0.21
